{"type":"FeatureCollection","features":[{"type":"Feature","properties":{"county_id":"65000","district_id":"65000260","village_id":"65000260004","county":"新北市","district":"貢寮區","village":"龍崗里","boundary_release":"1150817","identity_status":"named_village","population_join_status":"location_context_only"},"geometry":{"type":"Polygon","coordinates":[[[121.91102036100007,25.018712652000037],[121.91065600000002,25.018175000000042],[121.91046300000005,25.01774700000004],[121.91038000000003,25.017445000000066],[121.91043436800011,25.01678210400007],[121.90972909000006,25.01496567200007],[121.9094989890001,25.014832453000057],[121.90862702100003,25.01474767700006],[121.90770661000009,25.014747674000034],[121.90731906900011,25.014687120000076],[121.90711318900004,25.01457812300003],[121.90696786000002,25.01446912500006],[121.90672565000011,25.01386358900004],[121.90656821300001,25.01368192800004],[121.90631389100008,25.01316116600003],[121.90632600400012,25.012870509000038],[121.90647133400012,25.01250718800003],[121.90767635300007,25.01107812800006],[121.90834244300002,25.010000279000053],[121.90866943500009,25.009297859000068],[121.90896009500013,25.00834111500006],[121.9091235940001,25.007602359000032],[121.90955958200004,25.006839385000035],[121.90972913600001,25.00620962700003],[121.90988657700008,25.00594319200007],[121.91029834000005,25.00553143000008],[121.911588133,25.003993381000043],[121.9118061260001,25.00383594400006],[121.9132351830001,25.003133541000068],[121.91384071800009,25.002733897000034],[121.91576631200007,25.001801403000055],[121.91671094100002,25.001801417000024],[121.91744969200012,25.001534982000063],[121.91767373900005,25.001353322000057],[121.91774640400003,25.00122010500007],[121.91778273700005,25.000917340000058],[121.9177464080001,25.00040869100007],[121.91779485600011,24.999451937000064],[121.9180794670001,24.998131850000046],[121.9183095740001,24.997489973000025],[121.91852756900003,24.99706609200007],[121.9189877780001,24.996351551000032],[121.9201322460001,24.994365372000058],[121.92042290600013,24.993699277000072],[121.92060457000002,24.993057402000026],[121.92054401900009,24.992887849000052],[121.92012014900003,24.99237919000007],[121.91958728800012,24.991628310000063],[121.91895148700007,24.990962205000073],[121.91847917700012,24.990526208000063],[121.91777676400011,24.990259760000075],[121.91730445300004,24.98999331500005],[121.91707435500005,24.989557320000063],[121.91697747600006,24.98906077200007],[121.91607524500012,24.988128217000053],[121.91592991700008,24.988055550000073],[121.91569981900012,24.987704328000056],[121.91543338900011,24.987425772000048],[121.91493686300011,24.986553777000037],[121.91416180300007,24.98466445700006],[121.91408308800011,24.984192129000068],[121.9141194240001,24.983986245000036],[121.91486423800006,24.982133297000072],[121.91544555400003,24.980885896000075],[121.91560299600008,24.98026824600004],[121.91567255900007,24.979407458000033],[121.91481726200004,24.97933135900007],[121.91420260500003,24.978723432000034],[121.91404761200012,24.978644033000023],[121.9128464150001,24.978411714000057],[121.91248093500009,24.978291871000067],[121.91206517800005,24.978006665000063],[121.91162078100001,24.97733814800005],[121.91106890500009,24.97702867000004],[121.91084852800009,24.97677015500005],[121.91077066900004,24.976447569000065],[121.91077617200006,24.975952947000053],[121.91065448300004,24.975315846000058],[121.91050609000001,24.974927749000077],[121.9104217150001,24.974831235000067],[121.91025034700012,24.97474951100003],[121.91006124400008,24.974758426000054],[121.90973452600008,24.974994392000042],[121.90932598300004,24.975097094000034],[121.90858284100013,24.975761671000047],[121.90826466300007,24.975863227000037],[121.90770252800006,24.97575144500007],[121.90742234100003,24.977458311000074],[121.90728911900008,24.977966967000047],[121.90681679800002,24.978826833000024],[121.90637475500012,24.979468702000073],[121.90553910500013,24.981139997000067],[121.90484879100006,24.982036196000017],[121.904776125,24.98222997000004],[121.90472767700011,24.982702297000056],[121.90454601500004,24.982992956000032],[121.90425535700001,24.98324728300003],[121.90345605200004,24.983707487000057],[121.90283234900005,24.98419191500005],[121.90203303900012,24.985003338000066],[121.90148805400007,24.985717879000042],[121.90039807600012,24.987473957000077],[121.90036174100011,24.98777673200004],[121.90038595500006,24.98829750600004],[121.90045861300007,24.98870928000002],[121.90084613600004,24.990089940000075],[121.90073713100004,24.990828710000066],[121.9002890150001,24.99287545700002],[121.90022845600002,24.993408337000062],[121.90033744900006,24.993686890000046],[121.90137894700001,24.99522499200003],[121.90165748700008,24.99574576600003],[121.9016574850001,24.99589109700003],[121.90131838000002,24.99647241700006],[121.90050695700006,24.997501837000073],[121.89749136900002,25.00083232000003],[121.89655278500004,25.00174063000003],[121.8956929220001,25.002394614000025],[121.89477250400013,25.00323025900008],[121.89435467900012,25.00413857300003],[121.89278027000012,25.00664551600005],[121.89251383000011,25.007226836000026],[121.89216261000001,25.008498475000067],[121.89212750700005,25.00919923900005],[121.89234000000012,25.00947800000006],[121.89259200000005,25.00970100000006],[121.89273100000004,25.00974500000006],[121.89280100000008,25.009541000000066],[121.8928380000001,25.009118000000058],[121.89306900000007,25.008958000000067],[121.89397000000008,25.008588000000028],[121.89420600000007,25.008588000000035],[121.89448500000003,25.008958000000064],[121.89478600000007,25.010120000000033],[121.89474300000005,25.010574000000073],[121.89533600000006,25.011687000000045],[121.89533800000004,25.011891000000052],[121.89527900000009,25.012066000000058],[121.89514200000008,25.012234000000035],[121.894855,25.012324000000035],[121.89462200000003,25.012178000000063],[121.89427600000012,25.012064000000063],[121.89386300000001,25.01180600000003],[121.89380400000006,25.01169000000004],[121.89382600000012,25.011481000000064],[121.89353300000005,25.01122100000003],[121.89336700000001,25.011174000000036],[121.89330800000005,25.010946000000047],[121.89311200000009,25.01067900000004],[121.89323000000003,25.010557000000066],[121.89330300000006,25.010363000000037],[121.89327600000003,25.01021700000006],[121.89318200000004,25.01013400000005],[121.89308000000007,25.010175000000057],[121.8929730000001,25.010353000000062],[121.89267101700011,25.01063983800003],[121.89266518400008,25.01116285400008],[121.89256829500003,25.011526177000064],[121.89214441700007,25.012277047000055],[121.89094545000012,25.01366979100004],[121.89048524100008,25.014287443000057],[121.89023091400009,25.014674989000067],[121.8897970180001,25.015673465000066],[121.88986104700005,25.015753981000046],[121.88991725800008,25.016001537000022],[121.8900651040001,25.016119638000077],[121.89028881700007,25.01618772100005],[121.89095879000001,25.016228357000045],[121.8911284500001,25.01635129100003],[121.89113867700007,25.016410747000062],[121.89382171500006,25.01624939100003],[121.89471790500012,25.016285724000056],[121.89810889000012,25.01675804400003],[121.89975594100008,25.016915482000055],[121.90237184600005,25.017036593000054],[121.90266250200011,25.017157700000038],[121.90319537100004,25.017521022000036],[121.90347391600005,25.017811679000033],[121.90374035000002,25.017981230000032],[121.90386145600007,25.018380883000074],[121.90426110700002,25.018695762000043],[121.90473342300004,25.018792648000044],[121.90563566800006,25.019095415000034],[121.9060595420001,25.01919230200008],[121.90626542300005,25.01918019100004],[121.90723427900002,25.01871998400003],[121.90745227200011,25.01867154100006],[121.90768237400005,25.018671542000043],[121.90797303000011,25.018756317000058],[121.90907510200009,25.01880476000002],[121.9102377260001,25.01878053700005],[121.91102036100007,25.018712652000037]]]}},{"type":"Feature","properties":{"county_id":"65000","district_id":"65000260","village_id":"65000260006","county":"新北市","district":"貢寮區","village":"福隆里","boundary_release":"1150817","identity_status":"named_village","population_join_status":"location_context_only"},"geometry":{"type":"Polygon","coordinates":[[[121.97224135500005,25.016033345000036],[121.970724,25.015166000000075],[121.97016700000007,25.014466000000027],[121.97009700000002,25.01408600000007],[121.970413,25.013770000000022],[121.97092800000007,25.013865000000063],[121.97136300000012,25.013503000000068],[121.9718620000001,25.013284000000056],[121.9721350000001,25.01327000000003],[121.97243000000003,25.01299700000004],[121.9725910000001,25.012589000000048],[121.97363754300012,25.01238209000007],[121.973642401,25.011440767000067],[121.97384125300005,25.010406724000056],[121.97402306200003,25.008997700000073],[121.97441508500005,25.00521378200005],[121.97452871300004,25.00332750500007],[121.97445485100002,25.00138441200005],[121.97438667100005,25.000952615000077],[121.97402873300007,25.000100382000024],[121.97351739400005,24.999350417000077],[121.97267652400001,24.998305010000028],[121.97210837000011,24.99744141400003],[121.97179588499999,24.99666872300003],[121.9713527240001,24.994771081000067],[121.97073343500006,24.993134794000067],[121.97015391600007,24.992078024000023],[121.96949485700009,24.99108943200002],[121.96898351700007,24.990589457000052],[121.96879034400001,24.990453099000028],[121.96850626600009,24.990373558000044],[121.967779027,24.990294018000036],[121.96606319500006,24.990282658000066],[121.96537004400011,24.99035083600006],[121.963801933,24.990419017000075],[121.96349513000008,24.99039629100002],[121.96295538100001,24.990112214000078],[121.96148953800001,24.98915771300005],[121.96040751700004,24.988279455000058],[121.96004792800011,24.988427989000055],[121.95986505500004,24.98840881100006],[121.95955811200008,24.98819936500007],[121.9592307280001,24.98788781200005],[121.9587474210001,24.98773491400004],[121.95823632600003,24.987349656000045],[121.95808825700011,24.98728891800004],[121.95734608600002,24.98765530400004],[121.95684581800003,24.987988450000046],[121.95613647200003,24.98797746400004],[121.95601436500012,24.988006469000027],[121.95568638000009,24.98824961300005],[121.95525327700011,24.988335629000066],[121.95479097700002,24.98835738200006],[121.95436227600011,24.988258418000047],[121.95364310200011,24.988320977000054],[121.95327423100001,24.988034647000067],[121.95306115100006,24.987989191000054],[121.9529038180001,24.98803320000007],[121.95258587300009,24.98826597900006],[121.95247889900008,24.98829952500006],[121.95217638800011,24.988260024000056],[121.95187351600009,24.98811368500003],[121.951042787,24.988344190000078],[121.95038506000003,24.98832387200002],[121.9501779740001,24.988187650000047],[121.94993245800003,24.987867700000038],[121.94962294600009,24.98762144100004],[121.94907398400005,24.987352741000052],[121.94874527800005,24.987018053000043],[121.9481231640001,24.986724258000038],[121.94789744000002,24.986662737000078],[121.94728655600012,24.98670547000006],[121.94633500600004,24.986969541000057],[121.94581117300004,24.98778860400006],[121.944839837,24.98816643700007],[121.94464081900003,24.988178372000053],[121.94393070900003,24.987939879000063],[121.9437511650001,24.987749595000025],[121.94362976100001,24.987262416000085],[121.94297895600005,24.987958891000062],[121.94242186600003,24.988673422000033],[121.94224020600008,24.988988300000067],[121.94209487900004,24.989557503000068],[121.94207065800003,24.989836049000072],[121.94211910000003,24.990368920000037],[121.94226442800003,24.991144006000074],[121.94225837200008,24.992003866000054],[121.94273068800008,24.99351770200008],[121.94280335200007,24.99392946700004],[121.94277913100007,24.994329119000042],[121.94263380300004,24.994765104000066],[121.94234920200006,24.99512842400003],[121.94216754300008,24.995455411000027],[121.94211910000003,24.995673404000062],[121.94222809600001,24.99631527000002],[121.9420827680001,24.996424266000076],[121.94196166200003,24.99666648000004],[121.94193744000007,24.996860251000044],[121.94211910000003,24.997211461000063],[121.94219176400009,24.997477897000064],[121.942179655,24.998277203000043],[121.94240975700006,24.998858516000038],[121.94243397900004,24.99907650800003],[121.94187688700005,24.999706263000064],[121.94154990000004,24.99994847600004],[121.94116841300003,25.00014224600005],[121.94018745000007,25.00050556300004],[121.9396424700001,25.00084466000004],[121.93943658900004,25.001098984000066],[121.93936392400009,25.00137752900002],[121.93934575900003,25.001752958000058],[121.93941842200003,25.002334269000073],[121.93935786800012,25.002794474000044],[121.93890977400008,25.003363674000063],[121.93846167800008,25.00381176600006],[121.93791669800011,25.004223527000082],[121.93751704600004,25.00436885500005],[121.93672985100011,25.004550512000034],[121.9359789880001,25.00478061400003],[121.93548245000011,25.005168153000053],[121.93506463100003,25.006149115000028],[121.93438643100001,25.007408620000028],[121.93419266000002,25.00765083300007],[121.93385355900011,25.008377470000028],[121.93381722700008,25.00864390400005],[121.93328435500005,25.009382646000056],[121.93244871800005,25.010181948000028],[121.93191584800002,25.01054526800004],[121.93186740500005,25.010763259000047],[121.9319037360001,25.011029691000033],[121.93247293600007,25.012119639000048],[121.93266670700007,25.01228918800007],[121.9329210310001,25.01272516600005],[121.9331390210001,25.013875670000054],[121.93341756400002,25.016116124000064],[121.93317534900007,25.01662476900003],[121.93266670000004,25.017411963000026],[121.93258798000012,25.01760573400002],[121.93262431300003,25.01781161400003],[121.9327817510001,25.018102270000043],[121.93285441500005,25.01847769900007],[121.93287863600005,25.019277002000024],[121.93275752900001,25.019809870000074],[121.93243054000003,25.02027007600003],[121.93222465800011,25.020415405000055],[121.93203088700012,25.020657619000076],[121.93183711600011,25.021178378000062],[121.93176445100006,25.02165069200004],[121.93182500400009,25.02217145000003],[121.93197203500006,25.022817733000068],[121.93264853000007,25.02277697700003],[121.93441063600005,25.02277697700004],[121.9375957530001,25.02264377000006],[121.93885526700001,25.022546888000072],[121.93988467600002,25.022401564000056],[121.94119263400012,25.021977696000082],[121.94273674900012,25.02123896000006],[121.94403259600006,25.020560780000036],[121.94514678300004,25.01990681700005],[121.94593398000006,25.019591951000045],[121.94629730100007,25.019749392000055],[121.94718818500006,25.021045530000038],[121.94996553900012,25.020459350000063],[121.94993080800009,25.020759699000052],[121.9498346810001,25.020886714000017],[121.94986338800005,25.021007157000042],[121.94981133400006,25.021168746000054],[121.949737678,25.021391058000063],[121.94963026000005,25.021495208000033],[121.94967030200007,25.021612244000035],[121.94978615900004,25.02167210100004],[121.94988315900002,25.021691793000063],[121.94997291900007,25.02158757600006],[121.95002774100011,25.021616304000073],[121.95006026900012,25.021517596000017],[121.95022325100003,25.02145336300003],[121.95030357700013,25.02122941900006],[121.95039079000003,25.021136330000044],[121.950573684,25.02120512500005],[121.95056846500007,25.02133154400007],[121.95073242100011,25.02139368800005],[121.95080083300003,25.021271380000027],[121.95095856200008,25.02132905100006],[121.95094028400003,25.021408158000042],[121.95104116600008,25.021441366000037],[121.95109733600009,25.021377815000044],[121.9511981820001,25.02140650900003],[121.9512225650001,25.021316079000034],[121.95115294900006,25.02124204700004],[121.95115860200006,25.021172048000043],[121.95166940400009,25.021324505000045],[121.95162671100002,25.021489531000043],[121.9517905460001,25.021535877000073],[121.95188363600006,25.02136150300003],[121.9523628070001,25.021507391000057],[121.95222725300005,25.021876129000077],[121.95201938500009,25.02182103600006],[121.95203778400003,25.021757726000036],[121.95187372500003,25.021722666000077],[121.95184303100005,25.02179733900004],[121.95151511900008,25.021713675000058],[121.95155772600002,25.02153736700006],[121.95150708400003,25.02147449800003],[121.95143773300002,25.02147494100006],[121.95123139600003,25.021618443000015],[121.95034903500004,25.02142322000003],[121.95026627300001,25.021678740000027],[121.95040877300006,25.021704254000042],[121.95052739000005,25.021643725000047],[121.95065207200003,25.02168185600004],[121.95060348000004,25.02196496200003],[121.94994260000011,25.022112720000045],[121.9500100570001,25.02238460300003],[121.95072131100005,25.02223002200003],[121.95085449700002,25.02188291200002],[121.95177653600003,25.02213589900003],[121.95180068900004,25.022045380000062],[121.95190780100006,25.022073049000028],[121.95214434100002,25.022235240000043],[121.95229813700007,25.022221791000046],[121.95248232200004,25.022142985000073],[121.95278449500007,25.02229500400006],[121.95315248100009,25.022332386000073],[121.95483640200005,25.022339167000045],[121.95501384300009,25.02246795100007],[121.95497697900011,25.02259513200005],[121.955061322,25.022648059000055],[121.95532889200001,25.022497281000028],[121.95545309600004,25.022717703000065],[121.95600455300006,25.022359523000027],[121.95870766300003,25.022963951000065],[121.96088318400008,25.022989367000037],[121.96486619300003,25.02468257800007],[121.96692588200006,25.023922234000047],[121.96759566500009,25.023984898000037],[121.96776608500011,25.024133127000027],[121.96833152700003,25.024210267000054],[121.96846664500003,25.024296450000065],[121.96856504000004,25.024442261000047],[121.96890261100008,25.024455697000064],[121.96916810900007,25.02472027100003],[121.96932200000003,25.023687000000052],[121.96942100000003,25.023675000000022],[121.96946400000002,25.023616000000064],[121.96952800000008,25.02324500000003],[121.96984700000007,25.022464000000067],[121.97029900000005,25.02247300000005],[121.97175510700004,25.022635676000046],[121.97197769900005,25.022201623000054],[121.97223905200008,25.021144855000042],[121.9723242780001,25.020144902000023],[121.97225610100007,25.019360849000062],[121.97198338800001,25.018588160000036],[121.9719833900001,25.01814499900007],[121.97211119400004,25.01716899200005],[121.97246800000006,25.017154000000062],[121.97282500000007,25.01705400000003],[121.97293499999999,25.016777000000044],[121.97285400000011,25.016570000000055],[121.9725400000001,25.016420000000036],[121.97224135500005,25.016033345000036]]]}},{"type":"Feature","properties":{"county_id":"65000","district_id":"65000260","village_id":"65000260009","county":"新北市","district":"貢寮區","village":"福連里","boundary_release":"1150817","identity_status":"named_village","population_join_status":"location_context_only"},"geometry":{"type":"Polygon","coordinates":[[[121.96603614100002,24.983081258000023],[121.96523473100002,24.984128586000047],[121.96496098700005,24.984538797000024],[121.96484835300011,24.984847719000076],[121.96468129700007,24.985079847000062],[121.96406099000001,24.985551513000075],[121.9638024730001,24.98599957700002],[121.96335515700002,24.987036692000054],[121.96304889700002,24.987549112000067],[121.96290558000011,24.987704303000044],[121.96262097100009,24.98782992200006],[121.9617651860001,24.987949709000077],[121.96150823000006,24.98804543800003],[121.9610751570001,24.988292975000025],[121.96073200800002,24.98821786100006],[121.96040751700004,24.988279455000058],[121.96148953800001,24.98915771300005],[121.96295538100001,24.990112214000078],[121.96349513000008,24.99039629100002],[121.963801933,24.990419017000075],[121.96537004400011,24.99035083600006],[121.96606319500006,24.990282658000066],[121.967779027,24.990294018000036],[121.96850626600009,24.990373558000044],[121.96879034400001,24.990453099000028],[121.96898351700007,24.990589457000052],[121.96949485700009,24.99108943200002],[121.96974484400006,24.991430327000042],[121.97029027300006,24.992305286000033],[121.9705402620001,24.992839352000036],[121.97073343500006,24.993134794000067],[121.9713527240001,24.994771081000067],[121.97179588499999,24.99666872300003],[121.9719322420001,24.997055068000062],[121.97210837000011,24.99744141400003],[121.97267652400001,24.998305010000028],[121.97351739400005,24.999350417000077],[121.97402873300007,25.000100382000024],[121.97438667100005,25.000952615000077],[121.97445485100002,25.00138441200005],[121.97452871300004,25.00332750500007],[121.97441508500005,25.00521378200005],[121.97402306200003,25.008997700000073],[121.97384125300005,25.010406724000056],[121.973642401,25.011440767000067],[121.97363754300012,25.01238209000007],[121.9725910000001,25.012589000000048],[121.97243000000003,25.01299700000004],[121.9721350000001,25.01327000000003],[121.9718620000001,25.013284000000056],[121.97136300000012,25.013503000000068],[121.97092800000007,25.013865000000063],[121.970413,25.013770000000022],[121.97009700000002,25.01408600000007],[121.97016700000007,25.014466000000027],[121.970724,25.015166000000075],[121.97224600000004,25.016036000000042],[121.9725400000001,25.016420000000036],[121.97285400000011,25.016570000000055],[121.97293499999999,25.016777000000044],[121.97282500000007,25.01705400000003],[121.97246800000006,25.017154000000062],[121.97211119400004,25.01716899200005],[121.9719833900001,25.01814499900007],[121.97198338800001,25.018588160000036],[121.97225610100007,25.019360849000062],[121.9723242780001,25.020144902000023],[121.97229586900004,25.020690331000026],[121.97206860400001,25.021940271000066],[121.97175510700004,25.022635676000046],[121.97029900000005,25.02247300000005],[121.96984700000007,25.022464000000067],[121.96952800000008,25.02324500000003],[121.96946400000002,25.023616000000064],[121.96942100000003,25.023675000000022],[121.96932200000003,25.023687000000052],[121.96916810900007,25.02472027100003],[121.96993315500005,25.025482658000044],[121.97365109300006,25.026561501000064],[121.97567732400013,25.026758490000077],[121.97788958900001,25.026612844000056],[121.98039891200006,25.02574823200007],[121.98302084100011,25.02491732900006],[121.9879981690001,25.022333575000058],[121.99016814800007,25.021060033000033],[121.99228615900005,25.01647074600004],[121.9914545470001,25.014969852000036],[121.99118320400011,25.01295396900002],[121.99156332000008,25.012793536000054],[121.99173384400001,25.013014246000065],[121.99166156000001,25.013305191000022],[121.99176287900002,25.01337466700005],[121.99183278300006,25.013623477000067],[121.99206528000002,25.013704834000063],[121.99266200500004,25.013753245000036],[121.99264051000011,25.01392674300007],[121.99276412900008,25.014106323000078],[121.99300245100007,25.01428188700004],[121.9931798450001,25.01424765300004],[121.99393453900005,25.016019632000056],[121.9962658830001,25.018379551000063],[121.99634440200009,25.01878450300006],[121.9964467320001,25.018805772000064],[121.9965242610001,25.01889383000002],[121.99662616400008,25.018862182000078],[121.99702263100006,25.018944951000034],[121.99721529200008,25.019090916000028],[121.99743342900001,25.01943763200006],[121.99763299300002,25.019487045000062],[121.99765134700012,25.020275880000042],[121.99758396000006,25.02054501600002],[121.99762790000011,25.02069406400005],[121.99776832600003,25.02075760200006],[121.99790794900002,25.02054783400007],[121.9978309180001,25.020176166000052],[121.99786060500003,25.019924515000067],[121.99801956600004,25.019426311000075],[121.99816598000008,25.01944158700007],[121.9981788860001,25.019664344000038],[121.99825804700005,25.019792473000056],[121.99837222500004,25.019721742000055],[121.99841684100012,25.019619315000057],[121.99851633300011,25.019602677000023],[121.99859254900002,25.019679186000072],[121.998848629,25.019520460000024],[121.99896330200012,25.019522127000076],[121.99911531300008,25.019613123000052],[121.99916834100007,25.019448628000077],[121.99927195300008,25.019314739000034],[121.99919876100013,25.018953446000072],[121.99930560300004,25.018916085000058],[121.99939919400003,25.018958057000074],[121.99949214900005,25.018911572000032],[121.9995543440001,25.018617272000025],[121.99961928500011,25.01853187800003],[121.99974292200012,25.01844896700004],[121.99990861400012,25.018422766000075],[122.00072515700003,25.016436785000053],[122.00130247400013,25.015435505000028],[122.00142529100005,25.015332657000044],[122.0014459590001,25.01523030900006],[122.00162071500006,25.015334942000035],[122.00205880600005,25.015422039000036],[122.00212578800006,25.015275857000052],[122.00169256200002,25.01516455200004],[122.00159627900008,25.01510198900007],[122.00165349300006,25.014991362000035],[122.0017816630001,25.014934436000033],[122.00181919800002,25.014805616000046],[122.00281598300012,25.01443144700005],[122.00260198400008,25.014880444000024],[122.00274741500004,25.01494620600005],[122.00293346,25.014527094000073],[122.00310558100013,25.014437727000026],[122.00343152400002,25.014532329000076],[122.00357845200007,25.014631468000058],[122.00389619200007,25.014974154000072],[122.00413699200011,25.01549422400006],[122.00466847900009,25.015599080000072],[122.00487636300011,25.015576116000034],[122.00500310500001,25.01566500200005],[122.00510966200011,25.01558285300007],[122.00516592100007,25.01535513400006],[122.0051378930001,25.015144028000062],[122.00522448400011,25.01508837300003],[122.00528766700006,25.014928412000078],[122.00523593100002,25.01475640000007],[122.00544453200008,25.014832201000043],[122.00616712300007,25.015374747000063],[122.00633867300007,25.015386422000063],[122.00635176700007,25.015287555000043],[122.00627772800009,25.01515704000008],[122.0061193260001,25.015053467000026],[122.00604751200001,25.01488509300003],[122.00577900100006,25.014717808000054],[122.0056465460001,25.014528993000052],[122.00549864000004,25.01448050400006],[122.00531206300002,25.01430930600003],[122.00559147700007,25.014238814000066],[122.00545718900003,25.013984562000072],[122.00524030300005,25.01380436100004],[122.00522346600007,25.013572524000036],[122.00508336800009,25.013378079000063],[122.00518539500001,25.013362576000077],[122.00524350200011,25.01321177600005],[122.00522815400006,25.013012058000072],[122.00551486900007,25.012562570000053],[122.00598100200011,25.012520869000067],[122.00606839000011,25.012403281000047],[122.005868727,25.011998940000066],[122.00591902700012,25.011812614000064],[122.006066496,25.011465006000037],[122.00626967900008,25.011316834000066],[122.0065032670001,25.01102841500005],[122.00663430100008,25.011012721000043],[122.00685588700004,25.011148194000047],[122.00712597700011,25.011530195000034],[122.00733500400008,25.01166909200003],[122.00735223900007,25.011788427000052],[122.00750273400003,25.01185422000003],[122.0075006170001,25.011734800000056],[122.00739254900009,25.01161019600005],[122.00736833400003,25.01140595100003],[122.00725801300007,25.01131586300005],[122.00726484000005,25.011040164000065],[122.00717174700004,25.010897140000058],[122.00692681500004,25.010845699000072],[122.0068028290001,25.010622522000062],[122.00662513000009,25.01045696300002],[122.00661701500009,25.01021242600007],[122.00655932200004,25.010081793000044],[122.00633781500005,25.009784527000075],[122.00608015400007,25.009543649000022],[122.00603223300003,25.009378562000048],[122.00623872500012,25.009336000000076],[122.0062758570001,25.009249708000027],[122.00624470800005,25.009126947000023],[122.00584406700011,25.008637741000022],[122.00633489500002,25.008529250000038],[122.00647627100011,25.008559446000042],[122.00669693400005,25.008732761000033],[122.0068629320001,25.008675565000043],[122.00697771900003,25.00869213900006],[122.0070617780001,25.008637757000027],[122.00694594900007,25.00848333300007],[122.00694890000013,25.008021656000036],[122.00637059900009,25.00790438700005],[122.00600126100007,25.007898393000065],[122.00595276000003,25.007993971000072],[122.0058268140001,25.008011975000045],[122.00568251500012,25.007762376000077],[122.00571864800008,25.007008860000038],[122.00559275200008,25.006690275000043],[122.00572587600003,25.006449476000054],[122.00573742100005,25.006310530000068],[122.00556170400013,25.00623794600005],[122.00548812300008,25.006012178000052],[122.00529870400011,25.005790445000052],[122.00539542200012,25.00557517000004],[122.00542827700009,25.005073127000053],[122.00531494800009,25.00449107200006],[122.00599431800003,25.003321857000053],[122.00516143000004,25.001547406000043],[122.00358806100007,25.001998143000037],[122.00171151900008,25.001732184000048],[121.99852051500011,25.00106128500005],[121.99668131200008,25.00076097500005],[121.99579022900002,25.00012251800007],[121.99573649000003,25.00001488900006],[121.99573460700003,24.99992298500007],[121.99602362500003,24.99962735700007],[121.99606304200006,24.999499686000032],[121.99588711000001,24.999397302000038],[121.99567956400006,24.99945935600004],[121.99555921500007,24.99937961900003],[121.99532587800002,24.99953709600004],[121.9951873990001,24.99956087100003],[121.99486965800008,24.999484611000064],[121.99446164000007,24.999197133000056],[121.99272840900007,24.997392035000072],[121.99065826900005,24.995725023000027],[121.98929934800003,24.993747390000063],[121.98599164200004,24.99211946700006],[121.98388441400004,24.990555171000043],[121.98092363400008,24.991079957000068],[121.97754351800008,24.99006771400008],[121.97607525600007,24.988808561000045],[121.97566010700008,24.98766062100003],[121.9756494510001,24.987459800000064],[121.97553765900012,24.98738513600006],[121.97474712100006,24.985291984000067],[121.97221645400009,24.985361536000024],[121.97219249300008,24.98526535200005],[121.97226189600006,24.984855443000068],[121.97213656900011,24.984659523000055],[121.97196487700012,24.984593283000038],[121.97184867500003,24.984974509000036],[121.97172540600002,24.985081407000052],[121.971444614,24.98473200200004],[121.97122265300003,24.984735789000066],[121.97116062600003,24.984640665000025],[121.97105973500004,24.984611055000073],[121.97094119100007,24.984612381000034],[121.9707309280001,24.984732213000026],[121.97064829000011,24.98492514600002],[121.97047820100012,24.98497943800004],[121.97041326400006,24.985075374000072],[121.96995366600005,24.984959713000023],[121.96984896200001,24.984985854000055],[121.96911916600004,24.984870135000047],[121.96772168500003,24.98481705900003],[121.96762354800002,24.98445121500003],[121.96758905100012,24.983802806000032],[121.96744740500003,24.98366078500004],[121.96750100800013,24.983442673000066],[121.96743266600002,24.983344068000065],[121.96753078700011,24.98327047600003],[121.96759600500002,24.983126865000035],[121.96744462300002,24.98308702800006],[121.96740874000012,24.982887363000025],[121.96732276100012,24.982800337000068],[121.96730487600007,24.98269707700007],[121.96714206700005,24.98264801600004],[121.9669457020001,24.982758517000036],[121.96694411100009,24.982628891000047],[121.96679610300009,24.982455846000054],[121.96669669100004,24.98253180100005],[121.96634380900002,24.98305233900004],[121.96621548500002,24.983150140000074],[121.96608863200002,24.98314401200002],[121.96603614100002,24.983081258000023]]]}},{"type":"Feature","properties":{"county_id":"65000","district_id":"65000260","village_id":"65000260003","county":"新北市","district":"貢寮區","village":"雙玉里","boundary_release":"1150817","identity_status":"named_village","population_join_status":"location_context_only"},"geometry":{"type":"Polygon","coordinates":[[[121.91969243900009,25.024591402000052],[121.91996258900008,25.024557302000055],[121.92035013000009,25.02471473900005],[121.92044701500004,25.024932729000053],[121.92048334800006,25.025865252000077],[121.9206286750001,25.02611957500005],[121.92081033700005,25.026264902000033],[121.92135531700002,25.02654344500007],[121.92227572800005,25.026737212000057],[121.92265115900013,25.026725101000068],[121.92320825,25.026567659000026],[121.923511017,25.026361776000037],[121.92380167300007,25.025998454000046],[121.92438298500008,25.025453472000034],[121.92484319100004,25.025199145000038],[121.92513384600011,25.025162812000072],[121.92529128600006,25.025187032000073],[121.92638730400004,25.02571989800003],[121.9266174070001,25.02574411700004],[121.92684751,25.02565934200004],[121.92847034300009,25.02429082800006],[121.92884577400002,25.024048615000023],[121.92925753800013,25.023709514000075],[121.9296693010001,25.02346730000005],[121.9305533810001,25.023007091000068],[121.9310256990001,25.02288598200005],[121.93197203500006,25.022817733000068],[121.93182500400009,25.02217145000003],[121.93176445100006,25.02165069200004],[121.93183711600011,25.021178378000062],[121.93203088700012,25.020657619000076],[121.93222465800011,25.020415405000055],[121.93243054000003,25.02027007600003],[121.93275752900001,25.019809870000074],[121.93287863600005,25.019277002000024],[121.93285441500005,25.01847769900007],[121.9327817510001,25.018102270000043],[121.93262431300003,25.01781161400003],[121.93258798000012,25.01760573400002],[121.93266670000004,25.017411963000026],[121.93317534900007,25.01662476900003],[121.93341756400002,25.016116124000064],[121.9331390210001,25.013875670000054],[121.9329210310001,25.01272516600005],[121.93266670700007,25.01228918800007],[121.93247293600007,25.012119639000048],[121.9319037360001,25.011029691000033],[121.93186740500005,25.010763259000047],[121.93191584800002,25.01054526800004],[121.93244871800005,25.010181948000028],[121.93328435500005,25.009382646000056],[121.93381722700008,25.00864390400005],[121.93385355900011,25.008377470000028],[121.93419266000002,25.00765083300007],[121.93438643100001,25.007408620000028],[121.93506463100003,25.006149115000028],[121.93548245000011,25.005168153000053],[121.9359789880001,25.00478061400003],[121.93672985100011,25.004550512000034],[121.93751704600004,25.00436885500005],[121.93791669800011,25.004223527000082],[121.93846167800008,25.00381176600006],[121.93890977400008,25.003363674000063],[121.93935786800012,25.002794474000044],[121.93941842200003,25.002334269000073],[121.93934575900003,25.001752958000058],[121.93936392400009,25.00137752900002],[121.93943658900004,25.001098984000066],[121.9396424700001,25.00084466000004],[121.94018745000007,25.00050556300004],[121.94116841300003,25.00014224600005],[121.94154990000004,24.99994847600004],[121.94187688700005,24.999706263000064],[121.94243397900004,24.99907650800003],[121.94240975700006,24.998858516000038],[121.942179655,24.998277203000043],[121.94219176400009,24.997477897000064],[121.94211910000003,24.997211461000063],[121.94193744000007,24.996860251000044],[121.94196166200003,24.99666648000004],[121.9420827680001,24.996424266000076],[121.94222809600001,24.99631527000002],[121.94211910000003,24.995673404000062],[121.94216754300008,24.995455411000027],[121.94234920200006,24.99512842400003],[121.94263380300004,24.994765104000066],[121.94277913100007,24.994329119000042],[121.94280335200007,24.99392946700004],[121.94273068800008,24.99351770200008],[121.94225837200008,24.992003866000054],[121.94226442800003,24.991144006000074],[121.94211910000003,24.990368920000037],[121.94207065800003,24.989836049000072],[121.94209487900004,24.989557503000068],[121.94224020600008,24.988988300000067],[121.94242186600003,24.988673422000033],[121.94297895600005,24.987958891000062],[121.94362976100001,24.987262416000085],[121.94329533500002,24.98670297800004],[121.94301457500002,24.98638425800004],[121.94274458900009,24.986272292000024],[121.94232371500004,24.98624795400008],[121.94185272000004,24.985928513000033],[121.9414366740001,24.98583983700007],[121.941074447,24.985645359000042],[121.94086299500009,24.985329917000055],[121.94072890400003,24.98479148100006],[121.94056424400003,24.984528786000055],[121.94042034600011,24.984445251000064],[121.9400246350001,24.98440821500003],[121.93942644100004,24.984475022000026],[121.9392188490001,24.984558182000058],[121.93883935300006,24.984848504000077],[121.93871977000005,24.984878632000054],[121.93843195900001,24.98470809900004],[121.93809820800004,24.984360778000056],[121.93760541600011,24.98316489000006],[121.93749156200012,24.98302270000005],[121.93705449000005,24.983046628000068],[121.9363486100001,24.983310088000046],[121.93596966500003,24.98338787500006],[121.93492397000011,24.98337293000003],[121.93461112100009,24.98324610300006],[121.93445456800009,24.983144216000024],[121.93435929700003,24.982905480000056],[121.934268168,24.982395647000036],[121.93396982400009,24.98131879400006],[121.9338824460001,24.98118113700008],[121.93349979300001,24.98089708600003],[121.93311681600007,24.98088568200006],[121.93285736600001,24.980999203000067],[121.93219035200003,24.981151021000073],[121.93147808200001,24.98113406800007],[121.93061838000006,24.98103431900006],[121.93002354900011,24.980768481000037],[121.9294475570001,24.980595617000063],[121.92904050800007,24.980409195000043],[121.92890069400006,24.980257535000074],[121.92856077500007,24.979678712000062],[121.92850281000005,24.979647656000054],[121.92841202900001,24.979664750000033],[121.92794660000003,24.979963693000062],[121.92677400400008,24.98017107400005],[121.92657886200004,24.979848346000036],[121.9263432580001,24.979677049000035],[121.92429996700002,24.979372616000038],[121.92402020100008,24.979252897000034],[121.92326547000003,24.97875959700007],[121.92274368900009,24.97860054800003],[121.92230245600001,24.978604568000037],[121.92165931700002,24.97884470200006],[121.92148648800003,24.978983353000043],[121.92098797500012,24.97962995100005],[121.92081770700008,24.97971809300003],[121.92052912100009,24.97959722100006],[121.92000494700004,24.979288959000026],[121.91916080600005,24.978703717000027],[121.91898688700007,24.978643807000026],[121.9187889210001,24.978688294000047],[121.91838905600001,24.97896433900007],[121.91818729500007,24.979026039000072],[121.9173239380001,24.978796516000045],[121.91666543400004,24.979291401000072],[121.9164245290001,24.979421901000023],[121.91625051400001,24.979473308000028],[121.91567255900007,24.979407458000033],[121.91560299600008,24.98026824600004],[121.91544555400003,24.980885896000075],[121.91486423800006,24.982133297000072],[121.9141194240001,24.983986245000036],[121.91408308800011,24.984192129000068],[121.91416180300007,24.98466445700006],[121.91493686300011,24.986553777000037],[121.91543338900011,24.987425772000048],[121.91569981900012,24.987704328000056],[121.91592991700008,24.988055550000073],[121.91607524500012,24.988128217000053],[121.91697747600006,24.98906077200007],[121.91707435500005,24.989557320000063],[121.91730445300004,24.98999331500005],[121.91777676400011,24.990259760000075],[121.91847917700012,24.990526208000063],[121.91895148700007,24.990962205000073],[121.91958728800012,24.991628310000063],[121.92012014900003,24.99237919000007],[121.92054401900009,24.992887849000052],[121.92060457000002,24.993057402000026],[121.92058034800003,24.99322695400008],[121.9201322460001,24.994365372000058],[121.9189877780001,24.996351551000032],[121.91852756900003,24.99706609200007],[121.9183095740001,24.997489973000025],[121.9180794670001,24.998131850000046],[121.91779485600011,24.999451937000064],[121.9177464080001,25.00040869100007],[121.91778273700005,25.000917340000058],[121.91774640400003,25.00122010500007],[121.91767373900005,25.001353322000057],[121.91744969200012,25.001534982000063],[121.91671094100002,25.001801417000024],[121.91576631200007,25.001801403000055],[121.91384071800009,25.002733897000034],[121.9132351830001,25.003133541000068],[121.9118061260001,25.00383594400006],[121.911588133,25.003993381000043],[121.91029834000005,25.00553143000008],[121.90988657700008,25.00594319200007],[121.90972913600001,25.00620962700003],[121.90955958200004,25.006839385000035],[121.9091235940001,25.007602359000032],[121.90896009500013,25.00834111500006],[121.90866943500009,25.009297859000068],[121.90834244300002,25.010000279000053],[121.90767635300007,25.01107812800006],[121.90647133400012,25.01250718800003],[121.90632600400012,25.012870509000038],[121.90631389100008,25.01316116600003],[121.90656821300001,25.01368192800004],[121.90672565000011,25.01386358900004],[121.90696786000002,25.01446912500006],[121.90711318900004,25.01457812300003],[121.90731906900011,25.014687120000076],[121.90770661000009,25.014747674000034],[121.90862702100003,25.01474767700006],[121.9094989890001,25.014832453000057],[121.90972909000006,25.01496567200007],[121.91043436800011,25.01678210400007],[121.91038000000003,25.017445000000066],[121.91065600000002,25.018175000000042],[121.91209100000002,25.02036900000007],[121.91296800000008,25.02121500000004],[121.91403100000004,25.021835000000067],[121.9141330000001,25.022056000000074],[121.91415100000005,25.022246000000052],[121.91376500000003,25.022632000000044],[121.91319400000009,25.023522000000067],[121.91234400000008,25.023974000000063],[121.90790400000003,25.02500400000002],[121.90745100000005,25.025060000000053],[121.90710000000001,25.026025000000065],[121.90738400000009,25.027376000000064],[121.90733900000009,25.027858000000027],[121.90532100000007,25.02931800000005],[121.9049540000001,25.029449000000056],[121.9036480000001,25.030254000000067],[121.90170300000011,25.031724000000047],[121.90091700000006,25.032796000000072],[121.89967000000001,25.035182000000077],[121.8988330000001,25.036349000000023],[121.89874200000008,25.037039000000053],[121.89889000000007,25.03833700000007],[121.89919948800002,25.03888226900005],[121.89988477500003,25.039309459000034],[121.90070356000001,25.039576451000073],[121.90162914100004,25.039603148000026],[121.90278611600002,25.03933615000005],[121.902928513,25.039353949000027],[121.90341800400007,25.03979003900002],[121.90401429400004,25.040475323000067],[121.90466398300008,25.041018209000068],[121.90531367100003,25.041392000000034],[121.9057141630001,25.04152549500003],[121.90683999000011,25.04167678900006],[121.90769437200004,25.041703487000063],[121.90806349900005,25.041551365000036],[121.90853619200004,25.041197415000056],[121.90899639800011,25.040725096000074],[121.90912961500011,25.040507104000024],[121.90962009600003,25.040107449000057],[121.90977753400013,25.039925789000048],[121.90991075000011,25.039647242000058],[121.91011662900009,25.038860047000068],[121.91009240700009,25.038278734000073],[121.91012873900002,25.038169738000075],[121.91040728300004,25.03783063900005],[121.91045572400003,25.03740676400003],[121.90997734500002,25.035142068000024],[121.90990467900008,25.034403316000066],[121.91032249400007,25.03284103600003],[121.91040726800009,25.03209017500006],[121.9105162640001,25.031811628000067],[121.9109885800001,25.031133428000032],[121.91127923500007,25.030406787000057],[121.91147300600005,25.030104019000078],[121.91256902100008,25.02900194400007],[121.91305344800004,25.028420630000028],[121.91357420800011,25.028033087000036],[121.913736846,25.02785840100006],[121.91413800000011,25.027724000000035],[121.91421600000001,25.02761700000008],[121.91408700000011,25.027099000000074],[121.91413800000011,25.026946000000066],[121.91428800000006,25.026805000000017],[121.91454881300002,25.026265431000066],[121.91491000000008,25.025938000000053],[121.91524000000003,25.025765000000032],[121.91545800000006,25.02545100000003],[121.9155780000001,25.025145000000066],[121.91564800000005,25.025087000000045],[121.9158440000001,25.02468100000004],[121.91617100000008,25.024713000000077],[121.91627000000005,25.02468600000003],[121.9163940000001,25.02456900000004],[121.91665400000011,25.024630000000055],[121.916783,25.024618000000032],[121.91720400000008,25.024380000000065],[121.91735900000003,25.024207000000047],[121.9178310000001,25.024154000000063],[121.91813300000003,25.023463000000046],[121.91969243900009,25.024591402000052]]]}},{"type":"Feature","properties":{"county_id":"65000","district_id":"65000260","village_id":"65000260005","county":"新北市","district":"貢寮區","village":"龍門里","boundary_release":"1150817","identity_status":"named_village","population_join_status":"location_context_only"},"geometry":{"type":"Polygon","coordinates":[[[121.91969243900009,25.024591402000052],[121.91813300000003,25.023463000000046],[121.9178310000001,25.024154000000063],[121.91735900000003,25.024207000000047],[121.91720400000008,25.024380000000065],[121.916783,25.024618000000032],[121.91665400000011,25.024630000000055],[121.9163940000001,25.02456900000004],[121.91627000000005,25.02468600000003],[121.91617100000008,25.024713000000077],[121.9158440000001,25.02468100000004],[121.91564800000005,25.025087000000045],[121.9155780000001,25.025145000000066],[121.91545800000006,25.02545100000003],[121.91524000000003,25.025765000000032],[121.91491000000008,25.025938000000053],[121.91454881300002,25.026265431000066],[121.91428800000006,25.026805000000017],[121.91413800000011,25.026946000000066],[121.91408700000011,25.027099000000074],[121.91421600000001,25.02761700000008],[121.91413800000011,25.027724000000035],[121.913736846,25.02785840100006],[121.91357420800011,25.028033087000036],[121.91305344800004,25.028420630000028],[121.91256902100008,25.02900194400007],[121.91147300600005,25.030104019000078],[121.91127923500007,25.030406787000057],[121.9109885800001,25.031133428000032],[121.9105162640001,25.031811628000067],[121.91040726800009,25.03209017500006],[121.91032249400007,25.03284103600003],[121.90990467900008,25.034403316000066],[121.90997734500002,25.035142068000024],[121.91045572400003,25.03740676400003],[121.91040728300004,25.03783063900005],[121.91012873900002,25.038169738000075],[121.91009240700009,25.038278734000073],[121.91011662900009,25.038860047000068],[121.90991075000011,25.039647242000058],[121.90977753400013,25.039925789000048],[121.90962009600003,25.040107449000057],[121.90912961500011,25.040507104000024],[121.90899639800011,25.040725096000074],[121.90853619200004,25.041197415000056],[121.90806349900005,25.041551365000036],[121.909901524,25.04088469800007],[121.91100064900003,25.040315106000033],[121.91163253500008,25.03991461400005],[121.91320779700004,25.038579636000062],[121.91497885600008,25.037573952000056],[121.91649627300002,25.036906460000072],[121.91794693900012,25.03654156200003],[121.9201629920001,25.036434757000045],[121.92372736400011,25.03650594500004],[121.9254895260001,25.036470340000044],[121.9263973080001,25.036541538000055],[121.92691349800009,25.036675034000037],[121.92777678200004,25.036977627000056],[121.93000619100006,25.037832009000056],[121.93087133600011,25.03835364100007],[121.93205785700002,25.035855285000032],[121.93455590900011,25.03235870400005],[121.9367220360001,25.030196542000056],[121.93933682600004,25.027690691000036],[121.94224929200004,25.024636647000023],[121.94475350500011,25.022609817000042],[121.9471098250001,25.021062068000045],[121.94718818500006,25.021045530000038],[121.94629730100007,25.019749392000055],[121.94593398000006,25.019591951000045],[121.94514678300004,25.01990681700005],[121.94403259600006,25.020560780000036],[121.94273674900012,25.02123896000006],[121.94119263400012,25.021977696000082],[121.93988467600002,25.022401564000056],[121.93885526700001,25.022546888000072],[121.9375957530001,25.02264377000006],[121.93441063600005,25.02277697700004],[121.93264853000007,25.02277697700003],[121.9310256990001,25.02288598200005],[121.9305533810001,25.023007091000068],[121.92925753800013,25.023709514000075],[121.92815546400003,25.024545154000066],[121.92684751,25.02565934200004],[121.9266174070001,25.02574411700004],[121.92638730400004,25.02571989800003],[121.92529128600006,25.025187032000073],[121.92513384600011,25.025162812000072],[121.92484319100004,25.025199145000038],[121.92438298500008,25.025453472000034],[121.92380167300007,25.025998454000046],[121.923511017,25.026361776000037],[121.92320825,25.026567659000026],[121.92265115900013,25.026725101000068],[121.92227572800005,25.026737212000057],[121.92135531700002,25.02654344500007],[121.92081033700005,25.026264902000033],[121.9206286750001,25.02611957500005],[121.92048334800006,25.025865252000077],[121.92044701500004,25.024932729000053],[121.92035013000009,25.02471473900005],[121.91996258900008,25.024557302000055],[121.91969243900009,25.024591402000052]]]}},{"type":"Feature","properties":{"county_id":"65000","district_id":"65000260","village_id":"65000260001","county":"新北市","district":"貢寮區","village":"貢寮里","boundary_release":"1150817","identity_status":"named_village","population_join_status":"location_context_only"},"geometry":{"type":"Polygon","coordinates":[[[121.89883459600004,25.038882270000045],[121.89919948800002,25.03888226900005],[121.89889000000007,25.03833700000007],[121.89874200000008,25.037039000000053],[121.8988330000001,25.036349000000023],[121.89967000000001,25.035182000000077],[121.90091700000006,25.032796000000072],[121.90170300000011,25.031724000000047],[121.9036480000001,25.030254000000067],[121.9049540000001,25.029449000000056],[121.90532100000007,25.02931800000005],[121.90733900000009,25.027858000000027],[121.90738400000009,25.027376000000064],[121.90710000000001,25.026025000000065],[121.90745100000005,25.025060000000053],[121.90790400000003,25.02500400000002],[121.91234400000008,25.023974000000063],[121.91319400000009,25.023522000000067],[121.91376500000003,25.022632000000044],[121.91415100000005,25.022246000000052],[121.9141330000001,25.022056000000074],[121.91403100000004,25.021835000000067],[121.91296800000008,25.02121500000004],[121.91209100000002,25.02036900000007],[121.91102036100007,25.018712652000037],[121.9102377260001,25.01878053700005],[121.90907510200009,25.01880476000002],[121.90797303000011,25.018756317000058],[121.90768237400005,25.018671542000043],[121.90745227200011,25.01867154100006],[121.90723427900002,25.01871998400003],[121.90626542300005,25.01918019100004],[121.9060595420001,25.01919230200008],[121.90563566800006,25.019095415000034],[121.90473342300004,25.018792648000044],[121.90426110700002,25.018695762000043],[121.90386145600007,25.018380883000074],[121.90374035000002,25.017981230000032],[121.90347391600005,25.017811679000033],[121.90319537100004,25.017521022000036],[121.90266250200011,25.017157700000038],[121.90237184600005,25.017036593000054],[121.89975594100008,25.016915482000055],[121.89810889000012,25.01675804400003],[121.89471790500012,25.016285724000056],[121.89382171500006,25.01624939100003],[121.89113867700007,25.016410747000062],[121.89114711700007,25.01719177600006],[121.89082229100006,25.018292568000042],[121.89059493400009,25.018477354000023],[121.8896623060001,25.019018319000047],[121.8882454940001,25.01921561800003],[121.88817012100002,25.019335044000062],[121.88813886300012,25.01953353300007],[121.8882777990001,25.019929326000064],[121.88819655200007,25.020701373000062],[121.888306466,25.020844491000048],[121.88850321100007,25.02094744200007],[121.88944508500003,25.020936895000034],[121.88971777300003,25.020999722000052],[121.88986590800005,25.021157496000054],[121.89009182500001,25.02153294200007],[121.89028005300008,25.021968104000052],[121.89033798800006,25.02228242700005],[121.89052003200004,25.022613519000068],[121.89104504600004,25.023193678000034],[121.891595187,25.024044074000066],[121.89203703300008,25.02442343900003],[121.89251878600011,25.024677970000027],[121.89302499000009,25.02473565600007],[121.89319418200013,25.024270537000067],[121.89332305200001,25.02419837100007],[121.89342142700002,25.024247765000037],[121.89378559900003,25.024629929000074],[121.8938932420001,25.024879195000036],[121.89385676400003,25.025261402000066],[121.89342961400007,25.026493933000037],[121.89286337300008,25.027498738000077],[121.89219043000004,25.028252454000036],[121.89213316200006,25.028468793000055],[121.89217374500004,25.028661327000062],[121.89241248100006,25.029043765000036],[121.8930732770001,25.029882362000023],[121.89350711300007,25.03061441600005],[121.89399269800003,25.031075623000042],[121.89421084800006,25.03142418500004],[121.8942291620001,25.03179178800008],[121.89405902500005,25.032769477000052],[121.89406068300002,25.033001522000063],[121.89466590200004,25.03366002700005],[121.89488703300002,25.034306905000047],[121.89520110100013,25.03490836600002],[121.89531301400008,25.035720285000025],[121.89569661700011,25.03664370200005],[121.89588703000003,25.03750136800005],[121.89627818100007,25.038304156000034],[121.896651184,25.038919536000034],[121.89677687200003,25.03926265500007],[121.89781111900004,25.039006869000048],[121.89883459600004,25.038882270000045]]]}},{"type":"Feature","properties":{"county_id":"65000","district_id":"65000260","village_id":"65000260007","county":"新北市","district":"貢寮區","village":"仁里里","boundary_release":"1150817","identity_status":"named_village","population_join_status":"location_context_only"},"geometry":{"type":"Polygon","coordinates":[[[121.92615831400008,25.053638105000054],[121.92629832000013,25.05370872300006],[121.9273800000001,25.05273500000004],[121.92898400000003,25.051580000000055],[121.92926000000013,25.05195000000004],[121.92961700000001,25.052135000000078],[121.92979100000004,25.05213200000003],[121.92981800000007,25.052207000000067],[121.9296710000001,25.052234000000055],[121.92961400000003,25.05229200000002],[121.92955900000004,25.052833000000074],[121.92979526000012,25.053104699000066],[121.93056194000009,25.052988870000036],[121.9304045220001,25.052814527000063],[121.93018589600001,25.052316400000052],[121.93028957500009,25.05225272000007],[121.93029304200003,25.052147059000045],[121.93014725900002,25.051913479000067],[121.92989526400005,25.05165420700007],[121.92976071900013,25.05134750700006],[121.92954784300002,25.050200949000036],[121.92967928200007,25.049890606000076],[121.92968116600002,25.049703598000068],[121.92951085000006,25.049269173000024],[121.92936400400005,25.049210404000064],[121.92906973800007,25.047624980000027],[121.92895358300008,25.04623537900005],[121.92909573100007,25.04617878100003],[121.92917629300007,25.04607417100004],[121.92923277000011,25.045852514000043],[121.9293272450001,25.04577201100005],[121.92956716200001,25.045881947000055],[121.92965920900008,25.04582665500004],[121.92977883500009,25.045643974000033],[121.92988847800008,25.04558071700006],[121.93023048700002,25.045622648000062],[121.93030483700012,25.045529632000072],[121.93028291400003,25.045251757000067],[121.93036090200009,25.045109326000045],[121.93010751700001,25.044462147000043],[121.93018678400006,25.044348437000057],[121.93037339000013,25.044247143000064],[121.9304035660001,25.044149519000023],[121.93012788400006,25.043791694000046],[121.929496459,25.04351129700006],[121.92952908000008,25.043390737000035],[121.92977139600008,25.04341676300004],[121.93011813600005,25.043248648000034],[121.93000822400006,25.043143235000063],[121.92981528200005,25.04320547800006],[121.92951345200004,25.043079599000063],[121.92936226200004,25.043194571000072],[121.9290821500001,25.043242085000024],[121.92895845900011,25.04318480200004],[121.92887997300012,25.043028818000032],[121.92899568000007,25.042824307000046],[121.92901691000007,25.04268882300005],[121.92899462600008,25.04217448000002],[121.93019713600007,25.04214071300003],[121.93033327200011,25.042068172000032],[121.9301905860001,25.041996015000052],[121.92955221300008,25.04204514000002],[121.92940815800011,25.041964946000064],[121.92953683300004,25.04192235300007],[121.92999864200009,25.041895269000065],[121.93036683600006,25.04176620700002],[121.93026834400008,25.041712378000057],[121.9295604660001,25.041724826000063],[121.92952751400004,25.04161349600003],[121.92968644700012,25.04157306800004],[121.93017856100003,25.041587322000055],[121.93026927100004,25.041506859000034],[121.93004440900006,25.041343018000074],[121.92947401600007,25.04128870300007],[121.92916620300004,25.041369438000064],[121.92905132300007,25.041309926000046],[121.92906860400001,25.041082548000073],[121.92896291600005,25.040995352000042],[121.92918649700005,25.040633510000077],[121.92923293200012,25.04046926100005],[121.92944312400004,25.04017619200005],[121.9295361510001,25.03981272800007],[121.9307567390001,25.038594938000074],[121.93087133600011,25.03835364100007],[121.93000619100006,25.037832009000056],[121.92777678200004,25.036977627000056],[121.92691349800009,25.036675034000037],[121.9263973080001,25.036541538000055],[121.9254895260001,25.036470340000044],[121.92372736400011,25.03650594500004],[121.9201629920001,25.036434757000045],[121.91794693900012,25.03654156200003],[121.91649627300002,25.036906460000072],[121.91497885600008,25.037573952000056],[121.91320779700004,25.038579636000062],[121.91163253500008,25.03991461400005],[121.91100064900003,25.040315106000033],[121.909901524,25.04088469800007],[121.90806349900005,25.041551365000036],[121.90888741000003,25.043038238000065],[121.90922651300002,25.04381332100007],[121.90919623700005,25.044031313000062],[121.90900246700005,25.044370413000024],[121.9080820600001,25.045315050000053],[121.90787617900004,25.045678370000076],[121.90782773700005,25.045956916000023],[121.90787618200011,25.046271793000074],[121.90809417600009,25.046623003000033],[121.90859071500006,25.047010544000045],[121.90879660000009,25.047737185000067],[121.90889954500005,25.048645487000044],[121.90914176100011,25.04909358200006],[121.90990473900003,25.050195652000067],[121.91018328900009,25.050898071000063],[121.91054056000009,25.052193915000032],[121.91117031900001,25.052714673000025],[121.91132775800007,25.05277522700004],[121.9118606310001,25.05318698900004],[121.91259938500004,25.053550308000073],[121.91325336300008,25.053683524000064],[121.91409235800008,25.053712002000054],[121.91461800000002,25.053393000000025],[121.91550900000006,25.05351000000007],[121.916828,25.053529000000022],[121.9186410000001,25.052693000000033],[121.91843216700012,25.05560667300005],[121.9201270000001,25.055570000000042],[121.9221980000001,25.05509900000004],[121.92326000000004,25.054938000000046],[121.92491800000006,25.054219000000046],[121.92532500000004,25.054278000000064],[121.92558300000006,25.054462000000054],[121.92615831400008,25.053638105000054]]]}},{"type":"Feature","properties":{"county_id":"65000","district_id":"65000260","village_id":"65000260008","county":"新北市","district":"貢寮區","village":"真理里","boundary_release":"1150817","identity_status":"named_village","population_join_status":"location_context_only"},"geometry":{"type":"Polygon","coordinates":[[[121.9307557840001,25.05986292900007],[121.93029952300004,25.059957750000017],[121.93020497900011,25.059947058000034],[121.92991398000005,25.059759301000042],[121.92964381600007,25.059828701000068],[121.92935219000003,25.059516818000073],[121.92923273100008,25.05952885000005],[121.92909554100004,25.05969446100005],[121.92900754900006,25.059731122000073],[121.9281876770001,25.059517330000062],[121.92784759800008,25.05947431800007],[121.92774602800012,25.059353080000054],[121.92788552300011,25.058670629000062],[121.927847347,25.058618958000068],[121.92775308000013,25.058603749000042],[121.92764587700005,25.058597648000042],[121.92757078600006,25.05866131000005],[121.92750119000004,25.059413290000066],[121.92703571000004,25.059456820000033],[121.92597770800012,25.05937088800005],[121.92576221600008,25.059149190000024],[121.92569089400001,25.058873903000062],[121.92571351600009,25.058587136000025],[121.92590756000006,25.05840312000004],[121.9264646360001,25.058020487000075],[121.9267921180001,25.058036500000068],[121.92680557900007,25.057973222000044],[121.92544397300004,25.05783275900006],[121.92563071100004,25.056759572000033],[121.92671541300003,25.05702137700007],[121.92677806000005,25.056991647000075],[121.92706972100008,25.056445915000037],[121.92744204100006,25.056576748000055],[121.92720722200012,25.057185317000062],[121.9268797110001,25.057124168000023],[121.92685496500009,25.05716946100005],[121.92710743800002,25.057301041000066],[121.92719655100007,25.05741333000003],[121.92740474100005,25.05750456100003],[121.92705657400006,25.058073215000032],[121.92704549600012,25.058247066000035],[121.92711455800008,25.058246633000063],[121.92711364100012,25.05812476700003],[121.92746197600003,25.057578682000035],[121.9279168490001,25.056950682000032],[121.92814757300006,25.056703239000058],[121.92830472700008,25.056679688000038],[121.92880251500004,25.056732998000026],[121.92919224900004,25.056667367000042],[121.92970196300007,25.056659664000048],[121.92948079700011,25.05821378800004],[121.92960047400004,25.05823109400006],[121.9298854120001,25.056796185000056],[121.93002959400008,25.05673660300005],[121.93042016300002,25.05678155100003],[121.93111720600007,25.056970680000063],[121.93132922500001,25.05632325800007],[121.9313324960001,25.056169471000025],[121.9312515590001,25.056103157000056],[121.93079507600011,25.05606321900007],[121.93067133500007,25.056013152000045],[121.93079744900002,25.05564550700006],[121.93079520900007,25.055377267000036],[121.93157280400011,25.054108415000027],[121.93056194000009,25.052988870000036],[121.92979526000012,25.053104699000066],[121.92955900000004,25.052833000000074],[121.92961400000003,25.05229200000002],[121.9296710000001,25.052234000000055],[121.92981800000007,25.052207000000067],[121.92979100000004,25.05213200000003],[121.92961700000001,25.052135000000078],[121.92926000000013,25.05195000000004],[121.92898400000003,25.051580000000055],[121.9273800000001,25.05273500000004],[121.92629832000013,25.05370872300006],[121.92615831400008,25.053638105000054],[121.92558300000006,25.054462000000054],[121.92532500000004,25.054278000000064],[121.92491800000006,25.054219000000046],[121.92326000000004,25.054938000000046],[121.9221980000001,25.05509900000004],[121.9201270000001,25.055570000000042],[121.91797600000007,25.055592000000047],[121.91762500000004,25.055653000000063],[121.91742438100003,25.055913338000032],[121.91848520100008,25.056929181000044],[121.91939350500002,25.057631601000026],[121.91976894000004,25.058128139000075],[121.91991426900006,25.058467237000055],[121.91999904600006,25.05879422700008],[121.91996271500012,25.059072772000032],[121.9196357290001,25.059581422000065],[121.91949040200006,25.059956855000056],[121.91938746300004,25.060429173000042],[121.9194116860001,25.061010487000036],[121.91949646300007,25.061494914000036],[121.91944802000012,25.061652353000053],[121.91912103400011,25.062039896000034],[121.91851550100012,25.062378997000053],[121.91815218200009,25.062463772000065],[121.91642035200005,25.06236688900003],[121.91585114900012,25.06240322300005],[121.91556049200005,25.062584883000056],[121.91494890600005,25.06352952000003],[121.91471880300004,25.06369906900006],[121.91430704000004,25.064256163000035],[121.91418593500009,25.064595262000065],[121.9140284990001,25.065503566000075],[121.91389528300012,25.065794222000022],[121.91371362200003,25.066000105000057],[121.9131202000001,25.06648453500003],[121.91247833300008,25.06693263200003],[121.91235117000006,25.067102183000028],[121.91180618900013,25.068228480000077],[121.91153975400006,25.068616024000054],[121.91112799100006,25.069100453000026],[121.91091359600011,25.069280997000075],[121.9112082150001,25.06942134000008],[121.91155240400009,25.069679482000023],[121.91182010700004,25.06996630600002],[121.91260409300003,25.070492149000074],[121.91330203200005,25.070568634000036],[121.91393304500002,25.070549512000067],[121.91436328000007,25.07063555800005],[121.91455449700003,25.070721605000074],[121.91469790900011,25.070865017000074],[121.91496561200006,25.07235650400003],[121.9152428760001,25.073073564000026],[121.91598861900002,25.07470846200005],[121.91665627800013,25.075974235000043],[121.91985277800006,25.07629881300005],[121.92078621100006,25.075304226000075],[121.92250752000007,25.074374719000044],[121.92374012800008,25.07317384300006],[121.92448812200008,25.072658352000072],[121.9254981270001,25.07203921400003],[121.92673486300009,25.071795075000065],[121.92845616000012,25.07086560200003],[121.92814736100003,25.06881660700002],[121.92911708700002,25.06754840800005],[121.92956524400005,25.067102385000055],[121.93016184800003,25.066279832000077],[121.93068145600012,25.06497920900006],[121.93171728800009,25.06312116100002],[121.93142530900003,25.06291089200004],[121.93125570500001,25.062861754000036],[121.9312910110001,25.062707051000075],[121.93142895800008,25.062490943000057],[121.93139311200004,25.062332698000038],[121.93165727200005,25.06214704300004],[121.93168602100003,25.06205520600003],[121.9316563660001,25.061861370000027],[121.93151495600011,25.061821635000054],[121.93126951600004,25.06155851300002],[121.93151280200004,25.061543906000058],[121.9314759240001,25.06144535700002],[121.9315393490001,25.061180056000072],[121.93171575100007,25.06114283900007],[121.93178739400003,25.061069157000073],[121.93174160800004,25.060970584000074],[121.93133632900002,25.060783693000076],[121.93098853300012,25.06084905600005],[121.93081786400012,25.06110664600004],[121.93070428200008,25.06105995400003],[121.93084152300003,25.06061767200003],[121.9308783470001,25.060326165000046],[121.93134331800002,25.060229448000026],[121.9313428280001,25.060097431000028],[121.93104606700003,25.05994580500004],[121.93084816900011,25.059972766000048],[121.9307557840001,25.05986292900007]]]}},{"type":"Feature","properties":{"county_id":"65000","district_id":"65000260","village_id":"65000260010","county":"新北市","district":"貢寮區","village":"美豐里","boundary_release":"1150817","identity_status":"named_village","population_join_status":"location_context_only"},"geometry":{"type":"Polygon","coordinates":[[[121.89906574800013,25.082349578000052],[121.90006273200005,25.08176053000005],[121.89960800000006,25.08096400000005],[121.89965700000005,25.080599000000056],[121.89935100000002,25.078097000000074],[121.8995440000001,25.07714700000002],[121.90030000000002,25.076627000000023],[121.9008450000001,25.07608100000005],[121.90182700000003,25.07529600000004],[121.90234700000006,25.075129000000054],[121.90313500000003,25.074392000000046],[121.90330200000005,25.07435100000004],[121.90355400000011,25.074412000000052],[121.90412300000001,25.074358000000068],[121.90421100000003,25.07437800000002],[121.90444700000013,25.07455800000002],[121.90464000000007,25.074570000000044],[121.90480100000002,25.074477000000055],[121.90480600000002,25.073919000000046],[121.90491900000006,25.073875000000044],[121.90530000000001,25.073933000000064],[121.90547200000003,25.07389400000005],[121.90570800000013,25.073972000000023],[121.90582600000006,25.073880000000035],[121.90575100000002,25.07337400000006],[121.90583600000002,25.073064000000045],[121.90614800000003,25.07258200000007],[121.90633000000001,25.07240800000005],[121.90659800000003,25.072262000000027],[121.90696800000002,25.072116000000044],[121.90725800000007,25.072082000000016],[121.90785100000005,25.072152000000074],[121.90822600000001,25.072461000000033],[121.90871400000003,25.072614000000044],[121.90958100000013,25.072461000000033],[121.90994000000002,25.072740000000064],[121.91042800800005,25.07251500200004],[121.9103831850001,25.071607373000063],[121.91044373800003,25.070880729000063],[121.91060723100009,25.07010564300003],[121.910897889,25.06929422500008],[121.91112799100006,25.069100453000026],[121.91180618900013,25.068228480000077],[121.91235117000006,25.067102183000028],[121.91247833300008,25.06693263200003],[121.9131202000001,25.06648453500003],[121.91371362200003,25.066000105000057],[121.91389528300012,25.065794222000022],[121.9140284990001,25.065503566000075],[121.91418593500009,25.064595262000065],[121.91430704000004,25.064256163000035],[121.91471880300004,25.06369906900006],[121.91494890600005,25.06352952000003],[121.91556049200005,25.062584883000056],[121.91585114900012,25.06240322300005],[121.91642035200005,25.06236688900003],[121.91815218200009,25.062463772000065],[121.91851550100012,25.062378997000053],[121.91912103400011,25.062039896000034],[121.91944802000012,25.061652353000053],[121.91949646300007,25.061494914000036],[121.9194116860001,25.061010487000036],[121.91938746300004,25.060429173000042],[121.91949040200006,25.059956855000056],[121.9196357290001,25.059581422000065],[121.91996271500012,25.059072772000032],[121.91999904600006,25.05879422700008],[121.91976894000004,25.058128139000075],[121.91939350500002,25.057631601000026],[121.91848520100008,25.056929181000044],[121.91742438100003,25.055913338000032],[121.91762500000004,25.055653000000063],[121.91797600000007,25.055592000000047],[121.91843200000005,25.055609000000064],[121.9186410000001,25.052693000000033],[121.916828,25.053529000000022],[121.91550900000006,25.05351000000007],[121.91461800000002,25.053393000000025],[121.91409235800008,25.053712002000054],[121.91325336300008,25.053683524000064],[121.91259938500004,25.053550308000073],[121.91216339800009,25.053356538000063],[121.9118606310001,25.05318698900004],[121.91132775800007,25.05277522700004],[121.91117031900001,25.052714673000025],[121.91054056000009,25.052193915000032],[121.91018328900009,25.050898071000063],[121.90990473900003,25.050195652000067],[121.90914176100011,25.04909358200006],[121.90889954500005,25.048645487000044],[121.90879660000009,25.047737185000067],[121.90859071500006,25.047010544000045],[121.90809417600009,25.046623003000033],[121.90787618200011,25.046271793000074],[121.90782773700005,25.045956916000023],[121.90787617900004,25.045678370000076],[121.9080820600001,25.045315050000053],[121.90900246700005,25.044370413000024],[121.90919623700005,25.044031313000062],[121.90922651300002,25.04381332100007],[121.90888741000003,25.043038238000065],[121.90806349900005,25.041551365000036],[121.90769437200004,25.041703487000063],[121.90683999000011,25.04167678900006],[121.9057141630001,25.04152549500003],[121.90531367100003,25.041392000000034],[121.90466398300008,25.041018209000068],[121.90401429400004,25.040475323000067],[121.90341800400007,25.03979003900002],[121.902928513,25.039353949000027],[121.90278611600002,25.03933615000005],[121.90162914100004,25.039603148000026],[121.90070356000001,25.039576451000073],[121.89988477500003,25.039309459000034],[121.89919948800002,25.03888226900005],[121.89883459600004,25.038882270000045],[121.89781111900004,25.039006869000048],[121.89677687200003,25.03926265500007],[121.89682844100001,25.039578936000048],[121.89677537600005,25.04001038900003],[121.89607059800007,25.04057105000004],[121.895253206,25.040647089000057],[121.89508494400003,25.04044249900005],[121.89481288700006,25.04041891700006],[121.89437401100008,25.040571328000055],[121.89417140400009,25.040754678000038],[121.89392281300002,25.040844367000034],[121.89329009800007,25.041197074000028],[121.89298749700005,25.04138758800008],[121.89265821900004,25.041725971000066],[121.89248156700012,25.041842722000073],[121.89215917600008,25.041821728000052],[121.89170785800003,25.042043596000035],[121.8912716090001,25.042119508000038],[121.89108805700005,25.042091639000038],[121.89073682600008,25.04190928500003],[121.89051804700011,25.04194380100006],[121.89036031400008,25.04211163000008],[121.8901864080001,25.04243800200004],[121.8900654370001,25.04299489100003],[121.88988607100009,25.043262578000054],[121.8899584080001,25.043876864000026],[121.88923582400002,25.04401351800004],[121.889019113,25.044162578000055],[121.88883507900005,25.044127008000032],[121.88858126000002,25.044145951000075],[121.88841362200002,25.044292425000044],[121.8882299590001,25.044309547000072],[121.88804557000003,25.044401135000044],[121.88783150200005,25.04461977200003],[121.88766884900008,25.045135472000023],[121.88763910700004,25.045545378000035],[121.8878413760001,25.04566675300003],[121.88795072600008,25.045820761000073],[121.88811346300008,25.046202145000052],[121.8881518730001,25.046447764000046],[121.88848712600009,25.046813120000017],[121.88875503700002,25.047252253000067],[121.88912201900007,25.047431811000028],[121.88928453200003,25.047626736000037],[121.88935789600009,25.047810930000022],[121.8889863610001,25.04824870900006],[121.88877009600003,25.049152359000065],[121.88876425500008,25.049782323000038],[121.88891393300003,25.050245058000026],[121.88886046300001,25.05108789800004],[121.88891406500011,25.051197486000028],[121.88916783000003,25.05143324000005],[121.88932577600008,25.051979785000068],[121.88983281100002,25.052389516000062],[121.89026528500004,25.05258316700002],[121.89049252400004,25.052824213000065],[121.89058819600007,25.053131274000066],[121.89040714400005,25.053770051000072],[121.89030921400001,25.05391216600003],[121.88983334800004,25.054149140000046],[121.88918502500009,25.05481725700002],[121.8891600080001,25.05502648500005],[121.88925030800009,25.05551741800008],[121.88906684300004,25.056027166000042],[121.88902475300007,25.056355375000063],[121.88889734800013,25.056484176000023],[121.88842045300011,25.056800404000057],[121.88814559500007,25.05705049700003],[121.88798758500002,25.05728505100006],[121.88784122000006,25.05786584800006],[121.88793623000004,25.058910571000066],[121.88783251900009,25.059716265000073],[121.887951369,25.060496026000067],[121.88779246500008,25.060938850000063],[121.8874270890001,25.061473115000062],[121.88726514200003,25.062805130000072],[121.88710551700001,25.06350941600004],[121.88703572300005,25.063648623000063],[121.88676500200006,25.06389472600005],[121.886642122,25.064213251000073],[121.8860899240001,25.064757085000053],[121.8858899480001,25.06501211500006],[121.88573185700012,25.065410436000036],[121.88565337000013,25.065942721000056],[121.88500325500002,25.066797757000078],[121.88488525100001,25.06720073200006],[121.88465319900001,25.067718953000046],[121.88454859100011,25.067829541000034],[121.88437990300007,25.067854372000053],[121.88420452300012,25.06795367200004],[121.88408488800007,25.068120502000053],[121.88396478400011,25.068798911000048],[121.88380363600005,25.069093503000037],[121.88344660100007,25.06943272800003],[121.88328401400007,25.06952376400005],[121.88307719200009,25.06975836700007],[121.8830030810001,25.069923300000024],[121.88297645800004,25.070147144000035],[121.88309591000008,25.07134840700007],[121.88306747000003,25.071577985000037],[121.88294936100012,25.071870217000026],[121.8827153000001,25.072126269000016],[121.8824262180001,25.072322152000023],[121.88209651600006,25.072460889000066],[121.88171095000007,25.07254734500003],[121.88141836700004,25.07257220200006],[121.88039517100005,25.072416146000023],[121.87995009800012,25.072432119000037],[121.87979379000001,25.072565626000024],[121.87917304300005,25.073400457000055],[121.87877827700004,25.073646359000062],[121.87815358600005,25.073917219000062],[121.87794629100006,25.07418145700006],[121.87763826700007,25.07472517800005],[121.87736038800006,25.07567984800005],[121.87716197800013,25.07678910600003],[121.87727105200008,25.077084190000054],[121.87766435700006,25.07777508500004],[121.87763717300004,25.078661134000072],[121.8777273840001,25.079225829000045],[121.8778686080001,25.079545421000034],[121.87815813200007,25.079848857000062],[121.87816772700013,25.080156617000053],[121.87801598600004,25.080777926000053],[121.87800677000008,25.081429621000037],[121.87807196900009,25.08177690800005],[121.87839037900005,25.082493421000034],[121.87842857700002,25.082956240000044],[121.87838330100011,25.083105130000035],[121.87882272400009,25.083342656000067],[121.87951303400007,25.08347587300005],[121.88049400000013,25.083536426000027],[121.88103898100006,25.08354853800005],[121.881414413,25.08346376200006],[121.88171718000001,25.08330632300004],[121.88192306100005,25.08312466300003],[121.8825043720001,25.082131586000056],[121.88281925000003,25.081840929000066],[121.88310990700006,25.081671379000056],[121.88336423100009,25.081453387000067],[121.88400609700011,25.080460310000042],[121.88428464300011,25.08019387400003],[121.88453896700003,25.080096989000026],[121.885616819,25.079987992000042],[121.88631923900006,25.080048545000064],[121.88799051500006,25.080411867000066],[121.88863238200007,25.08088418400007],[121.88883826400001,25.08112639700005],[121.88923791800005,25.08141705400004],[121.89012199900003,25.08180459700003],[121.8906427590001,25.08209525300003],[121.89101819000005,25.08216791800004],[121.8915026190001,25.08218002700005],[121.89347060600005,25.081865150000056],[121.89441524000006,25.08186515000006],[121.89659516600011,25.08215580700005],[121.89801211700001,25.08250701700006],[121.89850865700008,25.082567571000023],[121.89906574800013,25.082349578000052]]]}},{"type":"Feature","properties":{"county_id":"65000","district_id":"65000260","village_id":"65000260011","county":"新北市","district":"貢寮區","village":"和美里","boundary_release":"1150817","identity_status":"named_village","population_join_status":"location_context_only"},"geometry":{"type":"Polygon","coordinates":[[[121.92120760400007,25.121316832000048],[121.92086258200005,25.119576425000044],[121.92081603200006,25.117459042000064],[121.91946335300008,25.116883784000038],[121.9181863770001,25.116479034000065],[121.91694738000001,25.11617661700006],[121.91607939900007,25.114916377000043],[121.91603736100001,25.11385777400005],[121.91693412400002,25.113068531000067],[121.918282395,25.112584989000023],[121.91860607600007,25.112512499000044],[121.91894162900006,25.112620318000044],[121.91949030500007,25.112890938000078],[121.9202644090001,25.113063308000044],[121.92041202200005,25.113194211000057],[121.92051750100006,25.113378736000072],[121.92081603800011,25.113423482000034],[121.92116756400003,25.11359962000006],[121.92126771700009,25.113683062000064],[121.92117706000012,25.11414451200005],[121.923198768,25.113282535000053],[121.9244674470001,25.111740410000042],[121.92491208600006,25.11047485800003],[121.92655249100007,25.108145556000064],[121.92545611800006,25.106100485000066],[121.92350300400005,25.105459378000038],[121.92322491000004,25.105312129000026],[121.92329410700006,25.10521330800003],[121.92343908900013,25.105221241000038],[121.92363891800005,25.10502634900007],[121.92336421800007,25.104862372000067],[121.92340797800011,25.104763959000024],[121.92327707000004,25.104734262000076],[121.92321352000012,25.104656831000053],[121.92329709300009,25.104478271000065],[121.92372558500006,25.10424944600004],[121.92409823300011,25.103912376000032],[121.92408907800007,25.10381348200008],[121.92415722500004,25.10367275300007],[121.9239642760001,25.10353689200002],[121.92374306900001,25.103451406000033],[121.9232722600001,25.103486919000037],[121.92327713000009,25.103780941000025],[121.92319314900011,25.10372639800005],[121.92320921400005,25.10362083900003],[121.92313667300003,25.103554838000044],[121.92296241500003,25.103579935000024],[121.92226976100007,25.104007653000053],[121.9219325370001,25.104059121000038],[121.92158886600009,25.10385784100004],[121.92132977400003,25.103780080000035],[121.92121082100005,25.103686104000072],[121.9206313520001,25.103471552000034],[121.92050651900003,25.10333400600006],[121.92070596600001,25.103042598000055],[121.92074380700001,25.102906230000027],[121.92041909400007,25.102968080000043],[121.92021518900005,25.103065307000065],[121.92013893200011,25.102993549000075],[121.92014493200008,25.10288680000008],[121.92022677600005,25.102762246000058],[121.9201039200001,25.102682012000052],[121.919967164,25.10274642600007],[121.91992093400007,25.102832202000055],[121.91976116100011,25.102792018000052],[121.91996010900004,25.102554606000066],[121.919862372,25.10248722700004],[121.91978352900004,25.10255325500003],[121.91966740800001,25.102566154000037],[121.91958676600007,25.10242085000004],[121.9195803230001,25.102301348000026],[121.9194509460001,25.102246441000037],[121.91942811700007,25.10212217600002],[121.9195074820001,25.101594514000052],[121.91930417600008,25.10161707100008],[121.91922551800009,25.101530335000064],[121.91935714100009,25.101213168000072],[121.91930122000007,25.101126661000023],[121.91912799000012,25.101168984000026],[121.91897226000005,25.101099975000064],[121.91906412800006,25.10084805300005],[121.91895973900013,25.100687640000046],[121.91898267500005,25.100525887000057],[121.91919334300009,25.10024831400005],[121.91881500400007,25.10024549400004],[121.9186658210001,25.10028803600005],[121.9185642540001,25.10022175400007],[121.91862101400011,25.100088959000058],[121.91851740400013,25.09996762300005],[121.91860173000009,25.09985794800008],[121.9185267270001,25.099644984000065],[121.9186009120001,25.09953528400007],[121.91883685300002,25.099391178000072],[121.9188531210001,25.09926838500007],[121.91872111700002,25.09922260300005],[121.91934939600004,25.09891746100004],[121.91971921500011,25.09768622600006],[121.91978573600011,25.09570460300006],[121.91959454900007,25.094851325000036],[121.9185810790001,25.09465044400002],[121.91840341000011,25.09474381400002],[121.9182943290001,25.094689683000073],[121.91836582600003,25.094626310000027],[121.91837399600001,25.094480636000075],[121.9183217210001,25.09435581300005],[121.91791538900009,25.094235708000042],[121.9173711430001,25.094254838000033],[121.91724633100011,25.09374026500007],[121.91717926,25.09367171000002],[121.9170169580001,25.093719285000077],[121.91695345700009,25.093368553000065],[121.91663937600002,25.093294014000037],[121.91673743800004,25.093261542000047],[121.91646342500007,25.093142068000073],[121.91600646500001,25.092540398000036],[121.91582382100012,25.092223260000026],[121.9159451710001,25.09228942400006],[121.91603373500004,25.092111287000023],[121.91603688500005,25.09197250600005],[121.91580148100003,25.091507705000023],[121.91547913500006,25.091052395000066],[121.91523639900004,25.090869686000072],[121.91504064000002,25.090782043000043],[121.91496710000001,25.090689414000046],[121.91443439100009,25.089747658000075],[121.91453160500011,25.088986578000064],[121.91496848700002,25.088926577000045],[121.91500831500002,25.088826658000066],[121.91450464800005,25.088800558000063],[121.91457623300006,25.08783398800006],[121.9144161690001,25.085477222000065],[121.91486138200003,25.084347982000054],[121.91646598600006,25.08242831000007],[121.91687414500007,25.081401674000066],[121.91618278600004,25.07968676100006],[121.91660254500005,25.07922642500006],[121.916629638,25.079096703000054],[121.9165175930001,25.079115442000045],[121.91627443100005,25.079361798000033],[121.91569428300011,25.079059202000053],[121.91544721800007,25.078707493000024],[121.91544706200011,25.078408194000076],[121.91536099900009,25.07807927200002],[121.91563361900012,25.077414156000028],[121.91565918800008,25.077244341000036],[121.9155435470001,25.076640489000056],[121.91665627800013,25.075974235000043],[121.91598861900002,25.07470846200005],[121.9152428760001,25.073073564000026],[121.91496561200006,25.07235650400003],[121.91469790900011,25.070865017000074],[121.91455449700003,25.070721605000074],[121.91436328000007,25.07063555800005],[121.91393304500002,25.070549512000067],[121.91330203200005,25.070568634000036],[121.91260409300003,25.070492149000074],[121.91182010700004,25.06996630600002],[121.91155240400009,25.069679482000023],[121.9112082150001,25.06942134000008],[121.91091359600011,25.069280997000075],[121.91060723100009,25.07010564300003],[121.91044373800003,25.070880729000063],[121.9103831850001,25.071607373000063],[121.91042800800005,25.07251500200004],[121.90994000000002,25.072740000000064],[121.90958100000013,25.072461000000033],[121.90871400000003,25.072614000000044],[121.90822600000001,25.072461000000033],[121.90785100000005,25.072152000000074],[121.90725800000007,25.072082000000016],[121.90696800000002,25.072116000000044],[121.90633000000001,25.07240800000005],[121.90614800000003,25.07258200000007],[121.90583600000002,25.073064000000045],[121.90575100000002,25.07337400000006],[121.90582600000006,25.073880000000035],[121.90570800000013,25.073972000000023],[121.90547200000003,25.07389400000005],[121.90530000000001,25.073933000000064],[121.90491900000006,25.073875000000044],[121.90480600000002,25.073919000000046],[121.90480100000002,25.074477000000055],[121.90464000000007,25.074570000000044],[121.90444700000013,25.07455800000002],[121.90421100000003,25.07437800000002],[121.90412300000001,25.074358000000068],[121.90355400000011,25.074412000000052],[121.90330200000005,25.07435100000004],[121.90313500000003,25.074392000000046],[121.90234700000006,25.075129000000054],[121.90182700000003,25.07529600000004],[121.9008450000001,25.07608100000005],[121.90030000000002,25.076627000000023],[121.8995440000001,25.07714700000002],[121.89935100000002,25.078097000000074],[121.89965700000005,25.080599000000056],[121.89960800000006,25.08096400000005],[121.90006273200005,25.08176053000005],[121.89906574800013,25.082349578000052],[121.89850865700008,25.082567571000023],[121.89801211700001,25.08250701700006],[121.89659516600011,25.08215580700005],[121.89441524000006,25.08186515000006],[121.89347060600005,25.081865150000056],[121.8915026190001,25.08218002700005],[121.89084864000006,25.082143696000056],[121.8906427590001,25.08209525300003],[121.89012199900003,25.08180459700003],[121.88923791800005,25.08141705400004],[121.88883826400001,25.08112639700005],[121.88863238200007,25.08088418400007],[121.88799051500006,25.080411867000066],[121.88631923900006,25.080048545000064],[121.885616819,25.079987992000042],[121.88453896700003,25.080096989000026],[121.88428464300011,25.08019387400003],[121.88400609700011,25.080460310000042],[121.88336423100009,25.081453387000067],[121.88310990700006,25.081671379000056],[121.88281925000003,25.081840929000066],[121.8825043720001,25.082131586000056],[121.88192306100005,25.08312466300003],[121.88171718000001,25.08330632300004],[121.881414413,25.08346376200006],[121.88103898100006,25.08354853800005],[121.87951303400007,25.08347587300005],[121.87882272400009,25.083342656000067],[121.87838330100011,25.083105130000035],[121.87815617500009,25.083579393000033],[121.87796780400004,25.08381388100002],[121.87780510400012,25.084244909000063],[121.87751664000007,25.084541079000072],[121.87741534500005,25.085038331000078],[121.87732720900009,25.08512275300006],[121.87674168000001,25.085334553000056],[121.87667260300009,25.085407788000058],[121.87638814000002,25.08634070200003],[121.87602719800007,25.08725433200005],[121.87601124900006,25.087461827000027],[121.87617288600008,25.087732702000043],[121.87622831000012,25.087946114000037],[121.876069658,25.088628734000054],[121.87617079500002,25.088915692000057],[121.87638101100003,25.089121870000042],[121.87645086900011,25.089364606000057],[121.8765089420001,25.08979051200003],[121.87645592500009,25.09021368600002],[121.87647953200008,25.090575572000027],[121.87673131100009,25.091034689000022],[121.876831304,25.091321411000024],[121.87700532200006,25.09159124700005],[121.87706148900008,25.091838596000056],[121.87702846300009,25.09209836900004],[121.87682690500003,25.092540813000024],[121.87672294600009,25.092937503000027],[121.87654871000007,25.093285933000054],[121.87553420400002,25.094598804000036],[121.87575309900001,25.094585225000056],[121.87699758100007,25.094689590000026],[121.87734935300013,25.094809553000058],[121.87865574700004,25.095083183000042],[121.87902028000008,25.09535014500005],[121.87956607400007,25.095985872000032],[121.87978196600011,25.09614182600007],[121.8801920320001,25.096344182000056],[121.88104648400008,25.097145951000066],[121.88147056900004,25.097401917000063],[121.88165366600003,25.097717300000053],[121.88177582600007,25.097824217000042],[121.88238831900001,25.098039449000055],[121.88298398900008,25.09849760100008],[121.88317414200004,25.098589327000074],[121.8836925830001,25.098633407000015],[121.8838632720001,25.09869049200006],[121.8840559670001,25.09884911400007],[121.88432817300009,25.098963694000073],[121.88520199300002,25.099118277000056],[121.88638269900001,25.099744438000073],[121.88699523000004,25.100159638000036],[121.88737158600009,25.100331905000072],[121.88809960600008,25.10047252200008],[121.89022656400006,25.100440505000048],[121.89037218600004,25.10053658500004],[121.89065589500002,25.101021531000065],[121.89099749500008,25.10110093400004],[121.89135559600004,25.101102691000055],[121.89161529300007,25.10105460400007],[121.89220076100001,25.100659448000044],[121.8924559180001,25.100572602000053],[121.89354886500007,25.10080264400005],[121.89468406000005,25.10110853300006],[121.89525153400007,25.101178817000058],[121.89571606400013,25.10116053000007],[121.89624364400004,25.101955404000023],[121.89677840900002,25.10221978500005],[121.8969376340001,25.102428243000073],[121.89705717000005,25.10291127800008],[121.89740643500011,25.103463736000034],[121.89739921700006,25.10364604500006],[121.89716651300013,25.10389174700003],[121.89648144400007,25.104821791000063],[121.89617182400002,25.105638017000047],[121.89590189300009,25.106131920000045],[121.89573136000003,25.106726257000044],[121.89559193200012,25.106901595000064],[121.89551240700007,25.10710760400008],[121.89552844400009,25.107561223000058],[121.89478660400005,25.108297309000022],[121.89476798000011,25.108673580000076],[121.89504666000006,25.11002821500005],[121.89549689300009,25.110390043000052],[121.8958080340001,25.110817720000057],[121.89617256900009,25.111118013000066],[121.89657909300001,25.111328865000075],[121.89665237300005,25.111440887000064],[121.89679644900002,25.111913119000064],[121.89692565100006,25.11209461500004],[121.89726599100005,25.112382375000042],[121.89762990700001,25.11375941400007],[121.8982270350001,25.113794595000062],[121.89947484400011,25.113604845000054],[121.89984855300007,25.11361008800003],[121.90005366000004,25.11367477100003],[121.9003708690001,25.11391329300005],[121.90068555000005,25.114392259000052],[121.90102778400001,25.11455307000005],[121.90123836200009,25.114784474000032],[121.90156416400009,25.11476180300008],[121.90165837700009,25.114819413000074],[121.90190892300006,25.11527160000002],[121.90209265800003,25.115918099000055],[121.90244096000004,25.11573762200004],[121.9027444400001,25.115844365000047],[121.90323087600008,25.11589959200006],[121.90337078100004,25.116177401000066],[121.90350788000002,25.116269631000026],[121.904349775,25.11654375100005],[121.9054321750001,25.11668449000007],[121.90559485700011,25.116776580000078],[121.90628146700011,25.117388997000038],[121.90635411200003,25.11741183400005],[121.90648209900006,25.11742267800003],[121.90672423400007,25.117301006000037],[121.9068351100001,25.117304208000064],[121.90727601200003,25.11754583900005],[121.90746402300012,25.117602869000052],[121.9078120460001,25.117602219000045],[121.90795632300002,25.117508273000055],[121.90832621700008,25.116807141000038],[121.9083966070001,25.11673022100006],[121.9085232990001,25.11670085300005],[121.90962359900006,25.117039608000027],[121.91043239400007,25.117449220000022],[121.91149826900006,25.117744522000063],[121.91179593700008,25.117753895000078],[121.9122149860001,25.117669238000072],[121.91263900200012,25.117644602000034],[121.91309559100011,25.117679633000023],[121.91367557300008,25.118009147000066],[121.91429104600003,25.118529116000047],[121.91501605100008,25.118813503000073],[121.91536563400005,25.119027148000047],[121.91575491600008,25.11905890300005],[121.91598929200008,25.119176029000066],[121.91621148200011,25.119359106000047],[121.91687747400012,25.119495555000068],[121.9178126170001,25.11989088600006],[121.91814027400005,25.120137537000062],[121.9186798500001,25.12015679000007],[121.91910826900005,25.12046406500008],[121.91956034100008,25.120501172000047],[121.9201661950001,25.121093199000033],[121.92074751000006,25.12143812300007],[121.92106985600003,25.121753408000075],[121.92119176200003,25.12182484300007],[121.92134401100009,25.12182729100004],[121.92135716100006,25.12191443900002],[121.92154243200002,25.122004753000052],[121.92187413600004,25.121984233000028],[121.9220002080001,25.12201956000007],[121.92235569600007,25.122275085000066],[121.92258002200005,25.122313410000064],[121.92120760400007,25.121316832000048]]]}},{"type":"Feature","properties":{"county_id":"65000","district_id":"65000260","village_id":"65000260002","county":"新北市","district":"貢寮區","village":"吉林里","boundary_release":"1150817","identity_status":"named_village","population_join_status":"location_context_only"},"geometry":{"type":"Polygon","coordinates":[[[121.89212750700005,25.00919923900005],[121.89216261000001,25.008498475000067],[121.89240483200001,25.007565940000063],[121.89278027000012,25.00664551600005],[121.89435467900012,25.00413857300003],[121.89477250400013,25.00323025900008],[121.8956929220001,25.002394614000025],[121.89655278500004,25.00174063000003],[121.89749136900002,25.00083232000003],[121.90050695700006,24.997501837000073],[121.90158481900006,24.99607275900007],[121.9016574850001,24.99589109700003],[121.90165748700008,24.99574576600003],[121.90137894700001,24.99522499200003],[121.90033744900006,24.993686890000046],[121.90022845600002,24.993408337000062],[121.9002890150001,24.99287545700002],[121.90073713100004,24.990828710000066],[121.90084613600004,24.990089940000075],[121.90045861300007,24.98870928000002],[121.90038595500006,24.98829750600004],[121.90036174100011,24.98777673200004],[121.90039807600012,24.987473957000077],[121.90148805400007,24.985717879000042],[121.90203303900012,24.985003338000066],[121.90283234900005,24.98419191500005],[121.90345605200004,24.983707487000057],[121.90425535700001,24.98324728300003],[121.90454601500004,24.982992956000032],[121.90472767700011,24.982702297000056],[121.904776125,24.98222997000004],[121.90484879100006,24.982036196000017],[121.90553910500013,24.981139997000067],[121.90637475500012,24.979468702000073],[121.90681679800002,24.978826833000024],[121.90728911900008,24.977966967000047],[121.90742234100003,24.977458311000074],[121.90770252800006,24.97575144500007],[121.90683895000006,24.975584323000074],[121.90644299100005,24.975246843000036],[121.90625831700004,24.974973758000036],[121.90634960400007,24.97451764000004],[121.9062878320001,24.97433366600006],[121.90542445500013,24.973417314000073],[121.90535013500005,24.973412257000057],[121.90501601200005,24.97362363900004],[121.9043372740001,24.974480074000045],[121.90411803100005,24.974661179000066],[121.90367353100008,24.97460796400003],[121.90282820300001,24.97437903200006],[121.90254045500002,24.974068586000037],[121.90204924400008,24.97328300200007],[121.90141145800011,24.972813553000034],[121.90091572800009,24.972381790000043],[121.90012804500009,24.971555549000072],[121.89980992100004,24.97108067900006],[121.89944876100003,24.970296987000044],[121.89942796900006,24.96934439200003],[121.89720398300005,24.96706701000005],[121.89704076200006,24.966947195000042],[121.89684079900006,24.96690187400003],[121.89621859100009,24.967045884000076],[121.89598958700003,24.967029164000053],[121.89552203300002,24.966836204000053],[121.89479102600001,24.96638773300003],[121.89399177800009,24.966021700000056],[121.89352416400006,24.96584939000007],[121.89286502800009,24.965743092000025],[121.89181616500004,24.965128470000025],[121.89103974000011,24.965095309000045],[121.89025659900007,24.96481078400006],[121.88957462400005,24.96476065900004],[121.88917413800003,24.964461160000045],[121.88892724900006,24.964146015000036],[121.88878718700003,24.963877099000058],[121.8886380790001,24.963301740000073],[121.88856550400011,24.96317529400005],[121.88850509500003,24.96317512400003],[121.88810640300007,24.963472361000072],[121.88758700200003,24.96373482300003],[121.88686001500004,24.963974885000024],[121.88586624800008,24.96420271200003],[121.88439933400001,24.96440851600004],[121.88252926300004,24.964169562000052],[121.88231360700001,24.964131630000054],[121.88174647100003,24.96389575600005],[121.88097510600007,24.96344395500006],[121.88040300700004,24.96321957200007],[121.87984015500001,24.96306057900005],[121.8794692670001,24.962784669000026],[121.8791855270001,24.962735590000023],[121.87789304100012,24.96272263600002],[121.87736713600009,24.96243372400005],[121.87709206300008,24.962361651000034],[121.87682543900007,24.962233284000032],[121.87638092800012,24.961676474000054],[121.87605702200005,24.96145656300007],[121.87585411000009,24.961439227000028],[121.8754950570001,24.96162355900003],[121.87533783000003,24.96165879200004],[121.87474867100002,24.961712278000043],[121.87313646599999,24.96153786300004],[121.87232747100006,24.961296271000034],[121.87182323800005,24.960849962000047],[121.87155157000005,24.960719311000048],[121.8710151240001,24.96074267100005],[121.87009286400009,24.960903404000074],[121.86935028500012,24.961384652000046],[121.86898206700006,24.961516211000053],[121.86810537300005,24.961712288000047],[121.86718867800003,24.961761626000055],[121.86652390800009,24.962006000000027],[121.86575781700004,24.962164774000023],[121.86515737600007,24.96222744800008],[121.86412102500003,24.96208219800007],[121.86362884300001,24.96213399800007],[121.862794365,24.962825741000074],[121.86252577600008,24.962977446000025],[121.86232785500012,24.963149473000044],[121.86186450800004,24.963377905000065],[121.86167430800003,24.963575153000082],[121.86125266300007,24.963660209000068],[121.86095495500003,24.964220548000064],[121.86064356300007,24.96557303700007],[121.86067532700008,24.96603267800003],[121.8607961990001,24.966344650000053],[121.8616346770001,24.967463333000065],[121.8616842990001,24.967652979000036],[121.86168687800011,24.96774432500007],[121.86132532800002,24.968144246000065],[121.86128435900004,24.968275187000074],[121.8612686250001,24.96946266700007],[121.86135842000012,24.970077149000073],[121.86130112500008,24.97035738700004],[121.86094434100006,24.971164674000082],[121.86100610200005,24.972150314000032],[121.86091249900004,24.972574698000074],[121.86085343100001,24.973578697000043],[121.86095654200004,24.973836138000024],[121.86122078700011,24.974173858000032],[121.86121839200007,24.974670233000037],[121.8612727090001,24.974785004000065],[121.86217702300007,24.974961862000043],[121.86226230600006,24.975041244000067],[121.86190441100008,24.975522298000044],[121.86183161300005,24.975724872000058],[121.86186342100007,24.976044792000035],[121.862032601,24.97649785300007],[121.86189448600008,24.977296131000056],[121.86186400200005,24.97779296800007],[121.86189179000006,24.977895699000044],[121.86224050100009,24.97825127200002],[121.86228381700005,24.97915124000008],[121.86258200800012,24.97958291300005],[121.86238897600002,24.98113101300003],[121.86240687400004,24.981558879000033],[121.86277207900004,24.981954339000023],[121.863100292,24.98219630500006],[121.86353416100006,24.98231156800005],[121.86394428100004,24.98231740500006],[121.86413481800003,24.982400483000045],[121.86472126400008,24.983128262000037],[121.86490756,24.983683892000048],[121.86513135300002,24.98408893900006],[121.86508071400011,24.984431080000032],[121.86489636700003,24.984626090000063],[121.86401482300005,24.985239722000074],[121.86379620300009,24.985502185000026],[121.86399979800001,24.986044511000042],[121.86453340700008,24.987048607000073],[121.86469643100008,24.987245070000032],[121.86531073700007,24.987796184000043],[121.86556162300009,24.98841979800005],[121.86583649100008,24.98882943100006],[121.86604775100012,24.98954711700003],[121.86658689700005,24.990135158000044],[121.86705067600008,24.99020181800006],[121.86735111200007,24.990347288000066],[121.86750203800013,24.990559021000024],[121.86765916100002,24.99120500900006],[121.86794096300002,24.991496890000068],[121.86832748900008,24.99160674500007],[121.86881117500003,24.99200834500004],[121.86931149400004,24.992104144000052],[121.86964025600003,24.99209721800003],[121.86982476300012,24.992155982000043],[121.87028285600003,24.99264350900006],[121.8709762530001,24.99320754600006],[121.87113181400002,24.993646613000067],[121.87129480200007,24.99457920700006],[121.87144714500006,24.994910951000065],[121.87171324900008,24.995270337000076],[121.87224659800006,24.99618719100004],[121.8725277410001,24.996550772000035],[121.87376098000004,24.997825535000064],[121.87439841100002,24.99842932500007],[121.87491086800004,24.99883985500003],[121.87530753300007,24.999344834000055],[121.8755575560001,25.000140276000025],[121.87568187300008,25.000750406000062],[121.87593141900004,25.003696134000048],[121.87607642900002,25.00426798100006],[121.87630616400008,25.004689208000052],[121.87653869400003,25.00497200300003],[121.87769350000008,25.006008824000048],[121.87828321000008,25.006597986000028],[121.87865147000002,25.007106959000055],[121.87886033500001,25.007547965000068],[121.8788870640001,25.00798706200004],[121.87862782900004,25.009028096000065],[121.87856257400006,25.00959868200005],[121.87858324100011,25.010261139000075],[121.8787117510001,25.010629109000032],[121.87890047300003,25.010821138000036],[121.8791508920001,25.01097270400004],[121.87975201500002,25.01117132200005],[121.88017496400005,25.011371516000054],[121.88045917200009,25.01156898500005],[121.8806158000001,25.011761850000028],[121.88074008000001,25.012060007000052],[121.88076327500006,25.012298550000025],[121.8805049680001,25.013392812000067],[121.88056537500006,25.013551687000067],[121.88070872500009,25.013658278000037],[121.88189188800006,25.013982734000024],[121.88286548900008,25.014027903000056],[121.88360915600005,25.01417136400005],[121.88438806600004,25.014488186000047],[121.88488579800003,25.014854923000026],[121.88522834600009,25.01494985400006],[121.88551394800004,25.014920221000057],[121.88576904500007,25.01480012500008],[121.88645983200001,25.014125900000067],[121.88666095100007,25.014080094000064],[121.88706944800005,25.014102463000025],[121.88749074400006,25.01439246700005],[121.88787226600004,25.014449709000075],[121.88853304200006,25.01472837400007],[121.88881226,25.014944860000067],[121.88918319100001,25.01537130700006],[121.88974569100004,25.01561089600005],[121.8897970180001,25.015673465000066],[121.89023091400009,25.014674989000067],[121.89048524100008,25.014287443000057],[121.89094545000012,25.01366979100004],[121.89214441700007,25.012277047000055],[121.89256829500003,25.011526177000064],[121.89266518400008,25.01116285400008],[121.89267101700011,25.01063983800003],[121.8929730000001,25.010353000000062],[121.89308000000007,25.010175000000057],[121.89318200000004,25.01013400000005],[121.89327600000003,25.01021700000006],[121.89330300000006,25.010363000000037],[121.89323000000003,25.010557000000066],[121.89311200000009,25.01067900000004],[121.89330800000005,25.010946000000047],[121.89336700000001,25.011174000000036],[121.89353300000005,25.01122100000003],[121.89382600000012,25.011481000000064],[121.89380400000006,25.01169000000004],[121.89386300000001,25.01180600000003],[121.89427600000012,25.012064000000063],[121.89462200000003,25.012178000000063],[121.894855,25.012324000000035],[121.89514200000008,25.012234000000035],[121.89527900000009,25.012066000000058],[121.89533800000004,25.011891000000052],[121.89533600000006,25.011687000000045],[121.89474300000005,25.010574000000073],[121.89478600000007,25.010120000000033],[121.89448500000003,25.008958000000064],[121.89420600000007,25.008588000000035],[121.89397000000008,25.008588000000028],[121.89306900000007,25.008958000000067],[121.8928380000001,25.009118000000058],[121.89280100000008,25.009541000000066],[121.89273100000004,25.00974500000006],[121.89259200000005,25.00970100000006],[121.89234000000012,25.00947800000006],[121.89212750700005,25.00919923900005]]]}},{"type":"Feature","properties":{"county_id":"65000","district_id":"65000260","village_id":"65000260P02","county":"新北市","district":"貢寮區","village":null,"boundary_release":"1150817","identity_status":"unnamed_area","population_join_status":"location_context_only"},"geometry":{"type":"Polygon","coordinates":[[[121.9523628070001,25.021507391000057],[121.95188363600006,25.02136150300003],[121.9517905460001,25.021535877000073],[121.95162671100002,25.021489531000043],[121.95166940400009,25.021324505000045],[121.95115860200006,25.021172048000043],[121.95115294900006,25.02124204700004],[121.9512225650001,25.021316079000034],[121.9511981820001,25.02140650900003],[121.95109733600009,25.021377815000044],[121.95104116600008,25.021441366000037],[121.95094028400003,25.021408158000042],[121.95095856200008,25.02132905100006],[121.95080083300003,25.021271380000027],[121.95073242100011,25.02139368800005],[121.95056846500007,25.02133154400007],[121.950573684,25.02120512500005],[121.95039079000003,25.021136330000044],[121.95030357700013,25.02122941900006],[121.95027322900012,25.021389851000038],[121.95022325100003,25.02145336300003],[121.95006026900012,25.021517596000017],[121.95002774100011,25.021616304000073],[121.95026627300001,25.021678740000027],[121.95034903500004,25.02142322000003],[121.95123139600003,25.021618443000015],[121.95143773300002,25.02147494100006],[121.95150708400003,25.02147449800003],[121.95155772600002,25.02153736700006],[121.95151511900008,25.021713675000058],[121.95184303100005,25.02179733900004],[121.95187372500003,25.021722666000077],[121.95203778400003,25.021757726000036],[121.95201938500009,25.02182103600006],[121.95222725300005,25.021876129000077],[121.9523628070001,25.021507391000057]]]}},{"type":"Feature","properties":{"county_id":"65000","district_id":"65000260","village_id":"65000260P01","county":"新北市","district":"貢寮區","village":null,"boundary_release":"1150817","identity_status":"unnamed_area","population_join_status":"location_context_only"},"geometry":{"type":"Polygon","coordinates":[[[121.93066361300008,25.05988413500005],[121.93105259600009,25.05774111000005],[121.93111720600007,25.056970680000063],[121.93042016300002,25.05678155100003],[121.93002959400008,25.05673660300005],[121.9298854120001,25.056796185000056],[121.92960047400004,25.05823109400006],[121.92948079700011,25.05821378800004],[121.92970196300007,25.056659664000048],[121.92919224900004,25.056667367000042],[121.92880251500004,25.056732998000026],[121.92830472700008,25.056679688000038],[121.92814757300006,25.056703239000058],[121.9279168490001,25.056950682000032],[121.92746197600003,25.057578682000035],[121.92711364100012,25.05812476700003],[121.92711455800008,25.058246633000063],[121.92704549600012,25.058247066000035],[121.92705657400006,25.058073215000032],[121.92740474100005,25.05750456100003],[121.92719655100007,25.05741333000003],[121.92710743800002,25.057301041000066],[121.92685496500009,25.05716946100005],[121.9268797110001,25.057124168000023],[121.92720722200012,25.057185317000062],[121.92744204100006,25.056576748000055],[121.92706972100008,25.056445915000037],[121.92677806000005,25.056991647000075],[121.92671541300003,25.05702137700007],[121.92563071100004,25.056759572000033],[121.92544397300004,25.05783275900006],[121.92680557900007,25.057973222000044],[121.9267921180001,25.058036500000068],[121.9264646360001,25.058020487000075],[121.92590756000006,25.05840312000004],[121.92571351600009,25.058587136000025],[121.92569089400001,25.058873903000062],[121.92576221600008,25.059149190000024],[121.92597770800012,25.05937088800005],[121.92703571000004,25.059456820000033],[121.92750119000004,25.059413290000066],[121.92757078600006,25.05866131000005],[121.92764587700005,25.058597648000042],[121.92775308000013,25.058603749000042],[121.927847347,25.058618958000068],[121.92788552300011,25.058670629000062],[121.92774602800012,25.059353080000054],[121.92784759800008,25.05947431800007],[121.9281876770001,25.059517330000062],[121.92900754900006,25.059731122000073],[121.92909554100004,25.05969446100005],[121.92923273100008,25.05952885000005],[121.92935219000003,25.059516818000073],[121.92964381600007,25.059828701000068],[121.92991398000005,25.059759301000042],[121.93020497900011,25.059947058000034],[121.93029952300004,25.059957750000017],[121.93066361300008,25.05988413500005]]]}}]}
