{"type":"FeatureCollection","features":[{"type":"Feature","properties":{"county_id":"65000","district_id":"65000030","village_id":"65000030060","county":"新北市","district":"中和區","village":"嘉新里","boundary_release":"1150817","identity_status":"named_village","population_join_status":"location_context_only"},"geometry":{"type":"Polygon","coordinates":[[[121.4756329480001,25.001144971000024],[121.47597200000008,25.00177000000008],[121.47595300000013,25.001899000000034],[121.47583530300007,25.001966826000057],[121.47584947600001,25.002045827000074],[121.47594119400003,25.002017299000045],[121.47605761100012,25.00204823400003],[121.47765485500008,25.003353512000043],[121.47905045300003,25.004266579000046],[121.47915438100006,25.004288848000044],[121.47881500000005,25.00464800000003],[121.47909200000005,25.00487900000007],[121.47945400000003,25.004560000000026],[121.47971900000006,25.00439700000004],[121.48012400000006,25.00426800000002],[121.48028000000012,25.00428300000004],[121.4802830000001,25.00440000000003],[121.48020500000007,25.00449500000008],[121.48044300000005,25.00451400000002],[121.48120585600009,25.002958909000025],[121.48125060700012,25.002786294000032],[121.48131142500006,25.001077661000064],[121.48089260400002,25.00098106200005],[121.47992165900008,25.000313305000077],[121.47896948400012,24.99975683100007],[121.47865159500009,24.999704963000056],[121.47782557100005,24.999690109000028],[121.47762513900011,24.99973464800007],[121.47606623100012,24.99963072500003],[121.47595488000002,24.99966784200006],[121.47564527200008,25.00006029800005],[121.47564710000006,25.000093811000053],[121.47579500000006,25.000109000000062],[121.47597100000007,25.000506000000026],[121.47554200000003,25.001093000000026],[121.4756329480001,25.001144971000024]]]}},{"type":"Feature","properties":{"county_id":"65000","district_id":"65000030","village_id":"65000030084","county":"新北市","district":"中和區","village":"碧河里","boundary_release":"1150817","identity_status":"named_village","population_join_status":"location_context_only"},"geometry":{"type":"Polygon","coordinates":[[[121.49437636300001,24.99747465800005],[121.49465400000008,24.997635000000063],[121.49479600000006,24.997411000000053],[121.49450136800012,24.997294095000026],[121.49495254600004,24.996606924000048],[121.4958232910001,24.995683541000055],[121.49547710100002,24.995415763000043],[121.4954333070001,24.994992443000054],[121.49543330300003,24.993788806000055],[121.492256235,24.993979794000033],[121.49300133500002,24.994510287000022],[121.49309723300006,24.99463815000007],[121.49317395200002,24.99488109100003],[121.49319313300009,24.995184768000055],[121.49284151200003,24.996802244000037],[121.49213825600008,24.996543323000022],[121.49134549400004,24.99635792200007],[121.48987567100006,24.996242938000027],[121.48922786800006,24.998491219000073],[121.4886562680001,24.99848379700006],[121.48809952300007,25.000183737000047],[121.48779516600008,25.000506652000066],[121.48713448800005,25.001026285000023],[121.48679301600009,25.001605305000055],[121.48632534900003,25.002626012000064],[121.48596160900003,25.003746933000055],[121.48586632600008,25.004796039000038],[121.48751170400011,25.004730666000054],[121.48783212300009,25.00465908200005],[121.49092781700004,25.003270345000033],[121.49326306800003,24.999219982000053],[121.49437636300001,24.99747465800005]]]}},{"type":"Feature","properties":{"county_id":"65000","district_id":"65000030","village_id":"65000030046","county":"新北市","district":"中和區","village":"和興里","boundary_release":"1150817","identity_status":"named_village","population_join_status":"location_context_only"},"geometry":{"type":"Polygon","coordinates":[[[121.50338155700001,24.993419559000078],[121.50407666600007,24.992349490000034],[121.50235244100007,24.99259481900003],[121.49998269900004,24.992857498000042],[121.50021393300004,24.993083836000036],[121.50057886700007,24.993623933000038],[121.50075403800008,24.994229718000042],[121.50099489600008,24.994726023000055],[121.50169717400003,24.995363059000056],[121.50249241600012,24.995634436000046],[121.50338155700001,24.993419559000078]]]}},{"type":"Feature","properties":{"county_id":"65000","district_id":"65000030","village_id":"65000030005","county":"新北市","district":"中和區","village":"中正里","boundary_release":"1150817","identity_status":"named_village","population_join_status":"location_context_only"},"geometry":{"type":"Polygon","coordinates":[[[121.48746725400008,24.993758392000075],[121.486558402,24.993772788000054],[121.48657544400011,24.994253192000034],[121.48653075000006,24.994412812000064],[121.48643497800003,24.994502198000077],[121.4858667310001,24.99476397600006],[121.48574542100005,24.994898057000054],[121.48538148900003,24.995568457000047],[121.48515664500009,24.996155843000057],[121.48802806900007,24.996156906000067],[121.48840460100008,24.995271089000024],[121.48864114700007,24.99432809300003],[121.48861137700011,24.994244739000067],[121.4875350000001,24.994281000000058],[121.48746725400008,24.993758392000075]]]}},{"type":"Feature","properties":{"county_id":"65000","district_id":"65000030","village_id":"65000030083","county":"新北市","district":"中和區","village":"中山里","boundary_release":"1150817","identity_status":"named_village","population_join_status":"location_context_only"},"geometry":{"type":"Polygon","coordinates":[[[121.48902395600008,24.994235412000023],[121.4888870000001,24.993896000000056],[121.48802324700011,24.993879600000067],[121.48784838300001,24.993784675000022],[121.48746725400008,24.993758392000075],[121.4875350000001,24.994281000000058],[121.48861137700011,24.994244739000067],[121.48864114700007,24.99432809300003],[121.48840460100008,24.995271089000024],[121.48802806900007,24.996156906000067],[121.48894802900008,24.996153347000075],[121.48987567100006,24.996242938000027],[121.489866268,24.996112044000032],[121.49010335300012,24.995324090000057],[121.49060957200005,24.994072229000036],[121.48902395600008,24.994235412000023]]]}},{"type":"Feature","properties":{"county_id":"65000","district_id":"65000030","village_id":"65000030033","county":"新北市","district":"中和區","village":"秀仁里","boundary_release":"1150817","identity_status":"named_village","population_join_status":"location_context_only"},"geometry":{"type":"Polygon","coordinates":[[[121.51976016700007,24.993766159000074],[121.5194558080001,24.993832971000074],[121.51875801200002,24.99375873900004],[121.51798598200001,24.993832975000032],[121.51763905000007,24.99371407300003],[121.51736242000003,24.99374389600007],[121.51748119400008,24.994159603000075],[121.5176990000001,24.994530000000054],[121.51751400000002,24.99462800000003],[121.51673600000004,24.994589000000072],[121.51638800000002,24.994749000000063],[121.51612373400008,24.995047587000048],[121.5165887510001,24.99514178900006],[121.51694281800009,24.99530053600006],[121.51710279100007,24.995599678000072],[121.51763452600007,24.995646950000037],[121.51846458400007,24.99595146700005],[121.51917403400012,24.996011681000024],[121.52035440700001,24.99624806800005],[121.52006452500007,24.99442312500002],[121.52007937200004,24.99428208100005],[121.5199754460001,24.994178154000053],[121.52000101300007,24.993779563000032],[121.51976016700007,24.993766159000074]]]}},{"type":"Feature","properties":{"county_id":"65000","district_id":"65000030","village_id":"65000030020","county":"新北市","district":"中和區","village":"安樂里","boundary_release":"1150817","identity_status":"named_village","population_join_status":"location_context_only"},"geometry":{"type":"Polygon","coordinates":[[[121.51101344000006,25.00034149700008],[121.51388087500005,25.00361324200003],[121.51452271800008,25.00375093800005],[121.51491038100005,25.002325299000056],[121.51500983000005,25.001759512000035],[121.51498851300006,25.00151976400002],[121.51486514700002,25.001228213000044],[121.51428216600006,25.000567492000076],[121.51414357200008,25.00028526600005],[121.51411608600004,24.99979408400003],[121.51430737100009,24.99898419600004],[121.51319049500012,24.99767457100006],[121.51302718000012,24.997518682000077],[121.51285644300005,24.997496413000075],[121.51270797500003,24.997533531000045],[121.51198005700009,24.99668345200007],[121.51022470600003,24.99801689000003],[121.51136270400002,24.999289133000044],[121.51109044200007,24.999563903000023],[121.51148500000012,24.999895000000034],[121.51101344000006,25.00034149700008]]]}},{"type":"Feature","properties":{"county_id":"65000","district_id":"65000030","village_id":"65000030069","county":"新北市","district":"中和區","village":"國光里","boundary_release":"1150817","identity_status":"named_village","population_join_status":"location_context_only"},"geometry":{"type":"Polygon","coordinates":[[[121.4684257770001,25.003268997000077],[121.46995219900009,25.003889571000055],[121.47009600000003,25.003580000000053],[121.4700230000001,25.003557000000054],[121.47035000000007,25.002700000000058],[121.47049639700005,25.002749063000067],[121.47067619000005,25.00234837600004],[121.46892538500003,25.002272967000067],[121.46886690300005,25.002169369000057],[121.46885411100004,25.00116564100005],[121.4662547700001,25.00217581800006],[121.46685146700007,25.002279616000063],[121.46681508400003,25.002863912000066],[121.46759587000008,25.003041429000064],[121.46840199500004,25.003310075000048],[121.4684257770001,25.003268997000077]]]}},{"type":"Feature","properties":{"county_id":"65000","district_id":"65000030","village_id":"65000030090","county":"新北市","district":"中和區","village":"冠穗里","boundary_release":"1150817","identity_status":"named_village","population_join_status":"location_context_only"},"geometry":{"type":"Polygon","coordinates":[[[121.47226714800003,25.00352778900002],[121.4726360000001,25.003547000000026],[121.47310271100002,25.003801459000044],[121.47327345000008,25.003979617000027],[121.47369658400011,25.00395734800003],[121.47374273700008,25.003539102000037],[121.47401346900006,25.00345458200007],[121.47402625100005,25.002783108000074],[121.47410935900007,25.002162970000022],[121.47447376600009,25.000989820000026],[121.47287899600006,25.00044669900006],[121.47269478100007,25.000329802000067],[121.47226714800003,25.00352778900002]]]}},{"type":"Feature","properties":{"county_id":"65000","district_id":"65000030","village_id":"65000030013","county":"新北市","district":"中和區","village":"福真里","boundary_release":"1150817","identity_status":"named_village","population_join_status":"location_context_only"},"geometry":{"type":"Polygon","coordinates":[[[121.49446548000002,25.002135819000046],[121.49446548000002,25.002572433000072],[121.49395900000003,25.00494200000003],[121.49497600000005,25.005141000000037],[121.49468100000001,25.00545500000004],[121.49461900000007,25.005589000000043],[121.49469400000008,25.00581700000004],[121.49465199600003,25.005995059000043],[121.49475182600008,25.006213433000028],[121.49490862800008,25.006342963000066],[121.49543572800007,25.006551466000076],[121.49645950700005,25.00422647300007],[121.49668187100006,25.00234123000007],[121.49446548000002,25.002135819000046]]]}},{"type":"Feature","properties":{"county_id":"65000","district_id":"65000030","village_id":"65000030014","county":"新北市","district":"中和區","village":"福善里","boundary_release":"1150817","identity_status":"named_village","population_join_status":"location_context_only"},"geometry":{"type":"Polygon","coordinates":[[[121.49941247700009,25.003667119000056],[121.50008902800005,25.002654118000063],[121.49668187100006,25.00234123000007],[121.49645950700005,25.00422647300007],[121.49543572800007,25.006551466000076],[121.49579489400004,25.006615657000054],[121.4960130520001,25.006581570000034],[121.49620393900013,25.006431587000062],[121.4965043510001,25.006074817000066],[121.49646011900006,25.00589357400003],[121.49653100000012,25.005705000000038],[121.49859100000003,25.004682000000056],[121.49886200000003,25.004461000000042],[121.49931600000002,25.00383800000003],[121.49940700000002,25.003775000000076],[121.49941247700009,25.003667119000056]]]}},{"type":"Feature","properties":{"county_id":"65000","district_id":"65000030","village_id":"65000030055","county":"新北市","district":"中和區","village":"積穗里","boundary_release":"1150817","identity_status":"named_village","population_join_status":"location_context_only"},"geometry":{"type":"Polygon","coordinates":[[[121.47905045300003,25.004266579000046],[121.47765485500008,25.003353512000043],[121.47605761100012,25.00204823400003],[121.47630280600005,25.00345922600008],[121.47636409900008,25.003514691000078],[121.47664469300003,25.003561863000073],[121.47689215800006,25.003657212000054],[121.47724343300001,25.004033064000055],[121.47645619700005,25.00567202500002],[121.47739504900007,25.00552483200005],[121.4779518030001,25.005532255000045],[121.47928481400004,25.005934360000026],[121.47998246800013,25.00597954100004],[121.47984900200005,25.00645903800006],[121.48055753000007,25.00662276300005],[121.48108281200007,25.00651197000007],[121.48155580200012,25.00633968300008],[121.48199795000004,25.006267102000034],[121.48272929200003,25.00625251400004],[121.48273268700008,25.00587940500003],[121.48307432800004,25.004892021000042],[121.48332153800004,25.002818134000055],[121.48237581700005,25.002821453000028],[121.48209451700006,25.003275370000036],[121.48162781100007,25.003364876000028],[121.4814807670001,25.003441594000037],[121.4813273310001,25.00360781700004],[121.48120586000006,25.00385075800006],[121.48114193000005,25.00411287900004],[121.48095652700012,25.00434303400004],[121.48085423500004,25.004368606000067],[121.48056339200002,25.004258505000045],[121.48044300000005,25.00451400000002],[121.48030100000004,25.004529000000044],[121.48020500000007,25.00449500000008],[121.4802830000001,25.00440000000003],[121.48028000000012,25.00428300000004],[121.48012400000006,25.00426800000002],[121.47971900000006,25.00439700000004],[121.47945400000003,25.004560000000026],[121.47909200000005,25.00487900000007],[121.47881500000005,25.00464800000003],[121.47915438100006,25.004288848000044],[121.47905045300003,25.004266579000046]]]}},{"type":"Feature","properties":{"county_id":"65000","district_id":"65000030","village_id":"65000030067","county":"新北市","district":"中和區","village":"德穗里","boundary_release":"1150817","identity_status":"named_village","population_join_status":"location_context_only"},"geometry":{"type":"Polygon","coordinates":[[[121.46995219900009,25.003889571000055],[121.47075049900002,25.00422388900006],[121.47032339600003,25.005451766000075],[121.47120586700011,25.005814094000073],[121.47125864000009,25.005881280000036],[121.47127874700006,25.006053143000027],[121.4710198040001,25.006495300000037],[121.47092846300006,25.006572064000068],[121.47109573200008,25.006628736000042],[121.47174191700003,25.00642642900004],[121.47183517600001,25.006360466000036],[121.47186474600007,25.006267209000036],[121.47269478100007,25.000329802000067],[121.47253079600013,25.000294496000038],[121.47156471600012,25.000274726000047],[121.47158100000001,25.00085100000007],[121.47133700000008,25.00085100000007],[121.47135600000001,25.00187900000003],[121.47122500000012,25.001894000000046],[121.47111145200007,25.00176769600006],[121.47095749000005,25.00181134800005],[121.47081044700009,25.00204150400003],[121.47049639700005,25.002749063000067],[121.47035000000007,25.002700000000058],[121.4700230000001,25.003557000000054],[121.47009600000003,25.003580000000053],[121.46995219900009,25.003889571000055]]]}},{"type":"Feature","properties":{"county_id":"65000","district_id":"65000030","village_id":"65000030016","county":"新北市","district":"中和區","village":"福祥里","boundary_release":"1150817","identity_status":"named_village","population_join_status":"location_context_only"},"geometry":{"type":"Polygon","coordinates":[[[121.49941247700009,25.003667119000056],[121.49940700000002,25.003775000000076],[121.49931600000002,25.00383800000003],[121.49886200000003,25.004461000000042],[121.49859100000003,25.004682000000056],[121.49653100000012,25.005705000000038],[121.49646011900006,25.00589357400003],[121.4965043510001,25.006074817000066],[121.49664707100011,25.00602935900002],[121.49684477700008,25.006063446000038],[121.49711065700001,25.006117984000063],[121.49728791000007,25.006233880000025],[121.4973969900001,25.006247514000055],[121.49766968700011,25.00619297500003],[121.49796283600006,25.00621342600004],[121.49807873300006,25.006281600000023],[121.49835143100006,25.006622470000025],[121.49835157000007,25.006820105000035],[121.49907408000001,25.00678949300004],[121.49937404600007,25.006673597000024],[121.49969545400008,25.005822829000063],[121.49997800000007,25.005878000000052],[121.50067225400005,25.00485073800007],[121.50048842600006,25.004702223000038],[121.50056800000006,25.004150000000035],[121.50124400000003,25.003824000000066],[121.50118800000007,25.003428000000046],[121.50062236200006,25.00268806500003],[121.50008902800005,25.002654118000063],[121.49941247700009,25.003667119000056]]]}},{"type":"Feature","properties":{"county_id":"65000","district_id":"65000030","village_id":"65000030019","county":"新北市","district":"中和區","village":"佳和里","boundary_release":"1150817","identity_status":"named_village","population_join_status":"location_context_only"},"geometry":{"type":"Polygon","coordinates":[[[121.50048842600006,25.004702223000038],[121.50067225400005,25.00485073800007],[121.50063416500006,25.004907096000064],[121.50105900000007,25.00508800000005],[121.5014020000001,25.005083000000077],[121.50167600000009,25.00478600000002],[121.50201400000003,25.004704000000057],[121.50280800000009,25.004971000000065],[121.50313500000006,25.005132000000057],[121.5031190000001,25.00541800000008],[121.50283912300007,25.00580437200005],[121.50214873800007,25.00583845900007],[121.50159652600009,25.005988443000025],[121.50159652700007,25.006077070000053],[121.50167151900008,25.006192965000018],[121.50208738300012,25.00667700000002],[121.50205824200007,25.006739207000063],[121.50144862800003,25.006964465000067],[121.5005807320001,25.00705877800004],[121.50058489800007,25.007146264000028],[121.50083367400008,25.007336820000035],[121.50042393300008,25.007590536000063],[121.50070484600008,25.00791577900002],[121.50107029900006,25.007680177000054],[121.5014574500001,25.007613669000015],[121.50278387200002,25.007048018000038],[121.5028890230001,25.007016984000067],[121.503314691,25.007103730000036],[121.50367233300004,25.007029661000047],[121.50458133000008,25.006453761000046],[121.50547270600009,25.006120937000045],[121.50568062100001,25.005976375000046],[121.50433713100004,25.004904469000053],[121.50416669600008,25.004686313000036],[121.50266003900005,25.003442141000043],[121.50216236600012,25.003053550000065],[121.50169878100009,25.002849029000064],[121.50062236200006,25.00268806500003],[121.50118800000007,25.003428000000046],[121.50124400000003,25.003824000000066],[121.50056800000006,25.004150000000035],[121.50048842600006,25.004702223000038]]]}},{"type":"Feature","properties":{"county_id":"65000","district_id":"65000030","village_id":"65000030063","county":"新北市","district":"中和區","village":"瑞穗里","boundary_release":"1150817","identity_status":"named_village","population_join_status":"location_context_only"},"geometry":{"type":"Polygon","coordinates":[[[121.47226714800003,25.00352778900002],[121.47183517600001,25.006360466000036],[121.47174191700003,25.00642642900004],[121.47108821100007,25.006629039000074],[121.47159062900006,25.006875332000046],[121.4717640130001,25.006897994000045],[121.47195295900006,25.00699022200007],[121.47307151300004,25.00799252600007],[121.47323906800011,25.008075340000065],[121.47387283700006,25.00655508500006],[121.47391758800005,25.006356896000053],[121.47375367600011,25.00605349700004],[121.4740198720001,25.00513899600002],[121.47401346900006,25.00345458200007],[121.47374273700008,25.003539102000037],[121.47369658400011,25.00395734800003],[121.47353327000009,25.003979617000024],[121.47327345000008,25.003979617000027],[121.47310271100002,25.003801459000044],[121.4726360000001,25.003547000000026],[121.47226714800003,25.00352778900002]]]}},{"type":"Feature","properties":{"county_id":"65000","district_id":"65000030","village_id":"65000030015","county":"新北市","district":"中和區","village":"福美里","boundary_release":"1150817","identity_status":"named_village","population_join_status":"location_context_only"},"geometry":{"type":"Polygon","coordinates":[[[121.49969545400008,25.005822829000063],[121.49937404600007,25.006673597000024],[121.49907408000001,25.00678949300004],[121.49835157000007,25.006820105000035],[121.49837188700008,25.00811888800007],[121.49844720500005,25.008511134000052],[121.49886389900007,25.008367487000047],[121.499269045,25.00858468100006],[121.49944177400005,25.008603274000055],[121.49965871000008,25.008509340000046],[121.5000029800001,25.00825126800003],[121.50045710900008,25.00808484900006],[121.50070484600008,25.00791577900002],[121.50042393300008,25.007590536000063],[121.50083367400008,25.007336820000035],[121.50058489800007,25.007146264000028],[121.5005807320001,25.00705877800004],[121.50144862800003,25.006964465000067],[121.50205824200007,25.006739207000063],[121.50208738300012,25.00667700000002],[121.50167151900008,25.006192965000018],[121.50159652700007,25.006077070000053],[121.50159652600009,25.005988443000025],[121.50214873800007,25.00583845900007],[121.50283912300007,25.00580437200005],[121.5031190000001,25.00541800000008],[121.50313500000006,25.005132000000057],[121.50280800000009,25.004971000000065],[121.50201400000003,25.004704000000057],[121.50167600000009,25.00478600000002],[121.5014020000001,25.005083000000077],[121.50105900000007,25.00508800000005],[121.50063416500006,25.004907096000064],[121.49997800000007,25.005878000000052],[121.49969545400008,25.005822829000063]]]}},{"type":"Feature","properties":{"county_id":"65000","district_id":"65000030","village_id":"65000030027","county":"新北市","district":"中和區","village":"秀山里","boundary_release":"1150817","identity_status":"named_village","population_join_status":"location_context_only"},"geometry":{"type":"Polygon","coordinates":[[[121.51986171500005,24.993766158000025],[121.52000101300007,24.993779563000032],[121.5199754460001,24.994178154000053],[121.52007937200004,24.99428208100005],[121.52006452500007,24.99442312500002],[121.52035440700001,24.99624806800005],[121.52084900900003,24.996355596000054],[121.521890675,24.996230705000066],[121.52225441900009,24.996134201000075],[121.52194263700007,24.99407051000002],[121.52253650500008,24.993001546000073],[121.52292251900009,24.992478199000058],[121.52356092800007,24.991832366000036],[121.52371330000007,24.991586605000066],[121.523553504,24.991494603000035],[121.5230041750001,24.991323868000045],[121.52227668400008,24.991264484000048],[121.52223214200001,24.990989822000074],[121.52212079100002,24.99070031300005],[121.52100805100008,24.991018764000046],[121.52106132200004,24.99115436100004],[121.5205450000001,24.992005000000063],[121.52106800000003,24.992080000000044],[121.52081300000009,24.992611000000068],[121.520889,24.99263700000005],[121.52069800000004,24.992987000000024],[121.52043800000003,24.99304000000006],[121.51986171500005,24.993766158000025]]]}},{"type":"Feature","properties":{"county_id":"65000","district_id":"65000030","village_id":"65000030039","county":"新北市","district":"中和區","village":"崇南里","boundary_release":"1150817","identity_status":"named_village","population_join_status":"location_context_only"},"geometry":{"type":"Polygon","coordinates":[[[121.51345007900012,24.985136080000082],[121.5134809120001,24.985649513000048],[121.51250700000004,24.985747000000067],[121.51254100000004,24.98591900000002],[121.51234000000012,24.985932000000048],[121.5122179990001,24.986101604000055],[121.51209922400005,24.986123874000047],[121.51206210800002,24.98625007100003],[121.51207209300003,24.986714386000074],[121.51231450600005,24.987122310000075],[121.51280445300006,24.988228383000035],[121.51287868800011,24.98833231000003],[121.51315746300007,24.988470721000056],[121.51360617400009,24.98753801000003],[121.51397734100009,24.986973835000068],[121.51446728200007,24.986721439000068],[121.515383755,24.986505046000044],[121.51501181700006,24.986122730000034],[121.51485482600003,24.985776613000034],[121.51478211200003,24.984927008000053],[121.51417814900003,24.984949379000053],[121.51416400000005,24.984658000000024],[121.51365700000008,24.984609000000034],[121.51345007900012,24.985136080000082]]]}},{"type":"Feature","properties":{"county_id":"65000","district_id":"65000030","village_id":"65000030038","county":"新北市","district":"中和區","village":"忠孝里","boundary_release":"1150817","identity_status":"named_village","population_join_status":"location_context_only"},"geometry":{"type":"Polygon","coordinates":[[[121.5094407040001,24.988331808000055],[121.50973826700012,24.988781888000062],[121.51100500000008,24.98557700000003],[121.51062100000001,24.985460000000042],[121.5108570000001,24.984898000000033],[121.51033700000006,24.98472900000007],[121.5101410000001,24.98517400000003],[121.50997200000006,24.98506500000008],[121.51062394400002,24.983146199000025],[121.51039925900012,24.98283164000003],[121.51001324300013,24.982735140000045],[121.50905563100001,24.98298011400004],[121.50878096600002,24.982957845000037],[121.50866465100012,24.98290245900006],[121.5079792470001,24.984089906000065],[121.50729770400005,24.98553836900004],[121.50790895800004,24.986039849000065],[121.5078930000001,24.98590500000006],[121.50800900000002,24.98589000000004],[121.50875300900009,24.98647299600003],[121.50926595300008,24.98701893900005],[121.50986329400006,24.987251418000024],[121.5094407040001,24.988331808000055]]]}},{"type":"Feature","properties":{"county_id":"65000","district_id":"65000030","village_id":"65000030036","county":"新北市","district":"中和區","village":"東南里","boundary_release":"1150817","identity_status":"named_village","population_join_status":"location_context_only"},"geometry":{"type":"Polygon","coordinates":[[[121.50973826700012,24.988781888000062],[121.51046817100007,24.989770353000036],[121.5107407600001,24.989070941000016],[121.51162413300007,24.98717427700007],[121.51171321200003,24.986847651000065],[121.51192106600001,24.986669490000057],[121.51207209300003,24.986714386000074],[121.51206210800002,24.98625007100003],[121.51209922400005,24.986123874000047],[121.5122179990001,24.986101604000055],[121.51234000000012,24.985932000000048],[121.51254100000004,24.98591900000002],[121.51250700000004,24.985747000000067],[121.5134809120001,24.985649513000048],[121.51347996700008,24.985210799000072],[121.51342058000012,24.985062332000037],[121.51330922900001,24.985032640000046],[121.51264855000011,24.98507718400003],[121.51217345400005,24.985151418000044],[121.51217116700002,24.985098830000023],[121.51153000000012,24.984363000000023],[121.51162055800012,24.983733292000068],[121.51076300700004,24.983306732000077],[121.51062394400002,24.983146199000025],[121.50997200000006,24.98506500000008],[121.5101410000001,24.98517400000003],[121.51033700000006,24.98472900000007],[121.5108570000001,24.984898000000033],[121.51062100000001,24.985460000000042],[121.51100500000008,24.98557700000003],[121.50973826700012,24.988781888000062]]]}},{"type":"Feature","properties":{"county_id":"65000","district_id":"65000030","village_id":"65000030088","county":"新北市","district":"中和區","village":"員富里","boundary_release":"1150817","identity_status":"named_village","population_join_status":"location_context_only"},"geometry":{"type":"Polygon","coordinates":[[[121.47524523000003,25.010164435000036],[121.47550993700008,25.010722746000056],[121.4763377590001,25.011258502000032],[121.4766948150001,25.011322331000024],[121.4769955490001,25.011321378000048],[121.47778519600003,25.011212109000034],[121.47833625300005,25.011196562000066],[121.47927710100008,25.011440109000034],[121.48050861600007,25.01160802800007],[121.48097316100007,25.01161719600003],[121.48157140700005,25.011522298000042],[121.48182120700007,25.01130262800007],[121.48207032300003,25.011206038000072],[121.48202249800012,25.01054392900005],[121.48156200000004,25.010479000000032],[121.4815940000001,25.010260000000077],[121.48199877700006,25.010342344000037],[121.48197008400008,25.010072647000076],[121.48203947000003,25.00915513900003],[121.48212428000011,25.008831313000027],[121.48235558400006,25.008561457000045],[121.48226306000004,25.008160531000048],[121.48220728400007,25.008104756000023],[121.48216685200008,25.008224587000022],[121.48164873000007,25.008879057000055],[121.48110333800003,25.00930173700004],[121.48075565000009,25.009519893000057],[121.48053749300003,25.009594884000016],[121.48016540700007,25.009698382000067],[121.47993633700003,25.00969586000008],[121.47784099800003,25.009291669000046],[121.47678212800007,25.00850580000002],[121.47631213800001,25.00808594200004],[121.47638600000006,25.008001000000032],[121.47634100000006,25.007933000000037],[121.47622189600008,25.008008635000067],[121.47559020400001,25.007444000000074],[121.47545000000002,25.007444000000078],[121.47512900000002,25.00846100000006],[121.47602200000004,25.00876100000005],[121.47524523000003,25.010164435000036]]]}},{"type":"Feature","properties":{"county_id":"65000","district_id":"65000030","village_id":"65000030035","county":"新北市","district":"中和區","village":"華新里","boundary_release":"1150817","identity_status":"named_village","population_join_status":"location_context_only"},"geometry":{"type":"Polygon","coordinates":[[[121.50878096400005,24.982694318000025],[121.50954620600011,24.981889591000026],[121.50936800000012,24.98155500000007],[121.50988100000006,24.98067000000003],[121.51056270800008,24.980848250000065],[121.51184006800008,24.979570679000062],[121.5112649990001,24.979254933000053],[121.51108375900004,24.978957863000062],[121.51108611100005,24.97852870300005],[121.51090676700004,24.978093946000058],[121.51027912200006,24.977850238000023],[121.50976036800012,24.977387611000037],[121.5095688560001,24.977015720000054],[121.50900508400004,24.976510910000062],[121.5085133330001,24.976401170000035],[121.50762689300007,24.975979407000068],[121.50719162000006,24.975993921000054],[121.50710866100009,24.975930440000067],[121.50633864600002,24.97702291700006],[121.50587840200001,24.97780607900006],[121.50515092100012,24.97943178900004],[121.50499503300011,24.979895747000057],[121.50495550700009,24.98101733500005],[121.5050544270001,24.98109461300004],[121.50544044200001,24.981220807000053],[121.5052838910001,24.981589862000078],[121.505761,24.981777000000022],[121.505895,24.981475000000042],[121.50866465100012,24.98290245900006],[121.50878096400005,24.982694318000025]]]}},{"type":"Feature","properties":{"county_id":"65000","district_id":"65000030","village_id":"65000030034","county":"新北市","district":"中和區","village":"頂南里","boundary_release":"1150817","identity_status":"named_village","population_join_status":"location_context_only"},"geometry":{"type":"Polygon","coordinates":[[[121.50694824700008,24.98200326500006],[121.505895,24.981475000000042],[121.505761,24.981777000000022],[121.5052838910001,24.981589862000078],[121.50544044200001,24.981220807000053],[121.5050544270001,24.98109461300004],[121.50495550700009,24.98101733500005],[121.50412492200007,24.983103652000068],[121.50415461600005,24.983222426000054],[121.50468329500008,24.98393297000007],[121.50552928600005,24.98434807900003],[121.50597984900001,24.98384740000005],[121.50694824700008,24.98200326500006]]]}},{"type":"Feature","properties":{"county_id":"65000","district_id":"65000030","village_id":"65000030041","county":"新北市","district":"中和區","village":"橫路里","boundary_release":"1150817","identity_status":"named_village","population_join_status":"location_context_only"},"geometry":{"type":"Polygon","coordinates":[[[121.4969958920001,24.97674095000008],[121.49660832600011,24.97658897000002],[121.49619230000008,24.976351766000047],[121.4948785360001,24.97528617400007],[121.49444791000008,24.97468038900007],[121.49436762300002,24.974465079000023],[121.4943530260001,24.97431180800004],[121.49440411500007,24.974202328000054],[121.4952142630001,24.973472462000068],[121.4953091440001,24.973319189000055],[121.49550620600006,24.972735298000032],[121.49554999500003,24.972465248000045],[121.4969801530001,24.970065329000082],[121.49660181200011,24.969946687000057],[121.49628223800005,24.969739520000072],[121.49603177000006,24.96948793600006],[121.49597580100009,24.969355605000032],[121.49583661000008,24.969204615000017],[121.49570473200004,24.96914826800003],[121.4953372970001,24.969099014000047],[121.49515630200005,24.968891382000038],[121.49500353500002,24.968809852000053],[121.49390916100005,24.968908204000055],[121.49251595300008,24.96815239200004],[121.49233525700004,24.968020464000062],[121.49168113200005,24.967334744000024],[121.49141073800001,24.967297765000062],[121.49125151900013,24.967336153000076],[121.49062095300006,24.967338216000027],[121.49013534900007,24.967200962000046],[121.4897882790001,24.967050638000035],[121.48935406500004,24.966765061000046],[121.48902722900003,24.96647584200002],[121.48821431900001,24.965929458000065],[121.48779804000003,24.965798290000066],[121.48673572000007,24.965259019000023],[121.48601100000008,24.96502489200003],[121.4857190250001,24.964786037000064],[121.4854902410001,24.964755223000054],[121.48507484600007,24.964844919000022],[121.48475618500004,24.96486487900006],[121.484277528,24.964727593000074],[121.48374937200003,24.96433803700006],[121.48322993100011,24.96382899700006],[121.48247824400005,24.963357157000075],[121.48196419400006,24.963318195000056],[121.481867308,24.963349557000072],[121.48162213600006,24.963677524000044],[121.48133987800009,24.963910084000076],[121.48113595800011,24.963971622000027],[121.479801585,24.963923739000055],[121.47989158000007,24.964361300000057],[121.47986855600006,24.96481399400005],[121.47975338500011,24.965019434000048],[121.47948302800012,24.965257051000037],[121.47932569200007,24.965763093000074],[121.47881802500001,24.96635442500008],[121.47866237000007,24.96663344700005],[121.47885435500008,24.967093185000063],[121.47946691900006,24.967714511000047],[121.47949354700008,24.968032984000043],[121.47942806000002,24.968577372000027],[121.47946934400011,24.969037107000073],[121.4798657450001,24.97009096400006],[121.47969428000012,24.97112417900007],[121.47970630600003,24.97182617200008],[121.47958604000007,24.972337800000048],[121.47957646600001,24.97262291400005],[121.47971025900004,24.97272616100002],[121.4801107740001,24.972826890000082],[121.48054947100003,24.973042364000033],[121.48099912400006,24.97311090700003],[121.48172901300006,24.973140064000063],[121.48182977400008,24.97321846300002],[121.48163982800008,24.973628313000056],[121.48573878500007,24.975070668000054],[121.48599860400009,24.975434411000034],[121.48654051600009,24.976384594000013],[121.48734224600003,24.97733848800004],[121.48749071400005,24.977442414000052],[121.4877876490001,24.977538917000057],[121.48844090800003,24.97763541800003],[121.48915355200006,24.977683668000054],[121.48936140800005,24.977757900000025],[121.48942821900005,24.97789152100006],[121.48945791400001,24.978277532000046],[121.48909416900005,24.978626429000027],[121.48901993600008,24.97876747200007],[121.4891094520001,24.979310980000033],[121.48927233300003,24.97931308500006],[121.48976970000001,24.97951351400008],[121.49009633100002,24.980033145000053],[121.49036357400009,24.980307806000035],[121.49100940900007,24.980582468000026],[121.4912395350001,24.980760627000052],[121.49141027300004,24.980834859000023],[121.49313249800002,24.981484392000024],[121.49377090900008,24.98168482000006],[121.49416434900003,24.98187782400004],[121.49692584800005,24.98329195400003],[121.49792058300012,24.98402685800005],[121.49821009600011,24.984301519000038],[121.49847124900009,24.984379634000053],[121.49885002500004,24.984650627000068],[121.49875416700002,24.984278054000068],[121.49881985400009,24.984117485000073],[121.50017010700003,24.983497097000054],[121.50057883100011,24.98324164200005],[121.5008269850001,24.98302998100007],[121.50093646500011,24.982840216000053],[121.50100215000009,24.98242419500007],[121.50092186500001,24.982300120000044],[121.50044745000002,24.981913294000037],[121.49987815200005,24.981577561000044],[121.4977323380001,24.980895149000048],[121.49904000000005,24.979806000000057],[121.49815021900008,24.979493747000046],[121.49839651000003,24.978935468000028],[121.4984621970001,24.97866541900004],[121.49841840500005,24.978464706000064],[121.49805346800008,24.977917311000052],[121.49787830000002,24.977764042000043],[121.49773861200003,24.977711660000065],[121.49783500000001,24.977276000000067],[121.49784000000011,24.976693000000065],[121.4969958920001,24.97674095000008]]]}},{"type":"Feature","properties":{"county_id":"65000","district_id":"65000030","village_id":"65000030037","county":"新北市","district":"中和區","village":"華南里","boundary_release":"1150817","identity_status":"named_village","population_join_status":"location_context_only"},"geometry":{"type":"Polygon","coordinates":[[[121.51076300700004,24.983306732000077],[121.51162055800012,24.983733292000068],[121.51153000000012,24.984363000000023],[121.51217116700002,24.985098830000023],[121.51217345400005,24.985151418000044],[121.51330922900001,24.985032640000046],[121.51342058000012,24.985062332000037],[121.51345007900012,24.985136080000082],[121.51365700000008,24.984609000000034],[121.51416400000005,24.984658000000024],[121.51417814900003,24.984949379000053],[121.51478211200003,24.984927008000053],[121.5146793020001,24.984385390000053],[121.5140100970001,24.98369489700007],[121.51382019500011,24.98311272400002],[121.51383185600001,24.982880153000057],[121.51390903300012,24.982628862000066],[121.51413161600011,24.982255057000028],[121.51441606100002,24.98194323600006],[121.51447936400008,24.981753696000055],[121.51431775300011,24.98162806200002],[121.5140430890001,24.981538405000038],[121.51376182600006,24.981380057000024],[121.51342644700003,24.981014757000025],[121.5128831630001,24.980160567000034],[121.5126250850001,24.97990653900007],[121.51236827100003,24.97976541300005],[121.51184006800008,24.979570679000062],[121.51056270800008,24.980848250000065],[121.50988100000006,24.98067000000003],[121.50936800000012,24.98155500000007],[121.50954620600011,24.981889591000026],[121.50878096400005,24.982694318000025],[121.50866465100012,24.98290245900006],[121.50878096600002,24.982957845000037],[121.50905563100001,24.98298011400004],[121.51001324300013,24.982735140000045],[121.51039925900012,24.98283164000003],[121.51076300700004,24.983306732000077]]]}},{"type":"Feature","properties":{"county_id":"65000","district_id":"65000030","village_id":"65000030042","county":"新北市","district":"中和區","village":"內南里","boundary_release":"1150817","identity_status":"named_village","population_join_status":"location_context_only"},"geometry":{"type":"Polygon","coordinates":[[[121.4977323380001,24.980895149000048],[121.49987815200005,24.981577561000044],[121.50044745000002,24.981913294000037],[121.50092186500001,24.982300120000044],[121.50100215000009,24.98242419500007],[121.50100215100008,24.982562869000045],[121.50093646500011,24.982840216000053],[121.5008269850001,24.98302998100007],[121.50057883100011,24.98324164200005],[121.50017010700003,24.983497097000054],[121.49881985400009,24.984117485000073],[121.49875416700002,24.984278054000068],[121.49885002500004,24.984650627000068],[121.49915349100002,24.984861165000037],[121.49999628700006,24.985008011000048],[121.50017506100004,24.985110166000027],[121.50057730500009,24.985493250000047],[121.50094762600008,24.985672021000024],[121.50166272300011,24.985582631000053],[121.50175211100009,24.985589015000077],[121.50203942700013,24.985748633000078],[121.50237782300009,24.98602956000007],[121.5027465510001,24.98735805400002],[121.50281953700005,24.98737995000005],[121.50292901700004,24.987314262000044],[121.503359638,24.986737669000036],[121.50350561000005,24.986620890000037],[121.50369537600011,24.986591695000076],[121.50380622100012,24.98662464700004],[121.5040165150001,24.98601510100007],[121.50415518900003,24.985766948000045],[121.50477557400008,24.985095471000022],[121.50480476500003,24.984387504000036],[121.50468329500008,24.98393297000007],[121.50415461600005,24.983222426000054],[121.50412492200007,24.983103652000068],[121.50495792200002,24.981009245000056],[121.50499503300011,24.979895747000057],[121.50515092100012,24.97943178900004],[121.50587840200001,24.97780607900006],[121.50633864600002,24.97702291700006],[121.50710866100009,24.975930440000067],[121.50681144900011,24.975520736000075],[121.5065511470001,24.97524974000004],[121.50603661900003,24.975079280000042],[121.50590414600003,24.974969237000042],[121.50584384500007,24.97418293500004],[121.5057390720001,24.973927687000074],[121.50563514400007,24.97381755300006],[121.50550279000004,24.973736758000026],[121.50520993700002,24.97367276900007],[121.50501639700008,24.973462187000052],[121.50469107300012,24.973310569000027],[121.50453038700005,24.973281875000055],[121.50418711600004,24.97331397000005],[121.50407412800007,24.973217227000074],[121.50425987200002,24.97288633000005],[121.5042590270001,24.97267809000004],[121.5041544290001,24.972514393000036],[121.50353468700007,24.971765603000055],[121.50284470200008,24.971341123000062],[121.50277494400008,24.97122777500005],[121.50270319000003,24.97062851900006],[121.50234800300008,24.97018799100004],[121.50198632600008,24.96985476300006],[121.50184754100009,24.96980475500003],[121.50148067400005,24.969894362000044],[121.50088892000007,24.970142862000042],[121.50016143800009,24.970157969000073],[121.50002304300007,24.97020260000005],[121.49949843200011,24.97069031500007],[121.49893672600001,24.970578636000027],[121.49862489800013,24.970573390000027],[121.49818165400006,24.970625379000072],[121.4978149860001,24.970765460000052],[121.49770409900009,24.970759528000027],[121.49767535300009,24.97050719600002],[121.49758463400008,24.970349742000057],[121.49734841000009,24.97019277300007],[121.4969801530001,24.970065329000082],[121.49554999500003,24.972465248000045],[121.49550620600006,24.972735298000032],[121.4953091440001,24.973319189000055],[121.4952142630001,24.973472462000068],[121.49440411500007,24.974202328000054],[121.4943530260001,24.97431180800004],[121.49444791000008,24.97468038900007],[121.4948785360001,24.97528617400007],[121.49619230000008,24.976351766000047],[121.49660832600011,24.97658897000002],[121.4969958920001,24.97674095000008],[121.49784000000011,24.976693000000065],[121.49783500000001,24.977276000000067],[121.49773861200003,24.977711660000065],[121.49787830000002,24.977764042000043],[121.49805346800008,24.977917311000052],[121.49841840500005,24.978464706000064],[121.4984621970001,24.97866541900004],[121.49839651000003,24.978935468000028],[121.49815021900008,24.979493747000046],[121.49904000000005,24.979806000000057],[121.4977323380001,24.980895149000048]]]}},{"type":"Feature","properties":{"county_id":"65000","district_id":"65000030","village_id":"65000030080","county":"新北市","district":"中和區","village":"福南里","boundary_release":"1150817","identity_status":"named_village","population_join_status":"location_context_only"},"geometry":{"type":"Polygon","coordinates":[[[121.50664696800006,24.98703334200007],[121.50611800000001,24.986846000000067],[121.50641800000005,24.986379000000053],[121.50679900000011,24.985975000000053],[121.50779773600004,24.98650954800007],[121.5079330000001,24.98624300000006],[121.50790895800004,24.986039849000065],[121.50674697200009,24.98509948400004],[121.50524403900012,24.984181855000035],[121.50468329500008,24.98393297000007],[121.50480476500003,24.984387504000036],[121.50477557400008,24.985095471000022],[121.50415518900003,24.985766948000045],[121.5040165150001,24.98601510100007],[121.50380622100012,24.98662464700004],[121.50443984100002,24.986905532000034],[121.50452012800008,24.987015011000036],[121.50470259600002,24.98757700300007],[121.50482667300003,24.987693780000026],[121.50542516600002,24.987898139000038],[121.50687087600012,24.988194707000048],[121.50664696800006,24.98703334200007]]]}},{"type":"Feature","properties":{"county_id":"65000","district_id":"65000030","village_id":"65000030040","county":"新北市","district":"中和區","village":"景南里","boundary_release":"1150817","identity_status":"named_village","population_join_status":"location_context_only"},"geometry":{"type":"Polygon","coordinates":[[[121.51683534900008,24.98957198500005],[121.51700952700003,24.98930886500006],[121.5184690000001,24.98895100000004],[121.51882011200007,24.988305310000047],[121.51846300400007,24.988115789000055],[121.51815950100003,24.987794850000046],[121.5179302350001,24.987652627000045],[121.51774027700002,24.987687188000052],[121.51737685100011,24.987921090000043],[121.51723912300008,24.98792784200003],[121.51714757800005,24.987878571000067],[121.51693962900003,24.98756314700006],[121.51666498400004,24.987345431000048],[121.5161939740001,24.987279439000073],[121.51590096000007,24.98712064000006],[121.515383755,24.986505046000044],[121.51446728200007,24.986721439000068],[121.51397734100009,24.986973835000068],[121.51360617400009,24.98753801000003],[121.51280078900005,24.989192633000066],[121.51317562700001,24.98933445600005],[121.51335378600005,24.989022676000044],[121.51393281000003,24.989260219000073],[121.51486815600003,24.989549724000028],[121.51484293500006,24.989927566000066],[121.51516509200007,24.989891196000023],[121.51543975700008,24.989972850000065],[121.51562534200004,24.990099046000065],[121.51604546600005,24.990265681000036],[121.51683534900008,24.98957198500005]]]}},{"type":"Feature","properties":{"county_id":"65000","district_id":"65000030","village_id":"65000030044","county":"新北市","district":"中和區","village":"外南里","boundary_release":"1150817","identity_status":"named_village","population_join_status":"location_context_only"},"geometry":{"type":"Polygon","coordinates":[[[121.50669396900003,24.98992105500003],[121.50693650000007,24.99027447300006],[121.50731400000006,24.989605000000036],[121.50728282600006,24.989515581000028],[121.5073593190001,24.989408946000026],[121.50710386500008,24.989124300000075],[121.50704547500004,24.989000223000055],[121.50687087600012,24.988194707000048],[121.50542516600002,24.987898139000038],[121.50482667300003,24.987693780000026],[121.50470259600002,24.98757700300007],[121.50452012800008,24.987015011000036],[121.50443984100002,24.986905532000034],[121.50396542700003,24.98667197800006],[121.50369537600011,24.986591695000076],[121.50350561000005,24.986620890000037],[121.503359638,24.986737669000036],[121.50303119800003,24.987219380000056],[121.50281953700005,24.98737995000005],[121.5027465510001,24.98735805400002],[121.50270275900003,24.987263173000034],[121.50260651700013,24.98690775200004],[121.50282349800013,24.990246728000045],[121.50376972700009,24.990253077000034],[121.5037956110001,24.990302166000046],[121.50440820800009,24.99009984000003],[121.50585755800013,24.989755055000042],[121.50639388100002,24.989799745000028],[121.50669396900003,24.98992105500003]]]}},{"type":"Feature","properties":{"county_id":"65000","district_id":"65000030","village_id":"65000030043","county":"新北市","district":"中和區","village":"壽南里","boundary_release":"1150817","identity_status":"named_village","population_join_status":"location_context_only"},"geometry":{"type":"Polygon","coordinates":[[[121.50837955700001,24.989921047000053],[121.50858787200002,24.98976138300003],[121.508462,24.98973100000006],[121.50876200000005,24.98895400000004],[121.50930191600004,24.989103783000076],[121.50943196300011,24.98900057000003],[121.50935200000004,24.988732000000024],[121.50950603500007,24.98842306100004],[121.5094407040001,24.988331808000055],[121.50986329400006,24.987251418000024],[121.50926595300008,24.98701893900005],[121.50875300900009,24.98647299600003],[121.50800900000002,24.98589000000004],[121.5078930000001,24.98590500000006],[121.5079330000001,24.98624300000006],[121.50779773600004,24.98650954800007],[121.50679900000011,24.985975000000053],[121.50641800000005,24.986379000000053],[121.50611800000001,24.986846000000067],[121.50664696800006,24.98703334200007],[121.50704547500004,24.989000223000055],[121.50710386500008,24.989124300000075],[121.5073593190001,24.989408946000026],[121.50728282600006,24.989515581000028],[121.50731400000006,24.989605000000036],[121.50693650000007,24.99027447300006],[121.50708982900004,24.990616992000074],[121.50703236700008,24.99071915000007],[121.50751500000003,24.990441000000033],[121.50756760000002,24.990168578000066],[121.50781131000008,24.990023206000043],[121.50798370000007,24.989940203000057],[121.50837955700001,24.989921047000053]]]}},{"type":"Feature","properties":{"county_id":"65000","district_id":"65000030","village_id":"65000030079","county":"新北市","district":"中和區","village":"景本里","boundary_release":"1150817","identity_status":"named_village","population_join_status":"location_context_only"},"geometry":{"type":"Polygon","coordinates":[[[121.5121270300001,24.99061886800007],[121.51235900000006,24.990694000000072],[121.51263300000005,24.990585000000067],[121.51293300000009,24.990699000000063],[121.51296300000001,24.990633000000063],[121.51315800000009,24.990660000000045],[121.51316400000006,24.990723000000056],[121.51402200000008,24.990996000000045],[121.51405200000012,24.99096600000007],[121.51412400000005,24.99099800000005],[121.51412900000001,24.990954000000045],[121.5144148510001,24.99105454000005],[121.51478650100013,24.990158437000048],[121.51486815700002,24.989824386000063],[121.51486815600003,24.989549724000028],[121.51393281000003,24.989260219000073],[121.51335378600005,24.989022676000044],[121.51317562700001,24.98933445600005],[121.51280078900005,24.989192633000066],[121.5121270300001,24.99061886800007]]]}},{"type":"Feature","properties":{"county_id":"65000","district_id":"65000030","village_id":"65000030086","county":"新北市","district":"中和區","village":"錦盛里","boundary_release":"1150817","identity_status":"named_village","population_join_status":"location_context_only"},"geometry":{"type":"Polygon","coordinates":[[[121.49446167800012,24.99178468000002],[121.49476505700011,24.99164095200006],[121.49488700000006,24.991436000000075],[121.49492500000008,24.99111700000003],[121.49471800000003,24.990551000000035],[121.495536,24.990429000000063],[121.49553100000004,24.99033900000006],[121.49581300000011,24.990300000000047],[121.49613893300011,24.991062001000042],[121.49628004300008,24.991067880000063],[121.49674029200001,24.991246037000053],[121.4969926870001,24.991201497000077],[121.49748545100012,24.990765940000077],[121.49733415400011,24.98893367200003],[121.49736384500011,24.988272997000024],[121.49746034800012,24.988079990000067],[121.4976013900001,24.987463855000044],[121.49774985700003,24.987144651000047],[121.49784636000004,24.98698876200006],[121.4981581400001,24.986717809000027],[121.4986555050001,24.986146211000058],[121.4986703500001,24.98590124200006],[121.49847124900009,24.984379634000053],[121.49821009600011,24.984301519000038],[121.49777733700012,24.983922180000025],[121.49663149500009,24.98633605500003],[121.4954183870001,24.988056753000023],[121.49500975900003,24.988277028000024],[121.49347740700011,24.988813355000048],[121.49369100000001,24.989236000000062],[121.49289639200003,24.98971999300005],[121.49169732700013,24.990560122000034],[121.49279848000005,24.99070043900002],[121.49350370100001,24.990897154000034],[121.49391941000012,24.991142121000053],[121.49446167800012,24.99178468000002]]]}},{"type":"Feature","properties":{"county_id":"65000","district_id":"65000030","village_id":"65000030032","county":"新北市","district":"中和區","village":"秀峰里","boundary_release":"1150817","identity_status":"named_village","population_join_status":"location_context_only"},"geometry":{"type":"Polygon","coordinates":[[[121.51795628700006,24.991928886000036],[121.51984924400006,24.991431517000024],[121.52125333500011,24.990948567000036],[121.52134876200013,24.990730008000067],[121.5216085740001,24.98939380900003],[121.52165311200007,24.989030067000048],[121.52162515400005,24.98833964800008],[121.52017471500007,24.98821085500003],[121.51985459600007,24.988084126000047],[121.51968468100006,24.988093154000072],[121.51882011200007,24.988305310000047],[121.5184690000001,24.98895100000004],[121.51700952700003,24.98930886500006],[121.51683534900008,24.98957198500005],[121.51667811200002,24.989713095000067],[121.51800500000002,24.99033000000003],[121.51750346100005,24.991984563000074],[121.51795628700006,24.991928886000036]]]}},{"type":"Feature","properties":{"county_id":"65000","district_id":"65000030","village_id":"65000030077","county":"新北市","district":"中和區","village":"秀士里","boundary_release":"1150817","identity_status":"named_village","population_join_status":"location_context_only"},"geometry":{"type":"Polygon","coordinates":[[[121.51604546600005,24.990265681000036],[121.51562534200004,24.990099046000065],[121.51543975700008,24.989972850000065],[121.51516509200007,24.989891196000023],[121.51484293500006,24.989927566000066],[121.51454153200008,24.99080426800003],[121.51391797400002,24.992036543000033],[121.5138437400001,24.992281513000027],[121.51392232700003,24.992392661000054],[121.51496466900004,24.992303778000068],[121.51750346100005,24.991984563000074],[121.51800500000002,24.99033000000003],[121.51667811200002,24.989713095000067],[121.51604546600005,24.990265681000036]]]}},{"type":"Feature","properties":{"county_id":"65000","district_id":"65000030","village_id":"65000030048","county":"新北市","district":"中和區","village":"景新里","boundary_release":"1150817","identity_status":"named_village","population_join_status":"location_context_only"},"geometry":{"type":"Polygon","coordinates":[[[121.50878000000012,24.99161900000007],[121.50898886200002,24.99168466800006],[121.50882273900005,24.992255170000075],[121.5097015,24.992474541000032],[121.50990193200003,24.992682392000063],[121.50990646700006,24.992887395000025],[121.5104067210001,24.992771471000022],[121.51107482400003,24.99232606700007],[121.51131237100002,24.99209223100007],[121.51165743600006,24.991547752000027],[121.51046817100007,24.989770353000036],[121.51032895200001,24.989881430000022],[121.50856453800009,24.990733398000035],[121.50890206200006,24.99129938200002],[121.50878000000012,24.99161900000007]]]}},{"type":"Feature","properties":{"county_id":"65000","district_id":"65000030","village_id":"65000030081","county":"新北市","district":"中和區","village":"中興里","boundary_release":"1150817","identity_status":"named_village","population_join_status":"location_context_only"},"geometry":{"type":"Polygon","coordinates":[[[121.49783895100008,24.99102704500007],[121.49907865900003,24.99226673600003],[121.49937700000011,24.992425000000022],[121.49953647200003,24.99295142200003],[121.49998269900004,24.992857498000042],[121.49985629700006,24.99278094500005],[121.49990008500004,24.99154747700004],[121.50000226300004,24.99050377400004],[121.50007524800003,24.99033590500005],[121.50021392300005,24.99024832100002],[121.50045477800008,24.990219126000053],[121.50282349800013,24.990246728000045],[121.50260651700013,24.98690775200004],[121.50237782300009,24.98602956000007],[121.50226928100007,24.985908251000065],[121.50175211100009,24.985589015000077],[121.50094762600008,24.985672021000024],[121.50057730500009,24.985493250000047],[121.50017506100004,24.985110166000027],[121.49999628700006,24.985008011000048],[121.49915349100002,24.984861165000037],[121.49847124900009,24.984379634000053],[121.49864065500003,24.985478114000042],[121.4986555050001,24.986146211000058],[121.4981581400001,24.986717809000027],[121.49784636000004,24.98698876200006],[121.49774985700003,24.987144651000047],[121.4976013900001,24.987463855000044],[121.49746034800012,24.988079990000067],[121.49736384500011,24.988272997000024],[121.49733415400011,24.98893367200003],[121.49748545100012,24.990765940000077],[121.49783895100008,24.99102704500007]]]}},{"type":"Feature","properties":{"county_id":"65000","district_id":"65000030","village_id":"65000030049","county":"新北市","district":"中和區","village":"景福里","boundary_release":"1150817","identity_status":"named_village","population_join_status":"location_context_only"},"geometry":{"type":"Polygon","coordinates":[[[121.50490683500004,24.993486408000024],[121.50918186500007,24.992927366000057],[121.50990646700006,24.992887395000025],[121.50990193200003,24.992682392000063],[121.5097015,24.992474541000032],[121.50882273900005,24.992255170000075],[121.50898886200002,24.99168466800006],[121.50878000000012,24.99161900000007],[121.50890206200006,24.99129938200002],[121.50856453800009,24.990733398000035],[121.51032895200001,24.989881430000022],[121.51046817100007,24.989770353000036],[121.50950603500007,24.98842306100004],[121.50935200000004,24.988732000000024],[121.50943196300011,24.98900057000003],[121.50930191600004,24.989103783000076],[121.50876200000005,24.98895400000004],[121.508462,24.98973100000006],[121.50858787200002,24.98976138300003],[121.50846894500012,24.989869968000054],[121.50837955700001,24.989921047000053],[121.50798370000007,24.989940203000057],[121.50781131000008,24.990023206000043],[121.50756760000002,24.990168578000066],[121.50751500000003,24.990441000000033],[121.50703236700008,24.99071915000007],[121.50550001500005,24.99145340500007],[121.50459683800011,24.99227385200004],[121.50462809000011,24.99249052700003],[121.5044200000001,24.99273100000004],[121.50429600000007,24.993169000000023],[121.503924534,24.993242178000056],[121.5040603330001,24.993419556000045],[121.504872954,24.99338146100007],[121.50490683500004,24.993486408000024]]]}},{"type":"Feature","properties":{"county_id":"65000","district_id":"65000030","village_id":"65000030073","county":"新北市","district":"中和區","village":"德行里","boundary_release":"1150817","identity_status":"named_village","population_join_status":"location_context_only"},"geometry":{"type":"Polygon","coordinates":[[[121.49604992900005,24.993753110000057],[121.49956278800005,24.993571231000033],[121.4994058010001,24.992989073000047],[121.49953647200003,24.99295142200003],[121.49937700000011,24.992425000000022],[121.49907865900003,24.99226673600003],[121.49783895100008,24.99102704500007],[121.49748545100012,24.990765940000077],[121.4969926870001,24.991201497000077],[121.49685164400013,24.991253460000053],[121.49628004300008,24.991067880000063],[121.49613893300011,24.991062001000042],[121.49581300000011,24.990300000000047],[121.49553100000004,24.99033900000006],[121.495536,24.990429000000063],[121.49471800000003,24.990551000000035],[121.49492500000008,24.99111700000003],[121.49488700000006,24.991436000000075],[121.49476505700011,24.99164095200006],[121.49446167800012,24.99178468000002],[121.49454297800003,24.99197353000005],[121.49501807500008,24.99268616700004],[121.49518139000007,24.992827210000026],[121.4959237280001,24.99320579700003],[121.49604992800006,24.993506440000033],[121.49604992900005,24.993753110000057]]]}},{"type":"Feature","properties":{"county_id":"65000","district_id":"65000030","village_id":"65000030072","county":"新北市","district":"中和區","village":"秀水里","boundary_release":"1150817","identity_status":"named_village","population_join_status":"location_context_only"},"geometry":{"type":"Polygon","coordinates":[[[121.51984924400006,24.991431517000024],[121.51795628700006,24.991928886000036],[121.51737197700005,24.992001622000025],[121.51763905000007,24.99371407300003],[121.51798598200001,24.993832975000032],[121.51875801200002,24.99375873900004],[121.5194558080001,24.993832971000074],[121.51986171500005,24.993766158000025],[121.52043800000003,24.99304000000006],[121.52069800000004,24.992987000000024],[121.520889,24.99263700000005],[121.52081300000009,24.992611000000068],[121.52106800000003,24.992080000000044],[121.5205450000001,24.992005000000063],[121.52106132200004,24.99115436100004],[121.52100805100008,24.991018764000046],[121.51984924400006,24.991431517000024]]]}},{"type":"Feature","properties":{"county_id":"65000","district_id":"65000030","village_id":"65000030031","county":"新北市","district":"中和區","village":"秀明里","boundary_release":"1150817","identity_status":"named_village","population_join_status":"location_context_only"},"geometry":{"type":"Polygon","coordinates":[[[121.51566213400007,24.994915818000035],[121.51612373400008,24.995047587000048],[121.51638800000002,24.994749000000063],[121.51673600000004,24.994589000000072],[121.51751400000002,24.99462800000003],[121.5176990000001,24.994530000000054],[121.51748119400008,24.994159603000075],[121.51736242000003,24.99374389600007],[121.51763905000007,24.99371407300003],[121.51737197700005,24.992001622000025],[121.51496466900004,24.992303778000068],[121.51392232700003,24.992392661000054],[121.51394991100005,24.992573485000037],[121.51385065000012,24.99343324100005],[121.51435950300005,24.993697643000075],[121.5145523450001,24.994159478000032],[121.514932056,24.99452431700007],[121.51566213400007,24.994915818000035]]]}},{"type":"Feature","properties":{"county_id":"65000","district_id":"65000030","village_id":"65000030047","county":"新北市","district":"中和區","village":"景平里","boundary_release":"1150817","identity_status":"named_village","population_join_status":"location_context_only"},"geometry":{"type":"Polygon","coordinates":[[[121.5082900000001,24.993687000000023],[121.50941400000009,24.99393100000003],[121.51046300000007,24.994255000000067],[121.51064400100007,24.994492000000037],[121.5108127740001,24.99432648800007],[121.51132245400004,24.993972424000052],[121.51215336200006,24.99350271800006],[121.51222281200012,24.99356487400007],[121.51229477000004,24.993494998000067],[121.5125606580001,24.99341792900003],[121.5129916850001,24.993374351000057],[121.51357764300009,24.993377672000065],[121.51385065000012,24.99343324100005],[121.51394991100005,24.992573485000037],[121.51392232700003,24.992392661000054],[121.5138437400001,24.992281513000027],[121.51391797400002,24.992036543000033],[121.5144148510001,24.99105454000005],[121.51412900000001,24.990954000000045],[121.51412400000005,24.99099800000005],[121.51405200000012,24.99096600000007],[121.51402200000008,24.990996000000045],[121.51316400000006,24.990723000000056],[121.51315800000009,24.990660000000045],[121.51296300000001,24.990633000000063],[121.51293300000009,24.990699000000063],[121.51263300000005,24.990585000000067],[121.51235900000006,24.990694000000072],[121.5121270300001,24.99061886800007],[121.51194335400011,24.991060385000026],[121.51131237100002,24.99209223100007],[121.51107482400003,24.99232606700007],[121.5104067210001,24.992771471000022],[121.50965696100003,24.992919941000025],[121.50918186500007,24.992927366000057],[121.50668737300009,24.993245864000077],[121.50672600000009,24.99359900000007],[121.50820400000009,24.99396600000006],[121.5082900000001,24.993687000000023]]]}},{"type":"Feature","properties":{"county_id":"65000","district_id":"65000030","village_id":"65000030076","county":"新北市","district":"中和區","village":"秀義里","boundary_release":"1150817","identity_status":"named_village","population_join_status":"location_context_only"},"geometry":{"type":"Polygon","coordinates":[[[121.52393952200009,24.99438599700005],[121.52403056100003,24.994884846000048],[121.52568600000006,24.995218000000023],[121.52567300000008,24.995026000000053],[121.5264452440001,24.995193612000037],[121.52648848700005,24.99563575700006],[121.52658375700003,24.995857970000028],[121.52670101200012,24.995061521000025],[121.52670101200012,24.994794280000065],[121.52664162500004,24.994630967000035],[121.52583990300002,24.993613967000044],[121.52556523800001,24.993112891000067],[121.52526088000002,24.992712029000078],[121.52486434900004,24.992395298000073],[121.52468185800001,24.992478193000064],[121.52459277700005,24.99267120000008],[121.52454823800008,24.993086908000066],[121.52458535400002,24.993480346000073],[121.52446658100007,24.99359169700006],[121.52433296000002,24.99345065400007],[121.52418449299999,24.99359169800005],[121.52399890900007,24.993970290000046],[121.52393952200009,24.99438599700005]]]}},{"type":"Feature","properties":{"county_id":"65000","district_id":"65000030","village_id":"65000030093","county":"新北市","district":"中和區","village":"正行里","boundary_release":"1150817","identity_status":"named_village","population_join_status":"location_context_only"},"geometry":{"type":"Polygon","coordinates":[[[121.4960572960001,24.993752684000068],[121.4960870450001,24.99390729900006],[121.4962058200001,24.994122575000063],[121.49635428800002,24.994248770000066],[121.4969778520001,24.994345272000036],[121.4972970570001,24.99452343100006],[121.49744552500012,24.994701590000034],[121.49755687700006,24.99496140600007],[121.49763853500008,24.99535484100005],[121.49779442600004,24.995488461000026],[121.49812847900012,24.99566661900008],[121.498885663,24.99580394800006],[121.49902670600011,24.99586333400004],[121.49916764000011,24.996136598000067],[121.49952000000009,24.995986000000073],[121.49996670600001,24.995645371000023],[121.50047200000006,24.995367000000044],[121.5002760000001,24.994883000000065],[121.49981204400002,24.99485194000005],[121.49967231700009,24.994123424000062],[121.49991900000009,24.99409900000006],[121.49989800000003,24.993767000000048],[121.49960523800009,24.99378524400004],[121.49956278800005,24.993571231000033],[121.4960572960001,24.993752684000068]]]}},{"type":"Feature","properties":{"county_id":"65000","district_id":"65000030","village_id":"65000030089","county":"新北市","district":"中和區","village":"嘉慶里","boundary_release":"1150817","identity_status":"named_village","population_join_status":"location_context_only"},"geometry":{"type":"Polygon","coordinates":[[[121.4802419450001,24.99345272800002],[121.47943819900001,24.993382326000074],[121.47904888200003,24.99322760000007],[121.478549756,24.992843279000052],[121.47671638700001,24.990810200000055],[121.47585653200008,24.991435484000082],[121.47566293600003,24.991458493000035],[121.475402044,24.99157129400004],[121.47493087600003,24.99200718800006],[121.47669813100005,24.994115942000057],[121.47837237000012,24.99531459200005],[121.47809400000004,24.995408000000054],[121.47821200000011,24.99575800000002],[121.47909700000002,24.99591900000008],[121.4796550000001,24.99630300000007],[121.47995116700007,24.995966356000054],[121.48017934600013,24.99620224500006],[121.48091850700008,24.996372947000058],[121.48107812800004,24.996430410000073],[121.48119305500008,24.99653895000006],[121.48101760000009,24.995180440000066],[121.48092109600009,24.99498001000006],[121.480857592,24.99346795100007],[121.48063100000003,24.99250300000005],[121.4800570000001,24.992607000000074],[121.4802419450001,24.99345272800002]]]}},{"type":"Feature","properties":{"county_id":"65000","district_id":"65000030","village_id":"65000030075","county":"新北市","district":"中和區","village":"安順里","boundary_release":"1150817","identity_status":"named_village","population_join_status":"location_context_only"},"geometry":{"type":"Polygon","coordinates":[[[121.5114085790001,24.997116144000074],[121.51358331200004,24.995469555000053],[121.51300228300012,24.994538269000035],[121.51223166200008,24.99366351000003],[121.51222281200012,24.99356487400007],[121.51215336200006,24.99350271800006],[121.51132245400004,24.993972424000052],[121.5108127740001,24.99432648800007],[121.51047700000002,24.994657000000068],[121.51022200000011,24.994832000000027],[121.51006800000003,24.99488000000002],[121.50968034400012,24.994895262000053],[121.5114085790001,24.997116144000074]]]}},{"type":"Feature","properties":{"county_id":"65000","district_id":"65000030","village_id":"65000030029","county":"新北市","district":"中和區","village":"秀福里","boundary_release":"1150817","identity_status":"named_village","population_join_status":"location_context_only"},"geometry":{"type":"Polygon","coordinates":[[[121.52403737700001,24.994933301000057],[121.52335307600003,24.994638393000063],[121.52304871900002,24.994675510000032],[121.5230264490001,24.99461612400006],[121.5226404340001,24.99451219800005],[121.52200068200013,24.99444538900008],[121.52225441900009,24.996134201000075],[121.521890675,24.996230705000066],[121.52084900900003,24.996355596000054],[121.52323188400011,24.99705765000004],[121.52459292600008,24.997243374000053],[121.52592864100006,24.997561522000073],[121.52652192100004,24.996339072000065],[121.52658375700003,24.995857970000028],[121.52648848700005,24.99563575700006],[121.5264452440001,24.995193612000037],[121.52567300000008,24.995026000000053],[121.52568600000006,24.995218000000023],[121.52403056100003,24.994884846000048],[121.52403737700001,24.994933301000057]]]}},{"type":"Feature","properties":{"county_id":"65000","district_id":"65000030","village_id":"65000030050","county":"新北市","district":"中和區","village":"景安里","boundary_release":"1150817","identity_status":"named_village","population_join_status":"location_context_only"},"geometry":{"type":"Polygon","coordinates":[[[121.50668737300009,24.993245864000077],[121.50490683500004,24.993486408000024],[121.50587034800004,24.99662506900006],[121.50599804500007,24.996848536000073],[121.50650708300009,24.99746472200008],[121.50677700000006,24.99665000000004],[121.507246,24.99587500000007],[121.50774100000002,24.995531000000025],[121.50907600000006,24.994997000000065],[121.51022200000011,24.994832000000027],[121.51064400100007,24.994492000000037],[121.51046300000007,24.994255000000067],[121.50941400000009,24.99393100000003],[121.5082900000001,24.993687000000023],[121.50820400000009,24.99396600000006],[121.50672600000009,24.99359900000007],[121.50668737300009,24.993245864000077]]]}},{"type":"Feature","properties":{"county_id":"65000","district_id":"65000030","village_id":"65000030021","county":"新北市","district":"中和區","village":"安和里","boundary_release":"1150817","identity_status":"named_village","population_join_status":"location_context_only"},"geometry":{"type":"Polygon","coordinates":[[[121.5078375610001,24.995723703000067],[121.50797200000012,24.995946000000057],[121.50830700000007,24.995798000000033],[121.50851000000011,24.996111000000035],[121.50819600000011,24.99625900000007],[121.50840600000004,24.996570000000077],[121.50844300000006,24.996565000000032],[121.5087380000001,24.996874000000044],[121.50891500000012,24.99678400000004],[121.50917000000005,24.997173000000032],[121.50935500000001,24.997088000000073],[121.50955776400008,24.997297555000042],[121.50962374200003,24.997300854000052],[121.509732427,24.997403145000074],[121.51026750900007,24.997974379000024],[121.5114085790001,24.997116144000074],[121.50968034400012,24.994895262000053],[121.50907600000006,24.994997000000065],[121.50774100000002,24.995531000000025],[121.50767883300013,24.995574203000047],[121.5078375610001,24.995723703000067]]]}},{"type":"Feature","properties":{"county_id":"65000","district_id":"65000030","village_id":"65000030025","county":"新北市","district":"中和區","village":"新南里","boundary_release":"1150817","identity_status":"named_village","population_join_status":"location_context_only"},"geometry":{"type":"Polygon","coordinates":[[[121.4994058010001,24.992989073000047],[121.49960523800009,24.99378524400004],[121.49989800000003,24.993767000000048],[121.49991900000009,24.99409900000006],[121.49967231700009,24.994123424000062],[121.49981204400002,24.99485194000005],[121.5002760000001,24.994883000000065],[121.50047200000006,24.995367000000044],[121.49996670600001,24.995645371000023],[121.49952000000009,24.995986000000073],[121.49868800000003,24.99635400000006],[121.4988004810001,24.996577175000027],[121.49869793500011,24.99663934700004],[121.49893500000009,24.996983000000057],[121.49876300000004,24.99714400000005],[121.49887000000001,24.99727500000006],[121.49865202800004,24.99730640200005],[121.4986815740001,24.997371796000046],[121.49824000000001,24.99698600000005],[121.49803900000006,24.997168000000045],[121.49817000000007,24.99727000000007],[121.49799900000005,24.997394000000043],[121.49806800000009,24.997465000000034],[121.49824300000013,24.99732400000005],[121.49882200000002,24.997703000000055],[121.49899900000004,24.99811100000006],[121.49929900000008,24.998379000000057],[121.4994146140001,24.99829498200006],[121.4995293510001,24.99839537600007],[121.49922350800011,24.998689291000062],[121.49927242200012,24.998780416000045],[121.4992075890001,24.998874425000054],[121.49989280700004,24.998327900000046],[121.5005569870001,24.99845927300003],[121.50087083000005,24.998400883000045],[121.50171300000011,24.998436981000047],[121.50171300000011,24.99818900000002],[121.50204539300012,24.998198233000043],[121.5019656280001,24.997758599000054],[121.50200941900005,24.997495849000074],[121.50249241600012,24.995634436000046],[121.50169717400003,24.995363059000056],[121.50099489600008,24.994726023000055],[121.50075403800008,24.994229718000042],[121.50057886700007,24.993623933000038],[121.50021393300004,24.993083836000036],[121.5000022700001,24.99287217600005],[121.4997686920001,24.992884511000057],[121.4994058010001,24.992989073000047]]]}},{"type":"Feature","properties":{"county_id":"65000","district_id":"65000030","village_id":"65000030026","county":"新北市","district":"中和區","village":"南山里","boundary_release":"1150817","identity_status":"named_village","population_join_status":"location_context_only"},"geometry":{"type":"Polygon","coordinates":[[[121.50419900000009,24.99593500000003],[121.50384874600002,24.996215995000057],[121.50352753800006,24.995963131000053],[121.50343265500011,24.995824457000023],[121.50345454900004,24.99532815000003],[121.5035056390001,24.99519677500007],[121.50361833500007,24.995124649000044],[121.50336000000006,24.99473500000005],[121.50337400000001,24.994346000000064],[121.50382081800001,24.99431065400006],[121.50376300000005,24.99327400000004],[121.50429600000007,24.993169000000023],[121.5044200000001,24.99273100000004],[121.50462809000011,24.99249052700003],[121.50461252800005,24.992273852000043],[121.50407666600007,24.992349490000034],[121.50338155700001,24.993419559000078],[121.5027027860001,24.995171233000065],[121.50252032000002,24.995536165000026],[121.50200941900005,24.997495849000074],[121.5019656280001,24.997758599000054],[121.502004381,24.997997568000073],[121.5026200000001,24.998318000000037],[121.50287700000003,24.998320000000035],[121.50312200000008,24.998199000000056],[121.50362600000007,24.998379000000057],[121.50384334900004,24.998308000000065],[121.503782998,24.99822570500004],[121.5043012020001,24.997743994000075],[121.50462234200006,24.99715280400005],[121.50439608300009,24.997043325000053],[121.50395000000005,24.996667000000055],[121.5044499270001,24.99617893200007],[121.50419900000009,24.99593500000003]]]}},{"type":"Feature","properties":{"county_id":"65000","district_id":"65000030","village_id":"65000030051","county":"新北市","district":"中和區","village":"景文里","boundary_release":"1150817","identity_status":"named_village","population_join_status":"location_context_only"},"geometry":{"type":"Polygon","coordinates":[[[121.50419900000009,24.99593500000003],[121.5044499270001,24.99617893200007],[121.50395000000005,24.996667000000055],[121.50439608300009,24.997043325000053],[121.50462234200006,24.99715280400005],[121.5043012020001,24.997743994000075],[121.50411301600002,24.997918927000057],[121.50477400000013,24.998374000000066],[121.50469510000006,24.99861070000002],[121.50493618800009,24.998612528000027],[121.50514785000009,24.99841546400006],[121.50538870400011,24.998028635000026],[121.5057244410001,24.997276876000065],[121.50580472600008,24.997247680000044],[121.50598879300003,24.996832347000066],[121.50587034800004,24.99662506900006],[121.504872954,24.99338146100007],[121.5040603330001,24.993419556000045],[121.503924534,24.993242178000056],[121.50376300000005,24.99327400000004],[121.50382081800001,24.99431065400006],[121.50337400000001,24.994346000000064],[121.50336000000006,24.99473500000005],[121.50361833500007,24.995124649000044],[121.5035056390001,24.99519677500007],[121.50345454900004,24.99532815000003],[121.50343265500011,24.995824457000023],[121.50352753800006,24.995963131000053],[121.50384874600002,24.996215995000057],[121.50419900000009,24.99593500000003]]]}},{"type":"Feature","properties":{"county_id":"65000","district_id":"65000030","village_id":"65000030009","county":"新北市","district":"中和區","village":"力行里","boundary_release":"1150817","identity_status":"named_village","population_join_status":"location_context_only"},"geometry":{"type":"Polygon","coordinates":[[[121.49571065800001,24.995569034000024],[121.49689487500007,24.996658177000032],[121.49724200000003,24.99608100000005],[121.49737600000003,24.996140000000022],[121.49720200000003,24.99644600000005],[121.49726960000011,24.996960660000067],[121.49771050100003,24.997174724000047],[121.49922350800011,24.998689291000062],[121.4995293510001,24.99839537600007],[121.4994146140001,24.99829498200006],[121.49929900000008,24.998379000000057],[121.49899900000004,24.99811100000006],[121.49882200000002,24.997703000000055],[121.49824300000013,24.99732400000005],[121.49806800000009,24.997465000000034],[121.49799900000005,24.997394000000043],[121.49817000000007,24.99727000000007],[121.49803900000006,24.997168000000045],[121.49824000000001,24.99698600000005],[121.4986815740001,24.997371796000046],[121.49865202800004,24.99730640200005],[121.49887000000001,24.99727500000006],[121.49876300000004,24.99714400000005],[121.49893500000009,24.996983000000057],[121.49869793500011,24.99663934700004],[121.4988004810001,24.996577175000027],[121.49868800000003,24.99635400000006],[121.49916764000011,24.996136598000067],[121.49902670600011,24.99586333400004],[121.498885663,24.99580394800006],[121.49812847900012,24.99566661900008],[121.49779442600004,24.995488461000026],[121.49763853500008,24.99535484100005],[121.49755687700006,24.99496140600007],[121.49744552500012,24.994701590000034],[121.4972970570001,24.99452343100006],[121.4969778520001,24.994345272000036],[121.49635428800002,24.994248770000066],[121.4962058200001,24.994122575000063],[121.4960870450001,24.99390729900006],[121.49604992800006,24.993506440000033],[121.4959237280001,24.99320579700003],[121.49518139000007,24.992827210000026],[121.49501807500008,24.99268616700004],[121.49454297800003,24.99197353000005],[121.49446167800012,24.99178468000002],[121.49452070800011,24.992084880000046],[121.49445389700008,24.992218500000035],[121.49411984700008,24.99251543400004],[121.49400849600012,24.992671324000067],[121.49393426400002,24.99293114100004],[121.4939342660001,24.99353985200003],[121.49400850000006,24.993703165000056],[121.49420378500008,24.993859982000057],[121.49543330300003,24.993788806000055],[121.4954333070001,24.994992443000054],[121.49547710100002,24.995415763000043],[121.49571065800001,24.995569034000024]]]}},{"type":"Feature","properties":{"county_id":"65000","district_id":"65000030","village_id":"65000030058","county":"新北市","district":"中和區","village":"嘉穗里","boundary_release":"1150817","identity_status":"named_village","population_join_status":"location_context_only"},"geometry":{"type":"Polygon","coordinates":[[[121.47571402700008,24.995987154000034],[121.47678800000004,24.99665000000005],[121.47713400000009,24.99691500000006],[121.47705900000005,24.99704200000008],[121.47710100000006,24.997231000000053],[121.47726267600002,24.997466403000033],[121.47861478900006,24.998431644000046],[121.47911081100007,24.99868927600005],[121.47995440000011,24.999026583000045],[121.48064197300003,24.999142195000044],[121.4812463830001,24.99915365800007],[121.48127743200007,24.997719213000035],[121.48119305500008,24.99653895000006],[121.48107812800004,24.996430410000073],[121.48091850700008,24.996372947000058],[121.48017934600013,24.99620224500006],[121.47995116700007,24.995966356000054],[121.4796550000001,24.99630300000007],[121.47909700000002,24.99591900000008],[121.47821200000011,24.99575800000002],[121.47809400000004,24.995408000000054],[121.47837237000012,24.99531459200005],[121.47669813100005,24.994115942000057],[121.47493087600003,24.99200718800006],[121.47490561200004,24.992126686000056],[121.47494287600013,24.99222455900008],[121.47535634500002,24.99261798400005],[121.4748202930001,24.993134796000046],[121.47476190100006,24.993140591000046],[121.47459541700006,24.993017922000032],[121.47440528600009,24.993144518000058],[121.4741480670001,24.99353407700005],[121.47434586200006,24.993698397000056],[121.4746335660001,24.995267923000036],[121.47464635300003,24.99556201000007],[121.47453862800012,24.99605352900005],[121.47557337600006,24.99595518800004],[121.47571402700008,24.995987154000034]]]}},{"type":"Feature","properties":{"county_id":"65000","district_id":"65000030","village_id":"65000030059","county":"新北市","district":"中和區","village":"文元里","boundary_release":"1150817","identity_status":"named_village","population_join_status":"location_context_only"},"geometry":{"type":"Polygon","coordinates":[[[121.48247463300004,24.995009706000072],[121.4822990580001,24.994948249000057],[121.48227987800011,24.994813992000044],[121.48228627000005,24.99460301600004],[121.48233102300003,24.99451990600005],[121.48273379700005,24.99453908400005],[121.48278494300008,24.99450711800005],[121.48275297400005,24.993960501000057],[121.48266986100009,24.993915749000053],[121.482407738,24.993909355000024],[121.48241821100011,24.99343017900003],[121.480857592,24.99346795100007],[121.48092109600009,24.99498001000006],[121.48101760000009,24.995180440000066],[121.48115865000011,24.996234550000054],[121.48127743200007,24.997719213000035],[121.48125690400003,24.999500808000047],[121.48292561800008,24.99951617700003],[121.48293028900001,24.998500598000078],[121.4822578190001,24.998472435000046],[121.48225900800004,24.998340492000068],[121.4820850000001,24.99834500000003],[121.48202100000003,24.997579000000023],[121.48224464100008,24.997589649000076],[121.48222874400007,24.997211436000043],[121.48252922500002,24.99703881900007],[121.48255479500004,24.996537941000042],[121.48270400000001,24.996533000000056],[121.48267900000009,24.996149000000056],[121.48298953200005,24.99569625000004],[121.48259506700005,24.995718626000038],[121.48260500000005,24.99524500000007],[121.4824900000001,24.99524500000006],[121.48247463300004,24.995009706000072]]]}},{"type":"Feature","properties":{"county_id":"65000","district_id":"65000030","village_id":"65000030024","county":"新北市","district":"中和區","village":"泰安里","boundary_release":"1150817","identity_status":"named_village","population_join_status":"location_context_only"},"geometry":{"type":"Polygon","coordinates":[[[121.507246,24.99587500000007],[121.50677700000006,24.99665000000004],[121.50650708300009,24.99746472200008],[121.50636977900002,24.99753746300007],[121.50628411800007,24.997812291000056],[121.50628054900004,24.99820490200005],[121.50637334800001,24.998558252000066],[121.50640427200005,24.999630283000045],[121.50671760700006,24.999610568000033],[121.50673171300004,24.999780108000035],[121.5076951750001,24.999740558000045],[121.50834365500009,24.999804697000055],[121.50870177600008,25.000010592000024],[121.50848575400003,24.999682325000034],[121.5075139800001,24.998576305000025],[121.50775692200011,24.99835893500006],[121.508933274,24.997534208000044],[121.50920818200007,24.99739355700007],[121.50955776400008,24.997297555000042],[121.50935500000001,24.997088000000073],[121.50917000000005,24.997173000000032],[121.50891500000012,24.99678400000004],[121.5087380000001,24.996874000000044],[121.50844300000006,24.996565000000032],[121.50840600000004,24.996570000000077],[121.50819600000011,24.99625900000007],[121.50851000000011,24.996111000000035],[121.50830700000007,24.995798000000033],[121.50797200000012,24.995946000000057],[121.5078375610001,24.995723703000067],[121.50767883300013,24.995574203000047],[121.507246,24.99587500000007]]]}},{"type":"Feature","properties":{"county_id":"65000","district_id":"65000030","village_id":"65000030008","county":"新北市","district":"中和區","village":"連城里","boundary_release":"1150817","identity_status":"named_village","population_join_status":"location_context_only"},"geometry":{"type":"Polygon","coordinates":[[[121.49437636300001,24.99747465800005],[121.49429026900009,24.997610624000053],[121.49526711500005,24.99831492700002],[121.49575555800003,24.998724353000057],[121.49622963600008,24.999453418000023],[121.49696948500004,25.000451843000064],[121.49715884900003,25.00078066100008],[121.49912644900007,24.998992077000022],[121.49927242200012,24.998780416000045],[121.49917024000003,24.998627146000047],[121.49771050100003,24.997174724000047],[121.49726960000011,24.996960660000067],[121.49720200000003,24.99644600000005],[121.49737600000003,24.996140000000022],[121.49724200000003,24.99608100000005],[121.49689487500007,24.996658177000032],[121.4958232910001,24.995683541000055],[121.49495254600004,24.996606924000048],[121.49450136800012,24.997294095000026],[121.49479600000006,24.997411000000053],[121.49465400000008,24.997635000000063],[121.49437636300001,24.99747465800005]]]}},{"type":"Feature","properties":{"county_id":"65000","district_id":"65000030","village_id":"65000030064","county":"新北市","district":"中和區","village":"明穗里","boundary_release":"1150817","identity_status":"named_village","population_join_status":"location_context_only"},"geometry":{"type":"Polygon","coordinates":[[[121.47457605700005,25.000721307000045],[121.47538071900011,25.000936661000022],[121.47541360400008,25.001030035000042],[121.47554200000003,25.001093000000026],[121.47597100000007,25.000506000000026],[121.47579500000006,25.000109000000062],[121.47564710000006,25.000093811000053],[121.47549667300005,24.99902711200008],[121.47451849400012,24.996479432000047],[121.47452488500005,24.996092643000047],[121.47464635300003,24.99556201000007],[121.4746335660001,24.995267923000036],[121.47434586200006,24.993698397000056],[121.4741480670001,24.99353407700005],[121.47300057300004,24.99410513600002],[121.4724126530001,24.99391940900006],[121.47177194200003,24.99359388300007],[121.47068534400013,24.99282612500008],[121.47044460100005,24.99257770900004],[121.47039782800006,24.992404282000052],[121.47026562200007,24.992401901000054],[121.47015998300003,24.992304748000034],[121.47021669100002,24.99185384000003],[121.47013637799999,24.991753303000056],[121.46998267200001,24.99175658000007],[121.46984177,24.991894208000073],[121.46980787900007,24.992134219000036],[121.46927727800006,24.992469022000023],[121.46914285100002,24.992693408000036],[121.46900321600005,24.99316697900002],[121.46908561200006,24.993969924000055],[121.46905056500007,24.994458306000066],[121.4692293280001,24.99492220700005],[121.47252230900004,24.99886086900005],[121.47264402000009,24.999077241000062],[121.47274544800007,24.99940856200004],[121.47276573600004,24.99991568600006],[121.47269478100007,25.000329802000067],[121.47287899600006,25.00044669900006],[121.47447376600009,25.000989820000026],[121.47457605700005,25.000721307000045]]]}},{"type":"Feature","properties":{"county_id":"65000","district_id":"65000030","village_id":"65000030061","county":"新北市","district":"中和區","village":"民安里","boundary_release":"1150817","identity_status":"named_village","population_join_status":"location_context_only"},"geometry":{"type":"Polygon","coordinates":[[[121.47571402700008,24.995987154000034],[121.47557337600006,24.99595518800004],[121.47453862800012,24.99605352900005],[121.4745120990001,24.996313208000057],[121.47451849400012,24.996479432000047],[121.47549667300005,24.99902711200008],[121.47564527200008,25.00006029800005],[121.47595488000002,24.99966784200006],[121.47606623100012,24.99963072500003],[121.47762513900011,24.99973464800007],[121.47782557100005,24.999690109000028],[121.47865159500009,24.999704963000056],[121.47896948400012,24.99975683100007],[121.47992165900008,25.000313305000077],[121.48089260400002,25.00098106200005],[121.48131142500006,25.001077661000064],[121.4812463830001,24.99915365800007],[121.48064197300003,24.999142195000044],[121.47995440000011,24.999026583000045],[121.47911081100007,24.99868927600005],[121.47861478900006,24.998431644000046],[121.47726267600002,24.997466403000033],[121.47710100000006,24.997231000000053],[121.47705900000005,24.99704200000008],[121.47713400000009,24.99691500000006],[121.47678800000004,24.99665000000005],[121.47571402700008,24.995987154000034]]]}},{"type":"Feature","properties":{"county_id":"65000","district_id":"65000030","village_id":"65000030003","county":"新北市","district":"中和區","village":"信和里","boundary_release":"1150817","identity_status":"named_village","population_join_status":"location_context_only"},"geometry":{"type":"Polygon","coordinates":[[[121.48255479500004,24.996537941000042],[121.48252922500002,24.99703881900007],[121.48222874400007,24.997211436000043],[121.48224464100008,24.997589649000076],[121.48202100000003,24.997579000000023],[121.4820850000001,24.99834500000003],[121.48225900800004,24.998340492000068],[121.4822578190001,24.998472435000046],[121.48293028900001,24.998500598000078],[121.48292561800008,24.99951617700003],[121.48252347900006,24.99951919800003],[121.482503672,25.00108890100006],[121.4836171070001,25.001130729000067],[121.48370532900003,25.00079913300004],[121.48374200500007,25.00038788900002],[121.48382365400006,24.99878445300004],[121.48367766600008,24.99603599800002],[121.48301510400006,24.99560664300003],[121.48267900000009,24.996149000000056],[121.48270400000001,24.996533000000056],[121.48255479500004,24.996537941000042]]]}},{"type":"Feature","properties":{"county_id":"65000","district_id":"65000030","village_id":"65000030011","county":"新北市","district":"中和區","village":"漳和里","boundary_release":"1150817","identity_status":"named_village","population_join_status":"location_context_only"},"geometry":{"type":"Polygon","coordinates":[[[121.50171300000011,24.99818900000002],[121.50171300000011,24.998436981000047],[121.50087083000005,24.998400883000045],[121.5005569870001,24.99845927300003],[121.49989280700004,24.998327900000046],[121.49961644600013,24.99853126000005],[121.49949047900007,24.99877771900003],[121.49933065000006,24.99919967000005],[121.49931786400009,24.99951293700007],[121.4996631,24.999813415000055],[121.50002833300003,25.00026904400005],[121.50041500000009,25.000292000000055],[121.50049,25.000379000000066],[121.5004980000001,25.00054500000004],[121.50020930900008,25.00082758500002],[121.50021931300012,25.001108035000065],[121.5000850570001,25.001306224000075],[121.50012155500006,25.001344381000024],[121.50138552000011,25.000341198000054],[121.50181223200003,24.999873356000023],[121.50202301800005,24.99973968600006],[121.5029175750001,24.999755107000052],[121.50640427200005,24.999630283000045],[121.50637334800001,24.998558252000066],[121.50628054900004,24.99820490200005],[121.50628411800007,24.997812291000056],[121.50636977900002,24.99753746300007],[121.50650708300009,24.99746472200008],[121.50598879300003,24.996832347000066],[121.50580472600008,24.997247680000044],[121.5057244410001,24.997276876000065],[121.50538870400011,24.998028635000026],[121.50514785000009,24.99841546400006],[121.50493618800009,24.998612528000027],[121.50469510000006,24.99861070000002],[121.50477400000013,24.998374000000066],[121.50411301600002,24.997918927000057],[121.503782998,24.99822570500004],[121.50384334900004,24.998308000000065],[121.50362600000007,24.998379000000057],[121.50312200000008,24.998199000000056],[121.50287700000003,24.998320000000035],[121.5026200000001,24.998318000000037],[121.502004381,24.997997568000073],[121.50204539300012,24.998198233000043],[121.50171300000011,24.99818900000002]]]}},{"type":"Feature","properties":{"county_id":"65000","district_id":"65000030","village_id":"65000030022","county":"新北市","district":"中和區","village":"安平里","boundary_release":"1150817","identity_status":"named_village","population_join_status":"location_context_only"},"geometry":{"type":"Polygon","coordinates":[[[121.5108704280001,25.000350407000038],[121.51091183300004,25.000219767000033],[121.51101344000006,25.00034149700008],[121.51148500000012,24.999895000000034],[121.51109044200007,24.999563903000023],[121.51136270400002,24.999289133000044],[121.51022470600003,24.99801689000003],[121.51026750900007,24.997974379000024],[121.50962374200003,24.997300854000052],[121.50949587800004,24.99729446100002],[121.508933274,24.997534208000044],[121.50775692200011,24.99835893500006],[121.5075139800001,24.998576305000025],[121.50998581600004,25.00149008300008],[121.51055076700004,25.000785145000066],[121.51061469900003,25.00058695700005],[121.5108704280001,25.000350407000038]]]}},{"type":"Feature","properties":{"county_id":"65000","district_id":"65000030","village_id":"65000030065","county":"新北市","district":"中和區","village":"清穗里","boundary_release":"1150817","identity_status":"named_village","population_join_status":"location_context_only"},"geometry":{"type":"Polygon","coordinates":[[[121.4691933150001,24.998327161000073],[121.47007800000006,24.99745906100003],[121.47007800000006,24.997124000000042],[121.47050014800003,24.996420109000038],[121.4692293280001,24.99492220700005],[121.46905056500007,24.994458306000066],[121.46906338600002,24.99459710800005],[121.46895773100003,24.99462513900005],[121.46873572400011,24.99517915100006],[121.46813393800005,24.996321871000074],[121.46747129400002,24.997282028000026],[121.46685598200008,24.997985241000034],[121.46577670300007,24.99857367800007],[121.46593840300011,24.99892474000006],[121.46621312600008,24.99991503300004],[121.46654126700003,25.000429194000045],[121.46655710200004,25.000573018000065],[121.46643086000006,25.00088437900007],[121.46605011500003,25.001284706000032],[121.46586389600009,25.00207261500003],[121.4659354460001,25.00212344600004],[121.46624806400007,25.002174862000054],[121.46649985500004,25.00155515400007],[121.46715604700013,25.000584147000033],[121.4672177860001,25.00026309700007],[121.46728034600007,25.000158780000046],[121.46801901600008,24.99942124900001],[121.4684192410001,24.99920537500003],[121.4691933150001,24.998327161000073]]]}},{"type":"Feature","properties":{"county_id":"65000","district_id":"65000030","village_id":"65000030066","county":"新北市","district":"中和區","village":"自強里","boundary_release":"1150817","identity_status":"named_village","population_join_status":"location_context_only"},"geometry":{"type":"Polygon","coordinates":[[[121.4705045280001,25.000245970000034],[121.47253079600013,25.000294496000038],[121.47269478100007,25.000329802000067],[121.47277249500007,24.999651982000042],[121.47264402000009,24.999077241000062],[121.47252230900004,24.99886086900005],[121.47050014800003,24.996420109000038],[121.47007800000006,24.997124000000042],[121.47007800000006,24.99745906100003],[121.4691933150001,24.998327161000073],[121.4684192410001,24.99920537500003],[121.46801901600008,24.99942124900001],[121.46728034600007,25.000158780000046],[121.4672177860001,25.00026309700007],[121.46715604700013,25.000584147000033],[121.46649985500004,25.00155515400007],[121.46624806400007,25.002174862000054],[121.46937670400008,25.00093740200003],[121.4705045280001,25.000245970000034]]]}},{"type":"Feature","properties":{"county_id":"65000","district_id":"65000030","village_id":"65000030091","county":"新北市","district":"中和區","village":"國華里","boundary_release":"1150817","identity_status":"named_village","population_join_status":"location_context_only"},"geometry":{"type":"Polygon","coordinates":[[[121.4705045280001,25.000245970000034],[121.47035030200004,25.00031044600007],[121.46958342200003,25.000827969000056],[121.46885411100004,25.00116564100005],[121.46886690300005,25.002169369000057],[121.46892538500003,25.002272967000067],[121.47067619000005,25.00234837600004],[121.47095749000005,25.00181134800005],[121.47111145200007,25.00176769600006],[121.47122500000012,25.001894000000046],[121.47135600000001,25.00187900000003],[121.47133700000008,25.00085100000007],[121.47158100000001,25.00085100000007],[121.47156471600012,25.000274726000047],[121.4705045280001,25.000245970000034]]]}},{"type":"Feature","properties":{"county_id":"65000","district_id":"65000030","village_id":"65000030012","county":"新北市","district":"中和區","village":"廟美里","boundary_release":"1150817","identity_status":"named_village","population_join_status":"location_context_only"},"geometry":{"type":"Polygon","coordinates":[[[121.5000850570001,25.001306224000075],[121.50021931300012,25.001108035000065],[121.50020930900008,25.00082758500002],[121.5004980000001,25.00054500000004],[121.50049,25.000379000000066],[121.50041500000009,25.000292000000055],[121.50002833300003,25.00026904400005],[121.4996631,24.999813415000055],[121.49931786400009,24.99951293700007],[121.49937540100005,24.999014267000064],[121.49961644600013,24.99853126000005],[121.49715884900003,25.00078066100008],[121.49744356400004,25.001195274000057],[121.49816186300006,25.00179145600004],[121.5000355320001,25.00265068200002],[121.50058425600001,25.002685927000073],[121.50074433700001,25.002364997000026],[121.5010306700001,25.00222183000005],[121.50122155800013,25.002235465000066],[121.50171923100005,25.002371812000035],[121.50179205000006,25.002345114000033],[121.50185598300004,25.002242822000028],[121.50182401500001,25.001798495000052],[121.50206056400008,25.00129982500005],[121.50206056300011,25.001171961000068],[121.50199023800008,25.00107606400007],[121.50182401300003,25.00104409800002],[121.50126780300003,25.001120818000057],[121.50108879300002,25.001210323000066],[121.5007499530001,25.00151719700006],[121.50064459400006,25.001555510000063],[121.50035400000003,25.001376000000057],[121.50012155500006,25.001344381000024],[121.5000850570001,25.001306224000075]]]}},{"type":"Feature","properties":{"county_id":"65000","district_id":"65000030","village_id":"65000030056","county":"新北市","district":"中和區","village":"民享里","boundary_release":"1150817","identity_status":"named_village","population_join_status":"location_context_only"},"geometry":{"type":"Polygon","coordinates":[[[121.47538071900011,25.000936661000022],[121.47457605700005,25.000721307000045],[121.47436508200008,25.001258334000052],[121.47410935900007,25.002162970000022],[121.47403127200006,25.002738914000076],[121.47592148000001,25.003061849000062],[121.47580642700005,25.002113823000055],[121.47583530300007,25.001966826000057],[121.47595300000013,25.001899000000034],[121.47597200000008,25.00177000000008],[121.4756329480001,25.001144971000024],[121.47548100000007,25.001034000000057],[121.47541360400008,25.001030035000042],[121.47538071900011,25.000936661000022]]]}},{"type":"Feature","properties":{"county_id":"65000","district_id":"65000030","village_id":"65000030010","county":"新北市","district":"中和區","village":"枋寮里","boundary_release":"1150817","identity_status":"named_village","population_join_status":"location_context_only"},"geometry":{"type":"Polygon","coordinates":[[[121.50740608300008,25.001766675000052],[121.50715850000007,25.001423356000032],[121.50641084300004,25.00068583200004],[121.506364769,24.99980099700002],[121.50673171300004,24.999780108000035],[121.50671760700006,24.999610568000033],[121.50370416800001,24.999734540000073],[121.50202301800005,24.99973968600006],[121.50181223200003,24.999873356000023],[121.50138552000011,25.000341198000054],[121.50012155500006,25.001344381000024],[121.50035400000003,25.001376000000057],[121.50064459400006,25.001555510000063],[121.5007499530001,25.00151719700006],[121.50108879300002,25.001210323000066],[121.50126780300003,25.001120818000057],[121.50182401300003,25.00104409800002],[121.50199023800008,25.00107606400007],[121.50206056300011,25.001171961000068],[121.50206056400008,25.00129982500005],[121.50185598200005,25.00167702500005],[121.50182401500001,25.001798495000052],[121.50185598300004,25.002242822000028],[121.50175467500003,25.002371811000046],[121.50203283300004,25.002276367000036],[121.50206691900009,25.00217410500005],[121.50212145900004,25.002146836000065],[121.50216144000001,25.002223096000016],[121.50230178800007,25.002314992000034],[121.50295583600007,25.002321577000032],[121.50280895900003,25.00181183500007],[121.50434465900004,25.00260058100002],[121.50444620500002,25.00241270700007],[121.50456210200004,25.002480881000054],[121.50462345800008,25.002310446000024],[121.50557108300008,25.002787661000074],[121.50624615200002,25.003227238000076],[121.5069822900001,25.00239565700002],[121.50740608300008,25.001766675000052]]]}},{"type":"Feature","properties":{"county_id":"65000","district_id":"65000030","village_id":"65000030057","county":"新北市","district":"中和區","village":"員山里","boundary_release":"1150817","identity_status":"named_village","population_join_status":"location_context_only"},"geometry":{"type":"Polygon","coordinates":[[[121.47403288500004,25.008801698000074],[121.47463777900009,25.00954879300007],[121.47524523000003,25.010164435000036],[121.47602200000004,25.00876100000005],[121.47512900000002,25.00846100000006],[121.47545000000002,25.007444000000078],[121.47559020400001,25.007444000000074],[121.47622189600008,25.008008635000067],[121.47634100000006,25.007933000000037],[121.47638600000006,25.008001000000032],[121.47631213800001,25.00808594200004],[121.47678212800007,25.00850580000002],[121.47784099800003,25.009291669000046],[121.47993633700003,25.00969586000008],[121.48016540700007,25.009698382000067],[121.48053749300003,25.009594884000016],[121.48075565000009,25.009519893000057],[121.4814373910001,25.00906994400003],[121.48164873000007,25.008879057000055],[121.48216685200008,25.008224587000022],[121.48221457400007,25.008135961000054],[121.4821054910001,25.007668970000054],[121.4821327610001,25.007512170000044],[121.48272929200003,25.00625251400004],[121.48199795000004,25.006267102000034],[121.48155580200012,25.00633968300008],[121.48108281200007,25.00651197000007],[121.48055753000007,25.00662276300005],[121.47984900200005,25.00645903800006],[121.47998246800013,25.00597954100004],[121.47928481400004,25.005934360000026],[121.47812996400013,25.00557679400003],[121.47769198400012,25.00551740800006],[121.47739504900007,25.00552483200005],[121.47377103300006,25.006095266000038],[121.47391758800005,25.006356896000053],[121.47387283700006,25.00655508500006],[121.47323906800011,25.008075340000065],[121.47403288500004,25.008801698000074]]]}},{"type":"Feature","properties":{"county_id":"65000","district_id":"65000030","village_id":"65000030001","county":"新北市","district":"中和區","village":"中原里","boundary_release":"1150817","identity_status":"named_village","population_join_status":"location_context_only"},"geometry":{"type":"Polygon","coordinates":[[[121.49497600000005,25.005141000000037],[121.49395900000003,25.00494200000003],[121.49446548000002,25.002572433000072],[121.49446548000002,25.002135819000046],[121.49371556200002,25.002078684000026],[121.49348376800005,25.002119590000063],[121.49287701800006,25.002365018000035],[121.49075679900011,25.003363772000057],[121.48783212300009,25.00465908200005],[121.48751170400011,25.004730666000054],[121.48307432800004,25.004892021000042],[121.48273268700008,25.00587940500003],[121.48272587100007,25.00629526600005],[121.4821327610001,25.007512170000044],[121.4821054910001,25.007668970000054],[121.48235558400006,25.008561457000045],[121.48212428000011,25.008831313000027],[121.48203947000003,25.00915513900003],[121.48197008400008,25.010072647000076],[121.48199877700006,25.010342344000037],[121.4815940000001,25.010260000000077],[121.48156200000004,25.010479000000032],[121.48202249800012,25.01054392900005],[121.48205652000001,25.01135253900003],[121.48220815400009,25.012183548000053],[121.48173904400005,25.012505928000056],[121.48166955400006,25.012609010000062],[121.48177610900008,25.012804303000053],[121.48173055400002,25.012901720000052],[121.48228496800003,25.013568119000066],[121.48255271400001,25.014531269000035],[121.48200368100005,25.015700802000023],[121.4886950570001,25.015760419000056],[121.48872230100005,25.015475247000044],[121.48882115500011,25.01516938700007],[121.48939360200006,25.014097986000017],[121.48955580400002,25.01347052300002],[121.48956486300006,25.01317733000008],[121.49018738900008,25.01289753900005],[121.4904968300001,25.012571839000028],[121.49136569100006,25.011538600000048],[121.49246586900006,25.009775612000055],[121.49280919500008,25.009392416000022],[121.49320860500006,25.009208903000054],[121.49403464900001,25.009186415000038],[121.49481688500009,25.00839663200003],[121.49512184000004,25.008288118000046],[121.49652014000003,25.00834095500004],[121.49691247900012,25.008516026000045],[121.49743444100012,25.00894364000004],[121.497910724,25.00904940000003],[121.498074802,25.00901050600004],[121.49817554400009,25.00892964700006],[121.49844720500005,25.008511134000052],[121.49835143400004,25.007723479000045],[121.49835143100006,25.006622470000025],[121.49807873300006,25.006281600000023],[121.49781967,25.00619297400004],[121.49728791000007,25.006233880000025],[121.49711065700001,25.006117984000063],[121.49664707100011,25.00602935900002],[121.4965243580001,25.006056629000057],[121.49620393900013,25.006431587000062],[121.4960130520001,25.006581570000034],[121.49579489400004,25.006615657000054],[121.4951745080001,25.00647249300004],[121.49490862800008,25.006342963000066],[121.49475182600008,25.006213433000028],[121.49465199600003,25.005995059000043],[121.49469400000008,25.00581700000004],[121.49461900000007,25.005589000000043],[121.49468100000001,25.00545500000004],[121.49497600000005,25.005141000000037]]]}},{"type":"Feature","properties":{"county_id":"65000","district_id":"65000030","village_id":"65000030023","county":"新北市","district":"中和區","village":"中安里","boundary_release":"1150817","identity_status":"named_village","population_join_status":"location_context_only"},"geometry":{"type":"Polygon","coordinates":[[[121.51263152100012,25.00435200200008],[121.51415233000012,25.00408251500004],[121.51443171900007,25.003947129000043],[121.51452271800008,25.00375093800005],[121.51388087500005,25.00361324200003],[121.51091183300004,25.000219767000033],[121.5108704280001,25.000350407000038],[121.51061469900003,25.00058695700005],[121.51055076700004,25.000785145000066],[121.50998581600004,25.00149008300008],[121.5114076110001,25.002999967000054],[121.5124632830001,25.004287707000064],[121.51263152100012,25.00435200200008]]]}},{"type":"Feature","properties":{"county_id":"65000","district_id":"65000030","village_id":"65000030062","county":"新北市","district":"中和區","village":"安穗里","boundary_release":"1150817","identity_status":"named_village","population_join_status":"location_context_only"},"geometry":{"type":"Polygon","coordinates":[[[121.48095652700012,25.00434303400004],[121.48114193000005,25.00411287900004],[121.48120586000006,25.00385075800006],[121.4813273310001,25.00360781700004],[121.4814807670001,25.003441594000037],[121.48162781100007,25.003364876000028],[121.48209451700006,25.003275370000036],[121.48237581700005,25.002821453000028],[121.48332153800004,25.002818134000055],[121.48355474200004,25.001130730000057],[121.482503672,25.00108890100006],[121.48252347900006,24.99951919800003],[121.48125690400003,24.999500808000047],[121.4813209230001,25.000906697000058],[121.48125060700012,25.002786294000032],[121.48120585600009,25.002958909000025],[121.48056339200002,25.004258505000045],[121.48085423500004,25.004368606000067],[121.48095652700012,25.00434303400004]]]}},{"type":"Feature","properties":{"county_id":"65000","district_id":"65000030","village_id":"65000030018","county":"新北市","district":"中和區","village":"福和里","boundary_release":"1150817","identity_status":"named_village","population_join_status":"location_context_only"},"geometry":{"type":"Polygon","coordinates":[[[121.50403099200003,25.004570967000063],[121.50487570700012,25.00393639600003],[121.50585059800005,25.003500079000048],[121.50624615200002,25.003227238000076],[121.50557108300008,25.002787661000074],[121.50462345800008,25.002310446000024],[121.50456210200004,25.002480881000054],[121.50444620500002,25.00241270700007],[121.50434465900004,25.00260058100002],[121.50280895900003,25.00181183500007],[121.50295583600007,25.002321577000032],[121.50230178800007,25.002314992000034],[121.50216144000001,25.002223096000016],[121.50212145900004,25.002146836000065],[121.50206691900009,25.00217410500005],[121.50203283300004,25.002276367000036],[121.5018214920001,25.00237181100005],[121.5010306700001,25.00222183000005],[121.50074433700001,25.002364997000026],[121.50058425600001,25.002685927000073],[121.50169878100009,25.002849029000064],[121.50216236600012,25.003053550000065],[121.50403099200003,25.004570967000063]]]}},{"type":"Feature","properties":{"county_id":"65000","district_id":"65000030","village_id":"65000030002","county":"新北市","district":"中和區","village":"平河里","boundary_release":"1150817","identity_status":"named_village","population_join_status":"location_context_only"},"geometry":{"type":"Polygon","coordinates":[[[121.48307432800004,25.004892021000042],[121.48586632600008,25.004796039000038],[121.48596160900003,25.003746933000055],[121.48632534900003,25.002626012000064],[121.48679301600009,25.001605305000055],[121.48713448800005,25.001026285000023],[121.48779516600008,25.000506652000066],[121.48809952300007,25.000183737000047],[121.4886562680001,24.99848379700006],[121.48922786800006,24.998491219000073],[121.48987567100006,24.996242938000027],[121.48894802900008,24.996153347000075],[121.48410573000002,24.996156598000027],[121.48367766600008,24.99603599800002],[121.48382365400006,24.99878445300004],[121.48374200500007,25.00038788900002],[121.48365513400005,25.00107597000005],[121.4836171070001,25.001130729000067],[121.48355474200004,25.001130730000057],[121.48307432800004,25.004892021000042]]]}},{"type":"Feature","properties":{"county_id":"65000","district_id":"65000030","village_id":"65000030092","county":"新北市","district":"中和區","village":"正南里","boundary_release":"1150817","identity_status":"named_village","population_join_status":"location_context_only"},"geometry":{"type":"Polygon","coordinates":[[[121.50729770400005,24.98553836900004],[121.5079792470001,24.984089906000065],[121.50866465100012,24.98290245900006],[121.50694824700008,24.98200326500006],[121.50597984900001,24.98384740000005],[121.50552928600005,24.98434807900003],[121.50674697200009,24.98509948400004],[121.50729770400005,24.98553836900004]]]}},{"type":"Feature","properties":{"county_id":"65000","district_id":"65000030","village_id":"65000030078","county":"新北市","district":"中和區","village":"興南里","boundary_release":"1150817","identity_status":"named_village","population_join_status":"location_context_only"},"geometry":{"type":"Polygon","coordinates":[[[121.51166869100007,24.991528056000053],[121.51194335400011,24.991060385000026],[121.51315746300007,24.988470721000056],[121.51287868800011,24.98833231000003],[121.51280445300006,24.988228383000035],[121.51216603800003,24.98681795600004],[121.51202554500001,24.986684648000047],[121.51192106600001,24.986669490000057],[121.51171321200003,24.986847651000065],[121.51162413300007,24.98717427700007],[121.5107407600001,24.989070941000016],[121.51046817100007,24.989770353000036],[121.51166869100007,24.991528056000053]]]}},{"type":"Feature","properties":{"county_id":"65000","district_id":"65000030","village_id":"65000030082","county":"新北市","district":"中和區","village":"吉興里","boundary_release":"1150817","identity_status":"named_village","population_join_status":"location_context_only"},"geometry":{"type":"Polygon","coordinates":[[[121.50407666600007,24.992349490000034],[121.50459683800011,24.99227385200004],[121.50550001500005,24.99145340500007],[121.50703236700008,24.99071915000007],[121.50708982900004,24.990616992000074],[121.50704513400002,24.990457373000027],[121.50682805000008,24.990067904000064],[121.50669396900003,24.98992105500003],[121.50639388100002,24.989799745000028],[121.50572347600007,24.989767825000065],[121.50440820800009,24.99009984000003],[121.5037956110001,24.990302166000046],[121.50450398700002,24.991833303000075],[121.50440821400004,24.992024847000042],[121.50407666600007,24.992349490000034]]]}},{"type":"Feature","properties":{"county_id":"65000","district_id":"65000030","village_id":"65000030045","county":"新北市","district":"中和區","village":"復興里","boundary_release":"1150817","identity_status":"named_village","population_join_status":"location_context_only"},"geometry":{"type":"Polygon","coordinates":[[[121.49998269900004,24.992857498000042],[121.50235244100007,24.99259481900003],[121.50407666600007,24.992349490000034],[121.50440821400004,24.992024847000042],[121.50450398700002,24.991833303000075],[121.50376972700009,24.990253077000034],[121.50045477800008,24.990219126000053],[121.50021392300005,24.99024832100002],[121.50007524800003,24.99033590500005],[121.49997306800003,24.990715434000034],[121.49985629700006,24.99278094500005],[121.49998269900004,24.992857498000042]]]}},{"type":"Feature","properties":{"county_id":"65000","district_id":"65000030","village_id":"65000030028","county":"新北市","district":"中和區","village":"秀成里","boundary_release":"1150817","identity_status":"named_village","population_join_status":"location_context_only"},"geometry":{"type":"Polygon","coordinates":[[[121.52403737700001,24.994933301000057],[121.52393952200009,24.99438599700005],[121.52399890900007,24.993970290000046],[121.52418449299999,24.99359169800005],[121.52433296000002,24.99345065400007],[121.52446658100007,24.99359169700006],[121.52458535400002,24.993480346000073],[121.52454823800008,24.993086908000066],[121.52459277700005,24.99267120000008],[121.52468185800001,24.992478193000064],[121.52486434900004,24.992395298000073],[121.52458535300003,24.992236935000047],[121.52371330000007,24.991586605000066],[121.52356092800007,24.991832366000036],[121.52292251900009,24.992478199000058],[121.52253650500008,24.993001546000073],[121.52194263700007,24.99407051000002],[121.52200068200013,24.99444538900008],[121.5226404340001,24.99451219800005],[121.5230264490001,24.99461612400006],[121.52304871900002,24.994675510000032],[121.52335307600003,24.994638393000063],[121.52403737700001,24.994933301000057]]]}},{"type":"Feature","properties":{"county_id":"65000","district_id":"65000030","village_id":"65000030030","county":"新北市","district":"中和區","village":"秀景里","boundary_release":"1150817","identity_status":"named_village","population_join_status":"location_context_only"},"geometry":{"type":"Polygon","coordinates":[[[121.52661879300003,24.995547435000052],[121.52674092500001,24.99543698100007],[121.53136657400013,24.995433240000065],[121.53165934000005,24.99467250700007],[121.53179920200012,24.99375524400006],[121.53180501800011,24.993444476000036],[121.53175602700003,24.99320179500006],[121.53137798400009,24.99256165900005],[121.53160223300006,24.99215852800006],[121.53174343200011,24.99164027000006],[121.53176846900011,24.991231894000062],[121.53169870500007,24.990505769000038],[121.52947445300005,24.98833470500006],[121.52855924900008,24.987556953000023],[121.52795956800004,24.987091867000057],[121.52778297200005,24.987008819000035],[121.52741089400001,24.98701455400004],[121.52662273200008,24.98618292000003],[121.52620916900004,24.98581678300007],[121.5250512340001,24.98492809800006],[121.52354394500003,24.98387471900003],[121.5234369970001,24.98387879800004],[121.52278731400008,24.984373487000028],[121.52257654900008,24.984748480000064],[121.52252396100005,24.98507235000005],[121.52257080300002,24.98560523200007],[121.52268912600006,24.98614742600006],[121.52292100000012,24.986635175000057],[121.52308883700006,24.987174441000025],[121.52345287600008,24.987913509000066],[121.52215289000002,24.988342790000047],[121.52198661700004,24.98837027700006],[121.52162515400005,24.98833964800008],[121.52165311200007,24.989030067000048],[121.5216085740001,24.98939380900003],[121.52134876200013,24.990730008000067],[121.52125333500011,24.990948567000036],[121.52212079100002,24.99070031300005],[121.52223214200001,24.990989822000074],[121.52227668400008,24.991264484000048],[121.5230041750001,24.991323868000045],[121.523553504,24.991494603000035],[121.52379847600004,24.991635646000077],[121.52458535300003,24.992236935000047],[121.52501590900012,24.992481904000037],[121.52526088000002,24.992712029000078],[121.52556523800001,24.993112891000067],[121.52583990300002,24.993613967000044],[121.52664162500004,24.994630967000035],[121.52670101200012,24.994794280000065],[121.52670101200012,24.995061521000025],[121.52661879300003,24.995547435000052]]]}},{"type":"Feature","properties":{"county_id":"65000","district_id":"65000030","village_id":"65000030006","county":"新北市","district":"中和區","village":"建和里","boundary_release":"1150817","identity_status":"named_village","population_join_status":"location_context_only"},"geometry":{"type":"Polygon","coordinates":[[[121.49284764600009,24.996778731000063],[121.49319313300009,24.995184768000055],[121.49317395200002,24.99488109100003],[121.49309723300006,24.99463815000007],[121.49300133500002,24.994510287000022],[121.492256235,24.993979794000033],[121.49060957200005,24.994072229000036],[121.49010335300012,24.995324090000057],[121.489866268,24.996112044000032],[121.48987567100006,24.996242938000027],[121.49134549400004,24.99635792200007],[121.49213825600008,24.996543323000022],[121.49284764600009,24.996778731000063]]]}},{"type":"Feature","properties":{"county_id":"65000","district_id":"65000030","village_id":"65000030070","county":"新北市","district":"中和區","village":"壽德里","boundary_release":"1150817","identity_status":"named_village","population_join_status":"location_context_only"},"geometry":{"type":"Polygon","coordinates":[[[121.4651620200001,24.997183630000052],[121.46811347000005,24.993688578000047],[121.46761737300005,24.993506964000062],[121.46742496400009,24.993379151000056],[121.4671498450001,24.992982471000058],[121.4670076860001,24.993160673000038],[121.4669003250001,24.99322538900003],[121.46674644900008,24.993183883000025],[121.46633054700011,24.992955601000066],[121.46625375200006,24.992972634000065],[121.46610437200003,24.99330905700003],[121.4659697410001,24.99348024800003],[121.46423244200003,24.995525544000035],[121.46424855800001,24.99572427500004],[121.46472017700012,24.99657014800005],[121.4651620200001,24.997183630000052]]]}},{"type":"Feature","properties":{"county_id":"65000","district_id":"65000030","village_id":"65000030071","county":"新北市","district":"中和區","village":"明德里","boundary_release":"1150817","identity_status":"named_village","population_join_status":"location_context_only"},"geometry":{"type":"Polygon","coordinates":[[[121.46577843100009,24.998572955000046],[121.46685598200008,24.997985241000034],[121.46704530900001,24.997775629000042],[121.46797165800001,24.996605861000038],[121.46873572400011,24.99517915100006],[121.46895773100003,24.99462513900005],[121.46878311700003,24.994466408000054],[121.46838758100013,24.993932908000033],[121.46811347000005,24.993688578000047],[121.4651620200001,24.997183630000052],[121.46563751300003,24.99778636700006],[121.46541112500007,24.99800605400003],[121.46577843100009,24.998572955000046]]]}},{"type":"Feature","properties":{"county_id":"65000","district_id":"65000030","village_id":"65000030074","county":"新北市","district":"中和區","village":"宜安里","boundary_release":"1150817","identity_status":"named_village","population_join_status":"location_context_only"},"geometry":{"type":"Polygon","coordinates":[[[121.51430737100009,24.99898419600004],[121.5146347630001,24.99842631500007],[121.51495904900003,24.99815412300006],[121.51499249400001,24.998021818000037],[121.51478259900013,24.99768364600004],[121.51443896600007,24.996738787000023],[121.51358331200004,24.995469555000053],[121.51198005700009,24.99668345200007],[121.51270797500003,24.997533531000045],[121.51285644300005,24.997496413000075],[121.51302718000012,24.997518682000077],[121.51319049500012,24.99767457100006],[121.51430737100009,24.99898419600004]]]}},{"type":"Feature","properties":{"county_id":"65000","district_id":"65000030","village_id":"65000030007","county":"新北市","district":"中和區","village":"連和里","boundary_release":"1150817","identity_status":"named_village","population_join_status":"location_context_only"},"geometry":{"type":"Polygon","coordinates":[[[121.49092781700004,25.003270345000033],[121.49327242800008,25.00219458300006],[121.49371556200002,25.002078684000026],[121.5000355320001,25.00265068200002],[121.49816186300006,25.00179145600004],[121.4976231390001,25.001374847000022],[121.49744356400004,25.001195274000057],[121.49575555800003,24.998724353000057],[121.49526711500005,24.99831492700002],[121.49429026900009,24.997610624000053],[121.49326306800003,24.999219982000053],[121.49092781700004,25.003270345000033]]]}},{"type":"Feature","properties":{"county_id":"65000","district_id":"65000030","village_id":"65000030017","county":"新北市","district":"中和區","village":"瓦[磘]里","boundary_release":"1150817","identity_status":"named_village","population_join_status":"location_context_only"},"geometry":{"type":"Polygon","coordinates":[[[121.50568062100001,25.005976375000046],[121.50619215100005,25.00557277400003],[121.50728355500007,25.005293378000037],[121.5075523470001,25.005098655000033],[121.50823225200008,25.00439917700004],[121.50851006399999,25.00424716900005],[121.50883696300002,25.004231688000054],[121.50899359200004,25.00400159200006],[121.50897202899999,25.003546133000043],[121.50880008400009,25.003164083000055],[121.50879860000009,25.002801817000037],[121.50871074800011,25.002511592000072],[121.50867508900001,25.002461491000076],[121.50849375300002,25.00242984500005],[121.50823216800006,25.00246669700004],[121.50789993500007,25.002444298000057],[121.50773668000011,25.00226935800004],[121.50740608300008,25.001766675000052],[121.5069822900001,25.00239565700002],[121.50614374700002,25.003329643000026],[121.505550631,25.00365006300007],[121.50487570700012,25.00393639600003],[121.50403099200003,25.004570967000063],[121.50433713100004,25.004904469000053],[121.50568062100001,25.005976375000046]]]}},{"type":"Feature","properties":{"county_id":"65000","district_id":"65000030","village_id":"65000030087","county":"新北市","district":"中和區","village":"民有里","boundary_release":"1150817","identity_status":"named_village","population_join_status":"location_context_only"},"geometry":{"type":"Polygon","coordinates":[[[121.47377103300006,25.006095266000038],[121.47645619700005,25.00567202500002],[121.47724343300001,25.004033064000055],[121.47689215800006,25.003657212000054],[121.47664469300003,25.003561863000073],[121.47636409900008,25.003514691000078],[121.47630280600005,25.00345922600008],[121.47605761100012,25.00204823400003],[121.47600795000004,25.00201811200003],[121.47584354400009,25.002047013000034],[121.47580642700005,25.002113823000055],[121.47592148000001,25.003061849000062],[121.47403127200006,25.002738914000076],[121.474045444,25.004857695000055],[121.47394315600002,25.00545545800003],[121.47375367600011,25.00605349700004],[121.47377103300006,25.006095266000038]]]}},{"type":"Feature","properties":{"county_id":"65000","district_id":"65000030","village_id":"65000030068","county":"新北市","district":"中和區","village":"民生里","boundary_release":"1150817","identity_status":"named_village","population_join_status":"location_context_only"},"geometry":{"type":"Polygon","coordinates":[[[121.47094612500007,25.006557221000037],[121.47127874700006,25.006053143000027],[121.47125864000009,25.005881280000036],[121.47120586700011,25.005814094000073],[121.47032339600003,25.005451766000075],[121.47075049900002,25.00422388900006],[121.4684257770001,25.003268997000077],[121.46843106800009,25.003384138000058],[121.46811005100005,25.00381067300003],[121.46794682300005,25.004234741000058],[121.46793376300003,25.004426714000033],[121.46852140700001,25.004819393000048],[121.469085457,25.005400551000037],[121.4697451720001,25.00597863300004],[121.47094612500007,25.006557221000037]]]}},{"type":"Feature","properties":{"county_id":"65000","district_id":"65000030","village_id":"65000030004","county":"新北市","district":"中和區","village":"仁和里","boundary_release":"1150817","identity_status":"named_village","population_join_status":"location_context_only"},"geometry":{"type":"Polygon","coordinates":[[[121.48298521100003,24.993304475000063],[121.48241821100011,24.99343017900003],[121.48238855800003,24.993839031000046],[121.482407738,24.993909355000024],[121.48266986100009,24.993915749000053],[121.48275297400005,24.993960501000057],[121.48278494300008,24.99450711800005],[121.48273379700005,24.99453908400005],[121.48233102300003,24.99451990600005],[121.48228627000005,24.99460301600004],[121.4822990580001,24.994948249000057],[121.48247463300004,24.995009706000072],[121.4824900000001,24.99524500000006],[121.48260500000005,24.99524500000007],[121.48259506700005,24.995718626000038],[121.48298953200005,24.99569625000004],[121.48301510400006,24.99560664300003],[121.48309614900006,24.995629545000043],[121.48359351700003,24.996000711000082],[121.48382364200006,24.996097213000038],[121.48410573000002,24.996156598000027],[121.48515664500009,24.996155843000057],[121.48538148900003,24.995568457000047],[121.48574542100005,24.994898057000054],[121.4858667310001,24.99476397600006],[121.48643497800003,24.994502198000077],[121.48653075000006,24.994412812000064],[121.48657544400011,24.994253192000034],[121.48655694900003,24.993471413000066],[121.48573995900006,24.993452741000052],[121.4855392090001,24.99235437000004],[121.48517500000003,24.99253900000008],[121.48488400000008,24.992441000000042],[121.48474300000011,24.99244500000003],[121.48475500000008,24.992599000000038],[121.48449300000006,24.99264500000004],[121.4842880000001,24.99273800000003],[121.48391500000004,24.99270800000005],[121.48376610700008,24.992828901000053],[121.48345300000007,24.992917000000027],[121.48327200000006,24.99303300000003],[121.48300100000006,24.993047000000047],[121.48298521100003,24.993304475000063]]]}},{"type":"Feature","properties":{"county_id":"65000","district_id":"65000030","village_id":"65000030052","county":"新北市","district":"中和區","village":"錦和里","boundary_release":"1150817","identity_status":"named_village","population_join_status":"location_context_only"},"geometry":{"type":"Polygon","coordinates":[[[121.49145900000006,24.984089000000036],[121.49208549800005,24.983491661000066],[121.4917662570001,24.983485278000042],[121.49165771600008,24.983427815000024],[121.4916513300001,24.983280966000045],[121.4918364890001,24.98310219100006],[121.49239835200002,24.982722295000034],[121.49258989500002,24.982517983000037],[121.49300860500011,24.981436600000052],[121.49141027300004,24.980834859000023],[121.4912395350001,24.980760627000052],[121.49100940900007,24.980582468000026],[121.49036357400009,24.980307806000035],[121.49009633100002,24.980033145000053],[121.48976970000001,24.97951351400008],[121.48927233300003,24.97931308500006],[121.4891094520001,24.979310980000033],[121.48803900000009,24.980977000000053],[121.48791600000006,24.98207200000007],[121.48833767400004,24.982132953000075],[121.48817368400012,24.982427169000065],[121.48806975800004,24.982568211000057],[121.48792129000002,24.98262017600006],[121.48733484099999,24.982427171000037],[121.48729772600008,24.982486558000062],[121.487423926,24.983325392000037],[121.48737196400008,24.983533245000046],[121.48713441700009,24.983945239000036],[121.48689687000001,24.984242173000037],[121.48660735900012,24.984501989000023],[121.48605060700004,24.984880580000038],[121.48464016800006,24.98567859000008],[121.4843209620001,24.985760248000073],[121.484231883,24.985834481000037],[121.48423930600006,24.98589386700007],[121.48429355500002,24.98602891400003],[121.48467728800006,24.98640607500004],[121.48718639800008,24.988284166000025],[121.48780254000008,24.988692448000048],[121.4888863550001,24.989152689000033],[121.48949507100006,24.98908587800002],[121.48979200600002,24.989115570000028],[121.49029679600007,24.989241764000038],[121.49077931800002,24.989423635000037],[121.49109695200002,24.989596256000027],[121.49185566300001,24.98860266400004],[121.49205997700007,24.988302579000052],[121.4921357820001,24.988080811000028],[121.49191300000005,24.987779000000042],[121.49174900000003,24.987398000000045],[121.49187500000006,24.986700000000038],[121.49145900000006,24.984089000000036]]]}},{"type":"Feature","properties":{"county_id":"65000","district_id":"65000030","village_id":"65000030053","county":"新北市","district":"中和區","village":"錦昌里","boundary_release":"1150817","identity_status":"named_village","population_join_status":"location_context_only"},"geometry":{"type":"Polygon","coordinates":[[[121.49212382500004,24.988168499000036],[121.49185566300001,24.98860266400004],[121.49109695200002,24.989596256000027],[121.49121080100008,24.989534841000022],[121.49169732700013,24.990560122000034],[121.49289639200003,24.98971999300005],[121.49369100000001,24.989236000000062],[121.49347740700011,24.988813355000048],[121.49500975900003,24.988277028000024],[121.4954183870001,24.988056753000023],[121.49663149500009,24.98633605500003],[121.49777733700012,24.983922180000025],[121.49692584800005,24.98329195400003],[121.49377090900008,24.98168482000006],[121.49300860500011,24.981436600000052],[121.49258989500002,24.982517983000037],[121.49239835200002,24.982722295000034],[121.4918364890001,24.98310219100006],[121.4916513300001,24.983280966000045],[121.49165771600008,24.983427815000024],[121.4917662570001,24.983485278000042],[121.49208549800005,24.983491661000066],[121.49145900000006,24.984089000000036],[121.49187500000006,24.986700000000038],[121.49174900000003,24.987398000000045],[121.49191300000005,24.987779000000042],[121.4921357820001,24.988080811000028],[121.49212382500004,24.988168499000036]]]}},{"type":"Feature","properties":{"county_id":"65000","district_id":"65000030","village_id":"65000030054","county":"新北市","district":"中和區","village":"灰[磘]里","boundary_release":"1150817","identity_status":"named_village","population_join_status":"location_context_only"},"geometry":{"type":"Polygon","coordinates":[[[121.48241821100011,24.99343017900003],[121.48298521100003,24.993304475000063],[121.48300100000006,24.993047000000047],[121.48327200000006,24.99303300000003],[121.48345300000007,24.992917000000027],[121.48376610700008,24.992828901000053],[121.48391500000004,24.99270800000005],[121.4842880000001,24.99273800000003],[121.48449300000006,24.99264500000004],[121.48475500000008,24.992599000000038],[121.48474300000011,24.99244500000003],[121.48488400000008,24.992441000000042],[121.48517500000003,24.99253900000008],[121.4855392090001,24.99235437000004],[121.48550100000013,24.99221900000003],[121.4851910000001,24.991817000000022],[121.48504300000002,24.991706000000075],[121.48369447300001,24.99112308900004],[121.48356379100005,24.988822366000083],[121.48357863500009,24.988317580000054],[121.48371967700007,24.987445342000047],[121.48394979900002,24.986747549000025],[121.48429355500002,24.98602891400003],[121.484231883,24.985834481000037],[121.4843209620001,24.985760248000073],[121.48464016800006,24.98567859000008],[121.48542704400006,24.98525917100005],[121.48660735900012,24.984501989000023],[121.48689687000001,24.984242173000037],[121.48713441700009,24.983945239000036],[121.48737196400008,24.983533245000046],[121.487423926,24.983325392000037],[121.48729772600008,24.982486558000062],[121.48733484099999,24.982427171000037],[121.48792129000002,24.98262017600006],[121.48806975800004,24.982568211000057],[121.48817368400012,24.982427169000065],[121.48833767400004,24.982132953000075],[121.48791600000006,24.98207200000007],[121.48803900000009,24.980977000000053],[121.4891094520001,24.979310980000033],[121.48901993600008,24.97876747200007],[121.48909416900005,24.978626429000027],[121.48945791400001,24.978277532000046],[121.48945048900009,24.97806967900004],[121.48936140800005,24.977757900000025],[121.48915355200006,24.977683668000054],[121.48844090800003,24.97763541800003],[121.4877876490001,24.977538917000057],[121.48749071400005,24.977442414000052],[121.48734224600003,24.97733848800004],[121.48654051600009,24.976384594000013],[121.48599860400009,24.975434411000034],[121.48573878500007,24.975070668000054],[121.48163982800008,24.973628313000056],[121.48147350600004,24.97398520600006],[121.4810268650001,24.974481459000053],[121.4808941550001,24.974899857000022],[121.4806368510001,24.97538192600006],[121.47937435200005,24.976004403000047],[121.47925314500003,24.976504313000078],[121.47926399500011,24.977281441000056],[121.47906795000006,24.977727216000066],[121.4781952080001,24.978244855000074],[121.47800195200013,24.97844595400005],[121.47752588900005,24.97913239500007],[121.47701583400008,24.97942964300006],[121.47674751700004,24.979518852000073],[121.47643189000007,24.97951645100005],[121.47586752600013,24.97927356700006],[121.47568120800008,24.97933871500004],[121.47550315700005,24.97961452500004],[121.47520707000002,24.980247515000027],[121.47514577800007,24.980859017000057],[121.47505730400009,24.981141340000082],[121.47457018300008,24.98182095500004],[121.4744752700001,24.98237513600003],[121.47431200500012,24.982734508000075],[121.47417573600002,24.983207268000058],[121.47424880100006,24.983777905000064],[121.47436721500004,24.983987252000073],[121.47449798400011,24.98403100800004],[121.47492340300005,24.984039863000074],[121.47551162400008,24.984666640000057],[121.47592878200011,24.98522143100007],[121.47617545600008,24.985325989000046],[121.47685276500012,24.985826752000037],[121.47706312600008,24.986193071000063],[121.47747645100003,24.986588054000038],[121.47792734200006,24.987402154000048],[121.47847893300003,24.98797016600003],[121.47878419900009,24.988757531000033],[121.47901301600007,24.989069418000046],[121.47945252400007,24.98948571800002],[121.479606675,24.98978764600002],[121.47971694400007,24.990324176000055],[121.47911734600007,24.99030065700003],[121.47838659100012,24.990546544000033],[121.47815353100009,24.990701260000037],[121.47751633500002,24.99095540900003],[121.47732870500012,24.990930805000062],[121.47709385900009,24.990618012000027],[121.47703228600005,24.99059581000006],[121.4769432280001,24.99062129300006],[121.47671638700001,24.990810200000055],[121.478549756,24.992843279000052],[121.47904888200003,24.99322760000007],[121.47926849700002,24.993332414000065],[121.47943819900001,24.993382326000074],[121.4802419450001,24.99345272800002],[121.4800570000001,24.992607000000074],[121.48063100000003,24.99250300000005],[121.480857592,24.99346795100007],[121.48241821100011,24.99343017900003]]]}},{"type":"Feature","properties":{"county_id":"65000","district_id":"65000030","village_id":"65000030085","county":"新北市","district":"中和區","village":"錦中里","boundary_release":"1150817","identity_status":"named_village","population_join_status":"location_context_only"},"geometry":{"type":"Polygon","coordinates":[[[121.48356379100005,24.988822366000083],[121.48369447300001,24.99112308900004],[121.48485700000005,24.991619000000068],[121.4851910000001,24.991817000000022],[121.48550100000013,24.99221900000003],[121.48560600000008,24.992591000000054],[121.48573995900006,24.993452741000052],[121.48655694900003,24.993471413000066],[121.486558402,24.993772788000054],[121.48729217100004,24.993746317000046],[121.48784838300001,24.993784675000022],[121.48802324700011,24.993879600000067],[121.4888870000001,24.993896000000056],[121.48902395600008,24.994235412000023],[121.49090553200006,24.994048360000075],[121.49420378500008,24.993859982000057],[121.49400850000006,24.993703165000056],[121.4939342660001,24.99353985200003],[121.49393426400002,24.99293114100004],[121.49400849600012,24.992671324000067],[121.49411984700008,24.99251543400004],[121.49445389700008,24.992218500000035],[121.49452070800011,24.992084880000046],[121.49446167800012,24.99178468000002],[121.49383033000004,24.991067889000075],[121.49350370100001,24.990897154000034],[121.49279848000005,24.99070043900002],[121.49166270400009,24.990551977000045],[121.49121080100008,24.989534841000022],[121.49109695200002,24.989596256000027],[121.49077931800002,24.989423635000037],[121.49029679600007,24.989241764000038],[121.48979200600002,24.989115570000028],[121.48949507100006,24.98908587800002],[121.4888863550001,24.989152689000033],[121.48780254000008,24.988692448000048],[121.48718639800008,24.988284166000025],[121.48467728800006,24.98640607500004],[121.48429355500002,24.98602891400003],[121.48394979900002,24.986747549000025],[121.48371967700007,24.987445342000047],[121.48362317400006,24.98792414600007],[121.48356379100005,24.988822366000083]]]}}]}
