{"type":"FeatureCollection","features":[{"type":"Feature","properties":{"county_id":"65000","district_id":"65000090","village_id":"65000090014","county":"新北市","district":"三峽區","village":"五寮里","boundary_release":"1150817","identity_status":"named_village","population_join_status":"location_context_only"},"geometry":{"type":"Polygon","coordinates":[[[121.37484691800012,24.876192765000035],[121.37554506100004,24.875091486000034],[121.38114218100009,24.87366104700004],[121.38148094300004,24.873661050000063],[121.38166178400002,24.873565873000075],[121.38183310700005,24.87324226600003],[121.38187118000009,24.872890105000064],[121.38177600100005,24.87182410100007],[121.38158564100003,24.871129294000067],[121.38123347800001,24.870567736000055],[121.38092890400004,24.869958589000074],[121.38090986900012,24.869140051000045],[121.38044349100007,24.866408418000045],[121.38018650400011,24.86579927700006],[121.3781210950001,24.862115878000054],[121.37778796400005,24.86142107900002],[121.37764519300003,24.861002295000045],[121.3776071210001,24.86073579700007],[121.37768326200013,24.860450263000075],[121.37817819100007,24.85978401900007],[121.37913949900009,24.85900356200006],[121.37938696300013,24.85862285100006],[121.3799960990001,24.856909650000034],[121.38021501000004,24.856462314000055],[121.38044343800004,24.85628147600005],[121.38127149700006,24.856043531000065],[121.38174739300007,24.855986424000037],[121.38218521800002,24.856005459000077],[121.38269918500008,24.855957871000044],[121.38319411700003,24.855748480000045],[121.38364145800006,24.855481980000036],[121.3842696370001,24.85500609000007],[121.38454565800009,24.85492994700007],[121.38697063400002,24.854917635000053],[121.38639724400002,24.854408532000036],[121.38581664400012,24.853570966000067],[121.38535977700008,24.852704846000044],[121.38502664300005,24.851952939000054],[121.38472204900006,24.849021454000027],[121.38459831300008,24.848602670000044],[121.38437939700009,24.848117262000073],[121.3843603590001,24.84771751200003],[121.38440794600001,24.84730824700006],[121.38453167600007,24.846984641000063],[121.3848552830001,24.84648019600007],[121.38525503200005,24.845985268000042],[121.38558815700003,24.845652143000052],[121.38593080000011,24.845461786000044],[121.3868921070001,24.84516673100007],[121.38726330400003,24.84492878500004],[121.38741558900007,24.844681321000056],[121.38749173100007,24.844519519000066],[121.38759271900005,24.842104258000056],[121.38597533700012,24.84121167400008],[121.38536729600003,24.841033767000052],[121.38504101600006,24.840808085000045],[121.38494846500011,24.840631043000034],[121.38483154100004,24.840173692000064],[121.38482786500005,24.83968207500004],[121.3844455080001,24.838822253000043],[121.38443077500006,24.83869358200007],[121.38458023700002,24.838294122000036],[121.38454830800003,24.838018393000027],[121.38423437700011,24.837877734000074],[121.38392819600007,24.83766356400002],[121.38353482400011,24.837152916000036],[121.38334670100006,24.83698489100004],[121.38252527500003,24.836687138000052],[121.38132367200001,24.83656562100003],[121.38075327400009,24.836422216000074],[121.38026623600003,24.836143415000038],[121.3788262800001,24.83493945100003],[121.37789468400001,24.83448297800004],[121.3769923340001,24.834357346000047],[121.37579940400008,24.833845272000072],[121.37480878000008,24.83381595600002],[121.37441417900004,24.833755528000037],[121.37383446500007,24.833359389000066],[121.373618447,24.83328089500003],[121.37350025500007,24.83328527200007],[121.37324858500006,24.83336522700006],[121.37293623300002,24.83356223400006],[121.3728149000001,24.833787147000063],[121.37281444500002,24.83394795500004],[121.37297883400004,24.83449729500006],[121.37293787900002,24.83475221800006],[121.37282156800006,24.834979439000048],[121.37265784700004,24.83507792300002],[121.37230051300003,24.835176063000056],[121.37124674400003,24.835247688000038],[121.37097754000003,24.835302347000038],[121.37066019300005,24.835485547000072],[121.37025354400011,24.836121160000054],[121.37012249200006,24.836224295000022],[121.36978775400009,24.83633396400006],[121.36890501800009,24.83638520200003],[121.36816511500001,24.836608989000066],[121.36730722700007,24.836763641000058],[121.36697740600006,24.83691006500004],[121.36644819200002,24.837315718000063],[121.3660857860001,24.83742532100007],[121.36563814700003,24.83744518000003],[121.36522290000005,24.837568472000047],[121.36479204000011,24.837873220000066],[121.36416015000009,24.838133938000052],[121.36387598900001,24.83814259500008],[121.36255391700003,24.83795636600007],[121.36220686700005,24.837974103000075],[121.36136908000003,24.83813563500007],[121.36053928400007,24.838206480000043],[121.36034805200006,24.838065140000023],[121.36005887100009,24.83817656600007],[121.35925291500007,24.83885251600003],[121.35779106600012,24.839519478000057],[121.35730080100006,24.840450088000065],[121.35666591900008,24.84101101900006],[121.35604386600004,24.842102289000017],[121.35577833900004,24.842352479000052],[121.35553898700006,24.842324604000055],[121.35538000500001,24.84240743200007],[121.35531042700006,24.842496420000028],[121.35492977400007,24.84344331400007],[121.35490767100009,24.843877477000028],[121.35482305000005,24.843972332000078],[121.35431084600009,24.84409136500005],[121.35344605900002,24.844057159000045],[121.35309977500003,24.84428504600004],[121.3526965430001,24.84448009400006],[121.35169217600001,24.844455065000027],[121.35054873300011,24.84499718600005],[121.34926721700005,24.84544743200007],[121.3488363800001,24.84552444600007],[121.34770612800003,24.84549468600005],[121.34745613000005,24.845535772000062],[121.34721553400006,24.845636487000036],[121.34701456500011,24.84580001800003],[121.34674489300005,24.845887184000045],[121.3463276980001,24.845817124000064],[121.34578802400006,24.845576999000063],[121.34506138100004,24.845516350000032],[121.34493984600012,24.84544156000004],[121.34473751000007,24.845212449000027],[121.34440114300004,24.845171582000035],[121.3441547990001,24.84507254300007],[121.34363958300003,24.845013609000038],[121.34248986500006,24.844667085000022],[121.34185413600005,24.84438179100004],[121.34165275100008,24.844247940000063],[121.3415674480001,24.844146457000072],[121.34149871400008,24.843939215000034],[121.34129704400004,24.84377667800004],[121.34113671300008,24.843722874000036],[121.34048959400002,24.843685653000023],[121.34034671900008,24.84361563000004],[121.34016489000011,24.84342307200006],[121.34000851200005,24.843387602000064],[121.33957952200001,24.84339569200005],[121.33937228400009,24.84356155300003],[121.33932163600002,24.843657251000025],[121.33879050800012,24.843643199000038],[121.33852233000005,24.843754447000038],[121.33826600200008,24.843790980000048],[121.33797356500008,24.84373823900006],[121.33775096500005,24.843621787000075],[121.33751076500005,24.84363521400007],[121.33709661700006,24.843745355000063],[121.33631899000012,24.843743621000044],[121.33614086900002,24.84380016900008],[121.33599616000005,24.84392764200004],[121.33585501600011,24.844161857000078],[121.33576836200007,24.844563244000025],[121.33583070300004,24.844888813000065],[121.33605448100002,24.845509281000037],[121.33605225400004,24.84605122500005],[121.33616354000002,24.846875815000033],[121.3363192920001,24.84723162600005],[121.33691078500011,24.84813613600005],[121.33707927600005,24.84830590500007],[121.33727233800005,24.84840983700008],[121.3380588230001,24.848402415000063],[121.33860009500006,24.848771435000057],[121.33885648500008,24.848745998000027],[121.33882549000009,24.848641512000018],[121.33887989700008,24.84854421600005],[121.33908608700006,24.84850483500002],[121.33968201700009,24.848713479000025],[121.3401857460001,24.848727944000068],[121.34028219300001,24.84880170300005],[121.34031186900008,24.848922234000035],[121.34041971800004,24.84897194500007],[121.34112927100013,24.848721071000057],[121.34137678400009,24.84871624400006],[121.34183086100006,24.848577982000048],[121.34294947900003,24.84877129800003],[121.343885021,24.849197918000076],[121.34424210200007,24.84944694800004],[121.3446472810001,24.849603264000056],[121.34551237500011,24.849738295000066],[121.34597857500012,24.850035893000044],[121.34621195300006,24.850113569000023],[121.34674050600006,24.85020837600007],[121.34695669800011,24.850182783000037],[121.34753064200004,24.849913022000067],[121.34763860500006,24.84993406700005],[121.34772014500004,24.850288756000054],[121.34762659600005,24.850760946000037],[121.3476889550001,24.850879312000075],[121.3478633310001,24.850945315000047],[121.34811609600003,24.85088428100005],[121.34828125500009,24.850735787000076],[121.34833547800008,24.850360928000043],[121.34815838700003,24.85002310500005],[121.34811287900006,24.849771764000025],[121.34840148400009,24.84921538300006],[121.3485208510001,24.848564347000032],[121.34857911900008,24.848441831000066],[121.34872268400011,24.848352880000046],[121.34906182800012,24.848371314000072],[121.34932272900005,24.84847775800005],[121.34965850600007,24.848715244000065],[121.34991702900003,24.84878843300003],[121.3501194920001,24.848738689000072],[121.35033810300003,24.84873603300002],[121.35037943700003,24.84876829400002],[121.35042170000008,24.848885436000046],[121.35033453300004,24.849008996000066],[121.34997438600011,24.849224474000042],[121.34979903200008,24.849411939000042],[121.3497556430001,24.849584978000053],[121.34985842100004,24.84964842200003],[121.35000554700001,24.849613387000034],[121.35022845700009,24.849474269000037],[121.35081394500004,24.849464898000065],[121.35162793200006,24.849170774000072],[121.35237205800001,24.849073643000047],[121.3527349630001,24.849118511000032],[121.35288168500006,24.849189000000024],[121.3529201120001,24.84932333400007],[121.35288456400009,24.849419550000047],[121.35272198700011,24.84955201300005],[121.35197168800005,24.849946172000042],[121.35184312400007,24.85005352300004],[121.35179319300005,24.850296499000017],[121.35186361200012,24.850605265000077],[121.35198637800012,24.850697459000063],[121.35208195400004,24.850673714000038],[121.35243608600001,24.85038825600003],[121.35273304800012,24.850267748000075],[121.35295647600003,24.850320150000073],[121.3533449040001,24.85058991800003],[121.3534685840001,24.850771568000024],[121.35355177699999,24.851026479000033],[121.35354753800004,24.851476064000053],[121.35362703500004,24.851712611000032],[121.35375334600009,24.85186331500005],[121.35411554400004,24.852095128000034],[121.35433082100008,24.852308076000043],[121.35445808200006,24.85253906700007],[121.35460522300004,24.85315547500005],[121.35473530700007,24.85330617800003],[121.35538382400011,24.853576855000025],[121.35556977300007,24.853576385000057],[121.35597507600006,24.853381698000078],[121.35656975300004,24.85360515900004],[121.35665646500001,24.85359974100004],[121.35674318900008,24.853590867000033],[121.35693825800001,24.853176377000064],[121.3571433640001,24.853094522000045],[121.35726775200011,24.853092670000017],[121.35788066100007,24.853147587000024],[121.35799854500011,24.853204209000065],[121.35812730200009,24.85337441400003],[121.3581468340001,24.85385388900005],[121.3580338050001,24.854170040000035],[121.35783798100012,24.854453789000047],[121.35764170200004,24.854527641000058],[121.3572990990001,24.854424351000034],[121.35706162600002,24.854428098000028],[121.3564794330001,24.854553342000035],[121.3561913530001,24.85464866400002],[121.3557854720001,24.854992452000033],[121.35557164000012,24.85505591500004],[121.3555612140001,24.85515452800007],[121.3556762500001,24.85529828900007],[121.35557498900006,24.85549405400008],[121.35502496900006,24.855746718000038],[121.35472024500005,24.856250276000026],[121.35428293600012,24.856598522000073],[121.3541174180001,24.856841076000023],[121.35388542400005,24.85738044700003],[121.35383573900003,24.85788605100004],[121.35374387900002,24.85825045400003],[121.35358714000007,24.85849648200008],[121.35337151900002,24.858697562000028],[121.35312982800008,24.85881712300005],[121.35259683900007,24.858886322000046],[121.35225417200002,24.85912595200005],[121.35143658600009,24.859362720000032],[121.35099337700002,24.859283143000024],[121.35068683600002,24.85927630900005],[121.34993681800005,24.859584430000037],[121.349487855,24.859691777000023],[121.34931656900007,24.859797828000065],[121.34835429900012,24.860730247000042],[121.34830364100003,24.860834441000065],[121.34828962300004,24.86120827200005],[121.34821094200005,24.861409846000072],[121.34809238700007,24.861526397000038],[121.34763784700012,24.86177365300005],[121.3473414240001,24.862071933000042],[121.34741775100008,24.862477061000043],[121.34736429800013,24.862976918000065],[121.34725184800006,24.863137081000048],[121.34692809600006,24.863353829000065],[121.346821889,24.86352432800004],[121.34661636300008,24.86435625300004],[121.34651929000006,24.865086484000074],[121.34634265200009,24.865597366000028],[121.34598885600008,24.866105322000063],[121.34574451800007,24.866255831000043],[121.34537700900013,24.86673505900006],[121.34504826700002,24.86693918100007],[121.34521545500002,24.86724257600003],[121.34536522600001,24.867822312000047],[121.34547283800009,24.867937395000066],[121.3459193000001,24.868156921000036],[121.34631231300013,24.868227151000042],[121.34788517200002,24.86830160800002],[121.34819299600007,24.868630739000015],[121.34900701900006,24.86868182100005],[121.34937739600001,24.86875769300007],[121.34958513500008,24.868975208000048],[121.34980577100009,24.86943132800008],[121.35057598600008,24.87008898900007],[121.35156278300008,24.87030127400004],[121.35198064700012,24.870446151000067],[121.3523218570001,24.870591887000046],[121.35257358300011,24.870808405000048],[121.35311778200003,24.871101679000052],[121.35339543700002,24.871438726000065],[121.35366014300008,24.87187435800007],[121.35383709000007,24.872359151000072],[121.35606062500007,24.87210899400003],[121.35734365600003,24.872861113000052],[121.35868566900001,24.873908079000035],[121.35914670300008,24.87420199900003],[121.3595232350001,24.874403025000046],[121.36000864200001,24.87454580600007],[121.36063681600001,24.87483135700006],[121.36220724300006,24.875792719000064],[121.36268313200003,24.875830805000078],[121.36376816000006,24.875707102000035],[121.36413935400003,24.87570711200004],[121.36442488600007,24.87578326300007],[121.36474848900004,24.87605929500006],[121.36508160800007,24.87643050700006],[121.36528148100001,24.87640195800003],[121.36560509100003,24.87586895900005],[121.36580497100009,24.87514559600004],[121.36609050600009,24.874926691000038],[121.36640459300008,24.87490766500002],[121.36685192900008,24.875155143000026],[121.36724216000006,24.87522177600005],[121.36878405400013,24.87518373500006],[121.36912669500009,24.875221814000042],[121.3737333250001,24.876535391000065],[121.37425680600005,24.87661154500006],[121.37448523700006,24.876525790000077],[121.37484691800012,24.876192765000035]]]}},{"type":"Feature","properties":{"county_id":"65000","district_id":"65000090","village_id":"65000090016","county":"新北市","district":"三峽區","village":"有木里","boundary_release":"1150817","identity_status":"named_village","population_join_status":"location_context_only"},"geometry":{"type":"Polygon","coordinates":[[[121.42812393800011,24.871620013000044],[121.42873377000001,24.871834889000066],[121.42832300000009,24.87366700000007],[121.43352909000009,24.87251971900002],[121.43410102900008,24.872666951000035],[121.43448173600007,24.87297151800004],[121.4347101620001,24.87324753200005],[121.43549061300007,24.87392329000005],[121.43742270000007,24.87536046500003],[121.43806038200013,24.87596008200006],[121.43842205300007,24.87657873600006],[121.43862192200005,24.877387747000054],[121.43894552000006,24.87822531000006],[121.43984017600008,24.879928987000028],[121.44001149200005,24.880366805000055],[121.44008763300009,24.880585713000077],[121.44009823200007,24.881189768000066],[121.4404598120001,24.881260050000037],[121.44107845600001,24.88151702700003],[121.44121170300002,24.881517026000036],[121.44144010000002,24.881374191000077],[121.44177324400006,24.88098402800006],[121.44208732900007,24.880384407000065],[121.44236334100002,24.880165496000075],[121.4435720880001,24.879632495000063],[121.44390520800006,24.879280337000065],[121.44415266900012,24.878928178000024],[121.44482843000003,24.877671829000057],[121.44530431500006,24.87733870500006],[121.44594200300004,24.877062687000034],[121.44678907800005,24.87682473900003],[121.44743628000005,24.876796182000078],[121.44786457700003,24.87666293200004],[121.44841660500005,24.876434503000045],[121.45015835200002,24.87546368300008],[121.45071990100007,24.87525429100003],[121.45139566300008,24.87528284300003],[121.452071423,24.875473196000023],[121.452518757,24.87568258600004],[121.4526805590001,24.87568258500005],[121.4527852560001,24.87555885500006],[121.45281381000007,24.875387535000073],[121.45293754900001,24.87391228200005],[121.45301369300013,24.87363626700005],[121.45303272900003,24.87333169800007],[121.4528804480001,24.872627385000044],[121.45286141400005,24.872180051000043],[121.45295659300008,24.871970661000027],[121.45314695000003,24.871742233000074],[121.45391789200004,24.871161648000054],[121.45698262900011,24.86922001800008],[121.45763082000006,24.868934646000067],[121.4584103000001,24.868782199000062],[121.4595334070001,24.868629915000042],[121.46002833500008,24.868629915000042],[121.46210322099999,24.869581693000043],[121.46389257400007,24.870200349000065],[121.4658246890001,24.871951618000026],[121.46611022200011,24.87238943500006],[121.46660514500003,24.873531567000047],[121.46673839300003,24.874026491000055],[121.46687164300012,24.87422636400003],[121.46708103600007,24.87439768400003],[121.46746175100009,24.874559488000045],[121.46883411800003,24.876225027000036],[121.46925091400011,24.87618911500005],[121.47177750300013,24.877067592000053],[121.47177724300003,24.876998488000027],[121.47220366500005,24.876581633000054],[121.47261059000006,24.876265198000056],[121.47375713200006,24.87600884000005],[121.47430572300006,24.875758850000068],[121.47455633500012,24.875546488000058],[121.47472296700003,24.87528738000003],[121.47501692100002,24.874521076000068],[121.47523582500003,24.874186949000027],[121.4755153210001,24.873942170000078],[121.47630149700002,24.873597391000033],[121.47691850000001,24.873107637000032],[121.47710768500006,24.872848454000067],[121.47726828000009,24.87244438800007],[121.47735669100007,24.87184001700007],[121.47765298800006,24.871159244000065],[121.4782502810001,24.87069921200003],[121.47901099800002,24.870395587000075],[121.47924579900005,24.870215933000054],[121.47929631200009,24.870051961000048],[121.4791767260001,24.869570686000028],[121.47911129600004,24.86903970100008],[121.47886714800006,24.868602305000028],[121.47866025200005,24.86805908700006],[121.47819273200002,24.86742989400005],[121.47789554300005,24.86690967900006],[121.47768736000013,24.86635333600003],[121.4776706150001,24.865648525000033],[121.47783349100007,24.865353231000032],[121.47811362100003,24.865087466000027],[121.47856353700001,24.864869250000027],[121.47869889700007,24.864732110000038],[121.47879653000007,24.86453100900007],[121.47875700400004,24.863997152000017],[121.47879373900004,24.86380052200007],[121.47927980800011,24.863220446000064],[121.48025940100001,24.861877700000036],[121.4803807510001,24.861753423000035],[121.48074132500005,24.86169671500005],[121.48314321800001,24.861821748000065],[121.48336846800011,24.861910725000023],[121.48361426800012,24.862090127000045],[121.48417270200002,24.86231045200003],[121.48476605300004,24.86273262600002],[121.4850993560001,24.862893873000075],[121.48540418100005,24.862961237000032],[121.48580674300003,24.862857408000025],[121.48660912000004,24.862375562000064],[121.48804719600001,24.86227359100008],[121.48835709000002,24.862194413000058],[121.48852969500001,24.86203467400003],[121.48860130700008,24.861821851000055],[121.48933080600011,24.861109476000024],[121.48960370000009,24.860684463000037],[121.49039944500011,24.859650668000025],[121.49133794500007,24.858640984000026],[121.49154488600004,24.858300429000053],[121.49183218800012,24.857674097000032],[121.49200672000006,24.85744539600006],[121.49261196500002,24.85694064100005],[121.49283464200006,24.85657664800004],[121.49294855400001,24.85613115100006],[121.49289432300007,24.85556885000005],[121.49296649600002,24.85492119600008],[121.49275328100009,24.85369343100007],[121.4928046440001,24.85351575600003],[121.49300269700008,24.853224087000058],[121.49311048200002,24.85288631000003],[121.49347199300007,24.852429580000038],[121.49396807000005,24.85194291000005],[121.49423212600006,24.851743912000067],[121.49461508200012,24.85154373700004],[121.49522608100006,24.851500441000034],[121.49552679300005,24.851412756000055],[121.49617612700003,24.85102365500006],[121.49675300200009,24.850225708000035],[121.49691668199999,24.849763272000075],[121.4969573180001,24.849164588000054],[121.49711300500007,24.84892935300007],[121.49718908600003,24.84870825100006],[121.49718730400004,24.848258317000045],[121.49650633100009,24.846860525000068],[121.49645682100005,24.84653464200005],[121.49654052000007,24.84580397600007],[121.49675932700006,24.84500609900004],[121.4967830060001,24.84475566500003],[121.49656540900003,24.84354409400004],[121.49636556500002,24.842810129000043],[121.49627683000006,24.842201960000068],[121.49603185600006,24.841472782000036],[121.49565069200003,24.84106344700006],[121.49529040200002,24.840796382000065],[121.49516148900011,24.840627032000032],[121.4947320460001,24.839662154000052],[121.49470311700009,24.83942574500003],[121.4948041450001,24.837760323000055],[121.49476109900003,24.837243795000063],[121.49460264300002,24.83672780200004],[121.49444065900002,24.83647592400007],[121.49386364300005,24.836035315000057],[121.49347358900002,24.83582580000006],[121.4923957420001,24.835552804000034],[121.49170136400006,24.835209177000024],[121.49104920200011,24.83478728600005],[121.49029982800005,24.834478347000072],[121.48969991500007,24.83442593300003],[121.48777814200002,24.83443000300002],[121.48712540400004,24.83435256100006],[121.48673586000007,24.834232586000038],[121.48511227000007,24.83235904300005],[121.48445194500003,24.831815431000052],[121.48391606700011,24.831544545000042],[121.48385200400003,24.83130140600002],[121.48392459400009,24.830818807000075],[121.48389079900005,24.830605388000034],[121.48341974400012,24.82980602100002],[121.48341569700005,24.829528161000034],[121.48367909800004,24.82861756600005],[121.48367781600007,24.828385625000063],[121.4821052970001,24.826199495000022],[121.48123492600007,24.825316944000058],[121.4810931630001,24.825085625000046],[121.48104908700007,24.824826313000077],[121.48095515200009,24.824624644000032],[121.48063666300006,24.824189728000082],[121.4804516260001,24.82384378800003],[121.48039707400005,24.82350414900003],[121.48064643900011,24.82323205000006],[121.48080892700011,24.823127983000063],[121.48172282400003,24.822809282000037],[121.48219300400001,24.82254767200004],[121.4824344430001,24.82220440900005],[121.48256829200011,24.821457446000064],[121.48283582500005,24.820843085000032],[121.48317961500004,24.820409793000067],[121.48376928800009,24.81998460600004],[121.48400086300002,24.819673539000064],[121.48404849000008,24.81921402500006],[121.48390337100011,24.81837644500007],[121.48374057600006,24.817970688000056],[121.4836419930001,24.817835647000035],[121.48344510000003,24.81761376300005],[121.4824967290001,24.817133438000038],[121.48211052400008,24.81669883400008],[121.48171196900013,24.815844029000058],[121.48142259800011,24.815682270000025],[121.48076554200007,24.815712757000025],[121.47990136300008,24.815939377000063],[121.47899652700005,24.816072020000036],[121.4784067270001,24.81601723600005],[121.4777307260001,24.815795187000052],[121.47623233700006,24.814729381000056],[121.47570027400002,24.814221922000065],[121.47484425800008,24.814106290000044],[121.47471350900003,24.814049455000035],[121.47424481500003,24.813661127000046],[121.4739005030001,24.81354094000005],[121.47360433800009,24.81351009000002],[121.47327990600003,24.813355369000078],[121.47316136100007,24.81323647000005],[121.47306707400003,24.812965905000055],[121.47298859400007,24.812373752000045],[121.47285510700011,24.811813998000044],[121.47247683100011,24.81052274100006],[121.47233777300005,24.810321271000078],[121.47195626500003,24.809817724000027],[121.470174003,24.80819048000006],[121.46982892400003,24.807925609000044],[121.46966226800009,24.807721949000037],[121.46906270800002,24.807246909000074],[121.46842172100004,24.80699482600005],[121.46807281100008,24.80694813100007],[121.46756779400006,24.80679188700003],[121.46661461100007,24.806322989000027],[121.46527232000007,24.80625767900005],[121.46447734400012,24.806286409000055],[121.46411840400003,24.806239756000032],[121.46325422400002,24.80599320800007],[121.46230424400005,24.80565057000007],[121.46191922400011,24.80541800900005],[121.46135658800006,24.80480500100003],[121.46118699800003,24.80451866900006],[121.46076805300004,24.803569742000036],[121.45938526900011,24.801554831000033],[121.45900525000003,24.80131533900004],[121.45874906400003,24.801249858000066],[121.45823835300007,24.801219239000034],[121.45809303600004,24.801160936000027],[121.45782223100001,24.800871215000033],[121.4576656050001,24.800416236000043],[121.45736040400006,24.800137085000067],[121.45700805000003,24.79995339600004],[121.45660589800003,24.79984207900003],[121.45604641999999,24.79947530200008],[121.45532569800001,24.79892139900005],[121.45541761500009,24.798301679000076],[121.4559023170001,24.79685818700005],[121.4558288500001,24.79632637300006],[121.45564492100004,24.79567947700008],[121.45564781600002,24.795068930000067],[121.45625845600011,24.793245872000053],[121.45620749200009,24.79284953200005],[121.45587048200002,24.792469104000073],[121.45557820200008,24.792284308000028],[121.45524207400003,24.792144794000016],[121.45391476300007,24.791777457000016],[121.45320087100005,24.791788043000057],[121.45201873000009,24.792012468000046],[121.45146288,24.791973988000052],[121.45131964400004,24.791924232000042],[121.45083428100008,24.79159945500004],[121.45038523400002,24.79091732300003],[121.45026616800008,24.791017437000054],[121.45003683200002,24.791077732000076],[121.44947882500003,24.791059922000034],[121.44872706,24.79077907800006],[121.44795950800005,24.790296178000062],[121.4475187810001,24.790097897000066],[121.44729535700003,24.790059551000066],[121.44645066900013,24.790048815000034],[121.44600048500003,24.79006389500006],[121.44570821500008,24.790132909000075],[121.4452530210001,24.790425624000015],[121.44443647000004,24.791199926000044],[121.44382791200009,24.79149151100006],[121.44313716400008,24.791695291000057],[121.44295267900007,24.791799508000054],[121.44268143300008,24.792045364000035],[121.44199405300003,24.79298809800002],[121.44170193500008,24.793316399000044],[121.44101914600004,24.793749726000048],[121.44000861000006,24.794279307000064],[121.4394745830001,24.794665508000033],[121.43852739200008,24.79514046200006],[121.43826661700007,24.795338205000064],[121.4377417180001,24.79610310700007],[121.43760091800004,24.79637975000003],[121.43753614600006,24.79659039000006],[121.43758881400002,24.797159895000046],[121.43755648000001,24.79739832000007],[121.43744341500006,24.79766598800006],[121.43709544300009,24.79817954900005],[121.43740698000012,24.799533205000046],[121.43750295400002,24.79979702200006],[121.43779037700007,24.800299295000055],[121.43802264500005,24.80088424500008],[121.43805317300007,24.801097685000055],[121.43798468400006,24.802206417000026],[121.43802340400008,24.802798553000056],[121.4379797580001,24.803737407000025],[121.43793278400005,24.80419653500007],[121.4377726140001,24.804614508000043],[121.43762218800008,24.80484885100003],[121.43700983200006,24.80543734300005],[121.43695724600003,24.805559063000032],[121.43695024800002,24.80587811700008],[121.43718829600006,24.80690607900004],[121.43729546100008,24.807835529000045],[121.43719598500003,24.808469181000078],[121.4367127800001,24.809626712000068],[121.43650548500011,24.810425788000032],[121.43650389600008,24.81097435300006],[121.4366210500001,24.81186936700004],[121.43656605400008,24.812053071000037],[121.43643557000009,24.81219557700006],[121.43519675300003,24.812520997000036],[121.43350096200004,24.81318906500007],[121.43227713300008,24.81348229400004],[121.43120460700004,24.81405534400006],[121.43008716400006,24.814841900000037],[121.42956998400007,24.815276436000033],[121.42923125100003,24.815678591000047],[121.42873241100006,24.816569869000034],[121.4285618120001,24.81679046800008],[121.42796637800006,24.817032299000058],[121.42787099200007,24.817126531000042],[121.42756775400005,24.817719150000077],[121.42720738900006,24.81874565300006],[121.42700925800011,24.819044326000036],[121.42662260900009,24.81937080200003],[121.4257558590001,24.819755303000083],[121.42549464900004,24.819916336000066],[121.42528880000009,24.820109433000027],[121.42501104000007,24.820929247000034],[121.42511575300011,24.821952817000064],[121.42510149800013,24.822471591000067],[121.42503916900013,24.822802196000055],[121.42469080700005,24.82349815800006],[121.42432032700005,24.82451549500007],[121.42407726700003,24.825032279000027],[121.42383381700007,24.82530116600003],[121.42364545600003,24.82543226000007],[121.42303462200006,24.825518013000075],[121.422021158,24.825383962000043],[121.42129460500009,24.82542853200004],[121.42106592100004,24.825502297000064],[121.42010057800009,24.825590817000037],[121.4193764690001,24.82559177400003],[121.4191626380001,24.82551631800004],[121.41881530500008,24.82528265000008],[121.4186215960001,24.825211753000072],[121.41759080200006,24.825249834000033],[121.41707065900003,24.825450208000067],[121.41691747600008,24.825572065000074],[121.41665906500008,24.825939662000053],[121.41620548100003,24.826918067000065],[121.41612086900011,24.827489717000052],[121.41615231400012,24.82832290400006],[121.41608255400001,24.828743027000026],[121.41560089000008,24.82945982500007],[121.41488531400012,24.830128705000046],[121.4143707930001,24.83073992600003],[121.41396713200004,24.831504817000052],[121.41384964300005,24.831959451000042],[121.41392316700001,24.832361045000024],[121.41403920700009,24.83261108100003],[121.4149005600001,24.833546471000034],[121.41515528500007,24.834051111000065],[121.41558203500006,24.83523726500004],[121.4156452940001,24.835496556000066],[121.41560521400004,24.835597597000064],[121.41553494300001,24.835684914000066],[121.415024925,24.835961030000078],[121.4141453090001,24.836260565000032],[121.41359271700003,24.83665608600006],[121.41328860800003,24.836752890000064],[121.41296175300009,24.836773961000063],[121.41246944600005,24.837132664000023],[121.41197013800003,24.837856358000064],[121.41171656600011,24.83812294100006],[121.41147039000009,24.83829081700003],[121.41068108200012,24.838463978000046],[121.41032434800002,24.838687082000032],[121.409829693,24.83916744000004],[121.4093628170001,24.839732698000034],[121.4088007470001,24.840634768000022],[121.41053479700008,24.84363774900004],[121.41070612300007,24.84404701400007],[121.41073468000003,24.844408691000066],[121.41064902300002,24.84472277900005],[121.4102778360001,24.845598418000066],[121.41015410900003,24.84602672000005],[121.41020170100002,24.846350325000056],[121.41041109800007,24.846816698000048],[121.41075375600006,24.848396654000048],[121.41085846400007,24.84961493400004],[121.41100123600005,24.849967092000043],[121.41165798100008,24.851118746000054],[121.41172462100008,24.852251366000072],[121.41199113100004,24.85304134400007],[121.41244800000004,24.85411685500003],[121.41285728100003,24.855239956000048],[121.41303814700008,24.85739098000004],[121.41316188500001,24.857847835000022],[121.41340935400001,24.858333242000068],[121.41381862900005,24.858875755000042],[121.41592209900011,24.86109339200004],[121.41674064200004,24.86188336400005],[121.41792085300006,24.862644784000054],[121.41880771100011,24.863431611000067],[121.41871000000005,24.866853000000045],[121.42253838300007,24.866611849000034],[121.42270832300007,24.866718378000026],[121.42319373300006,24.86722281800007],[121.423279395,24.86743220800002],[121.42311760300002,24.868174595000028],[121.42308905600011,24.868679038000042],[121.42312713200009,24.86909781900004],[121.4219280000001,24.870630000000055],[121.4271721680001,24.87120123400007],[121.42762901700009,24.871343999000036],[121.42812393800011,24.871620013000044]]]}},{"type":"Feature","properties":{"county_id":"65000","district_id":"65000090","village_id":"65000090015","county":"新北市","district":"三峽區","village":"插角里","boundary_release":"1150817","identity_status":"named_village","population_join_status":"location_context_only"},"geometry":{"type":"Polygon","coordinates":[[[121.41058560000012,24.88810074600008],[121.41066748100002,24.888092496000063],[121.41218700000003,24.89258700000005],[121.42485304600007,24.887730627000053],[121.42512696700008,24.887817897000044],[121.42541249400007,24.887846449000047],[121.42580271500003,24.887760787000047],[121.42632618200003,24.887332481000044],[121.42745877500012,24.88610467600006],[121.42782044300009,24.88585721000004],[121.42884834300003,24.885343243000023],[121.42959071500003,24.884572295000055],[121.42983817200002,24.88440097300003],[121.43146568000009,24.883887003000037],[121.43322643100011,24.88357291000006],[121.43403542800002,24.883363512000077],[121.43523464500004,24.882887617000055],[121.43630061700003,24.882278473000035],[121.43749031700008,24.881697882000026],[121.43850870100006,24.88131716700007],[121.4391749340001,24.88113632500006],[121.4397745450001,24.88112680500006],[121.44009823200007,24.881189768000066],[121.44008763300009,24.880585713000077],[121.43984017600008,24.879928987000028],[121.43894552000006,24.87822531000006],[121.43862192200005,24.877387747000054],[121.43842205300007,24.87657873600006],[121.43806038200013,24.87596008200006],[121.43742270000007,24.87536046500003],[121.43549061300007,24.87392329000005],[121.4347101620001,24.87324753200005],[121.43448173600007,24.87297151800004],[121.43410102900008,24.872666951000035],[121.43352909000009,24.87251971900002],[121.42832300000009,24.87366700000007],[121.42873377000001,24.871834889000066],[121.42812393800011,24.871620013000044],[121.42762901700009,24.871343999000036],[121.4271721680001,24.87120123400007],[121.4219280000001,24.870630000000055],[121.42312713200009,24.86909781900004],[121.42308905600011,24.868679038000042],[121.42311760300002,24.868174595000028],[121.423279395,24.86743220800002],[121.42319373300006,24.86722281800007],[121.42270832300007,24.866718378000026],[121.42253838300007,24.866611849000034],[121.41871000000005,24.866853000000045],[121.41880771100011,24.863431611000067],[121.41792085300006,24.862644784000054],[121.41674064200004,24.86188336400005],[121.41592209900011,24.86109339200004],[121.41381862900005,24.858875755000042],[121.41340935400001,24.858333242000068],[121.41316188500001,24.857847835000022],[121.41303814700008,24.85739098000004],[121.41285728100003,24.855239956000048],[121.41244800000004,24.85411685500003],[121.41199113100004,24.85304134400007],[121.41172462100008,24.852251366000072],[121.41165798100008,24.851118746000054],[121.41100123600005,24.849967092000043],[121.41085846400007,24.84961493400004],[121.41075375600006,24.848396654000048],[121.41041109800007,24.846816698000048],[121.41020170100002,24.846350325000056],[121.41015410900003,24.84602672000005],[121.4102778360001,24.845598418000066],[121.41064902300002,24.84472277900005],[121.41073468000003,24.844408691000066],[121.41070612300007,24.84404701400007],[121.41053479700008,24.84363774900004],[121.4088007470001,24.840634768000022],[121.4070589390001,24.84170509500006],[121.4062485390001,24.84197492100003],[121.4055232380001,24.842396494000067],[121.4045598240001,24.842519050000075],[121.40344145300004,24.84323633700006],[121.40284466100003,24.843550131000022],[121.40270378100001,24.84357287500006],[121.40243799500001,24.84328301200003],[121.4020398360001,24.842652944000058],[121.40181162600004,24.842415968000065],[121.40149540800007,24.842181148000062],[121.40090049100002,24.841787392000068],[121.39990279400001,24.84156067200007],[121.39872561100003,24.84169204900007],[121.39824281000006,24.84169127800004],[121.39798860200005,24.841778159000057],[121.39764774000002,24.84229908500004],[121.39729514200009,24.842505275000065],[121.39705299100001,24.842785150000047],[121.3970169370001,24.843102105000067],[121.39727187000005,24.84368600900007],[121.39721890200009,24.843745658000046],[121.39704274400002,24.843795907000075],[121.39656283600004,24.843650418000042],[121.39622339800006,24.843636086000057],[121.39528217600001,24.843914822000045],[121.39504070600002,24.84393741000002],[121.39353439900003,24.843951037000064],[121.39310497900011,24.84373440300004],[121.39244245700003,24.843237107000046],[121.39204539400009,24.84314455200007],[121.39163798300001,24.843159986000046],[121.39149228200007,24.843104598000018],[121.39076689000002,24.84261179700007],[121.39041270500003,24.842473359000053],[121.3891284890001,24.842195577000044],[121.3884741600001,24.842387456000043],[121.38807930300004,24.842409773000043],[121.38759271900005,24.842104258000056],[121.38749173100007,24.844519519000066],[121.38741558900007,24.844681321000056],[121.38726330400003,24.84492878500004],[121.3868921070001,24.84516673100007],[121.38593080000011,24.845461786000044],[121.38558815700003,24.845652143000052],[121.38525503200005,24.845985268000042],[121.3848552830001,24.84648019600007],[121.38453167600007,24.846984641000063],[121.38440794600001,24.84730824700006],[121.3843603590001,24.84771751200003],[121.38437939700009,24.848117262000073],[121.38459831300008,24.848602670000044],[121.38472204900006,24.849021454000027],[121.38502664300005,24.851952939000054],[121.38535977700008,24.852704846000044],[121.38581664400012,24.853570966000067],[121.38639724400002,24.854408532000036],[121.3872443460001,24.85516043800004],[121.3882342190001,24.85587427300004],[121.38898614000004,24.85633112700003],[121.38930023400009,24.85650244900006],[121.39066129800005,24.856464376000076],[121.39191766600004,24.856359679000036],[121.39269813900013,24.856702320000068],[121.39414487300007,24.857511333000044],[121.39578196900004,24.858529738000076],[121.39619124600006,24.85899611100007],[121.39771414000005,24.861166172000033],[121.39819004500009,24.861803866000066],[121.39844703400003,24.862070364000033],[121.39854222100007,24.862755647000018],[121.39852319000009,24.863155396000025],[121.39833284100008,24.863954893000024],[121.39731444000007,24.865963157000067],[121.39682903500011,24.86706722600007],[121.39677193100009,24.867533601000044],[121.39677771800008,24.86796152000005],[121.40147900000011,24.87173900000005],[121.3996770000001,24.872401000000025],[121.39681153800008,24.873591640000026],[121.39656259400012,24.87404380300006],[121.39646742000001,24.874700534000056],[121.39652453400005,24.875728463000026],[121.39664827100012,24.876185320000044],[121.39694333400007,24.876604103000037],[121.39850430700005,24.878317305000053],[121.39942756800008,24.879126313000025],[121.3999510650001,24.879373772000058],[121.400988534,24.879687847000074],[121.40212118500007,24.879954332000064],[121.40251142600005,24.880097095000046],[121.40277793400003,24.88025889400006],[121.40291118900008,24.880420696000044],[121.4030634840001,24.880906102000043],[121.40329192300008,24.88124874000005],[121.40724195900009,24.885750620000064],[121.40801292600008,24.88648348300006],[121.40886001800003,24.887121170000054],[121.40923121100002,24.887359115000038],[121.41043996600001,24.88795873100003],[121.41056369700006,24.888034873000038],[121.41058560000012,24.88810074600008]]]}},{"type":"Feature","properties":{"county_id":"65000","district_id":"65000090","village_id":"65000090013","county":"新北市","district":"三峽區","village":"金圳里","boundary_release":"1150817","identity_status":"named_village","population_join_status":"location_context_only"},"geometry":{"type":"Polygon","coordinates":[[[121.39656259400012,24.87404380300006],[121.39681153800008,24.873591640000026],[121.3996770000001,24.872401000000025],[121.40147900000011,24.87173900000005],[121.39677771800008,24.86796152000005],[121.39677193100009,24.867533601000044],[121.39682903500011,24.86706722600007],[121.39731444000007,24.865963157000067],[121.39833284100008,24.863954893000024],[121.39852319000009,24.863155396000025],[121.39854222100007,24.862755647000018],[121.39844703400003,24.862070364000033],[121.39819004500009,24.861803866000066],[121.39771414000005,24.861166172000033],[121.39619124600006,24.85899611100007],[121.39578196900004,24.858529738000076],[121.39414487300007,24.857511333000044],[121.39269813900013,24.856702320000068],[121.39191766600004,24.856359679000036],[121.39066129800005,24.856464376000076],[121.38930023400009,24.85650244900006],[121.3882342190001,24.85587427300004],[121.3872443460001,24.85516043800004],[121.38697063400002,24.854917635000053],[121.38454565800009,24.85492994700007],[121.3842696370001,24.85500609000007],[121.38364145800006,24.855481980000036],[121.38319411700003,24.855748480000045],[121.38269918500008,24.855957871000044],[121.38218521800002,24.856005459000077],[121.38174739300007,24.855986424000037],[121.38127149700006,24.856043531000065],[121.38044343800004,24.85628147600005],[121.38021501000004,24.856462314000055],[121.3799960990001,24.856909650000034],[121.37938696300013,24.85862285100006],[121.37913949900009,24.85900356200006],[121.37817819100007,24.85978401900007],[121.37768326200013,24.860450263000075],[121.3776071210001,24.86073579700007],[121.37764519300003,24.861002295000045],[121.37778796400005,24.86142107900002],[121.3781210950001,24.862115878000054],[121.38018650400011,24.86579927700006],[121.38044349100007,24.866408418000045],[121.38090986900012,24.869140051000045],[121.38092890400004,24.869958589000074],[121.38123347800001,24.870567736000055],[121.38158564100003,24.871129294000067],[121.38177600100005,24.87182410100007],[121.38187118000009,24.872890105000064],[121.38183310700005,24.87324226600003],[121.38166178400002,24.873565873000075],[121.38148094300004,24.873661050000063],[121.38114218100009,24.87366104700004],[121.37554506100004,24.875091486000034],[121.37484691800012,24.876192765000035],[121.37448523700006,24.876525790000077],[121.37425680600005,24.87661154500006],[121.3737333250001,24.876535391000065],[121.36912669500009,24.875221814000042],[121.36878405400013,24.87518373500006],[121.36724216000006,24.87522177600005],[121.36685192900008,24.875155143000026],[121.36640459300008,24.87490766500002],[121.36609050600009,24.874926691000038],[121.36580497100009,24.87514559600004],[121.36560509100003,24.87586895900005],[121.36542425000005,24.876202085000042],[121.36528148100001,24.87640195800003],[121.36508160800007,24.87643050700006],[121.36474848900004,24.87605929500006],[121.36442488600007,24.87578326300007],[121.36413935400003,24.87570711200004],[121.36376816000006,24.875707102000035],[121.36268313200003,24.875830805000078],[121.36220724300006,24.875792719000064],[121.36063681600001,24.87483135700006],[121.36000864200001,24.87454580600007],[121.3595232350001,24.874403025000046],[121.35914670300008,24.87420199900003],[121.35868566900001,24.873908079000035],[121.35734365600003,24.872861113000052],[121.35606062500007,24.87210899400003],[121.35383709000007,24.872359151000072],[121.35386455200012,24.87263321100005],[121.35440163300008,24.873233846000062],[121.354448606,24.87346561000004],[121.35424004900007,24.87397028100003],[121.3539438360001,24.874191562000075],[121.35368905300004,24.874483970000025],[121.35349725900004,24.874747733000046],[121.35340371500001,24.87497943100004],[121.35339933200011,24.87534195800004],[121.35352587100009,24.876462905000043],[121.35319067600005,24.876652026000045],[121.35276899000007,24.876713832000064],[121.35323856500008,24.87729757200002],[121.35364782400006,24.87807805500006],[121.35366685700001,24.878420705000053],[121.35351456100011,24.87961997900004],[121.35353359400004,24.879981666000045],[121.35364780500005,24.88023865400004],[121.35387623100007,24.88049564300007],[121.354256942,24.88060986200002],[121.35515161700005,24.880657457000037],[121.35580834600013,24.88056228100004],[121.3566839880001,24.880362406000078],[121.357654808,24.880010243000072],[121.35821635900005,24.879905548000067],[121.35958692100006,24.879877025000038],[121.36033882800008,24.87969620000007],[121.36175698600005,24.87883961200003],[121.36203300200009,24.87876347500003],[121.36222335800005,24.878792034000075],[121.36236612400013,24.878896735000076],[121.36244226400002,24.879077580000054],[121.36249936500009,24.87962010900003],[121.36255646100007,24.88086697400007],[121.36245174500006,24.883065638000062],[121.36248029500008,24.88338925200003],[121.36259450500006,24.88380804900003],[121.36282292800003,24.884150703000046],[121.3630703880001,24.884426732000062],[121.36673470000005,24.887596321000043],[121.36773406100009,24.88838634200004],[121.36894281500008,24.88890986300004],[121.37076905100004,24.889566020000068],[121.37098300000002,24.89038300000004],[121.37224861200004,24.890069204000042],[121.37302342600003,24.890317677000038],[121.37386900000001,24.890037000000063],[121.3741400770001,24.890613926000075],[121.37461058500003,24.890618189000058],[121.37489300000004,24.890758000000055],[121.37480700000003,24.891050000000064],[121.37504300000013,24.89114700000005],[121.37560100000007,24.891050000000064],[121.3759450000001,24.890310000000053],[121.37611600000002,24.88881100000004],[121.3762240000001,24.88709800000004],[121.37643800000002,24.885599000000074],[121.37706438700002,24.884564175000033],[121.38100900000005,24.884743000000068],[121.38012858100002,24.887466269000072],[121.38109567300012,24.88829226400003],[121.38380829500011,24.889539118000076],[121.38501709400009,24.889834160000078],[121.38634011400008,24.88991028500004],[121.3875013280001,24.889834125000057],[121.38846266200005,24.889634233000034],[121.390404364,24.889320113000053],[121.39185112200005,24.88918684100003],[121.39234606600007,24.889224906000035],[121.39311703500003,24.889510430000026],[121.39395462800009,24.890091009000063],[121.39446860800001,24.890357502000025],[121.39536331300008,24.890405076000036],[121.39609621300008,24.890119525000046],[121.39681959500003,24.89007192300005],[121.39739068300004,24.890195647000038],[121.39791418100002,24.890509728000037],[121.39910394700007,24.891090299000034],[121.39962744600008,24.89125209400004],[121.40005576400007,24.891261604000075],[121.40034130700008,24.891137790000066],[121.40087432500002,24.890680997000057],[121.4013311970001,24.890452559000035],[121.40167384900008,24.890433517000076],[121.40302542300005,24.89054770600006],[121.4042818160001,24.890709486000045],[121.40482434900002,24.890804656000054],[121.40521459200012,24.890995005000033],[121.40570953500001,24.891099693000058],[121.40621399600003,24.891128236000043],[121.40661375800005,24.891099676000064],[121.40677556600009,24.891042565000078],[121.40726099300002,24.890090769000043],[121.40761316300008,24.889700529000038],[121.4078701530001,24.889500650000063],[121.40938349500004,24.889081847000057],[121.409887936,24.88890100400004],[121.41033527000002,24.88866305400006],[121.41056369700006,24.888425106000057],[121.4106303210001,24.88823474900004],[121.41056369700006,24.888034873000038],[121.40923121100002,24.887359115000038],[121.40886001800003,24.887121170000054],[121.40801292600008,24.88648348300006],[121.40724195900009,24.885750620000064],[121.40329192300008,24.88124874000005],[121.4030634840001,24.880906102000043],[121.40291118900008,24.880420696000044],[121.40277793400003,24.88025889400006],[121.40251142600005,24.880097095000046],[121.40212118500007,24.879954332000064],[121.400988534,24.879687847000074],[121.3999510650001,24.879373772000058],[121.39942756800008,24.879126313000025],[121.39850430700005,24.878317305000053],[121.39694333400007,24.876604103000037],[121.39664827100012,24.876185320000044],[121.39652453400005,24.875728463000026],[121.39646742000001,24.874700534000056],[121.39656259400012,24.87404380300006]]]}},{"type":"Feature","properties":{"county_id":"65000","district_id":"65000090","village_id":"65000090012","county":"新北市","district":"三峽區","village":"添福里","boundary_release":"1150817","identity_status":"named_village","population_join_status":"location_context_only"},"geometry":{"type":"Polygon","coordinates":[[[121.38018847300009,24.906744942000046],[121.38058801600003,24.906119247000053],[121.3835190000001,24.906328000000027],[121.38884100000008,24.901696000000065],[121.39075368500006,24.896454620000032],[121.39106762300003,24.89627519900005],[121.3911913600001,24.89611339300006],[121.39137220900011,24.895637494000027],[121.39170536100006,24.893971853000036],[121.39181958000007,24.893791011000065],[121.39245730100004,24.893229442000056],[121.39322827700005,24.892772568000055],[121.39359949100003,24.892306183000073],[121.3947596600001,24.890387357000062],[121.39446860800001,24.890357502000025],[121.39395462800009,24.890091009000063],[121.39311703500003,24.889510430000026],[121.39234606600007,24.889224906000035],[121.39185112200005,24.88918684100003],[121.390404364,24.889320113000053],[121.38846266200005,24.889634233000034],[121.3875013280001,24.889834125000057],[121.38634011400008,24.88991028500004],[121.38501709400009,24.889834160000078],[121.38380829500011,24.889539118000076],[121.38109567300012,24.88829226400003],[121.38012858100002,24.887466269000072],[121.38100900000005,24.884743000000068],[121.37706438700002,24.884564175000033],[121.37643800000002,24.885599000000074],[121.3762240000001,24.88709800000004],[121.37611600000002,24.88881100000004],[121.3759450000001,24.890310000000053],[121.37560100000007,24.891050000000064],[121.37440000000002,24.89280100000007],[121.37399200000004,24.89426100000003],[121.37371300000005,24.896850000000022],[121.373327,24.897220000000054],[121.37276640200002,24.896711631000073],[121.3719869460001,24.89674415700005],[121.37177755500011,24.89703920900007],[121.37173948300007,24.897581729000027],[121.37163478700008,24.898038587000027],[121.37133973500012,24.898714352000066],[121.37097805900008,24.89933301000007],[121.37057831000004,24.899704201000073],[121.37025470600008,24.899808892000067],[121.36931244400013,24.899951643000065],[121.36816079200003,24.899989693000066],[121.36792284800003,24.900075349000076],[121.36787525900003,24.900208598000063],[121.36797043800003,24.900370403000064],[121.36817983100002,24.900522691000045],[121.37010243200007,24.901560170000035],[121.37043555700005,24.90179812200006],[121.37059736000003,24.901978963000033],[121.3706735070001,24.902388230000046],[121.37054026600005,24.90361602600006],[121.37045460700006,24.903901559000072],[121.37016907600002,24.904225161000056],[121.36792288400012,24.905966891000045],[121.36719953500005,24.90679493400006],[121.36723761100008,24.90766105800003],[121.36743179700011,24.908682563000074],[121.36971469000004,24.90854978100003],[121.37033600000007,24.909574000000074],[121.37128535400007,24.90846253900003],[121.37153672600006,24.908448577000055],[121.37197454700004,24.90850569100007],[121.37337627200009,24.909227192000063],[121.3754771150001,24.908857861000058],[121.37690480000003,24.908401033000075],[121.37707612100007,24.90824874900005],[121.37754249500006,24.907601540000023],[121.37818970900004,24.906830600000028],[121.37857042400003,24.906592655000054],[121.37901776700006,24.906602174000053],[121.37976016800008,24.90699240400005],[121.37995052600002,24.906973370000056],[121.38018847300009,24.906744942000046]]]}},{"type":"Feature","properties":{"county_id":"65000","district_id":"65000090","village_id":"65000090026","county":"新北市","district":"三峽區","village":"二鬮里","boundary_release":"1150817","identity_status":"named_village","population_join_status":"location_context_only"},"geometry":{"type":"Polygon","coordinates":[[[121.35962600000006,24.906426000000067],[121.35926700000003,24.906669000000072],[121.35904700000003,24.906683000000044],[121.35874600000011,24.90657600000003],[121.35867100000007,24.906508000000034],[121.35862800000008,24.906085000000076],[121.3585112840001,24.905816384000047],[121.35815914800001,24.905442325000017],[121.35811155900001,24.905099681000024],[121.35814011000002,24.90443342900005],[121.35872068800006,24.90225384100006],[121.3586921310001,24.900816638000027],[121.358539844,24.899731594000055],[121.3583019020001,24.89877027500006],[121.35760710800002,24.897076068000047],[121.35668389200009,24.893525857000043],[121.35638884200013,24.89267875400003],[121.35637932800012,24.891593705000044],[121.35649354500003,24.891060695000082],[121.3567029420001,24.890394435000072],[121.35711221400005,24.889480705000043],[121.35728354000003,24.88885251500005],[121.35747391200005,24.88666336600005],[121.35742632700011,24.886111318000076],[121.35720742500007,24.88514999400007],[121.35783562800009,24.88191385800007],[121.35805455,24.88057181200002],[121.35808018400007,24.879931251000073],[121.357654808,24.880010243000072],[121.3566839880001,24.880362406000078],[121.35580834600013,24.88056228100004],[121.35515161700005,24.880657457000037],[121.354256942,24.88060986200002],[121.35387623100007,24.88049564300007],[121.35364780500005,24.88023865400004],[121.35353359400004,24.879981666000045],[121.35351456100011,24.87961997900004],[121.35366685700001,24.878420705000053],[121.35364782400006,24.87807805500006],[121.35323856500008,24.87729757200002],[121.35276899000007,24.876713832000064],[121.35220860900006,24.876711186000016],[121.35208137900008,24.87675816400002],[121.35198048700009,24.876863655000022],[121.35123340100006,24.87792907300007],[121.35058393600002,24.878584963000037],[121.34968344900005,24.878781824000047],[121.34857584200007,24.87861834000006],[121.34778144500002,24.878615632000045],[121.34724375100008,24.878683037000034],[121.3467750320001,24.878909952000072],[121.34623436400011,24.87924465100008],[121.34567033000006,24.879985486000066],[121.34562346000007,24.88015410400003],[121.34563154500006,24.881305955000077],[121.34557649900012,24.88183481200002],[121.34525648500006,24.88269851300004],[121.34538003100012,24.88333301100005],[121.34524839800008,24.883739060000035],[121.34493791600005,24.884181746000024],[121.34473248200005,24.88576368900004],[121.34451662400011,24.886091670000045],[121.34421774500004,24.886377186000058],[121.34381435500005,24.886667193000047],[121.34340985500012,24.886873473000033],[121.34259844600003,24.887221776000043],[121.34137426300003,24.887459693000043],[121.3411404110001,24.88799303100006],[121.34108588300012,24.888216700000044],[121.34111663900002,24.88862629000005],[121.34121198700008,24.88881908000008],[121.34153501000004,24.88913132100004],[121.3416846560001,24.889955133000054],[121.34157839800002,24.890239586000064],[121.34167129800007,24.890393372000066],[121.34201070300003,24.89070102300008],[121.34205963700002,24.890796280000075],[121.34205318700003,24.89088575800002],[121.34178039400001,24.891365155000077],[121.34198548300002,24.89215915500006],[121.34219385900009,24.89251837200004],[121.34212574300011,24.89259061200005],[121.34053098600009,24.892322368000062],[121.34025607400008,24.89256886100003],[121.33987197700002,24.89261566700003],[121.33956931500006,24.892889676000042],[121.33925447500008,24.892931945000047],[121.33899076700003,24.893249564000033],[121.3388321220001,24.893249474000076],[121.33855115100005,24.893362877000072],[121.33837493900012,24.89333065100005],[121.33755141000006,24.892679667000042],[121.33688302400003,24.89258174200006],[121.3365498820001,24.892295880000066],[121.33626042500009,24.892225724000074],[121.33576291100009,24.89232866200006],[121.33546216400009,24.892235546000055],[121.33536035200007,24.892139117000053],[121.33525650900005,24.891773085000064],[121.33513450200007,24.89170646900004],[121.33440917200006,24.891770253000058],[121.33422921800002,24.89171852700002],[121.3339185420001,24.891546242000057],[121.33375994100004,24.891524343000068],[121.33351305700013,24.891586137000047],[121.33333904500012,24.891730576000043],[121.33332131200007,24.89179022200005],[121.33349039200004,24.89228249700005],[121.33336443500002,24.893005173000066],[121.33318821400007,24.893205336000047],[121.33225034400004,24.893359722000067],[121.33208245700008,24.893460150000067],[121.3320759940001,24.893513088000077],[121.33235452100008,24.894079326000053],[121.33247988300003,24.894543585000065],[121.33270798400008,24.895106052000067],[121.33271263700011,24.895516040000075],[121.33297740100011,24.895841292000053],[121.3332869640001,24.896074949000024],[121.33337880200007,24.896238915000026],[121.33344148100002,24.896567168000047],[121.3333881220001,24.896821067000076],[121.3332768020001,24.897056724000034],[121.33323690900012,24.898233127000022],[121.33369173100003,24.89860794400005],[121.33375484800001,24.898795801000066],[121.33357891600009,24.899169909000022],[121.33345894300011,24.899286581000062],[121.33321883000008,24.899444078000048],[121.3331280630001,24.899395483000035],[121.33289231200001,24.89943959200008],[121.33232377900003,24.89981728400005],[121.33332564900002,24.900151235000063],[121.333687327,24.90034159000004],[121.33422032700003,24.90082699900006],[121.33503886300004,24.90167408800005],[121.33642846900013,24.902958995000063],[121.33716134300005,24.90327308200005],[121.33732314600002,24.903463439000067],[121.33739929000001,24.903691869000056],[121.33761043900006,24.903906956000075],[121.33828444900007,24.904177278000077],[121.33906491300003,24.904586544000036],[121.33953128700011,24.904596061000063],[121.33998814300004,24.90466268500006],[121.34040692900008,24.904891113000076],[121.3410160720001,24.905395559000052],[121.34233905100007,24.90666143800007],[121.34349070700013,24.907042158000024],[121.34455670400007,24.90767034200007],[121.34516584500012,24.90797491700004],[121.34710748000009,24.908327087000025],[121.34771662100003,24.908536482000045],[121.3484685310001,24.909117074000047],[121.34893490600008,24.909412129000035],[121.35011511500011,24.90940261600002],[121.35047679100002,24.90944069100004],[121.35098123500006,24.90979285700007],[121.35182832100008,24.910078401000078],[121.35228517500003,24.91014503100007],[121.35445523100009,24.91004987400004],[121.35470269400004,24.910097466000025],[121.35491208700012,24.910221200000024],[121.35508340700004,24.910392523000038],[121.35515955300002,24.91088745200005],[121.35525473200005,24.911096845000035],[121.355416535,24.911258651000022],[121.355702069,24.911334796000062],[121.35655867100003,24.91135384100005],[121.35783405600012,24.91149662200007],[121.36086072100012,24.91248651500006],[121.36168411800008,24.91256869400007],[121.36315601500007,24.91119118400007],[121.36307035100005,24.91062011400004],[121.36290854700007,24.910286987000063],[121.3618806190001,24.909420850000053],[121.36139520800009,24.908868808000026],[121.36108112100008,24.90868796500007],[121.3605100520001,24.90849760000003],[121.36018644500007,24.908202542000026],[121.35993365200012,24.90762655300005],[121.35988900000008,24.90696600000007],[121.35996400000009,24.906752000000036],[121.35991600000011,24.906494000000066],[121.35962600000006,24.906426000000067]]]}},{"type":"Feature","properties":{"county_id":"65000","district_id":"65000090","village_id":"65000090011","county":"新北市","district":"三峽區","village":"嘉添里","boundary_release":"1150817","identity_status":"named_village","population_join_status":"location_context_only"},"geometry":{"type":"Polygon","coordinates":[[[121.40414188500007,24.909529669000047],[121.4041473420001,24.909213458000067],[121.40684400000009,24.907983000000055],[121.40678018800008,24.906206648000015],[121.40701638400003,24.905817633000026],[121.40724483200005,24.905084747000043],[121.407996796,24.903257288000077],[121.40849175100004,24.902362592000028],[121.4087297010001,24.902172229000033],[121.40970053100011,24.901696322000078],[121.41009077,24.90139174200004],[121.41116631100009,24.900230539000056],[121.41190873100003,24.899135965000028],[121.41213717100004,24.89867910100003],[121.41220380200004,24.89841259700006],[121.41219430100011,24.897812965000067],[121.41198493500009,24.896889725000054],[121.41174699600002,24.896632742000065],[121.41082379000012,24.89593793800003],[121.41012901400008,24.89510988100005],[121.40965315000005,24.894262786000066],[121.4085776910001,24.89261618400007],[121.40814939600011,24.892225952000047],[121.40719759700005,24.891740554000013],[121.40682639200008,24.891378881000037],[121.40672663200007,24.891059780000035],[121.40621399600003,24.891128236000043],[121.40570953500001,24.891099693000058],[121.40521459200012,24.890995005000033],[121.40482434900002,24.890804656000054],[121.4042818160001,24.890709486000045],[121.40302542300005,24.89054770600006],[121.40167384900008,24.890433517000076],[121.4013311970001,24.890452559000035],[121.40087432500002,24.890680997000057],[121.40034130700008,24.891137790000066],[121.40005576400007,24.891261604000075],[121.39962744600008,24.89125209400004],[121.39910394700007,24.891090299000034],[121.39791418100002,24.890509728000037],[121.39739068300004,24.890195647000038],[121.39681959500003,24.89007192300005],[121.39609621300008,24.890119525000046],[121.39536331300008,24.890405076000036],[121.3947596600001,24.890387357000062],[121.39359949100003,24.892306183000073],[121.39322827700005,24.892772568000055],[121.39245730100004,24.893229442000056],[121.39181958000007,24.893791011000065],[121.39170536100006,24.893971853000036],[121.39137220900011,24.895637494000027],[121.3911913600001,24.89611339300006],[121.39106762300003,24.89627519900005],[121.39075368500006,24.896454620000032],[121.38884100000008,24.901696000000065],[121.3835190000001,24.906328000000027],[121.38058801600003,24.906119247000053],[121.38018847300009,24.906744942000046],[121.37995052600002,24.906973370000056],[121.37976016800008,24.90699240400005],[121.37901776700006,24.906602174000053],[121.37857042400003,24.906592655000054],[121.37818970900004,24.906830600000028],[121.37754249500006,24.907601540000023],[121.37707612100007,24.90824874900005],[121.37690480000003,24.908401033000075],[121.3754771150001,24.908857861000058],[121.37350692300005,24.909229061000072],[121.37323307200006,24.909178625000038],[121.37276727000007,24.90888624100006],[121.37197454700004,24.90850569100007],[121.37153672600006,24.908448577000055],[121.37128535400007,24.90846253900003],[121.37033600000007,24.909574000000074],[121.36971469000004,24.90854978100003],[121.36743179700011,24.908682563000074],[121.36760882000011,24.909716913000068],[121.36805616900006,24.91120169800007],[121.36776112000007,24.911639514000058],[121.36758028300007,24.912096368000043],[121.36749279000003,24.913003410000034],[121.37045419700007,24.913769326000075],[121.37082700000008,24.91425900000008],[121.37603537200005,24.91433632400003],[121.37927145500011,24.914698012000034],[121.38123213900008,24.91484078800004],[121.38339269900008,24.914659956000033],[121.38456340400012,24.914717061000026],[121.3847727980001,24.91465995300007],[121.38532483900009,24.914393452000073],[121.38606723700002,24.914165022000073],[121.38989344900007,24.91356538600007],[121.39050259800001,24.913413098000035],[121.39223486900003,24.91284201700006],[121.39320570100006,24.91283249100007],[121.39403376700012,24.912642127000026],[121.39429075100007,24.91263260700004],[121.39643229300009,24.91273728500005],[121.39686060100006,24.912689693000058],[121.40134357300008,24.911823522000073],[121.40161959300009,24.91180448300002],[121.40389438000011,24.91201385300008],[121.40417039900001,24.91199481400002],[121.40432268800011,24.91193770500007],[121.4044178690001,24.91180445300006],[121.40414188500007,24.909529669000047]]]}},{"type":"Feature","properties":{"county_id":"65000","district_id":"65000090","village_id":"65000090010","county":"新北市","district":"三峽區","village":"大埔里","boundary_release":"1150817","identity_status":"named_village","population_join_status":"location_context_only"},"geometry":{"type":"Polygon","coordinates":[[[121.3719869460001,24.89674415700005],[121.37276640200002,24.896711631000073],[121.373327,24.897220000000054],[121.37371300000005,24.896850000000022],[121.37399200000004,24.89426100000003],[121.37440000000002,24.89280100000007],[121.37560100000007,24.891050000000064],[121.37504300000013,24.89114700000005],[121.37480700000003,24.891050000000064],[121.37489300000004,24.890758000000055],[121.37461058500003,24.890618189000058],[121.3741400770001,24.890613926000075],[121.37386900000001,24.890037000000063],[121.37302342600003,24.890317677000038],[121.37224861200004,24.890069204000042],[121.37098300000002,24.89038300000004],[121.37076905100004,24.889566020000068],[121.36894281500008,24.88890986300004],[121.36773406100009,24.88838634200004],[121.36673470000005,24.887596321000043],[121.3630703880001,24.884426732000062],[121.36259450500006,24.88380804900003],[121.36248029500008,24.88338925200003],[121.36245174500006,24.883065638000062],[121.36255646100007,24.88086697400007],[121.36249936500009,24.87962010900003],[121.36244226400002,24.879077580000054],[121.36236612400013,24.878896735000076],[121.36222335800005,24.878792034000075],[121.36203300200009,24.87876347500003],[121.36175698600005,24.87883961200003],[121.36033882800008,24.87969620000007],[121.35958692100006,24.879877025000038],[121.35808018400007,24.879931251000073],[121.35805455,24.88057181200002],[121.35783562800009,24.88191385800007],[121.35720742500007,24.88514999400007],[121.35742632700011,24.886111318000076],[121.35747391200005,24.88666336600005],[121.35728354000003,24.88885251500005],[121.35711221400005,24.889480705000043],[121.3567029420001,24.890394435000072],[121.35649354500003,24.891060695000082],[121.35637932800012,24.891593705000044],[121.35637932600002,24.892107676000023],[121.35638884200013,24.89267875400003],[121.35668389200009,24.893525857000043],[121.35760710800002,24.897076068000047],[121.3583019020001,24.89877027500006],[121.358539844,24.899731594000055],[121.3586921310001,24.900816638000027],[121.35872068800006,24.90225384100006],[121.35814011000002,24.90443342900005],[121.35811155900001,24.905099681000024],[121.35815914800001,24.905442325000017],[121.3585112840001,24.905816384000047],[121.35862800000008,24.906085000000076],[121.35867100000007,24.906508000000034],[121.35874600000011,24.90657600000003],[121.35904700000003,24.906683000000044],[121.35926700000003,24.906669000000072],[121.35962600000006,24.906426000000067],[121.35991600000011,24.906494000000066],[121.35996400000009,24.906752000000036],[121.35988900000008,24.90696600000007],[121.35993365200012,24.90762655300005],[121.36018644500007,24.908202542000026],[121.3605100520001,24.90849760000003],[121.36108112100008,24.90868796500007],[121.36139520800009,24.908868808000026],[121.3618806190001,24.909420850000053],[121.36290854700007,24.910286987000063],[121.36307035100005,24.91062011400004],[121.36323212900002,24.912266700000032],[121.36311230900002,24.913230202000026],[121.36412533600004,24.914294944000062],[121.36424907000003,24.914618553000025],[121.36405871700005,24.91504685200005],[121.36378270800002,24.916008150000035],[121.36385885400013,24.916712469000057],[121.36412535500006,24.917064633000052],[121.36477257000003,24.917730888000047],[121.36531509100008,24.918387623000058],[121.36539123800004,24.919139533000077],[121.36547690000009,24.919367960000045],[121.36607652800001,24.92018649900006],[121.36610508400008,24.92045299900008],[121.36605749500006,24.920595766000073],[121.36578354700009,24.92074818700007],[121.36470100000007,24.921770000000038],[121.364776,24.92198500000006],[121.36521600000002,24.92262700000003],[121.36534500000005,24.923678000000045],[121.36546300000008,24.924018000000046],[121.36564500000009,24.924329000000057],[121.36594377500013,24.924668287000024],[121.3660765620001,24.92467891100006],[121.36679040100012,24.925088183000067],[121.36724725600004,24.925040499000033],[121.36742809300007,24.924897831000067],[121.36743760900004,24.92465036900007],[121.36734191500011,24.924225828000033],[121.36734627800001,24.92406223500006],[121.36742360100006,24.923978044000023],[121.36758037000004,24.923927016000047],[121.36788494200006,24.923946055000037],[121.36891286900004,24.92431725800003],[121.36894142100005,24.92415545500006],[121.368760575,24.923213190000066],[121.36876056500012,24.92182358900004],[121.3685122490001,24.91992615800007],[121.36819081600004,24.919039032000065],[121.36804670300013,24.918359096000067],[121.36798958400004,24.91670299600003],[121.36760885700004,24.91492316100004],[121.36748511900008,24.91393330600005],[121.36749462800003,24.912753096000078],[121.36758028300007,24.912096368000043],[121.36776112000007,24.911639514000058],[121.36805616900006,24.91120169800007],[121.36760882000011,24.909716913000068],[121.36723761100008,24.90766105800003],[121.36719953500005,24.90679493400006],[121.36792288400012,24.905966891000045],[121.37016907600002,24.904225161000056],[121.37045460700006,24.903901559000072],[121.37054026600005,24.90361602600006],[121.3706735070001,24.902388230000046],[121.37059736000003,24.901978963000033],[121.37043555700005,24.90179812200006],[121.37010243200007,24.901560170000035],[121.36817983100002,24.900522691000045],[121.36797043800003,24.900370403000064],[121.36787525900003,24.900208598000063],[121.36792284800003,24.900075349000076],[121.36805609700002,24.900008727000053],[121.36861764600008,24.899951630000036],[121.36931244400013,24.899951643000065],[121.37025470600008,24.899808892000067],[121.37057831000004,24.899704201000073],[121.37097805900008,24.89933301000007],[121.37133973500012,24.898714352000066],[121.37163478700008,24.898038587000027],[121.37173948300007,24.897581729000027],[121.37177755500011,24.89703920900007],[121.37187273300003,24.896858371000064],[121.3719869460001,24.89674415700005]]]}},{"type":"Feature","properties":{"county_id":"65000","district_id":"65000090","village_id":"65000090022","county":"新北市","district":"三峽區","village":"竹崙里","boundary_release":"1150817","identity_status":"named_village","population_join_status":"location_context_only"},"geometry":{"type":"Polygon","coordinates":[[[121.45937079100008,24.90162051300007],[121.46072081500006,24.900916393000045],[121.46381400000007,24.90142400000007],[121.46215391200008,24.898560368000062],[121.46253074300013,24.89801324900003],[121.46295905400007,24.897584949000077],[121.46306375400003,24.897242307000052],[121.46309230900012,24.896814005000063],[121.463025689,24.894938989000018],[121.46312089600009,24.890227669000073],[121.46324463300006,24.889942135000076],[121.46396800800005,24.888800006000054],[121.4641964430001,24.88832411800007],[121.46426307200011,24.887971961000062],[121.4642059680001,24.88763883800004],[121.4635682820001,24.886268278000042],[121.46351117900008,24.885878048000052],[121.46356829000001,24.885611550000082],[121.46376816900012,24.88525939400006],[121.46467238200012,24.884050638000073],[121.46496744000002,24.88357475000003],[121.4659382950001,24.879681987000026],[121.46633805600005,24.878435162000066],[121.46650937900004,24.87809252200003],[121.46790852200002,24.87692184400004],[121.46822261600005,24.876550652000045],[121.46852719100002,24.876312710000033],[121.46883411800003,24.876225027000036],[121.46746175100009,24.874559488000045],[121.46708103600007,24.87439768400003],[121.46687164300012,24.87422636400003],[121.46673839300003,24.874026491000055],[121.46660514500003,24.873531567000047],[121.46611022200011,24.87238943500006],[121.4658246890001,24.871951618000026],[121.46437798200009,24.870609613000056],[121.46389257400007,24.870200349000065],[121.46210322099999,24.869581693000043],[121.46002833500008,24.868629915000042],[121.45986653300008,24.868610881000045],[121.4584103000001,24.868782199000062],[121.45763082000006,24.868934646000067],[121.45698262900011,24.86922001800008],[121.45391789200004,24.871161648000054],[121.45314695000003,24.871742233000074],[121.45295659300008,24.871970661000027],[121.45286141400005,24.872180051000043],[121.4528804480001,24.872627385000044],[121.45303272900003,24.87333169800007],[121.45301369300013,24.87363626700005],[121.45293754900001,24.87391228200005],[121.45281381000007,24.875387535000073],[121.4527852560001,24.87555885500006],[121.4526805590001,24.87568258500005],[121.452518757,24.87568258600004],[121.452071423,24.875473196000023],[121.45139566300008,24.87528284300003],[121.45071990100007,24.87525429100003],[121.45015835200002,24.87546368300008],[121.44841660500005,24.876434503000045],[121.44786457700003,24.87666293200004],[121.44743628000005,24.876796182000078],[121.44678907800005,24.87682473900003],[121.44594200300004,24.877062687000034],[121.44530431500006,24.87733870500006],[121.44482843000003,24.877671829000057],[121.44415266900012,24.878928178000024],[121.44390520800006,24.879280337000065],[121.4435720880001,24.879632495000063],[121.44236334100002,24.880165496000075],[121.44208732900007,24.880384407000065],[121.44177324400006,24.88098402800006],[121.44144010000002,24.881374191000077],[121.44121170300002,24.881517026000036],[121.44107845600001,24.88151702700003],[121.4404598120001,24.881260050000037],[121.4397745450001,24.88112680500006],[121.4391749340001,24.88113632500006],[121.43850870100006,24.88131716700007],[121.43749031700008,24.881697882000026],[121.43630061700003,24.882278473000035],[121.43523464500004,24.882887617000055],[121.43403542800002,24.883363512000077],[121.43322643100011,24.88357291000006],[121.43146568000009,24.883887003000037],[121.42983817200002,24.88440097300003],[121.42959071500003,24.884572295000055],[121.42884834300003,24.885343243000023],[121.42782044300009,24.88585721000004],[121.42745877500012,24.88610467600006],[121.42632618200003,24.887332481000044],[121.42580271500003,24.887760787000047],[121.42541249400007,24.887846449000047],[121.42512696700008,24.887817897000044],[121.42485304600007,24.887730627000053],[121.41218700000003,24.89258700000005],[121.41066748100002,24.888092496000063],[121.41058560000012,24.88810074600008],[121.4106303210001,24.88823474900004],[121.41056369700006,24.888425106000057],[121.41033527000002,24.88866305400006],[121.409887936,24.88890100400004],[121.40938349500004,24.889081847000057],[121.4078701530001,24.889500650000063],[121.40761316300008,24.889700529000038],[121.40726099300002,24.890090769000043],[121.40686122900003,24.890937866000055],[121.40672663200007,24.891059780000035],[121.40682639200008,24.891378881000037],[121.40719759700005,24.891740554000013],[121.40814939600011,24.892225952000047],[121.4085776910001,24.89261618400007],[121.40965315000005,24.894262786000066],[121.41012901400008,24.89510988100005],[121.41082379000012,24.89593793800003],[121.41174699600002,24.896632742000065],[121.41198493500009,24.896889725000054],[121.41219430100011,24.897812965000067],[121.41220380200004,24.89841259700006],[121.41213717100004,24.89867910100003],[121.41190873100003,24.899135965000028],[121.41150896400006,24.899754638000044],[121.41116631100009,24.900230539000056],[121.4105857080001,24.900877768000043],[121.41009077,24.90139174200004],[121.40970053100011,24.901696322000078],[121.4087297010001,24.902172229000033],[121.40849175100004,24.902362592000028],[121.407996796,24.903257288000077],[121.40724483200005,24.905084747000043],[121.40701638400003,24.905817633000026],[121.40678018800008,24.906206648000015],[121.40684400000009,24.907983000000055],[121.4041473420001,24.909213458000067],[121.40414188500007,24.909529669000047],[121.4044079340001,24.911607317000062],[121.40463051300003,24.911722980000036],[121.40476376200002,24.911875267000024],[121.40522061200011,24.912617661000066],[121.40540144300009,24.91322680800005],[121.4054966110001,24.91395017000008],[121.40565841200008,24.914169081000068],[121.4059344310001,24.91429281200004],[121.40615334000006,24.914473650000044],[121.40619140800004,24.914673527000048],[121.40604863200008,24.915197015000047],[121.40604862700002,24.91548255400005],[121.40615331600007,24.915920378000063],[121.40654354200001,24.916539040000032],[121.40706701500007,24.917938172000046],[121.40724785000009,24.918566354000063],[121.4073335070001,24.919156465000075],[121.407333503,24.919556219000064],[121.40740012800005,24.919660915000065],[121.40804734500013,24.919841751000032],[121.40834239800007,24.920089215000072],[121.40880877100007,24.92058414300004],[121.4098366940001,24.92127894400005],[121.41040776400006,24.921516888000042],[121.41104546000008,24.921659651000024],[121.41169267400005,24.92174530700003],[121.41298710400008,24.921869029000046],[121.41366287200003,24.921888059000025],[121.41430057200013,24.92179287300007],[121.41508103700005,24.92181190300005],[121.41563307300011,24.921878524000075],[121.41619462600009,24.922002253000073],[121.41915465800001,24.923429918000064],[121.4245322180001,24.924857563000042],[121.42489353500002,24.92490510200002],[121.4253408720001,24.92483857400003],[121.42587423000008,24.92461960300005],[121.42632156800006,24.924334061000025],[121.4267974590001,24.92391526600005],[121.42694974500013,24.92368683300003],[121.42696878200003,24.923363224000074],[121.42730190700001,24.923058646000072],[121.42768225700001,24.92302060600002],[121.4283389850001,24.923058615000055],[121.43019531200004,24.923344159000063],[121.43108046700003,24.92338222300003],[121.43236536800009,24.923544017000037],[121.43368833900001,24.923839062000066],[121.43500179300007,24.92405796400004],[121.43601067800012,24.924305424000067],[121.4366388530001,24.924590958000067],[121.43729558100006,24.925038296000018],[121.43859000300006,24.92605670700004],[121.43894180100007,24.92617080400003],[121.43931331300007,24.926167259000067],[121.43941227399999,24.92575820900004],[121.43969780600004,24.925215684000023],[121.44120161100012,24.923711833000027],[121.44154424800001,24.923055091000034],[121.44162990100006,24.921360892000052],[121.44166797000003,24.921008727000064],[121.4418392870001,24.920304397000052],[121.44180121500005,24.920037893000032],[121.44162989400002,24.919742838000044],[121.4415347150001,24.91940019200006],[121.44138242700002,24.918505504000052],[121.44123965900008,24.91811527000004],[121.44119206900005,24.91755370900006],[121.44130628100005,24.917410938000042],[121.44188889100006,24.917256510000072],[121.44381500000007,24.917635000000075],[121.44355939000003,24.915796516000054],[121.44466603400008,24.91492672500004],[121.44508481200012,24.914698291000036],[121.44543696700009,24.914441303000046],[121.44586526200008,24.914003473000037],[121.44620789700002,24.91356564400007],[121.44706539400012,24.911930179000016],[121.45089600000006,24.911739000000072],[121.45053932200007,24.90942506800008],[121.45284172000004,24.909187333000034],[121.45321291400013,24.909234920000074],[121.4538886800001,24.909529975000055],[121.4541833710001,24.909606024000027],[121.45456408200005,24.909568080000046],[121.45494515200005,24.909415753000072],[121.45527827000002,24.909139731000035],[121.45567801000006,24.90871141900004],[121.45593498300002,24.908254555000042],[121.45606822300012,24.90772154700005],[121.45613483900003,24.90720757700006],[121.45615386500005,24.906626980000055],[121.45639177500004,24.904704348000045],[121.4565630850001,24.90416182100006],[121.45684860900008,24.903771583000033],[121.45715317200006,24.903514594000058],[121.45738159100006,24.903124355000042],[121.45750530800001,24.902429543000043],[121.4576575860001,24.90221062700004],[121.45791456200004,24.90208689100006],[121.45839044600007,24.90201074500004],[121.45937079100008,24.90162051300007]]]}},{"type":"Feature","properties":{"county_id":"65000","district_id":"65000090","village_id":"65000090005","county":"新北市","district":"三峽區","village":"弘道里","boundary_release":"1150817","identity_status":"named_village","population_join_status":"location_context_only"},"geometry":{"type":"Polygon","coordinates":[[[121.36168411800008,24.91256869400007],[121.36086072100012,24.91248651500006],[121.35783405600012,24.91149662200007],[121.35655867100003,24.91135384100005],[121.355702069,24.911334796000062],[121.355416535,24.911258651000022],[121.35525473200005,24.911096845000035],[121.35515955300002,24.91088745200005],[121.35508340700004,24.910392523000038],[121.35491208700012,24.910221200000024],[121.35470269400004,24.910097466000025],[121.35445523100009,24.91004987400004],[121.35228517500003,24.91014503100007],[121.35182832100008,24.910078401000078],[121.35098123500006,24.90979285700007],[121.35047679100002,24.90944069100004],[121.35011511500011,24.90940261600002],[121.34893490600008,24.909412129000035],[121.3484685310001,24.909117074000047],[121.34771662100003,24.908536482000045],[121.34710748000009,24.908327087000025],[121.34516584500012,24.90797491700004],[121.34455670400007,24.90767034200007],[121.34349070700013,24.907042158000024],[121.34233905100007,24.90666143800007],[121.3415871420001,24.905909523000048],[121.34040692900008,24.904891113000076],[121.33998814300004,24.90466268500006],[121.33953128700011,24.904596061000063],[121.33906491300003,24.904586544000036],[121.33828444900007,24.904177278000077],[121.33784662900007,24.904015475000048],[121.33749446800005,24.903825118000036],[121.33732314600002,24.903463439000067],[121.33716134300005,24.90327308200005],[121.33642846900013,24.902958995000063],[121.33503886300004,24.90167408800005],[121.33422032700003,24.90082699900006],[121.333687327,24.90034159000004],[121.33332564900002,24.900151235000063],[121.33232377900003,24.89981728400005],[121.33194687200013,24.899899463000054],[121.33171896500005,24.89976347100003],[121.33157090900012,24.89956381200005],[121.33147158000007,24.89911320000004],[121.33133307300011,24.89882756000003],[121.33121217000009,24.898690064000046],[121.33082999800003,24.898490927000072],[121.33069420800007,24.89832808500006],[121.33063708200008,24.897862852000056],[121.33056478900005,24.897775616000047],[121.33044502800009,24.897706391000042],[121.32998141500003,24.897629127000073],[121.32953111800009,24.897403448000038],[121.32909861600001,24.897308426000055],[121.32850061300006,24.896694662000073],[121.32835591500009,24.896330656000025],[121.32816959900005,24.896085657000068],[121.32783382500007,24.895918949000073],[121.32727316100011,24.895897271000024],[121.32667383300009,24.895954339000067],[121.32660258600004,24.896040536000044],[121.3266044500001,24.896254127000084],[121.32628057700003,24.89666729100003],[121.32604002800008,24.89690791100003],[121.32556369300003,24.897253532000033],[121.3237985060001,24.897920369000076],[121.32244679000007,24.898556592000034],[121.32176379500004,24.899374166000023],[121.3215749630001,24.89966762700004],[121.32135029000005,24.89988510100005],[121.32091588300011,24.90004931800007],[121.32032177400005,24.900196235000067],[121.32036256600009,24.900281473000064],[121.32130665700004,24.901140215000048],[121.3214942090001,24.901428547000023],[121.3214995850001,24.901678758000052],[121.32189932300003,24.902317572000072],[121.3218312030001,24.902479996000068],[121.32174715100007,24.90302676800008],[121.32175836200008,24.903329799000062],[121.32180606100009,24.90348966300007],[121.32189824900001,24.90359939300003],[121.32206460900012,24.90372001400004],[121.32272476400009,24.903940827000042],[121.32345686800011,24.904283814000056],[121.3240271200001,24.904711640000077],[121.32462390200011,24.90527392900003],[121.32467925500009,24.905422388000034],[121.32503842600012,24.905807270000025],[121.32551831800005,24.906205710000048],[121.32569618100001,24.90645150800003],[121.32589859000007,24.90691552200007],[121.32621463800001,24.907193357000036],[121.3262571580001,24.90737041800002],[121.32601378600009,24.908002010000075],[121.32602825300013,24.908075561000036],[121.32617939500005,24.908209842000073],[121.32609740900011,24.908677023000052],[121.32724381600008,24.90875847000007],[121.3280813880001,24.908910752000054],[121.3285667990001,24.90928194600008],[121.33197419800001,24.91295582600003],[121.332354913,24.913498343000068],[121.33245009300003,24.913917127000047],[121.33249768500002,24.915144932000032],[121.33260238200013,24.915363841000044],[121.33298309700002,24.915773109000042],[121.33377308000003,24.91631562400005],[121.33418234900012,24.91653453400005],[121.33584797400012,24.91696283400006],[121.33843683400005,24.91818111300006],[121.33880803100011,24.918419059000026],[121.33910308600004,24.918733147000065],[121.33920778299999,24.919037718000023],[121.33945525200009,24.920455878000045],[121.33959802700008,24.92217861000005],[121.33973127900002,24.92240703800007],[121.34271037600003,24.92397747600006],[121.3435098760001,24.92444385300007],[121.3436909410001,24.924633647000064],[121.35449754100011,24.92709230600008],[121.3553175940001,24.927733349000054],[121.35578396800008,24.927980817000044],[121.35621227000003,24.92802840900003],[121.35667864300002,24.927990315000045],[121.35829667100006,24.927600120000022],[121.35880111600012,24.927552535000075],[121.36100924900006,24.927514478000035],[121.36173260400007,24.92747641300008],[121.36203441700002,24.92741174100007],[121.3637030000001,24.927530000000047],[121.36384200000009,24.927657000000067],[121.3640250000001,24.927676000000073],[121.36443300000008,24.927579000000033],[121.36484000000006,24.92713100000003],[121.36496900000009,24.926762000000053],[121.36400300000004,24.92671300000006],[121.36388500000011,24.92659600000007],[121.36386400000005,24.926441000000068],[121.36393900000009,24.926324000000022],[121.36474400000009,24.92594500000007],[121.36481900000001,24.925818000000046],[121.36480800000004,24.92562300000003],[121.36454000000005,24.925458000000045],[121.36430738800006,24.92522288600002],[121.36574095200002,24.924614441000074],[121.36594377500013,24.924668287000024],[121.36564500000009,24.924329000000057],[121.36546300000008,24.924018000000046],[121.365269,24.923298000000045],[121.36521600000002,24.92262700000003],[121.364776,24.92198500000006],[121.36470100000007,24.921770000000038],[121.36578354700009,24.92074818700007],[121.36605749500006,24.920595766000073],[121.36610508400008,24.92045299900008],[121.36607652800001,24.92018649900006],[121.36547690000009,24.919367960000045],[121.36539123800004,24.919139533000077],[121.36531509100008,24.918387623000058],[121.36477257000003,24.917730888000047],[121.36412535500006,24.917064633000052],[121.36385885400013,24.916712469000057],[121.36378270800002,24.916008150000035],[121.36405871700005,24.91504685200005],[121.36424907000003,24.914618553000025],[121.36412533600004,24.914294944000062],[121.36311230900002,24.913230202000026],[121.36323212900002,24.912266700000032],[121.36315601500007,24.91119118400007],[121.36168411800008,24.91256869400007]]]}},{"type":"Feature","properties":{"county_id":"65000","district_id":"65000090","village_id":"65000090025","county":"新北市","district":"三峽區","village":"中正里","boundary_release":"1150817","identity_status":"named_village","population_join_status":"location_context_only"},"geometry":{"type":"Polygon","coordinates":[[[121.36749279000003,24.913003410000034],[121.36748511900008,24.91393330600005],[121.36760885700004,24.91492316100004],[121.36798958400004,24.91670299600003],[121.36804670300013,24.918359096000067],[121.36819081600004,24.919039032000065],[121.3685122490001,24.91992615800007],[121.36947722400011,24.920003306000062],[121.36975251500006,24.920086233000067],[121.37009368700001,24.920300377000046],[121.37019898300002,24.92047330100007],[121.37050986300007,24.921505666000023],[121.37156402400002,24.92580279800006],[121.37196206300007,24.927188810000068],[121.37271398100006,24.928188185000064],[121.37347541500003,24.928959132000045],[121.37448403000009,24.929742343000047],[121.376251292,24.927886571000045],[121.3768907770001,24.927113995000067],[121.37778544600008,24.92627643500003],[121.37831843000005,24.92469648300005],[121.37842312300008,24.92396361200002],[121.37861347500007,24.923183152000032],[121.37910839800007,24.922117159000038],[121.37994595200009,24.918528946000034],[121.38028858700012,24.916387439000058],[121.38039327900005,24.915150123000043],[121.38037952700006,24.91477903700007],[121.37927145500011,24.914698012000034],[121.37603537200005,24.91433632400003],[121.37082700000008,24.91425900000008],[121.37045419700007,24.913769326000075],[121.36749279000003,24.913003410000034]]]}},{"type":"Feature","properties":{"county_id":"65000","district_id":"65000090","village_id":"65000090003","county":"新北市","district":"三峽區","village":"八張里","boundary_release":"1150817","identity_status":"named_village","population_join_status":"location_context_only"},"geometry":{"type":"Polygon","coordinates":[[[121.36858273200005,24.92547714600005],[121.36757600000008,24.92566200000004],[121.36785802400004,24.927120845000044],[121.3678027850001,24.928197665000027],[121.36771712700009,24.92844512700003],[121.36749822000003,24.928749695000082],[121.36714083000004,24.929098963000058],[121.36614400000008,24.92899900000003],[121.3670195950001,24.929713229000072],[121.36721269800013,24.930091704000063],[121.36794558000007,24.93108156200003],[121.36835484900008,24.93151938400007],[121.36852659400007,24.931663443000044],[121.36885500000005,24.93169200000006],[121.36945026800005,24.932438064000053],[121.369964846,24.932869588000067],[121.36984645700012,24.930036327000035],[121.36978207000006,24.92953007300002],[121.36953746200005,24.928326750000053],[121.36897475300009,24.927126484000034],[121.36858273200005,24.92547714600005]]]}},{"type":"Feature","properties":{"county_id":"65000","district_id":"65000090","village_id":"65000090023","county":"新北市","district":"三峽區","village":"介壽里","boundary_release":"1150817","identity_status":"named_village","population_join_status":"location_context_only"},"geometry":{"type":"Polygon","coordinates":[[[121.38137523100009,24.93032022900007],[121.38203587300006,24.93038810700006],[121.38368161000007,24.93085831800005],[121.3848975300001,24.931651698000053],[121.38570046900008,24.93251067300002],[121.38620429600009,24.932970901000036],[121.3867707920001,24.933360277000077],[121.386799214,24.93327914100007],[121.3879730000001,24.933869000000072],[121.38915300000009,24.934385000000074],[121.38911000000007,24.934025000000073],[121.38822100000004,24.93293900000003],[121.3888720000001,24.93075800000002],[121.38473060600008,24.92957105000005],[121.38444506600003,24.929028534000054],[121.38429277400007,24.92824807200003],[121.38426421400003,24.92753423700003],[121.38437842400003,24.927096418000076],[121.38469250800006,24.92648728000006],[121.38505418300008,24.926125605000045],[121.38551103700001,24.925859108000058],[121.38585367700011,24.92557357400005],[121.38629149300004,24.924926364000044],[121.38656750900009,24.92434577600005],[121.38680545600003,24.92401265300003],[121.3872052060001,24.923746154000074],[121.38816651000002,24.923393997000062],[121.38896601100011,24.92317508800005],[121.38944190400004,24.923165571000023],[121.39023188700004,24.92327026900006],[121.39182137000012,24.923365450000063],[121.39224967500003,24.92330834200004],[121.39330616200004,24.923041840000053],[121.39495275700004,24.92279437200006],[121.39531443800001,24.92261353200007],[121.39567611900007,24.92222329700007],[121.39666598600002,24.921404757000058],[121.39725609900005,24.920824162000027],[121.3974179060001,24.920472000000075],[121.39749405100008,24.920110320000042],[121.39751309200005,24.919472621000065],[121.39746550600013,24.918949136000037],[121.39720852700009,24.918111562000043],[121.39667553000004,24.91699797200004],[121.39565713600007,24.91435200200004],[121.39563810600009,24.913933214000046],[121.3957332880001,24.913571534000027],[121.39595220700005,24.913133709000086],[121.39629709200005,24.912730697000026],[121.39429075100007,24.91263260700004],[121.39403376700012,24.912642127000026],[121.39320570100006,24.91283249100007],[121.39223486900003,24.91284201700006],[121.39050259800001,24.913413098000035],[121.38989344900007,24.91356538600007],[121.38606723700002,24.914165022000073],[121.38532483900009,24.914393452000073],[121.3847727980001,24.91465995300007],[121.38456340400012,24.914717061000026],[121.38339269900008,24.914659956000033],[121.38123213900008,24.91484078800004],[121.38037952700006,24.91477903700007],[121.38039327900005,24.915150123000043],[121.38028858700012,24.916387439000058],[121.37994595200009,24.918528946000034],[121.37910839800007,24.922117159000038],[121.37861347500007,24.923183152000032],[121.37842312300008,24.92396361200002],[121.37831843000005,24.92469648300005],[121.37778544600008,24.92627643500003],[121.3768907770001,24.927113995000067],[121.376251292,24.927886571000045],[121.37448403000009,24.929742343000047],[121.37618801700012,24.931062582000035],[121.37657824900009,24.931205352000056],[121.37696848100008,24.931100660000023],[121.37798688400004,24.93063429400007],[121.37886252300007,24.93044394400005],[121.38009984100007,24.930301185000076],[121.38137523100009,24.93032022900007]]]}},{"type":"Feature","properties":{"county_id":"65000","district_id":"65000090","village_id":"65000090004","county":"新北市","district":"三峽區","village":"中埔里","boundary_release":"1150817","identity_status":"named_village","population_join_status":"location_context_only"},"geometry":{"type":"Polygon","coordinates":[[[121.36848353300002,24.93285754600003],[121.3683030000001,24.93164400000007],[121.36852659400007,24.931663443000044],[121.36794558000007,24.93108156200003],[121.36721269800013,24.930091704000063],[121.3670195950001,24.929713229000072],[121.36614400000008,24.92899900000003],[121.36714083000004,24.929098963000058],[121.36749822000003,24.928749695000082],[121.36771712700009,24.92844512700003],[121.3678027850001,24.928197665000027],[121.36785802400004,24.927120845000044],[121.36757600000008,24.92566200000004],[121.36858273200005,24.92547714600005],[121.3682870670001,24.92410689700006],[121.36788494200006,24.923946055000037],[121.36758037000004,24.923927016000047],[121.36742360100006,24.923978044000023],[121.36734627800001,24.92406223500006],[121.36743760900004,24.92465036900007],[121.36742809300007,24.924897831000067],[121.36724725600004,24.925040499000033],[121.36679040100012,24.925088183000067],[121.3660765620001,24.92467891100006],[121.36574095200002,24.924614441000074],[121.36430738800006,24.92522288600002],[121.36454000000005,24.925458000000045],[121.36480800000004,24.92562300000003],[121.36481900000001,24.925818000000046],[121.36474400000009,24.92594500000007],[121.36393900000009,24.926324000000022],[121.36386400000005,24.926441000000068],[121.36388500000011,24.92659600000007],[121.36400300000004,24.92671300000006],[121.36496900000009,24.926762000000053],[121.36484000000006,24.92713100000003],[121.36443300000008,24.927579000000033],[121.3640250000001,24.927676000000073],[121.36384200000009,24.927657000000067],[121.3637030000001,24.927530000000047],[121.36203441700002,24.92741174100007],[121.36173260400007,24.92747641300008],[121.36100924900006,24.927514478000035],[121.35880111600012,24.927552535000075],[121.35829667100006,24.927600120000022],[121.35667864300002,24.927990315000045],[121.35621227000003,24.92802840900003],[121.35578396800008,24.927980817000044],[121.3553175940001,24.927733349000054],[121.35449754100011,24.92709230600008],[121.3436909410001,24.924633647000064],[121.3439191450001,24.924872158000024],[121.34457587300005,24.925852508000048],[121.34485189100009,24.92615708500005],[121.34535633600002,24.92656635800006],[121.34691726000004,24.92732779800008],[121.34777386600001,24.927365871000063],[121.34869709800012,24.927127923000054],[121.34914443700005,24.927080335000028],[121.349544185,24.927137443000042],[121.34980116700002,24.92737539200004],[121.35049596800002,24.928498512000033],[121.35157148400003,24.92922188100005],[121.3526374810001,24.92986910500002],[121.35374155200009,24.93047825600007],[121.35522633700009,24.93106837100003],[121.35725364100007,24.931829808000032],[121.35843385500004,24.932172455000057],[121.35908107100009,24.932524617000066],[121.35986153900002,24.93333363900007],[121.360213701,24.93357158500004],[121.36070863000008,24.93366676500006],[121.36124162800002,24.933590624000033],[121.36178414500013,24.933352682000073],[121.36226003400009,24.933019558000066],[121.36274544200013,24.93258174000005],[121.36320229500005,24.932277172000056],[121.36359252600005,24.93217247700005],[121.36413504300003,24.932162961000074],[121.36541043600005,24.932419948000074],[121.36642884800006,24.932743558000027],[121.36610524600007,24.933181377000032],[121.36577681500012,24.933530027000078],[121.36759269100004,24.93392223900003],[121.36766370400005,24.933213821000034],[121.36840414100006,24.933309203000075],[121.36848353300002,24.93285754600003]]]}},{"type":"Feature","properties":{"county_id":"65000","district_id":"65000090","village_id":"65000090001","county":"新北市","district":"三峽區","village":"三峽里","boundary_release":"1150817","identity_status":"named_village","population_join_status":"location_context_only"},"geometry":{"type":"Polygon","coordinates":[[[121.37009803200012,24.932981386000055],[121.36945026800005,24.932438064000053],[121.36885500000005,24.93169200000006],[121.3683030000001,24.93164400000007],[121.36848353300002,24.93285754600003],[121.3684966500001,24.932782923000055],[121.3688740000001,24.93293500000004],[121.36866500000008,24.93312500000007],[121.36867600000006,24.93396600000006],[121.36914300000001,24.933918000000062],[121.36921034900001,24.93431451900005],[121.3700865300001,24.93418875300005],[121.3700475290001,24.934042901000055],[121.37009511300005,24.933709780000072],[121.3702459650001,24.933668836000038],[121.37003800000004,24.933322000000032],[121.36979400000008,24.93313700000004],[121.37009803200012,24.932981386000055]]]}},{"type":"Feature","properties":{"county_id":"65000","district_id":"65000090","village_id":"65000090002","county":"新北市","district":"三峽區","village":"秀川里","boundary_release":"1150817","identity_status":"named_village","population_join_status":"location_context_only"},"geometry":{"type":"Polygon","coordinates":[[[121.37232400000006,24.934703000000066],[121.3730670000001,24.934825000000043],[121.3731812630001,24.93430716200004],[121.37242850900009,24.93423198000005],[121.37186695400011,24.934032103000046],[121.37119118400005,24.93368946000004],[121.37009803200012,24.932981386000055],[121.36979400000008,24.93313700000004],[121.37003800000004,24.933322000000032],[121.3703710000001,24.933857000000042],[121.37057500000004,24.934292000000024],[121.37083500000006,24.93437000000006],[121.37080600000002,24.93448400000005],[121.3719450000001,24.934720000000027],[121.37232400000006,24.934703000000066]]]}},{"type":"Feature","properties":{"county_id":"65000","district_id":"65000090","village_id":"65000090007","county":"新北市","district":"三峽區","village":"礁溪里","boundary_release":"1150817","identity_status":"named_village","population_join_status":"location_context_only"},"geometry":{"type":"Polygon","coordinates":[[[121.3871868550001,24.93466448900006],[121.38799800000002,24.934083000000044],[121.3867707920001,24.933360277000077],[121.38620429600009,24.932970901000036],[121.38570046900008,24.93251067300002],[121.3848975300001,24.931651698000053],[121.38368161000007,24.93085831800005],[121.38203587300006,24.93038810700006],[121.38137523100009,24.93032022900007],[121.38009984100007,24.930301185000076],[121.37886252300007,24.93044394400005],[121.37798688400004,24.93063429400007],[121.37696848100008,24.931100660000023],[121.37657824900009,24.931205352000056],[121.37618801700012,24.931062582000035],[121.37448403000009,24.929742343000047],[121.37192252300008,24.93249151500004],[121.37134194000011,24.933005422000065],[121.37071579700012,24.933384068000063],[121.37119118400005,24.93368946000004],[121.37186695400011,24.934032103000046],[121.37242850900009,24.93423198000005],[121.37404654400007,24.93440331000005],[121.37567409300006,24.934422355000034],[121.37557827700006,24.93542341800003],[121.37607138900013,24.93539855700004],[121.37680995400001,24.935262427000048],[121.37749736400009,24.93499070400003],[121.38130038900012,24.932952491000034],[121.38183590800008,24.93273951000003],[121.38198721300012,24.932498322000075],[121.38246716300011,24.932431422000032],[121.38286733500001,24.932444991000065],[121.38303568300012,24.932539421000058],[121.38315262200001,24.93267655800002],[121.38354285500009,24.93284788000005],[121.3840282660001,24.932933543000047],[121.38445657000013,24.93313341900006],[121.38583666800002,24.93401858100003],[121.3871868550001,24.93466448900006]]]}},{"type":"Feature","properties":{"county_id":"65000","district_id":"65000090","village_id":"65000090018","county":"新北市","district":"三峽區","village":"溪南里","boundary_release":"1150817","identity_status":"named_village","population_join_status":"location_context_only"},"geometry":{"type":"Polygon","coordinates":[[[121.39217365600007,24.938394096000025],[121.39264002000006,24.93867963400004],[121.3929309350001,24.93899220300006],[121.39401200000009,24.93927300000007],[121.39464727600013,24.936098360000074],[121.39545495600011,24.935268783000026],[121.39725381600012,24.93410761600006],[121.39821511200013,24.933346192000045],[121.39919544800011,24.932870302000026],[121.39989025000013,24.93265139400006],[121.40063264300011,24.932575250000067],[121.40192707400003,24.932594284000054],[121.402441038,24.932508622000057],[121.40260284200009,24.93234681800004],[121.4038116070001,24.930490827000025],[121.40445882100003,24.929653250000058],[121.40470628600006,24.929424820000058],[121.40802803100007,24.92746411700006],[121.40894174900006,24.927026287000047],[121.40997919600011,24.926645561000036],[121.41261564800004,24.92552242700003],[121.41352936400004,24.925217845000073],[121.4139005610001,24.925141699000054],[121.41456681400007,24.924865673000056],[121.41492849300005,24.924903742000023],[121.41528065300008,24.925017955000044],[121.415861242,24.925674687000015],[121.41616790400009,24.92613025400004],[121.41969983000003,24.92357526100005],[121.41915465800001,24.923429918000064],[121.41619462600009,24.922002253000073],[121.41563307300011,24.921878524000075],[121.41508103700005,24.92181190300005],[121.41430057200013,24.92179287300007],[121.41366287200003,24.921888059000025],[121.41298710400008,24.921869029000046],[121.41104546000008,24.921659651000024],[121.41040776400006,24.921516888000042],[121.4098366940001,24.92127894400005],[121.40924658900008,24.920907750000026],[121.40880877100007,24.92058414300004],[121.40834239800007,24.920089215000072],[121.40804734500013,24.919841751000032],[121.40740012800005,24.919660915000065],[121.407333503,24.919556219000064],[121.4073335070001,24.919156465000075],[121.40724785000009,24.918566354000063],[121.40706701500007,24.917938172000046],[121.40654354200001,24.916539040000032],[121.40615331600007,24.915920378000063],[121.40604862700002,24.91548255400005],[121.40604863200008,24.915197015000047],[121.40619140800004,24.914673527000048],[121.40615334000006,24.914473650000044],[121.4059344310001,24.91429281200004],[121.40565841200008,24.914169081000068],[121.4054966110001,24.91395017000008],[121.40540144300009,24.91322680800005],[121.40522061200011,24.912617661000066],[121.40476376200002,24.911875267000024],[121.40463051300003,24.911722980000036],[121.4044079340001,24.911607317000062],[121.4044178690001,24.91180445300006],[121.40432268800011,24.91193770500007],[121.40417039900001,24.91199481400002],[121.40389438000011,24.91201385300008],[121.40161959300009,24.91180448300002],[121.40134357300008,24.911823522000073],[121.39686060100006,24.912689693000058],[121.39629709200005,24.912730697000026],[121.39595220700005,24.913133709000086],[121.3957332880001,24.913571534000027],[121.39563810600009,24.913933214000046],[121.39565713600007,24.91435200200004],[121.39667553000004,24.91699797200004],[121.39720852700009,24.918111562000043],[121.39746550600013,24.918949136000037],[121.39751309200005,24.919472621000065],[121.39749405100008,24.920110320000042],[121.3974179060001,24.920472000000075],[121.39725609900005,24.920824162000027],[121.39666598600002,24.921404757000058],[121.39567611900007,24.92222329700007],[121.39531443800001,24.92261353200007],[121.39495275700004,24.92279437200006],[121.39330616200004,24.923041840000053],[121.39224967500003,24.92330834200004],[121.39182137000012,24.923365450000063],[121.39023188700004,24.92327026900006],[121.38944190400004,24.923165571000023],[121.38896601100011,24.92317508800005],[121.38816651000002,24.923393997000062],[121.3872052060001,24.923746154000074],[121.38680545600003,24.92401265300003],[121.38656750900009,24.92434577600005],[121.38629149300004,24.924926364000044],[121.38585367700011,24.92557357400005],[121.38551103700001,24.925859108000058],[121.38505418300008,24.926125605000045],[121.38469250800006,24.92648728000006],[121.38437842400003,24.927096418000076],[121.38426421400003,24.92753423700003],[121.38429277400007,24.92824807200003],[121.38444506600003,24.929028534000054],[121.38473060600008,24.92957105000005],[121.3888720000001,24.93075800000002],[121.38822100000004,24.93293900000003],[121.38911000000007,24.934025000000073],[121.38915300000009,24.934385000000074],[121.3879730000001,24.933869000000072],[121.386799214,24.93327914100007],[121.3867707920001,24.933360277000077],[121.38799800000002,24.934083000000044],[121.3871868550001,24.93466448900006],[121.38810951300002,24.93611931300006],[121.38868059400012,24.936928329000068],[121.3893278170001,24.937737345000073],[121.3897275700001,24.938032400000054],[121.39015587400003,24.938194206000045],[121.39080308700011,24.93831794300008],[121.39217365600007,24.938394096000025]]]}},{"type":"Feature","properties":{"county_id":"65000","district_id":"65000090","village_id":"65000090006","county":"新北市","district":"三峽區","village":"永舘里","boundary_release":"1150817","identity_status":"named_village","population_join_status":"location_context_only"},"geometry":{"type":"Polygon","coordinates":[[[121.36932575600007,24.93884807800003],[121.3701104900001,24.938649319000035],[121.37017300000004,24.93886000000003],[121.37066851400006,24.93885167200006],[121.37078823400009,24.939233981000026],[121.37186702300005,24.939028927000038],[121.37199434700004,24.939359956000033],[121.3727709970001,24.939114479000065],[121.37272362700003,24.93891471900002],[121.37382080400005,24.93837544400003],[121.37333756600003,24.93787698700004],[121.37328400000001,24.937763000000075],[121.37270347700009,24.938017034000037],[121.37254285600012,24.937767063000027],[121.37333274600007,24.937258632000066],[121.37394188000009,24.936659017000068],[121.37416078500007,24.936335415000027],[121.37422522800011,24.93634705100004],[121.37443200000007,24.936048000000024],[121.37473992500007,24.93643998300007],[121.37484607200008,24.93645914900003],[121.3750470760001,24.936005257000037],[121.3753650000001,24.936141000000077],[121.37554086300008,24.935811947000044],[121.37567409300006,24.934422355000034],[121.37404654400007,24.93440331000005],[121.3731812630001,24.93430716200004],[121.3730670000001,24.934825000000043],[121.37232400000006,24.934703000000066],[121.3719450000001,24.934720000000027],[121.37080600000002,24.93448400000005],[121.37083500000006,24.93437000000006],[121.37057500000004,24.934292000000024],[121.3702459650001,24.933668836000038],[121.37009511300005,24.933709780000072],[121.3700475290001,24.934042901000055],[121.3700865300001,24.93418875300005],[121.36921034900001,24.93431451900005],[121.36914300000001,24.933918000000062],[121.36867600000006,24.93396600000006],[121.36866500000008,24.93312500000007],[121.3688740000001,24.93293500000004],[121.3684966500001,24.932782923000055],[121.36840414100006,24.933309203000075],[121.36766370400005,24.933213821000034],[121.36759269100004,24.93392223900003],[121.36577681500012,24.933530027000078],[121.36610524600007,24.933181377000032],[121.36559100000011,24.932750000000052],[121.36524800000008,24.934112000000027],[121.36604567100007,24.934628490000023],[121.36619680800005,24.934866641000035],[121.36672900000008,24.935211000000038],[121.36685694900005,24.935497606000062],[121.36739970200004,24.93571311100004],[121.36832293300006,24.93590347200006],[121.36905100000003,24.93597500000004],[121.36835400000007,24.937425000000076],[121.36822500000007,24.938018000000056],[121.3682940450001,24.93899014100003],[121.36932575600007,24.93884807800003]]]}},{"type":"Feature","properties":{"county_id":"65000","district_id":"65000090","village_id":"65000090020","county":"新北市","district":"三峽區","village":"成福里","boundary_release":"1150817","identity_status":"named_village","population_join_status":"location_context_only"},"geometry":{"type":"Polygon","coordinates":[[[121.434099951,24.923907662000033],[121.43236536800009,24.923544017000037],[121.43108046700003,24.92338222300003],[121.43019531200004,24.923344159000063],[121.4283389850001,24.923058615000055],[121.42768225700001,24.92302060600002],[121.42730190700001,24.923058646000072],[121.42696878200003,24.923363224000074],[121.42694974500013,24.92368683300003],[121.4267974590001,24.92391526600005],[121.42632156800006,24.924334061000025],[121.42587423000008,24.92461960300005],[121.4253408720001,24.92483857400003],[121.42489353500002,24.92490510200002],[121.4245322180001,24.924857563000042],[121.41969983000003,24.92357526100005],[121.41564780500006,24.926506599000046],[121.41554310600009,24.92663033200006],[121.41554310600009,24.92683020900006],[121.41562876700004,24.926944424000055],[121.416380677,24.927496458000068],[121.41653296200002,24.927686816000058],[121.4165424800001,24.927905728000045],[121.41637115800006,24.92816271400005],[121.41599996000004,24.928400665000026],[121.41595237100013,24.928486327000023],[121.41659005800012,24.931674830000073],[121.41698028800012,24.93621487700005],[121.41718016300001,24.937585455000033],[121.41725987200003,24.93771944100007],[121.4175071300001,24.937553043000033],[121.41768576800008,24.937542076000053],[121.41787271100009,24.937565440000075],[121.4184825420001,24.937763954000044],[121.41854822400002,24.93779812300005],[121.41890989700005,24.938325606000035],[121.41964409200011,24.938765599000075],[121.419945041,24.938776098000062],[121.4211284610001,24.93834030700003],[121.421674316,24.938340251000056],[121.42220137700008,24.93826231100007],[121.4224569590001,24.93827477400003],[121.42283490800003,24.938378969000045],[121.42331074800006,24.93831760300003],[121.42439298300009,24.938459475000062],[121.42477157200005,24.93844897700006],[121.42517637400012,24.938376270000045],[121.42577591400003,24.938491869000075],[121.42664562000004,24.939013317000043],[121.42681911600005,24.93906356800005],[121.42784054900007,24.939028525000026],[121.42823790000011,24.939072496000048],[121.42830561300002,24.93905084100004],[121.4284401650001,24.93887748700007],[121.42859402600003,24.938882145000036],[121.42923708600006,24.939088484000028],[121.43043601600004,24.939202493000035],[121.43057359300008,24.939264669000064],[121.43099353900004,24.93964021400006],[121.43174488400007,24.939851150000038],[121.4320517540001,24.939999118000056],[121.43215282900006,24.940118451000046],[121.43247134700005,24.940823413000036],[121.43255626100007,24.940909559000033],[121.43280161700011,24.940987255000035],[121.43307304000007,24.94100905500005],[121.433181493,24.94097743700007],[121.43361571000003,24.940734844000076],[121.43400044400006,24.940456831000063],[121.43429817200003,24.940087820000034],[121.43516181100004,24.938452374000065],[121.43595065000011,24.937423791000068],[121.4361473800001,24.93699176600006],[121.43626385800007,24.936480816000017],[121.43665095500013,24.93584086800007],[121.43670525400012,24.935572261000058],[121.43709016400011,24.93565341400005],[121.43753883600006,24.933905477000053],[121.43626200000006,24.93353300000006],[121.43626200000006,24.932599000000035],[121.43794160300001,24.93222455100004],[121.43800365600008,24.931963924000062],[121.43841291900004,24.931078752000076],[121.43870475200004,24.930748998000062],[121.43450300000008,24.93069200000008],[121.434099951,24.923907662000033]]]}},{"type":"Feature","properties":{"county_id":"65000","district_id":"65000090","village_id":"65000090008","county":"新北市","district":"三峽區","village":"鳶山里","boundary_release":"1150817","identity_status":"named_village","population_join_status":"location_context_only"},"geometry":{"type":"Polygon","coordinates":[[[121.3682940450001,24.93899014100003],[121.36822500000007,24.938018000000056],[121.36835400000007,24.937425000000076],[121.36905100000003,24.93597500000004],[121.36832293300006,24.93590347200006],[121.36739970200004,24.93571311100004],[121.36685694900005,24.935497606000062],[121.36672900000008,24.935211000000038],[121.36619680800005,24.934866641000035],[121.36604567100007,24.934628490000023],[121.36524800000008,24.934112000000027],[121.36559100000011,24.932750000000052],[121.36610524600007,24.933181377000032],[121.36642884800006,24.932743558000027],[121.36541043600005,24.932419948000074],[121.36413504300003,24.932162961000074],[121.36359252600005,24.93217247700005],[121.36320229500005,24.932277172000056],[121.36274544200013,24.93258174000005],[121.36226003400009,24.933019558000066],[121.36178414500013,24.933352682000073],[121.36124162800002,24.933590624000033],[121.36070863000008,24.93366676500006],[121.360213701,24.93357158500004],[121.35986153900002,24.93333363900007],[121.35908107100009,24.932524617000066],[121.35843385500004,24.932172455000057],[121.35725364100007,24.931829808000032],[121.35522633700009,24.93106837100003],[121.35374155200009,24.93047825600007],[121.3526374810001,24.92986910500002],[121.35157148400003,24.92922188100005],[121.35049596800002,24.928498512000033],[121.34980116700002,24.92737539200004],[121.349544185,24.927137443000042],[121.34914443700005,24.927080335000028],[121.34869709800012,24.927127923000054],[121.34777386600001,24.927365871000063],[121.34691726000004,24.92732779800008],[121.34535633600002,24.92656635800006],[121.34485189100009,24.92615708500005],[121.34457587300005,24.925852508000048],[121.3439191450001,24.924872158000024],[121.3435098760001,24.92444385300007],[121.34271037600003,24.92397747600006],[121.33973127900002,24.92240703800007],[121.33959802700008,24.92217861000005],[121.33945525200009,24.920455878000045],[121.33920778299999,24.919037718000023],[121.33910308600004,24.918733147000065],[121.33880803100011,24.918419059000026],[121.33843683400005,24.91818111300006],[121.33584797400012,24.91696283400006],[121.33418234900012,24.91653453400005],[121.33377308000003,24.91631562400005],[121.33298309700002,24.915773109000042],[121.33260238200013,24.915363841000044],[121.33249768500002,24.915144932000032],[121.33245009300003,24.913917127000047],[121.332354913,24.913498343000068],[121.33197419800001,24.91295582600003],[121.3285667990001,24.90928194600008],[121.3280813880001,24.908910752000054],[121.32724381600008,24.90875847000007],[121.32609740900011,24.908677023000052],[121.32619791500007,24.90897771200002],[121.32620622300011,24.909180888000037],[121.32601807200001,24.90939521000007],[121.3250377280001,24.90951508400007],[121.32479871500004,24.909642924000025],[121.32443373700005,24.909925877000035],[121.32398023800012,24.90982141200004],[121.32370328100002,24.90982502900005],[121.32351293400006,24.910001452000074],[121.32327262100011,24.911001446000057],[121.32312916500007,24.91128607900003],[121.32313987300006,24.91164650400003],[121.32311684800004,24.911688791000074],[121.32278260700002,24.911765408000065],[121.32259167000008,24.911864936000033],[121.32256017300007,24.912446506000034],[121.32245320300001,24.912587987000048],[121.32205369900011,24.91293148700004],[121.32180227000005,24.913038575000023],[121.32152117200006,24.913228067000027],[121.3211105370001,24.91325934100007],[121.32058690200006,24.91340221700006],[121.32029362500009,24.913544547000065],[121.32005585500006,24.91381699500004],[121.31988438500002,24.914281586000072],[121.31973647300005,24.91449848500002],[121.31958280100004,24.914942569000054],[121.31913522500007,24.915312076000077],[121.31758531300012,24.916359361000048],[121.31775087000007,24.916572927000058],[121.31887110000002,24.917593714000077],[121.31911137400006,24.917756216000036],[121.32031678900012,24.91882584300004],[121.3208085450001,24.91959620600005],[121.32138238600011,24.92033735900003],[121.3246071330001,24.92334208200003],[121.32509288200005,24.923602197000033],[121.32551904099999,24.923768366000044],[121.32602810200001,24.923900990000053],[121.32641273400009,24.92406728900005],[121.32718771400006,24.924543382000028],[121.32757720700012,24.924672940000043],[121.3279588570001,24.92474054400003],[121.32987923700011,24.92498439500002],[121.3303650790001,24.924996542000027],[121.33424680100006,24.924724402000038],[121.33518048100008,24.924919851000027],[121.33551929000011,24.925072001000046],[121.3370396150001,24.926061434000072],[121.33834735900005,24.92704398600007],[121.33970590600008,24.928372350000068],[121.3397822080001,24.928498962000052],[121.34030510800005,24.92874143600005],[121.34246511800006,24.93025258500006],[121.34335142300006,24.930823857000064],[121.34397551500003,24.93132341600005],[121.34521899000003,24.932545859000072],[121.3464574070001,24.933899630000038],[121.34700976500005,24.934585059000028],[121.34784980300003,24.935775992000064],[121.34851832400011,24.936462558000073],[121.35010577800006,24.937181016000068],[121.35103058100003,24.937755239000065],[121.35273755100002,24.938622694000056],[121.35417413100005,24.93948548000003],[121.35658366100006,24.940773921000076],[121.35765200000003,24.940120000000032],[121.3636337710001,24.941836477000034],[121.36139737100007,24.939143120000043],[121.36159724300002,24.938648193000063],[121.36277746000009,24.93865771000003],[121.36465248600005,24.93893372600007],[121.36552561600001,24.938993782000058],[121.36580600000002,24.939468000000033],[121.36652709300007,24.939058708000065],[121.36760302800008,24.93907649600004],[121.3682940450001,24.93899014100003]]]}},{"type":"Feature","properties":{"county_id":"65000","district_id":"65000090","village_id":"65000090021","county":"新北市","district":"三峽區","village":"安坑里","boundary_release":"1150817","identity_status":"named_village","population_join_status":"location_context_only"},"geometry":{"type":"Polygon","coordinates":[[[121.45670704100009,24.94613106600008],[121.45749850200004,24.946095339000074],[121.45738130200006,24.945726902000043],[121.45740561600009,24.945330916000042],[121.4580917180001,24.943773812000074],[121.45839325200006,24.943256581000067],[121.45845473300007,24.942703117000068],[121.45838965900009,24.941993692000036],[121.45850380800006,24.94100817700007],[121.45872016500006,24.939801311000046],[121.45872110100005,24.939445213000056],[121.45886289600001,24.939267927000056],[121.45929930000013,24.939077409000042],[121.45993564700007,24.93863839200003],[121.46086395200007,24.937676202000034],[121.46088501500004,24.937595009000066],[121.46062435000009,24.93698626600008],[121.46052769200003,24.93644828500004],[121.46042889500006,24.93621982000008],[121.4601204710001,24.935799763000034],[121.4597245430001,24.93544207100006],[121.45974217900005,24.935387840000026],[121.46009957000001,24.935228205000044],[121.46018997600004,24.935033367000074],[121.46005116900004,24.934739795000045],[121.4598418710001,24.934477291000064],[121.45984020800006,24.934350042000066],[121.45990047300008,24.934257587000044],[121.46025754300003,24.934059819000026],[121.46059919100003,24.933950916000068],[121.46103441600009,24.933963663000036],[121.46120590500006,24.93392862600007],[121.46145635900008,24.93370190700006],[121.46163412700002,24.933762810000072],[121.46182475800003,24.933958715000074],[121.46196566800005,24.933975530000055],[121.46231137200004,24.93382642800003],[121.46251930200005,24.933672173000048],[121.46306877700012,24.93362391500006],[121.4633515390001,24.933378295000068],[121.4635629930001,24.93326600200004],[121.46397636400003,24.93324271100004],[121.46416536000005,24.933182606000056],[121.46481916500011,24.93271795500004],[121.46539662800001,24.93245448300007],[121.46610304900003,24.931966238000026],[121.4664512390001,24.931903251000055],[121.46708811400002,24.931984414000052],[121.46715203200006,24.93190760000004],[121.46723957300003,24.93162219100003],[121.4673567970001,24.93149226800005],[121.46780627500004,24.931281262000027],[121.46821342700004,24.930857926000044],[121.46847062100005,24.93074532900005],[121.46918728300012,24.930724548000057],[121.46947326700001,24.930950003000074],[121.46975806900004,24.93110560600007],[121.47011419800003,24.931199507000024],[121.47064907900007,24.931195235000075],[121.47089377600003,24.931125369000025],[121.47132898600013,24.93073127700006],[121.47148186900006,24.930694210000063],[121.4726064900001,24.930717255000044],[121.47339433300009,24.93084133300005],[121.4737610430001,24.93065202400004],[121.47444749900001,24.930006768000048],[121.47552208000002,24.929580909000034],[121.4763008870001,24.92910351500007],[121.47670503800009,24.929079337000072],[121.47723806900002,24.929137771000054],[121.4775625220001,24.929087598000024],[121.47789974900003,24.928945711000036],[121.47826454100004,24.92859195000005],[121.47861369000007,24.92859370000008],[121.47906819000004,24.928768104000024],[121.4802234880001,24.92882464300004],[121.4816694540001,24.92848230300007],[121.48195374000011,24.928459825000054],[121.4827028320001,24.92850277900004],[121.4834818810001,24.92834389300004],[121.48392939200005,24.928074122000048],[121.48417772500011,24.928046059000053],[121.48443183800009,24.928076779000044],[121.48457887300003,24.92802809800002],[121.48470499400003,24.927927061000048],[121.48490664200006,24.92758791600005],[121.48509579800009,24.927034894000027],[121.485349798,24.926694478000055],[121.48576730700007,24.926262605000034],[121.48573794700008,24.925863044000035],[121.48583331100006,24.925546201000028],[121.4857447820001,24.92535036000004],[121.48569769800008,24.92507800100003],[121.48562340000001,24.92490425100004],[121.48536491900006,24.924702694000068],[121.48522372300009,24.924480948000053],[121.48525333900011,24.924407477000038],[121.48542090500007,24.92431679400005],[121.48553542200013,24.924190640000063],[121.48585750700012,24.923215933000044],[121.48607189200003,24.922837244000057],[121.48647510400008,24.922395974000032],[121.48675180000009,24.92223411600003],[121.48728941700004,24.922265279000044],[121.48798053800012,24.92242686900005],[121.48817389400006,24.92232980400007],[121.48885435400005,24.921224607000052],[121.4891155040001,24.92086969100006],[121.48947034000004,24.920506836000076],[121.48975515800011,24.91953000400002],[121.49008583800003,24.918999996000025],[121.49059903600003,24.918410877000042],[121.49205915100003,24.917078798000038],[121.49183971600007,24.91680571800003],[121.49174851400005,24.91646572300004],[121.49173599500011,24.916043617000074],[121.49182050600007,24.91544277300005],[121.49177490500006,24.915149104000022],[121.49145199400004,24.914593452000076],[121.49098685200009,24.914200161000053],[121.49089234400003,24.91404485700008],[121.49085240300008,24.913715552000042],[121.49096797200004,24.912952656000073],[121.490882209,24.91259500100005],[121.49041451800008,24.91162244900005],[121.490188374,24.911491926000053],[121.48959862600009,24.911338255000032],[121.48971035700004,24.910984566000028],[121.49009304500011,24.910344961000085],[121.49018039400003,24.910089685000056],[121.49000468800013,24.909360536000065],[121.48945259800007,24.90870267700006],[121.48938920800003,24.908407874000034],[121.48947342900011,24.90807439000002],[121.4899642910001,24.907436112000028],[121.49025750500005,24.906907722000028],[121.49061813900006,24.905851973000043],[121.49077978600008,24.905215619000046],[121.49089229300012,24.904988223000032],[121.49122845800002,24.90463341300006],[121.49165108500006,24.904319143000066],[121.4925149710001,24.90356500700005],[121.49252767400003,24.90347447400006],[121.49212814600003,24.903323037000057],[121.49090107400004,24.902524487000044],[121.49068818800004,24.902285166000066],[121.49058936500012,24.902072370000038],[121.49067291600012,24.901826722000063],[121.49065558300005,24.901709011000033],[121.49041460600004,24.901636006000047],[121.48984408500006,24.901277041000068],[121.48959179000008,24.901185615000028],[121.48833860000003,24.90121268400003],[121.48815673500006,24.901114282000034],[121.48791651200007,24.900769091000022],[121.48763757300003,24.90057442900007],[121.48727314500002,24.90047879000002],[121.48662944000013,24.90049658700008],[121.48638000200005,24.900342472000027],[121.48580640200008,24.899501399000027],[121.48571533200004,24.89922337200005],[121.48580423300008,24.898915109000022],[121.48632470300004,24.898215021000052],[121.48606661200006,24.898171200000036],[121.48554789600007,24.89821690800005],[121.48533153000007,24.898122679000036],[121.48514081700012,24.897994013000073],[121.48422428300012,24.897110948000034],[121.48397406000004,24.89681626000004],[121.48344805000009,24.895925750000064],[121.48329903500006,24.89574111500008],[121.48302418600008,24.895530443000037],[121.48294299700001,24.895377920000044],[121.48285825100004,24.895140179000055],[121.48277712000002,24.89435351700007],[121.48245790100009,24.893508305000065],[121.4822727290001,24.893369423000024],[121.48197256600007,24.893279305000075],[121.48174593300007,24.89303027600005],[121.4814989340001,24.892668286000053],[121.481429735,24.892335942000038],[121.48126748800009,24.892063205000046],[121.4807969090001,24.89148102000007],[121.48061720500006,24.89106044700003],[121.48041285300009,24.890734939000023],[121.48026716400013,24.89057380200006],[121.479946282,24.89035691700008],[121.47918460900007,24.89013017500002],[121.47887445800005,24.889954874000065],[121.47850129500011,24.88953995600008],[121.47808898400001,24.88888166100002],[121.47784107400003,24.88824085900006],[121.47766276000004,24.887976980000072],[121.47685913400005,24.887228465000067],[121.47635630500007,24.88665261900007],[121.47614301900002,24.88651520000008],[121.47561367800007,24.886340590000028],[121.47535836500003,24.886170975000027],[121.47533774800002,24.88583607400005],[121.47549288500012,24.884986460000047],[121.475482252,24.884733785000034],[121.4749228720001,24.882827337000037],[121.47495506599999,24.881969234000046],[121.47483853000004,24.881840321000027],[121.47436566500005,24.88158394600004],[121.47423299200011,24.881449206000074],[121.47358444600002,24.880529937000063],[121.47340876900013,24.88010443000007],[121.4728286630001,24.879481555000034],[121.47219816100005,24.878315194000034],[121.47201825200013,24.87765592000005],[121.47179732500003,24.877195293000057],[121.47177750300013,24.877067592000053],[121.46925091400011,24.87618911500005],[121.46881236900002,24.876227159000056],[121.46852719100002,24.876312710000033],[121.46822261600005,24.876550652000045],[121.46790852200002,24.87692184400004],[121.46650937900004,24.87809252200003],[121.46633805600005,24.878435162000066],[121.4659382950001,24.879681987000026],[121.46496744000002,24.88357475000003],[121.46467238200012,24.884050638000073],[121.46376816900012,24.88525939400006],[121.46356829000001,24.885611550000082],[121.46351117900008,24.885878048000052],[121.4635682820001,24.886268278000042],[121.4642059680001,24.88763883800004],[121.46426307200011,24.887971961000062],[121.4641964430001,24.88832411800007],[121.46396800800005,24.888800006000054],[121.46324463300006,24.889942135000076],[121.46312089600009,24.890227669000073],[121.463025689,24.894938989000018],[121.46309230900012,24.896814005000063],[121.46306375400003,24.897242307000052],[121.46295905400007,24.897584949000077],[121.46253074300013,24.89801324900003],[121.46215391200008,24.898560368000062],[121.46381400000007,24.90142400000007],[121.46072081500006,24.900916393000045],[121.45937079100008,24.90162051300007],[121.45839044600007,24.90201074500004],[121.45791456200004,24.90208689100006],[121.4576575860001,24.90221062700004],[121.45750530800001,24.902429543000043],[121.45738159100006,24.903124355000042],[121.45715317200006,24.903514594000058],[121.45684860900008,24.903771583000033],[121.4565630850001,24.90416182100006],[121.45639177500004,24.904704348000045],[121.45615386500005,24.906626980000055],[121.45613483900003,24.90720757700006],[121.45606822300012,24.90772154700005],[121.45593498300002,24.908254555000042],[121.45567801000006,24.90871141900004],[121.45527827000002,24.909139731000035],[121.45494515200005,24.909415753000072],[121.45456408200005,24.909568080000046],[121.4541833710001,24.909606024000027],[121.4538886800001,24.909529975000055],[121.45321291400013,24.909234920000074],[121.45284172000004,24.909187333000034],[121.45053932200007,24.90942506800008],[121.45089600000006,24.911739000000072],[121.44706539400012,24.911930179000016],[121.44620789700002,24.91356564400007],[121.44586526200008,24.914003473000037],[121.44543696700009,24.914441303000046],[121.44508481200012,24.914698291000036],[121.44466603400008,24.91492672500004],[121.44355939000003,24.915796516000054],[121.44381500000007,24.917635000000075],[121.44188889100006,24.917256510000072],[121.44130628100005,24.917410938000042],[121.44119206900005,24.91755370900006],[121.44123965900008,24.91811527000004],[121.44138242700002,24.918505504000052],[121.4415347150001,24.91940019200006],[121.44162989400002,24.919742838000044],[121.44180121500005,24.920037893000032],[121.4418392870001,24.920304397000052],[121.44166797000003,24.921008727000064],[121.44162990100006,24.921360892000052],[121.44154424800001,24.923055091000034],[121.44120161100012,24.923711833000027],[121.43969780600004,24.925215684000023],[121.43941227399999,24.92575820900004],[121.43931331300007,24.926167259000067],[121.43894180100007,24.92617080400003],[121.43859000300006,24.92605670700004],[121.43729558100006,24.925038296000018],[121.4366388530001,24.924590958000067],[121.43601067800012,24.924305424000067],[121.43500179300007,24.92405796400004],[121.434099951,24.923907662000033],[121.43450300000008,24.93069200000008],[121.43870475200004,24.930748998000062],[121.43841291900004,24.931078752000076],[121.43800365600008,24.931963924000062],[121.43794160300001,24.93222455100004],[121.43626200000006,24.932599000000035],[121.43626200000006,24.93353300000006],[121.43753883600006,24.933905477000053],[121.43709016400011,24.93565341400005],[121.43848261300002,24.935971158000026],[121.43916796100007,24.93622064700003],[121.43944315400006,24.936387708000044],[121.43969679800013,24.936731958000053],[121.43985606400008,24.937056672000033],[121.43995192600006,24.937111252000015],[121.44066799500001,24.937207596000064],[121.44099746200004,24.93743466600006],[121.44158647400002,24.93757360800004],[121.44226713100011,24.93762857200005],[121.4424223540001,24.937782063000036],[121.442811301,24.938385292000078],[121.44389214900004,24.939095582000057],[121.44466992800005,24.93990668200007],[121.44538584900012,24.94039412900003],[121.4458345490001,24.940643296000076],[121.447921058,24.94154693400003],[121.44823364300011,24.941720077000067],[121.44938380500002,24.942688373000067],[121.45014043700007,24.943521477000044],[121.4508276470001,24.943967625000028],[121.45109043100001,24.944026045000044],[121.45140262700009,24.94425313700003],[121.45168377300001,24.944356498000047],[121.45215780400008,24.944386423000026],[121.45358109500013,24.94432504000002],[121.45413172700012,24.944350582000023],[121.45462168100005,24.944566442000053],[121.4552178570001,24.94492949100004],[121.45553421000012,24.945011023000067],[121.45564944700004,24.945116654000056],[121.45573976800006,24.945253203000046],[121.4558353770001,24.945862149000046],[121.45605055200008,24.94628567700005],[121.45670704100009,24.94613106600008]]]}},{"type":"Feature","properties":{"county_id":"65000","district_id":"65000090","village_id":"65000090009","county":"新北市","district":"三峽區","village":"龍埔里","boundary_release":"1150817","identity_status":"named_village","population_join_status":"location_context_only"},"geometry":{"type":"Polygon","coordinates":[[[121.39677591200007,24.943123394000054],[121.39264002000006,24.93867963400004],[121.39217365600007,24.938394096000025],[121.39080308700011,24.93831794300008],[121.39015587400003,24.938194206000045],[121.3897275700001,24.938032400000054],[121.3893278170001,24.937737345000073],[121.38868059400012,24.936928329000068],[121.38810951300002,24.93611931300006],[121.3871868550001,24.93466448900006],[121.38583666800002,24.93401858100003],[121.38445657000013,24.93313341900006],[121.3840282660001,24.932933543000047],[121.38354285500009,24.93284788000005],[121.38315262200001,24.93267655800002],[121.38303568300012,24.932539421000058],[121.38286733500001,24.932444991000065],[121.38246716300011,24.932431422000032],[121.38198721300012,24.932498322000075],[121.38183590800008,24.93273951000003],[121.38130038900012,24.932952491000034],[121.37749736400009,24.93499070400003],[121.37680995400001,24.935262427000048],[121.37607138900013,24.93539855700004],[121.37557827700006,24.93542341800003],[121.37554086300008,24.935811947000044],[121.3753650000001,24.936141000000077],[121.3750470760001,24.936005257000037],[121.37484607200008,24.93645914900003],[121.37473992500007,24.93643998300007],[121.37443200000007,24.936048000000024],[121.37422522800011,24.93634705100004],[121.37416078500007,24.936335415000027],[121.37394188000009,24.936659017000068],[121.37333274600007,24.937258632000066],[121.37254285600012,24.937767063000027],[121.37270347700009,24.938017034000037],[121.37328400000001,24.937763000000075],[121.37333756600003,24.93787698700004],[121.37382080400005,24.93837544400003],[121.37272362700003,24.93891471900002],[121.3727709970001,24.939114479000065],[121.37199434700004,24.939359956000033],[121.37186702300005,24.939028927000038],[121.37078823400009,24.939233981000026],[121.37066851400006,24.93885167200006],[121.37017300000004,24.93886000000003],[121.3701104900001,24.938649319000035],[121.36932575600007,24.93884807800003],[121.36835691600005,24.93898242200003],[121.36856257900003,24.94053624000003],[121.36866121500009,24.940908842000056],[121.3687817660001,24.94108418400003],[121.36904478200007,24.941226650000033],[121.36931875700009,24.941281446000065],[121.37141762600004,24.941269263000038],[121.37338453200003,24.941171875000066],[121.3750502810001,24.940328051000055],[121.3777132680001,24.937917126000055],[121.37826123900004,24.939484244000024],[121.37866289899999,24.941165439000024],[121.3789001880001,24.94165213800005],[121.37899569400008,24.942038869000044],[121.37910616200008,24.943132073000065],[121.37922725800001,24.943410118000024],[121.38034575000006,24.94378929200008],[121.38102499100012,24.944069527000064],[121.38151401500012,24.944131949000045],[121.38308441100001,24.944044762000033],[121.38335636700003,24.943812100000056],[121.38356388800003,24.943733330000043],[121.38388231600005,24.943689603000045],[121.38440588200002,24.943698344000037],[121.38520306900011,24.943782223000028],[121.38697171800005,24.944332994000032],[121.38765530800002,24.94461796300004],[121.38790296000003,24.944555287000068],[121.38824150900007,24.944540082000053],[121.38932298300007,24.94507760300007],[121.38990368800012,24.945109286000044],[121.39038333700012,24.94521589800007],[121.3905859360001,24.945204163000028],[121.39092533500002,24.945080178000065],[121.39169415300012,24.945094878000074],[121.39236824900001,24.944941863000057],[121.39310323600012,24.945003293000063],[121.39360603000013,24.94511567400008],[121.39387061200011,24.945295839000035],[121.39393436700004,24.945396365000082],[121.39371669000003,24.94566649400002],[121.3940225550001,24.94588809200007],[121.39484360200004,24.94634658500007],[121.39611471600007,24.946344073000034],[121.39616689700007,24.94630023900004],[121.39622269300003,24.946018094000063],[121.39675651700009,24.945633340000033],[121.39584789600009,24.944682073000028],[121.39586452300011,24.944518200000054],[121.39635275800003,24.943623148000025],[121.39653747500007,24.943357407000065],[121.39677591200007,24.943123394000054]]]}},{"type":"Feature","properties":{"county_id":"65000","district_id":"65000090","village_id":"65000090028","county":"新北市","district":"三峽區","village":"龍恩里","boundary_release":"1150817","identity_status":"named_village","population_join_status":"location_context_only"},"geometry":{"type":"Polygon","coordinates":[[[121.3783040080001,24.939707742000046],[121.3777132680001,24.937917126000055],[121.3750502810001,24.940328051000055],[121.37338453200003,24.941171875000066],[121.37141762600004,24.941269263000038],[121.36931875700009,24.941281446000065],[121.36904478200007,24.941226650000033],[121.3687817660001,24.94108418400003],[121.36866121500009,24.940908842000056],[121.36856257900003,24.94053624000003],[121.36835691600005,24.93898242200003],[121.36760302800008,24.93907649600004],[121.36652709300007,24.939058708000065],[121.36580600000002,24.939468000000033],[121.36552561600001,24.938993782000058],[121.36465248600005,24.93893372600007],[121.36277746000009,24.93865771000003],[121.36159724300002,24.938648193000063],[121.36139737100007,24.939143120000043],[121.3636337710001,24.941836477000034],[121.35765200000003,24.940120000000032],[121.35658366100006,24.940773921000076],[121.35728042000005,24.941208468000067],[121.35913067800004,24.942199785000067],[121.3592812600001,24.942395029000068],[121.35939893900002,24.942951327000056],[121.3596307260001,24.943528014000037],[121.35996127500005,24.944096248000047],[121.360589956,24.944833865000074],[121.3613734170001,24.945349372000067],[121.3614071510001,24.945542733000025],[121.36173323000003,24.945176348000075],[121.36210163500006,24.94500394300007],[121.36228583900004,24.945030879000058],[121.36267207500009,24.945343360000038],[121.36305830900007,24.945451110000082],[121.36427049400004,24.94608145200004],[121.36465673500005,24.94664714300006],[121.36522718000005,24.947304419000034],[121.36569660300005,24.94729902800003],[121.36636783400003,24.947144281000075],[121.36715834000006,24.94708352500004],[121.36763370200003,24.94719127800004],[121.36793674500007,24.947191278000048],[121.3686616650001,24.94692729200006],[121.36913702200003,24.946679469000053],[121.36948759800009,24.946566331000042],[121.36983817700003,24.94655555800006],[121.37018875700004,24.946641759000045],[121.37068194600012,24.946862650000067],[121.37164818400004,24.947567743000036],[121.37542650300009,24.94262236200006],[121.37700387000007,24.940431638000064],[121.37738371400009,24.940091358000075],[121.3783040080001,24.939707742000046]]]}},{"type":"Feature","properties":{"county_id":"65000","district_id":"65000090","village_id":"65000090017","county":"新北市","district":"三峽區","village":"溪北里","boundary_release":"1150817","identity_status":"named_village","population_join_status":"location_context_only"},"geometry":{"type":"Polygon","coordinates":[[[121.40756849800003,24.952138959000024],[121.40818650800009,24.951706505000057],[121.40864794400011,24.95130340500003],[121.4087723560001,24.951128721000035],[121.40881100800004,24.950987650000055],[121.40878694100002,24.950792039000074],[121.40846744900013,24.94982521500003],[121.40848257000003,24.94951332500005],[121.40860931500002,24.948854767000054],[121.4085699620001,24.94769679400002],[121.40886073400009,24.94714027300006],[121.40875839600005,24.946751694000056],[121.40875873300003,24.94629350500003],[121.40881437700013,24.946084996000025],[121.40903209400007,24.945857373000027],[121.40935705700008,24.945670168000053],[121.40942206500006,24.945551899000062],[121.40916329100001,24.945009810000037],[121.40912872400008,24.94479180800005],[121.4094573220001,24.944344975000035],[121.40964852600007,24.943913869000024],[121.40978007800005,24.943283816000076],[121.40965560900008,24.942667923000045],[121.40925468700004,24.94203170700007],[121.40922112300007,24.941898398000035],[121.40800366100007,24.94135671600003],[121.407147054,24.940795156000036],[121.40693765900005,24.940538172000057],[121.40584309800009,24.938586999000048],[121.40580503000001,24.939043859000037],[121.40564322900002,24.939500717000048],[121.40541480200011,24.939843361000047],[121.40498650200006,24.940166968000028],[121.4044059160001,24.940347806000034],[121.40388243500003,24.94043346400002],[121.4032447410001,24.940462016000023],[121.40279740200002,24.940395389000056],[121.402369098,24.940233583000065],[121.40193127300007,24.939681546000028],[121.40174091300001,24.93922468700003],[121.40163621200008,24.938691687000073],[121.4015791050001,24.938586990000022],[121.40079863500011,24.937739898000064],[121.40025611500005,24.937435326000074],[121.40009431000011,24.93725448700007],[121.40002768300009,24.93701654000005],[121.4000086430001,24.936550165000025],[121.39964696200002,24.93618848500006],[121.39927576200013,24.935712591000023],[121.39911395400009,24.93517959000008],[121.398980703,24.93507489300003],[121.39890455800003,24.934789358000046],[121.398733235,24.93461803500002],[121.39870467900005,24.934465750000076],[121.39854287600009,24.934475267000032],[121.39824782200003,24.934380087000026],[121.39811457300003,24.93442767600004],[121.39775289800002,24.934722728000047],[121.39743881000003,24.934865493000075],[121.39708664999999,24.93493211600003],[121.39601489400002,24.934916524000066],[121.39545495600011,24.935268783000026],[121.39464727600013,24.936098360000074],[121.39401200000009,24.93927300000007],[121.3929309350001,24.93899220300006],[121.39677591200007,24.943123394000054],[121.3972550200001,24.942521580000065],[121.39826061300006,24.943156456000054],[121.39949254200009,24.943714793000026],[121.40057821800008,24.94443349900007],[121.40165972500006,24.945696641000037],[121.40178026900004,24.945904328000037],[121.40186811300008,24.946548639000067],[121.40265049000004,24.94822367300003],[121.40586126700009,24.950871633000073],[121.40651226300007,24.95134075700003],[121.40710031100002,24.951697972000026],[121.40756849800003,24.952138959000024]]]}},{"type":"Feature","properties":{"county_id":"65000","district_id":"65000090","village_id":"65000090024","county":"新北市","district":"三峽區","village":"安溪里","boundary_release":"1150817","identity_status":"named_village","population_join_status":"location_context_only"},"geometry":{"type":"Polygon","coordinates":[[[121.37134194000011,24.933005422000065],[121.37192252300008,24.93249151500004],[121.37448403000009,24.929742343000047],[121.37347541500003,24.928959132000045],[121.37271398100006,24.928188185000064],[121.37196206300007,24.927188810000068],[121.37156402400002,24.92580279800006],[121.37050986300007,24.921505666000023],[121.37019898300002,24.92047330100007],[121.37009368700001,24.920300377000046],[121.36975251500006,24.920086233000067],[121.36947722400011,24.920003306000062],[121.3685122490001,24.91992615800007],[121.36876056500012,24.92182358900004],[121.368760575,24.923213190000066],[121.36894142100005,24.92415545500006],[121.36891286900004,24.92431725800003],[121.3682870670001,24.92410689700006],[121.36897475300009,24.927126484000034],[121.36953746200005,24.928326750000053],[121.36978207000006,24.92953007300002],[121.36984645700012,24.930036327000035],[121.369964846,24.932869588000067],[121.37071579700012,24.933384068000063],[121.37134194000011,24.933005422000065]]]}},{"type":"Feature","properties":{"county_id":"65000","district_id":"65000090","village_id":"65000090019","county":"新北市","district":"三峽區","village":"溪東里","boundary_release":"1150817","identity_status":"named_village","population_join_status":"location_context_only"},"geometry":{"type":"Polygon","coordinates":[[[121.40922112300007,24.941898398000035],[121.40924769200001,24.941659561000055],[121.40961257800006,24.941618949000034],[121.41002971100012,24.941402012000022],[121.410233477,24.941370247000062],[121.4127534050001,24.941349941000055],[121.41319903300007,24.941515493000054],[121.41353674000003,24.941477483000032],[121.4141098360001,24.94111892600006],[121.414262848,24.94090768800004],[121.4143860580001,24.940375619000054],[121.41473362800004,24.939699065000067],[121.41474464300005,24.939604698000036],[121.41466148000006,24.939515215000032],[121.4146679260001,24.939448386000034],[121.41505780200009,24.939426029000057],[121.4159732810001,24.93898119800007],[121.41618083800007,24.93879242100007],[121.41670132100012,24.938025257000056],[121.41725987200003,24.93771944100007],[121.41718016300001,24.937585455000033],[121.41698028800012,24.93621487700005],[121.41659005800012,24.931674830000073],[121.41595237100013,24.928486327000023],[121.41599996000004,24.928400665000026],[121.41637115800006,24.92816271400005],[121.4165424800001,24.927905728000045],[121.41653296200002,24.927686816000058],[121.416380677,24.927496458000068],[121.41562876700004,24.926944424000055],[121.41554310600009,24.92683020900006],[121.41554310600009,24.92663033200006],[121.41564780500006,24.926506599000046],[121.41616790400009,24.92613025400004],[121.415861242,24.925674687000015],[121.41528065300008,24.925017955000044],[121.41492849300005,24.924903742000023],[121.41456681400007,24.924865673000056],[121.4139005610001,24.925141699000054],[121.41352936400004,24.925217845000073],[121.41261564800004,24.92552242700003],[121.40997919600011,24.926645561000036],[121.40894174900006,24.927026287000047],[121.40802803100007,24.92746411700006],[121.40470628600006,24.929424820000058],[121.40445882100003,24.929653250000058],[121.4038116070001,24.930490827000025],[121.40260284200009,24.93234681800004],[121.402441038,24.932508622000057],[121.40192707400003,24.932594284000054],[121.40063264300011,24.932575250000067],[121.39989025000013,24.93265139400006],[121.39919544800011,24.932870302000026],[121.39821511200013,24.933346192000045],[121.39725381600012,24.93410761600006],[121.39601489400002,24.934916524000066],[121.39708664999999,24.93493211600003],[121.39743881000003,24.934865493000075],[121.39775289800002,24.934722728000047],[121.39811457300003,24.93442767600004],[121.39824782200003,24.934380087000026],[121.39854287600009,24.934475267000032],[121.39870467900005,24.934465750000076],[121.398733235,24.93461803500002],[121.39890455800003,24.934789358000046],[121.398980703,24.93507489300003],[121.39911395400009,24.93517959000008],[121.39927576200013,24.935712591000023],[121.39964696200002,24.93618848500006],[121.4000086430001,24.936550165000025],[121.40002768300009,24.93701654000005],[121.40009431000011,24.93725448700007],[121.40025611500005,24.937435326000074],[121.40079863500011,24.937739898000064],[121.4015791050001,24.938586990000022],[121.40163621200008,24.938691687000073],[121.40174091300001,24.93922468700003],[121.40193127300007,24.939681546000028],[121.402369098,24.940233583000065],[121.40279740200002,24.940395389000056],[121.4032447410001,24.940462016000023],[121.40388243500003,24.94043346400002],[121.4044059160001,24.940347806000034],[121.40498650200006,24.940166968000028],[121.40541480200011,24.939843361000047],[121.40564322900002,24.939500717000048],[121.40580503000001,24.939043859000037],[121.40584309800009,24.938586999000048],[121.40693765900005,24.940538172000057],[121.407147054,24.940795156000036],[121.40800366100007,24.94135671600003],[121.40922112300007,24.941898398000035]]]}},{"type":"Feature","properties":{"county_id":"65000","district_id":"65000090","village_id":"65000090027","county":"新北市","district":"三峽區","village":"龍學里","boundary_release":"1150817","identity_status":"named_village","population_join_status":"location_context_only"},"geometry":{"type":"Polygon","coordinates":[[[121.37607403700008,24.949694032000025],[121.37815579200004,24.945350193000017],[121.37922725800001,24.943410118000024],[121.37910616200008,24.943132073000065],[121.37899569400008,24.942038869000044],[121.3789001880001,24.94165213800005],[121.37866289899999,24.941165439000024],[121.3783040080001,24.939707742000046],[121.37738371400009,24.940091358000075],[121.37700387000007,24.940431638000064],[121.37542650300009,24.94262236200006],[121.37164818400004,24.947567743000036],[121.37190007100001,24.947751595000057],[121.37444921100007,24.949125407000054],[121.37534645900007,24.949486371000035],[121.37607403700008,24.949694032000025]]]}}]}
