cell_id,entity_id,city,district,representative_villages,intersecting_villages,longitude,latitude,straight_p90_m,network_p90_m,difference_m,population_estimate,population_method,population_method_code,support_count,map_url,limitations
65000:250:10992:1181,cell:65000:250:10992:1181,新北市,三峽區,新北市 三峽區 有木里,新北市 三峽區 有木里,121.4489416777786,24.839949952379715,485.6782789074172,670.7460600466125,185.06778113919523,15.334955345914878,住宅面積分配,residential_support,4,./?city=all&lat=24.839949952379715&layer=walking&lon=121.4489416777786&tab=map#explorer,代表點所在里與網格相交里只提供位置線索，不表示整里都存在服務缺口；人口是網格配置估計，並非官方里人口。此處是待實地核對的候選清冊。
65000:250:10996:1180,cell:65000:250:10996:1180,新北市,三峽區,新北市 三峽區 有木里,新北市 三峽區 有木里,121.44650062453701,24.848985657054882,256.61253900188757,974.7060327093747,718.0934937074871,8.08903246506325,住宅面積分配,residential_support,2,./?city=all&lat=24.848985657054882&layer=walking&lon=121.44650062453701&tab=map#explorer,代表點所在里與網格相交里只提供位置線索，不表示整里都存在服務缺口；人口是網格配置估計，並非官方里人口。此處是待實地核對的候選清冊。
65000:250:10999:1174,cell:65000:250:10999:1174,新北市,三峽區,新北市 三峽區 有木里,新北市 三峽區 有木里,121.4316823348155,24.85580049766817,490.69560549154716,3091.6441082516385,2600.9485027600913,5.381516817457095,住宅面積分配,residential_support,1,./?city=all&lat=24.85580049766817&layer=walking&lon=121.4316823348155&tab=map#explorer,代表點所在里與網格相交里只提供位置線索，不表示整里都存在服務缺口；人口是網格配置估計，並非官方里人口。此處是待實地核對的候選清冊。
65000:250:11000:1177,cell:65000:250:11000:1177,新北市,三峽區,新北市 三峽區 有木里,新北市 三峽區 有木里,121.43911160699545,24.858035941366346,463.1502496753045,1909.2349633542606,1446.0847136789562,17.744599208788213,面積均分代理,uniform_proxy,5,./?city=all&lat=24.858035941366346&layer=walking&lon=121.43911160699545&tab=map#explorer,代表點所在里與網格相交里只提供位置線索，不表示整里都存在服務缺口；人口是網格配置估計，並非官方里人口。此處是待實地核對的候選清冊。
65000:250:11000:1178,cell:65000:250:11000:1178,新北市,三峽區,新北市 三峽區 有木里,新北市 三峽區 有木里,121.44158541750404,24.858028649125632,485.0961798833508,1713.0545190334701,1227.9583391501192,3.2284218611642745,住宅面積分配,residential_support,1,./?city=all&lat=24.858028649125632&layer=walking&lon=121.44158541750404&tab=map#explorer,代表點所在里與網格相交里只提供位置線索，不表示整里都存在服務缺口；人口是網格配置估計，並非官方里人口。此處是待實地核對的候選清冊。
65000:250:11003:1175,cell:65000:250:11003:1175,新北市,三峽區,新北市 三峽區 有木里,新北市 三峽區 有木里,121.43418762812531,24.864821620547044,272.7199446788482,1045.4293264131438,772.7093817342957,8.031344572080611,住宅面積分配,residential_support,2,./?city=all&lat=24.864821620547044&layer=walking&lon=121.43418762812531&tab=map#explorer,代表點所在里與網格相交里只提供位置線索，不表示整里都存在服務缺口；人口是網格配置估計，並非官方里人口。此處是待實地核對的候選清冊。
65000:250:11004:1170,cell:65000:250:11004:1170,新北市,三峽區,新北市 三峽區 插角里,新北市 三峽區 插角里；新北市 三峽區 有木里,121.42182553713411,24.8671141433942,286.1405407316215,543.2651682571955,257.12462752557394,3.6204192711367997,住宅面積分配,residential_support,1,./?city=all&lat=24.8671141433942&layer=walking&lon=121.42182553713411&tab=map#explorer,代表點所在里與網格相交里只提供位置線索，不表示整里都存在服務缺口；人口是網格配置估計，並非官方里人口。此處是待實地核對的候選清冊。
65000:250:11004:1175,cell:65000:250:11004:1175,新北市,三峽區,新北市 三峽區 有木里,新北市 三峽區 有木里,121.43419551171876,24.867078691708716,436.57558966500454,1331.442382352125,894.8667926871203,13.137153573997738,住宅面積分配,residential_support,2,./?city=all&lat=24.867078691708716&layer=walking&lon=121.43419551171876&tab=map#explorer,代表點所在里與網格相交里只提供位置線索，不表示整里都存在服務缺口；人口是網格配置估計，並非官方里人口。此處是待實地核對的候選清冊。
65000:250:11005:1168,cell:65000:250:11005:1168,新北市,三峽區,新北市 三峽區 插角里,新北市 三峽區 插角里,121.41688511085368,24.869385112752727,157.51651205514216,530.1216706673978,372.60515861225565,10.370812610853612,住宅面積分配,residential_support,3,./?city=all&lat=24.869385112752727&layer=walking&lon=121.41688511085368&tab=map#explorer,代表點所在里與網格相交里只提供位置線索，不表示整里都存在服務缺口；人口是網格配置估計，並非官方里人口。此處是待實地核對的候選清冊。
65000:250:11006:1166,cell:65000:250:11006:1166,新北市,三峽區,新北市 三峽區 插角里,新北市 三峽區 插角里,121.41194450211825,24.871655920325907,272.73047127983097,713.0009350019557,440.2704637221247,0.4208371926112285,住宅面積分配,residential_support,1,./?city=all&lat=24.871655920325907&layer=walking&lon=121.41194450211825&tab=map#explorer,代表點所在里與網格相交里只提供位置線索，不表示整里都存在服務缺口；人口是網格配置估計，並非官方里人口。此處是待實地核對的候選清冊。
65000:250:11006:1167,cell:65000:250:11006:1167,新北市,三峽區,新北市 三峽區 插角里,新北市 三峽區 插角里,121.41441859244946,24.871649074468312,401.9625514221429,624.5782419652359,222.61569054309297,6.132632112472137,住宅面積分配,residential_support,2,./?city=all&lat=24.871649074468312&layer=walking&lon=121.41441859244946&tab=map#explorer,代表點所在里與網格相交里只提供位置線索，不表示整里都存在服務缺口；人口是網格配置估計，並非官方里人口。此處是待實地核對的候選清冊。
65000:250:11006:1168,cell:65000:250:11006:1168,新北市,三峽區,新北市 三峽區 插角里,新北市 三峽區 插角里,121.41689268186772,24.871642187620896,494.16510190491437,687.5756414203063,193.41053951539192,2.642705456408147,住宅面積分配,residential_support,1,./?city=all&lat=24.871642187620896&layer=walking&lon=121.41689268186772&tab=map#explorer,代表點所在里與網格相交里只提供位置線索，不表示整里都存在服務缺口；人口是網格配置估計，並非官方里人口。此處是待實地核對的候選清冊。
65000:250:11008:1157,cell:65000:250:11008:1157,新北市,三峽區,新北市 三峽區 金圳里,新北市 三峽區 金圳里,121.38969180513827,24.876229851292884,385.40682731853275,711.4249663146816,326.0181389961488,11.53985734149855,住宅面積分配,residential_support,5,./?city=all&lat=24.876229851292884&layer=walking&lon=121.38969180513827&tab=map#explorer,代表點所在里與網格相交里只提供位置線索，不表示整里都存在服務缺口；人口是網格配置估計，並非官方里人口。此處是待實地核對的候選清冊。
65000:250:11008:1158,cell:65000:250:11008:1158,新北市,三峽區,新北市 三峽區 金圳里,新北市 三峽區 金圳里,121.39216599331417,24.87622337301424,248.35421491516658,721.0042184491316,472.650003533965,12.30186672769422,住宅面積分配,residential_support,4,./?city=all&lat=24.87622337301424&layer=walking&lon=121.39216599331417&tab=map#explorer,代表點所在里與網格相交里只提供位置線索，不表示整里都存在服務缺口；人口是網格配置估計，並非官方里人口。此處是待實地核對的候選清冊。
65000:250:11008:1161,cell:65000:250:11008:1161,新北市,三峽區,新北市 三峽區 插角里,新北市 三峽區 插角里,121.39958855263576,24.87620369218583,285.58057792394857,510.45595596124883,224.87537803730027,3.1022970599453097,住宅面積分配,residential_support,2,./?city=all&lat=24.87620369218583&layer=walking&lon=121.39958855263576&tab=map#explorer,代表點所在里與網格相交里只提供位置線索，不表示整里都存在服務缺口；人口是網格配置估計，並非官方里人口。此處是待實地核對的候選清冊。
65000:250:11009:1157,cell:65000:250:11009:1157,新北市,三峽區,新北市 三峽區 金圳里,新北市 三峽區 金圳里,121.3896988845186,24.87848693166703,439.11370930521736,873.7441977474336,434.6304884422163,7.061652892059485,住宅面積分配,residential_support,3,./?city=all&lat=24.87848693166703&layer=walking&lon=121.3896988845186&tab=map#explorer,代表點所在里與網格相交里只提供位置線索，不表示整里都存在服務缺口；人口是網格配置估計，並非官方里人口。此處是待實地核對的候選清冊。
65000:250:11009:1158,cell:65000:250:11009:1158,新北市,三峽區,新北市 三峽區 金圳里,新北市 三峽區 金圳里,121.3921731176393,24.87848045272227,431.8966018780711,916.1141240561298,484.21752217805863,5.568753796469986,住宅面積分配,residential_support,1,./?city=all&lat=24.87848045272227&layer=walking&lon=121.3921731176393&tab=map#explorer,代表點所在里與網格相交里只提供位置線索，不表示整里都存在服務缺口；人口是網格配置估計，並非官方里人口。此處是待實地核對的候選清冊。
65000:250:11015:1153,cell:65000:250:11015:1153,新北市,三峽區,新北市 三峽區 添福里,新北市 三峽區 添福里,121.37984335868211,24.892054921025636,385.30294594087263,1084.2961809871185,698.9932350462459,4.399371933705691,住宅面積分配,residential_support,2,./?city=all&lat=24.892054921025636&layer=walking&lon=121.37984335868211&tab=map#explorer,代表點所在里與網格相交里只提供位置線索，不表示整里都存在服務缺口；人口是網格配置估計，並非官方里人口。此處是待實地核對的候選清冊。
65000:250:11016:1153,cell:65000:250:11016:1153,新北市,三峽區,新北市 三峽區 添福里,新北市 三峽區 添福里,121.37985026414191,24.894311999232315,353.41657275315725,646.9755427614965,293.55897000833926,4.344955853987328,住宅面積分配,residential_support,3,./?city=all&lat=24.894311999232315&layer=walking&lon=121.37985026414191&tab=map#explorer,代表點所在里與網格相交里只提供位置線索，不表示整里都存在服務缺口；人口是網格配置估計，並非官方里人口。此處是待實地核對的候選清冊。
65000:250:11017:1153,cell:65000:250:11017:1153,新北市,三峽區,新北市 三峽區 添福里,新北市 三峽區 添福里,121.37985717043901,24.89656907675456,478.90604848263655,1347.8884373331887,868.9823888505521,10.680425973827221,住宅面積分配,residential_support,2,./?city=all&lat=24.89656907675456&layer=walking&lon=121.37985717043901&tab=map#explorer,代表點所在里與網格相交里只提供位置線索，不表示整里都存在服務缺口；人口是網格配置估計，並非官方里人口。此處是待實地核對的候選清冊。
65000:250:11022:1176,cell:65000:250:11022:1176,新北市,三峽區,新北市 三峽區 竹崙里,新北市 三峽區 竹崙里,121.43681238151396,24.9076986288993,320.4936564378323,992.9107516276413,672.417095189809,10.645617870319851,面積均分代理,uniform_proxy,2,./?city=all&lat=24.9076986288993&layer=walking&lon=121.43681238151396&tab=map#explorer,代表點所在里與網格相交里只提供位置線索，不表示整里都存在服務缺口；人口是網格配置估計，並非官方里人口。此處是待實地核對的候選清冊。
65000:250:11023:1176,cell:65000:250:11023:1176,新北市,三峽區,新北市 三峽區 竹崙里,新北市 三峽區 竹崙里,121.436820328312,24.90995568630668,324.7244152660515,924.8701390789196,600.145723812868,13.714807378359268,住宅面積分配,residential_support,2,./?city=all&lat=24.90995568630668&layer=walking&lon=121.436820328312&tab=map#explorer,代表點所在里與網格相交里只提供位置線索，不表示整里都存在服務缺口；人口是網格配置估計，並非官方里人口。此處是待實地核對的候選清冊。
65000:250:11025:1150,cell:65000:250:11025:1150,新北市,三峽區,新北市 三峽區 中正里,新北市 三峽區 中正里；新北市 三峽區 嘉添里,121.37248757680447,24.914644401832835,268.2856725058632,519.5136940527444,251.22802154688122,36.35654335313984,住宅面積分配,residential_support,1,./?city=all&lat=24.914644401832835&layer=walking&lon=121.37248757680447&tab=map#explorer,代表點所在里與網格相交里只提供位置線索，不表示整里都存在服務缺口；人口是網格配置估計，並非官方里人口。此處是待實地核對的候選清冊。
65000:250:11033:1153,cell:65000:250:11033:1153,新北市,三峽區,新北市 三峽區 礁溪里,新北市 三峽區 礁溪里；新北市 三峽區 龍埔里,121.37996778512372,24.932682223990014,352.9443904344347,635.6555686653029,282.7111782308682,28.738566843896958,住宅面積分配,residential_support,2,./?city=all&lat=24.932682223990014&layer=walking&lon=121.37996778512372&tab=map#explorer,代表點所在里與網格相交里只提供位置線索，不表示整里都存在服務缺口；人口是網格配置估計，並非官方里人口。此處是待實地核對的候選清冊。
65000:250:11038:1147,cell:65000:250:11038:1147,新北市,三峽區,新北市 三峽區 龍恩里,新北市 三峽區 龍恩里,121.36514912497512,24.94400468552053,209.09535834887066,629.1983276524244,420.1029693035537,152.67794215398612,面積均分代理,uniform_proxy,3,./?city=all&lat=24.94400468552053&layer=walking&lon=121.36514912497512&tab=map#explorer,代表點所在里與網格相交里只提供位置線索，不表示整里都存在服務缺口；人口是網格配置估計，並非官方里人口。此處是待實地核對的候選清冊。
65000:250:11039:1147,cell:65000:250:11039:1147,新北市,三峽區,新北市 三峽區 龍恩里,新北市 三峽區 龍恩里；新北市 樹林區 西園里,121.36515577905601,24.94626175178473,295.22455153141976,618.2891773907435,323.0646258593237,41.46803557573012,住宅面積分配,residential_support,2,./?city=all&lat=24.94626175178473&layer=walking&lon=121.36515577905601&tab=map#explorer,代表點所在里與網格相交里只提供位置線索，不表示整里都存在服務缺口；人口是網格配置估計，並非官方里人口。此處是待實地核對的候選清冊。
65000:250:11153:1203,cell:65000:250:11153:1203,新北市,三芝區,新北市 三芝區 興華里,新北市 三芝區 店子里；新北市 三芝區 興華里,121.5048413914995,25.203153817570556,254.74456301547815,578.8058862184901,324.0613232030119,10.247995199879352,面積均分代理,uniform_proxy,1,./?city=all&lat=25.203153817570556&layer=walking&lon=121.5048413914995&tab=map#explorer,代表點所在里與網格相交里只提供位置線索，不表示整里都存在服務缺口；人口是網格配置估計，並非官方里人口。此處是待實地核對的候選清冊。
65000:250:11156:1209,cell:65000:250:11156:1209,新北市,三芝區,新北市 三芝區 圓山里,新北市 三芝區 圓山里,121.51975442517247,25.209873077043923,390.39585122999296,1271.682478194307,881.2866269643139,7.7033803517905834,面積均分代理,uniform_proxy,1,./?city=all&lat=25.209873077043923&layer=walking&lon=121.51975442517247&tab=map#explorer,代表點所在里與網格相交里只提供位置線索，不表示整里都存在服務缺口；人口是網格配置估計，並非官方里人口。此處是待實地核對的候選清冊。
65000:250:11156:1210,cell:65000:250:11156:1210,新北市,三芝區,新北市 三芝區 圓山里,新北市 三芝區 圓山里,121.52223527193145,25.209864335542385,494.3485180150408,1131.7938106699703,637.4452926549295,48.84203461252425,面積均分代理,uniform_proxy,1,./?city=all&lat=25.209864335542385&layer=walking&lon=121.52223527193145&tab=map#explorer,代表點所在里與網格相交里只提供位置線索，不表示整里都存在服務缺口；人口是網格配置估計，並非官方里人口。此處是待實地核對的候選清冊。
65000:250:11160:1201,cell:65000:250:11160:1201,新北市,三芝區,新北市 三芝區 店子里,新北市 三芝區 店子里,121.4999444983127,25.21896928712734,488.0778656559865,964.4671465027336,476.3892808467471,9.056950361831976,面積均分代理,uniform_proxy,3,./?city=all&lat=25.21896928712734&layer=walking&lon=121.4999444983127&tab=map#explorer,代表點所在里與網格相交里只提供位置線索，不表示整里都存在服務缺口；人口是網格配置估計，並非官方里人口。此處是待實地核對的候選清冊。
65000:250:11161:1200,cell:65000:250:11161:1200,新北市,三芝區,新北市 三芝區 店子里,新北市 三芝區 店子里；新北市 淡水區 中和里,121.49747263739914,25.221234600674638,463.03577214794166,1155.782440965597,692.7466688176554,5.988923880419595,面積均分代理,uniform_proxy,1,./?city=all&lat=25.221234600674638&layer=walking&lon=121.49747263739914&tab=map#explorer,代表點所在里與網格相交里只提供位置線索，不表示整里都存在服務缺口；人口是網格配置估計，並非官方里人口。此處是待實地核對的候選清冊。
65000:250:11171:1190,cell:65000:250:11171:1190,新北市,三芝區,新北市 三芝區 後厝里,新北市 三芝區 後厝里,121.47274899085484,25.24388549910468,268.27024169215525,1110.6560215366123,842.3857798444571,2.9138482126734706,面積均分代理,uniform_proxy,2,./?city=all&lat=25.24388549910468&layer=walking&lon=121.47274899085484&tab=map#explorer,代表點所在里與網格相交里只提供位置線索，不表示整里都存在服務缺口；人口是網格配置估計，並非官方里人口。此處是待實地核對的候選清冊。
65000:250:11171:1191,cell:65000:250:11171:1191,新北市,三芝區,新北市 三芝區 後厝里,新北市 三芝區 後厝里,121.47523054551456,25.243877536268,275.8753807960491,1181.1272105543846,905.2518297583356,155.270246319846,住宅面積分配,residential_support,2,./?city=all&lat=25.243877536268&layer=walking&lon=121.47523054551456&tab=map#explorer,代表點所在里與網格相交里只提供位置線索，不表示整里都存在服務缺口；人口是網格配置估計，並非官方里人口。此處是待實地核對的候選清冊。
65000:250:11172:1190,cell:65000:250:11172:1190,新北市,三芝區,新北市 三芝區 後厝里,新北市 三芝區 後厝里,121.47275772376136,25.246142443006562,403.0293311781638,932.726250028314,529.6969188501503,150.29121139647646,住宅面積分配,residential_support,2,./?city=all&lat=25.246142443006562&layer=walking&lon=121.47275772376136&tab=map#explorer,代表點所在里與網格相交里只提供位置線索，不表示整里都存在服務缺口；人口是網格配置估計，並非官方里人口。此處是待實地核對的候選清冊。
65000:250:11172:1191,cell:65000:250:11172:1191,新北市,三芝區,新北市 三芝區 後厝里,新北市 三芝區 後厝里,121.47523932425766,25.24613447935997,405.4917068735396,1026.0384563842006,620.5467495106609,263.13502739734224,住宅面積分配,residential_support,2,./?city=all&lat=25.24613447935997&layer=walking&lon=121.47523932425766&tab=map#explorer,代表點所在里與網格相交里只提供位置線索，不表示整里都存在服務缺口；人口是網格配置估計，並非官方里人口。此處是待實地核對的候選清冊。
65000:250:11173:1189,cell:65000:250:11173:1189,新北市,三芝區,新北市 三芝區 後厝里,新北市 三芝區 後厝里,121.47028481032939,25.248407308978184,283.25032180856806,927.5732512529737,644.3229294444056,94.37789870331169,住宅面積分配,residential_support,1,./?city=all&lat=25.248407308978184&layer=walking&lon=121.47028481032939&tab=map#explorer,代表點所在里與網格相交里只提供位置線索，不表示整里都存在服務缺口；人口是網格配置估計，並非官方里人口。此處是待實地核對的候選清冊。
65000:250:11173:1190,cell:65000:250:11173:1190,新北市,三芝區,新北市 三芝區 後厝里,新北市 三芝區 後厝里,121.47276645772011,25.248399386216004,457.628505108517,854.9796769387245,397.35117183020753,337.766849976044,住宅面積分配,residential_support,1,./?city=all&lat=25.248399386216004&layer=walking&lon=121.47276645772011&tab=map#explorer,代表點所在里與網格相交里只提供位置線索，不表示整里都存在服務缺口；人口是網格配置估計，並非官方里人口。此處是待實地核對的候選清冊。
65000:250:11173:1191,cell:65000:250:11173:1191,新北市,三芝區,新北市 三芝區 後厝里,新北市 三芝區 後厝里,121.47524810405851,25.248391421759468,479.5182058169917,1123.5689349182771,644.0507291012855,63.234834326273926,住宅面積分配,residential_support,1,./?city=all&lat=25.248391421759468&layer=walking&lon=121.47524810405851&tab=map#explorer,代表點所在里與網格相交里只提供位置線索，不表示整里都存在服務缺口；人口是網格配置估計，並非官方里人口。此處是待實地核對的候選清冊。
65000:250:11173:1203,cell:65000:250:11173:1203,新北市,三芝區,新北市 三芝區 埔頭里,新北市 三芝區 埔頭里；新北市 三芝區 福德里,121.5050277760294,25.24829259614702,149.31007107633815,546.9987634820051,397.6886924056669,24.0637086567221,面積均分代理,uniform_proxy,1,./?city=all&lat=25.24829259614702&layer=walking&lon=121.5050277760294&tab=map#explorer,代表點所在里與網格相交里只提供位置線索，不表示整里都存在服務缺口；人口是網格配置估計，並非官方里人口。此處是待實地核對的候選清冊。
65000:250:11173:1204,cell:65000:250:11173:1204,新北市,三芝區,新北市 三芝區 埔頭里,新北市 三芝區 八賢里；新北市 三芝區 埔坪里；新北市 三芝區 埔頭里；新北市 三芝區 福德里,121.50750940818529,25.248284089670317,144.04469962892185,540.4426676838981,396.3979680549762,47.00808128333528,面積均分代理,uniform_proxy,3,./?city=all&lat=25.248284089670317&layer=walking&lon=121.50750940818529&tab=map#explorer,代表點所在里與網格相交里只提供位置線索，不表示整里都存在服務缺口；人口是網格配置估計，並非官方里人口。此處是待實地核對的候選清冊。
65000:250:11174:1189,cell:65000:250:11174:1189,新北市,三芝區,新北市 三芝區 後厝里,新北市 三芝區 後厝里,121.47029349949271,25.250664252300865,223.81023840139397,503.2358765187975,279.42563811740354,95.9302669230501,住宅面積分配,residential_support,2,./?city=all&lat=25.250664252300865&layer=walking&lon=121.47029349949271&tab=map#explorer,代表點所在里與網格相交里只提供位置線索，不表示整里都存在服務缺口；人口是網格配置估計，並非官方里人口。此處是待實地核對的候選清冊。
65000:250:11177:1195,cell:65000:250:11177:1195,新北市,三芝區,新北市 三芝區 錫板里,新北市 三芝區 古庄里；新北市 三芝區 錫板里,121.48521054225246,25.25738689653374,432.735234371415,605.7693138550318,173.03407948361678,18.714611545334343,住宅面積分配,residential_support,1,./?city=all&lat=25.25738689653374&layer=walking&lon=121.48521054225246&tab=map#explorer,代表點所在里與網格相交里只提供位置線索，不表示整里都存在服務缺口；人口是網格配置估計，並非官方里人口。此處是待實地核對的候選清冊。
65000:250:11177:1196,cell:65000:250:11177:1196,新北市,三芝區,新北市 三芝區 古庄里,新北市 三芝區 古庄里；新北市 三芝區 錫板里,121.48769236666845,25.25737872028161,415.5906527576306,675.8937864747129,260.3031337170823,422.34774531483674,住宅面積分配,residential_support,1,./?city=all&lat=25.25737872028161&layer=walking&lon=121.48769236666845&tab=map#explorer,代表點所在里與網格相交里只提供位置線索，不表示整里都存在服務缺口；人口是網格配置估計，並非官方里人口。此處是待實地核對的候選清冊。
65000:250:11178:1195,cell:65000:250:11178:1195,新北市,三芝區,新北市 三芝區 錫板里,新北市 三芝區 古庄里；新北市 三芝區 錫板里,121.48521951082135,25.259643832187454,382.5613727087486,584.5135631945152,201.9521904857666,9.874977889963523,住宅面積分配,residential_support,1,./?city=all&lat=25.259643832187454&layer=walking&lon=121.48521951082135&tab=map#explorer,代表點所在里與網格相交里只提供位置線索，不表示整里都存在服務缺口；人口是網格配置估計，並非官方里人口。此處是待實地核對的候選清冊。
65000:250:11178:1205,cell:65000:250:11178:1205,新北市,三芝區,新北市 三芝區 茂長里,新北市 三芝區 茂長里,121.51003816414688,25.259560184180895,493.48866020049724,562.2634526366847,68.77479243618751,27.874422719252934,面積均分代理,uniform_proxy,1,./?city=all&lat=25.259560184180895&layer=walking&lon=121.51003816414688&tab=map#explorer,代表點所在里與網格相交里只提供位置線索，不表示整里都存在服務缺口；人口是網格配置估計，並非官方里人口。此處是待實地核對的候選清冊。
65000:250:11082:1190,cell:65000:250:11082:1190,新北市,三重區,新北市 三重區 未命名里,新北市 三重區 中興里；新北市 三重區 五谷里；新北市 三重區 未命名里,121.47197596602196,25.043014724074915,264.23593149237735,582.0244781942816,317.7885467019043,90.67114460543718,住宅面積分配,residential_support,2,./?city=all&lat=25.043014724074915&layer=walking&lon=121.47197596602196&tab=map#explorer,代表點所在里與網格相交里只提供位置線索，不表示整里都存在服務缺口；人口是網格配置估計，並非官方里人口。此處是待實地核對的候選清冊。
65000:250:11083:1190,cell:65000:250:11083:1190,新北市,三重區,新北市 三重區 中興里,新北市 三重區 中興里；新北市 三重區 五谷里,121.47198460561972,25.045271729423753,235.2370702179143,521.4530325419007,286.21596232398645,468.65577031873954,住宅面積分配,residential_support,4,./?city=all&lat=25.045271729423753&layer=walking&lon=121.47198460561972&tab=map#explorer,代表點所在里與網格相交里只提供位置線索，不表示整里都存在服務缺口；人口是網格配置估計，並非官方里人口。此處是待實地核對的候選清冊。
65000:250:11047:1194,cell:65000:250:11047:1194,新北市,中和區,新北市 中和區 橫路里,新北市 中和區 橫路里；新北市 新店區 香坡里,121.4815778856234,24.963987406014542,189.6878108271124,2173.178234013665,1983.4904231865528,481.14297871930154,面積均分代理,uniform_proxy,5,./?city=all&lat=24.963987406014542&layer=walking&lon=121.4815778856234&tab=map#explorer,代表點所在里與網格相交里只提供位置線索，不表示整里都存在服務缺口；人口是網格配置估計，並非官方里人口。此處是待實地核對的候選清冊。
65000:250:11056:1196,cell:65000:250:11056:1196,新北市,中和區,新北市 中和區 灰[磘]里,新北市 中和區 灰[磘]里；新北市 中和區 錦和里,121.4866096081009,24.984284506190118,440.859328373033,786.9398892126037,346.0805608395707,9.140297145988603,面積均分代理,uniform_proxy,1,./?city=all&lat=24.984284506190118&layer=walking&lon=121.4866096081009&tab=map#explorer,代表點所在里與網格相交里只提供位置線索，不表示整里都存在服務缺口；人口是網格配置估計，並非官方里人口。此處是待實地核對的候選清冊。
65000:250:11057:1198,cell:65000:250:11057:1198,新北市,中和區,新北市 中和區 錦和里,新北市 中和區 錦和里；新北市 中和區 錦昌里,121.49157120872245,24.986525247484238,445.8375376400781,528.4542896867707,82.61675204669262,204.35379329665642,面積均分代理,uniform_proxy,2,./?city=all&lat=24.986525247484238&layer=walking&lon=121.49157120872245&tab=map#explorer,代表點所在里與網格相交里只提供位置線索，不表示整里都存在服務缺口；人口是網格配置估計，並非官方里人口。此處是待實地核對的候選清冊。
65000:250:11061:1192,cell:65000:250:11061:1192,新北市,中和區,新北市 中和區 嘉穗里,新北市 中和區 嘉慶里；新北市 中和區 嘉穗里；新北市 中和區 民安里,121.4767478670973,24.99560166373649,315.10286771560186,541.4374610406592,226.3345933250573,331.7473898651544,面積均分代理,uniform_proxy,1,./?city=all&lat=24.99560166373649&layer=walking&lon=121.4767478670973&tab=map#explorer,代表點所在里與網格相交里只提供位置線索，不表示整里都存在服務缺口；人口是網格配置估計，並非官方里人口。此處是待實地核對的候選清冊。
65000:250:11067:1192,cell:65000:250:11067:1192,新北市,中和區,新北市 中和區 員富里,新北市 中和區 員富里；新北市 中和區 員山里,121.47680013175804,25.00914376248852,183.3212837783738,559.120471459431,375.79918768105716,430.406845361878,面積均分代理,uniform_proxy,3,./?city=all&lat=25.00914376248852&layer=walking&lon=121.47680013175804&tab=map#explorer,代表點所在里與網格相交里只提供位置線索，不表示整里都存在服務缺口；人口是網格配置估計，並非官方里人口。此處是待實地核對的候選清冊。
65000:250:11097:1176,cell:65000:250:11097:1176,新北市,五股區,新北市 五股區 德音里,新北市 五股區 德音里,121.43741106975982,25.07697602962405,161.94757783525765,542.8461653668409,380.8985875315832,42.804992429620086,面積均分代理,uniform_proxy,2,./?city=all&lat=25.07697602962405&layer=walking&lon=121.43741106975982&tab=map#explorer,代表點所在里與網格相交里只提供位置線索，不表示整里都存在服務缺口；人口是網格配置估計，並非官方里人口。此處是待實地核對的候選清冊。
65000:250:11110:1183,cell:65000:250:11110:1183,新北市,五股區,新北市 五股區 集福里,新北市 五股區 成德里；新北市 五股區 集福里,121.45486685755559,25.106264847901578,74.76910269069076,1208.1778135408777,1133.408710850187,2188.3843716107367,住宅面積分配,residential_support,3,./?city=all&lat=25.106264847901578&layer=walking&lon=121.45486685755559&tab=map#explorer,代表點所在里與網格相交里只提供位置線索，不表示整里都存在服務缺口；人口是網格配置估計，並非官方里人口。此處是待實地核對的候選清冊。
65000:250:11111:1181,cell:65000:250:11111:1181,新北市,五股區,新北市 五股區 集福里,新北市 五股區 集福里,121.44991756137503,25.10853696374162,312.9810740694196,1253.9749694094257,940.9938953400061,306.83253029360463,住宅面積分配,residential_support,1,./?city=all&lat=25.10853696374162&layer=walking&lon=121.44991756137503&tab=map#explorer,代表點所在里與網格相交里只提供位置線索，不表示整里都存在服務缺口；人口是網格配置估計，並非官方里人口。此處是待實地核對的候選清冊。
65000:250:11111:1182,cell:65000:250:11111:1182,新北市,五股區,新北市 五股區 集福里,新北市 五股區 集福里,121.45239638515444,25.108529422334907,283.8815855797412,1201.7200800880605,917.8384945083193,4.639522011327553,住宅面積分配,residential_support,2,./?city=all&lat=25.108529422334907&layer=walking&lon=121.45239638515444&tab=map#explorer,代表點所在里與網格相交里只提供位置線索，不表示整里都存在服務缺口；人口是網格配置估計，並非官方里人口。此處是待實地核對的候選清冊。
65000:250:11114:1175,cell:65000:250:11114:1175,新北市,五股區,新北市 五股區 觀音里,新北市 五股區 觀音里,121.43506856281898,25.115352330974936,442.83858579594585,620.266577518896,177.4279917229502,14.597525135947684,住宅面積分配,residential_support,2,./?city=all&lat=25.115352330974936&layer=walking&lon=121.43506856281898&tab=map#explorer,代表點所在里與網格相交里只提供位置線索，不表示整里都存在服務缺口；人口是網格配置估計，並非官方里人口。此處是待實地核對的候選清冊。
65000:250:11118:1170,cell:65000:250:11118:1170,新北市,五股區,新北市 五股區 觀音里,新北市 五股區 觀音里,121.42270477338569,25.12441617467827,143.67492833233086,638.1639938268052,494.4890654944743,13.821728027463818,住宅面積分配,residential_support,3,./?city=all&lat=25.12441617467827&layer=walking&lon=121.42270477338569&tab=map#explorer,代表點所在里與網格相交里只提供位置線索，不表示整里都存在服務缺口；人口是網格配置估計，並非官方里人口。此處是待實地核對的候選清冊。
65000:250:11121:1168,cell:65000:250:11121:1168,新北市,八里區,新北市 八里區 埤頭里,新北市 五股區 觀音里；新北市 八里區 埤頭里,121.41776949289904,25.131201221398715,223.86399482136773,862.9216944002436,639.0576995788758,50.24403993472625,面積均分代理,uniform_proxy,2,./?city=all&lat=25.131201221398715&layer=walking&lon=121.41776949289904&tab=map#explorer,代表點所在里與網格相交里只提供位置線索，不表示整里都存在服務缺口；人口是網格配置估計，並非官方里人口。此處是待實地核對的候選清冊。
65000:250:11121:1169,cell:65000:250:11121:1169,新北市,八里區,新北市 八里區 埤頭里,新北市 五股區 觀音里；新北市 八里區 埤頭里,121.42024878454399,25.131194211465587,407.8895526390456,1007.47446726414,599.5849146250944,26.17651776158883,面積均分代理,uniform_proxy,5,./?city=all&lat=25.131194211465587&layer=walking&lon=121.42024878454399&tab=map#explorer,代表點所在里與網格相交里只提供位置線索，不表示整里都存在服務缺口；人口是網格配置估計，並非官方里人口。此處是待實地核對的候選清冊。
65000:250:11127:1162,cell:65000:250:11127:1162,新北市,八里區,新北市 八里區 舊城里,新北市 八里區 舊城里,121.40293816514155,25.144784395979062,322.29789222072094,633.9806565496394,311.6827643289185,131.0,住宅面積分配,residential_support,5,./?city=all&lat=25.144784395979062&layer=walking&lon=121.40293816514155&tab=map#explorer,代表點所在里與網格相交里只提供位置線索，不表示整里都存在服務缺口；人口是網格配置估計，並非官方里人口。此處是待實地核對的候選清冊。
65000:250:11136:1167,cell:65000:250:11136:1167,新北市,八里區,新北市 八里區 埤頭里,新北市 八里區 埤頭里,121.41540478428016,25.165063055828668,314.78734446370345,516.2272654970097,201.4399210333063,223.0092080375584,住宅面積分配,residential_support,1,./?city=all&lat=25.165063055828668&layer=walking&lon=121.41540478428016&tab=map#explorer,代表點所在里與網格相交里只提供位置線索，不表示整里都存在服務缺口；人口是網格配置估計，並非官方里人口。此處是待實地核對的候選清冊。
65000:250:11137:1167,cell:65000:250:11137:1167,新北市,八里區,新北市 八里區 埤頭里,新北市 八里區 埤頭里,121.41541243058766,25.16732004137358,433.0235666220982,567.7689719329787,134.74540531088053,103.99079196245702,住宅面積分配,residential_support,1,./?city=all&lat=25.16732004137358&layer=walking&lon=121.41541243058766&tab=map#explorer,代表點所在里與網格相交里只提供位置線索，不表示整里都存在服務缺口；人口是網格配置估計，並非官方里人口。此處是待實地核對的候選清冊。
65000:250:11039:1183,cell:65000:250:11039:1183,新北市,土城區,新北市 土城區 大安里,新北市 三峽區 安坑里；新北市 土城區 大安里,121.45427655385308,24.94601668516412,457.28004543428614,915.9283291748623,458.6482837405761,6.69765313937661,面積均分代理,uniform_proxy,1,./?city=all&lat=24.94601668516412&layer=walking&lon=121.45427655385308&tab=map#explorer,代表點所在里與網格相交里只提供位置線索，不表示整里都存在服務缺口；人口是網格配置估計，並非官方里人口。此處是待實地核對的候選清冊。
65000:250:11040:1183,cell:65000:250:11040:1183,新北市,土城區,新北市 土城區 大安里,新北市 土城區 大安里；新北市 土城區 清化里,121.45428483282457,24.948273725597055,452.7391485634961,907.6909987182354,454.9518501547393,17.565348073267703,住宅面積分配,residential_support,1,./?city=all&lat=24.948273725597055&layer=walking&lon=121.45428483282457&tab=map#explorer,代表點所在里與網格相交里只提供位置線索，不表示整里都存在服務缺口；人口是網格配置估計，並非官方里人口。此處是待實地核對的候選清冊。
65000:250:11043:1189,cell:65000:250:11043:1189,新北市,土城區,新北市 土城區 清化里,新北市 土城區 清化里；新北市 新店區 日興里,121.46916410163753,24.954998797241856,461.1564937938993,1243.5174362474065,782.3609424535073,62.38412506393107,住宅面積分配,residential_support,2,./?city=all&lat=24.954998797241856&layer=walking&lon=121.46916410163753&tab=map#explorer,代表點所在里與網格相交里只提供位置線索，不表示整里都存在服務缺口；人口是網格配置估計，並非官方里人口。此處是待實地核對的候選清冊。
65000:250:11044:1189,cell:65000:250:11044:1189,新北市,土城區,新北市 土城區 清化里,新北市 土城區 清化里,121.46917265542335,24.957255830206023,460.2660674148184,1242.5869551489147,782.3208877340963,8.591972581406775,住宅面積分配,residential_support,1,./?city=all&lat=24.957255830206023&layer=walking&lon=121.46917265542335&tab=map#explorer,代表點所在里與網格相交里只提供位置線索，不表示整里都存在服務缺口；人口是網格配置估計，並非官方里人口。此處是待實地核對的候選清冊。
65000:250:11044:1190,cell:65000:250:11044:1190,新北市,土城區,新北市 土城區 清化里,新北市 土城區 清化里；新北市 新店區 香坡里,121.47164843460982,24.95724801114188,262.9537267690155,1418.4505423284875,1155.496815559472,119.49547234706847,住宅面積分配,residential_support,1,./?city=all&lat=24.95724801114188&layer=walking&lon=121.47164843460982&tab=map#explorer,代表點所在里與網格相交里只提供位置線索，不表示整里都存在服務缺口；人口是網格配置估計，並非官方里人口。此處是待實地核對的候選清冊。
65000:250:11045:1190,cell:65000:250:11045:1190,新北市,土城區,新北市 土城區 清化里,新北市 土城區 清化里；新北市 新店區 香坡里,121.47165703457055,24.959505042617373,267.42230892008325,1563.5222636641793,1296.099954744096,231.28067084372694,住宅面積分配,residential_support,1,./?city=all&lat=24.959505042617373&layer=walking&lon=121.47165703457055&tab=map#explorer,代表點所在里與網格相交里只提供位置線索，不表示整里都存在服務缺口；人口是網格配置估計，並非官方里人口。此處是待實地核對的候選清冊。
65000:250:11046:1191,cell:65000:250:11046:1191,新北市,土城區,新北市 土城區 清化里,新北市 土城區 清化里；新北市 新店區 香坡里,121.47414150400097,24.961754211580846,276.4959979634461,1126.7151051657079,850.2191072022617,164.3791349117935,住宅面積分配,residential_support,1,./?city=all&lat=24.961754211580846&layer=walking&lon=121.47414150400097&tab=map#explorer,代表點所在里與網格相交里只提供位置線索，不表示整里都存在服務缺口；人口是網格配置估計，並非官方里人口。此處是待實地核對的候選清冊。
65000:250:11049:1174,cell:65000:250:11049:1174,新北市,土城區,新北市 土城區 沛陂里,新北市 土城區 永寧里；新北市 土城區 沛陂里,121.43207524455286,24.968653390429903,491.2190614614857,602.4814950610655,111.26243359957982,0.0002277952049296893,住宅面積分配,residential_support,1,./?city=all&lat=24.968653390429903&layer=walking&lon=121.43207524455286&tab=map#explorer,代表點所在里與網格相交里只提供位置線索，不表示整里都存在服務缺口；人口是網格配置估計，並非官方里人口。此處是待實地核對的候選清冊。
65000:250:11051:1175,cell:65000:250:11051:1175,新北市,土城區,新北市 土城區 員仁里,新北市 土城區 員仁里；新北市 土城區 大安里；新北市 土城區 沛陂里,121.4345671207545,24.973160263484722,379.14873802763543,595.0413318960842,215.89259386844878,993.8179947381072,面積均分代理,uniform_proxy,1,./?city=all&lat=24.973160263484722&layer=walking&lon=121.4345671207545&tab=map#explorer,代表點所在里與網格相交里只提供位置線索，不表示整里都存在服務缺口；人口是網格配置估計，並非官方里人口。此處是待實地核對的候選清冊。
65000:250:11051:1191,cell:65000:250:11051:1191,新北市,土城區,新北市 土城區 廷寮里,新北市 土城區 廷寮里,121.47418475044178,24.973039351190852,436.2732348450914,576.16827613001,139.8950412849186,76.19405987885827,住宅面積分配,residential_support,1,./?city=all&lat=24.973039351190852&layer=walking&lon=121.47418475044178&tab=map#explorer,代表點所在里與網格相交里只提供位置線索，不表示整里都存在服務缺口；人口是網格配置估計，並非官方里人口。此處是待實地核對的候選清冊。
65000:250:11051:1192,cell:65000:250:11051:1192,新北市,土城區,新北市 土城區 廷寮里,新北市 土城區 廷寮里,121.47666084362587,24.97303144415558,494.04445757494824,724.0010744983839,229.95661692343566,440.2563924506517,住宅面積分配,residential_support,1,./?city=all&lat=24.97303144415558&layer=walking&lon=121.47666084362587&tab=map#explorer,代表點所在里與網格相交里只提供位置線索，不表示整里都存在服務缺口；人口是網格配置估計，並非官方里人口。此處是待實地核對的候選清冊。
65000:250:11052:1188,cell:65000:250:11052:1188,新北市,土城區,新北市 土城區 青山里,新北市 土城區 清和里；新北市 土城區 青山里,121.46676498152513,24.975319853495503,442.4314001289187,765.8907437266012,323.45934359768245,346.37123803988334,面積均分代理,uniform_proxy,1,./?city=all&lat=24.975319853495503&layer=walking&lon=121.46676498152513&tab=map#explorer,代表點所在里與網格相交里只提供位置線索，不表示整里都存在服務缺口；人口是網格配置估計，並非官方里人口。此處是待實地核對的候選清冊。
65000:250:11052:1189,cell:65000:250:11052:1189,新北市,土城區,新北市 土城區 廷寮里,新北市 土城區 廷寮里；新北市 土城區 清和里；新北市 土城區 青山里,121.46924112301261,24.975312069196796,453.87733562085987,701.9280705246792,248.05073490381938,260.48000981495363,面積均分代理,uniform_proxy,1,./?city=all&lat=24.975312069196796&layer=walking&lon=121.46924112301261&tab=map#explorer,代表點所在里與網格相交里只提供位置線索，不表示整里都存在服務缺口；人口是網格配置估計，並非官方里人口。此處是待實地核對的候選清冊。
65000:250:11052:1191,cell:65000:250:11052:1191,新北市,土城區,新北市 土城區 廷寮里,新北市 土城區 廷寮里,121.47419340287213,24.975296377052018,373.3697796916314,561.2753636652396,187.90558397360826,3.014519839700166,住宅面積分配,residential_support,1,./?city=all&lat=24.975296377052018&layer=walking&lon=121.47419340287213&tab=map#explorer,代表點所在里與網格相交里只提供位置線索，不表示整里都存在服務缺口；人口是網格配置估計，並非官方里人口。此處是待實地核對的候選清冊。
65000:250:11052:1192,cell:65000:250:11052:1192,新北市,土城區,新北市 土城區 廷寮里,新北市 土城區 廷寮里,121.47666954123325,24.97528846920607,376.4213232538131,560.1426429259067,183.72131967209356,4.535027830706164,住宅面積分配,residential_support,1,./?city=all&lat=24.97528846920607&layer=walking&lon=121.47666954123325&tab=map#explorer,代表點所在里與網格相交里只提供位置線索，不表示整里都存在服務缺口；人口是網格配置估計，並非官方里人口。此處是待實地核對的候選清冊。
65000:250:11053:1188,cell:65000:250:11053:1188,新北市,土城區,新北市 土城區 青山里,新北市 土城區 廷寮里；新北市 土城區 青山里,121.46677349945512,24.977576881076395,377.13275520514026,736.0358426879859,358.90308748284565,99.79754035606051,面積均分代理,uniform_proxy,3,./?city=all&lat=24.977576881076395&layer=walking&lon=121.46677349945512&tab=map#explorer,代表點所在里與網格相交里只提供位置線索，不表示整里都存在服務缺口；人口是網格配置估計，並非官方里人口。此處是待實地核對的候選清冊。
65000:250:11053:1189,cell:65000:250:11053:1189,新北市,土城區,新北市 土城區 廷寮里,新北市 土城區 廷寮里；新北市 土城區 青山里,121.46924968612532,24.977569095979657,250.20208090348763,740.8210688233546,490.618987919867,619.7649691093724,住宅面積分配,residential_support,3,./?city=all&lat=24.977569095979657&layer=walking&lon=121.46924968612532&tab=map#explorer,代表點所在里與網格相交里只提供位置線索，不表示整里都存在服務缺口；人口是網格配置估計，並非官方里人口。此處是待實地核對的候選清冊。
65000:250:11054:1188,cell:65000:250:11054:1188,新北市,土城區,新北市 土城區 青山里,新北市 土城區 廷寮里；新北市 土城區 永富里；新北市 土城區 青山里,121.46678201841638,24.979833907970267,148.17927669443367,548.655380467905,400.4761037734714,231.71826045628566,面積均分代理,uniform_proxy,1,./?city=all&lat=24.979833907970267&layer=walking&lon=121.46678201841638&tab=map#explorer,代表點所在里與網格相交里只提供位置線索，不表示整里都存在服務缺口；人口是網格配置估計，並非官方里人口。此處是待實地核對的候選清冊。
65000:250:11054:1189,cell:65000:250:11054:1189,新北市,土城區,新北市 土城區 廷寮里,新北市 土城區 廷寮里,121.46925825027479,24.97982612207547,86.5267740455732,605.4607522973096,518.9339782517363,83.50579736027409,面積均分代理,uniform_proxy,1,./?city=all&lat=24.97982612207547&layer=walking&lon=121.46925825027479&tab=map#explorer,代表點所在里與網格相交里只提供位置線索，不表示整里都存在服務缺口；人口是網格配置估計，並非官方里人口。此處是待實地核對的候選清冊。
65000:250:11058:1178,cell:65000:250:11058:1178,新北市,土城區,新北市 土城區 裕生里,新北市 土城區 日新里；新北市 土城區 裕生里,121.44205192207697,24.988937633103664,380.7962605148572,518.5210871557396,137.72482664088238,78.42158913656215,住宅面積分配,residential_support,1,./?city=all&lat=24.988937633103664&layer=walking&lon=121.44205192207697&tab=map#explorer,代表點所在里與網格相交里只提供位置線索，不表示整里都存在服務缺口；人口是網格配置估計，並非官方里人口。此處是待實地核對的候選清冊。
65000:250:11047:1298,cell:65000:250:11047:1298,新北市,坪林區,新北市 坪林區 漁光里,新北市 坪林區 漁光里,121.73906573735438,24.962932125539595,459.16821943085824,720.1781874582515,261.00996802739326,69.37545833960685,住宅面積分配,residential_support,1,./?city=all&lat=24.962932125539595&layer=walking&lon=121.73906573735438&tab=map#explorer,代表點所在里與網格相交里只提供位置線索，不表示整里都存在服務缺口；人口是網格配置估計，並非官方里人口。此處是待實地核對的候選清冊。
65000:250:11066:1302,cell:65000:250:11066:1302,新北市,平溪區,新北市 平溪區 東勢里,新北市 平溪區 東勢里,121.74922862323716,25.005763874636973,119.10649795783011,566.8558249219321,447.749326964102,76.24731132592207,住宅面積分配,residential_support,2,./?city=all&lat=25.005763874636973&layer=walking&lon=121.74922862323716&tab=map#explorer,代表點所在里與網格相交里只提供位置線索，不表示整里都存在服務缺口；人口是網格配置估計，並非官方里人口。此處是待實地核對的候選清冊。
65000:250:11066:1304,cell:65000:250:11066:1304,新北市,平溪區,新北市 平溪區 東勢里,新北市 平溪區 東勢里,121.7541818635106,25.005738840419273,489.901805889762,1633.8648655300278,1143.9630596402658,3.337768537509978,住宅面積分配,residential_support,1,./?city=all&lat=25.005738840419273&layer=walking&lon=121.7541818635106&tab=map#explorer,代表點所在里與網格相交里只提供位置線索，不表示整里都存在服務缺口；人口是網格配置估計，並非官方里人口。此處是待實地核對的候選清冊。
65000:250:11071:1288,cell:65000:250:11071:1288,新北市,平溪區,新北市 平溪區 薯榔里,新北市 平溪區 薯榔里,121.71462106319524,25.017219075294598,359.97418884548784,564.7730605617694,204.79887171628155,38.04012192981911,住宅面積分配,residential_support,2,./?city=all&lat=25.017219075294598&layer=walking&lon=121.71462106319524&tab=map#explorer,代表點所在里與網格相交里只提供位置線索，不表示整里都存在服務缺口；人口是網格配置估計，並非官方里人口。此處是待實地核對的候選清冊。
65000:250:11072:1289,cell:65000:250:11072:1289,新北市,平溪區,新北市 平溪區 薯榔里,新北市 平溪區 白石里；新北市 平溪區 薯榔里,121.71711104416043,25.019464062480825,367.565881780531,709.7652021146224,342.1993203340914,23.5155522704216,住宅面積分配,residential_support,2,./?city=all&lat=25.019464062480825&layer=walking&lon=121.71711104416043&tab=map#explorer,代表點所在里與網格相交里只提供位置線索，不表示整里都存在服務缺口；人口是網格配置估計，並非官方里人口。此處是待實地核對的候選清冊。
65000:250:11072:1291,cell:65000:250:11072:1291,新北市,平溪區,新北市 平溪區 白石里,新北市 平溪區 白石里,121.72206486986774,25.019440085575013,366.4034135295482,615.0711788283087,248.66776529876051,4.665442974989987,住宅面積分配,residential_support,1,./?city=all&lat=25.019440085575013&layer=walking&lon=121.72206486986774&tab=map#explorer,代表點所在里與網格相交里只提供位置線索，不表示整里都存在服務缺口；人口是網格配置估計，並非官方里人口。此處是待實地核對的候選清冊。
65000:250:11073:1290,cell:65000:250:11073:1290,新北市,平溪區,新北市 平溪區 薯榔里,新北市 平溪區 白石里；新北市 平溪區 薯榔里,121.71960111568347,25.02170900527091,157.13302216189018,536.3349682958993,379.2019461340092,69.80343023740892,住宅面積分配,residential_support,5,./?city=all&lat=25.02170900527091&layer=walking&lon=121.71960111568347&tab=map#explorer,代表點所在里與網格相交里只提供位置線索，不表示整里都存在服務缺口；人口是網格配置估計，並非官方里人口。此處是待實地核對的候選清冊。
65000:250:11075:1293,cell:65000:250:11075:1293,新北市,平溪區,新北市 平溪區 石底里,新北市 平溪區 石底里；新北市 平溪區 菁桐里,121.72705857516439,25.026186662299445,483.0132097383323,779.7797746538135,296.76656491548124,5.079284519943039,住宅面積分配,residential_support,4,./?city=all&lat=25.026186662299445&layer=walking&lon=121.72705857516439&tab=map#explorer,代表點所在里與網格相交里只提供位置線索，不表示整里都存在服務缺口；人口是網格配置估計，並非官方里人口。此處是待實地核對的候選清冊。
65000:250:11075:1294,cell:65000:250:11075:1294,新北市,平溪區,新北市 平溪區 石底里,新北市 平溪區 石底里,121.7295356182745,25.026174525716584,496.1776272202699,758.7024022898265,262.5247750695566,10.690537468838594,住宅面積分配,residential_support,5,./?city=all&lat=25.026174525716584&layer=walking&lon=121.7295356182745&tab=map#explorer,代表點所在里與網格相交里只提供位置線索，不表示整里都存在服務缺口；人口是網格配置估計，並非官方里人口。此處是待實地核對的候選清冊。
65000:250:11075:1295,cell:65000:250:11075:1295,新北市,平溪區,新北市 平溪區 石底里,新北市 平溪區 石底里,121.73201265977076,25.02616234786319,459.80172297176523,762.2710540736721,302.46933110190685,6.923155191430748,住宅面積分配,residential_support,4,./?city=all&lat=25.02616234786319&layer=walking&lon=121.73201265977076&tab=map#explorer,代表點所在里與網格相交里只提供位置線索，不表示整里都存在服務缺口；人口是網格配置估計，並非官方里人口。此處是待實地核對的候選清冊。
65000:250:11076:1297,cell:65000:250:11076:1297,新北市,平溪區,新北市 平溪區 平溪里,新北市 平溪區 平溪里,121.73698021763151,25.02839476818814,186.13664505992685,562.5553294984533,376.4186844385264,83.6748633589724,住宅面積分配,residential_support,5,./?city=all&lat=25.02839476818814&layer=walking&lon=121.73698021763151&tab=map#explorer,代表點所在里與網格相交里只提供位置線索，不表示整里都存在服務缺口；人口是網格配置估計，並非官方里人口。此處是待實地核對的候選清冊。
65000:250:11076:1298,cell:65000:250:11076:1298,新北市,平溪區,新北市 平溪區 嶺腳里,新北市 平溪區 嶺腳里；新北市 平溪區 平溪里,121.73945729955041,25.028382465264595,260.1215228174618,861.992471846857,601.8709490293952,12.862292761311828,住宅面積分配,residential_support,3,./?city=all&lat=25.028382465264595&layer=walking&lon=121.73945729955041&tab=map#explorer,代表點所在里與網格相交里只提供位置線索，不表示整里都存在服務缺口；人口是網格配置估計，並非官方里人口。此處是待實地核對的候選清冊。
65000:250:11077:1297,cell:65000:250:11077:1297,新北市,平溪區,新北市 平溪區 平溪里,新北市 平溪區 嶺腳里；新北市 平溪區 平溪里,121.73699369899361,25.030651667339008,257.2289187097153,611.8803474760091,354.6514287662938,2.6208378450456835,面積均分代理,uniform_proxy,3,./?city=all&lat=25.030651667339008&layer=walking&lon=121.73699369899361&tab=map#explorer,代表點所在里與網格相交里只提供位置線索，不表示整里都存在服務缺口；人口是網格配置估計，並非官方里人口。此處是待實地核對的候選清冊。
65000:250:11077:1305,cell:65000:250:11077:1305,新北市,平溪區,新北市 平溪區 望古里,新北市 平溪區 望古里,121.75681067064941,25.0305520780833,224.22021338556664,846.6709086310625,622.4506952454958,22.488360415000752,面積均分代理,uniform_proxy,3,./?city=all&lat=25.0305520780833&layer=walking&lon=121.75681067064941&tab=map#explorer,代表點所在里與網格相交里只提供位置線索，不表示整里都存在服務缺口；人口是網格配置估計，並非官方里人口。此處是待實地核對的候選清冊。
65000:250:11077:1306,cell:65000:250:11077:1306,新北市,平溪區,新北市 平溪區 望古里,新北市 平溪區 望古里,121.75928778462927,25.030539443675107,192.8084931770219,824.3525821220528,631.5440889450309,2.2226770534114544,面積均分代理,uniform_proxy,1,./?city=all&lat=25.030539443675107&layer=walking&lon=121.75928778462927&tab=map#explorer,代表點所在里與網格相交里只提供位置線索，不表示整里都存在服務缺口；人口是網格配置估計，並非官方里人口。此處是待實地核對的候選清冊。
65000:250:11078:1305,cell:65000:250:11078:1305,新北市,平溪區,新北市 平溪區 望古里,新北市 平溪區 望古里,121.75682451610201,25.032808966349577,208.78417526864814,821.7221078525743,612.9379325839261,7.939167312464585,住宅面積分配,residential_support,2,./?city=all&lat=25.032808966349577&layer=walking&lon=121.75682451610201&tab=map#explorer,代表點所在里與網格相交里只提供位置線索，不表示整里都存在服務缺口；人口是網格配置估計，並非官方里人口。此處是待實地核對的候選清冊。
65000:250:11078:1306,cell:65000:250:11078:1306,新北市,平溪區,新北市 平溪區 望古里,新北市 平溪區 望古里,121.7593016753888,25.03279633064831,193.43607684946417,810.8897604702157,617.4536836207516,27.09635032845389,面積均分代理,uniform_proxy,2,./?city=all&lat=25.03279633064831&layer=walking&lon=121.7593016753888&tab=map#explorer,代表點所在里與網格相交里只提供位置線索，不表示整里都存在服務缺口；人口是網格配置估計，並非官方里人口。此處是待實地核對的候選清冊。
65000:250:11081:1312,cell:65000:250:11081:1312,新北市,平溪區,新北市 平溪區 十分里,新北市 平溪區 十分里；新北市 平溪區 南山里,121.7742070937101,25.039490282745476,226.5835254981737,1110.0397721035363,883.4562466053626,74.66739401991839,面積均分代理,uniform_proxy,5,./?city=all&lat=25.039490282745476&layer=walking&lon=121.7742070937101&tab=map#explorer,代表點所在里與網格相交里只提供位置線索，不表示整里都存在服務缺口；人口是網格配置估計，並非官方里人口。此處是待實地核對的候選清冊。
65000:250:11082:1312,cell:65000:250:11082:1312,新北市,平溪區,新北市 平溪區 十分里,新北市 平溪區 十分里,121.7742212631604,25.041747159100005,199.90906866087838,969.2243324177291,769.3152637568508,117.07894249197773,住宅面積分配,residential_support,3,./?city=all&lat=25.041747159100005&layer=walking&lon=121.7742212631604&tab=map#explorer,代表點所在里與網格相交里只提供位置線索，不表示整里都存在服務缺口；人口是網格配置估計，並非官方里人口。此處是待實地核對的候選清冊。
65000:250:11082:1313,cell:65000:250:11082:1313,新北市,平溪區,新北市 平溪區 十分里,新北市 平溪區 十分里；新北市 平溪區 南山里,121.7766985918509,25.04173422913662,126.45846269330463,634.8978760939344,508.4394134006298,181.35007184736617,面積均分代理,uniform_proxy,1,./?city=all&lat=25.04173422913662&layer=walking&lon=121.7766985918509&tab=map#explorer,代表點所在里與網格相交里只提供位置線索，不表示整里都存在服務缺口；人口是網格配置估計，並非官方里人口。此處是待實地核對的候選清冊。
65000:250:11083:1312,cell:65000:250:11083:1312,新北市,平溪區,新北市 平溪區 十分里,新北市 平溪區 十分里,121.77423543432411,25.04400403476154,220.06337044982132,658.2122751832263,438.148904733405,1.1004072493174717,住宅面積分配,residential_support,2,./?city=all&lat=25.04400403476154&layer=walking&lon=121.77423543432411&tab=map#explorer,代表點所在里與網格相交里只提供位置線索，不表示整里都存在服務缺口；人口是網格配置估計，並非官方里人口。此處是待實地核對的候選清冊。
65000:250:11083:1316,cell:65000:250:11083:1316,新北市,平溪區,新北市 平溪區 南山里,新北市 平溪區 南山里,121.78414492008343,25.043952061803367,353.19708639612674,635.2918903623363,282.09480396620955,54.154913656648425,住宅面積分配,residential_support,3,./?city=all&lat=25.043952061803367&layer=walking&lon=121.78414492008343&tab=map#explorer,代表點所在里與網格相交里只提供位置線索，不表示整里都存在服務缺口；人口是網格配置估計，並非官方里人口。此處是待實地核對的候選清冊。
65000:250:11084:1316,cell:65000:250:11084:1316,新北市,平溪區,新北市 平溪區 南山里,新北市 平溪區 十分里；新北市 平溪區 南山里,121.78415927431514,25.046208931454803,296.1739017003248,673.4400130341573,377.26611133383255,49.70916950329645,住宅面積分配,residential_support,4,./?city=all&lat=25.046208931454803&layer=walking&lon=121.78415927431514&tab=map#explorer,代表點所在里與網格相交里只提供位置線索，不表示整里都存在服務缺口；人口是網格配置估計，並非官方里人口。此處是待實地核對的候選清冊。
65000:250:11085:1317,cell:65000:250:11085:1317,新北市,平溪區,新北市 平溪區 南山里,新北市 平溪區 南山里；新北市 平溪區 新寮里,121.7866510880794,25.048452701238638,277.3445060260183,537.3875200018439,260.0430139758256,44.135916840064816,住宅面積分配,residential_support,2,./?city=all&lat=25.048452701238638&layer=walking&lon=121.7866510880794&tab=map#explorer,代表點所在里與網格相交里只提供位置線索，不表示整里都存在服務缺口；人口是網格配置估計，並非官方里人口。此處是待實地核對的候選清冊。
65000:250:11088:1316,cell:65000:250:11088:1316,新北市,平溪區,新北市 平溪區 新寮里,新北市 平溪區 新寮里,121.78421670859937,25.055236403127306,470.7354244648251,845.7681310849874,375.03270662016234,25.6555344269296,住宅面積分配,residential_support,2,./?city=all&lat=25.055236403127306&layer=walking&lon=121.78421670859937&tab=map#explorer,代表點所在里與網格相交里只提供位置線索，不表示整里都存在服務缺口；人口是網格配置估計，並非官方里人口。此處是待實地核對的候選清冊。
65000:250:11089:1319,cell:65000:250:11089:1319,新北市,平溪區,新北市 平溪區 新寮里,新北市 平溪區 新寮里,121.79166398395998,25.057453831727628,470.66839817698775,621.8837312537353,151.21533307674753,4.975151217340179,住宅面積分配,residential_support,1,./?city=all&lat=25.057453831727628&layer=walking&lon=121.79166398395998&tab=map#explorer,代表點所在里與網格相交里只提供位置線索，不表示整里都存在服務缺口；人口是網格配置估計，並非官方里人口。此處是待實地核對的候選清冊。
65000:250:11023:1220,cell:65000:250:11023:1220,新北市,新店區,新北市 新店區 龜山里,新北市 新店區 廣興里；新北市 新店區 龜山里,121.54571254383077,24.909597032161905,347.40327219180847,1178.777545838018,831.3742736462096,86.21961478668149,住宅面積分配,residential_support,1,./?city=all&lat=24.909597032161905&layer=walking&lon=121.54571254383077&tab=map#explorer,代表點所在里與網格相交里只提供位置線索，不表示整里都存在服務缺口；人口是網格配置估計，並非官方里人口。此處是待實地核對的候選清冊。
65000:250:11029:1205,cell:65000:250:11029:1205,新北市,新店區,新北市 新店區 塗潭里,新北市 新店區 塗潭里；新北市 新店區 華城里,121.5086459736226,24.923270420875845,487.06637757886705,1177.0695947195138,690.0032171406467,110.25798315909587,住宅面積分配,residential_support,1,./?city=all&lat=24.923270420875845&layer=walking&lon=121.5086459736226&tab=map#explorer,代表點所在里與網格相交里只提供位置線索，不表示整里都存在服務缺口；人口是網格配置估計，並非官方里人口。此處是待實地核對的候選清冊。
65000:250:11029:1206,cell:65000:250:11029:1206,新北市,新店區,新北市 新店區 華城里,新北市 新店區 塗潭里；新北市 新店區 華城里,121.51112105908267,24.923261956481458,343.66924892525543,1080.4022779180286,736.7330289927731,32.90733141257232,住宅面積分配,residential_support,1,./?city=all&lat=24.923261956481458&layer=walking&lon=121.51112105908267&tab=map#explorer,代表點所在里與網格相交里只提供位置線索，不表示整里都存在服務缺口；人口是網格配置估計，並非官方里人口。此處是待實地核對的候選清冊。
65000:250:11030:1206,cell:65000:250:11030:1206,新北市,新店區,新北市 新店區 塗潭里,新北市 新店區 塗潭里；新北市 新店區 華城里,121.51113036433014,24.925518984852687,425.84138671037744,1195.2877698533573,769.4463831429798,3.283701205184483,住宅面積分配,residential_support,1,./?city=all&lat=24.925518984852687&layer=walking&lon=121.51113036433014&tab=map#explorer,代表點所在里與網格相交里只提供位置線索，不表示整里都存在服務缺口；人口是網格配置估計，並非官方里人口。此處是待實地核對的候選清冊。
65000:250:11032:1223,cell:65000:250:11032:1223,新北市,新店區,新北市 新店區 粗坑里,新北市 新店區 粗坑里,121.55322755212886,24.9298828127443,311.9924908814513,817.7123504411641,505.71985955971275,125.39687210362504,面積均分代理,uniform_proxy,1,./?city=all&lat=24.9298828127443&layer=walking&lon=121.55322755212886&tab=map#explorer,代表點所在里與網格相交里只提供位置線索，不表示整里都存在服務缺口；人口是網格配置估計，並非官方里人口。此處是待實地核對的候選清冊。
65000:250:11033:1221,cell:65000:250:11033:1221,新北市,新店區,新北市 新店區 粗坑里,新北市 新店區 粗坑里,121.54828713415777,24.93215811569301,188.50174521538315,1049.6960677866746,861.1943225712914,61.55912445089374,面積均分代理,uniform_proxy,1,./?city=all&lat=24.93215811569301&layer=walking&lon=121.54828713415777&tab=map#explorer,代表點所在里與網格相交里只提供位置線索，不表示整里都存在服務缺口；人口是網格配置估計，並非官方里人口。此處是待實地核對的候選清冊。
65000:250:11033:1222,cell:65000:250:11033:1222,新北市,新店區,新北市 新店區 粗坑里,新北市 新店區 粗坑里,121.55076238117091,24.93214899021354,221.53442385209428,791.8217221071167,570.2872982550224,189.02576689242358,面積均分代理,uniform_proxy,1,./?city=all&lat=24.93214899021354&layer=walking&lon=121.55076238117091&tab=map#explorer,代表點所在里與網格相交里只提供位置線索，不表示整里都存在服務缺口；人口是網格配置估計，並非官方里人口。此處是待實地核對的候選清冊。
65000:250:11033:1225,cell:65000:250:11033:1225,新北市,新店區,新北市 新店區 粗坑里,新北市 新店區 粗坑里,121.55818811489674,24.93212136717618,460.17971885089247,506.0971181400575,45.91739928916502,104.50543902942088,住宅面積分配,residential_support,1,./?city=all&lat=24.93212136717618&layer=walking&lon=121.55818811489674&tab=map#explorer,代表點所在里與網格相交里只提供位置線索，不表示整里都存在服務缺口；人口是網格配置估計，並非官方里人口。此處是待實地核對的候選清冊。
65000:250:11034:1221,cell:65000:250:11034:1221,新北市,新店區,新北市 新店區 粗坑里,新北市 新店區 粗坑里,121.54829712006666,24.93441512777339,261.9421312806728,564.2849003371867,302.34276905651393,294.83597244066107,住宅面積分配,residential_support,1,./?city=all&lat=24.93441512777339&layer=walking&lon=121.54829712006666&tab=map#explorer,代表點所在里與網格相交里只提供位置線索，不表示整里都存在服務缺口；人口是網格配置估計，並非官方里人口。此處是待實地核對的候選清冊。
65000:250:11034:1223,cell:65000:250:11034:1223,新北市,新店區,新北市 新店區 粗坑里,新北市 新店區 粗坑里,121.55324770302941,24.934396833836903,195.216466888056,547.1813642684158,351.9648973803598,383.15796822898244,住宅面積分配,residential_support,1,./?city=all&lat=24.934396833836903&layer=walking&lon=121.55324770302941&tab=map#explorer,代表點所在里與網格相交里只提供位置線索，不表示整里都存在服務缺口；人口是網格配置估計，並非官方里人口。此處是待實地核對的候選清冊。
65000:250:11037:1192,cell:65000:250:11037:1192,新北市,新店區,新北市 新店區 日興里,新北市 新店區 日興里,121.47653918764695,24.941433021330806,234.53483327791605,658.4712856014795,423.93645232356346,0.3624516443006012,住宅面積分配,residential_support,1,./?city=all&lat=24.941433021330806&layer=walking&lon=121.47653918764695&tab=map#explorer,代表點所在里與網格相交里只提供位置線索，不表示整里都存在服務缺口；人口是網格配置估計，並非官方里人口。此處是待實地核對的候選清冊。
65000:250:11037:1193,cell:65000:250:11037:1193,新北市,新店區,新北市 新店區 日興里,新北市 新店區 日興里,121.47901464787509,24.94142508452297,385.0580072001231,830.3031273164106,445.2451201162875,515.8408784066748,住宅面積分配,residential_support,1,./?city=all&lat=24.94142508452297&layer=walking&lon=121.47901464787509&tab=map#explorer,代表點所在里與網格相交里只提供位置線索，不表示整里都存在服務缺口；人口是網格配置估計，並非官方里人口。此處是待實地核對的候選清冊。
65000:250:11038:1194,cell:65000:250:11038:1194,新北市,新店區,新北市 新店區 日興里,新北市 新店區 日興里；新北市 新店區 雙城里,121.48149888012003,24.943674139627866,322.3960640467665,608.593980039187,286.1979159924205,281.52233216334446,住宅面積分配,residential_support,2,./?city=all&lat=24.943674139627866&layer=walking&lon=121.48149888012003&tab=map#explorer,代表點所在里與網格相交里只提供位置線索，不表示整里都存在服務缺口；人口是網格配置估計，並非官方里人口。此處是待實地核對的候選清冊。
65000:250:11038:1216,cell:65000:250:11038:1216,新北市,新店區,新北市 新店區 直潭里,新北市 新店區 直潭里,121.53595969551995,24.943488203222664,322.37140156795283,591.575580551037,269.20417898308415,49.61486828633256,住宅面積分配,residential_support,1,./?city=all&lat=24.943488203222664&layer=walking&lon=121.53595969551995&tab=map#explorer,代表點所在里與網格相交里只提供位置線索，不表示整里都存在服務缺口；人口是網格配置估計，並非官方里人口。此處是待實地核對的候選清冊。
65000:250:11039:1194,cell:65000:250:11039:1194,新北市,新店區,新北市 新店區 日興里,新北市 新店區 日興里；新北市 新店區 雙城里,121.48150765425692,24.945931171972997,293.61142194159373,542.6361819296031,249.0247599880094,234.52701197743832,住宅面積分配,residential_support,2,./?city=all&lat=24.945931171972997&layer=walking&lon=121.48150765425692&tab=map#explorer,代表點所在里與網格相交里只提供位置線索，不表示整里都存在服務缺口；人口是網格配置估計，並非官方里人口。此處是待實地核對的候選清冊。
65000:250:11040:1211,cell:65000:250:11040:1211,新北市,新店區,新北市 新店區 下城里,新北市 新店區 下城里；新北市 新店區 塗潭里；新北市 新店區 華城里,121.52360136866187,24.948046244061302,440.51681235819103,1411.7559341698177,971.2391218116267,2.9665301116272262,住宅面積分配,residential_support,1,./?city=all&lat=24.948046244061302&layer=walking&lon=121.52360136866187&tab=map#explorer,代表點所在里與網格相交里只提供位置線索，不表示整里都存在服務缺口；人口是網格配置估計，並非官方里人口。此處是待實地核對的候選清冊。
65000:250:11040:1212,cell:65000:250:11040:1212,新北市,新店區,新北市 新店區 塗潭里,新北市 新店區 塗潭里；新北市 新店區 美城里；新北市 新店區 華城里,121.52607694318044,24.948037523322466,351.0591668681677,1505.8550869780497,1154.795920109882,0.01074766800568533,住宅面積分配,residential_support,2,./?city=all&lat=24.948037523322466&layer=walking&lon=121.52607694318044&tab=map#explorer,代表點所在里與網格相交里只提供位置線索，不表示整里都存在服務缺口；人口是網格配置估計，並非官方里人口。此處是待實地核對的候選清冊。
65000:250:11041:1205,cell:65000:250:11041:1205,新北市,新店區,新北市 新店區 公崙里,新北市 新店區 公崙里；新北市 新店區 德安里,121.50875717000928,24.950354726442985,410.25347672353433,599.2311591303852,188.97768240685087,82.1085324224374,面積均分代理,uniform_proxy,1,./?city=all&lat=24.950354726442985&layer=walking&lon=121.50875717000928&tab=map#explorer,代表點所在里與網格相交里只提供位置線索，不表示整里都存在服務缺口；人口是網格配置估計，並非官方里人口。此處是待實地核對的候選清冊。
65000:250:11041:1211,cell:65000:250:11041:1211,新北市,新店區,新北市 新店區 下城里,新北市 新店區 下城里；新北市 新店區 華城里,121.52361091189537,24.95030326046808,473.8208642921225,808.083839737744,334.2629754456215,78.74607478500566,住宅面積分配,residential_support,1,./?city=all&lat=24.95030326046808&layer=walking&lon=121.52361091189537&tab=map#explorer,代表點所在里與網格相交里只提供位置線索，不表示整里都存在服務缺口；人口是網格配置估計，並非官方里人口。此處是待實地核對的候選清冊。
65000:250:11041:1212,cell:65000:250:11041:1212,新北市,新店區,新北市 新店區 華城里,新北市 新店區 下城里；新北市 新店區 塗潭里；新北市 新店區 美城里；新北市 新店區 華城里,121.52608653152905,24.950294538834484,439.9906360409083,793.781357704616,353.79072166370764,1.2522551661463366,住宅面積分配,residential_support,2,./?city=all&lat=24.950294538834484&layer=walking&lon=121.52608653152905&tab=map#explorer,代表點所在里與網格相交里只提供位置線索，不表示整里都存在服務缺口；人口是網格配置估計，並非官方里人口。此處是待實地核對的候選清冊。
65000:250:11041:1224,cell:65000:250:11041:1224,新北市,新店區,新北市 新店區 青潭里,新北市 新店區 員潭里；新北市 新店區 青潭里,121.55579387497924,24.950186670769718,267.5958220780038,601.2728353909149,333.67701331291113,112.74160158578269,面積均分代理,uniform_proxy,1,./?city=all&lat=24.950186670769718&layer=walking&lon=121.55579387497924&tab=map#explorer,代表點所在里與網格相交里只提供位置線索，不表示整里都存在服務缺口；人口是網格配置估計，並非官方里人口。此處是待實地核對的候選清冊。
65000:250:11042:1206,cell:65000:250:11042:1206,新北市,新店區,新北市 新店區 公崙里,新北市 新店區 下城里；新北市 新店區 公崙里,121.51124211528195,24.952603271747645,378.4065152003598,2381.7419744864033,2003.3354592860435,22.4239811090787,住宅面積分配,residential_support,2,./?city=all&lat=24.952603271747645&layer=walking&lon=121.51124211528195&tab=map#explorer,代表點所在里與網格相交里只提供位置線索，不表示整里都存在服務缺口；人口是網格配置估計，並非官方里人口。此處是待實地核對的候選清冊。
65000:250:11042:1207,cell:65000:250:11042:1207,新北市,新店區,新北市 新店區 下城里,新北市 新店區 下城里；新北市 新店區 公崙里,121.51371778576186,24.95259475491351,463.187697393555,2178.2511034390204,1715.0634060454654,495.35856151087484,住宅面積分配,residential_support,1,./?city=all&lat=24.95259475491351&layer=walking&lon=121.51371778576186&tab=map#explorer,代表點所在里與網格相交里只提供位置線索，不表示整里都存在服務缺口；人口是網格配置估計，並非官方里人口。此處是待實地核對的候選清冊。
65000:250:11042:1210,cell:65000:250:11042:1210,新北市,新店區,新北市 新店區 下城里,新北市 新店區 下城里,121.52114479037449,24.952568957577395,475.74651728731357,1277.84702908197,802.1005117946565,68.81711810232953,面積均分代理,uniform_proxy,2,./?city=all&lat=24.952568957577395&layer=walking&lon=121.52114479037449&tab=map#explorer,代表點所在里與網格相交里只提供位置線索，不表示整里都存在服務缺口；人口是網格配置估計，並非官方里人口。此處是待實地核對的候選清冊。
65000:250:11042:1211,cell:65000:250:11042:1211,新北市,新店區,新北市 新店區 下城里,新北市 新店區 下城里；新北市 新店區 華城里,121.52362045628483,24.952560276187704,483.87385961860963,1296.4428682556709,812.5690086370612,57.231938822424674,住宅面積分配,residential_support,3,./?city=all&lat=24.952560276187704&layer=walking&lon=121.52362045628483&tab=map#explorer,代表點所在里與網格相交里只提供位置線索，不表示整里都存在服務缺口；人口是網格配置估計，並非官方里人口。此處是待實地核對的候選清冊。
65000:250:11043:1207,cell:65000:250:11043:1207,新北市,新店區,新北市 新店區 下城里,新北市 新店區 下城里；新北市 新店區 公崙里,121.51372715080227,24.954851773483014,436.2535798321674,2020.773464575186,1584.5198847430186,282.7467676149432,住宅面積分配,residential_support,1,./?city=all&lat=24.954851773483014&layer=walking&lon=121.51372715080227&tab=map#explorer,代表點所在里與網格相交里只提供位置線索，不表示整里都存在服務缺口；人口是網格配置估計，並非官方里人口。此處是待實地核對的候選清冊。
65000:250:11043:1211,cell:65000:250:11043:1211,新北市,新店區,新北市 新店區 下城里,新北市 新店區 下城里,121.52363000183034,24.954817291220134,197.36322951626124,805.6280494239875,608.2648199077262,149.50111976862183,面積均分代理,uniform_proxy,1,./?city=all&lat=24.954817291220134&layer=walking&lon=121.52363000183034&tab=map#explorer,代表點所在里與網格相交里只提供位置線索，不表示整里都存在服務缺口；人口是網格配置估計，並非官方里人口。此處是待實地核對的候選清冊。
65000:250:11045:1191,cell:65000:250:11045:1191,新北市,新店區,新北市 新店區 香坡里,新北市 土城區 清化里；新北市 新店區 香坡里,121.4741328578544,24.959497181598337,204.53826100172867,1227.8711648011756,1023.332903799447,733.9152631038136,住宅面積分配,residential_support,2,./?city=all&lat=24.959497181598337&layer=walking&lon=121.4741328578544&tab=map#explorer,代表點所在里與網格相交里只提供位置線索，不表示整里都存在服務缺口；人口是網格配置估計，並非官方里人口。此處是待實地核對的候選清冊。
65000:250:11045:1244,cell:65000:250:11045:1244,新北市,新店區,新北市 新店區 雙坑里,新北市 新店區 雙坑里,121.60534985804813,24.959021659746305,335.5444331068915,1025.7130898375808,690.1686567306892,109.00000000000003,住宅面積分配,residential_support,2,./?city=all&lat=24.959021659746305&layer=walking&lon=121.60534985804813&tab=map#explorer,代表點所在里與網格相交里只提供位置線索，不表示整里都存在服務缺口；人口是網格配置估計，並非官方里人口。此處是待實地核對的候選清冊。
65000:250:11046:1193,cell:65000:250:11046:1193,新北市,新店區,新北市 新店區 香坡里,新北市 新店區 香坡里,121.47909323771049,24.961738364459233,129.06811038308385,581.2995873928406,452.23147700975676,593.197023855548,面積均分代理,uniform_proxy,4,./?city=all&lat=24.961738364459233&layer=walking&lon=121.47909323771049&tab=map#explorer,代表點所在里與網格相交里只提供位置線索，不表示整里都存在服務缺口；人口是網格配置估計，並非官方里人口。此處是待實地核對的候選清冊。
65000:250:11046:1195,cell:65000:250:11046:1195,新北市,新店區,新北市 新店區 香坡里,新北市 新店區 香坡里,121.48404496718794,24.96172235271008,82.421160878897,518.5832605618546,436.16209968295755,3.7023241081477893,面積均分代理,uniform_proxy,1,./?city=all&lat=24.96172235271008&layer=walking&lon=121.48404496718794&tab=map#explorer,代表點所在里與網格相交里只提供位置線索，不表示整里都存在服務缺口；人口是網格配置估計，並非官方里人口。此處是待實地核對的候選清冊。
65000:250:11049:1212,cell:65000:250:11049:1212,新北市,新店區,新北市 新店區 頂城里,新北市 新店區 下城里；新北市 新店區 安和里；新北市 新店區 頂城里,121.52616328013714,24.96835063818817,498.42801703582677,706.5128923312511,208.08487529542435,92.99095239559819,住宅面積分配,residential_support,1,./?city=all&lat=24.96835063818817&layer=walking&lon=121.52616328013714&tab=map#explorer,代表點所在里與網格相交里只提供位置線索，不表示整里都存在服務缺口；人口是網格配置估計，並非官方里人口。此處是待實地核對的候選清冊。
65000:250:11049:1213,cell:65000:250:11049:1213,新北市,新店區,新北市 新店區 頂城里,新北市 新店區 福民里；新北市 新店區 頂城里,121.52863925972635,24.968341868227206,429.4150470523782,889.8859545225603,460.47090747018206,112.57009502373081,住宅面積分配,residential_support,1,./?city=all&lat=24.968341868227206&layer=walking&lon=121.52863925972635&tab=map#explorer,代表點所在里與網格相交里只提供位置線索，不表示整里都存在服務缺口；人口是網格配置估計，並非官方里人口。此處是待實地核對的候選清冊。
65000:250:11053:1206,cell:65000:250:11053:1206,新北市,新店區,新北市 新店區 安和里,新北市 中和區 華新里；新北市 新店區 安和里,121.51134469643502,24.977430447825753,397.6906179900345,679.438030367547,281.74741237751243,652.8626795027343,面積均分代理,uniform_proxy,1,./?city=all&lat=24.977430447825753&layer=walking&lon=121.51134469643502&tab=map#explorer,代表點所在里與網格相交里只提供位置線索，不表示整里都存在服務缺口；人口是網格配置估計，並非官方里人口。此處是待實地核對的候選清冊。
65000:250:11053:1207,cell:65000:250:11053:1207,新北市,新店區,新北市 新店區 安和里,新北市 新店區 安和里,121.5138208636071,24.977421921379005,363.8517708661166,575.0079034163268,211.1561325502102,172.41054937464565,面積均分代理,uniform_proxy,2,./?city=all&lat=24.977421921379005&layer=walking&lon=121.5138208636071&tab=map#explorer,代表點所在里與網格相交里只提供位置線索，不表示整里都存在服務缺口；人口是網格配置估計，並非官方里人口。此處是待實地核對的候選清冊。
65000:250:11053:1211,cell:65000:250:11053:1211,新北市,新店區,新北市 新店區 中山里,新北市 新店區 中央里；新北市 新店區 中山里,121.52372552088882,24.977387403738444,75.59459973132225,705.786134236151,630.1915345048288,1817.3292640906718,住宅面積分配,residential_support,1,./?city=all&lat=24.977387403738444&layer=walking&lon=121.52372552088882&tab=map#explorer,代表點所在里與網格相交里只提供位置線索，不表示整里都存在服務缺口；人口是網格配置估計，並非官方里人口。此處是待實地核對的候選清冊。
65000:250:11053:1213,cell:65000:250:11053:1213,新北市,新店區,新北市 新店區 中山里,新北市 新店區 中央里；新北市 新店區 中山里,121.52867784260914,24.97736989780709,97.67047024495274,510.50667976695564,412.8362095220029,845.5159866219984,住宅面積分配,residential_support,2,./?city=all&lat=24.97736989780709&layer=walking&lon=121.52867784260914&tab=map#explorer,代表點所在里與網格相交里只提供位置線索，不表示整里都存在服務缺口；人口是網格配置估計，並非官方里人口。此處是待實地核對的候選清冊。
65000:250:11056:1214,cell:65000:250:11056:1214,新北市,新店區,新北市 新店區 復興里,新北市 新店區 中山里；新北市 新店區 復興里,121.53118308672033,24.984132095316518,276.04044660318795,786.7516914270266,510.7112448238386,232.47423492986826,面積均分代理,uniform_proxy,1,./?city=all&lat=24.984132095316518&layer=walking&lon=121.53118308672033&tab=map#explorer,代表點所在里與網格相交里只提供位置線索，不表示整里都存在服務缺口；人口是網格配置估計，並非官方里人口。此處是待實地核對的候選清冊。
65000:250:11070:1173,cell:65000:250:11070:1173,新北市,新莊區,新北市 新莊區 西盛里,新北市 新莊區 光榮里；新北市 新莊區 民有里；新北市 新莊區 西盛里,121.42976400705321,25.016058273752193,248.6760402608007,530.0120364895852,281.33599622878444,1303.058367087445,面積均分代理,uniform_proxy,5,./?city=all&lat=25.016058273752193&layer=walking&lon=121.42976400705321&tab=map#explorer,代表點所在里與網格相交里只提供位置線索，不表示整里都存在服務缺口；人口是網格配置估計，並非官方里人口。此處是待實地核對的候選清冊。
65000:250:11075:1176,cell:65000:250:11075:1176,新北市,新莊區,新北市 新莊區 建安里,新北市 新莊區 國泰里；新北市 新莊區 建安里；新北市 新莊區 瓊林里；新北市 新莊區 福營里,121.43723489105665,25.027321726055494,314.65693485062087,670.0062496002445,355.3493147496236,125.73457349116745,面積均分代理,uniform_proxy,1,./?city=all&lat=25.027321726055494&layer=walking&lon=121.43723489105665&tab=map#explorer,代表點所在里與網格相交里只提供位置線索，不表示整里都存在服務缺口；人口是網格配置估計，並非官方里人口。此處是待實地核對的候選清冊。
65000:250:11057:1175,cell:65000:250:11057:1175,新北市,板橋區,新北市 板橋區 堂春里,新北市 板橋區 堂春里；新北市 板橋區 溪福里,121.43461471267918,24.98670248273133,301.5379778084382,543.4633383166785,241.92536050824026,61.253417091703284,住宅面積分配,residential_support,1,./?city=all&lat=24.98670248273133&layer=walking&lon=121.43461471267918&tab=map#explorer,代表點所在里與網格相交里只提供位置線索，不表示整里都存在服務缺口；人口是網格配置估計，並非官方里人口。此處是待實地核對的候選清冊。
65000:250:11062:1175,cell:65000:250:11062:1175,新北市,板橋區,新北市 板橋區 成和里,新北市 板橋區 成和里,121.43465439902836,24.997987646549216,386.87683678992227,500.1895996321259,113.31276284220365,280.6755239060727,住宅面積分配,residential_support,1,./?city=all&lat=24.997987646549216&layer=walking&lon=121.43465439902836&tab=map#explorer,代表點所在里與網格相交里只提供位置線索，不表示整里都存在服務缺口；人口是網格配置估計，並非官方里人口。此處是待實地核對的候選清冊。
65000:250:11092:1145,cell:65000:250:11092:1145,新北市,林口區,新北市 林口區 新林里,新北市 林口區 新林里,121.36055385861881,25.065980268141566,89.55416811134944,589.0252881438175,499.4711200324681,786.0064410606815,面積均分代理,uniform_proxy,4,./?city=all&lat=25.065980268141566&layer=walking&lon=121.36055385861881&tab=map#explorer,代表點所在里與網格相交里只提供位置線索，不表示整里都存在服務缺口；人口是網格配置估計，並非官方里人口。此處是待實地核對的候選清冊。
65000:250:11093:1145,cell:65000:250:11093:1145,新北市,林口區,新北市 林口區 新林里,新北市 林口區 新林里,121.36056022294707,25.068154429858765,195.49994199849698,686.9051273247628,491.40518532626584,2431.1224140141526,面積均分代理,uniform_proxy,5,./?city=all&lat=25.068154429858765&layer=walking&lon=121.36056022294707&tab=map#explorer,代表點所在里與網格相交里只提供位置線索，不表示整里都存在服務缺口；人口是網格配置估計，並非官方里人口。此處是待實地核對的候選清冊。
65000:250:11093:1153,cell:65000:250:11093:1153,新北市,林口區,新北市 林口區 東勢里,新北市 林口區 東勢里,121.38038450413252,25.068104962334672,255.8464446098078,501.7808185769047,245.93437396709692,421.4255488849191,面積均分代理,uniform_proxy,3,./?city=all&lat=25.068104962334672&layer=walking&lon=121.38038450413252&tab=map#explorer,代表點所在里與網格相交里只提供位置線索，不表示整里都存在服務缺口；人口是網格配置估計，並非官方里人口。此處是待實地核對的候選清冊。
65000:250:11094:1145,cell:65000:250:11094:1145,新北市,林口區,新北市 林口區 新林里,新北市 林口區 新林里,121.36056683063721,25.070411459600813,212.0063041696068,571.8808198632157,359.87451569360894,1644.2861891890873,面積均分代理,uniform_proxy,5,./?city=all&lat=25.070411459600813&layer=walking&lon=121.36056683063721&tab=map#explorer,代表點所在里與網格相交里只提供位置線索，不表示整里都存在服務缺口；人口是網格配置估計，並非官方里人口。此處是待實地核對的候選清冊。
65000:250:11101:1155,cell:65000:250:11101:1155,新北市,林口區,新北市 林口區 中湖里,新北市 林口區 中湖里；新北市 林口區 菁湖里,121.38539708435708,25.08614834962963,147.15784401585117,516.5458052948044,369.3879612789532,479.8427374056224,面積均分代理,uniform_proxy,4,./?city=all&lat=25.08614834962963&layer=walking&lon=121.38539708435708&tab=map#explorer,代表點所在里與網格相交里只提供位置線索，不表示整里都存在服務缺口；人口是網格配置估計，並非官方里人口。此處是待實地核對的候選清冊。
65000:250:11102:1156,cell:65000:250:11102:1156,新北市,林口區,新北市 林口區 菁湖里,新北市 林口區 中湖里；新北市 林口區 湖北里；新北市 林口區 菁湖里,121.38788259157948,25.08839890929689,210.7723709769642,592.5155405120605,381.7431695350963,46.15356223432451,面積均分代理,uniform_proxy,1,./?city=all&lat=25.08839890929689&layer=walking&lon=121.38788259157948&tab=map#explorer,代表點所在里與網格相交里只提供位置線索，不表示整里都存在服務缺口；人口是網格配置估計，並非官方里人口。此處是待實地核對的候選清冊。
65000:250:11102:1157,cell:65000:250:11102:1157,新北市,林口區,新北市 林口區 湖北里,新北市 八里區 長坑里；新北市 林口區 湖北里；新北市 林口區 菁湖里,121.39036102931948,25.088392409695825,262.4936504543446,636.1622063790434,373.66855592469875,11.821627925615962,面積均分代理,uniform_proxy,1,./?city=all&lat=25.088392409695825&layer=walking&lon=121.39036102931948&tab=map#explorer,代表點所在里與網格相交里只提供位置線索，不表示整里都存在服務缺口；人口是網格配置估計，並非官方里人口。此處是待實地核對的候選清冊。
65000:250:11114:1116,cell:65000:250:11114:1116,新北市,林口區,新北市 林口區 下福里,新北市 林口區 下福里,121.28880803610235,25.115709378265905,400.5096743652556,826.1130597523797,425.60338538712415,33.64816593403942,住宅面積分配,residential_support,1,./?city=all&lat=25.115709378265905&layer=walking&lon=121.28880803610235&tab=map#explorer,代表點所在里與網格相交里只提供位置線索，不表示整里都存在服務缺口；人口是網格配置估計，並非官方里人口。此處是待實地核對的候選清冊。
65000:250:11114:1124,cell:65000:250:11114:1124,新北市,林口區,新北市 林口區 下福里,新北市 林口區 下福里,121.30864012763993,25.11566942036057,181.33113588230438,820.3741374743762,639.0430015920718,287.1656640913425,住宅面積分配,residential_support,1,./?city=all&lat=25.11566942036057&layer=walking&lon=121.30864012763993&tab=map#explorer,代表點所在里與網格相交里只提供位置線索，不表示整里都存在服務缺口；人口是網格配置估計，並非官方里人口。此處是待實地核對的候選清冊。
65000:250:11115:1124,cell:65000:250:11115:1124,新北市,林口區,新北市 林口區 下福里,新北市 林口區 下福里,121.30864579605752,25.117926447646976,222.6361294471744,935.4019119143078,712.7657824671334,120.80209981261311,住宅面積分配,residential_support,1,./?city=all&lat=25.117926447646976&layer=walking&lon=121.30864579605752&tab=map#explorer,代表點所在里與網格相交里只提供位置線索，不表示整里都存在服務缺口；人口是網格配置估計，並非官方里人口。此處是待實地核對的候選清冊。
65000:250:11116:1126,cell:65000:250:11116:1126,新北市,林口區,新北市 林口區 下福里,新北市 林口區 下福里；新北市 林口區 嘉寶里,121.3136096634285,25.120173068161492,303.64564329716416,563.7955101142471,260.14986681708297,15.566972031881136,住宅面積分配,residential_support,3,./?city=all&lat=25.120173068161492&layer=walking&lon=121.3136096634285&tab=map#explorer,代表點所在里與網格相交里只提供位置線索，不表示整里都存在服務缺口；人口是網格配置估計，並非官方里人口。此處是待實地核對的候選清冊。
65000:250:11116:1127,cell:65000:250:11116:1127,新北市,林口區,新北市 林口區 嘉寶里,新北市 林口區 下福里；新北市 林口區 嘉寶里,121.31608876152228,25.120167802934827,177.80994840430654,521.7585238789586,343.9485754746521,151.68590770417396,住宅面積分配,residential_support,1,./?city=all&lat=25.120167802934827&layer=walking&lon=121.31608876152228&tab=map#explorer,代表點所在里與網格相交里只提供位置線索，不表示整里都存在服務缺口；人口是網格配置估計，並非官方里人口。此處是待實地核對的候選清冊。
65000:250:11121:1144,cell:65000:250:11121:1144,新北市,林口區,新北市 林口區 太平里,新北市 林口區 太平里,121.35826622800124,25.13135701701007,208.96586494215234,617.3042859566876,408.3384210145353,6.771356951189124,住宅面積分配,residential_support,2,./?city=all&lat=25.13135701701007&layer=walking&lon=121.35826622800124&tab=map#explorer,代表點所在里與網格相交里只提供位置線索，不表示整里都存在服務缺口；人口是網格配置估計，並非官方里人口。此處是待實地核對的候選清冊。
65000:250:11121:1145,cell:65000:250:11121:1145,新北市,林口區,新北市 林口區 太平里,新北市 林口區 太平里,121.3607455403737,25.131351002504847,249.91442925133055,587.382088856807,337.4676596054764,65.26310119097094,住宅面積分配,residential_support,2,./?city=all&lat=25.131351002504847&layer=walking&lon=121.3607455403737&tab=map#explorer,代表點所在里與網格相交里只提供位置線索，不表示整里都存在服務缺口；人口是網格配置估計，並非官方里人口。此處是待實地核對的候選清冊。
65000:250:11039:1146,cell:65000:250:11039:1146,新北市,樹林區,新北市 樹林區 西園里,新北市 三峽區 龍恩里；新北市 樹林區 西園里；新北市 鶯歌區 南靖里,121.36268018588648,24.946267798295423,370.19631418117206,642.9268824811758,272.7305683000037,73.82286302806627,住宅面積分配,residential_support,2,./?city=all&lat=24.946267798295423&layer=walking&lon=121.36268018588648&tab=map#explorer,代表點所在里與網格相交里只提供位置線索，不表示整里都存在服務缺口；人口是網格配置估計，並非官方里人口。此處是待實地核對的候選清冊。
65000:250:11040:1149,cell:65000:250:11040:1149,新北市,樹林區,新北市 樹林區 西園里,新北市 樹林區 西園里,121.37011370808767,24.948506599698323,352.01149155905773,639.5977679183748,287.586276359317,15.839878842676644,住宅面積分配,residential_support,2,./?city=all&lat=24.948506599698323&layer=walking&lon=121.37011370808767&tab=map#explorer,代表點所在里與網格相交里只提供位置線索，不表示整里都存在服務缺口；人口是網格配置估計，並非官方里人口。此處是待實地核對的候選清冊。
65000:250:11040:1157,cell:65000:250:11040:1157,新北市,樹林區,新北市 樹林區 南園里,新北市 樹林區 南園里,121.38991877154626,24.948456083671726,447.9032431057557,709.6914307557033,261.78818764994764,95.51977636007793,住宅面積分配,residential_support,2,./?city=all&lat=24.948456083671726&layer=walking&lon=121.38991877154626&tab=map#explorer,代表點所在里與網格相交里只提供位置線索，不表示整里都存在服務缺口；人口是網格配置估計，並非官方里人口。此處是待實地核對的候選清冊。
65000:250:11040:1158,cell:65000:250:11040:1158,新北市,樹林區,新北市 樹林區 南園里,新北市 樹林區 南園里,121.39239440066243,24.948449584065674,430.46908817842586,924.2980085012365,493.82892032281063,61.38575769588801,住宅面積分配,residential_support,3,./?city=all&lat=24.948449584065674&layer=walking&lon=121.39239440066243&tab=map#explorer,代表點所在里與網格相交里只提供位置線索，不表示整里都存在服務缺口；人口是網格配置估計，並非官方里人口。此處是待實地核對的候選清冊。
65000:250:11040:1159,cell:65000:250:11040:1159,新北市,樹林區,新北市 樹林區 南園里,新北市 樹林區 南園里；新北市 樹林區 東園里,121.39487002891231,24.94844304332587,214.69878030850202,911.0268414502601,696.3280611417581,24.266531342603713,住宅面積分配,residential_support,1,./?city=all&lat=24.94844304332587&layer=walking&lon=121.39487002891231&tab=map#explorer,代表點所在里與網格相交里只提供位置線索，不表示整里都存在服務缺口；人口是網格配置估計，並非官方里人口。此處是待實地核對的候選清冊。
65000:250:11040:1160,cell:65000:250:11040:1160,新北市,樹林區,新北市 樹林區 東園里,新北市 樹林區 南園里；新北市 樹林區 東園里,121.39734565629048,24.948436461452367,352.62023264583786,795.5910869581555,442.97085431231767,100.73205597286443,住宅面積分配,residential_support,1,./?city=all&lat=24.948436461452367&layer=walking&lon=121.39734565629048&tab=map#explorer,代表點所在里與網格相交里只提供位置線索，不表示整里都存在服務缺口；人口是網格配置估計，並非官方里人口。此處是待實地核對的候選清冊。
65000:250:11040:1161,cell:65000:250:11040:1161,新北市,樹林區,新北市 樹林區 東園里,新北市 樹林區 東園里,121.39982128279145,24.94842983844523,345.8303010445481,823.0439696252612,477.2136685807131,53.67475585757022,住宅面積分配,residential_support,2,./?city=all&lat=24.94842983844523&layer=walking&lon=121.39982128279145&tab=map#explorer,代表點所在里與網格相交里只提供位置線索，不表示整里都存在服務缺口；人口是網格配置估計，並非官方里人口。此處是待實地核對的候選清冊。
65000:250:11041:1148,cell:65000:250:11041:1148,新北市,樹林區,新北市 樹林區 西園里,新北市 樹林區 西園里,121.36764477223441,24.9507697933669,474.43742763127904,684.9182554707069,210.48082783942783,147.41266724229249,住宅面積分配,residential_support,1,./?city=all&lat=24.9507697933669&layer=walking&lon=121.36764477223441&tab=map#explorer,代表點所在里與網格相交里只提供位置線索，不表示整里都存在服務缺口；人口是網格配置估計，並非官方里人口。此處是待實地核對的候選清冊。
65000:250:11041:1149,cell:65000:250:11041:1149,新北市,樹林區,新北市 樹林區 西園里,新北市 樹林區 西園里,121.37012045402102,24.95076366333824,420.53012027214476,607.3911474289306,186.86102715678584,163.0256207774767,住宅面積分配,residential_support,4,./?city=all&lat=24.95076366333824&layer=walking&lon=121.37012045402102&tab=map#explorer,代表點所在里與網格相交里只提供位置線索，不表示整里都存在服務缺口；人口是網格配置估計，並非官方里人口。此處是待實地核對的候選清冊。
65000:250:11041:1150,cell:65000:250:11041:1150,新北市,樹林區,新北市 樹林區 西園里,新北市 樹林區 西園里,121.37259613499049,24.950757492171107,342.98350530178215,594.8693446404463,251.8858393386642,76.13619218359467,住宅面積分配,residential_support,2,./?city=all&lat=24.950757492171107&layer=walking&lon=121.37259613499049&tab=map#explorer,代表點所在里與網格相交里只提供位置線索，不表示整里都存在服務缺口；人口是網格配置估計，並非官方里人口。此處是待實地核對的候選清冊。
65000:250:11041:1157,cell:65000:250:11041:1157,新北市,樹林區,新北市 樹林區 南園里,新北市 樹林區 南園里,121.38992587843786,24.95071314212861,430.30404354411473,628.0704484939743,197.76640494985952,42.69282709856786,住宅面積分配,residential_support,2,./?city=all&lat=24.95071314212861&layer=walking&lon=121.38992587843786&tab=map#explorer,代表點所在里與網格相交里只提供位置線索，不表示整里都存在服務缺口；人口是網格配置估計，並非官方里人口。此處是待實地核對的候選清冊。
65000:250:11041:1158,cell:65000:250:11041:1158,新北市,樹林區,新北市 樹林區 南園里,新北市 樹林區 南園里；新北市 樹林區 柑園里,121.39240155267349,24.95070664185568,339.5676397936846,745.5096920741435,405.9420522804589,112.88029461017234,住宅面積分配,residential_support,2,./?city=all&lat=24.95070664185568&layer=walking&lon=121.39240155267349&tab=map#explorer,代表點所在里與網格相交里只提供位置線索，不表示整里都存在服務缺口；人口是網格配置估計，並非官方里人口。此處是待實地核對的候選清冊。
65000:250:11041:1159,cell:65000:250:11041:1159,新北市,樹林區,新北市 樹林區 南園里,新北市 樹林區 南園里；新北市 樹林區 東園里；新北市 樹林區 柑園里,121.3948772260428,24.95070010044479,157.54890947144008,836.0590623918552,678.5101529204151,31.388035427599142,住宅面積分配,residential_support,1,./?city=all&lat=24.95070010044479&layer=walking&lon=121.3948772260428&tab=map#explorer,代表點所在里與網格相交里只提供位置線索，不表示整里都存在服務缺口；人口是網格配置估計，並非官方里人口。此處是待實地核對的候選清冊。
65000:250:11042:1149,cell:65000:250:11042:1149,新北市,樹林區,新北市 樹林區 西園里,新北市 樹林區 西園里,121.37012720077152,24.953020726292664,476.30174203847355,669.7871875790546,193.48544554058105,188.71179570992751,住宅面積分配,residential_support,1,./?city=all&lat=24.953020726292664&layer=walking&lon=121.37012720077152&tab=map#explorer,代表點所在里與網格相交里只提供位置線索，不表示整里都存在服務缺口；人口是網格配置估計，並非官方里人口。此處是待實地核對的候選清冊。
65000:250:11042:1151,cell:65000:250:11042:1151,新北市,樹林區,新北市 樹林區 西園里,新北市 樹林區 西園里,121.37507865213875,24.953008341549506,450.50474684240726,648.9527907623394,198.44804391993216,81.18021483442372,面積均分代理,uniform_proxy,3,./?city=all&lat=24.953008341549506&layer=walking&lon=121.37507865213875&tab=map#explorer,代表點所在里與網格相交里只提供位置線索，不表示整里都存在服務缺口；人口是網格配置估計，並非官方里人口。此處是待實地核對的候選清冊。
65000:250:11042:1159,cell:65000:250:11042:1159,新北市,樹林區,新北市 樹林區 東園里,新北市 樹林區 東園里；新北市 樹林區 柑園里,121.39488442404506,24.952957156877993,150.99090534078744,652.3194278489788,501.3285225081913,12.053651251448937,住宅面積分配,residential_support,1,./?city=all&lat=24.952957156877993&layer=walking&lon=121.39488442404506&tab=map#explorer,代表點所在里與網格相交里只提供位置線索，不表示整里都存在服務缺口；人口是網格配置估計，並非官方里人口。此處是待實地核對的候選清冊。
65000:250:11042:1161,cell:65000:250:11042:1161,新北市,樹林區,新北市 樹林區 東園里,新北市 樹林區 東園里,121.39983585841236,24.95294394928762,300.5796247966977,570.7459282169505,270.16630342025275,20.592227694192264,住宅面積分配,residential_support,2,./?city=all&lat=24.95294394928762&layer=walking&lon=121.39983585841236&tab=map#explorer,代表點所在里與網格相交里只提供位置線索，不表示整里都存在服務缺口；人口是網格配置估計，並非官方里人口。此處是待實地核對的候選清冊。
65000:250:11043:1154,cell:65000:250:11043:1154,新北市,樹林區,新北市 樹林區 西園里,新北市 樹林區 柑園里；新北市 樹林區 西園里,121.38251279618669,24.95524651492648,410.52514262143126,641.9791176976572,231.45397507622596,181.86020172255743,住宅面積分配,residential_support,2,./?city=all&lat=24.95524651492648&layer=walking&lon=121.38251279618669&tab=map#explorer,代表點所在里與網格相交里只提供位置線索，不表示整里都存在服務缺口；人口是網格配置估計，並非官方里人口。此處是待實地核對的候選清冊。
65000:250:11044:1155,cell:65000:250:11044:1155,新北市,樹林區,新北市 樹林區 北園里,新北市 樹林區 北園里；新北市 樹林區 柑園里；新北市 樹林區 西園里,121.38499558244669,24.957497194480297,472.4470413022195,987.0814961910825,514.634454888863,306.97462833120846,住宅面積分配,residential_support,3,./?city=all&lat=24.957497194480297&layer=walking&lon=121.38499558244669&tab=map#explorer,代表點所在里與網格相交里只提供位置線索，不表示整里都存在服務缺口；人口是網格配置估計，並非官方里人口。此處是待實地核對的候選清冊。
65000:250:11044:1159,cell:65000:250:11044:1159,新北市,樹林區,新北市 樹林區 北園里,新北市 樹林區 北園里；新北市 樹林區 東園里,121.39489882266525,24.95747126768709,209.0853789803715,572.7572689322443,363.6718899518728,182.40812536573713,面積均分代理,uniform_proxy,3,./?city=all&lat=24.95747126768709&layer=walking&lon=121.39489882266525&tab=map#explorer,代表點所在里與網格相交里只提供位置線索，不表示整里都存在服務缺口；人口是網格配置估計，並非官方里人口。此處是待實地核對的候選清冊。
65000:250:11044:1164,cell:65000:250:11044:1164,新北市,樹林區,新北市 樹林區 東園里,新北市 樹林區 東園里,121.40727785327748,24.957437933307993,443.2783708354192,614.271384654785,170.99301381936584,0.20152461918899608,面積均分代理,uniform_proxy,1,./?city=all&lat=24.957437933307993&layer=walking&lon=121.40727785327748&tab=map#explorer,代表點所在里與網格相交里只提供位置線索，不表示整里都存在服務缺口；人口是網格配置估計，並非官方里人口。此處是待實地核對的候選清冊。
65000:250:11045:1156,cell:65000:250:11045:1156,新北市,樹林區,新北市 樹林區 北園里,新北市 樹林區 北園里,121.38747845898425,24.959747830884755,397.78185941994576,791.0951123067065,393.3132528867607,202.7861391471813,面積均分代理,uniform_proxy,4,./?city=all&lat=24.959747830884755&layer=walking&lon=121.38747845898425&tab=map#explorer,代表點所在里與網格相交里只提供位置線索，不表示整里都存在服務缺口；人口是網格配置估計，並非官方里人口。此處是待實地核對的候選清冊。
65000:250:11046:1159,cell:65000:250:11046:1159,新北市,樹林區,新北市 樹林區 北園里,新北市 樹林區 北園里,121.39491322477346,24.961985375752796,392.2932168486665,561.3015550220837,169.0083381734172,358.8787444616506,住宅面積分配,residential_support,2,./?city=all&lat=24.961985375752796&layer=walking&lon=121.39491322477346&tab=map#explorer,代表點所在里與網格相交里只提供位置線索，不表示整里都存在服務缺口；人口是網格配置估計，並非官方里人口。此處是待實地核對的候選清冊。
65000:250:11046:1160,cell:65000:250:11046:1160,新北市,樹林區,新北市 樹林區 北園里,新北市 樹林區 北園里,121.39738912294965,24.96197878982707,473.1636046764061,704.4329941756334,231.26938949922732,29.34807221588379,住宅面積分配,residential_support,3,./?city=all&lat=24.96197878982707&layer=walking&lon=121.39738912294965&tab=map#explorer,代表點所在里與網格相交里只提供位置線索，不表示整里都存在服務缺口；人口是網格配置估計，並非官方里人口。此處是待實地核對的候選清冊。
65000:250:11047:1160,cell:65000:250:11047:1160,新北市,樹林區,新北市 樹林區 北園里,新北市 樹林區 北園里,121.39739637046405,24.964235842155592,437.8776172908052,719.9338930682518,282.0562757774466,100.50667683215677,面積均分代理,uniform_proxy,1,./?city=all&lat=24.964235842155592&layer=walking&lon=121.39739637046405&tab=map#explorer,代表點所在里與網格相交里只提供位置線索，不表示整里都存在服務缺口；人口是網格配置估計，並非官方里人口。此處是待實地核對的候選清冊。
65000:250:11047:1161,cell:65000:250:11047:1161,新北市,樹林區,新北市 樹林區 北園里,新北市 樹林區 北園里,121.39987231291471,24.964229214391217,387.7837389390738,532.1972380093911,144.41349907031724,297.73885465538115,面積均分代理,uniform_proxy,1,./?city=all&lat=24.964229214391217&layer=walking&lon=121.39987231291471&tab=map#explorer,代表點所在里與網格相交里只提供位置線索，不表示整里都存在服務缺口；人口是網格配置估計，並非官方里人口。此處是待實地核對的候選清冊。
65000:250:11051:1156,cell:65000:250:11051:1156,新北市,樹林區,新北市 樹林區 樂山里,新北市 樹林區 樂山里,121.38752086811995,24.973290154741093,426.4368966049545,734.2005408991029,307.7636442941484,341.144320014154,住宅面積分配,residential_support,2,./?city=all&lat=24.973290154741093&layer=walking&lon=121.38752086811995&tab=map#explorer,代表點所在里與網格相交里只提供位置線索，不表示整里都存在服務缺口；人口是網格配置估計，並非官方里人口。此處是待實地核對的候選清冊。
65000:250:11051:1159,cell:65000:250:11051:1159,新北市,樹林區,新北市 樹林區 中山里,新北市 樹林區 中山里,121.39494924530761,24.973270633912367,114.06767691961207,666.0037410753345,551.9360641557224,967.4755976711308,住宅面積分配,residential_support,5,./?city=all&lat=24.973270633912367&layer=walking&lon=121.39494924530761&tab=map#explorer,代表點所在里與網格相交里只提供位置線索，不表示整里都存在服務缺口；人口是網格配置估計，並非官方里人口。此處是待實地核對的候選清冊。
65000:250:11052:1159,cell:65000:250:11052:1159,新北市,樹林區,新北市 樹林區 中山里,新北市 樹林區 中山里；新北市 樹林區 山佳里,121.39495645203164,24.975527683485968,144.30386020591837,709.3192631260206,565.0154029201022,0.08578767775373748,住宅面積分配,residential_support,1,./?city=all&lat=24.975527683485968&layer=walking&lon=121.39495645203164&tab=map#explorer,代表點所在里與網格相交里只提供位置線索，不表示整里都存在服務缺口；人口是網格配置估計，並非官方里人口。此處是待實地核對的候選清冊。
65000:250:11052:1160,cell:65000:250:11052:1160,新北市,樹林區,新北市 樹林區 山佳里,新北市 樹林區 中山里；新北市 樹林區 山佳里；新北市 樹林區 東山里,121.39743262120267,24.975521093507155,103.49571636069591,555.8008281018567,452.30511174116083,12.033307663590463,住宅面積分配,residential_support,1,./?city=all&lat=24.975521093507155&layer=walking&lon=121.39743262120267&tab=map#explorer,代表點所在里與網格相交里只提供位置線索，不表示整里都存在服務缺口；人口是網格配置估計，並非官方里人口。此處是待實地核對的候選清冊。
65000:250:11052:1164,cell:65000:250:11052:1164,新北市,樹林區,新北市 樹林區 東山里,新北市 樹林區 東山里,121.40733728905174,24.975494321749533,325.3935721590465,555.9155683817154,230.52199622266886,211.06232834088223,面積均分代理,uniform_proxy,1,./?city=all&lat=24.975494321749533&layer=walking&lon=121.40733728905174&tab=map#explorer,代表點所在里與網格相交里只提供位置線索，不表示整里都存在服務缺口；人口是網格配置估計，並非官方里人口。此處是待實地核對的候選清冊。
65000:250:11053:1170,cell:65000:250:11053:1170,新北市,樹林區,新北市 樹林區 彭興里,新北市 樹林區 彭福里；新北市 樹林區 彭興里,121.42220196834586,24.97770996981604,414.20940603107607,546.6649861317682,132.4555801006921,1701.1230510508133,住宅面積分配,residential_support,5,./?city=all&lat=24.97770996981604&layer=walking&lon=121.42220196834586&tab=map#explorer,代表點所在里與網格相交里只提供位置線索，不表示整里都存在服務缺口；人口是網格配置估計，並非官方里人口。此處是待實地核對的候選清冊。
65000:250:11054:1170,cell:65000:250:11054:1170,新北市,樹林區,新北市 樹林區 彭福里,新北市 樹林區 彭福里；新北市 樹林區 彭興里,121.42220967390573,24.979967010353104,334.243506103867,588.1035217024661,253.8600155985991,1223.465899267986,住宅面積分配,residential_support,5,./?city=all&lat=24.979967010353104&layer=walking&lon=121.42220967390573&tab=map#explorer,代表點所在里與網格相交里只提供位置線索，不表示整里都存在服務缺口；人口是網格配置估計，並非官方里人口。此處是待實地核對的候選清冊。
65000:250:11062:1172,cell:65000:250:11062:1172,新北市,樹林區,新北市 樹林區 保安里,新北市 樹林區 保安里；新北市 樹林區 圳福里；新北市 樹林區 文林里,121.42722457363479,24.998009168254598,268.99984957416626,513.9291014363123,244.92925186214603,2100.364207531419,住宅面積分配,residential_support,2,./?city=all&lat=24.998009168254598&layer=walking&lon=121.42722457363479&tab=map#explorer,代表點所在里與網格相交里只提供位置線索，不表示整里都存在服務缺口；人口是網格配置估計，並非官方里人口。此處是待實地核對的候選清冊。
65000:250:11064:1165,cell:65000:250:11064:1165,新北市,樹林區,新北市 樹林區 光興里,新北市 樹林區 [獇]寮里；新北市 樹林區 光興里,121.40990325801596,25.00257201778304,453.46247767450745,890.3554842256641,436.89300655115665,404.8770703391753,住宅面積分配,residential_support,2,./?city=all&lat=25.00257201778304&layer=walking&lon=121.40990325801596&tab=map#explorer,代表點所在里與網格相交里只提供位置線索，不表示整里都存在服務缺口；人口是網格配置估計，並非官方里人口。此處是待實地核對的候選清冊。
65000:250:11065:1165,cell:65000:250:11065:1165,新北市,樹林區,新北市 樹林區 [獇]寮里,新北市 樹林區 [獇]寮里；新北市 樹林區 光興里,121.40991074759131,25.004829054313717,419.04752322780917,613.4490225667168,194.40149933890768,12.857609397064309,住宅面積分配,residential_support,1,./?city=all&lat=25.004829054313717&layer=walking&lon=121.40991074759131&tab=map#explorer,代表點所在里與網格相交里只提供位置線索，不表示整里都存在服務缺口；人口是網格配置估計，並非官方里人口。此處是待實地核對的候選清冊。
65000:250:11069:1160,cell:65000:250:11069:1160,新北市,樹林區,新北市 樹林區 三興里,新北市 樹林區 三興里,121.39755603795754,25.01389081974294,449.8638091559163,757.6156884721433,307.7518793162271,1392.2950513549094,面積均分代理,uniform_proxy,2,./?city=all&lat=25.01389081974294&layer=walking&lon=121.39755603795754&tab=map#explorer,代表點所在里與網格相交里只提供位置線索，不表示整里都存在服務缺口；人口是網格配置估計，並非官方里人口。此處是待實地核對的候選清冊。
65000:250:11069:1164,cell:65000:250:11069:1164,新北市,樹林區,新北市 樹林區 三福里,新北市 樹林區 三福里,121.40746378134821,25.01386400131361,362.2493941278862,540.1988531844482,177.94945905656203,0.673299579965846,住宅面積分配,residential_support,1,./?city=all&lat=25.01386400131361&layer=walking&lon=121.40746378134821&tab=map#explorer,代表點所在里與網格相交里只提供位置線索，不表示整里都存在服務缺口；人口是網格配置估計，並非官方里人口。此處是待實地核對的候選清冊。
65000:250:11081:1256,cell:65000:250:11081:1256,新北市,汐止區,新北市 汐止區 東勢里,新北市 汐止區 東勢里,121.63547665139805,25.04014837838961,183.13204025582576,524.6167727064903,341.4847324506646,884.6940548261593,面積均分代理,uniform_proxy,3,./?city=all&lat=25.04014837838961&layer=walking&lon=121.63547665139805&tab=map#explorer,代表點所在里與網格相交里只提供位置線索，不表示整里都存在服務缺口；人口是網格配置估計，並非官方里人口。此處是待實地核對的候選清冊。
65000:250:11081:1257,cell:65000:250:11081:1257,新北市,汐止區,新北市 汐止區 東勢里,新北市 汐止區 東勢里；新北市 汐止區 橫科里；新北市 汐止區 白雲里,121.63795402226324,25.040137762370804,293.08435420241267,640.8456483210716,347.76129411865895,0.17983480144126524,面積均分代理,uniform_proxy,1,./?city=all&lat=25.040137762370804&layer=walking&lon=121.63795402226324&tab=map#explorer,代表點所在里與網格相交里只提供位置線索，不表示整里都存在服務缺口；人口是網格配置估計，並非官方里人口。此處是待實地核對的候選清冊。
65000:250:11082:1251,cell:65000:250:11082:1251,新北市,汐止區,新北市 汐止區 宜興里,新北市 汐止區 宜興里；新北市 汐止區 東勢里；新北市 汐止區 福山里,121.623101180294,25.042457788044977,226.08412225784036,519.4247486838705,293.3406264260301,1183.0778855541978,住宅面積分配,residential_support,5,./?city=all&lat=25.042457788044977&layer=walking&lon=121.623101180294&tab=map#explorer,代表點所在里與網格相交里只提供位置線索，不表示整里都存在服務缺口；人口是網格配置估計，並非官方里人口。此處是待實地核對的候選清冊。
65000:250:11082:1254,cell:65000:250:11082:1254,新北市,汐止區,新北市 汐止區 東勢里,新北市 汐止區 東勢里,121.63053344566748,25.04242643237788,271.2811290334683,1362.6843692786156,1091.4032402451473,185.86986927687823,住宅面積分配,residential_support,1,./?city=all&lat=25.04242643237788&layer=walking&lon=121.63053344566748&tab=map#explorer,代表點所在里與網格相交里只提供位置線索，不表示整里都存在服務缺口；人口是網格配置估計，並非官方里人口。此處是待實地核對的候選清冊。
65000:250:11082:1255,cell:65000:250:11082:1255,新北市,汐止區,新北市 汐止區 東勢里,新北市 汐止區 東勢里,121.63301086467497,25.04241589788066,166.29604304968393,847.1813888116577,680.8853457619738,1041.4084884268445,住宅面積分配,residential_support,4,./?city=all&lat=25.04241589788066&layer=walking&lon=121.63301086467497&tab=map#explorer,代表點所在里與網格相交里只提供位置線索，不表示整里都存在服務缺口；人口是網格配置估計，並非官方里人口。此處是待實地核對的候選清冊。
65000:250:11082:1257,cell:65000:250:11082:1257,新北市,汐止區,新北市 汐止區 橫科里,新北市 汐止區 東勢里；新北市 汐止區 橫科里,121.63796569848155,25.042394704974463,350.5293128003425,566.2542445746359,215.7249317742934,126.51709155502434,住宅面積分配,residential_support,1,./?city=all&lat=25.042394704974463&layer=walking&lon=121.63796569848155&tab=map#explorer,代表點所在里與網格相交里只提供位置線索，不表示整里都存在服務缺口；人口是網格配置估計，並非官方里人口。此處是待實地核對的候選清冊。
65000:250:11083:1250,cell:65000:250:11083:1250,新北市,汐止區,新北市 汐止區 福山里,新北市 汐止區 福山里,121.62063511598282,25.044725106753607,318.26636308340255,618.42059371037,300.15423062696743,777.188747226603,住宅面積分配,residential_support,5,./?city=all&lat=25.044725106753607&layer=walking&lon=121.62063511598282&tab=map#explorer,代表點所在里與網格相交里只提供位置線索，不表示整里都存在服務缺口；人口是網格配置估計，並非官方里人口。此處是待實地核對的候選清冊。
65000:250:11083:1251,cell:65000:250:11083:1251,新北市,汐止區,新北市 汐止區 福山里,新北市 汐止區 宜興里；新北市 汐止區 福山里,121.62311258588042,25.044714736412164,336.71369791958404,724.8733566833758,388.1596587637918,860.2943248458935,住宅面積分配,residential_support,5,./?city=all&lat=25.044714736412164&layer=walking&lon=121.62311258588042&tab=map#explorer,代表點所在里與網格相交里只提供位置線索，不表示整里都存在服務缺口；人口是網格配置估計，並非官方里人口。此處是待實地核對的候選清冊。
65000:250:11083:1252,cell:65000:250:11083:1252,新北市,汐止區,新北市 汐止區 橫科里,新北市 汐止區 宜興里；新北市 汐止區 橫科里；新北市 汐止區 福山里,121.62559005439884,25.04470432476219,318.2772038341843,830.1284838720178,511.8512800378335,50.46201814967483,住宅面積分配,residential_support,1,./?city=all&lat=25.04470432476219&layer=walking&lon=121.62559005439884&tab=map#explorer,代表點所在里與網格相交里只提供位置線索，不表示整里都存在服務缺口；人口是網格配置估計，並非官方里人口。此處是待實地核對的候選清冊。
65000:250:11083:1254,cell:65000:250:11083:1254,新北市,汐止區,新北市 汐止區 東勢里,新北市 汐止區 東勢里；新北市 汐止區 橫科里,121.63054498727631,25.044683377537,296.5345879320578,1410.5243291461138,1113.989741214056,6.39236727926318,住宅面積分配,residential_support,1,./?city=all&lat=25.044683377537&layer=walking&lon=121.63054498727631&tab=map#explorer,代表點所在里與網格相交里只提供位置線索，不表示整里都存在服務缺口；人口是網格配置估計，並非官方里人口。此處是待實地核對的候選清冊。
65000:250:11083:1255,cell:65000:250:11083:1255,新北市,汐止區,新北市 汐止區 東勢里,新北市 汐止區 東勢里；新北市 汐止區 橫科里,121.6330224516244,25.044672841961972,268.8422210062604,1096.6787002180877,827.8364792118273,359.7725165857923,住宅面積分配,residential_support,1,./?city=all&lat=25.044672841961972&layer=walking&lon=121.6330224516244&tab=map#explorer,代表點所在里與網格相交里只提供位置線索，不表示整里都存在服務缺口；人口是網格配置估計，並非官方里人口。此處是待實地核對的候選清冊。
65000:250:11083:1256,cell:65000:250:11083:1256,新北市,汐止區,新北市 汐止區 橫科里,新北市 汐止區 東勢里；新北市 汐止區 橫科里,121.63549991457138,25.04466226507877,387.0343742355942,757.2895087539653,370.25513451837105,266.3491542874456,住宅面積分配,residential_support,2,./?city=all&lat=25.04466226507877&layer=walking&lon=121.63549991457138&tab=map#explorer,代表點所在里與網格相交里只提供位置線索，不表示整里都存在服務缺口；人口是網格配置估計，並非官方里人口。此處是待實地核對的候選清冊。
65000:250:11083:1257,cell:65000:250:11083:1257,新北市,汐止區,新北市 汐止區 橫科里,新北市 汐止區 東勢里；新北市 汐止區 橫科里,121.63797737611179,25.04465164688749,407.1126334772588,2120.658443593818,1713.545810116559,30.392336810234582,住宅面積分配,residential_support,1,./?city=all&lat=25.04465164688749&layer=walking&lon=121.63797737611179&tab=map#explorer,代表點所在里與網格相交里只提供位置線索，不表示整里都存在服務缺口；人口是網格配置估計，並非官方里人口。此處是待實地核對的候選清冊。
65000:250:11084:1250,cell:65000:250:11084:1250,新北市,汐止區,新北市 汐止區 福山里,新北市 汐止區 橫科里；新北市 汐止區 福山里,121.62064647760187,25.04698205549128,235.31165311730865,686.8825295285116,451.5708764112029,509.5258039217738,面積均分代理,uniform_proxy,2,./?city=all&lat=25.04698205549128&layer=walking&lon=121.62064647760187&tab=map#explorer,代表點所在里與網格相交里只提供位置線索，不表示整里都存在服務缺口；人口是網格配置估計，並非官方里人口。此處是待實地核對的候選清冊。
65000:250:11084:1251,cell:65000:250:11084:1251,新北市,汐止區,新北市 汐止區 福山里,新北市 汐止區 橫科里；新北市 汐止區 福山里,121.62312399284598,25.046971684088895,436.02492960556975,676.004177774756,239.9792481691863,202.22623263972642,面積均分代理,uniform_proxy,1,./?city=all&lat=25.046971684088895&layer=walking&lon=121.62312399284598&tab=map#explorer,代表點所在里與網格相交里只提供位置線索，不表示整里都存在服務缺口；人口是網格配置估計，並非官方里人口。此處是待實地核對的候選清冊。
65000:250:11085:1285,cell:65000:250:11085:1285,新北市,汐止區,新北市 汐止區 東山里,新北市 汐止區 東山里,121.7073716048433,25.048851384324234,458.44575409427625,733.1143466016002,274.668592507324,28.09221998346132,住宅面積分配,residential_support,2,./?city=all&lat=25.048851384324234&layer=walking&lon=121.7073716048433&tab=map#explorer,代表點所在里與網格相交里只提供位置線索，不表示整里都存在服務缺口；人口是網格配置估計，並非官方里人口。此處是待實地核對的候選清冊。
65000:250:11086:1285,cell:65000:250:11086:1285,新北市,汐止區,新北市 汐止區 東山里,新北市 汐止區 東山里,121.70738455665312,25.051108292030783,355.62532303209326,800.3741711862742,444.74884815418096,46.806777384511285,住宅面積分配,residential_support,5,./?city=all&lat=25.051108292030783&layer=walking&lon=121.70738455665312&tab=map#explorer,代表點所在里與網格相交里只提供位置線索，不表示整里都存在服務缺口；人口是網格配置估計，並非官方里人口。此處是待實地核對的候選清冊。
65000:250:11087:1253,cell:65000:250:11087:1253,新北市,汐止區,新北市 汐止區 樟樹里,新北市 汐止區 樟樹里；新北市 汐止區 橫科里；新北市 汐止區 環河里,121.62811352050745,25.05372164982881,311.60531381132375,555.0995175269577,243.49420371563394,25.098383437875228,住宅面積分配,residential_support,2,./?city=all&lat=25.05372164982881&layer=walking&lon=121.62811352050745&tab=map#explorer,代表點所在里與網格相交里只提供位置線索，不表示整里都存在服務缺口；人口是網格配置估計，並非官方里人口。此處是待實地核對的候選清冊。
65000:250:11087:1267,cell:65000:250:11087:1267,新北市,汐止區,新北市 汐止區 白雲里,新北市 汐止區 白雲里；新北市 汐止區 秀山里,121.66280045172898,25.05357090941162,228.5208494259051,767.8105133395635,539.2896639136584,7.112068149692811,面積均分代理,uniform_proxy,1,./?city=all&lat=25.05357090941162&layer=walking&lon=121.66280045172898&tab=map#explorer,代表點所在里與網格相交里只提供位置線索，不表示整里都存在服務缺口；人口是網格配置估計，並非官方里人口。此處是待實地核對的候選清冊。
65000:250:11087:1269,cell:65000:250:11087:1269,新北市,汐止區,新北市 汐止區 白雲里,新北市 汐止區 白雲里；新北市 汐止區 秀山里,121.6677557044913,25.05354871387705,290.9606507669795,1530.013194430564,1239.0525436635844,10.289684936342317,面積均分代理,uniform_proxy,1,./?city=all&lat=25.05354871387705&layer=walking&lon=121.6677557044913&tab=map#explorer,代表點所在里與網格相交里只提供位置線索，不表示整里都存在服務缺口；人口是網格配置估計，並非官方里人口。此處是待實地核對的候選清冊。
65000:250:11087:1270,cell:65000:250:11087:1270,新北市,汐止區,新北市 汐止區 白雲里,新北市 汐止區 白雲里；新北市 汐止區 秀山里,121.67023332865776,25.053537554124084,480.4834701433649,1445.0656878010875,964.5822176577226,11.833433361641099,住宅面積分配,residential_support,1,./?city=all&lat=25.053537554124084&layer=walking&lon=121.67023332865776&tab=map#explorer,代表點所在里與網格相交里只提供位置線索，不表示整里都存在服務缺口；人口是網格配置估計，並非官方里人口。此處是待實地核對的候選清冊。
65000:250:11088:1268,cell:65000:250:11088:1268,新北市,汐止區,新北市 汐止區 秀山里,新北市 汐止區 秀山里,121.66529026257615,25.055816758535478,121.717913261094,923.9695461362891,802.2516328751951,153.8269618942306,面積均分代理,uniform_proxy,1,./?city=all&lat=25.055816758535478&layer=walking&lon=121.66529026257615&tab=map#explorer,代表點所在里與網格相交里只提供位置線索，不表示整里都存在服務缺口；人口是網格配置估計，並非官方里人口。此處是待實地核對的候選清冊。
65000:250:11088:1269,cell:65000:250:11088:1269,新北市,汐止區,新北市 汐止區 秀山里,新北市 汐止區 白雲里；新北市 汐止區 秀山里,121.66776793358729,25.055805638969098,237.35459077112333,1093.242776584114,855.8881858129906,728.7829420714538,住宅面積分配,residential_support,1,./?city=all&lat=25.055805638969098&layer=walking&lon=121.66776793358729&tab=map#explorer,代表點所在里與網格相交里只提供位置線索，不表示整里都存在服務缺口；人口是網格配置估計，並非官方里人口。此處是待實地核對的候選清冊。
65000:250:11088:1270,cell:65000:250:11088:1270,新北市,汐止區,新北市 汐止區 秀山里,新北市 汐止區 白雲里；新北市 汐止區 秀山里,121.67024560312002,25.055794478074734,386.3146130340047,1261.387337894345,875.0727248603403,183.29859137954932,住宅面積分配,residential_support,2,./?city=all&lat=25.055794478074734&layer=walking&lon=121.67024560312002&tab=map#explorer,代表點所在里與網格相交里只提供位置線索，不表示整里都存在服務缺口；人口是網格配置估計，並非官方里人口。此處是待實地核對的候選清冊。
65000:250:11089:1269,cell:65000:250:11089:1269,新北市,汐止區,新北市 汐止區 秀山里,新北市 汐止區 秀山里,121.6677801641617,25.05806256336976,198.1339687302588,580.2689949236243,382.1350261933655,513.8342562222733,住宅面積分配,residential_support,1,./?city=all&lat=25.05806256336976&layer=walking&lon=121.6677801641617&tab=map#explorer,代表點所在里與網格相交里只提供位置線索，不表示整里都存在服務缺口；人口是網格配置估計，並非官方里人口。此處是待實地核對的候選清冊。
65000:250:11089:1270,cell:65000:250:11089:1270,新北市,汐止區,新北市 汐止區 秀山里,新北市 汐止區 秀山里；新北市 汐止區 茄苳里,121.67025787906617,25.05805140133396,337.6467084019904,728.3032708299381,390.65656242794773,45.344433438631896,住宅面積分配,residential_support,1,./?city=all&lat=25.05805140133396&layer=walking&lon=121.67025787906617&tab=map#explorer,代表點所在里與網格相交里只提供位置線索，不表示整里都存在服務缺口；人口是網格配置估計，並非官方里人口。此處是待實地核對的候選清冊。
65000:250:11090:1262,cell:65000:250:11090:1262,新北市,汐止區,新北市 汐止區 文化里,新北市 汐止區 復興里；新北市 汐止區 文化里,121.65044803314734,25.060396471894304,240.56191606684337,558.072761514174,317.5108454473306,110.29216720189937,面積均分代理,uniform_proxy,1,./?city=all&lat=25.060396471894304&layer=walking&lon=121.65044803314734&tab=map#explorer,代表點所在里與網格相交里只提供位置線索，不表示整里都存在服務缺口；人口是網格配置估計，並非官方里人口。此處是待實地核對的候選清冊。
65000:250:11094:1251,cell:65000:250:11094:1251,新北市,汐止區,新北市 汐止區 北山里,新北市 汐止區 北山里,121.62323813837936,25.06954112287116,354.36091766720654,580.3147068155168,225.9537891483103,163.50392376203425,面積均分代理,uniform_proxy,5,./?city=all&lat=25.06954112287116&layer=walking&lon=121.62323813837936&tab=map#explorer,代表點所在里與網格相交里只提供位置線索，不表示整里都存在服務缺口；人口是網格配置估計，並非官方里人口。此處是待實地核對的候選清冊。
65000:250:11095:1251,cell:65000:250:11095:1251,新北市,汐止區,新北市 汐止區 北山里,新北市 汐止區 北山里；新北市 汐止區 忠山里,121.62324956052294,25.071798062949878,318.6675175906959,570.248819544719,251.5813019540231,133.00422887630847,面積均分代理,uniform_proxy,1,./?city=all&lat=25.071798062949878&layer=walking&lon=121.62324956052294&tab=map#explorer,代表點所在里與網格相交里只提供位置線索，不表示整里都存在服務缺口；人口是網格配置估計，並非官方里人口。此處是待實地核對的候選清冊。
65000:250:11096:1255,cell:65000:250:11096:1255,新北市,汐止區,新北市 汐止區 湖蓮里,新北市 汐止區 湖光里；新北市 汐止區 湖蓮里,121.63317320950634,25.07401305215711,327.7671151913361,752.4940611791036,424.7269459877675,489.74931134749716,住宅面積分配,residential_support,2,./?city=all&lat=25.07401305215711&layer=walking&lon=121.63317320950634&tab=map#explorer,代表點所在里與網格相交里只提供位置線索，不表示整里都存在服務缺口；人口是網格配置估計，並非官方里人口。此處是待實地核對的候選清冊。
65000:250:11096:1256,cell:65000:250:11096:1256,新北市,汐止區,新北市 汐止區 湖光里,新北市 汐止區 湖光里；新北市 汐止區 湖蓮里,121.63565126237853,25.07400246120397,126.82870601024543,620.348405002475,493.5196989922296,220.42051163040753,住宅面積分配,residential_support,3,./?city=all&lat=25.07400246120397&layer=walking&lon=121.63565126237853&tab=map#explorer,代表點所在里與網格相交里只提供位置線索，不表示整里都存在服務缺口；人口是網格配置估計，並非官方里人口。此處是待實地核對的候選清冊。
65000:250:11097:1256,cell:65000:250:11097:1256,新北市,汐止區,新北市 汐止區 湖光里,新北市 汐止區 湖光里；新北市 汐止區 湖興里；新北市 汐止區 湖蓮里,121.6356629143706,25.07625939453005,297.57384476619444,757.7655017463798,460.1916569801853,33.94236192843586,住宅面積分配,residential_support,2,./?city=all&lat=25.07625939453005&layer=walking&lon=121.6356629143706&tab=map#explorer,代表點所在里與網格相交里只提供位置線索，不表示整里都存在服務缺口；人口是網格配置估計，並非官方里人口。此處是待實地核對的候選清冊。
65000:250:11100:1253,cell:65000:250:11100:1253,新北市,汐止區,新北市 汐止區 湖光里,新北市 汐止區 忠山里；新北市 汐止區 湖光里；臺北市 內湖區 內溝里,121.62871737811267,25.083144404783795,494.98119905532616,733.1432549669427,238.1620559116165,6.634727810604675,住宅面積分配,residential_support,1,./?city=all&lat=25.083144404783795&layer=walking&lon=121.62871737811267&tab=map#explorer,代表點所在里與網格相交里只提供位置線索，不表示整里都存在服務缺口；人口是網格配置估計，並非官方里人口。此處是待實地核對的候選清冊。
65000:250:11107:1257,cell:65000:250:11107:1257,新北市,汐止區,新北市 汐止區 烘內里,新北市 汐止區 八連里；新北市 汐止區 烘內里,121.63825806311291,25.098818045489597,341.1639839497054,690.9548689541695,349.79088500446403,168.61203600241578,面積均分代理,uniform_proxy,1,./?city=all&lat=25.098818045489597&layer=walking&lon=121.63825806311291&tab=map#explorer,代表點所在里與網格相交里只提供位置線索，不表示整里都存在服務缺口；人口是網格配置估計，並非官方里人口。此處是待實地核對的候選清冊。
65000:250:11108:1257,cell:65000:250:11108:1257,新北市,汐止區,新北市 汐止區 烘內里,新北市 汐止區 烘內里,121.63826977607836,25.101074970121815,402.56398132954115,724.5480012462817,321.9840199167406,93.18674261957399,住宅面積分配,residential_support,1,./?city=all&lat=25.101074970121815&layer=walking&lon=121.63826977607836&tab=map#explorer,代表點所在里與網格相交里只提供位置線索，不表示整里都存在服務缺口；人口是網格配置估計，並非官方里人口。此處是待實地核對的候選清冊。
65000:250:11108:1258,cell:65000:250:11108:1258,新北市,汐止區,新北市 汐止區 烘內里,新北市 汐止區 烘內里,121.64074837149577,25.1010642833478,283.8373238668659,684.9772695457781,401.13994567891217,45.01639984894645,住宅面積分配,residential_support,3,./?city=all&lat=25.1010642833478&layer=walking&lon=121.64074837149577&tab=map#explorer,代表點所在里與網格相交里只提供位置線索，不表示整里都存在服務缺口；人口是網格配置估計，並非官方里人口。此處是待實地核對的候選清冊。
65000:250:11110:1261,cell:65000:250:11110:1261,新北市,汐止區,新北市 汐止區 烘內里,新北市 汐止區 烘內里,121.64820794326349,25.105545812950673,207.54309988038293,511.7734235258186,304.23032364543565,0.6989440465784108,住宅面積分配,residential_support,1,./?city=all&lat=25.105545812950673&layer=walking&lon=121.64820794326349&tab=map#explorer,代表點所在里與網格相交里只提供位置線索，不表示整里都存在服務缺口；人口是網格配置估計，並非官方里人口。此處是待實地核對的候選清冊。
65000:250:11112:1243,cell:65000:250:11112:1243,新北市,汐止區,新北市 汐止區 長青里,新北市 汐止區 長青里,121.60361361263068,25.11024798744099,177.1587861116906,531.6617865120066,354.50300040031607,82.63514005899637,住宅面積分配,residential_support,5,./?city=all&lat=25.11024798744099&layer=walking&lon=121.60361361263068&tab=map#explorer,代表點所在里與網格相交里只提供位置線索，不表示整里都存在服務缺口；人口是網格配置估計，並非官方里人口。此處是待實地核對的候選清冊。
65000:250:11113:1241,cell:65000:250:11113:1241,新北市,汐止區,新北市 汐止區 長青里,新北市 汐止區 長青里,121.59866700717481,25.11252502341627,295.56635032928176,863.5965792855194,568.0302289562376,15.191610440877747,住宅面積分配,residential_support,5,./?city=all&lat=25.11252502341627&layer=walking&lon=121.59866700717481&tab=map#explorer,代表點所在里與網格相交里只提供位置線索，不表示整里都存在服務缺口；人口是網格配置估計，並非官方里人口。此處是待實地核對的候選清冊。
65000:250:11113:1242,cell:65000:250:11113:1242,新北市,汐止區,新北市 汐止區 長青里,新北市 汐止區 長青里,121.60114585204957,25.112514994152512,369.85878094011315,522.6210739535188,152.76229301340567,30.12212989725539,住宅面積分配,residential_support,5,./?city=all&lat=25.112514994152512&layer=walking&lon=121.60114585204957&tab=map#explorer,代表點所在里與網格相交里只提供位置線索，不表示整里都存在服務缺口；人口是網格配置估計，並非官方里人口。此處是待實地核對的候選清冊。
65000:250:11114:1241,cell:65000:250:11114:1241,新北市,汐止區,新北市 汐止區 長青里,新北市 汐止區 長青里,121.59867800044974,25.114781960788573,107.3231787046656,545.3823338123367,438.05915510767113,1.6755570000912825,住宅面積分配,residential_support,1,./?city=all&lat=25.114781960788573&layer=walking&lon=121.59867800044974&tab=map#explorer,代表點所在里與網格相交里只提供位置線索，不表示整里都存在服務缺口；人口是網格配置估計，並非官方里人口。此處是待實地核對的候選清冊。
65000:250:11114:1242,cell:65000:250:11114:1242,新北市,汐止區,新北市 汐止區 長青里,新北市 汐止區 長青里,121.60115689083666,25.114771930500808,183.15019447046893,542.7618805941977,359.61168612372876,0.9732766539223714,住宅面積分配,residential_support,1,./?city=all&lat=25.114771930500808&layer=walking&lon=121.60115689083666&tab=map#explorer,代表點所在里與網格相交里只提供位置線索，不表示整里都存在服務缺口；人口是網格配置估計，並非官方里人口。此處是待實地核對的候選清冊。
65000:250:11114:1247,cell:65000:250:11114:1247,新北市,汐止區,新北市 汐止區 長青里,新北市 汐止區 長青里,121.6135513226645,25.114721157457655,481.27305885086514,1094.1071646119353,612.8341057610702,1.3052337317448066,住宅面積分配,residential_support,2,./?city=all&lat=25.114721157457655&layer=walking&lon=121.6135513226645&tab=map#explorer,代表點所在里與網格相交里只提供位置線索，不表示整里都存在服務缺口；人口是網格配置估計，並非官方里人口。此處是待實地核對的候選清冊。
65000:250:11115:1248,cell:65000:250:11115:1248,新北市,汐止區,新北市 汐止區 長青里,新北市 汐止區 長青里,121.61604151819418,25.11696780795246,281.0989521671917,829.6796191349734,548.5806669677818,20.362331597505047,住宅面積分配,residential_support,5,./?city=all&lat=25.11696780795246&layer=walking&lon=121.61604151819418&tab=map#explorer,代表點所在里與網格相交里只提供位置線索，不表示整里都存在服務缺口；人口是網格配置估計，並非官方里人口。此處是待實地核對的候選清冊。
65000:250:11115:1256,cell:65000:250:11115:1256,新北市,汐止區,新北市 汐止區 烘內里,新北市 汐止區 烘內里,121.63587289113076,25.11688407614575,312.1430513682605,696.3328107711774,384.1897594029169,10.613979805513916,住宅面積分配,residential_support,1,./?city=all&lat=25.11688407614575&layer=walking&lon=121.63587289113076&tab=map#explorer,代表點所在里與網格相交里只提供位置線索，不表示整里都存在服務缺口；人口是網格配置估計，並非官方里人口。此處是待實地核對的候選清冊。
65000:250:11119:1251,cell:65000:250:11119:1251,新北市,汐止區,新北市 汐止區 烘內里,新北市 汐止區 烘內里,121.62352410636846,25.125964417433828,345.40896386324386,668.1525280599076,322.7435641966637,0.5330537114218955,住宅面積分配,residential_support,1,./?city=all&lat=25.125964417433828&layer=walking&lon=121.62352410636846&tab=map#explorer,代表點所在里與網格相交里只提供位置線索，不表示整里都存在服務缺口；人口是網格配置估計，並非官方里人口。此處是待實地核對的候選清冊。
65000:250:11126:1187,cell:65000:250:11126:1187,新北市,淡水區,新北市 淡水區 民生里,新北市 淡水區 八勢里；新北市 淡水區 民生里,121.46491859829858,25.14234583786186,191.51094296323694,639.2207829527382,447.70983998950123,332.82304458100174,面積均分代理,uniform_proxy,1,./?city=all&lat=25.14234583786186&layer=walking&lon=121.46491859829858&tab=map#explorer,代表點所在里與網格相交里只提供位置線索，不表示整里都存在服務缺口；人口是網格配置估計，並非官方里人口。此處是待實地核對的候選清冊。
65000:250:11126:1188,cell:65000:250:11126:1188,新北市,淡水區,新北市 淡水區 民生里,新北市 淡水區 民生里,121.46739809914877,25.142338035927125,309.95273743890056,780.2348903067351,470.28215286783455,88.1420102593578,面積均分代理,uniform_proxy,1,./?city=all&lat=25.142338035927125&layer=walking&lon=121.46739809914877&tab=map#explorer,代表點所在里與網格相交里只提供位置線索，不表示整里都存在服務缺口；人口是網格配置估計，並非官方里人口。此處是待實地核對的候選清冊。
65000:250:11126:1189,cell:65000:250:11126:1189,新北市,淡水區,新北市 淡水區 民生里,新北市 淡水區 民生里,121.46987759896167,25.14233019249702,353.98773581052046,1101.4292543150461,747.4415185045257,68.25326786674668,面積均分代理,uniform_proxy,1,./?city=all&lat=25.14233019249702&layer=walking&lon=121.46987759896167&tab=map#explorer,代表點所在里與網格相交里只提供位置線索，不表示整里都存在服務缺口；人口是網格配置估計，並非官方里人口。此處是待實地核對的候選清冊。
65000:250:11126:1190,cell:65000:250:11126:1190,新北市,淡水區,新北市 淡水區 民生里,新北市 淡水區 民生里,121.47235709773173,25.142322307571607,351.6366804501126,514.933635323376,163.29695487326347,217.70389212901645,住宅面積分配,residential_support,5,./?city=all&lat=25.142322307571607&layer=walking&lon=121.47235709773173&tab=map#explorer,代表點所在里與網格相交里只提供位置線索，不表示整里都存在服務缺口；人口是網格配置估計，並非官方里人口。此處是待實地核對的候選清冊。
65000:250:11126:1191,cell:65000:250:11126:1191,新北市,淡水區,新北市 淡水區 民生里,新北市 淡水區 民生里；臺北市 北投區 一德里；臺北市 北投區 桃源里,121.47472408591315,25.142331164134085,382.36107330546105,798.0087492232883,415.64767591782726,128.58987543086542,住宅面積分配,residential_support,1,./?city=all&lat=25.142331164134085&layer=walking&lon=121.47472408591315&tab=map#explorer,代表點所在里與網格相交里只提供位置線索，不表示整里都存在服務缺口；人口是網格配置估計，並非官方里人口。此處是待實地核對的候選清冊。
65000:250:11127:1191,cell:65000:250:11127:1191,新北市,淡水區,新北市 淡水區 民生里,新北市 淡水區 民生里,121.47484532668645,25.14457135535756,465.0224687199093,712.7877392875464,247.76527056763712,204.2895052470172,住宅面積分配,residential_support,1,./?city=all&lat=25.14457135535756&layer=walking&lon=121.47484532668645&tab=map#explorer,代表點所在里與網格相交里只提供位置線索，不表示整里都存在服務缺口；人口是網格配置估計，並非官方里人口。此處是待實地核對的候選清冊。
65000:250:11129:1193,cell:65000:250:11129:1193,新北市,淡水區,新北市 淡水區 坪頂里,新北市 淡水區 坪頂里,121.47982205815421,25.149069319482734,258.67371093735863,520.1124090154988,261.43869807814013,142.43855341919823,住宅面積分配,residential_support,2,./?city=all&lat=25.149069319482734&layer=walking&lon=121.47982205815421&tab=map#explorer,代表點所在里與網格相交里只提供位置線索，不表示整里都存在服務缺口；人口是網格配置估計，並非官方里人口。此處是待實地核對的候選清冊。
65000:250:11132:1188,cell:65000:250:11132:1188,新北市,淡水區,新北市 淡水區 八勢里,新北市 淡水區 八勢里,121.46744968151424,25.15587988528925,107.84461406958188,541.360326061198,433.51571199161606,91.46791616721953,住宅面積分配,residential_support,3,./?city=all&lat=25.15587988528925&layer=walking&lon=121.46744968151424&tab=map#explorer,代表點所在里與網格相交里只提供位置線索，不表示整里都存在服務缺口；人口是網格配置估計，並非官方里人口。此處是待實地核對的候選清冊。
65000:250:11132:1189,cell:65000:250:11132:1189,新北市,淡水區,新北市 淡水區 八勢里,新北市 淡水區 八勢里,121.46992945494189,25.155872037057854,102.36479958925746,589.0515719412492,486.68677235199175,185.05767955372514,住宅面積分配,residential_support,3,./?city=all&lat=25.155872037057854&layer=walking&lon=121.46992945494189&tab=map#explorer,代表點所在里與網格相交里只提供位置線索，不表示整里都存在服務缺口；人口是網格配置估計，並非官方里人口。此處是待實地核對的候選清冊。
65000:250:11133:1188,cell:65000:250:11133:1188,新北市,淡水區,新北市 淡水區 八勢里,新北市 淡水區 八勢里,121.46745828220703,25.158136857766145,153.6643223464428,603.0965953610347,449.43227301459194,0.06733645001263946,住宅面積分配,residential_support,1,./?city=all&lat=25.158136857766145&layer=walking&lon=121.46745828220703&tab=map#explorer,代表點所在里與網格相交里只提供位置線索，不表示整里都存在服務缺口；人口是網格配置估計，並非官方里人口。此處是待實地核對的候選清冊。
65000:250:11133:1189,cell:65000:250:11133:1189,新北市,淡水區,新北市 淡水區 八勢里,新北市 淡水區 八勢里；新北市 淡水區 坪頂里,121.4699381012564,25.158129008734445,153.76103238950606,630.0610302238459,476.2999978343399,8.407067829083617,住宅面積分配,residential_support,1,./?city=all&lat=25.158129008734445&layer=walking&lon=121.4699381012564&tab=map#explorer,代表點所在里與網格相交里只提供位置線索，不表示整里都存在服務缺口；人口是網格配置估計，並非官方里人口。此處是待實地核對的候選清冊。
65000:250:11135:1194,cell:65000:250:11135:1194,新北市,淡水區,新北市 淡水區 樹興里,新北市 淡水區 坪頂里；新北市 淡水區 樹興里,121.48235493279874,25.162603073853766,134.55700645072938,546.4174709874565,411.8604645367271,20.711773040759724,住宅面積分配,residential_support,4,./?city=all&lat=25.162603073853766&layer=walking&lon=121.48235493279874&tab=map#explorer,代表點所在里與網格相交里只提供位置線索，不表示整里都存在服務缺口；人口是網格配置估計，並非官方里人口。此處是待實地核對的候選清冊。
65000:250:11135:1195,cell:65000:250:11135:1195,新北市,淡水區,新北市 淡水區 樹興里,新北市 淡水區 坪頂里；新北市 淡水區 樹興里,121.48483483676407,25.16259497402193,76.47394565730723,533.9098151486842,457.43586949137693,263.0140913539078,住宅面積分配,residential_support,4,./?city=all&lat=25.16259497402193&layer=walking&lon=121.48483483676407&tab=map#explorer,代表點所在里與網格相交里只提供位置線索，不表示整里都存在服務缺口；人口是網格配置估計，並非官方里人口。此處是待實地核對的候選清冊。
65000:250:11139:1196,cell:65000:250:11139:1196,新北市,淡水區,新北市 淡水區 樹興里,新北市 淡水區 樹興里,121.48735062178763,25.171614684043423,239.0867058634139,891.9060396329569,652.8193337695429,170.49026709260676,住宅面積分配,residential_support,1,./?city=all&lat=25.171614684043423&layer=walking&lon=121.48735062178763&tab=map#explorer,代表點所在里與網格相交里只提供位置線索，不表示整里都存在服務缺口；人口是網格配置估計，並非官方里人口。此處是待實地核對的候選清冊。
65000:250:11139:1197,cell:65000:250:11139:1197,新北市,淡水區,新北市 淡水區 樹興里,新北市 淡水區 樹興里,121.48983070617747,25.17160649780839,337.33025551155447,869.2857026504369,531.9554471388824,43.68529486006153,住宅面積分配,residential_support,2,./?city=all&lat=25.17160649780839&layer=walking&lon=121.48983070617747&tab=map#explorer,代表點所在里與網格相交里只提供位置線索，不表示整里都存在服務缺口；人口是網格配置估計，並非官方里人口。此處是待實地核對的候選清冊。
65000:250:11140:1182,cell:65000:250:11140:1182,新北市,淡水區,新北市 淡水區 學府里,新北市 淡水區 中興里；新北市 淡水區 學府里,121.45263766317323,25.173981900922463,178.63084306209558,620.5059480820343,441.8751050199387,746.4997304602042,面積均分代理,uniform_proxy,5,./?city=all&lat=25.173981900922463&layer=walking&lon=121.45263766317323&tab=map#explorer,代表點所在里與網格相交里只提供位置線索，不表示整里都存在服務缺口；人口是網格配置估計，並非官方里人口。此處是待實地核對的候選清冊。
65000:250:11140:1196,cell:65000:250:11140:1196,新北市,淡水區,新北市 淡水區 樹興里,新北市 淡水區 樹興里,121.48735959502731,25.173871645162276,249.0027173969317,588.201378181715,339.19866078478327,18.30130243273292,住宅面積分配,residential_support,2,./?city=all&lat=25.173871645162276&layer=walking&lon=121.48735959502731&tab=map#explorer,代表點所在里與網格相交里只提供位置線索，不表示整里都存在服務缺口；人口是網格配置估計，並非官方里人口。此處是待實地核對的候選清冊。
65000:250:11140:1197,cell:65000:250:11140:1197,新北市,淡水區,新北市 淡水區 樹興里,新北市 淡水區 樹興里,121.48983972507675,25.173863458092853,408.76542974136305,873.238699374052,464.4732696326889,23.49444481176793,住宅面積分配,residential_support,1,./?city=all&lat=25.173863458092853&layer=walking&lon=121.48983972507675&tab=map#explorer,代表點所在里與網格相交里只提供位置線索，不表示整里都存在服務缺口；人口是網格配置估計，並非官方里人口。此處是待實地核對的候選清冊。
65000:250:11144:1173,cell:65000:250:11144:1173,新北市,淡水區,新北市 淡水區 油車里,新北市 淡水區 大庄里；新北市 淡水區 油車里,121.43034801799735,25.183076388347718,116.36047780216312,535.3982624417004,419.0377846395372,2.40476333286962,住宅面積分配,residential_support,1,./?city=all&lat=25.183076388347718&layer=walking&lon=121.43034801799735&tab=map#explorer,代表點所在里與網格相交里只提供位置線索，不表示整里都存在服務缺口；人口是網格配置估計，並非官方里人口。此處是待實地核對的候選清冊。
65000:250:11144:1202,cell:65000:250:11144:1202,新北市,淡水區,新北市 淡水區 水源里,新北市 淡水區 水源里,121.50227735883325,25.182849716718653,424.42674226650337,601.8800196847118,177.45327741820842,59.0,住宅面積分配,residential_support,1,./?city=all&lat=25.182849716718653&layer=walking&lon=121.50227735883325&tab=map#explorer,代表點所在里與網格相交里只提供位置線索，不表示整里都存在服務缺口；人口是網格配置估計，並非官方里人口。此處是待實地核對的候選清冊。
65000:250:11145:1175,cell:65000:250:11145:1175,新北市,淡水區,新北市 淡水區 新市里,新北市 淡水區 大庄里；新北市 淡水區 新市里；新北市 淡水區 新春里,121.43531670875092,25.185318852472296,171.4967569802269,522.6921914700517,351.19543448982483,390.29217009454027,住宅面積分配,residential_support,4,./?city=all&lat=25.185318852472296&layer=walking&lon=121.43531670875092&tab=map#explorer,代表點所在里與網格相交里只提供位置線索，不表示整里都存在服務缺口；人口是網格配置估計，並非官方里人口。此處是待實地核對的候選清冊。
65000:250:11145:1184,cell:65000:250:11145:1184,新北市,淡水區,新北市 淡水區 北投里,新北市 淡水區 北投里,121.45764009340841,25.18525149239881,202.26728504496634,790.9029426414633,588.6356575964969,5.064171602188304,住宅面積分配,residential_support,1,./?city=all&lat=25.18525149239881&layer=walking&lon=121.45764009340841&tab=map#explorer,代表點所在里與網格相交里只提供位置線索，不表示整里都存在服務缺口；人口是網格配置估計，並非官方里人口。此處是待實地核對的候選清冊。
65000:250:11145:1185,cell:65000:250:11145:1185,新北市,淡水區,新北市 淡水區 北投里,新北市 淡水區 北投里,121.46012046447062,25.18524380006483,371.32054042701134,1143.4971934946884,772.1766530676771,35.78619476590111,住宅面積分配,residential_support,3,./?city=all&lat=25.18524380006483&layer=walking&lon=121.46012046447062&tab=map#explorer,代表點所在里與網格相交里只提供位置線索，不表示整里都存在服務缺口；人口是網格配置估計，並非官方里人口。此處是待實地核對的候選清冊。
65000:250:11145:1186,cell:65000:250:11145:1186,新北市,淡水區,新北市 淡水區 北投里,新北市 淡水區 北投里,121.46260083451045,25.185236066154825,378.99137859957614,1188.908081261206,809.9167026616299,33.12554097327158,面積均分代理,uniform_proxy,2,./?city=all&lat=25.185236066154825&layer=walking&lon=121.46260083451045&tab=map#explorer,代表點所在里與網格相交里只提供位置線索，不表示整里都存在服務缺口；人口是網格配置估計，並非官方里人口。此處是待實地核對的候選清冊。
65000:250:11145:1188,cell:65000:250:11145:1188,新北市,淡水區,新北市 淡水區 北投里,新北市 淡水區 北投里；新北市 淡水區 水源里,121.46756157150095,25.185220473606986,324.6889777294898,910.7818306570662,586.0928529275764,48.59992767954497,住宅面積分配,residential_support,1,./?city=all&lat=25.185220473606986&layer=walking&lon=121.46756157150095&tab=map#explorer,代表點所在里與網格相交里只提供位置線索，不表示整里都存在服務缺口；人口是網格配置估計，並非官方里人口。此處是待實地核對的候選清冊。
65000:250:11145:1189,cell:65000:250:11145:1189,新北市,淡水區,新北市 淡水區 北投里,新北市 淡水區 北投里；新北市 淡水區 水源里,121.47004193844059,25.185212614969288,218.95123111426395,697.50675979807,478.5555286838061,74.09704158562111,住宅面積分配,residential_support,2,./?city=all&lat=25.185212614969288&layer=walking&lon=121.47004193844059&tab=map#explorer,代表點所在里與網格相交里只提供位置線索，不表示整里都存在服務缺口；人口是網格配置估計，並非官方里人口。此處是待實地核對的候選清冊。
65000:250:11146:1187,cell:65000:250:11146:1187,新北市,淡水區,新北市 淡水區 水源里,新北市 淡水區 北投里；新北市 淡水區 水源里,121.46508977202105,25.18748525496051,301.8302083038415,1502.9374153262925,1201.107207022451,10.937622137652689,住宅面積分配,residential_support,1,./?city=all&lat=25.18748525496051&layer=walking&lon=121.46508977202105&tab=map#explorer,代表點所在里與網格相交里只提供位置線索，不表示整里都存在服務缺口；人口是網格配置估計，並非官方里人口。此處是待實地核對的候選清冊。
65000:250:11148:1182,cell:65000:250:11148:1182,新北市,淡水區,新北市 淡水區 埤島里,新北市 淡水區 埤島里,121.4527043713478,25.19203765489631,421.1901752227135,589.7527012220722,168.56252599935874,8.37188496452533,住宅面積分配,residential_support,1,./?city=all&lat=25.19203765489631&layer=walking&lon=121.4527043713478&tab=map#explorer,代表點所在里與網格相交里只提供位置線索，不表示整里都存在服務缺口；人口是網格配置估計，並非官方里人口。此處是待實地核對的候選清冊。
65000:250:11149:1182,cell:65000:250:11149:1182,新北市,淡水區,新北市 淡水區 埤島里,新北市 淡水區 埤島里,121.45271271439616,25.194294621033407,414.13127790216635,537.6338932404815,123.50261533831514,9.962526467584828,住宅面積分配,residential_support,2,./?city=all&lat=25.194294621033407&layer=walking&lon=121.45271271439616&tab=map#explorer,代表點所在里與網格相交里只提供位置線索，不表示整里都存在服務缺口；人口是網格配置估計，並非官方里人口。此處是待實地核對的候選清冊。
65000:250:11149:1183,cell:65000:250:11149:1183,新北市,淡水區,新北市 淡水區 埤島里,新北市 淡水區 埤島里,121.45519327029497,25.194287008750443,474.7339411098576,602.1174734571683,127.38353234731073,12.33619704786381,住宅面積分配,residential_support,1,./?city=all&lat=25.194287008750443&layer=walking&lon=121.45519327029497&tab=map#explorer,代表點所在里與網格相交里只提供位置線索，不表示整里都存在服務缺口；人口是網格配置估計，並非官方里人口。此處是待實地核對的候選清冊。
65000:250:11150:1170,cell:65000:250:11150:1170,新北市,淡水區,新北市 淡水區 沙崙里,新北市 淡水區 崁頂里；新北市 淡水區 沙崙里,121.42295376216398,25.19663969856279,86.25618853892568,506.9391287200326,420.6829401811069,156.0,住宅面積分配,residential_support,2,./?city=all&lat=25.19663969856279&layer=walking&lon=121.42295376216398&tab=map#explorer,代表點所在里與網格相交里只提供位置線索，不表示整里都存在服務缺口；人口是網格配置估計，並非官方里人口。此處是待實地核對的候選清冊。
65000:250:11152:1186,cell:65000:250:11152:1186,新北市,淡水區,新北市 淡水區 忠山里,新北市 淡水區 忠山里,121.46266051573677,25.201034807225994,293.81539219541816,514.2155939848369,220.40020178941876,6.153282105871172,住宅面積分配,residential_support,1,./?city=all&lat=25.201034807225994&layer=walking&lon=121.46266051573677&tab=map#explorer,代表點所在里與網格相交里只提供位置線索，不表示整里都存在服務缺口；人口是網格配置估計，並非官方里人口。此處是待實地核對的候選清冊。
65000:250:11152:1188,cell:65000:250:11152:1188,新北市,淡水區,新北市 淡水區 忠山里,新北市 淡水區 忠山里,121.46762189266713,25.20101920355631,336.81881645123576,574.4473025813963,237.62848613016058,0.46174457378947203,住宅面積分配,residential_support,1,./?city=all&lat=25.20101920355631&layer=walking&lon=121.46762189266713&tab=map#explorer,代表點所在里與網格相交里只提供位置線索，不表示整里都存在服務缺口；人口是網格配置估計，並非官方里人口。此處是待實地核對的候選清冊。
65000:250:11152:1189,cell:65000:250:11152:1189,新北市,淡水區,新北市 淡水區 忠山里,新北市 淡水區 忠山里,121.47010257957581,25.20101133931321,263.9457960752958,521.1958667234974,257.2500706482016,47.875758649927846,住宅面積分配,residential_support,2,./?city=all&lat=25.20101133931321&layer=walking&lon=121.47010257957581&tab=map#explorer,代表點所在里與網格相交里只提供位置線索，不表示整里都存在服務缺口；人口是網格配置估計，並非官方里人口。此處是待實地核對的候選清冊。
65000:250:11153:1186,cell:65000:250:11153:1186,新北市,淡水區,新北市 淡水區 忠山里,新北市 淡水區 忠山里,121.46266904573945,25.203291767470812,272.36786459102564,640.5062509582423,368.13838636721664,12.687408510786236,住宅面積分配,residential_support,2,./?city=all&lat=25.203291767470812&layer=walking&lon=121.46266904573945&tab=map#explorer,代表點所在里與網格相交里只提供位置線索，不表示整里都存在服務缺口；人口是網格配置估計，並非官方里人口。此處是待實地核對的候選清冊。
65000:250:11153:1188,cell:65000:250:11153:1188,新北市,淡水區,新北市 淡水區 忠山里,新北市 淡水區 忠山里,121.46763051413389,25.20327616221206,166.00720513550638,525.5916938954907,359.5844887599843,5.406734968899459,住宅面積分配,residential_support,2,./?city=all&lat=25.20327616221206&layer=walking&lon=121.46763051413389&tab=map#explorer,代表點所在里與網格相交里只提供位置線索，不表示整里都存在服務缺口；人口是網格配置估計，並非官方里人口。此處是待實地核對的候選清冊。
65000:250:11153:1189,cell:65000:250:11153:1189,新北市,淡水區,新北市 淡水區 忠山里,新北市 淡水區 忠山里,121.4701112467745,25.20326829716808,353.02211269754594,541.3057866529354,188.28367395538942,24.675324794326468,住宅面積分配,residential_support,4,./?city=all&lat=25.20326829716808&layer=walking&lon=121.4701112467745&tab=map#explorer,代表點所在里與網格相交里只提供位置線索，不表示整里都存在服務缺口；人口是網格配置估計，並非官方里人口。此處是待實地核對的候選清冊。
65000:250:11153:1190,cell:65000:250:11153:1190,新北市,淡水區,新北市 淡水區 忠山里,新北市 淡水區 忠山里,121.47259197837,25.203260390514437,254.67056942327253,559.6277368018351,304.9571673785626,25.987791100787835,住宅面積分配,residential_support,2,./?city=all&lat=25.203260390514437&layer=walking&lon=121.47259197837&tab=map#explorer,代表點所在里與網格相交里只提供位置線索，不表示整里都存在服務缺口；人口是網格配置估計，並非官方里人口。此處是待實地核對的候選清冊。
65000:250:11154:1173,cell:65000:250:11154:1173,新北市,淡水區,新北市 淡水區 崁頂里,新北市 淡水區 崁頂里；新北市 淡水區 義山里,121.43042733929848,25.205646114137576,292.77179894109884,513.8602565727962,221.08845763169734,45.821570267603384,住宅面積分配,residential_support,2,./?city=all&lat=25.205646114137576&layer=walking&lon=121.43042733929848&tab=map#explorer,代表點所在里與網格相交里只提供位置線索，不表示整里都存在服務缺口；人口是網格配置估計，並非官方里人口。此處是待實地核對的候選清冊。
65000:250:11154:1176,cell:65000:250:11154:1176,新北市,淡水區,新北市 淡水區 義山里,新北市 淡水區 崁頂里；新北市 淡水區 新崁里；新北市 淡水區 義山里,121.43786971658737,25.205624264407287,315.22637220247657,569.6982501526048,254.47187795012826,24.57899913822437,住宅面積分配,residential_support,3,./?city=all&lat=25.205624264407287&layer=walking&lon=121.43786971658737&tab=map#explorer,代表點所在里與網格相交里只提供位置線索，不表示整里都存在服務缺口；人口是網格配置估計，並非官方里人口。此處是待實地核對的候選清冊。
65000:250:11154:1177,cell:65000:250:11154:1177,新北市,淡水區,新北市 淡水區 義山里,新北市 淡水區 義山里,121.44035050707737,25.20561689793428,337.51336986950093,529.5290758226755,192.01570595317457,5.415281640810431,住宅面積分配,residential_support,1,./?city=all&lat=25.20561689793428&layer=walking&lon=121.44035050707737&tab=map#explorer,代表點所在里與網格相交里只提供位置線索，不表示整里都存在服務缺口；人口是網格配置估計，並非官方里人口。此處是待實地核對的候選清冊。
65000:250:11154:1184,cell:65000:250:11154:1184,新北市,淡水區,新北市 淡水區 忠山里,新北市 淡水區 忠山里；新北市 淡水區 義山里,121.45771601278659,25.20556416741565,299.09692913616556,726.9572866471759,427.86035751101036,63.78110774344778,住宅面積分配,residential_support,2,./?city=all&lat=25.20556416741565&layer=walking&lon=121.45771601278659&tab=map#explorer,代表點所在里與網格相交里只提供位置線索，不表示整里都存在服務缺口；人口是網格配置估計，並非官方里人口。此處是待實地核對的候選清冊。
65000:250:11154:1185,cell:65000:250:11154:1185,新北市,淡水區,新北市 淡水區 忠山里,新北市 淡水區 忠山里,121.4601967952902,25.205556468026977,416.6555035741977,561.3547284564671,144.6992248822694,54.12282720507645,住宅面積分配,residential_support,2,./?city=all&lat=25.205556468026977&layer=walking&lon=121.4601967952902&tab=map#explorer,代表點所在里與網格相交里只提供位置線索，不表示整里都存在服務缺口；人口是網格配置估計，並非官方里人口。此處是待實地核對的候選清冊。
65000:250:11155:1174,cell:65000:250:11155:1174,新北市,淡水區,新北市 淡水區 義山里,新北市 淡水區 義山里,121.43291611582858,25.207895840549952,451.13459233439636,562.9060145036149,111.77142216921851,7.039613686476123,住宅面積分配,residential_support,1,./?city=all&lat=25.207895840549952&layer=walking&lon=121.43291611582858&tab=map#explorer,代表點所在里與網格相交里只提供位置線索，不表示整里都存在服務缺口；人口是網格配置估計，並非官方里人口。此處是待實地核對的候選清冊。
65000:250:11155:1175,cell:65000:250:11155:1175,新北市,淡水區,新北市 淡水區 義山里,新北市 淡水區 義山里,121.4353969540041,25.207888556564882,467.17170602350666,611.2136719557782,144.04196593227152,6.526266511251556,住宅面積分配,residential_support,2,./?city=all&lat=25.207888556564882&layer=walking&lon=121.4353969540041&tab=map#explorer,代表點所在里與網格相交里只提供位置線索，不表示整里都存在服務缺口；人口是網格配置估計，並非官方里人口。此處是待實地核對的候選清冊。
65000:250:11155:1176,cell:65000:250:11155:1176,新北市,淡水區,新北市 淡水區 義山里,新北市 淡水區 義山里,121.4378777912116,25.207881230960762,421.90930203401047,737.4230085308674,315.5137064968569,7.8694713291914,住宅面積分配,residential_support,1,./?city=all&lat=25.207881230960762&layer=walking&lon=121.4378777912116&tab=map#explorer,代表點所在里與網格相交里只提供位置線索，不表示整里都存在服務缺口；人口是網格配置估計，並非官方里人口。此處是待實地核對的候選清冊。
65000:250:11155:1177,cell:65000:250:11155:1177,新北市,淡水區,新北市 淡水區 義山里,新北市 淡水區 義山里,121.44035862744555,25.207873863737646,286.67349525390256,755.1525994146272,468.4791041607246,1.812403606162016,住宅面積分配,residential_support,1,./?city=all&lat=25.207873863737646&layer=walking&lon=121.44035862744555&tab=map#explorer,代表點所在里與網格相交里只提供位置線索，不表示整里都存在服務缺口；人口是網格配置估計，並非官方里人口。此處是待實地核對的候選清冊。
65000:250:11155:1178,cell:65000:250:11155:1178,新北市,淡水區,新北市 淡水區 義山里,新北市 淡水區 義山里,121.44283946270039,25.207866454895616,428.9022040104052,662.6600388592391,233.75783484883385,3.746839133156125,住宅面積分配,residential_support,2,./?city=all&lat=25.207866454895616&layer=walking&lon=121.44283946270039&tab=map#explorer,代表點所在里與網格相交里只提供位置線索，不表示整里都存在服務缺口；人口是網格配置估計，並非官方里人口。此處是待實地核對的候選清冊。
65000:250:11155:1183,cell:65000:250:11155:1183,新北市,淡水區,新北市 淡水區 義山里,新北市 淡水區 忠山里；新北市 淡水區 義山里,121.45524362409543,25.2078287864039,347.9919134298491,809.126101025733,461.1341875958839,30.318922137532567,住宅面積分配,residential_support,2,./?city=all&lat=25.2078287864039&layer=walking&lon=121.45524362409543&tab=map#explorer,代表點所在里與網格相交里只提供位置線索，不表示整里都存在服務缺口；人口是網格配置估計，並非官方里人口。此處是待實地核對的候選清冊。
65000:250:11155:1184,cell:65000:250:11155:1184,新北市,淡水區,新北市 淡水區 忠山里,新北市 淡水區 忠山里；新北市 淡水區 義山里,121.45772445335999,25.207821127849694,320.0075313244364,971.0183877339758,651.0108564095394,15.595813854903207,住宅面積分配,residential_support,2,./?city=all&lat=25.207821127849694&layer=walking&lon=121.45772445335999&tab=map#explorer,代表點所在里與網格相交里只提供位置線索，不表示整里都存在服務缺口；人口是網格配置估計，並非官方里人口。此處是待實地核對的候選清冊。
65000:250:11156:1177,cell:65000:250:11156:1177,新北市,淡水區,新北市 淡水區 義山里,新北市 淡水區 義山里,121.4403667487928,25.21013082884971,263.9787256948003,786.2273555604654,522.2486298656652,6.948616666111539,住宅面積分配,residential_support,2,./?city=all&lat=25.21013082884971&layer=walking&lon=121.4403667487928&tab=map#explorer,代表點所在里與網格相交里只提供位置線索，不表示整里都存在服務缺口；人口是網格配置估計，並非官方里人口。此處是待實地核對的候選清冊。
65000:250:11156:1178,cell:65000:250:11156:1178,新北市,淡水區,新北市 淡水區 義山里,新北市 淡水區 義山里,121.44284762979701,25.210123419253314,314.5875274732095,723.5384897039454,408.9509622307359,35.17943115532627,住宅面積分配,residential_support,2,./?city=all&lat=25.210123419253314&layer=walking&lon=121.44284762979701&tab=map#explorer,代表點所在里與網格相交里只提供位置線索，不表示整里都存在服務缺口；人口是網格配置估計，並非官方里人口。此處是待實地核對的候選清冊。
65000:250:11156:1179,cell:65000:250:11156:1179,新北市,淡水區,新北市 淡水區 義山里,新北市 淡水區 義山里,121.44532850981653,25.210115968033826,374.9975178773329,526.1763703056733,151.17885242834046,58.03943362018096,住宅面積分配,residential_support,4,./?city=all&lat=25.210115968033826&layer=walking&lon=121.44532850981653&tab=map#explorer,代表點所在里與網格相交里只提供位置線索，不表示整里都存在服務缺口；人口是網格配置估計，並非官方里人口。此處是待實地核對的候選清冊。
65000:250:11156:1183,cell:65000:250:11156:1183,新北市,淡水區,新北市 淡水區 忠山里,新北市 淡水區 忠山里；新北市 淡水區 義山里,121.45525201993763,25.210085746926225,396.9489538762848,852.320835625075,455.3718817487902,0.47713642922041777,住宅面積分配,residential_support,1,./?city=all&lat=25.210085746926225&layer=walking&lon=121.45525201993763&tab=map#explorer,代表點所在里與網格相交里只提供位置線索，不表示整里都存在服務缺口；人口是網格配置估計，並非官方里人口。此處是待實地核對的候選清冊。
65000:250:11156:1186,cell:65000:250:11156:1186,新北市,淡水區,新北市 淡水區 忠山里,新北市 淡水區 忠山里,121.4626946419191,25.210062644056233,357.31496829002873,511.9742153267493,154.65924703672056,9.464020051290174,面積均分代理,uniform_proxy,1,./?city=all&lat=25.210062644056233&layer=walking&lon=121.4626946419191&tab=map#explorer,代表點所在里與網格相交里只提供位置線索，不表示整里都存在服務缺口；人口是網格配置估計，並非官方里人口。此處是待實地核對的候選清冊。
65000:250:11156:1187,cell:65000:250:11156:1187,新北市,淡水區,新北市 淡水區 忠山里,新北市 淡水區 忠山里,121.46517551386269,25.210054859854345,360.6833584317293,515.2308837907101,154.5475253589808,1.9072102392411272,面積均分代理,uniform_proxy,1,./?city=all&lat=25.210054859854345&layer=walking&lon=121.46517551386269&tab=map#explorer,代表點所在里與網格相交里只提供位置線索，不表示整里都存在服務缺口；人口是網格配置估計，並非官方里人口。此處是待實地核對的候選清冊。
65000:250:11157:1178,cell:65000:250:11157:1178,新北市,淡水區,新北市 淡水區 義山里,新北市 淡水區 義山里,121.4428557978783,25.212380382919623,387.5679033174319,1084.4291936200134,696.8612903025814,0.4159191739146424,住宅面積分配,residential_support,1,./?city=all&lat=25.212380382919623&layer=walking&lon=121.4428557978783&tab=map#explorer,代表點所在里與網格相交里只提供位置線索，不表示整里都存在服務缺口；人口是網格配置估計，並非官方里人口。此處是待實地核對的候選清冊。
65000:250:11157:1179,cell:65000:250:11157:1179,新北市,淡水區,新北市 淡水區 義山里,新北市 淡水區 義山里,121.4453367236526,25.212372930941505,498.99849182007057,921.9096173722297,422.91112555215915,26.332203577216774,住宅面積分配,residential_support,3,./?city=all&lat=25.212372930941505&layer=walking&lon=121.4453367236526&tab=map#explorer,代表點所在里與網格相交里只提供位置線索，不表示整里都存在服務缺口；人口是網格配置估計，並非官方里人口。此處是待實地核對的候選清冊。
65000:250:11157:1180,cell:65000:250:11157:1180,新北市,淡水區,新北市 淡水區 義山里,新北市 淡水區 義山里,121.44781764843668,25.21236543733613,415.1954959056057,813.7794640726504,398.5839681670447,16.108694133827456,住宅面積分配,residential_support,2,./?city=all&lat=25.21236543733613&layer=walking&lon=121.44781764843668&tab=map#explorer,代表點所在里與網格相交里只提供位置線索，不表示整里都存在服務缺口；人口是網格配置估計，並非官方里人口。此處是待實地核對的候選清冊。
65000:250:11157:1186,cell:65000:250:11157:1186,新北市,淡水區,新北市 淡水區 興仁里,新北市 淡水區 忠山里；新北市 淡水區 興仁里,121.46270317603648,25.21231960153488,355.09927554832484,509.6439131081077,154.54463755978287,9.400750287376423,面積均分代理,uniform_proxy,1,./?city=all&lat=25.21231960153488&layer=walking&lon=121.46270317603648&tab=map#explorer,代表點所在里與網格相交里只提供位置線索，不表示整里都存在服務缺口；人口是網格配置估計，並非官方里人口。此處是待實地核對的候選清冊。
65000:250:11157:1187,cell:65000:250:11157:1187,新北市,淡水區,新北市 淡水區 興仁里,新北市 淡水區 忠山里；新北市 淡水區 興仁里；新北市 淡水區 蕃薯里,121.46518409373422,25.212311816540467,353.75771743692945,510.74756464993936,156.9898472130099,0.8330520930923335,住宅面積分配,residential_support,1,./?city=all&lat=25.212311816540467&layer=walking&lon=121.46518409373422&tab=map#explorer,代表點所在里與網格相交里只提供位置線索，不表示整里都存在服務缺口；人口是網格配置估計，並非官方里人口。此處是待實地核對的候選清冊。
65000:250:11158:1179,cell:65000:250:11158:1179,新北市,淡水區,新北市 淡水區 興仁里,新北市 淡水區 義山里；新北市 淡水區 興仁里,121.44534493847895,25.214629893157735,488.742214582026,975.1086610499535,486.3664464679275,0.7695430085575753,住宅面積分配,residential_support,2,./?city=all&lat=25.214629893157735&layer=walking&lon=121.44534493847895&tab=map#explorer,代表點所在里與網格相交里只提供位置線索，不表示整里都存在服務缺口；人口是網格配置估計，並非官方里人口。此處是待實地核對的候選清冊。
65000:250:11164:1179,cell:65000:250:11164:1179,新北市,淡水區,新北市 淡水區 賢孝里,新北市 淡水區 賢孝里,121.44539424823716,25.22817165193194,455.4112386981709,669.0249080977025,213.61366939953155,2.441142702362426,住宅面積分配,residential_support,3,./?city=all&lat=25.22817165193194&layer=walking&lon=121.44539424823716&tab=map#explorer,代表點所在里與網格相交里只提供位置線索，不表示整里都存在服務缺口；人口是網格配置估計，並非官方里人口。此處是待實地核對的候選清冊。
65000:250:11164:1180,cell:65000:250:11164:1180,新北市,淡水區,新北市 淡水區 賢孝里,新北市 淡水區 賢孝里,121.44787549345868,25.228164152985748,395.1410478760517,776.2174728874543,381.0764250114026,55.4304820754101,住宅面積分配,residential_support,3,./?city=all&lat=25.228164152985748&layer=walking&lon=121.44787549345868&tab=map#explorer,代表點所在里與網格相交里只提供位置線索，不表示整里都存在服務缺口；人口是網格配置估計，並非官方里人口。此處是待實地核對的候選清冊。
65000:250:11165:1192,cell:65000:250:11165:1192,新北市,淡水區,新北市 淡水區 中和里,新北市 淡水區 中和里；新北市 淡水區 屯山里,121.47765917396264,25.230327863538612,342.68543428980865,1086.8494799158852,744.1640456260766,25.136652351592975,面積均分代理,uniform_proxy,4,./?city=all&lat=25.230327863538612&layer=walking&lon=121.47765917396264&tab=map#explorer,代表點所在里與網格相交里只提供位置線索，不表示整里都存在服務缺口；人口是網格配置估計，並非官方里人口。此處是待實地核對的候選清冊。
65000:250:11168:1180,cell:65000:250:11168:1180,新北市,淡水區,新北市 淡水區 屯山里,新北市 淡水區 屯山里,121.44790856967485,25.237191975281203,406.8513819113362,566.3718265011208,159.52044458978463,24.646962406283755,住宅面積分配,residential_support,1,./?city=all&lat=25.237191975281203&layer=walking&lon=121.44790856967485&tab=map#explorer,代表點所在里與網格相交里只提供位置線索，不表示整里都存在服務缺口；人口是網格配置估計，並非官方里人口。此處是待實地核對的候選清冊。
65000:250:11062:1250,cell:65000:250:11062:1250,新北市,深坑區,新北市 深坑區 昇高里,新北市 深坑區 昇高里,121.62039683913213,24.99732902384615,209.9620871547439,892.2891553075824,682.3270681528385,48.72772744702955,住宅面積分配,residential_support,1,./?city=all&lat=24.99732902384615&layer=walking&lon=121.62039683913213&tab=map#explorer,代表點所在里與網格相交里只提供位置線索，不表示整里都存在服務缺口；人口是網格配置估計，並非官方里人口。此處是待實地核對的候選清冊。
65000:250:11062:1251,cell:65000:250:11062:1251,新北市,深坑區,新北市 深坑區 昇高里,新北市 深坑區 昇高里,121.62287335801865,24.99731867577579,272.4887433642825,1005.624486997638,733.1357436333554,360.6413125167571,住宅面積分配,residential_support,1,./?city=all&lat=24.99731867577579&layer=walking&lon=121.62287335801865&tab=map#explorer,代表點所在里與網格相交里只提供位置線索，不表示整里都存在服務缺口；人口是網格配置估計，並非官方里人口。此處是待實地核對的候選清冊。
65000:250:11062:1252,cell:65000:250:11062:1252,新北市,深坑區,新北市 深坑區 昇高里,新北市 深坑區 昇高里,121.62534987552833,24.997308286485605,315.7417806350069,639.010481850187,323.26870121518016,14.679016036307175,住宅面積分配,residential_support,1,./?city=all&lat=24.997308286485605&layer=walking&lon=121.62534987552833&tab=map#explorer,代表點所在里與網格相交里只提供位置線索，不表示整里都存在服務缺口；人口是網格配置估計，並非官方里人口。此處是待實地核對的候選清冊。
65000:250:11063:1252,cell:65000:250:11063:1252,新北市,深坑區,新北市 深坑區 昇高里,新北市 深坑區 昇高里,121.62536129878619,24.999565247587952,281.76816821815567,579.7059067589514,297.93773854079575,28.073802959077618,住宅面積分配,residential_support,1,./?city=all&lat=24.999565247587952&layer=walking&lon=121.62536129878619&tab=map#explorer,代表點所在里與網格相交里只提供位置線索，不表示整里都存在服務缺口；人口是網格配置估計，並非官方里人口。此處是待實地核對的候選清冊。
65000:250:11063:1253,cell:65000:250:11063:1253,新北市,深坑區,新北市 深坑區 昇高里,新北市 深坑區 昇高里,121.6278378601448,24.99955481600944,380.2795722630328,668.498894369535,288.21932210650226,109.7372242493598,住宅面積分配,residential_support,2,./?city=all&lat=24.99955481600944&layer=walking&lon=121.6278378601448&tab=map#explorer,代表點所在里與網格相交里只提供位置線索，不表示整里都存在服務缺口；人口是網格配置估計，並非官方里人口。此處是待實地核對的候選清冊。
65000:250:11067:1241,cell:65000:250:11067:1241,新北市,深坑區,新北市 深坑區 萬福里,新北市 深坑區 萬福里,121.59816274985602,25.008705157571473,293.35866014747484,911.1344035497414,617.7757434022665,188.28123280499892,面積均分代理,uniform_proxy,1,./?city=all&lat=25.008705157571473&layer=walking&lon=121.59816274985602&tab=map#explorer,代表點所在里與網格相交里只提供位置線索，不表示整里都存在服務缺口；人口是網格配置估計，並非官方里人口。此處是待實地核對的候選清冊。
65000:250:11068:1241,cell:65000:250:11068:1241,新北市,深坑區,新北市 深坑區 萬福里,新北市 深坑區 萬福里,121.59817368217493,25.010962126703348,432.3968629758964,855.1695110000115,422.77264802411514,113.0629214106427,住宅面積分配,residential_support,1,./?city=all&lat=25.010962126703348&layer=walking&lon=121.59817368217493&tab=map#explorer,代表點所在里與網格相交里只提供位置線索，不表示整里都存在服務缺口；人口是網格配置估計，並非官方里人口。此處是待實地核對的候選清冊。
65000:250:11068:1253,cell:65000:250:11068:1253,新北市,深坑區,新北市 深坑區 賴仲里,新北市 深坑區 賴仲里,121.62789522341096,25.01083960583299,271.5623202757674,654.5549001266482,382.9925798508809,163.09344320831696,住宅面積分配,residential_support,2,./?city=all&lat=25.01083960583299&layer=walking&lon=121.62789522341096&tab=map#explorer,代表點所在里與網格相交里只提供位置線索，不表示整里都存在服務缺口；人口是網格配置估計，並非官方里人口。此處是待實地核對的候選清冊。
65000:250:11069:1254,cell:65000:250:11069:1254,新北市,深坑區,新北市 深坑區 賴仲里,新北市 深坑區 土庫里；新北市 深坑區 賴仲里,121.63038353170168,25.013086082488247,323.1006300578921,539.0080248943584,215.90739483646632,10.126299684668574,住宅面積分配,residential_support,1,./?city=all&lat=25.013086082488247&layer=walking&lon=121.63038353170168&tab=map#explorer,代表點所在里與網格相交里只提供位置線索，不表示整里都存在服務缺口；人口是網格配置估計，並非官方里人口。此處是待實地核對的候選清冊。
65000:250:11070:1255,cell:65000:250:11070:1255,新北市,深坑區,新北市 深坑區 土庫里,新北市 深坑區 土庫里,121.63287193052572,25.015332515054105,375.5993156348532,511.22898296961995,135.62966733476674,5.912314179426063,面積均分代理,uniform_proxy,1,./?city=all&lat=25.015332515054105&layer=walking&lon=121.63287193052572&tab=map#explorer,代表點所在里與網格相交里只提供位置線索，不表示整里都存在服務缺口；人口是網格配置估計，並非官方里人口。此處是待實地核對的候選清冊。
65000:250:11002:1222,cell:65000:250:11002:1222,新北市,烏來區,新北市 烏來區 烏來里,新北市 烏來區 烏來里,121.55045202294671,24.862181304162853,488.98810251714525,722.4910338536708,233.5029313365256,222.03796326224622,住宅面積分配,residential_support,4,./?city=all&lat=24.862181304162853&layer=walking&lon=121.55045202294671&tab=map#explorer,代表點所在里與網格相交里只提供位置線索，不表示整里都存在服務缺口；人口是網格配置估計，並非官方里人口。此處是待實地核對的候選清冊。
65000:250:11003:1221,cell:65000:250:11003:1221,新北市,烏來區,新北市 烏來區 烏來里,新北市 烏來區 烏來里,121.5479881190299,24.86444743397994,415.40118538188653,1270.3552179919243,854.9540326100378,406.3905276052635,住宅面積分配,residential_support,2,./?city=all&lat=24.86444743397994&layer=walking&lon=121.5479881190299&tab=map#explorer,代表點所在里與網格相交里只提供位置線索，不表示整里都存在服務缺口；人口是網格配置估計，並非官方里人口。此處是待實地核對的候選清冊。
65000:250:11003:1222,cell:65000:250:11003:1222,新北市,烏來區,新北市 烏來區 烏來里,新北市 烏來區 烏來里,121.55046201630245,24.86443833658676,293.7195840025619,634.3957000361883,340.6761160336264,331.9076471215017,住宅面積分配,residential_support,2,./?city=all&lat=24.86443833658676&layer=walking&lon=121.55046201630245&tab=map#explorer,代表點所在里與網格相交里只提供位置線索，不表示整里都存在服務缺口；人口是網格配置估計，並非官方里人口。此處是待實地核對的候選清冊。
65000:250:11004:1220,cell:65000:250:11004:1220,新北市,烏來區,新北市 烏來區 烏來里,新北市 烏來區 烏來里,121.54552412529384,24.866713524005046,358.19156812867857,1564.6680104932313,1206.476442364553,6.048428741863337,住宅面積分配,residential_support,1,./?city=all&lat=24.866713524005046&layer=walking&lon=121.54552412529384&tab=map#explorer,代表點所在里與網格相交里只提供位置線索，不表示整里都存在服務缺口；人口是網格配置估計，並非官方里人口。此處是待實地核對的候選清冊。
65000:250:11004:1221,cell:65000:250:11004:1221,新北市,烏來區,新北市 烏來區 烏來里,新北市 烏來區 烏來里,121.54799806868573,24.866704466653808,323.6072490759216,1696.7254325300948,1373.1181834541733,195.3001764187404,住宅面積分配,residential_support,2,./?city=all&lat=24.866704466653808&layer=walking&lon=121.54799806868573&tab=map#explorer,代表點所在里與網格相交里只提供位置線索，不表示整里都存在服務缺口；人口是網格配置估計，並非官方里人口。此處是待實地核對的候選清冊。
65000:250:11115:1331,cell:65000:250:11115:1331,新北市,瑞芳區,新北市 瑞芳區 瑞濱里,新北市 瑞芳區 海濱里；新北市 瑞芳區 瑞濱里,121.82178724118556,25.11597010482339,290.05016099260513,528.6204239306542,238.57026293804904,159.7429682954297,面積均分代理,uniform_proxy,1,./?city=all&lat=25.11597010482339&layer=walking&lon=121.82178724118556&tab=map#explorer,代表點所在里與網格相交里只提供位置線索，不表示整里都存在服務缺口；人口是網格配置估計，並非官方里人口。此處是待實地核對的候選清冊。
65000:250:11116:1331,cell:65000:250:11116:1331,新北市,瑞芳區,新北市 瑞芳區 瑞濱里,新北市 瑞芳區 瑞濱里,121.82180233371899,25.118226931702722,183.93382056292992,633.7639210379084,449.8301004749785,61.86424058988034,住宅面積分配,residential_support,1,./?city=all&lat=25.118226931702722&layer=walking&lon=121.82180233371899&tab=map#explorer,代表點所在里與網格相交里只提供位置線索，不表示整里都存在服務缺口；人口是網格配置估計，並非官方里人口。此處是待實地核對的候選清冊。
65000:250:11119:1342,cell:65000:250:11119:1342,新北市,瑞芳區,新北市 瑞芳區 海濱里,新北市 瑞芳區 海濱里,121.84911625659066,25.124843696193825,176.3877317842332,553.3013182102228,376.9135864259896,119.66128634544998,面積均分代理,uniform_proxy,1,./?city=all&lat=25.124843696193825&layer=walking&lon=121.84911625659066&tab=map#explorer,代表點所在里與網格相交里只提供位置線索，不表示整里都存在服務缺口；人口是網格配置估計，並非官方里人口。此處是待實地核對的候選清冊。
65000:250:11120:1327,cell:65000:250:11120:1327,新北市,瑞芳區,新北市 瑞芳區 瑞濱里,新北市 瑞芳區 深澳里；新北市 瑞芳區 瑞濱里,121.81194661783887,25.127308889543027,323.084031729463,595.8087970444732,272.7247653150102,33.78512378522126,住宅面積分配,residential_support,1,./?city=all&lat=25.127308889543027&layer=walking&lon=121.81194661783887&tab=map#explorer,代表點所在里與網格相交里只提供位置線索，不表示整里都存在服務缺口；人口是網格配置估計，並非官方里人口。此處是待實地核對的候選清冊。
65000:250:11121:1327,cell:65000:250:11121:1327,新北市,瑞芳區,新北市 瑞芳區 深澳里,新北市 瑞芳區 深澳里；新北市 瑞芳區 瑞濱里,121.81196153732787,25.129565718522404,281.62831070250627,660.3734891394824,378.7451784369762,12.417459449971945,住宅面積分配,residential_support,2,./?city=all&lat=25.129565718522404&layer=walking&lon=121.81196153732787&tab=map#explorer,代表點所在里與網格相交里只提供位置線索，不表示整里都存在服務缺口；人口是網格配置估計，並非官方里人口。此處是待實地核對的候選清冊。
65000:250:11060:1262,cell:65000:250:11060:1262,新北市,石碇區,新北市 石碇區 潭邊里,新北市 石碇區 潭邊里,121.65009122687519,24.992688223991017,389.116796665499,1194.0438159400505,804.9270192745515,1.613687993893089,住宅面積分配,residential_support,1,./?city=all&lat=24.992688223991017&layer=walking&lon=121.65009122687519&tab=map#explorer,代表點所在里與網格相交里只提供位置線索，不表示整里都存在服務缺口；人口是網格配置估計，並非官方里人口。此處是待實地核對的候選清冊。
65000:250:11060:1263,cell:65000:250:11060:1263,新北市,石碇區,新北市 石碇區 潭邊里,新北市 石碇區 潭邊里；新北市 石碇區 石碇里,121.65256763843459,24.99267738351032,383.43408139008375,1188.330545815648,804.8964644255643,3.95165710653863,面積均分代理,uniform_proxy,1,./?city=all&lat=24.99267738351032&layer=walking&lon=121.65256763843459&tab=map#explorer,代表點所在里與網格相交里只提供位置線索，不表示整里都存在服務缺口；人口是網格配置估計，並非官方里人口。此處是待實地核對的候選清冊。
65000:250:11061:1262,cell:65000:250:11061:1262,新北市,石碇區,新北市 石碇區 潭邊里,新北市 石碇區 潭邊里,121.65010309956659,24.994945175597174,372.1893093177448,1036.332847304587,664.1435379868421,22.495422636384006,面積均分代理,uniform_proxy,2,./?city=all&lat=24.994945175597174&layer=walking&lon=121.65010309956659&tab=map#explorer,代表點所在里與網格相交里只提供位置線索，不表示整里都存在服務缺口；人口是網格配置估計，並非官方里人口。此處是待實地核對的候選清冊。
65000:250:11061:1263,cell:65000:250:11061:1263,新北市,石碇區,新北市 石碇區 潭邊里,新北市 石碇區 潭邊里,121.65257955634517,24.994934334005737,382.14081963009517,1187.6802557195344,805.5394360894393,4.394392192701231,面積均分代理,uniform_proxy,1,./?city=all&lat=24.994934334005737&layer=walking&lon=121.65257955634517&tab=map#explorer,代表點所在里與網格相交里只提供位置線索，不表示整里都存在服務缺口；人口是網格配置估計，並非官方里人口。此處是待實地核對的候選清冊。
65000:250:11067:1278,cell:65000:250:11067:1278,新北市,石碇區,新北市 石碇區 永定里,新北市 石碇區 永定里,121.68980184099574,25.008308349910735,258.38728213572176,554.1786979271876,295.79141579146585,12.083297854229052,住宅面積分配,residential_support,1,./?city=all&lat=25.008308349910735&layer=walking&lon=121.68980184099574&tab=map#explorer,代表點所在里與網格相交里只提供位置線索，不表示整里都存在服務缺口；人口是網格配置估計，並非官方里人口。此處是待實地核對的候選清冊。
65000:250:11067:1279,cell:65000:250:11067:1279,新北市,石碇區,新北市 石碇區 永定里,新北市 石碇區 永定里,121.69227854545794,25.00829684182817,234.93052434421747,504.6041162584995,269.67359191428204,79.86062797392826,住宅面積分配,residential_support,2,./?city=all&lat=25.00829684182817&layer=walking&lon=121.69227854545794&tab=map#explorer,代表點所在里與網格相交里只提供位置線索，不表示整里都存在服務缺口；人口是網格配置估計，並非官方里人口。此處是待實地核對的候選清冊。
65000:250:11067:1281,cell:65000:250:11067:1281,新北市,石碇區,新北市 石碇區 永定里,新北市 石碇區 永定里,121.69723194978481,25.00827370194831,269.8307077274663,730.0054750806241,460.17476735315785,84.30109894055252,面積均分代理,uniform_proxy,1,./?city=all&lat=25.00827370194831&layer=walking&lon=121.69723194978481&tab=map#explorer,代表點所在里與網格相交里只提供位置線索，不表示整里都存在服務缺口；人口是網格配置估計，並非官方里人口。此處是待實地核對的候選清冊。
65000:250:11068:1270,cell:65000:250:11068:1270,新北市,石碇區,新北市 石碇區 中民里,新北市 石碇區 中民里,121.67000039565944,25.010655867750835,275.21502785086193,1152.7183800254818,877.5033521746199,13.877560570173342,住宅面積分配,residential_support,2,./?city=all&lat=25.010655867750835&layer=walking&lon=121.67000039565944&tab=map#explorer,代表點所在里與網格相交里只提供位置線索，不表示整里都存在服務缺口；人口是網格配置估計，並非官方里人口。此處是待實地核對的候選清冊。
65000:250:11068:1271,cell:65000:250:11068:1271,新北市,石碇區,新北市 石碇區 中民里,新北市 石碇區 中民里,121.6724771574266,25.010644688433278,361.62165635237284,1153.5812549112238,791.959598558851,140.7806895972278,住宅面積分配,residential_support,2,./?city=all&lat=25.010644688433278&layer=walking&lon=121.6724771574266&tab=map#explorer,代表點所在里與網格相交里只提供位置線索，不表示整里都存在服務缺口；人口是網格配置估計，並非官方里人口。此處是待實地核對的候選清冊。
65000:250:11068:1275,cell:65000:250:11068:1275,新北市,石碇區,新北市 石碇區 永定里,新北市 石碇區 中民里；新北市 石碇區 永定里,121.68238418957044,25.01059955873111,352.2462215618391,515.8712254587614,163.6250038969223,1.1127734257535522,住宅面積分配,residential_support,1,./?city=all&lat=25.01059955873111&layer=walking&lon=121.68238418957044&tab=map#explorer,代表點所在里與網格相交里只提供位置線索，不表示整里都存在服務缺口；人口是網格配置估計，並非官方里人口。此處是待實地核對的候選清冊。
65000:250:11068:1276,cell:65000:250:11068:1276,新北市,石碇區,新北市 石碇區 永定里,新北市 石碇區 永定里,121.68486094384781,25.01058817319806,374.3722197302484,551.6603887795771,177.28816904932876,22.140695656642926,住宅面積分配,residential_support,5,./?city=all&lat=25.01058817319806&layer=walking&lon=121.68486094384781&tab=map#explorer,代表點所在里與網格相交里只提供位置線索，不表示整里都存在服務缺口；人口是網格配置估計，並非官方里人口。此處是待實地核對的候選清冊。
65000:250:11069:1271,cell:65000:250:11069:1271,新北市,石碇區,新北市 石碇區 中民里,新北市 石碇區 中民里,121.67248944897922,25.01290162436756,416.35974785645806,910.4343089600115,494.0745611035535,2.256864675638017,面積均分代理,uniform_proxy,1,./?city=all&lat=25.01290162436756&layer=walking&lon=121.67248944897922&tab=map#explorer,代表點所在里與網格相交里只提供位置線索，不表示整里都存在服務缺口；人口是網格配置估計，並非官方里人口。此處是待實地核對的候選清冊。
65000:250:11069:1272,cell:65000:250:11069:1272,新北市,石碇區,新北市 石碇區 中民里,新北市 石碇區 中民里,121.6749662545213,25.012890402657643,408.9120877464551,752.1994579487595,343.2873702023044,170.0,住宅面積分配,residential_support,2,./?city=all&lat=25.012890402657643&layer=walking&lon=121.6749662545213&tab=map#explorer,代表點所在里與網格相交里只提供位置線索，不表示整里都存在服務缺口；人口是網格配置估計，並非官方里人口。此處是待實地核對的候選清冊。
65000:250:11126:1246,cell:65000:250:11126:1246,新北市,萬里區,新北市 萬里區 溪底里,新北市 萬里區 溪底里,121.6112071947442,25.141814527502465,468.56537092597154,788.3608481163209,319.79547719034935,168.00540639713955,面積均分代理,uniform_proxy,1,./?city=all&lat=25.141814527502465&layer=walking&lon=121.6112071947442&tab=map#explorer,代表點所在里與網格相交里只提供位置線索，不表示整里都存在服務缺口；人口是網格配置估計，並非官方里人口。此處是待實地核對的候選清冊。
65000:250:11140:1272,cell:65000:250:11140:1272,新北市,萬里區,新北市 萬里區 中幅里,新北市 萬里區 中幅里,121.6758459905934,25.173131004400968,364.71798920045813,542.0842018088091,177.36621260835096,45.172054551175236,面積均分代理,uniform_proxy,1,./?city=all&lat=25.173131004400968&layer=walking&lon=121.6758459905934&tab=map#explorer,代表點所在里與網格相交里只提供位置線索，不表示整里都存在服務缺口；人口是網格配置估計，並非官方里人口。此處是待實地核對的候選清冊。
65000:250:11141:1266,cell:65000:250:11141:1266,新北市,萬里區,新北市 萬里區 雙興里,新北市 萬里區 雙興里,121.66097793994994,25.175455093365468,454.2237786508675,673.458259301273,219.2344806504055,5.225090369715363,住宅面積分配,residential_support,1,./?city=all&lat=25.175455093365468&layer=walking&lon=121.66097793994994&tab=map#explorer,代表點所在里與網格相交里只提供位置線索，不表示整里都存在服務缺口；人口是網格配置估計，並非官方里人口。此處是待實地核對的候選清冊。
65000:250:11142:1265,cell:65000:250:11142:1265,新北市,萬里區,新北市 萬里區 雙興里,新北市 萬里區 雙興里,121.65850997868812,25.17772304082658,458.4561857012519,545.1634344265409,86.70724872528899,0.7337469837437546,住宅面積分配,residential_support,1,./?city=all&lat=25.17772304082658&layer=walking&lon=121.65850997868812&tab=map#explorer,代表點所在里與網格相交里只提供位置線索，不表示整里都存在服務缺口；人口是網格配置估計，並非官方里人口。此處是待實地核對的候選清冊。
65000:250:11142:1266,cell:65000:250:11142:1266,新北市,萬里區,新北市 萬里區 雙興里,新北市 萬里區 雙興里,121.66099011206119,25.177711984462686,474.0086988258065,639.1532962770461,165.14459745123963,0.4032136399703033,住宅面積分配,residential_support,1,./?city=all&lat=25.177711984462686&layer=walking&lon=121.66099011206119&tab=map#explorer,代表點所在里與網格相交里只提供位置線索，不表示整里都存在服務缺口；人口是網格配置估計，並非官方里人口。此處是待實地核對的候選清冊。
65000:250:11146:1274,cell:65000:250:11146:1274,新北市,萬里區,新北市 萬里區 龜吼里,新北市 萬里區 龜吼里,121.68088129050844,25.186649558302726,119.92852986317739,605.3492450672977,485.4207152041203,91.52313518847286,住宅面積分配,residential_support,2,./?city=all&lat=25.186649558302726&layer=walking&lon=121.68088129050844&tab=map#explorer,代表點所在里與網格相交里只提供位置線索，不表示整里都存在服務缺口；人口是網格配置估計，並非官方里人口。此處是待實地核對的候選清冊。
65000:250:11149:1272,cell:65000:250:11149:1272,新北市,萬里區,新北市 萬里區 龜吼里,新北市 萬里區 野柳里；新北市 萬里區 龜吼里,121.67595804594589,25.19344294389615,450.6770304582176,1094.2763108055487,643.5992803473312,43.26046899756193,面積均分代理,uniform_proxy,1,./?city=all&lat=25.19344294389615&layer=walking&lon=121.67595804594589&tab=map#explorer,代表點所在里與網格相交里只提供位置線索，不表示整里都存在服務缺口；人口是網格配置估計，並非官方里人口。此處是待實地核對的候選清冊。
65000:250:11149:1273,cell:65000:250:11149:1273,新北市,萬里區,新北市 萬里區 龜吼里,新北市 萬里區 龜吼里,121.67843848871797,25.193431588541998,327.3060855745592,812.9497896120255,485.6437040374663,146.084519144559,住宅面積分配,residential_support,3,./?city=all&lat=25.193431588541998&layer=walking&lon=121.67843848871797&tab=map#explorer,代表點所在里與網格相交里只提供位置線索，不表示整里都存在服務缺口；人口是網格配置估計，並非官方里人口。此處是待實地核對的候選清冊。
65000:250:11150:1272,cell:65000:250:11150:1272,新北市,萬里區,新北市 萬里區 野柳里,新北市 萬里區 野柳里；新北市 萬里區 龜吼里,121.67597050405014,25.195699822591443,471.9533644421351,984.245971162618,512.2926067204829,17.846804912057372,面積均分代理,uniform_proxy,1,./?city=all&lat=25.195699822591443&layer=walking&lon=121.67597050405014&tab=map#explorer,代表點所在里與網格相交里只提供位置線索，不表示整里都存在服務缺口；人口是網格配置估計，並非官方里人口。此處是待實地核對的候選清冊。
65000:250:11150:1273,cell:65000:250:11150:1273,新北市,萬里區,新北市 萬里區 龜吼里,新北市 萬里區 野柳里；新北市 萬里區 龜吼里,121.67845099252898,25.195688466080647,357.14848522589375,643.3076532030962,286.1591679772024,22.386062451778557,面積均分代理,uniform_proxy,1,./?city=all&lat=25.195688466080647&layer=walking&lon=121.67845099252898&tab=map#explorer,代表點所在里與網格相交里只提供位置線索，不表示整里都存在服務缺口；人口是網格配置估計，並非官方里人口。此處是待實地核對的候選清冊。
65000:250:11070:1371,cell:65000:250:11070:1371,新北市,貢寮區,新北市 貢寮區 雙玉里,新北市 貢寮區 雙玉里,121.92017854858726,25.013832095265634,462.14684744711536,693.6418215953846,231.49497414826925,8.411018848956079,住宅面積分配,residential_support,1,./?city=all&lat=25.013832095265634&layer=walking&lon=121.92017854858726&tab=map#explorer,代表點所在里與網格相交里只提供位置線索，不表示整里都存在服務缺口；人口是網格配置估計，並非官方里人口。此處是待實地核對的候選清冊。
65000:250:11070:1381,cell:65000:250:11070:1381,新北市,貢寮區,新北市 貢寮區 福隆里,新北市 貢寮區 福隆里,121.94494520046024,25.013676764654328,315.10381721213855,562.453610221592,247.3497930094535,4.480589745770004,住宅面積分配,residential_support,1,./?city=all&lat=25.013676764654328&layer=walking&lon=121.94494520046024&tab=map#explorer,代表點所在里與網格相交里只提供位置線索，不表示整里都存在服務缺口；人口是網格配置估計，並非官方里人口。此處是待實地核對的候選清冊。
65000:250:11070:1382,cell:65000:250:11070:1382,新北市,貢寮區,新北市 貢寮區 福隆里,新北市 貢寮區 福隆里,121.94742185424569,25.013661004777024,381.3472577380812,531.7702249262426,150.42296718816135,120.5452936424969,面積均分代理,uniform_proxy,3,./?city=all&lat=25.013661004777024&layer=walking&lon=121.94742185424569&tab=map#explorer,代表點所在里與網格相交里只提供位置線索，不表示整里都存在服務缺口；人口是網格配置估計，並非官方里人口。此處是待實地核對的候選清冊。
65000:250:11071:1370,cell:65000:250:11071:1370,新北市,貢寮區,新北市 貢寮區 雙玉里,新北市 貢寮區 雙玉里,121.9177186480111,25.016104201807373,430.1308028735186,630.4819392253221,200.35113635180352,16.070545697436124,住宅面積分配,residential_support,5,./?city=all&lat=25.016104201807373&layer=walking&lon=121.9177186480111&tab=map#explorer,代表點所在里與網格相交里只提供位置線索，不表示整里都存在服務缺口；人口是網格配置估計，並非官方里人口。此處是待實地核對的候選清冊。
65000:250:11071:1371,cell:65000:250:11071:1371,新北市,貢寮區,新北市 貢寮區 雙玉里,新北市 貢寮區 雙玉里,121.92019536973878,25.016088893998145,484.14386284361615,661.5136429369643,177.36978009334814,14.739335258548403,住宅面積分配,residential_support,3,./?city=all&lat=25.016088893998145&layer=walking&lon=121.92019536973878&tab=map#explorer,代表點所在里與網格相交里只提供位置線索，不表示整里都存在服務缺口；人口是網格配置估計，並非官方里人口。此處是待實地核對的候選清冊。
65000:250:11072:1370,cell:65000:250:11072:1370,新北市,貢寮區,新北市 貢寮區 雙玉里,新北市 貢寮區 雙玉里,121.91773542593316,25.018361001411655,415.06961286294546,647.1711147408197,232.10150187787423,2.668040636151009,住宅面積分配,residential_support,1,./?city=all&lat=25.018361001411655&layer=walking&lon=121.91773542593316&tab=map#explorer,代表點所在里與網格相交里只提供位置線索，不表示整里都存在服務缺口；人口是網格配置估計，並非官方里人口。此處是待實地核對的候選清冊。
65000:250:11073:1370,cell:65000:250:11073:1370,新北市,貢寮區,新北市 貢寮區 雙玉里,新北市 貢寮區 雙玉里,121.91775220588482,25.020617800320437,354.27702997230324,952.7970608890207,598.5200309167175,27.723271350052947,住宅面積分配,residential_support,5,./?city=all&lat=25.020617800320437&layer=walking&lon=121.91775220588482&tab=map#explorer,代表點所在里與網格相交里只提供位置線索，不表示整里都存在服務缺口；人口是網格配置估計，並非官方里人口。此處是待實地核對的候選清冊。
65000:250:11151:1239,cell:65000:250:11151:1239,新北市,金山區,新北市 金山區 重和里,新北市 金山區 重和里,121.59412452545037,25.198308168672682,243.55568465017402,740.8540511381967,497.2983664880227,7.219902807681778,住宅面積分配,residential_support,1,./?city=all&lat=25.198308168672682&layer=walking&lon=121.59412452545037&tab=map#explorer,代表點所在里與網格相交里只提供位置線索，不表示整里都存在服務缺口；人口是網格配置估計，並非官方里人口。此處是待實地核對的候選清冊。
65000:250:11151:1240,cell:65000:250:11151:1240,新北市,金山區,新北市 金山區 重和里,新北市 金山區 重和里,121.59660510631254,25.198298183665415,252.1888701110385,695.139515648348,442.9506455373095,4.047920077071056,住宅面積分配,residential_support,1,./?city=all&lat=25.198298183665415&layer=walking&lon=121.59660510631254&tab=map#explorer,代表點所在里與網格相交里只提供位置線索，不表示整里都存在服務缺口；人口是網格配置估計，並非官方里人口。此處是待實地核對的候選清冊。
65000:250:11152:1239,cell:65000:250:11152:1239,新北市,金山區,新北市 金山區 重和里,新北市 金山區 重和里,121.59413547780748,25.200565081774425,384.96698448738925,762.3561961759688,377.3892116885795,88.52406736883832,住宅面積分配,residential_support,1,./?city=all&lat=25.200565081774425&layer=walking&lon=121.59413547780748&tab=map#explorer,代表點所在里與網格相交里只提供位置線索，不表示整里都存在服務缺口；人口是網格配置估計，並非官方里人口。此處是待實地核對的候選清冊。
65000:250:11152:1240,cell:65000:250:11152:1240,新北市,金山區,新北市 金山區 重和里,新北市 金山區 重和里,121.5966161043912,25.20055509575023,368.9099186404054,518.521164143294,149.61124550288855,25.08190181795742,住宅面積分配,residential_support,2,./?city=all&lat=25.20055509575023&layer=walking&lon=121.5966161043912&tab=map#explorer,代表點所在里與網格相交里只提供位置線索，不表示整里都存在服務缺口；人口是網格配置估計，並非官方里人口。此處是待實地核對的候選清冊。
65000:250:11153:1239,cell:65000:250:11153:1239,新北市,金山區,新北市 金山區 重和里,新北市 金山區 重和里,121.5941464314853,25.20282199418303,478.05404773647194,639.9940255764325,161.93997783996053,1.2518242536541284,住宅面積分配,residential_support,1,./?city=all&lat=25.20282199418303&layer=walking&lon=121.5941464314853&tab=map#explorer,代表點所在里與網格相交里只提供位置線索，不表示整里都存在服務缺口；人口是網格配置估計，並非官方里人口。此處是待實地核對的候選清冊。
65000:250:11051:1329,cell:65000:250:11051:1329,新北市,雙溪區,新北市 雙溪區 泰平里,新北市 雙溪區 泰平里,121.81587331258356,24.9715589588246,297.3752378269985,709.9312640588199,412.5560262318214,66.28265085227106,住宅面積分配,residential_support,2,./?city=all&lat=24.9715589588246&layer=walking&lon=121.81587331258356&tab=map#explorer,代表點所在里與網格相交里只提供位置線索，不表示整里都存在服務缺口；人口是網格配置估計，並非官方里人口。此處是待實地核對的候選清冊。
65000:250:11051:1333,cell:65000:250:11051:1333,新北市,雙溪區,新北市 雙溪區 泰平里,新北市 雙溪區 泰平里,121.82577688643993,24.971504356620926,214.99703275878653,1605.7244615076252,1390.7274287488385,198.13415454498988,住宅面積分配,residential_support,2,./?city=all&lat=24.971504356620926&layer=walking&lon=121.82577688643993&tab=map#explorer,代表點所在里與網格相交里只提供位置線索，不表示整里都存在服務缺口；人口是網格配置估計，並非官方里人口。此處是待實地核對的候選清冊。
65000:250:11052:1328,cell:65000:250:11052:1328,新北市,雙溪區,新北市 雙溪區 泰平里,新北市 雙溪區 泰平里,121.81341225531453,24.973829381936383,468.9840246928569,1098.1813882976437,629.1973636047868,122.57616085379122,住宅面積分配,residential_support,4,./?city=all&lat=24.973829381936383&layer=walking&lon=121.81341225531453&tab=map#explorer,代表點所在里與網格相交里只提供位置線索，不表示整里都存在服務缺口；人口是網格配置估計，並非官方里人口。此處是待實地核對的候選清冊。
65000:250:11052:1329,cell:65000:250:11052:1329,新北市,雙溪區,新北市 雙溪區 泰平里,新北市 雙溪區 泰平里,121.81588819845891,24.97381583290947,358.8460039471313,1096.4617851368005,737.6157811896692,1.1189285996304472,住宅面積分配,residential_support,1,./?city=all&lat=24.97381583290947&layer=walking&lon=121.81588819845891&tab=map#explorer,代表點所在里與網格相交里只提供位置線索，不表示整里都存在服務缺口；人口是網格配置估計，並非官方里人口。此處是待實地核對的候選清冊。
65000:250:11072:1333,cell:65000:250:11072:1333,新北市,雙溪區,新北市 雙溪區 外柑里,新北市 雙溪區 外柑里,121.82609366660505,25.01889844933157,418.96203870980503,1279.1452523680982,860.1832136582932,26.0,住宅面積分配,residential_support,2,./?city=all&lat=25.01889844933157&layer=walking&lon=121.82609366660505&tab=map#explorer,代表點所在里與網格相交里只提供位置線索，不表示整里都存在服務缺口；人口是網格配置估計，並非官方里人口。此處是待實地核對的候選清冊。
65000:250:11073:1332,cell:65000:250:11073:1332,新北市,雙溪區,新北市 雙溪區 上林里,新北市 雙溪區 上林里；新北市 雙溪區 外柑里,121.82363188591764,25.02116904650168,248.85733604031535,756.1061889289695,507.24885288865414,9.513686930620525,住宅面積分配,residential_support,1,./?city=all&lat=25.02116904650168&layer=walking&lon=121.82363188591764&tab=map#explorer,代表點所在里與網格相交里只提供位置線索，不表示整里都存在服務缺口；人口是網格配置估計，並非官方里人口。此處是待實地核對的候選清冊。
65000:250:11077:1333,cell:65000:250:11077:1333,新北市,雙溪區,新北市 雙溪區 上林里,新北市 雙溪區 上林里,121.8261692091594,25.030182712054756,445.4571938251175,1046.6463707574007,601.1891769322833,9.902906698402864,住宅面積分配,residential_support,2,./?city=all&lat=25.030182712054756&layer=walking&lon=121.8261692091594&tab=map#explorer,代表點所在里與網格相交里只提供位置線索，不表示整里都存在服務缺口；人口是網格配置估計，並非官方里人口。此處是待實地核對的候選清冊。
65000:250:11078:1343,cell:65000:250:11078:1343,新北市,雙溪區,新北市 雙溪區 平林里,新北市 雙溪區 平林里,121.85095534175912,25.0322997894699,411.8427526259542,559.2831098942112,147.440357268257,20.081513452064186,住宅面積分配,residential_support,2,./?city=all&lat=25.0322997894699&layer=walking&lon=121.85095534175912&tab=map#explorer,代表點所在里與網格相交里只提供位置線索，不表示整里都存在服務缺口；人口是網格配置估計，並非官方里人口。此處是待實地核對的候選清冊。
65000:250:11079:1345,cell:65000:250:11079:1345,新北市,雙溪區,新北市 雙溪區 平林里,新北市 雙溪區 平林里,121.85592518257648,25.034528172079074,257.17944836670637,521.700356576569,264.5209082098626,48.99121116493324,住宅面積分配,residential_support,4,./?city=all&lat=25.034528172079074&layer=walking&lon=121.85592518257648&tab=map#explorer,代表點所在里與網格相交里只提供位置線索，不表示整里都存在服務缺口；人口是網格配置估計，並非官方里人口。此處是待實地核對的候選清冊。
65000:250:11089:1357,cell:65000:250:11089:1357,新北市,雙溪區,新北市 雙溪區 三港里,新北市 雙溪區 三港里,121.88581279310014,25.056922096385378,299.9929901468456,654.7416778648741,354.74868771802846,16.81085100491412,面積均分代理,uniform_proxy,2,./?city=all&lat=25.056922096385378&layer=walking&lon=121.88581279310014&tab=map#explorer,代表點所在里與網格相交里只提供位置線索，不表示整里都存在服務缺口；人口是網格配置估計，並非官方里人口。此處是待實地核對的候選清冊。
65000:250:11035:1139,cell:65000:250:11035:1139,新北市,鶯歌區,新北市 鶯歌區 二甲里,新北市 鶯歌區 二甲里；新北市 鶯歌區 南靖里,121.34532584334247,24.93728068367462,417.71520856802084,915.3789610420008,497.66375247397997,59.38241556296609,住宅面積分配,residential_support,2,./?city=all&lat=24.93728068367462&layer=walking&lon=121.34532584334247&tab=map#explorer,代表點所在里與網格相交里只提供位置線索，不表示整里都存在服務缺口；人口是網格配置估計，並非官方里人口。此處是待實地核對的候選清冊。
65000:250:11036:1142,cell:65000:250:11036:1142,新北市,鶯歌區,新北市 鶯歌區 南靖里,新北市 三峽區 鳶山里；新北市 鶯歌區 南靖里,121.35275852199123,24.939520363008292,261.45642161364077,528.4247036572598,266.968282043619,97.57472881466252,面積均分代理,uniform_proxy,1,./?city=all&lat=24.939520363008292&layer=walking&lon=121.35275852199123&tab=map#explorer,代表點所在里與網格相交里只提供位置線索，不表示整里都存在服務缺口；人口是網格配置估計，並非官方里人口。此處是待實地核對的候選清冊。
65000:250:11038:1140,cell:65000:250:11038:1140,新北市,鶯歌區,新北市 鶯歌區 尖山里,新北市 鶯歌區 南靖里；新北市 鶯歌區 尖山里,121.34782027193296,24.94404614310552,424.74160662953267,784.5206816479234,359.77907501839076,167.23412855686757,面積均分代理,uniform_proxy,1,./?city=all&lat=24.94404614310552&layer=walking&lon=121.34782027193296&tab=map#explorer,代表點所在里與網格相交里只提供位置線索，不表示整里都存在服務缺口；人口是網格配置估計，並非官方里人口。此處是待實地核對的候選清冊。
65000:250:11038:1141,cell:65000:250:11038:1141,新北市,鶯歌區,新北市 鶯歌區 南靖里,新北市 鶯歌區 南靖里；新北市 鶯歌區 尖山里,121.35029582471458,24.944040343971785,448.03026758594234,562.4111541026443,114.38088651670199,307.02855798245525,住宅面積分配,residential_support,1,./?city=all&lat=24.944040343971785&layer=walking&lon=121.35029582471458&tab=map#explorer,代表點所在里與網格相交里只提供位置線索，不表示整里都存在服務缺口；人口是網格配置估計，並非官方里人口。此處是待實地核對的候選清冊。
65000:250:11039:1141,cell:65000:250:11039:1141,新北市,鶯歌區,新北市 鶯歌區 南靖里,新北市 鶯歌區 南靖里；新北市 鶯歌區 尖山里,121.35030220813884,24.9462974138951,404.37074636903003,549.2408018656316,144.8700554966016,88.9714420175364,住宅面積分配,residential_support,2,./?city=all&lat=24.9462974138951&layer=walking&lon=121.35030220813884&tab=map#explorer,代表點所在里與網格相交里只提供位置線索，不表示整里都存在服務缺口；人口是網格配置估計，並非官方里人口。此處是待實地核對的候選清冊。
65000:250:11041:1136,cell:65000:250:11041:1136,新北市,鶯歌區,新北市 鶯歌區 永昌里,新北市 鶯歌區 尖山里；新北市 鶯歌區 永昌里,121.33793652904762,24.9508401448914,343.08639195389935,510.81891012961876,167.7325181757194,145.96644842706183,面積均分代理,uniform_proxy,3,./?city=all&lat=24.9508401448914&layer=walking&lon=121.33793652904762&tab=map#explorer,代表點所在里與網格相交里只提供位置線索，不表示整里都存在服務缺口；人口是網格配置估計，並非官方里人口。此處是待實地核對的候選清冊。
65000:250:11045:1133,cell:65000:250:11045:1133,新北市,鶯歌區,新北市 鶯歌區 永吉里,新北市 鶯歌區 永吉里；新北市 鶯歌區 鳳祥里,121.33053355441066,24.959885093076206,314.7467356532921,739.6374585962616,424.8907229429695,517.0833802363854,住宅面積分配,residential_support,4,./?city=all&lat=24.959885093076206&layer=walking&lon=121.33053355441066&tab=map#explorer,代表點所在里與網格相交里只提供位置線索，不表示整里都存在服務缺口；人口是網格配置估計，並非官方里人口。此處是待實地核對的候選清冊。
65000:250:11045:1134,cell:65000:250:11045:1134,新北市,鶯歌區,新北市 鶯歌區 永吉里,新北市 鶯歌區 永吉里；新北市 鶯歌區 鳳祥里；新北市 鶯歌區 鳳鳴里,121.3330094283372,24.95987957786821,243.6423128328784,635.3283848765552,391.68607204367686,1202.2347547509228,面積均分代理,uniform_proxy,5,./?city=all&lat=24.95987957786821&layer=walking&lon=121.3330094283372&tab=map#explorer,代表點所在里與網格相交里只提供位置線索，不表示整里都存在服務缺口；人口是網格配置估計，並非官方里人口。此處是待實地核對的候選清冊。
65000:250:11045:1142,cell:65000:250:11045:1142,新北市,鶯歌區,新北市 鶯歌區 西鶯里,新北市 鶯歌區 北鶯里；新北市 鶯歌區 西鶯里,121.35281639281608,24.959833974588353,414.4371892710261,594.3404994208331,179.903310149807,47.99675183971746,住宅面積分配,residential_support,2,./?city=all&lat=24.959833974588353&layer=walking&lon=121.35281639281608&tab=map#explorer,代表點所在里與網格相交里只提供位置線索，不表示整里都存在服務缺口；人口是網格配置估計，並非官方里人口。此處是待實地核對的候選清冊。
65000:250:11045:1143,cell:65000:250:11045:1143,新北市,鶯歌區,新北市 鶯歌區 北鶯里,新北市 鶯歌區 北鶯里；新北市 鶯歌區 西鶯里,121.35529225992727,24.959828088977126,396.35934003563005,507.988063849616,111.62872381398597,71.0,住宅面積分配,residential_support,1,./?city=all&lat=24.959828088977126&layer=walking&lon=121.35529225992727&tab=map#explorer,代表點所在里與網格相交里只提供位置線索，不表示整里都存在服務缺口；人口是網格配置估計，並非官方里人口。此處是待實地核對的候選清冊。
65000:250:11046:1142,cell:65000:250:11046:1142,新北市,鶯歌區,新北市 鶯歌區 西鶯里,新北市 鶯歌區 北鶯里；新北市 鶯歌區 西鶯里,121.35282282680257,24.96209103911476,442.88833375343114,623.957389640556,181.06905588712488,4.555053564174277,住宅面積分配,residential_support,1,./?city=all&lat=24.96209103911476&layer=walking&lon=121.35282282680257&tab=map#explorer,代表點所在里與網格相交里只提供位置線索，不表示整里都存在服務缺口；人口是網格配置估計，並非官方里人口。此處是待實地核對的候選清冊。
63000:250:11097:1222,cell:63000:250:11097:1222,臺北市,中山區,臺北市 中山區 成功里,臺北市 中山區 大佳里；臺北市 中山區 成功里；臺北市 中山區 永安里,121.55140681848057,25.07659631613248,223.99695310628712,550.0428033652368,326.0458502589496,227.76865780549858,住宅面積分配,residential_support,3,./?city=all&lat=25.07659631613248&layer=walking&lon=121.55140681848057&tab=map#explorer,代表點所在里與網格相交里只提供位置線索，不表示整里都存在服務缺口；人口是網格配置估計，並非官方里人口。此處是待實地核對的候選清冊。
63000:250:11100:1219,cell:63000:250:11100:1219,臺北市,中山區,臺北市 中山區 劍潭里,臺北市 中山區 劍潭里；臺北市 中山區 大直里,121.54400230781161,25.08339465606842,432.4264075008526,556.2848126631811,123.85840516232855,177.0,住宅面積分配,residential_support,2,./?city=all&lat=25.08339465606842&layer=walking&lon=121.54400230781161&tab=map#explorer,代表點所在里與網格相交里只提供位置線索，不表示整里都存在服務缺口；人口是網格配置估計，並非官方里人口。此處是待實地核對的候選清冊。
63000:250:11068:1214,cell:63000:250:11068:1214,臺北市,中正區,臺北市 中正區 水源里,臺北市 中正區 水源里,121.53129953238553,25.011216082400853,398.16759943820085,515.4857526312563,117.31815319305548,35.472295009366135,住宅面積分配,residential_support,1,./?city=all&lat=25.011216082400853&layer=walking&lon=121.53129953238553&tab=map#explorer,代表點所在里與網格相交里只提供位置線索，不表示整里都存在服務缺口；人口是網格配置估計，並非官方里人口。此處是待實地核對的候選清冊。
63000:250:11077:1205,cell:63000:250:11077:1205,臺北市,中正區,臺北市 中正區 南門里,臺北市 中正區 南門里；臺北市 中正區 廈安里；臺北市 中正區 龍光里；臺北市 中正區 龍興里,121.50909173021377,25.031607049291267,166.80193458681813,556.7604202654977,389.9584856786796,85.71592791558832,面積均分代理,uniform_proxy,2,./?city=all&lat=25.031607049291267&layer=walking&lon=121.50909173021377&tab=map#explorer,代表點所在里與網格相交里只提供位置線索，不表示整里都存在服務缺口；人口是網格配置估計，並非官方里人口。此處是待實地核對的候選清冊。
63000:250:11075:1231,cell:63000:250:11075:1231,臺北市,信義區,臺北市 信義區 三犁里,臺北市 信義區 三犁里；臺北市 信義區 六合里,121.57347897875543,25.026858524934667,225.84490783971455,560.221876572743,334.37696873302843,58.516701997595646,面積均分代理,uniform_proxy,4,./?city=all&lat=25.026858524934667&layer=walking&lon=121.57347897875543&tab=map#explorer,代表點所在里與網格相交里只提供位置線索，不表示整里都存在服務缺口；人口是網格配置估計，並非官方里人口。此處是待實地核對的候選清冊。
63000:250:11093:1245,cell:63000:250:11093:1245,臺北市,內湖區,臺北市 內湖區 南湖里,臺北市 內湖區 南湖里,121.60835915544726,25.067345847551767,355.77386090561566,573.3442371129612,217.57037620734553,1651.1484153849901,住宅面積分配,residential_support,3,./?city=all&lat=25.067345847551767&layer=walking&lon=121.60835915544726&tab=map#explorer,代表點所在里與網格相交里只提供位置線索，不表示整里都存在服務缺口；人口是網格配置估計，並非官方里人口。此處是待實地核對的候選清冊。
63000:250:11093:1246,cell:63000:250:11093:1246,臺北市,內湖區,臺北市 內湖區 南湖里,臺北市 內湖區 五分里；臺北市 內湖區 南湖里,121.61083708587579,25.067335673354535,191.83563945137982,559.6292333286162,367.7935938772364,1017.7784679799761,住宅面積分配,residential_support,5,./?city=all&lat=25.067335673354535&layer=walking&lon=121.61083708587579&tab=map#explorer,代表點所在里與網格相交里只提供位置線索，不表示整里都存在服務缺口；人口是網格配置估計，並非官方里人口。此處是待實地核對的候選清冊。
63000:250:11094:1244,cell:63000:250:11094:1244,臺北市,內湖區,臺北市 內湖區 葫洲里,臺北市 內湖區 南湖里；臺北市 內湖區 葫洲里,121.6058923266228,25.069612928507798,367.50464221835745,709.4896762876473,341.98503406928984,1001.1549179971934,住宅面積分配,residential_support,5,./?city=all&lat=25.069612928507798&layer=walking&lon=121.6058923266228&tab=map#explorer,代表點所在里與網格相交里只提供位置線索，不表示整里都存在服務缺口；人口是網格配置估計，並非官方里人口。此處是待實地核對的候選清冊。
63000:250:11096:1247,cell:63000:250:11096:1247,臺北市,內湖區,臺北市 內湖區 康寧里,臺北市 內湖區 安湖里；臺北市 內湖區 康寧里,121.61334873649812,25.074096290702368,309.07122174563045,526.9042185939262,217.83299684829575,921.1979131701383,住宅面積分配,residential_support,2,./?city=all&lat=25.074096290702368&layer=walking&lon=121.61334873649812&tab=map#explorer,代表點所在里與網格相交里只提供位置線索，不表示整里都存在服務缺口；人口是網格配置估計，並非官方里人口。此處是待實地核對的候選清冊。
63000:250:11097:1246,cell:63000:250:11097:1246,臺北市,內湖區,臺北市 內湖區 康寧里,臺北市 內湖區 安泰里；臺北市 內湖區 康寧里；臺北市 內湖區 金湖里,121.610881869015,25.076363453345746,402.47981380824433,570.6277652719256,168.14795146368124,925.2625203295936,住宅面積分配,residential_support,3,./?city=all&lat=25.076363453345746&layer=walking&lon=121.610881869015&tab=map#explorer,代表點所在里與網格相交里只提供位置線索，不表示整里都存在服務缺口；人口是網格配置估計，並非官方里人口。此處是待實地核對的候選清冊。
63000:250:11098:1246,cell:63000:250:11098:1246,臺北市,內湖區,臺北市 內湖區 安泰里,臺北市 內湖區 安泰里；臺北市 內湖區 康寧里；臺北市 內湖區 金湖里,121.61089306818268,25.07862039661639,441.6927680601732,618.6053446936229,176.9125766334497,146.29812848090302,住宅面積分配,residential_support,3,./?city=all&lat=25.07862039661639&layer=walking&lon=121.61089306818268&tab=map#explorer,代表點所在里與網格相交里只提供位置線索，不表示整里都存在服務缺口；人口是網格配置估計，並非官方里人口。此處是待實地核對的候選清冊。
63000:250:11098:1247,cell:63000:250:11098:1247,臺北市,內湖區,臺北市 內湖區 安泰里,臺北市 內湖區 安泰里；臺北市 內湖區 康寧里,121.61337122432225,25.07861017584549,387.65061021954176,603.0430560150554,215.39244579551365,66.845426416326,住宅面積分配,residential_support,3,./?city=all&lat=25.07861017584549&layer=walking&lon=121.61337122432225&tab=map#explorer,代表點所在里與網格相交里只提供位置線索，不表示整里都存在服務缺口；人口是網格配置估計，並非官方里人口。此處是待實地核對的候選清冊。
63000:250:11101:1244,cell:63000:250:11101:1244,臺北市,內湖區,臺北市 內湖區 大湖里,臺北市 內湖區 大湖里,121.60597008486334,25.085411545936765,336.7450298586647,691.626473331931,354.88144347326636,56.54216987530435,面積均分代理,uniform_proxy,2,./?city=all&lat=25.085411545936765&layer=walking&lon=121.60597008486334&tab=map#explorer,代表點所在里與網格相交里只提供位置線索，不表示整里都存在服務缺口；人口是網格配置估計，並非官方里人口。此處是待實地核對的候選清冊。
63000:250:11102:1225,cell:63000:250:11102:1225,臺北市,內湖區,臺北市 內湖區 西康里,臺北市 內湖區 西康里,121.55889247843646,25.087853325667414,412.3184420662896,574.9595179767982,162.64107591050862,1393.25043998672,面積均分代理,uniform_proxy,5,./?city=all&lat=25.087853325667414&layer=walking&lon=121.55889247843646&tab=map#explorer,代表點所在里與網格相交里只提供位置線索，不表示整里都存在服務缺口；人口是網格配置估計，並非官方里人口。此處是待實地核對的候選清冊。
63000:250:11102:1226,cell:63000:250:11102:1226,臺北市,內湖區,臺北市 內湖區 西安里,臺北市 內湖區 西安里；臺北市 內湖區 西康里,121.56137084360276,25.087843969911244,482.62636720030724,666.4575876287063,183.83122042839904,2989.1267536054074,面積均分代理,uniform_proxy,5,./?city=all&lat=25.087843969911244&layer=walking&lon=121.56137084360276&tab=map#explorer,代表點所在里與網格相交里只提供位置線索，不表示整里都存在服務缺口；人口是網格配置估計，並非官方里人口。此處是待實地核對的候選清冊。
63000:250:11102:1227,cell:63000:250:11102:1227,臺北市,內湖區,臺北市 內湖區 西安里,臺北市 內湖區 西安里,121.56384920752508,25.08783457276407,388.1958671954221,507.53670352602376,119.34083633060163,1613.5300222223316,面積均分代理,uniform_proxy,5,./?city=all&lat=25.08783457276407&layer=walking&lon=121.56384920752508&tab=map#explorer,代表點所在里與網格相交里只提供位置線索，不表示整里都存在服務缺口；人口是網格配置估計，並非官方里人口。此處是待實地核對的候選清冊。
63000:250:11102:1244,cell:63000:250:11102:1244,臺北市,內湖區,臺北市 內湖區 大湖里,臺北市 內湖區 大湖里,121.60598119855344,25.08766848852007,369.6398018395547,609.6044217980622,239.96461995850746,45.670127185480155,面積均分代理,uniform_proxy,2,./?city=all&lat=25.08766848852007&layer=walking&lon=121.60598119855344&tab=map#explorer,代表點所在里與網格相交里只提供位置線索，不表示整里都存在服務缺口；人口是網格配置估計，並非官方里人口。此處是待實地核對的候選清冊。
63000:250:11108:1235,cell:63000:250:11108:1235,臺北市,內湖區,臺北市 內湖區 碧山里,臺北市 內湖區 碧山里,121.5837403286581,25.101299601329334,398.3207889559978,593.8629632554536,195.54217429945578,4.158046368118042,面積均分代理,uniform_proxy,1,./?city=all&lat=25.101299601329334&layer=walking&lon=121.5837403286581&tab=map#explorer,代表點所在里與網格相交里只提供位置線索，不表示整里都存在服務缺口；人口是網格配置估計，並非官方里人口。此處是待實地核對的候選清冊。
63000:250:11108:1237,cell:63000:250:11108:1237,臺北市,內湖區,臺北市 內湖區 碧山里,臺北市 內湖區 碧山里,121.58869757791041,25.10128000860913,323.1495263392527,563.0261146483434,239.87658830909072,55.82617851554663,住宅面積分配,residential_support,5,./?city=all&lat=25.10128000860913&layer=walking&lon=121.58869757791041&tab=map#explorer,代表點所在里與網格相交里只提供位置線索，不表示整里都存在服務缺口；人口是網格配置估計，並非官方里人口。此處是待實地核對的候選清冊。
63000:250:11108:1238,cell:63000:250:11108:1238,臺北市,內湖區,臺北市 內湖區 碧山里,臺北市 內湖區 碧山里,121.5911762005818,25.101270150125806,367.7939953564034,752.3121697063237,384.51817434992034,61.28855369029123,住宅面積分配,residential_support,5,./?city=all&lat=25.101270150125806&layer=walking&lon=121.5911762005818&tab=map#explorer,代表點所在里與網格相交里只提供位置線索，不表示整里都存在服務缺口；人口是網格配置估計，並非官方里人口。此處是待實地核對的候選清冊。
63000:250:11109:1243,cell:63000:250:11109:1243,臺北市,內湖區,臺北市 內湖區 內溝里,臺北市 內湖區 內溝里,121.6035803717788,25.103477175257552,484.26899618192147,664.7259899936812,180.45699381175973,15.40465797220477,住宅面積分配,residential_support,2,./?city=all&lat=25.103477175257552&layer=walking&lon=121.6035803717788&tab=map#explorer,代表點所在里與網格相交里只提供位置線索，不表示整里都存在服務缺口；人口是網格配置估計，並非官方里人口。此處是待實地核對的候選清冊。
63000:250:11110:1231,cell:63000:250:11110:1231,臺北市,內湖區,臺北市 內湖區 金瑞里,臺北市 內湖區 金瑞里；臺北市 士林區 溪山里；臺北市 士林區 翠山里,121.57384687951254,25.105852190759943,393.5347235331745,887.2160809622806,493.6813574291061,62.999999999999986,住宅面積分配,residential_support,2,./?city=all&lat=25.105852190759943&layer=walking&lon=121.57384687951254&tab=map#explorer,代表點所在里與網格相交里只提供位置線索，不表示整里都存在服務缺口；人口是網格配置估計，並非官方里人口。此處是待實地核對的候選清冊。
63000:250:11111:1237,cell:63000:250:11111:1237,臺北市,內湖區,臺北市 內湖區 碧山里,臺北市 內湖區 碧山里,121.58872999592153,25.108050841181942,325.5669233027434,556.7742625208855,231.20733921814207,49.39210619965364,住宅面積分配,residential_support,5,./?city=all&lat=25.108050841181942&layer=walking&lon=121.58872999592153&tab=map#explorer,代表點所在里與網格相交里只提供位置線索，不表示整里都存在服務缺口；人口是網格配置估計，並非官方里人口。此處是待實地核對的候選清冊。
63000:250:11114:1201,cell:63000:250:11114:1201,臺北市,北投區,臺北市 北投區 八仙里,臺北市 北投區 八仙里；臺北市 北投區 立賢里；臺北市 北投區 立農里,121.49952135490383,25.115149190207465,251.35183576663673,733.6237297540849,482.2718939874482,107.80193486047735,面積均分代理,uniform_proxy,1,./?city=all&lat=25.115149190207465&layer=walking&lon=121.49952135490383&tab=map#explorer,代表點所在里與網格相交里只提供位置線索，不表示整里都存在服務缺口；人口是網格配置估計，並非官方里人口。此處是待實地核對的候選清冊。
63000:250:11115:1201,cell:63000:250:11115:1201,臺北市,北投區,臺北市 北投區 八仙里,臺北市 北投區 八仙里；臺北市 北投區 立農里,121.49953052871719,25.11740616438057,296.7887363748788,572.233653375513,275.4449170006342,38.52583779070078,面積均分代理,uniform_proxy,1,./?city=all&lat=25.11740616438057&layer=walking&lon=121.49953052871719&tab=map#explorer,代表點所在里與網格相交里只提供位置線索，不表示整里都存在服務缺口；人口是網格配置估計，並非官方里人口。此處是待實地核對的候選清冊。
63000:250:11116:1196,cell:63000:250:11116:1196,臺北市,北投區,臺北市 北投區 八仙里,臺北市 北投區 八仙里,121.48714453586007,25.119704387648106,487.54771995106626,682.5150977641575,194.96737781309128,6.0,住宅面積分配,residential_support,1,./?city=all&lat=25.119704387648106&layer=walking&lon=121.48714453586007&tab=map#explorer,代表點所在里與網格相交里只提供位置線索，不表示整里都存在服務缺口；人口是網格配置估計，並非官方里人口。此處是待實地核對的候選清冊。
63000:250:11117:1186,cell:63000:250:11117:1186,臺北市,北投區,臺北市 北投區 關渡里,新北市 淡水區 未命名里；臺北市 北投區 關渡里,121.46236225096834,25.12194456445592,209.4815960829863,556.6394519131343,347.157855830148,13.742785284218156,面積均分代理,uniform_proxy,3,./?city=all&lat=25.12194456445592&layer=walking&lon=121.46236225096834&tab=map#explorer,代表點所在里與網格相交里只提供位置線索，不表示整里都存在服務缺口；人口是網格配置估計，並非官方里人口。此處是待實地核對的候選清冊。
63000:250:11117:1209,cell:63000:250:11117:1209,臺北市,北投區,臺北市 北投區 永欣里,臺北市 北投區 永欣里,121.51938145447141,25.121851948535838,348.33412337256283,556.6248454494022,208.29072207683936,167.62638070949967,住宅面積分配,residential_support,1,./?city=all&lat=25.121851948535838&layer=walking&lon=121.51938145447141&tab=map#explorer,代表點所在里與網格相交里只提供位置線索，不表示整里都存在服務缺口；人口是網格配置估計，並非官方里人口。此處是待實地核對的候選清冊。
63000:250:11119:1206,cell:63000:250:11119:1206,臺北市,北投區,臺北市 北投區 奇岩里,臺北市 北投區 奇岩里,121.51196305819796,25.126391755132037,484.9179048898716,760.9412206968952,276.02331580702366,29.216392987159917,住宅面積分配,residential_support,2,./?city=all&lat=25.126391755132037&layer=walking&lon=121.51196305819796&tab=map#explorer,代表點所在里與網格相交里只提供位置線索，不表示整里都存在服務缺口；人口是網格配置估計，並非官方里人口。此處是待實地核對的候選清冊。
63000:250:11119:1207,cell:63000:250:11119:1207,臺北市,北投區,臺北市 北投區 奇岩里,臺北市 北投區 奇岩里；臺北市 北投區 東華里；臺北市 北投區 永欣里,121.5144422194424,25.126383170930634,495.6639461645366,756.1358555352707,260.4719093707341,39.441984144983,住宅面積分配,residential_support,1,./?city=all&lat=25.126383170930634&layer=walking&lon=121.5144422194424&tab=map#explorer,代表點所在里與網格相交里只提供位置線索，不表示整里都存在服務缺口；人口是網格配置估計，並非官方里人口。此處是待實地核對的候選清冊。
63000:250:11120:1205,cell:63000:250:11120:1205,臺北市,北投區,臺北市 北投區 奇岩里,臺北市 北投區 奇岩里,121.50949325736715,25.12865726514541,316.92341085516733,664.3715663738041,347.4481555186367,519.9418111797678,住宅面積分配,residential_support,5,./?city=all&lat=25.12865726514541&layer=walking&lon=121.50949325736715&tab=map#explorer,代表點所在里與網格相交里只提供位置線索，不表示整里都存在服務缺口；人口是網格配置估計，並非官方里人口。此處是待實地核對的候選清冊。
63000:250:11120:1206,cell:63000:250:11120:1206,臺北市,北投區,臺北市 北投區 奇岩里,臺北市 北投區 奇岩里,121.511972465296,25.128648721536592,410.10749728726046,601.400910275489,191.2934129882285,79.8457619983192,住宅面積分配,residential_support,2,./?city=all&lat=25.128648721536592&layer=walking&lon=121.511972465296&tab=map#explorer,代表點所在里與網格相交里只提供位置線索，不表示整里都存在服務缺口；人口是網格配置估計，並非官方里人口。此處是待實地核對的候選清冊。
63000:250:11120:1207,cell:63000:250:11120:1207,臺北市,北投區,臺北市 北投區 奇岩里,臺北市 北投區 奇岩里,121.51445167208905,25.128640136459072,349.09864523112424,585.7927326827069,236.69408745158262,115.14744174146745,住宅面積分配,residential_support,1,./?city=all&lat=25.128640136459072&layer=walking&lon=121.51445167208905&tab=map#explorer,代表點所在里與網格相交里只提供位置線索，不表示整里都存在服務缺口；人口是網格配置估計，並非官方里人口。此處是待實地核對的候選清冊。
63000:250:11120:1208,cell:63000:250:11120:1208,臺北市,北投區,臺北市 北投區 奇岩里,臺北市 北投區 奇岩里；臺北市 北投區 永欣里,121.5169308777408,25.128631509912918,456.01280944174067,713.942924857365,257.93011541562436,65.40871826353393,住宅面積分配,residential_support,1,./?city=all&lat=25.128631509912918&layer=walking&lon=121.5169308777408&tab=map#explorer,代表點所在里與網格相交里只提供位置線索，不表示整里都存在服務缺口；人口是網格配置估計，並非官方里人口。此處是待實地核對的候選清冊。
63000:250:11121:1205,cell:63000:250:11121:1205,臺北市,北投區,臺北市 北投區 奇岩里,臺北市 北投區 奇岩里,121.50950262004679,25.1309142317313,283.50733899431407,606.8769438853147,323.3696048910007,1.1835362883839076,住宅面積分配,residential_support,2,./?city=all&lat=25.1309142317313&layer=walking&lon=121.50950262004679&tab=map#explorer,代表點所在里與網格相交里只提供位置線索，不表示整里都存在服務缺口；人口是網格配置估計，並非官方里人口。此處是待實地核對的候選清冊。
63000:250:11121:1208,cell:63000:250:11121:1208,臺北市,北投區,臺北市 北投區 奇岩里,臺北市 北投區 奇岩里,121.51694037708278,25.130888473870364,391.18775400781044,859.1046552883519,467.9169012805414,0.3655703847050491,住宅面積分配,residential_support,1,./?city=all&lat=25.130888473870364&layer=walking&lon=121.51694037708278&tab=map#explorer,代表點所在里與網格相交里只提供位置線索，不表示整里都存在服務缺口；人口是網格配置估計，並非官方里人口。此處是待實地核對的候選清冊。
63000:250:11123:1194,cell:63000:250:11123:1194,臺北市,北投區,臺北市 北投區 桃源里,臺北市 北投區 桃源里,121.48224848470115,25.13551943350933,295.8461387402031,1112.092274810636,816.2461360704328,6.476387620718014,面積均分代理,uniform_proxy,1,./?city=all&lat=25.13551943350933&layer=walking&lon=121.48224848470115&tab=map#explorer,代表點所在里與網格相交里只提供位置線索，不表示整里都存在服務缺口；人口是網格配置估計，並非官方里人口。此處是待實地核對的候選清冊。
63000:250:11123:1195,cell:63000:250:11123:1195,臺北市,北投區,臺北市 北投區 桃源里,臺北市 北投區 桃源里,121.48472784144298,25.135511343584856,295.5651045277617,1108.576163401502,813.0110588737404,0.009914664174564575,面積均分代理,uniform_proxy,1,./?city=all&lat=25.135511343584856&layer=walking&lon=121.48472784144298&tab=map#explorer,代表點所在里與網格相交里只提供位置線索，不表示整里都存在服務缺口；人口是網格配置估計，並非官方里人口。此處是待實地核對的候選清冊。
63000:250:11123:1209,cell:63000:250:11123:1209,臺北市,北投區,臺北市 北投區 林泉里,臺北市 北投區 奇岩里；臺北市 北投區 林泉里,121.5194387203908,25.13539372904452,394.990816673402,1257.9497408163159,862.9589241429139,128.08520477309074,面積均分代理,uniform_proxy,1,./?city=all&lat=25.13539372904452&layer=walking&lon=121.5194387203908&tab=map#explorer,代表點所在里與網格相交里只提供位置線索，不表示整里都存在服務缺口；人口是網格配置估計，並非官方里人口。此處是待實地核對的候選清冊。
63000:250:11127:1220,cell:63000:250:11127:1220,臺北市,北投區,臺北市 北投區 湖山里,臺北市 北投區 湖山里；臺北市 士林區 陽明里,121.54675160189338,25.14432341375937,134.78418089377053,527.9588605541175,393.1746796603469,10.804519682913512,面積均分代理,uniform_proxy,1,./?city=all&lat=25.14432341375937&layer=walking&lon=121.54675160189338&tab=map#explorer,代表點所在里與網格相交里只提供位置線索，不表示整里都存在服務缺口；人口是網格配置估計，並非官方里人口。此處是待實地核對的候選清冊。
63000:250:11128:1202,cell:63000:250:11128:1202,臺北市,北投區,臺北市 北投區 大屯里,臺北市 北投區 中和里；臺北市 北投區 大屯里；臺北市 北投區 秀山里,121.50212946614647,25.146738381232264,332.04650893622437,614.2192773416972,282.1727684054728,24.545244738305783,住宅面積分配,residential_support,2,./?city=all&lat=25.146738381232264&layer=walking&lon=121.50212946614647&tab=map#explorer,代表點所在里與網格相交里只提供位置線索，不表示整里都存在服務缺口；人口是網格配置估計，並非官方里人口。此處是待實地核對的候選清冊。
63000:250:11129:1201,cell:63000:250:11129:1201,臺北市,北投區,臺北市 北投區 大屯里,臺北市 北投區 大屯里；臺北市 北投區 秀山里,121.49965907847034,25.149003730312483,434.40677022785263,583.2791710787834,148.87240085093077,1.6732691488557836,住宅面積分配,residential_support,1,./?city=all&lat=25.149003730312483&layer=walking&lon=121.49965907847034&tab=map#explorer,代表點所在里與網格相交里只提供位置線索，不表示整里都存在服務缺口；人口是網格配置估計，並非官方里人口。此處是待實地核對的候選清冊。
63000:250:11135:1215,cell:63000:250:11135:1215,臺北市,北投區,臺北市 北投區 湖田里,臺北市 北投區 湖山里；臺北市 北投區 湖田里,121.53443268265825,25.162424255552747,407.2016416400229,615.6141552581915,208.41251361816865,0.5439216232993711,住宅面積分配,residential_support,1,./?city=all&lat=25.162424255552747&layer=walking&lon=121.53443268265825&tab=map#explorer,代表點所在里與網格相交里只提供位置線索，不表示整里都存在服務缺口；人口是網格配置估計，並非官方里人口。此處是待實地核對的候選清冊。
63000:250:11075:1243,cell:63000:250:11075:1243,臺北市,南港區,臺北市 南港區 九如里,臺北市 南港區 九如里,121.60320448308251,25.02674086928784,395.1963019474657,685.0060943191703,289.8097923717046,3.2958979147294487,住宅面積分配,residential_support,2,./?city=all&lat=25.02674086928784&layer=walking&lon=121.60320448308251&tab=map#explorer,代表點所在里與網格相交里只提供位置線索，不表示整里都存在服務缺口；人口是網格配置估計，並非官方里人口。此處是待實地核對的候選清冊。
63000:250:11076:1243,cell:63000:250:11076:1243,臺北市,南港區,臺北市 南港區 九如里,臺北市 南港區 九如里,121.60321551659351,25.02899783085377,498.4085576343287,746.3098050440352,247.9012474097065,0.5265804381169413,住宅面積分配,residential_support,1,./?city=all&lat=25.02899783085377&layer=walking&lon=121.60321551659351&tab=map#explorer,代表點所在里與網格相交里只提供位置線索，不表示整里都存在服務缺口；人口是網格配置估計，並非官方里人口。此處是待實地核對的候選清冊。
63000:250:11076:1250,cell:63000:250:11076:1250,臺北市,南港區,臺北市 南港區 舊莊里,臺北市 南港區 九如里；臺北市 南港區 舊莊里,121.62055562310623,25.02892644626073,384.316402873164,856.2486938732131,471.93229100004913,0.2823803492932421,住宅面積分配,residential_support,1,./?city=all&lat=25.02892644626073&layer=walking&lon=121.62055562310623&tab=map#explorer,代表點所在里與網格相交里只提供位置線索，不表示整里都存在服務缺口；人口是網格配置估計，並非官方里人口。此處是待實地核對的候選清冊。
63000:250:11081:1247,cell:63000:250:11081:1247,臺北市,南港區,臺北市 南港區 中研里,臺北市 南港區 中研里,121.61318025098383,25.04024206406467,462.8274195766443,580.4840883778069,117.6566688011626,80.0,住宅面積分配,residential_support,2,./?city=all&lat=25.04024206406467&layer=walking&lon=121.61318025098383&tab=map#explorer,代表點所在里與網格相交里只提供位置線索，不表示整里都存在服務缺口；人口是網格配置估計，並非官方里人口。此處是待實地核對的候選清冊。
63000:250:11104:1214,cell:63000:250:11104:1214,臺北市,士林區,臺北市 士林區 福林里,臺北市 士林區 福林里,121.53164988513693,25.092467448495356,382.10948208625337,615.5186378707475,233.40915578449415,65.55923706220528,住宅面積分配,residential_support,1,./?city=all&lat=25.092467448495356&layer=walking&lon=121.53164988513693&tab=map#explorer,代表點所在里與網格相交里只提供位置線索，不表示整里都存在服務缺口；人口是網格配置估計，並非官方里人口。此處是待實地核對的候選清冊。
63000:250:11109:1219,cell:63000:250:11109:1219,臺北市,士林區,臺北市 士林區 永福里,臺北市 士林區 永福里；臺北市 士林區 臨溪里,121.54409213793971,25.103707341467867,148.10435409568893,523.6410874580888,375.5367333623999,34.86886556188941,住宅面積分配,residential_support,5,./?city=all&lat=25.103707341467867&layer=walking&lon=121.54409213793971&tab=map#explorer,代表點所在里與網格相交里只提供位置線索，不表示整里都存在服務缺口；人口是網格配置估計，並非官方里人口。此處是待實地核對的候選清冊。
63000:250:11110:1221,cell:63000:250:11110:1221,臺北市,士林區,臺北市 士林區 永福里,臺北市 士林區 永福里；臺北市 士林區 臨溪里,121.5490595964842,25.105946031927157,332.0488984468563,504.31806231564974,172.26916386879344,69.91825271655365,面積均分代理,uniform_proxy,2,./?city=all&lat=25.105946031927157&layer=walking&lon=121.5490595964842&tab=map#explorer,代表點所在里與網格相交里只提供位置線索，不表示整里都存在服務缺口；人口是網格配置估計，並非官方里人口。此處是待實地核對的候選清冊。
63000:250:11112:1222,cell:63000:250:11112:1222,臺北市,士林區,臺北市 士林區 永福里,臺北市 士林區 永福里,121.55155858128853,25.110450749725498,363.81656832828133,517.1293510240336,153.31278269575222,16.05986308985804,面積均分代理,uniform_proxy,1,./?city=all&lat=25.110450749725498&layer=walking&lon=121.55155858128853&tab=map#explorer,代表點所在里與網格相交里只提供位置線索，不表示整里都存在服務缺口；人口是網格配置估計，並非官方里人口。此處是待實地核對的候選清冊。
63000:250:11112:1224,cell:63000:250:11112:1224,臺北市,士林區,臺北市 士林區 臨溪里,臺北市 士林區 永福里；臺北市 士林區 翠山里；臺北市 士林區 臨溪里,121.55651622735876,25.110432226258524,108.27841993089947,771.0754060149618,662.7969860840624,16.929132729876095,住宅面積分配,residential_support,2,./?city=all&lat=25.110432226258524&layer=walking&lon=121.55651622735876&tab=map#explorer,代表點所在里與網格相交里只提供位置線索，不表示整里都存在服務缺口；人口是網格配置估計，並非官方里人口。此處是待實地核對的候選清冊。
63000:250:11113:1223,cell:63000:250:11113:1223,臺北市,士林區,臺北市 士林區 永福里,臺北市 士林區 永福里,121.55404757774744,25.112698464480513,205.73233522783403,845.954419742432,640.222084514598,167.1518233298713,住宅面積分配,residential_support,5,./?city=all&lat=25.112698464480513&layer=walking&lon=121.55404757774744&tab=map#explorer,代表點所在里與網格相交里只提供位置線索，不表示整里都存在服務缺口；人口是網格配置估計，並非官方里人口。此處是待實地核對的候選清冊。
63000:250:11113:1224,cell:63000:250:11113:1224,臺北市,士林區,臺北市 士林區 臨溪里,臺北市 士林區 公館里；臺北市 士林區 永福里；臺北市 士林區 溪山里；臺北市 士林區 臨溪里,121.55652644567682,25.11268918108244,293.6348513670037,954.0710748949308,660.436223527927,122.022775255435,住宅面積分配,residential_support,5,./?city=all&lat=25.11268918108244&layer=walking&lon=121.55652644567682&tab=map#explorer,代表點所在里與網格相交里只提供位置線索，不表示整里都存在服務缺口；人口是網格配置估計，並非官方里人口。此處是待實地核對的候選清冊。
63000:250:11114:1217,cell:63000:250:11114:1217,臺北市,士林區,臺北市 士林區 東山里,臺北市 士林區 三玉里；臺北市 士林區 東山里,121.53918424551486,25.11501025535223,124.07128410112401,649.3505786176313,525.2792945165073,16.15357545510188,住宅面積分配,residential_support,3,./?city=all&lat=25.11501025535223&layer=walking&lon=121.53918424551486&tab=map#explorer,代表點所在里與網格相交里只提供位置線索，不表示整里都存在服務缺口；人口是網格配置估計，並非官方里人口。此處是待實地核對的候選清冊。
63000:250:11114:1218,cell:63000:250:11114:1218,臺北市,士林區,臺北市 士林區 東山里,臺北市 士林區 東山里,121.54166316624801,25.11500121965949,125.75017158830828,647.5339976333576,521.7838260450493,0.003963551239989172,住宅面積分配,residential_support,1,./?city=all&lat=25.11500121965949&layer=walking&lon=121.54166316624801&tab=map#explorer,代表點所在里與網格相交里只提供位置線索，不表示整里都存在服務缺口；人口是網格配置估計，並非官方里人口。此處是待實地核對的候選清冊。
63000:250:11114:1223,cell:63000:250:11114:1223,臺北市,士林區,臺北市 士林區 永福里,臺北市 士林區 新安里；臺北市 士林區 永福里,121.55405775178558,25.11495541956144,205.20648032279598,932.4262010778349,727.2197207550389,149.48649697894825,住宅面積分配,residential_support,5,./?city=all&lat=25.11495541956144&layer=walking&lon=121.55405775178558&tab=map#explorer,代表點所在里與網格相交里只提供位置線索，不表示整里都存在服務缺口；人口是網格配置估計，並非官方里人口。此處是待實地核對的候選清冊。
63000:250:11114:1224,cell:63000:250:11114:1224,臺北市,士林區,臺北市 士林區 公館里,臺北市 士林區 公館里；臺北市 士林區 新安里；臺北市 士林區 永福里,121.55653666522898,25.114946135215515,257.7631020046264,977.8028451406211,720.0397431359947,64.48180318026094,面積均分代理,uniform_proxy,2,./?city=all&lat=25.114946135215515&layer=walking&lon=121.55653666522898&tab=map#explorer,代表點所在里與網格相交里只提供位置線索，不表示整里都存在服務缺口；人口是網格配置估計，並非官方里人口。此處是待實地核對的候選清冊。
63000:250:11115:1218,cell:63000:250:11115:1218,臺北市,士林區,臺北市 士林區 東山里,臺北市 士林區 東山里,121.5416731139158,25.117258178725514,382.45860229148184,536.0014576888256,153.54285539734371,128.603190221348,住宅面積分配,residential_support,5,./?city=all&lat=25.117258178725514&layer=walking&lon=121.5416731139158&tab=map#explorer,代表點所在里與網格相交里只提供位置線索，不表示整里都存在服務缺口；人口是網格配置估計，並非官方里人口。此處是待實地核對的候選清冊。
63000:250:11117:1216,cell:63000:250:11117:1216,臺北市,士林區,臺北市 士林區 天和里,臺北市 士林區 天和里,121.53673489703958,25.12179013025081,384.9282342082989,716.5819234169304,331.65368920863153,430.687577247665,住宅面積分配,residential_support,5,./?city=all&lat=25.12179013025081&layer=walking&lon=121.53673489703958&tab=map#explorer,代表點所在里與網格相交里只提供位置線索，不表示整里都存在服務缺口；人口是網格配置估計，並非官方里人口。此處是待實地核對的候選清冊。
63000:250:11118:1216,cell:63000:250:11118:1216,臺北市,士林區,臺北市 士林區 天母里,臺北市 士林區 天和里；臺北市 士林區 天母里,121.53674475723834,25.124047089085447,332.1750988953308,561.0852479714664,228.9101490761356,201.82178067551283,面積均分代理,uniform_proxy,4,./?city=all&lat=25.124047089085447&layer=walking&lon=121.53674475723834&tab=map#explorer,代表點所在里與網格相交里只提供位置線索，不表示整里都存在服務缺口；人口是網格配置估計，並非官方里人口。此處是待實地核對的候選清冊。
63000:250:11120:1216,cell:63000:250:11120:1216,臺北市,士林區,臺北市 士林區 天母里,臺北市 士林區 天母里,121.53676448120777,25.128561004682247,414.6419206730628,628.0957766523767,213.45385597931386,7.325776269712318,住宅面積分配,residential_support,1,./?city=all&lat=25.128561004682247&layer=walking&lon=121.53676448120777&tab=map#explorer,代表點所在里與網格相交里只提供位置線索，不表示整里都存在服務缺口；人口是網格配置估計，並非官方里人口。此處是待實地核對的候選清冊。
63000:250:11120:1220,cell:63000:250:11120:1220,臺北市,士林區,臺北市 士林區 陽明里,臺北市 士林區 新安里；臺北市 士林區 東山里；臺北市 士林區 陽明里,121.54668125453804,25.128524756833894,153.77871764504175,674.3513197709775,520.5726021259358,3.9308839007939063,住宅面積分配,residential_support,1,./?city=all&lat=25.128524756833894&layer=walking&lon=121.54668125453804&tab=map#explorer,代表點所在里與網格相交里只提供位置線索，不表示整里都存在服務缺口；人口是網格配置估計，並非官方里人口。此處是待實地核對的候選清冊。
63000:250:11120:1222,cell:63000:250:11120:1222,臺北市,士林區,臺北市 士林區 新安里,臺北市 士林區 新安里；臺北市 士林區 陽明里,121.55163963394838,25.12850638410365,366.8052108493832,594.897614299199,228.09240344981578,71.58266879278283,住宅面積分配,residential_support,5,./?city=all&lat=25.12850638410365&layer=walking&lon=121.55163963394838&tab=map#explorer,代表點所在里與網格相交里只提供位置線索，不表示整里都存在服務缺口；人口是網格配置估計，並非官方里人口。此處是待實地核對的候選清冊。
63000:250:11120:1227,cell:63000:250:11120:1227,臺北市,士林區,臺北市 士林區 公館里,臺北市 士林區 公館里；臺北市 士林區 菁山里,121.56403556096166,25.128459726598805,257.75963509934564,538.1721173346107,280.41248223526503,23.39681935843577,住宅面積分配,residential_support,3,./?city=all&lat=25.128459726598805&layer=walking&lon=121.56403556096166&tab=map#explorer,代表點所在里與網格相交里只提供位置線索，不表示整里都存在服務缺口；人口是網格配置估計，並非官方里人口。此處是待實地核對的候選清冊。
63000:250:11121:1216,cell:63000:250:11121:1216,臺北市,士林區,臺北市 士林區 天母里,臺北市 士林區 天母里,121.53677434497862,25.130817961444308,483.30607062101456,705.630114434444,222.3240438134294,68.7537548057484,住宅面積分配,residential_support,5,./?city=all&lat=25.130817961444308&layer=walking&lon=121.53677434497862&tab=map#explorer,代表點所在里與網格相交里只提供位置線索，不表示整里都存在服務缺口；人口是網格配置估計，並非官方里人口。此處是待實地核對的候選清冊。
63000:250:11121:1219,cell:63000:250:11121:1219,臺北市,士林區,臺北市 士林區 東山里,臺北市 士林區 東山里；臺北市 士林區 陽明里,121.54421206344104,25.13079083499159,238.88748295935824,779.7843907640033,540.896907804645,36.13550609901103,住宅面積分配,residential_support,1,./?city=all&lat=25.13079083499159&layer=walking&lon=121.54421206344104&tab=map#explorer,代表點所在里與網格相交里只提供位置線索，不表示整里都存在服務缺口；人口是網格配置估計，並非官方里人口。此處是待實地核對的候選清冊。
63000:250:11121:1221,cell:63000:250:11121:1221,臺北市,士林區,臺北市 士林區 陽明里,臺北市 士林區 陽明里,121.54917053638817,25.130772543329964,270.66584546612205,604.7439673076078,334.07812184148577,39.625764724723254,住宅面積分配,residential_support,2,./?city=all&lat=25.130772543329964&layer=walking&lon=121.54917053638817&tab=map#explorer,代表點所在里與網格相交里只提供位置線索，不表示整里都存在服務缺口；人口是網格配置估計，並非官方里人口。此處是待實地核對的候選清冊。
63000:250:11121:1225,cell:63000:250:11121:1225,臺北市,士林區,臺北市 士林區 新安里,臺北市 士林區 公館里；臺北市 士林區 新安里,121.55908746761774,25.130735462346028,314.4220128940766,568.3907461993122,253.96873330523556,31.67590903824266,住宅面積分配,residential_support,2,./?city=all&lat=25.130735462346028&layer=walking&lon=121.55908746761774&tab=map#explorer,代表點所在里與網格相交里只提供位置線索，不表示整里都存在服務缺口；人口是網格配置估計，並非官方里人口。此處是待實地核對的候選清冊。
63000:250:11122:1218,cell:63000:250:11122:1218,臺北市,士林區,臺北市 士林區 天母里,臺北市 士林區 天母里；臺北市 士林區 東山里；臺北市 士林區 陽明里,121.54174278123267,25.13305687284443,339.5892107680363,501.97974111985917,162.39053035182286,6.9578943187519275,住宅面積分配,residential_support,1,./?city=all&lat=25.13305687284443&layer=walking&lon=121.54174278123267&tab=map#explorer,代表點所在里與網格相交里只提供位置線索，不表示整里都存在服務缺口；人口是網格配置估計，並非官方里人口。此處是待實地核對的候選清冊。
63000:250:11122:1220,cell:63000:250:11122:1220,臺北市,士林區,臺北市 士林區 陽明里,臺北市 士林區 陽明里,121.54670134771698,25.133038662268444,195.71185054375235,575.3015048900774,379.589654346325,54.16654832706198,住宅面積分配,residential_support,4,./?city=all&lat=25.133038662268444&layer=walking&lon=121.54670134771698&tab=map#explorer,代表點所在里與網格相交里只提供位置線索，不表示整里都存在服務缺口；人口是網格配置估計，並非官方里人口。此處是待實地核對的候選清冊。
63000:250:11122:1221,cell:63000:250:11122:1221,臺北市,士林區,臺北市 士林區 陽明里,臺北市 士林區 陽明里,121.5491806291424,25.13302949476628,367.9393364936649,622.0760077614641,254.13667126779922,121.71024212282745,住宅面積分配,residential_support,4,./?city=all&lat=25.13302949476628&layer=walking&lon=121.5491806291424&tab=map#explorer,代表點所在里與網格相交里只提供位置線索，不表示整里都存在服務缺口；人口是網格配置估計，並非官方里人口。此處是待實地核對的候選清冊。
63000:250:11122:1230,cell:63000:250:11122:1230,臺北市,士林區,臺北市 士林區 平等里,臺北市 士林區 平等里；臺北市 士林區 菁山里,121.57149410647907,25.13294512083601,299.08091529738397,506.2368546433031,207.15593934591914,27.6649808567441,住宅面積分配,residential_support,3,./?city=all&lat=25.13294512083601&layer=walking&lon=121.57149410647907&tab=map#explorer,代表點所在里與網格相交里只提供位置線索，不表示整里都存在服務缺口；人口是網格配置估計，並非官方里人口。此處是待實地核對的候選清冊。
63000:250:11123:1218,cell:63000:250:11123:1218,臺北市,士林區,臺北市 士林區 陽明里,臺北市 士林區 天母里；臺北市 士林區 陽明里,121.54175273851371,25.13531382638327,279.3316686975617,601.9895529647135,322.6578842671518,11.482343537123358,住宅面積分配,residential_support,4,./?city=all&lat=25.13531382638327&layer=walking&lon=121.54175273851371&tab=map#explorer,代表點所在里與網格相交里只提供位置線索，不表示整里都存在服務缺口；人口是網格配置估計，並非官方里人口。此處是待實地核對的候選清冊。
63000:250:11123:1227,cell:63000:250:11123:1227,臺北市,士林區,臺北市 士林區 菁山里,臺北市 士林區 公館里；臺北市 士林區 菁山里,121.56406665926751,25.135230563803393,236.92698801344298,556.9456529909228,320.01866497747983,0.844328165844712,住宅面積分配,residential_support,2,./?city=all&lat=25.135230563803393&layer=walking&lon=121.56406665926751&tab=map#explorer,代表點所在里與網格相交里只提供位置線索，不表示整里都存在服務缺口；人口是網格配置估計，並非官方里人口。此處是待實地核對的候選清冊。
63000:250:11123:1228,cell:63000:250:11123:1228,臺北市,士林區,臺北市 士林區 菁山里,臺北市 士林區 菁山里,121.56654597761109,25.13522110500577,491.10977052253463,644.6971270254904,153.5873565029558,5.8571336065385475,住宅面積分配,residential_support,5,./?city=all&lat=25.13522110500577&layer=walking&lon=121.56654597761109&tab=map#explorer,代表點所在里與網格相交里只提供位置線索，不表示整里都存在服務缺口；人口是網格配置估計，並非官方里人口。此處是待實地核對的候選清冊。
63000:250:11123:1229,cell:63000:250:11123:1229,臺北市,士林區,臺北市 士林區 菁山里,臺北市 士林區 菁山里,121.56902529469758,25.135211604728465,401.3426250043285,661.7677845192127,260.4251595148842,39.17823539934114,住宅面積分配,residential_support,5,./?city=all&lat=25.135211604728465&layer=walking&lon=121.56902529469758&tab=map#explorer,代表點所在里與網格相交里只提供位置線索，不表示整里都存在服務缺口；人口是網格配置估計，並非官方里人口。此處是待實地核對的候選清冊。
63000:250:11123:1230,cell:63000:250:11123:1230,臺北市,士林區,臺北市 士林區 菁山里,臺北市 士林區 平等里；臺北市 士林區 菁山里,121.57150461052147,25.135202062971572,248.1201045598169,572.7015503562329,324.581445796416,46.492518777961735,住宅面積分配,residential_support,5,./?city=all&lat=25.135202062971572&layer=walking&lon=121.57150461052147&tab=map#explorer,代表點所在里與網格相交里只提供位置線索，不表示整里都存在服務缺口；人口是網格配置估計，並非官方里人口。此處是待實地核對的候選清冊。
63000:250:11124:1222,cell:63000:250:11124:1222,臺北市,士林區,臺北市 士林區 陽明里,臺北市 士林區 新安里；臺北市 士林區 陽明里,121.55168018964622,25.137534184707782,373.3620343661123,642.4372180569505,269.07518369083823,93.62740788152936,住宅面積分配,residential_support,5,./?city=all&lat=25.137534184707782&layer=walking&lon=121.55168018964622&tab=map#explorer,代表點所在里與網格相交里只提供位置線索，不表示整里都存在服務缺口；人口是網格配置估計，並非官方里人口。此處是待實地核對的候選清冊。
63000:250:11124:1228,cell:63000:250:11124:1228,臺北市,士林區,臺北市 士林區 菁山里,臺北市 士林區 菁山里,121.56655639178469,25.13747804839276,454.0469019688719,589.8493220428677,135.8024200739958,210.76223651256134,住宅面積分配,residential_support,5,./?city=all&lat=25.13747804839276&layer=walking&lon=121.56655639178469&tab=map#explorer,代表點所在里與網格相交里只提供位置線索，不表示整里都存在服務缺口；人口是網格配置估計，並非官方里人口。此處是待實地核對的候選清冊。
63000:250:11125:1223,cell:63000:250:11125:1223,臺北市,士林區,臺北市 士林區 菁山里,臺北市 士林區 公館里；臺北市 士林區 菁山里；臺北市 士林區 陽明里,121.55416974732114,25.139781879844744,309.10082576033784,626.16556782345,317.0647420631122,82.50621224979187,面積均分代理,uniform_proxy,5,./?city=all&lat=25.139781879844744&layer=walking&lon=121.55416974732114&tab=map#explorer,代表點所在里與網格相交里只提供位置線索，不表示整里都存在服務缺口；人口是網格配置估計，並非官方里人口。此處是待實地核對的候選清冊。
63000:250:11127:1228,cell:63000:250:11127:1228,臺北市,士林區,臺北市 士林區 菁山里,臺北市 士林區 菁山里,121.56658764184905,25.144248874404653,244.28972509993847,736.923345691928,492.6336205919896,86.07431092590119,住宅面積分配,residential_support,5,./?city=all&lat=25.144248874404653&layer=walking&lon=121.56658764184905&tab=map#explorer,代表點所在里與網格相交里只提供位置線索，不表示整里都存在服務缺口；人口是網格配置估計，並非官方里人口。此處是待實地核對的候選清冊。
63000:250:11127:1229,cell:63000:250:11127:1229,臺北市,士林區,臺北市 士林區 菁山里,臺北市 士林區 菁山里,121.56906714124256,25.14423937024974,458.89568071575235,1273.3796948234938,814.4840141077414,30.398627346187745,住宅面積分配,residential_support,2,./?city=all&lat=25.14423937024974&layer=walking&lon=121.56906714124256&tab=map#explorer,代表點所在里與網格相交里只提供位置線索，不表示整里都存在服務缺口；人口是網格配置估計，並非官方里人口。此處是待實地核對的候選清冊。
63000:250:11128:1222,cell:63000:250:11128:1222,臺北市,士林區,臺北市 士林區 菁山里,臺北市 士林區 菁山里；臺北市 士林區 陽明里,121.55172076493106,25.14656197425142,359.70358239850805,823.4539176195372,463.7503352210291,34.00945088117777,住宅面積分配,residential_support,5,./?city=all&lat=25.14656197425142&layer=walking&lon=121.55172076493106&tab=map#explorer,代表點所在里與網格相交里只提供位置線索，不表示整里都存在服務缺口；人口是網格配置估計，並非官方里人口。此處是待實地核對的候選清冊。
63000:250:11128:1223,cell:63000:250:11128:1223,臺北市,士林區,臺北市 士林區 菁山里,臺北市 士林區 菁山里,121.5542003173781,25.14655271813326,453.5204098372335,662.7397205767364,209.21931073950293,34.98037951509945,住宅面積分配,residential_support,5,./?city=all&lat=25.14655271813326&layer=walking&lon=121.5542003173781&tab=map#explorer,代表點所在里與網格相交里只提供位置線索，不表示整里都存在服務缺口；人口是網格配置估計，並非官方里人口。此處是待實地核對的候選清冊。
63000:250:11129:1223,cell:63000:250:11129:1223,臺北市,士林區,臺北市 士林區 菁山里,臺北市 士林區 菁山里；臺北市 士林區 陽明里,121.55421050985711,25.14880966284651,455.96216222954894,572.3711660577354,116.40900382818648,0.46706800442850366,住宅面積分配,residential_support,3,./?city=all&lat=25.14880966284651&layer=walking&lon=121.55421050985711&tab=map#explorer,代表點所在里與網格相交里只提供位置線索，不表示整里都存在服務缺口；人口是網格配置估計，並非官方里人口。此處是待實地核對的候選清冊。
63000:250:11130:1222,cell:63000:250:11130:1222,臺北市,士林區,臺北市 士林區 陽明里,臺北市 北投區 湖山里；臺北市 士林區 陽明里,121.55174105992057,25.151075864874652,292.8975616963932,542.0137299696377,249.11616827324445,84.36879178316356,住宅面積分配,residential_support,5,./?city=all&lat=25.151075864874652&layer=walking&lon=121.55174105992057&tab=map#explorer,代表點所在里與網格相交里只提供位置線索，不表示整里都存在服務缺口；人口是網格配置估計，並非官方里人口。此處是待實地核對的候選清冊。
63000:250:11130:1223,cell:63000:250:11130:1223,臺北市,士林區,臺北市 士林區 陽明里,臺北市 士林區 菁山里；臺北市 士林區 陽明里,121.55422070356634,25.151066606868206,409.28470026820645,577.6511060890496,168.3664058208431,117.99951518824744,住宅面積分配,residential_support,5,./?city=all&lat=25.151066606868206&layer=walking&lon=121.55422070356634&tab=map#explorer,代表點所在里與網格相交里只提供位置線索，不表示整里都存在服務缺口；人口是網格配置估計，並非官方里人口。此處是待實地核對的候選清冊。
63000:250:11131:1223,cell:63000:250:11131:1223,臺北市,士林區,臺北市 士林區 陽明里,臺北市 北投區 湖山里；臺北市 士林區 菁山里；臺北市 士林區 陽明里,121.5542308985058,25.15332355019832,386.3546892725557,655.3121070815432,268.95741780898754,28.227184387743964,住宅面積分配,residential_support,5,./?city=all&lat=25.15332355019832&layer=walking&lon=121.5542308985058&tab=map#explorer,代表點所在里與網格相交里只提供位置線索，不表示整里都存在服務缺口；人口是網格配置估計，並非官方里人口。此處是待實地核對的候選清冊。
63000:250:11131:1226,cell:63000:250:11131:1226,臺北市,士林區,臺北市 士林區 菁山里,臺北市 士林區 菁山里,121.56166995886167,25.153295524263065,283.3401119433429,529.8378811749678,246.49776923162494,21.820911305839907,住宅面積分配,residential_support,5,./?city=all&lat=25.153295524263065&layer=walking&lon=121.56166995886167&tab=map#explorer,代表點所在里與網格相交里只提供位置線索，不表示整里都存在服務缺口；人口是網格配置估計，並非官方里人口。此處是待實地核對的候選清冊。
63000:250:11132:1226,cell:63000:250:11132:1226,臺北市,士林區,臺北市 士林區 菁山里,臺北市 士林區 菁山里,121.56168029187029,25.155552464043467,409.1290904625324,785.2534929924188,376.1244025298864,4.548817113444119,住宅面積分配,residential_support,1,./?city=all&lat=25.155552464043467&layer=walking&lon=121.56168029187029&tab=map#explorer,代表點所在里與網格相交里只提供位置線索，不表示整里都存在服務缺口；人口是網格配置估計，並非官方里人口。此處是待實地核對的候選清冊。
63000:250:11052:1226,cell:63000:250:11052:1226,臺北市,文山區,臺北市 文山區 老泉里,臺北市 文山區 老泉里,121.56085758314285,24.974995099457896,439.42986789385617,623.5943808982483,184.16451300439218,152.7856923187237,面積均分代理,uniform_proxy,1,./?city=all&lat=24.974995099457896&layer=walking&lon=121.56085758314285&tab=map#explorer,代表點所在里與網格相交里只提供位置線索，不表示整里都存在服務缺口；人口是網格配置估計，並非官方里人口。此處是待實地核對的候選清冊。
63000:250:11052:1237,cell:63000:250:11052:1237,臺北市,文山區,臺北市 文山區 指南里,臺北市 文山區 指南里,121.58809459454075,24.974889993584366,377.8371276535419,698.9744378404058,321.1373101868639,49.054419886957334,面積均分代理,uniform_proxy,1,./?city=all&lat=24.974889993584366&layer=walking&lon=121.58809459454075&tab=map#explorer,代表點所在里與網格相交里只提供位置線索，不表示整里都存在服務缺口；人口是網格配置估計，並非官方里人口。此處是待實地核對的候選清冊。
63000:250:11053:1237,cell:63000:250:11053:1237,臺北市,文山區,臺北市 文山區 指南里,臺北市 文山區 指南里,121.58810532631922,24.97714697709671,356.6840806692735,663.4148920657522,306.73081139647866,139.85693176230907,面積均分代理,uniform_proxy,1,./?city=all&lat=24.97714697709671&layer=walking&lon=121.58810532631922&tab=map#explorer,代表點所在里與網格相交里只提供位置線索，不表示整里都存在服務缺口；人口是網格配置估計，並非官方里人口。此處是待實地核對的候選清冊。
63000:250:11054:1228,cell:63000:250:11054:1228,臺北市,文山區,臺北市 文山區 老泉里,臺北市 文山區 老泉里,121.5658304299887,24.97949034395817,396.66822959166836,614.3124728332682,217.64424324159984,186.90144775742817,面積均分代理,uniform_proxy,1,./?city=all&lat=24.97949034395817&layer=walking&lon=121.5658304299887&tab=map#explorer,代表點所在里與網格相交里只提供位置線索，不表示整里都存在服務缺口；人口是網格配置估計，並非官方里人口。此處是待實地核對的候選清冊。
63000:250:11054:1236,cell:63000:250:11054:1236,臺北市,文山區,臺北市 文山區 指南里,臺北市 文山區 指南里,121.58563988347622,24.979413722897092,464.30592740662,542.8215417046521,78.51561429803206,36.35174163949686,面積均分代理,uniform_proxy,1,./?city=all&lat=24.979413722897092&layer=walking&lon=121.58563988347622&tab=map#explorer,代表點所在里與網格相交里只提供位置線索，不表示整里都存在服務缺口；人口是網格配置估計，並非官方里人口。此處是待實地核對的候選清冊。
63000:250:11055:1236,cell:63000:250:11055:1236,臺北市,文山區,臺北市 文山區 指南里,臺北市 文山區 指南里；臺北市 文山區 政大里,121.58565057266414,24.98167070603299,451.5236632024724,573.8086348170708,122.28497161459842,182.8111711391345,面積均分代理,uniform_proxy,1,./?city=all&lat=24.98167070603299&layer=walking&lon=121.58565057266414&tab=map#explorer,代表點所在里與網格相交里只提供位置線索，不表示整里都存在服務缺口；人口是網格配置估計，並非官方里人口。此處是待實地核對的候選清冊。
63000:250:11057:1238,cell:63000:250:11057:1238,臺北市,文山區,臺北市 文山區 政大里,臺北市 文山區 政大里,121.59062457663201,24.986165097081017,264.0327191236212,516.8247358531321,252.79201672951092,157.72751642925937,住宅面積分配,residential_support,5,./?city=all&lat=24.986165097081017&layer=walking&lon=121.59062457663201&tab=map#explorer,代表點所在里與網格相交里只提供位置線索，不表示整里都存在服務缺口；人口是網格配置估計，並非官方里人口。此處是待實地核對的候選清冊。
63000:250:11058:1217,cell:63000:250:11058:1217,臺北市,文山區,臺北市 文山區 景美里,新北市 新店區 忠孝里；臺北市 文山區 景美里；臺北市 文山區 景行里,121.53863353773214,24.989057014107896,259.03077364499586,520.339764261656,261.30899061666014,387.2982834840985,住宅面積分配,residential_support,4,./?city=all&lat=24.989057014107896&layer=walking&lon=121.53863353773214&tab=map#explorer,代表點所在里與網格相交里只提供位置線索，不表示整里都存在服務缺口；人口是網格配置估計，並非官方里人口。此處是待實地核對的候選清冊。
63000:250:11059:1220,cell:63000:250:11059:1220,臺北市,文山區,臺北市 文山區 華興里,臺北市 文山區 景東里；臺北市 文山區 華興里；臺北市 文山區 試院里,121.54607073929178,24.990849314973453,419.3589948061722,623.6488658161406,204.28987100996846,633.2343829158058,住宅面積分配,residential_support,4,./?city=all&lat=24.990849314973453&layer=walking&lon=121.54607073929178&tab=map#explorer,代表點所在里與網格相交里只提供位置線索，不表示整里都存在服務缺口；人口是網格配置估計，並非官方里人口。此處是待實地核對的候選清冊。
63000:250:11059:1221,cell:63000:250:11059:1221,臺北市,文山區,臺北市 文山區 華興里,臺北市 文山區 景東里；臺北市 文山區 華興里；臺北市 文山區 試院里,121.54854716126748,24.99084020633809,380.1431710091016,649.0538518921499,268.91068088304826,589.8493993750922,面積均分代理,uniform_proxy,3,./?city=all&lat=24.99084020633809&layer=walking&lon=121.54854716126748&tab=map#explorer,代表點所在里與網格相交里只提供位置線索，不表示整里都存在服務缺口；人口是網格配置估計，並非官方里人口。此處是待實地核對的候選清冊。
63000:250:11059:1223,cell:63000:250:11059:1223,臺北市,文山區,臺北市 文山區 華興里,臺北市 文山區 興得里；臺北市 文山區 華興里,121.55350000157641,24.990821865438367,88.96806896581502,582.7636176960781,493.7955487302631,1293.0987909140808,面積均分代理,uniform_proxy,2,./?city=all&lat=24.990821865438367&layer=walking&lon=121.55350000157641&tab=map#explorer,代表點所在里與網格相交里只提供位置線索，不表示整里都存在服務缺口；人口是網格配置估計，並非官方里人口。此處是待實地核對的候選清冊。
63000:250:11059:1227,cell:63000:250:11059:1227,臺北市,文山區,臺北市 文山區 明興里,臺北市 文山區 明興里；臺北市 文山區 木柵里,121.56340566747097,24.990784689125196,272.776701097567,514.2053878870163,241.42868678944927,2232.942547804725,面積均分代理,uniform_proxy,5,./?city=all&lat=24.990784689125196&layer=walking&lon=121.56340566747097&tab=map#explorer,代表點所在里與網格相交里只提供位置線索，不表示整里都存在服務缺口；人口是網格配置估計，並非官方里人口。此處是待實地核對的候選清冊。
63000:250:11060:1226,cell:63000:250:11060:1226,臺北市,文山區,臺北市 文山區 興家里,臺北市 文山區 明興里；臺北市 文山區 興家里,121.56093949633927,24.993051034486815,275.8172052796272,506.1806691085234,230.36346382889616,2848.4240855862677,住宅面積分配,residential_support,4,./?city=all&lat=24.993051034486815&layer=walking&lon=121.56093949633927&tab=map#explorer,代表點所在里與網格相交里只提供位置線索，不表示整里都存在服務缺口；人口是網格配置估計，並非官方里人口。此處是待實地核對的候選清冊。
63000:250:11060:1227,cell:63000:250:11060:1227,臺北市,文山區,臺北市 文山區 明興里,臺北市 文山區 明興里；臺北市 文山區 木柵里；臺北市 文山區 興家里,121.5634159561764,24.9930416776358,342.5105596584118,569.2046165870778,226.694056928666,349.7814012792682,住宅面積分配,residential_support,2,./?city=all&lat=24.9930416776358&layer=walking&lon=121.5634159561764&tab=map#explorer,代表點所在里與網格相交里只提供位置線索，不表示整里都存在服務缺口；人口是網格配置估計，並非官方里人口。此處是待實地核對的候選清冊。
63000:250:11060:1230,cell:63000:250:11060:1230,臺北市,文山區,臺北市 文山區 萬芳里,臺北市 文山區 木柵里；臺北市 文山區 萬興里；臺北市 文山區 萬芳里,121.57084532819417,24.993013359802514,158.95103283284928,586.6911060243236,427.7400731914744,1294.4260486237063,面積均分代理,uniform_proxy,5,./?city=all&lat=24.993013359802514&layer=walking&lon=121.57084532819417&tab=map#explorer,代表點所在里與網格相交里只提供位置線索，不表示整里都存在服務缺口；人口是網格配置估計，並非官方里人口。此處是待實地核對的候選清冊。
63000:250:11061:1223,cell:63000:250:11061:1223,臺北市,文山區,臺北市 文山區 興得里,臺北市 文山區 興得里,121.55352021846886,24.995335849390102,362.86154796827117,533.8084475066427,170.9468995383715,297.3940104703276,面積均分代理,uniform_proxy,4,./?city=all&lat=24.995335849390102&layer=walking&lon=121.55352021846886&tab=map#explorer,代表點所在里與網格相交里只提供位置線索，不表示整里都存在服務缺口；人口是網格配置估計，並非官方里人口。此處是待實地核對的候選清冊。
63000:250:11061:1224,cell:63000:250:11061:1224,臺北市,文山區,臺北市 文山區 興得里,臺北市 文山區 興得里,121.55599672723234,24.995326615233804,385.1858274203982,584.4827487352898,199.29692131489156,819.0982930695953,面積均分代理,uniform_proxy,4,./?city=all&lat=24.995326615233804&layer=walking&lon=121.55599672723234&tab=map#explorer,代表點所在里與網格相交里只提供位置線索，不表示整里都存在服務缺口；人口是網格配置估計，並非官方里人口。此處是待實地核對的候選清冊。
63000:250:11064:1233,cell:63000:250:11064:1233,臺北市,文山區,臺北市 文山區 博嘉里,臺北市 文山區 博嘉里,121.57831694167385,25.002012594841517,307.83573387762397,501.7944757031124,193.95874182548846,150.41606922537142,面積均分代理,uniform_proxy,1,./?city=all&lat=25.002012594841517&layer=walking&lon=121.57831694167385&tab=map#explorer,代表點所在里與網格相交里只提供位置線索，不表示整里都存在服務缺口；人口是網格配置估計，並非官方里人口。此處是待實地核對的候選清冊。
63000:250:11064:1238,cell:63000:250:11064:1238,臺北市,文山區,臺北市 文山區 博嘉里,臺北市 文山區 博嘉里,121.5907000884162,25.00196393606147,118.54960987545937,518.3493521284909,399.79974225303147,124.64704510941421,住宅面積分配,residential_support,2,./?city=all&lat=25.00196393606147&layer=walking&lon=121.5907000884162&tab=map#explorer,代表點所在里與網格相交里只提供位置線索，不表示整里都存在服務缺口；人口是網格配置估計，並非官方里人口。此處是待實地核對的候選清冊。
63000:250:11064:1241,cell:63000:250:11064:1241,臺北市,文山區,臺北市 文山區 萬興里,新北市 深坑區 萬順里；臺北市 文山區 萬興里,121.59812951843433,25.00184287380958,246.80576309752092,711.3823608367527,464.5765977392318,51.54033642289319,住宅面積分配,residential_support,3,./?city=all&lat=25.00184287380958&layer=walking&lon=121.59812951843433&tab=map#explorer,代表點所在里與網格相交里只提供位置線索，不表示整里都存在服務缺口；人口是網格配置估計，並非官方里人口。此處是待實地核對的候選清冊。
63000:250:11065:1219,cell:63000:250:11065:1219,臺北市,文山區,臺北市 文山區 萬盛里,臺北市 文山區 興豐里；臺北市 文山區 興邦里；臺北市 文山區 萬盛里,121.54365389590606,25.004400348445813,332.0043516011264,525.0655151309976,193.06116352987118,701.0524478568411,住宅面積分配,residential_support,1,./?city=all&lat=25.004400348445813&layer=walking&lon=121.54365389590606&tab=map#explorer,代表點所在里與網格相交里只提供位置線索，不表示整里都存在服務缺口；人口是網格配置估計，並非官方里人口。此處是待實地核對的候選清冊。
63000:250:11065:1232,cell:63000:250:11065:1232,臺北市,文山區,臺北市 文山區 博嘉里,臺北市 文山區 博嘉里,121.57585082962392,25.00427918311811,386.733353049867,618.8734492950277,232.14009624516075,315.48660638551974,面積均分代理,uniform_proxy,1,./?city=all&lat=25.00427918311811&layer=walking&lon=121.57585082962392&tab=map#explorer,代表點所在里與網格相交里只提供位置線索，不表示整里都存在服務缺口；人口是網格配置估計，並非官方里人口。此處是待實地核對的候選清冊。
63000:250:11065:1233,cell:63000:250:11065:1233,臺北市,文山區,臺北市 文山區 博嘉里,臺北市 文山區 博嘉里,121.57832750807421,25.004269574067045,344.69749955616606,578.7490333748287,234.05153381866268,370.8916546633015,面積均分代理,uniform_proxy,1,./?city=all&lat=25.004269574067045&layer=walking&lon=121.57832750807421&tab=map#explorer,代表點所在里與網格相交里只提供位置線索，不表示整里都存在服務缺口；人口是網格配置估計，並非官方里人口。此處是待實地核對的候選清冊。
63000:250:11066:1220,cell:63000:250:11066:1220,臺北市,文山區,臺北市 文山區 興旺里,臺北市 文山區 興旺里；臺北市 文山區 萬盛里,121.54614056990395,25.006648266447165,212.6581582622003,905.6473506660557,692.9891924038554,153.80072369630622,住宅面積分配,residential_support,3,./?city=all&lat=25.006648266447165&layer=walking&lon=121.54614056990395&tab=map#explorer,代表點所在里與網格相交里只提供位置線索，不表示整里都存在服務缺口；人口是網格配置估計，並非官方里人口。此處是待實地核對的候選清冊。
63000:250:11066:1229,cell:63000:250:11066:1229,臺北市,文山區,臺北市 文山區 博嘉里,臺北市 文山區 博嘉里；臺北市 文山區 萬美里,121.56843117333518,25.006564745314346,217.82455004103988,969.844127254095,752.0195772130552,601.6719492058874,住宅面積分配,residential_support,1,./?city=all&lat=25.006564745314346&layer=walking&lon=121.56843117333518&tab=map#explorer,代表點所在里與網格相交里只提供位置線索，不表示整里都存在服務缺口；人口是網格配置估計，並非官方里人口。此處是待實地核對的候選清冊。
63000:250:11066:1230,cell:63000:250:11066:1230,臺北市,文山區,臺北市 文山區 博嘉里,臺北市 文山區 博嘉里,121.57090790083862,25.006555258994368,256.18701078595507,884.734573736791,628.547562950836,17.51580437864532,面積均分代理,uniform_proxy,1,./?city=all&lat=25.006555258994368&layer=walking&lon=121.57090790083862&tab=map#explorer,代表點所在里與網格相交里只提供位置線索，不表示整里都存在服務缺口；人口是網格配置估計，並非官方里人口。此處是待實地核對的候選清冊。
63000:250:11067:1226,cell:63000:250:11067:1226,臺北市,文山區,臺北市 文山區 興昌里,臺北市 大安區 黎和里；臺北市 文山區 興昌里,121.5610112354744,25.008849941491114,295.1883966249908,716.2278091887309,421.03941256374014,1694.0727908187516,住宅面積分配,residential_support,3,./?city=all&lat=25.008849941491114&layer=walking&lon=121.5610112354744&tab=map#explorer,代表點所在里與網格相交里只提供位置線索，不表示整里都存在服務缺口；人口是網格配置估計，並非官方里人口。此處是待實地核對的候選清冊。
