{"type":"FeatureCollection","features":[{"type":"Feature","properties":{"cell_id":"65000:250:11052:1291","county_id":"65000","city":"NewTaipei","district":"平溪區","population_estimate":0.04483382534116502,"population_known_estimate":0.04483382534116502,"population_data_fraction":1.0,"population_method":"uniform_proxy","population_period":"2024-12","population_density_per_km2":0.7173412054586403,"bus_walk_mean_m":1810.3992754370934,"bus_walk_p90_m":1810.3992754370934,"bus_known_weight":1.0,"metro_walk_mean_m":19674.049740566003,"metro_known_weight":1.0,"position_status":"fallback_unverified","classification":"residential_coverage_candidate","residential_gap":true},"geometry":{"type":"Polygon","coordinates":[[[121.72055656465061,24.97317928794346],[121.72056971250768,24.975436212110957],[121.72304574187427,24.975424206407283],[121.72303254884795,24.97316728347049],[121.72055656465061,24.97317928794346]]]}},{"type":"Feature","properties":{"cell_id":"65000:250:11053:1290","county_id":"65000","city":"NewTaipei","district":"平溪區","population_estimate":0.0,"population_known_estimate":0.0,"population_data_fraction":1.0,"population_method":"residential_support","population_period":"2024-12","population_density_per_km2":0.0,"bus_walk_mean_m":2742.3666571386307,"bus_walk_p90_m":2742.3666571386307,"bus_known_weight":1.0,"metro_walk_mean_m":18703.528989614144,"metro_known_weight":1.0,"position_status":"fallback_unverified","classification":"zero_residential_proxy","residential_gap":false},"geometry":{"type":"Polygon","coordinates":[[[121.7180936815493,24.975448176638732],[121.71810678582337,24.97770510134209],[121.72058286195654,24.977693135587785],[121.72056971250768,24.975436212110957],[121.7180936815493,24.975448176638732]]]}},{"type":"Feature","properties":{"cell_id":"65000:250:11053:1291","county_id":"65000","city":"NewTaipei","district":"平溪區","population_estimate":0.0,"population_known_estimate":0.0,"population_data_fraction":1.0,"population_method":"residential_support","population_period":"2024-12","population_density_per_km2":0.0,"bus_walk_mean_m":null,"bus_walk_p90_m":null,"bus_known_weight":0.0,"metro_walk_mean_m":null,"metro_known_weight":0.0,"position_status":"fallback_unverified","classification":"zero_residential_proxy","residential_gap":false},"geometry":{"type":"Polygon","coordinates":[[[121.72056971250768,24.975436212110957],[121.72058286195654,24.977693135587785],[121.72305893649784,24.977681128653366],[121.72304574187427,24.975424206407283],[121.72056971250768,24.975436212110957]]]}},{"type":"Feature","properties":{"cell_id":"65000:250:11053:1292","county_id":"65000","city":"NewTaipei","district":"平溪區","population_estimate":0.0,"population_known_estimate":0.0,"population_data_fraction":0.9999999999999999,"population_method":"residential_support","population_period":"2024-12","population_density_per_km2":0.0,"bus_walk_mean_m":1877.6958075473244,"bus_walk_p90_m":1877.6958075473244,"bus_known_weight":1.0,"metro_walk_mean_m":20593.238852473394,"metro_known_weight":1.0,"position_status":"fallback_unverified","classification":"zero_residential_proxy","residential_gap":false},"geometry":{"type":"Polygon","coordinates":[[[121.72304574187427,24.975424206407283],[121.72305893649784,24.977681128653366],[121.72553500944173,24.977669080538938],[121.72552176964358,24.975412159527828],[121.72304574187427,24.975424206407283]]]}},{"type":"Feature","properties":{"cell_id":"65000:250:11053:1293","county_id":"65000","city":"NewTaipei","district":"平溪區","population_estimate":0.0,"population_known_estimate":0.0,"population_data_fraction":1.0,"population_method":"residential_support","population_period":"2024-12","population_density_per_km2":0.0,"bus_walk_mean_m":1766.1115692254205,"bus_walk_p90_m":1766.1115692254205,"bus_known_weight":1.0,"metro_walk_mean_m":20822.93175472368,"metro_known_weight":1.0,"position_status":"fallback_unverified","classification":"zero_residential_proxy","residential_gap":false},"geometry":{"type":"Polygon","coordinates":[[[121.72552176964358,24.975412159527828],[121.72553500944173,24.977669080538938],[121.72801108078276,24.977656991244608],[121.72799779581018,24.975400071472688],[121.72552176964358,24.975412159527828]]]}},{"type":"Feature","properties":{"cell_id":"65000:250:11053:1294","county_id":"65000","city":"NewTaipei","district":"平溪區","population_estimate":0.0,"population_known_estimate":0.0,"population_data_fraction":1.0,"population_method":"residential_support","population_period":"2024-12","population_density_per_km2":0.0,"bus_walk_mean_m":null,"bus_walk_p90_m":null,"bus_known_weight":0.0,"metro_walk_mean_m":null,"metro_known_weight":0.0,"position_status":"fallback_unverified","classification":"zero_residential_proxy","residential_gap":false},"geometry":{"type":"Polygon","coordinates":[[[121.72799779581018,24.975400071472688],[121.72801108078276,24.977656991244608],[121.73048715051546,24.97764486077048],[121.73047382036856,24.97538794224197],[121.72799779581018,24.975400071472688]]]}},{"type":"Feature","properties":{"cell_id":"65000:250:11053:1295","county_id":"65000","city":"NewTaipei","district":"平溪區","population_estimate":0.0,"population_known_estimate":0.0,"population_data_fraction":1.0,"population_method":"residential_support","population_period":"2024-12","population_density_per_km2":0.0,"bus_walk_mean_m":null,"bus_walk_p90_m":null,"bus_known_weight":0.0,"metro_walk_mean_m":null,"metro_known_weight":0.0,"position_status":"fallback_unverified","classification":"zero_residential_proxy","residential_gap":false},"geometry":{"type":"Polygon","coordinates":[[[121.73047382036856,24.97538794224197],[121.73048715051546,24.97764486077048],[121.73296321863435,24.977632689116653],[121.73294984331328,24.97537577183577],[121.73047382036856,24.97538794224197]]]}},{"type":"Feature","properties":{"cell_id":"65000:250:11053:1296","county_id":"65000","city":"NewTaipei","district":"平溪區","population_estimate":0.0,"population_known_estimate":0.0,"population_data_fraction":1.0,"population_method":"residential_support","population_period":"2024-12","population_density_per_km2":0.0,"bus_walk_mean_m":null,"bus_walk_p90_m":null,"bus_known_weight":0.0,"metro_walk_mean_m":null,"metro_known_weight":0.0,"position_status":"fallback_unverified","classification":"zero_residential_proxy","residential_gap":false},"geometry":{"type":"Polygon","coordinates":[[[121.73294984331328,24.97537577183577],[121.73296321863435,24.977632689116653],[121.73543928513399,24.97762047628324],[121.73542586463884,24.975363560254213],[121.73294984331328,24.97537577183577]]]}},{"type":"Feature","properties":{"cell_id":"65000:250:11053:1297","county_id":"65000","city":"NewTaipei","district":"平溪區","population_estimate":0.0,"population_known_estimate":0.0,"population_data_fraction":1.0,"population_method":"residential_support","population_period":"2024-12","population_density_per_km2":0.0,"bus_walk_mean_m":2728.537258984848,"bus_walk_p90_m":2728.537258984848,"bus_known_weight":1.0,"metro_walk_mean_m":22086.7702521738,"metro_known_weight":1.0,"position_status":"fallback_unverified","classification":"zero_residential_proxy","residential_gap":false},"geometry":{"type":"Polygon","coordinates":[[[121.73542586463884,24.975363560254213],[121.73543928513399,24.97762047628324],[121.73791535000888,24.977608222270337],[121.73790188433982,24.97535130749739],[121.73542586463884,24.975363560254213]]]}},{"type":"Feature","properties":{"cell_id":"65000:250:11053:1300","county_id":"65000","city":"NewTaipei","district":"平溪區","population_estimate":0.0,"population_known_estimate":0.0,"population_data_fraction":1.0,"population_method":"residential_support","population_period":"2024-12","population_density_per_km2":0.0,"bus_walk_mean_m":3430.599289336056,"bus_walk_p90_m":3430.599289336056,"bus_known_weight":1.0,"metro_walk_mean_m":21925.01294808603,"metro_known_weight":1.0,"position_status":"fallback_unverified","classification":"zero_residential_proxy","residential_gap":false},"geometry":{"type":"Polygon","coordinates":[[[121.74285391884608,24.97532667845838],[121.7428674748626,24.97758359070652],[121.7453435348305,24.977571213155816],[121.74532993364043,24.975314302176404],[121.74285391884608,24.97532667845838]]]}},{"type":"Feature","properties":{"cell_id":"65000:250:11053:1301","county_id":"65000","city":"NewTaipei","district":"平溪區","population_estimate":0.0,"population_known_estimate":0.0,"population_data_fraction":1.0,"population_method":"residential_support","population_period":"2024-12","population_density_per_km2":0.0,"bus_walk_mean_m":null,"bus_walk_p90_m":null,"bus_known_weight":0.0,"metro_walk_mean_m":null,"metro_known_weight":0.0,"position_status":"fallback_unverified","classification":"zero_residential_proxy","residential_gap":false},"geometry":{"type":"Polygon","coordinates":[[[121.74532993364043,24.975314302176404],[121.7453435348305,24.977571213155816],[121.74781959315177,24.97755879442605],[121.74780594678832,24.975301884719595],[121.74532993364043,24.975314302176404]]]}},{"type":"Feature","properties":{"cell_id":"65000:250:11053:1302","county_id":"65000","city":"NewTaipei","district":"平溪區","population_estimate":0.0,"population_known_estimate":0.0,"population_data_fraction":1.0,"population_method":"residential_support","population_period":"2024-12","population_density_per_km2":0.0,"bus_walk_mean_m":null,"bus_walk_p90_m":null,"bus_known_weight":0.0,"metro_walk_mean_m":null,"metro_known_weight":0.0,"position_status":"fallback_unverified","classification":"zero_residential_proxy","residential_gap":false},"geometry":{"type":"Polygon","coordinates":[[[121.74780594678832,24.975301884719595],[121.74781959315177,24.97755879442605],[121.75029564982097,24.97754633451734],[121.75028195828423,24.97528942608806],[121.74780594678832,24.975301884719595]]]}},{"type":"Feature","properties":{"cell_id":"65000:250:11054:1290","county_id":"65000","city":"NewTaipei","district":"平溪區","population_estimate":0.0,"population_known_estimate":0.0,"population_data_fraction":0.9999999999999999,"population_method":"residential_support","population_period":"2024-12","population_density_per_km2":0.0,"bus_walk_mean_m":null,"bus_walk_p90_m":null,"bus_known_weight":0.0,"metro_walk_mean_m":null,"metro_known_weight":0.0,"position_status":"fallback_unverified","classification":"zero_residential_proxy","residential_gap":false},"geometry":{"type":"Polygon","coordinates":[[[121.71810678582337,24.97770510134209],[121.71811989168386,24.97996202535477],[121.72059601299735,24.97995005837389],[121.72058286195654,24.977693135587785],[121.71810678582337,24.97770510134209]]]}},{"type":"Feature","properties":{"cell_id":"65000:250:11054:1291","county_id":"65000","city":"NewTaipei","district":"平溪區","population_estimate":0.0,"population_known_estimate":0.0,"population_data_fraction":1.0,"population_method":"residential_support","population_period":"2024-12","population_density_per_km2":0.0,"bus_walk_mean_m":null,"bus_walk_p90_m":null,"bus_known_weight":0.0,"metro_walk_mean_m":null,"metro_known_weight":0.0,"position_status":"fallback_unverified","classification":"zero_residential_proxy","residential_gap":false},"geometry":{"type":"Polygon","coordinates":[[[121.72058286195654,24.977693135587785],[121.72059601299735,24.97995005837389],[121.72307213271881,24.979938050208688],[121.72305893649784,24.977681128653366],[121.72058286195654,24.977693135587785]]]}},{"type":"Feature","properties":{"cell_id":"65000:250:11054:1292","county_id":"65000","city":"NewTaipei","district":"平溪區","population_estimate":0.0,"population_known_estimate":0.0,"population_data_fraction":1.0,"population_method":"residential_support","population_period":"2024-12","population_density_per_km2":0.0,"bus_walk_mean_m":2293.2298989192464,"bus_walk_p90_m":2293.2298989192464,"bus_known_weight":1.0,"metro_walk_mean_m":20193.908891525025,"metro_known_weight":1.0,"position_status":"fallback_unverified","classification":"zero_residential_proxy","residential_gap":false},"geometry":{"type":"Polygon","coordinates":[[[121.72305893649784,24.977681128653366],[121.72307213271881,24.979938050208688],[121.72554825084273,24.979926000859244],[121.72553500944173,24.977669080538938],[121.72305893649784,24.977681128653366]]]}},{"type":"Feature","properties":{"cell_id":"65000:250:11054:1293","county_id":"65000","city":"NewTaipei","district":"平溪區","population_estimate":0.0,"population_known_estimate":0.0,"population_data_fraction":1.0,"population_method":"residential_support","population_period":"2024-12","population_density_per_km2":0.0,"bus_walk_mean_m":2886.3533024935678,"bus_walk_p90_m":2886.3533024935678,"bus_known_weight":1.0,"metro_walk_mean_m":19591.646491999767,"metro_known_weight":1.0,"position_status":"fallback_unverified","classification":"zero_residential_proxy","residential_gap":false},"geometry":{"type":"Polygon","coordinates":[[[121.72553500944173,24.977669080538938],[121.72554825084273,24.979926000859244],[121.72802436736367,24.979913910325678],[121.72801108078276,24.977656991244608],[121.72553500944173,24.977669080538938]]]}},{"type":"Feature","properties":{"cell_id":"65000:250:11054:1294","county_id":"65000","city":"NewTaipei","district":"平溪區","population_estimate":0.0,"population_known_estimate":0.0,"population_data_fraction":1.0,"population_method":"residential_support","population_period":"2024-12","population_density_per_km2":0.0,"bus_walk_mean_m":2162.039894657374,"bus_walk_p90_m":2162.039894657374,"bus_known_weight":1.0,"metro_walk_mean_m":20430.419566205113,"metro_known_weight":1.0,"position_status":"fallback_unverified","classification":"zero_residential_proxy","residential_gap":false},"geometry":{"type":"Polygon","coordinates":[[[121.72801108078276,24.977656991244608],[121.72802436736367,24.979913910325678],[121.73050048227616,24.9799017786081],[121.73048715051546,24.97764486077048],[121.72801108078276,24.977656991244608]]]}},{"type":"Feature","properties":{"cell_id":"65000:250:11054:1295","county_id":"65000","city":"NewTaipei","district":"平溪區","population_estimate":0.0,"population_known_estimate":0.0,"population_data_fraction":0.9999999999999999,"population_method":"residential_support","population_period":"2024-12","population_density_per_km2":0.0,"bus_walk_mean_m":2602.11693936746,"bus_walk_p90_m":2602.11693936746,"bus_known_weight":1.0,"metro_walk_mean_m":20611.25642863337,"metro_known_weight":1.0,"position_status":"fallback_unverified","classification":"zero_residential_proxy","residential_gap":false},"geometry":{"type":"Polygon","coordinates":[[[121.73048715051546,24.97764486077048],[121.73050048227616,24.9799017786081],[121.73297659557471,24.979889605706596],[121.73296321863435,24.977632689116653],[121.73048715051546,24.97764486077048]]]}},{"type":"Feature","properties":{"cell_id":"65000:250:11054:1296","county_id":"65000","city":"NewTaipei","district":"平溪區","population_estimate":0.0,"population_known_estimate":0.0,"population_data_fraction":1.0,"population_method":"residential_support","population_period":"2024-12","population_density_per_km2":0.0,"bus_walk_mean_m":null,"bus_walk_p90_m":null,"bus_known_weight":0.0,"metro_walk_mean_m":null,"metro_known_weight":0.0,"position_status":"fallback_unverified","classification":"zero_residential_proxy","residential_gap":false},"geometry":{"type":"Polygon","coordinates":[[[121.73296321863435,24.977632689116653],[121.73297659557471,24.979889605706596],[121.73545270725388,24.979877391621283],[121.73543928513399,24.97762047628324],[121.73296321863435,24.977632689116653]]]}},{"type":"Feature","properties":{"cell_id":"65000:250:11054:1297","county_id":"65000","city":"NewTaipei","district":"平溪區","population_estimate":0.0,"population_known_estimate":0.0,"population_data_fraction":0.9999999999999999,"population_method":"residential_support","population_period":"2024-12","population_density_per_km2":0.0,"bus_walk_mean_m":null,"bus_walk_p90_m":null,"bus_known_weight":0.0,"metro_walk_mean_m":null,"metro_known_weight":0.0,"position_status":"fallback_unverified","classification":"zero_residential_proxy","residential_gap":false},"geometry":{"type":"Polygon","coordinates":[[[121.73543928513399,24.97762047628324],[121.73545270725388,24.979877391621283],[121.73792881730816,24.97986513635227],[121.73791535000888,24.977608222270337],[121.73543928513399,24.97762047628324]]]}},{"type":"Feature","properties":{"cell_id":"65000:250:11054:1300","county_id":"65000","city":"NewTaipei","district":"平溪區","population_estimate":0.0,"population_known_estimate":0.0,"population_data_fraction":1.0,"population_method":"residential_support","population_period":"2024-12","population_density_per_km2":0.0,"bus_walk_mean_m":3707.009320096726,"bus_walk_p90_m":3707.009320096726,"bus_known_weight":1.0,"metro_walk_mean_m":22201.422978846702,"metro_known_weight":1.0,"position_status":"fallback_unverified","classification":"zero_residential_proxy","residential_gap":false},"geometry":{"type":"Polygon","coordinates":[[[121.7428674748626,24.97758359070652],[121.74288103252029,24.97984050226355],[121.74535713766717,24.97982812344406],[121.7453435348305,24.977571213155816],[121.7428674748626,24.97758359070652]]]}},{"type":"Feature","properties":{"cell_id":"65000:250:11054:1301","county_id":"65000","city":"NewTaipei","district":"平溪區","population_estimate":0.0,"population_known_estimate":0.0,"population_data_fraction":1.0,"population_method":"residential_support","population_period":"2024-12","population_density_per_km2":0.0,"bus_walk_mean_m":4037.121826797734,"bus_walk_p90_m":4037.121826797734,"bus_known_weight":1.0,"metro_walk_mean_m":22531.53548554771,"metro_known_weight":1.0,"position_status":"fallback_unverified","classification":"zero_residential_proxy","residential_gap":false},"geometry":{"type":"Polygon","coordinates":[[[121.7453435348305,24.977571213155816],[121.74535713766717,24.97982812344406],[121.74783324116733,24.979815703441297],[121.74781959315177,24.97755879442605],[121.7453435348305,24.977571213155816]]]}},{"type":"Feature","properties":{"cell_id":"65000:250:11054:1302","county_id":"65000","city":"NewTaipei","district":"平溪區","population_estimate":0.0,"population_known_estimate":0.0,"population_data_fraction":1.0,"population_method":"residential_support","population_period":"2024-12","population_density_per_km2":0.0,"bus_walk_mean_m":4328.382425557197,"bus_walk_p90_m":4328.382425557197,"bus_known_weight":1.0,"metro_walk_mean_m":22308.69405054131,"metro_known_weight":1.0,"position_status":"fallback_unverified","classification":"zero_residential_proxy","residential_gap":false},"geometry":{"type":"Polygon","coordinates":[[[121.74781959315177,24.97755879442605],[121.74783324116733,24.979815703441297],[121.75030934301525,24.979803242255358],[121.75029564982097,24.97754633451734],[121.74781959315177,24.97755879442605]]]}},{"type":"Feature","properties":{"cell_id":"65000:250:11054:1303","county_id":"65000","city":"NewTaipei","district":"平溪區","population_estimate":0.0,"population_known_estimate":0.0,"population_data_fraction":1.0,"population_method":"residential_support","population_period":"2024-12","population_density_per_km2":0.0,"bus_walk_mean_m":null,"bus_walk_p90_m":null,"bus_known_weight":0.0,"metro_walk_mean_m":null,"metro_known_weight":0.0,"position_status":"fallback_unverified","classification":"zero_residential_proxy","residential_gap":false},"geometry":{"type":"Polygon","coordinates":[[[121.75029564982097,24.97754633451734],[121.75030934301525,24.979803242255358],[121.75278544320551,24.97979073988636],[121.75277170483263,24.97753383342978],[121.75029564982097,24.97754633451734]]]}},{"type":"Feature","properties":{"cell_id":"65000:250:11054:1304","county_id":"65000","city":"NewTaipei","district":"平溪區","population_estimate":0.0,"population_known_estimate":0.0,"population_data_fraction":1.0,"population_method":"residential_support","population_period":"2024-12","population_density_per_km2":0.0,"bus_walk_mean_m":null,"bus_walk_p90_m":null,"bus_known_weight":0.0,"metro_walk_mean_m":null,"metro_known_weight":0.0,"position_status":"fallback_unverified","classification":"zero_residential_proxy","residential_gap":false},"geometry":{"type":"Polygon","coordinates":[[[121.75277170483263,24.97753383342978],[121.75278544320551,24.97979073988636],[121.75526154173264,24.97977819633441],[121.75524775818128,24.97752129116349],[121.75277170483263,24.97753383342978]]]}},{"type":"Feature","properties":{"cell_id":"65000:250:11054:1305","county_id":"65000","city":"NewTaipei","district":"平溪區","population_estimate":0.04009218346901942,"population_known_estimate":0.04009218346901942,"population_data_fraction":0.9999999999999999,"population_method":"uniform_proxy","population_period":"2024-12","population_density_per_km2":0.6414749355043107,"bus_walk_mean_m":2634.9679684681,"bus_walk_p90_m":2634.9679684681,"bus_known_weight":1.0,"metro_walk_mean_m":23724.573187990532,"metro_known_weight":1.0,"position_status":"fallback_unverified","classification":"residential_coverage_candidate","residential_gap":true},"geometry":{"type":"Polygon","coordinates":[[[121.75524775818128,24.97752129116349],[121.75526154173264,24.97977819633441],[121.75773763859112,24.979765611599618],[121.75772380986145,24.977508707718584],[121.75524775818128,24.97752129116349]]]}},{"type":"Feature","properties":{"cell_id":"65000:250:11054:1306","county_id":"65000","city":"NewTaipei","district":"平溪區","population_estimate":0.10406699639205168,"population_known_estimate":0.10406699639205168,"population_data_fraction":1.0,"population_method":"uniform_proxy","population_period":"2024-12","population_density_per_km2":1.6650719422728268,"bus_walk_mean_m":2221.272140032523,"bus_walk_p90_m":2221.272140032523,"bus_known_weight":1.0,"metro_walk_mean_m":24134.312435339667,"metro_known_weight":1.0,"position_status":"fallback_unverified","classification":"residential_coverage_candidate","residential_gap":true},"geometry":{"type":"Polygon","coordinates":[[[121.75772380986145,24.977508707718584],[121.75773763859112,24.979765611599618],[121.76021373377556,24.979752985682083],[121.76019985986764,24.977496083095154],[121.75772380986145,24.977508707718584]]]}},{"type":"Feature","properties":{"cell_id":"65000:250:11054:1307","county_id":"65000","city":"NewTaipei","district":"平溪區","population_estimate":0.8810455996132605,"population_known_estimate":0.8810455996132605,"population_data_fraction":1.0,"population_method":"uniform_proxy","population_period":"2024-12","population_density_per_km2":14.096729593812167,"bus_walk_mean_m":2099.1493284366325,"bus_walk_p90_m":2099.1493284366325,"bus_known_weight":1.0,"metro_walk_mean_m":24099.528894677343,"metro_known_weight":1.0,"position_status":"fallback_unverified","classification":"residential_coverage_candidate","residential_gap":true},"geometry":{"type":"Polygon","coordinates":[[[121.76019985986764,24.977496083095154],[121.76021373377556,24.979752985682083],[121.76268982728043,24.97974031858192],[121.76267590819444,24.977483417293325],[121.76019985986764,24.977496083095154]]]}},{"type":"Feature","properties":{"cell_id":"65000:250:11055:1291","county_id":"65000","city":"NewTaipei","district":"平溪區","population_estimate":0.0,"population_known_estimate":0.0,"population_data_fraction":1.0,"population_method":"residential_support","population_period":"2024-12","population_density_per_km2":0.0,"bus_walk_mean_m":3672.5714196616423,"bus_walk_p90_m":3672.5714196616423,"bus_known_weight":1.0,"metro_walk_mean_m":18678.22205489709,"metro_known_weight":1.0,"position_status":"fallback_unverified","classification":"zero_residential_proxy","residential_gap":false},"geometry":{"type":"Polygon","coordinates":[[[121.72059601299735,24.97995005837389],[121.72060916563021,24.98220698046925],[121.72308533053729,24.982194971073206],[121.72307213271881,24.979938050208688],[121.72059601299735,24.97995005837389]]]}},{"type":"Feature","properties":{"cell_id":"65000:250:11055:1292","county_id":"65000","city":"NewTaipei","district":"平溪區","population_estimate":0.0,"population_known_estimate":0.0,"population_data_fraction":1.0,"population_method":"residential_support","population_period":"2024-12","population_density_per_km2":0.0,"bus_walk_mean_m":null,"bus_walk_p90_m":null,"bus_known_weight":0.0,"metro_walk_mean_m":null,"metro_known_weight":0.0,"position_status":"fallback_unverified","classification":"zero_residential_proxy","residential_gap":false},"geometry":{"type":"Polygon","coordinates":[[[121.72307213271881,24.979938050208688],[121.72308533053729,24.982194971073206],[121.72556149384673,24.982182920488707],[121.72554825084273,24.979926000859244],[121.72307213271881,24.979938050208688]]]}},{"type":"Feature","properties":{"cell_id":"65000:250:11055:1293","county_id":"65000","city":"NewTaipei","district":"平溪區","population_estimate":0.0,"population_known_estimate":0.0,"population_data_fraction":1.0,"population_method":"residential_support","population_period":"2024-12","population_density_per_km2":0.0,"bus_walk_mean_m":3287.6470979703327,"bus_walk_p90_m":3287.6470979703327,"bus_known_weight":1.0,"metro_walk_mean_m":19308.896098430207,"metro_known_weight":1.0,"position_status":"fallback_unverified","classification":"zero_residential_proxy","residential_gap":false},"geometry":{"type":"Polygon","coordinates":[[[121.72554825084273,24.979926000859244],[121.72556149384673,24.982182920488707],[121.72803765555304,24.982170828715866],[121.72802436736367,24.979913910325678],[121.72554825084273,24.979926000859244]]]}},{"type":"Feature","properties":{"cell_id":"65000:250:11055:1294","county_id":"65000","city":"NewTaipei","district":"平溪區","population_estimate":0.0,"population_known_estimate":0.0,"population_data_fraction":1.0,"population_method":"residential_support","population_period":"2024-12","population_density_per_km2":0.0,"bus_walk_mean_m":3464.1897953229786,"bus_walk_p90_m":3464.1897953229786,"bus_known_weight":1.0,"metro_walk_mean_m":19240.197464769026,"metro_known_weight":1.0,"position_status":"fallback_unverified","classification":"zero_residential_proxy","residential_gap":false},"geometry":{"type":"Polygon","coordinates":[[[121.72802436736367,24.979913910325678],[121.72803765555304,24.982170828715866],[121.73051381565078,24.98215869575478],[121.73050048227616,24.9799017786081],[121.72802436736367,24.979913910325678]]]}},{"type":"Feature","properties":{"cell_id":"65000:250:11055:1295","county_id":"65000","city":"NewTaipei","district":"平溪區","population_estimate":0.0,"population_known_estimate":0.0,"population_data_fraction":0.9999999999999999,"population_method":"residential_support","population_period":"2024-12","population_density_per_km2":0.0,"bus_walk_mean_m":2845.38972714778,"bus_walk_p90_m":2845.38972714778,"bus_known_weight":1.0,"metro_walk_mean_m":20404.79070173352,"metro_known_weight":1.0,"position_status":"fallback_unverified","classification":"zero_residential_proxy","residential_gap":false},"geometry":{"type":"Polygon","coordinates":[[[121.73050048227616,24.9799017786081],[121.73051381565078,24.98215869575478],[121.73298997413445,24.982146521605557],[121.73297659557471,24.979889605706596],[121.73050048227616,24.9799017786081]]]}},{"type":"Feature","properties":{"cell_id":"65000:250:11055:1296","county_id":"65000","city":"NewTaipei","district":"平溪區","population_estimate":0.0,"population_known_estimate":0.0,"population_data_fraction":0.9999999999999999,"population_method":"residential_support","population_period":"2024-12","population_density_per_km2":0.0,"bus_walk_mean_m":null,"bus_walk_p90_m":null,"bus_known_weight":0.0,"metro_walk_mean_m":null,"metro_known_weight":0.0,"position_status":"fallback_unverified","classification":"zero_residential_proxy","residential_gap":false},"geometry":{"type":"Polygon","coordinates":[[[121.73297659557471,24.979889605706596],[121.73298997413445,24.982146521605557],[121.73546613099862,24.982134306268303],[121.73545270725388,24.979877391621283],[121.73297659557471,24.979889605706596]]]}},{"type":"Feature","properties":{"cell_id":"65000:250:11055:1297","county_id":"65000","city":"NewTaipei","district":"平溪區","population_estimate":0.0,"population_known_estimate":0.0,"population_data_fraction":1.0,"population_method":"residential_support","population_period":"2024-12","population_density_per_km2":0.0,"bus_walk_mean_m":null,"bus_walk_p90_m":null,"bus_known_weight":0.0,"metro_walk_mean_m":null,"metro_known_weight":0.0,"position_status":"fallback_unverified","classification":"zero_residential_proxy","residential_gap":false},"geometry":{"type":"Polygon","coordinates":[[[121.73545270725388,24.979877391621283],[121.73546613099862,24.982134306268303],[121.73794228623777,24.98212204974313],[121.73792881730816,24.97986513635227],[121.73545270725388,24.979877391621283]]]}},{"type":"Feature","properties":{"cell_id":"65000:250:11055:1298","county_id":"65000","city":"NewTaipei","district":"平溪區","population_estimate":0.0,"population_known_estimate":0.0,"population_data_fraction":1.0,"population_method":"residential_support","population_period":"2024-12","population_density_per_km2":0.0,"bus_walk_mean_m":null,"bus_walk_p90_m":null,"bus_known_weight":0.0,"metro_walk_mean_m":null,"metro_known_weight":0.0,"position_status":"fallback_unverified","classification":"zero_residential_proxy","residential_gap":false},"geometry":{"type":"Polygon","coordinates":[[[121.73792881730816,24.97986513635227],[121.73794228623777,24.98212204974313],[121.74041843984648,24.982109752030134],[121.74040492573212,24.979852839899653],[121.73792881730816,24.97986513635227]]]}},{"type":"Feature","properties":{"cell_id":"65000:250:11055:1299","county_id":"65000","city":"NewTaipei","district":"平溪區","population_estimate":0.0,"population_known_estimate":0.0,"population_data_fraction":1.0,"population_method":"residential_support","population_period":"2024-12","population_density_per_km2":0.0,"bus_walk_mean_m":null,"bus_walk_p90_m":null,"bus_known_weight":0.0,"metro_walk_mean_m":null,"metro_known_weight":0.0,"position_status":"fallback_unverified","classification":"zero_residential_proxy","residential_gap":false},"geometry":{"type":"Polygon","coordinates":[[[121.74040492573212,24.979852839899653],[121.74041843984648,24.982109752030134],[121.74289459181922,24.982097413129424],[121.74288103252029,24.97984050226355],[121.74040492573212,24.979852839899653]]]}},{"type":"Feature","properties":{"cell_id":"65000:250:11055:1300","county_id":"65000","city":"NewTaipei","district":"平溪區","population_estimate":0.0,"population_known_estimate":0.0,"population_data_fraction":1.0,"population_method":"residential_support","population_period":"2024-12","population_density_per_km2":0.0,"bus_walk_mean_m":null,"bus_walk_p90_m":null,"bus_known_weight":0.0,"metro_walk_mean_m":null,"metro_known_weight":0.0,"position_status":"fallback_unverified","classification":"zero_residential_proxy","residential_gap":false},"geometry":{"type":"Polygon","coordinates":[[[121.74288103252029,24.97984050226355],[121.74289459181922,24.982097413129424],[121.74537074215057,24.982085033041113],[121.74535713766717,24.97982812344406],[121.74288103252029,24.97984050226355]]]}},{"type":"Feature","properties":{"cell_id":"65000:250:11055:1301","county_id":"65000","city":"NewTaipei","district":"平溪區","population_estimate":0.0,"population_known_estimate":0.0,"population_data_fraction":1.0,"population_method":"residential_support","population_period":"2024-12","population_density_per_km2":0.0,"bus_walk_mean_m":4052.8257776264327,"bus_walk_p90_m":4052.8257776264327,"bus_known_weight":1.0,"metro_walk_mean_m":22033.137402610548,"metro_known_weight":1.0,"position_status":"fallback_unverified","classification":"zero_residential_proxy","residential_gap":false},"geometry":{"type":"Polygon","coordinates":[[[121.74535713766717,24.97982812344406],[121.74537074215057,24.982085033041113],[121.74784689083506,24.9820726117653],[121.74783324116733,24.979815703441297],[121.74535713766717,24.97982812344406]]]}},{"type":"Feature","properties":{"cell_id":"65000:250:11055:1302","county_id":"65000","city":"NewTaipei","district":"平溪區","population_estimate":0.0,"population_known_estimate":0.0,"population_data_fraction":0.9999999999999998,"population_method":"residential_support","population_period":"2024-12","population_density_per_km2":0.0,"bus_walk_mean_m":4179.335051543307,"bus_walk_p90_m":4179.335051543307,"bus_known_weight":1.0,"metro_walk_mean_m":22296.025225200076,"metro_known_weight":1.0,"position_status":"fallback_unverified","classification":"zero_residential_proxy","residential_gap":false},"geometry":{"type":"Polygon","coordinates":[[[121.74783324116733,24.979815703441297],[121.74784689083506,24.9820726117653],[121.75032303786722,24.982060149302097],[121.75030934301525,24.979803242255358],[121.74783324116733,24.979815703441297]]]}},{"type":"Feature","properties":{"cell_id":"65000:250:11055:1303","county_id":"65000","city":"NewTaipei","district":"平溪區","population_estimate":0.0,"population_known_estimate":0.0,"population_data_fraction":1.0,"population_method":"residential_support","population_period":"2024-12","population_density_per_km2":0.0,"bus_walk_mean_m":null,"bus_walk_p90_m":null,"bus_known_weight":0.0,"metro_walk_mean_m":null,"metro_known_weight":0.0,"position_status":"fallback_unverified","classification":"zero_residential_proxy","residential_gap":false},"geometry":{"type":"Polygon","coordinates":[[[121.75030934301525,24.979803242255358],[121.75032303786722,24.982060149302097],[121.75279918324156,24.98204764565161],[121.75278544320551,24.97979073988636],[121.75030934301525,24.979803242255358]]]}},{"type":"Feature","properties":{"cell_id":"65000:250:11055:1304","county_id":"65000","city":"NewTaipei","district":"平溪區","population_estimate":0.0,"population_known_estimate":0.0,"population_data_fraction":1.0,"population_method":"residential_support","population_period":"2024-12","population_density_per_km2":0.0,"bus_walk_mean_m":null,"bus_walk_p90_m":null,"bus_known_weight":0.0,"metro_walk_mean_m":null,"metro_known_weight":0.0,"position_status":"fallback_unverified","classification":"zero_residential_proxy","residential_gap":false},"geometry":{"type":"Polygon","coordinates":[[[121.75278544320551,24.97979073988636],[121.75279918324156,24.98204764565161],[121.7552753269526,24.982035100813953],[121.75526154173264,24.97977819633441],[121.75278544320551,24.97979073988636]]]}},{"type":"Feature","properties":{"cell_id":"65000:250:11055:1305","county_id":"65000","city":"NewTaipei","district":"平溪區","population_estimate":0.0,"population_known_estimate":0.0,"population_data_fraction":1.0,"population_method":"residential_support","population_period":"2024-12","population_density_per_km2":0.0,"bus_walk_mean_m":3104.7796235821556,"bus_walk_p90_m":3104.7796235821556,"bus_known_weight":1.0,"metro_walk_mean_m":23896.96614892256,"metro_known_weight":1.0,"position_status":"fallback_unverified","classification":"zero_residential_proxy","residential_gap":false},"geometry":{"type":"Polygon","coordinates":[[[121.75526154173264,24.97977819633441],[121.7552753269526,24.982035100813953],[121.75775146899493,24.982022514789218],[121.75773763859112,24.979765611599618],[121.75526154173264,24.97977819633441]]]}},{"type":"Feature","properties":{"cell_id":"65000:250:11055:1306","county_id":"65000","city":"NewTaipei","district":"平溪區","population_estimate":0.0,"population_known_estimate":0.0,"population_data_fraction":1.0,"population_method":"residential_support","population_period":"2024-12","population_density_per_km2":0.0,"bus_walk_mean_m":null,"bus_walk_p90_m":null,"bus_known_weight":0.0,"metro_walk_mean_m":null,"metro_known_weight":0.0,"position_status":"fallback_unverified","classification":"zero_residential_proxy","residential_gap":false},"geometry":{"type":"Polygon","coordinates":[[[121.75773763859112,24.979765611599618],[121.75775146899493,24.982022514789218],[121.76022760936303,24.982009887577544],[121.76021373377556,24.979752985682083],[121.75773763859112,24.979765611599618]]]}},{"type":"Feature","properties":{"cell_id":"65000:250:11055:1307","county_id":"65000","city":"NewTaipei","district":"平溪區","population_estimate":0.0,"population_known_estimate":0.0,"population_data_fraction":1.0,"population_method":"residential_support","population_period":"2024-12","population_density_per_km2":0.0,"bus_walk_mean_m":null,"bus_walk_p90_m":null,"bus_known_weight":0.0,"metro_walk_mean_m":null,"metro_known_weight":0.0,"position_status":"fallback_unverified","classification":"zero_residential_proxy","residential_gap":false},"geometry":{"type":"Polygon","coordinates":[[[121.76021373377556,24.979752985682083],[121.76022760936303,24.982009887577544],[121.76270374805141,24.981997219179007],[121.76268982728043,24.97974031858192],[121.76021373377556,24.979752985682083]]]}},{"type":"Feature","properties":{"cell_id":"65000:250:11055:1308","county_id":"65000","city":"NewTaipei","district":"平溪區","population_estimate":0.4562490313762999,"population_known_estimate":0.4562490313762999,"population_data_fraction":0.9999999999999999,"population_method":"uniform_proxy","population_period":"2024-12","population_density_per_km2":7.2999845020207985,"bus_walk_mean_m":2236.3618776319868,"bus_walk_p90_m":2236.3618776319868,"bus_known_weight":1.0,"metro_walk_mean_m":24506.558399194044,"metro_known_weight":1.0,"position_status":"fallback_unverified","classification":"residential_coverage_candidate","residential_gap":true},"geometry":{"type":"Polygon","coordinates":[[[121.76268982728043,24.97974031858192],[121.76270374805141,24.981997219179007],[121.76517988505466,24.98198450959374],[121.76516591910026,24.979727610299246],[121.76268982728043,24.97974031858192]]]}},{"type":"Feature","properties":{"cell_id":"65000:250:11055:1309","county_id":"65000","city":"NewTaipei","district":"平溪區","population_estimate":0.11222102229970493,"population_known_estimate":0.11222102229970493,"population_data_fraction":1.0,"population_method":"uniform_proxy","population_period":"2024-12","population_density_per_km2":1.795536356795279,"bus_walk_mean_m":null,"bus_walk_p90_m":null,"bus_known_weight":0.0,"metro_walk_mean_m":null,"metro_known_weight":0.0,"position_status":"fallback_unverified","classification":"unresolved_walk_evidence","residential_gap":false},"geometry":{"type":"Polygon","coordinates":[[[121.76516591910026,24.979727610299246],[121.76517988505466,24.98198450959374],[121.76765602036728,24.981971758821846],[121.7676420092296,24.979714860834168],[121.76516591910026,24.979727610299246]]]}},{"type":"Feature","properties":{"cell_id":"65000:250:11055:1310","county_id":"65000","city":"NewTaipei","district":"平溪區","population_estimate":0.04378913494795187,"population_known_estimate":0.04378913494795187,"population_data_fraction":1.0,"population_method":"uniform_proxy","population_period":"2024-12","population_density_per_km2":0.7006261591672299,"bus_walk_mean_m":null,"bus_walk_p90_m":null,"bus_known_weight":0.0,"metro_walk_mean_m":null,"metro_known_weight":0.0,"position_status":"fallback_unverified","classification":"unresolved_walk_evidence","residential_gap":false},"geometry":{"type":"Polygon","coordinates":[[[121.7676420092296,24.979714860834168],[121.76765602036728,24.981971758821846],[121.77013215398382,24.98195896686343],[121.77011809766302,24.979702070186796],[121.7676420092296,24.979714860834168]]]}},{"type":"Feature","properties":{"cell_id":"65000:250:11055:1311","county_id":"65000","city":"NewTaipei","district":"平溪區","population_estimate":0.2216708561039648,"population_known_estimate":0.2216708561039648,"population_data_fraction":1.0,"population_method":"uniform_proxy","population_period":"2024-12","population_density_per_km2":3.546733697663437,"bus_walk_mean_m":3001.8815347599875,"bus_walk_p90_m":3001.8815347599875,"bus_known_weight":1.0,"metro_walk_mean_m":25465.67501811899,"metro_known_weight":1.0,"position_status":"fallback_unverified","classification":"residential_coverage_candidate","residential_gap":true},"geometry":{"type":"Polygon","coordinates":[[[121.77011809766302,24.979702070186796],[121.77013215398382,24.98195896686343],[121.7726082858988,24.981946133718612],[121.77259418439499,24.979689238357235],[121.77011809766302,24.979702070186796]]]}},{"type":"Feature","properties":{"cell_id":"65000:250:11056:1293","county_id":"65000","city":"NewTaipei","district":"平溪區","population_estimate":0.0,"population_known_estimate":0.0,"population_data_fraction":1.0,"population_method":"residential_support","population_period":"2024-12","population_density_per_km2":0.0,"bus_walk_mean_m":3667.475261047473,"bus_walk_p90_m":3667.475261047473,"bus_known_weight":1.0,"metro_walk_mean_m":18884.628881551944,"metro_known_weight":1.0,"position_status":"fallback_unverified","classification":"zero_residential_proxy","residential_gap":false},"geometry":{"type":"Polygon","coordinates":[[[121.72556149384673,24.982182920488707],[121.72557473845384,24.984439839427267],[121.72805094535101,24.98442774641511],[121.72803765555304,24.982170828715866],[121.72556149384673,24.982182920488707]]]}},{"type":"Feature","properties":{"cell_id":"65000:250:11056:1294","county_id":"65000","city":"NewTaipei","district":"平溪區","population_estimate":0.0,"population_known_estimate":0.0,"population_data_fraction":1.0,"population_method":"residential_support","population_period":"2024-12","population_density_per_km2":0.0,"bus_walk_mean_m":null,"bus_walk_p90_m":null,"bus_known_weight":0.0,"metro_walk_mean_m":null,"metro_known_weight":0.0,"position_status":"fallback_unverified","classification":"zero_residential_proxy","residential_gap":false},"geometry":{"type":"Polygon","coordinates":[[[121.72803765555304,24.982170828715866],[121.72805094535101,24.98442774641511],[121.73052715063947,24.98441561221048],[121.73051381565078,24.98215869575478],[121.72803765555304,24.982170828715866]]]}},{"type":"Feature","properties":{"cell_id":"65000:250:11056:1295","county_id":"65000","city":"NewTaipei","district":"平溪區","population_estimate":0.0,"population_known_estimate":0.0,"population_data_fraction":1.0,"population_method":"residential_support","population_period":"2024-12","population_density_per_km2":0.0,"bus_walk_mean_m":null,"bus_walk_p90_m":null,"bus_known_weight":0.0,"metro_walk_mean_m":null,"metro_known_weight":0.0,"position_status":"fallback_unverified","classification":"zero_residential_proxy","residential_gap":false},"geometry":{"type":"Polygon","coordinates":[[[121.73051381565078,24.98215869575478],[121.73052715063947,24.98441561221048],[121.73300335431374,24.984403436813498],[121.73298997413445,24.982146521605557],[121.73051381565078,24.98215869575478]]]}},{"type":"Feature","properties":{"cell_id":"65000:250:11056:1296","county_id":"65000","city":"NewTaipei","district":"平溪區","population_estimate":0.0,"population_known_estimate":0.0,"population_data_fraction":1.0,"population_method":"residential_support","population_period":"2024-12","population_density_per_km2":0.0,"bus_walk_mean_m":3285.7151943417985,"bus_walk_p90_m":3285.7151943417985,"bus_known_weight":1.0,"metro_walk_mean_m":19789.92822024756,"metro_known_weight":1.0,"position_status":"fallback_unverified","classification":"zero_residential_proxy","residential_gap":false},"geometry":{"type":"Polygon","coordinates":[[[121.73298997413445,24.982146521605557],[121.73300335431374,24.984403436813498],[121.73547955636835,24.984391220224254],[121.73546613099862,24.982134306268303],[121.73298997413445,24.982146521605557]]]}},{"type":"Feature","properties":{"cell_id":"65000:250:11056:1297","county_id":"65000","city":"NewTaipei","district":"平溪區","population_estimate":0.0,"population_known_estimate":0.0,"population_data_fraction":0.9999999999999999,"population_method":"residential_support","population_period":"2024-12","population_density_per_km2":0.0,"bus_walk_mean_m":3530.933152893189,"bus_walk_p90_m":3530.933152893189,"bus_known_weight":1.0,"metro_walk_mean_m":19774.865738367185,"metro_known_weight":1.0,"position_status":"fallback_unverified","classification":"zero_residential_proxy","residential_gap":false},"geometry":{"type":"Polygon","coordinates":[[[121.73546613099862,24.982134306268303],[121.73547955636835,24.984391220224254],[121.73795575679783,24.98437896244287],[121.73794228623777,24.98212204974313],[121.73546613099862,24.982134306268303]]]}},{"type":"Feature","properties":{"cell_id":"65000:250:11056:1298","county_id":"65000","city":"NewTaipei","district":"平溪區","population_estimate":0.0,"population_known_estimate":0.0,"population_data_fraction":1.0,"population_method":"residential_support","population_period":"2024-12","population_density_per_km2":0.0,"bus_walk_mean_m":3857.62135020975,"bus_walk_p90_m":3857.62135020975,"bus_known_weight":1.0,"metro_walk_mean_m":20101.553935683747,"metro_known_weight":1.0,"position_status":"fallback_unverified","classification":"zero_residential_proxy","residential_gap":false},"geometry":{"type":"Polygon","coordinates":[[[121.73794228623777,24.98212204974313],[121.73795575679783,24.98437896244287],[121.74043195559675,24.984366663469448],[121.74041843984648,24.982109752030134],[121.73794228623777,24.98212204974313]]]}},{"type":"Feature","properties":{"cell_id":"65000:250:11056:1299","county_id":"65000","city":"NewTaipei","district":"平溪區","population_estimate":0.0,"population_known_estimate":0.0,"population_data_fraction":1.0,"population_method":"residential_support","population_period":"2024-12","population_density_per_km2":0.0,"bus_walk_mean_m":3835.1873934205228,"bus_walk_p90_m":3835.1873934205228,"bus_known_weight":1.0,"metro_walk_mean_m":20605.00430367876,"metro_known_weight":1.0,"position_status":"fallback_unverified","classification":"zero_residential_proxy","residential_gap":false},"geometry":{"type":"Polygon","coordinates":[[[121.74041843984648,24.982109752030134],[121.74043195559675,24.984366663469448],[121.74290815275958,24.984354323304085],[121.74289459181922,24.982097413129424],[121.74041843984648,24.982109752030134]]]}},{"type":"Feature","properties":{"cell_id":"65000:250:11056:1300","county_id":"65000","city":"NewTaipei","district":"平溪區","population_estimate":0.0,"population_known_estimate":0.0,"population_data_fraction":1.0,"population_method":"residential_support","population_period":"2024-12","population_density_per_km2":0.0,"bus_walk_mean_m":3524.57031665297,"bus_walk_p90_m":3524.57031665297,"bus_known_weight":1.0,"metro_walk_mean_m":20887.657062657298,"metro_known_weight":1.0,"position_status":"fallback_unverified","classification":"zero_residential_proxy","residential_gap":false},"geometry":{"type":"Polygon","coordinates":[[[121.74289459181922,24.982097413129424],[121.74290815275958,24.984354323304085],[121.74538434828087,24.984341941946905],[121.74537074215057,24.982085033041113],[121.74289459181922,24.982097413129424]]]}},{"type":"Feature","properties":{"cell_id":"65000:250:11056:1301","county_id":"65000","city":"NewTaipei","district":"平溪區","population_estimate":0.0,"population_known_estimate":0.0,"population_data_fraction":1.0,"population_method":"residential_support","population_period":"2024-12","population_density_per_km2":0.0,"bus_walk_mean_m":3571.796432104108,"bus_walk_p90_m":3571.796432104108,"bus_known_weight":1.0,"metro_walk_mean_m":21552.108057088226,"metro_known_weight":1.0,"position_status":"fallback_unverified","classification":"zero_residential_proxy","residential_gap":false},"geometry":{"type":"Polygon","coordinates":[[[121.74537074215057,24.982085033041113],[121.74538434828087,24.984341941946905],[121.74786054215515,24.984329519398],[121.74784689083506,24.9820726117653],[121.74537074215057,24.982085033041113]]]}},{"type":"Feature","properties":{"cell_id":"65000:250:11056:1302","county_id":"65000","city":"NewTaipei","district":"平溪區","population_estimate":17.02659456738406,"population_known_estimate":17.02659456738406,"population_data_fraction":0.9999999999999999,"population_method":"residential_support","population_period":"2024-12","population_density_per_km2":272.42551307814495,"bus_walk_mean_m":3772.4191117579685,"bus_walk_p90_m":3788.1576948031275,"bus_known_weight":1.0,"metro_walk_mean_m":22799.54194443763,"metro_known_weight":1.0,"position_status":"residential_area_proxy","classification":"residential_coverage_candidate","residential_gap":true},"geometry":{"type":"Polygon","coordinates":[[[121.74784689083506,24.9820726117653],[121.74786054215515,24.984329519398],[121.75033673437699,24.984317055657485],[121.75032303786722,24.982060149302097],[121.74784689083506,24.9820726117653]]]}},{"type":"Feature","properties":{"cell_id":"65000:250:11056:1303","county_id":"65000","city":"NewTaipei","district":"平溪區","population_estimate":0.0,"population_known_estimate":0.0,"population_data_fraction":1.0,"population_method":"residential_support","population_period":"2024-12","population_density_per_km2":0.0,"bus_walk_mean_m":3416.6360118053026,"bus_walk_p90_m":3416.6360118053026,"bus_known_weight":1.0,"metro_walk_mean_m":23075.87479560216,"metro_known_weight":1.0,"position_status":"fallback_unverified","classification":"zero_residential_proxy","residential_gap":false},"geometry":{"type":"Polygon","coordinates":[[[121.75032303786722,24.982060149302097],[121.75033673437699,24.984317055657485],[121.75281292494086,24.984304550725465],[121.75279918324156,24.98204764565161],[121.75032303786722,24.982060149302097]]]}},{"type":"Feature","properties":{"cell_id":"65000:250:11056:1304","county_id":"65000","city":"NewTaipei","district":"平溪區","population_estimate":0.0,"population_known_estimate":0.0,"population_data_fraction":1.0,"population_method":"residential_support","population_period":"2024-12","population_density_per_km2":0.0,"bus_walk_mean_m":3332.1607002282562,"bus_walk_p90_m":3332.1607002282562,"bus_known_weight":1.0,"metro_walk_mean_m":23555.335432806703,"metro_known_weight":1.0,"position_status":"fallback_unverified","classification":"zero_residential_proxy","residential_gap":false},"geometry":{"type":"Polygon","coordinates":[[[121.75279918324156,24.98204764565161],[121.75281292494086,24.984304550725465],[121.75528911384131,24.984292004602047],[121.7552753269526,24.982035100813953],[121.75279918324156,24.98204764565161]]]}},{"type":"Feature","properties":{"cell_id":"65000:250:11056:1305","county_id":"65000","city":"NewTaipei","district":"平溪區","population_estimate":0.0,"population_known_estimate":0.0,"population_data_fraction":1.0,"population_method":"residential_support","population_period":"2024-12","population_density_per_km2":0.0,"bus_walk_mean_m":null,"bus_walk_p90_m":null,"bus_known_weight":0.0,"metro_walk_mean_m":null,"metro_known_weight":0.0,"position_status":"fallback_unverified","classification":"zero_residential_proxy","residential_gap":false},"geometry":{"type":"Polygon","coordinates":[[[121.7552753269526,24.982035100813953],[121.75528911384131,24.984292004602047],[121.75776530107291,24.984279417287347],[121.75775146899493,24.982022514789218],[121.7552753269526,24.982035100813953]]]}},{"type":"Feature","properties":{"cell_id":"65000:250:11056:1306","county_id":"65000","city":"NewTaipei","district":"平溪區","population_estimate":0.0,"population_known_estimate":0.0,"population_data_fraction":1.0,"population_method":"residential_support","population_period":"2024-12","population_density_per_km2":0.0,"bus_walk_mean_m":null,"bus_walk_p90_m":null,"bus_known_weight":0.0,"metro_walk_mean_m":null,"metro_known_weight":0.0,"position_status":"fallback_unverified","classification":"zero_residential_proxy","residential_gap":false},"geometry":{"type":"Polygon","coordinates":[[[121.75775146899493,24.982022514789218],[121.75776530107291,24.984279417287347],[121.76024148663015,24.98426678878147],[121.76022760936303,24.982009887577544],[121.75775146899493,24.982022514789218]]]}},{"type":"Feature","properties":{"cell_id":"65000:250:11056:1307","county_id":"65000","city":"NewTaipei","district":"平溪區","population_estimate":0.0,"population_known_estimate":0.0,"population_data_fraction":1.0,"population_method":"residential_support","population_period":"2024-12","population_density_per_km2":0.0,"bus_walk_mean_m":2733.0238501583945,"bus_walk_p90_m":2733.0238501583945,"bus_known_weight":1.0,"metro_walk_mean_m":24002.066992762324,"metro_known_weight":1.0,"position_status":"fallback_unverified","classification":"zero_residential_proxy","residential_gap":false},"geometry":{"type":"Polygon","coordinates":[[[121.76022760936303,24.982009887577544],[121.76024148663015,24.98426678878147],[121.76271767050758,24.984254119084515],[121.76270374805141,24.981997219179007],[121.76022760936303,24.982009887577544]]]}},{"type":"Feature","properties":{"cell_id":"65000:250:11056:1308","county_id":"65000","city":"NewTaipei","district":"平溪區","population_estimate":0.0,"population_known_estimate":0.0,"population_data_fraction":1.0,"population_method":"residential_support","population_period":"2024-12","population_density_per_km2":0.0,"bus_walk_mean_m":null,"bus_walk_p90_m":null,"bus_known_weight":0.0,"metro_walk_mean_m":null,"metro_known_weight":0.0,"position_status":"fallback_unverified","classification":"zero_residential_proxy","residential_gap":false},"geometry":{"type":"Polygon","coordinates":[[[121.76270374805141,24.981997219179007],[121.76271767050758,24.984254119084515],[121.7651938526997,24.98424140819661],[121.76517988505466,24.98198450959374],[121.76270374805141,24.981997219179007]]]}},{"type":"Feature","properties":{"cell_id":"65000:250:11056:1309","county_id":"65000","city":"NewTaipei","district":"平溪區","population_estimate":0.0,"population_known_estimate":0.0,"population_data_fraction":1.0,"population_method":"residential_support","population_period":"2024-12","population_density_per_km2":0.0,"bus_walk_mean_m":null,"bus_walk_p90_m":null,"bus_known_weight":0.0,"metro_walk_mean_m":null,"metro_known_weight":0.0,"position_status":"fallback_unverified","classification":"zero_residential_proxy","residential_gap":false},"geometry":{"type":"Polygon","coordinates":[[[121.76517988505466,24.98198450959374],[121.7651938526997,24.98424140819661],[121.76767003320106,24.984228656117853],[121.76765602036728,24.981971758821846],[121.76517988505466,24.98198450959374]]]}},{"type":"Feature","properties":{"cell_id":"65000:250:11056:1310","county_id":"65000","city":"NewTaipei","district":"平溪區","population_estimate":0.0,"population_known_estimate":0.0,"population_data_fraction":1.0,"population_method":"residential_support","population_period":"2024-12","population_density_per_km2":0.0,"bus_walk_mean_m":3031.8150716874347,"bus_walk_p90_m":3031.8150716874347,"bus_known_weight":1.0,"metro_walk_mean_m":24785.277012259245,"metro_known_weight":1.0,"position_status":"fallback_unverified","classification":"zero_residential_proxy","residential_gap":false},"geometry":{"type":"Polygon","coordinates":[[[121.76765602036728,24.981971758821846],[121.76767003320106,24.984228656117853],[121.77014621200618,24.98421586284836],[121.77013215398382,24.98195896686343],[121.76765602036728,24.981971758821846]]]}},{"type":"Feature","properties":{"cell_id":"65000:250:11056:1311","county_id":"65000","city":"NewTaipei","district":"平溪區","population_estimate":0.0,"population_known_estimate":0.0,"population_data_fraction":1.0,"population_method":"residential_support","population_period":"2024-12","population_density_per_km2":0.0,"bus_walk_mean_m":3020.318844631256,"bus_walk_p90_m":3020.318844631256,"bus_known_weight":1.0,"metro_walk_mean_m":24959.02509420544,"metro_known_weight":1.0,"position_status":"fallback_unverified","classification":"zero_residential_proxy","residential_gap":false},"geometry":{"type":"Polygon","coordinates":[[[121.77013215398382,24.98195896686343],[121.77014621200618,24.98421586284836],[121.77262238910964,24.98420302838824],[121.7726082858988,24.981946133718612],[121.77013215398382,24.98195896686343]]]}},{"type":"Feature","properties":{"cell_id":"65000:250:11056:1312","county_id":"65000","city":"NewTaipei","district":"平溪區","population_estimate":0.7354187477423925,"population_known_estimate":0.7354187477423925,"population_data_fraction":0.9999999999999999,"population_method":"uniform_proxy","population_period":"2024-12","population_density_per_km2":11.76669996387828,"bus_walk_mean_m":2554.075433114089,"bus_walk_p90_m":2554.075433114089,"bus_known_weight":1.0,"metro_walk_mean_m":25332.883074693225,"metro_known_weight":1.0,"position_status":"fallback_unverified","classification":"residential_coverage_candidate","residential_gap":true},"geometry":{"type":"Polygon","coordinates":[[[121.7726082858988,24.981946133718612],[121.77262238910964,24.98420302838824],[121.7750985645059,24.9841901527376],[121.77508441610674,24.9819332593875],[121.7726082858988,24.981946133718612]]]}},{"type":"Feature","properties":{"cell_id":"65000:250:11057:1293","county_id":"65000","city":"NewTaipei","district":"平溪區","population_estimate":0.0,"population_known_estimate":0.0,"population_data_fraction":1.0,"population_method":"residential_support","population_period":"2024-12","population_density_per_km2":0.0,"bus_walk_mean_m":4104.441369224451,"bus_walk_p90_m":4104.441369224451,"bus_known_weight":1.0,"metro_walk_mean_m":18592.60636033038,"metro_known_weight":1.0,"position_status":"fallback_unverified","classification":"zero_residential_proxy","residential_gap":false},"geometry":{"type":"Polygon","coordinates":[[[121.72557473845384,24.984439839427267],[121.7255879846642,24.986696757674906],[121.72806423675767,24.98668466342337],[121.72805094535101,24.98442774641511],[121.72557473845384,24.984439839427267]]]}},{"type":"Feature","properties":{"cell_id":"65000:250:11057:1294","county_id":"65000","city":"NewTaipei","district":"平溪區","population_estimate":0.0,"population_known_estimate":0.0,"population_data_fraction":1.0,"population_method":"residential_support","population_period":"2024-12","population_density_per_km2":0.0,"bus_walk_mean_m":null,"bus_walk_p90_m":null,"bus_known_weight":0.0,"metro_walk_mean_m":null,"metro_known_weight":0.0,"position_status":"fallback_unverified","classification":"zero_residential_proxy","residential_gap":false},"geometry":{"type":"Polygon","coordinates":[[[121.72805094535101,24.98442774641511],[121.72806423675767,24.98668466342337],[121.73054048724234,24.98667252797516],[121.73052715063947,24.98441561221048],[121.72805094535101,24.98442774641511]]]}},{"type":"Feature","properties":{"cell_id":"65000:250:11057:1295","county_id":"65000","city":"NewTaipei","district":"平溪區","population_estimate":0.0,"population_known_estimate":0.0,"population_data_fraction":1.0,"population_method":"residential_support","population_period":"2024-12","population_density_per_km2":0.0,"bus_walk_mean_m":null,"bus_walk_p90_m":null,"bus_known_weight":0.0,"metro_walk_mean_m":null,"metro_known_weight":0.0,"position_status":"fallback_unverified","classification":"zero_residential_proxy","residential_gap":false},"geometry":{"type":"Polygon","coordinates":[[[121.73052715063947,24.98441561221048],[121.73054048724234,24.98667252797516],[121.73301673611266,24.986660351330368],[121.73300335431374,24.984403436813498],[121.73052715063947,24.98441561221048]]]}},{"type":"Feature","properties":{"cell_id":"65000:250:11057:1296","county_id":"65000","city":"NewTaipei","district":"平溪區","population_estimate":0.0,"population_known_estimate":0.0,"population_data_fraction":1.0,"population_method":"residential_support","population_period":"2024-12","population_density_per_km2":0.0,"bus_walk_mean_m":3510.2456763039672,"bus_walk_p90_m":3510.2456763039672,"bus_known_weight":1.0,"metro_walk_mean_m":19334.081572157105,"metro_known_weight":1.0,"position_status":"fallback_unverified","classification":"zero_residential_proxy","residential_gap":false},"geometry":{"type":"Polygon","coordinates":[[[121.73300335431374,24.984403436813498],[121.73301673611266,24.986660351330368],[121.7354929833632,24.986648133489094],[121.73547955636835,24.984391220224254],[121.73300335431374,24.984403436813498]]]}},{"type":"Feature","properties":{"cell_id":"65000:250:11057:1297","county_id":"65000","city":"NewTaipei","district":"平溪區","population_estimate":0.0,"population_known_estimate":0.0,"population_data_fraction":0.9999999999999998,"population_method":"residential_support","population_period":"2024-12","population_density_per_km2":0.0,"bus_walk_mean_m":3253.5109503662006,"bus_walk_p90_m":3253.5109503662006,"bus_known_weight":1.0,"metro_walk_mean_m":19775.683649021983,"metro_known_weight":1.0,"position_status":"fallback_unverified","classification":"zero_residential_proxy","residential_gap":false},"geometry":{"type":"Polygon","coordinates":[[[121.73547955636835,24.984391220224254],[121.7354929833632,24.986648133489094],[121.7379692289885,24.986635874451455],[121.73795575679783,24.98437896244287],[121.73547955636835,24.984391220224254]]]}},{"type":"Feature","properties":{"cell_id":"65000:250:11057:1298","county_id":"65000","city":"NewTaipei","district":"平溪區","population_estimate":0.0,"population_known_estimate":0.0,"population_data_fraction":1.0,"population_method":"residential_support","population_period":"2024-12","population_density_per_km2":0.0,"bus_walk_mean_m":null,"bus_walk_p90_m":null,"bus_known_weight":0.0,"metro_walk_mean_m":null,"metro_known_weight":0.0,"position_status":"fallback_unverified","classification":"zero_residential_proxy","residential_gap":false},"geometry":{"type":"Polygon","coordinates":[[[121.73795575679783,24.98437896244287],[121.7379692289885,24.986635874451455],[121.74044547298307,24.986623574217564],[121.74043195559675,24.984366663469448],[121.73795575679783,24.98437896244287]]]}},{"type":"Feature","properties":{"cell_id":"65000:250:11057:1299","county_id":"65000","city":"NewTaipei","district":"平溪區","population_estimate":0.0,"population_known_estimate":0.0,"population_data_fraction":1.0,"population_method":"residential_support","population_period":"2024-12","population_density_per_km2":0.0,"bus_walk_mean_m":null,"bus_walk_p90_m":null,"bus_known_weight":0.0,"metro_walk_mean_m":null,"metro_known_weight":0.0,"position_status":"fallback_unverified","classification":"zero_residential_proxy","residential_gap":false},"geometry":{"type":"Polygon","coordinates":[[[121.74043195559675,24.984366663469448],[121.74044547298307,24.986623574217564],[121.74292171534144,24.98661123278751],[121.74290815275958,24.984354323304085],[121.74043195559675,24.984366663469448]]]}},{"type":"Feature","properties":{"cell_id":"65000:250:11057:1300","county_id":"65000","city":"NewTaipei","district":"平溪區","population_estimate":0.0,"population_known_estimate":0.0,"population_data_fraction":1.0,"population_method":"residential_support","population_period":"2024-12","population_density_per_km2":0.0,"bus_walk_mean_m":3340.330121081626,"bus_walk_p90_m":3340.330121081626,"bus_known_weight":1.0,"metro_walk_mean_m":21320.641746065743,"metro_known_weight":1.0,"position_status":"fallback_unverified","classification":"zero_residential_proxy","residential_gap":false},"geometry":{"type":"Polygon","coordinates":[[[121.74290815275958,24.984354323304085],[121.74292171534144,24.98661123278751],[121.74539795605816,24.98659885016141],[121.74538434828087,24.984341941946905],[121.74290815275958,24.984354323304085]]]}},{"type":"Feature","properties":{"cell_id":"65000:250:11057:1301","county_id":"65000","city":"NewTaipei","district":"平溪區","population_estimate":0.0,"population_known_estimate":0.0,"population_data_fraction":1.0,"population_method":"residential_support","population_period":"2024-12","population_density_per_km2":0.0,"bus_walk_mean_m":3493.2880222299905,"bus_walk_p90_m":3493.2880222299905,"bus_known_weight":1.0,"metro_walk_mean_m":21473.59964721411,"metro_known_weight":1.0,"position_status":"fallback_unverified","classification":"zero_residential_proxy","residential_gap":false},"geometry":{"type":"Polygon","coordinates":[[[121.74538434828087,24.984341941946905],[121.74539795605816,24.98659885016141],[121.74787419512772,24.986586426339365],[121.74786054215515,24.984329519398],[121.74538434828087,24.984341941946905]]]}},{"type":"Feature","properties":{"cell_id":"65000:250:11057:1302","county_id":"65000","city":"NewTaipei","district":"平溪區","population_estimate":0.0,"population_known_estimate":0.0,"population_data_fraction":1.0,"population_method":"residential_support","population_period":"2024-12","population_density_per_km2":0.0,"bus_walk_mean_m":3444.594101724321,"bus_walk_p90_m":3444.594101724321,"bus_known_weight":1.0,"metro_walk_mean_m":21780.724178093787,"metro_known_weight":1.0,"position_status":"fallback_unverified","classification":"zero_residential_proxy","residential_gap":false},"geometry":{"type":"Polygon","coordinates":[[[121.74786054215515,24.984329519398],[121.74787419512772,24.986586426339365],[121.75035043254469,24.986573961321497],[121.75033673437699,24.984317055657485],[121.74786054215515,24.984329519398]]]}},{"type":"Feature","properties":{"cell_id":"65000:250:11057:1303","county_id":"65000","city":"NewTaipei","district":"平溪區","population_estimate":0.0,"population_known_estimate":0.0,"population_data_fraction":0.9999999999999999,"population_method":"residential_support","population_period":"2024-12","population_density_per_km2":0.0,"bus_walk_mean_m":null,"bus_walk_p90_m":null,"bus_known_weight":0.0,"metro_walk_mean_m":null,"metro_known_weight":0.0,"position_status":"fallback_unverified","classification":"zero_residential_proxy","residential_gap":false},"geometry":{"type":"Polygon","coordinates":[[[121.75033673437699,24.984317055657485],[121.75035043254469,24.986573961321497],[121.75282666830358,24.986561455107893],[121.75281292494086,24.984304550725465],[121.75033673437699,24.984317055657485]]]}},{"type":"Feature","properties":{"cell_id":"65000:250:11057:1304","county_id":"65000","city":"NewTaipei","district":"平溪區","population_estimate":0.0,"population_known_estimate":0.0,"population_data_fraction":1.0,"population_method":"residential_support","population_period":"2024-12","population_density_per_km2":0.0,"bus_walk_mean_m":3032.5053011627047,"bus_walk_p90_m":3032.5053011627047,"bus_known_weight":1.0,"metro_walk_mean_m":23255.680033741155,"metro_known_weight":1.0,"position_status":"fallback_unverified","classification":"zero_residential_proxy","residential_gap":false},"geometry":{"type":"Polygon","coordinates":[[[121.75281292494086,24.984304550725465],[121.75282666830358,24.986561455107893],[121.75530290239894,24.986548907698676],[121.75528911384131,24.984292004602047],[121.75281292494086,24.984304550725465]]]}},{"type":"Feature","properties":{"cell_id":"65000:250:11057:1305","county_id":"65000","city":"NewTaipei","district":"平溪區","population_estimate":41.88970818865269,"population_known_estimate":41.88970818865269,"population_data_fraction":1.0,"population_method":"residential_support","population_period":"2024-12","population_density_per_km2":670.235331018443,"bus_walk_mean_m":3364.670595366138,"bus_walk_p90_m":3364.670595366138,"bus_known_weight":1.0,"metro_walk_mean_m":23587.845327944582,"metro_known_weight":1.0,"position_status":"residential_area_proxy","classification":"residential_coverage_candidate","residential_gap":true},"geometry":{"type":"Polygon","coordinates":[[[121.75528911384131,24.984292004602047],[121.75530290239894,24.986548907698676],[121.75777913482527,24.98653631909395],[121.75776530107291,24.984279417287347],[121.75528911384131,24.984292004602047]]]}},{"type":"Feature","properties":{"cell_id":"65000:250:11057:1306","county_id":"65000","city":"NewTaipei","district":"平溪區","population_estimate":0.0,"population_known_estimate":0.0,"population_data_fraction":1.0,"population_method":"residential_support","population_period":"2024-12","population_density_per_km2":0.0,"bus_walk_mean_m":3125.9517061141564,"bus_walk_p90_m":3125.9517061141564,"bus_known_weight":1.0,"metro_walk_mean_m":23690.58871739817,"metro_known_weight":1.0,"position_status":"fallback_unverified","classification":"zero_residential_proxy","residential_gap":false},"geometry":{"type":"Polygon","coordinates":[[[121.75776530107291,24.984279417287347],[121.75777913482527,24.98653631909395],[121.76025536557712,24.986523689293826],[121.76024148663015,24.98426678878147],[121.75776530107291,24.984279417287347]]]}},{"type":"Feature","properties":{"cell_id":"65000:250:11057:1307","county_id":"65000","city":"NewTaipei","district":"平溪區","population_estimate":0.0,"population_known_estimate":0.0,"population_data_fraction":1.0,"population_method":"residential_support","population_period":"2024-12","population_density_per_km2":0.0,"bus_walk_mean_m":null,"bus_walk_p90_m":null,"bus_known_weight":0.0,"metro_walk_mean_m":null,"metro_known_weight":0.0,"position_status":"fallback_unverified","classification":"zero_residential_proxy","residential_gap":false},"geometry":{"type":"Polygon","coordinates":[[[121.76024148663015,24.98426678878147],[121.76025536557712,24.986523689293826],[121.76273159464901,24.98651101829842],[121.76271767050758,24.984254119084515],[121.76024148663015,24.98426678878147]]]}},{"type":"Feature","properties":{"cell_id":"65000:250:11057:1308","county_id":"65000","city":"NewTaipei","district":"平溪區","population_estimate":0.0,"population_known_estimate":0.0,"population_data_fraction":1.0,"population_method":"residential_support","population_period":"2024-12","population_density_per_km2":0.0,"bus_walk_mean_m":null,"bus_walk_p90_m":null,"bus_known_weight":0.0,"metro_walk_mean_m":null,"metro_known_weight":0.0,"position_status":"fallback_unverified","classification":"zero_residential_proxy","residential_gap":false},"geometry":{"type":"Polygon","coordinates":[[[121.76271767050758,24.984254119084515],[121.76273159464901,24.98651101829842],[121.76520782203549,24.986498306107826],[121.7651938526997,24.98424140819661],[121.76271767050758,24.984254119084515]]]}},{"type":"Feature","properties":{"cell_id":"65000:250:11057:1309","county_id":"65000","city":"NewTaipei","district":"平溪區","population_estimate":0.0,"population_known_estimate":0.0,"population_data_fraction":1.0,"population_method":"residential_support","population_period":"2024-12","population_density_per_km2":0.0,"bus_walk_mean_m":null,"bus_walk_p90_m":null,"bus_known_weight":0.0,"metro_walk_mean_m":null,"metro_known_weight":0.0,"position_status":"fallback_unverified","classification":"zero_residential_proxy","residential_gap":false},"geometry":{"type":"Polygon","coordinates":[[[121.7651938526997,24.98424140819661],[121.76520782203549,24.986498306107826],[121.76768404773105,24.98648555272216],[121.76767003320106,24.984228656117853],[121.7651938526997,24.98424140819661]]]}},{"type":"Feature","properties":{"cell_id":"65000:250:11057:1310","county_id":"65000","city":"NewTaipei","district":"平溪區","population_estimate":0.0,"population_known_estimate":0.0,"population_data_fraction":0.9999999999999999,"population_method":"residential_support","population_period":"2024-12","population_density_per_km2":0.0,"bus_walk_mean_m":2742.664969713732,"bus_walk_p90_m":2742.664969713732,"bus_known_weight":1.0,"metro_walk_mean_m":24496.126910285537,"metro_known_weight":1.0,"position_status":"fallback_unverified","classification":"zero_residential_proxy","residential_gap":false},"geometry":{"type":"Polygon","coordinates":[[[121.76767003320106,24.984228656117853],[121.76768404773105,24.98648555272216],[121.77016027173026,24.986472758141538],[121.77014621200618,24.98421586284836],[121.76767003320106,24.984228656117853]]]}},{"type":"Feature","properties":{"cell_id":"65000:250:11057:1311","county_id":"65000","city":"NewTaipei","district":"平溪區","population_estimate":0.0,"population_known_estimate":0.0,"population_data_fraction":1.0,"population_method":"residential_support","population_period":"2024-12","population_density_per_km2":0.0,"bus_walk_mean_m":null,"bus_walk_p90_m":null,"bus_known_weight":0.0,"metro_walk_mean_m":null,"metro_known_weight":0.0,"position_status":"fallback_unverified","classification":"zero_residential_proxy","residential_gap":false},"geometry":{"type":"Polygon","coordinates":[[[121.77014621200618,24.98421586284836],[121.77016027173026,24.986472758141538],[121.77263649402765,24.986459922366066],[121.77262238910964,24.98420302838824],[121.77014621200618,24.98421586284836]]]}},{"type":"Feature","properties":{"cell_id":"65000:250:11057:1312","county_id":"65000","city":"NewTaipei","district":"平溪區","population_estimate":0.06567703345738132,"population_known_estimate":0.06567703345738132,"population_data_fraction":1.0,"population_method":"uniform_proxy","population_period":"2024-12","population_density_per_km2":1.0508325353181012,"bus_walk_mean_m":null,"bus_walk_p90_m":null,"bus_known_weight":0.0,"metro_walk_mean_m":null,"metro_known_weight":0.0,"position_status":"fallback_unverified","classification":"unresolved_walk_evidence","residential_gap":false},"geometry":{"type":"Polygon","coordinates":[[[121.77262238910964,24.98420302838824],[121.77263649402765,24.986459922366066],[121.7751127146177,24.986447045395856],[121.7750985645059,24.9841901527376],[121.77262238910964,24.98420302838824]]]}},{"type":"Feature","properties":{"cell_id":"65000:250:11057:1313","county_id":"65000","city":"NewTaipei","district":"平溪區","population_estimate":0.7303386890130109,"population_known_estimate":0.7303386890130109,"population_data_fraction":0.9999999999999999,"population_method":"uniform_proxy","population_period":"2024-12","population_density_per_km2":11.685419024208175,"bus_walk_mean_m":2323.4125068311723,"bus_walk_p90_m":2323.4125068311723,"bus_known_weight":1.0,"metro_walk_mean_m":25781.92763671729,"metro_known_weight":1.0,"position_status":"fallback_unverified","classification":"residential_coverage_candidate","residential_gap":true},"geometry":{"type":"Polygon","coordinates":[[[121.7750985645059,24.9841901527376],[121.7751127146177,24.986447045395856],[121.777588933495,24.986434127231025],[121.77757473818954,24.98417723589656],[121.7750985645059,24.9841901527376]]]}},{"type":"Feature","properties":{"cell_id":"65000:250:11058:1293","county_id":"65000","city":"NewTaipei","district":"平溪區","population_estimate":0.0,"population_known_estimate":0.0,"population_data_fraction":0.9999999999999999,"population_method":"residential_support","population_period":"2024-12","population_density_per_km2":0.0,"bus_walk_mean_m":4534.976601822741,"bus_walk_p90_m":4534.976601822741,"bus_known_weight":1.0,"metro_walk_mean_m":18448.13424612891,"metro_known_weight":1.0,"position_status":"fallback_unverified","classification":"zero_residential_proxy","residential_gap":false},"geometry":{"type":"Polygon","coordinates":[[[121.7255879846642,24.986696757674906],[121.72560123247793,24.98895367523155],[121.72807752977323,24.98894157974061],[121.72806423675767,24.98668466342337],[121.7255879846642,24.986696757674906]]]}},{"type":"Feature","properties":{"cell_id":"65000:250:11058:1294","county_id":"65000","city":"NewTaipei","district":"平溪區","population_estimate":0.0,"population_known_estimate":0.0,"population_data_fraction":1.0,"population_method":"residential_support","population_period":"2024-12","population_density_per_km2":0.0,"bus_walk_mean_m":4139.527951491122,"bus_walk_p90_m":4139.527951491122,"bus_known_weight":1.0,"metro_walk_mean_m":18811.263010684062,"metro_known_weight":1.0,"position_status":"fallback_unverified","classification":"zero_residential_proxy","residential_gap":false},"geometry":{"type":"Polygon","coordinates":[[[121.72806423675767,24.98668466342337],[121.72807752977323,24.98894157974061],[121.73055382545952,24.988929443048768],[121.73054048724234,24.98667252797516],[121.72806423675767,24.98668466342337]]]}},{"type":"Feature","properties":{"cell_id":"65000:250:11058:1295","county_id":"65000","city":"NewTaipei","district":"平溪區","population_estimate":0.0,"population_known_estimate":0.0,"population_data_fraction":1.0,"population_method":"residential_support","population_period":"2024-12","population_density_per_km2":0.0,"bus_walk_mean_m":3567.2386743263187,"bus_walk_p90_m":3567.2386743263187,"bus_known_weight":1.0,"metro_walk_mean_m":20041.24390810068,"metro_known_weight":1.0,"position_status":"fallback_unverified","classification":"zero_residential_proxy","residential_gap":false},"geometry":{"type":"Polygon","coordinates":[[[121.73054048724234,24.98667252797516],[121.73055382545952,24.988929443048768],[121.73303011953138,24.988917265156118],[121.73301673611266,24.986660351330368],[121.73054048724234,24.98667252797516]]]}},{"type":"Feature","properties":{"cell_id":"65000:250:11058:1296","county_id":"65000","city":"NewTaipei","district":"平溪區","population_estimate":0.0,"population_known_estimate":0.0,"population_data_fraction":1.0,"population_method":"residential_support","population_period":"2024-12","population_density_per_km2":0.0,"bus_walk_mean_m":3220.592709278178,"bus_walk_p90_m":3220.592709278178,"bus_known_weight":1.0,"metro_walk_mean_m":20021.944707800416,"metro_known_weight":1.0,"position_status":"fallback_unverified","classification":"zero_residential_proxy","residential_gap":false},"geometry":{"type":"Polygon","coordinates":[[[121.73301673611266,24.986660351330368],[121.73303011953138,24.988917265156118],[121.73550641198332,24.988905046062776],[121.7354929833632,24.986648133489094],[121.73301673611266,24.986660351330368]]]}},{"type":"Feature","properties":{"cell_id":"65000:250:11058:1297","county_id":"65000","city":"NewTaipei","district":"平溪區","population_estimate":0.0,"population_known_estimate":0.0,"population_data_fraction":0.9999999999999998,"population_method":"residential_support","population_period":"2024-12","population_density_per_km2":0.0,"bus_walk_mean_m":3050.576595960547,"bus_walk_p90_m":3050.576595960547,"bus_known_weight":1.0,"metro_walk_mean_m":20023.130212536063,"metro_known_weight":1.0,"position_status":"fallback_unverified","classification":"zero_residential_proxy","residential_gap":false},"geometry":{"type":"Polygon","coordinates":[[[121.7354929833632,24.986648133489094],[121.73550641198332,24.988905046062776],[121.73798270280989,24.988892785768844],[121.7379692289885,24.986635874451455],[121.7354929833632,24.986648133489094]]]}},{"type":"Feature","properties":{"cell_id":"65000:250:11058:1298","county_id":"65000","city":"NewTaipei","district":"平溪區","population_estimate":0.0,"population_known_estimate":0.0,"population_data_fraction":1.0,"population_method":"residential_support","population_period":"2024-12","population_density_per_km2":0.0,"bus_walk_mean_m":null,"bus_walk_p90_m":null,"bus_known_weight":0.0,"metro_walk_mean_m":null,"metro_known_weight":0.0,"position_status":"fallback_unverified","classification":"zero_residential_proxy","residential_gap":false},"geometry":{"type":"Polygon","coordinates":[[[121.7379692289885,24.986635874451455],[121.73798270280989,24.988892785768844],[121.7404589920056,24.988880484274425],[121.74044547298307,24.986623574217564],[121.7379692289885,24.986635874451455]]]}},{"type":"Feature","properties":{"cell_id":"65000:250:11058:1299","county_id":"65000","city":"NewTaipei","district":"平溪區","population_estimate":0.0,"population_known_estimate":0.0,"population_data_fraction":1.0,"population_method":"residential_support","population_period":"2024-12","population_density_per_km2":0.0,"bus_walk_mean_m":2927.3524699621566,"bus_walk_p90_m":2927.3524699621566,"bus_known_weight":1.0,"metro_walk_mean_m":21370.23241158036,"metro_known_weight":1.0,"position_status":"fallback_unverified","classification":"zero_residential_proxy","residential_gap":false},"geometry":{"type":"Polygon","coordinates":[[[121.74044547298307,24.986623574217564],[121.7404589920056,24.988880484274425],[121.74293527956499,24.988868141579637],[121.74292171534144,24.98661123278751],[121.74044547298307,24.986623574217564]]]}},{"type":"Feature","properties":{"cell_id":"65000:250:11058:1300","county_id":"65000","city":"NewTaipei","district":"平溪區","population_estimate":0.0,"population_known_estimate":0.0,"population_data_fraction":1.0,"population_method":"residential_support","population_period":"2024-12","population_density_per_km2":0.0,"bus_walk_mean_m":2955.891565876219,"bus_walk_p90_m":2955.891565876219,"bus_known_weight":1.0,"metro_walk_mean_m":21486.23743501724,"metro_known_weight":1.0,"position_status":"fallback_unverified","classification":"zero_residential_proxy","residential_gap":false},"geometry":{"type":"Polygon","coordinates":[[[121.74292171534144,24.98661123278751],[121.74293527956499,24.988868141579637],[121.74541156548258,24.988855757684572],[121.74539795605816,24.98659885016141],[121.74292171534144,24.98661123278751]]]}},{"type":"Feature","properties":{"cell_id":"65000:250:11058:1301","county_id":"65000","city":"NewTaipei","district":"平溪區","population_estimate":0.0,"population_known_estimate":0.0,"population_data_fraction":1.0,"population_method":"residential_support","population_period":"2024-12","population_density_per_km2":0.0,"bus_walk_mean_m":null,"bus_walk_p90_m":null,"bus_known_weight":0.0,"metro_walk_mean_m":null,"metro_known_weight":0.0,"position_status":"fallback_unverified","classification":"zero_residential_proxy","residential_gap":false},"geometry":{"type":"Polygon","coordinates":[[[121.74539795605816,24.98659885016141],[121.74541156548258,24.988855757684572],[121.74788784975289,24.98884333258935],[121.74787419512772,24.986586426339365],[121.74539795605816,24.98659885016141]]]}},{"type":"Feature","properties":{"cell_id":"65000:250:11058:1302","county_id":"65000","city":"NewTaipei","district":"平溪區","population_estimate":0.0,"population_known_estimate":0.0,"population_data_fraction":1.0,"population_method":"residential_support","population_period":"2024-12","population_density_per_km2":0.0,"bus_walk_mean_m":3236.847933071379,"bus_walk_p90_m":3236.847933071379,"bus_known_weight":1.0,"metro_walk_mean_m":22050.737052600984,"metro_known_weight":1.0,"position_status":"fallback_unverified","classification":"zero_residential_proxy","residential_gap":false},"geometry":{"type":"Polygon","coordinates":[[[121.74787419512772,24.986586426339365],[121.74788784975289,24.98884333258935],[121.75036413237049,24.988830866294073],[121.75035043254469,24.986573961321497],[121.74787419512772,24.986586426339365]]]}},{"type":"Feature","properties":{"cell_id":"65000:250:11058:1303","county_id":"65000","city":"NewTaipei","district":"平溪區","population_estimate":0.0,"population_known_estimate":0.0,"population_data_fraction":1.0,"population_method":"residential_support","population_period":"2024-12","population_density_per_km2":0.0,"bus_walk_mean_m":3125.799675168541,"bus_walk_p90_m":3125.799675168541,"bus_known_weight":1.0,"metro_walk_mean_m":22147.121808217966,"metro_known_weight":1.0,"position_status":"fallback_unverified","classification":"zero_residential_proxy","residential_gap":false},"geometry":{"type":"Polygon","coordinates":[[[121.75035043254469,24.986573961321497],[121.75036413237049,24.988830866294073],[121.75284041332986,24.98881835879885],[121.75282666830358,24.986561455107893],[121.75035043254469,24.986573961321497]]]}},{"type":"Feature","properties":{"cell_id":"65000:250:11058:1304","county_id":"65000","city":"NewTaipei","district":"平溪區","population_estimate":0.0,"population_known_estimate":0.0,"population_data_fraction":1.0,"population_method":"residential_support","population_period":"2024-12","population_density_per_km2":0.0,"bus_walk_mean_m":2748.445744323997,"bus_walk_p90_m":2748.445744323997,"bus_known_weight":1.0,"metro_walk_mean_m":22971.620476902448,"metro_known_weight":1.0,"position_status":"fallback_unverified","classification":"zero_residential_proxy","residential_gap":false},"geometry":{"type":"Polygon","coordinates":[[[121.75282666830358,24.986561455107893],[121.75284041332986,24.98881835879885],[121.75531669262556,24.988805810103784],[121.75530290239894,24.986548907698676],[121.75282666830358,24.986561455107893]]]}},{"type":"Feature","properties":{"cell_id":"65000:250:11058:1305","county_id":"65000","city":"NewTaipei","district":"平溪區","population_estimate":0.0,"population_known_estimate":0.0,"population_data_fraction":1.0,"population_method":"residential_support","population_period":"2024-12","population_density_per_km2":0.0,"bus_walk_mean_m":3109.2610191558524,"bus_walk_p90_m":3109.2610191558524,"bus_known_weight":1.0,"metro_walk_mean_m":23332.4357517343,"metro_known_weight":1.0,"position_status":"fallback_unverified","classification":"zero_residential_proxy","residential_gap":false},"geometry":{"type":"Polygon","coordinates":[[[121.75530290239894,24.986548907698676],[121.75531669262556,24.988805810103784],[121.7577929702521,24.988793220208994],[121.75777913482527,24.98653631909395],[121.75530290239894,24.986548907698676]]]}},{"type":"Feature","properties":{"cell_id":"65000:250:11058:1306","county_id":"65000","city":"NewTaipei","district":"平溪區","population_estimate":0.0,"population_known_estimate":0.0,"population_data_fraction":1.0,"population_method":"residential_support","population_period":"2024-12","population_density_per_km2":0.0,"bus_walk_mean_m":null,"bus_walk_p90_m":null,"bus_known_weight":0.0,"metro_walk_mean_m":null,"metro_known_weight":0.0,"position_status":"fallback_unverified","classification":"zero_residential_proxy","residential_gap":false},"geometry":{"type":"Polygon","coordinates":[[[121.75777913482527,24.98653631909395],[121.7577929702521,24.988793220208994],[121.76026924620405,24.988780589114583],[121.76025536557712,24.986523689293826],[121.75777913482527,24.98653631909395]]]}},{"type":"Feature","properties":{"cell_id":"65000:250:11058:1307","county_id":"65000","city":"NewTaipei","district":"平溪區","population_estimate":0.0,"population_known_estimate":0.0,"population_data_fraction":1.0,"population_method":"residential_support","population_period":"2024-12","population_density_per_km2":0.0,"bus_walk_mean_m":null,"bus_walk_p90_m":null,"bus_known_weight":0.0,"metro_walk_mean_m":null,"metro_known_weight":0.0,"position_status":"fallback_unverified","classification":"zero_residential_proxy","residential_gap":false},"geometry":{"type":"Polygon","coordinates":[[[121.76025536557712,24.986523689293826],[121.76026924620405,24.988780589114583],[121.76274552047589,24.988767916820656],[121.76273159464901,24.98651101829842],[121.76025536557712,24.986523689293826]]]}},{"type":"Feature","properties":{"cell_id":"65000:250:11058:1308","county_id":"65000","city":"NewTaipei","district":"平溪區","population_estimate":0.0,"population_known_estimate":0.0,"population_data_fraction":1.0,"population_method":"residential_support","population_period":"2024-12","population_density_per_km2":0.0,"bus_walk_mean_m":null,"bus_walk_p90_m":null,"bus_known_weight":0.0,"metro_walk_mean_m":null,"metro_known_weight":0.0,"position_status":"fallback_unverified","classification":"zero_residential_proxy","residential_gap":false},"geometry":{"type":"Polygon","coordinates":[[[121.76273159464901,24.98651101829842],[121.76274552047589,24.988767916820656],[121.76522179306217,24.98875520332733],[121.76520782203549,24.986498306107826],[121.76273159464901,24.98651101829842]]]}},{"type":"Feature","properties":{"cell_id":"65000:250:11058:1309","county_id":"65000","city":"NewTaipei","district":"平溪區","population_estimate":0.0,"population_known_estimate":0.0,"population_data_fraction":1.0,"population_method":"residential_support","population_period":"2024-12","population_density_per_km2":0.0,"bus_walk_mean_m":2337.6760525969535,"bus_walk_p90_m":2337.6760525969535,"bus_known_weight":1.0,"metro_walk_mean_m":24091.13799316876,"metro_known_weight":1.0,"position_status":"fallback_unverified","classification":"zero_residential_proxy","residential_gap":false},"geometry":{"type":"Polygon","coordinates":[[[121.76520782203549,24.986498306107826],[121.76522179306217,24.98875520332733],[121.76769806395741,24.988742448634717],[121.76768404773105,24.98648555272216],[121.76520782203549,24.986498306107826]]]}},{"type":"Feature","properties":{"cell_id":"65000:250:11058:1310","county_id":"65000","city":"NewTaipei","district":"平溪區","population_estimate":0.0,"population_known_estimate":0.0,"population_data_fraction":0.9999999999999999,"population_method":"residential_support","population_period":"2024-12","population_density_per_km2":0.0,"bus_walk_mean_m":2629.8451618279632,"bus_walk_p90_m":2629.8451618279632,"bus_known_weight":1.0,"metro_walk_mean_m":24383.30710239977,"metro_known_weight":1.0,"position_status":"fallback_unverified","classification":"zero_residential_proxy","residential_gap":false},"geometry":{"type":"Polygon","coordinates":[[[121.76768404773105,24.98648555272216],[121.76769806395741,24.988742448634717],[121.77017433315616,24.98872965274292],[121.77016027173026,24.986472758141538],[121.76768404773105,24.98648555272216]]]}},{"type":"Feature","properties":{"cell_id":"65000:250:11058:1311","county_id":"65000","city":"NewTaipei","district":"平溪區","population_estimate":0.0,"population_known_estimate":0.0,"population_data_fraction":1.0,"population_method":"residential_support","population_period":"2024-12","population_density_per_km2":0.0,"bus_walk_mean_m":null,"bus_walk_p90_m":null,"bus_known_weight":0.0,"metro_walk_mean_m":null,"metro_known_weight":0.0,"position_status":"fallback_unverified","classification":"zero_residential_proxy","residential_gap":false},"geometry":{"type":"Polygon","coordinates":[[[121.77016027173026,24.986472758141538],[121.77017433315616,24.98872965274292],[121.77265060065295,24.98871681565205],[121.77263649402765,24.986459922366066],[121.77016027173026,24.986472758141538]]]}},{"type":"Feature","properties":{"cell_id":"65000:250:11058:1312","county_id":"65000","city":"NewTaipei","district":"平溪區","population_estimate":0.0,"population_known_estimate":0.0,"population_data_fraction":0.9999999999999999,"population_method":"residential_support","population_period":"2024-12","population_density_per_km2":0.0,"bus_walk_mean_m":1972.9707863031008,"bus_walk_p90_m":1972.9707863031008,"bus_known_weight":1.0,"metro_walk_mean_m":25500.856824000504,"metro_known_weight":1.0,"position_status":"fallback_unverified","classification":"zero_residential_proxy","residential_gap":false},"geometry":{"type":"Polygon","coordinates":[[[121.77263649402765,24.986459922366066],[121.77265060065295,24.98871681565205],[121.77512686644228,24.988703937362228],[121.7751127146177,24.986447045395856],[121.77263649402765,24.986459922366066]]]}},{"type":"Feature","properties":{"cell_id":"65000:250:11059:1293","county_id":"65000","city":"NewTaipei","district":"平溪區","population_estimate":0.0,"population_known_estimate":0.0,"population_data_fraction":1.0,"population_method":"residential_support","population_period":"2024-12","population_density_per_km2":0.0,"bus_walk_mean_m":4587.955180044559,"bus_walk_p90_m":4587.955180044559,"bus_known_weight":1.0,"metro_walk_mean_m":18326.06080247983,"metro_known_weight":1.0,"position_status":"fallback_unverified","classification":"zero_residential_proxy","residential_gap":false},"geometry":{"type":"Polygon","coordinates":[[[121.72560123247793,24.98895367523155],[121.72561448189518,24.99121059209716],[121.7280908243977,24.99119849536677],[121.72807752977323,24.98894157974061],[121.72560123247793,24.98895367523155]]]}},{"type":"Feature","properties":{"cell_id":"65000:250:11059:1294","county_id":"65000","city":"NewTaipei","district":"平溪區","population_estimate":0.0,"population_known_estimate":0.0,"population_data_fraction":1.0,"population_method":"residential_support","population_period":"2024-12","population_density_per_km2":0.0,"bus_walk_mean_m":null,"bus_walk_p90_m":null,"bus_known_weight":0.0,"metro_walk_mean_m":null,"metro_known_weight":0.0,"position_status":"fallback_unverified","classification":"zero_residential_proxy","residential_gap":false},"geometry":{"type":"Polygon","coordinates":[[[121.72807752977323,24.98894157974061],[121.7280908243977,24.99119849536677],[121.73056716529115,24.99118635743125],[121.73055382545952,24.988929443048768],[121.72807752977323,24.98894157974061]]]}},{"type":"Feature","properties":{"cell_id":"65000:250:11059:1295","county_id":"65000","city":"NewTaipei","district":"平溪區","population_estimate":0.0,"population_known_estimate":0.0,"population_data_fraction":1.0,"population_method":"residential_support","population_period":"2024-12","population_density_per_km2":0.0,"bus_walk_mean_m":3894.0717232003635,"bus_walk_p90_m":3894.0717232003635,"bus_known_weight":1.0,"metro_walk_mean_m":19789.17184649472,"metro_known_weight":1.0,"position_status":"fallback_unverified","classification":"zero_residential_proxy","residential_gap":false},"geometry":{"type":"Polygon","coordinates":[[[121.73055382545952,24.988929443048768],[121.73056716529115,24.99118635743125],[121.73304350457002,24.991174178290706],[121.73303011953138,24.988917265156118],[121.73055382545952,24.988929443048768]]]}},{"type":"Feature","properties":{"cell_id":"65000:250:11059:1296","county_id":"65000","city":"NewTaipei","district":"平溪區","population_estimate":0.0,"population_known_estimate":0.0,"population_data_fraction":1.0,"population_method":"residential_support","population_period":"2024-12","population_density_per_km2":0.0,"bus_walk_mean_m":null,"bus_walk_p90_m":null,"bus_known_weight":0.0,"metro_walk_mean_m":null,"metro_known_weight":0.0,"position_status":"fallback_unverified","classification":"zero_residential_proxy","residential_gap":false},"geometry":{"type":"Polygon","coordinates":[[[121.73303011953138,24.988917265156118],[121.73304350457002,24.991174178290706],[121.73551984222884,24.99116195794524],[121.73550641198332,24.988905046062776],[121.73303011953138,24.988917265156118]]]}},{"type":"Feature","properties":{"cell_id":"65000:250:11059:1297","county_id":"65000","city":"NewTaipei","district":"平溪區","population_estimate":0.0,"population_known_estimate":0.0,"population_data_fraction":0.9999999999999999,"population_method":"residential_support","population_period":"2024-12","population_density_per_km2":0.0,"bus_walk_mean_m":2749.5303701963603,"bus_walk_p90_m":2749.5303701963603,"bus_known_weight":1.0,"metro_walk_mean_m":20335.328265423934,"metro_known_weight":1.0,"position_status":"fallback_unverified","classification":"zero_residential_proxy","residential_gap":false},"geometry":{"type":"Polygon","coordinates":[[[121.73550641198332,24.988905046062776],[121.73551984222884,24.99116195794524],[121.73799617826215,24.991149696394967],[121.73798270280989,24.988892785768844],[121.73550641198332,24.988905046062776]]]}},{"type":"Feature","properties":{"cell_id":"65000:250:11059:1298","county_id":"65000","city":"NewTaipei","district":"平溪區","population_estimate":0.0,"population_known_estimate":0.0,"population_data_fraction":1.0,"population_method":"residential_support","population_period":"2024-12","population_density_per_km2":0.0,"bus_walk_mean_m":2570.316215640967,"bus_walk_p90_m":2570.316215640967,"bus_known_weight":1.0,"metro_walk_mean_m":20646.918142566374,"metro_known_weight":1.0,"position_status":"fallback_unverified","classification":"zero_residential_proxy","residential_gap":false},"geometry":{"type":"Polygon","coordinates":[[[121.73798270280989,24.988892785768844],[121.73799617826215,24.991149696394967],[121.74047251266447,24.99113739363999],[121.7404589920056,24.988880484274425],[121.73798270280989,24.988892785768844]]]}},{"type":"Feature","properties":{"cell_id":"65000:250:11059:1299","county_id":"65000","city":"NewTaipei","district":"平溪區","population_estimate":0.0,"population_known_estimate":0.0,"population_data_fraction":1.0,"population_method":"residential_support","population_period":"2024-12","population_density_per_km2":0.0,"bus_walk_mean_m":2628.77745829237,"bus_walk_p90_m":2628.77745829237,"bus_known_weight":1.0,"metro_walk_mean_m":21071.65739991057,"metro_known_weight":1.0,"position_status":"fallback_unverified","classification":"zero_residential_proxy","residential_gap":false},"geometry":{"type":"Polygon","coordinates":[[[121.7404589920056,24.988880484274425],[121.74047251266447,24.99113739363999],[121.74294884543032,24.991125049680416],[121.74293527956499,24.988868141579637],[121.7404589920056,24.988880484274425]]]}},{"type":"Feature","properties":{"cell_id":"65000:250:11059:1300","county_id":"65000","city":"NewTaipei","district":"平溪區","population_estimate":0.0,"population_known_estimate":0.0,"population_data_fraction":1.0,"population_method":"residential_support","population_period":"2024-12","population_density_per_km2":0.0,"bus_walk_mean_m":2639.956957581298,"bus_walk_p90_m":2639.956957581298,"bus_known_weight":1.0,"metro_walk_mean_m":21586.236252388902,"metro_known_weight":1.0,"position_status":"fallback_unverified","classification":"zero_residential_proxy","residential_gap":false},"geometry":{"type":"Polygon","coordinates":[[[121.74293527956499,24.988868141579637],[121.74294884543032,24.991125049680416],[121.74542517655425,24.99111266451635],[121.74541156548258,24.988855757684572],[121.74293527956499,24.988868141579637]]]}},{"type":"Feature","properties":{"cell_id":"65000:250:11059:1301","county_id":"65000","city":"NewTaipei","district":"平溪區","population_estimate":0.0,"population_known_estimate":0.0,"population_data_fraction":1.0,"population_method":"residential_support","population_period":"2024-12","population_density_per_km2":0.0,"bus_walk_mean_m":2866.3267841326747,"bus_walk_p90_m":2866.3267841326747,"bus_known_weight":1.0,"metro_walk_mean_m":21971.037786818622,"metro_known_weight":1.0,"position_status":"fallback_unverified","classification":"zero_residential_proxy","residential_gap":false},"geometry":{"type":"Polygon","coordinates":[[[121.74541156548258,24.988855757684572],[121.74542517655425,24.99111266451635],[121.74790150603081,24.9911002381479],[121.74788784975289,24.98884333258935],[121.74541156548258,24.988855757684572]]]}},{"type":"Feature","properties":{"cell_id":"65000:250:11059:1302","county_id":"65000","city":"NewTaipei","district":"平溪區","population_estimate":0.0,"population_known_estimate":0.0,"population_data_fraction":1.0,"population_method":"residential_support","population_period":"2024-12","population_density_per_km2":0.0,"bus_walk_mean_m":2535.976803235859,"bus_walk_p90_m":2535.976803235859,"bus_known_weight":1.0,"metro_walk_mean_m":22305.284710341686,"metro_known_weight":1.0,"position_status":"fallback_unverified","classification":"zero_residential_proxy","residential_gap":false},"geometry":{"type":"Polygon","coordinates":[[[121.74788784975289,24.98884333258935],[121.74790150603081,24.9911002381479],[121.75037783385447,24.991087770575174],[121.75036413237049,24.988830866294073],[121.74788784975289,24.98884333258935]]]}},{"type":"Feature","properties":{"cell_id":"65000:250:11059:1303","county_id":"65000","city":"NewTaipei","district":"平溪區","population_estimate":0.0,"population_known_estimate":0.0,"population_data_fraction":1.0,"population_method":"residential_support","population_period":"2024-12","population_density_per_km2":0.0,"bus_walk_mean_m":2722.6061563364688,"bus_walk_p90_m":2722.6061563364688,"bus_known_weight":1.0,"metro_walk_mean_m":22675.131622352612,"metro_known_weight":1.0,"position_status":"fallback_unverified","classification":"zero_residential_proxy","residential_gap":false},"geometry":{"type":"Polygon","coordinates":[[[121.75036413237049,24.988830866294073],[121.75037783385447,24.991087770575174],[121.75285416001981,24.991075261798272],[121.75284041332986,24.98881835879885],[121.75036413237049,24.988830866294073]]]}},{"type":"Feature","properties":{"cell_id":"65000:250:11059:1304","county_id":"65000","city":"NewTaipei","district":"平溪區","population_estimate":0.0,"population_known_estimate":0.0,"population_data_fraction":0.9999999999999999,"population_method":"residential_support","population_period":"2024-12","population_density_per_km2":0.0,"bus_walk_mean_m":2542.782930893604,"bus_walk_p90_m":2542.782930893604,"bus_known_weight":1.0,"metro_walk_mean_m":22765.95766347205,"metro_known_weight":1.0,"position_status":"fallback_unverified","classification":"zero_residential_proxy","residential_gap":false},"geometry":{"type":"Polygon","coordinates":[[[121.75284041332986,24.98881835879885],[121.75285416001981,24.991075261798272],[121.75533048452131,24.991062711817317],[121.75531669262556,24.988805810103784],[121.75284041332986,24.98881835879885]]]}},{"type":"Feature","properties":{"cell_id":"65000:250:11059:1305","county_id":"65000","city":"NewTaipei","district":"平溪區","population_estimate":0.0,"population_known_estimate":0.0,"population_data_fraction":1.0,"population_method":"residential_support","population_period":"2024-12","population_density_per_km2":0.0,"bus_walk_mean_m":2910.3120654849954,"bus_walk_p90_m":2910.3120654849954,"bus_known_weight":1.0,"metro_walk_mean_m":23133.486798063444,"metro_known_weight":1.0,"position_status":"fallback_unverified","classification":"zero_residential_proxy","residential_gap":false},"geometry":{"type":"Polygon","coordinates":[[[121.75531669262556,24.988805810103784],[121.75533048452131,24.991062711817317],[121.75780680735356,24.991050120632416],[121.7577929702521,24.988793220208994],[121.75531669262556,24.988805810103784]]]}},{"type":"Feature","properties":{"cell_id":"65000:250:11059:1306","county_id":"65000","city":"NewTaipei","district":"平溪區","population_estimate":0.0,"population_known_estimate":0.0,"population_data_fraction":1.0,"population_method":"residential_support","population_period":"2024-12","population_density_per_km2":0.0,"bus_walk_mean_m":null,"bus_walk_p90_m":null,"bus_known_weight":0.0,"metro_walk_mean_m":null,"metro_known_weight":0.0,"position_status":"fallback_unverified","classification":"zero_residential_proxy","residential_gap":false},"geometry":{"type":"Polygon","coordinates":[[[121.7577929702521,24.988793220208994],[121.75780680735356,24.991050120632416],[121.76028312851103,24.99103748824367],[121.76026924620405,24.988780589114583],[121.7577929702521,24.988793220208994]]]}},{"type":"Feature","properties":{"cell_id":"65000:250:11059:1307","county_id":"65000","city":"NewTaipei","district":"平溪區","population_estimate":0.0,"population_known_estimate":0.0,"population_data_fraction":1.0,"population_method":"residential_support","population_period":"2024-12","population_density_per_km2":0.0,"bus_walk_mean_m":1889.5506476595988,"bus_walk_p90_m":1889.5506476595988,"bus_known_weight":1.0,"metro_walk_mean_m":23405.745460011378,"metro_known_weight":1.0,"position_status":"fallback_unverified","classification":"zero_residential_proxy","residential_gap":false},"geometry":{"type":"Polygon","coordinates":[[[121.76026924620405,24.988780589114583],[121.76028312851103,24.99103748824367],[121.7627594479883,24.99102481465119],[121.76274552047589,24.988767916820656],[121.76026924620405,24.988780589114583]]]}},{"type":"Feature","properties":{"cell_id":"65000:250:11059:1308","county_id":"65000","city":"NewTaipei","district":"平溪區","population_estimate":0.0,"population_known_estimate":0.0,"population_data_fraction":1.0,"population_method":"residential_support","population_period":"2024-12","population_density_per_km2":0.0,"bus_walk_mean_m":1592.4138850900497,"bus_walk_p90_m":1592.4138850900497,"bus_known_weight":1.0,"metro_walk_mean_m":23720.222154321877,"metro_known_weight":1.0,"position_status":"fallback_unverified","classification":"zero_residential_proxy","residential_gap":false},"geometry":{"type":"Polygon","coordinates":[[[121.76274552047589,24.988767916820656],[121.7627594479883,24.99102481465119],[121.76523576577986,24.991012099855084],[121.76522179306217,24.98875520332733],[121.76274552047589,24.988767916820656]]]}},{"type":"Feature","properties":{"cell_id":"65000:250:11059:1309","county_id":"65000","city":"NewTaipei","district":"平溪區","population_estimate":0.0,"population_known_estimate":0.0,"population_data_fraction":1.0,"population_method":"residential_support","population_period":"2024-12","population_density_per_km2":0.0,"bus_walk_mean_m":null,"bus_walk_p90_m":null,"bus_known_weight":0.0,"metro_walk_mean_m":null,"metro_known_weight":0.0,"position_status":"fallback_unverified","classification":"zero_residential_proxy","residential_gap":false},"geometry":{"type":"Polygon","coordinates":[[[121.76522179306217,24.98875520332733],[121.76523576577986,24.991012099855084],[121.76771208188028,24.99099934385547],[121.76769806395741,24.988742448634717],[121.76522179306217,24.98875520332733]]]}},{"type":"Feature","properties":{"cell_id":"65000:250:11059:1310","county_id":"65000","city":"NewTaipei","district":"平溪區","population_estimate":0.0,"population_known_estimate":0.0,"population_data_fraction":1.0,"population_method":"residential_support","population_period":"2024-12","population_density_per_km2":0.0,"bus_walk_mean_m":1261.8082118792545,"bus_walk_p90_m":1261.8082118792545,"bus_known_weight":1.0,"metro_walk_mean_m":24789.69424957666,"metro_known_weight":1.0,"position_status":"fallback_unverified","classification":"zero_residential_proxy","residential_gap":false},"geometry":{"type":"Polygon","coordinates":[[[121.76769806395741,24.988742448634717],[121.76771208188028,24.99099934385547],[121.77018839628403,24.990986546652447],[121.77017433315616,24.98872965274292],[121.76769806395741,24.988742448634717]]]}},{"type":"Feature","properties":{"cell_id":"65000:250:11060:1293","county_id":"65000","city":"NewTaipei","district":"平溪區","population_estimate":0.0,"population_known_estimate":0.0,"population_data_fraction":1.0,"population_method":"residential_support","population_period":"2024-12","population_density_per_km2":0.0,"bus_walk_mean_m":4344.7948277432715,"bus_walk_p90_m":4344.7948277432715,"bus_known_weight":1.0,"metro_walk_mean_m":18082.900450178546,"metro_known_weight":1.0,"position_status":"fallback_unverified","classification":"zero_residential_proxy","residential_gap":false},"geometry":{"type":"Polygon","coordinates":[[[121.72561448189518,24.99121059209716],[121.72562773291602,24.9934675082717],[121.72810412063131,24.99345541030181],[121.7280908243977,24.99119849536677],[121.72561448189518,24.99121059209716]]]}},{"type":"Feature","properties":{"cell_id":"65000:250:11060:1294","county_id":"65000","city":"NewTaipei","district":"平溪區","population_estimate":0.0,"population_known_estimate":0.0,"population_data_fraction":1.0,"population_method":"residential_support","population_period":"2024-12","population_density_per_km2":0.0,"bus_walk_mean_m":null,"bus_walk_p90_m":null,"bus_known_weight":0.0,"metro_walk_mean_m":null,"metro_known_weight":0.0,"position_status":"fallback_unverified","classification":"zero_residential_proxy","residential_gap":false},"geometry":{"type":"Polygon","coordinates":[[[121.7280908243977,24.99119849536677],[121.72810412063131,24.99345541030181],[121.73058050673735,24.99344327112257],[121.73056716529115,24.99118635743125],[121.7280908243977,24.99119849536677]]]}},{"type":"Feature","properties":{"cell_id":"65000:250:11060:1295","county_id":"65000","city":"NewTaipei","district":"平溪區","population_estimate":0.0,"population_known_estimate":0.0,"population_data_fraction":1.0,"population_method":"residential_support","population_period":"2024-12","population_density_per_km2":0.0,"bus_walk_mean_m":3647.2650824533075,"bus_walk_p90_m":3647.2650824533075,"bus_known_weight":1.0,"metro_walk_mean_m":19482.890178135312,"metro_known_weight":1.0,"position_status":"fallback_unverified","classification":"zero_residential_proxy","residential_gap":false},"geometry":{"type":"Polygon","coordinates":[[[121.73056716529115,24.99118635743125],[121.73058050673735,24.99344327112257],[121.73305689122869,24.993431090734084],[121.73304350457002,24.991174178290706],[121.73056716529115,24.99118635743125]]]}},{"type":"Feature","properties":{"cell_id":"65000:250:11060:1296","county_id":"65000","city":"NewTaipei","district":"平溪區","population_estimate":0.0,"population_known_estimate":0.0,"population_data_fraction":1.0,"population_method":"residential_support","population_period":"2024-12","population_density_per_km2":0.0,"bus_walk_mean_m":null,"bus_walk_p90_m":null,"bus_known_weight":0.0,"metro_walk_mean_m":null,"metro_known_weight":0.0,"position_status":"fallback_unverified","classification":"zero_residential_proxy","residential_gap":false},"geometry":{"type":"Polygon","coordinates":[[[121.73304350457002,24.991174178290706],[121.73305689122869,24.993431090734084],[121.73553327409985,24.993418869136462],[121.73551984222884,24.99116195794524],[121.73304350457002,24.991174178290706]]]}},{"type":"Feature","properties":{"cell_id":"65000:250:11060:1297","county_id":"65000","city":"NewTaipei","district":"平溪區","population_estimate":0.0,"population_known_estimate":0.0,"population_data_fraction":1.0,"population_method":"residential_support","population_period":"2024-12","population_density_per_km2":0.0,"bus_walk_mean_m":2389.8867490535636,"bus_walk_p90_m":2389.8867490535636,"bus_known_weight":1.0,"metro_walk_mean_m":20476.066619898655,"metro_known_weight":1.0,"position_status":"fallback_unverified","classification":"zero_residential_proxy","residential_gap":false},"geometry":{"type":"Polygon","coordinates":[[[121.73551984222884,24.99116195794524],[121.73553327409985,24.993418869136462],[121.73800965534538,24.9934066063298],[121.73799617826215,24.991149696394967],[121.73551984222884,24.99116195794524]]]}},{"type":"Feature","properties":{"cell_id":"65000:250:11060:1298","county_id":"65000","city":"NewTaipei","district":"平溪區","population_estimate":0.0,"population_known_estimate":0.0,"population_data_fraction":1.0,"population_method":"residential_support","population_period":"2024-12","population_density_per_km2":0.0,"bus_walk_mean_m":null,"bus_walk_p90_m":null,"bus_known_weight":0.0,"metro_walk_mean_m":null,"metro_known_weight":0.0,"position_status":"fallback_unverified","classification":"zero_residential_proxy","residential_gap":false},"geometry":{"type":"Polygon","coordinates":[[[121.73799617826215,24.991149696394967],[121.73800965534538,24.9934066063298],[121.74048603495976,24.99339430231422],[121.74047251266447,24.99113739363999],[121.73799617826215,24.991149696394967]]]}},{"type":"Feature","properties":{"cell_id":"65000:250:11060:1299","county_id":"65000","city":"NewTaipei","district":"平溪區","population_estimate":0.0,"population_known_estimate":0.0,"population_data_fraction":1.0,"population_method":"residential_support","population_period":"2024-12","population_density_per_km2":0.0,"bus_walk_mean_m":2185.884079000525,"bus_walk_p90_m":2185.884079000525,"bus_known_weight":1.0,"metro_walk_mean_m":21150.265640665057,"metro_known_weight":1.0,"position_status":"fallback_unverified","classification":"zero_residential_proxy","residential_gap":false},"geometry":{"type":"Polygon","coordinates":[[[121.74047251266447,24.99113739363999],[121.74048603495976,24.99339430231422],[121.74296241293759,24.993381957089813],[121.74294884543032,24.991125049680416],[121.74047251266447,24.99113739363999]]]}},{"type":"Feature","properties":{"cell_id":"65000:250:11060:1300","county_id":"65000","city":"NewTaipei","district":"平溪區","population_estimate":0.0,"population_known_estimate":0.0,"population_data_fraction":1.0,"population_method":"residential_support","population_period":"2024-12","population_density_per_km2":0.0,"bus_walk_mean_m":null,"bus_walk_p90_m":null,"bus_known_weight":0.0,"metro_walk_mean_m":null,"metro_known_weight":0.0,"position_status":"fallback_unverified","classification":"zero_residential_proxy","residential_gap":false},"geometry":{"type":"Polygon","coordinates":[[[121.74294884543032,24.991125049680416],[121.74296241293759,24.993381957089813],[121.74543878927335,24.993369570656693],[121.74542517655425,24.99111266451635],[121.74294884543032,24.991125049680416]]]}},{"type":"Feature","properties":{"cell_id":"65000:250:11060:1301","county_id":"65000","city":"NewTaipei","district":"平溪區","population_estimate":0.0,"population_known_estimate":0.0,"population_data_fraction":1.0,"population_method":"residential_support","population_period":"2024-12","population_density_per_km2":0.0,"bus_walk_mean_m":2249.338431093857,"bus_walk_p90_m":2249.338431093857,"bus_known_weight":1.0,"metro_walk_mean_m":21861.4181436706,"metro_known_weight":1.0,"position_status":"fallback_unverified","classification":"zero_residential_proxy","residential_gap":false},"geometry":{"type":"Polygon","coordinates":[[[121.74542517655425,24.99111266451635],[121.74543878927335,24.993369570656693],[121.74791516396158,24.99335714301497],[121.74790150603081,24.9911002381479],[121.74542517655425,24.99111266451635]]]}},{"type":"Feature","properties":{"cell_id":"65000:250:11060:1302","county_id":"65000","city":"NewTaipei","district":"平溪區","population_estimate":0.0,"population_known_estimate":0.0,"population_data_fraction":1.0,"population_method":"residential_support","population_period":"2024-12","population_density_per_km2":0.0,"bus_walk_mean_m":null,"bus_walk_p90_m":null,"bus_known_weight":0.0,"metro_walk_mean_m":null,"metro_known_weight":0.0,"position_status":"fallback_unverified","classification":"zero_residential_proxy","residential_gap":false},"geometry":{"type":"Polygon","coordinates":[[[121.74790150603081,24.9911002381479],[121.74791516396158,24.99335714301497],[121.75039153699682,24.99334467416475],[121.75037783385447,24.991087770575174],[121.74790150603081,24.9911002381479]]]}},{"type":"Feature","properties":{"cell_id":"65000:250:11060:1303","county_id":"65000","city":"NewTaipei","district":"平溪區","population_estimate":0.0,"population_known_estimate":0.0,"population_data_fraction":1.0,"population_method":"residential_support","population_period":"2024-12","population_density_per_km2":0.0,"bus_walk_mean_m":2093.7421371618343,"bus_walk_p90_m":2093.7421371618343,"bus_known_weight":1.0,"metro_walk_mean_m":22316.916869740282,"metro_known_weight":1.0,"position_status":"fallback_unverified","classification":"zero_residential_proxy","residential_gap":false},"geometry":{"type":"Polygon","coordinates":[[[121.75037783385447,24.991087770575174],[121.75039153699682,24.99334467416475],[121.75286790837356,24.99333216410614],[121.75285416001981,24.991075261798272],[121.75037783385447,24.991087770575174]]]}},{"type":"Feature","properties":{"cell_id":"65000:250:11060:1304","county_id":"65000","city":"NewTaipei","district":"平溪區","population_estimate":0.0,"population_known_estimate":0.0,"population_data_fraction":1.0,"population_method":"residential_support","population_period":"2024-12","population_density_per_km2":0.0,"bus_walk_mean_m":2149.9304578694814,"bus_walk_p90_m":2149.9304578694814,"bus_known_weight":1.0,"metro_walk_mean_m":22373.10519044793,"metro_known_weight":1.0,"position_status":"fallback_unverified","classification":"zero_residential_proxy","residential_gap":false},"geometry":{"type":"Polygon","coordinates":[[[121.75285416001981,24.991075261798272],[121.75286790837356,24.99333216410614],[121.75534427808637,24.99331961283924],[121.75533048452131,24.991062711817317],[121.75285416001981,24.991075261798272]]]}},{"type":"Feature","properties":{"cell_id":"65000:250:11060:1305","county_id":"65000","city":"NewTaipei","district":"平溪區","population_estimate":0.0,"population_known_estimate":0.0,"population_data_fraction":1.0,"population_method":"residential_support","population_period":"2024-12","population_density_per_km2":0.0,"bus_walk_mean_m":2139.2353593676735,"bus_walk_p90_m":2139.2353593676735,"bus_known_weight":1.0,"metro_walk_mean_m":22732.810990371094,"metro_known_weight":1.0,"position_status":"fallback_unverified","classification":"zero_residential_proxy","residential_gap":false},"geometry":{"type":"Polygon","coordinates":[[[121.75533048452131,24.991062711817317],[121.75534427808637,24.99331961283924],[121.75782064612977,24.99330702036418],[121.75780680735356,24.991050120632416],[121.75533048452131,24.991062711817317]]]}},{"type":"Feature","properties":{"cell_id":"65000:250:11060:1306","county_id":"65000","city":"NewTaipei","district":"平溪區","population_estimate":22.832980403384934,"population_known_estimate":22.832980403384934,"population_data_fraction":1.0,"population_method":"residential_support","population_period":"2024-12","population_density_per_km2":365.32768645415894,"bus_walk_mean_m":1896.2842243368084,"bus_walk_p90_m":1999.3276229984485,"bus_known_weight":0.9999999999999999,"metro_walk_mean_m":23001.82430645179,"metro_known_weight":0.9999999999999999,"position_status":"residential_area_proxy","classification":"residential_coverage_candidate","residential_gap":true},"geometry":{"type":"Polygon","coordinates":[[[121.75780680735356,24.991050120632416],[121.75782064612977,24.99330702036418],[121.76029701249827,24.993294386681054],[121.76028312851103,24.99103748824367],[121.75780680735356,24.991050120632416]]]}},{"type":"Feature","properties":{"cell_id":"65000:250:11060:1307","county_id":"65000","city":"NewTaipei","district":"平溪區","population_estimate":0.0,"population_known_estimate":0.0,"population_data_fraction":1.0,"population_method":"residential_support","population_period":"2024-12","population_density_per_km2":0.0,"bus_walk_mean_m":1709.8585237203934,"bus_walk_p90_m":1709.8585237203934,"bus_known_weight":1.0,"metro_walk_mean_m":23277.76854895058,"metro_known_weight":1.0,"position_status":"fallback_unverified","classification":"zero_residential_proxy","residential_gap":false},"geometry":{"type":"Polygon","coordinates":[[[121.76028312851103,24.99103748824367],[121.76029701249827,24.993294386681054],[121.76277337718642,24.993281711789965],[121.7627594479883,24.99102481465119],[121.76028312851103,24.99103748824367]]]}},{"type":"Feature","properties":{"cell_id":"65000:250:11060:1308","county_id":"65000","city":"NewTaipei","district":"平溪區","population_estimate":0.0,"population_known_estimate":0.0,"population_data_fraction":1.0,"population_method":"residential_support","population_period":"2024-12","population_density_per_km2":0.0,"bus_walk_mean_m":1386.080414409295,"bus_walk_p90_m":1386.080414409295,"bus_known_weight":1.0,"metro_walk_mean_m":24094.66049720498,"metro_known_weight":1.0,"position_status":"fallback_unverified","classification":"zero_residential_proxy","residential_gap":false},"geometry":{"type":"Polygon","coordinates":[[[121.7627594479883,24.99102481465119],[121.76277337718642,24.993281711789965],[121.76524974018874,24.993268995691047],[121.76523576577986,24.991012099855084],[121.7627594479883,24.99102481465119]]]}},{"type":"Feature","properties":{"cell_id":"65000:250:11060:1309","county_id":"65000","city":"NewTaipei","district":"平溪區","population_estimate":0.0,"population_known_estimate":0.0,"population_data_fraction":0.9999999999999999,"population_method":"residential_support","population_period":"2024-12","population_density_per_km2":0.0,"bus_walk_mean_m":1114.2975673507785,"bus_walk_p90_m":1114.2975673507785,"bus_known_weight":1.0,"metro_walk_mean_m":24290.19602246647,"metro_known_weight":1.0,"position_status":"fallback_unverified","classification":"zero_residential_proxy","residential_gap":false},"geometry":{"type":"Polygon","coordinates":[[[121.76523576577986,24.991012099855084],[121.76524974018874,24.993268995691047],[121.76772610149976,24.993256238384376],[121.76771208188028,24.99099934385547],[121.76523576577986,24.991012099855084]]]}},{"type":"Feature","properties":{"cell_id":"65000:250:11061:1292","county_id":"65000","city":"NewTaipei","district":"平溪區","population_estimate":0.0,"population_known_estimate":0.0,"population_data_fraction":1.0,"population_method":"residential_support","population_period":"2024-12","population_density_per_km2":0.0,"bus_walk_mean_m":3996.2833074344007,"bus_walk_p90_m":3996.2833074344007,"bus_known_weight":1.0,"metro_walk_mean_m":17555.47459401933,"metro_known_weight":1.0,"position_status":"fallback_unverified","classification":"zero_residential_proxy","residential_gap":false},"geometry":{"type":"Polygon","coordinates":[[[121.72315134359701,24.993479565032136],[121.7231645510033,24.995736481750875],[121.72564098554066,24.995724423755117],[121.72562773291602,24.9934675082717],[121.72315134359701,24.993479565032136]]]}},{"type":"Feature","properties":{"cell_id":"65000:250:11061:1293","county_id":"65000","city":"NewTaipei","district":"平溪區","population_estimate":0.0,"population_known_estimate":0.0,"population_data_fraction":1.0,"population_method":"residential_support","population_period":"2024-12","population_density_per_km2":0.0,"bus_walk_mean_m":3516.1775298581265,"bus_walk_p90_m":3516.1775298581265,"bus_known_weight":1.0,"metro_walk_mean_m":19351.802625540135,"metro_known_weight":1.0,"position_status":"fallback_unverified","classification":"zero_residential_proxy","residential_gap":false},"geometry":{"type":"Polygon","coordinates":[[[121.72562773291602,24.9934675082717],[121.72564098554066,24.995724423755117],[121.72811741847413,24.995712324545682],[121.72810412063131,24.99345541030181],[121.72562773291602,24.9934675082717]]]}},{"type":"Feature","properties":{"cell_id":"65000:250:11061:1294","county_id":"65000","city":"NewTaipei","district":"平溪區","population_estimate":0.0,"population_known_estimate":0.0,"population_data_fraction":1.0,"population_method":"residential_support","population_period":"2024-12","population_density_per_km2":0.0,"bus_walk_mean_m":null,"bus_walk_p90_m":null,"bus_known_weight":0.0,"metro_walk_mean_m":null,"metro_known_weight":0.0,"position_status":"fallback_unverified","classification":"zero_residential_proxy","residential_gap":false},"geometry":{"type":"Polygon","coordinates":[[[121.72810412063131,24.99345541030181],[121.72811741847413,24.995712324545682],[121.73059384979825,24.99570018412268],[121.73058050673735,24.99344327112257],[121.72810412063131,24.99345541030181]]]}},{"type":"Feature","properties":{"cell_id":"65000:250:11061:1295","county_id":"65000","city":"NewTaipei","district":"平溪區","population_estimate":0.0,"population_known_estimate":0.0,"population_data_fraction":1.0,"population_method":"residential_support","population_period":"2024-12","population_density_per_km2":0.0,"bus_walk_mean_m":3411.1753131918063,"bus_walk_p90_m":3411.1753131918063,"bus_known_weight":1.0,"metro_walk_mean_m":19246.800408873813,"metro_known_weight":1.0,"position_status":"fallback_unverified","classification":"zero_residential_proxy","residential_gap":false},"geometry":{"type":"Polygon","coordinates":[[[121.73058050673735,24.99344327112257],[121.73059384979825,24.99570018412268],[121.73307027950754,24.995688002486204],[121.73305689122869,24.993431090734084],[121.73058050673735,24.99344327112257]]]}},{"type":"Feature","properties":{"cell_id":"65000:250:11061:1296","county_id":"65000","city":"NewTaipei","district":"平溪區","population_estimate":0.0,"population_known_estimate":0.0,"population_data_fraction":1.0,"population_method":"residential_support","population_period":"2024-12","population_density_per_km2":0.0,"bus_walk_mean_m":null,"bus_walk_p90_m":null,"bus_known_weight":0.0,"metro_walk_mean_m":null,"metro_known_weight":0.0,"position_status":"fallback_unverified","classification":"zero_residential_proxy","residential_gap":false},"geometry":{"type":"Polygon","coordinates":[[[121.73305689122869,24.993431090734084],[121.73307027950754,24.995688002486204],[121.7355467075965,24.995675779636375],[121.73553327409985,24.993418869136462],[121.73305689122869,24.993431090734084]]]}},{"type":"Feature","properties":{"cell_id":"65000:250:11061:1297","county_id":"65000","city":"NewTaipei","district":"平溪區","population_estimate":0.0,"population_known_estimate":0.0,"population_data_fraction":1.0,"population_method":"residential_support","population_period":"2024-12","population_density_per_km2":0.0,"bus_walk_mean_m":2157.5738894326387,"bus_walk_p90_m":2157.5738894326387,"bus_known_weight":1.0,"metro_walk_mean_m":20720.223307377877,"metro_known_weight":1.0,"position_status":"fallback_unverified","classification":"zero_residential_proxy","residential_gap":false},"geometry":{"type":"Polygon","coordinates":[[[121.73553327409985,24.993418869136462],[121.7355467075965,24.995675779636375],[121.73802313405972,24.99566351557328],[121.73800965534538,24.9934066063298],[121.73553327409985,24.993418869136462]]]}},{"type":"Feature","properties":{"cell_id":"65000:250:11061:1298","county_id":"65000","city":"NewTaipei","district":"平溪區","population_estimate":0.0,"population_known_estimate":0.0,"population_data_fraction":1.0,"population_method":"residential_support","population_period":"2024-12","population_density_per_km2":0.0,"bus_walk_mean_m":null,"bus_walk_p90_m":null,"bus_known_weight":0.0,"metro_walk_mean_m":null,"metro_known_weight":0.0,"position_status":"fallback_unverified","classification":"zero_residential_proxy","residential_gap":false},"geometry":{"type":"Polygon","coordinates":[[[121.73800965534538,24.9934066063298],[121.73802313405972,24.99566351557328],[121.74049955889167,24.995651210297048],[121.74048603495976,24.99339430231422],[121.73800965534538,24.9934066063298]]]}},{"type":"Feature","properties":{"cell_id":"65000:250:11061:1299","county_id":"65000","city":"NewTaipei","district":"平溪區","population_estimate":0.0,"population_known_estimate":0.0,"population_data_fraction":1.0,"population_method":"residential_support","population_period":"2024-12","population_density_per_km2":0.0,"bus_walk_mean_m":1819.9785121527846,"bus_walk_p90_m":1819.9785121527846,"bus_known_weight":1.0,"metro_walk_mean_m":21417.214491366423,"metro_known_weight":1.0,"position_status":"fallback_unverified","classification":"zero_residential_proxy","residential_gap":false},"geometry":{"type":"Polygon","coordinates":[[[121.74048603495976,24.99339430231422],[121.74049955889167,24.995651210297048],[121.7429759820869,24.995638863807773],[121.74296241293759,24.993381957089813],[121.74048603495976,24.99339430231422]]]}},{"type":"Feature","properties":{"cell_id":"65000:250:11061:1300","county_id":"65000","city":"NewTaipei","district":"平溪區","population_estimate":0.0,"population_known_estimate":0.0,"population_data_fraction":1.0,"population_method":"residential_support","population_period":"2024-12","population_density_per_km2":0.0,"bus_walk_mean_m":1578.396540618035,"bus_walk_p90_m":1578.396540618035,"bus_known_weight":1.0,"metro_walk_mean_m":21801.571273196485,"metro_known_weight":1.0,"position_status":"fallback_unverified","classification":"zero_residential_proxy","residential_gap":false},"geometry":{"type":"Polygon","coordinates":[[[121.74296241293759,24.993381957089813],[121.7429759820869,24.995638863807773],[121.74545240363996,24.995626476105556],[121.74543878927335,24.993369570656693],[121.74296241293759,24.993381957089813]]]}},{"type":"Feature","properties":{"cell_id":"65000:250:11061:1301","county_id":"65000","city":"NewTaipei","district":"平溪區","population_estimate":0.0,"population_known_estimate":0.0,"population_data_fraction":1.0,"population_method":"residential_support","population_period":"2024-12","population_density_per_km2":0.0,"bus_walk_mean_m":1822.4051549019193,"bus_walk_p90_m":1822.4051549019193,"bus_known_weight":1.0,"metro_walk_mean_m":22045.57988748037,"metro_known_weight":1.0,"position_status":"fallback_unverified","classification":"zero_residential_proxy","residential_gap":false},"geometry":{"type":"Polygon","coordinates":[[[121.74543878927335,24.993369570656693],[121.74545240363996,24.995626476105556],[121.74792882354537,24.995614047190518],[121.74791516396158,24.99335714301497],[121.74543878927335,24.993369570656693]]]}},{"type":"Feature","properties":{"cell_id":"65000:250:11061:1302","county_id":"65000","city":"NewTaipei","district":"平溪區","population_estimate":0.0,"population_known_estimate":0.0,"population_data_fraction":1.0,"population_method":"residential_support","population_period":"2024-12","population_density_per_km2":0.0,"bus_walk_mean_m":null,"bus_walk_p90_m":null,"bus_known_weight":0.0,"metro_walk_mean_m":null,"metro_known_weight":0.0,"position_status":"fallback_unverified","classification":"zero_residential_proxy","residential_gap":false},"geometry":{"type":"Polygon","coordinates":[[[121.74791516396158,24.99335714301497],[121.74792882354537,24.995614047190518],[121.75040524179761,24.995601577062754],[121.75039153699682,24.99334467416475],[121.74791516396158,24.99335714301497]]]}},{"type":"Feature","properties":{"cell_id":"65000:250:11061:1303","county_id":"65000","city":"NewTaipei","district":"平溪區","population_estimate":0.0,"population_known_estimate":0.0,"population_data_fraction":1.0,"population_method":"residential_support","population_period":"2024-12","population_density_per_km2":0.0,"bus_walk_mean_m":1740.1831127193866,"bus_walk_p90_m":1740.1831127193866,"bus_known_weight":1.0,"metro_walk_mean_m":21963.357845297836,"metro_known_weight":1.0,"position_status":"fallback_unverified","classification":"zero_residential_proxy","residential_gap":false},"geometry":{"type":"Polygon","coordinates":[[[121.75039153699682,24.99334467416475],[121.75040524179761,24.995601577062754],[121.75288165839126,24.995589065722385],[121.75286790837356,24.99333216410614],[121.75039153699682,24.99334467416475]]]}},{"type":"Feature","properties":{"cell_id":"65000:250:11061:1304","county_id":"65000","city":"NewTaipei","district":"平溪區","population_estimate":0.0,"population_known_estimate":0.0,"population_data_fraction":1.0,"population_method":"residential_support","population_period":"2024-12","population_density_per_km2":0.0,"bus_walk_mean_m":2176.258857352294,"bus_walk_p90_m":2176.258857352294,"bus_known_weight":1.0,"metro_walk_mean_m":22399.433589930744,"metro_known_weight":1.0,"position_status":"fallback_unverified","classification":"zero_residential_proxy","residential_gap":false},"geometry":{"type":"Polygon","coordinates":[[[121.75286790837356,24.99333216410614],[121.75288165839126,24.995589065722385],[121.75535807332085,24.99557651316951],[121.75534427808637,24.99331961283924],[121.75286790837356,24.99333216410614]]]}},{"type":"Feature","properties":{"cell_id":"65000:250:11061:1305","county_id":"65000","city":"NewTaipei","district":"平溪區","population_estimate":0.0,"population_known_estimate":0.0,"population_data_fraction":1.0,"population_method":"residential_support","population_period":"2024-12","population_density_per_km2":0.0,"bus_walk_mean_m":null,"bus_walk_p90_m":null,"bus_known_weight":0.0,"metro_walk_mean_m":null,"metro_known_weight":0.0,"position_status":"fallback_unverified","classification":"zero_residential_proxy","residential_gap":false},"geometry":{"type":"Polygon","coordinates":[[[121.75534427808637,24.99331961283924],[121.75535807332085,24.99557651316951],[121.75783448658086,24.99556391940424],[121.75782064612977,24.99330702036418],[121.75534427808637,24.99331961283924]]]}},{"type":"Feature","properties":{"cell_id":"65000:250:11061:1306","county_id":"65000","city":"NewTaipei","district":"平溪區","population_estimate":0.0,"population_known_estimate":0.0,"population_data_fraction":1.0,"population_method":"residential_support","population_period":"2024-12","population_density_per_km2":0.0,"bus_walk_mean_m":null,"bus_walk_p90_m":null,"bus_known_weight":0.0,"metro_walk_mean_m":null,"metro_known_weight":0.0,"position_status":"fallback_unverified","classification":"zero_residential_proxy","residential_gap":false},"geometry":{"type":"Polygon","coordinates":[[[121.75782064612977,24.99330702036418],[121.75783448658086,24.99556391940424],[121.76031089816586,24.995551284426686],[121.76029701249827,24.993294386681054],[121.75782064612977,24.99330702036418]]]}},{"type":"Feature","properties":{"cell_id":"65000:250:11061:1307","county_id":"65000","city":"NewTaipei","district":"平溪區","population_estimate":0.0,"population_known_estimate":0.0,"population_data_fraction":1.0,"population_method":"residential_support","population_period":"2024-12","population_density_per_km2":0.0,"bus_walk_mean_m":null,"bus_walk_p90_m":null,"bus_known_weight":0.0,"metro_walk_mean_m":null,"metro_known_weight":0.0,"position_status":"fallback_unverified","classification":"zero_residential_proxy","residential_gap":false},"geometry":{"type":"Polygon","coordinates":[[[121.76029701249827,24.993294386681054],[121.76031089816586,24.995551284426686],[121.76278730807037,24.995538608236945],[121.76277337718642,24.993281711789965],[121.76029701249827,24.993294386681054]]]}},{"type":"Feature","properties":{"cell_id":"65000:250:11061:1308","county_id":"65000","city":"NewTaipei","district":"平溪區","population_estimate":0.0,"population_known_estimate":0.0,"population_data_fraction":1.0,"population_method":"residential_support","population_period":"2024-12","population_density_per_km2":0.0,"bus_walk_mean_m":1261.5955511187015,"bus_walk_p90_m":1261.5955511187015,"bus_known_weight":1.0,"metro_walk_mean_m":23575.698512808747,"metro_known_weight":1.0,"position_status":"fallback_unverified","classification":"zero_residential_proxy","residential_gap":false},"geometry":{"type":"Polygon","coordinates":[[[121.76277337718642,24.993281711789965],[121.76278730807037,24.995538608236945],[121.76526371628891,24.995525890835154],[121.76524974018874,24.993268995691047],[121.76277337718642,24.993281711789965]]]}},{"type":"Feature","properties":{"cell_id":"65000:250:11062:1292","county_id":"65000","city":"NewTaipei","district":"平溪區","population_estimate":0.0,"population_known_estimate":0.0,"population_data_fraction":1.0,"population_method":"residential_support","population_period":"2024-12","population_density_per_km2":0.0,"bus_walk_mean_m":3687.8917110979087,"bus_walk_p90_m":3687.8917110979087,"bus_known_weight":1.0,"metro_walk_mean_m":17247.08299768284,"metro_known_weight":1.0,"position_status":"fallback_unverified","classification":"zero_residential_proxy","residential_gap":false},"geometry":{"type":"Polygon","coordinates":[[[121.7231645510033,24.995736481750875],[121.723177760008,24.997993397778483],[121.72565423976917,24.997981338547362],[121.72564098554066,24.995724423755117],[121.7231645510033,24.995736481750875]]]}},{"type":"Feature","properties":{"cell_id":"65000:250:11062:1293","county_id":"65000","city":"NewTaipei","district":"平溪區","population_estimate":0.0,"population_known_estimate":0.0,"population_data_fraction":1.0,"population_method":"residential_support","population_period":"2024-12","population_density_per_km2":0.0,"bus_walk_mean_m":3232.9296137911024,"bus_walk_p90_m":3232.9296137911024,"bus_known_weight":1.0,"metro_walk_mean_m":19068.55470947311,"metro_known_weight":1.0,"position_status":"fallback_unverified","classification":"zero_residential_proxy","residential_gap":false},"geometry":{"type":"Polygon","coordinates":[[[121.72564098554066,24.995724423755117],[121.72565423976917,24.997981338547362],[121.72813071792632,24.997969238098342],[121.72811741847413,24.995712324545682],[121.72564098554066,24.995724423755117]]]}},{"type":"Feature","properties":{"cell_id":"65000:250:11062:1294","county_id":"65000","city":"NewTaipei","district":"平溪區","population_estimate":0.0,"population_known_estimate":0.0,"population_data_fraction":1.0,"population_method":"residential_support","population_period":"2024-12","population_density_per_km2":0.0,"bus_walk_mean_m":null,"bus_walk_p90_m":null,"bus_known_weight":0.0,"metro_walk_mean_m":null,"metro_known_weight":0.0,"position_status":"fallback_unverified","classification":"zero_residential_proxy","residential_gap":false},"geometry":{"type":"Polygon","coordinates":[[[121.72811741847413,24.995712324545682],[121.72813071792632,24.997969238098342],[121.73060719447399,24.997957096431527],[121.73059384979825,24.99570018412268],[121.72811741847413,24.995712324545682]]]}},{"type":"Feature","properties":{"cell_id":"65000:250:11062:1295","county_id":"65000","city":"NewTaipei","district":"平溪區","population_estimate":0.0,"population_known_estimate":0.0,"population_data_fraction":1.0,"population_method":"residential_support","population_period":"2024-12","population_density_per_km2":0.0,"bus_walk_mean_m":3066.2687012590095,"bus_walk_p90_m":3066.2687012590095,"bus_known_weight":1.0,"metro_walk_mean_m":18901.893796941018,"metro_known_weight":1.0,"position_status":"fallback_unverified","classification":"zero_residential_proxy","residential_gap":false},"geometry":{"type":"Polygon","coordinates":[[[121.73059384979825,24.99570018412268],[121.73060719447399,24.997957096431527],[121.73308366940668,24.997944913547027],[121.73307027950754,24.995688002486204],[121.73059384979825,24.99570018412268]]]}},{"type":"Feature","properties":{"cell_id":"65000:250:11062:1296","county_id":"65000","city":"NewTaipei","district":"平溪區","population_estimate":0.0,"population_known_estimate":0.0,"population_data_fraction":1.0,"population_method":"residential_support","population_period":"2024-12","population_density_per_km2":0.0,"bus_walk_mean_m":null,"bus_walk_p90_m":null,"bus_known_weight":0.0,"metro_walk_mean_m":null,"metro_known_weight":0.0,"position_status":"fallback_unverified","classification":"zero_residential_proxy","residential_gap":false},"geometry":{"type":"Polygon","coordinates":[[[121.73307027950754,24.995688002486204],[121.73308366940668,24.997944913547027],[121.73556014271895,24.997932689444944],[121.7355467075965,24.995675779636375],[121.73307027950754,24.995688002486204]]]}},{"type":"Feature","properties":{"cell_id":"65000:250:11062:1297","county_id":"65000","city":"NewTaipei","district":"平溪區","population_estimate":0.0,"population_known_estimate":0.0,"population_data_fraction":0.9999999999999999,"population_method":"residential_support","population_period":"2024-12","population_density_per_km2":0.0,"bus_walk_mean_m":null,"bus_walk_p90_m":null,"bus_known_weight":0.0,"metro_walk_mean_m":null,"metro_known_weight":0.0,"position_status":"fallback_unverified","classification":"zero_residential_proxy","residential_gap":false},"geometry":{"type":"Polygon","coordinates":[[[121.7355467075965,24.995675779636375],[121.73556014271895,24.997932689444944],[121.7380366144053,24.99792042412538],[121.73802313405972,24.99566351557328],[121.7355467075965,24.995675779636375]]]}},{"type":"Feature","properties":{"cell_id":"65000:250:11062:1298","county_id":"65000","city":"NewTaipei","district":"平溪區","population_estimate":0.0,"population_known_estimate":0.0,"population_data_fraction":1.0,"population_method":"residential_support","population_period":"2024-12","population_density_per_km2":0.0,"bus_walk_mean_m":1846.606166139084,"bus_walk_p90_m":1846.606166139084,"bus_known_weight":1.0,"metro_walk_mean_m":21094.331963304183,"metro_known_weight":1.0,"position_status":"fallback_unverified","classification":"zero_residential_proxy","residential_gap":false},"geometry":{"type":"Polygon","coordinates":[[[121.73802313405972,24.99566351557328],[121.7380366144053,24.99792042412538],[121.74051308446029,24.997908117588448],[121.74049955889167,24.995651210297048],[121.73802313405972,24.99566351557328]]]}},{"type":"Feature","properties":{"cell_id":"65000:250:11062:1299","county_id":"65000","city":"NewTaipei","district":"平溪區","population_estimate":0.0,"population_known_estimate":0.0,"population_data_fraction":1.0,"population_method":"residential_support","population_period":"2024-12","population_density_per_km2":0.0,"bus_walk_mean_m":1578.7123667532805,"bus_walk_p90_m":1578.7123667532805,"bus_known_weight":1.0,"metro_walk_mean_m":21663.895551927362,"metro_known_weight":1.0,"position_status":"fallback_unverified","classification":"zero_residential_proxy","residential_gap":false},"geometry":{"type":"Polygon","coordinates":[[[121.74049955889167,24.995651210297048],[121.74051308446029,24.997908117588448],[121.74298955287844,24.997895769834255],[121.7429759820869,24.995638863807773],[121.74049955889167,24.995651210297048]]]}},{"type":"Feature","properties":{"cell_id":"65000:250:11062:1300","county_id":"65000","city":"NewTaipei","district":"平溪區","population_estimate":0.0,"population_known_estimate":0.0,"population_data_fraction":1.0,"population_method":"residential_support","population_period":"2024-12","population_density_per_km2":0.0,"bus_walk_mean_m":null,"bus_walk_p90_m":null,"bus_known_weight":0.0,"metro_walk_mean_m":null,"metro_known_weight":0.0,"position_status":"fallback_unverified","classification":"zero_residential_proxy","residential_gap":false},"geometry":{"type":"Polygon","coordinates":[[[121.7429759820869,24.995638863807773],[121.74298955287844,24.997895769834255],[121.74546601965424,24.9978833808629],[121.74545240363996,24.995626476105556],[121.7429759820869,24.995638863807773]]]}},{"type":"Feature","properties":{"cell_id":"65000:250:11062:1301","county_id":"65000","city":"NewTaipei","district":"平溪區","population_estimate":0.0,"population_known_estimate":0.0,"population_data_fraction":1.0,"population_method":"residential_support","population_period":"2024-12","population_density_per_km2":0.0,"bus_walk_mean_m":null,"bus_walk_p90_m":null,"bus_known_weight":0.0,"metro_walk_mean_m":null,"metro_known_weight":0.0,"position_status":"fallback_unverified","classification":"zero_residential_proxy","residential_gap":false},"geometry":{"type":"Polygon","coordinates":[[[121.74545240363996,24.995626476105556],[121.74546601965424,24.9978833808629],[121.74794248478227,24.997870950674493],[121.74792882354537,24.995614047190518],[121.74545240363996,24.995626476105556]]]}},{"type":"Feature","properties":{"cell_id":"65000:250:11062:1302","county_id":"65000","city":"NewTaipei","district":"平溪區","population_estimate":0.0,"population_known_estimate":0.0,"population_data_fraction":1.0,"population_method":"residential_support","population_period":"2024-12","population_density_per_km2":0.0,"bus_walk_mean_m":null,"bus_walk_p90_m":null,"bus_known_weight":0.0,"metro_walk_mean_m":null,"metro_known_weight":0.0,"position_status":"fallback_unverified","classification":"zero_residential_proxy","residential_gap":false},"geometry":{"type":"Polygon","coordinates":[[[121.74792882354537,24.995614047190518],[121.74794248478227,24.997870950674493],[121.75041894825702,24.99785847926915],[121.75040524179761,24.995601577062754],[121.74792882354537,24.995614047190518]]]}},{"type":"Feature","properties":{"cell_id":"65000:250:11062:1303","county_id":"65000","city":"NewTaipei","district":"平溪區","population_estimate":0.0,"population_known_estimate":0.0,"population_data_fraction":1.0,"population_method":"residential_support","population_period":"2024-12","population_density_per_km2":0.0,"bus_walk_mean_m":null,"bus_walk_p90_m":null,"bus_known_weight":0.0,"metro_walk_mean_m":null,"metro_known_weight":0.0,"position_status":"fallback_unverified","classification":"zero_residential_proxy","residential_gap":false},"geometry":{"type":"Polygon","coordinates":[[[121.75040524179761,24.995601577062754],[121.75041894825702,24.99785847926915],[121.75289541007304,24.99784596664697],[121.75288165839126,24.995589065722385],[121.75040524179761,24.995601577062754]]]}},{"type":"Feature","properties":{"cell_id":"65000:250:11062:1304","county_id":"65000","city":"NewTaipei","district":"平溪區","population_estimate":0.0,"population_known_estimate":0.0,"population_data_fraction":1.0,"population_method":"residential_support","population_period":"2024-12","population_density_per_km2":0.0,"bus_walk_mean_m":1829.5061552610568,"bus_walk_p90_m":1829.5061552610568,"bus_known_weight":1.0,"metro_walk_mean_m":22052.68088783951,"metro_known_weight":1.0,"position_status":"fallback_unverified","classification":"zero_residential_proxy","residential_gap":false},"geometry":{"type":"Polygon","coordinates":[[[121.75288165839126,24.995589065722385],[121.75289541007304,24.99784596664697],[121.75537187022485,24.99783341280806],[121.75535807332085,24.99557651316951],[121.75288165839126,24.995589065722385]]]}},{"type":"Feature","properties":{"cell_id":"65000:250:11062:1305","county_id":"65000","city":"NewTaipei","district":"平溪區","population_estimate":0.0,"population_known_estimate":0.0,"population_data_fraction":1.0,"population_method":"residential_support","population_period":"2024-12","population_density_per_km2":0.0,"bus_walk_mean_m":2635.1059397209833,"bus_walk_p90_m":2635.1059397209833,"bus_known_weight":1.0,"metro_walk_mean_m":22584.211613070333,"metro_known_weight":1.0,"position_status":"fallback_unverified","classification":"zero_residential_proxy","residential_gap":false},"geometry":{"type":"Polygon","coordinates":[[[121.75535807332085,24.99557651316951],[121.75537187022485,24.99783341280806],[121.75784832870697,24.99782081775254],[121.75783448658086,24.99556391940424],[121.75535807332085,24.99557651316951]]]}},{"type":"Feature","properties":{"cell_id":"65000:250:11062:1306","county_id":"65000","city":"NewTaipei","district":"平溪區","population_estimate":0.0,"population_known_estimate":0.0,"population_data_fraction":1.0,"population_method":"residential_support","population_period":"2024-12","population_density_per_km2":0.0,"bus_walk_mean_m":null,"bus_walk_p90_m":null,"bus_known_weight":0.0,"metro_walk_mean_m":null,"metro_known_weight":0.0,"position_status":"fallback_unverified","classification":"zero_residential_proxy","residential_gap":false},"geometry":{"type":"Polygon","coordinates":[[[121.75783448658086,24.99556391940424],[121.75784832870697,24.99782081775254],[121.76032478551394,24.997808181480515],[121.76031089816586,24.995551284426686],[121.75783448658086,24.99556391940424]]]}},{"type":"Feature","properties":{"cell_id":"65000:250:11062:1307","county_id":"65000","city":"NewTaipei","district":"平溪區","population_estimate":0.06172334474005127,"population_known_estimate":0.06172334474005127,"population_data_fraction":1.0,"population_method":"uniform_proxy","population_period":"2024-12","population_density_per_km2":0.9875735158408203,"bus_walk_mean_m":null,"bus_walk_p90_m":null,"bus_known_weight":0.0,"metro_walk_mean_m":null,"metro_known_weight":0.0,"position_status":"fallback_unverified","classification":"unresolved_walk_evidence","residential_gap":false},"geometry":{"type":"Polygon","coordinates":[[[121.76031089816586,24.995551284426686],[121.76032478551394,24.997808181480515],[121.7628012406403,24.99779550399208],[121.76278730807037,24.995538608236945],[121.76031089816586,24.995551284426686]]]}},{"type":"Feature","properties":{"cell_id":"65000:250:11062:1308","county_id":"65000","city":"NewTaipei","district":"平溪區","population_estimate":0.29554440689735395,"population_known_estimate":0.29554440689735395,"population_data_fraction":0.9999999999999998,"population_method":"uniform_proxy","population_period":"2024-12","population_density_per_km2":4.728710510357663,"bus_walk_mean_m":1239.027213455859,"bus_walk_p90_m":1239.027213455859,"bus_known_weight":1.0,"metro_walk_mean_m":24553.62883812016,"metro_known_weight":1.0,"position_status":"fallback_unverified","classification":"residential_coverage_candidate","residential_gap":true},"geometry":{"type":"Polygon","coordinates":[[[121.76278730807037,24.995538608236945],[121.7628012406403,24.99779550399208],[121.76527769408052,24.997782785287374],[121.76526371628891,24.995525890835154],[121.76278730807037,24.995538608236945]]]}},{"type":"Feature","properties":{"cell_id":"65000:250:11063:1291","county_id":"65000","city":"NewTaipei","district":"平溪區","population_estimate":0.0,"population_known_estimate":0.0,"population_data_fraction":1.0,"population_method":"residential_support","population_period":"2024-12","population_density_per_km2":0.0,"bus_walk_mean_m":null,"bus_walk_p90_m":null,"bus_known_weight":0.0,"metro_walk_mean_m":null,"metro_known_weight":0.0,"position_status":"fallback_unverified","classification":"zero_residential_proxy","residential_gap":false},"geometry":{"type":"Polygon","coordinates":[[[121.7207012786483,24.9980054157916],[121.72071444402214,25.00026233235923],[121.72319097061126,25.00025031311493],[121.723177760008,24.997993397778483],[121.7207012786483,24.9980054157916]]]}},{"type":"Feature","properties":{"cell_id":"65000:250:11063:1292","county_id":"65000","city":"NewTaipei","district":"平溪區","population_estimate":0.0,"population_known_estimate":0.0,"population_data_fraction":1.0,"population_method":"residential_support","population_period":"2024-12","population_density_per_km2":0.0,"bus_walk_mean_m":3360.950027841015,"bus_walk_p90_m":3360.950027841015,"bus_known_weight":1.0,"metro_walk_mean_m":17142.846159528704,"metro_known_weight":1.0,"position_status":"fallback_unverified","classification":"zero_residential_proxy","residential_gap":false},"geometry":{"type":"Polygon","coordinates":[[[121.723177760008,24.997993397778483],[121.72319097061126,25.00025031311493],[121.7256674956017,25.000238252648398],[121.72565423976917,24.997981338547362],[121.723177760008,24.997993397778483]]]}},{"type":"Feature","properties":{"cell_id":"65000:250:11063:1293","county_id":"65000","city":"NewTaipei","district":"平溪區","population_estimate":0.0,"population_known_estimate":0.0,"population_data_fraction":1.0,"population_method":"residential_support","population_period":"2024-12","population_density_per_km2":0.0,"bus_walk_mean_m":3333.6200996934135,"bus_walk_p90_m":3333.6200996934135,"bus_known_weight":1.0,"metro_walk_mean_m":17616.13004413534,"metro_known_weight":1.0,"position_status":"fallback_unverified","classification":"zero_residential_proxy","residential_gap":false},"geometry":{"type":"Polygon","coordinates":[[[121.72565423976917,24.997981338547362],[121.7256674956017,25.000238252648398],[121.72814401898799,25.000226150959747],[121.72813071792632,24.997969238098342],[121.72565423976917,24.997981338547362]]]}},{"type":"Feature","properties":{"cell_id":"65000:250:11063:1294","county_id":"65000","city":"NewTaipei","district":"平溪區","population_estimate":0.0,"population_known_estimate":0.0,"population_data_fraction":1.0,"population_method":"residential_support","population_period":"2024-12","population_density_per_km2":0.0,"bus_walk_mean_m":2902.286096657039,"bus_walk_p90_m":2902.286096657039,"bus_known_weight":1.0,"metro_walk_mean_m":18737.91119233905,"metro_known_weight":1.0,"position_status":"fallback_unverified","classification":"zero_residential_proxy","residential_gap":false},"geometry":{"type":"Polygon","coordinates":[[[121.72813071792632,24.997969238098342],[121.72814401898799,25.000226150959747],[121.73062054076468,25.00021400804908],[121.73060719447399,24.997957096431527],[121.72813071792632,24.997969238098342]]]}},{"type":"Feature","properties":{"cell_id":"65000:250:11063:1295","county_id":"65000","city":"NewTaipei","district":"平溪區","population_estimate":35.79857006330342,"population_known_estimate":35.79857006330342,"population_data_fraction":1.0,"population_method":"residential_support","population_period":"2024-12","population_density_per_km2":572.7771210128548,"bus_walk_mean_m":2673.987165938502,"bus_walk_p90_m":2673.987165938502,"bus_known_weight":1.0,"metro_walk_mean_m":18509.612261620514,"metro_known_weight":1.0,"position_status":"residential_area_proxy","classification":"residential_coverage_candidate","residential_gap":true},"geometry":{"type":"Polygon","coordinates":[[[121.73060719447399,24.997957096431527],[121.73062054076468,25.00021400804908],[121.73309706092627,25.000201823916505],[121.73308366940668,24.997944913547027],[121.73060719447399,24.997957096431527]]]}},{"type":"Feature","properties":{"cell_id":"65000:250:11063:1296","county_id":"65000","city":"NewTaipei","district":"平溪區","population_estimate":0.0,"population_known_estimate":0.0,"population_data_fraction":1.0,"population_method":"residential_support","population_period":"2024-12","population_density_per_km2":0.0,"bus_walk_mean_m":null,"bus_walk_p90_m":null,"bus_known_weight":0.0,"metro_walk_mean_m":null,"metro_known_weight":0.0,"position_status":"fallback_unverified","classification":"zero_residential_proxy","residential_gap":false},"geometry":{"type":"Polygon","coordinates":[[[121.73308366940668,24.997944913547027],[121.73309706092627,25.000201823916505],[121.73557357946729,25.000189598562123],[121.73556014271895,24.997932689444944],[121.73308366940668,24.997944913547027]]]}},{"type":"Feature","properties":{"cell_id":"65000:250:11063:1297","county_id":"65000","city":"NewTaipei","district":"平溪區","population_estimate":0.0,"population_known_estimate":0.0,"population_data_fraction":1.0,"population_method":"residential_support","population_period":"2024-12","population_density_per_km2":0.0,"bus_walk_mean_m":null,"bus_walk_p90_m":null,"bus_known_weight":0.0,"metro_walk_mean_m":null,"metro_known_weight":0.0,"position_status":"fallback_unverified","classification":"zero_residential_proxy","residential_gap":false},"geometry":{"type":"Polygon","coordinates":[[[121.73556014271895,24.997932689444944],[121.73557357946729,25.000189598562123],[121.7380500963823,25.00017733198604],[121.7380366144053,24.99792042412538],[121.73556014271895,24.997932689444944]]]}},{"type":"Feature","properties":{"cell_id":"65000:250:11063:1298","county_id":"65000","city":"NewTaipei","district":"平溪區","population_estimate":0.0,"population_known_estimate":0.0,"population_data_fraction":1.0,"population_method":"residential_support","population_period":"2024-12","population_density_per_km2":0.0,"bus_walk_mean_m":1656.9149663814846,"bus_walk_p90_m":1656.9149663814846,"bus_known_weight":1.0,"metro_walk_mean_m":21278.03875124653,"metro_known_weight":1.0,"position_status":"fallback_unverified","classification":"zero_residential_proxy","residential_gap":false},"geometry":{"type":"Polygon","coordinates":[[[121.7380366144053,24.99792042412538],[121.7380500963823,25.00017733198604],[121.74052661166576,25.000165024188366],[121.74051308446029,24.997908117588448],[121.7380366144053,24.99792042412538]]]}},{"type":"Feature","properties":{"cell_id":"65000:250:11063:1299","county_id":"65000","city":"NewTaipei","district":"平溪區","population_estimate":0.0,"population_known_estimate":0.0,"population_data_fraction":1.0,"population_method":"residential_support","population_period":"2024-12","population_density_per_km2":0.0,"bus_walk_mean_m":null,"bus_walk_p90_m":null,"bus_known_weight":0.0,"metro_walk_mean_m":null,"metro_known_weight":0.0,"position_status":"fallback_unverified","classification":"zero_residential_proxy","residential_gap":false},"geometry":{"type":"Polygon","coordinates":[[[121.74051308446029,24.997908117588448],[121.74052661166576,25.000165024188366],[121.74300312531228,25.00015267516921],[121.74298955287844,24.997895769834255],[121.74051308446029,24.997908117588448]]]}},{"type":"Feature","properties":{"cell_id":"65000:250:11063:1300","county_id":"65000","city":"NewTaipei","district":"平溪區","population_estimate":0.0,"population_known_estimate":0.0,"population_data_fraction":1.0,"population_method":"residential_support","population_period":"2024-12","population_density_per_km2":0.0,"bus_walk_mean_m":1189.8970427111003,"bus_walk_p90_m":1189.8970427111003,"bus_known_weight":1.0,"metro_walk_mean_m":21413.07177528955,"metro_known_weight":1.0,"position_status":"fallback_unverified","classification":"zero_residential_proxy","residential_gap":false},"geometry":{"type":"Polygon","coordinates":[[[121.74298955287844,24.997895769834255],[121.74300312531228,25.00015267516921],[121.74547963731631,25.000140284928666],[121.74546601965424,24.9978833808629],[121.74298955287844,24.997895769834255]]]}},{"type":"Feature","properties":{"cell_id":"65000:250:11063:1301","county_id":"65000","city":"NewTaipei","district":"平溪區","population_estimate":0.0,"population_known_estimate":0.0,"population_data_fraction":1.0,"population_method":"residential_support","population_period":"2024-12","population_density_per_km2":0.0,"bus_walk_mean_m":955.6780402508873,"bus_walk_p90_m":955.6780402508873,"bus_known_weight":1.0,"metro_walk_mean_m":21178.852772829337,"metro_known_weight":1.0,"position_status":"fallback_unverified","classification":"zero_residential_proxy","residential_gap":false},"geometry":{"type":"Polygon","coordinates":[[[121.74546601965424,24.9978833808629],[121.74547963731631,25.000140284928666],[121.74795614767245,25.000127853466854],[121.74794248478227,24.997870950674493],[121.74546601965424,24.9978833808629]]]}},{"type":"Feature","properties":{"cell_id":"65000:250:11063:1302","county_id":"65000","city":"NewTaipei","district":"平溪區","population_estimate":0.0,"population_known_estimate":0.0,"population_data_fraction":1.0,"population_method":"residential_support","population_period":"2024-12","population_density_per_km2":0.0,"bus_walk_mean_m":1114.0638937187168,"bus_walk_p90_m":1114.0638937187168,"bus_known_weight":1.0,"metro_walk_mean_m":21337.23862629717,"metro_known_weight":1.0,"position_status":"fallback_unverified","classification":"zero_residential_proxy","residential_gap":false},"geometry":{"type":"Polygon","coordinates":[[[121.74794248478227,24.997870950674493],[121.74795614767245,25.000127853466854],[121.75043265637518,25.000115380783885],[121.75041894825702,24.99785847926915],[121.74794248478227,24.997870950674493]]]}},{"type":"Feature","properties":{"cell_id":"65000:250:11063:1303","county_id":"65000","city":"NewTaipei","district":"平溪區","population_estimate":0.0,"population_known_estimate":0.0,"population_data_fraction":1.0,"population_method":"residential_support","population_period":"2024-12","population_density_per_km2":0.0,"bus_walk_mean_m":1430.2063583457605,"bus_walk_p90_m":1430.2063583457605,"bus_known_weight":1.0,"metro_walk_mean_m":21653.381090924213,"metro_known_weight":1.0,"position_status":"fallback_unverified","classification":"zero_residential_proxy","residential_gap":false},"geometry":{"type":"Polygon","coordinates":[[[121.75041894825702,24.99785847926915],[121.75043265637518,25.000115380783885],[121.75290916341902,25.00010286687985],[121.75289541007304,24.99784596664697],[121.75041894825702,24.99785847926915]]]}},{"type":"Feature","properties":{"cell_id":"65000:250:11063:1304","county_id":"65000","city":"NewTaipei","district":"平溪區","population_estimate":0.0,"population_known_estimate":0.0,"population_data_fraction":1.0,"population_method":"residential_support","population_period":"2024-12","population_density_per_km2":0.0,"bus_walk_mean_m":null,"bus_walk_p90_m":null,"bus_known_weight":0.0,"metro_walk_mean_m":null,"metro_known_weight":0.0,"position_status":"fallback_unverified","classification":"zero_residential_proxy","residential_gap":false},"geometry":{"type":"Polygon","coordinates":[[[121.75289541007304,24.99784596664697],[121.75290916341902,25.00010286687985],[121.75538566879854,25.000090311754867],[121.75537187022485,24.99783341280806],[121.75289541007304,24.99784596664697]]]}},{"type":"Feature","properties":{"cell_id":"65000:250:11063:1305","county_id":"65000","city":"NewTaipei","district":"平溪區","population_estimate":0.0,"population_known_estimate":0.0,"population_data_fraction":1.0,"population_method":"residential_support","population_period":"2024-12","population_density_per_km2":0.0,"bus_walk_mean_m":2314.1203964897095,"bus_walk_p90_m":2314.1203964897095,"bus_known_weight":1.0,"metro_walk_mean_m":22239.940508640804,"metro_known_weight":1.0,"position_status":"fallback_unverified","classification":"zero_residential_proxy","residential_gap":false},"geometry":{"type":"Polygon","coordinates":[[[121.75537187022485,24.99783341280806],[121.75538566879854,25.000090311754867],[121.75786217250825,25.000077715409045],[121.75784832870697,24.99782081775254],[121.75537187022485,24.99783341280806]]]}},{"type":"Feature","properties":{"cell_id":"65000:250:11063:1306","county_id":"65000","city":"NewTaipei","district":"平溪區","population_estimate":0.0,"population_known_estimate":0.0,"population_data_fraction":1.0,"population_method":"residential_support","population_period":"2024-12","population_density_per_km2":0.0,"bus_walk_mean_m":2613.6146172745525,"bus_walk_p90_m":2613.6146172745525,"bus_known_weight":1.0,"metro_walk_mean_m":22486.145217372366,"metro_known_weight":1.0,"position_status":"fallback_unverified","classification":"zero_residential_proxy","residential_gap":false},"geometry":{"type":"Polygon","coordinates":[[[121.75784832870697,24.99782081775254],[121.75786217250825,25.000077715409045],[121.76033867454264,25.0000650778425],[121.76032478551394,24.997808181480515],[121.75784832870697,24.99782081775254]]]}},{"type":"Feature","properties":{"cell_id":"65000:250:11063:1307","county_id":"65000","city":"NewTaipei","district":"平溪區","population_estimate":0.12588266906487453,"population_known_estimate":0.12588266906487453,"population_data_fraction":0.9999999999999999,"population_method":"uniform_proxy","population_period":"2024-12","population_density_per_km2":2.0141227050379924,"bus_walk_mean_m":2916.2955124373516,"bus_walk_p90_m":2916.2955124373516,"bus_known_weight":1.0,"metro_walk_mean_m":22629.885035953597,"metro_known_weight":1.0,"position_status":"fallback_unverified","classification":"residential_coverage_candidate","residential_gap":true},"geometry":{"type":"Polygon","coordinates":[[[121.76032478551394,24.997808181480515],[121.76033867454264,25.0000650778425],[121.7628151748963,25.00005239905534],[121.7628012406403,24.99779550399208],[121.76032478551394,24.997808181480515]]]}},{"type":"Feature","properties":{"cell_id":"65000:250:11063:1308","county_id":"65000","city":"NewTaipei","district":"平溪區","population_estimate":0.5166233969771795,"population_known_estimate":0.5166233969771795,"population_data_fraction":1.0,"population_method":"uniform_proxy","population_period":"2024-12","population_density_per_km2":8.265974351634872,"bus_walk_mean_m":null,"bus_walk_p90_m":null,"bus_known_weight":0.0,"metro_walk_mean_m":null,"metro_known_weight":0.0,"position_status":"fallback_unverified","classification":"unresolved_walk_evidence","residential_gap":false},"geometry":{"type":"Polygon","coordinates":[[[121.7628012406403,24.99779550399208],[121.7628151748963,25.00005239905534],[121.76529167356371,25.000039679047653],[121.76527769408052,24.997782785287374],[121.7628012406403,24.99779550399208]]]}},{"type":"Feature","properties":{"cell_id":"65000:250:11063:1309","county_id":"65000","city":"NewTaipei","district":"平溪區","population_estimate":0.41248454766759657,"population_known_estimate":0.41248454766759657,"population_data_fraction":1.0,"population_method":"uniform_proxy","population_period":"2024-12","population_density_per_km2":6.599752762681545,"bus_walk_mean_m":939.8354121537317,"bus_walk_p90_m":939.8354121537317,"bus_known_weight":1.0,"metro_walk_mean_m":24159.862623436762,"metro_known_weight":1.0,"position_status":"fallback_unverified","classification":"residential_coverage_candidate","residential_gap":true},"geometry":{"type":"Polygon","coordinates":[[[121.76527769408052,24.997782785287374],[121.76529167356371,25.000039679047653],[121.76776817053943,25.00002691781958],[121.7677541458292,24.997770025366478],[121.76527769408052,24.997782785287374]]]}},{"type":"Feature","properties":{"cell_id":"65000:250:11064:1291","county_id":"65000","city":"NewTaipei","district":"平溪區","population_estimate":0.0,"population_known_estimate":0.0,"population_data_fraction":1.0,"population_method":"residential_support","population_period":"2024-12","population_density_per_km2":0.0,"bus_walk_mean_m":null,"bus_walk_p90_m":null,"bus_known_weight":0.0,"metro_walk_mean_m":null,"metro_known_weight":0.0,"position_status":"fallback_unverified","classification":"zero_residential_proxy","residential_gap":false},"geometry":{"type":"Polygon","coordinates":[[[121.72071444402214,25.00026233235923],[121.7207276109892,25.002519248235675],[121.72320418281318,25.002507227760148],[121.72319097061126,25.00025031311493],[121.72071444402214,25.00026233235923]]]}},{"type":"Feature","properties":{"cell_id":"65000:250:11064:1292","county_id":"65000","city":"NewTaipei","district":"平溪區","population_estimate":0.0,"population_known_estimate":0.0,"population_data_fraction":1.0,"population_method":"residential_support","population_period":"2024-12","population_density_per_km2":0.0,"bus_walk_mean_m":3269.779071734986,"bus_walk_p90_m":3269.779071734986,"bus_known_weight":1.0,"metro_walk_mean_m":17206.20923754033,"metro_known_weight":1.0,"position_status":"fallback_unverified","classification":"zero_residential_proxy","residential_gap":false},"geometry":{"type":"Polygon","coordinates":[[[121.72319097061126,25.00025031311493],[121.72320418281318,25.002507227760148],[121.72568075303836,25.002495166058164],[121.7256674956017,25.000238252648398],[121.72319097061126,25.00025031311493]]]}},{"type":"Feature","properties":{"cell_id":"65000:250:11064:1293","county_id":"65000","city":"NewTaipei","district":"平溪區","population_estimate":0.0,"population_known_estimate":0.0,"population_data_fraction":1.0,"population_method":"residential_support","population_period":"2024-12","population_density_per_km2":0.0,"bus_walk_mean_m":2963.2715364566247,"bus_walk_p90_m":2963.2715364566247,"bus_known_weight":1.0,"metro_walk_mean_m":17457.31006342646,"metro_known_weight":1.0,"position_status":"fallback_unverified","classification":"zero_residential_proxy","residential_gap":false},"geometry":{"type":"Polygon","coordinates":[[[121.7256674956017,25.000238252648398],[121.72568075303836,25.002495166058164],[121.7281573216593,25.002483063129848],[121.72814401898799,25.000226150959747],[121.7256674956017,25.000238252648398]]]}},{"type":"Feature","properties":{"cell_id":"65000:250:11064:1294","county_id":"65000","city":"NewTaipei","district":"平溪區","population_estimate":0.0,"population_known_estimate":0.0,"population_data_fraction":1.0,"population_method":"residential_support","population_period":"2024-12","population_density_per_km2":0.0,"bus_walk_mean_m":2717.6555678639097,"bus_walk_p90_m":2717.6555678639097,"bus_known_weight":1.0,"metro_walk_mean_m":17819.04239093397,"metro_known_weight":1.0,"position_status":"fallback_unverified","classification":"zero_residential_proxy","residential_gap":false},"geometry":{"type":"Polygon","coordinates":[[[121.72814401898799,25.000226150959747],[121.7281573216593,25.002483063129848],[121.73063388867045,25.002470918975284],[121.73062054076468,25.00021400804908],[121.72814401898799,25.000226150959747]]]}},{"type":"Feature","properties":{"cell_id":"65000:250:11064:1295","county_id":"65000","city":"NewTaipei","district":"平溪區","population_estimate":4.941167581466104,"population_known_estimate":4.941167581466104,"population_data_fraction":1.0,"population_method":"residential_support","population_period":"2024-12","population_density_per_km2":79.05868130345766,"bus_walk_mean_m":2380.685156697545,"bus_walk_p90_m":2380.685156697545,"bus_known_weight":1.0,"metro_walk_mean_m":18054.48355672749,"metro_known_weight":1.0,"position_status":"residential_area_proxy","classification":"residential_coverage_candidate","residential_gap":true},"geometry":{"type":"Polygon","coordinates":[[[121.73062054076468,25.00021400804908],[121.73063388867045,25.002470918975284],[121.7331104540664,25.002458733594583],[121.73309706092627,25.000201823916505],[121.73062054076468,25.00021400804908]]]}},{"type":"Feature","properties":{"cell_id":"65000:250:11064:1296","county_id":"65000","city":"NewTaipei","district":"平溪區","population_estimate":0.0,"population_known_estimate":0.0,"population_data_fraction":1.0,"population_method":"residential_support","population_period":"2024-12","population_density_per_km2":0.0,"bus_walk_mean_m":2201.3617103670417,"bus_walk_p90_m":2201.3617103670417,"bus_known_weight":1.0,"metro_walk_mean_m":18404.819673077007,"metro_known_weight":1.0,"position_status":"fallback_unverified","classification":"zero_residential_proxy","residential_gap":false},"geometry":{"type":"Polygon","coordinates":[[[121.73309706092627,25.000201823916505],[121.7331104540664,25.002458733594583],[121.73558701784165,25.002446506987862],[121.73557357946729,25.000189598562123],[121.73309706092627,25.000201823916505]]]}},{"type":"Feature","properties":{"cell_id":"65000:250:11064:1297","county_id":"65000","city":"NewTaipei","district":"平溪區","population_estimate":0.0,"population_known_estimate":0.0,"population_data_fraction":1.0,"population_method":"residential_support","population_period":"2024-12","population_density_per_km2":0.0,"bus_walk_mean_m":null,"bus_walk_p90_m":null,"bus_known_weight":0.0,"metro_walk_mean_m":null,"metro_known_weight":0.0,"position_status":"fallback_unverified","classification":"zero_residential_proxy","residential_gap":false},"geometry":{"type":"Polygon","coordinates":[[[121.73557357946729,25.000189598562123],[121.73558701784165,25.002446506987862],[121.73806357999077,25.002434239155217],[121.7380500963823,25.00017733198604],[121.73557357946729,25.000189598562123]]]}},{"type":"Feature","properties":{"cell_id":"65000:250:11064:1298","county_id":"65000","city":"NewTaipei","district":"平溪區","population_estimate":0.0,"population_known_estimate":0.0,"population_data_fraction":1.0,"population_method":"residential_support","population_period":"2024-12","population_density_per_km2":0.0,"bus_walk_mean_m":null,"bus_walk_p90_m":null,"bus_known_weight":0.0,"metro_walk_mean_m":null,"metro_known_weight":0.0,"position_status":"fallback_unverified","classification":"zero_residential_proxy","residential_gap":false},"geometry":{"type":"Polygon","coordinates":[[[121.7380500963823,25.00017733198604],[121.73806357999077,25.002434239155217],[121.74054014050822,25.002421930096755],[121.74052661166576,25.000165024188366],[121.7380500963823,25.00017733198604]]]}},{"type":"Feature","properties":{"cell_id":"65000:250:11064:1299","county_id":"65000","city":"NewTaipei","district":"平溪區","population_estimate":0.0,"population_known_estimate":0.0,"population_data_fraction":0.9999999999999999,"population_method":"residential_support","population_period":"2024-12","population_density_per_km2":0.0,"bus_walk_mean_m":1273.246308742433,"bus_walk_p90_m":1273.246308742433,"bus_known_weight":1.0,"metro_walk_mean_m":21060.236839232097,"metro_known_weight":1.0,"position_status":"fallback_unverified","classification":"zero_residential_proxy","residential_gap":false},"geometry":{"type":"Polygon","coordinates":[[[121.74052661166576,25.000165024188366],[121.74054014050822,25.002421930096755],[121.74301669938856,25.002409579812593],[121.74300312531228,25.00015267516921],[121.74052661166576,25.000165024188366]]]}},{"type":"Feature","properties":{"cell_id":"65000:250:11064:1300","county_id":"65000","city":"NewTaipei","district":"平溪區","population_estimate":0.0,"population_known_estimate":0.0,"population_data_fraction":0.9999999999999999,"population_method":"residential_support","population_period":"2024-12","population_density_per_km2":0.0,"bus_walk_mean_m":null,"bus_walk_p90_m":null,"bus_known_weight":0.0,"metro_walk_mean_m":null,"metro_known_weight":0.0,"position_status":"fallback_unverified","classification":"zero_residential_proxy","residential_gap":false},"geometry":{"type":"Polygon","coordinates":[[[121.74300312531228,25.00015267516921],[121.74301669938856,25.002409579812593],[121.74549325662632,25.002397188302822],[121.74547963731631,25.000140284928666],[121.74300312531228,25.00015267516921]]]}},{"type":"Feature","properties":{"cell_id":"65000:250:11064:1301","county_id":"65000","city":"NewTaipei","district":"平溪區","population_estimate":0.0,"population_known_estimate":0.0,"population_data_fraction":1.0,"population_method":"residential_support","population_period":"2024-12","population_density_per_km2":0.0,"bus_walk_mean_m":679.7027826814395,"bus_walk_p90_m":679.7027826814395,"bus_known_weight":1.0,"metro_walk_mean_m":20902.877515259894,"metro_known_weight":1.0,"position_status":"fallback_unverified","classification":"zero_residential_proxy","residential_gap":false},"geometry":{"type":"Polygon","coordinates":[[[121.74547963731631,25.000140284928666],[121.74549325662632,25.002397188302822],[121.74796981221603,25.002384755567554],[121.74795614767245,25.000127853466854],[121.74547963731631,25.000140284928666]]]}},{"type":"Feature","properties":{"cell_id":"65000:250:11064:1302","county_id":"65000","city":"NewTaipei","district":"平溪區","population_estimate":0.0,"population_known_estimate":0.0,"population_data_fraction":0.9999999999999999,"population_method":"residential_support","population_period":"2024-12","population_density_per_km2":0.0,"bus_walk_mean_m":null,"bus_walk_p90_m":null,"bus_known_weight":0.0,"metro_walk_mean_m":null,"metro_known_weight":0.0,"position_status":"fallback_unverified","classification":"zero_residential_proxy","residential_gap":false},"geometry":{"type":"Polygon","coordinates":[[[121.74795614767245,25.000127853466854],[121.74796981221603,25.002384755567554],[121.75044636615219,25.002372281606903],[121.75043265637518,25.000115380783885],[121.74795614767245,25.000127853466854]]]}},{"type":"Feature","properties":{"cell_id":"65000:250:11064:1303","county_id":"65000","city":"NewTaipei","district":"平溪區","population_estimate":0.0,"population_known_estimate":0.0,"population_data_fraction":1.0,"population_method":"residential_support","population_period":"2024-12","population_density_per_km2":0.0,"bus_walk_mean_m":null,"bus_walk_p90_m":null,"bus_known_weight":0.0,"metro_walk_mean_m":null,"metro_known_weight":0.0,"position_status":"fallback_unverified","classification":"zero_residential_proxy","residential_gap":false},"geometry":{"type":"Polygon","coordinates":[[[121.75043265637518,25.000115380783885],[121.75044636615219,25.002372281606903],[121.75292291842938,25.002359766420973],[121.75290916341902,25.00010286687985],[121.75043265637518,25.000115380783885]]]}},{"type":"Feature","properties":{"cell_id":"65000:250:11064:1304","county_id":"65000","city":"NewTaipei","district":"平溪區","population_estimate":0.0,"population_known_estimate":0.0,"population_data_fraction":1.0,"population_method":"residential_support","population_period":"2024-12","population_density_per_km2":0.0,"bus_walk_mean_m":null,"bus_walk_p90_m":null,"bus_known_weight":0.0,"metro_walk_mean_m":null,"metro_known_weight":0.0,"position_status":"fallback_unverified","classification":"zero_residential_proxy","residential_gap":false},"geometry":{"type":"Polygon","coordinates":[[[121.75290916341902,25.00010286687985],[121.75292291842938,25.002359766420973],[121.75539946904206,25.002347210009876],[121.75538566879854,25.000090311754867],[121.75290916341902,25.00010286687985]]]}},{"type":"Feature","properties":{"cell_id":"65000:250:11064:1305","county_id":"65000","city":"NewTaipei","district":"平溪區","population_estimate":0.0,"population_known_estimate":0.0,"population_data_fraction":1.0,"population_method":"residential_support","population_period":"2024-12","population_density_per_km2":0.0,"bus_walk_mean_m":2437.839026354433,"bus_walk_p90_m":2437.839026354433,"bus_known_weight":1.0,"metro_walk_mean_m":22025.18020508608,"metro_known_weight":1.0,"position_status":"fallback_unverified","classification":"zero_residential_proxy","residential_gap":false},"geometry":{"type":"Polygon","coordinates":[[[121.75538566879854,25.000090311754867],[121.75539946904206,25.002347210009876],[121.7578760179848,25.002334612373716],[121.75786217250825,25.000077715409045],[121.75538566879854,25.000090311754867]]]}},{"type":"Feature","properties":{"cell_id":"65000:250:11064:1306","county_id":"65000","city":"NewTaipei","district":"平溪區","population_estimate":0.0,"population_known_estimate":0.0,"population_data_fraction":1.0,"population_method":"residential_support","population_period":"2024-12","population_density_per_km2":0.0,"bus_walk_mean_m":2649.0824513842012,"bus_walk_p90_m":2649.0824513842012,"bus_known_weight":1.0,"metro_walk_mean_m":22435.241073736284,"metro_known_weight":1.0,"position_status":"fallback_unverified","classification":"zero_residential_proxy","residential_gap":false},"geometry":{"type":"Polygon","coordinates":[[[121.75786217250825,25.000077715409045],[121.7578760179848,25.002334612373716],[121.76035256525212,25.002321973512597],[121.76033867454264,25.0000650778425],[121.75786217250825,25.000077715409045]]]}},{"type":"Feature","properties":{"cell_id":"65000:250:11064:1307","county_id":"65000","city":"NewTaipei","district":"平溪區","population_estimate":0.0025155846754663,"population_known_estimate":0.0025155846754663,"population_data_fraction":0.9999999999999999,"population_method":"uniform_proxy","population_period":"2024-12","population_density_per_km2":0.0402493548074608,"bus_walk_mean_m":null,"bus_walk_p90_m":null,"bus_known_weight":0.0,"metro_walk_mean_m":null,"metro_known_weight":0.0,"position_status":"fallback_unverified","classification":"unresolved_walk_evidence","residential_gap":false},"geometry":{"type":"Polygon","coordinates":[[[121.76033867454264,25.0000650778425],[121.76035256525212,25.002321973512597],[121.76282911083854,25.00230929342665],[121.7628151748963,25.00005239905534],[121.76033867454264,25.0000650778425]]]}},{"type":"Feature","properties":{"cell_id":"65000:250:11064:1308","county_id":"65000","city":"NewTaipei","district":"平溪區","population_estimate":0.5087046942846674,"population_known_estimate":0.5087046942846674,"population_data_fraction":1.0,"population_method":"uniform_proxy","population_period":"2024-12","population_density_per_km2":8.139275108554678,"bus_walk_mean_m":null,"bus_walk_p90_m":null,"bus_known_weight":0.0,"metro_walk_mean_m":null,"metro_known_weight":0.0,"position_status":"fallback_unverified","classification":"unresolved_walk_evidence","residential_gap":false},"geometry":{"type":"Polygon","coordinates":[[[121.7628151748963,25.00005239905534],[121.76282911083854,25.00230929342665],[121.7653056547386,25.002296572115956],[121.76529167356371,25.000039679047653],[121.7628151748963,25.00005239905534]]]}},{"type":"Feature","properties":{"cell_id":"65000:250:11064:1309","county_id":"65000","city":"NewTaipei","district":"平溪區","population_estimate":0.517707623373283,"population_known_estimate":0.517707623373283,"population_data_fraction":1.0,"population_method":"uniform_proxy","population_period":"2024-12","population_density_per_km2":8.283321973972528,"bus_walk_mean_m":null,"bus_walk_p90_m":null,"bus_known_weight":0.0,"metro_walk_mean_m":null,"metro_known_weight":0.0,"position_status":"fallback_unverified","classification":"unresolved_walk_evidence","residential_gap":false},"geometry":{"type":"Polygon","coordinates":[[[121.76529167356371,25.000039679047653],[121.7653056547386,25.002296572115956],[121.76778219694681,25.002283809580643],[121.76776817053943,25.00002691781958],[121.76529167356371,25.000039679047653]]]}},{"type":"Feature","properties":{"cell_id":"65000:250:11064:1310","county_id":"65000","city":"NewTaipei","district":"平溪區","population_estimate":0.5073842174445299,"population_known_estimate":0.5073842174445299,"population_data_fraction":1.0,"population_method":"uniform_proxy","population_period":"2024-12","population_density_per_km2":8.118147479112478,"bus_walk_mean_m":null,"bus_walk_p90_m":null,"bus_known_weight":0.0,"metro_walk_mean_m":null,"metro_known_weight":0.0,"position_status":"fallback_unverified","classification":"unresolved_walk_evidence","residential_gap":false},"geometry":{"type":"Polygon","coordinates":[[[121.76776817053943,25.00002691781958],[121.76778219694681,25.002283809580643],[121.77025873745772,25.002271005820827],[121.77024466581796,25.00001411537121],[121.76776817053943,25.00002691781958]]]}},{"type":"Feature","properties":{"cell_id":"65000:250:11064:1311","county_id":"65000","city":"NewTaipei","district":"平溪區","population_estimate":0.33360179794421574,"population_known_estimate":0.33360179794421574,"population_data_fraction":1.0,"population_method":"uniform_proxy","population_period":"2024-12","population_density_per_km2":5.337628767107452,"bus_walk_mean_m":732.3317240405066,"bus_walk_p90_m":732.3317240405066,"bus_known_weight":1.0,"metro_walk_mean_m":23545.134749139608,"metro_known_weight":1.0,"position_status":"fallback_unverified","classification":"residential_coverage_candidate","residential_gap":true},"geometry":{"type":"Polygon","coordinates":[[[121.77024466581796,25.00001411537121],[121.77025873745772,25.002271005820827],[121.7727352762658,25.002258160836604],[121.77272115939384,25.000001271702665],[121.77024466581796,25.00001411537121]]]}},{"type":"Feature","properties":{"cell_id":"65000:250:11065:1292","county_id":"65000","city":"NewTaipei","district":"平溪區","population_estimate":0.0,"population_known_estimate":0.0,"population_data_fraction":1.0,"population_method":"residential_support","population_period":"2024-12","population_density_per_km2":0.0,"bus_walk_mean_m":null,"bus_walk_p90_m":null,"bus_known_weight":0.0,"metro_walk_mean_m":null,"metro_known_weight":0.0,"position_status":"fallback_unverified","classification":"zero_residential_proxy","residential_gap":false},"geometry":{"type":"Polygon","coordinates":[[[121.72320418281318,25.002507227760148],[121.7232173966139,25.004764141714112],[121.7256940120793,25.004752078776637],[121.72568075303836,25.002495166058164],[121.72320418281318,25.002507227760148]]]}},{"type":"Feature","properties":{"cell_id":"65000:250:11065:1293","county_id":"65000","city":"NewTaipei","district":"平溪區","population_estimate":0.0,"population_known_estimate":0.0,"population_data_fraction":1.0,"population_method":"residential_support","population_period":"2024-12","population_density_per_km2":0.0,"bus_walk_mean_m":null,"bus_walk_p90_m":null,"bus_known_weight":0.0,"metro_walk_mean_m":null,"metro_known_weight":0.0,"position_status":"fallback_unverified","classification":"zero_residential_proxy","residential_gap":false},"geometry":{"type":"Polygon","coordinates":[[[121.72568075303836,25.002495166058164],[121.7256940120793,25.004752078776637],[121.72817062594031,25.00473997460859],[121.7281573216593,25.002483063129848],[121.72568075303836,25.002495166058164]]]}},{"type":"Feature","properties":{"cell_id":"65000:250:11065:1294","county_id":"65000","city":"NewTaipei","district":"平溪區","population_estimate":0.0,"population_known_estimate":0.0,"population_data_fraction":1.0,"population_method":"residential_support","population_period":"2024-12","population_density_per_km2":0.0,"bus_walk_mean_m":null,"bus_walk_p90_m":null,"bus_known_weight":0.0,"metro_walk_mean_m":null,"metro_known_weight":0.0,"position_status":"fallback_unverified","classification":"zero_residential_proxy","residential_gap":false},"geometry":{"type":"Polygon","coordinates":[[[121.7281573216593,25.002483063129848],[121.72817062594031,25.00473997460859],[121.73064723819147,25.004727829210093],[121.73063388867045,25.002470918975284],[121.7281573216593,25.002483063129848]]]}},{"type":"Feature","properties":{"cell_id":"65000:250:11065:1295","county_id":"65000","city":"NewTaipei","district":"平溪區","population_estimate":0.0,"population_known_estimate":0.0,"population_data_fraction":1.0,"population_method":"residential_support","population_period":"2024-12","population_density_per_km2":0.0,"bus_walk_mean_m":2583.903071030397,"bus_walk_p90_m":2583.903071030397,"bus_known_weight":1.0,"metro_walk_mean_m":18428.689933463567,"metro_known_weight":1.0,"position_status":"fallback_unverified","classification":"zero_residential_proxy","residential_gap":false},"geometry":{"type":"Polygon","coordinates":[[[121.73063388867045,25.002470918975284],[121.73064723819147,25.004727829210093],[121.73312384882725,25.00471564258123],[121.7331104540664,25.002458733594583],[121.73063388867045,25.002470918975284]]]}},{"type":"Feature","properties":{"cell_id":"65000:250:11065:1296","county_id":"65000","city":"NewTaipei","district":"平溪區","population_estimate":0.0,"population_known_estimate":0.0,"population_data_fraction":1.0,"population_method":"residential_support","population_period":"2024-12","population_density_per_km2":0.0,"bus_walk_mean_m":2036.5599898193648,"bus_walk_p90_m":2036.5599898193648,"bus_known_weight":1.0,"metro_walk_mean_m":18414.940701448682,"metro_known_weight":1.0,"position_status":"fallback_unverified","classification":"zero_residential_proxy","residential_gap":false},"geometry":{"type":"Polygon","coordinates":[[[121.7331104540664,25.002458733594583],[121.73312384882725,25.00471564258123],[121.73560045784221,25.004703414722126],[121.73558701784165,25.002446506987862],[121.7331104540664,25.002458733594583]]]}},{"type":"Feature","properties":{"cell_id":"65000:250:11065:1297","county_id":"65000","city":"NewTaipei","district":"平溪區","population_estimate":0.0,"population_known_estimate":0.0,"population_data_fraction":1.0,"population_method":"residential_support","population_period":"2024-12","population_density_per_km2":0.0,"bus_walk_mean_m":1677.4013338813525,"bus_walk_p90_m":1677.4013338813525,"bus_known_weight":1.0,"metro_walk_mean_m":18707.667527458267,"metro_known_weight":1.0,"position_status":"fallback_unverified","classification":"zero_residential_proxy","residential_gap":false},"geometry":{"type":"Polygon","coordinates":[[[121.73558701784165,25.002446506987862],[121.73560045784221,25.004703414722126],[121.73807706523087,25.004691145632872],[121.73806357999077,25.002434239155217],[121.73558701784165,25.002446506987862]]]}},{"type":"Feature","properties":{"cell_id":"65000:250:11065:1298","county_id":"65000","city":"NewTaipei","district":"平溪區","population_estimate":0.0,"population_known_estimate":0.0,"population_data_fraction":1.0,"population_method":"residential_support","population_period":"2024-12","population_density_per_km2":0.0,"bus_walk_mean_m":null,"bus_walk_p90_m":null,"bus_known_weight":0.0,"metro_walk_mean_m":null,"metro_known_weight":0.0,"position_status":"fallback_unverified","classification":"zero_residential_proxy","residential_gap":false},"geometry":{"type":"Polygon","coordinates":[[[121.73806357999077,25.002434239155217],[121.73807706523087,25.004691145632872],[121.7405536709878,25.00467883531358],[121.74054014050822,25.002421930096755],[121.73806357999077,25.002434239155217]]]}},{"type":"Feature","properties":{"cell_id":"65000:250:11065:1299","county_id":"65000","city":"NewTaipei","district":"平溪區","population_estimate":0.0,"population_known_estimate":0.0,"population_data_fraction":1.0,"population_method":"residential_support","population_period":"2024-12","population_density_per_km2":0.0,"bus_walk_mean_m":null,"bus_walk_p90_m":null,"bus_known_weight":0.0,"metro_walk_mean_m":null,"metro_known_weight":0.0,"position_status":"fallback_unverified","classification":"zero_residential_proxy","residential_gap":false},"geometry":{"type":"Polygon","coordinates":[[[121.74054014050822,25.002421930096755],[121.7405536709878,25.00467883531358],[121.74303027510743,25.00466648376436],[121.74301669938856,25.002409579812593],[121.74054014050822,25.002421930096755]]]}},{"type":"Feature","properties":{"cell_id":"65000:250:11065:1300","county_id":"65000","city":"NewTaipei","district":"平溪區","population_estimate":0.0,"population_known_estimate":0.0,"population_data_fraction":1.0,"population_method":"residential_support","population_period":"2024-12","population_density_per_km2":0.0,"bus_walk_mean_m":972.3746514780025,"bus_walk_p90_m":972.3746514780025,"bus_known_weight":1.0,"metro_walk_mean_m":20759.365181967663,"metro_known_weight":1.0,"position_status":"fallback_unverified","classification":"zero_residential_proxy","residential_gap":false},"geometry":{"type":"Polygon","coordinates":[[[121.74301669938856,25.002409579812593],[121.74303027510743,25.00466648376436],[121.74550687758438,25.004654090985312],[121.74549325662632,25.002397188302822],[121.74301669938856,25.002409579812593]]]}},{"type":"Feature","properties":{"cell_id":"65000:250:11065:1301","county_id":"65000","city":"NewTaipei","district":"平溪區","population_estimate":6.008260316844693,"population_known_estimate":6.008260316844693,"population_data_fraction":1.0,"population_method":"residential_support","population_period":"2024-12","population_density_per_km2":96.13216506951508,"bus_walk_mean_m":462.8790884312341,"bus_walk_p90_m":462.8790884312341,"bus_known_weight":1.0,"metro_walk_mean_m":20249.869618920897,"metro_known_weight":1.0,"position_status":"residential_area_proxy","classification":"within_walk_threshold","residential_gap":false},"geometry":{"type":"Polygon","coordinates":[[[121.74549325662632,25.002397188302822],[121.74550687758438,25.004654090985312],[121.74798347841313,25.00464165697655],[121.74796981221603,25.002384755567554],[121.74549325662632,25.002397188302822]]]}},{"type":"Feature","properties":{"cell_id":"65000:250:11065:1302","county_id":"65000","city":"NewTaipei","district":"平溪區","population_estimate":0.0,"population_known_estimate":0.0,"population_data_fraction":1.0,"population_method":"residential_support","population_period":"2024-12","population_density_per_km2":0.0,"bus_walk_mean_m":305.52869559805066,"bus_walk_p90_m":305.52869559805066,"bus_known_weight":1.0,"metro_walk_mean_m":20528.703428176505,"metro_known_weight":1.0,"position_status":"fallback_unverified","classification":"zero_residential_proxy","residential_gap":false},"geometry":{"type":"Polygon","coordinates":[[[121.74796981221603,25.002384755567554],[121.74798347841313,25.00464165697655],[121.75046007758823,25.00462918173817],[121.75044636615219,25.002372281606903],[121.74796981221603,25.002384755567554]]]}},{"type":"Feature","properties":{"cell_id":"65000:250:11065:1303","county_id":"65000","city":"NewTaipei","district":"平溪區","population_estimate":0.0,"population_known_estimate":0.0,"population_data_fraction":1.0,"population_method":"residential_support","population_period":"2024-12","population_density_per_km2":0.0,"bus_walk_mean_m":null,"bus_walk_p90_m":null,"bus_known_weight":0.0,"metro_walk_mean_m":null,"metro_known_weight":0.0,"position_status":"fallback_unverified","classification":"zero_residential_proxy","residential_gap":false},"geometry":{"type":"Polygon","coordinates":[[[121.75044636615219,25.002372281606903],[121.75046007758823,25.00462918173817],[121.75293667510417,25.004616665270305],[121.75292291842938,25.002359766420973],[121.75044636615219,25.002372281606903]]]}},{"type":"Feature","properties":{"cell_id":"65000:250:11065:1304","county_id":"65000","city":"NewTaipei","district":"平溪區","population_estimate":0.0,"population_known_estimate":0.0,"population_data_fraction":1.0,"population_method":"residential_support","population_period":"2024-12","population_density_per_km2":0.0,"bus_walk_mean_m":2088.5643894724467,"bus_walk_p90_m":2088.5643894724467,"bus_known_weight":1.0,"metro_walk_mean_m":21429.35890322822,"metro_known_weight":1.0,"position_status":"fallback_unverified","classification":"zero_residential_proxy","residential_gap":false},"geometry":{"type":"Polygon","coordinates":[[[121.75292291842938,25.002359766420973],[121.75293667510417,25.004616665270305],[121.75541327095551,25.004604107573037],[121.75539946904206,25.002347210009876],[121.75292291842938,25.002359766420973]]]}},{"type":"Feature","properties":{"cell_id":"65000:250:11065:1305","county_id":"65000","city":"NewTaipei","district":"平溪區","population_estimate":0.0,"population_known_estimate":0.0,"population_data_fraction":1.0,"population_method":"residential_support","population_period":"2024-12","population_density_per_km2":0.0,"bus_walk_mean_m":null,"bus_walk_p90_m":null,"bus_known_weight":0.0,"metro_walk_mean_m":null,"metro_known_weight":0.0,"position_status":"fallback_unverified","classification":"zero_residential_proxy","residential_gap":false},"geometry":{"type":"Polygon","coordinates":[[[121.75539946904206,25.002347210009876],[121.75541327095551,25.004604107573037],[121.75788986513679,25.004591508646488],[121.7578760179848,25.002334612373716],[121.75539946904206,25.002347210009876]]]}},{"type":"Feature","properties":{"cell_id":"65000:250:11065:1306","county_id":"65000","city":"NewTaipei","district":"平溪區","population_estimate":0.0,"population_known_estimate":0.0,"population_data_fraction":1.0,"population_method":"residential_support","population_period":"2024-12","population_density_per_km2":0.0,"bus_walk_mean_m":null,"bus_walk_p90_m":null,"bus_known_weight":0.0,"metro_walk_mean_m":null,"metro_known_weight":0.0,"position_status":"fallback_unverified","classification":"zero_residential_proxy","residential_gap":false},"geometry":{"type":"Polygon","coordinates":[[[121.7578760179848,25.002334612373716],[121.75788986513679,25.004591508646488],[121.76036645764249,25.004578868490768],[121.76035256525212,25.002321973512597],[121.7578760179848,25.002334612373716]]]}},{"type":"Feature","properties":{"cell_id":"65000:250:11065:1307","county_id":"65000","city":"NewTaipei","district":"平溪區","population_estimate":0.0,"population_known_estimate":0.0,"population_data_fraction":1.0,"population_method":"residential_support","population_period":"2024-12","population_density_per_km2":0.0,"bus_walk_mean_m":null,"bus_walk_p90_m":null,"bus_known_weight":0.0,"metro_walk_mean_m":null,"metro_known_weight":0.0,"position_status":"fallback_unverified","classification":"zero_residential_proxy","residential_gap":false},"geometry":{"type":"Polygon","coordinates":[[[121.76035256525212,25.002321973512597],[121.76036645764249,25.004578868490768],[121.76284304846715,25.004566187105976],[121.76282911083854,25.00230929342665],[121.76035256525212,25.002321973512597]]]}},{"type":"Feature","properties":{"cell_id":"65000:250:11065:1308","county_id":"65000","city":"NewTaipei","district":"平溪區","population_estimate":0.4392882504269794,"population_known_estimate":0.4392882504269794,"population_data_fraction":1.0,"population_method":"uniform_proxy","population_period":"2024-12","population_density_per_km2":7.02861200683167,"bus_walk_mean_m":3036.5634412638838,"bus_walk_p90_m":3036.5634412638838,"bus_known_weight":1.0,"metro_walk_mean_m":21967.46476529339,"metro_known_weight":1.0,"position_status":"fallback_unverified","classification":"residential_coverage_candidate","residential_gap":true},"geometry":{"type":"Polygon","coordinates":[[[121.76282911083854,25.00230929342665],[121.76284304846715,25.004566187105976],[121.76531963760533,25.004553464492233],[121.7653056547386,25.002296572115956],[121.76282911083854,25.00230929342665]]]}},{"type":"Feature","properties":{"cell_id":"65000:250:11065:1309","county_id":"65000","city":"NewTaipei","district":"平溪區","population_estimate":0.517707623373283,"population_known_estimate":0.517707623373283,"population_data_fraction":1.0,"population_method":"uniform_proxy","population_period":"2024-12","population_density_per_km2":8.283321973972528,"bus_walk_mean_m":null,"bus_walk_p90_m":null,"bus_known_weight":0.0,"metro_walk_mean_m":null,"metro_known_weight":0.0,"position_status":"fallback_unverified","classification":"unresolved_walk_evidence","residential_gap":false},"geometry":{"type":"Polygon","coordinates":[[[121.7653056547386,25.002296572115956],[121.76531963760533,25.004553464492233],[121.76779622505151,25.004540700649645],[121.76778219694681,25.002283809580643],[121.7653056547386,25.002296572115956]]]}},{"type":"Feature","properties":{"cell_id":"65000:250:11065:1310","county_id":"65000","city":"NewTaipei","district":"平溪區","population_estimate":0.517707623373283,"population_known_estimate":0.517707623373283,"population_data_fraction":1.0,"population_method":"uniform_proxy","population_period":"2024-12","population_density_per_km2":8.283321973972528,"bus_walk_mean_m":1168.5572942580034,"bus_walk_p90_m":1168.5572942580034,"bus_known_weight":1.0,"metro_walk_mean_m":23769.647870029366,"metro_known_weight":1.0,"position_status":"fallback_unverified","classification":"residential_coverage_candidate","residential_gap":true},"geometry":{"type":"Polygon","coordinates":[[[121.76778219694681,25.002283809580643],[121.76779622505151,25.004540700649645],[121.77027281080026,25.00452789557832],[121.77025873745772,25.002271005820827],[121.76778219694681,25.002283809580643]]]}},{"type":"Feature","properties":{"cell_id":"65000:250:11065:1311","county_id":"65000","city":"NewTaipei","district":"平溪區","population_estimate":0.517707623373283,"population_known_estimate":0.517707623373283,"population_data_fraction":1.0,"population_method":"uniform_proxy","population_period":"2024-12","population_density_per_km2":8.283321973972528,"bus_walk_mean_m":979.661580460339,"bus_walk_p90_m":979.661580460339,"bus_known_weight":1.0,"metro_walk_mean_m":23580.752156231705,"metro_known_weight":1.0,"position_status":"fallback_unverified","classification":"residential_coverage_candidate","residential_gap":true},"geometry":{"type":"Polygon","coordinates":[[[121.77025873745772,25.002271005820827],[121.77027281080026,25.00452789557832],[121.77274939484609,25.00451504927837],[121.7727352762658,25.002258160836604],[121.77025873745772,25.002271005820827]]]}},{"type":"Feature","properties":{"cell_id":"65000:250:11065:1312","county_id":"65000","city":"NewTaipei","district":"平溪區","population_estimate":0.46769630263297474,"population_known_estimate":0.46769630263297474,"population_data_fraction":1.0,"population_method":"uniform_proxy","population_period":"2024-12","population_density_per_km2":7.483140842127596,"bus_walk_mean_m":986.2599593418045,"bus_walk_p90_m":986.2599593418045,"bus_known_weight":1.0,"metro_walk_mean_m":23297.786093108414,"metro_known_weight":1.0,"position_status":"fallback_unverified","classification":"residential_coverage_candidate","residential_gap":true},"geometry":{"type":"Polygon","coordinates":[[[121.7727352762658,25.002258160836604],[121.77274939484609,25.00451504927837],[121.7752259771835,25.00450216174992],[121.77521181336567,25.002245274628088],[121.7727352762658,25.002258160836604]]]}},{"type":"Feature","properties":{"cell_id":"65000:250:11066:1292","county_id":"65000","city":"NewTaipei","district":"平溪區","population_estimate":0.0,"population_known_estimate":0.0,"population_data_fraction":1.0,"population_method":"residential_support","population_period":"2024-12","population_density_per_km2":0.0,"bus_walk_mean_m":2989.140493486948,"bus_walk_p90_m":2989.140493486948,"bus_known_weight":1.0,"metro_walk_mean_m":17134.649398815127,"metro_known_weight":1.0,"position_status":"fallback_unverified","classification":"zero_residential_proxy","residential_gap":false},"geometry":{"type":"Polygon","coordinates":[[[121.7232173966139,25.004764141714112],[121.72323061201354,25.007021054976764],[121.72570727272466,25.007008990803747],[121.7256940120793,25.004752078776637],[121.7232173966139,25.004764141714112]]]}},{"type":"Feature","properties":{"cell_id":"65000:250:11066:1293","county_id":"65000","city":"NewTaipei","district":"平溪區","population_estimate":0.0,"population_known_estimate":0.0,"population_data_fraction":1.0,"population_method":"residential_support","population_period":"2024-12","population_density_per_km2":0.0,"bus_walk_mean_m":3099.7739985163917,"bus_walk_p90_m":3099.7739985163917,"bus_known_weight":1.0,"metro_walk_mean_m":17369.70003115216,"metro_known_weight":1.0,"position_status":"fallback_unverified","classification":"zero_residential_proxy","residential_gap":false},"geometry":{"type":"Polygon","coordinates":[[[121.7256940120793,25.004752078776637],[121.72570727272466,25.007008990803747],[121.72818393183123,25.006996885395942],[121.72817062594031,25.00473997460859],[121.7256940120793,25.004752078776637]]]}},{"type":"Feature","properties":{"cell_id":"65000:250:11066:1294","county_id":"65000","city":"NewTaipei","district":"平溪區","population_estimate":0.0,"population_known_estimate":0.0,"population_data_fraction":1.0,"population_method":"residential_support","population_period":"2024-12","population_density_per_km2":0.0,"bus_walk_mean_m":null,"bus_walk_p90_m":null,"bus_known_weight":0.0,"metro_walk_mean_m":null,"metro_known_weight":0.0,"position_status":"fallback_unverified","classification":"zero_residential_proxy","residential_gap":false},"geometry":{"type":"Polygon","coordinates":[[[121.72817062594031,25.00473997460859],[121.72818393183123,25.006996885395942],[121.7306605893278,25.00698473875346],[121.73064723819147,25.004727829210093],[121.72817062594031,25.00473997460859]]]}},{"type":"Feature","properties":{"cell_id":"65000:250:11066:1295","county_id":"65000","city":"NewTaipei","district":"平溪區","population_estimate":0.0,"population_known_estimate":0.0,"population_data_fraction":1.0,"population_method":"residential_support","population_period":"2024-12","population_density_per_km2":0.0,"bus_walk_mean_m":2429.329624554926,"bus_walk_p90_m":2429.329624554926,"bus_known_weight":1.0,"metro_walk_mean_m":17955.927667110675,"metro_known_weight":1.0,"position_status":"fallback_unverified","classification":"zero_residential_proxy","residential_gap":false},"geometry":{"type":"Polygon","coordinates":[[[121.73064723819147,25.004727829210093],[121.7306605893278,25.00698473875346],[121.73313724520891,25.006972550876387],[121.73312384882725,25.00471564258123],[121.73064723819147,25.004727829210093]]]}},{"type":"Feature","properties":{"cell_id":"65000:250:11066:1296","county_id":"65000","city":"NewTaipei","district":"平溪區","population_estimate":0.0,"population_known_estimate":0.0,"population_data_fraction":1.0,"population_method":"residential_support","population_period":"2024-12","population_density_per_km2":0.0,"bus_walk_mean_m":2273.635527888659,"bus_walk_p90_m":2273.635527888659,"bus_known_weight":1.0,"metro_walk_mean_m":18402.658049115304,"metro_known_weight":1.0,"position_status":"fallback_unverified","classification":"zero_residential_proxy","residential_gap":false},"geometry":{"type":"Polygon","coordinates":[[[121.73312384882725,25.00471564258123],[121.73313724520891,25.006972550876387],[121.73561389946904,25.006960321764854],[121.73560045784221,25.004703414722126],[121.73312384882725,25.00471564258123]]]}},{"type":"Feature","properties":{"cell_id":"65000:250:11066:1297","county_id":"65000","city":"NewTaipei","district":"平溪區","population_estimate":0.0,"population_known_estimate":0.0,"population_data_fraction":1.0,"population_method":"residential_support","population_period":"2024-12","population_density_per_km2":0.0,"bus_walk_mean_m":null,"bus_walk_p90_m":null,"bus_known_weight":0.0,"metro_walk_mean_m":null,"metro_known_weight":0.0,"position_status":"fallback_unverified","classification":"zero_residential_proxy","residential_gap":false},"geometry":{"type":"Polygon","coordinates":[[[121.73560045784221,25.004703414722126],[121.73561389946904,25.006960321764854],[121.73809055210276,25.00694805141895],[121.73807706523087,25.004691145632872],[121.73560045784221,25.004703414722126]]]}},{"type":"Feature","properties":{"cell_id":"65000:250:11066:1298","county_id":"65000","city":"NewTaipei","district":"平溪區","population_estimate":10.17938204487577,"population_known_estimate":10.17938204487577,"population_data_fraction":1.0,"population_method":"residential_support","population_period":"2024-12","population_density_per_km2":162.8701127180123,"bus_walk_mean_m":1270.3791230827428,"bus_walk_p90_m":1271.7197646048328,"bus_known_weight":1.0,"metro_walk_mean_m":19208.980006506026,"metro_known_weight":1.0,"position_status":"residential_area_proxy","classification":"residential_coverage_candidate","residential_gap":true},"geometry":{"type":"Polygon","coordinates":[[[121.73807706523087,25.004691145632872],[121.73809055210276,25.00694805141895],[121.74056720310459,25.006935739838784],[121.7405536709878,25.00467883531358],[121.73807706523087,25.004691145632872]]]}},{"type":"Feature","properties":{"cell_id":"65000:250:11066:1299","county_id":"65000","city":"NewTaipei","district":"平溪區","population_estimate":47.88732237080369,"population_known_estimate":47.88732237080369,"population_data_fraction":1.0,"population_method":"residential_support","population_period":"2024-12","population_density_per_km2":766.197157932859,"bus_walk_mean_m":988.6151165794556,"bus_walk_p90_m":1033.9123265109401,"bus_known_weight":1.0,"metro_walk_mean_m":19384.11725900152,"metro_known_weight":1.0,"position_status":"residential_area_proxy","classification":"residential_coverage_candidate","residential_gap":true},"geometry":{"type":"Polygon","coordinates":[[[121.7405536709878,25.00467883531358],[121.74056720310459,25.006935739838784],[121.74304385246901,25.00692338702446],[121.74303027510743,25.00466648376436],[121.7405536709878,25.00467883531358]]]}},{"type":"Feature","properties":{"cell_id":"65000:250:11066:1300","county_id":"65000","city":"NewTaipei","district":"平溪區","population_estimate":9.680524673414006,"population_known_estimate":9.680524673414006,"population_data_fraction":1.0,"population_method":"residential_support","population_period":"2024-12","population_density_per_km2":154.8883947746241,"bus_walk_mean_m":693.4738582620487,"bus_walk_p90_m":707.4031792807614,"bus_known_weight":1.0,"metro_walk_mean_m":19654.992495639483,"metro_known_weight":1.0,"position_status":"residential_area_proxy","classification":"residential_coverage_candidate","residential_gap":true},"geometry":{"type":"Polygon","coordinates":[[[121.74303027510743,25.00466648376436],[121.74304385246901,25.00692338702446],[121.74552050019062,25.006910992976096],[121.74550687758438,25.004654090985312],[121.74303027510743,25.00466648376436]]]}},{"type":"Feature","properties":{"cell_id":"65000:250:11066:1301","county_id":"65000","city":"NewTaipei","district":"平溪區","population_estimate":25.401825023847746,"population_known_estimate":25.401825023847746,"population_data_fraction":1.0,"population_method":"residential_support","population_period":"2024-12","population_density_per_km2":406.42920038156393,"bus_walk_mean_m":450.08766782328416,"bus_walk_p90_m":450.08766782328416,"bus_known_weight":1.0,"metro_walk_mean_m":20237.078198312945,"metro_known_weight":1.0,"position_status":"residential_area_proxy","classification":"within_walk_threshold","residential_gap":false},"geometry":{"type":"Polygon","coordinates":[[[121.74550687758438,25.004654090985312],[121.74552050019062,25.006910992976096],[121.74799714626391,25.006898557693788],[121.74798347841313,25.00464165697655],[121.74550687758438,25.004654090985312]]]}},{"type":"Feature","properties":{"cell_id":"65000:250:11066:1302","county_id":"65000","city":"NewTaipei","district":"平溪區","population_estimate":76.24731132592207,"population_known_estimate":76.24731132592207,"population_data_fraction":1.0,"population_method":"residential_support","population_period":"2024-12","population_density_per_km2":1219.9569812147531,"bus_walk_mean_m":350.08000791311974,"bus_walk_p90_m":566.8558249219321,"bus_known_weight":1.0,"metro_walk_mean_m":20275.720891040954,"metro_known_weight":1.0,"position_status":"residential_area_proxy","classification":"barrier_detour_candidate","residential_gap":true},"geometry":{"type":"Polygon","coordinates":[[[121.74798347841313,25.00464165697655],[121.74799714626391,25.006898557693788],[121.7504737906834,25.006886081177647],[121.75046007758823,25.00462918173817],[121.74798347841313,25.00464165697655]]]}},{"type":"Feature","properties":{"cell_id":"65000:250:11066:1303","county_id":"65000","city":"NewTaipei","district":"平溪區","population_estimate":7.041875433413772,"population_known_estimate":7.041875433413772,"population_data_fraction":1.0,"population_method":"residential_support","population_period":"2024-12","population_density_per_km2":112.67000693462035,"bus_walk_mean_m":232.0326005346299,"bus_walk_p90_m":359.59369312547113,"bus_known_weight":1.0,"metro_walk_mean_m":20513.457841629373,"metro_known_weight":1.0,"position_status":"residential_area_proxy","classification":"within_walk_threshold","residential_gap":false},"geometry":{"type":"Polygon","coordinates":[[[121.75046007758823,25.00462918173817],[121.7504737906834,25.006886081177647],[121.7529504334436,25.006873563427785],[121.75293667510417,25.004616665270305],[121.75046007758823,25.00462918173817]]]}},{"type":"Feature","properties":{"cell_id":"65000:250:11066:1304","county_id":"65000","city":"NewTaipei","district":"平溪區","population_estimate":3.337768537509978,"population_known_estimate":3.337768537509978,"population_data_fraction":1.0,"population_method":"residential_support","population_period":"2024-12","population_density_per_km2":53.40429660015965,"bus_walk_mean_m":1633.8648655300278,"bus_walk_p90_m":1633.8648655300278,"bus_known_weight":1.0,"metro_walk_mean_m":20974.659379285804,"metro_known_weight":1.0,"position_status":"residential_area_proxy","classification":"barrier_detour_candidate","residential_gap":true},"geometry":{"type":"Polygon","coordinates":[[[121.75293667510417,25.004616665270305],[121.7529504334436,25.006873563427785],[121.75542707453907,25.00686100444431],[121.75541327095551,25.004604107573037],[121.75293667510417,25.004616665270305]]]}},{"type":"Feature","properties":{"cell_id":"65000:250:11066:1305","county_id":"65000","city":"NewTaipei","district":"平溪區","population_estimate":0.0,"population_known_estimate":0.0,"population_data_fraction":1.0,"population_method":"residential_support","population_period":"2024-12","population_density_per_km2":0.0,"bus_walk_mean_m":1754.4886745561744,"bus_walk_p90_m":1754.4886745561744,"bus_known_weight":1.0,"metro_walk_mean_m":21095.28318831195,"metro_known_weight":1.0,"position_status":"fallback_unverified","classification":"zero_residential_proxy","residential_gap":false},"geometry":{"type":"Polygon","coordinates":[[[121.75541327095551,25.004604107573037],[121.75542707453907,25.00686100444431],[121.75790371396431,25.006848404227323],[121.75788986513679,25.004591508646488],[121.75541327095551,25.004604107573037]]]}},{"type":"Feature","properties":{"cell_id":"65000:250:11066:1306","county_id":"65000","city":"NewTaipei","district":"平溪區","population_estimate":0.0,"population_known_estimate":0.0,"population_data_fraction":1.0,"population_method":"residential_support","population_period":"2024-12","population_density_per_km2":0.0,"bus_walk_mean_m":2354.2336577019737,"bus_walk_p90_m":2354.2336577019737,"bus_known_weight":1.0,"metro_walk_mean_m":21695.02817145775,"metro_known_weight":1.0,"position_status":"fallback_unverified","classification":"zero_residential_proxy","residential_gap":false},"geometry":{"type":"Polygon","coordinates":[[[121.75788986513679,25.004591508646488],[121.75790371396431,25.006848404227323],[121.76038035171389,25.006835762776948],[121.76036645764249,25.004578868490768],[121.75788986513679,25.004591508646488]]]}},{"type":"Feature","properties":{"cell_id":"65000:250:11066:1307","county_id":"65000","city":"NewTaipei","district":"平溪區","population_estimate":0.0,"population_known_estimate":0.0,"population_data_fraction":1.0,"population_method":"residential_support","population_period":"2024-12","population_density_per_km2":0.0,"bus_walk_mean_m":null,"bus_walk_p90_m":null,"bus_known_weight":0.0,"metro_walk_mean_m":null,"metro_known_weight":0.0,"position_status":"fallback_unverified","classification":"zero_residential_proxy","residential_gap":false},"geometry":{"type":"Polygon","coordinates":[[[121.76036645764249,25.004578868490768],[121.76038035171389,25.006835762776948],[121.76285698778227,25.006823080093277],[121.76284304846715,25.004566187105976],[121.76036645764249,25.004578868490768]]]}},{"type":"Feature","properties":{"cell_id":"65000:250:11066:1308","county_id":"65000","city":"NewTaipei","district":"平溪區","population_estimate":0.3366255664571111,"population_known_estimate":0.3366255664571111,"population_data_fraction":1.0,"population_method":"uniform_proxy","population_period":"2024-12","population_density_per_km2":5.386009063313778,"bus_walk_mean_m":2660.8105631348785,"bus_walk_p90_m":2660.8105631348785,"bus_known_weight":1.0,"metro_walk_mean_m":21591.711887164383,"metro_known_weight":1.0,"position_status":"fallback_unverified","classification":"residential_coverage_candidate","residential_gap":true},"geometry":{"type":"Polygon","coordinates":[[[121.76284304846715,25.004566187105976],[121.76285698778227,25.006823080093277],[121.76533362216402,25.006810356176434],[121.76531963760533,25.004553464492233],[121.76284304846715,25.004566187105976]]]}},{"type":"Feature","properties":{"cell_id":"65000:250:11066:1309","county_id":"65000","city":"NewTaipei","district":"平溪區","population_estimate":0.517707623373283,"population_known_estimate":0.517707623373283,"population_data_fraction":1.0,"population_method":"uniform_proxy","population_period":"2024-12","population_density_per_km2":8.283321973972528,"bus_walk_mean_m":2330.594400861,"bus_walk_p90_m":2330.594400861,"bus_known_weight":1.0,"metro_walk_mean_m":21813.352890948783,"metro_known_weight":1.0,"position_status":"fallback_unverified","classification":"residential_coverage_candidate","residential_gap":true},"geometry":{"type":"Polygon","coordinates":[[[121.76531963760533,25.004553464492233],[121.76533362216402,25.006810356176434],[121.76781025485367,25.00679759102652],[121.76779622505151,25.004540700649645],[121.76531963760533,25.004553464492233]]]}},{"type":"Feature","properties":{"cell_id":"65000:250:11066:1310","county_id":"65000","city":"NewTaipei","district":"平溪區","population_estimate":0.517707623373283,"population_known_estimate":0.517707623373283,"population_data_fraction":1.0,"population_method":"uniform_proxy","population_period":"2024-12","population_density_per_km2":8.283321973972528,"bus_walk_mean_m":null,"bus_walk_p90_m":null,"bus_known_weight":0.0,"metro_walk_mean_m":null,"metro_known_weight":0.0,"position_status":"fallback_unverified","classification":"unresolved_walk_evidence","residential_gap":false},"geometry":{"type":"Polygon","coordinates":[[[121.76779622505151,25.004540700649645],[121.76781025485367,25.00679759102652],[121.77028688584575,25.006784784643646],[121.77027281080026,25.00452789557832],[121.76779622505151,25.004540700649645]]]}},{"type":"Feature","properties":{"cell_id":"65000:250:11066:1311","county_id":"65000","city":"NewTaipei","district":"平溪區","population_estimate":0.517707623373283,"population_known_estimate":0.517707623373283,"population_data_fraction":1.0,"population_method":"uniform_proxy","population_period":"2024-12","population_density_per_km2":8.283321973972528,"bus_walk_mean_m":null,"bus_walk_p90_m":null,"bus_known_weight":0.0,"metro_walk_mean_m":null,"metro_known_weight":0.0,"position_status":"fallback_unverified","classification":"unresolved_walk_evidence","residential_gap":false},"geometry":{"type":"Polygon","coordinates":[[[121.77027281080026,25.00452789557832],[121.77028688584575,25.006784784643646],[121.77276351513474,25.006771937027935],[121.77274939484609,25.00451504927837],[121.77027281080026,25.00452789557832]]]}},{"type":"Feature","properties":{"cell_id":"65000:250:11066:1312","county_id":"65000","city":"NewTaipei","district":"平溪區","population_estimate":0.517707623373283,"population_known_estimate":0.517707623373283,"population_data_fraction":1.0,"population_method":"uniform_proxy","population_period":"2024-12","population_density_per_km2":8.283321973972528,"bus_walk_mean_m":1313.8082143315223,"bus_walk_p90_m":1313.8082143315223,"bus_known_weight":1.0,"metro_walk_mean_m":22870.711914358148,"metro_known_weight":1.0,"position_status":"fallback_unverified","classification":"residential_coverage_candidate","residential_gap":true},"geometry":{"type":"Polygon","coordinates":[[[121.77274939484609,25.00451504927837],[121.77276351513474,25.006771937027935],[121.77524014271522,25.006759048179482],[121.7752259771835,25.00450216174992],[121.77274939484609,25.00451504927837]]]}},{"type":"Feature","properties":{"cell_id":"65000:250:11066:1313","county_id":"65000","city":"NewTaipei","district":"平溪區","population_estimate":0.37980220607585014,"population_known_estimate":0.37980220607585014,"population_data_fraction":1.0,"population_method":"uniform_proxy","population_period":"2024-12","population_density_per_km2":6.076835297213602,"bus_walk_mean_m":1508.585601546756,"bus_walk_p90_m":1508.585601546756,"bus_known_weight":1.0,"metro_walk_mean_m":23820.111735313363,"metro_known_weight":1.0,"position_status":"fallback_unverified","classification":"residential_coverage_candidate","residential_gap":true},"geometry":{"type":"Polygon","coordinates":[[[121.7752259771835,25.00450216174992],[121.77524014271522,25.006759048179482],[121.77771676858166,25.00674611809841],[121.77770255780706,25.004489232993063],[121.7752259771835,25.00450216174992]]]}},{"type":"Feature","properties":{"cell_id":"65000:250:11067:1288","county_id":"65000","city":"NewTaipei","district":"平溪區","population_estimate":0.0,"population_known_estimate":0.0,"population_data_fraction":1.0,"population_method":"residential_support","population_period":"2024-12","population_density_per_km2":0.0,"bus_walk_mean_m":null,"bus_walk_p90_m":null,"bus_known_weight":0.0,"metro_walk_mean_m":null,"metro_known_weight":0.0,"position_status":"fallback_unverified","classification":"zero_residential_proxy","residential_gap":false},"geometry":{"type":"Polygon","coordinates":[[[121.71332395323333,25.00706889931885],[121.71333698922606,25.009325816790255],[121.71581370155222,25.00931391633874],[121.7158006203078,25.00705700008603],[121.71332395323333,25.00706889931885]]]}},{"type":"Feature","properties":{"cell_id":"65000:250:11067:1289","county_id":"65000","city":"NewTaipei","district":"平溪區","population_estimate":0.0,"population_known_estimate":0.0,"population_data_fraction":1.0,"population_method":"residential_support","population_period":"2024-12","population_density_per_km2":0.0,"bus_walk_mean_m":1936.1484666390465,"bus_walk_p90_m":1936.1484666390465,"bus_known_weight":1.0,"metro_walk_mean_m":16047.692185560361,"metro_known_weight":1.0,"position_status":"fallback_unverified","classification":"zero_residential_proxy","residential_gap":false},"geometry":{"type":"Polygon","coordinates":[[[121.7158006203078,25.00705700008603],[121.71581370155222,25.00931391633874],[121.71829041229563,25.009301974647805],[121.71827728579964,25.007045059618008],[121.7158006203078,25.00705700008603]]]}},{"type":"Feature","properties":{"cell_id":"65000:250:11067:1290","county_id":"65000","city":"NewTaipei","district":"平溪區","population_estimate":0.0,"population_known_estimate":0.0,"population_data_fraction":0.9999999999999999,"population_method":"residential_support","population_period":"2024-12","population_density_per_km2":0.0,"bus_walk_mean_m":2220.46346333185,"bus_walk_p90_m":2220.46346333185,"bus_known_weight":1.0,"metro_walk_mean_m":16964.786059286125,"metro_known_weight":1.0,"position_status":"fallback_unverified","classification":"zero_residential_proxy","residential_gap":false},"geometry":{"type":"Polygon","coordinates":[[[121.71827728579964,25.007045059618008],[121.71829041229563,25.009301974647805],[121.72076712145079,25.009289991717544],[121.72075394970338,25.007033077914883],[121.71827728579964,25.007045059618008]]]}},{"type":"Feature","properties":{"cell_id":"65000:250:11067:1291","county_id":"65000","city":"NewTaipei","district":"平溪區","population_estimate":0.0,"population_known_estimate":0.0,"population_data_fraction":0.9999999999999999,"population_method":"residential_support","population_period":"2024-12","population_density_per_km2":0.0,"bus_walk_mean_m":null,"bus_walk_p90_m":null,"bus_known_weight":0.0,"metro_walk_mean_m":null,"metro_known_weight":0.0,"position_status":"fallback_unverified","classification":"zero_residential_proxy","residential_gap":false},"geometry":{"type":"Polygon","coordinates":[[[121.72075394970338,25.007033077914883],[121.72076712145079,25.009289991717544],[121.72324382901225,25.009277967548062],[121.72323061201354,25.007021054976764],[121.72075394970338,25.007033077914883]]]}},{"type":"Feature","properties":{"cell_id":"65000:250:11067:1292","county_id":"65000","city":"NewTaipei","district":"平溪區","population_estimate":0.0,"population_known_estimate":0.0,"population_data_fraction":1.0,"population_method":"residential_support","population_period":"2024-12","population_density_per_km2":0.0,"bus_walk_mean_m":2353.2466565044115,"bus_walk_p90_m":2353.2466565044115,"bus_known_weight":1.0,"metro_walk_mean_m":17233.059764347454,"metro_known_weight":1.0,"position_status":"fallback_unverified","classification":"zero_residential_proxy","residential_gap":false},"geometry":{"type":"Polygon","coordinates":[[[121.72323061201354,25.007021054976764],[121.72324382901225,25.009277967548062],[121.72572053497453,25.00926590213946],[121.72570727272466,25.007008990803747],[121.72323061201354,25.007021054976764]]]}},{"type":"Feature","properties":{"cell_id":"65000:250:11067:1293","county_id":"65000","city":"NewTaipei","district":"平溪區","population_estimate":0.0,"population_known_estimate":0.0,"population_data_fraction":1.0,"population_method":"residential_support","population_period":"2024-12","population_density_per_km2":0.0,"bus_walk_mean_m":2700.691046096079,"bus_walk_p90_m":2700.691046096079,"bus_known_weight":1.0,"metro_walk_mean_m":17580.504153939117,"metro_known_weight":1.0,"position_status":"fallback_unverified","classification":"zero_residential_proxy","residential_gap":false},"geometry":{"type":"Polygon","coordinates":[[[121.72570727272466,25.007008990803747],[121.72572053497453,25.00926590213946],[121.72819723933215,25.009253795491855],[121.72818393183123,25.006996885395942],[121.72570727272466,25.007008990803747]]]}},{"type":"Feature","properties":{"cell_id":"65000:250:11067:1294","county_id":"65000","city":"NewTaipei","district":"平溪區","population_estimate":0.0,"population_known_estimate":0.0,"population_data_fraction":1.0,"population_method":"residential_support","population_period":"2024-12","population_density_per_km2":0.0,"bus_walk_mean_m":null,"bus_walk_p90_m":null,"bus_known_weight":0.0,"metro_walk_mean_m":null,"metro_known_weight":0.0,"position_status":"fallback_unverified","classification":"zero_residential_proxy","residential_gap":false},"geometry":{"type":"Polygon","coordinates":[[[121.72818393183123,25.006996885395942],[121.72819723933215,25.009253795491855],[121.73067394207963,25.00924164760534],[121.7306605893278,25.00698473875346],[121.72818393183123,25.006996885395942]]]}},{"type":"Feature","properties":{"cell_id":"65000:250:11067:1295","county_id":"65000","city":"NewTaipei","district":"平溪區","population_estimate":0.0,"population_known_estimate":0.0,"population_data_fraction":1.0,"population_method":"residential_support","population_period":"2024-12","population_density_per_km2":0.0,"bus_walk_mean_m":2317.5748092732038,"bus_walk_p90_m":2317.5748092732038,"bus_known_weight":1.0,"metro_walk_mean_m":17999.693184517964,"metro_known_weight":1.0,"position_status":"fallback_unverified","classification":"zero_residential_proxy","residential_gap":false},"geometry":{"type":"Polygon","coordinates":[[[121.7306605893278,25.00698473875346],[121.73067394207963,25.00924164760534],[121.73315064321152,25.009229458480025],[121.73313724520891,25.006972550876387],[121.7306605893278,25.00698473875346]]]}},{"type":"Feature","properties":{"cell_id":"65000:250:11067:1296","county_id":"65000","city":"NewTaipei","district":"平溪區","population_estimate":0.0,"population_known_estimate":0.0,"population_data_fraction":1.0,"population_method":"residential_support","population_period":"2024-12","population_density_per_km2":0.0,"bus_walk_mean_m":2384.592359418599,"bus_walk_p90_m":2384.592359418599,"bus_known_weight":1.0,"metro_walk_mean_m":18336.6571331893,"metro_known_weight":1.0,"position_status":"fallback_unverified","classification":"zero_residential_proxy","residential_gap":false},"geometry":{"type":"Polygon","coordinates":[[[121.73313724520891,25.006972550876387],[121.73315064321152,25.009229458480025],[121.7356273427223,25.009217228116007],[121.73561389946904,25.006960321764854],[121.73313724520891,25.006972550876387]]]}},{"type":"Feature","properties":{"cell_id":"65000:250:11067:1297","county_id":"65000","city":"NewTaipei","district":"平溪區","population_estimate":0.0,"population_known_estimate":0.0,"population_data_fraction":1.0,"population_method":"residential_support","population_period":"2024-12","population_density_per_km2":0.0,"bus_walk_mean_m":null,"bus_walk_p90_m":null,"bus_known_weight":0.0,"metro_walk_mean_m":null,"metro_known_weight":0.0,"position_status":"fallback_unverified","classification":"zero_residential_proxy","residential_gap":false},"geometry":{"type":"Polygon","coordinates":[[[121.73561389946904,25.006960321764854],[121.7356273427223,25.009217228116007],[121.73810404060654,25.009204956513404],[121.73809055210276,25.00694805141895],[121.73561389946904,25.006960321764854]]]}},{"type":"Feature","properties":{"cell_id":"65000:250:11067:1298","county_id":"65000","city":"NewTaipei","district":"平溪區","population_estimate":0.0,"population_known_estimate":0.0,"population_data_fraction":1.0,"population_method":"residential_support","population_period":"2024-12","population_density_per_km2":0.0,"bus_walk_mean_m":null,"bus_walk_p90_m":null,"bus_known_weight":0.0,"metro_walk_mean_m":null,"metro_known_weight":0.0,"position_status":"fallback_unverified","classification":"zero_residential_proxy","residential_gap":false},"geometry":{"type":"Polygon","coordinates":[[[121.73809055210276,25.00694805141895],[121.73810404060654,25.009204956513404],[121.74058073685876,25.009192643672318],[121.74056720310459,25.006935739838784],[121.73809055210276,25.00694805141895]]]}},{"type":"Feature","properties":{"cell_id":"65000:250:11067:1299","county_id":"65000","city":"NewTaipei","district":"平溪區","population_estimate":5.944092315067986,"population_known_estimate":5.944092315067986,"population_data_fraction":1.0,"population_method":"residential_support","population_period":"2024-12","population_density_per_km2":95.10547704108778,"bus_walk_mean_m":1148.3497973716494,"bus_walk_p90_m":1185.9647434534943,"bus_known_weight":1.0,"metro_walk_mean_m":19581.971354313464,"metro_known_weight":1.0,"position_status":"residential_area_proxy","classification":"residential_coverage_candidate","residential_gap":true},"geometry":{"type":"Polygon","coordinates":[[[121.74056720310459,25.006935739838784],[121.74058073685876,25.009192643672318],[121.74305743147347,25.009180289592855],[121.74304385246901,25.00692338702446],[121.74056720310459,25.006935739838784]]]}},{"type":"Feature","properties":{"cell_id":"65000:250:11067:1300","county_id":"65000","city":"NewTaipei","district":"平溪區","population_estimate":0.0,"population_known_estimate":0.0,"population_data_fraction":1.0,"population_method":"residential_support","population_period":"2024-12","population_density_per_km2":0.0,"bus_walk_mean_m":null,"bus_walk_p90_m":null,"bus_known_weight":0.0,"metro_walk_mean_m":null,"metro_known_weight":0.0,"position_status":"fallback_unverified","classification":"zero_residential_proxy","residential_gap":false},"geometry":{"type":"Polygon","coordinates":[[[121.74304385246901,25.00692338702446],[121.74305743147347,25.009180289592855],[121.74553412444519,25.009167894275123],[121.74552050019062,25.006910992976096],[121.74304385246901,25.00692338702446]]]}},{"type":"Feature","properties":{"cell_id":"65000:250:11067:1301","county_id":"65000","city":"NewTaipei","district":"平溪區","population_estimate":0.0,"population_known_estimate":0.0,"population_data_fraction":1.0,"population_method":"residential_support","population_period":"2024-12","population_density_per_km2":0.0,"bus_walk_mean_m":1086.191397910355,"bus_walk_p90_m":1086.191397910355,"bus_known_weight":1.0,"metro_walk_mean_m":19513.398289423436,"metro_known_weight":1.0,"position_status":"fallback_unverified","classification":"zero_residential_proxy","residential_gap":false},"geometry":{"type":"Polygon","coordinates":[[[121.74552050019062,25.006910992976096],[121.74553412444519,25.009167894275123],[121.74801081576847,25.009155457719228],[121.74799714626391,25.006898557693788],[121.74552050019062,25.006910992976096]]]}},{"type":"Feature","properties":{"cell_id":"65000:250:11067:1302","county_id":"65000","city":"NewTaipei","district":"平溪區","population_estimate":0.0,"population_known_estimate":0.0,"population_data_fraction":1.0,"population_method":"residential_support","population_period":"2024-12","population_density_per_km2":0.0,"bus_walk_mean_m":816.1455374736323,"bus_walk_p90_m":816.1455374736323,"bus_known_weight":1.0,"metro_walk_mean_m":19792.799020443897,"metro_known_weight":1.0,"position_status":"fallback_unverified","classification":"zero_residential_proxy","residential_gap":false},"geometry":{"type":"Polygon","coordinates":[[[121.74799714626391,25.006898557693788],[121.74801081576847,25.009155457719228],[121.75048750543782,25.009142979925276],[121.7504737906834,25.006886081177647],[121.74799714626391,25.006898557693788]]]}},{"type":"Feature","properties":{"cell_id":"65000:250:11067:1303","county_id":"65000","city":"NewTaipei","district":"平溪區","population_estimate":0.0,"population_known_estimate":0.0,"population_data_fraction":0.9999999999999999,"population_method":"residential_support","population_period":"2024-12","population_density_per_km2":0.0,"bus_walk_mean_m":397.66110455736407,"bus_walk_p90_m":397.66110455736407,"bus_known_weight":1.0,"metro_walk_mean_m":20351.819040012862,"metro_known_weight":1.0,"position_status":"fallback_unverified","classification":"zero_residential_proxy","residential_gap":false},"geometry":{"type":"Polygon","coordinates":[[[121.7504737906834,25.006886081177647],[121.75048750543782,25.009142979925276],[121.75296419344777,25.009130460893378],[121.7529504334436,25.006873563427785],[121.7504737906834,25.006886081177647]]]}},{"type":"Feature","properties":{"cell_id":"65000:250:11067:1304","county_id":"65000","city":"NewTaipei","district":"平溪區","population_estimate":0.0,"population_known_estimate":0.0,"population_data_fraction":1.0,"population_method":"residential_support","population_period":"2024-12","population_density_per_km2":0.0,"bus_walk_mean_m":1416.9511698439853,"bus_walk_p90_m":1416.9511698439853,"bus_known_weight":1.0,"metro_walk_mean_m":20757.745683599762,"metro_known_weight":1.0,"position_status":"fallback_unverified","classification":"zero_residential_proxy","residential_gap":false},"geometry":{"type":"Polygon","coordinates":[[[121.7529504334436,25.006873563427785],[121.75296419344777,25.009130460893378],[121.75544087979284,25.009117900623647],[121.75542707453907,25.00686100444431],[121.7529504334436,25.006873563427785]]]}},{"type":"Feature","properties":{"cell_id":"65000:250:11067:1305","county_id":"65000","city":"NewTaipei","district":"平溪區","population_estimate":0.0,"population_known_estimate":0.0,"population_data_fraction":1.0,"population_method":"residential_support","population_period":"2024-12","population_density_per_km2":0.0,"bus_walk_mean_m":null,"bus_walk_p90_m":null,"bus_known_weight":0.0,"metro_walk_mean_m":null,"metro_known_weight":0.0,"position_status":"fallback_unverified","classification":"zero_residential_proxy","residential_gap":false},"geometry":{"type":"Polygon","coordinates":[[[121.75542707453907,25.00686100444431],[121.75544087979284,25.009117900623647],[121.75791756446756,25.009105299116186],[121.75790371396431,25.006848404227323],[121.75542707453907,25.00686100444431]]]}},{"type":"Feature","properties":{"cell_id":"65000:250:11067:1306","county_id":"65000","city":"NewTaipei","district":"平溪區","population_estimate":0.047974733779161484,"population_known_estimate":0.047974733779161484,"population_data_fraction":1.0,"population_method":"uniform_proxy","population_period":"2024-12","population_density_per_km2":0.7675957404665837,"bus_walk_mean_m":2060.075093046044,"bus_walk_p90_m":2060.075093046044,"bus_known_weight":1.0,"metro_walk_mean_m":21400.86960680182,"metro_known_weight":1.0,"position_status":"fallback_unverified","classification":"residential_coverage_candidate","residential_gap":true},"geometry":{"type":"Polygon","coordinates":[[[121.75790371396431,25.006848404227323],[121.75791756446756,25.009105299116186],[121.76039424746645,25.009092656371095],[121.76038035171389,25.006835762776948],[121.75790371396431,25.006848404227323]]]}},{"type":"Feature","properties":{"cell_id":"65000:250:11067:1307","county_id":"65000","city":"NewTaipei","district":"平溪區","population_estimate":0.5316890960330805,"population_known_estimate":0.5316890960330805,"population_data_fraction":1.0,"population_method":"uniform_proxy","population_period":"2024-12","population_density_per_km2":8.507025536529287,"bus_walk_mean_m":2796.146053227689,"bus_walk_p90_m":2796.146053227689,"bus_known_weight":1.0,"metro_walk_mean_m":21158.837753081847,"metro_known_weight":1.0,"position_status":"fallback_unverified","classification":"residential_coverage_candidate","residential_gap":true},"geometry":{"type":"Polygon","coordinates":[[[121.76038035171389,25.006835762776948],[121.76039424746645,25.009092656371095],[121.76287092878404,25.009079972388506],[121.76285698778227,25.006823080093277],[121.76038035171389,25.006835762776948]]]}},{"type":"Feature","properties":{"cell_id":"65000:250:11067:1308","county_id":"65000","city":"NewTaipei","district":"平溪區","population_estimate":0.5926551104957917,"population_known_estimate":0.5926551104957917,"population_data_fraction":1.0,"population_method":"uniform_proxy","population_period":"2024-12","population_density_per_km2":9.482481767932667,"bus_walk_mean_m":2756.3424043978125,"bus_walk_p90_m":2756.3424043978125,"bus_known_weight":1.0,"metro_walk_mean_m":21586.257255842862,"metro_known_weight":1.0,"position_status":"fallback_unverified","classification":"residential_coverage_candidate","residential_gap":true},"geometry":{"type":"Polygon","coordinates":[[[121.76285698778227,25.006823080093277],[121.76287092878404,25.009079972388506],[121.76534760841486,25.009067247168513],[121.76533362216402,25.006810356176434],[121.76285698778227,25.006823080093277]]]}},{"type":"Feature","properties":{"cell_id":"65000:250:11067:1309","county_id":"65000","city":"NewTaipei","district":"平溪區","population_estimate":0.517707623373283,"population_known_estimate":0.517707623373283,"population_data_fraction":1.0,"population_method":"uniform_proxy","population_period":"2024-12","population_density_per_km2":8.283321973972528,"bus_walk_mean_m":2643.8101776698027,"bus_walk_p90_m":2643.8101776698027,"bus_known_weight":1.0,"metro_walk_mean_m":21791.80262559748,"metro_known_weight":1.0,"position_status":"fallback_unverified","classification":"residential_coverage_candidate","residential_gap":true},"geometry":{"type":"Polygon","coordinates":[[[121.76533362216402,25.006810356176434],[121.76534760841486,25.009067247168513],[121.76782428635343,25.009054480711228],[121.76781025485367,25.00679759102652],[121.76533362216402,25.006810356176434]]]}},{"type":"Feature","properties":{"cell_id":"65000:250:11067:1310","county_id":"65000","city":"NewTaipei","district":"平溪區","population_estimate":0.517707623373283,"population_known_estimate":0.517707623373283,"population_data_fraction":1.0,"population_method":"uniform_proxy","population_period":"2024-12","population_density_per_km2":8.283321973972528,"bus_walk_mean_m":null,"bus_walk_p90_m":null,"bus_known_weight":0.0,"metro_walk_mean_m":null,"metro_known_weight":0.0,"position_status":"fallback_unverified","classification":"unresolved_walk_evidence","residential_gap":false},"geometry":{"type":"Polygon","coordinates":[[[121.76781025485367,25.00679759102652],[121.76782428635343,25.009054480711228],[121.77030096259429,25.009041673016764],[121.77028688584575,25.006784784643646],[121.76781025485367,25.00679759102652]]]}},{"type":"Feature","properties":{"cell_id":"65000:250:11067:1311","county_id":"65000","city":"NewTaipei","district":"平溪區","population_estimate":0.517707623373283,"population_known_estimate":0.517707623373283,"population_data_fraction":1.0,"population_method":"uniform_proxy","population_period":"2024-12","population_density_per_km2":8.283321973972528,"bus_walk_mean_m":1573.3320745429678,"bus_walk_p90_m":1573.3320745429678,"bus_known_weight":1.0,"metro_walk_mean_m":22608.279866150995,"metro_known_weight":1.0,"position_status":"fallback_unverified","classification":"residential_coverage_candidate","residential_gap":true},"geometry":{"type":"Polygon","coordinates":[[[121.77028688584575,25.006784784643646],[121.77030096259429,25.009041673016764],[121.77277763713194,25.00902882408523],[121.77276351513474,25.006771937027935],[121.77028688584575,25.006784784643646]]]}},{"type":"Feature","properties":{"cell_id":"65000:250:11067:1312","county_id":"65000","city":"NewTaipei","district":"平溪區","population_estimate":0.517707623373283,"population_known_estimate":0.517707623373283,"population_data_fraction":1.0,"population_method":"uniform_proxy","population_period":"2024-12","population_density_per_km2":8.283321973972528,"bus_walk_mean_m":null,"bus_walk_p90_m":null,"bus_known_weight":0.0,"metro_walk_mean_m":null,"metro_known_weight":0.0,"position_status":"fallback_unverified","classification":"unresolved_walk_evidence","residential_gap":false},"geometry":{"type":"Polygon","coordinates":[[[121.77276351513474,25.006771937027935],[121.77277763713194,25.00902882408523],[121.77525430996093,25.00901593391674],[121.77524014271522,25.006759048179482],[121.77276351513474,25.006771937027935]]]}},{"type":"Feature","properties":{"cell_id":"65000:250:11067:1313","county_id":"65000","city":"NewTaipei","district":"平溪區","population_estimate":0.517707623373283,"population_known_estimate":0.517707623373283,"population_data_fraction":1.0,"population_method":"uniform_proxy","population_period":"2024-12","population_density_per_km2":8.283321973972528,"bus_walk_mean_m":null,"bus_walk_p90_m":null,"bus_known_weight":0.0,"metro_walk_mean_m":null,"metro_known_weight":0.0,"position_status":"fallback_unverified","classification":"unresolved_walk_evidence","residential_gap":false},"geometry":{"type":"Polygon","coordinates":[[[121.77524014271522,25.006759048179482],[121.77525430996093,25.00901593391674],[121.77773098107575,25.00900300251141],[121.77771676858166,25.00674611809841],[121.77524014271522,25.006759048179482]]]}},{"type":"Feature","properties":{"cell_id":"65000:250:11068:1287","county_id":"65000","city":"NewTaipei","district":"平溪區","population_estimate":0.5481900539386775,"population_known_estimate":0.5481900539386775,"population_data_fraction":1.0,"population_method":"uniform_proxy","population_period":"2024-12","population_density_per_km2":8.77104086301884,"bus_walk_mean_m":null,"bus_walk_p90_m":null,"bus_known_weight":0.0,"metro_walk_mean_m":null,"metro_known_weight":0.0,"position_status":"fallback_unverified","classification":"unresolved_walk_evidence","residential_gap":false},"geometry":{"type":"Polygon","coordinates":[[[121.71086027532263,25.00933767600223],[121.71087326763538,25.011594593996914],[121.71335002679609,25.01158273357042],[121.71333698922606,25.009325816790255],[121.71086027532263,25.00933767600223]]]}},{"type":"Feature","properties":{"cell_id":"65000:250:11068:1288","county_id":"65000","city":"NewTaipei","district":"平溪區","population_estimate":0.0,"population_known_estimate":0.0,"population_data_fraction":1.0,"population_method":"residential_support","population_period":"2024-12","population_density_per_km2":0.0,"bus_walk_mean_m":null,"bus_walk_p90_m":null,"bus_known_weight":0.0,"metro_walk_mean_m":null,"metro_known_weight":0.0,"position_status":"fallback_unverified","classification":"zero_residential_proxy","residential_gap":false},"geometry":{"type":"Polygon","coordinates":[[[121.71333698922606,25.009325816790255],[121.71335002679609,25.01158273357042],[121.7158267843794,25.01157083190018],[121.71581370155222,25.00931391633874],[121.71333698922606,25.009325816790255]]]}},{"type":"Feature","properties":{"cell_id":"65000:250:11068:1289","county_id":"65000","city":"NewTaipei","district":"平溪區","population_estimate":0.0,"population_known_estimate":0.0,"population_data_fraction":1.0,"population_method":"residential_support","population_period":"2024-12","population_density_per_km2":0.0,"bus_walk_mean_m":1697.2124426444498,"bus_walk_p90_m":1697.2124426444498,"bus_known_weight":1.0,"metro_walk_mean_m":15808.756161565765,"metro_known_weight":1.0,"position_status":"fallback_unverified","classification":"zero_residential_proxy","residential_gap":false},"geometry":{"type":"Polygon","coordinates":[[[121.71581370155222,25.00931391633874],[121.7158267843794,25.01157083190018],[121.71830354037985,25.011558888986283],[121.71829041229563,25.009301974647805],[121.71581370155222,25.00931391633874]]]}},{"type":"Feature","properties":{"cell_id":"65000:250:11068:1290","county_id":"65000","city":"NewTaipei","district":"平溪區","population_estimate":0.0,"population_known_estimate":0.0,"population_data_fraction":0.9999999999999999,"population_method":"residential_support","population_period":"2024-12","population_density_per_km2":0.0,"bus_walk_mean_m":null,"bus_walk_p90_m":null,"bus_known_weight":0.0,"metro_walk_mean_m":null,"metro_known_weight":0.0,"position_status":"fallback_unverified","classification":"zero_residential_proxy","residential_gap":false},"geometry":{"type":"Polygon","coordinates":[[[121.71829041229563,25.009301974647805],[121.71830354037985,25.011558888986283],[121.7207802947919,25.011546904828844],[121.72076712145079,25.009289991717544],[121.71829041229563,25.009301974647805]]]}},{"type":"Feature","properties":{"cell_id":"65000:250:11068:1291","county_id":"65000","city":"NewTaipei","district":"平溪區","population_estimate":0.0,"population_known_estimate":0.0,"population_data_fraction":0.9999999999999999,"population_method":"residential_support","population_period":"2024-12","population_density_per_km2":0.0,"bus_walk_mean_m":1782.0033078768063,"bus_walk_p90_m":1782.0033078768063,"bus_known_weight":1.0,"metro_walk_mean_m":16661.816415719848,"metro_known_weight":1.0,"position_status":"fallback_unverified","classification":"zero_residential_proxy","residential_gap":false},"geometry":{"type":"Polygon","coordinates":[[[121.72076712145079,25.009289991717544],[121.7207802947919,25.011546904828844],[121.72325704761012,25.011534879427956],[121.72324382901225,25.009277967548062],[121.72076712145079,25.009289991717544]]]}},{"type":"Feature","properties":{"cell_id":"65000:250:11068:1292","county_id":"65000","city":"NewTaipei","district":"平溪區","population_estimate":0.0,"population_known_estimate":0.0,"population_data_fraction":1.0,"population_method":"residential_support","population_period":"2024-12","population_density_per_km2":0.0,"bus_walk_mean_m":2225.6969435051906,"bus_walk_p90_m":2225.6969435051906,"bus_known_weight":1.0,"metro_walk_mean_m":17135.345681920182,"metro_known_weight":1.0,"position_status":"fallback_unverified","classification":"zero_residential_proxy","residential_gap":false},"geometry":{"type":"Polygon","coordinates":[[[121.72324382901225,25.009277967548062],[121.72325704761012,25.011534879427956],[121.72573379882904,25.01152281278373],[121.72572053497453,25.00926590213946],[121.72324382901225,25.009277967548062]]]}},{"type":"Feature","properties":{"cell_id":"65000:250:11068:1293","county_id":"65000","city":"NewTaipei","district":"平溪區","population_estimate":0.0,"population_known_estimate":0.0,"population_data_fraction":1.0,"population_method":"residential_support","population_period":"2024-12","population_density_per_km2":0.0,"bus_walk_mean_m":2193.674499559239,"bus_walk_p90_m":2193.674499559239,"bus_known_weight":1.0,"metro_walk_mean_m":17373.885469274468,"metro_known_weight":1.0,"position_status":"fallback_unverified","classification":"zero_residential_proxy","residential_gap":false},"geometry":{"type":"Polygon","coordinates":[[[121.72572053497453,25.00926590213946],[121.72573379882904,25.01152281278373],[121.72821054844317,25.011510704896278],[121.72819723933215,25.009253795491855],[121.72572053497453,25.00926590213946]]]}},{"type":"Feature","properties":{"cell_id":"65000:250:11068:1294","county_id":"65000","city":"NewTaipei","district":"平溪區","population_estimate":0.0,"population_known_estimate":0.0,"population_data_fraction":0.9999999999999999,"population_method":"residential_support","population_period":"2024-12","population_density_per_km2":0.0,"bus_walk_mean_m":2300.870380479974,"bus_walk_p90_m":2300.870380479974,"bus_known_weight":1.0,"metro_walk_mean_m":17653.056727611918,"metro_known_weight":1.0,"position_status":"fallback_unverified","classification":"zero_residential_proxy","residential_gap":false},"geometry":{"type":"Polygon","coordinates":[[[121.72819723933215,25.009253795491855],[121.72821054844317,25.011510704896278],[121.73068729644706,25.011498555765687],[121.73067394207963,25.00924164760534],[121.72819723933215,25.009253795491855]]]}},{"type":"Feature","properties":{"cell_id":"65000:250:11068:1295","county_id":"65000","city":"NewTaipei","district":"平溪區","population_estimate":0.0,"population_known_estimate":0.0,"population_data_fraction":1.0,"population_method":"residential_support","population_period":"2024-12","population_density_per_km2":0.0,"bus_walk_mean_m":null,"bus_walk_p90_m":null,"bus_known_weight":0.0,"metro_walk_mean_m":null,"metro_known_weight":0.0,"position_status":"fallback_unverified","classification":"zero_residential_proxy","residential_gap":false},"geometry":{"type":"Polygon","coordinates":[[[121.73067394207963,25.00924164760534],[121.73068729644706,25.011498555765687],[121.73316404283518,25.011486365392066],[121.73315064321152,25.009229458480025],[121.73067394207963,25.00924164760534]]]}},{"type":"Feature","properties":{"cell_id":"65000:250:11068:1296","county_id":"65000","city":"NewTaipei","district":"平溪區","population_estimate":0.0,"population_known_estimate":0.0,"population_data_fraction":1.0,"population_method":"residential_support","population_period":"2024-12","population_density_per_km2":0.0,"bus_walk_mean_m":2133.1075923640233,"bus_walk_p90_m":2133.1075923640233,"bus_known_weight":1.0,"metro_walk_mean_m":18284.142956924894,"metro_known_weight":1.0,"position_status":"fallback_unverified","classification":"zero_residential_proxy","residential_gap":false},"geometry":{"type":"Polygon","coordinates":[[[121.73315064321152,25.009229458480025],[121.73316404283518,25.011486365392066],[121.73564078760212,25.011474133775536],[121.7356273427223,25.009217228116007],[121.73315064321152,25.009229458480025]]]}},{"type":"Feature","properties":{"cell_id":"65000:250:11068:1297","county_id":"65000","city":"NewTaipei","district":"平溪區","population_estimate":0.0,"population_known_estimate":0.0,"population_data_fraction":0.9999999999999999,"population_method":"residential_support","population_period":"2024-12","population_density_per_km2":0.0,"bus_walk_mean_m":2347.3091844524924,"bus_walk_p90_m":2347.3091844524924,"bus_known_weight":1.0,"metro_walk_mean_m":18536.94120787018,"metro_known_weight":1.0,"position_status":"fallback_unverified","classification":"zero_residential_proxy","residential_gap":false},"geometry":{"type":"Polygon","coordinates":[[[121.7356273427223,25.009217228116007],[121.73564078760212,25.011474133775536],[121.73811753074236,25.011461860916192],[121.73810404060654,25.009204956513404],[121.7356273427223,25.009217228116007]]]}},{"type":"Feature","properties":{"cell_id":"65000:250:11068:1298","county_id":"65000","city":"NewTaipei","district":"平溪區","population_estimate":0.0,"population_known_estimate":0.0,"population_data_fraction":1.0,"population_method":"residential_support","population_period":"2024-12","population_density_per_km2":0.0,"bus_walk_mean_m":null,"bus_walk_p90_m":null,"bus_known_weight":0.0,"metro_walk_mean_m":null,"metro_known_weight":0.0,"position_status":"fallback_unverified","classification":"zero_residential_proxy","residential_gap":false},"geometry":{"type":"Polygon","coordinates":[[[121.73810404060654,25.009204956513404],[121.73811753074236,25.011461860916192],[121.74059427225043,25.011449546814138],[121.74058073685876,25.009192643672318],[121.73810404060654,25.009204956513404]]]}},{"type":"Feature","properties":{"cell_id":"65000:250:11068:1299","county_id":"65000","city":"NewTaipei","district":"平溪區","population_estimate":0.0,"population_known_estimate":0.0,"population_data_fraction":1.0,"population_method":"residential_support","population_period":"2024-12","population_density_per_km2":0.0,"bus_walk_mean_m":1704.4113913178676,"bus_walk_p90_m":1704.4113913178676,"bus_known_weight":1.0,"metro_walk_mean_m":18859.656746864286,"metro_known_weight":1.0,"position_status":"fallback_unverified","classification":"zero_residential_proxy","residential_gap":false},"geometry":{"type":"Polygon","coordinates":[[[121.74058073685876,25.009192643672318],[121.74059427225043,25.011449546814138],[121.74307101212088,25.01143719146949],[121.74305743147347,25.009180289592855],[121.74058073685876,25.009192643672318]]]}},{"type":"Feature","properties":{"cell_id":"65000:250:11068:1300","county_id":"65000","city":"NewTaipei","district":"平溪區","population_estimate":0.0,"population_known_estimate":0.0,"population_data_fraction":1.0,"population_method":"residential_support","population_period":"2024-12","population_density_per_km2":0.0,"bus_walk_mean_m":1463.5655437804414,"bus_walk_p90_m":1463.5655437804414,"bus_known_weight":1.0,"metro_walk_mean_m":19141.59630106697,"metro_known_weight":1.0,"position_status":"fallback_unverified","classification":"zero_residential_proxy","residential_gap":false},"geometry":{"type":"Polygon","coordinates":[[[121.74305743147347,25.009180289592855],[121.74307101212088,25.01143719146949],[121.74554775034822,25.011424794882345],[121.74553412444519,25.009167894275123],[121.74305743147347,25.009180289592855]]]}},{"type":"Feature","properties":{"cell_id":"65000:250:11068:1301","county_id":"65000","city":"NewTaipei","district":"平溪區","population_estimate":0.0,"population_known_estimate":0.0,"population_data_fraction":1.0,"population_method":"residential_support","population_period":"2024-12","population_density_per_km2":0.0,"bus_walk_mean_m":null,"bus_walk_p90_m":null,"bus_known_weight":0.0,"metro_walk_mean_m":null,"metro_known_weight":0.0,"position_status":"fallback_unverified","classification":"zero_residential_proxy","residential_gap":false},"geometry":{"type":"Polygon","coordinates":[[[121.74553412444519,25.009167894275123],[121.74554775034822,25.011424794882345],[121.74802448692698,25.011412357052812],[121.74801081576847,25.009155457719228],[121.74553412444519,25.009167894275123]]]}},{"type":"Feature","properties":{"cell_id":"65000:250:11068:1302","county_id":"65000","city":"NewTaipei","district":"平溪區","population_estimate":0.0,"population_known_estimate":0.0,"population_data_fraction":1.0,"population_method":"residential_support","population_period":"2024-12","population_density_per_km2":0.0,"bus_walk_mean_m":1254.5807028667189,"bus_walk_p90_m":1254.5807028667189,"bus_known_weight":1.0,"metro_walk_mean_m":19903.862188138286,"metro_known_weight":1.0,"position_status":"fallback_unverified","classification":"zero_residential_proxy","residential_gap":false},"geometry":{"type":"Polygon","coordinates":[[[121.74801081576847,25.009155457719228],[121.74802448692698,25.011412357052812],[121.75050122185166,25.01139987798101],[121.75048750543782,25.009142979925276],[121.74801081576847,25.009155457719228]]]}},{"type":"Feature","properties":{"cell_id":"65000:250:11068:1303","county_id":"65000","city":"NewTaipei","district":"平溪區","population_estimate":7.89504584876294,"population_known_estimate":7.89504584876294,"population_data_fraction":0.9999999999999999,"population_method":"residential_support","population_period":"2024-12","population_density_per_km2":126.32073358020703,"bus_walk_mean_m":957.5628756546798,"bus_walk_p90_m":996.8361767831782,"bus_known_weight":1.0,"metro_walk_mean_m":20169.428326639245,"metro_known_weight":1.0,"position_status":"residential_area_proxy","classification":"residential_coverage_candidate","residential_gap":true},"geometry":{"type":"Polygon","coordinates":[[[121.75048750543782,25.009142979925276],[121.75050122185166,25.01139987798101],[121.7529779551168,25.011387357667033],[121.75296419344777,25.009130460893378],[121.75048750543782,25.009142979925276]]]}},{"type":"Feature","properties":{"cell_id":"65000:250:11068:1304","county_id":"65000","city":"NewTaipei","district":"平溪區","population_estimate":16.915321504754644,"population_known_estimate":16.915321504754644,"population_data_fraction":1.0,"population_method":"residential_support","population_period":"2024-12","population_density_per_km2":270.6451440760743,"bus_walk_mean_m":1040.2904364538415,"bus_walk_p90_m":1209.745114491777,"bus_known_weight":1.0,"metro_walk_mean_m":20381.084950209624,"metro_known_weight":1.0,"position_status":"residential_area_proxy","classification":"residential_coverage_candidate","residential_gap":true},"geometry":{"type":"Polygon","coordinates":[[[121.75296419344777,25.009130460893378],[121.7529779551168,25.011387357667033],[121.75545468671694,25.011374796110996],[121.75544087979284,25.009117900623647],[121.75296419344777,25.009130460893378]]]}},{"type":"Feature","properties":{"cell_id":"65000:250:11068:1305","county_id":"65000","city":"NewTaipei","district":"平溪區","population_estimate":3.945111602942263,"population_known_estimate":3.945111602942263,"population_data_fraction":1.0,"population_method":"residential_support","population_period":"2024-12","population_density_per_km2":63.12178564707621,"bus_walk_mean_m":1275.4731241062768,"bus_walk_p90_m":1278.4373364489827,"bus_known_weight":1.0,"metro_walk_mean_m":20616.267637862056,"metro_known_weight":1.0,"position_status":"residential_area_proxy","classification":"residential_coverage_candidate","residential_gap":true},"geometry":{"type":"Polygon","coordinates":[[[121.75544087979284,25.009117900623647],[121.75545468671694,25.011374796110996],[121.7579314166466,25.011362193313005],[121.75791756446756,25.009105299116186],[121.75544087979284,25.009117900623647]]]}},{"type":"Feature","properties":{"cell_id":"65000:250:11068:1306","county_id":"65000","city":"NewTaipei","district":"平溪區","population_estimate":0.6263360279797513,"population_known_estimate":0.6263360279797513,"population_data_fraction":0.9999999999999999,"population_method":"uniform_proxy","population_period":"2024-12","population_density_per_km2":10.02137644767602,"bus_walk_mean_m":2328.4643083219416,"bus_walk_p90_m":2328.4643083219416,"bus_known_weight":1.0,"metro_walk_mean_m":20691.156008176098,"metro_known_weight":1.0,"position_status":"fallback_unverified","classification":"residential_coverage_candidate","residential_gap":true},"geometry":{"type":"Polygon","coordinates":[[[121.75791756446756,25.009105299116186],[121.7579314166466,25.011362193313005],[121.76040814490031,25.011349549273174],[121.76039424746645,25.009092656371095],[121.75791756446756,25.009105299116186]]]}},{"type":"Feature","properties":{"cell_id":"65000:250:11068:1307","county_id":"65000","city":"NewTaipei","district":"平溪區","population_estimate":1.0139041053141904,"population_known_estimate":1.0139041053141904,"population_data_fraction":1.0,"population_method":"uniform_proxy","population_period":"2024-12","population_density_per_km2":16.222465685027046,"bus_walk_mean_m":null,"bus_walk_p90_m":null,"bus_known_weight":0.0,"metro_walk_mean_m":null,"metro_known_weight":0.0,"position_status":"fallback_unverified","classification":"unresolved_walk_evidence","residential_gap":false},"geometry":{"type":"Polygon","coordinates":[[[121.76039424746645,25.009092656371095],[121.76040814490031,25.011349549273174],[121.76288487147258,25.011336863991605],[121.76287092878404,25.009079972388506],[121.76039424746645,25.009092656371095]]]}},{"type":"Feature","properties":{"cell_id":"65000:250:11068:1308","county_id":"65000","city":"NewTaipei","district":"平溪區","population_estimate":0.6959929300842513,"population_known_estimate":0.6959929300842513,"population_data_fraction":1.0,"population_method":"uniform_proxy","population_period":"2024-12","population_density_per_km2":11.135886881348021,"bus_walk_mean_m":2995.127883775734,"bus_walk_p90_m":2995.127883775734,"bus_known_weight":1.0,"metro_walk_mean_m":21654.995983727895,"metro_known_weight":1.0,"position_status":"fallback_unverified","classification":"residential_coverage_candidate","residential_gap":true},"geometry":{"type":"Polygon","coordinates":[[[121.76287092878404,25.009079972388506],[121.76288487147258,25.011336863991605],[121.76536159635793,25.01132413746842],[121.76534760841486,25.009067247168513],[121.76287092878404,25.009079972388506]]]}},{"type":"Feature","properties":{"cell_id":"65000:250:11068:1309","county_id":"65000","city":"NewTaipei","district":"平溪區","population_estimate":0.517707623373283,"population_known_estimate":0.517707623373283,"population_data_fraction":1.0,"population_method":"uniform_proxy","population_period":"2024-12","population_density_per_km2":8.283321973972528,"bus_walk_mean_m":2993.5484546341613,"bus_walk_p90_m":2993.5484546341613,"bus_known_weight":1.0,"metro_walk_mean_m":22141.54090256184,"metro_known_weight":1.0,"position_status":"fallback_unverified","classification":"residential_coverage_candidate","residential_gap":true},"geometry":{"type":"Polygon","coordinates":[[[121.76534760841486,25.009067247168513],[121.76536159635793,25.01132413746842],[121.7678383195509,25.01131136970372],[121.76782428635343,25.009054480711228],[121.76534760841486,25.009067247168513]]]}},{"type":"Feature","properties":{"cell_id":"65000:250:11068:1310","county_id":"65000","city":"NewTaipei","district":"平溪區","population_estimate":0.517707623373283,"population_known_estimate":0.517707623373283,"population_data_fraction":1.0,"population_method":"uniform_proxy","population_period":"2024-12","population_density_per_km2":8.283321973972528,"bus_walk_mean_m":null,"bus_walk_p90_m":null,"bus_known_weight":0.0,"metro_walk_mean_m":null,"metro_known_weight":0.0,"position_status":"fallback_unverified","classification":"unresolved_walk_evidence","residential_gap":false},"geometry":{"type":"Polygon","coordinates":[[[121.76782428635343,25.009054480711228],[121.7678383195509,25.01131136970372],[121.770315041046,25.011298560697615],[121.77030096259429,25.009041673016764],[121.76782428635343,25.009054480711228]]]}},{"type":"Feature","properties":{"cell_id":"65000:250:11068:1311","county_id":"65000","city":"NewTaipei","district":"平溪區","population_estimate":0.517707623373283,"population_known_estimate":0.517707623373283,"population_data_fraction":1.0,"population_method":"uniform_proxy","population_period":"2024-12","population_density_per_km2":8.283321973972528,"bus_walk_mean_m":null,"bus_walk_p90_m":null,"bus_known_weight":0.0,"metro_walk_mean_m":null,"metro_known_weight":0.0,"position_status":"fallback_unverified","classification":"unresolved_walk_evidence","residential_gap":false},"geometry":{"type":"Polygon","coordinates":[[[121.77030096259429,25.009041673016764],[121.770315041046,25.011298560697615],[121.77279176083779,25.011285710450217],[121.77277763713194,25.00902882408523],[121.77030096259429,25.009041673016764]]]}},{"type":"Feature","properties":{"cell_id":"65000:250:11068:1312","county_id":"65000","city":"NewTaipei","district":"平溪區","population_estimate":0.517707623373283,"population_known_estimate":0.517707623373283,"population_data_fraction":1.0,"population_method":"uniform_proxy","population_period":"2024-12","population_density_per_km2":8.283321973972528,"bus_walk_mean_m":1849.7815897265598,"bus_walk_p90_m":1849.7815897265598,"bus_known_weight":1.0,"metro_walk_mean_m":22861.618386052403,"metro_known_weight":1.0,"position_status":"fallback_unverified","classification":"residential_coverage_candidate","residential_gap":true},"geometry":{"type":"Polygon","coordinates":[[[121.77277763713194,25.00902882408523],[121.77279176083779,25.011285710450217],[121.77526847892078,25.011272818961647],[121.77525430996093,25.00901593391674],[121.77277763713194,25.00902882408523]]]}},{"type":"Feature","properties":{"cell_id":"65000:250:11068:1313","county_id":"65000","city":"NewTaipei","district":"平溪區","population_estimate":0.517707623373283,"population_known_estimate":0.517707623373283,"population_data_fraction":1.0,"population_method":"uniform_proxy","population_period":"2024-12","population_density_per_km2":8.283321973972528,"bus_walk_mean_m":null,"bus_walk_p90_m":null,"bus_known_weight":0.0,"metro_walk_mean_m":null,"metro_known_weight":0.0,"position_status":"fallback_unverified","classification":"unresolved_walk_evidence","residential_gap":false},"geometry":{"type":"Polygon","coordinates":[[[121.77525430996093,25.00901593391674],[121.77526847892078,25.011272818961647],[121.77774519528947,25.011259886232],[121.77773098107575,25.00900300251141],[121.77525430996093,25.00901593391674]]]}},{"type":"Feature","properties":{"cell_id":"65000:250:11068:1314","county_id":"65000","city":"NewTaipei","district":"平溪區","population_estimate":0.3604327065509856,"population_known_estimate":0.3604327065509856,"population_data_fraction":1.0,"population_method":"uniform_proxy","population_period":"2024-12","population_density_per_km2":5.766923304815769,"bus_walk_mean_m":2438.0694585372203,"bus_walk_p90_m":2438.0694585372203,"bus_known_weight":1.0,"metro_walk_mean_m":23414.620056522628,"metro_known_weight":1.0,"position_status":"fallback_unverified","classification":"residential_coverage_candidate","residential_gap":true},"geometry":{"type":"Polygon","coordinates":[[[121.77773098107575,25.00900300251141],[121.77774519528947,25.011259886232],[121.78022190993839,25.0112469122614],[121.78020765047097,25.008990029869345],[121.77773098107575,25.00900300251141]]]}},{"type":"Feature","properties":{"cell_id":"65000:250:11069:1286","county_id":"65000","city":"NewTaipei","district":"平溪區","population_estimate":0.4279857824397119,"population_known_estimate":0.4279857824397119,"population_data_fraction":1.0,"population_method":"uniform_proxy","population_period":"2024-12","population_density_per_km2":6.847772519035391,"bus_walk_mean_m":null,"bus_walk_p90_m":null,"bus_known_weight":0.0,"metro_walk_mean_m":null,"metro_known_weight":0.0,"position_status":"fallback_unverified","classification":"unresolved_walk_evidence","residential_gap":false},"geometry":{"type":"Polygon","coordinates":[[[121.70839650690272,25.011606413179543],[121.70840945552452,25.013863331693337],[121.71088626152007,25.01385151130037],[121.71087326763538,25.011594593996914],[121.70839650690272,25.011606413179543]]]}},{"type":"Feature","properties":{"cell_id":"65000:250:11069:1287","county_id":"65000","city":"NewTaipei","district":"平溪區","population_estimate":0.0,"population_known_estimate":0.0,"population_data_fraction":1.0,"population_method":"residential_support","population_period":"2024-12","population_density_per_km2":0.0,"bus_walk_mean_m":null,"bus_walk_p90_m":null,"bus_known_weight":0.0,"metro_walk_mean_m":null,"metro_known_weight":0.0,"position_status":"fallback_unverified","classification":"zero_residential_proxy","residential_gap":false},"geometry":{"type":"Polygon","coordinates":[[[121.71087326763538,25.011594593996914],[121.71088626152007,25.01385151130037],[121.71336306594354,25.01383964965933],[121.71335002679609,25.01158273357042],[121.71087326763538,25.011594593996914]]]}},{"type":"Feature","properties":{"cell_id":"65000:250:11069:1288","county_id":"65000","city":"NewTaipei","district":"平溪區","population_estimate":0.0,"population_known_estimate":0.0,"population_data_fraction":1.0,"population_method":"residential_support","population_period":"2024-12","population_density_per_km2":0.0,"bus_walk_mean_m":null,"bus_walk_p90_m":null,"bus_known_weight":0.0,"metro_walk_mean_m":null,"metro_known_weight":0.0,"position_status":"fallback_unverified","classification":"zero_residential_proxy","residential_gap":false},"geometry":{"type":"Polygon","coordinates":[[[121.71335002679609,25.01158273357042],[121.71336306594354,25.01383964965933],[121.71583986878947,25.013827746770307],[121.7158267843794,25.01157083190018],[121.71335002679609,25.01158273357042]]]}},{"type":"Feature","properties":{"cell_id":"65000:250:11069:1289","county_id":"65000","city":"NewTaipei","district":"平溪區","population_estimate":0.0,"population_known_estimate":0.0,"population_data_fraction":1.0,"population_method":"residential_support","population_period":"2024-12","population_density_per_km2":0.0,"bus_walk_mean_m":1418.2181352697808,"bus_walk_p90_m":1418.2181352697808,"bus_known_weight":1.0,"metro_walk_mean_m":15529.761854191096,"metro_known_weight":1.0,"position_status":"fallback_unverified","classification":"zero_residential_proxy","residential_gap":false},"geometry":{"type":"Polygon","coordinates":[[[121.7158267843794,25.01157083190018],[121.71583986878947,25.013827746770307],[121.71831667005242,25.013815802633413],[121.71830354037985,25.011558888986283],[121.7158267843794,25.01157083190018]]]}},{"type":"Feature","properties":{"cell_id":"65000:250:11069:1290","county_id":"65000","city":"NewTaipei","district":"平溪區","population_estimate":0.0,"population_known_estimate":0.0,"population_data_fraction":1.0,"population_method":"residential_support","population_period":"2024-12","population_density_per_km2":0.0,"bus_walk_mean_m":null,"bus_walk_p90_m":null,"bus_known_weight":0.0,"metro_walk_mean_m":null,"metro_known_weight":0.0,"position_status":"fallback_unverified","classification":"zero_residential_proxy","residential_gap":false},"geometry":{"type":"Polygon","coordinates":[[[121.71830354037985,25.011558888986283],[121.71831667005242,25.013815802633413],[121.72079346972686,25.013803817248743],[121.7207802947919,25.011546904828844],[121.71830354037985,25.011558888986283]]]}},{"type":"Feature","properties":{"cell_id":"65000:250:11069:1291","county_id":"65000","city":"NewTaipei","district":"平溪區","population_estimate":0.0,"population_known_estimate":0.0,"population_data_fraction":1.0,"population_method":"residential_support","population_period":"2024-12","population_density_per_km2":0.0,"bus_walk_mean_m":1472.7768356453926,"bus_walk_p90_m":1472.7768356453926,"bus_known_weight":1.0,"metro_walk_mean_m":16352.589943488434,"metro_known_weight":1.0,"position_status":"fallback_unverified","classification":"zero_residential_proxy","residential_gap":false},"geometry":{"type":"Polygon","coordinates":[[[121.7207802947919,25.011546904828844],[121.72079346972686,25.013803817248743],[121.72327026780732,25.013791790616416],[121.72325704761012,25.011534879427956],[121.7207802947919,25.011546904828844]]]}},{"type":"Feature","properties":{"cell_id":"65000:250:11069:1292","county_id":"65000","city":"NewTaipei","district":"平溪區","population_estimate":0.0,"population_known_estimate":0.0,"population_data_fraction":1.0,"population_method":"residential_support","population_period":"2024-12","population_density_per_km2":0.0,"bus_walk_mean_m":1907.0972012599905,"bus_walk_p90_m":1907.0972012599905,"bus_known_weight":1.0,"metro_walk_mean_m":17593.28211587551,"metro_known_weight":1.0,"position_status":"fallback_unverified","classification":"zero_residential_proxy","residential_gap":false},"geometry":{"type":"Polygon","coordinates":[[[121.72325704761012,25.011534879427956],[121.72327026780732,25.013791790616416],[121.72574706428836,25.013779722736516],[121.72573379882904,25.01152281278373],[121.72325704761012,25.011534879427956]]]}},{"type":"Feature","properties":{"cell_id":"65000:250:11069:1293","county_id":"65000","city":"NewTaipei","district":"平溪區","population_estimate":0.0,"population_known_estimate":0.0,"population_data_fraction":0.9999999999999999,"population_method":"residential_support","population_period":"2024-12","population_density_per_km2":0.0,"bus_walk_mean_m":null,"bus_walk_p90_m":null,"bus_known_weight":0.0,"metro_walk_mean_m":null,"metro_known_weight":0.0,"position_status":"fallback_unverified","classification":"zero_residential_proxy","residential_gap":false},"geometry":{"type":"Polygon","coordinates":[[[121.72573379882904,25.01152281278373],[121.72574706428836,25.013779722736516],[121.72822385916449,25.01376761360916],[121.72821054844317,25.011510704896278],[121.72573379882904,25.01152281278373]]]}},{"type":"Feature","properties":{"cell_id":"65000:250:11069:1294","county_id":"65000","city":"NewTaipei","district":"平溪區","population_estimate":0.0,"population_known_estimate":0.0,"population_data_fraction":1.0,"population_method":"residential_support","population_period":"2024-12","population_density_per_km2":0.0,"bus_walk_mean_m":null,"bus_walk_p90_m":null,"bus_known_weight":0.0,"metro_walk_mean_m":null,"metro_known_weight":0.0,"position_status":"fallback_unverified","classification":"zero_residential_proxy","residential_gap":false},"geometry":{"type":"Polygon","coordinates":[[[121.72821054844317,25.011510704896278],[121.72822385916449,25.01376761360916],[121.73070065243022,25.013755463234457],[121.73068729644706,25.011498555765687],[121.72821054844317,25.011510704896278]]]}},{"type":"Feature","properties":{"cell_id":"65000:250:11069:1295","county_id":"65000","city":"NewTaipei","district":"平溪區","population_estimate":0.0,"population_known_estimate":0.0,"population_data_fraction":1.0,"population_method":"residential_support","population_period":"2024-12","population_density_per_km2":0.0,"bus_walk_mean_m":null,"bus_walk_p90_m":null,"bus_known_weight":0.0,"metro_walk_mean_m":null,"metro_known_weight":0.0,"position_status":"fallback_unverified","classification":"zero_residential_proxy","residential_gap":false},"geometry":{"type":"Polygon","coordinates":[[[121.73068729644706,25.011498555765687],[121.73070065243022,25.013755463234457],[121.73317744408008,25.013743271612505],[121.73316404283518,25.011486365392066],[121.73068729644706,25.011498555765687]]]}},{"type":"Feature","properties":{"cell_id":"65000:250:11069:1296","county_id":"65000","city":"NewTaipei","district":"平溪區","population_estimate":0.0,"population_known_estimate":0.0,"population_data_fraction":1.0,"population_method":"residential_support","population_period":"2024-12","population_density_per_km2":0.0,"bus_walk_mean_m":1622.0653648556056,"bus_walk_p90_m":1622.0653648556056,"bus_known_weight":1.0,"metro_walk_mean_m":17773.100729416477,"metro_known_weight":1.0,"position_status":"fallback_unverified","classification":"zero_residential_proxy","residential_gap":false},"geometry":{"type":"Polygon","coordinates":[[[121.73316404283518,25.011486365392066],[121.73317744408008,25.013743271612505],[121.73565423410862,25.013731038743405],[121.73564078760212,25.011474133775536],[121.73316404283518,25.011486365392066]]]}},{"type":"Feature","properties":{"cell_id":"65000:250:11069:1297","county_id":"65000","city":"NewTaipei","district":"平溪區","population_estimate":0.0,"population_known_estimate":0.0,"population_data_fraction":1.0,"population_method":"residential_support","population_period":"2024-12","population_density_per_km2":0.0,"bus_walk_mean_m":1991.9465771719506,"bus_walk_p90_m":1991.9465771719506,"bus_known_weight":1.0,"metro_walk_mean_m":18142.98194173282,"metro_known_weight":1.0,"position_status":"fallback_unverified","classification":"zero_residential_proxy","residential_gap":false},"geometry":{"type":"Polygon","coordinates":[[[121.73564078760212,25.011474133775536],[121.73565423410862,25.013731038743405],[121.73813102251033,25.01371876462727],[121.73811753074236,25.011461860916192],[121.73564078760212,25.011474133775536]]]}},{"type":"Feature","properties":{"cell_id":"65000:250:11069:1298","county_id":"65000","city":"NewTaipei","district":"平溪區","population_estimate":0.0,"population_known_estimate":0.0,"population_data_fraction":0.9999999999999999,"population_method":"residential_support","population_period":"2024-12","population_density_per_km2":0.0,"bus_walk_mean_m":2131.372789554205,"bus_walk_p90_m":2131.372789554205,"bus_known_weight":1.0,"metro_walk_mean_m":18355.241258127036,"metro_known_weight":1.0,"position_status":"fallback_unverified","classification":"zero_residential_proxy","residential_gap":false},"geometry":{"type":"Polygon","coordinates":[[[121.73811753074236,25.011461860916192],[121.73813102251033,25.01371876462727],[121.74060780927977,25.013706449264212],[121.74059427225043,25.011449546814138],[121.73811753074236,25.011461860916192]]]}},{"type":"Feature","properties":{"cell_id":"65000:250:11069:1299","county_id":"65000","city":"NewTaipei","district":"平溪區","population_estimate":0.0,"population_known_estimate":0.0,"population_data_fraction":1.0,"population_method":"residential_support","population_period":"2024-12","population_density_per_km2":0.0,"bus_walk_mean_m":null,"bus_walk_p90_m":null,"bus_known_weight":0.0,"metro_walk_mean_m":null,"metro_known_weight":0.0,"position_status":"fallback_unverified","classification":"zero_residential_proxy","residential_gap":false},"geometry":{"type":"Polygon","coordinates":[[[121.74059427225043,25.011449546814138],[121.74060780927977,25.013706449264212],[121.74308459441141,25.01369409265433],[121.74307101212088,25.01143719146949],[121.74059427225043,25.011449546814138]]]}},{"type":"Feature","properties":{"cell_id":"65000:250:11069:1300","county_id":"65000","city":"NewTaipei","district":"平溪區","population_estimate":0.0,"population_known_estimate":0.0,"population_data_fraction":1.0,"population_method":"residential_support","population_period":"2024-12","population_density_per_km2":0.0,"bus_walk_mean_m":null,"bus_walk_p90_m":null,"bus_known_weight":0.0,"metro_walk_mean_m":null,"metro_known_weight":0.0,"position_status":"fallback_unverified","classification":"zero_residential_proxy","residential_gap":false},"geometry":{"type":"Polygon","coordinates":[[[121.74307101212088,25.01143719146949],[121.74308459441141,25.01369409265433],[121.74556137789983,25.013681694797725],[121.74554775034822,25.011424794882345],[121.74307101212088,25.01143719146949]]]}},{"type":"Feature","properties":{"cell_id":"65000:250:11069:1301","county_id":"65000","city":"NewTaipei","district":"平溪區","population_estimate":0.0,"population_known_estimate":0.0,"population_data_fraction":1.0,"population_method":"residential_support","population_period":"2024-12","population_density_per_km2":0.0,"bus_walk_mean_m":1571.703326924359,"bus_walk_p90_m":1571.703326924359,"bus_known_weight":1.0,"metro_walk_mean_m":20115.620151508992,"metro_known_weight":1.0,"position_status":"fallback_unverified","classification":"zero_residential_proxy","residential_gap":false},"geometry":{"type":"Polygon","coordinates":[[[121.74554775034822,25.011424794882345],[121.74556137789983,25.013681694797725],[121.74803815973952,25.01366925569452],[121.74802448692698,25.011412357052812],[121.74554775034822,25.011424794882345]]]}},{"type":"Feature","properties":{"cell_id":"65000:250:11069:1302","county_id":"65000","city":"NewTaipei","district":"平溪區","population_estimate":0.0,"population_known_estimate":0.0,"population_data_fraction":1.0,"population_method":"residential_support","population_period":"2024-12","population_density_per_km2":0.0,"bus_walk_mean_m":1479.6190039448122,"bus_walk_p90_m":1479.6190039448122,"bus_known_weight":1.0,"metro_walk_mean_m":20128.90048921638,"metro_known_weight":1.0,"position_status":"fallback_unverified","classification":"zero_residential_proxy","residential_gap":false},"geometry":{"type":"Polygon","coordinates":[[[121.74802448692698,25.011412357052812],[121.74803815973952,25.01366925569452],[121.75051493992503,25.01365677534481],[121.75050122185166,25.01139987798101],[121.74802448692698,25.011412357052812]]]}},{"type":"Feature","properties":{"cell_id":"65000:250:11069:1303","county_id":"65000","city":"NewTaipei","district":"平溪區","population_estimate":16.051592838346735,"population_known_estimate":16.051592838346735,"population_data_fraction":1.0,"population_method":"residential_support","population_period":"2024-12","population_density_per_km2":256.82548541354777,"bus_walk_mean_m":955.4110913013244,"bus_walk_p90_m":994.1792092797161,"bus_known_weight":1.0000000000000002,"metro_walk_mean_m":19998.920242079133,"metro_known_weight":1.0000000000000002,"position_status":"residential_area_proxy","classification":"residential_coverage_candidate","residential_gap":true},"geometry":{"type":"Polygon","coordinates":[[[121.75050122185166,25.01139987798101],[121.75051493992503,25.01365677534481],[121.75299171845084,25.01364425374871],[121.7529779551168,25.011387357667033],[121.75050122185166,25.01139987798101]]]}},{"type":"Feature","properties":{"cell_id":"65000:250:11069:1304","county_id":"65000","city":"NewTaipei","district":"平溪區","population_estimate":10.394552525720266,"population_known_estimate":10.394552525720266,"population_data_fraction":1.0,"population_method":"residential_support","population_period":"2024-12","population_density_per_km2":166.31284041152426,"bus_walk_mean_m":1038.4303541786644,"bus_walk_p90_m":1045.1186740978615,"bus_known_weight":1.0,"metro_walk_mean_m":20081.939504956474,"metro_known_weight":1.0,"position_status":"residential_area_proxy","classification":"residential_coverage_candidate","residential_gap":true},"geometry":{"type":"Polygon","coordinates":[[[121.7529779551168,25.011387357667033],[121.75299171845084,25.01364425374871],[121.75546849531155,25.013631690906323],[121.75545468671694,25.011374796110996],[121.7529779551168,25.011387357667033]]]}},{"type":"Feature","properties":{"cell_id":"65000:250:11069:1305","county_id":"65000","city":"NewTaipei","district":"平溪區","population_estimate":0.0,"population_known_estimate":0.0,"population_data_fraction":1.0,"population_method":"residential_support","population_period":"2024-12","population_density_per_km2":0.0,"bus_walk_mean_m":null,"bus_walk_p90_m":null,"bus_known_weight":0.0,"metro_walk_mean_m":null,"metro_known_weight":0.0,"position_status":"fallback_unverified","classification":"zero_residential_proxy","residential_gap":false},"geometry":{"type":"Polygon","coordinates":[[[121.75545468671694,25.011374796110996],[121.75546849531155,25.013631690906323],[121.75794527050162,25.01361908681776],[121.7579314166466,25.011362193313005],[121.75545468671694,25.011374796110996]]]}},{"type":"Feature","properties":{"cell_id":"65000:250:11069:1306","county_id":"65000","city":"NewTaipei","district":"平溪區","population_estimate":0.6964571218860242,"population_known_estimate":0.6964571218860242,"population_data_fraction":1.0,"population_method":"uniform_proxy","population_period":"2024-12","population_density_per_km2":11.143313950176386,"bus_walk_mean_m":2098.739942259743,"bus_walk_p90_m":2098.739942259743,"bus_known_weight":1.0,"metro_walk_mean_m":20461.4316421139,"metro_known_weight":1.0,"position_status":"fallback_unverified","classification":"residential_coverage_candidate","residential_gap":true},"geometry":{"type":"Polygon","coordinates":[[[121.7579314166466,25.011362193313005],[121.75794527050162,25.01361908681776],[121.7604220440156,25.013606441483134],[121.76040814490031,25.011349549273174],[121.7579314166466,25.011362193313005]]]}},{"type":"Feature","properties":{"cell_id":"65000:250:11069:1307","county_id":"65000","city":"NewTaipei","district":"平溪區","population_estimate":1.0139041053141904,"population_known_estimate":1.0139041053141904,"population_data_fraction":1.0,"population_method":"uniform_proxy","population_period":"2024-12","population_density_per_km2":16.222465685027046,"bus_walk_mean_m":2737.259840639381,"bus_walk_p90_m":2737.259840639381,"bus_known_weight":1.0,"metro_walk_mean_m":21261.071945680695,"metro_known_weight":1.0,"position_status":"fallback_unverified","classification":"residential_coverage_candidate","residential_gap":true},"geometry":{"type":"Polygon","coordinates":[[[121.76040814490031,25.011349549273174],[121.7604220440156,25.013606441483134],[121.76289881584802,25.01359375490255],[121.76288487147258,25.011336863991605],[121.76040814490031,25.011349549273174]]]}},{"type":"Feature","properties":{"cell_id":"65000:250:11069:1308","county_id":"65000","city":"NewTaipei","district":"平溪區","population_estimate":0.9721065009674816,"population_known_estimate":0.9721065009674816,"population_data_fraction":1.0,"population_method":"uniform_proxy","population_period":"2024-12","population_density_per_km2":15.553704015479706,"bus_walk_mean_m":2872.8411247212657,"bus_walk_p90_m":2872.8411247212657,"bus_known_weight":1.0,"metro_walk_mean_m":21396.65322976258,"metro_known_weight":1.0,"position_status":"fallback_unverified","classification":"residential_coverage_candidate","residential_gap":true},"geometry":{"type":"Polygon","coordinates":[[[121.76288487147258,25.011336863991605],[121.76289881584802,25.01359375490255],[121.76537558599337,25.013581027076125],[121.76536159635793,25.01132413746842],[121.76288487147258,25.011336863991605]]]}},{"type":"Feature","properties":{"cell_id":"65000:250:11069:1309","county_id":"65000","city":"NewTaipei","district":"平溪區","population_estimate":0.5375915413649373,"population_known_estimate":0.5375915413649373,"population_data_fraction":1.0,"population_method":"uniform_proxy","population_period":"2024-12","population_density_per_km2":8.601464661838996,"bus_walk_mean_m":null,"bus_walk_p90_m":null,"bus_known_weight":0.0,"metro_walk_mean_m":null,"metro_known_weight":0.0,"position_status":"fallback_unverified","classification":"unresolved_walk_evidence","residential_gap":false},"geometry":{"type":"Polygon","coordinates":[[[121.76536159635793,25.01132413746842],[121.76537558599337,25.013581027076125],[121.76785235444622,25.013568258003957],[121.7678383195509,25.01131136970372],[121.76536159635793,25.01132413746842]]]}},{"type":"Feature","properties":{"cell_id":"65000:250:11069:1310","county_id":"65000","city":"NewTaipei","district":"平溪區","population_estimate":0.517707623373283,"population_known_estimate":0.517707623373283,"population_data_fraction":1.0,"population_method":"uniform_proxy","population_period":"2024-12","population_density_per_km2":8.283321973972528,"bus_walk_mean_m":2657.920065274976,"bus_walk_p90_m":2657.920065274976,"bus_known_weight":1.0,"metro_walk_mean_m":22131.712237779353,"metro_known_weight":1.0,"position_status":"fallback_unverified","classification":"residential_coverage_candidate","residential_gap":true},"geometry":{"type":"Polygon","coordinates":[[[121.7678383195509,25.01131136970372],[121.76785235444622,25.013568258003957],[121.77032912120107,25.013555447686162],[121.770315041046,25.011298560697615],[121.7678383195509,25.01131136970372]]]}},{"type":"Feature","properties":{"cell_id":"65000:250:11069:1311","county_id":"65000","city":"NewTaipei","district":"平溪區","population_estimate":0.517707623373283,"population_known_estimate":0.517707623373283,"population_data_fraction":1.0,"population_method":"uniform_proxy","population_period":"2024-12","population_density_per_km2":8.283321973972528,"bus_walk_mean_m":2583.3447488505367,"bus_walk_p90_m":2583.3447488505367,"bus_known_weight":1.0,"metro_walk_mean_m":22240.28595415084,"metro_known_weight":1.0,"position_status":"fallback_unverified","classification":"residential_coverage_candidate","residential_gap":true},"geometry":{"type":"Polygon","coordinates":[[[121.770315041046,25.011298560697615],[121.77032912120107,25.013555447686162],[121.77280588625246,25.01354259612286],[121.77279176083779,25.011285710450217],[121.770315041046,25.011298560697615]]]}},{"type":"Feature","properties":{"cell_id":"65000:250:11069:1312","county_id":"65000","city":"NewTaipei","district":"平溪區","population_estimate":0.517707623373283,"population_known_estimate":0.517707623373283,"population_data_fraction":1.0,"population_method":"uniform_proxy","population_period":"2024-12","population_density_per_km2":8.283321973972528,"bus_walk_mean_m":2037.7765963940722,"bus_walk_p90_m":2037.7765963940722,"bus_known_weight":1.0,"metro_walk_mean_m":22591.42682340465,"metro_known_weight":1.0,"position_status":"fallback_unverified","classification":"residential_coverage_candidate","residential_gap":true},"geometry":{"type":"Polygon","coordinates":[[[121.77279176083779,25.011285710450217],[121.77280588625246,25.01354259612286],[121.77528264959491,25.013529703314155],[121.77526847892078,25.011272818961647],[121.77279176083779,25.011285710450217]]]}},{"type":"Feature","properties":{"cell_id":"65000:250:11069:1313","county_id":"65000","city":"NewTaipei","district":"平溪區","population_estimate":0.517707623373283,"population_known_estimate":0.517707623373283,"population_data_fraction":1.0,"population_method":"uniform_proxy","population_period":"2024-12","population_density_per_km2":8.283321973972528,"bus_walk_mean_m":2451.7788935154663,"bus_walk_p90_m":2451.7788935154663,"bus_known_weight":1.0,"metro_walk_mean_m":22930.583587126355,"metro_known_weight":1.0,"position_status":"fallback_unverified","classification":"residential_coverage_candidate","residential_gap":true},"geometry":{"type":"Polygon","coordinates":[[[121.77526847892078,25.011272818961647],[121.77528264959491,25.013529703314155],[121.77775941122292,25.013516769260153],[121.77774519528947,25.011259886232],[121.77526847892078,25.011272818961647]]]}},{"type":"Feature","properties":{"cell_id":"65000:250:11069:1314","county_id":"65000","city":"NewTaipei","district":"平溪區","population_estimate":0.517707623373283,"population_known_estimate":0.517707623373283,"population_data_fraction":1.0,"population_method":"uniform_proxy","population_period":"2024-12","population_density_per_km2":8.283321973972528,"bus_walk_mean_m":null,"bus_walk_p90_m":null,"bus_known_weight":0.0,"metro_walk_mean_m":null,"metro_known_weight":0.0,"position_status":"fallback_unverified","classification":"unresolved_walk_evidence","residential_gap":false},"geometry":{"type":"Polygon","coordinates":[[[121.77774519528947,25.011259886232],[121.77775941122292,25.013516769260153],[121.78023617113107,25.01350379396098],[121.78022190993839,25.0112469122614],[121.77774519528947,25.011259886232]]]}},{"type":"Feature","properties":{"cell_id":"65000:250:11069:1315","county_id":"65000","city":"NewTaipei","district":"平溪區","population_estimate":0.09487071034422805,"population_known_estimate":0.09487071034422805,"population_data_fraction":1.0,"population_method":"uniform_proxy","population_period":"2024-12","population_density_per_km2":1.5179313655076487,"bus_walk_mean_m":2494.226475540004,"bus_walk_p90_m":2494.226475540004,"bus_known_weight":1.0,"metro_walk_mean_m":23294.0391705578,"metro_known_weight":1.0,"position_status":"fallback_unverified","classification":"residential_coverage_candidate","residential_gap":true},"geometry":{"type":"Polygon","coordinates":[[[121.78022190993839,25.0112469122614],[121.78023617113107,25.01350379396098],[121.78271292931382,25.01349077741673],[121.78269862286211,25.01123389704996],[121.78022190993839,25.0112469122614]]]}},{"type":"Feature","properties":{"cell_id":"65000:250:11070:1285","county_id":"65000","city":"NewTaipei","district":"平溪區","population_estimate":0.5990056192467803,"population_known_estimate":0.5990056192467803,"population_data_fraction":1.0,"population_method":"uniform_proxy","population_period":"2024-12","population_density_per_km2":9.584089907948485,"bus_walk_mean_m":null,"bus_walk_p90_m":null,"bus_known_weight":0.0,"metro_walk_mean_m":null,"metro_known_weight":0.0,"position_status":"fallback_unverified","classification":"unresolved_walk_evidence","residential_gap":false},"geometry":{"type":"Polygon","coordinates":[[[121.7059326479624,25.013875110838118],[121.70594555288231,25.01613202986683],[121.70842240571291,25.016120249515897],[121.70840945552452,25.013863331693337],[121.7059326479624,25.013875110838118]]]}},{"type":"Feature","properties":{"cell_id":"65000:250:11070:1286","county_id":"65000","city":"NewTaipei","district":"平溪區","population_estimate":0.0,"population_known_estimate":0.0,"population_data_fraction":1.0,"population_method":"residential_support","population_period":"2024-12","population_density_per_km2":0.0,"bus_walk_mean_m":null,"bus_walk_p90_m":null,"bus_known_weight":0.0,"metro_walk_mean_m":null,"metro_known_weight":0.0,"position_status":"fallback_unverified","classification":"zero_residential_proxy","residential_gap":false},"geometry":{"type":"Polygon","coordinates":[[[121.70840945552452,25.013863331693337],[121.70842240571291,25.016120249515897],[121.71089925697682,25.01610842791256],[121.71088626152007,25.01385151130037],[121.70840945552452,25.013863331693337]]]}},{"type":"Feature","properties":{"cell_id":"65000:250:11070:1287","county_id":"65000","city":"NewTaipei","district":"平溪區","population_estimate":0.0,"population_known_estimate":0.0,"population_data_fraction":1.0,"population_method":"residential_support","population_period":"2024-12","population_density_per_km2":0.0,"bus_walk_mean_m":null,"bus_walk_p90_m":null,"bus_known_weight":0.0,"metro_walk_mean_m":null,"metro_known_weight":0.0,"position_status":"fallback_unverified","classification":"zero_residential_proxy","residential_gap":false},"geometry":{"type":"Polygon","coordinates":[[[121.71088626152007,25.01385151130037],[121.71089925697682,25.01610842791256],[121.71337610666853,25.01609656505692],[121.71336306594354,25.01383964965933],[121.71088626152007,25.01385151130037]]]}},{"type":"Feature","properties":{"cell_id":"65000:250:11070:1288","county_id":"65000","city":"NewTaipei","district":"平溪區","population_estimate":0.0,"population_known_estimate":0.0,"population_data_fraction":1.0,"population_method":"residential_support","population_period":"2024-12","population_density_per_km2":0.0,"bus_walk_mean_m":null,"bus_walk_p90_m":null,"bus_known_weight":0.0,"metro_walk_mean_m":null,"metro_known_weight":0.0,"position_status":"fallback_unverified","classification":"zero_residential_proxy","residential_gap":false},"geometry":{"type":"Polygon","coordinates":[[[121.71336306594354,25.01383964965933],[121.71337610666853,25.01609656505692],[121.71585295478256,25.016084660949073],[121.71583986878947,25.013827746770307],[121.71336306594354,25.01383964965933]]]}},{"type":"Feature","properties":{"cell_id":"65000:250:11070:1289","county_id":"65000","city":"NewTaipei","district":"平溪區","population_estimate":0.0,"population_known_estimate":0.0,"population_data_fraction":1.0,"population_method":"residential_support","population_period":"2024-12","population_density_per_km2":0.0,"bus_walk_mean_m":1141.8500288630996,"bus_walk_p90_m":1141.8500288630996,"bus_known_weight":1.0,"metro_walk_mean_m":15253.393747784416,"metro_known_weight":1.0,"position_status":"fallback_unverified","classification":"zero_residential_proxy","residential_gap":false},"geometry":{"type":"Polygon","coordinates":[[[121.71583986878947,25.013827746770307],[121.71585295478256,25.016084660949073],[121.71832980131347,25.016072715589136],[121.71831667005242,25.013815802633413],[121.71583986878947,25.013827746770307]]]}},{"type":"Feature","properties":{"cell_id":"65000:250:11070:1290","county_id":"65000","city":"NewTaipei","district":"平溪區","population_estimate":0.0,"population_known_estimate":0.0,"population_data_fraction":1.0,"population_method":"residential_support","population_period":"2024-12","population_density_per_km2":0.0,"bus_walk_mean_m":null,"bus_walk_p90_m":null,"bus_known_weight":0.0,"metro_walk_mean_m":null,"metro_known_weight":0.0,"position_status":"fallback_unverified","classification":"zero_residential_proxy","residential_gap":false},"geometry":{"type":"Polygon","coordinates":[[[121.71831667005242,25.013815802633413],[121.71832980131347,25.016072715589136],[121.72080664625575,25.016060728977198],[121.72079346972686,25.013803817248743],[121.71831667005242,25.013815802633413]]]}},{"type":"Feature","properties":{"cell_id":"65000:250:11070:1291","county_id":"65000","city":"NewTaipei","district":"平溪區","population_estimate":0.0,"population_known_estimate":0.0,"population_data_fraction":1.0,"population_method":"residential_support","population_period":"2024-12","population_density_per_km2":0.0,"bus_walk_mean_m":1126.069543302657,"bus_walk_p90_m":1126.069543302657,"bus_known_weight":1.0,"metro_walk_mean_m":16005.882651145697,"metro_known_weight":1.0,"position_status":"fallback_unverified","classification":"zero_residential_proxy","residential_gap":false},"geometry":{"type":"Polygon","coordinates":[[[121.72079346972686,25.013803817248743],[121.72080664625575,25.016060728977198],[121.72328348960397,25.016048701113377],[121.72327026780732,25.013791790616416],[121.72079346972686,25.013803817248743]]]}},{"type":"Feature","properties":{"cell_id":"65000:250:11070:1292","county_id":"65000","city":"NewTaipei","district":"平溪區","population_estimate":0.0,"population_known_estimate":0.0,"population_data_fraction":1.0,"population_method":"residential_support","population_period":"2024-12","population_density_per_km2":0.0,"bus_walk_mean_m":1744.7176286359672,"bus_walk_p90_m":1744.7176286359672,"bus_known_weight":1.0,"metro_walk_mean_m":17768.15708935156,"metro_known_weight":1.0,"position_status":"fallback_unverified","classification":"zero_residential_proxy","residential_gap":false},"geometry":{"type":"Polygon","coordinates":[[[121.72327026780732,25.013791790616416],[121.72328348960397,25.016048701113377],[121.72576033135259,25.016036631997764],[121.72574706428836,25.013779722736516],[121.72327026780732,25.013791790616416]]]}},{"type":"Feature","properties":{"cell_id":"65000:250:11070:1293","county_id":"65000","city":"NewTaipei","district":"平溪區","population_estimate":0.0,"population_known_estimate":0.0,"population_data_fraction":1.0,"population_method":"residential_support","population_period":"2024-12","population_density_per_km2":0.0,"bus_walk_mean_m":1598.7834006537555,"bus_walk_p90_m":1598.7834006537555,"bus_known_weight":1.0,"metro_walk_mean_m":17749.818765214633,"metro_known_weight":1.0,"position_status":"fallback_unverified","classification":"zero_residential_proxy","residential_gap":false},"geometry":{"type":"Polygon","coordinates":[[[121.72574706428836,25.013779722736516],[121.72576033135259,25.016036631997764],[121.72823717149618,25.016024521630477],[121.72822385916449,25.01376761360916],[121.72574706428836,25.013779722736516]]]}},{"type":"Feature","properties":{"cell_id":"65000:250:11070:1294","county_id":"65000","city":"NewTaipei","district":"平溪區","population_estimate":0.0,"population_known_estimate":0.0,"population_data_fraction":1.0,"population_method":"residential_support","population_period":"2024-12","population_density_per_km2":0.0,"bus_walk_mean_m":null,"bus_walk_p90_m":null,"bus_known_weight":0.0,"metro_walk_mean_m":null,"metro_known_weight":0.0,"position_status":"fallback_unverified","classification":"zero_residential_proxy","residential_gap":false},"geometry":{"type":"Polygon","coordinates":[[[121.72822385916449,25.01376761360916],[121.72823717149618,25.016024521630477],[121.73071401002926,25.016012370011605],[121.73070065243022,25.013755463234457],[121.72822385916449,25.01376761360916]]]}},{"type":"Feature","properties":{"cell_id":"65000:250:11070:1295","county_id":"65000","city":"NewTaipei","district":"平溪區","population_estimate":0.0,"population_known_estimate":0.0,"population_data_fraction":1.0,"population_method":"residential_support","population_period":"2024-12","population_density_per_km2":0.0,"bus_walk_mean_m":1268.5656090719654,"bus_walk_p90_m":1268.5656090719654,"bus_known_weight":1.0,"metro_walk_mean_m":17419.600973632838,"metro_known_weight":1.0,"position_status":"fallback_unverified","classification":"zero_residential_proxy","residential_gap":false},"geometry":{"type":"Polygon","coordinates":[[[121.73070065243022,25.013755463234457],[121.73071401002926,25.016012370011605],[121.73319084694633,25.01600017714126],[121.73317744408008,25.013743271612505],[121.73070065243022,25.013755463234457]]]}},{"type":"Feature","properties":{"cell_id":"65000:250:11070:1296","county_id":"65000","city":"NewTaipei","district":"平溪區","population_estimate":0.0,"population_known_estimate":0.0,"population_data_fraction":1.0,"population_method":"residential_support","population_period":"2024-12","population_density_per_km2":0.0,"bus_walk_mean_m":null,"bus_walk_p90_m":null,"bus_known_weight":0.0,"metro_walk_mean_m":null,"metro_known_weight":0.0,"position_status":"fallback_unverified","classification":"zero_residential_proxy","residential_gap":false},"geometry":{"type":"Polygon","coordinates":[[[121.73317744408008,25.013743271612505],[121.73319084694633,25.01600017714126],[121.73566768224194,25.015987943019564],[121.73565423410862,25.013731038743405],[121.73317744408008,25.013743271612505]]]}},{"type":"Feature","properties":{"cell_id":"65000:250:11070:1297","county_id":"65000","city":"NewTaipei","district":"平溪區","population_estimate":0.0,"population_known_estimate":0.0,"population_data_fraction":1.0,"population_method":"residential_support","population_period":"2024-12","population_density_per_km2":0.0,"bus_walk_mean_m":null,"bus_walk_p90_m":null,"bus_known_weight":0.0,"metro_walk_mean_m":null,"metro_known_weight":0.0,"position_status":"fallback_unverified","classification":"zero_residential_proxy","residential_gap":false},"geometry":{"type":"Polygon","coordinates":[[[121.73565423410862,25.013731038743405],[121.73566768224194,25.015987943019564],[121.7381445159106,25.015975667646604],[121.73813102251033,25.01371876462727],[121.73565423410862,25.013731038743405]]]}},{"type":"Feature","properties":{"cell_id":"65000:250:11070:1298","county_id":"65000","city":"NewTaipei","district":"平溪區","population_estimate":0.0,"population_known_estimate":0.0,"population_data_fraction":1.0,"population_method":"residential_support","population_period":"2024-12","population_density_per_km2":0.0,"bus_walk_mean_m":1643.6135817800682,"bus_walk_p90_m":1643.6135817800682,"bus_known_weight":1.0,"metro_walk_mean_m":18047.11162300364,"metro_known_weight":1.0,"position_status":"fallback_unverified","classification":"zero_residential_proxy","residential_gap":false},"geometry":{"type":"Polygon","coordinates":[[[121.73813102251033,25.01371876462727],[121.7381445159106,25.015975667646604],[121.74062134794683,25.015963351022485],[121.74060780927977,25.013706449264212],[121.73813102251033,25.01371876462727]]]}},{"type":"Feature","properties":{"cell_id":"65000:250:11070:1299","county_id":"65000","city":"NewTaipei","district":"平溪區","population_estimate":0.0,"population_known_estimate":0.0,"population_data_fraction":1.0,"population_method":"residential_support","population_period":"2024-12","population_density_per_km2":0.0,"bus_walk_mean_m":null,"bus_walk_p90_m":null,"bus_known_weight":0.0,"metro_walk_mean_m":null,"metro_known_weight":0.0,"position_status":"fallback_unverified","classification":"zero_residential_proxy","residential_gap":false},"geometry":{"type":"Polygon","coordinates":[[[121.74060780927977,25.013706449264212],[121.74062134794683,25.015963351022485],[121.74309817834518,25.015950993147325],[121.74308459441141,25.01369409265433],[121.74060780927977,25.013706449264212]]]}},{"type":"Feature","properties":{"cell_id":"65000:250:11070:1300","county_id":"65000","city":"NewTaipei","district":"平溪區","population_estimate":0.0,"population_known_estimate":0.0,"population_data_fraction":1.0,"population_method":"residential_support","population_period":"2024-12","population_density_per_km2":0.0,"bus_walk_mean_m":null,"bus_walk_p90_m":null,"bus_known_weight":0.0,"metro_walk_mean_m":null,"metro_known_weight":0.0,"position_status":"fallback_unverified","classification":"zero_residential_proxy","residential_gap":false},"geometry":{"type":"Polygon","coordinates":[[[121.74308459441141,25.01369409265433],[121.74309817834518,25.015950993147325],[121.74557500710014,25.015938594021218],[121.74556137789983,25.013681694797725],[121.74308459441141,25.01369409265433]]]}},{"type":"Feature","properties":{"cell_id":"65000:250:11070:1301","county_id":"65000","city":"NewTaipei","district":"平溪區","population_estimate":0.0,"population_known_estimate":0.0,"population_data_fraction":1.0,"population_method":"residential_support","population_period":"2024-12","population_density_per_km2":0.0,"bus_walk_mean_m":null,"bus_walk_p90_m":null,"bus_known_weight":0.0,"metro_walk_mean_m":null,"metro_known_weight":0.0,"position_status":"fallback_unverified","classification":"zero_residential_proxy","residential_gap":false},"geometry":{"type":"Polygon","coordinates":[[[121.74556137789983,25.013681694797725],[121.74557500710014,25.015938594021218],[121.74805183420628,25.015926153644287],[121.74803815973952,25.01366925569452],[121.74556137789983,25.013681694797725]]]}},{"type":"Feature","properties":{"cell_id":"65000:250:11070:1302","county_id":"65000","city":"NewTaipei","district":"平溪區","population_estimate":0.0,"population_known_estimate":0.0,"population_data_fraction":1.0,"population_method":"residential_support","population_period":"2024-12","population_density_per_km2":0.0,"bus_walk_mean_m":1262.6762578038774,"bus_walk_p90_m":1262.6762578038774,"bus_known_weight":1.0,"metro_walk_mean_m":19806.59308238851,"metro_known_weight":1.0,"position_status":"fallback_unverified","classification":"zero_residential_proxy","residential_gap":false},"geometry":{"type":"Polygon","coordinates":[[[121.74803815973952,25.01366925569452],[121.74805183420628,25.015926153644287],[121.75052865965804,25.015913672016627],[121.75051493992503,25.01365677534481],[121.74803815973952,25.01366925569452]]]}},{"type":"Feature","properties":{"cell_id":"65000:250:11070:1303","county_id":"65000","city":"NewTaipei","district":"平溪區","population_estimate":8.281436726468861,"population_known_estimate":8.281436726468861,"population_data_fraction":0.9999999999999999,"population_method":"residential_support","population_period":"2024-12","population_density_per_km2":132.50298762350178,"bus_walk_mean_m":985.6707152132776,"bus_walk_p90_m":1055.462427065392,"bus_known_weight":1.0000000000000002,"metro_walk_mean_m":19529.587539797907,"metro_known_weight":1.0000000000000002,"position_status":"residential_area_proxy","classification":"residential_coverage_candidate","residential_gap":true},"geometry":{"type":"Polygon","coordinates":[[[121.75051493992503,25.01365677534481],[121.75052865965804,25.015913672016627],[121.75300548345004,25.015901149138354],[121.75299171845084,25.01364425374871],[121.75051493992503,25.01365677534481]]]}},{"type":"Feature","properties":{"cell_id":"65000:250:11070:1304","county_id":"65000","city":"NewTaipei","district":"平溪區","population_estimate":1.2673313517394442,"population_known_estimate":1.2673313517394442,"population_data_fraction":1.0,"population_method":"residential_support","population_period":"2024-12","population_density_per_km2":20.277301627831108,"bus_walk_mean_m":1596.9703078523955,"bus_walk_p90_m":1596.9703078523955,"bus_known_weight":1.0,"metro_walk_mean_m":20140.887132437034,"metro_known_weight":1.0,"position_status":"residential_area_proxy","classification":"residential_coverage_candidate","residential_gap":true},"geometry":{"type":"Polygon","coordinates":[[[121.75299171845084,25.01364425374871],[121.75300548345004,25.015901149138354],[121.75548230557676,25.015888585009574],[121.75546849531155,25.013631690906323],[121.75299171845084,25.01364425374871]]]}},{"type":"Feature","properties":{"cell_id":"65000:250:11070:1305","county_id":"65000","city":"NewTaipei","district":"平溪區","population_estimate":0.0,"population_known_estimate":0.0,"population_data_fraction":1.0,"population_method":"residential_support","population_period":"2024-12","population_density_per_km2":0.0,"bus_walk_mean_m":1869.0025324596666,"bus_walk_p90_m":1869.0025324596666,"bus_known_weight":1.0,"metro_walk_mean_m":20231.694232313825,"metro_known_weight":1.0,"position_status":"fallback_unverified","classification":"zero_residential_proxy","residential_gap":false},"geometry":{"type":"Polygon","coordinates":[[[121.75546849531155,25.013631690906323],[121.75548230557676,25.015888585009574],[121.75795912603274,25.015875979630398],[121.75794527050162,25.01361908681776],[121.75546849531155,25.013631690906323]]]}},{"type":"Feature","properties":{"cell_id":"65000:250:11070:1306","county_id":"65000","city":"NewTaipei","district":"平溪區","population_estimate":0.659743151190351,"population_known_estimate":0.659743151190351,"population_data_fraction":1.0,"population_method":"uniform_proxy","population_period":"2024-12","population_density_per_km2":10.555890419045616,"bus_walk_mean_m":1771.6651407265,"bus_walk_p90_m":1771.6651407265,"bus_known_weight":1.0,"metro_walk_mean_m":20134.356840580658,"metro_known_weight":1.0,"position_status":"fallback_unverified","classification":"residential_coverage_candidate","residential_gap":true},"geometry":{"type":"Polygon","coordinates":[[[121.75794527050162,25.01361908681776],[121.75795912603274,25.015875979630398],[121.76043594481247,25.015863333000933],[121.7604220440156,25.013606441483134],[121.75794527050162,25.01361908681776]]]}},{"type":"Feature","properties":{"cell_id":"65000:250:11070:1307","county_id":"65000","city":"NewTaipei","district":"平溪區","population_estimate":1.0139041053141904,"population_known_estimate":1.0139041053141904,"population_data_fraction":1.0,"population_method":"uniform_proxy","population_period":"2024-12","population_density_per_km2":16.222465685027046,"bus_walk_mean_m":2463.5606321774385,"bus_walk_p90_m":2463.5606321774385,"bus_known_weight":1.0,"metro_walk_mean_m":20987.37273721875,"metro_known_weight":1.0,"position_status":"fallback_unverified","classification":"residential_coverage_candidate","residential_gap":true},"geometry":{"type":"Polygon","coordinates":[[[121.7604220440156,25.013606441483134],[121.76043594481247,25.015863333000933],[121.7629127619105,25.01585064512128],[121.76289881584802,25.01359375490255],[121.7604220440156,25.013606441483134]]]}},{"type":"Feature","properties":{"cell_id":"65000:250:11070:1308","county_id":"65000","city":"NewTaipei","district":"平溪區","population_estimate":1.008658915907166,"population_known_estimate":1.008658915907166,"population_data_fraction":1.0,"population_method":"uniform_proxy","population_period":"2024-12","population_density_per_km2":16.138542654514655,"bus_walk_mean_m":2627.3596526492784,"bus_walk_p90_m":2627.3596526492784,"bus_known_weight":1.0,"metro_walk_mean_m":21151.171757690594,"metro_known_weight":1.0,"position_status":"fallback_unverified","classification":"residential_coverage_candidate","residential_gap":true},"geometry":{"type":"Polygon","coordinates":[[[121.76289881584802,25.01359375490255],[121.7629127619105,25.01585064512128],[121.76538957732136,25.01583791599157],[121.76537558599337,25.013581027076125],[121.76289881584802,25.01359375490255]]]}},{"type":"Feature","properties":{"cell_id":"65000:250:11070:1309","county_id":"65000","city":"NewTaipei","district":"平溪區","population_estimate":0.5445623370057097,"population_known_estimate":0.5445623370057097,"population_data_fraction":1.0,"population_method":"uniform_proxy","population_period":"2024-12","population_density_per_km2":8.712997392091355,"bus_walk_mean_m":null,"bus_walk_p90_m":null,"bus_known_weight":0.0,"metro_walk_mean_m":null,"metro_known_weight":0.0,"position_status":"fallback_unverified","classification":"unresolved_walk_evidence","residential_gap":false},"geometry":{"type":"Polygon","coordinates":[[[121.76537558599337,25.013581027076125],[121.76538957732136,25.01583791599157],[121.76786639103955,25.015825145611892],[121.76785235444622,25.013568258003957],[121.76537558599337,25.013581027076125]]]}},{"type":"Feature","properties":{"cell_id":"65000:250:11070:1310","county_id":"65000","city":"NewTaipei","district":"平溪區","population_estimate":0.517707623373283,"population_known_estimate":0.517707623373283,"population_data_fraction":1.0,"population_method":"uniform_proxy","population_period":"2024-12","population_density_per_km2":8.283321973972528,"bus_walk_mean_m":2569.4580068531254,"bus_walk_p90_m":2569.4580068531254,"bus_known_weight":1.0,"metro_walk_mean_m":21740.28600275083,"metro_known_weight":1.0,"position_status":"fallback_unverified","classification":"residential_coverage_candidate","residential_gap":true},"geometry":{"type":"Polygon","coordinates":[[[121.76785235444622,25.013568258003957],[121.76786639103955,25.015825145611892],[121.77034320305962,25.015812333982364],[121.77032912120107,25.013555447686162],[121.76785235444622,25.013568258003957]]]}},{"type":"Feature","properties":{"cell_id":"65000:250:11070:1311","county_id":"65000","city":"NewTaipei","district":"平溪區","population_estimate":0.517707623373283,"population_known_estimate":0.517707623373283,"population_data_fraction":1.0,"population_method":"uniform_proxy","population_period":"2024-12","population_density_per_km2":8.283321973972528,"bus_walk_mean_m":2477.32802425711,"bus_walk_p90_m":2477.32802425711,"bus_known_weight":1.0,"metro_walk_mean_m":22134.269229557416,"metro_known_weight":1.0,"position_status":"fallback_unverified","classification":"residential_coverage_candidate","residential_gap":true},"geometry":{"type":"Polygon","coordinates":[[[121.77032912120107,25.013555447686162],[121.77034320305962,25.015812333982364],[121.77282001337608,25.015799481103105],[121.77280588625246,25.01354259612286],[121.77032912120107,25.013555447686162]]]}},{"type":"Feature","properties":{"cell_id":"65000:250:11070:1312","county_id":"65000","city":"NewTaipei","district":"平溪區","population_estimate":0.517707623373283,"population_known_estimate":0.517707623373283,"population_data_fraction":1.0,"population_method":"uniform_proxy","population_period":"2024-12","population_density_per_km2":8.283321973972528,"bus_walk_mean_m":null,"bus_walk_p90_m":null,"bus_known_weight":0.0,"metro_walk_mean_m":null,"metro_known_weight":0.0,"position_status":"fallback_unverified","classification":"unresolved_walk_evidence","residential_gap":false},"geometry":{"type":"Polygon","coordinates":[[[121.77280588625246,25.01354259612286],[121.77282001337608,25.015799481103105],[121.77529682198347,25.015786586974215],[121.77528264959491,25.013529703314155],[121.77280588625246,25.01354259612286]]]}},{"type":"Feature","properties":{"cell_id":"65000:250:11070:1313","county_id":"65000","city":"NewTaipei","district":"平溪區","population_estimate":0.517707623373283,"population_known_estimate":0.517707623373283,"population_data_fraction":1.0,"population_method":"uniform_proxy","population_period":"2024-12","population_density_per_km2":8.283321973972528,"bus_walk_mean_m":null,"bus_walk_p90_m":null,"bus_known_weight":0.0,"metro_walk_mean_m":null,"metro_known_weight":0.0,"position_status":"fallback_unverified","classification":"unresolved_walk_evidence","residential_gap":false},"geometry":{"type":"Polygon","coordinates":[[[121.77528264959491,25.013529703314155],[121.77529682198347,25.015786586974215],[121.7777736288763,25.015773651595815],[121.77775941122292,25.013516769260153],[121.77528264959491,25.013529703314155]]]}},{"type":"Feature","properties":{"cell_id":"65000:250:11070:1314","county_id":"65000","city":"NewTaipei","district":"平溪區","population_estimate":0.517707623373283,"population_known_estimate":0.517707623373283,"population_data_fraction":1.0,"population_method":"uniform_proxy","population_period":"2024-12","population_density_per_km2":8.283321973972528,"bus_walk_mean_m":2215.73603357945,"bus_walk_p90_m":2215.73603357945,"bus_known_weight":1.0,"metro_walk_mean_m":22962.523800502353,"metro_known_weight":1.0,"position_status":"fallback_unverified","classification":"residential_coverage_candidate","residential_gap":true},"geometry":{"type":"Polygon","coordinates":[[[121.77775941122292,25.013516769260153],[121.7777736288763,25.015773651595815],[121.78025043404908,25.015760674968014],[121.78023617113107,25.01350379396098],[121.77775941122292,25.013516769260153]]]}},{"type":"Feature","properties":{"cell_id":"65000:250:11070:1315","county_id":"65000","city":"NewTaipei","district":"平溪區","population_estimate":1.1337443047670233,"population_known_estimate":1.1337443047670233,"population_data_fraction":1.0,"population_method":"uniform_proxy","population_period":"2024-12","population_density_per_km2":18.139908876272372,"bus_walk_mean_m":2208.991062066067,"bus_walk_p90_m":2208.991062066067,"bus_known_weight":1.0,"metro_walk_mean_m":23467.255069624924,"metro_known_weight":1.0,"position_status":"fallback_unverified","classification":"residential_coverage_candidate","residential_gap":true},"geometry":{"type":"Polygon","coordinates":[[[121.78023617113107,25.01350379396098],[121.78025043404908,25.015760674968014],[121.78272723749637,25.015747657090916],[121.78271292931382,25.01349077741673],[121.78023617113107,25.01350379396098]]]}},{"type":"Feature","properties":{"cell_id":"65000:250:11070:1316","county_id":"65000","city":"NewTaipei","district":"平溪區","population_estimate":0.5799648494577763,"population_known_estimate":0.5799648494577763,"population_data_fraction":1.0,"population_method":"uniform_proxy","population_period":"2024-12","population_density_per_km2":9.27943759132442,"bus_walk_mean_m":1957.661965900036,"bus_walk_p90_m":1957.661965900036,"bus_known_weight":1.0,"metro_walk_mean_m":23915.973457258504,"metro_known_weight":1.0,"position_status":"fallback_unverified","classification":"residential_coverage_candidate","residential_gap":true},"geometry":{"type":"Polygon","coordinates":[[[121.78271292931382,25.01349077741673],[121.78272723749637,25.015747657090916],[121.78520403921267,25.01573459796465],[121.78518968576572,25.013477719627534],[121.78271292931382,25.01349077741673]]]}},{"type":"Feature","properties":{"cell_id":"65000:250:11071:1285","county_id":"65000","city":"NewTaipei","district":"平溪區","population_estimate":0.6596937151853701,"population_known_estimate":0.6596937151853701,"population_data_fraction":1.0,"population_method":"uniform_proxy","population_period":"2024-12","population_density_per_km2":10.555099442965922,"bus_walk_mean_m":null,"bus_walk_p90_m":null,"bus_known_weight":0.0,"metro_walk_mean_m":null,"metro_known_weight":0.0,"position_status":"fallback_unverified","classification":"unresolved_walk_evidence","residential_gap":false},"geometry":{"type":"Polygon","coordinates":[[[121.70594555288231,25.01613202986683],[121.70595845936344,25.0183889482043],[121.70843535746802,25.01837716664718],[121.70842240571291,25.016120249515897],[121.70594555288231,25.01613202986683]]]}},{"type":"Feature","properties":{"cell_id":"65000:250:11071:1286","county_id":"65000","city":"NewTaipei","district":"平溪區","population_estimate":0.0,"population_known_estimate":0.0,"population_data_fraction":1.0,"population_method":"residential_support","population_period":"2024-12","population_density_per_km2":0.0,"bus_walk_mean_m":528.2553626183734,"bus_walk_p90_m":528.2553626183734,"bus_known_weight":1.0,"metro_walk_mean_m":14426.360577813655,"metro_known_weight":1.0,"position_status":"fallback_unverified","classification":"zero_residential_proxy","residential_gap":false},"geometry":{"type":"Polygon","coordinates":[[[121.70842240571291,25.016120249515897],[121.70843535746802,25.01837716664718],[121.71091225400575,25.01836534383342],[121.71089925697682,25.01610842791256],[121.70842240571291,25.016120249515897]]]}},{"type":"Feature","properties":{"cell_id":"65000:250:11071:1287","county_id":"65000","city":"NewTaipei","district":"平溪區","population_estimate":0.0,"population_known_estimate":0.0,"population_data_fraction":1.0,"population_method":"residential_support","population_period":"2024-12","population_density_per_km2":0.0,"bus_walk_mean_m":null,"bus_walk_p90_m":null,"bus_known_weight":0.0,"metro_walk_mean_m":null,"metro_known_weight":0.0,"position_status":"fallback_unverified","classification":"zero_residential_proxy","residential_gap":false},"geometry":{"type":"Polygon","coordinates":[[[121.71089925697682,25.01610842791256],[121.71091225400575,25.01836534383342],[121.71338914897116,25.01835347976314],[121.71337610666853,25.01609656505692],[121.71089925697682,25.01610842791256]]]}},{"type":"Feature","properties":{"cell_id":"65000:250:11071:1288","county_id":"65000","city":"NewTaipei","district":"平溪區","population_estimate":38.04012192981911,"population_known_estimate":38.04012192981911,"population_data_fraction":1.0,"population_method":"residential_support","population_period":"2024-12","population_density_per_km2":608.6419508771057,"bus_walk_mean_m":561.9102837310476,"bus_walk_p90_m":564.7730605617694,"bus_known_weight":1.0,"metro_walk_mean_m":14448.892542757701,"metro_known_weight":1.0,"position_status":"residential_area_proxy","classification":"barrier_detour_candidate","residential_gap":true},"geometry":{"type":"Polygon","coordinates":[[[121.71337610666853,25.01609656505692],[121.71338914897116,25.01835347976314],[121.71586604235878,25.01834157443643],[121.71585295478256,25.016084660949073],[121.71337610666853,25.01609656505692]]]}},{"type":"Feature","properties":{"cell_id":"65000:250:11071:1289","county_id":"65000","city":"NewTaipei","district":"平溪區","population_estimate":0.0,"population_known_estimate":0.0,"population_data_fraction":1.0,"population_method":"residential_support","population_period":"2024-12","population_density_per_km2":0.0,"bus_walk_mean_m":886.0248756828588,"bus_walk_p90_m":886.0248756828588,"bus_known_weight":1.0,"metro_walk_mean_m":14997.568594604174,"metro_known_weight":1.0,"position_status":"fallback_unverified","classification":"zero_residential_proxy","residential_gap":false},"geometry":{"type":"Polygon","coordinates":[[[121.71585295478256,25.016084660949073],[121.71586604235878,25.01834157443643],[121.71834293416315,25.018329627853404],[121.71832980131347,25.016072715589136],[121.71585295478256,25.016084660949073]]]}},{"type":"Feature","properties":{"cell_id":"65000:250:11071:1290","county_id":"65000","city":"NewTaipei","district":"平溪區","population_estimate":0.0,"population_known_estimate":0.0,"population_data_fraction":1.0,"population_method":"residential_support","population_period":"2024-12","population_density_per_km2":0.0,"bus_walk_mean_m":null,"bus_walk_p90_m":null,"bus_known_weight":0.0,"metro_walk_mean_m":null,"metro_known_weight":0.0,"position_status":"fallback_unverified","classification":"zero_residential_proxy","residential_gap":false},"geometry":{"type":"Polygon","coordinates":[[[121.71832980131347,25.016072715589136],[121.71834293416315,25.018329627853404],[121.72081982437875,25.01831764001416],[121.72080664625575,25.016060728977198],[121.71832980131347,25.016072715589136]]]}},{"type":"Feature","properties":{"cell_id":"65000:250:11071:1291","county_id":"65000","city":"NewTaipei","district":"平溪區","population_estimate":0.0,"population_known_estimate":0.0,"population_data_fraction":1.0,"population_method":"residential_support","population_period":"2024-12","population_density_per_km2":0.0,"bus_walk_mean_m":923.2727860096693,"bus_walk_p90_m":923.2727860096693,"bus_known_weight":1.0,"metro_walk_mean_m":15803.085893852709,"metro_known_weight":1.0,"position_status":"fallback_unverified","classification":"zero_residential_proxy","residential_gap":false},"geometry":{"type":"Polygon","coordinates":[[[121.72080664625575,25.016060728977198],[121.72081982437875,25.01831764001416],[121.72329671300015,25.018305610918805],[121.72328348960397,25.016048701113377],[121.72080664625575,25.016060728977198]]]}},{"type":"Feature","properties":{"cell_id":"65000:250:11071:1292","county_id":"65000","city":"NewTaipei","district":"平溪區","population_estimate":0.0,"population_known_estimate":0.0,"population_data_fraction":1.0,"population_method":"residential_support","population_period":"2024-12","population_density_per_km2":0.0,"bus_walk_mean_m":null,"bus_walk_p90_m":null,"bus_known_weight":0.0,"metro_walk_mean_m":null,"metro_known_weight":0.0,"position_status":"fallback_unverified","classification":"zero_residential_proxy","residential_gap":false},"geometry":{"type":"Polygon","coordinates":[[[121.72328348960397,25.016048701113377],[121.72329671300015,25.018305610918805],[121.72577360002185,25.018293540567438],[121.72576033135259,25.016036631997764],[121.72328348960397,25.016048701113377]]]}},{"type":"Feature","properties":{"cell_id":"65000:250:11071:1293","county_id":"65000","city":"NewTaipei","district":"平溪區","population_estimate":0.0,"population_known_estimate":0.0,"population_data_fraction":1.0,"population_method":"residential_support","population_period":"2024-12","population_density_per_km2":0.0,"bus_walk_mean_m":1317.7411944358555,"bus_walk_p90_m":1317.7411944358555,"bus_known_weight":1.0,"metro_walk_mean_m":17468.77655899673,"metro_known_weight":1.0,"position_status":"fallback_unverified","classification":"zero_residential_proxy","residential_gap":false},"geometry":{"type":"Polygon","coordinates":[[[121.72576033135259,25.016036631997764],[121.72577360002185,25.018293540567438],[121.72825048543841,25.018281428960158],[121.72823717149618,25.016024521630477],[121.72576033135259,25.016036631997764]]]}},{"type":"Feature","properties":{"cell_id":"65000:250:11071:1294","county_id":"65000","city":"NewTaipei","district":"平溪區","population_estimate":0.0,"population_known_estimate":0.0,"population_data_fraction":1.0,"population_method":"residential_support","population_period":"2024-12","population_density_per_km2":0.0,"bus_walk_mean_m":1096.823967885095,"bus_walk_p90_m":1096.823967885095,"bus_known_weight":1.0,"metro_walk_mean_m":17247.859332445976,"metro_known_weight":1.0,"position_status":"fallback_unverified","classification":"zero_residential_proxy","residential_gap":false},"geometry":{"type":"Polygon","coordinates":[[[121.72823717149618,25.016024521630477],[121.72825048543841,25.018281428960158],[121.73072736924426,25.018269276097083],[121.73071401002926,25.016012370011605],[121.72823717149618,25.016024521630477]]]}},{"type":"Feature","properties":{"cell_id":"65000:250:11071:1295","county_id":"65000","city":"NewTaipei","district":"平溪區","population_estimate":0.0,"population_known_estimate":0.0,"population_data_fraction":1.0,"population_method":"residential_support","population_period":"2024-12","population_density_per_km2":0.0,"bus_walk_mean_m":989.3975758220365,"bus_walk_p90_m":989.3975758220365,"bus_known_weight":1.0,"metro_walk_mean_m":17140.432940382907,"metro_known_weight":1.0,"position_status":"fallback_unverified","classification":"zero_residential_proxy","residential_gap":false},"geometry":{"type":"Polygon","coordinates":[[[121.73071401002926,25.016012370011605],[121.73072736924426,25.018269276097083],[121.73320425143405,25.01825708197832],[121.73319084694633,25.01600017714126],[121.73071401002926,25.016012370011605]]]}},{"type":"Feature","properties":{"cell_id":"65000:250:11071:1296","county_id":"65000","city":"NewTaipei","district":"平溪區","population_estimate":0.0,"population_known_estimate":0.0,"population_data_fraction":1.0,"population_method":"residential_support","population_period":"2024-12","population_density_per_km2":0.0,"bus_walk_mean_m":null,"bus_walk_p90_m":null,"bus_known_weight":0.0,"metro_walk_mean_m":null,"metro_known_weight":0.0,"position_status":"fallback_unverified","classification":"zero_residential_proxy","residential_gap":false},"geometry":{"type":"Polygon","coordinates":[[[121.73319084694633,25.01600017714126],[121.73320425143405,25.01825708197832],[121.73568113200221,25.018244846603956],[121.73566768224194,25.015987943019564],[121.73319084694633,25.01600017714126]]]}},{"type":"Feature","properties":{"cell_id":"65000:250:11071:1297","county_id":"65000","city":"NewTaipei","district":"平溪區","population_estimate":0.0,"population_known_estimate":0.0,"population_data_fraction":1.0,"population_method":"residential_support","population_period":"2024-12","population_density_per_km2":0.0,"bus_walk_mean_m":1193.0201527438837,"bus_walk_p90_m":1193.0201527438837,"bus_known_weight":1.0,"metro_walk_mean_m":17596.518193967455,"metro_known_weight":1.0,"position_status":"fallback_unverified","classification":"zero_residential_proxy","residential_gap":false},"geometry":{"type":"Polygon","coordinates":[[[121.73566768224194,25.015987943019564],[121.73568113200221,25.018244846603956],[121.73815801094328,25.01823256997412],[121.7381445159106,25.015975667646604],[121.73566768224194,25.015987943019564]]]}},{"type":"Feature","properties":{"cell_id":"65000:250:11071:1298","county_id":"65000","city":"NewTaipei","district":"平溪區","population_estimate":0.0,"population_known_estimate":0.0,"population_data_fraction":1.0,"population_method":"residential_support","population_period":"2024-12","population_density_per_km2":0.0,"bus_walk_mean_m":1604.1564284473777,"bus_walk_p90_m":1604.1564284473777,"bus_known_weight":1.0,"metro_walk_mean_m":18007.654469670946,"metro_known_weight":1.0,"position_status":"fallback_unverified","classification":"zero_residential_proxy","residential_gap":false},"geometry":{"type":"Polygon","coordinates":[[[121.7381445159106,25.015975667646604],[121.73815801094328,25.01823256997412],[121.74063488825182,25.018220252088906],[121.74062134794683,25.015963351022485],[121.7381445159106,25.015975667646604]]]}},{"type":"Feature","properties":{"cell_id":"65000:250:11071:1299","county_id":"65000","city":"NewTaipei","district":"平溪區","population_estimate":0.0,"population_known_estimate":0.0,"population_data_fraction":1.0,"population_method":"residential_support","population_period":"2024-12","population_density_per_km2":0.0,"bus_walk_mean_m":1461.3961405970283,"bus_walk_p90_m":1461.3961405970283,"bus_known_weight":1.0,"metro_walk_mean_m":18249.90622537704,"metro_known_weight":1.0,"position_status":"fallback_unverified","classification":"zero_residential_proxy","residential_gap":false},"geometry":{"type":"Polygon","coordinates":[[[121.74062134794683,25.015963351022485],[121.74063488825182,25.018220252088906],[121.74311176392231,25.01820789294842],[121.74309817834518,25.015950993147325],[121.74062134794683,25.015963351022485]]]}},{"type":"Feature","properties":{"cell_id":"65000:250:11071:1300","county_id":"65000","city":"NewTaipei","district":"平溪區","population_estimate":0.0,"population_known_estimate":0.0,"population_data_fraction":1.0,"population_method":"residential_support","population_period":"2024-12","population_density_per_km2":0.0,"bus_walk_mean_m":null,"bus_walk_p90_m":null,"bus_known_weight":0.0,"metro_walk_mean_m":null,"metro_known_weight":0.0,"position_status":"fallback_unverified","classification":"zero_residential_proxy","residential_gap":false},"geometry":{"type":"Polygon","coordinates":[[[121.74309817834518,25.015950993147325],[121.74311176392231,25.01820789294842],[121.74558863794931,25.018195492552774],[121.74557500710014,25.015938594021218],[121.74309817834518,25.015950993147325]]]}},{"type":"Feature","properties":{"cell_id":"65000:250:11071:1301","county_id":"65000","city":"NewTaipei","district":"平溪區","population_estimate":0.0,"population_known_estimate":0.0,"population_data_fraction":1.0,"population_method":"residential_support","population_period":"2024-12","population_density_per_km2":0.0,"bus_walk_mean_m":1054.2063201216254,"bus_walk_p90_m":1054.2063201216254,"bus_known_weight":1.0,"metro_walk_mean_m":19320.247738020218,"metro_known_weight":1.0,"position_status":"fallback_unverified","classification":"zero_residential_proxy","residential_gap":false},"geometry":{"type":"Polygon","coordinates":[[[121.74557500710014,25.015938594021218],[121.74558863794931,25.018195492552774],[121.74806551032735,25.018183050902067],[121.74805183420628,25.015926153644287],[121.74557500710014,25.015938594021218]]]}},{"type":"Feature","properties":{"cell_id":"65000:250:11071:1302","county_id":"65000","city":"NewTaipei","district":"平溪區","population_estimate":0.0,"population_known_estimate":0.0,"population_data_fraction":1.0,"population_method":"residential_support","population_period":"2024-12","population_density_per_km2":0.0,"bus_walk_mean_m":717.9240674382519,"bus_walk_p90_m":717.9240674382519,"bus_known_weight":1.0,"metro_walk_mean_m":19261.84089202288,"metro_known_weight":1.0,"position_status":"fallback_unverified","classification":"zero_residential_proxy","residential_gap":false},"geometry":{"type":"Polygon","coordinates":[[[121.74805183420628,25.015926153644287],[121.74806551032735,25.018183050902067],[121.75054238105089,25.01817056799641],[121.75052865965804,25.015913672016627],[121.74805183420628,25.015926153644287]]]}},{"type":"Feature","properties":{"cell_id":"65000:250:11071:1303","county_id":"65000","city":"NewTaipei","district":"平溪區","population_estimate":3.4108878507800915,"population_known_estimate":3.4108878507800915,"population_data_fraction":1.0,"population_method":"residential_support","population_period":"2024-12","population_density_per_km2":54.574205612481464,"bus_walk_mean_m":293.6156758485857,"bus_walk_p90_m":293.6156758485857,"bus_known_weight":1.0,"metro_walk_mean_m":18837.53250043321,"metro_known_weight":1.0,"position_status":"residential_area_proxy","classification":"within_walk_threshold","residential_gap":false},"geometry":{"type":"Polygon","coordinates":[[[121.75052865965804,25.015913672016627],[121.75054238105089,25.01817056799641],[121.7530192501145,25.01815804383592],[121.75300548345004,25.015901149138354],[121.75052865965804,25.015913672016627]]]}},{"type":"Feature","properties":{"cell_id":"65000:250:11071:1304","county_id":"65000","city":"NewTaipei","district":"平溪區","population_estimate":0.0,"population_known_estimate":0.0,"population_data_fraction":1.0,"population_method":"residential_support","population_period":"2024-12","population_density_per_km2":0.0,"bus_walk_mean_m":null,"bus_walk_p90_m":null,"bus_known_weight":0.0,"metro_walk_mean_m":null,"metro_known_weight":0.0,"position_status":"fallback_unverified","classification":"zero_residential_proxy","residential_gap":false},"geometry":{"type":"Polygon","coordinates":[[[121.75300548345004,25.015901149138354],[121.7530192501145,25.01815804383592],[121.75549611751273,25.018145478420703],[121.75548230557676,25.015888585009574],[121.75300548345004,25.015901149138354]]]}},{"type":"Feature","properties":{"cell_id":"65000:250:11071:1305","county_id":"65000","city":"NewTaipei","district":"平溪區","population_estimate":0.0,"population_known_estimate":0.0,"population_data_fraction":1.0,"population_method":"residential_support","population_period":"2024-12","population_density_per_km2":0.0,"bus_walk_mean_m":null,"bus_walk_p90_m":null,"bus_known_weight":0.0,"metro_walk_mean_m":null,"metro_known_weight":0.0,"position_status":"fallback_unverified","classification":"zero_residential_proxy","residential_gap":false},"geometry":{"type":"Polygon","coordinates":[[[121.75548230557676,25.015888585009574],[121.75549611751273,25.018145478420703],[121.75797298324007,25.018132871750865],[121.75795912603274,25.015875979630398],[121.75548230557676,25.015888585009574]]]}},{"type":"Feature","properties":{"cell_id":"65000:250:11071:1306","county_id":"65000","city":"NewTaipei","district":"平溪區","population_estimate":0.6991236716906192,"population_known_estimate":0.6991236716906192,"population_data_fraction":1.0,"population_method":"uniform_proxy","population_period":"2024-12","population_density_per_km2":11.185978747049907,"bus_walk_mean_m":1512.518983687448,"bus_walk_p90_m":1512.518983687448,"bus_known_weight":1.0,"metro_walk_mean_m":19875.210683541605,"metro_known_weight":1.0,"position_status":"fallback_unverified","classification":"residential_coverage_candidate","residential_gap":true},"geometry":{"type":"Polygon","coordinates":[[[121.75795912603274,25.015875979630398],[121.75797298324007,25.018132871750865],[121.76044984729104,25.018120223826507],[121.76043594481247,25.015863333000933],[121.75795912603274,25.015875979630398]]]}},{"type":"Feature","properties":{"cell_id":"65000:250:11071:1307","county_id":"65000","city":"NewTaipei","district":"平溪區","population_estimate":1.0139041053141904,"population_known_estimate":1.0139041053141904,"population_data_fraction":1.0,"population_method":"uniform_proxy","population_period":"2024-12","population_density_per_km2":16.222465685027046,"bus_walk_mean_m":2237.1198065798467,"bus_walk_p90_m":2237.1198065798467,"bus_known_weight":1.0,"metro_walk_mean_m":20760.93191162116,"metro_known_weight":1.0,"position_status":"fallback_unverified","classification":"residential_coverage_candidate","residential_gap":true},"geometry":{"type":"Polygon","coordinates":[[[121.76043594481247,25.015863333000933],[121.76044984729104,25.018120223826507],[121.76292670966016,25.018107534647754],[121.7629127619105,25.01585064512128],[121.76043594481247,25.015863333000933]]]}},{"type":"Feature","properties":{"cell_id":"65000:250:11071:1308","county_id":"65000","city":"NewTaipei","district":"平溪區","population_estimate":1.0139041053141904,"population_known_estimate":1.0139041053141904,"population_data_fraction":1.0,"population_method":"uniform_proxy","population_period":"2024-12","population_density_per_km2":16.222465685027046,"bus_walk_mean_m":null,"bus_walk_p90_m":null,"bus_known_weight":0.0,"metro_walk_mean_m":null,"metro_known_weight":0.0,"position_status":"fallback_unverified","classification":"unresolved_walk_evidence","residential_gap":false},"geometry":{"type":"Polygon","coordinates":[[[121.7629127619105,25.01585064512128],[121.76292670966016,25.018107534647754],[121.76540357034197,25.0180948042147],[121.76538957732136,25.01583791599157],[121.7629127619105,25.01585064512128]]]}},{"type":"Feature","properties":{"cell_id":"65000:250:11071:1309","county_id":"65000","city":"NewTaipei","district":"平溪區","population_estimate":0.7311678028127844,"population_known_estimate":0.7311678028127844,"population_data_fraction":1.0,"population_method":"uniform_proxy","population_period":"2024-12","population_density_per_km2":11.69868484500455,"bus_walk_mean_m":2199.5579787904953,"bus_walk_p90_m":2199.5579787904953,"bus_known_weight":1.0,"metro_walk_mean_m":21370.385974688197,"metro_known_weight":1.0,"position_status":"fallback_unverified","classification":"residential_coverage_candidate","residential_gap":true},"geometry":{"type":"Polygon","coordinates":[[[121.76538957732136,25.01583791599157],[121.76540357034197,25.0180948042147],[121.76788042933102,25.01808203252747],[121.76786639103955,25.015825145611892],[121.76538957732136,25.01583791599157]]]}},{"type":"Feature","properties":{"cell_id":"65000:250:11071:1310","county_id":"65000","city":"NewTaipei","district":"平溪區","population_estimate":0.4288672689520027,"population_known_estimate":0.4288672689520027,"population_data_fraction":1.0,"population_method":"uniform_proxy","population_period":"2024-12","population_density_per_km2":6.861876303232044,"bus_walk_mean_m":null,"bus_walk_p90_m":null,"bus_known_weight":0.0,"metro_walk_mean_m":null,"metro_known_weight":0.0,"position_status":"fallback_unverified","classification":"unresolved_walk_evidence","residential_gap":false},"geometry":{"type":"Polygon","coordinates":[[[121.76786639103955,25.015825145611892],[121.76788042933102,25.01808203252747],[121.77035728662176,25.018069219586167],[121.77034320305962,25.015812333982364],[121.76786639103955,25.015825145611892]]]}},{"type":"Feature","properties":{"cell_id":"65000:250:11071:1311","county_id":"65000","city":"NewTaipei","district":"平溪區","population_estimate":0.5086793633466734,"population_known_estimate":0.5086793633466734,"population_data_fraction":1.0,"population_method":"uniform_proxy","population_period":"2024-12","population_density_per_km2":8.138869813546775,"bus_walk_mean_m":null,"bus_walk_p90_m":null,"bus_known_weight":0.0,"metro_walk_mean_m":null,"metro_known_weight":0.0,"position_status":"fallback_unverified","classification":"unresolved_walk_evidence","residential_gap":false},"geometry":{"type":"Polygon","coordinates":[[[121.77034320305962,25.015812333982364],[121.77035728662176,25.018069219586167],[121.77283414220878,25.0180563653909],[121.77282001337608,25.015799481103105],[121.77034320305962,25.015812333982364]]]}},{"type":"Feature","properties":{"cell_id":"65000:250:11071:1312","county_id":"65000","city":"NewTaipei","district":"平溪區","population_estimate":0.517707623373283,"population_known_estimate":0.517707623373283,"population_data_fraction":1.0,"population_method":"uniform_proxy","population_period":"2024-12","population_density_per_km2":8.283321973972528,"bus_walk_mean_m":1813.4607461285414,"bus_walk_p90_m":1813.4607461285414,"bus_known_weight":1.0,"metro_walk_mean_m":22413.860175001006,"metro_known_weight":1.0,"position_status":"fallback_unverified","classification":"residential_coverage_candidate","residential_gap":true},"geometry":{"type":"Polygon","coordinates":[[[121.77282001337608,25.015799481103105],[121.77283414220878,25.0180563653909],[121.77531099608659,25.018043469941787],[121.77529682198347,25.015786586974215],[121.77282001337608,25.015799481103105]]]}},{"type":"Feature","properties":{"cell_id":"65000:250:11071:1313","county_id":"65000","city":"NewTaipei","district":"平溪區","population_estimate":0.517707623373283,"population_known_estimate":0.517707623373283,"population_data_fraction":1.0,"population_method":"uniform_proxy","population_period":"2024-12","population_density_per_km2":8.283321973972528,"bus_walk_mean_m":null,"bus_walk_p90_m":null,"bus_known_weight":0.0,"metro_walk_mean_m":null,"metro_known_weight":0.0,"position_status":"fallback_unverified","classification":"unresolved_walk_evidence","residential_gap":false},"geometry":{"type":"Polygon","coordinates":[[[121.77529682198347,25.015786586974215],[121.77531099608659,25.018043469941787],[121.7777878482497,25.01803053323894],[121.7777736288763,25.015773651595815],[121.77529682198347,25.015786586974215]]]}},{"type":"Feature","properties":{"cell_id":"65000:250:11071:1314","county_id":"65000","city":"NewTaipei","district":"平溪區","population_estimate":0.6041971015627798,"population_known_estimate":0.6041971015627798,"population_data_fraction":1.0,"population_method":"uniform_proxy","population_period":"2024-12","population_density_per_km2":9.667153625004477,"bus_walk_mean_m":1881.700786536701,"bus_walk_p90_m":1881.700786536701,"bus_known_weight":1.0,"metro_walk_mean_m":22628.488553459603,"metro_known_weight":1.0,"position_status":"fallback_unverified","classification":"residential_coverage_candidate","residential_gap":true},"geometry":{"type":"Polygon","coordinates":[[[121.7777736288763,25.015773651595815],[121.7777878482497,25.01803053323894],[121.78026469869263,25.018017555282462],[121.78025043404908,25.015760674968014],[121.7777736288763,25.015773651595815]]]}},{"type":"Feature","properties":{"cell_id":"65000:250:11071:1315","county_id":"65000","city":"NewTaipei","district":"平溪區","population_estimate":2.360277112032447,"population_known_estimate":2.360277112032447,"population_data_fraction":0.9999999999999999,"population_method":"uniform_proxy","population_period":"2024-12","population_density_per_km2":37.76443379251915,"bus_walk_mean_m":1836.175437133478,"bus_walk_p90_m":1836.175437133478,"bus_known_weight":1.0,"metro_walk_mean_m":23307.505849175952,"metro_known_weight":1.0,"position_status":"fallback_unverified","classification":"residential_coverage_candidate","residential_gap":true},"geometry":{"type":"Polygon","coordinates":[[[121.78025043404908,25.015760674968014],[121.78026469869263,25.018017555282462],[121.7827415474099,25.018004536072468],[121.78272723749637,25.015747657090916],[121.78025043404908,25.015760674968014]]]}},{"type":"Feature","properties":{"cell_id":"65000:250:11071:1316","county_id":"65000","city":"NewTaipei","district":"平溪區","population_estimate":2.5286069548635903,"population_known_estimate":2.5286069548635903,"population_data_fraction":1.0,"population_method":"uniform_proxy","population_period":"2024-12","population_density_per_km2":40.457711277817445,"bus_walk_mean_m":1570.808637935392,"bus_walk_p90_m":1570.808637935392,"bus_known_weight":1.0,"metro_walk_mean_m":23656.244553556407,"metro_known_weight":1.0,"position_status":"fallback_unverified","classification":"residential_coverage_candidate","residential_gap":true},"geometry":{"type":"Polygon","coordinates":[[[121.78272723749637,25.015747657090916],[121.7827415474099,25.018004536072468],[121.78521839439608,25.01799147560908],[121.78520403921267,25.01573459796465],[121.78272723749637,25.015747657090916]]]}},{"type":"Feature","properties":{"cell_id":"65000:250:11072:1284","county_id":"65000","city":"NewTaipei","district":"平溪區","population_estimate":0.07868067962900091,"population_known_estimate":0.07868067962900091,"population_data_fraction":1.0,"population_method":"uniform_proxy","population_period":"2024-12","population_density_per_km2":1.2588908740640146,"bus_walk_mean_m":328.9358013049463,"bus_walk_p90_m":328.9358013049463,"bus_known_weight":1.0,"metro_walk_mean_m":13463.51457772108,"metro_known_weight":1.0,"position_status":"fallback_unverified","classification":"within_walk_threshold","residential_gap":false},"geometry":{"type":"Polygon","coordinates":[[[121.70348155969754,25.01840068850469],[121.70349442246047,25.020657607352902],[121.70597136740595,25.020645865850497],[121.70595845936344,25.0183889482043],[121.70348155969754,25.01840068850469]]]}},{"type":"Feature","properties":{"cell_id":"65000:250:11072:1285","county_id":"65000","city":"NewTaipei","district":"平溪區","population_estimate":0.0,"population_known_estimate":0.0,"population_data_fraction":1.0,"population_method":"residential_support","population_period":"2024-12","population_density_per_km2":0.0,"bus_walk_mean_m":183.3095765348457,"bus_walk_p90_m":183.3095765348457,"bus_known_weight":1.0,"metro_walk_mean_m":14090.672095760698,"metro_known_weight":1.0,"position_status":"fallback_unverified","classification":"zero_residential_proxy","residential_gap":false},"geometry":{"type":"Polygon","coordinates":[[[121.70595845936344,25.0183889482043],[121.70597136740595,25.020645865850497],[121.70844831078995,25.020634083087142],[121.70843535746802,25.01837716664718],[121.70595845936344,25.0183889482043]]]}},{"type":"Feature","properties":{"cell_id":"65000:250:11072:1286","county_id":"65000","city":"NewTaipei","district":"平溪區","population_estimate":0.0,"population_known_estimate":0.0,"population_data_fraction":1.0,"population_method":"residential_support","population_period":"2024-12","population_density_per_km2":0.0,"bus_walk_mean_m":191.321616537838,"bus_walk_p90_m":191.321616537838,"bus_known_weight":1.0,"metro_walk_mean_m":14089.42683173312,"metro_known_weight":1.0,"position_status":"fallback_unverified","classification":"zero_residential_proxy","residential_gap":false},"geometry":{"type":"Polygon","coordinates":[[[121.70843535746802,25.01837716664718],[121.70844831078995,25.020634083087142],[121.71092525260698,25.020622259062918],[121.71091225400575,25.01836534383342],[121.70843535746802,25.01837716664718]]]}},{"type":"Feature","properties":{"cell_id":"65000:250:11072:1287","county_id":"65000","city":"NewTaipei","district":"平溪區","population_estimate":0.0,"population_known_estimate":0.0,"population_data_fraction":1.0,"population_method":"residential_support","population_period":"2024-12","population_density_per_km2":0.0,"bus_walk_mean_m":480.8533353664958,"bus_walk_p90_m":480.8533353664958,"bus_known_weight":1.0,"metro_walk_mean_m":14367.835594393147,"metro_known_weight":1.0,"position_status":"fallback_unverified","classification":"zero_residential_proxy","residential_gap":false},"geometry":{"type":"Polygon","coordinates":[[[121.71091225400575,25.01836534383342],[121.71092525260698,25.020622259062918],[121.71340219285159,25.020610393777954],[121.71338914897116,25.01835347976314],[121.71091225400575,25.01836534383342]]]}},{"type":"Feature","properties":{"cell_id":"65000:250:11072:1288","county_id":"65000","city":"NewTaipei","district":"平溪區","population_estimate":82.81581164695741,"population_known_estimate":82.81581164695741,"population_data_fraction":1.0,"population_method":"residential_support","population_period":"2024-12","population_density_per_km2":1325.0529863513186,"bus_walk_mean_m":98.9748526284961,"bus_walk_p90_m":332.4948161568716,"bus_known_weight":0.9999999999999999,"metro_walk_mean_m":14032.743244972306,"metro_known_weight":0.9999999999999999,"position_status":"residential_area_proxy","classification":"within_walk_threshold","residential_gap":false},"geometry":{"type":"Polygon","coordinates":[[[121.71338914897116,25.01835347976314],[121.71340219285159,25.020610393777954],[121.71587913151828,25.02059848723234],[121.71586604235878,25.01834157443643],[121.71338914897116,25.01835347976314]]]}},{"type":"Feature","properties":{"cell_id":"65000:250:11072:1289","county_id":"65000","city":"NewTaipei","district":"平溪區","population_estimate":23.5155522704216,"population_known_estimate":23.5155522704216,"population_data_fraction":1.0,"population_method":"residential_support","population_period":"2024-12","population_density_per_km2":376.2488363267456,"bus_walk_mean_m":702.9217114773312,"bus_walk_p90_m":709.7652021146224,"bus_known_weight":1.0,"metro_walk_mean_m":14814.465430398646,"metro_known_weight":1.0,"position_status":"residential_area_proxy","classification":"barrier_detour_candidate","residential_gap":true},"geometry":{"type":"Polygon","coordinates":[[[121.71586604235878,25.01834157443643],[121.71587913151828,25.02059848723234],[121.71835606860157,25.020586539426183],[121.71834293416315,25.018329627853404],[121.71586604235878,25.01834157443643]]]}},{"type":"Feature","properties":{"cell_id":"65000:250:11072:1290","county_id":"65000","city":"NewTaipei","district":"平溪區","population_estimate":0.0,"population_known_estimate":0.0,"population_data_fraction":0.9999999999999999,"population_method":"residential_support","population_period":"2024-12","population_density_per_km2":0.0,"bus_walk_mean_m":null,"bus_walk_p90_m":null,"bus_known_weight":0.0,"metro_walk_mean_m":null,"metro_known_weight":0.0,"position_status":"fallback_unverified","classification":"zero_residential_proxy","residential_gap":false},"geometry":{"type":"Polygon","coordinates":[[[121.71834293416315,25.018329627853404],[121.71835606860157,25.020586539426183],[121.72083300409597,25.020574550359584],[121.72081982437875,25.01831764001416],[121.71834293416315,25.018329627853404]]]}},{"type":"Feature","properties":{"cell_id":"65000:250:11072:1291","county_id":"65000","city":"NewTaipei","district":"平溪區","population_estimate":4.665442974989987,"population_known_estimate":4.665442974989987,"population_data_fraction":1.0,"population_method":"residential_support","population_period":"2024-12","population_density_per_km2":74.6470875998398,"bus_walk_mean_m":615.0711788283087,"bus_walk_p90_m":615.0711788283087,"bus_known_weight":1.0,"metro_walk_mean_m":15494.88428667135,"metro_known_weight":1.0,"position_status":"residential_area_proxy","classification":"barrier_detour_candidate","residential_gap":true},"geometry":{"type":"Polygon","coordinates":[[[121.72081982437875,25.01831764001416],[121.72083300409597,25.020574550359584],[121.72330993799605,25.02056252003264],[121.72329671300015,25.018305610918805],[121.72081982437875,25.01831764001416]]]}},{"type":"Feature","properties":{"cell_id":"65000:250:11072:1292","county_id":"65000","city":"NewTaipei","district":"平溪區","population_estimate":0.0,"population_known_estimate":0.0,"population_data_fraction":1.0,"population_method":"residential_support","population_period":"2024-12","population_density_per_km2":0.0,"bus_walk_mean_m":null,"bus_walk_p90_m":null,"bus_known_weight":0.0,"metro_walk_mean_m":null,"metro_known_weight":0.0,"position_status":"fallback_unverified","classification":"zero_residential_proxy","residential_gap":false},"geometry":{"type":"Polygon","coordinates":[[[121.72329671300015,25.018305610918805],[121.72330993799605,25.02056252003264],[121.72578687029632,25.02055044844547],[121.72577360002185,25.018293540567438],[121.72329671300015,25.018305610918805]]]}},{"type":"Feature","properties":{"cell_id":"65000:250:11072:1293","county_id":"65000","city":"NewTaipei","district":"平溪區","population_estimate":0.0,"population_known_estimate":0.0,"population_data_fraction":0.9999999999999999,"population_method":"residential_support","population_period":"2024-12","population_density_per_km2":0.0,"bus_walk_mean_m":null,"bus_walk_p90_m":null,"bus_known_weight":0.0,"metro_walk_mean_m":null,"metro_known_weight":0.0,"position_status":"fallback_unverified","classification":"zero_residential_proxy","residential_gap":false},"geometry":{"type":"Polygon","coordinates":[[[121.72577360002185,25.018293540567438],[121.72578687029632,25.02055044844547],[121.72826380099126,25.02053833559817],[121.72825048543841,25.018281428960158],[121.72577360002185,25.018293540567438]]]}},{"type":"Feature","properties":{"cell_id":"65000:250:11072:1294","county_id":"65000","city":"NewTaipei","district":"平溪區","population_estimate":0.0,"population_known_estimate":0.0,"population_data_fraction":1.0,"population_method":"residential_support","population_period":"2024-12","population_density_per_km2":0.0,"bus_walk_mean_m":null,"bus_walk_p90_m":null,"bus_known_weight":0.0,"metro_walk_mean_m":null,"metro_known_weight":0.0,"position_status":"fallback_unverified","classification":"zero_residential_proxy","residential_gap":false},"geometry":{"type":"Polygon","coordinates":[[[121.72825048543841,25.018281428960158],[121.72826380099126,25.02053833559817],[121.73074073007542,25.020526181490844],[121.73072736924426,25.018269276097083],[121.72825048543841,25.018281428960158]]]}},{"type":"Feature","properties":{"cell_id":"65000:250:11072:1295","county_id":"65000","city":"NewTaipei","district":"平溪區","population_estimate":0.0,"population_known_estimate":0.0,"population_data_fraction":1.0,"population_method":"residential_support","population_period":"2024-12","population_density_per_km2":0.0,"bus_walk_mean_m":634.7403826203616,"bus_walk_p90_m":634.7403826203616,"bus_known_weight":1.0,"metro_walk_mean_m":16785.77574718124,"metro_known_weight":1.0,"position_status":"fallback_unverified","classification":"zero_residential_proxy","residential_gap":false},"geometry":{"type":"Polygon","coordinates":[[[121.73072736924426,25.018269276097083],[121.73074073007542,25.020526181490844],[121.73321765754335,25.020513986123607],[121.73320425143405,25.01825708197832],[121.73072736924426,25.018269276097083]]]}},{"type":"Feature","properties":{"cell_id":"65000:250:11072:1296","county_id":"65000","city":"NewTaipei","district":"平溪區","population_estimate":0.0,"population_known_estimate":0.0,"population_data_fraction":1.0,"population_method":"residential_support","population_period":"2024-12","population_density_per_km2":0.0,"bus_walk_mean_m":null,"bus_walk_p90_m":null,"bus_known_weight":0.0,"metro_walk_mean_m":null,"metro_known_weight":0.0,"position_status":"fallback_unverified","classification":"zero_residential_proxy","residential_gap":false},"geometry":{"type":"Polygon","coordinates":[[[121.73320425143405,25.01825708197832],[121.73321765754335,25.020513986123607],[121.73569458338953,25.020501749496553],[121.73568113200221,25.018244846603956],[121.73320425143405,25.01825708197832]]]}},{"type":"Feature","properties":{"cell_id":"65000:250:11072:1297","county_id":"65000","city":"NewTaipei","district":"平溪區","population_estimate":0.0,"population_known_estimate":0.0,"population_data_fraction":1.0,"population_method":"residential_support","population_period":"2024-12","population_density_per_km2":0.0,"bus_walk_mean_m":694.000753252049,"bus_walk_p90_m":694.000753252049,"bus_known_weight":1.0,"metro_walk_mean_m":17109.12143074243,"metro_known_weight":1.0,"position_status":"fallback_unverified","classification":"zero_residential_proxy","residential_gap":false},"geometry":{"type":"Polygon","coordinates":[[[121.73568113200221,25.018244846603956],[121.73569458338953,25.020501749496553],[121.73817150760851,25.020489471609793],[121.73815801094328,25.01823256997412],[121.73568113200221,25.018244846603956]]]}},{"type":"Feature","properties":{"cell_id":"65000:250:11072:1298","county_id":"65000","city":"NewTaipei","district":"平溪區","population_estimate":0.0,"population_known_estimate":0.0,"population_data_fraction":1.0,"population_method":"residential_support","population_period":"2024-12","population_density_per_km2":0.0,"bus_walk_mean_m":843.8419018565158,"bus_walk_p90_m":843.8419018565158,"bus_known_weight":1.0,"metro_walk_mean_m":17346.85511442824,"metro_known_weight":1.0,"position_status":"fallback_unverified","classification":"zero_residential_proxy","residential_gap":false},"geometry":{"type":"Polygon","coordinates":[[[121.73815801094328,25.01823256997412],[121.73817150760851,25.020489471609793],[121.74064843019484,25.02047715246343],[121.74063488825182,25.018220252088906],[121.73815801094328,25.01823256997412]]]}},{"type":"Feature","properties":{"cell_id":"65000:250:11072:1299","county_id":"65000","city":"NewTaipei","district":"平溪區","population_estimate":0.0,"population_known_estimate":0.0,"population_data_fraction":1.0,"population_method":"residential_support","population_period":"2024-12","population_density_per_km2":0.0,"bus_walk_mean_m":null,"bus_walk_p90_m":null,"bus_known_weight":0.0,"metro_walk_mean_m":null,"metro_known_weight":0.0,"position_status":"fallback_unverified","classification":"zero_residential_proxy","residential_gap":false},"geometry":{"type":"Polygon","coordinates":[[[121.74063488825182,25.018220252088906],[121.74064843019484,25.02047715246343],[121.74312535114295,25.02046479205758],[121.74311176392231,25.01820789294842],[121.74063488825182,25.018220252088906]]]}},{"type":"Feature","properties":{"cell_id":"65000:250:11072:1300","county_id":"65000","city":"NewTaipei","district":"平溪區","population_estimate":0.0,"population_known_estimate":0.0,"population_data_fraction":0.9999999999999998,"population_method":"residential_support","population_period":"2024-12","population_density_per_km2":0.0,"bus_walk_mean_m":1080.3291313417253,"bus_walk_p90_m":1080.3291313417253,"bus_known_weight":1.0,"metro_walk_mean_m":18601.37651058077,"metro_known_weight":1.0,"position_status":"fallback_unverified","classification":"zero_residential_proxy","residential_gap":false},"geometry":{"type":"Polygon","coordinates":[[[121.74311176392231,25.01820789294842],[121.74312535114295,25.02046479205758],[121.74560227044748,25.020452390392343],[121.74558863794931,25.018195492552774],[121.74311176392231,25.01820789294842]]]}},{"type":"Feature","properties":{"cell_id":"65000:250:11072:1301","county_id":"65000","city":"NewTaipei","district":"平溪區","population_estimate":0.0,"population_known_estimate":0.0,"population_data_fraction":1.0,"population_method":"residential_support","population_period":"2024-12","population_density_per_km2":0.0,"bus_walk_mean_m":818.661604814662,"bus_walk_p90_m":818.661604814662,"bus_known_weight":1.0,"metro_walk_mean_m":18884.522315434016,"metro_known_weight":1.0,"position_status":"fallback_unverified","classification":"zero_residential_proxy","residential_gap":false},"geometry":{"type":"Polygon","coordinates":[[[121.74558863794931,25.018195492552774],[121.74560227044748,25.020452390392343],[121.74807918810286,25.02043994746782],[121.74806551032735,25.018183050902067],[121.74558863794931,25.018195492552774]]]}},{"type":"Feature","properties":{"cell_id":"65000:250:11072:1302","county_id":"65000","city":"NewTaipei","district":"平溪區","population_estimate":0.0,"population_known_estimate":0.0,"population_data_fraction":1.0,"population_method":"residential_support","population_period":"2024-12","population_density_per_km2":0.0,"bus_walk_mean_m":478.87247120135714,"bus_walk_p90_m":478.87247120135714,"bus_known_weight":1.0,"metro_walk_mean_m":19022.78929578598,"metro_known_weight":1.0,"position_status":"fallback_unverified","classification":"zero_residential_proxy","residential_gap":false},"geometry":{"type":"Polygon","coordinates":[[[121.74806551032735,25.018183050902067],[121.74807918810286,25.02043994746782],[121.75055610410367,25.02042746328413],[121.75054238105089,25.01817056799641],[121.74806551032735,25.018183050902067]]]}},{"type":"Feature","properties":{"cell_id":"65000:250:11072:1303","county_id":"65000","city":"NewTaipei","district":"平溪區","population_estimate":23.562958712798856,"population_known_estimate":23.562958712798856,"population_data_fraction":1.0,"population_method":"residential_support","population_period":"2024-12","population_density_per_km2":377.0073394047817,"bus_walk_mean_m":164.74205800364098,"bus_walk_p90_m":280.35511143689325,"bus_known_weight":1.0,"metro_walk_mean_m":18700.50278156945,"metro_known_weight":1.0,"position_status":"residential_area_proxy","classification":"within_walk_threshold","residential_gap":false},"geometry":{"type":"Polygon","coordinates":[[[121.75054238105089,25.01817056799641],[121.75055610410367,25.02042746328413],[121.75303301844441,25.02041493784138],[121.7530192501145,25.01815804383592],[121.75054238105089,25.01817056799641]]]}},{"type":"Feature","properties":{"cell_id":"65000:250:11072:1304","county_id":"65000","city":"NewTaipei","district":"平溪區","population_estimate":0.0,"population_known_estimate":0.0,"population_data_fraction":1.0,"population_method":"residential_support","population_period":"2024-12","population_density_per_km2":0.0,"bus_walk_mean_m":582.860615562419,"bus_walk_p90_m":582.860615562419,"bus_known_weight":1.0,"metro_walk_mean_m":19126.77744014704,"metro_known_weight":1.0,"position_status":"fallback_unverified","classification":"zero_residential_proxy","residential_gap":false},"geometry":{"type":"Polygon","coordinates":[[[121.7530192501145,25.01815804383592],[121.75303301844441,25.02041493784138],[121.75550993111958,25.020402371139674],[121.75549611751273,25.018145478420703],[121.7530192501145,25.01815804383592]]]}},{"type":"Feature","properties":{"cell_id":"65000:250:11072:1305","county_id":"65000","city":"NewTaipei","district":"平溪區","population_estimate":0.0,"population_known_estimate":0.0,"population_data_fraction":1.0,"population_method":"residential_support","population_period":"2024-12","population_density_per_km2":0.0,"bus_walk_mean_m":932.1028558497253,"bus_walk_p90_m":932.1028558497253,"bus_known_weight":1.0,"metro_walk_mean_m":19294.794555703887,"metro_known_weight":1.0,"position_status":"fallback_unverified","classification":"zero_residential_proxy","residential_gap":false},"geometry":{"type":"Polygon","coordinates":[[[121.75549611751273,25.018145478420703],[121.75550993111958,25.020402371139674],[121.75798684212377,25.020389763179118],[121.75797298324007,25.018132871750865],[121.75549611751273,25.018145478420703]]]}},{"type":"Feature","properties":{"cell_id":"65000:250:11072:1306","county_id":"65000","city":"NewTaipei","district":"平溪區","population_estimate":0.5817768800578059,"population_known_estimate":0.5817768800578059,"population_data_fraction":1.0,"population_method":"uniform_proxy","population_period":"2024-12","population_density_per_km2":9.308430080924895,"bus_walk_mean_m":1277.2516729079673,"bus_walk_p90_m":1277.2516729079673,"bus_known_weight":1.0,"metro_walk_mean_m":19639.94337276213,"metro_known_weight":1.0,"position_status":"fallback_unverified","classification":"residential_coverage_candidate","residential_gap":true},"geometry":{"type":"Polygon","coordinates":[[[121.75797298324007,25.018132871750865],[121.75798684212377,25.020389763179118],[121.76046375145144,25.02037711395983],[121.76044984729104,25.018120223826507],[121.75797298324007,25.018132871750865]]]}},{"type":"Feature","properties":{"cell_id":"65000:250:11072:1307","county_id":"65000","city":"NewTaipei","district":"平溪區","population_estimate":1.0139041053141904,"population_known_estimate":1.0139041053141904,"population_data_fraction":1.0,"population_method":"uniform_proxy","population_period":"2024-12","population_density_per_km2":16.222465685027046,"bus_walk_mean_m":null,"bus_walk_p90_m":null,"bus_known_weight":0.0,"metro_walk_mean_m":null,"metro_known_weight":0.0,"position_status":"fallback_unverified","classification":"unresolved_walk_evidence","residential_gap":false},"geometry":{"type":"Polygon","coordinates":[[[121.76044984729104,25.018120223826507],[121.76046375145144,25.02037711395983],[121.76294065909714,25.02036442348192],[121.76292670966016,25.018107534647754],[121.76044984729104,25.018120223826507]]]}},{"type":"Feature","properties":{"cell_id":"65000:250:11072:1308","county_id":"65000","city":"NewTaipei","district":"平溪區","population_estimate":1.0139041053141904,"population_known_estimate":1.0139041053141904,"population_data_fraction":1.0,"population_method":"uniform_proxy","population_period":"2024-12","population_density_per_km2":16.222465685027046,"bus_walk_mean_m":1887.8336175472648,"bus_walk_p90_m":1887.8336175472648,"bus_known_weight":1.0,"metro_walk_mean_m":20578.28999316421,"metro_known_weight":1.0,"position_status":"fallback_unverified","classification":"residential_coverage_candidate","residential_gap":true},"geometry":{"type":"Polygon","coordinates":[[[121.76292670966016,25.018107534647754],[121.76294065909714,25.02036442348192],[121.76541756505539,25.02035169174549],[121.76540357034197,25.0180948042147],[121.76292670966016,25.018107534647754]]]}},{"type":"Feature","properties":{"cell_id":"65000:250:11072:1309","county_id":"65000","city":"NewTaipei","district":"平溪區","population_estimate":0.42808227159668905,"population_known_estimate":0.42808227159668905,"population_data_fraction":1.0,"population_method":"uniform_proxy","population_period":"2024-12","population_density_per_km2":6.849316345547025,"bus_walk_mean_m":1781.7398463569225,"bus_walk_p90_m":1781.7398463569225,"bus_known_weight":1.0,"metro_walk_mean_m":20952.567842254626,"metro_known_weight":1.0,"position_status":"fallback_unverified","classification":"residential_coverage_candidate","residential_gap":true},"geometry":{"type":"Polygon","coordinates":[[[121.76540357034197,25.0180948042147],[121.76541756505539,25.02035169174549],[121.76789446932072,25.020338918750657],[121.76788042933102,25.01808203252747],[121.76540357034197,25.0180948042147]]]}},{"type":"Feature","properties":{"cell_id":"65000:250:11072:1310","county_id":"65000","city":"NewTaipei","district":"平溪區","population_estimate":0.0,"population_known_estimate":0.0,"population_data_fraction":1.0,"population_method":"known_zero","population_period":"2024-12","population_density_per_km2":0.0,"bus_walk_mean_m":null,"bus_walk_p90_m":null,"bus_known_weight":0.0,"metro_walk_mean_m":null,"metro_known_weight":0.0,"position_status":"fallback_unverified","classification":"zero_residential_proxy","residential_gap":false},"geometry":{"type":"Polygon","coordinates":[[[121.76788042933102,25.01808203252747],[121.76789446932072,25.020338918750657],[121.77037137188765,25.020326104497528],[121.77035728662176,25.018069219586167],[121.76788042933102,25.01808203252747]]]}},{"type":"Feature","properties":{"cell_id":"65000:250:11072:1311","county_id":"65000","city":"NewTaipei","district":"平溪區","population_estimate":0.10810814976730151,"population_known_estimate":0.10810814976730151,"population_data_fraction":1.0,"population_method":"uniform_proxy","population_period":"2024-12","population_density_per_km2":1.7297303962768242,"bus_walk_mean_m":1757.746187864512,"bus_walk_p90_m":1757.746187864512,"bus_known_weight":1.0,"metro_walk_mean_m":22073.040911781263,"metro_known_weight":1.0,"position_status":"fallback_unverified","classification":"residential_coverage_candidate","residential_gap":true},"geometry":{"type":"Polygon","coordinates":[[[121.77035728662176,25.018069219586167],[121.77037137188765,25.020326104497528],[121.77284827275071,25.020313248986213],[121.77283414220878,25.0180563653909],[121.77035728662176,25.018069219586167]]]}},{"type":"Feature","properties":{"cell_id":"65000:250:11072:1312","county_id":"65000","city":"NewTaipei","district":"平溪區","population_estimate":0.49391791499696597,"population_known_estimate":0.49391791499696597,"population_data_fraction":1.0,"population_method":"uniform_proxy","population_period":"2024-12","population_density_per_km2":7.9026866399514555,"bus_walk_mean_m":1637.1902150344097,"bus_walk_p90_m":1637.1902150344097,"bus_known_weight":1.0,"metro_walk_mean_m":21958.536156957198,"metro_known_weight":1.0,"position_status":"fallback_unverified","classification":"residential_coverage_candidate","residential_gap":true},"geometry":{"type":"Polygon","coordinates":[[[121.77283414220878,25.0180563653909],[121.77284827275071,25.020313248986213],[121.7753251719044,25.020300352216818],[121.77531099608659,25.018043469941787],[121.77283414220878,25.0180563653909]]]}},{"type":"Feature","properties":{"cell_id":"65000:250:11072:1313","county_id":"65000","city":"NewTaipei","district":"平溪區","population_estimate":0.8622084592749671,"population_known_estimate":0.8622084592749671,"population_data_fraction":1.0,"population_method":"uniform_proxy","population_period":"2024-12","population_density_per_km2":13.795335348399474,"bus_walk_mean_m":1477.864082195505,"bus_walk_p90_m":1477.864082195505,"bus_known_weight":1.0,"metro_walk_mean_m":22224.651849118407,"metro_known_weight":1.0,"position_status":"fallback_unverified","classification":"residential_coverage_candidate","residential_gap":true},"geometry":{"type":"Polygon","coordinates":[[[121.77531099608659,25.018043469941787],[121.7753251719044,25.020300352216818],[121.77780206934324,25.02028741418947],[121.7777878482497,25.01803053323894],[121.77531099608659,25.018043469941787]]]}},{"type":"Feature","properties":{"cell_id":"65000:250:11072:1314","county_id":"65000","city":"NewTaipei","district":"平溪區","population_estimate":2.3993043559878413,"population_known_estimate":2.3993043559878413,"population_data_fraction":1.0,"population_method":"uniform_proxy","population_period":"2024-12","population_density_per_km2":38.38886969580546,"bus_walk_mean_m":1226.7277993061332,"bus_walk_p90_m":1226.7277993061332,"bus_known_weight":1.0,"metro_walk_mean_m":22698.058211348605,"metro_known_weight":1.0,"position_status":"fallback_unverified","classification":"residential_coverage_candidate","residential_gap":true},"geometry":{"type":"Polygon","coordinates":[[[121.7777878482497,25.01803053323894],[121.77780206934324,25.02028741418947],[121.7802789650618,25.020274434904277],[121.78026469869263,25.018017555282462],[121.7777878482497,25.01803053323894]]]}},{"type":"Feature","properties":{"cell_id":"65000:250:11072:1315","county_id":"65000","city":"NewTaipei","district":"平溪區","population_estimate":4.322470968514417,"population_known_estimate":4.322470968514417,"population_data_fraction":1.0,"population_method":"uniform_proxy","population_period":"2024-12","population_density_per_km2":69.15953549623067,"bus_walk_mean_m":1181.2868749196584,"bus_walk_p90_m":1181.2868749196584,"bus_known_weight":1.0,"metro_walk_mean_m":23266.722790540673,"metro_known_weight":1.0,"position_status":"fallback_unverified","classification":"residential_coverage_candidate","residential_gap":true},"geometry":{"type":"Polygon","coordinates":[[[121.78026469869263,25.018017555282462],[121.7802789650618,25.020274434904277],[121.78275585905457,25.02026141436134],[121.7827415474099,25.018004536072468],[121.78026469869263,25.018017555282462]]]}},{"type":"Feature","properties":{"cell_id":"65000:250:11072:1316","county_id":"65000","city":"NewTaipei","district":"平溪區","population_estimate":4.3447214012585285,"population_known_estimate":4.3447214012585285,"population_data_fraction":1.0,"population_method":"uniform_proxy","population_period":"2024-12","population_density_per_km2":69.51554242013646,"bus_walk_mean_m":1516.3031413047468,"bus_walk_p90_m":1516.3031413047468,"bus_known_weight":1.0,"metro_walk_mean_m":23601.73905692576,"metro_known_weight":1.0,"position_status":"fallback_unverified","classification":"residential_coverage_candidate","residential_gap":true},"geometry":{"type":"Polygon","coordinates":[[[121.7827415474099,25.018004536072468],[121.78275585905457,25.02026141436134],[121.78523275131609,25.020248352560788],[121.78521839439608,25.01799147560908],[121.7827415474099,25.018004536072468]]]}},{"type":"Feature","properties":{"cell_id":"65000:250:11073:1283","county_id":"65000","city":"NewTaipei","district":"平溪區","population_estimate":0.5354682690631736,"population_known_estimate":0.5354682690631736,"population_data_fraction":1.0,"population_method":"uniform_proxy","population_period":"2024-12","population_density_per_km2":8.567492305010777,"bus_walk_mean_m":788.6487858077091,"bus_walk_p90_m":788.6487858077091,"bus_known_weight":1.0,"metro_walk_mean_m":13052.267272332332,"metro_known_weight":1.0,"position_status":"fallback_unverified","classification":"barrier_detour_candidate","residential_gap":true},"geometry":{"type":"Polygon","coordinates":[[[121.70101747595898,25.020669307594254],[121.70103029499278,25.022926226949007],[121.70350728677943,25.022914525509826],[121.70349442246047,25.020657607352902],[121.70101747595898,25.020669307594254]]]}},{"type":"Feature","properties":{"cell_id":"65000:250:11073:1284","county_id":"65000","city":"NewTaipei","district":"平溪區","population_estimate":0.0,"population_known_estimate":0.0,"population_data_fraction":1.0,"population_method":"residential_support","population_period":"2024-12","population_density_per_km2":0.0,"bus_walk_mean_m":601.0349088154392,"bus_walk_p90_m":601.0349088154392,"bus_known_weight":1.0,"metro_walk_mean_m":13348.86530636007,"metro_known_weight":1.0,"position_status":"fallback_unverified","classification":"zero_residential_proxy","residential_gap":false},"geometry":{"type":"Polygon","coordinates":[[[121.70349442246047,25.020657607352902],[121.70350728677943,25.022914525509826],[121.70598427700993,25.022902782805367],[121.70597136740595,25.020645865850497],[121.70349442246047,25.020657607352902]]]}},{"type":"Feature","properties":{"cell_id":"65000:250:11073:1285","county_id":"65000","city":"NewTaipei","district":"平溪區","population_estimate":0.0,"population_known_estimate":0.0,"population_data_fraction":1.0,"population_method":"residential_support","population_period":"2024-12","population_density_per_km2":0.0,"bus_walk_mean_m":null,"bus_walk_p90_m":null,"bus_known_weight":0.0,"metro_walk_mean_m":null,"metro_known_weight":0.0,"position_status":"fallback_unverified","classification":"zero_residential_proxy","residential_gap":false},"geometry":{"type":"Polygon","coordinates":[[[121.70597136740595,25.020645865850497],[121.70598427700993,25.022902782805367],[121.70846126567886,25.022890998835727],[121.70844831078995,25.020634083087142],[121.70597136740595,25.020645865850497]]]}},{"type":"Feature","properties":{"cell_id":"65000:250:11073:1286","county_id":"65000","city":"NewTaipei","district":"平溪區","population_estimate":0.0,"population_known_estimate":0.0,"population_data_fraction":1.0,"population_method":"residential_support","population_period":"2024-12","population_density_per_km2":0.0,"bus_walk_mean_m":null,"bus_walk_p90_m":null,"bus_known_weight":0.0,"metro_walk_mean_m":null,"metro_known_weight":0.0,"position_status":"fallback_unverified","classification":"zero_residential_proxy","residential_gap":false},"geometry":{"type":"Polygon","coordinates":[[[121.70844831078995,25.020634083087142],[121.70846126567886,25.022890998835727],[121.71093825278066,25.022879173601005],[121.71092525260698,25.020622259062918],[121.70844831078995,25.020634083087142]]]}},{"type":"Feature","properties":{"cell_id":"65000:250:11073:1287","county_id":"65000","city":"NewTaipei","district":"平溪區","population_estimate":40.305362992210426,"population_known_estimate":40.305362992210426,"population_data_fraction":1.0,"population_method":"residential_support","population_period":"2024-12","population_density_per_km2":644.8858078753668,"bus_walk_mean_m":292.5544851229828,"bus_walk_p90_m":274.3340177680173,"bus_known_weight":0.9999999999999999,"metro_walk_mean_m":13678.358741240832,"metro_known_weight":0.9999999999999999,"position_status":"residential_area_proxy","classification":"within_walk_threshold","residential_gap":false},"geometry":{"type":"Polygon","coordinates":[[[121.71092525260698,25.020622259062918],[121.71093825278066,25.022879173601005],[121.71341523830993,25.022867307101315],[121.71340219285159,25.020610393777954],[121.71092525260698,25.020622259062918]]]}},{"type":"Feature","properties":{"cell_id":"65000:250:11073:1288","county_id":"65000","city":"NewTaipei","district":"平溪區","population_estimate":121.27010639258916,"population_known_estimate":121.27010639258916,"population_data_fraction":0.9999999999999999,"population_method":"residential_support","population_period":"2024-12","population_density_per_km2":1940.3217022814265,"bus_walk_mean_m":194.14354277516057,"bus_walk_p90_m":201.54020665289477,"bus_known_weight":1.0,"metro_walk_mean_m":13790.592680028949,"metro_known_weight":1.0,"position_status":"residential_area_proxy","classification":"within_walk_threshold","residential_gap":false},"geometry":{"type":"Polygon","coordinates":[[[121.71340219285159,25.020610393777954],[121.71341523830993,25.022867307101315],[121.71589222226116,25.02285539933675],[121.71587913151828,25.02059848723234],[121.71340219285159,25.020610393777954]]]}},{"type":"Feature","properties":{"cell_id":"65000:250:11073:1289","county_id":"65000","city":"NewTaipei","district":"平溪區","population_estimate":10.552647279686962,"population_known_estimate":10.552647279686962,"population_data_fraction":0.9999999999999998,"population_method":"residential_support","population_period":"2024-12","population_density_per_km2":168.8423564749914,"bus_walk_mean_m":397.08899352426494,"bus_walk_p90_m":397.08899352426494,"bus_known_weight":1.0,"metro_walk_mean_m":14647.038133247976,"metro_known_weight":1.0,"position_status":"residential_area_proxy","classification":"within_walk_threshold","residential_gap":false},"geometry":{"type":"Polygon","coordinates":[[[121.71587913151828,25.02059848723234],[121.71589222226116,25.02285539933675],[121.71836920462884,25.022843450307416],[121.71835606860157,25.020586539426183],[121.71587913151828,25.02059848723234]]]}},{"type":"Feature","properties":{"cell_id":"65000:250:11073:1290","county_id":"65000","city":"NewTaipei","district":"平溪區","population_estimate":69.80343023740892,"population_known_estimate":69.80343023740892,"population_data_fraction":1.0,"population_method":"residential_support","population_period":"2024-12","population_density_per_km2":1116.8548837985427,"bus_walk_mean_m":425.93481528020646,"bus_walk_p90_m":536.3349682958993,"bus_known_weight":1.0,"metro_walk_mean_m":14831.290446903986,"metro_known_weight":1.0,"position_status":"residential_area_proxy","classification":"barrier_detour_candidate","residential_gap":true},"geometry":{"type":"Polygon","coordinates":[[[121.71835606860157,25.020586539426183],[121.71836920462884,25.022843450307416],[121.72084618540754,25.022831460013414],[121.72083300409597,25.020574550359584],[121.71835606860157,25.020586539426183]]]}},{"type":"Feature","properties":{"cell_id":"65000:250:11073:1291","county_id":"65000","city":"NewTaipei","district":"平溪區","population_estimate":86.30836423330241,"population_known_estimate":86.30836423330241,"population_data_fraction":0.9999999999999999,"population_method":"residential_support","population_period":"2024-12","population_density_per_km2":1380.9338277328386,"bus_walk_mean_m":257.076712335656,"bus_walk_p90_m":322.4983774635964,"bus_known_weight":1.0,"metro_walk_mean_m":14971.21547389332,"metro_known_weight":1.0,"position_status":"residential_area_proxy","classification":"within_walk_threshold","residential_gap":false},"geometry":{"type":"Polygon","coordinates":[[[121.72083300409597,25.020574550359584],[121.72084618540754,25.022831460013414],[121.72332316459176,25.022819428454852],[121.72330993799605,25.02056252003264],[121.72083300409597,25.020574550359584]]]}},{"type":"Feature","properties":{"cell_id":"65000:250:11073:1292","county_id":"65000","city":"NewTaipei","district":"平溪區","population_estimate":0.0,"population_known_estimate":0.0,"population_data_fraction":1.0,"population_method":"residential_support","population_period":"2024-12","population_density_per_km2":0.0,"bus_walk_mean_m":68.32661618670869,"bus_walk_p90_m":68.32661618670869,"bus_known_weight":1.0,"metro_walk_mean_m":15271.913563325992,"metro_known_weight":1.0,"position_status":"fallback_unverified","classification":"zero_residential_proxy","residential_gap":false},"geometry":{"type":"Polygon","coordinates":[[[121.72330993799605,25.02056252003264],[121.72332316459176,25.022819428454852],[121.72580014217606,25.022807355631837],[121.72578687029632,25.02055044844547],[121.72330993799605,25.02056252003264]]]}},{"type":"Feature","properties":{"cell_id":"65000:250:11073:1293","county_id":"65000","city":"NewTaipei","district":"平溪區","population_estimate":0.0,"population_known_estimate":0.0,"population_data_fraction":0.9999999999999999,"population_method":"residential_support","population_period":"2024-12","population_density_per_km2":0.0,"bus_walk_mean_m":186.32110039279354,"bus_walk_p90_m":186.32110039279354,"bus_known_weight":1.0,"metro_walk_mean_m":15517.247951600983,"metro_known_weight":1.0,"position_status":"fallback_unverified","classification":"zero_residential_proxy","residential_gap":false},"geometry":{"type":"Polygon","coordinates":[[[121.72578687029632,25.02055044844547],[121.72580014217606,25.022807355631837],[121.7282771181549,25.02279524154447],[121.72826380099126,25.02053833559817],[121.72578687029632,25.02055044844547]]]}},{"type":"Feature","properties":{"cell_id":"65000:250:11073:1294","county_id":"65000","city":"NewTaipei","district":"平溪區","population_estimate":64.01447484971195,"population_known_estimate":64.01447484971195,"population_data_fraction":0.9999999999999999,"population_method":"residential_support","population_period":"2024-12","population_density_per_km2":1024.2315975953911,"bus_walk_mean_m":71.45425481111921,"bus_walk_p90_m":105.97764925972487,"bus_known_weight":1.0,"metro_walk_mean_m":15754.103209762634,"metro_known_weight":1.0,"position_status":"residential_area_proxy","classification":"within_walk_threshold","residential_gap":false},"geometry":{"type":"Polygon","coordinates":[[[121.72826380099126,25.02053833559817],[121.7282771181549,25.02279524154447],[121.73075409252283,25.02278308619285],[121.73074073007542,25.020526181490844],[121.72826380099126,25.02053833559817]]]}},{"type":"Feature","properties":{"cell_id":"65000:250:11073:1295","county_id":"65000","city":"NewTaipei","district":"平溪區","population_estimate":0.0,"population_known_estimate":0.0,"population_data_fraction":0.9999999999999999,"population_method":"residential_support","population_period":"2024-12","population_density_per_km2":0.0,"bus_walk_mean_m":363.51968518322,"bus_walk_p90_m":363.51968518322,"bus_known_weight":1.0,"metro_walk_mean_m":16514.555049744096,"metro_known_weight":1.0,"position_status":"fallback_unverified","classification":"zero_residential_proxy","residential_gap":false},"geometry":{"type":"Polygon","coordinates":[[[121.73074073007542,25.020526181490844],[121.73075409252283,25.02278308619285],[121.73323106527438,25.022770889577092],[121.73321765754335,25.020513986123607],[121.73074073007542,25.020526181490844]]]}},{"type":"Feature","properties":{"cell_id":"65000:250:11073:1296","county_id":"65000","city":"NewTaipei","district":"平溪區","population_estimate":0.0,"population_known_estimate":0.0,"population_data_fraction":1.0,"population_method":"residential_support","population_period":"2024-12","population_density_per_km2":0.0,"bus_walk_mean_m":362.40325857498937,"bus_walk_p90_m":362.40325857498937,"bus_known_weight":1.0,"metro_walk_mean_m":16513.438623135862,"metro_known_weight":1.0,"position_status":"fallback_unverified","classification":"zero_residential_proxy","residential_gap":false},"geometry":{"type":"Polygon","coordinates":[[[121.73321765754335,25.020513986123607],[121.73323106527438,25.022770889577092],[121.73570803640408,25.022758651697295],[121.73569458338953,25.020501749496553],[121.73321765754335,25.020513986123607]]]}},{"type":"Feature","properties":{"cell_id":"65000:250:11073:1297","county_id":"65000","city":"NewTaipei","district":"平溪區","population_estimate":0.0,"population_known_estimate":0.0,"population_data_fraction":1.0,"population_method":"residential_support","population_period":"2024-12","population_density_per_km2":0.0,"bus_walk_mean_m":474.69522180232417,"bus_walk_p90_m":474.69522180232417,"bus_known_weight":1.0,"metro_walk_mean_m":16889.815899292706,"metro_known_weight":1.0,"position_status":"fallback_unverified","classification":"zero_residential_proxy","residential_gap":false},"geometry":{"type":"Polygon","coordinates":[[[121.73569458338953,25.020501749496553],[121.73570803640408,25.022758651697295],[121.73818500590644,25.022746372553566],[121.73817150760851,25.020489471609793],[121.73569458338953,25.020501749496553]]]}},{"type":"Feature","properties":{"cell_id":"65000:250:11073:1298","county_id":"65000","city":"NewTaipei","district":"平溪區","population_estimate":0.0,"population_known_estimate":0.0,"population_data_fraction":1.0,"population_method":"residential_support","population_period":"2024-12","population_density_per_km2":0.0,"bus_walk_mean_m":575.5308285185693,"bus_walk_p90_m":575.5308285185693,"bus_known_weight":1.0,"metro_walk_mean_m":17078.54404109029,"metro_known_weight":1.0,"position_status":"fallback_unverified","classification":"zero_residential_proxy","residential_gap":false},"geometry":{"type":"Polygon","coordinates":[[[121.73817150760851,25.020489471609793],[121.73818500590644,25.022746372553566],[121.740661973776,25.022734052146017],[121.74064843019484,25.02047715246343],[121.73817150760851,25.020489471609793]]]}},{"type":"Feature","properties":{"cell_id":"65000:250:11073:1299","county_id":"65000","city":"NewTaipei","district":"平溪區","population_estimate":0.0,"population_known_estimate":0.0,"population_data_fraction":1.0,"population_method":"residential_support","population_period":"2024-12","population_density_per_km2":0.0,"bus_walk_mean_m":null,"bus_walk_p90_m":null,"bus_known_weight":0.0,"metro_walk_mean_m":null,"metro_known_weight":0.0,"position_status":"fallback_unverified","classification":"zero_residential_proxy","residential_gap":false},"geometry":{"type":"Polygon","coordinates":[[[121.74064843019484,25.02047715246343],[121.740661973776,25.022734052146017],[121.74313894000726,25.022721690474754],[121.74312535114295,25.02046479205758],[121.74064843019484,25.02047715246343]]]}},{"type":"Feature","properties":{"cell_id":"65000:250:11073:1300","county_id":"65000","city":"NewTaipei","district":"平溪區","population_estimate":0.0,"population_known_estimate":0.0,"population_data_fraction":1.0,"population_method":"residential_support","population_period":"2024-12","population_density_per_km2":0.0,"bus_walk_mean_m":null,"bus_walk_p90_m":null,"bus_known_weight":0.0,"metro_walk_mean_m":null,"metro_known_weight":0.0,"position_status":"fallback_unverified","classification":"zero_residential_proxy","residential_gap":false},"geometry":{"type":"Polygon","coordinates":[[[121.74312535114295,25.02046479205758],[121.74313894000726,25.022721690474754],[121.74561590459473,25.022709287539875],[121.74560227044748,25.020452390392343],[121.74312535114295,25.02046479205758]]]}},{"type":"Feature","properties":{"cell_id":"65000:250:11073:1301","county_id":"65000","city":"NewTaipei","district":"平溪區","population_estimate":0.0,"population_known_estimate":0.0,"population_data_fraction":1.0,"population_method":"residential_support","population_period":"2024-12","population_density_per_km2":0.0,"bus_walk_mean_m":null,"bus_walk_p90_m":null,"bus_known_weight":0.0,"metro_walk_mean_m":null,"metro_known_weight":0.0,"position_status":"fallback_unverified","classification":"zero_residential_proxy","residential_gap":false},"geometry":{"type":"Polygon","coordinates":[[[121.74560227044748,25.020452390392343],[121.74561590459473,25.022709287539875],[121.74809286753297,25.022696843341496],[121.74807918810286,25.02043994746782],[121.74560227044748,25.020452390392343]]]}},{"type":"Feature","properties":{"cell_id":"65000:250:11073:1302","county_id":"65000","city":"NewTaipei","district":"平溪區","population_estimate":0.0,"population_known_estimate":0.0,"population_data_fraction":1.0,"population_method":"residential_support","population_period":"2024-12","population_density_per_km2":0.0,"bus_walk_mean_m":null,"bus_walk_p90_m":null,"bus_known_weight":0.0,"metro_walk_mean_m":null,"metro_known_weight":0.0,"position_status":"fallback_unverified","classification":"zero_residential_proxy","residential_gap":false},"geometry":{"type":"Polygon","coordinates":[[[121.74807918810286,25.02043994746782],[121.74809286753297,25.022696843341496],[121.7505698288165,25.022684357879722],[121.75055610410367,25.02042746328413],[121.74807918810286,25.02043994746782]]]}},{"type":"Feature","properties":{"cell_id":"65000:250:11073:1303","county_id":"65000","city":"NewTaipei","district":"平溪區","population_estimate":2.058378191718134,"population_known_estimate":2.058378191718134,"population_data_fraction":1.0,"population_method":"residential_support","population_period":"2024-12","population_density_per_km2":32.934051067490145,"bus_walk_mean_m":60.305799933260246,"bus_walk_p90_m":60.305799933260246,"bus_known_weight":1.0,"metro_walk_mean_m":18551.14394363757,"metro_known_weight":1.0,"position_status":"residential_area_proxy","classification":"within_walk_threshold","residential_gap":false},"geometry":{"type":"Polygon","coordinates":[[[121.75055610410367,25.02042746328413],[121.7505698288165,25.022684357879722],[121.75304678843983,25.02267183115466],[121.75303301844441,25.02041493784138],[121.75055610410367,25.02042746328413]]]}},{"type":"Feature","properties":{"cell_id":"65000:250:11073:1304","county_id":"65000","city":"NewTaipei","district":"平溪區","population_estimate":0.0,"population_known_estimate":0.0,"population_data_fraction":1.0,"population_method":"residential_support","population_period":"2024-12","population_density_per_km2":0.0,"bus_walk_mean_m":771.1395182548682,"bus_walk_p90_m":771.1395182548682,"bus_known_weight":1.0,"metro_walk_mean_m":18863.422022996674,"metro_known_weight":1.0,"position_status":"fallback_unverified","classification":"zero_residential_proxy","residential_gap":false},"geometry":{"type":"Polygon","coordinates":[[[121.75303301844441,25.02041493784138],[121.75304678843983,25.02267183115466],[121.75552374639747,25.022659263166425],[121.75550993111958,25.020402371139674],[121.75303301844441,25.02041493784138]]]}},{"type":"Feature","properties":{"cell_id":"65000:250:11073:1305","county_id":"65000","city":"NewTaipei","district":"平溪區","population_estimate":0.0003241480270641009,"population_known_estimate":0.0003241480270641009,"population_data_fraction":1.0,"population_method":"uniform_proxy","population_period":"2024-12","population_density_per_km2":0.005186368433025615,"bus_walk_mean_m":1065.3295711981857,"bus_walk_p90_m":1065.3295711981857,"bus_known_weight":1.0,"metro_walk_mean_m":19428.02127105235,"metro_known_weight":1.0,"position_status":"fallback_unverified","classification":"residential_coverage_candidate","residential_gap":true},"geometry":{"type":"Polygon","coordinates":[[[121.75550993111958,25.020402371139674],[121.75552374639747,25.022659263166425],[121.75800070268396,25.022646653915114],[121.75798684212377,25.020389763179118],[121.75550993111958,25.020402371139674]]]}},{"type":"Feature","properties":{"cell_id":"65000:250:11073:1306","county_id":"65000","city":"NewTaipei","district":"平溪區","population_estimate":0.6595564136235234,"population_known_estimate":0.6595564136235234,"population_data_fraction":1.0,"population_method":"uniform_proxy","population_period":"2024-12","population_density_per_km2":10.552902617976374,"bus_walk_mean_m":1295.7300029295036,"bus_walk_p90_m":1295.7300029295036,"bus_known_weight":1.0,"metro_walk_mean_m":19523.93889788311,"metro_known_weight":1.0,"position_status":"fallback_unverified","classification":"residential_coverage_candidate","residential_gap":true},"geometry":{"type":"Polygon","coordinates":[[[121.75798684212377,25.020389763179118],[121.75800070268396,25.022646653915114],[121.76047765729382,25.022634003400853],[121.76046375145144,25.02037711395983],[121.75798684212377,25.020389763179118]]]}},{"type":"Feature","properties":{"cell_id":"65000:250:11073:1307","county_id":"65000","city":"NewTaipei","district":"平溪區","population_estimate":1.0139041053141904,"population_known_estimate":1.0139041053141904,"population_data_fraction":1.0,"population_method":"uniform_proxy","population_period":"2024-12","population_density_per_km2":16.222465685027046,"bus_walk_mean_m":null,"bus_walk_p90_m":null,"bus_known_weight":0.0,"metro_walk_mean_m":null,"metro_known_weight":0.0,"position_status":"fallback_unverified","classification":"unresolved_walk_evidence","residential_gap":false},"geometry":{"type":"Polygon","coordinates":[[[121.76046375145144,25.02037711395983],[121.76047765729382,25.022634003400853],[121.76295461022156,25.022621311623734],[121.76294065909714,25.02036442348192],[121.76046375145144,25.02037711395983]]]}},{"type":"Feature","properties":{"cell_id":"65000:250:11073:1308","county_id":"65000","city":"NewTaipei","district":"平溪區","population_estimate":1.013115414433864,"population_known_estimate":1.013115414433864,"population_data_fraction":1.0,"population_method":"uniform_proxy","population_period":"2024-12","population_density_per_km2":16.209846630941826,"bus_walk_mean_m":1719.4387544851336,"bus_walk_p90_m":1719.4387544851336,"bus_known_weight":1.0,"metro_walk_mean_m":20796.174647022064,"metro_known_weight":1.0,"position_status":"fallback_unverified","classification":"residential_coverage_candidate","residential_gap":true},"geometry":{"type":"Polygon","coordinates":[[[121.76294065909714,25.02036442348192],[121.76295461022156,25.022621311623734],[121.76543156146172,25.02260857858388],[121.76541756505539,25.02035169174549],[121.76294065909714,25.02036442348192]]]}},{"type":"Feature","properties":{"cell_id":"65000:250:11073:1309","county_id":"65000","city":"NewTaipei","district":"平溪區","population_estimate":0.3369622502689466,"population_known_estimate":0.3369622502689466,"population_data_fraction":1.0,"population_method":"uniform_proxy","population_period":"2024-12","population_density_per_km2":5.391396004303146,"bus_walk_mean_m":1655.2366879537644,"bus_walk_p90_m":1655.2366879537644,"bus_known_weight":1.0,"metro_walk_mean_m":20826.06468385147,"metro_known_weight":1.0,"position_status":"fallback_unverified","classification":"residential_coverage_candidate","residential_gap":true},"geometry":{"type":"Polygon","coordinates":[[[121.76541756505539,25.02035169174549],[121.76543156146172,25.02260857858388],[121.76790851100884,25.0225958042814],[121.76789446932072,25.020338918750657],[121.76541756505539,25.02035169174549]]]}},{"type":"Feature","properties":{"cell_id":"65000:250:11073:1310","county_id":"65000","city":"NewTaipei","district":"平溪區","population_estimate":0.033338106821854965,"population_known_estimate":0.033338106821854965,"population_data_fraction":0.9999999999999999,"population_method":"uniform_proxy","population_period":"2024-12","population_density_per_km2":0.5334097091496794,"bus_walk_mean_m":1718.9224894948804,"bus_walk_p90_m":1718.9224894948804,"bus_known_weight":1.0,"metro_walk_mean_m":21276.554291224787,"metro_known_weight":1.0,"position_status":"fallback_unverified","classification":"residential_coverage_candidate","residential_gap":true},"geometry":{"type":"Polygon","coordinates":[[[121.76789446932072,25.020338918750657],[121.76790851100884,25.0225958042814],[121.7703854588574,25.02258298871639],[121.77037137188765,25.020326104497528],[121.76789446932072,25.020338918750657]]]}},{"type":"Feature","properties":{"cell_id":"65000:250:11073:1311","county_id":"65000","city":"NewTaipei","district":"平溪區","population_estimate":0.0832568637940702,"population_known_estimate":0.0832568637940702,"population_data_fraction":0.9999999999999999,"population_method":"uniform_proxy","population_period":"2024-12","population_density_per_km2":1.3321098207051232,"bus_walk_mean_m":null,"bus_walk_p90_m":null,"bus_known_weight":0.0,"metro_walk_mean_m":null,"metro_known_weight":0.0,"position_status":"fallback_unverified","classification":"unresolved_walk_evidence","residential_gap":false},"geometry":{"type":"Polygon","coordinates":[[[121.77037137188765,25.020326104497528],[121.7703854588574,25.02258298871639],[121.77286240500196,25.02257013188898],[121.77284827275071,25.020313248986213],[121.77037137188765,25.020326104497528]]]}},{"type":"Feature","properties":{"cell_id":"65000:250:11073:1312","county_id":"65000","city":"NewTaipei","district":"平溪區","population_estimate":0.5115440129956809,"population_known_estimate":0.5115440129956809,"population_data_fraction":1.0,"population_method":"uniform_proxy","population_period":"2024-12","population_density_per_km2":8.184704207930894,"bus_walk_mean_m":1326.022606984661,"bus_walk_p90_m":1326.022606984661,"bus_known_weight":1.0,"metro_walk_mean_m":21641.317330901413,"metro_known_weight":1.0,"position_status":"fallback_unverified","classification":"residential_coverage_candidate","residential_gap":true},"geometry":{"type":"Polygon","coordinates":[[[121.77284827275071,25.020313248986213],[121.77286240500196,25.02257013188898],[121.77533934943703,25.022557233799276],[121.7753251719044,25.020300352216818],[121.77284827275071,25.020313248986213]]]}},{"type":"Feature","properties":{"cell_id":"65000:250:11073:1313","county_id":"65000","city":"NewTaipei","district":"平溪區","population_estimate":0.6946872188242423,"population_known_estimate":0.6946872188242423,"population_data_fraction":0.9999999999999999,"population_method":"uniform_proxy","population_period":"2024-12","population_density_per_km2":11.114995501187877,"bus_walk_mean_m":null,"bus_walk_p90_m":null,"bus_known_weight":0.0,"metro_walk_mean_m":null,"metro_known_weight":0.0,"position_status":"fallback_unverified","classification":"unresolved_walk_evidence","residential_gap":false},"geometry":{"type":"Polygon","coordinates":[[[121.7753251719044,25.020300352216818],[121.77533934943703,25.022557233799276],[121.77781629215713,25.02254429444738],[121.77780206934324,25.02028741418947],[121.7753251719044,25.020300352216818]]]}},{"type":"Feature","properties":{"cell_id":"65000:250:11073:1314","county_id":"65000","city":"NewTaipei","district":"平溪區","population_estimate":3.6230483667039235,"population_known_estimate":3.6230483667039235,"population_data_fraction":0.9999999999999999,"population_method":"uniform_proxy","population_period":"2024-12","population_density_per_km2":57.968773867262776,"bus_walk_mean_m":800.33439757998,"bus_walk_p90_m":800.33439757998,"bus_known_weight":1.0,"metro_walk_mean_m":22702.832628435342,"metro_known_weight":1.0,"position_status":"fallback_unverified","classification":"residential_coverage_candidate","residential_gap":true},"geometry":{"type":"Polygon","coordinates":[[[121.77780206934324,25.02028741418947],[121.77781629215713,25.02254429444738],[121.78029323315677,25.022531313833415],[121.7802789650618,25.020274434904277],[121.77780206934324,25.02028741418947]]]}},{"type":"Feature","properties":{"cell_id":"65000:250:11073:1315","county_id":"65000","city":"NewTaipei","district":"平溪區","population_estimate":4.392951304076656,"population_known_estimate":4.392951304076656,"population_data_fraction":1.0,"population_method":"uniform_proxy","population_period":"2024-12","population_density_per_km2":70.2872208652265,"bus_walk_mean_m":924.7498802605207,"bus_walk_p90_m":924.7498802605207,"bus_known_weight":1.0,"metro_walk_mean_m":23010.185795881534,"metro_known_weight":1.0,"position_status":"fallback_unverified","classification":"residential_coverage_candidate","residential_gap":true},"geometry":{"type":"Polygon","coordinates":[[[121.7802789650618,25.020274434904277],[121.78029323315677,25.022531313833415],[121.78277017243049,25.02251829195749],[121.78275585905457,25.02026141436134],[121.7802789650618,25.020274434904277]]]}},{"type":"Feature","properties":{"cell_id":"65000:250:11073:1316","county_id":"65000","city":"NewTaipei","district":"平溪區","population_estimate":4.394599013645038,"population_known_estimate":4.394599013645038,"population_data_fraction":1.0,"population_method":"uniform_proxy","population_period":"2024-12","population_density_per_km2":70.31358421832061,"bus_walk_mean_m":null,"bus_walk_p90_m":null,"bus_known_weight":0.0,"metro_walk_mean_m":null,"metro_known_weight":0.0,"position_status":"fallback_unverified","classification":"unresolved_walk_evidence","residential_gap":false},"geometry":{"type":"Polygon","coordinates":[[[121.78275585905457,25.02026141436134],[121.78277017243049,25.02251829195749],[121.78524710997281,25.02250522881972],[121.78523275131609,25.020248352560788],[121.78275585905457,25.02026141436134]]]}},{"type":"Feature","properties":{"cell_id":"65000:250:11073:1317","county_id":"65000","city":"NewTaipei","district":"平溪區","population_estimate":4.138983614629245,"population_known_estimate":4.138983614629245,"population_data_fraction":1.0,"population_method":"uniform_proxy","population_period":"2024-12","population_density_per_km2":66.22373783406792,"bus_walk_mean_m":null,"bus_walk_p90_m":null,"bus_known_weight":0.0,"metro_walk_mean_m":null,"metro_known_weight":0.0,"position_status":"fallback_unverified","classification":"unresolved_walk_evidence","residential_gap":false},"geometry":{"type":"Polygon","coordinates":[[[121.78523275131609,25.020248352560788],[121.78524710997281,25.02250522881972],[121.78772404577828,25.022492124420214],[121.78770964184085,25.02023524950272],[121.78523275131609,25.020248352560788]]]}},{"type":"Feature","properties":{"cell_id":"65000:250:11074:1283","county_id":"65000","city":"NewTaipei","district":"平溪區","population_estimate":0.24581063076285808,"population_known_estimate":0.24581063076285808,"population_data_fraction":1.0,"population_method":"uniform_proxy","population_period":"2024-12","population_density_per_km2":3.9329700922057294,"bus_walk_mean_m":1128.7834080561179,"bus_walk_p90_m":1128.7834080561179,"bus_known_weight":1.0,"metro_walk_mean_m":13014.053659417641,"metro_known_weight":1.0,"position_status":"fallback_unverified","classification":"residential_coverage_candidate","residential_gap":true},"geometry":{"type":"Polygon","coordinates":[[[121.70103029499278,25.022926226949007],[121.70104311557722,25.025183145612473],[121.7035201526545,25.025171442975424],[121.70350728677943,25.022914525509826],[121.70103029499278,25.022926226949007]]]}},{"type":"Feature","properties":{"cell_id":"65000:250:11074:1284","county_id":"65000","city":"NewTaipei","district":"平溪區","population_estimate":0.0,"population_known_estimate":0.0,"population_data_fraction":1.0,"population_method":"residential_support","population_period":"2024-12","population_density_per_km2":0.0,"bus_walk_mean_m":null,"bus_walk_p90_m":null,"bus_known_weight":0.0,"metro_walk_mean_m":null,"metro_known_weight":0.0,"position_status":"fallback_unverified","classification":"zero_residential_proxy","residential_gap":false},"geometry":{"type":"Polygon","coordinates":[[[121.70350728677943,25.022914525509826],[121.7035201526545,25.025171442975424],[121.70599718817554,25.025159699068862],[121.70598427700993,25.022902782805367],[121.70350728677943,25.022914525509826]]]}},{"type":"Feature","properties":{"cell_id":"65000:250:11074:1285","county_id":"65000","city":"NewTaipei","district":"平溪區","population_estimate":0.0,"population_known_estimate":0.0,"population_data_fraction":1.0,"population_method":"residential_support","population_period":"2024-12","population_density_per_km2":0.0,"bus_walk_mean_m":null,"bus_walk_p90_m":null,"bus_known_weight":0.0,"metro_walk_mean_m":null,"metro_known_weight":0.0,"position_status":"fallback_unverified","classification":"zero_residential_proxy","residential_gap":false},"geometry":{"type":"Polygon","coordinates":[[[121.70598427700993,25.022902782805367],[121.70599718817554,25.025159699068862],[121.70847422213484,25.025147913892898],[121.70846126567886,25.022890998835727],[121.70598427700993,25.022902782805367]]]}},{"type":"Feature","properties":{"cell_id":"65000:250:11074:1286","county_id":"65000","city":"NewTaipei","district":"平溪區","population_estimate":0.0,"population_known_estimate":0.0,"population_data_fraction":1.0,"population_method":"residential_support","population_period":"2024-12","population_density_per_km2":0.0,"bus_walk_mean_m":null,"bus_walk_p90_m":null,"bus_known_weight":0.0,"metro_walk_mean_m":null,"metro_known_weight":0.0,"position_status":"fallback_unverified","classification":"zero_residential_proxy","residential_gap":false},"geometry":{"type":"Polygon","coordinates":[[[121.70846126567886,25.022890998835727],[121.70847422213484,25.025147913892898],[121.71095125452692,25.025136087447628],[121.71093825278066,25.022879173601005],[121.70846126567886,25.022890998835727]]]}},{"type":"Feature","properties":{"cell_id":"65000:250:11074:1287","county_id":"65000","city":"NewTaipei","district":"平溪區","population_estimate":0.014309994083205749,"population_known_estimate":0.014309994083205749,"population_data_fraction":1.0,"population_method":"residential_support","population_period":"2024-12","population_density_per_km2":0.22895990533129199,"bus_walk_mean_m":347.98117097037084,"bus_walk_p90_m":347.98117097037084,"bus_known_weight":1.0,"metro_walk_mean_m":13629.495853282222,"metro_known_weight":1.0,"position_status":"residential_area_proxy","classification":"within_walk_threshold","residential_gap":false},"geometry":{"type":"Polygon","coordinates":[[[121.71093825278066,25.022879173601005],[121.71095125452692,25.025136087447628],[121.71342828534631,25.02512421973317],[121.71341523830993,25.022867307101315],[121.71093825278066,25.022879173601005]]]}},{"type":"Feature","properties":{"cell_id":"65000:250:11074:1288","county_id":"65000","city":"NewTaipei","district":"平溪區","population_estimate":0.0,"population_known_estimate":0.0,"population_data_fraction":1.0,"population_method":"residential_support","population_period":"2024-12","population_density_per_km2":0.0,"bus_walk_mean_m":null,"bus_walk_p90_m":null,"bus_known_weight":0.0,"metro_walk_mean_m":null,"metro_known_weight":0.0,"position_status":"fallback_unverified","classification":"zero_residential_proxy","residential_gap":false},"geometry":{"type":"Polygon","coordinates":[[[121.71341523830993,25.022867307101315],[121.71342828534631,25.02512421973317],[121.71590531458754,25.02511231074961],[121.71589222226116,25.02285539933675],[121.71341523830993,25.022867307101315]]]}},{"type":"Feature","properties":{"cell_id":"65000:250:11074:1289","county_id":"65000","city":"NewTaipei","district":"平溪區","population_estimate":0.0,"population_known_estimate":0.0,"population_data_fraction":1.0,"population_method":"residential_support","population_period":"2024-12","population_density_per_km2":0.0,"bus_walk_mean_m":217.4100494923511,"bus_walk_p90_m":217.4100494923511,"bus_known_weight":1.0,"metro_walk_mean_m":14544.841158369996,"metro_known_weight":1.0,"position_status":"fallback_unverified","classification":"zero_residential_proxy","residential_gap":false},"geometry":{"type":"Polygon","coordinates":[[[121.71589222226116,25.02285539933675],[121.71590531458754,25.02511231074961],[121.71838234224514,25.02510036049706],[121.71836920462884,25.022843450307416],[121.71589222226116,25.02285539933675]]]}},{"type":"Feature","properties":{"cell_id":"65000:250:11074:1290","county_id":"65000","city":"NewTaipei","district":"平溪區","population_estimate":15.226512607116307,"population_known_estimate":15.226512607116307,"population_data_fraction":1.0,"population_method":"residential_support","population_period":"2024-12","population_density_per_km2":243.6242017138609,"bus_walk_mean_m":183.91029638250197,"bus_walk_p90_m":183.91029638250197,"bus_known_weight":1.0,"metro_walk_mean_m":14961.274955842451,"metro_known_weight":1.0,"position_status":"residential_area_proxy","classification":"within_walk_threshold","residential_gap":false},"geometry":{"type":"Polygon","coordinates":[[[121.71836920462884,25.022843450307416],[121.71838234224514,25.02510036049706],[121.72085936831357,25.025088368975624],[121.72084618540754,25.022831460013414],[121.71836920462884,25.022843450307416]]]}},{"type":"Feature","properties":{"cell_id":"65000:250:11074:1291","county_id":"65000","city":"NewTaipei","district":"平溪區","population_estimate":39.018709064521786,"population_known_estimate":39.018709064521786,"population_data_fraction":0.9999999999999999,"population_method":"residential_support","population_period":"2024-12","population_density_per_km2":624.2993450323486,"bus_walk_mean_m":260.7015305996122,"bus_walk_p90_m":350.0836404846753,"bus_known_weight":1.0,"metro_walk_mean_m":15198.42993312232,"metro_known_weight":1.0,"position_status":"residential_area_proxy","classification":"within_walk_threshold","residential_gap":false},"geometry":{"type":"Polygon","coordinates":[[[121.72084618540754,25.022831460013414],[121.72085936831357,25.025088368975624],[121.72333639278743,25.025076336185386],[121.72332316459176,25.022819428454852],[121.72084618540754,25.022831460013414]]]}},{"type":"Feature","properties":{"cell_id":"65000:250:11074:1292","county_id":"65000","city":"NewTaipei","district":"平溪區","population_estimate":74.6940107344533,"population_known_estimate":74.6940107344533,"population_data_fraction":0.9999999999999994,"population_method":"residential_support","population_period":"2024-12","population_density_per_km2":1195.1041717512528,"bus_walk_mean_m":198.1443317154992,"bus_walk_p90_m":441.3111715037198,"bus_known_weight":0.9999999999999999,"metro_walk_mean_m":15231.015849753438,"metro_known_weight":0.9999999999999999,"position_status":"residential_area_proxy","classification":"within_walk_threshold","residential_gap":false},"geometry":{"type":"Polygon","coordinates":[[[121.72332316459176,25.022819428454852],[121.72333639278743,25.025076336185386],[121.72581341566122,25.02506426212648],[121.72580014217606,25.022807355631837],[121.72332316459176,25.022819428454852]]]}},{"type":"Feature","properties":{"cell_id":"65000:250:11074:1293","county_id":"65000","city":"NewTaipei","district":"平溪區","population_estimate":94.18891542060898,"population_known_estimate":94.18891542060898,"population_data_fraction":0.9999999999999999,"population_method":"residential_support","population_period":"2024-12","population_density_per_km2":1507.0226467297437,"bus_walk_mean_m":395.56934197229646,"bus_walk_p90_m":486.6209915307249,"bus_known_weight":1.0000000000000002,"metro_walk_mean_m":15520.515756164194,"metro_known_weight":1.0000000000000002,"position_status":"residential_area_proxy","classification":"within_walk_threshold","residential_gap":false},"geometry":{"type":"Polygon","coordinates":[[[121.72580014217606,25.022807355631837],[121.72581341566122,25.02506426212648],[121.72829043692943,25.025052146799],[121.7282771181549,25.02279524154447],[121.72580014217606,25.022807355631837]]]}},{"type":"Feature","properties":{"cell_id":"65000:250:11074:1294","county_id":"65000","city":"NewTaipei","district":"平溪區","population_estimate":39.75400520540466,"population_known_estimate":39.75400520540466,"population_data_fraction":0.9999999999999999,"population_method":"residential_support","population_period":"2024-12","population_density_per_km2":636.0640832864746,"bus_walk_mean_m":76.68244364499083,"bus_walk_p90_m":87.26079115230567,"bus_known_weight":1.0,"metro_walk_mean_m":15701.849534031753,"metro_known_weight":1.0,"position_status":"residential_area_proxy","classification":"within_walk_threshold","residential_gap":false},"geometry":{"type":"Polygon","coordinates":[[[121.7282771181549,25.02279524154447],[121.72829043692943,25.025052146799],[121.73076745658663,25.025039990203048],[121.73075409252283,25.02278308619285],[121.7282771181549,25.02279524154447]]]}},{"type":"Feature","properties":{"cell_id":"65000:250:11074:1295","county_id":"65000","city":"NewTaipei","district":"平溪區","population_estimate":6.338881012389315,"population_known_estimate":6.338881012389315,"population_data_fraction":1.0,"population_method":"residential_support","population_period":"2024-12","population_density_per_km2":101.42209619822904,"bus_walk_mean_m":null,"bus_walk_p90_m":null,"bus_known_weight":0.0,"metro_walk_mean_m":null,"metro_known_weight":0.0,"position_status":"residential_area_proxy","classification":"unresolved_walk_evidence","residential_gap":false},"geometry":{"type":"Polygon","coordinates":[[[121.73075409252283,25.02278308619285],[121.73076745658663,25.025039990203048],[121.7332444746273,25.02502779233872],[121.73323106527438,25.022770889577092],[121.73075409252283,25.02278308619285]]]}},{"type":"Feature","properties":{"cell_id":"65000:250:11074:1296","county_id":"65000","city":"NewTaipei","district":"平溪區","population_estimate":47.0,"population_known_estimate":47.0,"population_data_fraction":1.0,"population_method":"residential_support","population_period":"2024-12","population_density_per_km2":752.0,"bus_walk_mean_m":203.86765699035578,"bus_walk_p90_m":234.74076690667005,"bus_known_weight":1.0,"metro_walk_mean_m":16608.189937530777,"metro_known_weight":1.0,"position_status":"residential_area_proxy","classification":"within_walk_threshold","residential_gap":false},"geometry":{"type":"Polygon","coordinates":[[[121.73323106527438,25.022770889577092],[121.7332444746273,25.02502779233872],[121.73572149104598,25.02501555320614],[121.73570803640408,25.022758651697295],[121.73323106527438,25.022770889577092]]]}},{"type":"Feature","properties":{"cell_id":"65000:250:11074:1297","county_id":"65000","city":"NewTaipei","district":"平溪區","population_estimate":114.23560379537264,"population_known_estimate":114.23560379537264,"population_data_fraction":0.9999999999999998,"population_method":"residential_support","population_period":"2024-12","population_density_per_km2":1827.7696607259622,"bus_walk_mean_m":92.37975827619456,"bus_walk_p90_m":148.10682292150088,"bus_known_weight":1.0,"metro_walk_mean_m":16699.40787758685,"metro_known_weight":1.0,"position_status":"residential_area_proxy","classification":"within_walk_threshold","residential_gap":false},"geometry":{"type":"Polygon","coordinates":[[[121.73570803640408,25.022758651697295],[121.73572149104598,25.02501555320614],[121.73819850583718,25.0250032728054],[121.73818500590644,25.022746372553566],[121.73570803640408,25.022758651697295]]]}},{"type":"Feature","properties":{"cell_id":"65000:250:11074:1298","county_id":"65000","city":"NewTaipei","district":"平溪區","population_estimate":134.39178530516833,"population_known_estimate":134.39178530516833,"population_data_fraction":1.0,"population_method":"residential_support","population_period":"2024-12","population_density_per_km2":2150.268564882693,"bus_walk_mean_m":129.78942453773766,"bus_walk_p90_m":190.29794982583795,"bus_known_weight":1.0,"metro_walk_mean_m":16889.195640103862,"metro_known_weight":1.0,"position_status":"residential_area_proxy","classification":"within_walk_threshold","residential_gap":false},"geometry":{"type":"Polygon","coordinates":[[[121.73818500590644,25.022746372553566],[121.73819850583718,25.0250032728054],[121.74067551899546,25.02499095113662],[121.740661973776,25.022734052146017],[121.73818500590644,25.022746372553566]]]}},{"type":"Feature","properties":{"cell_id":"65000:250:11074:1299","county_id":"65000","city":"NewTaipei","district":"平溪區","population_estimate":14.141490464699416,"population_known_estimate":14.141490464699416,"population_data_fraction":0.9999999999999999,"population_method":"residential_support","population_period":"2024-12","population_density_per_km2":226.26384743519066,"bus_walk_mean_m":197.65103229682654,"bus_walk_p90_m":197.65103229682654,"bus_known_weight":1.0,"metro_walk_mean_m":17238.6255654287,"metro_known_weight":1.0,"position_status":"residential_area_proxy","classification":"within_walk_threshold","residential_gap":false},"geometry":{"type":"Polygon","coordinates":[[[121.740661973776,25.022734052146017],[121.74067551899546,25.02499095113662],[121.7431525305153,25.02497858819989],[121.74313894000726,25.022721690474754],[121.740661973776,25.022734052146017]]]}},{"type":"Feature","properties":{"cell_id":"65000:250:11074:1300","county_id":"65000","city":"NewTaipei","district":"平溪區","population_estimate":0.0,"population_known_estimate":0.0,"population_data_fraction":1.0,"population_method":"residential_support","population_period":"2024-12","population_density_per_km2":0.0,"bus_walk_mean_m":470.759196360872,"bus_walk_p90_m":470.759196360872,"bus_known_weight":1.0,"metro_walk_mean_m":17760.84312018852,"metro_known_weight":1.0,"position_status":"fallback_unverified","classification":"zero_residential_proxy","residential_gap":false},"geometry":{"type":"Polygon","coordinates":[[[121.74313894000726,25.022721690474754],[121.7431525305153,25.02497858819989],[121.74562954039125,25.02496618399534],[121.74561590459473,25.022709287539875],[121.74313894000726,25.022721690474754]]]}},{"type":"Feature","properties":{"cell_id":"65000:250:11074:1301","county_id":"65000","city":"NewTaipei","district":"平溪區","population_estimate":0.0,"population_known_estimate":0.0,"population_data_fraction":1.0,"population_method":"residential_support","population_period":"2024-12","population_density_per_km2":0.0,"bus_walk_mean_m":null,"bus_walk_p90_m":null,"bus_known_weight":0.0,"metro_walk_mean_m":null,"metro_known_weight":0.0,"position_status":"fallback_unverified","classification":"zero_residential_proxy","residential_gap":false},"geometry":{"type":"Polygon","coordinates":[[[121.74561590459473,25.022709287539875],[121.74562954039125,25.02496618399534],[121.74810654861783,25.02495373852305],[121.74809286753297,25.022696843341496],[121.74561590459473,25.022709287539875]]]}},{"type":"Feature","properties":{"cell_id":"65000:250:11074:1302","county_id":"65000","city":"NewTaipei","district":"平溪區","population_estimate":12.40720418323766,"population_known_estimate":12.40720418323766,"population_data_fraction":1.0,"population_method":"residential_support","population_period":"2024-12","population_density_per_km2":198.51526693180256,"bus_walk_mean_m":68.13711098965342,"bus_walk_p90_m":99.95471925991339,"bus_known_weight":1.0,"metro_walk_mean_m":17986.04618301412,"metro_known_weight":1.0,"position_status":"residential_area_proxy","classification":"within_walk_threshold","residential_gap":false},"geometry":{"type":"Polygon","coordinates":[[[121.74809286753297,25.022696843341496],[121.74810654861783,25.02495373852305],[121.75058355518954,25.024941251783144],[121.7505698288165,25.022684357879722],[121.74809286753297,25.022696843341496]]]}},{"type":"Feature","properties":{"cell_id":"65000:250:11074:1303","county_id":"65000","city":"NewTaipei","district":"平溪區","population_estimate":0.0,"population_known_estimate":0.0,"population_data_fraction":1.0,"population_method":"residential_support","population_period":"2024-12","population_density_per_km2":0.0,"bus_walk_mean_m":252.52819416931038,"bus_walk_p90_m":252.52819416931038,"bus_known_weight":1.0,"metro_walk_mean_m":18344.81069891112,"metro_known_weight":1.0,"position_status":"fallback_unverified","classification":"zero_residential_proxy","residential_gap":false},"geometry":{"type":"Polygon","coordinates":[[[121.7505698288165,25.022684357879722],[121.75058355518954,25.024941251783144],[121.75306056010092,25.024928723775734],[121.75304678843983,25.02267183115466],[121.7505698288165,25.022684357879722]]]}},{"type":"Feature","properties":{"cell_id":"65000:250:11074:1304","county_id":"65000","city":"NewTaipei","district":"平溪區","population_estimate":0.0,"population_known_estimate":0.0,"population_data_fraction":1.0,"population_method":"residential_support","population_period":"2024-12","population_density_per_km2":0.0,"bus_walk_mean_m":633.1588657204496,"bus_walk_p90_m":633.1588657204496,"bus_known_weight":1.0,"metro_walk_mean_m":18725.441370462257,"metro_known_weight":1.0,"position_status":"fallback_unverified","classification":"zero_residential_proxy","residential_gap":false},"geometry":{"type":"Polygon","coordinates":[[[121.75304678843983,25.02267183115466],[121.75306056010092,25.024928723775734],[121.75553756334648,25.02491615450092],[121.75552374639747,25.022659263166425],[121.75304678843983,25.02267183115466]]]}},{"type":"Feature","properties":{"cell_id":"65000:250:11074:1305","county_id":"65000","city":"NewTaipei","district":"平溪區","population_estimate":0.6458896422375249,"population_known_estimate":0.6458896422375249,"population_data_fraction":1.0,"population_method":"uniform_proxy","population_period":"2024-12","population_density_per_km2":10.334234275800398,"bus_walk_mean_m":704.2383636983751,"bus_walk_p90_m":704.2383636983751,"bus_known_weight":1.0,"metro_walk_mean_m":18980.499914585747,"metro_known_weight":1.0,"position_status":"fallback_unverified","classification":"residential_coverage_candidate","residential_gap":true},"geometry":{"type":"Polygon","coordinates":[[[121.75552374639747,25.022659263166425],[121.75553756334648,25.02491615450092],[121.75801456492077,25.024903543958814],[121.75800070268396,25.022646653915114],[121.75552374639747,25.022659263166425]]]}},{"type":"Feature","properties":{"cell_id":"65000:250:11074:1306","county_id":"65000","city":"NewTaipei","district":"平溪區","population_estimate":1.0139041053141904,"population_known_estimate":1.0139041053141904,"population_data_fraction":1.0,"population_method":"uniform_proxy","population_period":"2024-12","population_density_per_km2":16.222465685027046,"bus_walk_mean_m":1237.280625400545,"bus_walk_p90_m":1237.280625400545,"bus_known_weight":1.0,"metro_walk_mean_m":19408.436641647753,"metro_known_weight":1.0,"position_status":"fallback_unverified","classification":"residential_coverage_candidate","residential_gap":true},"geometry":{"type":"Polygon","coordinates":[[[121.75800070268396,25.022646653915114],[121.75801456492077,25.024903543958814],[121.76049156481831,25.024890892149525],[121.76047765729382,25.022634003400853],[121.75800070268396,25.022646653915114]]]}},{"type":"Feature","properties":{"cell_id":"65000:250:11074:1307","county_id":"65000","city":"NewTaipei","district":"平溪區","population_estimate":1.0139041053141904,"population_known_estimate":1.0139041053141904,"population_data_fraction":1.0,"population_method":"uniform_proxy","population_period":"2024-12","population_density_per_km2":16.222465685027046,"bus_walk_mean_m":1325.5584024166956,"bus_walk_p90_m":1325.5584024166956,"bus_known_weight":1.0,"metro_walk_mean_m":19915.63429699582,"metro_known_weight":1.0,"position_status":"fallback_unverified","classification":"residential_coverage_candidate","residential_gap":true},"geometry":{"type":"Polygon","coordinates":[[[121.76047765729382,25.022634003400853],[121.76049156481831,25.024890892149525],[121.76296856303358,25.024878199073157],[121.76295461022156,25.022621311623734],[121.76047765729382,25.022634003400853]]]}},{"type":"Feature","properties":{"cell_id":"65000:250:11074:1308","county_id":"65000","city":"NewTaipei","district":"平溪區","population_estimate":0.9365309990139672,"population_known_estimate":0.9365309990139672,"population_data_fraction":1.0,"population_method":"uniform_proxy","population_period":"2024-12","population_density_per_km2":14.984495984223475,"bus_walk_mean_m":1235.0184450578595,"bus_walk_p90_m":1235.0184450578595,"bus_known_weight":1.0,"metro_walk_mean_m":20405.846440955564,"metro_known_weight":1.0,"position_status":"fallback_unverified","classification":"residential_coverage_candidate","residential_gap":true},"geometry":{"type":"Polygon","coordinates":[[[121.76295461022156,25.022621311623734],[121.76296856303358,25.024878199073157],[121.76544555956113,25.024865464729825],[121.76543156146172,25.02260857858388],[121.76295461022156,25.022621311623734]]]}},{"type":"Feature","properties":{"cell_id":"65000:250:11074:1309","county_id":"65000","city":"NewTaipei","district":"平溪區","population_estimate":0.7625107969378895,"population_known_estimate":0.7625107969378895,"population_data_fraction":1.0,"population_method":"uniform_proxy","population_period":"2024-12","population_density_per_km2":12.200172751006232,"bus_walk_mean_m":null,"bus_walk_p90_m":null,"bus_known_weight":0.0,"metro_walk_mean_m":null,"metro_known_weight":0.0,"position_status":"fallback_unverified","classification":"unresolved_walk_evidence","residential_gap":false},"geometry":{"type":"Polygon","coordinates":[[[121.76543156146172,25.02260857858388],[121.76544555956113,25.024865464729825],[121.7679225543955,25.024852689119648],[121.76790851100884,25.0225958042814],[121.76543156146172,25.02260857858388]]]}},{"type":"Feature","properties":{"cell_id":"65000:250:11074:1310","county_id":"65000","city":"NewTaipei","district":"平溪區","population_estimate":0.7317615448008681,"population_known_estimate":0.7317615448008681,"population_data_fraction":1.0,"population_method":"uniform_proxy","population_period":"2024-12","population_density_per_km2":11.70818471681389,"bus_walk_mean_m":null,"bus_walk_p90_m":null,"bus_known_weight":0.0,"metro_walk_mean_m":null,"metro_known_weight":0.0,"position_status":"fallback_unverified","classification":"unresolved_walk_evidence","residential_gap":false},"geometry":{"type":"Polygon","coordinates":[[[121.76790851100884,25.0225958042814],[121.7679225543955,25.024852689119648],[121.77039954753117,25.024839872242726],[121.7703854588574,25.02258298871639],[121.76790851100884,25.0225958042814]]]}},{"type":"Feature","properties":{"cell_id":"65000:250:11074:1311","county_id":"65000","city":"NewTaipei","district":"平溪區","population_estimate":1.2910309437064509,"population_known_estimate":1.2910309437064509,"population_data_fraction":1.0,"population_method":"uniform_proxy","population_period":"2024-12","population_density_per_km2":20.656495099303214,"bus_walk_mean_m":1132.3005769122917,"bus_walk_p90_m":1132.3005769122917,"bus_known_weight":1.0,"metro_walk_mean_m":21179.80299503795,"metro_known_weight":1.0,"position_status":"fallback_unverified","classification":"residential_coverage_candidate","residential_gap":true},"geometry":{"type":"Polygon","coordinates":[[[121.7703854588574,25.02258298871639],[121.77039954753117,25.024839872242726],[121.77287653896273,25.02482701409917],[121.77286240500196,25.02257013188898],[121.7703854588574,25.02258298871639]]]}},{"type":"Feature","properties":{"cell_id":"65000:250:11074:1312","county_id":"65000","city":"NewTaipei","district":"平溪區","population_estimate":1.365401703965917,"population_known_estimate":1.365401703965917,"population_data_fraction":1.0,"population_method":"uniform_proxy","population_period":"2024-12","population_density_per_km2":21.84642726345467,"bus_walk_mean_m":874.3865685545932,"bus_walk_p90_m":874.3865685545932,"bus_known_weight":1.0,"metro_walk_mean_m":21459.956921471094,"metro_known_weight":1.0,"position_status":"fallback_unverified","classification":"residential_coverage_candidate","residential_gap":true},"geometry":{"type":"Polygon","coordinates":[[[121.77286240500196,25.02257013188898],[121.77287653896273,25.02482701409917],[121.77535352868463,25.024814114689093],[121.77533934943703,25.022557233799276],[121.77286240500196,25.02257013188898]]]}},{"type":"Feature","properties":{"cell_id":"65000:250:11074:1313","county_id":"65000","city":"NewTaipei","district":"平溪區","population_estimate":0.5403678219776028,"population_known_estimate":0.5403678219776028,"population_data_fraction":0.9999999999999999,"population_method":"uniform_proxy","population_period":"2024-12","population_density_per_km2":8.645885151641645,"bus_walk_mean_m":null,"bus_walk_p90_m":null,"bus_known_weight":0.0,"metro_walk_mean_m":null,"metro_known_weight":0.0,"position_status":"fallback_unverified","classification":"unresolved_walk_evidence","residential_gap":false},"geometry":{"type":"Polygon","coordinates":[[[121.77533934943703,25.022557233799276],[121.77535352868463,25.024814114689093],[121.77783051669144,25.02480117401261],[121.77781629215713,25.02254429444738],[121.77533934943703,25.022557233799276]]]}},{"type":"Feature","properties":{"cell_id":"65000:250:11074:1314","county_id":"65000","city":"NewTaipei","district":"平溪區","population_estimate":0.8367473462743131,"population_known_estimate":0.8367473462743131,"population_data_fraction":1.0,"population_method":"uniform_proxy","population_period":"2024-12","population_density_per_km2":13.38795754038901,"bus_walk_mean_m":1203.2695870382922,"bus_walk_p90_m":1203.2695870382922,"bus_known_weight":1.0,"metro_walk_mean_m":22844.340789918337,"metro_known_weight":1.0,"position_status":"fallback_unverified","classification":"barrier_detour_candidate","residential_gap":true},"geometry":{"type":"Polygon","coordinates":[[[121.77781629215713,25.02254429444738],[121.77783051669144,25.02480117401261],[121.78030750297765,25.024788192069828],[121.78029323315677,25.022531313833415],[121.77781629215713,25.02254429444738]]]}},{"type":"Feature","properties":{"cell_id":"65000:250:11074:1315","county_id":"65000","city":"NewTaipei","district":"平溪區","population_estimate":3.456395554506224,"population_known_estimate":3.456395554506224,"population_data_fraction":1.0,"population_method":"uniform_proxy","population_period":"2024-12","population_density_per_km2":55.30232887209959,"bus_walk_mean_m":389.90024005573656,"bus_walk_p90_m":389.90024005573656,"bus_known_weight":1.0,"metro_walk_mean_m":22517.484863224738,"metro_known_weight":1.0,"position_status":"fallback_unverified","classification":"within_walk_threshold","residential_gap":false},"geometry":{"type":"Polygon","coordinates":[[[121.78029323315677,25.022531313833415],[121.78030750297765,25.024788192069828],[121.78278448753781,25.024775168860867],[121.78277017243049,25.02251829195749],[121.78029323315677,25.022531313833415]]]}},{"type":"Feature","properties":{"cell_id":"65000:250:11074:1316","county_id":"65000","city":"NewTaipei","district":"平溪區","population_estimate":2.8693131379565413,"population_known_estimate":2.8693131379565413,"population_data_fraction":1.0,"population_method":"uniform_proxy","population_period":"2024-12","population_density_per_km2":45.90901020730466,"bus_walk_mean_m":524.2350548997582,"bus_walk_p90_m":524.2350548997582,"bus_known_weight":1.0,"metro_walk_mean_m":22651.819678068758,"metro_known_weight":1.0,"position_status":"fallback_unverified","classification":"barrier_detour_candidate","residential_gap":true},"geometry":{"type":"Polygon","coordinates":[[[121.78277017243049,25.02251829195749],[121.78278448753781,25.024775168860867],[121.78526147036642,25.024762104385832],[121.78524710997281,25.02250522881972],[121.78277017243049,25.02251829195749]]]}},{"type":"Feature","properties":{"cell_id":"65000:250:11074:1317","county_id":"65000","city":"NewTaipei","district":"平溪區","population_estimate":1.3376492764917811,"population_known_estimate":1.3376492764917811,"population_data_fraction":1.0,"population_method":"uniform_proxy","population_period":"2024-12","population_density_per_km2":21.402388423868498,"bus_walk_mean_m":1397.6781487669052,"bus_walk_p90_m":1397.6781487669052,"bus_known_weight":1.0,"metro_walk_mean_m":23588.77144932208,"metro_known_weight":1.0,"position_status":"fallback_unverified","classification":"residential_coverage_candidate","residential_gap":true},"geometry":{"type":"Polygon","coordinates":[[[121.78524710997281,25.02250522881972],[121.78526147036642,25.024762104385832],[121.78773845145803,25.024748998644842],[121.78772404577828,25.022492124420214],[121.78524710997281,25.02250522881972]]]}},{"type":"Feature","properties":{"cell_id":"65000:250:11074:1318","county_id":"65000","city":"NewTaipei","district":"平溪區","population_estimate":0.9379406878863351,"population_known_estimate":0.9379406878863351,"population_data_fraction":1.0,"population_method":"uniform_proxy","population_period":"2024-12","population_density_per_km2":15.007051006181362,"bus_walk_mean_m":2320.6216321192965,"bus_walk_p90_m":2320.6216321192965,"bus_known_weight":1.0,"metro_walk_mean_m":24406.057547740307,"metro_known_weight":1.0,"position_status":"fallback_unverified","classification":"residential_coverage_candidate","residential_gap":true},"geometry":{"type":"Polygon","coordinates":[[[121.78772404577828,25.022492124420214],[121.78773845145803,25.024748998644842],[121.79021543080714,25.02473585163801],[121.79020097984137,25.022478978759086],[121.78772404577828,25.022492124420214]]]}},{"type":"Feature","properties":{"cell_id":"65000:250:11074:1319","county_id":"65000","city":"NewTaipei","district":"平溪區","population_estimate":0.766191209761104,"population_known_estimate":0.766191209761104,"population_data_fraction":1.0,"population_method":"uniform_proxy","population_period":"2024-12","population_density_per_km2":12.259059356177664,"bus_walk_mean_m":2561.2597658591876,"bus_walk_p90_m":2561.2597658591876,"bus_known_weight":1.0,"metro_walk_mean_m":24646.6956814802,"metro_known_weight":1.0,"position_status":"fallback_unverified","classification":"residential_coverage_candidate","residential_gap":true},"geometry":{"type":"Polygon","coordinates":[[[121.79020097984137,25.022478978759086],[121.79021543080714,25.02473585163801],[121.7926924084083,25.024722663365445],[121.79267791215663,25.022465791836456],[121.79020097984137,25.022478978759086]]]}},{"type":"Feature","properties":{"cell_id":"65000:250:11075:1284","county_id":"65000","city":"NewTaipei","district":"平溪區","population_estimate":0.18835325535575845,"population_known_estimate":0.18835325535575845,"population_data_fraction":1.0,"population_method":"uniform_proxy","population_period":"2024-12","population_density_per_km2":3.013652085692135,"bus_walk_mean_m":1355.5612382252975,"bus_walk_p90_m":1355.5612382252975,"bus_known_weight":1.0,"metro_walk_mean_m":12646.667807613094,"metro_known_weight":1.0,"position_status":"fallback_unverified","classification":"residential_coverage_candidate","residential_gap":true},"geometry":{"type":"Polygon","coordinates":[[[121.7035201526545,25.025171442975424],[121.70353302008586,25.027428359749642],[121.70601010090287,25.02741661464094],[121.70599718817554,25.025159699068862],[121.7035201526545,25.025171442975424]]]}},{"type":"Feature","properties":{"cell_id":"65000:250:11075:1285","county_id":"65000","city":"NewTaipei","district":"平溪區","population_estimate":0.0,"population_known_estimate":0.0,"population_data_fraction":1.0,"population_method":"residential_support","population_period":"2024-12","population_density_per_km2":0.0,"bus_walk_mean_m":null,"bus_walk_p90_m":null,"bus_known_weight":0.0,"metro_walk_mean_m":null,"metro_known_weight":0.0,"position_status":"fallback_unverified","classification":"zero_residential_proxy","residential_gap":false},"geometry":{"type":"Polygon","coordinates":[[[121.70599718817554,25.025159699068862],[121.70601010090287,25.02741661464094],[121.70848718015804,25.027404828258614],[121.70847422213484,25.025147913892898],[121.70599718817554,25.025159699068862]]]}},{"type":"Feature","properties":{"cell_id":"65000:250:11075:1286","county_id":"65000","city":"NewTaipei","district":"平溪區","population_estimate":0.0,"population_known_estimate":0.0,"population_data_fraction":1.0,"population_method":"residential_support","population_period":"2024-12","population_density_per_km2":0.0,"bus_walk_mean_m":876.6075903094016,"bus_walk_p90_m":876.6075903094016,"bus_known_weight":1.0,"metro_walk_mean_m":13098.16315919689,"metro_known_weight":1.0,"position_status":"fallback_unverified","classification":"zero_residential_proxy","residential_gap":false},"geometry":{"type":"Polygon","coordinates":[[[121.70847422213484,25.025147913892898],[121.70848718015804,25.027404828258614],[121.71096425784587,25.02739300060276],[121.71095125452692,25.025136087447628],[121.70847422213484,25.025147913892898]]]}},{"type":"Feature","properties":{"cell_id":"65000:250:11075:1287","county_id":"65000","city":"NewTaipei","district":"平溪區","population_estimate":0.0,"population_known_estimate":0.0,"population_data_fraction":1.0,"population_method":"residential_support","population_period":"2024-12","population_density_per_km2":0.0,"bus_walk_mean_m":834.1537121060973,"bus_walk_p90_m":834.1537121060973,"bus_known_weight":1.0,"metro_walk_mean_m":13931.447255339353,"metro_known_weight":1.0,"position_status":"fallback_unverified","classification":"zero_residential_proxy","residential_gap":false},"geometry":{"type":"Polygon","coordinates":[[[121.71095125452692,25.025136087447628],[121.71096425784587,25.02739300060276],[121.71344133396087,25.027381131673483],[121.71342828534631,25.02512421973317],[121.71095125452692,25.025136087447628]]]}},{"type":"Feature","properties":{"cell_id":"65000:250:11075:1288","county_id":"65000","city":"NewTaipei","district":"平溪區","population_estimate":0.0,"population_known_estimate":0.0,"population_data_fraction":1.0,"population_method":"residential_support","population_period":"2024-12","population_density_per_km2":0.0,"bus_walk_mean_m":null,"bus_walk_p90_m":null,"bus_known_weight":0.0,"metro_walk_mean_m":null,"metro_known_weight":0.0,"position_status":"fallback_unverified","classification":"zero_residential_proxy","residential_gap":false},"geometry":{"type":"Polygon","coordinates":[[[121.71342828534631,25.02512421973317],[121.71344133396087,25.027381131673483],[121.7159184084976,25.02736922147088],[121.71590531458754,25.02511231074961],[121.71342828534631,25.02512421973317]]]}},{"type":"Feature","properties":{"cell_id":"65000:250:11075:1289","county_id":"65000","city":"NewTaipei","district":"平溪區","population_estimate":0.0,"population_known_estimate":0.0,"population_data_fraction":1.0,"population_method":"residential_support","population_period":"2024-12","population_density_per_km2":0.0,"bus_walk_mean_m":null,"bus_walk_p90_m":null,"bus_known_weight":0.0,"metro_walk_mean_m":null,"metro_known_weight":0.0,"position_status":"fallback_unverified","classification":"zero_residential_proxy","residential_gap":false},"geometry":{"type":"Polygon","coordinates":[[[121.71590531458754,25.02511231074961],[121.7159184084976,25.02736922147088],[121.71839548145054,25.027357269995075],[121.71838234224514,25.02510036049706],[121.71590531458754,25.02511231074961]]]}},{"type":"Feature","properties":{"cell_id":"65000:250:11075:1290","county_id":"65000","city":"NewTaipei","district":"平溪區","population_estimate":28.81222216678689,"population_known_estimate":28.81222216678689,"population_data_fraction":1.0,"population_method":"residential_support","population_period":"2024-12","population_density_per_km2":460.9955546685902,"bus_walk_mean_m":229.53297598203636,"bus_walk_p90_m":229.53297598203636,"bus_known_weight":1.0,"metro_walk_mean_m":14973.762416911775,"metro_known_weight":1.0,"position_status":"residential_area_proxy","classification":"within_walk_threshold","residential_gap":false},"geometry":{"type":"Polygon","coordinates":[[[121.71838234224514,25.02510036049706],[121.71839548145054,25.027357269995075],[121.72087255281421,25.02734527724614],[121.72085936831357,25.025088368975624],[121.71838234224514,25.02510036049706]]]}},{"type":"Feature","properties":{"cell_id":"65000:250:11075:1291","county_id":"65000","city":"NewTaipei","district":"平溪區","population_estimate":0.0,"population_known_estimate":0.0,"population_data_fraction":1.0,"population_method":"residential_support","population_period":"2024-12","population_density_per_km2":0.0,"bus_walk_mean_m":null,"bus_walk_p90_m":null,"bus_known_weight":0.0,"metro_walk_mean_m":null,"metro_known_weight":0.0,"position_status":"fallback_unverified","classification":"zero_residential_proxy","residential_gap":false},"geometry":{"type":"Polygon","coordinates":[[[121.72085936831357,25.025088368975624],[121.72087255281421,25.02734527724614],[121.7233496225832,25.027333243224206],[121.72333639278743,25.025076336185386],[121.72085936831357,25.025088368975624]]]}},{"type":"Feature","properties":{"cell_id":"65000:250:11075:1292","county_id":"65000","city":"NewTaipei","district":"平溪區","population_estimate":0.0,"population_known_estimate":0.0,"population_data_fraction":1.0,"population_method":"residential_support","population_period":"2024-12","population_density_per_km2":0.0,"bus_walk_mean_m":620.6771070197361,"bus_walk_p90_m":620.6771070197361,"bus_known_weight":1.0,"metro_walk_mean_m":15559.281057920669,"metro_known_weight":1.0,"position_status":"fallback_unverified","classification":"zero_residential_proxy","residential_gap":false},"geometry":{"type":"Polygon","coordinates":[[[121.72333639278743,25.025076336185386],[121.7233496225832,25.027333243224206],[121.72582669075194,25.027321167929365],[121.72581341566122,25.02506426212648],[121.72333639278743,25.025076336185386]]]}},{"type":"Feature","properties":{"cell_id":"65000:250:11075:1293","county_id":"65000","city":"NewTaipei","district":"平溪區","population_estimate":5.079284519943039,"population_known_estimate":5.079284519943039,"population_data_fraction":1.0,"population_method":"residential_support","population_period":"2024-12","population_density_per_km2":81.26855231908863,"bus_walk_mean_m":713.2023985115289,"bus_walk_p90_m":779.7797746538135,"bus_known_weight":0.9999999999999999,"metro_walk_mean_m":16052.676386532423,"metro_known_weight":0.9999999999999999,"position_status":"residential_area_proxy","classification":"barrier_detour_candidate","residential_gap":true},"geometry":{"type":"Polygon","coordinates":[[[121.72581341566122,25.02506426212648],[121.72582669075194,25.027321167929365],[121.72830375731502,25.02730905136172],[121.72829043692943,25.025052146799],[121.72581341566122,25.02506426212648]]]}},{"type":"Feature","properties":{"cell_id":"65000:250:11075:1294","county_id":"65000","city":"NewTaipei","district":"平溪區","population_estimate":10.690537468838594,"population_known_estimate":10.690537468838594,"population_data_fraction":1.0,"population_method":"residential_support","population_period":"2024-12","population_density_per_km2":171.0485995014175,"bus_walk_mean_m":699.5257538640357,"bus_walk_p90_m":758.7024022898265,"bus_known_weight":0.9999999999999998,"metro_walk_mean_m":16038.999741884927,"metro_known_weight":0.9999999999999998,"position_status":"residential_area_proxy","classification":"barrier_detour_candidate","residential_gap":true},"geometry":{"type":"Polygon","coordinates":[[[121.72829043692943,25.025052146799],[121.72830375731502,25.02730905136172],[121.73078082226691,25.027296893521388],[121.73076745658663,25.025039990203048],[121.72829043692943,25.025052146799]]]}},{"type":"Feature","properties":{"cell_id":"65000:250:11075:1295","county_id":"65000","city":"NewTaipei","district":"平溪區","population_estimate":6.923155191430748,"population_known_estimate":6.923155191430748,"population_data_fraction":1.0,"population_method":"residential_support","population_period":"2024-12","population_density_per_km2":110.77048306289197,"bus_walk_mean_m":694.2811967223257,"bus_walk_p90_m":762.2710540736721,"bus_known_weight":1.0,"metro_walk_mean_m":16033.755184743213,"metro_known_weight":1.0,"position_status":"residential_area_proxy","classification":"barrier_detour_candidate","residential_gap":true},"geometry":{"type":"Polygon","coordinates":[[[121.73076745658663,25.025039990203048],[121.73078082226691,25.027296893521388],[121.73325788560219,25.02728469440845],[121.7332444746273,25.02502779233872],[121.73076745658663,25.025039990203048]]]}},{"type":"Feature","properties":{"cell_id":"65000:250:11075:1296","county_id":"65000","city":"NewTaipei","district":"平溪區","population_estimate":8.097963357108286,"population_known_estimate":8.097963357108286,"population_data_fraction":1.0,"population_method":"residential_support","population_period":"2024-12","population_density_per_km2":129.56741371373258,"bus_walk_mean_m":388.15724035793215,"bus_walk_p90_m":407.83323893396243,"bus_known_weight":1.0,"metro_walk_mean_m":16515.951036920684,"metro_known_weight":1.0,"position_status":"residential_area_proxy","classification":"within_walk_threshold","residential_gap":false},"geometry":{"type":"Polygon","coordinates":[[[121.7332444746273,25.02502779233872],[121.73325788560219,25.02728469440845],[121.73573494731532,25.027272454023045],[121.73572149104598,25.02501555320614],[121.7332444746273,25.02502779233872]]]}},{"type":"Feature","properties":{"cell_id":"65000:250:11075:1297","county_id":"65000","city":"NewTaipei","district":"平溪區","population_estimate":72.29806649554189,"population_known_estimate":72.29806649554189,"population_data_fraction":0.9999999999999998,"population_method":"residential_support","population_period":"2024-12","population_density_per_km2":1156.7690639286702,"bus_walk_mean_m":268.89399121755946,"bus_walk_p90_m":447.9359038995641,"bus_known_weight":1.0,"metro_walk_mean_m":16792.207949947333,"metro_known_weight":1.0,"position_status":"residential_area_proxy","classification":"within_walk_threshold","residential_gap":false},"geometry":{"type":"Polygon","coordinates":[[[121.73572149104598,25.02501555320614],[121.73573494731532,25.027272454023045],[121.73821200740086,25.02726017236525],[121.73819850583718,25.0250032728054],[121.73572149104598,25.02501555320614]]]}},{"type":"Feature","properties":{"cell_id":"65000:250:11075:1298","county_id":"65000","city":"NewTaipei","district":"平溪區","population_estimate":217.916582142753,"population_known_estimate":217.916582142753,"population_data_fraction":0.9999999999999999,"population_method":"residential_support","population_period":"2024-12","population_density_per_km2":3486.665314284048,"bus_walk_mean_m":240.49340818050575,"bus_walk_p90_m":252.01037273129774,"bus_known_weight":1.0000000000000002,"metro_walk_mean_m":16906.917559876576,"metro_known_weight":1.0000000000000002,"position_status":"residential_area_proxy","classification":"within_walk_threshold","residential_gap":false},"geometry":{"type":"Polygon","coordinates":[[[121.73819850583718,25.0250032728054],[121.73821200740086,25.02726017236525],[121.74068906585335,25.027247849435188],[121.74067551899546,25.02499095113662],[121.73819850583718,25.0250032728054]]]}},{"type":"Feature","properties":{"cell_id":"65000:250:11075:1299","county_id":"65000","city":"NewTaipei","district":"平溪區","population_estimate":39.469905947888805,"population_known_estimate":39.469905947888805,"population_data_fraction":1.0,"population_method":"residential_support","population_period":"2024-12","population_density_per_km2":631.5184951662209,"bus_walk_mean_m":114.94832848709419,"bus_walk_p90_m":220.48192287405396,"bus_known_weight":1.0,"metro_walk_mean_m":17305.293479134605,"metro_known_weight":1.0,"position_status":"residential_area_proxy","classification":"within_walk_threshold","residential_gap":false},"geometry":{"type":"Polygon","coordinates":[[[121.74067551899546,25.02499095113662],[121.74068906585335,25.027247849435188],[121.74316612266726,25.027235485232964],[121.7431525305153,25.02497858819989],[121.74067551899546,25.02499095113662]]]}},{"type":"Feature","properties":{"cell_id":"65000:250:11075:1300","county_id":"65000","city":"NewTaipei","district":"平溪區","population_estimate":66.06853332286188,"population_known_estimate":66.06853332286188,"population_data_fraction":1.0,"population_method":"residential_support","population_period":"2024-12","population_density_per_km2":1057.09653316579,"bus_walk_mean_m":94.60342356927889,"bus_walk_p90_m":142.17814392290776,"bus_known_weight":0.9999999999999998,"metro_walk_mean_m":17481.972038596985,"metro_known_weight":0.9999999999999998,"position_status":"residential_area_proxy","classification":"within_walk_threshold","residential_gap":false},"geometry":{"type":"Polygon","coordinates":[[[121.7431525305153,25.02497858819989],[121.74316612266726,25.027235485232964],[121.74564317783714,25.027223079758674],[121.74562954039125,25.02496618399534],[121.7431525305153,25.02497858819989]]]}},{"type":"Feature","properties":{"cell_id":"65000:250:11075:1301","county_id":"65000","city":"NewTaipei","district":"平溪區","population_estimate":35.074097392287435,"population_known_estimate":35.074097392287435,"population_data_fraction":1.0,"population_method":"residential_support","population_period":"2024-12","population_density_per_km2":561.185558276599,"bus_walk_mean_m":64.60523753976759,"bus_walk_p90_m":108.29775036587809,"bus_known_weight":0.9999999999999999,"metro_walk_mean_m":17682.52335637604,"metro_known_weight":0.9999999999999999,"position_status":"residential_area_proxy","classification":"within_walk_threshold","residential_gap":false},"geometry":{"type":"Polygon","coordinates":[[[121.74562954039125,25.02496618399534],[121.74564317783714,25.027223079758674],[121.74812023135752,25.02721063301244],[121.74810654861783,25.02495373852305],[121.74562954039125,25.02496618399534]]]}},{"type":"Feature","properties":{"cell_id":"65000:250:11075:1302","county_id":"65000","city":"NewTaipei","district":"平溪區","population_estimate":0.0,"population_known_estimate":0.0,"population_data_fraction":1.0,"population_method":"residential_support","population_period":"2024-12","population_density_per_km2":0.0,"bus_walk_mean_m":30.308032396660963,"bus_walk_p90_m":30.308032396660963,"bus_known_weight":1.0,"metro_walk_mean_m":18500.36061050361,"metro_known_weight":1.0,"position_status":"fallback_unverified","classification":"zero_residential_proxy","residential_gap":false},"geometry":{"type":"Polygon","coordinates":[[[121.74810654861783,25.02495373852305],[121.74812023135752,25.02721063301244],[121.7505972832229,25.02719814499436],[121.75058355518954,25.024941251783144],[121.74810654861783,25.02495373852305]]]}},{"type":"Feature","properties":{"cell_id":"65000:250:11075:1303","county_id":"65000","city":"NewTaipei","district":"平溪區","population_estimate":0.0,"population_known_estimate":0.0,"population_data_fraction":0.9999999999999999,"population_method":"residential_support","population_period":"2024-12","population_density_per_km2":0.0,"bus_walk_mean_m":294.29632473999396,"bus_walk_p90_m":294.29632473999396,"bus_known_weight":1.0,"metro_walk_mean_m":18797.136270027007,"metro_known_weight":1.0,"position_status":"fallback_unverified","classification":"zero_residential_proxy","residential_gap":false},"geometry":{"type":"Polygon","coordinates":[[[121.75058355518954,25.024941251783144],[121.7505972832229,25.02719814499436],[121.75307433342783,25.02718561570455],[121.75306056010092,25.024928723775734],[121.75058355518954,25.024941251783144]]]}},{"type":"Feature","properties":{"cell_id":"65000:250:11075:1304","county_id":"65000","city":"NewTaipei","district":"平溪區","population_estimate":0.0,"population_known_estimate":0.0,"population_data_fraction":1.0,"population_method":"residential_support","population_period":"2024-12","population_density_per_km2":0.0,"bus_walk_mean_m":null,"bus_walk_p90_m":null,"bus_known_weight":0.0,"metro_walk_mean_m":null,"metro_known_weight":0.0,"position_status":"fallback_unverified","classification":"zero_residential_proxy","residential_gap":false},"geometry":{"type":"Polygon","coordinates":[[[121.75306056010092,25.024928723775734],[121.75307433342783,25.02718561570455],[121.75555138196681,25.027173045143115],[121.75553756334648,25.02491615450092],[121.75306056010092,25.024928723775734]]]}},{"type":"Feature","properties":{"cell_id":"65000:250:11075:1305","county_id":"65000","city":"NewTaipei","district":"平溪區","population_estimate":0.9277817760847479,"population_known_estimate":0.9277817760847479,"population_data_fraction":0.9999999999999999,"population_method":"uniform_proxy","population_period":"2024-12","population_density_per_km2":14.844508417355966,"bus_walk_mean_m":469.7787082153585,"bus_walk_p90_m":469.7787082153585,"bus_known_weight":1.0,"metro_walk_mean_m":19322.97048828293,"metro_known_weight":1.0,"position_status":"fallback_unverified","classification":"within_walk_threshold","residential_gap":false},"geometry":{"type":"Polygon","coordinates":[[[121.75553756334648,25.02491615450092],[121.75555138196681,25.027173045143115],[121.75802842883436,25.027160433310158],[121.75801456492077,25.024903543958814],[121.75553756334648,25.02491615450092]]]}},{"type":"Feature","properties":{"cell_id":"65000:250:11075:1306","county_id":"65000","city":"NewTaipei","district":"平溪區","population_estimate":1.0139041053141904,"population_known_estimate":1.0139041053141904,"population_data_fraction":1.0,"population_method":"uniform_proxy","population_period":"2024-12","population_density_per_km2":16.222465685027046,"bus_walk_mean_m":1111.4435369930995,"bus_walk_p90_m":1111.4435369930995,"bus_known_weight":1.0,"metro_walk_mean_m":19696.79559715173,"metro_known_weight":1.0,"position_status":"fallback_unverified","classification":"barrier_detour_candidate","residential_gap":true},"geometry":{"type":"Polygon","coordinates":[[[121.75801456492077,25.024903543958814],[121.75802842883436,25.027160433310158],[121.76050547402502,25.0271477802058],[121.76049156481831,25.024890892149525],[121.75801456492077,25.024903543958814]]]}},{"type":"Feature","properties":{"cell_id":"65000:250:11075:1307","county_id":"65000","city":"NewTaipei","district":"平溪區","population_estimate":1.0139041053141904,"population_known_estimate":1.0139041053141904,"population_data_fraction":1.0,"population_method":"uniform_proxy","population_period":"2024-12","population_density_per_km2":16.222465685027046,"bus_walk_mean_m":null,"bus_walk_p90_m":null,"bus_known_weight":0.0,"metro_walk_mean_m":null,"metro_known_weight":0.0,"position_status":"fallback_unverified","classification":"unresolved_walk_evidence","residential_gap":false},"geometry":{"type":"Polygon","coordinates":[[[121.76049156481831,25.024890892149525],[121.76050547402502,25.0271477802058],[121.76298251753332,25.02713508583014],[121.76296856303358,25.024878199073157],[121.76049156481831,25.024890892149525]]]}},{"type":"Feature","properties":{"cell_id":"65000:250:11075:1308","county_id":"65000","city":"NewTaipei","district":"平溪區","population_estimate":0.8544537350655637,"population_known_estimate":0.8544537350655637,"population_data_fraction":1.0,"population_method":"uniform_proxy","population_period":"2024-12","population_density_per_km2":13.671259761049019,"bus_walk_mean_m":1046.0557438462567,"bus_walk_p90_m":1046.0557438462567,"bus_known_weight":1.0,"metro_walk_mean_m":20216.88373974396,"metro_known_weight":1.0,"position_status":"fallback_unverified","classification":"residential_coverage_candidate","residential_gap":true},"geometry":{"type":"Polygon","coordinates":[[[121.76296856303358,25.024878199073157],[121.76298251753332,25.02713508583014],[121.76545955935373,25.02712235018329],[121.76544555956113,25.024865464729825],[121.76296856303358,25.024878199073157]]]}},{"type":"Feature","properties":{"cell_id":"65000:250:11075:1309","county_id":"65000","city":"NewTaipei","district":"平溪區","population_estimate":0.7634466286734767,"population_known_estimate":0.7634466286734767,"population_data_fraction":1.0,"population_method":"uniform_proxy","population_period":"2024-12","population_density_per_km2":12.215146058775627,"bus_walk_mean_m":1310.8968467891693,"bus_walk_p90_m":1310.8968467891693,"bus_known_weight":1.0,"metro_walk_mean_m":20481.724842686872,"metro_known_weight":1.0,"position_status":"fallback_unverified","classification":"residential_coverage_candidate","residential_gap":true},"geometry":{"type":"Polygon","coordinates":[[[121.76544555956113,25.024865464729825],[121.76545955935373,25.02712235018329],[121.76793659948083,25.027109573265367],[121.7679225543955,25.024852689119648],[121.76544555956113,25.024865464729825]]]}},{"type":"Feature","properties":{"cell_id":"65000:250:11075:1310","county_id":"65000","city":"NewTaipei","district":"平溪區","population_estimate":1.3837567563011226,"population_known_estimate":1.3837567563011226,"population_data_fraction":1.0,"population_method":"uniform_proxy","population_period":"2024-12","population_density_per_km2":22.14010810081796,"bus_walk_mean_m":1534.803251574587,"bus_walk_p90_m":1534.803251574587,"bus_known_weight":1.0,"metro_walk_mean_m":20705.631247472287,"metro_known_weight":1.0,"position_status":"fallback_unverified","classification":"residential_coverage_candidate","residential_gap":true},"geometry":{"type":"Polygon","coordinates":[[[121.7679225543955,25.024852689119648],[121.76793659948083,25.027109573265367],[121.7704136379091,25.027096755076474],[121.77039954753117,25.024839872242726],[121.7679225543955,25.024852689119648]]]}},{"type":"Feature","properties":{"cell_id":"65000:250:11075:1311","county_id":"65000","city":"NewTaipei","district":"平溪區","population_estimate":4.773611716736749,"population_known_estimate":4.773611716736749,"population_data_fraction":1.0,"population_method":"uniform_proxy","population_period":"2024-12","population_density_per_km2":76.37778746778798,"bus_walk_mean_m":1586.4675223441523,"bus_walk_p90_m":1586.4675223441523,"bus_known_weight":1.0,"metro_walk_mean_m":21099.20106125747,"metro_known_weight":1.0,"position_status":"fallback_unverified","classification":"residential_coverage_candidate","residential_gap":true},"geometry":{"type":"Polygon","coordinates":[[[121.77039954753117,25.024839872242726],[121.7704136379091,25.027096755076474],[121.77289067463312,25.02708389561673],[121.77287653896273,25.02482701409917],[121.77039954753117,25.024839872242726]]]}},{"type":"Feature","properties":{"cell_id":"65000:250:11075:1312","county_id":"65000","city":"NewTaipei","district":"平溪區","population_estimate":3.2359036162594226,"population_known_estimate":3.2359036162594226,"population_data_fraction":1.0,"population_method":"uniform_proxy","population_period":"2024-12","population_density_per_km2":51.77445786015076,"bus_walk_mean_m":1102.7201577010856,"bus_walk_p90_m":1102.7201577010856,"bus_known_weight":1.0,"metro_walk_mean_m":21920.491923505106,"metro_known_weight":1.0,"position_status":"fallback_unverified","classification":"residential_coverage_candidate","residential_gap":true},"geometry":{"type":"Polygon","coordinates":[[[121.77287653896273,25.02482701409917],[121.77289067463312,25.02708389561673],[121.77536770964736,25.027070994886245],[121.77535352868463,25.024814114689093],[121.77287653896273,25.02482701409917]]]}},{"type":"Feature","properties":{"cell_id":"65000:250:11075:1313","county_id":"65000","city":"NewTaipei","district":"平溪區","population_estimate":2.8422435188790165,"population_known_estimate":2.8422435188790165,"population_data_fraction":0.9999999999999999,"population_method":"uniform_proxy","population_period":"2024-12","population_density_per_km2":45.475896302064264,"bus_walk_mean_m":596.6470370511737,"bus_walk_p90_m":596.6470370511737,"bus_known_weight":1.0,"metro_walk_mean_m":22088.746230392644,"metro_known_weight":1.0,"position_status":"fallback_unverified","classification":"barrier_detour_candidate","residential_gap":true},"geometry":{"type":"Polygon","coordinates":[[[121.77535352868463,25.024814114689093],[121.77536770964736,25.027070994886245],[121.77784474294633,25.027058052885117],[121.77783051669144,25.02480117401261],[121.77535352868463,25.024814114689093]]]}},{"type":"Feature","properties":{"cell_id":"65000:250:11075:1314","county_id":"65000","city":"NewTaipei","district":"平溪區","population_estimate":2.2791583615018656,"population_known_estimate":2.2791583615018656,"population_data_fraction":1.0,"population_method":"uniform_proxy","population_period":"2024-12","population_density_per_km2":36.46653378402985,"bus_walk_mean_m":344.7028645602528,"bus_walk_p90_m":344.7028645602528,"bus_known_weight":1.0,"metro_walk_mean_m":22120.88213208632,"metro_known_weight":1.0,"position_status":"fallback_unverified","classification":"within_walk_threshold","residential_gap":false},"geometry":{"type":"Polygon","coordinates":[[[121.77783051669144,25.02480117401261],[121.77784474294633,25.027058052885117],[121.78032177452461,25.02704506961348],[121.78030750297765,25.024788192069828],[121.77783051669144,25.02480117401261]]]}},{"type":"Feature","properties":{"cell_id":"65000:250:11075:1315","county_id":"65000","city":"NewTaipei","district":"平溪區","population_estimate":1.1377060629281752,"population_known_estimate":1.1377060629281752,"population_data_fraction":1.0,"population_method":"uniform_proxy","population_period":"2024-12","population_density_per_km2":18.203297006850804,"bus_walk_mean_m":221.21178294447236,"bus_walk_p90_m":221.21178294447236,"bus_known_weight":1.0,"metro_walk_mean_m":22308.249836517418,"metro_known_weight":1.0,"position_status":"fallback_unverified","classification":"within_walk_threshold","residential_gap":false},"geometry":{"type":"Polygon","coordinates":[[[121.78030750297765,25.024788192069828],[121.78032177452461,25.02704506961348],[121.78279880437665,25.02703204507143],[121.78278448753781,25.024775168860867],[121.78030750297765,25.024788192069828]]]}},{"type":"Feature","properties":{"cell_id":"65000:250:11075:1316","county_id":"65000","city":"NewTaipei","district":"平溪區","population_estimate":1.061029430642803,"population_known_estimate":1.061029430642803,"population_data_fraction":1.0,"population_method":"uniform_proxy","population_period":"2024-12","population_density_per_km2":16.976470890284848,"bus_walk_mean_m":419.0007209073939,"bus_walk_p90_m":419.0007209073939,"bus_known_weight":1.0,"metro_walk_mean_m":22610.094021462566,"metro_known_weight":1.0,"position_status":"fallback_unverified","classification":"within_walk_threshold","residential_gap":false},"geometry":{"type":"Polygon","coordinates":[[[121.78278448753781,25.024775168860867],[121.78279880437665,25.02703204507143],[121.78527583249706,25.02701897925909],[121.78526147036642,25.024762104385832],[121.78278448753781,25.024775168860867]]]}},{"type":"Feature","properties":{"cell_id":"65000:250:11075:1317","county_id":"65000","city":"NewTaipei","district":"平溪區","population_estimate":1.061029430642803,"population_known_estimate":1.061029430642803,"population_data_fraction":1.0,"population_method":"uniform_proxy","population_period":"2024-12","population_density_per_km2":16.976470890284848,"bus_walk_mean_m":701.3000964641997,"bus_walk_p90_m":701.3000964641997,"bus_known_weight":1.0,"metro_walk_mean_m":22892.393397019376,"metro_known_weight":1.0,"position_status":"fallback_unverified","classification":"residential_coverage_candidate","residential_gap":true},"geometry":{"type":"Polygon","coordinates":[[[121.78526147036642,25.024762104385832],[121.78527583249706,25.02701897925909],[121.7877528588803,25.027005872176563],[121.78773845145803,25.024748998644842],[121.78526147036642,25.024762104385832]]]}},{"type":"Feature","properties":{"cell_id":"65000:250:11075:1318","county_id":"65000","city":"NewTaipei","district":"平溪區","population_estimate":1.061029430642803,"population_known_estimate":1.061029430642803,"population_data_fraction":1.0,"population_method":"uniform_proxy","population_period":"2024-12","population_density_per_km2":16.976470890284848,"bus_walk_mean_m":null,"bus_walk_p90_m":null,"bus_known_weight":0.0,"metro_walk_mean_m":null,"metro_known_weight":0.0,"position_status":"fallback_unverified","classification":"unresolved_walk_evidence","residential_gap":false},"geometry":{"type":"Polygon","coordinates":[[[121.78773845145803,25.024748998644842],[121.7877528588803,25.027005872176563],[121.79022988352091,25.02699272382397],[121.79021543080714,25.02473585163801],[121.78773845145803,25.024748998644842]]]}},{"type":"Feature","properties":{"cell_id":"65000:250:11075:1319","county_id":"65000","city":"NewTaipei","district":"平溪區","population_estimate":1.061029430642803,"population_known_estimate":1.061029430642803,"population_data_fraction":1.0,"population_method":"uniform_proxy","population_period":"2024-12","population_density_per_km2":16.976470890284848,"bus_walk_mean_m":null,"bus_walk_p90_m":null,"bus_known_weight":0.0,"metro_walk_mean_m":null,"metro_known_weight":0.0,"position_status":"fallback_unverified","classification":"unresolved_walk_evidence","residential_gap":false},"geometry":{"type":"Polygon","coordinates":[[[121.79021543080714,25.02473585163801],[121.79022988352091,25.02699272382397],[121.7927069064134,25.026979534201423],[121.7926924084083,25.024722663365445],[121.79021543080714,25.02473585163801]]]}},{"type":"Feature","properties":{"cell_id":"65000:250:11075:1320","county_id":"65000","city":"NewTaipei","district":"平溪區","population_estimate":0.9282751054531135,"population_known_estimate":0.9282751054531135,"population_data_fraction":1.0,"population_method":"uniform_proxy","population_period":"2024-12","population_density_per_km2":14.852401687249817,"bus_walk_mean_m":2310.74120648991,"bus_walk_p90_m":2310.74120648991,"bus_known_weight":1.0,"metro_walk_mean_m":24501.83450704508,"metro_known_weight":1.0,"position_status":"fallback_unverified","classification":"residential_coverage_candidate","residential_gap":true},"geometry":{"type":"Polygon","coordinates":[[[121.7926924084083,25.024722663365445],[121.7927069064134,25.026979534201423],[121.7951839275523,25.02696630330904],[121.795169384256,25.02470943382726],[121.7926924084083,25.024722663365445]]]}},{"type":"Feature","properties":{"cell_id":"65000:250:11076:1284","county_id":"65000","city":"NewTaipei","district":"平溪區","population_estimate":0.16697619735838415,"population_known_estimate":0.16697619735838415,"population_data_fraction":1.0,"population_method":"uniform_proxy","population_period":"2024-12","population_density_per_km2":2.6716191577341464,"bus_walk_mean_m":1574.2449122883847,"bus_walk_p90_m":1574.2449122883847,"bus_known_weight":1.0,"metro_walk_mean_m":12597.487600864073,"metro_known_weight":1.0,"position_status":"fallback_unverified","classification":"residential_coverage_candidate","residential_gap":true},"geometry":{"type":"Polygon","coordinates":[[[121.70353302008586,25.027428359749642],[121.70354588907357,25.029685275832442],[121.70602301519207,25.029673529521553],[121.70601010090287,25.02741661464094],[121.70353302008586,25.027428359749642]]]}},{"type":"Feature","properties":{"cell_id":"65000:250:11076:1285","county_id":"65000","city":"NewTaipei","district":"平溪區","population_estimate":0.0,"population_known_estimate":0.0,"population_data_fraction":1.0,"population_method":"residential_support","population_period":"2024-12","population_density_per_km2":0.0,"bus_walk_mean_m":1374.095668523137,"bus_walk_p90_m":1374.095668523137,"bus_known_weight":1.0,"metro_walk_mean_m":12800.100126005531,"metro_known_weight":1.0,"position_status":"fallback_unverified","classification":"zero_residential_proxy","residential_gap":false},"geometry":{"type":"Polygon","coordinates":[[[121.70601010090287,25.02741661464094],[121.70602301519207,25.029673529521553],[121.70850013974857,25.02966174193282],[121.70848718015804,25.027404828258614],[121.70601010090287,25.02741661464094]]]}},{"type":"Feature","properties":{"cell_id":"65000:250:11076:1286","county_id":"65000","city":"NewTaipei","district":"平溪區","population_estimate":0.0,"population_known_estimate":0.0,"population_data_fraction":1.0,"population_method":"residential_support","population_period":"2024-12","population_density_per_km2":0.0,"bus_walk_mean_m":1421.7183038362296,"bus_walk_p90_m":1421.7183038362296,"bus_known_weight":1.0,"metro_walk_mean_m":12942.271348623675,"metro_known_weight":1.0,"position_status":"fallback_unverified","classification":"zero_residential_proxy","residential_gap":false},"geometry":{"type":"Polygon","coordinates":[[[121.70848718015804,25.027404828258614],[121.70850013974857,25.02966174193282],[121.71097726273761,25.029649913066336],[121.71096425784587,25.02739300060276],[121.70848718015804,25.027404828258614]]]}},{"type":"Feature","properties":{"cell_id":"65000:250:11076:1287","county_id":"65000","city":"NewTaipei","district":"平溪區","population_estimate":0.0,"population_known_estimate":0.0,"population_data_fraction":1.0,"population_method":"residential_support","population_period":"2024-12","population_density_per_km2":0.0,"bus_walk_mean_m":1115.3376271626926,"bus_walk_p90_m":1115.3376271626926,"bus_known_weight":1.0,"metro_walk_mean_m":13949.305437394223,"metro_known_weight":1.0,"position_status":"fallback_unverified","classification":"zero_residential_proxy","residential_gap":false},"geometry":{"type":"Polygon","coordinates":[[[121.71096425784587,25.02739300060276],[121.71097726273761,25.029649913066336],[121.71345438415374,25.0296380429222],[121.71344133396087,25.027381131673483],[121.71096425784587,25.02739300060276]]]}},{"type":"Feature","properties":{"cell_id":"65000:250:11076:1288","county_id":"65000","city":"NewTaipei","district":"平溪區","population_estimate":0.0,"population_known_estimate":0.0,"population_data_fraction":1.0,"population_method":"residential_support","population_period":"2024-12","population_density_per_km2":0.0,"bus_walk_mean_m":1164.9102829931146,"bus_walk_p90_m":1164.9102829931146,"bus_known_weight":1.0,"metro_walk_mean_m":14049.23151527805,"metro_known_weight":1.0,"position_status":"fallback_unverified","classification":"zero_residential_proxy","residential_gap":false},"geometry":{"type":"Polygon","coordinates":[[[121.71344133396087,25.027381131673483],[121.71345438415374,25.0296380429222],[121.71593150399141,25.02962613150052],[121.7159184084976,25.02736922147088],[121.71344133396087,25.027381131673483]]]}},{"type":"Feature","properties":{"cell_id":"65000:250:11076:1289","county_id":"65000","city":"NewTaipei","district":"平溪區","population_estimate":0.0,"population_known_estimate":0.0,"population_data_fraction":1.0,"population_method":"residential_support","population_period":"2024-12","population_density_per_km2":0.0,"bus_walk_mean_m":929.3407952983295,"bus_walk_p90_m":929.3407952983295,"bus_known_weight":1.0,"metro_walk_mean_m":14282.582464023744,"metro_known_weight":1.0,"position_status":"fallback_unverified","classification":"zero_residential_proxy","residential_gap":false},"geometry":{"type":"Polygon","coordinates":[[[121.7159184084976,25.02736922147088],[121.71593150399141,25.02962613150052],[121.71840862224519,25.029614178801403],[121.71839548145054,25.027357269995075],[121.7159184084976,25.02736922147088]]]}},{"type":"Feature","properties":{"cell_id":"65000:250:11076:1290","county_id":"65000","city":"NewTaipei","district":"平溪區","population_estimate":0.0,"population_known_estimate":0.0,"population_data_fraction":0.9999999999999999,"population_method":"residential_support","population_period":"2024-12","population_density_per_km2":0.0,"bus_walk_mean_m":669.2258167473108,"bus_walk_p90_m":669.2258167473108,"bus_known_weight":1.0,"metro_walk_mean_m":14866.929484412301,"metro_known_weight":1.0,"position_status":"fallback_unverified","classification":"zero_residential_proxy","residential_gap":false},"geometry":{"type":"Polygon","coordinates":[[[121.71839548145054,25.027357269995075],[121.71840862224519,25.029614178801403],[121.72088573890959,25.02960218482495],[121.72087255281421,25.02734527724614],[121.71839548145054,25.027357269995075]]]}},{"type":"Feature","properties":{"cell_id":"65000:250:11076:1291","county_id":"65000","city":"NewTaipei","district":"平溪區","population_estimate":0.0,"population_known_estimate":0.0,"population_data_fraction":1.0,"population_method":"residential_support","population_period":"2024-12","population_density_per_km2":0.0,"bus_walk_mean_m":920.3240163960279,"bus_walk_p90_m":920.3240163960279,"bus_known_weight":1.0,"metro_walk_mean_m":15259.9104750973,"metro_known_weight":1.0,"position_status":"fallback_unverified","classification":"zero_residential_proxy","residential_gap":false},"geometry":{"type":"Polygon","coordinates":[[[121.72087255281421,25.02734527724614],[121.72088573890959,25.02960218482495],[121.72336285397914,25.029590149571256],[121.7233496225832,25.027333243224206],[121.72087255281421,25.02734527724614]]]}},{"type":"Feature","properties":{"cell_id":"65000:250:11076:1292","county_id":"65000","city":"NewTaipei","district":"平溪區","population_estimate":0.0,"population_known_estimate":0.0,"population_data_fraction":1.0,"population_method":"residential_support","population_period":"2024-12","population_density_per_km2":0.0,"bus_walk_mean_m":null,"bus_walk_p90_m":null,"bus_known_weight":0.0,"metro_walk_mean_m":null,"metro_known_weight":0.0,"position_status":"fallback_unverified","classification":"zero_residential_proxy","residential_gap":false},"geometry":{"type":"Polygon","coordinates":[[[121.7233496225832,25.027333243224206],[121.72336285397914,25.029590149571256],[121.72583996744835,25.029578073040433],[121.72582669075194,25.027321167929365],[121.7233496225832,25.027333243224206]]]}},{"type":"Feature","properties":{"cell_id":"65000:250:11076:1293","county_id":"65000","city":"NewTaipei","district":"平溪區","population_estimate":3.585082233394634,"population_known_estimate":3.585082233394634,"population_data_fraction":1.0,"population_method":"residential_support","population_period":"2024-12","population_density_per_km2":57.36131573431415,"bus_walk_mean_m":1674.6551314804185,"bus_walk_p90_m":1684.8436230529037,"bus_known_weight":1.0,"metro_walk_mean_m":16888.682429883025,"metro_known_weight":1.0,"position_status":"residential_area_proxy","classification":"residential_coverage_candidate","residential_gap":true},"geometry":{"type":"Polygon","coordinates":[[[121.72582669075194,25.027321167929365],[121.72583996744835,25.029578073040433],[121.72831707931176,25.029565955232588],[121.72830375731502,25.02730905136172],[121.72582669075194,25.027321167929365]]]}},{"type":"Feature","properties":{"cell_id":"65000:250:11076:1294","county_id":"65000","city":"NewTaipei","district":"平溪區","population_estimate":0.0,"population_known_estimate":0.0,"population_data_fraction":1.0,"population_method":"residential_support","population_period":"2024-12","population_density_per_km2":0.0,"bus_walk_mean_m":null,"bus_walk_p90_m":null,"bus_known_weight":0.0,"metro_walk_mean_m":null,"metro_known_weight":0.0,"position_status":"fallback_unverified","classification":"zero_residential_proxy","residential_gap":false},"geometry":{"type":"Polygon","coordinates":[[[121.72830375731502,25.02730905136172],[121.72831707931176,25.029565955232588],[121.73079418956385,25.029553796147823],[121.73078082226691,25.027296893521388],[121.72830375731502,25.02730905136172]]]}},{"type":"Feature","properties":{"cell_id":"65000:250:11076:1295","county_id":"65000","city":"NewTaipei","district":"平溪區","population_estimate":0.0,"population_known_estimate":0.0,"population_data_fraction":1.0,"population_method":"residential_support","population_period":"2024-12","population_density_per_km2":0.0,"bus_walk_mean_m":null,"bus_walk_p90_m":null,"bus_known_weight":0.0,"metro_walk_mean_m":null,"metro_known_weight":0.0,"position_status":"fallback_unverified","classification":"zero_residential_proxy","residential_gap":false},"geometry":{"type":"Polygon","coordinates":[[[121.73078082226691,25.027296893521388],[121.73079418956385,25.029553796147823],[121.73327129819918,25.029541595786245],[121.73325788560219,25.02728469440845],[121.73078082226691,25.027296893521388]]]}},{"type":"Feature","properties":{"cell_id":"65000:250:11076:1296","county_id":"65000","city":"NewTaipei","district":"平溪區","population_estimate":0.0,"population_known_estimate":0.0,"population_data_fraction":1.0,"population_method":"residential_support","population_period":"2024-12","population_density_per_km2":0.0,"bus_walk_mean_m":258.85548799646847,"bus_walk_p90_m":258.85548799646847,"bus_known_weight":1.0,"metro_walk_mean_m":16860.406946999094,"metro_known_weight":1.0,"position_status":"fallback_unverified","classification":"zero_residential_proxy","residential_gap":false},"geometry":{"type":"Polygon","coordinates":[[[121.73325788560219,25.02728469440845],[121.73327129819918,25.029541595786245],[121.73574840521228,25.02952935414796],[121.73573494731532,25.027272454023045],[121.73325788560219,25.02728469440845]]]}},{"type":"Feature","properties":{"cell_id":"65000:250:11076:1297","county_id":"65000","city":"NewTaipei","district":"平溪區","population_estimate":83.6748633589724,"population_known_estimate":83.6748633589724,"population_data_fraction":0.9999999999999999,"population_method":"residential_support","population_period":"2024-12","population_density_per_km2":1338.7978137435584,"bus_walk_mean_m":497.03514443031975,"bus_walk_p90_m":562.5553294984533,"bus_known_weight":1.0,"metro_walk_mean_m":16884.34239100777,"metro_known_weight":1.0,"position_status":"residential_area_proxy","classification":"barrier_detour_candidate","residential_gap":true},"geometry":{"type":"Polygon","coordinates":[[[121.73573494731532,25.027272454023045],[121.73574840521228,25.02952935414796],[121.73822551059764,25.029517071233066],[121.73821200740086,25.02726017236525],[121.73573494731532,25.027272454023045]]]}},{"type":"Feature","properties":{"cell_id":"65000:250:11076:1298","county_id":"65000","city":"NewTaipei","district":"平溪區","population_estimate":12.862292761311828,"population_known_estimate":12.862292761311828,"population_data_fraction":0.9999999999999999,"population_method":"residential_support","population_period":"2024-12","population_density_per_km2":205.79668418098925,"bus_walk_mean_m":665.1519834408289,"bus_walk_p90_m":861.992471846857,"bus_known_weight":1.0,"metro_walk_mean_m":17114.53495547911,"metro_known_weight":1.0,"position_status":"residential_area_proxy","classification":"barrier_detour_candidate","residential_gap":true},"geometry":{"type":"Polygon","coordinates":[[[121.73821200740086,25.02726017236525],[121.73822551059764,25.029517071233066],[121.74070261434977,25.02950474704168],[121.74068906585335,25.027247849435188],[121.73821200740086,25.02726017236525]]]}},{"type":"Feature","properties":{"cell_id":"65000:250:11076:1299","county_id":"65000","city":"NewTaipei","district":"平溪區","population_estimate":0.0,"population_known_estimate":0.0,"population_data_fraction":1.0,"population_method":"residential_support","population_period":"2024-12","population_density_per_km2":0.0,"bus_walk_mean_m":864.8010589673872,"bus_walk_p90_m":864.8010589673872,"bus_known_weight":1.0,"metro_walk_mean_m":17642.10170925745,"metro_known_weight":1.0,"position_status":"fallback_unverified","classification":"zero_residential_proxy","residential_gap":false},"geometry":{"type":"Polygon","coordinates":[[[121.74068906585335,25.027247849435188],[121.74070261434977,25.02950474704168],[121.74317971646323,25.02949238157391],[121.74316612266726,25.027235485232964],[121.74068906585335,25.027247849435188]]]}},{"type":"Feature","properties":{"cell_id":"65000:250:11076:1300","county_id":"65000","city":"NewTaipei","district":"平溪區","population_estimate":6.031691592518988,"population_known_estimate":6.031691592518988,"population_data_fraction":1.0,"population_method":"residential_support","population_period":"2024-12","population_density_per_km2":96.50706548030381,"bus_walk_mean_m":331.4035843261202,"bus_walk_p90_m":345.2551336783695,"bus_known_weight":1.0,"metro_walk_mean_m":17438.681620392086,"metro_known_weight":1.0,"position_status":"residential_area_proxy","classification":"within_walk_threshold","residential_gap":false},"geometry":{"type":"Polygon","coordinates":[[[121.74316612266726,25.027235485232964],[121.74317971646323,25.02949238157391],[121.74565681693255,25.029479974829847],[121.74564317783714,25.027223079758674],[121.74316612266726,25.027235485232964]]]}},{"type":"Feature","properties":{"cell_id":"65000:250:11076:1301","county_id":"65000","city":"NewTaipei","district":"平溪區","population_estimate":91.56856013938764,"population_known_estimate":91.56856013938764,"population_data_fraction":0.9999999999999999,"population_method":"residential_support","population_period":"2024-12","population_density_per_km2":1465.0969622302023,"bus_walk_mean_m":172.16927641588876,"bus_walk_p90_m":241.9804042370433,"bus_known_weight":1.0000000000000002,"metro_walk_mean_m":17316.920888985765,"metro_known_weight":1.0000000000000002,"position_status":"residential_area_proxy","classification":"within_walk_threshold","residential_gap":false},"geometry":{"type":"Polygon","coordinates":[[[121.74564317783714,25.027223079758674],[121.74565681693255,25.029479974829847],[121.7481339157522,25.029467526809615],[121.74812023135752,25.02721063301244],[121.74564317783714,25.027223079758674]]]}},{"type":"Feature","properties":{"cell_id":"65000:250:11076:1302","county_id":"65000","city":"NewTaipei","district":"平溪區","population_estimate":0.1497129425393778,"population_known_estimate":0.1497129425393778,"population_data_fraction":1.0,"population_method":"residential_support","population_period":"2024-12","population_density_per_km2":2.395407080630045,"bus_walk_mean_m":271.7334467085026,"bus_walk_p90_m":271.7334467085026,"bus_known_weight":1.0,"metro_walk_mean_m":17363.505709043693,"metro_known_weight":1.0,"position_status":"residential_area_proxy","classification":"within_walk_threshold","residential_gap":false},"geometry":{"type":"Polygon","coordinates":[[[121.74812023135752,25.02721063301244],[121.7481339157522,25.029467526809615],[121.75061101291675,25.02945503751332],[121.7505972832229,25.02719814499436],[121.74812023135752,25.02721063301244]]]}},{"type":"Feature","properties":{"cell_id":"65000:250:11076:1303","county_id":"65000","city":"NewTaipei","district":"平溪區","population_estimate":0.0,"population_known_estimate":0.0,"population_data_fraction":1.0,"population_method":"residential_support","population_period":"2024-12","population_density_per_km2":0.0,"bus_walk_mean_m":null,"bus_walk_p90_m":null,"bus_known_weight":0.0,"metro_walk_mean_m":null,"metro_known_weight":0.0,"position_status":"fallback_unverified","classification":"zero_residential_proxy","residential_gap":false},"geometry":{"type":"Polygon","coordinates":[[[121.7505972832229,25.02719814499436],[121.75061101291675,25.02945503751332],[121.75308810842068,25.029442506941063],[121.75307433342783,25.02718561570455],[121.7505972832229,25.02719814499436]]]}},{"type":"Feature","properties":{"cell_id":"65000:250:11076:1304","county_id":"65000","city":"NewTaipei","district":"平溪區","population_estimate":0.0012927000364964557,"population_known_estimate":0.0012927000364964557,"population_data_fraction":1.0,"population_method":"uniform_proxy","population_period":"2024-12","population_density_per_km2":0.020683200583943292,"bus_walk_mean_m":165.12698156048768,"bus_walk_p90_m":165.12698156048768,"bus_known_weight":1.0,"metro_walk_mean_m":19106.698547610573,"metro_known_weight":1.0,"position_status":"fallback_unverified","classification":"within_walk_threshold","residential_gap":false},"geometry":{"type":"Polygon","coordinates":[[[121.75307433342783,25.02718561570455],[121.75308810842068,25.029442506941063],[121.75556520225855,25.029429935092956],[121.75555138196681,25.027173045143115],[121.75307433342783,25.02718561570455]]]}},{"type":"Feature","properties":{"cell_id":"65000:250:11076:1305","county_id":"65000","city":"NewTaipei","district":"平溪區","population_estimate":0.9391945598348619,"population_known_estimate":0.9391945598348619,"population_data_fraction":1.0,"population_method":"uniform_proxy","population_period":"2024-12","population_density_per_km2":15.02711295735779,"bus_walk_mean_m":null,"bus_walk_p90_m":null,"bus_known_weight":0.0,"metro_walk_mean_m":null,"metro_known_weight":0.0,"position_status":"fallback_unverified","classification":"unresolved_walk_evidence","residential_gap":false},"geometry":{"type":"Polygon","coordinates":[[[121.75555138196681,25.027173045143115],[121.75556520225855,25.029429935092956],[121.75804229442487,25.029417321969106],[121.75802842883436,25.027160433310158],[121.75555138196681,25.027173045143115]]]}},{"type":"Feature","properties":{"cell_id":"65000:250:11076:1306","county_id":"65000","city":"NewTaipei","district":"平溪區","population_estimate":1.0139041053141904,"population_known_estimate":1.0139041053141904,"population_data_fraction":1.0,"population_method":"uniform_proxy","population_period":"2024-12","population_density_per_km2":16.222465685027046,"bus_walk_mean_m":null,"bus_walk_p90_m":null,"bus_known_weight":0.0,"metro_walk_mean_m":null,"metro_known_weight":0.0,"position_status":"fallback_unverified","classification":"unresolved_walk_evidence","residential_gap":false},"geometry":{"type":"Polygon","coordinates":[[[121.75802842883436,25.027160433310158],[121.75804229442487,25.029417321969106],[121.76051938491413,25.02940466756963],[121.76050547402502,25.0271477802058],[121.75802842883436,25.027160433310158]]]}},{"type":"Feature","properties":{"cell_id":"65000:250:11076:1307","county_id":"65000","city":"NewTaipei","district":"平溪區","population_estimate":1.0139041053141904,"population_known_estimate":1.0139041053141904,"population_data_fraction":1.0,"population_method":"uniform_proxy","population_period":"2024-12","population_density_per_km2":16.222465685027046,"bus_walk_mean_m":669.8285967432864,"bus_walk_p90_m":669.8285967432864,"bus_known_weight":1.0,"metro_walk_mean_m":20201.766162300726,"metro_known_weight":1.0,"position_status":"fallback_unverified","classification":"barrier_detour_candidate","residential_gap":true},"geometry":{"type":"Polygon","coordinates":[[[121.76050547402502,25.0271477802058],[121.76051938491413,25.02940466756963],[121.76299647372089,25.029391971894626],[121.76298251753332,25.02713508583014],[121.76050547402502,25.0271477802058]]]}},{"type":"Feature","properties":{"cell_id":"65000:250:11076:1308","county_id":"65000","city":"NewTaipei","district":"平溪區","population_estimate":1.190624661954037,"population_known_estimate":1.190624661954037,"population_data_fraction":1.0,"population_method":"uniform_proxy","population_period":"2024-12","population_density_per_km2":19.049994591264593,"bus_walk_mean_m":720.4007620420285,"bus_walk_p90_m":720.4007620420285,"bus_known_weight":1.0,"metro_walk_mean_m":20234.62860661982,"metro_known_weight":1.0,"position_status":"fallback_unverified","classification":"barrier_detour_candidate","residential_gap":true},"geometry":{"type":"Polygon","coordinates":[[[121.76298251753332,25.02713508583014],[121.76299647372089,25.029391971894626],[121.76547356083967,25.029379234944216],[121.76545955935373,25.02712235018329],[121.76298251753332,25.02713508583014]]]}},{"type":"Feature","properties":{"cell_id":"65000:250:11076:1309","county_id":"65000","city":"NewTaipei","district":"平溪區","population_estimate":3.356713389583217,"population_known_estimate":3.356713389583217,"population_data_fraction":1.0,"population_method":"uniform_proxy","population_period":"2024-12","population_density_per_km2":53.70741423333147,"bus_walk_mean_m":1091.4472037209093,"bus_walk_p90_m":1091.4472037209093,"bus_known_weight":1.0,"metro_walk_mean_m":20546.4203564631,"metro_known_weight":1.0,"position_status":"fallback_unverified","classification":"barrier_detour_candidate","residential_gap":true},"geometry":{"type":"Polygon","coordinates":[[[121.76545955935373,25.02712235018329],[121.76547356083967,25.029379234944216],[121.76795064626496,25.029366456718506],[121.76793659948083,25.027109573265367],[121.76545955935373,25.02712235018329]]]}},{"type":"Feature","properties":{"cell_id":"65000:250:11076:1310","county_id":"65000","city":"NewTaipei","district":"平溪區","population_estimate":5.575619946132856,"population_known_estimate":5.575619946132856,"population_data_fraction":1.0,"population_method":"uniform_proxy","population_period":"2024-12","population_density_per_km2":89.2099191381257,"bus_walk_mean_m":1484.0394050512753,"bus_walk_p90_m":1484.0394050512753,"bus_known_weight":1.0,"metro_walk_mean_m":20939.012557793463,"metro_known_weight":1.0,"position_status":"fallback_unverified","classification":"residential_coverage_candidate","residential_gap":true},"geometry":{"type":"Polygon","coordinates":[[[121.76793659948083,25.027109573265367],[121.76795064626496,25.029366456718506],[121.77042772999134,25.0293536372176],[121.7704136379091,25.027096755076474],[121.76793659948083,25.027109573265367]]]}},{"type":"Feature","properties":{"cell_id":"65000:250:11076:1311","county_id":"65000","city":"NewTaipei","district":"平溪區","population_estimate":5.76441933363566,"population_known_estimate":5.76441933363566,"population_data_fraction":1.0,"population_method":"uniform_proxy","population_period":"2024-12","population_density_per_km2":92.23070933817056,"bus_walk_mean_m":null,"bus_walk_p90_m":null,"bus_known_weight":0.0,"metro_walk_mean_m":null,"metro_known_weight":0.0,"position_status":"fallback_unverified","classification":"unresolved_walk_evidence","residential_gap":false},"geometry":{"type":"Polygon","coordinates":[[[121.7704136379091,25.027096755076474],[121.77042772999134,25.0293536372176],[121.77290481201325,25.029340776441614],[121.77289067463312,25.02708389561673],[121.7704136379091,25.027096755076474]]]}},{"type":"Feature","properties":{"cell_id":"65000:250:11076:1312","county_id":"65000","city":"NewTaipei","district":"平溪區","population_estimate":3.633509601927317,"population_known_estimate":3.633509601927317,"population_data_fraction":1.0,"population_method":"uniform_proxy","population_period":"2024-12","population_density_per_km2":58.13615363083707,"bus_walk_mean_m":1043.155619396359,"bus_walk_p90_m":1043.155619396359,"bus_known_weight":1.0,"metro_walk_mean_m":21648.409014578003,"metro_known_weight":1.0,"position_status":"fallback_unverified","classification":"residential_coverage_candidate","residential_gap":true},"geometry":{"type":"Polygon","coordinates":[[[121.77289067463312,25.02708389561673],[121.77290481201325,25.029340776441614],[121.77538189232529,25.029327874390674],[121.77536770964736,25.027070994886245],[121.77289067463312,25.02708389561673]]]}},{"type":"Feature","properties":{"cell_id":"65000:250:11076:1313","county_id":"65000","city":"NewTaipei","district":"平溪區","population_estimate":2.8806958375922087,"population_known_estimate":2.8806958375922087,"population_data_fraction":1.0,"population_method":"uniform_proxy","population_period":"2024-12","population_density_per_km2":46.09113340147534,"bus_walk_mean_m":null,"bus_walk_p90_m":null,"bus_known_weight":0.0,"metro_walk_mean_m":null,"metro_known_weight":0.0,"position_status":"fallback_unverified","classification":"unresolved_walk_evidence","residential_gap":false},"geometry":{"type":"Polygon","coordinates":[[[121.77536770964736,25.027070994886245],[121.77538189232529,25.029327874390674],[121.77785897092195,25.02931493106486],[121.77784474294633,25.027058052885117],[121.77536770964736,25.027070994886245]]]}},{"type":"Feature","properties":{"cell_id":"65000:250:11076:1314","county_id":"65000","city":"NewTaipei","district":"平溪區","population_estimate":2.8622066215087774,"population_known_estimate":2.8622066215087774,"population_data_fraction":1.0,"population_method":"uniform_proxy","population_period":"2024-12","population_density_per_km2":45.79530594414044,"bus_walk_mean_m":null,"bus_walk_p90_m":null,"bus_known_weight":0.0,"metro_walk_mean_m":null,"metro_known_weight":0.0,"position_status":"fallback_unverified","classification":"unresolved_walk_evidence","residential_gap":false},"geometry":{"type":"Polygon","coordinates":[[[121.77784474294633,25.027058052885117],[121.77785897092195,25.02931493106486],[121.78033604779775,25.029301946464308],[121.78032177452461,25.02704506961348],[121.77784474294633,25.027058052885117]]]}},{"type":"Feature","properties":{"cell_id":"65000:250:11076:1315","county_id":"65000","city":"NewTaipei","district":"平溪區","population_estimate":1.193023842552219,"population_known_estimate":1.193023842552219,"population_data_fraction":1.0,"population_method":"uniform_proxy","population_period":"2024-12","population_density_per_km2":19.088381480835505,"bus_walk_mean_m":828.9113517564726,"bus_walk_p90_m":828.9113517564726,"bus_known_weight":1.0,"metro_walk_mean_m":22816.54251945414,"metro_known_weight":1.0,"position_status":"fallback_unverified","classification":"barrier_detour_candidate","residential_gap":true},"geometry":{"type":"Polygon","coordinates":[[[121.78032177452461,25.02704506961348],[121.78033604779775,25.029301946464308],[121.7828131229472,25.029288920589124],[121.78279880437665,25.02703204507143],[121.78032177452461,25.02704506961348]]]}},{"type":"Feature","properties":{"cell_id":"65000:250:11076:1316","county_id":"65000","city":"NewTaipei","district":"平溪區","population_estimate":1.061029430642803,"population_known_estimate":1.061029430642803,"population_data_fraction":1.0,"population_method":"uniform_proxy","population_period":"2024-12","population_density_per_km2":16.976470890284848,"bus_walk_mean_m":null,"bus_walk_p90_m":null,"bus_known_weight":0.0,"metro_walk_mean_m":null,"metro_known_weight":0.0,"position_status":"fallback_unverified","classification":"unresolved_walk_evidence","residential_gap":false},"geometry":{"type":"Polygon","coordinates":[[[121.78279880437665,25.02703204507143],[121.7828131229472,25.029288920589124],[121.78529019636484,25.02927585343943],[121.78527583249706,25.02701897925909],[121.78279880437665,25.02703204507143]]]}},{"type":"Feature","properties":{"cell_id":"65000:250:11076:1317","county_id":"65000","city":"NewTaipei","district":"平溪區","population_estimate":1.061029430642803,"population_known_estimate":1.061029430642803,"population_data_fraction":1.0,"population_method":"uniform_proxy","population_period":"2024-12","population_density_per_km2":16.976470890284848,"bus_walk_mean_m":null,"bus_walk_p90_m":null,"bus_known_weight":0.0,"metro_walk_mean_m":null,"metro_known_weight":0.0,"position_status":"fallback_unverified","classification":"unresolved_walk_evidence","residential_gap":false},"geometry":{"type":"Polygon","coordinates":[[[121.78527583249706,25.02701897925909],[121.78529019636484,25.02927585343943],[121.7877672680452,25.029262745015323],[121.7877528588803,25.027005872176563],[121.78527583249706,25.02701897925909]]]}},{"type":"Feature","properties":{"cell_id":"65000:250:11076:1318","county_id":"65000","city":"NewTaipei","district":"平溪區","population_estimate":1.061029430642803,"population_known_estimate":1.061029430642803,"population_data_fraction":1.0,"population_method":"uniform_proxy","population_period":"2024-12","population_density_per_km2":16.976470890284848,"bus_walk_mean_m":1269.5274001027153,"bus_walk_p90_m":1269.5274001027153,"bus_known_weight":1.0,"metro_walk_mean_m":23460.62070065789,"metro_known_weight":1.0,"position_status":"fallback_unverified","classification":"residential_coverage_candidate","residential_gap":true},"geometry":{"type":"Polygon","coordinates":[[[121.7877528588803,25.027005872176563],[121.7877672680452,25.029262745015323],[121.79024433798277,25.029249595316923],[121.79022988352091,25.02699272382397],[121.7877528588803,25.027005872176563]]]}},{"type":"Feature","properties":{"cell_id":"65000:250:11076:1319","county_id":"65000","city":"NewTaipei","district":"平溪區","population_estimate":1.061029430642803,"population_known_estimate":1.061029430642803,"population_data_fraction":1.0,"population_method":"uniform_proxy","population_period":"2024-12","population_density_per_km2":16.976470890284848,"bus_walk_mean_m":1497.6016290586697,"bus_walk_p90_m":1497.6016290586697,"bus_known_weight":1.0,"metro_walk_mean_m":23688.69492961384,"metro_known_weight":1.0,"position_status":"fallback_unverified","classification":"residential_coverage_candidate","residential_gap":true},"geometry":{"type":"Polygon","coordinates":[[[121.79022988352091,25.02699272382397],[121.79024433798277,25.029249595316923],[121.7927214061721,25.02923640434435],[121.7927069064134,25.026979534201423],[121.79022988352091,25.02699272382397]]]}},{"type":"Feature","properties":{"cell_id":"65000:250:11076:1320","county_id":"65000","city":"NewTaipei","district":"平溪區","population_estimate":1.061029430642803,"population_known_estimate":1.061029430642803,"population_data_fraction":1.0,"population_method":"uniform_proxy","population_period":"2024-12","population_density_per_km2":16.976470890284848,"bus_walk_mean_m":1829.1467103925593,"bus_walk_p90_m":1829.1467103925593,"bus_known_weight":1.0,"metro_walk_mean_m":24020.24001094773,"metro_known_weight":1.0,"position_status":"fallback_unverified","classification":"residential_coverage_candidate","residential_gap":true},"geometry":{"type":"Polygon","coordinates":[[[121.7927069064134,25.026979534201423],[121.7927214061721,25.02923640434435],[121.79519847260771,25.029223172097716],[121.7951839275523,25.02696630330904],[121.7927069064134,25.026979534201423]]]}},{"type":"Feature","properties":{"cell_id":"65000:250:11076:1321","county_id":"65000","city":"NewTaipei","district":"平溪區","population_estimate":0.8843238406174468,"population_known_estimate":0.8843238406174468,"population_data_fraction":1.0,"population_method":"uniform_proxy","population_period":"2024-12","population_density_per_km2":14.14918144987915,"bus_walk_mean_m":2867.185565955641,"bus_walk_p90_m":2867.185565955641,"bus_known_weight":1.0,"metro_walk_mean_m":25058.278866510813,"metro_known_weight":1.0,"position_status":"fallback_unverified","classification":"residential_coverage_candidate","residential_gap":true},"geometry":{"type":"Polygon","coordinates":[[[121.7951839275523,25.02696630330904],[121.79519847260771,25.029223172097716],[121.7976755372841,25.029209898577122],[121.79766094693215,25.026953031146935],[121.7951839275523,25.02696630330904]]]}},{"type":"Feature","properties":{"cell_id":"65000:250:11077:1284","county_id":"65000","city":"NewTaipei","district":"平溪區","population_estimate":0.0,"population_known_estimate":0.0,"population_data_fraction":1.0,"population_method":"residential_support","population_period":"2024-12","population_density_per_km2":0.0,"bus_walk_mean_m":1757.8719864069772,"bus_walk_p90_m":1757.8719864069772,"bus_known_weight":1.0,"metro_walk_mean_m":12330.054915109527,"metro_known_weight":1.0,"position_status":"fallback_unverified","classification":"zero_residential_proxy","residential_gap":false},"geometry":{"type":"Polygon","coordinates":[[[121.70354588907357,25.029685275832442],[121.70355875961779,25.03194219122378],[121.70603593104325,25.031930443710667],[121.70602301519207,25.029673529521553],[121.70354588907357,25.029685275832442]]]}},{"type":"Feature","properties":{"cell_id":"65000:250:11077:1285","county_id":"65000","city":"NewTaipei","district":"平溪區","population_estimate":0.0,"population_known_estimate":0.0,"population_data_fraction":1.0,"population_method":"residential_support","population_period":"2024-12","population_density_per_km2":0.0,"bus_walk_mean_m":null,"bus_walk_p90_m":null,"bus_known_weight":0.0,"metro_walk_mean_m":null,"metro_known_weight":0.0,"position_status":"fallback_unverified","classification":"zero_residential_proxy","residential_gap":false},"geometry":{"type":"Polygon","coordinates":[[[121.70602301519207,25.029673529521553],[121.70603593104325,25.031930443710667],[121.70851310090657,25.03191865491548],[121.70850013974857,25.02966174193282],[121.70602301519207,25.029673529521553]]]}},{"type":"Feature","properties":{"cell_id":"65000:250:11077:1286","county_id":"65000","city":"NewTaipei","district":"平溪區","population_estimate":0.0,"population_known_estimate":0.0,"population_data_fraction":1.0,"population_method":"residential_support","population_period":"2024-12","population_density_per_km2":0.0,"bus_walk_mean_m":1550.2879375569526,"bus_walk_p90_m":1550.2879375569526,"bus_known_weight":1.0,"metro_walk_mean_m":13070.840982344398,"metro_known_weight":1.0,"position_status":"fallback_unverified","classification":"zero_residential_proxy","residential_gap":false},"geometry":{"type":"Polygon","coordinates":[[[121.70850013974857,25.02966174193282],[121.70851310090657,25.03191865491548],[121.71099026920234,25.031906824838316],[121.71097726273761,25.029649913066336],[121.70850013974857,25.02966174193282]]]}},{"type":"Feature","properties":{"cell_id":"65000:250:11077:1287","county_id":"65000","city":"NewTaipei","district":"平溪區","population_estimate":0.0,"population_known_estimate":0.0,"population_data_fraction":1.0,"population_method":"residential_support","population_period":"2024-12","population_density_per_km2":0.0,"bus_walk_mean_m":null,"bus_walk_p90_m":null,"bus_known_weight":0.0,"metro_walk_mean_m":null,"metro_known_weight":0.0,"position_status":"fallback_unverified","classification":"zero_residential_proxy","residential_gap":false},"geometry":{"type":"Polygon","coordinates":[[[121.71097726273761,25.029649913066336],[121.71099026920234,25.031906824838316],[121.713467435925,25.03189495347928],[121.71345438415374,25.0296380429222],[121.71097726273761,25.029649913066336]]]}},{"type":"Feature","properties":{"cell_id":"65000:250:11077:1288","county_id":"65000","city":"NewTaipei","district":"平溪區","population_estimate":0.0,"population_known_estimate":0.0,"population_data_fraction":0.9999999999999999,"population_method":"residential_support","population_period":"2024-12","population_density_per_km2":0.0,"bus_walk_mean_m":1496.031618911425,"bus_walk_p90_m":1496.031618911425,"bus_known_weight":1.0,"metro_walk_mean_m":13434.019349376716,"metro_known_weight":1.0,"position_status":"fallback_unverified","classification":"zero_residential_proxy","residential_gap":false},"geometry":{"type":"Polygon","coordinates":[[[121.71345438415374,25.0296380429222],[121.713467435925,25.03189495347928],[121.71594460106911,25.031883040838487],[121.71593150399141,25.02962613150052],[121.71345438415374,25.0296380429222]]]}},{"type":"Feature","properties":{"cell_id":"65000:250:11077:1289","county_id":"65000","city":"NewTaipei","district":"平溪區","population_estimate":0.0,"population_known_estimate":0.0,"population_data_fraction":1.0,"population_method":"residential_support","population_period":"2024-12","population_density_per_km2":0.0,"bus_walk_mean_m":null,"bus_walk_p90_m":null,"bus_known_weight":0.0,"metro_walk_mean_m":null,"metro_known_weight":0.0,"position_status":"fallback_unverified","classification":"zero_residential_proxy","residential_gap":false},"geometry":{"type":"Polygon","coordinates":[[[121.71593150399141,25.02962613150052],[121.71594460106911,25.031883040838487],[121.71842176462924,25.031871086916016],[121.71840862224519,25.029614178801403],[121.71593150399141,25.02962613150052]]]}},{"type":"Feature","properties":{"cell_id":"65000:250:11077:1290","county_id":"65000","city":"NewTaipei","district":"平溪區","population_estimate":0.0,"population_known_estimate":0.0,"population_data_fraction":1.0,"population_method":"residential_support","population_period":"2024-12","population_density_per_km2":0.0,"bus_walk_mean_m":925.6308000461199,"bus_walk_p90_m":925.6308000461199,"bus_known_weight":1.0,"metro_walk_mean_m":15123.33446771111,"metro_known_weight":1.0,"position_status":"fallback_unverified","classification":"zero_residential_proxy","residential_gap":false},"geometry":{"type":"Polygon","coordinates":[[[121.71840862224519,25.029614178801403],[121.71842176462924,25.031871086916016],[121.72089892659983,25.03185909171198],[121.72088573890959,25.02960218482495],[121.71840862224519,25.029614178801403]]]}},{"type":"Feature","properties":{"cell_id":"65000:250:11077:1291","county_id":"65000","city":"NewTaipei","district":"平溪區","population_estimate":0.0,"population_known_estimate":0.0,"population_data_fraction":1.0,"population_method":"residential_support","population_period":"2024-12","population_density_per_km2":0.0,"bus_walk_mean_m":1254.8672521163467,"bus_walk_p90_m":1254.8672521163467,"bus_known_weight":1.0,"metro_walk_mean_m":15533.982619051689,"metro_known_weight":1.0,"position_status":"fallback_unverified","classification":"zero_residential_proxy","residential_gap":false},"geometry":{"type":"Polygon","coordinates":[[[121.72088573890959,25.02960218482495],[121.72089892659983,25.03185909171198],[121.72337608697542,25.031847055226496],[121.72336285397914,25.029590149571256],[121.72088573890959,25.02960218482495]]]}},{"type":"Feature","properties":{"cell_id":"65000:250:11077:1292","county_id":"65000","city":"NewTaipei","district":"平溪區","population_estimate":0.0,"population_known_estimate":0.0,"population_data_fraction":1.0,"population_method":"residential_support","population_period":"2024-12","population_density_per_km2":0.0,"bus_walk_mean_m":1451.1707039368396,"bus_walk_p90_m":1451.1707039368396,"bus_known_weight":1.0,"metro_walk_mean_m":15754.426537270087,"metro_known_weight":1.0,"position_status":"fallback_unverified","classification":"zero_residential_proxy","residential_gap":false},"geometry":{"type":"Polygon","coordinates":[[[121.72336285397914,25.029590149571256],[121.72337608697542,25.031847055226496],[121.72585324575057,25.03183497745965],[121.72583996744835,25.029578073040433],[121.72336285397914,25.029590149571256]]]}},{"type":"Feature","properties":{"cell_id":"65000:250:11077:1293","county_id":"65000","city":"NewTaipei","district":"平溪區","population_estimate":0.0,"population_known_estimate":0.0,"population_data_fraction":1.0,"population_method":"residential_support","population_period":"2024-12","population_density_per_km2":0.0,"bus_walk_mean_m":null,"bus_walk_p90_m":null,"bus_known_weight":0.0,"metro_walk_mean_m":null,"metro_known_weight":0.0,"position_status":"fallback_unverified","classification":"zero_residential_proxy","residential_gap":false},"geometry":{"type":"Polygon","coordinates":[[[121.72583996744835,25.029578073040433],[121.72585324575057,25.03183497745965],[121.7283304029198,25.03182285841156],[121.72831707931176,25.029565955232588],[121.72583996744835,25.029578073040433]]]}},{"type":"Feature","properties":{"cell_id":"65000:250:11077:1294","county_id":"65000","city":"NewTaipei","district":"平溪區","population_estimate":0.006096956522819667,"population_known_estimate":0.006096956522819667,"population_data_fraction":1.0,"population_method":"uniform_proxy","population_period":"2024-12","population_density_per_km2":0.09755130436511467,"bus_walk_mean_m":1357.7428250415276,"bus_walk_p90_m":1357.7428250415276,"bus_known_weight":1.0,"metro_walk_mean_m":16571.77012344413,"metro_known_weight":1.0,"position_status":"fallback_unverified","classification":"residential_coverage_candidate","residential_gap":true},"geometry":{"type":"Polygon","coordinates":[[[121.72831707931176,25.029565955232588],[121.7283304029198,25.03182285841156],[121.73080755847757,25.031810698082328],[121.73079418956385,25.029553796147823],[121.72831707931176,25.029565955232588]]]}},{"type":"Feature","properties":{"cell_id":"65000:250:11077:1295","county_id":"65000","city":"NewTaipei","district":"平溪區","population_estimate":0.009130333400996667,"population_known_estimate":0.009130333400996667,"population_data_fraction":0.9999999999999999,"population_method":"uniform_proxy","population_period":"2024-12","population_density_per_km2":0.14608533441594668,"bus_walk_mean_m":958.0666223826427,"bus_walk_p90_m":958.0666223826427,"bus_known_weight":1.0,"metro_walk_mean_m":16306.504630124824,"metro_known_weight":1.0,"position_status":"fallback_unverified","classification":"residential_coverage_candidate","residential_gap":true},"geometry":{"type":"Polygon","coordinates":[[[121.73079418956385,25.029553796147823],[121.73080755847757,25.031810698082328],[121.73328471241844,25.03179849647205],[121.73327129819918,25.029541595786245],[121.73079418956385,25.029553796147823]]]}},{"type":"Feature","properties":{"cell_id":"65000:250:11077:1296","county_id":"65000","city":"NewTaipei","district":"平溪區","population_estimate":0.0,"population_known_estimate":0.0,"population_data_fraction":1.0,"population_method":"residential_support","population_period":"2024-12","population_density_per_km2":0.0,"bus_walk_mean_m":698.3186928157762,"bus_walk_p90_m":698.3186928157762,"bus_known_weight":1.0,"metro_walk_mean_m":16495.187540618237,"metro_known_weight":1.0,"position_status":"fallback_unverified","classification":"zero_residential_proxy","residential_gap":false},"geometry":{"type":"Polygon","coordinates":[[[121.73327129819918,25.029541595786245],[121.73328471241844,25.03179849647205],[121.73576186473696,25.03178625358084],[121.73574840521228,25.02952935414796],[121.73327129819918,25.029541595786245]]]}},{"type":"Feature","properties":{"cell_id":"65000:250:11077:1297","county_id":"65000","city":"NewTaipei","district":"平溪區","population_estimate":2.6208378450456835,"population_known_estimate":2.6208378450456835,"population_data_fraction":1.0,"population_method":"uniform_proxy","population_period":"2024-12","population_density_per_km2":41.933405520730936,"bus_walk_mean_m":606.8809830154487,"bus_walk_p90_m":611.8803474760091,"bus_known_weight":0.9999999999999998,"metro_walk_mean_m":16734.2956087395,"metro_known_weight":0.9999999999999998,"position_status":"residential_area_proxy","classification":"barrier_detour_candidate","residential_gap":true},"geometry":{"type":"Polygon","coordinates":[[[121.73574840521228,25.02952935414796],[121.73576186473696,25.03178625358084],[121.7382390154276,25.031773969408803],[121.73822551059764,25.029517071233066],[121.73574840521228,25.02952935414796]]]}},{"type":"Feature","properties":{"cell_id":"65000:250:11077:1298","county_id":"65000","city":"NewTaipei","district":"平溪區","population_estimate":0.0,"population_known_estimate":0.0,"population_data_fraction":1.0,"population_method":"residential_support","population_period":"2024-12","population_density_per_km2":0.0,"bus_walk_mean_m":null,"bus_walk_p90_m":null,"bus_known_weight":0.0,"metro_walk_mean_m":null,"metro_known_weight":0.0,"position_status":"fallback_unverified","classification":"zero_residential_proxy","residential_gap":false},"geometry":{"type":"Polygon","coordinates":[[[121.73822551059764,25.029517071233066],[121.7382390154276,25.031773969408803],[121.7407161644849,25.031761643956052],[121.74070261434977,25.02950474704168],[121.73822551059764,25.029517071233066]]]}},{"type":"Feature","properties":{"cell_id":"65000:250:11077:1299","county_id":"65000","city":"NewTaipei","district":"平溪區","population_estimate":0.0,"population_known_estimate":0.0,"population_data_fraction":1.0,"population_method":"residential_support","population_period":"2024-12","population_density_per_km2":0.0,"bus_walk_mean_m":1039.1375442749375,"bus_walk_p90_m":1039.1375442749375,"bus_known_weight":1.0,"metro_walk_mean_m":17311.191016836998,"metro_known_weight":1.0,"position_status":"fallback_unverified","classification":"zero_residential_proxy","residential_gap":false},"geometry":{"type":"Polygon","coordinates":[[[121.74070261434977,25.02950474704168],[121.7407161644849,25.031761643956052],[121.7431933119034,25.031749277222684],[121.74317971646323,25.02949238157391],[121.74070261434977,25.02950474704168]]]}},{"type":"Feature","properties":{"cell_id":"65000:250:11077:1300","county_id":"65000","city":"NewTaipei","district":"平溪區","population_estimate":0.0,"population_known_estimate":0.0,"population_data_fraction":1.0,"population_method":"residential_support","population_period":"2024-12","population_density_per_km2":0.0,"bus_walk_mean_m":null,"bus_walk_p90_m":null,"bus_known_weight":0.0,"metro_walk_mean_m":null,"metro_known_weight":0.0,"position_status":"fallback_unverified","classification":"zero_residential_proxy","residential_gap":false},"geometry":{"type":"Polygon","coordinates":[[[121.74317971646323,25.02949238157391],[121.7431933119034,25.031749277222684],[121.74567045767758,25.031736869208807],[121.74565681693255,25.029479974829847],[121.74317971646323,25.02949238157391]]]}},{"type":"Feature","properties":{"cell_id":"65000:250:11077:1301","county_id":"65000","city":"NewTaipei","district":"平溪區","population_estimate":120.02684375061682,"population_known_estimate":120.02684375061682,"population_data_fraction":1.0,"population_method":"residential_support","population_period":"2024-12","population_density_per_km2":1920.4295000098691,"bus_walk_mean_m":143.2438899844348,"bus_walk_p90_m":166.4422261829999,"bus_known_weight":0.9999999999999999,"metro_walk_mean_m":17043.752286543728,"metro_known_weight":0.9999999999999999,"position_status":"residential_area_proxy","classification":"within_walk_threshold","residential_gap":false},"geometry":{"type":"Polygon","coordinates":[[[121.74565681693255,25.029479974829847],[121.74567045767758,25.031736869208807],[121.748147601802,25.031724419914536],[121.7481339157522,25.029467526809615],[121.74565681693255,25.029479974829847]]]}},{"type":"Feature","properties":{"cell_id":"65000:250:11077:1302","county_id":"65000","city":"NewTaipei","district":"平溪區","population_estimate":45.45399643922812,"population_known_estimate":45.45399643922812,"population_data_fraction":1.0,"population_method":"residential_support","population_period":"2024-12","population_density_per_km2":727.2639430276499,"bus_walk_mean_m":174.91456216319577,"bus_walk_p90_m":236.86831966108747,"bus_known_weight":0.9999999999999999,"metro_walk_mean_m":17093.389779455512,"metro_known_weight":0.9999999999999999,"position_status":"residential_area_proxy","classification":"within_walk_threshold","residential_gap":false},"geometry":{"type":"Polygon","coordinates":[[[121.7481339157522,25.029467526809615],[121.748147601802,25.031724419914536],[121.75062474427118,25.03171192933997],[121.75061101291675,25.02945503751332],[121.7481339157522,25.029467526809615]]]}},{"type":"Feature","properties":{"cell_id":"65000:250:11077:1303","county_id":"65000","city":"NewTaipei","district":"平溪區","population_estimate":0.0,"population_known_estimate":0.0,"population_data_fraction":1.0,"population_method":"residential_support","population_period":"2024-12","population_density_per_km2":0.0,"bus_walk_mean_m":750.4074331060305,"bus_walk_p90_m":750.4074331060305,"bus_known_weight":1.0,"metro_walk_mean_m":17477.506019650427,"metro_known_weight":1.0,"position_status":"fallback_unverified","classification":"zero_residential_proxy","residential_gap":false},"geometry":{"type":"Polygon","coordinates":[[[121.75061101291675,25.02945503751332],[121.75062474427118,25.03171192933997],[121.75310188507963,25.031699397485223],[121.75308810842068,25.029442506941063],[121.75061101291675,25.02945503751332]]]}},{"type":"Feature","properties":{"cell_id":"65000:250:11077:1304","county_id":"65000","city":"NewTaipei","district":"平溪區","population_estimate":0.0,"population_known_estimate":0.0,"population_data_fraction":1.0,"population_method":"residential_support","population_period":"2024-12","population_density_per_km2":0.0,"bus_walk_mean_m":585.2623389574195,"bus_walk_p90_m":585.2623389574195,"bus_known_weight":1.0,"metro_walk_mean_m":20255.82814821497,"metro_known_weight":1.0,"position_status":"fallback_unverified","classification":"zero_residential_proxy","residential_gap":false},"geometry":{"type":"Polygon","coordinates":[[[121.75308810842068,25.029442506941063],[121.75310188507963,25.031699397485223],[121.75557902422184,25.031686824350402],[121.75556520225855,25.029429935092956],[121.75308810842068,25.029442506941063]]]}},{"type":"Feature","properties":{"cell_id":"65000:250:11077:1305","county_id":"65000","city":"NewTaipei","district":"平溪區","population_estimate":22.488360415000752,"population_known_estimate":22.488360415000752,"population_data_fraction":1.0,"population_method":"uniform_proxy","population_period":"2024-12","population_density_per_km2":359.81376664001203,"bus_walk_mean_m":835.9944514898788,"bus_walk_p90_m":846.6709086310625,"bus_known_weight":0.9999999999999999,"metro_walk_mean_m":19360.325904370173,"metro_known_weight":0.9999999999999999,"position_status":"residential_area_proxy","classification":"barrier_detour_candidate","residential_gap":true},"geometry":{"type":"Polygon","coordinates":[[[121.75556520225855,25.029429935092956],[121.75557902422184,25.031686824350402],[121.75805616169238,25.031674209935616],[121.75804229442487,25.029417321969106],[121.75556520225855,25.029429935092956]]]}},{"type":"Feature","properties":{"cell_id":"65000:250:11077:1306","county_id":"65000","city":"NewTaipei","district":"平溪區","population_estimate":2.2226770534114544,"population_known_estimate":2.2226770534114544,"population_data_fraction":1.0,"population_method":"uniform_proxy","population_period":"2024-12","population_density_per_km2":35.56283285458327,"bus_walk_mean_m":824.3525821220528,"bus_walk_p90_m":824.3525821220528,"bus_known_weight":1.0,"metro_walk_mean_m":19348.68403500235,"metro_known_weight":1.0,"position_status":"residential_area_proxy","classification":"barrier_detour_candidate","residential_gap":true},"geometry":{"type":"Polygon","coordinates":[[[121.75804229442487,25.029417321969106],[121.75805616169238,25.031674209935616],[121.76053329748575,25.03166155424098],[121.76051938491413,25.02940466756963],[121.75804229442487,25.029417321969106]]]}},{"type":"Feature","properties":{"cell_id":"65000:250:11077:1307","county_id":"65000","city":"NewTaipei","district":"平溪區","population_estimate":1.3835289744673982,"population_known_estimate":1.3835289744673982,"population_data_fraction":0.9999999999999999,"population_method":"uniform_proxy","population_period":"2024-12","population_density_per_km2":22.13646359147837,"bus_walk_mean_m":296.86983788388494,"bus_walk_p90_m":296.86983788388494,"bus_known_weight":1.0,"metro_walk_mean_m":19828.807403441326,"metro_known_weight":1.0,"position_status":"fallback_unverified","classification":"within_walk_threshold","residential_gap":false},"geometry":{"type":"Polygon","coordinates":[[[121.76051938491413,25.02940466756963],[121.76053329748575,25.03166155424098],[121.76301043159647,25.031648857266585],[121.76299647372089,25.029391971894626],[121.76051938491413,25.02940466756963]]]}},{"type":"Feature","properties":{"cell_id":"65000:250:11077:1308","county_id":"65000","city":"NewTaipei","district":"平溪區","population_estimate":5.6222634592955,"population_known_estimate":5.6222634592955,"population_data_fraction":1.0,"population_method":"uniform_proxy","population_period":"2024-12","population_density_per_km2":89.956215348728,"bus_walk_mean_m":646.4060639696976,"bus_walk_p90_m":646.4060639696976,"bus_known_weight":1.0,"metro_walk_mean_m":20101.379216711888,"metro_known_weight":1.0,"position_status":"fallback_unverified","classification":"barrier_detour_candidate","residential_gap":true},"geometry":{"type":"Polygon","coordinates":[[[121.76299647372089,25.029391971894626],[121.76301043159647,25.031648857266585],[121.76548756401905,25.031636119012564],[121.76547356083967,25.029379234944216],[121.76299647372089,25.029391971894626]]]}},{"type":"Feature","properties":{"cell_id":"65000:250:11077:1309","county_id":"65000","city":"NewTaipei","district":"平溪區","population_estimate":5.76441933363566,"population_known_estimate":5.76441933363566,"population_data_fraction":1.0,"population_method":"uniform_proxy","population_period":"2024-12","population_density_per_km2":92.23070933817056,"bus_walk_mean_m":895.6444087098371,"bus_walk_p90_m":895.6444087098371,"bus_known_weight":1.0,"metro_walk_mean_m":20350.61756145203,"metro_known_weight":1.0,"position_status":"fallback_unverified","classification":"barrier_detour_candidate","residential_gap":true},"geometry":{"type":"Polygon","coordinates":[[[121.76547356083967,25.029379234944216],[121.76548756401905,25.031636119012564],[121.76796469474807,25.031623339479015],[121.76795064626496,25.029366456718506],[121.76547356083967,25.029379234944216]]]}},{"type":"Feature","properties":{"cell_id":"65000:250:11077:1310","county_id":"65000","city":"NewTaipei","district":"平溪區","population_estimate":5.76441933363566,"population_known_estimate":5.76441933363566,"population_data_fraction":1.0,"population_method":"uniform_proxy","population_period":"2024-12","population_density_per_km2":92.23070933817056,"bus_walk_mean_m":null,"bus_walk_p90_m":null,"bus_known_weight":0.0,"metro_walk_mean_m":null,"metro_known_weight":0.0,"position_status":"fallback_unverified","classification":"unresolved_walk_evidence","residential_gap":false},"geometry":{"type":"Polygon","coordinates":[[[121.76795064626496,25.029366456718506],[121.76796469474807,25.031623339479015],[121.77044182377799,25.031610518666056],[121.77042772999134,25.0293536372176],[121.76795064626496,25.029366456718506]]]}},{"type":"Feature","properties":{"cell_id":"65000:250:11077:1311","county_id":"65000","city":"NewTaipei","district":"平溪區","population_estimate":5.76441933363566,"population_known_estimate":5.76441933363566,"population_data_fraction":1.0,"population_method":"uniform_proxy","population_period":"2024-12","population_density_per_km2":92.23070933817056,"bus_walk_mean_m":null,"bus_walk_p90_m":null,"bus_known_weight":0.0,"metro_walk_mean_m":null,"metro_known_weight":0.0,"position_status":"fallback_unverified","classification":"unresolved_walk_evidence","residential_gap":false},"geometry":{"type":"Polygon","coordinates":[[[121.77042772999134,25.0293536372176],[121.77044182377799,25.031610518666056],[121.77291895110332,25.031597656573783],[121.77290481201325,25.029340776441614],[121.77042772999134,25.0293536372176]]]}},{"type":"Feature","properties":{"cell_id":"65000:250:11077:1312","county_id":"65000","city":"NewTaipei","district":"平溪區","population_estimate":4.222438591981212,"population_known_estimate":4.222438591981212,"population_data_fraction":1.0,"population_method":"uniform_proxy","population_period":"2024-12","population_density_per_km2":67.55901747169939,"bus_walk_mean_m":1034.1067990748506,"bus_walk_p90_m":1034.1067990748506,"bus_known_weight":1.0,"metro_walk_mean_m":21660.693014927318,"metro_known_weight":1.0,"position_status":"fallback_unverified","classification":"residential_coverage_candidate","residential_gap":true},"geometry":{"type":"Polygon","coordinates":[[[121.77290481201325,25.029340776441614],[121.77291895110332,25.031597656573783],[121.77539607671864,25.031584753202324],[121.77538189232529,25.029327874390674],[121.77290481201325,25.029340776441614]]]}},{"type":"Feature","properties":{"cell_id":"65000:250:11077:1313","county_id":"65000","city":"NewTaipei","district":"平溪區","population_estimate":2.8806958375922087,"population_known_estimate":2.8806958375922087,"population_data_fraction":1.0,"population_method":"uniform_proxy","population_period":"2024-12","population_density_per_km2":46.09113340147534,"bus_walk_mean_m":null,"bus_walk_p90_m":null,"bus_known_weight":0.0,"metro_walk_mean_m":null,"metro_known_weight":0.0,"position_status":"fallback_unverified","classification":"unresolved_walk_evidence","residential_gap":false},"geometry":{"type":"Polygon","coordinates":[[[121.77538189232529,25.029327874390674],[121.77539607671864,25.031584753202324],[121.77787320061842,25.03157180855179],[121.77785897092195,25.02931493106486],[121.77538189232529,25.029327874390674]]]}},{"type":"Feature","properties":{"cell_id":"65000:250:11077:1314","county_id":"65000","city":"NewTaipei","district":"平溪區","population_estimate":2.103318484237028,"population_known_estimate":2.103318484237028,"population_data_fraction":1.0,"population_method":"uniform_proxy","population_period":"2024-12","population_density_per_km2":33.65309574779245,"bus_walk_mean_m":494.49270777308544,"bus_walk_p90_m":494.49270777308544,"bus_known_weight":1.0,"metro_walk_mean_m":22428.124241219688,"metro_known_weight":1.0,"position_status":"fallback_unverified","classification":"within_walk_threshold","residential_gap":false},"geometry":{"type":"Polygon","coordinates":[[[121.77785897092195,25.02931493106486],[121.77787320061842,25.03157180855179],[121.78035032279723,25.031558822622284],[121.78033604779775,25.029301946464308],[121.77785897092195,25.02931493106486]]]}},{"type":"Feature","properties":{"cell_id":"65000:250:11077:1315","county_id":"65000","city":"NewTaipei","district":"平溪區","population_estimate":0.9096597002294321,"population_known_estimate":0.9096597002294321,"population_data_fraction":1.0,"population_method":"uniform_proxy","population_period":"2024-12","population_density_per_km2":14.554555203670914,"bus_walk_mean_m":null,"bus_walk_p90_m":null,"bus_known_weight":0.0,"metro_walk_mean_m":null,"metro_known_weight":0.0,"position_status":"fallback_unverified","classification":"unresolved_walk_evidence","residential_gap":false},"geometry":{"type":"Polygon","coordinates":[[[121.78033604779775,25.029301946464308],[121.78035032279723,25.031558822622284],[121.78282744324954,25.03154579541392],[121.7828131229472,25.029288920589124],[121.78033604779775,25.029301946464308]]]}},{"type":"Feature","properties":{"cell_id":"65000:250:11077:1316","county_id":"65000","city":"NewTaipei","district":"平溪區","population_estimate":0.9971687293506124,"population_known_estimate":0.9971687293506124,"population_data_fraction":1.0,"population_method":"uniform_proxy","population_period":"2024-12","population_density_per_km2":15.954699669609798,"bus_walk_mean_m":1144.1552837638565,"bus_walk_p90_m":1144.1552837638565,"bus_known_weight":1.0,"metro_walk_mean_m":23131.78645146152,"metro_known_weight":1.0,"position_status":"fallback_unverified","classification":"residential_coverage_candidate","residential_gap":true},"geometry":{"type":"Polygon","coordinates":[[[121.7828131229472,25.029288920589124],[121.78282744324954,25.03154579541392],[121.78530456196991,25.031532726926812],[121.78529019636484,25.02927585343943],[121.7828131229472,25.029288920589124]]]}},{"type":"Feature","properties":{"cell_id":"65000:250:11077:1317","county_id":"65000","city":"NewTaipei","district":"平溪區","population_estimate":1.061029430642803,"population_known_estimate":1.061029430642803,"population_data_fraction":1.0,"population_method":"uniform_proxy","population_period":"2024-12","population_density_per_km2":16.976470890284848,"bus_walk_mean_m":1426.6111114202472,"bus_walk_p90_m":1426.6111114202472,"bus_known_weight":1.0,"metro_walk_mean_m":23414.24227911791,"metro_known_weight":1.0,"position_status":"fallback_unverified","classification":"residential_coverage_candidate","residential_gap":true},"geometry":{"type":"Polygon","coordinates":[[[121.78529019636484,25.02927585343943],[121.78530456196991,25.031532726926812],[121.78778167895284,25.03151961716108],[121.7877672680452,25.029262745015323],[121.78529019636484,25.02927585343943]]]}},{"type":"Feature","properties":{"cell_id":"65000:250:11077:1318","county_id":"65000","city":"NewTaipei","district":"平溪區","population_estimate":1.061029430642803,"population_known_estimate":1.061029430642803,"population_data_fraction":1.0,"population_method":"uniform_proxy","population_period":"2024-12","population_density_per_km2":16.976470890284848,"bus_walk_mean_m":null,"bus_walk_p90_m":null,"bus_known_weight":0.0,"metro_walk_mean_m":null,"metro_known_weight":0.0,"position_status":"fallback_unverified","classification":"unresolved_walk_evidence","residential_gap":false},"geometry":{"type":"Polygon","coordinates":[[[121.7877672680452,25.029262745015323],[121.78778167895284,25.03151961716108],[121.79025879419288,25.031506466116827],[121.79024433798277,25.029249595316923],[121.7877672680452,25.029262745015323]]]}},{"type":"Feature","properties":{"cell_id":"65000:250:11077:1319","county_id":"65000","city":"NewTaipei","district":"平溪區","population_estimate":1.061029430642803,"population_known_estimate":1.061029430642803,"population_data_fraction":1.0,"population_method":"uniform_proxy","population_period":"2024-12","population_density_per_km2":16.976470890284848,"bus_walk_mean_m":1868.5318225729925,"bus_walk_p90_m":1868.5318225729925,"bus_known_weight":1.0,"metro_walk_mean_m":23936.276687069378,"metro_known_weight":1.0,"position_status":"fallback_unverified","classification":"residential_coverage_candidate","residential_gap":true},"geometry":{"type":"Polygon","coordinates":[[[121.79024433798277,25.029249595316923],[121.79025879419288,25.031506466116827],[121.79273590768452,25.03149327379418],[121.7927214061721,25.02923640434435],[121.79024433798277,25.029249595316923]]]}},{"type":"Feature","properties":{"cell_id":"65000:250:11077:1320","county_id":"65000","city":"NewTaipei","district":"平溪區","population_estimate":0.8979690906121592,"population_known_estimate":0.8979690906121592,"population_data_fraction":0.9999999999999997,"population_method":"uniform_proxy","population_period":"2024-12","population_density_per_km2":14.367505449794548,"bus_walk_mean_m":1792.469105971302,"bus_walk_p90_m":1792.469105971302,"bus_known_weight":1.0,"metro_walk_mean_m":23983.562406526475,"metro_known_weight":1.0,"position_status":"fallback_unverified","classification":"residential_coverage_candidate","residential_gap":true},"geometry":{"type":"Polygon","coordinates":[[[121.7927214061721,25.02923640434435],[121.79273590768452,25.03149327379418],[121.79521301942228,25.031480040193244],[121.79519847260771,25.029223172097716],[121.7927214061721,25.02923640434435]]]}},{"type":"Feature","properties":{"cell_id":"65000:250:11077:1321","county_id":"65000","city":"NewTaipei","district":"平溪區","population_estimate":0.8790047916800003,"population_known_estimate":0.8790047916800003,"population_data_fraction":1.0,"population_method":"uniform_proxy","population_period":"2024-12","population_density_per_km2":14.064076666880005,"bus_walk_mean_m":2086.3791277615637,"bus_walk_p90_m":2086.3791277615637,"bus_known_weight":1.0,"metro_walk_mean_m":24277.472428316734,"metro_known_weight":1.0,"position_status":"fallback_unverified","classification":"residential_coverage_candidate","residential_gap":true},"geometry":{"type":"Polygon","coordinates":[[[121.79519847260771,25.029223172097716],[121.79521301942228,25.031480040193244],[121.79769012940069,25.03146676531413],[121.7976755372841,25.029209898577122],[121.79519847260771,25.029223172097716]]]}},{"type":"Feature","properties":{"cell_id":"65000:250:11077:1322","county_id":"65000","city":"NewTaipei","district":"平溪區","population_estimate":0.8741148835394351,"population_known_estimate":0.8741148835394351,"population_data_fraction":1.0,"population_method":"uniform_proxy","population_period":"2024-12","population_density_per_km2":13.985838136630962,"bus_walk_mean_m":2627.6339111895672,"bus_walk_p90_m":2627.6339111895672,"bus_known_weight":1.0,"metro_walk_mean_m":25378.896350141986,"metro_known_weight":1.0,"position_status":"fallback_unverified","classification":"residential_coverage_candidate","residential_gap":true},"geometry":{"type":"Polygon","coordinates":[[[121.7976755372841,25.029209898577122],[121.79769012940069,25.03146676531413],[121.8001672376143,25.03145344915696],[121.8001526001958,25.029196583782703],[121.7976755372841,25.029209898577122]]]}},{"type":"Feature","properties":{"cell_id":"65000:250:11078:1285","county_id":"65000","city":"NewTaipei","district":"平溪區","population_estimate":0.0,"population_known_estimate":0.0,"population_data_fraction":0.9999999999999999,"population_method":"residential_support","population_period":"2024-12","population_density_per_km2":0.0,"bus_walk_mean_m":1722.473513726914,"bus_walk_p90_m":1722.473513726914,"bus_known_weight":1.0,"metro_walk_mean_m":12461.906241395243,"metro_known_weight":1.0,"position_status":"fallback_unverified","classification":"zero_residential_proxy","residential_gap":false},"geometry":{"type":"Polygon","coordinates":[[[121.70603593104325,25.031930443710667],[121.70604884845653,25.034187357208218],[121.70852606363218,25.034175567206535],[121.70851310090657,25.03191865491548],[121.70603593104325,25.031930443710667]]]}},{"type":"Feature","properties":{"cell_id":"65000:250:11078:1286","county_id":"65000","city":"NewTaipei","district":"平溪區","population_estimate":0.0,"population_known_estimate":0.0,"population_data_fraction":1.0,"population_method":"residential_support","population_period":"2024-12","population_density_per_km2":0.0,"bus_walk_mean_m":1430.888051693358,"bus_walk_p90_m":1430.888051693358,"bus_known_weight":1.0,"metro_walk_mean_m":12867.655132003452,"metro_known_weight":1.0,"position_status":"fallback_unverified","classification":"zero_residential_proxy","residential_gap":false},"geometry":{"type":"Polygon","coordinates":[[[121.70851310090657,25.03191865491548],[121.70852606363218,25.034175567206535],[121.71100327724008,25.034163735918657],[121.71099026920234,25.031906824838316],[121.70851310090657,25.03191865491548]]]}},{"type":"Feature","properties":{"cell_id":"65000:250:11078:1287","county_id":"65000","city":"NewTaipei","district":"平溪區","population_estimate":0.0,"population_known_estimate":0.0,"population_data_fraction":1.0,"population_method":"residential_support","population_period":"2024-12","population_density_per_km2":0.0,"bus_walk_mean_m":1174.3728173463967,"bus_walk_p90_m":1174.3728173463967,"bus_known_weight":1.0,"metro_walk_mean_m":13081.812997038409,"metro_known_weight":1.0,"position_status":"fallback_unverified","classification":"zero_residential_proxy","residential_gap":false},"geometry":{"type":"Polygon","coordinates":[[[121.71099026920234,25.031906824838316],[121.71100327724008,25.034163735918657],[121.71348048927481,25.034151863344682],[121.713467435925,25.03189495347928],[121.71099026920234,25.031906824838316]]]}},{"type":"Feature","properties":{"cell_id":"65000:250:11078:1288","county_id":"65000","city":"NewTaipei","district":"平溪區","population_estimate":0.0,"population_known_estimate":0.0,"population_data_fraction":1.0,"population_method":"residential_support","population_period":"2024-12","population_density_per_km2":0.0,"bus_walk_mean_m":null,"bus_walk_p90_m":null,"bus_known_weight":0.0,"metro_walk_mean_m":null,"metro_known_weight":0.0,"position_status":"fallback_unverified","classification":"zero_residential_proxy","residential_gap":false},"geometry":{"type":"Polygon","coordinates":[[[121.713467435925,25.03189495347928],[121.71348048927481,25.034151863344682],[121.71595769973086,25.034139949484707],[121.71594460106911,25.031883040838487],[121.713467435925,25.03189495347928]]]}},{"type":"Feature","properties":{"cell_id":"65000:250:11078:1289","county_id":"65000","city":"NewTaipei","district":"平溪區","population_estimate":0.0,"population_known_estimate":0.0,"population_data_fraction":1.0,"population_method":"residential_support","population_period":"2024-12","population_density_per_km2":0.0,"bus_walk_mean_m":1143.146717185319,"bus_walk_p90_m":1143.146717185319,"bus_known_weight":1.0,"metro_walk_mean_m":14672.110027684566,"metro_known_weight":1.0,"position_status":"fallback_unverified","classification":"zero_residential_proxy","residential_gap":false},"geometry":{"type":"Polygon","coordinates":[[[121.71594460106911,25.031883040838487],[121.71595769973086,25.034139949484707],[121.71843490860277,25.034127994338842],[121.71842176462924,25.031871086916016],[121.71594460106911,25.031883040838487]]]}},{"type":"Feature","properties":{"cell_id":"65000:250:11078:1290","county_id":"65000","city":"NewTaipei","district":"平溪區","population_estimate":0.0,"population_known_estimate":0.0,"population_data_fraction":1.0,"population_method":"residential_support","population_period":"2024-12","population_density_per_km2":0.0,"bus_walk_mean_m":1206.4535373895474,"bus_walk_p90_m":1206.4535373895474,"bus_known_weight":1.0,"metro_walk_mean_m":15095.39532398184,"metro_known_weight":1.0,"position_status":"fallback_unverified","classification":"zero_residential_proxy","residential_gap":false},"geometry":{"type":"Polygon","coordinates":[[[121.71842176462924,25.031871086916016],[121.71843490860277,25.034127994338842],[121.72091211588504,25.0341159979072],[121.72089892659983,25.03185909171198],[121.71842176462924,25.031871086916016]]]}},{"type":"Feature","properties":{"cell_id":"65000:250:11078:1291","county_id":"65000","city":"NewTaipei","district":"平溪區","population_estimate":0.0,"population_known_estimate":0.0,"population_data_fraction":1.0,"population_method":"residential_support","population_period":"2024-12","population_density_per_km2":0.0,"bus_walk_mean_m":null,"bus_walk_p90_m":null,"bus_known_weight":0.0,"metro_walk_mean_m":null,"metro_known_weight":0.0,"position_status":"fallback_unverified","classification":"zero_residential_proxy","residential_gap":false},"geometry":{"type":"Polygon","coordinates":[[[121.72089892659983,25.03185909171198],[121.72091211588504,25.0341159979072],[121.7233893215722,25.03410396018987],[121.72337608697542,25.031847055226496],[121.72089892659983,25.03185909171198]]]}},{"type":"Feature","properties":{"cell_id":"65000:250:11078:1292","county_id":"65000","city":"NewTaipei","district":"平溪區","population_estimate":0.0,"population_known_estimate":0.0,"population_data_fraction":1.0,"population_method":"residential_support","population_period":"2024-12","population_density_per_km2":0.0,"bus_walk_mean_m":1605.7629149306242,"bus_walk_p90_m":1605.7629149306242,"bus_known_weight":1.0,"metro_walk_mean_m":15436.453683523641,"metro_known_weight":1.0,"position_status":"fallback_unverified","classification":"zero_residential_proxy","residential_gap":false},"geometry":{"type":"Polygon","coordinates":[[[121.72337608697542,25.031847055226496],[121.7233893215722,25.03410396018987],[121.72586652565874,25.034091881186963],[121.72585324575057,25.03183497745965],[121.72337608697542,25.031847055226496]]]}},{"type":"Feature","properties":{"cell_id":"65000:250:11078:1293","county_id":"65000","city":"NewTaipei","district":"平溪區","population_estimate":0.25270890838429083,"population_known_estimate":0.25270890838429083,"population_data_fraction":1.0,"population_method":"uniform_proxy","population_period":"2024-12","population_density_per_km2":4.043342534148653,"bus_walk_mean_m":null,"bus_walk_p90_m":null,"bus_known_weight":0.0,"metro_walk_mean_m":null,"metro_known_weight":0.0,"position_status":"fallback_unverified","classification":"unresolved_walk_evidence","residential_gap":false},"geometry":{"type":"Polygon","coordinates":[[[121.72585324575057,25.03183497745965],[121.72586652565874,25.034091881186963],[121.72834372813924,25.034079760898578],[121.7283304029198,25.03182285841156],[121.72585324575057,25.03183497745965]]]}},{"type":"Feature","properties":{"cell_id":"65000:250:11078:1294","county_id":"65000","city":"NewTaipei","district":"平溪區","population_estimate":0.4777891497300336,"population_known_estimate":0.4777891497300336,"population_data_fraction":1.0,"population_method":"uniform_proxy","population_period":"2024-12","population_density_per_km2":7.644626395680538,"bus_walk_mean_m":null,"bus_walk_p90_m":null,"bus_known_weight":0.0,"metro_walk_mean_m":null,"metro_known_weight":0.0,"position_status":"fallback_unverified","classification":"unresolved_walk_evidence","residential_gap":false},"geometry":{"type":"Polygon","coordinates":[[[121.7283304029198,25.03182285841156],[121.72834372813924,25.034079760898578],[121.73082092900819,25.034067599324832],[121.73080755847757,25.031810698082328],[121.7283304029198,25.03182285841156]]]}},{"type":"Feature","properties":{"cell_id":"65000:250:11078:1295","county_id":"65000","city":"NewTaipei","district":"平溪區","population_estimate":0.21566018577202817,"population_known_estimate":0.21566018577202817,"population_data_fraction":1.0,"population_method":"uniform_proxy","population_period":"2024-12","population_density_per_km2":3.4505629723524507,"bus_walk_mean_m":1138.8200978579946,"bus_walk_p90_m":1138.8200978579946,"bus_known_weight":1.0,"metro_walk_mean_m":15983.91672033224,"metro_known_weight":1.0,"position_status":"fallback_unverified","classification":"residential_coverage_candidate","residential_gap":true},"geometry":{"type":"Polygon","coordinates":[[[121.73080755847757,25.031810698082328],[121.73082092900819,25.034067599324832],[121.73329812826009,25.034055396465817],[121.73328471241844,25.03179849647205],[121.73080755847757,25.031810698082328]]]}},{"type":"Feature","properties":{"cell_id":"65000:250:11078:1296","county_id":"65000","city":"NewTaipei","district":"平溪區","population_estimate":0.14947612384030326,"population_known_estimate":0.14947612384030326,"population_data_fraction":1.0,"population_method":"uniform_proxy","population_period":"2024-12","population_density_per_km2":2.391617981444852,"bus_walk_mean_m":1082.0521607153005,"bus_walk_p90_m":1082.0521607153005,"bus_known_weight":1.0,"metro_walk_mean_m":16257.177298864923,"metro_known_weight":1.0,"position_status":"fallback_unverified","classification":"residential_coverage_candidate","residential_gap":true},"geometry":{"type":"Polygon","coordinates":[[[121.73328471241844,25.03179849647205],[121.73329812826009,25.034055396465817],[121.73577532588948,25.034043152321637],[121.73576186473696,25.03178625358084],[121.73328471241844,25.03179849647205]]]}},{"type":"Feature","properties":{"cell_id":"65000:250:11078:1297","county_id":"65000","city":"NewTaipei","district":"平溪區","population_estimate":13.125913481832272,"population_known_estimate":13.125913481832272,"population_data_fraction":1.0,"population_method":"uniform_proxy","population_period":"2024-12","population_density_per_km2":210.01461570931636,"bus_walk_mean_m":1673.3202076551383,"bus_walk_p90_m":1681.2943035872624,"bus_known_weight":1.0,"metro_walk_mean_m":16755.058104304306,"metro_known_weight":1.0,"position_status":"residential_area_proxy","classification":"residential_coverage_candidate","residential_gap":true},"geometry":{"type":"Polygon","coordinates":[[[121.73576186473696,25.03178625358084],[121.73577532588948,25.034043152321637],[121.7382525218909,25.034030866892422],[121.7382390154276,25.031773969408803],[121.73576186473696,25.03178625358084]]]}},{"type":"Feature","properties":{"cell_id":"65000:250:11078:1298","county_id":"65000","city":"NewTaipei","district":"平溪區","population_estimate":19.417279311801753,"population_known_estimate":19.417279311801753,"population_data_fraction":0.9999999999999998,"population_method":"residential_support","population_period":"2024-12","population_density_per_km2":310.67646898882805,"bus_walk_mean_m":1780.0019963882637,"bus_walk_p90_m":1788.8781973070431,"bus_known_weight":0.9999999999999999,"metro_walk_mean_m":16790.81148848691,"metro_known_weight":0.9999999999999999,"position_status":"residential_area_proxy","classification":"residential_coverage_candidate","residential_gap":true},"geometry":{"type":"Polygon","coordinates":[[[121.7382390154276,25.031773969408803],[121.7382525218909,25.034030866892422],[121.74072971625884,25.03401854017825],[121.7407161644849,25.031761643956052],[121.7382390154276,25.031773969408803]]]}},{"type":"Feature","properties":{"cell_id":"65000:250:11078:1299","county_id":"65000","city":"NewTaipei","district":"平溪區","population_estimate":0.0,"population_known_estimate":0.0,"population_data_fraction":0.9999999999999999,"population_method":"residential_support","population_period":"2024-12","population_density_per_km2":0.0,"bus_walk_mean_m":1326.4556428940973,"bus_walk_p90_m":1326.4556428940973,"bus_known_weight":1.0,"metro_walk_mean_m":17104.62860490125,"metro_known_weight":1.0,"position_status":"fallback_unverified","classification":"zero_residential_proxy","residential_gap":false},"geometry":{"type":"Polygon","coordinates":[[[121.7407161644849,25.031761643956052],[121.74072971625884,25.03401854017825],[121.74320690898783,25.034006172179247],[121.7431933119034,25.031749277222684],[121.7407161644849,25.031761643956052]]]}},{"type":"Feature","properties":{"cell_id":"65000:250:11078:1300","county_id":"65000","city":"NewTaipei","district":"平溪區","population_estimate":3.661375383959422,"population_known_estimate":3.661375383959422,"population_data_fraction":0.9999999999999999,"population_method":"residential_support","population_period":"2024-12","population_density_per_km2":58.58200614335075,"bus_walk_mean_m":739.9119324390174,"bus_walk_p90_m":739.9119324390174,"bus_known_weight":1.0,"metro_walk_mean_m":16980.50920012517,"metro_known_weight":1.0,"position_status":"residential_area_proxy","classification":"residential_coverage_candidate","residential_gap":true},"geometry":{"type":"Polygon","coordinates":[[[121.7431933119034,25.031749277222684],[121.74320690898783,25.034006172179247],[121.74568410007241,25.033993762895502],[121.74567045767758,25.031736869208807],[121.7431933119034,25.031749277222684]]]}},{"type":"Feature","properties":{"cell_id":"65000:250:11078:1301","county_id":"65000","city":"NewTaipei","district":"平溪區","population_estimate":20.87647331652124,"population_known_estimate":20.87647331652124,"population_data_fraction":1.0,"population_method":"residential_support","population_period":"2024-12","population_density_per_km2":334.0235730643398,"bus_walk_mean_m":444.9602915635528,"bus_walk_p90_m":492.4823053450591,"bus_known_weight":1.0,"metro_walk_mean_m":16783.16330913222,"metro_known_weight":1.0,"position_status":"residential_area_proxy","classification":"within_walk_threshold","residential_gap":false},"geometry":{"type":"Polygon","coordinates":[[[121.74567045767758,25.031736869208807],[121.74568410007241,25.033993762895502],[121.74816128950705,25.033981312327146],[121.748147601802,25.031724419914536],[121.74567045767758,25.031736869208807]]]}},{"type":"Feature","properties":{"cell_id":"65000:250:11078:1302","county_id":"65000","city":"NewTaipei","district":"平溪區","population_estimate":1.0165634945420037,"population_known_estimate":1.0165634945420037,"population_data_fraction":1.0,"population_method":"residential_support","population_period":"2024-12","population_density_per_km2":16.26501591267206,"bus_walk_mean_m":295.1890887288947,"bus_walk_p90_m":295.1890887288947,"bus_known_weight":1.0,"metro_walk_mean_m":16926.68924301356,"metro_known_weight":1.0,"position_status":"residential_area_proxy","classification":"within_walk_threshold","residential_gap":false},"geometry":{"type":"Polygon","coordinates":[[[121.748147601802,25.031724419914536],[121.74816128950705,25.033981312327146],[121.75063847728634,25.03396882047427],[121.75062474427118,25.03171192933997],[121.748147601802,25.031724419914536]]]}},{"type":"Feature","properties":{"cell_id":"65000:250:11078:1303","county_id":"65000","city":"NewTaipei","district":"平溪區","population_estimate":0.0,"population_known_estimate":0.0,"population_data_fraction":1.0,"population_method":"residential_support","population_period":"2024-12","population_density_per_km2":0.0,"bus_walk_mean_m":779.7047482919526,"bus_walk_p90_m":779.7047482919526,"bus_known_weight":1.0,"metro_walk_mean_m":17506.803334836353,"metro_known_weight":1.0,"position_status":"fallback_unverified","classification":"zero_residential_proxy","residential_gap":false},"geometry":{"type":"Polygon","coordinates":[[[121.75062474427118,25.03171192933997],[121.75063847728634,25.03396882047427],[121.75311566340476,25.033956287336988],[121.75310188507963,25.031699397485223],[121.75062474427118,25.03171192933997]]]}},{"type":"Feature","properties":{"cell_id":"65000:250:11078:1304","county_id":"65000","city":"NewTaipei","district":"平溪區","population_estimate":0.0,"population_known_estimate":0.0,"population_data_fraction":1.0,"population_method":"residential_support","population_period":"2024-12","population_density_per_km2":0.0,"bus_walk_mean_m":1501.751629431352,"bus_walk_p90_m":1501.751629431352,"bus_known_weight":1.0,"metro_walk_mean_m":17885.280554723242,"metro_known_weight":1.0,"position_status":"fallback_unverified","classification":"zero_residential_proxy","residential_gap":false},"geometry":{"type":"Polygon","coordinates":[[[121.75310188507963,25.031699397485223],[121.75311566340476,25.033956287336988],[121.75559284785683,25.03394371291541],[121.75557902422184,25.031686824350402],[121.75310188507963,25.031699397485223]]]}},{"type":"Feature","properties":{"cell_id":"65000:250:11078:1305","county_id":"65000","city":"NewTaipei","district":"平溪區","population_estimate":7.939167312464585,"population_known_estimate":7.939167312464585,"population_data_fraction":1.0,"population_method":"residential_support","population_period":"2024-12","population_density_per_km2":127.02667699943336,"bus_walk_mean_m":820.4682115663741,"bus_walk_p90_m":821.7221078525743,"bus_known_weight":1.0,"metro_walk_mean_m":19344.79966444667,"metro_known_weight":1.0,"position_status":"residential_area_proxy","classification":"barrier_detour_candidate","residential_gap":true},"geometry":{"type":"Polygon","coordinates":[[[121.75557902422184,25.031686824350402],[121.75559284785683,25.03394371291541],[121.75807003063707,25.033931097209642],[121.75805616169238,25.031674209935616],[121.75557902422184,25.031686824350402]]]}},{"type":"Feature","properties":{"cell_id":"65000:250:11078:1306","county_id":"65000","city":"NewTaipei","district":"平溪區","population_estimate":27.09635032845389,"population_known_estimate":27.09635032845389,"population_data_fraction":1.0,"population_method":"uniform_proxy","population_period":"2024-12","population_density_per_km2":433.54160525526225,"bus_walk_mean_m":731.5541868860246,"bus_walk_p90_m":810.8897604702157,"bus_known_weight":1.0,"metro_walk_mean_m":19255.885639766322,"metro_known_weight":1.0,"position_status":"residential_area_proxy","classification":"barrier_detour_candidate","residential_gap":true},"geometry":{"type":"Polygon","coordinates":[[[121.75805616169238,25.031674209935616],[121.75807003063707,25.033931097209642],[121.76054721174002,25.033918440219786],[121.76053329748575,25.03166155424098],[121.75805616169238,25.031674209935616]]]}},{"type":"Feature","properties":{"cell_id":"65000:250:11078:1307","county_id":"65000","city":"NewTaipei","district":"平溪區","population_estimate":0.2861451083349644,"population_known_estimate":0.2861451083349644,"population_data_fraction":1.0,"population_method":"uniform_proxy","population_period":"2024-12","population_density_per_km2":4.578321733359431,"bus_walk_mean_m":136.9088692727671,"bus_walk_p90_m":136.9088692727671,"bus_known_weight":1.0,"metro_walk_mean_m":19384.641719788586,"metro_known_weight":1.0,"position_status":"fallback_unverified","classification":"within_walk_threshold","residential_gap":false},"geometry":{"type":"Polygon","coordinates":[[[121.76053329748575,25.03166155424098],[121.76054721174002,25.033918440219786],[121.76302439116017,25.033905741945965],[121.76301043159647,25.031648857266585],[121.76053329748575,25.03166155424098]]]}},{"type":"Feature","properties":{"cell_id":"65000:250:11078:1308","county_id":"65000","city":"NewTaipei","district":"平溪區","population_estimate":55.70575385778768,"population_known_estimate":55.70575385778768,"population_data_fraction":1.0,"population_method":"uniform_proxy","population_period":"2024-12","population_density_per_km2":891.2920617246028,"bus_walk_mean_m":215.48248143146114,"bus_walk_p90_m":215.48248143146114,"bus_known_weight":1.0,"metro_walk_mean_m":19324.059056476453,"metro_known_weight":1.0,"position_status":"residential_area_proxy","classification":"within_walk_threshold","residential_gap":false},"geometry":{"type":"Polygon","coordinates":[[[121.76301043159647,25.031648857266585],[121.76302439116017,25.033905741945965],[121.76550156889208,25.033893002388286],[121.76548756401905,25.031636119012564],[121.76301043159647,25.031648857266585]]]}},{"type":"Feature","properties":{"cell_id":"65000:250:11078:1309","county_id":"65000","city":"NewTaipei","district":"平溪區","population_estimate":3.2337505069875467,"population_known_estimate":3.2337505069875467,"population_data_fraction":1.0,"population_method":"uniform_proxy","population_period":"2024-12","population_density_per_km2":51.74000811180075,"bus_walk_mean_m":170.98906380446857,"bus_walk_p90_m":170.98906380446857,"bus_known_weight":1.0,"metro_walk_mean_m":19593.6722944491,"metro_known_weight":1.0,"position_status":"fallback_unverified","classification":"within_walk_threshold","residential_gap":false},"geometry":{"type":"Polygon","coordinates":[[[121.76548756401905,25.031636119012564],[121.76550156889208,25.033893002388286],[121.76797874493023,25.033880221546855],[121.76796469474807,25.031623339479015],[121.76548756401905,25.031636119012564]]]}},{"type":"Feature","properties":{"cell_id":"65000:250:11078:1310","county_id":"65000","city":"NewTaipei","district":"平溪區","population_estimate":5.65799722551638,"population_known_estimate":5.65799722551638,"population_data_fraction":1.0,"population_method":"uniform_proxy","population_period":"2024-12","population_density_per_km2":90.52795560826208,"bus_walk_mean_m":null,"bus_walk_p90_m":null,"bus_known_weight":0.0,"metro_walk_mean_m":null,"metro_known_weight":0.0,"position_status":"fallback_unverified","classification":"unresolved_walk_evidence","residential_gap":false},"geometry":{"type":"Polygon","coordinates":[[[121.76796469474807,25.031623339479015],[121.76797874493023,25.033880221546855],[121.77045591926918,25.033867399421787],[121.77044182377799,25.031610518666056],[121.76796469474807,25.031623339479015]]]}},{"type":"Feature","properties":{"cell_id":"65000:250:11078:1311","county_id":"65000","city":"NewTaipei","district":"平溪區","population_estimate":5.76441933363566,"population_known_estimate":5.76441933363566,"population_data_fraction":1.0,"population_method":"uniform_proxy","population_period":"2024-12","population_density_per_km2":92.23070933817056,"bus_walk_mean_m":null,"bus_walk_p90_m":null,"bus_known_weight":0.0,"metro_walk_mean_m":null,"metro_known_weight":0.0,"position_status":"fallback_unverified","classification":"unresolved_walk_evidence","residential_gap":false},"geometry":{"type":"Polygon","coordinates":[[[121.77044182377799,25.031610518666056],[121.77045591926918,25.033867399421787],[121.77293309190343,25.033854536013187],[121.77291895110332,25.031597656573783],[121.77044182377799,25.031610518666056]]]}},{"type":"Feature","properties":{"cell_id":"65000:250:11078:1312","county_id":"65000","city":"NewTaipei","district":"平溪區","population_estimate":5.743611475698718,"population_known_estimate":5.743611475698718,"population_data_fraction":0.9999999999999999,"population_method":"uniform_proxy","population_period":"2024-12","population_density_per_km2":91.89778361117949,"bus_walk_mean_m":713.0929224271897,"bus_walk_p90_m":713.0929224271897,"bus_known_weight":1.0,"metro_walk_mean_m":21339.679138279662,"metro_known_weight":1.0,"position_status":"fallback_unverified","classification":"barrier_detour_candidate","residential_gap":true},"geometry":{"type":"Polygon","coordinates":[[[121.77291895110332,25.031597656573783],[121.77293309190343,25.033854536013187],[121.7754102628275,25.033841631321174],[121.77539607671864,25.031584753202324],[121.77291895110332,25.031597656573783]]]}},{"type":"Feature","properties":{"cell_id":"65000:250:11078:1313","county_id":"65000","city":"NewTaipei","district":"平溪區","population_estimate":3.949444235799575,"population_known_estimate":3.949444235799575,"population_data_fraction":1.0,"population_method":"uniform_proxy","population_period":"2024-12","population_density_per_km2":63.1911077727932,"bus_walk_mean_m":751.1556770453848,"bus_walk_p90_m":751.1556770453848,"bus_known_weight":1.0,"metro_walk_mean_m":21377.74189289786,"metro_known_weight":1.0,"position_status":"fallback_unverified","classification":"residential_coverage_candidate","residential_gap":true},"geometry":{"type":"Polygon","coordinates":[[[121.77539607671864,25.031584753202324],[121.7754102628275,25.033841631321174],[121.77788743203591,25.033828685345856],[121.77787320061842,25.03157180855179],[121.77539607671864,25.031584753202324]]]}},{"type":"Feature","properties":{"cell_id":"65000:250:11078:1314","county_id":"65000","city":"NewTaipei","district":"平溪區","population_estimate":1.7479770714754104,"population_known_estimate":1.7479770714754104,"population_data_fraction":1.0,"population_method":"uniform_proxy","population_period":"2024-12","population_density_per_km2":27.967633143606566,"bus_walk_mean_m":781.0656766769954,"bus_walk_p90_m":781.0656766769954,"bus_known_weight":1.0,"metro_walk_mean_m":22153.568911824295,"metro_known_weight":1.0,"position_status":"fallback_unverified","classification":"residential_coverage_candidate","residential_gap":true},"geometry":{"type":"Polygon","coordinates":[[[121.77787320061842,25.03157180855179],[121.77788743203591,25.033828685345856],[121.78036459952318,25.033815698087345],[121.78035032279723,25.031558822622284],[121.77787320061842,25.03157180855179]]]}},{"type":"Feature","properties":{"cell_id":"65000:250:11078:1315","county_id":"65000","city":"NewTaipei","district":"平溪區","population_estimate":0.5313208999267678,"population_known_estimate":0.5313208999267678,"population_data_fraction":1.0,"population_method":"uniform_proxy","population_period":"2024-12","population_density_per_km2":8.501134398828285,"bus_walk_mean_m":null,"bus_walk_p90_m":null,"bus_known_weight":0.0,"metro_walk_mean_m":null,"metro_known_weight":0.0,"position_status":"fallback_unverified","classification":"unresolved_walk_evidence","residential_gap":false},"geometry":{"type":"Polygon","coordinates":[[[121.78035032279723,25.031558822622284],[121.78036459952318,25.033815698087345],[121.78284176528385,25.033802669545757],[121.78282744324954,25.03154579541392],[121.78035032279723,25.031558822622284]]]}},{"type":"Feature","properties":{"cell_id":"65000:250:11078:1316","county_id":"65000","city":"NewTaipei","district":"平溪區","population_estimate":0.21208078477429254,"population_known_estimate":0.21208078477429254,"population_data_fraction":1.0,"population_method":"uniform_proxy","population_period":"2024-12","population_density_per_km2":3.3932925563886807,"bus_walk_mean_m":null,"bus_walk_p90_m":null,"bus_known_weight":0.0,"metro_walk_mean_m":null,"metro_known_weight":0.0,"position_status":"fallback_unverified","classification":"unresolved_walk_evidence","residential_gap":false},"geometry":{"type":"Polygon","coordinates":[[[121.78282744324954,25.03154579541392],[121.78284176528385,25.033802669545757],[121.78531892931242,25.033789599721196],[121.78530456196991,25.031532726926812],[121.78282744324954,25.03154579541392]]]}},{"type":"Feature","properties":{"cell_id":"65000:250:11078:1317","county_id":"65000","city":"NewTaipei","district":"平溪區","population_estimate":0.4271755914332598,"population_known_estimate":0.4271755914332598,"population_data_fraction":1.0,"population_method":"uniform_proxy","population_period":"2024-12","population_density_per_km2":6.8348094629321565,"bus_walk_mean_m":1595.8405317871136,"bus_walk_p90_m":1595.8405317871136,"bus_known_weight":1.0,"metro_walk_mean_m":23583.471699484777,"metro_known_weight":1.0,"position_status":"fallback_unverified","classification":"residential_coverage_candidate","residential_gap":true},"geometry":{"type":"Polygon","coordinates":[[[121.78530456196991,25.031532726926812],[121.78531892931242,25.033789599721196],[121.78779609160343,25.033776488613782],[121.78778167895284,25.03151961716108],[121.78530456196991,25.031532726926812]]]}},{"type":"Feature","properties":{"cell_id":"65000:250:11078:1318","county_id":"65000","city":"NewTaipei","district":"平溪區","population_estimate":0.9633099630924951,"population_known_estimate":0.9633099630924951,"population_data_fraction":1.0,"population_method":"uniform_proxy","population_period":"2024-12","population_density_per_km2":15.412959409479921,"bus_walk_mean_m":null,"bus_walk_p90_m":null,"bus_known_weight":0.0,"metro_walk_mean_m":null,"metro_known_weight":0.0,"position_status":"fallback_unverified","classification":"unresolved_walk_evidence","residential_gap":false},"geometry":{"type":"Polygon","coordinates":[[[121.78778167895284,25.03151961716108],[121.78779609160343,25.033776488613782],[121.79027325215137,25.033763336223636],[121.79025879419288,25.031506466116827],[121.78778167895284,25.03151961716108]]]}},{"type":"Feature","properties":{"cell_id":"65000:250:11078:1319","county_id":"65000","city":"NewTaipei","district":"平溪區","population_estimate":1.061029430642803,"population_known_estimate":1.061029430642803,"population_data_fraction":1.0,"population_method":"uniform_proxy","population_period":"2024-12","population_density_per_km2":16.976470890284848,"bus_walk_mean_m":2188.5008144880408,"bus_walk_p90_m":2188.5008144880408,"bus_known_weight":1.0,"metro_walk_mean_m":23743.91515348376,"metro_known_weight":1.0,"position_status":"fallback_unverified","classification":"residential_coverage_candidate","residential_gap":true},"geometry":{"type":"Polygon","coordinates":[[[121.79025879419288,25.031506466116827],[121.79027325215137,25.033763336223636],[121.79275041095082,25.033750142550858],[121.79273590768452,25.03149327379418],[121.79025879419288,25.031506466116827]]]}},{"type":"Feature","properties":{"cell_id":"65000:250:11078:1320","county_id":"65000","city":"NewTaipei","district":"平溪區","population_estimate":1.061029430642803,"population_known_estimate":1.061029430642803,"population_data_fraction":1.0,"population_method":"uniform_proxy","population_period":"2024-12","population_density_per_km2":16.976470890284848,"bus_walk_mean_m":null,"bus_walk_p90_m":null,"bus_known_weight":0.0,"metro_walk_mean_m":null,"metro_known_weight":0.0,"position_status":"fallback_unverified","classification":"unresolved_walk_evidence","residential_gap":false},"geometry":{"type":"Polygon","coordinates":[[[121.79273590768452,25.03149327379418],[121.79275041095082,25.033750142550858],[121.79522756799622,25.033736907595575],[121.79521301942228,25.031480040193244],[121.79273590768452,25.03149327379418]]]}},{"type":"Feature","properties":{"cell_id":"65000:250:11078:1321","county_id":"65000","city":"NewTaipei","district":"平溪區","population_estimate":0.7566183388307598,"population_known_estimate":0.7566183388307598,"population_data_fraction":1.0,"population_method":"uniform_proxy","population_period":"2024-12","population_density_per_km2":12.105893421292157,"bus_walk_mean_m":2356.3522637648684,"bus_walk_p90_m":2356.3522637648684,"bus_known_weight":1.0,"metro_walk_mean_m":24547.44556432004,"metro_known_weight":1.0,"position_status":"fallback_unverified","classification":"residential_coverage_candidate","residential_gap":true},"geometry":{"type":"Polygon","coordinates":[[[121.79521301942228,25.031480040193244],[121.79522756799622,25.033736907595575],[121.79770472328214,25.03372363135789],[121.79769012940069,25.03146676531413],[121.79521301942228,25.031480040193244]]]}},{"type":"Feature","properties":{"cell_id":"65000:250:11078:1322","county_id":"65000","city":"NewTaipei","district":"平溪區","population_estimate":0.43413394899506635,"population_known_estimate":0.43413394899506635,"population_data_fraction":1.0,"population_method":"uniform_proxy","population_period":"2024-12","population_density_per_km2":6.946143183921062,"bus_walk_mean_m":2449.790771506453,"bus_walk_p90_m":2449.790771506453,"bus_known_weight":1.0,"metro_walk_mean_m":24640.884072061624,"metro_known_weight":1.0,"position_status":"fallback_unverified","classification":"residential_coverage_candidate","residential_gap":true},"geometry":{"type":"Polygon","coordinates":[[[121.79769012940069,25.03146676531413],[121.79770472328214,25.03372363135789],[121.80018187680311,25.033710313837922],[121.8001672376143,25.03145344915696],[121.79769012940069,25.03146676531413]]]}},{"type":"Feature","properties":{"cell_id":"65000:250:11078:1323","county_id":"65000","city":"NewTaipei","district":"平溪區","population_estimate":0.7702716082914896,"population_known_estimate":0.7702716082914896,"population_data_fraction":0.9999999999999999,"population_method":"uniform_proxy","population_period":"2024-12","population_density_per_km2":12.324345732663833,"bus_walk_mean_m":2653.4386057702964,"bus_walk_p90_m":2653.4386057702964,"bus_known_weight":1.0,"metro_walk_mean_m":24844.531906325472,"metro_known_weight":1.0,"position_status":"fallback_unverified","classification":"residential_coverage_candidate","residential_gap":true},"geometry":{"type":"Polygon","coordinates":[[[121.8001672376143,25.03145344915696],[121.80018187680311,25.033710313837922],[121.80265902855363,25.033696955035786],[121.8026443440576,25.031440091721848],[121.8001672376143,25.03145344915696]]]}},{"type":"Feature","properties":{"cell_id":"65000:250:11078:1324","county_id":"65000","city":"NewTaipei","district":"平溪區","population_estimate":1.0163192662943088,"population_known_estimate":1.0163192662943088,"population_data_fraction":1.0,"population_method":"uniform_proxy","population_period":"2024-12","population_density_per_km2":16.26110826070894,"bus_walk_mean_m":null,"bus_walk_p90_m":null,"bus_known_weight":0.0,"metro_walk_mean_m":null,"metro_known_weight":0.0,"position_status":"fallback_unverified","classification":"unresolved_walk_evidence","residential_gap":false},"geometry":{"type":"Polygon","coordinates":[[[121.8026443440576,25.031440091721848],[121.80265902855363,25.033696955035786],[121.8051361785282,25.033683554951608],[121.80512144872512,25.03142669300891],[121.8026443440576,25.031440091721848]]]}},{"type":"Feature","properties":{"cell_id":"65000:250:11078:1325","county_id":"65000","city":"NewTaipei","district":"平溪區","population_estimate":0.819083635251166,"population_known_estimate":0.819083635251166,"population_data_fraction":1.0,"population_method":"uniform_proxy","population_period":"2024-12","population_density_per_km2":13.105338164018656,"bus_walk_mean_m":2369.7621060632564,"bus_walk_p90_m":2369.7621060632564,"bus_known_weight":1.0,"metro_walk_mean_m":26438.39075214085,"metro_known_weight":1.0,"position_status":"fallback_unverified","classification":"residential_coverage_candidate","residential_gap":true},"geometry":{"type":"Polygon","coordinates":[[[121.80512144872512,25.03142669300891],[121.8051361785282,25.033683554951608],[121.80761332672142,25.033670113585487],[121.80759855161138,25.03141325301827],[121.80512144872512,25.03142669300891]]]}},{"type":"Feature","properties":{"cell_id":"65000:250:11079:1288","county_id":"65000","city":"NewTaipei","district":"平溪區","population_estimate":0.0072855801009903175,"population_known_estimate":0.0072855801009903175,"population_data_fraction":0.9999999999999996,"population_method":"uniform_proxy","population_period":"2024-12","population_density_per_km2":0.11656928161584508,"bus_walk_mean_m":819.816437107315,"bus_walk_p90_m":819.816437107315,"bus_known_weight":1.0,"metro_walk_mean_m":13360.15152011904,"metro_known_weight":1.0,"position_status":"fallback_unverified","classification":"residential_coverage_candidate","residential_gap":true},"geometry":{"type":"Polygon","coordinates":[[[121.71348048927481,25.034151863344682],[121.71349354420332,25.036408772518346],[121.71597079997676,25.036396857439165],[121.71595769973086,25.034139949484707],[121.71348048927481,25.034151863344682]]]}},{"type":"Feature","properties":{"cell_id":"65000:250:11079:1289","county_id":"65000","city":"NewTaipei","district":"平溪區","population_estimate":0.1823489138933328,"population_known_estimate":0.1823489138933328,"population_data_fraction":1.0,"population_method":"uniform_proxy","population_period":"2024-12","population_density_per_km2":2.9175826222933248,"bus_walk_mean_m":859.295400452807,"bus_walk_p90_m":859.295400452807,"bus_known_weight":1.0,"metro_walk_mean_m":14388.258710952055,"metro_known_weight":1.0,"position_status":"fallback_unverified","classification":"residential_coverage_candidate","residential_gap":true},"geometry":{"type":"Polygon","coordinates":[[[121.71595769973086,25.034139949484707],[121.71597079997676,25.036396857439165],[121.71844805416595,25.03638490106987],[121.71843490860277,25.034127994338842],[121.71595769973086,25.034139949484707]]]}},{"type":"Feature","properties":{"cell_id":"65000:250:11079:1290","county_id":"65000","city":"NewTaipei","district":"平溪區","population_estimate":0.3794659535629625,"population_known_estimate":0.3794659535629625,"population_data_fraction":1.0,"population_method":"uniform_proxy","population_period":"2024-12","population_density_per_km2":6.0714552570074,"bus_walk_mean_m":1085.2751494603115,"bus_walk_p90_m":1085.2751494603115,"bus_known_weight":1.0,"metro_walk_mean_m":14614.238459959559,"metro_known_weight":1.0,"position_status":"fallback_unverified","classification":"residential_coverage_candidate","residential_gap":true},"geometry":{"type":"Polygon","coordinates":[[[121.71843490860277,25.034127994338842],[121.71844805416595,25.03638490106987],[121.72092530676537,25.03637290341056],[121.72091211588504,25.0341159979072],[121.71843490860277,25.034127994338842]]]}},{"type":"Feature","properties":{"cell_id":"65000:250:11079:1291","county_id":"65000","city":"NewTaipei","district":"平溪區","population_estimate":0.387952894104758,"population_known_estimate":0.387952894104758,"population_data_fraction":1.0,"population_method":"uniform_proxy","population_period":"2024-12","population_density_per_km2":6.207246305676128,"bus_walk_mean_m":1413.4547148429367,"bus_walk_p90_m":1413.4547148429367,"bus_known_weight":1.0,"metro_walk_mean_m":14942.418025342184,"metro_known_weight":1.0,"position_status":"fallback_unverified","classification":"residential_coverage_candidate","residential_gap":true},"geometry":{"type":"Polygon","coordinates":[[[121.72091211588504,25.0341159979072],[121.72092530676537,25.03637290341056],[121.72340255776953,25.036360864461344],[121.7233893215722,25.03410396018987],[121.72091211588504,25.0341159979072]]]}},{"type":"Feature","properties":{"cell_id":"65000:250:11079:1292","county_id":"65000","city":"NewTaipei","district":"平溪區","population_estimate":0.35039358397324055,"population_known_estimate":0.35039358397324055,"population_data_fraction":1.0,"population_method":"uniform_proxy","population_period":"2024-12","population_density_per_km2":5.606297343571849,"bus_walk_mean_m":1681.4637813269553,"bus_walk_p90_m":1681.4637813269553,"bus_known_weight":1.0,"metro_walk_mean_m":15210.427091826203,"metro_known_weight":1.0,"position_status":"fallback_unverified","classification":"residential_coverage_candidate","residential_gap":true},"geometry":{"type":"Polygon","coordinates":[[[121.7233893215722,25.03410396018987],[121.72340255776953,25.036360864461344],[121.725879807173,25.036348784222326],[121.72586652565874,25.034091881186963],[121.7233893215722,25.03410396018987]]]}},{"type":"Feature","properties":{"cell_id":"65000:250:11079:1293","county_id":"65000","city":"NewTaipei","district":"平溪區","population_estimate":0.4767510333102238,"population_known_estimate":0.4767510333102238,"population_data_fraction":1.0,"population_method":"uniform_proxy","population_period":"2024-12","population_density_per_km2":7.6280165329635805,"bus_walk_mean_m":null,"bus_walk_p90_m":null,"bus_known_weight":0.0,"metro_walk_mean_m":null,"metro_known_weight":0.0,"position_status":"fallback_unverified","classification":"unresolved_walk_evidence","residential_gap":false},"geometry":{"type":"Polygon","coordinates":[[[121.72586652565874,25.034091881186963],[121.725879807173,25.036348784222326],[121.72835705497025,25.036336662693607],[121.72834372813924,25.034079760898578],[121.72586652565874,25.034091881186963]]]}},{"type":"Feature","properties":{"cell_id":"65000:250:11079:1294","county_id":"65000","city":"NewTaipei","district":"平溪區","population_estimate":0.46159870347718385,"population_known_estimate":0.46159870347718385,"population_data_fraction":0.9999999999999999,"population_method":"uniform_proxy","population_period":"2024-12","population_density_per_km2":7.3855792556349416,"bus_walk_mean_m":1518.7722643535276,"bus_walk_p90_m":1518.7722643535276,"bus_known_weight":1.0,"metro_walk_mean_m":15631.129477287326,"metro_known_weight":1.0,"position_status":"fallback_unverified","classification":"residential_coverage_candidate","residential_gap":true},"geometry":{"type":"Polygon","coordinates":[[[121.72834372813924,25.034079760898578],[121.72835705497025,25.036336662693607],[121.73083430115584,25.036324499875295],[121.73082092900819,25.034067599324832],[121.72834372813924,25.034079760898578]]]}},{"type":"Feature","properties":{"cell_id":"65000:250:11079:1295","county_id":"65000","city":"NewTaipei","district":"平溪區","population_estimate":0.38625807004297796,"population_known_estimate":0.38625807004297796,"population_data_fraction":1.0,"population_method":"uniform_proxy","population_period":"2024-12","population_density_per_km2":6.180129120687647,"bus_walk_mean_m":1486.094287256334,"bus_walk_p90_m":1486.094287256334,"bus_known_weight":1.0,"metro_walk_mean_m":15861.281295590265,"metro_known_weight":1.0,"position_status":"fallback_unverified","classification":"residential_coverage_candidate","residential_gap":true},"geometry":{"type":"Polygon","coordinates":[[[121.73082092900819,25.034067599324832],[121.73083430115584,25.036324499875295],[121.73331154572422,25.0363122957675],[121.73329812826009,25.034055396465817],[121.73082092900819,25.034067599324832]]]}},{"type":"Feature","properties":{"cell_id":"65000:250:11079:1296","county_id":"65000","city":"NewTaipei","district":"平溪區","population_estimate":0.3793099070349666,"population_known_estimate":0.3793099070349666,"population_data_fraction":1.0,"population_method":"uniform_proxy","population_period":"2024-12","population_density_per_km2":6.068958512559465,"bus_walk_mean_m":null,"bus_walk_p90_m":null,"bus_known_weight":0.0,"metro_walk_mean_m":null,"metro_known_weight":0.0,"position_status":"fallback_unverified","classification":"unresolved_walk_evidence","residential_gap":false},"geometry":{"type":"Polygon","coordinates":[[[121.73329812826009,25.034055396465817],[121.73331154572422,25.0363122957675],[121.73578878867,25.036300050370322],[121.73577532588948,25.034043152321637],[121.73329812826009,25.034055396465817]]]}},{"type":"Feature","properties":{"cell_id":"65000:250:11079:1297","county_id":"65000","city":"NewTaipei","district":"平溪區","population_estimate":0.08724185306093533,"population_known_estimate":0.08724185306093533,"population_data_fraction":1.0,"population_method":"uniform_proxy","population_period":"2024-12","population_density_per_km2":1.3958696489749653,"bus_walk_mean_m":null,"bus_walk_p90_m":null,"bus_known_weight":0.0,"metro_walk_mean_m":null,"metro_known_weight":0.0,"position_status":"fallback_unverified","classification":"unresolved_walk_evidence","residential_gap":false},"geometry":{"type":"Polygon","coordinates":[[[121.73577532588948,25.034043152321637],[121.73578878867,25.036300050370322],[121.73826602998767,25.03628776368386],[121.7382525218909,25.034030866892422],[121.73577532588948,25.034043152321637]]]}},{"type":"Feature","properties":{"cell_id":"65000:250:11079:1298","county_id":"65000","city":"NewTaipei","district":"平溪區","population_estimate":0.0,"population_known_estimate":0.0,"population_data_fraction":1.0,"population_method":"residential_support","population_period":"2024-12","population_density_per_km2":0.0,"bus_walk_mean_m":1969.7779608246494,"bus_walk_p90_m":1969.7779608246494,"bus_known_weight":1.0,"metro_walk_mean_m":16351.860552026943,"metro_known_weight":1.0,"position_status":"fallback_unverified","classification":"zero_residential_proxy","residential_gap":false},"geometry":{"type":"Polygon","coordinates":[[[121.7382525218909,25.034030866892422],[121.73826602998767,25.03628776368386],[121.74074326967173,25.036275435708237],[121.74072971625884,25.03401854017825],[121.7382525218909,25.034030866892422]]]}},{"type":"Feature","properties":{"cell_id":"65000:250:11079:1299","county_id":"65000","city":"NewTaipei","district":"平溪區","population_estimate":0.0,"population_known_estimate":0.0,"population_data_fraction":0.9999999999999999,"population_method":"residential_support","population_period":"2024-12","population_density_per_km2":0.0,"bus_walk_mean_m":null,"bus_walk_p90_m":null,"bus_known_weight":0.0,"metro_walk_mean_m":null,"metro_known_weight":0.0,"position_status":"fallback_unverified","classification":"zero_residential_proxy","residential_gap":false},"geometry":{"type":"Polygon","coordinates":[[[121.74072971625884,25.03401854017825],[121.74074326967173,25.036275435708237],[121.7432205077167,25.036263066443546],[121.74320690898783,25.034006172179247],[121.74072971625884,25.03401854017825]]]}},{"type":"Feature","properties":{"cell_id":"65000:250:11079:1300","county_id":"65000","city":"NewTaipei","district":"平溪區","population_estimate":0.0,"population_known_estimate":0.0,"population_data_fraction":1.0,"population_method":"residential_support","population_period":"2024-12","population_density_per_km2":0.0,"bus_walk_mean_m":null,"bus_walk_p90_m":null,"bus_known_weight":0.0,"metro_walk_mean_m":null,"metro_known_weight":0.0,"position_status":"fallback_unverified","classification":"zero_residential_proxy","residential_gap":false},"geometry":{"type":"Polygon","coordinates":[[[121.74320690898783,25.034006172179247],[121.7432205077167,25.036263066443546],[121.74569774411712,25.036250655889905],[121.74568410007241,25.033993762895502],[121.74320690898783,25.034006172179247]]]}},{"type":"Feature","properties":{"cell_id":"65000:250:11079:1301","county_id":"65000","city":"NewTaipei","district":"平溪區","population_estimate":0.0,"population_known_estimate":0.0,"population_data_fraction":1.0,"population_method":"residential_support","population_period":"2024-12","population_density_per_km2":0.0,"bus_walk_mean_m":671.3446924426663,"bus_walk_p90_m":671.3446924426663,"bus_known_weight":1.0,"metro_walk_mean_m":16485.189543596614,"metro_known_weight":1.0,"position_status":"fallback_unverified","classification":"zero_residential_proxy","residential_gap":false},"geometry":{"type":"Polygon","coordinates":[[[121.74568410007241,25.033993762895502],[121.74569774411712,25.036250655889905],[121.7481749788675,25.036238204047407],[121.74816128950705,25.033981312327146],[121.74568410007241,25.033993762895502]]]}},{"type":"Feature","properties":{"cell_id":"65000:250:11079:1302","county_id":"65000","city":"NewTaipei","district":"平溪區","population_estimate":0.04965828426245991,"population_known_estimate":0.04965828426245991,"population_data_fraction":1.0,"population_method":"uniform_proxy","population_period":"2024-12","population_density_per_km2":0.7945325481993586,"bus_walk_mean_m":797.2092135788616,"bus_walk_p90_m":797.2092135788616,"bus_known_weight":1.0,"metro_walk_mean_m":17180.73813887075,"metro_known_weight":1.0,"position_status":"fallback_unverified","classification":"residential_coverage_candidate","residential_gap":true},"geometry":{"type":"Polygon","coordinates":[[[121.74816128950705,25.033981312327146],[121.7481749788675,25.036238204047407],[121.75065221196236,25.036225710916177],[121.75063847728634,25.03396882047427],[121.74816128950705,25.033981312327146]]]}},{"type":"Feature","properties":{"cell_id":"65000:250:11079:1303","county_id":"65000","city":"NewTaipei","district":"平溪區","population_estimate":0.07197546106364829,"population_known_estimate":0.07197546106364829,"population_data_fraction":1.0,"population_method":"uniform_proxy","population_period":"2024-12","population_density_per_km2":1.1516073770183726,"bus_walk_mean_m":1054.1441686296687,"bus_walk_p90_m":1054.1441686296687,"bus_known_weight":1.0,"metro_walk_mean_m":17437.67309392156,"metro_known_weight":1.0,"position_status":"fallback_unverified","classification":"residential_coverage_candidate","residential_gap":true},"geometry":{"type":"Polygon","coordinates":[[[121.75063847728634,25.03396882047427],[121.75065221196236,25.036225710916177],[121.75312944339623,25.03621317649631],[121.75311566340476,25.033956287336988],[121.75063847728634,25.03396882047427]]]}},{"type":"Feature","properties":{"cell_id":"65000:250:11079:1304","county_id":"65000","city":"NewTaipei","district":"平溪區","population_estimate":0.0009146220924654034,"population_known_estimate":0.0009146220924654034,"population_data_fraction":1.0,"population_method":"uniform_proxy","population_period":"2024-12","population_density_per_km2":0.014633953479446455,"bus_walk_mean_m":1381.361795712061,"bus_walk_p90_m":1381.361795712061,"bus_known_weight":1.0,"metro_walk_mean_m":17764.89072100395,"metro_known_weight":1.0,"position_status":"fallback_unverified","classification":"residential_coverage_candidate","residential_gap":true},"geometry":{"type":"Polygon","coordinates":[[[121.75311566340476,25.033956287336988],[121.75312944339623,25.03621317649631],[121.75560667316363,25.036200600787925],[121.75559284785683,25.03394371291541],[121.75311566340476,25.033956287336988]]]}},{"type":"Feature","properties":{"cell_id":"65000:250:11079:1305","county_id":"65000","city":"NewTaipei","district":"平溪區","population_estimate":0.008695127409869089,"population_known_estimate":0.008695127409869089,"population_data_fraction":1.0,"population_method":"uniform_proxy","population_period":"2024-12","population_density_per_km2":0.13912203855790542,"bus_walk_mean_m":1099.1753312697238,"bus_walk_p90_m":1099.1753312697238,"bus_known_weight":1.0,"metro_walk_mean_m":18306.54753249338,"metro_known_weight":1.0,"position_status":"fallback_unverified","classification":"residential_coverage_candidate","residential_gap":true},"geometry":{"type":"Polygon","coordinates":[[[121.75559284785683,25.03394371291541],[121.75560667316363,25.036200600787925],[121.75808390125906,25.036187983791123],[121.75807003063707,25.033931097209642],[121.75559284785683,25.03394371291541]]]}},{"type":"Feature","properties":{"cell_id":"65000:250:11079:1306","county_id":"65000","city":"NewTaipei","district":"平溪區","population_estimate":1.6105476268916368,"population_known_estimate":1.6105476268916368,"population_data_fraction":0.9999999999999998,"population_method":"uniform_proxy","population_period":"2024-12","population_density_per_km2":25.76876203026619,"bus_walk_mean_m":718.084624139317,"bus_walk_p90_m":718.084624139317,"bus_known_weight":1.0,"metro_walk_mean_m":18582.79644603148,"metro_known_weight":1.0,"position_status":"fallback_unverified","classification":"barrier_detour_candidate","residential_gap":true},"geometry":{"type":"Polygon","coordinates":[[[121.75807003063707,25.033931097209642],[121.75808390125906,25.036187983791123],[121.76056112767705,25.03617532550602],[121.76054721174002,25.033918440219786],[121.75807003063707,25.033931097209642]]]}},{"type":"Feature","properties":{"cell_id":"65000:250:11079:1307","county_id":"65000","city":"NewTaipei","district":"平溪區","population_estimate":2.405838398943027,"population_known_estimate":2.405838398943027,"population_data_fraction":1.0,"population_method":"uniform_proxy","population_period":"2024-12","population_density_per_km2":38.493414383088435,"bus_walk_mean_m":null,"bus_walk_p90_m":null,"bus_known_weight":0.0,"metro_walk_mean_m":null,"metro_known_weight":0.0,"position_status":"fallback_unverified","classification":"unresolved_walk_evidence","residential_gap":false},"geometry":{"type":"Polygon","coordinates":[[[121.76054721174002,25.033918440219786],[121.76056112767705,25.03617532550602],[121.76303835241214,25.036162625932718],[121.76302439116017,25.033905741945965],[121.76054721174002,25.033918440219786]]]}},{"type":"Feature","properties":{"cell_id":"65000:250:11079:1308","county_id":"65000","city":"NewTaipei","district":"平溪區","population_estimate":2.072303852937721,"population_known_estimate":2.072303852937721,"population_data_fraction":0.9999999999999999,"population_method":"uniform_proxy","population_period":"2024-12","population_density_per_km2":33.15686164700354,"bus_walk_mean_m":null,"bus_walk_p90_m":null,"bus_known_weight":0.0,"metro_walk_mean_m":null,"metro_known_weight":0.0,"position_status":"fallback_unverified","classification":"unresolved_walk_evidence","residential_gap":false},"geometry":{"type":"Polygon","coordinates":[[[121.76302439116017,25.033905741945965],[121.76303835241214,25.036162625932718],[121.7655155754588,25.036149885071335],[121.76550156889208,25.033893002388286],[121.76302439116017,25.033905741945965]]]}},{"type":"Feature","properties":{"cell_id":"65000:250:11079:1309","county_id":"65000","city":"NewTaipei","district":"平溪區","population_estimate":1.074111295829264,"population_known_estimate":1.074111295829264,"population_data_fraction":1.0,"population_method":"uniform_proxy","population_period":"2024-12","population_density_per_km2":17.185780733268224,"bus_walk_mean_m":1654.4885943132085,"bus_walk_p90_m":1654.4885943132085,"bus_known_weight":1.0,"metro_walk_mean_m":19710.395266115047,"metro_known_weight":1.0,"position_status":"fallback_unverified","classification":"barrier_detour_candidate","residential_gap":true},"geometry":{"type":"Polygon","coordinates":[[[121.76550156889208,25.033893002388286],[121.7655155754588,25.036149885071335],[121.76799279681163,25.036137102921973],[121.76797874493023,25.033880221546855],[121.76550156889208,25.033893002388286]]]}},{"type":"Feature","properties":{"cell_id":"65000:250:11079:1310","county_id":"65000","city":"NewTaipei","district":"平溪區","population_estimate":1.1094151137020087,"population_known_estimate":1.1094151137020087,"population_data_fraction":0.9999999999999999,"population_method":"uniform_proxy","population_period":"2024-12","population_density_per_km2":17.75064181923214,"bus_walk_mean_m":316.5926110522158,"bus_walk_p90_m":316.5926110522158,"bus_known_weight":1.0,"metro_walk_mean_m":20002.117881603615,"metro_known_weight":1.0,"position_status":"fallback_unverified","classification":"within_walk_threshold","residential_gap":false},"geometry":{"type":"Polygon","coordinates":[[[121.76797874493023,25.033880221546855],[121.76799279681163,25.036137102921973],[121.77047001646508,25.036124279484756],[121.77045591926918,25.033867399421787],[121.76797874493023,25.033880221546855]]]}},{"type":"Feature","properties":{"cell_id":"65000:250:11079:1311","county_id":"65000","city":"NewTaipei","district":"平溪區","population_estimate":5.566943672367528,"population_known_estimate":5.566943672367528,"population_data_fraction":1.0,"population_method":"uniform_proxy","population_period":"2024-12","population_density_per_km2":89.07109875788045,"bus_walk_mean_m":null,"bus_walk_p90_m":null,"bus_known_weight":0.0,"metro_walk_mean_m":null,"metro_known_weight":0.0,"position_status":"fallback_unverified","classification":"unresolved_walk_evidence","residential_gap":false},"geometry":{"type":"Polygon","coordinates":[[[121.77045591926918,25.033867399421787],[121.77047001646508,25.036124279484756],[121.7729472344137,25.03611141475978],[121.77293309190343,25.033854536013187],[121.77045591926918,25.033867399421787]]]}},{"type":"Feature","properties":{"cell_id":"65000:250:11079:1312","county_id":"65000","city":"NewTaipei","district":"平溪區","population_estimate":5.76441933363566,"population_known_estimate":5.76441933363566,"population_data_fraction":1.0,"population_method":"uniform_proxy","population_period":"2024-12","population_density_per_km2":92.23070933817056,"bus_walk_mean_m":null,"bus_walk_p90_m":null,"bus_known_weight":0.0,"metro_walk_mean_m":null,"metro_known_weight":0.0,"position_status":"fallback_unverified","classification":"unresolved_walk_evidence","residential_gap":false},"geometry":{"type":"Polygon","coordinates":[[[121.77293309190343,25.033854536013187],[121.7729472344137,25.03611141475978],[121.77542445065201,25.036098508747163],[121.7754102628275,25.033841631321174],[121.77293309190343,25.033854536013187]]]}},{"type":"Feature","properties":{"cell_id":"65000:250:11079:1313","county_id":"65000","city":"NewTaipei","district":"平溪區","population_estimate":5.621842005060304,"population_known_estimate":5.621842005060304,"population_data_fraction":1.0,"population_method":"uniform_proxy","population_period":"2024-12","population_density_per_km2":89.94947208096487,"bus_walk_mean_m":null,"bus_walk_p90_m":null,"bus_known_weight":0.0,"metro_walk_mean_m":null,"metro_known_weight":0.0,"position_status":"fallback_unverified","classification":"unresolved_walk_evidence","residential_gap":false},"geometry":{"type":"Polygon","coordinates":[[[121.7754102628275,25.033841631321174],[121.77542445065201,25.036098508747163],[121.77790166517451,25.036085561447017],[121.77788743203591,25.033828685345856],[121.7754102628275,25.033841631321174]]]}},{"type":"Feature","properties":{"cell_id":"65000:250:11079:1314","county_id":"65000","city":"NewTaipei","district":"平溪區","population_estimate":2.3415477629761257,"population_known_estimate":2.3415477629761257,"population_data_fraction":1.0,"population_method":"uniform_proxy","population_period":"2024-12","population_density_per_km2":37.46476420761801,"bus_walk_mean_m":1024.9437866966077,"bus_walk_p90_m":1024.9437866966077,"bus_known_weight":1.0,"metro_walk_mean_m":21898.94436814391,"metro_known_weight":1.0,"position_status":"fallback_unverified","classification":"residential_coverage_candidate","residential_gap":true},"geometry":{"type":"Polygon","coordinates":[[[121.77788743203591,25.033828685345856],[121.77790166517451,25.036085561447017],[121.78037887797576,25.036072572859453],[121.78036459952318,25.033815698087345],[121.77788743203591,25.033828685345856]]]}},{"type":"Feature","properties":{"cell_id":"65000:250:11079:1315","county_id":"65000","city":"NewTaipei","district":"平溪區","population_estimate":0.9440230752179508,"population_known_estimate":0.9440230752179508,"population_data_fraction":1.0,"population_method":"uniform_proxy","population_period":"2024-12","population_density_per_km2":15.104369203487213,"bus_walk_mean_m":null,"bus_walk_p90_m":null,"bus_known_weight":0.0,"metro_walk_mean_m":null,"metro_known_weight":0.0,"position_status":"fallback_unverified","classification":"unresolved_walk_evidence","residential_gap":false},"geometry":{"type":"Polygon","coordinates":[[[121.78036459952318,25.033815698087345],[121.78037887797576,25.036072572859453],[121.78285608905024,25.03605954298459],[121.78284176528385,25.033802669545757],[121.78036459952318,25.033815698087345]]]}},{"type":"Feature","properties":{"cell_id":"65000:250:11079:1316","county_id":"65000","city":"NewTaipei","district":"平溪區","population_estimate":0.0,"population_known_estimate":0.0,"population_data_fraction":1.0,"population_method":"residential_support","population_period":"2024-12","population_density_per_km2":0.0,"bus_walk_mean_m":null,"bus_walk_p90_m":null,"bus_known_weight":0.0,"metro_walk_mean_m":null,"metro_known_weight":0.0,"position_status":"fallback_unverified","classification":"zero_residential_proxy","residential_gap":false},"geometry":{"type":"Polygon","coordinates":[[[121.78284176528385,25.033802669545757],[121.78285608905024,25.03605954298459],[121.78533329839249,25.03604647182253],[121.78531892931242,25.033789599721196],[121.78284176528385,25.033802669545757]]]}},{"type":"Feature","properties":{"cell_id":"65000:250:11079:1317","county_id":"65000","city":"NewTaipei","district":"平溪區","population_estimate":0.0,"population_known_estimate":0.0,"population_data_fraction":1.0,"population_method":"residential_support","population_period":"2024-12","population_density_per_km2":0.0,"bus_walk_mean_m":null,"bus_walk_p90_m":null,"bus_known_weight":0.0,"metro_walk_mean_m":null,"metro_known_weight":0.0,"position_status":"fallback_unverified","classification":"zero_residential_proxy","residential_gap":false},"geometry":{"type":"Polygon","coordinates":[[[121.78531892931242,25.033789599721196],[121.78533329839249,25.03604647182253],[121.78781050599704,25.03603335937339],[121.78779609160343,25.033776488613782],[121.78531892931242,25.033789599721196]]]}},{"type":"Feature","properties":{"cell_id":"65000:250:11079:1318","county_id":"65000","city":"NewTaipei","district":"平溪區","population_estimate":0.18229725461388857,"population_known_estimate":0.18229725461388857,"population_data_fraction":1.0,"population_method":"uniform_proxy","population_period":"2024-12","population_density_per_km2":2.916756073822217,"bus_walk_mean_m":1905.778215440639,"bus_walk_p90_m":1905.778215440639,"bus_known_weight":1.0,"metro_walk_mean_m":23201.804717128063,"metro_known_weight":1.0,"position_status":"fallback_unverified","classification":"residential_coverage_candidate","residential_gap":true},"geometry":{"type":"Polygon","coordinates":[[[121.78779609160343,25.033776488613782],[121.78781050599704,25.03603335937339],[121.79028771185841,25.0360202056373],[121.79027325215137,25.033763336223636],[121.78779609160343,25.033776488613782]]]}},{"type":"Feature","properties":{"cell_id":"65000:250:11079:1319","county_id":"65000","city":"NewTaipei","district":"平溪區","population_estimate":0.48455312380719745,"population_known_estimate":0.48455312380719745,"population_data_fraction":0.9999999999999998,"population_method":"uniform_proxy","population_period":"2024-12","population_density_per_km2":7.752849980915159,"bus_walk_mean_m":2306.6675556242176,"bus_walk_p90_m":2306.6675556242176,"bus_known_weight":1.0,"metro_walk_mean_m":23635.614767179562,"metro_known_weight":1.0,"position_status":"fallback_unverified","classification":"residential_coverage_candidate","residential_gap":true},"geometry":{"type":"Polygon","coordinates":[[[121.79027325215137,25.033763336223636],[121.79028771185841,25.0360202056373],[121.79276491597109,25.036007010614348],[121.79275041095082,25.033750142550858],[121.79027325215137,25.033763336223636]]]}},{"type":"Feature","properties":{"cell_id":"65000:250:11079:1320","county_id":"65000","city":"NewTaipei","district":"平溪區","population_estimate":0.8803754180229786,"population_known_estimate":0.8803754180229786,"population_data_fraction":0.9999999999999998,"population_method":"uniform_proxy","population_period":"2024-12","population_density_per_km2":14.086006688367657,"bus_walk_mean_m":2627.4468155372024,"bus_walk_p90_m":2627.4468155372024,"bus_known_weight":1.0,"metro_walk_mean_m":23956.39402709255,"metro_known_weight":1.0,"position_status":"fallback_unverified","classification":"residential_coverage_candidate","residential_gap":true},"geometry":{"type":"Polygon","coordinates":[[[121.79275041095082,25.033750142550858],[121.79276491597109,25.036007010614348],[121.79524211832964,25.035993774304664],[121.79522756799622,25.033736907595575],[121.79275041095082,25.033750142550858]]]}},{"type":"Feature","properties":{"cell_id":"65000:250:11079:1321","county_id":"65000","city":"NewTaipei","district":"平溪區","population_estimate":1.061015758975971,"population_known_estimate":1.061015758975971,"population_data_fraction":1.0,"population_method":"uniform_proxy","population_period":"2024-12","population_density_per_km2":16.976252143615536,"bus_walk_mean_m":null,"bus_walk_p90_m":null,"bus_known_weight":0.0,"metro_walk_mean_m":null,"metro_known_weight":0.0,"position_status":"fallback_unverified","classification":"unresolved_walk_evidence","residential_gap":false},"geometry":{"type":"Polygon","coordinates":[[[121.79522756799622,25.033736907595575],[121.79524211832964,25.035993774304664],[121.79771931892854,25.035980496708355],[121.79770472328214,25.03372363135789],[121.79522756799622,25.033736907595575]]]}},{"type":"Feature","properties":{"cell_id":"65000:250:11079:1322","county_id":"65000","city":"NewTaipei","district":"平溪區","population_estimate":1.0368453509280375,"population_known_estimate":1.0368453509280375,"population_data_fraction":1.0,"population_method":"uniform_proxy","population_period":"2024-12","population_density_per_km2":16.5895256148486,"bus_walk_mean_m":null,"bus_walk_p90_m":null,"bus_known_weight":0.0,"metro_walk_mean_m":null,"metro_known_weight":0.0,"position_status":"fallback_unverified","classification":"unresolved_walk_evidence","residential_gap":false},"geometry":{"type":"Polygon","coordinates":[[[121.79770472328214,25.03372363135789],[121.79771931892854,25.035980496708355],[121.80019651776233,25.035967177825544],[121.80018187680311,25.033710313837922],[121.79770472328214,25.03372363135789]]]}},{"type":"Feature","properties":{"cell_id":"65000:250:11079:1323","county_id":"65000","city":"NewTaipei","district":"平溪區","population_estimate":0.45097006152340746,"population_known_estimate":0.45097006152340746,"population_data_fraction":1.0,"population_method":"uniform_proxy","population_period":"2024-12","population_density_per_km2":7.215520984374519,"bus_walk_mean_m":3215.8017482410824,"bus_walk_p90_m":3215.8017482410824,"bus_known_weight":1.0,"metro_walk_mean_m":25406.895048796257,"metro_known_weight":1.0,"position_status":"fallback_unverified","classification":"residential_coverage_candidate","residential_gap":true},"geometry":{"type":"Polygon","coordinates":[[[121.80018187680311,25.033710313837922],[121.80019651776233,25.035967177825544],[121.80267371482556,25.03595381765634],[121.80265902855363,25.033696955035786],[121.80018187680311,25.033710313837922]]]}},{"type":"Feature","properties":{"cell_id":"65000:250:11079:1324","county_id":"65000","city":"NewTaipei","district":"平溪區","population_estimate":0.5112455736647206,"population_known_estimate":0.5112455736647206,"population_data_fraction":1.0,"population_method":"uniform_proxy","population_period":"2024-12","population_density_per_km2":8.179929178635529,"bus_walk_mean_m":3712.4885225764715,"bus_walk_p90_m":3712.4885225764715,"bus_known_weight":1.0,"metro_walk_mean_m":25903.581823131644,"metro_known_weight":1.0,"position_status":"fallback_unverified","classification":"residential_coverage_candidate","residential_gap":true},"geometry":{"type":"Polygon","coordinates":[[[121.80265902855363,25.033696955035786],[121.80267371482556,25.03595381765634],[121.8051509101127,25.035940416200862],[121.8051361785282,25.033683554951608],[121.80265902855363,25.033696955035786]]]}},{"type":"Feature","properties":{"cell_id":"65000:250:11079:1325","county_id":"65000","city":"NewTaipei","district":"平溪區","population_estimate":0.6102826564926191,"population_known_estimate":0.6102826564926191,"population_data_fraction":1.0,"population_method":"uniform_proxy","population_period":"2024-12","population_density_per_km2":9.764522503881906,"bus_walk_mean_m":3328.0269552283717,"bus_walk_p90_m":3328.0269552283717,"bus_known_weight":1.0,"metro_walk_mean_m":25519.12025578355,"metro_known_weight":1.0,"position_status":"fallback_unverified","classification":"residential_coverage_candidate","residential_gap":true},"geometry":{"type":"Polygon","coordinates":[[[121.8051361785282,25.033683554951608],[121.8051509101127,25.035940416200862],[121.80762810361834,25.03592697345923],[121.80761332672142,25.033670113585487],[121.8051361785282,25.033683554951608]]]}},{"type":"Feature","properties":{"cell_id":"65000:250:11080:1289","county_id":"65000","city":"NewTaipei","district":"平溪區","population_estimate":0.4613186615815032,"population_known_estimate":0.4613186615815032,"population_data_fraction":1.0,"population_method":"uniform_proxy","population_period":"2024-12","population_density_per_km2":7.381098585304051,"bus_walk_mean_m":549.9653868766735,"bus_walk_p90_m":549.9653868766735,"bus_known_weight":1.0,"metro_walk_mean_m":14078.92869737592,"metro_known_weight":1.0,"position_status":"fallback_unverified","classification":"barrier_detour_candidate","residential_gap":true},"geometry":{"type":"Polygon","coordinates":[[[121.71597079997676,25.036396857439165],[121.71598390180695,25.038653764701802],[121.71846120131889,25.038641807109023],[121.71844805416595,25.03638490106987],[121.71597079997676,25.036396857439165]]]}},{"type":"Feature","properties":{"cell_id":"65000:250:11080:1290","county_id":"65000","city":"NewTaipei","district":"平溪區","population_estimate":0.47906469273445984,"population_known_estimate":0.47906469273445984,"population_data_fraction":1.0,"population_method":"uniform_proxy","population_period":"2024-12","population_density_per_km2":7.6650350837513574,"bus_walk_mean_m":null,"bus_walk_p90_m":null,"bus_known_weight":0.0,"metro_walk_mean_m":null,"metro_known_weight":0.0,"position_status":"fallback_unverified","classification":"unresolved_walk_evidence","residential_gap":false},"geometry":{"type":"Polygon","coordinates":[[[121.71844805416595,25.03638490106987],[121.71846120131889,25.038641807109023],[121.72093849924093,25.03862980822202],[121.72092530676537,25.03637290341056],[121.71844805416595,25.03638490106987]]]}},{"type":"Feature","properties":{"cell_id":"65000:250:11080:1291","county_id":"65000","city":"NewTaipei","district":"平溪區","population_estimate":0.47906469273445984,"population_known_estimate":0.47906469273445984,"population_data_fraction":1.0,"population_method":"uniform_proxy","population_period":"2024-12","population_density_per_km2":7.6650350837513574,"bus_walk_mean_m":null,"bus_walk_p90_m":null,"bus_known_weight":0.0,"metro_walk_mean_m":null,"metro_known_weight":0.0,"position_status":"fallback_unverified","classification":"unresolved_walk_evidence","residential_gap":false},"geometry":{"type":"Polygon","coordinates":[[[121.72092530676537,25.03637290341056],[121.72093849924093,25.03862980822202],[121.72341579556759,25.038617768040872],[121.72340255776953,25.036360864461344],[121.72092530676537,25.03637290341056]]]}},{"type":"Feature","properties":{"cell_id":"65000:250:11080:1292","county_id":"65000","city":"NewTaipei","district":"平溪區","population_estimate":0.47906469273445984,"population_known_estimate":0.47906469273445984,"population_data_fraction":1.0,"population_method":"uniform_proxy","population_period":"2024-12","population_density_per_km2":7.6650350837513574,"bus_walk_mean_m":1397.1972457481252,"bus_walk_p90_m":1397.1972457481252,"bus_known_weight":1.0,"metro_walk_mean_m":14926.160556247374,"metro_known_weight":1.0,"position_status":"fallback_unverified","classification":"residential_coverage_candidate","residential_gap":true},"geometry":{"type":"Polygon","coordinates":[[[121.72340255776953,25.036360864461344],[121.72341579556759,25.038617768040872],[121.72589309029344,25.0386056865657],[121.725879807173,25.036348784222326],[121.72340255776953,25.036360864461344]]]}},{"type":"Feature","properties":{"cell_id":"65000:250:11080:1293","county_id":"65000","city":"NewTaipei","district":"平溪區","population_estimate":0.4606360828845698,"population_known_estimate":0.4606360828845698,"population_data_fraction":0.9999999999999999,"population_method":"uniform_proxy","population_period":"2024-12","population_density_per_km2":7.370177326153117,"bus_walk_mean_m":1754.3448247609094,"bus_walk_p90_m":1754.3448247609094,"bus_known_weight":1.0,"metro_walk_mean_m":15283.308135260158,"metro_known_weight":1.0,"position_status":"fallback_unverified","classification":"residential_coverage_candidate","residential_gap":true},"geometry":{"type":"Polygon","coordinates":[[[121.725879807173,25.036348784222326],[121.72589309029344,25.0386056865657],[121.72837038341294,25.0385935637966],[121.72835705497025,25.036336662693607],[121.725879807173,25.036348784222326]]]}},{"type":"Feature","properties":{"cell_id":"65000:250:11080:1294","county_id":"65000","city":"NewTaipei","district":"平溪區","population_estimate":0.4092553639869425,"population_known_estimate":0.4092553639869425,"population_data_fraction":1.0,"population_method":"uniform_proxy","population_period":"2024-12","population_density_per_km2":6.54808582379108,"bus_walk_mean_m":null,"bus_walk_p90_m":null,"bus_known_weight":0.0,"metro_walk_mean_m":null,"metro_known_weight":0.0,"position_status":"fallback_unverified","classification":"unresolved_walk_evidence","residential_gap":false},"geometry":{"type":"Polygon","coordinates":[[[121.72835705497025,25.036336662693607],[121.72837038341294,25.0385935637966],[121.73084767492062,25.038581399733683],[121.73083430115584,25.036324499875295],[121.72835705497025,25.036336662693607]]]}},{"type":"Feature","properties":{"cell_id":"65000:250:11080:1295","county_id":"65000","city":"NewTaipei","district":"平溪區","population_estimate":0.40702723571241534,"population_known_estimate":0.40702723571241534,"population_data_fraction":0.9999999999999999,"population_method":"uniform_proxy","population_period":"2024-12","population_density_per_km2":6.512435771398645,"bus_walk_mean_m":null,"bus_walk_p90_m":null,"bus_known_weight":0.0,"metro_walk_mean_m":null,"metro_known_weight":0.0,"position_status":"fallback_unverified","classification":"unresolved_walk_evidence","residential_gap":false},"geometry":{"type":"Polygon","coordinates":[[[121.73083430115584,25.036324499875295],[121.73084767492062,25.038581399733683],[121.73332496481103,25.038569194377057],[121.73331154572422,25.0363122957675],[121.73083430115584,25.036324499875295]]]}},{"type":"Feature","properties":{"cell_id":"65000:250:11080:1296","county_id":"65000","city":"NewTaipei","district":"平溪區","population_estimate":0.13274787568089627,"population_known_estimate":0.13274787568089627,"population_data_fraction":0.9999999999999999,"population_method":"uniform_proxy","population_period":"2024-12","population_density_per_km2":2.1239660108943403,"bus_walk_mean_m":null,"bus_walk_p90_m":null,"bus_known_weight":0.0,"metro_walk_mean_m":null,"metro_known_weight":0.0,"position_status":"fallback_unverified","classification":"unresolved_walk_evidence","residential_gap":false},"geometry":{"type":"Polygon","coordinates":[[[121.73331154572422,25.0363122957675],[121.73332496481103,25.038569194377057],[121.73580225307865,25.038556947726825],[121.73578878867,25.036300050370322],[121.73331154572422,25.0363122957675]]]}},{"type":"Feature","properties":{"cell_id":"65000:250:11080:1297","county_id":"65000","city":"NewTaipei","district":"平溪區","population_estimate":0.0,"population_known_estimate":0.0,"population_data_fraction":1.0,"population_method":"residential_support","population_period":"2024-12","population_density_per_km2":0.0,"bus_walk_mean_m":2568.8091025501176,"bus_walk_p90_m":2568.8091025501176,"bus_known_weight":1.0,"metro_walk_mean_m":15752.261636972366,"metro_known_weight":1.0,"position_status":"fallback_unverified","classification":"zero_residential_proxy","residential_gap":false},"geometry":{"type":"Polygon","coordinates":[[[121.73578878867,25.036300050370322],[121.73580225307865,25.038556947726825],[121.73827953971804,25.03854465978309],[121.73826602998767,25.03628776368386],[121.73578878867,25.036300050370322]]]}},{"type":"Feature","properties":{"cell_id":"65000:250:11080:1298","county_id":"65000","city":"NewTaipei","district":"平溪區","population_estimate":0.0,"population_known_estimate":0.0,"population_data_fraction":1.0,"population_method":"residential_support","population_period":"2024-12","population_density_per_km2":0.0,"bus_walk_mean_m":2397.228826733374,"bus_walk_p90_m":2397.228826733374,"bus_known_weight":1.0,"metro_walk_mean_m":16012.714553915395,"metro_known_weight":1.0,"position_status":"fallback_unverified","classification":"zero_residential_proxy","residential_gap":false},"geometry":{"type":"Polygon","coordinates":[[[121.73826602998767,25.03628776368386],[121.73827953971804,25.03854465978309],[121.7407568247237,25.038532330545962],[121.74074326967173,25.036275435708237],[121.73826602998767,25.03628776368386]]]}},{"type":"Feature","properties":{"cell_id":"65000:250:11080:1299","county_id":"65000","city":"NewTaipei","district":"平溪區","population_estimate":0.0,"population_known_estimate":0.0,"population_data_fraction":1.0,"population_method":"residential_support","population_period":"2024-12","population_density_per_km2":0.0,"bus_walk_mean_m":null,"bus_walk_p90_m":null,"bus_known_weight":0.0,"metro_walk_mean_m":null,"metro_known_weight":0.0,"position_status":"fallback_unverified","classification":"zero_residential_proxy","residential_gap":false},"geometry":{"type":"Polygon","coordinates":[[[121.74074326967173,25.036275435708237],[121.7407568247237,25.038532330545962],[121.74323410809014,25.038519960015545],[121.7432205077167,25.036263066443546],[121.74074326967173,25.036275435708237]]]}},{"type":"Feature","properties":{"cell_id":"65000:250:11080:1300","county_id":"65000","city":"NewTaipei","district":"平溪區","population_estimate":0.0,"population_known_estimate":0.0,"population_data_fraction":1.0,"population_method":"residential_support","population_period":"2024-12","population_density_per_km2":0.0,"bus_walk_mean_m":1325.6185059841478,"bus_walk_p90_m":1325.6185059841478,"bus_known_weight":1.0,"metro_walk_mean_m":16277.982866675395,"metro_known_weight":1.0,"position_status":"fallback_unverified","classification":"zero_residential_proxy","residential_gap":false},"geometry":{"type":"Polygon","coordinates":[[[121.7432205077167,25.036263066443546],[121.74323410809014,25.038519960015545],[121.74571138981189,25.03850754819194],[121.74569774411712,25.036250655889905],[121.7432205077167,25.036263066443546]]]}},{"type":"Feature","properties":{"cell_id":"65000:250:11080:1301","county_id":"65000","city":"NewTaipei","district":"平溪區","population_estimate":0.0,"population_known_estimate":0.0,"population_data_fraction":1.0,"population_method":"residential_support","population_period":"2024-12","population_density_per_km2":0.0,"bus_walk_mean_m":994.3084534093058,"bus_walk_p90_m":994.3084534093058,"bus_known_weight":1.0,"metro_walk_mean_m":16280.800393423622,"metro_known_weight":1.0,"position_status":"fallback_unverified","classification":"zero_residential_proxy","residential_gap":false},"geometry":{"type":"Polygon","coordinates":[[[121.74569774411712,25.036250655889905],[121.74571138981189,25.03850754819194],[121.74818866988346,25.038495095075273],[121.7481749788675,25.036238204047407],[121.74569774411712,25.036250655889905]]]}},{"type":"Feature","properties":{"cell_id":"65000:250:11080:1302","county_id":"65000","city":"NewTaipei","district":"平溪區","population_estimate":0.26348118753474226,"population_known_estimate":0.26348118753474226,"population_data_fraction":0.9999999999999999,"population_method":"uniform_proxy","population_period":"2024-12","population_density_per_km2":4.215699000555876,"bus_walk_mean_m":1268.2783124312846,"bus_walk_p90_m":1268.2783124312846,"bus_known_weight":1.0,"metro_walk_mean_m":16943.65058980525,"metro_known_weight":1.0,"position_status":"fallback_unverified","classification":"residential_coverage_candidate","residential_gap":true},"geometry":{"type":"Polygon","coordinates":[[[121.7481749788675,25.036238204047407],[121.74818866988346,25.038495095075273],[121.7506659482994,25.03848260066564],[121.75065221196236,25.036225710916177],[121.7481749788675,25.036238204047407]]]}},{"type":"Feature","properties":{"cell_id":"65000:250:11080:1303","county_id":"65000","city":"NewTaipei","district":"平溪區","population_estimate":0.3214238535874498,"population_known_estimate":0.3214238535874498,"population_data_fraction":1.0,"population_method":"uniform_proxy","population_period":"2024-12","population_density_per_km2":5.142781657399197,"bus_walk_mean_m":1617.296544951615,"bus_walk_p90_m":1617.296544951615,"bus_known_weight":1.0,"metro_walk_mean_m":17972.713103164126,"metro_known_weight":1.0,"position_status":"fallback_unverified","classification":"residential_coverage_candidate","residential_gap":true},"geometry":{"type":"Polygon","coordinates":[[[121.75065221196236,25.036225710916177],[121.7506659482994,25.03848260066564],[121.75314322505419,25.03847006496315],[121.75312944339623,25.03621317649631],[121.75065221196236,25.036225710916177]]]}},{"type":"Feature","properties":{"cell_id":"65000:250:11080:1304","county_id":"65000","city":"NewTaipei","district":"平溪區","population_estimate":0.19917401558605974,"population_known_estimate":0.19917401558605974,"population_data_fraction":1.0,"population_method":"uniform_proxy","population_period":"2024-12","population_density_per_km2":3.186784249376956,"bus_walk_mean_m":1347.3654490056495,"bus_walk_p90_m":1347.3654490056495,"bus_known_weight":1.0,"metro_walk_mean_m":17730.894374297535,"metro_known_weight":1.0,"position_status":"fallback_unverified","classification":"residential_coverage_candidate","residential_gap":true},"geometry":{"type":"Polygon","coordinates":[[[121.75312944339623,25.03621317649631],[121.75314322505419,25.03847006496315],[121.7556205001424,25.038457487967907],[121.75560667316363,25.036200600787925],[121.75312944339623,25.03621317649631]]]}},{"type":"Feature","properties":{"cell_id":"65000:250:11080:1305","county_id":"65000","city":"NewTaipei","district":"平溪區","population_estimate":0.3141291784533968,"population_known_estimate":0.3141291784533968,"population_data_fraction":1.0,"population_method":"uniform_proxy","population_period":"2024-12","population_density_per_km2":5.026066855254348,"bus_walk_mean_m":1154.3600455860803,"bus_walk_p90_m":1154.3600455860803,"bus_known_weight":1.0,"metro_walk_mean_m":18532.984052638047,"metro_known_weight":1.0,"position_status":"fallback_unverified","classification":"residential_coverage_candidate","residential_gap":true},"geometry":{"type":"Polygon","coordinates":[[[121.75560667316363,25.036200600787925],[121.7556205001424,25.038457487967907],[121.75809777355849,25.03844486968004],[121.75808390125906,25.036187983791123],[121.75560667316363,25.036200600787925]]]}},{"type":"Feature","properties":{"cell_id":"65000:250:11080:1306","county_id":"65000","city":"NewTaipei","district":"平溪區","population_estimate":2.3954328976853856,"population_known_estimate":2.3954328976853856,"population_data_fraction":1.0,"population_method":"uniform_proxy","population_period":"2024-12","population_density_per_km2":38.32692636296617,"bus_walk_mean_m":1246.2869940189514,"bus_walk_p90_m":1246.2869940189514,"bus_known_weight":1.0,"metro_walk_mean_m":18416.167763551002,"metro_known_weight":1.0,"position_status":"fallback_unverified","classification":"residential_coverage_candidate","residential_gap":true},"geometry":{"type":"Polygon","coordinates":[[[121.75808390125906,25.036187983791123],[121.75809777355849,25.03844486968004],[121.76057504529702,25.038432210099632],[121.76056112767705,25.03617532550602],[121.75808390125906,25.036187983791123]]]}},{"type":"Feature","properties":{"cell_id":"65000:250:11080:1307","county_id":"65000","city":"NewTaipei","district":"平溪區","population_estimate":2.5140673689185893,"population_known_estimate":2.5140673689185893,"population_data_fraction":1.0,"population_method":"uniform_proxy","population_period":"2024-12","population_density_per_km2":40.22507790269743,"bus_walk_mean_m":null,"bus_walk_p90_m":null,"bus_known_weight":0.0,"metro_walk_mean_m":null,"metro_known_weight":0.0,"position_status":"fallback_unverified","classification":"unresolved_walk_evidence","residential_gap":false},"geometry":{"type":"Polygon","coordinates":[[[121.76056112767705,25.03617532550602],[121.76057504529702,25.038432210099632],[121.7630523153525,25.0384195092268],[121.76303835241214,25.036162625932718],[121.76056112767705,25.03617532550602]]]}},{"type":"Feature","properties":{"cell_id":"65000:250:11080:1308","county_id":"65000","city":"NewTaipei","district":"平溪區","population_estimate":2.09508710825488,"population_known_estimate":2.09508710825488,"population_data_fraction":1.0,"population_method":"uniform_proxy","population_period":"2024-12","population_density_per_km2":33.52139373207808,"bus_walk_mean_m":2005.8241608653623,"bus_walk_p90_m":2005.8241608653623,"bus_known_weight":1.0,"metro_walk_mean_m":19356.423720986702,"metro_known_weight":1.0,"position_status":"fallback_unverified","classification":"barrier_detour_candidate","residential_gap":true},"geometry":{"type":"Polygon","coordinates":[[[121.76303835241214,25.036162625932718],[121.7630523153525,25.0384195092268],[121.76552958371943,25.03840676706167],[121.7655155754588,25.036149885071335],[121.76303835241214,25.036162625932718]]]}},{"type":"Feature","properties":{"cell_id":"65000:250:11080:1309","county_id":"65000","city":"NewTaipei","district":"平溪區","population_estimate":0.40134820516099834,"population_known_estimate":0.40134820516099834,"population_data_fraction":1.0,"population_method":"uniform_proxy","population_period":"2024-12","population_density_per_km2":6.421571282575973,"bus_walk_mean_m":null,"bus_walk_p90_m":null,"bus_known_weight":0.0,"metro_walk_mean_m":null,"metro_known_weight":0.0,"position_status":"fallback_unverified","classification":"unresolved_walk_evidence","residential_gap":false},"geometry":{"type":"Polygon","coordinates":[[[121.7655155754588,25.036149885071335],[121.76552958371943,25.03840676706167],[121.76800685039237,25.038393983604337],[121.76799279681163,25.036137102921973],[121.7655155754588,25.036149885071335]]]}},{"type":"Feature","properties":{"cell_id":"65000:250:11080:1310","county_id":"65000","city":"NewTaipei","district":"平溪區","population_estimate":0.0,"population_known_estimate":0.0,"population_data_fraction":1.0,"population_method":"residential_support","population_period":"2024-12","population_density_per_km2":0.0,"bus_walk_mean_m":1181.6504581279994,"bus_walk_p90_m":1181.6504581279994,"bus_known_weight":1.0,"metro_walk_mean_m":20159.55780661404,"metro_known_weight":1.0,"position_status":"fallback_unverified","classification":"zero_residential_proxy","residential_gap":false},"geometry":{"type":"Polygon","coordinates":[[[121.76799279681163,25.036137102921973],[121.76800685039237,25.038393983604337],[121.7704841153658,25.038381158854907],[121.77047001646508,25.036124279484756],[121.76799279681163,25.036137102921973]]]}},{"type":"Feature","properties":{"cell_id":"65000:250:11080:1311","county_id":"65000","city":"NewTaipei","district":"平溪區","population_estimate":1.6145624167750507,"population_known_estimate":1.6145624167750507,"population_data_fraction":0.9999999999999999,"population_method":"uniform_proxy","population_period":"2024-12","population_density_per_km2":25.832998668400812,"bus_walk_mean_m":152.93848205921435,"bus_walk_p90_m":152.93848205921435,"bus_known_weight":1.0,"metro_walk_mean_m":20338.692079034092,"metro_known_weight":1.0,"position_status":"fallback_unverified","classification":"within_walk_threshold","residential_gap":false},"geometry":{"type":"Polygon","coordinates":[[[121.77047001646508,25.036124279484756],[121.7704841153658,25.038381158854907],[121.77296137863428,25.03836829281351],[121.7729472344137,25.03611141475978],[121.77047001646508,25.036124279484756]]]}},{"type":"Feature","properties":{"cell_id":"65000:250:11080:1312","county_id":"65000","city":"NewTaipei","district":"平溪區","population_estimate":4.618812834391434,"population_known_estimate":4.618812834391434,"population_data_fraction":1.0,"population_method":"uniform_proxy","population_period":"2024-12","population_density_per_km2":73.90100535026295,"bus_walk_mean_m":176.71336402874704,"bus_walk_p90_m":176.71336402874704,"bus_known_weight":1.0,"metro_walk_mean_m":20570.799905309985,"metro_known_weight":1.0,"position_status":"fallback_unverified","classification":"within_walk_threshold","residential_gap":false},"geometry":{"type":"Polygon","coordinates":[[[121.7729472344137,25.03611141475978],[121.77296137863428,25.03836829281351],[121.7754386401923,25.038355385480244],[121.77542445065201,25.036098508747163],[121.7729472344137,25.03611141475978]]]}},{"type":"Feature","properties":{"cell_id":"65000:250:11080:1313","county_id":"65000","city":"NewTaipei","district":"平溪區","population_estimate":5.52883437872418,"population_known_estimate":5.52883437872418,"population_data_fraction":1.0,"population_method":"uniform_proxy","population_period":"2024-12","population_density_per_km2":88.46135005958688,"bus_walk_mean_m":null,"bus_walk_p90_m":null,"bus_known_weight":0.0,"metro_walk_mean_m":null,"metro_known_weight":0.0,"position_status":"fallback_unverified","classification":"unresolved_walk_evidence","residential_gap":false},"geometry":{"type":"Polygon","coordinates":[[[121.77542445065201,25.036098508747163],[121.7754386401923,25.038355385480244],[121.77791590003439,25.038342436855224],[121.77790166517451,25.036085561447017],[121.77542445065201,25.036098508747163]]]}},{"type":"Feature","properties":{"cell_id":"65000:250:11080:1314","county_id":"65000","city":"NewTaipei","district":"平溪區","population_estimate":2.344171997458562,"population_known_estimate":2.344171997458562,"population_data_fraction":1.0,"population_method":"uniform_proxy","population_period":"2024-12","population_density_per_km2":37.506751959336995,"bus_walk_mean_m":784.0936282732276,"bus_walk_p90_m":784.0936282732276,"bus_known_weight":1.0,"metro_walk_mean_m":21632.88869445363,"metro_known_weight":1.0,"position_status":"fallback_unverified","classification":"barrier_detour_candidate","residential_gap":true},"geometry":{"type":"Polygon","coordinates":[[[121.77790166517451,25.036085561447017],[121.77791590003439,25.038342436855224],[121.78039315815508,25.038329446938565],[121.78037887797576,25.036072572859453],[121.77790166517451,25.036085561447017]]]}},{"type":"Feature","properties":{"cell_id":"65000:250:11080:1315","county_id":"65000","city":"NewTaipei","district":"平溪區","population_estimate":0.8797868935683776,"population_known_estimate":0.8797868935683776,"population_data_fraction":1.0,"population_method":"uniform_proxy","population_period":"2024-12","population_density_per_km2":14.076590297094041,"bus_walk_mean_m":null,"bus_walk_p90_m":null,"bus_known_weight":0.0,"metro_walk_mean_m":null,"metro_known_weight":0.0,"position_status":"fallback_unverified","classification":"unresolved_walk_evidence","residential_gap":false},"geometry":{"type":"Polygon","coordinates":[[[121.78037887797576,25.036072572859453],[121.78039315815508,25.038329446938565],[121.78287041454887,25.038316415730378],[121.78285608905024,25.03605954298459],[121.78037887797576,25.036072572859453]]]}},{"type":"Feature","properties":{"cell_id":"65000:250:11080:1316","county_id":"65000","city":"NewTaipei","district":"平溪區","population_estimate":0.0,"population_known_estimate":0.0,"population_data_fraction":1.0,"population_method":"residential_support","population_period":"2024-12","population_density_per_km2":0.0,"bus_walk_mean_m":null,"bus_walk_p90_m":null,"bus_known_weight":0.0,"metro_walk_mean_m":null,"metro_known_weight":0.0,"position_status":"fallback_unverified","classification":"zero_residential_proxy","residential_gap":false},"geometry":{"type":"Polygon","coordinates":[[[121.78285608905024,25.03605954298459],[121.78287041454887,25.038316415730378],[121.78534766921028,25.038303343230776],[121.78533329839249,25.03604647182253],[121.78285608905024,25.03605954298459]]]}},{"type":"Feature","properties":{"cell_id":"65000:250:11080:1317","county_id":"65000","city":"NewTaipei","district":"平溪區","population_estimate":0.0,"population_known_estimate":0.0,"population_data_fraction":1.0,"population_method":"residential_support","population_period":"2024-12","population_density_per_km2":0.0,"bus_walk_mean_m":1485.458793899169,"bus_walk_p90_m":1485.458793899169,"bus_known_weight":1.0,"metro_walk_mean_m":22781.485295586594,"metro_known_weight":1.0,"position_status":"fallback_unverified","classification":"zero_residential_proxy","residential_gap":false},"geometry":{"type":"Polygon","coordinates":[[[121.78533329839249,25.03604647182253],[121.78534766921028,25.038303343230776],[121.78782492213386,25.038290229439863],[121.78781050599704,25.03603335937339],[121.78533329839249,25.03604647182253]]]}},{"type":"Feature","properties":{"cell_id":"65000:250:11080:1318","county_id":"65000","city":"NewTaipei","district":"平溪區","population_estimate":0.0,"population_known_estimate":0.0,"population_data_fraction":1.0,"population_method":"residential_support","population_period":"2024-12","population_density_per_km2":0.0,"bus_walk_mean_m":null,"bus_walk_p90_m":null,"bus_known_weight":0.0,"metro_walk_mean_m":null,"metro_known_weight":0.0,"position_status":"fallback_unverified","classification":"zero_residential_proxy","residential_gap":false},"geometry":{"type":"Polygon","coordinates":[[[121.78781050599704,25.03603335937339],[121.78782492213386,25.038290229439863],[121.7903021733141,25.03827707435777],[121.79028771185841,25.0360202056373],[121.78781050599704,25.03603335937339]]]}},{"type":"Feature","properties":{"cell_id":"65000:250:11080:1319","county_id":"65000","city":"NewTaipei","district":"平溪區","population_estimate":0.0,"population_known_estimate":0.0,"population_data_fraction":1.0,"population_method":"residential_support","population_period":"2024-12","population_density_per_km2":0.0,"bus_walk_mean_m":null,"bus_walk_p90_m":null,"bus_known_weight":0.0,"metro_walk_mean_m":null,"metro_known_weight":0.0,"position_status":"fallback_unverified","classification":"zero_residential_proxy","residential_gap":false},"geometry":{"type":"Polygon","coordinates":[[[121.79028771185841,25.0360202056373],[121.7903021733141,25.03827707435777],[121.79277942274554,25.038263877984605],[121.79276491597109,25.036007010614348],[121.79028771185841,25.0360202056373]]]}},{"type":"Feature","properties":{"cell_id":"65000:250:11080:1320","county_id":"65000","city":"NewTaipei","district":"平溪區","population_estimate":0.0,"population_known_estimate":0.0,"population_data_fraction":1.0,"population_method":"residential_support","population_period":"2024-12","population_density_per_km2":0.0,"bus_walk_mean_m":2813.056676826447,"bus_walk_p90_m":2813.056676826447,"bus_known_weight":1.0,"metro_walk_mean_m":24142.00388838179,"metro_known_weight":1.0,"position_status":"fallback_unverified","classification":"zero_residential_proxy","residential_gap":false},"geometry":{"type":"Polygon","coordinates":[[[121.79276491597109,25.036007010614348],[121.79277942274554,25.038263877984605],[121.79525667042269,25.03825064032047],[121.79524211832964,25.035993774304664],[121.79276491597109,25.036007010614348]]]}},{"type":"Feature","properties":{"cell_id":"65000:250:11080:1321","county_id":"65000","city":"NewTaipei","district":"平溪區","population_estimate":0.4308434298720793,"population_known_estimate":0.4308434298720793,"population_data_fraction":1.0,"population_method":"uniform_proxy","population_period":"2024-12","population_density_per_km2":6.893494877953269,"bus_walk_mean_m":3033.0727065816704,"bus_walk_p90_m":3033.0727065816704,"bus_known_weight":1.0,"metro_walk_mean_m":24362.019918137015,"metro_known_weight":1.0,"position_status":"fallback_unverified","classification":"residential_coverage_candidate","residential_gap":true},"geometry":{"type":"Polygon","coordinates":[[[121.79524211832964,25.035993774304664],[121.79525667042269,25.03825064032047],[121.79773391634004,25.038237361365493],[121.79771931892854,25.035980496708355],[121.79524211832964,25.035993774304664]]]}},{"type":"Feature","properties":{"cell_id":"65000:250:11080:1322","county_id":"65000","city":"NewTaipei","district":"平溪區","population_estimate":0.7427778851425381,"population_known_estimate":0.7427778851425381,"population_data_fraction":1.0,"population_method":"uniform_proxy","population_period":"2024-12","population_density_per_km2":11.884446162280609,"bus_walk_mean_m":3329.0176133340356,"bus_walk_p90_m":3329.0176133340356,"bus_known_weight":1.0,"metro_walk_mean_m":24657.96482488938,"metro_known_weight":1.0,"position_status":"fallback_unverified","classification":"residential_coverage_candidate","residential_gap":true},"geometry":{"type":"Polygon","coordinates":[[[121.79771931892854,25.035980496708355],[121.79773391634004,25.038237361365493],[121.8002111604922,25.038224041119786],[121.80019651776233,25.035967177825544],[121.79771931892854,25.035980496708355]]]}},{"type":"Feature","properties":{"cell_id":"65000:250:11080:1323","county_id":"65000","city":"NewTaipei","district":"平溪區","population_estimate":0.7135185872728614,"population_known_estimate":0.7135185872728614,"population_data_fraction":1.0,"population_method":"uniform_proxy","population_period":"2024-12","population_density_per_km2":11.416297396365783,"bus_walk_mean_m":3659.1313582172643,"bus_walk_p90_m":3659.1313582172643,"bus_known_weight":1.0,"metro_walk_mean_m":24988.078569772613,"metro_known_weight":1.0,"position_status":"fallback_unverified","classification":"residential_coverage_candidate","residential_gap":true},"geometry":{"type":"Polygon","coordinates":[[[121.80019651776233,25.035967177825544],[121.8002111604922,25.038224041119786],[121.80268840287359,25.03821067958347],[121.80267371482556,25.03595381765634],[121.80019651776233,25.035967177825544]]]}},{"type":"Feature","properties":{"cell_id":"65000:250:11080:1324","county_id":"65000","city":"NewTaipei","district":"平溪區","population_estimate":0.3929810012647953,"population_known_estimate":0.3929810012647953,"population_data_fraction":1.0,"population_method":"uniform_proxy","population_period":"2024-12","population_density_per_km2":6.287696020236725,"bus_walk_mean_m":3964.7657141331356,"bus_walk_p90_m":3964.7657141331356,"bus_known_weight":1.0,"metro_walk_mean_m":25296.547980153562,"metro_known_weight":1.0,"position_status":"fallback_unverified","classification":"residential_coverage_candidate","residential_gap":true},"geometry":{"type":"Polygon","coordinates":[[[121.80267371482556,25.03595381765634],[121.80268840287359,25.03821067958347],[121.80516564347877,25.03819727675664],[121.8051509101127,25.035940416200862],[121.80267371482556,25.03595381765634]]]}},{"type":"Feature","properties":{"cell_id":"65000:250:11080:1325","county_id":"65000","city":"NewTaipei","district":"平溪區","population_estimate":0.602807708237565,"population_known_estimate":0.602807708237565,"population_data_fraction":1.0,"population_method":"uniform_proxy","population_period":"2024-12","population_density_per_km2":9.64492333180104,"bus_walk_mean_m":3588.996880449708,"bus_walk_p90_m":3588.996880449708,"bus_known_weight":1.0,"metro_walk_mean_m":25544.267900139632,"metro_known_weight":1.0,"position_status":"fallback_unverified","classification":"residential_coverage_candidate","residential_gap":true},"geometry":{"type":"Polygon","coordinates":[[[121.8051509101127,25.035940416200862],[121.80516564347877,25.03819727675664],[121.80764288230228,25.03818383263944],[121.80762810361834,25.03592697345923],[121.8051509101127,25.035940416200862]]]}},{"type":"Feature","properties":{"cell_id":"65000:250:11081:1289","county_id":"65000","city":"NewTaipei","district":"平溪區","population_estimate":0.36700743037691924,"population_known_estimate":0.36700743037691924,"population_data_fraction":1.0,"population_method":"uniform_proxy","population_period":"2024-12","population_density_per_km2":5.872118886030708,"bus_walk_mean_m":237.72917636436355,"bus_walk_p90_m":237.72917636436355,"bus_known_weight":1.0,"metro_walk_mean_m":13766.69248686361,"metro_known_weight":1.0,"position_status":"fallback_unverified","classification":"within_walk_threshold","residential_gap":false},"geometry":{"type":"Polygon","coordinates":[[[121.71598390180695,25.038653764701802],[121.71599700522154,25.04091067127257],[121.7184743500617,25.040898712456272],[121.71846120131889,25.038641807109023],[121.71598390180695,25.038653764701802]]]}},{"type":"Feature","properties":{"cell_id":"65000:250:11081:1290","county_id":"65000","city":"NewTaipei","district":"平溪區","population_estimate":0.47906469273445984,"population_known_estimate":0.47906469273445984,"population_data_fraction":1.0,"population_method":"uniform_proxy","population_period":"2024-12","population_density_per_km2":7.6650350837513574,"bus_walk_mean_m":845.0488437888159,"bus_walk_p90_m":845.0488437888159,"bus_known_weight":1.0,"metro_walk_mean_m":14374.012154288062,"metro_known_weight":1.0,"position_status":"fallback_unverified","classification":"barrier_detour_candidate","residential_gap":true},"geometry":{"type":"Polygon","coordinates":[[[121.71846120131889,25.038641807109023],[121.7184743500617,25.040898712456272],[121.72095169331187,25.040886712341514],[121.72093849924093,25.03862980822202],[121.71846120131889,25.038641807109023]]]}},{"type":"Feature","properties":{"cell_id":"65000:250:11081:1291","county_id":"65000","city":"NewTaipei","district":"平溪區","population_estimate":0.47906469273445984,"population_known_estimate":0.47906469273445984,"population_data_fraction":1.0,"population_method":"uniform_proxy","population_period":"2024-12","population_density_per_km2":7.6650350837513574,"bus_walk_mean_m":1125.2722111040248,"bus_walk_p90_m":1125.2722111040248,"bus_known_weight":1.0,"metro_walk_mean_m":14654.235521603272,"metro_known_weight":1.0,"position_status":"fallback_unverified","classification":"residential_coverage_candidate","residential_gap":true},"geometry":{"type":"Polygon","coordinates":[[[121.72093849924093,25.03862980822202],[121.72095169331187,25.040886712341514],[121.72342903496651,25.0408746709284],[121.72341579556759,25.038617768040872],[121.72093849924093,25.03862980822202]]]}},{"type":"Feature","properties":{"cell_id":"65000:250:11081:1292","county_id":"65000","city":"NewTaipei","district":"平溪區","population_estimate":0.4775919064839057,"population_known_estimate":0.4775919064839057,"population_data_fraction":1.0,"population_method":"uniform_proxy","population_period":"2024-12","population_density_per_km2":7.641470503742491,"bus_walk_mean_m":null,"bus_walk_p90_m":null,"bus_known_weight":0.0,"metro_walk_mean_m":null,"metro_known_weight":0.0,"position_status":"fallback_unverified","classification":"unresolved_walk_evidence","residential_gap":false},"geometry":{"type":"Polygon","coordinates":[[[121.72341579556759,25.038617768040872],[121.72342903496651,25.0408746709284],[121.7259063750202,25.040862588217028],[121.72589309029344,25.0386056865657],[121.72341579556759,25.038617768040872]]]}},{"type":"Feature","properties":{"cell_id":"65000:250:11081:1293","county_id":"65000","city":"NewTaipei","district":"平溪區","population_estimate":0.4224314532492481,"population_known_estimate":0.4224314532492481,"population_data_fraction":1.0,"population_method":"uniform_proxy","population_period":"2024-12","population_density_per_km2":6.758903251987969,"bus_walk_mean_m":1713.7985268990337,"bus_walk_p90_m":1713.7985268990337,"bus_known_weight":1.0,"metro_walk_mean_m":15003.702858432402,"metro_known_weight":1.0,"position_status":"fallback_unverified","classification":"residential_coverage_candidate","residential_gap":true},"geometry":{"type":"Polygon","coordinates":[[[121.72589309029344,25.0386056865657],[121.7259063750202,25.040862588217028],[121.72838371346742,25.04085046420751],[121.72837038341294,25.0385935637966],[121.72589309029344,25.0386056865657]]]}},{"type":"Feature","properties":{"cell_id":"65000:250:11081:1294","county_id":"65000","city":"NewTaipei","district":"平溪區","population_estimate":0.4072812282656033,"population_known_estimate":0.4072812282656033,"population_data_fraction":1.0,"population_method":"uniform_proxy","population_period":"2024-12","population_density_per_km2":6.516499652249653,"bus_walk_mean_m":null,"bus_walk_p90_m":null,"bus_known_weight":0.0,"metro_walk_mean_m":null,"metro_known_weight":0.0,"position_status":"fallback_unverified","classification":"unresolved_walk_evidence","residential_gap":false},"geometry":{"type":"Polygon","coordinates":[[[121.72837038341294,25.0385935637966],[121.72838371346742,25.04085046420751],[121.73086105030272,25.040838298899946],[121.73084767492062,25.038581399733683],[121.72837038341294,25.0385935637966]]]}},{"type":"Feature","properties":{"cell_id":"65000:250:11081:1295","county_id":"65000","city":"NewTaipei","district":"平溪區","population_estimate":0.24304913190926553,"population_known_estimate":0.24304913190926553,"population_data_fraction":1.0,"population_method":"uniform_proxy","population_period":"2024-12","population_density_per_km2":3.8887861105482484,"bus_walk_mean_m":null,"bus_walk_p90_m":null,"bus_known_weight":0.0,"metro_walk_mean_m":null,"metro_known_weight":0.0,"position_status":"fallback_unverified","classification":"unresolved_walk_evidence","residential_gap":false},"geometry":{"type":"Polygon","coordinates":[[[121.73084767492062,25.038581399733683],[121.73086105030272,25.040838298899946],[121.73333838552058,25.04082609229444],[121.73332496481103,25.038569194377057],[121.73084767492062,25.038581399733683]]]}},{"type":"Feature","properties":{"cell_id":"65000:250:11081:1296","county_id":"65000","city":"NewTaipei","district":"平溪區","population_estimate":0.0,"population_known_estimate":0.0,"population_data_fraction":1.0,"population_method":"residential_support","population_period":"2024-12","population_density_per_km2":0.0,"bus_walk_mean_m":null,"bus_walk_p90_m":null,"bus_known_weight":0.0,"metro_walk_mean_m":null,"metro_known_weight":0.0,"position_status":"fallback_unverified","classification":"zero_residential_proxy","residential_gap":false},"geometry":{"type":"Polygon","coordinates":[[[121.73332496481103,25.038569194377057],[121.73333838552058,25.04082609229444],[121.73581571911555,25.040813844391113],[121.73580225307865,25.038556947726825],[121.73332496481103,25.038569194377057]]]}},{"type":"Feature","properties":{"cell_id":"65000:250:11081:1297","county_id":"65000","city":"NewTaipei","district":"平溪區","population_estimate":0.0,"population_known_estimate":0.0,"population_data_fraction":1.0,"population_method":"residential_support","population_period":"2024-12","population_density_per_km2":0.0,"bus_walk_mean_m":2833.099967671994,"bus_walk_p90_m":2833.099967671994,"bus_known_weight":1.0,"metro_walk_mean_m":15507.921550148838,"metro_known_weight":1.0,"position_status":"fallback_unverified","classification":"zero_residential_proxy","residential_gap":false},"geometry":{"type":"Polygon","coordinates":[[[121.73580225307865,25.038556947726825],[121.73581571911555,25.040813844391113],[121.73829305108212,25.040801555190054],[121.73827953971804,25.03854465978309],[121.73580225307865,25.038556947726825]]]}},{"type":"Feature","properties":{"cell_id":"65000:250:11081:1298","county_id":"65000","city":"NewTaipei","district":"平溪區","population_estimate":0.0,"population_known_estimate":0.0,"population_data_fraction":1.0,"population_method":"residential_support","population_period":"2024-12","population_density_per_km2":0.0,"bus_walk_mean_m":null,"bus_walk_p90_m":null,"bus_known_weight":0.0,"metro_walk_mean_m":null,"metro_known_weight":0.0,"position_status":"fallback_unverified","classification":"zero_residential_proxy","residential_gap":false},"geometry":{"type":"Polygon","coordinates":[[[121.73827953971804,25.03854465978309],[121.73829305108212,25.040801555190054],[121.74077038141486,25.04078922469137],[121.7407568247237,25.038532330545962],[121.73827953971804,25.03854465978309]]]}},{"type":"Feature","properties":{"cell_id":"65000:250:11081:1299","county_id":"65000","city":"NewTaipei","district":"平溪區","population_estimate":0.0,"population_known_estimate":0.0,"population_data_fraction":1.0,"population_method":"residential_support","population_period":"2024-12","population_density_per_km2":0.0,"bus_walk_mean_m":null,"bus_walk_p90_m":null,"bus_known_weight":0.0,"metro_walk_mean_m":null,"metro_known_weight":0.0,"position_status":"fallback_unverified","classification":"zero_residential_proxy","residential_gap":false},"geometry":{"type":"Polygon","coordinates":[[[121.7407568247237,25.038532330545962],[121.74077038141486,25.04078922469137],[121.74324771010825,25.040776852895185],[121.74323410809014,25.038519960015545],[121.7407568247237,25.038532330545962]]]}},{"type":"Feature","properties":{"cell_id":"65000:250:11081:1300","county_id":"65000","city":"NewTaipei","district":"平溪區","population_estimate":0.0,"population_known_estimate":0.0,"population_data_fraction":1.0,"population_method":"residential_support","population_period":"2024-12","population_density_per_km2":0.0,"bus_walk_mean_m":1279.299031541667,"bus_walk_p90_m":1279.299031541667,"bus_known_weight":1.0,"metro_walk_mean_m":15880.200252527375,"metro_known_weight":1.0,"position_status":"fallback_unverified","classification":"zero_residential_proxy","residential_gap":false},"geometry":{"type":"Polygon","coordinates":[[[121.74323410809014,25.038519960015545],[121.74324771010825,25.040776852895185],[121.74572503715682,25.040764439801592],[121.74571138981189,25.03850754819194],[121.74323410809014,25.038519960015545]]]}},{"type":"Feature","properties":{"cell_id":"65000:250:11081:1301","county_id":"65000","city":"NewTaipei","district":"平溪區","population_estimate":0.05432547954630245,"population_known_estimate":0.05432547954630245,"population_data_fraction":1.0,"population_method":"uniform_proxy","population_period":"2024-12","population_density_per_km2":0.8692076727408392,"bus_walk_mean_m":1216.500216582339,"bus_walk_p90_m":1216.500216582339,"bus_known_weight":1.0,"metro_walk_mean_m":16382.060812076237,"metro_known_weight":1.0,"position_status":"fallback_unverified","classification":"residential_coverage_candidate","residential_gap":true},"geometry":{"type":"Polygon","coordinates":[[[121.74571138981189,25.03850754819194],[121.74572503715682,25.040764439801592],[121.74820236255506,25.040751985410697],[121.74818866988346,25.038495095075273],[121.74571138981189,25.03850754819194]]]}},{"type":"Feature","properties":{"cell_id":"65000:250:11081:1302","county_id":"65000","city":"NewTaipei","district":"平溪區","population_estimate":0.32132099558194793,"population_known_estimate":0.32132099558194793,"population_data_fraction":1.0,"population_method":"uniform_proxy","population_period":"2024-12","population_density_per_km2":5.141135929311167,"bus_walk_mean_m":1627.3388197163467,"bus_walk_p90_m":1627.3388197163467,"bus_known_weight":1.0,"metro_walk_mean_m":16961.064029407997,"metro_known_weight":1.0,"position_status":"fallback_unverified","classification":"residential_coverage_candidate","residential_gap":true},"geometry":{"type":"Polygon","coordinates":[[[121.74818866988346,25.038495095075273],[121.74820236255506,25.040751985410697],[121.75067968629757,25.040739489722615],[121.7506659482994,25.03848260066564],[121.74818866988346,25.038495095075273]]]}},{"type":"Feature","properties":{"cell_id":"65000:250:11081:1303","county_id":"65000","city":"NewTaipei","district":"平溪區","population_estimate":0.3214238535874498,"population_known_estimate":0.3214238535874498,"population_data_fraction":1.0,"population_method":"uniform_proxy","population_period":"2024-12","population_density_per_km2":5.142781657399197,"bus_walk_mean_m":1807.5112782731428,"bus_walk_p90_m":1807.5112782731428,"bus_known_weight":1.0,"metro_walk_mean_m":17708.976639685523,"metro_known_weight":1.0,"position_status":"fallback_unverified","classification":"residential_coverage_candidate","residential_gap":true},"geometry":{"type":"Polygon","coordinates":[[[121.7506659482994,25.03848260066564],[121.75067968629757,25.040739489722615],[121.75315700837878,25.04072695273745],[121.75314322505419,25.03847006496315],[121.7506659482994,25.03848260066564]]]}},{"type":"Feature","properties":{"cell_id":"65000:250:11081:1304","county_id":"65000","city":"NewTaipei","district":"平溪區","population_estimate":0.3214238535874498,"population_known_estimate":0.3214238535874498,"population_data_fraction":1.0,"population_method":"uniform_proxy","population_period":"2024-12","population_density_per_km2":5.142781657399197,"bus_walk_mean_m":1716.5890981644548,"bus_walk_p90_m":1716.5890981644548,"bus_known_weight":1.0,"metro_walk_mean_m":17721.271753597965,"metro_known_weight":1.0,"position_status":"fallback_unverified","classification":"residential_coverage_candidate","residential_gap":true},"geometry":{"type":"Polygon","coordinates":[[[121.75314322505419,25.03847006496315],[121.75315700837878,25.04072695273745],[121.75563432879325,25.04071437445532],[121.7556205001424,25.038457487967907],[121.75314322505419,25.03847006496315]]]}},{"type":"Feature","properties":{"cell_id":"65000:250:11081:1305","county_id":"65000","city":"NewTaipei","district":"平溪區","population_estimate":1.8134782807680778,"population_known_estimate":1.8134782807680778,"population_data_fraction":1.0,"population_method":"uniform_proxy","population_period":"2024-12","population_density_per_km2":29.015652492289245,"bus_walk_mean_m":1622.488494992302,"bus_walk_p90_m":1622.488494992302,"bus_known_weight":1.0,"metro_walk_mean_m":18117.476270016316,"metro_known_weight":1.0,"position_status":"fallback_unverified","classification":"residential_coverage_candidate","residential_gap":true},"geometry":{"type":"Polygon","coordinates":[[[121.7556205001424,25.038457487967907],[121.75563432879325,25.04071437445532],[121.75811164753549,25.04070175487632],[121.75809777355849,25.03844486968004],[121.7556205001424,25.038457487967907]]]}},{"type":"Feature","properties":{"cell_id":"65000:250:11081:1306","county_id":"65000","city":"NewTaipei","district":"平溪區","population_estimate":2.5140673689185893,"population_known_estimate":2.5140673689185893,"population_data_fraction":1.0,"population_method":"uniform_proxy","population_period":"2024-12","population_density_per_km2":40.22507790269743,"bus_walk_mean_m":null,"bus_walk_p90_m":null,"bus_known_weight":0.0,"metro_walk_mean_m":null,"metro_known_weight":0.0,"position_status":"fallback_unverified","classification":"unresolved_walk_evidence","residential_gap":false},"geometry":{"type":"Polygon","coordinates":[[[121.75809777355849,25.03844486968004],[121.75811164753549,25.04070175487632],[121.76058896460002,25.040689094000566],[121.76057504529702,25.038432210099632],[121.75809777355849,25.03844486968004]]]}},{"type":"Feature","properties":{"cell_id":"65000:250:11081:1307","county_id":"65000","city":"NewTaipei","district":"平溪區","population_estimate":2.4413554280900187,"population_known_estimate":2.4413554280900187,"population_data_fraction":1.0,"population_method":"uniform_proxy","population_period":"2024-12","population_density_per_km2":39.0616868494403,"bus_walk_mean_m":null,"bus_walk_p90_m":null,"bus_known_weight":0.0,"metro_walk_mean_m":null,"metro_known_weight":0.0,"position_status":"fallback_unverified","classification":"unresolved_walk_evidence","residential_gap":false},"geometry":{"type":"Polygon","coordinates":[[[121.76057504529702,25.038432210099632],[121.76058896460002,25.040689094000566],[121.76306627998137,25.040676391828168],[121.7630523153525,25.0384195092268],[121.76057504529702,25.038432210099632]]]}},{"type":"Feature","properties":{"cell_id":"65000:250:11081:1308","county_id":"65000","city":"NewTaipei","district":"平溪區","population_estimate":1.3623942707531769,"population_known_estimate":1.3623942707531769,"population_data_fraction":0.9999999999999998,"population_method":"uniform_proxy","population_period":"2024-12","population_density_per_km2":21.79830833205083,"bus_walk_mean_m":null,"bus_walk_p90_m":null,"bus_known_weight":0.0,"metro_walk_mean_m":null,"metro_known_weight":0.0,"position_status":"fallback_unverified","classification":"unresolved_walk_evidence","residential_gap":false},"geometry":{"type":"Polygon","coordinates":[[[121.7630523153525,25.0384195092268],[121.76306627998137,25.040676391828168],[121.76554359367405,25.04066364835923],[121.76552958371943,25.03840676706167],[121.7630523153525,25.0384195092268]]]}},{"type":"Feature","properties":{"cell_id":"65000:250:11081:1309","county_id":"65000","city":"NewTaipei","district":"平溪區","population_estimate":0.08590648688991796,"population_known_estimate":0.08590648688991796,"population_data_fraction":1.0,"population_method":"uniform_proxy","population_period":"2024-12","population_density_per_km2":1.3745037902386874,"bus_walk_mean_m":null,"bus_walk_p90_m":null,"bus_known_weight":0.0,"metro_walk_mean_m":null,"metro_known_weight":0.0,"position_status":"fallback_unverified","classification":"unresolved_walk_evidence","residential_gap":false},"geometry":{"type":"Polygon","coordinates":[[[121.76552958371943,25.03840676706167],[121.76554359367405,25.04066364835923],[121.7680209056726,25.040650863593882],[121.76800685039237,25.038393983604337],[121.76552958371943,25.03840676706167]]]}},{"type":"Feature","properties":{"cell_id":"65000:250:11081:1310","county_id":"65000","city":"NewTaipei","district":"平溪區","population_estimate":0.0,"population_known_estimate":0.0,"population_data_fraction":1.0,"population_method":"residential_support","population_period":"2024-12","population_density_per_km2":0.0,"bus_walk_mean_m":1053.4469032382826,"bus_walk_p90_m":1053.4469032382826,"bus_known_weight":1.0,"metro_walk_mean_m":20446.09805228366,"metro_known_weight":1.0,"position_status":"fallback_unverified","classification":"zero_residential_proxy","residential_gap":false},"geometry":{"type":"Polygon","coordinates":[[[121.76800685039237,25.038393983604337],[121.7680209056726,25.040650863593882],[121.77049821597151,25.040638037532208],[121.7704841153658,25.038381158854907],[121.76800685039237,25.038393983604337]]]}},{"type":"Feature","properties":{"cell_id":"65000:250:11081:1311","county_id":"65000","city":"NewTaipei","district":"平溪區","population_estimate":0.0,"population_known_estimate":0.0,"population_data_fraction":0.9999999999999999,"population_method":"residential_support","population_period":"2024-12","population_density_per_km2":0.0,"bus_walk_mean_m":769.8945439446063,"bus_walk_p90_m":769.8945439446063,"bus_known_weight":1.0,"metro_walk_mean_m":20563.611822770228,"metro_known_weight":1.0,"position_status":"fallback_unverified","classification":"zero_residential_proxy","residential_gap":false},"geometry":{"type":"Polygon","coordinates":[[[121.7704841153658,25.038381158854907],[121.77049821597151,25.040638037532208],[121.77297552456531,25.040625170174337],[121.77296137863428,25.03836829281351],[121.7704841153658,25.038381158854907]]]}},{"type":"Feature","properties":{"cell_id":"65000:250:11081:1312","county_id":"65000","city":"NewTaipei","district":"平溪區","population_estimate":74.66739401991839,"population_known_estimate":74.66739401991839,"population_data_fraction":0.9999999999999428,"population_method":"uniform_proxy","population_period":"2024-12","population_density_per_km2":1194.6783043186942,"bus_walk_mean_m":790.4369786865044,"bus_walk_p90_m":1110.0397721035363,"bus_known_weight":0.9999999999999998,"metro_walk_mean_m":21303.005013556645,"metro_known_weight":0.9999999999999998,"position_status":"residential_area_proxy","classification":"barrier_detour_candidate","residential_gap":true},"geometry":{"type":"Polygon","coordinates":[[[121.77296137863428,25.03836829281351],[121.77297552456531,25.040625170174337],[121.77545283144853,25.040612261520376],[121.7754386401923,25.038355385480244],[121.77296137863428,25.03836829281351]]]}},{"type":"Feature","properties":{"cell_id":"65000:250:11081:1313","county_id":"65000","city":"NewTaipei","district":"平溪區","population_estimate":5.173881803752023,"population_known_estimate":5.173881803752023,"population_data_fraction":1.0,"population_method":"uniform_proxy","population_period":"2024-12","population_density_per_km2":82.78210886003237,"bus_walk_mean_m":139.7155587587498,"bus_walk_p90_m":139.7155587587498,"bus_known_weight":1.0,"metro_walk_mean_m":20920.580851467417,"metro_known_weight":1.0,"position_status":"fallback_unverified","classification":"within_walk_threshold","residential_gap":false},"geometry":{"type":"Polygon","coordinates":[[[121.7754386401923,25.038355385480244],[121.77545283144853,25.040612261520376],[121.77793013661568,25.040599311570436],[121.77791590003439,25.038342436855224],[121.7754386401923,25.038355385480244]]]}},{"type":"Feature","properties":{"cell_id":"65000:250:11081:1314","county_id":"65000","city":"NewTaipei","district":"平溪區","population_estimate":2.8263411337833397,"population_known_estimate":2.8263411337833397,"population_data_fraction":1.0,"population_method":"uniform_proxy","population_period":"2024-12","population_density_per_km2":45.221458140533436,"bus_walk_mean_m":462.2528362913681,"bus_walk_p90_m":462.2528362913681,"bus_known_weight":1.0,"metro_walk_mean_m":21325.3812353395,"metro_known_weight":1.0,"position_status":"fallback_unverified","classification":"within_walk_threshold","residential_gap":false},"geometry":{"type":"Polygon","coordinates":[[[121.77791590003439,25.038342436855224],[121.77793013661568,25.040599311570436],[121.78040744006128,25.040586320324632],[121.78039315815508,25.038329446938565],[121.77791590003439,25.038342436855224]]]}},{"type":"Feature","properties":{"cell_id":"65000:250:11081:1315","county_id":"65000","city":"NewTaipei","district":"平溪區","population_estimate":0.08120165520303083,"population_known_estimate":0.08120165520303083,"population_data_fraction":1.0,"population_method":"uniform_proxy","population_period":"2024-12","population_density_per_km2":1.2992264832484932,"bus_walk_mean_m":997.2300552477851,"bus_walk_p90_m":997.2300552477851,"bus_known_weight":1.0,"metro_walk_mean_m":21846.02512142819,"metro_known_weight":1.0,"position_status":"fallback_unverified","classification":"residential_coverage_candidate","residential_gap":true},"geometry":{"type":"Polygon","coordinates":[[[121.78039315815508,25.038329446938565],[121.78040744006128,25.040586320324632],[121.78288474177987,25.040573287783076],[121.78287041454887,25.038316415730378],[121.78039315815508,25.038329446938565]]]}},{"type":"Feature","properties":{"cell_id":"65000:250:11081:1316","county_id":"65000","city":"NewTaipei","district":"平溪區","population_estimate":0.0,"population_known_estimate":0.0,"population_data_fraction":1.0,"population_method":"residential_support","population_period":"2024-12","population_density_per_km2":0.0,"bus_walk_mean_m":1165.7115092867082,"bus_walk_p90_m":1165.7115092867082,"bus_known_weight":1.0,"metro_walk_mean_m":22424.359943032738,"metro_known_weight":1.0,"position_status":"fallback_unverified","classification":"zero_residential_proxy","residential_gap":false},"geometry":{"type":"Polygon","coordinates":[[[121.78287041454887,25.038316415730378],[121.78288474177987,25.040573287783076],[121.78536204176594,25.040560213945874],[121.78534766921028,25.038303343230776],[121.78287041454887,25.038316415730378]]]}},{"type":"Feature","properties":{"cell_id":"65000:250:11081:1317","county_id":"65000","city":"NewTaipei","district":"平溪區","population_estimate":0.0,"population_known_estimate":0.0,"population_data_fraction":1.0,"population_method":"residential_support","population_period":"2024-12","population_density_per_km2":0.0,"bus_walk_mean_m":null,"bus_walk_p90_m":null,"bus_known_weight":0.0,"metro_walk_mean_m":null,"metro_known_weight":0.0,"position_status":"fallback_unverified","classification":"zero_residential_proxy","residential_gap":false},"geometry":{"type":"Polygon","coordinates":[[[121.78534766921028,25.038303343230776],[121.78536204176594,25.040560213945874],[121.787839340014,25.040547098813146],[121.78782492213386,25.038290229439863],[121.78534766921028,25.038303343230776]]]}},{"type":"Feature","properties":{"cell_id":"65000:250:11081:1318","county_id":"65000","city":"NewTaipei","district":"平溪區","population_estimate":0.0,"population_known_estimate":0.0,"population_data_fraction":1.0,"population_method":"residential_support","population_period":"2024-12","population_density_per_km2":0.0,"bus_walk_mean_m":null,"bus_walk_p90_m":null,"bus_known_weight":0.0,"metro_walk_mean_m":null,"metro_known_weight":0.0,"position_status":"fallback_unverified","classification":"zero_residential_proxy","residential_gap":false},"geometry":{"type":"Polygon","coordinates":[[[121.78782492213386,25.038290229439863],[121.787839340014,25.040547098813146],[121.79031663651861,25.04053394238501],[121.7903021733141,25.03827707435777],[121.78782492213386,25.038290229439863]]]}},{"type":"Feature","properties":{"cell_id":"65000:250:11081:1319","county_id":"65000","city":"NewTaipei","district":"平溪區","population_estimate":0.0,"population_known_estimate":0.0,"population_data_fraction":1.0,"population_method":"residential_support","population_period":"2024-12","population_density_per_km2":0.0,"bus_walk_mean_m":2925.994466852085,"bus_walk_p90_m":2925.994466852085,"bus_known_weight":1.0,"metro_walk_mean_m":24268.198028138915,"metro_known_weight":1.0,"position_status":"fallback_unverified","classification":"zero_residential_proxy","residential_gap":false},"geometry":{"type":"Polygon","coordinates":[[[121.7903021733141,25.03827707435777],[121.79031663651861,25.04053394238501],[121.79279393127426,25.040520744661563],[121.79277942274554,25.038263877984605],[121.7903021733141,25.03827707435777]]]}},{"type":"Feature","properties":{"cell_id":"65000:250:11081:1320","county_id":"65000","city":"NewTaipei","district":"平溪區","population_estimate":0.0,"population_known_estimate":0.0,"population_data_fraction":1.0,"population_method":"residential_support","population_period":"2024-12","population_density_per_km2":0.0,"bus_walk_mean_m":2822.7910726445702,"bus_walk_p90_m":2822.7910726445702,"bus_known_weight":1.0,"metro_walk_mean_m":24164.9946339314,"metro_known_weight":1.0,"position_status":"fallback_unverified","classification":"zero_residential_proxy","residential_gap":false},"geometry":{"type":"Polygon","coordinates":[[[121.79277942274554,25.038263877984605],[121.79279393127426,25.040520744661563],[121.7952712242755,25.040507505642946],[121.79525667042269,25.03825064032047],[121.79277942274554,25.038263877984605]]]}},{"type":"Feature","properties":{"cell_id":"65000:250:11081:1321","county_id":"65000","city":"NewTaipei","district":"平溪區","population_estimate":0.0,"population_known_estimate":0.0,"population_data_fraction":1.0,"population_method":"residential_support","population_period":"2024-12","population_density_per_km2":0.0,"bus_walk_mean_m":null,"bus_walk_p90_m":null,"bus_known_weight":0.0,"metro_walk_mean_m":null,"metro_known_weight":0.0,"position_status":"fallback_unverified","classification":"zero_residential_proxy","residential_gap":false},"geometry":{"type":"Polygon","coordinates":[[[121.79525667042269,25.03825064032047],[121.7952712242755,25.040507505642946],[121.7977485155168,25.04049422532925],[121.79773391634004,25.038237361365493],[121.79525667042269,25.03825064032047]]]}},{"type":"Feature","properties":{"cell_id":"65000:250:11081:1322","county_id":"65000","city":"NewTaipei","district":"平溪區","population_estimate":0.0,"population_known_estimate":0.0,"population_data_fraction":1.0,"population_method":"residential_support","population_period":"2024-12","population_density_per_km2":0.0,"bus_walk_mean_m":null,"bus_walk_p90_m":null,"bus_known_weight":0.0,"metro_walk_mean_m":null,"metro_known_weight":0.0,"position_status":"fallback_unverified","classification":"zero_residential_proxy","residential_gap":false},"geometry":{"type":"Polygon","coordinates":[[[121.79773391634004,25.038237361365493],[121.7977485155168,25.04049422532925],[121.80022580499275,25.040480903720596],[121.8002111604922,25.038224041119786],[121.79773391634004,25.038237361365493]]]}},{"type":"Feature","properties":{"cell_id":"65000:250:11081:1323","county_id":"65000","city":"NewTaipei","district":"平溪區","population_estimate":0.0,"population_known_estimate":0.0,"population_data_fraction":1.0,"population_method":"residential_support","population_period":"2024-12","population_density_per_km2":0.0,"bus_walk_mean_m":3903.1000546814744,"bus_walk_p90_m":3903.1000546814744,"bus_known_weight":1.0,"metro_walk_mean_m":25232.04726623682,"metro_known_weight":1.0,"position_status":"fallback_unverified","classification":"zero_residential_proxy","residential_gap":false},"geometry":{"type":"Polygon","coordinates":[[[121.8002111604922,25.038224041119786],[121.80022580499275,25.040480903720596],[121.80270309269781,25.04046754081711],[121.80268840287359,25.03821067958347],[121.8002111604922,25.038224041119786]]]}},{"type":"Feature","properties":{"cell_id":"65000:250:11081:1324","county_id":"65000","city":"NewTaipei","district":"平溪區","population_estimate":0.0,"population_known_estimate":0.0,"population_data_fraction":1.0,"population_method":"residential_support","population_period":"2024-12","population_density_per_km2":0.0,"bus_walk_mean_m":null,"bus_walk_p90_m":null,"bus_known_weight":0.0,"metro_walk_mean_m":null,"metro_known_weight":0.0,"position_status":"fallback_unverified","classification":"zero_residential_proxy","residential_gap":false},"geometry":{"type":"Polygon","coordinates":[[[121.80268840287359,25.03821067958347],[121.80270309269781,25.04046754081711],[121.80518037862649,25.040454136618898],[121.80516564347877,25.03819727675664],[121.80268840287359,25.03821067958347]]]}},{"type":"Feature","properties":{"cell_id":"65000:250:11081:1325","county_id":"65000","city":"NewTaipei","district":"平溪區","population_estimate":0.0,"population_known_estimate":0.0,"population_data_fraction":1.0,"population_method":"residential_support","population_period":"2024-12","population_density_per_km2":0.0,"bus_walk_mean_m":3801.15496776303,"bus_walk_p90_m":3801.15496776303,"bus_known_weight":1.0,"metro_walk_mean_m":25781.19459363424,"metro_known_weight":1.0,"position_status":"fallback_unverified","classification":"zero_residential_proxy","residential_gap":false},"geometry":{"type":"Polygon","coordinates":[[[121.80516564347877,25.03819727675664],[121.80518037862649,25.040454136618898],[121.80765766277338,25.040440691126072],[121.80764288230228,25.03818383263944],[121.80516564347877,25.03819727675664]]]}},{"type":"Feature","properties":{"cell_id":"65000:250:11081:1326","county_id":"65000","city":"NewTaipei","district":"平溪區","population_estimate":0.0,"population_known_estimate":0.0,"population_data_fraction":0.9999999999999999,"population_method":"residential_support","population_period":"2024-12","population_density_per_km2":0.0,"bus_walk_mean_m":3748.900435663884,"bus_walk_p90_m":3748.900435663884,"bus_known_weight":1.0,"metro_walk_mean_m":26101.115644400532,"metro_known_weight":1.0,"position_status":"fallback_unverified","classification":"zero_residential_proxy","residential_gap":false},"geometry":{"type":"Polygon","coordinates":[[[121.80764288230228,25.03818383263944],[121.80765766277338,25.040440691126072],[121.81013494513294,25.040427204338766],[121.8101201193386,25.038170347231972],[121.80764288230228,25.03818383263944]]]}},{"type":"Feature","properties":{"cell_id":"65000:250:11082:1289","county_id":"65000","city":"NewTaipei","district":"平溪區","population_estimate":0.30417318375294,"population_known_estimate":0.30417318375294,"population_data_fraction":1.0,"population_method":"uniform_proxy","population_period":"2024-12","population_density_per_km2":4.86677094004704,"bus_walk_mean_m":459.50318739055575,"bus_walk_p90_m":459.50318739055575,"bus_known_weight":1.0,"metro_walk_mean_m":13988.466497889804,"metro_known_weight":1.0,"position_status":"fallback_unverified","classification":"within_walk_threshold","residential_gap":false},"geometry":{"type":"Polygon","coordinates":[[[121.71599700522154,25.04091067127257],[121.71601011022065,25.043167577151436],[121.71848750039455,25.043155617111566],[121.7184743500617,25.040898712456272],[121.71599700522154,25.04091067127257]]]}},{"type":"Feature","properties":{"cell_id":"65000:250:11082:1290","county_id":"65000","city":"NewTaipei","district":"平溪區","population_estimate":0.4656781945850559,"population_known_estimate":0.4656781945850559,"population_data_fraction":1.0,"population_method":"uniform_proxy","population_period":"2024-12","population_density_per_km2":7.450851113360894,"bus_walk_mean_m":525.3932470813621,"bus_walk_p90_m":525.3932470813621,"bus_known_weight":1.0,"metro_walk_mean_m":14054.356557580608,"metro_known_weight":1.0,"position_status":"fallback_unverified","classification":"barrier_detour_candidate","residential_gap":true},"geometry":{"type":"Polygon","coordinates":[[[121.7184743500617,25.040898712456272],[121.71848750039455,25.043155617111566],[121.7209648889783,25.04314361576902],[121.72095169331187,25.040886712341514],[121.7184743500617,25.040898712456272]]]}},{"type":"Feature","properties":{"cell_id":"65000:250:11082:1291","county_id":"65000","city":"NewTaipei","district":"平溪區","population_estimate":0.47527684059943065,"population_known_estimate":0.47527684059943065,"population_data_fraction":1.0,"population_method":"uniform_proxy","population_period":"2024-12","population_density_per_km2":7.60442944959089,"bus_walk_mean_m":947.7501685434689,"bus_walk_p90_m":947.7501685434689,"bus_known_weight":1.0,"metro_walk_mean_m":14476.713479042717,"metro_known_weight":1.0,"position_status":"fallback_unverified","classification":"residential_coverage_candidate","residential_gap":true},"geometry":{"type":"Polygon","coordinates":[[[121.72095169331187,25.040886712341514],[121.7209648889783,25.04314361576902],[121.7234422759664,25.043131573123887],[121.72342903496651,25.0408746709284],[121.72095169331187,25.040886712341514]]]}},{"type":"Feature","properties":{"cell_id":"65000:250:11082:1292","county_id":"65000","city":"NewTaipei","district":"平溪區","population_estimate":0.47015071571267397,"population_known_estimate":0.47015071571267397,"population_data_fraction":1.0,"population_method":"uniform_proxy","population_period":"2024-12","population_density_per_km2":7.5224114514027836,"bus_walk_mean_m":2095.100273723061,"bus_walk_p90_m":2095.100273723061,"bus_known_weight":1.0,"metro_walk_mean_m":15051.69527595052,"metro_known_weight":1.0,"position_status":"fallback_unverified","classification":"residential_coverage_candidate","residential_gap":true},"geometry":{"type":"Polygon","coordinates":[[[121.72342903496651,25.0408746709284],[121.7234422759664,25.043131573123887],[121.72591966135343,25.04311948917627],[121.7259063750202,25.040862588217028],[121.72342903496651,25.0408746709284]]]}},{"type":"Feature","properties":{"cell_id":"65000:250:11082:1293","county_id":"65000","city":"NewTaipei","district":"平溪區","population_estimate":0.4198209828754857,"population_known_estimate":0.4198209828754857,"population_data_fraction":1.0,"population_method":"uniform_proxy","population_period":"2024-12","population_density_per_km2":6.717135726007771,"bus_walk_mean_m":2322.4036245621032,"bus_walk_p90_m":2322.4036245621032,"bus_known_weight":1.0,"metro_walk_mean_m":14732.591932027395,"metro_known_weight":1.0,"position_status":"fallback_unverified","classification":"residential_coverage_candidate","residential_gap":true},"geometry":{"type":"Polygon","coordinates":[[[121.7259063750202,25.040862588217028],[121.72591966135343,25.04311948917627],[121.72839704513386,25.043107363926282],[121.72838371346742,25.04085046420751],[121.7259063750202,25.040862588217028]]]}},{"type":"Feature","properties":{"cell_id":"65000:250:11082:1294","county_id":"65000","city":"NewTaipei","district":"平溪區","population_estimate":0.3740987175916143,"population_known_estimate":0.3740987175916143,"population_data_fraction":1.0,"population_method":"uniform_proxy","population_period":"2024-12","population_density_per_km2":5.9855794814658285,"bus_walk_mean_m":null,"bus_walk_p90_m":null,"bus_known_weight":0.0,"metro_walk_mean_m":null,"metro_known_weight":0.0,"position_status":"fallback_unverified","classification":"unresolved_walk_evidence","residential_gap":false},"geometry":{"type":"Polygon","coordinates":[[[121.72838371346742,25.04085046420751],[121.72839704513386,25.043107363926282],[121.73087442730224,25.04309519737403],[121.73086105030272,25.040838298899946],[121.72838371346742,25.04085046420751]]]}},{"type":"Feature","properties":{"cell_id":"65000:250:11082:1295","county_id":"65000","city":"NewTaipei","district":"平溪區","population_estimate":0.033710455497712954,"population_known_estimate":0.033710455497712954,"population_data_fraction":0.9999999999999999,"population_method":"uniform_proxy","population_period":"2024-12","population_density_per_km2":0.5393672879634073,"bus_walk_mean_m":null,"bus_walk_p90_m":null,"bus_known_weight":0.0,"metro_walk_mean_m":null,"metro_known_weight":0.0,"position_status":"fallback_unverified","classification":"unresolved_walk_evidence","residential_gap":false},"geometry":{"type":"Polygon","coordinates":[[[121.73086105030272,25.040838298899946],[121.73087442730224,25.04309519737403],[121.73335180785303,25.04308298951961],[121.73333838552058,25.04082609229444],[121.73086105030272,25.040838298899946]]]}},{"type":"Feature","properties":{"cell_id":"65000:250:11082:1296","county_id":"65000","city":"NewTaipei","district":"平溪區","population_estimate":0.0,"population_known_estimate":0.0,"population_data_fraction":1.0,"population_method":"residential_support","population_period":"2024-12","population_density_per_km2":0.0,"bus_walk_mean_m":3244.184193892204,"bus_walk_p90_m":3244.184193892204,"bus_known_weight":1.0,"metro_walk_mean_m":15192.743887900884,"metro_known_weight":1.0,"position_status":"fallback_unverified","classification":"zero_residential_proxy","residential_gap":false},"geometry":{"type":"Polygon","coordinates":[[[121.73333838552058,25.04082609229444],[121.73335180785303,25.04308298951961],[121.73582918678083,25.04307074036314],[121.73581571911555,25.040813844391113],[121.73333838552058,25.04082609229444]]]}},{"type":"Feature","properties":{"cell_id":"65000:250:11082:1297","county_id":"65000","city":"NewTaipei","district":"平溪區","population_estimate":0.0,"population_known_estimate":0.0,"population_data_fraction":1.0,"population_method":"residential_support","population_period":"2024-12","population_density_per_km2":0.0,"bus_walk_mean_m":3238.950945528459,"bus_walk_p90_m":3238.950945528459,"bus_known_weight":1.0,"metro_walk_mean_m":15119.236388727952,"metro_known_weight":1.0,"position_status":"fallback_unverified","classification":"zero_residential_proxy","residential_gap":false},"geometry":{"type":"Polygon","coordinates":[[[121.73581571911555,25.040813844391113],[121.73582918678083,25.04307074036314],[121.7383065640801,25.04305844990471],[121.73829305108212,25.040801555190054],[121.73581571911555,25.040813844391113]]]}},{"type":"Feature","properties":{"cell_id":"65000:250:11082:1298","county_id":"65000","city":"NewTaipei","district":"平溪區","population_estimate":0.0,"population_known_estimate":0.0,"population_data_fraction":1.0,"population_method":"residential_support","population_period":"2024-12","population_density_per_km2":0.0,"bus_walk_mean_m":null,"bus_walk_p90_m":null,"bus_known_weight":0.0,"metro_walk_mean_m":null,"metro_known_weight":0.0,"position_status":"fallback_unverified","classification":"zero_residential_proxy","residential_gap":false},"geometry":{"type":"Polygon","coordinates":[[[121.73829305108212,25.040801555190054],[121.7383065640801,25.04305844990471],[121.74078393974538,25.043046118144442],[121.74077038141486,25.04078922469137],[121.73829305108212,25.040801555190054]]]}},{"type":"Feature","properties":{"cell_id":"65000:250:11082:1299","county_id":"65000","city":"NewTaipei","district":"平溪區","population_estimate":0.0,"population_known_estimate":0.0,"population_data_fraction":1.0,"population_method":"residential_support","population_period":"2024-12","population_density_per_km2":0.0,"bus_walk_mean_m":1700.5817103831575,"bus_walk_p90_m":1700.5817103831575,"bus_known_weight":1.0,"metro_walk_mean_m":15592.451199889741,"metro_known_weight":1.0,"position_status":"fallback_unverified","classification":"zero_residential_proxy","residential_gap":false},"geometry":{"type":"Polygon","coordinates":[[[121.74077038141486,25.04078922469137],[121.74078393974538,25.043046118144442],[121.74326131377119,25.043033745082433],[121.74324771010825,25.040776852895185],[121.74077038141486,25.04078922469137]]]}},{"type":"Feature","properties":{"cell_id":"65000:250:11082:1300","county_id":"65000","city":"NewTaipei","district":"平溪區","population_estimate":0.0,"population_known_estimate":0.0,"population_data_fraction":1.0,"population_method":"residential_support","population_period":"2024-12","population_density_per_km2":0.0,"bus_walk_mean_m":1673.7620245588073,"bus_walk_p90_m":1673.7620245588073,"bus_known_weight":1.0,"metro_walk_mean_m":16028.772944086106,"metro_known_weight":1.0,"position_status":"fallback_unverified","classification":"zero_residential_proxy","residential_gap":false},"geometry":{"type":"Polygon","coordinates":[[[121.74324771010825,25.040776852895185],[121.74326131377119,25.043033745082433],[121.74573868615205,25.043021330718794],[121.74572503715682,25.040764439801592],[121.74324771010825,25.040776852895185]]]}},{"type":"Feature","properties":{"cell_id":"65000:250:11082:1301","county_id":"65000","city":"NewTaipei","district":"平溪區","population_estimate":0.15894177588551714,"population_known_estimate":0.15894177588551714,"population_data_fraction":1.0,"population_method":"uniform_proxy","population_period":"2024-12","population_density_per_km2":2.5430684141682742,"bus_walk_mean_m":1946.3143180154766,"bus_walk_p90_m":1946.3143180154766,"bus_known_weight":1.0,"metro_walk_mean_m":16628.16817495124,"metro_known_weight":1.0,"position_status":"fallback_unverified","classification":"residential_coverage_candidate","residential_gap":true},"geometry":{"type":"Polygon","coordinates":[[[121.74572503715682,25.040764439801592],[121.74573868615205,25.043021330718794],[121.74821605688247,25.043008875053637],[121.74820236255506,25.040751985410697],[121.74572503715682,25.040764439801592]]]}},{"type":"Feature","properties":{"cell_id":"65000:250:11082:1302","county_id":"65000","city":"NewTaipei","district":"平溪區","population_estimate":0.3214238535874498,"population_known_estimate":0.3214238535874498,"population_data_fraction":1.0,"population_method":"uniform_proxy","population_period":"2024-12","population_density_per_km2":5.142781657399197,"bus_walk_mean_m":2003.215300233154,"bus_walk_p90_m":2003.215300233154,"bus_known_weight":1.0,"metro_walk_mean_m":17098.52468405303,"metro_known_weight":1.0,"position_status":"fallback_unverified","classification":"residential_coverage_candidate","residential_gap":true},"geometry":{"type":"Polygon","coordinates":[[[121.74820236255506,25.040751985410697],[121.74821605688247,25.043008875053637],[121.75069342595698,25.04299637808706],[121.75067968629757,25.040739489722615],[121.74820236255506,25.040751985410697]]]}},{"type":"Feature","properties":{"cell_id":"65000:250:11082:1303","county_id":"65000","city":"NewTaipei","district":"平溪區","population_estimate":0.3214238535874498,"population_known_estimate":0.3214238535874498,"population_data_fraction":1.0,"population_method":"uniform_proxy","population_period":"2024-12","population_density_per_km2":5.142781657399197,"bus_walk_mean_m":2129.6285007761394,"bus_walk_p90_m":2129.6285007761394,"bus_known_weight":1.0,"metro_walk_mean_m":17534.305517768473,"metro_known_weight":1.0,"position_status":"fallback_unverified","classification":"residential_coverage_candidate","residential_gap":true},"geometry":{"type":"Polygon","coordinates":[[[121.75067968629757,25.040739489722615],[121.75069342595698,25.04299637808706],[121.75317079337007,25.04298383981918],[121.75315700837878,25.04072695273745],[121.75067968629757,25.040739489722615]]]}},{"type":"Feature","properties":{"cell_id":"65000:250:11082:1304","county_id":"65000","city":"NewTaipei","district":"平溪區","population_estimate":0.3214238535874498,"population_known_estimate":0.3214238535874498,"population_data_fraction":1.0,"population_method":"uniform_proxy","population_period":"2024-12","population_density_per_km2":5.142781657399197,"bus_walk_mean_m":1992.6030100048395,"bus_walk_p90_m":1992.6030100048395,"bus_known_weight":1.0,"metro_walk_mean_m":17426.70434573914,"metro_known_weight":1.0,"position_status":"fallback_unverified","classification":"residential_coverage_candidate","residential_gap":true},"geometry":{"type":"Polygon","coordinates":[[[121.75315700837878,25.04072695273745],[121.75317079337007,25.04298383981918],[121.7556481591163,25.0429712602501],[121.75563432879325,25.04071437445532],[121.75315700837878,25.04072695273745]]]}},{"type":"Feature","properties":{"cell_id":"65000:250:11082:1305","county_id":"65000","city":"NewTaipei","district":"平溪區","population_estimate":2.0786678842171527,"population_known_estimate":2.0786678842171527,"population_data_fraction":1.0,"population_method":"uniform_proxy","population_period":"2024-12","population_density_per_km2":33.25868614747444,"bus_walk_mean_m":1909.1989806712113,"bus_walk_p90_m":1909.1989806712113,"bus_known_weight":1.0,"metro_walk_mean_m":18096.024347077164,"metro_known_weight":1.0,"position_status":"fallback_unverified","classification":"residential_coverage_candidate","residential_gap":true},"geometry":{"type":"Polygon","coordinates":[[[121.75563432879325,25.04071437445532],[121.7556481591163,25.0429712602501],[121.75812552319017,25.042958639379936],[121.75811164753549,25.04070175487632],[121.75563432879325,25.04071437445532]]]}},{"type":"Feature","properties":{"cell_id":"65000:250:11082:1306","county_id":"65000","city":"NewTaipei","district":"平溪區","population_estimate":2.5140673689185893,"population_known_estimate":2.5140673689185893,"population_data_fraction":1.0,"population_method":"uniform_proxy","population_period":"2024-12","population_density_per_km2":40.22507790269743,"bus_walk_mean_m":null,"bus_walk_p90_m":null,"bus_known_weight":0.0,"metro_walk_mean_m":null,"metro_known_weight":0.0,"position_status":"fallback_unverified","classification":"unresolved_walk_evidence","residential_gap":false},"geometry":{"type":"Polygon","coordinates":[[[121.75811164753549,25.04070175487632],[121.75812552319017,25.042958639379936],[121.76060288558621,25.042945977208788],[121.76058896460002,25.040689094000566],[121.75811164753549,25.04070175487632]]]}},{"type":"Feature","properties":{"cell_id":"65000:250:11082:1307","county_id":"65000","city":"NewTaipei","district":"平溪區","population_estimate":2.0646591501883966,"population_known_estimate":2.0646591501883966,"population_data_fraction":1.0,"population_method":"uniform_proxy","population_period":"2024-12","population_density_per_km2":33.034546403014346,"bus_walk_mean_m":2625.140734179674,"bus_walk_p90_m":2625.140734179674,"bus_known_weight":1.0,"metro_walk_mean_m":18706.727489647463,"metro_known_weight":1.0,"position_status":"fallback_unverified","classification":"residential_coverage_candidate","residential_gap":true},"geometry":{"type":"Polygon","coordinates":[[[121.76058896460002,25.040689094000566],[121.76060288558621,25.042945977208788],[121.76308024629893,25.042933273736775],[121.76306627998137,25.040676391828168],[121.76058896460002,25.040689094000566]]]}},{"type":"Feature","properties":{"cell_id":"65000:250:11082:1308","county_id":"65000","city":"NewTaipei","district":"平溪區","population_estimate":0.705960360457314,"population_known_estimate":0.705960360457314,"population_data_fraction":1.0,"population_method":"uniform_proxy","population_period":"2024-12","population_density_per_km2":11.295365767317024,"bus_walk_mean_m":null,"bus_walk_p90_m":null,"bus_known_weight":0.0,"metro_walk_mean_m":null,"metro_known_weight":0.0,"position_status":"fallback_unverified","classification":"unresolved_walk_evidence","residential_gap":false},"geometry":{"type":"Polygon","coordinates":[[[121.76306627998137,25.040676391828168],[121.76308024629893,25.042933273736775],[121.76555760532284,25.042920528963993],[121.76554359367405,25.04066364835923],[121.76306627998137,25.040676391828168]]]}},{"type":"Feature","properties":{"cell_id":"65000:250:11082:1309","county_id":"65000","city":"NewTaipei","district":"平溪區","population_estimate":0.0,"population_known_estimate":0.0,"population_data_fraction":1.0,"population_method":"residential_support","population_period":"2024-12","population_density_per_km2":0.0,"bus_walk_mean_m":null,"bus_walk_p90_m":null,"bus_known_weight":0.0,"metro_walk_mean_m":null,"metro_known_weight":0.0,"position_status":"fallback_unverified","classification":"zero_residential_proxy","residential_gap":false},"geometry":{"type":"Polygon","coordinates":[[[121.76554359367405,25.04066364835923],[121.76555760532284,25.042920528963993],[121.76803496265248,25.04290774289057],[121.7680209056726,25.040650863593882],[121.76554359367405,25.04066364835923]]]}},{"type":"Feature","properties":{"cell_id":"65000:250:11082:1310","county_id":"65000","city":"NewTaipei","district":"平溪區","population_estimate":0.0,"population_known_estimate":0.0,"population_data_fraction":1.0,"population_method":"residential_support","population_period":"2024-12","population_density_per_km2":0.0,"bus_walk_mean_m":null,"bus_walk_p90_m":null,"bus_known_weight":0.0,"metro_walk_mean_m":null,"metro_known_weight":0.0,"position_status":"fallback_unverified","classification":"zero_residential_proxy","residential_gap":false},"geometry":{"type":"Polygon","coordinates":[[[121.7680209056726,25.040650863593882],[121.76803496265248,25.04290774289057],[121.77051231828233,25.04289491551661],[121.77049821597151,25.040638037532208],[121.7680209056726,25.040650863593882]]]}},{"type":"Feature","properties":{"cell_id":"65000:250:11082:1311","county_id":"65000","city":"NewTaipei","district":"平溪區","population_estimate":0.0,"population_known_estimate":0.0,"population_data_fraction":1.0,"population_method":"residential_support","population_period":"2024-12","population_density_per_km2":0.0,"bus_walk_mean_m":null,"bus_walk_p90_m":null,"bus_known_weight":0.0,"metro_walk_mean_m":null,"metro_known_weight":0.0,"position_status":"fallback_unverified","classification":"zero_residential_proxy","residential_gap":false},"geometry":{"type":"Polygon","coordinates":[[[121.77049821597151,25.040638037532208],[121.77051231828233,25.04289491551661],[121.77298967220695,25.042882046842216],[121.77297552456531,25.040625170174337],[121.77049821597151,25.040638037532208]]]}},{"type":"Feature","properties":{"cell_id":"65000:250:11082:1312","county_id":"65000","city":"NewTaipei","district":"平溪區","population_estimate":117.07894249197773,"population_known_estimate":117.07894249197773,"population_data_fraction":1.0,"population_method":"residential_support","population_period":"2024-12","population_density_per_km2":1873.2630798716436,"bus_walk_mean_m":801.8259752161962,"bus_walk_p90_m":969.2243324177291,"bus_known_weight":1.0,"metro_walk_mean_m":21483.13299653078,"metro_known_weight":1.0,"position_status":"residential_area_proxy","classification":"barrier_detour_candidate","residential_gap":true},"geometry":{"type":"Polygon","coordinates":[[[121.77297552456531,25.040625170174337],[121.77298967220695,25.042882046842216],[121.77546702442083,25.042869136867516],[121.77545283144853,25.040612261520376],[121.77297552456531,25.040625170174337]]]}},{"type":"Feature","properties":{"cell_id":"65000:250:11082:1313","county_id":"65000","city":"NewTaipei","district":"平溪區","population_estimate":181.35007184736617,"population_known_estimate":181.35007184736617,"population_data_fraction":0.9999999999999951,"population_method":"uniform_proxy","population_period":"2024-12","population_density_per_km2":2901.6011495578587,"bus_walk_mean_m":634.8978760939344,"bus_walk_p90_m":634.8978760939344,"bus_known_weight":1.0,"metro_walk_mean_m":21316.204897408523,"metro_known_weight":1.0,"position_status":"residential_area_proxy","classification":"barrier_detour_candidate","residential_gap":true},"geometry":{"type":"Polygon","coordinates":[[[121.77545283144853,25.040612261520376],[121.77546702442083,25.042869136867516],[121.77794437491853,25.04285618559261],[121.77793013661568,25.040599311570436],[121.77545283144853,25.040612261520376]]]}},{"type":"Feature","properties":{"cell_id":"65000:250:11082:1314","county_id":"65000","city":"NewTaipei","district":"平溪區","population_estimate":0.0,"population_known_estimate":0.0,"population_data_fraction":1.0,"population_method":"residential_support","population_period":"2024-12","population_density_per_km2":0.0,"bus_walk_mean_m":431.28933487769547,"bus_walk_p90_m":431.28933487769547,"bus_known_weight":1.0,"metro_walk_mean_m":21541.81068963177,"metro_known_weight":1.0,"position_status":"fallback_unverified","classification":"zero_residential_proxy","residential_gap":false},"geometry":{"type":"Polygon","coordinates":[[[121.77793013661568,25.040599311570436],[121.77794437491853,25.04285618559261],[121.78042172369453,25.042843193017607],[121.78040744006128,25.040586320324632],[121.77793013661568,25.040599311570436]]]}},{"type":"Feature","properties":{"cell_id":"65000:250:11082:1315","county_id":"65000","city":"NewTaipei","district":"平溪區","population_estimate":0.0,"population_known_estimate":0.0,"population_data_fraction":1.0,"population_method":"residential_support","population_period":"2024-12","population_density_per_km2":0.0,"bus_walk_mean_m":null,"bus_walk_p90_m":null,"bus_known_weight":0.0,"metro_walk_mean_m":null,"metro_known_weight":0.0,"position_status":"fallback_unverified","classification":"zero_residential_proxy","residential_gap":false},"geometry":{"type":"Polygon","coordinates":[[[121.78040744006128,25.040586320324632],[121.78042172369453,25.042843193017607],[121.78289907074337,25.042830159142632],[121.78288474177987,25.040573287783076],[121.78040744006128,25.040586320324632]]]}},{"type":"Feature","properties":{"cell_id":"65000:250:11082:1316","county_id":"65000","city":"NewTaipei","district":"平溪區","population_estimate":0.0,"population_known_estimate":0.0,"population_data_fraction":1.0,"population_method":"residential_support","population_period":"2024-12","population_density_per_km2":0.0,"bus_walk_mean_m":821.8355148719772,"bus_walk_p90_m":821.8355148719772,"bus_known_weight":1.0,"metro_walk_mean_m":22117.862016559407,"metro_known_weight":1.0,"position_status":"fallback_unverified","classification":"zero_residential_proxy","residential_gap":false},"geometry":{"type":"Polygon","coordinates":[[[121.78288474177987,25.040573287783076],[121.78289907074337,25.042830159142632],[121.78537641605955,25.042817083967787],[121.78536204176594,25.040560213945874],[121.78288474177987,25.040573287783076]]]}},{"type":"Feature","properties":{"cell_id":"65000:250:11082:1317","county_id":"65000","city":"NewTaipei","district":"平溪區","population_estimate":0.0,"population_known_estimate":0.0,"population_data_fraction":1.0,"population_method":"residential_support","population_period":"2024-12","population_density_per_km2":0.0,"bus_walk_mean_m":null,"bus_walk_p90_m":null,"bus_known_weight":0.0,"metro_walk_mean_m":null,"metro_known_weight":0.0,"position_status":"fallback_unverified","classification":"zero_residential_proxy","residential_gap":false},"geometry":{"type":"Polygon","coordinates":[[[121.78536204176594,25.040560213945874],[121.78537641605955,25.042817083967787],[121.78785375963761,25.0428039674932],[121.787839340014,25.040547098813146],[121.78536204176594,25.040560213945874]]]}},{"type":"Feature","properties":{"cell_id":"65000:250:11082:1318","county_id":"65000","city":"NewTaipei","district":"平溪區","population_estimate":0.0,"population_known_estimate":0.0,"population_data_fraction":1.0,"population_method":"residential_support","population_period":"2024-12","population_density_per_km2":0.0,"bus_walk_mean_m":2016.5896106453943,"bus_walk_p90_m":2016.5896106453943,"bus_known_weight":1.0,"metro_walk_mean_m":23358.793171932226,"metro_known_weight":1.0,"position_status":"fallback_unverified","classification":"zero_residential_proxy","residential_gap":false},"geometry":{"type":"Polygon","coordinates":[[[121.787839340014,25.040547098813146],[121.78785375963761,25.0428039674932],[121.79033110147205,25.042790809718966],[121.79031663651861,25.04053394238501],[121.787839340014,25.040547098813146]]]}},{"type":"Feature","properties":{"cell_id":"65000:250:11082:1319","county_id":"65000","city":"NewTaipei","district":"平溪區","population_estimate":0.0,"population_known_estimate":0.0,"population_data_fraction":1.0,"population_method":"residential_support","population_period":"2024-12","population_density_per_km2":0.0,"bus_walk_mean_m":2445.3745003419067,"bus_walk_p90_m":2445.3745003419067,"bus_known_weight":1.0,"metro_walk_mean_m":23787.578061628737,"metro_known_weight":1.0,"position_status":"fallback_unverified","classification":"zero_residential_proxy","residential_gap":false},"geometry":{"type":"Polygon","coordinates":[[[121.79031663651861,25.04053394238501],[121.79033110147205,25.042790809718966],[121.79280844155741,25.04277761064521],[121.79279393127426,25.040520744661563],[121.79031663651861,25.04053394238501]]]}},{"type":"Feature","properties":{"cell_id":"65000:250:11082:1320","county_id":"65000","city":"NewTaipei","district":"平溪區","population_estimate":0.0,"population_known_estimate":0.0,"population_data_fraction":1.0,"population_method":"residential_support","population_period":"2024-12","population_density_per_km2":0.0,"bus_walk_mean_m":2719.461253140202,"bus_walk_p90_m":2719.461253140202,"bus_known_weight":1.0,"metro_walk_mean_m":24061.664814427033,"metro_known_weight":1.0,"position_status":"fallback_unverified","classification":"zero_residential_proxy","residential_gap":false},"geometry":{"type":"Polygon","coordinates":[[[121.79279393127426,25.040520744661563],[121.79280844155741,25.04277761064521],[121.79528577988823,25.042764370272042],[121.7952712242755,25.040507505642946],[121.79279393127426,25.040520744661563]]]}},{"type":"Feature","properties":{"cell_id":"65000:250:11082:1321","county_id":"65000","city":"NewTaipei","district":"平溪區","population_estimate":0.0,"population_known_estimate":0.0,"population_data_fraction":1.0,"population_method":"residential_support","population_period":"2024-12","population_density_per_km2":0.0,"bus_walk_mean_m":3112.706790492434,"bus_walk_p90_m":3112.706790492434,"bus_known_weight":1.0,"metro_walk_mean_m":24454.910351779265,"metro_known_weight":1.0,"position_status":"fallback_unverified","classification":"zero_residential_proxy","residential_gap":false},"geometry":{"type":"Polygon","coordinates":[[[121.7952712242755,25.040507505642946],[121.79528577988823,25.042764370272042],[121.79776311645895,25.042751088599584],[121.7977485155168,25.04049422532925],[121.7952712242755,25.040507505642946]]]}},{"type":"Feature","properties":{"cell_id":"65000:250:11082:1322","county_id":"65000","city":"NewTaipei","district":"平溪區","population_estimate":0.0,"population_known_estimate":0.0,"population_data_fraction":1.0,"population_method":"residential_support","population_period":"2024-12","population_density_per_km2":0.0,"bus_walk_mean_m":null,"bus_walk_p90_m":null,"bus_known_weight":0.0,"metro_walk_mean_m":null,"metro_known_weight":0.0,"position_status":"fallback_unverified","classification":"zero_residential_proxy","residential_gap":false},"geometry":{"type":"Polygon","coordinates":[[[121.7977485155168,25.04049422532925],[121.79776311645895,25.042751088599584],[121.80024045126416,25.04273776562794],[121.80022580499275,25.040480903720596],[121.7977485155168,25.04049422532925]]]}},{"type":"Feature","properties":{"cell_id":"65000:250:11082:1323","county_id":"65000","city":"NewTaipei","district":"平溪區","population_estimate":0.0,"population_known_estimate":0.0,"population_data_fraction":1.0,"population_method":"residential_support","population_period":"2024-12","population_density_per_km2":0.0,"bus_walk_mean_m":null,"bus_walk_p90_m":null,"bus_known_weight":0.0,"metro_walk_mean_m":null,"metro_known_weight":0.0,"position_status":"fallback_unverified","classification":"zero_residential_proxy","residential_gap":false},"geometry":{"type":"Polygon","coordinates":[[[121.80022580499275,25.040480903720596],[121.80024045126416,25.04273776562794],[121.80271778429837,25.042724401357233],[121.80270309269781,25.04046754081711],[121.80022580499275,25.040480903720596]]]}},{"type":"Feature","properties":{"cell_id":"65000:250:11082:1324","county_id":"65000","city":"NewTaipei","district":"平溪區","population_estimate":0.0,"population_known_estimate":0.0,"population_data_fraction":1.0,"population_method":"residential_support","population_period":"2024-12","population_density_per_km2":0.0,"bus_walk_mean_m":null,"bus_walk_p90_m":null,"bus_known_weight":0.0,"metro_walk_mean_m":null,"metro_known_weight":0.0,"position_status":"fallback_unverified","classification":"zero_residential_proxy","residential_gap":false},"geometry":{"type":"Polygon","coordinates":[[[121.80270309269781,25.04046754081711],[121.80271778429837,25.042724401357233],[121.80519511555607,25.04271099578758],[121.80518037862649,25.040454136618898],[121.80270309269781,25.04046754081711]]]}},{"type":"Feature","properties":{"cell_id":"65000:250:11082:1325","county_id":"65000","city":"NewTaipei","district":"平溪區","population_estimate":0.0,"population_known_estimate":0.0,"population_data_fraction":1.0,"population_method":"residential_support","population_period":"2024-12","population_density_per_km2":0.0,"bus_walk_mean_m":null,"bus_walk_p90_m":null,"bus_known_weight":0.0,"metro_walk_mean_m":null,"metro_known_weight":0.0,"position_status":"fallback_unverified","classification":"zero_residential_proxy","residential_gap":false},"geometry":{"type":"Polygon","coordinates":[[[121.80518037862649,25.040454136618898],[121.80519511555607,25.04271099578758],[121.8076724450318,25.042697548919094],[121.80765766277338,25.040440691126072],[121.80518037862649,25.040454136618898]]]}},{"type":"Feature","properties":{"cell_id":"65000:250:11082:1326","county_id":"65000","city":"NewTaipei","district":"平溪區","population_estimate":0.0,"population_known_estimate":0.0,"population_data_fraction":1.0,"population_method":"residential_support","population_period":"2024-12","population_density_per_km2":0.0,"bus_walk_mean_m":3383.5307606505753,"bus_walk_p90_m":3383.5307606505753,"bus_known_weight":1.0,"metro_walk_mean_m":26421.247108807172,"metro_known_weight":1.0,"position_status":"fallback_unverified","classification":"zero_residential_proxy","residential_gap":false},"geometry":{"type":"Polygon","coordinates":[[[121.80765766277338,25.040440691126072],[121.8076724450318,25.042697548919094],[121.81014977272007,25.04268406075189],[121.81013494513294,25.040427204338766],[121.80765766277338,25.040440691126072]]]}},{"type":"Feature","properties":{"cell_id":"65000:250:11082:1327","county_id":"65000","city":"NewTaipei","district":"平溪區","population_estimate":0.0,"population_known_estimate":0.0,"population_data_fraction":1.0,"population_method":"residential_support","population_period":"2024-12","population_density_per_km2":0.0,"bus_walk_mean_m":null,"bus_walk_p90_m":null,"bus_known_weight":0.0,"metro_walk_mean_m":null,"metro_known_weight":0.0,"position_status":"fallback_unverified","classification":"zero_residential_proxy","residential_gap":false},"geometry":{"type":"Polygon","coordinates":[[[121.81013494513294,25.040427204338766],[121.81014977272007,25.04268406075189],[121.81262709861542,25.042670531286088],[121.81261222569972,25.040413676257078],[121.81013494513294,25.040427204338766]]]}},{"type":"Feature","properties":{"cell_id":"65000:250:11082:1328","county_id":"65000","city":"NewTaipei","district":"平溪區","population_estimate":0.0,"population_known_estimate":0.0,"population_data_fraction":0.9999999999999998,"population_method":"residential_support","population_period":"2024-12","population_density_per_km2":0.0,"bus_walk_mean_m":2901.2757089957254,"bus_walk_p90_m":2901.2757089957254,"bus_known_weight":1.0,"metro_walk_mean_m":26608.431893320827,"metro_known_weight":1.0,"position_status":"fallback_unverified","classification":"zero_residential_proxy","residential_gap":false},"geometry":{"type":"Polygon","coordinates":[[[121.81261222569972,25.040413676257078],[121.81262709861542,25.042670531286088],[121.81510442271234,25.042656960521807],[121.81508950446823,25.040400106881137],[121.81261222569972,25.040413676257078]]]}},{"type":"Feature","properties":{"cell_id":"65000:250:11083:1290","county_id":"65000","city":"NewTaipei","district":"平溪區","population_estimate":0.3492386725634449,"population_known_estimate":0.3492386725634449,"population_data_fraction":1.0,"population_method":"uniform_proxy","population_period":"2024-12","population_density_per_km2":5.587818761015118,"bus_walk_mean_m":869.5877697135633,"bus_walk_p90_m":869.5877697135633,"bus_known_weight":1.0,"metro_walk_mean_m":13887.51137496122,"metro_known_weight":1.0,"position_status":"fallback_unverified","classification":"barrier_detour_candidate","residential_gap":true},"geometry":{"type":"Polygon","coordinates":[[[121.71848750039455,25.043155617111566],[121.71850065231753,25.045412521074866],[121.72097808624035,25.045400518504476],[121.7209648889783,25.04314361576902],[121.71848750039455,25.043155617111566]]]}},{"type":"Feature","properties":{"cell_id":"65000:250:11083:1291","county_id":"65000","city":"NewTaipei","district":"平溪區","population_estimate":0.43184096912621184,"population_known_estimate":0.43184096912621184,"population_data_fraction":1.0,"population_method":"uniform_proxy","population_period":"2024-12","population_density_per_km2":6.909455506019389,"bus_walk_mean_m":1135.5857945521182,"bus_walk_p90_m":1135.5857945521182,"bus_known_weight":1.0,"metro_walk_mean_m":14017.121314890705,"metro_known_weight":1.0,"position_status":"fallback_unverified","classification":"residential_coverage_candidate","residential_gap":true},"geometry":{"type":"Polygon","coordinates":[[[121.7209648889783,25.04314361576902],[121.72097808624035,25.045400518504476],[121.72345551856742,25.04538847462728],[121.7234422759664,25.043131573123887],[121.7209648889783,25.04314361576902]]]}},{"type":"Feature","properties":{"cell_id":"65000:250:11083:1292","county_id":"65000","city":"NewTaipei","district":"平溪區","population_estimate":0.4335124958650761,"population_known_estimate":0.4335124958650761,"population_data_fraction":1.0,"population_method":"uniform_proxy","population_period":"2024-12","population_density_per_km2":6.936199933841218,"bus_walk_mean_m":1854.1012932999747,"bus_walk_p90_m":1854.1012932999747,"bus_known_weight":1.0,"metro_walk_mean_m":14695.584499602983,"metro_known_weight":1.0,"position_status":"fallback_unverified","classification":"residential_coverage_candidate","residential_gap":true},"geometry":{"type":"Polygon","coordinates":[[[121.7234422759664,25.043131573123887],[121.72345551856742,25.04538847462728],[121.72593294929324,25.045376389443387],[121.72591966135343,25.04311948917627],[121.7234422759664,25.043131573123887]]]}},{"type":"Feature","properties":{"cell_id":"65000:250:11083:1293","county_id":"65000","city":"NewTaipei","district":"平溪區","population_estimate":0.40843145722846913,"population_known_estimate":0.40843145722846913,"population_data_fraction":1.0,"population_method":"uniform_proxy","population_period":"2024-12","population_density_per_km2":6.534903315655506,"bus_walk_mean_m":2222.4793461537815,"bus_walk_p90_m":2222.4793461537815,"bus_known_weight":1.0,"metro_walk_mean_m":14540.784743398854,"metro_known_weight":1.0,"position_status":"fallback_unverified","classification":"residential_coverage_candidate","residential_gap":true},"geometry":{"type":"Polygon","coordinates":[[[121.72591966135343,25.04311948917627],[121.72593294929324,25.045376389443387],[121.72841037841235,25.045364262952884],[121.72839704513386,25.043107363926282],[121.72591966135343,25.04311948917627]]]}},{"type":"Feature","properties":{"cell_id":"65000:250:11083:1294","county_id":"65000","city":"NewTaipei","district":"平溪區","population_estimate":0.3194531433174286,"population_known_estimate":0.3194531433174286,"population_data_fraction":1.0,"population_method":"uniform_proxy","population_period":"2024-12","population_density_per_km2":5.111250293078857,"bus_walk_mean_m":null,"bus_walk_p90_m":null,"bus_known_weight":0.0,"metro_walk_mean_m":null,"metro_known_weight":0.0,"position_status":"fallback_unverified","classification":"unresolved_walk_evidence","residential_gap":false},"geometry":{"type":"Polygon","coordinates":[[[121.72839704513386,25.043107363926282],[121.72841037841235,25.045364262952884],[121.73088780591928,25.045352095155895],[121.73087442730224,25.04309519737403],[121.72839704513386,25.043107363926282]]]}},{"type":"Feature","properties":{"cell_id":"65000:250:11083:1295","county_id":"65000","city":"NewTaipei","district":"平溪區","population_estimate":0.0,"population_known_estimate":0.0,"population_data_fraction":1.0,"population_method":"residential_support","population_period":"2024-12","population_density_per_km2":0.0,"bus_walk_mean_m":null,"bus_walk_p90_m":null,"bus_known_weight":0.0,"metro_walk_mean_m":null,"metro_known_weight":0.0,"position_status":"fallback_unverified","classification":"zero_residential_proxy","residential_gap":false},"geometry":{"type":"Polygon","coordinates":[[[121.73087442730224,25.04309519737403],[121.73088780591928,25.045352095155895],[121.73336523180853,25.04533988605252],[121.73335180785303,25.04308298951961],[121.73087442730224,25.04309519737403]]]}},{"type":"Feature","properties":{"cell_id":"65000:250:11083:1296","county_id":"65000","city":"NewTaipei","district":"平溪區","population_estimate":0.0,"population_known_estimate":0.0,"population_data_fraction":1.0,"population_method":"residential_support","population_period":"2024-12","population_density_per_km2":0.0,"bus_walk_mean_m":null,"bus_walk_p90_m":null,"bus_known_weight":0.0,"metro_walk_mean_m":null,"metro_known_weight":0.0,"position_status":"fallback_unverified","classification":"zero_residential_proxy","residential_gap":false},"geometry":{"type":"Polygon","coordinates":[[[121.73335180785303,25.04308298951961],[121.73336523180853,25.04533988605252],[121.73584265607462,25.045327635642852],[121.73582918678083,25.04307074036314],[121.73335180785303,25.04308298951961]]]}},{"type":"Feature","properties":{"cell_id":"65000:250:11083:1297","county_id":"65000","city":"NewTaipei","district":"平溪區","population_estimate":0.0,"population_known_estimate":0.0,"population_data_fraction":1.0,"population_method":"residential_support","population_period":"2024-12","population_density_per_km2":0.0,"bus_walk_mean_m":3547.9033163151566,"bus_walk_p90_m":3547.9033163151566,"bus_known_weight":1.0,"metro_walk_mean_m":14785.977700360752,"metro_known_weight":1.0,"position_status":"fallback_unverified","classification":"zero_residential_proxy","residential_gap":false},"geometry":{"type":"Polygon","coordinates":[[[121.73582918678083,25.04307074036314],[121.73584265607462,25.045327635642852],[121.73832007871205,25.045315343927015],[121.7383065640801,25.04305844990471],[121.73582918678083,25.04307074036314]]]}},{"type":"Feature","properties":{"cell_id":"65000:250:11083:1298","county_id":"65000","city":"NewTaipei","district":"平溪區","population_estimate":0.0,"population_known_estimate":0.0,"population_data_fraction":1.0,"population_method":"residential_support","population_period":"2024-12","population_density_per_km2":0.0,"bus_walk_mean_m":3670.276208207227,"bus_walk_p90_m":3670.276208207227,"bus_known_weight":1.0,"metro_walk_mean_m":15165.48857121433,"metro_known_weight":1.0,"position_status":"fallback_unverified","classification":"zero_residential_proxy","residential_gap":false},"geometry":{"type":"Polygon","coordinates":[[[121.7383065640801,25.04305844990471],[121.73832007871205,25.045315343927015],[121.74079749971537,25.04530301090511],[121.74078393974538,25.043046118144442],[121.7383065640801,25.04305844990471]]]}},{"type":"Feature","properties":{"cell_id":"65000:250:11083:1299","county_id":"65000","city":"NewTaipei","district":"平溪區","population_estimate":0.0,"population_known_estimate":0.0,"population_data_fraction":1.0,"population_method":"residential_support","population_period":"2024-12","population_density_per_km2":0.0,"bus_walk_mean_m":1874.992897121826,"bus_walk_p90_m":1874.992897121826,"bus_known_weight":1.0,"metro_walk_mean_m":15279.196186750303,"metro_known_weight":1.0,"position_status":"fallback_unverified","classification":"zero_residential_proxy","residential_gap":false},"geometry":{"type":"Polygon","coordinates":[[[121.74078393974538,25.043046118144442],[121.74079749971537,25.04530301090511],[121.74327491907908,25.045290636577235],[121.74326131377119,25.043033745082433],[121.74078393974538,25.043046118144442]]]}},{"type":"Feature","properties":{"cell_id":"65000:250:11083:1300","county_id":"65000","city":"NewTaipei","district":"平溪區","population_estimate":0.0,"population_known_estimate":0.0,"population_data_fraction":1.0,"population_method":"residential_support","population_period":"2024-12","population_density_per_km2":0.0,"bus_walk_mean_m":1997.7977693196055,"bus_walk_p90_m":1997.7977693196055,"bus_known_weight":1.0,"metro_walk_mean_m":16044.670589764171,"metro_known_weight":1.0,"position_status":"fallback_unverified","classification":"zero_residential_proxy","residential_gap":false},"geometry":{"type":"Polygon","coordinates":[[[121.74326131377119,25.043033745082433],[121.74327491907908,25.045290636577235],[121.74575233679772,25.04527822094351],[121.74573868615205,25.043021330718794],[121.74326131377119,25.043033745082433]]]}},{"type":"Feature","properties":{"cell_id":"65000:250:11083:1301","county_id":"65000","city":"NewTaipei","district":"平溪區","population_estimate":0.2291973070123119,"population_known_estimate":0.2291973070123119,"population_data_fraction":1.0,"population_method":"uniform_proxy","population_period":"2024-12","population_density_per_km2":3.6671569121969902,"bus_walk_mean_m":2160.323642422792,"bus_walk_p90_m":2160.323642422792,"bus_known_weight":1.0,"metro_walk_mean_m":16207.196462867358,"metro_known_weight":1.0,"position_status":"fallback_unverified","classification":"residential_coverage_candidate","residential_gap":true},"geometry":{"type":"Polygon","coordinates":[[[121.74573868615205,25.043021330718794],[121.74575233679772,25.04527822094351],[121.7482297528658,25.045265764004036],[121.74821605688247,25.043008875053637],[121.74573868615205,25.043021330718794]]]}},{"type":"Feature","properties":{"cell_id":"65000:250:11083:1302","county_id":"65000","city":"NewTaipei","district":"平溪區","population_estimate":0.3214238535874498,"population_known_estimate":0.3214238535874498,"population_data_fraction":1.0,"population_method":"uniform_proxy","population_period":"2024-12","population_density_per_km2":5.142781657399197,"bus_walk_mean_m":2734.8070357957367,"bus_walk_p90_m":2734.8070357957367,"bus_known_weight":1.0,"metro_walk_mean_m":16741.37010061614,"metro_known_weight":1.0,"position_status":"fallback_unverified","classification":"residential_coverage_candidate","residential_gap":true},"geometry":{"type":"Polygon","coordinates":[[[121.74821605688247,25.043008875053637],[121.7482297528658,25.045265764004036],[121.7507071672778,25.04525326575892],[121.75069342595698,25.04299637808706],[121.74821605688247,25.043008875053637]]]}},{"type":"Feature","properties":{"cell_id":"65000:250:11083:1303","county_id":"65000","city":"NewTaipei","district":"平溪區","population_estimate":0.3214238535874498,"population_known_estimate":0.3214238535874498,"population_data_fraction":1.0,"population_method":"uniform_proxy","population_period":"2024-12","population_density_per_km2":5.142781657399197,"bus_walk_mean_m":2380.8934330434877,"bus_walk_p90_m":2380.8934330434877,"bus_known_weight":1.0,"metro_walk_mean_m":17175.98855854382,"metro_known_weight":1.0,"position_status":"fallback_unverified","classification":"residential_coverage_candidate","residential_gap":true},"geometry":{"type":"Polygon","coordinates":[[[121.75069342595698,25.04299637808706],[121.7507071672778,25.04525326575892],[121.75318458002828,25.045240726208274],[121.75317079337007,25.04298383981918],[121.75069342595698,25.04299637808706]]]}},{"type":"Feature","properties":{"cell_id":"65000:250:11083:1304","county_id":"65000","city":"NewTaipei","district":"平溪區","population_estimate":0.3214238535874498,"population_known_estimate":0.3214238535874498,"population_data_fraction":1.0,"population_method":"uniform_proxy","population_period":"2024-12","population_density_per_km2":5.142781657399197,"bus_walk_mean_m":2297.3340347052617,"bus_walk_p90_m":2297.3340347052617,"bus_known_weight":1.0,"metro_walk_mean_m":17366.767654474654,"metro_known_weight":1.0,"position_status":"fallback_unverified","classification":"residential_coverage_candidate","residential_gap":true},"geometry":{"type":"Polygon","coordinates":[[[121.75317079337007,25.04298383981918],[121.75318458002828,25.045240726208274],[121.75566199111175,25.04522814535221],[121.7556481591163,25.0429712602501],[121.75317079337007,25.04298383981918]]]}},{"type":"Feature","properties":{"cell_id":"65000:250:11083:1305","county_id":"65000","city":"NewTaipei","district":"平溪區","population_estimate":1.9441408763345498,"population_known_estimate":1.9441408763345498,"population_data_fraction":1.0,"population_method":"uniform_proxy","population_period":"2024-12","population_density_per_km2":31.106254021352797,"bus_walk_mean_m":2174.542988979648,"bus_walk_p90_m":2174.542988979648,"bus_known_weight":1.0,"metro_walk_mean_m":17866.944007685543,"metro_known_weight":1.0,"position_status":"fallback_unverified","classification":"residential_coverage_candidate","residential_gap":true},"geometry":{"type":"Polygon","coordinates":[[[121.7556481591163,25.0429712602501],[121.75566199111175,25.04522814535221],[121.75813940052272,25.045215523190826],[121.75812552319017,25.042958639379936],[121.7556481591163,25.0429712602501]]]}},{"type":"Feature","properties":{"cell_id":"65000:250:11083:1306","county_id":"65000","city":"NewTaipei","district":"平溪區","population_estimate":2.5107419154932775,"population_known_estimate":2.5107419154932775,"population_data_fraction":1.0,"population_method":"uniform_proxy","population_period":"2024-12","population_density_per_km2":40.17187064789244,"bus_walk_mean_m":null,"bus_walk_p90_m":null,"bus_known_weight":0.0,"metro_walk_mean_m":null,"metro_known_weight":0.0,"position_status":"fallback_unverified","classification":"unresolved_walk_evidence","residential_gap":false},"geometry":{"type":"Polygon","coordinates":[[[121.75812552319017,25.042958639379936],[121.75813940052272,25.045215523190826],[121.76061680825573,25.045202859724238],[121.76060288558621,25.042945977208788],[121.75812552319017,25.042958639379936]]]}},{"type":"Feature","properties":{"cell_id":"65000:250:11083:1307","county_id":"65000","city":"NewTaipei","district":"平溪區","population_estimate":1.3935585853474028,"population_known_estimate":1.3935585853474028,"population_data_fraction":1.0,"population_method":"uniform_proxy","population_period":"2024-12","population_density_per_km2":22.296937365558446,"bus_walk_mean_m":null,"bus_walk_p90_m":null,"bus_known_weight":0.0,"metro_walk_mean_m":null,"metro_known_weight":0.0,"position_status":"fallback_unverified","classification":"unresolved_walk_evidence","residential_gap":false},"geometry":{"type":"Polygon","coordinates":[[[121.76060288558621,25.042945977208788],[121.76061680825573,25.045202859724238],[121.7630942143053,25.04519015495256],[121.76308024629893,25.042933273736775],[121.76060288558621,25.042945977208788]]]}},{"type":"Feature","properties":{"cell_id":"65000:250:11083:1308","county_id":"65000","city":"NewTaipei","district":"平溪區","population_estimate":0.22447499296778103,"population_known_estimate":0.22447499296778103,"population_data_fraction":1.0,"population_method":"uniform_proxy","population_period":"2024-12","population_density_per_km2":3.5915998874844965,"bus_walk_mean_m":null,"bus_walk_p90_m":null,"bus_known_weight":0.0,"metro_walk_mean_m":null,"metro_known_weight":0.0,"position_status":"fallback_unverified","classification":"unresolved_walk_evidence","residential_gap":false},"geometry":{"type":"Polygon","coordinates":[[[121.76308024629893,25.042933273736775],[121.7630942143053,25.04519015495256],[121.7655716186659,25.045177408875894],[121.76555760532284,25.042920528963993],[121.76308024629893,25.042933273736775]]]}},{"type":"Feature","properties":{"cell_id":"65000:250:11083:1309","county_id":"65000","city":"NewTaipei","district":"平溪區","population_estimate":0.0,"population_known_estimate":0.0,"population_data_fraction":1.0,"population_method":"residential_support","population_period":"2024-12","population_density_per_km2":0.0,"bus_walk_mean_m":null,"bus_walk_p90_m":null,"bus_known_weight":0.0,"metro_walk_mean_m":null,"metro_known_weight":0.0,"position_status":"fallback_unverified","classification":"zero_residential_proxy","residential_gap":false},"geometry":{"type":"Polygon","coordinates":[[[121.76555760532284,25.042920528963993],[121.7655716186659,25.045177408875894],[121.76804902133209,25.045164621494354],[121.76803496265248,25.04290774289057],[121.76555760532284,25.042920528963993]]]}},{"type":"Feature","properties":{"cell_id":"65000:250:11083:1310","county_id":"65000","city":"NewTaipei","district":"平溪區","population_estimate":0.0,"population_known_estimate":0.0,"population_data_fraction":1.0,"population_method":"residential_support","population_period":"2024-12","population_density_per_km2":0.0,"bus_walk_mean_m":null,"bus_walk_p90_m":null,"bus_known_weight":0.0,"metro_walk_mean_m":null,"metro_known_weight":0.0,"position_status":"fallback_unverified","classification":"zero_residential_proxy","residential_gap":false},"geometry":{"type":"Polygon","coordinates":[[[121.76803496265248,25.04290774289057],[121.76804902133209,25.045164621494354],[121.77052642229837,25.045151792808053],[121.77051231828233,25.04289491551661],[121.76803496265248,25.04290774289057]]]}},{"type":"Feature","properties":{"cell_id":"65000:250:11083:1311","county_id":"65000","city":"NewTaipei","district":"平溪區","population_estimate":0.0,"population_known_estimate":0.0,"population_data_fraction":1.0,"population_method":"residential_support","population_period":"2024-12","population_density_per_km2":0.0,"bus_walk_mean_m":null,"bus_walk_p90_m":null,"bus_known_weight":0.0,"metro_walk_mean_m":null,"metro_known_weight":0.0,"position_status":"fallback_unverified","classification":"zero_residential_proxy","residential_gap":false},"geometry":{"type":"Polygon","coordinates":[[[121.77051231828233,25.04289491551661],[121.77052642229837,25.045151792808053],[121.77300382155931,25.045138922817102],[121.77298967220695,25.042882046842216],[121.77051231828233,25.04289491551661]]]}},{"type":"Feature","properties":{"cell_id":"65000:250:11083:1312","county_id":"65000","city":"NewTaipei","district":"平溪區","population_estimate":1.1004072493174717,"population_known_estimate":1.1004072493174717,"population_data_fraction":1.0,"population_method":"residential_support","population_period":"2024-12","population_density_per_km2":17.606515989079547,"bus_walk_mean_m":670.9333724149266,"bus_walk_p90_m":658.2122751832263,"bus_known_weight":1.0,"metro_walk_mean_m":21343.708134844634,"metro_known_weight":1.0,"position_status":"residential_area_proxy","classification":"barrier_detour_candidate","residential_gap":true},"geometry":{"type":"Polygon","coordinates":[[[121.77298967220695,25.042882046842216],[121.77300382155931,25.045138922817102],[121.77548121910935,25.045126011521607],[121.77546702442083,25.042869136867516],[121.77298967220695,25.042882046842216]]]}},{"type":"Feature","properties":{"cell_id":"65000:250:11083:1313","county_id":"65000","city":"NewTaipei","district":"平溪區","population_estimate":191.59327267593864,"population_known_estimate":191.59327267593864,"population_data_fraction":1.0,"population_method":"uniform_proxy","population_period":"2024-12","population_density_per_km2":3065.492362815018,"bus_walk_mean_m":null,"bus_walk_p90_m":null,"bus_known_weight":0.006325953075787309,"metro_walk_mean_m":null,"metro_known_weight":0.006325953075787309,"position_status":"residential_area_proxy","classification":"unresolved_walk_evidence","residential_gap":false},"geometry":{"type":"Polygon","coordinates":[[[121.77546702442083,25.042869136867516],[121.77548121910935,25.045126011521607],[121.77795861494305,25.04511305892168],[121.77794437491853,25.04285618559261],[121.77546702442083,25.042869136867516]]]}},{"type":"Feature","properties":{"cell_id":"65000:250:11083:1314","county_id":"65000","city":"NewTaipei","district":"平溪區","population_estimate":204.68529318675846,"population_known_estimate":204.68529318675846,"population_data_fraction":1.0,"population_method":"uniform_proxy","population_period":"2024-12","population_density_per_km2":3274.9646909881353,"bus_walk_mean_m":190.27345881790967,"bus_walk_p90_m":190.27345881790967,"bus_known_weight":1.0,"metro_walk_mean_m":21147.510300525904,"metro_known_weight":1.0,"position_status":"residential_area_proxy","classification":"within_walk_threshold","residential_gap":false},"geometry":{"type":"Polygon","coordinates":[[[121.77794437491853,25.04285618559261],[121.77795861494305,25.04511305892168],[121.78043600905494,25.045100065017444],[121.78042172369453,25.042843193017607],[121.77794437491853,25.04285618559261]]]}},{"type":"Feature","properties":{"cell_id":"65000:250:11083:1315","county_id":"65000","city":"NewTaipei","district":"平溪區","population_estimate":0.0,"population_known_estimate":0.0,"population_data_fraction":1.0,"population_method":"residential_support","population_period":"2024-12","population_density_per_km2":0.0,"bus_walk_mean_m":507.4177098028646,"bus_walk_p90_m":507.4177098028646,"bus_known_weight":1.0,"metro_walk_mean_m":21617.93906455694,"metro_known_weight":1.0,"position_status":"fallback_unverified","classification":"zero_residential_proxy","residential_gap":false},"geometry":{"type":"Polygon","coordinates":[[[121.78042172369453,25.042843193017607],[121.78043600905494,25.045100065017444],[121.78291340143952,25.045087029809004],[121.78289907074337,25.042830159142632],[121.78042172369453,25.042843193017607]]]}},{"type":"Feature","properties":{"cell_id":"65000:250:11083:1316","county_id":"65000","city":"NewTaipei","district":"平溪區","population_estimate":54.154913656648425,"population_known_estimate":54.154913656648425,"population_data_fraction":1.0,"population_method":"residential_support","population_period":"2024-12","population_density_per_km2":866.4786185063748,"bus_walk_mean_m":580.204647874869,"bus_walk_p90_m":635.2918903623363,"bus_known_weight":0.9999999999999999,"metro_walk_mean_m":21922.408209161706,"metro_known_weight":0.9999999999999999,"position_status":"residential_area_proxy","classification":"barrier_detour_candidate","residential_gap":true},"geometry":{"type":"Polygon","coordinates":[[[121.78289907074337,25.042830159142632],[121.78291340143952,25.045087029809004],[121.78539079209132,25.045073953296473],[121.78537641605955,25.042817083967787],[121.78289907074337,25.042830159142632]]]}},{"type":"Feature","properties":{"cell_id":"65000:250:11083:1317","county_id":"65000","city":"NewTaipei","district":"平溪區","population_estimate":0.0,"population_known_estimate":0.0,"population_data_fraction":1.0,"population_method":"residential_support","population_period":"2024-12","population_density_per_km2":0.0,"bus_walk_mean_m":1588.5650557946224,"bus_walk_p90_m":1588.5650557946224,"bus_known_weight":1.0,"metro_walk_mean_m":22930.768617081452,"metro_known_weight":1.0,"position_status":"fallback_unverified","classification":"zero_residential_proxy","residential_gap":false},"geometry":{"type":"Polygon","coordinates":[[[121.78537641605955,25.042817083967787],[121.78539079209132,25.045073953296473],[121.78786818100482,25.045060835479966],[121.78785375963761,25.0428039674932],[121.78537641605955,25.042817083967787]]]}},{"type":"Feature","properties":{"cell_id":"65000:250:11083:1318","county_id":"65000","city":"NewTaipei","district":"平溪區","population_estimate":0.0,"population_known_estimate":0.0,"population_data_fraction":1.0,"population_method":"residential_support","population_period":"2024-12","population_density_per_km2":0.0,"bus_walk_mean_m":1844.4404881077219,"bus_walk_p90_m":1844.4404881077219,"bus_known_weight":1.0,"metro_walk_mean_m":23186.644049394552,"metro_known_weight":1.0,"position_status":"fallback_unverified","classification":"zero_residential_proxy","residential_gap":false},"geometry":{"type":"Polygon","coordinates":[[[121.78785375963761,25.0428039674932],[121.78786818100482,25.045060835479966],[121.79034556817462,25.04504767635959],[121.79033110147205,25.042790809718966],[121.78785375963761,25.0428039674932]]]}},{"type":"Feature","properties":{"cell_id":"65000:250:11083:1319","county_id":"65000","city":"NewTaipei","district":"平溪區","population_estimate":0.0,"population_known_estimate":0.0,"population_data_fraction":1.0,"population_method":"residential_support","population_period":"2024-12","population_density_per_km2":0.0,"bus_walk_mean_m":null,"bus_walk_p90_m":null,"bus_known_weight":0.0,"metro_walk_mean_m":null,"metro_known_weight":0.0,"position_status":"fallback_unverified","classification":"zero_residential_proxy","residential_gap":false},"geometry":{"type":"Polygon","coordinates":[[[121.79033110147205,25.042790809718966],[121.79034556817462,25.04504767635959],[121.79282295359515,25.045034475935473],[121.79280844155741,25.04277761064521],[121.79033110147205,25.042790809718966]]]}},{"type":"Feature","properties":{"cell_id":"65000:250:11083:1320","county_id":"65000","city":"NewTaipei","district":"平溪區","population_estimate":0.0,"population_known_estimate":0.0,"population_data_fraction":1.0,"population_method":"residential_support","population_period":"2024-12","population_density_per_km2":0.0,"bus_walk_mean_m":2849.924194091326,"bus_walk_p90_m":2849.924194091326,"bus_known_weight":1.0,"metro_walk_mean_m":24192.127755378155,"metro_known_weight":1.0,"position_status":"fallback_unverified","classification":"zero_residential_proxy","residential_gap":false},"geometry":{"type":"Polygon","coordinates":[[[121.79280844155741,25.04277761064521],[121.79282295359515,25.045034475935473],[121.795300337261,25.045021234207713],[121.79528577988823,25.042764370272042],[121.79280844155741,25.04277761064521]]]}},{"type":"Feature","properties":{"cell_id":"65000:250:11083:1321","county_id":"65000","city":"NewTaipei","district":"平溪區","population_estimate":0.0,"population_known_estimate":0.0,"population_data_fraction":1.0,"population_method":"residential_support","population_period":"2024-12","population_density_per_km2":0.0,"bus_walk_mean_m":null,"bus_walk_p90_m":null,"bus_known_weight":0.0,"metro_walk_mean_m":null,"metro_known_weight":0.0,"position_status":"fallback_unverified","classification":"zero_residential_proxy","residential_gap":false},"geometry":{"type":"Polygon","coordinates":[[[121.79528577988823,25.042764370272042],[121.795300337261,25.045021234207713],[121.79777771916663,25.04500795117644],[121.79776311645895,25.042751088599584],[121.79528577988823,25.042764370272042]]]}},{"type":"Feature","properties":{"cell_id":"65000:250:11083:1322","county_id":"65000","city":"NewTaipei","district":"平溪區","population_estimate":0.0,"population_known_estimate":0.0,"population_data_fraction":1.0,"population_method":"residential_support","population_period":"2024-12","population_density_per_km2":0.0,"bus_walk_mean_m":null,"bus_walk_p90_m":null,"bus_known_weight":0.0,"metro_walk_mean_m":null,"metro_known_weight":0.0,"position_status":"fallback_unverified","classification":"zero_residential_proxy","residential_gap":false},"geometry":{"type":"Polygon","coordinates":[[[121.79776311645895,25.042751088599584],[121.79777771916663,25.04500795117644],[121.80025509930661,25.044994626841753],[121.80024045126416,25.04273776562794],[121.79776311645895,25.042751088599584]]]}},{"type":"Feature","properties":{"cell_id":"65000:250:11083:1323","county_id":"65000","city":"NewTaipei","district":"平溪區","population_estimate":0.0,"population_known_estimate":0.0,"population_data_fraction":1.0,"population_method":"residential_support","population_period":"2024-12","population_density_per_km2":0.0,"bus_walk_mean_m":null,"bus_walk_p90_m":null,"bus_known_weight":0.0,"metro_walk_mean_m":null,"metro_known_weight":0.0,"position_status":"fallback_unverified","classification":"zero_residential_proxy","residential_gap":false},"geometry":{"type":"Polygon","coordinates":[[[121.80024045126416,25.04273776562794],[121.80025509930661,25.044994626841753],[121.80273247767542,25.044981261203787],[121.80271778429837,25.042724401357233],[121.80024045126416,25.04273776562794]]]}},{"type":"Feature","properties":{"cell_id":"65000:250:11083:1324","county_id":"65000","city":"NewTaipei","district":"平溪區","population_estimate":0.0,"population_known_estimate":0.0,"population_data_fraction":1.0,"population_method":"residential_support","population_period":"2024-12","population_density_per_km2":0.0,"bus_walk_mean_m":null,"bus_walk_p90_m":null,"bus_known_weight":0.0,"metro_walk_mean_m":null,"metro_known_weight":0.0,"position_status":"fallback_unverified","classification":"zero_residential_proxy","residential_gap":false},"geometry":{"type":"Polygon","coordinates":[[[121.80271778429837,25.042724401357233],[121.80273247767542,25.044981261203787],[121.80520985426762,25.044967854262644],[121.80519511555607,25.04271099578758],[121.80271778429837,25.042724401357233]]]}},{"type":"Feature","properties":{"cell_id":"65000:250:11083:1325","county_id":"65000","city":"NewTaipei","district":"平溪區","population_estimate":0.0,"population_known_estimate":0.0,"population_data_fraction":1.0,"population_method":"residential_support","population_period":"2024-12","population_density_per_km2":0.0,"bus_walk_mean_m":3282.5690500479973,"bus_walk_p90_m":3282.5690500479973,"bus_known_weight":1.0,"metro_walk_mean_m":26402.823515259297,"metro_known_weight":1.0,"position_status":"fallback_unverified","classification":"zero_residential_proxy","residential_gap":false},"geometry":{"type":"Polygon","coordinates":[[[121.80519511555607,25.04271099578758],[121.80520985426762,25.044967854262644],[121.80768722907766,25.044954406018437],[121.8076724450318,25.042697548919094],[121.80519511555607,25.04271099578758]]]}},{"type":"Feature","properties":{"cell_id":"65000:250:11083:1326","county_id":"65000","city":"NewTaipei","district":"平溪區","population_estimate":0.0,"population_known_estimate":0.0,"population_data_fraction":1.0,"population_method":"residential_support","population_period":"2024-12","population_density_per_km2":0.0,"bus_walk_mean_m":3125.6478115687573,"bus_walk_p90_m":3125.6478115687573,"bus_known_weight":1.0,"metro_walk_mean_m":26705.111637424958,"metro_known_weight":1.0,"position_status":"fallback_unverified","classification":"zero_residential_proxy","residential_gap":false},"geometry":{"type":"Polygon","coordinates":[[[121.8076724450318,25.042697548919094],[121.80768722907766,25.044954406018437],[121.81016460210014,25.0449409164713],[121.81014977272007,25.04268406075189],[121.8076724450318,25.042697548919094]]]}},{"type":"Feature","properties":{"cell_id":"65000:250:11083:1327","county_id":"65000","city":"NewTaipei","district":"平溪區","population_estimate":0.0,"population_known_estimate":0.0,"population_data_fraction":1.0,"population_method":"residential_support","population_period":"2024-12","population_density_per_km2":0.0,"bus_walk_mean_m":null,"bus_walk_p90_m":null,"bus_known_weight":0.0,"metro_walk_mean_m":null,"metro_known_weight":0.0,"position_status":"fallback_unverified","classification":"zero_residential_proxy","residential_gap":false},"geometry":{"type":"Polygon","coordinates":[[[121.81014977272007,25.04268406075189],[121.81016460210014,25.0449409164713],[121.81264197332955,25.04492738562134],[121.81262709861542,25.042670531286088],[121.81014977272007,25.04268406075189]]]}},{"type":"Feature","properties":{"cell_id":"65000:250:11083:1328","county_id":"65000","city":"NewTaipei","district":"平溪區","population_estimate":0.0,"population_known_estimate":0.0,"population_data_fraction":1.0,"population_method":"residential_support","population_period":"2024-12","population_density_per_km2":0.0,"bus_walk_mean_m":2472.1733299360963,"bus_walk_p90_m":2472.1733299360963,"bus_known_weight":1.0,"metro_walk_mean_m":27254.40674073065,"metro_known_weight":1.0,"position_status":"fallback_unverified","classification":"zero_residential_proxy","residential_gap":false},"geometry":{"type":"Polygon","coordinates":[[[121.81262709861542,25.042670531286088],[121.81264197332955,25.04492738562134],[121.81511934276038,25.044913813468657],[121.81510442271234,25.042656960521807],[121.81262709861542,25.042670531286088]]]}},{"type":"Feature","properties":{"cell_id":"65000:250:11084:1291","county_id":"65000","city":"NewTaipei","district":"平溪區","population_estimate":0.3942680092763104,"population_known_estimate":0.3942680092763104,"population_data_fraction":1.0,"population_method":"uniform_proxy","population_period":"2024-12","population_density_per_km2":6.308288148420966,"bus_walk_mean_m":1481.0323606505851,"bus_walk_p90_m":1481.0323606505851,"bus_known_weight":1.0,"metro_walk_mean_m":14322.515566953592,"metro_known_weight":1.0,"position_status":"fallback_unverified","classification":"residential_coverage_candidate","residential_gap":true},"geometry":{"type":"Polygon","coordinates":[[[121.72097808624035,25.045400518504476],[121.72099128509814,25.047657420547846],[121.72346876276964,25.04764537543855],[121.72345551856742,25.04538847462728],[121.72097808624035,25.045400518504476]]]}},{"type":"Feature","properties":{"cell_id":"65000:250:11084:1292","county_id":"65000","city":"NewTaipei","district":"平溪區","population_estimate":0.4072812282656033,"population_known_estimate":0.4072812282656033,"population_data_fraction":1.0,"population_method":"uniform_proxy","population_period":"2024-12","population_density_per_km2":6.516499652249653,"bus_walk_mean_m":1754.2215553229944,"bus_walk_p90_m":1754.2215553229944,"bus_known_weight":1.0,"metro_walk_mean_m":14118.748576993414,"metro_known_weight":1.0,"position_status":"fallback_unverified","classification":"residential_coverage_candidate","residential_gap":true},"geometry":{"type":"Polygon","coordinates":[[[121.72345551856742,25.04538847462728],[121.72346876276964,25.04764537543855],[121.72594623883977,25.04763328901832],[121.72593294929324,25.045376389443387],[121.72345551856742,25.04538847462728]]]}},{"type":"Feature","properties":{"cell_id":"65000:250:11084:1293","county_id":"65000","city":"NewTaipei","district":"平溪區","population_estimate":0.40698235842838393,"population_known_estimate":0.40698235842838393,"population_data_fraction":1.0,"population_method":"uniform_proxy","population_period":"2024-12","population_density_per_km2":6.511717734854143,"bus_walk_mean_m":1880.3117665118743,"bus_walk_p90_m":1880.3117665118743,"bus_known_weight":1.0,"metro_walk_mean_m":14272.039714921646,"metro_known_weight":1.0,"position_status":"fallback_unverified","classification":"residential_coverage_candidate","residential_gap":true},"geometry":{"type":"Polygon","coordinates":[[[121.72593294929324,25.045376389443387],[121.72594623883977,25.04763328901832],[121.72842371330306,25.047621161287264],[121.72841037841235,25.045364262952884],[121.72593294929324,25.045376389443387]]]}},{"type":"Feature","properties":{"cell_id":"65000:250:11084:1294","county_id":"65000","city":"NewTaipei","district":"平溪區","population_estimate":0.12317340468875222,"population_known_estimate":0.12317340468875222,"population_data_fraction":1.0,"population_method":"uniform_proxy","population_period":"2024-12","population_density_per_km2":1.9707744750200356,"bus_walk_mean_m":2173.865296731677,"bus_walk_p90_m":2173.865296731677,"bus_known_weight":1.0,"metro_walk_mean_m":14160.546942327208,"metro_known_weight":1.0,"position_status":"fallback_unverified","classification":"residential_coverage_candidate","residential_gap":true},"geometry":{"type":"Polygon","coordinates":[[[121.72841037841235,25.045364262952884],[121.72842371330306,25.047621161287264],[121.73090118615401,25.047608992245493],[121.73088780591928,25.045352095155895],[121.72841037841235,25.045364262952884]]]}},{"type":"Feature","properties":{"cell_id":"65000:250:11084:1295","county_id":"65000","city":"NewTaipei","district":"平溪區","population_estimate":0.0,"population_known_estimate":0.0,"population_data_fraction":1.0,"population_method":"residential_support","population_period":"2024-12","population_density_per_km2":0.0,"bus_walk_mean_m":null,"bus_walk_p90_m":null,"bus_known_weight":0.0,"metro_walk_mean_m":null,"metro_known_weight":0.0,"position_status":"fallback_unverified","classification":"zero_residential_proxy","residential_gap":false},"geometry":{"type":"Polygon","coordinates":[[[121.73088780591928,25.045352095155895],[121.73090118615401,25.047608992245493],[121.73337865738718,25.047596781893112],[121.73336523180853,25.04533988605252],[121.73088780591928,25.045352095155895]]]}},{"type":"Feature","properties":{"cell_id":"65000:250:11084:1296","county_id":"65000","city":"NewTaipei","district":"平溪區","population_estimate":0.0,"population_known_estimate":0.0,"population_data_fraction":1.0,"population_method":"residential_support","population_period":"2024-12","population_density_per_km2":0.0,"bus_walk_mean_m":3533.0379083094067,"bus_walk_p90_m":3533.0379083094067,"bus_known_weight":1.0,"metro_walk_mean_m":14442.646091247336,"metro_known_weight":1.0,"position_status":"fallback_unverified","classification":"zero_residential_proxy","residential_gap":false},"geometry":{"type":"Polygon","coordinates":[[[121.73336523180853,25.04533988605252],[121.73337865738718,25.047596781893112],[121.73585612699704,25.047584530230218],[121.73584265607462,25.045327635642852],[121.73336523180853,25.04533988605252]]]}},{"type":"Feature","properties":{"cell_id":"65000:250:11084:1297","county_id":"65000","city":"NewTaipei","district":"平溪區","population_estimate":0.0,"population_known_estimate":0.0,"population_data_fraction":1.0,"population_method":"residential_support","population_period":"2024-12","population_density_per_km2":0.0,"bus_walk_mean_m":3700.8675880428636,"bus_walk_p90_m":3700.8675880428636,"bus_known_weight":1.0,"metro_walk_mean_m":14610.475770980791,"metro_known_weight":1.0,"position_status":"fallback_unverified","classification":"zero_residential_proxy","residential_gap":false},"geometry":{"type":"Polygon","coordinates":[[[121.73584265607462,25.045327635642852],[121.73585612699704,25.047584530230218],[121.73833359497813,25.047572237256915],[121.73832007871205,25.045315343927015],[121.73584265607462,25.045327635642852]]]}},{"type":"Feature","properties":{"cell_id":"65000:250:11084:1298","county_id":"65000","city":"NewTaipei","district":"平溪區","population_estimate":0.0,"population_known_estimate":0.0,"population_data_fraction":1.0,"population_method":"residential_support","population_period":"2024-12","population_density_per_km2":0.0,"bus_walk_mean_m":2352.3655718490545,"bus_walk_p90_m":2352.3655718490545,"bus_known_weight":1.0,"metro_walk_mean_m":14925.017597640646,"metro_known_weight":1.0,"position_status":"fallback_unverified","classification":"zero_residential_proxy","residential_gap":false},"geometry":{"type":"Polygon","coordinates":[[[121.73832007871205,25.045315343927015],[121.73833359497813,25.047572237256915],[121.74081106132498,25.047559902973326],[121.74079749971537,25.04530301090511],[121.73832007871205,25.045315343927015]]]}},{"type":"Feature","properties":{"cell_id":"65000:250:11084:1299","county_id":"65000","city":"NewTaipei","district":"平溪區","population_estimate":0.0,"population_known_estimate":0.0,"population_data_fraction":1.0,"population_method":"residential_support","population_period":"2024-12","population_density_per_km2":0.0,"bus_walk_mean_m":2211.314452568793,"bus_walk_p90_m":2211.314452568793,"bus_known_weight":1.0,"metro_walk_mean_m":15208.145095520438,"metro_known_weight":1.0,"position_status":"fallback_unverified","classification":"zero_residential_proxy","residential_gap":false},"geometry":{"type":"Polygon","coordinates":[[[121.74079749971537,25.04530301090511],[121.74081106132498,25.047559902973326],[121.74328852603207,25.04754752737955],[121.74327491907908,25.045290636577235],[121.74079749971537,25.04530301090511]]]}},{"type":"Feature","properties":{"cell_id":"65000:250:11084:1300","county_id":"65000","city":"NewTaipei","district":"平溪區","population_estimate":0.0,"population_known_estimate":0.0,"population_data_fraction":1.0,"population_method":"residential_support","population_period":"2024-12","population_density_per_km2":0.0,"bus_walk_mean_m":2273.7333566522852,"bus_walk_p90_m":2273.7333566522852,"bus_known_weight":1.0,"metro_walk_mean_m":15846.107378020472,"metro_known_weight":1.0,"position_status":"fallback_unverified","classification":"zero_residential_proxy","residential_gap":false},"geometry":{"type":"Polygon","coordinates":[[[121.74327491907908,25.045290636577235],[121.74328852603207,25.04754752737955],[121.74576598909397,25.047535110475692],[121.74575233679772,25.04527822094351],[121.74327491907908,25.045290636577235]]]}},{"type":"Feature","properties":{"cell_id":"65000:250:11084:1301","county_id":"65000","city":"NewTaipei","district":"平溪區","population_estimate":0.0660714945711167,"population_known_estimate":0.0660714945711167,"population_data_fraction":1.0,"population_method":"uniform_proxy","population_period":"2024-12","population_density_per_km2":1.0571439131378673,"bus_walk_mean_m":2422.381793433726,"bus_walk_p90_m":2422.381793433726,"bus_known_weight":1.0,"metro_walk_mean_m":16441.36681334907,"metro_known_weight":1.0,"position_status":"fallback_unverified","classification":"residential_coverage_candidate","residential_gap":true},"geometry":{"type":"Polygon","coordinates":[[[121.74575233679772,25.04527822094351],[121.74576598909397,25.047535110475692],[121.74824345050514,25.04752265226186],[121.7482297528658,25.045265764004036],[121.74575233679772,25.04527822094351]]]}},{"type":"Feature","properties":{"cell_id":"65000:250:11084:1302","county_id":"65000","city":"NewTaipei","district":"平溪區","population_estimate":0.311450465931572,"population_known_estimate":0.311450465931572,"population_data_fraction":1.0,"population_method":"uniform_proxy","population_period":"2024-12","population_density_per_km2":4.983207454905152,"bus_walk_mean_m":2767.1815248821076,"bus_walk_p90_m":2767.1815248821076,"bus_known_weight":1.0,"metro_walk_mean_m":16460.824672657644,"metro_known_weight":1.0,"position_status":"fallback_unverified","classification":"residential_coverage_candidate","residential_gap":true},"geometry":{"type":"Polygon","coordinates":[[[121.7482297528658,25.045265764004036],[121.74824345050514,25.04752265226186],[121.75072091026016,25.04751015273816],[121.7507071672778,25.04525326575892],[121.7482297528658,25.045265764004036]]]}},{"type":"Feature","properties":{"cell_id":"65000:250:11084:1303","county_id":"65000","city":"NewTaipei","district":"平溪區","population_estimate":0.3214238535874498,"population_known_estimate":0.3214238535874498,"population_data_fraction":1.0,"population_method":"uniform_proxy","population_period":"2024-12","population_density_per_km2":5.142781657399197,"bus_walk_mean_m":null,"bus_walk_p90_m":null,"bus_known_weight":0.0,"metro_walk_mean_m":null,"metro_known_weight":0.0,"position_status":"fallback_unverified","classification":"unresolved_walk_evidence","residential_gap":false},"geometry":{"type":"Polygon","coordinates":[[[121.7507071672778,25.04525326575892],[121.75072091026016,25.04751015273816],[121.75319836835348,25.047497611904706],[121.75318458002828,25.045240726208274],[121.7507071672778,25.04525326575892]]]}},{"type":"Feature","properties":{"cell_id":"65000:250:11084:1304","county_id":"65000","city":"NewTaipei","district":"平溪區","population_estimate":0.3214238535874498,"population_known_estimate":0.3214238535874498,"population_data_fraction":1.0,"population_method":"uniform_proxy","population_period":"2024-12","population_density_per_km2":5.142781657399197,"bus_walk_mean_m":null,"bus_walk_p90_m":null,"bus_known_weight":0.0,"metro_walk_mean_m":null,"metro_known_weight":0.0,"position_status":"fallback_unverified","classification":"unresolved_walk_evidence","residential_gap":false},"geometry":{"type":"Polygon","coordinates":[[[121.75318458002828,25.045240726208274],[121.75319836835348,25.047497611904706],[121.75567582477969,25.047485029761603],[121.75566199111175,25.04522814535221],[121.75318458002828,25.045240726208274]]]}},{"type":"Feature","properties":{"cell_id":"65000:250:11084:1305","county_id":"65000","city":"NewTaipei","district":"平溪區","population_estimate":0.4255993346357664,"population_known_estimate":0.4255993346357664,"population_data_fraction":1.0,"population_method":"uniform_proxy","population_period":"2024-12","population_density_per_km2":6.809589354172262,"bus_walk_mean_m":null,"bus_walk_p90_m":null,"bus_known_weight":0.0,"metro_walk_mean_m":null,"metro_known_weight":0.0,"position_status":"fallback_unverified","classification":"unresolved_walk_evidence","residential_gap":false},"geometry":{"type":"Polygon","coordinates":[[[121.75566199111175,25.04522814535221],[121.75567582477969,25.047485029761603],[121.75815327953326,25.04747240630896],[121.75813940052272,25.045215523190826],[121.75566199111175,25.04522814535221]]]}},{"type":"Feature","properties":{"cell_id":"65000:250:11084:1306","county_id":"65000","city":"NewTaipei","district":"平溪區","population_estimate":2.0062290107440472,"population_known_estimate":2.0062290107440472,"population_data_fraction":0.9999999999999997,"population_method":"uniform_proxy","population_period":"2024-12","population_density_per_km2":32.099664171904756,"bus_walk_mean_m":2686.621940673357,"bus_walk_p90_m":2686.621940673357,"bus_known_weight":1.0,"metro_walk_mean_m":17543.77193357231,"metro_known_weight":1.0,"position_status":"fallback_unverified","classification":"residential_coverage_candidate","residential_gap":true},"geometry":{"type":"Polygon","coordinates":[[[121.75813940052272,25.045215523190826],[121.75815327953326,25.04747240630896],[121.76063073260872,25.047459741546888],[121.76061680825573,25.045202859724238],[121.75813940052272,25.045215523190826]]]}},{"type":"Feature","properties":{"cell_id":"65000:250:11084:1307","county_id":"65000","city":"NewTaipei","district":"平溪區","population_estimate":1.4629136139265777,"population_known_estimate":1.4629136139265777,"population_data_fraction":0.9999999999999999,"population_method":"uniform_proxy","population_period":"2024-12","population_density_per_km2":23.406617822825243,"bus_walk_mean_m":3240.1999912997544,"bus_walk_p90_m":3240.1999912997544,"bus_known_weight":1.0,"metro_walk_mean_m":18155.280434128075,"metro_known_weight":1.0,"position_status":"fallback_unverified","classification":"residential_coverage_candidate","residential_gap":true},"geometry":{"type":"Polygon","coordinates":[[[121.76061680825573,25.045202859724238],[121.76063073260872,25.047459741546888],[121.76310818400057,25.047447035475496],[121.7630942143053,25.04519015495256],[121.76061680825573,25.045202859724238]]]}},{"type":"Feature","properties":{"cell_id":"65000:250:11084:1308","county_id":"65000","city":"NewTaipei","district":"平溪區","population_estimate":0.2535955657782102,"population_known_estimate":0.2535955657782102,"population_data_fraction":1.0,"population_method":"uniform_proxy","population_period":"2024-12","population_density_per_km2":4.057529052451363,"bus_walk_mean_m":null,"bus_walk_p90_m":null,"bus_known_weight":0.0,"metro_walk_mean_m":null,"metro_known_weight":0.0,"position_status":"fallback_unverified","classification":"unresolved_walk_evidence","residential_gap":false},"geometry":{"type":"Polygon","coordinates":[[[121.7630942143053,25.04519015495256],[121.76310818400057,25.047447035475496],[121.76558563370337,25.047434288094898],[121.7655716186659,25.045177408875894],[121.7630942143053,25.04519015495256]]]}},{"type":"Feature","properties":{"cell_id":"65000:250:11084:1309","county_id":"65000","city":"NewTaipei","district":"平溪區","population_estimate":0.0,"population_known_estimate":0.0,"population_data_fraction":1.0,"population_method":"residential_support","population_period":"2024-12","population_density_per_km2":0.0,"bus_walk_mean_m":null,"bus_walk_p90_m":null,"bus_known_weight":0.0,"metro_walk_mean_m":null,"metro_known_weight":0.0,"position_status":"fallback_unverified","classification":"zero_residential_proxy","residential_gap":false},"geometry":{"type":"Polygon","coordinates":[[[121.7655716186659,25.045177408875894],[121.76558563370337,25.047434288094898],[121.76806308171162,25.047421499405193],[121.76804902133209,25.045164621494354],[121.7655716186659,25.045177408875894]]]}},{"type":"Feature","properties":{"cell_id":"65000:250:11084:1310","county_id":"65000","city":"NewTaipei","district":"平溪區","population_estimate":0.0,"population_known_estimate":0.0,"population_data_fraction":1.0,"population_method":"residential_support","population_period":"2024-12","population_density_per_km2":0.0,"bus_walk_mean_m":null,"bus_walk_p90_m":null,"bus_known_weight":0.0,"metro_walk_mean_m":null,"metro_known_weight":0.0,"position_status":"fallback_unverified","classification":"zero_residential_proxy","residential_gap":false},"geometry":{"type":"Polygon","coordinates":[[[121.76804902133209,25.045164621494354],[121.76806308171162,25.047421499405193],[121.77054052801982,25.047408669406508],[121.77052642229837,25.045151792808053],[121.76804902133209,25.045164621494354]]]}},{"type":"Feature","properties":{"cell_id":"65000:250:11084:1311","county_id":"65000","city":"NewTaipei","district":"平溪區","population_estimate":0.0,"population_known_estimate":0.0,"population_data_fraction":1.0,"population_method":"residential_support","population_period":"2024-12","population_density_per_km2":0.0,"bus_walk_mean_m":null,"bus_walk_p90_m":null,"bus_known_weight":0.0,"metro_walk_mean_m":null,"metro_known_weight":0.0,"position_status":"fallback_unverified","classification":"zero_residential_proxy","residential_gap":false},"geometry":{"type":"Polygon","coordinates":[[[121.77052642229837,25.045151792808053],[121.77054052801982,25.047408669406508],[121.77301797262251,25.047395798098943],[121.77300382155931,25.045138922817102],[121.77052642229837,25.045151792808053]]]}},{"type":"Feature","properties":{"cell_id":"65000:250:11084:1312","county_id":"65000","city":"NewTaipei","district":"平溪區","population_estimate":0.26716695034275334,"population_known_estimate":0.26716695034275334,"population_data_fraction":1.0,"population_method":"uniform_proxy","population_period":"2024-12","population_density_per_km2":4.274671205484053,"bus_walk_mean_m":741.4033457249121,"bus_walk_p90_m":741.4033457249121,"bus_known_weight":1.0,"metro_walk_mean_m":20916.923189990994,"metro_known_weight":1.0,"position_status":"fallback_unverified","classification":"residential_coverage_candidate","residential_gap":true},"geometry":{"type":"Polygon","coordinates":[[[121.77300382155931,25.045138922817102],[121.77301797262251,25.047395798098943],[121.77549541551421,25.04738288548261],[121.77548121910935,25.045126011521607],[121.77300382155931,25.045138922817102]]]}},{"type":"Feature","properties":{"cell_id":"65000:250:11084:1313","county_id":"65000","city":"NewTaipei","district":"平溪區","population_estimate":7.350862671726553,"population_known_estimate":7.350862671726553,"population_data_fraction":1.0,"population_method":"uniform_proxy","population_period":"2024-12","population_density_per_km2":117.61380274762485,"bus_walk_mean_m":876.0016344938502,"bus_walk_p90_m":876.0016344938502,"bus_known_weight":1.0,"metro_walk_mean_m":20691.812065982725,"metro_known_weight":1.0,"position_status":"fallback_unverified","classification":"barrier_detour_candidate","residential_gap":true},"geometry":{"type":"Polygon","coordinates":[[[121.77548121910935,25.045126011521607],[121.77549541551421,25.04738288548261],[121.7779728566894,25.047369931557625],[121.77795861494305,25.04511305892168],[121.77548121910935,25.045126011521607]]]}},{"type":"Feature","properties":{"cell_id":"65000:250:11084:1314","county_id":"65000","city":"NewTaipei","district":"平溪區","population_estimate":7.072501453405153,"population_known_estimate":7.072501453405153,"population_data_fraction":1.0,"population_method":"uniform_proxy","population_period":"2024-12","population_density_per_km2":113.16002325448245,"bus_walk_mean_m":1366.259433109598,"bus_walk_p90_m":1366.259433109598,"bus_known_weight":1.0,"metro_walk_mean_m":20547.228235193994,"metro_known_weight":1.0,"position_status":"fallback_unverified","classification":"barrier_detour_candidate","residential_gap":true},"geometry":{"type":"Polygon","coordinates":[[[121.77795861494305,25.04511305892168],[121.7779728566894,25.047369931557625],[121.78045029614265,25.047356936324103],[121.78043600905494,25.045100065017444],[121.77795861494305,25.04511305892168]]]}},{"type":"Feature","properties":{"cell_id":"65000:250:11084:1315","county_id":"65000","city":"NewTaipei","district":"平溪區","population_estimate":0.7948616367513629,"population_known_estimate":0.7948616367513629,"population_data_fraction":1.0,"population_method":"uniform_proxy","population_period":"2024-12","population_density_per_km2":12.717786188021806,"bus_walk_mean_m":null,"bus_walk_p90_m":null,"bus_known_weight":0.0,"metro_walk_mean_m":null,"metro_known_weight":0.0,"position_status":"fallback_unverified","classification":"unresolved_walk_evidence","residential_gap":false},"geometry":{"type":"Polygon","coordinates":[[[121.78043600905494,25.045100065017444],[121.78045029614265,25.047356936324103],[121.78292773386846,25.047343899782145],[121.78291340143952,25.045087029809004],[121.78043600905494,25.045100065017444]]]}},{"type":"Feature","properties":{"cell_id":"65000:250:11084:1316","county_id":"65000","city":"NewTaipei","district":"平溪區","population_estimate":49.70916950329645,"population_known_estimate":49.70916950329645,"population_data_fraction":1.0,"population_method":"residential_support","population_period":"2024-12","population_density_per_km2":795.3467120527432,"bus_walk_mean_m":402.762411672277,"bus_walk_p90_m":673.4400130341573,"bus_known_weight":1.0,"metro_walk_mean_m":21822.26638007316,"metro_known_weight":1.0,"position_status":"residential_area_proxy","classification":"barrier_detour_candidate","residential_gap":true},"geometry":{"type":"Polygon","coordinates":[[[121.78291340143952,25.045087029809004],[121.78292773386846,25.047343899782145],[121.78540516986135,25.047330821931876],[121.78539079209132,25.045073953296473],[121.78291340143952,25.045087029809004]]]}},{"type":"Feature","properties":{"cell_id":"65000:250:11084:1317","county_id":"65000","city":"NewTaipei","district":"平溪區","population_estimate":0.0,"population_known_estimate":0.0,"population_data_fraction":1.0,"population_method":"residential_support","population_period":"2024-12","population_density_per_km2":0.0,"bus_walk_mean_m":950.4301347542498,"bus_walk_p90_m":950.4301347542498,"bus_known_weight":1.0,"metro_walk_mean_m":22292.63369604108,"metro_known_weight":1.0,"position_status":"fallback_unverified","classification":"zero_residential_proxy","residential_gap":false},"geometry":{"type":"Polygon","coordinates":[[[121.78539079209132,25.045073953296473],[121.78540516986135,25.047330821931876],[121.78788260411581,25.047317702773405],[121.78786818100482,25.045060835479966],[121.78539079209132,25.045073953296473]]]}},{"type":"Feature","properties":{"cell_id":"65000:250:11084:1318","county_id":"65000","city":"NewTaipei","district":"平溪區","population_estimate":0.0,"population_known_estimate":0.0,"population_data_fraction":1.0,"population_method":"residential_support","population_period":"2024-12","population_density_per_km2":0.0,"bus_walk_mean_m":null,"bus_walk_p90_m":null,"bus_known_weight":0.0,"metro_walk_mean_m":null,"metro_known_weight":0.0,"position_status":"fallback_unverified","classification":"zero_residential_proxy","residential_gap":false},"geometry":{"type":"Polygon","coordinates":[[[121.78786818100482,25.045060835479966],[121.78788260411581,25.047317702773405],[121.79036003662638,25.047304542306843],[121.79034556817462,25.04504767635959],[121.78786818100482,25.045060835479966]]]}},{"type":"Feature","properties":{"cell_id":"65000:250:11084:1319","county_id":"65000","city":"NewTaipei","district":"平溪區","population_estimate":0.0,"population_known_estimate":0.0,"population_data_fraction":1.0,"population_method":"residential_support","population_period":"2024-12","population_density_per_km2":0.0,"bus_walk_mean_m":2469.3718762153358,"bus_walk_p90_m":2469.3718762153358,"bus_known_weight":1.0,"metro_walk_mean_m":23811.575437502168,"metro_known_weight":1.0,"position_status":"fallback_unverified","classification":"zero_residential_proxy","residential_gap":false},"geometry":{"type":"Polygon","coordinates":[[[121.79034556817462,25.04504767635959],[121.79036003662638,25.047304542306843],[121.7928374673876,25.047291340532308],[121.79282295359515,25.045034475935473],[121.79034556817462,25.04504767635959]]]}},{"type":"Feature","properties":{"cell_id":"65000:250:11084:1320","county_id":"65000","city":"NewTaipei","district":"平溪區","population_estimate":0.0,"population_known_estimate":0.0,"population_data_fraction":1.0,"population_method":"residential_support","population_period":"2024-12","population_density_per_km2":0.0,"bus_walk_mean_m":null,"bus_walk_p90_m":null,"bus_known_weight":0.0,"metro_walk_mean_m":null,"metro_known_weight":0.0,"position_status":"fallback_unverified","classification":"zero_residential_proxy","residential_gap":false},"geometry":{"type":"Polygon","coordinates":[[[121.79282295359515,25.045034475935473],[121.7928374673876,25.047291340532308],[121.79531489639398,25.04727809744992],[121.795300337261,25.045021234207713],[121.79282295359515,25.045034475935473]]]}},{"type":"Feature","properties":{"cell_id":"65000:250:11084:1321","county_id":"65000","city":"NewTaipei","district":"平溪區","population_estimate":0.0,"population_known_estimate":0.0,"population_data_fraction":1.0,"population_method":"residential_support","population_period":"2024-12","population_density_per_km2":0.0,"bus_walk_mean_m":null,"bus_walk_p90_m":null,"bus_known_weight":0.0,"metro_walk_mean_m":null,"metro_known_weight":0.0,"position_status":"fallback_unverified","classification":"zero_residential_proxy","residential_gap":false},"geometry":{"type":"Polygon","coordinates":[[[121.795300337261,25.045021234207713],[121.79531489639398,25.04727809744992],[121.79779232364,25.047264813059776],[121.79777771916663,25.04500795117644],[121.795300337261,25.045021234207713]]]}},{"type":"Feature","properties":{"cell_id":"65000:250:11084:1322","county_id":"65000","city":"NewTaipei","district":"平溪區","population_estimate":0.0,"population_known_estimate":0.0,"population_data_fraction":1.0,"population_method":"residential_support","population_period":"2024-12","population_density_per_km2":0.0,"bus_walk_mean_m":3875.4779229462943,"bus_walk_p90_m":3875.4779229462943,"bus_known_weight":1.0,"metro_walk_mean_m":25417.579954870413,"metro_known_weight":1.0,"position_status":"fallback_unverified","classification":"zero_residential_proxy","residential_gap":false},"geometry":{"type":"Polygon","coordinates":[[[121.79777771916663,25.04500795117644],[121.79779232364,25.047264813059776],[121.80026974912019,25.047251487362008],[121.80025509930661,25.044994626841753],[121.79777771916663,25.04500795117644]]]}},{"type":"Feature","properties":{"cell_id":"65000:250:11084:1323","county_id":"65000","city":"NewTaipei","district":"平溪區","population_estimate":0.0,"population_known_estimate":0.0,"population_data_fraction":1.0,"population_method":"residential_support","population_period":"2024-12","population_density_per_km2":0.0,"bus_walk_mean_m":3159.100209151576,"bus_walk_p90_m":3159.100209151576,"bus_known_weight":1.0,"metro_walk_mean_m":25590.682382976796,"metro_known_weight":1.0,"position_status":"fallback_unverified","classification":"zero_residential_proxy","residential_gap":false},"geometry":{"type":"Polygon","coordinates":[[[121.80025509930661,25.044994626841753],[121.80026974912019,25.047251487362008],[121.80274717282913,25.047238120356724],[121.80273247767542,25.044981261203787],[121.80025509930661,25.044994626841753]]]}},{"type":"Feature","properties":{"cell_id":"65000:250:11084:1324","county_id":"65000","city":"NewTaipei","district":"平溪區","population_estimate":0.0,"population_known_estimate":0.0,"population_data_fraction":1.0,"population_method":"residential_support","population_period":"2024-12","population_density_per_km2":0.0,"bus_walk_mean_m":2969.8784619776916,"bus_walk_p90_m":2969.8784619776916,"bus_known_weight":1.0,"metro_walk_mean_m":26169.039476267484,"metro_known_weight":1.0,"position_status":"fallback_unverified","classification":"zero_residential_proxy","residential_gap":false},"geometry":{"type":"Polygon","coordinates":[[[121.80273247767542,25.044981261203787],[121.80274717282913,25.047238120356724],[121.80522459476126,25.047224712044045],[121.80520985426762,25.044967854262644],[121.80273247767542,25.044981261203787]]]}},{"type":"Feature","properties":{"cell_id":"65000:250:11084:1325","county_id":"65000","city":"NewTaipei","district":"平溪區","population_estimate":0.0,"population_known_estimate":0.0,"population_data_fraction":1.0,"population_method":"residential_support","population_period":"2024-12","population_density_per_km2":0.0,"bus_walk_mean_m":null,"bus_walk_p90_m":null,"bus_known_weight":0.0,"metro_walk_mean_m":null,"metro_known_weight":0.0,"position_status":"fallback_unverified","classification":"zero_residential_proxy","residential_gap":false},"geometry":{"type":"Polygon","coordinates":[[[121.80520985426762,25.044967854262644],[121.80522459476126,25.047224712044045],[121.80770201491113,25.047211262424078],[121.80768722907766,25.044954406018437],[121.80520985426762,25.044967854262644]]]}},{"type":"Feature","properties":{"cell_id":"65000:250:11084:1326","county_id":"65000","city":"NewTaipei","district":"平溪區","population_estimate":0.0,"population_known_estimate":0.0,"population_data_fraction":1.0,"population_method":"residential_support","population_period":"2024-12","population_density_per_km2":0.0,"bus_walk_mean_m":2708.197017072841,"bus_walk_p90_m":2708.197017072841,"bus_known_weight":1.0,"metro_walk_mean_m":26774.240601724257,"metro_known_weight":1.0,"position_status":"fallback_unverified","classification":"zero_residential_proxy","residential_gap":false},"geometry":{"type":"Polygon","coordinates":[[[121.80768722907766,25.044954406018437],[121.80770201491113,25.047211262424078],[121.81017943327328,25.04719777149695],[121.81016460210014,25.0449409164713],[121.80768722907766,25.044954406018437]]]}},{"type":"Feature","properties":{"cell_id":"65000:250:11084:1327","county_id":"65000","city":"NewTaipei","district":"平溪區","population_estimate":0.0,"population_known_estimate":0.0,"population_data_fraction":1.0,"population_method":"residential_support","population_period":"2024-12","population_density_per_km2":0.0,"bus_walk_mean_m":2843.8923781423755,"bus_walk_p90_m":2843.8923781423755,"bus_known_weight":1.0,"metro_walk_mean_m":26935.142461476964,"metro_known_weight":1.0,"position_status":"fallback_unverified","classification":"zero_residential_proxy","residential_gap":false},"geometry":{"type":"Polygon","coordinates":[[[121.81016460210014,25.0449409164713],[121.81017943327328,25.04719777149695],[121.8126568498422,25.04718423926277],[121.81264197332955,25.04492738562134],[121.81016460210014,25.0449409164713]]]}},{"type":"Feature","properties":{"cell_id":"65000:250:11084:1328","county_id":"65000","city":"NewTaipei","district":"平溪區","population_estimate":0.0,"population_known_estimate":0.0,"population_data_fraction":0.9999999999999999,"population_method":"residential_support","population_period":"2024-12","population_density_per_km2":0.0,"bus_walk_mean_m":2359.5626539614696,"bus_walk_p90_m":2359.5626539614696,"bus_known_weight":1.0,"metro_walk_mean_m":27575.76783866303,"metro_known_weight":1.0,"position_status":"fallback_unverified","classification":"zero_residential_proxy","residential_gap":false},"geometry":{"type":"Polygon","coordinates":[[[121.81264197332955,25.04492738562134],[121.8126568498422,25.04718423926277],[121.81513426461242,25.047170665721666],[121.81511934276038,25.044913813468657],[121.81264197332955,25.04492738562134]]]}},{"type":"Feature","properties":{"cell_id":"65000:250:11085:1293","county_id":"65000","city":"NewTaipei","district":"平溪區","population_estimate":0.2447054399733415,"population_known_estimate":0.2447054399733415,"population_data_fraction":1.0,"population_method":"uniform_proxy","population_period":"2024-12","population_density_per_km2":3.915287039573464,"bus_walk_mean_m":1986.0398952549685,"bus_walk_p90_m":1986.0398952549685,"bus_known_weight":1.0,"metro_walk_mean_m":13712.348392218024,"metro_known_weight":1.0,"position_status":"fallback_unverified","classification":"residential_coverage_candidate","residential_gap":true},"geometry":{"type":"Polygon","coordinates":[[[121.72594623883977,25.04763328901832],[121.72595952999313,25.049890187901035],[121.72843704980608,25.049878058929384],[121.72842371330306,25.047621161287264],[121.72594623883977,25.04763328901832]]]}},{"type":"Feature","properties":{"cell_id":"65000:250:11085:1294","county_id":"65000","city":"NewTaipei","district":"平溪區","population_estimate":0.0,"population_known_estimate":0.0,"population_data_fraction":1.0,"population_method":"residential_support","population_period":"2024-12","population_density_per_km2":0.0,"bus_walk_mean_m":2399.9474151320533,"bus_walk_p90_m":2399.9474151320533,"bus_known_weight":1.0,"metro_walk_mean_m":13875.479167867014,"metro_known_weight":1.0,"position_status":"fallback_unverified","classification":"zero_residential_proxy","residential_gap":false},"geometry":{"type":"Polygon","coordinates":[[[121.72842371330306,25.047621161287264],[121.72843704980608,25.049878058929384],[121.73091456800657,25.049865888642785],[121.73090118615401,25.047608992245493],[121.72842371330306,25.047621161287264]]]}},{"type":"Feature","properties":{"cell_id":"65000:250:11085:1295","county_id":"65000","city":"NewTaipei","district":"平溪區","population_estimate":0.0,"population_known_estimate":0.0,"population_data_fraction":1.0,"population_method":"residential_support","population_period":"2024-12","population_density_per_km2":0.0,"bus_walk_mean_m":null,"bus_walk_p90_m":null,"bus_known_weight":0.0,"metro_walk_mean_m":null,"metro_known_weight":0.0,"position_status":"fallback_unverified","classification":"zero_residential_proxy","residential_gap":false},"geometry":{"type":"Polygon","coordinates":[[[121.73090118615401,25.047608992245493],[121.73091456800657,25.049865888642785],[121.7333920845891,25.049853677041344],[121.73337865738718,25.047596781893112],[121.73090118615401,25.047608992245493]]]}},{"type":"Feature","properties":{"cell_id":"65000:250:11085:1296","county_id":"65000","city":"NewTaipei","district":"平溪區","population_estimate":0.0,"population_known_estimate":0.0,"population_data_fraction":1.0,"population_method":"residential_support","population_period":"2024-12","population_density_per_km2":0.0,"bus_walk_mean_m":3207.193410352293,"bus_walk_p90_m":3207.193410352293,"bus_known_weight":1.0,"metro_walk_mean_m":14116.801593290222,"metro_known_weight":1.0,"position_status":"fallback_unverified","classification":"zero_residential_proxy","residential_gap":false},"geometry":{"type":"Polygon","coordinates":[[[121.73337865738718,25.047596781893112],[121.7333920845891,25.049853677041344],[121.73586959954824,25.049841424125177],[121.73585612699704,25.047584530230218],[121.73337865738718,25.047596781893112]]]}},{"type":"Feature","properties":{"cell_id":"65000:250:11085:1297","county_id":"65000","city":"NewTaipei","district":"平溪區","population_estimate":0.0,"population_known_estimate":0.0,"population_data_fraction":1.0,"population_method":"residential_support","population_period":"2024-12","population_density_per_km2":0.0,"bus_walk_mean_m":2794.4385397073697,"bus_walk_p90_m":2794.4385397073697,"bus_known_weight":1.0,"metro_walk_mean_m":14449.334581360536,"metro_known_weight":1.0,"position_status":"fallback_unverified","classification":"zero_residential_proxy","residential_gap":false},"geometry":{"type":"Polygon","coordinates":[[[121.73585612699704,25.047584530230218],[121.73586959954824,25.049841424125177],[121.73834711287846,25.04982912989438],[121.73833359497813,25.047572237256915],[121.73585612699704,25.047584530230218]]]}},{"type":"Feature","properties":{"cell_id":"65000:250:11085:1298","county_id":"65000","city":"NewTaipei","district":"平溪區","population_estimate":0.0,"population_known_estimate":0.0,"population_data_fraction":1.0,"population_method":"residential_support","population_period":"2024-12","population_density_per_km2":0.0,"bus_walk_mean_m":2512.9847031844192,"bus_walk_p90_m":2512.9847031844192,"bus_known_weight":1.0,"metro_walk_mean_m":14697.992025196329,"metro_known_weight":1.0,"position_status":"fallback_unverified","classification":"zero_residential_proxy","residential_gap":false},"geometry":{"type":"Polygon","coordinates":[[[121.73833359497813,25.047572237256915],[121.73834711287846,25.04982912989438],[121.74082462457432,25.04981679434906],[121.74081106132498,25.047559902973326],[121.73833359497813,25.047572237256915]]]}},{"type":"Feature","properties":{"cell_id":"65000:250:11085:1299","county_id":"65000","city":"NewTaipei","district":"平溪區","population_estimate":0.0,"population_known_estimate":0.0,"population_data_fraction":1.0,"population_method":"residential_support","population_period":"2024-12","population_density_per_km2":0.0,"bus_walk_mean_m":null,"bus_walk_p90_m":null,"bus_known_weight":0.0,"metro_walk_mean_m":null,"metro_known_weight":0.0,"position_status":"fallback_unverified","classification":"zero_residential_proxy","residential_gap":false},"geometry":{"type":"Polygon","coordinates":[[[121.74081106132498,25.047559902973326],[121.74082462457432,25.04981679434906],[121.74330213463027,25.049804417489327],[121.74328852603207,25.04754752737955],[121.74081106132498,25.047559902973326]]]}},{"type":"Feature","properties":{"cell_id":"65000:250:11085:1300","county_id":"65000","city":"NewTaipei","district":"平溪區","population_estimate":0.0,"population_known_estimate":0.0,"population_data_fraction":1.0,"population_method":"residential_support","population_period":"2024-12","population_density_per_km2":0.0,"bus_walk_mean_m":2649.005027525499,"bus_walk_p90_m":2649.005027525499,"bus_known_weight":1.0,"metro_walk_mean_m":15631.7602378276,"metro_known_weight":1.0,"position_status":"fallback_unverified","classification":"zero_residential_proxy","residential_gap":false},"geometry":{"type":"Polygon","coordinates":[[[121.74328852603207,25.04754752737955],[121.74330213463027,25.049804417489327],[121.74577964304089,25.049791999315293],[121.74576598909397,25.047535110475692],[121.74328852603207,25.04754752737955]]]}},{"type":"Feature","properties":{"cell_id":"65000:250:11085:1301","county_id":"65000","city":"NewTaipei","district":"平溪區","population_estimate":0.0,"population_known_estimate":0.0,"population_data_fraction":1.0,"population_method":"residential_support","population_period":"2024-12","population_density_per_km2":0.0,"bus_walk_mean_m":2751.190544936668,"bus_walk_p90_m":2751.190544936668,"bus_known_weight":1.0,"metro_walk_mean_m":16173.211185165572,"metro_known_weight":1.0,"position_status":"fallback_unverified","classification":"zero_residential_proxy","residential_gap":false},"geometry":{"type":"Polygon","coordinates":[[[121.74576598909397,25.047535110475692],[121.74577964304089,25.049791999315293],[121.74825714980068,25.049779539827057],[121.74824345050514,25.04752265226186],[121.74576598909397,25.047535110475692]]]}},{"type":"Feature","properties":{"cell_id":"65000:250:11085:1302","county_id":"65000","city":"NewTaipei","district":"平溪區","population_estimate":0.2493875399583873,"population_known_estimate":0.2493875399583873,"population_data_fraction":1.0,"population_method":"uniform_proxy","population_period":"2024-12","population_density_per_km2":3.990200639334197,"bus_walk_mean_m":2830.3516073694195,"bus_walk_p90_m":2830.3516073694195,"bus_known_weight":1.0,"metro_walk_mean_m":16107.516660764817,"metro_known_weight":1.0,"position_status":"fallback_unverified","classification":"residential_coverage_candidate","residential_gap":true},"geometry":{"type":"Polygon","coordinates":[[[121.74824345050514,25.04752265226186],[121.74825714980068,25.049779539827057],[121.75073465490416,25.049767039024726],[121.75072091026016,25.04751015273816],[121.74824345050514,25.04752265226186]]]}},{"type":"Feature","properties":{"cell_id":"65000:250:11085:1303","county_id":"65000","city":"NewTaipei","district":"平溪區","population_estimate":0.3214238535874498,"population_known_estimate":0.3214238535874498,"population_data_fraction":1.0,"population_method":"uniform_proxy","population_period":"2024-12","population_density_per_km2":5.142781657399197,"bus_walk_mean_m":null,"bus_walk_p90_m":null,"bus_known_weight":0.0,"metro_walk_mean_m":null,"metro_known_weight":0.0,"position_status":"fallback_unverified","classification":"unresolved_walk_evidence","residential_gap":false},"geometry":{"type":"Polygon","coordinates":[[[121.75072091026016,25.04751015273816],[121.75073465490416,25.049767039024726],[121.75321215834583,25.049754496908413],[121.75319836835348,25.047497611904706],[121.75072091026016,25.04751015273816]]]}},{"type":"Feature","properties":{"cell_id":"65000:250:11085:1304","county_id":"65000","city":"NewTaipei","district":"平溪區","population_estimate":0.3214238535874498,"population_known_estimate":0.3214238535874498,"population_data_fraction":1.0,"population_method":"uniform_proxy","population_period":"2024-12","population_density_per_km2":5.142781657399197,"bus_walk_mean_m":null,"bus_walk_p90_m":null,"bus_known_weight":0.0,"metro_walk_mean_m":null,"metro_known_weight":0.0,"position_status":"fallback_unverified","classification":"unresolved_walk_evidence","residential_gap":false},"geometry":{"type":"Polygon","coordinates":[[[121.75319836835348,25.047497611904706],[121.75321215834583,25.049754496908413],[121.75568966012024,25.049741913478226],[121.75567582477969,25.047485029761603],[121.75319836835348,25.047497611904706]]]}},{"type":"Feature","properties":{"cell_id":"65000:250:11085:1305","county_id":"65000","city":"NewTaipei","district":"平溪區","population_estimate":0.3214238535874498,"population_known_estimate":0.3214238535874498,"population_data_fraction":1.0,"population_method":"uniform_proxy","population_period":"2024-12","population_density_per_km2":5.142781657399197,"bus_walk_mean_m":null,"bus_walk_p90_m":null,"bus_known_weight":0.0,"metro_walk_mean_m":null,"metro_known_weight":0.0,"position_status":"fallback_unverified","classification":"unresolved_walk_evidence","residential_gap":false},"geometry":{"type":"Polygon","coordinates":[[[121.75567582477969,25.047485029761603],[121.75568966012024,25.049741913478226],[121.75816716022187,25.049729288734284],[121.75815327953326,25.04747240630896],[121.75567582477969,25.047485029761603]]]}},{"type":"Feature","properties":{"cell_id":"65000:250:11085:1306","county_id":"65000","city":"NewTaipei","district":"平溪區","population_estimate":0.5289507340256709,"population_known_estimate":0.5289507340256709,"population_data_fraction":1.0,"population_method":"uniform_proxy","population_period":"2024-12","population_density_per_km2":8.463211744410735,"bus_walk_mean_m":2958.5036671927046,"bus_walk_p90_m":2958.5036671927046,"bus_known_weight":1.0,"metro_walk_mean_m":17259.539044601734,"metro_known_weight":1.0,"position_status":"fallback_unverified","classification":"residential_coverage_candidate","residential_gap":true},"geometry":{"type":"Polygon","coordinates":[[[121.75815327953326,25.04747240630896],[121.75816716022187,25.049729288734284],[121.76064465864528,25.049716622676684],[121.76063073260872,25.047459741546888],[121.75815327953326,25.04747240630896]]]}},{"type":"Feature","properties":{"cell_id":"65000:250:11085:1307","county_id":"65000","city":"NewTaipei","district":"平溪區","population_estimate":0.8664338506483714,"population_known_estimate":0.8664338506483714,"population_data_fraction":0.9999999999999999,"population_method":"uniform_proxy","population_period":"2024-12","population_density_per_km2":13.862941610373943,"bus_walk_mean_m":3258.266558690048,"bus_walk_p90_m":3258.266558690048,"bus_known_weight":1.0,"metro_walk_mean_m":17620.27021443948,"metro_known_weight":1.0,"position_status":"fallback_unverified","classification":"residential_coverage_candidate","residential_gap":true},"geometry":{"type":"Polygon","coordinates":[[[121.76063073260872,25.047459741546888],[121.76064465864528,25.049716622676684],[121.76312215538495,25.049703915305535],[121.76310818400057,25.047447035475496],[121.76063073260872,25.047459741546888]]]}},{"type":"Feature","properties":{"cell_id":"65000:250:11085:1308","county_id":"65000","city":"NewTaipei","district":"平溪區","population_estimate":0.8270266490677727,"population_known_estimate":0.8270266490677727,"population_data_fraction":0.9999999999999998,"population_method":"uniform_proxy","population_period":"2024-12","population_density_per_km2":13.232426385084363,"bus_walk_mean_m":2925.362602375916,"bus_walk_p90_m":2925.362602375916,"bus_known_weight":1.0,"metro_walk_mean_m":18278.895216729306,"metro_known_weight":1.0,"position_status":"fallback_unverified","classification":"residential_coverage_candidate","residential_gap":true},"geometry":{"type":"Polygon","coordinates":[[[121.76310818400057,25.047447035475496],[121.76312215538495,25.049703915305535],[121.7655996504354,25.049691166620953],[121.76558563370337,25.047434288094898],[121.76310818400057,25.047447035475496]]]}},{"type":"Feature","properties":{"cell_id":"65000:250:11085:1309","county_id":"65000","city":"NewTaipei","district":"平溪區","population_estimate":0.0,"population_known_estimate":0.0,"population_data_fraction":1.0,"population_method":"residential_support","population_period":"2024-12","population_density_per_km2":0.0,"bus_walk_mean_m":null,"bus_walk_p90_m":null,"bus_known_weight":0.0,"metro_walk_mean_m":null,"metro_known_weight":0.0,"position_status":"fallback_unverified","classification":"zero_residential_proxy","residential_gap":false},"geometry":{"type":"Polygon","coordinates":[[[121.76558563370337,25.047434288094898],[121.7655996504354,25.049691166620953],[121.76807714379119,25.049678376623046],[121.76806308171162,25.047421499405193],[121.76558563370337,25.047434288094898]]]}},{"type":"Feature","properties":{"cell_id":"65000:250:11085:1310","county_id":"65000","city":"NewTaipei","district":"平溪區","population_estimate":0.0,"population_known_estimate":0.0,"population_data_fraction":1.0,"population_method":"residential_support","population_period":"2024-12","population_density_per_km2":0.0,"bus_walk_mean_m":null,"bus_walk_p90_m":null,"bus_known_weight":0.0,"metro_walk_mean_m":null,"metro_known_weight":0.0,"position_status":"fallback_unverified","classification":"zero_residential_proxy","residential_gap":false},"geometry":{"type":"Polygon","coordinates":[[[121.76806308171162,25.047421499405193],[121.76807714379119,25.049678376623046],[121.77055463544677,25.049665545311925],[121.77054052801982,25.047408669406508],[121.76806308171162,25.047421499405193]]]}},{"type":"Feature","properties":{"cell_id":"65000:250:11085:1311","county_id":"65000","city":"NewTaipei","district":"平溪區","population_estimate":0.0,"population_known_estimate":0.0,"population_data_fraction":1.0,"population_method":"residential_support","population_period":"2024-12","population_density_per_km2":0.0,"bus_walk_mean_m":null,"bus_walk_p90_m":null,"bus_known_weight":0.0,"metro_walk_mean_m":null,"metro_known_weight":0.0,"position_status":"fallback_unverified","classification":"zero_residential_proxy","residential_gap":false},"geometry":{"type":"Polygon","coordinates":[[[121.77054052801982,25.047408669406508],[121.77055463544677,25.049665545311925],[121.77303212539671,25.0496526726877],[121.77301797262251,25.047395798098943],[121.77054052801982,25.047408669406508]]]}},{"type":"Feature","properties":{"cell_id":"65000:250:11085:1312","county_id":"65000","city":"NewTaipei","district":"平溪區","population_estimate":0.0,"population_known_estimate":0.0,"population_data_fraction":1.0,"population_method":"residential_support","population_period":"2024-12","population_density_per_km2":0.0,"bus_walk_mean_m":null,"bus_walk_p90_m":null,"bus_known_weight":0.0,"metro_walk_mean_m":null,"metro_known_weight":0.0,"position_status":"fallback_unverified","classification":"zero_residential_proxy","residential_gap":false},"geometry":{"type":"Polygon","coordinates":[[[121.77301797262251,25.047395798098943],[121.77303212539671,25.0496526726877],[121.77550961363552,25.04963975875048],[121.77549541551421,25.04738288548261],[121.77301797262251,25.047395798098943]]]}},{"type":"Feature","properties":{"cell_id":"65000:250:11085:1313","county_id":"65000","city":"NewTaipei","district":"平溪區","population_estimate":4.575830239114524,"population_known_estimate":4.575830239114524,"population_data_fraction":1.0,"population_method":"uniform_proxy","population_period":"2024-12","population_density_per_km2":73.21328382583238,"bus_walk_mean_m":1105.2204936491685,"bus_walk_p90_m":1105.2204936491685,"bus_known_weight":1.0,"metro_walk_mean_m":20286.189295733566,"metro_known_weight":1.0,"position_status":"fallback_unverified","classification":"barrier_detour_candidate","residential_gap":true},"geometry":{"type":"Polygon","coordinates":[[[121.77549541551421,25.04738288548261],[121.77550961363552,25.04963975875048],[121.77798710015772,25.049626803500384],[121.7779728566894,25.047369931557625],[121.77549541551421,25.04738288548261]]]}},{"type":"Feature","properties":{"cell_id":"65000:250:11085:1314","county_id":"65000","city":"NewTaipei","district":"平溪區","population_estimate":8.599473754607388,"population_known_estimate":8.599473754607388,"population_data_fraction":1.0,"population_method":"uniform_proxy","population_period":"2024-12","population_density_per_km2":137.5915800737182,"bus_walk_mean_m":null,"bus_walk_p90_m":null,"bus_known_weight":0.0,"metro_walk_mean_m":null,"metro_known_weight":0.0,"position_status":"fallback_unverified","classification":"unresolved_walk_evidence","residential_gap":false},"geometry":{"type":"Polygon","coordinates":[[[121.7779728566894,25.047369931557625],[121.77798710015772,25.049626803500384],[121.78046458495781,25.049613806937522],[121.78045029614265,25.047356936324103],[121.7779728566894,25.047369931557625]]]}},{"type":"Feature","properties":{"cell_id":"65000:250:11085:1315","county_id":"65000","city":"NewTaipei","district":"平溪區","population_estimate":5.677284026524924,"population_known_estimate":5.677284026524924,"population_data_fraction":1.0,"population_method":"uniform_proxy","population_period":"2024-12","population_density_per_km2":90.83654442439878,"bus_walk_mean_m":190.50960421730161,"bus_walk_p90_m":190.50960421730161,"bus_known_weight":1.0,"metro_walk_mean_m":21443.4765791787,"metro_known_weight":1.0,"position_status":"fallback_unverified","classification":"within_walk_threshold","residential_gap":false},"geometry":{"type":"Polygon","coordinates":[[[121.78045029614265,25.047356936324103],[121.78046458495781,25.049613806937522],[121.78294206803032,25.049600769062014],[121.78292773386846,25.047343899782145],[121.78045029614265,25.047356936324103]]]}},{"type":"Feature","properties":{"cell_id":"65000:250:11085:1316","county_id":"65000","city":"NewTaipei","district":"平溪區","population_estimate":18.409959076856968,"population_known_estimate":18.409959076856968,"population_data_fraction":0.9999999999999948,"population_method":"uniform_proxy","population_period":"2024-12","population_density_per_km2":294.5593452297115,"bus_walk_mean_m":147.80048063980894,"bus_walk_p90_m":152.98029770395453,"bus_known_weight":1.0,"metro_walk_mean_m":21807.08268541048,"metro_known_weight":1.0,"position_status":"residential_area_proxy","classification":"within_walk_threshold","residential_gap":false},"geometry":{"type":"Polygon","coordinates":[[[121.78292773386846,25.047343899782145],[121.78294206803032,25.049600769062014],[121.78541954936976,25.04958768987396],[121.78540516986135,25.047330821931876],[121.78292773386846,25.047343899782145]]]}},{"type":"Feature","properties":{"cell_id":"65000:250:11085:1317","county_id":"65000","city":"NewTaipei","district":"平溪區","population_estimate":44.135916840064816,"population_known_estimate":44.135916840064816,"population_data_fraction":0.9999999999999999,"population_method":"residential_support","population_period":"2024-12","population_density_per_km2":706.174669441037,"bus_walk_mean_m":528.7467233515537,"bus_walk_p90_m":537.3875200018439,"bus_known_weight":1.0,"metro_walk_mean_m":22021.281095845137,"metro_known_weight":1.0,"position_status":"residential_area_proxy","classification":"barrier_detour_candidate","residential_gap":true},"geometry":{"type":"Polygon","coordinates":[[[121.78540516986135,25.047330821931876],[121.78541954936976,25.04958768987396],[121.78789702897066,25.049574569373473],[121.78788260411581,25.047317702773405],[121.78540516986135,25.047330821931876]]]}},{"type":"Feature","properties":{"cell_id":"65000:250:11085:1318","county_id":"65000","city":"NewTaipei","district":"平溪區","population_estimate":0.0,"population_known_estimate":0.0,"population_data_fraction":1.0,"population_method":"residential_support","population_period":"2024-12","population_density_per_km2":0.0,"bus_walk_mean_m":788.3890067623066,"bus_walk_p90_m":788.3890067623066,"bus_known_weight":1.0,"metro_walk_mean_m":22298.736344428755,"metro_known_weight":1.0,"position_status":"fallback_unverified","classification":"zero_residential_proxy","residential_gap":false},"geometry":{"type":"Polygon","coordinates":[[[121.78788260411581,25.047317702773405],[121.78789702897066,25.049574569373473],[121.79037450682753,25.049561407560677],[121.79036003662638,25.047304542306843],[121.78788260411581,25.047317702773405]]]}},{"type":"Feature","properties":{"cell_id":"65000:250:11085:1319","county_id":"65000","city":"NewTaipei","district":"平溪區","population_estimate":0.0,"population_known_estimate":0.0,"population_data_fraction":1.0,"population_method":"residential_support","population_period":"2024-12","population_density_per_km2":0.0,"bus_walk_mean_m":2808.815931478427,"bus_walk_p90_m":2808.815931478427,"bus_known_weight":1.0,"metro_walk_mean_m":24151.01949276526,"metro_known_weight":1.0,"position_status":"fallback_unverified","classification":"zero_residential_proxy","residential_gap":false},"geometry":{"type":"Polygon","coordinates":[[[121.79036003662638,25.047304542306843],[121.79037450682753,25.049561407560677],[121.79285198293489,25.049548204435688],[121.7928374673876,25.047291340532308],[121.79036003662638,25.047304542306843]]]}},{"type":"Feature","properties":{"cell_id":"65000:250:11085:1320","county_id":"65000","city":"NewTaipei","district":"平溪區","population_estimate":0.0,"population_known_estimate":0.0,"population_data_fraction":1.0,"population_method":"residential_support","population_period":"2024-12","population_density_per_km2":0.0,"bus_walk_mean_m":3095.1518122061784,"bus_walk_p90_m":3095.1518122061784,"bus_known_weight":1.0,"metro_walk_mean_m":24437.355373493006,"metro_known_weight":1.0,"position_status":"fallback_unverified","classification":"zero_residential_proxy","residential_gap":false},"geometry":{"type":"Polygon","coordinates":[[[121.7928374673876,25.047291340532308],[121.79285198293489,25.049548204435688],[121.79532945728727,25.049534959998603],[121.79531489639398,25.04727809744992],[121.7928374673876,25.047291340532308]]]}},{"type":"Feature","properties":{"cell_id":"65000:250:11085:1321","county_id":"65000","city":"NewTaipei","district":"平溪區","population_estimate":0.0,"population_known_estimate":0.0,"population_data_fraction":1.0,"population_method":"residential_support","population_period":"2024-12","population_density_per_km2":0.0,"bus_walk_mean_m":3475.4813240796825,"bus_walk_p90_m":3475.4813240796825,"bus_known_weight":1.0,"metro_walk_mean_m":24817.684885366507,"metro_known_weight":1.0,"position_status":"fallback_unverified","classification":"zero_residential_proxy","residential_gap":false},"geometry":{"type":"Polygon","coordinates":[[[121.79531489639398,25.04727809744992],[121.79532945728727,25.049534959998603],[121.79780692987916,25.049521674249554],[121.79779232364,25.047264813059776],[121.79531489639398,25.04727809744992]]]}},{"type":"Feature","properties":{"cell_id":"65000:250:11085:1322","county_id":"65000","city":"NewTaipei","district":"平溪區","population_estimate":0.0,"population_known_estimate":0.0,"population_data_fraction":1.0,"population_method":"residential_support","population_period":"2024-12","population_density_per_km2":0.0,"bus_walk_mean_m":3297.465171198235,"bus_walk_p90_m":3297.465171198235,"bus_known_weight":1.0,"metro_walk_mean_m":25392.358434712194,"metro_known_weight":1.0,"position_status":"fallback_unverified","classification":"zero_residential_proxy","residential_gap":false},"geometry":{"type":"Polygon","coordinates":[[[121.79779232364,25.047264813059776],[121.79780692987916,25.049521674249554],[121.8002844007051,25.04950834718865],[121.80026974912019,25.047251487362008],[121.79779232364,25.047264813059776]]]}},{"type":"Feature","properties":{"cell_id":"65000:250:11085:1323","county_id":"65000","city":"NewTaipei","district":"平溪區","population_estimate":0.0,"population_known_estimate":0.0,"population_data_fraction":1.0,"population_method":"residential_support","population_period":"2024-12","population_density_per_km2":0.0,"bus_walk_mean_m":3028.5545078843174,"bus_walk_p90_m":3028.5545078843174,"bus_known_weight":1.0,"metro_walk_mean_m":25666.238785492325,"metro_known_weight":1.0,"position_status":"fallback_unverified","classification":"zero_residential_proxy","residential_gap":false},"geometry":{"type":"Polygon","coordinates":[[[121.80026974912019,25.047251487362008],[121.8002844007051,25.04950834718865],[121.80276186975958,25.049494978816004],[121.80274717282913,25.047238120356724],[121.80026974912019,25.047251487362008]]]}},{"type":"Feature","properties":{"cell_id":"65000:250:11085:1324","county_id":"65000","city":"NewTaipei","district":"平溪區","population_estimate":0.0,"population_known_estimate":0.0,"population_data_fraction":1.0,"population_method":"residential_support","population_period":"2024-12","population_density_per_km2":0.0,"bus_walk_mean_m":2805.6409837266306,"bus_walk_p90_m":2805.6409837266306,"bus_known_weight":1.0,"metro_walk_mean_m":25916.793248856513,"metro_known_weight":1.0,"position_status":"fallback_unverified","classification":"zero_residential_proxy","residential_gap":false},"geometry":{"type":"Polygon","coordinates":[[[121.80274717282913,25.047238120356724],[121.80276186975958,25.049494978816004],[121.80523933703718,25.049481569131732],[121.80522459476126,25.047224712044045],[121.80274717282913,25.047238120356724]]]}},{"type":"Feature","properties":{"cell_id":"65000:250:11085:1325","county_id":"65000","city":"NewTaipei","district":"平溪區","population_estimate":0.0,"population_known_estimate":0.0,"population_data_fraction":1.0,"population_method":"residential_support","population_period":"2024-12","population_density_per_km2":0.0,"bus_walk_mean_m":null,"bus_walk_p90_m":null,"bus_known_weight":0.0,"metro_walk_mean_m":null,"metro_known_weight":0.0,"position_status":"fallback_unverified","classification":"zero_residential_proxy","residential_gap":false},"geometry":{"type":"Polygon","coordinates":[[[121.80522459476126,25.047224712044045],[121.80523933703718,25.049481569131732],[121.80771680253235,25.04946811813596],[121.80770201491113,25.047211262424078],[121.80522459476126,25.047224712044045]]]}},{"type":"Feature","properties":{"cell_id":"65000:250:11085:1326","county_id":"65000","city":"NewTaipei","district":"平溪區","population_estimate":0.0,"population_known_estimate":0.0,"population_data_fraction":1.0,"population_method":"residential_support","population_period":"2024-12","population_density_per_km2":0.0,"bus_walk_mean_m":2402.8494303644625,"bus_walk_p90_m":2402.8494303644625,"bus_known_weight":1.0,"metro_walk_mean_m":26468.893015015878,"metro_known_weight":1.0,"position_status":"fallback_unverified","classification":"zero_residential_proxy","residential_gap":false},"geometry":{"type":"Polygon","coordinates":[[[121.80770201491113,25.047211262424078],[121.80771680253235,25.04946811813596],[121.81019426623963,25.049454625828783],[121.81017943327328,25.04719777149695],[121.80770201491113,25.047211262424078]]]}},{"type":"Feature","properties":{"cell_id":"65000:250:11085:1327","county_id":"65000","city":"NewTaipei","district":"平溪區","population_estimate":0.0,"population_known_estimate":0.0,"population_data_fraction":1.0,"population_method":"residential_support","population_period":"2024-12","population_density_per_km2":0.0,"bus_walk_mean_m":null,"bus_walk_p90_m":null,"bus_known_weight":0.0,"metro_walk_mean_m":null,"metro_known_weight":0.0,"position_status":"fallback_unverified","classification":"zero_residential_proxy","residential_gap":false},"geometry":{"type":"Polygon","coordinates":[[[121.81017943327328,25.04719777149695],[121.81019426623963,25.049454625828783],[121.81267172815357,25.049441092210348],[121.8126568498422,25.04718423926277],[121.81017943327328,25.04719777149695]]]}},{"type":"Feature","properties":{"cell_id":"65000:250:11085:1328","county_id":"65000","city":"NewTaipei","district":"平溪區","population_estimate":0.0,"population_known_estimate":0.0,"population_data_fraction":1.0,"population_method":"residential_support","population_period":"2024-12","population_density_per_km2":0.0,"bus_walk_mean_m":null,"bus_walk_p90_m":null,"bus_known_weight":0.0,"metro_walk_mean_m":null,"metro_known_weight":0.0,"position_status":"fallback_unverified","classification":"zero_residential_proxy","residential_gap":false},"geometry":{"type":"Polygon","coordinates":[[[121.8126568498422,25.04718423926277],[121.81267172815357,25.049441092210348],[121.81514918826866,25.049427517280744],[121.81513426461242,25.047170665721666],[121.8126568498422,25.04718423926277]]]}},{"type":"Feature","properties":{"cell_id":"65000:250:11086:1294","county_id":"65000","city":"NewTaipei","district":"平溪區","population_estimate":0.0,"population_known_estimate":0.0,"population_data_fraction":1.0,"population_method":"residential_support","population_period":"2024-12","population_density_per_km2":0.0,"bus_walk_mean_m":2387.8190254260353,"bus_walk_p90_m":2387.8190254260353,"bus_known_weight":1.0,"metro_walk_mean_m":13660.747122339477,"metro_known_weight":1.0,"position_status":"fallback_unverified","classification":"zero_residential_proxy","residential_gap":false},"geometry":{"type":"Polygon","coordinates":[[[121.72843704980608,25.049878058929384],[121.72845038792155,25.05213495587918],[121.73092795147704,25.052122784347713],[121.73091456800657,25.049865888642785],[121.72843704980608,25.049878058929384]]]}},{"type":"Feature","properties":{"cell_id":"65000:250:11086:1295","county_id":"65000","city":"NewTaipei","district":"平溪區","population_estimate":0.0,"population_known_estimate":0.0,"population_data_fraction":1.0,"population_method":"residential_support","population_period":"2024-12","population_density_per_km2":0.0,"bus_walk_mean_m":2792.9372595364125,"bus_walk_p90_m":2792.9372595364125,"bus_known_weight":1.0,"metro_walk_mean_m":14208.225686575111,"metro_known_weight":1.0,"position_status":"fallback_unverified","classification":"zero_residential_proxy","residential_gap":false},"geometry":{"type":"Polygon","coordinates":[[[121.73091456800657,25.049865888642785],[121.73092795147704,25.052122784347713],[121.73340551341447,25.05211057149718],[121.7333920845891,25.049853677041344],[121.73091456800657,25.049865888642785]]]}},{"type":"Feature","properties":{"cell_id":"65000:250:11086:1296","county_id":"65000","city":"NewTaipei","district":"平溪區","population_estimate":0.0,"population_known_estimate":0.0,"population_data_fraction":1.0,"population_method":"residential_support","population_period":"2024-12","population_density_per_km2":0.0,"bus_walk_mean_m":3124.960382067991,"bus_walk_p90_m":3124.960382067991,"bus_known_weight":1.0,"metro_walk_mean_m":14105.524378721097,"metro_known_weight":1.0,"position_status":"fallback_unverified","classification":"zero_residential_proxy","residential_gap":false},"geometry":{"type":"Polygon","coordinates":[[[121.7333920845891,25.049853677041344],[121.73340551341447,25.05211057149718],[121.73588307372835,25.052098317327687],[121.73586959954824,25.049841424125177],[121.7333920845891,25.049853677041344]]]}},{"type":"Feature","properties":{"cell_id":"65000:250:11086:1297","county_id":"65000","city":"NewTaipei","district":"平溪區","population_estimate":0.0,"population_known_estimate":0.0,"population_data_fraction":1.0,"population_method":"residential_support","population_period":"2024-12","population_density_per_km2":0.0,"bus_walk_mean_m":2951.174295499213,"bus_walk_p90_m":2951.174295499213,"bus_known_weight":1.0,"metro_walk_mean_m":14473.534156268784,"metro_known_weight":1.0,"position_status":"fallback_unverified","classification":"zero_residential_proxy","residential_gap":false},"geometry":{"type":"Polygon","coordinates":[[[121.73586959954824,25.049841424125177],[121.73588307372835,25.052098317327687],[121.73836063241319,25.052086021839347],[121.73834711287846,25.04982912989438],[121.73586959954824,25.049841424125177]]]}},{"type":"Feature","properties":{"cell_id":"65000:250:11086:1298","county_id":"65000","city":"NewTaipei","district":"平溪區","population_estimate":0.0,"population_known_estimate":0.0,"population_data_fraction":1.0,"population_method":"residential_support","population_period":"2024-12","population_density_per_km2":0.0,"bus_walk_mean_m":null,"bus_walk_p90_m":null,"bus_known_weight":0.0,"metro_walk_mean_m":null,"metro_known_weight":0.0,"position_status":"fallback_unverified","classification":"zero_residential_proxy","residential_gap":false},"geometry":{"type":"Polygon","coordinates":[[[121.73834711287846,25.04982912989438],[121.73836063241319,25.052086021839347],[121.74083818946349,25.05207368503226],[121.74082462457432,25.04981679434906],[121.73834711287846,25.04982912989438]]]}},{"type":"Feature","properties":{"cell_id":"65000:250:11086:1299","county_id":"65000","city":"NewTaipei","district":"平溪區","population_estimate":0.0,"population_known_estimate":0.0,"population_data_fraction":1.0,"population_method":"residential_support","population_period":"2024-12","population_density_per_km2":0.0,"bus_walk_mean_m":null,"bus_walk_p90_m":null,"bus_known_weight":0.0,"metro_walk_mean_m":null,"metro_known_weight":0.0,"position_status":"fallback_unverified","classification":"zero_residential_proxy","residential_gap":false},"geometry":{"type":"Polygon","coordinates":[[[121.74082462457432,25.04981679434906],[121.74083818946349,25.05207368503226],[121.74331574487381,25.05206130690652],[121.74330213463027,25.049804417489327],[121.74082462457432,25.04981679434906]]]}},{"type":"Feature","properties":{"cell_id":"65000:250:11086:1300","county_id":"65000","city":"NewTaipei","district":"平溪區","population_estimate":0.0,"population_known_estimate":0.0,"population_data_fraction":1.0,"population_method":"residential_support","population_period":"2024-12","population_density_per_km2":0.0,"bus_walk_mean_m":2893.8231827690906,"bus_walk_p90_m":2893.8231827690906,"bus_known_weight":1.0,"metro_walk_mean_m":15355.789446271463,"metro_known_weight":1.0,"position_status":"fallback_unverified","classification":"zero_residential_proxy","residential_gap":false},"geometry":{"type":"Polygon","coordinates":[[[121.74330213463027,25.049804417489327],[121.74331574487381,25.05206130690652],[121.74579329863866,25.05204888746226],[121.74577964304089,25.049791999315293],[121.74330213463027,25.049804417489327]]]}},{"type":"Feature","properties":{"cell_id":"65000:250:11086:1301","county_id":"65000","city":"NewTaipei","district":"平溪區","population_estimate":0.0,"population_known_estimate":0.0,"population_data_fraction":1.0,"population_method":"residential_support","population_period":"2024-12","population_density_per_km2":0.0,"bus_walk_mean_m":3072.128863656904,"bus_walk_p90_m":3072.128863656904,"bus_known_weight":1.0,"metro_walk_mean_m":15855.894962585802,"metro_known_weight":1.0,"position_status":"fallback_unverified","classification":"zero_residential_proxy","residential_gap":false},"geometry":{"type":"Polygon","coordinates":[[[121.74577964304089,25.049791999315293],[121.74579329863866,25.05204888746226],[121.74827085075253,25.05203642669958],[121.74825714980068,25.049779539827057],[121.74577964304089,25.049791999315293]]]}},{"type":"Feature","properties":{"cell_id":"65000:250:11086:1302","county_id":"65000","city":"NewTaipei","district":"平溪區","population_estimate":0.27058752447040546,"population_known_estimate":0.27058752447040546,"population_data_fraction":1.0,"population_method":"uniform_proxy","population_period":"2024-12","population_density_per_km2":4.329400391526487,"bus_walk_mean_m":3093.596122322509,"bus_walk_p90_m":3093.596122322509,"bus_known_weight":1.0,"metro_walk_mean_m":15843.870037718001,"metro_known_weight":1.0,"position_status":"fallback_unverified","classification":"residential_coverage_candidate","residential_gap":true},"geometry":{"type":"Polygon","coordinates":[[[121.74825714980068,25.049779539827057],[121.74827085075253,25.05203642669958],[121.75074840120996,25.052023924618574],[121.75073465490416,25.049767039024726],[121.74825714980068,25.049779539827057]]]}},{"type":"Feature","properties":{"cell_id":"65000:250:11086:1303","county_id":"65000","city":"NewTaipei","district":"平溪區","population_estimate":0.3214238535874498,"population_known_estimate":0.3214238535874498,"population_data_fraction":1.0,"population_method":"uniform_proxy","population_period":"2024-12","population_density_per_km2":5.142781657399197,"bus_walk_mean_m":null,"bus_walk_p90_m":null,"bus_known_weight":0.0,"metro_walk_mean_m":null,"metro_known_weight":0.0,"position_status":"fallback_unverified","classification":"unresolved_walk_evidence","residential_gap":false},"geometry":{"type":"Polygon","coordinates":[[[121.75073465490416,25.049767039024726],[121.75074840120996,25.052023924618574],[121.75322595000546,25.05201138121936],[121.75321215834583,25.049754496908413],[121.75073465490416,25.049767039024726]]]}},{"type":"Feature","properties":{"cell_id":"65000:250:11086:1304","county_id":"65000","city":"NewTaipei","district":"平溪區","population_estimate":0.3214238535874498,"population_known_estimate":0.3214238535874498,"population_data_fraction":1.0,"population_method":"uniform_proxy","population_period":"2024-12","population_density_per_km2":5.142781657399197,"bus_walk_mean_m":null,"bus_walk_p90_m":null,"bus_known_weight":0.0,"metro_walk_mean_m":null,"metro_known_weight":0.0,"position_status":"fallback_unverified","classification":"unresolved_walk_evidence","residential_gap":false},"geometry":{"type":"Polygon","coordinates":[[[121.75321215834583,25.049754496908413],[121.75322595000546,25.05201138121936],[121.75570349713357,25.05199879650205],[121.75568966012024,25.049741913478226],[121.75321215834583,25.049754496908413]]]}},{"type":"Feature","properties":{"cell_id":"65000:250:11086:1305","county_id":"65000","city":"NewTaipei","district":"平溪區","population_estimate":0.3214238535874498,"population_known_estimate":0.3214238535874498,"population_data_fraction":1.0,"population_method":"uniform_proxy","population_period":"2024-12","population_density_per_km2":5.142781657399197,"bus_walk_mean_m":3357.09036188944,"bus_walk_p90_m":3357.09036188944,"bus_known_weight":1.0,"metro_walk_mean_m":16972.831177059055,"metro_known_weight":1.0,"position_status":"fallback_unverified","classification":"residential_coverage_candidate","residential_gap":true},"geometry":{"type":"Polygon","coordinates":[[[121.75568966012024,25.049741913478226],[121.75570349713357,25.05199879650205],[121.75818104258875,25.051986170466755],[121.75816716022187,25.049729288734284],[121.75568966012024,25.049741913478226]]]}},{"type":"Feature","properties":{"cell_id":"65000:250:11086:1306","county_id":"65000","city":"NewTaipei","district":"平溪區","population_estimate":0.3214238535874498,"population_known_estimate":0.3214238535874498,"population_data_fraction":1.0,"population_method":"uniform_proxy","population_period":"2024-12","population_density_per_km2":5.142781657399197,"bus_walk_mean_m":null,"bus_walk_p90_m":null,"bus_known_weight":0.0,"metro_walk_mean_m":null,"metro_known_weight":0.0,"position_status":"fallback_unverified","classification":"unresolved_walk_evidence","residential_gap":false},"geometry":{"type":"Polygon","coordinates":[[[121.75816716022187,25.049729288734284],[121.75818104258875,25.051986170466755],[121.76065858636555,25.051973503113572],[121.76064465864528,25.049716622676684],[121.75816716022187,25.049729288734284]]]}},{"type":"Feature","properties":{"cell_id":"65000:250:11086:1307","county_id":"65000","city":"NewTaipei","district":"平溪區","population_estimate":0.3214238535874498,"population_known_estimate":0.3214238535874498,"population_data_fraction":1.0,"population_method":"uniform_proxy","population_period":"2024-12","population_density_per_km2":5.142781657399197,"bus_walk_mean_m":null,"bus_walk_p90_m":null,"bus_known_weight":0.0,"metro_walk_mean_m":null,"metro_known_weight":0.0,"position_status":"fallback_unverified","classification":"unresolved_walk_evidence","residential_gap":false},"geometry":{"type":"Polygon","coordinates":[[[121.76064465864528,25.049716622676684],[121.76065858636555,25.051973503113572],[121.7631361284585,25.05196079444262],[121.76312215538495,25.049703915305535],[121.76064465864528,25.049716622676684]]]}},{"type":"Feature","properties":{"cell_id":"65000:250:11086:1308","county_id":"65000","city":"NewTaipei","district":"平溪區","population_estimate":0.24394068992094425,"population_known_estimate":0.24394068992094425,"population_data_fraction":1.0,"population_method":"uniform_proxy","population_period":"2024-12","population_density_per_km2":3.903051038735108,"bus_walk_mean_m":2685.4595582454854,"bus_walk_p90_m":2685.4595582454854,"bus_known_weight":1.0,"metro_walk_mean_m":18529.833402558797,"metro_known_weight":1.0,"position_status":"fallback_unverified","classification":"residential_coverage_candidate","residential_gap":true},"geometry":{"type":"Polygon","coordinates":[[[121.76312215538495,25.049703915305535],[121.7631361284585,25.05196079444262],[121.76561366886212,25.051948044454008],[121.7655996504354,25.049691166620953],[121.76312215538495,25.049703915305535]]]}},{"type":"Feature","properties":{"cell_id":"65000:250:11086:1309","county_id":"65000","city":"NewTaipei","district":"平溪區","population_estimate":0.0,"population_known_estimate":0.0,"population_data_fraction":1.0,"population_method":"residential_support","population_period":"2024-12","population_density_per_km2":0.0,"bus_walk_mean_m":2330.274410165504,"bus_walk_p90_m":2330.274410165504,"bus_known_weight":1.0,"metro_walk_mean_m":18859.194019478724,"metro_known_weight":1.0,"position_status":"fallback_unverified","classification":"zero_residential_proxy","residential_gap":false},"geometry":{"type":"Polygon","coordinates":[[[121.7655996504354,25.049691166620953],[121.76561366886212,25.051948044454008],[121.7680912075709,25.05193525314785],[121.76807714379119,25.049678376623046],[121.7655996504354,25.049691166620953]]]}},{"type":"Feature","properties":{"cell_id":"65000:250:11086:1310","county_id":"65000","city":"NewTaipei","district":"平溪區","population_estimate":0.0,"population_known_estimate":0.0,"population_data_fraction":1.0,"population_method":"residential_support","population_period":"2024-12","population_density_per_km2":0.0,"bus_walk_mean_m":1992.517317216414,"bus_walk_p90_m":1992.517317216414,"bus_known_weight":1.0,"metro_walk_mean_m":19170.29301476972,"metro_known_weight":1.0,"position_status":"fallback_unverified","classification":"zero_residential_proxy","residential_gap":false},"geometry":{"type":"Polygon","coordinates":[[[121.76807714379119,25.049678376623046],[121.7680912075709,25.05193525314785],[121.77056874457939,25.051922420524242],[121.77055463544677,25.049665545311925],[121.76807714379119,25.049678376623046]]]}},{"type":"Feature","properties":{"cell_id":"65000:250:11086:1311","county_id":"65000","city":"NewTaipei","district":"平溪區","population_estimate":0.0,"population_known_estimate":0.0,"population_data_fraction":1.0,"population_method":"residential_support","population_period":"2024-12","population_density_per_km2":0.0,"bus_walk_mean_m":1667.292195991934,"bus_walk_p90_m":1667.292195991934,"bus_known_weight":1.0,"metro_walk_mean_m":19574.58226946502,"metro_known_weight":1.0,"position_status":"fallback_unverified","classification":"zero_residential_proxy","residential_gap":false},"geometry":{"type":"Polygon","coordinates":[[[121.77055463544677,25.049665545311925],[121.77056874457939,25.051922420524242],[121.77304627988207,25.051909546583317],[121.77303212539671,25.0496526726877],[121.77055463544677,25.049665545311925]]]}},{"type":"Feature","properties":{"cell_id":"65000:250:11086:1312","county_id":"65000","city":"NewTaipei","district":"平溪區","population_estimate":0.0,"population_known_estimate":0.0,"population_data_fraction":1.0,"population_method":"residential_support","population_period":"2024-12","population_density_per_km2":0.0,"bus_walk_mean_m":1349.412878002906,"bus_walk_p90_m":1349.412878002906,"bus_known_weight":1.0,"metro_walk_mean_m":19862.337500594756,"metro_known_weight":1.0,"position_status":"fallback_unverified","classification":"zero_residential_proxy","residential_gap":false},"geometry":{"type":"Polygon","coordinates":[[[121.77303212539671,25.0496526726877],[121.77304627988207,25.051909546583317],[121.77552381347348,25.051896631325167],[121.77550961363552,25.04963975875048],[121.77303212539671,25.0496526726877]]]}},{"type":"Feature","properties":{"cell_id":"65000:250:11086:1313","county_id":"65000","city":"NewTaipei","district":"平溪區","population_estimate":1.2013944019685858,"population_known_estimate":1.2013944019685858,"population_data_fraction":1.0,"population_method":"uniform_proxy","population_period":"2024-12","population_density_per_km2":19.222310431497373,"bus_walk_mean_m":null,"bus_walk_p90_m":null,"bus_known_weight":0.0,"metro_walk_mean_m":null,"metro_known_weight":0.0,"position_status":"fallback_unverified","classification":"unresolved_walk_evidence","residential_gap":false},"geometry":{"type":"Polygon","coordinates":[[[121.77550961363552,25.04963975875048],[121.77552381347348,25.051896631325167],[121.77800134534813,25.05188367474992],[121.77798710015772,25.049626803500384],[121.77550961363552,25.04963975875048]]]}},{"type":"Feature","properties":{"cell_id":"65000:250:11086:1314","county_id":"65000","city":"NewTaipei","district":"平溪區","population_estimate":3.848112816786432,"population_known_estimate":3.848112816786432,"population_data_fraction":1.0,"population_method":"uniform_proxy","population_period":"2024-12","population_density_per_km2":61.56980506858291,"bus_walk_mean_m":null,"bus_walk_p90_m":null,"bus_known_weight":0.0,"metro_walk_mean_m":null,"metro_known_weight":0.0,"position_status":"fallback_unverified","classification":"unresolved_walk_evidence","residential_gap":false},"geometry":{"type":"Polygon","coordinates":[[[121.77798710015772,25.049626803500384],[121.77800134534813,25.05188367474992],[121.78047887550056,25.051870676857675],[121.78046458495781,25.049613806937522],[121.77798710015772,25.049626803500384]]]}},{"type":"Feature","properties":{"cell_id":"65000:250:11086:1315","county_id":"65000","city":"NewTaipei","district":"平溪區","population_estimate":6.920232469122459,"population_known_estimate":6.920232469122459,"population_data_fraction":1.0,"population_method":"uniform_proxy","population_period":"2024-12","population_density_per_km2":110.72371950595934,"bus_walk_mean_m":null,"bus_walk_p90_m":null,"bus_known_weight":0.0,"metro_walk_mean_m":null,"metro_known_weight":0.0,"position_status":"fallback_unverified","classification":"unresolved_walk_evidence","residential_gap":false},"geometry":{"type":"Polygon","coordinates":[[[121.78046458495781,25.049613806937522],[121.78047887550056,25.051870676857675],[121.78295640392524,25.051857637648556],[121.78294206803032,25.049600769062014],[121.78046458495781,25.049613806937522]]]}},{"type":"Feature","properties":{"cell_id":"65000:250:11086:1316","county_id":"65000","city":"NewTaipei","district":"平溪區","population_estimate":18.09078501722444,"population_known_estimate":18.09078501722444,"population_data_fraction":1.0,"population_method":"uniform_proxy","population_period":"2024-12","population_density_per_km2":289.45256027559105,"bus_walk_mean_m":498.4529686026464,"bus_walk_p90_m":498.4529686026464,"bus_known_weight":1.0,"metro_walk_mean_m":21917.194424462206,"metro_known_weight":1.0,"position_status":"residential_area_proxy","classification":"within_walk_threshold","residential_gap":false},"geometry":{"type":"Polygon","coordinates":[[[121.78294206803032,25.049600769062014],[121.78295640392524,25.051857637648556],[121.78543393061675,25.05184455712267],[121.78541954936976,25.04958768987396],[121.78294206803032,25.049600769062014]]]}},{"type":"Feature","properties":{"cell_id":"65000:250:11086:1317","county_id":"65000","city":"NewTaipei","district":"平溪區","population_estimate":0.0,"population_known_estimate":0.0,"population_data_fraction":1.0,"population_method":"residential_support","population_period":"2024-12","population_density_per_km2":0.0,"bus_walk_mean_m":null,"bus_walk_p90_m":null,"bus_known_weight":0.0,"metro_walk_mean_m":null,"metro_known_weight":0.0,"position_status":"fallback_unverified","classification":"zero_residential_proxy","residential_gap":false},"geometry":{"type":"Polygon","coordinates":[[[121.78541954936976,25.04958768987396],[121.78543393061675,25.05184455712267],[121.78791145556954,25.05183143528013],[121.78789702897066,25.049574569373473],[121.78541954936976,25.04958768987396]]]}},{"type":"Feature","properties":{"cell_id":"65000:250:11086:1318","county_id":"65000","city":"NewTaipei","district":"平溪區","population_estimate":0.0,"population_known_estimate":0.0,"population_data_fraction":0.9999999999999956,"population_method":"residential_support","population_period":"2024-12","population_density_per_km2":0.0,"bus_walk_mean_m":816.1200600495744,"bus_walk_p90_m":816.1200600495744,"bus_known_weight":1.0,"metro_walk_mean_m":22917.59723505416,"metro_known_weight":1.0,"position_status":"fallback_unverified","classification":"zero_residential_proxy","residential_gap":false},"geometry":{"type":"Polygon","coordinates":[[[121.78789702897066,25.049574569373473],[121.78791145556954,25.05183143528013],[121.79038897877818,25.051818272121047],[121.79037450682753,25.049561407560677],[121.78789702897066,25.049574569373473]]]}},{"type":"Feature","properties":{"cell_id":"65000:250:11086:1319","county_id":"65000","city":"NewTaipei","district":"平溪區","population_estimate":0.0,"population_known_estimate":0.0,"population_data_fraction":1.0,"population_method":"residential_support","population_period":"2024-12","population_density_per_km2":0.0,"bus_walk_mean_m":null,"bus_walk_p90_m":null,"bus_known_weight":0.0,"metro_walk_mean_m":null,"metro_known_weight":0.0,"position_status":"fallback_unverified","classification":"zero_residential_proxy","residential_gap":false},"geometry":{"type":"Polygon","coordinates":[[[121.79037450682753,25.049561407560677],[121.79038897877818,25.051818272121047],[121.79286650023717,25.051805067645546],[121.79285198293489,25.049548204435688],[121.79037450682753,25.049561407560677]]]}},{"type":"Feature","properties":{"cell_id":"65000:250:11086:1320","county_id":"65000","city":"NewTaipei","district":"平溪區","population_estimate":0.0,"population_known_estimate":0.0,"population_data_fraction":1.0,"population_method":"residential_support","population_period":"2024-12","population_density_per_km2":0.0,"bus_walk_mean_m":3280.8638180716225,"bus_walk_p90_m":3280.8638180716225,"bus_known_weight":1.0,"metro_walk_mean_m":24623.067379358454,"metro_known_weight":1.0,"position_status":"fallback_unverified","classification":"zero_residential_proxy","residential_gap":false},"geometry":{"type":"Polygon","coordinates":[[[121.79285198293489,25.049548204435688],[121.79286650023717,25.051805067645546],[121.79534401994103,25.051791821853726],[121.79532945728727,25.049534959998603],[121.79285198293489,25.049548204435688]]]}},{"type":"Feature","properties":{"cell_id":"65000:250:11086:1321","county_id":"65000","city":"NewTaipei","district":"平溪區","population_estimate":0.0,"population_known_estimate":0.0,"population_data_fraction":1.0,"population_method":"residential_support","population_period":"2024-12","population_density_per_km2":0.0,"bus_walk_mean_m":null,"bus_walk_p90_m":null,"bus_known_weight":0.0,"metro_walk_mean_m":null,"metro_known_weight":0.0,"position_status":"fallback_unverified","classification":"zero_residential_proxy","residential_gap":false},"geometry":{"type":"Polygon","coordinates":[[[121.79532945728727,25.049534959998603],[121.79534401994103,25.051791821853726],[121.79782153788427,25.05177853474572],[121.79780692987916,25.049521674249554],[121.79532945728727,25.049534959998603]]]}},{"type":"Feature","properties":{"cell_id":"65000:250:11086:1322","county_id":"65000","city":"NewTaipei","district":"平溪區","population_estimate":0.0,"population_known_estimate":0.0,"population_data_fraction":1.0,"population_method":"residential_support","population_period":"2024-12","population_density_per_km2":0.0,"bus_walk_mean_m":null,"bus_walk_p90_m":null,"bus_known_weight":0.0,"metro_walk_mean_m":null,"metro_known_weight":0.0,"position_status":"fallback_unverified","classification":"zero_residential_proxy","residential_gap":false},"geometry":{"type":"Polygon","coordinates":[[[121.79780692987916,25.049521674249554],[121.79782153788427,25.05177853474572],[121.80029905406141,25.051765206321626],[121.8002844007051,25.04950834718865],[121.79780692987916,25.049521674249554]]]}},{"type":"Feature","properties":{"cell_id":"65000:250:11086:1323","county_id":"65000","city":"NewTaipei","district":"平溪區","population_estimate":0.0,"population_known_estimate":0.0,"population_data_fraction":1.0,"population_method":"residential_support","population_period":"2024-12","population_density_per_km2":0.0,"bus_walk_mean_m":3018.0047253941243,"bus_walk_p90_m":3018.0047253941243,"bus_known_weight":1.0,"metro_walk_mean_m":25623.698502037332,"metro_known_weight":1.0,"position_status":"fallback_unverified","classification":"zero_residential_proxy","residential_gap":false},"geometry":{"type":"Polygon","coordinates":[[[121.8002844007051,25.04950834718865],[121.80029905406141,25.051765206321626],[121.802776568467,25.05175183658157],[121.80276186975958,25.049494978816004],[121.8002844007051,25.04950834718865]]]}},{"type":"Feature","properties":{"cell_id":"65000:250:11086:1324","county_id":"65000","city":"NewTaipei","district":"平溪區","population_estimate":0.0,"population_known_estimate":0.0,"population_data_fraction":1.0,"population_method":"residential_support","population_period":"2024-12","population_density_per_km2":0.0,"bus_walk_mean_m":2513.8336362874825,"bus_walk_p90_m":2513.8336362874825,"bus_known_weight":1.0,"metro_walk_mean_m":25688.03944712387,"metro_known_weight":1.0,"position_status":"fallback_unverified","classification":"zero_residential_proxy","residential_gap":false},"geometry":{"type":"Polygon","coordinates":[[[121.80276186975958,25.049494978816004],[121.802776568467,25.05175183658157],[121.80525408109548,25.051738425525663],[121.80523933703718,25.049481569131732],[121.80276186975958,25.049494978816004]]]}},{"type":"Feature","properties":{"cell_id":"65000:250:11086:1325","county_id":"65000","city":"NewTaipei","district":"平溪區","population_estimate":0.0,"population_known_estimate":0.0,"population_data_fraction":1.0,"population_method":"residential_support","population_period":"2024-12","population_density_per_km2":0.0,"bus_walk_mean_m":2209.1112717897277,"bus_walk_p90_m":2209.1112717897277,"bus_known_weight":1.0,"metro_walk_mean_m":25981.856468521197,"metro_known_weight":1.0,"position_status":"fallback_unverified","classification":"zero_residential_proxy","residential_gap":false},"geometry":{"type":"Polygon","coordinates":[[[121.80523933703718,25.049481569131732],[121.80525408109548,25.051738425525663],[121.80773159194145,25.051724973154023],[121.80771680253235,25.04946811813596],[121.80523933703718,25.049481569131732]]]}},{"type":"Feature","properties":{"cell_id":"65000:250:11086:1326","county_id":"65000","city":"NewTaipei","district":"平溪區","population_estimate":0.0,"population_known_estimate":0.0,"population_data_fraction":1.0,"population_method":"residential_support","population_period":"2024-12","population_density_per_km2":0.0,"bus_walk_mean_m":2244.27222629806,"bus_walk_p90_m":2244.27222629806,"bus_known_weight":1.0,"metro_walk_mean_m":26310.315810949476,"metro_known_weight":1.0,"position_status":"fallback_unverified","classification":"zero_residential_proxy","residential_gap":false},"geometry":{"type":"Polygon","coordinates":[[[121.80771680253235,25.04946811813596],[121.80773159194145,25.051724973154023],[121.81020910099937,25.05171147946677],[121.81019426623963,25.049454625828783],[121.80771680253235,25.04946811813596]]]}},{"type":"Feature","properties":{"cell_id":"65000:250:11086:1327","county_id":"65000","city":"NewTaipei","district":"平溪區","population_estimate":0.0,"population_known_estimate":0.0,"population_data_fraction":1.0,"population_method":"residential_support","population_period":"2024-12","population_density_per_km2":0.0,"bus_walk_mean_m":null,"bus_walk_p90_m":null,"bus_known_weight":0.0,"metro_walk_mean_m":null,"metro_known_weight":0.0,"position_status":"fallback_unverified","classification":"zero_residential_proxy","residential_gap":false},"geometry":{"type":"Polygon","coordinates":[[[121.81019426623963,25.049454625828783],[121.81020910099937,25.05171147946677],[121.8126866082638,25.051697944464017],[121.81267172815357,25.049441092210348],[121.81019426623963,25.049454625828783]]]}},{"type":"Feature","properties":{"cell_id":"65000:250:11086:1328","county_id":"65000","city":"NewTaipei","district":"平溪區","population_estimate":0.0,"population_known_estimate":0.0,"population_data_fraction":1.0,"population_method":"residential_support","population_period":"2024-12","population_density_per_km2":0.0,"bus_walk_mean_m":1688.515598380931,"bus_walk_p90_m":1688.515598380931,"bus_known_weight":1.0,"metro_walk_mean_m":27423.87572814457,"metro_known_weight":1.0,"position_status":"fallback_unverified","classification":"zero_residential_proxy","residential_gap":false},"geometry":{"type":"Polygon","coordinates":[[[121.81267172815357,25.049441092210348],[121.8126866082638,25.051697944464017],[121.81516411372922,25.051684368145878],[121.81514918826866,25.049427517280744],[121.81267172815357,25.049441092210348]]]}},{"type":"Feature","properties":{"cell_id":"65000:250:11087:1295","county_id":"65000","city":"NewTaipei","district":"平溪區","population_estimate":null,"population_known_estimate":0.0,"population_data_fraction":0.9131035954226898,"population_method":"unknown","population_period":"2024-12","population_density_per_km2":null,"bus_walk_mean_m":2865.41035733055,"bus_walk_p90_m":2865.41035733055,"bus_known_weight":1.0,"metro_walk_mean_m":13651.935760264096,"metro_known_weight":1.0,"position_status":"fallback_unverified","classification":"within_walk_threshold","residential_gap":false},"geometry":{"type":"Polygon","coordinates":[[[121.73340551341447,25.05211057149718],[121.73092795147704,25.052122784347713],[121.7309342252257,25.05318065167823],[121.73098200122082,25.053156792551786],[121.73103199273538,25.05312409949883],[121.73107076430492,25.0531007261193],[121.7311310179792,25.053080557919237],[121.73120017494684,25.053066034768857],[121.73128958554452,25.053057018166655],[121.73137408045083,25.053057234902155],[121.73158603356998,25.053064106623125],[121.73171087206184,25.05306388898954],[121.7317534729473,25.05304391683966],[121.73182830463753,25.052983432941502],[121.73189679879367,25.052920713317555],[121.73196743335009,25.05283042947965],[121.73202574718601,25.05276094426208],[121.73210574818306,25.052709568688034],[121.73220809822595,25.05272451992025],[121.73230074278086,25.05276711721005],[121.73242327181359,25.052873645499517],[121.7324772059609,25.052944202713956],[121.73254561289225,25.053058222359617],[121.73261352878745,25.05313665582828],[121.73273621520754,25.05325465767852],[121.73281281675933,25.05332267429879],[121.7328826068519,25.053354045354585],[121.73295359123581,25.0533808127754],[121.73300804698819,25.053397426854183],[121.7331240766101,25.053418491670616],[121.73327100066003,25.053456568965917],[121.73331491365234,25.05347820845327],[121.73340174139892,25.053527830348404],[121.73341399075636,25.05353516182679],[121.73340551341447,25.05211057149718]]]}},{"type":"Feature","properties":{"cell_id":"65000:250:11087:1296","county_id":"65000","city":"NewTaipei","district":"平溪區","population_estimate":null,"population_known_estimate":0.0,"population_data_fraction":0.9996588746059338,"population_method":"unknown","population_period":"2024-12","population_density_per_km2":null,"bus_walk_mean_m":3359.1920299104163,"bus_walk_p90_m":3359.1920299104163,"bus_known_weight":1.0,"metro_walk_mean_m":14145.717432843963,"metro_known_weight":1.0,"position_status":"fallback_unverified","classification":"within_walk_threshold","residential_gap":false},"geometry":{"type":"Polygon","coordinates":[[[121.73588307372835,25.052098317327687],[121.73340551341447,25.05211057149718],[121.73341399075636,25.05353516182679],[121.73349234089834,25.053582055863505],[121.73360186303756,25.053627124494646],[121.73372402784115,25.053656149208674],[121.73383483690883,25.053692028568413],[121.73390785466253,25.053720926475314],[121.73406396258085,25.05378220448553],[121.73417728885329,25.05381924395983],[121.73424777951185,25.05385042975416],[121.73436607363146,25.053917364493955],[121.73450323373979,25.053996968881062],[121.73461900436284,25.054063889233557],[121.73480276104279,25.05415624511895],[121.73488713902736,25.054178299192127],[121.73503702903707,25.05420736707228],[121.7351718086274,25.054231824139556],[121.73522472294756,25.05423769042138],[121.73534314746598,25.054250610975064],[121.73546281036256,25.05427388812927],[121.7355749423283,25.05428334450296],[121.73573251793825,25.054264192537747],[121.73585353791327,25.054247243011968],[121.73589591047603,25.054248187711625],[121.73588307372835,25.052098317327687]]]}},{"type":"Feature","properties":{"cell_id":"65000:250:11087:1297","county_id":"65000","city":"NewTaipei","district":"平溪區","population_estimate":0.0,"population_known_estimate":0.0,"population_data_fraction":1.0,"population_method":"residential_support","population_period":"2024-12","population_density_per_km2":0.0,"bus_walk_mean_m":null,"bus_walk_p90_m":null,"bus_known_weight":0.0,"metro_walk_mean_m":null,"metro_known_weight":0.0,"position_status":"fallback_unverified","classification":"zero_residential_proxy","residential_gap":false},"geometry":{"type":"Polygon","coordinates":[[[121.73836063241319,25.052086021839347],[121.73588307372835,25.052098317327687],[121.73589591047603,25.054248187711625],[121.7359115028128,25.05424853534096],[121.73600225160087,25.05424415923921],[121.73612946429994,25.054269753947455],[121.73624025718192,25.054312519408334],[121.7363095040814,25.054337959425325],[121.73633805102979,25.05435302162137],[121.73810125600342,25.054344269551706],[121.73815706229487,25.05429527310559],[121.73826814116475,25.054222003538907],[121.73837311926191,25.054170278744248],[121.73836063241319,25.052086021839347]]]}},{"type":"Feature","properties":{"cell_id":"65000:250:11087:1298","county_id":"65000","city":"NewTaipei","district":"平溪區","population_estimate":null,"population_known_estimate":0.0,"population_data_fraction":0.9989492639386695,"population_method":"unknown","population_period":"2024-12","population_density_per_km2":null,"bus_walk_mean_m":3740.4997181854765,"bus_walk_p90_m":3740.4997181854765,"bus_known_weight":1.0,"metro_walk_mean_m":14527.025121119023,"metro_known_weight":1.0,"position_status":"fallback_unverified","classification":"within_walk_threshold","residential_gap":false},"geometry":{"type":"Polygon","coordinates":[[[121.74083818946349,25.05207368503226],[121.73836063241319,25.052086021839347],[121.73837311926191,25.054170278744248],[121.73839809859413,25.05415797091369],[121.73852164565854,25.054139889147525],[121.73857835870548,25.054138866616068],[121.73867926173986,25.054103488186467],[121.73872590777756,25.05409555616532],[121.7387813599709,25.054093394196066],[121.73888611210042,25.054031600878282],[121.73902238457757,25.053961833271597],[121.73913221787747,25.053881668600393],[121.73918526888244,25.053833540486593],[121.73931280263929,25.053730438607936],[121.739399932558,25.053659408355514],[121.73944162333221,25.053616995423837],[121.73948592933249,25.05353666978153],[121.73951380742021,25.053474691203817],[121.7395316085962,25.053410395075282],[121.73956844482743,25.05329329435179],[121.73959629953028,25.053239356612867],[121.73962668222708,25.05318312649954],[121.73968859875156,25.05311663422495],[121.73979585639499,25.053058285308804],[121.73991432318554,25.053055123297753],[121.7401146939339,25.053054447904035],[121.74027977529236,25.053055990245213],[121.74041337138006,25.053049410804185],[121.74065651658937,25.053077566771925],[121.74082914324642,25.05308601320513],[121.74084426902824,25.05308509830466],[121.74083818946349,25.05207368503226]]]}},{"type":"Feature","properties":{"cell_id":"65000:250:11087:1299","county_id":"65000","city":"NewTaipei","district":"平溪區","population_estimate":0.0,"population_known_estimate":0.0,"population_data_fraction":1.0,"population_method":"residential_support","population_period":"2024-12","population_density_per_km2":0.0,"bus_walk_mean_m":3443.692499072417,"bus_walk_p90_m":3443.692499072417,"bus_known_weight":1.0,"metro_walk_mean_m":14742.342217101486,"metro_known_weight":1.0,"position_status":"fallback_unverified","classification":"zero_residential_proxy","residential_gap":false},"geometry":{"type":"Polygon","coordinates":[[[121.74331574487381,25.05206130690652],[121.74083818946349,25.05207368503226],[121.74084426902824,25.05308509830466],[121.7409387957842,25.053079380708983],[121.74100816319672,25.053055417373102],[121.74110286000597,25.052980952607147],[121.74123290017971,25.05288246066099],[121.74129096221165,25.052845833067714],[121.74143346788183,25.052802500131467],[121.74158220405552,25.052789066061866],[121.7416577525,25.052814526767957],[121.74171060925933,25.05284222048777],[121.7418000072609,25.052873461143395],[121.7418931383533,25.052923083033065],[121.74203290379815,25.052969365745508],[121.74211225547589,25.052985652463835],[121.74223956530595,25.052973305670758],[121.7423644181882,25.052933391961673],[121.74247549974801,25.052857816532562],[121.74254494179684,25.05280397952345],[121.74259292871763,25.052763881449444],[121.74266748162012,25.052680199533707],[121.74282911407087,25.052546141190124],[121.74293132831784,25.052487778791154],[121.74298553225316,25.052482163417746],[121.743116621036,25.052469832819906],[121.74325014517731,25.052490831983267],[121.74331855529613,25.05252730507923],[121.74331574487381,25.05206130690652]]]}},{"type":"Feature","properties":{"cell_id":"65000:250:11087:1300","county_id":"65000","city":"NewTaipei","district":"平溪區","population_estimate":0.0,"population_known_estimate":0.0,"population_data_fraction":1.0,"population_method":"residential_support","population_period":"2024-12","population_density_per_km2":0.0,"bus_walk_mean_m":3079.4699103327316,"bus_walk_p90_m":3079.4699103327316,"bus_known_weight":1.0,"metro_walk_mean_m":15099.760578555019,"metro_known_weight":1.0,"position_status":"fallback_unverified","classification":"zero_residential_proxy","residential_gap":false},"geometry":{"type":"Polygon","coordinates":[[[121.74579329863866,25.05204888746226],[121.74331574487381,25.05206130690652],[121.74331855529613,25.05252730507923],[121.74335837858484,25.05254853698116],[121.74345772579666,25.0526337873173],[121.74347269770868,25.052694721785286],[121.74348763634913,25.05276944195555],[121.74349621587783,25.05286826305574],[121.7435274691169,25.052971754343236],[121.74357266185017,25.053044245995252],[121.74362548712269,25.053084570699767],[121.7437186415973,25.05312615714885],[121.74378667711564,25.053130915456006],[121.74389762108055,25.05311164568944],[121.74407920499469,25.053062660516908],[121.7441447484816,25.05305707032367],[121.7443389148073,25.053017322091023],[121.74447627816097,25.053015343585436],[121.74463504447259,25.053021463466614],[121.74469298239234,25.053034235644432],[121.74481767699251,25.053059799769773],[121.74493107700458,25.053065819827847],[121.74502054606448,25.053068332541454],[121.74514409132736,25.05304907894998],[121.74530675350816,25.053006950210126],[121.7453912016449,25.05300026195542],[121.74552105655037,25.052977581049216],[121.74566724674557,25.05297332636167],[121.74573904592353,25.052986137198896],[121.7457989977261,25.052990706224175],[121.74579329863866,25.05204888746226]]]}},{"type":"Feature","properties":{"cell_id":"65000:250:11087:1301","county_id":"65000","city":"NewTaipei","district":"平溪區","population_estimate":null,"population_known_estimate":0.05322878066685562,"population_data_fraction":0.9983865512255834,"population_method":"unknown","population_period":"2024-12","population_density_per_km2":null,"bus_walk_mean_m":3437.614528026897,"bus_walk_p90_m":3437.614528026897,"bus_known_weight":1.0,"metro_walk_mean_m":15419.743686435524,"metro_known_weight":1.0,"position_status":"fallback_unverified","classification":"within_walk_threshold","residential_gap":false},"geometry":{"type":"Polygon","coordinates":[[[121.74828455336083,25.054293312879388],[121.74827085075253,25.05203642669958],[121.74579329863866,25.05204888746226],[121.7457989977261,25.052990706224175],[121.7458322804343,25.052993242743373],[121.74591293163783,25.052994580939043],[121.7460488992363,25.053047756049942],[121.74616092058692,25.053103166879936],[121.74622384345439,25.053140082251534],[121.74631567323063,25.053206931555813],[121.74638984931602,25.05327834491634],[121.74651051944359,25.05340616106675],[121.74661989409017,25.0535132775126],[121.7466953553021,25.053576632958936],[121.7467545199031,25.053602054991245],[121.7468577584746,25.053642504697752],[121.74697365051473,25.053661169230026],[121.74707441775084,25.053679783396163],[121.74721431269502,25.05367436588233],[121.74738443654374,25.053674756185227],[121.74753940141818,25.05369119938792],[121.74762755117024,25.05371669337249],[121.74767405961181,25.053766192951695],[121.74771544551551,25.05385018783281],[121.74774419953746,25.053944455669427],[121.7477640997286,25.0540524993268],[121.74778280923327,25.054134114595445],[121.74780779239211,25.05422495242031],[121.747831650796,25.054295594015528],[121.74828455336083,25.054293312879388]]]}},{"type":"Feature","properties":{"cell_id":"65000:250:11087:1302","county_id":"65000","city":"NewTaipei","district":"平溪區","population_estimate":0.3210871313977192,"population_known_estimate":0.3210871313977192,"population_data_fraction":1.0,"population_method":"uniform_proxy","population_period":"2024-12","population_density_per_km2":5.1373941023635075,"bus_walk_mean_m":null,"bus_walk_p90_m":null,"bus_known_weight":0.0,"metro_walk_mean_m":null,"metro_known_weight":0.0,"position_status":"fallback_unverified","classification":"unresolved_walk_evidence","residential_gap":false},"geometry":{"type":"Polygon","coordinates":[[[121.74827085075253,25.05203642669958],[121.74828455336083,25.054293312879388],[121.7507621491777,25.054280809519664],[121.75074840120996,25.052023924618574],[121.74827085075253,25.05203642669958]]]}},{"type":"Feature","properties":{"cell_id":"65000:250:11087:1303","county_id":"65000","city":"NewTaipei","district":"平溪區","population_estimate":0.3214238535874498,"population_known_estimate":0.3214238535874498,"population_data_fraction":1.0,"population_method":"uniform_proxy","population_period":"2024-12","population_density_per_km2":5.142781657399197,"bus_walk_mean_m":null,"bus_walk_p90_m":null,"bus_known_weight":0.0,"metro_walk_mean_m":null,"metro_known_weight":0.0,"position_status":"fallback_unverified","classification":"unresolved_walk_evidence","residential_gap":false},"geometry":{"type":"Polygon","coordinates":[[[121.75074840120996,25.052023924618574],[121.7507621491777,25.054280809519664],[121.75323974333251,25.0542682648375],[121.75322595000546,25.05201138121936],[121.75074840120996,25.052023924618574]]]}},{"type":"Feature","properties":{"cell_id":"65000:250:11087:1304","county_id":"65000","city":"NewTaipei","district":"平溪區","population_estimate":0.3214238535874498,"population_known_estimate":0.3214238535874498,"population_data_fraction":1.0,"population_method":"uniform_proxy","population_period":"2024-12","population_density_per_km2":5.142781657399197,"bus_walk_mean_m":null,"bus_walk_p90_m":null,"bus_known_weight":0.0,"metro_walk_mean_m":null,"metro_known_weight":0.0,"position_status":"fallback_unverified","classification":"unresolved_walk_evidence","residential_gap":false},"geometry":{"type":"Polygon","coordinates":[[[121.75322595000546,25.05201138121936],[121.75323974333251,25.0542682648375],[121.75571733581978,25.054255678833023],[121.75570349713357,25.05199879650205],[121.75322595000546,25.05201138121936]]]}},{"type":"Feature","properties":{"cell_id":"65000:250:11087:1305","county_id":"65000","city":"NewTaipei","district":"平溪區","population_estimate":0.3214238535874498,"population_known_estimate":0.3214238535874498,"population_data_fraction":1.0,"population_method":"uniform_proxy","population_period":"2024-12","population_density_per_km2":5.142781657399197,"bus_walk_mean_m":3585.127696309004,"bus_walk_p90_m":3585.127696309004,"bus_known_weight":1.0,"metro_walk_mean_m":16697.90873429829,"metro_known_weight":1.0,"position_status":"fallback_unverified","classification":"residential_coverage_candidate","residential_gap":true},"geometry":{"type":"Polygon","coordinates":[[[121.75570349713357,25.05199879650205],[121.75571733581978,25.054255678833023],[121.75819492663399,25.054243051506326],[121.75818104258875,25.051986170466755],[121.75570349713357,25.05199879650205]]]}},{"type":"Feature","properties":{"cell_id":"65000:250:11087:1306","county_id":"65000","city":"NewTaipei","district":"平溪區","population_estimate":0.3214238535874498,"population_known_estimate":0.3214238535874498,"population_data_fraction":1.0,"population_method":"uniform_proxy","population_period":"2024-12","population_density_per_km2":5.142781657399197,"bus_walk_mean_m":null,"bus_walk_p90_m":null,"bus_known_weight":0.0,"metro_walk_mean_m":null,"metro_known_weight":0.0,"position_status":"fallback_unverified","classification":"unresolved_walk_evidence","residential_gap":false},"geometry":{"type":"Polygon","coordinates":[[[121.75818104258875,25.051986170466755],[121.75819492663399,25.054243051506326],[121.76067251576971,25.05423038285752],[121.76065858636555,25.051973503113572],[121.75818104258875,25.051986170466755]]]}},{"type":"Feature","properties":{"cell_id":"65000:250:11087:1307","county_id":"65000","city":"NewTaipei","district":"平溪區","population_estimate":0.3187061405921771,"population_known_estimate":0.3187061405921771,"population_data_fraction":1.0,"population_method":"uniform_proxy","population_period":"2024-12","population_density_per_km2":5.099298249474834,"bus_walk_mean_m":null,"bus_walk_p90_m":null,"bus_known_weight":0.0,"metro_walk_mean_m":null,"metro_known_weight":0.0,"position_status":"fallback_unverified","classification":"unresolved_walk_evidence","residential_gap":false},"geometry":{"type":"Polygon","coordinates":[[[121.76065858636555,25.051973503113572],[121.76067251576971,25.05423038285752],[121.76315010322143,25.05421767288672],[121.7631361284585,25.05196079444262],[121.76065858636555,25.051973503113572]]]}},{"type":"Feature","properties":{"cell_id":"65000:250:11087:1308","county_id":"65000","city":"NewTaipei","district":"平溪區","population_estimate":0.040141509997249275,"population_known_estimate":0.040141509997249275,"population_data_fraction":1.0,"population_method":"uniform_proxy","population_period":"2024-12","population_density_per_km2":0.6422641599559884,"bus_walk_mean_m":null,"bus_walk_p90_m":null,"bus_known_weight":0.0,"metro_walk_mean_m":null,"metro_known_weight":0.0,"position_status":"fallback_unverified","classification":"unresolved_walk_evidence","residential_gap":false},"geometry":{"type":"Polygon","coordinates":[[[121.7631361284585,25.05196079444262],[121.76315010322143,25.05421767288672],[121.76562768898366,25.05420492159403],[121.76561366886212,25.051948044454008],[121.7631361284585,25.05196079444262]]]}},{"type":"Feature","properties":{"cell_id":"65000:250:11087:1309","county_id":"65000","city":"NewTaipei","district":"平溪區","population_estimate":0.0,"population_known_estimate":0.0,"population_data_fraction":1.0,"population_method":"residential_support","population_period":"2024-12","population_density_per_km2":0.0,"bus_walk_mean_m":null,"bus_walk_p90_m":null,"bus_known_weight":0.0,"metro_walk_mean_m":null,"metro_known_weight":0.0,"position_status":"fallback_unverified","classification":"zero_residential_proxy","residential_gap":false},"geometry":{"type":"Polygon","coordinates":[[[121.76561366886212,25.051948044454008],[121.76562768898366,25.05420492159403],[121.76810527305095,25.05419212897957],[121.7680912075709,25.05193525314785],[121.76561366886212,25.051948044454008]]]}},{"type":"Feature","properties":{"cell_id":"65000:250:11087:1310","county_id":"65000","city":"NewTaipei","district":"平溪區","population_estimate":0.0,"population_known_estimate":0.0,"population_data_fraction":1.0,"population_method":"residential_support","population_period":"2024-12","population_density_per_km2":0.0,"bus_walk_mean_m":null,"bus_walk_p90_m":null,"bus_known_weight":0.0,"metro_walk_mean_m":null,"metro_known_weight":0.0,"position_status":"fallback_unverified","classification":"zero_residential_proxy","residential_gap":false},"geometry":{"type":"Polygon","coordinates":[[[121.7680912075709,25.05193525314785],[121.76810527305095,25.05419212897957],[121.77058285541779,25.054179295043436],[121.77056874457939,25.051922420524242],[121.7680912075709,25.05193525314785]]]}},{"type":"Feature","properties":{"cell_id":"65000:250:11087:1311","county_id":"65000","city":"NewTaipei","district":"平溪區","population_estimate":0.0,"population_known_estimate":0.0,"population_data_fraction":1.0,"population_method":"residential_support","population_period":"2024-12","population_density_per_km2":0.0,"bus_walk_mean_m":1703.0017361340058,"bus_walk_p90_m":1703.0017361340058,"bus_known_weight":1.0,"metro_walk_mean_m":20084.235213765558,"metro_known_weight":1.0,"position_status":"fallback_unverified","classification":"zero_residential_proxy","residential_gap":false},"geometry":{"type":"Polygon","coordinates":[[[121.77056874457939,25.051922420524242],[121.77058285541779,25.054179295043436],[121.7730604360787,25.054166419785762],[121.77304627988207,25.051909546583317],[121.77056874457939,25.051922420524242]]]}},{"type":"Feature","properties":{"cell_id":"65000:250:11087:1312","county_id":"65000","city":"NewTaipei","district":"平溪區","population_estimate":0.0,"population_known_estimate":0.0,"population_data_fraction":1.0,"population_method":"residential_support","population_period":"2024-12","population_density_per_km2":0.0,"bus_walk_mean_m":null,"bus_walk_p90_m":null,"bus_known_weight":0.0,"metro_walk_mean_m":null,"metro_known_weight":0.0,"position_status":"fallback_unverified","classification":"zero_residential_proxy","residential_gap":false},"geometry":{"type":"Polygon","coordinates":[[[121.77304627988207,25.051909546583317],[121.7730604360787,25.054166419785762],[121.77553801502819,25.054153503206635],[121.77552381347348,25.051896631325167],[121.77304627988207,25.051909546583317]]]}},{"type":"Feature","properties":{"cell_id":"65000:250:11087:1313","county_id":"65000","city":"NewTaipei","district":"平溪區","population_estimate":0.0,"population_known_estimate":0.0,"population_data_fraction":1.0,"population_method":"residential_support","population_period":"2024-12","population_density_per_km2":0.0,"bus_walk_mean_m":null,"bus_walk_p90_m":null,"bus_known_weight":0.0,"metro_walk_mean_m":null,"metro_known_weight":0.0,"position_status":"fallback_unverified","classification":"zero_residential_proxy","residential_gap":false},"geometry":{"type":"Polygon","coordinates":[[[121.77552381347348,25.051896631325167],[121.77553801502819,25.054153503206635],[121.77801559226077,25.054140545306183],[121.77800134534813,25.05188367474992],[121.77552381347348,25.051896631325167]]]}},{"type":"Feature","properties":{"cell_id":"65000:250:11087:1314","county_id":"65000","city":"NewTaipei","district":"平溪區","population_estimate":0.0,"population_known_estimate":0.0,"population_data_fraction":1.0,"population_method":"residential_support","population_period":"2024-12","population_density_per_km2":0.0,"bus_walk_mean_m":null,"bus_walk_p90_m":null,"bus_known_weight":0.0,"metro_walk_mean_m":null,"metro_known_weight":0.0,"position_status":"fallback_unverified","classification":"zero_residential_proxy","residential_gap":false},"geometry":{"type":"Polygon","coordinates":[[[121.77800134534813,25.05188367474992],[121.77801559226077,25.054140545306183],[121.78049316777103,25.05412754608451],[121.78047887550056,25.051870676857675],[121.77800134534813,25.05188367474992]]]}},{"type":"Feature","properties":{"cell_id":"65000:250:11087:1315","county_id":"65000","city":"NewTaipei","district":"平溪區","population_estimate":0.0,"population_known_estimate":0.0,"population_data_fraction":1.0,"population_method":"residential_support","population_period":"2024-12","population_density_per_km2":0.0,"bus_walk_mean_m":null,"bus_walk_p90_m":null,"bus_known_weight":0.0,"metro_walk_mean_m":null,"metro_known_weight":0.0,"position_status":"fallback_unverified","classification":"zero_residential_proxy","residential_gap":false},"geometry":{"type":"Polygon","coordinates":[[[121.78047887550056,25.051870676857675],[121.78049316777103,25.05412754608451],[121.78297074155337,25.054114505541737],[121.78295640392524,25.051857637648556],[121.78047887550056,25.051870676857675]]]}},{"type":"Feature","properties":{"cell_id":"65000:250:11087:1316","county_id":"65000","city":"NewTaipei","district":"平溪區","population_estimate":0.0,"population_known_estimate":0.0,"population_data_fraction":1.0,"population_method":"residential_support","population_period":"2024-12","population_density_per_km2":0.0,"bus_walk_mean_m":479.86689495618543,"bus_walk_p90_m":479.86689495618543,"bus_known_weight":1.0,"metro_walk_mean_m":22139.149099726856,"metro_known_weight":1.0,"position_status":"fallback_unverified","classification":"zero_residential_proxy","residential_gap":false},"geometry":{"type":"Polygon","coordinates":[[[121.78295640392524,25.051857637648556],[121.78297074155337,25.054114505541737],[121.78544831360242,25.054101423677963],[121.78543393061675,25.05184455712267],[121.78295640392524,25.051857637648556]]]}},{"type":"Feature","properties":{"cell_id":"65000:250:11087:1317","county_id":"65000","city":"NewTaipei","district":"平溪區","population_estimate":0.0,"population_known_estimate":0.0,"population_data_fraction":0.9999999999999999,"population_method":"residential_support","population_period":"2024-12","population_density_per_km2":0.0,"bus_walk_mean_m":422.9853739815021,"bus_walk_p90_m":422.9853739815021,"bus_known_weight":1.0,"metro_walk_mean_m":22491.68475712612,"metro_known_weight":1.0,"position_status":"fallback_unverified","classification":"zero_residential_proxy","residential_gap":false},"geometry":{"type":"Polygon","coordinates":[[[121.78543393061675,25.05184455712267],[121.78544831360242,25.054101423677963],[121.7879258839126,25.054088300493316],[121.78791145556954,25.05183143528013],[121.78543393061675,25.05184455712267]]]}},{"type":"Feature","properties":{"cell_id":"65000:250:11087:1318","county_id":"65000","city":"NewTaipei","district":"平溪區","population_estimate":0.0,"population_known_estimate":0.0,"population_data_fraction":1.0,"population_method":"residential_support","population_period":"2024-12","population_density_per_km2":0.0,"bus_walk_mean_m":null,"bus_walk_p90_m":null,"bus_known_weight":0.0,"metro_walk_mean_m":null,"metro_known_weight":0.0,"position_status":"fallback_unverified","classification":"zero_residential_proxy","residential_gap":false},"geometry":{"type":"Polygon","coordinates":[[[121.78791145556954,25.05183143528013],[121.7879258839126,25.054088300493316],[121.7904034524785,25.054075135987905],[121.79038897877818,25.051818272121047],[121.78791145556954,25.05183143528013]]]}},{"type":"Feature","properties":{"cell_id":"65000:250:11087:1319","county_id":"65000","city":"NewTaipei","district":"平溪區","population_estimate":0.0,"population_known_estimate":0.0,"population_data_fraction":1.0,"population_method":"residential_support","population_period":"2024-12","population_density_per_km2":0.0,"bus_walk_mean_m":null,"bus_walk_p90_m":null,"bus_known_weight":0.0,"metro_walk_mean_m":null,"metro_known_weight":0.0,"position_status":"fallback_unverified","classification":"zero_residential_proxy","residential_gap":false},"geometry":{"type":"Polygon","coordinates":[[[121.79038897877818,25.051818272121047],[121.7904034524785,25.054075135987905],[121.7928810192946,25.054061930161843],[121.79286650023717,25.051805067645546],[121.79038897877818,25.051818272121047]]]}},{"type":"Feature","properties":{"cell_id":"65000:250:11087:1320","county_id":"65000","city":"NewTaipei","district":"平溪區","population_estimate":0.0,"population_known_estimate":0.0,"population_data_fraction":1.0,"population_method":"residential_support","population_period":"2024-12","population_density_per_km2":0.0,"bus_walk_mean_m":1163.4836263165523,"bus_walk_p90_m":1163.4836263165523,"bus_known_weight":1.0,"metro_walk_mean_m":23996.226217656178,"metro_known_weight":1.0,"position_status":"fallback_unverified","classification":"zero_residential_proxy","residential_gap":false},"geometry":{"type":"Polygon","coordinates":[[[121.79286650023717,25.051805067645546],[121.7928810192946,25.054061930161843],[121.79535858435543,25.054048683015246],[121.79534401994103,25.051791821853726],[121.79286650023717,25.051805067645546]]]}},{"type":"Feature","properties":{"cell_id":"65000:250:11087:1321","county_id":"65000","city":"NewTaipei","district":"平溪區","population_estimate":0.0,"population_known_estimate":0.0,"population_data_fraction":1.0,"population_method":"residential_support","population_period":"2024-12","population_density_per_km2":0.0,"bus_walk_mean_m":null,"bus_walk_p90_m":null,"bus_known_weight":0.0,"metro_walk_mean_m":null,"metro_known_weight":0.0,"position_status":"fallback_unverified","classification":"zero_residential_proxy","residential_gap":false},"geometry":{"type":"Polygon","coordinates":[[[121.79534401994103,25.051791821853726],[121.79535858435543,25.054048683015246],[121.79783614765549,25.05403539454823],[121.79782153788427,25.05177853474572],[121.79534401994103,25.051791821853726]]]}},{"type":"Feature","properties":{"cell_id":"65000:250:11087:1322","county_id":"65000","city":"NewTaipei","district":"平溪區","population_estimate":0.0,"population_known_estimate":0.0,"population_data_fraction":1.0,"population_method":"residential_support","population_period":"2024-12","population_density_per_km2":0.0,"bus_walk_mean_m":null,"bus_walk_p90_m":null,"bus_known_weight":0.0,"metro_walk_mean_m":null,"metro_known_weight":0.0,"position_status":"fallback_unverified","classification":"zero_residential_proxy","residential_gap":false},"geometry":{"type":"Polygon","coordinates":[[[121.79782153788427,25.05177853474572],[121.79783614765549,25.05403539454823],[121.80031370918931,25.054022064760904],[121.80029905406141,25.051765206321626],[121.79782153788427,25.05177853474572]]]}},{"type":"Feature","properties":{"cell_id":"65000:250:11087:1323","county_id":"65000","city":"NewTaipei","district":"平溪區","population_estimate":0.0,"population_known_estimate":0.0,"population_data_fraction":0.9999999999999999,"population_method":"residential_support","population_period":"2024-12","population_density_per_km2":0.0,"bus_walk_mean_m":null,"bus_walk_p90_m":null,"bus_known_weight":0.0,"metro_walk_mean_m":null,"metro_known_weight":0.0,"position_status":"fallback_unverified","classification":"zero_residential_proxy","residential_gap":false},"geometry":{"type":"Polygon","coordinates":[[[121.80029905406141,25.051765206321626],[121.80031370918931,25.054022064760904],[121.80279126895144,25.054008693653387],[121.802776568467,25.05175183658157],[121.80029905406141,25.051765206321626]]]}},{"type":"Feature","properties":{"cell_id":"65000:250:11087:1324","county_id":"65000","city":"NewTaipei","district":"平溪區","population_estimate":0.0,"population_known_estimate":0.0,"population_data_fraction":1.0,"population_method":"residential_support","population_period":"2024-12","population_density_per_km2":0.0,"bus_walk_mean_m":3112.649333491008,"bus_walk_p90_m":3112.649333491008,"bus_known_weight":1.0,"metro_walk_mean_m":25692.671489801607,"metro_known_weight":1.0,"position_status":"fallback_unverified","classification":"zero_residential_proxy","residential_gap":false},"geometry":{"type":"Polygon","coordinates":[[[121.802776568467,25.05175183658157],[121.80279126895144,25.054008693653387],[121.80526882693636,25.05399528122579],[121.80525408109548,25.051738425525663],[121.802776568467,25.05175183658157]]]}},{"type":"Feature","properties":{"cell_id":"65000:250:11087:1325","county_id":"65000","city":"NewTaipei","district":"平溪區","population_estimate":0.0,"population_known_estimate":0.0,"population_data_fraction":1.0,"population_method":"residential_support","population_period":"2024-12","population_density_per_km2":0.0,"bus_walk_mean_m":2527.1679947866396,"bus_walk_p90_m":2527.1679947866396,"bus_known_weight":1.0,"metro_walk_mean_m":26226.654071864676,"metro_known_weight":1.0,"position_status":"fallback_unverified","classification":"zero_residential_proxy","residential_gap":false},"geometry":{"type":"Polygon","coordinates":[[[121.80525408109548,25.051738425525663],[121.80526882693636,25.05399528122579],[121.80774638313858,25.053981827478246],[121.80773159194145,25.051724973154023],[121.80525408109548,25.051738425525663]]]}},{"type":"Feature","properties":{"cell_id":"65000:250:11087:1326","county_id":"65000","city":"NewTaipei","district":"平溪區","population_estimate":0.0,"population_known_estimate":0.0,"population_data_fraction":1.0,"population_method":"residential_support","population_period":"2024-12","population_density_per_km2":0.0,"bus_walk_mean_m":2073.356152649167,"bus_walk_p90_m":2073.356152649167,"bus_known_weight":1.0,"metro_walk_mean_m":26475.03552420118,"metro_known_weight":1.0,"position_status":"fallback_unverified","classification":"zero_residential_proxy","residential_gap":false},"geometry":{"type":"Polygon","coordinates":[[[121.80773159194145,25.051724973154023],[121.80774638313858,25.053981827478246],[121.8102239375526,25.053968332410857],[121.81020910099937,25.05171147946677],[121.80773159194145,25.051724973154023]]]}},{"type":"Feature","properties":{"cell_id":"65000:250:11087:1327","county_id":"65000","city":"NewTaipei","district":"平溪區","population_estimate":0.0,"population_known_estimate":0.0,"population_data_fraction":1.0,"population_method":"residential_support","population_period":"2024-12","population_density_per_km2":0.0,"bus_walk_mean_m":1545.2713653349044,"bus_walk_p90_m":1545.2713653349044,"bus_known_weight":1.0,"metro_walk_mean_m":26948.26050924096,"metro_known_weight":1.0,"position_status":"fallback_unverified","classification":"zero_residential_proxy","residential_gap":false},"geometry":{"type":"Polygon","coordinates":[[[121.81020910099937,25.05171147946677],[121.8102239375526,25.053968332410857],[121.81270149017301,25.053954796023742],[121.8126866082638,25.051697944464017],[121.81020910099937,25.05171147946677]]]}},{"type":"Feature","properties":{"cell_id":"65000:250:11088:1297","county_id":"65000","city":"NewTaipei","district":"平溪區","population_estimate":0.0,"population_known_estimate":0.0,"population_data_fraction":1.0,"population_method":"residential_support","population_period":"2024-12","population_density_per_km2":0.0,"bus_walk_mean_m":3385.6945628198328,"bus_walk_p90_m":3385.6945628198328,"bus_known_weight":1.0,"metro_walk_mean_m":14172.219965753378,"metro_known_weight":1.0,"position_status":"fallback_unverified","classification":"zero_residential_proxy","residential_gap":false},"geometry":{"type":"Polygon","coordinates":[[[121.73633805102979,25.05435302162137],[121.73640137792435,25.054386434690223],[121.73645174175245,25.05440378980451],[121.7367160570032,25.0545342562507],[121.7368822463143,25.054597853610744],[121.73701315882566,25.054657917533188],[121.73715166252019,25.05470534867659],[121.73722845832881,25.05473540941245],[121.73734311648717,25.05474487927314],[121.73749807148252,25.054763626540787],[121.73759892594609,25.054748933420143],[121.7377085982778,25.054734251980893],[121.73776032457711,25.05471139841385],[121.73783859347357,25.05465643454372],[121.73789291971852,25.054601412228532],[121.73795994439985,25.054507362022658],[121.73804589440084,25.05440416032571],[121.73807875743331,25.054364022683718],[121.73810125600342,25.054344269551706],[121.73633805102979,25.05435302162137]]]}},{"type":"Feature","properties":{"cell_id":"65000:250:11088:1301","county_id":"65000","city":"NewTaipei","district":"平溪區","population_estimate":null,"population_known_estimate":0.013284138321360125,"population_data_fraction":0.994766323631542,"population_method":"unknown","population_period":"2024-12","population_density_per_km2":null,"bus_walk_mean_m":3492.3024985220686,"bus_walk_p90_m":3492.3024985220686,"bus_known_weight":1.0,"metro_walk_mean_m":15586.409616610697,"metro_known_weight":1.0,"position_status":"fallback_unverified","classification":"within_walk_threshold","residential_gap":false},"geometry":{"type":"Polygon","coordinates":[[[121.74828455336083,25.054293312879388],[121.747831650796,25.054295594015528],[121.7478528358427,25.054358320077174],[121.7478727639129,25.054457191549528],[121.74792166815506,25.054558408445477],[121.74794169155534,25.054615904800954],[121.74799568055765,25.054698752146287],[121.7480283124586,25.054753981313965],[121.74805590186199,25.054810349019665],[121.74808722074572,25.054887394841227],[121.74814369277574,25.054985188913278],[121.7481826100403,25.055047323076472],[121.74824169100206,25.055108358268367],[121.74828976975144,25.055152405885362],[121.74828455336083,25.054293312879388]]]}},{"type":"Feature","properties":{"cell_id":"65000:250:11088:1302","county_id":"65000","city":"NewTaipei","district":"平溪區","population_estimate":0.22243979114948498,"population_known_estimate":0.22243979114948498,"population_data_fraction":0.9999999999999998,"population_method":"uniform_proxy","population_period":"2024-12","population_density_per_km2":5.142781657399197,"bus_walk_mean_m":3743.864683256369,"bus_walk_p90_m":3743.864683256369,"bus_known_weight":1.0,"metro_walk_mean_m":15837.971801344996,"metro_known_weight":1.0,"position_status":"fallback_unverified","classification":"residential_coverage_candidate","residential_gap":true},"geometry":{"type":"Polygon","coordinates":[[[121.75077589880749,25.05653769372794],[121.7507621491777,25.054280809519664],[121.74828455336083,25.054293312879388],[121.74828976975144,25.055152405885362],[121.74830707710785,25.055168262105614],[121.74837246321816,25.05522813986715],[121.74846181895711,25.055277757263923],[121.74855244454379,25.055323928452932],[121.74867083758599,25.055349486291192],[121.74876307025632,25.055361708977802],[121.74878548406024,25.05536467943463],[121.7489265849942,25.055382239595936],[121.74914959527608,25.055399999411147],[121.74921379788158,25.055426569881515],[121.74925532317681,25.05545309269056],[121.74935842235595,25.05555329514485],[121.74943509405671,25.05563618746287],[121.74947281791242,25.055670756500824],[121.74952434367823,25.055730620769314],[121.74956958676556,25.05578241812703],[121.74967132526984,25.055922829272646],[121.74976311997125,25.056005764752054],[121.74981213752284,25.056061028090998],[121.74989762707789,25.056147398088445],[121.74994289984382,25.056186576148402],[121.75003469005347,25.056271804898874],[121.75013528281434,25.056365104167273],[121.75022331295213,25.05644113374699],[121.75028996980696,25.056497590491077],[121.75032894732229,25.05653559944121],[121.75033381602202,25.0565399279465],[121.75077589880749,25.05653769372794]]]}},{"type":"Feature","properties":{"cell_id":"65000:250:11088:1303","county_id":"65000","city":"NewTaipei","district":"平溪區","population_estimate":0.3214238535874498,"population_known_estimate":0.3214238535874498,"population_data_fraction":1.0,"population_method":"uniform_proxy","population_period":"2024-12","population_density_per_km2":5.142781657399197,"bus_walk_mean_m":3974.172542174605,"bus_walk_p90_m":3974.172542174605,"bus_known_weight":1.0,"metro_walk_mean_m":16068.279660263232,"metro_known_weight":1.0,"position_status":"fallback_unverified","classification":"residential_coverage_candidate","residential_gap":true},"geometry":{"type":"Polygon","coordinates":[[[121.7507621491777,25.054280809519664],[121.75077589880749,25.05653769372794],[121.7532535383271,25.056525147762784],[121.75323974333251,25.0542682648375],[121.7507621491777,25.054280809519664]]]}},{"type":"Feature","properties":{"cell_id":"65000:250:11088:1304","county_id":"65000","city":"NewTaipei","district":"平溪區","population_estimate":0.3214238535874498,"population_known_estimate":0.3214238535874498,"population_data_fraction":1.0,"population_method":"uniform_proxy","population_period":"2024-12","population_density_per_km2":5.142781657399197,"bus_walk_mean_m":3952.3176851167827,"bus_walk_p90_m":3952.3176851167827,"bus_known_weight":1.0,"metro_walk_mean_m":16419.052261566205,"metro_known_weight":1.0,"position_status":"fallback_unverified","classification":"residential_coverage_candidate","residential_gap":true},"geometry":{"type":"Polygon","coordinates":[[[121.75323974333251,25.0542682648375],[121.7532535383271,25.056525147762784],[121.75573117617901,25.056512560471088],[121.75571733581978,25.054255678833023],[121.75323974333251,25.0542682648375]]]}},{"type":"Feature","properties":{"cell_id":"65000:250:11088:1305","county_id":"65000","city":"NewTaipei","district":"平溪區","population_estimate":0.3214238535874498,"population_known_estimate":0.3214238535874498,"population_data_fraction":1.0,"population_method":"uniform_proxy","population_period":"2024-12","population_density_per_km2":5.142781657399197,"bus_walk_mean_m":null,"bus_walk_p90_m":null,"bus_known_weight":0.0,"metro_walk_mean_m":null,"metro_known_weight":0.0,"position_status":"fallback_unverified","classification":"unresolved_walk_evidence","residential_gap":false},"geometry":{"type":"Polygon","coordinates":[[[121.75571733581978,25.054255678833023],[121.75573117617901,25.056512560471088],[121.75820881235775,25.056499931852944],[121.75819492663399,25.054243051506326],[121.75571733581978,25.054255678833023]]]}},{"type":"Feature","properties":{"cell_id":"65000:250:11088:1306","county_id":"65000","city":"NewTaipei","district":"平溪區","population_estimate":0.3214238535874498,"population_known_estimate":0.3214238535874498,"population_data_fraction":1.0,"population_method":"uniform_proxy","population_period":"2024-12","population_density_per_km2":5.142781657399197,"bus_walk_mean_m":null,"bus_walk_p90_m":null,"bus_known_weight":0.0,"metro_walk_mean_m":null,"metro_known_weight":0.0,"position_status":"fallback_unverified","classification":"unresolved_walk_evidence","residential_gap":false},"geometry":{"type":"Polygon","coordinates":[[[121.75819492663399,25.054243051506326],[121.75820881235775,25.056499931852944],[121.76068644685786,25.05648726190847],[121.76067251576971,25.05423038285752],[121.75819492663399,25.054243051506326]]]}},{"type":"Feature","properties":{"cell_id":"65000:250:11088:1307","county_id":"65000","city":"NewTaipei","district":"平溪區","population_estimate":0.2622883905720776,"population_known_estimate":0.2622883905720776,"population_data_fraction":1.0,"population_method":"uniform_proxy","population_period":"2024-12","population_density_per_km2":4.196614249153241,"bus_walk_mean_m":null,"bus_walk_p90_m":null,"bus_known_weight":0.0,"metro_walk_mean_m":null,"metro_known_weight":0.0,"position_status":"fallback_unverified","classification":"unresolved_walk_evidence","residential_gap":false},"geometry":{"type":"Polygon","coordinates":[[[121.76067251576971,25.05423038285752],[121.76068644685786,25.05648726190847],[121.76316407967381,25.056474550637777],[121.76315010322143,25.05421767288672],[121.76067251576971,25.05423038285752]]]}},{"type":"Feature","properties":{"cell_id":"65000:250:11088:1308","county_id":"65000","city":"NewTaipei","district":"平溪區","population_estimate":0.0,"population_known_estimate":0.0,"population_data_fraction":1.0,"population_method":"residential_support","population_period":"2024-12","population_density_per_km2":0.0,"bus_walk_mean_m":null,"bus_walk_p90_m":null,"bus_known_weight":0.0,"metro_walk_mean_m":null,"metro_known_weight":0.0,"position_status":"fallback_unverified","classification":"zero_residential_proxy","residential_gap":false},"geometry":{"type":"Polygon","coordinates":[[[121.76315010322143,25.05421767288672],[121.76316407967381,25.056474550637777],[121.76564171080018,25.056461798040967],[121.76562768898366,25.05420492159403],[121.76315010322143,25.05421767288672]]]}},{"type":"Feature","properties":{"cell_id":"65000:250:11088:1309","county_id":"65000","city":"NewTaipei","district":"平溪區","population_estimate":0.0,"population_known_estimate":0.0,"population_data_fraction":1.0,"population_method":"residential_support","population_period":"2024-12","population_density_per_km2":0.0,"bus_walk_mean_m":null,"bus_walk_p90_m":null,"bus_known_weight":0.0,"metro_walk_mean_m":null,"metro_known_weight":0.0,"position_status":"fallback_unverified","classification":"zero_residential_proxy","residential_gap":false},"geometry":{"type":"Polygon","coordinates":[[[121.76562768898366,25.05420492159403],[121.76564171080018,25.056461798040967],[121.76811934023144,25.056449004118157],[121.76810527305095,25.05419212897957],[121.76562768898366,25.05420492159403]]]}},{"type":"Feature","properties":{"cell_id":"65000:250:11088:1310","county_id":"65000","city":"NewTaipei","district":"平溪區","population_estimate":0.0,"population_known_estimate":0.0,"population_data_fraction":1.0,"population_method":"residential_support","population_period":"2024-12","population_density_per_km2":0.0,"bus_walk_mean_m":null,"bus_walk_p90_m":null,"bus_known_weight":0.0,"metro_walk_mean_m":null,"metro_known_weight":0.0,"position_status":"fallback_unverified","classification":"zero_residential_proxy","residential_gap":false},"geometry":{"type":"Polygon","coordinates":[[[121.76810527305095,25.05419212897957],[121.76811934023144,25.056449004118157],[121.77059696796209,25.056436168869453],[121.77058285541779,25.054179295043436],[121.76810527305095,25.05419212897957]]]}},{"type":"Feature","properties":{"cell_id":"65000:250:11088:1311","county_id":"65000","city":"NewTaipei","district":"平溪區","population_estimate":0.0,"population_known_estimate":0.0,"population_data_fraction":1.0,"population_method":"residential_support","population_period":"2024-12","population_density_per_km2":0.0,"bus_walk_mean_m":1893.4511528666765,"bus_walk_p90_m":1893.4511528666765,"bus_known_weight":1.0,"metro_walk_mean_m":20274.68463049823,"metro_known_weight":1.0,"position_status":"fallback_unverified","classification":"zero_residential_proxy","residential_gap":false},"geometry":{"type":"Polygon","coordinates":[[[121.77058285541779,25.054179295043436],[121.77059696796209,25.056436168869453],[121.77307459398673,25.056423292294976],[121.7730604360787,25.054166419785762],[121.77058285541779,25.054179295043436]]]}},{"type":"Feature","properties":{"cell_id":"65000:250:11088:1312","county_id":"65000","city":"NewTaipei","district":"平溪區","population_estimate":0.0,"population_known_estimate":0.0,"population_data_fraction":1.0,"population_method":"residential_support","population_period":"2024-12","population_density_per_km2":0.0,"bus_walk_mean_m":null,"bus_walk_p90_m":null,"bus_known_weight":0.0,"metro_walk_mean_m":null,"metro_known_weight":0.0,"position_status":"fallback_unverified","classification":"zero_residential_proxy","residential_gap":false},"geometry":{"type":"Polygon","coordinates":[[[121.7730604360787,25.054166419785762],[121.77307459398673,25.056423292294976],[121.7755522182998,25.056410374394826],[121.77553801502819,25.054153503206635],[121.7730604360787,25.054166419785762]]]}},{"type":"Feature","properties":{"cell_id":"65000:250:11088:1313","county_id":"65000","city":"NewTaipei","district":"平溪區","population_estimate":0.0,"population_known_estimate":0.0,"population_data_fraction":1.0,"population_method":"residential_support","population_period":"2024-12","population_density_per_km2":0.0,"bus_walk_mean_m":null,"bus_walk_p90_m":null,"bus_known_weight":0.0,"metro_walk_mean_m":null,"metro_known_weight":0.0,"position_status":"fallback_unverified","classification":"zero_residential_proxy","residential_gap":false},"geometry":{"type":"Polygon","coordinates":[[[121.77553801502819,25.054153503206635],[121.7755522182998,25.056410374394826],[121.77802984089581,25.05639741516912],[121.77801559226077,25.054140545306183],[121.77553801502819,25.054153503206635]]]}},{"type":"Feature","properties":{"cell_id":"65000:250:11088:1314","county_id":"65000","city":"NewTaipei","district":"平溪區","population_estimate":0.0,"population_known_estimate":0.0,"population_data_fraction":1.0,"population_method":"residential_support","population_period":"2024-12","population_density_per_km2":0.0,"bus_walk_mean_m":null,"bus_walk_p90_m":null,"bus_known_weight":0.0,"metro_walk_mean_m":null,"metro_known_weight":0.0,"position_status":"fallback_unverified","classification":"zero_residential_proxy","residential_gap":false},"geometry":{"type":"Polygon","coordinates":[[[121.77801559226077,25.054140545306183],[121.77802984089581,25.05639741516912],[121.78050746176935,25.056384414617977],[121.78049316777103,25.05412754608451],[121.77801559226077,25.054140545306183]]]}},{"type":"Feature","properties":{"cell_id":"65000:250:11088:1315","county_id":"65000","city":"NewTaipei","district":"平溪區","population_estimate":9.252787271297379,"population_known_estimate":9.252787271297379,"population_data_fraction":1.0,"population_method":"residential_support","population_period":"2024-12","population_density_per_km2":148.04459634075806,"bus_walk_mean_m":923.76539830977,"bus_walk_p90_m":923.76539830977,"bus_known_weight":1.0,"metro_walk_mean_m":22583.04760308044,"metro_known_weight":1.0,"position_status":"residential_area_proxy","classification":"residential_coverage_candidate","residential_gap":true},"geometry":{"type":"Polygon","coordinates":[[[121.78049316777103,25.05412754608451],[121.78050746176935,25.056384414617977],[121.78298508091484,25.056371372741495],[121.78297074155337,25.054114505541737],[121.78049316777103,25.05412754608451]]]}},{"type":"Feature","properties":{"cell_id":"65000:250:11088:1316","county_id":"65000","city":"NewTaipei","district":"平溪區","population_estimate":25.6555344269296,"population_known_estimate":25.6555344269296,"population_data_fraction":1.0,"population_method":"residential_support","population_period":"2024-12","population_density_per_km2":410.4885508308736,"bus_walk_mean_m":786.3496667806195,"bus_walk_p90_m":845.7681310849874,"bus_known_weight":1.0,"metro_walk_mean_m":22445.63187155129,"metro_known_weight":1.0,"position_status":"residential_area_proxy","classification":"barrier_detour_candidate","residential_gap":true},"geometry":{"type":"Polygon","coordinates":[[[121.78297074155337,25.054114505541737],[121.78298508091484,25.056371372741495],[121.78546269832688,25.056358289539798],[121.78544831360242,25.054101423677963],[121.78297074155337,25.054114505541737]]]}},{"type":"Feature","properties":{"cell_id":"65000:250:11088:1317","county_id":"65000","city":"NewTaipei","district":"平溪區","population_estimate":9.283337260780943,"population_known_estimate":9.283337260780943,"population_data_fraction":1.0,"population_method":"residential_support","population_period":"2024-12","population_density_per_km2":148.5333961724951,"bus_walk_mean_m":304.7863382147912,"bus_walk_p90_m":304.7863382147912,"bus_known_weight":1.0,"metro_walk_mean_m":22682.1256696193,"metro_known_weight":1.0,"position_status":"residential_area_proxy","classification":"within_walk_threshold","residential_gap":false},"geometry":{"type":"Polygon","coordinates":[[[121.78544831360242,25.054101423677963],[121.78546269832688,25.056358289539798],[121.78794031399995,25.056345165013],[121.7879258839126,25.054088300493316],[121.78544831360242,25.054101423677963]]]}},{"type":"Feature","properties":{"cell_id":"65000:250:11088:1318","county_id":"65000","city":"NewTaipei","district":"平溪區","population_estimate":1.9565017966720482,"population_known_estimate":1.9565017966720482,"population_data_fraction":1.0,"population_method":"residential_support","population_period":"2024-12","population_density_per_km2":31.30402874675277,"bus_walk_mean_m":446.81444040292587,"bus_walk_p90_m":446.81444040292587,"bus_known_weight":1.0,"metro_walk_mean_m":23279.55703174255,"metro_known_weight":1.0,"position_status":"residential_area_proxy","classification":"within_walk_threshold","residential_gap":false},"geometry":{"type":"Polygon","coordinates":[[[121.7879258839126,25.054088300493316],[121.78794031399995,25.056345165013],[121.79041792792859,25.056331999161205],[121.7904034524785,25.054075135987905],[121.7879258839126,25.054088300493316]]]}},{"type":"Feature","properties":{"cell_id":"65000:250:11088:1319","county_id":"65000","city":"NewTaipei","district":"平溪區","population_estimate":0.0,"population_known_estimate":0.0,"population_data_fraction":1.0,"population_method":"residential_support","population_period":"2024-12","population_density_per_km2":0.0,"bus_walk_mean_m":494.9809535726132,"bus_walk_p90_m":494.9809535726132,"bus_known_weight":1.0,"metro_walk_mean_m":23327.723544912235,"metro_known_weight":1.0,"position_status":"fallback_unverified","classification":"zero_residential_proxy","residential_gap":false},"geometry":{"type":"Polygon","coordinates":[[[121.7904034524785,25.054075135987905],[121.79041792792859,25.056331999161205],[121.7928955401073,25.056318791984534],[121.7928810192946,25.054061930161843],[121.7904034524785,25.054075135987905]]]}},{"type":"Feature","properties":{"cell_id":"65000:250:11088:1320","county_id":"65000","city":"NewTaipei","district":"平溪區","population_estimate":0.0,"population_known_estimate":0.0,"population_data_fraction":0.9999999999999999,"population_method":"residential_support","population_period":"2024-12","population_density_per_km2":0.0,"bus_walk_mean_m":848.1609810113018,"bus_walk_p90_m":848.1609810113018,"bus_known_weight":1.0,"metro_walk_mean_m":23680.90357235093,"metro_known_weight":1.0,"position_status":"fallback_unverified","classification":"zero_residential_proxy","residential_gap":false},"geometry":{"type":"Polygon","coordinates":[[[121.7928810192946,25.054061930161843],[121.7928955401073,25.056318791984534],[121.79537315053057,25.05630554348311],[121.79535858435543,25.054048683015246],[121.7928810192946,25.054061930161843]]]}},{"type":"Feature","properties":{"cell_id":"65000:250:11088:1321","county_id":"65000","city":"NewTaipei","district":"平溪區","population_estimate":0.0,"population_known_estimate":0.0,"population_data_fraction":0.9999999999999998,"population_method":"residential_support","population_period":"2024-12","population_density_per_km2":0.0,"bus_walk_mean_m":1589.1407323388546,"bus_walk_p90_m":1589.1407323388546,"bus_known_weight":1.0,"metro_walk_mean_m":24660.416847708435,"metro_known_weight":1.0,"position_status":"fallback_unverified","classification":"zero_residential_proxy","residential_gap":false},"geometry":{"type":"Polygon","coordinates":[[[121.79535858435543,25.054048683015246],[121.79537315053057,25.05630554348311],[121.79785075919295,25.05629225365703],[121.79783614765549,25.05403539454823],[121.79535858435543,25.054048683015246]]]}},{"type":"Feature","properties":{"cell_id":"65000:250:11088:1322","county_id":"65000","city":"NewTaipei","district":"平溪區","population_estimate":0.0,"population_known_estimate":0.0,"population_data_fraction":1.0,"population_method":"residential_support","population_period":"2024-12","population_density_per_km2":0.0,"bus_walk_mean_m":null,"bus_walk_p90_m":null,"bus_known_weight":0.0,"metro_walk_mean_m":null,"metro_known_weight":0.0,"position_status":"fallback_unverified","classification":"zero_residential_proxy","residential_gap":false},"geometry":{"type":"Polygon","coordinates":[[[121.79783614765549,25.05403539454823],[121.79785075919295,25.05629225365703],[121.80032836608895,25.056278922506426],[121.80031370918931,25.054022064760904],[121.79783614765549,25.05403539454823]]]}},{"type":"Feature","properties":{"cell_id":"65000:250:11088:1323","county_id":"65000","city":"NewTaipei","district":"平溪區","population_estimate":0.0,"population_known_estimate":0.0,"population_data_fraction":1.0,"population_method":"residential_support","population_period":"2024-12","population_density_per_km2":0.0,"bus_walk_mean_m":2151.154130244793,"bus_walk_p90_m":2151.154130244793,"bus_known_weight":1.0,"metro_walk_mean_m":25222.430245614378,"metro_known_weight":1.0,"position_status":"fallback_unverified","classification":"zero_residential_proxy","residential_gap":false},"geometry":{"type":"Polygon","coordinates":[[[121.80031370918931,25.054022064760904],[121.80032836608895,25.056278922506426],[121.80280597121309,25.0562655500314],[121.80279126895144,25.054008693653387],[121.80031370918931,25.054022064760904]]]}},{"type":"Feature","properties":{"cell_id":"65000:250:11088:1324","county_id":"65000","city":"NewTaipei","district":"平溪區","population_estimate":0.0,"population_known_estimate":0.0,"population_data_fraction":1.0,"population_method":"residential_support","population_period":"2024-12","population_density_per_km2":0.0,"bus_walk_mean_m":2344.76134277875,"bus_walk_p90_m":2344.76134277875,"bus_known_weight":1.0,"metro_walk_mean_m":25416.037458148334,"metro_known_weight":1.0,"position_status":"fallback_unverified","classification":"zero_residential_proxy","residential_gap":false},"geometry":{"type":"Polygon","coordinates":[[[121.80279126895144,25.054008693653387],[121.80280597121309,25.0562655500314],[121.80528357455988,25.056252136232075],[121.80526882693636,25.05399528122579],[121.80279126895144,25.054008693653387]]]}},{"type":"Feature","properties":{"cell_id":"65000:250:11088:1325","county_id":"65000","city":"NewTaipei","district":"平溪區","population_estimate":0.0,"population_known_estimate":0.0,"population_data_fraction":1.0,"population_method":"residential_support","population_period":"2024-12","population_density_per_km2":0.0,"bus_walk_mean_m":null,"bus_walk_p90_m":null,"bus_known_weight":0.0,"metro_walk_mean_m":null,"metro_known_weight":0.0,"position_status":"fallback_unverified","classification":"zero_residential_proxy","residential_gap":false},"geometry":{"type":"Polygon","coordinates":[[[121.80526882693636,25.05399528122579],[121.80528357455988,25.056252136232075],[121.80776117612386,25.056238681108567],[121.80774638313858,25.053981827478246],[121.80526882693636,25.05399528122579]]]}},{"type":"Feature","properties":{"cell_id":"65000:250:11088:1326","county_id":"65000","city":"NewTaipei","district":"平溪區","population_estimate":0.0,"population_known_estimate":0.0,"population_data_fraction":1.0,"population_method":"residential_support","population_period":"2024-12","population_density_per_km2":0.0,"bus_walk_mean_m":2469.8206618065315,"bus_walk_p90_m":2469.8206618065315,"bus_known_weight":1.0,"metro_walk_mean_m":26759.466505689103,"metro_known_weight":1.0,"position_status":"fallback_unverified","classification":"zero_residential_proxy","residential_gap":false},"geometry":{"type":"Polygon","coordinates":[[[121.80774638313858,25.053981827478246],[121.80776117612386,25.056238681108567],[121.8102387758995,25.056225184660995],[121.8102239375526,25.053968332410857],[121.80774638313858,25.053981827478246]]]}},{"type":"Feature","properties":{"cell_id":"65000:250:11088:1327","county_id":"65000","city":"NewTaipei","district":"平溪區","population_estimate":0.0,"population_known_estimate":0.0,"population_data_fraction":1.0,"population_method":"residential_support","population_period":"2024-12","population_density_per_km2":0.0,"bus_walk_mean_m":1585.3008808359177,"bus_walk_p90_m":1585.3008808359177,"bus_known_weight":1.0,"metro_walk_mean_m":27033.286287749346,"metro_known_weight":1.0,"position_status":"fallback_unverified","classification":"zero_residential_proxy","residential_gap":false},"geometry":{"type":"Polygon","coordinates":[[[121.8102239375526,25.053968332410857],[121.8102387758995,25.056225184660995],[121.81271637388136,25.056211646889466],[121.81270149017301,25.053954796023742],[121.8102239375526,25.053968332410857]]]}},{"type":"Feature","properties":{"cell_id":"65000:250:11089:1302","county_id":"65000","city":"NewTaipei","district":"平溪區","population_estimate":0.005372932150713849,"population_known_estimate":0.005372932150713849,"population_data_fraction":1.0,"population_method":"uniform_proxy","population_period":"2024-12","population_density_per_km2":5.142781657399197,"bus_walk_mean_m":3842.5866528552256,"bus_walk_p90_m":3842.5866528552256,"bus_known_weight":1.0,"metro_walk_mean_m":15936.693770943853,"metro_known_weight":1.0,"position_status":"fallback_unverified","classification":"residential_coverage_candidate","residential_gap":true},"geometry":{"type":"Polygon","coordinates":[[[121.75077589880749,25.05653769372794],[121.75033381602202,25.0565399279465],[121.7504144593558,25.05661162363134],[121.75050874877573,25.05670490940655],[121.75056910947757,25.056759050388116],[121.75069232738811,25.056878823002126],[121.75077858675846,25.056978865943048],[121.75077589880749,25.05653769372794]]]}},{"type":"Feature","properties":{"cell_id":"65000:250:11089:1303","county_id":"65000","city":"NewTaipei","district":"平溪區","population_estimate":0.1377173907528017,"population_known_estimate":0.1377173907528017,"population_data_fraction":1.0,"population_method":"uniform_proxy","population_period":"2024-12","population_density_per_km2":5.142781657399196,"bus_walk_mean_m":4116.247073975005,"bus_walk_p90_m":4116.247073975005,"bus_known_weight":1.0,"metro_walk_mean_m":16210.35419206363,"metro_known_weight":1.0,"position_status":"fallback_unverified","classification":"residential_coverage_candidate","residential_gap":true},"geometry":{"type":"Polygon","coordinates":[[[121.7532535383271,25.056525147762784],[121.75077589880749,25.05653769372794],[121.75077858675846,25.056978865943048],[121.75082930403076,25.057037687335644],[121.75091233303702,25.057099929422375],[121.75098907038554,25.057156397851724],[121.75107716617764,25.057206001752544],[121.75115265437387,25.057257881841956],[121.75127603685753,25.057308725018885],[121.75134400312224,25.057343363304227],[121.75145479780144,25.057387265506343],[121.751512727634,25.057403491078542],[121.7516046203609,25.05744620527915],[121.75168394955755,25.057472816216848],[121.75180105027813,25.057514445831988],[121.75184513324214,25.057524883367787],[121.75194083189967,25.057557268851355],[121.75200759218124,25.057570076093736],[121.75207305742224,25.05759779319949],[121.75215492721009,25.057616364199458],[121.75226206524556,25.057608561690184],[121.75239062243188,25.05760081402761],[121.75249526394634,25.05758268009668],[121.75259356254733,25.05758175739157],[121.7527018885783,25.057602684614388],[121.75285548468985,25.057667375550256],[121.75305690135778,25.057758618069723],[121.75316639921058,25.057817464307856],[121.75321172953528,25.057833647608913],[121.7532616662157,25.057854755149698],[121.7532535383271,25.056525147762784]]]}},{"type":"Feature","properties":{"cell_id":"65000:250:11089:1304","county_id":"65000","city":"NewTaipei","district":"平溪區","population_estimate":0.22480687970771557,"population_known_estimate":0.22480687970771557,"population_data_fraction":1.0,"population_method":"uniform_proxy","population_period":"2024-12","population_density_per_km2":5.142781657399194,"bus_walk_mean_m":null,"bus_walk_p90_m":null,"bus_known_weight":0.0,"metro_walk_mean_m":null,"metro_known_weight":0.0,"position_status":"fallback_unverified","classification":"unresolved_walk_evidence","residential_gap":false},"geometry":{"type":"Polygon","coordinates":[[[121.75573117617901,25.056512560471088],[121.7532535383271,25.056525147762784],[121.7532616662157,25.057854755149698],[121.7533237751684,25.057881007706875],[121.75337790536561,25.057906407259445],[121.753450968992,25.057918061571822],[121.75370412095135,25.05798183969251],[121.75386910877575,25.05802472295885],[121.7539547575098,25.05804445498814],[121.7540152459091,25.058044591685373],[121.75413365694746,25.05806553869565],[121.75416768099635,25.058066765366316],[121.7542483798601,25.058047421855495],[121.75436181224339,25.05804078845246],[121.75447149176671,25.05802495588919],[121.75460380722316,25.058027551332206],[121.7547008143922,25.058040409841496],[121.7547688490049,25.058047456927376],[121.754855721715,25.058080969262107],[121.75497022789486,25.058154757739043],[121.75509105810492,25.05822052515552],[121.7551615424731,25.058257459415184],[121.75523329758296,25.058289783746464],[121.75531136862081,25.058316398286774],[121.7553706006708,25.058315384745637],[121.7554235779406,25.05829596748904],[121.75550939664289,25.05824216554447],[121.7555484533032,25.058246851008924],[121.75559246791505,25.058286005694402],[121.75567793498847,25.058382719686282],[121.75574305722685,25.058449728358664],[121.75573117617901,25.056512560471088]]]}},{"type":"Feature","properties":{"cell_id":"65000:250:11089:1305","county_id":"65000","city":"NewTaipei","district":"平溪區","population_estimate":0.3186357144172433,"population_known_estimate":0.3186357144172433,"population_data_fraction":1.0,"population_method":"uniform_proxy","population_period":"2024-12","population_density_per_km2":5.142781657399197,"bus_walk_mean_m":null,"bus_walk_p90_m":null,"bus_known_weight":0.0,"metro_walk_mean_m":null,"metro_known_weight":0.0,"position_status":"fallback_unverified","classification":"unresolved_walk_evidence","residential_gap":false},"geometry":{"type":"Polygon","coordinates":[[[121.75822269976017,25.05875681150658],[121.75820881235775,25.056499931852944],[121.75573117617901,25.056512560471088],[121.75574305722685,25.058449728358664],[121.75577976701916,25.058487501499187],[121.755847605579,25.05857842745065],[121.75591803148811,25.058641777499492],[121.75606144187917,25.05875009993507],[121.75608705153736,25.05876770037074],[121.75822269976017,25.05875681150658]]]}},{"type":"Feature","properties":{"cell_id":"65000:250:11089:1306","county_id":"65000","city":"NewTaipei","district":"平溪區","population_estimate":0.2963300824201044,"population_known_estimate":0.2963300824201044,"population_data_fraction":1.0,"population_method":"uniform_proxy","population_period":"2024-12","population_density_per_km2":5.142781657399197,"bus_walk_mean_m":null,"bus_walk_p90_m":null,"bus_known_weight":0.0,"metro_walk_mean_m":null,"metro_known_weight":0.0,"position_status":"fallback_unverified","classification":"unresolved_walk_evidence","residential_gap":false},"geometry":{"type":"Polygon","coordinates":[[[121.76068644685786,25.05648726190847],[121.75820881235775,25.056499931852944],[121.75822269976017,25.05875681150658],[121.75972746301609,25.058749120842553],[121.75978739607542,25.05866218041627],[121.7598798301942,25.058551186983607],[121.75999986360156,25.05847358448464],[121.76022216702009,25.058349307174584],[121.7602601471866,25.058304702598065],[121.7603083706341,25.058219946894948],[121.76037170898614,25.058135258637],[121.76048561441509,25.058012853709972],[121.7605601772095,25.05796033599733],[121.760695395645,25.057936848640058],[121.76068644685786,25.05648726190847]]]}},{"type":"Feature","properties":{"cell_id":"65000:250:11089:1307","county_id":"65000","city":"NewTaipei","district":"平溪區","population_estimate":0.125884582150496,"population_known_estimate":0.125884582150496,"population_data_fraction":0.9999999999999798,"population_method":"uniform_proxy","population_period":"2024-12","population_density_per_km2":4.397907772267904,"bus_walk_mean_m":4161.660945139337,"bus_walk_p90_m":4161.660945139337,"bus_known_weight":1.0,"metro_walk_mean_m":17656.266755486562,"metro_known_weight":1.0,"position_status":"fallback_unverified","classification":"residential_coverage_candidate","residential_gap":true},"geometry":{"type":"Polygon","coordinates":[[[121.76316407967381,25.056474550637777],[121.76068644685786,25.05648726190847],[121.760695395645,25.057936848640058],[121.76070900331659,25.057934484988778],[121.76087531494541,25.05795001807686],[121.76111349948472,25.057957779226598],[121.76132779893433,25.057949393947474],[121.76149058162582,25.057899482477353],[121.76170380548565,25.0578417307118],[121.7618351739588,25.05776647814455],[121.76188582377634,25.05770583145779],[121.76193913288527,25.057607325121865],[121.76200008173998,25.057489344859295],[121.76207354915117,25.057393207330467],[121.7621597635585,25.057260392756678],[121.76229287132279,25.057057737725096],[121.76233728433986,25.056979862727633],[121.76243825211957,25.056943495043505],[121.76253980627013,25.05695543444324],[121.76262974746615,25.05696601047444],[121.76278826196625,25.05704348257408],[121.76298828828038,25.057141778471234],[121.7630700024825,25.057197168618103],[121.76316870024691,25.057220607474044],[121.76316407967381,25.056474550637777]]]}},{"type":"Feature","properties":{"cell_id":"65000:250:11089:1308","county_id":"65000","city":"NewTaipei","district":"平溪區","population_estimate":null,"population_known_estimate":0.0,"population_data_fraction":0.8109102286489833,"population_method":"unknown","population_period":"2024-12","population_density_per_km2":null,"bus_walk_mean_m":3845.6349284920775,"bus_walk_p90_m":3845.6349284920775,"bus_known_weight":1.0,"metro_walk_mean_m":17996.16848633958,"metro_known_weight":1.0,"position_status":"fallback_unverified","classification":"within_walk_threshold","residential_gap":false},"geometry":{"type":"Polygon","coordinates":[[[121.76565573431179,25.058718673794772],[121.76564171080018,25.056461798040967],[121.76316407967381,25.056474550637777],[121.76316870024691,25.057220607474044],[121.76331052166263,25.057254287251705],[121.76351204893895,25.057290607273817],[121.76371230907152,25.057328061342734],[121.76391625822745,25.05738965590514],[121.7640332798164,25.0574417122641],[121.76411491936629,25.05751661050172],[121.76421903748029,25.0576478359789],[121.7642903033559,25.057799586685995],[121.76431986047689,25.057982173342044],[121.76436354683766,25.05809481342417],[121.76446258828183,25.058235198498547],[121.76452783949178,25.058312341443774],[121.76460944666601,25.058396411860837],[121.76468716968063,25.058508018626235],[121.7646755540341,25.05858027466017],[121.76465257275431,25.05865823778827],[121.76460355793834,25.058724094948712],[121.76565573431179,25.058718673794772]]]}},{"type":"Feature","properties":{"cell_id":"65000:250:11089:1309","county_id":"65000","city":"NewTaipei","district":"平溪區","population_estimate":0.0,"population_known_estimate":0.0,"population_data_fraction":1.0,"population_method":"residential_support","population_period":"2024-12","population_density_per_km2":0.0,"bus_walk_mean_m":null,"bus_walk_p90_m":null,"bus_known_weight":0.0,"metro_walk_mean_m":null,"metro_known_weight":0.0,"position_status":"fallback_unverified","classification":"zero_residential_proxy","residential_gap":false},"geometry":{"type":"Polygon","coordinates":[[[121.76564171080018,25.056461798040967],[121.76565573431179,25.058718673794772],[121.7681334091125,25.05870587856357],[121.76811934023144,25.056449004118157],[121.76564171080018,25.056461798040967]]]}},{"type":"Feature","properties":{"cell_id":"65000:250:11089:1310","county_id":"65000","city":"NewTaipei","district":"平溪區","population_estimate":0.0,"population_known_estimate":0.0,"population_data_fraction":1.0,"population_method":"residential_support","population_period":"2024-12","population_density_per_km2":0.0,"bus_walk_mean_m":2314.036495179248,"bus_walk_p90_m":2314.036495179248,"bus_known_weight":1.0,"metro_walk_mean_m":20695.269972810802,"metro_known_weight":1.0,"position_status":"fallback_unverified","classification":"zero_residential_proxy","residential_gap":false},"geometry":{"type":"Polygon","coordinates":[[[121.76811934023144,25.056449004118157],[121.7681334091125,25.05870587856357],[121.77061108221251,25.058693042002247],[121.77059696796209,25.056436168869453],[121.76811934023144,25.056449004118157]]]}},{"type":"Feature","properties":{"cell_id":"65000:250:11089:1311","county_id":"65000","city":"NewTaipei","district":"平溪區","population_estimate":0.0,"population_known_estimate":0.0,"population_data_fraction":1.0,"population_method":"residential_support","population_period":"2024-12","population_density_per_km2":0.0,"bus_walk_mean_m":2232.9344803268245,"bus_walk_p90_m":2232.9344803268245,"bus_known_weight":1.0,"metro_walk_mean_m":19621.33326190145,"metro_known_weight":1.0,"position_status":"fallback_unverified","classification":"zero_residential_proxy","residential_gap":false},"geometry":{"type":"Polygon","coordinates":[[[121.77059696796209,25.056436168869453],[121.77061108221251,25.058693042002247],[121.7730887536063,25.05868016411092],[121.77307459398673,25.056423292294976],[121.77059696796209,25.056436168869453]]]}},{"type":"Feature","properties":{"cell_id":"65000:250:11089:1312","county_id":"65000","city":"NewTaipei","district":"平溪區","population_estimate":0.0,"population_known_estimate":0.0,"population_data_fraction":1.0,"population_method":"residential_support","population_period":"2024-12","population_density_per_km2":0.0,"bus_walk_mean_m":null,"bus_walk_p90_m":null,"bus_known_weight":0.0,"metro_walk_mean_m":null,"metro_known_weight":0.0,"position_status":"fallback_unverified","classification":"zero_residential_proxy","residential_gap":false},"geometry":{"type":"Polygon","coordinates":[[[121.77307459398673,25.056423292294976],[121.7730887536063,25.05868016411092],[121.7755664232884,25.0586672448897],[121.7755522182998,25.056410374394826],[121.77307459398673,25.056423292294976]]]}},{"type":"Feature","properties":{"cell_id":"65000:250:11089:1313","county_id":"65000","city":"NewTaipei","district":"平溪區","population_estimate":0.0,"population_known_estimate":0.0,"population_data_fraction":1.0,"population_method":"residential_support","population_period":"2024-12","population_density_per_km2":0.0,"bus_walk_mean_m":null,"bus_walk_p90_m":null,"bus_known_weight":0.0,"metro_walk_mean_m":null,"metro_known_weight":0.0,"position_status":"fallback_unverified","classification":"zero_residential_proxy","residential_gap":false},"geometry":{"type":"Polygon","coordinates":[[[121.7755522182998,25.056410374394826],[121.7755664232884,25.0586672448897],[121.77804409125335,25.058654284338697],[121.77802984089581,25.05639741516912],[121.7755522182998,25.056410374394826]]]}},{"type":"Feature","properties":{"cell_id":"65000:250:11089:1314","county_id":"65000","city":"NewTaipei","district":"平溪區","population_estimate":0.0,"population_known_estimate":0.0,"population_data_fraction":1.0,"population_method":"residential_support","population_period":"2024-12","population_density_per_km2":0.0,"bus_walk_mean_m":null,"bus_walk_p90_m":null,"bus_known_weight":0.0,"metro_walk_mean_m":null,"metro_known_weight":0.0,"position_status":"fallback_unverified","classification":"zero_residential_proxy","residential_gap":false},"geometry":{"type":"Polygon","coordinates":[[[121.77802984089581,25.05639741516912],[121.77804409125335,25.058654284338697],[121.78052175749565,25.05864128245802],[121.78050746176935,25.056384414617977],[121.77802984089581,25.05639741516912]]]}},{"type":"Feature","properties":{"cell_id":"65000:250:11089:1315","county_id":"65000","city":"NewTaipei","district":"平溪區","population_estimate":0.0,"population_known_estimate":0.0,"population_data_fraction":1.0,"population_method":"residential_support","population_period":"2024-12","population_density_per_km2":0.0,"bus_walk_mean_m":null,"bus_walk_p90_m":null,"bus_known_weight":0.0,"metro_walk_mean_m":null,"metro_known_weight":0.0,"position_status":"fallback_unverified","classification":"zero_residential_proxy","residential_gap":false},"geometry":{"type":"Polygon","coordinates":[[[121.78050746176935,25.056384414617977],[121.78052175749565,25.05864128245802],[121.78299942200982,25.058628239247795],[121.78298508091484,25.056371372741495],[121.78050746176935,25.056384414617977]]]}},{"type":"Feature","properties":{"cell_id":"65000:250:11089:1316","county_id":"65000","city":"NewTaipei","district":"平溪區","population_estimate":0.0,"population_known_estimate":0.0,"population_data_fraction":1.0,"population_method":"residential_support","population_period":"2024-12","population_density_per_km2":0.0,"bus_walk_mean_m":null,"bus_walk_p90_m":null,"bus_known_weight":0.0,"metro_walk_mean_m":null,"metro_known_weight":0.0,"position_status":"fallback_unverified","classification":"zero_residential_proxy","residential_gap":false},"geometry":{"type":"Polygon","coordinates":[[[121.78298508091484,25.056371372741495],[121.78299942200982,25.058628239247795],[121.78547708479034,25.058615154708125],[121.78546269832688,25.056358289539798],[121.78298508091484,25.056371372741495]]]}},{"type":"Feature","properties":{"cell_id":"65000:250:11089:1317","county_id":"65000","city":"NewTaipei","district":"平溪區","population_estimate":0.0,"population_known_estimate":0.0,"population_data_fraction":1.0,"population_method":"residential_support","population_period":"2024-12","population_density_per_km2":0.0,"bus_walk_mean_m":206.89645675846333,"bus_walk_p90_m":206.89645675846333,"bus_known_weight":1.0,"metro_walk_mean_m":23097.067178476864,"metro_known_weight":1.0,"position_status":"fallback_unverified","classification":"zero_residential_proxy","residential_gap":false},"geometry":{"type":"Polygon","coordinates":[[[121.78546269832688,25.056358289539798],[121.78547708479034,25.058615154708125],[121.78795474583178,25.058602028839122],[121.78794031399995,25.056345165013],[121.78546269832688,25.056358289539798]]]}},{"type":"Feature","properties":{"cell_id":"65000:250:11089:1318","county_id":"65000","city":"NewTaipei","district":"平溪區","population_estimate":0.0,"population_known_estimate":0.0,"population_data_fraction":1.0,"population_method":"residential_support","population_period":"2024-12","population_density_per_km2":0.0,"bus_walk_mean_m":283.3175988054769,"bus_walk_p90_m":283.3175988054769,"bus_known_weight":1.0,"metro_walk_mean_m":23354.593714175066,"metro_known_weight":1.0,"position_status":"fallback_unverified","classification":"zero_residential_proxy","residential_gap":false},"geometry":{"type":"Polygon","coordinates":[[[121.78794031399995,25.056345165013],[121.78795474583178,25.058602028839122],[121.79043240512863,25.0585888616409],[121.79041792792859,25.056331999161205],[121.78794031399995,25.056345165013]]]}},{"type":"Feature","properties":{"cell_id":"65000:250:11089:1319","county_id":"65000","city":"NewTaipei","district":"平溪區","population_estimate":4.975151217340179,"population_known_estimate":4.975151217340179,"population_data_fraction":1.0,"population_method":"residential_support","population_period":"2024-12","population_density_per_km2":79.60241947744287,"bus_walk_mean_m":621.8837312537353,"bus_walk_p90_m":621.8837312537353,"bus_known_weight":1.0,"metro_walk_mean_m":23693.15984662332,"metro_known_weight":1.0,"position_status":"residential_area_proxy","classification":"barrier_detour_candidate","residential_gap":true},"geometry":{"type":"Polygon","coordinates":[[[121.79041792792859,25.056331999161205],[121.79043240512863,25.0585888616409],[121.79291006267539,25.058575653113582],[121.7928955401073,25.056318791984534],[121.79041792792859,25.056331999161205]]]}},{"type":"Feature","properties":{"cell_id":"65000:250:11089:1320","county_id":"65000","city":"NewTaipei","district":"平溪區","population_estimate":5.833652305613218,"population_known_estimate":5.833652305613218,"population_data_fraction":0.9999999999999999,"population_method":"residential_support","population_period":"2024-12","population_density_per_km2":93.33843688981149,"bus_walk_mean_m":852.7939967076078,"bus_walk_p90_m":852.7939967076078,"bus_known_weight":1.0,"metro_walk_mean_m":23836.80109752863,"metro_known_weight":1.0,"position_status":"residential_area_proxy","classification":"residential_coverage_candidate","residential_gap":true},"geometry":{"type":"Polygon","coordinates":[[[121.7928955401073,25.056318791984534],[121.79291006267539,25.058575653113582],[121.7953877184666,25.058562403257273],[121.79537315053057,25.05630554348311],[121.7928955401073,25.056318791984534]]]}},{"type":"Feature","properties":{"cell_id":"65000:250:11089:1321","county_id":"65000","city":"NewTaipei","district":"平溪區","population_estimate":0.0,"population_known_estimate":0.0,"population_data_fraction":1.0,"population_method":"residential_support","population_period":"2024-12","population_density_per_km2":0.0,"bus_walk_mean_m":1133.1878280217832,"bus_walk_p90_m":1133.1878280217832,"bus_known_weight":1.0,"metro_walk_mean_m":24204.46394339137,"metro_known_weight":1.0,"position_status":"fallback_unverified","classification":"zero_residential_proxy","residential_gap":false},"geometry":{"type":"Polygon","coordinates":[[[121.79537315053057,25.05630554348311],[121.7953877184666,25.058562403257273],[121.79786537249679,25.058549112072097],[121.79785075919295,25.05629225365703],[121.79537315053057,25.05630554348311]]]}},{"type":"Feature","properties":{"cell_id":"65000:250:11089:1322","county_id":"65000","city":"NewTaipei","district":"平溪區","population_estimate":0.0,"population_known_estimate":0.0,"population_data_fraction":1.0,"population_method":"residential_support","population_period":"2024-12","population_density_per_km2":0.0,"bus_walk_mean_m":null,"bus_walk_p90_m":null,"bus_known_weight":0.0,"metro_walk_mean_m":null,"metro_known_weight":0.0,"position_status":"fallback_unverified","classification":"zero_residential_proxy","residential_gap":false},"geometry":{"type":"Polygon","coordinates":[[[121.79785075919295,25.05629225365703],[121.79786537249679,25.058549112072097],[121.80034302476045,25.058535779558152],[121.80032836608895,25.056278922506426],[121.79785075919295,25.05629225365703]]]}},{"type":"Feature","properties":{"cell_id":"65000:250:11089:1323","county_id":"65000","city":"NewTaipei","district":"平溪區","population_estimate":0.0,"population_known_estimate":0.0,"population_data_fraction":1.0,"population_method":"residential_support","population_period":"2024-12","population_density_per_km2":0.0,"bus_walk_mean_m":null,"bus_walk_p90_m":null,"bus_known_weight":0.0,"metro_walk_mean_m":null,"metro_known_weight":0.0,"position_status":"fallback_unverified","classification":"zero_residential_proxy","residential_gap":false},"geometry":{"type":"Polygon","coordinates":[[[121.80032836608895,25.056278922506426],[121.80034302476045,25.058535779558152],[121.80282067525211,25.05852240571558],[121.80280597121309,25.0562655500314],[121.80032836608895,25.056278922506426]]]}},{"type":"Feature","properties":{"cell_id":"65000:250:11089:1324","county_id":"65000","city":"NewTaipei","district":"平溪區","population_estimate":0.0,"population_known_estimate":0.0,"population_data_fraction":1.0,"population_method":"residential_support","population_period":"2024-12","population_density_per_km2":0.0,"bus_walk_mean_m":null,"bus_walk_p90_m":null,"bus_known_weight":0.0,"metro_walk_mean_m":null,"metro_known_weight":0.0,"position_status":"fallback_unverified","classification":"zero_residential_proxy","residential_gap":false},"geometry":{"type":"Polygon","coordinates":[[[121.80280597121309,25.0562655500314],[121.80282067525211,25.05852240571558],[121.80529832396626,25.058508990544468],[121.80528357455988,25.056252136232075],[121.80280597121309,25.0562655500314]]]}},{"type":"Feature","properties":{"cell_id":"65000:250:11089:1325","county_id":"65000","city":"NewTaipei","district":"平溪區","population_estimate":0.0,"population_known_estimate":0.0,"population_data_fraction":1.0,"population_method":"residential_support","population_period":"2024-12","population_density_per_km2":0.0,"bus_walk_mean_m":2550.622636848702,"bus_walk_p90_m":2550.622636848702,"bus_known_weight":1.0,"metro_walk_mean_m":25711.585277178274,"metro_known_weight":1.0,"position_status":"fallback_unverified","classification":"zero_residential_proxy","residential_gap":false},"geometry":{"type":"Polygon","coordinates":[[[121.80528357455988,25.056252136232075],[121.80529832396626,25.058508990544468],[121.80777597089745,25.058495534044948],[121.80776117612386,25.056238681108567],[121.80528357455988,25.056252136232075]]]}},{"type":"Feature","properties":{"cell_id":"65000:250:11089:1326","county_id":"65000","city":"NewTaipei","district":"平溪區","population_estimate":0.0,"population_known_estimate":0.0,"population_data_fraction":1.0,"population_method":"residential_support","population_period":"2024-12","population_density_per_km2":0.0,"bus_walk_mean_m":null,"bus_walk_p90_m":null,"bus_known_weight":0.0,"metro_walk_mean_m":null,"metro_known_weight":0.0,"position_status":"fallback_unverified","classification":"zero_residential_proxy","residential_gap":false},"geometry":{"type":"Polygon","coordinates":[[[121.80776117612386,25.056238681108567],[121.80777597089745,25.058495534044948],[121.81025361604017,25.058482036217143],[121.8102387758995,25.056225184660995],[121.80776117612386,25.056238681108567]]]}},{"type":"Feature","properties":{"cell_id":"65000:250:11089:1327","county_id":"65000","city":"NewTaipei","district":"平溪區","population_estimate":0.0,"population_known_estimate":0.0,"population_data_fraction":1.0,"population_method":"residential_support","population_period":"2024-12","population_density_per_km2":0.0,"bus_walk_mean_m":1390.8842856578306,"bus_walk_p90_m":1390.8842856578306,"bus_known_weight":1.0,"metro_walk_mean_m":27333.028544410474,"metro_known_weight":1.0,"position_status":"fallback_unverified","classification":"zero_residential_proxy","residential_gap":false},"geometry":{"type":"Polygon","coordinates":[[[121.8102387758995,25.056225184660995],[121.81025361604017,25.058482036217143],[121.81273125938898,25.058468497061156],[121.81271637388136,25.056211646889466],[121.8102387758995,25.056225184660995]]]}},{"type":"Feature","properties":{"cell_id":"65000:250:11089:1328","county_id":"65000","city":"NewTaipei","district":"平溪區","population_estimate":0.0,"population_known_estimate":0.0,"population_data_fraction":1.0,"population_method":"residential_support","population_period":"2024-12","population_density_per_km2":0.0,"bus_walk_mean_m":1021.1553920287129,"bus_walk_p90_m":1021.1553920287129,"bus_known_weight":1.0,"metro_walk_mean_m":27595.82859418355,"metro_known_weight":1.0,"position_status":"fallback_unverified","classification":"zero_residential_proxy","residential_gap":false},"geometry":{"type":"Polygon","coordinates":[[[121.81271637388136,25.056211646889466],[121.81273125938898,25.058468497061156],[121.81520890093833,25.058454916577116],[121.81519397006392,25.05619806779411],[121.81271637388136,25.056211646889466]]]}},{"type":"Feature","properties":{"cell_id":"65000:250:11090:1305","county_id":"65000","city":"NewTaipei","district":"平溪區","population_estimate":0.04701194853830103,"population_known_estimate":0.04701194853830103,"population_data_fraction":1.0,"population_method":"uniform_proxy","population_period":"2024-12","population_density_per_km2":5.142781657399198,"bus_walk_mean_m":null,"bus_walk_p90_m":null,"bus_known_weight":0.0,"metro_walk_mean_m":null,"metro_known_weight":0.0,"position_status":"fallback_unverified","classification":"unresolved_walk_evidence","residential_gap":false},"geometry":{"type":"Polygon","coordinates":[[[121.75822269976017,25.05875681150658],[121.75608705153736,25.05876770037074],[121.75618726063604,25.058836569756387],[121.75632069214764,25.058902343465277],[121.75637985944314,25.058927761908887],[121.7564453111986,25.058962375010825],[121.75656481851568,25.059054562721748],[121.7566151104017,25.059104084784266],[121.75664146953063,25.059148954663705],[121.75667410233197,25.059205320568953],[121.75670928470417,25.05925136405804],[121.75675835081863,25.05928594209336],[121.75688047245924,25.05933791481551],[121.75698757990924,25.059341602931372],[121.75705183377508,25.059349796657013],[121.75710858729448,25.059331543118976],[121.75720314110828,25.059316823911292],[121.75733805380825,25.05928610037666],[121.75748060265019,25.05922437990427],[121.7576156313536,25.059146557065297],[121.75769893735365,25.059089292735],[121.75782509695321,25.059029832262233],[121.75790200426994,25.059016222817327],[121.75794988508126,25.059019779641417],[121.75799515514979,25.059061248276375],[121.7580303411252,25.059104979614457],[121.75806300270587,25.059148715443218],[121.75810443447537,25.059215453229687],[121.75814573583837,25.059287166068206],[121.75815213271228,25.059298282589566],[121.75822624806595,25.059333412495704],[121.75822269976017,25.05875681150658]]]}},{"type":"Feature","properties":{"cell_id":"65000:250:11090:1306","county_id":"65000","city":"NewTaipei","district":"平溪區","population_estimate":null,"population_known_estimate":0.0526747560618246,"population_data_fraction":0.979278809529584,"population_method":"unknown","population_period":"2024-12","population_density_per_km2":null,"bus_walk_mean_m":4590.936425907137,"bus_walk_p90_m":4590.936425907137,"bus_known_weight":1.0,"metro_walk_mean_m":17185.711670994264,"metro_known_weight":1.0,"position_status":"fallback_unverified","classification":"within_walk_threshold","residential_gap":false},"geometry":{"type":"Polygon","coordinates":[[[121.75822269976017,25.05875681150658],[121.75822624806595,25.059333412495704],[121.7583124908269,25.05937429059386],[121.75833894798751,25.059385628340962],[121.75855668284926,25.059467914512133],[121.7588072618428,25.059531966931104],[121.75894585996136,25.059543952194478],[121.75912623428357,25.059507883978107],[121.75929409274879,25.059448831796058],[121.75933711810922,25.059404220927284],[121.75943339862964,25.05927604055582],[121.75952855320512,25.05911342334979],[121.75962878444513,25.058940480119126],[121.75966192085838,25.058844197804877],[121.75972746301609,25.058749120842553],[121.75822269976017,25.05875681150658]]]}},{"type":"Feature","properties":{"cell_id":"65000:250:11090:1308","county_id":"65000","city":"NewTaipei","district":"平溪區","population_estimate":null,"population_known_estimate":0.0,"population_data_fraction":0.003320227915538109,"population_method":"unknown","population_period":"2024-12","population_density_per_km2":null,"bus_walk_mean_m":3547.616858388475,"bus_walk_p90_m":3547.616858388475,"bus_known_weight":1.0,"metro_walk_mean_m":18193.99144794451,"metro_known_weight":1.0,"position_status":"fallback_unverified","classification":"within_walk_threshold","residential_gap":false},"geometry":{"type":"Polygon","coordinates":[[[121.76565573431179,25.058718673794772],[121.76460355793834,25.058724094948712],[121.76460316490122,25.05872462303988],[121.76455988233255,25.05883808060876],[121.76453058871398,25.058918318124338],[121.76452374487711,25.05906175909525],[121.76454242739452,25.05912149745475],[121.76462004067844,25.059261796198303],[121.7646701562984,25.059341173053046],[121.76473035512362,25.059420585894],[121.76481308195497,25.059542540260356],[121.76493368733853,25.059647417394554],[121.76501921736435,25.05969364254344],[121.76517900620756,25.059768833064805],[121.76536790790351,25.05981198343456],[121.76557571604239,25.059855194058592],[121.76566295543569,25.05988069968612],[121.76565573431179,25.058718673794772]]]}},{"type":"Feature","properties":{"cell_id":"65000:250:11090:1309","county_id":"65000","city":"NewTaipei","district":"平溪區","population_estimate":null,"population_known_estimate":0.0,"population_data_fraction":0.8682070801317242,"population_method":"unknown","population_period":"2024-12","population_density_per_km2":null,"bus_walk_mean_m":null,"bus_walk_p90_m":null,"bus_known_weight":0.0,"metro_walk_mean_m":null,"metro_known_weight":0.0,"position_status":"fallback_unverified","classification":"unresolved_walk_evidence","residential_gap":false},"geometry":{"type":"Polygon","coordinates":[[[121.76814747969429,25.060962752315756],[121.7681334091125,25.05870587856357],[121.76565573431179,25.058718673794772],[121.76566295543569,25.05988069968612],[121.7657267958519,25.05989936426375],[121.76587278729977,25.059957281504726],[121.76591426493312,25.059987266696268],[121.76597069199883,25.060065523909294],[121.76601955666067,25.060142605700722],[121.76606840692712,25.0602231166004],[121.76612610563727,25.060297928503253],[121.7662266111663,25.060385520676764],[121.76631088753643,25.06043057760794],[121.76639381942302,25.060498596032687],[121.7664855826449,25.060564351761954],[121.7665710425185,25.060631228948978],[121.76667528024467,25.060731451191074],[121.76674174463214,25.06082005780071],[121.7668207150001,25.060937425618953],[121.76683898927998,25.060969515352905],[121.76814747969429,25.060962752315756]]]}},{"type":"Feature","properties":{"cell_id":"65000:250:11090:1310","county_id":"65000","city":"NewTaipei","district":"平溪區","population_estimate":0.0,"population_known_estimate":0.0,"population_data_fraction":1.0,"population_method":"residential_support","population_period":"2024-12","population_density_per_km2":0.0,"bus_walk_mean_m":2503.4025157230335,"bus_walk_p90_m":2503.4025157230335,"bus_known_weight":1.0,"metro_walk_mean_m":20884.635993354586,"metro_known_weight":1.0,"position_status":"fallback_unverified","classification":"zero_residential_proxy","residential_gap":false},"geometry":{"type":"Polygon","coordinates":[[[121.7681334091125,25.05870587856357],[121.76814747969429,25.060962752315756],[121.7706251981691,25.060949914441764],[121.77061108221251,25.058693042002247],[121.7681334091125,25.05870587856357]]]}},{"type":"Feature","properties":{"cell_id":"65000:250:11090:1311","county_id":"65000","city":"NewTaipei","district":"平溪區","population_estimate":0.0,"population_known_estimate":0.0,"population_data_fraction":1.0,"population_method":"residential_support","population_period":"2024-12","population_density_per_km2":0.0,"bus_walk_mean_m":null,"bus_walk_p90_m":null,"bus_known_weight":0.0,"metro_walk_mean_m":null,"metro_known_weight":0.0,"position_status":"fallback_unverified","classification":"zero_residential_proxy","residential_gap":false},"geometry":{"type":"Polygon","coordinates":[[[121.77061108221251,25.058693042002247],[121.7706251981691,25.060949914441764],[121.77310291493755,25.060937035233543],[121.7730887536063,25.05868016411092],[121.77061108221251,25.058693042002247]]]}},{"type":"Feature","properties":{"cell_id":"65000:250:11090:1312","county_id":"65000","city":"NewTaipei","district":"平溪區","population_estimate":0.0,"population_known_estimate":0.0,"population_data_fraction":1.0,"population_method":"residential_support","population_period":"2024-12","population_density_per_km2":0.0,"bus_walk_mean_m":null,"bus_walk_p90_m":null,"bus_known_weight":0.0,"metro_walk_mean_m":null,"metro_known_weight":0.0,"position_status":"fallback_unverified","classification":"zero_residential_proxy","residential_gap":false},"geometry":{"type":"Polygon","coordinates":[[[121.7730887536063,25.05868016411092],[121.77310291493755,25.060937035233543],[121.77558062999421,25.060924114691208],[121.7755664232884,25.0586672448897],[121.7730887536063,25.05868016411092]]]}},{"type":"Feature","properties":{"cell_id":"65000:250:11090:1313","county_id":"65000","city":"NewTaipei","district":"平溪區","population_estimate":0.0,"population_known_estimate":0.0,"population_data_fraction":1.0,"population_method":"residential_support","population_period":"2024-12","population_density_per_km2":0.0,"bus_walk_mean_m":null,"bus_walk_p90_m":null,"bus_known_weight":0.0,"metro_walk_mean_m":null,"metro_known_weight":0.0,"position_status":"fallback_unverified","classification":"zero_residential_proxy","residential_gap":false},"geometry":{"type":"Polygon","coordinates":[[[121.7755664232884,25.0586672448897],[121.77558062999421,25.060924114691208],[121.77805834333357,25.06091115281486],[121.77804409125335,25.058654284338697],[121.7755664232884,25.0586672448897]]]}},{"type":"Feature","properties":{"cell_id":"65000:250:11090:1314","county_id":"65000","city":"NewTaipei","district":"平溪區","population_estimate":0.0,"population_known_estimate":0.0,"population_data_fraction":1.0,"population_method":"residential_support","population_period":"2024-12","population_density_per_km2":0.0,"bus_walk_mean_m":null,"bus_walk_p90_m":null,"bus_known_weight":0.0,"metro_walk_mean_m":null,"metro_known_weight":0.0,"position_status":"fallback_unverified","classification":"zero_residential_proxy","residential_gap":false},"geometry":{"type":"Polygon","coordinates":[[[121.77804409125335,25.058654284338697],[121.77805834333357,25.06091115281486],[121.7805360549501,25.060898149604615],[121.78052175749565,25.05864128245802],[121.77804409125335,25.058654284338697]]]}},{"type":"Feature","properties":{"cell_id":"65000:250:11090:1315","county_id":"65000","city":"NewTaipei","district":"平溪區","population_estimate":0.0,"population_known_estimate":0.0,"population_data_fraction":1.0,"population_method":"residential_support","population_period":"2024-12","population_density_per_km2":0.0,"bus_walk_mean_m":null,"bus_walk_p90_m":null,"bus_known_weight":0.0,"metro_walk_mean_m":null,"metro_known_weight":0.0,"position_status":"fallback_unverified","classification":"zero_residential_proxy","residential_gap":false},"geometry":{"type":"Polygon","coordinates":[[[121.78052175749565,25.05864128245802],[121.7805360549501,25.060898149604615],[121.78301376483837,25.060885105060592],[121.78299942200982,25.058628239247795],[121.78052175749565,25.05864128245802]]]}},{"type":"Feature","properties":{"cell_id":"65000:250:11090:1316","county_id":"65000","city":"NewTaipei","district":"平溪區","population_estimate":0.0,"population_known_estimate":0.0,"population_data_fraction":1.0,"population_method":"residential_support","population_period":"2024-12","population_density_per_km2":0.0,"bus_walk_mean_m":503.08061898812554,"bus_walk_p90_m":503.08061898812554,"bus_known_weight":1.0,"metro_walk_mean_m":23594.031141074585,"metro_known_weight":1.0,"position_status":"fallback_unverified","classification":"zero_residential_proxy","residential_gap":false},"geometry":{"type":"Polygon","coordinates":[[[121.78299942200982,25.058628239247795],[121.78301376483837,25.060885105060592],[121.7854914729929,25.06087201918289],[121.78547708479034,25.058615154708125],[121.78299942200982,25.058628239247795]]]}},{"type":"Feature","properties":{"cell_id":"65000:250:11090:1317","county_id":"65000","city":"NewTaipei","district":"平溪區","population_estimate":6.454248728085489,"population_known_estimate":6.454248728085489,"population_data_fraction":1.0,"population_method":"residential_support","population_period":"2024-12","population_density_per_km2":103.26797964936783,"bus_walk_mean_m":100.52070923455142,"bus_walk_p90_m":107.25018848325061,"bus_known_weight":1.0,"metro_walk_mean_m":23191.47123132101,"metro_known_weight":1.0,"position_status":"residential_area_proxy","classification":"within_walk_threshold","residential_gap":false},"geometry":{"type":"Polygon","coordinates":[[[121.78547708479034,25.058615154708125],[121.7854914729929,25.06087201918289],[121.78796917940818,25.060858891971645],[121.78795474583178,25.058602028839122],[121.78547708479034,25.058615154708125]]]}},{"type":"Feature","properties":{"cell_id":"65000:250:11090:1318","county_id":"65000","city":"NewTaipei","district":"平溪區","population_estimate":0.31488858027574396,"population_known_estimate":0.31488858027574396,"population_data_fraction":1.0,"population_method":"residential_support","population_period":"2024-12","population_density_per_km2":5.038217284411903,"bus_walk_mean_m":120.12880617488534,"bus_walk_p90_m":120.12880617488534,"bus_known_weight":1.0,"metro_walk_mean_m":23211.07932826134,"metro_known_weight":1.0,"position_status":"residential_area_proxy","classification":"within_walk_threshold","residential_gap":false},"geometry":{"type":"Polygon","coordinates":[[[121.78795474583178,25.058602028839122],[121.78796917940818,25.060858891971645],[121.79044688407872,25.06084572342695],[121.79043240512863,25.0585888616409],[121.78795474583178,25.058602028839122]]]}},{"type":"Feature","properties":{"cell_id":"65000:250:11090:1319","county_id":"65000","city":"NewTaipei","district":"平溪區","population_estimate":30.696911104819154,"population_known_estimate":30.696911104819154,"population_data_fraction":0.9999999999999998,"population_method":"residential_support","population_period":"2024-12","population_density_per_km2":491.15057767710647,"bus_walk_mean_m":624.9184673818518,"bus_walk_p90_m":663.8313492682768,"bus_known_weight":1.0,"metro_walk_mean_m":23696.19458275144,"metro_known_weight":1.0,"position_status":"residential_area_proxy","classification":"residential_coverage_candidate","residential_gap":true},"geometry":{"type":"Polygon","coordinates":[[[121.79043240512863,25.0585888616409],[121.79044688407872,25.06084572342695],[121.79292458699906,25.060832513548927],[121.79291006267539,25.058575653113582],[121.79043240512863,25.0585888616409]]]}},{"type":"Feature","properties":{"cell_id":"65000:250:11090:1320","county_id":"65000","city":"NewTaipei","district":"平溪區","population_estimate":18.100109163658978,"population_known_estimate":18.100109163658978,"population_data_fraction":1.0,"population_method":"residential_support","population_period":"2024-12","population_density_per_km2":289.60174661854364,"bus_walk_mean_m":623.6858468034332,"bus_walk_p90_m":633.9840656363112,"bus_known_weight":1.0,"metro_walk_mean_m":23694.96196217302,"metro_known_weight":1.0,"position_status":"residential_area_proxy","classification":"residential_coverage_candidate","residential_gap":true},"geometry":{"type":"Polygon","coordinates":[[[121.79291006267539,25.058575653113582],[121.79292458699906,25.060832513548927],[121.79540228816369,25.06081926233769],[121.7953877184666,25.058562403257273],[121.79291006267539,25.058575653113582]]]}},{"type":"Feature","properties":{"cell_id":"65000:250:11090:1321","county_id":"65000","city":"NewTaipei","district":"平溪區","population_estimate":0.0,"population_known_estimate":0.0,"population_data_fraction":1.0,"population_method":"residential_support","population_period":"2024-12","population_density_per_km2":0.0,"bus_walk_mean_m":1362.481965334316,"bus_walk_p90_m":1362.481965334316,"bus_known_weight":1.0,"metro_walk_mean_m":24433.7580807039,"metro_known_weight":1.0,"position_status":"fallback_unverified","classification":"zero_residential_proxy","residential_gap":false},"geometry":{"type":"Polygon","coordinates":[[[121.7953877184666,25.058562403257273],[121.79540228816369,25.06081926233769],[121.79787998756716,25.06080596979336],[121.79786537249679,25.058549112072097],[121.7953877184666,25.058562403257273]]]}},{"type":"Feature","properties":{"cell_id":"65000:250:11090:1322","county_id":"65000","city":"NewTaipei","district":"平溪區","population_estimate":0.0,"population_known_estimate":0.0,"population_data_fraction":1.0,"population_method":"residential_support","population_period":"2024-12","population_density_per_km2":0.0,"bus_walk_mean_m":null,"bus_walk_p90_m":null,"bus_known_weight":0.0,"metro_walk_mean_m":null,"metro_known_weight":0.0,"position_status":"fallback_unverified","classification":"zero_residential_proxy","residential_gap":false},"geometry":{"type":"Polygon","coordinates":[[[121.79786537249679,25.058549112072097],[121.79787998756716,25.06080596979336],[121.80035768520393,25.060792635916037],[121.80034302476045,25.058535779558152],[121.79786537249679,25.058549112072097]]]}},{"type":"Feature","properties":{"cell_id":"65000:250:11090:1323","county_id":"65000","city":"NewTaipei","district":"平溪區","population_estimate":0.0,"population_known_estimate":0.0,"population_data_fraction":1.0,"population_method":"residential_support","population_period":"2024-12","population_density_per_km2":0.0,"bus_walk_mean_m":2197.3839539458636,"bus_walk_p90_m":2197.3839539458636,"bus_known_weight":1.0,"metro_walk_mean_m":25268.66006931545,"metro_known_weight":1.0,"position_status":"fallback_unverified","classification":"zero_residential_proxy","residential_gap":false},"geometry":{"type":"Polygon","coordinates":[[[121.80034302476045,25.058535779558152],[121.80035768520393,25.060792635916037],[121.80283538106859,25.060779260705846],[121.80282067525211,25.05852240571558],[121.80034302476045,25.058535779558152]]]}},{"type":"Feature","properties":{"cell_id":"65000:250:11090:1324","county_id":"65000","city":"NewTaipei","district":"平溪區","population_estimate":0.0015194270550319073,"population_known_estimate":0.0015194270550319073,"population_data_fraction":1.0,"population_method":"uniform_proxy","population_period":"2024-12","population_density_per_km2":0.024310832880510516,"bus_walk_mean_m":2361.3743345339685,"bus_walk_p90_m":2361.3743345339685,"bus_known_weight":1.0,"metro_walk_mean_m":25432.650449903555,"metro_known_weight":1.0,"position_status":"fallback_unverified","classification":"residential_coverage_candidate","residential_gap":true},"geometry":{"type":"Polygon","coordinates":[[[121.80282067525211,25.05852240571558],[121.80283538106859,25.060779260705846],[121.80531307515561,25.060765844162912],[121.80529832396626,25.058508990544468],[121.80282067525211,25.05852240571558]]]}},{"type":"Feature","properties":{"cell_id":"65000:250:11091:1309","county_id":"65000","city":"NewTaipei","district":"平溪區","population_estimate":null,"population_known_estimate":0.0,"population_data_fraction":0.8692467845865922,"population_method":"unknown","population_period":"2024-12","population_density_per_km2":null,"bus_walk_mean_m":3166.5866470321425,"bus_walk_p90_m":3166.5866470321425,"bus_known_weight":1.0,"metro_walk_mean_m":18580.97151728803,"metro_known_weight":1.0,"position_status":"fallback_unverified","classification":"within_walk_threshold","residential_gap":false},"geometry":{"type":"Polygon","coordinates":[[[121.76814747969429,25.060962752315756],[121.76683898927998,25.060969515352905],[121.76686328621038,25.061012180863166],[121.76696335827629,25.061214528327895],[121.76703335520313,25.061370870973427],[121.76712111284995,25.061495134792764],[121.76716867709321,25.06158253990199],[121.76727898343582,25.06174476680441],[121.76734926635368,25.061824192237257],[121.76745622002963,25.06187279429703],[121.767587086674,25.061930653074825],[121.76775448378683,25.061994390730085],[121.7678702714957,25.062040709407285],[121.76797719998794,25.062095044650317],[121.76803627914624,25.06213772737274],[121.76813941160866,25.062197770608417],[121.76815524415912,25.062208029137],[121.76814747969429,25.060962752315756]]]}},{"type":"Feature","properties":{"cell_id":"65000:250:11091:1310","county_id":"65000","city":"NewTaipei","district":"平溪區","population_estimate":null,"population_known_estimate":0.0,"population_data_fraction":0.9918150368331133,"population_method":"unknown","population_period":"2024-12","population_density_per_km2":null,"bus_walk_mean_m":2818.5311478624003,"bus_walk_p90_m":2818.5311478624003,"bus_known_weight":1.0,"metro_walk_mean_m":19063.068674377377,"metro_known_weight":1.0,"position_status":"fallback_unverified","classification":"within_walk_threshold","residential_gap":false},"geometry":{"type":"Polygon","coordinates":[[[121.77063931583203,25.063206786187973],[121.7706251981691,25.060949914441764],[121.76814747969429,25.060962752315756],[121.76815524415912,25.062208029137],[121.76824628703483,25.062267019309378],[121.76831035023835,25.06232464696734],[121.76843079734229,25.062471988290444],[121.76850484751607,25.062556032631075],[121.76863042705173,25.062679288320616],[121.76872477672562,25.062727830125556],[121.76890874384601,25.062742267843305],[121.76908583384534,25.062910468946523],[121.76921144485107,25.06302568828533],[121.76938246173144,25.063133054745396],[121.76950367807986,25.063212675926927],[121.77063931583203,25.063206786187973]]]}},{"type":"Feature","properties":{"cell_id":"65000:250:11091:1311","county_id":"65000","city":"NewTaipei","district":"平溪區","population_estimate":0.0,"population_known_estimate":0.0,"population_data_fraction":1.0,"population_method":"residential_support","population_period":"2024-12","population_density_per_km2":0.0,"bus_walk_mean_m":null,"bus_walk_p90_m":null,"bus_known_weight":0.0,"metro_walk_mean_m":null,"metro_known_weight":0.0,"position_status":"fallback_unverified","classification":"zero_residential_proxy","residential_gap":false},"geometry":{"type":"Polygon","coordinates":[[[121.77311707798066,25.06319390566281],[121.77310291493755,25.060937035233543],[121.7706251981691,25.060949914441764],[121.77063931583203,25.063206786187973],[121.77139235229822,25.063202875938337],[121.77144568367328,25.063165754091806],[121.77152903913048,25.06312244813997],[121.77163235235223,25.063134296713056],[121.77172168757318,25.063201164617418],[121.77311707798066,25.06319390566281]]]}},{"type":"Feature","properties":{"cell_id":"65000:250:11091:1312","county_id":"65000","city":"NewTaipei","district":"平溪區","population_estimate":0.0,"population_known_estimate":0.0,"population_data_fraction":1.0,"population_method":"residential_support","population_period":"2024-12","population_density_per_km2":0.0,"bus_walk_mean_m":null,"bus_walk_p90_m":null,"bus_known_weight":0.0,"metro_walk_mean_m":null,"metro_known_weight":0.0,"position_status":"fallback_unverified","classification":"zero_residential_proxy","residential_gap":false},"geometry":{"type":"Polygon","coordinates":[[[121.77310291493755,25.060937035233543],[121.77311707798066,25.06319390566281],[121.7755948384173,25.06318098379931],[121.77558062999421,25.060924114691208],[121.77310291493755,25.060937035233543]]]}},{"type":"Feature","properties":{"cell_id":"65000:250:11091:1313","county_id":"65000","city":"NewTaipei","district":"平溪區","population_estimate":0.0,"population_known_estimate":0.0,"population_data_fraction":1.0,"population_method":"residential_support","population_period":"2024-12","population_density_per_km2":0.0,"bus_walk_mean_m":null,"bus_walk_p90_m":null,"bus_known_weight":0.0,"metro_walk_mean_m":null,"metro_known_weight":0.0,"position_status":"fallback_unverified","classification":"zero_residential_proxy","residential_gap":false},"geometry":{"type":"Polygon","coordinates":[[[121.77558062999421,25.060924114691208],[121.7755948384173,25.06318098379931],[121.77807259713654,25.063168020597562],[121.77805834333357,25.06091115281486],[121.77558062999421,25.060924114691208]]]}},{"type":"Feature","properties":{"cell_id":"65000:250:11091:1314","county_id":"65000","city":"NewTaipei","district":"平溪區","population_estimate":0.0,"population_known_estimate":0.0,"population_data_fraction":1.0,"population_method":"residential_support","population_period":"2024-12","population_density_per_km2":0.0,"bus_walk_mean_m":null,"bus_walk_p90_m":null,"bus_known_weight":0.0,"metro_walk_mean_m":null,"metro_known_weight":0.0,"position_status":"fallback_unverified","classification":"zero_residential_proxy","residential_gap":false},"geometry":{"type":"Polygon","coordinates":[[[121.77805834333357,25.06091115281486],[121.77807259713654,25.063168020597562],[121.78055035413283,25.063155016057706],[121.7805360549501,25.060898149604615],[121.77805834333357,25.06091115281486]]]}},{"type":"Feature","properties":{"cell_id":"65000:250:11091:1315","county_id":"65000","city":"NewTaipei","district":"平溪區","population_estimate":0.0,"population_known_estimate":0.0,"population_data_fraction":1.0,"population_method":"residential_support","population_period":"2024-12","population_density_per_km2":0.0,"bus_walk_mean_m":null,"bus_walk_p90_m":null,"bus_known_weight":0.0,"metro_walk_mean_m":null,"metro_known_weight":0.0,"position_status":"fallback_unverified","classification":"zero_residential_proxy","residential_gap":false},"geometry":{"type":"Polygon","coordinates":[[[121.7805360549501,25.060898149604615],[121.78055035413283,25.063155016057706],[121.78302810940072,25.063141970179828],[121.78301376483837,25.060885105060592],[121.7805360549501,25.060898149604615]]]}},{"type":"Feature","properties":{"cell_id":"65000:250:11091:1316","county_id":"65000","city":"NewTaipei","district":"平溪區","population_estimate":0.0,"population_known_estimate":0.0,"population_data_fraction":1.0,"population_method":"residential_support","population_period":"2024-12","population_density_per_km2":0.0,"bus_walk_mean_m":null,"bus_walk_p90_m":null,"bus_known_weight":0.0,"metro_walk_mean_m":null,"metro_known_weight":0.0,"position_status":"fallback_unverified","classification":"zero_residential_proxy","residential_gap":false},"geometry":{"type":"Polygon","coordinates":[[[121.78301376483837,25.060885105060592],[121.78302810940072,25.063141970179828],[121.78550586293471,25.06312888296407],[121.7854914729929,25.06087201918289],[121.78301376483837,25.060885105060592]]]}},{"type":"Feature","properties":{"cell_id":"65000:250:11091:1317","county_id":"65000","city":"NewTaipei","district":"平溪區","population_estimate":0.0,"population_known_estimate":0.0,"population_data_fraction":1.0,"population_method":"residential_support","population_period":"2024-12","population_density_per_km2":0.0,"bus_walk_mean_m":952.5434410939915,"bus_walk_p90_m":952.5434410939915,"bus_known_weight":1.0,"metro_walk_mean_m":22896.84752595835,"metro_known_weight":1.0,"position_status":"fallback_unverified","classification":"zero_residential_proxy","residential_gap":false},"geometry":{"type":"Polygon","coordinates":[[[121.7854914729929,25.06087201918289],[121.78550586293471,25.06312888296407],[121.78798361472931,25.063115754410518],[121.78796917940818,25.060858891971645],[121.7854914729929,25.06087201918289]]]}},{"type":"Feature","properties":{"cell_id":"65000:250:11091:1318","county_id":"65000","city":"NewTaipei","district":"平溪區","population_estimate":0.0,"population_known_estimate":0.0,"population_data_fraction":1.0,"population_method":"residential_support","population_period":"2024-12","population_density_per_km2":0.0,"bus_walk_mean_m":null,"bus_walk_p90_m":null,"bus_known_weight":0.0,"metro_walk_mean_m":null,"metro_known_weight":0.0,"position_status":"fallback_unverified","classification":"zero_residential_proxy","residential_gap":false},"geometry":{"type":"Polygon","coordinates":[[[121.78796917940818,25.060858891971645],[121.78798361472931,25.063115754410518],[121.79046136477903,25.063102584519296],[121.79044688407872,25.06084572342695],[121.78796917940818,25.060858891971645]]]}},{"type":"Feature","properties":{"cell_id":"65000:250:11091:1319","county_id":"65000","city":"NewTaipei","district":"平溪區","population_estimate":0.0,"population_known_estimate":0.0,"population_data_fraction":1.0,"population_method":"residential_support","population_period":"2024-12","population_density_per_km2":0.0,"bus_walk_mean_m":null,"bus_walk_p90_m":null,"bus_known_weight":0.0,"metro_walk_mean_m":null,"metro_known_weight":0.0,"position_status":"fallback_unverified","classification":"zero_residential_proxy","residential_gap":false},"geometry":{"type":"Polygon","coordinates":[[[121.79044688407872,25.06084572342695],[121.79046136477903,25.063102584519296],[121.79293911307842,25.063089373290527],[121.79292458699906,25.060832513548927],[121.79044688407872,25.06084572342695]]]}},{"type":"Feature","properties":{"cell_id":"65000:250:11091:1320","county_id":"65000","city":"NewTaipei","district":"平溪區","population_estimate":0.0,"population_known_estimate":0.0,"population_data_fraction":1.0,"population_method":"residential_support","population_period":"2024-12","population_density_per_km2":0.0,"bus_walk_mean_m":null,"bus_walk_p90_m":null,"bus_known_weight":0.0,"metro_walk_mean_m":null,"metro_known_weight":0.0,"position_status":"fallback_unverified","classification":"zero_residential_proxy","residential_gap":false},"geometry":{"type":"Polygon","coordinates":[[[121.79292458699906,25.060832513548927],[121.79293911307842,25.063089373290527],[121.79541685962195,25.063076120724315],[121.79540228816369,25.06081926233769],[121.79292458699906,25.060832513548927]]]}},{"type":"Feature","properties":{"cell_id":"65000:250:11091:1321","county_id":"65000","city":"NewTaipei","district":"平溪區","population_estimate":0.0,"population_known_estimate":0.0,"population_data_fraction":1.0,"population_method":"residential_support","population_period":"2024-12","population_density_per_km2":0.0,"bus_walk_mean_m":1307.2395838450382,"bus_walk_p90_m":1307.2395838450382,"bus_known_weight":1.0,"metro_walk_mean_m":24378.515699214626,"metro_known_weight":1.0,"position_status":"fallback_unverified","classification":"zero_residential_proxy","residential_gap":false},"geometry":{"type":"Polygon","coordinates":[[[121.79540228816369,25.06081926233769],[121.79541685962195,25.063076120724315],[121.79789460440419,25.063062826820776],[121.79787998756716,25.06080596979336],[121.79540228816369,25.06081926233769]]]}},{"type":"Feature","properties":{"cell_id":"65000:250:11091:1322","county_id":"65000","city":"NewTaipei","district":"平溪區","population_estimate":0.00331936038971475,"population_known_estimate":0.00331936038971475,"population_data_fraction":1.0,"population_method":"uniform_proxy","population_period":"2024-12","population_density_per_km2":0.053109766235436,"bus_walk_mean_m":1491.0410136585456,"bus_walk_p90_m":1491.0410136585456,"bus_known_weight":1.0,"metro_walk_mean_m":24562.31712902813,"metro_known_weight":1.0,"position_status":"fallback_unverified","classification":"residential_coverage_candidate","residential_gap":true},"geometry":{"type":"Polygon","coordinates":[[[121.79787998756716,25.06080596979336],[121.79789460440419,25.063062826820776],[121.8003723474196,25.06304949158003],[121.80035768520393,25.060792635916037],[121.79787998756716,25.06080596979336]]]}},{"type":"Feature","properties":{"cell_id":"65000:250:11091:1323","county_id":"65000","city":"NewTaipei","district":"平溪區","population_estimate":0.12422315865822839,"population_known_estimate":0.12422315865822839,"population_data_fraction":1.0,"population_method":"uniform_proxy","population_period":"2024-12","population_density_per_km2":1.9875705385316542,"bus_walk_mean_m":1799.585458232798,"bus_walk_p90_m":1799.585458232798,"bus_known_weight":1.0,"metro_walk_mean_m":24870.861573602386,"metro_known_weight":1.0,"position_status":"fallback_unverified","classification":"residential_coverage_candidate","residential_gap":true},"geometry":{"type":"Polygon","coordinates":[[[121.80035768520393,25.060792635916037],[121.8003723474196,25.06304949158003],[121.80285008866272,25.06303611500219],[121.80283538106859,25.060779260705846],[121.80035768520393,25.060792635916037]]]}},{"type":"Feature","properties":{"cell_id":"65000:250:11091:1324","county_id":"65000","city":"NewTaipei","district":"平溪區","population_estimate":0.14094221289909187,"population_known_estimate":0.14094221289909187,"population_data_fraction":1.0,"population_method":"uniform_proxy","population_period":"2024-12","population_density_per_km2":2.25507540638547,"bus_walk_mean_m":2393.541575779567,"bus_walk_p90_m":2393.541575779567,"bus_known_weight":1.0,"metro_walk_mean_m":25464.81769114915,"metro_known_weight":1.0,"position_status":"fallback_unverified","classification":"residential_coverage_candidate","residential_gap":true},"geometry":{"type":"Polygon","coordinates":[[[121.80283538106859,25.060779260705846],[121.80285008866272,25.06303611500219],[121.80532782812807,25.063022697087376],[121.80531307515561,25.060765844162912],[121.80283538106859,25.060779260705846]]]}},{"type":"Feature","properties":{"cell_id":"65000:250:11092:1310","county_id":"65000","city":"NewTaipei","district":"平溪區","population_estimate":null,"population_known_estimate":0.0,"population_data_fraction":0.7168724827655589,"population_method":"unknown","population_period":"2024-12","population_density_per_km2":null,"bus_walk_mean_m":2920.601704441804,"bus_walk_p90_m":2920.601704441804,"bus_known_weight":1.0,"metro_walk_mean_m":18893.852821225624,"metro_known_weight":1.0,"position_status":"fallback_unverified","classification":"within_walk_threshold","residential_gap":false},"geometry":{"type":"Polygon","coordinates":[[[121.77063931583203,25.063206786187973],[121.76950367807986,25.063212675926927],[121.7695107104474,25.06321729514418],[121.76967790431068,25.06333610907793],[121.7698439362536,25.063427375876174],[121.77000757868974,25.063485353365312],[121.77010584850758,25.063497183949657],[121.77022434587728,25.06349301918901],[121.77035678004206,25.063469392199917],[121.77042608629014,25.063475387981658],[121.77052825377761,25.063456241412016],[121.77064080148193,25.06344426861249],[121.77063931583203,25.063206786187973]]]}},{"type":"Feature","properties":{"cell_id":"65000:250:11092:1311","county_id":"65000","city":"NewTaipei","district":"平溪區","population_estimate":null,"population_known_estimate":0.0,"population_data_fraction":0.9407032668940193,"population_method":"unknown","population_period":"2024-12","population_density_per_km2":null,"bus_walk_mean_m":2628.2684762505814,"bus_walk_p90_m":2628.2684762505814,"bus_known_weight":1.0,"metro_walk_mean_m":19211.165233674506,"metro_known_weight":1.0,"position_status":"fallback_unverified","classification":"within_walk_threshold","residential_gap":false},"geometry":{"type":"MultiPolygon","coordinates":[[[[121.7731312427357,25.065450775398666],[121.77311707798066,25.06319390566281],[121.77172168757318,25.063201164617418],[121.77172787563745,25.063205796412817],[121.7717930531058,25.063303581499433],[121.771838137916,25.06338065159393],[121.7718908354935,25.063445105104595],[121.77196119305438,25.063506183459694],[121.7720426824222,25.06362354319055],[121.77215541244169,25.06381331632719],[121.77219164792588,25.063898378704998],[121.77223146810877,25.06403624118061],[121.77228766314256,25.06417645807364],[121.77232752918731,25.064301709359107],[121.77236589157016,25.064492357537237],[121.77238698787268,25.06458079956634],[121.77241804505411,25.06470256866783],[121.77242409210268,25.064770300207574],[121.77243999481269,25.064900045400613],[121.77245596766566,25.065010282495415],[121.77250439436155,25.06520554240481],[121.7725431902153,25.065280291352835],[121.77257824668916,25.06534469270329],[121.77261069782296,25.06542973619024],[121.7726220683496,25.065453425914576],[121.7731312427357,25.065450775398666]]],[[[121.77063931583203,25.063206786187973],[121.77064080148193,25.06344426861249],[121.77064299827772,25.06344403491697],[121.77087519513447,25.063371429944628],[121.77105305584932,25.063334186320947],[121.7712133159417,25.063285425084946],[121.77135217126316,25.06323084432968],[121.77139235229822,25.063202875938337],[121.77063931583203,25.063206786187973]]]]}},{"type":"Feature","properties":{"cell_id":"65000:250:11092:1312","county_id":"65000","city":"NewTaipei","district":"平溪區","population_estimate":0.0,"population_known_estimate":0.0,"population_data_fraction":1.0,"population_method":"residential_support","population_period":"2024-12","population_density_per_km2":0.0,"bus_walk_mean_m":null,"bus_walk_p90_m":null,"bus_known_weight":0.0,"metro_walk_mean_m":null,"metro_known_weight":0.0,"position_status":"fallback_unverified","classification":"zero_residential_proxy","residential_gap":false},"geometry":{"type":"Polygon","coordinates":[[[121.77311707798066,25.06319390566281],[121.7731312427357,25.065450775398666],[121.77560904855785,25.065437852213947],[121.7755948384173,25.06318098379931],[121.77311707798066,25.06319390566281]]]}},{"type":"Feature","properties":{"cell_id":"65000:250:11092:1313","county_id":"65000","city":"NewTaipei","district":"平溪區","population_estimate":0.0,"population_known_estimate":0.0,"population_data_fraction":1.0,"population_method":"residential_support","population_period":"2024-12","population_density_per_km2":0.0,"bus_walk_mean_m":null,"bus_walk_p90_m":null,"bus_known_weight":0.0,"metro_walk_mean_m":null,"metro_known_weight":0.0,"position_status":"fallback_unverified","classification":"zero_residential_proxy","residential_gap":false},"geometry":{"type":"Polygon","coordinates":[[[121.7755948384173,25.06318098379931],[121.77560904855785,25.065437852213947],[121.77808685266245,25.065424887686767],[121.77807259713654,25.063168020597562],[121.7755948384173,25.06318098379931]]]}},{"type":"Feature","properties":{"cell_id":"65000:250:11092:1314","county_id":"65000","city":"NewTaipei","district":"平溪區","population_estimate":0.0,"population_known_estimate":0.0,"population_data_fraction":1.0,"population_method":"residential_support","population_period":"2024-12","population_density_per_km2":0.0,"bus_walk_mean_m":null,"bus_walk_p90_m":null,"bus_known_weight":0.0,"metro_walk_mean_m":null,"metro_known_weight":0.0,"position_status":"fallback_unverified","classification":"zero_residential_proxy","residential_gap":false},"geometry":{"type":"Polygon","coordinates":[[[121.77807259713654,25.063168020597562],[121.77808685266245,25.065424887686767],[121.78056465504399,25.06541188181724],[121.78055035413283,25.063155016057706],[121.77807259713654,25.063168020597562]]]}},{"type":"Feature","properties":{"cell_id":"65000:250:11092:1315","county_id":"65000","city":"NewTaipei","district":"平溪區","population_estimate":0.0,"population_known_estimate":0.0,"population_data_fraction":1.0,"population_method":"residential_support","population_period":"2024-12","population_density_per_km2":0.0,"bus_walk_mean_m":null,"bus_walk_p90_m":null,"bus_known_weight":0.0,"metro_walk_mean_m":null,"metro_known_weight":0.0,"position_status":"fallback_unverified","classification":"zero_residential_proxy","residential_gap":false},"geometry":{"type":"Polygon","coordinates":[[[121.78055035413283,25.063155016057706],[121.78056465504399,25.06541188181724],[121.78304245569694,25.065398834605478],[121.78302810940072,25.063141970179828],[121.78055035413283,25.063155016057706]]]}},{"type":"Feature","properties":{"cell_id":"65000:250:11092:1316","county_id":"65000","city":"NewTaipei","district":"平溪區","population_estimate":0.0,"population_known_estimate":0.0,"population_data_fraction":1.0,"population_method":"residential_support","population_period":"2024-12","population_density_per_km2":0.0,"bus_walk_mean_m":null,"bus_walk_p90_m":null,"bus_known_weight":0.0,"metro_walk_mean_m":null,"metro_known_weight":0.0,"position_status":"fallback_unverified","classification":"zero_residential_proxy","residential_gap":false},"geometry":{"type":"Polygon","coordinates":[[[121.78302810940072,25.063141970179828],[121.78304245569694,25.065398834605478],[121.78552025461588,25.06538574605159],[121.78550586293471,25.06312888296407],[121.78302810940072,25.063141970179828]]]}},{"type":"Feature","properties":{"cell_id":"65000:250:11092:1317","county_id":"65000","city":"NewTaipei","district":"平溪區","population_estimate":0.0,"population_known_estimate":0.0,"population_data_fraction":1.0,"population_method":"residential_support","population_period":"2024-12","population_density_per_km2":0.0,"bus_walk_mean_m":1162.9474789622523,"bus_walk_p90_m":1162.9474789622523,"bus_known_weight":1.0,"metro_walk_mean_m":22528.793448890607,"metro_known_weight":1.0,"position_status":"fallback_unverified","classification":"zero_residential_proxy","residential_gap":false},"geometry":{"type":"Polygon","coordinates":[[[121.78550586293471,25.06312888296407],[121.78552025461588,25.06538574605159],[121.78799805179528,25.0653726161557],[121.78798361472931,25.063115754410518],[121.78550586293471,25.06312888296407]]]}},{"type":"Feature","properties":{"cell_id":"65000:250:11092:1318","county_id":"65000","city":"NewTaipei","district":"平溪區","population_estimate":0.0,"population_known_estimate":0.0,"population_data_fraction":1.0,"population_method":"residential_support","population_period":"2024-12","population_density_per_km2":0.0,"bus_walk_mean_m":null,"bus_walk_p90_m":null,"bus_known_weight":0.0,"metro_walk_mean_m":null,"metro_known_weight":0.0,"position_status":"fallback_unverified","classification":"zero_residential_proxy","residential_gap":false},"geometry":{"type":"Polygon","coordinates":[[[121.78798361472931,25.063115754410518],[121.78799805179528,25.0653726161557],[121.7904758472297,25.065359444917913],[121.79046136477903,25.063102584519296],[121.78798361472931,25.063115754410518]]]}},{"type":"Feature","properties":{"cell_id":"65000:250:11092:1319","county_id":"65000","city":"NewTaipei","district":"平溪區","population_estimate":0.0,"population_known_estimate":0.0,"population_data_fraction":1.0,"population_method":"residential_support","population_period":"2024-12","population_density_per_km2":0.0,"bus_walk_mean_m":null,"bus_walk_p90_m":null,"bus_known_weight":0.0,"metro_walk_mean_m":null,"metro_known_weight":0.0,"position_status":"fallback_unverified","classification":"zero_residential_proxy","residential_gap":false},"geometry":{"type":"Polygon","coordinates":[[[121.79046136477903,25.063102584519296],[121.7904758472297,25.065359444917913],[121.79295364091361,25.065346232338342],[121.79293911307842,25.063089373290527],[121.79046136477903,25.063102584519296]]]}},{"type":"Feature","properties":{"cell_id":"65000:250:11092:1320","county_id":"65000","city":"NewTaipei","district":"平溪區","population_estimate":0.0,"population_known_estimate":0.0,"population_data_fraction":1.0,"population_method":"residential_support","population_period":"2024-12","population_density_per_km2":0.0,"bus_walk_mean_m":null,"bus_walk_p90_m":null,"bus_known_weight":0.0,"metro_walk_mean_m":null,"metro_known_weight":0.0,"position_status":"fallback_unverified","classification":"zero_residential_proxy","residential_gap":false},"geometry":{"type":"Polygon","coordinates":[[[121.79293911307842,25.063089373290527],[121.79295364091361,25.065346232338342],[121.79543143284154,25.065332978417104],[121.79541685962195,25.063076120724315],[121.79293911307842,25.063089373290527]]]}},{"type":"Feature","properties":{"cell_id":"65000:250:11092:1321","county_id":"65000","city":"NewTaipei","district":"平溪區","population_estimate":0.0,"population_known_estimate":0.0,"population_data_fraction":1.0,"population_method":"residential_support","population_period":"2024-12","population_density_per_km2":0.0,"bus_walk_mean_m":null,"bus_walk_p90_m":null,"bus_known_weight":0.0,"metro_walk_mean_m":null,"metro_known_weight":0.0,"position_status":"fallback_unverified","classification":"zero_residential_proxy","residential_gap":false},"geometry":{"type":"Polygon","coordinates":[[[121.79541685962195,25.063076120724315],[121.79543143284154,25.065332978417104],[121.797909223008,25.06531968315432],[121.79789460440419,25.063062826820776],[121.79541685962195,25.063076120724315]]]}},{"type":"Feature","properties":{"cell_id":"65000:250:11092:1322","county_id":"65000","city":"NewTaipei","district":"平溪區","population_estimate":0.09363741101514339,"population_known_estimate":0.09363741101514339,"population_data_fraction":1.0,"population_method":"uniform_proxy","population_period":"2024-12","population_density_per_km2":1.4981985762422942,"bus_walk_mean_m":1834.9724090135167,"bus_walk_p90_m":1834.9724090135167,"bus_known_weight":1.0,"metro_walk_mean_m":24906.248524383107,"metro_known_weight":1.0,"position_status":"fallback_unverified","classification":"residential_coverage_candidate","residential_gap":true},"geometry":{"type":"Polygon","coordinates":[[[121.79789460440419,25.063062826820776],[121.797909223008,25.06531968315432],[121.80038701140754,25.065306346550095],[121.8003723474196,25.06304949158003],[121.79789460440419,25.063062826820776]]]}},{"type":"Feature","properties":{"cell_id":"65000:250:11092:1323","county_id":"65000","city":"NewTaipei","district":"平溪區","population_estimate":0.18454570864716693,"population_known_estimate":0.18454570864716693,"population_data_fraction":1.0,"population_method":"uniform_proxy","population_period":"2024-12","population_density_per_km2":2.952731338354671,"bus_walk_mean_m":2272.7311200825625,"bus_walk_p90_m":2272.7311200825625,"bus_known_weight":1.0,"metro_walk_mean_m":25640.532028791782,"metro_known_weight":1.0,"position_status":"fallback_unverified","classification":"residential_coverage_candidate","residential_gap":true},"geometry":{"type":"Polygon","coordinates":[[[121.8003723474196,25.06304949158003],[121.80038701140754,25.065306346550095],[121.8028647980346,25.065292968604552],[121.80285008866272,25.06303611500219],[121.8003723474196,25.06304949158003]]]}},{"type":"Feature","properties":{"cell_id":"65000:250:11092:1324","county_id":"65000","city":"NewTaipei","district":"平溪區","population_estimate":0.1539474257150857,"population_known_estimate":0.1539474257150857,"population_data_fraction":1.0,"population_method":"uniform_proxy","population_period":"2024-12","population_density_per_km2":2.4631588114413714,"bus_walk_mean_m":2604.6522558203164,"bus_walk_p90_m":2604.6522558203164,"bus_known_weight":1.0,"metro_walk_mean_m":25675.9283711899,"metro_known_weight":1.0,"position_status":"fallback_unverified","classification":"residential_coverage_candidate","residential_gap":true},"geometry":{"type":"Polygon","coordinates":[[[121.80285008866272,25.06303611500219],[121.8028647980346,25.065292968604552],[121.80534258288381,25.065279549317804],[121.80532782812807,25.063022697087376],[121.80285008866272,25.06303611500219]]]}},{"type":"Feature","properties":{"cell_id":"65000:250:11093:1311","county_id":"65000","city":"NewTaipei","district":"平溪區","population_estimate":null,"population_known_estimate":0.0,"population_data_fraction":0.96485243324425,"population_method":"unknown","population_period":"2024-12","population_density_per_km2":null,"bus_walk_mean_m":2347.311160355903,"bus_walk_p90_m":2347.311160355903,"bus_known_weight":1.0,"metro_walk_mean_m":19483.887697619237,"metro_known_weight":1.0,"position_status":"fallback_unverified","classification":"within_walk_threshold","residential_gap":false},"geometry":{"type":"Polygon","coordinates":[[[121.7731312427357,25.065450775398666],[121.7726220683496,25.065453425914576],[121.7726482202347,25.065507911561536],[121.77270578314318,25.065619437384644],[121.7727596705238,25.065703433169702],[121.77280344682102,25.065794250306244],[121.77282963058143,25.065871228670993],[121.7728579556257,25.066049227886303],[121.77288506569481,25.066215737369117],[121.77290590927775,25.06637190103872],[121.77296944368268,25.066572971463216],[121.77299316509826,25.066633883449924],[121.77301184851953,25.066693622711682],[121.77305417240754,25.06683608611999],[121.77313328847174,25.066915561000812],[121.77314046829392,25.06692053609997],[121.7731312427357,25.065450775398666]]]}},{"type":"Feature","properties":{"cell_id":"65000:250:11093:1312","county_id":"65000","city":"NewTaipei","district":"平溪區","population_estimate":0.0,"population_known_estimate":0.0,"population_data_fraction":1.0,"population_method":"residential_support","population_period":"2024-12","population_density_per_km2":0.0,"bus_walk_mean_m":null,"bus_walk_p90_m":null,"bus_known_weight":0.0,"metro_walk_mean_m":null,"metro_known_weight":0.0,"position_status":"fallback_unverified","classification":"zero_residential_proxy","residential_gap":false},"geometry":{"type":"Polygon","coordinates":[[[121.77562326041601,25.067694719935087],[121.77560904855785,25.065437852213947],[121.7731312427357,25.065450775398666],[121.77314046829392,25.06692053609997],[121.77325649558658,25.067000934543014],[121.77336086191761,25.06706902041488],[121.77340225950795,25.067121969803775],[121.77342983542009,25.067163379089067],[121.77347871087188,25.067239302548295],[121.77351498952464,25.067312886884558],[121.773635175827,25.067532529203056],[121.77371904929889,25.067687758486052],[121.77373534189186,25.067704571095],[121.77562326041601,25.067694719935087]]]}},{"type":"Feature","properties":{"cell_id":"65000:250:11093:1313","county_id":"65000","city":"NewTaipei","district":"平溪區","population_estimate":0.0,"population_known_estimate":0.0,"population_data_fraction":1.0,"population_method":"residential_support","population_period":"2024-12","population_density_per_km2":0.0,"bus_walk_mean_m":null,"bus_walk_p90_m":null,"bus_known_weight":0.0,"metro_walk_mean_m":null,"metro_known_weight":0.0,"position_status":"fallback_unverified","classification":"zero_residential_proxy","residential_gap":false},"geometry":{"type":"Polygon","coordinates":[[[121.77560904855785,25.065437852213947],[121.77562326041601,25.067694719935087],[121.77810110991145,25.06768175408242],[121.77808685266245,25.065424887686767],[121.77560904855785,25.065437852213947]]]}},{"type":"Feature","properties":{"cell_id":"65000:250:11093:1314","county_id":"65000","city":"NewTaipei","district":"平溪區","population_estimate":0.0,"population_known_estimate":0.0,"population_data_fraction":1.0,"population_method":"residential_support","population_period":"2024-12","population_density_per_km2":0.0,"bus_walk_mean_m":null,"bus_walk_p90_m":null,"bus_known_weight":0.0,"metro_walk_mean_m":null,"metro_known_weight":0.0,"position_status":"fallback_unverified","classification":"zero_residential_proxy","residential_gap":false},"geometry":{"type":"Polygon","coordinates":[[[121.77808685266245,25.065424887686767],[121.77810110991145,25.06768175408242],[121.78057895768367,25.06766874688318],[121.78056465504399,25.06541188181724],[121.77808685266245,25.065424887686767]]]}},{"type":"Feature","properties":{"cell_id":"65000:250:11093:1315","county_id":"65000","city":"NewTaipei","district":"平溪區","population_estimate":0.0,"population_known_estimate":0.0,"population_data_fraction":1.0,"population_method":"residential_support","population_period":"2024-12","population_density_per_km2":0.0,"bus_walk_mean_m":null,"bus_walk_p90_m":null,"bus_known_weight":0.0,"metro_walk_mean_m":null,"metro_known_weight":0.0,"position_status":"fallback_unverified","classification":"zero_residential_proxy","residential_gap":false},"geometry":{"type":"Polygon","coordinates":[[[121.78056465504399,25.06541188181724],[121.78057895768367,25.06766874688318],[121.78305680372722,25.067655698337482],[121.78304245569694,25.065398834605478],[121.78056465504399,25.06541188181724]]]}},{"type":"Feature","properties":{"cell_id":"65000:250:11093:1316","county_id":"65000","city":"NewTaipei","district":"平溪區","population_estimate":0.0,"population_known_estimate":0.0,"population_data_fraction":1.0,"population_method":"residential_support","population_period":"2024-12","population_density_per_km2":0.0,"bus_walk_mean_m":null,"bus_walk_p90_m":null,"bus_known_weight":0.0,"metro_walk_mean_m":null,"metro_known_weight":0.0,"position_status":"fallback_unverified","classification":"zero_residential_proxy","residential_gap":false},"geometry":{"type":"Polygon","coordinates":[[[121.78304245569694,25.065398834605478],[121.78305680372722,25.067655698337482],[121.7855346480366,25.067642608445425],[121.78552025461588,25.06538574605159],[121.78304245569694,25.065398834605478]]]}},{"type":"Feature","properties":{"cell_id":"65000:250:11093:1317","county_id":"65000","city":"NewTaipei","district":"平溪區","population_estimate":0.0,"population_known_estimate":0.0,"population_data_fraction":1.0,"population_method":"residential_support","population_period":"2024-12","population_density_per_km2":0.0,"bus_walk_mean_m":null,"bus_walk_p90_m":null,"bus_known_weight":0.0,"metro_walk_mean_m":null,"metro_known_weight":0.0,"position_status":"fallback_unverified","classification":"zero_residential_proxy","residential_gap":false},"geometry":{"type":"Polygon","coordinates":[[[121.78552025461588,25.06538574605159],[121.7855346480366,25.067642608445425],[121.78801249060629,25.06762947720714],[121.78799805179528,25.0653726161557],[121.78552025461588,25.06538574605159]]]}},{"type":"Feature","properties":{"cell_id":"65000:250:11093:1318","county_id":"65000","city":"NewTaipei","district":"平溪區","population_estimate":0.0,"population_known_estimate":0.0,"population_data_fraction":0.9999999999999998,"population_method":"residential_support","population_period":"2024-12","population_density_per_km2":0.0,"bus_walk_mean_m":690.6931553805094,"bus_walk_p90_m":690.6931553805094,"bus_known_weight":1.0,"metro_walk_mean_m":22056.53912530886,"metro_known_weight":1.0,"position_status":"fallback_unverified","classification":"zero_residential_proxy","residential_gap":false},"geometry":{"type":"Polygon","coordinates":[[[121.78799805179528,25.0653726161557],[121.78801249060629,25.06762947720714],[121.79049033143086,25.067616304622728],[121.7904758472297,25.065359444917913],[121.78799805179528,25.0653726161557]]]}},{"type":"Feature","properties":{"cell_id":"65000:250:11093:1319","county_id":"65000","city":"NewTaipei","district":"平溪區","population_estimate":0.0,"population_known_estimate":0.0,"population_data_fraction":1.0,"population_method":"residential_support","population_period":"2024-12","population_density_per_km2":0.0,"bus_walk_mean_m":null,"bus_walk_p90_m":null,"bus_known_weight":0.0,"metro_walk_mean_m":null,"metro_known_weight":0.0,"position_status":"fallback_unverified","classification":"zero_residential_proxy","residential_gap":false},"geometry":{"type":"Polygon","coordinates":[[[121.7904758472297,25.065359444917913],[121.79049033143086,25.067616304622728],[121.79296817050476,25.067603090692316],[121.79295364091361,25.065346232338342],[121.7904758472297,25.065359444917913]]]}},{"type":"Feature","properties":{"cell_id":"65000:250:11093:1320","county_id":"65000","city":"NewTaipei","district":"平溪區","population_estimate":0.0,"population_known_estimate":0.0,"population_data_fraction":1.0,"population_method":"residential_support","population_period":"2024-12","population_density_per_km2":0.0,"bus_walk_mean_m":null,"bus_walk_p90_m":null,"bus_known_weight":0.0,"metro_walk_mean_m":null,"metro_known_weight":0.0,"position_status":"fallback_unverified","classification":"zero_residential_proxy","residential_gap":false},"geometry":{"type":"Polygon","coordinates":[[[121.79295364091361,25.065346232338342],[121.79296817050476,25.067603090692316],[121.79544600782258,25.06758983541601],[121.79543143284154,25.065332978417104],[121.79295364091361,25.065346232338342]]]}},{"type":"Feature","properties":{"cell_id":"65000:250:11093:1321","county_id":"65000","city":"NewTaipei","district":"平溪區","population_estimate":0.003330923749542416,"population_known_estimate":0.003330923749542416,"population_data_fraction":1.0,"population_method":"uniform_proxy","population_period":"2024-12","population_density_per_km2":0.053294779992678655,"bus_walk_mean_m":null,"bus_walk_p90_m":null,"bus_known_weight":0.0,"metro_walk_mean_m":null,"metro_known_weight":0.0,"position_status":"fallback_unverified","classification":"unresolved_walk_evidence","residential_gap":false},"geometry":{"type":"Polygon","coordinates":[[[121.79543143284154,25.065332978417104],[121.79544600782258,25.06758983541601],[121.7979238433788,25.067576538793926],[121.797909223008,25.06531968315432],[121.79543143284154,25.065332978417104]]]}},{"type":"Feature","properties":{"cell_id":"65000:250:11093:1322","county_id":"65000","city":"NewTaipei","district":"平溪區","population_estimate":0.11904112547792989,"population_known_estimate":0.11904112547792989,"population_data_fraction":1.0,"population_method":"uniform_proxy","population_period":"2024-12","population_density_per_km2":1.9046580076468782,"bus_walk_mean_m":2048.3127209643503,"bus_walk_p90_m":2048.3127209643503,"bus_known_weight":1.0,"metro_walk_mean_m":25410.404651870496,"metro_known_weight":1.0,"position_status":"fallback_unverified","classification":"residential_coverage_candidate","residential_gap":true},"geometry":{"type":"Polygon","coordinates":[[[121.797909223008,25.06531968315432],[121.7979238433788,25.067576538793926],[121.8004016771679,25.067563200826175],[121.80038701140754,25.065306346550095],[121.797909223008,25.06531968315432]]]}},{"type":"Feature","properties":{"cell_id":"65000:250:11093:1323","county_id":"65000","city":"NewTaipei","district":"平溪區","population_estimate":0.18339766580925876,"population_known_estimate":0.18339766580925876,"population_data_fraction":1.0,"population_method":"uniform_proxy","population_period":"2024-12","population_density_per_km2":2.93436265294814,"bus_walk_mean_m":null,"bus_walk_p90_m":null,"bus_known_weight":0.0,"metro_walk_mean_m":null,"metro_known_weight":0.0,"position_status":"fallback_unverified","classification":"unresolved_walk_evidence","residential_gap":false},"geometry":{"type":"Polygon","coordinates":[[[121.80038701140754,25.065306346550095],[121.8004016771679,25.067563200826175],[121.80287950918444,25.06754982151288],[121.8028647980346,25.065292968604552],[121.80038701140754,25.065306346550095]]]}},{"type":"Feature","properties":{"cell_id":"65000:250:11093:1324","county_id":"65000","city":"NewTaipei","district":"平溪區","population_estimate":0.1718838142172887,"population_known_estimate":0.1718838142172887,"population_data_fraction":1.0,"population_method":"uniform_proxy","population_period":"2024-12","population_density_per_km2":2.7501410274766194,"bus_walk_mean_m":2941.536909753986,"bus_walk_p90_m":2941.536909753986,"bus_known_weight":1.0,"metro_walk_mean_m":26161.82673661704,"metro_known_weight":1.0,"position_status":"fallback_unverified","classification":"residential_coverage_candidate","residential_gap":true},"geometry":{"type":"Polygon","coordinates":[[[121.8028647980346,25.065292968604552],[121.80287950918444,25.06754982151288],[121.80535733942291,25.067536400854152],[121.80534258288381,25.065279549317804],[121.8028647980346,25.065292968604552]]]}},{"type":"Feature","properties":{"cell_id":"65000:250:11094:1312","county_id":"65000","city":"NewTaipei","district":"平溪區","population_estimate":null,"population_known_estimate":0.0,"population_data_fraction":0.9653104276843122,"population_method":"unknown","population_period":"2024-12","population_density_per_km2":null,"bus_walk_mean_m":1986.247163403146,"bus_walk_p90_m":1986.247163403146,"bus_known_weight":1.0,"metro_walk_mean_m":19899.52081788701,"metro_known_weight":1.0,"position_status":"fallback_unverified","classification":"within_walk_threshold","residential_gap":false},"geometry":{"type":"Polygon","coordinates":[[[121.77562326041601,25.067694719935087],[121.77373534189186,25.067704571095],[121.77377932006043,25.06774995289637],[121.7738585332407,25.067803028187626],[121.7739982159461,25.06786551218332],[121.77411761533169,25.067958896888907],[121.77422567607631,25.068049945152215],[121.77431102892997,25.068146658240398],[121.77441908966999,25.06823887202925],[121.77450567280272,25.068343620560462],[121.77455836677181,25.068410377236862],[121.77460971087177,25.068500079218957],[121.77468732235728,25.068644968092865],[121.77473494865458,25.068718582996308],[121.77478003167123,25.06879793827137],[121.77482256690872,25.0688841571783],[121.77489771695825,25.069014123606415],[121.77495911007469,25.069113037336418],[121.7750356351823,25.069210860190108],[121.77512852436602,25.069315637511075],[121.77523018822596,25.069433064685494],[121.77533438907578,25.069547054655846],[121.7754298682901,25.06963232927163],[121.77550526385728,25.069695717086482],[121.77559184249164,25.069802756188302],[121.7756205587452,25.06987631804064],[121.77563715250155,25.06990054295335],[121.77562326041601,25.067694719935087]]]}},{"type":"Feature","properties":{"cell_id":"65000:250:11094:1313","county_id":"65000","city":"NewTaipei","district":"平溪區","population_estimate":null,"population_known_estimate":0.0,"population_data_fraction":0.9999427218039414,"population_method":"unknown","population_period":"2024-12","population_density_per_km2":null,"bus_walk_mean_m":null,"bus_walk_p90_m":null,"bus_known_weight":0.0,"metro_walk_mean_m":null,"metro_known_weight":0.0,"position_status":"fallback_unverified","classification":"unresolved_walk_evidence","residential_gap":false},"geometry":{"type":"Polygon","coordinates":[[[121.77811536888365,25.069938619784484],[121.77810110991145,25.06768175408242],[121.77562326041601,25.067694719935087],[121.77563715250155,25.06990054295335],[121.77567199347813,25.06995140660136],[121.77811536888365,25.069938619784484]]]}},{"type":"Feature","properties":{"cell_id":"65000:250:11094:1314","county_id":"65000","city":"NewTaipei","district":"平溪區","population_estimate":0.0,"population_known_estimate":0.0,"population_data_fraction":1.0,"population_method":"residential_support","population_period":"2024-12","population_density_per_km2":0.0,"bus_walk_mean_m":null,"bus_walk_p90_m":null,"bus_known_weight":0.0,"metro_walk_mean_m":null,"metro_known_weight":0.0,"position_status":"fallback_unverified","classification":"zero_residential_proxy","residential_gap":false},"geometry":{"type":"Polygon","coordinates":[[[121.77810110991145,25.06768175408242],[121.77811536888365,25.069938619784484],[121.78059326205207,25.069925611255485],[121.78057895768367,25.06766874688318],[121.77810110991145,25.06768175408242]]]}},{"type":"Feature","properties":{"cell_id":"65000:250:11094:1315","county_id":"65000","city":"NewTaipei","district":"平溪區","population_estimate":0.0,"population_known_estimate":0.0,"population_data_fraction":1.0,"population_method":"residential_support","population_period":"2024-12","population_density_per_km2":0.0,"bus_walk_mean_m":null,"bus_walk_p90_m":null,"bus_known_weight":0.0,"metro_walk_mean_m":null,"metro_known_weight":0.0,"position_status":"fallback_unverified","classification":"zero_residential_proxy","residential_gap":false},"geometry":{"type":"Polygon","coordinates":[[[121.78057895768367,25.06766874688318],[121.78059326205207,25.069925611255485],[121.78307115349168,25.069912561375794],[121.78305680372722,25.067655698337482],[121.78057895768367,25.06766874688318]]]}},{"type":"Feature","properties":{"cell_id":"65000:250:11094:1316","county_id":"65000","city":"NewTaipei","district":"平溪區","population_estimate":0.0,"population_known_estimate":0.0,"population_data_fraction":1.0,"population_method":"residential_support","population_period":"2024-12","population_density_per_km2":0.0,"bus_walk_mean_m":686.4380813995157,"bus_walk_p90_m":686.4380813995157,"bus_known_weight":1.0,"metro_walk_mean_m":21136.37528676236,"metro_known_weight":1.0,"position_status":"fallback_unverified","classification":"zero_residential_proxy","residential_gap":false},"geometry":{"type":"Polygon","coordinates":[[[121.78305680372722,25.067655698337482],[121.78307115349168,25.069912561375794],[121.78554904319697,25.069899470145526],[121.7855346480366,25.067642608445425],[121.78305680372722,25.067655698337482]]]}},{"type":"Feature","properties":{"cell_id":"65000:250:11094:1317","county_id":"65000","city":"NewTaipei","district":"平溪區","population_estimate":0.0,"population_known_estimate":0.0,"population_data_fraction":1.0,"population_method":"residential_support","population_period":"2024-12","population_density_per_km2":0.0,"bus_walk_mean_m":629.005555351939,"bus_walk_p90_m":629.005555351939,"bus_known_weight":1.0,"metro_walk_mean_m":21508.580202830657,"metro_known_weight":1.0,"position_status":"fallback_unverified","classification":"zero_residential_proxy","residential_gap":false},"geometry":{"type":"Polygon","coordinates":[[[121.7855346480366,25.067642608445425],[121.78554904319697,25.069899470145526],[121.78802693116243,25.069886337564803],[121.78801249060629,25.06762947720714],[121.7855346480366,25.067642608445425]]]}},{"type":"Feature","properties":{"cell_id":"65000:250:11094:1318","county_id":"65000","city":"NewTaipei","district":"平溪區","population_estimate":0.0,"population_known_estimate":0.0,"population_data_fraction":0.9999999999999999,"population_method":"residential_support","population_period":"2024-12","population_density_per_km2":0.0,"bus_walk_mean_m":382.7208485537685,"bus_walk_p90_m":382.7208485537685,"bus_known_weight":1.0,"metro_walk_mean_m":21748.56681848212,"metro_known_weight":1.0,"position_status":"fallback_unverified","classification":"zero_residential_proxy","residential_gap":false},"geometry":{"type":"Polygon","coordinates":[[[121.78801249060629,25.06762947720714],[121.78802693116243,25.069886337564803],[121.79050481738264,25.069873163633723],[121.79049033143086,25.067616304622728],[121.78801249060629,25.06762947720714]]]}},{"type":"Feature","properties":{"cell_id":"65000:250:11094:1319","county_id":"65000","city":"NewTaipei","district":"平溪區","population_estimate":0.0,"population_known_estimate":0.0,"population_data_fraction":1.0,"population_method":"residential_support","population_period":"2024-12","population_density_per_km2":0.0,"bus_walk_mean_m":null,"bus_walk_p90_m":null,"bus_known_weight":0.0,"metro_walk_mean_m":null,"metro_known_weight":0.0,"position_status":"fallback_unverified","classification":"zero_residential_proxy","residential_gap":false},"geometry":{"type":"Polygon","coordinates":[[[121.79049033143086,25.067616304622728],[121.79050481738264,25.069873163633723],[121.79298270185208,25.069859948352416],[121.79296817050476,25.067603090692316],[121.79049033143086,25.067616304622728]]]}},{"type":"Feature","properties":{"cell_id":"65000:250:11094:1320","county_id":"65000","city":"NewTaipei","district":"平溪區","population_estimate":0.0,"population_known_estimate":0.0,"population_data_fraction":1.0,"population_method":"residential_support","population_period":"2024-12","population_density_per_km2":0.0,"bus_walk_mean_m":null,"bus_walk_p90_m":null,"bus_known_weight":0.0,"metro_walk_mean_m":null,"metro_known_weight":0.0,"position_status":"fallback_unverified","classification":"zero_residential_proxy","residential_gap":false},"geometry":{"type":"Polygon","coordinates":[[[121.79296817050476,25.067603090692316],[121.79298270185208,25.069859948352416],[121.79546058456523,25.06984669172099],[121.79544600782258,25.06758983541601],[121.79296817050476,25.067603090692316]]]}},{"type":"Feature","properties":{"cell_id":"65000:250:11094:1321","county_id":"65000","city":"NewTaipei","district":"平溪區","population_estimate":0.0,"population_known_estimate":0.0,"population_data_fraction":1.0,"population_method":"residential_support","population_period":"2024-12","population_density_per_km2":0.0,"bus_walk_mean_m":null,"bus_walk_p90_m":null,"bus_known_weight":0.0,"metro_walk_mean_m":null,"metro_known_weight":0.0,"position_status":"fallback_unverified","classification":"zero_residential_proxy","residential_gap":false},"geometry":{"type":"Polygon","coordinates":[[[121.79544600782258,25.06758983541601],[121.79546058456523,25.06984669172099],[121.79793846551667,25.069833393739557],[121.7979238433788,25.067576538793926],[121.79544600782258,25.06758983541601]]]}},{"type":"Feature","properties":{"cell_id":"65000:250:11094:1322","county_id":"65000","city":"NewTaipei","district":"平溪區","population_estimate":0.04150190730976606,"population_known_estimate":0.04150190730976606,"population_data_fraction":1.0,"population_method":"uniform_proxy","population_period":"2024-12","population_density_per_km2":0.6640305169562569,"bus_walk_mean_m":1778.8504781548713,"bus_walk_p90_m":1778.8504781548713,"bus_known_weight":1.0,"metro_walk_mean_m":25146.65138686409,"metro_known_weight":1.0,"position_status":"fallback_unverified","classification":"residential_coverage_candidate","residential_gap":true},"geometry":{"type":"Polygon","coordinates":[[[121.7979238433788,25.067576538793926],[121.79793846551667,25.069833393739557],[121.80041634470085,25.06982005440823],[121.8004016771679,25.067563200826175],[121.7979238433788,25.067576538793926]]]}},{"type":"Feature","properties":{"cell_id":"65000:250:11094:1323","county_id":"65000","city":"NewTaipei","district":"平溪區","population_estimate":0.1705093709926197,"population_known_estimate":0.1705093709926197,"population_data_fraction":1.0,"population_method":"uniform_proxy","population_period":"2024-12","population_density_per_km2":2.7281499358819152,"bus_walk_mean_m":null,"bus_walk_p90_m":null,"bus_known_weight":0.0,"metro_walk_mean_m":null,"metro_known_weight":0.0,"position_status":"fallback_unverified","classification":"unresolved_walk_evidence","residential_gap":false},"geometry":{"type":"Polygon","coordinates":[[[121.8004016771679,25.067563200826175],[121.80041634470085,25.06982005440823],[121.80289422211233,25.069806673727136],[121.80287950918444,25.06754982151288],[121.8004016771679,25.067563200826175]]]}},{"type":"Feature","properties":{"cell_id":"65000:250:11095:1315","county_id":"65000","city":"NewTaipei","district":"平溪區","population_estimate":0.0032284352057578127,"population_known_estimate":0.0032284352057578127,"population_data_fraction":1.0,"population_method":"uniform_proxy","population_period":"2024-12","population_density_per_km2":0.051654963292125,"bus_walk_mean_m":1171.9132355548736,"bus_walk_p90_m":1171.9132355548736,"bus_known_weight":1.0,"metro_walk_mean_m":20742.944382077738,"metro_known_weight":1.0,"position_status":"fallback_unverified","classification":"residential_coverage_candidate","residential_gap":true},"geometry":{"type":"Polygon","coordinates":[[[121.78059326205207,25.069925611255485],[121.78060756814929,25.07218247493409],[121.78308550499042,25.072169423720364],[121.78307115349168,25.069912561375794],[121.78059326205207,25.069925611255485]]]}},{"type":"Feature","properties":{"cell_id":"65000:250:11095:1316","county_id":"65000","city":"NewTaipei","district":"平溪區","population_estimate":0.0,"population_known_estimate":0.0,"population_data_fraction":1.0,"population_method":"residential_support","population_period":"2024-12","population_density_per_km2":0.0,"bus_walk_mean_m":null,"bus_walk_p90_m":null,"bus_known_weight":0.0,"metro_walk_mean_m":null,"metro_known_weight":0.0,"position_status":"fallback_unverified","classification":"zero_residential_proxy","residential_gap":false},"geometry":{"type":"Polygon","coordinates":[[[121.78307115349168,25.069912561375794],[121.78308550499042,25.072169423720364],[121.78556344009714,25.07215633115184],[121.78554904319697,25.069899470145526],[121.78307115349168,25.069912561375794]]]}},{"type":"Feature","properties":{"cell_id":"65000:250:11095:1317","county_id":"65000","city":"NewTaipei","district":"平溪區","population_estimate":0.0,"population_known_estimate":0.0,"population_data_fraction":1.0,"population_method":"residential_support","population_period":"2024-12","population_density_per_km2":0.0,"bus_walk_mean_m":459.51030816052025,"bus_walk_p90_m":459.51030816052025,"bus_known_weight":1.0,"metro_walk_mean_m":21576.319356891803,"metro_known_weight":1.0,"position_status":"fallback_unverified","classification":"zero_residential_proxy","residential_gap":false},"geometry":{"type":"Polygon","coordinates":[[[121.78554904319697,25.069899470145526],[121.78556344009714,25.07215633115184],[121.78804137346388,25.072143197228627],[121.78802693116243,25.069886337564803],[121.78554904319697,25.069899470145526]]]}},{"type":"Feature","properties":{"cell_id":"65000:250:11095:1318","county_id":"65000","city":"NewTaipei","district":"平溪區","population_estimate":0.0,"population_known_estimate":0.0,"population_data_fraction":1.0,"population_method":"residential_support","population_period":"2024-12","population_density_per_km2":0.0,"bus_walk_mean_m":35.74488536711311,"bus_walk_p90_m":35.74488536711311,"bus_known_weight":1.0,"metro_walk_mean_m":21902.794068813833,"metro_known_weight":1.0,"position_status":"fallback_unverified","classification":"zero_residential_proxy","residential_gap":false},"geometry":{"type":"Polygon","coordinates":[[[121.78802693116243,25.069886337564803],[121.78804137346388,25.072143197228627],[121.79051930508521,25.072130021950834],[121.79050481738264,25.069873163633723],[121.78802693116243,25.069886337564803]]]}},{"type":"Feature","properties":{"cell_id":"65000:250:11095:1319","county_id":"65000","city":"NewTaipei","district":"平溪區","population_estimate":0.0,"population_known_estimate":0.0,"population_data_fraction":1.0,"population_method":"residential_support","population_period":"2024-12","population_density_per_km2":0.0,"bus_walk_mean_m":null,"bus_walk_p90_m":null,"bus_known_weight":0.0,"metro_walk_mean_m":null,"metro_known_weight":0.0,"position_status":"fallback_unverified","classification":"zero_residential_proxy","residential_gap":false},"geometry":{"type":"Polygon","coordinates":[[[121.79050481738264,25.069873163633723],[121.79051930508521,25.072130021950834],[121.79299723495562,25.07211680531858],[121.79298270185208,25.069859948352416],[121.79050481738264,25.069873163633723]]]}},{"type":"Feature","properties":{"cell_id":"65000:250:11095:1320","county_id":"65000","city":"NewTaipei","district":"平溪區","population_estimate":0.0,"population_known_estimate":0.0,"population_data_fraction":1.0,"population_method":"residential_support","population_period":"2024-12","population_density_per_km2":0.0,"bus_walk_mean_m":206.83767690459018,"bus_walk_p90_m":206.83767690459018,"bus_known_weight":1.0,"metro_walk_mean_m":22818.972712136027,"metro_known_weight":1.0,"position_status":"fallback_unverified","classification":"zero_residential_proxy","residential_gap":false},"geometry":{"type":"Polygon","coordinates":[[[121.79298270185208,25.069859948352416],[121.79299723495562,25.07211680531858],[121.79547516306964,25.072103547331984],[121.79546058456523,25.06984669172099],[121.79298270185208,25.069859948352416]]]}},{"type":"Feature","properties":{"cell_id":"65000:250:11095:1321","county_id":"65000","city":"NewTaipei","district":"平溪區","population_estimate":0.0,"population_known_estimate":0.0,"population_data_fraction":1.0,"population_method":"residential_support","population_period":"2024-12","population_density_per_km2":0.0,"bus_walk_mean_m":null,"bus_walk_p90_m":null,"bus_known_weight":0.0,"metro_walk_mean_m":null,"metro_known_weight":0.0,"position_status":"fallback_unverified","classification":"zero_residential_proxy","residential_gap":false},"geometry":{"type":"Polygon","coordinates":[[[121.79546058456523,25.06984669172099],[121.79547516306964,25.072103547331984],[121.79795308942175,25.072090247991156],[121.79793846551667,25.069833393739557],[121.79546058456523,25.06984669172099]]]}},{"type":"Feature","properties":{"cell_id":"65000:250:11095:1322","county_id":"65000","city":"NewTaipei","district":"平溪區","population_estimate":0.09204623082447108,"population_known_estimate":0.09204623082447108,"population_data_fraction":0.9999999999999998,"population_method":"uniform_proxy","population_period":"2024-12","population_density_per_km2":1.4727396931915373,"bus_walk_mean_m":1393.73786341153,"bus_walk_p90_m":1393.73786341153,"bus_known_weight":1.0,"metro_walk_mean_m":24761.538772120748,"metro_known_weight":1.0,"position_status":"fallback_unverified","classification":"residential_coverage_candidate","residential_gap":true},"geometry":{"type":"Polygon","coordinates":[[[121.79793846551667,25.069833393739557],[121.79795308942175,25.072090247991156],[121.8004310140065,25.07207690729621],[121.80041634470085,25.06982005440823],[121.79793846551667,25.069833393739557]]]}},{"type":"Feature","properties":{"cell_id":"65000:250:11096:1317","county_id":"65000","city":"NewTaipei","district":"平溪區","population_estimate":0.004046262284596313,"population_known_estimate":0.004046262284596313,"population_data_fraction":1.0,"population_method":"uniform_proxy","population_period":"2024-12","population_density_per_km2":0.064740196553541,"bus_walk_mean_m":null,"bus_walk_p90_m":null,"bus_known_weight":0.0,"metro_walk_mean_m":null,"metro_known_weight":0.0,"position_status":"fallback_unverified","classification":"unresolved_walk_evidence","residential_gap":false},"geometry":{"type":"Polygon","coordinates":[[[121.78556344009714,25.07215633115184],[121.78557783873723,25.074413191464323],[121.78805581751074,25.074400056198577],[121.78804137346388,25.072143197228627],[121.78556344009714,25.07215633115184]]]}},{"type":"Feature","properties":{"cell_id":"65000:250:11096:1318","county_id":"65000","city":"NewTaipei","district":"平溪區","population_estimate":0.0,"population_known_estimate":0.0,"population_data_fraction":1.0,"population_method":"residential_support","population_period":"2024-12","population_density_per_km2":0.0,"bus_walk_mean_m":null,"bus_walk_p90_m":null,"bus_known_weight":0.0,"metro_walk_mean_m":null,"metro_known_weight":0.0,"position_status":"fallback_unverified","classification":"zero_residential_proxy","residential_gap":false},"geometry":{"type":"Polygon","coordinates":[[[121.78804137346388,25.072143197228627],[121.78805581751074,25.074400056198577],[121.79053379453869,25.07438687957402],[121.79051930508521,25.072130021950834],[121.78804137346388,25.072143197228627]]]}},{"type":"Feature","properties":{"cell_id":"65000:250:11096:1319","county_id":"65000","city":"NewTaipei","district":"平溪區","population_estimate":0.0,"population_known_estimate":0.0,"population_data_fraction":1.0,"population_method":"residential_support","population_period":"2024-12","population_density_per_km2":0.0,"bus_walk_mean_m":417.891864696529,"bus_walk_p90_m":417.891864696529,"bus_known_weight":1.0,"metro_walk_mean_m":22466.137899308,"metro_known_weight":1.0,"position_status":"fallback_unverified","classification":"zero_residential_proxy","residential_gap":false},"geometry":{"type":"Polygon","coordinates":[[[121.79051930508521,25.072130021950834],[121.79053379453869,25.07438687957402],[121.79301176981555,25.074373661590776],[121.79299723495562,25.07211680531858],[121.79051930508521,25.072130021950834]]]}},{"type":"Feature","properties":{"cell_id":"65000:250:11096:1320","county_id":"65000","city":"NewTaipei","district":"平溪區","population_estimate":0.005813679448891562,"population_known_estimate":0.005813679448891562,"population_data_fraction":1.0,"population_method":"uniform_proxy","population_period":"2024-12","population_density_per_km2":0.093018871182265,"bus_walk_mean_m":null,"bus_walk_p90_m":null,"bus_known_weight":0.0,"metro_walk_mean_m":null,"metro_known_weight":0.0,"position_status":"fallback_unverified","classification":"unresolved_walk_evidence","residential_gap":false},"geometry":{"type":"Polygon","coordinates":[[[121.79299723495562,25.07211680531858],[121.79301176981555,25.074373661590776],[121.79548974333592,25.074360402248967],[121.79547516306964,25.072103547331984],[121.79299723495562,25.07211680531858]]]}},{"type":"Feature","properties":{"cell_id":"65000:250:11096:1321","county_id":"65000","city":"NewTaipei","district":"平溪區","population_estimate":0.0986239458096496,"population_known_estimate":0.0986239458096496,"population_data_fraction":1.0,"population_method":"uniform_proxy","population_period":"2024-12","population_density_per_km2":1.5779831329543936,"bus_walk_mean_m":938.4930798216143,"bus_walk_p90_m":938.4930798216143,"bus_known_weight":1.0,"metro_walk_mean_m":24306.293988530833,"metro_known_weight":1.0,"position_status":"fallback_unverified","classification":"barrier_detour_candidate","residential_gap":true},"geometry":{"type":"Polygon","coordinates":[[[121.79547516306964,25.072103547331984],[121.79548974333592,25.074360402248967],[121.79796771509422,25.07434710154869],[121.79795308942175,25.072090247991156],[121.79547516306964,25.072103547331984]]]}},{"type":"Feature","properties":{"cell_id":"65000:250:11096:1322","county_id":"65000","city":"NewTaipei","district":"平溪區","population_estimate":0.15092105800650735,"population_known_estimate":0.15092105800650735,"population_data_fraction":1.0,"population_method":"uniform_proxy","population_period":"2024-12","population_density_per_km2":2.4147369281041176,"bus_walk_mean_m":null,"bus_walk_p90_m":null,"bus_known_weight":0.0,"metro_walk_mean_m":null,"metro_known_weight":0.0,"position_status":"fallback_unverified","classification":"unresolved_walk_evidence","residential_gap":false},"geometry":{"type":"Polygon","coordinates":[[[121.79795308942175,25.072090247991156],[121.79796771509422,25.07434710154869],[121.80044568508502,25.074333759490077],[121.8004310140065,25.07207690729621],[121.79795308942175,25.072090247991156]]]}},{"type":"Feature","properties":{"cell_id":"65000:250:11097:1318","county_id":"65000","city":"NewTaipei","district":"平溪區","population_estimate":0.06853070140097822,"population_known_estimate":0.06853070140097822,"population_data_fraction":1.0,"population_method":"uniform_proxy","population_period":"2024-12","population_density_per_km2":1.0964912224156516,"bus_walk_mean_m":null,"bus_walk_p90_m":null,"bus_known_weight":0.0,"metro_walk_mean_m":null,"metro_known_weight":0.0,"position_status":"fallback_unverified","classification":"unresolved_walk_evidence","residential_gap":false},"geometry":{"type":"Polygon","coordinates":[[[121.78805581751074,25.074400056198577],[121.78807026330317,25.076656914474594],[121.79054828574321,25.07664373650323],[121.79053379453869,25.07438687957402],[121.78805581751074,25.074400056198577]]]}},{"type":"Feature","properties":{"cell_id":"65000:250:11097:1319","county_id":"65000","city":"NewTaipei","district":"平溪區","population_estimate":0.011569845534936627,"population_known_estimate":0.011569845534936627,"population_data_fraction":1.0,"population_method":"uniform_proxy","population_period":"2024-12","population_density_per_km2":0.18511752855898603,"bus_walk_mean_m":null,"bus_walk_p90_m":null,"bus_known_weight":0.0,"metro_walk_mean_m":null,"metro_known_weight":0.0,"position_status":"fallback_unverified","classification":"unresolved_walk_evidence","residential_gap":false},"geometry":{"type":"Polygon","coordinates":[[[121.79053379453869,25.07438687957402],[121.79054828574321,25.07664373650323],[121.79302630643205,25.076630517168955],[121.79301176981555,25.074373661590776],[121.79053379453869,25.07438687957402]]]}},{"type":"Feature","properties":{"cell_id":"65000:250:11097:1320","county_id":"65000","city":"NewTaipei","district":"平溪區","population_estimate":0.0014152700671491887,"population_known_estimate":0.0014152700671491887,"population_data_fraction":1.0,"population_method":"uniform_proxy","population_period":"2024-12","population_density_per_km2":0.02264432107438702,"bus_walk_mean_m":569.6377352604632,"bus_walk_p90_m":569.6377352604632,"bus_known_weight":1.0,"metro_walk_mean_m":23325.291073640314,"metro_known_weight":1.0,"position_status":"fallback_unverified","classification":"barrier_detour_candidate","residential_gap":true},"geometry":{"type":"Polygon","coordinates":[[[121.79301176981555,25.074373661590776],[121.79302630643205,25.076630517168955],[121.79550432536422,25.076617256471874],[121.79548974333592,25.074360402248967],[121.79301176981555,25.074373661590776]]]}},{"type":"Feature","properties":{"cell_id":"65000:250:11097:1321","county_id":"65000","city":"NewTaipei","district":"平溪區","population_estimate":0.10881783059778831,"population_known_estimate":0.10881783059778831,"population_data_fraction":0.9999999999999999,"population_method":"uniform_proxy","population_period":"2024-12","population_density_per_km2":1.741085289564613,"bus_walk_mean_m":287.0890704101325,"bus_walk_p90_m":287.0890704101325,"bus_known_weight":1.0,"metro_walk_mean_m":23654.889979119354,"metro_known_weight":1.0,"position_status":"fallback_unverified","classification":"within_walk_threshold","residential_gap":false},"geometry":{"type":"Polygon","coordinates":[[[121.79548974333592,25.074360402248967],[121.79550432536422,25.076617256471874],[121.7979823425342,25.076603954412104],[121.79796771509422,25.07434710154869],[121.79548974333592,25.074360402248967]]]}}]}
