{"type":"FeatureCollection","features":[{"type":"Feature","properties":{"name":null,"kind":"path"},"geometry":{"type":"LineString","coordinates":[[121.66094820000002,25.023391099999998],[121.6593992,25.0231037],[121.65905060000001,25.0229421],[121.6584351,25.022867899999998],[121.657815,25.0226707],[121.6575452,25.022416899999996],[121.65747210000002,25.022056799999998],[121.6570394,25.0218865],[121.6569968,25.021617999999997],[121.6571414,25.0212614],[121.6567802,25.020539],[121.65686220000002,25.020335499999995],[121.6567811,25.019844499999998],[121.6560758,25.019100699999996],[121.6563442,25.0185938],[121.6559727,25.0180019],[121.6558271,25.0178728],[121.65550070000002,25.017763599999995],[121.65544790000001,25.017660499999995],[121.6555491,25.0172298],[121.6560227,25.0169008],[121.65608789999999,25.016576100000005],[121.6564432,25.0164285],[121.65653220000002,25.0161121]]}},{"type":"Feature","properties":{"name":null,"kind":"path"},"geometry":{"type":"LineString","coordinates":[[121.66094820000002,25.023391099999998],[121.66080280000001,25.023037399999996],[121.6607679,25.022529599999995],[121.66084299999999,25.0224106],[121.66123990000001,25.022296400000002],[121.66126330000002,25.0221389],[121.6609865,25.0218103],[121.6608189,25.0213652],[121.66067860000001,25.021202699999996],[121.6606864,25.0204008],[121.6608735,25.020202899999997],[121.6618053,25.020068700000003],[121.6623199,25.019768399999993],[121.66223410000002,25.019528200000003],[121.66224970000002,25.019245600000005],[121.66199239999999,25.019040699999998],[121.6616688,25.018397699999998],[121.66134520000001,25.0181645],[121.661201,25.017864199999998],[121.6612205,25.017556900000002],[121.6610606,25.017330799999996],[121.6610151,25.016976399999997]]}},{"type":"Feature","properties":{"name":null,"kind":"path"},"geometry":{"type":"LineString","coordinates":[[121.6618182,25.023881199999998],[121.6617891,25.0238157],[121.6610648,25.023555700000003],[121.66094820000002,25.023391099999998]]}},{"type":"Feature","properties":{"name":null,"kind":"steps"},"geometry":{"type":"LineString","coordinates":[[121.6610284,25.0237323],[121.6610648,25.023555700000003]]}},{"type":"Feature","properties":{"name":null,"kind":"steps"},"geometry":{"type":"LineString","coordinates":[[121.6606732,25.0239053],[121.6612698,25.023591399999997]]}},{"type":"Feature","properties":{"name":null,"kind":"path"},"geometry":{"type":"LineString","coordinates":[[121.66079,25.0238818],[121.66073080000001,25.0237645],[121.6602722,25.023700199999997]]}},{"type":"Feature","properties":{"name":null,"kind":"path"},"geometry":{"type":"LineString","coordinates":[[121.6595648,25.0244639],[121.6596372,25.02450629999999],[121.6599671,25.024183600000004],[121.6604171,25.02421],[121.6606436,25.024085199999995],[121.6606732,25.0239053]]}},{"type":"Feature","properties":{"name":null,"kind":"path"},"geometry":{"type":"LineString","coordinates":[[121.63628500000002,25.023549999999997],[121.63712810000001,25.023799399999998],[121.63766790000001,25.0241086],[121.6379984,25.023829099999997],[121.6385054,25.0237805],[121.6386878,25.0239069],[121.63890120000002,25.02377870000001],[121.63922809999998,25.023804899999995],[121.6395367,25.0236207],[121.6402314,25.023549200000005],[121.6406494,25.023415899999996],[121.64175729999998,25.0240719],[121.64226630000002,25.024132199999997],[121.64253280000001,25.0242706],[121.6429926,25.024256999999995],[121.6431927,25.024401700000002],[121.6433015,25.0242356],[121.6439767,25.024029099999996],[121.64437410000001,25.023983500000003],[121.644709,25.0238063],[121.64531169999998,25.0232024],[121.64591430000002,25.022392799999995],[121.64592370000001,25.021869],[121.64601459999999,25.021742600000007],[121.64620530000002,25.021775399999996],[121.6467614,25.0215899],[121.6471294,25.0217049],[121.6476478,25.022145300000002],[121.6482454,25.022512300000002]]}},{"type":"Feature","properties":{"name":"更寮古道","kind":"footway"},"geometry":{"type":"LineString","coordinates":[[121.6359314,25.023426199999996],[121.63582180000002,25.023259800000005],[121.63547080000001,25.0231318]]}},{"type":"Feature","properties":{"name":"更寮古道","kind":"footway"},"geometry":{"type":"LineString","coordinates":[[121.63628500000002,25.023549999999997],[121.6359314,25.023426199999996]]}},{"type":"Feature","properties":{"name":"更寮古道","kind":"footway"},"geometry":{"type":"LineString","coordinates":[[121.63512690000002,25.023882199999996],[121.63537900000001,25.023693199999997],[121.6356779,25.023636599999996],[121.6359314,25.023426199999996]]}},{"type":"Feature","properties":{"name":null,"kind":"path"},"geometry":{"type":"LineString","coordinates":[[121.6385993,25.024484299999994],[121.63924329999999,25.024298399999996],[121.6395035,25.024338900000004],[121.63954210000001,25.024245],[121.6394359,25.0238202],[121.6395367,25.0236207]]}},{"type":"Feature","properties":{"name":null,"kind":"path"},"geometry":{"type":"LineString","coordinates":[[121.63962940000002,25.0252714],[121.63929730000001,25.024670099999998],[121.63937170000001,25.0246403],[121.6395729,25.024741800000005],[121.63938250000001,25.024526699999996],[121.63886479999998,25.024582],[121.63872000000002,25.024759699999997],[121.63858530000002,25.0247654],[121.6385905,25.0243286],[121.6388226,25.023676],[121.63847040000002,25.023415],[121.63833309999998,25.0231535],[121.63809150000002,25.023118999999998],[121.6383911,25.022950500000004]]}},{"type":"Feature","properties":{"name":null,"kind":"steps"},"geometry":{"type":"LineString","coordinates":[[121.6394489,25.0251391],[121.63930330000001,25.024831700000004]]}},{"type":"Feature","properties":{"name":null,"kind":"steps"},"geometry":{"type":"LineString","coordinates":[[121.6391426,25.0251389],[121.63911159999999,25.024893699999993]]}},{"type":"Feature","properties":{"name":null,"kind":"path"},"geometry":{"type":"LineString","coordinates":[[121.64157710000002,25.025963400000002],[121.6419353,25.025479999999998],[121.6419071,25.0252272],[121.6420741,25.025536799999998],[121.6421451,25.0255113],[121.64211970000001,25.0251817],[121.6422444,25.025338999999995],[121.64233020000002,25.025349400000003],[121.64236240000001,25.025280099999993],[121.6422155,25.0249891],[121.64194,25.024831099999997],[121.6415893,25.024786699999996],[121.6415135,25.024560099999995],[121.64159459999999,25.0244477],[121.6423202,25.024369899999996],[121.6423926,25.024216800000005]]}},{"type":"Feature","properties":{"name":null,"kind":"path"},"geometry":{"type":"LineString","coordinates":[[121.63809740000002,25.0254517],[121.6383164,25.025383299999994],[121.6384517,25.024808499999995],[121.63858530000002,25.0247654]]}},{"type":"Feature","properties":{"name":null,"kind":"unclassified"},"geometry":{"type":"LineString","coordinates":[[121.6469236,25.022405899999992],[121.6473153,25.02243019999999],[121.64783870000001,25.022572099999994],[121.6481461,25.022525]]}},{"type":"Feature","properties":{"name":null,"kind":"path"},"geometry":{"type":"LineString","coordinates":[[121.6437028,25.0241026],[121.64370020000001,25.0239148],[121.6435489,25.023735199999997],[121.64360930000001,25.023574299999993]]}},{"type":"Feature","properties":{"name":null,"kind":"path"},"geometry":{"type":"LineString","coordinates":[[121.6431927,25.024401700000002],[121.6430273,25.0244902]]}},{"type":"Feature","properties":{"name":null,"kind":"service"},"geometry":{"type":"LineString","coordinates":[[121.6480221,25.025202599999997],[121.64832620000001,25.026000499999995],[121.6483705,25.026471299999997],[121.64830079999999,25.026867400000004],[121.6485946,25.027376000000004]]}},{"type":"Feature","properties":{"name":"舊莊街二段306巷","kind":"service"},"geometry":{"type":"LineString","coordinates":[[121.64870939999999,25.027367700000006],[121.64844059999999,25.026839799999998],[121.6486306,25.0263127],[121.64864450000002,25.025582299999996],[121.64894699999999,25.0258997],[121.64895450000002,25.0260945],[121.6490935,25.0262252],[121.649733,25.026579699999992],[121.64986239999999,25.026805400000004],[121.65006390000002,25.0266754]]}},{"type":"Feature","properties":{"name":"桂花亭步道","kind":"footway"},"geometry":{"type":"LineString","coordinates":[[121.6623178,25.024840199999996],[121.6624726,25.024837599999998],[121.66242470000002,25.024747800000004],[121.66252310000002,25.024395399999992],[121.6618182,25.023881199999998],[121.6617722,25.023946800000004],[121.66159400000001,25.023962899999997],[121.66162429999999,25.024045899999997]]}},{"type":"Feature","properties":{"name":null,"kind":"path"},"geometry":{"type":"LineString","coordinates":[[121.6481461,25.022525],[121.6486054,25.022811999999995],[121.6488761,25.0228934],[121.64919159999998,25.023392],[121.6497656,25.023894999999996],[121.65059169999999,25.0240506],[121.6510012,25.023841500000003],[121.651458,25.0238525],[121.65221580000001,25.024097900000005],[121.6532315,25.024192199999998],[121.65383290000001,25.024422000000005],[121.6550817,25.023969199999996],[121.6555914,25.023675099999995],[121.65603119999999,25.023817299999997],[121.65617340000001,25.023796599999997],[121.6565281,25.0236812],[121.6567514,25.0235219],[121.6570049,25.023579700000003],[121.6577177,25.023170200000003],[121.65799460000001,25.023263099999998],[121.6580502,25.023381],[121.6583087,25.023442499999998],[121.66080159999999,25.0234387],[121.66103950000002,25.0233266],[121.66115460000002,25.0230356],[121.6612562,25.022990899999996],[121.66148719999998,25.023136499999996],[121.66235860000002,25.02309179999999],[121.6630264,25.022893699999994],[121.66320750000001,25.0229119],[121.6633711,25.023028599999996],[121.6639032,25.0231268],[121.66424950000001,25.0239145],[121.6642958,25.0243568],[121.6648074,25.024556099999998],[121.66490400000002,25.024711699999997],[121.664907,25.025036700000005],[121.6650174,25.02522189999999],[121.6650635,25.025575700000005],[121.6653439,25.025965699999997],[121.66533310000001,25.0261893],[121.6649558,25.0265225]]}},{"type":"Feature","properties":{"name":null,"kind":"footway"},"geometry":{"type":"LineString","coordinates":[[121.66236670000002,25.0244943],[121.66249720000002,25.0245544]]}},{"type":"Feature","properties":{"name":"舊莊街二段316巷","kind":"service"},"geometry":{"type":"LineString","coordinates":[[121.6602881,25.024719099999995],[121.6601359,25.024607599999996],[121.6594873,25.024773],[121.6592736,25.024572099999993],[121.65898550000001,25.024479499999995]]}},{"type":"Feature","properties":{"name":"桂花吊橋步道","kind":"footway"},"geometry":{"type":"LineString","coordinates":[[121.6617657,25.0249547],[121.6619754,25.0249942],[121.6620183,25.0252023],[121.6625044,25.0254495],[121.66262640000001,25.025445599999998]]}},{"type":"Feature","properties":{"name":null,"kind":"service"},"geometry":{"type":"LineString","coordinates":[[121.6598606,25.0251821],[121.66005539999999,25.0252965]]}},{"type":"Feature","properties":{"name":"桂花吊橋步道","kind":"path"},"geometry":{"type":"LineString","coordinates":[[121.6618098,25.0257037],[121.66169290000002,25.025606299999996],[121.66168270000001,25.02545519999999],[121.66167040000002,25.0252003],[121.6617657,25.0249547]]}},{"type":"Feature","properties":{"name":"寶樹橋","kind":"service"},"geometry":{"type":"LineString","coordinates":[[121.66005539999999,25.0252965],[121.6602125,25.0253816]]}},{"type":"Feature","properties":{"name":"桂花親水步道","kind":"path"},"geometry":{"type":"LineString","coordinates":[[121.66169290000002,25.025606299999996],[121.6608008,25.02545],[121.6607618,25.0255188],[121.6603723,25.025385699999998],[121.66048659999998,25.025556700000006]]}},{"type":"Feature","properties":{"name":"桂花吊橋","kind":"path"},"geometry":{"type":"LineString","coordinates":[[121.66172890000001,25.025737299999992],[121.6618098,25.0257037]]}},{"type":"Feature","properties":{"name":null,"kind":"service"},"geometry":{"type":"LineString","coordinates":[[121.6633264,25.0260822],[121.66350480000001,25.025945799999995],[121.6636103,25.025655399999998],[121.66382070000002,25.0254217],[121.66395690000002,25.025455700000002]]}},{"type":"Feature","properties":{"name":"舊莊街二段","kind":"unclassified"},"geometry":{"type":"LineString","coordinates":[[121.64870939999999,25.027367700000006],[121.6489907,25.027506799999998],[121.6494951,25.027614499999995],[121.65031809999999,25.0273902],[121.6511394,25.0275409],[121.65141229999999,25.027489299999996],[121.6520667,25.0276701],[121.65225690000001,25.027487999999998],[121.65235749999998,25.027233999999996],[121.652501,25.027171999999997],[121.65335790000002,25.027186299999993],[121.6537595,25.027398899999998],[121.65407499999999,25.027466599999997],[121.6544938,25.027398100000003],[121.6551199,25.027096999999998],[121.65547640000001,25.027096699999998],[121.65604920000001,25.027217899999997],[121.6565314,25.026696599999998],[121.65720720000002,25.026420899999998],[121.65703890000002,25.0263177],[121.6567675,25.026350699999995],[121.65624080000002,25.026499],[121.6560124,25.026666499999997],[121.6559715,25.0266286],[121.6561574,25.026421100000004],[121.6566362,25.02621999999999],[121.6568562,25.0260103],[121.6573793,25.025989599999996],[121.6579264,25.0261177],[121.6582071,25.0260405],[121.6600765,25.025079899999994],[121.6600373,25.0249759],[121.65947639999999,25.0251096],[121.65952499999999,25.024951799999997],[121.65985620000001,25.024802],[121.6602881,25.024719099999995],[121.66050940000001,25.0247721],[121.66094140000001,25.024524999999997],[121.6611941,25.0244848],[121.6614786,25.024600700000004],[121.6616205,25.0249126],[121.6617657,25.0249547],[121.6617816,25.024740899999998],[121.6619691,25.024430099999993],[121.6616607,25.024139899999998],[121.6616736,25.024017799999996],[121.6623546,25.024442],[121.6622968,25.025019999999998],[121.66235900000001,25.0252589],[121.663292,25.025773699999995],[121.66335900000001,25.02584789999999],[121.6633264,25.0260822]]}},{"type":"Feature","properties":{"name":"桂花吊橋步道","kind":"path"},"geometry":{"type":"LineString","coordinates":[[121.6612665,25.0259674],[121.66126870000001,25.0257584],[121.66172890000001,25.025737299999992]]}},{"type":"Feature","properties":{"name":null,"kind":"service"},"geometry":{"type":"LineString","coordinates":[[121.6602125,25.0253816],[121.66048659999998,25.025556700000006],[121.660316,25.02581],[121.6603511,25.025926699999996],[121.66071039999999,25.026205700000002],[121.6608125,25.026390199999998],[121.6610864,25.026400800000005],[121.66122559999998,25.026306],[121.66129650000002,25.0262075],[121.6612665,25.0259674]]}},{"type":"Feature","properties":{"name":null,"kind":"service"},"geometry":{"type":"LineString","coordinates":[[121.6633264,25.0260822],[121.6631686,25.0261374],[121.6631276,25.0264167],[121.66286639999998,25.026617899999998]]}},{"type":"Feature","properties":{"name":"示範廠場環山步道","kind":"footway"},"geometry":{"type":"LineString","coordinates":[[121.6633984,25.026476999999993],[121.66346799999998,25.026530699999995],[121.6634696,25.02646],[121.66361459999999,25.0264174],[121.6635761,25.0262491],[121.66370019999998,25.026291999999998],[121.6640274,25.026231799999998],[121.6643079,25.0263735],[121.66483900000001,25.0264112],[121.66486450000001,25.026526],[121.6649558,25.0265225]]}},{"type":"Feature","properties":{"name":null,"kind":"residential"},"geometry":{"type":"LineString","coordinates":[[121.65720720000002,25.026420899999998],[121.6581819,25.026391599999997],[121.6582485,25.0264856],[121.65814720000002,25.026711499999998]]}},{"type":"Feature","properties":{"name":null,"kind":"steps"},"geometry":{"type":"LineString","coordinates":[[121.6608527,25.0264069],[121.66100410000001,25.026694499999998],[121.66113039999999,25.026742100000003]]}},{"type":"Feature","properties":{"name":null,"kind":"service"},"geometry":{"type":"LineString","coordinates":[[121.66113039999999,25.026742100000003],[121.6608579,25.026988400000004],[121.6607952,25.0269543],[121.6607633,25.026854300000004],[121.66086060000002,25.026663],[121.6608125,25.026390199999998]]}},{"type":"Feature","properties":{"name":null,"kind":"service"},"geometry":{"type":"LineString","coordinates":[[121.66113039999999,25.026742100000003],[121.66130029999998,25.026844800000003]]}},{"type":"Feature","properties":{"name":null,"kind":"path"},"geometry":{"type":"LineString","coordinates":[[121.6401135,25.0252787],[121.64052839999998,25.0249879]]}},{"type":"Feature","properties":{"name":null,"kind":"steps"},"geometry":{"type":"LineString","coordinates":[[121.6399893,25.025276499999997],[121.63995650000001,25.025202900000004]]}},{"type":"Feature","properties":{"name":null,"kind":"service"},"geometry":{"type":"LineString","coordinates":[[121.639854,25.0252878],[121.640279,25.0254715],[121.64024750000002,25.02560639999999]]}},{"type":"Feature","properties":{"name":"更寮古道","kind":"footway"},"geometry":{"type":"LineString","coordinates":[[121.63923760000002,25.0276753],[121.63889769999999,25.027496099999993],[121.63867269999999,25.027494799999996],[121.63840749999999,25.027391300000005],[121.6378727,25.026826599999996],[121.6375264,25.026648999999992],[121.6372671,25.0266786],[121.6369369,25.026609200000003],[121.6367638,25.026387199999995],[121.63665779999998,25.026050700000003],[121.63659890000001,25.024898599999993],[121.6362498,25.024025199999997],[121.63628500000002,25.023549999999997]]}},{"type":"Feature","properties":{"name":null,"kind":"path"},"geometry":{"type":"LineString","coordinates":[[121.6390239,25.025669399999998],[121.63859460000002,25.025885299999995],[121.6382261,25.025971199999997]]}},{"type":"Feature","properties":{"name":null,"kind":"service"},"geometry":{"type":"LineString","coordinates":[[121.6415293,25.0258841],[121.6412228,25.0260982],[121.6411252,25.025962399999994]]}},{"type":"Feature","properties":{"name":null,"kind":"footway"},"geometry":{"type":"LineString","coordinates":[[121.63809300000001,25.027014399999995],[121.6382637,25.026917799999996],[121.6383173,25.026796299999997],[121.6382261,25.025971199999997],[121.63809540000001,25.0257755],[121.63809740000002,25.0254517],[121.6378211,25.025297299999995],[121.63753410000001,25.025241999999995]]}},{"type":"Feature","properties":{"name":null,"kind":"unclassified"},"geometry":{"type":"LineString","coordinates":[[121.6374535,25.030868],[121.6375447,25.0307051],[121.63743000000001,25.030412899999998],[121.63749569999999,25.030173499999997],[121.63790130000001,25.0295217],[121.63861959999998,25.0292336],[121.6392606,25.029169200000002],[121.639732,25.0287828],[121.6397105,25.0280002],[121.63927200000002,25.0277147],[121.6392117,25.027602899999998],[121.63943299999998,25.02709],[121.63929610000001,25.026709699999998],[121.63933240000001,25.026413199999997],[121.63923550000001,25.025966999999998],[121.6390025,25.025603699999998],[121.6391426,25.0251389],[121.63936330000001,25.025099400000002],[121.6397385,25.0252898],[121.6403824,25.025325499999997],[121.6406869,25.0252744],[121.6414225,25.025463400000003],[121.64154650000002,25.0255546],[121.641539,25.025935699999994],[121.64204520000001,25.0258749],[121.64234700000002,25.025915699999995],[121.6425534,25.0261952],[121.64261049999999,25.026437],[121.6427496,25.0265684],[121.6430376,25.026377399999998],[121.64355710000001,25.0263826],[121.64366930000001,25.0260056],[121.64407180000002,25.025413599999997],[121.6439793,25.025142500000005],[121.6441858,25.024779199999998],[121.64441719999999,25.024817499999997],[121.6447746,25.024664399999995],[121.64515410000001,25.0246334],[121.6456342,25.0246966],[121.64575419999998,25.0240544],[121.64626120000001,25.0239164],[121.64681770000001,25.023521499999998],[121.6468191,25.023244399999996],[121.64666079999999,25.0228263],[121.64672660000001,25.022529900000002],[121.6469236,25.022405899999992]]}},{"type":"Feature","properties":{"name":null,"kind":"footway"},"geometry":{"type":"LineString","coordinates":[[121.6369369,25.026609200000003],[121.63697030000002,25.026988000000003],[121.63693360000002,25.027108699999996],[121.63672880000001,25.027266299999997],[121.6367865,25.027604899999996],[121.6367212,25.0277238],[121.63639139999998,25.0276575],[121.6357976,25.027797399999997],[121.6355901,25.027922499999995],[121.6352384,25.0278821],[121.6348727,25.0280347],[121.63464720000002,25.0279783]]}},{"type":"Feature","properties":{"name":null,"kind":"path"},"geometry":{"type":"LineString","coordinates":[[121.63818840000002,25.0294107],[121.6382755,25.029546400000005],[121.63830699999998,25.030032399999993]]}},{"type":"Feature","properties":{"name":"舊莊街二段","kind":"unclassified"},"geometry":{"type":"LineString","coordinates":[[121.6633264,25.0260822],[121.66351539999998,25.026858499999996],[121.66373850000001,25.027209299999992],[121.66373210000002,25.027577499999996]]}},{"type":"Feature","properties":{"name":"桂花林步道支線","kind":"path"},"geometry":{"type":"LineString","coordinates":[[121.6623085,25.0272689],[121.662463,25.027171599999992],[121.6627226,25.027189600000003],[121.6627701,25.026991299999995],[121.66269410000001,25.026822199999998],[121.66286639999998,25.026617899999998]]}},{"type":"Feature","properties":{"name":null,"kind":"footway"},"geometry":{"type":"LineString","coordinates":[[121.66375140000001,25.027326999999996],[121.6639139,25.0273262]]}},{"type":"Feature","properties":{"name":null,"kind":"steps"},"geometry":{"type":"LineString","coordinates":[[121.6639139,25.0273262],[121.6639777,25.0274253],[121.66405780000001,25.0273415],[121.6641684,25.027406100000004]]}},{"type":"Feature","properties":{"name":null,"kind":"footway"},"geometry":{"type":"LineString","coordinates":[[121.66405530000002,25.028249],[121.66407759999998,25.028175300000004],[121.6643498,25.028239399999997],[121.66462840000001,25.02790999999999],[121.66475980000001,25.0278608],[121.66479910000001,25.027271799999998],[121.6649828,25.0266998],[121.6649558,25.0265225]]}},{"type":"Feature","properties":{"name":"桂花林步道","kind":"path"},"geometry":{"type":"LineString","coordinates":[[121.66342310000002,25.028077199999995],[121.6631083,25.0276867],[121.6626246,25.027658299999995],[121.6623085,25.0272689],[121.6617888,25.027166499999996],[121.66130029999998,25.026844800000003]]}},{"type":"Feature","properties":{"name":"舊莊街二段245巷","kind":"service"},"geometry":{"type":"LineString","coordinates":[[121.6568503,25.026536200000002],[121.65691689999998,25.0268001],[121.6568064,25.0269881],[121.656837,25.0271621],[121.6576019,25.0276364],[121.6577262,25.027861399999995],[121.6585195,25.028294600000002],[121.6587129,25.028552799999996],[121.6587678,25.0285416],[121.6587775,25.028244299999994],[121.65883850000002,25.028231099999996],[121.6591779,25.028455299999997],[121.6595508,25.028542799999997],[121.6595339,25.028207999999996]]}},{"type":"Feature","properties":{"name":null,"kind":"service"},"geometry":{"type":"LineString","coordinates":[[121.66373210000002,25.027577499999996],[121.66343939999999,25.027475699999997],[121.66332360000001,25.0275462]]}},{"type":"Feature","properties":{"name":null,"kind":"footway"},"geometry":{"type":"LineString","coordinates":[[121.66426800000002,25.0276169],[121.66421520000002,25.0275753],[121.6642898,25.027565],[121.66418280000002,25.027549899999997]]}},{"type":"Feature","properties":{"name":null,"kind":"footway"},"geometry":{"type":"LineString","coordinates":[[121.6638134,25.0273256],[121.6638941,25.0278682]]}},{"type":"Feature","properties":{"name":"觀雲居支線","kind":"path"},"geometry":{"type":"LineString","coordinates":[[121.66332360000001,25.0275462],[121.6632652,25.0275415],[121.6631762,25.027740299999998]]}},{"type":"Feature","properties":{"name":null,"kind":"service"},"geometry":{"type":"LineString","coordinates":[[121.66371149999999,25.0277044],[121.6638308,25.027866899999996],[121.66413219999998,25.027873000000003],[121.6642589,25.0277755],[121.66426800000002,25.0276169]]}},{"type":"Feature","properties":{"name":"汐碇路536巷","kind":"service"},"geometry":{"type":"LineString","coordinates":[[121.65535100000001,25.027085899999996],[121.65571560000001,25.027254199999998],[121.6560937,25.0277419],[121.6567388,25.027915000000004],[121.65690009999999,25.028078000000004],[121.6571744,25.0281935],[121.6573498,25.0284567],[121.6571533,25.028660199999997],[121.65688959999999,25.028537500000002],[121.656136,25.0284308]]}},{"type":"Feature","properties":{"name":"舊莊街二段","kind":"unclassified"},"geometry":{"type":"LineString","coordinates":[[121.66373210000002,25.027577499999996],[121.6636354,25.027851499999997],[121.66342310000002,25.028077199999995],[121.6639386,25.028223199999996]]}},{"type":"Feature","properties":{"name":null,"kind":"steps"},"geometry":{"type":"LineString","coordinates":[[121.66393209999998,25.027959599999996],[121.6640913,25.0279942],[121.6640849,25.02808419999999],[121.6640263,25.028077799999995],[121.66407790000001,25.028105700000005]]}},{"type":"Feature","properties":{"name":null,"kind":"footway"},"geometry":{"type":"LineString","coordinates":[[121.66407790000001,25.028105700000005],[121.66407759999998,25.028175300000004]]}},{"type":"Feature","properties":{"name":null,"kind":"service"},"geometry":{"type":"LineString","coordinates":[[121.6651916,25.028484800000005],[121.6655783,25.0286984],[121.66563620000001,25.028437799999995],[121.6657734,25.028491499999998],[121.66584979999999,25.028434600000004],[121.66568680000002,25.0280785],[121.6659759,25.028011199999998],[121.66607150000002,25.0278241],[121.6662864,25.027835700000004]]}},{"type":"Feature","properties":{"name":null,"kind":"service"},"geometry":{"type":"LineString","coordinates":[[121.6639386,25.028223199999996],[121.66376129999999,25.028351799999996],[121.66345229999999,25.028342100000003]]}},{"type":"Feature","properties":{"name":"舊莊街二段","kind":"unclassified"},"geometry":{"type":"LineString","coordinates":[[121.6639386,25.028223199999996],[121.66490050000002,25.0283427],[121.6651916,25.028484800000005]]}},{"type":"Feature","properties":{"name":null,"kind":"path"},"geometry":{"type":"LineString","coordinates":[[121.663483,25.028342899999995],[121.663462,25.028489999999994],[121.66306040000002,25.028499800000002],[121.66288319999998,25.028586199999996]]}},{"type":"Feature","properties":{"name":"舊莊街二段","kind":"unclassified"},"geometry":{"type":"LineString","coordinates":[[121.6485946,25.027376000000004],[121.64870939999999,25.027367700000006]]}},{"type":"Feature","properties":{"name":"舊莊街二段302巷","kind":"service"},"geometry":{"type":"LineString","coordinates":[[121.64655640000001,25.0277654],[121.64610480000002,25.027946699999998],[121.6460021,25.027959399999997],[121.6459484,25.0278727],[121.6460792,25.0274749],[121.6469034,25.026977700000003]]}},{"type":"Feature","properties":{"name":"舊莊街二段","kind":"unclassified"},"geometry":{"type":"LineString","coordinates":[[121.64560440000001,25.029085099999996],[121.64624289999999,25.028933],[121.6463124,25.0287215],[121.64618890000001,25.028019100000005],[121.6467545,25.0276036],[121.64755529999998,25.027556299999993],[121.6482856,25.027794799999995],[121.6484475,25.027730399999996],[121.6485946,25.027376000000004]]}},{"type":"Feature","properties":{"name":"汐碇路436巷","kind":"residential"},"geometry":{"type":"LineString","coordinates":[[121.64634489999999,25.0287169],[121.6464488,25.0286947]]}},{"type":"Feature","properties":{"name":"汐碇路436巷","kind":"residential"},"geometry":{"type":"LineString","coordinates":[[121.6463124,25.0287215],[121.64634489999999,25.0287169]]}},{"type":"Feature","properties":{"name":"舊莊街二段","kind":"unclassified"},"geometry":{"type":"LineString","coordinates":[[121.6454848,25.0291463],[121.64560440000001,25.029085099999996]]}},{"type":"Feature","properties":{"name":"舊莊街二段","kind":"unclassified"},"geometry":{"type":"LineString","coordinates":[[121.6434672,25.029725099999997],[121.64376170000001,25.0295516],[121.6449014,25.029355800000005],[121.6454848,25.0291463]]}},{"type":"Feature","properties":{"name":"舊莊街二段300巷","kind":"service"},"geometry":{"type":"LineString","coordinates":[[121.6431186,25.0299356],[121.64322310000001,25.0297226],[121.64274010000001,25.029215]]}},{"type":"Feature","properties":{"name":"舊莊街二段","kind":"unclassified"},"geometry":{"type":"LineString","coordinates":[[121.64342320000002,25.029781299999996],[121.6434672,25.029725099999997]]}},{"type":"Feature","properties":{"name":"舊莊街二段225巷","kind":"service"},"geometry":{"type":"LineString","coordinates":[[121.64376170000001,25.0295516],[121.644001,25.029745099999996],[121.64352,25.030153399999996]]}},{"type":"Feature","properties":{"name":null,"kind":"path"},"geometry":{"type":"LineString","coordinates":[[121.6026225,25.0153883],[121.6027583,25.0152123]]}},{"type":"Feature","properties":{"name":null,"kind":"path"},"geometry":{"type":"LineString","coordinates":[[121.5976816,25.016039500000005],[121.59787290000001,25.015769899999995],[121.5981066,25.015827700000003],[121.59826600000001,25.0162609],[121.5987017,25.0165691],[121.5994348,25.016337999999994],[121.5997111,25.0164824],[121.60000859999998,25.0162513],[121.6004017,25.016232099999993],[121.6009599,25.014861999999994],[121.60075409999999,25.014528500000004],[121.6005692,25.014441900000005],[121.6004568,25.014252500000005],[121.6005781,25.014192299999994],[121.60022239999999,25.013972199999998],[121.6007137,25.013778300000002],[121.60073999999999,25.0135248],[121.6008961,25.013413099999998],[121.60081370000002,25.01272519999999],[121.60101150000001,25.012648599999995]]}},{"type":"Feature","properties":{"name":null,"kind":"path"},"geometry":{"type":"LineString","coordinates":[[121.59758250000002,25.014706100000005],[121.5972157,25.014435399999996],[121.5968791,25.014617400000006],[121.59665900000002,25.014858400000005],[121.5962287,25.014756299999995],[121.59576739999999,25.014882699999994],[121.5955845,25.0151948]]}},{"type":"Feature","properties":{"name":null,"kind":"path"},"geometry":{"type":"LineString","coordinates":[[121.5976816,25.016039500000005],[121.5975116,25.015644699999996],[121.59776980000001,25.0152462],[121.5979962,25.0146812]]}},{"type":"Feature","properties":{"name":"福德隧道","kind":"motorway"},"geometry":{"type":"LineString","coordinates":[[121.60193650000001,25.0238513],[121.6010617,25.022926099999996],[121.60034480000002,25.0220345],[121.59945310000002,25.020388800000003],[121.59881740000002,25.018799300000005],[121.5974455,25.0136829],[121.596392,25.0091898]]}},{"type":"Feature","properties":{"name":"福德隧道","kind":"motorway"},"geometry":{"type":"LineString","coordinates":[[121.59681920000001,25.0093886],[121.5985775,25.0171268],[121.59929480000001,25.019285399999998],[121.59998420000001,25.020826300000003],[121.6006435,25.0218489],[121.6012028,25.022574100000003],[121.6023272,25.0237051]]}},{"type":"Feature","properties":{"name":null,"kind":"path"},"geometry":{"type":"LineString","coordinates":[[121.5963946,25.019277199999998],[121.59635110000002,25.0191891],[121.5965436,25.018919599999997],[121.5974107,25.018325800000003],[121.59793200000001,25.0180609],[121.59828360000002,25.017112999999995],[121.597829,25.017100899999996],[121.5976933,25.0169342],[121.5975977,25.0166277],[121.5976816,25.016039500000005]]}},{"type":"Feature","properties":{"name":null,"kind":"path"},"geometry":{"type":"LineString","coordinates":[[121.5979962,25.0146812],[121.59821,25.0148097],[121.5986015,25.0145014],[121.5988251,25.014519799999995],[121.5991269,25.0146572],[121.59960490000002,25.0145234],[121.59980849999998,25.014551799999996],[121.6004496,25.014865499999992],[121.60068960000001,25.0148004],[121.6009599,25.014861999999994],[121.60128209999999,25.015091999999996],[121.6012523,25.015309599999995],[121.60143190000001,25.015363799999996],[121.6020843,25.0150422],[121.60243800000002,25.0151341],[121.60267040000001,25.0154566],[121.6029386,25.0156164],[121.6029752,25.016529799999994],[121.60309870000002,25.016663700000002],[121.6031163,25.016830499999998],[121.60329619999999,25.01705],[121.60366589999998,25.017214199999998],[121.60376050000002,25.017413499999996],[121.60404079999999,25.0176073],[121.604016,25.018195099999996],[121.6038442,25.0183603],[121.6039995,25.0185258],[121.6039755,25.018634199999994],[121.604203,25.019306799999995],[121.6052324,25.019328400000003],[121.60573509999999,25.019257899999996],[121.6061421,25.019480300000005],[121.60635160000001,25.019501999999996],[121.6064773,25.0196159],[121.60714759999999,25.019333899999992],[121.6072194,25.019420599999997],[121.6075845,25.0193556],[121.6082369,25.0195725],[121.6095476,25.0191766],[121.60958950000001,25.018997600000002],[121.60969729999998,25.018916299999994],[121.6101282,25.019426099999993],[121.60996659999999,25.0196918],[121.60996659999999,25.019914200000002],[121.61042149999999,25.019957599999994],[121.61054720000001,25.019843699999992],[121.6111457,25.019751499999998],[121.61139110000002,25.0196159],[121.6117681,25.0196539],[121.6121572,25.019306800000003],[121.6132225,25.0190518],[121.6139602,25.0189832]]}},{"type":"Feature","properties":{"name":null,"kind":"path"},"geometry":{"type":"LineString","coordinates":[[121.6038442,25.0183603],[121.603651,25.017697199999994],[121.6033477,25.017719500000002],[121.6031041,25.017611],[121.60312939999999,25.017338599999995],[121.60329619999999,25.01705]]}},{"type":"Feature","properties":{"name":null,"kind":"path"},"geometry":{"type":"LineString","coordinates":[[121.6068948,25.0224587],[121.60688020000002,25.022222499999998],[121.6073248,25.021921700000007],[121.6074033,25.021728299999996],[121.60724030000002,25.021413599999995],[121.60735609999999,25.021212100000003],[121.6075618,25.02109679999999],[121.6075678,25.021362099999994],[121.6080478,25.021277199999997],[121.6081977,25.0211494],[121.6083445,25.020902299999996],[121.6083251,25.0206507],[121.60816109999999,25.020410199999993],[121.6084306,25.02014899999999],[121.608839,25.020056199999996],[121.6090408,25.019752499999996],[121.60903050000002,25.0195623],[121.60933470000002,25.019275300000004],[121.6092385,25.0192525]]}},{"type":"Feature","properties":{"name":null,"kind":"path"},"geometry":{"type":"LineString","coordinates":[[121.6103385,25.0199497],[121.61030200000002,25.020284599999993],[121.6104541,25.0206644],[121.6104734,25.021162099999998],[121.6104223,25.0212773],[121.6100136,25.021598900000004],[121.6099757,25.0217821],[121.6103331,25.022027299999998],[121.6110531,25.022144899999997],[121.61136869999999,25.022071299999997],[121.61187179999999,25.021661299999995],[121.6120316,25.0218321],[121.6120973,25.0217518],[121.61222520000001,25.0217218],[121.61224980000001,25.021771600000005],[121.61206170000001,25.0220504],[121.6119922,25.022604400000002],[121.61172410000002,25.022695799999994],[121.6117192,25.0230242],[121.6116142,25.0232364],[121.6115354,25.023324999999996],[121.6112971,25.023403499999993],[121.61122580000001,25.0233413],[121.61096290000002,25.02348599999999],[121.61085520000002,25.0236821]]}},{"type":"Feature","properties":{"name":null,"kind":"path"},"geometry":{"type":"LineString","coordinates":[[121.61360499999999,25.022635699999995],[121.6133916,25.0228241],[121.6133306,25.023012499999993],[121.61295700000001,25.023287999999997]]}},{"type":"Feature","properties":{"name":null,"kind":"path"},"geometry":{"type":"LineString","coordinates":[[121.59542410000002,25.019036999999997],[121.5954618,25.018953299999996]]}},{"type":"Feature","properties":{"name":null,"kind":"path"},"geometry":{"type":"LineString","coordinates":[[121.5954236,25.0191358],[121.59542410000002,25.019036999999997]]}},{"type":"Feature","properties":{"name":null,"kind":"path"},"geometry":{"type":"LineString","coordinates":[[121.59541390000001,25.019193200000004],[121.5954236,25.0191358]]}},{"type":"Feature","properties":{"name":null,"kind":"footway"},"geometry":{"type":"LineString","coordinates":[[121.5964254,25.019386000000004],[121.5963946,25.019277199999998]]}},{"type":"Feature","properties":{"name":null,"kind":"steps"},"geometry":{"type":"LineString","coordinates":[[121.5964254,25.019386000000004],[121.5964966,25.019372300000004]]}},{"type":"Feature","properties":{"name":null,"kind":"footway"},"geometry":{"type":"LineString","coordinates":[[121.59643729999999,25.019428199999997],[121.5964254,25.019386000000004]]}},{"type":"Feature","properties":{"name":null,"kind":"track"},"geometry":{"type":"LineString","coordinates":[[121.5967984,25.0198751],[121.5969096,25.019792],[121.5971524,25.019873799999996]]}},{"type":"Feature","properties":{"name":null,"kind":"service"},"geometry":{"type":"LineString","coordinates":[[121.59661280000002,25.019822199999997],[121.5967521,25.019861599999995]]}},{"type":"Feature","properties":{"name":null,"kind":"service"},"geometry":{"type":"LineString","coordinates":[[121.5967521,25.019861599999995],[121.5968416,25.0198777]]}},{"type":"Feature","properties":{"name":null,"kind":"track"},"geometry":{"type":"LineString","coordinates":[[121.59609550000002,25.020495899999997],[121.5956578,25.020788599999996]]}},{"type":"Feature","properties":{"name":null,"kind":"path"},"geometry":{"type":"LineString","coordinates":[[121.6031041,25.017611],[121.60290310000002,25.017715199999998],[121.60284310000002,25.017890199999997],[121.6028662,25.018361199999998]]}},{"type":"Feature","properties":{"name":null,"kind":"path"},"geometry":{"type":"LineString","coordinates":[[121.6028354,25.018047000000003],[121.60218690000002,25.018366],[121.60217290000001,25.018556199999995],[121.60195830000002,25.0187616]]}},{"type":"Feature","properties":{"name":null,"kind":"path"},"geometry":{"type":"LineString","coordinates":[[121.60322900000001,25.0221862],[121.6030486,25.0219662],[121.60301240000001,25.021549400000005],[121.6026087,25.021076599999997],[121.60216750000001,25.0209867],[121.6018859,25.020663499999994],[121.60153720000001,25.0207072],[121.6013896,25.020911399999985],[121.60118849999999,25.020942999999992]]}},{"type":"Feature","properties":{"name":"研究院路三段161巷","kind":"service"},"geometry":{"type":"LineString","coordinates":[[121.60547730000002,25.021687900000003],[121.60558860000002,25.0212407]]}},{"type":"Feature","properties":{"name":null,"kind":"path"},"geometry":{"type":"LineString","coordinates":[[121.60331549999998,25.0219079],[121.6034013,25.0218265],[121.6034791,25.0213221]]}},{"type":"Feature","properties":{"name":null,"kind":"service"},"geometry":{"type":"LineString","coordinates":[[121.60677170000001,25.022314499999997],[121.60676410000002,25.0221783],[121.6065945,25.021982599999998]]}},{"type":"Feature","properties":{"name":null,"kind":"path"},"geometry":{"type":"LineString","coordinates":[[121.60439510000002,25.022830199999998],[121.6044809,25.022650400000003],[121.6044809,25.022206800000003],[121.6050254,25.0222384],[121.6050374,25.021996600000005],[121.6051984,25.0217153],[121.60547730000002,25.021687900000003]]}},{"type":"Feature","properties":{"name":null,"kind":"service"},"geometry":{"type":"LineString","coordinates":[[121.606698,25.022216],[121.6067031,25.022333199999995]]}},{"type":"Feature","properties":{"name":null,"kind":"service"},"geometry":{"type":"LineString","coordinates":[[121.6067031,25.022333199999995],[121.6066488,25.022375099999998]]}},{"type":"Feature","properties":{"name":null,"kind":"path"},"geometry":{"type":"LineString","coordinates":[[121.60448420000002,25.0232902],[121.6046284,25.0231693],[121.60457750000002,25.022919599999998],[121.60427570000002,25.022761],[121.60425419999999,25.022588399999997],[121.60376879999998,25.022374499999998],[121.60331549999998,25.0219079],[121.6032042,25.0220215],[121.60322900000001,25.0221862],[121.6033638,25.022448],[121.6037031,25.022805899999998]]}},{"type":"Feature","properties":{"name":"深南路","kind":"secondary"},"geometry":{"type":"LineString","coordinates":[[121.6231495,25.016993600000003],[121.623086,25.017274199999992]]}},{"type":"Feature","properties":{"name":null,"kind":"path"},"geometry":{"type":"LineString","coordinates":[[121.6173401,25.018347799999997],[121.61801329999999,25.018347200000004],[121.61814410000001,25.018259699999998],[121.6186818,25.018202599999995],[121.6189474,25.0180385],[121.61929470000001,25.0180069],[121.61938460000002,25.0180349],[121.61949459999998,25.018264499999994],[121.61980170000001,25.018471099999996],[121.61998140000001,25.018367800000004],[121.62021069999999,25.018463800000003],[121.6203086,25.0182062],[121.6205835,25.0179984],[121.6205822,25.017869599999997],[121.6212957,25.017406600000005],[121.6216135,25.0168585]]}},{"type":"Feature","properties":{"name":"南深路91巷","kind":"service"},"geometry":{"type":"LineString","coordinates":[[121.62366120000002,25.018173],[121.62349,25.018351400000004]]}},{"type":"Feature","properties":{"name":null,"kind":"service"},"geometry":{"type":"LineString","coordinates":[[121.62248510000002,25.019125],[121.622446,25.018901299999996],[121.6223122,25.0187816]]}},{"type":"Feature","properties":{"name":null,"kind":"service"},"geometry":{"type":"LineString","coordinates":[[121.622158,25.019425699999996],[121.6221982,25.0192258],[121.622337,25.0190976]]}},{"type":"Feature","properties":{"name":null,"kind":"service"},"geometry":{"type":"LineString","coordinates":[[121.62224740000002,25.01944989999999],[121.62192659999998,25.019241]]}},{"type":"Feature","properties":{"name":null,"kind":"path"},"geometry":{"type":"LineString","coordinates":[[121.6173401,25.018347799999997],[121.6173816,25.018418999999998],[121.6168025,25.019021599999995]]}},{"type":"Feature","properties":{"name":null,"kind":"residential"},"geometry":{"type":"LineString","coordinates":[[121.61531640000001,25.0195848],[121.6164573,25.01901240000001],[121.61673490000001,25.0189516],[121.6168025,25.019021599999995]]}},{"type":"Feature","properties":{"name":"南深路50巷","kind":"residential"},"geometry":{"type":"LineString","coordinates":[[121.6156013,25.019639499999997],[121.614976,25.019497299999994],[121.61460460000002,25.0190537]]}},{"type":"Feature","properties":{"name":null,"kind":"path"},"geometry":{"type":"LineString","coordinates":[[121.624824,25.017024299999996],[121.62519649999999,25.0176036],[121.62546550000002,25.017668100000005],[121.62558949999999,25.0178406],[121.6253964,25.018035100000002],[121.62563240000001,25.018676699999997],[121.6263116,25.018748999999996],[121.6266949,25.0182427],[121.6268881,25.018635199999995],[121.62729600000002,25.0188961],[121.62758500000001,25.018696199999997],[121.62794980000001,25.018812800000003],[121.6280142,25.019201699999996],[121.62840169999998,25.019715800000004]]}},{"type":"Feature","properties":{"name":null,"kind":"path"},"geometry":{"type":"LineString","coordinates":[[121.6284581,25.0198993],[121.62822649999998,25.019617099999998],[121.6276659,25.019555199999996],[121.62745000000001,25.0196025],[121.6272528,25.019340099999997],[121.6267231,25.019273199999997],[121.626424,25.018954800000003],[121.62640790000002,25.0187932],[121.6263116,25.018748999999996]]}},{"type":"Feature","properties":{"name":null,"kind":"path"},"geometry":{"type":"LineString","coordinates":[[121.63018730000002,25.022205699999997],[121.62980990000001,25.021270100000002],[121.62965060000002,25.021129599999995],[121.62909110000001,25.0211146],[121.6288014,25.0207354],[121.6286083,25.020881299999996],[121.62851179999998,25.020735399999992],[121.62866200000002,25.0205507],[121.6286298,25.020142399999994],[121.62840169999998,25.019715800000004],[121.6284474,25.019471599999996],[121.6286727,25.019140999999998],[121.62923060000001,25.018907699999993],[121.6293363,25.018748500000004],[121.6298983,25.018363899999997]]}},{"type":"Feature","properties":{"name":null,"kind":"path"},"geometry":{"type":"LineString","coordinates":[[121.59000980000002,25.0137327],[121.5900652,25.013863599999997],[121.5903725,25.014074199999996],[121.5906074,25.0140374],[121.5908994,25.014127699999996]]}},{"type":"Feature","properties":{"name":null,"kind":"path"},"geometry":{"type":"LineString","coordinates":[[121.5927673,25.014586499999997],[121.59265229999998,25.0143671],[121.59272750000001,25.014211499999995],[121.5924673,25.014086399999993],[121.5920267,25.014289899999998],[121.5917505,25.014301499999988],[121.59149769999999,25.0141921],[121.59136090000001,25.014287]]}},{"type":"Feature","properties":{"name":null,"kind":"path"},"geometry":{"type":"LineString","coordinates":[[121.5975116,25.015644699999996],[121.59726479999999,25.015448699999993],[121.59707120000002,25.0153936],[121.5968928,25.015421799999995],[121.59672539999998,25.015558099999993],[121.5965707,25.0154875],[121.59622250000001,25.015064200000005],[121.5951635,25.015259600000004],[121.59400529999999,25.0147493],[121.5935378,25.014614499999997],[121.59173980000001,25.0146068],[121.5912786,25.014237],[121.5910521,25.014267099999998],[121.5909398,25.014234199999997],[121.5908994,25.014127699999996]]}},{"type":"Feature","properties":{"name":null,"kind":"path"},"geometry":{"type":"LineString","coordinates":[[121.5925512,25.018603699999996],[121.5926184,25.0181863],[121.592484,25.018195999999993],[121.59256139999998,25.017908199999997],[121.59272939999998,25.017765899999997],[121.59302910000001,25.017142799999995],[121.59301260000001,25.016404099999995],[121.59311300000002,25.0162534],[121.59313400000002,25.015914299999995],[121.5932534,25.015829499999995],[121.5935977,25.015784000000004],[121.59365609999999,25.015612200000003],[121.59354479999999,25.015226899999995],[121.5935569,25.014837400000005],[121.5932105,25.0146408],[121.59320420000002,25.0140748],[121.5935457,25.0136593],[121.59342419999999,25.013341399999998],[121.5937588,25.013092500000003],[121.5938975,25.012825800000005],[121.5940481,25.0127792]]}},{"type":"Feature","properties":{"name":null,"kind":"service"},"geometry":{"type":"LineString","coordinates":[[121.59236000000001,25.018450599999998],[121.5925512,25.018603699999996]]}},{"type":"Feature","properties":{"name":"研究院路四段","kind":"unclassified"},"geometry":{"type":"LineString","coordinates":[[121.5934483,25.018823599999997],[121.59261560000002,25.018729699999998],[121.59236000000001,25.018450599999998]]}},{"type":"Feature","properties":{"name":"研究院路四段162巷","kind":"service"},"geometry":{"type":"LineString","coordinates":[[121.59261560000002,25.018729699999998],[121.59255280000002,25.018886500000004]]}},{"type":"Feature","properties":{"name":"下寮橋","kind":"unclassified"},"geometry":{"type":"LineString","coordinates":[[121.5935569,25.0188266],[121.5934483,25.018823599999997]]}},{"type":"Feature","properties":{"name":"順天橋","kind":"service"},"geometry":{"type":"LineString","coordinates":[[121.59255280000002,25.018886500000004],[121.59251759999998,25.018985199999992]]}},{"type":"Feature","properties":{"name":null,"kind":"service"},"geometry":{"type":"LineString","coordinates":[[121.5936673,25.018833599999997],[121.59368640000001,25.018942600000003],[121.593968,25.019119999999997],[121.59384459999998,25.0193364],[121.5934852,25.0193436]]}},{"type":"Feature","properties":{"name":"研究院路四段","kind":"unclassified"},"geometry":{"type":"LineString","coordinates":[[121.59643729999999,25.019428199999997],[121.59609190000002,25.019423],[121.5958024,25.019253299999992],[121.5947049,25.019130399999998],[121.5939046,25.0188574],[121.5935569,25.0188266]]}},{"type":"Feature","properties":{"name":null,"kind":"service"},"geometry":{"type":"LineString","coordinates":[[121.5945829,25.019105599999993],[121.5944669,25.0191784],[121.5944669,25.019316899999996],[121.5948987,25.019637699999997],[121.5950657,25.019625000000005],[121.5951086,25.0195077]]}},{"type":"Feature","properties":{"name":"研究院路四段","kind":"unclassified"},"geometry":{"type":"LineString","coordinates":[[121.58837720000001,25.016331],[121.58785040000001,25.016090499999997],[121.586467,25.0150058],[121.5852614,25.0147997],[121.5849964,25.0145823],[121.5844256,25.014374000000004],[121.5840075,25.013853],[121.58312940000002,25.013570200000007],[121.58265540000001,25.013340799999998],[121.5821866,25.0132977]]}},{"type":"Feature","properties":{"name":null,"kind":"track"},"geometry":{"type":"LineString","coordinates":[[121.5852614,25.0147997],[121.5847257,25.015239100000002]]}},{"type":"Feature","properties":{"name":"樹梅古道","kind":"path"},"geometry":{"type":"LineString","coordinates":[[121.58803040000001,25.016845399999998],[121.5878156,25.0167794],[121.5876495,25.016902899999998],[121.5871385,25.017564299999997],[121.5867603,25.017861299999996],[121.58687490000001,25.0181748],[121.5867314,25.018349599999993],[121.585587,25.019014399999993],[121.5855206,25.0192526],[121.58584950000001,25.019265000000004]]}},{"type":"Feature","properties":{"name":"樹梅古道","kind":"path"},"geometry":{"type":"LineString","coordinates":[[121.58584950000001,25.019265000000004],[121.5849283,25.0201725],[121.5845402,25.0204011]]}},{"type":"Feature","properties":{"name":null,"kind":"path"},"geometry":{"type":"LineString","coordinates":[[121.5874314,25.020552400000003],[121.58670399999998,25.020947],[121.58638649999999,25.020940699999997],[121.58593460000002,25.0213279],[121.5857794,25.021273899999997],[121.5857023,25.021361699999993],[121.5856987,25.021552599999996]]}},{"type":"Feature","properties":{"name":"南港山步道","kind":"footway"},"geometry":{"type":"LineString","coordinates":[[121.5854141,25.021721899999996],[121.58512690000002,25.021737000000005],[121.58491720000002,25.021634500000008],[121.584366,25.0208386],[121.58434549999998,25.020678900000004]]}},{"type":"Feature","properties":{"name":null,"kind":"path"},"geometry":{"type":"LineString","coordinates":[[121.58284290000002,25.0186975],[121.58347930000001,25.018598600000008],[121.58360310000002,25.018660199999996],[121.58381970000002,25.0189318],[121.583783,25.019294099999996],[121.58401210000001,25.0194847],[121.58394609999999,25.0196106],[121.58420479999998,25.0202562]]}},{"type":"Feature","properties":{"name":"拇指山步道","kind":"path"},"geometry":{"type":"LineString","coordinates":[[121.5845271,25.020412000000004],[121.5844408,25.020461700000002]]}},{"type":"Feature","properties":{"name":"拇指山步道","kind":"path"},"geometry":{"type":"LineString","coordinates":[[121.5845402,25.0204011],[121.58435479999999,25.020526]]}},{"type":"Feature","properties":{"name":"南港山步道","kind":"steps"},"geometry":{"type":"LineString","coordinates":[[121.5842588,25.020565099999995],[121.5841745,25.0204518]]}},{"type":"Feature","properties":{"name":"南港山步道","kind":"footway"},"geometry":{"type":"LineString","coordinates":[[121.58434549999998,25.020678900000004],[121.5842588,25.020565099999995]]}},{"type":"Feature","properties":{"name":"樹梅古道","kind":"steps"},"geometry":{"type":"LineString","coordinates":[[121.58824309999999,25.016479],[121.58837720000001,25.016331]]}},{"type":"Feature","properties":{"name":"樹梅古道","kind":"footway"},"geometry":{"type":"LineString","coordinates":[[121.58824309999999,25.016479],[121.58823520000001,25.016542199999996]]}},{"type":"Feature","properties":{"name":"樹梅古道","kind":"footway"},"geometry":{"type":"LineString","coordinates":[[121.58823520000001,25.016542199999996],[121.58803040000001,25.016845399999998]]}},{"type":"Feature","properties":{"name":null,"kind":"service"},"geometry":{"type":"LineString","coordinates":[[121.58928029999998,25.016730699999997],[121.5890917,25.016738199999995],[121.5889281,25.016871799999997]]}},{"type":"Feature","properties":{"name":"研究院路四段","kind":"unclassified"},"geometry":{"type":"LineString","coordinates":[[121.59236000000001,25.018450599999998],[121.5920295,25.017971499999998],[121.5912515,25.017519899999993],[121.59103020000002,25.017311199999995],[121.59030419999999,25.016942099999994],[121.5895171,25.016823799999997],[121.58837720000001,25.016331]]}},{"type":"Feature","properties":{"name":null,"kind":"service"},"geometry":{"type":"LineString","coordinates":[[121.59042750000002,25.017489199999996],[121.5908459,25.0174941],[121.59107160000002,25.017350199999992]]}},{"type":"Feature","properties":{"name":null,"kind":"path"},"geometry":{"type":"LineString","coordinates":[[121.5903157,25.021357999999996],[121.590235,25.0212912],[121.590119,25.021362800000002],[121.58985569999999,25.021223599999995],[121.589512,25.021312299999998],[121.58940150000001,25.0211332],[121.5892124,25.021145900000004],[121.5888721,25.020882900000004],[121.5888393,25.0207543],[121.58862470000001,25.0205514],[121.5879825,25.020429800000002],[121.5874314,25.020552400000003]]}},{"type":"Feature","properties":{"name":"研究院路四段162巷","kind":"service"},"geometry":{"type":"LineString","coordinates":[[121.59089800000001,25.021033499999998],[121.590658,25.02090739999999],[121.5905681,25.0209395],[121.59074259999998,25.021084499999997],[121.5906797,25.0214483],[121.5905537,25.0215556],[121.5904871,25.0215676],[121.5903157,25.021357999999996]]}},{"type":"Feature","properties":{"name":null,"kind":"path"},"geometry":{"type":"LineString","coordinates":[[121.5898072,25.026686699999996],[121.58928650000001,25.026403000000002],[121.58889350000001,25.02631909999999],[121.5885149,25.0259142]]}},{"type":"Feature","properties":{"name":null,"kind":"path"},"geometry":{"type":"LineString","coordinates":[[121.5919179,25.028638899999997],[121.5918656,25.028467299999992],[121.5916383,25.028233099999998],[121.59117909999999,25.028036800000002],[121.59119730000002,25.0278624],[121.59136749999999,25.027857799999992],[121.59119919999999,25.027482300000003],[121.5910865,25.027428800000003],[121.5912689,25.027302399999993],[121.5912206,25.027249],[121.5910275,25.027273299999997],[121.59053400000002,25.027074],[121.5905125,25.026976799999996],[121.59029790000001,25.026855300000005],[121.590073,25.0269212]]}},{"type":"Feature","properties":{"name":"南港山步道","kind":"steps"},"geometry":{"type":"LineString","coordinates":[[121.5856987,25.021552599999996],[121.5854141,25.021721899999996]]}},{"type":"Feature","properties":{"name":"南港山步道","kind":"steps"},"geometry":{"type":"LineString","coordinates":[[121.5850305,25.022610099999998],[121.5850801,25.02249099999999],[121.5856389,25.022007300000002],[121.5856987,25.021552599999996]]}},{"type":"Feature","properties":{"name":null,"kind":"path"},"geometry":{"type":"LineString","coordinates":[[121.58491720000002,25.021634500000008],[121.5848133,25.0218973],[121.5847486,25.022496400000005],[121.58484200000001,25.0228912],[121.5846988,25.0231537]]}},{"type":"Feature","properties":{"name":"南港山步道","kind":"footway"},"geometry":{"type":"LineString","coordinates":[[121.5850693,25.0228572],[121.5850305,25.022610099999998]]}},{"type":"Feature","properties":{"name":"南港山步道","kind":"steps"},"geometry":{"type":"LineString","coordinates":[[121.58506279999999,25.023133299999994],[121.5850693,25.0228572]]}},{"type":"Feature","properties":{"name":null,"kind":"path"},"geometry":{"type":"LineString","coordinates":[[121.58507540000001,25.023016299999995],[121.5850449,25.02319909999999]]}},{"type":"Feature","properties":{"name":null,"kind":"path"},"geometry":{"type":"LineString","coordinates":[[121.5846988,25.0231537],[121.5849289,25.023064299999994],[121.58497279999999,25.023224399999997],[121.5850495,25.02322569999999]]}},{"type":"Feature","properties":{"name":"南港山步道","kind":"steps"},"geometry":{"type":"LineString","coordinates":[[121.5850638,25.023660099999994],[121.58506279999999,25.023133299999994]]}},{"type":"Feature","properties":{"name":null,"kind":"path"},"geometry":{"type":"LineString","coordinates":[[121.5846988,25.0231537],[121.5850143,25.023446599999993],[121.58502800000001,25.023673199999994]]}},{"type":"Feature","properties":{"name":"#4攀岩天梯","kind":"path"},"geometry":{"type":"LineString","coordinates":[[121.5850638,25.023660099999994],[121.58502800000001,25.023673199999994]]}},{"type":"Feature","properties":{"name":null,"kind":"steps"},"geometry":{"type":"LineString","coordinates":[[121.62212309999998,25.019991399999995],[121.6219615,25.019974099999995]]}},{"type":"Feature","properties":{"name":null,"kind":"path"},"geometry":{"type":"LineString","coordinates":[[121.6219615,25.019974099999995],[121.62194440000002,25.020030899999995]]}},{"type":"Feature","properties":{"name":null,"kind":"path"},"geometry":{"type":"LineString","coordinates":[[121.62194440000002,25.020030899999995],[121.62192530000002,25.0201865],[121.62200779999999,25.020276999999997],[121.6217724,25.0203025],[121.6213734,25.019924899999996],[121.6209933,25.020061400000003],[121.6208678,25.019947999999992],[121.62080350000001,25.02000380000001],[121.62047829999999,25.0199714],[121.6203341,25.0204028],[121.6204141,25.020574099999997],[121.62030690000002,25.020604200000005],[121.62016809999999,25.0208658],[121.6204112,25.021223099999997],[121.6203703,25.0213203]]}},{"type":"Feature","properties":{"name":null,"kind":"service"},"geometry":{"type":"LineString","coordinates":[[121.62411360000002,25.022456199999997],[121.6239377,25.0222491],[121.6238945,25.021929500000002],[121.62397150000001,25.0216473],[121.62379150000001,25.0214375],[121.6237058,25.021179300000004],[121.62314240000002,25.0209806],[121.6228474,25.020737600000004],[121.6227025,25.020470199999995],[121.62260600000002,25.019945199999995]]}},{"type":"Feature","properties":{"name":null,"kind":"track"},"geometry":{"type":"LineString","coordinates":[[121.6196507,25.0216223],[121.6197628,25.021016499999995],[121.61994720000001,25.020857299999996],[121.6202871,25.020905299999995]]}},{"type":"Feature","properties":{"name":"南深路70巷","kind":"residential"},"geometry":{"type":"LineString","coordinates":[[121.62363840000002,25.021841799999997],[121.62201539999998,25.021864599999994],[121.6215895,25.0217266],[121.6214762,25.021778299999998],[121.6210182,25.0223455],[121.6195909,25.022252499999997],[121.61943420000001,25.0221078],[121.6196642,25.0218498],[121.6196507,25.0216223],[121.6189132,25.021539699999998],[121.61829019999999,25.0212857],[121.61790350000001,25.021316399999996],[121.6173918,25.021514500000002],[121.61716450000002,25.021496999999997],[121.61619150000001,25.0208375],[121.6161187,25.0205083]]}},{"type":"Feature","properties":{"name":null,"kind":"service"},"geometry":{"type":"LineString","coordinates":[[121.6237058,25.021179300000004],[121.62400560000002,25.0213206],[121.6246874,25.0218507]]}},{"type":"Feature","properties":{"name":null,"kind":"service"},"geometry":{"type":"LineString","coordinates":[[121.6248967,25.022313100000005],[121.6248268,25.021982],[121.6246874,25.0218507],[121.6244066,25.0219511]]}},{"type":"Feature","properties":{"name":null,"kind":"path"},"geometry":{"type":"LineString","coordinates":[[121.6205849,25.021860499999995],[121.62085980000002,25.0220853],[121.6208497,25.0223545]]}},{"type":"Feature","properties":{"name":null,"kind":"path"},"geometry":{"type":"LineString","coordinates":[[121.62293729999999,25.0218444],[121.62295800000001,25.0220829],[121.62287850000001,25.022280300000002],[121.62270720000001,25.0223627],[121.62259079999998,25.022278499999995]]}},{"type":"Feature","properties":{"name":"石碇隧道","kind":"motorway"},"geometry":{"type":"LineString","coordinates":[[121.6306472,25.032498799999995],[121.6317014,25.0320074],[121.6326186,25.031437299999997],[121.6342735,25.030309000000003],[121.63548319999998,25.0292735],[121.63719980000002,25.027505599999998],[121.63881990000002,25.025339200000005],[121.63938310000002,25.0244215],[121.64064650000002,25.0215983],[121.64182929999998,25.018165600000003],[121.64275999999998,25.0150967],[121.6434735,25.013297099999996],[121.64389319999998,25.0124894]]}},{"type":"Feature","properties":{"name":"石碇隧道","kind":"motorway"},"geometry":{"type":"LineString","coordinates":[[121.64424599999998,25.012544399999992],[121.6434078,25.014201000000003],[121.6430283,25.015203999999997],[121.64217270000002,25.018251400000004],[121.6409683,25.021705599999994],[121.6396835,25.024571699999992],[121.63888689999999,25.025632399999996],[121.637806,25.027296099999994],[121.6363066,25.028936599999994],[121.6351131,25.030019899999992],[121.6335895,25.0311758],[121.6317653,25.0323347],[121.6307528,25.032792999999998]]}},{"type":"Feature","properties":{"name":"南深路91巷","kind":"service"},"geometry":{"type":"LineString","coordinates":[[121.6233784,25.018146899999998],[121.62378430000001,25.018189699999997],[121.6240429,25.018320699999997],[121.62436509999999,25.018785299999994],[121.62443350000001,25.019380599999998],[121.62466759999998,25.0197019],[121.6253877,25.019778799999994],[121.62550709999998,25.020456299999996],[121.62560930000001,25.020618399999996],[121.6258459,25.0206724],[121.6264126,25.0204564],[121.62658080000001,25.020462499999997],[121.62668819999999,25.02053769999999],[121.62675950000002,25.020770799999998],[121.6268633,25.020808],[121.62739539999998,25.020563699999993],[121.6275382,25.02055379999999],[121.62762960000002,25.020631299999998],[121.62763710000002,25.0214089],[121.6277561,25.021850599999997],[121.62801109999998,25.022268699999998],[121.6276292,25.0227493],[121.62746070000001,25.023384200000002],[121.62772600000001,25.023783499999993],[121.6278728,25.0243211],[121.62863750000001,25.024488799999997],[121.62891310000002,25.024637999999996],[121.6291708,25.025160899999996],[121.6293403,25.025322600000003],[121.6293624,25.025610300000004],[121.62928790000001,25.0257264],[121.62846250000001,25.026027699999993],[121.6284156,25.026126299999998],[121.62865510000002,25.026660799999995],[121.62923029999999,25.0273237],[121.629447,25.02799489999999],[121.6299982,25.028057499999996],[121.6303394,25.0281887],[121.63089570000001,25.028184700000004],[121.63098780000001,25.028623099999997],[121.6311167,25.028731099999998],[121.6319937,25.0285101],[121.631873,25.0278478],[121.6322884,25.0278035],[121.63274329999999,25.027503199999998],[121.6330318,25.027669599999996],[121.6333596,25.0280103],[121.63354650000001,25.0279796],[121.6336945,25.027743699999995],[121.633998,25.027537399999993],[121.6341116,25.027593799999995],[121.6341137,25.0277505]]}},{"type":"Feature","properties":{"name":null,"kind":"footway"},"geometry":{"type":"LineString","coordinates":[[121.62527929999999,25.0232817],[121.62545209999999,25.023459699999993],[121.625995,25.023713599999997],[121.6260562,25.023874699999993],[121.62590450000002,25.0240767],[121.6260583,25.0242609],[121.6262131,25.024263700000002],[121.62650480000002,25.024109300000003]]}},{"type":"Feature","properties":{"name":null,"kind":"path"},"geometry":{"type":"LineString","coordinates":[[121.6331794,25.0251055],[121.6328634,25.025684],[121.63266539999998,25.0253573],[121.6322989,25.025017199999994],[121.6321097,25.024544799999994],[121.6315886,25.023993700000002],[121.631402,25.023489800000004],[121.6310981,25.0231605],[121.63098759999998,25.022840300000006],[121.630811,25.022678700000004],[121.6305971,25.0226607],[121.63027,25.022431200000003],[121.63018730000002,25.022205699999997]]}},{"type":"Feature","properties":{"name":null,"kind":"path"},"geometry":{"type":"LineString","coordinates":[[121.6328634,25.025684],[121.63177209999999,25.025733799999998],[121.6307551,25.024559999999997],[121.63047510000001,25.023807499999997],[121.6303972,25.0232125],[121.6305971,25.0226607]]}},{"type":"Feature","properties":{"name":"更寮古道","kind":"footway"},"geometry":{"type":"LineString","coordinates":[[121.63512690000002,25.023882199999996],[121.63513519999998,25.024115999999996],[121.63408980000001,25.02467209999999],[121.63382100000001,25.025016299999997],[121.63364820000001,25.025099299999997],[121.6331794,25.0251055]]}},{"type":"Feature","properties":{"name":null,"kind":"service"},"geometry":{"type":"LineString","coordinates":[[121.6265857,25.025701199999997],[121.6266547,25.025425899999995],[121.62657420000001,25.025153899999996],[121.6261137,25.025382799999996],[121.6254657,25.0252955]]}},{"type":"Feature","properties":{"name":null,"kind":"residential"},"geometry":{"type":"LineString","coordinates":[[121.6168025,25.019021599999995],[121.61651100000002,25.0195084],[121.6161187,25.0205083]]}},{"type":"Feature","properties":{"name":"南深路70巷","kind":"residential"},"geometry":{"type":"LineString","coordinates":[[121.6161187,25.0205083],[121.6160071,25.0201833],[121.6154729,25.019537899999996]]}},{"type":"Feature","properties":{"name":null,"kind":"track"},"geometry":{"type":"LineString","coordinates":[[121.6178571,25.0211313],[121.61786780000001,25.02045319999999]]}},{"type":"Feature","properties":{"name":null,"kind":"track"},"geometry":{"type":"LineString","coordinates":[[121.61837090000002,25.0212951],[121.6178571,25.0211313],[121.61719189999998,25.021138599999997],[121.61709000000002,25.020995199999998]]}},{"type":"Feature","properties":{"name":null,"kind":"path"},"geometry":{"type":"LineString","coordinates":[[121.61722140000002,25.021512099999995],[121.61813389999999,25.021839100000005],[121.61868710000002,25.0222394]]}},{"type":"Feature","properties":{"name":null,"kind":"path"},"geometry":{"type":"LineString","coordinates":[[121.6162393,25.0208808],[121.6156706,25.0210846],[121.615202,25.0213792],[121.6146091,25.0219598],[121.61436049999999,25.0219511],[121.6143126,25.021829800000003],[121.6141118,25.021864499999996],[121.6139779,25.022003099999996],[121.6139397,25.022219699999994],[121.61366239999998,25.022401700000003],[121.61368150000001,25.022575],[121.61360499999999,25.022635699999995],[121.6140066,25.02305159999999],[121.6138728,25.0232249],[121.61406400000001,25.023831399999995],[121.6139779,25.0239094],[121.6142075,25.024541999999997],[121.6140927,25.024697899999993],[121.6139684,25.0253392],[121.6134998,25.0257118],[121.61353810000001,25.026179699999997],[121.6137822,25.0265598]]}},{"type":"Feature","properties":{"name":null,"kind":"service"},"geometry":{"type":"LineString","coordinates":[[121.61642370000001,25.0265473],[121.61585219999999,25.026220599999995],[121.6159085,25.026108800000003],[121.61585219999999,25.0260298],[121.6153479,25.026079700000007]]}},{"type":"Feature","properties":{"name":"研究院路三段161巷","kind":"service"},"geometry":{"type":"LineString","coordinates":[[121.61634840000002,25.0266129],[121.61656779999998,25.026414999999997],[121.6168586,25.026285599999998],[121.6170323,25.026255899999995],[121.61728180000001,25.026396799999997],[121.61735420000001,25.0265597],[121.6175393,25.02629230000001],[121.61770820000001,25.0262899],[121.61794699999999,25.0264673],[121.61909759999999,25.0267152],[121.61936580000001,25.026860999999997],[121.61962740000001,25.027162399999998],[121.6199023,25.027215899999995]]}},{"type":"Feature","properties":{"name":"研究院路三段161巷6","kind":"service"},"geometry":{"type":"LineString","coordinates":[[121.61592870000001,25.0278173],[121.6161673,25.0276315],[121.616347,25.027699499999997],[121.6164221,25.02794499999999],[121.6164892,25.027966899999996],[121.61654550000002,25.027585299999995],[121.6166582,25.027451599999996],[121.61694250000001,25.0273981],[121.6171946,25.0278794],[121.61711410000001,25.028338699999995]]}},{"type":"Feature","properties":{"name":null,"kind":"path"},"geometry":{"type":"LineString","coordinates":[[121.6180884,25.028765899999993],[121.61799649999999,25.028758],[121.6179114,25.0282555],[121.6174407,25.027455900000003],[121.6176666,25.027460799999997],[121.61789860000002,25.0275677],[121.6180978,25.0274511],[121.6183231,25.027479],[121.61856149999998,25.027401399999995]]}},{"type":"Feature","properties":{"name":null,"kind":"service"},"geometry":{"type":"LineString","coordinates":[[121.6240135,25.0227196],[121.62411360000002,25.022456199999997]]}},{"type":"Feature","properties":{"name":null,"kind":"service"},"geometry":{"type":"LineString","coordinates":[[121.62440860000001,25.022893899999996],[121.62411360000002,25.022456199999997]]}},{"type":"Feature","properties":{"name":null,"kind":"path"},"geometry":{"type":"LineString","coordinates":[[121.62252080000002,25.022126],[121.62263240000001,25.022445899999997],[121.62285870000001,25.022615099999996],[121.6229761,25.022904399999994],[121.62313299999998,25.0230183],[121.62301460000002,25.0230499],[121.62300020000002,25.023121300000003],[121.6231796,25.0232185],[121.6228936,25.0237131],[121.62283260000001,25.024295500000008],[121.6226341,25.024715599999997],[121.62246509999999,25.0247412]]}},{"type":"Feature","properties":{"name":null,"kind":"residential"},"geometry":{"type":"LineString","coordinates":[[121.6244399,25.0241669],[121.6242944,25.023821800000004],[121.62410400000002,25.023620100000002],[121.62412540000001,25.023462099999996],[121.62447970000001,25.0230929]]}},{"type":"Feature","properties":{"name":"南深路42巷","kind":"service"},"geometry":{"type":"LineString","coordinates":[[121.6210182,25.0223455],[121.6209719,25.022759499999996],[121.62125629999998,25.0230868],[121.62150640000002,25.023592599999997],[121.62158200000002,25.0240927],[121.62150469999999,25.024502899999995],[121.6209396,25.025177399999997],[121.6209537,25.025333000000003],[121.62109180000002,25.0254654],[121.6212912,25.025439799999997],[121.6216786,25.0250561],[121.62197260000002,25.025187599999995],[121.6221364,25.025181700000005]]}},{"type":"Feature","properties":{"name":null,"kind":"track"},"geometry":{"type":"LineString","coordinates":[[121.62156529999999,25.0241937],[121.62130369999998,25.02412719999999],[121.6212071,25.024341999999997],[121.62104049999999,25.0243414],[121.6209312,25.02412779999999],[121.62095230000001,25.023788099999997],[121.62070390000001,25.023783299999998]]}},{"type":"Feature","properties":{"name":null,"kind":"service"},"geometry":{"type":"LineString","coordinates":[[121.6240502,25.022361],[121.6242478,25.0223272],[121.62464989999998,25.022558499999995],[121.6248967,25.022313100000005],[121.6250387,25.023396499999997],[121.6250267,25.024448299999996],[121.6253499,25.025405599999996],[121.6252352,25.025597699999995],[121.62470619999999,25.0257705],[121.62453820000002,25.026103899999995],[121.62440439999999,25.0261967],[121.6237504,25.0263594]]}},{"type":"Feature","properties":{"name":null,"kind":"track"},"geometry":{"type":"LineString","coordinates":[[121.62021000000001,25.024873599999996],[121.62034150000001,25.0250966],[121.62077529999999,25.02543199999999],[121.62109180000002,25.0254654],[121.62128830000002,25.0259132]]}},{"type":"Feature","properties":{"name":null,"kind":"path"},"geometry":{"type":"LineString","coordinates":[[121.6220119,25.0251901],[121.622044,25.0253147],[121.62167179999999,25.0255936]]}},{"type":"Feature","properties":{"name":null,"kind":"service"},"geometry":{"type":"LineString","coordinates":[[121.6241886,25.0255776],[121.62396580000001,25.025376599999998],[121.6238074,25.0253372]]}},{"type":"Feature","properties":{"name":null,"kind":"footway"},"geometry":{"type":"LineString","coordinates":[[121.6261915,25.025356600000002],[121.62631710000001,25.025514299999998],[121.6266085,25.025654499999995]]}},{"type":"Feature","properties":{"name":null,"kind":"path"},"geometry":{"type":"LineString","coordinates":[[121.62928790000001,25.0257264],[121.62905080000002,25.0254337],[121.6285626,25.0255576],[121.62804489999999,25.0253729],[121.62743070000002,25.025394799999997],[121.627184,25.025470099999996],[121.62688620000002,25.025771499999998],[121.62679500000002,25.0259781]]}},{"type":"Feature","properties":{"name":null,"kind":"service"},"geometry":{"type":"LineString","coordinates":[[121.6265476,25.0257619],[121.6265857,25.025701199999997]]}},{"type":"Feature","properties":{"name":null,"kind":"footway"},"geometry":{"type":"LineString","coordinates":[[121.62599120000002,25.024207100000005],[121.62557080000002,25.024367999999996],[121.62540860000001,25.024569500000002],[121.62602540000002,25.025113899999997],[121.6257514,25.025751899999992],[121.62582200000001,25.0260216],[121.62555190000002,25.0263727],[121.62559469999998,25.0267963],[121.62514370000001,25.027235],[121.62497540000001,25.027512399999992],[121.6249947,25.027621099999998],[121.6253464,25.0279785]]}},{"type":"Feature","properties":{"name":null,"kind":"service"},"geometry":{"type":"LineString","coordinates":[[121.62479200000001,25.026406000000005],[121.6250032,25.026392700000006],[121.62537979999999,25.0261765],[121.6255287,25.0261943],[121.62622919999998,25.02636889999999],[121.6264985,25.026614900000002],[121.6265801,25.0264085],[121.6264435,25.026053],[121.6265476,25.0257619]]}},{"type":"Feature","properties":{"name":null,"kind":"path"},"geometry":{"type":"LineString","coordinates":[[121.63168030000001,25.025645100000002],[121.63140450000002,25.0264348],[121.6308037,25.026570899999996],[121.6292715,25.0274073]]}},{"type":"Feature","properties":{"name":null,"kind":"path"},"geometry":{"type":"LineString","coordinates":[[121.6308037,25.026570899999996],[121.63094619999998,25.0266164],[121.6310035,25.026892099999998],[121.6311398,25.026864700000004],[121.6314924,25.026491],[121.6315934,25.026205899999997],[121.6315278,25.026195299999998]]}},{"type":"Feature","properties":{"name":null,"kind":"path"},"geometry":{"type":"LineString","coordinates":[[121.6345795,25.026187999999998],[121.6336033,25.027584499999996],[121.63363640000001,25.0278296]]}},{"type":"Feature","properties":{"name":null,"kind":"footway"},"geometry":{"type":"LineString","coordinates":[[121.6240194,25.027085299999996],[121.62465799999998,25.0272431],[121.6253192,25.026887899999995],[121.62602930000001,25.0271587],[121.6264299,25.0274571],[121.6266724,25.027311000000005]]}},{"type":"Feature","properties":{"name":null,"kind":"footway"},"geometry":{"type":"LineString","coordinates":[[121.6264299,25.0274571],[121.6261623,25.0275699],[121.6257279,25.027321299999993],[121.6250631,25.027379999999994],[121.62465799999998,25.0272431]]}},{"type":"Feature","properties":{"name":null,"kind":"footway"},"geometry":{"type":"LineString","coordinates":[[121.62418440000002,25.025455099999995],[121.6242977,25.025496999999998]]}},{"type":"Feature","properties":{"name":null,"kind":"service"},"geometry":{"type":"LineString","coordinates":[[121.6242474,25.026015399999995],[121.62470619999999,25.0257705]]}},{"type":"Feature","properties":{"name":null,"kind":"service"},"geometry":{"type":"LineString","coordinates":[[121.62657420000001,25.025153899999996],[121.6263733,25.024672900000006],[121.6264978,25.0238972],[121.6262832,25.023413499999993],[121.62610349999999,25.023199599999998],[121.6258863,25.023095099999995],[121.6255779,25.023083],[121.62523309999999,25.023328799999998],[121.62507949999998,25.023888099999994],[121.6251821,25.024664399999995],[121.6254657,25.0252955],[121.62545150000001,25.0254438],[121.6253739,25.025598100000003],[121.624995,25.025931999999997],[121.6247036,25.026501299999996],[121.62417280000001,25.0267116],[121.6239068,25.027484400000002],[121.6237475,25.027598799999996],[121.6233328,25.027708],[121.6231451,25.027853800000003],[121.62298020000001,25.028208000000003],[121.62295320000001,25.0288322]]}},{"type":"Feature","properties":{"name":null,"kind":"service"},"geometry":{"type":"LineString","coordinates":[[121.624124,25.026044799999998],[121.6242474,25.026015399999995]]}},{"type":"Feature","properties":{"name":"南深路","kind":"secondary"},"geometry":{"type":"LineString","coordinates":[[121.623086,25.017274199999992],[121.6231103,25.0176275],[121.6235447,25.018493000000003],[121.6235105,25.0187427],[121.623302,25.0189882],[121.62300999999998,25.0191753],[121.62248510000002,25.019125],[121.6223035,25.0192471],[121.6221106,25.0200514],[121.6221258,25.0202612],[121.62273020000002,25.0209179],[121.62355140000001,25.0214692],[121.62364209999998,25.021724199999998],[121.6234864,25.022241499999996],[121.6235527,25.022495400000004],[121.62440860000001,25.022893899999996],[121.6244811,25.0230076],[121.62440580000002,25.024999199999996],[121.62412090000001,25.025716299999996],[121.62359820000002,25.025977199999996],[121.6234553,25.026231699999997],[121.62370750000001,25.026803599999997],[121.62366780000002,25.0271407],[121.6234295,25.0273726],[121.62271739999998,25.027607099999997],[121.6224563,25.028170700000004],[121.62232889999999,25.028846799999997],[121.6221487,25.028997899999997],[121.6213389,25.029373799999995],[121.6212528,25.029546899999996],[121.6212664,25.029700399999996],[121.62103780000001,25.030410299999996],[121.6210703,25.030532600000004],[121.62123760000001,25.030683300000003],[121.62205279999999,25.031044599999994],[121.62226070000001,25.031209499999996],[121.6224246,25.0320337],[121.6227391,25.032402299999994],[121.6228508,25.0327237],[121.6232107,25.033170399999996],[121.6232285,25.0333277],[121.62305030000002,25.0335846],[121.6221367,25.0340357],[121.6220207,25.0341764],[121.6221712,25.0346999],[121.62210410000002,25.0350338],[121.62182489999998,25.035212400000002],[121.6211504,25.035224299999992]]}},{"type":"Feature","properties":{"name":null,"kind":"service"},"geometry":{"type":"LineString","coordinates":[[121.62356280000002,25.026488299999993],[121.624124,25.026044799999998]]}},{"type":"Feature","properties":{"name":"研究院路三段25巷","kind":"service"},"geometry":{"type":"LineString","coordinates":[[121.6200251,25.0275127],[121.6199023,25.027215899999995],[121.620365,25.027217099999998],[121.62035160000002,25.0266812],[121.62025230000002,25.0265682],[121.61988750000002,25.0264904],[121.61976010000001,25.0260238]]}},{"type":"Feature","properties":{"name":"研究院路三段25巷","kind":"path"},"geometry":{"type":"LineString","coordinates":[[121.6189156,25.0282943],[121.61856540000001,25.0282096],[121.6186062,25.027961799999996],[121.61854310000001,25.027806899999998],[121.6186403,25.027694900000004],[121.6185478,25.0276105],[121.61856149999998,25.027401399999995],[121.61913800000002,25.027375499999998],[121.61983590000001,25.02758229999999],[121.6200251,25.0275127]]}},{"type":"Feature","properties":{"name":null,"kind":"footway"},"geometry":{"type":"LineString","coordinates":[[121.6234762,25.0276784],[121.6245902,25.028250399999997]]}},{"type":"Feature","properties":{"name":null,"kind":"path"},"geometry":{"type":"LineString","coordinates":[[121.6210972,25.030739899999993],[121.6205286,25.0303841],[121.62040119999999,25.030230200000002],[121.6204047,25.0298935],[121.62025960000001,25.0297748],[121.6201641,25.029367599999997],[121.62030210000002,25.029027600000003],[121.62029500000001,25.0287134],[121.61976419999999,25.02807839999999],[121.6200139,25.0275392],[121.6200806,25.027525200000003],[121.6202281,25.027659499999995],[121.6202027,25.028171],[121.6204521,25.0283023],[121.62070960000001,25.0282452],[121.62101130000002,25.028003400000006],[121.62138220000001,25.0273702],[121.62124600000001,25.027025099999996],[121.62114010000002,25.0263045],[121.6210455,25.026348900000002],[121.6208967,25.026069399999997],[121.62110919999999,25.0259582],[121.62091549999998,25.0256252],[121.6209148,25.025486699999995]]}},{"type":"Feature","properties":{"name":null,"kind":"service"},"geometry":{"type":"LineString","coordinates":[[121.6264985,25.026614900000002],[121.62629100000001,25.0269692],[121.62681450000001,25.027507999999997],[121.62660219999998,25.0282552]]}},{"type":"Feature","properties":{"name":null,"kind":"steps"},"geometry":{"type":"LineString","coordinates":[[121.6330318,25.027669599999996],[121.6332248,25.027714699999997]]}},{"type":"Feature","properties":{"name":null,"kind":"service"},"geometry":{"type":"LineString","coordinates":[[121.6331908,25.027838099999993],[121.6333361,25.027899499999993],[121.633438,25.027879400000003],[121.6334179,25.0277998]]}},{"type":"Feature","properties":{"name":null,"kind":"path"},"geometry":{"type":"LineString","coordinates":[[121.6293825,25.0278729],[121.6289118,25.027834399999996],[121.6287867,25.0282818],[121.6295011,25.028024500000008]]}},{"type":"Feature","properties":{"name":"更寮古道","kind":"steps"},"geometry":{"type":"LineString","coordinates":[[121.6328794,25.0310352],[121.6334934,25.0306127],[121.63351640000002,25.030251200000002],[121.6337794,25.029729600000003],[121.63408,25.0282492],[121.6341137,25.0277505],[121.63418250000001,25.028186299999998],[121.6342789,25.028275299999997],[121.63464720000002,25.0279783],[121.6346336,25.0277516],[121.63468989999998,25.0276868],[121.6347821,25.027722099999995],[121.63507710000002,25.027202899999995],[121.63496740000001,25.027085],[121.6349816,25.026943999999997],[121.63478910000002,25.026869],[121.634732,25.0267691],[121.63480680000002,25.026616099999995],[121.6347226,25.0265656],[121.6345043,25.0259468],[121.63442120000002,25.025915000000005],[121.6341881,25.026014699999994],[121.63415480000002,25.0258828],[121.63386120000001,25.0257396],[121.6338058,25.025598399999996],[121.6335587,25.025494700000003],[121.63327790000001,25.025491699999996],[121.63332630000001,25.0252075],[121.6331794,25.0251055]]}},{"type":"Feature","properties":{"name":null,"kind":"footway"},"geometry":{"type":"LineString","coordinates":[[121.6258212,25.0282745],[121.62565550000001,25.027935200000005],[121.625439,25.027906900000005],[121.6253464,25.0279785],[121.6252482,25.028320800000003]]}},{"type":"Feature","properties":{"name":null,"kind":"footway"},"geometry":{"type":"LineString","coordinates":[[121.62625680000001,25.028283100000003],[121.6256137,25.028708300000005],[121.6250352,25.028564300000003]]}},{"type":"Feature","properties":{"name":null,"kind":"track"},"geometry":{"type":"LineString","coordinates":[[121.62576380000002,25.0291263],[121.62602100000001,25.028799600000003],[121.62648239999999,25.028507699999995],[121.626937,25.028323399999998]]}},{"type":"Feature","properties":{"name":null,"kind":"track"},"geometry":{"type":"LineString","coordinates":[[121.6311167,25.028731099999998],[121.63117560000002,25.028778600000003],[121.6316597,25.028716],[121.6317791,25.0288193]]}},{"type":"Feature","properties":{"name":null,"kind":"track"},"geometry":{"type":"LineString","coordinates":[[121.6268926,25.028273999999996],[121.6269662,25.028377200000005],[121.62682079999999,25.0285751],[121.62680340000001,25.028748599999997],[121.6270127,25.029062],[121.627472,25.0293764],[121.6278722,25.02955499999999],[121.62825160000001,25.0294733],[121.62885640000002,25.0295253]]}},{"type":"Feature","properties":{"name":null,"kind":"footway"},"geometry":{"type":"LineString","coordinates":[[121.6239779,25.028265299999994],[121.6242219,25.028013199999997]]}},{"type":"Feature","properties":{"name":null,"kind":"path"},"geometry":{"type":"LineString","coordinates":[[121.62412740000002,25.028506099999994],[121.62452,25.028317299999998],[121.62521539999999,25.0278061]]}},{"type":"Feature","properties":{"name":null,"kind":"service"},"geometry":{"type":"LineString","coordinates":[[121.62315890000002,25.0287611],[121.62310679999999,25.0282362],[121.62319230000001,25.028101199999995],[121.6237081,25.028128700000003],[121.62402810000002,25.0282986],[121.6241164,25.0284211],[121.62412740000002,25.028506099999994],[121.62376330000001,25.028791],[121.62315890000002,25.0287611]]}},{"type":"Feature","properties":{"name":null,"kind":"service"},"geometry":{"type":"LineString","coordinates":[[121.62311880000001,25.028357399999997],[121.6234405,25.028291200000005],[121.6237514,25.028402300000003],[121.62397860000002,25.028622499999994]]}},{"type":"Feature","properties":{"name":"研究院路三段25巷","kind":"steps"},"geometry":{"type":"LineString","coordinates":[[121.6189285,25.028660699999996],[121.6189156,25.0282943]]}},{"type":"Feature","properties":{"name":null,"kind":"service"},"geometry":{"type":"LineString","coordinates":[[121.62263130000001,25.0289518],[121.62295320000001,25.0288322],[121.62368500000001,25.028906799999998],[121.62504440000001,25.028351199999996],[121.62574880000001,25.0282736],[121.6268926,25.028273999999996]]}},{"type":"Feature","properties":{"name":null,"kind":"service"},"geometry":{"type":"LineString","coordinates":[[121.6231471,25.0286422],[121.62348930000002,25.028585699999997],[121.6236503,25.0287148],[121.6236191,25.028806600000003]]}},{"type":"Feature","properties":{"name":null,"kind":"footway"},"geometry":{"type":"LineString","coordinates":[[121.62514099999999,25.028336800000005],[121.6250352,25.028564300000003],[121.62452419999998,25.0287555],[121.6245693,25.029010600000003],[121.62468640000002,25.029155699999997]]}},{"type":"Feature","properties":{"name":null,"kind":"service"},"geometry":{"type":"LineString","coordinates":[[121.62316919999999,25.0288643],[121.62315890000002,25.0287611]]}},{"type":"Feature","properties":{"name":null,"kind":"footway"},"geometry":{"type":"LineString","coordinates":[[121.6238513,25.028859400000005],[121.62389220000001,25.028933200000004]]}},{"type":"Feature","properties":{"name":null,"kind":"service"},"geometry":{"type":"LineString","coordinates":[[121.62236659999999,25.0294056],[121.6229914,25.02950209999999],[121.62568450000002,25.02929569999999],[121.6258012,25.028753699999996],[121.6264531,25.028302199999995]]}},{"type":"Feature","properties":{"name":"南深路36巷","kind":"service"},"geometry":{"type":"LineString","coordinates":[[121.62199580000001,25.029067199999997],[121.6219311,25.0288672]]}},{"type":"Feature","properties":{"name":null,"kind":"service"},"geometry":{"type":"LineString","coordinates":[[121.6225522,25.0290179],[121.62263130000001,25.0289518]]}},{"type":"Feature","properties":{"name":null,"kind":"footway"},"geometry":{"type":"LineString","coordinates":[[121.62389220000001,25.028933200000004],[121.62405700000001,25.029117999999997]]}},{"type":"Feature","properties":{"name":null,"kind":"footway"},"geometry":{"type":"LineString","coordinates":[[121.6224469,25.0293972],[121.62295320000001,25.0288322]]}},{"type":"Feature","properties":{"name":null,"kind":"footway"},"geometry":{"type":"LineString","coordinates":[[121.62405700000001,25.029117999999997],[121.62418920000002,25.029285700000006]]}},{"type":"Feature","properties":{"name":null,"kind":"service"},"geometry":{"type":"LineString","coordinates":[[121.6212664,25.029700399999996],[121.6217631,25.029339199999992],[121.62236659999999,25.0294056],[121.6225522,25.0290179]]}},{"type":"Feature","properties":{"name":null,"kind":"footway"},"geometry":{"type":"LineString","coordinates":[[121.6228115,25.0294956],[121.622852,25.0293656],[121.62305280000001,25.029245599999992],[121.62339110000002,25.0293686]]}},{"type":"Feature","properties":{"name":null,"kind":"footway"},"geometry":{"type":"LineString","coordinates":[[121.6233008,25.029478],[121.6233352,25.0293906],[121.6235966,25.029347899999994]]}},{"type":"Feature","properties":{"name":null,"kind":"service"},"geometry":{"type":"LineString","coordinates":[[121.6227358,25.02948289999999],[121.6226931,25.0296001]]}},{"type":"Feature","properties":{"name":null,"kind":"path"},"geometry":{"type":"LineString","coordinates":[[121.5971524,25.019873799999996],[121.5972745,25.020046],[121.59837850000001,25.0205471],[121.59827019999999,25.020641799999993],[121.59839460000002,25.0207551],[121.59753069999998,25.020921],[121.59746910000001,25.0211108],[121.59744750000002,25.0213481],[121.5975554,25.021515599999997],[121.59788190000002,25.021814399999997],[121.5981974,25.021849999999997]]}},{"type":"Feature","properties":{"name":null,"kind":"path"},"geometry":{"type":"LineString","coordinates":[[121.59781449999998,25.0208504],[121.5977993,25.021013399999998],[121.59810939999998,25.0210055],[121.59884940000002,25.0213761],[121.59876310000001,25.021565900000002],[121.5981974,25.021849999999997]]}},{"type":"Feature","properties":{"name":"研究院路四段","kind":"unclassified"},"geometry":{"type":"LineString","coordinates":[[121.59972089999998,25.025004699999993],[121.5978428,25.024203599999993],[121.5964086,25.022913699999993],[121.5961549,25.022277399999997],[121.59595210000002,25.020891299999995],[121.5960393,25.020586],[121.59661280000002,25.019822199999997],[121.5966502,25.0195892],[121.59643729999999,25.019428199999997]]}},{"type":"Feature","properties":{"name":null,"kind":"service"},"geometry":{"type":"LineString","coordinates":[[121.59720720000001,25.023652],[121.5970244,25.023672299999998],[121.5967588,25.023555699999996],[121.59681780000001,25.0238862]]}},{"type":"Feature","properties":{"name":null,"kind":"service"},"geometry":{"type":"LineString","coordinates":[[121.59802090000001,25.0240792],[121.5980393,25.0240311]]}},{"type":"Feature","properties":{"name":null,"kind":"service"},"geometry":{"type":"LineString","coordinates":[[121.5980705,25.0242244],[121.59802090000001,25.0240792]]}},{"type":"Feature","properties":{"name":null,"kind":"service"},"geometry":{"type":"LineString","coordinates":[[121.5980828,25.024320200000002],[121.5980705,25.0242244]]}},{"type":"Feature","properties":{"name":null,"kind":"service"},"geometry":{"type":"LineString","coordinates":[[121.5977837,25.0241645],[121.5975286,25.024407599999996],[121.59735599999999,25.024406899999995]]}},{"type":"Feature","properties":{"name":null,"kind":"service"},"geometry":{"type":"LineString","coordinates":[[121.5992616,25.024211299999997],[121.5992232,25.0244231],[121.5993945,25.0245827]]}},{"type":"Feature","properties":{"name":null,"kind":"service"},"geometry":{"type":"LineString","coordinates":[[121.5975286,25.024407599999996],[121.5976265,25.0245893]]}},{"type":"Feature","properties":{"name":null,"kind":"path"},"geometry":{"type":"LineString","coordinates":[[121.6049597,25.0240363],[121.60516950000002,25.0234494],[121.6057657,25.022754899999992]]}},{"type":"Feature","properties":{"name":"研究院路四段21巷","kind":"track"},"geometry":{"type":"LineString","coordinates":[[121.6038613,25.0245874],[121.60392900000001,25.0243784],[121.6041523,25.024321299999997],[121.604263,25.0241445],[121.6040209,25.0237259],[121.6041342,25.0236086],[121.6044313,25.023502900000004],[121.60448420000002,25.0232902]]}},{"type":"Feature","properties":{"name":null,"kind":"service"},"geometry":{"type":"LineString","coordinates":[[121.6029751,25.024573199999995],[121.60247020000001,25.024076700000002]]}},{"type":"Feature","properties":{"name":null,"kind":"service"},"geometry":{"type":"LineString","coordinates":[[121.600858,25.024376999999998],[121.6009646,25.024170599999998],[121.6013011,25.024289599999996],[121.6015238,25.024504499999995]]}},{"type":"Feature","properties":{"name":"研究院路四段21巷","kind":"service"},"geometry":{"type":"LineString","coordinates":[[121.6019789,25.025522299999995],[121.6021024,25.0254223],[121.602828,25.0252205],[121.6028602,25.025089899999994],[121.60210309999998,25.024341899999992],[121.60173970000001,25.0241014],[121.6018456,25.023792099999998],[121.60223800000001,25.023519799999995],[121.6024625,25.0234883],[121.60263349999998,25.023568399999995],[121.60374869999998,25.024673599999996],[121.6039726,25.024499899999995],[121.60425560000002,25.024506000000002],[121.60470690000001,25.024342000000004],[121.6049597,25.0240363]]}},{"type":"Feature","properties":{"name":null,"kind":"motorway_link"},"geometry":{"type":"LineString","coordinates":[[121.6030848,25.024484699999995],[121.6028157,25.0247018]]}},{"type":"Feature","properties":{"name":"研究院路四段21巷","kind":"service"},"geometry":{"type":"LineString","coordinates":[[121.60137270000001,25.025594700000003],[121.6013537,25.025407599999998],[121.6015459,25.0250628],[121.6015114,25.024723300000005],[121.6011011,25.024251399999997],[121.6011793,25.0239722],[121.60097040000001,25.0238013]]}},{"type":"Feature","properties":{"name":null,"kind":"path"},"geometry":{"type":"LineString","coordinates":[[121.6066441,25.024455000000003],[121.6064633,25.0248528],[121.6066593,25.025124399999992],[121.6065936,25.025219699999997]]}},{"type":"Feature","properties":{"name":null,"kind":"service"},"geometry":{"type":"LineString","coordinates":[[121.602828,25.0252205],[121.6030285,25.0251628]]}},{"type":"Feature","properties":{"name":"福爾摩沙高速公路","kind":"motorway"},"geometry":{"type":"LineString","coordinates":[[121.6023272,25.0237051],[121.6030848,25.024484699999995],[121.6045082,25.025740799999998],[121.60623310000001,25.026964599999996]]}},{"type":"Feature","properties":{"name":"研究院路四段162巷","kind":"service"},"geometry":{"type":"LineString","coordinates":[[121.59251759999998,25.018985199999992],[121.59244220000001,25.019197900000005],[121.5922147,25.0194045],[121.5921488,25.019532699999996],[121.59219049999999,25.019713799999998],[121.591939,25.0200592],[121.59116859999999,25.0206375],[121.59089800000001,25.021033499999998]]}},{"type":"Feature","properties":{"name":null,"kind":"service"},"geometry":{"type":"LineString","coordinates":[[121.5977837,25.0241645],[121.59740040000001,25.024354799999998],[121.5972199,25.024586099999997],[121.597195,25.025102599999997],[121.5966448,25.025484599999995],[121.59704040000001,25.0262045],[121.59667799999998,25.0273502],[121.5963115,25.0277371],[121.59617150000001,25.0280018],[121.59632750000002,25.028361899999993],[121.5957537,25.028642499999993],[121.59542749999999,25.0291396],[121.59497299999998,25.0296335],[121.5947049,25.029779899999998],[121.5940478,25.029567300000004],[121.593856,25.029680900000002],[121.5937673,25.029658799999996],[121.59355820000002,25.029407400000004],[121.5933221,25.0293722],[121.5925584,25.028907700000005]]}},{"type":"Feature","properties":{"name":null,"kind":"path"},"geometry":{"type":"LineString","coordinates":[[121.59136749999999,25.027857799999992],[121.5918276,25.0278101],[121.5920274,25.027903100000003]]}},{"type":"Feature","properties":{"name":null,"kind":"path"},"geometry":{"type":"LineString","coordinates":[[121.59519999999999,25.028125599999992],[121.59524170000002,25.0282995],[121.59499690000001,25.028396299999997]]}},{"type":"Feature","properties":{"name":null,"kind":"path"},"geometry":{"type":"LineString","coordinates":[[121.59180559999999,25.02976559999999],[121.5917934,25.0295014],[121.59151450000002,25.029468299999998],[121.59159169999998,25.029271999999995],[121.59189,25.029223299999998],[121.59150370000002,25.029102799999997],[121.59140929999998,25.028921999999994],[121.59119050000001,25.0291261],[121.5909909,25.029062],[121.59093300000002,25.028984199999996],[121.59101020000001,25.0287217],[121.5908805,25.0286324]]}},{"type":"Feature","properties":{"name":null,"kind":"service"},"geometry":{"type":"LineString","coordinates":[[121.59497299999998,25.0296335],[121.594823,25.029499099999995]]}},{"type":"Feature","properties":{"name":null,"kind":"path"},"geometry":{"type":"LineString","coordinates":[[121.5912942,25.029876200000004],[121.5921168,25.029718099999997],[121.59239410000002,25.029740499999996],[121.5925543,25.029868899999997],[121.5930658,25.029880000000002],[121.59331529999999,25.0300224],[121.59362340000001,25.0300085],[121.59408880000001,25.0295791]]}},{"type":"Feature","properties":{"name":null,"kind":"path"},"geometry":{"type":"LineString","coordinates":[[121.5947049,25.029779899999998],[121.5949899,25.0303148],[121.5953274,25.0305763],[121.59541270000001,25.030852599999996],[121.59563750000001,25.030952699999997]]}},{"type":"Feature","properties":{"name":"南港山步道","kind":"footway"},"geometry":{"type":"LineString","coordinates":[[121.5920277,25.0309982],[121.5916892,25.0306449],[121.59165889999998,25.030379299999996],[121.59122860000001,25.0299654]]}},{"type":"Feature","properties":{"name":null,"kind":"path"},"geometry":{"type":"LineString","coordinates":[[121.6065851,25.026470999999997],[121.6068828,25.0260469],[121.60692169999999,25.0255924],[121.6073133,25.0250553],[121.60727840000001,25.0247989],[121.60734080000002,25.024672500000005],[121.60728179999998,25.024426999999996],[121.606797,25.02454489999999],[121.6067031,25.024465300000003]]}},{"type":"Feature","properties":{"name":"福爾摩沙高速公路","kind":"motorway"},"geometry":{"type":"LineString","coordinates":[[121.60612060000001,25.027124799999992],[121.604306,25.0259226],[121.6028157,25.0247018],[121.60193650000001,25.0238513]]}},{"type":"Feature","properties":{"name":"研究院路四段","kind":"unclassified"},"geometry":{"type":"LineString","coordinates":[[121.6045025,25.027007099999995],[121.6038574,25.026621599999995],[121.60344769999999,25.026130599999995],[121.60318849999999,25.0256402],[121.6030725,25.025572099999998],[121.60288480000001,25.025530299999996],[121.60244560000001,25.025593399999998],[121.6019789,25.025522299999995],[121.6016369,25.025693099999998],[121.6012346,25.0255533],[121.60087379999999,25.025637200000002],[121.6004258,25.0253031],[121.5998682,25.025062399999996]]}},{"type":"Feature","properties":{"name":"研究院路三段281巷","kind":"service"},"geometry":{"type":"LineString","coordinates":[[121.6062987,25.026737299999997],[121.6062357,25.026656900000003],[121.60666819999999,25.026392600000005]]}},{"type":"Feature","properties":{"name":null,"kind":"path"},"geometry":{"type":"LineString","coordinates":[[121.6062987,25.026737299999997],[121.606283,25.026972],[121.6061435,25.027241099999998],[121.60603719999999,25.0272761],[121.60547530000001,25.0269164],[121.60542030000002,25.027105299999995],[121.60523829999998,25.0269498],[121.60500260000002,25.0269231]]}},{"type":"Feature","properties":{"name":"守信橋","kind":"unclassified"},"geometry":{"type":"LineString","coordinates":[[121.6045501,25.0270315],[121.6045025,25.027007099999995]]}},{"type":"Feature","properties":{"name":"福爾摩沙高速公路","kind":"motorway"},"geometry":{"type":"LineString","coordinates":[[121.60623310000001,25.026964599999996],[121.60715020000002,25.027551599999995]]}},{"type":"Feature","properties":{"name":null,"kind":"track"},"geometry":{"type":"LineString","coordinates":[[121.6018037,25.027248299999997],[121.6018862,25.027337099999993]]}},{"type":"Feature","properties":{"name":"福爾摩沙高速公路","kind":"motorway"},"geometry":{"type":"LineString","coordinates":[[121.60706039999998,25.0276837],[121.60612060000001,25.027124799999992]]}},{"type":"Feature","properties":{"name":"研究院路三段281巷","kind":"service"},"geometry":{"type":"LineString","coordinates":[[121.60659979999998,25.0282992],[121.6064644,25.027053699999996],[121.6065495,25.0266418],[121.6062987,25.026737299999997]]}},{"type":"Feature","properties":{"name":null,"kind":"service"},"geometry":{"type":"LineString","coordinates":[[121.60981720000001,25.0238814],[121.60958649999999,25.023735000000002],[121.6092478,25.023867399999997],[121.6091747,25.0236383],[121.6090018,25.0234585],[121.60802070000001,25.023070800000003],[121.60788059999999,25.023406200000004]]}},{"type":"Feature","properties":{"name":null,"kind":"service"},"geometry":{"type":"LineString","coordinates":[[121.6077358,25.024124399999998],[121.60851360000001,25.024202199999998]]}},{"type":"Feature","properties":{"name":"研究院路三段161巷","kind":"service"},"geometry":{"type":"LineString","coordinates":[[121.61592870000001,25.0278173],[121.6159477,25.0272336],[121.6163624,25.026724599999998],[121.6163024,25.026594199999998],[121.61615820000002,25.0266476],[121.6160435,25.0268295],[121.6155367,25.0270548],[121.6153741,25.02745339999999],[121.61516370000001,25.0275227],[121.6148482,25.0275054],[121.61437960000002,25.0277567],[121.61427440000001,25.0277393],[121.6139397,25.027366699999998],[121.6137867,25.027323399999993],[121.6135859,25.027410099999997],[121.6134807,25.027618000000007],[121.61353810000001,25.027799999999996],[121.6133444,25.028176799999997],[121.61319330000002,25.028210799999993],[121.61334970000001,25.0277408],[121.6132008,25.027498600000005],[121.6131602,25.0271047],[121.61337549999999,25.026855500000003],[121.6138242,25.026692700000005],[121.6138168,25.026585599999994],[121.61308560000002,25.026712799999988],[121.6127978,25.027075400000005],[121.61228009999999,25.027180199999997],[121.6120672,25.026576099999996],[121.611675,25.026408099999998],[121.6112346,25.02651339999999],[121.61108609999998,25.0264808],[121.6102114,25.025575399999997],[121.6102141,25.025415000000002],[121.61056009999999,25.025193799999997],[121.6106674,25.0248973],[121.61065400000001,25.024199800000005],[121.6108545,25.023757999999994],[121.610774,25.023589099999995],[121.60922970000001,25.0240151],[121.6087979,25.023781799999995],[121.60851360000001,25.023772],[121.6083205,25.0239713],[121.6072336,25.0241956],[121.6066441,25.024455000000003],[121.6066052,25.0243669],[121.60675939999999,25.023973799999997],[121.6064322,25.0231699],[121.606575,25.022950500000004],[121.60661260000002,25.0227069],[121.60687010000001,25.022581700000003],[121.6068948,25.0224587],[121.6064199,25.021892899999997],[121.60612239999999,25.021800000000002],[121.6057442,25.0219035],[121.60547730000002,25.021687900000003]]}},{"type":"Feature","properties":{"name":"福爾摩沙高速公路","kind":"motorway"},"geometry":{"type":"LineString","coordinates":[[121.60715020000002,25.027551599999995],[121.60882110000001,25.0285682]]}},{"type":"Feature","properties":{"name":"福爾摩沙高速公路","kind":"motorway"},"geometry":{"type":"LineString","coordinates":[[121.6088278,25.0287139],[121.60706039999998,25.0276837]]}},{"type":"Feature","properties":{"name":null,"kind":"service"},"geometry":{"type":"LineString","coordinates":[[121.61319330000002,25.028210799999993],[121.6130546,25.028489399999998],[121.61306,25.028814999999998],[121.6129688,25.0289268],[121.6128347,25.028888],[121.61272240000001,25.028744499999995],[121.61262550000001,25.028178299999993],[121.61253960000002,25.028100499999994],[121.6124162,25.0280908],[121.6121588,25.0282366]]}},{"type":"Feature","properties":{"name":"福爾摩沙高速公路","kind":"motorway"},"geometry":{"type":"LineString","coordinates":[[121.60882110000001,25.0285682],[121.6133906,25.0312563]]}},{"type":"Feature","properties":{"name":"福爾摩沙高速公路","kind":"motorway"},"geometry":{"type":"LineString","coordinates":[[121.6133117,25.031353900000003],[121.6088278,25.0287139]]}},{"type":"Feature","properties":{"name":null,"kind":"service"},"geometry":{"type":"LineString","coordinates":[[121.60983130000001,25.030626199999993],[121.6097508,25.030428799999996],[121.60930890000002,25.0301998]]}},{"type":"Feature","properties":{"name":null,"kind":"track"},"geometry":{"type":"LineString","coordinates":[[121.60849619999999,25.030538899999996],[121.60834260000001,25.030466499999996],[121.6081931,25.0305279],[121.6080449,25.0304932]]}},{"type":"Feature","properties":{"name":null,"kind":"service"},"geometry":{"type":"LineString","coordinates":[[121.5993945,25.0245827],[121.5993439,25.024710799999998]]}},{"type":"Feature","properties":{"name":null,"kind":"service"},"geometry":{"type":"LineString","coordinates":[[121.5993439,25.024710799999998],[121.5993577,25.024855399999996]]}},{"type":"Feature","properties":{"name":"麗山橋","kind":"unclassified"},"geometry":{"type":"LineString","coordinates":[[121.5998682,25.025062399999996],[121.59972089999998,25.025004699999993]]}},{"type":"Feature","properties":{"name":"研究院路四段50巷","kind":"service"},"geometry":{"type":"LineString","coordinates":[[121.5995414,25.0249309],[121.5993344,25.0251992],[121.5991389,25.0252923],[121.59908990000001,25.0254435],[121.5994239,25.025456999999996],[121.5996196,25.02556449999999],[121.5998722,25.0259724]]}},{"type":"Feature","properties":{"name":"研究院路四段50巷","kind":"track"},"geometry":{"type":"LineString","coordinates":[[121.5996173,25.0249621],[121.5995983,25.025258799999996],[121.6001286,25.025592599999996],[121.6001434,25.0257214],[121.6004344,25.025880599999997],[121.6007341,25.026229899999993],[121.6016387,25.026455399999993],[121.6017956,25.026638899999995],[121.6017809,25.0268516],[121.60159710000002,25.0271019],[121.6017648,25.027188199999998],[121.60181739999999,25.027307899999997],[121.60162329999999,25.027353699999995],[121.6015224,25.027722299999994],[121.60140240000001,25.02774],[121.6015875,25.0280647],[121.6012136,25.0283919]]}},{"type":"Feature","properties":{"name":null,"kind":"track"},"geometry":{"type":"LineString","coordinates":[[121.6007341,25.026229899999993],[121.600582,25.026321899999992],[121.6003858,25.026650800000002],[121.6004257,25.027016900000003],[121.60018099999999,25.027056099999996],[121.60013030000002,25.02718279999999],[121.59974339999998,25.0273289],[121.5991212,25.027322799999997],[121.598925,25.0273818]]}},{"type":"Feature","properties":{"name":null,"kind":"service"},"geometry":{"type":"LineString","coordinates":[[121.59670440000001,25.027150199999998],[121.59621970000002,25.02715999999999],[121.5959676,25.027002599999996],[121.59568330000002,25.0265426],[121.5955854,25.026514699999996],[121.5951642,25.0266818],[121.59500530000001,25.026607699999992],[121.59487929999999,25.026649599999992]]}},{"type":"Feature","properties":{"name":null,"kind":"path"},"geometry":{"type":"LineString","coordinates":[[121.6017222,25.027322999999992],[121.60131789999998,25.027067700000003],[121.6012006,25.0271758],[121.60130250000002,25.027405499999997],[121.60094640000001,25.0274523],[121.60037780000002,25.027680099999998],[121.6003516,25.027839900000004],[121.60019840000001,25.0279748],[121.600243,25.028056199999998]]}},{"type":"Feature","properties":{"name":null,"kind":"path"},"geometry":{"type":"LineString","coordinates":[[121.594823,25.029499099999995],[121.5949523,25.0292574],[121.59499690000001,25.028396299999997],[121.59458370000002,25.028395399999997],[121.5945827,25.028253799999998],[121.5955193,25.028010899999995],[121.59600920000001,25.0282426],[121.5961908,25.0284163]]}},{"type":"Feature","properties":{"name":"研究院路四段50巷","kind":"track"},"geometry":{"type":"LineString","coordinates":[[121.6012807,25.028414599999998],[121.60095579999998,25.028644999999997],[121.60065620000002,25.028687300000005],[121.60071989999999,25.0287833],[121.6006336,25.028859699999998],[121.6006996,25.028968800000005],[121.60064330000002,25.0291274]]}},{"type":"Feature","properties":{"name":null,"kind":"footway"},"geometry":{"type":"LineString","coordinates":[[121.59632750000002,25.028361899999993],[121.5964185,25.02864320000001],[121.5966668,25.028807799999996],[121.5968786,25.029199699999996],[121.5971212,25.029298600000004]]}},{"type":"Feature","properties":{"name":"研究院路四段50巷","kind":"track"},"geometry":{"type":"LineString","coordinates":[[121.60071989999999,25.0287833],[121.60086360000001,25.02890139999999]]}},{"type":"Feature","properties":{"name":"研究院路四段50巷","kind":"track"},"geometry":{"type":"LineString","coordinates":[[121.60086360000001,25.02890139999999],[121.6009186,25.028926600000002]]}},{"type":"Feature","properties":{"name":"麗山橋口步道","kind":"footway"},"geometry":{"type":"LineString","coordinates":[[121.59908990000001,25.0254435],[121.5991335,25.0257068],[121.5988961,25.0263457],[121.5988635,25.0266565],[121.59871339999998,25.026827399999995],[121.59895129999998,25.027243499999997],[121.598925,25.0273818],[121.59825550000001,25.027733],[121.59831759999999,25.0277894],[121.59823630000001,25.028139000000003],[121.59772830000001,25.028763100000003],[121.5975842,25.0291162],[121.59746580000001,25.0292321],[121.5972967,25.029191299999997],[121.5971628,25.029247899999994],[121.5967738,25.029591799999995],[121.59676769999999,25.030094299999995],[121.5966172,25.030529099999992],[121.5964326,25.0306291],[121.5961339,25.030565499999994],[121.59587959999999,25.030950299999994],[121.59556990000002,25.030997499999998],[121.595252,25.0315952],[121.5949266,25.031902799999997],[121.5945584,25.0325042]]}},{"type":"Feature","properties":{"name":"研究院路四段50巷","kind":"track"},"geometry":{"type":"LineString","coordinates":[[121.6009186,25.028926600000002],[121.6009675,25.029043800000004],[121.6011409,25.029035300000004]]}},{"type":"Feature","properties":{"name":"研究院路四段50巷","kind":"track"},"geometry":{"type":"LineString","coordinates":[[121.60064429999998,25.0290481],[121.60043579999999,25.029024999999997],[121.60037540000002,25.0290575],[121.60042640000002,25.0291234]]}},{"type":"Feature","properties":{"name":"研究院路四段50巷","kind":"track"},"geometry":{"type":"LineString","coordinates":[[121.60064330000002,25.0291274],[121.60068560000002,25.0291332]]}},{"type":"Feature","properties":{"name":"研究院路四段50巷","kind":"track"},"geometry":{"type":"LineString","coordinates":[[121.60068560000002,25.0291332],[121.60070699999999,25.02925219999999]]}},{"type":"Feature","properties":{"name":"研究院路四段50巷","kind":"track"},"geometry":{"type":"LineString","coordinates":[[121.60070699999999,25.02925219999999],[121.60067150000002,25.0292765]]}},{"type":"Feature","properties":{"name":null,"kind":"path"},"geometry":{"type":"LineString","coordinates":[[121.5975842,25.0291162],[121.59768320000002,25.029094399999998],[121.5978248,25.029388599999997],[121.59775650000002,25.0295921]]}},{"type":"Feature","properties":{"name":"研究院路三段","kind":"unclassified"},"geometry":{"type":"LineString","coordinates":[[121.60659979999998,25.0282992],[121.606142,25.028359599999995],[121.6055015,25.0276728],[121.60531770000001,25.0275729],[121.6046882,25.0274475],[121.60466,25.027171499999998],[121.6045501,25.0270315]]}},{"type":"Feature","properties":{"name":null,"kind":"path"},"geometry":{"type":"LineString","coordinates":[[121.6015875,25.0280647],[121.60162840000001,25.0280933]]}},{"type":"Feature","properties":{"name":"研究院路三段286巷","kind":"service"},"geometry":{"type":"LineString","coordinates":[[121.6059045,25.028092899999997],[121.6058726,25.028108000000003]]}},{"type":"Feature","properties":{"name":"研究院路三段286巷","kind":"service"},"geometry":{"type":"LineString","coordinates":[[121.6058726,25.028108000000003],[121.6057781,25.028152700000003]]}},{"type":"Feature","properties":{"name":"研究院路三段286巷","kind":"service"},"geometry":{"type":"LineString","coordinates":[[121.6057781,25.028152700000003],[121.6053206,25.028119]]}},{"type":"Feature","properties":{"name":"新豐橋","kind":"unclassified"},"geometry":{"type":"LineString","coordinates":[[121.60676419999999,25.028373699999996],[121.60659979999998,25.0282992]]}},{"type":"Feature","properties":{"name":"研究院路四段50巷","kind":"track"},"geometry":{"type":"LineString","coordinates":[[121.60129689999998,25.0283529],[121.6012807,25.028414599999998]]}},{"type":"Feature","properties":{"name":null,"kind":"path"},"geometry":{"type":"LineString","coordinates":[[121.60162840000001,25.0280933],[121.6017524,25.028124299999998],[121.6020501,25.0279207],[121.6026992,25.027919500000007],[121.60270120000001,25.0282257],[121.60232710000001,25.028900099999998]]}},{"type":"Feature","properties":{"name":null,"kind":"path"},"geometry":{"type":"LineString","coordinates":[[121.6048942,25.031983],[121.60486779999998,25.031711400000002],[121.6052447,25.031237499999996]]}},{"type":"Feature","properties":{"name":null,"kind":"path"},"geometry":{"type":"LineString","coordinates":[[121.6042057,25.031801499999997],[121.6042864,25.031692699999994],[121.60467870000001,25.0316184],[121.60486040000002,25.031504200000004],[121.60494960000001,25.031553999999996],[121.6049231,25.0316257]]}},{"type":"Feature","properties":{"name":"舜若多橋","kind":"track"},"geometry":{"type":"LineString","coordinates":[[121.60893720000001,25.030846],[121.60849619999999,25.030538899999996]]}},{"type":"Feature","properties":{"name":"研究院路三段","kind":"unclassified"},"geometry":{"type":"LineString","coordinates":[[121.6109844,25.033625699999998],[121.61070599999998,25.033297500000003],[121.6111621,25.032560999999994],[121.61119460000002,25.032211699999994],[121.61032579999998,25.0309072],[121.6086532,25.0299579],[121.60829039999999,25.029548899999998],[121.6078324,25.029261],[121.60730840000001,25.0286423],[121.60676419999999,25.028373699999996]]}},{"type":"Feature","properties":{"name":null,"kind":"service"},"geometry":{"type":"MultiLineString","coordinates":[[[121.60865640000002,25.0310077],[121.6083172,25.0312379],[121.6083161,25.03138729999999],[121.6085305,25.03128969999999],[121.60865640000002,25.0310077]],[[121.60865640000002,25.0310077],[121.60869549999998,25.030995100000002]]]}},{"type":"Feature","properties":{"name":null,"kind":"track"},"geometry":{"type":"LineString","coordinates":[[121.60995520000002,25.0315978],[121.6095605,25.0312399],[121.60893720000001,25.030846]]}},{"type":"Feature","properties":{"name":null,"kind":"track"},"geometry":{"type":"LineString","coordinates":[[121.6076839,25.0315412],[121.6076898,25.031701500000004],[121.6078243,25.0317243],[121.60815800000002,25.0315263]]}},{"type":"Feature","properties":{"name":"福爾摩沙高速公路","kind":"motorway"},"geometry":{"type":"LineString","coordinates":[[121.6133906,25.0312563],[121.61496860000001,25.032152299999993]]}},{"type":"Feature","properties":{"name":null,"kind":"path"},"geometry":{"type":"LineString","coordinates":[[121.60839480000001,25.0313855],[121.6084318,25.031565899999997],[121.60822910000002,25.0317253],[121.6085075,25.032077499999993],[121.60866510000001,25.0320275],[121.60864600000001,25.031736499999997]]}},{"type":"Feature","properties":{"name":"福爾摩沙高速公路","kind":"motorway"},"geometry":{"type":"LineString","coordinates":[[121.6148697,25.032257200000004],[121.6133117,25.031353900000003]]}},{"type":"Feature","properties":{"name":null,"kind":"service"},"geometry":{"type":"LineString","coordinates":[[121.6095437,25.031317099999995],[121.60947549999999,25.0314964],[121.60965790000002,25.031700499999996],[121.60923090000001,25.032108800000003],[121.60923759999999,25.032240599999998],[121.6094039,25.032673199999994],[121.60950580000001,25.032753399999994],[121.6096185,25.032665899999998]]}},{"type":"Feature","properties":{"name":null,"kind":"service"},"geometry":{"type":"LineString","coordinates":[[121.60869549999998,25.030995100000002],[121.609365,25.031188499999995],[121.60995520000002,25.0315978],[121.6101948,25.0319805],[121.61024500000002,25.03212939999999],[121.6101761,25.032715399999994],[121.60978810000002,25.0331183],[121.6096677,25.033616099999996],[121.6099023,25.0337054],[121.609932,25.033785999999992]]}},{"type":"Feature","properties":{"name":"研究院路四段50巷","kind":"track"},"geometry":{"type":"LineString","coordinates":[[121.60059200000002,25.0293166],[121.60061480000002,25.0294506]]}},{"type":"Feature","properties":{"name":"研究院路四段50巷","kind":"track"},"geometry":{"type":"LineString","coordinates":[[121.60067150000002,25.0292765],[121.60059200000002,25.0293166],[121.60046189999998,25.029130999999992],[121.60035570000001,25.0291253],[121.60030439999998,25.029330599999998],[121.60011890000001,25.0294473],[121.60016249999998,25.0299658],[121.6000117,25.030163300000005],[121.5998152,25.030096499999996]]}},{"type":"Feature","properties":{"name":null,"kind":"path"},"geometry":{"type":"LineString","coordinates":[[121.5969784,25.0294128],[121.59703430000002,25.029555],[121.59716580000001,25.029622300000003],[121.59775650000002,25.0295921],[121.59767730000002,25.029907200000004],[121.598154,25.0297106],[121.5982828,25.029858099999995]]}},{"type":"Feature","properties":{"name":null,"kind":"path"},"geometry":{"type":"LineString","coordinates":[[121.5960619,25.032948300000005],[121.59614530000002,25.032587499999998],[121.5965218,25.032046499999996],[121.59670880000002,25.032024400000008],[121.5971032,25.031512399999997],[121.5972536,25.031427699999995],[121.59737550000001,25.0312214],[121.59738369999998,25.030904599999996],[121.59761130000001,25.0306246],[121.59794880000001,25.030444099999997],[121.5983775,25.029753199999995],[121.59901720000002,25.029493100000003]]}},{"type":"Feature","properties":{"name":null,"kind":"path"},"geometry":{"type":"LineString","coordinates":[[121.5998152,25.030096499999996],[121.5996858,25.0301906],[121.5997025,25.0305121],[121.59953959999999,25.03097319999999],[121.59955640000001,25.031213200000003],[121.5991379,25.031563199999997],[121.5988023,25.031707800000003],[121.5988027,25.0320032],[121.5987101,25.032217],[121.59884959999998,25.0323069],[121.59879730000002,25.03240649999999],[121.59899180000001,25.032686099999996],[121.5993405,25.032797800000004],[121.5989901,25.033370400000003]]}},{"type":"Feature","properties":{"name":"中華技術學院步道","kind":"steps"},"geometry":{"type":"LineString","coordinates":[[121.5956982,25.032966499999997],[121.595451,25.0329485],[121.59532720000001,25.0328518]]}},{"type":"Feature","properties":{"name":"中華技術學院步道","kind":"footway"},"geometry":{"type":"LineString","coordinates":[[121.5962607,25.0330817],[121.5960619,25.032948300000005],[121.59582800000001,25.033023900000003],[121.5956982,25.032966499999997]]}},{"type":"Feature","properties":{"name":"中華技術學院步道","kind":"steps"},"geometry":{"type":"LineString","coordinates":[[121.5964954,25.033241500000003],[121.59646139999998,25.033064899999992],[121.5962607,25.0330817]]}},{"type":"Feature","properties":{"name":null,"kind":"path"},"geometry":{"type":"LineString","coordinates":[[121.5984549,25.033283399999995],[121.5983442,25.033215500000004]]}},{"type":"Feature","properties":{"name":"中華技術學院步道","kind":"footway"},"geometry":{"type":"LineString","coordinates":[[121.5989901,25.033370400000003],[121.5984549,25.033283399999995],[121.59758,25.033611099999995],[121.59727719999998,25.033619600000005],[121.59686129999999,25.0334807],[121.59673970000001,25.033327899999996],[121.5964954,25.033241500000003]]}},{"type":"Feature","properties":{"name":null,"kind":"path"},"geometry":{"type":"LineString","coordinates":[[121.58518939999999,25.024003499999996],[121.58566940000001,25.023755299999998],[121.5859577,25.0234093],[121.5866314,25.0233518]]}},{"type":"Feature","properties":{"name":null,"kind":"path"},"geometry":{"type":"LineString","coordinates":[[121.5856987,25.021552599999996],[121.5860536,25.021709899999994],[121.58611689999998,25.021986799999997],[121.5862757,25.02211940000001],[121.58649030000001,25.022508200000004],[121.58644740000001,25.022897099999998],[121.58653319999999,25.0232471],[121.58689800000002,25.023636],[121.58732710000001,25.023830399999994],[121.5880567,25.023888699999997],[121.58841820000002,25.024212500000004],[121.58809960000002,25.0248804],[121.5880781,25.025113700000002],[121.5883785,25.025269200000004],[121.58835710000001,25.0257359],[121.5885149,25.0259142]]}},{"type":"Feature","properties":{"name":"#4攀岩天梯","kind":"ladder"},"geometry":{"type":"LineString","coordinates":[[121.5848776,25.0238808],[121.58502800000001,25.023673199999994]]}},{"type":"Feature","properties":{"name":"南港山步道","kind":"footway"},"geometry":{"type":"LineString","coordinates":[[121.5856238,25.024829000000004],[121.58526530000002,25.024368500000005],[121.5852851,25.0242195],[121.5850638,25.023660099999994]]}},{"type":"Feature","properties":{"name":null,"kind":"path"},"geometry":{"type":"LineString","coordinates":[[121.5855325,25.024863799999995],[121.58557970000001,25.024774899999997]]}},{"type":"Feature","properties":{"name":"南港山步道","kind":"steps"},"geometry":{"type":"LineString","coordinates":[[121.58617580000002,25.025607299999994],[121.58599460000002,25.0254316],[121.5859783,25.025156899999992],[121.58586000000001,25.0249359],[121.5856238,25.024829000000004]]}},{"type":"Feature","properties":{"name":null,"kind":"path"},"geometry":{"type":"LineString","coordinates":[[121.5862138,25.0255758],[121.58617580000002,25.025607299999994]]}},{"type":"Feature","properties":{"name":null,"kind":"footway"},"geometry":{"type":"LineString","coordinates":[[121.58630880000001,25.025741199999995],[121.586249,25.025499199999995]]}},{"type":"Feature","properties":{"name":"南港山步道","kind":"steps"},"geometry":{"type":"LineString","coordinates":[[121.58637489999998,25.0259866],[121.5863576,25.025793599999993],[121.58617580000002,25.025607299999994]]}},{"type":"Feature","properties":{"name":null,"kind":"path"},"geometry":{"type":"LineString","coordinates":[[121.5885149,25.0259142],[121.5878382,25.0260441],[121.58735280000002,25.0260224],[121.5868229,25.026105799999993]]}},{"type":"Feature","properties":{"name":null,"kind":"footway"},"geometry":{"type":"LineString","coordinates":[[121.5864016,25.026036899999998],[121.5866084,25.026058499999998]]}},{"type":"Feature","properties":{"name":null,"kind":"footway"},"geometry":{"type":"LineString","coordinates":[[121.5866084,25.026058499999998],[121.5867555,25.026109200000004]]}},{"type":"Feature","properties":{"name":null,"kind":"steps"},"geometry":{"type":"LineString","coordinates":[[121.58669100000002,25.0261302],[121.58671380000001,25.0260761]]}},{"type":"Feature","properties":{"name":null,"kind":"footway"},"geometry":{"type":"LineString","coordinates":[[121.5864278,25.0260905],[121.58670070000001,25.026129199999996]]}},{"type":"Feature","properties":{"name":null,"kind":"steps"},"geometry":{"type":"LineString","coordinates":[[121.5868229,25.026105799999993],[121.58670070000001,25.026129199999996]]}},{"type":"Feature","properties":{"name":null,"kind":"steps"},"geometry":{"type":"LineString","coordinates":[[121.5865309,25.026193],[121.58669100000002,25.0261302]]}},{"type":"Feature","properties":{"name":null,"kind":"footway"},"geometry":{"type":"LineString","coordinates":[[121.58648730000002,25.0264383],[121.58670070000001,25.026129199999996]]}},{"type":"Feature","properties":{"name":null,"kind":"footway"},"geometry":{"type":"LineString","coordinates":[[121.5866785,25.026510899999998],[121.58664449999999,25.026788000000003]]}},{"type":"Feature","properties":{"name":"南港山步道","kind":"footway"},"geometry":{"type":"LineString","coordinates":[[121.5869107,25.027092500000002],[121.5865567,25.02664619999999]]}},{"type":"Feature","properties":{"name":"南港山步道","kind":"footway"},"geometry":{"type":"LineString","coordinates":[[121.58801479999998,25.027974600000004],[121.5879027,25.027846500000003]]}},{"type":"Feature","properties":{"name":"南港山步道","kind":"steps"},"geometry":{"type":"LineString","coordinates":[[121.58810950000002,25.028075599999998],[121.58801479999998,25.027974600000004]]}},{"type":"Feature","properties":{"name":null,"kind":"footway"},"geometry":{"type":"LineString","coordinates":[[121.59061860000001,25.026106399999996],[121.59043350000002,25.026080300000007],[121.59038190000001,25.026169],[121.59006269999999,25.0262978],[121.589881,25.0264625],[121.5897998,25.026663599999996],[121.590073,25.0269212],[121.59018140000002,25.0272724],[121.59009510000001,25.027411],[121.5905844,25.0281677],[121.59056890000001,25.0284333],[121.59048339999998,25.0285456],[121.5907157,25.02868719999999],[121.5908171,25.029102500000004],[121.5907469,25.029187599999993],[121.5908177,25.029408099999998],[121.59071040000002,25.029525999999997],[121.5910875,25.029625],[121.591347,25.029786800000004],[121.59122860000001,25.0299654]]}},{"type":"Feature","properties":{"name":"南港山步道","kind":"footway"},"geometry":{"type":"LineString","coordinates":[[121.58839579999999,25.028600899999994],[121.58810950000002,25.028075599999998]]}},{"type":"Feature","properties":{"name":null,"kind":"path"},"geometry":{"type":"LineString","coordinates":[[121.5925584,25.028907700000005],[121.59230450000001,25.028738899999997],[121.5919179,25.028638899999997],[121.5911457,25.028643899999995],[121.59105670000001,25.028559],[121.5908805,25.0286324],[121.5908486,25.028733699999997],[121.5906326,25.028665899999996],[121.59037289999999,25.028701699999992],[121.58981810000002,25.028438099999992],[121.58900240000001,25.0284816],[121.5882081,25.028230699999998]]}},{"type":"Feature","properties":{"name":"南港山步道","kind":"steps"},"geometry":{"type":"LineString","coordinates":[[121.58908770000001,25.028853699999992],[121.58899499999998,25.028734200000002],[121.5886675,25.028603600000004],[121.58839579999999,25.028600899999994]]}},{"type":"Feature","properties":{"name":null,"kind":"footway"},"geometry":{"type":"LineString","coordinates":[[121.5900479,25.028579199999996],[121.5900674,25.0287397],[121.5896302,25.029003999999997],[121.5894868,25.029262]]}},{"type":"Feature","properties":{"name":"南港山步道","kind":"footway"},"geometry":{"type":"LineString","coordinates":[[121.58929679999999,25.0289985],[121.58908770000001,25.028853699999992]]}},{"type":"Feature","properties":{"name":null,"kind":"path"},"geometry":{"type":"LineString","coordinates":[[121.5908171,25.029102500000004],[121.5906404,25.029074499999997],[121.59059740000001,25.028923800000005]]}},{"type":"Feature","properties":{"name":"南港山步道","kind":"steps"},"geometry":{"type":"LineString","coordinates":[[121.58758489999998,25.027504199999996],[121.5869107,25.027092500000002]]}},{"type":"Feature","properties":{"name":"南港山步道","kind":"footway"},"geometry":{"type":"LineString","coordinates":[[121.58769409999998,25.0276533],[121.58758489999998,25.027504199999996]]}},{"type":"Feature","properties":{"name":"南港山步道","kind":"steps"},"geometry":{"type":"LineString","coordinates":[[121.5879027,25.027846500000003],[121.58769409999998,25.0276533]]}},{"type":"Feature","properties":{"name":"南港山步道","kind":"steps"},"geometry":{"type":"LineString","coordinates":[[121.58942880000001,25.029071899999998],[121.58929679999999,25.0289985]]}},{"type":"Feature","properties":{"name":"南港山步道","kind":"footway"},"geometry":{"type":"LineString","coordinates":[[121.58958590000002,25.029308800000003],[121.5894868,25.029262],[121.58942880000001,25.029071899999998]]}},{"type":"Feature","properties":{"name":null,"kind":"footway"},"geometry":{"type":"LineString","coordinates":[[121.59033789999998,25.029433499999996],[121.5902366,25.029088099999992]]}},{"type":"Feature","properties":{"name":null,"kind":"path"},"geometry":{"type":"LineString","coordinates":[[121.59011190000001,25.0295406],[121.5898991,25.029195100000003]]}},{"type":"Feature","properties":{"name":null,"kind":"footway"},"geometry":{"type":"LineString","coordinates":[[121.59027209999999,25.029568999999995],[121.5903714,25.029523899999994],[121.59033789999998,25.029433499999996],[121.59081600000002,25.0293369]]}},{"type":"Feature","properties":{"name":null,"kind":"steps"},"geometry":{"type":"LineString","coordinates":[[121.5901709,25.0295931],[121.59027209999999,25.029568999999995]]}},{"type":"Feature","properties":{"name":null,"kind":"path"},"geometry":{"type":"LineString","coordinates":[[121.59025029999998,25.0296992],[121.5907523,25.029562399999996]]}},{"type":"Feature","properties":{"name":null,"kind":"footway"},"geometry":{"type":"LineString","coordinates":[[121.5905954,25.029842599999995],[121.5905687,25.029817]]}},{"type":"Feature","properties":{"name":null,"kind":"path"},"geometry":{"type":"LineString","coordinates":[[121.59171020000001,25.030675899999995],[121.5918976,25.0305733],[121.591611,25.030343099999996]]}},{"type":"Feature","properties":{"name":null,"kind":"path"},"geometry":{"type":"LineString","coordinates":[[121.5918976,25.0305733],[121.5920421,25.030508999999995],[121.592826,25.030561300000002],[121.5931041,25.0306193],[121.59316130000002,25.030690699999997]]}},{"type":"Feature","properties":{"name":null,"kind":"footway"},"geometry":{"type":"LineString","coordinates":[[121.59186379999998,25.030769299999996],[121.59190879999998,25.0305543],[121.5916896,25.030709200000008],[121.5920115,25.0309984],[121.5920829,25.0309267],[121.59186379999998,25.030769299999996]]}},{"type":"Feature","properties":{"name":null,"kind":"path"},"geometry":{"type":"LineString","coordinates":[[121.5926136,25.0315753],[121.59274500000001,25.031123999999995],[121.5926897,25.0309428],[121.5929092,25.030763000000004],[121.59316130000002,25.030690699999997],[121.59320639999999,25.030596999999997],[121.5931678,25.0304551],[121.59298730000002,25.0303534],[121.5929775,25.030238499999996],[121.5932306,25.0299744]]}},{"type":"Feature","properties":{"name":"南港山步道","kind":"steps"},"geometry":{"type":"LineString","coordinates":[[121.5925581,25.031517900000008],[121.5923547,25.0314152],[121.5920277,25.0309982]]}},{"type":"Feature","properties":{"name":"南港山步道","kind":"footway"},"geometry":{"type":"LineString","coordinates":[[121.5926136,25.0315753],[121.5925581,25.031517900000008]]}},{"type":"Feature","properties":{"name":"中華科技大學步道","kind":"footway"},"geometry":{"type":"LineString","coordinates":[[121.59293639999999,25.031930500000005],[121.5926136,25.0315753]]}},{"type":"Feature","properties":{"name":"中華科技大學步道","kind":"steps"},"geometry":{"type":"LineString","coordinates":[[121.59304910000002,25.0321302],[121.59293639999999,25.031930500000005]]}},{"type":"Feature","properties":{"name":"中華科技大學步道","kind":"footway"},"geometry":{"type":"LineString","coordinates":[[121.5934,25.0323906],[121.593162,25.0322823],[121.59304910000002,25.0321302]]}},{"type":"Feature","properties":{"name":null,"kind":"footway"},"geometry":{"type":"LineString","coordinates":[[121.59327540000001,25.032348300000002],[121.5931988,25.0323695],[121.59309900000001,25.032224600000003]]}},{"type":"Feature","properties":{"name":"南港山步道","kind":"steps"},"geometry":{"type":"LineString","coordinates":[[121.59122860000001,25.0299654],[121.59113670000002,25.0298016],[121.59095260000001,25.029874200000002],[121.5906438,25.029827300000004],[121.59048429999999,25.029885099999998]]}},{"type":"Feature","properties":{"name":null,"kind":"footway"},"geometry":{"type":"LineString","coordinates":[[121.6226931,25.0296001],[121.6227715,25.029657200000003],[121.6227367,25.029713999999995]]}},{"type":"Feature","properties":{"name":null,"kind":"steps"},"geometry":{"type":"LineString","coordinates":[[121.62427320000002,25.030817400000004],[121.6257649,25.0295548],[121.6258323,25.029282]]}},{"type":"Feature","properties":{"name":null,"kind":"service"},"geometry":{"type":"LineString","coordinates":[[121.6213813,25.030462499999995],[121.62162830000001,25.030207700000002],[121.6221982,25.030004100000003]]}},{"type":"Feature","properties":{"name":null,"kind":"steps"},"geometry":{"type":"LineString","coordinates":[[121.6236462,25.030787900000004],[121.6227367,25.029713999999995]]}},{"type":"Feature","properties":{"name":null,"kind":"steps"},"geometry":{"type":"LineString","coordinates":[[121.6227715,25.029657200000003],[121.6238759,25.0309106]]}},{"type":"Feature","properties":{"name":null,"kind":"service"},"geometry":{"type":"LineString","coordinates":[[121.623727,25.0307378],[121.62440479999998,25.030706]]}},{"type":"Feature","properties":{"name":null,"kind":"footway"},"geometry":{"type":"LineString","coordinates":[[121.6244279,25.0306864],[121.62449769999999,25.030756499999995]]}},{"type":"Feature","properties":{"name":"南深路35巷","kind":"service"},"geometry":{"type":"LineString","coordinates":[[121.6216611,25.030871],[121.6216466,25.03074219999999],[121.62137809999999,25.030604599999997],[121.6213813,25.030462499999995],[121.6216692,25.0305815],[121.6222324,25.030464100000003],[121.62255900000001,25.030732599999997],[121.6227709,25.031024199999997],[121.6229335,25.0310199]]}},{"type":"Feature","properties":{"name":null,"kind":"service"},"geometry":{"type":"LineString","coordinates":[[121.6236462,25.030787900000004],[121.623727,25.0307378]]}},{"type":"Feature","properties":{"name":null,"kind":"footway"},"geometry":{"type":"LineString","coordinates":[[121.6242597,25.03071299999999],[121.6242585,25.0308238]]}},{"type":"Feature","properties":{"name":null,"kind":"footway"},"geometry":{"type":"LineString","coordinates":[[121.6256137,25.028708300000005],[121.6255998,25.0291381],[121.62540800000001,25.029206799999997]]}},{"type":"Feature","properties":{"name":"山豬窟山西北峰-更寮腳山","kind":"path"},"geometry":{"type":"LineString","coordinates":[[121.6288417,25.028264500000002],[121.6292613,25.028505700000004],[121.62942590000002,25.0284668],[121.62975509999998,25.028564799999998],[121.6298668,25.0286986],[121.630396,25.0289766],[121.6303358,25.0299292]]}},{"type":"Feature","properties":{"name":null,"kind":"path"},"geometry":{"type":"LineString","coordinates":[[121.62568450000002,25.02929569999999],[121.62590699999998,25.029291999999998]]}},{"type":"Feature","properties":{"name":null,"kind":"path"},"geometry":{"type":"LineString","coordinates":[[121.63198579999998,25.0298485],[121.63185420000002,25.029903900000004]]}},{"type":"Feature","properties":{"name":null,"kind":"steps"},"geometry":{"type":"LineString","coordinates":[[121.62590699999998,25.029291999999998],[121.62585109999999,25.0296034],[121.62449769999999,25.030756499999995]]}},{"type":"Feature","properties":{"name":"更寮古道","kind":"steps"},"geometry":{"type":"LineString","coordinates":[[121.6328794,25.0310352],[121.6327818,25.0309309]]}},{"type":"Feature","properties":{"name":"舊莊街二段122巷","kind":"service"},"geometry":{"type":"LineString","coordinates":[[121.6316703,25.032450299999994],[121.63184950000002,25.031957799999997],[121.6321872,25.0316609],[121.63222040000001,25.0313245],[121.63210039999998,25.031299599999997],[121.6307821,25.0315934],[121.6306735,25.031516300000003],[121.6312193,25.0312283],[121.6314675,25.030488299999995],[121.6318443,25.030137699999994],[121.63198579999998,25.0298485],[121.63249000000002,25.029537999999995],[121.63259450000001,25.029631699999996],[121.63256110000002,25.03037949999999],[121.6327818,25.0309309]]}},{"type":"Feature","properties":{"name":null,"kind":"path"},"geometry":{"type":"LineString","coordinates":[[121.63125150000002,25.0310764],[121.6313747,25.030991999999998]]}},{"type":"Feature","properties":{"name":null,"kind":"path"},"geometry":{"type":"LineString","coordinates":[[121.63185969999999,25.031391999999997],[121.6318206,25.0314763],[121.63142500000001,25.0316622]]}},{"type":"Feature","properties":{"name":"更寮古道","kind":"steps"},"geometry":{"type":"LineString","coordinates":[[121.6316703,25.032450299999994],[121.6319126,25.03220839999999],[121.63205689999998,25.0322293],[121.6321773,25.0321466],[121.63220980000001,25.0318884],[121.6325013,25.0316377],[121.6326872,25.031343899999996],[121.63266290000001,25.031242999999993],[121.6328794,25.0310352]]}},{"type":"Feature","properties":{"name":null,"kind":"service"},"geometry":{"type":"LineString","coordinates":[[121.61717050000001,25.028105400000005],[121.617495,25.028115100000004]]}},{"type":"Feature","properties":{"name":null,"kind":"service"},"geometry":{"type":"LineString","coordinates":[[121.61521430000002,25.029468800000004],[121.6150099,25.0292039],[121.61437160000001,25.0287907],[121.6143501,25.02886369999999],[121.6146654,25.029229199999996],[121.6146366,25.0293344],[121.61441989999999,25.029281699999995]]}},{"type":"Feature","properties":{"name":null,"kind":"path"},"geometry":{"type":"LineString","coordinates":[[121.6189285,25.028660699999996],[121.61861280000001,25.028708099999996],[121.6182145,25.0286164],[121.61788189999999,25.0288843],[121.61763310000002,25.029203299999995],[121.6171074,25.0295053],[121.6165803,25.03043],[121.61643550000001,25.031110499999997],[121.61620890000002,25.0313147],[121.6159916,25.031238099999996],[121.6159487,25.0310801],[121.61568179999999,25.030816499999997],[121.6154122,25.030888099999995],[121.61528210000002,25.030800699999997],[121.6150501,25.030843199999996],[121.6149757,25.0307448]]}},{"type":"Feature","properties":{"name":"研究院路三段25巷","kind":"service"},"geometry":{"type":"LineString","coordinates":[[121.6166809,25.032662199999997],[121.6169666,25.031949],[121.61739700000001,25.031746099999996],[121.6175781,25.031406999999998],[121.61825270000001,25.030850399999995],[121.6182876,25.030611099999998],[121.6186443,25.029985299999996],[121.6192465,25.0296316],[121.61900909999999,25.029049600000004],[121.61913710000002,25.0287889],[121.6190711,25.028688699999996],[121.6189285,25.028660699999996]]}},{"type":"Feature","properties":{"name":"研究院路三段161巷","kind":"service"},"geometry":{"type":"LineString","coordinates":[[121.61329900000001,25.0338703],[121.61419790000001,25.032115],[121.61472830000001,25.031588699999997],[121.61504900000001,25.030278099999997],[121.61527850000002,25.029688899999996],[121.615135,25.029039100000002],[121.61592870000001,25.0278173]]}},{"type":"Feature","properties":{"name":null,"kind":"service"},"geometry":{"type":"LineString","coordinates":[[121.6148472,25.030991699999998],[121.61479400000002,25.030889399999996]]}},{"type":"Feature","properties":{"name":"福爾摩沙高速公路","kind":"motorway"},"geometry":{"type":"LineString","coordinates":[[121.61496860000001,25.032152299999993],[121.61535210000001,25.032376199999998]]}},{"type":"Feature","properties":{"name":"福爾摩沙高速公路","kind":"motorway"},"geometry":{"type":"LineString","coordinates":[[121.61706750000002,25.033526],[121.6148697,25.032257200000004]]}},{"type":"Feature","properties":{"name":"南深路出口匝道","kind":"motorway_link"},"geometry":{"type":"LineString","coordinates":[[121.61535210000001,25.032376199999998],[121.61700229999998,25.033191999999996],[121.6181596,25.033592899999995]]}},{"type":"Feature","properties":{"name":"福爾摩沙高速公路","kind":"motorway"},"geometry":{"type":"LineString","coordinates":[[121.61535210000001,25.032376199999998],[121.61827009999999,25.034072099999996]]}},{"type":"Feature","properties":{"name":null,"kind":"service"},"geometry":{"type":"LineString","coordinates":[[121.6217282,25.030900699999997],[121.62181430000001,25.0311193],[121.6219803,25.031216799999996]]}},{"type":"Feature","properties":{"name":null,"kind":"service"},"geometry":{"type":"LineString","coordinates":[[121.6239407,25.031357099999997],[121.6236307,25.0309195],[121.6236462,25.030787900000004]]}},{"type":"Feature","properties":{"name":null,"kind":"steps"},"geometry":{"type":"LineString","coordinates":[[121.62394290000002,25.0311708],[121.6239866,25.031122699999997]]}},{"type":"Feature","properties":{"name":null,"kind":"service"},"geometry":{"type":"LineString","coordinates":[[121.6236683,25.030984],[121.6242836,25.031363899999995]]}},{"type":"Feature","properties":{"name":null,"kind":"steps"},"geometry":{"type":"LineString","coordinates":[[121.6239548,25.0313015],[121.62404919999999,25.0312431]]}},{"type":"Feature","properties":{"name":null,"kind":"path"},"geometry":{"type":"LineString","coordinates":[[121.6197695,25.0315632],[121.6196381,25.0315164],[121.6195522,25.03130369999999],[121.6193524,25.031174900000007],[121.6189447,25.0312308],[121.61870870000001,25.0313766]]}},{"type":"Feature","properties":{"name":null,"kind":"path"},"geometry":{"type":"LineString","coordinates":[[121.6207881,25.031714999999995],[121.62058150000001,25.031713800000002],[121.62040719999999,25.031583800000003],[121.62021340000001,25.031567399999997]]}},{"type":"Feature","properties":{"name":null,"kind":"service"},"geometry":{"type":"LineString","coordinates":[[121.62378180000002,25.032087699999995],[121.6241447,25.0322458],[121.6243766,25.032201200000003],[121.62452170000002,25.031578199999995]]}},{"type":"Feature","properties":{"name":"南深路31巷","kind":"unclassified"},"geometry":{"type":"LineString","coordinates":[[121.6232107,25.033170399999996],[121.62304859999999,25.0323317],[121.62304190000002,25.0317557],[121.6232404,25.031382599999997],[121.6229335,25.0310199]]}},{"type":"Feature","properties":{"name":null,"kind":"path"},"geometry":{"type":"LineString","coordinates":[[121.62103480000002,25.032153699999995],[121.6212507,25.032294699999998]]}},{"type":"Feature","properties":{"name":"舊莊街二段200巷","kind":"unclassified"},"geometry":{"type":"LineString","coordinates":[[121.63507830000002,25.034452099999996],[121.63546240000001,25.0342052],[121.63471599999998,25.0339783],[121.63368720000001,25.034422900000003],[121.63344770000002,25.034668700000005],[121.6333586,25.034668700000005],[121.63287050000001,25.034508],[121.63213150000001,25.034047],[121.63199749999998,25.0339246],[121.63200829999998,25.0338473],[121.6329916,25.033500600000004],[121.6335006,25.033418600000005],[121.63395920000002,25.0330777],[121.63410270000001,25.0322581],[121.6344715,25.0315272],[121.63467600000001,25.0308145],[121.6350931,25.03034],[121.63521519999999,25.030303599999996],[121.6353251,25.0304056],[121.6351649,25.030854],[121.6352319,25.03123559999999],[121.6353446,25.031434899999997],[121.6358448,25.031736199999997],[121.63610030000001,25.0317423],[121.63668170000001,25.031406899999997],[121.6371155,25.031361999999994],[121.6374535,25.030868]]}},{"type":"Feature","properties":{"name":"舊莊街二段122巷","kind":"service"},"geometry":{"type":"LineString","coordinates":[[121.6316477,25.032692799999996],[121.6316703,25.032450299999994]]}},{"type":"Feature","properties":{"name":null,"kind":"path"},"geometry":{"type":"LineString","coordinates":[[121.63113010000001,25.0287773],[121.6311079,25.0290168],[121.63063470000002,25.0294794],[121.63059090000002,25.0296961],[121.63011830000002,25.0300439],[121.6298622,25.030342199999996],[121.6297882,25.030637199999997],[121.6298374,25.0310428],[121.62908569999999,25.031415700000004],[121.628741,25.0315125],[121.628425,25.03215429999999],[121.62812410000001,25.0324158],[121.62777060000002,25.033024400000002],[121.6276176,25.033084499999998],[121.6274446,25.032936900000003],[121.62728190000001,25.032956499999994],[121.6272743,25.033280499999996],[121.627018,25.0333807],[121.6269451,25.033634500000005],[121.62716430000002,25.034069399999993],[121.62699540000001,25.034460599999992],[121.62708639999998,25.0347962],[121.6266359,25.035260199999996],[121.6263422,25.0354327],[121.625986,25.035491799999996],[121.6257906,25.035729400000005],[121.62548090000001,25.0364354],[121.6253163,25.036545699999994],[121.6251093,25.0365302],[121.62464,25.0359858],[121.62416859999999,25.035962400000003]]}},{"type":"Feature","properties":{"name":"蔣渭水高速公路","kind":"motorway"},"geometry":{"type":"LineString","coordinates":[[121.6296172,25.032992399999994],[121.6306472,25.032498799999995]]}},{"type":"Feature","properties":{"name":"緊急連絡道","kind":"motorway_link"},"geometry":{"type":"LineString","coordinates":[[121.6299473,25.0328848],[121.62992660000002,25.032848699999995]]}},{"type":"Feature","properties":{"name":"緊急連絡道","kind":"motorway_link"},"geometry":{"type":"LineString","coordinates":[[121.63008560000002,25.033125599999995],[121.6299473,25.0328848]]}},{"type":"Feature","properties":{"name":"蔣渭水高速公路","kind":"motorway"},"geometry":{"type":"LineString","coordinates":[[121.6307528,25.032792999999998],[121.629742,25.033280900000005]]}},{"type":"Feature","properties":{"name":"舊莊街二段122巷","kind":"service"},"geometry":{"type":"LineString","coordinates":[[121.6329916,25.033500600000004],[121.63288639999999,25.0333781],[121.63222930000002,25.0334554],[121.63169649999999,25.033363400000006],[121.6316343,25.033296],[121.6317137,25.0329892],[121.6316477,25.032692799999996]]}},{"type":"Feature","properties":{"name":null,"kind":"footway"},"geometry":{"type":"LineString","coordinates":[[121.63134009999999,25.032782899999997],[121.63127409999998,25.032734500000004],[121.6311353,25.032784400000004],[121.6309939,25.032494599999996],[121.6308175,25.0324417],[121.6307471,25.032549799999998],[121.6305352,25.0325073],[121.63024019999999,25.0325936],[121.62987809999998,25.032464199999996],[121.62949919999998,25.032566300000003],[121.62929800000002,25.032713299999994],[121.6292316,25.032997599999995],[121.62895940000001,25.0331714],[121.6286603,25.033534099999997],[121.62845050000001,25.033955699999996],[121.62850810000002,25.0340578]]}},{"type":"Feature","properties":{"name":null,"kind":"service"},"geometry":{"type":"LineString","coordinates":[[121.63036820000002,25.032989699999998],[121.6303964,25.033251],[121.63000109999999,25.033428399999995],[121.62938320000002,25.033553500000004],[121.6289473,25.033750999999995],[121.62850810000002,25.0340578]]}},{"type":"Feature","properties":{"name":"研究院路三段25巷","kind":"service"},"geometry":{"type":"LineString","coordinates":[[121.61639010000002,25.0340036],[121.6166809,25.032662199999997]]}},{"type":"Feature","properties":{"name":"福爾摩沙高速公路","kind":"motorway"},"geometry":{"type":"LineString","coordinates":[[121.6183798,25.034292400000002],[121.61706750000002,25.033526]]}},{"type":"Feature","properties":{"name":"南港系統交流道","kind":"motorway_link"},"geometry":{"type":"LineString","coordinates":[[121.618258,25.034396499999996],[121.61706750000002,25.033526]]}},{"type":"Feature","properties":{"name":null,"kind":"service"},"geometry":{"type":"LineString","coordinates":[[121.61636190000002,25.034270299999992],[121.61628009999998,25.034149500000005],[121.6162781,25.033927400000003],[121.61607270000002,25.034040799999993]]}},{"type":"Feature","properties":{"name":"研究院路三段25巷","kind":"service"},"geometry":{"type":"LineString","coordinates":[[121.61635500000001,25.0350249],[121.61642550000002,25.034943499999997],[121.61631700000001,25.0346245],[121.61639010000002,25.0340036]]}},{"type":"Feature","properties":{"name":null,"kind":"footway"},"geometry":{"type":"LineString","coordinates":[[121.61433740000001,25.0345538],[121.6143061,25.034685199999995],[121.6144313,25.034693],[121.6144702,25.034550299999996]]}},{"type":"Feature","properties":{"name":null,"kind":"footway"},"geometry":{"type":"LineString","coordinates":[[121.6156224,25.034790900000004],[121.61557020000001,25.034648300000004],[121.61562050000002,25.034545999999995]]}},{"type":"Feature","properties":{"name":null,"kind":"crossing"},"geometry":{"type":"LineString","coordinates":[[121.61579970000001,25.034631099999995],[121.6157333,25.034747099999993]]}},{"type":"Feature","properties":{"name":null,"kind":"service"},"geometry":{"type":"LineString","coordinates":[[121.6150504,25.034620499999996],[121.6150483,25.034773299999998],[121.61454350000001,25.0347986],[121.6145427,25.034660999999993]]}},{"type":"Feature","properties":{"name":"研究院路三段20巷","kind":"service"},"geometry":{"type":"LineString","coordinates":[[121.6134462,25.034538600000005],[121.61385289999998,25.034988500000004],[121.6142478,25.0351232],[121.6147363,25.035169],[121.6147765,25.03504629999999],[121.61569080000001,25.034711600000005]]}},{"type":"Feature","properties":{"name":null,"kind":"path"},"geometry":{"type":"LineString","coordinates":[[121.61895140000001,25.033834799999998],[121.6190191,25.0336392],[121.6194892,25.033546299999998],[121.6195958,25.0333476],[121.61959179999998,25.0331574],[121.6198137,25.032990300000005],[121.6198526,25.032864599999996],[121.61997870000002,25.032877899999995],[121.62003300000002,25.032754599999997],[121.6201544,25.032831800000004],[121.6202389,25.032631899999995],[121.6204025,25.032764300000007],[121.6206546,25.0323779],[121.62101270000001,25.03224059999999],[121.62102070000002,25.032112999999995],[121.6208735,25.031979899999993],[121.6208792,25.0318378],[121.6207337,25.031575899999996],[121.6207713,25.031412499999995],[121.62064660000001,25.031227199999996],[121.62044880000002,25.0311166],[121.6209396,25.030868699999996],[121.6212045,25.0308809],[121.6210844,25.0307721],[121.62116149999999,25.030635400000005]]}},{"type":"Feature","properties":{"name":null,"kind":"service"},"geometry":{"type":"LineString","coordinates":[[121.6229372,25.032844500000007],[121.6231477,25.03273]]}},{"type":"Feature","properties":{"name":"南深路出口匝道","kind":"motorway_link"},"geometry":{"type":"LineString","coordinates":[[121.6181596,25.033592899999995],[121.61914499999999,25.0341726]]}},{"type":"Feature","properties":{"name":"研究院路二段213巷","kind":"service"},"geometry":{"type":"LineString","coordinates":[[121.61891789999999,25.033929599999997],[121.61895140000001,25.033834799999998]]}},{"type":"Feature","properties":{"name":"舊莊街一段290巷","kind":"residential"},"geometry":{"type":"LineString","coordinates":[[121.6240808,25.037215600000003],[121.6241675,25.0369159],[121.623999,25.036428600000004],[121.6240034,25.0357057],[121.6238918,25.035449300000003],[121.62364590000001,25.035180299999993],[121.62354620000002,25.034884700000003],[121.6238119,25.034534],[121.6245153,25.034335499999997],[121.6246116,25.034229199999995],[121.62465820000001,25.033944299999998],[121.6244478,25.033413900000003],[121.6244765,25.0329476],[121.6243535,25.0328044],[121.6236949,25.032554399999995],[121.62368709999998,25.0322641],[121.6238616,25.031947499999998],[121.6239407,25.031357099999997],[121.62296939999999,25.030699499999997],[121.6228102,25.0307878],[121.6229335,25.0310199]]}},{"type":"Feature","properties":{"name":"研究院路二段213巷","kind":"service"},"geometry":{"type":"LineString","coordinates":[[121.61886020000001,25.034079099999996],[121.61891789999999,25.033929599999997]]}},{"type":"Feature","properties":{"name":null,"kind":"steps"},"geometry":{"type":"LineString","coordinates":[[121.6193812,25.034332299999996],[121.61973249999998,25.0338828]]}},{"type":"Feature","properties":{"name":null,"kind":"path"},"geometry":{"type":"LineString","coordinates":[[121.6208601,25.0343901],[121.62047730000002,25.034381900000003],[121.61973249999998,25.0338828]]}},{"type":"Feature","properties":{"name":null,"kind":"path"},"geometry":{"type":"LineString","coordinates":[[121.61914499999999,25.0341726],[121.61877740000001,25.034236999999997]]}},{"type":"Feature","properties":{"name":null,"kind":"path"},"geometry":{"type":"LineString","coordinates":[[121.620888,25.034576100000002],[121.6204709,25.034543899999996],[121.6196008,25.03396]]}},{"type":"Feature","properties":{"name":"南港隧道","kind":"motorway"},"geometry":{"type":"LineString","coordinates":[[121.62553889999998,25.034419900000003],[121.6280937,25.033614599999996],[121.6296172,25.032992399999994]]}},{"type":"Feature","properties":{"name":"舊莊街二段122巷","kind":"steps"},"geometry":{"type":"LineString","coordinates":[[121.63018050000001,25.034818799999996],[121.6303003,25.034762499999996],[121.6305736,25.033886699999993],[121.6308498,25.033376499999996],[121.63134009999999,25.032782899999997],[121.63157250000002,25.0328184],[121.6316477,25.032692799999996]]}},{"type":"Feature","properties":{"name":null,"kind":"path"},"geometry":{"type":"LineString","coordinates":[[121.6287172,25.034974],[121.62884779999999,25.034588499999998],[121.6284129,25.033969099999997],[121.62880790000001,25.0331167],[121.6287951,25.032673199999994],[121.6282439,25.033096],[121.6277464,25.033181099999993],[121.6276176,25.033084499999998]]}},{"type":"Feature","properties":{"name":"南港隧道","kind":"motorway"},"geometry":{"type":"LineString","coordinates":[[121.629742,25.033280900000005],[121.6282439,25.0338936],[121.62560060000001,25.0347361]]}},{"type":"Feature","properties":{"name":"蔣渭水高速公路","kind":"motorway"},"geometry":{"type":"LineString","coordinates":[[121.6250184,25.034589099999998],[121.62553889999998,25.034419900000003]]}},{"type":"Feature","properties":{"name":"緊急連絡道","kind":"service"},"geometry":{"type":"LineString","coordinates":[[121.62531139999999,25.0344993],[121.6254184,25.0347885]]}},{"type":"Feature","properties":{"name":"舊莊街二段","kind":"unclassified"},"geometry":{"type":"LineString","coordinates":[[121.63017530000002,25.034972000000003],[121.6323195,25.035160399999995],[121.6335466,25.0351185],[121.63366700000002,25.035080300000004],[121.63372970000002,25.0348216],[121.63395569999999,25.034590999999995],[121.6348562,25.034495400000004],[121.6360668,25.034195700000005]]}},{"type":"Feature","properties":{"name":"舊莊街二段122巷","kind":"service"},"geometry":{"type":"LineString","coordinates":[[121.63017530000002,25.034972000000003],[121.63018050000001,25.034818799999996]]}},{"type":"Feature","properties":{"name":"舊莊街二段187巷","kind":"service"},"geometry":{"type":"LineString","coordinates":[[121.6330645,25.035116399999996],[121.6331347,25.0352407],[121.6332795,25.0352577]]}},{"type":"Feature","properties":{"name":"同德巷","kind":"residential"},"geometry":{"type":"LineString","coordinates":[[121.63054110000002,25.0349962],[121.63091640000002,25.035217899999996],[121.6308332,25.035404899999996]]}},{"type":"Feature","properties":{"name":"南港系統交流道","kind":"motorway_link"},"geometry":{"type":"LineString","coordinates":[[121.61827009999999,25.034072099999996],[121.6191562,25.03453739999999]]}},{"type":"Feature","properties":{"name":"福爾摩沙高速公路","kind":"motorway"},"geometry":{"type":"LineString","coordinates":[[121.61827009999999,25.034072099999996],[121.6191244,25.034584000000002]]}},{"type":"Feature","properties":{"name":null,"kind":"path"},"geometry":{"type":"LineString","coordinates":[[121.6217838,25.034711499999997],[121.6217034,25.034926],[121.6210771,25.034924199999995],[121.62086920000002,25.034752900000004],[121.62052350000002,25.034724600000004],[121.6194241,25.033983699999993]]}},{"type":"Feature","properties":{"name":"福爾摩沙高速公路","kind":"motorway"},"geometry":{"type":"LineString","coordinates":[[121.6190441,25.034687899999994],[121.6183798,25.034292400000002]]}},{"type":"Feature","properties":{"name":null,"kind":"path"},"geometry":{"type":"LineString","coordinates":[[121.62197759999998,25.034695099999997],[121.62192259999999,25.034924199999992],[121.6217436,25.0350421],[121.62078670000001,25.034978899999995],[121.6191023,25.0339217]]}},{"type":"Feature","properties":{"name":"南深路","kind":"secondary"},"geometry":{"type":"LineString","coordinates":[[121.61873420000002,25.0349971],[121.61873120000001,25.034717899999993],[121.61914499999999,25.0341726]]}},{"type":"Feature","properties":{"name":"南深路","kind":"secondary"},"geometry":{"type":"LineString","coordinates":[[121.61914499999999,25.0341726],[121.6204377,25.035030800000005],[121.6211504,25.035224299999992]]}},{"type":"Feature","properties":{"name":"南港系統交流道","kind":"motorway_link"},"geometry":{"type":"LineString","coordinates":[[121.61871530000002,25.0353682],[121.61854010000002,25.034754600000003],[121.618258,25.034396499999996]]}},{"type":"Feature","properties":{"name":"蔣渭水高速公路","kind":"motorway"},"geometry":{"type":"LineString","coordinates":[[121.62560060000001,25.0347361],[121.62473530000001,25.0349964]]}},{"type":"Feature","properties":{"name":"蔣渭水高速公路","kind":"motorway"},"geometry":{"type":"LineString","coordinates":[[121.6227227,25.035276999999997],[121.6250184,25.034589099999998]]}},{"type":"Feature","properties":{"name":"南港系統交流道","kind":"motorway_link"},"geometry":{"type":"LineString","coordinates":[[121.6191562,25.03453739999999],[121.6205309,25.035341299999995],[121.62099220000002,25.0355106],[121.6214809,25.0355463],[121.6227227,25.035276999999997]]}},{"type":"Feature","properties":{"name":"南深路","kind":"secondary"},"geometry":{"type":"LineString","coordinates":[[121.61873420000002,25.0349971],[121.6189957,25.0352298]]}},{"type":"Feature","properties":{"name":"南深路","kind":"secondary"},"geometry":{"type":"LineString","coordinates":[[121.6189471,25.035281099999995],[121.61873420000002,25.0349971]]}},{"type":"Feature","properties":{"name":"福爾摩沙高速公路","kind":"motorway"},"geometry":{"type":"LineString","coordinates":[[121.62038380000001,25.0356548],[121.6190441,25.034687899999994]]}},{"type":"Feature","properties":{"name":"蔣渭水高速公路","kind":"motorway"},"geometry":{"type":"LineString","coordinates":[[121.62473530000001,25.0349964],[121.6236899,25.035352699999997]]}},{"type":"Feature","properties":{"name":"南深路","kind":"secondary"},"geometry":{"type":"LineString","coordinates":[[121.6189957,25.0352298],[121.6192455,25.0353732]]}},{"type":"Feature","properties":{"name":"南深路","kind":"secondary"},"geometry":{"type":"LineString","coordinates":[[121.619192,25.035414599999992],[121.6189471,25.035281099999995]]}},{"type":"Feature","properties":{"name":"南港系統交流道","kind":"motorway_link"},"geometry":{"type":"LineString","coordinates":[[121.6236899,25.035352699999997],[121.62267270000001,25.035631099999996]]}},{"type":"Feature","properties":{"name":"南深路","kind":"secondary"},"geometry":{"type":"LineString","coordinates":[[121.6192455,25.0353732],[121.61968080000001,25.0356906]]}},{"type":"Feature","properties":{"name":"南港系統交流道","kind":"motorway_link"},"geometry":{"type":"LineString","coordinates":[[121.6211328,25.035787199999998],[121.6227227,25.035276999999997]]}},{"type":"Feature","properties":{"name":null,"kind":"path"},"geometry":{"type":"LineString","coordinates":[[121.5920571,25.03451009999999],[121.5923164,25.0337291],[121.5921394,25.0333227],[121.59194360000001,25.0332419],[121.59140080000002,25.033235400000002],[121.59078390000002,25.033424999999998],[121.59007679999999,25.033516099999993]]}},{"type":"Feature","properties":{"name":"虎山自然步道","kind":"steps"},"geometry":{"type":"LineString","coordinates":[[121.58746300000001,25.036355799999995],[121.58772189999999,25.036377399999992],[121.5878706,25.0362165],[121.5887316,25.0347134],[121.58909909999998,25.034464099999994],[121.5892324,25.034252399999996],[121.58946780000001,25.034077399999997],[121.5897001,25.034004199999995],[121.58996970000001,25.033621600000004],[121.5905752,25.0330627],[121.5907637,25.032484499999995],[121.5909991,25.032112000000005],[121.5912218,25.032125200000003],[121.5914156,25.031992199999998],[121.59169909999999,25.0321874],[121.5916278,25.0320721],[121.59177730000002,25.031939499999996],[121.5917685,25.0318157],[121.591863,25.0318575],[121.5921059,25.0315553],[121.5926136,25.0315753]]}},{"type":"Feature","properties":{"name":"中華科技大學步道","kind":"steps"},"geometry":{"type":"LineString","coordinates":[[121.5943627,25.032707099999993],[121.5939343,25.0324402],[121.5934,25.0323906]]}},{"type":"Feature","properties":{"name":"麗山橋口步道","kind":"footway"},"geometry":{"type":"LineString","coordinates":[[121.5945584,25.0325042],[121.5944433,25.0325541],[121.5943627,25.032707099999993]]}},{"type":"Feature","properties":{"name":"中華技術學院步道","kind":"footway"},"geometry":{"type":"LineString","coordinates":[[121.59467010000002,25.032715699999994],[121.5943627,25.032707099999993]]}},{"type":"Feature","properties":{"name":null,"kind":"path"},"geometry":{"type":"LineString","coordinates":[[121.5941496,25.0328232],[121.59393240000001,25.03271309999999],[121.59362970000001,25.032770700000004],[121.5934546,25.032643199999992]]}},{"type":"Feature","properties":{"name":"中華技術學院步道","kind":"footway"},"geometry":{"type":"LineString","coordinates":[[121.59532720000001,25.0328518],[121.59491370000002,25.0327524],[121.5947733,25.032796999999995],[121.59467010000002,25.032715699999994]]}},{"type":"Feature","properties":{"name":null,"kind":"path"},"geometry":{"type":"LineString","coordinates":[[121.59435280000001,25.032832600000003],[121.5945073,25.0331829],[121.5947774,25.033461999999997]]}},{"type":"Feature","properties":{"name":null,"kind":"path"},"geometry":{"type":"LineString","coordinates":[[121.5909716,25.035875],[121.59091290000002,25.0352474],[121.590986,25.034641699999995],[121.59115630000001,25.034182400000002],[121.59113620000001,25.033948499999997],[121.59129519999999,25.0335718],[121.59140110000001,25.0335438],[121.5915366,25.0336568],[121.5917189,25.0336696],[121.5918195,25.0334642],[121.59176230000001,25.033275499999995]]}},{"type":"Feature","properties":{"name":"北興宮步道","kind":"footway"},"geometry":{"type":"LineString","coordinates":[[121.59072720000002,25.0372099],[121.591005,25.03667129999999],[121.59115299999999,25.036580999999998],[121.5911778,25.036365899999993],[121.59159019999998,25.035704899999995],[121.59159819999999,25.035090099999998],[121.5918564,25.034903699999997],[121.5924195,25.0338933],[121.5930519,25.0334567],[121.5936179,25.033258899999996],[121.5939829,25.033002200000002],[121.5942147,25.033131900000004],[121.5941496,25.0328232],[121.5943688,25.0328271],[121.5943627,25.032707099999993]]}},{"type":"Feature","properties":{"name":"成福路269巷","kind":"service"},"geometry":{"type":"LineString","coordinates":[[121.59139990000001,25.037106899999998],[121.59197060000001,25.03595839999999],[121.59216260000001,25.035792799999992],[121.5923193,25.0358533],[121.59241759999999,25.0357716],[121.59256739999998,25.035331899999996],[121.59256880000001,25.0350658]]}},{"type":"Feature","properties":{"name":null,"kind":"path"},"geometry":{"type":"LineString","coordinates":[[121.5914349,25.03627390000001],[121.59131620000001,25.036165200000003]]}},{"type":"Feature","properties":{"name":null,"kind":"path"},"geometry":{"type":"LineString","coordinates":[[121.5895236,25.034981700000003],[121.5900166,25.035107599999996],[121.590104,25.035054199999998],[121.59028209999998,25.0351188],[121.5904853,25.035000899999996],[121.5909527,25.035059800000003]]}},{"type":"Feature","properties":{"name":null,"kind":"footway"},"geometry":{"type":"LineString","coordinates":[[121.5883887,25.0352328],[121.58869070000001,25.035232200000003],[121.58888720000002,25.035856199999994],[121.5891172,25.0361642],[121.58941430000002,25.035988]]}},{"type":"Feature","properties":{"name":null,"kind":"path"},"geometry":{"type":"LineString","coordinates":[[121.58941430000002,25.035988],[121.58949710000002,25.0360171],[121.5897048,25.0359259],[121.589828,25.0356858],[121.5900899,25.0356244],[121.59022400000002,25.0357499],[121.5903071,25.0361621]]}},{"type":"Feature","properties":{"name":null,"kind":"path"},"geometry":{"type":"LineString","coordinates":[[121.5888528,25.0346436],[121.5889066,25.034688499999998],[121.5891843,25.034542599999998],[121.5894961,25.0346636],[121.58954189999999,25.03518469999999],[121.5892567,25.03578389999999],[121.58947460000002,25.036203099999998],[121.5892774,25.037182300000005],[121.5890581,25.037507400000003],[121.5885375,25.037779199999996],[121.5886237,25.037966200000003],[121.58851570000002,25.038152099999998],[121.58861380000002,25.0382928]]}},{"type":"Feature","properties":{"name":null,"kind":"service"},"geometry":{"type":"LineString","coordinates":[[121.59077430000002,25.0368201],[121.5904496,25.0366998],[121.59039930000002,25.036401599999998],[121.5902518,25.036195800000005],[121.5903071,25.0361621]]}},{"type":"Feature","properties":{"name":null,"kind":"service"},"geometry":{"type":"LineString","coordinates":[[121.59061260000001,25.0376988],[121.59057360000001,25.0376169],[121.5907709,25.0375255],[121.5906851,25.037260399999997],[121.59078550000001,25.036766],[121.59095740000001,25.036481299999995],[121.5908844,25.0363847],[121.5909716,25.035875]]}},{"type":"Feature","properties":{"name":null,"kind":"service"},"geometry":{"type":"LineString","coordinates":[[121.59051430000001,25.037307900000002],[121.5904397,25.0372486],[121.5904722,25.036900299999996]]}},{"type":"Feature","properties":{"name":null,"kind":"steps"},"geometry":{"type":"LineString","coordinates":[[121.59055680000002,25.0372132],[121.5906851,25.037260399999997]]}},{"type":"Feature","properties":{"name":null,"kind":"footway"},"geometry":{"type":"LineString","coordinates":[[121.59051430000001,25.037307900000002],[121.59055680000002,25.0372132]]}},{"type":"Feature","properties":{"name":null,"kind":"service"},"geometry":{"type":"LineString","coordinates":[[121.59057360000001,25.0376169],[121.59051430000001,25.037307900000002]]}},{"type":"Feature","properties":{"name":null,"kind":"service"},"geometry":{"type":"LineString","coordinates":[[121.59052150000001,25.037455299999994],[121.5902317,25.037556099999996]]}},{"type":"Feature","properties":{"name":null,"kind":"footway"},"geometry":{"type":"LineString","coordinates":[[121.59022170000001,25.0376133],[121.59039450000002,25.037567199999998],[121.59057360000001,25.0376169]]}},{"type":"Feature","properties":{"name":"成福路","kind":"residential"},"geometry":{"type":"LineString","coordinates":[[121.59129759999999,25.0374967],[121.59061260000001,25.0376988]]}},{"type":"Feature","properties":{"name":null,"kind":"path"},"geometry":{"type":"LineString","coordinates":[[121.5921994,25.036342299999998],[121.592326,25.0361988]]}},{"type":"Feature","properties":{"name":null,"kind":"service"},"geometry":{"type":"LineString","coordinates":[[121.5917141,25.0364816],[121.59204949999999,25.036150299999996]]}},{"type":"Feature","properties":{"name":"成福路269巷","kind":"service"},"geometry":{"type":"LineString","coordinates":[[121.5916742,25.036036599999992],[121.5914349,25.036243399999996],[121.59146260000001,25.036284599999995],[121.5917589,25.0361524],[121.59162349999998,25.036673399999998]]}},{"type":"Feature","properties":{"name":null,"kind":"path"},"geometry":{"type":"LineString","coordinates":[[121.5927622,25.036791800000003],[121.5926971,25.0361533]]}},{"type":"Feature","properties":{"name":null,"kind":"path"},"geometry":{"type":"LineString","coordinates":[[121.5919058,25.0366934],[121.5920194,25.036637899999995],[121.5921994,25.036342299999998],[121.5924301,25.036347099999993],[121.59287849999998,25.0369425]]}},{"type":"Feature","properties":{"name":null,"kind":"path"},"geometry":{"type":"LineString","coordinates":[[121.5923746,25.038148799999995],[121.592871,25.037693399999995],[121.5931633,25.03769159999999],[121.5935174,25.037429099999997],[121.59363620000002,25.037185],[121.5935657,25.036722099999995],[121.5932128,25.0367035],[121.5930238,25.036862000000003],[121.59284450000001,25.036871200000007]]}},{"type":"Feature","properties":{"name":null,"kind":"footway"},"geometry":{"type":"LineString","coordinates":[[121.59122940000002,25.037421199999994],[121.591263,25.0375798],[121.5913971,25.037557899999996]]}},{"type":"Feature","properties":{"name":"成福路269巷","kind":"service"},"geometry":{"type":"LineString","coordinates":[[121.59129759999999,25.0374967],[121.59134040000002,25.0371457],[121.59183079999998,25.036704800000003],[121.59192790000002,25.0367065],[121.59182860000001,25.037446399999997],[121.59183820000001,25.038265500000005],[121.59202339999999,25.038364599999994],[121.5923746,25.038148799999995]]}},{"type":"Feature","properties":{"name":null,"kind":"steps"},"geometry":{"type":"LineString","coordinates":[[121.59329070000001,25.0375956],[121.59357480000001,25.037600899999997]]}},{"type":"Feature","properties":{"name":null,"kind":"path"},"geometry":{"type":"LineString","coordinates":[[121.59357480000001,25.037600899999997],[121.5937387,25.037683000000005],[121.59358499999999,25.0382929],[121.5933896,25.0382623]]}},{"type":"Feature","properties":{"name":null,"kind":"steps"},"geometry":{"type":"LineString","coordinates":[[121.5899099,25.0377552],[121.59022170000001,25.0376133]]}},{"type":"Feature","properties":{"name":null,"kind":"footway"},"geometry":{"type":"LineString","coordinates":[[121.58977880000002,25.037814900000004],[121.5899099,25.0377552]]}},{"type":"Feature","properties":{"name":null,"kind":"service"},"geometry":{"type":"LineString","coordinates":[[121.59039570000002,25.037907900000004],[121.59009270000001,25.037779499999996]]}},{"type":"Feature","properties":{"name":"福德街339巷9弄","kind":"service"},"geometry":{"type":"LineString","coordinates":[[121.59005949999998,25.038207499999995],[121.58977880000002,25.037814900000004]]}},{"type":"Feature","properties":{"name":"福德街339巷","kind":"residential"},"geometry":{"type":"LineString","coordinates":[[121.58977880000002,25.037814900000004],[121.5891163,25.0381886],[121.5880187,25.038453599999997]]}},{"type":"Feature","properties":{"name":"福德街339巷7弄","kind":"service"},"geometry":{"type":"LineString","coordinates":[[121.58951160000001,25.0379365],[121.58980740000001,25.038347899999998]]}},{"type":"Feature","properties":{"name":null,"kind":"service"},"geometry":{"type":"LineString","coordinates":[[121.58861380000002,25.0382928],[121.5887403,25.038123499999998]]}},{"type":"Feature","properties":{"name":null,"kind":"service"},"geometry":{"type":"LineString","coordinates":[[121.59023400000001,25.038370699999998],[121.58991420000001,25.03828349999999]]}},{"type":"Feature","properties":{"name":null,"kind":"footway"},"geometry":{"type":"LineString","coordinates":[[121.5882342,25.038614799999998],[121.58861380000002,25.0382928]]}},{"type":"Feature","properties":{"name":"福德街339巷7弄","kind":"service"},"geometry":{"type":"LineString","coordinates":[[121.58944880000001,25.038826099999994],[121.58980740000001,25.038347899999998],[121.59015330000001,25.0381613]]}},{"type":"Feature","properties":{"name":null,"kind":"path"},"geometry":{"type":"LineString","coordinates":[[121.6026147,25.032420399999996],[121.6026959,25.032289799999997],[121.6029574,25.032334199999994],[121.6031244,25.032278899999998],[121.6033027,25.0317412],[121.6034865,25.031553999999996],[121.60378279999999,25.031329199999995],[121.6041805,25.031249]]}},{"type":"Feature","properties":{"name":null,"kind":"track"},"geometry":{"type":"LineString","coordinates":[[121.6083161,25.03138729999999],[121.60735049999998,25.03261639999999],[121.60736219999998,25.033215400000003]]}},{"type":"Feature","properties":{"name":null,"kind":"path"},"geometry":{"type":"LineString","coordinates":[[121.6025972,25.0327092],[121.60264999999998,25.032520699999992],[121.6028485,25.032611600000003],[121.60340420000001,25.032486799999994],[121.60382920000002,25.0323303],[121.60405100000001,25.0323218],[121.60431720000001,25.032095400000003],[121.60493819999999,25.0319799],[121.60517160000002,25.032092300000002],[121.6053586,25.031987799999996],[121.6055102,25.0321173],[121.6057373,25.032127899999995],[121.60602450000002,25.0320711],[121.60617789999999,25.03195579999999]]}},{"type":"Feature","properties":{"name":null,"kind":"path"},"geometry":{"type":"LineString","coordinates":[[121.60525110000002,25.032775],[121.60529019999998,25.032703299999998],[121.6051031,25.032348299999995],[121.6049023,25.032326199999993],[121.60513680000001,25.032089099999997]]}},{"type":"Feature","properties":{"name":null,"kind":"steps"},"geometry":{"type":"LineString","coordinates":[[121.6025487,25.03269699999999],[121.6025972,25.0327092]]}},{"type":"Feature","properties":{"name":null,"kind":"footway"},"geometry":{"type":"LineString","coordinates":[[121.6025323,25.032749899999992],[121.6025295,25.032684399999997]]}},{"type":"Feature","properties":{"name":null,"kind":"steps"},"geometry":{"type":"LineString","coordinates":[[121.6025799,25.0327619],[121.6025323,25.032749899999992]]}},{"type":"Feature","properties":{"name":"中華技術學院步道","kind":"steps"},"geometry":{"type":"LineString","coordinates":[[121.603431,25.032669700000003],[121.603219,25.032695999999994],[121.603017,25.0328501],[121.60264759999998,25.032910499999993]]}},{"type":"Feature","properties":{"name":"中華技術學院步道","kind":"footway"},"geometry":{"type":"LineString","coordinates":[[121.60379510000001,25.032952099999996],[121.603431,25.032669700000003]]}},{"type":"Feature","properties":{"name":null,"kind":"footway"},"geometry":{"type":"LineString","coordinates":[[121.60264759999998,25.032910499999993],[121.6025799,25.0327619]]}},{"type":"Feature","properties":{"name":null,"kind":"path"},"geometry":{"type":"LineString","coordinates":[[121.6085075,25.032077499999993],[121.60809660000001,25.032630699999995],[121.60796249999999,25.032572399999996],[121.6076272,25.032757099999998],[121.6075789,25.032912600000003],[121.60739120000001,25.033084799999994]]}},{"type":"Feature","properties":{"name":null,"kind":"path"},"geometry":{"type":"LineString","coordinates":[[121.60809660000001,25.032630699999995],[121.6080469,25.032874900000003],[121.6081562,25.033035599999998]]}},{"type":"Feature","properties":{"name":null,"kind":"path"},"geometry":{"type":"LineString","coordinates":[[121.60882569999998,25.0329205],[121.6088275,25.032904099999996]]}},{"type":"Feature","properties":{"name":null,"kind":"service"},"geometry":{"type":"LineString","coordinates":[[121.6100607,25.0328297],[121.6104613,25.0331279]]}},{"type":"Feature","properties":{"name":"中華技術學院步道","kind":"steps"},"geometry":{"type":"LineString","coordinates":[[121.6097967,25.0331069],[121.60937050000001,25.032960799999998],[121.6083488,25.0329421]]}},{"type":"Feature","properties":{"name":null,"kind":"path"},"geometry":{"type":"LineString","coordinates":[[121.60945779999999,25.033007799999996],[121.6094242,25.033037199999995]]}},{"type":"Feature","properties":{"name":"中華技術學院步道","kind":"footway"},"geometry":{"type":"LineString","coordinates":[[121.6083488,25.0329421],[121.6078294,25.033173399999992]]}},{"type":"Feature","properties":{"name":null,"kind":"steps"},"geometry":{"type":"LineString","coordinates":[[121.60957999999998,25.0330459],[121.60922340000002,25.033205999999996]]}},{"type":"Feature","properties":{"name":null,"kind":"service"},"geometry":{"type":"LineString","coordinates":[[121.61273670000001,25.033521500000003],[121.61312260000001,25.032993499999996],[121.6133597,25.032950000000003],[121.6134777,25.032762800000004]]}},{"type":"Feature","properties":{"name":null,"kind":"service"},"geometry":{"type":"LineString","coordinates":[[121.6104613,25.0331279],[121.61061110000001,25.033231499999996]]}},{"type":"Feature","properties":{"name":"中華技術學院步道","kind":"steps"},"geometry":{"type":"LineString","coordinates":[[121.60555419999999,25.0329372],[121.60525110000002,25.032775]]}},{"type":"Feature","properties":{"name":"中華技術學院步道","kind":"footway"},"geometry":{"type":"LineString","coordinates":[[121.60525110000002,25.032775],[121.6048859,25.0328955],[121.6047851,25.033012899999992]]}},{"type":"Feature","properties":{"name":"中華技術學院步道","kind":"footway"},"geometry":{"type":"LineString","coordinates":[[121.6059081,25.033008599999995],[121.60555419999999,25.0329372]]}},{"type":"Feature","properties":{"name":"中華技術學院步道","kind":"steps"},"geometry":{"type":"LineString","coordinates":[[121.6047851,25.033012899999992],[121.6046078,25.0330405],[121.6043355,25.032913700000005],[121.6042146,25.033079100000002],[121.6039537,25.032914600000005],[121.60379510000001,25.032952099999996]]}},{"type":"Feature","properties":{"name":"中華技術學院步道","kind":"footway"},"geometry":{"type":"LineString","coordinates":[[121.60264759999998,25.032910499999993],[121.60206070000001,25.033127500000003]]}},{"type":"Feature","properties":{"name":"中華技術學院步道","kind":"footway"},"geometry":{"type":"LineString","coordinates":[[121.6065815,25.0329468],[121.60627389999999,25.033060700000004],[121.60592740000001,25.033052099999995]]}},{"type":"Feature","properties":{"name":"中華技術學院步道","kind":"footway"},"geometry":{"type":"LineString","coordinates":[[121.60592740000001,25.033052099999995],[121.6059081,25.033008599999995]]}},{"type":"Feature","properties":{"name":null,"kind":"path"},"geometry":{"type":"LineString","coordinates":[[121.60428890000001,25.033044399999998],[121.60426620000001,25.033102199999995]]}},{"type":"Feature","properties":{"name":"中華技術學院步道","kind":"footway"},"geometry":{"type":"LineString","coordinates":[[121.6074379,25.0332512],[121.60707740000001,25.033197899999994],[121.6065815,25.0329468]]}},{"type":"Feature","properties":{"name":"中華技術學院步道","kind":"steps"},"geometry":{"type":"LineString","coordinates":[[121.6078294,25.033173399999992],[121.6074379,25.0332512]]}},{"type":"Feature","properties":{"name":null,"kind":"footway"},"geometry":{"type":"LineString","coordinates":[[121.61191919999999,25.03320739999999],[121.61194289999999,25.033305300000002]]}},{"type":"Feature","properties":{"name":null,"kind":"service"},"geometry":{"type":"LineString","coordinates":[[121.61061110000001,25.033231499999996],[121.61070599999998,25.033297500000003]]}},{"type":"Feature","properties":{"name":null,"kind":"footway"},"geometry":{"type":"LineString","coordinates":[[121.6100139,25.033786300000003],[121.6104399,25.033112]]}},{"type":"Feature","properties":{"name":"研究院路三段","kind":"unclassified"},"geometry":{"type":"LineString","coordinates":[[121.6125011,25.033416299999995],[121.61193540000001,25.033274100000003],[121.6109844,25.033625699999998]]}},{"type":"Feature","properties":{"name":null,"kind":"service"},"geometry":{"type":"LineString","coordinates":[[121.61193540000001,25.033274100000003],[121.61195670000001,25.033375199999995],[121.61163320000001,25.033906599999995],[121.61133920000002,25.033960399999994],[121.6111867,25.033549999999995]]}},{"type":"Feature","properties":{"name":"研究院路三段","kind":"unclassified"},"geometry":{"type":"LineString","coordinates":[[121.6109844,25.033625699999998],[121.610428,25.0339029],[121.610187,25.033852199999995]]}},{"type":"Feature","properties":{"name":null,"kind":"service"},"geometry":{"type":"LineString","coordinates":[[121.6118026,25.0342015],[121.6123663,25.033358399999994]]}},{"type":"Feature","properties":{"name":"雄獅橋","kind":"unclassified"},"geometry":{"type":"LineString","coordinates":[[121.610187,25.033852199999995],[121.61003680000002,25.03379349999999]]}},{"type":"Feature","properties":{"name":null,"kind":"unclassified"},"geometry":{"type":"LineString","coordinates":[[121.61195970000001,25.0342315],[121.6125011,25.033416299999995]]}},{"type":"Feature","properties":{"name":null,"kind":"service"},"geometry":{"type":"LineString","coordinates":[[121.6126378,25.033475099999997],[121.612119,25.034262]]}},{"type":"Feature","properties":{"name":null,"kind":"path"},"geometry":{"type":"LineString","coordinates":[[121.59758,25.033611099999995],[121.59759579999998,25.033516399999993]]}},{"type":"Feature","properties":{"name":"中華技術學院步道","kind":"steps"},"geometry":{"type":"LineString","coordinates":[[121.59929020000001,25.0337734],[121.59904930000002,25.033561699999996],[121.5989901,25.033370400000003]]}},{"type":"Feature","properties":{"name":null,"kind":"path"},"geometry":{"type":"LineString","coordinates":[[121.5998638,25.033719899999998],[121.59978010000002,25.033679299999996]]}},{"type":"Feature","properties":{"name":"中華技術學院步道","kind":"footway"},"geometry":{"type":"LineString","coordinates":[[121.6010488,25.033728999999997],[121.60043219999999,25.033694800000003]]}},{"type":"Feature","properties":{"name":"中華技術學院步道","kind":"steps"},"geometry":{"type":"LineString","coordinates":[[121.60043219999999,25.033694800000003],[121.5999204,25.033701599999993],[121.59973070000001,25.033797300000007]]}},{"type":"Feature","properties":{"name":"中華技術學院步道","kind":"footway"},"geometry":{"type":"LineString","coordinates":[[121.59973070000001,25.033797300000007],[121.59929020000001,25.0337734]]}},{"type":"Feature","properties":{"name":null,"kind":"path"},"geometry":{"type":"LineString","coordinates":[[121.5997912,25.0337861],[121.59987820000002,25.033831199999995]]}},{"type":"Feature","properties":{"name":null,"kind":"path"},"geometry":{"type":"LineString","coordinates":[[121.59904489999998,25.0346664],[121.59874630000002,25.0348606],[121.59818040000002,25.0347122],[121.5972065,25.034870799999993],[121.59684620000002,25.034609499999995],[121.5965959,25.0346256],[121.5963423,25.034520699999998],[121.5955491,25.03387],[121.59524320000001,25.033799899999995],[121.59517360000001,25.033526599999995],[121.59470889999999,25.0330401],[121.5948071,25.0329539],[121.5947733,25.032796999999995]]}},{"type":"Feature","properties":{"name":"中華技術學院步道","kind":"steps"},"geometry":{"type":"LineString","coordinates":[[121.6013237,25.033956],[121.6011635,25.03391029999999],[121.6010488,25.033728999999997]]}},{"type":"Feature","properties":{"name":null,"kind":"path"},"geometry":{"type":"LineString","coordinates":[[121.59747899999999,25.0336162],[121.59747350000002,25.0337752],[121.5971746,25.0341605]]}},{"type":"Feature","properties":{"name":"研究院路三段","kind":"unclassified"},"geometry":{"type":"LineString","coordinates":[[121.61003680000002,25.03379349999999],[121.60983799999998,25.033826],[121.6096845,25.034013999999996]]}},{"type":"Feature","properties":{"name":null,"kind":"service"},"geometry":{"type":"LineString","coordinates":[[121.61029120000002,25.033893],[121.6103075,25.034035899999996],[121.6105327,25.0341422],[121.61172090000001,25.034150200000003]]}},{"type":"Feature","properties":{"name":"研究院路三段","kind":"unclassified"},"geometry":{"type":"LineString","coordinates":[[121.6145427,25.034660999999993],[121.61408530000001,25.03455039999999],[121.6132233,25.033811099999998],[121.6125011,25.033416299999995]]}},{"type":"Feature","properties":{"name":null,"kind":"footway"},"geometry":{"type":"LineString","coordinates":[[121.61172090000001,25.034150200000003],[121.6118026,25.0342015]]}},{"type":"Feature","properties":{"name":null,"kind":"unclassified"},"geometry":{"type":"LineString","coordinates":[[121.61079110000001,25.0344348],[121.61025850000001,25.034405300000003],[121.6096845,25.034013999999996]]}},{"type":"Feature","properties":{"name":null,"kind":"footway"},"geometry":{"type":"LineString","coordinates":[[121.6138263,25.034145599999995],[121.61369350000001,25.034234099999995],[121.61376649999998,25.0343046]]}},{"type":"Feature","properties":{"name":null,"kind":"footway"},"geometry":{"type":"LineString","coordinates":[[121.612119,25.034262],[121.6122055,25.034235400000004]]}},{"type":"Feature","properties":{"name":null,"kind":"service"},"geometry":{"type":"LineString","coordinates":[[121.6095437,25.034170700000004],[121.6087201,25.034424199999997]]}},{"type":"Feature","properties":{"name":null,"kind":"service"},"geometry":{"type":"LineString","coordinates":[[121.6116867,25.034374699999997],[121.6118026,25.0342015]]}},{"type":"Feature","properties":{"name":"公墓橋","kind":"unclassified"},"geometry":{"type":"LineString","coordinates":[[121.61184849999998,25.034399],[121.61195970000001,25.0342315]]}},{"type":"Feature","properties":{"name":null,"kind":"service"},"geometry":{"type":"LineString","coordinates":[[121.612119,25.034262],[121.61201249999999,25.034423599999993]]}},{"type":"Feature","properties":{"name":null,"kind":"service"},"geometry":{"type":"LineString","coordinates":[[121.6116517,25.034427099999995],[121.6116867,25.034374699999997]]}},{"type":"Feature","properties":{"name":null,"kind":"unclassified"},"geometry":{"type":"LineString","coordinates":[[121.61181180000001,25.034454200000003],[121.61184849999998,25.034399]]}},{"type":"Feature","properties":{"name":null,"kind":"unclassified"},"geometry":{"type":"LineString","coordinates":[[121.61181180000001,25.034454200000003],[121.61079110000001,25.0344348]]}},{"type":"Feature","properties":{"name":null,"kind":"service"},"geometry":{"type":"LineString","coordinates":[[121.61201249999999,25.034423599999993],[121.6119898,25.034458]]}},{"type":"Feature","properties":{"name":null,"kind":"service"},"geometry":{"type":"LineString","coordinates":[[121.613111,25.0347036],[121.6134462,25.034538600000005],[121.6137554,25.034245600000002]]}},{"type":"Feature","properties":{"name":null,"kind":"steps"},"geometry":{"type":"LineString","coordinates":[[121.6109504,25.0344348],[121.61065370000001,25.034920799999995]]}},{"type":"Feature","properties":{"name":null,"kind":"service"},"geometry":{"type":"LineString","coordinates":[[121.6122055,25.034235400000004],[121.6126021,25.034469],[121.6127925,25.034675600000003],[121.6129883,25.035292899999995],[121.6130855,25.0352965]]}},{"type":"Feature","properties":{"name":null,"kind":"service"},"geometry":{"type":"LineString","coordinates":[[121.61409820000002,25.034846799999997],[121.6143147,25.0348906]]}},{"type":"Feature","properties":{"name":null,"kind":"service"},"geometry":{"type":"LineString","coordinates":[[121.61385289999998,25.034988500000004],[121.61353240000001,25.035187700000005]]}},{"type":"Feature","properties":{"name":null,"kind":"service"},"geometry":{"type":"LineString","coordinates":[[121.6095293,25.0352872],[121.609692,25.0349841]]}},{"type":"Feature","properties":{"name":null,"kind":"service"},"geometry":{"type":"LineString","coordinates":[[121.6141021,25.035618499999995],[121.6143831,25.0346525]]}},{"type":"Feature","properties":{"name":null,"kind":"service"},"geometry":{"type":"LineString","coordinates":[[121.61353240000001,25.035187700000005],[121.6130855,25.0352965]]}},{"type":"Feature","properties":{"name":null,"kind":"service"},"geometry":{"type":"LineString","coordinates":[[121.6140736,25.036000400000002],[121.6133742,25.036076300000005],[121.61296959999999,25.035919899999993],[121.61275290000002,25.035543199999992],[121.6125413,25.034804500000003],[121.61217239999999,25.034489899999997],[121.61181180000001,25.034454200000003]]}},{"type":"Feature","properties":{"name":null,"kind":"footway"},"geometry":{"type":"LineString","coordinates":[[121.6142568,25.035486899999995],[121.6142122,25.0355865]]}},{"type":"Feature","properties":{"name":null,"kind":"footway"},"geometry":{"type":"LineString","coordinates":[[121.61065370000001,25.034920799999995],[121.6116062,25.0354163],[121.6116857,25.035531499999998],[121.6112106,25.0362652]]}},{"type":"Feature","properties":{"name":null,"kind":"footway"},"geometry":{"type":"LineString","coordinates":[[121.614051,25.035657799999992],[121.6140387,25.0355547]]}},{"type":"Feature","properties":{"name":null,"kind":"residential"},"geometry":{"type":"LineString","coordinates":[[121.61409439999998,25.035664400000005],[121.6141021,25.035618499999995]]}},{"type":"Feature","properties":{"name":null,"kind":"service"},"geometry":{"type":"LineString","coordinates":[[121.6140736,25.036000400000002],[121.61409439999998,25.035664400000005]]}},{"type":"Feature","properties":{"name":null,"kind":"residential"},"geometry":{"type":"LineString","coordinates":[[121.61298369999999,25.035984699999997],[121.61260750000001,25.0357605]]}},{"type":"Feature","properties":{"name":null,"kind":"track"},"geometry":{"type":"LineString","coordinates":[[121.60738850000001,25.033228199999993],[121.6073676,25.0334561]]}},{"type":"Feature","properties":{"name":"中華技術學院步道","kind":"footway"},"geometry":{"type":"LineString","coordinates":[[121.60206070000001,25.033127500000003],[121.6019794,25.0332874],[121.6017296,25.033475799999998],[121.6017247,25.0337226],[121.6014393,25.03397379999999],[121.6013237,25.033956]]}},{"type":"Feature","properties":{"name":null,"kind":"path"},"geometry":{"type":"LineString","coordinates":[[121.60173400000001,25.033689800000005],[121.6017581,25.0337751]]}},{"type":"Feature","properties":{"name":null,"kind":"track"},"geometry":{"type":"LineString","coordinates":[[121.6073676,25.0334561],[121.60654570000001,25.0334389],[121.6064006,25.033608699999995],[121.60637559999999,25.0338631],[121.60608820000002,25.033783800000002],[121.60582290000002,25.034001899999996],[121.6054591,25.033978600000005],[121.60509520000001,25.0342889]]}},{"type":"Feature","properties":{"name":null,"kind":"track"},"geometry":{"type":"LineString","coordinates":[[121.60509520000001,25.0342889],[121.6048223,25.0343114],[121.6047068,25.0341224]]}},{"type":"Feature","properties":{"name":null,"kind":"path"},"geometry":{"type":"LineString","coordinates":[[121.6027322,25.0343316],[121.6031268,25.0346041],[121.60310480000001,25.034817299999997],[121.60321490000001,25.0349965],[121.60349360000001,25.034850499999994],[121.60376530000002,25.0345278],[121.60388040000001,25.034517600000004],[121.6043656,25.034767999999996],[121.6046009,25.034637999999998],[121.604965,25.0346091],[121.60509520000001,25.0342889]]}},{"type":"Feature","properties":{"name":null,"kind":"path"},"geometry":{"type":"LineString","coordinates":[[121.6036074,25.034652899999998],[121.6038693,25.0348239],[121.6040611,25.0351739],[121.60425560000002,25.0352298],[121.6041188,25.035347699999996],[121.6041295,25.0355226],[121.60402490000001,25.035629599999996],[121.6039123,25.036115599999995]]}},{"type":"Feature","properties":{"name":null,"kind":"path"},"geometry":{"type":"LineString","coordinates":[[121.6042375,25.0352899],[121.6042234,25.035391399999998],[121.604383,25.035503199999997],[121.6045372,25.035480099999997],[121.6046941,25.035633199999996],[121.6048484,25.0355822],[121.6051018,25.035655099999996]]}},{"type":"Feature","properties":{"name":null,"kind":"steps"},"geometry":{"type":"LineString","coordinates":[[121.6059821,25.037015299999997],[121.6063648,25.0363101],[121.6065165,25.036394400000006]]}},{"type":"Feature","properties":{"name":null,"kind":"path"},"geometry":{"type":"LineString","coordinates":[[121.6086001,25.03818],[121.60848350000002,25.0380723],[121.6079611,25.037980800000003],[121.6075065,25.037767100000003],[121.6069391,25.037737699999997],[121.60653140000001,25.037364099999994],[121.6061372,25.037150899999993],[121.60550550000002,25.037165399999996],[121.6053204,25.0370476],[121.60476120000001,25.036364699999996],[121.60469139999998,25.0361666],[121.60413620000001,25.0360974],[121.60362929999998,25.036243199999994],[121.6034496,25.036200699999995],[121.60272,25.0363076],[121.60257790000001,25.036129000000003],[121.6015787,25.035523799999996],[121.6015735,25.035444999999992]]}},{"type":"Feature","properties":{"name":null,"kind":"service"},"geometry":{"type":"LineString","coordinates":[[121.6096845,25.034013999999996],[121.6091543,25.0346062],[121.6091486,25.034942799999996],[121.6100067,25.035733600000004],[121.6112106,25.0362652],[121.61131439999998,25.0364253],[121.6113697,25.03698019999999],[121.61217479999999,25.037632699999996],[121.61218020000001,25.037798700000003],[121.6119521,25.0377814],[121.611494,25.0373366],[121.6105887,25.037046999999998],[121.61009290000001,25.0369998],[121.6094916,25.036725199999992]]}},{"type":"Feature","properties":{"name":null,"kind":"residential"},"geometry":{"type":"LineString","coordinates":[[121.61250660000002,25.035872499999996],[121.61285860000001,25.036071499999995]]}},{"type":"Feature","properties":{"name":null,"kind":"residential"},"geometry":{"type":"LineString","coordinates":[[121.61260750000001,25.0357605],[121.61194830000001,25.036492600000003]]}},{"type":"Feature","properties":{"name":null,"kind":"residential"},"geometry":{"type":"LineString","coordinates":[[121.6123207,25.036079000000004],[121.6126997,25.036307499999996]]}},{"type":"Feature","properties":{"name":null,"kind":"steps"},"geometry":{"type":"LineString","coordinates":[[121.6094916,25.036725199999992],[121.61008999999999,25.035785999999995]]}},{"type":"Feature","properties":{"name":null,"kind":"residential"},"geometry":{"type":"LineString","coordinates":[[121.6124654,25.036791199999996],[121.612821,25.036109399999997],[121.6130387,25.035964700000005]]}},{"type":"Feature","properties":{"name":null,"kind":"residential"},"geometry":{"type":"LineString","coordinates":[[121.6121266,25.036294599999998],[121.6125716,25.0365554]]}},{"type":"Feature","properties":{"name":null,"kind":"service"},"geometry":{"type":"LineString","coordinates":[[121.6140926,25.0364668],[121.61376670000001,25.036419399999993]]}},{"type":"Feature","properties":{"name":null,"kind":"service"},"geometry":{"type":"LineString","coordinates":[[121.6142553,25.036197399999995],[121.614021,25.0366897]]}},{"type":"Feature","properties":{"name":null,"kind":"residential"},"geometry":{"type":"LineString","coordinates":[[121.61194830000001,25.036492600000003],[121.6124654,25.036791199999996]]}},{"type":"Feature","properties":{"name":null,"kind":"steps"},"geometry":{"type":"LineString","coordinates":[[121.5829668,25.011857],[121.58257350000001,25.01205179999999],[121.5822535,25.012543499999996]]}},{"type":"Feature","properties":{"name":null,"kind":"footway"},"geometry":{"type":"LineString","coordinates":[[121.5819691,25.012276099999998],[121.58228430000001,25.012164900000002],[121.5825706,25.0121868],[121.58267600000002,25.0124491],[121.58294739999998,25.012727],[121.58320560000001,25.0128601],[121.5838004,25.0128607],[121.5842775,25.0126681],[121.5845997,25.012808499999995],[121.5848458,25.012791400000005]]}},{"type":"Feature","properties":{"name":null,"kind":"footway"},"geometry":{"type":"LineString","coordinates":[[121.58184,25.012612800000003],[121.5821656,25.012522199999996],[121.58241470000002,25.012653800000002]]}},{"type":"Feature","properties":{"name":null,"kind":"path"},"geometry":{"type":"LineString","coordinates":[[121.58230560000001,25.0125755],[121.5823205,25.0126746],[121.5822041,25.012691399999998]]}},{"type":"Feature","properties":{"name":null,"kind":"footway"},"geometry":{"type":"LineString","coordinates":[[121.5781895,25.012010299999996],[121.57875950000002,25.012011200000003],[121.57921650000002,25.012547499999997],[121.57995510000002,25.012587300000007]]}},{"type":"Feature","properties":{"name":null,"kind":"steps"},"geometry":{"type":"LineString","coordinates":[[121.5794089,25.012460799999996],[121.5804299,25.0122497]]}},{"type":"Feature","properties":{"name":"研究院路四段","kind":"unclassified"},"geometry":{"type":"LineString","coordinates":[[121.5821866,25.0132977],[121.58151839999998,25.013158599999997],[121.58054509999998,25.0127188],[121.5799714,25.012546599999997],[121.57929120000001,25.012435299999996],[121.57909409999999,25.0123016],[121.57893089999999,25.011989099999997]]}},{"type":"Feature","properties":{"name":null,"kind":"steps"},"geometry":{"type":"LineString","coordinates":[[121.57837589999998,25.014858999999998],[121.57859129999999,25.015266999999998]]}},{"type":"Feature","properties":{"name":null,"kind":"service"},"geometry":{"type":"LineString","coordinates":[[121.58096320000001,25.012933899999993],[121.58115439999999,25.01285069999999]]}},{"type":"Feature","properties":{"name":null,"kind":"steps"},"geometry":{"type":"LineString","coordinates":[[121.5799714,25.012546599999997],[121.57915410000001,25.013260899999995]]}},{"type":"Feature","properties":{"name":null,"kind":"footway"},"geometry":{"type":"LineString","coordinates":[[121.57949349999998,25.0129882],[121.57933020000002,25.012855800000004]]}},{"type":"Feature","properties":{"name":null,"kind":"footway"},"geometry":{"type":"LineString","coordinates":[[121.57915410000001,25.013260899999995],[121.5788075,25.012947900000004]]}},{"type":"Feature","properties":{"name":null,"kind":"footway"},"geometry":{"type":"LineString","coordinates":[[121.5802298,25.0126317],[121.57952230000001,25.0139825],[121.57968190000001,25.014401699999993]]}},{"type":"Feature","properties":{"name":null,"kind":"path"},"geometry":{"type":"LineString","coordinates":[[121.5801549,25.012611999999997],[121.57926849999998,25.0136133],[121.5791465,25.0139049],[121.57890039999998,25.0141237],[121.57866840000001,25.0145627],[121.57845290000002,25.0147534],[121.57831790000002,25.0147647]]}},{"type":"Feature","properties":{"name":null,"kind":"path"},"geometry":{"type":"LineString","coordinates":[[121.57968190000001,25.014401699999993],[121.57920779999999,25.015281],[121.5789164,25.0155703]]}},{"type":"Feature","properties":{"name":"文山隧道","kind":"trunk"},"geometry":{"type":"LineString","coordinates":[[121.5816298,25.0091865],[121.58165660000002,25.010752999999998],[121.58155760000001,25.012412099999995],[121.5813906,25.0136525],[121.58103379999999,25.015161900000003],[121.5806046,25.016484199999997],[121.57993140000002,25.0180518],[121.5786949,25.0202308],[121.57800989999998,25.021193699999994]]}},{"type":"Feature","properties":{"name":"文山隧道","kind":"trunk"},"geometry":{"type":"LineString","coordinates":[[121.5773655,25.021488899999998],[121.5790516,25.0189925],[121.5797705,25.0176338],[121.5805778,25.0155872],[121.5810713,25.013581999999996],[121.58124359999998,25.0123752],[121.58128520000001,25.0097286]]}},{"type":"Feature","properties":{"name":null,"kind":"footway"},"geometry":{"type":"LineString","coordinates":[[121.57859129999999,25.015266999999998],[121.5789484,25.0156234],[121.5792872,25.015765400000003],[121.5798347,25.0164494]]}},{"type":"Feature","properties":{"name":null,"kind":"path"},"geometry":{"type":"LineString","coordinates":[[121.5819091,25.013251],[121.5823464,25.013189699999995],[121.58247929999999,25.0130749],[121.582125,25.012670999999994]]}},{"type":"Feature","properties":{"name":null,"kind":"service"},"geometry":{"type":"LineString","coordinates":[[121.5820197,25.0135511],[121.5822266,25.013727400000004]]}},{"type":"Feature","properties":{"name":null,"kind":"service"},"geometry":{"type":"LineString","coordinates":[[121.5821866,25.0132977],[121.58191700000002,25.013612000000006],[121.58189330000002,25.014038599999992],[121.58168750000002,25.014368299999994],[121.5812127,25.014521399999996]]}},{"type":"Feature","properties":{"name":"萬歲橋","kind":"track"},"geometry":{"type":"LineString","coordinates":[[121.5847257,25.015239100000002],[121.58464990000002,25.0153023]]}},{"type":"Feature","properties":{"name":null,"kind":"track"},"geometry":{"type":"LineString","coordinates":[[121.58464990000002,25.0153023],[121.58443810000001,25.015290699999998],[121.5843897,25.0153765],[121.5845653,25.0154837],[121.5845499,25.015758099999996],[121.5846755,25.015880199999998],[121.5845601,25.015904500000005],[121.58437430000001,25.0158079],[121.5843702,25.016159100000003],[121.58403769999998,25.016137299999997]]}},{"type":"Feature","properties":{"name":null,"kind":"path"},"geometry":{"type":"LineString","coordinates":[[121.58403769999998,25.016137299999997],[121.58382850000001,25.016069199999997],[121.5830882,25.016496999999998],[121.5830506,25.017153199999996],[121.58309889999998,25.0172553],[121.58331210000001,25.0173258],[121.5828092,25.017934599999997],[121.58302650000002,25.0181978],[121.5828796,25.0184475],[121.5828589,25.018734400000003]]}},{"type":"Feature","properties":{"name":"拇指山步道","kind":"steps"},"geometry":{"type":"LineString","coordinates":[[121.58420479999998,25.0202562],[121.5843606,25.020315599999996]]}},{"type":"Feature","properties":{"name":"拇指山步道","kind":"steps"},"geometry":{"type":"LineString","coordinates":[[121.58406579999999,25.0203354],[121.58420479999998,25.0202562]]}},{"type":"Feature","properties":{"name":"拇指山步道","kind":"steps"},"geometry":{"type":"LineString","coordinates":[[121.5843606,25.020315599999996],[121.5843735,25.0203308]]}},{"type":"Feature","properties":{"name":"拇指山步道","kind":"steps"},"geometry":{"type":"LineString","coordinates":[[121.5843735,25.0203308],[121.5845402,25.0204011]]}},{"type":"Feature","properties":{"name":null,"kind":"path"},"geometry":{"type":"LineString","coordinates":[[121.5842505,25.0205548],[121.5842862,25.020288999999995]]}},{"type":"Feature","properties":{"name":"中坡南路70巷","kind":"service"},"geometry":{"type":"LineString","coordinates":[[121.585038,25.041786099999996],[121.5848907,25.041605799999996],[121.584621,25.0414931]]}},{"type":"Feature","properties":{"name":null,"kind":"footway"},"geometry":{"type":"LineString","coordinates":[[121.5844715,25.042055300000005],[121.58457770000001,25.042190199999997]]}},{"type":"Feature","properties":{"name":null,"kind":"footway"},"geometry":{"type":"LineString","coordinates":[[121.5844241,25.042287200000004],[121.5843198,25.042151599999997]]}},{"type":"Feature","properties":{"name":null,"kind":"footway"},"geometry":{"type":"LineString","coordinates":[[121.5841971,25.0425251],[121.58471380000002,25.042667900000005],[121.5852202,25.042629199999997],[121.5854104,25.0424819]]}},{"type":"Feature","properties":{"name":null,"kind":"footway"},"geometry":{"type":"LineString","coordinates":[[121.5843861,25.0428173],[121.5842477,25.0427491],[121.58412440000001,25.0423527]]}},{"type":"Feature","properties":{"name":null,"kind":"footway"},"geometry":{"type":"LineString","coordinates":[[121.58520080000001,25.0421666],[121.584756,25.042292899999996],[121.5844062,25.0425509],[121.5843536,25.0427052],[121.5844565,25.042935399999998],[121.58482,25.043135],[121.5850278,25.043098300000004],[121.5851937,25.0428969]]}},{"type":"Feature","properties":{"name":null,"kind":"footway"},"geometry":{"type":"LineString","coordinates":[[121.5836488,25.042622600000005],[121.58378209999998,25.042762399999994]]}},{"type":"Feature","properties":{"name":null,"kind":"footway"},"geometry":{"type":"LineString","coordinates":[[121.5840408,25.0427699],[121.58411719999998,25.042826399999996]]}},{"type":"Feature","properties":{"name":null,"kind":"footway"},"geometry":{"type":"LineString","coordinates":[[121.58400309999999,25.0429257],[121.5840408,25.042678199999997]]}},{"type":"Feature","properties":{"name":null,"kind":"footway"},"geometry":{"type":"LineString","coordinates":[[121.58378209999998,25.042762399999994],[121.5836512,25.042856100000005]]}},{"type":"Feature","properties":{"name":null,"kind":"footway"},"geometry":{"type":"LineString","coordinates":[[121.584023,25.042858900000002],[121.58428780000001,25.042793100000004]]}},{"type":"Feature","properties":{"name":null,"kind":"footway"},"geometry":{"type":"LineString","coordinates":[[121.58355930000002,25.0428956],[121.5834569,25.0427891]]}},{"type":"Feature","properties":{"name":"中坡南路","kind":"residential"},"geometry":{"type":"LineString","coordinates":[[121.5854808,25.0415605],[121.58438600000001,25.0421656],[121.583482,25.042820399999997],[121.5819925,25.044171799999997]]}},{"type":"Feature","properties":{"name":"中坡南路49巷","kind":"residential"},"geometry":{"type":"LineString","coordinates":[[121.58356570000001,25.0427586],[121.5843558,25.0431395]]}},{"type":"Feature","properties":{"name":null,"kind":"footway"},"geometry":{"type":"LineString","coordinates":[[121.5831734,25.0429807],[121.5832847,25.043091299999993]]}},{"type":"Feature","properties":{"name":null,"kind":"footway"},"geometry":{"type":"LineString","coordinates":[[121.5844194,25.043126899999997],[121.5845019,25.042977199999996]]}},{"type":"Feature","properties":{"name":null,"kind":"footway"},"geometry":{"type":"LineString","coordinates":[[121.5831761,25.043166600000003],[121.58306079999998,25.043056000000004]]}},{"type":"Feature","properties":{"name":null,"kind":"footway"},"geometry":{"type":"LineString","coordinates":[[121.5832847,25.043091299999993],[121.5831761,25.043166600000003]]}},{"type":"Feature","properties":{"name":"玉成街190巷","kind":"residential"},"geometry":{"type":"LineString","coordinates":[[121.5843558,25.0431395],[121.5850921,25.043515300000003]]}},{"type":"Feature","properties":{"name":null,"kind":"footway"},"geometry":{"type":"LineString","coordinates":[[121.5828167,25.043511700000003],[121.5827335,25.043342799999994],[121.58282340000001,25.043271099999995],[121.58289180000001,25.043442400000004],[121.5828167,25.043511700000003]]}},{"type":"Feature","properties":{"name":"中坡南路31巷","kind":"residential"},"geometry":{"type":"LineString","coordinates":[[121.58379310000001,25.0438317],[121.583186,25.043066299999992]]}},{"type":"Feature","properties":{"name":"玉成街166巷22弄","kind":"service"},"geometry":{"type":"LineString","coordinates":[[121.58379310000001,25.0438317],[121.5843558,25.0431395]]}},{"type":"Feature","properties":{"name":"玉成街184巷","kind":"unclassified"},"geometry":{"type":"LineString","coordinates":[[121.5840713,25.043494600000002],[121.5848244,25.043859199999996]]}},{"type":"Feature","properties":{"name":"忠孝東路五段","kind":"primary"},"geometry":{"type":"LineString","coordinates":[[121.5812379,25.0431526],[121.5819925,25.044171799999997]]}},{"type":"Feature","properties":{"name":"忠孝東路五段","kind":"primary"},"geometry":{"type":"LineString","coordinates":[[121.5818954,25.044251999999997],[121.5811638,25.043237599999994]]}},{"type":"Feature","properties":{"name":"玉成街166巷32弄","kind":"service"},"geometry":{"type":"LineString","coordinates":[[121.58317000000001,25.043925200000007],[121.5833814,25.043784]]}},{"type":"Feature","properties":{"name":"玉成街166巷22弄","kind":"service"},"geometry":{"type":"LineString","coordinates":[[121.583435,25.044224200000002],[121.58379310000001,25.0438317]]}},{"type":"Feature","properties":{"name":null,"kind":"footway"},"geometry":{"type":"LineString","coordinates":[[121.58210630000002,25.0441495],[121.5820267,25.044030799999998]]}},{"type":"Feature","properties":{"name":"玉成街166巷","kind":"service"},"geometry":{"type":"LineString","coordinates":[[121.58282520000002,25.0433958],[121.583435,25.044224200000002],[121.5841049,25.044779600000002]]}},{"type":"Feature","properties":{"name":"玉成街176巷","kind":"residential"},"geometry":{"type":"LineString","coordinates":[[121.5844356,25.044364599999998],[121.58379310000001,25.0438317]]}},{"type":"Feature","properties":{"name":null,"kind":"footway"},"geometry":{"type":"LineString","coordinates":[[121.584603,25.0441884],[121.5846956,25.0440736]]}},{"type":"Feature","properties":{"name":"中坡北路","kind":"tertiary"},"geometry":{"type":"LineString","coordinates":[[121.5819925,25.044171799999997],[121.5818954,25.044251999999997]]}},{"type":"Feature","properties":{"name":null,"kind":"footway"},"geometry":{"type":"LineString","coordinates":[[121.5818928,25.044379699999997],[121.58210910000001,25.044216599999995]]}},{"type":"Feature","properties":{"name":null,"kind":"footway"},"geometry":{"type":"LineString","coordinates":[[121.58181539999998,25.044271800000004],[121.5818928,25.044379699999997]]}},{"type":"Feature","properties":{"name":null,"kind":"footway"},"geometry":{"type":"LineString","coordinates":[[121.58435,25.044365399999997],[121.5844251,25.0442767]]}},{"type":"Feature","properties":{"name":"玉成街140巷11弄","kind":"service"},"geometry":{"type":"LineString","coordinates":[[121.58299800000002,25.0445585],[121.583435,25.044224200000002]]}},{"type":"Feature","properties":{"name":"玉成街140巷","kind":"service"},"geometry":{"type":"LineString","coordinates":[[121.58338170000002,25.045115500000005],[121.58244210000001,25.043756900000005]]}},{"type":"Feature","properties":{"name":"玉成街140巷11弄","kind":"service"},"geometry":{"type":"LineString","coordinates":[[121.58323380000002,25.044403600000003],[121.5833927,25.04457]]}},{"type":"Feature","properties":{"name":null,"kind":"footway"},"geometry":{"type":"LineString","coordinates":[[121.58438380000001,25.0445198],[121.5843015,25.044475299999995]]}},{"type":"Feature","properties":{"name":null,"kind":"footway"},"geometry":{"type":"LineString","coordinates":[[121.5843501,25.044571],[121.58438380000001,25.0445198]]}},{"type":"Feature","properties":{"name":null,"kind":"service"},"geometry":{"type":"LineString","coordinates":[[121.5830369,25.044614999999997],[121.5828742,25.044703399999996]]}},{"type":"Feature","properties":{"name":"中坡北路","kind":"tertiary"},"geometry":{"type":"LineString","coordinates":[[121.5818954,25.044251999999997],[121.58146370000001,25.044655],[121.5812742,25.044737099999995]]}},{"type":"Feature","properties":{"name":null,"kind":"footway"},"geometry":{"type":"LineString","coordinates":[[121.58140850000001,25.044607499999998],[121.5815128,25.044707499999994]]}},{"type":"Feature","properties":{"name":"中坡北路15巷","kind":"service"},"geometry":{"type":"LineString","coordinates":[[121.5813471,25.0447539],[121.58101600000002,25.0446965]]}},{"type":"Feature","properties":{"name":"中坡北路","kind":"tertiary"},"geometry":{"type":"LineString","coordinates":[[121.58146370000001,25.044655],[121.5812379,25.0448506]]}},{"type":"Feature","properties":{"name":null,"kind":"footway"},"geometry":{"type":"LineString","coordinates":[[121.58398480000001,25.044735200000005],[121.58404510000001,25.0446295]]}},{"type":"Feature","properties":{"name":"忠孝東路五段","kind":"primary"},"geometry":{"type":"LineString","coordinates":[[121.5819925,25.044171799999997],[121.58277219999998,25.045248799999996]]}},{"type":"Feature","properties":{"name":"玉成街181巷","kind":"service"},"geometry":{"type":"LineString","coordinates":[[121.58432200000001,25.044514999999993],[121.5851806,25.0449294]]}},{"type":"Feature","properties":{"name":null,"kind":"path"},"geometry":{"type":"LineString","coordinates":[[121.5822387,25.044753899999996],[121.5820507,25.0448348]]}},{"type":"Feature","properties":{"name":"忠孝東路五段","kind":"primary"},"geometry":{"type":"LineString","coordinates":[[121.5826837,25.045357199999998],[121.5818954,25.044251999999997]]}},{"type":"Feature","properties":{"name":null,"kind":"path"},"geometry":{"type":"LineString","coordinates":[[121.5822659,25.044790400000004],[121.5820942,25.044906199999996]]}},{"type":"Feature","properties":{"name":null,"kind":"footway"},"geometry":{"type":"LineString","coordinates":[[121.5837863,25.045013399999995],[121.5839486,25.045030399999995]]}},{"type":"Feature","properties":{"name":null,"kind":"footway"},"geometry":{"type":"LineString","coordinates":[[121.58262900000001,25.04495749999999],[121.58237279999999,25.045117899999997]]}},{"type":"Feature","properties":{"name":null,"kind":"footway"},"geometry":{"type":"LineString","coordinates":[[121.58324580000001,25.045139799999994],[121.5832177,25.0449976],[121.5834202,25.045015899999996]]}},{"type":"Feature","properties":{"name":null,"kind":"footway"},"geometry":{"type":"LineString","coordinates":[[121.5837018,25.0451568],[121.5837863,25.045013399999995]]}},{"type":"Feature","properties":{"name":null,"kind":"footway"},"geometry":{"type":"LineString","coordinates":[[121.58117020000002,25.044811899999996],[121.5812688,25.0449015]]}},{"type":"Feature","properties":{"name":"中坡北路","kind":"tertiary"},"geometry":{"type":"LineString","coordinates":[[121.5812742,25.044737099999995],[121.5807871,25.0453189]]}},{"type":"Feature","properties":{"name":null,"kind":"footway"},"geometry":{"type":"LineString","coordinates":[[121.58095090000002,25.045214199999993],[121.5806594,25.04521659999999]]}},{"type":"Feature","properties":{"name":"永吉路550巷","kind":"service"},"geometry":{"type":"LineString","coordinates":[[121.5817705,25.045289599999997],[121.58180819999998,25.044898500000002]]}},{"type":"Feature","properties":{"name":null,"kind":"footway"},"geometry":{"type":"LineString","coordinates":[[121.5839486,25.045030399999995],[121.5838829,25.045162899999994]]}},{"type":"Feature","properties":{"name":"玉成街","kind":"residential"},"geometry":{"type":"LineString","coordinates":[[121.58385100000001,25.04508939999999],[121.58338170000002,25.045115500000005]]}},{"type":"Feature","properties":{"name":null,"kind":"path"},"geometry":{"type":"LineString","coordinates":[[121.5822199,25.0452752],[121.58201780000002,25.0450086]]}},{"type":"Feature","properties":{"name":null,"kind":"footway"},"geometry":{"type":"LineString","coordinates":[[121.582928,25.045275900000004],[121.58278050000001,25.045031599999994]]}},{"type":"Feature","properties":{"name":null,"kind":"footway"},"geometry":{"type":"LineString","coordinates":[[121.58381040000002,25.045166499999997],[121.5837018,25.0451568]]}},{"type":"Feature","properties":{"name":"同德路50巷","kind":"service"},"geometry":{"type":"LineString","coordinates":[[121.5850275,25.044857699999994],[121.5846408,25.045488599999995]]}},{"type":"Feature","properties":{"name":"玉成街","kind":"residential"},"geometry":{"type":"LineString","coordinates":[[121.58338170000002,25.045115500000005],[121.5829654,25.045149099999996],[121.58277219999998,25.045248799999996]]}},{"type":"Feature","properties":{"name":null,"kind":"footway"},"geometry":{"type":"LineString","coordinates":[[121.58237279999999,25.045117899999997],[121.5825217,25.045416799999998]]}},{"type":"Feature","properties":{"name":"永吉路","kind":"tertiary"},"geometry":{"type":"LineString","coordinates":[[121.5807871,25.0453189],[121.58277219999998,25.045248799999996]]}},{"type":"Feature","properties":{"name":"永吉路","kind":"tertiary"},"geometry":{"type":"LineString","coordinates":[[121.58066809999998,25.0453163],[121.5807871,25.0453189]]}},{"type":"Feature","properties":{"name":null,"kind":"footway"},"geometry":{"type":"LineString","coordinates":[[121.58088850000001,25.045452799999996],[121.58094739999999,25.0452567]]}},{"type":"Feature","properties":{"name":"中坡北路","kind":"tertiary"},"geometry":{"type":"LineString","coordinates":[[121.5807871,25.0453189],[121.5807704,25.045402700000004]]}},{"type":"Feature","properties":{"name":"永吉路","kind":"tertiary"},"geometry":{"type":"LineString","coordinates":[[121.5807704,25.045402700000004],[121.5778522,25.0455016]]}},{"type":"Feature","properties":{"name":null,"kind":"footway"},"geometry":{"type":"LineString","coordinates":[[121.58056300000001,25.045509999999997],[121.5808239,25.045524999999998]]}},{"type":"Feature","properties":{"name":"永吉路","kind":"tertiary"},"geometry":{"type":"LineString","coordinates":[[121.58277219999998,25.045248799999996],[121.5826837,25.045357199999998]]}},{"type":"Feature","properties":{"name":"玉成街153巷","kind":"service"},"geometry":{"type":"LineString","coordinates":[[121.58385100000001,25.04508939999999],[121.5837635,25.045178699999997],[121.58368600000001,25.045538099999995]]}},{"type":"Feature","properties":{"name":null,"kind":"footway"},"geometry":{"type":"LineString","coordinates":[[121.58267579999999,25.045448399999998],[121.582928,25.045275900000004]]}},{"type":"Feature","properties":{"name":"永吉路","kind":"tertiary"},"geometry":{"type":"LineString","coordinates":[[121.5826837,25.045357199999998],[121.5807704,25.045402700000004]]}},{"type":"Feature","properties":{"name":null,"kind":"footway"},"geometry":{"type":"LineString","coordinates":[[121.5825217,25.045416799999998],[121.58267579999999,25.045448399999998]]}},{"type":"Feature","properties":{"name":"同德路","kind":"residential"},"geometry":{"type":"LineString","coordinates":[[121.58385100000001,25.04508939999999],[121.5858177,25.046046699999998]]}},{"type":"Feature","properties":{"name":null,"kind":"service"},"geometry":{"type":"LineString","coordinates":[[121.5835556,25.0457169],[121.58362539999999,25.045596599999993]]}},{"type":"Feature","properties":{"name":null,"kind":"service"},"geometry":{"type":"LineString","coordinates":[[121.58362539999999,25.045596599999993],[121.58411959999998,25.045791]]}},{"type":"Feature","properties":{"name":null,"kind":"service"},"geometry":{"type":"LineString","coordinates":[[121.5841269,25.045831099999997],[121.5835556,25.0457169]]}},{"type":"Feature","properties":{"name":null,"kind":"service"},"geometry":{"type":"LineString","coordinates":[[121.58351670000002,25.045852999999994],[121.5835556,25.0457169]]}},{"type":"Feature","properties":{"name":"中坡北路30巷","kind":"service"},"geometry":{"type":"LineString","coordinates":[[121.58148620000001,25.0457198],[121.58076410000001,25.045738100000005]]}},{"type":"Feature","properties":{"name":"永吉路553巷","kind":"service"},"geometry":{"type":"LineString","coordinates":[[121.58141719999999,25.045406299999993],[121.5816291,25.046385199999996],[121.5814668,25.046405399999994]]}},{"type":"Feature","properties":{"name":null,"kind":"path"},"geometry":{"type":"LineString","coordinates":[[121.58152129999999,25.04588199999999],[121.58075840000001,25.0459348]]}},{"type":"Feature","properties":{"name":"中坡北路40巷","kind":"service"},"geometry":{"type":"LineString","coordinates":[[121.58155819999999,25.0460356],[121.5807543,25.0461338]]}},{"type":"Feature","properties":{"name":null,"kind":"service"},"geometry":{"type":"LineString","coordinates":[[121.5841947,25.045848700000004],[121.58438380000001,25.045913300000002]]}},{"type":"Feature","properties":{"name":null,"kind":"service"},"geometry":{"type":"LineString","coordinates":[[121.58351670000002,25.045852999999994],[121.58408140000002,25.0459546]]}},{"type":"Feature","properties":{"name":"玉成街98巷","kind":"service"},"geometry":{"type":"LineString","coordinates":[[121.5829169,25.046247399999995],[121.58250099999998,25.045673499999996],[121.5822604,25.0456269]]}},{"type":"Feature","properties":{"name":null,"kind":"service"},"geometry":{"type":"LineString","coordinates":[[121.58411959999998,25.045791],[121.5840257,25.04608259999999],[121.5836227,25.046035199999995]]}},{"type":"Feature","properties":{"name":null,"kind":"service"},"geometry":{"type":"LineString","coordinates":[[121.5836227,25.046035199999995],[121.58351670000002,25.045852999999994]]}},{"type":"Feature","properties":{"name":"忠孝東路六段70巷","kind":"residential"},"geometry":{"type":"LineString","coordinates":[[121.5836988,25.046556899999995],[121.5841461,25.046295999999998],[121.5846408,25.045488599999995]]}},{"type":"Feature","properties":{"name":"玉成街86巷","kind":"service"},"geometry":{"type":"LineString","coordinates":[[121.5826837,25.045357199999998],[121.58237580000001,25.046147899999994],[121.5818538,25.046729]]}},{"type":"Feature","properties":{"name":null,"kind":"footway"},"geometry":{"type":"LineString","coordinates":[[121.5831506,25.046055899999995],[121.5832204,25.0461774]]}},{"type":"Feature","properties":{"name":null,"kind":"footway"},"geometry":{"type":"LineString","coordinates":[[121.5832204,25.0461774],[121.58339469999999,25.046055900000006]]}},{"type":"Feature","properties":{"name":null,"kind":"service"},"geometry":{"type":"LineString","coordinates":[[121.5835065,25.046268799999993],[121.5836227,25.046035199999995]]}},{"type":"Feature","properties":{"name":null,"kind":"footway"},"geometry":{"type":"LineString","coordinates":[[121.58084360000001,25.0464228],[121.58083489999999,25.0463943]]}},{"type":"Feature","properties":{"name":null,"kind":"footway"},"geometry":{"type":"LineString","coordinates":[[121.58055590000001,25.0464326],[121.58083489999999,25.0463943]]}},{"type":"Feature","properties":{"name":null,"kind":"footway"},"geometry":{"type":"LineString","coordinates":[[121.58084360000001,25.0464228],[121.58084659999999,25.0465068]]}},{"type":"Feature","properties":{"name":"永吉路517巷8弄","kind":"service"},"geometry":{"type":"LineString","coordinates":[[121.58074540000001,25.0464771],[121.580045,25.046521599999995]]}},{"type":"Feature","properties":{"name":null,"kind":"footway"},"geometry":{"type":"LineString","coordinates":[[121.58080220000001,25.046544900000008],[121.58084659999999,25.0465068]]}},{"type":"Feature","properties":{"name":null,"kind":"footway"},"geometry":{"type":"LineString","coordinates":[[121.58080220000001,25.046544900000008],[121.5805506,25.046554900000004]]}},{"type":"Feature","properties":{"name":null,"kind":"service"},"geometry":{"type":"LineString","coordinates":[[121.5841461,25.046295999999998],[121.58457019999999,25.046592399999998],[121.58486080000002,25.046147200000004]]}},{"type":"Feature","properties":{"name":"忠孝東路六段","kind":"primary"},"geometry":{"type":"LineString","coordinates":[[121.58277219999998,25.045248799999996],[121.5843165,25.047332999999984],[121.58511050000001,25.047981800000002]]}},{"type":"Feature","properties":{"name":null,"kind":"footway"},"geometry":{"type":"LineString","coordinates":[[121.5834872,25.0465613],[121.5835892,25.046690099999992]]}},{"type":"Feature","properties":{"name":"忠孝東路六段","kind":"primary"},"geometry":{"type":"LineString","coordinates":[[121.58502059999998,25.0480607],[121.58423800000001,25.047371899999998],[121.5826837,25.045357199999998]]}},{"type":"Feature","properties":{"name":null,"kind":"service"},"geometry":{"type":"LineString","coordinates":[[121.58299140000001,25.04685359999999],[121.58309430000001,25.046636700000004]]}},{"type":"Feature","properties":{"name":null,"kind":"footway"},"geometry":{"type":"LineString","coordinates":[[121.58212640000002,25.046845899999997],[121.58202110000002,25.046704199999997]]}},{"type":"Feature","properties":{"name":null,"kind":"service"},"geometry":{"type":"LineString","coordinates":[[121.58341710000002,25.0470939],[121.5835467,25.0465262]]}},{"type":"Feature","properties":{"name":null,"kind":"service"},"geometry":{"type":"LineString","coordinates":[[121.58320290000002,25.046756299999995],[121.58313340000001,25.046886300000004]]}},{"type":"Feature","properties":{"name":null,"kind":"service"},"geometry":{"type":"LineString","coordinates":[[121.58349300000002,25.046753699999996],[121.583302,25.046925099999992]]}},{"type":"Feature","properties":{"name":null,"kind":"service"},"geometry":{"type":"LineString","coordinates":[[121.58299140000001,25.04685359999999],[121.583302,25.046925099999992]]}},{"type":"Feature","properties":{"name":"中坡北路50巷","kind":"service"},"geometry":{"type":"LineString","coordinates":[[121.58206200000001,25.046877399999996],[121.5814668,25.046405399999994],[121.58074540000001,25.0464771]]}},{"type":"Feature","properties":{"name":"中坡北路60巷","kind":"service"},"geometry":{"type":"LineString","coordinates":[[121.5807445,25.046855099999995],[121.5818538,25.046729]]}},{"type":"Feature","properties":{"name":"中坡北路","kind":"tertiary"},"geometry":{"type":"LineString","coordinates":[[121.5800552,25.048334399999998],[121.58016979999998,25.0479729],[121.58059099999998,25.0473363],[121.58060530000002,25.045512399999996],[121.58066809999998,25.0453163]]}},{"type":"Feature","properties":{"name":null,"kind":"footway"},"geometry":{"type":"LineString","coordinates":[[121.58084449999998,25.0468662],[121.58084449999998,25.046829199999998]]}},{"type":"Feature","properties":{"name":"中坡北路","kind":"tertiary"},"geometry":{"type":"LineString","coordinates":[[121.5807704,25.045402700000004],[121.58072170000001,25.047423799999997],[121.5802697,25.0480361],[121.5802113,25.048416899999996]]}},{"type":"Feature","properties":{"name":"玉成街52巷2弄","kind":"footway"},"geometry":{"type":"LineString","coordinates":[[121.58074129999999,25.047065],[121.58116540000002,25.047026699999996],[121.581261,25.0473676]]}},{"type":"Feature","properties":{"name":"中坡北路76巷","kind":"residential"},"geometry":{"type":"LineString","coordinates":[[121.581261,25.0473676],[121.58072170000001,25.047423799999997]]}},{"type":"Feature","properties":{"name":null,"kind":"footway"},"geometry":{"type":"LineString","coordinates":[[121.5807987,25.0474708],[121.58081750000001,25.047420999999996]]}},{"type":"Feature","properties":{"name":null,"kind":"service"},"geometry":{"type":"LineString","coordinates":[[121.5800768,25.047477900000004],[121.5805614,25.047677699999998]]}},{"type":"Feature","properties":{"name":null,"kind":"footway"},"geometry":{"type":"LineString","coordinates":[[121.5804279,25.047526199999993],[121.5806996,25.047648]]}},{"type":"Feature","properties":{"name":null,"kind":"footway"},"geometry":{"type":"LineString","coordinates":[[121.58448289999998,25.047381700000003],[121.58374029999999,25.046540199999992]]}},{"type":"Feature","properties":{"name":null,"kind":"service"},"geometry":{"type":"LineString","coordinates":[[121.5829655,25.047273300000004],[121.58313340000001,25.046886300000004]]}},{"type":"Feature","properties":{"name":null,"kind":"service"},"geometry":{"type":"LineString","coordinates":[[121.58312980000001,25.0473098],[121.58282609999999,25.047229],[121.58299140000001,25.04685359999999]]}},{"type":"Feature","properties":{"name":null,"kind":"service"},"geometry":{"type":"LineString","coordinates":[[121.583302,25.046925099999992],[121.58312980000001,25.0473098]]}},{"type":"Feature","properties":{"name":null,"kind":"footway"},"geometry":{"type":"LineString","coordinates":[[121.5845175,25.047414299999996],[121.58448289999998,25.047381700000003]]}},{"type":"Feature","properties":{"name":null,"kind":"service"},"geometry":{"type":"LineString","coordinates":[[121.58330349999999,25.0478067],[121.58341710000002,25.0470939]]}},{"type":"Feature","properties":{"name":null,"kind":"service"},"geometry":{"type":"LineString","coordinates":[[121.5835516,25.0472077],[121.583447,25.0477447]]}},{"type":"Feature","properties":{"name":null,"kind":"service"},"geometry":{"type":"LineString","coordinates":[[121.58340279999999,25.047183799999996],[121.58360529999999,25.0472369],[121.5837876,25.047623200000007],[121.5836093,25.047776299999995],[121.583447,25.0477447]]}},{"type":"Feature","properties":{"name":null,"kind":"service"},"geometry":{"type":"LineString","coordinates":[[121.5848944,25.048213999999994],[121.5840881,25.047607299999996],[121.5834607,25.046874199999998]]}},{"type":"Feature","properties":{"name":"玉成街","kind":"unclassified"},"geometry":{"type":"LineString","coordinates":[[121.58147059999999,25.0490935],[121.58155850000001,25.048015200000002],[121.58171730000001,25.047197099999998],[121.58318880000002,25.046047699999995]]}},{"type":"Feature","properties":{"name":null,"kind":"path"},"geometry":{"type":"LineString","coordinates":[[121.5813249,25.047637799999997],[121.58162939999998,25.047589800000004]]}},{"type":"Feature","properties":{"name":"玉成街52巷2弄","kind":"residential"},"geometry":{"type":"LineString","coordinates":[[121.58138749999999,25.0479915],[121.581261,25.0473676]]}},{"type":"Feature","properties":{"name":null,"kind":"footway"},"geometry":{"type":"LineString","coordinates":[[121.58059450000002,25.0477715],[121.58029740000002,25.0476421]]}},{"type":"Feature","properties":{"name":null,"kind":"footway"},"geometry":{"type":"LineString","coordinates":[[121.5806996,25.047648],[121.58059450000002,25.0477715]]}},{"type":"Feature","properties":{"name":"玉成街52巷","kind":"unclassified"},"geometry":{"type":"LineString","coordinates":[[121.58155850000001,25.048015200000002],[121.5805614,25.047677699999998]]}},{"type":"Feature","properties":{"name":"玉成街44巷10弄","kind":"residential"},"geometry":{"type":"LineString","coordinates":[[121.5810274,25.0478579],[121.58100049999999,25.048231300000005]]}},{"type":"Feature","properties":{"name":"松隆路","kind":"tertiary"},"geometry":{"type":"LineString","coordinates":[[121.577839,25.047958799999996],[121.5792326,25.0480625],[121.5800552,25.048334399999998]]}},{"type":"Feature","properties":{"name":"玉成街44巷","kind":"residential"},"geometry":{"type":"LineString","coordinates":[[121.5812248,25.048234299999997],[121.5805677,25.048224599999998]]}},{"type":"Feature","properties":{"name":null,"kind":"footway"},"geometry":{"type":"LineString","coordinates":[[121.58031280000002,25.048326699999997],[121.5800216,25.048239700000003]]}},{"type":"Feature","properties":{"name":"松隆路","kind":"tertiary"},"geometry":{"type":"LineString","coordinates":[[121.5800552,25.048334399999998],[121.5802113,25.048416899999996]]}},{"type":"Feature","properties":{"name":"玉成街42巷","kind":"residential"},"geometry":{"type":"LineString","coordinates":[[121.5805677,25.048224599999998],[121.58056720000002,25.048516599999996],[121.58151590000001,25.048521099999995]]}},{"type":"Feature","properties":{"name":"中坡北路","kind":"tertiary"},"geometry":{"type":"LineString","coordinates":[[121.58002239999999,25.048450800000005],[121.5800552,25.048334399999998]]}},{"type":"Feature","properties":{"name":"松隆路","kind":"tertiary"},"geometry":{"type":"LineString","coordinates":[[121.5802113,25.048416899999996],[121.58002239999999,25.048450800000005]]}},{"type":"Feature","properties":{"name":"松隆路","kind":"tertiary"},"geometry":{"type":"LineString","coordinates":[[121.58002239999999,25.048450800000005],[121.579235,25.048172199999993],[121.5778434,25.048067499999995]]}},{"type":"Feature","properties":{"name":null,"kind":"footway"},"geometry":{"type":"LineString","coordinates":[[121.58029239999999,25.048526099999997],[121.5799793,25.048524900000004]]}},{"type":"Feature","properties":{"name":null,"kind":"service"},"geometry":{"type":"LineString","coordinates":[[121.58151050000001,25.0485677],[121.58179070000001,25.0486317]]}},{"type":"Feature","properties":{"name":"中坡北路","kind":"tertiary"},"geometry":{"type":"LineString","coordinates":[[121.580009,25.048914899999993],[121.58002239999999,25.048450800000005]]}},{"type":"Feature","properties":{"name":null,"kind":"footway"},"geometry":{"type":"LineString","coordinates":[[121.5799656,25.0488151],[121.5803102,25.0488333]]}},{"type":"Feature","properties":{"name":"市民大道六段","kind":"tertiary"},"geometry":{"type":"LineString","coordinates":[[121.580009,25.048914899999993],[121.5802071,25.048918499999992]]}},{"type":"Feature","properties":{"name":null,"kind":"footway"},"geometry":{"type":"LineString","coordinates":[[121.58033560000001,25.0489634],[121.58034640000001,25.04889049999999]]}},{"type":"Feature","properties":{"name":"市民大道七段","kind":"tertiary_link"},"geometry":{"type":"LineString","coordinates":[[121.58109080000001,25.0489559],[121.58146550000001,25.0489425]]}},{"type":"Feature","properties":{"name":"中坡北路","kind":"tertiary"},"geometry":{"type":"LineString","coordinates":[[121.5802113,25.048416899999996],[121.58017480000001,25.0494942]]}},{"type":"Feature","properties":{"name":null,"kind":"footway"},"geometry":{"type":"LineString","coordinates":[[121.58135089999999,25.0489688],[121.58135020000002,25.048941]]}},{"type":"Feature","properties":{"name":null,"kind":"footway"},"geometry":{"type":"LineString","coordinates":[[121.58139380000001,25.0490119],[121.58135089999999,25.0489688]]}},{"type":"Feature","properties":{"name":null,"kind":"footway"},"geometry":{"type":"LineString","coordinates":[[121.579917,25.048990100000005],[121.58029270000002,25.0490156]]}},{"type":"Feature","properties":{"name":null,"kind":"footway"},"geometry":{"type":"LineString","coordinates":[[121.58134009999999,25.049006499999997],[121.58130109999999,25.049103599999995]]}},{"type":"Feature","properties":{"name":null,"kind":"footway"},"geometry":{"type":"LineString","coordinates":[[121.58139250000002,25.049134],[121.58161520000002,25.049220099999996],[121.5815752,25.0490766],[121.58139380000001,25.0490119]]}},{"type":"Feature","properties":{"name":null,"kind":"footway"},"geometry":{"type":"LineString","coordinates":[[121.58029270000002,25.0490156],[121.58033560000001,25.0489634],[121.58099449999999,25.049001299999997],[121.58139250000002,25.049134],[121.5815188,25.049431499999997],[121.580271,25.0494188],[121.58029270000002,25.0490156]]}},{"type":"Feature","properties":{"name":null,"kind":"footway"},"geometry":{"type":"LineString","coordinates":[[121.57971939999999,25.049220199999993],[121.5803892,25.049209699999995]]}},{"type":"Feature","properties":{"name":"市民大道六段","kind":"tertiary"},"geometry":{"type":"LineString","coordinates":[[121.58017480000001,25.0494942],[121.5777154,25.0495196]]}},{"type":"Feature","properties":{"name":"市民大道七段","kind":"tertiary"},"geometry":{"type":"LineString","coordinates":[[121.5802071,25.048918499999992],[121.58109080000001,25.0489559],[121.58190860000002,25.0492549],[121.5838332,25.0496195]]}},{"type":"Feature","properties":{"name":null,"kind":"footway"},"geometry":{"type":"LineString","coordinates":[[121.58176190000002,25.049258599999998],[121.58161520000002,25.049220099999996],[121.5817317,25.049438400000003],[121.58209380000001,25.0494573]]}},{"type":"Feature","properties":{"name":null,"kind":"footway"},"geometry":{"type":"LineString","coordinates":[[121.58176190000002,25.049258599999998],[121.5819049,25.049447499999996]]}},{"type":"Feature","properties":{"name":null,"kind":"footway"},"geometry":{"type":"LineString","coordinates":[[121.5817317,25.049438400000003],[121.58175410000001,25.0495505]]}},{"type":"Feature","properties":{"name":null,"kind":"footway"},"geometry":{"type":"LineString","coordinates":[[121.58175410000001,25.0495505],[121.581579,25.049547399999994]]}},{"type":"Feature","properties":{"name":null,"kind":"footway"},"geometry":{"type":"LineString","coordinates":[[121.58175410000001,25.0495505],[121.5819747,25.049553699999997]]}},{"type":"Feature","properties":{"name":null,"kind":"footway"},"geometry":{"type":"LineString","coordinates":[[121.5819747,25.049553699999997],[121.58206019999999,25.0495552]]}},{"type":"Feature","properties":{"name":null,"kind":"footway"},"geometry":{"type":"LineString","coordinates":[[121.58375820000002,25.049540099999994],[121.5840264,25.0495663]]}},{"type":"Feature","properties":{"name":null,"kind":"footway"},"geometry":{"type":"LineString","coordinates":[[121.58206019999999,25.0495552],[121.58236340000002,25.0495714]]}},{"type":"Feature","properties":{"name":"市民大道七段","kind":"tertiary"},"geometry":{"type":"LineString","coordinates":[[121.58379640000001,25.049674899999992],[121.58203799999998,25.0495006],[121.58017480000001,25.0494942]]}},{"type":"Feature","properties":{"name":"玉成街","kind":"unclassified"},"geometry":{"type":"LineString","coordinates":[[121.5816408,25.04948509999999],[121.58147059999999,25.0490935]]}},{"type":"Feature","properties":{"name":null,"kind":"footway"},"geometry":{"type":"LineString","coordinates":[[121.5799004,25.049395199999992],[121.5802724,25.049392999999995]]}},{"type":"Feature","properties":{"name":null,"kind":"footway"},"geometry":{"type":"LineString","coordinates":[[121.5815188,25.049431499999997],[121.58172499999999,25.049430599999997]]}},{"type":"Feature","properties":{"name":null,"kind":"footway"},"geometry":{"type":"LineString","coordinates":[[121.581579,25.049547399999994],[121.5815188,25.049431499999997]]}},{"type":"Feature","properties":{"name":null,"kind":"footway"},"geometry":{"type":"LineString","coordinates":[[121.5802874,25.0495757],[121.5799239,25.0495648]]}},{"type":"Feature","properties":{"name":"中坡北路","kind":"tertiary"},"geometry":{"type":"LineString","coordinates":[[121.58017480000001,25.0494942],[121.580157,25.049760900000003],[121.579827,25.050189399999997],[121.57979880000002,25.050402999999996]]}},{"type":"Feature","properties":{"name":null,"kind":"footway"},"geometry":{"type":"LineString","coordinates":[[121.57953969999998,25.050209899999995],[121.5798327,25.0502829]]}},{"type":"Feature","properties":{"name":"八德路四段768巷","kind":"path"},"geometry":{"type":"LineString","coordinates":[[121.5799926,25.0504057],[121.580136,25.050143899999995]]}},{"type":"Feature","properties":{"name":null,"kind":"footway"},"geometry":{"type":"LineString","coordinates":[[121.5837176,25.049541399999995],[121.58357260000001,25.049719999999997]]}},{"type":"Feature","properties":{"name":null,"kind":"footway"},"geometry":{"type":"LineString","coordinates":[[121.58393620000001,25.049743999999997],[121.58408980000002,25.04959360000001]]}},{"type":"Feature","properties":{"name":null,"kind":"pedestrian"},"geometry":{"type":"LineString","coordinates":[[121.58370910000001,25.049806499999992],[121.58236340000002,25.0495714]]}},{"type":"Feature","properties":{"name":null,"kind":"footway"},"geometry":{"type":"LineString","coordinates":[[121.58357260000001,25.049719999999997],[121.5835598,25.0497492]]}},{"type":"Feature","properties":{"name":null,"kind":"footway"},"geometry":{"type":"LineString","coordinates":[[121.58357260000001,25.049719999999997],[121.5838899,25.0497675]]}},{"type":"Feature","properties":{"name":"玉成街","kind":"unclassified"},"geometry":{"type":"LineString","coordinates":[[121.58183389999999,25.050032100000006],[121.58203799999998,25.0495006]]}},{"type":"Feature","properties":{"name":null,"kind":"footway"},"geometry":{"type":"LineString","coordinates":[[121.58386230000002,25.049805199999998],[121.5850255,25.0499842]]}},{"type":"Feature","properties":{"name":null,"kind":"footway"},"geometry":{"type":"LineString","coordinates":[[121.58386230000002,25.049805199999998],[121.58423739999999,25.050132299999998]]}},{"type":"Feature","properties":{"name":null,"kind":"footway"},"geometry":{"type":"LineString","coordinates":[[121.5837077,25.050188899999995],[121.58401300000001,25.050077599999998],[121.58448400000002,25.050155499999995],[121.58491310000001,25.0500891],[121.5850255,25.0499842]]}},{"type":"Feature","properties":{"name":null,"kind":"footway"},"geometry":{"type":"LineString","coordinates":[[121.5845535,25.049911799999997],[121.5847053,25.0501808],[121.5850589,25.0504073]]}},{"type":"Feature","properties":{"name":"研究院路二段11巷","kind":"service"},"geometry":{"type":"LineString","coordinates":[[121.6164014,25.046589099999995],[121.6155778,25.046577400000004],[121.6153351,25.046642099999996]]}},{"type":"Feature","properties":{"name":"研究院路二段12巷14弄","kind":"residential"},"geometry":{"type":"LineString","coordinates":[[121.61497609999999,25.047633900000005],[121.6144659,25.046314400000004],[121.61452660000002,25.0456119]]}},{"type":"Feature","properties":{"name":"研究院路二段","kind":"secondary"},"geometry":{"type":"LineString","coordinates":[[121.61577459999998,25.048902400000003],[121.6158404,25.048176000000005],[121.61510120000001,25.046178399999995],[121.6151535,25.045761699999996],[121.6158427,25.044396099999997]]}},{"type":"Feature","properties":{"name":"研究院路二段5巷","kind":"service"},"geometry":{"type":"LineString","coordinates":[[121.6155988,25.04729469999999],[121.61602659999998,25.047159799999992],[121.61603499999998,25.0466012]]}},{"type":"Feature","properties":{"name":null,"kind":"footway"},"geometry":{"type":"LineString","coordinates":[[121.6153555,25.0470004],[121.61553320000002,25.0469565]]}},{"type":"Feature","properties":{"name":"研究院路二段34巷","kind":"service"},"geometry":{"type":"LineString","coordinates":[[121.61380909999998,25.0470075],[121.6153869,25.046962100000002]]}},{"type":"Feature","properties":{"name":null,"kind":"footway"},"geometry":{"type":"LineString","coordinates":[[121.6164524,25.048787899999994],[121.61665,25.04794479999999],[121.6169496,25.0471633],[121.61790260000001,25.0454461]]}},{"type":"Feature","properties":{"name":"大坑街","kind":"unclassified"},"geometry":{"type":"LineString","coordinates":[[121.61790380000001,25.0453515],[121.6168668,25.0472622],[121.6165154,25.048223399999994],[121.61637730000001,25.0488449],[121.6161992,25.048907099999994],[121.61589650000002,25.048851399999997]]}},{"type":"Feature","properties":{"name":null,"kind":"path"},"geometry":{"type":"LineString","coordinates":[[121.6160984,25.047244],[121.6160015,25.047175399999993]]}},{"type":"Feature","properties":{"name":"研究院路二段34巷","kind":"service"},"geometry":{"type":"LineString","coordinates":[[121.6141993,25.047294599999994],[121.61483840000001,25.0472077]]}},{"type":"Feature","properties":{"name":"研究院路二段35巷23弄","kind":"service"},"geometry":{"type":"LineString","coordinates":[[121.6171109,25.0467871],[121.61641359999999,25.046818699999996],[121.616099,25.047241499999995],[121.61628729999998,25.047847999999995],[121.6165154,25.048223399999994]]}},{"type":"Feature","properties":{"name":null,"kind":"footway"},"geometry":{"type":"LineString","coordinates":[[121.6138788,25.047442300000004],[121.6155778,25.047650400000002]]}},{"type":"Feature","properties":{"name":"研究院路二段12巷","kind":"unclassified"},"geometry":{"type":"LineString","coordinates":[[121.61574929999999,25.0476674],[121.6138073,25.04748560000001]]}},{"type":"Feature","properties":{"name":null,"kind":"footway"},"geometry":{"type":"LineString","coordinates":[[121.6155778,25.047650400000002],[121.6157819,25.047594099999994]]}},{"type":"Feature","properties":{"name":null,"kind":"footway"},"geometry":{"type":"LineString","coordinates":[[121.6138644,25.047551600000002],[121.61561099999999,25.04774979999999]]}},{"type":"Feature","properties":{"name":null,"kind":"footway"},"geometry":{"type":"LineString","coordinates":[[121.6156328,25.047810799999993],[121.6158485,25.047746899999996]]}},{"type":"Feature","properties":{"name":"研究院路二段2巷10弄","kind":"service"},"geometry":{"type":"LineString","coordinates":[[121.61486430000001,25.047621000000003],[121.6150636,25.048168799999996]]}},{"type":"Feature","properties":{"name":"研究院路二段2巷12弄","kind":"service"},"geometry":{"type":"LineString","coordinates":[[121.61429480000001,25.0475494],[121.6146913,25.0482733]]}},{"type":"Feature","properties":{"name":"研究院路二段3巷","kind":"residential"},"geometry":{"type":"LineString","coordinates":[[121.6158793,25.047989500000003],[121.61628729999998,25.047847999999995]]}},{"type":"Feature","properties":{"name":null,"kind":"footway"},"geometry":{"type":"LineString","coordinates":[[121.61596749999998,25.047909499999996],[121.6160017,25.047990300000002]]}},{"type":"Feature","properties":{"name":null,"kind":"footway"},"geometry":{"type":"LineString","coordinates":[[121.6164486,25.048255299999997],[121.6162477,25.047861699999995]]}},{"type":"Feature","properties":{"name":null,"kind":"footway"},"geometry":{"type":"LineString","coordinates":[[121.6165403,25.048043399999994],[121.6164486,25.048255299999997]]}},{"type":"Feature","properties":{"name":null,"kind":"footway"},"geometry":{"type":"LineString","coordinates":[[121.6164486,25.048255299999997],[121.6165509,25.0482799]]}},{"type":"Feature","properties":{"name":"研究院路二段","kind":"secondary"},"geometry":{"type":"LineString","coordinates":[[121.61574929999999,25.0476674],[121.6159408,25.0481904],[121.61588400000001,25.048933699999996]]}},{"type":"Feature","properties":{"name":null,"kind":"footway"},"geometry":{"type":"LineString","coordinates":[[121.61600100000001,25.0488106],[121.6160644,25.048328],[121.6160017,25.047990300000002]]}},{"type":"Feature","properties":{"name":null,"kind":"footway"},"geometry":{"type":"LineString","coordinates":[[121.61600100000001,25.0488106],[121.61619609999998,25.048874199999997],[121.6163057,25.0488247],[121.6164486,25.048255299999997]]}},{"type":"Feature","properties":{"name":null,"kind":"footway"},"geometry":{"type":"LineString","coordinates":[[121.6156309,25.0487208],[121.6157776,25.048662600000004]]}},{"type":"Feature","properties":{"name":null,"kind":"footway"},"geometry":{"type":"LineString","coordinates":[[121.6157656,25.0487832],[121.6156063,25.0487076],[121.61468069999998,25.048649999999995],[121.61449229999998,25.0487365]]}},{"type":"Feature","properties":{"name":null,"kind":"footway"},"geometry":{"type":"LineString","coordinates":[[121.61634070000001,25.048771199999997],[121.6164524,25.048787899999994]]}},{"type":"Feature","properties":{"name":null,"kind":"footway"},"geometry":{"type":"LineString","coordinates":[[121.6157656,25.0487832],[121.61600100000001,25.0488106]]}},{"type":"Feature","properties":{"name":"弘道橋","kind":"residential"},"geometry":{"type":"LineString","coordinates":[[121.61637730000001,25.0488449],[121.61658780000002,25.04878039999999]]}},{"type":"Feature","properties":{"name":"大坑街","kind":"tertiary"},"geometry":{"type":"LineString","coordinates":[[121.61589650000002,25.048851399999997],[121.6157948,25.048805399999996]]}},{"type":"Feature","properties":{"name":null,"kind":"footway"},"geometry":{"type":"LineString","coordinates":[[121.61570400000001,25.048894200000003],[121.6157656,25.0487832]]}},{"type":"Feature","properties":{"name":null,"kind":"service"},"geometry":{"type":"LineString","coordinates":[[121.59669260000001,25.047846599999996],[121.59702590000002,25.04749079999999],[121.59732989999999,25.0469933],[121.5977323,25.0460018],[121.5977656,25.045620800000002]]}},{"type":"Feature","properties":{"name":null,"kind":"service"},"geometry":{"type":"LineString","coordinates":[[121.59702590000002,25.04749079999999],[121.59719180000002,25.0475885],[121.59825870000002,25.047672300000002],[121.5982022,25.0481725],[121.600247,25.048343699999997],[121.6011833,25.048133200000002],[121.60139379999998,25.047934499999993],[121.6013672,25.0477523]]}},{"type":"Feature","properties":{"name":null,"kind":"service"},"geometry":{"type":"LineString","coordinates":[[121.5982022,25.0481725],[121.5971531,25.048064899999996]]}},{"type":"Feature","properties":{"name":null,"kind":"service"},"geometry":{"type":"LineString","coordinates":[[121.5982022,25.0481725],[121.598225,25.048465199999995]]}},{"type":"Feature","properties":{"name":"龍華街","kind":"service"},"geometry":{"type":"LineString","coordinates":[[121.59412080000001,25.0486636],[121.59489019999998,25.048138199999993],[121.59644579999998,25.0477883],[121.59699300000001,25.048021599999995],[121.59715139999999,25.049006499999997]]}},{"type":"Feature","properties":{"name":null,"kind":"service"},"geometry":{"type":"LineString","coordinates":[[121.5978119,25.0481325],[121.5977583,25.048717900000003]]}},{"type":"Feature","properties":{"name":null,"kind":"service"},"geometry":{"type":"LineString","coordinates":[[121.5949677,25.048632000000005],[121.59531400000002,25.04850589999999],[121.5953259,25.048343499999998],[121.59589540000002,25.0483971]]}},{"type":"Feature","properties":{"name":null,"kind":"service"},"geometry":{"type":"LineString","coordinates":[[121.59633359999998,25.049149399999994],[121.59655259999998,25.0489664],[121.59695720000002,25.049023599999998],[121.59700830000001,25.049246499999995]]}},{"type":"Feature","properties":{"name":null,"kind":"service"},"geometry":{"type":"LineString","coordinates":[[121.59700830000001,25.049246499999995],[121.59633359999998,25.049149399999994]]}},{"type":"Feature","properties":{"name":null,"kind":"service"},"geometry":{"type":"LineString","coordinates":[[121.59700830000001,25.049246499999995],[121.59711380000002,25.049379]]}},{"type":"Feature","properties":{"name":null,"kind":"footway"},"geometry":{"type":"LineString","coordinates":[[121.61154500000002,25.0473548],[121.61155160000001,25.047496499999998]]}},{"type":"Feature","properties":{"name":"勤力橋","kind":"unclassified"},"geometry":{"type":"LineString","coordinates":[[121.6123391,25.0474324],[121.6121554,25.0474205]]}},{"type":"Feature","properties":{"name":"研究院路二段12巷","kind":"unclassified"},"geometry":{"type":"LineString","coordinates":[[121.6138073,25.04748560000001],[121.61278719999999,25.047369899999996],[121.61238390000001,25.047432900000008]]}},{"type":"Feature","properties":{"name":null,"kind":"unclassified"},"geometry":{"type":"LineString","coordinates":[[121.61238390000001,25.047432900000008],[121.6123391,25.0474324]]}},{"type":"Feature","properties":{"name":null,"kind":"service"},"geometry":{"type":"LineString","coordinates":[[121.6141263,25.0475309],[121.6141194,25.0473308]]}},{"type":"Feature","properties":{"name":null,"kind":"footway"},"geometry":{"type":"LineString","coordinates":[[121.6120031,25.047539399999994],[121.6119991,25.0473413]]}},{"type":"Feature","properties":{"name":null,"kind":"footway"},"geometry":{"type":"LineString","coordinates":[[121.61242629999998,25.047492600000005],[121.6128698,25.047424899999996],[121.6137437,25.0475278]]}},{"type":"Feature","properties":{"name":null,"kind":"footway"},"geometry":{"type":"LineString","coordinates":[[121.61233260000002,25.047492400000003],[121.61242629999998,25.047492600000005]]}},{"type":"Feature","properties":{"name":null,"kind":"footway"},"geometry":{"type":"LineString","coordinates":[[121.6137437,25.0475278],[121.6137449,25.047429500000003],[121.6138788,25.047442300000004],[121.6138644,25.047551600000002],[121.6137437,25.0475278]]}},{"type":"Feature","properties":{"name":"勤力橋","kind":"footway"},"geometry":{"type":"LineString","coordinates":[[121.61233260000002,25.047492400000003],[121.6121461,25.04751509999999]]}},{"type":"Feature","properties":{"name":null,"kind":"footway"},"geometry":{"type":"LineString","coordinates":[[121.6121461,25.04751509999999],[121.6121368,25.0475039]]}},{"type":"Feature","properties":{"name":"生態解說專用步道","kind":"footway"},"geometry":{"type":"LineString","coordinates":[[121.6106541,25.048500599999997],[121.60954960000001,25.048196999999995],[121.6087772,25.047580199999995],[121.60838750000002,25.047479299999992],[121.6081952,25.047228999999994],[121.60853820000001,25.04668010000001]]}},{"type":"Feature","properties":{"name":null,"kind":"service"},"geometry":{"type":"LineString","coordinates":[[121.6114346,25.047410499999998],[121.61144099999999,25.047800000000002]]}},{"type":"Feature","properties":{"name":null,"kind":"service"},"geometry":{"type":"LineString","coordinates":[[121.61134889999998,25.047386399999997],[121.6113322,25.0479972]]}},{"type":"Feature","properties":{"name":"研究院路二段12巷57弄","kind":"service"},"geometry":{"type":"LineString","coordinates":[[121.6138017,25.047776100000004],[121.61335360000001,25.047784399999998]]}},{"type":"Feature","properties":{"name":null,"kind":"footway"},"geometry":{"type":"LineString","coordinates":[[121.6113853,25.047856199999995],[121.61131519999999,25.047858]]}},{"type":"Feature","properties":{"name":null,"kind":"pedestrian"},"geometry":{"type":"LineString","coordinates":[[121.61414029999999,25.0479408],[121.6144348,25.047823999999995]]}},{"type":"Feature","properties":{"name":null,"kind":"footway"},"geometry":{"type":"LineString","coordinates":[[121.61134889999998,25.047386399999997],[121.6107349,25.04743659999999],[121.61070590000001,25.048120799999992],[121.61060260000002,25.048486399999994]]}},{"type":"Feature","properties":{"name":"研究院路二段12巷57弄","kind":"service"},"geometry":{"type":"LineString","coordinates":[[121.61414029999999,25.0479408],[121.61382590000001,25.0480058]]}},{"type":"Feature","properties":{"name":"研究院路二段12巷57弄","kind":"residential"},"geometry":{"type":"LineString","coordinates":[[121.61410600000002,25.048583],[121.61383519999998,25.048048300000005],[121.6138073,25.04748560000001]]}},{"type":"Feature","properties":{"name":"研究院路二段2巷54弄","kind":"service"},"geometry":{"type":"LineString","coordinates":[[121.6128269,25.048742099999988],[121.61278719999999,25.047369899999996]]}},{"type":"Feature","properties":{"name":"研究院路二段12巷57弄","kind":"service"},"geometry":{"type":"LineString","coordinates":[[121.61383519999998,25.048048300000005],[121.6128069,25.0480798]]}},{"type":"Feature","properties":{"name":null,"kind":"service"},"geometry":{"type":"LineString","coordinates":[[121.61238390000001,25.047432900000008],[121.6123782,25.047949100000004],[121.6126056,25.048652],[121.6128958,25.0489091],[121.6131702,25.048935799999988],[121.61448469999999,25.048736599999998],[121.6157948,25.048805399999996]]}},{"type":"Feature","properties":{"name":null,"kind":"footway"},"geometry":{"type":"LineString","coordinates":[[121.6157293,25.0488554],[121.614771,25.048756599999997],[121.61410060000001,25.048794400000006],[121.61323540000001,25.048952700000005],[121.6128968,25.048934300000003],[121.6126907,25.048805],[121.61252850000001,25.048526900000002],[121.6123537,25.047926400000005],[121.612344,25.0474918]]}},{"type":"Feature","properties":{"name":null,"kind":"footway"},"geometry":{"type":"LineString","coordinates":[[121.6120394,25.048247099999994],[121.6121024,25.0482289]]}},{"type":"Feature","properties":{"name":null,"kind":"service"},"geometry":{"type":"LineString","coordinates":[[121.6106541,25.048500599999997],[121.6108441,25.048020300000005],[121.6113322,25.0479972]]}},{"type":"Feature","properties":{"name":"研究院路二段12巷57弄","kind":"service"},"geometry":{"type":"LineString","coordinates":[[121.61395120000002,25.0483187],[121.61429800000002,25.048194]]}},{"type":"Feature","properties":{"name":"研究院路一段130巷","kind":"unclassified"},"geometry":{"type":"LineString","coordinates":[[121.61209919999999,25.047412999999995],[121.6121116,25.047972000000005],[121.6123388,25.0487257],[121.61259700000001,25.049034],[121.612872,25.049166099999997]]}},{"type":"Feature","properties":{"name":null,"kind":"footway"},"geometry":{"type":"LineString","coordinates":[[121.6121461,25.04751509999999],[121.61213859999998,25.047909400000005],[121.6123559,25.0486505],[121.61250340000001,25.048894899999997],[121.6127462,25.0490728],[121.6131444,25.049144099999996],[121.61413120000002,25.048981299999998],[121.6148623,25.0489499],[121.61567850000002,25.049082700000003]]}},{"type":"Feature","properties":{"name":"研究院路二段12巷57弄","kind":"service"},"geometry":{"type":"LineString","coordinates":[[121.61395120000002,25.0483187],[121.6128162,25.0483859]]}},{"type":"Feature","properties":{"name":"研究院路二段2巷","kind":"service"},"geometry":{"type":"LineString","coordinates":[[121.61576790000001,25.047959800000005],[121.6146913,25.0482733],[121.61425910000001,25.048559299999997],[121.6133655,25.048733699999996],[121.6128269,25.048742099999988]]}},{"type":"Feature","properties":{"name":null,"kind":"service"},"geometry":{"type":"LineString","coordinates":[[121.61216250000001,25.048589999999997],[121.6119325,25.048574499999997],[121.6119215,25.048364999999993],[121.61206410000001,25.048315099999996]]}},{"type":"Feature","properties":{"name":null,"kind":"service"},"geometry":{"type":"LineString","coordinates":[[121.61226900000001,25.0490958],[121.61229060000001,25.048870199999993],[121.6119557,25.048046000000003],[121.6118557,25.0479919],[121.6113322,25.0479972]]}},{"type":"Feature","properties":{"name":null,"kind":"footway"},"geometry":{"type":"LineString","coordinates":[[121.61223780000002,25.048587899999998],[121.6121359,25.048618299999998]]}},{"type":"Feature","properties":{"name":null,"kind":"footway"},"geometry":{"type":"LineString","coordinates":[[121.6140571,25.0485956],[121.6140925,25.0487758]]}},{"type":"Feature","properties":{"name":null,"kind":"footway"},"geometry":{"type":"LineString","coordinates":[[121.6139307,25.0486261],[121.61394440000001,25.048689599999996],[121.613387,25.048798199999997],[121.6128094,25.0487699]]}},{"type":"Feature","properties":{"name":null,"kind":"steps"},"geometry":{"type":"LineString","coordinates":[[121.6138659,25.048707699999998],[121.61386850000001,25.048798599999998]]}},{"type":"Feature","properties":{"name":null,"kind":"footway"},"geometry":{"type":"LineString","coordinates":[[121.6128269,25.048742099999988],[121.6127665,25.048832799999996]]}},{"type":"Feature","properties":{"name":null,"kind":"path"},"geometry":{"type":"LineString","coordinates":[[121.6141065,25.0488197],[121.61410060000001,25.048794400000006]]}},{"type":"Feature","properties":{"name":null,"kind":"service"},"geometry":{"type":"LineString","coordinates":[[121.6106541,25.048500599999997],[121.6104389,25.048706100000004],[121.6104166,25.0491667],[121.6099181,25.0491699]]}},{"type":"Feature","properties":{"name":null,"kind":"steps"},"geometry":{"type":"LineString","coordinates":[[121.61330119999998,25.048804299999997],[121.6133052,25.048905]]}},{"type":"Feature","properties":{"name":null,"kind":"steps"},"geometry":{"type":"LineString","coordinates":[[121.61300080000001,25.048799499999994],[121.6129858,25.048927099999997]]}},{"type":"Feature","properties":{"name":null,"kind":"path"},"geometry":{"type":"LineString","coordinates":[[121.6141387,25.048957499999997],[121.6141065,25.0488197]]}},{"type":"Feature","properties":{"name":"汽車專用","kind":"service"},"geometry":{"type":"LineString","coordinates":[[121.61226900000001,25.0490958],[121.6121047,25.0487469]]}},{"type":"Feature","properties":{"name":null,"kind":"path"},"geometry":{"type":"LineString","coordinates":[[121.61413120000002,25.048981299999998],[121.6141387,25.048957499999997]]}},{"type":"Feature","properties":{"name":null,"kind":"footway"},"geometry":{"type":"LineString","coordinates":[[121.6112275,25.0490645],[121.6111683,25.0490005]]}},{"type":"Feature","properties":{"name":null,"kind":"service"},"geometry":{"type":"LineString","coordinates":[[121.61113759999999,25.049168499999997],[121.6111683,25.0490005]]}},{"type":"Feature","properties":{"name":"機車專用","kind":"service"},"geometry":{"type":"LineString","coordinates":[[121.61210760000002,25.0490297],[121.61213579999999,25.049123599999994],[121.6122919,25.0491428]]}},{"type":"Feature","properties":{"name":null,"kind":"footway"},"geometry":{"type":"LineString","coordinates":[[121.61227199999999,25.049180099999997],[121.6124067,25.049181],[121.612383,25.049023799999997],[121.61227860000001,25.049025499999992]]}},{"type":"Feature","properties":{"name":null,"kind":"service"},"geometry":{"type":"LineString","coordinates":[[121.6123726,25.049169999999997],[121.6126447,25.049063099999994]]}},{"type":"Feature","properties":{"name":"汽車專用","kind":"service"},"geometry":{"type":"LineString","coordinates":[[121.6122919,25.0491428],[121.61226900000001,25.0490958]]}},{"type":"Feature","properties":{"name":"研究院路一段130巷","kind":"unclassified"},"geometry":{"type":"LineString","coordinates":[[121.612872,25.049166099999997],[121.6131573,25.049181399999995],[121.6138984,25.0490517]]}},{"type":"Feature","properties":{"name":"機車專用","kind":"service"},"geometry":{"type":"LineString","coordinates":[[121.6122919,25.0491428],[121.6123726,25.049169999999997]]}},{"type":"Feature","properties":{"name":null,"kind":"service"},"geometry":{"type":"LineString","coordinates":[[121.61053759999999,25.049167399999998],[121.6104166,25.0491667]]}},{"type":"Feature","properties":{"name":null,"kind":"service"},"geometry":{"type":"LineString","coordinates":[[121.61053759999999,25.049167399999998],[121.61113759999999,25.049168499999997]]}},{"type":"Feature","properties":{"name":null,"kind":"service"},"geometry":{"type":"LineString","coordinates":[[121.612872,25.049166099999997],[121.6123726,25.049169999999997]]}},{"type":"Feature","properties":{"name":"生技路","kind":"construction"},"geometry":{"type":"LineString","coordinates":[[121.61392910000001,25.0493124],[121.6138984,25.0490517]]}},{"type":"Feature","properties":{"name":null,"kind":"construction"},"geometry":{"type":"LineString","coordinates":[[121.61383870000002,25.0490629],[121.61387299999998,25.0493152]]}},{"type":"Feature","properties":{"name":null,"kind":"service"},"geometry":{"type":"LineString","coordinates":[[121.6122919,25.0491428],[121.61229329999999,25.0493105]]}},{"type":"Feature","properties":{"name":null,"kind":"construction"},"geometry":{"type":"LineString","coordinates":[[121.6129181,25.049171999999995],[121.61295399999999,25.049224099999996],[121.61329599999999,25.049209500000003],[121.6133825,25.04927869999999],[121.6138631,25.049197100000008]]}},{"type":"Feature","properties":{"name":null,"kind":"service"},"geometry":{"type":"LineString","coordinates":[[121.6083848,25.0466403],[121.6069545,25.047955599999998],[121.60621360000002,25.048205800000005],[121.60521669999999,25.048285099999998],[121.604341,25.048134599999994],[121.6027738,25.0481285],[121.60217880000002,25.047981999999998]]}},{"type":"Feature","properties":{"name":null,"kind":"service"},"geometry":{"type":"LineString","coordinates":[[121.6042835,25.048134300000005],[121.6042835,25.047763899999996]]}},{"type":"Feature","properties":{"name":null,"kind":"service"},"geometry":{"type":"LineString","coordinates":[[121.60217880000002,25.047981999999998],[121.6011166,25.04795010000001],[121.6009687,25.048008],[121.6010029,25.0481901]]}},{"type":"Feature","properties":{"name":null,"kind":"service"},"geometry":{"type":"LineString","coordinates":[[121.6059329,25.0482566],[121.605917,25.048834499999998],[121.6055666,25.048883099999998]]}},{"type":"Feature","properties":{"name":null,"kind":"service"},"geometry":{"type":"LineString","coordinates":[[121.6053476,25.049353499999995],[121.605543,25.049097],[121.6055732,25.0482709]]}},{"type":"Feature","properties":{"name":null,"kind":"footway"},"geometry":{"type":"LineString","coordinates":[[121.60875390000001,25.050543000000005],[121.60855649999999,25.0504541],[121.6083209,25.050213499999998],[121.6081382,25.050165099999997],[121.60742990000001,25.0502536],[121.60617940000002,25.0506575]]}},{"type":"Feature","properties":{"name":"忠孝東路七段124巷17弄","kind":"service"},"geometry":{"type":"LineString","coordinates":[[121.603924,25.051805],[121.6039342,25.051577499999997],[121.60366760000001,25.0514128],[121.60188489999999,25.0509839],[121.5999211,25.050759499999995]]}},{"type":"Feature","properties":{"name":null,"kind":"service"},"geometry":{"type":"LineString","coordinates":[[121.60749389999998,25.05096659999999],[121.607518,25.051163499999998],[121.60776860000001,25.051552699999995]]}},{"type":"Feature","properties":{"name":null,"kind":"footway"},"geometry":{"type":"LineString","coordinates":[[121.6077975,25.052064],[121.59664250000002,25.0507782],[121.5958569,25.050634]]}},{"type":"Feature","properties":{"name":"忠孝東路七段","kind":"primary"},"geometry":{"type":"LineString","coordinates":[[121.5957624,25.0507432],[121.6079255,25.052177000000004]]}},{"type":"Feature","properties":{"name":null,"kind":"service"},"geometry":{"type":"LineString","coordinates":[[121.5961518,25.049455200000004],[121.59640070000002,25.049476499999997]]}},{"type":"Feature","properties":{"name":null,"kind":"service"},"geometry":{"type":"LineString","coordinates":[[121.59590180000001,25.0499004],[121.59633359999998,25.049149399999994]]}},{"type":"Feature","properties":{"name":null,"kind":"service"},"geometry":{"type":"LineString","coordinates":[[121.59640070000002,25.049476499999997],[121.5981434,25.0497318],[121.5992999,25.0504869]]}},{"type":"Feature","properties":{"name":null,"kind":"footway"},"geometry":{"type":"LineString","coordinates":[[121.59855309999999,25.050048899999997],[121.59860830000001,25.049975200000002]]}},{"type":"Feature","properties":{"name":"忠孝東路七段124巷","kind":"residential"},"geometry":{"type":"LineString","coordinates":[[121.595637,25.050503200000005],[121.59583750000002,25.049925399999996],[121.5960306,25.049633800000002],[121.5961791,25.049553500000002],[121.59829650000002,25.049804799999993],[121.59974840000001,25.0507153],[121.5999211,25.050759499999995]]}},{"type":"Feature","properties":{"name":null,"kind":"service"},"geometry":{"type":"LineString","coordinates":[[121.598122,25.049825100000003],[121.5980769,25.0507384]]}},{"type":"Feature","properties":{"name":null,"kind":"service"},"geometry":{"type":"LineString","coordinates":[[121.5957624,25.0507432],[121.59590180000001,25.0499004],[121.59654170000002,25.049971]]}},{"type":"Feature","properties":{"name":null,"kind":"footway"},"geometry":{"type":"LineString","coordinates":[[121.5984266,25.050972299999998],[121.59855309999999,25.050048899999997]]}},{"type":"Feature","properties":{"name":null,"kind":"footway"},"geometry":{"type":"LineString","coordinates":[[121.59533059999998,25.050589400000003],[121.59569500000002,25.0506018]]}},{"type":"Feature","properties":{"name":"忠孝東路七段124巷","kind":"residential"},"geometry":{"type":"LineString","coordinates":[[121.59562750000002,25.050722699999998],[121.595637,25.050503200000005]]}},{"type":"Feature","properties":{"name":null,"kind":"footway"},"geometry":{"type":"LineString","coordinates":[[121.6121926,25.049756],[121.61239650000002,25.049755999999995],[121.6124328,25.0492066]]}},{"type":"Feature","properties":{"name":"曉風生態保護步道","kind":"steps"},"geometry":{"type":"LineString","coordinates":[[121.61105450000001,25.0502788],[121.61120690000001,25.0502784],[121.61133600000001,25.0501212],[121.61145500000002,25.0497677],[121.6116994,25.049766300000005],[121.6116337,25.049435999999996],[121.6112275,25.0490645]]}},{"type":"Feature","properties":{"name":null,"kind":"path"},"geometry":{"type":"LineString","coordinates":[[121.61464910000001,25.0506272],[121.61362660000002,25.050507999999997],[121.61325009999999,25.0505762],[121.61306409999999,25.0505053],[121.6129766,25.050352499999995],[121.6129878,25.050055399999998],[121.61284869999999,25.0499366],[121.6128641,25.049717499999996],[121.6127255,25.049497],[121.61262070000001,25.049474599999996],[121.61261590000001,25.0493244],[121.6127012,25.049227],[121.61286279999999,25.0492586],[121.612872,25.049166099999997]]}},{"type":"Feature","properties":{"name":null,"kind":"path"},"geometry":{"type":"LineString","coordinates":[[121.60986280000002,25.050142699999995],[121.60981180000002,25.0500744]]}},{"type":"Feature","properties":{"name":"曉風生態保護步道","kind":"footway"},"geometry":{"type":"LineString","coordinates":[[121.60875390000001,25.050543000000005],[121.6092572,25.050276699999998],[121.60997139999999,25.0500835],[121.6103073,25.0502208],[121.61082899999998,25.0502038],[121.61105450000001,25.0502788]]}},{"type":"Feature","properties":{"name":null,"kind":"path"},"geometry":{"type":"LineString","coordinates":[[121.61105450000001,25.0502788],[121.6112038,25.050410399999997]]}},{"type":"Feature","properties":{"name":null,"kind":"construction"},"geometry":{"type":"LineString","coordinates":[[121.6079626,25.051740199999998],[121.6081021,25.0513533],[121.6083797,25.0509244],[121.60895370000001,25.0504858],[121.60938690000002,25.050349699999998],[121.60973829999999,25.0503254],[121.6121335,25.0506085],[121.61269750000001,25.0505865],[121.6131575,25.050384000000005],[121.61357359999998,25.050059599999997],[121.61377369999998,25.049739299999995],[121.61387299999998,25.0493152]]}},{"type":"Feature","properties":{"name":"生技隧道","kind":"construction"},"geometry":{"type":"LineString","coordinates":[[121.60801740000001,25.051751699999997],[121.60817789999999,25.051325800000004],[121.6084814,25.0508927],[121.6088552,25.050594],[121.609358,25.0504054],[121.6097235,25.050371199999997],[121.61235900000001,25.050667500000003],[121.6129017,25.0505759],[121.6133322,25.0503417],[121.6137032,25.049988199999998],[121.6138498,25.0497049],[121.61392910000001,25.0493124]]}},{"type":"Feature","properties":{"name":"曉風生態保護步道","kind":"steps"},"geometry":{"type":"LineString","coordinates":[[121.6088053,25.050942699999997],[121.60875390000001,25.050543000000005]]}},{"type":"Feature","properties":{"name":null,"kind":"footway"},"geometry":{"type":"LineString","coordinates":[[121.60896759999999,25.050839199999995],[121.6089777,25.050855899999995],[121.60899609999998,25.050846699999994],[121.608986,25.050830000000005],[121.60896759999999,25.050839199999995]]}},{"type":"Feature","properties":{"name":null,"kind":"service"},"geometry":{"type":"LineString","coordinates":[[121.5934652,25.048195599999996],[121.5937043,25.047765899999998]]}},{"type":"Feature","properties":{"name":"昆陽街","kind":"residential"},"geometry":{"type":"LineString","coordinates":[[121.59270440000002,25.047791299999997],[121.5934652,25.048195599999996],[121.59412080000001,25.0486636]]}},{"type":"Feature","properties":{"name":null,"kind":"footway"},"geometry":{"type":"MultiLineString","coordinates":[[[121.5942563,25.048200299999998],[121.5943199,25.048370499999994],[121.5945842,25.048104700000003],[121.5945521,25.0480902],[121.5942563,25.048200299999998]],[[121.5942563,25.048200299999998],[121.59418320000002,25.0482246]]]}},{"type":"Feature","properties":{"name":null,"kind":"service"},"geometry":{"type":"LineString","coordinates":[[121.5932842,25.0484432],[121.5929323,25.0482258]]}},{"type":"Feature","properties":{"name":null,"kind":"service"},"geometry":{"type":"LineString","coordinates":[[121.59391460000002,25.048496699999998],[121.59418560000002,25.0482623]]}},{"type":"Feature","properties":{"name":null,"kind":"footway"},"geometry":{"type":"LineString","coordinates":[[121.5941639,25.0485368],[121.5942444,25.04849]]}},{"type":"Feature","properties":{"name":null,"kind":"footway"},"geometry":{"type":"LineString","coordinates":[[121.5940831,25.0485197],[121.5941639,25.0485368]]}},{"type":"Feature","properties":{"name":"昆陽街163巷","kind":"service"},"geometry":{"type":"LineString","coordinates":[[121.59412080000001,25.0486636],[121.5942833,25.048637399999997],[121.59458940000002,25.048413099999994],[121.5949677,25.048632000000005]]}},{"type":"Feature","properties":{"name":null,"kind":"service"},"geometry":{"type":"LineString","coordinates":[[121.5913125,25.048566099999995],[121.59153850000001,25.048573700000002]]}},{"type":"Feature","properties":{"name":null,"kind":"footway"},"geometry":{"type":"LineString","coordinates":[[121.5942444,25.04849],[121.5942833,25.048637399999997]]}},{"type":"Feature","properties":{"name":"東新街","kind":"tertiary"},"geometry":{"type":"LineString","coordinates":[[121.58502059999998,25.0480607],[121.58511050000001,25.047981800000002]]}},{"type":"Feature","properties":{"name":"忠孝東路六段188巷13弄","kind":"path"},"geometry":{"type":"LineString","coordinates":[[121.5868575,25.048001899999992],[121.58709480000002,25.048053799999998]]}},{"type":"Feature","properties":{"name":"忠孝東路六段176巷","kind":"path"},"geometry":{"type":"LineString","coordinates":[[121.58624580000001,25.0485164],[121.58667690000001,25.047660199999996]]}},{"type":"Feature","properties":{"name":null,"kind":"footway"},"geometry":{"type":"LineString","coordinates":[[121.5850173,25.0482792],[121.5852562,25.047942800000005]]}},{"type":"Feature","properties":{"name":null,"kind":"footway"},"geometry":{"type":"LineString","coordinates":[[121.58489140000002,25.048111700000007],[121.5850827,25.048187100000003]]}},{"type":"Feature","properties":{"name":"忠孝東路六段212巷1弄","kind":"service"},"geometry":{"type":"LineString","coordinates":[[121.58695,25.0482477],[121.5879408,25.048503],[121.58816740000002,25.047884699999997]]}},{"type":"Feature","properties":{"name":"忠孝東路六段188巷","kind":"service"},"geometry":{"type":"LineString","coordinates":[[121.5866153,25.048626200000005],[121.5869626,25.0477914]]}},{"type":"Feature","properties":{"name":"忠孝東路六段212巷","kind":"residential"},"geometry":{"type":"LineString","coordinates":[[121.58753520000002,25.0480547],[121.5872609,25.048791699999995]]}},{"type":"Feature","properties":{"name":null,"kind":"service"},"geometry":{"type":"LineString","coordinates":[[121.5848944,25.048213999999994],[121.58567519999998,25.048627900000003],[121.5865055,25.0489409]]}},{"type":"Feature","properties":{"name":null,"kind":"footway"},"geometry":{"type":"LineString","coordinates":[[121.5865946,25.0485576],[121.58652750000002,25.0487617]]}},{"type":"Feature","properties":{"name":null,"kind":"service"},"geometry":{"type":"LineString","coordinates":[[121.58369110000001,25.047357199999997],[121.5836093,25.047776299999995]]}},{"type":"Feature","properties":{"name":null,"kind":"footway"},"geometry":{"type":"LineString","coordinates":[[121.58514020000001,25.0478832],[121.5845175,25.047414299999996]]}},{"type":"Feature","properties":{"name":null,"kind":"service"},"geometry":{"type":"LineString","coordinates":[[121.5845943,25.047713200000004],[121.58420580000002,25.048158799999996],[121.58374090000001,25.0477891]]}},{"type":"Feature","properties":{"name":null,"kind":"service"},"geometry":{"type":"LineString","coordinates":[[121.58420580000002,25.048158799999996],[121.5846675,25.048517099999998]]}},{"type":"Feature","properties":{"name":null,"kind":"service"},"geometry":{"type":"LineString","coordinates":[[121.5837392,25.048323599999996],[121.58425700000001,25.0487349]]}},{"type":"Feature","properties":{"name":null,"kind":"service"},"geometry":{"type":"LineString","coordinates":[[121.58379840000002,25.048221],[121.58361600000002,25.048635299999994],[121.58405050000002,25.048934199999998],[121.58425700000001,25.0487349]]}},{"type":"Feature","properties":{"name":null,"kind":"service"},"geometry":{"type":"LineString","coordinates":[[121.58365890000002,25.0484749],[121.5841779,25.048828499999996]]}},{"type":"Feature","properties":{"name":null,"kind":"service"},"geometry":{"type":"LineString","coordinates":[[121.58431339999998,25.048782299999996],[121.58425700000001,25.0487349]]}},{"type":"Feature","properties":{"name":null,"kind":"service"},"geometry":{"type":"LineString","coordinates":[[121.5844236,25.048842899999993],[121.58431339999998,25.048782299999996]]}},{"type":"Feature","properties":{"name":"東新街","kind":"secondary"},"geometry":{"type":"LineString","coordinates":[[121.58379640000001,25.049674899999992],[121.58502059999998,25.0480607]]}},{"type":"Feature","properties":{"name":null,"kind":"service"},"geometry":{"type":"LineString","coordinates":[[121.5934652,25.048195599999996],[121.59312839999998,25.048646799999997],[121.5926672,25.048985699999996]]}},{"type":"Feature","properties":{"name":null,"kind":"footway"},"geometry":{"type":"LineString","coordinates":[[121.5940159,25.0486613],[121.5940831,25.0485197]]}},{"type":"Feature","properties":{"name":null,"kind":"footway"},"geometry":{"type":"LineString","coordinates":[[121.5940588,25.0487826],[121.5940159,25.0486613]]}},{"type":"Feature","properties":{"name":null,"kind":"footway"},"geometry":{"type":"LineString","coordinates":[[121.5941944,25.048759599999997],[121.5940588,25.0487826]]}},{"type":"Feature","properties":{"name":null,"kind":"service"},"geometry":{"type":"LineString","coordinates":[[121.5913023,25.0497328],[121.59135949999998,25.04862719999999],[121.59082480000001,25.0482634],[121.59074850000002,25.048053999999997],[121.591148,25.047881299999993],[121.59166689999999,25.047895],[121.59217870000002,25.048166399999996],[121.5920374,25.0483631],[121.5914621,25.048634199999995],[121.59137599999998,25.0496099],[121.5913023,25.0497328]]}},{"type":"Feature","properties":{"name":null,"kind":"service"},"geometry":{"type":"LineString","coordinates":[[121.59312839999998,25.048646799999997],[121.5934619,25.048834],[121.59369090000001,25.049216499999996]]}},{"type":"Feature","properties":{"name":null,"kind":"footway"},"geometry":{"type":"LineString","coordinates":[[121.5941521,25.049024899999996],[121.5941144,25.0489503]]}},{"type":"Feature","properties":{"name":null,"kind":"service"},"geometry":{"type":"MultiLineString","coordinates":[[[121.59430389999999,25.049164200000003],[121.5944117,25.0491248]],[[121.5944117,25.0491248],[121.59436590000001,25.048961800000004],[121.5945071,25.0489637],[121.5945495,25.0490629],[121.59486729999999,25.049083699999997],[121.5949193,25.049159699999997],[121.5944729,25.049179199999998],[121.5944117,25.0491248]]]}},{"type":"Feature","properties":{"name":null,"kind":"residential"},"geometry":{"type":"LineString","coordinates":[[121.59369090000001,25.049216499999996],[121.59373809999998,25.049132299999993],[121.594202,25.048966499999995]]}},{"type":"Feature","properties":{"name":null,"kind":"service"},"geometry":{"type":"LineString","coordinates":[[121.5945495,25.0490629],[121.5944117,25.0491248]]}},{"type":"Feature","properties":{"name":null,"kind":"residential"},"geometry":{"type":"LineString","coordinates":[[121.5902555,25.048660399999992],[121.5904343,25.048299900000007]]}},{"type":"Feature","properties":{"name":"忠孝東路六段250巷","kind":"service"},"geometry":{"type":"LineString","coordinates":[[121.5881739,25.048994300000004],[121.58855209999999,25.0480605]]}},{"type":"Feature","properties":{"name":"忠孝東路六段278巷","kind":"residential"},"geometry":{"type":"LineString","coordinates":[[121.58915540000001,25.049086599999992],[121.58972429999999,25.0480165]]}},{"type":"Feature","properties":{"name":"忠孝東路六段250巷1弄","kind":"living_street"},"geometry":{"type":"LineString","coordinates":[[121.5883525,25.0485534],[121.58883160000002,25.0486782]]}},{"type":"Feature","properties":{"name":"忠孝東路六段278巷23弄","kind":"residential"},"geometry":{"type":"LineString","coordinates":[[121.5895652,25.048418099999992],[121.59096420000002,25.0489331]]}},{"type":"Feature","properties":{"name":null,"kind":"footway"},"geometry":{"type":"LineString","coordinates":[[121.59118669999998,25.049641599999998],[121.58727480000002,25.048753599999998],[121.58627799999998,25.048457900000002],[121.58522900000001,25.047929400000005]]}},{"type":"Feature","properties":{"name":"忠孝東路六段","kind":"primary"},"geometry":{"type":"LineString","coordinates":[[121.58511050000001,25.047981800000002],[121.5866153,25.048626200000005],[121.5913023,25.0497328]]}},{"type":"Feature","properties":{"name":"忠孝東路六段276巷","kind":"living_street"},"geometry":{"type":"LineString","coordinates":[[121.58883160000002,25.0486782],[121.5888928,25.048721699999994],[121.5888417,25.0488791],[121.5890722,25.0490125],[121.58901640000002,25.049187700000004]]}},{"type":"Feature","properties":{"name":"忠孝東路六段278巷5弄","kind":"residential"},"geometry":{"type":"LineString","coordinates":[[121.58933570000002,25.048798700000003],[121.5906851,25.049169600000003]]}},{"type":"Feature","properties":{"name":"忠孝東路六段","kind":"primary"},"geometry":{"type":"LineString","coordinates":[[121.5922383,25.0500409],[121.58657790000001,25.0487334],[121.58502059999998,25.0480607]]}},{"type":"Feature","properties":{"name":null,"kind":"footway"},"geometry":{"type":"LineString","coordinates":[[121.5866459,25.048790299999997],[121.5867139,25.048589099999994]]}},{"type":"Feature","properties":{"name":null,"kind":"footway"},"geometry":{"type":"LineString","coordinates":[[121.5865342,25.048783499999995],[121.5866241,25.048806599999995]]}},{"type":"Feature","properties":{"name":null,"kind":"service"},"geometry":{"type":"LineString","coordinates":[[121.58532119999998,25.049681900000003],[121.5855166,25.0494895],[121.5857517,25.049396699999996],[121.5858523,25.0492042],[121.58582570000002,25.0488589],[121.5858899,25.0487123]]}},{"type":"Feature","properties":{"name":null,"kind":"service"},"geometry":{"type":"LineString","coordinates":[[121.58624520000001,25.0493546],[121.58631899999999,25.049244599999994]]}},{"type":"Feature","properties":{"name":"忠孝東路六段159巷","kind":"residential"},"geometry":{"type":"LineString","coordinates":[[121.5861409,25.0499857],[121.5866153,25.048626200000005]]}},{"type":"Feature","properties":{"name":null,"kind":"service"},"geometry":{"type":"LineString","coordinates":[[121.5860474,25.049549],[121.58613390000001,25.049236699999998],[121.58639219999999,25.0492654]]}},{"type":"Feature","properties":{"name":"忠孝東路六段185巷1弄","kind":"residential"},"geometry":{"type":"LineString","coordinates":[[121.58637960000001,25.049301500000002],[121.58713650000001,25.0494971]]}},{"type":"Feature","properties":{"name":"忠孝東路六段185巷","kind":"residential"},"geometry":{"type":"LineString","coordinates":[[121.5869699,25.0501269],[121.5872927,25.0489066]]}},{"type":"Feature","properties":{"name":"忠孝東路六段185巷2弄","kind":"residential"},"geometry":{"type":"LineString","coordinates":[[121.58713650000001,25.0494971],[121.58738109999999,25.04954409999999]]}},{"type":"Feature","properties":{"name":"忠孝東路六段185巷3弄","kind":"residential"},"geometry":{"type":"LineString","coordinates":[[121.5862715,25.04961119999999],[121.5870602,25.049785399999998]]}},{"type":"Feature","properties":{"name":"昆陽街152巷","kind":"residential"},"geometry":{"type":"LineString","coordinates":[[121.5926672,25.048985699999996],[121.59369090000001,25.049216499999996]]}},{"type":"Feature","properties":{"name":null,"kind":"service"},"geometry":{"type":"LineString","coordinates":[[121.59381210000001,25.0488625],[121.5941393,25.049518499999994]]}},{"type":"Feature","properties":{"name":null,"kind":"residential"},"geometry":{"type":"LineString","coordinates":[[121.5926672,25.048985699999996],[121.59250130000001,25.0494503]]}},{"type":"Feature","properties":{"name":null,"kind":"residential"},"geometry":{"type":"LineString","coordinates":[[121.59374670000001,25.049493300000005],[121.59257180000002,25.049235899999996]]}},{"type":"Feature","properties":{"name":null,"kind":"residential"},"geometry":{"type":"LineString","coordinates":[[121.5916197,25.0498095],[121.59210979999999,25.048942399999994]]}},{"type":"Feature","properties":{"name":null,"kind":"residential"},"geometry":{"type":"LineString","coordinates":[[121.59369090000001,25.049216499999996],[121.5937787,25.0493556],[121.5936809,25.049710799999993]]}},{"type":"Feature","properties":{"name":null,"kind":"service"},"geometry":{"type":"LineString","coordinates":[[121.59477390000002,25.0494924],[121.59519639999999,25.049508199999995]]}},{"type":"Feature","properties":{"name":null,"kind":"service"},"geometry":{"type":"LineString","coordinates":[[121.5944612,25.049502299999997],[121.59468540000002,25.0494548],[121.594782,25.0495483],[121.5950462,25.049556599999995]]}},{"type":"Feature","properties":{"name":null,"kind":"footway"},"geometry":{"type":"LineString","coordinates":[[121.594487,25.049423599999997],[121.59435280000001,25.049465099999995],[121.59444000000002,25.0496182],[121.5945929,25.049547699999998]]}},{"type":"Feature","properties":{"name":"昆陽街140巷","kind":"service"},"geometry":{"type":"LineString","coordinates":[[121.5918699,25.0493556],[121.59423759999999,25.0498282]]}},{"type":"Feature","properties":{"name":null,"kind":"footway"},"geometry":{"type":"LineString","coordinates":[[121.58818729999999,25.048963499999996],[121.5881395,25.0491577]]}},{"type":"Feature","properties":{"name":"忠孝東路六段278巷","kind":"residential"},"geometry":{"type":"LineString","coordinates":[[121.58910540000001,25.0493078],[121.58915540000001,25.049086599999992]]}},{"type":"Feature","properties":{"name":"忠孝東路六段322巷","kind":"residential"},"geometry":{"type":"LineString","coordinates":[[121.5905849,25.0495639],[121.5908048,25.048880800000003]]}},{"type":"Feature","properties":{"name":null,"kind":"footway"},"geometry":{"type":"LineString","coordinates":[[121.5884313,25.049230699999995],[121.588495,25.0492465]]}},{"type":"Feature","properties":{"name":null,"kind":"footway"},"geometry":{"type":"LineString","coordinates":[[121.5890787,25.0491425],[121.5890226,25.049340999999995]]}},{"type":"Feature","properties":{"name":null,"kind":"service"},"geometry":{"type":"LineString","coordinates":[[121.5865055,25.0489409],[121.58967689999999,25.0496729]]}},{"type":"Feature","properties":{"name":null,"kind":"footway"},"geometry":{"type":"LineString","coordinates":[[121.58839579999999,25.049343699999998],[121.5884541,25.049356399999997]]}},{"type":"Feature","properties":{"name":null,"kind":"footway"},"geometry":{"type":"LineString","coordinates":[[121.5912344,25.0496187],[121.59118669999998,25.049641599999998]]}},{"type":"Feature","properties":{"name":"忠孝東路六段225巷2弄","kind":"residential"},"geometry":{"type":"LineString","coordinates":[[121.58772349999998,25.0495733],[121.5883263,25.049713599999993]]}},{"type":"Feature","properties":{"name":"忠孝東路六段225巷","kind":"residential"},"geometry":{"type":"LineString","coordinates":[[121.58815090000002,25.050317500000002],[121.58848600000002,25.049164699999995]]}},{"type":"Feature","properties":{"name":null,"kind":"footway"},"geometry":{"type":"LineString","coordinates":[[121.5914208,25.049666699999992],[121.5912344,25.0496187]]}},{"type":"Feature","properties":{"name":null,"kind":"footway"},"geometry":{"type":"LineString","coordinates":[[121.59147550000002,25.0497078],[121.5914208,25.049666699999992]]}},{"type":"Feature","properties":{"name":"忠孝東路六段398巷","kind":"service"},"geometry":{"type":"LineString","coordinates":[[121.5926451,25.049493699999996],[121.5925135,25.050016100000004]]}},{"type":"Feature","properties":{"name":null,"kind":"footway"},"geometry":{"type":"LineString","coordinates":[[121.59147550000002,25.0497078],[121.5914181,25.049912]]}},{"type":"Feature","properties":{"name":null,"kind":"footway"},"geometry":{"type":"LineString","coordinates":[[121.59258229999999,25.049981399999997],[121.59147550000002,25.0497078]]}},{"type":"Feature","properties":{"name":null,"kind":"service"},"geometry":{"type":"LineString","coordinates":[[121.59414180000002,25.050076899999997],[121.59258530000001,25.0497226]]}},{"type":"Feature","properties":{"name":null,"kind":"service"},"geometry":{"type":"LineString","coordinates":[[121.59515090000001,25.0498781],[121.59537799999998,25.0498353],[121.59542989999998,25.049923100000004],[121.5953205,25.050007899999997],[121.59515090000001,25.0498781]]}},{"type":"Feature","properties":{"name":"忠孝東路六段428巷","kind":"service"},"geometry":{"type":"LineString","coordinates":[[121.59330720000001,25.0501991],[121.5934617,25.0496615]]}},{"type":"Feature","properties":{"name":"空中步道","kind":"footway"},"geometry":{"type":"LineString","coordinates":[[121.59521600000001,25.0497849],[121.59520720000002,25.050011199999997],[121.5953492,25.05006819999999],[121.59545479999998,25.050017199999996],[121.5955217,25.049781999999997]]}},{"type":"Feature","properties":{"name":null,"kind":"service"},"geometry":{"type":"LineString","coordinates":[[121.5948765,25.0500882],[121.59515090000001,25.0498781]]}},{"type":"Feature","properties":{"name":null,"kind":"footway"},"geometry":{"type":"LineString","coordinates":[[121.59118669999998,25.049641599999998],[121.59112870000001,25.049841100000005]]}},{"type":"Feature","properties":{"name":"忠孝東路六段225巷1弄","kind":"residential"},"geometry":{"type":"LineString","coordinates":[[121.5883263,25.049713599999993],[121.58886890000001,25.049838399999995]]}},{"type":"Feature","properties":{"name":null,"kind":"service"},"geometry":{"type":"LineString","coordinates":[[121.5913083,25.049843500000005],[121.5913023,25.0497328]]}},{"type":"Feature","properties":{"name":null,"kind":"footway"},"geometry":{"type":"LineString","coordinates":[[121.5912539,25.049889999999994],[121.59138250000001,25.0499207]]}},{"type":"Feature","properties":{"name":"忠孝東路六段269巷2弄","kind":"residential"},"geometry":{"type":"LineString","coordinates":[[121.58886890000001,25.049838399999995],[121.5895901,25.0500096]]}},{"type":"Feature","properties":{"name":"忠孝東路六段269巷","kind":"residential"},"geometry":{"type":"LineString","coordinates":[[121.58946530000001,25.050573499999995],[121.58972940000001,25.049469100000003]]}},{"type":"Feature","properties":{"name":"忠孝東路六段225巷3弄","kind":"residential"},"geometry":{"type":"LineString","coordinates":[[121.588254,25.0499786],[121.5888097,25.0501121]]}},{"type":"Feature","properties":{"name":null,"kind":"service"},"geometry":{"type":"LineString","coordinates":[[121.58967689999999,25.0496729],[121.59262889999998,25.050401899999997]]}},{"type":"Feature","properties":{"name":null,"kind":"service"},"geometry":{"type":"LineString","coordinates":[[121.5911072,25.0500737],[121.5911195,25.0500286]]}},{"type":"Feature","properties":{"name":"忠孝東路六段269巷1弄","kind":"residential"},"geometry":{"type":"LineString","coordinates":[[121.5895901,25.0500096],[121.59007730000002,25.050120199999995]]}},{"type":"Feature","properties":{"name":null,"kind":"footway"},"geometry":{"type":"LineString","coordinates":[[121.61600100000001,25.0488106],[121.6159481,25.048963799999992]]}},{"type":"Feature","properties":{"name":null,"kind":"footway"},"geometry":{"type":"LineString","coordinates":[[121.6159481,25.048963799999992],[121.6162915,25.0489998],[121.6164489,25.0488643]]}},{"type":"Feature","properties":{"name":null,"kind":"footway"},"geometry":{"type":"LineString","coordinates":[[121.61567850000002,25.049082700000003],[121.61570400000001,25.048894200000003]]}},{"type":"Feature","properties":{"name":"南深橋","kind":"secondary"},"geometry":{"type":"LineString","coordinates":[[121.61574689999999,25.0491033],[121.61577459999998,25.048902400000003]]}},{"type":"Feature","properties":{"name":"南深橋","kind":"secondary"},"geometry":{"type":"LineString","coordinates":[[121.61588400000001,25.048933699999996],[121.61585390000002,25.049136000000004]]}},{"type":"Feature","properties":{"name":null,"kind":"footway"},"geometry":{"type":"LineString","coordinates":[[121.6159138,25.049157399999995],[121.6159481,25.048963799999992]]}},{"type":"Feature","properties":{"name":"研究院路一段130巷","kind":"service"},"geometry":{"type":"LineString","coordinates":[[121.6138984,25.0490517],[121.6151157,25.0489909],[121.615741,25.049156299999993]]}},{"type":"Feature","properties":{"name":null,"kind":"service"},"geometry":{"type":"LineString","coordinates":[[121.6152658,25.049010199999998],[121.61522369999999,25.049110300000002],[121.6145896,25.049226899999997],[121.6145074,25.049177000000004]]}},{"type":"Feature","properties":{"name":"研究院路一段","kind":"secondary"},"geometry":{"type":"LineString","coordinates":[[121.615741,25.049156299999993],[121.61574689999999,25.0491033]]}},{"type":"Feature","properties":{"name":null,"kind":"footway"},"geometry":{"type":"LineString","coordinates":[[121.61567850000002,25.049082700000003],[121.6156674,25.049177999999998]]}},{"type":"Feature","properties":{"name":null,"kind":"service"},"geometry":{"type":"LineString","coordinates":[[121.6144325,25.04899869999999],[121.6144038,25.0490919],[121.6145074,25.049177000000004],[121.61439200000001,25.049284999999998]]}},{"type":"Feature","properties":{"name":"研究院路一段130巷","kind":"service"},"geometry":{"type":"LineString","coordinates":[[121.615741,25.049156299999993],[121.61584409999999,25.049210899999995]]}},{"type":"Feature","properties":{"name":null,"kind":"track"},"geometry":{"type":"LineString","coordinates":[[121.61522369999999,25.049110300000002],[121.6149529,25.049297499999998],[121.6145734,25.049323]]}},{"type":"Feature","properties":{"name":null,"kind":"footway"},"geometry":{"type":"LineString","coordinates":[[121.6159138,25.049157399999995],[121.6158848,25.049363699999994]]}},{"type":"Feature","properties":{"name":null,"kind":"footway"},"geometry":{"type":"LineString","coordinates":[[121.6158848,25.049363699999994],[121.61565870000001,25.049350899999997]]}},{"type":"Feature","properties":{"name":"研究院路一段","kind":"secondary"},"geometry":{"type":"LineString","coordinates":[[121.6155604,25.050781999999995],[121.6155304,25.050061100000004],[121.6156733,25.049737399999998],[121.615741,25.049156299999993]]}},{"type":"Feature","properties":{"name":null,"kind":"footway"},"geometry":{"type":"LineString","coordinates":[[121.6157134,25.0506888],[121.61567150000002,25.0501397],[121.61584560000001,25.0497489],[121.6158848,25.049363699999994]]}},{"type":"Feature","properties":{"name":null,"kind":"residential"},"geometry":{"type":"LineString","coordinates":[[121.6166335,25.048763699999995],[121.61636,25.0508095],[121.6165076,25.0511108],[121.61685079999998,25.051341599999994]]}},{"type":"Feature","properties":{"name":"橫科路2巷","kind":"service"},"geometry":{"type":"LineString","coordinates":[[121.61713689999999,25.0513961],[121.61662350000002,25.051122099999994],[121.6164063,25.050819199999996],[121.61662080000002,25.048833599999995]]}},{"type":"Feature","properties":{"name":null,"kind":"footway"},"geometry":{"type":"LineString","coordinates":[[121.6159138,25.049157399999995],[121.61607879999998,25.0492062],[121.6162685,25.049601799999998],[121.61609409999998,25.050739100000005],[121.61616039999998,25.051087399999997],[121.61636979999999,25.0513729],[121.6169013,25.0517249]]}},{"type":"Feature","properties":{"name":"研究院路一段","kind":"secondary"},"geometry":{"type":"LineString","coordinates":[[121.61585390000002,25.049136000000004],[121.61579880000001,25.049756699999996],[121.6156247,25.0502491],[121.61565359999999,25.0506943],[121.6157599,25.0511844],[121.61613780000002,25.051970999999995]]}},{"type":"Feature","properties":{"name":null,"kind":"footway"},"geometry":{"type":"LineString","coordinates":[[121.61594289999998,25.051933099999992],[121.6155974,25.0512437],[121.6154354,25.0503187],[121.6156268,25.0496691],[121.6156674,25.049177999999998]]}},{"type":"Feature","properties":{"name":"研究院路一段151巷","kind":"residential"},"geometry":{"type":"LineString","coordinates":[[121.61708139999999,25.051895499999997],[121.61630760000001,25.051380699999996],[121.61609790000001,25.051072499999997],[121.61604179999999,25.050628499999995],[121.61621880000001,25.049592099999995],[121.61607039999998,25.049279799999994],[121.61584409999999,25.049210899999995]]}},{"type":"Feature","properties":{"name":"研究院路151巷","kind":"residential"},"geometry":{"type":"LineString","coordinates":[[121.61604179999999,25.050628499999995],[121.6155604,25.050781999999995]]}},{"type":"Feature","properties":{"name":null,"kind":"footway"},"geometry":{"type":"LineString","coordinates":[[121.6157326,25.050778799999993],[121.6157134,25.0506888],[121.615478,25.050716200000004]]}},{"type":"Feature","properties":{"name":null,"kind":"pedestrian"},"geometry":{"type":"LineString","coordinates":[[121.6153937,25.05084279999999],[121.61549369999999,25.05082],[121.6154404,25.050628699999997],[121.61534040000001,25.0506516],[121.6153937,25.05084279999999]]}},{"type":"Feature","properties":{"name":null,"kind":"footway"},"geometry":{"type":"LineString","coordinates":[[121.61893079999999,25.0526591],[121.6187788,25.052624499999997],[121.6164659,25.051202899999996],[121.61631570000002,25.05089299999999],[121.6163162,25.050662999999997],[121.61659140000002,25.0488245]]}},{"type":"Feature","properties":{"name":null,"kind":"steps"},"geometry":{"type":"LineString","coordinates":[[121.6147441,25.050996000000005],[121.61464910000001,25.0506272]]}},{"type":"Feature","properties":{"name":null,"kind":"footway"},"geometry":{"type":"LineString","coordinates":[[121.614339,25.050963499999998],[121.6147213,25.050978000000004]]}},{"type":"Feature","properties":{"name":null,"kind":"service"},"geometry":{"type":"LineString","coordinates":[[121.5922383,25.0500409],[121.5921427,25.05016549999999],[121.59131910000002,25.049976599999994],[121.5913083,25.049843500000005]]}},{"type":"Feature","properties":{"name":null,"kind":"footway"},"geometry":{"type":"LineString","coordinates":[[121.5948707,25.0499545],[121.5947447,25.05005]]}},{"type":"Feature","properties":{"name":null,"kind":"footway"},"geometry":{"type":"LineString","coordinates":[[121.59258229999999,25.049981399999997],[121.59252700000002,25.0501648]]}},{"type":"Feature","properties":{"name":null,"kind":"footway"},"geometry":{"type":"LineString","coordinates":[[121.5921492,25.0501017],[121.59225860000001,25.050127899999993]]}},{"type":"Feature","properties":{"name":"昆陽街157巷","kind":"service"},"geometry":{"type":"LineString","coordinates":[[121.5944612,25.049502299999997],[121.59476820000002,25.049983000000005],[121.59562750000002,25.050722699999998]]}},{"type":"Feature","properties":{"name":null,"kind":"footway"},"geometry":{"type":"LineString","coordinates":[[121.5939712,25.050303599999996],[121.59258229999999,25.049981399999997]]}},{"type":"Feature","properties":{"name":"忠孝東路六段","kind":"primary"},"geometry":{"type":"LineString","coordinates":[[121.5913023,25.0497328],[121.59562750000002,25.050722699999998]]}},{"type":"Feature","properties":{"name":"忠孝東路六段462巷","kind":"service"},"geometry":{"type":"LineString","coordinates":[[121.5944433,25.050484],[121.59454960000001,25.0501221],[121.59476820000002,25.049983000000005]]}},{"type":"Feature","properties":{"name":null,"kind":"service"},"geometry":{"type":"LineString","coordinates":[[121.59262889999998,25.050401899999997],[121.59270569999998,25.0501474]]}},{"type":"Feature","properties":{"name":null,"kind":"footway"},"geometry":{"type":"LineString","coordinates":[[121.59410619999998,25.050288500000004],[121.59404500000001,25.0502715]]}},{"type":"Feature","properties":{"name":null,"kind":"footway"},"geometry":{"type":"LineString","coordinates":[[121.59404500000001,25.0502715],[121.5939712,25.050303599999996]]}},{"type":"Feature","properties":{"name":null,"kind":"footway"},"geometry":{"type":"LineString","coordinates":[[121.59413340000002,25.050333500000004],[121.59410619999998,25.050288500000004]]}},{"type":"Feature","properties":{"name":null,"kind":"footway"},"geometry":{"type":"LineString","coordinates":[[121.5939712,25.050303599999996],[121.5939127,25.0504936]]}},{"type":"Feature","properties":{"name":null,"kind":"footway"},"geometry":{"type":"LineString","coordinates":[[121.59400529999999,25.050298900000005],[121.59405149999999,25.050545900000003]]}},{"type":"Feature","properties":{"name":"忠孝東路六段","kind":"primary"},"geometry":{"type":"LineString","coordinates":[[121.5956226,25.050817199999994],[121.5922383,25.0500409]]}},{"type":"Feature","properties":{"name":null,"kind":"footway"},"geometry":{"type":"LineString","coordinates":[[121.5940759,25.050537499999994],[121.59413340000002,25.050333500000004]]}},{"type":"Feature","properties":{"name":null,"kind":"footway"},"geometry":{"type":"LineString","coordinates":[[121.5938993,25.050542699999998],[121.59413340000002,25.050333500000004]]}},{"type":"Feature","properties":{"name":null,"kind":"footway"},"geometry":{"type":"LineString","coordinates":[[121.59413340000002,25.050333500000004],[121.59533059999998,25.050589400000003]]}},{"type":"Feature","properties":{"name":"忠孝東路六段403巷","kind":"service"},"geometry":{"type":"LineString","coordinates":[[121.59253289999998,25.050628],[121.59262889999998,25.050401899999997]]}},{"type":"Feature","properties":{"name":null,"kind":"footway"},"geometry":{"type":"LineString","coordinates":[[121.59533050000002,25.050548199999998],[121.5954189,25.0504638]]}},{"type":"Feature","properties":{"name":null,"kind":"footway"},"geometry":{"type":"LineString","coordinates":[[121.58615580000001,25.049942900000005],[121.5840264,25.0495663]]}},{"type":"Feature","properties":{"name":"忠孝東路六段225巷4弄","kind":"residential"},"geometry":{"type":"LineString","coordinates":[[121.58761750000001,25.0498406],[121.588254,25.0499786]]}},{"type":"Feature","properties":{"name":"忠孝東路六段185巷4弄","kind":"residential"},"geometry":{"type":"LineString","coordinates":[[121.587054,25.049808799999994],[121.58752059999999,25.049910999999994],[121.5874805,25.0501187]]}},{"type":"Feature","properties":{"name":null,"kind":"footway"},"geometry":{"type":"LineString","coordinates":[[121.5868835,25.050217599999993],[121.58691690000002,25.050069400000005]]}},{"type":"Feature","properties":{"name":null,"kind":"footway"},"geometry":{"type":"LineString","coordinates":[[121.5849922,25.0502179],[121.58499409999999,25.050327800000005],[121.584911,25.050243200000004]]}},{"type":"Feature","properties":{"name":null,"kind":"footway"},"geometry":{"type":"LineString","coordinates":[[121.5849001,25.0503393],[121.58492450000001,25.0503141]]}},{"type":"Feature","properties":{"name":null,"kind":"construction"},"geometry":{"type":"LineString","coordinates":[[121.5854116,25.0504689],[121.5851772,25.050432]]}},{"type":"Feature","properties":{"name":null,"kind":"construction"},"geometry":{"type":"LineString","coordinates":[[121.58711170000001,25.05021929999999],[121.58674230000001,25.050650499999993],[121.5866903,25.050871299999994]]}},{"type":"Feature","properties":{"name":null,"kind":"service"},"geometry":{"type":"LineString","coordinates":[[121.5846816,25.051468500000002],[121.585407,25.049938999999995]]}},{"type":"Feature","properties":{"name":null,"kind":"construction"},"geometry":{"type":"LineString","coordinates":[[121.5878931,25.0508663],[121.587949,25.0508751]]}},{"type":"Feature","properties":{"name":null,"kind":"service"},"geometry":{"type":"LineString","coordinates":[[121.58886890000001,25.049838399999995],[121.58876930000001,25.050318499999996]]}},{"type":"Feature","properties":{"name":"忠孝東路六段269巷4弄","kind":"residential"},"geometry":{"type":"LineString","coordinates":[[121.5888097,25.0501121],[121.5895198,25.0502825]]}},{"type":"Feature","properties":{"name":null,"kind":"residential"},"geometry":{"type":"LineString","coordinates":[[121.5861707,25.049900200000007],[121.58986059999998,25.0505058]]}},{"type":"Feature","properties":{"name":null,"kind":"footway"},"geometry":{"type":"LineString","coordinates":[[121.59097020000002,25.050678600000005],[121.58615580000001,25.049942900000005]]}},{"type":"Feature","properties":{"name":null,"kind":"service"},"geometry":{"type":"LineString","coordinates":[[121.59093669999999,25.050629700000005],[121.5911072,25.0500737],[121.5915995,25.050195499999994],[121.5915673,25.050365599999992],[121.5916638,25.050511400000005]]}},{"type":"Feature","properties":{"name":"忠孝東路六段269巷3弄","kind":"residential"},"geometry":{"type":"LineString","coordinates":[[121.5895198,25.0502825],[121.59018329999999,25.050435]]}},{"type":"Feature","properties":{"name":null,"kind":"footway"},"geometry":{"type":"LineString","coordinates":[[121.58939279999998,25.050580299999993],[121.5894115,25.050477700000002]]}},{"type":"Feature","properties":{"name":"市民大道七段","kind":"tertiary"},"geometry":{"type":"LineString","coordinates":[[121.5838332,25.0496195],[121.5954456,25.051440799999998]]}},{"type":"Feature","properties":{"name":"市民大道七段","kind":"tertiary"},"geometry":{"type":"LineString","coordinates":[[121.5954318,25.051492],[121.58379640000001,25.049674899999992]]}},{"type":"Feature","properties":{"name":null,"kind":"footway"},"geometry":{"type":"LineString","coordinates":[[121.5889995,25.0507062],[121.58922830000002,25.05077809999999]]}},{"type":"Feature","properties":{"name":null,"kind":"footway"},"geometry":{"type":"LineString","coordinates":[[121.5939127,25.0504936],[121.5938993,25.050542699999998]]}},{"type":"Feature","properties":{"name":null,"kind":"service"},"geometry":{"type":"LineString","coordinates":[[121.59390929999999,25.050712999999995],[121.59262889999998,25.050401899999997]]}},{"type":"Feature","properties":{"name":null,"kind":"footway"},"geometry":{"type":"LineString","coordinates":[[121.59533059999998,25.050589400000003],[121.59523459999998,25.050513799999997]]}},{"type":"Feature","properties":{"name":null,"kind":"footway"},"geometry":{"type":"LineString","coordinates":[[121.5940457,25.0505771],[121.5940759,25.050537499999994]]}},{"type":"Feature","properties":{"name":null,"kind":"footway"},"geometry":{"type":"LineString","coordinates":[[121.5938993,25.050542699999998],[121.5940457,25.0505771]]}},{"type":"Feature","properties":{"name":null,"kind":"footway"},"geometry":{"type":"LineString","coordinates":[[121.5947579,25.0507347],[121.5940457,25.0505771]]}},{"type":"Feature","properties":{"name":null,"kind":"footway"},"geometry":{"type":"LineString","coordinates":[[121.59533059999998,25.050589400000003],[121.59530020000001,25.0508569]]}},{"type":"Feature","properties":{"name":null,"kind":"footway"},"geometry":{"type":"LineString","coordinates":[[121.5948219,25.050748199999997],[121.5947579,25.0507347]]}},{"type":"Feature","properties":{"name":"忠孝東路六段403巷1弄","kind":"service"},"geometry":{"type":"LineString","coordinates":[[121.59253289999998,25.050628],[121.59383190000001,25.050909899999997]]}},{"type":"Feature","properties":{"name":null,"kind":"residential"},"geometry":{"type":"LineString","coordinates":[[121.59481659999999,25.050643099999995],[121.5947366,25.050899900000005]]}},{"type":"Feature","properties":{"name":null,"kind":"construction"},"geometry":{"type":"LineString","coordinates":[[121.58805890000001,25.050771699999995],[121.58795810000001,25.0507558]]}},{"type":"Feature","properties":{"name":null,"kind":"construction"},"geometry":{"type":"LineString","coordinates":[[121.58791420000001,25.051331799999993],[121.5880647,25.0504066]]}},{"type":"Feature","properties":{"name":null,"kind":"footway"},"geometry":{"type":"LineString","coordinates":[[121.5908531,25.050851],[121.59098280000002,25.050871799999996]]}},{"type":"Feature","properties":{"name":null,"kind":"footway"},"geometry":{"type":"LineString","coordinates":[[121.5894989,25.050937000000005],[121.58985920000002,25.0508146]]}},{"type":"Feature","properties":{"name":null,"kind":"footway"},"geometry":{"type":"LineString","coordinates":[[121.5895259,25.050957799999992],[121.58991500000002,25.050823699999995]]}},{"type":"Feature","properties":{"name":null,"kind":"footway"},"geometry":{"type":"LineString","coordinates":[[121.59077590000001,25.0509343],[121.59083229999999,25.0509206]]}},{"type":"Feature","properties":{"name":null,"kind":"footway"},"geometry":{"type":"LineString","coordinates":[[121.5901499,25.05098],[121.59044220000001,25.050891399999998]]}},{"type":"Feature","properties":{"name":null,"kind":"footway"},"geometry":{"type":"LineString","coordinates":[[121.58944700000002,25.050971299999997],[121.5895121,25.0509471]]}},{"type":"Feature","properties":{"name":null,"kind":"footway"},"geometry":{"type":"LineString","coordinates":[[121.59025170000001,25.0510617],[121.5905527,25.0509056]]}},{"type":"Feature","properties":{"name":null,"kind":"footway"},"geometry":{"type":"LineString","coordinates":[[121.5889576,25.0509179],[121.58901500000002,25.0510075],[121.588927,25.0510722]]}},{"type":"Feature","properties":{"name":null,"kind":"construction"},"geometry":{"type":"LineString","coordinates":[[121.58555240000001,25.0510174],[121.5850008,25.05080089999999]]}},{"type":"Feature","properties":{"name":null,"kind":"footway"},"geometry":{"type":"LineString","coordinates":[[121.59056050000001,25.052068000000002],[121.5908351,25.05082189999999],[121.58393620000001,25.049743999999997],[121.5828896,25.0510905],[121.5828851,25.051513199999995]]}},{"type":"Feature","properties":{"name":"商辦機車停車場車道","kind":"construction"},"geometry":{"type":"LineString","coordinates":[[121.5849001,25.0510115],[121.5850589,25.051013700000002]]}},{"type":"Feature","properties":{"name":"商辦機車停車場車道","kind":"construction"},"geometry":{"type":"LineString","coordinates":[[121.5850589,25.051013700000002],[121.5853008,25.051051699999995]]}},{"type":"Feature","properties":{"name":"商辦汽車停車場車道","kind":"construction"},"geometry":{"type":"LineString","coordinates":[[121.58504810000001,25.0510701],[121.5849001,25.0510115]]}},{"type":"Feature","properties":{"name":null,"kind":"construction"},"geometry":{"type":"LineString","coordinates":[[121.58555240000001,25.0510174],[121.5858208,25.0510592]]}},{"type":"Feature","properties":{"name":null,"kind":"construction"},"geometry":{"type":"LineString","coordinates":[[121.5855409,25.051078100000005],[121.58555240000001,25.0510174]]}},{"type":"Feature","properties":{"name":"商辦汽車停車場車道","kind":"construction"},"geometry":{"type":"LineString","coordinates":[[121.5854734,25.051136899999996],[121.58504810000001,25.0510701]]}},{"type":"Feature","properties":{"name":null,"kind":"construction"},"geometry":{"type":"LineString","coordinates":[[121.5858208,25.0510592],[121.58647929999998,25.051161599999997]]}},{"type":"Feature","properties":{"name":null,"kind":"construction"},"geometry":{"type":"LineString","coordinates":[[121.5867554,25.051189099999995],[121.58647929999998,25.051161599999997]]}},{"type":"Feature","properties":{"name":null,"kind":"footway"},"geometry":{"type":"LineString","coordinates":[[121.58996280000001,25.050829900000004],[121.59036510000001,25.0511527]]}},{"type":"Feature","properties":{"name":null,"kind":"footway"},"geometry":{"type":"LineString","coordinates":[[121.58944700000002,25.050971299999997],[121.58930790000001,25.0510388]]}},{"type":"Feature","properties":{"name":null,"kind":"footway"},"geometry":{"type":"LineString","coordinates":[[121.5894886,25.051208099999997],[121.5891923,25.0509554],[121.5889683,25.050863600000003]]}},{"type":"Feature","properties":{"name":null,"kind":"service"},"geometry":{"type":"LineString","coordinates":[[121.5908805,25.051073900000002],[121.59103150000001,25.051098]]}},{"type":"Feature","properties":{"name":null,"kind":"footway"},"geometry":{"type":"LineString","coordinates":[[121.58944700000002,25.050971299999997],[121.5895753,25.051123700000005],[121.5894886,25.051208099999997],[121.5890155,25.051212500000002],[121.5889132,25.051142199999997]]}},{"type":"Feature","properties":{"name":null,"kind":"footway"},"geometry":{"type":"LineString","coordinates":[[121.59036510000001,25.0511527],[121.59074650000001,25.051070399999997]]}},{"type":"Feature","properties":{"name":null,"kind":"footway"},"geometry":{"type":"LineString","coordinates":[[121.58922830000002,25.05077809999999],[121.58968049999999,25.051105699999997],[121.58942330000002,25.0513465],[121.58957300000002,25.0514406],[121.58954330000002,25.0514872]]}},{"type":"Feature","properties":{"name":"台鐵大樓汽車停車場車道","kind":"construction"},"geometry":{"type":"LineString","coordinates":[[121.588328,25.0511703],[121.58878340000001,25.051241799999996]]}},{"type":"Feature","properties":{"name":null,"kind":"footway"},"geometry":{"type":"LineString","coordinates":[[121.5890287,25.050558500000005],[121.58876930000001,25.051869100000005]]}},{"type":"Feature","properties":{"name":null,"kind":"footway"},"geometry":{"type":"LineString","coordinates":[[121.5890155,25.051212500000002],[121.58889260000001,25.051245899999998]]}},{"type":"Feature","properties":{"name":null,"kind":"construction"},"geometry":{"type":"LineString","coordinates":[[121.58862889999999,25.0519646],[121.5889356,25.050512099999995]]}},{"type":"Feature","properties":{"name":null,"kind":"service"},"geometry":{"type":"LineString","coordinates":[[121.5911186,25.0514388],[121.59120220000001,25.0510279]]}},{"type":"Feature","properties":{"name":null,"kind":"service"},"geometry":{"type":"LineString","coordinates":[[121.59151480000001,25.051080099999997],[121.5914312,25.051491],[121.59096729999999,25.0514135],[121.5910509,25.0510026],[121.59151480000001,25.051080099999997]]}},{"type":"Feature","properties":{"name":null,"kind":"service"},"geometry":{"type":"LineString","coordinates":[[121.5912816,25.051465999999998],[121.59136530000002,25.0510551]]}},{"type":"Feature","properties":{"name":null,"kind":"service"},"geometry":{"type":"LineString","coordinates":[[121.5906608,25.051263300000002],[121.59083650000001,25.051278899999993]]}},{"type":"Feature","properties":{"name":null,"kind":"service"},"geometry":{"type":"LineString","coordinates":[[121.5904831,25.051320999999994],[121.5906608,25.051263300000002]]}},{"type":"Feature","properties":{"name":null,"kind":"footway"},"geometry":{"type":"LineString","coordinates":[[121.58901059999998,25.050649599999993],[121.59077590000001,25.0509343],[121.59056160000002,25.05193269999999],[121.59041140000001,25.051990399999998],[121.58878100000001,25.051809899999995]]}},{"type":"Feature","properties":{"name":null,"kind":"construction"},"geometry":{"type":"LineString","coordinates":[[121.58876690000001,25.051318999999992],[121.5876836,25.0513352]]}},{"type":"Feature","properties":{"name":null,"kind":"footway"},"geometry":{"type":"LineString","coordinates":[[121.59040680000001,25.0511373],[121.59044820000001,25.051189799999996],[121.5902243,25.051260199999998],[121.5903977,25.051491099999993],[121.5903715,25.0516868]]}},{"type":"Feature","properties":{"name":null,"kind":"footway"},"geometry":{"type":"LineString","coordinates":[[121.5903883,25.0514697],[121.59067980000002,25.0513798]]}},{"type":"Feature","properties":{"name":null,"kind":"footway"},"geometry":{"type":"LineString","coordinates":[[121.5951999,25.050835999999993],[121.5948219,25.050748199999997]]}},{"type":"Feature","properties":{"name":null,"kind":"footway"},"geometry":{"type":"LineString","coordinates":[[121.5952782,25.050852000000003],[121.5951999,25.050835999999993]]}},{"type":"Feature","properties":{"name":null,"kind":"residential"},"geometry":{"type":"LineString","coordinates":[[121.5952599,25.050749900000003],[121.5951798,25.051006599999997]]}},{"type":"Feature","properties":{"name":null,"kind":"service"},"geometry":{"type":"LineString","coordinates":[[121.59390929999999,25.050712999999995],[121.59544570000001,25.0510726]]}},{"type":"Feature","properties":{"name":null,"kind":"path"},"geometry":{"type":"LineString","coordinates":[[121.5947366,25.050899900000005],[121.5946206,25.051289600000004]]}},{"type":"Feature","properties":{"name":null,"kind":"footway"},"geometry":{"type":"LineString","coordinates":[[121.59385470000001,25.051122799999998],[121.59532810000002,25.051363199999997],[121.5954843,25.050917599999995],[121.5952782,25.050852000000003]]}},{"type":"Feature","properties":{"name":null,"kind":"footway"},"geometry":{"type":"LineString","coordinates":[[121.59362930000002,25.05125489999999],[121.5936928,25.051094200000005],[121.59385470000001,25.051122799999998],[121.593794,25.051284400000004],[121.59362930000002,25.05125489999999]]}},{"type":"Feature","properties":{"name":null,"kind":"pedestrian"},"geometry":{"type":"LineString","coordinates":[[121.5908475,25.051507399999995],[121.592061,25.051696000000003],[121.5921648,25.0509757]]}},{"type":"Feature","properties":{"name":"昆陽街","kind":"residential"},"geometry":{"type":"LineString","coordinates":[[121.5922991,25.054203299999994],[121.5927256,25.052870299999995],[121.5933397,25.0521746],[121.59423759999999,25.0498282],[121.5944612,25.049502299999997],[121.59412080000001,25.0486636]]}},{"type":"Feature","properties":{"name":null,"kind":"cycleway"},"geometry":{"type":"LineString","coordinates":[[121.59532459999998,25.051549099999995],[121.5953757,25.0513491]]}},{"type":"Feature","properties":{"name":null,"kind":"footway"},"geometry":{"type":"LineString","coordinates":[[121.59569500000002,25.0506018],[121.5958569,25.050634]]}},{"type":"Feature","properties":{"name":null,"kind":"service"},"geometry":{"type":"LineString","coordinates":[[121.5998508,25.050756800000002],[121.599717,25.050747699999995],[121.5992999,25.0504869]]}},{"type":"Feature","properties":{"name":"忠孝東路六段","kind":"primary"},"geometry":{"type":"LineString","coordinates":[[121.59562750000002,25.050722699999998],[121.5957624,25.0507432]]}},{"type":"Feature","properties":{"name":"向陽路","kind":"secondary"},"geometry":{"type":"LineString","coordinates":[[121.5956226,25.050817199999994],[121.59562750000002,25.050722699999998]]}},{"type":"Feature","properties":{"name":"向陽路","kind":"secondary"},"geometry":{"type":"LineString","coordinates":[[121.5957624,25.0507432],[121.5957393,25.050830400000002]]}},{"type":"Feature","properties":{"name":"忠孝東路七段","kind":"primary"},"geometry":{"type":"LineString","coordinates":[[121.5957393,25.050830400000002],[121.5956226,25.050817199999994]]}},{"type":"Feature","properties":{"name":null,"kind":"footway"},"geometry":{"type":"LineString","coordinates":[[121.59584690000001,25.0509624],[121.5958818,25.050691099999995]]}},{"type":"Feature","properties":{"name":null,"kind":"footway"},"geometry":{"type":"LineString","coordinates":[[121.5954843,25.050917599999995],[121.5957873,25.05097909999999]]}},{"type":"Feature","properties":{"name":null,"kind":"steps"},"geometry":{"type":"LineString","coordinates":[[121.59859120000002,25.050988699999998],[121.5984266,25.050972299999998]]}},{"type":"Feature","properties":{"name":null,"kind":"footway"},"geometry":{"type":"LineString","coordinates":[[121.5985881,25.0510033],[121.59859120000002,25.050988699999998]]}},{"type":"Feature","properties":{"name":null,"kind":"footway"},"geometry":{"type":"LineString","coordinates":[[121.6090016,25.050879099999996],[121.608989,25.050854699999995]]}},{"type":"Feature","properties":{"name":null,"kind":"steps"},"geometry":{"type":"LineString","coordinates":[[121.6092916,25.050774099999998],[121.6090218,25.0508976],[121.6089971,25.050998399999997]]}},{"type":"Feature","properties":{"name":null,"kind":"footway"},"geometry":{"type":"LineString","coordinates":[[121.614228,25.0508936],[121.6142041,25.050817099999996]]}},{"type":"Feature","properties":{"name":null,"kind":"steps"},"geometry":{"type":"LineString","coordinates":[[121.614339,25.050963499999998],[121.61425580000001,25.05081819999999]]}},{"type":"Feature","properties":{"name":null,"kind":"footway"},"geometry":{"type":"LineString","coordinates":[[121.60908880000001,25.050900100000007],[121.60910619999999,25.050910999999996],[121.60909419999999,25.0509268],[121.60907680000001,25.0509159],[121.60908880000001,25.050900100000007]]}},{"type":"Feature","properties":{"name":null,"kind":"footway"},"geometry":{"type":"LineString","coordinates":[[121.60885179999998,25.050973299999992],[121.60904130000002,25.050866],[121.60908880000001,25.050900100000007]]}},{"type":"Feature","properties":{"name":null,"kind":"footway"},"geometry":{"type":"LineString","coordinates":[[121.6147441,25.050996000000005],[121.61447539999999,25.0508246],[121.6142041,25.050817099999996],[121.6136396,25.051038799999997]]}},{"type":"Feature","properties":{"name":null,"kind":"footway"},"geometry":{"type":"LineString","coordinates":[[121.6089971,25.050998399999997],[121.6088053,25.050942699999997]]}},{"type":"Feature","properties":{"name":null,"kind":"footway"},"geometry":{"type":"LineString","coordinates":[[121.60885179999998,25.050973299999992],[121.6088615,25.0509857],[121.60884779999999,25.0509945],[121.6088381,25.050982100000002],[121.60885179999998,25.050973299999992]]}},{"type":"Feature","properties":{"name":null,"kind":"steps"},"geometry":{"type":"LineString","coordinates":[[121.6144233,25.05103469999999],[121.614228,25.0508936]]}},{"type":"Feature","properties":{"name":null,"kind":"footway"},"geometry":{"type":"LineString","coordinates":[[121.6088846,25.051009299999997],[121.6088567,25.0509927]]}},{"type":"Feature","properties":{"name":null,"kind":"footway"},"geometry":{"type":"LineString","coordinates":[[121.60896189999998,25.050998099999997],[121.60891480000001,25.051009799999992]]}},{"type":"Feature","properties":{"name":null,"kind":"footway"},"geometry":{"type":"LineString","coordinates":[[121.6089971,25.050998399999997],[121.60902789999999,25.0510235]]}},{"type":"Feature","properties":{"name":null,"kind":"footway"},"geometry":{"type":"LineString","coordinates":[[121.6088846,25.051009299999997],[121.6089059,25.05100249999999],[121.6089113,25.0510283],[121.60889070000002,25.051030199999996],[121.6088846,25.051009299999997]]}},{"type":"Feature","properties":{"name":null,"kind":"path"},"geometry":{"type":"LineString","coordinates":[[121.61424410000001,25.050941599999998],[121.6140489,25.0510608]]}},{"type":"Feature","properties":{"name":null,"kind":"footway"},"geometry":{"type":"LineString","coordinates":[[121.60891650000002,25.051019599999997],[121.6089555,25.051042800000005]]}},{"type":"Feature","properties":{"name":null,"kind":"footway"},"geometry":{"type":"LineString","coordinates":[[121.60889070000002,25.051030199999996],[121.6088366,25.0510701]]}},{"type":"Feature","properties":{"name":null,"kind":"steps"},"geometry":{"type":"LineString","coordinates":[[121.6136396,25.051038799999997],[121.6134431,25.0512159],[121.61299810000001,25.0513297]]}},{"type":"Feature","properties":{"name":null,"kind":"service"},"geometry":{"type":"LineString","coordinates":[[121.6086401,25.051825100000002],[121.60859909999999,25.0516766],[121.6086722,25.051564],[121.60934169999999,25.051115],[121.6092619,25.050925200000002],[121.6093638,25.050651099999996],[121.60960390000001,25.0505792]]}},{"type":"Feature","properties":{"name":null,"kind":"path"},"geometry":{"type":"LineString","coordinates":[[121.61299810000001,25.0513297],[121.6124212,25.051477399999992],[121.61222339999999,25.05130309999999],[121.6119296,25.051218800000004],[121.6116172,25.0512882],[121.6112889,25.051062200000004],[121.6112182,25.050874],[121.6110561,25.050924599999995],[121.61100089999998,25.050731399999997],[121.61067530000001,25.050615700000005],[121.61057960000001,25.050672199999998],[121.6105996,25.0509433],[121.61052349999999,25.051143599999996],[121.61079359999998,25.051215699999997],[121.6107366,25.051373899999998],[121.6103537,25.051560399999996],[121.6103466,25.051903499999998]]}},{"type":"Feature","properties":{"name":"向陽路","kind":"secondary"},"geometry":{"type":"LineString","coordinates":[[121.5954456,25.051440799999998],[121.5956226,25.050817199999994]]}},{"type":"Feature","properties":{"name":"向陽路","kind":"secondary"},"geometry":{"type":"LineString","coordinates":[[121.5957393,25.050830400000002],[121.59555070000002,25.051461099999997]]}},{"type":"Feature","properties":{"name":null,"kind":"footway"},"geometry":{"type":"LineString","coordinates":[[121.5956816,25.0513976],[121.5958141,25.050959400000004]]}},{"type":"Feature","properties":{"name":null,"kind":"footway"},"geometry":{"type":"LineString","coordinates":[[121.5957873,25.05097909999999],[121.597673,25.0517202]]}},{"type":"Feature","properties":{"name":null,"kind":"cycleway"},"geometry":{"type":"LineString","coordinates":[[121.5956816,25.0513976],[121.5953757,25.0513491]]}},{"type":"Feature","properties":{"name":null,"kind":"footway"},"geometry":{"type":"LineString","coordinates":[[121.5958141,25.050959400000004],[121.6034518,25.0518288]]}},{"type":"Feature","properties":{"name":"忠孝東路七段","kind":"primary"},"geometry":{"type":"LineString","coordinates":[[121.6055194,25.051988500000004],[121.5957393,25.050830400000002]]}},{"type":"Feature","properties":{"name":"市民大道七段","kind":"tertiary"},"geometry":{"type":"LineString","coordinates":[[121.5954456,25.051440799999998],[121.59555070000002,25.051461099999997]]}},{"type":"Feature","properties":{"name":null,"kind":"footway"},"geometry":{"type":"LineString","coordinates":[[121.5974777,25.051287499999997],[121.59742610000002,25.0516221]]}},{"type":"Feature","properties":{"name":null,"kind":"footway"},"geometry":{"type":"LineString","coordinates":[[121.5991475,25.0515558],[121.59902800000002,25.051374199999998]]}},{"type":"Feature","properties":{"name":"向陽路","kind":"secondary"},"geometry":{"type":"LineString","coordinates":[[121.59555070000002,25.051461099999997],[121.59553810000001,25.051517600000004]]}},{"type":"Feature","properties":{"name":"市民大道七段","kind":"tertiary"},"geometry":{"type":"LineString","coordinates":[[121.59553810000001,25.051517600000004],[121.5954318,25.051492]]}},{"type":"Feature","properties":{"name":null,"kind":"cycleway"},"geometry":{"type":"LineString","coordinates":[[121.5957268,25.051642199999996],[121.59576949999999,25.0514327]]}},{"type":"Feature","properties":{"name":"市民大道八段","kind":"tertiary"},"geometry":{"type":"LineString","coordinates":[[121.5957414,25.051570799999997],[121.59553810000001,25.051517600000004]]}},{"type":"Feature","properties":{"name":null,"kind":"footway"},"geometry":{"type":"LineString","coordinates":[[121.59957080000001,25.051605],[121.5988264,25.051519000000003]]}},{"type":"Feature","properties":{"name":null,"kind":"cycleway"},"geometry":{"type":"LineString","coordinates":[[121.59532459999998,25.051549099999995],[121.5956217,25.051630200000005]]}},{"type":"Feature","properties":{"name":null,"kind":"footway"},"geometry":{"type":"LineString","coordinates":[[121.60092710000002,25.0518066],[121.60101150000001,25.051591199999997]]}},{"type":"Feature","properties":{"name":null,"kind":"footway"},"geometry":{"type":"LineString","coordinates":[[121.5996399,25.0519951],[121.5995367,25.051780699999995],[121.59957760000002,25.0515671],[121.599738,25.0514555]]}},{"type":"Feature","properties":{"name":"市民大道八段","kind":"tertiary"},"geometry":{"type":"LineString","coordinates":[[121.59779430000002,25.051912799999993],[121.5957414,25.051570799999997]]}},{"type":"Feature","properties":{"name":null,"kind":"footway"},"geometry":{"type":"LineString","coordinates":[[121.5995367,25.051780699999995],[121.5987945,25.0516894]]}},{"type":"Feature","properties":{"name":null,"kind":"footway"},"geometry":{"type":"LineString","coordinates":[[121.60404440000002,25.051611299999998],[121.6038714,25.051588299999995]]}},{"type":"Feature","properties":{"name":null,"kind":"footway"},"geometry":{"type":"LineString","coordinates":[[121.6034518,25.0518288],[121.6034887,25.0515624]]}},{"type":"Feature","properties":{"name":null,"kind":"footway"},"geometry":{"type":"LineString","coordinates":[[121.60400480000001,25.05188739999999],[121.6040405,25.051624099999998]]}},{"type":"Feature","properties":{"name":null,"kind":"footway"},"geometry":{"type":"LineString","coordinates":[[121.6033914,25.0518578],[121.60270720000001,25.0517885]]}},{"type":"Feature","properties":{"name":null,"kind":"footway"},"geometry":{"type":"LineString","coordinates":[[121.6033434,25.052162500000005],[121.6020942,25.051713799999998],[121.60012189999999,25.0515164]]}},{"type":"Feature","properties":{"name":null,"kind":"service"},"geometry":{"type":"LineString","coordinates":[[121.60746410000002,25.0521226],[121.60751620000002,25.051826],[121.60773740000002,25.0515337]]}},{"type":"Feature","properties":{"name":null,"kind":"steps"},"geometry":{"type":"LineString","coordinates":[[121.6065312,25.051836799999997],[121.60651690000002,25.051835499999996]]}},{"type":"Feature","properties":{"name":null,"kind":"pedestrian"},"geometry":{"type":"LineString","coordinates":[[121.60651690000002,25.051835499999996],[121.6064973,25.051793599999996],[121.60644100000002,25.051873399999998],[121.6065138,25.051882200000005],[121.60651690000002,25.051835499999996]]}},{"type":"Feature","properties":{"name":null,"kind":"pedestrian"},"geometry":{"type":"LineString","coordinates":[[121.6065429,25.051838000000004],[121.6065312,25.051836799999997]]}},{"type":"Feature","properties":{"name":null,"kind":"footway"},"geometry":{"type":"LineString","coordinates":[[121.6034602,25.051873799999996],[121.6034518,25.0518288]]}},{"type":"Feature","properties":{"name":null,"kind":"footway"},"geometry":{"type":"LineString","coordinates":[[121.5987945,25.0516894],[121.5987041,25.0518269]]}},{"type":"Feature","properties":{"name":null,"kind":"footway"},"geometry":{"type":"LineString","coordinates":[[121.59804069999998,25.052012699999995],[121.5956217,25.051630200000005]]}},{"type":"Feature","properties":{"name":null,"kind":"footway"},"geometry":{"type":"LineString","coordinates":[[121.5988749,25.0519164],[121.59917389999998,25.0517372]]}},{"type":"Feature","properties":{"name":null,"kind":"footway"},"geometry":{"type":"LineString","coordinates":[[121.5987041,25.0518269],[121.5986781,25.051883600000004]]}},{"type":"Feature","properties":{"name":null,"kind":"footway"},"geometry":{"type":"LineString","coordinates":[[121.60053680000001,25.052024700000004],[121.60059920000002,25.051688399999996]]}},{"type":"Feature","properties":{"name":null,"kind":"footway"},"geometry":{"type":"LineString","coordinates":[[121.596784,25.051367099999997],[121.5981787,25.051272199999996],[121.60012189999999,25.0515164],[121.6026436,25.0524077],[121.60328209999999,25.052493700000003],[121.60339909999999,25.051810299999993]]}},{"type":"Feature","properties":{"name":null,"kind":"footway"},"geometry":{"type":"LineString","coordinates":[[121.59820660000001,25.052034200000005],[121.5982352,25.0518098]]}},{"type":"Feature","properties":{"name":"市民大道八段","kind":"tertiary"},"geometry":{"type":"LineString","coordinates":[[121.5981089,25.051957299999998],[121.59779430000002,25.051912799999993]]}},{"type":"Feature","properties":{"name":null,"kind":"footway"},"geometry":{"type":"LineString","coordinates":[[121.6012703,25.051930299999995],[121.60024049999998,25.052072600000002],[121.59892070000001,25.051888800000004]]}},{"type":"Feature","properties":{"name":null,"kind":"footway"},"geometry":{"type":"LineString","coordinates":[[121.60328840000001,25.0525693],[121.5956816,25.0513976]]}},{"type":"Feature","properties":{"name":null,"kind":"footway"},"geometry":{"type":"LineString","coordinates":[[121.6035919,25.0518919],[121.6034602,25.051873799999996]]}},{"type":"Feature","properties":{"name":null,"kind":"footway"},"geometry":{"type":"LineString","coordinates":[[121.60529979999998,25.0520401],[121.60534239999998,25.051760099999992]]}},{"type":"Feature","properties":{"name":null,"kind":"footway"},"geometry":{"type":"LineString","coordinates":[[121.602576,25.0521152],[121.6027289,25.0517345]]}},{"type":"Feature","properties":{"name":null,"kind":"construction"},"geometry":{"type":"LineString","coordinates":[[121.6079626,25.051740199999998],[121.6079023,25.052074500000003]]}},{"type":"Feature","properties":{"name":null,"kind":"service"},"geometry":{"type":"LineString","coordinates":[[121.6043271,25.0518525],[121.6042327,25.051998099999995]]}},{"type":"Feature","properties":{"name":null,"kind":"footway"},"geometry":{"type":"LineString","coordinates":[[121.6055753,25.052071300000005],[121.60561500000001,25.051788899999995]]}},{"type":"Feature","properties":{"name":"忠孝東路七段325巷","kind":"residential"},"geometry":{"type":"LineString","coordinates":[[121.6054358,25.051979300000006],[121.6054481,25.051882499999998]]}},{"type":"Feature","properties":{"name":"忠孝東路七段325巷","kind":"residential"},"geometry":{"type":"LineString","coordinates":[[121.6055301,25.0518933],[121.6055194,25.051988500000004]]}},{"type":"Feature","properties":{"name":null,"kind":"footway"},"geometry":{"type":"LineString","coordinates":[[121.6053233,25.052075099999996],[121.60400480000001,25.05188739999999],[121.6035919,25.0518919]]}},{"type":"Feature","properties":{"name":"生技路","kind":"construction"},"geometry":{"type":"LineString","coordinates":[[121.6079255,25.052177000000004],[121.60801740000001,25.051751699999997]]}},{"type":"Feature","properties":{"name":null,"kind":"service"},"geometry":{"type":"LineString","coordinates":[[121.6041349,25.052053999999995],[121.60349549999998,25.052036600000005]]}},{"type":"Feature","properties":{"name":null,"kind":"service"},"geometry":{"type":"LineString","coordinates":[[121.6037623,25.052007799999995],[121.6039093,25.0519364],[121.60417160000002,25.051968099999996],[121.6042362,25.0521114],[121.60414430000002,25.0521528],[121.60361780000001,25.052053599999994]]}},{"type":"Feature","properties":{"name":"忠孝東路七段","kind":"primary"},"geometry":{"type":"LineString","coordinates":[[121.60649290000002,25.052090300000007],[121.6055194,25.051988500000004]]}},{"type":"Feature","properties":{"name":null,"kind":"service"},"geometry":{"type":"LineString","coordinates":[[121.6047442,25.052049099999998],[121.6048553,25.052114099999994]]}},{"type":"Feature","properties":{"name":"忠孝東路七段325巷","kind":"residential"},"geometry":{"type":"LineString","coordinates":[[121.6054033,25.052191],[121.6054358,25.051979300000006]]}},{"type":"Feature","properties":{"name":null,"kind":"footway"},"geometry":{"type":"LineString","coordinates":[[121.60555050000002,25.052097599999996],[121.6053233,25.052075099999996]]}},{"type":"Feature","properties":{"name":"忠孝東路七段325巷","kind":"residential"},"geometry":{"type":"LineString","coordinates":[[121.6055194,25.051988500000004],[121.6054872,25.0522]]}},{"type":"Feature","properties":{"name":null,"kind":"footway"},"geometry":{"type":"LineString","coordinates":[[121.6045285,25.052257599999997],[121.60458360000001,25.051957400000003]]}},{"type":"Feature","properties":{"name":null,"kind":"footway"},"geometry":{"type":"LineString","coordinates":[[121.6019959,25.052182499999997],[121.60305610000002,25.052061200000004]]}},{"type":"Feature","properties":{"name":null,"kind":"service"},"geometry":{"type":"LineString","coordinates":[[121.6050794,25.052142500000002],[121.6048553,25.052114099999994]]}},{"type":"Feature","properties":{"name":null,"kind":"service"},"geometry":{"type":"LineString","coordinates":[[121.605206,25.052234099999996],[121.6046968,25.0522066],[121.60462530000001,25.052103799999998],[121.6047169,25.0520455],[121.6050995,25.052093599999996],[121.605206,25.052234099999996]]}},{"type":"Feature","properties":{"name":null,"kind":"service"},"geometry":{"type":"LineString","coordinates":[[121.6048553,25.052114099999994],[121.6046968,25.0522066]]}},{"type":"Feature","properties":{"name":null,"kind":"busway"},"geometry":{"type":"LineString","coordinates":[[121.60649290000002,25.052090300000007],[121.6064598,25.052262600000002]]}},{"type":"Feature","properties":{"name":"忠孝東路七段","kind":"primary"},"geometry":{"type":"LineString","coordinates":[[121.60791080000001,25.052259099999997],[121.60649290000002,25.052090300000007]]}},{"type":"Feature","properties":{"name":"忠孝東路七段265巷","kind":"residential"},"geometry":{"type":"LineString","coordinates":[[121.6033719,25.052716099999994],[121.6035808,25.0516753]]}},{"type":"Feature","properties":{"name":null,"kind":"service"},"geometry":{"type":"LineString","coordinates":[[121.6051532,25.052165799999997],[121.6050839,25.052232800000002]]}},{"type":"Feature","properties":{"name":null,"kind":"footway"},"geometry":{"type":"LineString","coordinates":[[121.6077733,25.0523184],[121.6077975,25.052064]]}},{"type":"Feature","properties":{"name":null,"kind":"busway"},"geometry":{"type":"LineString","coordinates":[[121.6056439,25.052225600000003],[121.6054872,25.0522]]}},{"type":"Feature","properties":{"name":"興中路","kind":"residential"},"geometry":{"type":"LineString","coordinates":[[121.60791080000001,25.052259099999997],[121.6079255,25.052177000000004]]}},{"type":"Feature","properties":{"name":null,"kind":"service"},"geometry":{"type":"LineString","coordinates":[[121.6053002,25.052243499999996],[121.605206,25.052234099999996]]}},{"type":"Feature","properties":{"name":"力行街12巷","kind":"service"},"geometry":{"type":"LineString","coordinates":[[121.6170884,25.050911199999998],[121.61662350000002,25.051122099999994]]}},{"type":"Feature","properties":{"name":null,"kind":"footway"},"geometry":{"type":"LineString","coordinates":[[121.614685,25.0509999],[121.6147735,25.051159400000003]]}},{"type":"Feature","properties":{"name":null,"kind":"footway"},"geometry":{"type":"LineString","coordinates":[[121.6144953,25.051164899999996],[121.6144233,25.05103469999999]]}},{"type":"Feature","properties":{"name":null,"kind":"footway"},"geometry":{"type":"LineString","coordinates":[[121.6155508,25.051336799999998],[121.61508770000002,25.051067699999997],[121.614899,25.051083399999996],[121.6147441,25.050996000000005]]}},{"type":"Feature","properties":{"name":null,"kind":"service"},"geometry":{"type":"LineString","coordinates":[[121.61648610000002,25.051007899999995],[121.61685079999998,25.051341599999994]]}},{"type":"Feature","properties":{"name":null,"kind":"footway"},"geometry":{"type":"LineString","coordinates":[[121.6144953,25.051164899999996],[121.6143225,25.0512187]]}},{"type":"Feature","properties":{"name":"橫科路","kind":"residential"},"geometry":{"type":"LineString","coordinates":[[121.6170551,25.0515786],[121.61722209999999,25.0513277],[121.6173864,25.051272900000004],[121.61772700000002,25.0513003],[121.61878920000001,25.0508134]]}},{"type":"Feature","properties":{"name":null,"kind":"footway"},"geometry":{"type":"LineString","coordinates":[[121.61648610000002,25.051007899999995],[121.6166729,25.0511848],[121.6171805,25.051458800000002]]}},{"type":"Feature","properties":{"name":null,"kind":"footway"},"geometry":{"type":"LineString","coordinates":[[121.6162148,25.0519207],[121.61591559999998,25.051381599999992],[121.6157326,25.050778799999993]]}},{"type":"Feature","properties":{"name":null,"kind":"path"},"geometry":{"type":"LineString","coordinates":[[121.6145826,25.051347099999994],[121.61492909999998,25.051382099999998]]}},{"type":"Feature","properties":{"name":"中南街166巷","kind":"residential"},"geometry":{"type":"LineString","coordinates":[[121.61518019999998,25.0513111],[121.61550390000001,25.0514623]]}},{"type":"Feature","properties":{"name":null,"kind":"residential"},"geometry":{"type":"LineString","coordinates":[[121.61685079999998,25.051341599999994],[121.6171016,25.051483499999996]]}},{"type":"Feature","properties":{"name":null,"kind":"footway"},"geometry":{"type":"LineString","coordinates":[[121.61699050000001,25.0515144],[121.6170546,25.0513939]]}},{"type":"Feature","properties":{"name":"中南街166巷2弄","kind":"residential"},"geometry":{"type":"LineString","coordinates":[[121.61500709999999,25.051705199999994],[121.61518019999998,25.0513111],[121.6150662,25.0512834]]}},{"type":"Feature","properties":{"name":null,"kind":"footway"},"geometry":{"type":"LineString","coordinates":[[121.61710060000001,25.051604400000002],[121.6171805,25.051458800000002]]}},{"type":"Feature","properties":{"name":null,"kind":"footway"},"geometry":{"type":"LineString","coordinates":[[121.6169013,25.0517249],[121.6170164,25.051554499999995]]}},{"type":"Feature","properties":{"name":"中南街134巷","kind":"residential"},"geometry":{"type":"LineString","coordinates":[[121.61494319999998,25.052166300000003],[121.6146588,25.0520098],[121.6146312,25.051568599999996],[121.6144953,25.051164899999996]]}},{"type":"Feature","properties":{"name":"橫科路73巷","kind":"residential"},"geometry":{"type":"LineString","coordinates":[[121.6194316,25.0505123],[121.6192871,25.051886],[121.61893079999999,25.0526591]]}},{"type":"Feature","properties":{"name":"南港聯絡道","kind":"motorway_link"},"geometry":{"type":"LineString","coordinates":[[121.62224030000002,25.056266399999995],[121.6212057,25.054330299999997],[121.62082629999999,25.0534377],[121.62059860000001,25.0526448],[121.62051100000001,25.0516853],[121.62058870000001,25.050757799999992],[121.62096169999998,25.049468799999996],[121.62156790000002,25.048370400000003],[121.6224508,25.047361099999996]]}},{"type":"Feature","properties":{"name":"南港聯絡道","kind":"motorway_link"},"geometry":{"type":"LineString","coordinates":[[121.6224415,25.047522499999996],[121.62165110000001,25.048402000000003],[121.6211519,25.0492407],[121.62074469999999,25.050373599999997],[121.6206,25.051393599999997],[121.6206548,25.0523852],[121.620872,25.053289399999997],[121.62131179999999,25.0543402],[121.6223302,25.0562647]]}},{"type":"Feature","properties":{"name":"中南街144巷","kind":"service"},"geometry":{"type":"LineString","coordinates":[[121.61529660000001,25.0519472],[121.61490930000001,25.051607699999998],[121.61492909999998,25.051382099999998]]}},{"type":"Feature","properties":{"name":"力行橋","kind":"residential"},"geometry":{"type":"LineString","coordinates":[[121.6170551,25.0515786],[121.61694010000001,25.05174969999999]]}},{"type":"Feature","properties":{"name":null,"kind":"footway"},"geometry":{"type":"LineString","coordinates":[[121.61698810000001,25.0517689],[121.61710060000001,25.051604400000002]]}},{"type":"Feature","properties":{"name":null,"kind":"service"},"geometry":{"type":"LineString","coordinates":[[121.6146502,25.051670300000005],[121.6145103,25.051753500000004]]}},{"type":"Feature","properties":{"name":null,"kind":"footway"},"geometry":{"type":"LineString","coordinates":[[121.61698810000001,25.0517689],[121.6169013,25.0517249]]}},{"type":"Feature","properties":{"name":null,"kind":"footway"},"geometry":{"type":"LineString","coordinates":[[121.6169013,25.0517249],[121.61682820000001,25.051803299999996],[121.61696169999999,25.0519123],[121.61704360000002,25.051806]]}},{"type":"Feature","properties":{"name":"研究院路一段101巷","kind":"residential"},"geometry":{"type":"LineString","coordinates":[[121.61694010000001,25.05174969999999],[121.61680449999999,25.051851300000003],[121.61613780000002,25.051970999999995]]}},{"type":"Feature","properties":{"name":null,"kind":"footway"},"geometry":{"type":"LineString","coordinates":[[121.6162148,25.0519207],[121.61682820000001,25.051803299999996]]}},{"type":"Feature","properties":{"name":null,"kind":"residential"},"geometry":{"type":"LineString","coordinates":[[121.6171016,25.051483499999996],[121.61849959999999,25.052341399999992]]}},{"type":"Feature","properties":{"name":null,"kind":"footway"},"geometry":{"type":"LineString","coordinates":[[121.61594289999998,25.051933099999992],[121.61616310000001,25.0519073]]}},{"type":"Feature","properties":{"name":"研究院路一段","kind":"secondary"},"geometry":{"type":"LineString","coordinates":[[121.6162247,25.053104800000003],[121.61604699999998,25.052053899999997],[121.6156459,25.051195499999995],[121.6155604,25.050781999999995]]}},{"type":"Feature","properties":{"name":null,"kind":"footway"},"geometry":{"type":"LineString","coordinates":[[121.61622930000001,25.0520053],[121.61691600000002,25.051876200000002]]}},{"type":"Feature","properties":{"name":null,"kind":"footway"},"geometry":{"type":"LineString","coordinates":[[121.6162148,25.0519207],[121.61622930000001,25.0520053]]}},{"type":"Feature","properties":{"name":null,"kind":"footway"},"geometry":{"type":"LineString","coordinates":[[121.61696169999999,25.0519123],[121.61713399999998,25.052031199999995]]}},{"type":"Feature","properties":{"name":"研究院路一段101巷","kind":"residential"},"geometry":{"type":"LineString","coordinates":[[121.61613780000002,25.051970999999995],[121.6160242,25.0519848]]}},{"type":"Feature","properties":{"name":null,"kind":"footway"},"geometry":{"type":"LineString","coordinates":[[121.61598650000002,25.052059399999994],[121.61594289999998,25.051933099999992]]}},{"type":"Feature","properties":{"name":"中南街123巷","kind":"residential"},"geometry":{"type":"LineString","coordinates":[[121.6160242,25.0519848],[121.61525010000001,25.052092500000004]]}},{"type":"Feature","properties":{"name":null,"kind":"footway"},"geometry":{"type":"LineString","coordinates":[[121.6161989,25.0520521],[121.61598650000002,25.052059399999994]]}},{"type":"Feature","properties":{"name":"中南街","kind":"residential"},"geometry":{"type":"LineString","coordinates":[[121.6152615,25.0530207],[121.61525010000001,25.052092500000004],[121.6156459,25.051195499999995]]}},{"type":"Feature","properties":{"name":"中南街134巷","kind":"residential"},"geometry":{"type":"LineString","coordinates":[[121.61525010000001,25.052092500000004],[121.61494319999998,25.052166300000003]]}},{"type":"Feature","properties":{"name":"富康街","kind":"residential"},"geometry":{"type":"LineString","coordinates":[[121.61708139999999,25.051895499999997],[121.61702710000002,25.052006399999996],[121.61713150000001,25.052824299999997]]}},{"type":"Feature","properties":{"name":null,"kind":"footway"},"geometry":{"type":"LineString","coordinates":[[121.617915,25.052460699999997],[121.61797490000001,25.0523707]]}},{"type":"Feature","properties":{"name":"富康街74巷","kind":"service"},"geometry":{"type":"LineString","coordinates":[[121.6168476,25.0524397],[121.6170906,25.0524109]]}},{"type":"Feature","properties":{"name":"富康街53巷","kind":"service"},"geometry":{"type":"LineString","coordinates":[[121.61723689999998,25.0524681],[121.6178118,25.0523897]]}},{"type":"Feature","properties":{"name":"富康街53巷","kind":"footway"},"geometry":{"type":"LineString","coordinates":[[121.617102,25.0524839],[121.61723689999998,25.0524681]]}},{"type":"Feature","properties":{"name":null,"kind":"service"},"geometry":{"type":"LineString","coordinates":[[121.61568579999998,25.052715100000004],[121.6158092,25.05233849999999]]}},{"type":"Feature","properties":{"name":"研究院路一段","kind":"secondary"},"geometry":{"type":"LineString","coordinates":[[121.61613780000002,25.051970999999995],[121.61631810000002,25.0531051]]}},{"type":"Feature","properties":{"name":null,"kind":"footway"},"geometry":{"type":"LineString","coordinates":[[121.61613429999998,25.0530357],[121.61598650000002,25.052059399999994]]}},{"type":"Feature","properties":{"name":"富康街72巷","kind":"service"},"geometry":{"type":"LineString","coordinates":[[121.6168182,25.0525727],[121.6171095,25.0525313]]}},{"type":"Feature","properties":{"name":"忠孝東路七段596巷","kind":"residential"},"geometry":{"type":"LineString","coordinates":[[121.61494319999998,25.052166300000003],[121.61497460000001,25.052993]]}},{"type":"Feature","properties":{"name":null,"kind":"footway"},"geometry":{"type":"LineString","coordinates":[[121.61698810000001,25.0517689],[121.6205238,25.053984999999994]]}},{"type":"Feature","properties":{"name":"研究院路一段101巷","kind":"residential"},"geometry":{"type":"LineString","coordinates":[[121.61708139999999,25.051895499999997],[121.62033880000001,25.053882100000003],[121.62060430000001,25.0541962],[121.62057879999999,25.054340199999995],[121.62039189999999,25.0544465]]}},{"type":"Feature","properties":{"name":"富康街49巷","kind":"service"},"geometry":{"type":"LineString","coordinates":[[121.61713150000001,25.052824299999997],[121.61785450000002,25.0526879]]}},{"type":"Feature","properties":{"name":null,"kind":"service"},"geometry":{"type":"LineString","coordinates":[[121.6152602,25.0527054],[121.6157716,25.0527661],[121.6157443,25.0530629]]}},{"type":"Feature","properties":{"name":"研究院路一段65巷","kind":"service"},"geometry":{"type":"LineString","coordinates":[[121.6163075,25.052947400000004],[121.61713150000001,25.052824299999997]]}},{"type":"Feature","properties":{"name":null,"kind":"footway"},"geometry":{"type":"LineString","coordinates":[[121.61505980000001,25.0529337],[121.61503109999998,25.053153500000004]]}},{"type":"Feature","properties":{"name":null,"kind":"service"},"geometry":{"type":"LineString","coordinates":[[121.6171761,25.0531138],[121.6179136,25.053013499999995]]}},{"type":"Feature","properties":{"name":"忠孝東路七段","kind":"primary"},"geometry":{"type":"LineString","coordinates":[[121.6162247,25.053104800000003],[121.61631810000002,25.0531051]]}},{"type":"Feature","properties":{"name":null,"kind":"footway"},"geometry":{"type":"LineString","coordinates":[[121.61638650000002,25.053302799999997],[121.6162055,25.053296499999995],[121.61613429999998,25.0530357],[121.6163551,25.052997799999996]]}},{"type":"Feature","properties":{"name":"研究院路一段","kind":"secondary"},"geometry":{"type":"LineString","coordinates":[[121.61624370000001,25.053222900000005],[121.6162247,25.053104800000003]]}},{"type":"Feature","properties":{"name":"研究院路一段","kind":"primary"},"geometry":{"type":"LineString","coordinates":[[121.61631810000002,25.0531051],[121.6163366,25.0532237]]}},{"type":"Feature","properties":{"name":"忠孝東路七段","kind":"primary"},"geometry":{"type":"LineString","coordinates":[[121.6163366,25.0532237],[121.61624370000001,25.053222900000005]]}},{"type":"Feature","properties":{"name":"市民大道八段","kind":"tertiary"},"geometry":{"type":"LineString","coordinates":[[121.5987834,25.0520491],[121.5981089,25.051957299999998]]}},{"type":"Feature","properties":{"name":null,"kind":"footway"},"geometry":{"type":"LineString","coordinates":[[121.5981514,25.052026999999995],[121.59804069999998,25.052012699999995]]}},{"type":"Feature","properties":{"name":null,"kind":"footway"},"geometry":{"type":"LineString","coordinates":[[121.5997725,25.0520661],[121.59978199999999,25.052014799999995]]}},{"type":"Feature","properties":{"name":null,"kind":"footway"},"geometry":{"type":"LineString","coordinates":[[121.6002285,25.052133899999998],[121.60024049999998,25.052072600000002]]}},{"type":"Feature","properties":{"name":null,"kind":"cycleway"},"geometry":{"type":"LineString","coordinates":[[121.5995377,25.052026999999995],[121.59950180000001,25.0522102]]}},{"type":"Feature","properties":{"name":"市民大道八段","kind":"tertiary"},"geometry":{"type":"LineString","coordinates":[[121.59985930000002,25.052211099999997],[121.5987834,25.0520491]]}},{"type":"Feature","properties":{"name":null,"kind":"cycleway"},"geometry":{"type":"LineString","coordinates":[[121.59974110000002,25.0522427],[121.5997725,25.0520661]]}},{"type":"Feature","properties":{"name":null,"kind":"footway"},"geometry":{"type":"LineString","coordinates":[[121.5989685,25.052549700000004],[121.59862450000001,25.0522146],[121.5986619,25.0518219]]}},{"type":"Feature","properties":{"name":null,"kind":"service"},"geometry":{"type":"LineString","coordinates":[[121.5978958,25.052437699999995],[121.59807660000001,25.0522646],[121.5981089,25.051957299999998]]}},{"type":"Feature","properties":{"name":"市民大道八段","kind":"tertiary"},"geometry":{"type":"LineString","coordinates":[[121.59555070000002,25.051461099999997],[121.60537000000001,25.052971000000003]]}},{"type":"Feature","properties":{"name":null,"kind":"footway"},"geometry":{"type":"LineString","coordinates":[[121.60955109999999,25.051333499999995],[121.60922970000001,25.05149189999999]]}},{"type":"Feature","properties":{"name":"忠孝東路七段466巷","kind":"path"},"geometry":{"type":"LineString","coordinates":[[121.60776860000001,25.051552699999995],[121.6081333,25.051702799999997],[121.6083443,25.051511700000002],[121.60837980000001,25.05178]]}},{"type":"Feature","properties":{"name":"忠孝東路七段478巷","kind":"service"},"geometry":{"type":"LineString","coordinates":[[121.60837980000001,25.05178],[121.6086807,25.051832199999996],[121.60922970000001,25.05149189999999]]}},{"type":"Feature","properties":{"name":"中南街134巷8弄","kind":"path"},"geometry":{"type":"LineString","coordinates":[[121.6145826,25.051347099999994],[121.6138869,25.0516979],[121.61342800000001,25.052202299999998]]}},{"type":"Feature","properties":{"name":"忠孝東路七段478巷","kind":"service"},"geometry":{"type":"LineString","coordinates":[[121.60922970000001,25.05149189999999],[121.6090781,25.05231279999999]]}},{"type":"Feature","properties":{"name":null,"kind":"footway"},"geometry":{"type":"LineString","coordinates":[[121.6080478,25.0523626],[121.60808189999999,25.0520926]]}},{"type":"Feature","properties":{"name":null,"kind":"footway"},"geometry":{"type":"LineString","coordinates":[[121.60893730000001,25.052467699999994],[121.60897719999998,25.052200200000005]]}},{"type":"Feature","properties":{"name":null,"kind":"footway"},"geometry":{"type":"LineString","coordinates":[[121.6092896,25.052237700000003],[121.6092562,25.052501899999996]]}},{"type":"Feature","properties":{"name":null,"kind":"footway"},"geometry":{"type":"LineString","coordinates":[[121.608027,25.0523915],[121.6080478,25.0523626]]}},{"type":"Feature","properties":{"name":null,"kind":"footway"},"geometry":{"type":"LineString","coordinates":[[121.6077975,25.052064],[121.61613429999998,25.0530357]]}},{"type":"Feature","properties":{"name":null,"kind":"busway"},"geometry":{"type":"LineString","coordinates":[[121.6057872,25.052250500000003],[121.6056439,25.052225600000003]]}},{"type":"Feature","properties":{"name":null,"kind":"service"},"geometry":{"type":"LineString","coordinates":[[121.60539300000002,25.0522588],[121.6053002,25.052243499999996]]}},{"type":"Feature","properties":{"name":null,"kind":"busway"},"geometry":{"type":"LineString","coordinates":[[121.6058888,25.052268199999997],[121.6057872,25.052250500000003]]}},{"type":"Feature","properties":{"name":null,"kind":"busway"},"geometry":{"type":"LineString","coordinates":[[121.6059903,25.052285799999996],[121.6058888,25.052268199999997]]}},{"type":"Feature","properties":{"name":null,"kind":"busway"},"geometry":{"type":"LineString","coordinates":[[121.60576020000002,25.052307799999994],[121.6057872,25.052250500000003]]}},{"type":"Feature","properties":{"name":null,"kind":"service"},"geometry":{"type":"LineString","coordinates":[[121.60514140000001,25.0522393],[121.6051199,25.052349599999996]]}},{"type":"Feature","properties":{"name":null,"kind":"busway"},"geometry":{"type":"LineString","coordinates":[[121.6058664,25.052320099999996],[121.6058888,25.052268199999997]]}},{"type":"Feature","properties":{"name":null,"kind":"footway"},"geometry":{"type":"LineString","coordinates":[[121.60169079999999,25.052347700000002],[121.602255,25.052272599999995]]}},{"type":"Feature","properties":{"name":null,"kind":"busway"},"geometry":{"type":"LineString","coordinates":[[121.60608640000001,25.052302500000007],[121.6059903,25.052285799999996]]}},{"type":"Feature","properties":{"name":null,"kind":"busway"},"geometry":{"type":"LineString","coordinates":[[121.6064598,25.052262600000002],[121.606392,25.0523348],[121.6062594,25.052332599999996]]}},{"type":"Feature","properties":{"name":null,"kind":"busway"},"geometry":{"type":"LineString","coordinates":[[121.606176,25.0523181],[121.60608640000001,25.052302500000007]]}},{"type":"Feature","properties":{"name":null,"kind":"busway"},"geometry":{"type":"LineString","coordinates":[[121.6059678,25.052336799999996],[121.6059903,25.052285799999996]]}},{"type":"Feature","properties":{"name":"忠孝東路七段325巷","kind":"residential"},"geometry":{"type":"LineString","coordinates":[[121.60536120000002,25.052465799999997],[121.6054033,25.052191]]}},{"type":"Feature","properties":{"name":null,"kind":"busway"},"geometry":{"type":"LineString","coordinates":[[121.6062594,25.052332599999996],[121.606176,25.0523181]]}},{"type":"Feature","properties":{"name":null,"kind":"busway"},"geometry":{"type":"LineString","coordinates":[[121.6060632,25.0523506],[121.60608640000001,25.052302500000007]]}},{"type":"Feature","properties":{"name":"忠孝東路七段325巷","kind":"residential"},"geometry":{"type":"LineString","coordinates":[[121.6054872,25.0522],[121.605445,25.0524778]]}},{"type":"Feature","properties":{"name":null,"kind":"busway"},"geometry":{"type":"LineString","coordinates":[[121.60615659999999,25.052366500000005],[121.606176,25.0523181]]}},{"type":"Feature","properties":{"name":null,"kind":"busway"},"geometry":{"type":"LineString","coordinates":[[121.6062485,25.05237999999999],[121.6062594,25.052332599999996]]}},{"type":"Feature","properties":{"name":null,"kind":"footway"},"geometry":{"type":"LineString","coordinates":[[121.60772210000002,25.0526852],[121.6077733,25.0523184],[121.60555050000002,25.052097599999996]]}},{"type":"Feature","properties":{"name":null,"kind":"footway"},"geometry":{"type":"LineString","coordinates":[[121.6035919,25.0518919],[121.6034976,25.0526302],[121.60522680000001,25.0528593]]}},{"type":"Feature","properties":{"name":null,"kind":"footway"},"geometry":{"type":"LineString","coordinates":[[121.60778129999998,25.052365199999997],[121.608027,25.0523915]]}},{"type":"Feature","properties":{"name":null,"kind":"construction"},"geometry":{"type":"LineString","coordinates":[[121.6030353,25.0528799],[121.603329,25.0519749],[121.60318550000001,25.0519201]]}},{"type":"Feature","properties":{"name":"市民大道八段","kind":"tertiary"},"geometry":{"type":"LineString","coordinates":[[121.60322890000002,25.0526955],[121.59985930000002,25.052211099999997]]}},{"type":"Feature","properties":{"name":null,"kind":"footway"},"geometry":{"type":"LineString","coordinates":[[121.60522680000001,25.0528593],[121.6053233,25.052075099999996]]}},{"type":"Feature","properties":{"name":null,"kind":"construction"},"geometry":{"type":"LineString","coordinates":[[121.6031721,25.052458600000005],[121.60350970000002,25.052508099999997]]}},{"type":"Feature","properties":{"name":null,"kind":"footway"},"geometry":{"type":"LineString","coordinates":[[121.60421420000002,25.0527391],[121.6042996,25.0522944],[121.60441499999999,25.052241799999997],[121.6047719,25.0522914]]}},{"type":"Feature","properties":{"name":null,"kind":"footway"},"geometry":{"type":"LineString","coordinates":[[121.60544440000001,25.0528898],[121.60555050000002,25.052097599999996]]}},{"type":"Feature","properties":{"name":null,"kind":"steps"},"geometry":{"type":"LineString","coordinates":[[121.6072959,25.052605199999995],[121.6066276,25.0524628]]}},{"type":"Feature","properties":{"name":"忠孝東路七段325巷","kind":"residential"},"geometry":{"type":"LineString","coordinates":[[121.6053289,25.052676499999997],[121.60536120000002,25.052465799999997]]}},{"type":"Feature","properties":{"name":null,"kind":"footway"},"geometry":{"type":"LineString","coordinates":[[121.60328840000001,25.0525693],[121.60346810000001,25.0525932]]}},{"type":"Feature","properties":{"name":null,"kind":"cycleway"},"geometry":{"type":"LineString","coordinates":[[121.5995535,25.052256699999997],[121.59970670000001,25.052258399999996]]}},{"type":"Feature","properties":{"name":null,"kind":"footway"},"geometry":{"type":"LineString","coordinates":[[121.59867540000002,25.052279599999995],[121.5986046,25.052331799999997]]}},{"type":"Feature","properties":{"name":null,"kind":"footway"},"geometry":{"type":"LineString","coordinates":[[121.599573,25.052602],[121.5995175,25.052213299999995],[121.5981514,25.052026999999995]]}},{"type":"Feature","properties":{"name":null,"kind":"footway"},"geometry":{"type":"LineString","coordinates":[[121.59887779999998,25.0525116],[121.5988971,25.052493200000004]]}},{"type":"Feature","properties":{"name":null,"kind":"service"},"geometry":{"type":"LineString","coordinates":[[121.599643,25.0526482],[121.59952330000002,25.052652],[121.5992303,25.0529254],[121.5991305,25.052911],[121.59887690000001,25.052277399999998],[121.59809379999999,25.052149400000005]]}},{"type":"Feature","properties":{"name":null,"kind":"footway"},"geometry":{"type":"LineString","coordinates":[[121.59932770000002,25.052540199999992],[121.5995691,25.052533799999996]]}},{"type":"Feature","properties":{"name":null,"kind":"footway"},"geometry":{"type":"LineString","coordinates":[[121.5988473,25.05257260000001],[121.5989162,25.052507000000002]]}},{"type":"Feature","properties":{"name":null,"kind":"steps"},"geometry":{"type":"LineString","coordinates":[[121.59908290000001,25.0525467],[121.59932770000002,25.052540199999992]]}},{"type":"Feature","properties":{"name":null,"kind":"footway"},"geometry":{"type":"LineString","coordinates":[[121.5989685,25.052549700000004],[121.59908290000001,25.0525467]]}},{"type":"Feature","properties":{"name":null,"kind":"service"},"geometry":{"type":"LineString","coordinates":[[121.5967843,25.0530991],[121.59736620000001,25.052629399999997],[121.59687800000002,25.052051099999993],[121.59664740000001,25.0520997],[121.5958749,25.052765499999996]]}},{"type":"Feature","properties":{"name":"忠孝東路七段325巷","kind":"residential"},"geometry":{"type":"LineString","coordinates":[[121.605445,25.0524778],[121.6054129,25.052688899999996]]}},{"type":"Feature","properties":{"name":null,"kind":"steps"},"geometry":{"type":"LineString","coordinates":[[121.6073059,25.052571099999998],[121.6075366,25.0525575]]}},{"type":"Feature","properties":{"name":null,"kind":"steps"},"geometry":{"type":"LineString","coordinates":[[121.6067709,25.0526201],[121.6073059,25.052571099999998]]}},{"type":"Feature","properties":{"name":null,"kind":"footway"},"geometry":{"type":"LineString","coordinates":[[121.6041839,25.052612300000003],[121.60457670000001,25.0526719]]}},{"type":"Feature","properties":{"name":null,"kind":"footway"},"geometry":{"type":"LineString","coordinates":[[121.6065068,25.053078499999998],[121.6066809,25.052191399999998]]}},{"type":"Feature","properties":{"name":null,"kind":"steps"},"geometry":{"type":"LineString","coordinates":[[121.60772210000002,25.0526852],[121.6072959,25.052605199999995]]}},{"type":"Feature","properties":{"name":null,"kind":"cycleway"},"geometry":{"type":"LineString","coordinates":[[121.6031328,25.0527696],[121.60325260000002,25.052564099999998]]}},{"type":"Feature","properties":{"name":"市民大道八段","kind":"tertiary"},"geometry":{"type":"LineString","coordinates":[[121.6033719,25.052716099999994],[121.60322890000002,25.0526955]]}},{"type":"Feature","properties":{"name":null,"kind":"cycleway"},"geometry":{"type":"LineString","coordinates":[[121.6034976,25.0526302],[121.6034703,25.0527815]]}},{"type":"Feature","properties":{"name":null,"kind":"cycleway"},"geometry":{"type":"LineString","coordinates":[[121.6033624,25.052814199999993],[121.60314140000001,25.052816499999988]]}},{"type":"Feature","properties":{"name":null,"kind":"footway"},"geometry":{"type":"LineString","coordinates":[[121.59958010000001,25.0527319],[121.599573,25.052602]]}},{"type":"Feature","properties":{"name":null,"kind":"construction"},"geometry":{"type":"LineString","coordinates":[[121.5989685,25.052549700000004],[121.59954830000001,25.052814699999992],[121.5998068,25.052851399999994]]}},{"type":"Feature","properties":{"name":null,"kind":"service"},"geometry":{"type":"LineString","coordinates":[[121.5958749,25.052765499999996],[121.59525880000001,25.052693799999997]]}},{"type":"Feature","properties":{"name":null,"kind":"service"},"geometry":{"type":"LineString","coordinates":[[121.59952330000002,25.052652],[121.5992359,25.052851100000005]]}},{"type":"Feature","properties":{"name":null,"kind":"residential"},"geometry":{"type":"LineString","coordinates":[[121.59964070000001,25.052098599999997],[121.5996915,25.053457299999998]]}},{"type":"Feature","properties":{"name":null,"kind":"footway"},"geometry":{"type":"LineString","coordinates":[[121.5996007,25.053400499999995],[121.59958010000001,25.0527319]]}},{"type":"Feature","properties":{"name":null,"kind":"service"},"geometry":{"type":"LineString","coordinates":[[121.5959554,25.0534847],[121.5962182,25.053295199999997],[121.5958749,25.052765499999996]]}},{"type":"Feature","properties":{"name":null,"kind":"service"},"geometry":{"type":"LineString","coordinates":[[121.5980051,25.053377599999997],[121.5977608,25.0531425],[121.5976591,25.053207299999993]]}},{"type":"Feature","properties":{"name":null,"kind":"cycleway"},"geometry":{"type":"LineString","coordinates":[[121.5997474,25.0532718],[121.5996156,25.0533467]]}},{"type":"Feature","properties":{"name":null,"kind":"service"},"geometry":{"type":"LineString","coordinates":[[121.5979247,25.0534138],[121.5980051,25.053377599999997]]}},{"type":"Feature","properties":{"name":"忠孝東路七段","kind":"primary"},"geometry":{"type":"LineString","coordinates":[[121.6079255,25.052177000000004],[121.6162247,25.053104800000003]]}},{"type":"Feature","properties":{"name":null,"kind":"service"},"geometry":{"type":"LineString","coordinates":[[121.6078321,25.052697299999995],[121.60851300000002,25.0527993]]}},{"type":"Feature","properties":{"name":"忠孝東路七段","kind":"primary"},"geometry":{"type":"LineString","coordinates":[[121.61624370000001,25.053222900000005],[121.60791080000001,25.052259099999997]]}},{"type":"Feature","properties":{"name":null,"kind":"footway"},"geometry":{"type":"LineString","coordinates":[[121.6125758,25.05263619999999],[121.61254680000002,25.052871199999995]]}},{"type":"Feature","properties":{"name":null,"kind":"footway"},"geometry":{"type":"LineString","coordinates":[[121.61268780000002,25.0528891],[121.61271660000001,25.0526543]]}},{"type":"Feature","properties":{"name":null,"kind":"footway"},"geometry":{"type":"LineString","coordinates":[[121.6080478,25.0523626],[121.61618880000002,25.053260400000003]]}},{"type":"Feature","properties":{"name":null,"kind":"footway"},"geometry":{"type":"LineString","coordinates":[[121.6141779,25.0528164],[121.6141275,25.0530487]]}},{"type":"Feature","properties":{"name":null,"kind":"footway"},"geometry":{"type":"LineString","coordinates":[[121.60783740000001,25.053315199999997],[121.6087814,25.053454499999997],[121.608956,25.052469900000002]]}},{"type":"Feature","properties":{"name":null,"kind":"footway"},"geometry":{"type":"LineString","coordinates":[[121.6089211,25.053477299999997],[121.60910770000001,25.0524867]]}},{"type":"Feature","properties":{"name":"忠孝東路七段527巷","kind":"service"},"geometry":{"type":"LineString","coordinates":[[121.61262190000001,25.052724399999995],[121.6125455,25.05331249999999]]}},{"type":"Feature","properties":{"name":"興中路","kind":"residential"},"geometry":{"type":"LineString","coordinates":[[121.60771640000002,25.053336600000005],[121.60791080000001,25.052259099999997]]}},{"type":"Feature","properties":{"name":"忠孝東路七段325巷","kind":"residential"},"geometry":{"type":"LineString","coordinates":[[121.60528570000001,25.0529585],[121.6053289,25.052676499999997]]}},{"type":"Feature","properties":{"name":"忠孝東路七段325巷","kind":"residential"},"geometry":{"type":"LineString","coordinates":[[121.6054129,25.052688899999996],[121.60537000000001,25.052971000000003]]}},{"type":"Feature","properties":{"name":null,"kind":"footway"},"geometry":{"type":"LineString","coordinates":[[121.6025749,25.0534629],[121.60120449999998,25.0532534],[121.60045980000001,25.053228099999995],[121.59979849999999,25.053304500000003],[121.5997227,25.0532202],[121.59969,25.052283499999998],[121.59974110000002,25.0522427],[121.6031328,25.0527696],[121.6025749,25.0534629]]}},{"type":"Feature","properties":{"name":"市民大道八段","kind":"tertiary"},"geometry":{"type":"LineString","coordinates":[[121.60536249999998,25.0530174],[121.6033719,25.052716099999994]]}},{"type":"Feature","properties":{"name":null,"kind":"pedestrian"},"geometry":{"type":"LineString","coordinates":[[121.60760990000001,25.052826699999997],[121.6080325,25.052880800000004]]}},{"type":"Feature","properties":{"name":null,"kind":"footway"},"geometry":{"type":"LineString","coordinates":[[121.608027,25.0523915],[121.60783740000001,25.053315199999997]]}},{"type":"Feature","properties":{"name":null,"kind":"footway"},"geometry":{"type":"LineString","coordinates":[[121.60544440000001,25.0528898],[121.60522680000001,25.0528593]]}},{"type":"Feature","properties":{"name":null,"kind":"footway"},"geometry":{"type":"LineString","coordinates":[[121.6051798,25.052885899999996],[121.60514709999998,25.053055000000004]]}},{"type":"Feature","properties":{"name":null,"kind":"footway"},"geometry":{"type":"LineString","coordinates":[[121.60544440000001,25.0528898],[121.6075893,25.053250099999996],[121.60772210000002,25.0526852]]}},{"type":"Feature","properties":{"name":null,"kind":"footway"},"geometry":{"type":"LineString","coordinates":[[121.58883899999998,25.051517],[121.5890925,25.051398699999996],[121.58921630000002,25.051434700000005]]}},{"type":"Feature","properties":{"name":null,"kind":"tertiary"},"geometry":{"type":"LineString","coordinates":[[121.59064230000001,25.052161499999997],[121.5909545,25.050775900000005]]}},{"type":"Feature","properties":{"name":null,"kind":"path"},"geometry":{"type":"LineString","coordinates":[[121.5903691,25.05150039999999],[121.5903977,25.051491099999993]]}},{"type":"Feature","properties":{"name":null,"kind":"path"},"geometry":{"type":"LineString","coordinates":[[121.59034410000001,25.051507699999995],[121.5903691,25.05150039999999]]}},{"type":"Feature","properties":{"name":null,"kind":"footway"},"geometry":{"type":"LineString","coordinates":[[121.59024189999998,25.051601499999997],[121.58914910000001,25.051426999999997],[121.5891424,25.0514814]]}},{"type":"Feature","properties":{"name":null,"kind":"path"},"geometry":{"type":"LineString","coordinates":[[121.59017550000002,25.0515898],[121.59018489999998,25.0515199],[121.59034410000001,25.051507699999995]]}},{"type":"Feature","properties":{"name":null,"kind":"path"},"geometry":{"type":"LineString","coordinates":[[121.58949960000001,25.051480199999997],[121.5891152,25.051649799999996]]}},{"type":"Feature","properties":{"name":"商辦汽車停車場車道","kind":"construction"},"geometry":{"type":"LineString","coordinates":[[121.5881121,25.0515931],[121.58783380000001,25.0515494]]}},{"type":"Feature","properties":{"name":null,"kind":"footway"},"geometry":{"type":"LineString","coordinates":[[121.59002160000001,25.0516112],[121.59003330000002,25.051566300000005]]}},{"type":"Feature","properties":{"name":null,"kind":"path"},"geometry":{"type":"LineString","coordinates":[[121.5890774,25.051637400000004],[121.5889492,25.051725899999997]]}},{"type":"Feature","properties":{"name":null,"kind":"construction"},"geometry":{"type":"LineString","coordinates":[[121.5866903,25.050871299999994],[121.5865346,25.051531499999996]]}},{"type":"Feature","properties":{"name":"住宅機車停車場車道","kind":"construction"},"geometry":{"type":"LineString","coordinates":[[121.58627879999999,25.051236499999998],[121.5865925,25.0512859]]}},{"type":"Feature","properties":{"name":null,"kind":"construction"},"geometry":{"type":"LineString","coordinates":[[121.5876836,25.0513352],[121.5867554,25.051189099999995]]}},{"type":"Feature","properties":{"name":null,"kind":"construction"},"geometry":{"type":"LineString","coordinates":[[121.5861079,25.051465],[121.58617439999999,25.051114200000004]]}},{"type":"Feature","properties":{"name":null,"kind":"construction"},"geometry":{"type":"LineString","coordinates":[[121.58544419999998,25.0515882],[121.5855409,25.051078100000005]]}},{"type":"Feature","properties":{"name":null,"kind":"construction"},"geometry":{"type":"LineString","coordinates":[[121.5874652,25.051300799999993],[121.58738559999999,25.0516651]]}},{"type":"Feature","properties":{"name":null,"kind":"construction"},"geometry":{"type":"LineString","coordinates":[[121.5860662,25.051685199999998],[121.5861079,25.051465]]}},{"type":"Feature","properties":{"name":null,"kind":"construction"},"geometry":{"type":"LineString","coordinates":[[121.5865346,25.051531499999996],[121.5864832,25.051749599999997]]}},{"type":"Feature","properties":{"name":null,"kind":"construction"},"geometry":{"type":"LineString","coordinates":[[121.58738559999999,25.0516651],[121.58734600000001,25.0518731]]}},{"type":"Feature","properties":{"name":"南港路三段149巷","kind":"residential"},"geometry":{"type":"LineString","coordinates":[[121.5843327,25.052302500000003],[121.5846816,25.051468500000002],[121.5870589,25.051838499999995]]}},{"type":"Feature","properties":{"name":null,"kind":"service"},"geometry":{"type":"LineString","coordinates":[[121.5922861,25.0515505],[121.5923694,25.051390799999997]]}},{"type":"Feature","properties":{"name":"向陽路","kind":"secondary"},"geometry":{"type":"LineString","coordinates":[[121.5954318,25.051492],[121.5954456,25.051440799999998]]}},{"type":"Feature","properties":{"name":"市民大道七段355巷","kind":"service"},"geometry":{"type":"LineString","coordinates":[[121.59332960000002,25.051674999999996],[121.5934615,25.051297599999998],[121.5936749,25.051346799999997]]}},{"type":"Feature","properties":{"name":"昆陽街59巷2弄","kind":"service"},"geometry":{"type":"LineString","coordinates":[[121.5936749,25.051346799999997],[121.59401040000002,25.051409500000002],[121.59391480000001,25.051685300000003]]}},{"type":"Feature","properties":{"name":null,"kind":"service"},"geometry":{"type":"LineString","coordinates":[[121.59252980000001,25.051694200000004],[121.59267250000002,25.051407800000003]]}},{"type":"Feature","properties":{"name":null,"kind":"footway"},"geometry":{"type":"LineString","coordinates":[[121.591037,25.0507897],[121.5907292,25.052080499999988],[121.5921468,25.0523521]]}},{"type":"Feature","properties":{"name":null,"kind":"steps"},"geometry":{"type":"LineString","coordinates":[[121.5948517,25.051626699999996],[121.5948873,25.0515163],[121.59482020000002,25.051506099999997]]}},{"type":"Feature","properties":{"name":null,"kind":"steps"},"geometry":{"type":"LineString","coordinates":[[121.5949875,25.051620299999996],[121.59504670000001,25.0515404],[121.59502270000002,25.0516268]]}},{"type":"Feature","properties":{"name":null,"kind":"service"},"geometry":{"type":"LineString","coordinates":[[121.59264200000001,25.051763700000002],[121.59282869999998,25.05143359999999]]}},{"type":"Feature","properties":{"name":null,"kind":"service"},"geometry":{"type":"LineString","coordinates":[[121.5927528,25.051832400000002],[121.59296750000001,25.0514564]]}},{"type":"Feature","properties":{"name":null,"kind":"steps"},"geometry":{"type":"LineString","coordinates":[[121.58993060000002,25.0516745],[121.59000639999998,25.051683000000004]]}},{"type":"Feature","properties":{"name":null,"kind":"footway"},"geometry":{"type":"LineString","coordinates":[[121.58980919999999,25.051692699999997],[121.58979059999999,25.0516775]]}},{"type":"Feature","properties":{"name":null,"kind":"footway"},"geometry":{"type":"LineString","coordinates":[[121.5901678,25.051681100000003],[121.59014250000001,25.051695799999997]]}},{"type":"Feature","properties":{"name":null,"kind":"footway"},"geometry":{"type":"LineString","coordinates":[[121.58882480000001,25.0515888],[121.58945600000001,25.051804999999998],[121.5899368,25.0516168],[121.5902362,25.0517072],[121.59066720000001,25.051699400000004]]}},{"type":"Feature","properties":{"name":null,"kind":"footway"},"geometry":{"type":"LineString","coordinates":[[121.58899579999999,25.051778899999995],[121.58881390000002,25.051643899999995]]}},{"type":"Feature","properties":{"name":null,"kind":"footway"},"geometry":{"type":"LineString","coordinates":[[121.5897536,25.051723099999997],[121.5897235,25.051703]]}},{"type":"Feature","properties":{"name":null,"kind":"footway"},"geometry":{"type":"LineString","coordinates":[[121.58990319999998,25.051639899999994],[121.5899192,25.0516952],[121.5896919,25.051792400000004],[121.58956260000001,25.0517668]]}},{"type":"Feature","properties":{"name":null,"kind":"footway"},"geometry":{"type":"LineString","coordinates":[[121.5898233,25.051732900000005],[121.5898105,25.051724299999993]]}},{"type":"Feature","properties":{"name":null,"kind":"footway"},"geometry":{"type":"LineString","coordinates":[[121.5902362,25.0517072],[121.5901726,25.0517486]]}},{"type":"Feature","properties":{"name":null,"kind":"footway"},"geometry":{"type":"LineString","coordinates":[[121.59020250000002,25.051766399999995],[121.59008610000001,25.0516763],[121.58992790000002,25.051783300000004]]}},{"type":"Feature","properties":{"name":null,"kind":"steps"},"geometry":{"type":"LineString","coordinates":[[121.5898233,25.051732900000005],[121.5898883,25.0517351]]}},{"type":"Feature","properties":{"name":null,"kind":"steps"},"geometry":{"type":"LineString","coordinates":[[121.58993529999998,25.051737099999997],[121.5898883,25.0517351]]}},{"type":"Feature","properties":{"name":"商辦機車停車場車道","kind":"construction"},"geometry":{"type":"LineString","coordinates":[[121.58812369999998,25.051549299999998],[121.58827639999998,25.051701600000005],[121.58820859999999,25.0519434]]}},{"type":"Feature","properties":{"name":null,"kind":"footway"},"geometry":{"type":"LineString","coordinates":[[121.58969720000002,25.051768099999993],[121.5896458,25.0517169]]}},{"type":"Feature","properties":{"name":null,"kind":"footway"},"geometry":{"type":"LineString","coordinates":[[121.5905996,25.051751999999997],[121.59065400000001,25.051759199999996]]}},{"type":"Feature","properties":{"name":"商辦機車停車場車道","kind":"construction"},"geometry":{"type":"LineString","coordinates":[[121.5880957,25.051630800000005],[121.58818180000002,25.0517093],[121.58812640000001,25.0519018]]}},{"type":"Feature","properties":{"name":null,"kind":"footway"},"geometry":{"type":"LineString","coordinates":[[121.5899312,25.0517541],[121.5897562,25.051751099999997]]}},{"type":"Feature","properties":{"name":"商辦汽車停車場車道","kind":"construction"},"geometry":{"type":"LineString","coordinates":[[121.58820859999999,25.0519434],[121.58821870000001,25.0516736],[121.5881121,25.0515931]]}},{"type":"Feature","properties":{"name":null,"kind":"steps"},"geometry":{"type":"LineString","coordinates":[[121.5905996,25.051751999999997],[121.5902882,25.051789600000003]]}},{"type":"Feature","properties":{"name":null,"kind":"steps"},"geometry":{"type":"LineString","coordinates":[[121.59020250000002,25.051766399999995],[121.5902882,25.051789600000003]]}},{"type":"Feature","properties":{"name":null,"kind":"service"},"geometry":{"type":"LineString","coordinates":[[121.5928923,25.051919899999994],[121.59312030000001,25.051489899999996],[121.5925384,25.051381100000004],[121.5924117,25.051620999999997]]}},{"type":"Feature","properties":{"name":null,"kind":"service"},"geometry":{"type":"LineString","coordinates":[[121.5946544,25.051590700000002],[121.5953725,25.0517322]]}},{"type":"Feature","properties":{"name":null,"kind":"footway"},"geometry":{"type":"LineString","coordinates":[[121.592061,25.051696000000003],[121.5921723,25.051657499999997]]}},{"type":"Feature","properties":{"name":null,"kind":"service"},"geometry":{"type":"LineString","coordinates":[[121.5928923,25.051919899999994],[121.5922018,25.051523799999995]]}},{"type":"Feature","properties":{"name":null,"kind":"service"},"geometry":{"type":"LineString","coordinates":[[121.5929406,25.0521823],[121.59263480000001,25.051915],[121.5921723,25.051657499999997],[121.5922219,25.0514054]]}},{"type":"Feature","properties":{"name":null,"kind":"footway"},"geometry":{"type":"LineString","coordinates":[[121.594531,25.051927299999992],[121.5951362,25.052050599999998]]}},{"type":"Feature","properties":{"name":null,"kind":"service"},"geometry":{"type":"LineString","coordinates":[[121.5928923,25.051919899999994],[121.5929406,25.0521823]]}},{"type":"Feature","properties":{"name":"向陽路","kind":"secondary"},"geometry":{"type":"LineString","coordinates":[[121.59514470000002,25.0526722],[121.5954318,25.051492]]}},{"type":"Feature","properties":{"name":"向陽路","kind":"secondary"},"geometry":{"type":"LineString","coordinates":[[121.59553810000001,25.051517600000004],[121.59525880000001,25.052693799999997]]}},{"type":"Feature","properties":{"name":"昆陽街59巷2弄","kind":"service"},"geometry":{"type":"LineString","coordinates":[[121.5930619,25.052477500000002],[121.59355140000001,25.052651100000002],[121.59391480000001,25.051685300000003]]}},{"type":"Feature","properties":{"name":null,"kind":"footway"},"geometry":{"type":"LineString","coordinates":[[121.5899312,25.0517541],[121.5900989,25.051726799999997],[121.59021090000002,25.051859799999995],[121.5902882,25.051789600000003]]}},{"type":"Feature","properties":{"name":null,"kind":"footway"},"geometry":{"type":"LineString","coordinates":[[121.58992790000002,25.051783300000004],[121.5896919,25.051792400000004]]}},{"type":"Feature","properties":{"name":null,"kind":"footway"},"geometry":{"type":"LineString","coordinates":[[121.58959529999998,25.051827000000003],[121.589596,25.051793]]}},{"type":"Feature","properties":{"name":null,"kind":"footway"},"geometry":{"type":"LineString","coordinates":[[121.58992790000002,25.051783300000004],[121.58988120000001,25.051857699999992]]}},{"type":"Feature","properties":{"name":null,"kind":"footway"},"geometry":{"type":"LineString","coordinates":[[121.59061030000001,25.051956900000004],[121.5902177,25.0519202],[121.59006549999998,25.0518328],[121.5887895,25.0517671]]}},{"type":"Feature","properties":{"name":null,"kind":"footway"},"geometry":{"type":"LineString","coordinates":[[121.58974380000001,25.051857099999996],[121.5897253,25.051939299999997]]}},{"type":"Feature","properties":{"name":null,"kind":"footway"},"geometry":{"type":"LineString","coordinates":[[121.58876930000001,25.051869100000005],[121.59056050000001,25.052068000000002]]}},{"type":"Feature","properties":{"name":null,"kind":"footway"},"geometry":{"type":"LineString","coordinates":[[121.5905916,25.0520447],[121.5907363,25.052053200000003]]}},{"type":"Feature","properties":{"name":null,"kind":"footway"},"geometry":{"type":"LineString","coordinates":[[121.5907292,25.052080499999988],[121.5906934,25.052238900000003],[121.5905311,25.052210799999997],[121.59056050000001,25.052068000000002]]}},{"type":"Feature","properties":{"name":"昆陽街60巷","kind":"residential"},"geometry":{"type":"LineString","coordinates":[[121.58862889999999,25.0519646],[121.5897923,25.052027500000005],[121.5929678,25.052578199999996]]}},{"type":"Feature","properties":{"name":"南港路三段67巷","kind":"residential"},"geometry":{"type":"LineString","coordinates":[[121.58838080000001,25.0530181],[121.58862889999999,25.0519646]]}},{"type":"Feature","properties":{"name":null,"kind":"service"},"geometry":{"type":"LineString","coordinates":[[121.58992980000001,25.0527919],[121.58974620000001,25.0527661],[121.58985659999999,25.0522138]]}},{"type":"Feature","properties":{"name":null,"kind":"service"},"geometry":{"type":"LineString","coordinates":[[121.5884877,25.052604800000005],[121.58886319999999,25.052657900000003]]}},{"type":"Feature","properties":{"name":null,"kind":"service"},"geometry":{"type":"LineString","coordinates":[[121.5897983,25.053349799999992],[121.589977,25.0522753],[121.58936940000001,25.052101599999993]]}},{"type":"Feature","properties":{"name":"南港路三段47巷","kind":"residential"},"geometry":{"type":"LineString","coordinates":[[121.5901738,25.0534993],[121.59049949999999,25.0527376],[121.59064230000001,25.052161499999997]]}},{"type":"Feature","properties":{"name":null,"kind":"footway"},"geometry":{"type":"LineString","coordinates":[[121.588528,25.052951900000004],[121.58843660000001,25.053111500000004],[121.58829289999998,25.053097299999997],[121.58831299999999,25.052930600000003],[121.588528,25.052951900000004]]}},{"type":"Feature","properties":{"name":null,"kind":"footway"},"geometry":{"type":"LineString","coordinates":[[121.58974790000002,25.0532345],[121.5898127,25.053253499999997]]}},{"type":"Feature","properties":{"name":null,"kind":"footway"},"geometry":{"type":"LineString","coordinates":[[121.5896851,25.053420499999998],[121.58974790000002,25.0532345]]}},{"type":"Feature","properties":{"name":"南港路三段130巷1弄","kind":"service"},"geometry":{"type":"LineString","coordinates":[[121.5879732,25.05338209999999],[121.5882485,25.053415599999994]]}},{"type":"Feature","properties":{"name":null,"kind":"footway"},"geometry":{"type":"LineString","coordinates":[[121.5899204,25.053325099999995],[121.5898414,25.053475]]}},{"type":"Feature","properties":{"name":"南港路三段109巷","kind":"residential"},"geometry":{"type":"LineString","coordinates":[[121.5870589,25.051838499999995],[121.58862889999999,25.0519646]]}},{"type":"Feature","properties":{"name":null,"kind":"service"},"geometry":{"type":"LineString","coordinates":[[121.5870589,25.051838499999995],[121.5870506,25.0520566]]}},{"type":"Feature","properties":{"name":"南港路三段149巷49弄","kind":"service"},"geometry":{"type":"LineString","coordinates":[[121.584931,25.052215600000004],[121.58516900000001,25.0522875],[121.5856768,25.052244799999997],[121.5857823,25.051641299999996]]}},{"type":"Feature","properties":{"name":null,"kind":"service"},"geometry":{"type":"LineString","coordinates":[[121.5877983,25.05221149999999],[121.58744499999999,25.052688399999997],[121.58743830000002,25.053000099999995]]}},{"type":"Feature","properties":{"name":null,"kind":"service"},"geometry":{"type":"LineString","coordinates":[[121.58594009999999,25.052405300000004],[121.58575830000001,25.052870599999995]]}},{"type":"Feature","properties":{"name":null,"kind":"service"},"geometry":{"type":"LineString","coordinates":[[121.58621630000002,25.052781899999996],[121.5865136,25.052806800000003]]}},{"type":"Feature","properties":{"name":null,"kind":"service"},"geometry":{"type":"LineString","coordinates":[[121.58615210000002,25.0529763],[121.58621630000002,25.052781899999996]]}},{"type":"Feature","properties":{"name":"南港路三段","kind":"secondary"},"geometry":{"type":"LineString","coordinates":[[121.58271150000002,25.0515929],[121.5859228,25.052929800000005],[121.5864323,25.053038300000004],[121.5883031,25.053012099999993],[121.58917070000001,25.053152999999995],[121.59107670000002,25.0538498],[121.5922991,25.054203299999994]]}},{"type":"Feature","properties":{"name":"南港路三段256巷","kind":"service"},"geometry":{"type":"LineString","coordinates":[[121.58475650000001,25.0528173],[121.58521,25.053010200000003]]}},{"type":"Feature","properties":{"name":"南港路三段220巷","kind":"service"},"geometry":{"type":"LineString","coordinates":[[121.5859228,25.052929800000005],[121.58586830000002,25.0530735],[121.58521,25.053010200000003]]}},{"type":"Feature","properties":{"name":"基隆河左岸自行車道","kind":"cycleway"},"geometry":{"type":"LineString","coordinates":[[121.582576,25.052850599999996],[121.58290769999999,25.05293]]}},{"type":"Feature","properties":{"name":null,"kind":"footway"},"geometry":{"type":"LineString","coordinates":[[121.58303600000002,25.052901999999996],[121.5830368,25.0528992]]}},{"type":"Feature","properties":{"name":"南港路三段256巷","kind":"residential"},"geometry":{"type":"LineString","coordinates":[[121.5845952,25.0532933],[121.5848635,25.0525349]]}},{"type":"Feature","properties":{"name":null,"kind":"steps"},"geometry":{"type":"LineString","coordinates":[[121.58303600000002,25.052901999999996],[121.58298159999998,25.0528882],[121.58299479999998,25.0529542]]}},{"type":"Feature","properties":{"name":null,"kind":"footway"},"geometry":{"type":"LineString","coordinates":[[121.5831396,25.0529337],[121.5831416,25.0529284]]}},{"type":"Feature","properties":{"name":null,"kind":"footway"},"geometry":{"type":"LineString","coordinates":[[121.58327610000002,25.052967699999993],[121.58329380000002,25.052915600000002]]}},{"type":"Feature","properties":{"name":"基隆河左岸自行車道","kind":"cycleway"},"geometry":{"type":"LineString","coordinates":[[121.58290769999999,25.05293],[121.5831657,25.0529889]]}},{"type":"Feature","properties":{"name":null,"kind":"steps"},"geometry":{"type":"LineString","coordinates":[[121.5831396,25.0529337],[121.58319370000001,25.052948199999996],[121.5831517,25.0529908]]}},{"type":"Feature","properties":{"name":"基隆河左岸自行車道","kind":"cycleway"},"geometry":{"type":"LineString","coordinates":[[121.5831657,25.0529889],[121.5832629,25.0530315]]}},{"type":"Feature","properties":{"name":null,"kind":"footway"},"geometry":{"type":"LineString","coordinates":[[121.58348050000001,25.053059800000003],[121.58348820000002,25.0530413]]}},{"type":"Feature","properties":{"name":null,"kind":"service"},"geometry":{"type":"LineString","coordinates":[[121.5929406,25.0521823],[121.59312630000001,25.0524258]]}},{"type":"Feature","properties":{"name":"東側車道","kind":"service"},"geometry":{"type":"LineString","coordinates":[[121.5948992,25.052722499999998],[121.59506950000001,25.052037299999995]]}},{"type":"Feature","properties":{"name":"東側車道","kind":"service"},"geometry":{"type":"LineString","coordinates":[[121.59518050000001,25.052524599999995],[121.5949992,25.0524776],[121.5949667,25.052390399999997],[121.595019,25.0523262],[121.5952245,25.052342699999997]]}},{"type":"Feature","properties":{"name":null,"kind":"footway"},"geometry":{"type":"LineString","coordinates":[[121.59508080000002,25.0525489],[121.595376,25.052606499999996]]}},{"type":"Feature","properties":{"name":null,"kind":"service"},"geometry":{"type":"LineString","coordinates":[[121.59525880000001,25.052693799999997],[121.59514470000002,25.0526722]]}},{"type":"Feature","properties":{"name":null,"kind":"service"},"geometry":{"type":"LineString","coordinates":[[121.5929678,25.052578199999996],[121.59358590000001,25.052798399999993],[121.5935176,25.053053299999995]]}},{"type":"Feature","properties":{"name":null,"kind":"footway"},"geometry":{"type":"LineString","coordinates":[[121.59337340000002,25.053065299999997],[121.59344789999999,25.052805599999996]]}},{"type":"Feature","properties":{"name":"向陽路","kind":"secondary"},"geometry":{"type":"LineString","coordinates":[[121.59525880000001,25.052693799999997],[121.59514489999998,25.053177799999997]]}},{"type":"Feature","properties":{"name":null,"kind":"footway"},"geometry":{"type":"LineString","coordinates":[[121.59235670000001,25.054122800000002],[121.5940797,25.0544478],[121.5943828,25.0541358],[121.59468670000001,25.0539839],[121.59532459999998,25.051549099999995]]}},{"type":"Feature","properties":{"name":null,"kind":"footway"},"geometry":{"type":"LineString","coordinates":[[121.5956117,25.05437719999999],[121.59536410000001,25.054374099999997],[121.5950721,25.0539477],[121.5956217,25.051630200000005]]}},{"type":"Feature","properties":{"name":null,"kind":"steps"},"geometry":{"type":"LineString","coordinates":[[121.58348050000001,25.053059800000003],[121.58350860000002,25.053056399999992]]}},{"type":"Feature","properties":{"name":null,"kind":"footway"},"geometry":{"type":"LineString","coordinates":[[121.58343000000002,25.053057399999997],[121.5834188,25.053067099999996]]}},{"type":"Feature","properties":{"name":null,"kind":"steps"},"geometry":{"type":"LineString","coordinates":[[121.58350860000002,25.053056399999992],[121.5835008,25.053079400000005]]}},{"type":"Feature","properties":{"name":null,"kind":"steps"},"geometry":{"type":"LineString","coordinates":[[121.58343000000002,25.053057399999997],[121.5835008,25.053079400000005]]}},{"type":"Feature","properties":{"name":null,"kind":"footway"},"geometry":{"type":"LineString","coordinates":[[121.5846474,25.0533657],[121.5846647,25.0533135]]}},{"type":"Feature","properties":{"name":null,"kind":"footway"},"geometry":{"type":"LineString","coordinates":[[121.5846333,25.053388899999998],[121.5846412,25.053364400000003]]}},{"type":"Feature","properties":{"name":null,"kind":"steps"},"geometry":{"type":"LineString","coordinates":[[121.58466,25.0533831],[121.5846333,25.053388899999998]]}},{"type":"Feature","properties":{"name":null,"kind":"steps"},"geometry":{"type":"LineString","coordinates":[[121.58466,25.0533831],[121.58465000000001,25.0534132]]}},{"type":"Feature","properties":{"name":null,"kind":"footway"},"geometry":{"type":"LineString","coordinates":[[121.58459450000001,25.053397399999998],[121.5845922,25.053403800000005]]}},{"type":"Feature","properties":{"name":null,"kind":"steps"},"geometry":{"type":"LineString","coordinates":[[121.58459450000001,25.053397399999998],[121.58465000000001,25.0534132]]}},{"type":"Feature","properties":{"name":null,"kind":"footway"},"geometry":{"type":"LineString","coordinates":[[121.59423540000002,25.053038900000004],[121.59458460000002,25.053110000000004]]}},{"type":"Feature","properties":{"name":null,"kind":"steps"},"geometry":{"type":"LineString","coordinates":[[121.5943296,25.053111],[121.59434310000002,25.0530612]]}},{"type":"Feature","properties":{"name":null,"kind":"service"},"geometry":{"type":"LineString","coordinates":[[121.59461110000001,25.053115300000005],[121.5946869,25.053069199999996],[121.5950303,25.0531426]]}},{"type":"Feature","properties":{"name":null,"kind":"footway"},"geometry":{"type":"LineString","coordinates":[[121.59448410000002,25.05314299999999],[121.5943296,25.053111]]}},{"type":"Feature","properties":{"name":"北側車道","kind":"service"},"geometry":{"type":"LineString","coordinates":[[121.59448410000002,25.05314299999999],[121.59461110000001,25.053115300000005]]}},{"type":"Feature","properties":{"name":null,"kind":"steps"},"geometry":{"type":"LineString","coordinates":[[121.59446610000002,25.0532037],[121.59448410000002,25.05314299999999]]}},{"type":"Feature","properties":{"name":null,"kind":"service"},"geometry":{"type":"LineString","coordinates":[[121.5926163,25.0531832],[121.5929071,25.053256]]}},{"type":"Feature","properties":{"name":"北側車道","kind":"service"},"geometry":{"type":"LineString","coordinates":[[121.59475450000001,25.053286399999994],[121.59498370000001,25.05333439999999]]}},{"type":"Feature","properties":{"name":"向陽路","kind":"secondary"},"geometry":{"type":"LineString","coordinates":[[121.5947189,25.054328100000003],[121.59514470000002,25.0526722]]}},{"type":"Feature","properties":{"name":null,"kind":"service"},"geometry":{"type":"LineString","coordinates":[[121.592493,25.0535908],[121.59274789999999,25.053644500000004]]}},{"type":"Feature","properties":{"name":"向陽路","kind":"secondary"},"geometry":{"type":"LineString","coordinates":[[121.59514489999998,25.053177799999997],[121.5949382,25.054056599999996]]}},{"type":"Feature","properties":{"name":null,"kind":"footway"},"geometry":{"type":"LineString","coordinates":[[121.59479169999999,25.053700499999998],[121.59483309999999,25.053714499999998]]}},{"type":"Feature","properties":{"name":null,"kind":"steps"},"geometry":{"type":"LineString","coordinates":[[121.5948167,25.053773899999996],[121.59483309999999,25.053714499999998]]}},{"type":"Feature","properties":{"name":null,"kind":"footway"},"geometry":{"type":"LineString","coordinates":[[121.59511719999999,25.05375029999999],[121.59507490000001,25.0537454]]}},{"type":"Feature","properties":{"name":null,"kind":"steps"},"geometry":{"type":"LineString","coordinates":[[121.59506259999999,25.0538172],[121.59507490000001,25.0537454]]}},{"type":"Feature","properties":{"name":null,"kind":"footway"},"geometry":{"type":"LineString","coordinates":[[121.5948167,25.053773899999996],[121.59506259999999,25.0538172]]}},{"type":"Feature","properties":{"name":null,"kind":"steps"},"geometry":{"type":"LineString","coordinates":[[121.5948167,25.053773899999996],[121.5947934,25.0538642]]}},{"type":"Feature","properties":{"name":null,"kind":"footway"},"geometry":{"type":"LineString","coordinates":[[121.5947934,25.0538642],[121.5947549,25.053857699999995]]}},{"type":"Feature","properties":{"name":null,"kind":"steps"},"geometry":{"type":"LineString","coordinates":[[121.59506259999999,25.0538172],[121.59503929999998,25.0539063]]}},{"type":"Feature","properties":{"name":null,"kind":"footway"},"geometry":{"type":"LineString","coordinates":[[121.5922509,25.054091000000003],[121.59081160000001,25.053662099999997]]}},{"type":"Feature","properties":{"name":null,"kind":"footway"},"geometry":{"type":"LineString","coordinates":[[121.58692779999998,25.0531272],[121.586918,25.0529484]]}},{"type":"Feature","properties":{"name":null,"kind":"footway"},"geometry":{"type":"LineString","coordinates":[[121.5867968,25.053127500000002],[121.58692779999998,25.0531272]]}},{"type":"Feature","properties":{"name":null,"kind":"service"},"geometry":{"type":"LineString","coordinates":[[121.58504839999999,25.053426599999995],[121.58521,25.053010200000003]]}},{"type":"Feature","properties":{"name":"南港路三段208巷","kind":"service"},"geometry":{"type":"LineString","coordinates":[[121.5862576,25.053001299999995],[121.58616629999999,25.0534731],[121.5866338,25.053595999999995]]}},{"type":"Feature","properties":{"name":"南港路三段190巷","kind":"residential"},"geometry":{"type":"LineString","coordinates":[[121.5865412,25.053821],[121.58684370000002,25.0530395]]}},{"type":"Feature","properties":{"name":"南港路三段130巷9弄","kind":"service"},"geometry":{"type":"LineString","coordinates":[[121.5871037,25.05383399999999],[121.5872324,25.053497399999998],[121.586732,25.053373299999997]]}},{"type":"Feature","properties":{"name":"南港路三段130巷3弄","kind":"service"},"geometry":{"type":"LineString","coordinates":[[121.5871715,25.0536293],[121.5881562,25.053735799999995]]}},{"type":"Feature","properties":{"name":"松河街","kind":"unclassified"},"geometry":{"type":"LineString","coordinates":[[121.58795170000002,25.0546232],[121.5865412,25.053821],[121.58316190000001,25.0528747]]}},{"type":"Feature","properties":{"name":null,"kind":"footway"},"geometry":{"type":"LineString","coordinates":[[121.58649330000001,25.053754200000004],[121.58659040000002,25.053791200000003]]}},{"type":"Feature","properties":{"name":null,"kind":"footway"},"geometry":{"type":"LineString","coordinates":[[121.58646480000002,25.053838699999996],[121.58649330000001,25.053754200000004]]}},{"type":"Feature","properties":{"name":null,"kind":"footway"},"geometry":{"type":"LineString","coordinates":[[121.5844918,25.053508000000004],[121.58453359999999,25.053386900000003]]}},{"type":"Feature","properties":{"name":null,"kind":"footway"},"geometry":{"type":"LineString","coordinates":[[121.58336979999999,25.0530779],[121.58597699999999,25.0538028],[121.586071,25.0539619]]}},{"type":"Feature","properties":{"name":"成美橋","kind":"secondary"},"geometry":{"type":"LineString","coordinates":[[121.5822719,25.05553580000001],[121.5830909,25.052815299999995],[121.583038,25.0524004],[121.58289639999998,25.0520731]]}},{"type":"Feature","properties":{"name":null,"kind":"footway"},"geometry":{"type":"LineString","coordinates":[[121.58246399999999,25.054683100000002],[121.58299479999998,25.0529542]]}},{"type":"Feature","properties":{"name":null,"kind":"footway"},"geometry":{"type":"LineString","coordinates":[[121.58260970000002,25.054757199999994],[121.5831517,25.0529908]]}},{"type":"Feature","properties":{"name":null,"kind":"footway"},"geometry":{"type":"LineString","coordinates":[[121.5898414,25.053475],[121.5896851,25.053420499999998]]}},{"type":"Feature","properties":{"name":"南港路三段130巷","kind":"residential"},"geometry":{"type":"LineString","coordinates":[[121.5878922,25.0545939],[121.58838080000001,25.0530181]]}},{"type":"Feature","properties":{"name":null,"kind":"footway"},"geometry":{"type":"LineString","coordinates":[[121.5910349,25.053940000000008],[121.59111660000002,25.0537636]]}},{"type":"Feature","properties":{"name":null,"kind":"service"},"geometry":{"type":"LineString","coordinates":[[121.5901738,25.0534993],[121.58992580000002,25.054165],[121.5899581,25.05425560000001]]}},{"type":"Feature","properties":{"name":null,"kind":"footway"},"geometry":{"type":"LineString","coordinates":[[121.5912153,25.0538017],[121.59115470000002,25.053969399999993]]}},{"type":"Feature","properties":{"name":null,"kind":"footway"},"geometry":{"type":"LineString","coordinates":[[121.59115470000002,25.053969399999993],[121.5910349,25.053940000000008]]}},{"type":"Feature","properties":{"name":"南港路三段106巷5弄","kind":"service"},"geometry":{"type":"LineString","coordinates":[[121.58916950000001,25.054019900000004],[121.58951040000001,25.0541143]]}},{"type":"Feature","properties":{"name":"南港路三段106巷2弄","kind":"path"},"geometry":{"type":"LineString","coordinates":[[121.58980050000001,25.054335199999997],[121.5894661,25.054225199999998]]}},{"type":"Feature","properties":{"name":"南港路三段106巷","kind":"residential"},"geometry":{"type":"LineString","coordinates":[[121.58906150000001,25.0552394],[121.5897983,25.053349799999992]]}},{"type":"Feature","properties":{"name":"南港路三段106巷7弄","kind":"service"},"geometry":{"type":"LineString","coordinates":[[121.5889744,25.054241100000002],[121.58940740000001,25.054372599999997]]}},{"type":"Feature","properties":{"name":null,"kind":"footway"},"geometry":{"type":"LineString","coordinates":[[121.5950789,25.053918099999994],[121.59503929999998,25.0539063]]}},{"type":"Feature","properties":{"name":null,"kind":"footway"},"geometry":{"type":"LineString","coordinates":[[121.5917307,25.054150999999997],[121.59115470000002,25.053969399999993]]}},{"type":"Feature","properties":{"name":null,"kind":"footway"},"geometry":{"type":"LineString","coordinates":[[121.59189620000001,25.054190299999995],[121.5917307,25.054150999999997],[121.5917907,25.053977199999995]]}},{"type":"Feature","properties":{"name":null,"kind":"footway"},"geometry":{"type":"LineString","coordinates":[[121.59219040000002,25.0542566],[121.5922509,25.054091000000003],[121.59235670000001,25.054122800000002]]}},{"type":"Feature","properties":{"name":"向陽路","kind":"secondary"},"geometry":{"type":"LineString","coordinates":[[121.5949382,25.054056599999996],[121.5948644,25.0543311]]}},{"type":"Feature","properties":{"name":null,"kind":"footway"},"geometry":{"type":"LineString","coordinates":[[121.5924159,25.0541449],[121.5923632,25.054307899999998]]}},{"type":"Feature","properties":{"name":"向陽路","kind":"secondary_link"},"geometry":{"type":"LineString","coordinates":[[121.5943012,25.0544302],[121.5943787,25.054223099999998],[121.59482020000002,25.054006799999996]]}},{"type":"Feature","properties":{"name":"南港路二段","kind":"secondary_link"},"geometry":{"type":"LineString","coordinates":[[121.5949382,25.054056599999996],[121.5952661,25.0543974]]}},{"type":"Feature","properties":{"name":"南港路三段50巷","kind":"unclassified"},"geometry":{"type":"LineString","coordinates":[[121.59169450000002,25.0544037],[121.5918596,25.054086600000005]]}},{"type":"Feature","properties":{"name":"南港路三段","kind":"secondary"},"geometry":{"type":"LineString","coordinates":[[121.5922991,25.054203299999994],[121.59273620000002,25.0543194]]}},{"type":"Feature","properties":{"name":"南港路三段130巷5弄","kind":"service"},"geometry":{"type":"LineString","coordinates":[[121.5866338,25.053595999999995],[121.5876428,25.054096299999994],[121.5880358,25.054153200000002]]}},{"type":"Feature","properties":{"name":null,"kind":"footway"},"geometry":{"type":"LineString","coordinates":[[121.58645039999999,25.053894400000004],[121.5864563,25.053878999999988]]}},{"type":"Feature","properties":{"name":null,"kind":"steps"},"geometry":{"type":"LineString","coordinates":[[121.58647739999999,25.0539042],[121.58647190000002,25.0539177]]}},{"type":"Feature","properties":{"name":null,"kind":"steps"},"geometry":{"type":"LineString","coordinates":[[121.58645039999999,25.053894400000004],[121.58647739999999,25.0539042]]}},{"type":"Feature","properties":{"name":null,"kind":"steps"},"geometry":{"type":"LineString","coordinates":[[121.5863912,25.053909699999995],[121.58646600000002,25.053933099999995]]}},{"type":"Feature","properties":{"name":null,"kind":"footway"},"geometry":{"type":"LineString","coordinates":[[121.58646600000002,25.053933099999995],[121.58647190000002,25.0539177]]}},{"type":"Feature","properties":{"name":null,"kind":"footway"},"geometry":{"type":"LineString","coordinates":[[121.5863912,25.053909699999995],[121.5862936,25.054027]]}},{"type":"Feature","properties":{"name":null,"kind":"footway"},"geometry":{"type":"LineString","coordinates":[[121.5878424,25.05485129999999],[121.58791310000001,25.054743699999996],[121.587003,25.054230900000004],[121.5867223,25.054122700000004],[121.586669,25.054202799999995]]}},{"type":"Feature","properties":{"name":null,"kind":"footway"},"geometry":{"type":"LineString","coordinates":[[121.58789389999998,25.054692299999996],[121.58795170000002,25.0546232]]}},{"type":"Feature","properties":{"name":null,"kind":"footway"},"geometry":{"type":"LineString","coordinates":[[121.5879576,25.0547246],[121.5879624,25.0547175]]}},{"type":"Feature","properties":{"name":"南港路二段","kind":"secondary"},"geometry":{"type":"LineString","coordinates":[[121.5947189,25.054328100000003],[121.5948644,25.0543311]]}},{"type":"Feature","properties":{"name":null,"kind":"footway"},"geometry":{"type":"LineString","coordinates":[[121.59311810000001,25.0545281],[121.59189620000001,25.054190299999995]]}},{"type":"Feature","properties":{"name":"南港路二段","kind":"secondary"},"geometry":{"type":"LineString","coordinates":[[121.5948644,25.0543311],[121.5952661,25.0543974]]}},{"type":"Feature","properties":{"name":"向陽路","kind":"secondary"},"geometry":{"type":"LineString","coordinates":[[121.5947048,25.054424099999995],[121.5947189,25.054328100000003]]}},{"type":"Feature","properties":{"name":"南港路三段","kind":"secondary"},"geometry":{"type":"LineString","coordinates":[[121.59273620000002,25.0543194],[121.5932237,25.0544488]]}},{"type":"Feature","properties":{"name":"向陽路","kind":"secondary"},"geometry":{"type":"LineString","coordinates":[[121.5948644,25.0543311],[121.59483759999999,25.054449600000005]]}},{"type":"Feature","properties":{"name":"南港路二段","kind":"secondary"},"geometry":{"type":"LineString","coordinates":[[121.5936622,25.0545071],[121.5941329,25.0544986],[121.5947189,25.054328100000003]]}},{"type":"Feature","properties":{"name":null,"kind":"footway"},"geometry":{"type":"LineString","coordinates":[[121.5931619,25.054314999999995],[121.59311810000001,25.0545281],[121.5932996,25.0545356],[121.59334490000002,25.054348800000003]]}},{"type":"Feature","properties":{"name":null,"kind":"footway"},"geometry":{"type":"LineString","coordinates":[[121.59390510000001,25.054451499999995],[121.5939106,25.054429099999997]]}},{"type":"Feature","properties":{"name":"南港路二段","kind":"secondary"},"geometry":{"type":"LineString","coordinates":[[121.59483759999999,25.054449600000005],[121.5947048,25.054424099999995]]}},{"type":"Feature","properties":{"name":null,"kind":"service"},"geometry":{"type":"LineString","coordinates":[[121.6177902,25.035068199999994],[121.61775979999999,25.034944799999998]]}},{"type":"Feature","properties":{"name":null,"kind":"footway"},"geometry":{"type":"LineString","coordinates":[[121.6163661,25.0350933],[121.61645859999999,25.0349668]]}},{"type":"Feature","properties":{"name":null,"kind":"footway"},"geometry":{"type":"LineString","coordinates":[[121.61654550000002,25.035059600000004],[121.61647440000002,25.03514319999999]]}},{"type":"Feature","properties":{"name":null,"kind":"footway"},"geometry":{"type":"LineString","coordinates":[[121.61434399999999,25.035151799999998],[121.614345,25.0350856]]}},{"type":"Feature","properties":{"name":"研究院路二段213巷","kind":"service"},"geometry":{"type":"LineString","coordinates":[[121.61730199999998,25.036305099999996],[121.6179174,25.035356799999995],[121.61834929999999,25.0349558],[121.61845390000002,25.03463989999999],[121.61886020000001,25.034079099999996]]}},{"type":"Feature","properties":{"name":"研究院路三段","kind":"unclassified"},"geometry":{"type":"LineString","coordinates":[[121.6169075,25.036024999999995],[121.6165961,25.0352021],[121.6164003,25.035047100000003],[121.61543450000002,25.034616099999997],[121.6145427,25.034660999999993]]}},{"type":"Feature","properties":{"name":"研究院路三段16巷","kind":"service"},"geometry":{"type":"LineString","coordinates":[[121.61502380000002,25.035595599999997],[121.6164285,25.0350752]]}},{"type":"Feature","properties":{"name":null,"kind":"service"},"geometry":{"type":"LineString","coordinates":[[121.6147363,25.035169],[121.61463049999999,25.035591799999995]]}},{"type":"Feature","properties":{"name":null,"kind":"service"},"geometry":{"type":"LineString","coordinates":[[121.61753410000001,25.0354745],[121.6176448,25.0353865]]}},{"type":"Feature","properties":{"name":null,"kind":"service"},"geometry":{"type":"LineString","coordinates":[[121.6171359,25.0360484],[121.6175086,25.0355979],[121.6177359,25.0351198],[121.61806039999999,25.034836]]}},{"type":"Feature","properties":{"name":"研究院路三段14巷","kind":"service"},"geometry":{"type":"LineString","coordinates":[[121.615174,25.0357146],[121.6166156,25.035241699999997]]}},{"type":"Feature","properties":{"name":null,"kind":"footway"},"geometry":{"type":"LineString","coordinates":[[121.61464370000002,25.035482599999998],[121.61473099999999,25.035491999999994],[121.61472809999998,25.035598599999993]]}},{"type":"Feature","properties":{"name":null,"kind":"footway"},"geometry":{"type":"LineString","coordinates":[[121.6145944,25.035602],[121.6145991,25.035506599999994]]}},{"type":"Feature","properties":{"name":null,"kind":"service"},"geometry":{"type":"LineString","coordinates":[[121.6175226,25.0355219],[121.61762,25.0355791]]}},{"type":"Feature","properties":{"name":null,"kind":"footway"},"geometry":{"type":"LineString","coordinates":[[121.61749849999998,25.035669499999997],[121.61781010000001,25.0354485]]}},{"type":"Feature","properties":{"name":null,"kind":"steps"},"geometry":{"type":"LineString","coordinates":[[121.6175046,25.0357054],[121.61749849999998,25.035669499999997]]}},{"type":"Feature","properties":{"name":null,"kind":"footway"},"geometry":{"type":"LineString","coordinates":[[121.617231,25.035868900000004],[121.6174199,25.0358659],[121.6175046,25.0357054]]}},{"type":"Feature","properties":{"name":"研究院路三段10巷","kind":"service"},"geometry":{"type":"LineString","coordinates":[[121.6168235,25.035743600000004],[121.6153579,25.0362586]]}},{"type":"Feature","properties":{"name":null,"kind":"footway"},"geometry":{"type":"LineString","coordinates":[[121.6168901,25.035971],[121.6170336,25.035971000000004],[121.6170524,25.036109499999995]]}},{"type":"Feature","properties":{"name":"研究院路三段8巷","kind":"service"},"geometry":{"type":"LineString","coordinates":[[121.61688070000001,25.035918800000005],[121.61577699999998,25.036325799999997]]}},{"type":"Feature","properties":{"name":"南深路","kind":"secondary"},"geometry":{"type":"LineString","coordinates":[[121.61968080000001,25.0356906],[121.619192,25.035414599999992]]}},{"type":"Feature","properties":{"name":"舊莊街二段2巷","kind":"service"},"geometry":{"type":"LineString","coordinates":[[121.6241328,25.035958899999997],[121.6241936,25.0357581],[121.6245746,25.035248499999998],[121.62464890000001,25.035283800000002],[121.62471040000001,25.035635199999998]]}},{"type":"Feature","properties":{"name":"南港系統交流道","kind":"motorway_link"},"geometry":{"type":"LineString","coordinates":[[121.62038380000001,25.0356548],[121.61960850000001,25.035234399999997],[121.6193564,25.0352118],[121.6190683,25.035350400000002],[121.61893820000002,25.035650899999993],[121.6190197,25.0358959],[121.6192837,25.036095500000002],[121.6197072,25.036162899999997]]}},{"type":"Feature","properties":{"name":"南港系統交流道","kind":"motorway_link"},"geometry":{"type":"LineString","coordinates":[[121.6236899,25.035352699999997],[121.6230764,25.035596999999996],[121.6225906,25.036082699999998]]}},{"type":"Feature","properties":{"name":"南港系統交流道","kind":"motorway_link"},"geometry":{"type":"LineString","coordinates":[[121.62267270000001,25.035631099999996],[121.62128590000002,25.0359688]]}},{"type":"Feature","properties":{"name":"南港系統交流道","kind":"motorway_link"},"geometry":{"type":"LineString","coordinates":[[121.61979450000001,25.0362754],[121.6194442,25.036266999999995],[121.6190171,25.036095999999997],[121.6187791,25.035769800000004],[121.61871530000002,25.0353682]]}},{"type":"Feature","properties":{"name":"舊莊街一段290巷4弄","kind":"residential"},"geometry":{"type":"LineString","coordinates":[[121.6239152,25.035853999999997],[121.6235409,25.0358575]]}},{"type":"Feature","properties":{"name":"福爾摩沙高速公路","kind":"motorway"},"geometry":{"type":"LineString","coordinates":[[121.6191244,25.034584000000002],[121.6207359,25.0357055],[121.62184499999998,25.036726099999996],[121.62235400000002,25.037296899999998]]}},{"type":"Feature","properties":{"name":"舊莊街二段2巷","kind":"service"},"geometry":{"type":"LineString","coordinates":[[121.624023,25.0359481],[121.62406710000002,25.035953400000004]]}},{"type":"Feature","properties":{"name":"舊莊街二段2巷","kind":"service"},"geometry":{"type":"LineString","coordinates":[[121.62406710000002,25.035953400000004],[121.6241328,25.035958899999997]]}},{"type":"Feature","properties":{"name":null,"kind":"path"},"geometry":{"type":"LineString","coordinates":[[121.61812760000001,25.0363163],[121.6181299,25.03619399999999],[121.61833159999999,25.036078599999996],[121.61847320000001,25.0361203],[121.61854400000001,25.0360625],[121.61848909999999,25.0359616],[121.61854579999999,25.035895799999995],[121.61879280000001,25.0364274]]}},{"type":"Feature","properties":{"name":null,"kind":"steps"},"geometry":{"type":"LineString","coordinates":[[121.617447,25.036188499999994],[121.6173881,25.036185]]}},{"type":"Feature","properties":{"name":null,"kind":"service"},"geometry":{"type":"LineString","coordinates":[[121.6153335,25.039054600000004],[121.6157132,25.038633500000003],[121.6157755,25.0379524],[121.61644740000001,25.037414099999996],[121.6164739,25.0369436],[121.6161468,25.036595499999997],[121.6154077,25.036436200000004],[121.6150981,25.0356221],[121.6143059,25.035577199999995],[121.61348119999998,25.035780400000004],[121.61316459999999,25.035626999999998],[121.61307480000002,25.035196899999992],[121.613111,25.0347036],[121.6125008,25.03410209999999],[121.6128363,25.033570999999995]]}},{"type":"Feature","properties":{"name":null,"kind":"footway"},"geometry":{"type":"LineString","coordinates":[[121.616862,25.036412099999996],[121.6168526,25.0363185],[121.61701890000002,25.036313700000004]]}},{"type":"Feature","properties":{"name":null,"kind":"footway"},"geometry":{"type":"LineString","coordinates":[[121.6170444,25.036438799999996],[121.61691700000002,25.036456999999995]]}},{"type":"Feature","properties":{"name":null,"kind":"service"},"geometry":{"type":"LineString","coordinates":[[121.617447,25.036188499999994],[121.61753989999998,25.036550599999995],[121.6175111,25.0367617]]}},{"type":"Feature","properties":{"name":null,"kind":"residential"},"geometry":{"type":"LineString","coordinates":[[121.6169198,25.036406499999995],[121.6160616,25.036561199999998]]}},{"type":"Feature","properties":{"name":null,"kind":"service"},"geometry":{"type":"LineString","coordinates":[[121.6140736,25.036000400000002],[121.6141355,25.036144800000002],[121.61465579999998,25.036373199999993],[121.615026,25.036432000000005],[121.6148758,25.037145999999996]]}},{"type":"Feature","properties":{"name":null,"kind":"service"},"geometry":{"type":"LineString","coordinates":[[121.6149831,25.036672099999997],[121.61449490000001,25.036569999999998]]}},{"type":"Feature","properties":{"name":null,"kind":"steps"},"geometry":{"type":"LineString","coordinates":[[121.6175111,25.0367617],[121.6177621,25.036509300000002]]}},{"type":"Feature","properties":{"name":"舊莊街二段185巷","kind":"service"},"geometry":{"type":"LineString","coordinates":[[121.6326233,25.0351326],[121.6328343,25.035337899999988],[121.6328664,25.035503200000004],[121.6330971,25.0354375],[121.6331347,25.0352407]]}},{"type":"Feature","properties":{"name":null,"kind":"steps"},"geometry":{"type":"LineString","coordinates":[[121.62904949999998,25.035801599999996],[121.6289712,25.035752200000005],[121.62901760000001,25.035506299999998],[121.62882070000002,25.035305499999996],[121.6288371,25.035089499999998],[121.6287172,25.034974]]}},{"type":"Feature","properties":{"name":null,"kind":"service"},"geometry":{"type":"LineString","coordinates":[[121.62983780000002,25.0355759],[121.6299958,25.035219800000004]]}},{"type":"Feature","properties":{"name":null,"kind":"service"},"geometry":{"type":"LineString","coordinates":[[121.6327386,25.035256800000003],[121.63267600000002,25.035546899999996],[121.63253119999999,25.0354983]]}},{"type":"Feature","properties":{"name":"舊莊街二段114巷","kind":"residential"},"geometry":{"type":"LineString","coordinates":[[121.62873590000001,25.0361448],[121.629361,25.0355095],[121.62946379999998,25.0352931],[121.62923149999999,25.035407200000005],[121.6290384,25.035305999999995]]}},{"type":"Feature","properties":{"name":"舊莊街二段","kind":"unclassified"},"geometry":{"type":"LineString","coordinates":[[121.62518230000002,25.0375498],[121.62535220000001,25.0374701],[121.62567650000001,25.037452699999992],[121.62663629999999,25.0375679],[121.62776,25.036959699999997],[121.62851230000001,25.0368449],[121.628802,25.036724999999997],[121.62972050000002,25.035953199999998],[121.62993990000001,25.035570699999997],[121.6300681,25.035026499999997],[121.63017530000002,25.034972000000003]]}},{"type":"Feature","properties":{"name":"舊莊街二段70巷","kind":"residential"},"geometry":{"type":"LineString","coordinates":[[121.628802,25.036724999999997],[121.62900800000001,25.036346599999998],[121.6290204,25.036098],[121.62893830000002,25.035902399999998]]}},{"type":"Feature","properties":{"name":"舊莊街二段10巷","kind":"residential"},"geometry":{"type":"LineString","coordinates":[[121.62697620000002,25.0374265],[121.6263649,25.037307100000003],[121.6259432,25.03704979999999],[121.6256913,25.037004599999992]]}},{"type":"Feature","properties":{"name":"南勢街","kind":"residential"},"geometry":{"type":"LineString","coordinates":[[121.6271669,25.0373098],[121.6272042,25.037355500000004]]}},{"type":"Feature","properties":{"name":null,"kind":"footway"},"geometry":{"type":"LineString","coordinates":[[121.6177621,25.036509300000002],[121.6179411,25.036259799999993],[121.6181077,25.036339],[121.61816260000002,25.036276299999997],[121.6185163,25.0366207],[121.6186911,25.036606000000003],[121.61879280000001,25.0364274],[121.6188477,25.03644209999999],[121.6189147,25.036526799999997],[121.6188334,25.036836200000003],[121.6190936,25.036781000000005],[121.61913630000001,25.0369633],[121.61906720000002,25.03707199999999]]}},{"type":"Feature","properties":{"name":null,"kind":"service"},"geometry":{"type":"LineString","coordinates":[[121.61730400000002,25.036781999999988],[121.6176756,25.036793900000003],[121.6178283,25.037286],[121.61796370000002,25.037324299999998],[121.6180435,25.037045399999993],[121.6179825,25.03661159999999],[121.6181077,25.036339]]}},{"type":"Feature","properties":{"name":null,"kind":"service"},"geometry":{"type":"LineString","coordinates":[[121.6161979,25.037036],[121.61588160000001,25.037163000000003],[121.61525930000002,25.037226200000003],[121.614444,25.037036599999997],[121.6145056,25.036783899999996]]}},{"type":"Feature","properties":{"name":"研究院路二段","kind":"unclassified"},"geometry":{"type":"LineString","coordinates":[[121.6169771,25.0380034],[121.6172799,25.037505],[121.61733490000002,25.0364613],[121.6171359,25.0360484],[121.6169075,25.036024999999995]]}},{"type":"Feature","properties":{"name":null,"kind":"service"},"geometry":{"type":"LineString","coordinates":[[121.6132022,25.036044099999998],[121.61353429999998,25.036461799999998],[121.61376670000001,25.036419399999993],[121.61376800000001,25.036638099999998],[121.6155826,25.037036599999993],[121.61552760000001,25.037340399999998],[121.6152057,25.037639300000002],[121.6152057,25.038003799999995]]}},{"type":"Feature","properties":{"name":null,"kind":"service"},"geometry":{"type":"LineString","coordinates":[[121.6161979,25.037036],[121.6162474,25.0370384]]}},{"type":"Feature","properties":{"name":"四分橋","kind":"service"},"geometry":{"type":"LineString","coordinates":[[121.6162474,25.0370384],[121.61647410000002,25.037078799999996]]}},{"type":"Feature","properties":{"name":null,"kind":"service"},"geometry":{"type":"LineString","coordinates":[[121.61647410000002,25.037078799999996],[121.6165064,25.037084599999996]]}},{"type":"Feature","properties":{"name":null,"kind":"service"},"geometry":{"type":"LineString","coordinates":[[121.6165064,25.037084599999996],[121.6169994,25.037394899999995]]}},{"type":"Feature","properties":{"name":null,"kind":"service"},"geometry":{"type":"LineString","coordinates":[[121.6154174,25.038661200000004],[121.6155052,25.038383700000004],[121.61548350000001,25.0378345],[121.6157162,25.037589499999996],[121.61611080000002,25.037352200000004],[121.61618430000001,25.036982900000005],[121.6160132,25.0368416],[121.61522870000002,25.0366911],[121.6149283,25.0362877],[121.61462420000001,25.0360253],[121.6143564,25.035953199999994],[121.6140736,25.036000400000002]]}},{"type":"Feature","properties":{"name":"南港系統交流道","kind":"motorway_link"},"geometry":{"type":"LineString","coordinates":[[121.6197072,25.036162899999997],[121.6211328,25.035787199999998]]}},{"type":"Feature","properties":{"name":"南港系統交流道","kind":"motorway_link"},"geometry":{"type":"LineString","coordinates":[[121.62128590000002,25.0359688],[121.61979450000001,25.0362754]]}},{"type":"Feature","properties":{"name":"舊莊街一段290巷3弄","kind":"residential"},"geometry":{"type":"LineString","coordinates":[[121.6239314,25.036130399999998],[121.6232473,25.036105299999996]]}},{"type":"Feature","properties":{"name":null,"kind":"residential"},"geometry":{"type":"LineString","coordinates":[[121.62411580000001,25.0367744],[121.62392250000002,25.036422499999997],[121.6239152,25.035853999999997]]}},{"type":"Feature","properties":{"name":"舊莊街一段290巷2弄","kind":"residential"},"geometry":{"type":"LineString","coordinates":[[121.6239279,25.036440499999998],[121.6231345,25.036394999999995]]}},{"type":"Feature","properties":{"name":"福爾摩沙高速公路","kind":"motorway"},"geometry":{"type":"LineString","coordinates":[[121.62224270000002,25.037364099999998],[121.62119119999998,25.0363251],[121.62038380000001,25.0356548]]}},{"type":"Feature","properties":{"name":"舊莊街一段290巷1弄","kind":"residential"},"geometry":{"type":"LineString","coordinates":[[121.62411580000001,25.0367744],[121.62323979999998,25.0366581],[121.6231432,25.036483699999994],[121.62314579999999,25.036244999999997]]}},{"type":"Feature","properties":{"name":"南港系統交流道","kind":"motorway_link"},"geometry":{"type":"LineString","coordinates":[[121.6225906,25.036082699999998],[121.62239879999998,25.036619800000004],[121.62247919999999,25.0371866]]}},{"type":"Feature","properties":{"name":"南深路","kind":"secondary"},"geometry":{"type":"LineString","coordinates":[[121.6216514,25.039082199999992],[121.6210913,25.0377517],[121.6201721,25.0365773],[121.61968080000001,25.0356906]]}},{"type":"Feature","properties":{"name":"南深路23巷12弄","kind":"service"},"geometry":{"type":"LineString","coordinates":[[121.6214142,25.037629899999995],[121.6216275,25.037374699999997]]}},{"type":"Feature","properties":{"name":"碧山橋","kind":"residential"},"geometry":{"type":"LineString","coordinates":[[121.62729690000002,25.037468799999996],[121.6272042,25.037355500000004]]}},{"type":"Feature","properties":{"name":null,"kind":"service"},"geometry":{"type":"LineString","coordinates":[[121.62518230000002,25.0375498],[121.6263556,25.037708],[121.6267405,25.037632],[121.6270456,25.037467400000004]]}},{"type":"Feature","properties":{"name":null,"kind":"service"},"geometry":{"type":"LineString","coordinates":[[121.62488779999998,25.037642499999997],[121.6246907,25.0373665]]}},{"type":"Feature","properties":{"name":"舊莊街一段","kind":"unclassified"},"geometry":{"type":"LineString","coordinates":[[121.62299930000002,25.037900599999997],[121.62380800000001,25.03719819999999],[121.6240808,25.037215600000003],[121.62488779999998,25.037642499999997]]}},{"type":"Feature","properties":{"name":null,"kind":"footway"},"geometry":{"type":"LineString","coordinates":[[121.61830940000002,25.038088199999994],[121.6186485,25.0380205],[121.61906720000002,25.0376411],[121.6192156,25.037331699999992],[121.61920340000002,25.037208299999993],[121.61906720000002,25.03707199999999]]}},{"type":"Feature","properties":{"name":"舊莊街二段","kind":"unclassified"},"geometry":{"type":"LineString","coordinates":[[121.62488779999998,25.037642499999997],[121.62518230000002,25.0375498]]}},{"type":"Feature","properties":{"name":null,"kind":"residential"},"geometry":{"type":"LineString","coordinates":[[121.62488779999998,25.037642499999997],[121.6249107,25.037674699999997]]}},{"type":"Feature","properties":{"name":"南港系統交流道","kind":"motorway_link"},"geometry":{"type":"LineString","coordinates":[[121.62247919999999,25.0371866],[121.62303329999999,25.038162099999997]]}},{"type":"Feature","properties":{"name":"福爾摩沙高速公路","kind":"motorway"},"geometry":{"type":"LineString","coordinates":[[121.62235400000002,25.037296899999998],[121.62303329999999,25.038162099999997]]}},{"type":"Feature","properties":{"name":"芳園橋","kind":"residential"},"geometry":{"type":"LineString","coordinates":[[121.6249107,25.037674699999997],[121.6249842,25.0377775]]}},{"type":"Feature","properties":{"name":"南深路23巷","kind":"service"},"geometry":{"type":"LineString","coordinates":[[121.6212961,25.0379825],[121.6214142,25.037629899999995],[121.62214250000001,25.037650499999998]]}},{"type":"Feature","properties":{"name":"南深路21巷","kind":"service"},"geometry":{"type":"LineString","coordinates":[[121.6212237,25.0379861],[121.6220085,25.037966999999995],[121.62214250000001,25.037650499999998]]}},{"type":"Feature","properties":{"name":null,"kind":"path"},"geometry":{"type":"LineString","coordinates":[[121.61947580000002,25.037755500000003],[121.6193554,25.038159599999997]]}},{"type":"Feature","properties":{"name":"舊莊街二段1巷","kind":"service"},"geometry":{"type":"LineString","coordinates":[[121.6233175,25.0384432],[121.6242167,25.037599999999998],[121.62447159999999,25.037459699999996]]}},{"type":"Feature","properties":{"name":null,"kind":"service"},"geometry":{"type":"LineString","coordinates":[[121.62264410000002,25.0382026],[121.62241520000002,25.037926999999996],[121.62247620000001,25.037830600000003]]}},{"type":"Feature","properties":{"name":"舊莊街一段","kind":"unclassified"},"geometry":{"type":"LineString","coordinates":[[121.6224745,25.0383467],[121.62299930000002,25.037900599999997]]}},{"type":"Feature","properties":{"name":null,"kind":"path"},"geometry":{"type":"LineString","coordinates":[[121.61920340000002,25.037208299999993],[121.61947580000002,25.037755500000003],[121.6199359,25.0379544],[121.6199606,25.038076199999995],[121.61992170000002,25.038191599999994],[121.6196881,25.038345599999996],[121.61959259999999,25.038204499999992],[121.6193554,25.038159599999997],[121.61927759999999,25.038210899999996],[121.61910770000001,25.038012099999992],[121.61906520000001,25.038063399999995],[121.6191112,25.0384097],[121.6189378,25.038614899999995],[121.61908850000002,25.0388308],[121.6188393,25.0390161],[121.6189858,25.039294200000004]]}},{"type":"Feature","properties":{"name":null,"kind":"cycleway"},"geometry":{"type":"LineString","coordinates":[[121.62488779999998,25.037642499999997],[121.6244784,25.038327099999997],[121.62388510000001,25.038852300000002]]}},{"type":"Feature","properties":{"name":null,"kind":"footway"},"geometry":{"type":"LineString","coordinates":[[121.62242360000002,25.0383712],[121.6226019,25.0383746],[121.6227583,25.038244000000002],[121.62256980000001,25.038265700000004],[121.62242360000002,25.0383712]]}},{"type":"Feature","properties":{"name":null,"kind":"footway"},"geometry":{"type":"LineString","coordinates":[[121.62146600000001,25.038276],[121.62151429999999,25.0383823],[121.62138350000001,25.038407199999998]]}},{"type":"Feature","properties":{"name":"舊莊街一段212巷","kind":"residential"},"geometry":{"type":"LineString","coordinates":[[121.6213766,25.038367699999995],[121.6224745,25.0383467]]}},{"type":"Feature","properties":{"name":null,"kind":"footway"},"geometry":{"type":"LineString","coordinates":[[121.61707230000002,25.0376366],[121.61695660000001,25.037631],[121.61697609999999,25.0375322],[121.6170941,25.037558]]}},{"type":"Feature","properties":{"name":null,"kind":"service"},"geometry":{"type":"LineString","coordinates":[[121.6158703,25.0379401],[121.6165518,25.0375493],[121.6170087,25.037602999999997]]}},{"type":"Feature","properties":{"name":null,"kind":"service"},"geometry":{"type":"LineString","coordinates":[[121.6159613,25.0381722],[121.61667900000002,25.037870199999997]]}},{"type":"Feature","properties":{"name":null,"kind":"service"},"geometry":{"type":"LineString","coordinates":[[121.61675620000001,25.0384981],[121.6166644,25.0382105],[121.6167458,25.03757119999999]]}},{"type":"Feature","properties":{"name":null,"kind":"service"},"geometry":{"type":"LineString","coordinates":[[121.61612970000002,25.0386814],[121.6158703,25.0379401]]}},{"type":"Feature","properties":{"name":null,"kind":"service"},"geometry":{"type":"LineString","coordinates":[[121.61606109999998,25.038447400000003],[121.6166644,25.0382105]]}},{"type":"Feature","properties":{"name":null,"kind":"footway"},"geometry":{"type":"LineString","coordinates":[[121.6170846,25.0383981],[121.6169579,25.038431500000005],[121.61692900000001,25.038327699999993],[121.6170705,25.038302099999996]]}},{"type":"Feature","properties":{"name":null,"kind":"service"},"geometry":{"type":"LineString","coordinates":[[121.61675620000001,25.0384981],[121.6169935,25.038419]]}},{"type":"Feature","properties":{"name":null,"kind":"pedestrian"},"geometry":{"type":"LineString","coordinates":[[121.61693010000002,25.038898500000002],[121.61675620000001,25.0384981]]}},{"type":"Feature","properties":{"name":null,"kind":"footway"},"geometry":{"type":"LineString","coordinates":[[121.6185217,25.039391200000004],[121.6186511,25.039252999999995],[121.6182901,25.039057400000004],[121.61818750000002,25.038339099999998],[121.6182583,25.038198099999992],[121.61850959999998,25.03814669999999],[121.61850010000002,25.038083099999994]]}},{"type":"Feature","properties":{"name":"東勢街","kind":"unclassified"},"geometry":{"type":"LineString","coordinates":[[121.6224745,25.0383467],[121.6228542,25.038349999999998]]}},{"type":"Feature","properties":{"name":null,"kind":"service"},"geometry":{"type":"LineString","coordinates":[[121.62195140000001,25.0388258],[121.6217629,25.038335999999997]]}},{"type":"Feature","properties":{"name":"東勢街","kind":"unclassified"},"geometry":{"type":"LineString","coordinates":[[121.6228542,25.038349999999998],[121.6233175,25.0384432],[121.62388510000001,25.038852300000002]]}},{"type":"Feature","properties":{"name":"舊莊街一段","kind":"unclassified"},"geometry":{"type":"LineString","coordinates":[[121.6216514,25.039082199999992],[121.6224745,25.0383467]]}},{"type":"Feature","properties":{"name":"舊莊街一段215巷","kind":"residential"},"geometry":{"type":"LineString","coordinates":[[121.62282,25.039097299999998],[121.6228542,25.038349999999998]]}},{"type":"Feature","properties":{"name":"永庭橋","kind":"unclassified"},"geometry":{"type":"LineString","coordinates":[[121.6241034,25.038925100000007],[121.62388510000001,25.038852300000002]]}},{"type":"Feature","properties":{"name":"舊莊街一段199巷","kind":"residential"},"geometry":{"type":"LineString","coordinates":[[121.6225312,25.039129999999997],[121.6221144,25.038683899999995]]}},{"type":"Feature","properties":{"name":"舊莊街一段199巷1弄","kind":"service"},"geometry":{"type":"LineString","coordinates":[[121.62202480000002,25.0391],[121.62229040000001,25.0388683]]}},{"type":"Feature","properties":{"name":null,"kind":"footway"},"geometry":{"type":"LineString","coordinates":[[121.62159139999999,25.039031200000004],[121.62172750000002,25.038946699999993],[121.62181,25.0390318]]}},{"type":"Feature","properties":{"name":null,"kind":"service"},"geometry":{"type":"LineString","coordinates":[[121.61724819999999,25.038855],[121.6162106,25.038988899999996],[121.61612970000002,25.0386814],[121.61675620000001,25.0384981]]}},{"type":"Feature","properties":{"name":null,"kind":"service"},"geometry":{"type":"LineString","coordinates":[[121.6172846,25.038905099999994],[121.61754550000002,25.0387408]]}},{"type":"Feature","properties":{"name":null,"kind":"footway"},"geometry":{"type":"LineString","coordinates":[[121.6172898,25.0387675],[121.6172019,25.038816099999995],[121.61726500000002,25.038913900000004]]}},{"type":"Feature","properties":{"name":"研究院路二段","kind":"unclassified"},"geometry":{"type":"LineString","coordinates":[[121.61698299999999,25.0424322],[121.6167758,25.0421793],[121.61682429999999,25.041790999999996],[121.61690829999999,25.041605399999998],[121.6175228,25.0409444],[121.6176423,25.040627],[121.61755039999998,25.039910700000004],[121.6172846,25.038905099999994],[121.6169935,25.038419],[121.6169075,25.036024999999995]]}},{"type":"Feature","properties":{"name":null,"kind":"footway"},"geometry":{"type":"LineString","coordinates":[[121.6191454,25.039445699999998],[121.6189858,25.039294200000004],[121.6187686,25.0394085],[121.6183596,25.03941959999999],[121.618239,25.039529800000007],[121.6183384,25.039649699999995],[121.6182529,25.0396934],[121.61779429999999,25.039441399999998],[121.6176164,25.0395706],[121.6176409,25.0396539]]}},{"type":"Feature","properties":{"name":null,"kind":"service"},"geometry":{"type":"LineString","coordinates":[[121.6146835,25.039970099999998],[121.61481590000001,25.0395665],[121.6153335,25.039054600000004]]}},{"type":"Feature","properties":{"name":null,"kind":"footway"},"geometry":{"type":"LineString","coordinates":[[121.61744500000002,25.0397528],[121.617426,25.039621299999993],[121.6175673,25.0396084]]}},{"type":"Feature","properties":{"name":null,"kind":"footway"},"geometry":{"type":"LineString","coordinates":[[121.61581719999998,25.039758400000004],[121.6158494,25.039895700000006]]}},{"type":"Feature","properties":{"name":null,"kind":"service"},"geometry":{"type":"LineString","coordinates":[[121.6139886,25.041011799999996],[121.6142199,25.040824899999997],[121.6145815,25.0395084],[121.6154174,25.038661200000004]]}},{"type":"Feature","properties":{"name":"人文大道","kind":"service"},"geometry":{"type":"LineString","coordinates":[[121.61750080000002,25.0397205],[121.6146589,25.039969599999996]]}},{"type":"Feature","properties":{"name":null,"kind":"service"},"geometry":{"type":"LineString","coordinates":[[121.62282,25.039097299999998],[121.6231777,25.039094900000002]]}},{"type":"Feature","properties":{"name":null,"kind":"footway"},"geometry":{"type":"LineString","coordinates":[[121.6215699,25.0390956],[121.62163969999999,25.039172099999995]]}},{"type":"Feature","properties":{"name":"舊莊街一段199巷","kind":"residential"},"geometry":{"type":"LineString","coordinates":[[121.6225312,25.039129999999997],[121.6225948,25.0391854],[121.62282,25.039097299999998]]}},{"type":"Feature","properties":{"name":null,"kind":"footway"},"geometry":{"type":"LineString","coordinates":[[121.6214043,25.03929],[121.62133330000002,25.039270299999995],[121.62134060000001,25.039192799999995]]}},{"type":"Feature","properties":{"name":null,"kind":"steps"},"geometry":{"type":"LineString","coordinates":[[121.6194569,25.039385099999997],[121.6193986,25.039236899999995]]}},{"type":"Feature","properties":{"name":null,"kind":"footway"},"geometry":{"type":"LineString","coordinates":[[121.62121390000001,25.0392511],[121.6212789,25.0393562]]}},{"type":"Feature","properties":{"name":null,"kind":"footway"},"geometry":{"type":"LineString","coordinates":[[121.6193986,25.039236899999995],[121.6191197,25.039466899999994]]}},{"type":"Feature","properties":{"name":"舊莊街一段199巷","kind":"residential"},"geometry":{"type":"LineString","coordinates":[[121.6228115,25.039711999999994],[121.62282,25.039097299999998]]}},{"type":"Feature","properties":{"name":"舊莊街一段199巷5弄","kind":"residential"},"geometry":{"type":"LineString","coordinates":[[121.6222314,25.039360399999996],[121.62236450000002,25.0395251],[121.62280770000001,25.0394613]]}},{"type":"Feature","properties":{"name":null,"kind":"service"},"geometry":{"type":"LineString","coordinates":[[121.6215537,25.039744599999995],[121.62123650000001,25.0393097]]}},{"type":"Feature","properties":{"name":null,"kind":"steps"},"geometry":{"type":"LineString","coordinates":[[121.619178,25.0396151],[121.6191197,25.039466899999994]]}},{"type":"Feature","properties":{"name":null,"kind":"path"},"geometry":{"type":"LineString","coordinates":[[121.6187328,25.0394105],[121.6188937,25.039733500000004],[121.6187799,25.0398845]]}},{"type":"Feature","properties":{"name":"舊莊街一段145巷2弄","kind":"service"},"geometry":{"type":"LineString","coordinates":[[121.6219906,25.039214899999994],[121.62049420000001,25.040111]]}},{"type":"Feature","properties":{"name":"舊莊街一段145巷6弄","kind":"residential"},"geometry":{"type":"LineString","coordinates":[[121.6205291,25.040346299999996],[121.6225312,25.039129999999997]]}},{"type":"Feature","properties":{"name":null,"kind":"residential"},"geometry":{"type":"LineString","coordinates":[[121.6228108,25.039754400000003],[121.6228115,25.039711999999994]]}},{"type":"Feature","properties":{"name":null,"kind":"footway"},"geometry":{"type":"LineString","coordinates":[[121.61824820000001,25.03973059999999],[121.6187352,25.0398532],[121.6188309,25.039941399999996]]}},{"type":"Feature","properties":{"name":"福爾摩沙高速公路","kind":"motorway"},"geometry":{"type":"LineString","coordinates":[[121.6245051,25.042279799999992],[121.6241696,25.040810599999997],[121.623727,25.039717400000004],[121.6229216,25.038282400000003],[121.62224270000002,25.037364099999998]]}},{"type":"Feature","properties":{"name":null,"kind":"footway"},"geometry":{"type":"LineString","coordinates":[[121.62029250000002,25.039822199999996],[121.6203336,25.039932200000003],[121.6204628,25.039848900000003],[121.62038970000002,25.0397517]]}},{"type":"Feature","properties":{"name":null,"kind":"residential"},"geometry":{"type":"LineString","coordinates":[[121.6228068,25.039923399999996],[121.6228108,25.039754400000003]]}},{"type":"Feature","properties":{"name":null,"kind":"footway"},"geometry":{"type":"LineString","coordinates":[[121.6194569,25.039385099999997],[121.61951240000002,25.039659699999998],[121.61966990000002,25.039839399999998],[121.6193936,25.040036299999993],[121.61966870000002,25.0403469]]}},{"type":"Feature","properties":{"name":null,"kind":"footway"},"geometry":{"type":"LineString","coordinates":[[121.6187799,25.0398845],[121.61859290000001,25.040094499999995]]}},{"type":"Feature","properties":{"name":null,"kind":"residential"},"geometry":{"type":"LineString","coordinates":[[121.621463,25.0402348],[121.62125300000001,25.0399312]]}},{"type":"Feature","properties":{"name":null,"kind":"footway"},"geometry":{"type":"LineString","coordinates":[[121.61890890000001,25.040245799999997],[121.6188309,25.039941399999996]]}},{"type":"Feature","properties":{"name":"福爾摩沙高速公路","kind":"motorway"},"geometry":{"type":"LineString","coordinates":[[121.62303329999999,25.038162099999997],[121.62385740000002,25.0395776],[121.62445480000001,25.041157899999998],[121.624722,25.042197899999994]]}},{"type":"Feature","properties":{"name":null,"kind":"service"},"geometry":{"type":"LineString","coordinates":[[121.6144562,25.0399543],[121.6144148,25.039950100000002]]}},{"type":"Feature","properties":{"name":"世杰橋","kind":"service"},"geometry":{"type":"LineString","coordinates":[[121.6146589,25.039969599999996],[121.6144562,25.0399543]]}},{"type":"Feature","properties":{"name":null,"kind":"service"},"geometry":{"type":"LineString","coordinates":[[121.6167729,25.0397835],[121.61680240000001,25.0401479],[121.61657280000001,25.040170200000006]]}},{"type":"Feature","properties":{"name":null,"kind":"pedestrian"},"geometry":{"type":"LineString","coordinates":[[121.6165421,25.039959699999997],[121.6167105,25.039945300000003],[121.6167201,25.040037600000005],[121.6165517,25.040051999999992],[121.6165421,25.039959699999997]]}},{"type":"Feature","properties":{"name":null,"kind":"path"},"geometry":{"type":"LineString","coordinates":[[121.61807750000001,25.039572399999997],[121.61799580000002,25.0400702],[121.61785970000001,25.040241499999997],[121.61793080000001,25.0404146],[121.61776610000001,25.040560099999997],[121.61775400000002,25.040727700000005]]}},{"type":"Feature","properties":{"name":null,"kind":"service"},"geometry":{"type":"LineString","coordinates":[[121.6153205,25.0399006],[121.61546039999999,25.040933999999996]]}},{"type":"Feature","properties":{"name":"人行小步道","kind":"footway"},"geometry":{"type":"LineString","coordinates":[[121.6169102,25.039773499999992],[121.6169133,25.040838799999996],[121.616656,25.0408611],[121.61666530000001,25.041022999999996],[121.6160765,25.041064800000004]]}},{"type":"Feature","properties":{"name":"人行小步道","kind":"footway"},"geometry":{"type":"LineString","coordinates":[[121.61730889999998,25.039744399999996],[121.61749849999998,25.0402273],[121.61746399999998,25.040760399999996],[121.6170797,25.041245999999997]]}},{"type":"Feature","properties":{"name":null,"kind":"path"},"geometry":{"type":"LineString","coordinates":[[121.6182529,25.0396934],[121.6183245,25.0398551],[121.6185481,25.039950799999996],[121.61859290000001,25.040094499999995],[121.61842010000001,25.0402842],[121.6182087,25.040868],[121.61786509999999,25.04130819999999]]}},{"type":"Feature","properties":{"name":null,"kind":"service"},"geometry":{"type":"LineString","coordinates":[[121.61454710000001,25.040579799999996],[121.6154189,25.040525299999995]]}},{"type":"Feature","properties":{"name":null,"kind":"footway"},"geometry":{"type":"LineString","coordinates":[[121.6196837,25.0402432],[121.6197581,25.0403471]]}},{"type":"Feature","properties":{"name":"舊莊街一段145巷8弄","kind":"residential"},"geometry":{"type":"LineString","coordinates":[[121.6205859,25.0406078],[121.6213802,25.040138799999998]]}},{"type":"Feature","properties":{"name":null,"kind":"footway"},"geometry":{"type":"LineString","coordinates":[[121.6195697,25.0403349],[121.6196495,25.040428499999997]]}},{"type":"Feature","properties":{"name":null,"kind":"footway"},"geometry":{"type":"LineString","coordinates":[[121.6192811,25.040636799999998],[121.61890890000001,25.040245799999997]]}},{"type":"Feature","properties":{"name":"舊莊街一段145巷","kind":"residential"},"geometry":{"type":"LineString","coordinates":[[121.62032319999999,25.039858400000004],[121.62049420000001,25.040111],[121.62069270000002,25.041056999999995],[121.6208127,25.041155499999995]]}},{"type":"Feature","properties":{"name":null,"kind":"footway"},"geometry":{"type":"LineString","coordinates":[[121.6190822,25.040713399999998],[121.6191532,25.0407948],[121.6192552,25.040727399999998],[121.6191667,25.040622299999992]]}},{"type":"Feature","properties":{"name":"舊莊街一段","kind":"secondary"},"geometry":{"type":"LineString","coordinates":[[121.61698299999999,25.0424322],[121.6175287,25.0419233],[121.62032319999999,25.039858400000004],[121.6216514,25.039082199999992]]}},{"type":"Feature","properties":{"name":"舊莊街一段91巷16弄","kind":"residential"},"geometry":{"type":"LineString","coordinates":[[121.620657,25.040944999999994],[121.61973929999999,25.041363199999996]]}},{"type":"Feature","properties":{"name":null,"kind":"steps"},"geometry":{"type":"LineString","coordinates":[[121.61143130000002,25.037028],[121.61172650000002,25.0366783]]}},{"type":"Feature","properties":{"name":null,"kind":"service"},"geometry":{"type":"LineString","coordinates":[[121.61395579999999,25.036677],[121.61385790000001,25.0370755]]}},{"type":"Feature","properties":{"name":null,"kind":"service"},"geometry":{"type":"LineString","coordinates":[[121.6094916,25.036725199999992],[121.6090421,25.036522900000005],[121.607923,25.0362397],[121.6072351,25.0359289],[121.60701410000001,25.0359614],[121.607086,25.0361388],[121.60772540000002,25.0363911],[121.60975870000001,25.037624799999996],[121.61082619999999,25.037918100000002]]}},{"type":"Feature","properties":{"name":null,"kind":"steps"},"geometry":{"type":"LineString","coordinates":[[121.61132060000001,25.0366196],[121.6109715,25.037202700000005]]}},{"type":"Feature","properties":{"name":null,"kind":"service"},"geometry":{"type":"LineString","coordinates":[[121.60857480000001,25.0371162],[121.6089673,25.037126699999995]]}},{"type":"Feature","properties":{"name":null,"kind":"steps"},"geometry":{"type":"LineString","coordinates":[[121.6117918,25.0373079],[121.6121108,25.036938299999996]]}},{"type":"Feature","properties":{"name":null,"kind":"steps"},"geometry":{"type":"LineString","coordinates":[[121.6091621,25.0372421],[121.6088169,25.037743799999994]]}},{"type":"Feature","properties":{"name":null,"kind":"steps"},"geometry":{"type":"LineString","coordinates":[[121.6112003,25.037262199999997],[121.6111804,25.037560500000005],[121.6108926,25.037893800000003]]}},{"type":"Feature","properties":{"name":null,"kind":"footway"},"geometry":{"type":"LineString","coordinates":[[121.6108926,25.037893800000003],[121.61082619999999,25.037918100000002]]}},{"type":"Feature","properties":{"name":null,"kind":"path"},"geometry":{"type":"LineString","coordinates":[[121.6088169,25.037743799999994],[121.60889439999998,25.037904600000005],[121.60848350000002,25.0380723]]}},{"type":"Feature","properties":{"name":null,"kind":"path"},"geometry":{"type":"LineString","coordinates":[[121.60264759999998,25.032910499999993],[121.60288900000002,25.033239399999992],[121.60259659999998,25.033827100000003],[121.6025898,25.034106399999995],[121.60275769999998,25.034456699999996],[121.6023239,25.034747399999997],[121.6019131,25.034851399999997],[121.6015735,25.035444999999992],[121.5999898,25.035313799999994],[121.5989079,25.035022799999997],[121.59874630000002,25.0348606]]}},{"type":"Feature","properties":{"name":null,"kind":"path"},"geometry":{"type":"LineString","coordinates":[[121.5992718,25.03512],[121.5991316,25.035024599999993],[121.59904489999998,25.0346664],[121.5990531,25.03440369999999],[121.59932090000001,25.034120599999994],[121.59929020000001,25.0337734]]}},{"type":"Feature","properties":{"name":null,"kind":"service"},"geometry":{"type":"LineString","coordinates":[[121.59928750000002,25.0385605],[121.5991983,25.038208]]}},{"type":"Feature","properties":{"name":null,"kind":"service"},"geometry":{"type":"MultiLineString","coordinates":[[[121.5982979,25.038812900000003],[121.5976838,25.0389555]],[[121.5976838,25.0389555],[121.5970766,25.039098999999997],[121.59635249999998,25.0390512],[121.5961915,25.038336799999996],[121.5962232,25.038208200000007],[121.5967762,25.0378848],[121.5973088,25.037740299999996],[121.59742869999998,25.037845099999995],[121.5976838,25.0389555]]]}},{"type":"Feature","properties":{"name":null,"kind":"service"},"geometry":{"type":"LineString","coordinates":[[121.5970766,25.039098999999997],[121.5967003,25.037929700000003]]}},{"type":"Feature","properties":{"name":null,"kind":"service"},"geometry":{"type":"LineString","coordinates":[[121.59419650000001,25.039436700000003],[121.59461560000001,25.039453699999992],[121.59488890000002,25.039363599999998],[121.5952163,25.0387323],[121.5954042,25.0386349],[121.5956469,25.038672499999997],[121.5961978,25.039230899999996],[121.5967717,25.039279999999994],[121.5977498,25.0391092],[121.5982979,25.038812900000003],[121.59928750000002,25.0385605],[121.5994236,25.038932199999998],[121.5991661,25.039272399999994]]}},{"type":"Feature","properties":{"name":null,"kind":"service"},"geometry":{"type":"LineString","coordinates":[[121.59577240000002,25.0394929],[121.5974389,25.039809]]}},{"type":"Feature","properties":{"name":null,"kind":"service"},"geometry":{"type":"LineString","coordinates":[[121.59713310000001,25.041370199999992],[121.59770679999998,25.041450200000003],[121.5979088,25.04133579999999],[121.5984309,25.040122799999995],[121.59871720000001,25.0400389],[121.59919430000001,25.0401635],[121.59997799999998,25.039986399999997],[121.600072,25.039880299999997],[121.6000503,25.039678799999997],[121.5999084,25.039587000000004],[121.5993114,25.039926199999993],[121.59893820000002,25.039838000000003],[121.5988394,25.039715999999995],[121.5985376,25.038763900000003],[121.59876729999999,25.038077099999995],[121.59891710000001,25.037985000000003],[121.5995509,25.037844099999994]]}},{"type":"Feature","properties":{"name":null,"kind":"service"},"geometry":{"type":"LineString","coordinates":[[121.59577240000002,25.0394929],[121.5952745,25.039400699999998],[121.5950741,25.0400535]]}},{"type":"Feature","properties":{"name":null,"kind":"service"},"geometry":{"type":"LineString","coordinates":[[121.59577240000002,25.0394929],[121.5956273,25.04014919999999]]}},{"type":"Feature","properties":{"name":null,"kind":"steps"},"geometry":{"type":"LineString","coordinates":[[121.61218020000001,25.037798700000003],[121.61226060000001,25.03787339999999],[121.6120513,25.038105499999997]]}},{"type":"Feature","properties":{"name":null,"kind":"path"},"geometry":{"type":"LineString","coordinates":[[121.60869069999998,25.03886719999999],[121.60858059999998,25.0384413],[121.60841259999998,25.0381507],[121.60848350000002,25.0380723]]}},{"type":"Feature","properties":{"name":null,"kind":"path"},"geometry":{"type":"LineString","coordinates":[[121.60881609999998,25.040231299999995],[121.60861250000002,25.039824999999997],[121.6088297,25.0394799],[121.6090577,25.0392782],[121.6088405,25.039144599999997],[121.60869069999998,25.03886719999999],[121.6082369,25.038625299999996],[121.6080993,25.038364899999998],[121.6074538,25.038016999999996],[121.6074135,25.037939200000004],[121.6075065,25.037767100000003]]}},{"type":"Feature","properties":{"name":null,"kind":"service"},"geometry":{"type":"LineString","coordinates":[[121.61288559999998,25.038754799999996],[121.61284269999999,25.0390755],[121.61302509999999,25.038910299999998],[121.6137171,25.039563099999995],[121.6143123,25.039605400000003],[121.6144681,25.0397531]]}},{"type":"Feature","properties":{"name":null,"kind":"path"},"geometry":{"type":"LineString","coordinates":[[121.60852850000002,25.039877899999997],[121.6083455,25.0396987],[121.60820070000001,25.03933899999999],[121.60801830000001,25.039205399999997],[121.6079191,25.038907699999996],[121.60775279999999,25.038882099999995]]}},{"type":"Feature","properties":{"name":null,"kind":"steps"},"geometry":{"type":"LineString","coordinates":[[121.61167310000002,25.040077199999992],[121.6119211,25.040025199999995],[121.6118301,25.039867799999993],[121.6120535,25.0396129],[121.6119542,25.03932049999999],[121.6120538,25.0392794],[121.61218940000002,25.039328800000003],[121.6122769,25.0395454],[121.61279820000001,25.039650399999996],[121.61328690000002,25.039884499999992]]}},{"type":"Feature","properties":{"name":null,"kind":"path"},"geometry":{"type":"LineString","coordinates":[[121.6088995,25.039477499999993],[121.60895850000001,25.039532499999996],[121.6091126,25.039437600000003],[121.6092974,25.039521299999997],[121.609128,25.039928899999996],[121.6093212,25.040142499999998]]}},{"type":"Feature","properties":{"name":null,"kind":"footway"},"geometry":{"type":"LineString","coordinates":[[121.61328690000002,25.039884499999992],[121.6134453,25.040001600000004]]}},{"type":"Feature","properties":{"name":null,"kind":"service"},"geometry":{"type":"LineString","coordinates":[[121.61098670000001,25.0394034],[121.6111822,25.039413299999993],[121.61144840000001,25.0396704],[121.6117507,25.0403438],[121.611967,25.0406111]]}},{"type":"Feature","properties":{"name":null,"kind":"path"},"geometry":{"type":"LineString","coordinates":[[121.6100568,25.039744999999996],[121.6101359,25.0398159],[121.609731,25.040046099999998],[121.6094064,25.040170499999995],[121.6089933,25.040134299999995],[121.60881609999998,25.040231299999995],[121.60887,25.040321999999993]]}},{"type":"Feature","properties":{"name":null,"kind":"footway"},"geometry":{"type":"LineString","coordinates":[[121.6131044,25.040293399999996],[121.61306580000002,25.040132300000003],[121.6134453,25.040001600000004]]}},{"type":"Feature","properties":{"name":null,"kind":"path"},"geometry":{"type":"LineString","coordinates":[[121.6094064,25.040170499999995],[121.6091774,25.040360499999995],[121.6090428,25.0405923],[121.6087741,25.040629399999997],[121.6085849,25.0403518],[121.6085017,25.039962899999995],[121.60861250000002,25.039824999999997]]}},{"type":"Feature","properties":{"name":null,"kind":"service"},"geometry":{"type":"LineString","coordinates":[[121.6134453,25.040001600000004],[121.61376910000001,25.0405889]]}},{"type":"Feature","properties":{"name":null,"kind":"track"},"geometry":{"type":"LineString","coordinates":[[121.6100568,25.039744999999996],[121.6101414,25.0396614],[121.6101889,25.039704499999992],[121.6101534,25.040093499999998],[121.6104042,25.0402697],[121.6104706,25.040711999999996],[121.6107579,25.0407809],[121.61087780000001,25.041014700000005]]}},{"type":"Feature","properties":{"name":null,"kind":"footway"},"geometry":{"type":"LineString","coordinates":[[121.6129931,25.0404492],[121.6130903,25.040400299999998],[121.6131044,25.040293399999996]]}},{"type":"Feature","properties":{"name":null,"kind":"footway"},"geometry":{"type":"LineString","coordinates":[[121.61156060000002,25.040431999999996],[121.6113628,25.040425200000005]]}},{"type":"Feature","properties":{"name":null,"kind":"footway"},"geometry":{"type":"LineString","coordinates":[[121.6108377,25.0409145],[121.610916,25.040884],[121.61107910000001,25.040198899999996],[121.6112523,25.040002699999995],[121.61145440000001,25.0399856],[121.6117507,25.0403438]]}},{"type":"Feature","properties":{"name":null,"kind":"footway"},"geometry":{"type":"LineString","coordinates":[[121.6113628,25.040425200000005],[121.611212,25.040511499999997]]}},{"type":"Feature","properties":{"name":null,"kind":"footway"},"geometry":{"type":"LineString","coordinates":[[121.6115755,25.0405172],[121.61156060000002,25.040431999999996]]}},{"type":"Feature","properties":{"name":null,"kind":"footway"},"geometry":{"type":"LineString","coordinates":[[121.611212,25.040511499999997],[121.61118680000001,25.0405426]]}},{"type":"Feature","properties":{"name":null,"kind":"service"},"geometry":{"type":"LineString","coordinates":[[121.6124503,25.040544300000004],[121.61265010000001,25.040592699999998],[121.6129931,25.0404492]]}},{"type":"Feature","properties":{"name":null,"kind":"footway"},"geometry":{"type":"LineString","coordinates":[[121.6115572,25.040560800000005],[121.6115755,25.0405172]]}},{"type":"Feature","properties":{"name":null,"kind":"steps"},"geometry":{"type":"LineString","coordinates":[[121.61119499999998,25.040550800000002],[121.6110866,25.04053319999999],[121.6109749,25.0406338]]}},{"type":"Feature","properties":{"name":null,"kind":"footway"},"geometry":{"type":"LineString","coordinates":[[121.611967,25.0406111],[121.61119499999998,25.040550800000002]]}},{"type":"Feature","properties":{"name":null,"kind":"service"},"geometry":{"type":"LineString","coordinates":[[121.61322670000001,25.040850899999995],[121.6129931,25.0404492]]}},{"type":"Feature","properties":{"name":null,"kind":"footway"},"geometry":{"type":"LineString","coordinates":[[121.6119589,25.0408251],[121.6124503,25.040544300000004]]}},{"type":"Feature","properties":{"name":null,"kind":"footway"},"geometry":{"type":"LineString","coordinates":[[121.6108156,25.0408829],[121.6106272,25.040918799999993]]}},{"type":"Feature","properties":{"name":null,"kind":"footway"},"geometry":{"type":"LineString","coordinates":[[121.6121806,25.040952799999996],[121.6122269,25.0408682]]}},{"type":"Feature","properties":{"name":null,"kind":"footway"},"geometry":{"type":"LineString","coordinates":[[121.6119325,25.0408996],[121.6121806,25.040952799999996],[121.6123585,25.041089799999995]]}},{"type":"Feature","properties":{"name":null,"kind":"service"},"geometry":{"type":"LineString","coordinates":[[121.6139886,25.041011799999996],[121.6140065,25.041042300000004]]}},{"type":"Feature","properties":{"name":null,"kind":"service"},"geometry":{"type":"LineString","coordinates":[[121.6146835,25.039970099999998],[121.61446699999999,25.0409369],[121.6140795,25.0412871]]}},{"type":"Feature","properties":{"name":null,"kind":"service"},"geometry":{"type":"LineString","coordinates":[[121.61587509999998,25.041798500000002],[121.61608500000001,25.041225999999998],[121.61594,25.039844200000005]]}},{"type":"Feature","properties":{"name":null,"kind":"footway"},"geometry":{"type":"LineString","coordinates":[[121.61501940000001,25.040997],[121.6150353,25.041006499999998]]}},{"type":"Feature","properties":{"name":null,"kind":"footway"},"geometry":{"type":"LineString","coordinates":[[121.6150353,25.041006499999998],[121.61503700000002,25.0410012]]}},{"type":"Feature","properties":{"name":null,"kind":"footway"},"geometry":{"type":"LineString","coordinates":[[121.6150353,25.041006499999998],[121.61516750000001,25.0410449]]}},{"type":"Feature","properties":{"name":null,"kind":"footway"},"geometry":{"type":"LineString","coordinates":[[121.61499920000001,25.041024100000005],[121.61514030000001,25.041058299999996]]}},{"type":"Feature","properties":{"name":null,"kind":"footway"},"geometry":{"type":"LineString","coordinates":[[121.61516360000002,25.041057099999996],[121.61516750000001,25.0410449]]}},{"type":"Feature","properties":{"name":null,"kind":"footway"},"geometry":{"type":"LineString","coordinates":[[121.6151914,25.0410638],[121.61519540000002,25.041051599999996]]}},{"type":"Feature","properties":{"name":null,"kind":"footway"},"geometry":{"type":"LineString","coordinates":[[121.61516160000001,25.0410635],[121.61516360000002,25.041057099999996]]}},{"type":"Feature","properties":{"name":null,"kind":"footway"},"geometry":{"type":"LineString","coordinates":[[121.61516360000002,25.041057099999996],[121.6151914,25.0410638]]}},{"type":"Feature","properties":{"name":null,"kind":"service"},"geometry":{"type":"LineString","coordinates":[[121.6086427,25.036934399999996],[121.60857480000001,25.0371162],[121.6084204,25.037114600000002],[121.6078815,25.036733800000004],[121.60663790000001,25.036340299999996],[121.60649590000001,25.036450900000002],[121.60651789999999,25.036540999999996],[121.60721840000001,25.0368762],[121.6074564,25.037106099999992],[121.60851000000001,25.03754049999999]]}},{"type":"Feature","properties":{"name":null,"kind":"steps"},"geometry":{"type":"LineString","coordinates":[[121.60764320000001,25.037775299999996],[121.6080438,25.0370445]]}},{"type":"Feature","properties":{"name":null,"kind":"path"},"geometry":{"type":"LineString","coordinates":[[121.60493750000002,25.036514099999998],[121.6045654,25.0365312],[121.60449030000001,25.036619900000005],[121.6045198,25.037136300000004],[121.6043977,25.0372857],[121.60459350000001,25.037842199999993],[121.6044004,25.038323400000003],[121.6043884,25.0386187],[121.60411610000001,25.038830700000002],[121.6036735,25.0388617]]}},{"type":"Feature","properties":{"name":null,"kind":"path"},"geometry":{"type":"LineString","coordinates":[[121.6044219,25.037460699999993],[121.60480010000002,25.037560300000003],[121.60502670000001,25.037797299999998],[121.6052681,25.0383441],[121.6053647,25.038359899999996],[121.60576300000001,25.038172700000004]]}},{"type":"Feature","properties":{"name":null,"kind":"service"},"geometry":{"type":"LineString","coordinates":[[121.6054328,25.0438181],[121.6055675,25.0436039],[121.60562169999999,25.0433244],[121.60589280000002,25.043014499999995],[121.606091,25.042284499999997],[121.605947,25.0418475],[121.60561990000001,25.041618799999995],[121.6054535,25.041356199999996],[121.60540860000002,25.0402756]]}},{"type":"Feature","properties":{"name":null,"kind":"service"},"geometry":{"type":"LineString","coordinates":[[121.60562169999999,25.0433244],[121.6052413,25.043002599999994],[121.60449030000001,25.0428617]]}},{"type":"Feature","properties":{"name":null,"kind":"service"},"geometry":{"type":"LineString","coordinates":[[121.60476390000001,25.0458846],[121.6051442,25.0451133],[121.60510530000002,25.0448897],[121.604765,25.044466000000003],[121.6044857,25.044263999999995],[121.60196580000002,25.043330799999996],[121.601321,25.042975],[121.6005856,25.042207099999988],[121.60049390000002,25.042022799999998],[121.6003442,25.0413705],[121.6004182,25.0406039],[121.60026179999998,25.040534299999994],[121.60006,25.0405914],[121.5994351,25.041717300000002],[121.599303,25.0421689],[121.5993557,25.0458674]]}},{"type":"Feature","properties":{"name":null,"kind":"service"},"geometry":{"type":"LineString","coordinates":[[121.6082233,25.042302099999997],[121.60822499999999,25.042550799999994],[121.6079152,25.043493899999998],[121.606996,25.0455194],[121.6068345,25.0460984]]}},{"type":"Feature","properties":{"name":null,"kind":"service"},"geometry":{"type":"LineString","coordinates":[[121.60505829999998,25.044814599999995],[121.60568079999999,25.044421],[121.605709,25.043848599999997],[121.6054328,25.0438181]]}},{"type":"Feature","properties":{"name":null,"kind":"service"},"geometry":{"type":"LineString","coordinates":[[121.6054328,25.0438181],[121.60530480000001,25.0443877],[121.60505829999998,25.044814599999995]]}},{"type":"Feature","properties":{"name":null,"kind":"footway"},"geometry":{"type":"LineString","coordinates":[[121.6151122,25.041216499999997],[121.6151233,25.041182]]}},{"type":"Feature","properties":{"name":null,"kind":"footway"},"geometry":{"type":"LineString","coordinates":[[121.61527220000002,25.041166199999996],[121.6154059,25.041251300000003]]}},{"type":"Feature","properties":{"name":null,"kind":"footway"},"geometry":{"type":"LineString","coordinates":[[121.61507990000001,25.041208699999995],[121.6151122,25.041216499999997]]}},{"type":"Feature","properties":{"name":null,"kind":"footway"},"geometry":{"type":"LineString","coordinates":[[121.61508650000002,25.041295699999996],[121.6151122,25.041216499999997]]}},{"type":"Feature","properties":{"name":null,"kind":"footway"},"geometry":{"type":"LineString","coordinates":[[121.61493860000002,25.041274199999997],[121.61494130000001,25.041265699999997]]}},{"type":"Feature","properties":{"name":null,"kind":"footway"},"geometry":{"type":"LineString","coordinates":[[121.6149361,25.041281699999995],[121.61493860000002,25.041274199999997]]}},{"type":"Feature","properties":{"name":null,"kind":"footway"},"geometry":{"type":"LineString","coordinates":[[121.61491010000002,25.0412839],[121.6149361,25.041281699999995]]}},{"type":"Feature","properties":{"name":null,"kind":"footway"},"geometry":{"type":"LineString","coordinates":[[121.6150345,25.041283099999998],[121.61506520000002,25.041290599999993]]}},{"type":"Feature","properties":{"name":null,"kind":"footway"},"geometry":{"type":"LineString","coordinates":[[121.61493860000002,25.041274199999997],[121.6150822,25.041308999999995]]}},{"type":"Feature","properties":{"name":null,"kind":"footway"},"geometry":{"type":"LineString","coordinates":[[121.61506520000002,25.041290599999993],[121.61508650000002,25.041295699999996]]}},{"type":"Feature","properties":{"name":null,"kind":"footway"},"geometry":{"type":"LineString","coordinates":[[121.6150822,25.041308999999995],[121.61508650000002,25.041295699999996]]}},{"type":"Feature","properties":{"name":null,"kind":"footway"},"geometry":{"type":"LineString","coordinates":[[121.6150822,25.041308999999995],[121.6151041,25.041314300000003]]}},{"type":"Feature","properties":{"name":null,"kind":"footway"},"geometry":{"type":"LineString","coordinates":[[121.61507450000002,25.041332399999998],[121.6150822,25.041308999999995]]}},{"type":"Feature","properties":{"name":null,"kind":"footway"},"geometry":{"type":"LineString","coordinates":[[121.61505329999999,25.041327199999994],[121.61507450000002,25.041332399999998]]}},{"type":"Feature","properties":{"name":null,"kind":"footway"},"geometry":{"type":"LineString","coordinates":[[121.61507450000002,25.041332399999998],[121.6150855,25.041335099999998]]}},{"type":"Feature","properties":{"name":null,"kind":"footway"},"geometry":{"type":"LineString","coordinates":[[121.6150855,25.041335099999998],[121.61509580000002,25.0413375]]}},{"type":"Feature","properties":{"name":null,"kind":"footway"},"geometry":{"type":"LineString","coordinates":[[121.61509580000002,25.0413375],[121.61510820000001,25.0413406]]}},{"type":"Feature","properties":{"name":null,"kind":"footway"},"geometry":{"type":"LineString","coordinates":[[121.6150802,25.041351499999998],[121.6150855,25.041335099999998]]}},{"type":"Feature","properties":{"name":null,"kind":"footway"},"geometry":{"type":"LineString","coordinates":[[121.61510820000001,25.0413406],[121.6151368,25.041347499999997]]}},{"type":"Feature","properties":{"name":null,"kind":"footway"},"geometry":{"type":"LineString","coordinates":[[121.6151029,25.041357],[121.61510820000001,25.0413406]]}},{"type":"Feature","properties":{"name":null,"kind":"footway"},"geometry":{"type":"LineString","coordinates":[[121.6133979,25.04109439999999],[121.6132935,25.0410659],[121.6132569,25.041170100000002]]}},{"type":"Feature","properties":{"name":"胡適橋","kind":"service"},"geometry":{"type":"LineString","coordinates":[[121.6140065,25.041042300000004],[121.614094,25.0411956]]}},{"type":"Feature","properties":{"name":null,"kind":"footway"},"geometry":{"type":"LineString","coordinates":[[121.61396629999999,25.041200099999994],[121.6139094,25.0410897],[121.61379829999998,25.0411076],[121.6135656,25.040959600000004],[121.6133885,25.0411246],[121.61347690000001,25.0412829]]}},{"type":"Feature","properties":{"name":null,"kind":"footway"},"geometry":{"type":"LineString","coordinates":[[121.6132569,25.041170100000002],[121.6129678,25.041093599999996]]}},{"type":"Feature","properties":{"name":null,"kind":"service"},"geometry":{"type":"LineString","coordinates":[[121.61229609999998,25.04125519999999],[121.6123585,25.041089799999995]]}},{"type":"Feature","properties":{"name":null,"kind":"service"},"geometry":{"type":"LineString","coordinates":[[121.614094,25.0411956],[121.6140795,25.0412871]]}},{"type":"Feature","properties":{"name":null,"kind":"service"},"geometry":{"type":"LineString","coordinates":[[121.61186979999998,25.0411261],[121.61319240000002,25.0415265]]}},{"type":"Feature","properties":{"name":null,"kind":"footway"},"geometry":{"type":"LineString","coordinates":[[121.61400790000002,25.041586899999995],[121.6141197,25.041298300000005]]}},{"type":"Feature","properties":{"name":null,"kind":"service"},"geometry":{"type":"LineString","coordinates":[[121.61163570000001,25.0419791],[121.6115941,25.0418862],[121.6110711,25.041583999999997],[121.61106500000001,25.041445499999995],[121.61087050000002,25.041355699999997],[121.61087780000001,25.041014700000005]]}},{"type":"Feature","properties":{"name":null,"kind":"service"},"geometry":{"type":"LineString","coordinates":[[121.61228199999998,25.042466299999994],[121.61240580000002,25.0421117],[121.6127357,25.041806999999995],[121.6130174,25.040947800000005],[121.61376910000001,25.0405889],[121.6139886,25.041011799999996]]}},{"type":"Feature","properties":{"name":null,"kind":"footway"},"geometry":{"type":"LineString","coordinates":[[121.58780410000001,25.0388587],[121.58790820000002,25.0388289]]}},{"type":"Feature","properties":{"name":"福德街309巷","kind":"residential"},"geometry":{"type":"LineString","coordinates":[[121.5880187,25.038453599999997],[121.5875784,25.0392848]]}},{"type":"Feature","properties":{"name":null,"kind":"footway"},"geometry":{"type":"LineString","coordinates":[[121.5880719,25.0385178],[121.58852039999998,25.0383517],[121.58844199999999,25.038668599999998]]}},{"type":"Feature","properties":{"name":"福德街339巷5弄","kind":"service"},"geometry":{"type":"LineString","coordinates":[[121.59006690000001,25.038647100000002],[121.5890523,25.0383915]]}},{"type":"Feature","properties":{"name":"成福路","kind":"residential"},"geometry":{"type":"LineString","coordinates":[[121.59061260000001,25.0376988],[121.59039570000002,25.037907900000004],[121.59024330000001,25.0386721],[121.58965430000002,25.0393754]]}},{"type":"Feature","properties":{"name":null,"kind":"footway"},"geometry":{"type":"LineString","coordinates":[[121.58814040000001,25.038494299999996],[121.5882468,25.038487399999998],[121.58844199999999,25.038668599999998]]}},{"type":"Feature","properties":{"name":null,"kind":"steps"},"geometry":{"type":"LineString","coordinates":[[121.58819449999999,25.038648399999992],[121.5882342,25.038614799999998]]}},{"type":"Feature","properties":{"name":null,"kind":"steps"},"geometry":{"type":"LineString","coordinates":[[121.58814250000002,25.038639699999994],[121.58812009999998,25.038636]]}},{"type":"Feature","properties":{"name":"福德街309巷20弄","kind":"service"},"geometry":{"type":"LineString","coordinates":[[121.5883797,25.0390163],[121.58861380000002,25.0382928]]}},{"type":"Feature","properties":{"name":null,"kind":"footway"},"geometry":{"type":"LineString","coordinates":[[121.58812009999998,25.038636],[121.58798290000001,25.03868689999999]]}},{"type":"Feature","properties":{"name":"福德街339巷","kind":"service"},"geometry":{"type":"LineString","coordinates":[[121.5888174,25.039136],[121.5891163,25.0381886]]}},{"type":"Feature","properties":{"name":null,"kind":"footway"},"geometry":{"type":"LineString","coordinates":[[121.5882002,25.038698299999997],[121.58814250000002,25.038639699999994]]}},{"type":"Feature","properties":{"name":null,"kind":"footway"},"geometry":{"type":"LineString","coordinates":[[121.5880187,25.038453599999997],[121.5880719,25.0385178],[121.58790820000002,25.0388289],[121.58834870000001,25.038949799999994],[121.58844199999999,25.038668599999998]]}},{"type":"Feature","properties":{"name":null,"kind":"steps"},"geometry":{"type":"LineString","coordinates":[[121.58816060000001,25.0387257],[121.5882002,25.038698299999997]]}},{"type":"Feature","properties":{"name":null,"kind":"footway"},"geometry":{"type":"LineString","coordinates":[[121.58804659999998,25.038679999999992],[121.58805499999998,25.0387602]]}},{"type":"Feature","properties":{"name":null,"kind":"footway"},"geometry":{"type":"LineString","coordinates":[[121.5881634,25.038750499999992],[121.5884783,25.038711599999996]]}},{"type":"Feature","properties":{"name":null,"kind":"footway"},"geometry":{"type":"LineString","coordinates":[[121.5881262,25.038946900000003],[121.5881704,25.0388137],[121.5881114,25.038673000000006]]}},{"type":"Feature","properties":{"name":null,"kind":"footway"},"geometry":{"type":"LineString","coordinates":[[121.58830690000002,25.038851899999997],[121.5883353,25.038769199999997],[121.5884024,25.038788099999998]]}},{"type":"Feature","properties":{"name":"福德街339巷3弄","kind":"service"},"geometry":{"type":"LineString","coordinates":[[121.58895239999998,25.038708299999996],[121.5900085,25.03895659999999]]}},{"type":"Feature","properties":{"name":null,"kind":"footway"},"geometry":{"type":"LineString","coordinates":[[121.5881704,25.0388137],[121.5883749,25.038870899999992]]}},{"type":"Feature","properties":{"name":null,"kind":"footway"},"geometry":{"type":"LineString","coordinates":[[121.5883797,25.0390163],[121.58834870000001,25.038949799999994]]}},{"type":"Feature","properties":{"name":null,"kind":"service"},"geometry":{"type":"LineString","coordinates":[[121.5896029,25.039118199999997],[121.58888150000001,25.038932799999994]]}},{"type":"Feature","properties":{"name":null,"kind":"footway"},"geometry":{"type":"LineString","coordinates":[[121.58750590000001,25.039263800000004],[121.58748910000001,25.0393222],[121.5876044,25.039339199999993],[121.58766609999999,25.0392311]]}},{"type":"Feature","properties":{"name":"福德街310巷6弄","kind":"service"},"geometry":{"type":"LineString","coordinates":[[121.5880874,25.0396703],[121.58749929999999,25.039510600000003]]}},{"type":"Feature","properties":{"name":null,"kind":"footway"},"geometry":{"type":"LineString","coordinates":[[121.5870553,25.0400521],[121.5873357,25.039214499999996]]}},{"type":"Feature","properties":{"name":"福德街309巷","kind":"service"},"geometry":{"type":"LineString","coordinates":[[121.58780410000001,25.0388587],[121.58942760000001,25.0393029]]}},{"type":"Feature","properties":{"name":"福德街339巷","kind":"service"},"geometry":{"type":"LineString","coordinates":[[121.58850349999999,25.0395421],[121.5886531,25.0390911]]}},{"type":"Feature","properties":{"name":null,"kind":"footway"},"geometry":{"type":"LineString","coordinates":[[121.5884842,25.0395555],[121.5885711,25.039560999999992],[121.58853649999999,25.039457100000003],[121.58839570000002,25.0394279],[121.58835679999999,25.039538499999995]]}},{"type":"Feature","properties":{"name":"福德街","kind":"residential"},"geometry":{"type":"LineString","coordinates":[[121.5875784,25.0392848],[121.5892945,25.039762200000002]]}},{"type":"Feature","properties":{"name":"成福路237巷","kind":"service"},"geometry":{"type":"LineString","coordinates":[[121.58991399999998,25.039638299999993],[121.58960490000001,25.0394273]]}},{"type":"Feature","properties":{"name":"福德街373巷","kind":"residential"},"geometry":{"type":"LineString","coordinates":[[121.5916416,25.038726999999998],[121.59137,25.038941400000006],[121.5910694,25.040022500000003],[121.59061320000002,25.0403659]]}},{"type":"Feature","properties":{"name":null,"kind":"residential"},"geometry":{"type":"LineString","coordinates":[[121.58965430000002,25.0393754],[121.5892945,25.039762200000002]]}},{"type":"Feature","properties":{"name":null,"kind":"footway"},"geometry":{"type":"LineString","coordinates":[[121.5891889,25.039758399999993],[121.5892855,25.039663599999997],[121.58942699999999,25.0397353],[121.5893378,25.0397967],[121.5891889,25.039758399999993]]}},{"type":"Feature","properties":{"name":"成福路211巷 / 福德街","kind":"residential"},"geometry":{"type":"LineString","coordinates":[[121.5892945,25.039762200000002],[121.5896067,25.039962199999994]]}},{"type":"Feature","properties":{"name":"成福路206巷","kind":"service"},"geometry":{"type":"LineString","coordinates":[[121.5883222,25.0400205],[121.5889353,25.0401693]]}},{"type":"Feature","properties":{"name":"成福路269巷","kind":"residential"},"geometry":{"type":"LineString","coordinates":[[121.5916416,25.038726999999998],[121.59141160000001,25.0381636],[121.59129759999999,25.0374967]]}},{"type":"Feature","properties":{"name":null,"kind":"footway"},"geometry":{"type":"LineString","coordinates":[[121.591636,25.038826599999993],[121.5915203,25.038672800000004],[121.59169660000002,25.0386186],[121.59174220000001,25.038787899999996]]}},{"type":"Feature","properties":{"name":null,"kind":"footway"},"geometry":{"type":"LineString","coordinates":[[121.59127090000001,25.039363499999997],[121.5914084,25.039385899999992]]}},{"type":"Feature","properties":{"name":"福德街373巷","kind":"residential"},"geometry":{"type":"LineString","coordinates":[[121.5928969,25.040417100000003],[121.5934673,25.039800200000006],[121.5934568,25.0391374],[121.59328740000001,25.0389668],[121.5930342,25.0388579],[121.5916416,25.038726999999998]]}},{"type":"Feature","properties":{"name":null,"kind":"footway"},"geometry":{"type":"LineString","coordinates":[[121.59283469999998,25.0403684],[121.5929916,25.040307599999995],[121.59304800000001,25.040407199999997],[121.5928978,25.0404765]]}},{"type":"Feature","properties":{"name":"福德街","kind":"residential"},"geometry":{"type":"LineString","coordinates":[[121.59061320000002,25.0403659],[121.5907922,25.041216699999996],[121.5911241,25.041352200000002],[121.5915594,25.041256800000003],[121.59202009999998,25.040153499999995],[121.59213500000001,25.040042699999997],[121.59235160000001,25.039994999999998],[121.59250759999999,25.040046999999994],[121.5928969,25.040417100000003]]}},{"type":"Feature","properties":{"name":null,"kind":"service"},"geometry":{"type":"LineString","coordinates":[[121.5957018,25.0424205],[121.5950166,25.042239299999995],[121.5947191,25.0412316],[121.59455619999999,25.041079399999994],[121.5937945,25.041015000000005],[121.59371799999998,25.0409409],[121.59369389999999,25.040726999999997],[121.59408150000002,25.039577600000005],[121.59419650000001,25.039436700000003]]}},{"type":"Feature","properties":{"name":null,"kind":"footway"},"geometry":{"type":"LineString","coordinates":[[121.5921609,25.0418467],[121.5924124,25.041636499999996],[121.5923724,25.04146449999999],[121.5925473,25.0410961],[121.5926355,25.0410963],[121.592672,25.041000099999994],[121.5924245,25.0409021],[121.5927015,25.0405255],[121.59270800000002,25.040437],[121.5925663,25.040366500000005],[121.59226670000001,25.0405989],[121.5921238,25.0405187],[121.5921721,25.040721299999998],[121.59207340000002,25.041012200000004],[121.5920712,25.041682199999997],[121.5918582,25.041729599999996]]}},{"type":"Feature","properties":{"name":"曲橋","kind":"footway"},"geometry":{"type":"LineString","coordinates":[[121.59138310000002,25.0415599],[121.59151179999999,25.041579400000003]]}},{"type":"Feature","properties":{"name":null,"kind":"footway"},"geometry":{"type":"LineString","coordinates":[[121.59151179999999,25.041579400000003],[121.5916245,25.041632799999995]]}},{"type":"Feature","properties":{"name":"福德街310巷12弄","kind":"service"},"geometry":{"type":"LineString","coordinates":[[121.5874218,25.039756999999998],[121.5883222,25.0400205]]}},{"type":"Feature","properties":{"name":null,"kind":"service"},"geometry":{"type":"LineString","coordinates":[[121.58736210000002,25.03993940000001],[121.5878151,25.040059199999998]]}},{"type":"Feature","properties":{"name":"福德街300巷9弄","kind":"service"},"geometry":{"type":"LineString","coordinates":[[121.5873089,25.040122499999995],[121.58680470000002,25.039998600000004]]}},{"type":"Feature","properties":{"name":"福德街310巷24弄","kind":"service"},"geometry":{"type":"LineString","coordinates":[[121.5876581,25.0402056],[121.5872715,25.0402279]]}},{"type":"Feature","properties":{"name":"福德街300巷","kind":"service"},"geometry":{"type":"LineString","coordinates":[[121.58628630000001,25.0415927],[121.5871025,25.039152399999995]]}},{"type":"Feature","properties":{"name":"福德街310巷28弄","kind":"service"},"geometry":{"type":"LineString","coordinates":[[121.5876623,25.0406358],[121.5872715,25.0402279]]}},{"type":"Feature","properties":{"name":"福德街310巷","kind":"service"},"geometry":{"type":"LineString","coordinates":[[121.5875784,25.0392848],[121.58703660000002,25.040980899999997],[121.5867403,25.041600000000003]]}},{"type":"Feature","properties":{"name":null,"kind":"footway"},"geometry":{"type":"LineString","coordinates":[[121.5888375,25.0401885],[121.58896940000001,25.040221599999995],[121.5890254,25.040148299999995],[121.5888807,25.0401115],[121.5888375,25.0401885]]}},{"type":"Feature","properties":{"name":"福德街","kind":"residential"},"geometry":{"type":"LineString","coordinates":[[121.5896067,25.039962199999994],[121.5900379,25.0402373],[121.59061320000002,25.0403659]]}},{"type":"Feature","properties":{"name":null,"kind":"service"},"geometry":{"type":"LineString","coordinates":[[121.5881845,25.040166699999997],[121.588341,25.0402996]]}},{"type":"Feature","properties":{"name":"成福路207巷","kind":"service"},"geometry":{"type":"LineString","coordinates":[[121.58895359999998,25.0401466],[121.5893608,25.040484599999996]]}},{"type":"Feature","properties":{"name":"成福路206巷5弄","kind":"service"},"geometry":{"type":"LineString","coordinates":[[121.5876623,25.0406358],[121.5883222,25.0400205]]}},{"type":"Feature","properties":{"name":null,"kind":"footway"},"geometry":{"type":"LineString","coordinates":[[121.5885814,25.0405628],[121.5886827,25.040613799999996],[121.5887484,25.040548199999996]]}},{"type":"Feature","properties":{"name":"成福路197巷","kind":"service"},"geometry":{"type":"LineString","coordinates":[[121.58908790000001,25.040827800000002],[121.58866960000002,25.04057179999999]]}},{"type":"Feature","properties":{"name":"成福路194巷","kind":"service"},"geometry":{"type":"LineString","coordinates":[[121.5882475,25.0410457],[121.58785270000001,25.040834499999995],[121.5876623,25.0406358]]}},{"type":"Feature","properties":{"name":"成福路194巷2弄","kind":"service"},"geometry":{"type":"LineString","coordinates":[[121.5882523,25.040747100000004],[121.5880711,25.0409546]]}},{"type":"Feature","properties":{"name":null,"kind":"service"},"geometry":{"type":"LineString","coordinates":[[121.58973620000002,25.040980099999995],[121.5895753,25.040846500000004]]}},{"type":"Feature","properties":{"name":null,"kind":"service"},"geometry":{"type":"LineString","coordinates":[[121.58680920000002,25.0409034],[121.58712090000002,25.040067]]}},{"type":"Feature","properties":{"name":null,"kind":"service"},"geometry":{"type":"LineString","coordinates":[[121.5871595,25.040543100000004],[121.586965,25.0404854]]}},{"type":"Feature","properties":{"name":"福德街300巷44弄","kind":"service"},"geometry":{"type":"LineString","coordinates":[[121.58703660000002,25.040980899999997],[121.586519,25.0408274]]}},{"type":"Feature","properties":{"name":"成福路194巷1弄","kind":"service"},"geometry":{"type":"LineString","coordinates":[[121.5877146,25.041076899999997],[121.58785270000001,25.040834499999995]]}},{"type":"Feature","properties":{"name":"成福路180巷","kind":"service"},"geometry":{"type":"LineString","coordinates":[[121.58787,25.041426],[121.58703660000002,25.040980899999997]]}},{"type":"Feature","properties":{"name":"福德街300巷50弄","kind":"service"},"geometry":{"type":"LineString","coordinates":[[121.58685120000001,25.041338800000002],[121.58638289999999,25.0412117]]}},{"type":"Feature","properties":{"name":null,"kind":"footway"},"geometry":{"type":"LineString","coordinates":[[121.5878823,25.0414712],[121.5877967,25.041418799999995],[121.5878583,25.041356399999998],[121.58795350000001,25.041423600000005],[121.58791430000001,25.041479200000005]]}},{"type":"Feature","properties":{"name":"福德街310巷66弄","kind":"service"},"geometry":{"type":"LineString","coordinates":[[121.587241,25.041501100000005],[121.58682489999998,25.041400600000003]]}},{"type":"Feature","properties":{"name":"福德街300巷53弄","kind":"service"},"geometry":{"type":"LineString","coordinates":[[121.585759,25.041415499999996],[121.5861206,25.0415162],[121.58614890000001,25.041630699999995]]}},{"type":"Feature","properties":{"name":null,"kind":"footway"},"geometry":{"type":"LineString","coordinates":[[121.5856059,25.041637599999994],[121.5855678,25.041501199999995]]}},{"type":"Feature","properties":{"name":"中坡南路201巷","kind":"residential"},"geometry":{"type":"LineString","coordinates":[[121.58628630000001,25.0415927],[121.58590380000001,25.0416468],[121.5854808,25.0415605]]}},{"type":"Feature","properties":{"name":null,"kind":"footway"},"geometry":{"type":"LineString","coordinates":[[121.61514030000001,25.041058299999996],[121.61516160000001,25.0410635]]}},{"type":"Feature","properties":{"name":null,"kind":"footway"},"geometry":{"type":"LineString","coordinates":[[121.6151914,25.0410638],[121.61522519999998,25.041071999999996]]}},{"type":"Feature","properties":{"name":null,"kind":"footway"},"geometry":{"type":"LineString","coordinates":[[121.6152567,25.041079600000003],[121.61526059999998,25.041067399999992]]}},{"type":"Feature","properties":{"name":null,"kind":"footway"},"geometry":{"type":"LineString","coordinates":[[121.61522519999998,25.041071999999996],[121.6152567,25.041079600000003]]}},{"type":"Feature","properties":{"name":null,"kind":"footway"},"geometry":{"type":"LineString","coordinates":[[121.6152212,25.041084200000004],[121.61522519999998,25.041071999999996]]}},{"type":"Feature","properties":{"name":null,"kind":"footway"},"geometry":{"type":"LineString","coordinates":[[121.6152567,25.041079600000003],[121.6152742,25.0410839]]}},{"type":"Feature","properties":{"name":null,"kind":"footway"},"geometry":{"type":"LineString","coordinates":[[121.6153057,25.0410915],[121.6153097,25.041079299999996]]}},{"type":"Feature","properties":{"name":null,"kind":"footway"},"geometry":{"type":"LineString","coordinates":[[121.6152742,25.0410839],[121.6152889,25.0410875]]}},{"type":"Feature","properties":{"name":null,"kind":"footway"},"geometry":{"type":"LineString","coordinates":[[121.61532110000002,25.041095300000002],[121.615325,25.041083]]}},{"type":"Feature","properties":{"name":null,"kind":"footway"},"geometry":{"type":"LineString","coordinates":[[121.61514440000002,25.04111659999999],[121.61516160000001,25.0410635]]}},{"type":"Feature","properties":{"name":null,"kind":"footway"},"geometry":{"type":"LineString","coordinates":[[121.6152889,25.0410875],[121.6153057,25.0410915]]}},{"type":"Feature","properties":{"name":null,"kind":"footway"},"geometry":{"type":"LineString","coordinates":[[121.6152703,25.0410961],[121.6152742,25.0410839]]}},{"type":"Feature","properties":{"name":null,"kind":"footway"},"geometry":{"type":"LineString","coordinates":[[121.6153057,25.0410915],[121.61532110000002,25.041095300000002]]}},{"type":"Feature","properties":{"name":null,"kind":"footway"},"geometry":{"type":"LineString","coordinates":[[121.615285,25.0410997],[121.6152889,25.0410875]]}},{"type":"Feature","properties":{"name":null,"kind":"footway"},"geometry":{"type":"LineString","coordinates":[[121.61532110000002,25.041095300000002],[121.61533800000001,25.0410993]]}},{"type":"Feature","properties":{"name":null,"kind":"footway"},"geometry":{"type":"LineString","coordinates":[[121.61536940000002,25.041107000000004],[121.61537340000001,25.041094699999995]]}},{"type":"Feature","properties":{"name":null,"kind":"footway"},"geometry":{"type":"LineString","coordinates":[[121.61533800000001,25.0410993],[121.6153526,25.041102899999995]]}},{"type":"Feature","properties":{"name":null,"kind":"footway"},"geometry":{"type":"LineString","coordinates":[[121.61538479999999,25.041110699999997],[121.6153888,25.041098499999997]]}},{"type":"Feature","properties":{"name":null,"kind":"footway"},"geometry":{"type":"LineString","coordinates":[[121.6153526,25.041102899999995],[121.61536940000002,25.041107000000004]]}},{"type":"Feature","properties":{"name":null,"kind":"footway"},"geometry":{"type":"LineString","coordinates":[[121.61533400000002,25.041111599999994],[121.61533800000001,25.0410993]]}},{"type":"Feature","properties":{"name":null,"kind":"footway"},"geometry":{"type":"LineString","coordinates":[[121.61536940000002,25.041107000000004],[121.61538479999999,25.041110699999997]]}},{"type":"Feature","properties":{"name":null,"kind":"footway"},"geometry":{"type":"LineString","coordinates":[[121.6153487,25.04111509999999],[121.6153526,25.041102899999995]]}},{"type":"Feature","properties":{"name":null,"kind":"footway"},"geometry":{"type":"LineString","coordinates":[[121.61538479999999,25.041110699999997],[121.6154024,25.0411149]]}},{"type":"Feature","properties":{"name":null,"kind":"footway"},"geometry":{"type":"LineString","coordinates":[[121.6154251,25.041120399999993],[121.615429,25.041108199999996]]}},{"type":"Feature","properties":{"name":null,"kind":"footway"},"geometry":{"type":"LineString","coordinates":[[121.6154024,25.0411149],[121.6154163,25.041118299999997]]}},{"type":"Feature","properties":{"name":null,"kind":"footway"},"geometry":{"type":"LineString","coordinates":[[121.61514440000002,25.04111659999999],[121.6151664,25.0411219]]}},{"type":"Feature","properties":{"name":null,"kind":"footway"},"geometry":{"type":"LineString","coordinates":[[121.6154163,25.041118299999997],[121.6154251,25.041120399999993]]}},{"type":"Feature","properties":{"name":null,"kind":"footway"},"geometry":{"type":"LineString","coordinates":[[121.6153985,25.0411272],[121.6154024,25.0411149]]}},{"type":"Feature","properties":{"name":null,"kind":"footway"},"geometry":{"type":"LineString","coordinates":[[121.6151389,25.04113389999999],[121.61514440000002,25.04111659999999]]}},{"type":"Feature","properties":{"name":null,"kind":"footway"},"geometry":{"type":"LineString","coordinates":[[121.61541240000001,25.0411305],[121.6154163,25.041118299999997]]}},{"type":"Feature","properties":{"name":null,"kind":"footway"},"geometry":{"type":"LineString","coordinates":[[121.6154251,25.041120399999993],[121.6154434,25.041129899999998]]}},{"type":"Feature","properties":{"name":null,"kind":"footway"},"geometry":{"type":"LineString","coordinates":[[121.6151389,25.04113389999999],[121.6151902,25.041146300000005]]}},{"type":"Feature","properties":{"name":null,"kind":"footway"},"geometry":{"type":"LineString","coordinates":[[121.6151312,25.041157499999997],[121.6151389,25.04113389999999]]}},{"type":"Feature","properties":{"name":null,"kind":"footway"},"geometry":{"type":"LineString","coordinates":[[121.61505209999999,25.04113879999999],[121.6151312,25.041157499999997]]}},{"type":"Feature","properties":{"name":null,"kind":"footway"},"geometry":{"type":"LineString","coordinates":[[121.61518650000001,25.041157699999992],[121.6151902,25.041146300000005]]}},{"type":"Feature","properties":{"name":null,"kind":"footway"},"geometry":{"type":"LineString","coordinates":[[121.6151902,25.041146300000005],[121.61527220000002,25.041166199999996]]}},{"type":"Feature","properties":{"name":null,"kind":"footway"},"geometry":{"type":"LineString","coordinates":[[121.6151233,25.041182],[121.6151312,25.041157499999997]]}},{"type":"Feature","properties":{"name":null,"kind":"footway"},"geometry":{"type":"LineString","coordinates":[[121.6152685,25.041177599999997],[121.61527220000002,25.041166199999996]]}},{"type":"Feature","properties":{"name":null,"kind":"footway"},"geometry":{"type":"LineString","coordinates":[[121.6151233,25.041182],[121.6151453,25.041187299999997]]}},{"type":"Feature","properties":{"name":null,"kind":"service"},"geometry":{"type":"LineString","coordinates":[[121.61479070000001,25.041485199999997],[121.61498040000001,25.040897699999995],[121.61538540000001,25.040957799999994],[121.6155913,25.040918500000004]]}},{"type":"Feature","properties":{"name":null,"kind":"footway"},"geometry":{"type":"LineString","coordinates":[[121.6151368,25.041347499999997],[121.6151936,25.041354899999998]]}},{"type":"Feature","properties":{"name":"人行小步道","kind":"footway"},"geometry":{"type":"LineString","coordinates":[[121.6170797,25.041245999999997],[121.61681400000002,25.041453],[121.61668180000001,25.041428099999997]]}},{"type":"Feature","properties":{"name":null,"kind":"footway"},"geometry":{"type":"LineString","coordinates":[[121.6151936,25.041354899999998],[121.615321,25.041385799999997]]}},{"type":"Feature","properties":{"name":null,"kind":"footway"},"geometry":{"type":"LineString","coordinates":[[121.615321,25.041385799999997],[121.61533049999998,25.041356499999992]]}},{"type":"Feature","properties":{"name":null,"kind":"footway"},"geometry":{"type":"LineString","coordinates":[[121.6151206,25.0413977],[121.6151368,25.041347499999997]]}},{"type":"Feature","properties":{"name":null,"kind":"footway"},"geometry":{"type":"LineString","coordinates":[[121.615321,25.041385799999997],[121.61536130000002,25.041395699999995]]}},{"type":"Feature","properties":{"name":"人行小步道","kind":"footway"},"geometry":{"type":"LineString","coordinates":[[121.61668180000001,25.041428099999997],[121.616533,25.0415371]]}},{"type":"Feature","properties":{"name":null,"kind":"footway"},"geometry":{"type":"LineString","coordinates":[[121.6167744,25.0416134],[121.6160144,25.0413733]]}},{"type":"Feature","properties":{"name":"數理大道","kind":"service"},"geometry":{"type":"LineString","coordinates":[[121.6140795,25.0412871],[121.61587509999998,25.041798500000002]]}},{"type":"Feature","properties":{"name":null,"kind":"service"},"geometry":{"type":"LineString","coordinates":[[121.6138842,25.0416793],[121.6145532,25.041677299999993],[121.615098,25.041854999999998],[121.61545010000002,25.0417813],[121.6155251,25.0416904]]}},{"type":"Feature","properties":{"name":"宜興橋","kind":"residential"},"geometry":{"type":"LineString","coordinates":[[121.6208127,25.041155499999995],[121.62092799999999,25.041230599999995]]}},{"type":"Feature","properties":{"name":"舊莊街一段91巷","kind":"residential"},"geometry":{"type":"LineString","coordinates":[[121.62032010000001,25.041893800000004],[121.61915040000001,25.0407346]]}},{"type":"Feature","properties":{"name":"舊莊街一段3巷12弄","kind":"residential"},"geometry":{"type":"LineString","coordinates":[[121.6198883,25.040828300000005],[121.61886569999999,25.041481499999996],[121.61810150000001,25.0423657]]}},{"type":"Feature","properties":{"name":"合順街8巷7弄","kind":"residential"},"geometry":{"type":"LineString","coordinates":[[121.61886569999999,25.041481499999996],[121.620125,25.042159]]}},{"type":"Feature","properties":{"name":null,"kind":"footway"},"geometry":{"type":"LineString","coordinates":[[121.6166093,25.04200549999999],[121.6167744,25.0416134]]}},{"type":"Feature","properties":{"name":"數理大道","kind":"service"},"geometry":{"type":"LineString","coordinates":[[121.61587509999998,25.041798500000002],[121.61655730000001,25.041991700000004]]}},{"type":"Feature","properties":{"name":null,"kind":"footway"},"geometry":{"type":"LineString","coordinates":[[121.6166876,25.042052399999996],[121.61585400000001,25.0418598]]}},{"type":"Feature","properties":{"name":"數理大道","kind":"service"},"geometry":{"type":"LineString","coordinates":[[121.61655730000001,25.041991700000004],[121.6167567,25.042047300000004]]}},{"type":"Feature","properties":{"name":null,"kind":"service"},"geometry":{"type":"LineString","coordinates":[[121.6148778,25.042146400000004],[121.6142266,25.0421581]]}},{"type":"Feature","properties":{"name":null,"kind":"footway"},"geometry":{"type":"LineString","coordinates":[[121.61438030000001,25.042168899999997],[121.61434190000001,25.0422668]]}},{"type":"Feature","properties":{"name":null,"kind":"service"},"geometry":{"type":"LineString","coordinates":[[121.615098,25.041854999999998],[121.61490110000001,25.0419369],[121.61488940000001,25.04239659999999],[121.6147925,25.042606399999993]]}},{"type":"Feature","properties":{"name":null,"kind":"footway"},"geometry":{"type":"LineString","coordinates":[[121.6144269,25.042299999999997],[121.6144656,25.042195300000003],[121.61427529999999,25.042181699999997],[121.6142646,25.0422447],[121.6144269,25.042299999999997]]}},{"type":"Feature","properties":{"name":null,"kind":"footway"},"geometry":{"type":"LineString","coordinates":[[121.61555999999999,25.042342],[121.6148778,25.042146400000004]]}},{"type":"Feature","properties":{"name":null,"kind":"service"},"geometry":{"type":"LineString","coordinates":[[121.61640780000002,25.042524999999998],[121.61655730000001,25.041991700000004]]}},{"type":"Feature","properties":{"name":null,"kind":"residential"},"geometry":{"type":"LineString","coordinates":[[121.6203832,25.041926900000004],[121.62032010000001,25.041893800000004]]}},{"type":"Feature","properties":{"name":null,"kind":"residential"},"geometry":{"type":"LineString","coordinates":[[121.62045720000002,25.0419671],[121.6203832,25.041926900000004]]}},{"type":"Feature","properties":{"name":null,"kind":"residential"},"geometry":{"type":"LineString","coordinates":[[121.61930750000002,25.0417243],[121.6189056,25.042325800000004]]}},{"type":"Feature","properties":{"name":"合順街8巷5弄","kind":"residential"},"geometry":{"type":"LineString","coordinates":[[121.61994300000002,25.0424534],[121.6186213,25.0417355]]}},{"type":"Feature","properties":{"name":"大坑街","kind":"unclassified"},"geometry":{"type":"LineString","coordinates":[[121.62388510000001,25.038852300000002],[121.6228115,25.039711999999994],[121.62174859999999,25.0400257],[121.621463,25.0402348],[121.62076500000002,25.0411177],[121.61979770000002,25.0426782],[121.61899520000001,25.0433773],[121.61790380000001,25.0453515]]}},{"type":"Feature","properties":{"name":null,"kind":"residential"},"geometry":{"type":"LineString","coordinates":[[121.6202093,25.042352899999997],[121.62000990000001,25.0423622]]}},{"type":"Feature","properties":{"name":null,"kind":"footway"},"geometry":{"type":"LineString","coordinates":[[121.58825290000001,25.041102600000002],[121.5881604,25.041048400000005],[121.5882387,25.040963799999997],[121.58834959999999,25.041029099999996],[121.58825290000001,25.041102600000002]]}},{"type":"Feature","properties":{"name":null,"kind":"service"},"geometry":{"type":"LineString","coordinates":[[121.58949350000002,25.040982399999994],[121.5896704,25.041101699999995]]}},{"type":"Feature","properties":{"name":"成福路171巷22弄","kind":"service"},"geometry":{"type":"LineString","coordinates":[[121.5887447,25.041375600000002],[121.58910829999999,25.040932099999996],[121.58908790000001,25.040827800000002]]}},{"type":"Feature","properties":{"name":"成福路171巷40弄","kind":"service"},"geometry":{"type":"LineString","coordinates":[[121.5897934,25.0408752],[121.5893347,25.041660099999998]]}},{"type":"Feature","properties":{"name":null,"kind":"service"},"geometry":{"type":"LineString","coordinates":[[121.58932049999999,25.041296099999997],[121.5893722,25.0412203],[121.5895597,25.04132419999999]]}},{"type":"Feature","properties":{"name":null,"kind":"footway"},"geometry":{"type":"LineString","coordinates":[[121.59103359999999,25.0412335],[121.5910014,25.04138169999999]]}},{"type":"Feature","properties":{"name":"成福路171巷","kind":"service"},"geometry":{"type":"LineString","coordinates":[[121.5893347,25.041660099999998],[121.58921660000001,25.041689299999998],[121.5882475,25.0410457]]}},{"type":"Feature","properties":{"name":null,"kind":"service"},"geometry":{"type":"LineString","coordinates":[[121.58855329999999,25.041484899999997],[121.5883881,25.0413816]]}},{"type":"Feature","properties":{"name":"成福路149巷5弄","kind":"service"},"geometry":{"type":"LineString","coordinates":[[121.58821730000001,25.0416533],[121.5887447,25.041375600000002]]}},{"type":"Feature","properties":{"name":"成福路149巷10弄","kind":"service"},"geometry":{"type":"LineString","coordinates":[[121.5889362,25.0418602],[121.5884538,25.041548499999998]]}},{"type":"Feature","properties":{"name":"成福路149巷","kind":"service"},"geometry":{"type":"LineString","coordinates":[[121.5887338,25.042010000000005],[121.58787,25.041426]]}},{"type":"Feature","properties":{"name":"成福路149巷5弄","kind":"service"},"geometry":{"type":"LineString","coordinates":[[121.5883476,25.0417476],[121.58799910000002,25.0422227]]}},{"type":"Feature","properties":{"name":"成福路","kind":"residential"},"geometry":{"type":"LineString","coordinates":[[121.5892945,25.039762200000002],[121.58866960000002,25.04057179999999],[121.58748940000001,25.0418573],[121.5867494,25.043105199999996],[121.5866374,25.0436899],[121.5868145,25.044434100000004]]}},{"type":"Feature","properties":{"name":"成福路121巷7弄","kind":"service"},"geometry":{"type":"LineString","coordinates":[[121.5883569,25.0421934],[121.58818759999998,25.042377099999992]]}},{"type":"Feature","properties":{"name":null,"kind":"footway"},"geometry":{"type":"LineString","coordinates":[[121.59109780000001,25.042394899999998],[121.5910067,25.0424799],[121.5907718,25.0424916]]}},{"type":"Feature","properties":{"name":null,"kind":"footway"},"geometry":{"type":"LineString","coordinates":[[121.59137010000002,25.043211599999992],[121.59119170000001,25.04298779999999],[121.5910925,25.0425796],[121.5912383,25.041822399999997],[121.59088240000001,25.041803499999993]]}},{"type":"Feature","properties":{"name":null,"kind":"footway"},"geometry":{"type":"LineString","coordinates":[[121.59078660000002,25.042374199999998],[121.5907286,25.0424421],[121.5903987,25.042493099999998],[121.58953410000001,25.042319499999998],[121.5888958,25.042513899999996],[121.58876269999999,25.0427256]]}},{"type":"Feature","properties":{"name":"成福路121巷22弄","kind":"service"},"geometry":{"type":"LineString","coordinates":[[121.58830939999999,25.042941199999998],[121.58789260000002,25.042354999999993]]}},{"type":"Feature","properties":{"name":"成福路121巷56弄","kind":"service"},"geometry":{"type":"LineString","coordinates":[[121.5885102,25.0428506],[121.5881786,25.043000999999997],[121.5880673,25.0429779],[121.58778579999999,25.042485000000003]]}},{"type":"Feature","properties":{"name":"成福路121巷43弄","kind":"service"},"geometry":{"type":"LineString","coordinates":[[121.58876269999999,25.0427256],[121.5885102,25.0428506]]}},{"type":"Feature","properties":{"name":null,"kind":"footway"},"geometry":{"type":"LineString","coordinates":[[121.58534249999998,25.041545499999994],[121.585423,25.0416898]]}},{"type":"Feature","properties":{"name":"成福路178巷","kind":"residential"},"geometry":{"type":"LineString","coordinates":[[121.5875409,25.0417983],[121.58653439999999,25.041562899999995],[121.58628630000001,25.0415927]]}},{"type":"Feature","properties":{"name":null,"kind":"footway"},"geometry":{"type":"LineString","coordinates":[[121.58754810000002,25.041888400000005],[121.58742070000001,25.041821],[121.5875112,25.0416855],[121.58762989999998,25.0417651]]}},{"type":"Feature","properties":{"name":null,"kind":"footway"},"geometry":{"type":"LineString","coordinates":[[121.58654160000002,25.0419364],[121.58567639999998,25.0418002],[121.5856048,25.0420943],[121.58552390000001,25.042141499999996],[121.5852555,25.0420037]]}},{"type":"Feature","properties":{"name":"成福路121巷","kind":"service"},"geometry":{"type":"LineString","coordinates":[[121.5873047,25.042121400000003],[121.5876971,25.042041600000005]]}},{"type":"Feature","properties":{"name":"成福路121巷","kind":"service"},"geometry":{"type":"LineString","coordinates":[[121.5876971,25.042041600000005],[121.58799910000002,25.0422227]]}},{"type":"Feature","properties":{"name":null,"kind":"footway"},"geometry":{"type":"LineString","coordinates":[[121.5866113,25.041657999999998],[121.5864035,25.042611900000004],[121.58626740000001,25.0427371],[121.5863117,25.042868899999995]]}},{"type":"Feature","properties":{"name":null,"kind":"footway"},"geometry":{"type":"LineString","coordinates":[[121.587227,25.042328599999998],[121.5871204,25.042276599999997]]}},{"type":"Feature","properties":{"name":"成福路121巷","kind":"service"},"geometry":{"type":"LineString","coordinates":[[121.58799910000002,25.0422227],[121.58778579999999,25.042485000000003]]}},{"type":"Feature","properties":{"name":"成福路107巷","kind":"service"},"geometry":{"type":"LineString","coordinates":[[121.58778579999999,25.042485000000003],[121.58719570000001,25.0422661]]}},{"type":"Feature","properties":{"name":null,"kind":"footway"},"geometry":{"type":"LineString","coordinates":[[121.5851878,25.041825600000003],[121.58531719999999,25.042895],[121.5852267,25.042970699999998]]}},{"type":"Feature","properties":{"name":null,"kind":"footway"},"geometry":{"type":"LineString","coordinates":[[121.5869143,25.042641300000003],[121.5869942,25.042378700000004],[121.58693860000001,25.0422559],[121.58650709999999,25.0421627]]}},{"type":"Feature","properties":{"name":null,"kind":"footway"},"geometry":{"type":"LineString","coordinates":[[121.58379819999999,25.042821699999998],[121.5837992,25.0427409],[121.5841725,25.042446199999997],[121.5855322,25.041635399999997],[121.5859609,25.04170729999999],[121.5864536,25.041637699999995],[121.58739940000001,25.041847],[121.58672520000002,25.043046199999996],[121.58609690000002,25.042789499999998],[121.58575319999998,25.042761100000003],[121.58536880000001,25.0429977],[121.5850625,25.043424399999996],[121.58379819999999,25.042821699999998]]}},{"type":"Feature","properties":{"name":null,"kind":"footway"},"geometry":{"type":"LineString","coordinates":[[121.58526670000002,25.042455700000005],[121.5863308,25.042662900000003]]}},{"type":"Feature","properties":{"name":"圓形空地","kind":"pedestrian"},"geometry":{"type":"LineString","coordinates":[[121.5866573,25.042874099999995],[121.586426,25.0428637],[121.5864374,25.042654099999996],[121.5866687,25.0426645],[121.5866573,25.042874099999995]]}},{"type":"Feature","properties":{"name":"成福路79巷2弄","kind":"service"},"geometry":{"type":"LineString","coordinates":[[121.58715670000001,25.043215299999993],[121.587543,25.04237939999999]]}},{"type":"Feature","properties":{"name":null,"kind":"footway"},"geometry":{"type":"LineString","coordinates":[[121.5852202,25.042629199999997],[121.5851562,25.042806699999996],[121.5852955,25.0431051]]}},{"type":"Feature","properties":{"name":null,"kind":"footway"},"geometry":{"type":"LineString","coordinates":[[121.58679090000001,25.0431841],[121.5866723,25.043143399999998],[121.58672520000002,25.043046199999996],[121.58684859999998,25.0430905]]}},{"type":"Feature","properties":{"name":null,"kind":"footway"},"geometry":{"type":"LineString","coordinates":[[121.5852955,25.0431051],[121.5854122,25.043187699999997]]}},{"type":"Feature","properties":{"name":"玉成街235巷23弄","kind":"service"},"geometry":{"type":"LineString","coordinates":[[121.58591340000001,25.043340700000005],[121.5859931,25.043121699999997],[121.58577320000002,25.0430147],[121.5856401,25.043204900000003]]}},{"type":"Feature","properties":{"name":"成福路121巷","kind":"service"},"geometry":{"type":"LineString","coordinates":[[121.5889231,25.043550799999995],[121.58804770000002,25.042166100000003]]}},{"type":"Feature","properties":{"name":"成福路121巷45弄","kind":"service"},"geometry":{"type":"LineString","coordinates":[[121.58889809999998,25.0429468],[121.5886477,25.043078800000004]]}},{"type":"Feature","properties":{"name":null,"kind":"footway"},"geometry":{"type":"LineString","coordinates":[[121.58990159999999,25.043046099999998],[121.5898318,25.043135999999997],[121.5896552,25.0431741]]}},{"type":"Feature","properties":{"name":null,"kind":"footway"},"geometry":{"type":"LineString","coordinates":[[121.591586,25.044523600000005],[121.59132579999999,25.0445066],[121.5909932,25.044851600000005],[121.5906032,25.045097],[121.59036020000002,25.0448808],[121.58994179999999,25.0442903],[121.58990210000002,25.044034899999996],[121.5899633,25.043847999999997],[121.5902114,25.0436621],[121.58998469999999,25.043478700000005],[121.589923,25.0433061],[121.5899821,25.0430583],[121.58990159999999,25.043046099999998],[121.59003840000001,25.0428177],[121.5899794,25.042458100000008],[121.59021539999999,25.042086299999998],[121.5901457,25.04157839999999],[121.59021539999999,25.041259999999998],[121.5902876,25.041211700000005],[121.59029859999998,25.041415599999997],[121.59066600000001,25.041510300000002],[121.5908948,25.041736499999995]]}},{"type":"Feature","properties":{"name":"成福路121巷58弄","kind":"service"},"geometry":{"type":"LineString","coordinates":[[121.5886477,25.043078800000004],[121.58819740000001,25.043312499999992]]}},{"type":"Feature","properties":{"name":"成福路121巷47弄","kind":"service"},"geometry":{"type":"LineString","coordinates":[[121.58899070000001,25.043176499999998],[121.5887742,25.0432922]]}},{"type":"Feature","properties":{"name":"成福路121巷60弄","kind":"service"},"geometry":{"type":"LineString","coordinates":[[121.5887742,25.0432922],[121.5883134,25.043518499999998]]}},{"type":"Feature","properties":{"name":"成福路121巷49弄","kind":"service"},"geometry":{"type":"LineString","coordinates":[[121.5892273,25.043384300000003],[121.5889231,25.043550799999995]]}},{"type":"Feature","properties":{"name":null,"kind":"footway"},"geometry":{"type":"LineString","coordinates":[[121.5902114,25.0436621],[121.59053820000001,25.043679000000004],[121.59070720000001,25.04358179999999],[121.590848,25.043638400000003]]}},{"type":"Feature","properties":{"name":"成福路121巷62弄","kind":"service"},"geometry":{"type":"LineString","coordinates":[[121.5889231,25.043550799999995],[121.588542,25.04375]]}},{"type":"Feature","properties":{"name":"曲橋","kind":"footway"},"geometry":{"type":"LineString","coordinates":[[121.5916245,25.041632799999995],[121.59178540000002,25.0416912]]}},{"type":"Feature","properties":{"name":null,"kind":"footway"},"geometry":{"type":"LineString","coordinates":[[121.5912383,25.041822399999997],[121.59133480000001,25.041535599999996],[121.59138310000002,25.0415599]]}},{"type":"Feature","properties":{"name":null,"kind":"footway"},"geometry":{"type":"LineString","coordinates":[[121.5921216,25.0428316],[121.59234950000001,25.042183499999997],[121.5928058,25.04173009999999],[121.5929929,25.041312599999998],[121.59308240000001,25.0411785],[121.5931904,25.041151500000005]]}},{"type":"Feature","properties":{"name":null,"kind":"footway"},"geometry":{"type":"LineString","coordinates":[[121.59178540000002,25.0416912],[121.5921609,25.0418467],[121.59195170000001,25.0422549],[121.59191950000002,25.0427069],[121.5918015,25.042804099999998],[121.5918489,25.043087399999997]]}},{"type":"Feature","properties":{"name":null,"kind":"path"},"geometry":{"type":"LineString","coordinates":[[121.5918015,25.042804099999998],[121.591823,25.0425952]]}},{"type":"Feature","properties":{"name":null,"kind":"footway"},"geometry":{"type":"LineString","coordinates":[[121.59191950000002,25.042609699999996],[121.5922897,25.0430756]]}},{"type":"Feature","properties":{"name":null,"kind":"footway"},"geometry":{"type":"LineString","coordinates":[[121.5918489,25.043087399999997],[121.5922432,25.043058299999995],[121.5923799,25.043109299999998]]}},{"type":"Feature","properties":{"name":null,"kind":"footway"},"geometry":{"type":"LineString","coordinates":[[121.5917154,25.043103999999992],[121.5918489,25.043087399999997]]}},{"type":"Feature","properties":{"name":"後山坡橋","kind":"footway"},"geometry":{"type":"LineString","coordinates":[[121.5923799,25.043109299999998],[121.59248720000001,25.043133299999994]]}},{"type":"Feature","properties":{"name":"東新街170巷","kind":"residential"},"geometry":{"type":"LineString","coordinates":[[121.5928969,25.040417100000003],[121.5932857,25.041024999999998],[121.5932993,25.041166599999997],[121.5932298,25.0415799],[121.59291860000002,25.0423766],[121.59271310000001,25.043570199999998],[121.59292709999998,25.044231399999997],[121.59265429999999,25.0448961],[121.59263390000001,25.0451864],[121.592737,25.0457094],[121.59240149999998,25.0459596]]}},{"type":"Feature","properties":{"name":"玉成街235巷","kind":"service"},"geometry":{"type":"LineString","coordinates":[[121.5854077,25.0430822],[121.58591340000001,25.043340700000005]]}},{"type":"Feature","properties":{"name":null,"kind":"footway"},"geometry":{"type":"LineString","coordinates":[[121.5846859,25.0431001],[121.58506420000002,25.0434537]]}},{"type":"Feature","properties":{"name":null,"kind":"footway"},"geometry":{"type":"LineString","coordinates":[[121.58506420000002,25.0434537],[121.58517080000001,25.043504099999996]]}},{"type":"Feature","properties":{"name":null,"kind":"footway"},"geometry":{"type":"LineString","coordinates":[[121.58500400000001,25.0435307],[121.58506420000002,25.0434537]]}},{"type":"Feature","properties":{"name":"玉成街235巷","kind":"service"},"geometry":{"type":"LineString","coordinates":[[121.58591340000001,25.043340700000005],[121.5866455,25.0436406]]}},{"type":"Feature","properties":{"name":"玉成街231巷","kind":"service"},"geometry":{"type":"LineString","coordinates":[[121.58544859999999,25.0434351],[121.58577320000002,25.043571200000002]]}},{"type":"Feature","properties":{"name":null,"kind":"service"},"geometry":{"type":"LineString","coordinates":[[121.5866455,25.0436406],[121.5868742,25.04362950000001],[121.58702980000001,25.043522599999996],[121.5870512,25.043415699999997]]}},{"type":"Feature","properties":{"name":null,"kind":"footway"},"geometry":{"type":"LineString","coordinates":[[121.58517080000001,25.043504099999996],[121.58510570000001,25.043587999999996]]}},{"type":"Feature","properties":{"name":null,"kind":"footway"},"geometry":{"type":"LineString","coordinates":[[121.58510570000001,25.043587999999996],[121.58500400000001,25.0435307]]}},{"type":"Feature","properties":{"name":null,"kind":"service"},"geometry":{"type":"LineString","coordinates":[[121.5856822,25.043782599999997],[121.58591340000001,25.043340700000005]]}},{"type":"Feature","properties":{"name":null,"kind":"footway"},"geometry":{"type":"LineString","coordinates":[[121.5866978,25.043694499999997],[121.58656979999999,25.043688399999994],[121.5865859,25.043582099999995],[121.5866952,25.043583299999998]]}},{"type":"Feature","properties":{"name":"玉成街235巷23弄","kind":"service"},"geometry":{"type":"LineString","coordinates":[[121.5863384,25.043551800000003],[121.58625330000001,25.043746200000005]]}},{"type":"Feature","properties":{"name":"玉成街225巷","kind":"service"},"geometry":{"type":"LineString","coordinates":[[121.5850921,25.043515300000003],[121.58594030000002,25.043894900000005]]}},{"type":"Feature","properties":{"name":"玉成街","kind":"residential"},"geometry":{"type":"LineString","coordinates":[[121.5867494,25.043105199999996],[121.58599140000001,25.0428294],[121.5857416,25.0428367],[121.58555189999998,25.042933300000005],[121.58385100000001,25.04508939999999]]}},{"type":"Feature","properties":{"name":"玉成街201巷2弄","kind":"service"},"geometry":{"type":"LineString","coordinates":[[121.58494570000002,25.044284999999995],[121.58529989999998,25.0438129]]}},{"type":"Feature","properties":{"name":"成福路74巷","kind":"service"},"geometry":{"type":"LineString","coordinates":[[121.58594030000002,25.043894900000005],[121.5867475,25.04421779999999]]}},{"type":"Feature","properties":{"name":"成福路45巷","kind":"service"},"geometry":{"type":"LineString","coordinates":[[121.5867475,25.04421779999999],[121.5868489,25.044117899999996],[121.58686260000002,25.043969000000004]]}},{"type":"Feature","properties":{"name":"玉成街201巷4弄","kind":"service"},"geometry":{"type":"LineString","coordinates":[[121.58526,25.0444628],[121.5856822,25.043782599999997]]}},{"type":"Feature","properties":{"name":null,"kind":"footway"},"geometry":{"type":"LineString","coordinates":[[121.5866763,25.044192099999997],[121.5867081,25.044293500000002]]}},{"type":"Feature","properties":{"name":"玉成街201巷6弄","kind":"service"},"geometry":{"type":"LineString","coordinates":[[121.58594030000002,25.043894900000005],[121.58552630000001,25.04460509999999]]}},{"type":"Feature","properties":{"name":null,"kind":"service"},"geometry":{"type":"LineString","coordinates":[[121.59098430000002,25.0413292],[121.5907937,25.042318299999998],[121.590704,25.043326199999996],[121.5908106,25.043598899999996],[121.59159139999998,25.044406999999993],[121.5915672,25.0446767],[121.5912749,25.045396],[121.5913142,25.046190799999998]]}},{"type":"Feature","properties":{"name":null,"kind":"service"},"geometry":{"type":"LineString","coordinates":[[121.5885354,25.0459584],[121.5885211,25.046136399999998]]}},{"type":"Feature","properties":{"name":null,"kind":"residential"},"geometry":{"type":"LineString","coordinates":[[121.5879048,25.045934400000004],[121.5885354,25.0459584],[121.58999039999999,25.045584999999996],[121.59007650000001,25.045660899999998],[121.58983430000002,25.0465581]]}},{"type":"Feature","properties":{"name":null,"kind":"service"},"geometry":{"type":"LineString","coordinates":[[121.58991689999999,25.046252099999997],[121.58967240000001,25.046198699999998]]}},{"type":"Feature","properties":{"name":"東新街118巷","kind":"residential"},"geometry":{"type":"LineString","coordinates":[[121.58808010000001,25.045942399999998],[121.58830750000001,25.0465738]]}},{"type":"Feature","properties":{"name":"東新街","kind":"tertiary"},"geometry":{"type":"LineString","coordinates":[[121.5869722,25.046380700000004],[121.5881562,25.04656419999999],[121.5896731,25.046580499999997],[121.59240149999998,25.0459596]]}},{"type":"Feature","properties":{"name":null,"kind":"footway"},"geometry":{"type":"LineString","coordinates":[[121.5901124,25.0464213],[121.5901462,25.046536600000003]]}},{"type":"Feature","properties":{"name":null,"kind":"footway"},"geometry":{"type":"LineString","coordinates":[[121.58822330000001,25.046488699999998],[121.5883485,25.046497299999995]]}},{"type":"Feature","properties":{"name":null,"kind":"footway"},"geometry":{"type":"LineString","coordinates":[[121.58815189999999,25.0466079],[121.58816500000002,25.046501699999997]]}},{"type":"Feature","properties":{"name":null,"kind":"footway"},"geometry":{"type":"LineString","coordinates":[[121.58979530000002,25.0466157],[121.5897811,25.0465023]]}},{"type":"Feature","properties":{"name":null,"kind":"footway"},"geometry":{"type":"LineString","coordinates":[[121.59248720000001,25.043133299999994],[121.59262129999999,25.0433912],[121.5925167,25.043925799999993],[121.59212779999999,25.0438966],[121.59161020000002,25.0430048],[121.5914841,25.0430729],[121.59155380000001,25.0431336]]}},{"type":"Feature","properties":{"name":null,"kind":"footway"},"geometry":{"type":"LineString","coordinates":[[121.59109450000001,25.043898900000002],[121.59125880000002,25.043762999999995],[121.5911837,25.043383899999995],[121.5913527,25.043218699999997],[121.5917154,25.043103999999992]]}},{"type":"Feature","properties":{"name":null,"kind":"footway"},"geometry":{"type":"LineString","coordinates":[[121.59137010000002,25.043211599999992],[121.591544,25.043513699999995],[121.5917184,25.044252499999995],[121.5918471,25.044461399999996],[121.5920691,25.044628299999992]]}},{"type":"Feature","properties":{"name":null,"kind":"footway"},"geometry":{"type":"LineString","coordinates":[[121.5918462,25.0435005],[121.5919008,25.044347200000004],[121.5920868,25.044499599999998]]}},{"type":"Feature","properties":{"name":null,"kind":"footway"},"geometry":{"type":"LineString","coordinates":[[121.59284029999999,25.044096700000004],[121.5930129,25.044050300000002]]}},{"type":"Feature","properties":{"name":null,"kind":"path"},"geometry":{"type":"LineString","coordinates":[[121.59388590000002,25.0444242],[121.5940978,25.044206700000004]]}},{"type":"Feature","properties":{"name":null,"kind":"path"},"geometry":{"type":"LineString","coordinates":[[121.5938575,25.0445564],[121.59391950000001,25.044188399999996]]}},{"type":"Feature","properties":{"name":null,"kind":"footway"},"geometry":{"type":"LineString","coordinates":[[121.59259559999998,25.044707499999998],[121.59275210000001,25.04475559999999]]}},{"type":"Feature","properties":{"name":null,"kind":"footway"},"geometry":{"type":"LineString","coordinates":[[121.59157929999999,25.044578100000003],[121.59159770000001,25.0447846],[121.59140449999998,25.045418899999998],[121.5914526,25.0455596]]}},{"type":"Feature","properties":{"name":null,"kind":"residential"},"geometry":{"type":"LineString","coordinates":[[121.5926866,25.045465099999998],[121.59295430000002,25.0452978],[121.5931374,25.044964900000004],[121.5933163,25.0448051],[121.5935987,25.0446791]]}},{"type":"Feature","properties":{"name":null,"kind":"service"},"geometry":{"type":"LineString","coordinates":[[121.611967,25.0406111],[121.61186979999998,25.0411261],[121.6116372,25.0416561],[121.611656,25.0422773],[121.61228199999998,25.042466299999994]]}},{"type":"Feature","properties":{"name":null,"kind":"steps"},"geometry":{"type":"LineString","coordinates":[[121.61399950000002,25.041612099999995],[121.61400790000002,25.041586899999995]]}},{"type":"Feature","properties":{"name":null,"kind":"footway"},"geometry":{"type":"LineString","coordinates":[[121.61392540000001,25.0416168],[121.61399950000002,25.041612099999995]]}},{"type":"Feature","properties":{"name":null,"kind":"steps"},"geometry":{"type":"LineString","coordinates":[[121.6139555,25.0416742],[121.61386370000001,25.041638700000004],[121.61392540000001,25.0416168]]}},{"type":"Feature","properties":{"name":null,"kind":"service"},"geometry":{"type":"LineString","coordinates":[[121.611656,25.0422773],[121.61134,25.0424828],[121.61005939999998,25.042493299999997]]}},{"type":"Feature","properties":{"name":null,"kind":"footway"},"geometry":{"type":"LineString","coordinates":[[121.61256370000001,25.0425104],[121.61353690000001,25.0428182],[121.6137401,25.042010099999995],[121.6142266,25.0421581]]}},{"type":"Feature","properties":{"name":null,"kind":"service"},"geometry":{"type":"LineString","coordinates":[[121.6123264,25.042483400000005],[121.61228199999998,25.042466299999994]]}},{"type":"Feature","properties":{"name":"家驊橋","kind":"service"},"geometry":{"type":"LineString","coordinates":[[121.61255249999999,25.0425559],[121.6123264,25.042483400000005]]}},{"type":"Feature","properties":{"name":null,"kind":"service"},"geometry":{"type":"LineString","coordinates":[[121.6114335,25.042457899999995],[121.6114169,25.042792000000002],[121.6106883,25.042813399999996]]}},{"type":"Feature","properties":{"name":null,"kind":"footway"},"geometry":{"type":"LineString","coordinates":[[121.61255289999998,25.042587],[121.61286450000001,25.0426893]]}},{"type":"Feature","properties":{"name":null,"kind":"service"},"geometry":{"type":"LineString","coordinates":[[121.6004182,25.0406039],[121.6009531,25.0404795],[121.6011697,25.040278799999996],[121.6010392,25.039796999999997],[121.60079810000002,25.0394984],[121.6003846,25.0394475],[121.6001302,25.039544],[121.59953620000002,25.040103399999996]]}},{"type":"Feature","properties":{"name":null,"kind":"service"},"geometry":{"type":"LineString","coordinates":[[121.5950741,25.0400535],[121.59612380000002,25.0402398]]}},{"type":"Feature","properties":{"name":null,"kind":"service"},"geometry":{"type":"LineString","coordinates":[[121.59736599999998,25.040393200000004],[121.59797,25.040496800000003],[121.5977654,25.041443200000003]]}},{"type":"Feature","properties":{"name":null,"kind":"service"},"geometry":{"type":"LineString","coordinates":[[121.5951668,25.041033200000005],[121.59713310000001,25.041370199999992]]}},{"type":"Feature","properties":{"name":null,"kind":"service"},"geometry":{"type":"LineString","coordinates":[[121.5968248,25.042655],[121.5957018,25.0424205],[121.59612380000002,25.0402398],[121.59735029999999,25.040465499999996]]}},{"type":"Feature","properties":{"name":null,"kind":"service"},"geometry":{"type":"LineString","coordinates":[[121.5974389,25.039809],[121.59746079999998,25.039990999999997],[121.59663320000001,25.043660600000003]]}},{"type":"Feature","properties":{"name":null,"kind":"service"},"geometry":{"type":"LineString","coordinates":[[121.59663320000001,25.043660600000003],[121.5963922,25.0447362],[121.5962205,25.045056999999996],[121.59593090000001,25.045513800000002],[121.5953193,25.045844299999995],[121.5951906,25.046106699999996],[121.59521200000002,25.046228200000005],[121.59543730000001,25.046378900000004],[121.59610250000001,25.046359499999998],[121.5967355,25.0458929]]}},{"type":"Feature","properties":{"name":null,"kind":"service"},"geometry":{"type":"LineString","coordinates":[[121.5967355,25.0458929],[121.60015800000001,25.0458832]]}},{"type":"Feature","properties":{"name":null,"kind":"service"},"geometry":{"type":"LineString","coordinates":[[121.5962313,25.046301099999997],[121.5963897,25.0463756],[121.5966499,25.046362300000002],[121.5966475,25.0459393]]}},{"type":"Feature","properties":{"name":null,"kind":"service"},"geometry":{"type":"LineString","coordinates":[[121.5993557,25.0458674],[121.59933020000001,25.0465214]]}},{"type":"Feature","properties":{"name":null,"kind":"unclassified"},"geometry":{"type":"LineString","coordinates":[[121.61287630000001,25.042662],[121.61286450000001,25.0426893]]}},{"type":"Feature","properties":{"name":null,"kind":"unclassified"},"geometry":{"type":"LineString","coordinates":[[121.61286450000001,25.0426893],[121.6129055,25.042815499999996]]}},{"type":"Feature","properties":{"name":null,"kind":"unclassified"},"geometry":{"type":"LineString","coordinates":[[121.6125547,25.0427183],[121.61288409999999,25.042887199999996]]}},{"type":"Feature","properties":{"name":null,"kind":"footway"},"geometry":{"type":"LineString","coordinates":[[121.61286450000001,25.0426893],[121.6136295,25.042943300000005]]}},{"type":"Feature","properties":{"name":null,"kind":"footway"},"geometry":{"type":"LineString","coordinates":[[121.6144618,25.042641499999988],[121.6144373,25.042792599999995],[121.6141722,25.0429162],[121.6141034,25.043021999999997]]}},{"type":"Feature","properties":{"name":null,"kind":"footway"},"geometry":{"type":"LineString","coordinates":[[121.61353690000001,25.0428182],[121.6141034,25.043021999999997]]}},{"type":"Feature","properties":{"name":null,"kind":"unclassified"},"geometry":{"type":"LineString","coordinates":[[121.61352339999999,25.042873900000004],[121.61345989999998,25.043019699999995]]}},{"type":"Feature","properties":{"name":"生命大道","kind":"service"},"geometry":{"type":"LineString","coordinates":[[121.6151629,25.0433944],[121.61255249999999,25.0425559]]}},{"type":"Feature","properties":{"name":null,"kind":"unclassified"},"geometry":{"type":"LineString","coordinates":[[121.6133967,25.0428324],[121.6132568,25.043159300000003]]}},{"type":"Feature","properties":{"name":null,"kind":"footway"},"geometry":{"type":"LineString","coordinates":[[121.6141034,25.043021999999997],[121.61408380000002,25.0430575]]}},{"type":"Feature","properties":{"name":null,"kind":"unclassified"},"geometry":{"type":"LineString","coordinates":[[121.61415970000002,25.043083500000005],[121.6140146,25.043165399999996],[121.61387779999998,25.0431205],[121.6138418,25.0429802]]}},{"type":"Feature","properties":{"name":null,"kind":"unclassified"},"geometry":{"type":"LineString","coordinates":[[121.61364100000002,25.042916199999993],[121.61350329999999,25.0432392]]}},{"type":"Feature","properties":{"name":null,"kind":"unclassified"},"geometry":{"type":"LineString","coordinates":[[121.6131502,25.043408499999998],[121.6127394,25.04326869999999],[121.61275179999998,25.042917899999996],[121.6125558,25.042798800000003]]}},{"type":"Feature","properties":{"name":null,"kind":"footway"},"geometry":{"type":"LineString","coordinates":[[121.6135799,25.0430556],[121.61386579999999,25.043150900000004]]}},{"type":"Feature","properties":{"name":null,"kind":"footway"},"geometry":{"type":"LineString","coordinates":[[121.6142028,25.043137900000005],[121.61431120000002,25.0431738]]}},{"type":"Feature","properties":{"name":null,"kind":"footway"},"geometry":{"type":"LineString","coordinates":[[121.6140026,25.043197],[121.6141554,25.043248099999992],[121.61421770000001,25.043103399999996]]}},{"type":"Feature","properties":{"name":null,"kind":"unclassified"},"geometry":{"type":"LineString","coordinates":[[121.61350329999999,25.0432392],[121.6132568,25.043159300000003]]}},{"type":"Feature","properties":{"name":null,"kind":"unclassified"},"geometry":{"type":"LineString","coordinates":[[121.6132568,25.043159300000003],[121.6131502,25.043408499999998]]}},{"type":"Feature","properties":{"name":null,"kind":"unclassified"},"geometry":{"type":"LineString","coordinates":[[121.61350329999999,25.0432392],[121.6134849,25.043371999999998]]}},{"type":"Feature","properties":{"name":null,"kind":"footway"},"geometry":{"type":"LineString","coordinates":[[121.6141554,25.043248099999992],[121.6141474,25.0433404],[121.6142229,25.0433649]]}},{"type":"Feature","properties":{"name":null,"kind":"service"},"geometry":{"type":"LineString","coordinates":[[121.6124185,25.045493699999994],[121.6125257,25.044883],[121.61260149999998,25.042362699999998],[121.61271880000001,25.042164300000003],[121.6130135,25.0419361],[121.61319240000002,25.0415265],[121.61339230000002,25.041362800000005],[121.6135932,25.0412803],[121.6140795,25.0412871]]}},{"type":"Feature","properties":{"name":null,"kind":"unclassified"},"geometry":{"type":"LineString","coordinates":[[121.6131502,25.043408499999998],[121.6130284,25.0436869]]}},{"type":"Feature","properties":{"name":null,"kind":"service"},"geometry":{"type":"LineString","coordinates":[[121.61432650000002,25.043140699999995],[121.6139526,25.044065300000003]]}},{"type":"Feature","properties":{"name":null,"kind":"footway"},"geometry":{"type":"LineString","coordinates":[[121.6130284,25.0436869],[121.613039,25.043848000000004]]}},{"type":"Feature","properties":{"name":null,"kind":"footway"},"geometry":{"type":"LineString","coordinates":[[121.6128189,25.043842300000005],[121.61256939999998,25.0437832]]}},{"type":"Feature","properties":{"name":null,"kind":"footway"},"geometry":{"type":"LineString","coordinates":[[121.61388829999999,25.0439467],[121.61341929999999,25.043882399999998]]}},{"type":"Feature","properties":{"name":null,"kind":"service"},"geometry":{"type":"LineString","coordinates":[[121.61389100000001,25.04404719999999],[121.6139317,25.043848],[121.6140147,25.0438461]]}},{"type":"Feature","properties":{"name":null,"kind":"service"},"geometry":{"type":"LineString","coordinates":[[121.6139526,25.044065300000003],[121.61389100000001,25.04404719999999]]}},{"type":"Feature","properties":{"name":null,"kind":"service"},"geometry":{"type":"LineString","coordinates":[[121.6139889,25.044033999999996],[121.61418940000001,25.0442634],[121.614135,25.044551499999997]]}},{"type":"Feature","properties":{"name":null,"kind":"service"},"geometry":{"type":"LineString","coordinates":[[121.6125257,25.044883],[121.61277810000001,25.0448388],[121.6128189,25.043842300000005],[121.61341950000002,25.043857799999998],[121.61341750000001,25.0441]]}},{"type":"Feature","properties":{"name":null,"kind":"footway"},"geometry":{"type":"LineString","coordinates":[[121.61343619999998,25.044595999999995],[121.613976,25.044738299999995],[121.61411209999999,25.044622799999996]]}},{"type":"Feature","properties":{"name":null,"kind":"footway"},"geometry":{"type":"LineString","coordinates":[[121.61330380000001,25.045455399999998],[121.61346309999999,25.044366800000002],[121.61358910000001,25.044098399999996],[121.613869,25.0440136]]}},{"type":"Feature","properties":{"name":null,"kind":"service"},"geometry":{"type":"LineString","coordinates":[[121.61228199999998,25.042466299999994],[121.6123534,25.0437129],[121.61209919999999,25.047412999999995]]}},{"type":"Feature","properties":{"name":null,"kind":"footway"},"geometry":{"type":"LineString","coordinates":[[121.61277810000001,25.0448388],[121.61288559999998,25.0449901],[121.6133292,25.045077599999992]]}},{"type":"Feature","properties":{"name":"研究院路二段70巷","kind":"residential"},"geometry":{"type":"LineString","coordinates":[[121.6124185,25.045493699999994],[121.6137342,25.045445899999997],[121.6151535,25.045761699999996]]}},{"type":"Feature","properties":{"name":"研究院路二段70巷47弄","kind":"service"},"geometry":{"type":"LineString","coordinates":[[121.6132961,25.0462935],[121.61330380000001,25.045455399999998]]}},{"type":"Feature","properties":{"name":"研究院路二段70巷37弄","kind":"residential"},"geometry":{"type":"LineString","coordinates":[[121.6138393,25.046307199999998],[121.6138951,25.045483499999996]]}},{"type":"Feature","properties":{"name":"研究院路二段70巷47弄","kind":"service"},"geometry":{"type":"LineString","coordinates":[[121.6123943,25.045920799999998],[121.6132856,25.0459222]]}},{"type":"Feature","properties":{"name":"研究院路二段70巷37弄","kind":"service"},"geometry":{"type":"LineString","coordinates":[[121.6138676,25.0458895],[121.61446579999999,25.046032199999992]]}},{"type":"Feature","properties":{"name":null,"kind":"service"},"geometry":{"type":"LineString","coordinates":[[121.61044159999999,25.045459],[121.60983130000001,25.0458378],[121.6095356,25.046515899999996]]}},{"type":"Feature","properties":{"name":null,"kind":"service"},"geometry":{"type":"LineString","coordinates":[[121.60530480000001,25.0443877],[121.60492089999998,25.044365299999992],[121.604765,25.044466000000003]]}},{"type":"Feature","properties":{"name":null,"kind":"service"},"geometry":{"type":"LineString","coordinates":[[121.60864950000001,25.0462334],[121.606996,25.0455194],[121.6060821,25.045941699999997],[121.6060616,25.046158999999996],[121.6059743,25.046218399999997]]}},{"type":"Feature","properties":{"name":null,"kind":"service"},"geometry":{"type":"LineString","coordinates":[[121.60469949999998,25.045972100000004],[121.60476390000001,25.0458846]]}},{"type":"Feature","properties":{"name":null,"kind":"service"},"geometry":{"type":"LineString","coordinates":[[121.6046536,25.046012200000003],[121.60469949999998,25.045972100000004]]}},{"type":"Feature","properties":{"name":null,"kind":"service"},"geometry":{"type":"LineString","coordinates":[[121.6048316,25.0457681],[121.60560880000001,25.0457995],[121.60569190000001,25.0462442]]}},{"type":"Feature","properties":{"name":null,"kind":"service"},"geometry":{"type":"LineString","coordinates":[[121.6080959,25.046923199999995],[121.6066999,25.046368099999995],[121.6055426,25.0463738],[121.60250310000002,25.045252399999995]]}},{"type":"Feature","properties":{"name":null,"kind":"service"},"geometry":{"type":"LineString","coordinates":[[121.6068345,25.0460984],[121.60680230000001,25.0461859]]}},{"type":"Feature","properties":{"name":null,"kind":"service"},"geometry":{"type":"LineString","coordinates":[[121.60569190000001,25.0462442],[121.60569729999999,25.046317100000007]]}},{"type":"Feature","properties":{"name":null,"kind":"service"},"geometry":{"type":"LineString","coordinates":[[121.60680230000001,25.0461859],[121.6066999,25.046368099999995]]}},{"type":"Feature","properties":{"name":null,"kind":"service"},"geometry":{"type":"LineString","coordinates":[[121.60569729999999,25.046317100000007],[121.6057166,25.046404299999995]]}},{"type":"Feature","properties":{"name":"研究院路二段54巷","kind":"residential"},"geometry":{"type":"LineString","coordinates":[[121.6124023,25.046276900000002],[121.6151214,25.0463096]]}},{"type":"Feature","properties":{"name":null,"kind":"path"},"geometry":{"type":"LineString","coordinates":[[121.6121747,25.046365199999997],[121.612375,25.046370999999997]]}},{"type":"Feature","properties":{"name":null,"kind":"path"},"geometry":{"type":"LineString","coordinates":[[121.6123922,25.046769000000005],[121.61239560000001,25.045976700000004]]}},{"type":"Feature","properties":{"name":null,"kind":"service"},"geometry":{"type":"LineString","coordinates":[[121.60859760000001,25.046214300000003],[121.6084369,25.046570700000004]]}},{"type":"Feature","properties":{"name":null,"kind":"path"},"geometry":{"type":"LineString","coordinates":[[121.61218079999999,25.046773100000003],[121.6121629,25.0460833]]}},{"type":"Feature","properties":{"name":null,"kind":"service"},"geometry":{"type":"LineString","coordinates":[[121.6124185,25.045493699999994],[121.61238390000001,25.047432900000008]]}},{"type":"Feature","properties":{"name":null,"kind":"footway"},"geometry":{"type":"LineString","coordinates":[[121.61319669999999,25.046409999999998],[121.6132179,25.046581899999993]]}},{"type":"Feature","properties":{"name":"生態解說專用步道","kind":"footway"},"geometry":{"type":"LineString","coordinates":[[121.6085963,25.046611799999994],[121.6086691,25.04644589999999],[121.6091436,25.046488599999996],[121.6092422,25.0464347]]}},{"type":"Feature","properties":{"name":null,"kind":"service"},"geometry":{"type":"LineString","coordinates":[[121.6084369,25.046570700000004],[121.6083848,25.0466403]]}},{"type":"Feature","properties":{"name":null,"kind":"footway"},"geometry":{"type":"LineString","coordinates":[[121.61295190000001,25.046378399999995],[121.6129634,25.046675899999997],[121.61312700000002,25.0468359],[121.61323030000001,25.0468462]]}},{"type":"Feature","properties":{"name":null,"kind":"footway"},"geometry":{"type":"LineString","coordinates":[[121.60853820000001,25.04668010000001],[121.6085963,25.046611799999994]]}},{"type":"Feature","properties":{"name":"研究院路二段12巷14弄","kind":"service"},"geometry":{"type":"LineString","coordinates":[[121.61459479999999,25.0466231],[121.6138296,25.046638299999998]]}},{"type":"Feature","properties":{"name":null,"kind":"footway"},"geometry":{"type":"LineString","coordinates":[[121.61373220000002,25.0467204],[121.61335600000001,25.046715],[121.61323030000001,25.0468462]]}},{"type":"Feature","properties":{"name":null,"kind":"service"},"geometry":{"type":"LineString","coordinates":[[121.61134889999998,25.047386399999997],[121.6104091,25.047015399999996],[121.6095356,25.046515899999996],[121.60864950000001,25.0462334]]}},{"type":"Feature","properties":{"name":null,"kind":"footway"},"geometry":{"type":"LineString","coordinates":[[121.61247120000002,25.046863199999994],[121.61256990000001,25.0469173],[121.6130724,25.046901300000002]]}},{"type":"Feature","properties":{"name":"研究院路二段12巷58弄","kind":"residential"},"geometry":{"type":"LineString","coordinates":[[121.6138073,25.04748560000001],[121.6138393,25.046307199999998]]}},{"type":"Feature","properties":{"name":null,"kind":"footway"},"geometry":{"type":"LineString","coordinates":[[121.6137042,25.047382900000002],[121.6133057,25.047036300000002],[121.61323030000001,25.0468462],[121.6130724,25.046901300000002]]}},{"type":"Feature","properties":{"name":null,"kind":"footway"},"geometry":{"type":"LineString","coordinates":[[121.612344,25.0474918],[121.6123724,25.0467683]]}},{"type":"Feature","properties":{"name":null,"kind":"footway"},"geometry":{"type":"LineString","coordinates":[[121.61288940000001,25.0472089],[121.61289489999999,25.047327799999998]]}},{"type":"Feature","properties":{"name":null,"kind":"footway"},"geometry":{"type":"LineString","coordinates":[[121.6141194,25.0473308],[121.6141993,25.047294599999994]]}},{"type":"Feature","properties":{"name":null,"kind":"footway"},"geometry":{"type":"LineString","coordinates":[[121.612159,25.047339499999996],[121.6121,25.047316699999996]]}},{"type":"Feature","properties":{"name":null,"kind":"footway"},"geometry":{"type":"LineString","coordinates":[[121.612159,25.047339499999996],[121.612339,25.047381399999995]]}},{"type":"Feature","properties":{"name":null,"kind":"footway"},"geometry":{"type":"LineString","coordinates":[[121.6124257,25.0473883],[121.61277450000001,25.047314999999998],[121.6137449,25.047429500000003],[121.6137042,25.047382900000002]]}},{"type":"Feature","properties":{"name":null,"kind":"footway"},"geometry":{"type":"LineString","coordinates":[[121.612339,25.047381399999995],[121.6124257,25.0473883]]}},{"type":"Feature","properties":{"name":null,"kind":"service"},"geometry":{"type":"LineString","coordinates":[[121.6114346,25.047410499999998],[121.61191470000001,25.0474075]]}},{"type":"Feature","properties":{"name":null,"kind":"service"},"geometry":{"type":"LineString","coordinates":[[121.61380570000001,25.047375],[121.6141218,25.04739929999999]]}},{"type":"Feature","properties":{"name":null,"kind":"service"},"geometry":{"type":"LineString","coordinates":[[121.6114346,25.047410499999998],[121.61134889999998,25.047386399999997]]}},{"type":"Feature","properties":{"name":null,"kind":"service"},"geometry":{"type":"LineString","coordinates":[[121.61209919999999,25.047412999999995],[121.61191470000001,25.0474075]]}},{"type":"Feature","properties":{"name":null,"kind":"unclassified"},"geometry":{"type":"LineString","coordinates":[[121.6121554,25.0474205],[121.61209919999999,25.047412999999995]]}},{"type":"Feature","properties":{"name":null,"kind":"service"},"geometry":{"type":"LineString","coordinates":[[121.61191470000001,25.0474075],[121.6114346,25.047410499999998]]}},{"type":"Feature","properties":{"name":null,"kind":"footway"},"geometry":{"type":"LineString","coordinates":[[121.6169813,25.0423149],[121.61701890000002,25.0423082]]}},{"type":"Feature","properties":{"name":null,"kind":"footway"},"geometry":{"type":"LineString","coordinates":[[121.614367,25.0424688],[121.6144269,25.042299999999997],[121.6142646,25.0422447],[121.6142349,25.042424300000004],[121.614367,25.0424688]]}},{"type":"Feature","properties":{"name":null,"kind":"footway"},"geometry":{"type":"LineString","coordinates":[[121.61434190000001,25.0422668],[121.6143129,25.0424515]]}},{"type":"Feature","properties":{"name":null,"kind":"footway"},"geometry":{"type":"LineString","coordinates":[[121.61701890000002,25.0423082],[121.6171604,25.042387799999997]]}},{"type":"Feature","properties":{"name":null,"kind":"footway"},"geometry":{"type":"LineString","coordinates":[[121.6168137,25.0424145],[121.6169813,25.0423149]]}},{"type":"Feature","properties":{"name":"適之路","kind":"service"},"geometry":{"type":"LineString","coordinates":[[121.61587509999998,25.041798500000002],[121.6157534,25.0421161],[121.61551800000001,25.042428299999997],[121.6153315,25.0429531]]}},{"type":"Feature","properties":{"name":null,"kind":"service"},"geometry":{"type":"LineString","coordinates":[[121.61611830000001,25.042488200000005],[121.6155065,25.042461199999998]]}},{"type":"Feature","properties":{"name":null,"kind":"footway"},"geometry":{"type":"LineString","coordinates":[[121.6170068,25.042561500000005],[121.616811,25.042463099999996]]}},{"type":"Feature","properties":{"name":null,"kind":"service"},"geometry":{"type":"LineString","coordinates":[[121.6163812,25.0425703],[121.61611830000001,25.042488200000005]]}},{"type":"Feature","properties":{"name":null,"kind":"footway"},"geometry":{"type":"LineString","coordinates":[[121.6143129,25.0424515],[121.6144618,25.042641499999988],[121.6146748,25.04270199999999]]}},{"type":"Feature","properties":{"name":"舊莊街一段3巷","kind":"residential"},"geometry":{"type":"LineString","coordinates":[[121.6191937,25.0432163],[121.6175287,25.0419233]]}},{"type":"Feature","properties":{"name":null,"kind":"service"},"geometry":{"type":"LineString","coordinates":[[121.61483090000002,25.0426419],[121.61470700000001,25.042619]]}},{"type":"Feature","properties":{"name":null,"kind":"footway"},"geometry":{"type":"LineString","coordinates":[[121.61457749999998,25.042851500000005],[121.61470679999998,25.042538700000005],[121.61462240000002,25.042634899999992],[121.61450450000001,25.042595199999994],[121.6145334,25.042524799999992],[121.6142349,25.042424300000004],[121.61419009999999,25.0425111],[121.61433460000002,25.0425507],[121.61438810000001,25.042784899999994],[121.61457749999998,25.042851500000005]]}},{"type":"Feature","properties":{"name":null,"kind":"service"},"geometry":{"type":"LineString","coordinates":[[121.6146748,25.04270199999999],[121.61478260000001,25.042748199999995],[121.61483090000002,25.0426419]]}},{"type":"Feature","properties":{"name":null,"kind":"service"},"geometry":{"type":"LineString","coordinates":[[121.6153315,25.0429531],[121.61618200000001,25.042909799999993],[121.61640780000002,25.042524999999998]]}},{"type":"Feature","properties":{"name":null,"kind":"footway"},"geometry":{"type":"LineString","coordinates":[[121.6152835,25.042832199999996],[121.6148265,25.042715999999995]]}},{"type":"Feature","properties":{"name":null,"kind":"steps"},"geometry":{"type":"LineString","coordinates":[[121.61688129999999,25.0427914],[121.6169451,25.0428166]]}},{"type":"Feature","properties":{"name":null,"kind":"service"},"geometry":{"type":"LineString","coordinates":[[121.61562770000002,25.042953200000003],[121.61579549999999,25.0427506],[121.615999,25.042742499999992],[121.6161295,25.042913999999996]]}},{"type":"Feature","properties":{"name":null,"kind":"service"},"geometry":{"type":"LineString","coordinates":[[121.61470700000001,25.042619],[121.6144803,25.043192]]}},{"type":"Feature","properties":{"name":null,"kind":"footway"},"geometry":{"type":"LineString","coordinates":[[121.6141034,25.043021999999997],[121.6144963,25.043151599999995]]}},{"type":"Feature","properties":{"name":"合順街8巷3弄","kind":"residential"},"geometry":{"type":"LineString","coordinates":[[121.6197225,25.0427542],[121.61836870000002,25.0420366]]}},{"type":"Feature","properties":{"name":"合順街","kind":"residential"},"geometry":{"type":"LineString","coordinates":[[121.619449,25.042996],[121.61942949999998,25.042970399999994]]}},{"type":"Feature","properties":{"name":null,"kind":"service"},"geometry":{"type":"LineString","coordinates":[[121.6157815,25.0431046],[121.6161935,25.043070599999997]]}},{"type":"Feature","properties":{"name":null,"kind":"service"},"geometry":{"type":"LineString","coordinates":[[121.61618200000001,25.042909799999993],[121.6162096,25.043268100000006]]}},{"type":"Feature","properties":{"name":null,"kind":"footway"},"geometry":{"type":"LineString","coordinates":[[121.6171604,25.042387799999997],[121.6166807,25.0431588],[121.6163765,25.043837299999996]]}},{"type":"Feature","properties":{"name":null,"kind":"service"},"geometry":{"type":"LineString","coordinates":[[121.615805,25.043292899999997],[121.6157608,25.04294279999999]]}},{"type":"Feature","properties":{"name":"研究院路二段","kind":"secondary"},"geometry":{"type":"LineString","coordinates":[[121.61613720000001,25.0438369],[121.61683090000001,25.042578399999996],[121.61698299999999,25.0424322]]}},{"type":"Feature","properties":{"name":"研究院路二段","kind":"secondary"},"geometry":{"type":"LineString","coordinates":[[121.61698299999999,25.0424322],[121.61623900000001,25.043853699999996]]}},{"type":"Feature","properties":{"name":"研究院路二段61巷4弄","kind":"service"},"geometry":{"type":"LineString","coordinates":[[121.6167428,25.0431849],[121.6169451,25.0428166],[121.61763710000001,25.0431617],[121.6174041,25.043494399999997]]}},{"type":"Feature","properties":{"name":"適之路","kind":"service"},"geometry":{"type":"LineString","coordinates":[[121.6153315,25.0429531],[121.6151629,25.0433944]]}},{"type":"Feature","properties":{"name":null,"kind":"unclassified"},"geometry":{"type":"LineString","coordinates":[[121.6144038,25.0431665],[121.6143888,25.0432869],[121.6145739,25.043374399999998],[121.6147248,25.0432654]]}},{"type":"Feature","properties":{"name":null,"kind":"service"},"geometry":{"type":"LineString","coordinates":[[121.615805,25.043292899999997],[121.6162096,25.043268100000006]]}},{"type":"Feature","properties":{"name":"研究院路二段61巷3弄","kind":"service"},"geometry":{"type":"LineString","coordinates":[[121.61826329999998,25.043953699999996],[121.6166381,25.0431409]]}},{"type":"Feature","properties":{"name":"生命大道","kind":"service"},"geometry":{"type":"LineString","coordinates":[[121.61623900000001,25.043853699999996],[121.6155022,25.043609999999994],[121.6151629,25.0433944]]}},{"type":"Feature","properties":{"name":"生命大道","kind":"service"},"geometry":{"type":"LineString","coordinates":[[121.6151629,25.0433944],[121.61618880000002,25.0437363],[121.61623900000001,25.043853699999996]]}},{"type":"Feature","properties":{"name":null,"kind":"service"},"geometry":{"type":"LineString","coordinates":[[121.61821120000002,25.0434922],[121.6187481,25.043780200000008]]}},{"type":"Feature","properties":{"name":null,"kind":"footway"},"geometry":{"type":"LineString","coordinates":[[121.61620350000001,25.043605199999995],[121.61641269999998,25.043703600000004]]}},{"type":"Feature","properties":{"name":"舊莊街一段3巷1弄","kind":"service"},"geometry":{"type":"LineString","coordinates":[[121.61871209999998,25.0428247],[121.61742130000002,25.044572400000003]]}},{"type":"Feature","properties":{"name":null,"kind":"footway"},"geometry":{"type":"LineString","coordinates":[[121.61641269999998,25.043703600000004],[121.6160439,25.04385309999999]]}},{"type":"Feature","properties":{"name":"研究院路二段61巷2弄","kind":"service"},"geometry":{"type":"LineString","coordinates":[[121.6177737,25.044069299999997],[121.6164513,25.043483799999994]]}},{"type":"Feature","properties":{"name":null,"kind":"footway"},"geometry":{"type":"LineString","coordinates":[[121.6163,25.043957599999995],[121.61620350000001,25.043605199999995]]}},{"type":"Feature","properties":{"name":null,"kind":"pedestrian"},"geometry":{"type":"LineString","coordinates":[[121.6154482,25.0436985],[121.6157221,25.043788400000004],[121.6156711,25.043916599999996],[121.6159563,25.0440091],[121.6160135,25.043868599999993],[121.6154482,25.0436985]]}},{"type":"Feature","properties":{"name":null,"kind":"residential"},"geometry":{"type":"LineString","coordinates":[[121.61953620000001,25.0431079],[121.619449,25.042996]]}},{"type":"Feature","properties":{"name":null,"kind":"residential"},"geometry":{"type":"LineString","coordinates":[[121.6191937,25.0432163],[121.6192783,25.0433136]]}},{"type":"Feature","properties":{"name":null,"kind":"footway"},"geometry":{"type":"LineString","coordinates":[[121.6163765,25.043837299999996],[121.6163,25.043957599999995]]}},{"type":"Feature","properties":{"name":null,"kind":"footway"},"geometry":{"type":"LineString","coordinates":[[121.6160439,25.04385309999999],[121.6163,25.043957599999995]]}},{"type":"Feature","properties":{"name":null,"kind":"service"},"geometry":{"type":"LineString","coordinates":[[121.6185049,25.0436498],[121.6180212,25.044192599999995],[121.6177737,25.044069299999997]]}},{"type":"Feature","properties":{"name":null,"kind":"service"},"geometry":{"type":"LineString","coordinates":[[121.61603,25.0440502],[121.61535210000001,25.0438473]]}},{"type":"Feature","properties":{"name":"研究院路二段98巷","kind":"residential"},"geometry":{"type":"LineString","coordinates":[[121.6153004,25.043879399999998],[121.61598839999999,25.044117300000003]]}},{"type":"Feature","properties":{"name":null,"kind":"service"},"geometry":{"type":"LineString","coordinates":[[121.6186473,25.0437262],[121.6181239,25.0443926],[121.6178329,25.044455700000004],[121.6175943,25.044325399999998]]}},{"type":"Feature","properties":{"name":"研究院路二段","kind":"secondary"},"geometry":{"type":"LineString","coordinates":[[121.6158427,25.044396099999997],[121.61613720000001,25.0438369]]}},{"type":"Feature","properties":{"name":"研究院路二段","kind":"secondary"},"geometry":{"type":"LineString","coordinates":[[121.61623900000001,25.043853699999996],[121.6159313,25.044431999999997]]}},{"type":"Feature","properties":{"name":null,"kind":"footway"},"geometry":{"type":"LineString","coordinates":[[121.6174363,25.0444922],[121.6163765,25.043837299999996]]}},{"type":"Feature","properties":{"name":null,"kind":"service"},"geometry":{"type":"LineString","coordinates":[[121.6180818,25.044148999999997],[121.6182405,25.0442547]]}},{"type":"Feature","properties":{"name":"研究院路二段53巷","kind":"service"},"geometry":{"type":"LineString","coordinates":[[121.6158427,25.044396099999997],[121.6159313,25.044431999999997]]}},{"type":"Feature","properties":{"name":null,"kind":"footway"},"geometry":{"type":"LineString","coordinates":[[121.6157797,25.044431399999993],[121.6159661,25.044498299999997]]}},{"type":"Feature","properties":{"name":null,"kind":"footway"},"geometry":{"type":"LineString","coordinates":[[121.61754559999999,25.0445832],[121.6174363,25.0444922]]}},{"type":"Feature","properties":{"name":"研究院路二段53巷","kind":"service"},"geometry":{"type":"LineString","coordinates":[[121.6159313,25.044431999999997],[121.6163165,25.0446261],[121.61628400000001,25.044705999999998]]}},{"type":"Feature","properties":{"name":null,"kind":"footway"},"geometry":{"type":"LineString","coordinates":[[121.6163,25.043957599999995],[121.61561700000001,25.0452172]]}},{"type":"Feature","properties":{"name":"研究院路二段61巷","kind":"unclassified"},"geometry":{"type":"LineString","coordinates":[[121.61790380000001,25.0453515],[121.61742130000002,25.044572400000003],[121.61623900000001,25.043853699999996]]}},{"type":"Feature","properties":{"name":null,"kind":"footway"},"geometry":{"type":"LineString","coordinates":[[121.6178533,25.045379299999997],[121.61740480000002,25.04461089999999],[121.61686569999999,25.044234700000004],[121.6163,25.043957599999995]]}},{"type":"Feature","properties":{"name":null,"kind":"footway"},"geometry":{"type":"LineString","coordinates":[[121.6144989,25.0448113],[121.61436320000001,25.04469],[121.61411209999999,25.044622799999996],[121.614135,25.044551499999997]]}},{"type":"Feature","properties":{"name":null,"kind":"footway"},"geometry":{"type":"LineString","coordinates":[[121.6168905,25.044251999999993],[121.61657460000002,25.044777300000003],[121.6162232,25.045097599999995]]}},{"type":"Feature","properties":{"name":"研究院路二段53巷","kind":"footway"},"geometry":{"type":"LineString","coordinates":[[121.61628400000001,25.044705999999998],[121.61641170000001,25.0447795]]}},{"type":"Feature","properties":{"name":null,"kind":"service"},"geometry":{"type":"LineString","coordinates":[[121.6147096,25.045655499999995],[121.6153004,25.043879399999998]]}},{"type":"Feature","properties":{"name":"研究院路二段37巷","kind":"residential"},"geometry":{"type":"LineString","coordinates":[[121.6155232,25.045416000000003],[121.616051,25.045163499999997],[121.6164362,25.044873300000003],[121.61688880000001,25.044200400000005]]}},{"type":"Feature","properties":{"name":null,"kind":"footway"},"geometry":{"type":"LineString","coordinates":[[121.61791729999999,25.045240299999996],[121.61754559999999,25.0445832]]}},{"type":"Feature","properties":{"name":null,"kind":"service"},"geometry":{"type":"LineString","coordinates":[[121.61542160000002,25.0449903],[121.6155902,25.0450467]]}},{"type":"Feature","properties":{"name":null,"kind":"service"},"geometry":{"type":"LineString","coordinates":[[121.61444960000001,25.044999699999998],[121.61489870000001,25.045087]]}},{"type":"Feature","properties":{"name":"福山街2巷","kind":"service"},"geometry":{"type":"LineString","coordinates":[[121.6173572,25.045166400000003],[121.61727,25.0450291],[121.6165817,25.045034099999995]]}},{"type":"Feature","properties":{"name":"研究院路二段37巷1弄","kind":"path"},"geometry":{"type":"LineString","coordinates":[[121.6157092,25.0453118],[121.6159364,25.0449083]]}},{"type":"Feature","properties":{"name":null,"kind":"service"},"geometry":{"type":"LineString","coordinates":[[121.61616330000001,25.045077099999997],[121.61643430000001,25.0451697]]}},{"type":"Feature","properties":{"name":"福山街2巷","kind":"footway"},"geometry":{"type":"LineString","coordinates":[[121.6165817,25.045034099999995],[121.6163879,25.0452146]]}},{"type":"Feature","properties":{"name":"研究院路二段84巷","kind":"residential"},"geometry":{"type":"LineString","coordinates":[[121.61489870000001,25.045087],[121.6154836,25.0452425]]}},{"type":"Feature","properties":{"name":null,"kind":"service"},"geometry":{"type":"LineString","coordinates":[[121.61428670000001,25.045555199999995],[121.6144989,25.0448113],[121.6149616,25.0448978]]}},{"type":"Feature","properties":{"name":null,"kind":"footway"},"geometry":{"type":"LineString","coordinates":[[121.6154069,25.0451434],[121.61561700000001,25.0452172]]}},{"type":"Feature","properties":{"name":null,"kind":"footway"},"geometry":{"type":"LineString","coordinates":[[121.6179644,25.0453541],[121.6181685,25.0450101]]}},{"type":"Feature","properties":{"name":"福山街2巷3弄","kind":"service"},"geometry":{"type":"LineString","coordinates":[[121.61643430000001,25.0451697],[121.6170596,25.045278099999994]]}},{"type":"Feature","properties":{"name":null,"kind":"footway"},"geometry":{"type":"LineString","coordinates":[[121.6180069,25.045282199999995],[121.61791729999999,25.045240299999996]]}},{"type":"Feature","properties":{"name":"福山街44巷15弄","kind":"service"},"geometry":{"type":"LineString","coordinates":[[121.6173572,25.045166400000003],[121.6175312,25.045454499999998],[121.61786080000002,25.045281299999996]]}},{"type":"Feature","properties":{"name":null,"kind":"footway"},"geometry":{"type":"LineString","coordinates":[[121.6178533,25.045379299999997],[121.61791729999999,25.045240299999996]]}},{"type":"Feature","properties":{"name":null,"kind":"unclassified"},"geometry":{"type":"LineString","coordinates":[[121.6179383,25.045413400000005],[121.61790380000001,25.0453515]]}},{"type":"Feature","properties":{"name":null,"kind":"footway"},"geometry":{"type":"LineString","coordinates":[[121.61790260000001,25.0454461],[121.6179644,25.0453541]]}},{"type":"Feature","properties":{"name":null,"kind":"footway"},"geometry":{"type":"LineString","coordinates":[[121.6152921,25.045380699999995],[121.61549670000001,25.045443499999994]]}},{"type":"Feature","properties":{"name":null,"kind":"footway"},"geometry":{"type":"LineString","coordinates":[[121.6157656,25.0487832],[121.61572610000002,25.0480392],[121.6151025,25.0463097],[121.61508299999998,25.045951999999996],[121.61538140000002,25.045185099999998],[121.616811,25.042463099999996],[121.6166756,25.0421885],[121.6166876,25.042052399999996]]}},{"type":"Feature","properties":{"name":null,"kind":"footway"},"geometry":{"type":"LineString","coordinates":[[121.61790260000001,25.0454461],[121.6178533,25.045379299999997]]}},{"type":"Feature","properties":{"name":null,"kind":"footway"},"geometry":{"type":"LineString","coordinates":[[121.6179644,25.0453541],[121.61804180000001,25.045491199999997]]}},{"type":"Feature","properties":{"name":"福山街2巷","kind":"service"},"geometry":{"type":"LineString","coordinates":[[121.6158535,25.045657399999996],[121.6163879,25.0452146]]}},{"type":"Feature","properties":{"name":"福山街44巷","kind":"service"},"geometry":{"type":"LineString","coordinates":[[121.6177011,25.045020200000003],[121.61698459999998,25.045350600000003],[121.61693830000002,25.045860199999996]]}},{"type":"Feature","properties":{"name":"福山街2巷1弄","kind":"service"},"geometry":{"type":"LineString","coordinates":[[121.61615490000001,25.0454073],[121.616934,25.045530899999992]]}},{"type":"Feature","properties":{"name":"民權橋","kind":"unclassified"},"geometry":{"type":"LineString","coordinates":[[121.61800790000001,25.0455405],[121.6179383,25.045413400000005]]}},{"type":"Feature","properties":{"name":null,"kind":"footway"},"geometry":{"type":"LineString","coordinates":[[121.61790260000001,25.0454461],[121.61799100000002,25.045580500000003]]}},{"type":"Feature","properties":{"name":"福山街","kind":"residential"},"geometry":{"type":"LineString","coordinates":[[121.61535869999999,25.045334000000004],[121.6158535,25.045657399999996],[121.61693830000002,25.045860199999996],[121.6170624,25.0460702],[121.61741299999998,25.046242700000004]]}},{"type":"Feature","properties":{"name":"福山街56巷","kind":"residential"},"geometry":{"type":"LineString","coordinates":[[121.6170624,25.0460702],[121.61757640000002,25.0459273]]}},{"type":"Feature","properties":{"name":null,"kind":"footway"},"geometry":{"type":"LineString","coordinates":[[121.61759779999998,25.045998399999995],[121.617612,25.046014199999995]]}},{"type":"Feature","properties":{"name":"研究院路二段","kind":"secondary"},"geometry":{"type":"LineString","coordinates":[[121.6159313,25.044431999999997],[121.6154218,25.045356399999996],[121.61517650000002,25.045984799999996],[121.61520740000002,25.0463043],[121.61574929999999,25.0476674]]}},{"type":"Feature","properties":{"name":null,"kind":"residential"},"geometry":{"type":"LineString","coordinates":[[121.61758459999999,25.0460569],[121.61753080000001,25.046028299999993]]}},{"type":"Feature","properties":{"name":null,"kind":"footway"},"geometry":{"type":"LineString","coordinates":[[121.617612,25.046014199999995],[121.6177014,25.046107900000003]]}},{"type":"Feature","properties":{"name":null,"kind":"footway"},"geometry":{"type":"LineString","coordinates":[[121.6175597,25.046067499999992],[121.6175749,25.0460768]]}},{"type":"Feature","properties":{"name":"福山橋","kind":"residential"},"geometry":{"type":"LineString","coordinates":[[121.6176516,25.0461373],[121.61758459999999,25.0460569]]}},{"type":"Feature","properties":{"name":null,"kind":"footway"},"geometry":{"type":"LineString","coordinates":[[121.6175749,25.0460768],[121.6176645,25.0461781]]}},{"type":"Feature","properties":{"name":"研究院路二段35巷","kind":"residential"},"geometry":{"type":"LineString","coordinates":[[121.61728429999998,25.046464999999998],[121.6167755,25.046247999999988],[121.6156826,25.0461869],[121.6153598,25.045901099999995],[121.6152033,25.0458524]]}},{"type":"Feature","properties":{"name":null,"kind":"footway"},"geometry":{"type":"LineString","coordinates":[[121.6151266,25.046371799999996],[121.61529860000002,25.0463199]]}},{"type":"Feature","properties":{"name":null,"kind":"path"},"geometry":{"type":"LineString","coordinates":[[121.61662920000002,25.046477799999998],[121.6166258,25.046241999999992]]}},{"type":"Feature","properties":{"name":"研究院路二段35巷29弄","kind":"path"},"geometry":{"type":"LineString","coordinates":[[121.61687329999998,25.0462834],[121.6168652,25.046465699999995],[121.61662920000002,25.046477799999998]]}},{"type":"Feature","properties":{"name":null,"kind":"path"},"geometry":{"type":"LineString","coordinates":[[121.6168659,25.0464494],[121.61718970000001,25.046419200000003]]}},{"type":"Feature","properties":{"name":"研究院路二段35巷23弄","kind":"service"},"geometry":{"type":"LineString","coordinates":[[121.61641359999999,25.046818699999996],[121.61640549999998,25.046233099999995]]}},{"type":"Feature","properties":{"name":null,"kind":"footway"},"geometry":{"type":"LineString","coordinates":[[121.61561700000001,25.0452172],[121.6153438,25.045698700000003],[121.61526200000002,25.0462199],[121.6156486,25.047283000000004],[121.61596749999998,25.047909499999996]]}},{"type":"Feature","properties":{"name":null,"kind":"service"},"geometry":{"type":"LineString","coordinates":[[121.5868145,25.044434100000004],[121.5873287,25.044088900000002]]}},{"type":"Feature","properties":{"name":"玉成街201巷8弄","kind":"residential"},"geometry":{"type":"LineString","coordinates":[[121.5857576,25.0447288],[121.58619720000002,25.044006600000003]]}},{"type":"Feature","properties":{"name":null,"kind":"footway"},"geometry":{"type":"LineString","coordinates":[[121.58700730000001,25.044415400000002],[121.58685940000001,25.044515899999997],[121.5867674,25.044386199999995],[121.5869001,25.0443063]]}},{"type":"Feature","properties":{"name":"成福路64巷","kind":"service"},"geometry":{"type":"LineString","coordinates":[[121.5860117,25.0443114],[121.5866764,25.044645700000004]]}},{"type":"Feature","properties":{"name":"玉成街201巷","kind":"service"},"geometry":{"type":"LineString","coordinates":[[121.5846313,25.044107199999992],[121.58643999999998,25.045038]]}},{"type":"Feature","properties":{"name":"玉成街191巷","kind":"service"},"geometry":{"type":"LineString","coordinates":[[121.5844539,25.044341599999996],[121.58525030000001,25.044818999999997]]}},{"type":"Feature","properties":{"name":"玉成街181巷14弄","kind":"service"},"geometry":{"type":"LineString","coordinates":[[121.58542430000001,25.044550599999997],[121.5851806,25.0449294]]}},{"type":"Feature","properties":{"name":"東新街108巷","kind":"residential"},"geometry":{"type":"LineString","coordinates":[[121.5868145,25.044434100000004],[121.58749089999999,25.045046000000003]]}},{"type":"Feature","properties":{"name":"成福路","kind":"residential"},"geometry":{"type":"LineString","coordinates":[[121.5868145,25.044434100000004],[121.58620089999998,25.045426199999994]]}},{"type":"Feature","properties":{"name":null,"kind":"service"},"geometry":{"type":"LineString","coordinates":[[121.5858095,25.045227199999996],[121.5860353,25.044858299999998]]}},{"type":"Feature","properties":{"name":null,"kind":"pedestrian"},"geometry":{"type":"LineString","coordinates":[[121.5920691,25.044628299999992],[121.59210400000002,25.044395399999996],[121.5922327,25.0443565],[121.5923295,25.0445373],[121.5922528,25.0458513],[121.592048,25.0458138],[121.5920691,25.044628299999992]]}},{"type":"Feature","properties":{"name":null,"kind":"footway"},"geometry":{"type":"LineString","coordinates":[[121.594064,25.045727699999993],[121.59428670000001,25.045212499999998],[121.59419550000001,25.0448261],[121.5939755,25.04456370000001],[121.5937636,25.044580699999997],[121.5935987,25.0446791]]}},{"type":"Feature","properties":{"name":null,"kind":"service"},"geometry":{"type":"LineString","coordinates":[[121.5934418,25.0456499],[121.5933001,25.04536179999999],[121.5938836,25.0453428],[121.59399480000002,25.045161399999994],[121.59383460000001,25.044888299999997],[121.5935987,25.0446791]]}},{"type":"Feature","properties":{"name":null,"kind":"service"},"geometry":{"type":"LineString","coordinates":[[121.5933001,25.04536179999999],[121.59299420000002,25.045246699999996]]}},{"type":"Feature","properties":{"name":null,"kind":"footway"},"geometry":{"type":"LineString","coordinates":[[121.5926208,25.045517],[121.59276370000002,25.0454946],[121.5927429,25.0452983]]}},{"type":"Feature","properties":{"name":null,"kind":"footway"},"geometry":{"type":"LineString","coordinates":[[121.59137730000002,25.0455932],[121.59129550000002,25.045592100000007]]}},{"type":"Feature","properties":{"name":null,"kind":"service"},"geometry":{"type":"LineString","coordinates":[[121.59143659999998,25.045569899999997],[121.591951,25.0455875],[121.59194120000001,25.0457621]]}},{"type":"Feature","properties":{"name":null,"kind":"footway"},"geometry":{"type":"LineString","coordinates":[[121.5928026,25.0456088],[121.5927871,25.0457218]]}},{"type":"Feature","properties":{"name":null,"kind":"service"},"geometry":{"type":"LineString","coordinates":[[121.59129780000002,25.04575579999999],[121.59194120000001,25.0457621]]}},{"type":"Feature","properties":{"name":null,"kind":"footway"},"geometry":{"type":"LineString","coordinates":[[121.5920492,25.045777899999997],[121.591958,25.045778399999996]]}},{"type":"Feature","properties":{"name":"成福路26巷","kind":"service"},"geometry":{"type":"LineString","coordinates":[[121.5851806,25.0449294],[121.5858095,25.045227199999996]]}},{"type":"Feature","properties":{"name":"成福路15巷3弄","kind":"service"},"geometry":{"type":"LineString","coordinates":[[121.58687830000001,25.0452203],[121.5870566,25.0449315]]}},{"type":"Feature","properties":{"name":"成福路15巷","kind":"service"},"geometry":{"type":"LineString","coordinates":[[121.58687830000001,25.0452203],[121.58643999999998,25.045038]]}},{"type":"Feature","properties":{"name":"東新街80巷14弄","kind":"service"},"geometry":{"type":"LineString","coordinates":[[121.58687830000001,25.0452203],[121.5872932,25.0453804]]}},{"type":"Feature","properties":{"name":"成福路26巷","kind":"service"},"geometry":{"type":"LineString","coordinates":[[121.5858095,25.045227199999996],[121.58620089999998,25.045426199999994]]}},{"type":"Feature","properties":{"name":"同德路66巷","kind":"service"},"geometry":{"type":"LineString","coordinates":[[121.5854519,25.045054799999996],[121.5850573,25.0456921]]}},{"type":"Feature","properties":{"name":null,"kind":"service"},"geometry":{"type":"LineString","coordinates":[[121.5867117,25.045622699999996],[121.58687830000001,25.0452203]]}},{"type":"Feature","properties":{"name":"成福路26巷2弄","kind":"service"},"geometry":{"type":"LineString","coordinates":[[121.58555180000002,25.0456446],[121.5858095,25.045227199999996]]}},{"type":"Feature","properties":{"name":"東新街80巷12弄","kind":"path"},"geometry":{"type":"LineString","coordinates":[[121.58721910000001,25.0455706],[121.5868124,25.045392400000004]]}},{"type":"Feature","properties":{"name":"東新街108巷","kind":"residential"},"geometry":{"type":"LineString","coordinates":[[121.58749089999999,25.045046000000003],[121.587827,25.0454669],[121.5879048,25.045934400000004]]}},{"type":"Feature","properties":{"name":"東新街80巷10弄","kind":"service"},"geometry":{"type":"LineString","coordinates":[[121.58620089999998,25.045426199999994],[121.5871473,25.0457724]]}},{"type":"Feature","properties":{"name":"東新街80巷11弄","kind":"service"},"geometry":{"type":"LineString","coordinates":[[121.58721910000001,25.0455706],[121.58771560000001,25.0456558]]}},{"type":"Feature","properties":{"name":null,"kind":"service"},"geometry":{"type":"LineString","coordinates":[[121.5861409,25.045777000000005],[121.5862336,25.045594399999995],[121.58644170000001,25.045657999999992]]}},{"type":"Feature","properties":{"name":null,"kind":"service"},"geometry":{"type":"LineString","coordinates":[[121.5860286,25.045705199999993],[121.58633250000001,25.045886199999998],[121.5864775,25.045532599999998]]}},{"type":"Feature","properties":{"name":"東新街80巷","kind":"residential"},"geometry":{"type":"LineString","coordinates":[[121.58749089999999,25.045046000000003],[121.58721910000001,25.0455706],[121.5869722,25.046380700000004]]}},{"type":"Feature","properties":{"name":null,"kind":"service"},"geometry":{"type":"LineString","coordinates":[[121.58615970000001,25.045739900000004],[121.58627879999999,25.0458145],[121.5863729,25.0456327]]}},{"type":"Feature","properties":{"name":"成福路","kind":"service"},"geometry":{"type":"LineString","coordinates":[[121.58620089999998,25.045426199999994],[121.5858177,25.046046699999998]]}},{"type":"Feature","properties":{"name":null,"kind":"path"},"geometry":{"type":"LineString","coordinates":[[121.58771560000001,25.0456558],[121.5876474,25.0458715]]}},{"type":"Feature","properties":{"name":"東新街80巷9弄","kind":"service"},"geometry":{"type":"LineString","coordinates":[[121.5871473,25.0457724],[121.5879048,25.045934400000004]]}},{"type":"Feature","properties":{"name":null,"kind":"service"},"geometry":{"type":"LineString","coordinates":[[121.5865888,25.0455704],[121.58627039999999,25.046177699999998]]}},{"type":"Feature","properties":{"name":null,"kind":"footway"},"geometry":{"type":"LineString","coordinates":[[121.59250210000002,25.0460444],[121.5925752,25.045884600000004],[121.5924579,25.0457685]]}},{"type":"Feature","properties":{"name":null,"kind":"footway"},"geometry":{"type":"LineString","coordinates":[[121.5922528,25.0458513],[121.59226070000001,25.04596709999999]]}},{"type":"Feature","properties":{"name":null,"kind":"footway"},"geometry":{"type":"LineString","coordinates":[[121.5920919,25.0458149],[121.5920494,25.0460166]]}},{"type":"Feature","properties":{"name":null,"kind":"residential"},"geometry":{"type":"LineString","coordinates":[[121.592737,25.0457094],[121.5928171,25.045674700000003],[121.5929599,25.0457848],[121.59311879999998,25.046301399999997]]}},{"type":"Feature","properties":{"name":null,"kind":"footway"},"geometry":{"type":"LineString","coordinates":[[121.5914084,25.045843499999997],[121.59138250000001,25.046173900000003]]}},{"type":"Feature","properties":{"name":null,"kind":"residential"},"geometry":{"type":"LineString","coordinates":[[121.59337370000001,25.046427899999998],[121.59364559999999,25.0460484],[121.5934418,25.0456499],[121.594064,25.045727699999993]]}},{"type":"Feature","properties":{"name":null,"kind":"footway"},"geometry":{"type":"LineString","coordinates":[[121.59129780000002,25.046241200000004],[121.59126429999999,25.046132999999998],[121.59140689999998,25.046106099999992]]}},{"type":"Feature","properties":{"name":null,"kind":"footway"},"geometry":{"type":"LineString","coordinates":[[121.59301040000001,25.046140900000005],[121.59317669999999,25.0462181]]}},{"type":"Feature","properties":{"name":null,"kind":"footway"},"geometry":{"type":"LineString","coordinates":[[121.5933097,25.046421499999997],[121.5933695,25.046320999999995],[121.5934804,25.046363900000003]]}},{"type":"Feature","properties":{"name":null,"kind":"service"},"geometry":{"type":"LineString","coordinates":[[121.5934499,25.046850799999998],[121.59388740000001,25.046997200000007],[121.59392129999999,25.0472967]]}},{"type":"Feature","properties":{"name":"東新街108巷4弄","kind":"service"},"geometry":{"type":"LineString","coordinates":[[121.58784559999998,25.04615829999999],[121.58707120000001,25.046025799999995]]}},{"type":"Feature","properties":{"name":"忠孝東路六段70巷21弄","kind":"service"},"geometry":{"type":"LineString","coordinates":[[121.58438380000001,25.045913300000002],[121.58556530000001,25.046492099999995]]}},{"type":"Feature","properties":{"name":"同德路","kind":"residential"},"geometry":{"type":"LineString","coordinates":[[121.5858177,25.046046699999998],[121.5869722,25.046380700000004]]}},{"type":"Feature","properties":{"name":"東新街108巷","kind":"residential"},"geometry":{"type":"LineString","coordinates":[[121.58780520000002,25.0465224],[121.5879048,25.045934400000004]]}},{"type":"Feature","properties":{"name":"同德路85巷","kind":"service"},"geometry":{"type":"LineString","coordinates":[[121.58550560000002,25.0466975],[121.5858177,25.046046699999998]]}},{"type":"Feature","properties":{"name":null,"kind":"footway"},"geometry":{"type":"LineString","coordinates":[[121.58771469999999,25.0465667],[121.5877185,25.0464206],[121.58789020000002,25.046437],[121.58786550000002,25.0465985],[121.58771469999999,25.0465667]]}},{"type":"Feature","properties":{"name":"東新街","kind":"residential"},"geometry":{"type":"LineString","coordinates":[[121.5869722,25.046380700000004],[121.58686260000002,25.0467158]]}},{"type":"Feature","properties":{"name":"東新街","kind":"residential"},"geometry":{"type":"LineString","coordinates":[[121.58780520000002,25.0465224],[121.58774230000002,25.046841899999993]]}},{"type":"Feature","properties":{"name":"東新街","kind":"tertiary"},"geometry":{"type":"LineString","coordinates":[[121.58686260000002,25.0467158],[121.58774230000002,25.046841899999993]]}},{"type":"Feature","properties":{"name":"東新街64巷","kind":"residential"},"geometry":{"type":"LineString","coordinates":[[121.58591330000002,25.047278000000002],[121.58554589999999,25.0469672],[121.58550560000002,25.0466975]]}},{"type":"Feature","properties":{"name":null,"kind":"footway"},"geometry":{"type":"LineString","coordinates":[[121.5884108,25.046639699999997],[121.58858530000002,25.046648300000005],[121.5885964,25.0465236]]}},{"type":"Feature","properties":{"name":null,"kind":"service"},"geometry":{"type":"LineString","coordinates":[[121.5900005,25.046516099999995],[121.5901774,25.046725199999997]]}},{"type":"Feature","properties":{"name":null,"kind":"footway"},"geometry":{"type":"LineString","coordinates":[[121.5889342,25.046634599999997],[121.5890623,25.0466294]]}},{"type":"Feature","properties":{"name":null,"kind":"footway"},"geometry":{"type":"LineString","coordinates":[[121.58958480000001,25.0466251],[121.58970330000001,25.0466457]]}},{"type":"Feature","properties":{"name":null,"kind":"service"},"geometry":{"type":"LineString","coordinates":[[121.5901774,25.046725199999997],[121.5907718,25.0470797]]}},{"type":"Feature","properties":{"name":"東新街77巷4弄","kind":"residential"},"geometry":{"type":"LineString","coordinates":[[121.58843380000002,25.0471166],[121.58774230000002,25.046841899999993]]}},{"type":"Feature","properties":{"name":"東新街89巷1弄","kind":"residential"},"geometry":{"type":"LineString","coordinates":[[121.5889306,25.046981099999996],[121.58974190000002,25.0473839]]}},{"type":"Feature","properties":{"name":"東新街77巷","kind":"service"},"geometry":{"type":"LineString","coordinates":[[121.58816740000002,25.047884699999997],[121.58843380000002,25.0471166],[121.58850940000002,25.046584400000004]]}},{"type":"Feature","properties":{"name":"東新街89巷","kind":"service"},"geometry":{"type":"LineString","coordinates":[[121.58855209999999,25.0480605],[121.58903770000002,25.0465825]]}},{"type":"Feature","properties":{"name":null,"kind":"path"},"geometry":{"type":"LineString","coordinates":[[121.58966279999999,25.047528400000004],[121.58889670000002,25.0471284]]}},{"type":"Feature","properties":{"name":null,"kind":"service"},"geometry":{"type":"LineString","coordinates":[[121.59348630000001,25.046748299999997],[121.5932701,25.0474675]]}},{"type":"Feature","properties":{"name":null,"kind":"service"},"geometry":{"type":"LineString","coordinates":[[121.59338609999999,25.047069499999996],[121.5941959,25.0473876]]}},{"type":"Feature","properties":{"name":null,"kind":"service"},"geometry":{"type":"LineString","coordinates":[[121.59217870000002,25.048166399999996],[121.59253849999999,25.047667300000004],[121.59185470000001,25.046412199999995],[121.5917637,25.0463773],[121.5912647,25.0463957],[121.5902594,25.0477715],[121.59074850000002,25.048053999999997]]}},{"type":"Feature","properties":{"name":null,"kind":"footway"},"geometry":{"type":"LineString","coordinates":[[121.5941006,25.047382900000002],[121.5940987,25.04722989999999]]}},{"type":"Feature","properties":{"name":"東新街","kind":"residential"},"geometry":{"type":"LineString","coordinates":[[121.59240149999998,25.0459596],[121.5939592,25.046718199999997],[121.5941096,25.046891299999995],[121.5941959,25.0473876],[121.59412080000001,25.0486636]]}},{"type":"Feature","properties":{"name":null,"kind":"service"},"geometry":{"type":"LineString","coordinates":[[121.59330600000001,25.047321699999998],[121.5941887,25.0476682]]}},{"type":"Feature","properties":{"name":null,"kind":"footway"},"geometry":{"type":"LineString","coordinates":[[121.5941129,25.047656899999993],[121.5941044,25.0475736]]}},{"type":"Feature","properties":{"name":null,"kind":"service"},"geometry":{"type":"LineString","coordinates":[[121.5941866,25.0479448],[121.5933472,25.0475972],[121.5932701,25.0474675]]}},{"type":"Feature","properties":{"name":null,"kind":"service"},"geometry":{"type":"LineString","coordinates":[[121.59253849999999,25.047667300000004],[121.59270440000002,25.047791299999997]]}},{"type":"Feature","properties":{"name":null,"kind":"footway"},"geometry":{"type":"LineString","coordinates":[[121.5941243,25.0479387],[121.5941224,25.0478296]]}},{"type":"Feature","properties":{"name":"東新街","kind":"tertiary"},"geometry":{"type":"LineString","coordinates":[[121.58591330000002,25.047278000000002],[121.58686260000002,25.0467158]]}},{"type":"Feature","properties":{"name":null,"kind":"service"},"geometry":{"type":"LineString","coordinates":[[121.58550560000002,25.0466975],[121.5844291,25.047457499999997]]}},{"type":"Feature","properties":{"name":"東新街63巷","kind":"residential"},"geometry":{"type":"LineString","coordinates":[[121.5869626,25.0477914],[121.58591330000002,25.047278000000002]]}},{"type":"Feature","properties":{"name":"東新街","kind":"tertiary"},"geometry":{"type":"LineString","coordinates":[[121.58511050000001,25.047981800000002],[121.58591330000002,25.047278000000002]]}},{"type":"Feature","properties":{"name":null,"kind":"service"},"geometry":{"type":"LineString","coordinates":[[121.58628689999999,25.048013200000003],[121.58548940000001,25.0476046]]}},{"type":"Feature","properties":{"name":null,"kind":"footway"},"geometry":{"type":"LineString","coordinates":[[121.58522900000001,25.047929400000005],[121.58514020000001,25.0478832]]}},{"type":"Feature","properties":{"name":"忠孝東路六段212巷4弄","kind":"residential"},"geometry":{"type":"LineString","coordinates":[[121.58753520000002,25.0480547],[121.5869626,25.0477914]]}},{"type":"Feature","properties":{"name":null,"kind":"footway"},"geometry":{"type":"LineString","coordinates":[[121.58504290000002,25.0478298],[121.5848967,25.0480631]]}},{"type":"Feature","properties":{"name":"忠孝東路六段212巷3弄","kind":"residential"},"geometry":{"type":"LineString","coordinates":[[121.58816740000002,25.047884699999997],[121.5878343,25.048072499999996],[121.58753520000002,25.0480547]]}},{"type":"Feature","properties":{"name":null,"kind":"path"},"geometry":{"type":"LineString","coordinates":[[121.5868575,25.048001899999992],[121.5865321,25.0479963]]}},{"type":"Feature","properties":{"name":null,"kind":"residential"},"geometry":{"type":"LineString","coordinates":[[121.5883629,25.0473129],[121.5887632,25.047502199999997]]}},{"type":"Feature","properties":{"name":"東新街77巷15弄","kind":"residential"},"geometry":{"type":"LineString","coordinates":[[121.5895734,25.0477053],[121.58843380000002,25.0471166]]}},{"type":"Feature","properties":{"name":"東新街113巷","kind":"service"},"geometry":{"type":"LineString","coordinates":[[121.59016140000001,25.046705399999993],[121.58947490000001,25.047920900000005],[121.59062910000002,25.0483838]]}},{"type":"Feature","properties":{"name":"東新街101巷","kind":"residential"},"geometry":{"type":"LineString","coordinates":[[121.58883160000002,25.0486782],[121.58926730000002,25.0477305],[121.5896731,25.046580499999997]]}},{"type":"Feature","properties":{"name":null,"kind":"service"},"geometry":{"type":"LineString","coordinates":[[121.5902594,25.0477715],[121.5898636,25.0475342],[121.5898126,25.047602799999996]]}},{"type":"Feature","properties":{"name":null,"kind":"service"},"geometry":{"type":"LineString","coordinates":[[121.5904234,25.0475755],[121.5905269,25.0479204]]}},{"type":"Feature","properties":{"name":null,"kind":"residential"},"geometry":{"type":"LineString","coordinates":[[121.5886626,25.047758499999997],[121.5894861,25.048036800000002]]}},{"type":"Feature","properties":{"name":null,"kind":"service"},"geometry":{"type":"LineString","coordinates":[[121.5901453,25.048070199999998],[121.590356,25.0478319]]}},{"type":"Feature","properties":{"name":null,"kind":"residential"},"geometry":{"type":"LineString","coordinates":[[121.5886212,25.047880099999997],[121.58949470000002,25.048179200000003]]}},{"type":"Feature","properties":{"name":"忠孝東路六段278巷22弄","kind":"residential"},"geometry":{"type":"LineString","coordinates":[[121.58816740000002,25.047884699999997],[121.5895652,25.048418099999992]]}},{"type":"Feature","properties":{"name":"舊莊街二段","kind":"unclassified"},"geometry":{"type":"LineString","coordinates":[[121.6651916,25.028484800000005],[121.66548169999999,25.028848500000002],[121.66591769999998,25.029826299999996],[121.6658485,25.030012400000004],[121.66558870000001,25.03019679999999],[121.66567000000002,25.030340199999998]]}},{"type":"Feature","properties":{"name":"舊莊街二段232巷","kind":"service"},"geometry":{"type":"LineString","coordinates":[[121.6374535,25.030868],[121.6376858,25.0306938],[121.6375892,25.0303168],[121.63812899999999,25.0300239],[121.6383284,25.0300353],[121.6382759,25.030860599999997],[121.6383394,25.0310575],[121.6380164,25.0312727]]}},{"type":"Feature","properties":{"name":"舊莊街二段","kind":"unclassified"},"geometry":{"type":"LineString","coordinates":[[121.63957150000002,25.032038],[121.6409091,25.0315468],[121.6416154,25.0311175],[121.6421603,25.030921800000005],[121.6424414,25.0305355],[121.64297320000001,25.030042],[121.64342320000002,25.029781299999996]]}},{"type":"Feature","properties":{"name":"汐碇路436巷","kind":"service"},"geometry":{"type":"LineString","coordinates":[[121.6421603,25.030921800000005],[121.6422113,25.030938399999993]]}},{"type":"Feature","properties":{"name":"汐碇路436巷","kind":"service"},"geometry":{"type":"LineString","coordinates":[[121.6422113,25.030938399999993],[121.64238339999999,25.030994400000004]]}},{"type":"Feature","properties":{"name":"舊莊街二段286巷","kind":"service"},"geometry":{"type":"LineString","coordinates":[[121.6396389,25.0320075],[121.63941369999999,25.0319009],[121.63947879999999,25.031783],[121.64026340000001,25.031584099999996],[121.64026340000001,25.031495699999994],[121.6397959,25.031481000000003],[121.6398162,25.030733199999997],[121.6399097,25.030615299999997]]}},{"type":"Feature","properties":{"name":"舊莊街二段","kind":"unclassified"},"geometry":{"type":"LineString","coordinates":[[121.6395186,25.032078199999997],[121.63957150000002,25.032038]]}},{"type":"Feature","properties":{"name":"腦寮古道","kind":"footway"},"geometry":{"type":"LineString","coordinates":[[121.6383394,25.0310575],[121.638104,25.031440300000003],[121.63765340000002,25.031938500000003],[121.6371424,25.032281200000003],[121.63671460000002,25.032988399999994],[121.6364316,25.0331864],[121.6364544,25.033317699999994],[121.6360521,25.0337515]]}},{"type":"Feature","properties":{"name":null,"kind":"path"},"geometry":{"type":"LineString","coordinates":[[121.63697609999998,25.032604399999993],[121.63741220000001,25.0325061],[121.6376728,25.0325729],[121.637813,25.032307800000005]]}},{"type":"Feature","properties":{"name":"舊莊街二段","kind":"unclassified"},"geometry":{"type":"LineString","coordinates":[[121.6360836,25.0341907],[121.63643750000001,25.03414309999999],[121.6376485,25.0337104],[121.63785510000001,25.0335744],[121.6384593,25.032836700000004],[121.6392806,25.032361699999992],[121.6395186,25.032078199999997]]}},{"type":"Feature","properties":{"name":"汐碇路436巷","kind":"residential"},"geometry":{"type":"LineString","coordinates":[[121.6464488,25.0286947],[121.646658,25.0287664],[121.6466918,25.028890599999997],[121.64654160000002,25.029420399999996],[121.6463217,25.029560200000002],[121.64598910000001,25.0296003],[121.6457075,25.029956300000002],[121.6454495,25.0301228],[121.6452676,25.030780199999995],[121.6458188,25.0312274],[121.6461836,25.031410799999996],[121.6464746,25.031810600000004],[121.6472712,25.032052399999998],[121.64762390000001,25.032581000000008],[121.64799710000001,25.0327266],[121.64820080000001,25.0330069],[121.64880840000001,25.0331009],[121.64920000000001,25.033477600000005],[121.649487,25.033462999999998],[121.64966,25.033556600000004],[121.6497713,25.033870099999998],[121.6499189,25.0339771],[121.65020260000001,25.0339362],[121.6503771,25.033730000000002],[121.6510357,25.033808299999997],[121.6508244,25.034133599999997]]}},{"type":"Feature","properties":{"name":"汐碇路436巷","kind":"service"},"geometry":{"type":"LineString","coordinates":[[121.64238339999999,25.030994400000004],[121.6429614,25.031461099999998],[121.64349859999999,25.0312607],[121.64375230000002,25.0313405],[121.6437697,25.031492399999998],[121.6436955,25.031566999999995],[121.6430091,25.0318824],[121.6429224,25.0320926],[121.6429655,25.032215499999996],[121.6432367,25.032282500000004],[121.6438951,25.0319667],[121.64414879999998,25.031971999999996],[121.64422040000001,25.032181100000003],[121.644153,25.032302399999995],[121.6434462,25.032712399999998],[121.64340850000002,25.0328299],[121.64347520000001,25.033018799999997],[121.6436274,25.033100300000005],[121.6441924,25.032869699999992]]}},{"type":"Feature","properties":{"name":"舊莊街二段232巷","kind":"service"},"geometry":{"type":"LineString","coordinates":[[121.6363131,25.033036499999998],[121.63601800000002,25.033158],[121.63525089999999,25.0330049],[121.63579539999999,25.033746099999995],[121.6360521,25.0337515],[121.63610110000002,25.034185499999992]]}},{"type":"Feature","properties":{"name":"舊莊街二段","kind":"unclassified"},"geometry":{"type":"LineString","coordinates":[[121.6360668,25.034195700000005],[121.6360836,25.0341907]]}},{"type":"Feature","properties":{"name":"汐碇路380巷","kind":"residential"},"geometry":{"type":"LineString","coordinates":[[121.6425933,25.0360596],[121.6427037,25.0358185],[121.6432853,25.035505499999996],[121.64348240000001,25.035244899999988],[121.6429011,25.035395],[121.6426437,25.034966200000003],[121.6429903,25.034734400000005],[121.6430345,25.034582000000004],[121.6428993,25.0344996],[121.6422135,25.034452099999992],[121.6421448,25.034362299999998],[121.64342810000001,25.0336798],[121.6433019,25.0334111],[121.64212980000002,25.032774100000005],[121.6418605,25.032843700000004],[121.64156439999998,25.033180100000003],[121.64128260000001,25.033278699999997],[121.64005810000002,25.033398099999992],[121.6397168,25.033586400000004],[121.6398091,25.033081699999997],[121.6399816,25.032743000000004],[121.63989610000002,25.032638699999996],[121.63932049999998,25.0329189],[121.63897020000002,25.033455100000005],[121.63887180000002,25.032857199999995],[121.63895980000001,25.0326992],[121.6389221,25.0325797]]}},{"type":"Feature","properties":{"name":"忠孝東路七段325巷","kind":"residential"},"geometry":{"type":"LineString","coordinates":[[121.6052786,25.053003499999992],[121.60528570000001,25.0529585]]}},{"type":"Feature","properties":{"name":"忠孝東路七段325巷","kind":"residential"},"geometry":{"type":"LineString","coordinates":[[121.60537000000001,25.052971000000003],[121.60536249999998,25.0530174]]}},{"type":"Feature","properties":{"name":null,"kind":"footway"},"geometry":{"type":"LineString","coordinates":[[121.60545850000001,25.052913799999995],[121.6054244,25.053099899999996]]}},{"type":"Feature","properties":{"name":null,"kind":"footway"},"geometry":{"type":"LineString","coordinates":[[121.6063365,25.053310099999997],[121.60627870000002,25.053242],[121.6034703,25.0527815],[121.6033624,25.052814199999993]]}},{"type":"Feature","properties":{"name":"市民大道八段","kind":"tertiary"},"geometry":{"type":"LineString","coordinates":[[121.60537000000001,25.052971000000003],[121.606461,25.0531428]]}},{"type":"Feature","properties":{"name":"市民大道八段","kind":"tertiary"},"geometry":{"type":"LineString","coordinates":[[121.606449,25.053196399999994],[121.60536249999998,25.0530174]]}},{"type":"Feature","properties":{"name":null,"kind":"cycleway"},"geometry":{"type":"LineString","coordinates":[[121.60627870000002,25.053242],[121.6063221,25.0530519]]}},{"type":"Feature","properties":{"name":"南港路二段41巷","kind":"residential"},"geometry":{"type":"LineString","coordinates":[[121.60261600000001,25.053627400000003],[121.6033719,25.052716099999994]]}},{"type":"Feature","properties":{"name":null,"kind":"residential"},"geometry":{"type":"LineString","coordinates":[[121.606449,25.053196399999994],[121.606461,25.0531428]]}},{"type":"Feature","properties":{"name":"市民大道八段","kind":"tertiary"},"geometry":{"type":"LineString","coordinates":[[121.606461,25.0531428],[121.60695650000001,25.05322]]}},{"type":"Feature","properties":{"name":null,"kind":"cycleway"},"geometry":{"type":"LineString","coordinates":[[121.60656460000001,25.053272999999997],[121.6065984,25.053091899999995]]}},{"type":"Feature","properties":{"name":null,"kind":"cycleway"},"geometry":{"type":"LineString","coordinates":[[121.60785110000002,25.053241500000002],[121.60762640000002,25.053205900000002]]}},{"type":"Feature","properties":{"name":"市民大道八段","kind":"tertiary"},"geometry":{"type":"LineString","coordinates":[[121.60694629999999,25.053271999999996],[121.606449,25.053196399999994]]}},{"type":"Feature","properties":{"name":"市民大道八段","kind":"tertiary"},"geometry":{"type":"LineString","coordinates":[[121.60695650000001,25.05322],[121.6073062,25.0532772]]}},{"type":"Feature","properties":{"name":"市民大道八段","kind":"tertiary"},"geometry":{"type":"LineString","coordinates":[[121.60729789999999,25.0533241],[121.60694629999999,25.053271999999996]]}},{"type":"Feature","properties":{"name":"市民大道八段","kind":"tertiary"},"geometry":{"type":"LineString","coordinates":[[121.6073062,25.0532772],[121.60771640000002,25.053336600000005]]}},{"type":"Feature","properties":{"name":null,"kind":"cycleway"},"geometry":{"type":"LineString","coordinates":[[121.6065259,25.0533412],[121.6063365,25.053310099999997]]}},{"type":"Feature","properties":{"name":null,"kind":"cycleway"},"geometry":{"type":"LineString","coordinates":[[121.6075893,25.053250099999996],[121.6075569,25.0534259]]}},{"type":"Feature","properties":{"name":"市民大道八段","kind":"tertiary"},"geometry":{"type":"LineString","coordinates":[[121.6077051,25.053389399999997],[121.60729789999999,25.0533241]]}},{"type":"Feature","properties":{"name":null,"kind":"footway"},"geometry":{"type":"LineString","coordinates":[[121.60525380000001,25.0531142],[121.60507230000002,25.053228399999995],[121.6049369,25.053628600000003]]}},{"type":"Feature","properties":{"name":null,"kind":"service"},"geometry":{"type":"LineString","coordinates":[[121.6125812,25.0531164],[121.6130237,25.0531559]]}},{"type":"Feature","properties":{"name":"中南街74巷","kind":"service"},"geometry":{"type":"LineString","coordinates":[[121.6140727,25.0530063],[121.61403040000002,25.053370100000002]]}},{"type":"Feature","properties":{"name":"忠孝東路七段487巷","kind":"residential"},"geometry":{"type":"LineString","coordinates":[[121.61151449999998,25.0526888],[121.61149550000002,25.0535606],[121.61332240000002,25.053997899999995]]}},{"type":"Feature","properties":{"name":null,"kind":"service"},"geometry":{"type":"LineString","coordinates":[[121.6134464,25.053375099999997],[121.61368990000001,25.053373199999996]]}},{"type":"Feature","properties":{"name":"市民大道八段536巷","kind":"service"},"geometry":{"type":"LineString","coordinates":[[121.61309040000002,25.0534393],[121.6134464,25.053411]]}},{"type":"Feature","properties":{"name":"忠孝東路七段527巷1弄","kind":"service"},"geometry":{"type":"LineString","coordinates":[[121.6125455,25.05331249999999],[121.61308960000001,25.0533678],[121.6130921,25.053584999999998],[121.6128068,25.053572699999997]]}},{"type":"Feature","properties":{"name":null,"kind":"cycleway"},"geometry":{"type":"LineString","coordinates":[[121.6089211,25.053477299999997],[121.6087814,25.053454499999997]]}},{"type":"Feature","properties":{"name":"市民大道八段","kind":"tertiary"},"geometry":{"type":"LineString","coordinates":[[121.6078248,25.053390299999997],[121.60883970000002,25.053556499999996]]}},{"type":"Feature","properties":{"name":null,"kind":"path"},"geometry":{"type":"LineString","coordinates":[[121.61368990000001,25.053373199999996],[121.61367649999998,25.053547799999997]]}},{"type":"Feature","properties":{"name":"南港路一段277巷","kind":"residential"},"geometry":{"type":"LineString","coordinates":[[121.6090781,25.05231279999999],[121.6086097,25.054686800000002]]}},{"type":"Feature","properties":{"name":"興中路","kind":"residential"},"geometry":{"type":"LineString","coordinates":[[121.6077051,25.053389399999997],[121.60771640000002,25.053336600000005]]}},{"type":"Feature","properties":{"name":"市民大道八段","kind":"tertiary"},"geometry":{"type":"LineString","coordinates":[[121.60771640000002,25.053336600000005],[121.6078248,25.053390299999997]]}},{"type":"Feature","properties":{"name":"市民大道八段","kind":"tertiary"},"geometry":{"type":"LineString","coordinates":[[121.6078248,25.053390299999997],[121.6077051,25.053389399999997]]}},{"type":"Feature","properties":{"name":null,"kind":"footway"},"geometry":{"type":"LineString","coordinates":[[121.60705759999999,25.0535053],[121.6070952,25.053297599999997]]}},{"type":"Feature","properties":{"name":null,"kind":"cycleway"},"geometry":{"type":"LineString","coordinates":[[121.60780520000002,25.053498599999998],[121.60783740000001,25.053315199999997]]}},{"type":"Feature","properties":{"name":null,"kind":"footway"},"geometry":{"type":"LineString","coordinates":[[121.6062669,25.053636099999995],[121.6061958,25.053432299999997],[121.60627870000002,25.053242]]}},{"type":"Feature","properties":{"name":null,"kind":"footway"},"geometry":{"type":"LineString","coordinates":[[121.6074328,25.053509599999998],[121.6074133,25.0535597],[121.60667179999999,25.053415399999995],[121.6067273,25.0533882],[121.6074328,25.053509599999998]]}},{"type":"Feature","properties":{"name":null,"kind":"cycleway"},"geometry":{"type":"LineString","coordinates":[[121.6027044,25.053549799999992],[121.6025749,25.0534629]]}},{"type":"Feature","properties":{"name":null,"kind":"cycleway"},"geometry":{"type":"LineString","coordinates":[[121.60758839999998,25.0535035],[121.6077739,25.053533299999998]]}},{"type":"Feature","properties":{"name":null,"kind":"pedestrian"},"geometry":{"type":"LineString","coordinates":[[121.6050424,25.0540585],[121.6052786,25.053003499999992]]}},{"type":"Feature","properties":{"name":"南港路二段","kind":"secondary"},"geometry":{"type":"LineString","coordinates":[[121.5996915,25.053457299999998],[121.60077539999999,25.0533578]]}},{"type":"Feature","properties":{"name":null,"kind":"cycleway"},"geometry":{"type":"LineString","coordinates":[[121.59979849999999,25.053304500000003],[121.59979159999999,25.0535187],[121.59967949999998,25.0535503],[121.5996007,25.053400499999995]]}},{"type":"Feature","properties":{"name":null,"kind":"service"},"geometry":{"type":"LineString","coordinates":[[121.59806110000001,25.053761800000004],[121.5980057,25.053510999999997],[121.5976591,25.053207299999993]]}},{"type":"Feature","properties":{"name":"世貿財星管制區","kind":"service"},"geometry":{"type":"LineString","coordinates":[[121.5970234,25.053723300000005],[121.596799,25.053787999999997],[121.5964113,25.053504099999998],[121.59674930000001,25.053212500000004],[121.5973286,25.0536353],[121.5970234,25.053723300000005]]}},{"type":"Feature","properties":{"name":null,"kind":"service"},"geometry":{"type":"LineString","coordinates":[[121.5980051,25.053377599999997],[121.59833710000001,25.053301200000003],[121.5984426,25.053599799999997],[121.5980577,25.053745599999992]]}},{"type":"Feature","properties":{"name":"南港路二段","kind":"secondary"},"geometry":{"type":"LineString","coordinates":[[121.5988952,25.053665199999998],[121.5996915,25.053457299999998]]}},{"type":"Feature","properties":{"name":null,"kind":"service"},"geometry":{"type":"LineString","coordinates":[[121.59860440000001,25.0535278],[121.5986771,25.053731200000005]]}},{"type":"Feature","properties":{"name":null,"kind":"footway"},"geometry":{"type":"LineString","coordinates":[[121.5989341,25.0535859],[121.5989948,25.0537271]]}},{"type":"Feature","properties":{"name":null,"kind":"footway"},"geometry":{"type":"LineString","coordinates":[[121.59967949999998,25.0535503],[121.59808929999998,25.0539885]]}},{"type":"Feature","properties":{"name":"南港路二段","kind":"secondary"},"geometry":{"type":"LineString","coordinates":[[121.5980933,25.0539078],[121.5988952,25.053665199999998]]}},{"type":"Feature","properties":{"name":null,"kind":"footway"},"geometry":{"type":"LineString","coordinates":[[121.60704349999999,25.0535739],[121.60705759999999,25.0535053]]}},{"type":"Feature","properties":{"name":null,"kind":"footway"},"geometry":{"type":"LineString","coordinates":[[121.6027806,25.0534708],[121.6027238,25.053583999999997],[121.6031532,25.053650599999997]]}},{"type":"Feature","properties":{"name":null,"kind":"cycleway"},"geometry":{"type":"LineString","coordinates":[[121.60253440000001,25.053471900000005],[121.60252459999998,25.053682500000004]]}},{"type":"Feature","properties":{"name":"南港路二段23巷","kind":"service"},"geometry":{"type":"LineString","coordinates":[[121.60332890000001,25.053441599999996],[121.6031652,25.053724600000006]]}},{"type":"Feature","properties":{"name":null,"kind":"footway"},"geometry":{"type":"LineString","coordinates":[[121.60649089999998,25.0534864],[121.6075615,25.0536559]]}},{"type":"Feature","properties":{"name":null,"kind":"footway"},"geometry":{"type":"LineString","coordinates":[[121.6032224,25.053810099999996],[121.60138859999999,25.053471800000004],[121.60028570000001,25.0534461],[121.59979159999999,25.0535187]]}},{"type":"Feature","properties":{"name":null,"kind":"footway"},"geometry":{"type":"LineString","coordinates":[[121.60791860000002,25.0537035],[121.6079585,25.0535231]]}},{"type":"Feature","properties":{"name":null,"kind":"steps"},"geometry":{"type":"LineString","coordinates":[[121.6070242,25.053677599999997],[121.60704349999999,25.0535739]]}},{"type":"Feature","properties":{"name":null,"kind":"cycleway"},"geometry":{"type":"LineString","coordinates":[[121.6026906,25.053712400000002],[121.6027238,25.053583999999997]]}},{"type":"Feature","properties":{"name":null,"kind":"footway"},"geometry":{"type":"LineString","coordinates":[[121.6051312,25.053661999999996],[121.6047899,25.053602500000004],[121.6047625,25.053735000000003]]}},{"type":"Feature","properties":{"name":null,"kind":"cycleway"},"geometry":{"type":"LineString","coordinates":[[121.6088953,25.053602200000004],[121.6089211,25.053477299999997]]}},{"type":"Feature","properties":{"name":null,"kind":"cycleway"},"geometry":{"type":"LineString","coordinates":[[121.60870710000002,25.053644400000003],[121.6087435,25.0534651]]}},{"type":"Feature","properties":{"name":"中南街74巷","kind":"service"},"geometry":{"type":"LineString","coordinates":[[121.61368990000001,25.053373199999996],[121.6144857,25.0534273],[121.61447030000001,25.0537403],[121.6140048,25.053681099999988]]}},{"type":"Feature","properties":{"name":"市民大道八段536巷","kind":"service"},"geometry":{"type":"LineString","coordinates":[[121.61344629999999,25.053544500000005],[121.6137021,25.053548199999998]]}},{"type":"Feature","properties":{"name":"市民大道八段536巷","kind":"service"},"geometry":{"type":"LineString","coordinates":[[121.6134287,25.053564999999995],[121.6130918,25.053555000000006]]}},{"type":"Feature","properties":{"name":null,"kind":"footway"},"geometry":{"type":"LineString","coordinates":[[121.60780520000002,25.053498599999998],[121.6087595,25.053689799999997]]}},{"type":"Feature","properties":{"name":"市民大道八段536巷","kind":"service"},"geometry":{"type":"LineString","coordinates":[[121.6134464,25.053221500000003],[121.6134059,25.0540124]]}},{"type":"Feature","properties":{"name":null,"kind":"footway"},"geometry":{"type":"LineString","coordinates":[[121.6121893,25.0537778],[121.61148020000002,25.0536051],[121.61144970000001,25.0534747]]}},{"type":"Feature","properties":{"name":null,"kind":"cycleway"},"geometry":{"type":"LineString","coordinates":[[121.6087595,25.053689799999997],[121.60884810000002,25.053706499999997]]}},{"type":"Feature","properties":{"name":"市民大道八段","kind":"tertiary"},"geometry":{"type":"LineString","coordinates":[[121.60883970000002,25.053556499999996],[121.6109266,25.05384]]}},{"type":"Feature","properties":{"name":null,"kind":"footway"},"geometry":{"type":"LineString","coordinates":[[121.606172,25.053860199999995],[121.60611010000001,25.053606799999997],[121.60614190000001,25.053529599999997],[121.60630009999998,25.053482299999995]]}},{"type":"Feature","properties":{"name":null,"kind":"footway"},"geometry":{"type":"LineString","coordinates":[[121.6050994,25.053803999999992],[121.60394990000002,25.053579800000005]]}},{"type":"Feature","properties":{"name":null,"kind":"footway"},"geometry":{"type":"LineString","coordinates":[[121.6073547,25.053623100000003],[121.607427,25.053737400000003],[121.60729820000002,25.053766399999997]]}},{"type":"Feature","properties":{"name":null,"kind":"footway"},"geometry":{"type":"LineString","coordinates":[[121.6031242,25.0537921],[121.6031532,25.053650599999997]]}},{"type":"Feature","properties":{"name":null,"kind":"residential"},"geometry":{"type":"LineString","coordinates":[[121.6062057,25.054269000000005],[121.606449,25.053196399999994]]}},{"type":"Feature","properties":{"name":null,"kind":"cycleway"},"geometry":{"type":"LineString","coordinates":[[121.60615459999998,25.0541562],[121.6063365,25.053310099999997]]}},{"type":"Feature","properties":{"name":null,"kind":"footway"},"geometry":{"type":"LineString","coordinates":[[121.6063365,25.053310099999997],[121.6061387,25.054169399999996]]}},{"type":"Feature","properties":{"name":null,"kind":"footway"},"geometry":{"type":"LineString","coordinates":[[121.6070242,25.053677599999997],[121.60700110000002,25.0538138]]}},{"type":"Feature","properties":{"name":null,"kind":"footway"},"geometry":{"type":"LineString","coordinates":[[121.6063311,25.054202099999998],[121.60653620000001,25.053296299999996]]}},{"type":"Feature","properties":{"name":null,"kind":"footway"},"geometry":{"type":"LineString","coordinates":[[121.6032224,25.053810099999996],[121.60333790000001,25.053833300000004],[121.60337930000001,25.053690700000004]]}},{"type":"Feature","properties":{"name":null,"kind":"footway"},"geometry":{"type":"LineString","coordinates":[[121.60446270000001,25.053677699999994],[121.60442120000002,25.05387719999999]]}},{"type":"Feature","properties":{"name":null,"kind":"footway"},"geometry":{"type":"LineString","coordinates":[[121.60643780000001,25.0537061],[121.6075206,25.053866599999996]]}},{"type":"Feature","properties":{"name":"南港路二段","kind":"secondary"},"geometry":{"type":"LineString","coordinates":[[121.60077539999999,25.0533578],[121.60123410000001,25.0533833],[121.6062057,25.054269000000005]]}},{"type":"Feature","properties":{"name":null,"kind":"footway"},"geometry":{"type":"LineString","coordinates":[[121.607421,25.0543846],[121.6075833,25.0534445],[121.60653620000001,25.053296299999996]]}},{"type":"Feature","properties":{"name":"南港路二段118巷","kind":"service"},"geometry":{"type":"LineString","coordinates":[[121.60151850000001,25.054231600000005],[121.6016042,25.053991299999996],[121.60197270000002,25.0535139]]}},{"type":"Feature","properties":{"name":null,"kind":"footway"},"geometry":{"type":"LineString","coordinates":[[121.60408050000001,25.053816199999996],[121.6040494,25.053959699999997]]}},{"type":"Feature","properties":{"name":null,"kind":"footway"},"geometry":{"type":"LineString","coordinates":[[121.6076923,25.053896500000004],[121.6075206,25.053866599999996]]}},{"type":"Feature","properties":{"name":null,"kind":"footway"},"geometry":{"type":"LineString","coordinates":[[121.60333790000001,25.053833300000004],[121.60409450000002,25.0539677]]}},{"type":"Feature","properties":{"name":"南港路二段118巷8弄","kind":"service"},"geometry":{"type":"LineString","coordinates":[[121.60114560000001,25.0538637],[121.6016042,25.053991299999996]]}},{"type":"Feature","properties":{"name":null,"kind":"footway"},"geometry":{"type":"LineString","coordinates":[[121.6031532,25.053650599999997],[121.60615459999998,25.0541562]]}},{"type":"Feature","properties":{"name":null,"kind":"path"},"geometry":{"type":"LineString","coordinates":[[121.6127306,25.0538328],[121.6128068,25.053572699999997]]}},{"type":"Feature","properties":{"name":null,"kind":"footway"},"geometry":{"type":"LineString","coordinates":[[121.61152,25.0538136],[121.6115873,25.0537348],[121.61154740000002,25.053631499999998]]}},{"type":"Feature","properties":{"name":null,"kind":"steps"},"geometry":{"type":"LineString","coordinates":[[121.61154740000002,25.053631499999998],[121.61152019999999,25.053877100000005]]}},{"type":"Feature","properties":{"name":null,"kind":"footway"},"geometry":{"type":"LineString","coordinates":[[121.60780520000002,25.053498599999998],[121.60770410000002,25.053919399999998],[121.6086533,25.054085899999997]]}},{"type":"Feature","properties":{"name":null,"kind":"footway"},"geometry":{"type":"LineString","coordinates":[[121.61216970000001,25.053890799999998],[121.61103850000002,25.053808000000004]]}},{"type":"Feature","properties":{"name":null,"kind":"footway"},"geometry":{"type":"LineString","coordinates":[[121.6152104,25.054214299999998],[121.6128342,25.053855399999996],[121.61166110000002,25.0535938],[121.61144970000001,25.0534747]]}},{"type":"Feature","properties":{"name":null,"kind":"footway"},"geometry":{"type":"LineString","coordinates":[[121.60884810000002,25.053706499999997],[121.6088953,25.053602200000004],[121.61216460000001,25.054134499999993]]}},{"type":"Feature","properties":{"name":null,"kind":"footway"},"geometry":{"type":"LineString","coordinates":[[121.6086533,25.054085899999997],[121.6087595,25.053689799999997]]}},{"type":"Feature","properties":{"name":null,"kind":"cycleway"},"geometry":{"type":"LineString","coordinates":[[121.61220060000001,25.0537129],[121.6121282,25.0541303]]}},{"type":"Feature","properties":{"name":null,"kind":"service"},"geometry":{"type":"LineString","coordinates":[[121.6109266,25.05384],[121.61087599999999,25.054082899999997]]}},{"type":"Feature","properties":{"name":null,"kind":"footway"},"geometry":{"type":"LineString","coordinates":[[121.6204466,25.0540393],[121.617915,25.052460699999997]]}},{"type":"Feature","properties":{"name":null,"kind":"path"},"geometry":{"type":"LineString","coordinates":[[121.62097579999998,25.054191099999997],[121.62056919999999,25.053714699999997],[121.6187788,25.052624499999997]]}},{"type":"Feature","properties":{"name":null,"kind":"footway"},"geometry":{"type":"LineString","coordinates":[[121.61809609999999,25.054004899999992],[121.617915,25.052460699999997]]}},{"type":"Feature","properties":{"name":"富康街1巷16弄","kind":"residential"},"geometry":{"type":"LineString","coordinates":[[121.6178154,25.0523114],[121.61808430000002,25.0543844]]}},{"type":"Feature","properties":{"name":null,"kind":"service"},"geometry":{"type":"LineString","coordinates":[[121.6144857,25.0534273],[121.6147014,25.053463499999996]]}},{"type":"Feature","properties":{"name":null,"kind":"service"},"geometry":{"type":"LineString","coordinates":[[121.61764060000002,25.0530506],[121.6177914,25.053845]]}},{"type":"Feature","properties":{"name":null,"kind":"footway"},"geometry":{"type":"LineString","coordinates":[[121.61622930000001,25.0520053],[121.61653569999999,25.054143400000005],[121.61678140000001,25.054995600000005]]}},{"type":"Feature","properties":{"name":"富康街","kind":"residential"},"geometry":{"type":"LineString","coordinates":[[121.61713150000001,25.052824299999997],[121.61735660000001,25.054360600000006]]}},{"type":"Feature","properties":{"name":null,"kind":"footway"},"geometry":{"type":"LineString","coordinates":[[121.61691010000001,25.054347400000005],[121.61674989999999,25.053301499999996],[121.6168846,25.0532903],[121.61682000000002,25.0528709]]}},{"type":"Feature","properties":{"name":null,"kind":"service"},"geometry":{"type":"LineString","coordinates":[[121.61565180000001,25.0531606],[121.61581250000002,25.0542759]]}},{"type":"Feature","properties":{"name":null,"kind":"footway"},"geometry":{"type":"LineString","coordinates":[[121.6162055,25.053296499999995],[121.61632260000002,25.05425019999999]]}},{"type":"Feature","properties":{"name":"研究院路一段","kind":"primary"},"geometry":{"type":"LineString","coordinates":[[121.6163366,25.0532237],[121.6165161,25.0543244]]}},{"type":"Feature","properties":{"name":null,"kind":"footway"},"geometry":{"type":"LineString","coordinates":[[121.6205238,25.053984999999994],[121.6204466,25.0540393]]}},{"type":"Feature","properties":{"name":null,"kind":"footway"},"geometry":{"type":"LineString","coordinates":[[121.6208001,25.053955400000003],[121.620606,25.054078600000004]]}},{"type":"Feature","properties":{"name":null,"kind":"steps"},"geometry":{"type":"LineString","coordinates":[[121.620606,25.054078600000004],[121.6205238,25.053984999999994]]}},{"type":"Feature","properties":{"name":"市民大道八段588巷","kind":"service"},"geometry":{"type":"LineString","coordinates":[[121.61485250000001,25.053855700000003],[121.61447030000001,25.0537403]]}},{"type":"Feature","properties":{"name":"研究院路一段","kind":"primary"},"geometry":{"type":"LineString","coordinates":[[121.61645529999998,25.054476899999997],[121.61624370000001,25.053222900000005]]}},{"type":"Feature","properties":{"name":null,"kind":"footway"},"geometry":{"type":"LineString","coordinates":[[121.61759560000002,25.054022400000004],[121.6177914,25.053845]]}},{"type":"Feature","properties":{"name":null,"kind":"footway"},"geometry":{"type":"LineString","coordinates":[[121.61809609999999,25.054004899999992],[121.6181407,25.0540026]]}},{"type":"Feature","properties":{"name":null,"kind":"steps"},"geometry":{"type":"LineString","coordinates":[[121.6181407,25.0540026],[121.61814490000002,25.0540281]]}},{"type":"Feature","properties":{"name":"市民大道八段588巷","kind":"footway"},"geometry":{"type":"LineString","coordinates":[[121.61487500000001,25.054260999999997],[121.6149127,25.054020799999993],[121.61485250000001,25.053855700000003]]}},{"type":"Feature","properties":{"name":null,"kind":"service"},"geometry":{"type":"LineString","coordinates":[[121.61715510000002,25.054354600000003],[121.6170894,25.053892],[121.61728510000002,25.0538739]]}},{"type":"Feature","properties":{"name":"中南街","kind":"residential"},"geometry":{"type":"LineString","coordinates":[[121.6152615,25.0530207],[121.61526320000002,25.055265200000004]]}},{"type":"Feature","properties":{"name":null,"kind":"footway"},"geometry":{"type":"LineString","coordinates":[[121.61653569999999,25.054143400000005],[121.6163477,25.05419549999999]]}},{"type":"Feature","properties":{"name":null,"kind":"footway"},"geometry":{"type":"LineString","coordinates":[[121.6181475,25.0543242],[121.61809609999999,25.054004899999992]]}},{"type":"Feature","properties":{"name":"富康街3巷","kind":"service"},"geometry":{"type":"LineString","coordinates":[[121.61759560000002,25.054022400000004],[121.61748049999998,25.0543653]]}},{"type":"Feature","properties":{"name":null,"kind":"cycleway"},"geometry":{"type":"LineString","coordinates":[[121.6153192,25.054221000000002],[121.6152104,25.054214299999998]]}},{"type":"Feature","properties":{"name":null,"kind":"footway"},"geometry":{"type":"LineString","coordinates":[[121.6157564,25.0542343],[121.6153192,25.054221000000002]]}},{"type":"Feature","properties":{"name":null,"kind":"footway"},"geometry":{"type":"LineString","coordinates":[[121.6158448,25.0542396],[121.6157564,25.0542343]]}},{"type":"Feature","properties":{"name":null,"kind":"footway"},"geometry":{"type":"LineString","coordinates":[[121.61632260000002,25.05425019999999],[121.6158448,25.0542396]]}},{"type":"Feature","properties":{"name":null,"kind":"footway"},"geometry":{"type":"LineString","coordinates":[[121.6163613,25.0542454],[121.61655510000001,25.054240599999993]]}},{"type":"Feature","properties":{"name":"市民大道八段","kind":"tertiary_link"},"geometry":{"type":"LineString","coordinates":[[121.61463680000001,25.054221899999998],[121.6165161,25.0543244]]}},{"type":"Feature","properties":{"name":null,"kind":"footway"},"geometry":{"type":"LineString","coordinates":[[121.6172667,25.054314899999998],[121.6174412,25.054321799999993]]}},{"type":"Feature","properties":{"name":null,"kind":"footway"},"geometry":{"type":"LineString","coordinates":[[121.6180197,25.054325299999995],[121.6181475,25.0543242]]}},{"type":"Feature","properties":{"name":"富康街1巷","kind":"residential"},"geometry":{"type":"LineString","coordinates":[[121.6165161,25.0543244],[121.61735660000001,25.054360600000006]]}},{"type":"Feature","properties":{"name":null,"kind":"footway"},"geometry":{"type":"LineString","coordinates":[[121.6181475,25.0543242],[121.6203336,25.0544239],[121.62057340000001,25.0542663],[121.6204466,25.0540393]]}},{"type":"Feature","properties":{"name":"富康街1巷","kind":"residential"},"geometry":{"type":"LineString","coordinates":[[121.61735660000001,25.054360600000006],[121.62039189999999,25.0544465]]}},{"type":"Feature","properties":{"name":null,"kind":"service"},"geometry":{"type":"LineString","coordinates":[[121.6190377,25.054582399999997],[121.61926050000001,25.0545928],[121.61933360000002,25.054707100000005]]}},{"type":"Feature","properties":{"name":"南港路一段","kind":"primary"},"geometry":{"type":"LineString","coordinates":[[121.6187601,25.0547794],[121.61946960000002,25.0547077],[121.62061899999999,25.0547967]]}},{"type":"Feature","properties":{"name":null,"kind":"footway"},"geometry":{"type":"LineString","coordinates":[[121.61663019999999,25.0542968],[121.616642,25.054396599999997]]}},{"type":"Feature","properties":{"name":null,"kind":"cycleway"},"geometry":{"type":"LineString","coordinates":[[121.6152067,25.054493700000002],[121.6152104,25.054214299999998]]}},{"type":"Feature","properties":{"name":null,"kind":"cycleway"},"geometry":{"type":"LineString","coordinates":[[121.6153206,25.054506699999994],[121.6153192,25.054221000000002]]}},{"type":"Feature","properties":{"name":"研究院路一段","kind":"primary"},"geometry":{"type":"LineString","coordinates":[[121.6165161,25.0543244],[121.61654770000001,25.054478500000002]]}},{"type":"Feature","properties":{"name":null,"kind":"footway"},"geometry":{"type":"LineString","coordinates":[[121.61632260000002,25.05425019999999],[121.6163673,25.054591199999994]]}},{"type":"Feature","properties":{"name":null,"kind":"cycleway"},"geometry":{"type":"LineString","coordinates":[[121.6152067,25.054493700000002],[121.6152907,25.0545043]]}},{"type":"Feature","properties":{"name":"研究院路一段","kind":"primary"},"geometry":{"type":"LineString","coordinates":[[121.6164714,25.054558300000004],[121.61645529999998,25.054476899999997]]}},{"type":"Feature","properties":{"name":"中南街34巷5弄","kind":"service"},"geometry":{"type":"LineString","coordinates":[[121.61468540000001,25.0546918],[121.6147146,25.054396099999995]]}},{"type":"Feature","properties":{"name":null,"kind":"footway"},"geometry":{"type":"LineString","coordinates":[[121.6152907,25.0545043],[121.6163673,25.054591199999994]]}},{"type":"Feature","properties":{"name":"市民大道八段565巷","kind":"footway"},"geometry":{"type":"LineString","coordinates":[[121.6144623,25.054421799999997],[121.6144348,25.054695499999998]]}},{"type":"Feature","properties":{"name":"市民大道八段","kind":"tertiary"},"geometry":{"type":"LineString","coordinates":[[121.616565,25.054562200000003],[121.6164714,25.054558300000004]]}},{"type":"Feature","properties":{"name":null,"kind":"footway"},"geometry":{"type":"LineString","coordinates":[[121.6144293,25.054743499999994],[121.6144348,25.054695499999998]]}},{"type":"Feature","properties":{"name":null,"kind":"footway"},"geometry":{"type":"LineString","coordinates":[[121.6170282,25.0548173],[121.61733939999999,25.054602799999998],[121.6177749,25.0546923],[121.6180849,25.0546163]]}},{"type":"Feature","properties":{"name":null,"kind":"footway"},"geometry":{"type":"LineString","coordinates":[[121.61792560000002,25.054631199999996],[121.6180026,25.054833499999997]]}},{"type":"Feature","properties":{"name":null,"kind":"footway"},"geometry":{"type":"LineString","coordinates":[[121.61793550000002,25.054756299999994],[121.6179849,25.054759099999995]]}},{"type":"Feature","properties":{"name":"研究院路一段2巷","kind":"footway"},"geometry":{"type":"LineString","coordinates":[[121.61572599999998,25.054822299999994],[121.61582159999999,25.0547296],[121.6164348,25.0547519]]}},{"type":"Feature","properties":{"name":null,"kind":"footway"},"geometry":{"type":"LineString","coordinates":[[121.6173282,25.054803099999994],[121.61734909999998,25.0547386],[121.6172789,25.054726099999996],[121.6171711,25.054833300000002]]}},{"type":"Feature","properties":{"name":"研究院路一段","kind":"primary"},"geometry":{"type":"LineString","coordinates":[[121.61654770000001,25.054478500000002],[121.6166831,25.0550919]]}},{"type":"Feature","properties":{"name":null,"kind":"footway"},"geometry":{"type":"LineString","coordinates":[[121.6175976,25.0546869],[121.61763490000001,25.054880099999995]]}},{"type":"Feature","properties":{"name":null,"kind":"elevator"},"geometry":{"type":"LineString","coordinates":[[121.617274,25.054812099999996],[121.6172754,25.0547746],[121.61732899999998,25.054781299999995],[121.61732049999999,25.054827299999996],[121.617274,25.054812099999996]]}},{"type":"Feature","properties":{"name":null,"kind":"service"},"geometry":{"type":"LineString","coordinates":[[121.60321280000001,25.054077],[121.6024596,25.0539072],[121.60255159999998,25.053798199999996],[121.60324309999999,25.053922499999995]]}},{"type":"Feature","properties":{"name":null,"kind":"footway"},"geometry":{"type":"LineString","coordinates":[[121.60347760000002,25.054032499999998],[121.6034806,25.053858699999996]]}},{"type":"Feature","properties":{"name":"興中路","kind":"residential"},"geometry":{"type":"LineString","coordinates":[[121.60750079999998,25.054490100000002],[121.6077051,25.053389399999997]]}},{"type":"Feature","properties":{"name":null,"kind":"footway"},"geometry":{"type":"LineString","coordinates":[[121.60409450000002,25.0539677],[121.60428149999998,25.054003899999994]]}},{"type":"Feature","properties":{"name":null,"kind":"footway"},"geometry":{"type":"LineString","coordinates":[[121.60769960000002,25.054018199999998],[121.6077196,25.053926199999992]]}},{"type":"Feature","properties":{"name":"南港路二段86巷","kind":"service"},"geometry":{"type":"LineString","coordinates":[[121.6031721,25.0542842],[121.6033128,25.053750699999995]]}},{"type":"Feature","properties":{"name":null,"kind":"footway"},"geometry":{"type":"LineString","coordinates":[[121.606217,25.053867500000006],[121.60603780000001,25.054002999999998],[121.6060274,25.0541658]]}},{"type":"Feature","properties":{"name":null,"kind":"footway"},"geometry":{"type":"LineString","coordinates":[[121.6036449,25.0540718],[121.6032756,25.053985099999995]]}},{"type":"Feature","properties":{"name":null,"kind":"path"},"geometry":{"type":"LineString","coordinates":[[121.6015909,25.0540286],[121.60181310000002,25.054053499999995]]}},{"type":"Feature","properties":{"name":null,"kind":"footway"},"geometry":{"type":"LineString","coordinates":[[121.60603900000001,25.054120399999995],[121.6060704,25.053953599999996]]}},{"type":"Feature","properties":{"name":null,"kind":"service"},"geometry":{"type":"LineString","coordinates":[[121.5980933,25.0539078],[121.59806110000001,25.053761800000004]]}},{"type":"Feature","properties":{"name":null,"kind":"footway"},"geometry":{"type":"LineString","coordinates":[[121.5996007,25.053400499999995],[121.59680339999998,25.054199399999998],[121.5956117,25.05437719999999]]}},{"type":"Feature","properties":{"name":null,"kind":"service"},"geometry":{"type":"LineString","coordinates":[[121.59898820000001,25.053993300000002],[121.5995706,25.0538607]]}},{"type":"Feature","properties":{"name":null,"kind":"service"},"geometry":{"type":"LineString","coordinates":[[121.59902470000002,25.0542183],[121.5988952,25.053665199999998]]}},{"type":"Feature","properties":{"name":"世貿財星管制區","kind":"service"},"geometry":{"type":"LineString","coordinates":[[121.5970234,25.053723300000005],[121.59718110000001,25.054183899999998]]}},{"type":"Feature","properties":{"name":"南港路二段","kind":"secondary"},"geometry":{"type":"LineString","coordinates":[[121.59760500000002,25.054055600000005],[121.5980933,25.0539078]]}},{"type":"Feature","properties":{"name":"南港路二段178巷","kind":"residential"},"geometry":{"type":"LineString","coordinates":[[121.6002068,25.0546123],[121.59983059999999,25.0541669],[121.5996915,25.053457299999998]]}},{"type":"Feature","properties":{"name":null,"kind":"footway"},"geometry":{"type":"LineString","coordinates":[[121.5976361,25.053980200000005],[121.597706,25.054155199999993],[121.59746430000001,25.0541761],[121.5974198,25.054044199999993]]}},{"type":"Feature","properties":{"name":null,"kind":"service"},"geometry":{"type":"LineString","coordinates":[[121.59718110000001,25.054183899999998],[121.59730529999999,25.054267799999995],[121.59755409999998,25.054229499999998],[121.59760500000002,25.054055600000005]]}},{"type":"Feature","properties":{"name":null,"kind":"path"},"geometry":{"type":"LineString","coordinates":[[121.59760500000002,25.054055600000005],[121.597706,25.054155199999993],[121.59837480000002,25.054292099999994]]}},{"type":"Feature","properties":{"name":null,"kind":"footway"},"geometry":{"type":"LineString","coordinates":[[121.60700110000002,25.0538138],[121.60697630000001,25.053927400000003],[121.607185,25.054260799999998]]}},{"type":"Feature","properties":{"name":null,"kind":"footway"},"geometry":{"type":"LineString","coordinates":[[121.60489610000002,25.054110299999998],[121.60428149999998,25.054003899999994]]}},{"type":"Feature","properties":{"name":null,"kind":"footway"},"geometry":{"type":"LineString","coordinates":[[121.605124,25.054002999999998],[121.6050941,25.054147199999996],[121.60489610000002,25.054110299999998],[121.6049284,25.053967999999998]]}},{"type":"Feature","properties":{"name":"南港郵局","kind":"service"},"geometry":{"type":"LineString","coordinates":[[121.60385540000001,25.0541612],[121.60372520000001,25.054123999999998],[121.6037209,25.054056],[121.604104,25.05411159999999]]}},{"type":"Feature","properties":{"name":"南港加油站","kind":"service"},"geometry":{"type":"LineString","coordinates":[[121.6050424,25.0540585],[121.6048349,25.054288200000006],[121.6047289,25.0543138],[121.60437359999999,25.054226599999996],[121.60413960000001,25.053896799999997]]}},{"type":"Feature","properties":{"name":"南港郵局","kind":"service"},"geometry":{"type":"LineString","coordinates":[[121.6040941,25.054174099999997],[121.6036449,25.0540718]]}},{"type":"Feature","properties":{"name":null,"kind":"path"},"geometry":{"type":"LineString","coordinates":[[121.6068357,25.0541678],[121.6065698,25.0541652],[121.6065009,25.054065099999995],[121.6063588,25.054055099999996]]}},{"type":"Feature","properties":{"name":null,"kind":"footway"},"geometry":{"type":"LineString","coordinates":[[121.6068322,25.05430979999999],[121.60697630000001,25.053927400000003]]}},{"type":"Feature","properties":{"name":"南港路二段86巷8弄","kind":"service"},"geometry":{"type":"LineString","coordinates":[[121.60181310000002,25.054053499999995],[121.60231849999998,25.054201800000005],[121.6031721,25.0542842]]}},{"type":"Feature","properties":{"name":null,"kind":"footway"},"geometry":{"type":"LineString","coordinates":[[121.60632640000001,25.0541864],[121.60615459999998,25.0541562]]}},{"type":"Feature","properties":{"name":"迴轉道","kind":"residential"},"geometry":{"type":"LineString","coordinates":[[121.6118867,25.054031499999994],[121.61189460000001,25.053912599999997]]}},{"type":"Feature","properties":{"name":"南港路287巷2弄","kind":"residential"},"geometry":{"type":"LineString","coordinates":[[121.6075974,25.053953800000002],[121.60871999999999,25.0541447]]}},{"type":"Feature","properties":{"name":null,"kind":"cycleway"},"geometry":{"type":"LineString","coordinates":[[121.61213379999998,25.054097999999996],[121.6112666,25.0539945]]}},{"type":"Feature","properties":{"name":null,"kind":"footway"},"geometry":{"type":"LineString","coordinates":[[121.61069389999999,25.053940700000002],[121.61189850000001,25.054202099999998]]}},{"type":"Feature","properties":{"name":null,"kind":"cycleway"},"geometry":{"type":"LineString","coordinates":[[121.61312490000002,25.05427],[121.6131465,25.0541072],[121.6133537,25.054087000000003],[121.61337229999998,25.053951599999998]]}},{"type":"Feature","properties":{"name":null,"kind":"footway"},"geometry":{"type":"LineString","coordinates":[[121.6086533,25.054085899999997],[121.6086332,25.05418329999999]]}},{"type":"Feature","properties":{"name":null,"kind":"cycleway"},"geometry":{"type":"LineString","coordinates":[[121.61216460000001,25.054134499999993],[121.6122601,25.054145]]}},{"type":"Feature","properties":{"name":null,"kind":"footway"},"geometry":{"type":"LineString","coordinates":[[121.60884810000002,25.053706499999997],[121.60870359999998,25.0546299]]}},{"type":"Feature","properties":{"name":"市民大道八段","kind":"tertiary"},"geometry":{"type":"LineString","coordinates":[[121.6109266,25.05384],[121.61332240000002,25.053997899999995],[121.6153198,25.054342899999998],[121.61654770000001,25.054478500000002]]}},{"type":"Feature","properties":{"name":null,"kind":"footway"},"geometry":{"type":"LineString","coordinates":[[121.6122601,25.054145],[121.6130441,25.054261699999998]]}},{"type":"Feature","properties":{"name":"市民大道八段","kind":"tertiary"},"geometry":{"type":"LineString","coordinates":[[121.6164714,25.054558300000004],[121.61307699999999,25.0542167],[121.6109266,25.05384]]}},{"type":"Feature","properties":{"name":null,"kind":"footway"},"geometry":{"type":"LineString","coordinates":[[121.6086332,25.05418329999999],[121.60769960000002,25.054018199999998],[121.6075965,25.05438429999999],[121.60766300000002,25.054454199999995]]}},{"type":"Feature","properties":{"name":null,"kind":"cycleway"},"geometry":{"type":"LineString","coordinates":[[121.6130441,25.054261699999998],[121.61312490000002,25.05427]]}},{"type":"Feature","properties":{"name":null,"kind":"footway"},"geometry":{"type":"LineString","coordinates":[[121.6084169,25.054315299999995],[121.608677,25.054356000000002]]}},{"type":"Feature","properties":{"name":"南港路287巷2","kind":"service"},"geometry":{"type":"LineString","coordinates":[[121.6084543,25.054099199999996],[121.60836050000002,25.054641900000004]]}},{"type":"Feature","properties":{"name":null,"kind":"service"},"geometry":{"type":"LineString","coordinates":[[121.6097246,25.0544829],[121.6096316,25.054326099999997],[121.6098162,25.054264999999994],[121.6098567,25.05443929999999],[121.6097246,25.0544829]]}},{"type":"Feature","properties":{"name":null,"kind":"footway"},"geometry":{"type":"LineString","coordinates":[[121.6086332,25.05418329999999],[121.60858619999999,25.0545856]]}},{"type":"Feature","properties":{"name":null,"kind":"footway"},"geometry":{"type":"LineString","coordinates":[[121.61312490000002,25.05427],[121.6152067,25.054493700000002]]}},{"type":"Feature","properties":{"name":"南港路一段171巷10弄","kind":"service"},"geometry":{"type":"LineString","coordinates":[[121.6138124,25.054494899999998],[121.61326299999999,25.054428499999997],[121.61306790000002,25.0544775]]}},{"type":"Feature","properties":{"name":null,"kind":"footway"},"geometry":{"type":"LineString","coordinates":[[121.60766300000002,25.054454199999995],[121.60858619999999,25.0545856]]}},{"type":"Feature","properties":{"name":null,"kind":"footway"},"geometry":{"type":"LineString","coordinates":[[121.6023029,25.054269299999998],[121.60231849999998,25.054201800000005]]}},{"type":"Feature","properties":{"name":null,"kind":"footway"},"geometry":{"type":"LineString","coordinates":[[121.6061018,25.0543362],[121.6050941,25.054147199999996]]}},{"type":"Feature","properties":{"name":null,"kind":"footway"},"geometry":{"type":"LineString","coordinates":[[121.6061205,25.054183099999996],[121.606091,25.054320299999993]]}},{"type":"Feature","properties":{"name":null,"kind":"footway"},"geometry":{"type":"LineString","coordinates":[[121.6061387,25.054169399999996],[121.60626020000001,25.054366099999996]]}},{"type":"Feature","properties":{"name":null,"kind":"footway"},"geometry":{"type":"LineString","coordinates":[[121.6063311,25.054202099999998],[121.6061018,25.0543362]]}},{"type":"Feature","properties":{"name":null,"kind":"footway"},"geometry":{"type":"LineString","coordinates":[[121.6071559,25.0541877],[121.60711619999998,25.054354799999995]]}},{"type":"Feature","properties":{"name":null,"kind":"footway"},"geometry":{"type":"LineString","coordinates":[[121.6031994,25.054363599999995],[121.60230910000001,25.0542423]]}},{"type":"Feature","properties":{"name":null,"kind":"footway"},"geometry":{"type":"LineString","coordinates":[[121.6063376,25.0542203],[121.6062974,25.0543728]]}},{"type":"Feature","properties":{"name":null,"kind":"footway"},"geometry":{"type":"LineString","coordinates":[[121.607421,25.0543846],[121.6063311,25.054202099999998]]}},{"type":"Feature","properties":{"name":null,"kind":"footway"},"geometry":{"type":"LineString","coordinates":[[121.607185,25.054260799999998],[121.607421,25.0543846]]}},{"type":"Feature","properties":{"name":null,"kind":"footway"},"geometry":{"type":"LineString","coordinates":[[121.5972892,25.054211399999996],[121.59746430000001,25.0541761]]}},{"type":"Feature","properties":{"name":null,"kind":"footway"},"geometry":{"type":"LineString","coordinates":[[121.59983059999999,25.0541669],[121.60112370000002,25.054119799999995],[121.6016337,25.0542807],[121.60230910000001,25.0542423]]}},{"type":"Feature","properties":{"name":"南港路二段","kind":"secondary"},"geometry":{"type":"LineString","coordinates":[[121.59576499999999,25.054413599999997],[121.59697610000002,25.054245900000005],[121.59760500000002,25.054055600000005]]}},{"type":"Feature","properties":{"name":null,"kind":"footway"},"geometry":{"type":"LineString","coordinates":[[121.59709319999999,25.054326],[121.5972892,25.054211399999996]]}},{"type":"Feature","properties":{"name":null,"kind":"service"},"geometry":{"type":"LineString","coordinates":[[121.5983489,25.0544123],[121.59889780000002,25.0541963]]}},{"type":"Feature","properties":{"name":null,"kind":"residential"},"geometry":{"type":"LineString","coordinates":[[121.60110480000002,25.054571],[121.60116839999999,25.054131999999992]]}},{"type":"Feature","properties":{"name":null,"kind":"steps"},"geometry":{"type":"LineString","coordinates":[[121.5955421,25.054383400000003],[121.5956117,25.05437719999999]]}},{"type":"Feature","properties":{"name":"南港路二段","kind":"secondary"},"geometry":{"type":"LineString","coordinates":[[121.5952661,25.0543974],[121.59576499999999,25.054413599999997]]}},{"type":"Feature","properties":{"name":null,"kind":"service"},"geometry":{"type":"LineString","coordinates":[[121.59760500000002,25.054055600000005],[121.597762,25.0541131],[121.5982816,25.054093900000005],[121.5992157,25.054262800000004],[121.59967570000002,25.05454329999999],[121.59985580000001,25.054739000000005]]}},{"type":"Feature","properties":{"name":null,"kind":"service"},"geometry":{"type":"LineString","coordinates":[[121.6005031,25.054565399999998],[121.60060859999999,25.0542695],[121.6011526,25.0542409]]}},{"type":"Feature","properties":{"name":null,"kind":"service"},"geometry":{"type":"LineString","coordinates":[[121.60227930000002,25.0544485],[121.6023029,25.054269299999998]]}},{"type":"Feature","properties":{"name":null,"kind":"footway"},"geometry":{"type":"LineString","coordinates":[[121.6062276,25.054372499999996],[121.60611159999999,25.054350699999997]]}},{"type":"Feature","properties":{"name":null,"kind":"pedestrian"},"geometry":{"type":"LineString","coordinates":[[121.6055466,25.0544944],[121.60560639999999,25.054236199999995]]}},{"type":"Feature","properties":{"name":null,"kind":"pedestrian"},"geometry":{"type":"LineString","coordinates":[[121.606083,25.054473999999995],[121.6050134,25.054276100000003]]}},{"type":"Feature","properties":{"name":"南港路一段","kind":"secondary"},"geometry":{"type":"LineString","coordinates":[[121.6062057,25.054269000000005],[121.60750079999998,25.054490100000002]]}},{"type":"Feature","properties":{"name":null,"kind":"service"},"geometry":{"type":"LineString","coordinates":[[121.60185900000002,25.0543553],[121.60227930000002,25.0544485]]}},{"type":"Feature","properties":{"name":null,"kind":"service"},"geometry":{"type":"LineString","coordinates":[[121.60405889999998,25.054394299999995],[121.60421550000001,25.0544215]]}},{"type":"Feature","properties":{"name":null,"kind":"footway"},"geometry":{"type":"LineString","coordinates":[[121.607421,25.0543846],[121.6075984,25.054412099999993]]}},{"type":"Feature","properties":{"name":null,"kind":"footway"},"geometry":{"type":"LineString","coordinates":[[121.6041342,25.0543482],[121.6049897,25.0545013]]}},{"type":"Feature","properties":{"name":null,"kind":"footway"},"geometry":{"type":"LineString","coordinates":[[121.6073959,25.054401499999997],[121.6073592,25.0545587]]}},{"type":"Feature","properties":{"name":null,"kind":"footway"},"geometry":{"type":"LineString","coordinates":[[121.6041628,25.053980999999993],[121.6040917,25.054596299999993],[121.60418549999999,25.054907299999996],[121.60488770000002,25.0550125],[121.60494240000001,25.0544926]]}},{"type":"Feature","properties":{"name":null,"kind":"footway"},"geometry":{"type":"LineString","coordinates":[[121.6039582,25.0547047],[121.6034983,25.0546069],[121.6035373,25.054372299999994],[121.60321030000001,25.054309599999996]]}},{"type":"Feature","properties":{"name":null,"kind":"footway"},"geometry":{"type":"LineString","coordinates":[[121.6075966,25.054606699999994],[121.607421,25.0543846]]}},{"type":"Feature","properties":{"name":null,"kind":"footway"},"geometry":{"type":"LineString","coordinates":[[121.60761080000002,25.054432499999997],[121.60738019999998,25.054575]]}},{"type":"Feature","properties":{"name":null,"kind":"footway"},"geometry":{"type":"LineString","coordinates":[[121.60766300000002,25.054454199999995],[121.6076329,25.054591900000002]]}},{"type":"Feature","properties":{"name":"南港路二段38巷","kind":"residential"},"geometry":{"type":"LineString","coordinates":[[121.6049402,25.0550616],[121.6050424,25.0540585]]}},{"type":"Feature","properties":{"name":null,"kind":"footway"},"geometry":{"type":"LineString","coordinates":[[121.6040917,25.054596299999993],[121.60393490000001,25.0545682]]}},{"type":"Feature","properties":{"name":null,"kind":"footway"},"geometry":{"type":"LineString","coordinates":[[121.60333790000001,25.053833300000004],[121.6031966,25.054377499999998],[121.6032345,25.054712899999995],[121.6040618,25.055350699999998]]}},{"type":"Feature","properties":{"name":null,"kind":"footway"},"geometry":{"type":"LineString","coordinates":[[121.6062276,25.054372499999996],[121.6061294,25.0547916]]}},{"type":"Feature","properties":{"name":null,"kind":"service"},"geometry":{"type":"LineString","coordinates":[[121.6021949,25.0547606],[121.60227930000002,25.0544485]]}},{"type":"Feature","properties":{"name":null,"kind":"footway"},"geometry":{"type":"LineString","coordinates":[[121.61140950000001,25.053992800000003],[121.61116289999998,25.055057500000004]]}},{"type":"Feature","properties":{"name":null,"kind":"footway"},"geometry":{"type":"LineString","coordinates":[[121.60858619999999,25.0545856],[121.60867200000001,25.0546001]]}},{"type":"Feature","properties":{"name":"南港路一段","kind":"secondary"},"geometry":{"type":"LineString","coordinates":[[121.6092962,25.054804300000008],[121.60750079999998,25.054490100000002]]}},{"type":"Feature","properties":{"name":null,"kind":"service"},"geometry":{"type":"LineString","coordinates":[[121.6097246,25.0544829],[121.60962480000002,25.0548605]]}},{"type":"Feature","properties":{"name":null,"kind":"footway"},"geometry":{"type":"LineString","coordinates":[[121.6085138,25.0547619],[121.60854639999998,25.0546082]]}},{"type":"Feature","properties":{"name":null,"kind":"footway"},"geometry":{"type":"LineString","coordinates":[[121.60870359999998,25.0546299],[121.6086719,25.0547897]]}},{"type":"Feature","properties":{"name":"南港路一段137巷5弄","kind":"footway"},"geometry":{"type":"LineString","coordinates":[[121.61392190000001,25.0546843],[121.61448440000001,25.05472990000001]]}},{"type":"Feature","properties":{"name":"南港路一段137巷","kind":"service"},"geometry":{"type":"LineString","coordinates":[[121.61396059999998,25.055130499999997],[121.61392190000001,25.0546843],[121.6137813,25.054644700000004],[121.6138281,25.054309199999995]]}},{"type":"Feature","properties":{"name":"南港路一段171巷","kind":"service"},"geometry":{"type":"LineString","coordinates":[[121.61307699999999,25.0542167],[121.61307630000002,25.0548066],[121.6131893,25.055311999999997]]}},{"type":"Feature","properties":{"name":"南港路一段165巷","kind":"path"},"geometry":{"type":"LineString","coordinates":[[121.6132271,25.0544695],[121.61337040000001,25.055212300000004]]}},{"type":"Feature","properties":{"name":null,"kind":"footway"},"geometry":{"type":"LineString","coordinates":[[121.5955421,25.054383400000003],[121.5955598,25.054505899999995]]}},{"type":"Feature","properties":{"name":null,"kind":"footway"},"geometry":{"type":"LineString","coordinates":[[121.5956295,25.0544985],[121.59615590000001,25.0544429]]}},{"type":"Feature","properties":{"name":null,"kind":"steps"},"geometry":{"type":"LineString","coordinates":[[121.5955598,25.054505899999995],[121.5956295,25.0544985]]}},{"type":"Feature","properties":{"name":null,"kind":"footway"},"geometry":{"type":"LineString","coordinates":[[121.5953934,25.054558],[121.5956295,25.0544985]]}},{"type":"Feature","properties":{"name":"興南街168巷","kind":"service"},"geometry":{"type":"LineString","coordinates":[[121.5977597,25.0547094],[121.59793440000001,25.054565299999993],[121.5983489,25.0544123]]}},{"type":"Feature","properties":{"name":"向陽路120巷","kind":"service"},"geometry":{"type":"LineString","coordinates":[[121.5961816,25.0548933],[121.5952722,25.0545299]]}},{"type":"Feature","properties":{"name":"向陽路120巷2弄","kind":"service"},"geometry":{"type":"LineString","coordinates":[[121.5977597,25.0547094],[121.59629099999998,25.05480999999999],[121.5961816,25.0548933]]}},{"type":"Feature","properties":{"name":"東明街97巷","kind":"service"},"geometry":{"type":"LineString","coordinates":[[121.6009438,25.0552203],[121.60110480000002,25.054571]]}},{"type":"Feature","properties":{"name":null,"kind":"service"},"geometry":{"type":"LineString","coordinates":[[121.5966206,25.055015499999996],[121.597782,25.054985099999993],[121.5980762,25.054864899999995]]}},{"type":"Feature","properties":{"name":"向陽路120巷","kind":"service"},"geometry":{"type":"LineString","coordinates":[[121.5964977,25.0550591],[121.5961816,25.0548933]]}},{"type":"Feature","properties":{"name":null,"kind":"footway"},"geometry":{"type":"LineString","coordinates":[[121.6069596,25.05449],[121.60691449999999,25.054685500000005]]}},{"type":"Feature","properties":{"name":"南港路二段86巷10弄","kind":"service"},"geometry":{"type":"LineString","coordinates":[[121.60227930000002,25.0544485],[121.6027429,25.0545363],[121.6032364,25.054795600000002]]}},{"type":"Feature","properties":{"name":null,"kind":"footway"},"geometry":{"type":"LineString","coordinates":[[121.60739600000001,25.0545949],[121.60756940000002,25.05462779999999]]}},{"type":"Feature","properties":{"name":null,"kind":"footway"},"geometry":{"type":"LineString","coordinates":[[121.6066368,25.054879499999995],[121.6066654,25.0547616],[121.6065508,25.05474119999999],[121.6065873,25.054541],[121.60670530000002,25.054561699999997],[121.6067499,25.054358099999998]]}},{"type":"Feature","properties":{"name":null,"kind":"footway"},"geometry":{"type":"LineString","coordinates":[[121.60732199999998,25.054993299999996],[121.60740350000002,25.054622499999997],[121.6073592,25.0545587],[121.6062276,25.054372499999996]]}},{"type":"Feature","properties":{"name":null,"kind":"residential"},"geometry":{"type":"LineString","coordinates":[[121.6068993,25.054966600000004],[121.60702259999998,25.0544063]]}},{"type":"Feature","properties":{"name":null,"kind":"pedestrian"},"geometry":{"type":"LineString","coordinates":[[121.6059264,25.054444800000002],[121.6057834,25.055081999999995],[121.6059359,25.055108100000005]]}},{"type":"Feature","properties":{"name":null,"kind":"footway"},"geometry":{"type":"LineString","coordinates":[[121.60601389999998,25.054771499999998],[121.6061294,25.0547916]]}},{"type":"Feature","properties":{"name":"南港路二段60巷","kind":"residential"},"geometry":{"type":"LineString","coordinates":[[121.60380800000001,25.055704400000003],[121.60411349999998,25.055361699999995],[121.60402439999999,25.054626899999995],[121.60413960000001,25.053896799999997]]}},{"type":"Feature","properties":{"name":null,"kind":"footway"},"geometry":{"type":"LineString","coordinates":[[121.6031868,25.0546008],[121.6033725,25.0546438],[121.6038002,25.0550051],[121.6040538,25.0550275]]}},{"type":"Feature","properties":{"name":null,"kind":"footway"},"geometry":{"type":"LineString","coordinates":[[121.6061018,25.0543362],[121.6058889,25.055310999999996]]}},{"type":"Feature","properties":{"name":null,"kind":"service"},"geometry":{"type":"LineString","coordinates":[[121.6068222,25.054953200000003],[121.6068819,25.0546983]]}},{"type":"Feature","properties":{"name":null,"kind":"footway"},"geometry":{"type":"LineString","coordinates":[[121.6038168,25.055633599999993],[121.60405640000002,25.0553948],[121.60405160000002,25.054993399999997],[121.60393490000001,25.0545682],[121.60402830000001,25.0540436]]}},{"type":"Feature","properties":{"name":null,"kind":"footway"},"geometry":{"type":"LineString","coordinates":[[121.6061294,25.0547916],[121.60610599999998,25.054891400000002]]}},{"type":"Feature","properties":{"name":null,"kind":"footway"},"geometry":{"type":"LineString","coordinates":[[121.6026012,25.054841599999996],[121.60255759999998,25.0549403],[121.60243899999999,25.054888799999997]]}},{"type":"Feature","properties":{"name":null,"kind":"footway"},"geometry":{"type":"LineString","coordinates":[[121.60610599999998,25.054891400000002],[121.6059917,25.054867599999998]]}},{"type":"Feature","properties":{"name":null,"kind":"footway"},"geometry":{"type":"LineString","coordinates":[[121.60732199999998,25.054993299999996],[121.6061294,25.0547916]]}},{"type":"Feature","properties":{"name":null,"kind":"service"},"geometry":{"type":"LineString","coordinates":[[121.60302080000001,25.0551043],[121.6032364,25.054795600000002]]}},{"type":"Feature","properties":{"name":"興中路12巷","kind":"residential"},"geometry":{"type":"LineString","coordinates":[[121.6060692,25.0548229],[121.60739060000002,25.055048399999997]]}},{"type":"Feature","properties":{"name":"東明街64巷26弄","kind":"service"},"geometry":{"type":"LineString","coordinates":[[121.6010674,25.0547513],[121.6015339,25.054983399999998],[121.60229770000001,25.055176099999997]]}},{"type":"Feature","properties":{"name":"東南街","kind":"residential"},"geometry":{"type":"LineString","coordinates":[[121.61222070000001,25.0540867],[121.6122458,25.054545799999996],[121.6125358,25.055712899999996]]}},{"type":"Feature","properties":{"name":null,"kind":"footway"},"geometry":{"type":"LineString","coordinates":[[121.60870359999998,25.0546299],[121.6124585,25.055270199999992],[121.61319600000002,25.055244200000004],[121.6138161,25.055071199999997],[121.6143895,25.055078200000004],[121.6149805,25.0552043],[121.61644380000001,25.0551064]]}},{"type":"Feature","properties":{"name":null,"kind":"footway"},"geometry":{"type":"LineString","coordinates":[[121.61023339999998,25.055062499999995],[121.6102508,25.054887199999996]]}},{"type":"Feature","properties":{"name":null,"kind":"footway"},"geometry":{"type":"LineString","coordinates":[[121.6104259,25.055090099999994],[121.61044420000002,25.0549367]]}},{"type":"Feature","properties":{"name":"南港路一段","kind":"secondary"},"geometry":{"type":"LineString","coordinates":[[121.61245449999998,25.055335099999997],[121.6092962,25.054804300000008]]}},{"type":"Feature","properties":{"name":null,"kind":"footway"},"geometry":{"type":"LineString","coordinates":[[121.61023339999998,25.055062499999995],[121.61039539999999,25.0550851]]}},{"type":"Feature","properties":{"name":"南港路一段","kind":"secondary_link"},"geometry":{"type":"LineString","coordinates":[[121.61333979999999,25.0552572],[121.6136205,25.055152900000003],[121.61396059999998,25.055130499999997]]}},{"type":"Feature","properties":{"name":"三重路","kind":"tertiary"},"geometry":{"type":"LineString","coordinates":[[121.61396059999998,25.055130499999997],[121.61394160000002,25.055258499999997]]}},{"type":"Feature","properties":{"name":null,"kind":"footway"},"geometry":{"type":"LineString","coordinates":[[121.6140643,25.0554245],[121.6140524,25.0550684]]}},{"type":"Feature","properties":{"name":"南港路一段","kind":"secondary"},"geometry":{"type":"LineString","coordinates":[[121.61333979999999,25.0552572],[121.61394160000002,25.055258499999997]]}},{"type":"Feature","properties":{"name":null,"kind":"footway"},"geometry":{"type":"LineString","coordinates":[[121.60418549999999,25.054907299999996],[121.6041885,25.0550217]]}},{"type":"Feature","properties":{"name":null,"kind":"footway"},"geometry":{"type":"LineString","coordinates":[[121.60610599999998,25.054891400000002],[121.6072906,25.05509839999999]]}},{"type":"Feature","properties":{"name":"南港路二段38巷8弄","kind":"residential"},"geometry":{"type":"LineString","coordinates":[[121.6041047,25.054967499999997],[121.6049402,25.0550616]]}},{"type":"Feature","properties":{"name":null,"kind":"footway"},"geometry":{"type":"LineString","coordinates":[[121.6040538,25.0550275],[121.6041885,25.0550217]]}},{"type":"Feature","properties":{"name":null,"kind":"footway"},"geometry":{"type":"LineString","coordinates":[[121.6029346,25.0551239],[121.6030038,25.055022599999994]]}},{"type":"Feature","properties":{"name":null,"kind":"footway"},"geometry":{"type":"LineString","coordinates":[[121.6048816,25.055120799999997],[121.60488770000002,25.0550125]]}},{"type":"Feature","properties":{"name":null,"kind":"footway"},"geometry":{"type":"LineString","coordinates":[[121.60744280000002,25.055136299999997],[121.6072906,25.05509839999999],[121.60732199999998,25.054993299999996]]}},{"type":"Feature","properties":{"name":"南港路二段86巷9弄","kind":"service"},"geometry":{"type":"LineString","coordinates":[[121.6032364,25.054795600000002],[121.60408940000002,25.055418899999996]]}},{"type":"Feature","properties":{"name":null,"kind":"footway"},"geometry":{"type":"LineString","coordinates":[[121.60610599999998,25.054891400000002],[121.60603990000001,25.055316699999995]]}},{"type":"Feature","properties":{"name":null,"kind":"footway"},"geometry":{"type":"LineString","coordinates":[[121.6031408,25.055094100000005],[121.60306780000002,25.0551955]]}},{"type":"Feature","properties":{"name":null,"kind":"footway"},"geometry":{"type":"LineString","coordinates":[[121.60498950000002,25.05515579999999],[121.6048816,25.055120799999997]]}},{"type":"Feature","properties":{"name":null,"kind":"footway"},"geometry":{"type":"LineString","coordinates":[[121.6064082,25.0548816],[121.6062949,25.0554061]]}},{"type":"Feature","properties":{"name":"興華路64巷","kind":"residential"},"geometry":{"type":"LineString","coordinates":[[121.60594639999998,25.0553369],[121.6056813,25.055344700000003],[121.6049402,25.0550616]]}},{"type":"Feature","properties":{"name":null,"kind":"footway"},"geometry":{"type":"LineString","coordinates":[[121.6060157,25.0552895],[121.60589880000002,25.0552681]]}},{"type":"Feature","properties":{"name":"東明街","kind":"residential"},"geometry":{"type":"LineString","coordinates":[[121.5992646,25.0552066],[121.59953990000001,25.0549225],[121.6002068,25.0546123],[121.6007119,25.05454549999999],[121.6014428,25.0545953],[121.602065,25.054720399999994],[121.6028375,25.0550145],[121.6039408,25.0558017],[121.60433750000001,25.0559947],[121.6057748,25.056055100000002]]}},{"type":"Feature","properties":{"name":null,"kind":"footway"},"geometry":{"type":"LineString","coordinates":[[121.6072051,25.0554852],[121.6072906,25.05509839999999]]}},{"type":"Feature","properties":{"name":null,"kind":"footway"},"geometry":{"type":"LineString","coordinates":[[121.6058889,25.055310999999996],[121.60587,25.055389699999996]]}},{"type":"Feature","properties":{"name":null,"kind":"footway"},"geometry":{"type":"LineString","coordinates":[[121.6039125,25.055708499999998],[121.6041237,25.055445700000003],[121.6041885,25.0550217]]}},{"type":"Feature","properties":{"name":null,"kind":"footway"},"geometry":{"type":"LineString","coordinates":[[121.60602130000001,25.0553997],[121.60603990000001,25.055316699999995]]}},{"type":"Feature","properties":{"name":null,"kind":"footway"},"geometry":{"type":"LineString","coordinates":[[121.6021024,25.0553622],[121.6022456,25.055439499999995]]}},{"type":"Feature","properties":{"name":null,"kind":"residential"},"geometry":{"type":"LineString","coordinates":[[121.59594320000001,25.0552727],[121.5961816,25.0548933]]}},{"type":"Feature","properties":{"name":null,"kind":"footway"},"geometry":{"type":"LineString","coordinates":[[121.59659180000001,25.0554655],[121.5967045,25.055497],[121.5968896,25.0551519],[121.59803040000001,25.0551209],[121.5981718,25.054888999999996]]}},{"type":"Feature","properties":{"name":"東明街123巷","kind":"service"},"geometry":{"type":"LineString","coordinates":[[121.59985580000001,25.054739000000005],[121.6003739,25.055161500000004],[121.6013494,25.055326999999988],[121.60196800000001,25.0557057]]}},{"type":"Feature","properties":{"name":null,"kind":"footway"},"geometry":{"type":"LineString","coordinates":[[121.59590630000001,25.0551753],[121.59583030000002,25.0553129],[121.5959769,25.0553739],[121.5960484,25.0552054],[121.59596389999999,25.055169999999997]]}},{"type":"Feature","properties":{"name":null,"kind":"service"},"geometry":{"type":"LineString","coordinates":[[121.5986616,25.0555168],[121.59883060000001,25.055213099999992]]}},{"type":"Feature","properties":{"name":null,"kind":"service"},"geometry":{"type":"LineString","coordinates":[[121.6013468,25.054911199999996],[121.60093449999998,25.0558925]]}},{"type":"Feature","properties":{"name":null,"kind":"service"},"geometry":{"type":"LineString","coordinates":[[121.60038170000001,25.055699299999993],[121.60063140000001,25.0552064]]}},{"type":"Feature","properties":{"name":null,"kind":"footway"},"geometry":{"type":"LineString","coordinates":[[121.5966111,25.055602399999998],[121.59659180000001,25.0554655]]}},{"type":"Feature","properties":{"name":null,"kind":"footway"},"geometry":{"type":"LineString","coordinates":[[121.59647220000001,25.055584],[121.5965368,25.0556072]]}},{"type":"Feature","properties":{"name":null,"kind":"service"},"geometry":{"type":"LineString","coordinates":[[121.5985302,25.0556795],[121.59811179999998,25.055514299999995]]}},{"type":"Feature","properties":{"name":null,"kind":"footway"},"geometry":{"type":"LineString","coordinates":[[121.61384089999999,25.055466600000003],[121.6138161,25.055071199999997]]}},{"type":"Feature","properties":{"name":"南港路一段","kind":"secondary"},"geometry":{"type":"LineString","coordinates":[[121.6131893,25.055311999999997],[121.61333979999999,25.0552572]]}},{"type":"Feature","properties":{"name":"三重路","kind":"tertiary"},"geometry":{"type":"LineString","coordinates":[[121.61394160000002,25.055258499999997],[121.6139271,25.055365500000004]]}},{"type":"Feature","properties":{"name":"南港路一段","kind":"secondary"},"geometry":{"type":"LineString","coordinates":[[121.6131893,25.055311999999997],[121.61245449999998,25.055335099999997]]}},{"type":"Feature","properties":{"name":null,"kind":"footway"},"geometry":{"type":"LineString","coordinates":[[121.61326320000002,25.0552303],[121.6132473,25.055439599999996]]}},{"type":"Feature","properties":{"name":"南港路一段","kind":"secondary"},"geometry":{"type":"LineString","coordinates":[[121.6139271,25.055365500000004],[121.6131893,25.055311999999997]]}},{"type":"Feature","properties":{"name":null,"kind":"footway"},"geometry":{"type":"LineString","coordinates":[[121.6123541,25.055454],[121.6123937,25.055259599999996]]}},{"type":"Feature","properties":{"name":null,"kind":"footway"},"geometry":{"type":"LineString","coordinates":[[121.6123816,25.0555056],[121.61255320000001,25.055463600000007],[121.6125253,25.055267999999995]]}},{"type":"Feature","properties":{"name":null,"kind":"footway"},"geometry":{"type":"LineString","coordinates":[[121.61039539999999,25.0550851],[121.61229870000001,25.0554187],[121.61246280000002,25.0557529]]}},{"type":"Feature","properties":{"name":null,"kind":"footway"},"geometry":{"type":"LineString","coordinates":[[121.61384089999999,25.055466600000003],[121.6140411,25.055458699999992]]}},{"type":"Feature","properties":{"name":null,"kind":"footway"},"geometry":{"type":"LineString","coordinates":[[121.60586809999998,25.0553974],[121.60599949999998,25.055420800000004]]}},{"type":"Feature","properties":{"name":"興中路28巷","kind":"residential"},"geometry":{"type":"LineString","coordinates":[[121.60594639999998,25.0553369],[121.6072669,25.055595600000004]]}},{"type":"Feature","properties":{"name":"興南街64巷","kind":"residential"},"geometry":{"type":"LineString","coordinates":[[121.60169319999999,25.0561563],[121.6024817,25.054868600000006]]}},{"type":"Feature","properties":{"name":null,"kind":"residential"},"geometry":{"type":"LineString","coordinates":[[121.60488869999999,25.055959399999995],[121.6049402,25.0550616]]}},{"type":"Feature","properties":{"name":null,"kind":"footway"},"geometry":{"type":"LineString","coordinates":[[121.6040618,25.055350699999998],[121.60491420000001,25.055582199999996],[121.6058627,25.055687399999997]]}},{"type":"Feature","properties":{"name":null,"kind":"footway"},"geometry":{"type":"LineString","coordinates":[[121.60488869999999,25.055959399999995],[121.6048816,25.055120799999997]]}},{"type":"Feature","properties":{"name":null,"kind":"footway"},"geometry":{"type":"LineString","coordinates":[[121.60488869999999,25.055959399999995],[121.60498950000002,25.05515579999999],[121.60550199999999,25.05536559999999]]}},{"type":"Feature","properties":{"name":null,"kind":"footway"},"geometry":{"type":"LineString","coordinates":[[121.60717180000002,25.055619400000005],[121.6072051,25.0554852]]}},{"type":"Feature","properties":{"name":null,"kind":"footway"},"geometry":{"type":"LineString","coordinates":[[121.60602130000001,25.0553997],[121.60591780000001,25.055848999999995]]}},{"type":"Feature","properties":{"name":null,"kind":"footway"},"geometry":{"type":"LineString","coordinates":[[121.6019108,25.0557023],[121.60196679999999,25.0556207]]}},{"type":"Feature","properties":{"name":"興東街","kind":"residential"},"geometry":{"type":"LineString","coordinates":[[121.6131893,25.055311999999997],[121.61314230000002,25.055430999999995],[121.6125358,25.055712899999996]]}},{"type":"Feature","properties":{"name":null,"kind":"footway"},"geometry":{"type":"LineString","coordinates":[[121.61255320000001,25.055463600000007],[121.612582,25.055600099999996]]}},{"type":"Feature","properties":{"name":"南港路一段136巷","kind":"footway"},"geometry":{"type":"LineString","coordinates":[[121.61314230000002,25.055430999999995],[121.61321370000002,25.055720200000003],[121.6129823,25.055779799999996]]}},{"type":"Feature","properties":{"name":null,"kind":"footway"},"geometry":{"type":"LineString","coordinates":[[121.612582,25.055600099999996],[121.61265090000002,25.0557207]]}},{"type":"Feature","properties":{"name":"樂群路","kind":"service"},"geometry":{"type":"LineString","coordinates":[[121.6090874,25.054768499999994],[121.6087281,25.056619799999993]]}},{"type":"Feature","properties":{"name":null,"kind":"footway"},"geometry":{"type":"LineString","coordinates":[[121.61210460000001,25.0560017],[121.61317560000002,25.05546079999999],[121.61384089999999,25.055466600000003]]}},{"type":"Feature","properties":{"name":"新民街","kind":"residential"},"geometry":{"type":"LineString","coordinates":[[121.61197530000001,25.055980499999997],[121.611535,25.055768599999997],[121.6102485,25.0555692]]}},{"type":"Feature","properties":{"name":null,"kind":"footway"},"geometry":{"type":"LineString","coordinates":[[121.61384089999999,25.055466600000003],[121.6139172,25.0561209]]}},{"type":"Feature","properties":{"name":"興東街","kind":"residential"},"geometry":{"type":"LineString","coordinates":[[121.6125358,25.055712899999996],[121.61197530000001,25.055980499999997]]}},{"type":"Feature","properties":{"name":"興東街7巷","kind":"service"},"geometry":{"type":"LineString","coordinates":[[121.61287359999999,25.055566499999994],[121.6129823,25.055779799999996],[121.6130498,25.0562249]]}},{"type":"Feature","properties":{"name":null,"kind":"footway"},"geometry":{"type":"LineString","coordinates":[[121.5940783,25.054457700000004],[121.5940797,25.0544478]]}},{"type":"Feature","properties":{"name":null,"kind":"steps"},"geometry":{"type":"LineString","coordinates":[[121.5940109,25.0544577],[121.59390510000001,25.054451499999995]]}},{"type":"Feature","properties":{"name":null,"kind":"steps"},"geometry":{"type":"LineString","coordinates":[[121.5940109,25.0544577],[121.5940783,25.054457700000004]]}},{"type":"Feature","properties":{"name":"南港路三段16巷1弄","kind":"service"},"geometry":{"type":"LineString","coordinates":[[121.5921167,25.054351499999996],[121.59259519999999,25.054599999999997]]}},{"type":"Feature","properties":{"name":null,"kind":"footway"},"geometry":{"type":"LineString","coordinates":[[121.5953934,25.054558],[121.59536410000001,25.054374099999997]]}},{"type":"Feature","properties":{"name":"南港路三段","kind":"secondary"},"geometry":{"type":"LineString","coordinates":[[121.5932237,25.0544488],[121.5936622,25.0545071]]}},{"type":"Feature","properties":{"name":"南港路二段","kind":"secondary"},"geometry":{"type":"LineString","coordinates":[[121.59576499999999,25.054413599999997],[121.5952722,25.0545299],[121.59483759999999,25.054449600000005]]}},{"type":"Feature","properties":{"name":"南港路二段","kind":"secondary"},"geometry":{"type":"LineString","coordinates":[[121.5947048,25.054424099999995],[121.594282,25.054539799999997]]}},{"type":"Feature","properties":{"name":"南港路二段","kind":"secondary"},"geometry":{"type":"LineString","coordinates":[[121.594282,25.054539799999997],[121.5938716,25.0545715],[121.5936622,25.0545071]]}},{"type":"Feature","properties":{"name":null,"kind":"footway"},"geometry":{"type":"LineString","coordinates":[[121.5940109,25.0544577],[121.5939944,25.05461959999999]]}},{"type":"Feature","properties":{"name":"南港路三段50巷","kind":"unclassified"},"geometry":{"type":"LineString","coordinates":[[121.59149529999999,25.054770700000006],[121.59169450000002,25.0544037]]}},{"type":"Feature","properties":{"name":null,"kind":"footway"},"geometry":{"type":"LineString","coordinates":[[121.5953322,25.054590299999997],[121.5953934,25.054558]]}},{"type":"Feature","properties":{"name":null,"kind":"footway"},"geometry":{"type":"LineString","coordinates":[[121.5940865,25.0546458],[121.5932996,25.0545356]]}},{"type":"Feature","properties":{"name":null,"kind":"steps"},"geometry":{"type":"LineString","coordinates":[[121.5939944,25.05461959999999],[121.593868,25.054615900000005]]}},{"type":"Feature","properties":{"name":null,"kind":"steps"},"geometry":{"type":"LineString","coordinates":[[121.5939944,25.05461959999999],[121.5940879,25.0546258]]}},{"type":"Feature","properties":{"name":null,"kind":"footway"},"geometry":{"type":"LineString","coordinates":[[121.593868,25.054615900000005],[121.59386520000001,25.054634599999996]]}},{"type":"Feature","properties":{"name":"向陽路","kind":"secondary"},"geometry":{"type":"LineString","coordinates":[[121.5945001,25.054821900000004],[121.5947048,25.054424099999995]]}},{"type":"Feature","properties":{"name":null,"kind":"footway"},"geometry":{"type":"LineString","coordinates":[[121.5940879,25.0546258],[121.5940865,25.0546458]]}},{"type":"Feature","properties":{"name":"向陽路","kind":"secondary"},"geometry":{"type":"LineString","coordinates":[[121.59483759999999,25.054449600000005],[121.59468420000002,25.054819699999996]]}},{"type":"Feature","properties":{"name":"南港路二段","kind":"secondary_link"},"geometry":{"type":"LineString","coordinates":[[121.5945001,25.054821900000004],[121.5942788,25.054602899999995],[121.59412770000002,25.0545588]]}},{"type":"Feature","properties":{"name":null,"kind":"service"},"geometry":{"type":"LineString","coordinates":[[121.5904301,25.054377099999993],[121.5899581,25.05425560000001]]}},{"type":"Feature","properties":{"name":"南港路三段106巷9弄","kind":"service"},"geometry":{"type":"LineString","coordinates":[[121.5893559,25.054501599999995],[121.58889670000002,25.054368499999992]]}},{"type":"Feature","properties":{"name":"南港路三段106巷4弄","kind":"service"},"geometry":{"type":"LineString","coordinates":[[121.58967510000001,25.0545509],[121.58937959999999,25.054442099999996]]}},{"type":"Feature","properties":{"name":"南港路三段106巷11弄","kind":"service"},"geometry":{"type":"LineString","coordinates":[[121.58892899999998,25.054519199999998],[121.58928829999999,25.054670899999998]]}},{"type":"Feature","properties":{"name":null,"kind":"service"},"geometry":{"type":"LineString","coordinates":[[121.5899581,25.05425560000001],[121.5896791,25.054996699999993],[121.58989370000002,25.0550623],[121.5902048,25.054331]]}},{"type":"Feature","properties":{"name":"南港路三段106巷6弄","kind":"service"},"geometry":{"type":"LineString","coordinates":[[121.58928829999999,25.054670899999998],[121.5895906,25.054787799999996]]}},{"type":"Feature","properties":{"name":null,"kind":"steps"},"geometry":{"type":"LineString","coordinates":[[121.5879576,25.0547246],[121.5879836,25.054738600000004]]}},{"type":"Feature","properties":{"name":null,"kind":"footway"},"geometry":{"type":"LineString","coordinates":[[121.58796850000002,25.054763300000005],[121.58797570000002,25.0547524]]}},{"type":"Feature","properties":{"name":"南港路三段106巷13弄","kind":"service"},"geometry":{"type":"LineString","coordinates":[[121.588768,25.054740299999995],[121.5891739,25.0549577]]}},{"type":"Feature","properties":{"name":"南港路三段80巷","kind":"service"},"geometry":{"type":"LineString","coordinates":[[121.59009630000001,25.056081599999995],[121.59113230000001,25.053865599999998]]}},{"type":"Feature","properties":{"name":null,"kind":"service"},"geometry":{"type":"LineString","coordinates":[[121.5899374,25.0549746],[121.5901592,25.0550478]]}},{"type":"Feature","properties":{"name":null,"kind":"service"},"geometry":{"type":"LineString","coordinates":[[121.5900788,25.055021],[121.59000900000001,25.055162000000003]]}},{"type":"Feature","properties":{"name":null,"kind":"service"},"geometry":{"type":"LineString","coordinates":[[121.58989370000002,25.0550623],[121.5898293,25.055208099999998],[121.59000630000001,25.0552713]]}},{"type":"Feature","properties":{"name":null,"kind":"footway"},"geometry":{"type":"LineString","coordinates":[[121.58892379999999,25.055277799999992],[121.58898800000001,25.0551916]]}},{"type":"Feature","properties":{"name":"南港路三段50巷","kind":"service"},"geometry":{"type":"LineString","coordinates":[[121.59149529999999,25.054770700000006],[121.59095460000002,25.055765099999995]]}},{"type":"Feature","properties":{"name":"南港路三段50巷","kind":"service"},"geometry":{"type":"LineString","coordinates":[[121.59095460000002,25.055765099999995],[121.59149529999999,25.054770700000006]]}},{"type":"Feature","properties":{"name":null,"kind":"footway"},"geometry":{"type":"LineString","coordinates":[[121.5886772,25.055313000000005],[121.5887449,25.0552066],[121.58903770000002,25.05542]]}},{"type":"Feature","properties":{"name":null,"kind":"cycleway"},"geometry":{"type":"LineString","coordinates":[[121.58903770000002,25.05542],[121.5891198,25.055330399999992]]}},{"type":"Feature","properties":{"name":null,"kind":"footway"},"geometry":{"type":"LineString","coordinates":[[121.5890386,25.0554419],[121.58903770000002,25.05542]]}},{"type":"Feature","properties":{"name":null,"kind":"steps"},"geometry":{"type":"LineString","coordinates":[[121.5890808,25.055473900000003],[121.5890386,25.0554419]]}},{"type":"Feature","properties":{"name":"向陽路","kind":"secondary_link"},"geometry":{"type":"LineString","coordinates":[[121.5952722,25.0545299],[121.5950733,25.0549249]]}},{"type":"Feature","properties":{"name":null,"kind":"footway"},"geometry":{"type":"LineString","coordinates":[[121.5948185,25.054744900000006],[121.5951732,25.054866599999997],[121.5953322,25.054590299999997]]}},{"type":"Feature","properties":{"name":null,"kind":"footway"},"geometry":{"type":"LineString","coordinates":[[121.5940865,25.0546458],[121.5943835,25.054851499999995]]}},{"type":"Feature","properties":{"name":"南港路三段16巷3弄","kind":"service"},"geometry":{"type":"LineString","coordinates":[[121.5919638,25.0546455],[121.5924364,25.054878]]}},{"type":"Feature","properties":{"name":"重陽路","kind":"tertiary"},"geometry":{"type":"LineString","coordinates":[[121.59468420000002,25.054819699999996],[121.5945001,25.054821900000004]]}},{"type":"Feature","properties":{"name":null,"kind":"footway"},"geometry":{"type":"LineString","coordinates":[[121.59469120000001,25.055002299999998],[121.5948185,25.054744900000006]]}},{"type":"Feature","properties":{"name":null,"kind":"footway"},"geometry":{"type":"LineString","coordinates":[[121.5943835,25.054851499999995],[121.59469120000001,25.055002299999998]]}},{"type":"Feature","properties":{"name":null,"kind":"service"},"geometry":{"type":"LineString","coordinates":[[121.59267380000001,25.055001599999997],[121.5924364,25.054878]]}},{"type":"Feature","properties":{"name":"南港路三段16巷18弄","kind":"service"},"geometry":{"type":"LineString","coordinates":[[121.5922932,25.0551286],[121.5929911,25.055450299999997]]}},{"type":"Feature","properties":{"name":"南港路三段16巷","kind":"service"},"geometry":{"type":"LineString","coordinates":[[121.59273620000002,25.0543194],[121.5915963,25.0563485]]}},{"type":"Feature","properties":{"name":null,"kind":"footway"},"geometry":{"type":"LineString","coordinates":[[121.5879075,25.054730000000003],[121.5879028,25.054737899999996]]}},{"type":"Feature","properties":{"name":null,"kind":"steps"},"geometry":{"type":"LineString","coordinates":[[121.5879836,25.054738600000004],[121.58797570000002,25.0547524]]}},{"type":"Feature","properties":{"name":null,"kind":"steps"},"geometry":{"type":"LineString","coordinates":[[121.5879075,25.054730000000003],[121.58796850000002,25.054763300000005]]}},{"type":"Feature","properties":{"name":null,"kind":"footway"},"geometry":{"type":"LineString","coordinates":[[121.5916538,25.057699799999998],[121.5899784,25.056089899999996],[121.58908739999998,25.0553657],[121.5864563,25.053878999999988],[121.582958,25.052877099999993],[121.58019490000001,25.052267800000006]]}},{"type":"Feature","properties":{"name":"基隆河左岸自行車道","kind":"cycleway"},"geometry":{"type":"LineString","coordinates":[[121.5832629,25.0530315],[121.58364309999999,25.0532685],[121.586428,25.0540708],[121.58875709999998,25.055356799999988],[121.58990310000002,25.056264900000002],[121.5918243,25.058156699999998],[121.59258349999999,25.058618400000004]]}},{"type":"Feature","properties":{"name":null,"kind":"cycleway"},"geometry":{"type":"LineString","coordinates":[[121.58890490000002,25.0554698],[121.5891686,25.055538299999995]]}},{"type":"Feature","properties":{"name":null,"kind":"cycleway"},"geometry":{"type":"LineString","coordinates":[[121.5891686,25.055538299999995],[121.58928650000001,25.0556133],[121.58903770000002,25.05542]]}},{"type":"Feature","properties":{"name":"松河街","kind":"unclassified"},"geometry":{"type":"LineString","coordinates":[[121.58795170000002,25.0546232],[121.58906150000001,25.0552394],[121.59009630000001,25.056081599999995],[121.5914123,25.057397399999996]]}},{"type":"Feature","properties":{"name":null,"kind":"footway"},"geometry":{"type":"LineString","coordinates":[[121.5899701,25.056084799999997],[121.59002400000001,25.056024799999996]]}},{"type":"Feature","properties":{"name":null,"kind":"footway"},"geometry":{"type":"LineString","coordinates":[[121.5899687,25.0560995],[121.5899784,25.056089899999996]]}},{"type":"Feature","properties":{"name":null,"kind":"footway"},"geometry":{"type":"LineString","coordinates":[[121.58992110000001,25.056090999999995],[121.5899105,25.056101499999997]]}},{"type":"Feature","properties":{"name":null,"kind":"footway"},"geometry":{"type":"LineString","coordinates":[[121.5898565,25.0560569],[121.5897584,25.0561489]]}},{"type":"Feature","properties":{"name":null,"kind":"steps"},"geometry":{"type":"LineString","coordinates":[[121.58998740000001,25.0561134],[121.5899786,25.056123299999996]]}},{"type":"Feature","properties":{"name":null,"kind":"steps"},"geometry":{"type":"LineString","coordinates":[[121.58992110000001,25.056090999999995],[121.589971,25.056131099999998]]}},{"type":"Feature","properties":{"name":null,"kind":"steps"},"geometry":{"type":"LineString","coordinates":[[121.5899687,25.0560995],[121.58998740000001,25.0561134]]}},{"type":"Feature","properties":{"name":null,"kind":"service"},"geometry":{"type":"LineString","coordinates":[[121.59479910000002,25.055825799999997],[121.5952569,25.0550344]]}},{"type":"Feature","properties":{"name":null,"kind":"service"},"geometry":{"type":"LineString","coordinates":[[121.5936433,25.055273],[121.5933469,25.055524499999997],[121.5929584,25.055584199999995]]}},{"type":"Feature","properties":{"name":null,"kind":"service"},"geometry":{"type":"LineString","coordinates":[[121.5931445,25.0558107],[121.5931848,25.0556747],[121.5934637,25.055703800000003],[121.59367019999999,25.055784],[121.59367830000001,25.0559201]]}},{"type":"Feature","properties":{"name":"向陽路","kind":"secondary"},"geometry":{"type":"LineString","coordinates":[[121.5933334,25.0569137],[121.5945001,25.054821900000004]]}},{"type":"Feature","properties":{"name":null,"kind":"service"},"geometry":{"type":"LineString","coordinates":[[121.5919287,25.055797499999997],[121.5922284,25.055982199999995]]}},{"type":"Feature","properties":{"name":"向陽路","kind":"secondary"},"geometry":{"type":"LineString","coordinates":[[121.59468420000002,25.054819699999996],[121.59341850000001,25.056952499999998]]}},{"type":"Feature","properties":{"name":null,"kind":"service"},"geometry":{"type":"LineString","coordinates":[[121.5931042,25.0559461],[121.59287249999998,25.055910000000004]]}},{"type":"Feature","properties":{"name":null,"kind":"service"},"geometry":{"type":"LineString","coordinates":[[121.5931042,25.0559461],[121.5931445,25.0558107],[121.59367830000001,25.0559201],[121.59361109999999,25.056060199999997],[121.5931042,25.0559461]]}},{"type":"Feature","properties":{"name":"成功路一段","kind":"residential"},"geometry":{"type":"LineString","coordinates":[[121.59266869999999,25.057895399999996],[121.5924876,25.057450199999998],[121.5932237,25.0544488]]}},{"type":"Feature","properties":{"name":null,"kind":"service"},"geometry":{"type":"LineString","coordinates":[[121.5915963,25.0563485],[121.59130980000002,25.056259499999996]]}},{"type":"Feature","properties":{"name":null,"kind":"footway"},"geometry":{"type":"LineString","coordinates":[[121.589971,25.056131099999998],[121.5899786,25.056123299999996]]}},{"type":"Feature","properties":{"name":null,"kind":"footway"},"geometry":{"type":"LineString","coordinates":[[121.59007199999999,25.0561819],[121.5901433,25.056126000000003]]}},{"type":"Feature","properties":{"name":"南港路三段50巷","kind":"unclassified"},"geometry":{"type":"LineString","coordinates":[[121.59055110000001,25.0565392],[121.59095460000002,25.055765099999995]]}},{"type":"Feature","properties":{"name":null,"kind":"footway"},"geometry":{"type":"LineString","coordinates":[[121.59131220000002,25.057453599999995],[121.59002630000002,25.056191],[121.589448,25.055718099999996],[121.58908270000002,25.055610300000005]]}},{"type":"Feature","properties":{"name":null,"kind":"steps"},"geometry":{"type":"LineString","coordinates":[[121.59136629999999,25.057476299999998],[121.59136069999998,25.0574831]]}},{"type":"Feature","properties":{"name":null,"kind":"steps"},"geometry":{"type":"LineString","coordinates":[[121.59131220000002,25.057453599999995],[121.5913517,25.0574909]]}},{"type":"Feature","properties":{"name":null,"kind":"footway"},"geometry":{"type":"LineString","coordinates":[[121.59131220000002,25.057453599999995],[121.59118669999998,25.057552699999995]]}},{"type":"Feature","properties":{"name":"南港路一段","kind":"primary"},"geometry":{"type":"LineString","coordinates":[[121.6186143,25.0548073],[121.6187601,25.0547794]]}},{"type":"Feature","properties":{"name":null,"kind":"footway"},"geometry":{"type":"LineString","coordinates":[[121.6206317,25.0547464],[121.6209738,25.054823999999996]]}},{"type":"Feature","properties":{"name":null,"kind":"footway"},"geometry":{"type":"LineString","coordinates":[[121.61678140000001,25.054995600000005],[121.6192134,25.054652399999995],[121.6206317,25.0547464]]}},{"type":"Feature","properties":{"name":"經貿一路","kind":"tertiary"},"geometry":{"type":"LineString","coordinates":[[121.6187601,25.0547794],[121.61881410000001,25.0548761]]}},{"type":"Feature","properties":{"name":"南港橋","kind":"primary"},"geometry":{"type":"LineString","coordinates":[[121.62061899999999,25.0547967],[121.62096280000002,25.054875999999993]]}},{"type":"Feature","properties":{"name":"南港路一段","kind":"primary"},"geometry":{"type":"LineString","coordinates":[[121.62059409999999,25.0548954],[121.61948270000002,25.0547978],[121.61881410000001,25.0548761]]}},{"type":"Feature","properties":{"name":"經貿一路","kind":"tertiary"},"geometry":{"type":"LineString","coordinates":[[121.6186702,25.0549079],[121.6186143,25.0548073]]}},{"type":"Feature","properties":{"name":null,"kind":"footway"},"geometry":{"type":"LineString","coordinates":[[121.61899160000002,25.0549156],[121.6194376,25.054835500000003],[121.6201561,25.054866199999996]]}},{"type":"Feature","properties":{"name":null,"kind":"footway"},"geometry":{"type":"LineString","coordinates":[[121.6184724,25.054766799999992],[121.6185934,25.0550685],[121.6189778,25.0549345],[121.6189291,25.054694099999992]]}},{"type":"Feature","properties":{"name":null,"kind":"footway"},"geometry":{"type":"LineString","coordinates":[[121.6164755,25.055035],[121.6163673,25.054591199999994]]}},{"type":"Feature","properties":{"name":"研究院路一段","kind":"primary"},"geometry":{"type":"LineString","coordinates":[[121.6165829,25.0551562],[121.6164714,25.054558300000004]]}},{"type":"Feature","properties":{"name":null,"kind":"footway"},"geometry":{"type":"LineString","coordinates":[[121.61670750000002,25.054876399999998],[121.6169309,25.0547863],[121.6171711,25.054833300000002],[121.6171971,25.054931899999996]]}},{"type":"Feature","properties":{"name":"防火巷","kind":"footway"},"geometry":{"type":"LineString","coordinates":[[121.6143895,25.055078200000004],[121.6144293,25.054743499999994]]}},{"type":"Feature","properties":{"name":"南港路一段","kind":"primary"},"geometry":{"type":"LineString","coordinates":[[121.6166831,25.0550919],[121.6186143,25.0548073]]}},{"type":"Feature","properties":{"name":"南港路一段","kind":"primary"},"geometry":{"type":"LineString","coordinates":[[121.6186702,25.0549079],[121.6166978,25.0551867]]}},{"type":"Feature","properties":{"name":"南港路一段","kind":"secondary"},"geometry":{"type":"LineString","coordinates":[[121.6165829,25.0551562],[121.6166831,25.0550919]]}},{"type":"Feature","properties":{"name":"研究院路一段","kind":"secondary"},"geometry":{"type":"LineString","coordinates":[[121.6166831,25.0550919],[121.6166978,25.0551867]]}},{"type":"Feature","properties":{"name":null,"kind":"footway"},"geometry":{"type":"LineString","coordinates":[[121.61678140000001,25.054995600000005],[121.616876,25.055298399999998]]}},{"type":"Feature","properties":{"name":"南港路一段","kind":"secondary_link"},"geometry":{"type":"LineString","coordinates":[[121.61396059999998,25.055130499999997],[121.61451820000002,25.055119],[121.6149637,25.055231]]}},{"type":"Feature","properties":{"name":null,"kind":"footway"},"geometry":{"type":"LineString","coordinates":[[121.6201561,25.054866199999996],[121.6202634,25.054896199999995]]}},{"type":"Feature","properties":{"name":"南港路一段","kind":"primary"},"geometry":{"type":"LineString","coordinates":[[121.61881410000001,25.0548761],[121.6186702,25.0549079]]}},{"type":"Feature","properties":{"name":"南港橋","kind":"primary"},"geometry":{"type":"LineString","coordinates":[[121.62094399999998,25.0549653],[121.62059409999999,25.0548954]]}},{"type":"Feature","properties":{"name":null,"kind":"footway"},"geometry":{"type":"LineString","coordinates":[[121.62039700000001,25.0549297],[121.6205811,25.054947100000003]]}},{"type":"Feature","properties":{"name":null,"kind":"footway"},"geometry":{"type":"LineString","coordinates":[[121.6205811,25.054947100000003],[121.62093130000001,25.055024999999997],[121.6209528,25.0549668]]}},{"type":"Feature","properties":{"name":"環東大道入口匝道","kind":"trunk_link"},"geometry":{"type":"LineString","coordinates":[[121.621245,25.053698899999997],[121.62144850000001,25.054381199999998],[121.62222590000002,25.055881799999998],[121.6223302,25.0562647]]}},{"type":"Feature","properties":{"name":"南港路一段10巷","kind":"service"},"geometry":{"type":"LineString","coordinates":[[121.61948270000002,25.0547978],[121.6198114,25.055287899999993],[121.61939990000002,25.055536700000005]]}},{"type":"Feature","properties":{"name":null,"kind":"service"},"geometry":{"type":"LineString","coordinates":[[121.6185991,25.0554526],[121.6187637,25.05550270000001],[121.6189882,25.055435399999997]]}},{"type":"Feature","properties":{"name":null,"kind":"footway"},"geometry":{"type":"LineString","coordinates":[[121.61813780000001,25.055204799999995],[121.61812189999999,25.055125099999998]]}},{"type":"Feature","properties":{"name":"南港路一段","kind":"primary"},"geometry":{"type":"LineString","coordinates":[[121.6166978,25.0551867],[121.6165829,25.0551562]]}},{"type":"Feature","properties":{"name":null,"kind":"footway"},"geometry":{"type":"LineString","coordinates":[[121.616876,25.055298399999998],[121.61645649999998,25.055355699999996],[121.6164755,25.055035],[121.61678140000001,25.054995600000005]]}},{"type":"Feature","properties":{"name":"南港路一段","kind":"secondary"},"geometry":{"type":"LineString","coordinates":[[121.6165829,25.0551562],[121.61526320000002,25.055265200000004]]}},{"type":"Feature","properties":{"name":"南港展覽館一館連通道","kind":"footway"},"geometry":{"type":"LineString","coordinates":[[121.6174457,25.055575499999996],[121.6172289,25.0555909],[121.6171353,25.0548392],[121.61676879999999,25.054865799999998]]}},{"type":"Feature","properties":{"name":"南港路一段","kind":"secondary"},"geometry":{"type":"LineString","coordinates":[[121.61394160000002,25.055258499999997],[121.6149637,25.055231]]}},{"type":"Feature","properties":{"name":"南港路一段","kind":"secondary"},"geometry":{"type":"LineString","coordinates":[[121.6149637,25.055231],[121.61526320000002,25.055265200000004]]}},{"type":"Feature","properties":{"name":null,"kind":"steps"},"geometry":{"type":"LineString","coordinates":[[121.61730160000002,25.055305100000005],[121.6175642,25.055258299999995],[121.6175548,25.055204]]}},{"type":"Feature","properties":{"name":null,"kind":"footway"},"geometry":{"type":"LineString","coordinates":[[121.6153608,25.0553467],[121.61534730000001,25.055191]]}},{"type":"Feature","properties":{"name":"南港路一段","kind":"secondary"},"geometry":{"type":"LineString","coordinates":[[121.61526320000002,25.055265200000004],[121.6139271,25.055365500000004]]}},{"type":"Feature","properties":{"name":null,"kind":"footway"},"geometry":{"type":"LineString","coordinates":[[121.6189105,25.054962],[121.6195726,25.0560625],[121.61972190000002,25.056096200000002],[121.6197736,25.0560259]]}},{"type":"Feature","properties":{"name":"南港路一段2巷","kind":"residential"},"geometry":{"type":"LineString","coordinates":[[121.6202328,25.054840599999995],[121.61983120000001,25.0560359],[121.6195589,25.056331899999996]]}},{"type":"Feature","properties":{"name":"港東街","kind":"residential"},"geometry":{"type":"LineString","coordinates":[[121.62076639999998,25.05635390000001],[121.6204415,25.0557458],[121.62042640000001,25.0548608]]}},{"type":"Feature","properties":{"name":null,"kind":"cycleway"},"geometry":{"type":"LineString","coordinates":[[121.6205222,25.0549501],[121.62049630000001,25.055594599999996],[121.62078030000002,25.056229],[121.6207113,25.0562751]]}},{"type":"Feature","properties":{"name":"環東大道入口匝道","kind":"trunk_link"},"geometry":{"type":"LineString","coordinates":[[121.6228903,25.0552902],[121.622662,25.055617099999996],[121.62252650000002,25.056100799999996]]}},{"type":"Feature","properties":{"name":null,"kind":"footway"},"geometry":{"type":"LineString","coordinates":[[121.6201109,25.056716199999993],[121.62070779999999,25.0563314],[121.6204233,25.0558079],[121.62039700000001,25.0549297]]}},{"type":"Feature","properties":{"name":null,"kind":"footway"},"geometry":{"type":"LineString","coordinates":[[121.60587,25.055389699999996],[121.6057395,25.055949799999993]]}},{"type":"Feature","properties":{"name":null,"kind":"footway"},"geometry":{"type":"LineString","coordinates":[[121.6062949,25.0554061],[121.606161,25.055938199999996]]}},{"type":"Feature","properties":{"name":null,"kind":"footway"},"geometry":{"type":"LineString","coordinates":[[121.6039125,25.055708499999998],[121.6038168,25.055633599999993],[121.60371800000001,25.055726000000003],[121.603816,25.0558155],[121.6039125,25.055708499999998]]}},{"type":"Feature","properties":{"name":null,"kind":"footway"},"geometry":{"type":"LineString","coordinates":[[121.60178940000002,25.0558711],[121.60185300000002,25.055784799999994]]}},{"type":"Feature","properties":{"name":null,"kind":"footway"},"geometry":{"type":"LineString","coordinates":[[121.60707350000001,25.056036399999993],[121.60717180000002,25.055619400000005]]}},{"type":"Feature","properties":{"name":null,"kind":"footway"},"geometry":{"type":"LineString","coordinates":[[121.60572250000001,25.056016599999996],[121.60543600000001,25.0559653],[121.6045363,25.0560006],[121.60415600000002,25.055889999999998],[121.6039125,25.055708499999998]]}},{"type":"Feature","properties":{"name":null,"kind":"footway"},"geometry":{"type":"LineString","coordinates":[[121.6059018,25.055932200000004],[121.60591780000001,25.055848999999995]]}},{"type":"Feature","properties":{"name":null,"kind":"service"},"geometry":{"type":"LineString","coordinates":[[121.6041152,25.0559016],[121.60426250000002,25.0558576],[121.6044589,25.055910499999992],[121.6045561,25.056030599999993]]}},{"type":"Feature","properties":{"name":null,"kind":"footway"},"geometry":{"type":"LineString","coordinates":[[121.60569750000002,25.0561035],[121.6054277,25.056042200000004],[121.6045441,25.056086499999992],[121.603816,25.0558155]]}},{"type":"Feature","properties":{"name":"興中路44巷","kind":"residential"},"geometry":{"type":"LineString","coordinates":[[121.60581789999999,25.0558748],[121.6071472,25.056124999999994]]}},{"type":"Feature","properties":{"name":null,"kind":"service"},"geometry":{"type":"LineString","coordinates":[[121.5995547,25.055796199999996],[121.59987650000001,25.055459500000005]]}},{"type":"Feature","properties":{"name":null,"kind":"service"},"geometry":{"type":"LineString","coordinates":[[121.60056839999999,25.0554255],[121.60187889999999,25.055851800000003]]}},{"type":"Feature","properties":{"name":null,"kind":"footway"},"geometry":{"type":"LineString","coordinates":[[121.59920560000002,25.055816500000002],[121.5987363,25.0556185]]}},{"type":"Feature","properties":{"name":null,"kind":"service"},"geometry":{"type":"LineString","coordinates":[[121.5982794,25.056230800000005],[121.5986616,25.0555168],[121.5993142,25.055808499999998]]}},{"type":"Feature","properties":{"name":null,"kind":"footway"},"geometry":{"type":"LineString","coordinates":[[121.59920560000002,25.055816500000002],[121.5994749,25.0559409]]}},{"type":"Feature","properties":{"name":"興南街","kind":"residential"},"geometry":{"type":"LineString","coordinates":[[121.59760500000002,25.054055600000005],[121.5977597,25.0547094],[121.59785229999999,25.054773800000003],[121.5992646,25.0552066],[121.6005114,25.055760899999996],[121.6030506,25.056621099999997],[121.604167,25.057483599999998],[121.60431360000001,25.0577135]]}},{"type":"Feature","properties":{"name":null,"kind":"footway"},"geometry":{"type":"LineString","coordinates":[[121.5991788,25.056498400000002],[121.5995547,25.055796199999996]]}},{"type":"Feature","properties":{"name":null,"kind":"footway"},"geometry":{"type":"LineString","coordinates":[[121.59886600000002,25.0564837],[121.59920560000002,25.055816500000002]]}},{"type":"Feature","properties":{"name":null,"kind":"footway"},"geometry":{"type":"LineString","coordinates":[[121.5982119,25.0560943],[121.5981409,25.0562399]]}},{"type":"Feature","properties":{"name":null,"kind":"footway"},"geometry":{"type":"LineString","coordinates":[[121.59835560000002,25.056363],[121.59845,25.056177299999995]]}},{"type":"Feature","properties":{"name":null,"kind":"footway"},"geometry":{"type":"LineString","coordinates":[[121.61200460000002,25.055935999999996],[121.61210460000001,25.0560017],[121.61199660000001,25.05606849999999],[121.6118552,25.0560099],[121.61200460000002,25.055935999999996]]}},{"type":"Feature","properties":{"name":null,"kind":"footway"},"geometry":{"type":"LineString","coordinates":[[121.6130192,25.056022999999996],[121.6132688,25.055994199999994]]}},{"type":"Feature","properties":{"name":"新民街25巷","kind":"service"},"geometry":{"type":"LineString","coordinates":[[121.6133004,25.056205799999997],[121.6132688,25.055994199999994]]}},{"type":"Feature","properties":{"name":"新民街","kind":"residential"},"geometry":{"type":"LineString","coordinates":[[121.6139872,25.056158600000003],[121.61244239999999,25.05621169999999],[121.61197530000001,25.055980499999997]]}},{"type":"Feature","properties":{"name":null,"kind":"corridor"},"geometry":{"type":"LineString","coordinates":[[121.6131665,25.056216499999998],[121.613135,25.0560083]]}},{"type":"Feature","properties":{"name":"三重路32巷","kind":"service"},"geometry":{"type":"LineString","coordinates":[[121.61444750000001,25.056088199999998],[121.6139872,25.056158600000003]]}},{"type":"Feature","properties":{"name":null,"kind":"footway"},"geometry":{"type":"LineString","coordinates":[[121.61385550000001,25.056267400000003],[121.6122715,25.056261699999997],[121.61199660000001,25.05606849999999]]}},{"type":"Feature","properties":{"name":null,"kind":"service"},"geometry":{"type":"LineString","coordinates":[[121.6129194,25.056231100000005],[121.6129178,25.0561565]]}},{"type":"Feature","properties":{"name":null,"kind":"service"},"geometry":{"type":"LineString","coordinates":[[121.6108257,25.0561193],[121.6113165,25.05613629999999],[121.6114041,25.056283499999996]]}},{"type":"Feature","properties":{"name":null,"kind":"footway"},"geometry":{"type":"LineString","coordinates":[[121.6139172,25.0561209],[121.6139161,25.05626369999999]]}},{"type":"Feature","properties":{"name":null,"kind":"footway"},"geometry":{"type":"LineString","coordinates":[[121.60569750000002,25.0561035],[121.6057395,25.055949799999993],[121.6058882,25.0559801]]}},{"type":"Feature","properties":{"name":null,"kind":"footway"},"geometry":{"type":"LineString","coordinates":[[121.6059018,25.055932200000004],[121.60584610000001,25.0561667]]}},{"type":"Feature","properties":{"name":"興華路","kind":"residential"},"geometry":{"type":"LineString","coordinates":[[121.6053395,25.0578776],[121.6062057,25.054269000000005]]}},{"type":"Feature","properties":{"name":null,"kind":"footway"},"geometry":{"type":"LineString","coordinates":[[121.60720360000002,25.056193999999998],[121.60704400000002,25.056160199999997],[121.60707350000001,25.056036399999993],[121.60723310000002,25.0560635]]}},{"type":"Feature","properties":{"name":"興南街60巷","kind":"residential"},"geometry":{"type":"LineString","coordinates":[[121.60380800000001,25.055704400000003],[121.6030506,25.056621099999997]]}},{"type":"Feature","properties":{"name":null,"kind":"footway"},"geometry":{"type":"LineString","coordinates":[[121.6056684,25.056273599999997],[121.6058106,25.056304],[121.60584610000001,25.0561667]]}},{"type":"Feature","properties":{"name":null,"kind":"footway"},"geometry":{"type":"LineString","coordinates":[[121.60700689999999,25.056381699999992],[121.60704400000002,25.056160199999997]]}},{"type":"Feature","properties":{"name":"興中路","kind":"residential"},"geometry":{"type":"LineString","coordinates":[[121.6067019,25.0581034],[121.60750079999998,25.054490100000002]]}},{"type":"Feature","properties":{"name":null,"kind":"service"},"geometry":{"type":"LineString","coordinates":[[121.60433750000001,25.0559947],[121.60415510000001,25.056655600000003]]}},{"type":"Feature","properties":{"name":null,"kind":"footway"},"geometry":{"type":"LineString","coordinates":[[121.60569750000002,25.0561035],[121.6055881,25.056633600000005]]}},{"type":"Feature","properties":{"name":"興東街","kind":"residential"},"geometry":{"type":"LineString","coordinates":[[121.61197530000001,25.055980499999997],[121.61101880000001,25.056482500000005],[121.61014490000001,25.056407]]}},{"type":"Feature","properties":{"name":null,"kind":"footway"},"geometry":{"type":"LineString","coordinates":[[121.6121174,25.056201400000003],[121.61208780000001,25.056274099999992]]}},{"type":"Feature","properties":{"name":null,"kind":"service"},"geometry":{"type":"LineString","coordinates":[[121.61223960000001,25.05612689999999],[121.6120763,25.056338199999995],[121.61166950000002,25.0563055]]}},{"type":"Feature","properties":{"name":null,"kind":"footway"},"geometry":{"type":"LineString","coordinates":[[121.61385550000001,25.056267400000003],[121.61411329999999,25.0562511]]}},{"type":"Feature","properties":{"name":null,"kind":"service"},"geometry":{"type":"LineString","coordinates":[[121.6116859,25.0563812],[121.61161650000001,25.0561694]]}},{"type":"Feature","properties":{"name":null,"kind":"service"},"geometry":{"type":"LineString","coordinates":[[121.6133004,25.056205799999997],[121.6133348,25.0563635],[121.61348839999998,25.056360099999992]]}},{"type":"Feature","properties":{"name":null,"kind":"footway"},"geometry":{"type":"LineString","coordinates":[[121.6119445,25.056066099999995],[121.6110763,25.056568900000002],[121.6102021,25.0565048]]}},{"type":"Feature","properties":{"name":null,"kind":"service"},"geometry":{"type":"LineString","coordinates":[[121.6128443,25.056396000000003],[121.61300440000001,25.056328699999995],[121.61300440000001,25.056232599999998]]}},{"type":"Feature","properties":{"name":null,"kind":"footway"},"geometry":{"type":"LineString","coordinates":[[121.61208780000001,25.056274099999992],[121.6120789,25.0564202]]}},{"type":"Feature","properties":{"name":null,"kind":"footway"},"geometry":{"type":"LineString","coordinates":[[121.6131785,25.056439699999995],[121.61316430000001,25.0562954]]}},{"type":"Feature","properties":{"name":null,"kind":"footway"},"geometry":{"type":"LineString","coordinates":[[121.5981409,25.0562399],[121.5981907,25.056322999999992]]}},{"type":"Feature","properties":{"name":null,"kind":"service"},"geometry":{"type":"LineString","coordinates":[[121.6003162,25.056086400000005],[121.6014855,25.056462300000003]]}},{"type":"Feature","properties":{"name":null,"kind":"service"},"geometry":{"type":"LineString","coordinates":[[121.60093449999998,25.0558925],[121.6005604,25.0567519]]}},{"type":"Feature","properties":{"name":null,"kind":"footway"},"geometry":{"type":"LineString","coordinates":[[121.5981907,25.056322999999992],[121.59830010000002,25.0563667]]}},{"type":"Feature","properties":{"name":"重陽路","kind":"tertiary"},"geometry":{"type":"LineString","coordinates":[[121.6053395,25.0578776],[121.60431360000001,25.0577135],[121.6027047,25.0576861],[121.60203100000001,25.0575896],[121.6008607,25.057275399999998],[121.5999811,25.057000499999997],[121.59660089999998,25.055530200000003],[121.59468420000002,25.054819699999996]]}},{"type":"Feature","properties":{"name":null,"kind":"footway"},"geometry":{"type":"LineString","coordinates":[[121.59830010000002,25.0563667],[121.59835560000002,25.056363]]}},{"type":"Feature","properties":{"name":"向陽路162巷","kind":"residential"},"geometry":{"type":"LineString","coordinates":[[121.59420930000002,25.055622699999997],[121.59874170000002,25.0571986]]}},{"type":"Feature","properties":{"name":null,"kind":"service"},"geometry":{"type":"LineString","coordinates":[[121.6002036,25.056324499999995],[121.60132440000001,25.0566996]]}},{"type":"Feature","properties":{"name":null,"kind":"footway"},"geometry":{"type":"LineString","coordinates":[[121.59906860000001,25.056432300000004],[121.59895849999998,25.0566307],[121.59907570000001,25.0566841],[121.5991788,25.056498400000002]]}},{"type":"Feature","properties":{"name":null,"kind":"footway"},"geometry":{"type":"LineString","coordinates":[[121.6013186,25.056676899999996],[121.6012689,25.0567681]]}},{"type":"Feature","properties":{"name":"興中路56巷","kind":"residential"},"geometry":{"type":"LineString","coordinates":[[121.60572939999999,25.0562454],[121.60706140000002,25.056504500000003]]}},{"type":"Feature","properties":{"name":null,"kind":"footway"},"geometry":{"type":"LineString","coordinates":[[121.6014487,25.056417],[121.6014071,25.056511699999994]]}},{"type":"Feature","properties":{"name":null,"kind":"footway"},"geometry":{"type":"LineString","coordinates":[[121.60715780000001,25.05640779999999],[121.60700689999999,25.056381699999992],[121.60697740000002,25.0565165]]}},{"type":"Feature","properties":{"name":"敬業路","kind":"service"},"geometry":{"type":"LineString","coordinates":[[121.6071069,25.056303],[121.6087281,25.056619799999993]]}},{"type":"Feature","properties":{"name":null,"kind":"service"},"geometry":{"type":"LineString","coordinates":[[121.6041948,25.056697599999996],[121.60454660000002,25.056369599999993],[121.6052654,25.056355]]}},{"type":"Feature","properties":{"name":null,"kind":"footway"},"geometry":{"type":"LineString","coordinates":[[121.6058106,25.056304],[121.6057299,25.056742199999995]]}},{"type":"Feature","properties":{"name":null,"kind":"footway"},"geometry":{"type":"LineString","coordinates":[[121.60294930000002,25.056621399999997],[121.60299220000002,25.056560699999995]]}},{"type":"Feature","properties":{"name":null,"kind":"service"},"geometry":{"type":"LineString","coordinates":[[121.60832970000001,25.058265999999996],[121.6069423,25.0579639],[121.60757639999999,25.05501979999999],[121.60767530000001,25.055037499999997]]}},{"type":"Feature","properties":{"name":null,"kind":"footway"},"geometry":{"type":"LineString","coordinates":[[121.605555,25.056736599999997],[121.6055881,25.056633600000005],[121.6056935,25.056721499999995]]}},{"type":"Feature","properties":{"name":"重陽路166巷","kind":"service"},"geometry":{"type":"LineString","coordinates":[[121.6009318,25.057295799999995],[121.60169319999999,25.0561563]]}},{"type":"Feature","properties":{"name":null,"kind":"service"},"geometry":{"type":"LineString","coordinates":[[121.61217030000002,25.056254499999998],[121.6121984,25.0565485]]}},{"type":"Feature","properties":{"name":null,"kind":"service"},"geometry":{"type":"LineString","coordinates":[[121.61118979999999,25.056396699999997],[121.6112458,25.0564801]]}},{"type":"Feature","properties":{"name":null,"kind":"service"},"geometry":{"type":"LineString","coordinates":[[121.61169560000002,25.0565977],[121.6116859,25.0563812]]}},{"type":"Feature","properties":{"name":null,"kind":"footway"},"geometry":{"type":"LineString","coordinates":[[121.6102021,25.0565048],[121.6100873,25.056496399999997]]}},{"type":"Feature","properties":{"name":null,"kind":"footway"},"geometry":{"type":"LineString","coordinates":[[121.61137,25.05668],[121.61141489999999,25.056379799999995]]}},{"type":"Feature","properties":{"name":null,"kind":"footway"},"geometry":{"type":"LineString","coordinates":[[121.6141069,25.056176699999995],[121.61436100000002,25.0561611],[121.6144155,25.056893299999995]]}},{"type":"Feature","properties":{"name":null,"kind":"footway"},"geometry":{"type":"LineString","coordinates":[[121.6075966,25.054606699999994],[121.61023339999998,25.055062499999995],[121.60976580000002,25.058959199999997],[121.6083064,25.058371899999997],[121.60680439999999,25.058024],[121.6075966,25.054606699999994]]}},{"type":"Feature","properties":{"name":null,"kind":"footway"},"geometry":{"type":"LineString","coordinates":[[121.6138866,25.056920299999998],[121.61416910000001,25.05690909999999]]}},{"type":"Feature","properties":{"name":null,"kind":"footway"},"geometry":{"type":"LineString","coordinates":[[121.61056990000002,25.0574183],[121.6106565,25.0564592]]}},{"type":"Feature","properties":{"name":null,"kind":"footway"},"geometry":{"type":"LineString","coordinates":[[121.610593,25.057187299999995],[121.61030590000001,25.0571595],[121.6102761,25.0570742],[121.61034820000002,25.0568098],[121.61062070000001,25.056834799999997]]}},{"type":"Feature","properties":{"name":null,"kind":"footway"},"geometry":{"type":"LineString","coordinates":[[121.60692200000001,25.0569307],[121.60697740000002,25.0565165]]}},{"type":"Feature","properties":{"name":null,"kind":"service"},"geometry":{"type":"LineString","coordinates":[[121.6030506,25.056621099999997],[121.60290319999999,25.056862099999993]]}},{"type":"Feature","properties":{"name":null,"kind":"service"},"geometry":{"type":"LineString","coordinates":[[121.6070049,25.056754399999996],[121.60669730000001,25.0566996]]}},{"type":"Feature","properties":{"name":"興華路114巷","kind":"residential"},"geometry":{"type":"LineString","coordinates":[[121.60438710000001,25.056901],[121.604815,25.056639499999996],[121.6056201,25.056703]]}},{"type":"Feature","properties":{"name":null,"kind":"footway"},"geometry":{"type":"LineString","coordinates":[[121.6057299,25.056742199999995],[121.6057052,25.056840899999997]]}},{"type":"Feature","properties":{"name":null,"kind":"service"},"geometry":{"type":"LineString","coordinates":[[121.6020065,25.0567219],[121.60273279999998,25.056987599999996]]}},{"type":"Feature","properties":{"name":null,"kind":"service"},"geometry":{"type":"LineString","coordinates":[[121.6052387,25.056645500000002],[121.60517160000002,25.0569965],[121.60553169999999,25.057072999999995]]}},{"type":"Feature","properties":{"name":"興中路68巷","kind":"residential"},"geometry":{"type":"LineString","coordinates":[[121.60560760000001,25.056755099999997],[121.60694770000002,25.057007399999996]]}},{"type":"Feature","properties":{"name":"興南街52巷","kind":"service"},"geometry":{"type":"LineString","coordinates":[[121.60344440000001,25.056930299999998],[121.6037434,25.0566325],[121.60415510000001,25.056655600000003],[121.60438710000001,25.056901],[121.6048069,25.0571464]]}},{"type":"Feature","properties":{"name":null,"kind":"footway"},"geometry":{"type":"LineString","coordinates":[[121.60689820000002,25.057061599999997],[121.60692200000001,25.0569307],[121.60703869999999,25.05695160000001]]}},{"type":"Feature","properties":{"name":null,"kind":"footway"},"geometry":{"type":"LineString","coordinates":[[121.6057052,25.056840899999997],[121.6055642,25.057215499999995],[121.60561590000002,25.057276299999995]]}},{"type":"Feature","properties":{"name":"重陽路190巷","kind":"residential"},"geometry":{"type":"LineString","coordinates":[[121.6023522,25.057627199999995],[121.60294009999998,25.056576399999997]]}},{"type":"Feature","properties":{"name":null,"kind":"footway"},"geometry":{"type":"LineString","coordinates":[[121.6068567,25.057228499999997],[121.60689820000002,25.057061599999997]]}},{"type":"Feature","properties":{"name":"興中路74巷","kind":"service"},"geometry":{"type":"LineString","coordinates":[[121.60554099999999,25.0570337],[121.60687850000001,25.05729399999999]]}},{"type":"Feature","properties":{"name":null,"kind":"footway"},"geometry":{"type":"LineString","coordinates":[[121.605555,25.056736599999997],[121.605323,25.057784299999998]]}},{"type":"Feature","properties":{"name":null,"kind":"footway"},"geometry":{"type":"LineString","coordinates":[[121.6068408,25.05730059999999],[121.6068567,25.057228499999997]]}},{"type":"Feature","properties":{"name":null,"kind":"footway"},"geometry":{"type":"LineString","coordinates":[[121.605596,25.0573555],[121.60561590000002,25.057276299999995]]}},{"type":"Feature","properties":{"name":null,"kind":"footway"},"geometry":{"type":"LineString","coordinates":[[121.60680250000001,25.05745149999999],[121.6068408,25.05730059999999]]}},{"type":"Feature","properties":{"name":"興南街","kind":"residential"},"geometry":{"type":"LineString","coordinates":[[121.6036914,25.0571197],[121.60340300000001,25.057685599999996]]}},{"type":"Feature","properties":{"name":"興中路80巷","kind":"residential"},"geometry":{"type":"LineString","coordinates":[[121.6054838,25.0572737],[121.6068313,25.057521999999995]]}},{"type":"Feature","properties":{"name":"經貿一路","kind":"tertiary"},"geometry":{"type":"LineString","coordinates":[[121.61881410000001,25.0548761],[121.6195865,25.056164499999998],[121.6200902,25.0568099]]}},{"type":"Feature","properties":{"name":null,"kind":"footway"},"geometry":{"type":"LineString","coordinates":[[121.6203176,25.056906299999998],[121.6199336,25.056453],[121.61985810000002,25.056164700000004],[121.62022540000001,25.0549598],[121.6202634,25.054896199999995],[121.62039700000001,25.0549297]]}},{"type":"Feature","properties":{"name":"汐止基隆河左岸自行車道","kind":"cycleway"},"geometry":{"type":"LineString","coordinates":[[121.6228723,25.056953999999994],[121.6237844,25.055320299999998],[121.62421870000001,25.054978999999996]]}},{"type":"Feature","properties":{"name":"北山大橋舊道","kind":"track"},"geometry":{"type":"LineString","coordinates":[[121.622621,25.0556623],[121.6224397,25.056323100000004],[121.6221238,25.055808200000005]]}},{"type":"Feature","properties":{"name":null,"kind":"service"},"geometry":{"type":"LineString","coordinates":[[121.6209528,25.0549668],[121.62093319999998,25.0556176],[121.62124480000001,25.056124699999994],[121.62241580000001,25.057058399999995],[121.6226419,25.057096],[121.6228723,25.056953999999994]]}},{"type":"Feature","properties":{"name":null,"kind":"footway"},"geometry":{"type":"LineString","coordinates":[[121.61965209999998,25.056090199999996],[121.6198733,25.056275699999993]]}},{"type":"Feature","properties":{"name":null,"kind":"footway"},"geometry":{"type":"LineString","coordinates":[[121.6193934,25.056282699999997],[121.61965209999998,25.056090199999996]]}},{"type":"Feature","properties":{"name":null,"kind":"footway"},"geometry":{"type":"LineString","coordinates":[[121.6195237,25.056460300000005],[121.6198733,25.056275699999993]]}},{"type":"Feature","properties":{"name":null,"kind":"service"},"geometry":{"type":"LineString","coordinates":[[121.61934789999998,25.056467600000005],[121.6195589,25.056331899999996]]}},{"type":"Feature","properties":{"name":null,"kind":"path"},"geometry":{"type":"LineString","coordinates":[[121.61817449999998,25.055434599999998],[121.61813780000001,25.055204799999995]]}},{"type":"Feature","properties":{"name":null,"kind":"service"},"geometry":{"type":"LineString","coordinates":[[121.61526320000002,25.055265200000004],[121.61530700000002,25.055512599999997],[121.61561400000001,25.055494599999996]]}},{"type":"Feature","properties":{"name":"經貿二路","kind":"secondary"},"geometry":{"type":"LineString","coordinates":[[121.6166978,25.0551867],[121.6167783,25.0557369]]}},{"type":"Feature","properties":{"name":null,"kind":"footway"},"geometry":{"type":"LineString","coordinates":[[121.61702860000001,25.055644299999997],[121.61817340000002,25.055542399999997],[121.61817449999998,25.055434599999998]]}},{"type":"Feature","properties":{"name":null,"kind":"footway"},"geometry":{"type":"LineString","coordinates":[[121.61817340000002,25.055542399999997],[121.61830429999999,25.055602499999996],[121.61895470000002,25.0555935]]}},{"type":"Feature","properties":{"name":"南港展覽館１管連通道","kind":"footway"},"geometry":{"type":"LineString","coordinates":[[121.6175098,25.055469199999997],[121.6174457,25.055575499999996],[121.61747719999998,25.055729399999997],[121.6172301,25.055748400000002],[121.6172423,25.0558346]]}},{"type":"Feature","properties":{"name":"一樓四樓間電扶梯","kind":"steps"},"geometry":{"type":"LineString","coordinates":[[121.61848469999998,25.0556418],[121.6178035,25.055682]]}},{"type":"Feature","properties":{"name":"南港展覽館２館連通道","kind":"footway"},"geometry":{"type":"LineString","coordinates":[[121.61626200000002,25.055917299999994],[121.61749510000001,25.0558439],[121.61747719999998,25.055729399999997]]}},{"type":"Feature","properties":{"name":null,"kind":"service"},"geometry":{"type":"LineString","coordinates":[[121.6167783,25.0557369],[121.61698930000001,25.0559191],[121.61700810000002,25.056231099999994]]}},{"type":"Feature","properties":{"name":null,"kind":"footway"},"geometry":{"type":"LineString","coordinates":[[121.61416910000001,25.05690909999999],[121.6165374,25.056757199999996],[121.61645649999998,25.055355699999996]]}},{"type":"Feature","properties":{"name":"南港展覽館２館連通道","kind":"footway"},"geometry":{"type":"LineString","coordinates":[[121.6164109,25.055904299999998],[121.6164312,25.056382099999993]]}},{"type":"Feature","properties":{"name":null,"kind":"footway"},"geometry":{"type":"LineString","coordinates":[[121.61700810000002,25.056231099999994],[121.6170803,25.0562321]]}},{"type":"Feature","properties":{"name":null,"kind":"footway"},"geometry":{"type":"LineString","coordinates":[[121.61717280000002,25.057548999999998],[121.6170389,25.055697599999995],[121.616876,25.055298399999998],[121.6185934,25.0550685]]}},{"type":"Feature","properties":{"name":null,"kind":"footway"},"geometry":{"type":"LineString","coordinates":[[121.61701069999998,25.0575197],[121.619745,25.057462899999997],[121.62013509999998,25.057216199999996],[121.6193934,25.056282699999997],[121.6185934,25.0550685]]}},{"type":"Feature","properties":{"name":"南港展覽館２館連通道","kind":"steps"},"geometry":{"type":"LineString","coordinates":[[121.6164312,25.056382099999993],[121.616436,25.0564944]]}},{"type":"Feature","properties":{"name":null,"kind":"footway"},"geometry":{"type":"LineString","coordinates":[[121.61644590000002,25.0552735],[121.6140643,25.0554245],[121.6140026,25.0554942],[121.6142113,25.0576731]]}},{"type":"Feature","properties":{"name":null,"kind":"footway"},"geometry":{"type":"LineString","coordinates":[[121.61742400000001,25.0571156],[121.6176006,25.057127800000004],[121.61749510000001,25.0558439]]}},{"type":"Feature","properties":{"name":"南港展覽館２館連通道","kind":"footway"},"geometry":{"type":"LineString","coordinates":[[121.616436,25.0564944],[121.616437,25.056518]]}},{"type":"Feature","properties":{"name":null,"kind":"living_street"},"geometry":{"type":"LineString","coordinates":[[121.6168655,25.055812199999995],[121.61701240000001,25.057225699999996]]}},{"type":"Feature","properties":{"name":"經貿二路","kind":"secondary"},"geometry":{"type":"LineString","coordinates":[[121.6167783,25.0557369],[121.6168802,25.0573049]]}},{"type":"Feature","properties":{"name":"南港展覽館２館連通道","kind":"steps"},"geometry":{"type":"LineString","coordinates":[[121.616437,25.056518],[121.61644449999999,25.0566145]]}},{"type":"Feature","properties":{"name":"南港展覽館２館連通道","kind":"footway"},"geometry":{"type":"LineString","coordinates":[[121.61644449999999,25.0566145],[121.61644569999999,25.056631299999996]]}},{"type":"Feature","properties":{"name":"經貿二路","kind":"secondary"},"geometry":{"type":"LineString","coordinates":[[121.61674629999999,25.05809929999999],[121.6165829,25.0551562]]}},{"type":"Feature","properties":{"name":"南港展覽館２館連通道","kind":"steps"},"geometry":{"type":"LineString","coordinates":[[121.61644569999999,25.056631299999996],[121.6164475,25.056651200000005]]}},{"type":"Feature","properties":{"name":"南港展覽館２館連通道","kind":"footway"},"geometry":{"type":"LineString","coordinates":[[121.6164475,25.056651200000005],[121.6165374,25.056757199999996]]}},{"type":"Feature","properties":{"name":null,"kind":"footway"},"geometry":{"type":"LineString","coordinates":[[121.6165374,25.056757199999996],[121.61711079999999,25.056710199999998]]}},{"type":"Feature","properties":{"name":null,"kind":"service"},"geometry":{"type":"LineString","coordinates":[[121.61700810000002,25.056231099999994],[121.61707099999998,25.057190499999997],[121.6168802,25.0573049]]}},{"type":"Feature","properties":{"name":null,"kind":"service"},"geometry":{"type":"LineString","coordinates":[[121.6146649,25.056975099999995],[121.61463190000002,25.0566438]]}},{"type":"Feature","properties":{"name":null,"kind":"footway"},"geometry":{"type":"LineString","coordinates":[[121.6165374,25.056757199999996],[121.61652550000001,25.056968799999996]]}},{"type":"Feature","properties":{"name":"經貿二路62巷","kind":"unclassified"},"geometry":{"type":"LineString","coordinates":[[121.6168487,25.056836999999998],[121.61405200000002,25.05701459999999]]}},{"type":"Feature","properties":{"name":"1F展場","kind":"service"},"geometry":{"type":"LineString","coordinates":[[121.6193186,25.056469299999996],[121.61934789999998,25.056467600000005]]}},{"type":"Feature","properties":{"name":"經貿一路75巷","kind":"service"},"geometry":{"type":"LineString","coordinates":[[121.6200902,25.0568099],[121.62076639999998,25.05635390000001]]}},{"type":"Feature","properties":{"name":null,"kind":"footway"},"geometry":{"type":"LineString","coordinates":[[121.6201904,25.056796000000006],[121.62075999999999,25.056390499999996]]}},{"type":"Feature","properties":{"name":"1F展場","kind":"service"},"geometry":{"type":"LineString","coordinates":[[121.6191305,25.0567386],[121.61911199999999,25.0564815],[121.6193186,25.056469299999996]]}},{"type":"Feature","properties":{"name":"環東大道","kind":"trunk"},"geometry":{"type":"LineString","coordinates":[[121.6223302,25.0562647],[121.622454,25.0569497]]}},{"type":"Feature","properties":{"name":"B1停車","kind":"service"},"geometry":{"type":"LineString","coordinates":[[121.6193767,25.056837799999993],[121.61934789999998,25.056467600000005]]}},{"type":"Feature","properties":{"name":"4F展場","kind":"service"},"geometry":{"type":"LineString","coordinates":[[121.6196425,25.0569403],[121.61935410000001,25.056553099999995]]}},{"type":"Feature","properties":{"name":"4F展場","kind":"service"},"geometry":{"type":"LineString","coordinates":[[121.6192795,25.057055299999995],[121.6192409,25.056519300000005],[121.6190551,25.056520299999995]]}},{"type":"Feature","properties":{"name":"環東大道","kind":"trunk"},"geometry":{"type":"LineString","coordinates":[[121.62228899999998,25.057567799999998],[121.6223692,25.056917400000003],[121.62224030000002,25.056266399999995]]}},{"type":"Feature","properties":{"name":"經貿一路","kind":"tertiary"},"geometry":{"type":"LineString","coordinates":[[121.6194491,25.0590328],[121.62026320000001,25.058096100000004],[121.620365,25.0576518],[121.6203275,25.057423399999994],[121.62019080000002,25.0571182],[121.6194844,25.056234999999997],[121.6186702,25.0549079]]}},{"type":"Feature","properties":{"name":null,"kind":"service"},"geometry":{"type":"LineString","coordinates":[[121.61024389999999,25.0570925],[121.6102019,25.056972999999996],[121.61007709999998,25.0569558]]}},{"type":"Feature","properties":{"name":null,"kind":"unclassified"},"geometry":{"type":"LineString","coordinates":[[121.61024389999999,25.0570925],[121.6102873,25.0569744]]}},{"type":"Feature","properties":{"name":"惠民街","kind":"residential"},"geometry":{"type":"LineString","coordinates":[[121.6098111,25.0591042],[121.6103215,25.0549797]]}},{"type":"Feature","properties":{"name":null,"kind":"footway"},"geometry":{"type":"LineString","coordinates":[[121.6138975,25.0571493],[121.6141753,25.057122399999994]]}},{"type":"Feature","properties":{"name":null,"kind":"unclassified"},"geometry":{"type":"LineString","coordinates":[[121.6103725,25.0571924],[121.6100531,25.057161700000005]]}},{"type":"Feature","properties":{"name":null,"kind":"service"},"geometry":{"type":"LineString","coordinates":[[121.61040850000002,25.057764799999998],[121.6102158,25.0576759],[121.6102638,25.0567671],[121.61050090000002,25.056629900000004],[121.61063489999998,25.056679]]}},{"type":"Feature","properties":{"name":"三重路","kind":"tertiary"},"geometry":{"type":"LineString","coordinates":[[121.6139271,25.055365500000004],[121.61421,25.059051399999998]]}},{"type":"Feature","properties":{"name":null,"kind":"footway"},"geometry":{"type":"LineString","coordinates":[[121.61039539999999,25.0550851],[121.61003560000002,25.057857699999996],[121.6100919,25.057931899999993],[121.6100422,25.0583856],[121.6099735,25.058456500000002],[121.60990120000001,25.0590413],[121.6105966,25.059374999999996]]}},{"type":"Feature","properties":{"name":null,"kind":"footway"},"geometry":{"type":"LineString","coordinates":[[121.61059909999999,25.057792],[121.61071,25.0568969],[121.61063489999998,25.056679]]}},{"type":"Feature","properties":{"name":null,"kind":"residential"},"geometry":{"type":"LineString","coordinates":[[121.6100448,25.057233299999996],[121.6102374,25.057255500000004]]}},{"type":"Feature","properties":{"name":null,"kind":"service"},"geometry":{"type":"LineString","coordinates":[[121.6002358,25.056620900000002],[121.60114949999999,25.0569598]]}},{"type":"Feature","properties":{"name":null,"kind":"footway"},"geometry":{"type":"LineString","coordinates":[[121.5978853,25.05693689999999],[121.59793090000001,25.05681789999999],[121.5981509,25.0568786],[121.5980771,25.057009800000003],[121.5978853,25.05693689999999]]}},{"type":"Feature","properties":{"name":null,"kind":"footway"},"geometry":{"type":"LineString","coordinates":[[121.60117239999998,25.0568762],[121.6010785,25.057003700000003]]}},{"type":"Feature","properties":{"name":"向陽路196巷","kind":"residential"},"geometry":{"type":"LineString","coordinates":[[121.59374129999999,25.0564481],[121.59603749999998,25.057307700000003],[121.59760709999999,25.0577579]]}},{"type":"Feature","properties":{"name":null,"kind":"footway"},"geometry":{"type":"LineString","coordinates":[[121.5987732,25.057247899999993],[121.59862560000002,25.057195699999998],[121.59869800000001,25.0570511],[121.5988469,25.057103399999995]]}},{"type":"Feature","properties":{"name":null,"kind":"service"},"geometry":{"type":"LineString","coordinates":[[121.59988430000001,25.056956000000003],[121.59965899999999,25.057391699999997]]}},{"type":"Feature","properties":{"name":null,"kind":"footway"},"geometry":{"type":"LineString","coordinates":[[121.6009612,25.0571944],[121.6009022,25.057208999999997]]}},{"type":"Feature","properties":{"name":null,"kind":"service"},"geometry":{"type":"LineString","coordinates":[[121.599745,25.057430500000002],[121.5999811,25.057000499999997]]}},{"type":"Feature","properties":{"name":"重陽路57巷","kind":"residential"},"geometry":{"type":"LineString","coordinates":[[121.5965262,25.0555052],[121.5956116,25.058998100000004]]}},{"type":"Feature","properties":{"name":null,"kind":"footway"},"geometry":{"type":"LineString","coordinates":[[121.60099470000002,25.057312899999996],[121.60106040000001,25.0572279],[121.6009612,25.0571944]]}},{"type":"Feature","properties":{"name":null,"kind":"footway"},"geometry":{"type":"LineString","coordinates":[[121.6009022,25.057208999999997],[121.6008109,25.057350000000003]]}},{"type":"Feature","properties":{"name":"重陽路125巷","kind":"residential"},"geometry":{"type":"LineString","coordinates":[[121.5973144,25.058480099999997],[121.5982794,25.056230800000005]]}},{"type":"Feature","properties":{"name":null,"kind":"footway"},"geometry":{"type":"LineString","coordinates":[[121.6008109,25.057350000000003],[121.6009378,25.0573876],[121.60099470000002,25.057312899999996]]}},{"type":"Feature","properties":{"name":null,"kind":"service"},"geometry":{"type":"LineString","coordinates":[[121.59965899999999,25.057391699999997],[121.599745,25.057430500000002]]}},{"type":"Feature","properties":{"name":"重陽路187巷","kind":"residential"},"geometry":{"type":"LineString","coordinates":[[121.59821850000002,25.058310699999996],[121.59906139999998,25.056576100000004]]}},{"type":"Feature","properties":{"name":null,"kind":"footway"},"geometry":{"type":"LineString","coordinates":[[121.59837480000002,25.057062099999996],[121.59801610000001,25.0578709]]}},{"type":"Feature","properties":{"name":null,"kind":"residential"},"geometry":{"type":"LineString","coordinates":[[121.59965899999999,25.057391699999997],[121.59929000000001,25.0572722],[121.59904489999998,25.0577638],[121.5994041,25.057871800000004],[121.59947110000002,25.0577647],[121.59968900000001,25.057853499999997],[121.5997341,25.057790099999995],[121.5998649,25.057826700000003],[121.59999169999999,25.057524799999992],[121.599745,25.057430500000002]]}},{"type":"Feature","properties":{"name":null,"kind":"footway"},"geometry":{"type":"LineString","coordinates":[[121.597648,25.0578056],[121.5975085,25.057764300000002],[121.59755880000002,25.057663999999992],[121.59770830000001,25.057708999999996]]}},{"type":"Feature","properties":{"name":"重陽路203巷","kind":"service"},"geometry":{"type":"LineString","coordinates":[[121.60026650000002,25.0583206],[121.6009318,25.057295799999995]]}},{"type":"Feature","properties":{"name":null,"kind":"footway"},"geometry":{"type":"LineString","coordinates":[[121.5975581,25.057884399999992],[121.5984389,25.0578548]]}},{"type":"Feature","properties":{"name":null,"kind":"service"},"geometry":{"type":"LineString","coordinates":[[121.60517160000002,25.0569965],[121.6049704,25.056996500000004],[121.60482540000001,25.057680699999995],[121.60511250000002,25.057733399999996],[121.60517700000001,25.0578516]]}},{"type":"Feature","properties":{"name":null,"kind":"service"},"geometry":{"type":"LineString","coordinates":[[121.60150780000001,25.0574448],[121.6014533,25.057570900000005]]}},{"type":"Feature","properties":{"name":null,"kind":"footway"},"geometry":{"type":"LineString","coordinates":[[121.6069224,25.057473699999996],[121.60680250000001,25.05745149999999],[121.60677410000001,25.057563899999995]]}},{"type":"Feature","properties":{"name":null,"kind":"footway"},"geometry":{"type":"LineString","coordinates":[[121.605596,25.0573555],[121.60547469999999,25.0577995]]}},{"type":"Feature","properties":{"name":null,"kind":"footway"},"geometry":{"type":"LineString","coordinates":[[121.60398419999999,25.057582999999994],[121.60440209999999,25.0576216]]}},{"type":"Feature","properties":{"name":null,"kind":"service"},"geometry":{"type":"LineString","coordinates":[[121.6045343,25.0577488],[121.6046029,25.057462999999995]]}},{"type":"Feature","properties":{"name":null,"kind":"footway"},"geometry":{"type":"LineString","coordinates":[[121.60231929999999,25.0575181],[121.6022907,25.057707699999998],[121.6023708,25.057717700000005],[121.6024409,25.057555199999996]]}},{"type":"Feature","properties":{"name":null,"kind":"steps"},"geometry":{"type":"LineString","coordinates":[[121.60462229999999,25.057645700000005],[121.6045621,25.057633199999998]]}},{"type":"Feature","properties":{"name":null,"kind":"footway"},"geometry":{"type":"LineString","coordinates":[[121.6033114,25.057735099999995],[121.6033222,25.057572299999997]]}},{"type":"Feature","properties":{"name":null,"kind":"service"},"geometry":{"type":"LineString","coordinates":[[121.60482540000001,25.057680699999995],[121.60462229999999,25.057645700000005]]}},{"type":"Feature","properties":{"name":null,"kind":"pedestrian"},"geometry":{"type":"LineString","coordinates":[[121.6102374,25.057255500000004],[121.61058080000001,25.057295199999995]]}},{"type":"Feature","properties":{"name":null,"kind":"unclassified"},"geometry":{"type":"LineString","coordinates":[[121.610364,25.0573655],[121.6103725,25.0571924]]}},{"type":"Feature","properties":{"name":null,"kind":"unclassified"},"geometry":{"type":"LineString","coordinates":[[121.6100317,25.057335],[121.610364,25.0573655]]}},{"type":"Feature","properties":{"name":"樂群路","kind":"service"},"geometry":{"type":"LineString","coordinates":[[121.6087281,25.056619799999993],[121.60832970000001,25.058265999999996]]}},{"type":"Feature","properties":{"name":null,"kind":"service"},"geometry":{"type":"LineString","coordinates":[[121.61001130000001,25.057493100000002],[121.6102242,25.0574669]]}},{"type":"Feature","properties":{"name":null,"kind":"corridor"},"geometry":{"type":"LineString","coordinates":[[121.6132794,25.058726999999998],[121.61336400000002,25.058724999999992],[121.6131785,25.056439699999995]]}},{"type":"Feature","properties":{"name":null,"kind":"service"},"geometry":{"type":"LineString","coordinates":[[121.6116859,25.0563812],[121.611495,25.0567702],[121.6114717,25.0580052],[121.61137019999998,25.058298],[121.61139630000001,25.058624699999992],[121.61173100000002,25.058843599999996]]}},{"type":"Feature","properties":{"name":null,"kind":"service"},"geometry":{"type":"LineString","coordinates":[[121.6101126,25.0577763],[121.6102242,25.0574669]]}},{"type":"Feature","properties":{"name":null,"kind":"footway"},"geometry":{"type":"LineString","coordinates":[[121.6139853,25.0589453],[121.61385550000001,25.056267400000003]]}},{"type":"Feature","properties":{"name":null,"kind":"footway"},"geometry":{"type":"LineString","coordinates":[[121.61107249999999,25.057975700000004],[121.6109922,25.057822799999993],[121.61040850000002,25.057764799999998],[121.6104094,25.0572754]]}},{"type":"Feature","properties":{"name":null,"kind":"steps"},"geometry":{"type":"LineString","coordinates":[[121.6142067,25.057624499999996],[121.61435479999999,25.057615199999997]]}},{"type":"Feature","properties":{"name":null,"kind":"footway"},"geometry":{"type":"LineString","coordinates":[[121.61053090000001,25.0578619],[121.61056990000002,25.0574183]]}},{"type":"Feature","properties":{"name":null,"kind":"pedestrian"},"geometry":{"type":"LineString","coordinates":[[121.61259690000001,25.059075699999994],[121.61244239999999,25.05621169999999]]}},{"type":"Feature","properties":{"name":null,"kind":"pedestrian"},"geometry":{"type":"LineString","coordinates":[[121.61135000000002,25.0563164],[121.61118379999999,25.059050299999996]]}},{"type":"Feature","properties":{"name":null,"kind":"footway"},"geometry":{"type":"LineString","coordinates":[[121.6139233,25.0576924],[121.6142113,25.0576731]]}},{"type":"Feature","properties":{"name":null,"kind":"footway"},"geometry":{"type":"LineString","coordinates":[[121.6102021,25.05799259999999],[121.6102242,25.0574669]]}},{"type":"Feature","properties":{"name":null,"kind":"footway"},"geometry":{"type":"LineString","coordinates":[[121.6142113,25.0576731],[121.6142295,25.0577932]]}},{"type":"Feature","properties":{"name":null,"kind":"footway"},"geometry":{"type":"LineString","coordinates":[[121.610305,25.0578622],[121.6104552,25.057849700000002]]}},{"type":"Feature","properties":{"name":null,"kind":"footway"},"geometry":{"type":"LineString","coordinates":[[121.6102079,25.057881699999996],[121.6103934,25.0578998]]}},{"type":"Feature","properties":{"name":null,"kind":"footway"},"geometry":{"type":"LineString","coordinates":[[121.6102629,25.057920099999997],[121.610305,25.0578622]]}},{"type":"Feature","properties":{"name":null,"kind":"footway"},"geometry":{"type":"LineString","coordinates":[[121.603984,25.057756899999998],[121.60398419999999,25.057582999999994]]}},{"type":"Feature","properties":{"name":null,"kind":"footway"},"geometry":{"type":"LineString","coordinates":[[121.60289029999998,25.057740000000003],[121.60311160000002,25.057741199999995]]}},{"type":"Feature","properties":{"name":null,"kind":"footway"},"geometry":{"type":"LineString","coordinates":[[121.605323,25.057784299999998],[121.60487940000002,25.057722699999996]]}},{"type":"Feature","properties":{"name":null,"kind":"footway"},"geometry":{"type":"LineString","coordinates":[[121.60665800000001,25.057985699999993],[121.60677410000001,25.057563899999995]]}},{"type":"Feature","properties":{"name":null,"kind":"footway"},"geometry":{"type":"LineString","coordinates":[[121.6054481,25.0577948],[121.605323,25.057784299999998]]}},{"type":"Feature","properties":{"name":null,"kind":"footway"},"geometry":{"type":"LineString","coordinates":[[121.60547469999999,25.0577995],[121.60572819999999,25.0578455]]}},{"type":"Feature","properties":{"name":"興中路86巷","kind":"service"},"geometry":{"type":"LineString","coordinates":[[121.6057917,25.05795],[121.60581970000001,25.057860400000003],[121.6061547,25.0577693],[121.6067847,25.0577284]]}},{"type":"Feature","properties":{"name":null,"kind":"footway"},"geometry":{"type":"LineString","coordinates":[[121.6051299,25.057760799999997],[121.60509520000001,25.057940100000003]]}},{"type":"Feature","properties":{"name":null,"kind":"footway"},"geometry":{"type":"LineString","coordinates":[[121.60572819999999,25.0578455],[121.60591549999998,25.057875999999997]]}},{"type":"Feature","properties":{"name":null,"kind":"footway"},"geometry":{"type":"LineString","coordinates":[[121.60543480000001,25.0579645],[121.60547469999999,25.0577995]]}},{"type":"Feature","properties":{"name":null,"kind":"footway"},"geometry":{"type":"LineString","coordinates":[[121.605257,25.057969599999996],[121.60470389999999,25.0578688]]}},{"type":"Feature","properties":{"name":null,"kind":"footway"},"geometry":{"type":"LineString","coordinates":[[121.60591549999998,25.057875999999997],[121.60665800000001,25.057985699999993]]}},{"type":"Feature","properties":{"name":null,"kind":"footway"},"geometry":{"type":"LineString","coordinates":[[121.605257,25.057969599999996],[121.60538760000001,25.057989]]}},{"type":"Feature","properties":{"name":"重陽路","kind":"tertiary"},"geometry":{"type":"LineString","coordinates":[[121.6067019,25.0581034],[121.6053395,25.0578776]]}},{"type":"Feature","properties":{"name":null,"kind":"footway"},"geometry":{"type":"LineString","coordinates":[[121.60665800000001,25.057985699999993],[121.6068029,25.0580101]]}},{"type":"Feature","properties":{"name":null,"kind":"service"},"geometry":{"type":"LineString","coordinates":[[121.60201800000002,25.0584128],[121.6023522,25.057627199999995]]}},{"type":"Feature","properties":{"name":null,"kind":"service"},"geometry":{"type":"LineString","coordinates":[[121.6029443,25.0576892],[121.6026408,25.0584779]]}},{"type":"Feature","properties":{"name":null,"kind":"footway"},"geometry":{"type":"LineString","coordinates":[[121.6066547,25.058179399999997],[121.60538760000001,25.057989]]}},{"type":"Feature","properties":{"name":null,"kind":"footway"},"geometry":{"type":"LineString","coordinates":[[121.60660459999998,25.058162899999996],[121.6066329,25.057993099999997]]}},{"type":"Feature","properties":{"name":"重陽路263巷","kind":"residential"},"geometry":{"type":"LineString","coordinates":[[121.6030153,25.058518],[121.60340300000001,25.057685599999996]]}},{"type":"Feature","properties":{"name":null,"kind":"footway"},"geometry":{"type":"LineString","coordinates":[[121.61026159999999,25.057955799999995],[121.6102629,25.057920099999997]]}},{"type":"Feature","properties":{"name":null,"kind":"footway"},"geometry":{"type":"LineString","coordinates":[[121.6142396,25.057923899999995],[121.6139305,25.057943699999996]]}},{"type":"Feature","properties":{"name":null,"kind":"footway"},"geometry":{"type":"LineString","coordinates":[[121.6102578,25.058015],[121.61026159999999,25.057955799999995]]}},{"type":"Feature","properties":{"name":null,"kind":"footway"},"geometry":{"type":"LineString","coordinates":[[121.61002279999998,25.057980899999997],[121.61038160000001,25.058003799999998]]}},{"type":"Feature","properties":{"name":null,"kind":"footway"},"geometry":{"type":"LineString","coordinates":[[121.61433460000002,25.057787800000003],[121.6143024,25.05809],[121.614405,25.0582151]]}},{"type":"Feature","properties":{"name":null,"kind":"footway"},"geometry":{"type":"LineString","coordinates":[[121.6142295,25.0577932],[121.61426300000001,25.058224899999992]]}},{"type":"Feature","properties":{"name":null,"kind":"service"},"geometry":{"type":"LineString","coordinates":[[121.6141476,25.058277199999996],[121.61353090000001,25.058220799999997],[121.6135295,25.057996599999996],[121.6141081,25.0577547]]}},{"type":"Feature","properties":{"name":"停車場通道","kind":"service"},"geometry":{"type":"LineString","coordinates":[[121.61387989999999,25.058292],[121.6138027,25.057840299999995],[121.61336869999998,25.057804799999996]]}},{"type":"Feature","properties":{"name":null,"kind":"corridor"},"geometry":{"type":"LineString","coordinates":[[121.6135233,25.058073299999993],[121.6132994,25.0580804],[121.61330599999998,25.058177599999997],[121.61307,25.0581887]]}},{"type":"Feature","properties":{"name":"接送區","kind":"service"},"geometry":{"type":"LineString","coordinates":[[121.60989589999998,25.058414],[121.60998589999998,25.058336799999996],[121.61002279999998,25.057980899999997],[121.60995979999998,25.057898999999995]]}},{"type":"Feature","properties":{"name":null,"kind":"service"},"geometry":{"type":"LineString","coordinates":[[121.5994041,25.057871800000004],[121.59921310000001,25.058285199999997]]}},{"type":"Feature","properties":{"name":null,"kind":"footway"},"geometry":{"type":"LineString","coordinates":[[121.59567650000001,25.058362599999995],[121.59571279999999,25.058224699999997],[121.59586229999998,25.0582393],[121.5958274,25.058395399999995],[121.59567650000001,25.058362599999995]]}},{"type":"Feature","properties":{"name":null,"kind":"footway"},"geometry":{"type":"LineString","coordinates":[[121.5981289,25.058381999999998],[121.5981071,25.058264899999998],[121.5982839,25.0582379],[121.5983019,25.0583801]]}},{"type":"Feature","properties":{"name":null,"kind":"steps"},"geometry":{"type":"LineString","coordinates":[[121.5983019,25.0583801],[121.5982179,25.058392400000002]]}},{"type":"Feature","properties":{"name":null,"kind":"footway"},"geometry":{"type":"LineString","coordinates":[[121.59822190000001,25.058414199999998],[121.5982179,25.058392400000002]]}},{"type":"Feature","properties":{"name":null,"kind":"steps"},"geometry":{"type":"LineString","coordinates":[[121.5983033,25.058402199999996],[121.59822190000001,25.058414199999998]]}},{"type":"Feature","properties":{"name":null,"kind":"footway"},"geometry":{"type":"LineString","coordinates":[[121.5983033,25.058402199999996],[121.59830980000001,25.058449200000002]]}},{"type":"Feature","properties":{"name":null,"kind":"footway"},"geometry":{"type":"LineString","coordinates":[[121.5972373,25.058551800000004],[121.5972067,25.058411599999996],[121.5974479,25.058368400000003],[121.59748499999999,25.0585398]]}},{"type":"Feature","properties":{"name":null,"kind":"steps"},"geometry":{"type":"LineString","coordinates":[[121.59748499999999,25.0585398],[121.59740219999999,25.058560699999997]]}},{"type":"Feature","properties":{"name":null,"kind":"steps"},"geometry":{"type":"LineString","coordinates":[[121.5974893,25.0585601],[121.5974083,25.058580599999996]]}},{"type":"Feature","properties":{"name":null,"kind":"service"},"geometry":{"type":"LineString","coordinates":[[121.62002890000001,25.056919399999998],[121.61981889999998,25.057046400000004]]}},{"type":"Feature","properties":{"name":"環東大道入口匝道","kind":"trunk_link"},"geometry":{"type":"LineString","coordinates":[[121.62252650000002,25.056100799999996],[121.6225312,25.0572046],[121.6222815,25.057914]]}},{"type":"Feature","properties":{"name":null,"kind":"footway"},"geometry":{"type":"LineString","coordinates":[[121.6203176,25.056906299999998],[121.62084999999999,25.0571657]]}},{"type":"Feature","properties":{"name":"4F展場","kind":"service"},"geometry":{"type":"LineString","coordinates":[[121.6193407,25.0569305],[121.6195555,25.0569413],[121.61958960000001,25.057105400000008],[121.6194323,25.057192500000003],[121.6192795,25.057055299999995]]}},{"type":"Feature","properties":{"name":"4F展場","kind":"service"},"geometry":{"type":"LineString","coordinates":[[121.6195723,25.057151800000003],[121.6196425,25.0569403]]}},{"type":"Feature","properties":{"name":"1F展場","kind":"service"},"geometry":{"type":"LineString","coordinates":[[121.61981889999998,25.057046400000004],[121.619737,25.0571967],[121.61948409999998,25.05734959999999],[121.6193014,25.057360399999993],[121.6191676,25.057254],[121.6191305,25.0567386]]}},{"type":"Feature","properties":{"name":"大坑溪自行車道","kind":"cycleway"},"geometry":{"type":"LineString","coordinates":[[121.6222387,25.0569904],[121.6225842,25.057144999999995],[121.6227512,25.0570946],[121.6228723,25.056953999999994]]}},{"type":"Feature","properties":{"name":"4F展場","kind":"service"},"geometry":{"type":"LineString","coordinates":[[121.6195723,25.057151800000003],[121.61943170000002,25.057202600000004],[121.61931930000002,25.0571573],[121.61927429999999,25.0570555],[121.6193407,25.0569305]]}},{"type":"Feature","properties":{"name":"4F展場","kind":"service"},"geometry":{"type":"LineString","coordinates":[[121.61981889999998,25.057046400000004],[121.61966030000002,25.057089100000002]]}},{"type":"Feature","properties":{"name":null,"kind":"footway"},"geometry":{"type":"LineString","coordinates":[[121.6205156,25.0572444],[121.6203176,25.056906299999998]]}},{"type":"Feature","properties":{"name":null,"kind":"service"},"geometry":{"type":"LineString","coordinates":[[121.6160833,25.056883599999992],[121.6160897,25.057025]]}},{"type":"Feature","properties":{"name":null,"kind":"service"},"geometry":{"type":"LineString","coordinates":[[121.6146649,25.056975099999995],[121.61467490000001,25.057121299999995]]}},{"type":"Feature","properties":{"name":null,"kind":"footway"},"geometry":{"type":"LineString","coordinates":[[121.61546310000001,25.057105799999995],[121.6154638,25.0570413]]}},{"type":"Feature","properties":{"name":null,"kind":"footway"},"geometry":{"type":"LineString","coordinates":[[121.6152619,25.057108199999995],[121.6152567,25.057054799999996]]}},{"type":"Feature","properties":{"name":null,"kind":"steps"},"geometry":{"type":"LineString","coordinates":[[121.6154684,25.057174300000003],[121.61546310000001,25.057105799999995]]}},{"type":"Feature","properties":{"name":null,"kind":"steps"},"geometry":{"type":"LineString","coordinates":[[121.6152625,25.05718],[121.6152619,25.057108199999995]]}},{"type":"Feature","properties":{"name":null,"kind":"footway"},"geometry":{"type":"LineString","coordinates":[[121.61661190000001,25.057543800000005],[121.61652550000001,25.056968799999996],[121.6141753,25.057122399999994]]}},{"type":"Feature","properties":{"name":"經貿二路62巷5弄","kind":"service"},"geometry":{"type":"LineString","coordinates":[[121.6153478,25.056930999999995],[121.6153981,25.057674]]}},{"type":"Feature","properties":{"name":null,"kind":"footway"},"geometry":{"type":"LineString","coordinates":[[121.6154969,25.0573146],[121.615227,25.0573236]]}},{"type":"Feature","properties":{"name":null,"kind":"footway"},"geometry":{"type":"LineString","coordinates":[[121.61550920000002,25.0575588],[121.6154684,25.057174300000003]]}},{"type":"Feature","properties":{"name":"4F展場","kind":"service"},"geometry":{"type":"LineString","coordinates":[[121.61966030000002,25.057089100000002],[121.6195723,25.057151800000003]]}},{"type":"Feature","properties":{"name":"內湖機廠","kind":"service"},"geometry":{"type":"LineString","coordinates":[[121.6201368,25.056869],[121.62117860000001,25.0574128]]}},{"type":"Feature","properties":{"name":"B1停車","kind":"service"},"geometry":{"type":"LineString","coordinates":[[121.619605,25.057276499999997],[121.61936310000002,25.057277099999997],[121.61923530000001,25.0571342]]}},{"type":"Feature","properties":{"name":"大坑溪自行車道","kind":"cycleway"},"geometry":{"type":"LineString","coordinates":[[121.6221095,25.057451699999998],[121.6222387,25.0569904]]}},{"type":"Feature","properties":{"name":"機車停車場","kind":"service"},"geometry":{"type":"LineString","coordinates":[[121.62019080000002,25.0571182],[121.6198007,25.057377299999995],[121.6190422,25.057371800000002]]}},{"type":"Feature","properties":{"name":"內湖機廠","kind":"service"},"geometry":{"type":"LineString","coordinates":[[121.62117860000001,25.0574128],[121.62061360000001,25.0571415],[121.6203678,25.057206799999996]]}},{"type":"Feature","properties":{"name":"環東大道","kind":"trunk"},"geometry":{"type":"LineString","coordinates":[[121.622454,25.0569497],[121.6223212,25.0577794]]}},{"type":"Feature","properties":{"name":null,"kind":"footway"},"geometry":{"type":"LineString","coordinates":[[121.619745,25.057462899999997],[121.6202472,25.057380900000002]]}},{"type":"Feature","properties":{"name":null,"kind":"service"},"geometry":{"type":"LineString","coordinates":[[121.61873210000002,25.057572299999997],[121.6200837,25.0575586]]}},{"type":"Feature","properties":{"name":null,"kind":"service"},"geometry":{"type":"LineString","coordinates":[[121.61951949999998,25.0575467],[121.6195201,25.057554099999994]]}},{"type":"Feature","properties":{"name":null,"kind":"footway"},"geometry":{"type":"LineString","coordinates":[[121.6152828,25.057573099999995],[121.6152625,25.05718]]}},{"type":"Feature","properties":{"name":null,"kind":"steps"},"geometry":{"type":"LineString","coordinates":[[121.61639709999999,25.0575195],[121.61660889999999,25.0574994]]}},{"type":"Feature","properties":{"name":null,"kind":"footway"},"geometry":{"type":"LineString","coordinates":[[121.6178544,25.057526400000004],[121.6178523,25.0574937]]}},{"type":"Feature","properties":{"name":null,"kind":"footway"},"geometry":{"type":"LineString","coordinates":[[121.61778500000001,25.057527699999998],[121.61785400000001,25.057511799999997]]}},{"type":"Feature","properties":{"name":null,"kind":"steps"},"geometry":{"type":"LineString","coordinates":[[121.61778500000001,25.057527699999998],[121.6178544,25.057526400000004]]}},{"type":"Feature","properties":{"name":null,"kind":"footway"},"geometry":{"type":"LineString","coordinates":[[121.61778589999999,25.0575409],[121.61778500000001,25.057527699999998]]}},{"type":"Feature","properties":{"name":null,"kind":"steps"},"geometry":{"type":"LineString","coordinates":[[121.61592540000001,25.057557999999997],[121.61613940000001,25.057542299999994]]}},{"type":"Feature","properties":{"name":null,"kind":"footway"},"geometry":{"type":"LineString","coordinates":[[121.61639709999999,25.0575195],[121.61435479999999,25.057615199999997]]}},{"type":"Feature","properties":{"name":null,"kind":"footway"},"geometry":{"type":"LineString","coordinates":[[121.61730460000001,25.057548299999997],[121.6173073,25.057591699999996]]}},{"type":"Feature","properties":{"name":null,"kind":"footway"},"geometry":{"type":"LineString","coordinates":[[121.61709760000001,25.057639800000004],[121.61661900000001,25.057666],[121.61661190000001,25.057543800000005],[121.61701069999998,25.0575197]]}},{"type":"Feature","properties":{"name":null,"kind":"footway"},"geometry":{"type":"LineString","coordinates":[[121.61661190000001,25.057543800000005],[121.6142113,25.0576731]]}},{"type":"Feature","properties":{"name":"經貿二路88巷","kind":"residential"},"geometry":{"type":"LineString","coordinates":[[121.6141081,25.0577547],[121.6168916,25.0575806]]}},{"type":"Feature","properties":{"name":null,"kind":"service"},"geometry":{"type":"LineString","coordinates":[[121.6162205,25.0577647],[121.61636430000001,25.057722999999996],[121.6163876,25.0576121]]}},{"type":"Feature","properties":{"name":null,"kind":"footway"},"geometry":{"type":"LineString","coordinates":[[121.61748070000002,25.057544900000003],[121.6176068,25.057717699999998],[121.61756620000001,25.05782],[121.6171036,25.057782900000003]]}},{"type":"Feature","properties":{"name":"經貿二路","kind":"secondary"},"geometry":{"type":"LineString","coordinates":[[121.6168802,25.0573049],[121.61692629999999,25.0580949]]}},{"type":"Feature","properties":{"name":null,"kind":"footway"},"geometry":{"type":"LineString","coordinates":[[121.6173756,25.0577741],[121.6174851,25.057628299999994]]}},{"type":"Feature","properties":{"name":null,"kind":"footway"},"geometry":{"type":"LineString","coordinates":[[121.6142295,25.0577932],[121.61661900000001,25.057666]]}},{"type":"Feature","properties":{"name":null,"kind":"footway"},"geometry":{"type":"LineString","coordinates":[[121.61760410000001,25.057762900000007],[121.6180435,25.057752700000005]]}},{"type":"Feature","properties":{"name":null,"kind":"footway"},"geometry":{"type":"LineString","coordinates":[[121.61804680000002,25.0579933],[121.618045,25.057534099999987]]}},{"type":"Feature","properties":{"name":null,"kind":"footway"},"geometry":{"type":"LineString","coordinates":[[121.61711479999998,25.058013399999993],[121.61709160000001,25.057549399999996]]}},{"type":"Feature","properties":{"name":"大坑溪自行車道","kind":"cycleway"},"geometry":{"type":"LineString","coordinates":[[121.6221843,25.057650000000002],[121.6221095,25.057451699999998]]}},{"type":"Feature","properties":{"name":null,"kind":"service"},"geometry":{"type":"LineString","coordinates":[[121.6191385,25.057577199999994],[121.6191379,25.0575698]]}},{"type":"Feature","properties":{"name":null,"kind":"service"},"geometry":{"type":"LineString","coordinates":[[121.6196149,25.057642899999998],[121.62034710000002,25.057542699999996]]}},{"type":"Feature","properties":{"name":"內湖機廠","kind":"service"},"geometry":{"type":"LineString","coordinates":[[121.62117860000001,25.0574128],[121.6216107,25.057569599999997],[121.62178900000002,25.0577131],[121.62170140000002,25.057806399999997]]}},{"type":"Feature","properties":{"name":null,"kind":"service"},"geometry":{"type":"LineString","coordinates":[[121.619527,25.057648299999997],[121.6196149,25.057642899999998]]}},{"type":"Feature","properties":{"name":"港東街","kind":"residential"},"geometry":{"type":"LineString","coordinates":[[121.62127550000001,25.059053899999995],[121.62200699999998,25.058125799999992],[121.62207230000001,25.0576555],[121.62189710000001,25.0573318],[121.62076639999998,25.05635390000001]]}},{"type":"Feature","properties":{"name":null,"kind":"service"},"geometry":{"type":"LineString","coordinates":[[121.6195201,25.057554099999994],[121.61955620000002,25.058042099999998],[121.619489,25.0581116],[121.6192501,25.058126099999996],[121.6191745,25.0580652],[121.6191385,25.057577199999994]]}},{"type":"Feature","properties":{"name":"環東大道","kind":"trunk"},"geometry":{"type":"LineString","coordinates":[[121.6223212,25.0577794],[121.6222815,25.057914]]}},{"type":"Feature","properties":{"name":"經貿一路","kind":"tertiary"},"geometry":{"type":"LineString","coordinates":[[121.6200902,25.0568099],[121.6204442,25.057389099999998],[121.6204295,25.057953999999995],[121.6202457,25.058335499999988],[121.6195346,25.059090799999996]]}},{"type":"Feature","properties":{"name":null,"kind":"footway"},"geometry":{"type":"LineString","coordinates":[[121.6156411,25.0577908],[121.61568560000002,25.0577868]]}},{"type":"Feature","properties":{"name":null,"kind":"service"},"geometry":{"type":"LineString","coordinates":[[121.61447000000001,25.057731199999996],[121.6144976,25.057834000000003],[121.6146181,25.0578552]]}},{"type":"Feature","properties":{"name":null,"kind":"footway"},"geometry":{"type":"LineString","coordinates":[[121.61491979999998,25.057853499999997],[121.6150798,25.0577481]]}},{"type":"Feature","properties":{"name":null,"kind":"footway"},"geometry":{"type":"LineString","coordinates":[[121.6172193,25.057779500000002],[121.61722140000002,25.0578202]]}},{"type":"Feature","properties":{"name":null,"kind":"footway"},"geometry":{"type":"LineString","coordinates":[[121.61528700000001,25.057904799999996],[121.615543,25.0577233]]}},{"type":"Feature","properties":{"name":null,"kind":"elevator"},"geometry":{"type":"LineString","coordinates":[[121.6172076,25.0578206],[121.61720839999998,25.057840099999996],[121.61723440000002,25.057839300000005],[121.6172337,25.0578198],[121.6172076,25.0578206]]}},{"type":"Feature","properties":{"name":null,"kind":"footway"},"geometry":{"type":"LineString","coordinates":[[121.6180279,25.0578498],[121.61828099999998,25.057835699999995]]}},{"type":"Feature","properties":{"name":null,"kind":"footway"},"geometry":{"type":"LineString","coordinates":[[121.6166097,25.0580618],[121.61661900000001,25.057666]]}},{"type":"Feature","properties":{"name":null,"kind":"footway"},"geometry":{"type":"MultiLineString","coordinates":[[[121.61528700000001,25.057904799999996],[121.6155641,25.05794639999999],[121.61575560000001,25.0578948]],[[121.61575560000001,25.0578948],[121.61599079999999,25.057759099999995],[121.6162184,25.057853599999998],[121.6159643,25.0579979],[121.61575560000001,25.0578948]]]}},{"type":"Feature","properties":{"name":null,"kind":"footway"},"geometry":{"type":"LineString","coordinates":[[121.6174923,25.0578456],[121.61749849999998,25.057947900000002]]}},{"type":"Feature","properties":{"name":"南港路三段16巷","kind":"unclassified"},"geometry":{"type":"LineString","coordinates":[[121.5915963,25.0563485],[121.59187000000001,25.0565007]]}},{"type":"Feature","properties":{"name":null,"kind":"footway"},"geometry":{"type":"LineString","coordinates":[[121.59386340000002,25.056415700000002],[121.5937199,25.056550599999998]]}},{"type":"Feature","properties":{"name":"成功路一段36巷","kind":"residential"},"geometry":{"type":"LineString","coordinates":[[121.59134470000001,25.057326599999996],[121.5922284,25.055982199999995],[121.59261740000001,25.055716999999998],[121.59292740000001,25.055704599999995]]}},{"type":"Feature","properties":{"name":"重陽路39巷","kind":"residential"},"geometry":{"type":"LineString","coordinates":[[121.59594320000001,25.0552727],[121.59475750000001,25.056848099999996],[121.59393850000001,25.0583116]]}},{"type":"Feature","properties":{"name":null,"kind":"footway"},"geometry":{"type":"LineString","coordinates":[[121.59464730000002,25.0568715],[121.5947981,25.0569252],[121.59486400000002,25.056816099999995],[121.5947028,25.056755999999996],[121.59464730000002,25.0568715]]}},{"type":"Feature","properties":{"name":null,"kind":"service"},"geometry":{"type":"LineString","coordinates":[[121.5931704,25.057074300000004],[121.59263110000002,25.0568139]]}},{"type":"Feature","properties":{"name":null,"kind":"footway"},"geometry":{"type":"LineString","coordinates":[[121.59475750000001,25.056848099999996],[121.59483570000002,25.056963],[121.5948243,25.0572121],[121.59495580000001,25.0574365]]}},{"type":"Feature","properties":{"name":null,"kind":"unclassified"},"geometry":{"type":"LineString","coordinates":[[121.59266869999999,25.057895399999996],[121.5933877,25.056776299999996]]}},{"type":"Feature","properties":{"name":"成功路一段82巷","kind":"service"},"geometry":{"type":"LineString","coordinates":[[121.5924876,25.057450199999998],[121.5921723,25.057326300000003],[121.59179,25.0573294]]}},{"type":"Feature","properties":{"name":null,"kind":"footway"},"geometry":{"type":"LineString","coordinates":[[121.59135730000001,25.057450399999997],[121.5914123,25.057397399999996]]}},{"type":"Feature","properties":{"name":null,"kind":"footway"},"geometry":{"type":"LineString","coordinates":[[121.59136629999999,25.057476299999998],[121.5913782,25.0574665]]}},{"type":"Feature","properties":{"name":null,"kind":"footway"},"geometry":{"type":"LineString","coordinates":[[121.5913517,25.0574909],[121.59136069999998,25.0574831]]}},{"type":"Feature","properties":{"name":null,"kind":"service"},"geometry":{"type":"LineString","coordinates":[[121.5920502,25.057675],[121.5920643,25.0573184]]}},{"type":"Feature","properties":{"name":null,"kind":"footway"},"geometry":{"type":"LineString","coordinates":[[121.594745,25.0569604],[121.59487489999998,25.056938100000004],[121.5959374,25.057318399999993],[121.59571279999999,25.058224699999997],[121.59407559999998,25.0582234],[121.594745,25.0569604]]}},{"type":"Feature","properties":{"name":null,"kind":"unclassified"},"geometry":{"type":"LineString","coordinates":[[121.59352080000001,25.056825599999996],[121.5926416,25.0584246]]}},{"type":"Feature","properties":{"name":null,"kind":"footway"},"geometry":{"type":"LineString","coordinates":[[121.5946419,25.057688199999998],[121.5944372,25.057569099999995]]}},{"type":"Feature","properties":{"name":null,"kind":"footway"},"geometry":{"type":"LineString","coordinates":[[121.59533989999998,25.0579145],[121.5955348,25.057782799999995],[121.5955383,25.057505399999997]]}},{"type":"Feature","properties":{"name":null,"kind":"cycleway"},"geometry":{"type":"LineString","coordinates":[[121.5914513,25.0578086],[121.59155359999998,25.057733999999996],[121.5916038,25.057777099999996]]}},{"type":"Feature","properties":{"name":null,"kind":"footway"},"geometry":{"type":"LineString","coordinates":[[121.59603749999998,25.057307700000003],[121.5955383,25.057505399999997],[121.59530260000001,25.057345400000003],[121.59495580000001,25.0574365],[121.59474069999999,25.0575569],[121.59461200000001,25.057760999999992],[121.59462369999999,25.0578862],[121.5948053,25.057975500000005],[121.59533989999998,25.0579145],[121.5956715,25.058195700000002],[121.595659,25.058345200000005]]}},{"type":"Feature","properties":{"name":"松河街","kind":"unclassified"},"geometry":{"type":"LineString","coordinates":[[121.5924295,25.0583156],[121.5920906,25.058225],[121.5914123,25.057397399999996]]}},{"type":"Feature","properties":{"name":"成功路一段94巷2弄","kind":"service"},"geometry":{"type":"LineString","coordinates":[[121.59250879999999,25.058143299999994],[121.5923721,25.058094699999998],[121.5920502,25.057675]]}},{"type":"Feature","properties":{"name":null,"kind":"residential"},"geometry":{"type":"LineString","coordinates":[[121.59286199999998,25.0580501],[121.59266869999999,25.057895399999996]]}},{"type":"Feature","properties":{"name":null,"kind":"footway"},"geometry":{"type":"LineString","coordinates":[[121.5928636,25.058121900000003],[121.592973,25.0580386],[121.59291299999998,25.057960499999997]]}},{"type":"Feature","properties":{"name":null,"kind":"cycleway"},"geometry":{"type":"LineString","coordinates":[[121.5916038,25.057777099999996],[121.5916659,25.0579572],[121.5921219,25.058326700000002],[121.5924247,25.058408499999995]]}},{"type":"Feature","properties":{"name":"成功路一段94巷","kind":"service"},"geometry":{"type":"LineString","coordinates":[[121.5924295,25.0583156],[121.59266869999999,25.057895399999996]]}},{"type":"Feature","properties":{"name":null,"kind":"footway"},"geometry":{"type":"LineString","coordinates":[[121.59393850000001,25.0583116],[121.5944028,25.0580786],[121.59462369999999,25.0578862]]}},{"type":"Feature","properties":{"name":null,"kind":"footway"},"geometry":{"type":"LineString","coordinates":[[121.5949086,25.0579724],[121.5948279,25.0582391]]}},{"type":"Feature","properties":{"name":"向陽路258巷","kind":"residential"},"geometry":{"type":"LineString","coordinates":[[121.5973144,25.058480099999997],[121.5965139,25.0584794],[121.595659,25.058345200000005],[121.59371100000001,25.058306300000005],[121.5932225,25.058213099999996],[121.59286199999998,25.0580501]]}},{"type":"Feature","properties":{"name":null,"kind":"footway"},"geometry":{"type":"LineString","coordinates":[[121.5938285,25.0583835],[121.59383510000002,25.0582374],[121.59404700000002,25.0582418],[121.5940352,25.058373999999997]]}},{"type":"Feature","properties":{"name":null,"kind":"footway"},"geometry":{"type":"LineString","coordinates":[[121.59265840000002,25.058492599999997],[121.5926887,25.058447399999995]]}},{"type":"Feature","properties":{"name":null,"kind":"steps"},"geometry":{"type":"LineString","coordinates":[[121.5927244,25.058537199999993],[121.59260639999998,25.058479200000004]]}},{"type":"Feature","properties":{"name":null,"kind":"footway"},"geometry":{"type":"LineString","coordinates":[[121.5927244,25.058537199999993],[121.59265840000002,25.058492599999997]]}},{"type":"Feature","properties":{"name":null,"kind":"steps"},"geometry":{"type":"LineString","coordinates":[[121.5927124,25.058566399999997],[121.5925917,25.0585052]]}},{"type":"Feature","properties":{"name":null,"kind":"footway"},"geometry":{"type":"LineString","coordinates":[[121.5927124,25.058566399999997],[121.5927646,25.0586772]]}},{"type":"Feature","properties":{"name":"成功橋","kind":"secondary"},"geometry":{"type":"LineString","coordinates":[[121.59135460000002,25.060476399999995],[121.5933334,25.0569137]]}},{"type":"Feature","properties":{"name":"成功橋","kind":"secondary"},"geometry":{"type":"LineString","coordinates":[[121.59341850000001,25.056952499999998],[121.591446,25.060505699999993]]}},{"type":"Feature","properties":{"name":null,"kind":"footway"},"geometry":{"type":"LineString","coordinates":[[121.59330390000001,25.05881749999999],[121.5933439,25.058740899999997]]}},{"type":"Feature","properties":{"name":null,"kind":"footway"},"geometry":{"type":"LineString","coordinates":[[121.59322160000002,25.058806799999996],[121.5932302,25.058788799999995]]}},{"type":"Feature","properties":{"name":null,"kind":"steps"},"geometry":{"type":"LineString","coordinates":[[121.59330390000001,25.05881749999999],[121.5932302,25.058788799999995]]}},{"type":"Feature","properties":{"name":null,"kind":"steps"},"geometry":{"type":"LineString","coordinates":[[121.59329300000002,25.0588347],[121.59322160000002,25.058806799999996]]}},{"type":"Feature","properties":{"name":null,"kind":"footway"},"geometry":{"type":"LineString","coordinates":[[121.59329300000002,25.0588347],[121.5932723,25.058875799999996]]}},{"type":"Feature","properties":{"name":null,"kind":"service"},"geometry":{"type":"LineString","coordinates":[[121.59390780000001,25.059062600000004],[121.5939608,25.058923699999994]]}},{"type":"Feature","properties":{"name":null,"kind":"footway"},"geometry":{"type":"LineString","coordinates":[[121.59466330000001,25.059124499999992],[121.5946788,25.0589807]]}},{"type":"Feature","properties":{"name":null,"kind":"footway"},"geometry":{"type":"LineString","coordinates":[[121.5916125,25.059814199999998],[121.5924247,25.058408499999995]]}},{"type":"Feature","properties":{"name":null,"kind":"steps"},"geometry":{"type":"LineString","coordinates":[[121.59466330000001,25.059124499999992],[121.59458439999999,25.059118600000005]]}},{"type":"Feature","properties":{"name":null,"kind":"footway"},"geometry":{"type":"LineString","coordinates":[[121.59458260000001,25.059138100000002],[121.59458439999999,25.059118600000005]]}},{"type":"Feature","properties":{"name":null,"kind":"steps"},"geometry":{"type":"LineString","coordinates":[[121.5952779,25.0591346],[121.59519940000001,25.059134800000002]]}},{"type":"Feature","properties":{"name":null,"kind":"steps"},"geometry":{"type":"LineString","coordinates":[[121.59466090000001,25.059143999999996],[121.59458260000001,25.059138100000002]]}},{"type":"Feature","properties":{"name":null,"kind":"footway"},"geometry":{"type":"LineString","coordinates":[[121.5951995,25.0591531],[121.59519940000001,25.059134800000002]]}},{"type":"Feature","properties":{"name":null,"kind":"footway"},"geometry":{"type":"LineString","coordinates":[[121.6150912,25.057881699999996],[121.61481440000001,25.057836199999997],[121.6145868,25.057996],[121.61490539999998,25.058037199999998],[121.61528700000001,25.057904799999996]]}},{"type":"Feature","properties":{"name":null,"kind":"footway"},"geometry":{"type":"LineString","coordinates":[[121.61468540000001,25.058016599999995],[121.6150423,25.0578737]]}},{"type":"Feature","properties":{"name":"中信園區人行天橋","kind":"footway"},"geometry":{"type":"LineString","coordinates":[[121.61568450000001,25.0583282],[121.61562269999999,25.057688999999996],[121.61550920000002,25.0575588]]}},{"type":"Feature","properties":{"name":null,"kind":"footway"},"geometry":{"type":"LineString","coordinates":[[121.61431730000001,25.0580268],[121.61436310000002,25.057916799999997],[121.6144301,25.057874299999998],[121.6143819,25.057992199999997],[121.61449580000001,25.057902299999995],[121.6144449,25.057993399999997]]}},{"type":"Feature","properties":{"name":"蕨類步道","kind":"footway"},"geometry":{"type":"LineString","coordinates":[[121.6143024,25.05809],[121.61460860000001,25.05793169999999],[121.61493500000002,25.057968599999995],[121.6150912,25.057881699999996],[121.61528700000001,25.057904799999996]]}},{"type":"Feature","properties":{"name":null,"kind":"footway"},"geometry":{"type":"LineString","coordinates":[[121.61756920000002,25.0574588],[121.6175748,25.0575143],[121.61795290000002,25.057485999999997],[121.61803000000002,25.057581400000004],[121.61802070000002,25.058503800000004]]}},{"type":"Feature","properties":{"name":"經貿二路105巷","kind":"tertiary"},"geometry":{"type":"LineString","coordinates":[[121.61674629999999,25.05809929999999],[121.61692629999999,25.0580949]]}},{"type":"Feature","properties":{"name":null,"kind":"footway"},"geometry":{"type":"LineString","coordinates":[[121.6171238,25.058201599999993],[121.61711479999998,25.058013399999993]]}},{"type":"Feature","properties":{"name":null,"kind":"footway"},"geometry":{"type":"LineString","coordinates":[[121.61426300000001,25.058224899999992],[121.6166097,25.0580618]]}},{"type":"Feature","properties":{"name":null,"kind":"footway"},"geometry":{"type":"LineString","coordinates":[[121.6171238,25.058201599999993],[121.61660940000002,25.058222799999996],[121.6166097,25.0580618]]}},{"type":"Feature","properties":{"name":"經貿二路106巷","kind":"residential"},"geometry":{"type":"LineString","coordinates":[[121.61674629999999,25.05809929999999],[121.6141476,25.058277199999996]]}},{"type":"Feature","properties":{"name":null,"kind":"service"},"geometry":{"type":"LineString","coordinates":[[121.61639010000002,25.0581202],[121.6164001,25.0582907]]}},{"type":"Feature","properties":{"name":null,"kind":"footway"},"geometry":{"type":"LineString","coordinates":[[121.6143022,25.0583532],[121.61660940000002,25.058222799999996]]}},{"type":"Feature","properties":{"name":null,"kind":"pedestrian"},"geometry":{"type":"LineString","coordinates":[[121.61712439999998,25.0582169],[121.6174452,25.0584944]]}},{"type":"Feature","properties":{"name":null,"kind":"pedestrian"},"geometry":{"type":"LineString","coordinates":[[121.61457299999998,25.0583379],[121.6143861,25.0584126]]}},{"type":"Feature","properties":{"name":null,"kind":"pedestrian"},"geometry":{"type":"LineString","coordinates":[[121.6145277,25.058418099999997],[121.6144843,25.0583429]]}},{"type":"Feature","properties":{"name":null,"kind":"pedestrian"},"geometry":{"type":"LineString","coordinates":[[121.61449370000001,25.05844],[121.6144212,25.058346900000004]]}},{"type":"Feature","properties":{"name":null,"kind":"footway"},"geometry":{"type":"LineString","coordinates":[[121.6157053,25.0584691],[121.61568450000001,25.0583282]]}},{"type":"Feature","properties":{"name":null,"kind":"service"},"geometry":{"type":"LineString","coordinates":[[121.6174532,25.058293699999993],[121.6179145,25.058298999999998],[121.6182376,25.058501],[121.61839040000001,25.058328399999997]]}},{"type":"Feature","properties":{"name":null,"kind":"footway"},"geometry":{"type":"LineString","coordinates":[[121.6171121,25.0579587],[121.6179165,25.057934199999995],[121.6194275,25.0589148]]}},{"type":"Feature","properties":{"name":null,"kind":"pedestrian"},"geometry":{"type":"LineString","coordinates":[[121.61448170000001,25.0584758],[121.61443660000002,25.058419599999997]]}},{"type":"Feature","properties":{"name":null,"kind":"pedestrian"},"geometry":{"type":"LineString","coordinates":[[121.6143022,25.0583532],[121.6144798,25.058562899999995]]}},{"type":"Feature","properties":{"name":null,"kind":"pedestrian"},"geometry":{"type":"LineString","coordinates":[[121.6144489,25.0583798],[121.61442919999999,25.058681499999995]]}},{"type":"Feature","properties":{"name":null,"kind":"pedestrian"},"geometry":{"type":"LineString","coordinates":[[121.6144695,25.058661699999995],[121.6144831,25.0584492],[121.6146258,25.058410099999996]]}},{"type":"Feature","properties":{"name":null,"kind":"pedestrian"},"geometry":{"type":"LineString","coordinates":[[121.6143861,25.0584126],[121.61438600000001,25.058667699999994]]}},{"type":"Feature","properties":{"name":"經貿二路105巷","kind":"tertiary"},"geometry":{"type":"LineString","coordinates":[[121.61692629999999,25.0580949],[121.6180167,25.058091100000002],[121.6194491,25.0590328]]}},{"type":"Feature","properties":{"name":null,"kind":"service"},"geometry":{"type":"LineString","coordinates":[[121.61841250000002,25.058343099999995],[121.61826230000001,25.058518200000005],[121.618638,25.058757199999988]]}},{"type":"Feature","properties":{"name":null,"kind":"pedestrian"},"geometry":{"type":"LineString","coordinates":[[121.61438419999999,25.058493699999993],[121.6144695,25.058661699999995]]}},{"type":"Feature","properties":{"name":null,"kind":"footway"},"geometry":{"type":"LineString","coordinates":[[121.61712439999998,25.0582169],[121.6179633,25.0581997],[121.61927039999999,25.0590644]]}},{"type":"Feature","properties":{"name":null,"kind":"pedestrian"},"geometry":{"type":"LineString","coordinates":[[121.6144695,25.058661699999995],[121.61452079999998,25.058725299999995]]}},{"type":"Feature","properties":{"name":null,"kind":"footway"},"geometry":{"type":"LineString","coordinates":[[121.6194275,25.0589148],[121.62003450000002,25.0583248],[121.6202622,25.0579371],[121.6202816,25.057498799999998],[121.62013509999998,25.057216199999996]]}},{"type":"Feature","properties":{"name":"內湖機廠","kind":"service"},"geometry":{"type":"LineString","coordinates":[[121.62117860000001,25.0574128],[121.62111679999998,25.0575771],[121.6207062,25.057990300000004],[121.62010800000002,25.058991399999993]]}},{"type":"Feature","properties":{"name":"大坑溪自行車道","kind":"cycleway"},"geometry":{"type":"LineString","coordinates":[[121.6214148,25.059140399999997],[121.6220787,25.058228599999996],[121.6221843,25.057650000000002]]}},{"type":"Feature","properties":{"name":"環東大道","kind":"trunk"},"geometry":{"type":"LineString","coordinates":[[121.6210759,25.059473900000004],[121.62189049999999,25.0583936],[121.62228899999998,25.057567799999998]]}},{"type":"Feature","properties":{"name":"環東大道","kind":"trunk"},"geometry":{"type":"LineString","coordinates":[[121.6222815,25.057914],[121.62146710000002,25.059130700000004]]}},{"type":"Feature","properties":{"name":null,"kind":"service"},"geometry":{"type":"LineString","coordinates":[[121.619333,25.058599499999996],[121.6195994,25.058624]]}},{"type":"Feature","properties":{"name":null,"kind":"service"},"geometry":{"type":"LineString","coordinates":[[121.6195994,25.058624],[121.61933579999999,25.058639599999992]]}},{"type":"Feature","properties":{"name":null,"kind":"service"},"geometry":{"type":"LineString","coordinates":[[121.6195994,25.058624],[121.61972919999998,25.058727199999996]]}},{"type":"Feature","properties":{"name":null,"kind":"pedestrian"},"geometry":{"type":"LineString","coordinates":[[121.61884799999999,25.0587821],[121.6187167,25.058925799999997],[121.6187138,25.0592637],[121.61865900000001,25.059269200000003]]}},{"type":"Feature","properties":{"name":"經貿二路105巷","kind":"tertiary"},"geometry":{"type":"LineString","coordinates":[[121.6194491,25.0590328],[121.6195346,25.059090799999996]]}},{"type":"Feature","properties":{"name":null,"kind":"path"},"geometry":{"type":"LineString","coordinates":[[121.6215638,25.059233800000005],[121.62174520000002,25.058909900000003]]}},{"type":"Feature","properties":{"name":null,"kind":"footway"},"geometry":{"type":"LineString","coordinates":[[121.619571,25.059269499999996],[121.61927039999999,25.0590644],[121.6194275,25.0589148],[121.619701,25.059128799999996]]}},{"type":"Feature","properties":{"name":null,"kind":"service"},"geometry":{"type":"LineString","coordinates":[[121.62127550000001,25.059053899999995],[121.6214148,25.059140399999997]]}},{"type":"Feature","properties":{"name":null,"kind":"service"},"geometry":{"type":"LineString","coordinates":[[121.61900210000002,25.059516600000002],[121.6188259,25.059368799999998],[121.61876750000002,25.0591501],[121.61891810000002,25.058982699999994],[121.61902100000002,25.059013599999997]]}},{"type":"Feature","properties":{"name":"經貿一路","kind":"tertiary"},"geometry":{"type":"LineString","coordinates":[[121.6195346,25.059090799999996],[121.6191768,25.059486800000006]]}},{"type":"Feature","properties":{"name":null,"kind":"footway"},"geometry":{"type":"LineString","coordinates":[[121.6179086,25.061519],[121.6192045,25.059642899999997],[121.62045160000001,25.0582831],[121.6206014,25.057859400000005],[121.6205156,25.0572444]]}},{"type":"Feature","properties":{"name":null,"kind":"pedestrian"},"geometry":{"type":"LineString","coordinates":[[121.6187138,25.0592637],[121.6187578,25.059466099999998],[121.6188585,25.059522400000002]]}},{"type":"Feature","properties":{"name":"經貿二路","kind":"secondary"},"geometry":{"type":"LineString","coordinates":[[121.61650990000001,25.059280299999994],[121.6167756,25.058900999999995],[121.61674629999999,25.05809929999999]]}},{"type":"Feature","properties":{"name":"經貿二路","kind":"secondary"},"geometry":{"type":"LineString","coordinates":[[121.61692629999999,25.0580949],[121.61696230000001,25.058864],[121.61679510000002,25.059246499999993],[121.6166231,25.0594186]]}},{"type":"Feature","properties":{"name":null,"kind":"pedestrian"},"geometry":{"type":"LineString","coordinates":[[121.61868479999998,25.0590187],[121.6181406,25.0586069]]}},{"type":"Feature","properties":{"name":null,"kind":"cycleway"},"geometry":{"type":"LineString","coordinates":[[121.61705710000001,25.0582028],[121.6170656,25.0589087],[121.61693850000002,25.059238099999998],[121.6167713,25.0594129]]}},{"type":"Feature","properties":{"name":null,"kind":"footway"},"geometry":{"type":"LineString","coordinates":[[121.6171238,25.058201599999993],[121.61713180000001,25.0588818],[121.61681530000001,25.059450400000003]]}},{"type":"Feature","properties":{"name":null,"kind":"pedestrian"},"geometry":{"type":"LineString","coordinates":[[121.61557080000001,25.0594787],[121.6165448,25.058991699999996],[121.6157312,25.059089699999994],[121.6156525,25.058535900000006],[121.6155499,25.058546199999995],[121.615536,25.058335799999995],[121.6153431,25.058355500000005],[121.6152406,25.0589785],[121.61557080000001,25.0594787]]}},{"type":"Feature","properties":{"name":null,"kind":"footway"},"geometry":{"type":"LineString","coordinates":[[121.61549550000001,25.059364599999995],[121.6152406,25.0589785],[121.6153169,25.0585147],[121.6157053,25.0584691]]}},{"type":"Feature","properties":{"name":"中國信託金融園區與台灣人壽商辦大樓聯通橋","kind":"construction"},"geometry":{"type":"LineString","coordinates":[[121.61596109999999,25.059133499999998],[121.61651919999998,25.059039800000004],[121.6168613,25.058769099999996],[121.6174002,25.058716000000004]]}},{"type":"Feature","properties":{"name":null,"kind":"pedestrian"},"geometry":{"type":"LineString","coordinates":[[121.6171205,25.0589234],[121.6173216,25.058947899999993]]}},{"type":"Feature","properties":{"name":null,"kind":"footway"},"geometry":{"type":"LineString","coordinates":[[121.61660940000002,25.058222799999996],[121.61663520000002,25.0588899],[121.6165233,25.0590479],[121.61469530000001,25.060083499999998],[121.61452100000001,25.060048399999996],[121.6144693,25.059968399999992],[121.6143022,25.0583532]]}},{"type":"Feature","properties":{"name":null,"kind":"service"},"geometry":{"type":"LineString","coordinates":[[121.614637,25.059068199999995],[121.6145856,25.0593248],[121.61423660000001,25.059416899999995]]}},{"type":"Feature","properties":{"name":null,"kind":"footway"},"geometry":{"type":"LineString","coordinates":[[121.616435,25.059110999999994],[121.61681530000001,25.059450400000003]]}},{"type":"Feature","properties":{"name":null,"kind":"footway"},"geometry":{"type":"LineString","coordinates":[[121.61555159999999,25.059449599999994],[121.61596109999999,25.059133499999998]]}},{"type":"Feature","properties":{"name":null,"kind":"pedestrian"},"geometry":{"type":"LineString","coordinates":[[121.6173864,25.058466999999993],[121.6173216,25.058947899999993],[121.61714830000001,25.059305799999997],[121.61715649999998,25.059528699999998],[121.61734669999998,25.0596851],[121.61737719999999,25.0599789],[121.6174763,25.0600956],[121.6173351,25.06022129999999]]}},{"type":"Feature","properties":{"name":"經貿二路157巷","kind":"residential"},"geometry":{"type":"LineString","coordinates":[[121.6166231,25.0594186],[121.61650990000001,25.059280299999994]]}},{"type":"Feature","properties":{"name":null,"kind":"footway"},"geometry":{"type":"LineString","coordinates":[[121.6163187,25.0591941],[121.6166483,25.059591200000003]]}},{"type":"Feature","properties":{"name":null,"kind":"steps"},"geometry":{"type":"LineString","coordinates":[[121.61555159999999,25.059449599999994],[121.61549550000001,25.059364599999995]]}},{"type":"Feature","properties":{"name":null,"kind":"pedestrian"},"geometry":{"type":"LineString","coordinates":[[121.61681530000001,25.059450400000003],[121.617242,25.059416499999998]]}},{"type":"Feature","properties":{"name":null,"kind":"footway"},"geometry":{"type":"LineString","coordinates":[[121.6167713,25.0594129],[121.61659270000001,25.059531899999996]]}},{"type":"Feature","properties":{"name":null,"kind":"footway"},"geometry":{"type":"LineString","coordinates":[[121.61519690000002,25.0596126],[121.61555159999999,25.059449599999994]]}},{"type":"Feature","properties":{"name":null,"kind":"footway"},"geometry":{"type":"LineString","coordinates":[[121.62075999999999,25.056390499999996],[121.62194900000001,25.057463699999996],[121.6220208,25.057731599999997],[121.6219554,25.0580417],[121.62088000000001,25.05954759999999],[121.6192643,25.0612251],[121.6184167,25.061871200000002],[121.61740750000001,25.062407499999992],[121.61735540000001,25.0622598],[121.61775560000001,25.061726299999997]]}},{"type":"Feature","properties":{"name":null,"kind":"service"},"geometry":{"type":"LineString","coordinates":[[121.6204569,25.059868799999997],[121.6204799,25.059737900000002],[121.62010800000002,25.058991399999993]]}},{"type":"Feature","properties":{"name":"經貿一路入口匝道","kind":"trunk_link"},"geometry":{"type":"LineString","coordinates":[[121.6191768,25.059486800000006],[121.6189597,25.059701200000003]]}},{"type":"Feature","properties":{"name":null,"kind":"steps"},"geometry":{"type":"LineString","coordinates":[[121.621326,25.0595609],[121.6212675,25.0595285],[121.62116650000002,25.059664599999998],[121.62121369999998,25.059567000000005]]}},{"type":"Feature","properties":{"name":"經貿一路出口匝道","kind":"trunk_link"},"geometry":{"type":"LineString","coordinates":[[121.62146710000002,25.059130700000004],[121.6205064,25.060253599999996]]}},{"type":"Feature","properties":{"name":"環東大道","kind":"trunk"},"geometry":{"type":"LineString","coordinates":[[121.62058020000002,25.060054299999997],[121.6210759,25.059473900000004]]}},{"type":"Feature","properties":{"name":null,"kind":"footway"},"geometry":{"type":"LineString","coordinates":[[121.61852600000002,25.0596478],[121.61910300000001,25.060076500000005]]}},{"type":"Feature","properties":{"name":"經貿一路入口匝道","kind":"trunk_link"},"geometry":{"type":"LineString","coordinates":[[121.6205064,25.060253599999996],[121.6210759,25.059473900000004]]}},{"type":"Feature","properties":{"name":null,"kind":"service"},"geometry":{"type":"LineString","coordinates":[[121.6212432,25.0596758],[121.62116410000002,25.0600544]]}},{"type":"Feature","properties":{"name":null,"kind":"service"},"geometry":{"type":"LineString","coordinates":[[121.6203638,25.058591899999996],[121.61919510000001,25.0598438],[121.61906160000001,25.0601469],[121.6182895,25.0611773],[121.61834209999999,25.061210900000003]]}},{"type":"Feature","properties":{"name":null,"kind":"footway"},"geometry":{"type":"LineString","coordinates":[[121.61035270000002,25.0583788],[121.6104108,25.057873800000003],[121.61099120000002,25.057909399999996],[121.61107249999999,25.057975700000004],[121.61100259999999,25.058425],[121.61042540000001,25.0584389],[121.61035270000002,25.0583788]]}},{"type":"Feature","properties":{"name":null,"kind":"footway"},"geometry":{"type":"LineString","coordinates":[[121.61023730000001,25.058353499999996],[121.6102578,25.058015]]}},{"type":"Feature","properties":{"name":null,"kind":"footway"},"geometry":{"type":"LineString","coordinates":[[121.6109922,25.057822799999993],[121.611187,25.0578944],[121.61111580000001,25.058540600000004],[121.6101813,25.058492499999993],[121.6101171,25.058357499999996]]}},{"type":"Feature","properties":{"name":null,"kind":"footway"},"geometry":{"type":"LineString","coordinates":[[121.61307,25.0581887],[121.6125596,25.058240499999997]]}},{"type":"Feature","properties":{"name":null,"kind":"footway"},"geometry":{"type":"LineString","coordinates":[[121.61426300000001,25.058224899999992],[121.6139478,25.0582413]]}},{"type":"Feature","properties":{"name":null,"kind":"footway"},"geometry":{"type":"LineString","coordinates":[[121.61426300000001,25.058224899999992],[121.6143022,25.0583532]]}},{"type":"Feature","properties":{"name":null,"kind":"footway"},"geometry":{"type":"LineString","coordinates":[[121.60998589999998,25.058336799999996],[121.61035270000002,25.0583788]]}},{"type":"Feature","properties":{"name":null,"kind":"footway"},"geometry":{"type":"LineString","coordinates":[[121.6139541,25.0583551],[121.6143022,25.0583532]]}},{"type":"Feature","properties":{"name":null,"kind":"footway"},"geometry":{"type":"LineString","coordinates":[[121.6102672,25.058405899999997],[121.61023730000001,25.058353499999996]]}},{"type":"Feature","properties":{"name":null,"kind":"footway"},"geometry":{"type":"LineString","coordinates":[[121.61038520000001,25.058428599999996],[121.6102672,25.058405899999997]]}},{"type":"Feature","properties":{"name":null,"kind":"footway"},"geometry":{"type":"LineString","coordinates":[[121.60680439999999,25.058024],[121.6067794,25.058201300000004],[121.6066547,25.058179399999997]]}},{"type":"Feature","properties":{"name":null,"kind":"service"},"geometry":{"type":"LineString","coordinates":[[121.6047961,25.0583727],[121.604249,25.058304599999996],[121.6042543,25.0582026],[121.60437239999999,25.058124799999998],[121.6047961,25.058178299999994],[121.6048873,25.0582269],[121.6047961,25.0583727]]}},{"type":"Feature","properties":{"name":null,"kind":"residential"},"geometry":{"type":"LineString","coordinates":[[121.60520760000001,25.0587364],[121.6053395,25.0578776]]}},{"type":"Feature","properties":{"name":null,"kind":"steps"},"geometry":{"type":"LineString","coordinates":[[121.6015568,25.058468299999994],[121.6016478,25.058473599999996]]}},{"type":"Feature","properties":{"name":null,"kind":"footway"},"geometry":{"type":"LineString","coordinates":[[121.60164630000001,25.0584952],[121.6016478,25.058473599999996]]}},{"type":"Feature","properties":{"name":null,"kind":"service"},"geometry":{"type":"LineString","coordinates":[[121.60410540000001,25.058644600000004],[121.604249,25.058304599999996]]}},{"type":"Feature","properties":{"name":null,"kind":"steps"},"geometry":{"type":"LineString","coordinates":[[121.6015564,25.05849],[121.60164630000001,25.0584952]]}},{"type":"Feature","properties":{"name":null,"kind":"footway"},"geometry":{"type":"LineString","coordinates":[[121.6015564,25.05849],[121.60155450000002,25.058517600000002]]}},{"type":"Feature","properties":{"name":null,"kind":"service"},"geometry":{"type":"LineString","coordinates":[[121.6047961,25.0583727],[121.60471799999999,25.058617999999996]]}},{"type":"Feature","properties":{"name":null,"kind":"footway"},"geometry":{"type":"LineString","coordinates":[[121.6027257,25.0585491],[121.6027336,25.0584878]]}},{"type":"Feature","properties":{"name":null,"kind":"residential"},"geometry":{"type":"LineString","coordinates":[[121.6065755,25.0589618],[121.6067019,25.0581034]]}},{"type":"Feature","properties":{"name":null,"kind":"footway"},"geometry":{"type":"LineString","coordinates":[[121.60268920000001,25.0585643],[121.6027257,25.0585491]]}},{"type":"Feature","properties":{"name":null,"kind":"footway"},"geometry":{"type":"LineString","coordinates":[[121.6090685,25.058885099999998],[121.60781579999998,25.0584204],[121.6067794,25.058201300000004]]}},{"type":"Feature","properties":{"name":null,"kind":"steps"},"geometry":{"type":"LineString","coordinates":[[121.60268920000001,25.0585643],[121.6028061,25.058572999999992]]}},{"type":"Feature","properties":{"name":null,"kind":"footway"},"geometry":{"type":"LineString","coordinates":[[121.60280389999998,25.058596499999997],[121.6028061,25.058572999999992]]}},{"type":"Feature","properties":{"name":null,"kind":"steps"},"geometry":{"type":"LineString","coordinates":[[121.60268690000001,25.0585879],[121.60280389999998,25.058596499999997]]}},{"type":"Feature","properties":{"name":null,"kind":"footway"},"geometry":{"type":"LineString","coordinates":[[121.60268690000001,25.0585879],[121.60268329999998,25.0586177]]}},{"type":"Feature","properties":{"name":null,"kind":"footway"},"geometry":{"type":"LineString","coordinates":[[121.60516620000001,25.058664799999992],[121.6052714,25.0586794]]}},{"type":"Feature","properties":{"name":null,"kind":"footway"},"geometry":{"type":"LineString","coordinates":[[121.6051219,25.058673500000005],[121.6050974,25.058852899999998]]}},{"type":"Feature","properties":{"name":null,"kind":"steps"},"geometry":{"type":"LineString","coordinates":[[121.6050974,25.058852899999998],[121.6051703,25.0588609]]}},{"type":"Feature","properties":{"name":null,"kind":"footway"},"geometry":{"type":"LineString","coordinates":[[121.6110093,25.058566],[121.61096519999998,25.0584456],[121.61103349999999,25.058392599999998]]}},{"type":"Feature","properties":{"name":null,"kind":"pedestrian"},"geometry":{"type":"LineString","coordinates":[[121.6112118,25.058696],[121.60988059999998,25.058537199999993]]}},{"type":"Feature","properties":{"name":"重陽路","kind":"tertiary"},"geometry":{"type":"LineString","coordinates":[[121.61008580000001,25.0592272],[121.60827390000001,25.058471000000004],[121.6067019,25.0581034]]}},{"type":"Feature","properties":{"name":null,"kind":"service"},"geometry":{"type":"LineString","coordinates":[[121.61173100000002,25.058843599999996],[121.6117259,25.058611399999997]]}},{"type":"Feature","properties":{"name":null,"kind":"footway"},"geometry":{"type":"LineString","coordinates":[[121.6090685,25.058885099999998],[121.60929250000001,25.058767699999994]]}},{"type":"Feature","properties":{"name":null,"kind":"footway"},"geometry":{"type":"LineString","coordinates":[[121.60915230000002,25.05871],[121.6090685,25.058885099999998],[121.6091933,25.058947100000005],[121.60929250000001,25.058767699999994]]}},{"type":"Feature","properties":{"name":null,"kind":"footway"},"geometry":{"type":"LineString","coordinates":[[121.6091933,25.058947100000005],[121.60915230000002,25.05871]]}},{"type":"Feature","properties":{"name":null,"kind":"footway"},"geometry":{"type":"LineString","coordinates":[[121.61327520000002,25.058960499999998],[121.6132794,25.058726999999998]]}},{"type":"Feature","properties":{"name":null,"kind":"footway"},"geometry":{"type":"LineString","coordinates":[[121.61409799999998,25.058905500000005],[121.61436440000001,25.058903099999988]]}},{"type":"Feature","properties":{"name":null,"kind":"service"},"geometry":{"type":"LineString","coordinates":[[121.6117092,25.059063499999997],[121.61178000000001,25.0587962],[121.61226159999998,25.058779300000005]]}},{"type":"Feature","properties":{"name":null,"kind":"footway"},"geometry":{"type":"LineString","coordinates":[[121.5974083,25.058580599999996],[121.59740219999999,25.058560699999997]]}},{"type":"Feature","properties":{"name":null,"kind":"footway"},"geometry":{"type":"LineString","coordinates":[[121.5974893,25.0585601],[121.59750420000002,25.0586054]]}},{"type":"Feature","properties":{"name":null,"kind":"service"},"geometry":{"type":"LineString","coordinates":[[121.59660329999998,25.058710699999995],[121.5965139,25.0584794]]}},{"type":"Feature","properties":{"name":"松河街","kind":"residential"},"geometry":{"type":"LineString","coordinates":[[121.5924295,25.0583156],[121.5936367,25.058841600000004],[121.594673,25.0590345],[121.59573769999999,25.058978699999997],[121.59781440000002,25.0583707],[121.599063,25.0582814],[121.60201800000002,25.0584128],[121.6051163,25.058714700000003],[121.6065755,25.0589618]]}},{"type":"Feature","properties":{"name":null,"kind":"steps"},"geometry":{"type":"LineString","coordinates":[[121.59682620000001,25.0587402],[121.5967652,25.058764299999996]]}},{"type":"Feature","properties":{"name":null,"kind":"steps"},"geometry":{"type":"LineString","coordinates":[[121.5968349,25.058757699999997],[121.59677360000002,25.0587819]]}},{"type":"Feature","properties":{"name":null,"kind":"footway"},"geometry":{"type":"LineString","coordinates":[[121.59677360000002,25.0587819],[121.5967652,25.058764299999996]]}},{"type":"Feature","properties":{"name":null,"kind":"footway"},"geometry":{"type":"LineString","coordinates":[[121.5968349,25.058757699999997],[121.596854,25.0587984]]}},{"type":"Feature","properties":{"name":"基隆河左岸自行車道","kind":"cycleway"},"geometry":{"type":"LineString","coordinates":[[121.59258349999999,25.058618400000004],[121.59390780000001,25.059062600000004],[121.59492850000001,25.0592012],[121.59599240000001,25.0590958],[121.59750420000002,25.0586054],[121.59857350000001,25.058415299999993],[121.60128390000001,25.058492100000002]]}},{"type":"Feature","properties":{"name":null,"kind":"steps"},"geometry":{"type":"LineString","coordinates":[[121.59639620000002,25.058888100000004],[121.59639989999998,25.0588989]]}},{"type":"Feature","properties":{"name":null,"kind":"footway"},"geometry":{"type":"LineString","coordinates":[[121.61409799999998,25.058905500000005],[121.6141249,25.059146499999997]]}},{"type":"Feature","properties":{"name":null,"kind":"footway"},"geometry":{"type":"LineString","coordinates":[[121.60968670000001,25.059164299999996],[121.60976580000002,25.058959199999997]]}},{"type":"Feature","properties":{"name":null,"kind":"footway"},"geometry":{"type":"LineString","coordinates":[[121.6115587,25.0591397],[121.61155970000002,25.058989099999994]]}},{"type":"Feature","properties":{"name":"園區街","kind":"residential"},"geometry":{"type":"LineString","coordinates":[[121.6117092,25.059063499999997],[121.61421,25.059051399999998]]}},{"type":"Feature","properties":{"name":null,"kind":"footway"},"geometry":{"type":"LineString","coordinates":[[121.611796,25.059172399999998],[121.6118132,25.0589981]]}},{"type":"Feature","properties":{"name":null,"kind":"footway"},"geometry":{"type":"LineString","coordinates":[[121.60976580000002,25.058959199999997],[121.60990120000001,25.0590413],[121.60982,25.05922809999999]]}},{"type":"Feature","properties":{"name":null,"kind":"footway"},"geometry":{"type":"LineString","coordinates":[[121.6105966,25.059374999999996],[121.61091440000001,25.0589964],[121.61409799999998,25.058905500000005]]}},{"type":"Feature","properties":{"name":null,"kind":"footway"},"geometry":{"type":"LineString","coordinates":[[121.6141249,25.059146499999997],[121.6143756,25.0591425]]}},{"type":"Feature","properties":{"name":"重陽路423巷","kind":"residential"},"geometry":{"type":"LineString","coordinates":[[121.6088951,25.059631499999995],[121.6091673,25.0588403]]}},{"type":"Feature","properties":{"name":"園區街","kind":"residential"},"geometry":{"type":"LineString","coordinates":[[121.6106344,25.059508399999995],[121.6109206,25.0590777],[121.6117092,25.059063499999997]]}},{"type":"Feature","properties":{"name":null,"kind":"footway"},"geometry":{"type":"LineString","coordinates":[[121.59639989999998,25.0588989],[121.5964062,25.058915700000004]]}},{"type":"Feature","properties":{"name":null,"kind":"steps"},"geometry":{"type":"LineString","coordinates":[[121.5964105,25.058926800000002],[121.5964062,25.058915700000004]]}},{"type":"Feature","properties":{"name":null,"kind":"footway"},"geometry":{"type":"LineString","coordinates":[[121.5964229,25.058959099999996],[121.5964105,25.058926800000002]]}},{"type":"Feature","properties":{"name":null,"kind":"footway"},"geometry":{"type":"LineString","coordinates":[[121.60516620000001,25.058886299999994],[121.6051703,25.0588609]]}},{"type":"Feature","properties":{"name":null,"kind":"footway"},"geometry":{"type":"LineString","coordinates":[[121.605038,25.0588693],[121.60503240000001,25.0588865]]}},{"type":"Feature","properties":{"name":null,"kind":"steps"},"geometry":{"type":"LineString","coordinates":[[121.605038,25.0588693],[121.60516620000001,25.058886299999994]]}},{"type":"Feature","properties":{"name":null,"kind":"footway"},"geometry":{"type":"LineString","coordinates":[[121.6065211,25.0588917],[121.60665649999999,25.058918399999992]]}},{"type":"Feature","properties":{"name":null,"kind":"footway"},"geometry":{"type":"LineString","coordinates":[[121.6066347,25.059120800000002],[121.6066827,25.058939099999996]]}},{"type":"Feature","properties":{"name":null,"kind":"steps"},"geometry":{"type":"LineString","coordinates":[[121.6066347,25.059120800000002],[121.60666459999999,25.05912409999999]]}},{"type":"Feature","properties":{"name":null,"kind":"footway"},"geometry":{"type":"LineString","coordinates":[[121.6066587,25.059147],[121.60666459999999,25.05912409999999]]}},{"type":"Feature","properties":{"name":null,"kind":"footway"},"geometry":{"type":"LineString","coordinates":[[121.6065627,25.059147299999996],[121.6065693,25.0591282]]}},{"type":"Feature","properties":{"name":null,"kind":"steps"},"geometry":{"type":"LineString","coordinates":[[121.6065693,25.0591282],[121.6066587,25.059147]]}},{"type":"Feature","properties":{"name":null,"kind":"service"},"geometry":{"type":"LineString","coordinates":[[121.61342230000001,25.0590665],[121.61342200000001,25.059477199999996]]}},{"type":"Feature","properties":{"name":"重陽路","kind":"tertiary"},"geometry":{"type":"LineString","coordinates":[[121.6103798,25.0593596],[121.61008580000001,25.0592272]]}},{"type":"Feature","properties":{"name":"重陽路423巷1弄","kind":"service"},"geometry":{"type":"LineString","coordinates":[[121.6089623,25.059307599999997],[121.60954330000001,25.059491100000002]]}},{"type":"Feature","properties":{"name":null,"kind":"footway"},"geometry":{"type":"LineString","coordinates":[[121.6105966,25.059374999999996],[121.61074379999998,25.059463999999995]]}},{"type":"Feature","properties":{"name":"重陽路","kind":"tertiary"},"geometry":{"type":"LineString","coordinates":[[121.6106344,25.059508399999995],[121.6103798,25.0593596]]}},{"type":"Feature","properties":{"name":null,"kind":"footway"},"geometry":{"type":"LineString","coordinates":[[121.61048470000001,25.059548699999997],[121.6105966,25.059374999999996]]}},{"type":"Feature","properties":{"name":"松河街","kind":"residential"},"geometry":{"type":"LineString","coordinates":[[121.6065755,25.0589618],[121.6093731,25.059786999999996],[121.609899,25.0600742]]}},{"type":"Feature","properties":{"name":null,"kind":"footway"},"geometry":{"type":"LineString","coordinates":[[121.61282619999999,25.059078099999997],[121.6130042,25.059922899999997]]}},{"type":"Feature","properties":{"name":null,"kind":"footway"},"geometry":{"type":"MultiLineString","coordinates":[[[121.6116278,25.059164299999996],[121.61160200000002,25.059607900000003],[121.61132360000002,25.059902499999996],[121.61074379999998,25.059463999999995],[121.61099129999998,25.059144099999994],[121.6116278,25.059164299999996]],[[121.6116278,25.059164299999996],[121.611796,25.059172399999998],[121.61402720000001,25.059115599999995],[121.6141249,25.059146499999997]]]}},{"type":"Feature","properties":{"name":null,"kind":"footway"},"geometry":{"type":"LineString","coordinates":[[121.6106463,25.059644400000007],[121.61074379999998,25.059463999999995]]}},{"type":"Feature","properties":{"name":null,"kind":"footway"},"geometry":{"type":"LineString","coordinates":[[121.611796,25.059172399999998],[121.6117816,25.059560899999997],[121.61203910000002,25.059840300000005],[121.61372109999999,25.0598674],[121.6137366,25.059922499999995]]}},{"type":"Feature","properties":{"name":"園區街58巷","kind":"residential"},"geometry":{"type":"LineString","coordinates":[[121.6117092,25.059063499999997],[121.61167940000001,25.059661499999994],[121.61136920000001,25.060055]]}},{"type":"Feature","properties":{"name":null,"kind":"footway"},"geometry":{"type":"LineString","coordinates":[[121.60885539999998,25.059769899999996],[121.60894059999998,25.059644800000004]]}},{"type":"Feature","properties":{"name":null,"kind":"residential"},"geometry":{"type":"LineString","coordinates":[[121.6116974,25.059593299999996],[121.6120187,25.059892100000003],[121.614273,25.059892799999997]]}},{"type":"Feature","properties":{"name":null,"kind":"steps"},"geometry":{"type":"LineString","coordinates":[[121.60885539999998,25.059769899999996],[121.6089494,25.059801299999997]]}},{"type":"Feature","properties":{"name":"三重路","kind":"tertiary"},"geometry":{"type":"LineString","coordinates":[[121.61421,25.059051399999998],[121.6143091,25.0603475],[121.61441090000001,25.060479199999993]]}},{"type":"Feature","properties":{"name":"重陽路","kind":"tertiary"},"geometry":{"type":"LineString","coordinates":[[121.61136920000001,25.060055],[121.6106344,25.059508399999995]]}},{"type":"Feature","properties":{"name":null,"kind":"footway"},"geometry":{"type":"LineString","coordinates":[[121.60883979999998,25.059806999999996],[121.6088467,25.0597891]]}},{"type":"Feature","properties":{"name":null,"kind":"footway"},"geometry":{"type":"LineString","coordinates":[[121.6141249,25.059146499999997],[121.6142193,25.0604084]]}},{"type":"Feature","properties":{"name":null,"kind":"steps"},"geometry":{"type":"LineString","coordinates":[[121.6088467,25.0597891],[121.60894149999999,25.059820800000008]]}},{"type":"Feature","properties":{"name":null,"kind":"steps"},"geometry":{"type":"LineString","coordinates":[[121.5952766,25.059152899999997],[121.5951995,25.0591531]]}},{"type":"Feature","properties":{"name":null,"kind":"footway"},"geometry":{"type":"LineString","coordinates":[[121.5946565,25.059188999999996],[121.59466090000001,25.059143999999996]]}},{"type":"Feature","properties":{"name":null,"kind":"footway"},"geometry":{"type":"LineString","coordinates":[[121.5952766,25.059152899999997],[121.59527770000001,25.059193600000004]]}},{"type":"Feature","properties":{"name":null,"kind":"footway"},"geometry":{"type":"LineString","coordinates":[[121.5917475,25.0599955],[121.59260639999998,25.058479200000004]]}},{"type":"Feature","properties":{"name":"環東大道","kind":"trunk"},"geometry":{"type":"LineString","coordinates":[[121.5923449,25.0599621],[121.59386979999998,25.0592382]]}},{"type":"Feature","properties":{"name":"環東大道","kind":"trunk"},"geometry":{"type":"LineString","coordinates":[[121.5938744,25.059239799999997],[121.59234700000002,25.059964999999995]]}},{"type":"Feature","properties":{"name":null,"kind":"pedestrian"},"geometry":{"type":"LineString","coordinates":[[121.61698630000001,25.0597291],[121.6172163,25.0595857]]}},{"type":"Feature","properties":{"name":null,"kind":"cycleway"},"geometry":{"type":"LineString","coordinates":[[121.61438590000002,25.059465400000004],[121.6144075,25.059940799999993],[121.61449160000001,25.060066099999997],[121.6147668,25.0601074],[121.6150943,25.059885100000002]]}},{"type":"Feature","properties":{"name":"中國信託廣場與軟體園區站連通空橋","kind":"footway"},"geometry":{"type":"LineString","coordinates":[[121.6155208,25.0600552],[121.61519690000002,25.0596126]]}},{"type":"Feature","properties":{"name":null,"kind":"service"},"geometry":{"type":"LineString","coordinates":[[121.6169331,25.059839700000005],[121.61715970000002,25.059745],[121.6173342,25.059915599999997]]}},{"type":"Feature","properties":{"name":"經貿二路185巷","kind":"residential"},"geometry":{"type":"LineString","coordinates":[[121.61588069999999,25.059862199999998],[121.615864,25.059833900000005]]}},{"type":"Feature","properties":{"name":"經貿二路157巷","kind":"residential"},"geometry":{"type":"LineString","coordinates":[[121.6172657,25.060293500000004],[121.6166231,25.0594186]]}},{"type":"Feature","properties":{"name":"經貿二路","kind":"secondary"},"geometry":{"type":"LineString","coordinates":[[121.61441090000001,25.060479199999993],[121.61650990000001,25.059280299999994]]}},{"type":"Feature","properties":{"name":"經貿二路","kind":"secondary"},"geometry":{"type":"LineString","coordinates":[[121.6166231,25.0594186],[121.61451950000001,25.060574399999997]]}},{"type":"Feature","properties":{"name":"經貿二路185巷","kind":"service"},"geometry":{"type":"LineString","coordinates":[[121.61607039999998,25.0601644],[121.61588069999999,25.059862199999998]]}},{"type":"Feature","properties":{"name":null,"kind":"footway"},"geometry":{"type":"LineString","coordinates":[[121.61542640000002,25.059927099999996],[121.6153951,25.060155099999996]]}},{"type":"Feature","properties":{"name":null,"kind":"construction"},"geometry":{"type":"LineString","coordinates":[[121.61750230000001,25.060015099999998],[121.6173923,25.0600813],[121.6173021,25.0599675],[121.61700589999998,25.060110599999998]]}},{"type":"Feature","properties":{"name":null,"kind":"steps"},"geometry":{"type":"LineString","coordinates":[[121.61639949999999,25.06012979999999],[121.61630700000002,25.059990099999993]]}},{"type":"Feature","properties":{"name":null,"kind":"tertiary_link"},"geometry":{"type":"LineString","coordinates":[[121.614274,25.0599489],[121.61455160000001,25.060198],[121.61491619999998,25.060147399999995]]}},{"type":"Feature","properties":{"name":null,"kind":"steps"},"geometry":{"type":"LineString","coordinates":[[121.61636169999998,25.060150699999998],[121.6162654,25.0600083]]}},{"type":"Feature","properties":{"name":null,"kind":"footway"},"geometry":{"type":"LineString","coordinates":[[121.61605200000001,25.059970600000003],[121.61647659999998,25.060649899999994],[121.6170431,25.060351200000003],[121.6171353,25.0602779],[121.6170954,25.060198800000006],[121.6166483,25.059591200000003]]}},{"type":"Feature","properties":{"name":null,"kind":"footway"},"geometry":{"type":"LineString","coordinates":[[121.6147684,25.0606845],[121.6166483,25.059591200000003]]}},{"type":"Feature","properties":{"name":null,"kind":"footway"},"geometry":{"type":"LineString","coordinates":[[121.61681530000001,25.059450400000003],[121.6173048,25.0601845],[121.61796940000002,25.06085309999999]]}},{"type":"Feature","properties":{"name":null,"kind":"steps"},"geometry":{"type":"LineString","coordinates":[[121.6153951,25.060155099999996],[121.61534280000001,25.06018179999999],[121.61539910000002,25.060170899999996]]}},{"type":"Feature","properties":{"name":null,"kind":"footway"},"geometry":{"type":"LineString","coordinates":[[121.61621290000001,25.0602331],[121.61639949999999,25.06012979999999]]}},{"type":"Feature","properties":{"name":null,"kind":"footway"},"geometry":{"type":"LineString","coordinates":[[121.6144525,25.060317600000005],[121.61460919999999,25.060083499999998]]}},{"type":"Feature","properties":{"name":null,"kind":"footway"},"geometry":{"type":"LineString","coordinates":[[121.6171353,25.0602779],[121.6173048,25.0601845]]}},{"type":"Feature","properties":{"name":null,"kind":"footway"},"geometry":{"type":"LineString","coordinates":[[121.6157747,25.060256],[121.6157638,25.0602233]]}},{"type":"Feature","properties":{"name":null,"kind":"service"},"geometry":{"type":"LineString","coordinates":[[121.61830700000002,25.0604813],[121.61813909999998,25.0602981],[121.61834449999999,25.060015300000003]]}},{"type":"Feature","properties":{"name":null,"kind":"pedestrian"},"geometry":{"type":"LineString","coordinates":[[121.6181884,25.0605254],[121.6180709,25.0603981],[121.6176579,25.060300999999995],[121.6174763,25.0600956],[121.6175268,25.060056500000005]]}},{"type":"Feature","properties":{"name":null,"kind":"steps"},"geometry":{"type":"LineString","coordinates":[[121.61580000000001,25.0602124],[121.61591399999999,25.060394599999995]]}},{"type":"Feature","properties":{"name":null,"kind":"steps"},"geometry":{"type":"LineString","coordinates":[[121.6157638,25.0602233],[121.6158818,25.060411599999995]]}},{"type":"Feature","properties":{"name":null,"kind":"footway"},"geometry":{"type":"LineString","coordinates":[[121.61721790000001,25.0603798],[121.61738830000002,25.0602737]]}},{"type":"Feature","properties":{"name":null,"kind":"footway"},"geometry":{"type":"LineString","coordinates":[[121.61721790000001,25.0603798],[121.6171353,25.0602779]]}},{"type":"Feature","properties":{"name":null,"kind":"pedestrian"},"geometry":{"type":"LineString","coordinates":[[121.61793070000002,25.060386499999996],[121.617931,25.060283999999996]]}},{"type":"Feature","properties":{"name":null,"kind":"footway"},"geometry":{"type":"LineString","coordinates":[[121.6158818,25.060411599999995],[121.61609889999998,25.060293799999993]]}},{"type":"Feature","properties":{"name":null,"kind":"pedestrian"},"geometry":{"type":"LineString","coordinates":[[121.61764999999998,25.060531299999997],[121.61793070000002,25.060386499999996]]}},{"type":"Feature","properties":{"name":null,"kind":"footway"},"geometry":{"type":"LineString","coordinates":[[121.6147684,25.0606845],[121.6144525,25.060317600000005]]}},{"type":"Feature","properties":{"name":null,"kind":"secondary_link"},"geometry":{"type":"LineString","coordinates":[[121.61441090000001,25.060479199999993],[121.61451950000001,25.060574399999997]]}},{"type":"Feature","properties":{"name":null,"kind":"footway"},"geometry":{"type":"LineString","coordinates":[[121.61551200000001,25.0602398],[121.6159816,25.0609361]]}},{"type":"Feature","properties":{"name":null,"kind":"footway"},"geometry":{"type":"LineString","coordinates":[[121.615876,25.0599324],[121.6163528,25.060715599999995],[121.61537940000001,25.061279],[121.6147684,25.0606845]]}},{"type":"Feature","properties":{"name":"經貿二路157巷","kind":"residential"},"geometry":{"type":"LineString","coordinates":[[121.61795660000001,25.060954399999996],[121.6172657,25.060293500000004]]}},{"type":"Feature","properties":{"name":null,"kind":"footway"},"geometry":{"type":"LineString","coordinates":[[121.6163528,25.060715599999995],[121.61647659999998,25.060649899999994]]}},{"type":"Feature","properties":{"name":null,"kind":"footway"},"geometry":{"type":"LineString","coordinates":[[121.61647659999998,25.060649899999994],[121.6165093,25.0607329]]}},{"type":"Feature","properties":{"name":null,"kind":"footway"},"geometry":{"type":"LineString","coordinates":[[121.61465819999998,25.060775200000002],[121.6147684,25.0606845]]}},{"type":"Feature","properties":{"name":null,"kind":"footway"},"geometry":{"type":"LineString","coordinates":[[121.6163839,25.060816900000003],[121.61633700000002,25.060724500000003]]}},{"type":"Feature","properties":{"name":null,"kind":"footway"},"geometry":{"type":"LineString","coordinates":[[121.61796940000002,25.06085309999999],[121.61887040000002,25.059504599999997],[121.61927039999999,25.0590644]]}},{"type":"Feature","properties":{"name":"經貿一路","kind":"tertiary"},"geometry":{"type":"LineString","coordinates":[[121.61795660000001,25.060954399999996],[121.61900210000002,25.059516600000002],[121.6194491,25.0590328]]}},{"type":"Feature","properties":{"name":null,"kind":"steps"},"geometry":{"type":"LineString","coordinates":[[121.6209063,25.0600163],[121.6208274,25.060111799999994],[121.62088579999998,25.060003899999998]]}},{"type":"Feature","properties":{"name":"經貿一路入口匝道","kind":"trunk_link"},"geometry":{"type":"LineString","coordinates":[[121.6189597,25.059701200000003],[121.61834840000002,25.060590899999998]]}},{"type":"Feature","properties":{"name":null,"kind":"service"},"geometry":{"type":"LineString","coordinates":[[121.6200494,25.0604907],[121.61994690000002,25.060408399999996]]}},{"type":"Feature","properties":{"name":null,"kind":"service"},"geometry":{"type":"LineString","coordinates":[[121.6188134,25.061480800000002],[121.619227,25.061141499999998],[121.6204569,25.059868799999997]]}},{"type":"Feature","properties":{"name":null,"kind":"steps"},"geometry":{"type":"LineString","coordinates":[[121.6202837,25.0606975],[121.6202009,25.060778400000004],[121.6202634,25.060681199999998]]}},{"type":"Feature","properties":{"name":"港東街","kind":"unclassified"},"geometry":{"type":"LineString","coordinates":[[121.61734099999998,25.0624833],[121.6180711,25.062116],[121.61925080000002,25.0612707],[121.6203147,25.0602316],[121.62127550000001,25.059053899999995]]}},{"type":"Feature","properties":{"name":null,"kind":"footway"},"geometry":{"type":"LineString","coordinates":[[121.6163839,25.060816900000003],[121.6165093,25.0607329]]}},{"type":"Feature","properties":{"name":"經貿二路157巷36弄","kind":"residential"},"geometry":{"type":"LineString","coordinates":[[121.61533979999999,25.0613658],[121.6172657,25.060293500000004]]}},{"type":"Feature","properties":{"name":"經貿一路","kind":"tertiary"},"geometry":{"type":"LineString","coordinates":[[121.6191768,25.059486800000006],[121.617318,25.0621664]]}},{"type":"Feature","properties":{"name":null,"kind":"cycleway"},"geometry":{"type":"LineString","coordinates":[[121.61659270000001,25.059531899999996],[121.61463190000002,25.060660799999997],[121.61427889999999,25.061000499999995],[121.61337610000001,25.0621989]]}},{"type":"Feature","properties":{"name":"經貿二路235巷","kind":"residential"},"geometry":{"type":"LineString","coordinates":[[121.61451950000001,25.060574399999997],[121.61533979999999,25.0613658]]}},{"type":"Feature","properties":{"name":"經貿二路157巷","kind":"residential"},"geometry":{"type":"LineString","coordinates":[[121.6181025,25.061109800000004],[121.61795660000001,25.060954399999996]]}},{"type":"Feature","properties":{"name":null,"kind":"footway"},"geometry":{"type":"LineString","coordinates":[[121.61810209999999,25.061232599999997],[121.6178603,25.061012799999997],[121.61796940000002,25.06085309999999],[121.61821720000002,25.0610667]]}},{"type":"Feature","properties":{"name":"經貿二路185巷","kind":"residential"},"geometry":{"type":"LineString","coordinates":[[121.61721520000002,25.0619473],[121.61607039999998,25.0601644]]}},{"type":"Feature","properties":{"name":null,"kind":"footway"},"geometry":{"type":"LineString","coordinates":[[121.61722420000001,25.061838899999998],[121.6173224,25.061840899999996],[121.6178603,25.061012799999997],[121.61721790000001,25.0603798],[121.6165093,25.0607329],[121.61722420000001,25.061838899999998]]}},{"type":"Feature","properties":{"name":"環東大道","kind":"trunk"},"geometry":{"type":"LineString","coordinates":[[121.62146710000002,25.059130700000004],[121.6209138,25.059902100000002],[121.6201175,25.0607565],[121.6186488,25.062000199999996],[121.6176486,25.062586999999997],[121.6170011,25.062866199999995],[121.61546210000002,25.063332]]}},{"type":"Feature","properties":{"name":null,"kind":"footway"},"geometry":{"type":"LineString","coordinates":[[121.60894149999999,25.059820800000008],[121.6089494,25.059801299999997]]}},{"type":"Feature","properties":{"name":null,"kind":"footway"},"geometry":{"type":"LineString","coordinates":[[121.6091933,25.058947100000005],[121.61048470000001,25.059548699999997],[121.61126030000001,25.060103599999998],[121.6110063,25.060670399999996],[121.61085589999999,25.060734699999998],[121.6106868,25.06062]]}},{"type":"Feature","properties":{"name":null,"kind":"footway"},"geometry":{"type":"LineString","coordinates":[[121.6113579,25.059890299999996],[121.6114973,25.060013300000005]]}},{"type":"Feature","properties":{"name":null,"kind":"service"},"geometry":{"type":"LineString","coordinates":[[121.609899,25.0600742],[121.60999749999999,25.059863000000004]]}},{"type":"Feature","properties":{"name":null,"kind":"footway"},"geometry":{"type":"LineString","coordinates":[[121.611186,25.060037999999995],[121.61132360000002,25.059902499999996]]}},{"type":"Feature","properties":{"name":null,"kind":"service"},"geometry":{"type":"LineString","coordinates":[[121.61003120000001,25.0602555],[121.610168,25.0600072]]}},{"type":"Feature","properties":{"name":null,"kind":"footway"},"geometry":{"type":"LineString","coordinates":[[121.61127450000001,25.0601302],[121.61143200000001,25.060280199999998]]}},{"type":"Feature","properties":{"name":null,"kind":"footway"},"geometry":{"type":"LineString","coordinates":[[121.6132526,25.060312999999997],[121.6130312,25.060259399999996],[121.61300680000001,25.0600828]]}},{"type":"Feature","properties":{"name":null,"kind":"footway"},"geometry":{"type":"LineString","coordinates":[[121.61025010000002,25.060292899999993],[121.61001799999998,25.0601374]]}},{"type":"Feature","properties":{"name":null,"kind":"footway"},"geometry":{"type":"LineString","coordinates":[[121.61143200000001,25.060280199999998],[121.6116136,25.060157799999995]]}},{"type":"Feature","properties":{"name":"重陽路504巷","kind":"service"},"geometry":{"type":"LineString","coordinates":[[121.61239659999998,25.059890599999996],[121.612421,25.060305999999997],[121.6123567,25.060463499999997],[121.61193449999999,25.060720000000003]]}},{"type":"Feature","properties":{"name":null,"kind":"footway"},"geometry":{"type":"LineString","coordinates":[[121.6142193,25.0604084],[121.61442679999999,25.060273100000003]]}},{"type":"Feature","properties":{"name":"松河街","kind":"residential"},"geometry":{"type":"LineString","coordinates":[[121.609899,25.0600742],[121.6099722,25.0602127],[121.6110294,25.0609192],[121.61136920000001,25.060055]]}},{"type":"Feature","properties":{"name":null,"kind":"footway"},"geometry":{"type":"LineString","coordinates":[[121.6130042,25.059922899999997],[121.61299539999999,25.0604699],[121.6130805,25.060582499999995],[121.6130357,25.060902400000003],[121.61288820000001,25.061141700000004]]}},{"type":"Feature","properties":{"name":"三重路67巷","kind":"service"},"geometry":{"type":"LineString","coordinates":[[121.61420690000001,25.060603800000003],[121.6137433,25.060666100000006]]}},{"type":"Feature","properties":{"name":"三重路67巷","kind":"service"},"geometry":{"type":"LineString","coordinates":[[121.6137433,25.060666100000006],[121.6134305,25.060608299999995]]}},{"type":"Feature","properties":{"name":"重陽路79巷8弄","kind":"service"},"geometry":{"type":"LineString","coordinates":[[121.6132526,25.060312999999997],[121.61343010000002,25.060322800000005],[121.6134507,25.0605691],[121.6130957,25.061216299999998],[121.6129549,25.0612212]]}},{"type":"Feature","properties":{"name":"三重路","kind":"secondary"},"geometry":{"type":"LineString","coordinates":[[121.61377610000001,25.0611721],[121.61441090000001,25.060479199999993]]}},{"type":"Feature","properties":{"name":null,"kind":"footway"},"geometry":{"type":"LineString","coordinates":[[121.6114973,25.060013300000005],[121.61277519999999,25.0615488],[121.613045,25.061659099999996],[121.6132413,25.061627899999998],[121.6141532,25.0606068],[121.6142193,25.0604084]]}},{"type":"Feature","properties":{"name":"重陽路504巷1巷","kind":"service"},"geometry":{"type":"LineString","coordinates":[[121.6123567,25.060463499999997],[121.6129549,25.0612212]]}},{"type":"Feature","properties":{"name":"環東大道","kind":"trunk"},"geometry":{"type":"LineString","coordinates":[[121.59386979999998,25.0592382],[121.59440010000002,25.0591293],[121.595524,25.059099499999995],[121.5960543,25.0589971],[121.5976844,25.0584825],[121.59897099999999,25.058347700000002],[121.60247479999998,25.0585293],[121.60601149999998,25.058990899999998],[121.60758050000001,25.059357199999997],[121.6094705,25.059978],[121.6109778,25.0609436],[121.61228700000001,25.0623513]]}},{"type":"Feature","properties":{"name":"環東大道","kind":"trunk"},"geometry":{"type":"LineString","coordinates":[[121.61546210000002,25.063332],[121.6147801,25.063527699999998],[121.61437910000001,25.063568400000005],[121.61390060000001,25.063534799999996],[121.61335579999998,25.063389799999996],[121.61276709999999,25.0630029],[121.61092099999999,25.060972800000002],[121.6097945,25.060153],[121.60864200000002,25.059691199999996],[121.6064214,25.0590632],[121.6024751,25.0585303],[121.59896320000001,25.058351599999995],[121.5976723,25.058481899999997],[121.59577120000002,25.059060099999996],[121.59440010000002,25.059132999999996],[121.5938744,25.059239799999997]]}},{"type":"Feature","properties":{"name":"基隆河左岸自行車道","kind":"cycleway"},"geometry":{"type":"LineString","coordinates":[[121.6130828,25.0635269],[121.61085560000001,25.060967800000004],[121.61001279999999,25.060371399999998],[121.60927720000001,25.0599573],[121.6065627,25.059147299999996],[121.60503240000001,25.0588865],[121.60128390000001,25.058492100000002]]}},{"type":"Feature","properties":{"name":null,"kind":"footway"},"geometry":{"type":"LineString","coordinates":[[121.61112610000002,25.060898],[121.6109682,25.0608194],[121.61088119999998,25.0609424]]}},{"type":"Feature","properties":{"name":"三重路","kind":"secondary"},"geometry":{"type":"LineString","coordinates":[[121.61451950000001,25.060574399999997],[121.61425420000002,25.060733199999998],[121.6138578,25.061227600000002]]}},{"type":"Feature","properties":{"name":"重陽路","kind":"tertiary"},"geometry":{"type":"LineString","coordinates":[[121.6128187,25.061776699999996],[121.61136920000001,25.060055]]}},{"type":"Feature","properties":{"name":null,"kind":"footway"},"geometry":{"type":"LineString","coordinates":[[121.61086570000002,25.060957699999996],[121.61085560000001,25.060967800000004]]}},{"type":"Feature","properties":{"name":"重陽路79巷","kind":"service"},"geometry":{"type":"LineString","coordinates":[[121.61332089999999,25.060832399999995],[121.6137483,25.061075700000004]]}},{"type":"Feature","properties":{"name":null,"kind":"steps"},"geometry":{"type":"LineString","coordinates":[[121.61088119999998,25.0609424],[121.6109503,25.060997799999996]]}},{"type":"Feature","properties":{"name":null,"kind":"steps"},"geometry":{"type":"LineString","coordinates":[[121.61086570000002,25.060957699999996],[121.61093509999999,25.0610133]]}},{"type":"Feature","properties":{"name":null,"kind":"footway"},"geometry":{"type":"LineString","coordinates":[[121.61093509999999,25.0610133],[121.6109503,25.060997799999996]]}},{"type":"Feature","properties":{"name":"三重路","kind":"tertiary"},"geometry":{"type":"LineString","coordinates":[[121.6132506,25.0616576],[121.61420690000001,25.060603800000003],[121.61433500000001,25.060565699999994]]}},{"type":"Feature","properties":{"name":null,"kind":"footway"},"geometry":{"type":"LineString","coordinates":[[121.61143200000001,25.060280199999998],[121.61278510000001,25.061847499999992],[121.6128602,25.0620429]]}},{"type":"Feature","properties":{"name":"松河街","kind":"residential"},"geometry":{"type":"LineString","coordinates":[[121.61177070000001,25.061658800000004],[121.6110294,25.0609192]]}},{"type":"Feature","properties":{"name":null,"kind":"footway"},"geometry":{"type":"LineString","coordinates":[[121.6129549,25.0612212],[121.61266059999998,25.061402400000002]]}},{"type":"Feature","properties":{"name":null,"kind":"footway"},"geometry":{"type":"LineString","coordinates":[[121.61143200000001,25.060280199999998],[121.61111700000001,25.060915599999998],[121.61245830000001,25.0623561]]}},{"type":"Feature","properties":{"name":"三重路","kind":"tertiary"},"geometry":{"type":"LineString","coordinates":[[121.6143702,25.0606442],[121.61371720000001,25.06160949999999],[121.613228,25.0621816]]}},{"type":"Feature","properties":{"name":null,"kind":"footway"},"geometry":{"type":"LineString","coordinates":[[121.6133949,25.062218800000004],[121.61465819999998,25.060775200000002]]}},{"type":"Feature","properties":{"name":null,"kind":"tertiary_link"},"geometry":{"type":"LineString","coordinates":[[121.612641,25.06156409999999],[121.6129862,25.061697300000002],[121.6132506,25.0616576]]}},{"type":"Feature","properties":{"name":null,"kind":"cycleway"},"geometry":{"type":"LineString","coordinates":[[121.61362749999999,25.061665899999998],[121.6136816,25.0616018],[121.6137816,25.0616341]]}},{"type":"Feature","properties":{"name":null,"kind":"footway"},"geometry":{"type":"LineString","coordinates":[[121.6129187,25.061630000000005],[121.6127645,25.061822300000003]]}},{"type":"Feature","properties":{"name":"三重路","kind":"tertiary"},"geometry":{"type":"LineString","coordinates":[[121.6129818,25.061938],[121.6132506,25.0616576]]}},{"type":"Feature","properties":{"name":"南湖大橋行人單車道","kind":"footway"},"geometry":{"type":"LineString","coordinates":[[121.61362749999999,25.061665899999998],[121.6132626,25.062047499999995]]}},{"type":"Feature","properties":{"name":null,"kind":"footway"},"geometry":{"type":"LineString","coordinates":[[121.61523000000001,25.0613738],[121.61537940000001,25.061279]]}},{"type":"Feature","properties":{"name":null,"kind":"footway"},"geometry":{"type":"LineString","coordinates":[[121.61545010000002,25.061376099999997],[121.61537940000001,25.061279]]}},{"type":"Feature","properties":{"name":"經貿一路","kind":"tertiary"},"geometry":{"type":"LineString","coordinates":[[121.61739220000001,25.061787500000005],[121.61795660000001,25.060954399999996]]}},{"type":"Feature","properties":{"name":null,"kind":"footway"},"geometry":{"type":"LineString","coordinates":[[121.61465819999998,25.060775200000002],[121.61523000000001,25.0613738],[121.6146895,25.062029599999995],[121.61464019999998,25.0620544],[121.6138617,25.0615184]]}},{"type":"Feature","properties":{"name":null,"kind":"service"},"geometry":{"type":"LineString","coordinates":[[121.6179502,25.0616251],[121.61834209999999,25.061210900000003],[121.61868620000001,25.061454199999993]]}},{"type":"Feature","properties":{"name":null,"kind":"footway"},"geometry":{"type":"LineString","coordinates":[[121.61523000000001,25.0613738],[121.6153267,25.0614958]]}},{"type":"Feature","properties":{"name":null,"kind":"footway"},"geometry":{"type":"LineString","coordinates":[[121.6153267,25.0614958],[121.61545010000002,25.061376099999997]]}},{"type":"Feature","properties":{"name":"基隆河左岸自行車道","kind":"cycleway"},"geometry":{"type":"LineString","coordinates":[[121.6130828,25.0635269],[121.61347309999998,25.0637556],[121.6138096,25.063825199999997],[121.614904,25.063640499999998],[121.6170384,25.062992999999995],[121.6182924,25.0623564],[121.6194148,25.061557],[121.62034020000002,25.060711499999996],[121.6215638,25.059233800000005],[121.6214148,25.059140399999997]]}},{"type":"Feature","properties":{"name":null,"kind":"service"},"geometry":{"type":"LineString","coordinates":[[121.6163955,25.062824099999997],[121.61683080000002,25.0626783],[121.6174194,25.06264669999999],[121.61846579999998,25.0620596],[121.6193593,25.061421900000003],[121.61986299999998,25.0609474],[121.6203147,25.0602316]]}},{"type":"Feature","properties":{"name":null,"kind":"service"},"geometry":{"type":"LineString","coordinates":[[121.61776370000001,25.061564700000005],[121.61826329999998,25.061777999999993],[121.6187246,25.0614682],[121.6188131,25.061312900000004]]}},{"type":"Feature","properties":{"name":null,"kind":"service"},"geometry":{"type":"LineString","coordinates":[[121.61882189999999,25.061289299999995],[121.61850950000002,25.0610779],[121.6190902,25.0604644],[121.61941200000001,25.0607086]]}},{"type":"Feature","properties":{"name":null,"kind":"trunk_link"},"geometry":{"type":"LineString","coordinates":[[121.6205064,25.060253599999996],[121.6193672,25.061339699999998],[121.6185788,25.061944699999998]]}},{"type":"Feature","properties":{"name":null,"kind":"service"},"geometry":{"type":"LineString","coordinates":[[121.6188131,25.061312900000004],[121.61882189999999,25.061289299999995]]}},{"type":"Feature","properties":{"name":null,"kind":"service"},"geometry":{"type":"LineString","coordinates":[[121.61882189999999,25.061289299999995],[121.6188484,25.0613129]]}},{"type":"Feature","properties":{"name":null,"kind":"steps"},"geometry":{"type":"LineString","coordinates":[[121.61957670000001,25.0613526],[121.61946620000002,25.0614502],[121.61954799999998,25.0613381]]}},{"type":"Feature","properties":{"name":null,"kind":"service"},"geometry":{"type":"LineString","coordinates":[[121.61868620000001,25.061454199999993],[121.6188134,25.061480800000002]]}},{"type":"Feature","properties":{"name":null,"kind":"service"},"geometry":{"type":"LineString","coordinates":[[121.6188484,25.0613129],[121.618746,25.0615037],[121.6182472,25.0618292],[121.61808790000002,25.061815499999998],[121.61772919999999,25.061617500000004]]}},{"type":"Feature","properties":{"name":null,"kind":"service"},"geometry":{"type":"LineString","coordinates":[[121.61778380000001,25.061533899999997],[121.6181986,25.061745399999992],[121.61865050000002,25.061471000000008],[121.6187456,25.061547199999996]]}},{"type":"Feature","properties":{"name":null,"kind":"footway"},"geometry":{"type":"LineString","coordinates":[[121.61775560000001,25.061726299999997],[121.6179086,25.061519]]}},{"type":"Feature","properties":{"name":"環東大道","kind":"trunk"},"geometry":{"type":"LineString","coordinates":[[121.6151641,25.063346199999998],[121.6175205,25.06247430000001],[121.6181562,25.0621317],[121.61921300000002,25.0613761],[121.62058020000002,25.060054299999997]]}},{"type":"Feature","properties":{"name":null,"kind":"service"},"geometry":{"type":"LineString","coordinates":[[121.6187456,25.061547199999996],[121.6183264,25.061851499999992],[121.6181866,25.061876299999998],[121.61770180000002,25.061659500000005]]}},{"type":"Feature","properties":{"name":null,"kind":"footway"},"geometry":{"type":"LineString","coordinates":[[121.61582540000002,25.062664199999997],[121.61557320000001,25.0616152],[121.61545010000002,25.061376099999997],[121.6163839,25.060816900000003],[121.61711140000001,25.06193409999999],[121.61582540000002,25.062664199999997]]}},{"type":"Feature","properties":{"name":"經貿二路235巷","kind":"residential"},"geometry":{"type":"LineString","coordinates":[[121.61533979999999,25.0613658],[121.6155061,25.061659],[121.6156351,25.06228279999999]]}},{"type":"Feature","properties":{"name":"經貿一路","kind":"tertiary"},"geometry":{"type":"LineString","coordinates":[[121.61732929999998,25.061876600000005],[121.61739220000001,25.061787500000005]]}},{"type":"Feature","properties":{"name":null,"kind":"footway"},"geometry":{"type":"LineString","coordinates":[[121.617114,25.0619064],[121.61722420000001,25.061838899999998]]}},{"type":"Feature","properties":{"name":"經貿一路入口匝道","kind":"trunk_link"},"geometry":{"type":"LineString","coordinates":[[121.61834840000002,25.060590899999998],[121.61697970000002,25.0625413],[121.6167425,25.062782799999997],[121.61546210000002,25.063332]]}},{"type":"Feature","properties":{"name":null,"kind":"footway"},"geometry":{"type":"LineString","coordinates":[[121.61476309999999,25.0621336],[121.61535029999999,25.0625098],[121.61555310000001,25.062256999999992],[121.6153267,25.0614958],[121.61476309999999,25.0621336]]}},{"type":"Feature","properties":{"name":"三重路200巷","kind":"residential"},"geometry":{"type":"LineString","coordinates":[[121.6137843,25.061516],[121.61534579999999,25.062594]]}},{"type":"Feature","properties":{"name":null,"kind":"footway"},"geometry":{"type":"LineString","coordinates":[[121.61464019999998,25.0620544],[121.61476309999999,25.0621336],[121.61469500000001,25.062225],[121.61455550000001,25.062148200000003],[121.61464019999998,25.0620544]]}},{"type":"Feature","properties":{"name":"經貿二路157巷36弄","kind":"residential"},"geometry":{"type":"LineString","coordinates":[[121.6139969,25.062930399999996],[121.61533979999999,25.0613658]]}},{"type":"Feature","properties":{"name":"經貿一路出口匝道","kind":"trunk_link"},"geometry":{"type":"LineString","coordinates":[[121.61760499999998,25.06251319999999],[121.6172895,25.0625923],[121.6171134,25.062439700000002],[121.61711980000001,25.062261600000003],[121.61739220000001,25.061787500000005]]}},{"type":"Feature","properties":{"name":null,"kind":"trunk_link"},"geometry":{"type":"LineString","coordinates":[[121.61760499999998,25.06251319999999],[121.6185788,25.061944699999998]]}},{"type":"Feature","properties":{"name":null,"kind":"footway"},"geometry":{"type":"LineString","coordinates":[[121.61555310000001,25.062256999999992],[121.615709,25.062240999999997]]}},{"type":"Feature","properties":{"name":null,"kind":"footway"},"geometry":{"type":"LineString","coordinates":[[121.6169354,25.062364599999995],[121.6168427,25.062238099999995]]}},{"type":"Feature","properties":{"name":"經貿一路","kind":"tertiary"},"geometry":{"type":"LineString","coordinates":[[121.617318,25.0621664],[121.6172567,25.062363699999995],[121.61734099999998,25.0624833]]}},{"type":"Feature","properties":{"name":null,"kind":"footway"},"geometry":{"type":"LineString","coordinates":[[121.61555310000001,25.062256999999992],[121.6155985,25.062466999999998]]}},{"type":"Feature","properties":{"name":null,"kind":"footway"},"geometry":{"type":"LineString","coordinates":[[121.6155985,25.062466999999998],[121.61575020000001,25.062436199999993]]}},{"type":"Feature","properties":{"name":null,"kind":"steps"},"geometry":{"type":"LineString","coordinates":[[121.6180141,25.062447999999996],[121.6179001,25.062518999999995],[121.6179916,25.062423599999995]]}},{"type":"Feature","properties":{"name":null,"kind":"footway"},"geometry":{"type":"LineString","coordinates":[[121.6159826,25.062926199999996],[121.6167746,25.062556299999997],[121.6171382,25.062088499999998],[121.61589330000001,25.0628057]]}},{"type":"Feature","properties":{"name":"經貿一路入口匝道","kind":"trunk_link"},"geometry":{"type":"LineString","coordinates":[[121.61734099999998,25.0624833],[121.61760499999998,25.06251319999999]]}},{"type":"Feature","properties":{"name":"經貿二路235巷","kind":"residential"},"geometry":{"type":"LineString","coordinates":[[121.6156351,25.06228279999999],[121.61578320000001,25.06281]]}},{"type":"Feature","properties":{"name":null,"kind":"footway"},"geometry":{"type":"LineString","coordinates":[[121.6165028,25.062599000000002],[121.61642910000002,25.062493999999997]]}},{"type":"Feature","properties":{"name":null,"kind":"footway"},"geometry":{"type":"LineString","coordinates":[[121.6153288,25.062519899999998],[121.6154299,25.062583099999998]]}},{"type":"Feature","properties":{"name":null,"kind":"footway"},"geometry":{"type":"LineString","coordinates":[[121.61525570000002,25.062617699999997],[121.6153288,25.062519899999998]]}},{"type":"Feature","properties":{"name":null,"kind":"footway"},"geometry":{"type":"LineString","coordinates":[[121.6155902,25.0625928],[121.6156296,25.062584299999994]]}},{"type":"Feature","properties":{"name":null,"kind":"footway"},"geometry":{"type":"LineString","coordinates":[[121.6163795,25.062788],[121.6165028,25.062599000000002],[121.6168974,25.062410000000003]]}},{"type":"Feature","properties":{"name":null,"kind":"steps"},"geometry":{"type":"LineString","coordinates":[[121.61882940000001,25.061962100000002],[121.618729,25.062031599999994],[121.61880560000002,25.061937999999998]]}},{"type":"Feature","properties":{"name":"重陽路","kind":"tertiary"},"geometry":{"type":"LineString","coordinates":[[121.6128187,25.061776699999996],[121.613228,25.0621816]]}},{"type":"Feature","properties":{"name":"松河街","kind":"residential"},"geometry":{"type":"LineString","coordinates":[[121.61177070000001,25.061658800000004],[121.61252910000002,25.062551499999998]]}},{"type":"Feature","properties":{"name":null,"kind":"steps"},"geometry":{"type":"LineString","coordinates":[[121.6128602,25.0620429],[121.61277570000001,25.062161899999996]]}},{"type":"Feature","properties":{"name":null,"kind":"footway"},"geometry":{"type":"LineString","coordinates":[[121.61245830000001,25.0623561],[121.6128601,25.0620082]]}},{"type":"Feature","properties":{"name":null,"kind":"footway"},"geometry":{"type":"LineString","coordinates":[[121.6132638,25.062323699999997],[121.6128602,25.0620429]]}},{"type":"Feature","properties":{"name":null,"kind":"footway"},"geometry":{"type":"LineString","coordinates":[[121.61337610000001,25.0621989],[121.61397250000002,25.062824700000007],[121.6145635,25.0621852],[121.6144389,25.06203979999999],[121.6137816,25.0616341]]}},{"type":"Feature","properties":{"name":null,"kind":"footway"},"geometry":{"type":"LineString","coordinates":[[121.6132638,25.062323699999997],[121.61337610000001,25.0621989]]}},{"type":"Feature","properties":{"name":"環東大道","kind":"trunk"},"geometry":{"type":"LineString","coordinates":[[121.61228700000001,25.0623513],[121.6123891,25.0624428]]}},{"type":"Feature","properties":{"name":"三重路","kind":"residential"},"geometry":{"type":"LineString","coordinates":[[121.61252910000002,25.062551499999998],[121.61271760000001,25.0626167],[121.613228,25.0621816]]}},{"type":"Feature","properties":{"name":"經園街","kind":"residential"},"geometry":{"type":"LineString","coordinates":[[121.613228,25.0621816],[121.61275050000002,25.062743199999996]]}},{"type":"Feature","properties":{"name":null,"kind":"footway"},"geometry":{"type":"LineString","coordinates":[[121.61525570000002,25.062617699999997],[121.61535090000001,25.062674900000005]]}},{"type":"Feature","properties":{"name":null,"kind":"footway"},"geometry":{"type":"LineString","coordinates":[[121.6141014,25.0629338],[121.61469500000001,25.062225],[121.61524970000002,25.062598800000004],[121.6148502,25.0630681],[121.6145169,25.0630882],[121.6141014,25.0629338]]}},{"type":"Feature","properties":{"name":"經園街","kind":"residential"},"geometry":{"type":"LineString","coordinates":[[121.61295759999999,25.062960500000003],[121.6138071,25.0633821],[121.61460110000002,25.0634137],[121.6151017,25.0632241],[121.61732929999998,25.061876600000005]]}},{"type":"Feature","properties":{"name":"經貿一路出口匝道","kind":"trunk_link"},"geometry":{"type":"LineString","coordinates":[[121.6146193,25.063509399999994],[121.61658180000002,25.0627252],[121.6169686,25.062387299999994],[121.61732929999998,25.061876600000005]]}},{"type":"Feature","properties":{"name":"經貿二路235巷60弄","kind":"residential"},"geometry":{"type":"LineString","coordinates":[[121.6156351,25.06228279999999],[121.61488880000002,25.063115399999997],[121.61441660000001,25.06315529999999],[121.6140466,25.0629863]]}},{"type":"Feature","properties":{"name":null,"kind":"footway"},"geometry":{"type":"LineString","coordinates":[[121.61547380000002,25.0628822],[121.6155725,25.062836400000002],[121.61561370000001,25.062684999999995],[121.61554940000002,25.062569499999995],[121.6154299,25.062583099999998]]}},{"type":"Feature","properties":{"name":null,"kind":"footway"},"geometry":{"type":"LineString","coordinates":[[121.61567670000001,25.0628013],[121.615838,25.062704699999998]]}},{"type":"Feature","properties":{"name":null,"kind":"footway"},"geometry":{"type":"LineString","coordinates":[[121.615838,25.062704699999998],[121.61589330000001,25.0628057]]}},{"type":"Feature","properties":{"name":null,"kind":"footway"},"geometry":{"type":"LineString","coordinates":[[121.6156073,25.062776899999992],[121.61567670000001,25.0628013]]}},{"type":"Feature","properties":{"name":null,"kind":"steps"},"geometry":{"type":"LineString","coordinates":[[121.61724280000001,25.062813300000002],[121.6171044,25.0628713],[121.61722489999998,25.062784999999995]]}},{"type":"Feature","properties":{"name":"經貿二路出口匝道","kind":"trunk_link"},"geometry":{"type":"LineString","coordinates":[[121.6123891,25.0624428],[121.61252910000002,25.062551499999998]]}},{"type":"Feature","properties":{"name":"重陽路","kind":"residential"},"geometry":{"type":"LineString","coordinates":[[121.613228,25.0621816],[121.6140466,25.0629863]]}},{"type":"Feature","properties":{"name":"南湖大橋行人單車道","kind":"footway"},"geometry":{"type":"LineString","coordinates":[[121.6114258,25.0634018],[121.6128708,25.062075199999995]]}},{"type":"Feature","properties":{"name":"經園街","kind":"residential"},"geometry":{"type":"LineString","coordinates":[[121.61275050000002,25.062743199999996],[121.61295759999999,25.062960500000003]]}},{"type":"Feature","properties":{"name":null,"kind":"footway"},"geometry":{"type":"MultiLineString","coordinates":[[[121.6145854,25.0632292],[121.61468759999998,25.063369600000005],[121.61384260000001,25.063345299999998],[121.6131365,25.063035],[121.612844,25.062801599999997],[121.6132638,25.062323699999997],[121.6139897,25.063040999999995],[121.61422850000001,25.063169799999994],[121.6145854,25.0632292]],[[121.6145854,25.0632292],[121.61487560000002,25.063192099999995],[121.6150341,25.0630927],[121.61556630000001,25.0624546],[121.61567670000001,25.0628013],[121.6154223,25.062974399999995]]]}},{"type":"Feature","properties":{"name":null,"kind":"footway"},"geometry":{"type":"LineString","coordinates":[[121.6141014,25.0629338],[121.61397250000002,25.062824700000007]]}},{"type":"Feature","properties":{"name":null,"kind":"footway"},"geometry":{"type":"LineString","coordinates":[[121.6138666,25.062936600000004],[121.61397250000002,25.062824700000007]]}},{"type":"Feature","properties":{"name":"南湖大橋行人單車道","kind":"footway"},"geometry":{"type":"LineString","coordinates":[[121.6132626,25.062047499999995],[121.6117141,25.06344049999999],[121.61135450000002,25.063926499999997]]}},{"type":"Feature","properties":{"name":"環東大道","kind":"trunk"},"geometry":{"type":"LineString","coordinates":[[121.6123891,25.0624428],[121.612846,25.0629815],[121.61333890000002,25.063327100000002],[121.6139136,25.063502300000003],[121.6146193,25.063509399999994]]}},{"type":"Feature","properties":{"name":null,"kind":"footway"},"geometry":{"type":"LineString","coordinates":[[121.6139897,25.063040999999995],[121.6141014,25.0629338]]}},{"type":"Feature","properties":{"name":null,"kind":"footway"},"geometry":{"type":"LineString","coordinates":[[121.6127134,25.063048400000003],[121.6127299,25.063036799999995]]}},{"type":"Feature","properties":{"name":"南湖大橋","kind":"secondary"},"geometry":{"type":"LineString","coordinates":[[121.6108887,25.064949599999995],[121.61104930000002,25.064239099999998],[121.6114143,25.0635322],[121.61315649999999,25.0618936],[121.61377610000001,25.0611721]]}},{"type":"Feature","properties":{"name":null,"kind":"steps"},"geometry":{"type":"LineString","coordinates":[[121.61279559999998,25.063113700000002],[121.6127299,25.063036799999995]]}},{"type":"Feature","properties":{"name":null,"kind":"steps"},"geometry":{"type":"LineString","coordinates":[[121.6127773,25.063123199999996],[121.6127134,25.063048400000003]]}},{"type":"Feature","properties":{"name":"南湖大橋","kind":"secondary"},"geometry":{"type":"LineString","coordinates":[[121.6138578,25.061227600000002],[121.6132356,25.061948199999993],[121.6114676,25.063608299999995],[121.6112442,25.0639813],[121.6110022,25.064968699999998]]}},{"type":"Feature","properties":{"name":"經貿二路入口匝道","kind":"trunk_link"},"geometry":{"type":"LineString","coordinates":[[121.61295759999999,25.062960500000003],[121.6132079,25.0632481]]}},{"type":"Feature","properties":{"name":null,"kind":"footway"},"geometry":{"type":"LineString","coordinates":[[121.6127773,25.063123199999996],[121.61274690000002,25.0631441]]}},{"type":"Feature","properties":{"name":"南湖大橋行人單車道","kind":"cycleway"},"geometry":{"type":"LineString","coordinates":[[121.61280240000002,25.0633119],[121.61286660000002,25.0634723],[121.6124117,25.062809200000004]]}},{"type":"Feature","properties":{"name":null,"kind":"footway"},"geometry":{"type":"LineString","coordinates":[[121.58423739999999,25.050132299999998],[121.5844197,25.050285899999995]]}},{"type":"Feature","properties":{"name":null,"kind":"footway"},"geometry":{"type":"LineString","coordinates":[[121.58518040000001,25.050148200000002],[121.584309,25.0504346]]}},{"type":"Feature","properties":{"name":"玉成街","kind":"unclassified"},"geometry":{"type":"LineString","coordinates":[[121.58156680000002,25.051124399999996],[121.58183389999999,25.050032100000006],[121.5816408,25.04948509999999]]}},{"type":"Feature","properties":{"name":null,"kind":"footway"},"geometry":{"type":"LineString","coordinates":[[121.58360950000001,25.050150100000003],[121.5849289,25.050684599999997],[121.58518040000001,25.050148200000002],[121.585167,25.049940800000005]]}},{"type":"Feature","properties":{"name":"玉成街59巷","kind":"service"},"geometry":{"type":"LineString","coordinates":[[121.582582,25.050054399999997],[121.58238350000002,25.0504055],[121.582356,25.0506394]]}},{"type":"Feature","properties":{"name":"東新街","kind":"secondary"},"geometry":{"type":"LineString","coordinates":[[121.5826982,25.0510885],[121.58379640000001,25.049674899999992]]}},{"type":"Feature","properties":{"name":null,"kind":"footway"},"geometry":{"type":"LineString","coordinates":[[121.5844197,25.050285899999995],[121.5849289,25.050684599999997]]}},{"type":"Feature","properties":{"name":"玉成街25巷","kind":"service"},"geometry":{"type":"LineString","coordinates":[[121.5828734,25.050854800000003],[121.58267360000002,25.050697099999994],[121.5817435,25.0505295]]}},{"type":"Feature","properties":{"name":"東新街","kind":"secondary_link"},"geometry":{"type":"LineString","coordinates":[[121.58241230000002,25.051469799999996],[121.5826982,25.0510885]]}},{"type":"Feature","properties":{"name":"東新街","kind":"secondary"},"geometry":{"type":"LineString","coordinates":[[121.5826982,25.0510885],[121.58271150000002,25.0515929]]}},{"type":"Feature","properties":{"name":"八德路四段768巷1弄","kind":"service"},"geometry":{"type":"LineString","coordinates":[[121.5817435,25.0505295],[121.5798979,25.0500879]]}},{"type":"Feature","properties":{"name":"八德路四段","kind":"secondary"},"geometry":{"type":"LineString","coordinates":[[121.57979880000002,25.050402999999996],[121.57953540000001,25.050341899999992]]}},{"type":"Feature","properties":{"name":null,"kind":"footway"},"geometry":{"type":"LineString","coordinates":[[121.57985380000001,25.0503339],[121.5799472,25.050554699999996]]}},{"type":"Feature","properties":{"name":null,"kind":"footway"},"geometry":{"type":"LineString","coordinates":[[121.5799405,25.0505788],[121.57981440000002,25.050534099999997]]}},{"type":"Feature","properties":{"name":"中坡北路","kind":"residential"},"geometry":{"type":"LineString","coordinates":[[121.57979880000002,25.050402999999996],[121.58012820000002,25.051058400000002],[121.5801917,25.0515006]]}},{"type":"Feature","properties":{"name":"八德路四段","kind":"secondary"},"geometry":{"type":"LineString","coordinates":[[121.58271150000002,25.0515929],[121.57979880000002,25.050402999999996]]}},{"type":"Feature","properties":{"name":null,"kind":"footway"},"geometry":{"type":"LineString","coordinates":[[121.58152990000002,25.0510118],[121.58166260000002,25.0510702]]}},{"type":"Feature","properties":{"name":null,"kind":"footway"},"geometry":{"type":"LineString","coordinates":[[121.58147869999999,25.051204199999997],[121.58152990000002,25.0510118]]}},{"type":"Feature","properties":{"name":null,"kind":"footway"},"geometry":{"type":"LineString","coordinates":[[121.58166260000002,25.0510702],[121.5816228,25.051253199999994]]}},{"type":"Feature","properties":{"name":null,"kind":"footway"},"geometry":{"type":"LineString","coordinates":[[121.5816228,25.051253199999994],[121.58147869999999,25.051204199999997]]}},{"type":"Feature","properties":{"name":"玉成街","kind":"residential"},"geometry":{"type":"LineString","coordinates":[[121.5814384,25.0515893],[121.58156680000002,25.051124399999996]]}},{"type":"Feature","properties":{"name":null,"kind":"footway"},"geometry":{"type":"LineString","coordinates":[[121.5815782,25.051461900000003],[121.58140549999999,25.051479]]}},{"type":"Feature","properties":{"name":"松山橋","kind":"unclassified"},"geometry":{"type":"LineString","coordinates":[[121.5801587,25.051498199999994],[121.5799312,25.051485799999995]]}},{"type":"Feature","properties":{"name":"南港路三段","kind":"residential"},"geometry":{"type":"LineString","coordinates":[[121.5801917,25.0515006],[121.5801587,25.051498199999994]]}},{"type":"Feature","properties":{"name":"南港路三段","kind":"residential"},"geometry":{"type":"LineString","coordinates":[[121.5814384,25.0515893],[121.5801917,25.0515006]]}},{"type":"Feature","properties":{"name":null,"kind":"footway"},"geometry":{"type":"LineString","coordinates":[[121.5815128,25.051653500000004],[121.5815782,25.051461900000003]]}},{"type":"Feature","properties":{"name":null,"kind":"footway"},"geometry":{"type":"LineString","coordinates":[[121.58227730000002,25.0515461],[121.58236590000001,25.051369399999988],[121.5828851,25.051513199999995]]}},{"type":"Feature","properties":{"name":"南港路三段","kind":"residential"},"geometry":{"type":"LineString","coordinates":[[121.5820996,25.051636400000003],[121.5814384,25.0515893]]}},{"type":"Feature","properties":{"name":"南港路三段","kind":"residential"},"geometry":{"type":"LineString","coordinates":[[121.5820996,25.051636400000003],[121.5822514,25.051589500000002],[121.58271150000002,25.0515929],[121.58249150000002,25.051710399999994],[121.5820996,25.051636400000003]]}},{"type":"Feature","properties":{"name":null,"kind":"service"},"geometry":{"type":"LineString","coordinates":[[121.58214680000002,25.051653],[121.58210330000001,25.051917999999997]]}},{"type":"Feature","properties":{"name":"成美橋","kind":"secondary"},"geometry":{"type":"LineString","coordinates":[[121.5828577,25.051989299999995],[121.58271150000002,25.0515929]]}},{"type":"Feature","properties":{"name":null,"kind":"footway"},"geometry":{"type":"LineString","coordinates":[[121.5828851,25.051513199999995],[121.58427430000002,25.052153]]}},{"type":"Feature","properties":{"name":"成美橋","kind":"secondary_link"},"geometry":{"type":"LineString","coordinates":[[121.5833373,25.051866699999998],[121.58296710000002,25.051910200000002],[121.5828577,25.051989299999995]]}},{"type":"Feature","properties":{"name":"成美橋","kind":"secondary"},"geometry":{"type":"LineString","coordinates":[[121.58289639999998,25.0520731],[121.5828577,25.051989299999995]]}},{"type":"Feature","properties":{"name":"南港路三段149巷49弄","kind":"service"},"geometry":{"type":"LineString","coordinates":[[121.5844313,25.052051399999996],[121.5846843,25.0520844],[121.584931,25.052215600000004]]}},{"type":"Feature","properties":{"name":null,"kind":"footway"},"geometry":{"type":"LineString","coordinates":[[121.58427430000002,25.052153],[121.58446489999999,25.0522308]]}},{"type":"Feature","properties":{"name":null,"kind":"footway"},"geometry":{"type":"LineString","coordinates":[[121.58140549999999,25.051479],[121.58136200000001,25.0516423]]}},{"type":"Feature","properties":{"name":null,"kind":"footway"},"geometry":{"type":"LineString","coordinates":[[121.58136200000001,25.0516423],[121.5815128,25.051653500000004]]}},{"type":"Feature","properties":{"name":"中坡北路","kind":"residential"},"geometry":{"type":"LineString","coordinates":[[121.5801917,25.0515006],[121.58021529999999,25.052189099999996]]}},{"type":"Feature","properties":{"name":"南港路三段314巷","kind":"residential"},"geometry":{"type":"LineString","coordinates":[[121.5812071,25.0524131],[121.5814384,25.0515893]]}},{"type":"Feature","properties":{"name":"松河街","kind":"unclassified"},"geometry":{"type":"LineString","coordinates":[[121.5801497,25.052177199999996],[121.5799035,25.0521247]]}},{"type":"Feature","properties":{"name":"南港路三段330巷","kind":"residential"},"geometry":{"type":"LineString","coordinates":[[121.58020159999998,25.0520732],[121.58124010000002,25.0522948]]}},{"type":"Feature","properties":{"name":null,"kind":"footway"},"geometry":{"type":"LineString","coordinates":[[121.58019490000001,25.052267800000006],[121.5798968,25.052201199999995]]}},{"type":"Feature","properties":{"name":null,"kind":"footway"},"geometry":{"type":"LineString","coordinates":[[121.5813067,25.052255299999995],[121.58119600000002,25.052231499999998]]}},{"type":"Feature","properties":{"name":"基隆河左岸自行車道","kind":"cycleway"},"geometry":{"type":"LineString","coordinates":[[121.5798495,25.05225709999999],[121.58016000000002,25.05232089999999]]}},{"type":"Feature","properties":{"name":"南港路三段330巷","kind":"residential"},"geometry":{"type":"LineString","coordinates":[[121.58124010000002,25.0522948],[121.58160079999999,25.052379899999995]]}},{"type":"Feature","properties":{"name":null,"kind":"footway"},"geometry":{"type":"LineString","coordinates":[[121.5811378,25.052452699999996],[121.58119600000002,25.052231499999998]]}},{"type":"Feature","properties":{"name":null,"kind":"footway"},"geometry":{"type":"LineString","coordinates":[[121.5812485,25.0524766],[121.5813067,25.052255299999995]]}},{"type":"Feature","properties":{"name":null,"kind":"cycleway"},"geometry":{"type":"LineString","coordinates":[[121.58090230000002,25.052492200000003],[121.58051,25.052409],[121.5811902,25.052508799999995]]}},{"type":"Feature","properties":{"name":null,"kind":"footway"},"geometry":{"type":"LineString","coordinates":[[121.580162,25.0524369],[121.5804768,25.0524637]]}},{"type":"Feature","properties":{"name":null,"kind":"steps"},"geometry":{"type":"LineString","coordinates":[[121.5810605,25.0524623],[121.58119640000001,25.0524916]]}},{"type":"Feature","properties":{"name":null,"kind":"footway"},"geometry":{"type":"LineString","coordinates":[[121.58119640000001,25.0524916],[121.58120920000002,25.0524941]]}},{"type":"Feature","properties":{"name":null,"kind":"cycleway"},"geometry":{"type":"LineString","coordinates":[[121.58089570000001,25.0525147],[121.58090230000002,25.052492200000003]]}},{"type":"Feature","properties":{"name":"南港路三段290巷","kind":"residential"},"geometry":{"type":"LineString","coordinates":[[121.5828577,25.051989299999995],[121.5820056,25.0519306],[121.58173739999998,25.0521043],[121.5815595,25.052497100000004]]}},{"type":"Feature","properties":{"name":null,"kind":"footway"},"geometry":{"type":"LineString","coordinates":[[121.58417469999999,25.052327],[121.58427430000002,25.052153]]}},{"type":"Feature","properties":{"name":null,"kind":"footway"},"geometry":{"type":"LineString","coordinates":[[121.58446489999999,25.0522308],[121.584389,25.052407799999997]]}},{"type":"Feature","properties":{"name":"成美橋 (平面車道)","kind":"service"},"geometry":{"type":"LineString","coordinates":[[121.58300790000001,25.052837699999998],[121.5828577,25.051989299999995]]}},{"type":"Feature","properties":{"name":"成美橋 (平面車道)","kind":"service"},"geometry":{"type":"LineString","coordinates":[[121.5828577,25.051989299999995],[121.58300040000002,25.052080899999996],[121.58310099999998,25.052364],[121.58316190000001,25.0528747]]}},{"type":"Feature","properties":{"name":"南港路三段256巷","kind":"residential"},"geometry":{"type":"LineString","coordinates":[[121.58324580000001,25.0528988],[121.58344449999998,25.0524724],[121.58383570000001,25.052084900000004]]}},{"type":"Feature","properties":{"name":null,"kind":"footway"},"geometry":{"type":"LineString","coordinates":[[121.58477869999999,25.05259179999999],[121.58486050000002,25.0524339]]}},{"type":"Feature","properties":{"name":null,"kind":"footway"},"geometry":{"type":"LineString","coordinates":[[121.58489740000002,25.052633099999998],[121.58477869999999,25.05259179999999]]}},{"type":"Feature","properties":{"name":null,"kind":"footway"},"geometry":{"type":"LineString","coordinates":[[121.5824801,25.0529593],[121.5824935,25.052905899999995],[121.58172770000002,25.0527248],[121.58175020000002,25.0526426]]}},{"type":"Feature","properties":{"name":"松河街","kind":"unclassified"},"geometry":{"type":"LineString","coordinates":[[121.58316190000001,25.0528747],[121.58300790000001,25.052837699999998]]}},{"type":"Feature","properties":{"name":"松河街","kind":"unclassified"},"geometry":{"type":"LineString","coordinates":[[121.58300790000001,25.052837699999998],[121.5801497,25.052177199999996]]}},{"type":"Feature","properties":{"name":null,"kind":"pedestrian"},"geometry":{"type":"LineString","coordinates":[[121.58046730000001,25.0524992],[121.5805077,25.052349],[121.5813954,25.0525448],[121.581355,25.052695],[121.58046730000001,25.0524992]]}},{"type":"Feature","properties":{"name":null,"kind":"steps"},"geometry":{"type":"LineString","coordinates":[[121.5813384,25.052541],[121.5811902,25.052508799999995]]}},{"type":"Feature","properties":{"name":null,"kind":"footway"},"geometry":{"type":"LineString","coordinates":[[121.5813384,25.052541],[121.5813307,25.0525612]]}},{"type":"Feature","properties":{"name":"基隆河左岸自行車道","kind":"cycleway"},"geometry":{"type":"LineString","coordinates":[[121.58016000000002,25.05232089999999],[121.582576,25.052850599999996]]}},{"type":"Feature","properties":{"name":null,"kind":"footway"},"geometry":{"type":"LineString","coordinates":[[121.5824801,25.0529593],[121.580162,25.0524369]]}},{"type":"Feature","properties":{"name":"成美長壽橋","kind":"footway"},"geometry":{"type":"LineString","coordinates":[[121.5807183,25.0539415],[121.58119640000001,25.0524916]]}},{"type":"Feature","properties":{"name":"南湖大橋行人單車道","kind":"cycleway"},"geometry":{"type":"LineString","coordinates":[[121.61280240000002,25.0633119],[121.6128539,25.063282999999995]]}},{"type":"Feature","properties":{"name":null,"kind":"steps"},"geometry":{"type":"LineString","coordinates":[[121.61338210000001,25.0636565],[121.6132601,25.0636068],[121.61339290000001,25.0636306]]}},{"type":"Feature","properties":{"name":null,"kind":"steps"},"geometry":{"type":"LineString","coordinates":[[121.6142167,25.063742399999995],[121.614087,25.0637338],[121.614217,25.06371409999999]]}},{"type":"Feature","properties":{"name":null,"kind":"footway"},"geometry":{"type":"LineString","coordinates":[[121.61527850000002,25.062863999999998],[121.6152208,25.062835899999996]]}},{"type":"Feature","properties":{"name":null,"kind":"footway"},"geometry":{"type":"LineString","coordinates":[[121.61536400000001,25.0629018],[121.61527850000002,25.062863999999998],[121.6153246,25.0628077]]}},{"type":"Feature","properties":{"name":null,"kind":"footway"},"geometry":{"type":"LineString","coordinates":[[121.6159826,25.062926199999996],[121.61589330000001,25.0628057]]}},{"type":"Feature","properties":{"name":null,"kind":"footway"},"geometry":{"type":"LineString","coordinates":[[121.6152248,25.062740999999992],[121.6154575,25.062830200000004],[121.61547380000002,25.0628822],[121.61536400000001,25.0629018],[121.6154507,25.0630103]]}},{"type":"Feature","properties":{"name":null,"kind":"footway"},"geometry":{"type":"LineString","coordinates":[[121.61510669999998,25.0629928],[121.61526800000001,25.0630922],[121.6154223,25.062974399999995]]}},{"type":"Feature","properties":{"name":null,"kind":"steps"},"geometry":{"type":"LineString","coordinates":[[121.6164108,25.063111500000005],[121.61628510000001,25.0631319],[121.61640429999999,25.063094]]}},{"type":"Feature","properties":{"name":"環東大道","kind":"trunk"},"geometry":{"type":"LineString","coordinates":[[121.6146193,25.063509399999994],[121.6151641,25.063346199999998]]}},{"type":"Feature","properties":{"name":null,"kind":"steps"},"geometry":{"type":"LineString","coordinates":[[121.6151418,25.063486399999995],[121.61499810000001,25.0635278],[121.6151317,25.063462]]}}]}
