{"type":"FeatureCollection","features":[{"type":"Feature","properties":{"name":"10M-25","kind":"construction"},"geometry":{"type":"LineString","coordinates":[[121.4407302,25.042702599999995],[121.44069340000001,25.038600800000005]]}},{"type":"Feature","properties":{"name":"10M-24","kind":"construction"},"geometry":{"type":"LineString","coordinates":[[121.4395019,25.038697100000004],[121.43976360000002,25.0427625]]}},{"type":"Feature","properties":{"name":null,"kind":"service"},"geometry":{"type":"LineString","coordinates":[[121.43125490000001,25.039432400000003],[121.431506,25.039724899999996],[121.4313014,25.0396308]]}},{"type":"Feature","properties":{"name":null,"kind":"service"},"geometry":{"type":"LineString","coordinates":[[121.431506,25.039724899999996],[121.4323766,25.040883399999995]]}},{"type":"Feature","properties":{"name":"領航路","kind":"tertiary"},"geometry":{"type":"LineString","coordinates":[[121.4357533,25.0393013],[121.4316913,25.041319099999996]]}},{"type":"Feature","properties":{"name":"領航路","kind":"tertiary"},"geometry":{"type":"LineString","coordinates":[[121.4313075,25.0414208],[121.4357344,25.0392195]]}},{"type":"Feature","properties":{"name":null,"kind":"footway"},"geometry":{"type":"LineString","coordinates":[[121.4307172,25.041628699999997],[121.43549690000002,25.039252799999993],[121.435617,25.039187999999996],[121.43562270000001,25.039095299999996]]}},{"type":"Feature","properties":{"name":null,"kind":"footway"},"geometry":{"type":"LineString","coordinates":[[121.43779310000001,25.0389357],[121.4376275,25.03888149999999],[121.43653770000002,25.0390084],[121.4310238,25.041744399999995],[121.4309391,25.041869300000005]]}},{"type":"Feature","properties":{"name":null,"kind":"service"},"geometry":{"type":"LineString","coordinates":[[121.4321341,25.0407023],[121.431982,25.0406313]]}},{"type":"Feature","properties":{"name":null,"kind":"service"},"geometry":{"type":"LineString","coordinates":[[121.43211549999998,25.0407538],[121.43216070000001,25.040583399999996]]}},{"type":"Feature","properties":{"name":null,"kind":"service"},"geometry":{"type":"MultiLineString","coordinates":[[[121.4317237,25.0412114],[121.43157669999998,25.040952499999996],[121.431706,25.040875599999993]],[[121.431706,25.040875599999993],[121.43201909999999,25.040751599999993],[121.43211549999998,25.0407538],[121.43174669999999,25.040956099999995],[121.431706,25.040875599999993]]]}},{"type":"Feature","properties":{"name":"領航路","kind":"tertiary"},"geometry":{"type":"LineString","coordinates":[[121.4379838,25.038758099999995],[121.43656390000001,25.03892],[121.4357533,25.0393013]]}},{"type":"Feature","properties":{"name":null,"kind":"footway"},"geometry":{"type":"LineString","coordinates":[[121.4358611,25.039086],[121.43597550000001,25.039285299999996]]}},{"type":"Feature","properties":{"name":null,"kind":"footway"},"geometry":{"type":"LineString","coordinates":[[121.43549690000002,25.039252799999993],[121.43558439999998,25.0393878],[121.43570369999999,25.039417300000004]]}},{"type":"Feature","properties":{"name":"懋德路","kind":"residential"},"geometry":{"type":"LineString","coordinates":[[121.4357533,25.0393013],[121.43577390000002,25.039384400000003]]}},{"type":"Feature","properties":{"name":null,"kind":"footway"},"geometry":{"type":"LineString","coordinates":[[121.43806490000001,25.0388948],[121.4386518,25.042713799999998]]}},{"type":"Feature","properties":{"name":"莊泰路","kind":"tertiary"},"geometry":{"type":"LineString","coordinates":[[121.4384717,25.042899100000003],[121.43782730000001,25.0387732]]}},{"type":"Feature","properties":{"name":"莊泰路","kind":"tertiary"},"geometry":{"type":"LineString","coordinates":[[121.4379838,25.038758099999995],[121.4386156,25.042913999999996]]}},{"type":"Feature","properties":{"name":null,"kind":"footway"},"geometry":{"type":"LineString","coordinates":[[121.43839739999999,25.0427385],[121.43779310000001,25.0389357]]}},{"type":"Feature","properties":{"name":"10M-23","kind":"construction"},"geometry":{"type":"LineString","coordinates":[[121.43799650000001,25.040215600000003],[121.43604660000001,25.040438199999993],[121.4347534,25.040807899999994],[121.43251120000001,25.041904700000003]]}},{"type":"Feature","properties":{"name":"懋德路","kind":"construction"},"geometry":{"type":"LineString","coordinates":[[121.436589,25.042982099999996],[121.43577390000002,25.039384400000003]]}},{"type":"Feature","properties":{"name":"10M-20","kind":"construction"},"geometry":{"type":"LineString","coordinates":[[121.435769,25.043352799999994],[121.4347534,25.040807899999994],[121.4343042,25.040118199999995]]}},{"type":"Feature","properties":{"name":"15M-12","kind":"construction"},"geometry":{"type":"LineString","coordinates":[[121.4319115,25.043152499999998],[121.4350439,25.041498699999998],[121.438164,25.041269699999994]]}},{"type":"Feature","properties":{"name":null,"kind":"footway"},"geometry":{"type":"LineString","coordinates":[[121.4383159,25.042854799999997],[121.43839739999999,25.0427385]]}},{"type":"Feature","properties":{"name":"磚雅厝路","kind":"service"},"geometry":{"type":"LineString","coordinates":[[121.44201599999998,25.041655599999995],[121.44183079999999,25.041914299999995]]}},{"type":"Feature","properties":{"name":null,"kind":"construction"},"geometry":{"type":"LineString","coordinates":[[121.44183079999999,25.041914299999995],[121.44201820000002,25.041910199999997]]}},{"type":"Feature","properties":{"name":"磚雅厝路","kind":"service"},"geometry":{"type":"LineString","coordinates":[[121.44072640000002,25.0422584],[121.44114920000001,25.0420398],[121.44120700000002,25.0418021],[121.44183079999999,25.041914299999995]]}},{"type":"Feature","properties":{"name":null,"kind":"footway"},"geometry":{"type":"LineString","coordinates":[[121.43876210000002,25.0428245],[121.44184369999999,25.0426336],[121.4419386,25.042541899999996]]}},{"type":"Feature","properties":{"name":null,"kind":"footway"},"geometry":{"type":"LineString","coordinates":[[121.43839739999999,25.0427385],[121.4386518,25.042713799999998]]}},{"type":"Feature","properties":{"name":"10M-25","kind":"residential"},"geometry":{"type":"LineString","coordinates":[[121.4407311,25.0427849],[121.4407302,25.042702599999995]]}},{"type":"Feature","properties":{"name":null,"kind":"footway"},"geometry":{"type":"LineString","coordinates":[[121.4418522,25.0428785],[121.44184369999999,25.0426336]]}},{"type":"Feature","properties":{"name":null,"kind":"footway"},"geometry":{"type":"LineString","coordinates":[[121.4386518,25.042713799999998],[121.43876210000002,25.0428245]]}},{"type":"Feature","properties":{"name":"10M-24","kind":"residential"},"geometry":{"type":"LineString","coordinates":[[121.43976360000002,25.0427625],[121.43976880000001,25.0428436]]}},{"type":"Feature","properties":{"name":"莊田路","kind":"tertiary"},"geometry":{"type":"LineString","coordinates":[[121.4386156,25.042913999999996],[121.442025,25.042705900000005]]}},{"type":"Feature","properties":{"name":"莊田路","kind":"tertiary"},"geometry":{"type":"LineString","coordinates":[[121.4420259,25.0428007],[121.4386313,25.043000499999998]]}},{"type":"Feature","properties":{"name":"莊田路","kind":"tertiary"},"geometry":{"type":"LineString","coordinates":[[121.4384717,25.042899100000003],[121.4386156,25.042913999999996]]}},{"type":"Feature","properties":{"name":"莊泰路","kind":"tertiary"},"geometry":{"type":"LineString","coordinates":[[121.4386156,25.042913999999996],[121.4386313,25.043000499999998]]}},{"type":"Feature","properties":{"name":null,"kind":"footway"},"geometry":{"type":"LineString","coordinates":[[121.438777,25.0430962],[121.43876210000002,25.0428245]]}},{"type":"Feature","properties":{"name":null,"kind":"footway"},"geometry":{"type":"LineString","coordinates":[[121.44194329999999,25.0429557],[121.4418522,25.0428785],[121.438777,25.0430962]]}},{"type":"Feature","properties":{"name":null,"kind":"footway"},"geometry":{"type":"LineString","coordinates":[[121.4321777,25.041189],[121.4320402,25.0409544]]}},{"type":"Feature","properties":{"name":"10M-15","kind":"residential"},"geometry":{"type":"LineString","coordinates":[[121.43207139999998,25.0412408],[121.431974,25.0410838]]}},{"type":"Feature","properties":{"name":null,"kind":"footway"},"geometry":{"type":"LineString","coordinates":[[121.43161380000001,25.041172399999997],[121.4317335,25.0413932]]}},{"type":"Feature","properties":{"name":"新生路","kind":"track"},"geometry":{"type":"LineString","coordinates":[[121.43171400000001,25.042888199999997],[121.43236269999998,25.0418219]]}},{"type":"Feature","properties":{"name":"10M-15","kind":"construction"},"geometry":{"type":"LineString","coordinates":[[121.43421580000002,25.044112500000004],[121.43207139999998,25.0412408]]}},{"type":"Feature","properties":{"name":"新生路","kind":"unclassified"},"geometry":{"type":"LineString","coordinates":[[121.4316664,25.0429675],[121.43171400000001,25.042888199999997]]}},{"type":"Feature","properties":{"name":"新生路","kind":"unclassified"},"geometry":{"type":"LineString","coordinates":[[121.43161670000002,25.043049299999993],[121.4316664,25.0429675]]}},{"type":"Feature","properties":{"name":"新生路","kind":"unclassified"},"geometry":{"type":"LineString","coordinates":[[121.431388,25.0433705],[121.43161670000002,25.043049299999993]]}},{"type":"Feature","properties":{"name":"7-5","kind":"construction"},"geometry":{"type":"LineString","coordinates":[[121.4312512,25.0434844],[121.4319115,25.043152499999998]]}},{"type":"Feature","properties":{"name":"新北大道五段","kind":"primary"},"geometry":{"type":"LineString","coordinates":[[121.43171400000001,25.042888199999997],[121.43349340000002,25.0451902]]}},{"type":"Feature","properties":{"name":"10M-22","kind":"construction"},"geometry":{"type":"LineString","coordinates":[[121.43365600000001,25.0433896],[121.4354557,25.042459399999995]]}},{"type":"Feature","properties":{"name":"莊泰路","kind":"tertiary"},"geometry":{"type":"LineString","coordinates":[[121.4385213,25.043041499999998],[121.4384717,25.042899100000003]]}},{"type":"Feature","properties":{"name":null,"kind":"footway"},"geometry":{"type":"LineString","coordinates":[[121.4383504,25.043103399999996],[121.4383159,25.042854799999997]]}},{"type":"Feature","properties":{"name":"懋德路","kind":"residential"},"geometry":{"type":"LineString","coordinates":[[121.43662279999998,25.043183700000004],[121.436589,25.042982099999996]]}},{"type":"Feature","properties":{"name":"懋德路","kind":"residential"},"geometry":{"type":"LineString","coordinates":[[121.4366267,25.043235399999997],[121.43662279999998,25.043183700000004]]}},{"type":"Feature","properties":{"name":"10M-20","kind":"residential"},"geometry":{"type":"LineString","coordinates":[[121.43578449999998,25.0433971],[121.435769,25.043352799999994]]}},{"type":"Feature","properties":{"name":null,"kind":"footway"},"geometry":{"type":"LineString","coordinates":[[121.43307220000001,25.044552599999996],[121.4332287,25.0445942],[121.4365158,25.042998299999997],[121.4383159,25.042854799999997]]}},{"type":"Feature","properties":{"name":"莊田路","kind":"tertiary"},"geometry":{"type":"LineString","coordinates":[[121.4331176,25.044710100000003],[121.4365275,25.043047299999994],[121.4384717,25.042899100000003]]}},{"type":"Feature","properties":{"name":"莊田路","kind":"tertiary"},"geometry":{"type":"LineString","coordinates":[[121.4385213,25.043041499999998],[121.4364722,25.043220199999993],[121.43321299999998,25.0448297]]}},{"type":"Feature","properties":{"name":"莊田路","kind":"tertiary"},"geometry":{"type":"LineString","coordinates":[[121.4386313,25.043000499999998],[121.4385213,25.043041499999998]]}},{"type":"Feature","properties":{"name":null,"kind":"construction"},"geometry":{"type":"LineString","coordinates":[[121.44195059999998,25.043477999999993],[121.4411007,25.043564099999998]]}},{"type":"Feature","properties":{"name":"信華二街","kind":"residential"},"geometry":{"type":"LineString","coordinates":[[121.4411007,25.043564099999998],[121.4396072,25.043637800000003]]}},{"type":"Feature","properties":{"name":"信華一街","kind":"residential"},"geometry":{"type":"LineString","coordinates":[[121.4411007,25.043564099999998],[121.44113140000002,25.044863099999997]]}},{"type":"Feature","properties":{"name":"信華六街","kind":"residential"},"geometry":{"type":"LineString","coordinates":[[121.44113140000002,25.044863099999997],[121.44204779999998,25.0448519]]}},{"type":"Feature","properties":{"name":"信華三街","kind":"residential"},"geometry":{"type":"LineString","coordinates":[[121.4403861,25.0469275],[121.44031219999998,25.0428104]]}},{"type":"Feature","properties":{"name":"信華六街","kind":"residential"},"geometry":{"type":"LineString","coordinates":[[121.4396014,25.0448817],[121.44113140000002,25.044863099999997]]}},{"type":"Feature","properties":{"name":"10M-15","kind":"residential"},"geometry":{"type":"LineString","coordinates":[[121.43424890000001,25.0441552],[121.43421580000002,25.044112500000004]]}},{"type":"Feature","properties":{"name":"新北大道五段","kind":"primary"},"geometry":{"type":"LineString","coordinates":[[121.4333745,25.0453921],[121.43161670000002,25.043049299999993]]}},{"type":"Feature","properties":{"name":"10M-15","kind":"residential"},"geometry":{"type":"LineString","coordinates":[[121.43437199999998,25.044317099999997],[121.4343387,25.0442738]]}},{"type":"Feature","properties":{"name":null,"kind":"proposed"},"geometry":{"type":"LineString","coordinates":[[121.43307220000001,25.044552599999996],[121.4328338,25.044671199999996]]}},{"type":"Feature","properties":{"name":null,"kind":"footway"},"geometry":{"type":"LineString","coordinates":[[121.4333792,25.044807199999997],[121.4332287,25.0445942]]}},{"type":"Feature","properties":{"name":"莊田路","kind":"tertiary"},"geometry":{"type":"LineString","coordinates":[[121.43293150000001,25.044801399999997],[121.4331176,25.044710100000003]]}},{"type":"Feature","properties":{"name":"莊田路","kind":"tertiary"},"geometry":{"type":"LineString","coordinates":[[121.43321299999998,25.0448297],[121.43302110000002,25.0449245]]}},{"type":"Feature","properties":{"name":"新北大道五段","kind":"primary"},"geometry":{"type":"LineString","coordinates":[[121.4347531,25.047012399999993],[121.4316664,25.0429675]]}},{"type":"Feature","properties":{"name":null,"kind":"proposed"},"geometry":{"type":"LineString","coordinates":[[121.4333663,25.0449359],[121.4331227,25.045059000000002]]}},{"type":"Feature","properties":{"name":"4-3","kind":"construction"},"geometry":{"type":"LineString","coordinates":[[121.43159279999999,25.0454579],[121.43293150000001,25.044801399999997]]}},{"type":"Feature","properties":{"name":null,"kind":"cycleway"},"geometry":{"type":"LineString","coordinates":[[121.4396014,25.0448817],[121.4388019,25.044899699999995]]}},{"type":"Feature","properties":{"name":null,"kind":"unclassified"},"geometry":{"type":"LineString","coordinates":[[121.43868680000001,25.0449014],[121.4388019,25.044899699999995]]}},{"type":"Feature","properties":{"name":"莊泰路","kind":"tertiary"},"geometry":{"type":"LineString","coordinates":[[121.4386313,25.043000499999998],[121.43898089999999,25.046956399999996]]}},{"type":"Feature","properties":{"name":"信華五街","kind":"residential"},"geometry":{"type":"LineString","coordinates":[[121.4396663,25.0463275],[121.4396072,25.043637800000003]]}},{"type":"Feature","properties":{"name":null,"kind":"footway"},"geometry":{"type":"LineString","coordinates":[[121.438777,25.0430962],[121.4390798,25.046900699999995]]}},{"type":"Feature","properties":{"name":null,"kind":"construction"},"geometry":{"type":"LineString","coordinates":[[121.4387629,25.0469009],[121.4384336,25.0431865],[121.4383504,25.043103399999996]]}},{"type":"Feature","properties":{"name":"莊泰路","kind":"construction"},"geometry":{"type":"LineString","coordinates":[[121.43886629999999,25.0469781],[121.4385213,25.043041499999998]]}},{"type":"Feature","properties":{"name":"信華一街","kind":"residential"},"geometry":{"type":"LineString","coordinates":[[121.44113140000002,25.044863099999997],[121.441139,25.046298699999994]]}},{"type":"Feature","properties":{"name":"行人穿越步道","kind":"pedestrian"},"geometry":{"type":"LineString","coordinates":[[121.44115009999999,25.045652600000004],[121.44197780000002,25.0456421]]}},{"type":"Feature","properties":{"name":null,"kind":"footway"},"geometry":{"type":"LineString","coordinates":[[121.4383504,25.043103399999996],[121.43655070000001,25.043248299999995],[121.4333792,25.044807199999997],[121.4333663,25.0449359]]}},{"type":"Feature","properties":{"name":"10M-19","kind":"construction"},"geometry":{"type":"LineString","coordinates":[[121.43669349999999,25.044126999999992],[121.4349222,25.045032000000003]]}},{"type":"Feature","properties":{"name":null,"kind":"footway"},"geometry":{"type":"LineString","coordinates":[[121.43876450000002,25.0458157],[121.43799260000002,25.045823299999988]]}},{"type":"Feature","properties":{"name":null,"kind":"footway"},"geometry":{"type":"LineString","coordinates":[[121.438352,25.045711500000003],[121.43835470000002,25.046044399999996]]}},{"type":"Feature","properties":{"name":null,"kind":"footway"},"geometry":{"type":"LineString","coordinates":[[121.43877500000002,25.0459394],[121.4380006,25.0459545]]}},{"type":"Feature","properties":{"name":"懋德路","kind":"construction"},"geometry":{"type":"LineString","coordinates":[[121.4380828,25.048935899999996],[121.43766199999999,25.047205300000005],[121.43679879999999,25.0451377],[121.4366267,25.043235399999997]]}},{"type":"Feature","properties":{"name":"6-1","kind":"construction"},"geometry":{"type":"LineString","coordinates":[[121.4314409,25.047718699999997],[121.43711299999998,25.044984200000002],[121.43868680000001,25.0449014]]}},{"type":"Feature","properties":{"name":"新北大道五段","kind":"primary"},"geometry":{"type":"LineString","coordinates":[[121.43434829999998,25.046311599999996],[121.43481150000001,25.046919199999998]]}},{"type":"Feature","properties":{"name":"10M-15","kind":"construction"},"geometry":{"type":"LineString","coordinates":[[121.4372367,25.048952200000006],[121.43652549999999,25.047419800000004],[121.4354534,25.04577949999999],[121.43437199999998,25.044317099999997]]}},{"type":"Feature","properties":{"name":null,"kind":"service"},"geometry":{"type":"LineString","coordinates":[[121.43481150000001,25.046919199999998],[121.4346928,25.047114399999998]]}},{"type":"Feature","properties":{"name":"信華八街","kind":"residential"},"geometry":{"type":"LineString","coordinates":[[121.441139,25.046298699999994],[121.4396663,25.0463275]]}},{"type":"Feature","properties":{"name":null,"kind":"footway"},"geometry":{"type":"LineString","coordinates":[[121.43974239999999,25.0463488],[121.43893050000001,25.046367600000004]]}},{"type":"Feature","properties":{"name":null,"kind":"footway"},"geometry":{"type":"LineString","coordinates":[[121.4390798,25.046900699999995],[121.44198060000001,25.0468512]]}},{"type":"Feature","properties":{"name":null,"kind":"footway"},"geometry":{"type":"LineString","coordinates":[[121.4387629,25.0469009],[121.4390638,25.0468719]]}},{"type":"Feature","properties":{"name":"坡雅路","kind":"residential"},"geometry":{"type":"LineString","coordinates":[[121.43898089999999,25.046956399999996],[121.44195450000001,25.0468953]]}},{"type":"Feature","properties":{"name":null,"kind":"footway"},"geometry":{"type":"LineString","coordinates":[[121.43911320000001,25.04691],[121.43911530000001,25.046998000000002]]}},{"type":"Feature","properties":{"name":null,"kind":"footway"},"geometry":{"type":"LineString","coordinates":[[121.4419303,25.046936099999996],[121.4390791,25.0470346]]}},{"type":"Feature","properties":{"name":null,"kind":"footway"},"geometry":{"type":"LineString","coordinates":[[121.43871060000001,25.0469632],[121.43872950000001,25.047049099999995]]}},{"type":"Feature","properties":{"name":"10M-18","kind":"construction"},"geometry":{"type":"LineString","coordinates":[[121.4403917,25.047598199999996],[121.43904410000002,25.047647299999998]]}},{"type":"Feature","properties":{"name":"10M-17","kind":"construction"},"geometry":{"type":"LineString","coordinates":[[121.4403861,25.0469275],[121.44039840000002,25.04832749999999],[121.43910339999998,25.0483094]]}},{"type":"Feature","properties":{"name":"莊泰路","kind":"construction"},"geometry":{"type":"LineString","coordinates":[[121.43898089999999,25.046956399999996],[121.43917350000001,25.049093199999998]]}},{"type":"Feature","properties":{"name":null,"kind":"construction"},"geometry":{"type":"LineString","coordinates":[[121.43877869999999,25.047072999999994],[121.4389536,25.048980599999997]]}},{"type":"Feature","properties":{"name":"莊泰路","kind":"construction"},"geometry":{"type":"LineString","coordinates":[[121.4390692,25.049096799999997],[121.43886629999999,25.0469781]]}},{"type":"Feature","properties":{"name":null,"kind":"construction"},"geometry":{"type":"LineString","coordinates":[[121.4390791,25.0470346],[121.43928200000002,25.0491802]]}},{"type":"Feature","properties":{"name":"泰林路一段","kind":"secondary"},"geometry":{"type":"LineString","coordinates":[[121.44077149999998,25.0488819],[121.4415727,25.047539500000006]]}},{"type":"Feature","properties":{"name":null,"kind":"footway"},"geometry":{"type":"LineString","coordinates":[[121.44053460000002,25.049109899999998],[121.4406567,25.049015399999995],[121.44154349999998,25.047530799999997]]}},{"type":"Feature","properties":{"name":null,"kind":"footway"},"geometry":{"type":"LineString","coordinates":[[121.435336,25.0475999],[121.43871060000001,25.0469632],[121.4387629,25.0469009]]}},{"type":"Feature","properties":{"name":"坡雅路","kind":"residential"},"geometry":{"type":"LineString","coordinates":[[121.43536590000001,25.047638599999996],[121.43898089999999,25.046956399999996]]}},{"type":"Feature","properties":{"name":null,"kind":"footway"},"geometry":{"type":"LineString","coordinates":[[121.43877869999999,25.047072999999994],[121.43539629999998,25.0476781]]}},{"type":"Feature","properties":{"name":"中山高架道路","kind":"trunk"},"geometry":{"type":"LineString","coordinates":[[121.43545680000001,25.0479348],[121.4347531,25.047012399999993]]}},{"type":"Feature","properties":{"name":"新北大道五段","kind":"primary"},"geometry":{"type":"LineString","coordinates":[[121.43481150000001,25.046919199999998],[121.43615310000001,25.048660299999995]]}},{"type":"Feature","properties":{"name":"新北大道五段","kind":"primary"},"geometry":{"type":"LineString","coordinates":[[121.4360233,25.048870299999997],[121.4346928,25.047114399999998]]}},{"type":"Feature","properties":{"name":"中山高架道路","kind":"trunk"},"geometry":{"type":"LineString","coordinates":[[121.4359319,25.0485533],[121.43545680000001,25.0479348]]}},{"type":"Feature","properties":{"name":null,"kind":"primary_link"},"geometry":{"type":"LineString","coordinates":[[121.4363117,25.048868800000005],[121.4363294,25.049016199999997],[121.43615730000002,25.049030000000002]]}},{"type":"Feature","properties":{"name":"中山高架道路","kind":"trunk"},"geometry":{"type":"LineString","coordinates":[[121.43719120000002,25.050192600000003],[121.4359319,25.0485533]]}},{"type":"Feature","properties":{"name":"新北大道五段","kind":"primary"},"geometry":{"type":"LineString","coordinates":[[121.43615310000001,25.048660299999995],[121.43745160000002,25.050378999999996]]}},{"type":"Feature","properties":{"name":null,"kind":"construction"},"geometry":{"type":"LineString","coordinates":[[121.4420572,25.0512981],[121.44197780000002,25.0456421]]}},{"type":"Feature","properties":{"name":null,"kind":"footway"},"geometry":{"type":"LineString","coordinates":[[121.4406952,25.0489385],[121.4408469,25.048992399999996],[121.4408922,25.048930399999993]]}},{"type":"Feature","properties":{"name":"幸福路","kind":"tertiary"},"geometry":{"type":"LineString","coordinates":[[121.44077149999998,25.0488819],[121.44115480000002,25.0490117],[121.4420937,25.049025999999998]]}},{"type":"Feature","properties":{"name":"幸福路","kind":"construction"},"geometry":{"type":"LineString","coordinates":[[121.4361712,25.04904670000001],[121.4363949,25.048975099999996],[121.4391574,25.0489121],[121.4424139,25.048985999999996]]}},{"type":"Feature","properties":{"name":"幸福路","kind":"construction"},"geometry":{"type":"LineString","coordinates":[[121.4424139,25.048985999999996],[121.44209399999998,25.049047699999992],[121.4391631,25.0489754],[121.4364384,25.049030900000005],[121.4362109,25.0490944]]}},{"type":"Feature","properties":{"name":null,"kind":"service"},"geometry":{"type":"LineString","coordinates":[[121.4390692,25.049096799999997],[121.43917350000001,25.049093199999998]]}},{"type":"Feature","properties":{"name":null,"kind":"footway"},"geometry":{"type":"LineString","coordinates":[[121.4393581,25.049509500000003],[121.43936499999998,25.0492792],[121.43928200000002,25.0491802]]}},{"type":"Feature","properties":{"name":"泰林路一段","kind":"construction"},"geometry":{"type":"LineString","coordinates":[[121.44166550000001,25.047577100000005],[121.4394461,25.0512714]]}},{"type":"Feature","properties":{"name":null,"kind":"footway"},"geometry":{"type":"LineString","coordinates":[[121.4400426,25.049942799999997],[121.44053460000002,25.049109899999998]]}},{"type":"Feature","properties":{"name":"義東街","kind":"residential"},"geometry":{"type":"LineString","coordinates":[[121.43757340000002,25.049008199999996],[121.437638,25.050042899999998],[121.43925230000002,25.050024700000005]]}},{"type":"Feature","properties":{"name":"新北大道五段","kind":"primary"},"geometry":{"type":"LineString","coordinates":[[121.43716129999999,25.0503016],[121.4360233,25.048870299999997]]}},{"type":"Feature","properties":{"name":"仁義路","kind":"service"},"geometry":{"type":"LineString","coordinates":[[121.43553930000002,25.049660800000005],[121.435181,25.050271699999996]]}},{"type":"Feature","properties":{"name":"義德街","kind":"residential"},"geometry":{"type":"LineString","coordinates":[[121.4382013,25.0489957],[121.4383827,25.050931499999994]]}},{"type":"Feature","properties":{"name":"文程路","kind":"unclassified"},"geometry":{"type":"LineString","coordinates":[[121.43716129999999,25.0503016],[121.437026,25.050236399999996]]}},{"type":"Feature","properties":{"name":"文程路","kind":"unclassified"},"geometry":{"type":"LineString","coordinates":[[121.435181,25.050271699999996],[121.43557370000002,25.0504166],[121.43609919999999,25.050418200000003],[121.437026,25.050236399999996]]}},{"type":"Feature","properties":{"name":"文程路","kind":"unclassified"},"geometry":{"type":"LineString","coordinates":[[121.4375672,25.050525799999996],[121.43716129999999,25.0503016]]}},{"type":"Feature","properties":{"name":null,"kind":"service"},"geometry":{"type":"LineString","coordinates":[[121.4363536,25.050464199999997],[121.43630470000001,25.050395600000005]]}},{"type":"Feature","properties":{"name":"新北大道五段","kind":"primary"},"geometry":{"type":"LineString","coordinates":[[121.43745160000002,25.050378999999996],[121.4375672,25.050525799999996]]}},{"type":"Feature","properties":{"name":"仁義路","kind":"construction"},"geometry":{"type":"LineString","coordinates":[[121.43737459999998,25.050586100000004],[121.4375672,25.050525799999996]]}},{"type":"Feature","properties":{"name":null,"kind":"footway"},"geometry":{"type":"LineString","coordinates":[[121.43948679999998,25.049826600000003],[121.4393014,25.049412999999998]]}},{"type":"Feature","properties":{"name":null,"kind":"footway"},"geometry":{"type":"LineString","coordinates":[[121.43968590000001,25.049802299999996],[121.4397296,25.0497048]]}},{"type":"Feature","properties":{"name":null,"kind":"footway"},"geometry":{"type":"LineString","coordinates":[[121.43968590000001,25.049802299999996],[121.43967870000002,25.049820599999997]]}},{"type":"Feature","properties":{"name":null,"kind":"footway"},"geometry":{"type":"LineString","coordinates":[[121.43986659999999,25.049818699999996],[121.4399423,25.049908500000004]]}},{"type":"Feature","properties":{"name":null,"kind":"footway"},"geometry":{"type":"LineString","coordinates":[[121.43948679999998,25.049826600000003],[121.43967870000002,25.049820599999997],[121.43984230000001,25.049977299999995],[121.4400426,25.049942799999997]]}},{"type":"Feature","properties":{"name":null,"kind":"footway"},"geometry":{"type":"LineString","coordinates":[[121.4390413,25.0499069],[121.43934120000002,25.049889399999998]]}},{"type":"Feature","properties":{"name":null,"kind":"footway"},"geometry":{"type":"LineString","coordinates":[[121.43948679999998,25.049826600000003],[121.4394493,25.0500223]]}},{"type":"Feature","properties":{"name":null,"kind":"footway"},"geometry":{"type":"LineString","coordinates":[[121.4399423,25.049908500000004],[121.43996160000002,25.0499482]]}},{"type":"Feature","properties":{"name":null,"kind":"footway"},"geometry":{"type":"LineString","coordinates":[[121.43928200000002,25.0491802],[121.439408,25.050689300000002]]}},{"type":"Feature","properties":{"name":null,"kind":"footway"},"geometry":{"type":"LineString","coordinates":[[121.4397112,25.050016199999998],[121.43935259999999,25.050025499999997]]}},{"type":"Feature","properties":{"name":"泰林路一段","kind":"secondary"},"geometry":{"type":"LineString","coordinates":[[121.44077149999998,25.0488819],[121.43935450000001,25.0512329]]}},{"type":"Feature","properties":{"name":null,"kind":"footway"},"geometry":{"type":"LineString","coordinates":[[121.43984230000001,25.049977299999995],[121.4397779,25.0501766],[121.4396387,25.0502276],[121.43950200000002,25.050176599999993],[121.4394493,25.0500223]]}},{"type":"Feature","properties":{"name":null,"kind":"footway"},"geometry":{"type":"LineString","coordinates":[[121.43936099999999,25.050126299999995],[121.43906369999999,25.0501437]]}},{"type":"Feature","properties":{"name":null,"kind":"footway"},"geometry":{"type":"LineString","coordinates":[[121.4391757,25.05132679999999],[121.4389536,25.048980599999997]]}},{"type":"Feature","properties":{"name":"莊泰路","kind":"tertiary"},"geometry":{"type":"LineString","coordinates":[[121.43917350000001,25.049093199999998],[121.43935450000001,25.0512329]]}},{"type":"Feature","properties":{"name":"五股土城線","kind":"trunk"},"geometry":{"type":"LineString","coordinates":[[121.44223520000001,25.0338093],[121.442213,25.0411714],[121.44237920000002,25.0504348],[121.44236729999999,25.0545722],[121.44247280000002,25.057970799999993],[121.4423648,25.058451899999994],[121.44209479999999,25.059030199999995],[121.4382942,25.0652186],[121.43799620000001,25.0658966],[121.43785780000002,25.066521199999997]]}},{"type":"Feature","properties":{"name":"莊泰路","kind":"tertiary"},"geometry":{"type":"LineString","coordinates":[[121.43927400000001,25.0513751],[121.4390692,25.049096799999997]]}},{"type":"Feature","properties":{"name":"五股土城線","kind":"trunk"},"geometry":{"type":"LineString","coordinates":[[121.4377782,25.066522199999998],[121.43797859999998,25.0656747],[121.4381614,25.065283599999997],[121.440431,25.0614779],[121.4420119,25.0589922],[121.442347,25.058167399999995],[121.44218759999998,25.0504573],[121.44211850000002,25.040384999999997],[121.44203600000002,25.038537099999996],[121.44202680000001,25.0353418],[121.44209420000001,25.0340536]]}},{"type":"Feature","properties":{"name":null,"kind":"footway"},"geometry":{"type":"LineString","coordinates":[[121.439408,25.050689300000002],[121.43946429999998,25.050768199999997],[121.43955820000001,25.050738999999993],[121.4400426,25.049942799999997]]}},{"type":"Feature","properties":{"name":null,"kind":"footway"},"geometry":{"type":"LineString","coordinates":[[121.43948490000001,25.0505645],[121.43955690000001,25.050217899999996]]}},{"type":"Feature","properties":{"name":null,"kind":"footway"},"geometry":{"type":"LineString","coordinates":[[121.43948490000001,25.0505645],[121.4394271,25.0506025],[121.43947269999998,25.0506546],[121.43952510000001,25.0506213],[121.43948490000001,25.0505645]]}},{"type":"Feature","properties":{"name":null,"kind":"footway"},"geometry":{"type":"LineString","coordinates":[[121.43945600000002,25.050650699999995],[121.43941590000001,25.050726799999996]]}},{"type":"Feature","properties":{"name":null,"kind":"secondary_link"},"geometry":{"type":"LineString","coordinates":[[121.43930919999998,25.0506979],[121.4394555,25.0508333],[121.43962740000002,25.050780200000002]]}},{"type":"Feature","properties":{"name":null,"kind":"service"},"geometry":{"type":"LineString","coordinates":[[121.4385035,25.051399999999997],[121.43870420000002,25.051094799999998]]}},{"type":"Feature","properties":{"name":"泰林路一段","kind":"secondary"},"geometry":{"type":"LineString","coordinates":[[121.43935450000001,25.0512329],[121.43927400000001,25.0513751]]}},{"type":"Feature","properties":{"name":"莊泰路","kind":"tertiary"},"geometry":{"type":"LineString","coordinates":[[121.43935450000001,25.0512329],[121.4393687,25.051400299999994]]}},{"type":"Feature","properties":{"name":null,"kind":"footway"},"geometry":{"type":"LineString","coordinates":[[121.4394005,25.051347299999993],[121.4420083,25.0513457]]}},{"type":"Feature","properties":{"name":"環泰二路","kind":"residential"},"geometry":{"type":"LineString","coordinates":[[121.43927400000001,25.0513751],[121.4421298,25.0513948]]}},{"type":"Feature","properties":{"name":"10M-11","kind":"construction"},"geometry":{"type":"LineString","coordinates":[[121.43511659999999,25.0497361],[121.4330907,25.0469172]]}},{"type":"Feature","properties":{"name":"8-6","kind":"construction"},"geometry":{"type":"LineString","coordinates":[[121.43182170000001,25.047528299999996],[121.43186340000001,25.049640399999998]]}},{"type":"Feature","properties":{"name":"7-3","kind":"construction"},"geometry":{"type":"LineString","coordinates":[[121.4314393,25.049885699999994],[121.4351471,25.047713899999998]]}},{"type":"Feature","properties":{"name":"8-7","kind":"construction"},"geometry":{"type":"LineString","coordinates":[[121.4314393,25.049885699999994],[121.431407,25.0477354]]}},{"type":"Feature","properties":{"name":"文程路","kind":"unclassified"},"geometry":{"type":"LineString","coordinates":[[121.4331911,25.048468100000004],[121.43336449999998,25.048930700000003],[121.4344165,25.049370100000004],[121.4346079,25.049549799999998],[121.43480999999998,25.049972999999994],[121.435181,25.050271699999996]]}},{"type":"Feature","properties":{"name":"10M-7","kind":"construction"},"geometry":{"type":"LineString","coordinates":[[121.43406680000001,25.050266000000004],[121.4331263,25.0488995]]}},{"type":"Feature","properties":{"name":"5","kind":"construction"},"geometry":{"type":"LineString","coordinates":[[121.43241750000001,25.0512434],[121.4361712,25.04904670000001]]}},{"type":"Feature","properties":{"name":"5","kind":"construction"},"geometry":{"type":"LineString","coordinates":[[121.4362109,25.0490944],[121.4325716,25.051220700000002]]}},{"type":"Feature","properties":{"name":"4-3","kind":"construction"},"geometry":{"type":"LineString","coordinates":[[121.4299353,25.046270599999996],[121.43094530000002,25.047963199999995],[121.43309340000002,25.0522575],[121.4344413,25.0537871],[121.4358368,25.054814900000004],[121.4368746,25.055399000000005],[121.43690950000001,25.05553739999999]]}},{"type":"Feature","properties":{"name":null,"kind":"construction"},"geometry":{"type":"LineString","coordinates":[[121.4325716,25.051220700000002],[121.43241750000001,25.0512434]]}},{"type":"Feature","properties":{"name":"泰林路一段","kind":"secondary"},"geometry":{"type":"LineString","coordinates":[[121.4394461,25.0512714],[121.43928720000001,25.051535899999998]]}},{"type":"Feature","properties":{"name":null,"kind":"footway"},"geometry":{"type":"LineString","coordinates":[[121.44200900000001,25.051449199999997],[121.4393372,25.051452700000002]]}},{"type":"Feature","properties":{"name":null,"kind":"service"},"geometry":{"type":"LineString","coordinates":[[121.4385035,25.051399999999997],[121.43892899999999,25.0519363]]}},{"type":"Feature","properties":{"name":null,"kind":"service"},"geometry":{"type":"LineString","coordinates":[[121.4386645,25.0516192],[121.4385241,25.0517377]]}},{"type":"Feature","properties":{"name":"泰林路一段","kind":"secondary"},"geometry":{"type":"LineString","coordinates":[[121.43927400000001,25.0513751],[121.43882249999999,25.052118599999996]]}},{"type":"Feature","properties":{"name":"泰林路一段","kind":"construction"},"geometry":{"type":"LineString","coordinates":[[121.43928720000001,25.051535899999998],[121.4388884,25.0521998]]}},{"type":"Feature","properties":{"name":"泰林路匝道","kind":"trunk_link"},"geometry":{"type":"LineString","coordinates":[[121.43882249999999,25.052118599999996],[121.43882190000001,25.052311999999993]]}},{"type":"Feature","properties":{"name":"泰林路二段","kind":"secondary"},"geometry":{"type":"LineString","coordinates":[[121.43882249999999,25.052118599999996],[121.4387023,25.052328599999996]]}},{"type":"Feature","properties":{"name":"5","kind":"construction"},"geometry":{"type":"LineString","coordinates":[[121.4322044,25.051362599999997],[121.43241750000001,25.0512434]]}},{"type":"Feature","properties":{"name":"民生橋","kind":"construction"},"geometry":{"type":"LineString","coordinates":[[121.4322044,25.051362599999997],[121.43188289999999,25.051549499999997]]}},{"type":"Feature","properties":{"name":"10M-6","kind":"construction"},"geometry":{"type":"LineString","coordinates":[[121.43235240000001,25.049353499999995],[121.43328890000001,25.050801600000003],[121.43447270000001,25.052437499999996],[121.43572539999998,25.053824999999996]]}},{"type":"Feature","properties":{"name":"仁義路","kind":"unclassified"},"geometry":{"type":"LineString","coordinates":[[121.433532,25.0530377],[121.435181,25.050271699999996]]}},{"type":"Feature","properties":{"name":"4-3","kind":"construction"},"geometry":{"type":"LineString","coordinates":[[121.4368722,25.055600399999996],[121.43486850000001,25.054331299999998],[121.43391280000002,25.053473099999998],[121.43326140000002,25.0527131],[121.4329011,25.052223299999998],[121.4307982,25.048035899999995]]}},{"type":"Feature","properties":{"name":"中港西路498巷","kind":"residential"},"geometry":{"type":"LineString","coordinates":[[121.4325945,25.052426599999997],[121.4309104,25.0532492]]}},{"type":"Feature","properties":{"name":"中港西路","kind":"unclassified"},"geometry":{"type":"LineString","coordinates":[[121.43658190000001,25.055887499999997],[121.43506220000002,25.0549404],[121.43417200000002,25.054263399999993],[121.43337070000001,25.053459299999997],[121.43188289999999,25.051549499999997],[121.43154899999999,25.0509847],[121.4314187,25.050460399999995],[121.4314393,25.049885699999994]]}},{"type":"Feature","properties":{"name":"仁義路","kind":"unclassified"},"geometry":{"type":"LineString","coordinates":[[121.4335179,25.0530614],[121.433532,25.0530377]]}},{"type":"Feature","properties":{"name":"同義橋","kind":"unclassified"},"geometry":{"type":"LineString","coordinates":[[121.4333411,25.053355000000003],[121.4335179,25.0530614]]}},{"type":"Feature","properties":{"name":"仁義路220巷","kind":"residential"},"geometry":{"type":"LineString","coordinates":[[121.4319916,25.052711599999995],[121.43307780000002,25.0538154]]}},{"type":"Feature","properties":{"name":null,"kind":"service"},"geometry":{"type":"LineString","coordinates":[[121.41887380000001,25.0371849],[121.4193444,25.037756799999997]]}},{"type":"Feature","properties":{"name":null,"kind":"service"},"geometry":{"type":"LineString","coordinates":[[121.4193632,25.037545799999997],[121.4194593,25.03767309999999],[121.4192271,25.037842100000002],[121.4187591,25.037276699999996],[121.4189685,25.037109399999995],[121.4193632,25.037545799999997]]}},{"type":"Feature","properties":{"name":null,"kind":"service"},"geometry":{"type":"LineString","coordinates":[[121.4186325,25.040243299999997],[121.41814389999999,25.039463299999998],[121.4181755,25.0393865],[121.41831099999999,25.039387899999998],[121.41885820000002,25.040043799999996]]}},{"type":"Feature","properties":{"name":null,"kind":"service"},"geometry":{"type":"LineString","coordinates":[[121.41844960000002,25.039901399999998],[121.4179829,25.039764699999996]]}},{"type":"Feature","properties":{"name":null,"kind":"service"},"geometry":{"type":"LineString","coordinates":[[121.419733,25.039948899999995],[121.4193423,25.0399385],[121.41888110000001,25.040090099999997],[121.41864979999998,25.040215599999996],[121.41863209999998,25.040384099999994]]}},{"type":"Feature","properties":{"name":null,"kind":"footway"},"geometry":{"type":"LineString","coordinates":[[121.4186564,25.0404185],[121.4189974,25.0401911]]}},{"type":"Feature","properties":{"name":null,"kind":"footway"},"geometry":{"type":"LineString","coordinates":[[121.41909499999998,25.040680099999996],[121.4190646,25.04065]]}},{"type":"Feature","properties":{"name":null,"kind":"footway"},"geometry":{"type":"LineString","coordinates":[[121.4187585,25.040805199999994],[121.41888289999999,25.0407387]]}},{"type":"Feature","properties":{"name":null,"kind":"footway"},"geometry":{"type":"LineString","coordinates":[[121.4194357,25.040990499999996],[121.41908350000001,25.0411956]]}},{"type":"Feature","properties":{"name":"學二路","kind":"service"},"geometry":{"type":"LineString","coordinates":[[121.41863209999998,25.040384099999994],[121.41938879999998,25.041486399999993],[121.4191524,25.041683899999995],[121.4191509,25.041860499999995],[121.4192555,25.041967599999992],[121.41942050000002,25.041985799999996],[121.4196364,25.041885],[121.41987139999999,25.0419286]]}},{"type":"Feature","properties":{"name":"明二路","kind":"service"},"geometry":{"type":"LineString","coordinates":[[121.42222909999998,25.040720900000004],[121.42210779999999,25.040590299999995],[121.4217195,25.040424399999992],[121.4211695,25.0398501],[121.42097529999998,25.0397692],[121.42035470000002,25.0400288],[121.41936229999999,25.040015000000004],[121.4189974,25.0401911]]}},{"type":"Feature","properties":{"name":null,"kind":"footway"},"geometry":{"type":"LineString","coordinates":[[121.42057370000002,25.0402548],[121.42046270000002,25.040309899999997]]}},{"type":"Feature","properties":{"name":null,"kind":"footway"},"geometry":{"type":"LineString","coordinates":[[121.42222540000002,25.040529899999996],[121.4222523,25.040413299999997]]}},{"type":"Feature","properties":{"name":null,"kind":"steps"},"geometry":{"type":"LineString","coordinates":[[121.4211156,25.040555699999995],[121.421331,25.040449099999993]]}},{"type":"Feature","properties":{"name":"教二路","kind":"service"},"geometry":{"type":"LineString","coordinates":[[121.4212391,25.0414296],[121.42035470000002,25.0400288]]}},{"type":"Feature","properties":{"name":null,"kind":"footway"},"geometry":{"type":"LineString","coordinates":[[121.42039530000001,25.0406641],[121.42051260000001,25.0408637]]}},{"type":"Feature","properties":{"name":"學一路","kind":"service"},"geometry":{"type":"LineString","coordinates":[[121.41991100000001,25.04139199999999],[121.41977579999998,25.041311499999996],[121.4189974,25.0401911]]}},{"type":"Feature","properties":{"name":"教三路","kind":"service"},"geometry":{"type":"LineString","coordinates":[[121.4207792,25.04161149999999],[121.41988940000002,25.0401919],[121.4196568,25.04015949999999],[121.4195707,25.040022300000004]]}},{"type":"Feature","properties":{"name":null,"kind":"footway"},"geometry":{"type":"LineString","coordinates":[[121.42034639999999,25.0409419],[121.42079,25.0407273]]}},{"type":"Feature","properties":{"name":"教一路","kind":"service"},"geometry":{"type":"LineString","coordinates":[[121.4216305,25.041888099999998],[121.4218792,25.041663299999996],[121.4218671,25.041526599999997],[121.4215428,25.041231399999997],[121.4206834,25.039881300000005]]}},{"type":"Feature","properties":{"name":null,"kind":"steps"},"geometry":{"type":"LineString","coordinates":[[121.4194357,25.040990499999996],[121.41957580000002,25.0409138]]}},{"type":"Feature","properties":{"name":null,"kind":"service"},"geometry":{"type":"LineString","coordinates":[[121.42034639999999,25.0409419],[121.4201044,25.041077599999998]]}},{"type":"Feature","properties":{"name":null,"kind":"steps"},"geometry":{"type":"LineString","coordinates":[[121.42190140000001,25.0409693],[121.42199740000001,25.0410875]]}},{"type":"Feature","properties":{"name":null,"kind":"footway"},"geometry":{"type":"LineString","coordinates":[[121.4193801,25.041075],[121.4193312,25.0410057]]}},{"type":"Feature","properties":{"name":null,"kind":"pedestrian"},"geometry":{"type":"LineString","coordinates":[[121.4218688,25.041446199999996],[121.42194600000002,25.041390399999994],[121.4219885,25.0414387],[121.42249580000001,25.041072299999996],[121.4223357,25.0408431],[121.4218679,25.0411809],[121.4218167,25.0411227],[121.42171780000001,25.0411941],[121.4218688,25.041446199999996]]}},{"type":"Feature","properties":{"name":null,"kind":"footway"},"geometry":{"type":"LineString","coordinates":[[121.41988640000001,25.041469599999996],[121.41968939999998,25.041563399999998]]}},{"type":"Feature","properties":{"name":null,"kind":"footway"},"geometry":{"type":"LineString","coordinates":[[121.41968939999998,25.041563399999998],[121.4196055,25.041599599999998],[121.4196931,25.041760199999995],[121.41977450000002,25.041730799999996]]}},{"type":"Feature","properties":{"name":null,"kind":"service"},"geometry":{"type":"LineString","coordinates":[[121.4208695,25.041735499999998],[121.4207792,25.04161149999999]]}},{"type":"Feature","properties":{"name":null,"kind":"footway"},"geometry":{"type":"LineString","coordinates":[[121.41938879999998,25.041486399999993],[121.41968939999998,25.041563399999998],[121.41979139999998,25.0418849]]}},{"type":"Feature","properties":{"name":null,"kind":"footway"},"geometry":{"type":"LineString","coordinates":[[121.419907,25.0419762],[121.4200237,25.041781599999997],[121.4204832,25.0416197]]}},{"type":"Feature","properties":{"name":null,"kind":"footway"},"geometry":{"type":"LineString","coordinates":[[121.4192157,25.04211119999999],[121.4192555,25.041967599999992]]}},{"type":"Feature","properties":{"name":null,"kind":"footway"},"geometry":{"type":"LineString","coordinates":[[121.41882939999999,25.042412799999997],[121.4188518,25.0420258],[121.4191509,25.041860499999995]]}},{"type":"Feature","properties":{"name":"南泰路","kind":"unclassified"},"geometry":{"type":"LineString","coordinates":[[121.4225944,25.040452800000004],[121.4218641,25.040374299999993],[121.4212755,25.039746500000003],[121.42102950000002,25.039648399999997],[121.4203034,25.039925599999997],[121.419733,25.039948899999995],[121.4195467,25.0398662],[121.41799890000001,25.037965099999997],[121.41661220000002,25.036609099999996],[121.41595859999998,25.036069800000003],[121.41558500000001,25.03557869999999],[121.4154348,25.035500899999995],[121.4153221,25.035564099999995],[121.41531679999999,25.035656399999997],[121.4157011,25.036247300000007],[121.4156053,25.0369217],[121.4158843,25.037069899999995],[121.4163831,25.0375365],[121.4165629,25.037884],[121.4165389,25.038022899999998],[121.4161057,25.038264699999992],[121.41609350000002,25.038423499999997],[121.416697,25.038700600000006],[121.41692960000002,25.039258200000003],[121.4167741,25.039491500000004],[121.41621800000001,25.0399238],[121.4157034,25.040096999999996],[121.4154285,25.040613400000005],[121.41468429999999,25.040534199999996],[121.41424629999999,25.040888300000002],[121.41432600000002,25.041065299999996],[121.4147981,25.0411224],[121.414851,25.041328299999996],[121.41458179999998,25.041739099999994],[121.4139623,25.0420963],[121.4137565,25.042315299999995],[121.41386920000001,25.0424708],[121.41441909999999,25.042422099999996],[121.41459880000001,25.0425875],[121.4146364,25.042745399999998],[121.41440560000001,25.043279999999992],[121.414529,25.0434696],[121.41527110000001,25.0431145],[121.4156904,25.042604399999995],[121.4158138,25.042546099999996],[121.41659700000001,25.0423906],[121.41672030000001,25.0425558],[121.4164789,25.042964099999995],[121.4164816,25.0437272],[121.41608999999998,25.043965299999996],[121.4156359,25.043994],[121.41535699999999,25.044217499999995],[121.41534440000001,25.0447526],[121.4148045,25.045306200000002],[121.41497079999999,25.045544299999996],[121.4154238,25.045797200000003],[121.41541300000002,25.045918700000005],[121.41503349999999,25.0463063],[121.4149785,25.0464484],[121.4150201,25.046659899999998],[121.41534200000001,25.046923499999995],[121.4159884,25.0472576],[121.41608900000001,25.04746659999999],[121.416034,25.0477096],[121.41569329999999,25.048344999999998],[121.4156679,25.048759299999997],[121.4151779,25.048915599999997]]}},{"type":"Feature","properties":{"name":"學三路","kind":"service"},"geometry":{"type":"LineString","coordinates":[[121.4187606,25.042414599999994],[121.4192023,25.042332699999996],[121.4193499,25.042364300000003],[121.41943499999998,25.0424688],[121.41932569999999,25.042663200000003],[121.419331,25.043125899999996]]}},{"type":"Feature","properties":{"name":null,"kind":"service"},"geometry":{"type":"LineString","coordinates":[[121.4192271,25.0435989],[121.41929890000002,25.0438291]]}},{"type":"Feature","properties":{"name":null,"kind":"service"},"geometry":{"type":"LineString","coordinates":[[121.41859060000002,25.043837099999998],[121.418603,25.0437452]]}},{"type":"Feature","properties":{"name":null,"kind":"service"},"geometry":{"type":"LineString","coordinates":[[121.41899410000002,25.043736899999995],[121.41878140000001,25.043875299999993]]}},{"type":"Feature","properties":{"name":null,"kind":"service"},"geometry":{"type":"LineString","coordinates":[[121.419258,25.0444783],[121.41899410000002,25.043736899999995],[121.4190484,25.0436641],[121.41918050000001,25.0439598],[121.41923390000001,25.0439452]]}},{"type":"Feature","properties":{"name":null,"kind":"service"},"geometry":{"type":"LineString","coordinates":[[121.4190484,25.0436641],[121.41888649999999,25.043660600000003],[121.41859060000002,25.043837099999998],[121.4188356,25.044628500000005]]}},{"type":"Feature","properties":{"name":"崎頭步道","kind":"footway"},"geometry":{"type":"LineString","coordinates":[[121.4185869,25.0464492],[121.4184114,25.046569299999994],[121.41819880000001,25.046575]]}},{"type":"Feature","properties":{"name":null,"kind":"footway"},"geometry":{"type":"LineString","coordinates":[[121.4216305,25.041888099999998],[121.42154460000002,25.0418156]]}},{"type":"Feature","properties":{"name":null,"kind":"service"},"geometry":{"type":"LineString","coordinates":[[121.4216305,25.041888099999998],[121.42129860000001,25.0422016]]}},{"type":"Feature","properties":{"name":null,"kind":"footway"},"geometry":{"type":"LineString","coordinates":[[121.4197531,25.0421491],[121.4199387,25.0420187]]}},{"type":"Feature","properties":{"name":null,"kind":"footway"},"geometry":{"type":"LineString","coordinates":[[121.42188189999999,25.042148500000003],[121.42192489999998,25.0421157]]}},{"type":"Feature","properties":{"name":null,"kind":"footway"},"geometry":{"type":"LineString","coordinates":[[121.42131630000002,25.042232100000003],[121.42126500000002,25.0422016]]}},{"type":"Feature","properties":{"name":null,"kind":"steps"},"geometry":{"type":"LineString","coordinates":[[121.42106880000001,25.042305700000004],[121.42126500000002,25.0422016]]}},{"type":"Feature","properties":{"name":"志三路","kind":"service"},"geometry":{"type":"LineString","coordinates":[[121.42261240000002,25.044003499999995],[121.4223372,25.043849699999992],[121.4223189,25.0436428],[121.4212331,25.0425239],[121.420949,25.0421292],[121.4208695,25.041735499999998],[121.4223369,25.040636099999997]]}},{"type":"Feature","properties":{"name":null,"kind":"steps"},"geometry":{"type":"LineString","coordinates":[[121.4212331,25.0425239],[121.42131630000002,25.042232100000003]]}},{"type":"Feature","properties":{"name":null,"kind":"service"},"geometry":{"type":"LineString","coordinates":[[121.42094759999999,25.0427276],[121.420949,25.0421292]]}},{"type":"Feature","properties":{"name":"明一路","kind":"service"},"geometry":{"type":"LineString","coordinates":[[121.4192271,25.0435989],[121.419331,25.043125899999996],[121.41992630000001,25.042863399999995],[121.42005080000001,25.0426445],[121.4200663,25.042286499999992],[121.41987139999999,25.0419286],[121.4198571,25.041735799999994],[121.4199633,25.041321899999996],[121.4202163,25.041336099999995],[121.4204832,25.0416197],[121.4206205,25.0416613],[121.4207792,25.04161149999999]]}},{"type":"Feature","properties":{"name":null,"kind":"footway"},"geometry":{"type":"LineString","coordinates":[[121.4213664,25.042641400000004],[121.421606,25.042418]]}},{"type":"Feature","properties":{"name":"志一路","kind":"service"},"geometry":{"type":"LineString","coordinates":[[121.4226222,25.043374100000005],[121.42245760000002,25.043135099999997],[121.42271650000002,25.042796499999998],[121.4216305,25.041888099999998]]}},{"type":"Feature","properties":{"name":null,"kind":"service"},"geometry":{"type":"LineString","coordinates":[[121.4215076,25.042757999999992],[121.42094759999999,25.0427276]]}},{"type":"Feature","properties":{"name":null,"kind":"service"},"geometry":{"type":"LineString","coordinates":[[121.42005080000001,25.0426445],[121.4203579,25.0428853]]}},{"type":"Feature","properties":{"name":null,"kind":"footway"},"geometry":{"type":"LineString","coordinates":[[121.42116219999998,25.04276069999999],[121.4211638,25.0428619],[121.4213141,25.042932399999998],[121.4214629,25.0428802],[121.421483,25.042763600000004]]}},{"type":"Feature","properties":{"name":null,"kind":"steps"},"geometry":{"type":"LineString","coordinates":[[121.4210224,25.04273909999999],[121.4209744,25.0429754]]}},{"type":"Feature","properties":{"name":null,"kind":"steps"},"geometry":{"type":"LineString","coordinates":[[121.4198698,25.042887699999994],[121.419935,25.043016800000004]]}},{"type":"Feature","properties":{"name":null,"kind":"steps"},"geometry":{"type":"LineString","coordinates":[[121.4209744,25.0429754],[121.42083330000001,25.042956299999997],[121.42081560000001,25.043015599999997]]}},{"type":"Feature","properties":{"name":null,"kind":"steps"},"geometry":{"type":"LineString","coordinates":[[121.4209744,25.0429754],[121.4210917,25.0429899],[121.42107930000002,25.043053999999998]]}},{"type":"Feature","properties":{"name":null,"kind":"steps"},"geometry":{"type":"LineString","coordinates":[[121.42081560000001,25.043015599999997],[121.42090590000001,25.0429979],[121.4207699,25.042978599999998],[121.4208404,25.043058899999995]]}},{"type":"Feature","properties":{"name":null,"kind":"footway"},"geometry":{"type":"LineString","coordinates":[[121.42124859999998,25.0431294],[121.4213181,25.043050299999997],[121.42127380000001,25.042925100000005]]}},{"type":"Feature","properties":{"name":null,"kind":"steps"},"geometry":{"type":"LineString","coordinates":[[121.42107930000002,25.043053999999998],[121.42100850000001,25.043010799999998],[121.42112,25.043028400000004],[121.42111110000002,25.043070099999998],[121.42100340000002,25.043082]]}},{"type":"Feature","properties":{"name":null,"kind":"service"},"geometry":{"type":"LineString","coordinates":[[121.42142259999999,25.0426852],[121.42151379999999,25.04261590000001],[121.42170429999999,25.04263660000001],[121.4227882,25.043567699999997]]}},{"type":"Feature","properties":{"name":null,"kind":"footway"},"geometry":{"type":"LineString","coordinates":[[121.4214294,25.042913],[121.42176730000001,25.043327299999994]]}},{"type":"Feature","properties":{"name":null,"kind":"steps"},"geometry":{"type":"LineString","coordinates":[[121.4223492,25.043179900000002],[121.4222474,25.0430934]]}},{"type":"Feature","properties":{"name":null,"kind":"footway"},"geometry":{"type":"LineString","coordinates":[[121.4217915,25.0435849],[121.42172439999999,25.043463400000004],[121.4218854,25.043162]]}},{"type":"Feature","properties":{"name":null,"kind":"footway"},"geometry":{"type":"LineString","coordinates":[[121.42172439999999,25.043463400000004],[121.42153090000001,25.0434457]]}},{"type":"Feature","properties":{"name":null,"kind":"service"},"geometry":{"type":"LineString","coordinates":[[121.4220741,25.043782499999995],[121.42202070000002,25.043723999999997]]}},{"type":"Feature","properties":{"name":null,"kind":"service"},"geometry":{"type":"LineString","coordinates":[[121.4193498,25.043816799999995],[121.41942619999999,25.043911400000002],[121.4192571,25.043960700000003],[121.41922279999999,25.0438724],[121.4193498,25.043816799999995]]}},{"type":"Feature","properties":{"name":null,"kind":"service"},"geometry":{"type":"LineString","coordinates":[[121.4215344,25.043821999999995],[121.4217335,25.044000899999997]]}},{"type":"Feature","properties":{"name":null,"kind":"footway"},"geometry":{"type":"LineString","coordinates":[[121.42023020000002,25.0444065],[121.4202654,25.0441706],[121.420083,25.043849799999997],[121.4200885,25.0437032]]}},{"type":"Feature","properties":{"name":null,"kind":"service"},"geometry":{"type":"LineString","coordinates":[[121.4217335,25.044000899999997],[121.42220650000002,25.044639899999996],[121.42240090000001,25.044602999999995],[121.4220365,25.0438308],[121.4222592,25.0435732]]}},{"type":"Feature","properties":{"name":null,"kind":"service"},"geometry":{"type":"LineString","coordinates":[[121.4194299,25.043868199999995],[121.41961940000002,25.0438873],[121.4198845,25.0445321],[121.419093,25.0447774]]}},{"type":"Feature","properties":{"name":null,"kind":"service"},"geometry":{"type":"LineString","coordinates":[[121.4217335,25.044000899999997],[121.42171389999999,25.04412309999999],[121.42186989999999,25.044326699999996],[121.42186000000001,25.0444437],[121.42152120000002,25.044685000000005],[121.42137390000002,25.044945899999995],[121.4212385,25.0450353],[121.4207744,25.044907299999995],[121.42050300000001,25.044357900000005],[121.41987509999998,25.044509199999997]]}},{"type":"Feature","properties":{"name":"崎頭步道","kind":"steps"},"geometry":{"type":"LineString","coordinates":[[121.4231943,25.0439205],[121.42284140000001,25.0445084],[121.4225484,25.0447194],[121.4215155,25.0450393],[121.42071390000001,25.0454636],[121.4202139,25.0455342],[121.41992480000002,25.0457895],[121.41971120000001,25.0457307],[121.4191984,25.0458665],[121.4185869,25.0464492]]}},{"type":"Feature","properties":{"name":null,"kind":"pedestrian"},"geometry":{"type":"LineString","coordinates":[[121.4205556,25.045495099999997],[121.4207044,25.045408799999993],[121.42076790000002,25.0454988],[121.4206192,25.0455851],[121.4205556,25.045495099999997]]}},{"type":"Feature","properties":{"name":null,"kind":"path"},"geometry":{"type":"LineString","coordinates":[[121.42284109999999,25.044935599999995],[121.42274389999999,25.045208099999996],[121.42248469999998,25.045373299999998],[121.42235230000001,25.045323099999994],[121.42178370000002,25.045520700000004],[121.4217533,25.0456552],[121.42122760000001,25.046089]]}},{"type":"Feature","properties":{"name":null,"kind":"footway"},"geometry":{"type":"LineString","coordinates":[[121.42191580000001,25.044923399999995],[121.42133250000002,25.0455468],[121.42121220000001,25.0461143],[121.4215179,25.046235800000005],[121.4213516,25.046444799999996],[121.4214697,25.0465614],[121.42194699999999,25.0465419],[121.4219256,25.046731499999996],[121.42203459999999,25.0468663]]}},{"type":"Feature","properties":{"name":"蝴蝶步道","kind":"footway"},"geometry":{"type":"LineString","coordinates":[[121.4197857,25.049178199999997],[121.4197714,25.0482754],[121.41984289999999,25.048157399999997],[121.4205508,25.047707099999997],[121.4209782,25.04751599999999],[121.4212496,25.0474961],[121.4217338,25.047225199999996],[121.42211530000002,25.046793199999996],[121.42230610000001,25.046758299999993],[121.4224439,25.046830300000003],[121.42403189999999,25.0463047],[121.4245382,25.04637449999999],[121.42480410000002,25.046233199999996]]}},{"type":"Feature","properties":{"name":null,"kind":"footway"},"geometry":{"type":"LineString","coordinates":[[121.4196844,25.049188799999996],[121.4197857,25.049178199999997]]}},{"type":"Feature","properties":{"name":null,"kind":"service"},"geometry":{"type":"LineString","coordinates":[[121.4105484,25.0429278],[121.41057120000002,25.042646599999998],[121.4109354,25.0420417],[121.4118913,25.041601799999995],[121.412978,25.0404214],[121.4132812,25.039435399999995]]}},{"type":"Feature","properties":{"name":null,"kind":"service"},"geometry":{"type":"LineString","coordinates":[[121.4130527,25.044216699999996],[121.41274560000001,25.0444322]]}},{"type":"Feature","properties":{"name":null,"kind":"service"},"geometry":{"type":"LineString","coordinates":[[121.41364269999998,25.046203400000003],[121.41276890000002,25.0452197]]}},{"type":"Feature","properties":{"name":null,"kind":"service"},"geometry":{"type":"LineString","coordinates":[[121.41373410000001,25.046990400000002],[121.41338669999999,25.046523400000005],[121.41337860000002,25.046409199999996],[121.414053,25.0459158]]}},{"type":"Feature","properties":{"name":null,"kind":"service"},"geometry":{"type":"LineString","coordinates":[[121.41476320000001,25.046747399999997],[121.41255470000002,25.0472168],[121.4127358,25.048298000000003],[121.41505999999998,25.0481148]]}},{"type":"Feature","properties":{"name":null,"kind":"service"},"geometry":{"type":"LineString","coordinates":[[121.41255470000002,25.0472168],[121.41190940000001,25.0476385],[121.4117604,25.0479035],[121.4118792,25.048387999999996],[121.4127358,25.048298000000003]]}},{"type":"Feature","properties":{"name":null,"kind":"service"},"geometry":{"type":"LineString","coordinates":[[121.41555050000001,25.050314],[121.41565310000001,25.050165299999996],[121.4156183,25.049789800000003]]}},{"type":"Feature","properties":{"name":null,"kind":"service"},"geometry":{"type":"LineString","coordinates":[[121.4107916,25.051594099999996],[121.4118614,25.0514806],[121.4116833,25.049831900000004],[121.41325560000001,25.049691299999992]]}},{"type":"Feature","properties":{"name":"南林路","kind":"residential"},"geometry":{"type":"LineString","coordinates":[[121.41563269999999,25.0529231],[121.4151779,25.048915599999997]]}},{"type":"Feature","properties":{"name":null,"kind":"service"},"geometry":{"type":"LineString","coordinates":[[121.41409839999999,25.0535422],[121.4140093,25.053116700000004],[121.4137415,25.052562400000003],[121.41351270000001,25.0522681],[121.41339900000001,25.05062059999999],[121.4131604,25.049275599999998],[121.4126075,25.049323200000003],[121.41253679999998,25.048880499999992],[121.4118792,25.048387999999996]]}},{"type":"Feature","properties":{"name":"崎頭步道","kind":"steps"},"geometry":{"type":"LineString","coordinates":[[121.41819880000001,25.046575],[121.4178124,25.046725399999993]]}},{"type":"Feature","properties":{"name":null,"kind":"footway"},"geometry":{"type":"LineString","coordinates":[[121.4178124,25.046725399999993],[121.4178039,25.0467926]]}},{"type":"Feature","properties":{"name":null,"kind":"steps"},"geometry":{"type":"LineString","coordinates":[[121.4178039,25.0467926],[121.4177887,25.046918499999997]]}},{"type":"Feature","properties":{"name":"崎頭古道","kind":"footway"},"geometry":{"type":"LineString","coordinates":[[121.4178124,25.046725399999993],[121.4176655,25.046841600000004],[121.41726390000001,25.046906299999993],[121.4170672,25.047163400000002],[121.41676770000001,25.047357699999996],[121.41606749999998,25.0476173]]}},{"type":"Feature","properties":{"name":"崎頭古道","kind":"footway"},"geometry":{"type":"LineString","coordinates":[[121.4177887,25.046918499999997],[121.4177638,25.0476026],[121.4170558,25.047840600000004]]}},{"type":"Feature","properties":{"name":null,"kind":"service"},"geometry":{"type":"LineString","coordinates":[[121.4170558,25.047840600000004],[121.4171062,25.048341999999998],[121.4168251,25.048484999999996],[121.41681470000002,25.0487918],[121.41759609999998,25.049117999999996],[121.4174263,25.049176],[121.41732489999998,25.049353199999995],[121.41734939999999,25.0494892]]}},{"type":"Feature","properties":{"name":"蝴蝶步道","kind":"footway"},"geometry":{"type":"LineString","coordinates":[[121.41745300000001,25.049518100000004],[121.4175902,25.049448099999996],[121.4180065,25.049493299999998],[121.41869959999998,25.049678499999995],[121.4192682,25.049046799999992],[121.41956860000002,25.048842600000004],[121.41977939999998,25.048530200000002]]}},{"type":"Feature","properties":{"name":null,"kind":"footway"},"geometry":{"type":"LineString","coordinates":[[121.4173516,25.0494713],[121.41718040000002,25.049396100000003],[121.4163912,25.049463400000004],[121.4160267,25.049399300000005],[121.4159199,25.0491872],[121.41554179999999,25.048841999999997]]}},{"type":"Feature","properties":{"name":"明志路二段136巷","kind":"service"},"geometry":{"type":"LineString","coordinates":[[121.41734939999999,25.0494892],[121.41698129999999,25.0495666],[121.41663380000001,25.049505200000002],[121.416247,25.04956659999999],[121.4155696,25.0493686],[121.41539029999998,25.0489476],[121.4151779,25.048915599999997]]}},{"type":"Feature","properties":{"name":"明志路二段136巷","kind":"service"},"geometry":{"type":"LineString","coordinates":[[121.4175137,25.04954789999999],[121.41734939999999,25.0494892]]}},{"type":"Feature","properties":{"name":"明志路二段400巷","kind":"service"},"geometry":{"type":"LineString","coordinates":[[121.42514139999999,25.044056799999996],[121.42433489999999,25.044370900000004],[121.42419339999998,25.044503800000005]]}},{"type":"Feature","properties":{"name":null,"kind":"service"},"geometry":{"type":"LineString","coordinates":[[121.4244557,25.043752699999995],[121.4247056,25.0442104],[121.424738,25.0444618],[121.4250394,25.044921300000002]]}},{"type":"Feature","properties":{"name":null,"kind":"footway"},"geometry":{"type":"LineString","coordinates":[[121.42297120000002,25.044302499999997],[121.42321,25.0443047],[121.42327250000001,25.044392799999994],[121.4234293,25.044388899999998],[121.4234918,25.0444573]]}},{"type":"Feature","properties":{"name":null,"kind":"service"},"geometry":{"type":"LineString","coordinates":[[121.4251544,25.0446204],[121.425362,25.044411199999992]]}},{"type":"Feature","properties":{"name":null,"kind":"path"},"geometry":{"type":"LineString","coordinates":[[121.4236222,25.044230999999993],[121.4233401,25.044664800000003],[121.4227986,25.044891400000008]]}},{"type":"Feature","properties":{"name":null,"kind":"service"},"geometry":{"type":"LineString","coordinates":[[121.4241476,25.0445311],[121.4241089,25.0445952],[121.42407030000001,25.04453939999999]]}},{"type":"Feature","properties":{"name":null,"kind":"service"},"geometry":{"type":"LineString","coordinates":[[121.4248759,25.044731400000003],[121.42481709999998,25.044845799999997]]}},{"type":"Feature","properties":{"name":null,"kind":"service"},"geometry":{"type":"LineString","coordinates":[[121.42419339999998,25.044503800000005],[121.4244476,25.0450843],[121.4244004,25.045182800000003],[121.4242969,25.045159000000005],[121.4237938,25.044545399999997],[121.42384490000002,25.0444659],[121.42407030000001,25.04453939999999],[121.42419339999998,25.044503800000005]]}},{"type":"Feature","properties":{"name":null,"kind":"path"},"geometry":{"type":"LineString","coordinates":[[121.4227986,25.044891400000008],[121.42284109999999,25.044935599999995]]}},{"type":"Feature","properties":{"name":null,"kind":"service"},"geometry":{"type":"LineString","coordinates":[[121.42490760000001,25.045101999999996],[121.42524490000001,25.045117800000003]]}},{"type":"Feature","properties":{"name":"新民路14巷","kind":"service"},"geometry":{"type":"LineString","coordinates":[[121.4264688,25.0446993],[121.4257247,25.043377900000003]]}},{"type":"Feature","properties":{"name":"便道","kind":"service"},"geometry":{"type":"LineString","coordinates":[[121.4284913,25.044869199999997],[121.427521,25.043218299999996]]}},{"type":"Feature","properties":{"name":"明志路二段359巷","kind":"service"},"geometry":{"type":"LineString","coordinates":[[121.42527420000002,25.0442682],[121.42596090000002,25.043858399999998]]}},{"type":"Feature","properties":{"name":"中央路1巷","kind":"service"},"geometry":{"type":"LineString","coordinates":[[121.42686809999998,25.0441804],[121.4273478,25.04395999999999]]}},{"type":"Feature","properties":{"name":"新民路14巷11弄","kind":"service"},"geometry":{"type":"LineString","coordinates":[[121.42620620000001,25.044228099999998],[121.42660750000002,25.0440159]]}},{"type":"Feature","properties":{"name":"新民路22巷","kind":"service"},"geometry":{"type":"LineString","coordinates":[[121.42659910000002,25.0446336],[121.426458,25.0440949]]}},{"type":"Feature","properties":{"name":"新民路","kind":"residential"},"geometry":{"type":"LineString","coordinates":[[121.4257565,25.045058],[121.42739610000001,25.0442322]]}},{"type":"Feature","properties":{"name":"明志路二段","kind":"secondary"},"geometry":{"type":"LineString","coordinates":[[121.4262907,25.0459601],[121.42492239999999,25.043675099999998]]}},{"type":"Feature","properties":{"name":"新生路","kind":"unclassified"},"geometry":{"type":"LineString","coordinates":[[121.4262907,25.0459601],[121.4284913,25.044869199999997]]}},{"type":"Feature","properties":{"name":"新生路31巷","kind":"service"},"geometry":{"type":"LineString","coordinates":[[121.4274099,25.0454117],[121.4275884,25.0456847],[121.4277181,25.046243100000005]]}},{"type":"Feature","properties":{"name":"新生路","kind":"unclassified"},"geometry":{"type":"LineString","coordinates":[[121.4312512,25.0434844],[121.43127119999998,25.043468599999997]]}},{"type":"Feature","properties":{"name":"10M-14","kind":"construction"},"geometry":{"type":"LineString","coordinates":[[121.4297551,25.042859599999996],[121.43132010000001,25.045486299999997]]}},{"type":"Feature","properties":{"name":"新生路","kind":"unclassified"},"geometry":{"type":"LineString","coordinates":[[121.4284913,25.044869199999997],[121.4312512,25.0434844]]}},{"type":"Feature","properties":{"name":"8-4","kind":"construction"},"geometry":{"type":"LineString","coordinates":[[121.4307369,25.046052499999995],[121.42870419999998,25.0426851]]}},{"type":"Feature","properties":{"name":"10M-13","kind":"construction"},"geometry":{"type":"LineString","coordinates":[[121.4297607,25.04635629999999],[121.42812389999999,25.0436562]]}},{"type":"Feature","properties":{"name":"中港西路","kind":"unclassified"},"geometry":{"type":"LineString","coordinates":[[121.4314393,25.049885699999994],[121.43128409999998,25.049482799999996],[121.43078960000001,25.048892999999993],[121.4304121,25.0482263],[121.4301115,25.0473624],[121.4300307,25.0463028],[121.43023880000001,25.044854600000004],[121.4302536,25.0433383],[121.4296101,25.042245899999998],[121.42910310000002,25.041586400000003],[121.42806089999999,25.040762199999993]]}},{"type":"Feature","properties":{"name":"明志路二段273巷","kind":"construction"},"geometry":{"type":"LineString","coordinates":[[121.4313618,25.045569700000005],[121.4297607,25.04635629999999]]}},{"type":"Feature","properties":{"name":"明志路二段273巷","kind":"construction"},"geometry":{"type":"LineString","coordinates":[[121.4297607,25.04635629999999],[121.42814679999998,25.0471493]]}},{"type":"Feature","properties":{"name":"4-3","kind":"construction"},"geometry":{"type":"LineString","coordinates":[[121.4307982,25.048035899999995],[121.4297607,25.04635629999999]]}},{"type":"Feature","properties":{"name":"文程路","kind":"construction"},"geometry":{"type":"LineString","coordinates":[[121.430715,25.048076900000005],[121.4314409,25.047718699999997]]}},{"type":"Feature","properties":{"name":"新生路25巷","kind":"service"},"geometry":{"type":"LineString","coordinates":[[121.4277181,25.046243100000005],[121.42721609999998,25.0455074]]}},{"type":"Feature","properties":{"name":"新生路5巷","kind":"service"},"geometry":{"type":"LineString","coordinates":[[121.4266413,25.0457911],[121.4268409,25.046141099999996]]}},{"type":"Feature","properties":{"name":null,"kind":"footway"},"geometry":{"type":"LineString","coordinates":[[121.42707800000001,25.046263899999996],[121.42677310000002,25.04572599999999]]}},{"type":"Feature","properties":{"name":"新生路15巷","kind":"service"},"geometry":{"type":"LineString","coordinates":[[121.42693580000001,25.0456457],[121.4273775,25.0464167]]}},{"type":"Feature","properties":{"name":null,"kind":"service"},"geometry":{"type":"LineString","coordinates":[[121.4261475,25.046545899999995],[121.42565070000002,25.0456779]]}},{"type":"Feature","properties":{"name":"明志路二段305巷","kind":"service"},"geometry":{"type":"LineString","coordinates":[[121.42758179999998,25.046043200000003],[121.42707800000001,25.046263899999996]]}},{"type":"Feature","properties":{"name":"明志路二段320巷","kind":"service"},"geometry":{"type":"LineString","coordinates":[[121.4262907,25.0459601],[121.4253921,25.046378599999993]]}},{"type":"Feature","properties":{"name":null,"kind":"service"},"geometry":{"type":"LineString","coordinates":[[121.4254915,25.045786399999997],[121.42597719999999,25.046578299999997]]}},{"type":"Feature","properties":{"name":null,"kind":"service"},"geometry":{"type":"LineString","coordinates":[[121.42533490000001,25.045872699999997],[121.42582609999998,25.0466885]]}},{"type":"Feature","properties":{"name":null,"kind":"steps"},"geometry":{"type":"LineString","coordinates":[[121.42701700000002,25.046295699999998],[121.42707800000001,25.046263899999996]]}},{"type":"Feature","properties":{"name":"自強橋","kind":"construction"},"geometry":{"type":"LineString","coordinates":[[121.4313618,25.045569700000005],[121.43159279999999,25.0454579]]}},{"type":"Feature","properties":{"name":"4-3","kind":"construction"},"geometry":{"type":"LineString","coordinates":[[121.43302110000002,25.0449245],[121.4298807,25.0464744]]}},{"type":"Feature","properties":{"name":"新北大道五段","kind":"primary"},"geometry":{"type":"LineString","coordinates":[[121.43349340000002,25.0451902],[121.43434829999998,25.046311599999996]]}},{"type":"Feature","properties":{"name":"新北大道五段","kind":"primary"},"geometry":{"type":"LineString","coordinates":[[121.4346928,25.047114399999998],[121.4333745,25.0453921]]}},{"type":"Feature","properties":{"name":"便道","kind":"unclassified"},"geometry":{"type":"LineString","coordinates":[[121.4314412,25.047371900000005],[121.43168319999998,25.0473489]]}},{"type":"Feature","properties":{"name":"文程路","kind":"track"},"geometry":{"type":"LineString","coordinates":[[121.43149140000001,25.047693799999998],[121.43182110000001,25.0477054]]}},{"type":"Feature","properties":{"name":"文程路","kind":"track"},"geometry":{"type":"LineString","coordinates":[[121.4314409,25.047718699999997],[121.43149140000001,25.047693799999998]]}},{"type":"Feature","properties":{"name":"便道","kind":"unclassified"},"geometry":{"type":"LineString","coordinates":[[121.43168319999998,25.0473489],[121.4322901,25.047561299999998],[121.43265910000001,25.0478929],[121.4329886,25.048069000000005],[121.4331911,25.048468100000004]]}},{"type":"Feature","properties":{"name":"10M-12","kind":"construction"},"geometry":{"type":"LineString","coordinates":[[121.43357770000001,25.047576499999995],[121.4318699,25.048421399999995]]}},{"type":"Feature","properties":{"name":"文程路","kind":"track"},"geometry":{"type":"LineString","coordinates":[[121.43182110000001,25.0477054],[121.4330978,25.0483295]]}},{"type":"Feature","properties":{"name":"明志路二段305巷","kind":"service"},"geometry":{"type":"LineString","coordinates":[[121.42701700000002,25.046295699999998],[121.4265954,25.046492500000003]]}},{"type":"Feature","properties":{"name":null,"kind":"steps"},"geometry":{"type":"LineString","coordinates":[[121.4273775,25.0464167],[121.42741709999999,25.0465013]]}},{"type":"Feature","properties":{"name":"明志路二段298巷","kind":"residential"},"geometry":{"type":"LineString","coordinates":[[121.4265954,25.046492500000003],[121.42628629999999,25.046572899999997]]}},{"type":"Feature","properties":{"name":"明志路二段273巷14弄","kind":"service"},"geometry":{"type":"LineString","coordinates":[[121.4275401,25.046830000000007],[121.42741709999999,25.0465013]]}},{"type":"Feature","properties":{"name":"明志路二段273巷16弄","kind":"service"},"geometry":{"type":"LineString","coordinates":[[121.4277181,25.046243100000005],[121.4279365,25.04726309999999]]}},{"type":"Feature","properties":{"name":null,"kind":"service"},"geometry":{"type":"LineString","coordinates":[[121.42577770000001,25.046704099999996],[121.42532,25.0468172]]}},{"type":"Feature","properties":{"name":null,"kind":"service"},"geometry":{"type":"LineString","coordinates":[[121.426227,25.0465708],[121.4261475,25.0466556],[121.4261204,25.047097899999997]]}},{"type":"Feature","properties":{"name":null,"kind":"service"},"geometry":{"type":"LineString","coordinates":[[121.4271954,25.0469355],[121.4278189,25.0467358]]}},{"type":"Feature","properties":{"name":null,"kind":"footway"},"geometry":{"type":"LineString","coordinates":[[121.42674710000001,25.046919599999995],[121.4266093,25.046983899999997]]}},{"type":"Feature","properties":{"name":"明志路二段273巷14弄","kind":"service"},"geometry":{"type":"LineString","coordinates":[[121.4276989,25.047296000000003],[121.4275401,25.046830000000007]]}},{"type":"Feature","properties":{"name":"明志路二段372巷","kind":"service"},"geometry":{"type":"LineString","coordinates":[[121.4255757,25.044758999999996],[121.42524490000001,25.045117800000003],[121.4252014,25.045650900000002]]}},{"type":"Feature","properties":{"name":null,"kind":"service"},"geometry":{"type":"LineString","coordinates":[[121.4247143,25.0453486],[121.42522779999999,25.045383599999997]]}},{"type":"Feature","properties":{"name":null,"kind":"footway"},"geometry":{"type":"LineString","coordinates":[[121.42355639999998,25.045973400000005],[121.4232774,25.045803299999996],[121.42327210000002,25.045628300000004],[121.4234866,25.04533669999999],[121.4232667,25.045079099999995]]}},{"type":"Feature","properties":{"name":null,"kind":"service"},"geometry":{"type":"LineString","coordinates":[[121.42482460000001,25.0456261],[121.4252014,25.045650900000002]]}},{"type":"Feature","properties":{"name":null,"kind":"service"},"geometry":{"type":"LineString","coordinates":[[121.42507770000002,25.045866499999995],[121.4253921,25.046378599999993]]}},{"type":"Feature","properties":{"name":null,"kind":"footway"},"geometry":{"type":"LineString","coordinates":[[121.4239936,25.046323800000003],[121.4238139,25.0461192],[121.42355639999998,25.045973400000005]]}},{"type":"Feature","properties":{"name":null,"kind":"service"},"geometry":{"type":"LineString","coordinates":[[121.42480410000002,25.046233199999996],[121.42473429999998,25.046284600000007],[121.4247269,25.046491299999992],[121.4249717,25.0468669]]}},{"type":"Feature","properties":{"name":null,"kind":"service"},"geometry":{"type":"LineString","coordinates":[[121.42425569999999,25.046807299999994],[121.42457910000002,25.046506000000004],[121.42546239999999,25.0465993],[121.42577770000001,25.046704099999996],[121.42597719999999,25.046578299999997],[121.42628629999999,25.046572899999997]]}},{"type":"Feature","properties":{"name":null,"kind":"service"},"geometry":{"type":"LineString","coordinates":[[121.4262453,25.047755299999995],[121.4258411,25.047614599999996],[121.4255568,25.04724259999999],[121.4252914,25.0472105],[121.42473749999999,25.047378199999994],[121.42429109999999,25.04738559999999],[121.42429650000001,25.04761]]}},{"type":"Feature","properties":{"name":"義學坑步道","kind":"footway"},"geometry":{"type":"LineString","coordinates":[[121.4260787,25.047855100000007],[121.42507500000002,25.0483602],[121.4246477,25.048499799999995],[121.4246495,25.048312099999997],[121.4244808,25.0483636],[121.4244991,25.048220699999998],[121.42441110000001,25.048290499999997],[121.4244973,25.048027899999997],[121.4241818,25.048195700000004],[121.42328860000002,25.0484815],[121.4226999,25.0485247],[121.4220614,25.048887899999997],[121.4218932,25.0487819],[121.4218342,25.048912099999995],[121.42139769999999,25.049052299999996],[121.42093559999999,25.0493519],[121.4207347,25.0496076]]}},{"type":"Feature","properties":{"name":"明志路二段273巷","kind":"service"},"geometry":{"type":"LineString","coordinates":[[121.42687939999999,25.047292100000004],[121.4271039,25.0471852],[121.4274244,25.047168400000004],[121.4277544,25.047329899999998],[121.42814679999998,25.0471493]]}},{"type":"Feature","properties":{"name":"明志路二段273巷3弄","kind":"service"},"geometry":{"type":"LineString","coordinates":[[121.4272558,25.047168],[121.42735470000001,25.047478099999996]]}},{"type":"Feature","properties":{"name":"明志路二段273巷5弄","kind":"service"},"geometry":{"type":"LineString","coordinates":[[121.4279365,25.04726309999999],[121.4279849,25.047472700000004]]}},{"type":"Feature","properties":{"name":"明志路二段255巷2弄","kind":"track"},"geometry":{"type":"LineString","coordinates":[[121.42761180000001,25.047565700000003],[121.4275338,25.0473026]]}},{"type":"Feature","properties":{"name":"明志路二段255巷","kind":"service"},"geometry":{"type":"LineString","coordinates":[[121.42761180000001,25.047565700000003],[121.4279849,25.047472700000004]]}},{"type":"Feature","properties":{"name":null,"kind":"footway"},"geometry":{"type":"LineString","coordinates":[[121.42788479999999,25.048782499999998],[121.42746360000001,25.047184300000005],[121.42707800000001,25.046263899999996]]}},{"type":"Feature","properties":{"name":"明志路二段255巷","kind":"path"},"geometry":{"type":"LineString","coordinates":[[121.4275823,25.047574399999995],[121.42761180000001,25.047565700000003]]}},{"type":"Feature","properties":{"name":"明志路二段255巷1弄","kind":"service"},"geometry":{"type":"LineString","coordinates":[[121.4277224,25.0475385],[121.42777490000002,25.047723700000006]]}},{"type":"Feature","properties":{"name":"明志路二段255巷","kind":"track"},"geometry":{"type":"LineString","coordinates":[[121.42701950000001,25.047721999999997],[121.4275823,25.047574399999995]]}},{"type":"Feature","properties":{"name":"明志路二段255巷3弄 / 明志路二段273巷5弄","kind":"service"},"geometry":{"type":"LineString","coordinates":[[121.4279849,25.047472700000004],[121.428041,25.047963900000003]]}},{"type":"Feature","properties":{"name":"明志路二段254巷","kind":"service"},"geometry":{"type":"LineString","coordinates":[[121.42701950000001,25.047721999999997],[121.4267265,25.047618599999993],[121.4264613,25.0476483],[121.4260787,25.047855100000007]]}},{"type":"Feature","properties":{"name":null,"kind":"service"},"geometry":{"type":"LineString","coordinates":[[121.4260488,25.04772339999999],[121.4260787,25.047855100000007]]}},{"type":"Feature","properties":{"name":null,"kind":"service"},"geometry":{"type":"LineString","coordinates":[[121.42803660000001,25.047808699999997],[121.42826250000002,25.0477765]]}},{"type":"Feature","properties":{"name":"明志路二段237巷4弄","kind":"service"},"geometry":{"type":"LineString","coordinates":[[121.42746320000002,25.0479267],[121.42749330000001,25.047919399999998],[121.42744700000002,25.0477569],[121.42738729999999,25.047772099999996],[121.42746320000002,25.0479267]]}},{"type":"Feature","properties":{"name":"明志路二段237巷4弄","kind":"service"},"geometry":{"type":"LineString","coordinates":[[121.4275089,25.0480787],[121.42746320000002,25.0479267]]}},{"type":"Feature","properties":{"name":"明志路二段237巷","kind":"residential"},"geometry":{"type":"LineString","coordinates":[[121.4271619,25.048158699999995],[121.428041,25.047963900000003],[121.4280964,25.0480403]]}},{"type":"Feature","properties":{"name":"明志路二段232巷","kind":"residential"},"geometry":{"type":"LineString","coordinates":[[121.4271619,25.048158699999995],[121.42660520000001,25.0483109],[121.4265784,25.048477899999998],[121.4266874,25.0487936]]}},{"type":"Feature","properties":{"name":"明志路二段254巷16弄","kind":"service"},"geometry":{"type":"LineString","coordinates":[[121.4260787,25.047855100000007],[121.42656020000001,25.049221800000005]]}},{"type":"Feature","properties":{"name":"文程路18巷","kind":"residential"},"geometry":{"type":"LineString","coordinates":[[121.42830670000001,25.049265199999997],[121.4280964,25.0480403]]}},{"type":"Feature","properties":{"name":"文程路18巷16弄","kind":"residential"},"geometry":{"type":"LineString","coordinates":[[121.4281948,25.048713199999998],[121.42788479999999,25.048782499999998]]}},{"type":"Feature","properties":{"name":"文程路","kind":"unclassified"},"geometry":{"type":"LineString","coordinates":[[121.4304121,25.0482263],[121.430715,25.048076900000005]]}},{"type":"Feature","properties":{"name":"便道","kind":"unclassified"},"geometry":{"type":"LineString","coordinates":[[121.4285759,25.049132399999998],[121.42886070000002,25.048707800000003],[121.43056370000001,25.0478641],[121.43106749999998,25.047459999999997],[121.4314412,25.047371900000005]]}},{"type":"Feature","properties":{"name":"文程路119巷","kind":"service"},"geometry":{"type":"LineString","coordinates":[[121.430715,25.048076900000005],[121.4309497,25.0484747]]}},{"type":"Feature","properties":{"name":"10M-10","kind":"construction"},"geometry":{"type":"LineString","coordinates":[[121.43097829999999,25.050109300000003],[121.42900420000001,25.0467281]]}},{"type":"Feature","properties":{"name":"文程路","kind":"construction"},"geometry":{"type":"LineString","coordinates":[[121.4285759,25.049132399999998],[121.4304121,25.0482263]]}},{"type":"Feature","properties":{"name":"10M-9","kind":"construction"},"geometry":{"type":"LineString","coordinates":[[121.4283631,25.047042999999995],[121.4303091,25.0504337]]}},{"type":"Feature","properties":{"name":null,"kind":"footway"},"geometry":{"type":"LineString","coordinates":[[121.4286236,25.0492139],[121.4292699,25.048893399999997]]}},{"type":"Feature","properties":{"name":null,"kind":"footway"},"geometry":{"type":"LineString","coordinates":[[121.4288967,25.0492488],[121.42903000000001,25.0492759]]}},{"type":"Feature","properties":{"name":null,"kind":"footway"},"geometry":{"type":"LineString","coordinates":[[121.4297172,25.049666299999995],[121.4290471,25.0495178],[121.4290149,25.049019899999994]]}},{"type":"Feature","properties":{"name":null,"kind":"footway"},"geometry":{"type":"LineString","coordinates":[[121.4288802,25.0490866],[121.42894960000001,25.0497706]]}},{"type":"Feature","properties":{"name":"柯厝坑路","kind":"service"},"geometry":{"type":"LineString","coordinates":[[121.4041695,25.048841899999996],[121.4042152,25.048671600000002],[121.4036787,25.0479622],[121.403519,25.047508600000008],[121.4035275,25.0471232],[121.4038271,25.046332300000003],[121.4038098,25.0462056],[121.40298570000002,25.0463984],[121.40265540000001,25.046221599999996],[121.4023016,25.0462876],[121.40197820000002,25.046004099999998],[121.4016928,25.045929199999996],[121.4017153,25.045840799999993],[121.4018467,25.045819000000005],[121.40303220000001,25.045719299999995],[121.4030832,25.0453767]]}},{"type":"Feature","properties":{"name":null,"kind":"service"},"geometry":{"type":"LineString","coordinates":[[121.40253090000002,25.047532400000005],[121.402032,25.0474012]]}},{"type":"Feature","properties":{"name":null,"kind":"service"},"geometry":{"type":"LineString","coordinates":[[121.4027401,25.047563999999998],[121.4025979,25.047442499999995]]}},{"type":"Feature","properties":{"name":"柯厝坑路","kind":"service"},"geometry":{"type":"LineString","coordinates":[[121.40314410000002,25.047819799999996],[121.40289300000002,25.047627200000008],[121.40253090000002,25.047532400000005],[121.4013453,25.047530100000003],[121.40087329999999,25.047364700000003],[121.4006169,25.0475248]]}},{"type":"Feature","properties":{"name":null,"kind":"service"},"geometry":{"type":"LineString","coordinates":[[121.40314410000002,25.047819799999996],[121.40340909999999,25.047794499999995],[121.4036787,25.0479622]]}},{"type":"Feature","properties":{"name":null,"kind":"service"},"geometry":{"type":"LineString","coordinates":[[121.4033957,25.048084899999996],[121.4029933,25.0480157]]}},{"type":"Feature","properties":{"name":"明志路二段207巷","kind":"residential"},"geometry":{"type":"LineString","coordinates":[[121.42788479999999,25.048782499999998],[121.42740800000001,25.048894999999998]]}},{"type":"Feature","properties":{"name":"明志路二段214巷","kind":"residential"},"geometry":{"type":"LineString","coordinates":[[121.42740800000001,25.048894999999998],[121.4267811,25.049065],[121.4266874,25.0487936]]}},{"type":"Feature","properties":{"name":"文程路8巷","kind":"service"},"geometry":{"type":"LineString","coordinates":[[121.42788479999999,25.048782499999998],[121.4279957,25.049418600000003]]}},{"type":"Feature","properties":{"name":"明志路二段214巷","kind":"residential"},"geometry":{"type":"LineString","coordinates":[[121.4267811,25.049065],[121.4268168,25.0491664]]}},{"type":"Feature","properties":{"name":null,"kind":"service"},"geometry":{"type":"LineString","coordinates":[[121.42656020000001,25.049221800000005],[121.426369,25.049258300000005],[121.42624600000002,25.049069899999996],[121.42609240000002,25.0490808],[121.4259889,25.049275799999997],[121.4257094,25.049306]]}},{"type":"Feature","properties":{"name":"明志路二段214巷","kind":"service"},"geometry":{"type":"LineString","coordinates":[[121.4268168,25.0491664],[121.42656020000001,25.049221800000005]]}},{"type":"Feature","properties":{"name":"文程路","kind":"unclassified"},"geometry":{"type":"LineString","coordinates":[[121.4275399,25.049643500000002],[121.4285759,25.049132399999998]]}},{"type":"Feature","properties":{"name":"明志路二段192巷","kind":"residential"},"geometry":{"type":"LineString","coordinates":[[121.4268283,25.049672599999997],[121.4275399,25.049643500000002]]}},{"type":"Feature","properties":{"name":"明志路二段","kind":"secondary"},"geometry":{"type":"LineString","coordinates":[[121.43018800000002,25.0538361],[121.42937140000001,25.052872899999997],[121.42831679999999,25.051926299999998],[121.42778460000001,25.051227800000003],[121.4276245,25.05062300000001],[121.4274745,25.0491086],[121.4265954,25.046492500000003],[121.4262907,25.0459601]]}},{"type":"Feature","properties":{"name":"明志路二段214巷18弄","kind":"service"},"geometry":{"type":"LineString","coordinates":[[121.42656020000001,25.049221800000005],[121.42658030000001,25.050576599999996],[121.4265217,25.050603700000003],[121.4263924,25.0505704],[121.4263652,25.049857799999998]]}},{"type":"Feature","properties":{"name":null,"kind":"footway"},"geometry":{"type":"LineString","coordinates":[[121.42893150000002,25.049592499999992],[121.4288623,25.049621499999997]]}},{"type":"Feature","properties":{"name":null,"kind":"footway"},"geometry":{"type":"LineString","coordinates":[[121.43019380000001,25.050489599999995],[121.4292233,25.048812900000005]]}},{"type":"Feature","properties":{"name":null,"kind":"footway"},"geometry":{"type":"LineString","coordinates":[[121.429521,25.049760399999997],[121.42893150000002,25.049592499999992]]}},{"type":"Feature","properties":{"name":null,"kind":"footway"},"geometry":{"type":"LineString","coordinates":[[121.4295753,25.050025500000004],[121.4294343,25.0499878],[121.42925260000001,25.049684000000003],[121.42928080000002,25.049569599999995]]}},{"type":"Feature","properties":{"name":null,"kind":"footway"},"geometry":{"type":"LineString","coordinates":[[121.4295528,25.050800399999996],[121.4285759,25.049132399999998]]}},{"type":"Feature","properties":{"name":null,"kind":"footway"},"geometry":{"type":"LineString","coordinates":[[121.429521,25.049760399999997],[121.4292876,25.0503477]]}},{"type":"Feature","properties":{"name":null,"kind":"footway"},"geometry":{"type":"LineString","coordinates":[[121.4297172,25.049666299999995],[121.4294816,25.05026369999999],[121.42988920000002,25.0505331]]}},{"type":"Feature","properties":{"name":"民權街","kind":"residential"},"geometry":{"type":"LineString","coordinates":[[121.42918449999999,25.050993499999997],[121.42830670000001,25.049265199999997]]}},{"type":"Feature","properties":{"name":"民權街41巷","kind":"construction"},"geometry":{"type":"LineString","coordinates":[[121.4294796,25.0508359],[121.4314393,25.049885699999994]]}},{"type":"Feature","properties":{"name":null,"kind":"footway"},"geometry":{"type":"LineString","coordinates":[[121.4295711,25.0504696],[121.42960599999999,25.050345199999995]]}},{"type":"Feature","properties":{"name":null,"kind":"footway"},"geometry":{"type":"LineString","coordinates":[[121.42819160000002,25.050534699999993],[121.4279957,25.049418600000003]]}},{"type":"Feature","properties":{"name":"明志路二段214巷16弄","kind":"residential"},"geometry":{"type":"LineString","coordinates":[[121.4268168,25.0491664],[121.426819,25.050617499999998],[121.4270103,25.051242300000002]]}},{"type":"Feature","properties":{"name":null,"kind":"service"},"geometry":{"type":"LineString","coordinates":[[121.4265891,25.0502523],[121.4268216,25.050251100000004]]}},{"type":"Feature","properties":{"name":"文程廣場","kind":"pedestrian"},"geometry":{"type":"LineString","coordinates":[[121.42811490000001,25.0501935],[121.4286149,25.049984099999996],[121.4285651,25.0498816],[121.42763760000001,25.0502654],[121.4276707,25.050625900000004],[121.4282542,25.0504647],[121.42811490000001,25.0501935]]}},{"type":"Feature","properties":{"name":null,"kind":"footway"},"geometry":{"type":"LineString","coordinates":[[121.4268213,25.05028739999999],[121.42763760000001,25.0502654]]}},{"type":"Feature","properties":{"name":"民權街14巷","kind":"service"},"geometry":{"type":"LineString","coordinates":[[121.4282813,25.0508533],[121.42819160000002,25.050534699999993]]}},{"type":"Feature","properties":{"name":"民權街","kind":"residential"},"geometry":{"type":"LineString","coordinates":[[121.4277205,25.051075699999995],[121.42897179999999,25.050575899999995]]}},{"type":"Feature","properties":{"name":"民權街3巷","kind":"service"},"geometry":{"type":"LineString","coordinates":[[121.42850560000001,25.051298899999995],[121.42812650000002,25.051205899999996],[121.42801890000001,25.050957799999996]]}},{"type":"Feature","properties":{"name":"明志路二段136巷","kind":"residential"},"geometry":{"type":"LineString","coordinates":[[121.4270103,25.051242300000002],[121.4277205,25.051075699999995]]}},{"type":"Feature","properties":{"name":null,"kind":"service"},"geometry":{"type":"LineString","coordinates":[[121.4278652,25.051347999999997],[121.4280182,25.0512638],[121.4282204,25.051313100000005]]}},{"type":"Feature","properties":{"name":null,"kind":"footway"},"geometry":{"type":"LineString","coordinates":[[121.42975930000001,25.0505965],[121.42922050000001,25.050233]]}},{"type":"Feature","properties":{"name":null,"kind":"footway"},"geometry":{"type":"LineString","coordinates":[[121.429509,25.0508864],[121.43143190000002,25.0499583]]}},{"type":"Feature","properties":{"name":null,"kind":"footway"},"geometry":{"type":"LineString","coordinates":[[121.42950589999998,25.050720500000004],[121.4301462,25.050407399999994]]}},{"type":"Feature","properties":{"name":null,"kind":"service"},"geometry":{"type":"LineString","coordinates":[[121.42845600000001,25.050435000000007],[121.4285829,25.050733299999997]]}},{"type":"Feature","properties":{"name":"民權街41巷","kind":"service"},"geometry":{"type":"LineString","coordinates":[[121.4294796,25.0508359],[121.42918449999999,25.050993499999997]]}},{"type":"Feature","properties":{"name":"民權街13巷","kind":"service"},"geometry":{"type":"LineString","coordinates":[[121.42890900000002,25.050993499999997],[121.42844139999998,25.051171299999996],[121.4282813,25.0508533]]}},{"type":"Feature","properties":{"name":null,"kind":"service"},"geometry":{"type":"LineString","coordinates":[[121.42850560000001,25.051298899999995],[121.42918449999999,25.050993499999997]]}},{"type":"Feature","properties":{"name":"民族街10巷","kind":"service"},"geometry":{"type":"LineString","coordinates":[[121.4291262,25.051822000000005],[121.4288089,25.051155700000002]]}},{"type":"Feature","properties":{"name":"民生路31巷","kind":"service"},"geometry":{"type":"LineString","coordinates":[[121.43036650000002,25.052357999999998],[121.4294796,25.0508359]]}},{"type":"Feature","properties":{"name":"民生路17巷","kind":"residential"},"geometry":{"type":"LineString","coordinates":[[121.4300521,25.0525293],[121.42918449999999,25.050993499999997]]}},{"type":"Feature","properties":{"name":"民族街","kind":"service"},"geometry":{"type":"LineString","coordinates":[[121.42852570000001,25.052104100000005],[121.42951330000001,25.051636200000004]]}},{"type":"Feature","properties":{"name":"民生路","kind":"unclassified"},"geometry":{"type":"LineString","coordinates":[[121.42937140000001,25.052872899999997],[121.43188289999999,25.051549499999997]]}},{"type":"Feature","properties":{"name":null,"kind":"footway"},"geometry":{"type":"LineString","coordinates":[[121.4310022,25.053838699999993],[121.4297637,25.0526748],[121.42844139999998,25.051171299999996]]}},{"type":"Feature","properties":{"name":null,"kind":"service"},"geometry":{"type":"LineString","coordinates":[[121.4291724,25.052683899999998],[121.4288861,25.052808699999996]]}},{"type":"Feature","properties":{"name":"民生路14巷","kind":"service"},"geometry":{"type":"LineString","coordinates":[[121.4300521,25.0525293],[121.43041409999998,25.0530566]]}},{"type":"Feature","properties":{"name":null,"kind":"service"},"geometry":{"type":"LineString","coordinates":[[121.43086970000002,25.053225799999996],[121.43036650000002,25.052357999999998]]}},{"type":"Feature","properties":{"name":"明志路二段15巷2弄","kind":"service"},"geometry":{"type":"LineString","coordinates":[[121.43019010000002,25.0533525],[121.4299455,25.053017300000004]]}},{"type":"Feature","properties":{"name":null,"kind":"service"},"geometry":{"type":"LineString","coordinates":[[121.4309104,25.0532492],[121.43086970000002,25.053225799999996]]}},{"type":"Feature","properties":{"name":"明志路二段15巷","kind":"service"},"geometry":{"type":"LineString","coordinates":[[121.42994410000001,25.0535176],[121.43042270000001,25.0531944]]}},{"type":"Feature","properties":{"name":"明志路二段60巷","kind":"service"},"geometry":{"type":"LineString","coordinates":[[121.42937140000001,25.052872899999997],[121.42838220000002,25.053922799999995]]}},{"type":"Feature","properties":{"name":null,"kind":"footway"},"geometry":{"type":"LineString","coordinates":[[121.42196970000002,25.0488387],[121.42182190000001,25.049099500000004],[121.42195869999999,25.049366799999994],[121.42281610000002,25.049569700000003],[121.42343300000002,25.049802999999997],[121.42347590000001,25.050220899999996],[121.4230771,25.0509973]]}},{"type":"Feature","properties":{"name":"清風亭步道","kind":"steps"},"geometry":{"type":"LineString","coordinates":[[121.4219218,25.050484899999997],[121.42206759999999,25.051194],[121.4224309,25.051414300000005],[121.4229642,25.0514838]]}},{"type":"Feature","properties":{"name":null,"kind":"service"},"geometry":{"type":"LineString","coordinates":[[121.4230771,25.0509973],[121.42308019999999,25.051418000000005]]}},{"type":"Feature","properties":{"name":null,"kind":"service"},"geometry":{"type":"LineString","coordinates":[[121.4229642,25.0514838],[121.42308019999999,25.051418000000005]]}},{"type":"Feature","properties":{"name":null,"kind":"service"},"geometry":{"type":"LineString","coordinates":[[121.42217680000002,25.051865199999998],[121.4225326,25.051578199999994],[121.4229642,25.0514838]]}},{"type":"Feature","properties":{"name":null,"kind":"steps"},"geometry":{"type":"LineString","coordinates":[[121.42308019999999,25.051418000000005],[121.4234491,25.0513631],[121.4240528,25.0514047],[121.4243692,25.051527199999995],[121.4249186,25.051467],[121.42500789999998,25.051766700000005],[121.4249693,25.051877199999996],[121.4251202,25.0519954],[121.4254752,25.0520819],[121.42569069999999,25.0520175],[121.42580799999999,25.052137300000005]]}},{"type":"Feature","properties":{"name":null,"kind":"footway"},"geometry":{"type":"LineString","coordinates":[[121.4249634,25.051921199999995],[121.4249693,25.051877199999996]]}},{"type":"Feature","properties":{"name":null,"kind":"service"},"geometry":{"type":"LineString","coordinates":[[121.4251346,25.052452399999996],[121.4250134,25.0521688],[121.42503030000002,25.05194799999999],[121.42487,25.0519184]]}},{"type":"Feature","properties":{"name":"瓊仔湖步道","kind":"footway"},"geometry":{"type":"LineString","coordinates":[[121.42371860000002,25.0575766],[121.4236551,25.0575477],[121.4236212,25.057273399999996],[121.4235514,25.057251799999996],[121.42356260000001,25.057371299999993],[121.4234695,25.0573851],[121.42304230000002,25.056982100000003],[121.42294940000001,25.056646499999992],[121.4229678,25.056382799999994],[121.42275730000001,25.0561527],[121.42279960000002,25.0559235],[121.42262809999998,25.0554562],[121.42270280000001,25.05513199999999],[121.4226651,25.0545828],[121.42263430000001,25.054499999999997],[121.42233940000001,25.054423500000002],[121.42218070000001,25.054286300000005],[121.4220636,25.053678699999995],[121.4218178,25.053318799999992],[121.4217894,25.0530665],[121.4220438,25.052815599999995],[121.422108,25.052252199999998],[121.42205140000002,25.051878499999997]]}},{"type":"Feature","properties":{"name":null,"kind":"track"},"geometry":{"type":"LineString","coordinates":[[121.42406070000001,25.0554452],[121.42338649999999,25.055872500000003],[121.4231143,25.0563407],[121.4229678,25.056382799999994]]}},{"type":"Feature","properties":{"name":"明志路二段32巷","kind":"service"},"geometry":{"type":"LineString","coordinates":[[121.4296296,25.053152300000004],[121.42959549999999,25.0533201],[121.42936960000002,25.0535048],[121.42927809999999,25.053455499999995],[121.4289236,25.053674799999996]]}},{"type":"Feature","properties":{"name":"明志路二段7巷","kind":"service"},"geometry":{"type":"LineString","coordinates":[[121.43086970000002,25.053225799999996],[121.4300761,25.05367959999999]]}},{"type":"Feature","properties":{"name":"仁愛路6巷4弄","kind":"service"},"geometry":{"type":"LineString","coordinates":[[121.4309104,25.0532492],[121.43121050000002,25.053758]]}},{"type":"Feature","properties":{"name":null,"kind":"service"},"geometry":{"type":"LineString","coordinates":[[121.42936960000002,25.0535048],[121.42943140000001,25.053608999999994],[121.4287853,25.0540187]]}},{"type":"Feature","properties":{"name":"仁愛路6巷","kind":"unclassified"},"geometry":{"type":"LineString","coordinates":[[121.4307045,25.0539405],[121.43121050000002,25.053758]]}},{"type":"Feature","properties":{"name":"仁愛路","kind":"unclassified"},"geometry":{"type":"LineString","coordinates":[[121.4307045,25.0539405],[121.43030479999999,25.053912200000003],[121.43018800000002,25.0538361]]}},{"type":"Feature","properties":{"name":"明志路一段516巷","kind":"service"},"geometry":{"type":"LineString","coordinates":[[121.42986190000002,25.0542149],[121.43011879999999,25.0540568],[121.43018800000002,25.0538361]]}},{"type":"Feature","properties":{"name":"公園路27巷","kind":"service"},"geometry":{"type":"LineString","coordinates":[[121.42893969999999,25.054360600000003],[121.4285648,25.053718099999994]]}},{"type":"Feature","properties":{"name":"仁愛路6巷5弄","kind":"unclassified"},"geometry":{"type":"LineString","coordinates":[[121.43121050000002,25.053758],[121.43146650000001,25.0542217],[121.43146,25.054543799999998]]}},{"type":"Feature","properties":{"name":"公園路31巷","kind":"service"},"geometry":{"type":"LineString","coordinates":[[121.42838220000002,25.053922799999995],[121.4286524,25.05448599999999]]}},{"type":"Feature","properties":{"name":"中華街","kind":"service"},"geometry":{"type":"LineString","coordinates":[[121.4270103,25.051242300000002],[121.42779630000001,25.0524919],[121.42852570000001,25.052104100000005]]}},{"type":"Feature","properties":{"name":"中華街16巷","kind":"service"},"geometry":{"type":"LineString","coordinates":[[121.42701410000001,25.05246],[121.4275752,25.052187900000003]]}},{"type":"Feature","properties":{"name":"中華街14巷","kind":"service"},"geometry":{"type":"LineString","coordinates":[[121.427293,25.052703],[121.4277626,25.052445499999997]]}},{"type":"Feature","properties":{"name":null,"kind":"service"},"geometry":{"type":"LineString","coordinates":[[121.42792379999999,25.052423299999994],[121.428403,25.052943000000006]]}},{"type":"Feature","properties":{"name":null,"kind":"service"},"geometry":{"type":"LineString","coordinates":[[121.4282039,25.054754700000007],[121.42808819999999,25.054521699999995],[121.428266,25.054417300000004],[121.4282783,25.054224200000004]]}},{"type":"Feature","properties":{"name":null,"kind":"service"},"geometry":{"type":"LineString","coordinates":[[121.42725269999998,25.0550574],[121.42705310000001,25.0542927],[121.4269293,25.054337899999997],[121.4267637,25.054206799999996]]}},{"type":"Feature","properties":{"name":"同榮國小天橋","kind":"footway"},"geometry":{"type":"LineString","coordinates":[[121.42802970000001,25.055006699999996],[121.4279008,25.0548148],[121.4280172,25.054754299999995]]}},{"type":"Feature","properties":{"name":"公園路","kind":"unclassified"},"geometry":{"type":"LineString","coordinates":[[121.43018800000002,25.0538361],[121.4286524,25.05448599999999],[121.4278708,25.054934199999998],[121.4265805,25.055187799999995],[121.4250181,25.056283500000003],[121.4248093,25.056338599999993],[121.4246345,25.0562173],[121.42465730000002,25.055977999999993],[121.42514680000001,25.055353399999994],[121.42604749999998,25.054732599999994],[121.42605879999999,25.0545755],[121.4259146,25.054384100000004],[121.42561750000002,25.0543341],[121.4241115,25.055378500000003],[121.42343460000001,25.056282099999997],[121.42343690000001,25.0565946]]}},{"type":"Feature","properties":{"name":null,"kind":"steps"},"geometry":{"type":"LineString","coordinates":[[121.42754300000001,25.055806299999997],[121.4275045,25.055774699999994]]}},{"type":"Feature","properties":{"name":null,"kind":"path"},"geometry":{"type":"LineString","coordinates":[[121.4268708,25.055837000000004],[121.42754300000001,25.055806299999997]]}},{"type":"Feature","properties":{"name":"仁愛路","kind":"unclassified"},"geometry":{"type":"LineString","coordinates":[[121.43146,25.054543799999998],[121.4307045,25.0539405]]}},{"type":"Feature","properties":{"name":"明志路一段501巷","kind":"service"},"geometry":{"type":"LineString","coordinates":[[121.43063599999999,25.054796299999996],[121.4309673,25.0546496],[121.4312184,25.0543847]]}},{"type":"Feature","properties":{"name":"明志路一段492巷","kind":"service"},"geometry":{"type":"LineString","coordinates":[[121.43058310000002,25.0545252],[121.4292564,25.055148799999994]]}},{"type":"Feature","properties":{"name":"明志路一段470巷","kind":"service"},"geometry":{"type":"LineString","coordinates":[[121.43055890000001,25.0551715],[121.43014039999998,25.055304299999996]]}},{"type":"Feature","properties":{"name":"明志路一段483巷","kind":"service"},"geometry":{"type":"LineString","coordinates":[[121.4314388,25.055266100000004],[121.4306703,25.0555044]]}},{"type":"Feature","properties":{"name":"明志路一段466巷","kind":"service"},"geometry":{"type":"LineString","coordinates":[[121.4296808,25.055648199999997],[121.4306086,25.055334300000002]]}},{"type":"Feature","properties":{"name":"明志路一段486巷1弄","kind":"service"},"geometry":{"type":"LineString","coordinates":[[121.4311606,25.055798999999993],[121.43113250000002,25.055321699999997]]}},{"type":"Feature","properties":{"name":"明志路一段458巷","kind":"service"},"geometry":{"type":"LineString","coordinates":[[121.4306908,25.055569],[121.42949500000002,25.055855099999995]]}},{"type":"Feature","properties":{"name":null,"kind":"steps"},"geometry":{"type":"LineString","coordinates":[[121.42940520000002,25.0557708],[121.429124,25.0556983]]}},{"type":"Feature","properties":{"name":"明志路一段","kind":"secondary"},"geometry":{"type":"LineString","coordinates":[[121.4307558,25.0576981],[121.43070779999998,25.055672900000005],[121.430553,25.0551159],[121.4306274,25.054667300000002],[121.43018800000002,25.0538361]]}},{"type":"Feature","properties":{"name":"仁義路11巷","kind":"residential"},"geometry":{"type":"LineString","coordinates":[[121.43213070000002,25.05545559999999],[121.4333186,25.0560035]]}},{"type":"Feature","properties":{"name":null,"kind":"path"},"geometry":{"type":"LineString","coordinates":[[121.4316712,25.055761],[121.4312909,25.055845699999995]]}},{"type":"Feature","properties":{"name":null,"kind":"footway"},"geometry":{"type":"LineString","coordinates":[[121.43168450000002,25.055887399999996],[121.4316994,25.055772899999997],[121.43183880000001,25.0558161]]}},{"type":"Feature","properties":{"name":"同義街30巷1弄","kind":"service"},"geometry":{"type":"LineString","coordinates":[[121.4316295,25.055968399999998],[121.43163600000001,25.055817099999995]]}},{"type":"Feature","properties":{"name":null,"kind":"footway"},"geometry":{"type":"LineString","coordinates":[[121.4317835,25.0559198],[121.4318458,25.0559448]]}},{"type":"Feature","properties":{"name":"仁德路97巷","kind":"residential"},"geometry":{"type":"LineString","coordinates":[[121.433126,25.056349199999993],[121.4335142,25.055653400000004]]}},{"type":"Feature","properties":{"name":"同義街30巷","kind":"service"},"geometry":{"type":"LineString","coordinates":[[121.4316961,25.0561657],[121.4316614,25.0559727],[121.4311332,25.055954499999995]]}},{"type":"Feature","properties":{"name":"仁德路","kind":"residential"},"geometry":{"type":"LineString","coordinates":[[121.433126,25.056349199999993],[121.43191779999998,25.0558127]]}},{"type":"Feature","properties":{"name":"同義街47巷","kind":"service"},"geometry":{"type":"LineString","coordinates":[[121.43180169999998,25.056025799999993],[121.4326168,25.0564475]]}},{"type":"Feature","properties":{"name":"全興路","kind":"unclassified"},"geometry":{"type":"LineString","coordinates":[[121.43376140000001,25.056630400000003],[121.4341404,25.0559616]]}},{"type":"Feature","properties":{"name":"清風亭步道","kind":"steps"},"geometry":{"type":"LineString","coordinates":[[121.4175137,25.04954789999999],[121.417946,25.049605899999992],[121.41855790000001,25.049849000000002],[121.4188038,25.0498619],[121.41912500000001,25.049652000000002],[121.41942290000001,25.049293799999997],[121.4196844,25.049188799999996]]}},{"type":"Feature","properties":{"name":null,"kind":"track"},"geometry":{"type":"LineString","coordinates":[[121.41767649999998,25.0496742],[121.4173366,25.0498026]]}},{"type":"Feature","properties":{"name":null,"kind":"service"},"geometry":{"type":"LineString","coordinates":[[121.41589040000001,25.0504197],[121.41589940000001,25.0505012],[121.4155509,25.050541],[121.4155578,25.0503652]]}},{"type":"Feature","properties":{"name":null,"kind":"service"},"geometry":{"type":"LineString","coordinates":[[121.41539260000002,25.050740600000005],[121.4160279,25.050690700000004],[121.416626,25.050789099999996],[121.4168321,25.050987499999994],[121.4167193,25.051136699999997]]}},{"type":"Feature","properties":{"name":null,"kind":"service"},"geometry":{"type":"LineString","coordinates":[[121.415328,25.0501297],[121.4154512,25.050173099999995],[121.4156016,25.050439],[121.41617300000001,25.0503903],[121.4168602,25.0505896],[121.41708690000002,25.0508798],[121.41708800000002,25.051009499999996],[121.4164979,25.051510799999996],[121.41595529999998,25.052167600000004],[121.4155527,25.05225499999999]]}},{"type":"Feature","properties":{"name":null,"kind":"service"},"geometry":{"type":"LineString","coordinates":[[121.4160837,25.052751100000002],[121.4159521,25.052755399999995],[121.4159494,25.052897999999995],[121.41610199999998,25.0528887],[121.4160837,25.052751100000002]]}},{"type":"Feature","properties":{"name":null,"kind":"service"},"geometry":{"type":"LineString","coordinates":[[121.41569960000001,25.053504199999995],[121.41599789999998,25.0535535],[121.41728220000002,25.0527621],[121.4177634,25.052584900000003],[121.4178322,25.052438299999995],[121.41768609999998,25.05210359999999]]}},{"type":"Feature","properties":{"name":null,"kind":"service"},"geometry":{"type":"LineString","coordinates":[[121.4161189,25.052862799999993],[121.41635330000001,25.052857799999998]]}},{"type":"Feature","properties":{"name":null,"kind":"service"},"geometry":{"type":"LineString","coordinates":[[121.41564290000001,25.053008199999997],[121.41592780000002,25.0528726]]}},{"type":"Feature","properties":{"name":null,"kind":"service"},"geometry":{"type":"LineString","coordinates":[[121.41599789999998,25.0535535],[121.41627959999998,25.0536945]]}},{"type":"Feature","properties":{"name":"清風亭步道","kind":"footway"},"geometry":{"type":"LineString","coordinates":[[121.4197857,25.049178199999997],[121.4207795,25.0496248]]}},{"type":"Feature","properties":{"name":null,"kind":"steps"},"geometry":{"type":"LineString","coordinates":[[121.41981020000001,25.049767500000005],[121.4197761,25.0494971],[121.4195902,25.049226600000004]]}},{"type":"Feature","properties":{"name":null,"kind":"steps"},"geometry":{"type":"LineString","coordinates":[[121.4207795,25.0496248],[121.42089659999999,25.049666500000004]]}},{"type":"Feature","properties":{"name":"清風亭步道","kind":"footway"},"geometry":{"type":"LineString","coordinates":[[121.42089659999999,25.049666500000004],[121.4217593,25.050119799999997],[121.4219742,25.050432599999997],[121.4219218,25.050484899999997]]}},{"type":"Feature","properties":{"name":null,"kind":"service"},"geometry":{"type":"LineString","coordinates":[[121.42169080000001,25.050684499999996],[121.4207791,25.0503027],[121.4204894,25.050343999999996],[121.4204116,25.050526300000005],[121.4204707,25.050600399999993]]}},{"type":"Feature","properties":{"name":null,"kind":"steps"},"geometry":{"type":"LineString","coordinates":[[121.4217092,25.050737200000004],[121.42206759999999,25.051194]]}},{"type":"Feature","properties":{"name":"明志路二段136巷","kind":"service"},"geometry":{"type":"LineString","coordinates":[[121.4270103,25.051242300000002],[121.425746,25.052185199999997],[121.4251346,25.052452399999996],[121.4247633,25.0527329],[121.4243998,25.052833700000004],[121.424471,25.053198199999997],[121.4244025,25.05324070000001],[121.4241491,25.0532371],[121.4233732,25.053557799999997],[121.42299440000001,25.053532299999997],[121.42284679999999,25.053469699999997],[121.4226122,25.0530633],[121.4225196,25.0530682],[121.4224512,25.053167800000004],[121.42245529999998,25.0537072],[121.42224070000002,25.053561399999996],[121.4221065,25.053153200000004],[121.4222487,25.052985599999996],[121.42228490000001,25.052170299999997],[121.42169080000001,25.050684499999996],[121.42124259999999,25.050202099999996],[121.41987680000001,25.0497408],[121.41973910000002,25.049818],[121.4196364,25.050091199999997],[121.41867709999998,25.0503149],[121.41825100000001,25.050115],[121.4175137,25.04954789999999]]}},{"type":"Feature","properties":{"name":"黎明路","kind":"service"},"geometry":{"type":"LineString","coordinates":[[121.42205140000002,25.051878499999997],[121.42217680000002,25.051865199999998]]}},{"type":"Feature","properties":{"name":null,"kind":"service"},"geometry":{"type":"LineString","coordinates":[[121.4208397,25.053340899999995],[121.42107270000001,25.0532738],[121.4211049,25.0536577],[121.4212846,25.053570200000003]]}},{"type":"Feature","properties":{"name":null,"kind":"service"},"geometry":{"type":"LineString","coordinates":[[121.42078049999999,25.0539409],[121.4210915,25.053949300000003]]}},{"type":"Feature","properties":{"name":"黎明路","kind":"service"},"geometry":{"type":"LineString","coordinates":[[121.4219226,25.057947699999993],[121.42201270000001,25.0574377],[121.4219576,25.057211699999993],[121.42145730000001,25.056409099999996],[121.4216003,25.056057299999996],[121.4215903,25.055726200000002],[121.420796,25.054026399999998],[121.42078049999999,25.0534805],[121.4209844,25.053081999999996],[121.42124499999998,25.0522497],[121.4215607,25.051651099999994],[121.4217023,25.051563199999993],[121.4218925,25.051814399999998],[121.42205140000002,25.051878499999997]]}},{"type":"Feature","properties":{"name":null,"kind":"service"},"geometry":{"type":"LineString","coordinates":[[121.4210695,25.055687599999995],[121.42091979999998,25.055628300000002]]}},{"type":"Feature","properties":{"name":null,"kind":"service"},"geometry":{"type":"LineString","coordinates":[[121.4214443,25.055452799999998],[121.4212487,25.0556617],[121.4210695,25.055687599999995],[121.4209403,25.055807699999995],[121.42087830000001,25.056051300000004]]}},{"type":"Feature","properties":{"name":null,"kind":"service"},"geometry":{"type":"LineString","coordinates":[[121.4218373,25.056173699999995],[121.421876,25.055657399999998]]}},{"type":"Feature","properties":{"name":null,"kind":"service"},"geometry":{"type":"LineString","coordinates":[[121.4216003,25.056057299999996],[121.42122480000002,25.0560621],[121.4211937,25.056003699999994]]}},{"type":"Feature","properties":{"name":null,"kind":"service"},"geometry":{"type":"LineString","coordinates":[[121.4220354,25.056067299999995],[121.4221293,25.0560648]]}},{"type":"Feature","properties":{"name":null,"kind":"service"},"geometry":{"type":"LineString","coordinates":[[121.4215557,25.0565612],[121.421624,25.0563232],[121.4220354,25.056067299999995]]}},{"type":"Feature","properties":{"name":null,"kind":"service"},"geometry":{"type":"LineString","coordinates":[[121.421519,25.05626369999999],[121.42138470000002,25.0562751],[121.42136340000002,25.056367299999998],[121.4213921,25.05681540000001]]}},{"type":"Feature","properties":{"name":"公園路","kind":"unclassified"},"geometry":{"type":"LineString","coordinates":[[121.42206759999999,25.0577955],[121.4219226,25.057947699999993]]}},{"type":"Feature","properties":{"name":null,"kind":"service"},"geometry":{"type":"LineString","coordinates":[[121.4219226,25.057947699999993],[121.4224449,25.057846600000005]]}},{"type":"Feature","properties":{"name":null,"kind":"service"},"geometry":{"type":"LineString","coordinates":[[121.41544270000001,25.0511418],[121.4153247,25.051149399999996]]}},{"type":"Feature","properties":{"name":null,"kind":"service"},"geometry":{"type":"LineString","coordinates":[[121.4153247,25.051149399999996],[121.4150151,25.051176699999996]]}},{"type":"Feature","properties":{"name":null,"kind":"service"},"geometry":{"type":"LineString","coordinates":[[121.4150151,25.051176699999996],[121.4118614,25.0514806]]}},{"type":"Feature","properties":{"name":null,"kind":"service"},"geometry":{"type":"LineString","coordinates":[[121.41496810000001,25.051180299999995],[121.41507409999998,25.052078299999998]]}},{"type":"Feature","properties":{"name":null,"kind":"service"},"geometry":{"type":"LineString","coordinates":[[121.4137415,25.052562400000003],[121.41521620000002,25.052429699999998],[121.4152703,25.0529753],[121.4140093,25.053116700000004]]}},{"type":"Feature","properties":{"name":"南林路","kind":"service"},"geometry":{"type":"LineString","coordinates":[[121.41569960000001,25.053504199999995],[121.41563269999999,25.0529231]]}},{"type":"Feature","properties":{"name":"大科一路","kind":"unclassified"},"geometry":{"type":"LineString","coordinates":[[121.41973439999998,25.063005100000005],[121.419183,25.062804199999995],[121.4181084,25.0617609],[121.4163379,25.0607224],[121.4143764,25.059791399999998],[121.4102948,25.057636600000002],[121.40819890000002,25.056251999999997],[121.4068388,25.0554981],[121.40549780000002,25.0551231]]}},{"type":"Feature","properties":{"name":"中山高速公路","kind":"motorway"},"geometry":{"type":"LineString","coordinates":[[121.4092154,25.0575044],[121.414592,25.0608018]]}},{"type":"Feature","properties":{"name":null,"kind":"service"},"geometry":{"type":"LineString","coordinates":[[121.415695,25.0594371],[121.4155059,25.0598976],[121.4152725,25.059818599999996],[121.4148822,25.059852600000003],[121.41517970000001,25.060133600000004]]}},{"type":"Feature","properties":{"name":"泰山轉接道","kind":"motorway_link"},"geometry":{"type":"LineString","coordinates":[[121.41154570000002,25.058858100000002],[121.414592,25.0608018]]}},{"type":"Feature","properties":{"name":null,"kind":"service"},"geometry":{"type":"LineString","coordinates":[[121.41644900000001,25.0532797],[121.41672020000001,25.0534235],[121.41704399999999,25.053891299999997],[121.41704130000001,25.0540249],[121.4168534,25.054033899999997],[121.41627959999998,25.0536945],[121.4162423,25.053404800000003]]}},{"type":"Feature","properties":{"name":null,"kind":"service"},"geometry":{"type":"LineString","coordinates":[[121.4168534,25.054033899999997],[121.4158446,25.053958099999996],[121.4157058,25.053834199999997],[121.41569960000001,25.053504199999995]]}},{"type":"Feature","properties":{"name":null,"kind":"service"},"geometry":{"type":"LineString","coordinates":[[121.41713420000002,25.0611771],[121.4172218,25.0609885],[121.41737669999999,25.060939899999997],[121.4179118,25.061233299999994],[121.41879289999999,25.061320799999994]]}},{"type":"Feature","properties":{"name":null,"kind":"motorway_link"},"geometry":{"type":"LineString","coordinates":[[121.41384180000001,25.0602866],[121.41879940000001,25.063342700000003]]}},{"type":"Feature","properties":{"name":null,"kind":"service"},"geometry":{"type":"LineString","coordinates":[[121.41586430000001,25.062321199999992],[121.4157934,25.062422899999998]]}},{"type":"Feature","properties":{"name":"大科路","kind":"tertiary"},"geometry":{"type":"LineString","coordinates":[[121.4115964,25.060107200000004],[121.41194620000002,25.060204999999996],[121.41246689999998,25.0606767],[121.41344910000001,25.0613867],[121.4143428,25.061677799999995],[121.41593380000002,25.0627087],[121.4166157,25.062856000000004],[121.420096,25.0647603]]}},{"type":"Feature","properties":{"name":null,"kind":"service"},"geometry":{"type":"LineString","coordinates":[[121.4166157,25.062856000000004],[121.41540430000002,25.0621864]]}},{"type":"Feature","properties":{"name":"中山高速公路","kind":"motorway"},"geometry":{"type":"LineString","coordinates":[[121.414592,25.0608018],[121.42030259999999,25.064372799999997]]}},{"type":"Feature","properties":{"name":"中山高速公路","kind":"motorway"},"geometry":{"type":"LineString","coordinates":[[121.41976280000002,25.064299499999997],[121.41731279999999,25.0627645]]}},{"type":"Feature","properties":{"name":"泰林路三段","kind":"secondary"},"geometry":{"type":"LineString","coordinates":[[121.41788469999999,25.0653449],[121.4183213,25.065213899999996],[121.4190639,25.065173899999998]]}},{"type":"Feature","properties":{"name":null,"kind":"residential"},"geometry":{"type":"LineString","coordinates":[[121.42059530000002,25.058213799999997],[121.42056720000001,25.058442199999995],[121.42083810000001,25.058749499999994],[121.4211371,25.058906000000004],[121.4215355,25.058884400000004]]}},{"type":"Feature","properties":{"name":null,"kind":"residential"},"geometry":{"type":"LineString","coordinates":[[121.42135170000002,25.058888],[121.4213558,25.058658399999995]]}},{"type":"Feature","properties":{"name":null,"kind":"residential"},"geometry":{"type":"LineString","coordinates":[[121.4215355,25.058884400000004],[121.42175520000002,25.058809]]}},{"type":"Feature","properties":{"name":null,"kind":"service"},"geometry":{"type":"LineString","coordinates":[[121.4217431,25.059022999999996],[121.42200340000001,25.0587602]]}},{"type":"Feature","properties":{"name":null,"kind":"service"},"geometry":{"type":"LineString","coordinates":[[121.42134370000001,25.060048199999997],[121.4214389,25.060017899999995],[121.4217608,25.0596024],[121.42204240000001,25.0594432],[121.42234990000001,25.058640199999996],[121.42243000000002,25.058225899999996]]}},{"type":"Feature","properties":{"name":"黎明路","kind":"unclassified"},"geometry":{"type":"LineString","coordinates":[[121.42132200000002,25.06122199999999],[121.4208707,25.061041999999993],[121.42080590000002,25.060873099999995],[121.4216792,25.0595191],[121.4218049,25.058288199999996],[121.4219226,25.057947699999993]]}},{"type":"Feature","properties":{"name":null,"kind":"service"},"geometry":{"type":"LineString","coordinates":[[121.42113720000002,25.060371400000005],[121.4214577,25.0602037],[121.42175670000002,25.059739600000004]]}},{"type":"Feature","properties":{"name":null,"kind":"service"},"geometry":{"type":"LineString","coordinates":[[121.4219169,25.0602896],[121.4219529,25.0601773],[121.4222756,25.059940599999997]]}},{"type":"Feature","properties":{"name":"69步道","kind":"service"},"geometry":{"type":"LineString","coordinates":[[121.4219169,25.0602896],[121.4218224,25.060286099999995]]}},{"type":"Feature","properties":{"name":null,"kind":"service"},"geometry":{"type":"LineString","coordinates":[[121.4218224,25.060286099999995],[121.42169170000001,25.060822399999992],[121.4217291,25.061152199999995],[121.42128570000001,25.061158399999997]]}},{"type":"Feature","properties":{"name":"大科一號橋","kind":"tertiary"},"geometry":{"type":"LineString","coordinates":[[121.4114928,25.06007569999999],[121.4115964,25.060107200000004]]}},{"type":"Feature","properties":{"name":"中山高速公路","kind":"motorway"},"geometry":{"type":"LineString","coordinates":[[121.41731279999999,25.0627645],[121.40954619999998,25.0579257]]}},{"type":"Feature","properties":{"name":"五股交流道","kind":"motorway_link"},"geometry":{"type":"LineString","coordinates":[[121.4092154,25.0575044],[121.4123553,25.059050399999997],[121.41352979999999,25.059751500000004],[121.4164292,25.061574199999995],[121.41879940000001,25.063342700000003]]}},{"type":"Feature","properties":{"name":null,"kind":"service"},"geometry":{"type":"LineString","coordinates":[[121.4114892,25.0603993],[121.4116837,25.060371399999994],[121.4123623,25.0607528],[121.41253450000002,25.060724299999997]]}},{"type":"Feature","properties":{"name":"中山高速公路","kind":"motorway_link"},"geometry":{"type":"LineString","coordinates":[[121.41976280000002,25.064299499999997],[121.41669839999999,25.0627565],[121.4144493,25.0613899],[121.4118303,25.059679799999998],[121.40954619999998,25.0579257]]}},{"type":"Feature","properties":{"name":"泰山轉接道","kind":"motorway_link"},"geometry":{"type":"LineString","coordinates":[[121.41731279999999,25.0627645],[121.4156187,25.061853199999995],[121.41187990000002,25.0595358]]}},{"type":"Feature","properties":{"name":null,"kind":"service"},"geometry":{"type":"LineString","coordinates":[[121.4149419,25.061749300000002],[121.4147499,25.061761700000005],[121.41441240000002,25.061531999999996]]}},{"type":"Feature","properties":{"name":null,"kind":"service"},"geometry":{"type":"LineString","coordinates":[[121.41669839999999,25.0627565],[121.41586430000001,25.062321199999992],[121.414149,25.0611912]]}},{"type":"Feature","properties":{"name":null,"kind":"service"},"geometry":{"type":"LineString","coordinates":[[121.4108219,25.066976199999992],[121.41149990000001,25.066754],[121.4115546,25.066643899999995],[121.41172480000002,25.066592500000002],[121.4117491,25.066489799999996]]}},{"type":"Feature","properties":{"name":"泰林路三段168巷","kind":"service"},"geometry":{"type":"LineString","coordinates":[[121.41553250000001,25.066774300000002],[121.4154189,25.067253800000003]]}},{"type":"Feature","properties":{"name":"黎明橋","kind":"unclassified"},"geometry":{"type":"LineString","coordinates":[[121.4213363,25.061275300000002],[121.42132200000002,25.06122199999999]]}},{"type":"Feature","properties":{"name":"黎明路","kind":"unclassified"},"geometry":{"type":"LineString","coordinates":[[121.4209735,25.063166199999998],[121.4208478,25.062981499999996],[121.42091949999998,25.062335],[121.4213363,25.061275300000002]]}},{"type":"Feature","properties":{"name":null,"kind":"service"},"geometry":{"type":"LineString","coordinates":[[121.42088769999998,25.0625273],[121.42170970000001,25.0624616],[121.4224064,25.062582199999994]]}},{"type":"Feature","properties":{"name":"泰林路二段579巷","kind":"residential"},"geometry":{"type":"LineString","coordinates":[[121.42154610000001,25.0624666],[121.4215085,25.062664799999993],[121.42198330000001,25.062798400000002],[121.42214149999998,25.0631604]]}},{"type":"Feature","properties":{"name":"大科一路","kind":"unclassified"},"geometry":{"type":"LineString","coordinates":[[121.42000340000001,25.0630929],[121.41973439999998,25.063005100000005]]}},{"type":"Feature","properties":{"name":"大科一路","kind":"unclassified"},"geometry":{"type":"LineString","coordinates":[[121.42002320000002,25.0630993],[121.42000340000001,25.0630929]]}},{"type":"Feature","properties":{"name":"大科一路","kind":"unclassified"},"geometry":{"type":"LineString","coordinates":[[121.4209735,25.063166199999998],[121.42047890000002,25.063208200000002],[121.42002320000002,25.0630993]]}},{"type":"Feature","properties":{"name":"泰林路二段599巷","kind":"service"},"geometry":{"type":"LineString","coordinates":[[121.4215701,25.063485199999995],[121.42160499999999,25.06310609999999],[121.42193770000002,25.0631483]]}},{"type":"Feature","properties":{"name":"黎明路","kind":"unclassified"},"geometry":{"type":"LineString","coordinates":[[121.42146670000001,25.063503100000002],[121.4209735,25.063166199999998]]}},{"type":"Feature","properties":{"name":"泰林路二段579巷","kind":"residential"},"geometry":{"type":"LineString","coordinates":[[121.42214149999998,25.0631604],[121.42214140000002,25.063532599999995]]}},{"type":"Feature","properties":{"name":"泰林路二段","kind":"secondary"},"geometry":{"type":"LineString","coordinates":[[121.4213761,25.0635888],[121.42146670000001,25.063503100000002]]}},{"type":"Feature","properties":{"name":"山腳溪橋","kind":"secondary"},"geometry":{"type":"LineString","coordinates":[[121.4210156,25.0639255],[121.4213761,25.0635888]]}},{"type":"Feature","properties":{"name":"五股交流道","kind":"motorway_link"},"geometry":{"type":"LineString","coordinates":[[121.41879940000001,25.063342700000003],[121.420347,25.064323099999992]]}},{"type":"Feature","properties":{"name":"泰林路三段17巷","kind":"service"},"geometry":{"type":"LineString","coordinates":[[121.4201089,25.063478600000007],[121.4204653,25.063701199999997],[121.4203177,25.0639916],[121.4206918,25.064217400000004]]}},{"type":"Feature","properties":{"name":"泰林路三段","kind":"secondary"},"geometry":{"type":"LineString","coordinates":[[121.42083440000002,25.064087499999996],[121.4210156,25.0639255]]}},{"type":"Feature","properties":{"name":"泰山路","kind":"unclassified"},"geometry":{"type":"LineString","coordinates":[[121.4210101,25.064074099999996],[121.42083440000002,25.064087499999996]]}},{"type":"Feature","properties":{"name":"泰山路","kind":"unclassified"},"geometry":{"type":"LineString","coordinates":[[121.4225727,25.064623100000002],[121.4215344,25.064127999999997],[121.4210101,25.064074099999996]]}},{"type":"Feature","properties":{"name":"泰林路三段10巷","kind":"service"},"geometry":{"type":"LineString","coordinates":[[121.4206918,25.064217400000004],[121.4210929,25.064475099999996],[121.4213856,25.0645357]]}},{"type":"Feature","properties":{"name":"中山高速公路","kind":"motorway"},"geometry":{"type":"LineString","coordinates":[[121.4200971,25.0644976],[121.41976280000002,25.064299499999997]]}},{"type":"Feature","properties":{"name":"五股交流道","kind":"motorway_link"},"geometry":{"type":"LineString","coordinates":[[121.420347,25.064323099999992],[121.42066349999999,25.0645223]]}},{"type":"Feature","properties":{"name":"泰林路三段","kind":"secondary"},"geometry":{"type":"LineString","coordinates":[[121.420096,25.0647603],[121.42083440000002,25.064087499999996]]}},{"type":"Feature","properties":{"name":"中山高速公路","kind":"motorway"},"geometry":{"type":"LineString","coordinates":[[121.42030259999999,25.064372799999997],[121.42062510000001,25.064572999999992]]}},{"type":"Feature","properties":{"name":"泰林路三段10巷","kind":"service"},"geometry":{"type":"LineString","coordinates":[[121.42151400000002,25.064593600000002],[121.42164279999999,25.064624499999997],[121.4218037,25.064442300000003],[121.4220666,25.064466600000003]]}},{"type":"Feature","properties":{"name":"泰林路三段10巷","kind":"service"},"geometry":{"type":"LineString","coordinates":[[121.4213856,25.0645357],[121.42151400000002,25.064593600000002]]}},{"type":"Feature","properties":{"name":"中山高速公路","kind":"motorway"},"geometry":{"type":"LineString","coordinates":[[121.4204369,25.064706299999997],[121.4200971,25.0644976]]}},{"type":"Feature","properties":{"name":"五股交流道","kind":"motorway_link"},"geometry":{"type":"LineString","coordinates":[[121.42066349999999,25.0645223],[121.42121889999999,25.0648527]]}},{"type":"Feature","properties":{"name":"泰林路三段","kind":"secondary"},"geometry":{"type":"LineString","coordinates":[[121.4190639,25.065173899999998],[121.41958009999999,25.065097899999998],[121.420096,25.0647603]]}},{"type":"Feature","properties":{"name":"中山高速公路","kind":"motorway"},"geometry":{"type":"LineString","coordinates":[[121.4214527,25.065325999999995],[121.4204369,25.064706299999997]]}},{"type":"Feature","properties":{"name":null,"kind":"footway"},"geometry":{"type":"LineString","coordinates":[[121.41952400000001,25.065468499999998],[121.41942410000001,25.065306]]}},{"type":"Feature","properties":{"name":"黎專路","kind":"service"},"geometry":{"type":"LineString","coordinates":[[121.4190639,25.065173899999998],[121.419097,25.06570569999999],[121.4192649,25.066027799999993],[121.4203343,25.0655228],[121.4208184,25.065428099999995],[121.42197550000002,25.0662318]]}},{"type":"Feature","properties":{"name":"柯厝坑路","kind":"service"},"geometry":{"type":"LineString","coordinates":[[121.4044686,25.053405199999997],[121.404714,25.052442999999997],[121.4045142,25.0520117],[121.4047287,25.0517517],[121.40472740000001,25.051649600000008],[121.40449889999998,25.05118999999999],[121.4037764,25.050283499999995],[121.4038598,25.0499878],[121.4037336,25.049703299999997],[121.40376580000002,25.0495405],[121.40426050000002,25.0490589],[121.4041695,25.048841899999996],[121.4035206,25.048276],[121.40314410000002,25.047819799999996]]}},{"type":"Feature","properties":{"name":"錢厝坑路","kind":"service"},"geometry":{"type":"LineString","coordinates":[[121.4044686,25.053405199999997],[121.4057359,25.0525475],[121.4059049,25.052163499999995],[121.4069751,25.0516751],[121.4070743,25.051281499999998],[121.40732380000001,25.050902399999995],[121.40718540000002,25.050592700000003],[121.4073704,25.050478499999993],[121.40764030000001,25.0504845],[121.40772880000002,25.0504043],[121.40775020000001,25.050069000000004],[121.4081472,25.049988800000005],[121.40892240000001,25.048627999999997],[121.40912819999998,25.048567799999997]]}},{"type":"Feature","properties":{"name":null,"kind":"service"},"geometry":{"type":"LineString","coordinates":[[121.4107916,25.051594099999996],[121.4108288,25.051282699999994],[121.410448,25.051029999999997],[121.41044260000001,25.050655800000005],[121.41071079999999,25.050505100000002],[121.41174469999999,25.0504002]]}},{"type":"Feature","properties":{"name":null,"kind":"service"},"geometry":{"type":"LineString","coordinates":[[121.4047065,25.0532529],[121.404891,25.0539616]]}},{"type":"Feature","properties":{"name":"大科一路301巷","kind":"service"},"geometry":{"type":"LineString","coordinates":[[121.4044593,25.055204499999995],[121.4042349,25.0547867],[121.40416030000002,25.053956699999993],[121.40422450000001,25.053659099999997],[121.4044686,25.053405199999997]]}},{"type":"Feature","properties":{"name":null,"kind":"service"},"geometry":{"type":"LineString","coordinates":[[121.4055908,25.05514579999999],[121.40563400000002,25.054999199999997],[121.405398,25.054763499999996]]}},{"type":"Feature","properties":{"name":null,"kind":"footway"},"geometry":{"type":"MultiLineString","coordinates":[[[121.40435570000001,25.0550555],[121.4044176,25.055047799999997]],[[121.4044176,25.055047799999997],[121.4045571,25.055089699999993],[121.40468720000001,25.055093899999992],[121.40449540000002,25.0551887],[121.4044176,25.055047799999997]]]}},{"type":"Feature","properties":{"name":"自強橋","kind":"unclassified"},"geometry":{"type":"LineString","coordinates":[[121.40549780000002,25.0551231],[121.40487899999998,25.055177499999992]]}},{"type":"Feature","properties":{"name":"大科一路","kind":"unclassified"},"geometry":{"type":"LineString","coordinates":[[121.40487899999998,25.055177499999992],[121.4046432,25.055312099999995]]}},{"type":"Feature","properties":{"name":"大科一路301巷","kind":"service"},"geometry":{"type":"LineString","coordinates":[[121.4045443,25.055321599999992],[121.4044593,25.055204499999995]]}},{"type":"Feature","properties":{"name":null,"kind":"service"},"geometry":{"type":"LineString","coordinates":[[121.4035206,25.048276],[121.40328729999999,25.048137499999996]]}},{"type":"Feature","properties":{"name":"文工一路","kind":"residential"},"geometry":{"type":"LineString","coordinates":[[121.39428020000001,25.052785599999996],[121.3954171,25.052734600000004],[121.3959914,25.052489499999997],[121.3963148,25.052455499999997],[121.3967524,25.052215700000005],[121.397734,25.0514463],[121.3982339,25.051329200000005],[121.39870560000001,25.051366000000005]]}},{"type":"Feature","properties":{"name":null,"kind":"service"},"geometry":{"type":"LineString","coordinates":[[121.40206529999999,25.0542241],[121.4023751,25.054241100000006],[121.40244350000002,25.05471],[121.4025508,25.054819399999996],[121.4024785,25.055013599999995]]}},{"type":"Feature","properties":{"name":"大科一路301巷2弄","kind":"service"},"geometry":{"type":"LineString","coordinates":[[121.4005539,25.0552494],[121.4009307,25.0548923],[121.40081669999998,25.0546954],[121.4005861,25.0547173]]}},{"type":"Feature","properties":{"name":"大科一路301巷2弄","kind":"service"},"geometry":{"type":"LineString","coordinates":[[121.40432239999998,25.0550052],[121.4029341,25.0549738],[121.40229570000001,25.0550296],[121.40122979999998,25.055263999999998],[121.4004466,25.055545899999995],[121.4003956,25.055441399999996],[121.4005539,25.0552494],[121.40047340000001,25.055208099999998],[121.4001569,25.055390399999993],[121.3999584,25.055392800000003],[121.3994864,25.055702599999996],[121.3989821,25.05556899999999]]}},{"type":"Feature","properties":{"name":"中山高速公路","kind":"motorway"},"geometry":{"type":"LineString","coordinates":[[121.39885460000002,25.0568172],[121.3999019,25.056161699999997],[121.40048530000001,25.055887199999994],[121.40165600000002,25.055500999999996],[121.4026216,25.0553382],[121.40407369999998,25.0553343]]}},{"type":"Feature","properties":{"name":"五股楊梅高架道路","kind":"motorway"},"geometry":{"type":"LineString","coordinates":[[121.39892330000002,25.0572835],[121.400133,25.0564719],[121.4014151,25.0559908],[121.40305120000001,25.055730799999996],[121.40402410000002,25.055718999999993]]}},{"type":"Feature","properties":{"name":"五股楊梅高架道路","kind":"motorway"},"geometry":{"type":"LineString","coordinates":[[121.4078628,25.0571064],[121.40618549999999,25.056317799999995],[121.40471149999999,25.055927599999993],[121.40368690000001,25.055828],[121.4027922,25.055842999999992],[121.4018996,25.055957999999997],[121.40145290000001,25.056053],[121.40016180000002,25.056550800000004],[121.3995266,25.056924999999996],[121.39865120000002,25.057631300000004],[121.39733080000002,25.0592226]]}},{"type":"Feature","properties":{"name":"五股楊梅高架道路","kind":"motorway"},"geometry":{"type":"LineString","coordinates":[[121.39724930000001,25.059179000000004],[121.39808720000002,25.0581159],[121.39892330000002,25.0572835]]}},{"type":"Feature","properties":{"name":"大科路","kind":"tertiary"},"geometry":{"type":"LineString","coordinates":[[121.39866170000002,25.058652499999997],[121.39876230000002,25.058556699999997]]}},{"type":"Feature","properties":{"name":"大科一路301巷","kind":"service"},"geometry":{"type":"LineString","coordinates":[[121.4045796,25.055370299999993],[121.4045443,25.055321599999992]]}},{"type":"Feature","properties":{"name":"中山高速公路","kind":"motorway"},"geometry":{"type":"LineString","coordinates":[[121.40407369999998,25.0553343],[121.40460910000002,25.0554014]]}},{"type":"Feature","properties":{"name":"大科一路","kind":"unclassified"},"geometry":{"type":"LineString","coordinates":[[121.4046432,25.055312099999995],[121.40433670000002,25.055582000000005]]}},{"type":"Feature","properties":{"name":"中山高速公路","kind":"motorway"},"geometry":{"type":"LineString","coordinates":[[121.40445349999999,25.0555326],[121.404015,25.055488899999997]]}},{"type":"Feature","properties":{"name":"大科一路","kind":"unclassified"},"geometry":{"type":"LineString","coordinates":[[121.40433670000002,25.055582000000005],[121.4037882,25.056064499999998]]}},{"type":"Feature","properties":{"name":"五股楊梅高架道路","kind":"motorway"},"geometry":{"type":"LineString","coordinates":[[121.40402410000002,25.055718999999993],[121.40590470000001,25.055772599999997],[121.40642379999998,25.055845799999997],[121.4073005,25.056112299999995],[121.4086444,25.056899899999998]]}},{"type":"Feature","properties":{"name":"中山高速公路","kind":"motorway"},"geometry":{"type":"LineString","coordinates":[[121.40460910000002,25.0554014],[121.40547539999999,25.0555934],[121.4066981,25.056045699999995],[121.4092154,25.0575044]]}},{"type":"Feature","properties":{"name":"中山高速公路","kind":"motorway"},"geometry":{"type":"LineString","coordinates":[[121.40954619999998,25.0579257],[121.4068259,25.056327200000002],[121.4055117,25.055807199999997],[121.40445349999999,25.0555326]]}},{"type":"Feature","properties":{"name":"大科路","kind":"tertiary"},"geometry":{"type":"LineString","coordinates":[[121.39876230000002,25.058556699999997],[121.39937919999998,25.058121699999994],[121.4002429,25.057207],[121.40249519999999,25.056393499999995],[121.4037882,25.056064499999998],[121.4043112,25.056132599999998],[121.4050443,25.0563945],[121.4066186,25.057354899999996],[121.40824730000001,25.058081099999995],[121.40889380000002,25.0586082]]}},{"type":"Feature","properties":{"name":"泰山轉接道","kind":"motorway_link"},"geometry":{"type":"LineString","coordinates":[[121.4086444,25.056899899999998],[121.41044850000002,25.058169299999992]]}},{"type":"Feature","properties":{"name":"中山高速公路","kind":"motorway"},"geometry":{"type":"LineString","coordinates":[[121.404015,25.055488899999997],[121.40291790000002,25.055501100000004],[121.40168420000002,25.055695400000005],[121.40041670000001,25.0561172],[121.39927380000002,25.056746999999998],[121.39821440000001,25.0576299],[121.39563690000001,25.0607754],[121.3942969,25.062221500000003],[121.3928304,25.0635135],[121.3920867,25.0640195],[121.3913012,25.06442489999999],[121.39060370000001,25.0646957],[121.3897305,25.0649227],[121.3875077,25.0651228],[121.3861692,25.0650523],[121.38399939999998,25.0646733],[121.3822559,25.064631999999996],[121.3813037,25.064828799999997],[121.379966,25.065280999999995]]}},{"type":"Feature","properties":{"name":"泰山轉接道","kind":"motorway_link"},"geometry":{"type":"LineString","coordinates":[[121.41187990000002,25.0595358],[121.4078628,25.0571064]]}},{"type":"Feature","properties":{"name":"泰山轉接道","kind":"motorway_link"},"geometry":{"type":"LineString","coordinates":[[121.41044850000002,25.058169299999992],[121.41154570000002,25.058858100000002]]}},{"type":"Feature","properties":{"name":"大科路","kind":"tertiary"},"geometry":{"type":"LineString","coordinates":[[121.40889380000002,25.0586082],[121.4089525,25.058658999999995]]}},{"type":"Feature","properties":{"name":"大科路","kind":"tertiary"},"geometry":{"type":"LineString","coordinates":[[121.4089525,25.058658999999995],[121.4089564,25.0586624]]}},{"type":"Feature","properties":{"name":"大科路","kind":"tertiary"},"geometry":{"type":"LineString","coordinates":[[121.4089564,25.0586624],[121.409621,25.059202899999995],[121.4104477,25.05972789999999],[121.4114928,25.06007569999999]]}},{"type":"Feature","properties":{"name":null,"kind":"service"},"geometry":{"type":"LineString","coordinates":[[121.41084280000001,25.059957099999995],[121.4113028,25.060178199999996]]}},{"type":"Feature","properties":{"name":null,"kind":"service"},"geometry":{"type":"LineString","coordinates":[[121.4108438,25.059872899999995],[121.41084280000001,25.059957099999995],[121.4106444,25.059996000000005],[121.41081060000002,25.060167300000007],[121.4108267,25.060349499999997],[121.4102206,25.060904700000002],[121.41015750000001,25.061372399999993],[121.4100616,25.0615328],[121.4098846,25.0616491],[121.409717,25.06164]]}},{"type":"Feature","properties":{"name":null,"kind":"path"},"geometry":{"type":"LineString","coordinates":[[121.4089564,25.0586624],[121.40885810000002,25.058715200000005],[121.4088235,25.0588485],[121.40901809999998,25.059003599999997],[121.4090629,25.059181600000002],[121.40888389999999,25.059558399999997],[121.4090134,25.0596924],[121.4089849,25.059792199999997],[121.4088742,25.0598183],[121.40868190000002,25.060080899999992],[121.4084953,25.0601753],[121.4083498,25.060453],[121.4080643,25.060691800000004],[121.4078561,25.060769399999998],[121.40766880000001,25.0610017],[121.4075436,25.0613572],[121.4069077,25.06180919999999],[121.40675190000002,25.062407799999992],[121.40636250000001,25.0626704],[121.4064338,25.0630418],[121.40612519999999,25.063194],[121.40575850000002,25.063234899999998],[121.40517719999998,25.063572999999998]]}},{"type":"Feature","properties":{"name":null,"kind":"service"},"geometry":{"type":"LineString","coordinates":[[121.41014649999998,25.0615946],[121.4102527,25.061620200000004],[121.4104955,25.061451399999992]]}},{"type":"Feature","properties":{"name":null,"kind":"service"},"geometry":{"type":"LineString","coordinates":[[121.4100616,25.0615328],[121.41007680000001,25.0615439]]}},{"type":"Feature","properties":{"name":"大科路","kind":"tertiary"},"geometry":{"type":"LineString","coordinates":[[121.39645369999998,25.061527499999997],[121.397013,25.060846799999997],[121.3976779,25.059758],[121.39866170000002,25.058652499999997]]}},{"type":"Feature","properties":{"name":"大科路","kind":"tertiary"},"geometry":{"type":"LineString","coordinates":[[121.39635160000002,25.061679500000004],[121.39645369999998,25.061527499999997]]}},{"type":"Feature","properties":{"name":"大科路","kind":"tertiary"},"geometry":{"type":"LineString","coordinates":[[121.39542219999998,25.0625168],[121.39635160000002,25.061679500000004]]}},{"type":"Feature","properties":{"name":null,"kind":"service"},"geometry":{"type":"LineString","coordinates":[[121.39863339999998,25.0650995],[121.39803989999999,25.065297799999996],[121.39758230000001,25.0650905],[121.3975083,25.0652318],[121.3975648,25.0653921]]}},{"type":"Feature","properties":{"name":"新林步道五段","kind":"path"},"geometry":{"type":"LineString","coordinates":[[121.3942006,25.066250499999995],[121.39439339999998,25.066359799999997],[121.39460999999999,25.066350899999993],[121.39537109999999,25.0660894],[121.3957188,25.065830799999997],[121.39610920000001,25.06590509999999],[121.39646350000001,25.065673299999997],[121.3966637,25.0656793],[121.3967691,25.0655715],[121.3971193,25.065560999999995],[121.3975648,25.0653921]]}},{"type":"Feature","properties":{"name":"大科路","kind":"tertiary"},"geometry":{"type":"LineString","coordinates":[[121.39534059999998,25.062618799999996],[121.39542219999998,25.0625168]]}},{"type":"Feature","properties":{"name":"大科路","kind":"tertiary"},"geometry":{"type":"LineString","coordinates":[[121.3921739,25.064859500000004],[121.39271929999998,25.0644574],[121.393898,25.06383469999999],[121.3947646,25.0632136],[121.39534059999998,25.062618799999996]]}},{"type":"Feature","properties":{"name":"大科路","kind":"tertiary"},"geometry":{"type":"LineString","coordinates":[[121.3920662,25.064938600000005],[121.3921739,25.064859500000004]]}},{"type":"Feature","properties":{"name":null,"kind":"service"},"geometry":{"type":"LineString","coordinates":[[121.3916303,25.065220099999998],[121.39162080000001,25.0654591]]}},{"type":"Feature","properties":{"name":null,"kind":"service"},"geometry":{"type":"LineString","coordinates":[[121.39164090000001,25.0652854],[121.39158060000001,25.0655514],[121.39172669999999,25.065665599999996],[121.3917884,25.065979000000002],[121.3915832,25.0661454]]}},{"type":"Feature","properties":{"name":"大科路","kind":"tertiary"},"geometry":{"type":"LineString","coordinates":[[121.3862613,25.066547599999996],[121.386794,25.066163699999997],[121.3871683,25.066018599999996],[121.3885634,25.065723699999996],[121.391071,25.0653807],[121.39168800000002,25.065195399999997],[121.3920662,25.064938600000005]]}},{"type":"Feature","properties":{"name":null,"kind":"service"},"geometry":{"type":"LineString","coordinates":[[121.39247910000002,25.0657052],[121.3921908,25.065791899999997],[121.39214650000001,25.065974200000003]]}},{"type":"Feature","properties":{"name":"新林步道五段","kind":"path"},"geometry":{"type":"LineString","coordinates":[[121.3942006,25.066250499999995],[121.39405580000002,25.0659269],[121.3942356,25.0657703],[121.39506689999999,25.0657661],[121.3953587,25.065632899999994],[121.39548249999999,25.0654806],[121.3960896,25.0656265],[121.39662430000001,25.065482699999997],[121.3967691,25.0655715]]}},{"type":"Feature","properties":{"name":null,"kind":"service"},"geometry":{"type":"LineString","coordinates":[[121.39204110000001,25.064956399999996],[121.3921946,25.065067699999997],[121.3925519,25.065841000000002],[121.39259829999999,25.0671753],[121.39280769999999,25.0674541]]}},{"type":"Feature","properties":{"name":null,"kind":"service"},"geometry":{"type":"LineString","coordinates":[[121.41007680000001,25.0615439],[121.41014649999998,25.0615946]]}},{"type":"Feature","properties":{"name":null,"kind":"service"},"geometry":{"type":"LineString","coordinates":[[121.40412370000001,25.064728100000004],[121.4040138,25.064692099999995],[121.4036294,25.063856999999995]]}},{"type":"Feature","properties":{"name":"泰林路三段301巷","kind":"track"},"geometry":{"type":"LineString","coordinates":[[121.40527190000002,25.066719999999997],[121.4056876,25.066712799999998],[121.4061476,25.066153999999994],[121.4064413,25.066047],[121.4070716,25.066144200000004],[121.4074807,25.0663835],[121.4077744,25.066413999999998]]}},{"type":"Feature","properties":{"name":null,"kind":"service"},"geometry":{"type":"LineString","coordinates":[[121.40782810000002,25.066434600000004],[121.4078857,25.066664200000005],[121.4079756,25.0667322],[121.40841950000001,25.066751600000003]]}},{"type":"Feature","properties":{"name":"泰林路三段301巷","kind":"service"},"geometry":{"type":"LineString","coordinates":[[121.4077744,25.066413999999998],[121.4080509,25.066509800000002],[121.40845669999999,25.0664261],[121.40879720000001,25.066642099999996],[121.4090568,25.066608599999988],[121.40926560000001,25.066697399999995],[121.4100509,25.0667769],[121.4108219,25.066976199999992],[121.4110479,25.067155300000003],[121.41249539999998,25.0674793],[121.41287549999998,25.067798399999997],[121.41389130000002,25.0679648]]}},{"type":"Feature","properties":{"name":null,"kind":"service"},"geometry":{"type":"LineString","coordinates":[[121.40609970000001,25.069654599999996],[121.4064508,25.069021900000003],[121.406438,25.068794899999997],[121.40638830000002,25.068675],[121.40590899999998,25.068350799999997],[121.4056124,25.0680208],[121.40560220000002,25.067726700000005],[121.40587199999999,25.067544699999992],[121.40623710000001,25.068127699999998],[121.40703970000001,25.0683652],[121.40720350000001,25.068189199999992],[121.4071019,25.0678154],[121.406891,25.0675433],[121.4064221,25.067155699999997],[121.40600939999999,25.0673179]]}},{"type":"Feature","properties":{"name":null,"kind":"path"},"geometry":{"type":"LineString","coordinates":[[121.42949500000002,25.055855099999995],[121.42940520000002,25.0557708]]}},{"type":"Feature","properties":{"name":null,"kind":"footway"},"geometry":{"type":"LineString","coordinates":[[121.4312812,25.0559536],[121.4312524,25.055801699999996],[121.4307189,25.055827999999995]]}},{"type":"Feature","properties":{"name":null,"kind":"service"},"geometry":{"type":"LineString","coordinates":[[121.4304216,25.056126599999995],[121.4307236,25.05599479999999]]}},{"type":"Feature","properties":{"name":null,"kind":"footway"},"geometry":{"type":"LineString","coordinates":[[121.4300646,25.055799499999992],[121.4303583,25.0566013]]}},{"type":"Feature","properties":{"name":"櫻花道","kind":"footway"},"geometry":{"type":"LineString","coordinates":[[121.42933170000002,25.0566511],[121.42912539999999,25.0560259]]}},{"type":"Feature","properties":{"name":"同義街","kind":"service"},"geometry":{"type":"LineString","coordinates":[[121.43074940000001,25.056814299999996],[121.4312878,25.056878899999997],[121.43142860000002,25.056838499999998],[121.43191779999998,25.0558127]]}},{"type":"Feature","properties":{"name":"明志路一段451巷","kind":"service"},"geometry":{"type":"LineString","coordinates":[[121.430739,25.0563913],[121.4316032,25.056428099999998]]}},{"type":"Feature","properties":{"name":"明志路一段420巷","kind":"service"},"geometry":{"type":"LineString","coordinates":[[121.4307448,25.056628799999995],[121.43035339999999,25.056658800000005]]}},{"type":"Feature","properties":{"name":"黑板道","kind":"footway"},"geometry":{"type":"LineString","coordinates":[[121.4303583,25.0566013],[121.4295537,25.0567933]]}},{"type":"Feature","properties":{"name":null,"kind":"footway"},"geometry":{"type":"LineString","coordinates":[[121.42960390000002,25.05699479999999],[121.4290092,25.057104299999995]]}},{"type":"Feature","properties":{"name":null,"kind":"steps"},"geometry":{"type":"LineString","coordinates":[[121.42727519999998,25.0565118],[121.42724840000001,25.0561414],[121.4268708,25.055837000000004]]}},{"type":"Feature","properties":{"name":null,"kind":"service"},"geometry":{"type":"LineString","coordinates":[[121.4267545,25.056880799999995],[121.42727519999998,25.0565118],[121.4276515,25.0568332],[121.4278717,25.0568628],[121.4283173,25.0568463],[121.428539,25.056676],[121.42878219999999,25.056644099999996],[121.42883550000002,25.056761600000005],[121.42878370000001,25.056921099999997],[121.4285657,25.057183899999995]]}},{"type":"Feature","properties":{"name":null,"kind":"footway"},"geometry":{"type":"LineString","coordinates":[[121.4267643,25.056905199999996],[121.4267545,25.056880799999995]]}},{"type":"Feature","properties":{"name":null,"kind":"footway"},"geometry":{"type":"LineString","coordinates":[[121.4267809,25.057152600000002],[121.4267643,25.056905199999996]]}},{"type":"Feature","properties":{"name":null,"kind":"path"},"geometry":{"type":"LineString","coordinates":[[121.4263473,25.057237899999997],[121.42630660000002,25.056972599999998]]}},{"type":"Feature","properties":{"name":null,"kind":"footway"},"geometry":{"type":"LineString","coordinates":[[121.42700660000001,25.057315699999993],[121.42696339999999,25.057198300000003],[121.4267809,25.057152600000002]]}},{"type":"Feature","properties":{"name":null,"kind":"steps"},"geometry":{"type":"LineString","coordinates":[[121.42700660000001,25.057315699999993],[121.4284456,25.0573738]]}},{"type":"Feature","properties":{"name":null,"kind":"footway"},"geometry":{"type":"LineString","coordinates":[[121.4267809,25.0574941],[121.42698260000002,25.057428799999997],[121.42700660000001,25.057315699999993]]}},{"type":"Feature","properties":{"name":"尖凍山登山步道","kind":"footway"},"geometry":{"type":"LineString","coordinates":[[121.4267643,25.056905199999996],[121.42662970000002,25.0570852],[121.4261472,25.0574049],[121.4259287,25.057705],[121.42578469999998,25.057802900000002],[121.42526610000002,25.0579181],[121.42483029999998,25.0583539]]}},{"type":"Feature","properties":{"name":null,"kind":"service"},"geometry":{"type":"LineString","coordinates":[[121.4278525,25.058445700000004],[121.4278655,25.058029]]}},{"type":"Feature","properties":{"name":null,"kind":"service"},"geometry":{"type":"LineString","coordinates":[[121.4221293,25.0560648],[121.42237370000001,25.056256299999998],[121.4226688,25.056369299999997],[121.4229678,25.056382799999994]]}},{"type":"Feature","properties":{"name":"同榮二號橋","kind":"unclassified"},"geometry":{"type":"LineString","coordinates":[[121.42343690000001,25.0565946],[121.42366490000002,25.0570994]]}},{"type":"Feature","properties":{"name":"公園路","kind":"unclassified"},"geometry":{"type":"LineString","coordinates":[[121.42366490000002,25.0570994],[121.4237891,25.057398399999997],[121.42371860000002,25.0575766]]}},{"type":"Feature","properties":{"name":"公園路","kind":"unclassified"},"geometry":{"type":"LineString","coordinates":[[121.42371860000002,25.0575766],[121.42355399999998,25.057647199999998],[121.4229354,25.0576716]]}},{"type":"Feature","properties":{"name":"同榮一號橋","kind":"unclassified"},"geometry":{"type":"LineString","coordinates":[[121.4229354,25.0576716],[121.4223519,25.057700699999998],[121.42206759999999,25.0577955]]}},{"type":"Feature","properties":{"name":null,"kind":"service"},"geometry":{"type":"LineString","coordinates":[[121.4224449,25.057846600000005],[121.42253809999998,25.057813599999992]]}},{"type":"Feature","properties":{"name":null,"kind":"service"},"geometry":{"type":"LineString","coordinates":[[121.42253809999998,25.057813599999992],[121.4228376,25.0577762],[121.4230656,25.058026499999997],[121.4237204,25.057877199999997]]}},{"type":"Feature","properties":{"name":null,"kind":"footway"},"geometry":{"type":"LineString","coordinates":[[121.424111,25.058330299999994],[121.4238946,25.058010400000004],[121.42372830000001,25.0578947],[121.4237197,25.057625],[121.42378130000002,25.057583599999997],[121.42371860000002,25.0575766]]}},{"type":"Feature","properties":{"name":null,"kind":"footway"},"geometry":{"type":"LineString","coordinates":[[121.4236481,25.0586513],[121.42370069999998,25.058205899999997],[121.4238554,25.057982699999997]]}},{"type":"Feature","properties":{"name":null,"kind":"footway"},"geometry":{"type":"LineString","coordinates":[[121.42483029999998,25.0583539],[121.42448970000001,25.058295799999996],[121.424111,25.058330299999994]]}},{"type":"Feature","properties":{"name":"辭修路","kind":"residential"},"geometry":{"type":"LineString","coordinates":[[121.4284456,25.0573738],[121.4284516,25.057191599999992],[121.4285657,25.057183899999995]]}},{"type":"Feature","properties":{"name":"康莊道","kind":"footway"},"geometry":{"type":"LineString","coordinates":[[121.4298083,25.057815299999998],[121.4295537,25.0567933]]}},{"type":"Feature","properties":{"name":"辭修路","kind":"residential"},"geometry":{"type":"LineString","coordinates":[[121.4285657,25.057183899999995],[121.4285588,25.057717600000004]]}},{"type":"Feature","properties":{"name":"辭修路","kind":"residential"},"geometry":{"type":"LineString","coordinates":[[121.4285588,25.057717600000004],[121.4284456,25.0573738]]}},{"type":"Feature","properties":{"name":"楓香道","kind":"footway"},"geometry":{"type":"LineString","coordinates":[[121.42921840000001,25.058000900000003],[121.4290092,25.057104299999995]]}},{"type":"Feature","properties":{"name":"明志路一段373巷","kind":"residential"},"geometry":{"type":"LineString","coordinates":[[121.4307732,25.0579484],[121.4314283,25.057759100000002]]}},{"type":"Feature","properties":{"name":null,"kind":"service"},"geometry":{"type":"LineString","coordinates":[[121.4307852,25.0580407],[121.43056670000001,25.058020300000003],[121.43047700000001,25.0577038]]}},{"type":"Feature","properties":{"name":"辭修路","kind":"residential"},"geometry":{"type":"LineString","coordinates":[[121.4307558,25.0576981],[121.43010380000001,25.057726599999995],[121.4293808,25.058096100000007],[121.42900900000001,25.058126599999998],[121.4287537,25.057967099999992],[121.4285588,25.057717600000004]]}},{"type":"Feature","properties":{"name":null,"kind":"footway"},"geometry":{"type":"LineString","coordinates":[[121.43145470000002,25.0579885],[121.4308012,25.058141199999998]]}},{"type":"Feature","properties":{"name":null,"kind":"service"},"geometry":{"type":"LineString","coordinates":[[121.4280625,25.058311399999997],[121.4284031,25.0587157],[121.4289257,25.0587549]]}},{"type":"Feature","properties":{"name":"福泰街24巷","kind":"service"},"geometry":{"type":"LineString","coordinates":[[121.43375260000002,25.059356499999996],[121.433433,25.0599]]}},{"type":"Feature","properties":{"name":"明志路一段","kind":"secondary"},"geometry":{"type":"LineString","coordinates":[[121.43281140000002,25.061764899999996],[121.4318315,25.059597399999998],[121.43084160000001,25.058282499999997],[121.4307558,25.0576981]]}},{"type":"Feature","properties":{"name":"明志路一段256巷","kind":"pedestrian"},"geometry":{"type":"LineString","coordinates":[[121.4319488,25.060325499999994],[121.4316412,25.0595823],[121.43158730000002,25.059376799999995],[121.43164170000001,25.059331199999995]]}},{"type":"Feature","properties":{"name":"福泰街","kind":"service"},"geometry":{"type":"LineString","coordinates":[[121.43455460000001,25.059261200000005],[121.43223300000001,25.0605931]]}},{"type":"Feature","properties":{"name":null,"kind":"footway"},"geometry":{"type":"LineString","coordinates":[[121.4331485,25.0600678],[121.43296840000001,25.059834399999993]]}},{"type":"Feature","properties":{"name":"泰林路二段142巷","kind":"service"},"geometry":{"type":"LineString","coordinates":[[121.4342109,25.059841400000003],[121.4347728,25.060145199999997]]}},{"type":"Feature","properties":{"name":null,"kind":"service"},"geometry":{"type":"LineString","coordinates":[[121.43182739999999,25.059946599999996],[121.4313998,25.060150999999998]]}},{"type":"Feature","properties":{"name":"泰林路二段142巷1弄","kind":"service"},"geometry":{"type":"LineString","coordinates":[[121.4345086,25.0600024],[121.4342475,25.0604313]]}},{"type":"Feature","properties":{"name":null,"kind":"pedestrian"},"geometry":{"type":"LineString","coordinates":[[121.43209800000001,25.0602843],[121.4319488,25.060325499999994]]}},{"type":"Feature","properties":{"name":"明志路一段256巷","kind":"pedestrian"},"geometry":{"type":"LineString","coordinates":[[121.4319184,25.0604949],[121.4319488,25.060325499999994]]}},{"type":"Feature","properties":{"name":null,"kind":"service"},"geometry":{"type":"LineString","coordinates":[[121.4298624,25.058458],[121.4302097,25.0588391]]}},{"type":"Feature","properties":{"name":null,"kind":"service"},"geometry":{"type":"LineString","coordinates":[[121.4297585,25.059245599999997],[121.42936990000001,25.058831099999992],[121.42900900000001,25.058126599999998]]}},{"type":"Feature","properties":{"name":"明志路一段352巷","kind":"service"},"geometry":{"type":"LineString","coordinates":[[121.4297585,25.059245599999997],[121.42996420000001,25.0591686],[121.43047399999999,25.0585108],[121.43084160000001,25.058282499999997]]}},{"type":"Feature","properties":{"name":null,"kind":"service"},"geometry":{"type":"LineString","coordinates":[[121.4284535,25.058723099999995],[121.4284198,25.058916399999994],[121.42869970000001,25.0590238]]}},{"type":"Feature","properties":{"name":null,"kind":"service"},"geometry":{"type":"LineString","coordinates":[[121.4300036,25.059125000000005],[121.429598,25.058667100000005]]}},{"type":"Feature","properties":{"name":null,"kind":"service"},"geometry":{"type":"LineString","coordinates":[[121.4308491,25.0592149],[121.43122290000001,25.058812699999997]]}},{"type":"Feature","properties":{"name":null,"kind":"service"},"geometry":{"type":"LineString","coordinates":[[121.43061949999999,25.059903599999988],[121.4303662,25.059650900000005],[121.4298342,25.059518900000004],[121.42971180000002,25.059426499999997],[121.4297585,25.059245599999997]]}},{"type":"Feature","properties":{"name":null,"kind":"footway"},"geometry":{"type":"LineString","coordinates":[[121.43125940000002,25.060443599999996],[121.4311282,25.060612599999992],[121.43082650000001,25.060272],[121.4307886,25.059964300000004],[121.43061949999999,25.059903599999988]]}},{"type":"Feature","properties":{"name":null,"kind":"footway"},"geometry":{"type":"LineString","coordinates":[[121.4314183,25.060550100000004],[121.43125940000002,25.060443599999996]]}},{"type":"Feature","properties":{"name":null,"kind":"service"},"geometry":{"type":"LineString","coordinates":[[121.4309833,25.062657100000003],[121.43083070000002,25.062409899999995],[121.43099959999999,25.0621135]]}},{"type":"Feature","properties":{"name":null,"kind":"service"},"geometry":{"type":"LineString","coordinates":[[121.4277247,25.0584611],[121.4277262,25.058033299999998]]}},{"type":"Feature","properties":{"name":null,"kind":"service"},"geometry":{"type":"LineString","coordinates":[[121.4275257,25.0585096],[121.4273541,25.0583922],[121.4273397,25.058042000000004]]}},{"type":"Feature","properties":{"name":null,"kind":"service"},"geometry":{"type":"LineString","coordinates":[[121.4275257,25.0585096],[121.4275414,25.058042000000004]]}},{"type":"Feature","properties":{"name":null,"kind":"service"},"geometry":{"type":"LineString","coordinates":[[121.4287537,25.057967099999992],[121.428119,25.058170599999997],[121.42796780000002,25.058404899999992],[121.4275257,25.0585096],[121.42729520000002,25.058851199999992],[121.42697299999999,25.0589337]]}},{"type":"Feature","properties":{"name":null,"kind":"service"},"geometry":{"type":"LineString","coordinates":[[121.4278525,25.058445700000004],[121.42797329999999,25.058731299999998],[121.4284198,25.058916399999994]]}},{"type":"Feature","properties":{"name":null,"kind":"service"},"geometry":{"type":"LineString","coordinates":[[121.42767419999998,25.059977799999995],[121.4274964,25.059780299999996],[121.427563,25.059348999999997],[121.42737569999998,25.0591141],[121.42729520000002,25.058851199999992]]}},{"type":"Feature","properties":{"name":null,"kind":"footway"},"geometry":{"type":"LineString","coordinates":[[121.42838229999998,25.060364600000003],[121.42851609999998,25.0601471],[121.4284103,25.059900400000004],[121.4277575,25.059807199999998],[121.42752060000001,25.059568999999996]]}},{"type":"Feature","properties":{"name":null,"kind":"footway"},"geometry":{"type":"LineString","coordinates":[[121.4281393,25.06024259999999],[121.42856340000002,25.060486700000002],[121.42859100000001,25.060610800000003]]}},{"type":"Feature","properties":{"name":"尖凍山登山步道","kind":"footway"},"geometry":{"type":"LineString","coordinates":[[121.4250491,25.0610525],[121.4252882,25.0609427],[121.42574560000001,25.060918899999997],[121.42623710000001,25.0610023],[121.4264863,25.0612529],[121.4266485,25.061302000000005],[121.4276086,25.061143999999995],[121.4281148,25.060851999999997],[121.4283687,25.060493],[121.42838229999998,25.060364600000003]]}},{"type":"Feature","properties":{"name":"泰林路二段","kind":"secondary"},"geometry":{"type":"LineString","coordinates":[[121.42146670000001,25.063503100000002],[121.42199649999999,25.063513200000003],[121.4273645,25.0642622],[121.43000110000001,25.0631366],[121.43281140000002,25.061764899999996]]}},{"type":"Feature","properties":{"name":null,"kind":"footway"},"geometry":{"type":"LineString","coordinates":[[121.4243203,25.059062],[121.4238979,25.0589995],[121.4236481,25.0586513],[121.4238907,25.0585572],[121.424111,25.058330299999994]]}},{"type":"Feature","properties":{"name":"尖凍山登山步道","kind":"footway"},"geometry":{"type":"LineString","coordinates":[[121.42483029999998,25.0583539],[121.4248292,25.058587900000006],[121.4243203,25.059062],[121.42422650000002,25.059527999999997],[121.42430229999998,25.0604539]]}},{"type":"Feature","properties":{"name":null,"kind":"path"},"geometry":{"type":"LineString","coordinates":[[121.4229438,25.060225499999998],[121.4227318,25.059950100000002],[121.4226039,25.060007999999993],[121.422599,25.0601528],[121.4224249,25.0603262]]}},{"type":"Feature","properties":{"name":"69步道","kind":"path"},"geometry":{"type":"LineString","coordinates":[[121.42428720000001,25.060090799999998],[121.423764,25.060192599999993],[121.4231547,25.0601614],[121.4225733,25.0603369],[121.4219169,25.0602896]]}},{"type":"Feature","properties":{"name":"尖凍山登山步道","kind":"footway"},"geometry":{"type":"LineString","coordinates":[[121.42430229999998,25.0604539],[121.4243028,25.0605843],[121.4245525,25.060805099999996],[121.42483869999998,25.0610312],[121.4250491,25.0610525]]}},{"type":"Feature","properties":{"name":"泰林路二段557巷","kind":"service"},"geometry":{"type":"LineString","coordinates":[[121.42279840000002,25.063354900000004],[121.42275020000001,25.0636273]]}},{"type":"Feature","properties":{"name":"泰林路二段542巷","kind":"service"},"geometry":{"type":"LineString","coordinates":[[121.42345430000002,25.063731800000003],[121.423348,25.06434099999999]]}},{"type":"Feature","properties":{"name":"泰林路二段522巷","kind":"service"},"geometry":{"type":"LineString","coordinates":[[121.4240055,25.06381439999999],[121.4240255,25.0640421],[121.42443849999998,25.0645099]]}},{"type":"Feature","properties":{"name":null,"kind":"service"},"geometry":{"type":"MultiLineString","coordinates":[[[121.4246518,25.0639099],[121.4245594,25.0646359],[121.42479570000002,25.0650996]],[[121.42479570000002,25.0650996],[121.4250039,25.065106499999995],[121.42493799999998,25.065287799999993],[121.4248724,25.0652646],[121.42479570000002,25.0650996]]]}},{"type":"Feature","properties":{"name":null,"kind":"footway"},"geometry":{"type":"LineString","coordinates":[[121.42492470000002,25.065601599999997],[121.42443849999998,25.0645099]]}},{"type":"Feature","properties":{"name":null,"kind":"service"},"geometry":{"type":"LineString","coordinates":[[121.43083070000002,25.062409899999995],[121.43067769999999,25.06242689999999]]}},{"type":"Feature","properties":{"name":null,"kind":"service"},"geometry":{"type":"LineString","coordinates":[[121.4303424,25.0629656],[121.4304832,25.0632272],[121.4306844,25.0631932]]}},{"type":"Feature","properties":{"name":null,"kind":"service"},"geometry":{"type":"LineString","coordinates":[[121.42964899999998,25.0629916],[121.42978279999998,25.063224099999996]]}},{"type":"Feature","properties":{"name":"泰林路二段292巷","kind":"service"},"geometry":{"type":"LineString","coordinates":[[121.4310592,25.0626222],[121.43172699999998,25.063792999999997]]}},{"type":"Feature","properties":{"name":"泰林路二段306巷","kind":"service"},"geometry":{"type":"LineString","coordinates":[[121.4306824,25.062795199999993],[121.43118720000001,25.0636593]]}},{"type":"Feature","properties":{"name":null,"kind":"service"},"geometry":{"type":"LineString","coordinates":[[121.4315607,25.063500700000002],[121.4309884,25.063763]]}},{"type":"Feature","properties":{"name":null,"kind":"service"},"geometry":{"type":"LineString","coordinates":[[121.43028980000001,25.063885499999994],[121.4307046,25.063738899999997]]}},{"type":"Feature","properties":{"name":"五股楊梅高架道路","kind":"motorway"},"geometry":{"type":"LineString","coordinates":[[121.4086444,25.056899899999998],[121.4230848,25.065938499999994],[121.4246462,25.066823899999992],[121.42574139999999,25.0672621],[121.4275972,25.067765],[121.4285612,25.06791009999999],[121.43028740000001,25.06801889999999],[121.4357285,25.068160300000002],[121.43789000000001,25.0679315],[121.4397584,25.068041899999994],[121.4445026,25.069425099999997],[121.450708,25.0710901]]}},{"type":"Feature","properties":{"name":null,"kind":"service"},"geometry":{"type":"LineString","coordinates":[[121.4284137,25.063809899999995],[121.4285708,25.0643765]]}},{"type":"Feature","properties":{"name":null,"kind":"service"},"geometry":{"type":"LineString","coordinates":[[121.42962460000001,25.064277299999993],[121.4297909,25.0649546]]}},{"type":"Feature","properties":{"name":null,"kind":"service"},"geometry":{"type":"LineString","coordinates":[[121.4321609,25.062967900000004],[121.43189280000001,25.063053699999998]]}},{"type":"Feature","properties":{"name":"楓江路25巷","kind":"service"},"geometry":{"type":"LineString","coordinates":[[121.43448680000002,25.0635986],[121.434459,25.062439700000002]]}},{"type":"Feature","properties":{"name":null,"kind":"service"},"geometry":{"type":"LineString","coordinates":[[121.43226130000001,25.0631822],[121.4325419,25.063056200000002]]}},{"type":"Feature","properties":{"name":null,"kind":"service"},"geometry":{"type":"LineString","coordinates":[[121.4341312,25.063362500000004],[121.4341378,25.0631364]]}},{"type":"Feature","properties":{"name":null,"kind":"service"},"geometry":{"type":"LineString","coordinates":[[121.43231070000002,25.0633117],[121.4320457,25.063389]]}},{"type":"Feature","properties":{"name":"明志路一段117巷","kind":"service"},"geometry":{"type":"LineString","coordinates":[[121.43417690000001,25.063610699999995],[121.4341312,25.063362500000004],[121.4333678,25.0634604]]}},{"type":"Feature","properties":{"name":"文化街","kind":"residential"},"geometry":{"type":"LineString","coordinates":[[121.43435890000002,25.063603599999997],[121.43417690000001,25.063610699999995]]}},{"type":"Feature","properties":{"name":"文化街","kind":"residential"},"geometry":{"type":"LineString","coordinates":[[121.43417690000001,25.063610699999995],[121.4338846,25.063636699999996],[121.43390680000002,25.0639776],[121.43344780000001,25.0640329]]}},{"type":"Feature","properties":{"name":"美寧街","kind":"residential"},"geometry":{"type":"LineString","coordinates":[[121.4334763,25.064288799999996],[121.43061880000002,25.064732700000004],[121.43000110000001,25.0631366]]}},{"type":"Feature","properties":{"name":"明志路一段","kind":"secondary"},"geometry":{"type":"LineString","coordinates":[[121.43363899999999,25.066253800000002],[121.4332778,25.062604699999998],[121.43281140000002,25.061764899999996]]}},{"type":"Feature","properties":{"name":null,"kind":"service"},"geometry":{"type":"LineString","coordinates":[[121.428914,25.0635909],[121.4272825,25.063809099999997]]}},{"type":"Feature","properties":{"name":"泰林路二段442巷","kind":"service"},"geometry":{"type":"LineString","coordinates":[[121.4264081,25.0641532],[121.42630580000001,25.064518999999997]]}},{"type":"Feature","properties":{"name":null,"kind":"service"},"geometry":{"type":"LineString","coordinates":[[121.42672460000001,25.064203099999997],[121.42645090000002,25.064739699999993]]}},{"type":"Feature","properties":{"name":null,"kind":"service"},"geometry":{"type":"LineString","coordinates":[[121.4273645,25.0642622],[121.4268435,25.0649883]]}},{"type":"Feature","properties":{"name":null,"kind":"service"},"geometry":{"type":"LineString","coordinates":[[121.42833150000001,25.0647907],[121.4283106,25.064677699999997]]}},{"type":"Feature","properties":{"name":"忠孝街","kind":"service"},"geometry":{"type":"LineString","coordinates":[[121.42916229999999,25.0653977],[121.4287697,25.0654548],[121.42757699999999,25.065305799999997],[121.4275927,25.064527499999997],[121.42746020000001,25.0642323]]}},{"type":"Feature","properties":{"name":null,"kind":"service"},"geometry":{"type":"LineString","coordinates":[[121.42841460000001,25.0650847],[121.42833150000001,25.0647907],[121.42814159999999,25.0647798],[121.4281363,25.064604800000005]]}},{"type":"Feature","properties":{"name":null,"kind":"service"},"geometry":{"type":"LineString","coordinates":[[121.42841460000001,25.0650847],[121.4275822,25.065045799999996]]}},{"type":"Feature","properties":{"name":null,"kind":"service"},"geometry":{"type":"LineString","coordinates":[[121.42757699999999,25.065305799999997],[121.4267256,25.065212599999995],[121.42661240000001,25.065510199999988]]}},{"type":"Feature","properties":{"name":null,"kind":"service"},"geometry":{"type":"LineString","coordinates":[[121.42661240000001,25.065510199999988],[121.4285141,25.065739],[121.4285592,25.0654289]]}},{"type":"Feature","properties":{"name":"憲訓路","kind":"unclassified"},"geometry":{"type":"LineString","coordinates":[[121.4287316,25.063673500000004],[121.42923309999999,25.0657083]]}},{"type":"Feature","properties":{"name":null,"kind":"service"},"geometry":{"type":"LineString","coordinates":[[121.42952830000002,25.065037599999997],[121.42933669999998,25.064402199999996]]}},{"type":"Feature","properties":{"name":"五股楊梅高架道路","kind":"motorway"},"geometry":{"type":"LineString","coordinates":[[121.4500105,25.072511799999997],[121.44827110000001,25.072115799999995],[121.4412388,25.06999],[121.43920740000002,25.0694698],[121.4356135,25.068906699999992],[121.42823180000002,25.0683935],[121.4272153,25.068237999999997],[121.425335,25.067739999999997],[121.4236447,25.0669342],[121.4206029,25.065030999999998],[121.41775800000002,25.063454199999995],[121.41499449999999,25.061618299999992],[121.4078628,25.0571064]]}},{"type":"Feature","properties":{"name":"美寧街57巷","kind":"service"},"geometry":{"type":"LineString","coordinates":[[121.43061880000002,25.064732700000004],[121.429112,25.0652074]]}},{"type":"Feature","properties":{"name":null,"kind":"service"},"geometry":{"type":"LineString","coordinates":[[121.42860570000002,25.064495499999996],[121.4287697,25.0654548]]}},{"type":"Feature","properties":{"name":null,"kind":"service"},"geometry":{"type":"LineString","coordinates":[[121.42841460000001,25.0650847],[121.42846829999999,25.0654177]]}},{"type":"Feature","properties":{"name":null,"kind":"service"},"geometry":{"type":"LineString","coordinates":[[121.4310708,25.0660009],[121.4310613,25.065490700000005],[121.430931,25.065485400000004],[121.43061880000002,25.064732700000004]]}},{"type":"Feature","properties":{"name":null,"kind":"service"},"geometry":{"type":"LineString","coordinates":[[121.4310613,25.065490700000005],[121.43173739999999,25.0654627]]}},{"type":"Feature","properties":{"name":"憲訓路","kind":"unclassified"},"geometry":{"type":"LineString","coordinates":[[121.42923309999999,25.0657083],[121.42924180000001,25.065765899999995]]}},{"type":"Feature","properties":{"name":"泰山路","kind":"unclassified"},"geometry":{"type":"LineString","coordinates":[[121.42923309999999,25.0657083],[121.427806,25.0660607]]}},{"type":"Feature","properties":{"name":null,"kind":"footway"},"geometry":{"type":"LineString","coordinates":[[121.4225543,25.064251399999996],[121.42409270000002,25.065065199999996],[121.4257568,25.066062],[121.42653160000002,25.0662349],[121.42690580000001,25.066240199999996]]}},{"type":"Feature","properties":{"name":"泰山路","kind":"unclassified"},"geometry":{"type":"LineString","coordinates":[[121.4251241,25.0660401],[121.4225727,25.064623100000002]]}},{"type":"Feature","properties":{"name":"五股交流道","kind":"motorway_link"},"geometry":{"type":"LineString","coordinates":[[121.42121889999999,25.0648527],[121.4236156,25.0660875]]}},{"type":"Feature","properties":{"name":null,"kind":"footway"},"geometry":{"type":"LineString","coordinates":[[121.4252885,25.066079799999994],[121.42542960000002,25.065883]]}},{"type":"Feature","properties":{"name":null,"kind":"footway"},"geometry":{"type":"LineString","coordinates":[[121.4252607,25.0661185],[121.4252885,25.066079799999994]]}},{"type":"Feature","properties":{"name":null,"kind":"service"},"geometry":{"type":"LineString","coordinates":[[121.4251241,25.0660401],[121.42491909999998,25.066357699999998],[121.42475490000001,25.066285500000003]]}},{"type":"Feature","properties":{"name":null,"kind":"motorway_link"},"geometry":{"type":"LineString","coordinates":[[121.42121889999999,25.0648527],[121.4234839,25.0660847],[121.42663730000001,25.067594]]}},{"type":"Feature","properties":{"name":null,"kind":"motorway_link"},"geometry":{"type":"LineString","coordinates":[[121.4240776,25.0672298],[121.4237929,25.067088599999998],[121.4214527,25.065325999999995]]}},{"type":"Feature","properties":{"name":"中山高速公路","kind":"motorway"},"geometry":{"type":"LineString","coordinates":[[121.42062510000001,25.064572999999992],[121.424168,25.066760199999997],[121.42512660000001,25.067216599999995],[121.4269765,25.0678005],[121.42817219999999,25.068018699999996]]}},{"type":"Feature","properties":{"name":null,"kind":"path"},"geometry":{"type":"LineString","coordinates":[[121.42535199999999,25.066170899999996],[121.4250203,25.0666392]]}},{"type":"Feature","properties":{"name":null,"kind":"service"},"geometry":{"type":"LineString","coordinates":[[121.43415160000002,25.065681599999998],[121.43444360000001,25.065658399999993]]}},{"type":"Feature","properties":{"name":"明志路一段19巷","kind":"service"},"geometry":{"type":"LineString","coordinates":[[121.4336159,25.065830299999995],[121.43415160000002,25.065681599999998]]}},{"type":"Feature","properties":{"name":"泰山路","kind":"unclassified"},"geometry":{"type":"LineString","coordinates":[[121.42924180000001,25.065765899999995],[121.42965430000001,25.0659091],[121.4306937,25.066010299999995],[121.4327331,25.065906700000003],[121.43363899999999,25.066253800000002]]}},{"type":"Feature","properties":{"name":"明志路一段19巷5弄","kind":"service"},"geometry":{"type":"LineString","coordinates":[[121.4342248,25.0663784],[121.43415160000002,25.065681599999998]]}},{"type":"Feature","properties":{"name":"和平街13巷","kind":"service"},"geometry":{"type":"LineString","coordinates":[[121.43444360000001,25.065658399999993],[121.43451440000001,25.066400799999997]]}},{"type":"Feature","properties":{"name":null,"kind":"footway"},"geometry":{"type":"LineString","coordinates":[[121.42924890000002,25.065812900000008],[121.42975210000002,25.065966499999995],[121.43086520000001,25.066054000000005],[121.4325282,25.0659204],[121.4336331,25.066301499999998]]}},{"type":"Feature","properties":{"name":null,"kind":"footway"},"geometry":{"type":"LineString","coordinates":[[121.4314446,25.066027299999995],[121.43145440000002,25.066220699999995]]}},{"type":"Feature","properties":{"name":"大窠橋","kind":"secondary"},"geometry":{"type":"LineString","coordinates":[[121.43363899999999,25.066253800000002],[121.43360680000002,25.0665152]]}},{"type":"Feature","properties":{"name":null,"kind":"footway"},"geometry":{"type":"LineString","coordinates":[[121.43138490000001,25.0665984],[121.43150789999999,25.0665549]]}},{"type":"Feature","properties":{"name":"五股交流道","kind":"motorway_link"},"geometry":{"type":"LineString","coordinates":[[121.4236156,25.0660875],[121.42505619999999,25.0667867]]}},{"type":"Feature","properties":{"name":null,"kind":"path"},"geometry":{"type":"LineString","coordinates":[[121.4250203,25.0666392],[121.4249846,25.066689699999998]]}},{"type":"Feature","properties":{"name":null,"kind":"footway"},"geometry":{"type":"LineString","coordinates":[[121.42475109999998,25.066681699999997],[121.42473660000002,25.066705699999996]]}},{"type":"Feature","properties":{"name":null,"kind":"steps"},"geometry":{"type":"LineString","coordinates":[[121.4249846,25.066689699999998],[121.42475109999998,25.066681699999997]]}},{"type":"Feature","properties":{"name":"中山高速公路","kind":"motorway"},"geometry":{"type":"LineString","coordinates":[[121.4274667,25.068081799999998],[121.42601890000002,25.067745000000002],[121.42489379999999,25.0673155],[121.4236243,25.066650699999997],[121.4214527,25.065325999999995]]}},{"type":"Feature","properties":{"name":null,"kind":"footway"},"geometry":{"type":"LineString","coordinates":[[121.42451940000001,25.066787999999992],[121.4246143,25.0666417]]}},{"type":"Feature","properties":{"name":null,"kind":"motorway_link"},"geometry":{"type":"LineString","coordinates":[[121.4246471,25.066658799999995],[121.4245463,25.0668131]]}},{"type":"Feature","properties":{"name":null,"kind":"footway"},"geometry":{"type":"LineString","coordinates":[[121.42425630000001,25.067193099999994],[121.42451940000001,25.066787999999992]]}},{"type":"Feature","properties":{"name":null,"kind":"motorway_link"},"geometry":{"type":"LineString","coordinates":[[121.4245463,25.0668131],[121.4242951,25.0671975]]}},{"type":"Feature","properties":{"name":null,"kind":"footway"},"geometry":{"type":"LineString","coordinates":[[121.42419470000002,25.067287899999997],[121.42425630000001,25.067193099999994]]}},{"type":"Feature","properties":{"name":"堅實橋","kind":"unclassified"},"geometry":{"type":"LineString","coordinates":[[121.42924180000001,25.065765899999995],[121.42928329999998,25.066041799999997]]}},{"type":"Feature","properties":{"name":"憲訓路","kind":"unclassified"},"geometry":{"type":"LineString","coordinates":[[121.42928329999998,25.066041799999997],[121.42929,25.066146300000003]]}},{"type":"Feature","properties":{"name":null,"kind":"service"},"geometry":{"type":"LineString","coordinates":[[121.42759949999999,25.0663622],[121.4288156,25.066033299999997],[121.42928500000001,25.0660677]]}},{"type":"Feature","properties":{"name":null,"kind":"footway"},"geometry":{"type":"LineString","coordinates":[[121.4316308,25.067058600000003],[121.43147840000002,25.0662473],[121.4312806,25.066235200000005],[121.4314281,25.067077600000005]]}},{"type":"Feature","properties":{"name":null,"kind":"service"},"geometry":{"type":"LineString","coordinates":[[121.42929,25.066146300000003],[121.42942429999998,25.0675787]]}},{"type":"Feature","properties":{"name":null,"kind":"service"},"geometry":{"type":"LineString","coordinates":[[121.42965850000002,25.0666591],[121.4297195,25.0664589],[121.43057510000001,25.066436100000004],[121.43073620000001,25.066559200000004],[121.43080669999999,25.0673388],[121.42979500000001,25.0674254],[121.4297175,25.067261400000003]]}},{"type":"Feature","properties":{"name":null,"kind":"service"},"geometry":{"type":"LineString","coordinates":[[121.4281672,25.066766000000005],[121.42965850000002,25.0666591],[121.4297175,25.067261400000003],[121.42859640000002,25.067387599999993]]}},{"type":"Feature","properties":{"name":"半山雅","kind":"service"},"geometry":{"type":"LineString","coordinates":[[121.43190090000002,25.067350999999995],[121.4298204,25.0677762]]}},{"type":"Feature","properties":{"name":"五股交流道","kind":"motorway_link"},"geometry":{"type":"LineString","coordinates":[[121.42746710000002,25.067855099999996],[121.4288858,25.068001499999998],[121.43154329999999,25.068121399999995]]}},{"type":"Feature","properties":{"name":"中山高速公路","kind":"motorway"},"geometry":{"type":"LineString","coordinates":[[121.42817219999999,25.068018699999996],[121.4315419,25.0681853]]}},{"type":"Feature","properties":{"name":null,"kind":"service"},"geometry":{"type":"LineString","coordinates":[[121.42757699999999,25.065305799999997],[121.4275115,25.065911799999995],[121.42761630000001,25.065969399999997],[121.427605,25.066125299999996],[121.42696910000001,25.066132099999997]]}},{"type":"Feature","properties":{"name":null,"kind":"service"},"geometry":{"type":"LineString","coordinates":[[121.4275115,25.065911799999995],[121.426666,25.0658339]]}},{"type":"Feature","properties":{"name":"堅實一橋","kind":"unclassified"},"geometry":{"type":"LineString","coordinates":[[121.427806,25.0660607],[121.427608,25.066330699999998]]}},{"type":"Feature","properties":{"name":"泰山路","kind":"unclassified"},"geometry":{"type":"LineString","coordinates":[[121.427608,25.066330699999998],[121.427226,25.0664937],[121.4261547,25.0664695],[121.42563550000001,25.066333699999998],[121.4251241,25.0660401]]}},{"type":"Feature","properties":{"name":null,"kind":"unclassified"},"geometry":{"type":"LineString","coordinates":[[121.42709430000001,25.066490500000004],[121.4274913,25.066770799999993]]}},{"type":"Feature","properties":{"name":"五股交流道","kind":"motorway_link"},"geometry":{"type":"LineString","coordinates":[[121.42505619999999,25.0667867],[121.42663730000001,25.067594]]}},{"type":"Feature","properties":{"name":null,"kind":"motorway_link"},"geometry":{"type":"LineString","coordinates":[[121.4274667,25.068081799999998],[121.426388,25.0679418],[121.42528479999999,25.067701299999996],[121.4241642,25.0672728]]}},{"type":"Feature","properties":{"name":"五股交流道","kind":"motorway_link"},"geometry":{"type":"LineString","coordinates":[[121.42663730000001,25.067594],[121.42746710000002,25.067855099999996]]}},{"type":"Feature","properties":{"name":null,"kind":"motorway_link"},"geometry":{"type":"LineString","coordinates":[[121.42746710000002,25.067855099999996],[121.42817219999999,25.068018699999996]]}},{"type":"Feature","properties":{"name":null,"kind":"service"},"geometry":{"type":"LineString","coordinates":[[121.4243952,25.068028699999996],[121.4247389,25.0679028],[121.4251502,25.067947299999997],[121.42783070000002,25.068592500000005],[121.42879440000002,25.068743999999995],[121.43061469999999,25.0687699]]}},{"type":"Feature","properties":{"name":null,"kind":"motorway_link"},"geometry":{"type":"LineString","coordinates":[[121.4242951,25.0671975],[121.4242259,25.067303399999997]]}},{"type":"Feature","properties":{"name":null,"kind":"motorway_link"},"geometry":{"type":"LineString","coordinates":[[121.4241642,25.0672728],[121.4240776,25.0672298]]}},{"type":"Feature","properties":{"name":null,"kind":"service"},"geometry":{"type":"LineString","coordinates":[[121.42268260000002,25.0668255],[121.4226993,25.067341199999998],[121.4224452,25.067686999999996],[121.4222826,25.067733899999997]]}},{"type":"Feature","properties":{"name":null,"kind":"service"},"geometry":{"type":"LineString","coordinates":[[121.4242259,25.067303399999997],[121.42406300000002,25.067579]]}},{"type":"Feature","properties":{"name":null,"kind":"service"},"geometry":{"type":"LineString","coordinates":[[121.42406300000002,25.067579],[121.4243534,25.067826200000003],[121.4243952,25.068028699999996],[121.4239732,25.0679945],[121.4237391,25.06787239999999],[121.42360370000002,25.067685899999997],[121.4237713,25.0675444],[121.42406300000002,25.067579]]}},{"type":"Feature","properties":{"name":null,"kind":"footway"},"geometry":{"type":"LineString","coordinates":[[121.4232775,25.0677483],[121.4234878,25.067911899999995]]}},{"type":"Feature","properties":{"name":null,"kind":"service"},"geometry":{"type":"LineString","coordinates":[[121.42367339999998,25.0675705],[121.423312,25.067454599999994],[121.4230894,25.067642199999998],[121.42310810000001,25.0677285],[121.42380990000001,25.068199399999997],[121.4247691,25.0684331]]}},{"type":"Feature","properties":{"name":null,"kind":"service"},"geometry":{"type":"LineString","coordinates":[[121.4247691,25.0684331],[121.42489779999998,25.067906399999995]]}},{"type":"Feature","properties":{"name":null,"kind":"service"},"geometry":{"type":"LineString","coordinates":[[121.42432959999998,25.068345299999997],[121.4243952,25.068028699999996]]}},{"type":"Feature","properties":{"name":null,"kind":"footway"},"geometry":{"type":"LineString","coordinates":[[121.42426529999999,25.068251099999998],[121.42443480000001,25.0682809]]}},{"type":"Feature","properties":{"name":"中山高速公路","kind":"motorway"},"geometry":{"type":"LineString","coordinates":[[121.4303196,25.068321000000005],[121.4274667,25.068081799999998]]}},{"type":"Feature","properties":{"name":"中山高速公路","kind":"motorway"},"geometry":{"type":"LineString","coordinates":[[121.43149500000001,25.0683754],[121.4303196,25.068321000000005]]}},{"type":"Feature","properties":{"name":"五股交流道","kind":"motorway_link"},"geometry":{"type":"LineString","coordinates":[[121.43147219999999,25.068462300000004],[121.4303196,25.068321000000005]]}},{"type":"Feature","properties":{"name":null,"kind":"service"},"geometry":{"type":"LineString","coordinates":[[121.43131229999999,25.068709200000004],[121.43033329999999,25.068557900000002],[121.42808219999999,25.068403999999997],[121.42656340000002,25.068155099999995],[121.4262945,25.0682281]]}},{"type":"Feature","properties":{"name":null,"kind":"steps"},"geometry":{"type":"LineString","coordinates":[[121.43030740000002,25.068762499999995],[121.4300758,25.068533600000002]]}},{"type":"Feature","properties":{"name":null,"kind":"service"},"geometry":{"type":"LineString","coordinates":[[121.4247691,25.0684331],[121.42501650000001,25.0686371],[121.42565619999999,25.068909199999993],[121.42665,25.068963900000004],[121.42675060000002,25.068912900000008],[121.42687979999998,25.0683718]]}},{"type":"Feature","properties":{"name":null,"kind":"residential"},"geometry":{"type":"LineString","coordinates":[[121.3975648,25.0653921],[121.3982695,25.0656929],[121.3988861,25.0668334]]}},{"type":"Feature","properties":{"name":"新林步道五段","kind":"path"},"geometry":{"type":"LineString","coordinates":[[121.3927155,25.066984399999996],[121.3932386,25.0665381],[121.39361920000002,25.0665149],[121.39379660000002,25.0663689],[121.3942006,25.066250499999995]]}},{"type":"Feature","properties":{"name":"新林步道五段","kind":"path"},"geometry":{"type":"LineString","coordinates":[[121.39102500000001,25.067006299999996],[121.39124369999999,25.066649100000003],[121.39134539999999,25.066663],[121.39172130000001,25.067017499999995],[121.3920941,25.067201699999995],[121.39186449999998,25.0665151],[121.39222659999999,25.066887699999995],[121.3925424,25.067041200000002],[121.3926497,25.066981099999996]]}},{"type":"Feature","properties":{"name":"義工大橋","kind":"footway"},"geometry":{"type":"LineString","coordinates":[[121.3926497,25.066981099999996],[121.3927155,25.066984399999996]]}},{"type":"Feature","properties":{"name":null,"kind":"service"},"geometry":{"type":"LineString","coordinates":[[121.39280769999999,25.0674541],[121.3928709,25.067395200000004]]}},{"type":"Feature","properties":{"name":"新林步道五段","kind":"path"},"geometry":{"type":"LineString","coordinates":[[121.394446,25.06895],[121.3943667,25.068614100000005],[121.3944112,25.0682915],[121.394485,25.0682185],[121.39443350000002,25.068155999999995],[121.39417580000001,25.0681629],[121.39434839999998,25.0677786],[121.39427369999999,25.0677347],[121.39432349999998,25.067399699999996],[121.3941397,25.067299099999996],[121.3941232,25.067195899999994],[121.39425590000002,25.0670466],[121.3942669,25.066925700000002],[121.39414860000001,25.066847499999998],[121.3941822,25.066496199999996],[121.39428800000002,25.066436099999997],[121.3942903,25.066300799999997]]}},{"type":"Feature","properties":{"name":null,"kind":"service"},"geometry":{"type":"LineString","coordinates":[[121.3928709,25.067395200000004],[121.3930182,25.067530399999995],[121.3930135,25.0678561],[121.3932084,25.068118800000008],[121.3935796,25.0680936],[121.39385329999999,25.0682091]]}},{"type":"Feature","properties":{"name":"新林步道五段","kind":"path"},"geometry":{"type":"LineString","coordinates":[[121.3869193,25.068781100000002],[121.3869869,25.0685951],[121.38737450000002,25.068458899999992],[121.38760449999998,25.068115899999995],[121.3878469,25.068091800000005],[121.38792660000001,25.0680149],[121.38790890000001,25.067917099999992],[121.38752129999999,25.067793699999992],[121.38757620000001,25.0676045],[121.38797970000002,25.06762699999999],[121.38875110000001,25.067276999999994],[121.3891671,25.0675059],[121.38989419999999,25.0671654],[121.3901931,25.067433299999998],[121.3907107,25.067486299999995],[121.390837,25.0674026],[121.3909448,25.067056500000003],[121.39102500000001,25.067006299999996]]}},{"type":"Feature","properties":{"name":null,"kind":"service"},"geometry":{"type":"LineString","coordinates":[[121.39385329999999,25.0682091],[121.3938627,25.0682925]]}},{"type":"Feature","properties":{"name":"老公崎步道","kind":"footway"},"geometry":{"type":"LineString","coordinates":[[121.39531600000001,25.068617999999997],[121.3959828,25.068338499999996],[121.3959542,25.068426199999998]]}},{"type":"Feature","properties":{"name":"新寮休閒步道","kind":"footway"},"geometry":{"type":"LineString","coordinates":[[121.3954571,25.0686211],[121.3959542,25.068426199999998]]}},{"type":"Feature","properties":{"name":null,"kind":"service"},"geometry":{"type":"LineString","coordinates":[[121.39817160000001,25.068350699999996],[121.39830050000002,25.068312000000002],[121.3988261,25.068524699999998],[121.3991603,25.068827399999996]]}},{"type":"Feature","properties":{"name":null,"kind":"footway"},"geometry":{"type":"LineString","coordinates":[[121.395725,25.068761399999996],[121.39560730000001,25.0688006]]}},{"type":"Feature","properties":{"name":"仁愛路一段1巷","kind":"residential"},"geometry":{"type":"LineString","coordinates":[[121.3970094,25.0684071],[121.395725,25.068761399999996],[121.3959377,25.0692683]]}},{"type":"Feature","properties":{"name":"仁愛路一段39巷","kind":"residential"},"geometry":{"type":"LineString","coordinates":[[121.3984309,25.069045399999997],[121.3970292,25.069039899999993],[121.3959377,25.0692683]]}},{"type":"Feature","properties":{"name":"新寮休閒步道","kind":"footway"},"geometry":{"type":"LineString","coordinates":[[121.39702879999999,25.070162499999995],[121.39658509999998,25.070159599999993],[121.39648219999998,25.069888799999994],[121.3956713,25.069386999999992],[121.3957699,25.0691813],[121.3954571,25.0686211]]}},{"type":"Feature","properties":{"name":null,"kind":"service"},"geometry":{"type":"LineString","coordinates":[[121.3938627,25.0682925],[121.3937692,25.068793700000004],[121.39392079999999,25.0692504],[121.3943667,25.069565699999995],[121.394471,25.069485699999998],[121.39466480000002,25.069508099999997]]}},{"type":"Feature","properties":{"name":"新林步道五段","kind":"path"},"geometry":{"type":"LineString","coordinates":[[121.394446,25.06895],[121.39464710000001,25.068869199999998],[121.39478630000002,25.068921599999996],[121.3948748,25.0687474],[121.39500339999998,25.068801899999993],[121.39500219999998,25.068728099999998],[121.3952453,25.068692099999996],[121.39531600000001,25.068617999999997],[121.3955348,25.068840599999998],[121.3956529,25.0690854],[121.3956031,25.069288799999995],[121.39540960000001,25.069408099999997],[121.394968,25.069357599999993],[121.39506590000002,25.0695905]]}},{"type":"Feature","properties":{"name":"新林步道五段","kind":"path"},"geometry":{"type":"LineString","coordinates":[[121.3952615,25.070263599999997],[121.39506600000001,25.070203599999996],[121.39485300000001,25.069968099999997],[121.3946713,25.0696419],[121.3946566,25.0693396],[121.3945066,25.069177199999995],[121.394446,25.06895]]}},{"type":"Feature","properties":{"name":null,"kind":"service"},"geometry":{"type":"LineString","coordinates":[[121.3943667,25.069565699999995],[121.3944519,25.069941599999996]]}},{"type":"Feature","properties":{"name":"新林步道五段","kind":"path"},"geometry":{"type":"LineString","coordinates":[[121.39506590000002,25.0695905],[121.39500330000001,25.070016999999996],[121.39505040000002,25.0701922]]}},{"type":"Feature","properties":{"name":null,"kind":"service"},"geometry":{"type":"LineString","coordinates":[[121.40609970000001,25.069654599999996],[121.4055631,25.0699786],[121.4051403,25.0699749],[121.40483540000001,25.069824000000004],[121.4046672,25.068227099999998]]}},{"type":"Feature","properties":{"name":null,"kind":"service"},"geometry":{"type":"LineString","coordinates":[[121.41084099999999,25.070395999999995],[121.4105827,25.0704312],[121.41043380000002,25.0703206],[121.41043780000001,25.070190700000005]]}},{"type":"Feature","properties":{"name":"泰林路三段","kind":"secondary"},"geometry":{"type":"LineString","coordinates":[[121.4033274,25.073158099999997],[121.40361159999999,25.072982699999997],[121.40450689999999,25.0727486],[121.40546819999999,25.072893899999997],[121.4059294,25.072860399999996],[121.4068988,25.0725378],[121.40833630000002,25.072207599999995],[121.408759,25.072032599999996],[121.40894720000001,25.071933899999998],[121.41003870000002,25.0709333],[121.41107580000002,25.070242],[121.41192610000002,25.069553999999997],[121.4124331,25.0689827],[121.413719,25.068089699999998]]}},{"type":"Feature","properties":{"name":null,"kind":"service"},"geometry":{"type":"LineString","coordinates":[[121.40823979999999,25.0722353],[121.40828870000001,25.0723723]]}},{"type":"Feature","properties":{"name":"橫窠雅五號橋","kind":"service"},"geometry":{"type":"LineString","coordinates":[[121.40828870000001,25.0723723],[121.40833750000002,25.072509299999997]]}},{"type":"Feature","properties":{"name":"泰林路三段616巷","kind":"service"},"geometry":{"type":"LineString","coordinates":[[121.4076561,25.0723856],[121.40767990000002,25.072500900000005]]}},{"type":"Feature","properties":{"name":"橫窠雅六號橋","kind":"service"},"geometry":{"type":"LineString","coordinates":[[121.40767990000002,25.072500900000005],[121.40770360000002,25.072616099999998]]}},{"type":"Feature","properties":{"name":null,"kind":"service"},"geometry":{"type":"LineString","coordinates":[[121.40833750000002,25.072509299999997],[121.40841739999999,25.0727332],[121.40863450000002,25.072806499999995],[121.4090295,25.0725986],[121.4095978,25.0725317]]}},{"type":"Feature","properties":{"name":"泰林路三段616巷","kind":"service"},"geometry":{"type":"LineString","coordinates":[[121.40770360000002,25.072616099999998],[121.4077371,25.0727786]]}},{"type":"Feature","properties":{"name":null,"kind":"service"},"geometry":{"type":"LineString","coordinates":[[121.40651739999998,25.072656400000003],[121.406519,25.0729789]]}},{"type":"Feature","properties":{"name":"仁愛路一段61巷","kind":"residential"},"geometry":{"type":"LineString","coordinates":[[121.39856370000001,25.0695704],[121.3970948,25.069594499999997],[121.3964948,25.069790899999997]]}},{"type":"Feature","properties":{"name":"仁愛路一段83巷","kind":"residential"},"geometry":{"type":"LineString","coordinates":[[121.3986587,25.070121499999992],[121.39700530000002,25.070116599999995],[121.3960161,25.069459799999997],[121.3959377,25.0692683]]}},{"type":"Feature","properties":{"name":"新林步道五段","kind":"path"},"geometry":{"type":"LineString","coordinates":[[121.39506590000002,25.0695905],[121.3954307,25.069763799999997],[121.3959263,25.0701793],[121.3958873,25.070411099999998],[121.39602960000002,25.070745199999998],[121.3959716,25.0709807],[121.39612120000001,25.0712425],[121.39626489999999,25.0712794],[121.39611240000002,25.071556999999995],[121.3962461,25.0720634],[121.39622280000002,25.072143700000005],[121.3960127,25.0722143]]}},{"type":"Feature","properties":{"name":"泰林路三段745巷","kind":"unclassified"},"geometry":{"type":"LineString","coordinates":[[121.4008062,25.0710649],[121.40096179999999,25.071201499999997],[121.4010396,25.071951],[121.40122870000002,25.072318],[121.40136719999998,25.072437999999995],[121.4015429,25.0724714],[121.40176709999999,25.0724197],[121.401928,25.072337199999996],[121.40204210000002,25.072108400000005],[121.402513,25.0717846],[121.40321649999998,25.071495900000002],[121.40327140000001,25.071243899999995],[121.40377749999999,25.070814899999995],[121.4040553,25.070074100000003],[121.4044837,25.070059299999993],[121.4048688,25.0703033],[121.4051869,25.070373699999998],[121.4059916,25.0702611],[121.40611229999999,25.0701771],[121.40622879999998,25.069885599999996],[121.40609970000001,25.069654599999996]]}},{"type":"Feature","properties":{"name":"東明三街","kind":"residential"},"geometry":{"type":"LineString","coordinates":[[121.39141350000001,25.0703493],[121.39201990000001,25.070641600000002],[121.3934841,25.07161389999999],[121.3938966,25.0716826],[121.39392590000001,25.071830699999996]]}},{"type":"Feature","properties":{"name":"林口老公崎步道","kind":"path"},"geometry":{"type":"LineString","coordinates":[[121.3919813,25.073307000000003],[121.3921066,25.073110499999995],[121.3922689,25.073054599999992],[121.39243519999998,25.07316279999999],[121.39324120000002,25.073040099999993],[121.39406690000001,25.072329200000002],[121.3948351,25.072049999999997],[121.3948981,25.07188079999999],[121.39508960000002,25.07178980000001],[121.39499379999998,25.071288599999992],[121.39491680000002,25.0710327],[121.39461710000002,25.0708604],[121.39454390000002,25.070740699999998],[121.39463939999999,25.070733299999997],[121.3946618,25.070589699999996],[121.3948203,25.070621],[121.39501140000002,25.0705289],[121.3950502,25.0703334],[121.39513769999999,25.070289999999996],[121.3953187,25.07029739999999],[121.39559560000001,25.0706648],[121.3957109,25.071381499999998],[121.39600860000002,25.072022799999996],[121.3960127,25.0722143]]}},{"type":"Feature","properties":{"name":"林口老公崎步道","kind":"path"},"geometry":{"type":"LineString","coordinates":[[121.3960127,25.0722143],[121.3956468,25.072490399999996],[121.39548030000002,25.072715499999997]]}},{"type":"Feature","properties":{"name":"新寮休閒步道","kind":"footway"},"geometry":{"type":"LineString","coordinates":[[121.3968798,25.073452500000002],[121.396944,25.0733622],[121.3963937,25.0728934],[121.39722409999999,25.072443099999997],[121.39730260000002,25.072217200000004],[121.3970844,25.0717188]]}},{"type":"Feature","properties":{"name":"黎明一號橋","kind":"secondary"},"geometry":{"type":"LineString","coordinates":[[121.4032267,25.073290299999993],[121.4033274,25.073158099999997]]}},{"type":"Feature","properties":{"name":null,"kind":"service"},"geometry":{"type":"LineString","coordinates":[[121.4025019,25.0731446],[121.4017756,25.073249400000005],[121.40155169999998,25.073364799999997],[121.40133170000001,25.073302800000004]]}},{"type":"Feature","properties":{"name":"黎明二號橋","kind":"secondary"},"geometry":{"type":"LineString","coordinates":[[121.4024888,25.0732068],[121.40250720000002,25.073354499999997]]}},{"type":"Feature","properties":{"name":null,"kind":"footway"},"geometry":{"type":"LineString","coordinates":[[121.40289660000002,25.073363],[121.4031926,25.0733401]]}},{"type":"Feature","properties":{"name":null,"kind":"footway"},"geometry":{"type":"LineString","coordinates":[[121.4028308,25.073400500000005],[121.40287320000002,25.073355200000005],[121.4029124,25.0733896],[121.4028707,25.073429999999995],[121.4028308,25.073400500000005]]}},{"type":"Feature","properties":{"name":"泰林路三段","kind":"secondary"},"geometry":{"type":"LineString","coordinates":[[121.40250720000002,25.073354499999997],[121.40265540000001,25.073524399999997],[121.40280480000001,25.0735563],[121.40306130000002,25.073476199999998],[121.4032267,25.073290299999993]]}},{"type":"Feature","properties":{"name":null,"kind":"footway"},"geometry":{"type":"LineString","coordinates":[[121.4028308,25.073400500000005],[121.402715,25.0733827],[121.40258580000001,25.073477200000003]]}},{"type":"Feature","properties":{"name":null,"kind":"footway"},"geometry":{"type":"LineString","coordinates":[[121.4028707,25.073429999999995],[121.4029047,25.073484599999993]]}},{"type":"Feature","properties":{"name":null,"kind":"footway"},"geometry":{"type":"LineString","coordinates":[[121.402979,25.0735255],[121.4029047,25.073484599999993]]}},{"type":"Feature","properties":{"name":"泰林路三段772巷","kind":"service"},"geometry":{"type":"LineString","coordinates":[[121.40265540000001,25.073524399999997],[121.4023,25.073529400000005],[121.4017327,25.073677299999996]]}},{"type":"Feature","properties":{"name":"橫窠雅七號橋","kind":"service"},"geometry":{"type":"LineString","coordinates":[[121.4017327,25.073677299999996],[121.4016056,25.073703299999995]]}},{"type":"Feature","properties":{"name":"泰林路三段772巷","kind":"service"},"geometry":{"type":"LineString","coordinates":[[121.4016056,25.073703299999995],[121.40136359999998,25.073741000000002]]}},{"type":"Feature","properties":{"name":null,"kind":"service"},"geometry":{"type":"LineString","coordinates":[[121.40136359999998,25.073741000000002],[121.4013181,25.073744800000004]]}},{"type":"Feature","properties":{"name":"泰林路三段772巷","kind":"service"},"geometry":{"type":"LineString","coordinates":[[121.4007544,25.0740778],[121.40081810000001,25.073711],[121.4007711,25.0735361]]}},{"type":"Feature","properties":{"name":"泰林路三段772巷","kind":"service"},"geometry":{"type":"LineString","coordinates":[[121.4013181,25.073744800000004],[121.4009421,25.0739011],[121.4007544,25.0740778]]}},{"type":"Feature","properties":{"name":"泰林路三段","kind":"secondary"},"geometry":{"type":"LineString","coordinates":[[121.3979143,25.0772864],[121.3982401,25.0768676],[121.3983403,25.0760796],[121.39945470000002,25.07505649999999],[121.4000568,25.0738953],[121.4000736,25.073717099999996],[121.39981239999999,25.072694999999992],[121.39992619999998,25.071981699999995],[121.4001075,25.071622400000003],[121.4001423,25.0710538],[121.40023359999999,25.070909299999997],[121.4005487,25.070842500000005],[121.4008062,25.0710649],[121.4007284,25.0717597],[121.4007628,25.072424600000005],[121.4009376,25.072715700000003],[121.4015015,25.073136],[121.40187060000001,25.0730972],[121.40337750000002,25.0722417],[121.40370559999998,25.0722983],[121.40376040000001,25.072468800000003],[121.40366859999999,25.0726623],[121.4026775,25.072996199999995],[121.4024888,25.0732068]]}},{"type":"Feature","properties":{"name":"蘇厝步道","kind":"footway"},"geometry":{"type":"LineString","coordinates":[[121.4007544,25.0740778],[121.4003031,25.0744613],[121.4002052,25.074690000000004],[121.3999329,25.074831800000002],[121.3999253,25.0750634]]}},{"type":"Feature","properties":{"name":"蘇厝步道","kind":"footway"},"geometry":{"type":"LineString","coordinates":[[121.3999253,25.0750634],[121.39992219999999,25.075147699999995]]}},{"type":"Feature","properties":{"name":"工九路","kind":"service"},"geometry":{"type":"LineString","coordinates":[[121.40635989999998,25.076078099999997],[121.4073126,25.075978400000004],[121.4077176,25.0757622],[121.40824750000002,25.075879699999998],[121.410035,25.075431799999997],[121.41062380000001,25.0751718],[121.4112273,25.0746009],[121.4127389,25.0735563],[121.4133178,25.0732677],[121.41382380000002,25.073305699999995],[121.41401100000002,25.0732543],[121.414562,25.07286909999999],[121.41498420000002,25.072683799999997],[121.415235,25.0722251],[121.4160768,25.0713959],[121.4156845,25.071134299999997]]}},{"type":"Feature","properties":{"name":null,"kind":"service"},"geometry":{"type":"LineString","coordinates":[[121.411584,25.0743628],[121.4123749,25.074170399999993],[121.41311330000002,25.073502999999995],[121.4134187,25.073424599999996],[121.4140385,25.0736434],[121.41473590000001,25.0730186],[121.4152084,25.0728838],[121.41526160000001,25.073004899999997],[121.41492430000001,25.073075],[121.41469029999999,25.073387399999998],[121.4144672,25.073513699999996],[121.4144624,25.073804399999997],[121.4142452,25.07401769999999]]}},{"type":"Feature","properties":{"name":"蘇厝步道","kind":"footway"},"geometry":{"type":"LineString","coordinates":[[121.39992219999999,25.075147699999995],[121.399772,25.0753457],[121.39941390000001,25.0755024],[121.39876079999999,25.0760903],[121.3983401,25.076724099999996]]}},{"type":"Feature","properties":{"name":null,"kind":"service"},"geometry":{"type":"LineString","coordinates":[[121.39825670000002,25.076797899999995],[121.3987072,25.076440099999996]]}},{"type":"Feature","properties":{"name":null,"kind":"footway"},"geometry":{"type":"LineString","coordinates":[[121.4203081,25.029771900000004],[121.4200816,25.0292425]]}},{"type":"Feature","properties":{"name":null,"kind":"service"},"geometry":{"type":"LineString","coordinates":[[121.420666,25.029480599999996],[121.42035150000001,25.029596]]}},{"type":"Feature","properties":{"name":"丹鳳街","kind":"service"},"geometry":{"type":"LineString","coordinates":[[121.4212081,25.028731199999996],[121.42200640000001,25.0304994]]}},{"type":"Feature","properties":{"name":"明志路三段531巷","kind":"service"},"geometry":{"type":"LineString","coordinates":[[121.4218487,25.0295395],[121.42053600000001,25.0300284]]}},{"type":"Feature","properties":{"name":null,"kind":"footway"},"geometry":{"type":"LineString","coordinates":[[121.420346,25.029869699999995],[121.4203081,25.029771900000004]]}},{"type":"Feature","properties":{"name":"明志路三段560巷","kind":"residential"},"geometry":{"type":"LineString","coordinates":[[121.4204212,25.029759299999995],[121.4199442,25.0300144]]}},{"type":"Feature","properties":{"name":null,"kind":"footway"},"geometry":{"type":"LineString","coordinates":[[121.4200095,25.030054799999995],[121.420346,25.029869699999995]]}},{"type":"Feature","properties":{"name":null,"kind":"service"},"geometry":{"type":"LineString","coordinates":[[121.4220343,25.029953200000005],[121.4217963,25.0300449]]}},{"type":"Feature","properties":{"name":null,"kind":"footway"},"geometry":{"type":"LineString","coordinates":[[121.42006490000001,25.0301371],[121.4203936,25.0299464]]}},{"type":"Feature","properties":{"name":null,"kind":"footway"},"geometry":{"type":"LineString","coordinates":[[121.420346,25.029869699999995],[121.42062110000002,25.030484700000002]]}},{"type":"Feature","properties":{"name":null,"kind":"footway"},"geometry":{"type":"LineString","coordinates":[[121.42038299999999,25.030609099999996],[121.4200095,25.030054799999995]]}},{"type":"Feature","properties":{"name":"貴鳳街","kind":"residential"},"geometry":{"type":"LineString","coordinates":[[121.42297120000002,25.0306227],[121.4242681,25.029478199999993]]}},{"type":"Feature","properties":{"name":"貴鳳街24巷","kind":"service"},"geometry":{"type":"LineString","coordinates":[[121.42297120000002,25.0306227],[121.4225423,25.0301874]]}},{"type":"Feature","properties":{"name":null,"kind":"footway"},"geometry":{"type":"LineString","coordinates":[[121.42553319999999,25.030356400000002],[121.4255223,25.030578299999995],[121.42536420000002,25.030689599999995]]}},{"type":"Feature","properties":{"name":"中正路614巷","kind":"service"},"geometry":{"type":"LineString","coordinates":[[121.4241385,25.0318054],[121.4263812,25.0300377]]}},{"type":"Feature","properties":{"name":"貴陽街90巷","kind":"service"},"geometry":{"type":"LineString","coordinates":[[121.4241385,25.0318054],[121.42297120000002,25.0306227]]}},{"type":"Feature","properties":{"name":"貴陽街72巷","kind":"service"},"geometry":{"type":"LineString","coordinates":[[121.4236053,25.032218399999998],[121.4231658,25.031573100000003]]}},{"type":"Feature","properties":{"name":"貴陽街36巷","kind":"service"},"geometry":{"type":"LineString","coordinates":[[121.4225706,25.0327474],[121.42223509999998,25.032160899999997],[121.4228762,25.031824400000005],[121.4232156,25.032417300000002]]}},{"type":"Feature","properties":{"name":"貴陽街","kind":"residential"},"geometry":{"type":"LineString","coordinates":[[121.42218409999998,25.032941699999995],[121.4236053,25.032218399999998],[121.4241385,25.0318054]]}},{"type":"Feature","properties":{"name":"新北大道六段291巷","kind":"construction"},"geometry":{"type":"LineString","coordinates":[[121.4246783,25.033844899999995],[121.42608289999998,25.033158199999995]]}},{"type":"Feature","properties":{"name":null,"kind":"service"},"geometry":{"type":"LineString","coordinates":[[121.4229592,25.0334529],[121.42284610000002,25.033582600000006]]}},{"type":"Feature","properties":{"name":null,"kind":"service"},"geometry":{"type":"LineString","coordinates":[[121.42284610000002,25.033582600000006],[121.42259870000001,25.033467199999993]]}},{"type":"Feature","properties":{"name":"新北大道六段313巷","kind":"service"},"geometry":{"type":"LineString","coordinates":[[121.42431290000002,25.033275899999992],[121.42392240000001,25.033453200000004],[121.4236803,25.0337712]]}},{"type":"Feature","properties":{"name":null,"kind":"service"},"geometry":{"type":"LineString","coordinates":[[121.42267390000002,25.033513299999996],[121.42255240000001,25.033588700000003]]}},{"type":"Feature","properties":{"name":"明志路三段","kind":"secondary"},"geometry":{"type":"LineString","coordinates":[[121.42107630000001,25.031564499999998],[121.42101690000001,25.031154900000004],[121.42015799999999,25.0291562]]}},{"type":"Feature","properties":{"name":null,"kind":"footway"},"geometry":{"type":"LineString","coordinates":[[121.42058130000001,25.030390499999996],[121.42032780000001,25.0305272]]}},{"type":"Feature","properties":{"name":null,"kind":"footway"},"geometry":{"type":"LineString","coordinates":[[121.42062110000002,25.030484700000002],[121.42038299999999,25.030609099999996]]}},{"type":"Feature","properties":{"name":null,"kind":"service"},"geometry":{"type":"LineString","coordinates":[[121.42086140000002,25.030782099999993],[121.42056629999999,25.030977199999995]]}},{"type":"Feature","properties":{"name":"貴鳳街","kind":"residential"},"geometry":{"type":"LineString","coordinates":[[121.42107630000001,25.031564499999998],[121.42297120000002,25.0306227]]}},{"type":"Feature","properties":{"name":null,"kind":"service"},"geometry":{"type":"LineString","coordinates":[[121.421613,25.03129059999999],[121.4219292,25.0318046]]}},{"type":"Feature","properties":{"name":null,"kind":"service"},"geometry":{"type":"LineString","coordinates":[[121.4214684,25.0317197],[121.42129990000001,25.031454499999995]]}},{"type":"Feature","properties":{"name":null,"kind":"service"},"geometry":{"type":"LineString","coordinates":[[121.4215547,25.031770299999998],[121.42148350000001,25.0318097]]}},{"type":"Feature","properties":{"name":null,"kind":"service"},"geometry":{"type":"LineString","coordinates":[[121.42144740000002,25.031947299999995],[121.42164519999999,25.031912199999994],[121.42150800000002,25.031698600000006],[121.42141779999999,25.0317472],[121.42144740000002,25.031947299999995]]}},{"type":"Feature","properties":{"name":"明志路三段","kind":"secondary"},"geometry":{"type":"LineString","coordinates":[[121.4210182,25.0321454],[121.42107630000001,25.031564499999998]]}},{"type":"Feature","properties":{"name":"壽山路","kind":"tertiary"},"geometry":{"type":"LineString","coordinates":[[121.41723300000001,25.030234199999995],[121.4169985,25.030415499999997],[121.41541369999999,25.030736199999993],[121.4148749,25.0310125]]}},{"type":"Feature","properties":{"name":"壽山路134巷","kind":"residential"},"geometry":{"type":"LineString","coordinates":[[121.4178992,25.030261599999996],[121.41825570000002,25.031122700000004],[121.4183624,25.0312739],[121.41875800000001,25.0315395]]}},{"type":"Feature","properties":{"name":"壽山路134巷20弄","kind":"residential"},"geometry":{"type":"LineString","coordinates":[[121.41825570000002,25.031122700000004],[121.418817,25.030771500000004]]}},{"type":"Feature","properties":{"name":null,"kind":"footway"},"geometry":{"type":"LineString","coordinates":[[121.41910000000001,25.0310499],[121.4190755,25.031000799999997]]}},{"type":"Feature","properties":{"name":null,"kind":"footway"},"geometry":{"type":"LineString","coordinates":[[121.4189146,25.031111900000003],[121.4189419,25.0311342]]}},{"type":"Feature","properties":{"name":null,"kind":"service"},"geometry":{"type":"LineString","coordinates":[[121.41848019999999,25.031365699999995],[121.41909760000001,25.030904400000004]]}},{"type":"Feature","properties":{"name":null,"kind":"footway"},"geometry":{"type":"LineString","coordinates":[[121.41857749999998,25.031331500000004],[121.41913750000002,25.030958]]}},{"type":"Feature","properties":{"name":null,"kind":"footway"},"geometry":{"type":"LineString","coordinates":[[121.418957,25.0312287],[121.4191644,25.031222099999997],[121.4191644,25.031081199999996],[121.4189419,25.0311342],[121.418957,25.0312287]]}},{"type":"Feature","properties":{"name":null,"kind":"footway"},"geometry":{"type":"LineString","coordinates":[[121.4193505,25.031249000000003],[121.4191644,25.031222099999997]]}},{"type":"Feature","properties":{"name":null,"kind":"footway"},"geometry":{"type":"LineString","coordinates":[[121.4188436,25.031303899999997],[121.418957,25.0312287]]}},{"type":"Feature","properties":{"name":"新北大道七段105巷","kind":"residential"},"geometry":{"type":"LineString","coordinates":[[121.4175329,25.03199439999999],[121.41763149999998,25.03137419999999],[121.41755910000002,25.031089899999998]]}},{"type":"Feature","properties":{"name":"新北大道七段","kind":"primary"},"geometry":{"type":"LineString","coordinates":[[121.4148749,25.0310125],[121.415779,25.0314885],[121.4163984,25.0317211],[121.41746669999999,25.031985399999996],[121.4182934,25.032079000000003],[121.42053360000001,25.0320758],[121.4210182,25.0321454]]}},{"type":"Feature","properties":{"name":"新北大道七段","kind":"primary"},"geometry":{"type":"LineString","coordinates":[[121.4182772,25.032185200000004],[121.4170133,25.032048600000003],[121.41626630000002,25.031834699999997],[121.41474379999998,25.031090799999998]]}},{"type":"Feature","properties":{"name":"德安街40巷","kind":"residential"},"geometry":{"type":"LineString","coordinates":[[121.41875800000001,25.0315395],[121.4186454,25.031709600000003],[121.4183745,25.031794599999998]]}},{"type":"Feature","properties":{"name":"德安街","kind":"residential"},"geometry":{"type":"LineString","coordinates":[[121.41875800000001,25.0315395],[121.4197182,25.032082999999997]]}},{"type":"Feature","properties":{"name":null,"kind":"service"},"geometry":{"type":"LineString","coordinates":[[121.4214158,25.031998699999995],[121.42144740000002,25.031947299999995]]}},{"type":"Feature","properties":{"name":null,"kind":"service"},"geometry":{"type":"LineString","coordinates":[[121.42223509999998,25.032160899999997],[121.42211080000001,25.031945299999997]]}},{"type":"Feature","properties":{"name":null,"kind":"service"},"geometry":{"type":"LineString","coordinates":[[121.4213366,25.032118100000005],[121.4214158,25.031998699999995]]}},{"type":"Feature","properties":{"name":null,"kind":"residential"},"geometry":{"type":"LineString","coordinates":[[121.4197182,25.032082999999997],[121.41987920000001,25.0322209]]}},{"type":"Feature","properties":{"name":null,"kind":"service"},"geometry":{"type":"LineString","coordinates":[[121.4212691,25.032226799999997],[121.4213366,25.032118100000005]]}},{"type":"Feature","properties":{"name":"明志路三段","kind":"secondary"},"geometry":{"type":"LineString","coordinates":[[121.42099650000002,25.032308000000004],[121.4210182,25.0321454]]}},{"type":"Feature","properties":{"name":"新北大道七段","kind":"primary"},"geometry":{"type":"LineString","coordinates":[[121.42099650000002,25.032308000000004],[121.4204026,25.032215],[121.4182772,25.032185200000004]]}},{"type":"Feature","properties":{"name":null,"kind":"service"},"geometry":{"type":"LineString","coordinates":[[121.42050020000002,25.032448999999996],[121.4204026,25.032215]]}},{"type":"Feature","properties":{"name":null,"kind":"service"},"geometry":{"type":"LineString","coordinates":[[121.42050020000002,25.032448999999996],[121.42097070000001,25.032501500000002]]}},{"type":"Feature","properties":{"name":"新北大道七段32巷","kind":"service"},"geometry":{"type":"LineString","coordinates":[[121.41987920000001,25.0322209],[121.4197156,25.032792299999993]]}},{"type":"Feature","properties":{"name":null,"kind":"service"},"geometry":{"type":"LineString","coordinates":[[121.4211311,25.0327371],[121.42115630000002,25.032518999999994],[121.421372,25.032513000000005],[121.4215359,25.032584600000003],[121.42158640000001,25.032695899999997]]}},{"type":"Feature","properties":{"name":"新北大道六段","kind":"primary"},"geometry":{"type":"LineString","coordinates":[[121.42218409999998,25.032941699999995],[121.421518,25.032522099999998],[121.42099650000002,25.032308000000004]]}},{"type":"Feature","properties":{"name":null,"kind":"service"},"geometry":{"type":"LineString","coordinates":[[121.4209558,25.032631499999997],[121.4211418,25.032645299999995]]}},{"type":"Feature","properties":{"name":null,"kind":"service"},"geometry":{"type":"LineString","coordinates":[[121.42050020000002,25.032448999999996],[121.4201223,25.032698],[121.4200426,25.0330707]]}},{"type":"Feature","properties":{"name":"明志路三段","kind":"secondary"},"geometry":{"type":"LineString","coordinates":[[121.42091720000002,25.033548899999996],[121.42099650000002,25.032308000000004]]}},{"type":"Feature","properties":{"name":"貴陽街","kind":"residential"},"geometry":{"type":"LineString","coordinates":[[121.42135059999998,25.0333412],[121.42218409999998,25.032941699999995]]}},{"type":"Feature","properties":{"name":null,"kind":"steps"},"geometry":{"type":"LineString","coordinates":[[121.42217599999998,25.033210799999992],[121.4222589,25.033173499999997],[121.42223650000001,25.033132700000003],[121.4221536,25.033170099999996],[121.42217599999998,25.033210799999992]]}},{"type":"Feature","properties":{"name":null,"kind":"service"},"geometry":{"type":"LineString","coordinates":[[121.41934139999998,25.0332824],[121.4192712,25.033138699999995]]}},{"type":"Feature","properties":{"name":null,"kind":"service"},"geometry":{"type":"LineString","coordinates":[[121.4195383,25.033600199999995],[121.419501,25.033369500000003],[121.41934139999998,25.0332824]]}},{"type":"Feature","properties":{"name":"貴陽街","kind":"residential"},"geometry":{"type":"LineString","coordinates":[[121.42091720000002,25.033548899999996],[121.42135059999998,25.0333412]]}},{"type":"Feature","properties":{"name":"明志路三段432巷","kind":"service"},"geometry":{"type":"LineString","coordinates":[[121.4209,25.033119199999994],[121.4200426,25.0330707],[121.4198923,25.0334605],[121.4185512,25.0339254],[121.4185166,25.0338506]]}},{"type":"Feature","properties":{"name":"貴陽街23巷","kind":"construction"},"geometry":{"type":"LineString","coordinates":[[121.42188229999998,25.0330863],[121.42235440000002,25.033962900000002]]}},{"type":"Feature","properties":{"name":null,"kind":"service"},"geometry":{"type":"LineString","coordinates":[[121.4216,25.033750499999993],[121.42135059999998,25.0333412]]}},{"type":"Feature","properties":{"name":"明志路三段407巷","kind":"service"},"geometry":{"type":"LineString","coordinates":[[121.42117659999998,25.0340225],[121.42163079999999,25.03381]]}},{"type":"Feature","properties":{"name":null,"kind":"service"},"geometry":{"type":"LineString","coordinates":[[121.4207461,25.034940299999995],[121.41994670000001,25.0336586]]}},{"type":"Feature","properties":{"name":null,"kind":"service"},"geometry":{"type":"LineString","coordinates":[[121.42033860000001,25.034287100000004],[121.418975,25.035204000000004]]}},{"type":"Feature","properties":{"name":null,"kind":"service"},"geometry":{"type":"LineString","coordinates":[[121.42153900000001,25.034588999999997],[121.4208773,25.034959599999993]]}},{"type":"Feature","properties":{"name":null,"kind":"service"},"geometry":{"type":"LineString","coordinates":[[121.4207722,25.034927599999996],[121.42088969999999,25.034984699999995],[121.4208445,25.0350784],[121.42071779999999,25.0350375],[121.4207722,25.034927599999996]]}},{"type":"Feature","properties":{"name":"明志路三段352巷","kind":"service"},"geometry":{"type":"LineString","coordinates":[[121.42162530000002,25.0353732],[121.4218665,25.035109899999995]]}},{"type":"Feature","properties":{"name":null,"kind":"service"},"geometry":{"type":"LineString","coordinates":[[121.42071779999999,25.0350375],[121.4192044,25.035870699999997],[121.41963890000001,25.036610199999995]]}},{"type":"Feature","properties":{"name":"新北大道七段42巷","kind":"service"},"geometry":{"type":"LineString","coordinates":[[121.41935179999999,25.032222],[121.41913519999999,25.0326895]]}},{"type":"Feature","properties":{"name":null,"kind":"service"},"geometry":{"type":"LineString","coordinates":[[121.41913519999999,25.0326895],[121.41922310000001,25.0328206]]}},{"type":"Feature","properties":{"name":null,"kind":"living_street"},"geometry":{"type":"LineString","coordinates":[[121.41934139999998,25.0332824],[121.4189904,25.033154399999997],[121.4189926,25.0328698],[121.41913519999999,25.0326895]]}},{"type":"Feature","properties":{"name":null,"kind":"service"},"geometry":{"type":"LineString","coordinates":[[121.418441,25.034464999999997],[121.41815290000001,25.034596100000005]]}},{"type":"Feature","properties":{"name":null,"kind":"service"},"geometry":{"type":"LineString","coordinates":[[121.4193835,25.0357694],[121.418441,25.034464999999997]]}},{"type":"Feature","properties":{"name":null,"kind":"service"},"geometry":{"type":"LineString","coordinates":[[121.4180645,25.0370759],[121.4187822,25.0366534]]}},{"type":"Feature","properties":{"name":null,"kind":"service"},"geometry":{"type":"LineString","coordinates":[[121.4211905,25.039682399999997],[121.4187822,25.0366534],[121.4170748,25.034641399999995],[121.4164552,25.035116499999997],[121.42037610000001,25.0398934]]}},{"type":"Feature","properties":{"name":null,"kind":"service"},"geometry":{"type":"LineString","coordinates":[[121.42273610000001,25.0364415],[121.423146,25.0362292]]}},{"type":"Feature","properties":{"name":"漢口街","kind":"service"},"geometry":{"type":"LineString","coordinates":[[121.42390199999998,25.036396299999996],[121.4240153,25.036341299999997]]}},{"type":"Feature","properties":{"name":"明志路三段","kind":"secondary"},"geometry":{"type":"LineString","coordinates":[[121.42442489999999,25.039211],[121.42091720000002,25.033548899999996]]}},{"type":"Feature","properties":{"name":"7-11","kind":"construction"},"geometry":{"type":"LineString","coordinates":[[121.42235440000002,25.033962900000002],[121.42537740000002,25.0388066]]}},{"type":"Feature","properties":{"name":"漢口街","kind":"service"},"geometry":{"type":"LineString","coordinates":[[121.42298560000002,25.0368473],[121.42390199999998,25.036396299999996]]}},{"type":"Feature","properties":{"name":"漢口街11巷","kind":"service"},"geometry":{"type":"LineString","coordinates":[[121.4243581,25.037218999999997],[121.42384670000001,25.036423499999998]]}},{"type":"Feature","properties":{"name":"漢口街9巷","kind":"service"},"geometry":{"type":"LineString","coordinates":[[121.42421100000001,25.0376104],[121.4235579,25.0365641]]}},{"type":"Feature","properties":{"name":null,"kind":"footway"},"geometry":{"type":"LineString","coordinates":[[121.42406279999999,25.0373743],[121.4243581,25.037218999999997]]}},{"type":"Feature","properties":{"name":null,"kind":"footway"},"geometry":{"type":"LineString","coordinates":[[121.4241428,25.037498799999998],[121.42427240000002,25.037429599999996]]}},{"type":"Feature","properties":{"name":"便道","kind":"unclassified"},"geometry":{"type":"LineString","coordinates":[[121.42507560000001,25.037794099999992],[121.4254806,25.037206199999996]]}},{"type":"Feature","properties":{"name":null,"kind":"service"},"geometry":{"type":"LineString","coordinates":[[121.4208445,25.0350784],[121.4214946,25.036133899999996],[121.42011419999999,25.0368452],[121.41987410000002,25.036862600000003],[121.41963890000001,25.036610199999995]]}},{"type":"Feature","properties":{"name":null,"kind":"service"},"geometry":{"type":"LineString","coordinates":[[121.4214946,25.036133899999996],[121.42255120000002,25.0377653],[121.4221956,25.037977899999998],[121.4218487,25.0379198],[121.4210894,25.0380162],[121.4206915,25.037371799999992]]}},{"type":"Feature","properties":{"name":null,"kind":"service"},"geometry":{"type":"LineString","coordinates":[[121.41944890000002,25.0374848],[121.4193632,25.037545799999997]]}},{"type":"Feature","properties":{"name":null,"kind":"service"},"geometry":{"type":"LineString","coordinates":[[121.4213654,25.0398424],[121.4218835,25.0395424],[121.42148080000001,25.038929199999995],[121.42181980000001,25.0387293],[121.4220485,25.038962499999997]]}},{"type":"Feature","properties":{"name":null,"kind":"service"},"geometry":{"type":"LineString","coordinates":[[121.42102950000002,25.039648399999997],[121.4206669,25.039254799999995]]}},{"type":"Feature","properties":{"name":null,"kind":"service"},"geometry":{"type":"LineString","coordinates":[[121.4212755,25.039746500000003],[121.421343,25.0397032]]}},{"type":"Feature","properties":{"name":null,"kind":"steps"},"geometry":{"type":"LineString","coordinates":[[121.421311,25.039795599999994],[121.42137670000001,25.0397555]]}},{"type":"Feature","properties":{"name":null,"kind":"footway"},"geometry":{"type":"LineString","coordinates":[[121.42116250000001,25.039887200000003],[121.421311,25.039795599999994]]}},{"type":"Feature","properties":{"name":"明志路三段196巷42弄","kind":"service"},"geometry":{"type":"LineString","coordinates":[[121.4221019,25.039730799999994],[121.4223504,25.040069299999995]]}},{"type":"Feature","properties":{"name":null,"kind":"steps"},"geometry":{"type":"LineString","coordinates":[[121.4212145,25.039951099999996],[121.42116250000001,25.039887200000003]]}},{"type":"Feature","properties":{"name":"新北大道六段313巷13弄","kind":"service"},"geometry":{"type":"LineString","coordinates":[[121.4246783,25.033844899999995],[121.42431290000002,25.033275899999992]]}},{"type":"Feature","properties":{"name":null,"kind":"service"},"geometry":{"type":"LineString","coordinates":[[121.42284610000002,25.033582600000006],[121.42242100000001,25.033779500000005]]}},{"type":"Feature","properties":{"name":"新北大道六段291巷","kind":"service"},"geometry":{"type":"LineString","coordinates":[[121.4241739,25.0340908],[121.4246783,25.033844899999995]]}},{"type":"Feature","properties":{"name":"明志路三段351巷","kind":"construction"},"geometry":{"type":"LineString","coordinates":[[121.4228728,25.0347779],[121.4240235,25.034171899999997]]}},{"type":"Feature","properties":{"name":"明志路三段351巷","kind":"service"},"geometry":{"type":"LineString","coordinates":[[121.4219633,25.035246099999995],[121.4228728,25.0347779]]}},{"type":"Feature","properties":{"name":"15M-6","kind":"construction"},"geometry":{"type":"LineString","coordinates":[[121.424434,25.0356724],[121.4234649,25.0344727]]}},{"type":"Feature","properties":{"name":"明志路三段341巷","kind":"service"},"geometry":{"type":"LineString","coordinates":[[121.4220816,25.035412599999994],[121.42295329999999,25.0349884]]}},{"type":"Feature","properties":{"name":"7-13","kind":"construction"},"geometry":{"type":"LineString","coordinates":[[121.4269944,25.034351100000006],[121.4236765,25.036041599999997]]}},{"type":"Feature","properties":{"name":"明志路三段341巷5弄","kind":"service"},"geometry":{"type":"LineString","coordinates":[[121.42334930000001,25.035630600000005],[121.42282570000002,25.0348019]]}},{"type":"Feature","properties":{"name":"明志路三段341巷3弄","kind":"service"},"geometry":{"type":"LineString","coordinates":[[121.42256989999998,25.034933699999996],[121.4230846,25.0357632]]}},{"type":"Feature","properties":{"name":"7-9","kind":"construction"},"geometry":{"type":"LineString","coordinates":[[121.42859520000002,25.036207299999997],[121.42608289999998,25.033158199999995]]}},{"type":"Feature","properties":{"name":"8M-1","kind":"construction"},"geometry":{"type":"LineString","coordinates":[[121.4285119,25.0347411],[121.42779660000001,25.035297799999995]]}},{"type":"Feature","properties":{"name":"漢口街","kind":"residential"},"geometry":{"type":"LineString","coordinates":[[121.42561930000001,25.035544600000005],[121.4272901,25.034680100000003]]}},{"type":"Feature","properties":{"name":"12M-1","kind":"construction"},"geometry":{"type":"LineString","coordinates":[[121.4284283,25.037296799999993],[121.42790510000002,25.0365504],[121.42518330000001,25.033598499999997]]}},{"type":"Feature","properties":{"name":"台麗街","kind":"unclassified"},"geometry":{"type":"LineString","coordinates":[[121.42852650000002,25.035984999999993],[121.42866070000001,25.0361747],[121.42859520000002,25.036207299999997]]}},{"type":"Feature","properties":{"name":"明志路三段341巷1弄","kind":"service"},"geometry":{"type":"LineString","coordinates":[[121.42240810000001,25.0352511],[121.4228118,25.035900199999993]]}},{"type":"Feature","properties":{"name":"漢口街","kind":"service"},"geometry":{"type":"LineString","coordinates":[[121.4251604,25.035774599999993],[121.42561930000001,25.035544600000005]]}},{"type":"Feature","properties":{"name":null,"kind":"service"},"geometry":{"type":"LineString","coordinates":[[121.4231983,25.0357058],[121.42334930000001,25.035630600000005]]}},{"type":"Feature","properties":{"name":null,"kind":"service"},"geometry":{"type":"LineString","coordinates":[[121.42250950000002,25.036058300000004],[121.4231983,25.0357058]]}},{"type":"Feature","properties":{"name":null,"kind":"track"},"geometry":{"type":"LineString","coordinates":[[121.4246588,25.036026],[121.4251604,25.035774599999993]]}},{"type":"Feature","properties":{"name":"漢口街22巷","kind":"service"},"geometry":{"type":"LineString","coordinates":[[121.42334930000001,25.035630600000005],[121.42384670000001,25.036423499999998]]}},{"type":"Feature","properties":{"name":null,"kind":"track"},"geometry":{"type":"LineString","coordinates":[[121.4246,25.03605539999999],[121.4246588,25.036026]]}},{"type":"Feature","properties":{"name":"漢口街","kind":"service"},"geometry":{"type":"LineString","coordinates":[[121.4240153,25.036341299999997],[121.42451940000001,25.035988899999992],[121.4251604,25.035774599999993]]}},{"type":"Feature","properties":{"name":"新北大道六段","kind":"primary"},"geometry":{"type":"LineString","coordinates":[[121.4210182,25.0321454],[121.42161549999999,25.032372499999997],[121.4241739,25.0340908],[121.42488730000001,25.034658599999993],[121.42664650000002,25.036331399999998],[121.4295144,25.0400397]]}},{"type":"Feature","properties":{"name":null,"kind":"track"},"geometry":{"type":"LineString","coordinates":[[121.4240153,25.036341299999997],[121.4246,25.03605539999999]]}},{"type":"Feature","properties":{"name":"8-10","kind":"construction"},"geometry":{"type":"LineString","coordinates":[[121.42779660000001,25.035297799999995],[121.426419,25.036101200000004]]}},{"type":"Feature","properties":{"name":"10M-26","kind":"construction"},"geometry":{"type":"LineString","coordinates":[[121.42852650000002,25.035984999999993],[121.42712300000001,25.036939299999997]]}},{"type":"Feature","properties":{"name":"台麗街","kind":"unclassified"},"geometry":{"type":"LineString","coordinates":[[121.42859520000002,25.036207299999997],[121.4275613,25.0367214]]}},{"type":"Feature","properties":{"name":"新北大道六段","kind":"primary"},"geometry":{"type":"LineString","coordinates":[[121.42938049999998,25.0401092],[121.4264118,25.036321],[121.4244378,25.034460099999997],[121.42218409999998,25.032941699999995]]}},{"type":"Feature","properties":{"name":"便道","kind":"unclassified"},"geometry":{"type":"LineString","coordinates":[[121.4275613,25.0367214],[121.42705579999999,25.0368515]]}},{"type":"Feature","properties":{"name":"台麗街","kind":"unclassified"},"geometry":{"type":"LineString","coordinates":[[121.4275613,25.0367214],[121.42712300000001,25.036939299999997]]}},{"type":"Feature","properties":{"name":"便道","kind":"unclassified"},"geometry":{"type":"LineString","coordinates":[[121.42690520000001,25.036886400000004],[121.42705579999999,25.0368515]]}},{"type":"Feature","properties":{"name":"便道","kind":"unclassified"},"geometry":{"type":"LineString","coordinates":[[121.4255708,25.037151],[121.42690520000001,25.036886400000004]]}},{"type":"Feature","properties":{"name":"便道","kind":"unclassified"},"geometry":{"type":"LineString","coordinates":[[121.4254806,25.037206199999996],[121.4255708,25.037151]]}},{"type":"Feature","properties":{"name":"台麗街","kind":"construction"},"geometry":{"type":"LineString","coordinates":[[121.42592560000001,25.0375222],[121.42712300000001,25.036939299999997]]}},{"type":"Feature","properties":{"name":"機車便道","kind":"service"},"geometry":{"type":"LineString","coordinates":[[121.42891620000002,25.0368727],[121.42849020000001,25.0362595]]}},{"type":"Feature","properties":{"name":"機車便道","kind":"service"},"geometry":{"type":"LineString","coordinates":[[121.4298216,25.0381852],[121.42954449999999,25.037972700000005],[121.42918119999999,25.037476499999997],[121.42891620000002,25.0368727]]}},{"type":"Feature","properties":{"name":"魔鬼巷","kind":"construction"},"geometry":{"type":"LineString","coordinates":[[121.42859520000002,25.036207299999997],[121.42970740000001,25.037637000000004],[121.4308513,25.0393725]]}},{"type":"Feature","properties":{"name":"新北大道六段79巷","kind":"construction"},"geometry":{"type":"LineString","coordinates":[[121.42833180000001,25.038510400000003],[121.42987060000002,25.037696299999997]]}},{"type":"Feature","properties":{"name":"機車便道","kind":"service"},"geometry":{"type":"LineString","coordinates":[[121.4307048,25.03944729999999],[121.4298216,25.0381852]]}},{"type":"Feature","properties":{"name":null,"kind":"service"},"geometry":{"type":"LineString","coordinates":[[121.4313014,25.0396308],[121.43125490000001,25.039432400000003]]}},{"type":"Feature","properties":{"name":null,"kind":"footway"},"geometry":{"type":"LineString","coordinates":[[121.4238679,25.037498499999998],[121.4240074,25.037717699999998]]}},{"type":"Feature","properties":{"name":"明志路三段231巷","kind":"service"},"geometry":{"type":"LineString","coordinates":[[121.42365500000001,25.037902],[121.42421100000001,25.0376104]]}},{"type":"Feature","properties":{"name":"台麗街","kind":"construction"},"geometry":{"type":"LineString","coordinates":[[121.4258468,25.037560299999992],[121.4248948,25.038021199999992]]}},{"type":"Feature","properties":{"name":"台麗街16巷","kind":"service"},"geometry":{"type":"LineString","coordinates":[[121.4246605,25.0381342],[121.42431,25.037555399999995],[121.42421100000001,25.0376104]]}},{"type":"Feature","properties":{"name":"便道","kind":"unclassified"},"geometry":{"type":"LineString","coordinates":[[121.4248948,25.038021199999992],[121.42507560000001,25.037794099999992]]}},{"type":"Feature","properties":{"name":"台麗街6巷","kind":"service"},"geometry":{"type":"LineString","coordinates":[[121.4243566,25.038280799999995],[121.4240074,25.037717699999998]]}},{"type":"Feature","properties":{"name":"台麗街","kind":"unclassified"},"geometry":{"type":"LineString","coordinates":[[121.4248948,25.038021199999992],[121.42399880000002,25.038449799999995]]}},{"type":"Feature","properties":{"name":"明志路三段204巷","kind":"service"},"geometry":{"type":"LineString","coordinates":[[121.42399880000002,25.038449799999995],[121.4238732,25.0383864],[121.42337980000002,25.038406599999995],[121.42241719999998,25.0381801],[121.42177120000001,25.038347799999997]]}},{"type":"Feature","properties":{"name":"台麗街11巷","kind":"footway"},"geometry":{"type":"LineString","coordinates":[[121.424624,25.03866],[121.4243566,25.038280799999995]]}},{"type":"Feature","properties":{"name":"明志路三段196巷23弄","kind":"service"},"geometry":{"type":"LineString","coordinates":[[121.42300549999999,25.038728900000002],[121.42285340000001,25.038583499999998],[121.42224820000001,25.038476300000003]]}},{"type":"Feature","properties":{"name":"台麗橋","kind":"construction"},"geometry":{"type":"LineString","coordinates":[[121.42592560000001,25.0375222],[121.4258468,25.037560299999992]]}},{"type":"Feature","properties":{"name":"7-10","kind":"construction"},"geometry":{"type":"LineString","coordinates":[[121.4291402,25.036914899999992],[121.42537740000002,25.0388066]]}},{"type":"Feature","properties":{"name":"便道","kind":"service"},"geometry":{"type":"LineString","coordinates":[[121.425993,25.0396237],[121.42501980000002,25.037878799999998]]}},{"type":"Feature","properties":{"name":"明志路三段145巷","kind":"construction"},"geometry":{"type":"LineString","coordinates":[[121.4270047,25.039142300000005],[121.42833180000001,25.038510400000003]]}},{"type":"Feature","properties":{"name":"30M-1","kind":"construction"},"geometry":{"type":"LineString","coordinates":[[121.4259906,25.037490699999996],[121.4275908,25.039997499999995],[121.42830790000001,25.040640499999995]]}},{"type":"Feature","properties":{"name":null,"kind":"service"},"geometry":{"type":"LineString","coordinates":[[121.42661440000002,25.0391506],[121.4265809,25.039017299999994]]}},{"type":"Feature","properties":{"name":"30M-1","kind":"construction"},"geometry":{"type":"LineString","coordinates":[[121.42812540000001,25.0407299],[121.42742450000001,25.040095],[121.4258174,25.037574500000005]]}},{"type":"Feature","properties":{"name":"明志路三段145巷","kind":"construction"},"geometry":{"type":"LineString","coordinates":[[121.4268726,25.039205099999993],[121.4270047,25.039142300000005]]}},{"type":"Feature","properties":{"name":null,"kind":"service"},"geometry":{"type":"LineString","coordinates":[[121.42666820000001,25.0392366],[121.42661440000002,25.0391506]]}},{"type":"Feature","properties":{"name":null,"kind":"service"},"geometry":{"type":"LineString","coordinates":[[121.42669990000002,25.039287299999998],[121.42666820000001,25.0392366]]}},{"type":"Feature","properties":{"name":"明志路三段204巷10弄","kind":"service"},"geometry":{"type":"LineString","coordinates":[[121.42337980000002,25.038406599999995],[121.4232085,25.0385933],[121.42273940000001,25.038845799999997],[121.42195440000002,25.038619299999993]]}},{"type":"Feature","properties":{"name":null,"kind":"footway"},"geometry":{"type":"LineString","coordinates":[[121.424185,25.038767099999998],[121.4243759,25.0386709]]}},{"type":"Feature","properties":{"name":null,"kind":"service"},"geometry":{"type":"LineString","coordinates":[[121.42519110000002,25.039278000000003],[121.4245916,25.038167399999992]]}},{"type":"Feature","properties":{"name":"明志路三段196巷","kind":"service"},"geometry":{"type":"LineString","coordinates":[[121.4235706,25.0390137],[121.42379930000001,25.038851700000002],[121.4240447,25.0385224]]}},{"type":"Feature","properties":{"name":"明志路三段196巷7弄","kind":"service"},"geometry":{"type":"LineString","coordinates":[[121.4235706,25.0390137],[121.4232085,25.0385933]]}},{"type":"Feature","properties":{"name":"明志路三段163巷6弄","kind":"footway"},"geometry":{"type":"LineString","coordinates":[[121.4250236,25.039347899999992],[121.424624,25.03866]]}},{"type":"Feature","properties":{"name":"明志路三段196巷21弄","kind":"service"},"geometry":{"type":"LineString","coordinates":[[121.42327690000002,25.0392264],[121.4228625,25.0388145]]}},{"type":"Feature","properties":{"name":"明志路三段196巷23弄","kind":"service"},"geometry":{"type":"LineString","coordinates":[[121.4231209,25.039342399999995],[121.42274980000002,25.0389481],[121.42273940000001,25.038845799999997]]}},{"type":"Feature","properties":{"name":"明志路三段196巷7弄","kind":"service"},"geometry":{"type":"LineString","coordinates":[[121.4235706,25.0390137],[121.42371380000002,25.039171]]}},{"type":"Feature","properties":{"name":"明志路三段182巷","kind":"service"},"geometry":{"type":"LineString","coordinates":[[121.4242256,25.038841399999992],[121.42265389999999,25.039870499999996]]}},{"type":"Feature","properties":{"name":"明志路三段163巷","kind":"service"},"geometry":{"type":"LineString","coordinates":[[121.4245939,25.039527099999997],[121.42519110000002,25.039278000000003]]}},{"type":"Feature","properties":{"name":"明志路三段196巷","kind":"service"},"geometry":{"type":"LineString","coordinates":[[121.42145020000001,25.039928700000004],[121.4226207,25.039608600000005],[121.4235706,25.0390137]]}},{"type":"Feature","properties":{"name":null,"kind":"footway"},"geometry":{"type":"LineString","coordinates":[[121.42400009999999,25.039510700000005],[121.42394090000002,25.039440000000003]]}},{"type":"Feature","properties":{"name":"明志路三段145巷4弄","kind":"service"},"geometry":{"type":"LineString","coordinates":[[121.4255192,25.039849],[121.42522080000002,25.039319199999998]]}},{"type":"Feature","properties":{"name":"明志路三段145巷2弄","kind":"service"},"geometry":{"type":"LineString","coordinates":[[121.42533930000002,25.0399346],[121.4250236,25.039347899999992]]}},{"type":"Feature","properties":{"name":null,"kind":"footway"},"geometry":{"type":"LineString","coordinates":[[121.42357970000002,25.0396973],[121.4236093,25.039730799999994]]}},{"type":"Feature","properties":{"name":null,"kind":"footway"},"geometry":{"type":"LineString","coordinates":[[121.4243795,25.0391269],[121.42257940000002,25.040409600000004],[121.4218968,25.040348899999998],[121.42139520000002,25.0398251]]}},{"type":"Feature","properties":{"name":null,"kind":"footway"},"geometry":{"type":"LineString","coordinates":[[121.42358970000001,25.039800899999996],[121.4235595,25.039766199999995]]}},{"type":"Feature","properties":{"name":null,"kind":"footway"},"geometry":{"type":"LineString","coordinates":[[121.42334629999999,25.0398634],[121.4234067,25.039930299999998]]}},{"type":"Feature","properties":{"name":"工專路","kind":"unclassified"},"geometry":{"type":"LineString","coordinates":[[121.4244013,25.0391672],[121.4223369,25.040636099999997]]}},{"type":"Feature","properties":{"name":"明志路三段145巷","kind":"service"},"geometry":{"type":"LineString","coordinates":[[121.4249087,25.0401383],[121.42584430000001,25.03969439999999]]}},{"type":"Feature","properties":{"name":null,"kind":"footway"},"geometry":{"type":"LineString","coordinates":[[121.42442489999999,25.039211],[121.42240999999999,25.040633]]}},{"type":"Feature","properties":{"name":null,"kind":"footway"},"geometry":{"type":"LineString","coordinates":[[121.42326730000002,25.039919799999996],[121.42329580000002,25.0399538]]}},{"type":"Feature","properties":{"name":null,"kind":"footway"},"geometry":{"type":"LineString","coordinates":[[121.423186,25.040031899999995],[121.42315859999998,25.039997099999997]]}},{"type":"Feature","properties":{"name":"工專路49巷","kind":"service"},"geometry":{"type":"LineString","coordinates":[[121.42265389999999,25.039870499999996],[121.4229399,25.040206999999995]]}},{"type":"Feature","properties":{"name":null,"kind":"footway"},"geometry":{"type":"LineString","coordinates":[[121.4229556,25.0401958],[121.42298450000001,25.040228900000002]]}},{"type":"Feature","properties":{"name":"明志路三段142巷","kind":"service"},"geometry":{"type":"LineString","coordinates":[[121.4247389,25.0398007],[121.4242624,25.040040799999996],[121.4241061,25.040199099999995],[121.4241581,25.040634899999997]]}},{"type":"Feature","properties":{"name":"明志路三段196巷42弄","kind":"service"},"geometry":{"type":"LineString","coordinates":[[121.4223504,25.040069299999995],[121.4226379,25.040421899999995]]}},{"type":"Feature","properties":{"name":null,"kind":"footway"},"geometry":{"type":"LineString","coordinates":[[121.42281370000002,25.0402968],[121.4227848,25.040263299999996]]}},{"type":"Feature","properties":{"name":"工專路62巷","kind":"service"},"geometry":{"type":"LineString","coordinates":[[121.42285270000002,25.0402691],[121.4230824,25.04053109999999]]}},{"type":"Feature","properties":{"name":"明志路三段145巷8弄","kind":"service"},"geometry":{"type":"LineString","coordinates":[[121.42584430000001,25.03969439999999],[121.42546660000001,25.039055600000005]]}},{"type":"Feature","properties":{"name":"明志路三段145巷","kind":"service"},"geometry":{"type":"LineString","coordinates":[[121.42584430000001,25.03969439999999],[121.4268726,25.039205099999993]]}},{"type":"Feature","properties":{"name":"明志路三段145巷6弄","kind":"service"},"geometry":{"type":"LineString","coordinates":[[121.42567480000001,25.039774999999995],[121.42538670000002,25.039253399999993]]}},{"type":"Feature","properties":{"name":null,"kind":"service"},"geometry":{"type":"LineString","coordinates":[[121.4260601,25.039740300000002],[121.425993,25.0396237]]}},{"type":"Feature","properties":{"name":null,"kind":"service"},"geometry":{"type":"LineString","coordinates":[[121.4266524,25.039309899999996],[121.4271123,25.040094100000008]]}},{"type":"Feature","properties":{"name":"10M-28","kind":"construction"},"geometry":{"type":"LineString","coordinates":[[121.4275908,25.039997499999995],[121.42811820000001,25.039731499999995]]}},{"type":"Feature","properties":{"name":null,"kind":"construction"},"geometry":{"type":"LineString","coordinates":[[121.42537740000002,25.0388066],[121.4261316,25.0401691],[121.4264294,25.0410026],[121.42716260000002,25.0406432]]}},{"type":"Feature","properties":{"name":"8-2","kind":"construction"},"geometry":{"type":"LineString","coordinates":[[121.42742429999998,25.041081500000004],[121.42642990000002,25.0394157]]}},{"type":"Feature","properties":{"name":"明志路三段145巷5弄","kind":"service"},"geometry":{"type":"LineString","coordinates":[[121.4258193,25.0407871],[121.42533930000002,25.0399346]]}},{"type":"Feature","properties":{"name":"貴子橋","kind":"tertiary"},"geometry":{"type":"LineString","coordinates":[[121.4282719,25.0406581],[121.42816260000001,25.040711600000005]]}},{"type":"Feature","properties":{"name":null,"kind":"service"},"geometry":{"type":"LineString","coordinates":[[121.4307949,25.039593099999998],[121.43076809999998,25.039570299999998]]}},{"type":"Feature","properties":{"name":null,"kind":"service"},"geometry":{"type":"LineString","coordinates":[[121.430689,25.0398067],[121.43076809999998,25.039570299999998],[121.4307048,25.03944729999999]]}},{"type":"Feature","properties":{"name":"貴子路","kind":"tertiary"},"geometry":{"type":"LineString","coordinates":[[121.4309149,25.03934],[121.4295144,25.0400397]]}},{"type":"Feature","properties":{"name":"貴子路67巷3弄","kind":"service"},"geometry":{"type":"LineString","coordinates":[[121.43054330000001,25.039919499999993],[121.43027810000001,25.0400476]]}},{"type":"Feature","properties":{"name":"貴子路","kind":"tertiary"},"geometry":{"type":"LineString","coordinates":[[121.4295144,25.0400397],[121.42938049999998,25.0401092]]}},{"type":"Feature","properties":{"name":"貴子路67巷7弄","kind":"service"},"geometry":{"type":"LineString","coordinates":[[121.43067310000002,25.0401705],[121.43032910000001,25.0403198]]}},{"type":"Feature","properties":{"name":"貴子路","kind":"tertiary"},"geometry":{"type":"LineString","coordinates":[[121.42938049999998,25.0401092],[121.4282719,25.0406581]]}},{"type":"Feature","properties":{"name":"貴子路67巷11弄","kind":"service"},"geometry":{"type":"LineString","coordinates":[[121.4307909,25.0403924],[121.43041489999999,25.040550599999996]]}},{"type":"Feature","properties":{"name":"貴子路67巷","kind":"service"},"geometry":{"type":"LineString","coordinates":[[121.4313075,25.0414208],[121.43037949999999,25.0396131]]}},{"type":"Feature","properties":{"name":"貴子路67巷4弄","kind":"service"},"geometry":{"type":"LineString","coordinates":[[121.43090790000001,25.040617999999995],[121.4311686,25.0404777]]}},{"type":"Feature","properties":{"name":"工專路40巷","kind":"residential"},"geometry":{"type":"LineString","coordinates":[[121.423186,25.040031899999995],[121.4237013,25.040840999999993]]}},{"type":"Feature","properties":{"name":null,"kind":"footway"},"geometry":{"type":"LineString","coordinates":[[121.42257940000002,25.040409600000004],[121.4226344,25.040476400000003]]}},{"type":"Feature","properties":{"name":"工專路62巷1弄","kind":"service"},"geometry":{"type":"LineString","coordinates":[[121.4230824,25.04053109999999],[121.42286380000002,25.040684199999998]]}},{"type":"Feature","properties":{"name":"明志路三段116巷","kind":"service"},"geometry":{"type":"LineString","coordinates":[[121.42460460000001,25.040725000000002],[121.42501149999998,25.0405726]]}},{"type":"Feature","properties":{"name":"明志路三段","kind":"secondary"},"geometry":{"type":"LineString","coordinates":[[121.4249288,25.042097399999992],[121.42503360000002,25.0411225],[121.42500210000001,25.04050579999999],[121.4249087,25.0401383],[121.42442489999999,25.039211]]}},{"type":"Feature","properties":{"name":"明志路三段123巷","kind":"service"},"geometry":{"type":"LineString","coordinates":[[121.4250299,25.0407033],[121.4253368,25.040578599999996],[121.4254776,25.040785099999997]]}},{"type":"Feature","properties":{"name":"工專路82巷2弄","kind":"service"},"geometry":{"type":"LineString","coordinates":[[121.4231268,25.0408958],[121.4232688,25.040820299999996]]}},{"type":"Feature","properties":{"name":null,"kind":"service"},"geometry":{"type":"LineString","coordinates":[[121.422654,25.040915100000003],[121.42267430000001,25.0412025]]}},{"type":"Feature","properties":{"name":"工專路82巷","kind":"service"},"geometry":{"type":"LineString","coordinates":[[121.42326680000001,25.041636899999997],[121.4233375,25.041304299999997],[121.4231268,25.0408958],[121.4228568,25.0410042],[121.422654,25.040915100000003],[121.4223825,25.040603699999995]]}},{"type":"Feature","properties":{"name":"工專路40巷","kind":"proposed"},"geometry":{"type":"LineString","coordinates":[[121.4237013,25.040840999999993],[121.42392689999998,25.0416668]]}},{"type":"Feature","properties":{"name":"貴子路67巷17弄","kind":"service"},"geometry":{"type":"LineString","coordinates":[[121.43090790000001,25.040617999999995],[121.4304337,25.0408374]]}},{"type":"Feature","properties":{"name":"貴子路67巷14弄","kind":"service"},"geometry":{"type":"LineString","coordinates":[[121.4310123,25.040828299999998],[121.43121560000002,25.0407256]]}},{"type":"Feature","properties":{"name":"新北大道五段","kind":"primary"},"geometry":{"type":"LineString","coordinates":[[121.4295144,25.0400397],[121.4307172,25.041628699999997]]}},{"type":"Feature","properties":{"name":"新北大道五段","kind":"primary"},"geometry":{"type":"LineString","coordinates":[[121.43061589999999,25.041685],[121.42938049999998,25.0401092]]}},{"type":"Feature","properties":{"name":null,"kind":"footway"},"geometry":{"type":"LineString","coordinates":[[121.4283488,25.040620499999996],[121.42919710000001,25.0412518]]}},{"type":"Feature","properties":{"name":"貴子路67巷23弄","kind":"service"},"geometry":{"type":"LineString","coordinates":[[121.4310123,25.040828299999998],[121.4305866,25.0410439]]}},{"type":"Feature","properties":{"name":"貴子路67巷29弄","kind":"service"},"geometry":{"type":"LineString","coordinates":[[121.43113379999998,25.0410731],[121.43073679999999,25.041254099999996]]}},{"type":"Feature","properties":{"name":"貴子路67巷32弄","kind":"service"},"geometry":{"type":"LineString","coordinates":[[121.43121530000002,25.041237399999996],[121.43147970000001,25.04111679999999]]}},{"type":"Feature","properties":{"name":null,"kind":"service"},"geometry":{"type":"LineString","coordinates":[[121.4312605,25.041327200000005],[121.43109929999999,25.041407399999997]]}},{"type":"Feature","properties":{"name":"領航路","kind":"tertiary"},"geometry":{"type":"LineString","coordinates":[[121.4316913,25.041319099999996],[121.4308254,25.0417551]]}},{"type":"Feature","properties":{"name":"貴子路","kind":"tertiary"},"geometry":{"type":"LineString","coordinates":[[121.42816260000001,25.040711600000005],[121.42806089999999,25.040762199999993]]}},{"type":"Feature","properties":{"name":"便道","kind":"unclassified"},"geometry":{"type":"LineString","coordinates":[[121.4273091,25.0411393],[121.42744110000001,25.0409023],[121.4277364,25.0407323],[121.42806089999999,25.040762199999993]]}},{"type":"Feature","properties":{"name":"貴子路","kind":"construction"},"geometry":{"type":"LineString","coordinates":[[121.42806089999999,25.040762199999993],[121.4273091,25.0411393]]}},{"type":"Feature","properties":{"name":null,"kind":"service"},"geometry":{"type":"LineString","coordinates":[[121.425918,25.041363399999998],[121.4263237,25.0411573]]}},{"type":"Feature","properties":{"name":"貴子路36巷","kind":"service"},"geometry":{"type":"LineString","coordinates":[[121.42595620000002,25.041818299999996],[121.42595650000001,25.041110199999995],[121.4258193,25.0407871]]}},{"type":"Feature","properties":{"name":null,"kind":"service"},"geometry":{"type":"LineString","coordinates":[[121.42592739999999,25.041577599999997],[121.4264233,25.041324899999996]]}},{"type":"Feature","properties":{"name":"貴子路","kind":"tertiary"},"geometry":{"type":"LineString","coordinates":[[121.4273091,25.0411393],[121.42595620000002,25.041818299999996],[121.4249288,25.042097399999992]]}},{"type":"Feature","properties":{"name":"貴子路15巷2弄","kind":"service"},"geometry":{"type":"LineString","coordinates":[[121.42640060000001,25.041966200000005],[121.42670810000001,25.041800900000002]]}},{"type":"Feature","properties":{"name":"10M-29","kind":"construction"},"geometry":{"type":"LineString","coordinates":[[121.42870419999998,25.0426851],[121.4279363,25.041935899999995],[121.42742429999998,25.041081500000004]]}},{"type":"Feature","properties":{"name":"貴子路15巷1弄","kind":"service"},"geometry":{"type":"LineString","coordinates":[[121.42640060000001,25.041966200000005],[121.42600270000001,25.042179999999995]]}},{"type":"Feature","properties":{"name":"領航路","kind":"tertiary"},"geometry":{"type":"LineString","coordinates":[[121.4307675,25.041685999999995],[121.4313075,25.0414208]]}},{"type":"Feature","properties":{"name":"10M-27","kind":"construction"},"geometry":{"type":"LineString","coordinates":[[121.4300248,25.0409311],[121.427028,25.0423686]]}},{"type":"Feature","properties":{"name":null,"kind":"footway"},"geometry":{"type":"LineString","coordinates":[[121.4307172,25.041628699999997],[121.43061589999999,25.041685]]}},{"type":"Feature","properties":{"name":null,"kind":"primary_link"},"geometry":{"type":"LineString","coordinates":[[121.4307172,25.041628699999997],[121.4307096,25.041713799999997]]}},{"type":"Feature","properties":{"name":null,"kind":"primary_link"},"geometry":{"type":"LineString","coordinates":[[121.4307096,25.041713799999997],[121.43061589999999,25.041685]]}},{"type":"Feature","properties":{"name":null,"kind":"primary_link"},"geometry":{"type":"LineString","coordinates":[[121.4308254,25.0417551],[121.4307096,25.041713799999997]]}},{"type":"Feature","properties":{"name":null,"kind":"footway"},"geometry":{"type":"LineString","coordinates":[[121.4309391,25.041869300000005],[121.43080069999999,25.041964599999993]]}},{"type":"Feature","properties":{"name":"豐華路","kind":"construction"},"geometry":{"type":"LineString","coordinates":[[121.4307675,25.041685999999995],[121.4296101,25.042245899999998]]}},{"type":"Feature","properties":{"name":"新北大道五段","kind":"primary"},"geometry":{"type":"LineString","coordinates":[[121.4307172,25.041628699999997],[121.43171400000001,25.042888199999997]]}},{"type":"Feature","properties":{"name":"新北大道五段","kind":"primary"},"geometry":{"type":"LineString","coordinates":[[121.4316664,25.0429675],[121.4307096,25.041713799999997]]}},{"type":"Feature","properties":{"name":"貴子路15巷","kind":"service"},"geometry":{"type":"LineString","coordinates":[[121.4262243,25.041683799999998],[121.4267439,25.042515799999997]]}},{"type":"Feature","properties":{"name":"貴子路15巷4弄","kind":"service"},"geometry":{"type":"LineString","coordinates":[[121.4265603,25.042222499999998],[121.4268489,25.0420694]]}},{"type":"Feature","properties":{"name":null,"kind":"footway"},"geometry":{"type":"LineString","coordinates":[[121.4263415,25.042724299999993],[121.42600270000001,25.042179999999995],[121.42595620000002,25.041818299999996]]}},{"type":"Feature","properties":{"name":"貴子路9巷","kind":"service"},"geometry":{"type":"LineString","coordinates":[[121.42544010000002,25.041967699999994],[121.42559560000001,25.0427031]]}},{"type":"Feature","properties":{"name":"貴子路15巷3弄","kind":"service"},"geometry":{"type":"LineString","coordinates":[[121.4265603,25.042222499999998],[121.4259075,25.0425688]]}},{"type":"Feature","properties":{"name":"貴子路15巷6弄","kind":"service"},"geometry":{"type":"LineString","coordinates":[[121.4267439,25.042515799999997],[121.427028,25.0423686]]}},{"type":"Feature","properties":{"name":"貴子路9巷10弄","kind":"service"},"geometry":{"type":"LineString","coordinates":[[121.42554700000001,25.042473199999996],[121.42579879999998,25.042425399999992]]}},{"type":"Feature","properties":{"name":"中央路11巷","kind":"service"},"geometry":{"type":"LineString","coordinates":[[121.426229,25.0427827],[121.4267439,25.042515799999997]]}},{"type":"Feature","properties":{"name":"中央路36巷","kind":"service"},"geometry":{"type":"LineString","coordinates":[[121.426229,25.0427827],[121.4260074,25.0428975]]}},{"type":"Feature","properties":{"name":"中央路9巷","kind":"service"},"geometry":{"type":"LineString","coordinates":[[121.42635770000001,25.043046899999997],[121.4267725,25.04285189999999]]}},{"type":"Feature","properties":{"name":"明志路三段96巷","kind":"service"},"geometry":{"type":"LineString","coordinates":[[121.4250218,25.041232200000003],[121.4246743,25.041289400000007]]}},{"type":"Feature","properties":{"name":"明志路三段74巷","kind":"service"},"geometry":{"type":"LineString","coordinates":[[121.4229879,25.041572500000004],[121.42326680000001,25.041636899999997]]}},{"type":"Feature","properties":{"name":"明志路三段74巷","kind":"service"},"geometry":{"type":"LineString","coordinates":[[121.42326680000001,25.041636899999997],[121.4237217,25.0416661]]}},{"type":"Feature","properties":{"name":"明志路三段74巷","kind":"service"},"geometry":{"type":"LineString","coordinates":[[121.4237217,25.0416661],[121.42495480000001,25.041764599999997]]}},{"type":"Feature","properties":{"name":null,"kind":"footway"},"geometry":{"type":"LineString","coordinates":[[121.4237217,25.0416661],[121.4236951,25.042438199999996],[121.4235343,25.043006600000002],[121.4233938,25.043112599999997]]}},{"type":"Feature","properties":{"name":"明志路三段42巷","kind":"service"},"geometry":{"type":"LineString","coordinates":[[121.42390790000002,25.042522599999995],[121.42426190000002,25.0424485],[121.42440410000002,25.0423428],[121.42486470000001,25.042563999999995]]}},{"type":"Feature","properties":{"name":null,"kind":"service"},"geometry":{"type":"LineString","coordinates":[[121.42354710000001,25.043452099999996],[121.42322659999999,25.042684200000004],[121.42326680000001,25.041636899999997]]}},{"type":"Feature","properties":{"name":"明志路三段43巷","kind":"service"},"geometry":{"type":"LineString","coordinates":[[121.42486470000001,25.042563999999995],[121.42559560000001,25.0427031]]}},{"type":"Feature","properties":{"name":"明志路三段","kind":"secondary"},"geometry":{"type":"LineString","coordinates":[[121.42492239999999,25.043675099999998],[121.4247942,25.043267399999998],[121.4249288,25.042097399999992]]}},{"type":"Feature","properties":{"name":null,"kind":"steps"},"geometry":{"type":"LineString","coordinates":[[121.4223198,25.043105599999993],[121.4223507,25.0430788]]}},{"type":"Feature","properties":{"name":"新北大道五段","kind":"primary"},"geometry":{"type":"LineString","coordinates":[[121.43161670000002,25.043049299999993],[121.43061589999999,25.041685]]}},{"type":"Feature","properties":{"name":null,"kind":"footway"},"geometry":{"type":"LineString","coordinates":[[121.42866780000001,25.042649599999997],[121.42957800000002,25.042204200000004]]}},{"type":"Feature","properties":{"name":"豐華路","kind":"residential"},"geometry":{"type":"LineString","coordinates":[[121.4296101,25.042245899999998],[121.42870419999998,25.0426851]]}},{"type":"Feature","properties":{"name":null,"kind":"footway"},"geometry":{"type":"LineString","coordinates":[[121.42963540000001,25.0422853],[121.4285894,25.042737899999995]]}},{"type":"Feature","properties":{"name":null,"kind":"construction"},"geometry":{"type":"LineString","coordinates":[[121.4297551,25.042859599999996],[121.43043650000001,25.04252899999999]]}},{"type":"Feature","properties":{"name":"10M-14","kind":"construction"},"geometry":{"type":"LineString","coordinates":[[121.42902520000001,25.043216799999993],[121.4297551,25.042859599999996]]}},{"type":"Feature","properties":{"name":"8-6","kind":"construction"},"geometry":{"type":"LineString","coordinates":[[121.42830790000001,25.040640499999995],[121.4304405,25.042250700000004],[121.43155200000001,25.043515800000005],[121.43165120000002,25.0437734],[121.43168879999999,25.0445024],[121.43165130000001,25.045600899999997]]}},{"type":"Feature","properties":{"name":"8-7","kind":"construction"},"geometry":{"type":"LineString","coordinates":[[121.43128320000001,25.045782700000004],[121.43139650000002,25.0443165],[121.43134559999999,25.043681600000003],[121.4312512,25.0434844],[121.4302677,25.042364299999996],[121.42812540000001,25.0407299]]}},{"type":"Feature","properties":{"name":"新生路","kind":"unclassified"},"geometry":{"type":"LineString","coordinates":[[121.43127119999998,25.043468599999997],[121.431388,25.0433705]]}},{"type":"Feature","properties":{"name":"10M-13","kind":"construction"},"geometry":{"type":"LineString","coordinates":[[121.42812389999999,25.0436562],[121.42902520000001,25.043216799999993]]}},{"type":"Feature","properties":{"name":"明志路三段18巷","kind":"service"},"geometry":{"type":"LineString","coordinates":[[121.424396,25.043136199999996],[121.4248031,25.043178500000003]]}},{"type":"Feature","properties":{"name":"民國街","kind":"service"},"geometry":{"type":"LineString","coordinates":[[121.42492239999999,25.043675099999998],[121.4257247,25.043377900000003],[121.42570890000002,25.0429464],[121.42559560000001,25.0427031]]}},{"type":"Feature","properties":{"name":"民國街6巷","kind":"service"},"geometry":{"type":"LineString","coordinates":[[121.4253079,25.0435249],[121.4251162,25.0431933]]}},{"type":"Feature","properties":{"name":"明志路三段6巷","kind":"service"},"geometry":{"type":"LineString","coordinates":[[121.4248276,25.043500899999994],[121.424119,25.0433976],[121.42401080000002,25.043262199999997]]}},{"type":"Feature","properties":{"name":null,"kind":"service"},"geometry":{"type":"LineString","coordinates":[[121.4226222,25.043374100000005],[121.42258060000002,25.0434272]]}},{"type":"Feature","properties":{"name":null,"kind":"steps"},"geometry":{"type":"LineString","coordinates":[[121.42359619999999,25.043490699999996],[121.42356329999998,25.043526400000005]]}},{"type":"Feature","properties":{"name":null,"kind":"path"},"geometry":{"type":"LineString","coordinates":[[121.42329020000001,25.043392999999995],[121.42345879999999,25.043639600000002]]}},{"type":"Feature","properties":{"name":null,"kind":"path"},"geometry":{"type":"LineString","coordinates":[[121.42356329999998,25.043526400000005],[121.42345879999999,25.043639600000002]]}},{"type":"Feature","properties":{"name":null,"kind":"service"},"geometry":{"type":"LineString","coordinates":[[121.42354710000001,25.043452099999996],[121.4233813,25.043317099999996],[121.4229484,25.043675599999997],[121.4231943,25.0439205]]}},{"type":"Feature","properties":{"name":"應化街","kind":"service"},"geometry":{"type":"LineString","coordinates":[[121.4248629,25.043565799999993],[121.4243948,25.043780599999998],[121.4240908,25.043808499999997],[121.42354710000001,25.043452099999996]]}},{"type":"Feature","properties":{"name":"豐華路","kind":"residential"},"geometry":{"type":"LineString","coordinates":[[121.42870419999998,25.0426851],[121.427521,25.043218299999996]]}},{"type":"Feature","properties":{"name":"民國街16巷","kind":"service"},"geometry":{"type":"LineString","coordinates":[[121.42559890000001,25.0434223],[121.4253335,25.0429333]]}},{"type":"Feature","properties":{"name":"中央路7巷","kind":"service"},"geometry":{"type":"LineString","coordinates":[[121.42691599999999,25.0431265],[121.42647610000002,25.043342200000005]]}},{"type":"Feature","properties":{"name":"中央路5巷","kind":"service"},"geometry":{"type":"LineString","coordinates":[[121.4266119,25.043680799999997],[121.427521,25.043218299999996]]}},{"type":"Feature","properties":{"name":"中央路","kind":"service"},"geometry":{"type":"LineString","coordinates":[[121.42700870000002,25.044427299999995],[121.426229,25.0427827]]}},{"type":"Feature","properties":{"name":null,"kind":"service"},"geometry":{"type":"LineString","coordinates":[[121.4277286,25.043736499999994],[121.4277613,25.043627100000005]]}},{"type":"Feature","properties":{"name":"中央路5巷17弄","kind":"service"},"geometry":{"type":"LineString","coordinates":[[121.4271613,25.0433696],[121.42739610000001,25.0442322]]}},{"type":"Feature","properties":{"name":"中央路14巷","kind":"service"},"geometry":{"type":"LineString","coordinates":[[121.426042,25.043958099999994],[121.4266119,25.043680799999997]]}},{"type":"Feature","properties":{"name":"中央路3巷","kind":"service"},"geometry":{"type":"LineString","coordinates":[[121.4267394,25.0439446],[121.4270568,25.043774099999997]]}},{"type":"Feature","properties":{"name":null,"kind":"service"},"geometry":{"type":"LineString","coordinates":[[121.42796679999998,25.043976899999993],[121.4279315,25.0439929]]}},{"type":"Feature","properties":{"name":"廟埕","kind":"pedestrian"},"geometry":{"type":"LineString","coordinates":[[121.42342280000001,25.0436346],[121.42354010000001,25.043508600000003],[121.4238587,25.043752199999997],[121.4237415,25.043878099999997],[121.42342280000001,25.0436346]]}},{"type":"Feature","properties":{"name":null,"kind":"steps"},"geometry":{"type":"LineString","coordinates":[[121.4238664,25.0437031],[121.42383590000001,25.043735099999996]]}},{"type":"Feature","properties":{"name":null,"kind":"path"},"geometry":{"type":"LineString","coordinates":[[121.42345879999999,25.043639600000002],[121.4237293,25.043849299999998]]}},{"type":"Feature","properties":{"name":null,"kind":"path"},"geometry":{"type":"LineString","coordinates":[[121.4234155,25.0436066],[121.4231943,25.0439205]]}},{"type":"Feature","properties":{"name":null,"kind":"path"},"geometry":{"type":"LineString","coordinates":[[121.42383590000001,25.043735099999996],[121.4237293,25.043849299999998]]}},{"type":"Feature","properties":{"name":null,"kind":"service"},"geometry":{"type":"LineString","coordinates":[[121.42243369999998,25.043903699999998],[121.4224061,25.043775300000004]]}},{"type":"Feature","properties":{"name":"明志路二段377巷","kind":"footway"},"geometry":{"type":"LineString","coordinates":[[121.42501230000002,25.043847599999996],[121.4252631,25.0438318]]}},{"type":"Feature","properties":{"name":null,"kind":"path"},"geometry":{"type":"LineString","coordinates":[[121.4237293,25.043849299999998],[121.42374020000001,25.043970899999994]]}},{"type":"Feature","properties":{"name":null,"kind":"service"},"geometry":{"type":"LineString","coordinates":[[121.42396250000002,25.0437657],[121.42374020000001,25.043970899999994],[121.4236222,25.044230999999993]]}},{"type":"Feature","properties":{"name":null,"kind":"service"},"geometry":{"type":"LineString","coordinates":[[121.42414370000002,25.043806499999988],[121.424101,25.043953899999995],[121.42415870000002,25.044066899999994],[121.42396020000001,25.044222499999997],[121.424101,25.0443986]]}},{"type":"Feature","properties":{"name":"南林路","kind":"tertiary"},"geometry":{"type":"LineString","coordinates":[[121.40695299999999,25.044705599999997],[121.4065379,25.0447145],[121.40476870000002,25.045324099999995],[121.403558,25.045228500000004],[121.4029031,25.045423699999997]]}},{"type":"Feature","properties":{"name":null,"kind":"service"},"geometry":{"type":"LineString","coordinates":[[121.40695299999999,25.044705599999997],[121.40697780000002,25.045473899999998],[121.40615369999999,25.0455114],[121.4059558,25.04505839999999]]}},{"type":"Feature","properties":{"name":null,"kind":"service"},"geometry":{"type":"LineString","coordinates":[[121.4086434,25.044385299999995],[121.4096975,25.0456464],[121.4096377,25.045789400000004],[121.40907530000001,25.0461835]]}},{"type":"Feature","properties":{"name":null,"kind":"service"},"geometry":{"type":"LineString","coordinates":[[121.40697780000002,25.045473899999998],[121.4070924,25.045725199999996]]}},{"type":"Feature","properties":{"name":"南林路","kind":"tertiary"},"geometry":{"type":"LineString","coordinates":[[121.4151779,25.048915599999997],[121.4148921,25.046883999999995],[121.41165820000002,25.043194499999995],[121.4113095,25.042936999999995],[121.41084880000001,25.0428889],[121.4102999,25.04301999999999],[121.4101257,25.043114500000005],[121.40901089999998,25.044224900000003],[121.4079045,25.044689000000005],[121.40695299999999,25.044705599999997]]}},{"type":"Feature","properties":{"name":null,"kind":"service"},"geometry":{"type":"LineString","coordinates":[[121.40927640000001,25.0451434],[121.40732130000002,25.046523],[121.40765740000002,25.046927600000004]]}},{"type":"Feature","properties":{"name":null,"kind":"service"},"geometry":{"type":"LineString","coordinates":[[121.40744580000002,25.046672799999996],[121.4068639,25.0470674]]}},{"type":"Feature","properties":{"name":null,"kind":"service"},"geometry":{"type":"LineString","coordinates":[[121.40853610000002,25.049272],[121.4087997,25.0493363]]}},{"type":"Feature","properties":{"name":"長庚七街","kind":"service"},"geometry":{"type":"LineString","coordinates":[[121.3871098,25.060193],[121.38951220000001,25.0608017],[121.38977230000002,25.060929399999996],[121.38982820000001,25.061032900000004],[121.3897869,25.06128609999999],[121.38958030000002,25.0614402],[121.38834940000001,25.061235399999994],[121.38664889999998,25.0623302],[121.3862521,25.062525299999997],[121.38605320000002,25.062525900000004]]}},{"type":"Feature","properties":{"name":"中山高速公路","kind":"motorway"},"geometry":{"type":"LineString","coordinates":[[121.3741826,25.065775399999996],[121.3758502,25.06592360000001],[121.37654760000001,25.0659216],[121.3776689,25.065787299999997],[121.3806788,25.0648191],[121.38230420000001,25.06444979999999],[121.3834173,25.064442399999997],[121.3862604,25.0648555],[121.38760580000002,25.0649295],[121.3893894,25.0647689],[121.3905969,25.0644897],[121.39125590000002,25.064237200000004],[121.3923389,25.0636352],[121.3937403,25.062505100000003],[121.39560699999998,25.060539800000004],[121.39774079999998,25.057845600000007],[121.39885460000002,25.0568172]]}},{"type":"Feature","properties":{"name":"五股楊梅高架道路","kind":"motorway"},"geometry":{"type":"LineString","coordinates":[[121.3728173,25.065134799999996],[121.37427739999998,25.0652994],[121.37627520000001,25.065905299999997],[121.3774702,25.0661095],[121.3787652,25.06594529999999],[121.38095280000002,25.065161399999997],[121.38236050000002,25.064896799999996],[121.38378209999999,25.0648969],[121.38613430000001,25.065312300000002],[121.3869953,25.06539],[121.3887737,25.0653244],[121.3901859,25.065103299999997],[121.39111389999998,25.064819099999998],[121.3918703,25.0644984],[121.3924121,25.064209299999995],[121.3931819,25.063650400000004],[121.3938471,25.0630697],[121.3955878,25.061262099999997],[121.39724930000001,25.059179000000004]]}},{"type":"Feature","properties":{"name":"五股楊梅高架道路","kind":"motorway"},"geometry":{"type":"LineString","coordinates":[[121.39733080000002,25.0592226],[121.39564950000002,25.0613156],[121.3939892,25.0630284],[121.3932516,25.063694199999993],[121.39247110000001,25.064269999999997],[121.39115409999998,25.064901699999997],[121.3899954,25.065217500000003],[121.3887498,25.0653964],[121.38746480000002,25.0654775],[121.3862886,25.065406999999997],[121.38377670000001,25.064972199999996],[121.38247580000001,25.0649551],[121.3811924,25.065208599999995],[121.37899109999998,25.065999699999995],[121.37775640000001,25.0663085],[121.3767737,25.066445799999997],[121.375074,25.0664335]]}},{"type":"Feature","properties":{"name":null,"kind":"service"},"geometry":{"type":"LineString","coordinates":[[121.3876925,25.065915199999996],[121.386915,25.065925]]}},{"type":"Feature","properties":{"name":null,"kind":"service"},"geometry":{"type":"LineString","coordinates":[[121.3875235,25.0659529],[121.38785159999999,25.066050699999998],[121.3877638,25.06609750000001]]}},{"type":"Feature","properties":{"name":null,"kind":"service"},"geometry":{"type":"LineString","coordinates":[[121.3857817,25.066701099999992],[121.3860969,25.066483799999993],[121.3864188,25.065881299999997],[121.386349,25.065750099999992]]}},{"type":"Feature","properties":{"name":"大科路","kind":"tertiary"},"geometry":{"type":"LineString","coordinates":[[121.37904440000001,25.067756899999996],[121.37989920000001,25.067810099999996],[121.3805366,25.0672979],[121.3808822,25.066599300000004],[121.3807838,25.065969500000005],[121.38090669999998,25.065747299999995],[121.3822053,25.065172600000004],[121.3830666,25.0649758],[121.38387030000001,25.0650183],[121.3845754,25.065342600000005],[121.38534159999999,25.0658211],[121.38543969999999,25.066341200000004],[121.38563680000001,25.066648099999995],[121.385893,25.0666935],[121.38614350000002,25.0666014]]}},{"type":"Feature","properties":{"name":null,"kind":"service"},"geometry":{"type":"LineString","coordinates":[[121.3863616,25.0665816],[121.38685579999999,25.0662851]]}},{"type":"Feature","properties":{"name":"大科路二號橋","kind":"tertiary"},"geometry":{"type":"LineString","coordinates":[[121.38614350000002,25.0666014],[121.3862613,25.066547599999996]]}},{"type":"Feature","properties":{"name":null,"kind":"service"},"geometry":{"type":"LineString","coordinates":[[121.3857817,25.066701099999992],[121.3857375,25.067168900000002],[121.3852628,25.06761109999999]]}},{"type":"Feature","properties":{"name":null,"kind":"service"},"geometry":{"type":"LineString","coordinates":[[121.3863241,25.0665093],[121.3864012,25.0667285],[121.38576820000002,25.0674732],[121.3857722,25.06759960000001],[121.3859345,25.067802399999998],[121.38623570000001,25.067935799999997]]}},{"type":"Feature","properties":{"name":"麗園二街89巷","kind":"residential"},"geometry":{"type":"LineString","coordinates":[[121.38247330000002,25.067304299999993],[121.3831555,25.067580699999997]]}},{"type":"Feature","properties":{"name":null,"kind":"service"},"geometry":{"type":"LineString","coordinates":[[121.38556240000001,25.0665647],[121.3851626,25.0669484],[121.38495120000002,25.0677033],[121.3847007,25.068163199999997],[121.38458529999998,25.068240999999997],[121.38454,25.068584299999994]]}},{"type":"Feature","properties":{"name":null,"kind":"service"},"geometry":{"type":"LineString","coordinates":[[121.38623570000001,25.067935799999997],[121.3868274,25.068557599999995],[121.38691889999998,25.06880249999999]]}},{"type":"Feature","properties":{"name":null,"kind":"service"},"geometry":{"type":"LineString","coordinates":[[121.38454,25.068584299999994],[121.3845553,25.0687952]]}},{"type":"Feature","properties":{"name":null,"kind":"service"},"geometry":{"type":"LineString","coordinates":[[121.3845598,25.068832200000003],[121.3844258,25.0688763],[121.3842541,25.0690731]]}},{"type":"Feature","properties":{"name":"麗園二街","kind":"residential"},"geometry":{"type":"LineString","coordinates":[[121.38274129999999,25.066037400000006],[121.3825884,25.0669898],[121.3821646,25.0678159],[121.3816121,25.068374699999996],[121.38052110000001,25.069108600000007],[121.37987940000001,25.069402299999997],[121.37912299999999,25.069552999999996],[121.37704440000002,25.0694204]]}},{"type":"Feature","properties":{"name":"麗園二街47巷","kind":"residential"},"geometry":{"type":"LineString","coordinates":[[121.38101220000001,25.068786099999997],[121.3813605,25.0691836],[121.38159490000001,25.069774200000005],[121.3828905,25.0694492]]}},{"type":"Feature","properties":{"name":"新林步道五段","kind":"path"},"geometry":{"type":"LineString","coordinates":[[121.38425139999998,25.0701749],[121.38469419999998,25.06960060000001],[121.38495570000002,25.069059200000005],[121.3854834,25.068433099999996],[121.38567950000001,25.068411999999995],[121.3857729,25.068475400000004],[121.3862539,25.068302],[121.3863006,25.0681201],[121.38612319999999,25.068022799999998],[121.38623570000001,25.067935799999997]]}},{"type":"Feature","properties":{"name":"興林路362巷","kind":"unclassified"},"geometry":{"type":"LineString","coordinates":[[121.38795480000002,25.069376300000002],[121.3889606,25.069371400000005]]}},{"type":"Feature","properties":{"name":null,"kind":"service"},"geometry":{"type":"LineString","coordinates":[[121.3845553,25.0687952],[121.3846039,25.0691981],[121.38425139999998,25.0701749]]}},{"type":"Feature","properties":{"name":"興林路338巷","kind":"unclassified"},"geometry":{"type":"LineString","coordinates":[[121.3889004,25.069935],[121.38790160000002,25.0698634]]}},{"type":"Feature","properties":{"name":null,"kind":"unclassified"},"geometry":{"type":"LineString","coordinates":[[121.3878583,25.070438999999997],[121.38795480000002,25.069376300000002]]}},{"type":"Feature","properties":{"name":null,"kind":"service"},"geometry":{"type":"LineString","coordinates":[[121.3817811,25.071486799999995],[121.382347,25.071399299999996],[121.38277010000002,25.071419600000002],[121.3835272,25.071149100000003],[121.3839725,25.070791999999997],[121.38425139999998,25.0701749]]}},{"type":"Feature","properties":{"name":"麗園二街13巷","kind":"residential"},"geometry":{"type":"LineString","coordinates":[[121.379233,25.069542499999994],[121.37930539999999,25.0699696],[121.3792263,25.070224699999997]]}},{"type":"Feature","properties":{"name":null,"kind":"footway"},"geometry":{"type":"LineString","coordinates":[[121.3800323,25.070385],[121.3792263,25.070224699999997]]}},{"type":"Feature","properties":{"name":"麗園一街11巷","kind":"residential"},"geometry":{"type":"LineString","coordinates":[[121.3769048,25.070354699999992],[121.3789755,25.070477900000004],[121.3792263,25.070224699999997]]}},{"type":"Feature","properties":{"name":null,"kind":"footway"},"geometry":{"type":"LineString","coordinates":[[121.377558,25.071690900000004],[121.37785029999999,25.071198299999995]]}},{"type":"Feature","properties":{"name":null,"kind":"unclassified"},"geometry":{"type":"LineString","coordinates":[[121.3858159,25.072636900000003],[121.385946,25.072329899999996]]}},{"type":"Feature","properties":{"name":"東湖一街","kind":"unclassified"},"geometry":{"type":"LineString","coordinates":[[121.387476,25.0730983],[121.38639590000001,25.0728738],[121.38527920000001,25.072429900000003]]}},{"type":"Feature","properties":{"name":null,"kind":"footway"},"geometry":{"type":"LineString","coordinates":[[121.37785029999999,25.071198299999995],[121.37808369999999,25.0712499],[121.37817760000001,25.0715208],[121.3780649,25.0716459],[121.3780797,25.071870699999998],[121.378275,25.072002499999993]]}},{"type":"Feature","properties":{"name":null,"kind":"footway"},"geometry":{"type":"LineString","coordinates":[[121.377558,25.071690900000004],[121.3770899,25.072018899999993]]}},{"type":"Feature","properties":{"name":null,"kind":"footway"},"geometry":{"type":"LineString","coordinates":[[121.377558,25.071690900000004],[121.3777806,25.072102699999995],[121.3780797,25.071870699999998],[121.3780767,25.0720907]]}},{"type":"Feature","properties":{"name":null,"kind":"residential"},"geometry":{"type":"LineString","coordinates":[[121.37613,25.073229],[121.3776597,25.0722551]]}},{"type":"Feature","properties":{"name":"四維路","kind":"unclassified"},"geometry":{"type":"LineString","coordinates":[[121.3817811,25.071486799999995],[121.3819071,25.072621399999992],[121.38159229999998,25.0740911]]}},{"type":"Feature","properties":{"name":null,"kind":"footway"},"geometry":{"type":"LineString","coordinates":[[121.37897389999999,25.073804900000003],[121.37815740000002,25.073096299999996],[121.3789205,25.072729500000005],[121.3788816,25.071860899999994],[121.37856380000001,25.0718889],[121.3781132,25.072066200000002],[121.3776894,25.07235049999999],[121.3779107,25.072667500000005],[121.37724820000001,25.0730004]]}},{"type":"Feature","properties":{"name":"東湖路41巷","kind":"unclassified"},"geometry":{"type":"LineString","coordinates":[[121.38639590000001,25.0728738],[121.386079,25.0738448]]}},{"type":"Feature","properties":{"name":"文程路","kind":"unclassified"},"geometry":{"type":"LineString","coordinates":[[121.43927400000001,25.0513751],[121.4375672,25.050525799999996]]}},{"type":"Feature","properties":{"name":null,"kind":"service"},"geometry":{"type":"LineString","coordinates":[[121.4379586,25.051021499999997],[121.4381307,25.050991400000004],[121.4385035,25.051399999999997]]}},{"type":"Feature","properties":{"name":"迴轉道","kind":"primary_link"},"geometry":{"type":"LineString","coordinates":[[121.43795870000001,25.051374999999997],[121.4380062,25.0512596],[121.43814059999998,25.0512519]]}},{"type":"Feature","properties":{"name":"新北大道五段","kind":"primary"},"geometry":{"type":"LineString","coordinates":[[121.4387023,25.052328599999996],[121.43716129999999,25.0503016]]}},{"type":"Feature","properties":{"name":"新北大道五段","kind":"primary"},"geometry":{"type":"LineString","coordinates":[[121.4375672,25.050525799999996],[121.43882249999999,25.052118599999996]]}},{"type":"Feature","properties":{"name":"15M-5","kind":"construction"},"geometry":{"type":"LineString","coordinates":[[121.43824370000002,25.0530987],[121.437243,25.052531899999995],[121.43511659999999,25.0497361]]}},{"type":"Feature","properties":{"name":"仁義路","kind":"construction"},"geometry":{"type":"LineString","coordinates":[[121.433532,25.0530377],[121.43737459999998,25.050586100000004]]}},{"type":"Feature","properties":{"name":"15M-1","kind":"construction"},"geometry":{"type":"LineString","coordinates":[[121.4397518,25.055198899999997],[121.4376166,25.054152400000003],[121.4362813,25.0532982],[121.43406680000001,25.050266000000004]]}},{"type":"Feature","properties":{"name":null,"kind":"service"},"geometry":{"type":"LineString","coordinates":[[121.4380273,25.052691400000004],[121.43809850000001,25.052794799999997]]}},{"type":"Feature","properties":{"name":"便道","kind":"secondary"},"geometry":{"type":"LineString","coordinates":[[121.4369429,25.0549262],[121.43728099999998,25.0540723],[121.4379165,25.053010199999996],[121.43809850000001,25.052794799999997],[121.4385823,25.052529800000002]]}},{"type":"Feature","properties":{"name":"泰林路匝道","kind":"trunk_link"},"geometry":{"type":"LineString","coordinates":[[121.43882190000001,25.052311999999993],[121.4387023,25.052328599999996]]}},{"type":"Feature","properties":{"name":"泰林路二段","kind":"secondary"},"geometry":{"type":"LineString","coordinates":[[121.4387023,25.052328599999996],[121.4385823,25.052529800000002]]}},{"type":"Feature","properties":{"name":null,"kind":"service"},"geometry":{"type":"LineString","coordinates":[[121.43954460000002,25.052590099999996],[121.43964660000002,25.052517199999997],[121.4402138,25.052515999999994]]}},{"type":"Feature","properties":{"name":null,"kind":"trunk_link"},"geometry":{"type":"LineString","coordinates":[[121.43882190000001,25.052311999999993],[121.4391986,25.0528029]]}},{"type":"Feature","properties":{"name":null,"kind":"service"},"geometry":{"type":"LineString","coordinates":[[121.4393077,25.052736000000003],[121.43954460000002,25.052590099999996],[121.44012870000002,25.052632600000003],[121.44016420000001,25.053031199999996]]}},{"type":"Feature","properties":{"name":"中山高架道路","kind":"trunk"},"geometry":{"type":"LineString","coordinates":[[121.43719120000002,25.050192600000003],[121.4392244,25.052685999999998],[121.44150889999999,25.055797499999994]]}},{"type":"Feature","properties":{"name":"中山高架道路","kind":"trunk"},"geometry":{"type":"LineString","coordinates":[[121.4413983,25.055838799999997],[121.43719120000002,25.050192600000003]]}},{"type":"Feature","properties":{"name":"泰林路匝道","kind":"trunk_link"},"geometry":{"type":"LineString","coordinates":[[121.4391986,25.0528029],[121.4396592,25.0534077]]}},{"type":"Feature","properties":{"name":"環泰一路","kind":"construction"},"geometry":{"type":"LineString","coordinates":[[121.4396609,25.053187599999994],[121.4421532,25.0531718]]}},{"type":"Feature","properties":{"name":"新北大道四段","kind":"primary"},"geometry":{"type":"LineString","coordinates":[[121.4402478,25.0544122],[121.4387023,25.052328599999996]]}},{"type":"Feature","properties":{"name":"新北大道四段","kind":"primary"},"geometry":{"type":"LineString","coordinates":[[121.43882249999999,25.052118599999996],[121.44176360000002,25.056014099999995],[121.4422297,25.056516500000004]]}},{"type":"Feature","properties":{"name":"10M-2","kind":"construction"},"geometry":{"type":"LineString","coordinates":[[121.4362813,25.0532982],[121.43501489999998,25.054475399999998]]}},{"type":"Feature","properties":{"name":"泰林路二段","kind":"construction"},"geometry":{"type":"LineString","coordinates":[[121.4388884,25.0521998],[121.4368625,25.055616699999998]]}},{"type":"Feature","properties":{"name":"泰林路二段","kind":"construction"},"geometry":{"type":"LineString","coordinates":[[121.4368746,25.055399000000005],[121.4385823,25.052529800000002]]}},{"type":"Feature","properties":{"name":"10M-2","kind":"construction"},"geometry":{"type":"LineString","coordinates":[[121.43501489999998,25.054475399999998],[121.4348647,25.054728999999995]]}},{"type":"Feature","properties":{"name":"全興路","kind":"unclassified"},"geometry":{"type":"LineString","coordinates":[[121.4348614,25.0547873],[121.4348647,25.054728999999995]]}},{"type":"Feature","properties":{"name":"便道","kind":"secondary"},"geometry":{"type":"LineString","coordinates":[[121.4369429,25.0549262],[121.43682400000002,25.055122599999997]]}},{"type":"Feature","properties":{"name":"8-1","kind":"construction"},"geometry":{"type":"LineString","coordinates":[[121.43733079999998,25.05482689999999],[121.4386603,25.055472300000005]]}},{"type":"Feature","properties":{"name":null,"kind":"track"},"geometry":{"type":"LineString","coordinates":[[121.4368746,25.055399000000005],[121.4369429,25.0549262]]}},{"type":"Feature","properties":{"name":"便道","kind":"secondary"},"geometry":{"type":"LineString","coordinates":[[121.43682400000002,25.055122599999997],[121.43661850000001,25.055462]]}},{"type":"Feature","properties":{"name":"全興路","kind":"unclassified"},"geometry":{"type":"LineString","coordinates":[[121.4341404,25.0559616],[121.4348614,25.0547873]]}},{"type":"Feature","properties":{"name":"仁愛路6巷","kind":"residential"},"geometry":{"type":"LineString","coordinates":[[121.4316784,25.052868299999997],[121.4317988,25.0531293],[121.43121050000002,25.053758]]}},{"type":"Feature","properties":{"name":"仁武街139巷","kind":"residential"},"geometry":{"type":"LineString","coordinates":[[121.4320709,25.054010399999992],[121.43254269999998,25.053248100000005]]}},{"type":"Feature","properties":{"name":"仁武街","kind":"residential"},"geometry":{"type":"LineString","coordinates":[[121.4320709,25.054010399999992],[121.43146650000001,25.0542217]]}},{"type":"Feature","properties":{"name":"仁武街","kind":"service"},"geometry":{"type":"LineString","coordinates":[[121.43276019999999,25.0543707],[121.4320709,25.054010399999992]]}},{"type":"Feature","properties":{"name":"仁義路","kind":"residential"},"geometry":{"type":"LineString","coordinates":[[121.43235339999998,25.055081999999995],[121.4333411,25.053355000000003]]}},{"type":"Feature","properties":{"name":"仁愛路","kind":"unclassified"},"geometry":{"type":"LineString","coordinates":[[121.43146,25.054543799999998],[121.43147690000002,25.0546735],[121.43235339999998,25.055081999999995]]}},{"type":"Feature","properties":{"name":"仁愛路100巷","kind":"residential"},"geometry":{"type":"LineString","coordinates":[[121.433249,25.0555228],[121.43402020000002,25.0541247]]}},{"type":"Feature","properties":{"name":"仁武街","kind":"residential"},"geometry":{"type":"LineString","coordinates":[[121.43456030000002,25.0552777],[121.43276019999999,25.0543707]]}},{"type":"Feature","properties":{"name":null,"kind":"footway"},"geometry":{"type":"LineString","coordinates":[[121.43197470000001,25.054993],[121.43177300000002,25.054885199999998],[121.43161830000001,25.055056399999998],[121.4316413,25.055139300000004]]}},{"type":"Feature","properties":{"name":null,"kind":"footway"},"geometry":{"type":"LineString","coordinates":[[121.4320304,25.055456999999997],[121.4321101,25.0552727],[121.4319836,25.0551683],[121.43197470000001,25.054993]]}},{"type":"Feature","properties":{"name":null,"kind":"footway"},"geometry":{"type":"LineString","coordinates":[[121.43156160000001,25.055236299999997],[121.43160860000002,25.0552215]]}},{"type":"Feature","properties":{"name":null,"kind":"path"},"geometry":{"type":"LineString","coordinates":[[121.4314388,25.055266100000004],[121.43156160000001,25.055236299999997]]}},{"type":"Feature","properties":{"name":null,"kind":"footway"},"geometry":{"type":"LineString","coordinates":[[121.4317156,25.055397400000004],[121.43166440000002,25.0551636],[121.43160860000002,25.055172300000002]]}},{"type":"Feature","properties":{"name":null,"kind":"footway"},"geometry":{"type":"LineString","coordinates":[[121.4316614,25.0559727],[121.43167500000001,25.055483399999993],[121.43140490000002,25.054700299999997]]}},{"type":"Feature","properties":{"name":"仁義路","kind":"residential"},"geometry":{"type":"LineString","coordinates":[[121.43191779999998,25.0558127],[121.43235339999998,25.055081999999995]]}},{"type":"Feature","properties":{"name":null,"kind":"footway"},"geometry":{"type":"LineString","coordinates":[[121.4316994,25.055772899999997],[121.43176490000002,25.0554028],[121.43169119999999,25.0553947],[121.43160860000002,25.055172300000002],[121.43152199999999,25.055149899999996]]}},{"type":"Feature","properties":{"name":"明志路一段483巷3弄","kind":"service"},"geometry":{"type":"LineString","coordinates":[[121.43148690000001,25.0557769],[121.4314388,25.055266100000004]]}},{"type":"Feature","properties":{"name":"仁愛路","kind":"unclassified"},"geometry":{"type":"LineString","coordinates":[[121.43235339999998,25.055081999999995],[121.4341404,25.0559616]]}},{"type":"Feature","properties":{"name":null,"kind":"footway"},"geometry":{"type":"LineString","coordinates":[[121.4317907,25.0558012],[121.431976,25.055290699999993]]}},{"type":"Feature","properties":{"name":null,"kind":"footway"},"geometry":{"type":"MultiLineString","coordinates":[[[121.4320994,25.055508100000004],[121.4320304,25.055456999999997],[121.4317835,25.0559198]],[[121.4317835,25.0559198],[121.4317076,25.055972400000005],[121.43168450000002,25.055887399999996],[121.4317835,25.0559198]]]}},{"type":"Feature","properties":{"name":"7-1","kind":"construction"},"geometry":{"type":"LineString","coordinates":[[121.4386603,25.055472300000005],[121.43938380000002,25.0558153]]}},{"type":"Feature","properties":{"name":"泰林路二段","kind":"construction"},"geometry":{"type":"LineString","coordinates":[[121.43677240000001,25.0555708],[121.4368746,25.055399000000005]]}},{"type":"Feature","properties":{"name":"便道","kind":"secondary"},"geometry":{"type":"LineString","coordinates":[[121.43661850000001,25.055462],[121.4365382,25.055745800000004]]}},{"type":"Feature","properties":{"name":"泰林路二段","kind":"construction"},"geometry":{"type":"LineString","coordinates":[[121.4366171,25.055828999999992],[121.43677240000001,25.0555708]]}},{"type":"Feature","properties":{"name":"泰林路二段","kind":"construction"},"geometry":{"type":"LineString","coordinates":[[121.4368625,25.055616699999998],[121.4367078,25.0558776]]}},{"type":"Feature","properties":{"name":"便道","kind":"secondary"},"geometry":{"type":"LineString","coordinates":[[121.4365382,25.055745800000004],[121.43658190000001,25.055887499999997]]}},{"type":"Feature","properties":{"name":"泰林路二段","kind":"construction"},"geometry":{"type":"LineString","coordinates":[[121.43658190000001,25.055887499999997],[121.4366171,25.055828999999992]]}},{"type":"Feature","properties":{"name":"泰林路二段","kind":"construction"},"geometry":{"type":"LineString","coordinates":[[121.4367078,25.0558776],[121.43658190000001,25.055887499999997]]}},{"type":"Feature","properties":{"name":"泰林路二段","kind":"secondary"},"geometry":{"type":"LineString","coordinates":[[121.43658190000001,25.055887499999997],[121.43598579999998,25.0568954]]}},{"type":"Feature","properties":{"name":"仁愛路","kind":"unclassified"},"geometry":{"type":"LineString","coordinates":[[121.4341404,25.0559616],[121.43598579999998,25.0568954]]}},{"type":"Feature","properties":{"name":"便道","kind":"unclassified"},"geometry":{"type":"LineString","coordinates":[[121.43682400000002,25.055122599999997],[121.4389264,25.056185299999996],[121.4391109,25.056659599999996],[121.43915300000002,25.057831]]}},{"type":"Feature","properties":{"name":"下田心","kind":"unclassified"},"geometry":{"type":"LineString","coordinates":[[121.4383817,25.056881],[121.43868090000001,25.0566602],[121.4391109,25.056659599999996]]}},{"type":"Feature","properties":{"name":"下田心","kind":"service"},"geometry":{"type":"LineString","coordinates":[[121.4391109,25.056659599999996],[121.43953859999999,25.056774699999995],[121.4405715,25.057228399999996]]}},{"type":"Feature","properties":{"name":"下田心","kind":"service"},"geometry":{"type":"LineString","coordinates":[[121.43983500000002,25.056904900000003],[121.4396958,25.057299299999997]]}},{"type":"Feature","properties":{"name":"新五路一段","kind":"secondary"},"geometry":{"type":"LineString","coordinates":[[121.44254520000001,25.0571035],[121.44250620000001,25.058147099999996]]}},{"type":"Feature","properties":{"name":"中港南路","kind":"unclassified"},"geometry":{"type":"LineString","coordinates":[[121.4368722,25.055600399999996],[121.4386754,25.057163699999993],[121.43915300000002,25.057831]]}},{"type":"Feature","properties":{"name":"仁德路49巷","kind":"residential"},"geometry":{"type":"LineString","coordinates":[[121.43507879999999,25.0572117],[121.4350405,25.056415]]}},{"type":"Feature","properties":{"name":"楓江路46巷","kind":"unclassified"},"geometry":{"type":"LineString","coordinates":[[121.4383817,25.056881],[121.4383605,25.056916]]}},{"type":"Feature","properties":{"name":"仁德路","kind":"residential"},"geometry":{"type":"LineString","coordinates":[[121.4356351,25.0574521],[121.43376140000001,25.056630400000003]]}},{"type":"Feature","properties":{"name":"楓江路46巷","kind":"unclassified"},"geometry":{"type":"LineString","coordinates":[[121.4383605,25.056916],[121.4381701,25.05723359999999]]}},{"type":"Feature","properties":{"name":"泰林路二段","kind":"secondary"},"geometry":{"type":"LineString","coordinates":[[121.43598579999998,25.0568954],[121.4356351,25.0574521]]}},{"type":"Feature","properties":{"name":null,"kind":"service"},"geometry":{"type":"LineString","coordinates":[[121.43685760000001,25.057635499999996],[121.43770480000002,25.058017]]}},{"type":"Feature","properties":{"name":null,"kind":"service"},"geometry":{"type":"LineString","coordinates":[[121.43838380000001,25.0583498],[121.43770480000002,25.058017]]}},{"type":"Feature","properties":{"name":"泰林路二段73巷","kind":"service"},"geometry":{"type":"LineString","coordinates":[[121.4341903,25.0580065],[121.43502920000002,25.058443299999997]]}},{"type":"Feature","properties":{"name":"泰林路二段116巷2弄","kind":"service"},"geometry":{"type":"LineString","coordinates":[[121.4349503,25.059000199999996],[121.4356745,25.059372000000003]]}},{"type":"Feature","properties":{"name":null,"kind":"path"},"geometry":{"type":"LineString","coordinates":[[121.4319275,25.056635700000005],[121.4321648,25.056224000000004]]}},{"type":"Feature","properties":{"name":"仁德路","kind":"residential"},"geometry":{"type":"LineString","coordinates":[[121.43376140000001,25.056630400000003],[121.433126,25.056349199999993]]}},{"type":"Feature","properties":{"name":null,"kind":"path"},"geometry":{"type":"LineString","coordinates":[[121.43228250000001,25.056799800000004],[121.43249200000001,25.05638559999999]]}},{"type":"Feature","properties":{"name":"福興二街","kind":"service"},"geometry":{"type":"LineString","coordinates":[[121.4321789,25.057314699999992],[121.43140040000002,25.056955199999997],[121.43142860000002,25.056838499999998]]}},{"type":"Feature","properties":{"name":"福興三街","kind":"residential"},"geometry":{"type":"LineString","coordinates":[[121.4316032,25.056428099999998],[121.4319275,25.056635700000005],[121.43520570000001,25.058150699999995]]}},{"type":"Feature","properties":{"name":null,"kind":"service"},"geometry":{"type":"LineString","coordinates":[[121.43245900000001,25.0568846],[121.43192789999999,25.057758599999996]]}},{"type":"Feature","properties":{"name":null,"kind":"service"},"geometry":{"type":"LineString","coordinates":[[121.43140040000002,25.056955199999997],[121.4314283,25.057759100000002]]}},{"type":"Feature","properties":{"name":"福興二街","kind":"residential"},"geometry":{"type":"LineString","coordinates":[[121.43395,25.058152200000002],[121.4321789,25.057314699999992]]}},{"type":"Feature","properties":{"name":"福興街","kind":"residential"},"geometry":{"type":"LineString","coordinates":[[121.43375500000002,25.058488600000004],[121.4346229,25.057014700000003]]}},{"type":"Feature","properties":{"name":"全興路","kind":"unclassified"},"geometry":{"type":"LineString","coordinates":[[121.43235820000001,25.0589527],[121.43376140000001,25.056630400000003]]}},{"type":"Feature","properties":{"name":"福興一街","kind":"residential"},"geometry":{"type":"LineString","coordinates":[[121.43375500000002,25.058488600000004],[121.43362720000002,25.0586052],[121.43192789999999,25.057758599999996],[121.4314283,25.057759100000002]]}},{"type":"Feature","properties":{"name":null,"kind":"footway"},"geometry":{"type":"LineString","coordinates":[[121.4314283,25.057759100000002],[121.4315747,25.058495899999997],[121.4317729,25.0589229]]}},{"type":"Feature","properties":{"name":"全興街18巷","kind":"service"},"geometry":{"type":"LineString","coordinates":[[121.43235820000001,25.0589527],[121.43209320000001,25.058798900000003],[121.4319062,25.0583257],[121.43185029999998,25.057892300000002],[121.43192789999999,25.057758599999996]]}},{"type":"Feature","properties":{"name":"泰林路二段87巷","kind":"service"},"geometry":{"type":"LineString","coordinates":[[121.4340147,25.0583088],[121.4348602,25.0587281]]}},{"type":"Feature","properties":{"name":"全興路47巷","kind":"service"},"geometry":{"type":"LineString","coordinates":[[121.43396929999999,25.058988099999997],[121.4327156,25.05833609999999]]}},{"type":"Feature","properties":{"name":"泰林路二段99巷","kind":"service"},"geometry":{"type":"LineString","coordinates":[[121.4347088,25.0589872],[121.43375500000002,25.058488600000004]]}},{"type":"Feature","properties":{"name":"全興路25巷","kind":"service"},"geometry":{"type":"LineString","coordinates":[[121.43257740000001,25.058574600000004],[121.43384509999998,25.059199299999996]]}},{"type":"Feature","properties":{"name":null,"kind":"footway"},"geometry":{"type":"LineString","coordinates":[[121.4317729,25.0589229],[121.4314204,25.05905969999999]]}},{"type":"Feature","properties":{"name":"全興路17巷","kind":"service"},"geometry":{"type":"LineString","coordinates":[[121.4324099,25.058863499999994],[121.4333117,25.0592853]]}},{"type":"Feature","properties":{"name":null,"kind":"footway"},"geometry":{"type":"LineString","coordinates":[[121.4321822,25.0592591],[121.4318369,25.0590938],[121.4317729,25.0589229]]}},{"type":"Feature","properties":{"name":null,"kind":"service"},"geometry":{"type":"LineString","coordinates":[[121.44203240000002,25.058545600000002],[121.44119780000001,25.058115700000002]]}},{"type":"Feature","properties":{"name":"中港西路","kind":"unclassified"},"geometry":{"type":"LineString","coordinates":[[121.44076669999998,25.061352500000005],[121.4401085,25.061012700000003],[121.43956959999998,25.060626999999997],[121.43912109999998,25.0599032],[121.43888310000001,25.058401499999995],[121.43869620000001,25.057942699999998],[121.4383404,25.0574306],[121.43658190000001,25.055887499999997]]}},{"type":"Feature","properties":{"name":"新五路一段","kind":"secondary"},"geometry":{"type":"LineString","coordinates":[[121.44084970000002,25.060597099999992],[121.44203240000002,25.058545600000002],[121.4422027,25.0578055],[121.4422168,25.056908299999996]]}},{"type":"Feature","properties":{"name":"中港南路","kind":"unclassified"},"geometry":{"type":"LineString","coordinates":[[121.43915300000002,25.057831],[121.43936310000001,25.058355599999995],[121.4395302,25.0596313],[121.43963229999999,25.0599197],[121.4399642,25.0603583],[121.44072160000002,25.060806800000005]]}},{"type":"Feature","properties":{"name":"新五路一段","kind":"secondary"},"geometry":{"type":"LineString","coordinates":[[121.44237320000002,25.058826999999997],[121.44113830000002,25.0607549]]}},{"type":"Feature","properties":{"name":"新五路入口匝道","kind":"trunk_link"},"geometry":{"type":"LineString","coordinates":[[121.44124990000002,25.0601078],[121.4416005,25.059516500000004]]}},{"type":"Feature","properties":{"name":"新五路出口匝道","kind":"trunk_link"},"geometry":{"type":"LineString","coordinates":[[121.4418,25.0596156],[121.44143030000001,25.060195999999998]]}},{"type":"Feature","properties":{"name":null,"kind":"service"},"geometry":{"type":"LineString","coordinates":[[121.4398428,25.060233999999998],[121.43979730000001,25.060257200000006]]}},{"type":"Feature","properties":{"name":"新五路入口匝道","kind":"trunk_link"},"geometry":{"type":"LineString","coordinates":[[121.44084970000002,25.060597099999992],[121.44124990000002,25.0601078]]}},{"type":"Feature","properties":{"name":"楓樹二橋","kind":"unclassified"},"geometry":{"type":"LineString","coordinates":[[121.4394969,25.060463700000003],[121.43979730000001,25.060257200000006]]}},{"type":"Feature","properties":{"name":"福泰街62巷","kind":"service"},"geometry":{"type":"LineString","coordinates":[[121.43455460000001,25.059261200000005],[121.43396929999999,25.058988099999997]]}},{"type":"Feature","properties":{"name":"福泰街62巷","kind":"service"},"geometry":{"type":"LineString","coordinates":[[121.43396929999999,25.058988099999997],[121.43375260000002,25.059356499999996]]}},{"type":"Feature","properties":{"name":null,"kind":"service"},"geometry":{"type":"LineString","coordinates":[[121.43375260000002,25.059356499999996],[121.4333758,25.05916169999999],[121.43344300000001,25.059001100000003]]}},{"type":"Feature","properties":{"name":"全興路7巷","kind":"service"},"geometry":{"type":"LineString","coordinates":[[121.4322872,25.059076299999997],[121.4331213,25.059503999999997]]}},{"type":"Feature","properties":{"name":"全興路","kind":"service"},"geometry":{"type":"LineString","coordinates":[[121.4318908,25.059705599999994],[121.43235820000001,25.0589527]]}},{"type":"Feature","properties":{"name":null,"kind":"footway"},"geometry":{"type":"LineString","coordinates":[[121.4318369,25.0590938],[121.4318587,25.05940629999999],[121.43197110000001,25.059626799999997]]}},{"type":"Feature","properties":{"name":null,"kind":"service"},"geometry":{"type":"LineString","coordinates":[[121.4332527,25.059418899999994],[121.4336173,25.0595867]]}},{"type":"Feature","properties":{"name":null,"kind":"path"},"geometry":{"type":"LineString","coordinates":[[121.4334419,25.059850600000004],[121.4321822,25.0592591]]}},{"type":"Feature","properties":{"name":"泰林路二段","kind":"secondary"},"geometry":{"type":"LineString","coordinates":[[121.4356351,25.0574521],[121.4334232,25.061181499999993],[121.4331744,25.061509400000002],[121.43281140000002,25.061764899999996]]}},{"type":"Feature","properties":{"name":"全福巷","kind":"service"},"geometry":{"type":"LineString","coordinates":[[121.43296840000001,25.059834399999993],[121.43209659999998,25.059408299999994]]}},{"type":"Feature","properties":{"name":"泰林路二段116巷2弄","kind":"service"},"geometry":{"type":"LineString","coordinates":[[121.4348758,25.059424399999997],[121.435089,25.059071499999998]]}},{"type":"Feature","properties":{"name":null,"kind":"service"},"geometry":{"type":"LineString","coordinates":[[121.43703730000001,25.0591392],[121.43765050000002,25.059444199999998]]}},{"type":"Feature","properties":{"name":"泰林路二段116巷4弄","kind":"service"},"geometry":{"type":"LineString","coordinates":[[121.4351234,25.059550099999996],[121.4353319,25.0591961]]}},{"type":"Feature","properties":{"name":"泰林路二段116巷","kind":"service"},"geometry":{"type":"LineString","coordinates":[[121.43455460000001,25.059261200000005],[121.43535000000001,25.059665200000005]]}},{"type":"Feature","properties":{"name":"泰林路二段116巷6弄","kind":"service"},"geometry":{"type":"LineString","coordinates":[[121.43535000000001,25.059665200000005],[121.4355613,25.059313900000006]]}},{"type":"Feature","properties":{"name":"泰林路二段116巷1弄","kind":"service"},"geometry":{"type":"LineString","coordinates":[[121.4348758,25.059424399999997],[121.4346418,25.059811800000002]]}},{"type":"Feature","properties":{"name":"泰林路二段116巷3弄","kind":"service"},"geometry":{"type":"LineString","coordinates":[[121.4351234,25.059550099999996],[121.4347728,25.060145199999997]]}},{"type":"Feature","properties":{"name":"楓江路46巷","kind":"unclassified"},"geometry":{"type":"LineString","coordinates":[[121.4381701,25.05723359999999],[121.4351291,25.062318500000007],[121.43514780000001,25.062480700000005]]}},{"type":"Feature","properties":{"name":"泰林路二段116巷5弄","kind":"service"},"geometry":{"type":"LineString","coordinates":[[121.43535000000001,25.059665200000005],[121.43506020000001,25.0601471]]}},{"type":"Feature","properties":{"name":"泰林路二段142巷","kind":"service"},"geometry":{"type":"LineString","coordinates":[[121.4347728,25.060145199999997],[121.4349801,25.0602547]]}},{"type":"Feature","properties":{"name":"新北大道四段","kind":"primary"},"geometry":{"type":"LineString","coordinates":[[121.44341769999998,25.057323299999993],[121.44680529999998,25.0592874]]}},{"type":"Feature","properties":{"name":"新五路一段","kind":"secondary_link"},"geometry":{"type":"LineString","coordinates":[[121.4429786,25.058050499999997],[121.44237320000002,25.058826999999997]]}},{"type":"Feature","properties":{"name":"新五路一段","kind":"secondary"},"geometry":{"type":"LineString","coordinates":[[121.44250620000001,25.058147099999996],[121.44237320000002,25.058826999999997]]}},{"type":"Feature","properties":{"name":"新五路入口匝道","kind":"trunk_link"},"geometry":{"type":"LineString","coordinates":[[121.4416005,25.059516500000004],[121.44208310000002,25.058740000000004],[121.4428828,25.05786609999999],[121.44311490000001,25.0577002],[121.4435449,25.057624699999998],[121.44444940000001,25.0580158]]}},{"type":"Feature","properties":{"name":"中信街","kind":"residential"},"geometry":{"type":"LineString","coordinates":[[121.44680529999998,25.0592874],[121.44764889999999,25.058064300000005]]}},{"type":"Feature","properties":{"name":"新北大道四段","kind":"primary"},"geometry":{"type":"LineString","coordinates":[[121.4468815,25.059595399999992],[121.4449766,25.058399599999998],[121.44447170000001,25.0582742]]}},{"type":"Feature","properties":{"name":"五工六路出口匝道","kind":"trunk_link"},"geometry":{"type":"LineString","coordinates":[[121.446049,25.058946199999994],[121.44665480000002,25.0593602]]}},{"type":"Feature","properties":{"name":"新北大道四段","kind":"primary"},"geometry":{"type":"LineString","coordinates":[[121.45020429999998,25.060459799999997],[121.44845350000001,25.060263400000004],[121.4477742,25.060082199999997],[121.44377650000001,25.05787849999999]]}},{"type":"Feature","properties":{"name":null,"kind":"footway"},"geometry":{"type":"LineString","coordinates":[[121.4467697,25.059201499999997],[121.44691050000002,25.059273099999995]]}},{"type":"Feature","properties":{"name":"中信街","kind":"residential"},"geometry":{"type":"LineString","coordinates":[[121.44680529999998,25.0592874],[121.4466758,25.059494800000003]]}},{"type":"Feature","properties":{"name":"中山高架道路","kind":"trunk"},"geometry":{"type":"LineString","coordinates":[[121.446049,25.058946199999994],[121.4474095,25.059698599999997],[121.4481591,25.060026399999998],[121.4509325,25.060424400000002],[121.4524477,25.060453]]}},{"type":"Feature","properties":{"name":"新北大道四段","kind":"primary"},"geometry":{"type":"LineString","coordinates":[[121.44680529999998,25.0592874],[121.44781039999998,25.059855099999996],[121.44822980000001,25.059999399999995],[121.4503651,25.060290899999995]]}},{"type":"Feature","properties":{"name":null,"kind":"footway"},"geometry":{"type":"LineString","coordinates":[[121.44691050000002,25.059273099999995],[121.4480297,25.059912599999997],[121.45088259999999,25.060316299999997]]}},{"type":"Feature","properties":{"name":"中山高架道路","kind":"trunk"},"geometry":{"type":"LineString","coordinates":[[121.44739680000002,25.0598571],[121.44598010000001,25.0590482]]}},{"type":"Feature","properties":{"name":"五工六路出口匝道","kind":"trunk_link"},"geometry":{"type":"LineString","coordinates":[[121.44665480000002,25.0593602],[121.44791649999999,25.06002299999999],[121.44920639999998,25.060250299999996]]}},{"type":"Feature","properties":{"name":null,"kind":"service"},"geometry":{"type":"LineString","coordinates":[[121.4470411,25.059677299999993],[121.44684549999998,25.059968]]}},{"type":"Feature","properties":{"name":null,"kind":"service"},"geometry":{"type":"LineString","coordinates":[[121.44684549999998,25.059968],[121.44681600000001,25.060157599999993],[121.44704460000001,25.0606247],[121.447463,25.060794100000003]]}},{"type":"Feature","properties":{"name":null,"kind":"unclassified"},"geometry":{"type":"LineString","coordinates":[[121.4473382,25.0615639],[121.44637539999998,25.063280699999996]]}},{"type":"Feature","properties":{"name":null,"kind":"unclassified"},"geometry":{"type":"LineString","coordinates":[[121.44704220000001,25.062877900000004],[121.4470116,25.062843799999996]]}},{"type":"Feature","properties":{"name":"中港二橋","kind":"unclassified"},"geometry":{"type":"LineString","coordinates":[[121.4472926,25.0631728],[121.44704220000001,25.062877900000004]]}},{"type":"Feature","properties":{"name":null,"kind":"unclassified"},"geometry":{"type":"LineString","coordinates":[[121.44731289999999,25.063202599999997],[121.4472926,25.0631728]]}},{"type":"Feature","properties":{"name":"五權路","kind":"tertiary"},"geometry":{"type":"LineString","coordinates":[[121.44731289999999,25.063202599999997],[121.4474358,25.063245199999994],[121.4479367,25.0638119]]}},{"type":"Feature","properties":{"name":"中港南路","kind":"unclassified"},"geometry":{"type":"LineString","coordinates":[[121.4470116,25.062843799999996],[121.4497361,25.0608759],[121.45028070000001,25.060374399999993]]}},{"type":"Feature","properties":{"name":"中港東路","kind":"unclassified"},"geometry":{"type":"LineString","coordinates":[[121.450826,25.0605437],[121.4503673,25.060984999999995],[121.44731289999999,25.063202599999997]]}},{"type":"Feature","properties":{"name":"中港一橋","kind":"unclassified"},"geometry":{"type":"LineString","coordinates":[[121.444317,25.0627705],[121.44411160000001,25.0630892]]}},{"type":"Feature","properties":{"name":null,"kind":"unclassified"},"geometry":{"type":"LineString","coordinates":[[121.4440742,25.0631099],[121.44404859999999,25.0630552]]}},{"type":"Feature","properties":{"name":null,"kind":"unclassified"},"geometry":{"type":"LineString","coordinates":[[121.44411160000001,25.0630892],[121.4440742,25.0631099]]}},{"type":"Feature","properties":{"name":"中港西路","kind":"unclassified"},"geometry":{"type":"LineString","coordinates":[[121.4447277,25.065048299999997],[121.4447776,25.064291799999996],[121.44470800000002,25.063817400000005],[121.444515,25.063445099999996],[121.4440742,25.0631099]]}},{"type":"Feature","properties":{"name":null,"kind":"service"},"geometry":{"type":"LineString","coordinates":[[121.44351819999999,25.0640196],[121.44429099999999,25.064408399999994]]}},{"type":"Feature","properties":{"name":null,"kind":"service"},"geometry":{"type":"LineString","coordinates":[[121.4431864,25.0645625],[121.44397959999999,25.064938099999996]]}},{"type":"Feature","properties":{"name":null,"kind":"service"},"geometry":{"type":"LineString","coordinates":[[121.4447277,25.065048299999997],[121.4447135,25.0646981]]}},{"type":"Feature","properties":{"name":"中港三橋","kind":"unclassified"},"geometry":{"type":"LineString","coordinates":[[121.4447896,25.065049799999997],[121.4447277,25.065048299999997]]}},{"type":"Feature","properties":{"name":"中港三橋","kind":"unclassified"},"geometry":{"type":"LineString","coordinates":[[121.4455293,25.065067399999997],[121.4447896,25.065049799999997]]}},{"type":"Feature","properties":{"name":"中港三橋","kind":"unclassified"},"geometry":{"type":"LineString","coordinates":[[121.4455683,25.065068299999993],[121.4455293,25.065067399999997]]}},{"type":"Feature","properties":{"name":"五權路","kind":"tertiary"},"geometry":{"type":"LineString","coordinates":[[121.4478108,25.0638964],[121.44731289999999,25.063202599999997]]}},{"type":"Feature","properties":{"name":"中港東路","kind":"unclassified"},"geometry":{"type":"LineString","coordinates":[[121.44731289999999,25.063202599999997],[121.445791,25.0642127],[121.4456453,25.064432799999995],[121.4455683,25.065068299999993]]}},{"type":"Feature","properties":{"name":null,"kind":"service"},"geometry":{"type":"LineString","coordinates":[[121.4394969,25.060463700000003],[121.4394649,25.060487700000003]]}},{"type":"Feature","properties":{"name":"新五路出口匝道","kind":"trunk_link"},"geometry":{"type":"LineString","coordinates":[[121.44143030000001,25.060195999999998],[121.44113830000002,25.0607549]]}},{"type":"Feature","properties":{"name":"新五路一段","kind":"secondary"},"geometry":{"type":"LineString","coordinates":[[121.44072160000002,25.060806800000005],[121.44084970000002,25.060597099999992]]}},{"type":"Feature","properties":{"name":null,"kind":"footway"},"geometry":{"type":"LineString","coordinates":[[121.44064950000002,25.060841699999997],[121.44068290000001,25.0607872]]}},{"type":"Feature","properties":{"name":"新五路一段","kind":"secondary"},"geometry":{"type":"LineString","coordinates":[[121.4406881,25.060861700000004],[121.44072160000002,25.060806800000005]]}},{"type":"Feature","properties":{"name":"新五路一段","kind":"secondary"},"geometry":{"type":"LineString","coordinates":[[121.44113830000002,25.0607549],[121.4410064,25.060957499999997]]}},{"type":"Feature","properties":{"name":"中港南路","kind":"unclassified"},"geometry":{"type":"LineString","coordinates":[[121.44072160000002,25.060806800000005],[121.4410064,25.060957499999997]]}},{"type":"Feature","properties":{"name":null,"kind":"footway"},"geometry":{"type":"LineString","coordinates":[[121.44047310000002,25.061129299999997],[121.44064950000002,25.060841699999997]]}},{"type":"Feature","properties":{"name":"新五路一段","kind":"secondary"},"geometry":{"type":"LineString","coordinates":[[121.4410064,25.060957499999997],[121.4409686,25.061012]]}},{"type":"Feature","properties":{"name":"幹農大號橋","kind":"secondary"},"geometry":{"type":"LineString","coordinates":[[121.4405127,25.061148599999996],[121.4406881,25.060861700000004]]}},{"type":"Feature","properties":{"name":"新五路出口匝道","kind":"trunk_link"},"geometry":{"type":"LineString","coordinates":[[121.4429963,25.05795369999999],[121.44232730000002,25.058721900000002],[121.4418,25.0596156]]}},{"type":"Feature","properties":{"name":null,"kind":"service"},"geometry":{"type":"LineString","coordinates":[[121.44537500000001,25.058784599999996],[121.4451738,25.059066599999998]]}},{"type":"Feature","properties":{"name":null,"kind":"service"},"geometry":{"type":"LineString","coordinates":[[121.4425342,25.0618046],[121.44373630000001,25.059781],[121.44447170000001,25.0582742]]}},{"type":"Feature","properties":{"name":null,"kind":"service"},"geometry":{"type":"LineString","coordinates":[[121.4428891,25.061207199999995],[121.4420153,25.060768999999997]]}},{"type":"Feature","properties":{"name":null,"kind":"service"},"geometry":{"type":"LineString","coordinates":[[121.44431620000002,25.062739899999993],[121.4454049,25.0608356]]}},{"type":"Feature","properties":{"name":"中港南路","kind":"unclassified"},"geometry":{"type":"LineString","coordinates":[[121.4410064,25.060957499999997],[121.44554300000001,25.063371500000002],[121.4458502,25.063428599999995],[121.4461945,25.063361299999997],[121.4470116,25.062843799999996]]}},{"type":"Feature","properties":{"name":"中港西路","kind":"unclassified"},"geometry":{"type":"LineString","coordinates":[[121.4440742,25.0631099],[121.44076669999998,25.061352500000005]]}},{"type":"Feature","properties":{"name":null,"kind":"unclassified"},"geometry":{"type":"LineString","coordinates":[[121.44425130000002,25.0627377],[121.44431620000002,25.062739899999993]]}},{"type":"Feature","properties":{"name":null,"kind":"unclassified"},"geometry":{"type":"LineString","coordinates":[[121.44431620000002,25.062739899999993],[121.444317,25.0627705]]}},{"type":"Feature","properties":{"name":"中港一橋","kind":"unclassified"},"geometry":{"type":"LineString","coordinates":[[121.44404859999999,25.0630552],[121.44425130000002,25.0627377]]}},{"type":"Feature","properties":{"name":"明志路一段256巷4弄","kind":"service"},"geometry":{"type":"LineString","coordinates":[[121.4319184,25.0604949],[121.4314183,25.060550100000004]]}},{"type":"Feature","properties":{"name":"明志路一段256巷","kind":"footway"},"geometry":{"type":"LineString","coordinates":[[121.432199,25.060523000000003],[121.43193549999998,25.060574400000007],[121.4319184,25.0604949]]}},{"type":"Feature","properties":{"name":"泰林路二段164巷","kind":"service"},"geometry":{"type":"LineString","coordinates":[[121.43386540000002,25.060406500000003],[121.43443480000002,25.060691699999996]]}},{"type":"Feature","properties":{"name":"泰林路二段173巷","kind":"service"},"geometry":{"type":"LineString","coordinates":[[121.43319369999999,25.060386],[121.43327409999999,25.0605366],[121.4336568,25.060747499999998]]}},{"type":"Feature","properties":{"name":"泰林路二段188巷","kind":"footway"},"geometry":{"type":"LineString","coordinates":[[121.433781,25.060996199999998],[121.4335783,25.060875799999994]]}},{"type":"Feature","properties":{"name":"泰林路二段164巷","kind":"service"},"geometry":{"type":"LineString","coordinates":[[121.4340589,25.061299599999998],[121.434478,25.0606219]]}},{"type":"Feature","properties":{"name":"泰林路二段164巷","kind":"service"},"geometry":{"type":"LineString","coordinates":[[121.43468360000001,25.060729699999996],[121.43427730000002,25.061396699999996],[121.4340589,25.061299599999998]]}},{"type":"Feature","properties":{"name":"楓江路16巷","kind":"service"},"geometry":{"type":"LineString","coordinates":[[121.4340589,25.061299599999998],[121.4334954,25.061058499999998]]}},{"type":"Feature","properties":{"name":"泰林路二段198巷","kind":"footway"},"geometry":{"type":"LineString","coordinates":[[121.4334232,25.061181499999993],[121.43357989999998,25.061270499999996],[121.4336291,25.061537699999995]]}},{"type":"Feature","properties":{"name":"泰林路二段229巷","kind":"service"},"geometry":{"type":"LineString","coordinates":[[121.4322973,25.06072149999999],[121.432043,25.0608184],[121.4320127,25.0609059],[121.4322709,25.0616881],[121.4322377,25.062035600000005]]}},{"type":"Feature","properties":{"name":null,"kind":"footway"},"geometry":{"type":"LineString","coordinates":[[121.44107350000002,25.0609928],[121.44104119999999,25.061044600000002]]}},{"type":"Feature","properties":{"name":"幹農大號橋","kind":"secondary"},"geometry":{"type":"LineString","coordinates":[[121.4409686,25.061012],[121.4408049,25.061292099999996]]}},{"type":"Feature","properties":{"name":null,"kind":"footway"},"geometry":{"type":"LineString","coordinates":[[121.4404367,25.061188399999995],[121.44047310000002,25.061129299999997]]}},{"type":"Feature","properties":{"name":"新五路一段","kind":"secondary"},"geometry":{"type":"LineString","coordinates":[[121.4404764,25.061208],[121.4405127,25.061148599999996]]}},{"type":"Feature","properties":{"name":null,"kind":"footway"},"geometry":{"type":"LineString","coordinates":[[121.44104119999999,25.061044600000002],[121.4408679,25.061322500000003]]}},{"type":"Feature","properties":{"name":"新五路一段","kind":"secondary"},"geometry":{"type":"LineString","coordinates":[[121.4408049,25.061292099999996],[121.44076669999998,25.061352500000005]]}},{"type":"Feature","properties":{"name":null,"kind":"footway"},"geometry":{"type":"LineString","coordinates":[[121.4408679,25.061322500000003],[121.4408301,25.061383]]}},{"type":"Feature","properties":{"name":"新五路一段","kind":"secondary"},"geometry":{"type":"LineString","coordinates":[[121.4402331,25.0616385],[121.4404764,25.061208]]}},{"type":"Feature","properties":{"name":"泰山交流道","kind":"trunk_link"},"geometry":{"type":"LineString","coordinates":[[121.4403716,25.061735499999994],[121.4406978,25.061118899999997]]}},{"type":"Feature","properties":{"name":"泰山交流道","kind":"trunk_link"},"geometry":{"type":"LineString","coordinates":[[121.44078970000001,25.0611567],[121.4403716,25.061735499999994]]}},{"type":"Feature","properties":{"name":"泰林路二段142巷7弄","kind":"service"},"geometry":{"type":"LineString","coordinates":[[121.434478,25.0606219],[121.4347728,25.060145199999997]]}},{"type":"Feature","properties":{"name":"泰林路二段142巷13弄","kind":"service"},"geometry":{"type":"LineString","coordinates":[[121.4349801,25.0602547],[121.43468360000001,25.060729699999996]]}},{"type":"Feature","properties":{"name":"泰林路二段164巷","kind":"service"},"geometry":{"type":"LineString","coordinates":[[121.434478,25.0606219],[121.43468360000001,25.060729699999996]]}},{"type":"Feature","properties":{"name":null,"kind":"footway"},"geometry":{"type":"LineString","coordinates":[[121.4362529,25.0604468],[121.43759140000002,25.0610409]]}},{"type":"Feature","properties":{"name":null,"kind":"footway"},"geometry":{"type":"LineString","coordinates":[[121.43624019999999,25.0612659],[121.4368854,25.060244799999992],[121.43704789999998,25.060244499999992]]}},{"type":"Feature","properties":{"name":null,"kind":"footway"},"geometry":{"type":"LineString","coordinates":[[121.4367644,25.061551600000005],[121.4373775,25.060533599999996]]}},{"type":"Feature","properties":{"name":null,"kind":"footway"},"geometry":{"type":"LineString","coordinates":[[121.4370794,25.061829999999993],[121.43786329999999,25.06065179999999],[121.438045,25.0607317]]}},{"type":"Feature","properties":{"name":"楓江路86巷","kind":"service"},"geometry":{"type":"LineString","coordinates":[[121.43677200000002,25.0635172],[121.43710970000001,25.062942],[121.4373618,25.0627622],[121.43744230000001,25.062611599999997],[121.43737789999999,25.062519200000004],[121.43906079999998,25.059583999999994]]}},{"type":"Feature","properties":{"name":"楓江路26巷","kind":"service"},"geometry":{"type":"LineString","coordinates":[[121.4351291,25.062318500000007],[121.4351542,25.062024099999995],[121.43507750000002,25.061972100000002],[121.4343385,25.0618823],[121.4342236,25.062006600000004],[121.43422340000001,25.062433799999994]]}},{"type":"Feature","properties":{"name":null,"kind":"service"},"geometry":{"type":"LineString","coordinates":[[121.43737789999999,25.062519200000004],[121.4370614,25.0623297]]}},{"type":"Feature","properties":{"name":"楓江路16巷","kind":"residential"},"geometry":{"type":"LineString","coordinates":[[121.4338861,25.0624254],[121.4338662,25.061909099999994],[121.4340589,25.061299599999998]]}},{"type":"Feature","properties":{"name":"明志路一段175巷","kind":"footway"},"geometry":{"type":"LineString","coordinates":[[121.4333211,25.062042999999996],[121.43303440000001,25.0621665]]}},{"type":"Feature","properties":{"name":null,"kind":"footway"},"geometry":{"type":"LineString","coordinates":[[121.43148989999999,25.0623288],[121.4316095,25.0623324],[121.4315642,25.0624559]]}},{"type":"Feature","properties":{"name":null,"kind":"footway"},"geometry":{"type":"LineString","coordinates":[[121.4315642,25.0624559],[121.43148530000002,25.0624938],[121.43141220000001,25.0623498],[121.43148989999999,25.0623288]]}},{"type":"Feature","properties":{"name":null,"kind":"service"},"geometry":{"type":"LineString","coordinates":[[121.4329778,25.062530099999993],[121.43315959999998,25.062391899999994]]}},{"type":"Feature","properties":{"name":"楓江路","kind":"tertiary"},"geometry":{"type":"LineString","coordinates":[[121.4332778,25.062604699999998],[121.4338638,25.062424299999996],[121.43514780000001,25.062480700000005]]}},{"type":"Feature","properties":{"name":null,"kind":"service"},"geometry":{"type":"LineString","coordinates":[[121.4323255,25.062823799999997],[121.43251899999998,25.0627462]]}},{"type":"Feature","properties":{"name":"福德街16巷","kind":"service"},"geometry":{"type":"LineString","coordinates":[[121.4322109,25.062655900000003],[121.4323255,25.062823799999997],[121.43214880000001,25.062933100000002]]}},{"type":"Feature","properties":{"name":"福德街","kind":"service"},"geometry":{"type":"LineString","coordinates":[[121.4322377,25.062035600000005],[121.4324381,25.062428099999998],[121.43207640000001,25.06273669999999],[121.4325377,25.063730299999992]]}},{"type":"Feature","properties":{"name":"楓江路25巷1弄","kind":"service"},"geometry":{"type":"LineString","coordinates":[[121.4338911,25.0628983],[121.43444360000001,25.062878799999996]]}},{"type":"Feature","properties":{"name":"楓樹一橋","kind":"unclassified"},"geometry":{"type":"LineString","coordinates":[[121.4420926,25.061572799999997],[121.44185720000002,25.061928099999996]]}},{"type":"Feature","properties":{"name":"五股交流道","kind":"motorway_link"},"geometry":{"type":"LineString","coordinates":[[121.43939220000001,25.062971499999996],[121.4402331,25.0616385]]}},{"type":"Feature","properties":{"name":"泰山交流道","kind":"trunk_link"},"geometry":{"type":"LineString","coordinates":[[121.4394772,25.0631688],[121.4403716,25.061735499999994]]}},{"type":"Feature","properties":{"name":null,"kind":"service"},"geometry":{"type":"LineString","coordinates":[[121.44197580000001,25.062688899999998],[121.4412225,25.062294599999994]]}},{"type":"Feature","properties":{"name":"新五路一段","kind":"secondary"},"geometry":{"type":"LineString","coordinates":[[121.44076669999998,25.061352500000005],[121.4390846,25.0641326]]}},{"type":"Feature","properties":{"name":"新五路一段","kind":"secondary"},"geometry":{"type":"LineString","coordinates":[[121.43894460000001,25.0638991],[121.4402331,25.0616385]]}},{"type":"Feature","properties":{"name":"新五路一段","kind":"secondary"},"geometry":{"type":"LineString","coordinates":[[121.44076669999998,25.061352500000005],[121.44015069999999,25.0625708],[121.4394295,25.063752800000003],[121.4389076,25.0644118]]}},{"type":"Feature","properties":{"name":"新五路一段","kind":"secondary"},"geometry":{"type":"LineString","coordinates":[[121.4383914,25.064704699999997],[121.43914679999999,25.063209200000003],[121.43999370000002,25.061827399999995],[121.4404764,25.061208]]}},{"type":"Feature","properties":{"name":null,"kind":"service"},"geometry":{"type":"LineString","coordinates":[[121.44160099999999,25.0633307],[121.44071340000002,25.062875100000003]]}},{"type":"Feature","properties":{"name":"泰山交流道","kind":"trunk_link"},"geometry":{"type":"LineString","coordinates":[[121.4393632,25.063341600000005],[121.4394772,25.0631688]]}},{"type":"Feature","properties":{"name":"楓江路","kind":"tertiary"},"geometry":{"type":"LineString","coordinates":[[121.43514780000001,25.062480700000005],[121.4362411,25.062804600000003],[121.43677200000002,25.0635172]]}},{"type":"Feature","properties":{"name":"楓樹街15巷","kind":"service"},"geometry":{"type":"LineString","coordinates":[[121.434453,25.063035400000004],[121.4351588,25.0630053]]}},{"type":"Feature","properties":{"name":"楓樹街","kind":"residential"},"geometry":{"type":"LineString","coordinates":[[121.43514780000001,25.062480700000005],[121.4351957,25.0645048]]}},{"type":"Feature","properties":{"name":"文化街","kind":"residential"},"geometry":{"type":"LineString","coordinates":[[121.4367267,25.06347969999999],[121.4351707,25.063571999999997]]}},{"type":"Feature","properties":{"name":"文化街","kind":"residential"},"geometry":{"type":"LineString","coordinates":[[121.4351707,25.063571999999997],[121.43435890000002,25.063603599999997]]}},{"type":"Feature","properties":{"name":"楓江路83巷","kind":"service"},"geometry":{"type":"LineString","coordinates":[[121.43685859999998,25.064408999999998],[121.43677200000002,25.0635172]]}},{"type":"Feature","properties":{"name":"楓江路","kind":"tertiary"},"geometry":{"type":"LineString","coordinates":[[121.43677200000002,25.0635172],[121.4370131,25.063655200000003],[121.4378712,25.063779900000004],[121.4386028,25.064171199999997],[121.4389076,25.0644118]]}},{"type":"Feature","properties":{"name":null,"kind":"service"},"geometry":{"type":"LineString","coordinates":[[121.43438420000001,25.064094299999994],[121.4351845,25.064085899999995]]}},{"type":"Feature","properties":{"name":null,"kind":"service"},"geometry":{"type":"LineString","coordinates":[[121.43833019999998,25.064634199999993],[121.4385505,25.0642653],[121.43866560000001,25.0642317]]}},{"type":"Feature","properties":{"name":"和平街","kind":"service"},"geometry":{"type":"LineString","coordinates":[[121.4351957,25.0645048],[121.4370377,25.064398700000005],[121.43721280000001,25.064538400000004]]}},{"type":"Feature","properties":{"name":null,"kind":"residential"},"geometry":{"type":"LineString","coordinates":[[121.43440769999998,25.064549899999996],[121.43435890000002,25.063603599999997]]}},{"type":"Feature","properties":{"name":"明志路一段122巷","kind":"service"},"geometry":{"type":"LineString","coordinates":[[121.43339749999998,25.063581999999993],[121.4325377,25.063730299999992],[121.4321017,25.0641451],[121.431953,25.064046],[121.4314036,25.0642117],[121.43147480000002,25.064610599999998]]}},{"type":"Feature","properties":{"name":"明志路一段74巷","kind":"service"},"geometry":{"type":"LineString","coordinates":[[121.43306559999999,25.0645769],[121.43349490000001,25.0645221]]}},{"type":"Feature","properties":{"name":"和平街","kind":"service"},"geometry":{"type":"LineString","coordinates":[[121.43350570000001,25.064692900000004],[121.43440769999998,25.064549899999996]]}},{"type":"Feature","properties":{"name":"信義街9巷","kind":"service"},"geometry":{"type":"LineString","coordinates":[[121.4327426,25.0650659],[121.432618,25.064425699999997]]}},{"type":"Feature","properties":{"name":"信義街1巷","kind":"service"},"geometry":{"type":"LineString","coordinates":[[121.43339740000002,25.065075800000002],[121.4333345,25.064691]]}},{"type":"Feature","properties":{"name":"和平街5巷","kind":"service"},"geometry":{"type":"LineString","coordinates":[[121.4341003,25.065187],[121.4339594,25.06519039999999],[121.4338955,25.064616500000003]]}},{"type":"Feature","properties":{"name":"信義街","kind":"service"},"geometry":{"type":"LineString","coordinates":[[121.43239689999999,25.065156299999995],[121.4326679,25.0650635],[121.43352800000001,25.065044899999997]]}},{"type":"Feature","properties":{"name":"和平街13巷","kind":"service"},"geometry":{"type":"LineString","coordinates":[[121.43444360000001,25.065658399999993],[121.4343369,25.064553999999998]]}},{"type":"Feature","properties":{"name":"明志路一段19巷6弄","kind":"service"},"geometry":{"type":"LineString","coordinates":[[121.43415160000002,25.065681599999998],[121.4341003,25.065187]]}},{"type":"Feature","properties":{"name":"泰山交流道","kind":"trunk_link"},"geometry":{"type":"LineString","coordinates":[[121.43894460000001,25.0638991],[121.4393632,25.063341600000005]]}},{"type":"Feature","properties":{"name":"五股交流道","kind":"motorway_link"},"geometry":{"type":"LineString","coordinates":[[121.43843810000001,25.064363299999993],[121.43939220000001,25.062971499999996]]}},{"type":"Feature","properties":{"name":"中港西路136巷","kind":"service"},"geometry":{"type":"LineString","coordinates":[[121.44229200000001,25.062158899999996],[121.44036519999999,25.065412799999997]]}},{"type":"Feature","properties":{"name":null,"kind":"service"},"geometry":{"type":"LineString","coordinates":[[121.44144770000001,25.063593199999996],[121.4422954,25.064009999999996]]}},{"type":"Feature","properties":{"name":"泰山交流道","kind":"trunk_link"},"geometry":{"type":"LineString","coordinates":[[121.4393632,25.063341600000005],[121.4389229,25.0642309],[121.4389076,25.0644118]]}},{"type":"Feature","properties":{"name":"新五路一段","kind":"secondary"},"geometry":{"type":"LineString","coordinates":[[121.43866560000001,25.0642317],[121.43894460000001,25.0638991]]}},{"type":"Feature","properties":{"name":"新五路一段","kind":"secondary"},"geometry":{"type":"LineString","coordinates":[[121.4389076,25.0644118],[121.43858480000002,25.0649266]]}},{"type":"Feature","properties":{"name":null,"kind":"service"},"geometry":{"type":"LineString","coordinates":[[121.4389076,25.0644118],[121.43893290000001,25.064537],[121.4386486,25.064979800000003]]}},{"type":"Feature","properties":{"name":"楓江路","kind":"residential"},"geometry":{"type":"LineString","coordinates":[[121.4389076,25.0644118],[121.43992980000002,25.0652292]]}},{"type":"Feature","properties":{"name":"五股交流道","kind":"construction"},"geometry":{"type":"LineString","coordinates":[[121.44044820000002,25.061753899999996],[121.4403123,25.062176599999997],[121.43941590000001,25.0636552],[121.4384287,25.0656413],[121.4380237,25.0668566],[121.43796320000001,25.0674246],[121.43805179999998,25.067671199999996],[121.4388173,25.068505099999992]]}},{"type":"Feature","properties":{"name":"和平街","kind":"residential"},"geometry":{"type":"LineString","coordinates":[[121.43440769999998,25.064549899999996],[121.4351957,25.0645048]]}},{"type":"Feature","properties":{"name":null,"kind":"service"},"geometry":{"type":"LineString","coordinates":[[121.43721280000001,25.064538400000004],[121.4376094,25.064457899999994],[121.4380843,25.064693400000003]]}},{"type":"Feature","properties":{"name":null,"kind":"service"},"geometry":{"type":"LineString","coordinates":[[121.43808740000001,25.065055799999996],[121.43833019999998,25.064634199999993]]}},{"type":"Feature","properties":{"name":"新五路一段","kind":"secondary"},"geometry":{"type":"LineString","coordinates":[[121.4381551,25.065112900000003],[121.4383914,25.064704699999997]]}},{"type":"Feature","properties":{"name":"和平街27巷","kind":"service"},"geometry":{"type":"LineString","coordinates":[[121.43490260000002,25.0645216],[121.43498519999999,25.0654637]]}},{"type":"Feature","properties":{"name":"和平街21巷","kind":"service"},"geometry":{"type":"LineString","coordinates":[[121.4346355,25.0645369],[121.4347116,25.065490399999998]]}},{"type":"Feature","properties":{"name":"新五路一段","kind":"secondary"},"geometry":{"type":"LineString","coordinates":[[121.43858480000002,25.0649266],[121.43835269999998,25.065339999999996]]}},{"type":"Feature","properties":{"name":null,"kind":"service"},"geometry":{"type":"LineString","coordinates":[[121.4386486,25.064979800000003],[121.4384173,25.065395899999995]]}},{"type":"Feature","properties":{"name":null,"kind":"service"},"geometry":{"type":"LineString","coordinates":[[121.43585679999998,25.0659714],[121.4358827,25.0658087],[121.4368886,25.064710500000004],[121.43721280000001,25.064538400000004]]}},{"type":"Feature","properties":{"name":"迴轉道","kind":"service"},"geometry":{"type":"LineString","coordinates":[[121.4378617,25.065647200000004],[121.43789539999999,25.065380999999995],[121.4381415,25.0649406],[121.43852990000002,25.065313],[121.43811599999998,25.065938699999993]]}},{"type":"Feature","properties":{"name":null,"kind":"service"},"geometry":{"type":"LineString","coordinates":[[121.4344295,25.065512299999998],[121.43511930000001,25.065454]]}},{"type":"Feature","properties":{"name":"五股交流道","kind":"motorway_link"},"geometry":{"type":"LineString","coordinates":[[121.43745499999999,25.067235100000005],[121.43776540000002,25.065621399999998],[121.4380785,25.0648906],[121.43843810000001,25.064363299999993]]}},{"type":"Feature","properties":{"name":null,"kind":"service"},"geometry":{"type":"LineString","coordinates":[[121.4348164,25.065492799999998],[121.43490860000001,25.066358899999997]]}},{"type":"Feature","properties":{"name":"新五路二段2巷","kind":"service"},"geometry":{"type":"LineString","coordinates":[[121.4383339,25.065633200000004],[121.4381097,25.066338999999996],[121.43814899999998,25.066435399999996],[121.43848379999999,25.0666351]]}},{"type":"Feature","properties":{"name":"明志路一段19巷5弄","kind":"service"},"geometry":{"type":"LineString","coordinates":[[121.43363899999999,25.066253800000002],[121.4344059,25.0664063],[121.4347921,25.066386799999997],[121.4351505,25.066300799999997],[121.43585679999998,25.0659714],[121.4364176,25.0658937],[121.4377255,25.066112300000004]]}},{"type":"Feature","properties":{"name":"楓江路144巷","kind":"service"},"geometry":{"type":"LineString","coordinates":[[121.44055420000001,25.0654858],[121.4410482,25.0648846]]}},{"type":"Feature","properties":{"name":"楓江路144巷","kind":"service"},"geometry":{"type":"LineString","coordinates":[[121.43992980000002,25.0652292],[121.44055420000001,25.0654858]]}},{"type":"Feature","properties":{"name":"楓江路143巷","kind":"service"},"geometry":{"type":"LineString","coordinates":[[121.43992980000002,25.0652292],[121.4395595,25.0657885]]}},{"type":"Feature","properties":{"name":null,"kind":"service"},"geometry":{"type":"LineString","coordinates":[[121.44055420000001,25.0654858],[121.44091030000001,25.065814999999994]]}},{"type":"Feature","properties":{"name":"楓江路","kind":"service"},"geometry":{"type":"LineString","coordinates":[[121.43992980000002,25.0652292],[121.4401988,25.0656312],[121.4404214,25.0663681]]}},{"type":"Feature","properties":{"name":null,"kind":"service"},"geometry":{"type":"LineString","coordinates":[[121.4413567,25.0658346],[121.441204,25.065928700000004],[121.44091030000001,25.065814999999994]]}},{"type":"Feature","properties":{"name":"楓江路","kind":"service"},"geometry":{"type":"LineString","coordinates":[[121.44091030000001,25.065814999999994],[121.44036129999999,25.0664508],[121.43991700000001,25.0667825]]}},{"type":"Feature","properties":{"name":null,"kind":"service"},"geometry":{"type":"LineString","coordinates":[[121.43991700000001,25.0667825],[121.43959470000001,25.066837400000004],[121.4393647,25.0667091]]}},{"type":"Feature","properties":{"name":"楓江路","kind":"service"},"geometry":{"type":"LineString","coordinates":[[121.44023400000002,25.066534999999995],[121.44043390000002,25.0668769],[121.4407692,25.067073699999998],[121.4409677,25.067350699999995],[121.4411715,25.067484299999997]]}},{"type":"Feature","properties":{"name":null,"kind":"service"},"geometry":{"type":"LineString","coordinates":[[121.4418847,25.066801799999997],[121.44257600000002,25.0671452],[121.44252780000001,25.067320199999997]]}},{"type":"Feature","properties":{"name":"新五路二段2巷","kind":"service"},"geometry":{"type":"LineString","coordinates":[[121.43848379999999,25.0666351],[121.43818190000002,25.066454899999993]]}},{"type":"Feature","properties":{"name":null,"kind":"footway"},"geometry":{"type":"LineString","coordinates":[[121.431679,25.067034300000003],[121.4313742,25.067063400000002]]}},{"type":"Feature","properties":{"name":"半山雅橋","kind":"service"},"geometry":{"type":"LineString","coordinates":[[121.43200980000002,25.0673287],[121.43190090000002,25.067350999999995]]}},{"type":"Feature","properties":{"name":"五股交流道","kind":"motorway_link"},"geometry":{"type":"LineString","coordinates":[[121.43154329999999,25.068121399999995],[121.43168010000001,25.068125899999995]]}},{"type":"Feature","properties":{"name":"中山高速公路","kind":"motorway"},"geometry":{"type":"LineString","coordinates":[[121.4315419,25.0681853],[121.43168010000001,25.068193199999996]]}},{"type":"Feature","properties":{"name":"中山高速公路","kind":"motorway"},"geometry":{"type":"LineString","coordinates":[[121.43162640000001,25.068380299999998],[121.43149500000001,25.0683754]]}},{"type":"Feature","properties":{"name":null,"kind":"footway"},"geometry":{"type":"LineString","coordinates":[[121.43167469999999,25.0680262],[121.43153400000001,25.0687357]]}},{"type":"Feature","properties":{"name":"新五路二段2巷","kind":"unclassified"},"geometry":{"type":"LineString","coordinates":[[121.43848379999999,25.0666351],[121.4395799,25.067791900000003],[121.44319020000002,25.068899299999998],[121.4454299,25.069462799999997]]}},{"type":"Feature","properties":{"name":"五股交流道","kind":"motorway_link"},"geometry":{"type":"LineString","coordinates":[[121.43163449999999,25.0684653],[121.43147219999999,25.068462300000004]]}},{"type":"Feature","properties":{"name":null,"kind":"service"},"geometry":{"type":"LineString","coordinates":[[121.4316463,25.068654099999996],[121.43131229999999,25.068709200000004]]}},{"type":"Feature","properties":{"name":"中港西路120巷","kind":"service"},"geometry":{"type":"LineString","coordinates":[[121.4440742,25.0631099],[121.44146959999999,25.0675006]]}},{"type":"Feature","properties":{"name":null,"kind":"service"},"geometry":{"type":"LineString","coordinates":[[121.4428319,25.0651571],[121.44358209999999,25.065505399999996]]}},{"type":"Feature","properties":{"name":null,"kind":"service"},"geometry":{"type":"LineString","coordinates":[[121.4444459,25.066428300000002],[121.4435202,25.065986300000002]]}},{"type":"Feature","properties":{"name":null,"kind":"service"},"geometry":{"type":"LineString","coordinates":[[121.4413567,25.0658346],[121.44462550000001,25.06744069999999]]}},{"type":"Feature","properties":{"name":null,"kind":"service"},"geometry":{"type":"LineString","coordinates":[[121.4435996,25.067774999999997],[121.44468559999999,25.0660495]]}},{"type":"Feature","properties":{"name":"中港西路","kind":"unclassified"},"geometry":{"type":"LineString","coordinates":[[121.4445177,25.069258899999998],[121.4447277,25.065048299999997]]}},{"type":"Feature","properties":{"name":"中港東路","kind":"unclassified"},"geometry":{"type":"LineString","coordinates":[[121.4455683,25.065068299999993],[121.4454299,25.069462799999997]]}},{"type":"Feature","properties":{"name":null,"kind":"service"},"geometry":{"type":"LineString","coordinates":[[121.4253041,25.068541999999997],[121.42546740000002,25.068035700000003]]}},{"type":"Feature","properties":{"name":null,"kind":"service"},"geometry":{"type":"LineString","coordinates":[[121.41897430000002,25.065330799999998],[121.4188206,25.0653439]]}},{"type":"Feature","properties":{"name":"公車專用道","kind":"service"},"geometry":{"type":"LineString","coordinates":[[121.4188206,25.0653439],[121.41814480000001,25.065406000000003],[121.41797490000002,25.065497099999998]]}},{"type":"Feature","properties":{"name":null,"kind":"service"},"geometry":{"type":"LineString","coordinates":[[121.4188206,25.0653439],[121.41883549999999,25.065502599999995],[121.4185418,25.065561500000005]]}},{"type":"Feature","properties":{"name":null,"kind":"service"},"geometry":{"type":"LineString","coordinates":[[121.4185418,25.065561500000005],[121.418519,25.065460700000003],[121.4184144,25.065429100000003],[121.4180041,25.065545899999993]]}},{"type":"Feature","properties":{"name":"泰林路三段28巷","kind":"service"},"geometry":{"type":"LineString","coordinates":[[121.4190639,25.065173899999998],[121.41897430000002,25.065330799999998],[121.4189637,25.065805],[121.41863649999999,25.065916699999995]]}},{"type":"Feature","properties":{"name":"泰林路三段88巷","kind":"service"},"geometry":{"type":"LineString","coordinates":[[121.41788469999999,25.0653449],[121.4181954,25.0658379]]}},{"type":"Feature","properties":{"name":null,"kind":"service"},"geometry":{"type":"LineString","coordinates":[[121.4185418,25.065561500000005],[121.41855859999998,25.065690300000004],[121.4182541,25.0657358],[121.41822610000001,25.0656163],[121.4185418,25.065561500000005]]}},{"type":"Feature","properties":{"name":"黎專橋","kind":"service"},"geometry":{"type":"LineString","coordinates":[[121.4181954,25.0658379],[121.4182695,25.065945999999997]]}},{"type":"Feature","properties":{"name":"泰林路三段88巷","kind":"service"},"geometry":{"type":"LineString","coordinates":[[121.4182695,25.065945999999997],[121.4186161,25.0661676]]}},{"type":"Feature","properties":{"name":"黎專路","kind":"service"},"geometry":{"type":"LineString","coordinates":[[121.4186161,25.0661676],[121.4192649,25.066027799999993]]}},{"type":"Feature","properties":{"name":"橫窠雅二號橋","kind":"service"},"geometry":{"type":"LineString","coordinates":[[121.4154189,25.067253800000003],[121.4154796,25.067339999999998]]}},{"type":"Feature","properties":{"name":null,"kind":"service"},"geometry":{"type":"LineString","coordinates":[[121.4155017,25.067370500000003],[121.41522250000001,25.067568299999998]]}},{"type":"Feature","properties":{"name":"橫窠橋","kind":"secondary"},"geometry":{"type":"LineString","coordinates":[[121.413719,25.068089699999998],[121.41387450000002,25.067976799999997]]}},{"type":"Feature","properties":{"name":"泰林路三段168巷","kind":"service"},"geometry":{"type":"LineString","coordinates":[[121.4154796,25.067339999999998],[121.4156403,25.067698100000005],[121.41578819999998,25.067835400000003],[121.41577390000002,25.067937399999995],[121.4156004,25.068035299999995],[121.4152713,25.068426199999994],[121.41509299999998,25.0685421],[121.41378630000001,25.068843599999997],[121.41346290000001,25.0689862],[121.4132702,25.068907400000004]]}},{"type":"Feature","properties":{"name":"泰林路三段168巷","kind":"service"},"geometry":{"type":"LineString","coordinates":[[121.4131943,25.0688553],[121.41301619999999,25.068697600000004],[121.41305159999999,25.068544999999997]]}},{"type":"Feature","properties":{"name":"橫窠雅三號橋","kind":"service"},"geometry":{"type":"LineString","coordinates":[[121.4132702,25.068907400000004],[121.4131943,25.0688553]]}},{"type":"Feature","properties":{"name":"泰林路三段370巷","kind":"service"},"geometry":{"type":"LineString","coordinates":[[121.41249800000001,25.0689406],[121.41215080000002,25.0694473]]}},{"type":"Feature","properties":{"name":"橫窠雅四號橋","kind":"service"},"geometry":{"type":"LineString","coordinates":[[121.41215080000002,25.0694473],[121.41224179999999,25.0695551]]}},{"type":"Feature","properties":{"name":"泰林路三段370巷","kind":"service"},"geometry":{"type":"LineString","coordinates":[[121.41242540000002,25.069774600000002],[121.41275120000002,25.069646399999996],[121.41304490000002,25.0693828]]}},{"type":"Feature","properties":{"name":"泰林路三段370巷","kind":"service"},"geometry":{"type":"LineString","coordinates":[[121.41224179999999,25.0695551],[121.41242540000002,25.069774600000002],[121.4121702,25.0702552]]}},{"type":"Feature","properties":{"name":null,"kind":"service"},"geometry":{"type":"LineString","coordinates":[[121.42406300000002,25.067579],[121.4237464,25.067303100000004],[121.4230429,25.066879000000004],[121.42268260000002,25.0668255],[121.42253360000001,25.066425900000002],[121.42217409999999,25.06604949999999],[121.420096,25.0647603]]}},{"type":"Feature","properties":{"name":"黎專路","kind":"service"},"geometry":{"type":"LineString","coordinates":[[121.41985670000001,25.065726700000003],[121.41993929999998,25.065833999999995],[121.41988589999998,25.0661552],[121.42114329999998,25.0670516],[121.4211155,25.067343299999994]]}},{"type":"Feature","properties":{"name":"黎專路","kind":"service"},"geometry":{"type":"LineString","coordinates":[[121.42009230000001,25.066317500000004],[121.4197465,25.066767099999996]]}},{"type":"Feature","properties":{"name":null,"kind":"steps"},"geometry":{"type":"LineString","coordinates":[[121.42075589999999,25.066577500000005],[121.42081070000002,25.06651549999999]]}},{"type":"Feature","properties":{"name":null,"kind":"steps"},"geometry":{"type":"LineString","coordinates":[[121.4199363,25.0666465],[121.42008950000002,25.066761799999995]]}},{"type":"Feature","properties":{"name":null,"kind":"footway"},"geometry":{"type":"LineString","coordinates":[[121.42219000000001,25.066707600000004],[121.4222155,25.0668778]]}},{"type":"Feature","properties":{"name":"黎專路","kind":"service"},"geometry":{"type":"LineString","coordinates":[[121.4192202,25.0663282],[121.4193218,25.066116799999993],[121.4192649,25.066027799999993]]}},{"type":"Feature","properties":{"name":"泰林路三段120巷","kind":"service"},"geometry":{"type":"LineString","coordinates":[[121.4161825,25.066496699999995],[121.4161903,25.066648599999997]]}},{"type":"Feature","properties":{"name":"泰林路三段","kind":"secondary"},"geometry":{"type":"LineString","coordinates":[[121.41387450000002,25.067976799999997],[121.4152003,25.066930999999993],[121.4161825,25.066496699999995],[121.41788469999999,25.0653449]]}},{"type":"Feature","properties":{"name":"泰林路三段120巷","kind":"service"},"geometry":{"type":"LineString","coordinates":[[121.41617069999998,25.066801699999996],[121.41635420000001,25.066868299999996],[121.4166756,25.0667325],[121.4171041,25.06669979999999],[121.41748980000001,25.066473]]}},{"type":"Feature","properties":{"name":"橫窠雅一號橋","kind":"service"},"geometry":{"type":"LineString","coordinates":[[121.4161903,25.066648599999997],[121.41617069999998,25.066801699999996]]}}]}
