{"type":"FeatureCollection","features":[{"type":"Feature","properties":{"name":"二甲路","kind":"residential"},"geometry":{"type":"LineString","coordinates":[[121.3410969,24.9311947],[121.34097969999999,24.931232]]}},{"type":"Feature","properties":{"name":"甲一街120巷","kind":"residential"},"geometry":{"type":"LineString","coordinates":[[121.34011710000001,24.931957299999997],[121.33980600000001,24.931753000000004],[121.3401911,24.931144499999995],[121.34020329999998,24.9310708],[121.33994780000002,24.930897999999996]]}},{"type":"Feature","properties":{"name":"甲三街","kind":"service"},"geometry":{"type":"LineString","coordinates":[[121.3353892,24.933389899999998],[121.3383319,24.929786199999995]]}},{"type":"Feature","properties":{"name":null,"kind":"service"},"geometry":{"type":"LineString","coordinates":[[121.3414415,24.931696399999996],[121.34096079999999,24.9321435]]}},{"type":"Feature","properties":{"name":"甲一街90巷","kind":"service"},"geometry":{"type":"LineString","coordinates":[[121.33952990000002,24.9327251],[121.3390014,24.932476199999993],[121.33894760000001,24.932375499999996],[121.3391983,24.9319139],[121.3390459,24.931806599999998]]}},{"type":"Feature","properties":{"name":"環河路","kind":"unclassified"},"geometry":{"type":"LineString","coordinates":[[121.34097969999999,24.931232],[121.34093280000002,24.9311146],[121.34021430000001,24.9304588],[121.3383319,24.929786199999995],[121.33695450000002,24.9293993],[121.33582200000001,24.9295062],[121.3353285,24.9296643],[121.3346449,24.930264900000005],[121.33166540000002,24.9318699],[121.33137140000001,24.931989299999998],[121.3293071,24.932225600000002],[121.3277425,24.9328611]]}},{"type":"Feature","properties":{"name":"甲五街115巷","kind":"service"},"geometry":{"type":"LineString","coordinates":[[121.334427,24.931787199999995],[121.33386580000001,24.931315199999997]]}},{"type":"Feature","properties":{"name":null,"kind":"service"},"geometry":{"type":"LineString","coordinates":[[121.33525079999998,24.931218099999995],[121.33646130000001,24.932094099999997]]}},{"type":"Feature","properties":{"name":"甲五街60巷","kind":"service"},"geometry":{"type":"LineString","coordinates":[[121.3324774,24.9323185],[121.33232649999998,24.9321201],[121.33208510000001,24.931969299999995]]}},{"type":"Feature","properties":{"name":"甲五街","kind":"residential"},"geometry":{"type":"LineString","coordinates":[[121.33163120000002,24.9337304],[121.3324774,24.9323185],[121.33466089999999,24.930674399999997]]}},{"type":"Feature","properties":{"name":null,"kind":"service"},"geometry":{"type":"LineString","coordinates":[[121.3321396,24.9337217],[121.3324417,24.933259399999997]]}},{"type":"Feature","properties":{"name":null,"kind":"service"},"geometry":{"type":"LineString","coordinates":[[121.3302633,24.934162099999998],[121.3310959,24.9330896]]}},{"type":"Feature","properties":{"name":"福爾摩沙高速公路","kind":"motorway"},"geometry":{"type":"LineString","coordinates":[[121.34363549999999,24.935412800000005],[121.34525680000002,24.9350052],[121.34780790000002,24.934636499999996],[121.3486733,24.9345772],[121.3512187,24.934721300000003]]}},{"type":"Feature","properties":{"name":"福爾摩沙高速公路","kind":"motorway"},"geometry":{"type":"LineString","coordinates":[[121.3512605,24.934890499999998],[121.35007199999998,24.9347882],[121.34787700000001,24.9348201],[121.3466061,24.93494670000001],[121.34537290000002,24.935160899999996],[121.3436758,24.935582999999998]]}},{"type":"Feature","properties":{"name":null,"kind":"service"},"geometry":{"type":"LineString","coordinates":[[121.3418268,24.932121599999995],[121.3422984,24.9328039]]}},{"type":"Feature","properties":{"name":"甲二街","kind":"service"},"geometry":{"type":"LineString","coordinates":[[121.3385439,24.931078],[121.3366474,24.933916200000002],[121.33658080000001,24.934235700000002]]}},{"type":"Feature","properties":{"name":"甲一街","kind":"residential"},"geometry":{"type":"LineString","coordinates":[[121.34097969999999,24.931232],[121.34011710000001,24.931957299999997],[121.33906010000001,24.933391799999995],[121.33840150000002,24.933473],[121.337932,24.933644499999993],[121.3373195,24.9345968]]}},{"type":"Feature","properties":{"name":"自來水公司維修道路","kind":"unclassified"},"geometry":{"type":"LineString","coordinates":[[121.34565350000001,24.934839499999995],[121.34398060000001,24.93361459999999],[121.34318669999999,24.932917099999997],[121.3428094,24.932706799999995],[121.3425331,24.9326538],[121.34219950000002,24.932429499999998],[121.34175430000002,24.932061699999995],[121.34097969999999,24.931232]]}},{"type":"Feature","properties":{"name":null,"kind":"service"},"geometry":{"type":"LineString","coordinates":[[121.3437638,24.933433999999995],[121.343558,24.9337027],[121.3432448,24.933759899999995],[121.34293890000001,24.933929499999994]]}},{"type":"Feature","properties":{"name":"大漢溪左岸自行車道","kind":"cycleway"},"geometry":{"type":"LineString","coordinates":[[121.3285158,24.932351499999992],[121.3286543,24.932411799999997],[121.3293504,24.9321104],[121.3314471,24.93185679999999],[121.33452010000002,24.930242499999995],[121.3352657,24.929606399999997],[121.335719,24.929439200000004],[121.336922,24.929284100000004],[121.3385937,24.9297268],[121.3402829,24.930369399999996],[121.3410011,24.930986000000004],[121.3411848,24.931329000000005],[121.3422241,24.9323172],[121.34336400000001,24.932921599999997],[121.34423250000002,24.9337248],[121.3457715,24.934845],[121.3460712,24.935459999999996],[121.3464799,24.936056699999998],[121.3466638,24.936836199999995],[121.34666930000002,24.9375858],[121.34692530000001,24.9383792]]}},{"type":"Feature","properties":{"name":"二甲路佳美巷","kind":"service"},"geometry":{"type":"LineString","coordinates":[[121.3375677,24.933831],[121.3377363,24.933918900000002]]}},{"type":"Feature","properties":{"name":null,"kind":"service"},"geometry":{"type":"LineString","coordinates":[[121.343558,24.9337027],[121.34349480000002,24.9341056]]}},{"type":"Feature","properties":{"name":"二甲路佳美巷","kind":"service"},"geometry":{"type":"LineString","coordinates":[[121.3370712,24.9345133],[121.3375677,24.933831]]}},{"type":"Feature","properties":{"name":null,"kind":"service"},"geometry":{"type":"LineString","coordinates":[[121.33829300000001,24.935148600000005],[121.33906340000001,24.933676899999995]]}},{"type":"Feature","properties":{"name":"甲三街","kind":"service"},"geometry":{"type":"LineString","coordinates":[[121.33465750000002,24.933069499999995],[121.33529510000001,24.933297399999997],[121.33658080000001,24.934235700000002]]}},{"type":"Feature","properties":{"name":null,"kind":"service"},"geometry":{"type":"LineString","coordinates":[[121.3323988,24.9343322],[121.33327860000001,24.933135900000003]]}},{"type":"Feature","properties":{"name":null,"kind":"service"},"geometry":{"type":"LineString","coordinates":[[121.3315738,24.933748999999995],[121.3317673,24.933958899999997]]}},{"type":"Feature","properties":{"name":null,"kind":"service"},"geometry":{"type":"LineString","coordinates":[[121.3348047,24.9345235],[121.3351935,24.934184099999996],[121.3351908,24.9338241],[121.33549949999998,24.933494599999992]]}},{"type":"Feature","properties":{"name":null,"kind":"service"},"geometry":{"type":"LineString","coordinates":[[121.33660080000001,24.934110099999995],[121.33684089999998,24.934057299999992]]}},{"type":"Feature","properties":{"name":null,"kind":"service"},"geometry":{"type":"LineString","coordinates":[[121.3352257,24.9341123],[121.33539900000001,24.934177800000004]]}},{"type":"Feature","properties":{"name":"中正三路鄭厝巷","kind":"unclassified"},"geometry":{"type":"LineString","coordinates":[[121.3315738,24.933748999999995],[121.3327001,24.933747500000003],[121.3350844,24.934619799999997],[121.3352432,24.934628699999998],[121.3364726,24.934171999999993]]}},{"type":"Feature","properties":{"name":"中正三路335巷","kind":"unclassified"},"geometry":{"type":"LineString","coordinates":[[121.328632,24.934669600000007],[121.3315738,24.933748999999995]]}},{"type":"Feature","properties":{"name":null,"kind":"service"},"geometry":{"type":"LineString","coordinates":[[121.33661970000001,24.9342575],[121.33615139999999,24.934593699999997]]}},{"type":"Feature","properties":{"name":null,"kind":"service"},"geometry":{"type":"LineString","coordinates":[[121.33298349999998,24.9349062],[121.3330946,24.9346351],[121.3330475,24.9345691],[121.3333385,24.933989999999994]]}},{"type":"Feature","properties":{"name":null,"kind":"footway"},"geometry":{"type":"LineString","coordinates":[[121.3261304,24.928456599999997],[121.3265124,24.928785099999995],[121.32672979999998,24.9292211],[121.3267209,24.929461299999996]]}},{"type":"Feature","properties":{"name":null,"kind":"footway"},"geometry":{"type":"LineString","coordinates":[[121.3280617,24.9311115],[121.3280838,24.930832299999995],[121.3278459,24.930690900000002],[121.32741920000001,24.9302358],[121.3272251,24.9301664],[121.3267847,24.9294893],[121.3267209,24.929461299999996],[121.32604069999998,24.9297405]]}},{"type":"Feature","properties":{"name":null,"kind":"footway"},"geometry":{"type":"LineString","coordinates":[[121.3274394,24.9313709],[121.3275141,24.931383599999997],[121.3275225,24.9313109],[121.3274545,24.9313034],[121.3274394,24.9313709]]}},{"type":"Feature","properties":{"name":null,"kind":"footway"},"geometry":{"type":"LineString","coordinates":[[121.32823919999998,24.9318018],[121.32814910000002,24.931818500000002],[121.3280538,24.931648499999998],[121.3278126,24.931633800000004],[121.3276459,24.9314089],[121.3275262,24.931372999999997]]}},{"type":"Feature","properties":{"name":null,"kind":"service"},"geometry":{"type":"LineString","coordinates":[[121.3281936,24.93187809999999],[121.3282585,24.931859800000005]]}},{"type":"Feature","properties":{"name":null,"kind":"service"},"geometry":{"type":"LineString","coordinates":[[121.3249558,24.932058899999998],[121.324864,24.9316533],[121.3249156,24.931608899999997],[121.327432,24.9328964]]}},{"type":"Feature","properties":{"name":"福爾摩沙高速公路","kind":"motorway"},"geometry":{"type":"LineString","coordinates":[[121.31760329999999,24.935881000000002],[121.3161267,24.9345214],[121.31140770000002,24.929236099999997],[121.3095651,24.927598599999996],[121.30814020000001,24.926594399999995],[121.30618019999999,24.9254771],[121.3009799,24.9229173],[121.2999929,24.9222663],[121.2985477,24.921159800000005],[121.29735700000002,24.920003699999995]]}},{"type":"Feature","properties":{"name":null,"kind":"service"},"geometry":{"type":"LineString","coordinates":[[121.3270305,24.934513599999992],[121.327113,24.934142099999995],[121.3268522,24.933915700000007],[121.32755489999998,24.933217099999997],[121.32757339999999,24.9330369]]}},{"type":"Feature","properties":{"name":"中正三路335巷","kind":"service"},"geometry":{"type":"LineString","coordinates":[[121.3281286,24.9353564],[121.3287938,24.9343531],[121.32995799999999,24.932931499999995]]}},{"type":"Feature","properties":{"name":"中正三路365巷","kind":"service"},"geometry":{"type":"LineString","coordinates":[[121.32747190000002,24.9347685],[121.3279048,24.934119600000002]]}},{"type":"Feature","properties":{"name":"二橋新村","kind":"service"},"geometry":{"type":"LineString","coordinates":[[121.32976989999999,24.934745699999997],[121.3293255,24.934466099999998]]}},{"type":"Feature","properties":{"name":"中正三路388巷","kind":"service"},"geometry":{"type":"LineString","coordinates":[[121.3262838,24.9349555],[121.3265621,24.934929499999996],[121.3267432,24.934494199999996]]}},{"type":"Feature","properties":{"name":null,"kind":"service"},"geometry":{"type":"LineString","coordinates":[[121.3283675,24.9350713],[121.328212,24.934943999999998],[121.32827099999999,24.9347445]]}},{"type":"Feature","properties":{"name":"中正三路335巷3弄","kind":"service"},"geometry":{"type":"LineString","coordinates":[[121.32854099999999,24.934807799999998],[121.32900599999999,24.9350947]]}},{"type":"Feature","properties":{"name":null,"kind":"service"},"geometry":{"type":"LineString","coordinates":[[121.326554,24.935129099999997],[121.3268253,24.9350699]]}},{"type":"Feature","properties":{"name":null,"kind":"service"},"geometry":{"type":"LineString","coordinates":[[121.3265621,24.934929499999996],[121.3265456,24.935338199999997]]}},{"type":"Feature","properties":{"name":"中正三路335巷3弄","kind":"service"},"geometry":{"type":"LineString","coordinates":[[121.32869699999999,24.9352747],[121.3283675,24.9350713]]}},{"type":"Feature","properties":{"name":null,"kind":"service"},"geometry":{"type":"LineString","coordinates":[[121.33695450000002,24.934458699999993],[121.3368462,24.93490359999999]]}},{"type":"Feature","properties":{"name":"二甲路326巷","kind":"service"},"geometry":{"type":"LineString","coordinates":[[121.33655799999998,24.935627599999997],[121.336837,24.935384400000004],[121.3369457,24.9350482],[121.3372449,24.934593999999997]]}},{"type":"Feature","properties":{"name":"二甲路中心巷13弄","kind":"service"},"geometry":{"type":"LineString","coordinates":[[121.33758079999998,24.934757300000005],[121.3372977,24.9352527],[121.33771120000002,24.935464299999992]]}},{"type":"Feature","properties":{"name":"二甲路","kind":"residential"},"geometry":{"type":"LineString","coordinates":[[121.34036250000001,24.936368100000003],[121.33975959999998,24.9355948],[121.33791460000002,24.935005099999998],[121.3373195,24.9345968],[121.33658080000001,24.934235700000002]]}},{"type":"Feature","properties":{"name":"二甲路中心巷11弄","kind":"service"},"geometry":{"type":"LineString","coordinates":[[121.3368959,24.935195899999997],[121.3371565,24.935443899999996],[121.3376241,24.9356802]]}},{"type":"Feature","properties":{"name":"二甲路中心巷","kind":"service"},"geometry":{"type":"LineString","coordinates":[[121.33791460000002,24.935005099999998],[121.33741150000002,24.9360022],[121.33710219999999,24.936202500000004],[121.3368106,24.936202499999997]]}},{"type":"Feature","properties":{"name":null,"kind":"service"},"geometry":{"type":"LineString","coordinates":[[121.3386685,24.935694200000004],[121.3389859,24.935941399999997]]}},{"type":"Feature","properties":{"name":"二甲路230巷","kind":"service"},"geometry":{"type":"LineString","coordinates":[[121.33867610000001,24.936360699999998],[121.3393625,24.935431599999998]]}},{"type":"Feature","properties":{"name":null,"kind":"service"},"geometry":{"type":"LineString","coordinates":[[121.3459123,24.9352226],[121.3450761,24.9353609],[121.343918,24.93567],[121.3438105,24.9358352],[121.34150359999998,24.936593199999997],[121.34058160000001,24.9367508]]}},{"type":"Feature","properties":{"name":"二甲路","kind":"residential"},"geometry":{"type":"LineString","coordinates":[[121.34055670000001,24.936705],[121.34036250000001,24.936368100000003]]}},{"type":"Feature","properties":{"name":"中正三路291巷20弄","kind":"service"},"geometry":{"type":"LineString","coordinates":[[121.3294416,24.9352598],[121.329765,24.935495399999997]]}},{"type":"Feature","properties":{"name":null,"kind":"service"},"geometry":{"type":"LineString","coordinates":[[121.3277565,24.935321299999995],[121.32764660000001,24.9354527],[121.32739390000002,24.935313599999997]]}},{"type":"Feature","properties":{"name":null,"kind":"service"},"geometry":{"type":"LineString","coordinates":[[121.32783050000002,24.9355891],[121.32764660000001,24.9354527],[121.32748699999999,24.935588199999998],[121.32736780000002,24.935555]]}},{"type":"Feature","properties":{"name":"中正三路309巷12弄","kind":"service"},"geometry":{"type":"LineString","coordinates":[[121.3289009,24.935469300000005],[121.3291763,24.935629099999996]]}},{"type":"Feature","properties":{"name":"中正三路309巷","kind":"service"},"geometry":{"type":"LineString","coordinates":[[121.3289474,24.935958600000003],[121.3294416,24.9352598]]}},{"type":"Feature","properties":{"name":null,"kind":"service"},"geometry":{"type":"LineString","coordinates":[[121.3280362,24.9361097],[121.32763060000002,24.9358745]]}},{"type":"Feature","properties":{"name":"中正三路291巷","kind":"service"},"geometry":{"type":"LineString","coordinates":[[121.3294751,24.9363044],[121.32976549999998,24.935906699999997],[121.32984120000002,24.9356718]]}},{"type":"Feature","properties":{"name":"中正三路302巷","kind":"service"},"geometry":{"type":"LineString","coordinates":[[121.327804,24.936394399999994],[121.3284329,24.935623199999995]]}},{"type":"Feature","properties":{"name":"中正三路318巷","kind":"service"},"geometry":{"type":"LineString","coordinates":[[121.3256787,24.9367141],[121.32592680000002,24.936305499999996],[121.32603949999998,24.936250799999996],[121.32697720000002,24.936807599999995],[121.32783050000002,24.9355891],[121.327921,24.935592800000002],[121.3281286,24.9353564]]}},{"type":"Feature","properties":{"name":"中正三路282巷","kind":"service"},"geometry":{"type":"LineString","coordinates":[[121.3284248,24.9364121],[121.32879750000001,24.935874399999996]]}},{"type":"Feature","properties":{"name":null,"kind":"service"},"geometry":{"type":"LineString","coordinates":[[121.336495,24.9343505],[121.33653300000002,24.934535399999998],[121.3363418,24.934695899999994]]}},{"type":"Feature","properties":{"name":"鶯華新村","kind":"service"},"geometry":{"type":"LineString","coordinates":[[121.33003170000002,24.9351559],[121.3299448,24.934974499999996],[121.3305972,24.934064899999996]]}},{"type":"Feature","properties":{"name":"中正三路291巷","kind":"service"},"geometry":{"type":"LineString","coordinates":[[121.3298249,24.935632600000005],[121.329765,24.935495399999997],[121.33003170000002,24.9351559]]}},{"type":"Feature","properties":{"name":"中正三路291巷","kind":"service"},"geometry":{"type":"LineString","coordinates":[[121.32984120000002,24.9356718],[121.3298249,24.935632600000005]]}},{"type":"Feature","properties":{"name":null,"kind":"service"},"geometry":{"type":"LineString","coordinates":[[121.33274799999998,24.936181499999996],[121.3331331,24.9354578]]}},{"type":"Feature","properties":{"name":"中正三路291巷15弄","kind":"service"},"geometry":{"type":"LineString","coordinates":[[121.3298409,24.9357326],[121.3302986,24.93599189999999]]}},{"type":"Feature","properties":{"name":null,"kind":"service"},"geometry":{"type":"LineString","coordinates":[[121.33172990000001,24.935743999999996],[121.33205849999999,24.9359546],[121.3329437,24.9362459]]}},{"type":"Feature","properties":{"name":"中正三路291巷7弄","kind":"service"},"geometry":{"type":"LineString","coordinates":[[121.32976549999998,24.935906699999997],[121.33023559999998,24.936192500000004]]}},{"type":"Feature","properties":{"name":"中正三路247巷","kind":"service"},"geometry":{"type":"LineString","coordinates":[[121.3328231,24.938172600000005],[121.3334528,24.937063600000002],[121.3336284,24.9364081],[121.33379209999998,24.936219599999998],[121.33420780000002,24.935274699999997],[121.3348047,24.9345235]]}},{"type":"Feature","properties":{"name":null,"kind":"service"},"geometry":{"type":"LineString","coordinates":[[121.33311880000001,24.936374],[121.33359879999999,24.936491000000004]]}},{"type":"Feature","properties":{"name":"中正三路","kind":"tertiary"},"geometry":{"type":"LineString","coordinates":[[121.325723,24.934627199999998],[121.3267432,24.934494199999996],[121.3271173,24.9345492],[121.32747190000002,24.9347685],[121.3284329,24.935623199999995],[121.3301555,24.936771599999993],[121.33371310000001,24.9385997]]}},{"type":"Feature","properties":{"name":"中正三路283巷","kind":"service"},"geometry":{"type":"LineString","coordinates":[[121.33205849999999,24.9359546],[121.3313037,24.937394699999995]]}},{"type":"Feature","properties":{"name":"中正三路285巷","kind":"service"},"geometry":{"type":"LineString","coordinates":[[121.3308126,24.9364788],[121.33049470000002,24.9369543]]}},{"type":"Feature","properties":{"name":"中正三路247巷55弄","kind":"service"},"geometry":{"type":"LineString","coordinates":[[121.33357629999999,24.9366476],[121.3342653,24.936809000000004],[121.33450280000001,24.9366507]]}},{"type":"Feature","properties":{"name":null,"kind":"service"},"geometry":{"type":"LineString","coordinates":[[121.3342653,24.936809000000004],[121.3345956,24.9368615],[121.3347316,24.9368175]]}},{"type":"Feature","properties":{"name":null,"kind":"service"},"geometry":{"type":"LineString","coordinates":[[121.33750990000001,24.935878699999996],[121.33788670000001,24.9359776],[121.3382247,24.936164899999998],[121.3382193,24.936269499999995],[121.337758,24.936892100000005],[121.3377768,24.937096399999998],[121.3357651,24.937852800000005],[121.33400019999999,24.938402499999995]]}},{"type":"Feature","properties":{"name":"二橋街84巷","kind":"service"},"geometry":{"type":"LineString","coordinates":[[121.33663650000001,24.937584199999996],[121.33658070000001,24.9375418]]}},{"type":"Feature","properties":{"name":"中正三路許厝巷","kind":"service"},"geometry":{"type":"LineString","coordinates":[[121.33121680000002,24.938148299999998],[121.33159229999998,24.9378832],[121.33176260000002,24.9376388]]}},{"type":"Feature","properties":{"name":"中正三路210巷","kind":"service"},"geometry":{"type":"LineString","coordinates":[[121.33172040000001,24.938525400000003],[121.3321315,24.937809700000003]]}},{"type":"Feature","properties":{"name":"中正三路230巷","kind":"service"},"geometry":{"type":"LineString","coordinates":[[121.3313037,24.937394699999995],[121.331253,24.937570700000002],[121.33039870000002,24.938876699999998],[121.32999910000001,24.9392593]]}},{"type":"Feature","properties":{"name":null,"kind":"service"},"geometry":{"type":"LineString","coordinates":[[121.3441717,24.9369095],[121.3444655,24.9366548]]}},{"type":"Feature","properties":{"name":"福爾摩沙高速公路","kind":"motorway"},"geometry":{"type":"LineString","coordinates":[[121.3343865,24.938556300000002],[121.33619999999999,24.9380091],[121.3411487,24.936227099999996],[121.34363549999999,24.935412800000005]]}},{"type":"Feature","properties":{"name":"福爾摩沙高速公路","kind":"motorway"},"geometry":{"type":"LineString","coordinates":[[121.3436758,24.935582999999998],[121.33469539999999,24.9386411]]}},{"type":"Feature","properties":{"name":"環河路","kind":"service"},"geometry":{"type":"LineString","coordinates":[[121.3460343,24.935672600000004],[121.34557969999999,24.935836100000003],[121.34524849999998,24.935849499999996],[121.3444655,24.9366548],[121.34375580000001,24.9384581],[121.34409190000001,24.938692099999997]]}},{"type":"Feature","properties":{"name":null,"kind":"service"},"geometry":{"type":"LineString","coordinates":[[121.3374014,24.937985],[121.3376976,24.937991199999995],[121.3401755,24.937025499999997],[121.3402928,24.9368785],[121.34058160000001,24.9367508]]}},{"type":"Feature","properties":{"name":"環河路","kind":"service"},"geometry":{"type":"LineString","coordinates":[[121.3455722,24.938143500000002],[121.3442532,24.937271800000005]]}},{"type":"Feature","properties":{"name":"二甲路","kind":"residential"},"geometry":{"type":"LineString","coordinates":[[121.3395078,24.938914899999993],[121.3400077,24.9381742],[121.34062350000002,24.936820299999997],[121.34055670000001,24.936705]]}},{"type":"Feature","properties":{"name":"二橋街84巷","kind":"service"},"geometry":{"type":"LineString","coordinates":[[121.33726020000002,24.938057100000005],[121.33663650000001,24.937584199999996]]}},{"type":"Feature","properties":{"name":"二橋街84巷","kind":"service"},"geometry":{"type":"LineString","coordinates":[[121.3373165,24.938099800000003],[121.33726020000002,24.938057100000005]]}},{"type":"Feature","properties":{"name":"二橋街","kind":"service"},"geometry":{"type":"LineString","coordinates":[[121.33714570000001,24.938330599999997],[121.3374014,24.937985]]}},{"type":"Feature","properties":{"name":null,"kind":"service"},"geometry":{"type":"LineString","coordinates":[[121.3288075,24.9365893],[121.32876929999999,24.9364817],[121.3290663,24.936039600000008]]}},{"type":"Feature","properties":{"name":null,"kind":"service"},"geometry":{"type":"LineString","coordinates":[[121.3285039,24.9364288],[121.32877529999999,24.936543699999998]]}},{"type":"Feature","properties":{"name":"中正三路282巷10弄","kind":"service"},"geometry":{"type":"LineString","coordinates":[[121.3283904,24.9364957],[121.3286842,24.936683899999995]]}},{"type":"Feature","properties":{"name":null,"kind":"service"},"geometry":{"type":"LineString","coordinates":[[121.3280425,24.9365789],[121.3279567,24.9366737],[121.3280008,24.9368179],[121.32841340000002,24.937047500000006]]}},{"type":"Feature","properties":{"name":"中正三路282巷","kind":"service"},"geometry":{"type":"LineString","coordinates":[[121.3292901,24.9361775],[121.32900599999999,24.936523599999997],[121.32872700000001,24.936626400000005],[121.3280849,24.937488699999996]]}},{"type":"Feature","properties":{"name":"中正三路282巷12弄","kind":"service"},"geometry":{"type":"LineString","coordinates":[[121.32828440000002,24.9367729],[121.32850940000002,24.9369186]]}},{"type":"Feature","properties":{"name":"中正三路238巷","kind":"service"},"geometry":{"type":"LineString","coordinates":[[121.3301555,24.936771599999993],[121.3292451,24.9381448]]}},{"type":"Feature","properties":{"name":null,"kind":"service"},"geometry":{"type":"LineString","coordinates":[[121.32697720000002,24.936807599999995],[121.32583569999998,24.9384458]]}},{"type":"Feature","properties":{"name":"鶯歌系統交流道","kind":"motorway_link"},"geometry":{"type":"LineString","coordinates":[[121.3259535,24.939068100000004],[121.3265436,24.938970799999996],[121.32732949999999,24.9390122],[121.32957810000002,24.939361199999997],[121.3319838,24.939176200000002]]}},{"type":"Feature","properties":{"name":"中正三路230巷11弄3衕","kind":"service"},"geometry":{"type":"LineString","coordinates":[[121.32999910000001,24.9392593],[121.32959949999999,24.939256599999997],[121.3293332,24.9391224]]}},{"type":"Feature","properties":{"name":"二橋街82巷","kind":"service"},"geometry":{"type":"LineString","coordinates":[[121.3367513,24.9381319],[121.33712019999999,24.9383663]]}},{"type":"Feature","properties":{"name":"二橋街83巷","kind":"residential"},"geometry":{"type":"LineString","coordinates":[[121.33714570000001,24.938330599999997],[121.3373235,24.938450800000002]]}},{"type":"Feature","properties":{"name":"環河路","kind":"service"},"geometry":{"type":"LineString","coordinates":[[121.34449210000001,24.9374298],[121.3443308,24.938677099999996],[121.3439066,24.939377299999997]]}},{"type":"Feature","properties":{"name":"中正三路","kind":"residential"},"geometry":{"type":"LineString","coordinates":[[121.3373235,24.938450800000002],[121.3377456,24.938789999999994]]}},{"type":"Feature","properties":{"name":null,"kind":"service"},"geometry":{"type":"LineString","coordinates":[[121.3443419,24.9385623],[121.34455539999999,24.9387201]]}},{"type":"Feature","properties":{"name":"中正三路171巷","kind":"service"},"geometry":{"type":"LineString","coordinates":[[121.3370924,24.9391638],[121.33744729999998,24.9385346]]}},{"type":"Feature","properties":{"name":"二甲路","kind":"residential"},"geometry":{"type":"LineString","coordinates":[[121.3394214,24.939044700000004],[121.3395078,24.938914899999993]]}},{"type":"Feature","properties":{"name":"高職南街","kind":"residential"},"geometry":{"type":"LineString","coordinates":[[121.3377456,24.938789999999994],[121.3374692,24.939226099999996]]}},{"type":"Feature","properties":{"name":"中正三路171巷","kind":"service"},"geometry":{"type":"LineString","coordinates":[[121.33665600000002,24.939415999999994],[121.3367543,24.939303899999995],[121.3370924,24.9391638]]}},{"type":"Feature","properties":{"name":"高職南街","kind":"residential"},"geometry":{"type":"LineString","coordinates":[[121.3374692,24.939226099999996],[121.3371504,24.9397063]]}},{"type":"Feature","properties":{"name":null,"kind":"service"},"geometry":{"type":"LineString","coordinates":[[121.33240220000002,24.938428799999997],[121.3322821,24.938380900000002]]}},{"type":"Feature","properties":{"name":null,"kind":"service"},"geometry":{"type":"LineString","coordinates":[[121.33240220000002,24.938428799999997],[121.3326818,24.938516199999995]]}},{"type":"Feature","properties":{"name":"中正三路194巷","kind":"service"},"geometry":{"type":"LineString","coordinates":[[121.33240950000001,24.93888949999999],[121.33289020000001,24.9382054]]}},{"type":"Feature","properties":{"name":"中正三路194巷1弄","kind":"service"},"geometry":{"type":"LineString","coordinates":[[121.33240220000002,24.938428799999997],[121.3321779,24.9387213]]}},{"type":"Feature","properties":{"name":null,"kind":"service"},"geometry":{"type":"LineString","coordinates":[[121.33435600000001,24.938907800000003],[121.3352107,24.938630699999997],[121.3353768,24.9387311],[121.3365955,24.9383386]]}},{"type":"Feature","properties":{"name":"中正三路","kind":"tertiary"},"geometry":{"type":"LineString","coordinates":[[121.33371310000001,24.9385997],[121.3342841,24.938873299999994]]}},{"type":"Feature","properties":{"name":"中正三路193巷","kind":"service"},"geometry":{"type":"LineString","coordinates":[[121.3356341,24.9394702],[121.3367513,24.9381319]]}},{"type":"Feature","properties":{"name":"二橋街","kind":"residential"},"geometry":{"type":"LineString","coordinates":[[121.33647420000001,24.939302899999998],[121.33714570000001,24.938330599999997]]}},{"type":"Feature","properties":{"name":"福爾摩沙高速公路","kind":"motorway"},"geometry":{"type":"LineString","coordinates":[[121.3319838,24.939176200000002],[121.3343865,24.938556300000002]]}},{"type":"Feature","properties":{"name":"福爾摩沙高速公路","kind":"motorway"},"geometry":{"type":"LineString","coordinates":[[121.33469539999999,24.9386411],[121.33227440000002,24.9392687]]}},{"type":"Feature","properties":{"name":null,"kind":"service"},"geometry":{"type":"LineString","coordinates":[[121.32998230000001,24.9388184],[121.33015729999998,24.939128400000005]]}},{"type":"Feature","properties":{"name":"中正三路230巷11弄1衕","kind":"service"},"geometry":{"type":"LineString","coordinates":[[121.32956920000001,24.938884],[121.3300824,24.939196199999994]]}},{"type":"Feature","properties":{"name":"中正三路156巷","kind":"unclassified"},"geometry":{"type":"LineString","coordinates":[[121.33435600000001,24.938907800000003],[121.33389169999998,24.9392805]]}},{"type":"Feature","properties":{"name":null,"kind":"service"},"geometry":{"type":"LineString","coordinates":[[121.3360612,24.939020799999994],[121.33647420000001,24.939302899999998]]}},{"type":"Feature","properties":{"name":"二橋街","kind":"residential"},"geometry":{"type":"LineString","coordinates":[[121.33647420000001,24.939302899999998],[121.33665600000002,24.939415999999994]]}},{"type":"Feature","properties":{"name":"中正三路","kind":"tertiary"},"geometry":{"type":"LineString","coordinates":[[121.3342841,24.938873299999994],[121.3356341,24.9394702],[121.33636629999998,24.93997849999999]]}},{"type":"Feature","properties":{"name":"中正三路230巷","kind":"service"},"geometry":{"type":"LineString","coordinates":[[121.32999910000001,24.9392593],[121.33000030000001,24.9397816]]}},{"type":"Feature","properties":{"name":"中正三路156巷33弄","kind":"service"},"geometry":{"type":"LineString","coordinates":[[121.33354470000002,24.939742999999996],[121.333124,24.939375299999995],[121.3326893,24.939812199999995]]}},{"type":"Feature","properties":{"name":"中正三路156巷","kind":"unclassified"},"geometry":{"type":"LineString","coordinates":[[121.33389169999998,24.9392805],[121.3333634,24.939976899999998]]}},{"type":"Feature","properties":{"name":null,"kind":"service"},"geometry":{"type":"LineString","coordinates":[[121.33000030000001,24.9397816],[121.33066780000001,24.939913399999995],[121.3323814,24.9395474],[121.3325122,24.939367599999997]]}},{"type":"Feature","properties":{"name":null,"kind":"cycleway"},"geometry":{"type":"LineString","coordinates":[[121.3463905,24.935880299999997],[121.34640080000001,24.935879899999996]]}},{"type":"Feature","properties":{"name":null,"kind":"cycleway"},"geometry":{"type":"LineString","coordinates":[[121.34640080000001,24.935879899999996],[121.34644820000001,24.9359758]]}},{"type":"Feature","properties":{"name":null,"kind":"service"},"geometry":{"type":"LineString","coordinates":[[121.3465,24.9374627],[121.3462257,24.9375804]]}},{"type":"Feature","properties":{"name":null,"kind":"service"},"geometry":{"type":"LineString","coordinates":[[121.3452904,24.9379181],[121.3454491,24.937682900000002],[121.3456431,24.937756]]}},{"type":"Feature","properties":{"name":"環河路","kind":"service"},"geometry":{"type":"LineString","coordinates":[[121.34588780000001,24.9378792],[121.3455722,24.938143500000002]]}},{"type":"Feature","properties":{"name":"環河路","kind":"service"},"geometry":{"type":"LineString","coordinates":[[121.346373,24.9383473],[121.3459981,24.937903300000002],[121.34588780000001,24.9378792]]}},{"type":"Feature","properties":{"name":null,"kind":"cycleway"},"geometry":{"type":"LineString","coordinates":[[121.35605950000001,24.942049599999997],[121.35190020000002,24.937743699999995],[121.3513445,24.937663199999996],[121.3509794,24.9377521],[121.3505833,24.937039100000003],[121.35039629999999,24.936887900000002],[121.34999390000002,24.935748799999995],[121.35043910000002,24.935220400000002],[121.3500915,24.934569399999997],[121.3501483,24.9344659],[121.3505083,24.934501499999993],[121.35067479999998,24.9343521]]}},{"type":"Feature","properties":{"name":"三鶯路29巷","kind":"service"},"geometry":{"type":"LineString","coordinates":[[121.35117029999999,24.935188600000004],[121.35133410000002,24.936238499999998],[121.35160530000002,24.936897599999995],[121.35188599999998,24.9373551],[121.3523841,24.9379817],[121.35600259999998,24.941723299999992]]}},{"type":"Feature","properties":{"name":null,"kind":"cycleway"},"geometry":{"type":"LineString","coordinates":[[121.34684940000001,24.938612799999994],[121.3468414,24.9384424],[121.34699480000002,24.938338000000005],[121.34721660000001,24.9384551],[121.34713620000001,24.938676099999995],[121.34700780000001,24.93870469999999],[121.34684940000001,24.938612799999994]]}},{"type":"Feature","properties":{"name":null,"kind":"service"},"geometry":{"type":"LineString","coordinates":[[121.3466414,24.938680699999995],[121.3463008,24.938881600000002]]}},{"type":"Feature","properties":{"name":null,"kind":"service"},"geometry":{"type":"LineString","coordinates":[[121.34538580000002,24.9402229],[121.34576779999999,24.939865600000005],[121.34577280000002,24.9396112],[121.3462438,24.939549599999996],[121.3471247,24.9397577],[121.3474037,24.939724099999996]]}},{"type":"Feature","properties":{"name":"福爾摩沙高速公路","kind":"motorway"},"geometry":{"type":"LineString","coordinates":[[121.306277,24.925327199999998],[121.30824910000001,24.926432400000003],[121.3096989,24.927477999999997],[121.31073359999999,24.928387200000003],[121.3123568,24.929989499999998],[121.31569849999998,24.933863],[121.31694440000001,24.935100700000003],[121.3176691,24.9357132]]}},{"type":"Feature","properties":{"name":"自來水公司維修道路","kind":"unclassified"},"geometry":{"type":"LineString","coordinates":[[121.32840870000001,24.932234999999995],[121.3278874,24.931048299999997],[121.3273719,24.930549599999996],[121.32678190000001,24.9301604],[121.32615420000002,24.929873399999998],[121.3254461,24.929708000000005],[121.32479880000001,24.929405999999997],[121.3236477,24.928750300000004],[121.322,24.9275282]]}},{"type":"Feature","properties":{"name":"大漢溪左岸自行車道","kind":"cycleway"},"geometry":{"type":"LineString","coordinates":[[121.3223839,24.927696799999993],[121.323775,24.9286111],[121.3255179,24.9296218],[121.32635979999999,24.929813],[121.3270145,24.930142599999993],[121.3278277,24.9308021],[121.32803300000002,24.9310521],[121.3283559,24.931721599999996],[121.32847109999999,24.932213]]}},{"type":"Feature","properties":{"name":"中正三路491巷","kind":"service"},"geometry":{"type":"LineString","coordinates":[[121.3205875,24.933453099999998],[121.320648,24.933098399999995],[121.3210522,24.9326571]]}},{"type":"Feature","properties":{"name":null,"kind":"service"},"geometry":{"type":"LineString","coordinates":[[121.3206303,24.933532100000004],[121.321105,24.9330449]]}},{"type":"Feature","properties":{"name":null,"kind":"service"},"geometry":{"type":"LineString","coordinates":[[121.3198479,24.934124500000003],[121.32019760000001,24.9345378],[121.3201117,24.9346691]]}},{"type":"Feature","properties":{"name":null,"kind":"service"},"geometry":{"type":"LineString","coordinates":[[121.3230981,24.931976800000005],[121.32259290000002,24.931631399999997]]}},{"type":"Feature","properties":{"name":null,"kind":"service"},"geometry":{"type":"LineString","coordinates":[[121.3230954,24.9321884],[121.3230981,24.931976800000005]]}},{"type":"Feature","properties":{"name":null,"kind":"service"},"geometry":{"type":"LineString","coordinates":[[121.3231269,24.932100300000002],[121.3240674,24.932272899999997],[121.32460920000001,24.932078400000005],[121.3249558,24.932058899999998]]}},{"type":"Feature","properties":{"name":null,"kind":"service"},"geometry":{"type":"LineString","coordinates":[[121.3230859,24.932224899999998],[121.3230954,24.9321884]]}},{"type":"Feature","properties":{"name":null,"kind":"service"},"geometry":{"type":"LineString","coordinates":[[121.3249558,24.932058899999998],[121.3249642,24.932224899999998],[121.3247617,24.932656],[121.325209,24.9329084],[121.3255603,24.933263499999992],[121.32608470000001,24.9335785]]}},{"type":"Feature","properties":{"name":null,"kind":"service"},"geometry":{"type":"LineString","coordinates":[[121.3246021,24.934648599999996],[121.32407540000001,24.934389599999996],[121.32407270000002,24.934057],[121.3237703,24.9337238],[121.3236871,24.933397899999996],[121.3232181,24.932486400000002],[121.3230692,24.9323277],[121.3230859,24.932224899999998]]}},{"type":"Feature","properties":{"name":null,"kind":"service"},"geometry":{"type":"LineString","coordinates":[[121.32439640000001,24.933988299999996],[121.3245523,24.9339943],[121.3246677,24.933800999999992],[121.3247602,24.933776699999992]]}},{"type":"Feature","properties":{"name":null,"kind":"service"},"geometry":{"type":"LineString","coordinates":[[121.3245057,24.933844799999992],[121.3244215,24.9339919]]}},{"type":"Feature","properties":{"name":null,"kind":"service"},"geometry":{"type":"LineString","coordinates":[[121.3241352,24.93389519999999],[121.3243943,24.9340075]]}},{"type":"Feature","properties":{"name":"大漢溪左岸自行車道","kind":"cycleway"},"geometry":{"type":"LineString","coordinates":[[121.32847109999999,24.932213],[121.3285158,24.932351499999992]]}},{"type":"Feature","properties":{"name":"自來水公司維修道路","kind":"unclassified"},"geometry":{"type":"LineString","coordinates":[[121.3284718,24.932449499999997],[121.32840870000001,24.932234999999995]]}},{"type":"Feature","properties":{"name":"自來水公司維修道路","kind":"unclassified"},"geometry":{"type":"LineString","coordinates":[[121.32847589999999,24.932542299999998],[121.3284718,24.932449499999997]]}},{"type":"Feature","properties":{"name":null,"kind":"service"},"geometry":{"type":"LineString","coordinates":[[121.327432,24.9328964],[121.32751760000001,24.932987800000003]]}},{"type":"Feature","properties":{"name":null,"kind":"service"},"geometry":{"type":"LineString","coordinates":[[121.32751760000001,24.932987800000003],[121.32757339999999,24.9330369]]}},{"type":"Feature","properties":{"name":null,"kind":"service"},"geometry":{"type":"LineString","coordinates":[[121.3280029,24.933259399999997],[121.32830879999999,24.932997899999997]]}},{"type":"Feature","properties":{"name":null,"kind":"service"},"geometry":{"type":"LineString","coordinates":[[121.329366,24.933640999999998],[121.32856460000002,24.93311619999999]]}},{"type":"Feature","properties":{"name":null,"kind":"cycleway"},"geometry":{"type":"LineString","coordinates":[[121.3286543,24.932411799999997],[121.3277544,24.9327964],[121.3269979,24.933506900000005],[121.325788,24.934334900000003],[121.325723,24.934627199999998]]}},{"type":"Feature","properties":{"name":null,"kind":"service"},"geometry":{"type":"LineString","coordinates":[[121.32763540000002,24.9337382],[121.3280029,24.933259399999997],[121.3290877,24.9339746]]}},{"type":"Feature","properties":{"name":null,"kind":"unclassified"},"geometry":{"type":"LineString","coordinates":[[121.3257545,24.934624900000003],[121.325899,24.934301999999995],[121.3271175,24.933479699999992],[121.3277425,24.9328611]]}},{"type":"Feature","properties":{"name":null,"kind":"service"},"geometry":{"type":"LineString","coordinates":[[121.32483330000001,24.9340747],[121.3249022,24.933930999999998]]}},{"type":"Feature","properties":{"name":null,"kind":"service"},"geometry":{"type":"LineString","coordinates":[[121.3243943,24.9340075],[121.32438890000002,24.9340569]]}},{"type":"Feature","properties":{"name":null,"kind":"service"},"geometry":{"type":"LineString","coordinates":[[121.3245141,24.9340053],[121.32501239999999,24.9341383]]}},{"type":"Feature","properties":{"name":"中正三路","kind":"tertiary"},"geometry":{"type":"LineString","coordinates":[[121.3206538,24.933566899999995],[121.3212373,24.9342473],[121.32200830000001,24.934551499999998],[121.32319510000002,24.934535700000005],[121.3246021,24.934648599999996],[121.3255916,24.934642199999995]]}},{"type":"Feature","properties":{"name":null,"kind":"service"},"geometry":{"type":"LineString","coordinates":[[121.32438890000002,24.9340569],[121.32436009999999,24.934173699999995]]}},{"type":"Feature","properties":{"name":null,"kind":"service"},"geometry":{"type":"LineString","coordinates":[[121.32407270000002,24.934186499999992],[121.32457260000001,24.9342197]]}},{"type":"Feature","properties":{"name":null,"kind":"service"},"geometry":{"type":"LineString","coordinates":[[121.323325,24.934255599999993],[121.3233132,24.934549299999997]]}},{"type":"Feature","properties":{"name":"中正三路","kind":"tertiary"},"geometry":{"type":"LineString","coordinates":[[121.3255916,24.934642199999995],[121.325723,24.934627199999998]]}},{"type":"Feature","properties":{"name":"中正三路420巷","kind":"service"},"geometry":{"type":"LineString","coordinates":[[121.32384590000001,24.935015],[121.324578,24.935117999999992],[121.3246021,24.934648599999996]]}},{"type":"Feature","properties":{"name":"中正三路406巷","kind":"service"},"geometry":{"type":"LineString","coordinates":[[121.3252477,24.934661399999996],[121.32528930000001,24.9350919],[121.3250629,24.9359572]]}},{"type":"Feature","properties":{"name":"中正三路448巷","kind":"service"},"geometry":{"type":"LineString","coordinates":[[121.32319510000002,24.934535700000005],[121.32316510000001,24.935175200000003],[121.3230847,24.935375799999996],[121.3223471,24.936334100000003]]}},{"type":"Feature","properties":{"name":"中正三路406巷3弄","kind":"service"},"geometry":{"type":"LineString","coordinates":[[121.32514329999998,24.935767400000003],[121.32381860000001,24.935560699999996],[121.3234189,24.9361864]]}},{"type":"Feature","properties":{"name":"中正三路邱厝巷","kind":"service"},"geometry":{"type":"LineString","coordinates":[[121.3221837,24.934564100000003],[121.322003,24.9351138],[121.32182199999998,24.9351612],[121.32027169999999,24.937221699999995]]}},{"type":"Feature","properties":{"name":null,"kind":"service"},"geometry":{"type":"LineString","coordinates":[[121.3248632,24.935874799999993],[121.3251317,24.935989299999996]]}},{"type":"Feature","properties":{"name":null,"kind":"service"},"geometry":{"type":"LineString","coordinates":[[121.3257545,24.934624900000003],[121.32568740000002,24.935887199999996],[121.324471,24.937564200000004]]}},{"type":"Feature","properties":{"name":null,"kind":"track"},"geometry":{"type":"LineString","coordinates":[[121.32266490000002,24.935899999999993],[121.3229721,24.9361339],[121.322636,24.936543099999998]]}},{"type":"Feature","properties":{"name":null,"kind":"track"},"geometry":{"type":"LineString","coordinates":[[121.3234189,24.9361864],[121.3239054,24.936267000000004],[121.3242556,24.936432000000003]]}},{"type":"Feature","properties":{"name":null,"kind":"track"},"geometry":{"type":"LineString","coordinates":[[121.3234189,24.9361864],[121.3225379,24.937409799999998]]}},{"type":"Feature","properties":{"name":"鶯歌系統交流道","kind":"motorway_link"},"geometry":{"type":"LineString","coordinates":[[121.3185866,24.9364172],[121.31978539999999,24.937099399999997],[121.3205203,24.9373961],[121.32278220000002,24.937815100000005],[121.3237773,24.9381872]]}},{"type":"Feature","properties":{"name":"福爾摩沙高速公路","kind":"motorway"},"geometry":{"type":"LineString","coordinates":[[121.32383969999998,24.938899600000003],[121.32389210000001,24.93891409999999]]}},{"type":"Feature","properties":{"name":"中正三路曾厝巷","kind":"service"},"geometry":{"type":"LineString","coordinates":[[121.3209466,24.933956899999995],[121.3207807,24.934078299999996],[121.32033610000002,24.934173099999995],[121.31996320000002,24.9340065],[121.31971780000002,24.934277699999996],[121.3191756,24.934509099999996],[121.31827929999999,24.934784899999997],[121.3181069,24.9347168],[121.3176944,24.9354191],[121.31695919999999,24.934793400000004]]}},{"type":"Feature","properties":{"name":"福爾摩沙高速公路","kind":"motorway"},"geometry":{"type":"LineString","coordinates":[[121.3176691,24.9357132],[121.3191941,24.9368416],[121.32060029999998,24.937671],[121.32195480000001,24.938300900000005],[121.32383969999998,24.938899600000003]]}},{"type":"Feature","properties":{"name":"福爾摩沙高速公路","kind":"motorway"},"geometry":{"type":"LineString","coordinates":[[121.32376130000002,24.9390359],[121.3228187,24.938776899999997],[121.3208524,24.9379701],[121.31924620000001,24.937072600000004],[121.31760329999999,24.935881000000002]]}},{"type":"Feature","properties":{"name":null,"kind":"service"},"geometry":{"type":"LineString","coordinates":[[121.32027169999999,24.937221699999995],[121.31990890000002,24.9377839]]}},{"type":"Feature","properties":{"name":null,"kind":"service"},"geometry":{"type":"LineString","coordinates":[[121.32009940000002,24.937916500000004],[121.31997229999999,24.938139800000002],[121.32011710000002,24.938241999999995]]}},{"type":"Feature","properties":{"name":"鶯歌系統交流道","kind":"motorway_link"},"geometry":{"type":"LineString","coordinates":[[121.32303639999999,24.9402913],[121.32226350000002,24.939282300000002],[121.32144780000002,24.938534400000005],[121.3191845,24.937111500000004],[121.31869050000002,24.9366982]]}},{"type":"Feature","properties":{"name":"中正三路邱厝巷","kind":"service"},"geometry":{"type":"LineString","coordinates":[[121.31936629999998,24.937461799999998],[121.32031460000002,24.938066200000005],[121.32067940000002,24.938378699999998],[121.3207558,24.93854169999999],[121.3214116,24.9389029],[121.32138879999998,24.939085299999995],[121.3215243,24.939143599999998],[121.3216316,24.939329699999995],[121.32207550000001,24.939386899999995],[121.3221943,24.939686499999997],[121.32205509999999,24.93984319999999]]}},{"type":"Feature","properties":{"name":"福爾摩沙高速公路","kind":"motorway"},"geometry":{"type":"LineString","coordinates":[[121.3238137,24.939050299999998],[121.32376130000002,24.9390359]]}},{"type":"Feature","properties":{"name":"鶯歌系統交流道","kind":"motorway_link"},"geometry":{"type":"LineString","coordinates":[[121.324786,24.939583799999994],[121.3251695,24.939355599999995],[121.3259535,24.939068100000004]]}},{"type":"Feature","properties":{"name":"鶯歌系統交流道","kind":"motorway_link"},"geometry":{"type":"LineString","coordinates":[[121.3237773,24.9381872],[121.3243798,24.9386625],[121.32469940000001,24.9390521],[121.3250837,24.9399311],[121.32514200000001,24.9406464]]}},{"type":"Feature","properties":{"name":"鶯歌系統交流道","kind":"motorway_link"},"geometry":{"type":"LineString","coordinates":[[121.3230612,24.940338999999994],[121.32303639999999,24.9402913]]}},{"type":"Feature","properties":{"name":"鶯歌系統交流道","kind":"motorway_link"},"geometry":{"type":"LineString","coordinates":[[121.3237084,24.942541399999996],[121.3236871,24.9415777],[121.3238233,24.940906600000005],[121.3241149,24.940312],[121.324786,24.939583799999994]]}},{"type":"Feature","properties":{"name":"鶯歌系統交流道","kind":"motorway_link"},"geometry":{"type":"LineString","coordinates":[[121.32514200000001,24.9406464],[121.3249439,24.941413999999998],[121.3245317,24.942195400000003]]}},{"type":"Feature","properties":{"name":"鶯歌系統交流道","kind":"motorway_link"},"geometry":{"type":"LineString","coordinates":[[121.3237084,24.942541399999996],[121.3234292,24.941169199999997],[121.3230612,24.940338999999994]]}},{"type":"Feature","properties":{"name":null,"kind":"service"},"geometry":{"type":"LineString","coordinates":[[121.31928789999999,24.9401249],[121.31914540000001,24.940487],[121.3196031,24.94087229999999],[121.32091530000001,24.941456699999993],[121.32127490000002,24.941518099999996],[121.3224747,24.94225429999999],[121.32273190000001,24.943236300000002],[121.3228629,24.9432788],[121.3229191,24.943406000000003],[121.3233205,24.9452293]]}},{"type":"Feature","properties":{"name":"桃園環線","kind":"motorway"},"geometry":{"type":"LineString","coordinates":[[121.3245317,24.942195400000003],[121.32412859999998,24.943155100000002],[121.32403760000001,24.943677600000004],[121.32422060000002,24.9461347]]}},{"type":"Feature","properties":{"name":"桃園環線","kind":"motorway"},"geometry":{"type":"LineString","coordinates":[[121.32409280000002,24.946017999999995],[121.3237084,24.942541399999996]]}},{"type":"Feature","properties":{"name":"三鶯路31巷17弄","kind":"service"},"geometry":{"type":"LineString","coordinates":[[121.3536257,24.940637500000005],[121.35414300000001,24.940158600000004]]}},{"type":"Feature","properties":{"name":null,"kind":"secondary_link"},"geometry":{"type":"LineString","coordinates":[[121.35635690000001,24.9406844],[121.3566166,24.9403757]]}},{"type":"Feature","properties":{"name":null,"kind":"footway"},"geometry":{"type":"LineString","coordinates":[[121.35626930000001,24.9406381],[121.356497,24.940427099999997],[121.35670480000002,24.940641699999993]]}},{"type":"Feature","properties":{"name":"復興路","kind":"secondary"},"geometry":{"type":"LineString","coordinates":[[121.35635690000001,24.9406844],[121.35666590000001,24.9404459]]}},{"type":"Feature","properties":{"name":"復興路","kind":"secondary"},"geometry":{"type":"LineString","coordinates":[[121.3567275,24.940536899999998],[121.35646180000002,24.940744599999995]]}},{"type":"Feature","properties":{"name":null,"kind":"service"},"geometry":{"type":"LineString","coordinates":[[121.3541509,24.940599899999995],[121.3544416,24.9408947]]}},{"type":"Feature","properties":{"name":"三鶯路31巷","kind":"service"},"geometry":{"type":"LineString","coordinates":[[121.3560221,24.9420999],[121.35374610000001,24.939739]]}},{"type":"Feature","properties":{"name":null,"kind":"secondary"},"geometry":{"type":"LineString","coordinates":[[121.3559586,24.9412289],[121.35635690000001,24.9406844]]}},{"type":"Feature","properties":{"name":"三鶯路29巷","kind":"footway"},"geometry":{"type":"LineString","coordinates":[[121.3556441,24.9413701],[121.35584800000001,24.941295599999993],[121.35626930000001,24.9406381]]}},{"type":"Feature","properties":{"name":null,"kind":"secondary"},"geometry":{"type":"LineString","coordinates":[[121.35646180000002,24.940744599999995],[121.35603010000001,24.941269799999997]]}},{"type":"Feature","properties":{"name":null,"kind":"service"},"geometry":{"type":"LineString","coordinates":[[121.3542112,24.941120299999998],[121.3540093,24.940960900000004]]}},{"type":"Feature","properties":{"name":"三鶯路31巷17弄","kind":"service"},"geometry":{"type":"LineString","coordinates":[[121.3544869,24.941420699999995],[121.3542938,24.94147909999999],[121.35408200000002,24.941311799999998],[121.35463410000001,24.9406778]]}},{"type":"Feature","properties":{"name":"三鶯路10巷","kind":"service"},"geometry":{"type":"LineString","coordinates":[[121.3573314,24.940876499999998],[121.3571331,24.941268699999995]]}},{"type":"Feature","properties":{"name":"三鶯路三樓","kind":"footway"},"geometry":{"type":"LineString","coordinates":[[121.35670480000002,24.940641699999993],[121.3559681,24.941423899999997],[121.3559238,24.941561599999993]]}},{"type":"Feature","properties":{"name":"三鶯路31巷17弄","kind":"service"},"geometry":{"type":"LineString","coordinates":[[121.3548383,24.9416688],[121.3544869,24.941420699999995],[121.35485880000002,24.940915199999996]]}},{"type":"Feature","properties":{"name":null,"kind":"footway"},"geometry":{"type":"LineString","coordinates":[[121.3573623,24.941521000000005],[121.35739979999998,24.941469999999992],[121.3571331,24.941268699999995]]}},{"type":"Feature","properties":{"name":"三鶯路三樓","kind":"steps"},"geometry":{"type":"LineString","coordinates":[[121.3559681,24.941423899999997],[121.3561512,24.941587899999995]]}},{"type":"Feature","properties":{"name":"三鶯大橋","kind":"secondary"},"geometry":{"type":"LineString","coordinates":[[121.35603010000001,24.941269799999997],[121.35566379999999,24.941787200000004]]}},{"type":"Feature","properties":{"name":null,"kind":"footway"},"geometry":{"type":"LineString","coordinates":[[121.35662290000002,24.9406847],[121.35693329999998,24.940808],[121.3569398,24.940877300000004],[121.3567911,24.940925099999994],[121.35689770000002,24.940979899999995],[121.35728960000002,24.940959099999997],[121.36110110000001,24.942509299999994],[121.3638731,24.942984999999997],[121.36079650000002,24.942262],[121.357945,24.9410896],[121.35715309999999,24.940706899999995],[121.3569537,24.9404876]]}},{"type":"Feature","properties":{"name":"三鶯路31巷17弄","kind":"service"},"geometry":{"type":"LineString","coordinates":[[121.3548703,24.941844900000003],[121.3553096,24.941391700000004]]}},{"type":"Feature","properties":{"name":"三鶯路50巷","kind":"service"},"geometry":{"type":"LineString","coordinates":[[121.356799,24.942009300000002],[121.3573623,24.941521000000005]]}},{"type":"Feature","properties":{"name":"三鶯路31巷","kind":"unclassified"},"geometry":{"type":"LineString","coordinates":[[121.35619840000001,24.941544900000004],[121.35600259999998,24.941723299999992],[121.3561312,24.941932799999996],[121.35597550000001,24.942162599999993]]}},{"type":"Feature","properties":{"name":null,"kind":"cycleway"},"geometry":{"type":"LineString","coordinates":[[121.3559027,24.9421289],[121.35605950000001,24.942049599999997]]}},{"type":"Feature","properties":{"name":"三鶯大橋牽引道","kind":"steps"},"geometry":{"type":"LineString","coordinates":[[121.35554070000002,24.942033099999993],[121.35572790000002,24.942219600000005],[121.3556279,24.9420271],[121.3558254,24.9421665],[121.3557116,24.9419763],[121.3559027,24.9421289]]}},{"type":"Feature","properties":{"name":null,"kind":"footway"},"geometry":{"type":"LineString","coordinates":[[121.3502779,24.94255179999999],[121.350334,24.942504300000003],[121.3503899,24.9425622],[121.3503191,24.942604599999992],[121.3502779,24.94255179999999]]}},{"type":"Feature","properties":{"name":"環河路","kind":"unclassified"},"geometry":{"type":"LineString","coordinates":[[121.34565350000001,24.934839499999995],[121.3459123,24.9352226],[121.34617919999998,24.9360094],[121.3465,24.9374627],[121.3465408,24.937794600000004],[121.346373,24.9383473],[121.34648900000002,24.938509799999995],[121.34787480000001,24.9403778],[121.3507853,24.9438484],[121.3565277,24.949688],[121.3564708,24.949958399999996],[121.35632860000001,24.95004309999999],[121.35402740000002,24.9502779]]}},{"type":"Feature","properties":{"name":null,"kind":"service"},"geometry":{"type":"LineString","coordinates":[[121.34668559999999,24.9430103],[121.34714510000002,24.943022900000003],[121.3471892,24.9428546]]}},{"type":"Feature","properties":{"name":null,"kind":"footway"},"geometry":{"type":"LineString","coordinates":[[121.3503842,24.942578699999995],[121.35142620000002,24.9437148],[121.3515608,24.943979900000002]]}},{"type":"Feature","properties":{"name":null,"kind":"service"},"geometry":{"type":"LineString","coordinates":[[121.34650550000002,24.9434532],[121.347626,24.943571799999997],[121.3476276,24.9434051]]}},{"type":"Feature","properties":{"name":null,"kind":"cycleway"},"geometry":{"type":"LineString","coordinates":[[121.3526958,24.945389100000003],[121.3503493,24.9428634],[121.35030180000001,24.94259729999999]]}},{"type":"Feature","properties":{"name":null,"kind":"footway"},"geometry":{"type":"LineString","coordinates":[[121.35163230000002,24.944065499999997],[121.3516331,24.943986499999998],[121.35154599999998,24.943991799999992],[121.35154510000001,24.9440586],[121.35163230000002,24.944065499999997]]}},{"type":"Feature","properties":{"name":null,"kind":"service"},"geometry":{"type":"LineString","coordinates":[[121.34646800000002,24.943935600000007],[121.34685510000001,24.9440053],[121.34687390000002,24.944236399999998]]}},{"type":"Feature","properties":{"name":null,"kind":"path"},"geometry":{"type":"LineString","coordinates":[[121.3450336,24.9441445],[121.34578549999999,24.944231700000003]]}},{"type":"Feature","properties":{"name":null,"kind":"path"},"geometry":{"type":"LineString","coordinates":[[121.34643719999998,24.9442989],[121.34578549999999,24.944231700000003],[121.345487,24.9443003],[121.3452478,24.944173299999996]]}},{"type":"Feature","properties":{"name":"三鶯路62巷","kind":"service"},"geometry":{"type":"LineString","coordinates":[[121.3578573,24.941931399999994],[121.3573719,24.9424655]]}},{"type":"Feature","properties":{"name":null,"kind":"unclassified"},"geometry":{"type":"LineString","coordinates":[[121.35597550000001,24.942162599999993],[121.35626899999998,24.942745699999996]]}},{"type":"Feature","properties":{"name":"三鶯路62巷","kind":"service"},"geometry":{"type":"LineString","coordinates":[[121.3578976,24.942885599999993],[121.3584552,24.9422424]]}},{"type":"Feature","properties":{"name":"三鶯路76巷","kind":"service"},"geometry":{"type":"LineString","coordinates":[[121.35828900000001,24.9432629],[121.35896949999999,24.942517299999988]]}},{"type":"Feature","properties":{"name":null,"kind":"service"},"geometry":{"type":"LineString","coordinates":[[121.35597550000001,24.942162599999993],[121.355781,24.9422814],[121.35534670000001,24.9423353],[121.35418859999999,24.943887]]}},{"type":"Feature","properties":{"name":"三鶯路","kind":"tertiary"},"geometry":{"type":"LineString","coordinates":[[121.3614875,24.9455772],[121.3612614,24.9455253],[121.3607257,24.9452075],[121.35619840000001,24.941544900000004],[121.3567911,24.940925099999994],[121.3571433,24.940873600000003],[121.35717860000001,24.9408117]]}},{"type":"Feature","properties":{"name":null,"kind":"secondary_link"},"geometry":{"type":"LineString","coordinates":[[121.3542215,24.943654200000005],[121.3546583,24.942991199999998]]}},{"type":"Feature","properties":{"name":null,"kind":"secondary_link"},"geometry":{"type":"LineString","coordinates":[[121.3547366,24.943041],[121.3542215,24.943654200000005]]}},{"type":"Feature","properties":{"name":null,"kind":"cycleway"},"geometry":{"type":"LineString","coordinates":[[121.35239869999998,24.94579969999999],[121.3531712,24.944615399999996],[121.3556873,24.941449899999995],[121.3559586,24.9412289]]}},{"type":"Feature","properties":{"name":"(機車專用)","kind":"service"},"geometry":{"type":"LineString","coordinates":[[121.35242680000002,24.9458121],[121.35319759999999,24.9446295],[121.3559586,24.9412289]]}},{"type":"Feature","properties":{"name":"三鶯大橋","kind":"secondary"},"geometry":{"type":"LineString","coordinates":[[121.35247480000001,24.945840000000004],[121.3559586,24.9412289]]}},{"type":"Feature","properties":{"name":null,"kind":"cycleway"},"geometry":{"type":"LineString","coordinates":[[121.35603010000001,24.941269799999997],[121.3544057,24.943802499999997],[121.3526939,24.945908900000003]]}},{"type":"Feature","properties":{"name":"三鶯大橋","kind":"secondary"},"geometry":{"type":"LineString","coordinates":[[121.35566379999999,24.941787200000004],[121.3525897,24.945887099999993]]}},{"type":"Feature","properties":{"name":"(機車專用)","kind":"service"},"geometry":{"type":"LineString","coordinates":[[121.35566379999999,24.941787200000004],[121.3543885,24.943775799999997],[121.3526504,24.9459112]]}},{"type":"Feature","properties":{"name":null,"kind":"cycleway"},"geometry":{"type":"LineString","coordinates":[[121.35620269999998,24.942613999999995],[121.356131,24.9427599],[121.35622759999998,24.94302739999999],[121.35618460000002,24.943168499999995],[121.3560291,24.943255999999998],[121.3559271,24.943436000000005],[121.3559432,24.9436257],[121.3562919,24.944029400000005],[121.3566352,24.944214199999998],[121.3573273,24.944418500000005],[121.35753110000002,24.944647099999997],[121.35789590000002,24.945240499999997],[121.35800850000001,24.945610199999997],[121.3583867,24.946295199999998],[121.35815129999999,24.946401799999997]]}},{"type":"Feature","properties":{"name":"三鶯路83巷","kind":"residential"},"geometry":{"type":"LineString","coordinates":[[121.35896370000002,24.945861900000008],[121.3583059,24.9449909],[121.3580071,24.9443626],[121.35794820000001,24.943617400000004],[121.35804479999999,24.943292699999994],[121.35818570000002,24.943154899999993]]}},{"type":"Feature","properties":{"name":"三鶯路119巷","kind":"service"},"geometry":{"type":"LineString","coordinates":[[121.3595906,24.944993],[121.36000210000002,24.9446053]]}},{"type":"Feature","properties":{"name":null,"kind":"service"},"geometry":{"type":"LineString","coordinates":[[121.35977799999999,24.9448164],[121.3600891,24.945061600000002]]}},{"type":"Feature","properties":{"name":null,"kind":"service"},"geometry":{"type":"LineString","coordinates":[[121.3596797,24.9443369],[121.36025989999999,24.944011999999997],[121.36104980000002,24.943325],[121.3620356,24.943793400000004]]}},{"type":"Feature","properties":{"name":"光照街","kind":"residential"},"geometry":{"type":"LineString","coordinates":[[121.33665600000002,24.939415999999994],[121.3371504,24.9397063]]}},{"type":"Feature","properties":{"name":"公園街","kind":"residential"},"geometry":{"type":"LineString","coordinates":[[121.3374692,24.939226099999996],[121.3381414,24.939747900000004],[121.3379157,24.940109299999996]]}},{"type":"Feature","properties":{"name":null,"kind":"footway"},"geometry":{"type":"LineString","coordinates":[[121.33888950000001,24.939735799999998],[121.3389658,24.9396121],[121.33911290000002,24.939679299999995],[121.3390259,24.9398098],[121.33888950000001,24.939735799999998]]}},{"type":"Feature","properties":{"name":"中正三路福德巷","kind":"service"},"geometry":{"type":"LineString","coordinates":[[121.3391705,24.9394216],[121.34027610000001,24.9399034],[121.3403171,24.939965299999997],[121.3401578,24.9403466]]}},{"type":"Feature","properties":{"name":"光照街","kind":"residential"},"geometry":{"type":"LineString","coordinates":[[121.3371504,24.9397063],[121.33763739999999,24.940032200000005],[121.3379157,24.940109299999996]]}},{"type":"Feature","properties":{"name":"中正三路147巷","kind":"residential"},"geometry":{"type":"LineString","coordinates":[[121.3371504,24.9397063],[121.33680750000002,24.9402277]]}},{"type":"Feature","properties":{"name":null,"kind":"path"},"geometry":{"type":"LineString","coordinates":[[121.34154520000001,24.940012099999993],[121.34126590000001,24.9399407]]}},{"type":"Feature","properties":{"name":"二甲路","kind":"residential"},"geometry":{"type":"LineString","coordinates":[[121.3381567,24.940935499999995],[121.3394214,24.939044700000004]]}},{"type":"Feature","properties":{"name":null,"kind":"path"},"geometry":{"type":"LineString","coordinates":[[121.34458180000001,24.9406571],[121.34392359999998,24.9402303],[121.3429609,24.940029799999998],[121.3417239,24.9398535],[121.34146909999998,24.940092300000003],[121.3415718,24.940158099999998]]}},{"type":"Feature","properties":{"name":"光照街","kind":"service"},"geometry":{"type":"LineString","coordinates":[[121.3379157,24.940109299999996],[121.3384966,24.9404294]]}},{"type":"Feature","properties":{"name":"中正三路171巷","kind":"service"},"geometry":{"type":"LineString","coordinates":[[121.33632609999998,24.939950499999995],[121.33665600000002,24.939415999999994]]}},{"type":"Feature","properties":{"name":null,"kind":"footway"},"geometry":{"type":"LineString","coordinates":[[121.33635780000002,24.9398794],[121.3362781,24.9399902],[121.3364144,24.9400686],[121.33648590000001,24.939953799999994]]}},{"type":"Feature","properties":{"name":null,"kind":"service"},"geometry":{"type":"LineString","coordinates":[[121.33312170000002,24.940229099999996],[121.3326514,24.9398853],[121.33234779999998,24.940267299999995]]}},{"type":"Feature","properties":{"name":"中正三路","kind":"tertiary"},"geometry":{"type":"LineString","coordinates":[[121.33636629999998,24.93997849999999],[121.33680750000002,24.9402277]]}},{"type":"Feature","properties":{"name":"高職西街","kind":"residential"},"geometry":{"type":"LineString","coordinates":[[121.33636629999998,24.93997849999999],[121.3360532,24.940361800000005]]}},{"type":"Feature","properties":{"name":null,"kind":"service"},"geometry":{"type":"LineString","coordinates":[[121.3340993,24.9414728],[121.332777,24.9406357]]}},{"type":"Feature","properties":{"name":null,"kind":"service"},"geometry":{"type":"LineString","coordinates":[[121.3324208,24.941098099999998],[121.3321432,24.941106099999995]]}},{"type":"Feature","properties":{"name":"高職西街","kind":"residential"},"geometry":{"type":"LineString","coordinates":[[121.3360532,24.940361800000005],[121.3359206,24.941438699999996],[121.3360576,24.9417875],[121.33622609999999,24.9418999]]}},{"type":"Feature","properties":{"name":"高職西街118巷","kind":"service"},"geometry":{"type":"LineString","coordinates":[[121.3360532,24.940361800000005],[121.33490599999999,24.942096899999996]]}},{"type":"Feature","properties":{"name":"中正三路194巷","kind":"service"},"geometry":{"type":"LineString","coordinates":[[121.33058950000002,24.942388099999995],[121.3310332,24.941213299999998],[121.33101439999999,24.940926400000006],[121.3312299,24.940594399999995]]}},{"type":"Feature","properties":{"name":null,"kind":"path"},"geometry":{"type":"LineString","coordinates":[[121.34492040000002,24.940218099999992],[121.3455319,24.939610099999996]]}},{"type":"Feature","properties":{"name":"三鶯路31巷17弄","kind":"service"},"geometry":{"type":"LineString","coordinates":[[121.3530064,24.9404309],[121.3534977,24.9401736],[121.35374610000001,24.939739]]}},{"type":"Feature","properties":{"name":null,"kind":"service"},"geometry":{"type":"LineString","coordinates":[[121.3534977,24.9401736],[121.3538317,24.940432099999995]]}},{"type":"Feature","properties":{"name":null,"kind":"cycleway"},"geometry":{"type":"LineString","coordinates":[[121.35029850000001,24.9425158],[121.3496626,24.9418128],[121.3494051,24.941754399999994],[121.349374,24.941452399999992],[121.3490261,24.9409611],[121.34884910000001,24.940888099999995],[121.34882770000002,24.9407179],[121.3486506,24.9406449],[121.3486077,24.9404406],[121.3484307,24.9403336],[121.34841460000001,24.940158500000003],[121.3482537,24.940105000000003],[121.3482161,24.9399493],[121.3476797,24.9392878],[121.34707259999999,24.9387005]]}},{"type":"Feature","properties":{"name":null,"kind":"service"},"geometry":{"type":"LineString","coordinates":[[121.34787480000001,24.9403778],[121.347572,24.9406253],[121.34764740000001,24.941846800000004],[121.34806260000002,24.942592399999995],[121.34823690000002,24.943154600000003]]}},{"type":"Feature","properties":{"name":null,"kind":"service"},"geometry":{"type":"LineString","coordinates":[[121.34772750000002,24.9419898],[121.3478873,24.941881100000003],[121.3479845,24.941672799999992]]}},{"type":"Feature","properties":{"name":null,"kind":"service"},"geometry":{"type":"LineString","coordinates":[[121.3465429,24.94262279999999],[121.34631160000002,24.942160099999995]]}},{"type":"Feature","properties":{"name":"尖山路101巷","kind":"unclassified"},"geometry":{"type":"LineString","coordinates":[[121.34791980000001,24.942334700000004],[121.34739609999998,24.942510999999996]]}},{"type":"Feature","properties":{"name":"尖山路101巷","kind":"unclassified"},"geometry":{"type":"LineString","coordinates":[[121.34739609999998,24.942510999999996],[121.34734770000001,24.9425229]]}},{"type":"Feature","properties":{"name":null,"kind":"service"},"geometry":{"type":"LineString","coordinates":[[121.34806260000002,24.942592399999995],[121.34842630000001,24.94245]]}},{"type":"Feature","properties":{"name":"光照街10巷","kind":"service"},"geometry":{"type":"LineString","coordinates":[[121.3378919,24.9403879],[121.33802870000001,24.9401715]]}},{"type":"Feature","properties":{"name":"中正三路","kind":"tertiary"},"geometry":{"type":"LineString","coordinates":[[121.33680750000002,24.9402277],[121.3373898,24.940533199999997]]}},{"type":"Feature","properties":{"name":null,"kind":"path"},"geometry":{"type":"LineString","coordinates":[[121.34360859999998,24.940671600000005],[121.34353949999999,24.940265600000004],[121.34360150000002,24.940172599999997]]}},{"type":"Feature","properties":{"name":null,"kind":"path"},"geometry":{"type":"LineString","coordinates":[[121.34416530000001,24.940735899999996],[121.3442279,24.940451799999998]]}},{"type":"Feature","properties":{"name":"中正三路","kind":"tertiary"},"geometry":{"type":"LineString","coordinates":[[121.3373898,24.940533199999997],[121.3381567,24.940935499999995]]}},{"type":"Feature","properties":{"name":"中正三路福德巷","kind":"residential"},"geometry":{"type":"LineString","coordinates":[[121.3403389,24.941332000000003],[121.3393651,24.940431699999994]]}},{"type":"Feature","properties":{"name":null,"kind":"footway"},"geometry":{"type":"LineString","coordinates":[[121.33804249999999,24.940972999999996],[121.33814179999999,24.94082939999999],[121.3382742,24.9408951],[121.3381803,24.941037899999998],[121.33804249999999,24.940972999999996]]}},{"type":"Feature","properties":{"name":"國中路","kind":"residential"},"geometry":{"type":"LineString","coordinates":[[121.3420744,24.9432011],[121.34213939999998,24.942164299999998],[121.34199589999999,24.941866400000002],[121.3404243,24.940528699999998],[121.33897199999998,24.9397198],[121.3377456,24.938789999999994]]}},{"type":"Feature","properties":{"name":"中正三路福德巷2弄","kind":"residential"},"geometry":{"type":"LineString","coordinates":[[121.3393651,24.940431699999994],[121.3392799,24.9404685],[121.33909610000002,24.940818699999998],[121.339691,24.9417629]]}},{"type":"Feature","properties":{"name":"中正三路","kind":"tertiary"},"geometry":{"type":"LineString","coordinates":[[121.3381567,24.940935499999995],[121.33858259999998,24.9411854],[121.3387159,24.941419899999996]]}},{"type":"Feature","properties":{"name":"中正三路福德巷","kind":"service"},"geometry":{"type":"LineString","coordinates":[[121.33900160000002,24.942038599999993],[121.33928370000001,24.941843099999996],[121.3396699,24.94128209999999],[121.3396715,24.941131899999995],[121.3400476,24.941052499999998],[121.34015019999998,24.9408656],[121.34028300000001,24.940842500000002],[121.3404243,24.940528699999998]]}},{"type":"Feature","properties":{"name":"中正三路100巷","kind":"residential"},"geometry":{"type":"LineString","coordinates":[[121.3374263,24.942009399999996],[121.3381567,24.940935499999995]]}},{"type":"Feature","properties":{"name":"高職東街","kind":"residential"},"geometry":{"type":"LineString","coordinates":[[121.33900160000002,24.942038599999993],[121.339691,24.9417629],[121.3408955,24.940943299999997]]}},{"type":"Feature","properties":{"name":"中正三路","kind":"tertiary"},"geometry":{"type":"LineString","coordinates":[[121.3387159,24.941419899999996],[121.33900160000002,24.942038599999993]]}},{"type":"Feature","properties":{"name":null,"kind":"residential"},"geometry":{"type":"LineString","coordinates":[[121.3377879,24.941488],[121.3381446,24.941737299999996],[121.33845220000002,24.942254]]}},{"type":"Feature","properties":{"name":"高職東街19巷","kind":"residential"},"geometry":{"type":"LineString","coordinates":[[121.3412967,24.94256349999999],[121.3403389,24.941332000000003]]}},{"type":"Feature","properties":{"name":null,"kind":"footway"},"geometry":{"type":"LineString","coordinates":[[121.3389682,24.942135299999997],[121.3389029,24.9420087],[121.3390702,24.9419576],[121.3391266,24.942070400000002],[121.3389682,24.942135299999997]]}},{"type":"Feature","properties":{"name":"高職西街","kind":"residential"},"geometry":{"type":"LineString","coordinates":[[121.33845220000002,24.942254],[121.33900160000002,24.942038599999993]]}},{"type":"Feature","properties":{"name":"中正三路100巷","kind":"residential"},"geometry":{"type":"LineString","coordinates":[[121.3372283,24.942294999999998],[121.3374263,24.942009399999996]]}},{"type":"Feature","properties":{"name":"中正三路","kind":"tertiary"},"geometry":{"type":"LineString","coordinates":[[121.33900160000002,24.942038599999993],[121.3391553,24.9423746]]}},{"type":"Feature","properties":{"name":null,"kind":"service"},"geometry":{"type":"LineString","coordinates":[[121.3309041,24.941587],[121.33066,24.941491199999998]]}},{"type":"Feature","properties":{"name":"中正三路194巷","kind":"service"},"geometry":{"type":"LineString","coordinates":[[121.33044310000001,24.941118499999998],[121.3299416,24.9421582]]}},{"type":"Feature","properties":{"name":null,"kind":"service"},"geometry":{"type":"LineString","coordinates":[[121.3309808,24.9423571],[121.3309063,24.942246499999996],[121.33097420000001,24.9419673],[121.33080520000001,24.941856599999994]]}},{"type":"Feature","properties":{"name":"高職西街","kind":"residential"},"geometry":{"type":"LineString","coordinates":[[121.33622609999999,24.9418999],[121.3372283,24.942294999999998]]}},{"type":"Feature","properties":{"name":"中正三路156巷","kind":"unclassified"},"geometry":{"type":"LineString","coordinates":[[121.3333634,24.939976899999998],[121.33298670000002,24.9403502],[121.3324208,24.941098099999998],[121.33245480000001,24.9412212],[121.33172870000001,24.942393999999997],[121.3314907,24.942371699999995],[121.3309249,24.942537599999998],[121.3308096,24.9426616],[121.3307962,24.9428307],[121.33054540000002,24.942919399999997],[121.3300586,24.943715899999997],[121.32938670000001,24.9437609],[121.329148,24.9438959],[121.3290097,24.944429]]}},{"type":"Feature","properties":{"name":"中正三路194巷","kind":"service"},"geometry":{"type":"LineString","coordinates":[[121.3299416,24.9421582],[121.33058950000002,24.942388099999995]]}},{"type":"Feature","properties":{"name":null,"kind":"service"},"geometry":{"type":"LineString","coordinates":[[121.3314907,24.942371699999995],[121.3309808,24.9423571]]}},{"type":"Feature","properties":{"name":null,"kind":"service"},"geometry":{"type":"LineString","coordinates":[[121.33058950000002,24.942388099999995],[121.3309808,24.9423571]]}},{"type":"Feature","properties":{"name":null,"kind":"service"},"geometry":{"type":"LineString","coordinates":[[121.33172870000001,24.942393999999997],[121.3320352,24.9427096],[121.3317858,24.943245100000002]]}},{"type":"Feature","properties":{"name":null,"kind":"service"},"geometry":{"type":"LineString","coordinates":[[121.3325848,24.9435991],[121.33262160000001,24.943303099999998],[121.3323775,24.943281199999998],[121.3323989,24.943118299999995],[121.3321951,24.9431085]]}},{"type":"Feature","properties":{"name":null,"kind":"path"},"geometry":{"type":"LineString","coordinates":[[121.3451403,24.9424068],[121.3433972,24.942091599999998]]}},{"type":"Feature","properties":{"name":"高職東街3巷","kind":"residential"},"geometry":{"type":"LineString","coordinates":[[121.339691,24.9417629],[121.3401242,24.942785200000003]]}},{"type":"Feature","properties":{"name":"高職西街","kind":"residential"},"geometry":{"type":"LineString","coordinates":[[121.3372283,24.942294999999998],[121.3375836,24.9424386],[121.3378236,24.942442999999997],[121.33845220000002,24.942254]]}},{"type":"Feature","properties":{"name":"中正三路5巷","kind":"residential"},"geometry":{"type":"LineString","coordinates":[[121.3401242,24.942785200000003],[121.3412019,24.942665199999997],[121.3412967,24.94256349999999]]}},{"type":"Feature","properties":{"name":"中正三路","kind":"tertiary"},"geometry":{"type":"LineString","coordinates":[[121.3391553,24.9423746],[121.3394402,24.943034099999995]]}},{"type":"Feature","properties":{"name":"中正三路5巷","kind":"service"},"geometry":{"type":"LineString","coordinates":[[121.33939850000002,24.942937099999998],[121.3401242,24.942785200000003]]}},{"type":"Feature","properties":{"name":null,"kind":"service"},"geometry":{"type":"LineString","coordinates":[[121.3421301,24.942461799999997],[121.3425706,24.942418299999996],[121.343329,24.9425406],[121.34343339999998,24.942781],[121.34348220000001,24.9433097],[121.3436826,24.943466499999992]]}},{"type":"Feature","properties":{"name":"中正三路","kind":"tertiary"},"geometry":{"type":"LineString","coordinates":[[121.3394402,24.943034099999995],[121.33946219999999,24.943085399999998]]}},{"type":"Feature","properties":{"name":null,"kind":"path"},"geometry":{"type":"LineString","coordinates":[[121.3443067,24.943609999999996],[121.34421040000001,24.943403699999998],[121.3443428,24.9430145],[121.3442473,24.942863],[121.3439659,24.9426275],[121.343329,24.9425406]]}},{"type":"Feature","properties":{"name":null,"kind":"path"},"geometry":{"type":"LineString","coordinates":[[121.34552749999999,24.9432245],[121.3434461,24.943021800000004]]}},{"type":"Feature","properties":{"name":"國中路60巷","kind":"service"},"geometry":{"type":"LineString","coordinates":[[121.3411668,24.943195499999995],[121.34132710000002,24.94312409999999],[121.3420818,24.9431178]]}},{"type":"Feature","properties":{"name":"國中路60巷","kind":"service"},"geometry":{"type":"LineString","coordinates":[[121.34110989999999,24.9432318],[121.3411668,24.943195499999995]]}},{"type":"Feature","properties":{"name":"中正三路","kind":"tertiary"},"geometry":{"type":"LineString","coordinates":[[121.33946219999999,24.943085399999998],[121.3396225,24.943351699999994]]}},{"type":"Feature","properties":{"name":"國中路","kind":"residential"},"geometry":{"type":"LineString","coordinates":[[121.34207,24.943250399999997],[121.3420744,24.9432011]]}},{"type":"Feature","properties":{"name":"國中路60巷","kind":"service"},"geometry":{"type":"LineString","coordinates":[[121.34105359999998,24.9433024],[121.34110989999999,24.9432318]]}},{"type":"Feature","properties":{"name":"尖山路302巷","kind":"service"},"geometry":{"type":"LineString","coordinates":[[121.3397875,24.9434375],[121.34031480000002,24.943231599999994],[121.3420555,24.9434124]]}},{"type":"Feature","properties":{"name":null,"kind":"path"},"geometry":{"type":"LineString","coordinates":[[121.34499139999998,24.944593199999996],[121.3450275,24.943952299999996],[121.3449614,24.943763799999992],[121.34511130000001,24.942799900000004],[121.3448559,24.942721300000002],[121.3449621,24.9423588]]}},{"type":"Feature","properties":{"name":"尖山路","kind":"residential"},"geometry":{"type":"LineString","coordinates":[[121.3399913,24.943612599999998],[121.3404268,24.9435083],[121.34068780000001,24.943526199999997],[121.34160520000002,24.9439063],[121.3420499,24.943911799999995]]}},{"type":"Feature","properties":{"name":"尖山路259巷","kind":"service"},"geometry":{"type":"LineString","coordinates":[[121.340237,24.9438812],[121.3404918,24.9438421],[121.34071599999999,24.943935099999994],[121.3408861,24.943583699999998]]}},{"type":"Feature","properties":{"name":"國中路","kind":"residential"},"geometry":{"type":"LineString","coordinates":[[121.34198629999999,24.9445591],[121.34207,24.943250399999997]]}},{"type":"Feature","properties":{"name":"尖山路","kind":"tertiary"},"geometry":{"type":"LineString","coordinates":[[121.34108920000001,24.944817699999998],[121.3399913,24.943612599999998],[121.3396225,24.943351699999994]]}},{"type":"Feature","properties":{"name":"尖山路293巷","kind":"service"},"geometry":{"type":"LineString","coordinates":[[121.34160520000002,24.9439063],[121.3415812,24.944334899999994],[121.34071599999999,24.943935099999994]]}},{"type":"Feature","properties":{"name":"尖山路293巷","kind":"service"},"geometry":{"type":"LineString","coordinates":[[121.3415812,24.944334899999994],[121.34199580000002,24.9444485]]}},{"type":"Feature","properties":{"name":null,"kind":"path"},"geometry":{"type":"MultiLineString","coordinates":[[[121.3397623,24.9437085],[121.3395265,24.9436716],[121.33930380000001,24.9435381],[121.3388956,24.9436048],[121.3386651,24.9437574],[121.338273,24.944379199999997],[121.3383309,24.944676],[121.3385323,24.944893900000004]],[[121.3385323,24.944893900000004],[121.3386247,24.945117400000004],[121.33853839999999,24.9452767],[121.338369,24.9450671],[121.3385323,24.944893900000004]]]}},{"type":"Feature","properties":{"name":"尖山路高厝巷","kind":"residential"},"geometry":{"type":"LineString","coordinates":[[121.3410497,24.944766500000004],[121.3413162,24.944566199999997]]}},{"type":"Feature","properties":{"name":null,"kind":"footway"},"geometry":{"type":"LineString","coordinates":[[121.3444469,24.9450676],[121.34483760000002,24.944673399999992],[121.345266,24.944543299999992]]}},{"type":"Feature","properties":{"name":"國中路","kind":"residential"},"geometry":{"type":"LineString","coordinates":[[121.34161249999998,24.945374299999994],[121.34195270000001,24.9449522],[121.34198629999999,24.9445591]]}},{"type":"Feature","properties":{"name":null,"kind":"service"},"geometry":{"type":"LineString","coordinates":[[121.3405425,24.945005200000004],[121.34078730000002,24.94513149999999]]}},{"type":"Feature","properties":{"name":null,"kind":"footway"},"geometry":{"type":"LineString","coordinates":[[121.34198629999999,24.9445591],[121.34453230000001,24.9455862],[121.3446298,24.945339999999998],[121.3444139,24.9451071]]}},{"type":"Feature","properties":{"name":null,"kind":"footway"},"geometry":{"type":"LineString","coordinates":[[121.3444139,24.9451071],[121.3444469,24.9450676]]}},{"type":"Feature","properties":{"name":null,"kind":"service"},"geometry":{"type":"LineString","coordinates":[[121.33262160000001,24.943303099999998],[121.33458760000002,24.943492799999998],[121.3348585,24.943660599999998],[121.3348489,24.943817299999992]]}},{"type":"Feature","properties":{"name":null,"kind":"service"},"geometry":{"type":"LineString","coordinates":[[121.33263410000002,24.9442691],[121.33253520000001,24.944301899999996],[121.3325002,24.944196799999997],[121.3326257,24.944186400000003],[121.33263410000002,24.9442691]]}},{"type":"Feature","properties":{"name":null,"kind":"service"},"geometry":{"type":"LineString","coordinates":[[121.33339480000001,24.9443085],[121.33263410000002,24.9442691]]}},{"type":"Feature","properties":{"name":null,"kind":"service"},"geometry":{"type":"LineString","coordinates":[[121.33259790000001,24.944297900000002],[121.33260009999998,24.944582299999997],[121.3325143,24.9445702],[121.33253520000001,24.944301899999996]]}},{"type":"Feature","properties":{"name":null,"kind":"service"},"geometry":{"type":"LineString","coordinates":[[121.3347003,24.944601499999997],[121.3333783,24.9445035]]}},{"type":"Feature","properties":{"name":null,"kind":"service"},"geometry":{"type":"LineString","coordinates":[[121.3346662,24.944977299999998],[121.3333463,24.9448811]]}},{"type":"Feature","properties":{"name":null,"kind":"service"},"geometry":{"type":"LineString","coordinates":[[121.3320345,24.9438752],[121.33169300000002,24.944352399999996],[121.3315482,24.9458919],[121.331398,24.9460694]]}},{"type":"Feature","properties":{"name":null,"kind":"service"},"geometry":{"type":"LineString","coordinates":[[121.33463530000002,24.94535159999999],[121.33331589999999,24.9452656]]}},{"type":"Feature","properties":{"name":null,"kind":"service"},"geometry":{"type":"LineString","coordinates":[[121.3303675,24.946948399999997],[121.3319304,24.9470481],[121.33234350000001,24.946943600000004],[121.33253120000002,24.946515499999993],[121.33260899999999,24.945564199999996],[121.33202690000002,24.944046599999997],[121.3320345,24.9438752],[121.3321968,24.9436563],[121.3325848,24.9435991],[121.33505780000002,24.9438374]]}},{"type":"Feature","properties":{"name":null,"kind":"service"},"geometry":{"type":"LineString","coordinates":[[121.33460779999999,24.9457163],[121.33377439999998,24.9456742]]}},{"type":"Feature","properties":{"name":"尖山路","kind":"tertiary"},"geometry":{"type":"LineString","coordinates":[[121.34161249999998,24.945374299999994],[121.34108920000001,24.944817699999998]]}},{"type":"Feature","properties":{"name":null,"kind":"residential"},"geometry":{"type":"LineString","coordinates":[[121.34108920000001,24.944817699999998],[121.34068410000002,24.94531],[121.3405449,24.945823700000002]]}},{"type":"Feature","properties":{"name":"黃厝街31巷","kind":"service"},"geometry":{"type":"LineString","coordinates":[[121.34296079999999,24.9455971],[121.3430336,24.945422000000004],[121.3431112,24.945420699999996]]}},{"type":"Feature","properties":{"name":"尖山路卓厝巷","kind":"residential"},"geometry":{"type":"LineString","coordinates":[[121.34126739999999,24.945667299999997],[121.34161249999998,24.945374299999994]]}},{"type":"Feature","properties":{"name":"尖山路","kind":"tertiary"},"geometry":{"type":"LineString","coordinates":[[121.34207149999999,24.9458489],[121.34161249999998,24.945374299999994]]}},{"type":"Feature","properties":{"name":null,"kind":"service"},"geometry":{"type":"LineString","coordinates":[[121.3397834,24.945618400000004],[121.34113300000001,24.945660399999994]]}},{"type":"Feature","properties":{"name":"中正二路","kind":"tertiary"},"geometry":{"type":"LineString","coordinates":[[121.3396225,24.943351699999994],[121.3399448,24.9443089],[121.33977809999999,24.945787399999997],[121.339903,24.946427599999996],[121.3403898,24.947431399999996],[121.341279,24.947944999999997]]}},{"type":"Feature","properties":{"name":null,"kind":"footway"},"geometry":{"type":"LineString","coordinates":[[121.3443503,24.9455476],[121.34382790000001,24.9458536]]}},{"type":"Feature","properties":{"name":null,"kind":"residential"},"geometry":{"type":"LineString","coordinates":[[121.33695069999999,24.944507],[121.3369346,24.9450323],[121.33716519999999,24.9455284],[121.33724220000002,24.9459434],[121.3375463,24.946285799999995],[121.33799690000001,24.946535000000004],[121.33912880000001,24.946900999999997],[121.3400978,24.9468589]]}},{"type":"Feature","properties":{"name":"黃厝街","kind":"residential"},"geometry":{"type":"LineString","coordinates":[[121.34207149999999,24.9458489],[121.3425535,24.9454216],[121.34311260000001,24.945714200000005],[121.34284520000001,24.946059299999998]]}},{"type":"Feature","properties":{"name":"黃厝街7巷","kind":"service"},"geometry":{"type":"LineString","coordinates":[[121.3437347,24.9455539],[121.3438238,24.9459217],[121.3439964,24.946105399999993]]}},{"type":"Feature","properties":{"name":null,"kind":"service"},"geometry":{"type":"LineString","coordinates":[[121.3412829,24.9456498],[121.34108739999999,24.945714799999998],[121.34101059999999,24.946050000000003],[121.3411268,24.946084099999993]]}},{"type":"Feature","properties":{"name":null,"kind":"residential"},"geometry":{"type":"LineString","coordinates":[[121.34181160000001,24.946088400000004],[121.34207149999999,24.9458489]]}},{"type":"Feature","properties":{"name":"尖山路","kind":"tertiary"},"geometry":{"type":"LineString","coordinates":[[121.3425481,24.946341799999992],[121.34207149999999,24.9458489]]}},{"type":"Feature","properties":{"name":"黃厝街","kind":"residential"},"geometry":{"type":"LineString","coordinates":[[121.34284520000001,24.946059299999998],[121.3425481,24.946341799999992]]}},{"type":"Feature","properties":{"name":"黃厝街7巷","kind":"service"},"geometry":{"type":"LineString","coordinates":[[121.3438132,24.946368],[121.34284520000001,24.946059299999998]]}},{"type":"Feature","properties":{"name":null,"kind":"residential"},"geometry":{"type":"LineString","coordinates":[[121.34135450000001,24.9465094],[121.34181160000001,24.946088400000004]]}},{"type":"Feature","properties":{"name":"尖山路卓厝巷","kind":"residential"},"geometry":{"type":"LineString","coordinates":[[121.34180650000002,24.946955699999997],[121.3411158,24.946273699999995],[121.34126739999999,24.945667299999997]]}},{"type":"Feature","properties":{"name":null,"kind":"residential"},"geometry":{"type":"LineString","coordinates":[[121.3376821,24.9463811],[121.33730629999998,24.946251099999998],[121.3370595,24.946521000000004],[121.33681270000001,24.946518599999994]]}},{"type":"Feature","properties":{"name":null,"kind":"service"},"geometry":{"type":"LineString","coordinates":[[121.3400527,24.946739899999997],[121.3401081,24.9463566],[121.34033500000001,24.946165599999997],[121.34057670000001,24.946065199999993],[121.34074350000002,24.946219199999998]]}},{"type":"Feature","properties":{"name":null,"kind":"service"},"geometry":{"type":"LineString","coordinates":[[121.33457950000002,24.9460922],[121.3332743,24.946019700000004]]}},{"type":"Feature","properties":{"name":null,"kind":"service"},"geometry":{"type":"LineString","coordinates":[[121.33456030000002,24.94642809999999],[121.33446370000001,24.9464804],[121.3335048,24.9464506]]}},{"type":"Feature","properties":{"name":null,"kind":"service"},"geometry":{"type":"LineString","coordinates":[[121.3359556,24.946695699999996],[121.33639460000002,24.9466596]]}},{"type":"Feature","properties":{"name":null,"kind":"service"},"geometry":{"type":"LineString","coordinates":[[121.33344790000001,24.943682299999995],[121.33326879999998,24.946119900000003],[121.3335048,24.9464506],[121.33323930000002,24.949794499999992]]}},{"type":"Feature","properties":{"name":null,"kind":"service"},"geometry":{"type":"LineString","coordinates":[[121.33473889999999,24.946861400000007],[121.33347819999999,24.946786]]}},{"type":"Feature","properties":{"name":null,"kind":"residential"},"geometry":{"type":"LineString","coordinates":[[121.336802,24.947116900000005],[121.33681270000001,24.946518599999994]]}},{"type":"Feature","properties":{"name":null,"kind":"service"},"geometry":{"type":"LineString","coordinates":[[121.33477219999999,24.9438099],[121.33456030000002,24.94642809999999],[121.3347387,24.9465424],[121.3347199,24.9472331],[121.33479229999999,24.9473912],[121.33457500000002,24.9498857]]}},{"type":"Feature","properties":{"name":null,"kind":"service"},"geometry":{"type":"LineString","coordinates":[[121.3367039,24.947014299999996],[121.33628279999999,24.9473329]]}},{"type":"Feature","properties":{"name":null,"kind":"service"},"geometry":{"type":"LineString","coordinates":[[121.33344900000002,24.9471533],[121.33464079999999,24.947262299999995]]}},{"type":"Feature","properties":{"name":null,"kind":"service"},"geometry":{"type":"LineString","coordinates":[[121.33464079999999,24.947262299999995],[121.33470509999998,24.947399700000002],[121.3346019,24.9476228]]}},{"type":"Feature","properties":{"name":"福爾摩沙高速公路","kind":"motorway"},"geometry":{"type":"LineString","coordinates":[[121.32389210000001,24.93891409999999],[121.32543099999998,24.9392941],[121.32770650000002,24.939550300000004],[121.32881360000002,24.9395553],[121.33033689999999,24.939442],[121.3319838,24.939176200000002]]}},{"type":"Feature","properties":{"name":"福爾摩沙高速公路","kind":"motorway"},"geometry":{"type":"LineString","coordinates":[[121.33227440000002,24.9392687],[121.3303527,24.939571399999995],[121.32879570000001,24.9396772],[121.32749150000001,24.939663899999996],[121.3253981,24.939431999999996],[121.3238137,24.939050299999998]]}},{"type":"Feature","properties":{"name":"中正三路230巷11弄","kind":"service"},"geometry":{"type":"LineString","coordinates":[[121.33000030000001,24.9397816],[121.3281203,24.94018339999999],[121.32744710000001,24.940403500000002],[121.3263588,24.941003000000002],[121.3254629,24.94164749999999]]}},{"type":"Feature","properties":{"name":"鶯歌系統交流道","kind":"motorway_link"},"geometry":{"type":"LineString","coordinates":[[121.33227440000002,24.9392687],[121.3310836,24.939554399999995],[121.3283358,24.939941399999995],[121.3275303,24.9401276],[121.32679330000002,24.9404291],[121.32589420000001,24.9409483],[121.32525509999999,24.941448800000003],[121.3245317,24.942195400000003]]}},{"type":"Feature","properties":{"name":null,"kind":"service"},"geometry":{"type":"LineString","coordinates":[[121.32986980000001,24.939795799999995],[121.32987879999999,24.9398969],[121.3295405,24.94042539999999],[121.3293649,24.940492199999998],[121.32826280000002,24.9421078],[121.328032,24.9421325],[121.3281607,24.9418938]]}},{"type":"Feature","properties":{"name":"興豐路2350巷","kind":"unclassified"},"geometry":{"type":"LineString","coordinates":[[121.3290097,24.944429],[121.328729,24.946079799999996],[121.32835640000002,24.947592299999997],[121.3282867,24.9484541],[121.32809280000001,24.9487654],[121.32804650000001,24.9490806],[121.327995,24.9496229],[121.32815879999998,24.954542700000005],[121.3280701,24.955003699999992],[121.3279621,24.9551639]]}},{"type":"Feature","properties":{"name":null,"kind":"service"},"geometry":{"type":"LineString","coordinates":[[121.32838829999999,24.949815299999997],[121.3291901,24.9498417]]}},{"type":"Feature","properties":{"name":null,"kind":"service"},"geometry":{"type":"LineString","coordinates":[[121.32902070000002,24.9498361],[121.3289362,24.9500384],[121.32867599999999,24.950061499999997],[121.32859560000001,24.950011700000005],[121.32855780000001,24.9498209]]}},{"type":"Feature","properties":{"name":"尖山路211巷","kind":"residential"},"geometry":{"type":"LineString","coordinates":[[121.343539,24.9469401],[121.3439964,24.946105399999993]]}},{"type":"Feature","properties":{"name":null,"kind":"service"},"geometry":{"type":"LineString","coordinates":[[121.34330250000001,24.946320499999995],[121.34336970000001,24.946525099999995],[121.34324969999999,24.9468142]]}},{"type":"Feature","properties":{"name":"尖山路258巷","kind":"residential"},"geometry":{"type":"LineString","coordinates":[[121.34180650000002,24.946955699999997],[121.3419091,24.946933799999996],[121.3425481,24.946341799999992]]}},{"type":"Feature","properties":{"name":"尖山路191巷","kind":"residential"},"geometry":{"type":"LineString","coordinates":[[121.34418070000001,24.947247700000002],[121.3446711,24.946398000000002]]}},{"type":"Feature","properties":{"name":"尖山路173巷","kind":"residential"},"geometry":{"type":"LineString","coordinates":[[121.3439964,24.946105399999993],[121.3453876,24.946697499999996],[121.34540920000002,24.946791099999995],[121.34490010000002,24.947628999999996]]}},{"type":"Feature","properties":{"name":null,"kind":"service"},"geometry":{"type":"LineString","coordinates":[[121.3416423,24.947112600000004],[121.34180650000002,24.946955699999997]]}},{"type":"Feature","properties":{"name":"尖山路240巷","kind":"residential"},"geometry":{"type":"LineString","coordinates":[[121.34232259999999,24.947473699999996],[121.34293770000001,24.946666099999998]]}},{"type":"Feature","properties":{"name":"八德路2巷","kind":"residential"},"geometry":{"type":"LineString","coordinates":[[121.33621460000002,24.9463168],[121.33642379999999,24.946730199999998],[121.33727670000002,24.9477078],[121.3380788,24.948191699999995],[121.3383357,24.948484999999998]]}},{"type":"Feature","properties":{"name":null,"kind":"service"},"geometry":{"type":"LineString","coordinates":[[121.34209940000001,24.9473366],[121.34232259999999,24.947473699999996]]}},{"type":"Feature","properties":{"name":"尖山路212巷","kind":"residential"},"geometry":{"type":"LineString","coordinates":[[121.3426621,24.9476862],[121.34293740000001,24.9478747],[121.343106,24.9478808],[121.343539,24.9469401]]}},{"type":"Feature","properties":{"name":"文化路256巷13弄","kind":"service"},"geometry":{"type":"LineString","coordinates":[[121.3523655,24.947246200000002],[121.35231130000001,24.9476224]]}},{"type":"Feature","properties":{"name":null,"kind":"footway"},"geometry":{"type":"LineString","coordinates":[[121.3501285,24.9476873],[121.3502609,24.947445999999996]]}},{"type":"Feature","properties":{"name":"文化路256巷","kind":"service"},"geometry":{"type":"LineString","coordinates":[[121.3520946,24.947584200000005],[121.35273949999998,24.9476892],[121.35284510000001,24.9478087]]}},{"type":"Feature","properties":{"name":"園區步道(收費)","kind":"footway"},"geometry":{"type":"MultiLineString","coordinates":[[[121.3517354,24.949253899999995],[121.3514432,24.949117699999995],[121.3515629,24.948900399999996],[121.35085940000002,24.948584600000007],[121.35105630000001,24.948245399999998],[121.35076679999999,24.947765000000004],[121.3506116,24.9476929],[121.3505704,24.94731579999999],[121.35038690000002,24.946828899999993],[121.3500646,24.946545699999994],[121.3499413,24.9465403]],[[121.3499413,24.9465403],[121.34962700000001,24.946352700000002],[121.34950960000002,24.946386999999994],[121.34943,24.946607099999998],[121.349625,24.946717099999994],[121.3498776,24.9466377],[121.3499413,24.9465403]]]}},{"type":"Feature","properties":{"name":"尖山路137巷25弄","kind":"service"},"geometry":{"type":"LineString","coordinates":[[121.3470851,24.948055900000004],[121.3474631,24.947713299999997],[121.34765889999998,24.947997199999996]]}},{"type":"Feature","properties":{"name":"聖鶯橋","kind":"service"},"geometry":{"type":"LineString","coordinates":[[121.34771260000001,24.9478947],[121.3476669,24.947970699999996]]}},{"type":"Feature","properties":{"name":null,"kind":"footway"},"geometry":{"type":"LineString","coordinates":[[121.35074210000002,24.947954800000005],[121.3506053,24.948192299999995]]}},{"type":"Feature","properties":{"name":"園區步道(收費)","kind":"footway"},"geometry":{"type":"LineString","coordinates":[[121.35041750000002,24.9478086],[121.3502894,24.948031],[121.3509865,24.948353999999995]]}},{"type":"Feature","properties":{"name":null,"kind":"footway"},"geometry":{"type":"LineString","coordinates":[[121.34565350000001,24.948133999999996],[121.3455199,24.9480557]]}},{"type":"Feature","properties":{"name":"尖山路137巷","kind":"residential"},"geometry":{"type":"LineString","coordinates":[[121.34558920000002,24.948004899999997],[121.34591750000001,24.947511499999997],[121.3470851,24.948055900000004],[121.3471667,24.948212599999998],[121.34689139999999,24.948714299999995]]}},{"type":"Feature","properties":{"name":null,"kind":"service"},"geometry":{"type":"LineString","coordinates":[[121.3426621,24.9476862],[121.3430324,24.947180699999997]]}},{"type":"Feature","properties":{"name":"尖山路240巷21弄","kind":"residential"},"geometry":{"type":"LineString","coordinates":[[121.34232259999999,24.947473699999996],[121.3426621,24.9476862]]}},{"type":"Feature","properties":{"name":null,"kind":"service"},"geometry":{"type":"LineString","coordinates":[[121.3424883,24.9479374],[121.3426621,24.9476862]]}},{"type":"Feature","properties":{"name":"尖山路174巷35弄","kind":"residential"},"geometry":{"type":"LineString","coordinates":[[121.34386230000001,24.948371300000005],[121.3436483,24.9482562],[121.34418070000001,24.947247700000002]]}},{"type":"Feature","properties":{"name":null,"kind":"service"},"geometry":{"type":"LineString","coordinates":[[121.3439098,24.9477616],[121.34436159999998,24.948013899999996]]}},{"type":"Feature","properties":{"name":null,"kind":"service"},"geometry":{"type":"LineString","coordinates":[[121.3379097,24.948075],[121.33810940000001,24.9477707]]}},{"type":"Feature","properties":{"name":null,"kind":"service"},"geometry":{"type":"LineString","coordinates":[[121.3440263,24.948128199999996],[121.34386230000001,24.948371300000005]]}},{"type":"Feature","properties":{"name":"尖山路174巷","kind":"residential"},"geometry":{"type":"LineString","coordinates":[[121.34490010000002,24.947628999999996],[121.3441328,24.9489001]]}},{"type":"Feature","properties":{"name":"尖山埔路","kind":"tertiary"},"geometry":{"type":"LineString","coordinates":[[121.3418614,24.948627000000002],[121.34156420000001,24.948418099999998],[121.34167180000001,24.9480918]]}},{"type":"Feature","properties":{"name":"尖山埔路","kind":"tertiary"},"geometry":{"type":"LineString","coordinates":[[121.34178379999999,24.9481448],[121.3417044,24.948409999999996],[121.3418614,24.948627000000002]]}},{"type":"Feature","properties":{"name":"文化路226巷26弄","kind":"service"},"geometry":{"type":"LineString","coordinates":[[121.3521252,24.948116],[121.35150490000001,24.9480984]]}},{"type":"Feature","properties":{"name":null,"kind":"footway"},"geometry":{"type":"LineString","coordinates":[[121.3504423,24.9481109],[121.3505105,24.947988999999996],[121.35105630000001,24.948245399999998]]}},{"type":"Feature","properties":{"name":null,"kind":"service"},"geometry":{"type":"LineString","coordinates":[[121.3529201,24.947853700000003],[121.353228,24.947864],[121.35385620000001,24.948388500000004]]}},{"type":"Feature","properties":{"name":"文化路226巷7弄","kind":"service"},"geometry":{"type":"LineString","coordinates":[[121.3521675,24.947599099999998],[121.3520769,24.948705099999998]]}},{"type":"Feature","properties":{"name":null,"kind":"footway"},"geometry":{"type":"LineString","coordinates":[[121.3455687,24.948211799999992],[121.34565350000001,24.948133999999996],[121.34612110000002,24.948385299999998],[121.3461955,24.948351099999996]]}},{"type":"Feature","properties":{"name":"文化路","kind":"secondary"},"geometry":{"type":"LineString","coordinates":[[121.35292220000001,24.947795700000004],[121.3528344,24.948745299999995]]}},{"type":"Feature","properties":{"name":"文化路","kind":"secondary"},"geometry":{"type":"LineString","coordinates":[[121.3528344,24.948745299999995],[121.35284510000001,24.9478087]]}},{"type":"Feature","properties":{"name":null,"kind":"unclassified"},"geometry":{"type":"LineString","coordinates":[[121.34916130000002,24.947830999999997],[121.3495481,24.9478807],[121.34979730000002,24.947825099999996],[121.3506955,24.9489086]]}},{"type":"Feature","properties":{"name":"尖山路137巷10弄","kind":"service"},"geometry":{"type":"LineString","coordinates":[[121.3467562,24.9483019],[121.3470345,24.948441699999997]]}},{"type":"Feature","properties":{"name":"尖山路137巷5弄2衕","kind":"service"},"geometry":{"type":"LineString","coordinates":[[121.34735010000001,24.948582699999996],[121.3475687,24.948168099999993]]}},{"type":"Feature","properties":{"name":"文化路226巷14弄","kind":"service"},"geometry":{"type":"LineString","coordinates":[[121.35210339999999,24.9483821],[121.3517126,24.948375499999997]]}},{"type":"Feature","properties":{"name":"文化路226巷3弄","kind":"service"},"geometry":{"type":"LineString","coordinates":[[121.35246370000002,24.948116400000004],[121.35243220000001,24.9487188]]}},{"type":"Feature","properties":{"name":"尖山路","kind":"tertiary"},"geometry":{"type":"LineString","coordinates":[[121.35228160000001,24.9506536],[121.351091,24.9502038],[121.350185,24.949746499999993],[121.34946820000002,24.949602599999995],[121.34740230000001,24.948989199999996],[121.34418070000001,24.947247700000002],[121.34293770000001,24.946666099999998],[121.3425481,24.946341799999992]]}},{"type":"Feature","properties":{"name":null,"kind":"service"},"geometry":{"type":"LineString","coordinates":[[121.35404910000001,24.94818619999999],[121.35346889999998,24.9487892],[121.3528344,24.948745299999995]]}},{"type":"Feature","properties":{"name":"尖山路137巷5弄","kind":"service"},"geometry":{"type":"LineString","coordinates":[[121.3470345,24.948441699999997],[121.34735010000001,24.948582699999996]]}},{"type":"Feature","properties":{"name":null,"kind":"service"},"geometry":{"type":"LineString","coordinates":[[121.35078750000001,24.94877019999999],[121.350709,24.948496600000002],[121.35036530000002,24.9482899]]}},{"type":"Feature","properties":{"name":null,"kind":"service"},"geometry":{"type":"LineString","coordinates":[[121.34785200000002,24.9485201],[121.3477069,24.948672599999995]]}},{"type":"Feature","properties":{"name":"尖山路101巷","kind":"service"},"geometry":{"type":"LineString","coordinates":[[121.3476669,24.947970699999996],[121.34772180000002,24.948385099999992],[121.3481595,24.94875559999999],[121.3482668,24.948964599999993],[121.3481997,24.9492469]]}},{"type":"Feature","properties":{"name":null,"kind":"footway"},"geometry":{"type":"LineString","coordinates":[[121.3509497,24.9486211],[121.3509064,24.948687999999997]]}},{"type":"Feature","properties":{"name":"尖山路166巷","kind":"residential"},"geometry":{"type":"LineString","coordinates":[[121.3447467,24.949424999999998],[121.34558920000002,24.948004899999997]]}},{"type":"Feature","properties":{"name":null,"kind":"service"},"geometry":{"type":"LineString","coordinates":[[121.33341810000002,24.947542799999994],[121.3346019,24.9476228]]}},{"type":"Feature","properties":{"name":null,"kind":"service"},"geometry":{"type":"LineString","coordinates":[[121.3312173,24.949248499999996],[121.331398,24.9460694]]}},{"type":"Feature","properties":{"name":null,"kind":"service"},"geometry":{"type":"LineString","coordinates":[[121.33236890000002,24.947792900000003],[121.3293233,24.947615399999997]]}},{"type":"Feature","properties":{"name":null,"kind":"service"},"geometry":{"type":"LineString","coordinates":[[121.3303687,24.946732499999996],[121.33026730000002,24.949198199999994]]}},{"type":"Feature","properties":{"name":null,"kind":"service"},"geometry":{"type":"LineString","coordinates":[[121.3303238,24.9483064],[121.331259,24.9483458]]}},{"type":"Feature","properties":{"name":null,"kind":"service"},"geometry":{"type":"LineString","coordinates":[[121.33330320000002,24.9489898],[121.3346622,24.949101899999995]]}},{"type":"Feature","properties":{"name":null,"kind":"service"},"geometry":{"type":"LineString","coordinates":[[121.3322241,24.949315300000002],[121.32804650000001,24.9490806]]}},{"type":"Feature","properties":{"name":null,"kind":"service"},"geometry":{"type":"LineString","coordinates":[[121.33457500000002,24.9498857],[121.33323930000002,24.949794499999992]]}},{"type":"Feature","properties":{"name":null,"kind":"service"},"geometry":{"type":"LineString","coordinates":[[121.3353429,24.9502826],[121.33521800000001,24.950054199999993]]}},{"type":"Feature","properties":{"name":null,"kind":"service"},"geometry":{"type":"LineString","coordinates":[[121.3313859,24.951531399999997],[121.3315255,24.949264799999998]]}},{"type":"Feature","properties":{"name":"三鶯大橋","kind":"secondary_link"},"geometry":{"type":"LineString","coordinates":[[121.35274090000001,24.945566799999998],[121.3542215,24.943654200000005]]}},{"type":"Feature","properties":{"name":"文化路324巷","kind":"service"},"geometry":{"type":"LineString","coordinates":[[121.35067470000001,24.945419099999995],[121.34996669999998,24.944303799999997],[121.3499865,24.944239299999996],[121.3507853,24.9438484]]}},{"type":"Feature","properties":{"name":null,"kind":"service"},"geometry":{"type":"LineString","coordinates":[[121.345266,24.944543299999992],[121.34544650000001,24.9446677],[121.34622680000001,24.9448228],[121.34647310000001,24.944809],[121.34679000000001,24.945122899999998]]}},{"type":"Feature","properties":{"name":"文化路324巷8弄1衕","kind":"service"},"geometry":{"type":"LineString","coordinates":[[121.3500086,24.945028399999998],[121.3498696,24.94477]]}},{"type":"Feature","properties":{"name":"文化路324巷11弄","kind":"service"},"geometry":{"type":"LineString","coordinates":[[121.35041159999999,24.9449772],[121.3507654,24.9448212]]}},{"type":"Feature","properties":{"name":"文化路324巷8弄3衕","kind":"service"},"geometry":{"type":"LineString","coordinates":[[121.34946740000001,24.944787400000006],[121.34968640000001,24.945157999999996]]}},{"type":"Feature","properties":{"name":"文化路324巷8弄","kind":"service"},"geometry":{"type":"LineString","coordinates":[[121.34968640000001,24.945157999999996],[121.3503463,24.944869199999992]]}},{"type":"Feature","properties":{"name":"文化路324巷8弄2衕","kind":"service"},"geometry":{"type":"LineString","coordinates":[[121.3501473,24.9452943],[121.3500086,24.945028399999998]]}},{"type":"Feature","properties":{"name":"尖山路101巷","kind":"unclassified"},"geometry":{"type":"LineString","coordinates":[[121.34734770000001,24.9425229],[121.3465429,24.94262279999999],[121.34670380000001,24.9431187],[121.346498,24.9433211],[121.3465489,24.943691699999995],[121.34643719999998,24.9442989],[121.3469339,24.945462399999997],[121.3473164,24.9457843],[121.3479271,24.946887],[121.34796850000001,24.947055699999996],[121.3476931,24.947379499999993],[121.34771260000001,24.9478947]]}},{"type":"Feature","properties":{"name":null,"kind":"service"},"geometry":{"type":"LineString","coordinates":[[121.34977739999998,24.9453333],[121.34953090000002,24.9454451]]}},{"type":"Feature","properties":{"name":"文化路324巷","kind":"service"},"geometry":{"type":"LineString","coordinates":[[121.352307,24.94573739999999],[121.35197700000002,24.9452982],[121.351463,24.945111699999998],[121.35000089999998,24.9457387]]}},{"type":"Feature","properties":{"name":"文化路324巷8弄4衕","kind":"service"},"geometry":{"type":"LineString","coordinates":[[121.34968640000001,24.945157999999996],[121.35000089999998,24.9457387]]}},{"type":"Feature","properties":{"name":null,"kind":"cycleway"},"geometry":{"type":"LineString","coordinates":[[121.3528573,24.945560200000003],[121.3526958,24.945389100000003]]}},{"type":"Feature","properties":{"name":null,"kind":"service"},"geometry":{"type":"LineString","coordinates":[[121.347784,24.9450284],[121.34766990000001,24.9453076],[121.34765580000001,24.9455995],[121.3474232,24.945999999999998]]}},{"type":"Feature","properties":{"name":"文化路","kind":"steps"},"geometry":{"type":"LineString","coordinates":[[121.3524772,24.945597799999998],[121.3526431,24.9454189]]}},{"type":"Feature","properties":{"name":null,"kind":"secondary_link"},"geometry":{"type":"LineString","coordinates":[[121.35261070000001,24.945735699999997],[121.35274090000001,24.945566799999998]]}},{"type":"Feature","properties":{"name":null,"kind":"service"},"geometry":{"type":"LineString","coordinates":[[121.349488,24.945994299999995],[121.3492534,24.9455472],[121.3489856,24.945690399999993]]}},{"type":"Feature","properties":{"name":null,"kind":"service"},"geometry":{"type":"LineString","coordinates":[[121.35170679999999,24.9459476],[121.3520805,24.9458121]]}},{"type":"Feature","properties":{"name":"文化路324巷8弄4衕","kind":"service"},"geometry":{"type":"LineString","coordinates":[[121.35000089999998,24.9457387],[121.3489481,24.9462985]]}},{"type":"Feature","properties":{"name":null,"kind":"cycleway"},"geometry":{"type":"LineString","coordinates":[[121.3524333,24.9463205],[121.3523447,24.946092999999998],[121.35239869999998,24.94579969999999]]}},{"type":"Feature","properties":{"name":"三鶯大橋牽引道","kind":"cycleway"},"geometry":{"type":"LineString","coordinates":[[121.35303950000001,24.946162299999997],[121.353286,24.946285899999992],[121.35276110000001,24.9458196]]}},{"type":"Feature","properties":{"name":"(機車專用)","kind":"service"},"geometry":{"type":"LineString","coordinates":[[121.3524333,24.9463205],[121.35236470000001,24.9459999],[121.35242680000002,24.9458121]]}},{"type":"Feature","properties":{"name":"三鶯大橋","kind":"secondary"},"geometry":{"type":"LineString","coordinates":[[121.3524333,24.9463205],[121.35247480000001,24.945840000000004]]}},{"type":"Feature","properties":{"name":"三鶯大橋","kind":"secondary"},"geometry":{"type":"LineString","coordinates":[[121.3525897,24.945887099999993],[121.352534,24.9462842]]}},{"type":"Feature","properties":{"name":"(機車專用)","kind":"service"},"geometry":{"type":"LineString","coordinates":[[121.3526504,24.9459112],[121.352534,24.9462842]]}},{"type":"Feature","properties":{"name":null,"kind":"cycleway"},"geometry":{"type":"LineString","coordinates":[[121.3530421,24.946131299999998],[121.35320849999998,24.946243200000005]]}},{"type":"Feature","properties":{"name":"園區步道(收費)","kind":"footway"},"geometry":{"type":"LineString","coordinates":[[121.3500646,24.946545699999994],[121.3501601,24.9464447],[121.35015410000001,24.946285999999994],[121.3499293,24.9461093],[121.349619,24.946082200000003],[121.34950960000002,24.946152499999997],[121.34950960000002,24.946386999999994]]}},{"type":"Feature","properties":{"name":null,"kind":"footway"},"geometry":{"type":"LineString","coordinates":[[121.34998700000001,24.946293199999996],[121.350153,24.9463544]]}},{"type":"Feature","properties":{"name":null,"kind":"service"},"geometry":{"type":"LineString","coordinates":[[121.35184810000001,24.9463683],[121.35219360000002,24.946317699999994]]}},{"type":"Feature","properties":{"name":"文化路324巷","kind":"service"},"geometry":{"type":"LineString","coordinates":[[121.3512581,24.945157599999998],[121.3515707,24.945661700000002],[121.35184810000001,24.9463683],[121.3518791,24.946742100000005],[121.35174040000001,24.947155100000003],[121.35169570000001,24.947690500000004]]}},{"type":"Feature","properties":{"name":null,"kind":"footway"},"geometry":{"type":"LineString","coordinates":[[121.3501601,24.9464447],[121.3503988,24.946666599999997],[121.35038690000002,24.946828899999993]]}},{"type":"Feature","properties":{"name":"文化路","kind":"unclassified"},"geometry":{"type":"LineString","coordinates":[[121.35284510000001,24.9478087],[121.3527282,24.947248799999997],[121.35225889999998,24.9461599],[121.3522542,24.945831299999995],[121.3524772,24.945597799999998]]}},{"type":"Feature","properties":{"name":null,"kind":"unclassified"},"geometry":{"type":"LineString","coordinates":[[121.35303950000001,24.946162299999997],[121.352908,24.9468376],[121.3529751,24.947495099999998],[121.35292220000001,24.947795700000004]]}},{"type":"Feature","properties":{"name":"三鶯大橋","kind":"secondary"},"geometry":{"type":"LineString","coordinates":[[121.352534,24.9462842],[121.35287779999999,24.947210499999997],[121.35292220000001,24.947795700000004]]}},{"type":"Feature","properties":{"name":"三鶯大橋","kind":"secondary"},"geometry":{"type":"LineString","coordinates":[[121.35284510000001,24.9478087],[121.3528075,24.947296799999997],[121.3524333,24.9463205]]}},{"type":"Feature","properties":{"name":"文化路256巷15弄","kind":"service"},"geometry":{"type":"LineString","coordinates":[[121.3520946,24.947584200000005],[121.3522574,24.9467802],[121.3525271,24.9467642]]}},{"type":"Feature","properties":{"name":"文化路226巷","kind":"service"},"geometry":{"type":"LineString","coordinates":[[121.3528344,24.948745299999995],[121.3519241,24.948694],[121.3513966,24.948367499999996],[121.35077159999999,24.9475783],[121.3504981,24.9467138],[121.3499461,24.9457724]]}},{"type":"Feature","properties":{"name":null,"kind":"footway"},"geometry":{"type":"LineString","coordinates":[[121.35035249999999,24.9473773],[121.3505704,24.94731579999999]]}},{"type":"Feature","properties":{"name":"園區步道(收費)","kind":"footway"},"geometry":{"type":"LineString","coordinates":[[121.349625,24.946717099999994],[121.34956729999999,24.946987599999996],[121.3498975,24.947287],[121.35006860000001,24.947662199999996],[121.3509547,24.948056699999995]]}},{"type":"Feature","properties":{"name":null,"kind":"footway"},"geometry":{"type":"LineString","coordinates":[[121.35034910000002,24.947414],[121.3502609,24.947445999999996],[121.3502232,24.9473767],[121.3503142,24.947335699999996],[121.35034910000002,24.947414]]}},{"type":"Feature","properties":{"name":null,"kind":"service"},"geometry":{"type":"LineString","coordinates":[[121.358255,24.9456694],[121.3586224,24.9454043]]}},{"type":"Feature","properties":{"name":null,"kind":"service"},"geometry":{"type":"LineString","coordinates":[[121.35881799999999,24.9460917],[121.35896370000002,24.945861900000008]]}},{"type":"Feature","properties":{"name":null,"kind":"service"},"geometry":{"type":"LineString","coordinates":[[121.3585709,24.945942300000002],[121.3590651,24.946263999999996]]}},{"type":"Feature","properties":{"name":null,"kind":"service"},"geometry":{"type":"LineString","coordinates":[[121.358761,24.946936100000002],[121.3591598,24.946148699999995]]}},{"type":"Feature","properties":{"name":null,"kind":"service"},"geometry":{"type":"LineString","coordinates":[[121.35963499999998,24.946675999999993],[121.3599673,24.9466153]]}},{"type":"Feature","properties":{"name":null,"kind":"service"},"geometry":{"type":"LineString","coordinates":[[121.3602048,24.948496099999993],[121.36028530000002,24.948338799999995],[121.3603282,24.947832999999992],[121.36009220000001,24.947181200000003],[121.35935649999999,24.9464363],[121.35896370000002,24.945861900000008]]}},{"type":"Feature","properties":{"name":"大漢溪左岸自行車道","kind":"cycleway"},"geometry":{"type":"LineString","coordinates":[[121.35677539999999,24.950109],[121.356879,24.9500699],[121.35686560000002,24.9500131],[121.3565811,24.949585299999995],[121.35320849999998,24.946243200000005],[121.3532467,24.9459964],[121.3528573,24.945560200000003]]}},{"type":"Feature","properties":{"name":null,"kind":"unclassified"},"geometry":{"type":"LineString","coordinates":[[121.35469530000002,24.949187099999996],[121.35575650000001,24.948864799999992]]}},{"type":"Feature","properties":{"name":null,"kind":"unclassified"},"geometry":{"type":"LineString","coordinates":[[121.3548214,24.9494895],[121.35457290000001,24.948893299999995]]}},{"type":"Feature","properties":{"name":"未來廣場","kind":"pedestrian"},"geometry":{"type":"LineString","coordinates":[[121.3564116,24.950163999999997],[121.35698050000002,24.9501817],[121.3570038,24.950108699999994],[121.35687400000002,24.9499037],[121.35661810000002,24.949724699999994],[121.3565583,24.949968499999994],[121.35627400000001,24.9501368],[121.3564116,24.950163999999997]]}},{"type":"Feature","properties":{"name":null,"kind":"service"},"geometry":{"type":"LineString","coordinates":[[121.3614373,24.9455752],[121.36088429999998,24.945773199999998]]}},{"type":"Feature","properties":{"name":null,"kind":"cycleway"},"geometry":{"type":"LineString","coordinates":[[121.35780689999999,24.9451078],[121.357702,24.9453817],[121.35789720000001,24.9456988],[121.35822239999999,24.946635000000004],[121.35853949999999,24.947261699999995],[121.3594095,24.9479473],[121.3615961,24.9494284],[121.3627956,24.950614399999996],[121.36352600000001,24.951173499999996]]}},{"type":"Feature","properties":{"name":null,"kind":"cycleway"},"geometry":{"type":"LineString","coordinates":[[121.3645171,24.949175299999997],[121.36440830000001,24.949430600000003],[121.3643871,24.9503114],[121.3639674,24.951235500000003],[121.36352600000001,24.951173499999996]]}},{"type":"Feature","properties":{"name":null,"kind":"footway"},"geometry":{"type":"LineString","coordinates":[[121.35086180000002,24.9487357],[121.3509064,24.948687999999997]]}},{"type":"Feature","properties":{"name":null,"kind":"footway"},"geometry":{"type":"LineString","coordinates":[[121.35136260000002,24.948800899999995],[121.35130329999998,24.948904700000003],[121.35122889999998,24.948867700000005]]}},{"type":"Feature","properties":{"name":"尖山路101巷7弄","kind":"service"},"geometry":{"type":"LineString","coordinates":[[121.3488318,24.948845300000002],[121.3487408,24.9489779],[121.3481595,24.94875559999999]]}},{"type":"Feature","properties":{"name":null,"kind":"footway"},"geometry":{"type":"LineString","coordinates":[[121.35109740000001,24.948897399999996],[121.35122889999998,24.948867700000005]]}},{"type":"Feature","properties":{"name":"尖山路156巷","kind":"residential"},"geometry":{"type":"LineString","coordinates":[[121.3463073,24.948415],[121.3458042,24.949301600000002],[121.34585360000001,24.949411900000005]]}},{"type":"Feature","properties":{"name":null,"kind":"service"},"geometry":{"type":"LineString","coordinates":[[121.35243220000001,24.9487188],[121.35241300000001,24.949097699999996]]}},{"type":"Feature","properties":{"name":null,"kind":"footway"},"geometry":{"type":"LineString","coordinates":[[121.35080240000002,24.9487183],[121.35106139999999,24.9488386],[121.3511442,24.94913499999999]]}},{"type":"Feature","properties":{"name":null,"kind":"service"},"geometry":{"type":"LineString","coordinates":[[121.3540417,24.948784799999995],[121.3536068,24.9491724]]}},{"type":"Feature","properties":{"name":null,"kind":"service"},"geometry":{"type":"LineString","coordinates":[[121.3506955,24.9489086],[121.35075029999999,24.9487693],[121.3509088,24.948823700000002],[121.35102639999998,24.949017399999995],[121.3510235,24.9492328]]}},{"type":"Feature","properties":{"name":"尖山路140巷","kind":"service"},"geometry":{"type":"LineString","coordinates":[[121.3462329,24.949485899999996],[121.34635910000002,24.9491488],[121.34678060000002,24.9486547]]}},{"type":"Feature","properties":{"name":null,"kind":"service"},"geometry":{"type":"LineString","coordinates":[[121.3614875,24.9455772],[121.3616246,24.946367400000003],[121.3617766,24.946734999999997],[121.3619857,24.946964800000003],[121.36233939999998,24.947080999999994],[121.3621223,24.947439899999996],[121.36212380000002,24.9480243],[121.36299780000002,24.948602499999996],[121.36300209999999,24.948707499999998],[121.3627438,24.9490781],[121.3633371,24.9495425],[121.3635491,24.9495668],[121.3641231,24.948936899999996],[121.3642309,24.948938499999997],[121.3646155,24.9492758],[121.36526730000001,24.949629099999996],[121.36692310000001,24.950769499999996],[121.3671705,24.9508141],[121.3705253,24.953044099999996],[121.3723465,24.953366899999995]]}},{"type":"Feature","properties":{"name":"尖山路168巷","kind":"service"},"geometry":{"type":"LineString","coordinates":[[121.3444628,24.949071999999994],[121.3453022,24.9478483]]}},{"type":"Feature","properties":{"name":null,"kind":"residential"},"geometry":{"type":"LineString","coordinates":[[121.3404461,24.9486891],[121.3408646,24.9482701],[121.34156420000001,24.948418099999998]]}},{"type":"Feature","properties":{"name":"尖山路174巷35弄","kind":"residential"},"geometry":{"type":"LineString","coordinates":[[121.3443021,24.9486078],[121.34386230000001,24.948371300000005]]}},{"type":"Feature","properties":{"name":"尖山路174巷35弄20衖","kind":"service"},"geometry":{"type":"LineString","coordinates":[[121.34386230000001,24.948371300000005],[121.34371520000002,24.948670499999995]]}},{"type":"Feature","properties":{"name":"尖山路174巷35弄30衖","kind":"service"},"geometry":{"type":"LineString","coordinates":[[121.34338730000002,24.948922],[121.3434019,24.948790399999996],[121.34312820000001,24.948661900000005],[121.34319059999999,24.9485858],[121.34343320000002,24.948581],[121.3436483,24.9482562],[121.34343090000002,24.948157299999995]]}},{"type":"Feature","properties":{"name":null,"kind":"service"},"geometry":{"type":"LineString","coordinates":[[121.3406099,24.9485307],[121.34105020000001,24.948867200000002]]}},{"type":"Feature","properties":{"name":null,"kind":"service"},"geometry":{"type":"LineString","coordinates":[[121.3443021,24.9486078],[121.34465560000001,24.948791]]}},{"type":"Feature","properties":{"name":null,"kind":"service"},"geometry":{"type":"LineString","coordinates":[[121.34066550000001,24.949749999999998],[121.3417668,24.948572400000003]]}},{"type":"Feature","properties":{"name":null,"kind":"footway"},"geometry":{"type":"LineString","coordinates":[[121.3444628,24.949071999999994],[121.34482800000002,24.949270099999996]]}},{"type":"Feature","properties":{"name":"尖山埔路二段","kind":"tertiary"},"geometry":{"type":"LineString","coordinates":[[121.3437404,24.949831],[121.3418614,24.948627000000002]]}},{"type":"Feature","properties":{"name":"文化路","kind":"secondary"},"geometry":{"type":"LineString","coordinates":[[121.3528344,24.948745299999995],[121.35277510000002,24.949542800000003]]}},{"type":"Feature","properties":{"name":null,"kind":"service"},"geometry":{"type":"LineString","coordinates":[[121.35346889999998,24.9487892],[121.3536068,24.9491724],[121.35379110000001,24.9493646],[121.3535169,24.949651199999998]]}},{"type":"Feature","properties":{"name":"尖山路140巷6弄","kind":"service"},"geometry":{"type":"LineString","coordinates":[[121.34706350000002,24.949633999999993],[121.3466194,24.948846000000003]]}},{"type":"Feature","properties":{"name":"尖山路120巷","kind":"residential"},"geometry":{"type":"LineString","coordinates":[[121.34706350000002,24.949633999999993],[121.34740230000001,24.948989199999996]]}},{"type":"Feature","properties":{"name":"園區外圍步道","kind":"footway"},"geometry":{"type":"LineString","coordinates":[[121.35175480000001,24.9496212],[121.3510257,24.9490661]]}},{"type":"Feature","properties":{"name":"尖山路156巷71弄","kind":"service"},"geometry":{"type":"LineString","coordinates":[[121.3454551,24.949527300000007],[121.34559670000002,24.949314],[121.3458042,24.949301600000002]]}},{"type":"Feature","properties":{"name":"尖山路140巷","kind":"residential"},"geometry":{"type":"LineString","coordinates":[[121.34585360000001,24.949411900000005],[121.3462329,24.949485899999996]]}},{"type":"Feature","properties":{"name":"尖山路59巷","kind":"service"},"geometry":{"type":"LineString","coordinates":[[121.3499248,24.949216],[121.34995130000001,24.9496996]]}},{"type":"Feature","properties":{"name":null,"kind":"footway"},"geometry":{"type":"LineString","coordinates":[[121.3526412,24.9496052],[121.3521482,24.949389699999998]]}},{"type":"Feature","properties":{"name":null,"kind":"footway"},"geometry":{"type":"LineString","coordinates":[[121.35295990000002,24.949633600000002],[121.35290770000002,24.9495796],[121.3529565,24.9493649]]}},{"type":"Feature","properties":{"name":"建國路367巷","kind":"service"},"geometry":{"type":"LineString","coordinates":[[121.3383556,24.948962],[121.3391314,24.9496256]]}},{"type":"Feature","properties":{"name":null,"kind":"steps"},"geometry":{"type":"LineString","coordinates":[[121.3447467,24.949424999999998],[121.3449198,24.9495446],[121.34488969999998,24.949599899999992]]}},{"type":"Feature","properties":{"name":"建國路377巷","kind":"service"},"geometry":{"type":"LineString","coordinates":[[121.33843570000002,24.949532699999992],[121.33880879999998,24.949847899999998]]}},{"type":"Feature","properties":{"name":"窄巷機車可過","kind":"service"},"geometry":{"type":"LineString","coordinates":[[121.34033970000002,24.9500802],[121.34066550000001,24.949749999999998]]}},{"type":"Feature","properties":{"name":null,"kind":"service"},"geometry":{"type":"LineString","coordinates":[[121.34149180000001,24.9497388],[121.3414839,24.9500129],[121.3419897,24.9501911]]}},{"type":"Feature","properties":{"name":"尖山埔路","kind":"tertiary"},"geometry":{"type":"LineString","coordinates":[[121.34440930000001,24.9501486],[121.3437404,24.949831]]}},{"type":"Feature","properties":{"name":null,"kind":"service"},"geometry":{"type":"LineString","coordinates":[[121.3413347,24.9501251],[121.3414839,24.9500129]]}},{"type":"Feature","properties":{"name":null,"kind":"footway"},"geometry":{"type":"LineString","coordinates":[[121.3442415,24.9501477],[121.3442942,24.9500357]]}},{"type":"Feature","properties":{"name":"永昌街","kind":"living_street"},"geometry":{"type":"LineString","coordinates":[[121.3437404,24.949831],[121.34174149999998,24.9497083],[121.34131870000002,24.9497599],[121.34033970000002,24.9500802],[121.3398677,24.95028],[121.33983690000001,24.950436499999995],[121.33899889999999,24.950542599999995],[121.33822120000002,24.950436699999997]]}},{"type":"Feature","properties":{"name":null,"kind":"footway"},"geometry":{"type":"LineString","coordinates":[[121.34429739999999,24.950263600000007],[121.3442415,24.9501477]]}},{"type":"Feature","properties":{"name":null,"kind":"footway"},"geometry":{"type":"LineString","coordinates":[[121.35267100000002,24.949511700000002],[121.3524789,24.949982099999993],[121.35201970000001,24.9498949]]}},{"type":"Feature","properties":{"name":null,"kind":"cycleway"},"geometry":{"type":"LineString","coordinates":[[121.35175480000001,24.9496212],[121.35200190000002,24.949856699999998],[121.352271,24.94998139999999],[121.3526657,24.950045900000003],[121.35302500000002,24.949947099999996],[121.35311860000002,24.9498205],[121.3531228,24.9495857],[121.3529544,24.9494683],[121.3531224,24.9494658],[121.3535466,24.949760299999998]]}},{"type":"Feature","properties":{"name":null,"kind":"footway"},"geometry":{"type":"LineString","coordinates":[[121.3529565,24.9493649],[121.35314720000001,24.949414999999995],[121.3538812,24.949908700000005],[121.35414420000001,24.9501796]]}},{"type":"Feature","properties":{"name":null,"kind":"footway"},"geometry":{"type":"LineString","coordinates":[[121.35256660000002,24.9497828],[121.3527333,24.9498435]]}},{"type":"Feature","properties":{"name":"中正二路","kind":"secondary"},"geometry":{"type":"LineString","coordinates":[[121.341279,24.947944999999997],[121.3454325,24.9498491],[121.34598730000002,24.9500236],[121.34781390000002,24.950195199999996],[121.3488412,24.9500679],[121.3492675,24.950089799999997],[121.3504811,24.9511279],[121.3518674,24.951709899999997]]}},{"type":"Feature","properties":{"name":null,"kind":"footway"},"geometry":{"type":"LineString","coordinates":[[121.34604050000002,24.949830699999993],[121.34603600000001,24.949925600000004]]}},{"type":"Feature","properties":{"name":null,"kind":"footway"},"geometry":{"type":"LineString","coordinates":[[121.3527333,24.9498435],[121.35286880000001,24.949808499999993],[121.3529715,24.949961699999996]]}},{"type":"Feature","properties":{"name":null,"kind":"steps"},"geometry":{"type":"LineString","coordinates":[[121.35201970000001,24.9498949],[121.35217779999999,24.9499382]]}},{"type":"Feature","properties":{"name":null,"kind":"steps"},"geometry":{"type":"LineString","coordinates":[[121.34598730000002,24.9500236],[121.34603600000001,24.949925600000004]]}},{"type":"Feature","properties":{"name":null,"kind":"service"},"geometry":{"type":"LineString","coordinates":[[121.3532953,24.949851600000002],[121.3532082,24.950077300000004]]}},{"type":"Feature","properties":{"name":null,"kind":"service"},"geometry":{"type":"LineString","coordinates":[[121.3531731,24.950162099999996],[121.35315920000001,24.950202999999995]]}},{"type":"Feature","properties":{"name":"文化路","kind":"secondary"},"geometry":{"type":"LineString","coordinates":[[121.35277510000002,24.949542800000003],[121.35219280000001,24.950856800000004]]}},{"type":"Feature","properties":{"name":null,"kind":"service"},"geometry":{"type":"LineString","coordinates":[[121.35138249999999,24.9502083],[121.3513373,24.950265699999996]]}},{"type":"Feature","properties":{"name":null,"kind":"service"},"geometry":{"type":"LineString","coordinates":[[121.34575300000002,24.9502198],[121.34628200000002,24.9503064]]}},{"type":"Feature","properties":{"name":null,"kind":"footway"},"geometry":{"type":"LineString","coordinates":[[121.35142539999998,24.950307599999995],[121.351463,24.950247199999996]]}},{"type":"Feature","properties":{"name":null,"kind":"service"},"geometry":{"type":"LineString","coordinates":[[121.3513373,24.950265699999996],[121.35131430000001,24.9502977]]}},{"type":"Feature","properties":{"name":null,"kind":"footway"},"geometry":{"type":"LineString","coordinates":[[121.3513279,24.9502789],[121.35142539999998,24.950307599999995]]}},{"type":"Feature","properties":{"name":null,"kind":"service"},"geometry":{"type":"LineString","coordinates":[[121.3510494,24.950183299999985],[121.35101580000001,24.950470999999997]]}},{"type":"Feature","properties":{"name":null,"kind":"footway"},"geometry":{"type":"LineString","coordinates":[[121.3462423,24.950337599999997],[121.3462492,24.9503614]]}},{"type":"Feature","properties":{"name":"尖山埔路165巷3弄","kind":"service"},"geometry":{"type":"LineString","coordinates":[[121.3465703,24.950540299999997],[121.3462318,24.950390699999996]]}},{"type":"Feature","properties":{"name":null,"kind":"service"},"geometry":{"type":"LineString","coordinates":[[121.33236890000002,24.947792900000003],[121.3322241,24.949315300000002],[121.33204439999999,24.953094399999994]]}},{"type":"Feature","properties":{"name":null,"kind":"service"},"geometry":{"type":"LineString","coordinates":[[121.3283416,24.954898899999993],[121.3282799,24.952020800000003],[121.3285066,24.948541400000003],[121.32879219999998,24.948082900000003],[121.3293515,24.947431199999997],[121.331398,24.9460694]]}},{"type":"Feature","properties":{"name":null,"kind":"service"},"geometry":{"type":"LineString","coordinates":[[121.32980070000002,24.952110200000003],[121.3300025,24.9491842]]}},{"type":"Feature","properties":{"name":null,"kind":"service"},"geometry":{"type":"LineString","coordinates":[[121.33323930000002,24.949794499999992],[121.3325036,24.951418499999996],[121.33239090000001,24.952036199999995],[121.332289,24.952186999999995],[121.3320886,24.952209299999996]]}},{"type":"Feature","properties":{"name":"八德路23巷","kind":"residential"},"geometry":{"type":"LineString","coordinates":[[121.3364558,24.950144500000004],[121.3359437,24.9500467],[121.33557090000001,24.9501488],[121.3351363,24.9504115],[121.33480370000001,24.950335500000005],[121.33468840000002,24.95039259999999],[121.3343518,24.950363499999998],[121.3342177,24.950727],[121.33412630000001,24.9507935],[121.3334128,24.9507157],[121.33331890000001,24.9508616],[121.333394,24.951224],[121.3337025,24.951703],[121.33405660000001,24.952072700000002],[121.3346547,24.952026499999995],[121.33542719999998,24.9516252],[121.33561079999998,24.9516149]]}},{"type":"Feature","properties":{"name":null,"kind":"residential"},"geometry":{"type":"LineString","coordinates":[[121.3363618,24.9521112],[121.33682169999999,24.950760299999995]]}},{"type":"Feature","properties":{"name":null,"kind":"service"},"geometry":{"type":"LineString","coordinates":[[121.33211010000001,24.951555699999997],[121.329098,24.9514298]]}},{"type":"Feature","properties":{"name":null,"kind":"service"},"geometry":{"type":"LineString","coordinates":[[121.3282799,24.952020800000003],[121.3320886,24.952209299999996]]}},{"type":"Feature","properties":{"name":"鶯桃路91巷42弄","kind":"service"},"geometry":{"type":"LineString","coordinates":[[121.3364152,24.9528734],[121.336222,24.952788299999998],[121.3362254,24.952521100000002],[121.33667619999999,24.9523383],[121.3368936,24.9520981],[121.3371507,24.952102599999996]]}},{"type":"Feature","properties":{"name":null,"kind":"service"},"geometry":{"type":"LineString","coordinates":[[121.33206140000001,24.9527532],[121.3330829,24.952812]]}},{"type":"Feature","properties":{"name":"尖山埔路165巷","kind":"service"},"geometry":{"type":"LineString","coordinates":[[121.3473218,24.9504404],[121.34628200000002,24.9503064],[121.3460089,24.950840199999995]]}},{"type":"Feature","properties":{"name":"文化路136巷","kind":"service"},"geometry":{"type":"LineString","coordinates":[[121.3503438,24.949835399999998],[121.3519773,24.9513488]]}},{"type":"Feature","properties":{"name":"文化路393巷","kind":"service"},"geometry":{"type":"LineString","coordinates":[[121.35247580000001,24.950239899999996],[121.3528965,24.9504216],[121.3528891,24.9505949],[121.3526745,24.9510258]]}},{"type":"Feature","properties":{"name":"尖山埔路","kind":"secondary"},"geometry":{"type":"LineString","coordinates":[[121.34735109999998,24.951105999999996],[121.34667,24.951116899999995],[121.34440930000001,24.9501486]]}},{"type":"Feature","properties":{"name":null,"kind":"service"},"geometry":{"type":"LineString","coordinates":[[121.3528891,24.9505949],[121.3532182,24.9506927]]}},{"type":"Feature","properties":{"name":"鶯歌風華步道","kind":"footway"},"geometry":{"type":"LineString","coordinates":[[121.35101580000001,24.950470999999997],[121.35087809999999,24.9508245],[121.3505974,24.951131299999997],[121.3506631,24.9511634]]}},{"type":"Feature","properties":{"name":"文化路371巷","kind":"service"},"geometry":{"type":"LineString","coordinates":[[121.35219280000001,24.950856800000004],[121.3524784,24.950953799999994]]}},{"type":"Feature","properties":{"name":null,"kind":"footway"},"geometry":{"type":"LineString","coordinates":[[121.34988980000001,24.951082499999995],[121.3500796,24.9509284]]}},{"type":"Feature","properties":{"name":null,"kind":"footway"},"geometry":{"type":"LineString","coordinates":[[121.349706,24.951051999999994],[121.34988980000001,24.951082499999995]]}},{"type":"Feature","properties":{"name":"文化路371巷","kind":"living_street"},"geometry":{"type":"LineString","coordinates":[[121.3524784,24.950953799999994],[121.35302420000001,24.9511689]]}},{"type":"Feature","properties":{"name":"鶯桃路33巷","kind":"service"},"geometry":{"type":"LineString","coordinates":[[121.3431694,24.950689499999996],[121.3429975,24.950187600000003],[121.3429864,24.949808100000002]]}},{"type":"Feature","properties":{"name":null,"kind":"footway"},"geometry":{"type":"LineString","coordinates":[[121.34472169999998,24.950329099999998],[121.34475829999998,24.950250899999993]]}},{"type":"Feature","properties":{"name":null,"kind":"footway"},"geometry":{"type":"LineString","coordinates":[[121.34486350000002,24.9503853],[121.34489830000001,24.95030819999999]]}},{"type":"Feature","properties":{"name":null,"kind":"service"},"geometry":{"type":"LineString","coordinates":[[121.33983690000001,24.950436499999995],[121.3399283,24.9508166]]}},{"type":"Feature","properties":{"name":"鶯桃路","kind":"secondary"},"geometry":{"type":"LineString","coordinates":[[121.34228140000002,24.951500599999996],[121.34245520000002,24.951189299999996],[121.34280960000001,24.950852499999996],[121.34440930000001,24.9501486]]}},{"type":"Feature","properties":{"name":null,"kind":"residential"},"geometry":{"type":"LineString","coordinates":[[121.3379416,24.950833099999997],[121.3376958,24.951053300000005],[121.336504,24.950659799999997]]}},{"type":"Feature","properties":{"name":"建國路512巷","kind":"service"},"geometry":{"type":"LineString","coordinates":[[121.3391896,24.951240500000004],[121.3404377,24.9510739],[121.3407888,24.9506514]]}},{"type":"Feature","properties":{"name":"建國路580巷","kind":"service"},"geometry":{"type":"LineString","coordinates":[[121.3391987,24.9505173],[121.33925510000002,24.951123399999997],[121.3389822,24.951611699999997],[121.3388367,24.9517304]]}},{"type":"Feature","properties":{"name":"建國路512巷2弄","kind":"service"},"geometry":{"type":"LineString","coordinates":[[121.3404754,24.951028599999997],[121.3408088,24.95126529999999]]}},{"type":"Feature","properties":{"name":null,"kind":"service"},"geometry":{"type":"LineString","coordinates":[[121.33836730000002,24.951427299999995],[121.3386163,24.951131599999993]]}},{"type":"Feature","properties":{"name":null,"kind":"service"},"geometry":{"type":"LineString","coordinates":[[121.3283596,24.950345899999995],[121.3291583,24.950389899999994]]}},{"type":"Feature","properties":{"name":null,"kind":"service"},"geometry":{"type":"LineString","coordinates":[[121.3289525,24.950378599999997],[121.32892679999999,24.950729100000004]]}},{"type":"Feature","properties":{"name":null,"kind":"service"},"geometry":{"type":"LineString","coordinates":[[121.32877,24.9503685],[121.3287364,24.9507972]]}},{"type":"Feature","properties":{"name":null,"kind":"service"},"geometry":{"type":"LineString","coordinates":[[121.3280713,24.950743400000004],[121.3266027,24.9508057]]}},{"type":"Feature","properties":{"name":null,"kind":"service"},"geometry":{"type":"LineString","coordinates":[[121.32930400000001,24.947479300000005],[121.3290712,24.952073500000004],[121.3291087,24.9548964]]}},{"type":"Feature","properties":{"name":null,"kind":"service"},"geometry":{"type":"LineString","coordinates":[[121.3287014,24.951400700000004],[121.3287109,24.9511729]]}},{"type":"Feature","properties":{"name":null,"kind":"service"},"geometry":{"type":"LineString","coordinates":[[121.3283041,24.9513715],[121.329098,24.9514298]]}},{"type":"Feature","properties":{"name":null,"kind":"service"},"geometry":{"type":"LineString","coordinates":[[121.3283011,24.952607399999998],[121.32907410000001,24.952583099999988]]}},{"type":"Feature","properties":{"name":"八德路","kind":"secondary"},"geometry":{"type":"LineString","coordinates":[[121.3326326,24.954627299999995],[121.33348810000001,24.954320199999998],[121.33409050000002,24.953953900000002],[121.334695,24.95291389999999],[121.3353706,24.95212419999999],[121.33618509999998,24.950534500000003],[121.33672620000002,24.9497549],[121.337513,24.9489734],[121.3379502,24.948664799999996],[121.33933559999998,24.94812],[121.341279,24.947944999999997]]}},{"type":"Feature","properties":{"name":"建國路405巷","kind":"service"},"geometry":{"type":"LineString","coordinates":[[121.33743580000001,24.9515754],[121.3379227,24.9510094]]}},{"type":"Feature","properties":{"name":"建國路","kind":"residential"},"geometry":{"type":"LineString","coordinates":[[121.34228140000002,24.951500599999996],[121.3411236,24.950887799999997],[121.3392418,24.94963359999999],[121.3389679,24.9496917],[121.3380657,24.9505899],[121.33791610000002,24.950958400000005],[121.33801429999998,24.951199300000003],[121.3402211,24.952612900000005],[121.34070670000001,24.953153700000005]]}},{"type":"Feature","properties":{"name":null,"kind":"footway"},"geometry":{"type":"LineString","coordinates":[[121.3421944,24.951517899999995],[121.34226439999999,24.9513883],[121.3423743,24.951457100000002],[121.3423129,24.951570600000004],[121.3421944,24.951517899999995]]}},{"type":"Feature","properties":{"name":null,"kind":"service"},"geometry":{"type":"LineString","coordinates":[[121.33991370000001,24.951552300000003],[121.340314,24.951578699999995],[121.34034669999998,24.9517535]]}},{"type":"Feature","properties":{"name":"建國路","kind":"tertiary"},"geometry":{"type":"LineString","coordinates":[[121.343522,24.952029300000003],[121.34228140000002,24.951500599999996]]}},{"type":"Feature","properties":{"name":null,"kind":"service"},"geometry":{"type":"LineString","coordinates":[[121.3418376,24.951801499999995],[121.34207050000002,24.9518809]]}},{"type":"Feature","properties":{"name":"鶯桃路91巷31弄2衖","kind":"service"},"geometry":{"type":"LineString","coordinates":[[121.3377083,24.952040099999998],[121.33783389999999,24.9518124]]}},{"type":"Feature","properties":{"name":"建國路596巷","kind":"service"},"geometry":{"type":"LineString","coordinates":[[121.3398796,24.9523914],[121.34034669999998,24.9517535],[121.3409835,24.951710599999995]]}},{"type":"Feature","properties":{"name":"鶯桃路91巷31弄","kind":"service"},"geometry":{"type":"LineString","coordinates":[[121.3380716,24.9522151],[121.33821080000001,24.951993100000003]]}},{"type":"Feature","properties":{"name":null,"kind":"footway"},"geometry":{"type":"LineString","coordinates":[[121.35314720000001,24.949414999999995],[121.3529217,24.949610499999995]]}},{"type":"Feature","properties":{"name":null,"kind":"unclassified"},"geometry":{"type":"LineString","coordinates":[[121.3506955,24.9489086],[121.3516509,24.9498016],[121.35197710000001,24.950004199999995],[121.35252880000002,24.950133199999996]]}},{"type":"Feature","properties":{"name":null,"kind":"footway"},"geometry":{"type":"LineString","coordinates":[[121.35267100000002,24.949511700000002],[121.35290770000002,24.9495796]]}},{"type":"Feature","properties":{"name":"尖山路140巷12弄","kind":"residential"},"geometry":{"type":"LineString","coordinates":[[121.3462329,24.949485899999996],[121.3478045,24.949718600000004]]}},{"type":"Feature","properties":{"name":null,"kind":"steps"},"geometry":{"type":"LineString","coordinates":[[121.3531503,24.949666600000004],[121.3532089,24.9495801],[121.35330379999999,24.949647000000002]]}},{"type":"Feature","properties":{"name":"尖山路140巷","kind":"service"},"geometry":{"type":"LineString","coordinates":[[121.34604050000002,24.949830699999993],[121.34582959999999,24.9497493],[121.34596640000001,24.949470699999996]]}},{"type":"Feature","properties":{"name":null,"kind":"cycleway"},"geometry":{"type":"LineString","coordinates":[[121.3525539,24.949811699999998],[121.352393,24.9497552],[121.3524856,24.949566],[121.3524405,24.949517]]}},{"type":"Feature","properties":{"name":null,"kind":"cycleway"},"geometry":{"type":"LineString","coordinates":[[121.35200190000002,24.949856699999998],[121.3520322,24.9498046],[121.35226779999999,24.9498155],[121.35242680000002,24.949544199999995]]}},{"type":"Feature","properties":{"name":null,"kind":"footway"},"geometry":{"type":"LineString","coordinates":[[121.35330379999999,24.949647000000002],[121.353423,24.949759399999994],[121.3536319,24.949789399999997]]}},{"type":"Feature","properties":{"name":null,"kind":"footway"},"geometry":{"type":"LineString","coordinates":[[121.35286880000001,24.949808499999993],[121.35295990000002,24.949633600000002]]}},{"type":"Feature","properties":{"name":"館前路","kind":"tertiary"},"geometry":{"type":"LineString","coordinates":[[121.35274300000002,24.949623900000002],[121.3537679,24.949953799999996],[121.3540348,24.950130199999993],[121.3541248,24.950323699999995]]}},{"type":"Feature","properties":{"name":null,"kind":"service"},"geometry":{"type":"LineString","coordinates":[[121.3516509,24.9498016],[121.3514616,24.949923600000005],[121.35138030000002,24.949846899999997],[121.35124170000002,24.949959899999993],[121.3513631,24.950070000000004],[121.35138249999999,24.9502083]]}},{"type":"Feature","properties":{"name":null,"kind":"steps"},"geometry":{"type":"LineString","coordinates":[[121.3529177,24.9499919],[121.3529414,24.950049299999993],[121.35318199999999,24.949964500000007]]}},{"type":"Feature","properties":{"name":"館前路","kind":"tertiary"},"geometry":{"type":"LineString","coordinates":[[121.3540558,24.950341500000004],[121.35378170000001,24.950041],[121.35271450000002,24.9496873]]}},{"type":"Feature","properties":{"name":null,"kind":"footway"},"geometry":{"type":"LineString","coordinates":[[121.3527333,24.9498435],[121.3525685,24.9502679]]}},{"type":"Feature","properties":{"name":null,"kind":"footway"},"geometry":{"type":"LineString","coordinates":[[121.3539263,24.9502049],[121.3532743,24.949905200000003],[121.3526728,24.950009399999992]]}},{"type":"Feature","properties":{"name":null,"kind":"footway"},"geometry":{"type":"LineString","coordinates":[[121.351463,24.950247199999996],[121.3517843,24.950293],[121.35209800000001,24.950135200000002],[121.35162450000001,24.9498187]]}},{"type":"Feature","properties":{"name":null,"kind":"cycleway"},"geometry":{"type":"LineString","coordinates":[[121.3539263,24.9502049],[121.35339449999998,24.9499789],[121.35302500000002,24.949947099999996]]}},{"type":"Feature","properties":{"name":null,"kind":"footway"},"geometry":{"type":"LineString","coordinates":[[121.3462423,24.950337599999997],[121.34630240000001,24.950030600000005],[121.34603810000002,24.949997799999995],[121.34603600000001,24.949925600000004]]}},{"type":"Feature","properties":{"name":null,"kind":"service"},"geometry":{"type":"LineString","coordinates":[[121.3532082,24.950077300000004],[121.3531731,24.950162099999996]]}},{"type":"Feature","properties":{"name":null,"kind":"footway"},"geometry":{"type":"LineString","coordinates":[[121.3542046,24.950288399999994],[121.35677539999999,24.950109]]}},{"type":"Feature","properties":{"name":null,"kind":"footway"},"geometry":{"type":"LineString","coordinates":[[121.354167,24.950311499999998],[121.35414420000001,24.9501796]]}},{"type":"Feature","properties":{"name":null,"kind":"cycleway"},"geometry":{"type":"LineString","coordinates":[[121.35400610000002,24.950353899999996],[121.3539263,24.9502049]]}},{"type":"Feature","properties":{"name":null,"kind":"footway"},"geometry":{"type":"LineString","coordinates":[[121.35400610000002,24.950353899999996],[121.354167,24.950311499999998]]}},{"type":"Feature","properties":{"name":"龍窯橋","kind":"cycleway"},"geometry":{"type":"LineString","coordinates":[[121.35677539999999,24.950109],[121.3569123,24.9509032]]}},{"type":"Feature","properties":{"name":"南靖橋","kind":"footway"},"geometry":{"type":"LineString","coordinates":[[121.354167,24.950311499999998],[121.3543822,24.951024900000004]]}},{"type":"Feature","properties":{"name":"南靖橋","kind":"tertiary"},"geometry":{"type":"LineString","coordinates":[[121.3541248,24.950323699999995],[121.35433230000001,24.9510217]]}},{"type":"Feature","properties":{"name":"南靖橋","kind":"tertiary"},"geometry":{"type":"LineString","coordinates":[[121.3542619,24.951036400000003],[121.3540558,24.950341500000004]]}},{"type":"Feature","properties":{"name":"南靖橋","kind":"footway"},"geometry":{"type":"LineString","coordinates":[[121.35421559999999,24.9510653],[121.35400610000002,24.950353899999996]]}},{"type":"Feature","properties":{"name":null,"kind":"track"},"geometry":{"type":"LineString","coordinates":[[121.3569123,24.9509032],[121.3570164,24.950989200000002]]}},{"type":"Feature","properties":{"name":null,"kind":"service"},"geometry":{"type":"LineString","coordinates":[[121.3568164,24.951059799999996],[121.3565918,24.951047],[121.356231,24.95089259999999],[121.35435179999999,24.951082699999997]]}},{"type":"Feature","properties":{"name":null,"kind":"cycleway"},"geometry":{"type":"LineString","coordinates":[[121.35445589999999,24.951131299999997],[121.35633859999999,24.950942699999995],[121.35637580000001,24.9508596],[121.3569123,24.9509032]]}},{"type":"Feature","properties":{"name":null,"kind":"service"},"geometry":{"type":"LineString","coordinates":[[121.35717799999999,24.9510369],[121.3568164,24.951059799999996]]}},{"type":"Feature","properties":{"name":null,"kind":"footway"},"geometry":{"type":"LineString","coordinates":[[121.35445589999999,24.951131299999997],[121.3543822,24.951024900000004]]}},{"type":"Feature","properties":{"name":null,"kind":"footway"},"geometry":{"type":"LineString","coordinates":[[121.3543822,24.951024900000004],[121.35421559999999,24.9510653],[121.3542754,24.951204600000004],[121.35445589999999,24.951131299999997]]}},{"type":"Feature","properties":{"name":null,"kind":"service"},"geometry":{"type":"LineString","coordinates":[[121.35696139999999,24.951055599999997],[121.35722579999998,24.951263000000004]]}},{"type":"Feature","properties":{"name":null,"kind":"pedestrian"},"geometry":{"type":"LineString","coordinates":[[121.3581224,24.951350499999997],[121.35800690000002,24.9510621],[121.3580348,24.9509698],[121.35829199999999,24.9510198],[121.3582988,24.9511867],[121.3581595,24.9512956],[121.35819309999998,24.9513594],[121.3581224,24.951350499999997]]}},{"type":"Feature","properties":{"name":null,"kind":"footway"},"geometry":{"type":"LineString","coordinates":[[121.3557957,24.950962],[121.3554277,24.951130799999998],[121.3553601,24.9513866]]}},{"type":"Feature","properties":{"name":null,"kind":"living_street"},"geometry":{"type":"LineString","coordinates":[[121.3533484,24.9513015],[121.35343550000002,24.9513459],[121.35435179999999,24.951082699999997]]}},{"type":"Feature","properties":{"name":null,"kind":"service"},"geometry":{"type":"LineString","coordinates":[[121.3577415,24.9516671],[121.3579132,24.951581499999993],[121.3580329,24.9513977],[121.35792780000001,24.9510999],[121.35717799999999,24.9510369]]}},{"type":"Feature","properties":{"name":null,"kind":"footway"},"geometry":{"type":"LineString","coordinates":[[121.34966249999998,24.951134499999995],[121.349706,24.951051999999994]]}},{"type":"Feature","properties":{"name":null,"kind":"footway"},"geometry":{"type":"LineString","coordinates":[[121.3500796,24.9509284],[121.35067079999999,24.951295799999997],[121.35077969999999,24.951219]]}},{"type":"Feature","properties":{"name":"尖山埔路(陶瓷老街徒步區)","kind":"secondary"},"geometry":{"type":"LineString","coordinates":[[121.34735109999998,24.951105999999996],[121.3478051,24.950994499999997],[121.3496031,24.951127299999996],[121.34993009999998,24.9511933],[121.3502064,24.951350699999995]]}},{"type":"Feature","properties":{"name":null,"kind":"footway"},"geometry":{"type":"LineString","coordinates":[[121.35063360000001,24.9512191],[121.3506631,24.9511634],[121.35077969999999,24.951219]]}},{"type":"Feature","properties":{"name":"公園橋","kind":"living_street"},"geometry":{"type":"LineString","coordinates":[[121.35302420000001,24.9511689],[121.3533484,24.9513015]]}},{"type":"Feature","properties":{"name":"文化路","kind":"secondary"},"geometry":{"type":"LineString","coordinates":[[121.35219280000001,24.950856800000004],[121.3518674,24.951709899999997]]}},{"type":"Feature","properties":{"name":null,"kind":"service"},"geometry":{"type":"LineString","coordinates":[[121.3529457,24.951137300000003],[121.3525221,24.9514281]]}},{"type":"Feature","properties":{"name":"育英街95巷","kind":"service"},"geometry":{"type":"LineString","coordinates":[[121.34737950000002,24.951348999999993],[121.34807910000002,24.951382]]}},{"type":"Feature","properties":{"name":null,"kind":"footway"},"geometry":{"type":"LineString","coordinates":[[121.35343550000002,24.9513459],[121.3528419,24.951549899999996]]}},{"type":"Feature","properties":{"name":"陶瓷街","kind":"pedestrian"},"geometry":{"type":"LineString","coordinates":[[121.3485843,24.9520302],[121.34838970000001,24.951763099999997],[121.3483083,24.951500300000003],[121.34833740000002,24.951029499999994]]}},{"type":"Feature","properties":{"name":null,"kind":"footway"},"geometry":{"type":"LineString","coordinates":[[121.3553601,24.9513866],[121.3554622,24.9515121],[121.35559509999999,24.951416000000002],[121.3554743,24.9512977],[121.3553601,24.9513866]]}},{"type":"Feature","properties":{"name":null,"kind":"footway"},"geometry":{"type":"LineString","coordinates":[[121.35656030000001,24.951409999999996],[121.3568406,24.951537700000003],[121.35721339999999,24.951527999999993]]}},{"type":"Feature","properties":{"name":null,"kind":"path"},"geometry":{"type":"LineString","coordinates":[[121.3580397,24.951324299999992],[121.3583734,24.951299299999995],[121.3584802,24.9514893],[121.3587317,24.9515172],[121.3588483,24.9515766],[121.35885160000001,24.951674199999996]]}},{"type":"Feature","properties":{"name":null,"kind":"footway"},"geometry":{"type":"LineString","coordinates":[[121.35767090000002,24.951784699999997],[121.3574052,24.9515559],[121.3568084,24.9513407],[121.3564543,24.9514173],[121.35592059999999,24.951202099999996],[121.35567250000001,24.951245899999993],[121.35557739999999,24.9513479]]}},{"type":"Feature","properties":{"name":null,"kind":"footway"},"geometry":{"type":"LineString","coordinates":[[121.35633859999999,24.950942699999995],[121.35653680000001,24.951125300000005],[121.3560716,24.9518751],[121.355213,24.952112700000004]]}},{"type":"Feature","properties":{"name":null,"kind":"footway"},"geometry":{"type":"LineString","coordinates":[[121.3561061,24.951820299999998],[121.3563243,24.9517942],[121.3564543,24.9514173]]}},{"type":"Feature","properties":{"name":null,"kind":"footway"},"geometry":{"type":"LineString","coordinates":[[121.3553436,24.9513676],[121.35523210000001,24.951406199999997],[121.35516340000001,24.9518123],[121.3554857,24.952019100000005]]}},{"type":"Feature","properties":{"name":null,"kind":"steps"},"geometry":{"type":"LineString","coordinates":[[121.3577415,24.9516671],[121.35767090000002,24.951784699999997]]}},{"type":"Feature","properties":{"name":null,"kind":"pedestrian"},"geometry":{"type":"LineString","coordinates":[[121.358524,24.951643600000004],[121.3584295,24.9518663],[121.35849280000001,24.9519372],[121.3588508,24.951968199999996],[121.3589213,24.951906300000005],[121.35893739999999,24.9517439],[121.35887040000001,24.951676],[121.358524,24.951643600000004]]}},{"type":"Feature","properties":{"name":null,"kind":"path"},"geometry":{"type":"LineString","coordinates":[[121.35998570000001,24.9520515],[121.35984309999999,24.952000599999998],[121.3591199,24.9520542],[121.35904560000002,24.951734599999998],[121.358897,24.9517029]]}},{"type":"Feature","properties":{"name":"育英街89巷","kind":"service"},"geometry":{"type":"LineString","coordinates":[[121.34832730000001,24.951561599999998],[121.34815420000001,24.9515547],[121.3481274,24.9517322],[121.3477358,24.951695799999996],[121.34738430000002,24.9514777]]}},{"type":"Feature","properties":{"name":"育英街","kind":"living_street"},"geometry":{"type":"LineString","coordinates":[[121.34735109999998,24.951105999999996],[121.34738340000001,24.951661899999998],[121.3472561,24.952217699999995]]}},{"type":"Feature","properties":{"name":"文化路","kind":"secondary"},"geometry":{"type":"LineString","coordinates":[[121.3518674,24.951709899999997],[121.351919,24.9517942]]}},{"type":"Feature","properties":{"name":null,"kind":"footway"},"geometry":{"type":"LineString","coordinates":[[121.3525226,24.9520024],[121.35265340000001,24.9517538],[121.352889,24.951642399999997],[121.3528419,24.951549899999996]]}},{"type":"Feature","properties":{"name":"重慶街","kind":"pedestrian"},"geometry":{"type":"LineString","coordinates":[[121.3494781,24.951715],[121.34923840000002,24.951924399999996],[121.3488627,24.951896399999995]]}},{"type":"Feature","properties":{"name":"尖山埔路","kind":"secondary"},"geometry":{"type":"LineString","coordinates":[[121.3511692,24.952296],[121.3504796,24.9515056],[121.3502064,24.951350699999995]]}},{"type":"Feature","properties":{"name":null,"kind":"steps"},"geometry":{"type":"LineString","coordinates":[[121.3498509,24.952005599999993],[121.3497162,24.951666899999996]]}},{"type":"Feature","properties":{"name":"重慶街","kind":"pedestrian"},"geometry":{"type":"LineString","coordinates":[[121.3502064,24.951350699999995],[121.3498714,24.9516228],[121.3488627,24.951896399999995],[121.3480637,24.952299900000003],[121.3478162,24.952338599999997],[121.3472561,24.952217699999995]]}},{"type":"Feature","properties":{"name":null,"kind":"footway"},"geometry":{"type":"LineString","coordinates":[[121.351715,24.952001399999997],[121.3517924,24.951945999999996],[121.35183720000002,24.9516983]]}},{"type":"Feature","properties":{"name":"國慶街","kind":"secondary"},"geometry":{"type":"LineString","coordinates":[[121.35176040000002,24.9520317],[121.3518674,24.951709899999997]]}},{"type":"Feature","properties":{"name":null,"kind":"cycleway"},"geometry":{"type":"LineString","coordinates":[[121.35445589999999,24.951131299999997],[121.3547015,24.951581],[121.355213,24.952112700000004],[121.35555969999999,24.9523346],[121.35645050000001,24.952716399999996]]}},{"type":"Feature","properties":{"name":null,"kind":"path"},"geometry":{"type":"LineString","coordinates":[[121.3579497,24.952125299999995],[121.3579651,24.952065099999995],[121.3583023,24.951979999999995],[121.3582733,24.951767799999995],[121.3584395,24.951774999999998]]}},{"type":"Feature","properties":{"name":null,"kind":"cycleway"},"geometry":{"type":"LineString","coordinates":[[121.3599249,24.9521477],[121.360002,24.951986100000003],[121.35992540000001,24.9517377]]}},{"type":"Feature","properties":{"name":null,"kind":"service"},"geometry":{"type":"LineString","coordinates":[[121.35779070000001,24.952016799999996],[121.3576723,24.9520998],[121.3573764,24.951897599999988]]}},{"type":"Feature","properties":{"name":null,"kind":"footway"},"geometry":{"type":"LineString","coordinates":[[121.3553649,24.9519565],[121.355213,24.952112700000004]]}},{"type":"Feature","properties":{"name":null,"kind":"service"},"geometry":{"type":"LineString","coordinates":[[121.3556858,24.952064399999998],[121.3563846,24.951945],[121.35716510000002,24.95211279999999],[121.3574986,24.951817099999996],[121.3579966,24.952157400000004],[121.35856170000001,24.952084799999998],[121.3594856,24.9522704],[121.3599249,24.9521477],[121.3604908,24.952158600000004]]}},{"type":"Feature","properties":{"name":null,"kind":"path"},"geometry":{"type":"LineString","coordinates":[[121.3598565,24.952095099999998],[121.35984309999999,24.952000599999998]]}},{"type":"Feature","properties":{"name":null,"kind":"footway"},"geometry":{"type":"LineString","coordinates":[[121.3556858,24.952064399999998],[121.35592810000001,24.952119399999997]]}},{"type":"Feature","properties":{"name":null,"kind":"service"},"geometry":{"type":"LineString","coordinates":[[121.3551983,24.952154499999995],[121.3556858,24.952064399999998]]}},{"type":"Feature","properties":{"name":null,"kind":"path"},"geometry":{"type":"LineString","coordinates":[[121.35984580000002,24.952181200000002],[121.3598237,24.952108200000005],[121.3599255,24.952023499999996]]}},{"type":"Feature","properties":{"name":"文化路","kind":"secondary"},"geometry":{"type":"LineString","coordinates":[[121.351919,24.9517942],[121.3520183,24.951956200000005]]}},{"type":"Feature","properties":{"name":"重慶街酒寮巷","kind":"service"},"geometry":{"type":"LineString","coordinates":[[121.3498509,24.952005599999993],[121.3501046,24.9522056],[121.3505569,24.9520706],[121.3507499,24.951790600000002]]}},{"type":"Feature","properties":{"name":null,"kind":"footway"},"geometry":{"type":"LineString","coordinates":[[121.3525226,24.9520024],[121.3524611,24.952034900000008]]}},{"type":"Feature","properties":{"name":null,"kind":"footway"},"geometry":{"type":"LineString","coordinates":[[121.35157840000001,24.952097],[121.351715,24.952001399999997]]}},{"type":"Feature","properties":{"name":"國慶街涵洞","kind":"secondary"},"geometry":{"type":"LineString","coordinates":[[121.35163839999998,24.952175599999997],[121.35176040000002,24.9520317]]}},{"type":"Feature","properties":{"name":null,"kind":"footway"},"geometry":{"type":"LineString","coordinates":[[121.3524611,24.952034900000008],[121.35219219999999,24.95224]]}},{"type":"Feature","properties":{"name":null,"kind":"footway"},"geometry":{"type":"LineString","coordinates":[[121.3511287,24.952237699999994],[121.35157840000001,24.952097]]}},{"type":"Feature","properties":{"name":null,"kind":"service"},"geometry":{"type":"LineString","coordinates":[[121.3472561,24.952217699999995],[121.3471312,24.9521593]]}},{"type":"Feature","properties":{"name":"文化路","kind":"secondary"},"geometry":{"type":"LineString","coordinates":[[121.3520183,24.951956200000005],[121.35219219999999,24.95224],[121.3525992,24.9525609]]}},{"type":"Feature","properties":{"name":"國慶街","kind":"secondary"},"geometry":{"type":"LineString","coordinates":[[121.35163839999998,24.952175599999997],[121.3513867,24.952570899999998]]}},{"type":"Feature","properties":{"name":null,"kind":"footway"},"geometry":{"type":"LineString","coordinates":[[121.35767090000002,24.951784699999997],[121.3570026,24.952588400000003]]}},{"type":"Feature","properties":{"name":null,"kind":"footway"},"geometry":{"type":"LineString","coordinates":[[121.3564238,24.952446899999998],[121.35592810000001,24.952119399999997]]}},{"type":"Feature","properties":{"name":null,"kind":"footway"},"geometry":{"type":"LineString","coordinates":[[121.3559987,24.9523604],[121.35606300000002,24.952275599999997]]}},{"type":"Feature","properties":{"name":null,"kind":"steps"},"geometry":{"type":"LineString","coordinates":[[121.3559987,24.9523604],[121.35591640000001,24.952474900000002]]}},{"type":"Feature","properties":{"name":null,"kind":"footway"},"geometry":{"type":"LineString","coordinates":[[121.3584031,24.952681899999998],[121.35852920000002,24.952742799999996],[121.3587526,24.952706999999997],[121.3588232,24.952522499999993],[121.3586766,24.952299499999995],[121.35825110000002,24.9521157]]}},{"type":"Feature","properties":{"name":null,"kind":"footway"},"geometry":{"type":"LineString","coordinates":[[121.356934,24.952704899999997],[121.35660139999999,24.95249729999999],[121.3558328,24.9521924],[121.3557479,24.9523096],[121.3559106,24.952486199999996]]}},{"type":"Feature","properties":{"name":"鶯歌車站轉乘通道","kind":"pedestrian"},"geometry":{"type":"LineString","coordinates":[[121.3561397,24.952521799999992],[121.3560888,24.9524896]]}},{"type":"Feature","properties":{"name":"鶯歌車站轉乘通道","kind":"footway"},"geometry":{"type":"LineString","coordinates":[[121.3560888,24.9524896],[121.35610330000002,24.952564099999993]]}},{"type":"Feature","properties":{"name":null,"kind":"footway"},"geometry":{"type":"LineString","coordinates":[[121.3581608,24.95282419999999],[121.35860730000002,24.9529802],[121.3589515,24.952863999999998],[121.35906810000002,24.952748],[121.3591209,24.952461299999996],[121.35884880000002,24.952144599999997]]}},{"type":"Feature","properties":{"name":null,"kind":"steps"},"geometry":{"type":"LineString","coordinates":[[121.3564924,24.952640499999998],[121.3561489,24.952502899999995]]}},{"type":"Feature","properties":{"name":null,"kind":"steps"},"geometry":{"type":"LineString","coordinates":[[121.3564695,24.952655700000005],[121.3561397,24.952521799999992]]}},{"type":"Feature","properties":{"name":null,"kind":"footway"},"geometry":{"type":"LineString","coordinates":[[121.35670570000002,24.9526584],[121.3567584,24.952585599999995]]}},{"type":"Feature","properties":{"name":null,"kind":"pedestrian"},"geometry":{"type":"LineString","coordinates":[[121.3594923,24.952993999999997],[121.359365,24.9528281],[121.35938299999998,24.952302199999995],[121.3597113,24.952270799999997],[121.35957640000001,24.9524902],[121.35958509999999,24.952960300000004],[121.3594923,24.952993999999997]]}},{"type":"Feature","properties":{"name":null,"kind":"footway"},"geometry":{"type":"LineString","coordinates":[[121.3564924,24.952640499999998],[121.3564813,24.9526607]]}},{"type":"Feature","properties":{"name":null,"kind":"footway"},"geometry":{"type":"LineString","coordinates":[[121.3594607,24.953137099999996],[121.3597818,24.952830200000005],[121.35976,24.9524984],[121.359882,24.952340400000004],[121.36041169999999,24.9521504]]}},{"type":"Feature","properties":{"name":null,"kind":"footway"},"geometry":{"type":"LineString","coordinates":[[121.3570026,24.952588400000003],[121.35689650000002,24.952718599999997],[121.35660560000001,24.9527155]]}},{"type":"Feature","properties":{"name":null,"kind":"steps"},"geometry":{"type":"LineString","coordinates":[[121.3564695,24.952655700000005],[121.3564813,24.9526607]]}},{"type":"Feature","properties":{"name":null,"kind":"footway"},"geometry":{"type":"LineString","coordinates":[[121.3564813,24.9526607],[121.35645050000001,24.952716399999996]]}},{"type":"Feature","properties":{"name":null,"kind":"cycleway"},"geometry":{"type":"LineString","coordinates":[[121.3542754,24.951204600000004],[121.35448599999998,24.951645599999996],[121.35484710000001,24.9520956],[121.3552464,24.952384800000004],[121.35663040000001,24.953045099999997],[121.357371,24.953672599999994],[121.3578346,24.954195100000003]]}},{"type":"Feature","properties":{"name":null,"kind":"pedestrian"},"geometry":{"type":"LineString","coordinates":[[121.3566057,24.9526803],[121.3566048,24.952797899999997],[121.35645050000001,24.952716399999996],[121.35650449999999,24.952618700000002],[121.3566057,24.9526803]]}},{"type":"Feature","properties":{"name":"鶯歌車站轉乘通道","kind":"footway"},"geometry":{"type":"LineString","coordinates":[[121.3562604,24.952923899999995],[121.3561489,24.952502899999995]]}},{"type":"Feature","properties":{"name":null,"kind":"footway"},"geometry":{"type":"LineString","coordinates":[[121.35660560000001,24.9527155],[121.3565262,24.952750899999998]]}},{"type":"Feature","properties":{"name":null,"kind":"footway"},"geometry":{"type":"LineString","coordinates":[[121.3568854,24.9527652],[121.356934,24.952704899999997]]}},{"type":"Feature","properties":{"name":null,"kind":"footway"},"geometry":{"type":"LineString","coordinates":[[121.3565714,24.952716700000003],[121.35660520000002,24.952755000000007]]}},{"type":"Feature","properties":{"name":null,"kind":"steps"},"geometry":{"type":"LineString","coordinates":[[121.35660520000002,24.952755000000007],[121.3568854,24.9527652]]}},{"type":"Feature","properties":{"name":null,"kind":"cycleway"},"geometry":{"type":"LineString","coordinates":[[121.3564233,24.952924999999997],[121.3565262,24.952750899999998]]}},{"type":"Feature","properties":{"name":null,"kind":"steps"},"geometry":{"type":"LineString","coordinates":[[121.3559464,24.952773199999992],[121.3561951,24.9529147]]}},{"type":"Feature","properties":{"name":null,"kind":"steps"},"geometry":{"type":"LineString","coordinates":[[121.356189,24.952923200000004],[121.3559354,24.952787100000002]]}},{"type":"Feature","properties":{"name":null,"kind":"footway"},"geometry":{"type":"LineString","coordinates":[[121.356189,24.952923200000004],[121.35626350000001,24.952934600000003]]}},{"type":"Feature","properties":{"name":null,"kind":"footway"},"geometry":{"type":"LineString","coordinates":[[121.3600329,24.9529244],[121.3599992,24.9529025]]}},{"type":"Feature","properties":{"name":null,"kind":"footway"},"geometry":{"type":"LineString","coordinates":[[121.35934270000001,24.9533731],[121.3595021,24.9533793],[121.3596972,24.953125199999995],[121.35996940000001,24.952935200000002],[121.36007419999999,24.9528278],[121.35997480000002,24.952611999999995],[121.360038,24.952515799999993],[121.3601976,24.952500099999995]]}},{"type":"Feature","properties":{"name":null,"kind":"footway"},"geometry":{"type":"LineString","coordinates":[[121.36010719999999,24.952975699999996],[121.3600329,24.9529244]]}},{"type":"Feature","properties":{"name":null,"kind":"footway"},"geometry":{"type":"LineString","coordinates":[[121.3588189,24.953098499999992],[121.3589515,24.952863999999998]]}},{"type":"Feature","properties":{"name":null,"kind":"footway"},"geometry":{"type":"LineString","coordinates":[[121.3561726,24.9531085],[121.3562604,24.952923899999995]]}},{"type":"Feature","properties":{"name":null,"kind":"footway"},"geometry":{"type":"LineString","coordinates":[[121.3602801,24.953052199999995],[121.36010719999999,24.952975699999996]]}},{"type":"Feature","properties":{"name":null,"kind":"steps"},"geometry":{"type":"LineString","coordinates":[[121.3565781,24.953107800000005],[121.3562789,24.952942299999997]]}},{"type":"Feature","properties":{"name":null,"kind":"footway"},"geometry":{"type":"LineString","coordinates":[[121.3585109,24.953300699999996],[121.3585997,24.9531755],[121.359365,24.9528281]]}},{"type":"Feature","properties":{"name":null,"kind":"footway"},"geometry":{"type":"LineString","coordinates":[[121.3565929,24.953096899999995],[121.35663040000001,24.953045099999997]]}},{"type":"Feature","properties":{"name":"館前路","kind":"tertiary"},"geometry":{"type":"LineString","coordinates":[[121.35433230000001,24.9510217],[121.35466319999999,24.951621099999997],[121.3549233,24.951932399999997],[121.35549909999999,24.952357],[121.3564974,24.952799300000002],[121.35698170000002,24.9531136],[121.35752150000002,24.953610000000005],[121.3585355,24.9547635],[121.3591695,24.955147900000004]]}},{"type":"Feature","properties":{"name":null,"kind":"steps"},"geometry":{"type":"LineString","coordinates":[[121.3565833,24.9531102],[121.3565929,24.953096899999995]]}},{"type":"Feature","properties":{"name":null,"kind":"cycleway"},"geometry":{"type":"LineString","coordinates":[[121.35645050000001,24.952716399999996],[121.35717620000001,24.9531602],[121.3575257,24.953510399999995]]}},{"type":"Feature","properties":{"name":"文化路217巷","kind":"service"},"geometry":{"type":"LineString","coordinates":[[121.3544791,24.9534924],[121.3545775,24.9528898],[121.35414390000001,24.9527806]]}},{"type":"Feature","properties":{"name":"館前路","kind":"tertiary"},"geometry":{"type":"LineString","coordinates":[[121.35915999999999,24.955267799999994],[121.35865689999999,24.955009100000005],[121.3569268,24.953183899999996],[121.35645280000001,24.952874599999998],[121.3554131,24.952412],[121.3549462,24.9520745],[121.3545992,24.951665299999995],[121.3542619,24.951036400000003]]}},{"type":"Feature","properties":{"name":null,"kind":"service"},"geometry":{"type":"LineString","coordinates":[[121.35779900000001,24.953289200000004],[121.35800400000001,24.953049699999998]]}},{"type":"Feature","properties":{"name":null,"kind":"footway"},"geometry":{"type":"LineString","coordinates":[[121.3564905,24.953238899999995],[121.3565833,24.9531102]]}},{"type":"Feature","properties":{"name":null,"kind":"footway"},"geometry":{"type":"LineString","coordinates":[[121.3565134,24.953290600000003],[121.3564905,24.953238899999995]]}},{"type":"Feature","properties":{"name":"鶯歌車站轉乘通道","kind":"footway"},"geometry":{"type":"LineString","coordinates":[[121.3559145,24.953447800000003],[121.3561726,24.9531085]]}},{"type":"Feature","properties":{"name":null,"kind":"footway"},"geometry":{"type":"LineString","coordinates":[[121.35932500000001,24.953553300000003],[121.3594923,24.952993999999997]]}},{"type":"Feature","properties":{"name":"文化路","kind":"unclassified"},"geometry":{"type":"LineString","coordinates":[[121.3525992,24.9525609],[121.35355009999999,24.953224700000003],[121.3546064,24.9535468],[121.3553946,24.954064200000005]]}},{"type":"Feature","properties":{"name":"東鶯文化小徑","kind":"footway"},"geometry":{"type":"LineString","coordinates":[[121.35540339999999,24.953437999999995],[121.35547539999999,24.953259500000005],[121.35590809999998,24.953318]]}},{"type":"Feature","properties":{"name":null,"kind":"footway"},"geometry":{"type":"LineString","coordinates":[[121.3582672,24.954156699999995],[121.35833760000001,24.95410409999999],[121.357635,24.953386099999996],[121.3571695,24.9529573],[121.35655780000002,24.952560499999997]]}},{"type":"Feature","properties":{"name":null,"kind":"footway"},"geometry":{"type":"LineString","coordinates":[[121.3586071,24.953722199999998],[121.3589084,24.953736699999997],[121.3595271,24.9536024],[121.35968830000002,24.953495699999998],[121.359849,24.952985899999998]]}},{"type":"Feature","properties":{"name":null,"kind":"footway"},"geometry":{"type":"LineString","coordinates":[[121.3576768,24.953346899999993],[121.357635,24.953386099999996]]}},{"type":"Feature","properties":{"name":null,"kind":"steps"},"geometry":{"type":"LineString","coordinates":[[121.3565134,24.953290600000003],[121.35645040000001,24.9533623],[121.3562055,24.953335699999997],[121.35610240000001,24.953456899999995]]}},{"type":"Feature","properties":{"name":null,"kind":"service"},"geometry":{"type":"LineString","coordinates":[[121.35759839999999,24.9535238],[121.35779900000001,24.953289200000004]]}},{"type":"Feature","properties":{"name":null,"kind":"footway"},"geometry":{"type":"LineString","coordinates":[[121.35610240000001,24.953456899999995],[121.3559781,24.9533916]]}},{"type":"Feature","properties":{"name":"文化路213巷","kind":"service"},"geometry":{"type":"LineString","coordinates":[[121.3547504,24.953633900000003],[121.35500490000001,24.953300900000002],[121.35540339999999,24.953437999999995]]}},{"type":"Feature","properties":{"name":null,"kind":"service"},"geometry":{"type":"LineString","coordinates":[[121.3559145,24.953447800000003],[121.35596820000002,24.953482999999995]]}},{"type":"Feature","properties":{"name":null,"kind":"path"},"geometry":{"type":"LineString","coordinates":[[121.3556718,24.953413799999996],[121.35584229999999,24.9535326]]}},{"type":"Feature","properties":{"name":null,"kind":"steps"},"geometry":{"type":"LineString","coordinates":[[121.3594245,24.953505599999996],[121.35970240000002,24.953426200000003]]}},{"type":"Feature","properties":{"name":null,"kind":"footway"},"geometry":{"type":"LineString","coordinates":[[121.35904539999999,24.953501600000003],[121.3594245,24.953505599999996]]}},{"type":"Feature","properties":{"name":null,"kind":"footway"},"geometry":{"type":"LineString","coordinates":[[121.35783690000001,24.953490399999996],[121.35782270000001,24.953585100000005]]}},{"type":"Feature","properties":{"name":null,"kind":"footway"},"geometry":{"type":"LineString","coordinates":[[121.3586071,24.953722199999998],[121.3584293,24.953554399999994],[121.35842370000002,24.9533939]]}},{"type":"Feature","properties":{"name":null,"kind":"cycleway"},"geometry":{"type":"LineString","coordinates":[[121.3575257,24.953510399999995],[121.3576267,24.953616299999993]]}},{"type":"Feature","properties":{"name":null,"kind":"service"},"geometry":{"type":"LineString","coordinates":[[121.35752150000002,24.953610000000005],[121.35759839999999,24.9535238]]}},{"type":"Feature","properties":{"name":null,"kind":"service"},"geometry":{"type":"LineString","coordinates":[[121.35582339999999,24.9536618],[121.35596820000002,24.953482999999995],[121.35622870000002,24.953651100000002]]}},{"type":"Feature","properties":{"name":null,"kind":"footway"},"geometry":{"type":"LineString","coordinates":[[121.3578656,24.9536262],[121.358003,24.953584699999997]]}},{"type":"Feature","properties":{"name":null,"kind":"footway"},"geometry":{"type":"LineString","coordinates":[[121.35934270000001,24.9533731],[121.3586071,24.953722199999998],[121.3583524,24.953732099999996],[121.35823590000001,24.953845600000008]]}},{"type":"Feature","properties":{"name":null,"kind":"footway"},"geometry":{"type":"LineString","coordinates":[[121.35835659999998,24.9539062],[121.3576768,24.953346899999993]]}},{"type":"Feature","properties":{"name":null,"kind":"service"},"geometry":{"type":"LineString","coordinates":[[121.3558845,24.953759799999993],[121.3560434,24.95357449999999]]}},{"type":"Feature","properties":{"name":null,"kind":"footway"},"geometry":{"type":"LineString","coordinates":[[121.3593035,24.953891900000002],[121.35932500000001,24.953553300000003]]}},{"type":"Feature","properties":{"name":"農會捷運通廊","kind":"footway"},"geometry":{"type":"LineString","coordinates":[[121.3554112,24.954044800000002],[121.3559145,24.953447800000003]]}},{"type":"Feature","properties":{"name":null,"kind":"service"},"geometry":{"type":"LineString","coordinates":[[121.355733,24.9536609],[121.35603730000001,24.9538597]]}},{"type":"Feature","properties":{"name":null,"kind":"service"},"geometry":{"type":"LineString","coordinates":[[121.35603730000001,24.9538597],[121.3561914,24.953672599999997]]}},{"type":"Feature","properties":{"name":null,"kind":"steps"},"geometry":{"type":"LineString","coordinates":[[121.35537270000002,24.9538267],[121.3555121,24.9539203]]}},{"type":"Feature","properties":{"name":null,"kind":"footway"},"geometry":{"type":"LineString","coordinates":[[121.35827120000002,24.954031599999997],[121.35835659999998,24.9539062]]}},{"type":"Feature","properties":{"name":null,"kind":"footway"},"geometry":{"type":"LineString","coordinates":[[121.35538230000002,24.9540783],[121.3554112,24.954044800000002]]}},{"type":"Feature","properties":{"name":null,"kind":"service"},"geometry":{"type":"LineString","coordinates":[[121.3566507,24.954057200000005],[121.35692600000002,24.954222399999995]]}},{"type":"Feature","properties":{"name":null,"kind":"pedestrian"},"geometry":{"type":"LineString","coordinates":[[121.35524340000002,24.954189099999997],[121.35549160000001,24.954366],[121.3556066,24.9542333],[121.355166,24.9539242],[121.3550536,24.954053799999993],[121.35524340000002,24.954189099999997]]}},{"type":"Feature","properties":{"name":null,"kind":"steps"},"geometry":{"type":"LineString","coordinates":[[121.35812439999998,24.954177500000004],[121.35822480000002,24.95411],[121.3582672,24.954156699999995]]}},{"type":"Feature","properties":{"name":"建國路210巷","kind":"residential"},"geometry":{"type":"LineString","coordinates":[[121.3490794,24.954118999999995],[121.34912870000001,24.953508899999996]]}},{"type":"Feature","properties":{"name":"南昌街9巷","kind":"service"},"geometry":{"type":"LineString","coordinates":[[121.34910710000001,24.953814899999994],[121.3498336,24.953837000000007]]}},{"type":"Feature","properties":{"name":null,"kind":"service"},"geometry":{"type":"LineString","coordinates":[[121.3532887,24.954149600000004],[121.3532323,24.953537699999995]]}},{"type":"Feature","properties":{"name":"南昌街","kind":"residential"},"geometry":{"type":"LineString","coordinates":[[121.34961029999998,24.9542384],[121.35003749999998,24.9534828]]}},{"type":"Feature","properties":{"name":"建國路","kind":"tertiary"},"geometry":{"type":"LineString","coordinates":[[121.3523387,24.9540715],[121.3512779,24.9539258],[121.3507487,24.953703400000002]]}},{"type":"Feature","properties":{"name":"文昌街","kind":"residential"},"geometry":{"type":"LineString","coordinates":[[121.3498336,24.953837000000007],[121.35052289999999,24.9541354]]}},{"type":"Feature","properties":{"name":null,"kind":"footway"},"geometry":{"type":"LineString","coordinates":[[121.35229210000001,24.95411749999999],[121.35230629999998,24.954001300000005],[121.35244120000002,24.9540128],[121.3524285,24.954127],[121.35229210000001,24.95411749999999]]}},{"type":"Feature","properties":{"name":null,"kind":"footway"},"geometry":{"type":"LineString","coordinates":[[121.3516485,24.954278200000005],[121.35174970000001,24.954004799999996]]}},{"type":"Feature","properties":{"name":null,"kind":"service"},"geometry":{"type":"LineString","coordinates":[[121.34818110000002,24.954365199999998],[121.34820370000001,24.9541027]]}},{"type":"Feature","properties":{"name":null,"kind":"residential"},"geometry":{"type":"LineString","coordinates":[[121.3490389,24.9543787],[121.3490794,24.954118999999995]]}},{"type":"Feature","properties":{"name":null,"kind":"footway"},"geometry":{"type":"LineString","coordinates":[[121.35524340000002,24.954189099999997],[121.35530290000001,24.9541703]]}},{"type":"Feature","properties":{"name":null,"kind":"footway"},"geometry":{"type":"LineString","coordinates":[[121.3555992,24.954228],[121.3554878,24.9543324],[121.35528640000001,24.954189499999995],[121.35538230000002,24.9540783]]}},{"type":"Feature","properties":{"name":null,"kind":"footway"},"geometry":{"type":"LineString","coordinates":[[121.3555992,24.954228],[121.3556348,24.954187200000003]]}},{"type":"Feature","properties":{"name":null,"kind":"footway"},"geometry":{"type":"LineString","coordinates":[[121.35524010000002,24.954206699999997],[121.35525669999998,24.9542066]]}},{"type":"Feature","properties":{"name":null,"kind":"footway"},"geometry":{"type":"LineString","coordinates":[[121.35524340000002,24.954189099999997],[121.3551768,24.9542081]]}},{"type":"Feature","properties":{"name":null,"kind":"cycleway"},"geometry":{"type":"LineString","coordinates":[[121.3578346,24.954195100000003],[121.35788400000001,24.954251399999997]]}},{"type":"Feature","properties":{"name":null,"kind":"steps"},"geometry":{"type":"LineString","coordinates":[[121.3551912,24.9542625],[121.35524010000002,24.954206699999997]]}},{"type":"Feature","properties":{"name":null,"kind":"steps"},"geometry":{"type":"LineString","coordinates":[[121.35525669999998,24.9542066],[121.3553372,24.954263799999996]]}},{"type":"Feature","properties":{"name":null,"kind":"steps"},"geometry":{"type":"LineString","coordinates":[[121.3552467,24.9542111],[121.35519790000001,24.9542671]]}},{"type":"Feature","properties":{"name":null,"kind":"steps"},"geometry":{"type":"LineString","coordinates":[[121.35533250000002,24.954269099999998],[121.3552526,24.954211899999994]]}},{"type":"Feature","properties":{"name":null,"kind":"cycleway"},"geometry":{"type":"LineString","coordinates":[[121.3589003,24.9545973],[121.3589474,24.954168199999998],[121.35910710000002,24.953933199999998],[121.35955330000002,24.9538908],[121.3596738,24.954076599999997],[121.3596371,24.9542795]]}},{"type":"Feature","properties":{"name":"文化路145巷","kind":"service"},"geometry":{"type":"LineString","coordinates":[[121.3562672,24.9546556],[121.3567311,24.953943999999996],[121.3567278,24.953831400000002]]}},{"type":"Feature","properties":{"name":null,"kind":"footway"},"geometry":{"type":"LineString","coordinates":[[121.3549712,24.954257299999995],[121.3549847,24.9542419]]}},{"type":"Feature","properties":{"name":null,"kind":"service"},"geometry":{"type":"LineString","coordinates":[[121.35923860000001,24.9541322],[121.3595327,24.954185399999997],[121.3594862,24.954401699999988]]}},{"type":"Feature","properties":{"name":null,"kind":"steps"},"geometry":{"type":"LineString","coordinates":[[121.35537300000001,24.954289599999992],[121.35537720000002,24.9542845]]}},{"type":"Feature","properties":{"name":null,"kind":"footway"},"geometry":{"type":"LineString","coordinates":[[121.3554313,24.954331599999996],[121.35533250000002,24.954269099999998]]}},{"type":"Feature","properties":{"name":null,"kind":"footway"},"geometry":{"type":"LineString","coordinates":[[121.3552991,24.954299699999993],[121.35537300000001,24.954289599999992]]}},{"type":"Feature","properties":{"name":null,"kind":"footway"},"geometry":{"type":"LineString","coordinates":[[121.35532810000001,24.9543562],[121.3551912,24.9542625]]}},{"type":"Feature","properties":{"name":null,"kind":"steps"},"geometry":{"type":"LineString","coordinates":[[121.35498069999998,24.954246399999995],[121.35519249999999,24.954389599999992]]}},{"type":"Feature","properties":{"name":null,"kind":"steps"},"geometry":{"type":"LineString","coordinates":[[121.35518820000001,24.954394799999996],[121.354976,24.954251799999998]]}},{"type":"Feature","properties":{"name":"重慶橋","kind":"secondary"},"geometry":{"type":"LineString","coordinates":[[121.3513223,24.9524682],[121.3511692,24.952296]]}},{"type":"Feature","properties":{"name":null,"kind":"service"},"geometry":{"type":"LineString","coordinates":[[121.3501319,24.952675099999997],[121.35036779999999,24.95245909999999],[121.3510694,24.952175699999994]]}},{"type":"Feature","properties":{"name":"尖山埔路","kind":"secondary"},"geometry":{"type":"LineString","coordinates":[[121.3513867,24.952570899999998],[121.3513223,24.9524682]]}},{"type":"Feature","properties":{"name":"文化路","kind":"secondary"},"geometry":{"type":"LineString","coordinates":[[121.3525992,24.9525609],[121.3525764,24.952599399999997]]}},{"type":"Feature","properties":{"name":"育英街","kind":"living_street"},"geometry":{"type":"LineString","coordinates":[[121.3472561,24.952217699999995],[121.3469887,24.953008999999994]]}},{"type":"Feature","properties":{"name":null,"kind":"footway"},"geometry":{"type":"LineString","coordinates":[[121.3479817,24.9529381],[121.34880070000001,24.952532299999998],[121.34944210000002,24.952478099999997],[121.35004120000002,24.952315499999997],[121.3501257,24.9523888],[121.35008540000001,24.9525518],[121.34991649999999,24.952690400000005],[121.34804160000002,24.953028399999997],[121.3479817,24.9529381]]}},{"type":"Feature","properties":{"name":"重慶街","kind":"secondary"},"geometry":{"type":"LineString","coordinates":[[121.3525026,24.952795200000004],[121.352255,24.952714199999992],[121.3518129,24.952761600000002],[121.3516035,24.952718599999997],[121.3513867,24.952570899999998]]}},{"type":"Feature","properties":{"name":"中正一路涵洞","kind":"secondary"},"geometry":{"type":"LineString","coordinates":[[121.3525764,24.952599399999997],[121.3525026,24.952795200000004]]}},{"type":"Feature","properties":{"name":"建國路","kind":"tertiary"},"geometry":{"type":"LineString","coordinates":[[121.3469246,24.953397099999997],[121.34605760000001,24.953118399999997],[121.3439051,24.952184999999997]]}},{"type":"Feature","properties":{"name":null,"kind":"footway"},"geometry":{"type":"LineString","coordinates":[[121.3470349,24.9528068],[121.34759370000002,24.952954199999997],[121.3479817,24.9529381]]}},{"type":"Feature","properties":{"name":"建國橋","kind":"tertiary"},"geometry":{"type":"LineString","coordinates":[[121.34387050000001,24.952171299999996],[121.343522,24.952029300000003]]}},{"type":"Feature","properties":{"name":"童心橋","kind":"footway"},"geometry":{"type":"LineString","coordinates":[[121.3448511,24.9522667],[121.3449932,24.952030800000003]]}},{"type":"Feature","properties":{"name":"建國路","kind":"tertiary"},"geometry":{"type":"LineString","coordinates":[[121.3439051,24.952184999999997],[121.34387050000001,24.952171299999996]]}},{"type":"Feature","properties":{"name":"鶯桃路91巷31弄","kind":"service"},"geometry":{"type":"LineString","coordinates":[[121.337457,24.95191910000001],[121.3380716,24.9522151],[121.3379808,24.952585099999997]]}},{"type":"Feature","properties":{"name":null,"kind":"service"},"geometry":{"type":"LineString","coordinates":[[121.33758670000002,24.952158499999996],[121.3379995,24.9523541]]}},{"type":"Feature","properties":{"name":"鶯桃路67巷","kind":"service"},"geometry":{"type":"LineString","coordinates":[[121.3411716,24.952072099999995],[121.3408623,24.952106399999998],[121.34103229999998,24.952978699999992]]}},{"type":"Feature","properties":{"name":null,"kind":"service"},"geometry":{"type":"LineString","coordinates":[[121.3385145,24.9522919],[121.3386331,24.9524282],[121.3383958,24.952797499999996]]}},{"type":"Feature","properties":{"name":"永智街","kind":"service"},"geometry":{"type":"LineString","coordinates":[[121.3371231,24.952328499999993],[121.3369826,24.95278429999999]]}},{"type":"Feature","properties":{"name":"鶯桃路91巷40弄","kind":"service"},"geometry":{"type":"LineString","coordinates":[[121.33752940000001,24.9523804],[121.33730440000001,24.952891799999996]]}},{"type":"Feature","properties":{"name":"鶯桃路91巷","kind":"residential"},"geometry":{"type":"LineString","coordinates":[[121.3371507,24.952102599999996],[121.3374078,24.9522317],[121.337732,24.952550800000004],[121.3381986,24.9526225],[121.33847540000001,24.952945099999997],[121.33897370000001,24.9533395],[121.33944419999999,24.953425500000005],[121.339682,24.9537034]]}},{"type":"Feature","properties":{"name":null,"kind":"service"},"geometry":{"type":"LineString","coordinates":[[121.34987509999999,24.953147199999997],[121.3501319,24.952675099999997]]}},{"type":"Feature","properties":{"name":null,"kind":"footway"},"geometry":{"type":"LineString","coordinates":[[121.3456431,24.95301449999999],[121.3457022,24.952905000000005]]}},{"type":"Feature","properties":{"name":null,"kind":"footway"},"geometry":{"type":"LineString","coordinates":[[121.345491,24.952943899999998],[121.3456431,24.95301449999999]]}},{"type":"Feature","properties":{"name":null,"kind":"service"},"geometry":{"type":"LineString","coordinates":[[121.35335150000002,24.9530942],[121.3535119,24.952923399999996]]}},{"type":"Feature","properties":{"name":"育英橋","kind":"residential"},"geometry":{"type":"LineString","coordinates":[[121.3469887,24.953008999999994],[121.34693730000001,24.953271000000004]]}},{"type":"Feature","properties":{"name":"國慶街","kind":"residential"},"geometry":{"type":"LineString","coordinates":[[121.3507487,24.953703400000002],[121.3513867,24.952570899999998]]}},{"type":"Feature","properties":{"name":"重慶街10巷26弄","kind":"service"},"geometry":{"type":"LineString","coordinates":[[121.3516223,24.953293499999997],[121.35194410000001,24.953415800000002],[121.352121,24.952979399999997]]}},{"type":"Feature","properties":{"name":null,"kind":"service"},"geometry":{"type":"LineString","coordinates":[[121.3470454,24.953407200000004],[121.3470544,24.9532594],[121.3477876,24.953223399999995],[121.34858380000001,24.9530625],[121.3486142,24.953162000000006],[121.34987509999999,24.953147199999997]]}},{"type":"Feature","properties":{"name":"國慶街112巷","kind":"service"},"geometry":{"type":"LineString","coordinates":[[121.35003749999998,24.9534828],[121.35012149999999,24.9532668],[121.3505488,24.9530615]]}},{"type":"Feature","properties":{"name":null,"kind":"unclassified"},"geometry":{"type":"LineString","coordinates":[[121.34693730000001,24.953271000000004],[121.3469246,24.953397099999997]]}},{"type":"Feature","properties":{"name":null,"kind":"residential"},"geometry":{"type":"LineString","coordinates":[[121.35313240000002,24.9534147],[121.35244339999998,24.9532548]]}},{"type":"Feature","properties":{"name":"重慶街10巷","kind":"service"},"geometry":{"type":"LineString","coordinates":[[121.3515341,24.9539756],[121.35171220000001,24.952740900000002]]}},{"type":"Feature","properties":{"name":null,"kind":"footway"},"geometry":{"type":"LineString","coordinates":[[121.3468666,24.953461299999997],[121.34687550000001,24.953302399999995],[121.3470088,24.953320200000004],[121.3470097,24.9534743],[121.3468666,24.953461299999997]]}},{"type":"Feature","properties":{"name":"國慶街153巷","kind":"service"},"geometry":{"type":"LineString","coordinates":[[121.35099080000002,24.953278899999997],[121.3515872,24.953543000000003]]}},{"type":"Feature","properties":{"name":"南雅路456巷","kind":"service"},"geometry":{"type":"LineString","coordinates":[[121.3451306,24.954009700000007],[121.34492640000002,24.9538974],[121.34490870000002,24.953233099999995],[121.344983,24.953114399999997],[121.3454493,24.95285]]}},{"type":"Feature","properties":{"name":"中正一路","kind":"secondary"},"geometry":{"type":"LineString","coordinates":[[121.3525026,24.952795200000004],[121.3523387,24.9540715]]}},{"type":"Feature","properties":{"name":null,"kind":"residential"},"geometry":{"type":"LineString","coordinates":[[121.3532323,24.953537699999995],[121.35313240000002,24.9534147]]}},{"type":"Feature","properties":{"name":"建國路","kind":"tertiary"},"geometry":{"type":"LineString","coordinates":[[121.3507487,24.953703400000002],[121.3498492,24.9534573],[121.3483347,24.953502800000003],[121.3469246,24.953397099999997]]}},{"type":"Feature","properties":{"name":"育英街45巷","kind":"service"},"geometry":{"type":"LineString","coordinates":[[121.3469103,24.953759399999996],[121.34830989999999,24.9538107]]}},{"type":"Feature","properties":{"name":"建國路232巷","kind":"service"},"geometry":{"type":"LineString","coordinates":[[121.3482992,24.954102699999996],[121.3483347,24.953502800000003]]}},{"type":"Feature","properties":{"name":"鶯桃路34巷","kind":"service"},"geometry":{"type":"LineString","coordinates":[[121.34172020000001,24.9525058],[121.3421837,24.9526164],[121.3420821,24.953209799999996],[121.34224469999998,24.953427300000005],[121.34214019999999,24.9536698]]}},{"type":"Feature","properties":{"name":"鶯桃路91巷20弄","kind":"service"},"geometry":{"type":"LineString","coordinates":[[121.3382564,24.9533682],[121.33853780000001,24.952999199999997]]}},{"type":"Feature","properties":{"name":"永樂街","kind":"residential"},"geometry":{"type":"LineString","coordinates":[[121.34214019999999,24.9536698],[121.3415208,24.9527039]]}},{"type":"Feature","properties":{"name":"永樂街9巷","kind":"service"},"geometry":{"type":"LineString","coordinates":[[121.3414438,24.953427300000005],[121.3418464,24.953211599999996]]}},{"type":"Feature","properties":{"name":"鶯桃路95巷","kind":"residential"},"geometry":{"type":"LineString","coordinates":[[121.3364152,24.9528734],[121.33673950000001,24.952755099999997],[121.3369826,24.95278429999999],[121.3377616,24.953044499999997],[121.33878589999999,24.953737],[121.33908440000002,24.9540441]]}},{"type":"Feature","properties":{"name":"鶯桃路91巷10弄","kind":"service"},"geometry":{"type":"LineString","coordinates":[[121.3386444,24.953653300000003],[121.3389315,24.953307900000002]]}},{"type":"Feature","properties":{"name":"鶯桃路","kind":"secondary"},"geometry":{"type":"LineString","coordinates":[[121.3368767,24.955476199999996],[121.33908440000002,24.9540441],[121.3415208,24.9527039],[121.34172020000001,24.9525058],[121.34228140000002,24.951500599999996]]}},{"type":"Feature","properties":{"name":"鶯桃路129巷21弄","kind":"residential"},"geometry":{"type":"LineString","coordinates":[[121.33767559999998,24.954013799999995],[121.3382564,24.9533682]]}},{"type":"Feature","properties":{"name":"國華路","kind":"tertiary"},"geometry":{"type":"LineString","coordinates":[[121.3428765,24.955755],[121.3428613,24.9549693],[121.3429401,24.9543483],[121.34329140000001,24.9532886],[121.3439051,24.952184999999997]]}},{"type":"Feature","properties":{"name":null,"kind":"pedestrian"},"geometry":{"type":"LineString","coordinates":[[121.34179480000002,24.9541076],[121.3415174,24.953959899999997],[121.34154610000002,24.9538516],[121.3418653,24.9540198],[121.34179480000002,24.9541076]]}},{"type":"Feature","properties":{"name":"永智街43巷","kind":"residential"},"geometry":{"type":"LineString","coordinates":[[121.33656630000002,24.954226399999996],[121.33737370000001,24.953755099999995]]}},{"type":"Feature","properties":{"name":"鶯桃路94巷","kind":"residential"},"geometry":{"type":"LineString","coordinates":[[121.33972949999999,24.9536823],[121.34008620000002,24.954033900000006],[121.3404349,24.954228399999998],[121.34077290000002,24.954316],[121.34116449999999,24.954228400000005],[121.3415292,24.9539658],[121.34179210000002,24.954150600000006],[121.34214019999999,24.9536698]]}},{"type":"Feature","properties":{"name":"鶯桃路129巷","kind":"residential"},"geometry":{"type":"LineString","coordinates":[[121.3369505,24.9534992],[121.33748149999998,24.953820199999996],[121.3382278,24.9546091]]}},{"type":"Feature","properties":{"name":null,"kind":"footway"},"geometry":{"type":"LineString","coordinates":[[121.33910270000001,24.954150299999995],[121.3390105,24.954028599999997],[121.3391054,24.953974299999995],[121.3392002,24.9540838],[121.33910270000001,24.954150299999995]]}},{"type":"Feature","properties":{"name":"鶯桃路129巷12弄","kind":"residential"},"geometry":{"type":"LineString","coordinates":[[121.3367553,24.954576399999997],[121.33767559999998,24.954013799999995]]}},{"type":"Feature","properties":{"name":"育賢街","kind":"residential"},"geometry":{"type":"LineString","coordinates":[[121.34366399999999,24.954347799999997],[121.34506120000002,24.954609900000005]]}},{"type":"Feature","properties":{"name":"鶯桃路永富巷","kind":"service"},"geometry":{"type":"LineString","coordinates":[[121.3386765,24.954320599999996],[121.3390532,24.95492569999999]]}},{"type":"Feature","properties":{"name":"鶯桃路94巷","kind":"service"},"geometry":{"type":"LineString","coordinates":[[121.34193169999999,24.9539578],[121.34219980000002,24.9541506],[121.34213539999999,24.9545397],[121.3417385,24.955327599999997],[121.3415078,24.9552352],[121.3413171,24.955250099999997]]}},{"type":"Feature","properties":{"name":"永利街","kind":"residential"},"geometry":{"type":"LineString","coordinates":[[121.3384419,24.955307100000002],[121.339508,24.954628000000003],[121.33908440000002,24.9540441]]}},{"type":"Feature","properties":{"name":null,"kind":"service"},"geometry":{"type":"LineString","coordinates":[[121.34158910000001,24.9547105],[121.34200679999998,24.954761799999996]]}},{"type":"Feature","properties":{"name":"永智街102巷","kind":"service"},"geometry":{"type":"LineString","coordinates":[[121.3362155,24.95310329999999],[121.33685019999999,24.953357399999994]]}},{"type":"Feature","properties":{"name":"永智街","kind":"residential"},"geometry":{"type":"LineString","coordinates":[[121.3369826,24.95278429999999],[121.33685019999999,24.953357399999994],[121.3369505,24.9534992],[121.3363757,24.9538737],[121.33715980000001,24.955305999999993]]}},{"type":"Feature","properties":{"name":"八德路","kind":"secondary"},"geometry":{"type":"LineString","coordinates":[[121.3280521,24.9551766],[121.32885380000002,24.955742200000003],[121.3290869,24.9557868],[121.33001179999998,24.9555636],[121.3326326,24.954627299999995]]}},{"type":"Feature","properties":{"name":"鶯桃路175巷","kind":"service"},"geometry":{"type":"LineString","coordinates":[[121.3365418,24.9549636],[121.3369079,24.955458799999995]]}},{"type":"Feature","properties":{"name":"八德路","kind":"secondary"},"geometry":{"type":"LineString","coordinates":[[121.3326326,24.954627299999995],[121.3309345,24.955307],[121.32910959999998,24.955846],[121.32879630000001,24.955784800000004],[121.3279621,24.9551639]]}},{"type":"Feature","properties":{"name":null,"kind":"secondary_link"},"geometry":{"type":"LineString","coordinates":[[121.3309345,24.955307],[121.33091170000002,24.955251099999998]]}},{"type":"Feature","properties":{"name":null,"kind":"service"},"geometry":{"type":"LineString","coordinates":[[121.33168820000002,24.955199999999998],[121.33167740000002,24.955568399999994],[121.33229970000001,24.9556706],[121.3328573,24.955653599999998]]}},{"type":"Feature","properties":{"name":"鶯桃路涵洞","kind":"secondary"},"geometry":{"type":"LineString","coordinates":[[121.3366568,24.955647300000003],[121.3368767,24.955476199999996]]}},{"type":"Feature","properties":{"name":null,"kind":"residential"},"geometry":{"type":"LineString","coordinates":[[121.33373139999999,24.9561233],[121.33286739999998,24.9556996]]}},{"type":"Feature","properties":{"name":"永吉街73巷","kind":"service"},"geometry":{"type":"LineString","coordinates":[[121.3359464,24.9562164],[121.3348239,24.956684999999997]]}},{"type":"Feature","properties":{"name":null,"kind":"footway"},"geometry":{"type":"LineString","coordinates":[[121.3379205,24.9547499],[121.3380021,24.9548638],[121.3381149,24.9547859],[121.33804190000001,24.954679700000003]]}},{"type":"Feature","properties":{"name":"鶯桃路120巷","kind":"service"},"geometry":{"type":"LineString","coordinates":[[121.3383993,24.954492199999997],[121.3388019,24.95508299999999]]}},{"type":"Feature","properties":{"name":null,"kind":"construction"},"geometry":{"type":"LineString","coordinates":[[121.34194400000001,24.9549061],[121.3421991,24.954969]]}},{"type":"Feature","properties":{"name":"育樂街","kind":"residential"},"geometry":{"type":"LineString","coordinates":[[121.34366399999999,24.954347799999997],[121.3433584,24.9557699]]}},{"type":"Feature","properties":{"name":"育德街","kind":"residential"},"geometry":{"type":"LineString","coordinates":[[121.34345589999998,24.9551715],[121.3450457,24.955226900000003]]}},{"type":"Feature","properties":{"name":"鶯桃路148巷","kind":"service"},"geometry":{"type":"LineString","coordinates":[[121.33765300000002,24.9549926],[121.33806130000002,24.955501499999997]]}},{"type":"Feature","properties":{"name":"鶯桃路94巷59弄","kind":"residential"},"geometry":{"type":"LineString","coordinates":[[121.3411964,24.954648],[121.3413038,24.954770799999995],[121.3412997,24.9559263]]}},{"type":"Feature","properties":{"name":null,"kind":"service"},"geometry":{"type":"LineString","coordinates":[[121.3409733,24.9553169],[121.34131990000002,24.9553487]]}},{"type":"Feature","properties":{"name":"鶯桃路156巷","kind":"service"},"geometry":{"type":"LineString","coordinates":[[121.33749790000002,24.955091400000004],[121.33790410000002,24.9556283]]}},{"type":"Feature","properties":{"name":"永明街60巷","kind":"residential"},"geometry":{"type":"LineString","coordinates":[[121.3405746,24.956089599999988],[121.3405426,24.955651500000005],[121.3406126,24.9551773],[121.34076669999999,24.954808900000003],[121.3409535,24.954647999999995],[121.3411964,24.954648]]}},{"type":"Feature","properties":{"name":"永明街","kind":"unclassified"},"geometry":{"type":"LineString","coordinates":[[121.3418962,24.955771800000004],[121.3403585,24.956141499999998],[121.33962699999998,24.956169199999998],[121.3393352,24.956091399999995],[121.3387926,24.955750700000003],[121.338,24.954760699999998]]}},{"type":"Feature","properties":{"name":null,"kind":"service"},"geometry":{"type":"LineString","coordinates":[[121.3433584,24.9557699],[121.3439004,24.95518699999999]]}},{"type":"Feature","properties":{"name":"鶯桃路170巷","kind":"service"},"geometry":{"type":"LineString","coordinates":[[121.3372062,24.955276999999995],[121.3376666,24.955833999999996]]}},{"type":"Feature","properties":{"name":"光明街","kind":"unclassified"},"geometry":{"type":"LineString","coordinates":[[121.3428765,24.955755],[121.3421182,24.955747099999996]]}},{"type":"Feature","properties":{"name":null,"kind":"unclassified"},"geometry":{"type":"LineString","coordinates":[[121.3421182,24.955747099999996],[121.3418962,24.955771800000004]]}},{"type":"Feature","properties":{"name":null,"kind":"service"},"geometry":{"type":"LineString","coordinates":[[121.34098750000001,24.9557405],[121.3413229,24.955819300000005]]}},{"type":"Feature","properties":{"name":"永安街","kind":"residential"},"geometry":{"type":"LineString","coordinates":[[121.33838300000001,24.955241999999995],[121.3376666,24.955833999999996],[121.3380434,24.9563638],[121.3387926,24.955750700000003]]}},{"type":"Feature","properties":{"name":"光明街","kind":"unclassified"},"geometry":{"type":"LineString","coordinates":[[121.3468648,24.955845699999998],[121.3428765,24.955755]]}},{"type":"Feature","properties":{"name":null,"kind":"service"},"geometry":{"type":"LineString","coordinates":[[121.3373448,24.9560775],[121.3377023,24.955941399999993]]}},{"type":"Feature","properties":{"name":null,"kind":"service"},"geometry":{"type":"LineString","coordinates":[[121.3405196,24.956045299999996],[121.34028399999998,24.9559614]]}},{"type":"Feature","properties":{"name":null,"kind":"footway"},"geometry":{"type":"LineString","coordinates":[[121.3537816,24.956106400000003],[121.3537237,24.9561758]]}},{"type":"Feature","properties":{"name":"中山路329巷26弄","kind":"residential"},"geometry":{"type":"LineString","coordinates":[[121.34510709999999,24.9565497],[121.34512910000001,24.9558121]]}},{"type":"Feature","properties":{"name":"光明街102巷","kind":"residential"},"geometry":{"type":"LineString","coordinates":[[121.3459546,24.956559199999997],[121.34597600000001,24.9558277]]}},{"type":"Feature","properties":{"name":"光明街92巷","kind":"service"},"geometry":{"type":"LineString","coordinates":[[121.3463784,24.956560099999997],[121.346401,24.9558327]]}},{"type":"Feature","properties":{"name":"中山路249巷8弄","kind":"service"},"geometry":{"type":"LineString","coordinates":[[121.3468344,24.956561100000002],[121.3468648,24.955845699999998]]}},{"type":"Feature","properties":{"name":null,"kind":"footway"},"geometry":{"type":"LineString","coordinates":[[121.3537347,24.956193800000005],[121.3537183,24.956182100000007]]}},{"type":"Feature","properties":{"name":"光明街48巷","kind":"service"},"geometry":{"type":"LineString","coordinates":[[121.3479877,24.9565636],[121.3480267,24.955881199999997]]}},{"type":"Feature","properties":{"name":null,"kind":"footway"},"geometry":{"type":"LineString","coordinates":[[121.3537347,24.956193800000005],[121.35383690000002,24.956272300000002]]}},{"type":"Feature","properties":{"name":"中正一路137巷","kind":"residential"},"geometry":{"type":"LineString","coordinates":[[121.35207820000001,24.95646169999999],[121.35228610000001,24.956101999999998]]}},{"type":"Feature","properties":{"name":"中正一路65巷","kind":"residential"},"geometry":{"type":"LineString","coordinates":[[121.35103380000001,24.956464899999993],[121.35036539999999,24.9562341],[121.35032220000001,24.956150299999997]]}},{"type":"Feature","properties":{"name":"中正一路","kind":"secondary"},"geometry":{"type":"LineString","coordinates":[[121.3696052,24.9579622],[121.3704713,24.9583224]]}},{"type":"Feature","properties":{"name":null,"kind":"service"},"geometry":{"type":"LineString","coordinates":[[121.3676247,24.958694],[121.3676664,24.958442799999993],[121.3679233,24.957986100000003],[121.3680369,24.957924699999996],[121.3681507,24.958005799999995],[121.3679713,24.9584],[121.36804640000001,24.958499699999994],[121.3686097,24.957971999999994],[121.36875090000001,24.957623899999994]]}},{"type":"Feature","properties":{"name":null,"kind":"footway"},"geometry":{"type":"LineString","coordinates":[[121.3702797,24.9584295],[121.37034639999999,24.958209399999994]]}},{"type":"Feature","properties":{"name":"中正一路","kind":"secondary"},"geometry":{"type":"LineString","coordinates":[[121.3704713,24.9583224],[121.37057989999998,24.958364500000002]]}},{"type":"Feature","properties":{"name":"三鶯二橋","kind":"tertiary"},"geometry":{"type":"LineString","coordinates":[[121.37043079999998,24.9584173],[121.3704713,24.9583224]]}},{"type":"Feature","properties":{"name":null,"kind":"footway"},"geometry":{"type":"LineString","coordinates":[[121.37245800000001,24.956971],[121.37390220000002,24.9542939]]}},{"type":"Feature","properties":{"name":null,"kind":"footway"},"geometry":{"type":"LineString","coordinates":[[121.3726615,24.9570667],[121.37409550000001,24.954388900000005]]}},{"type":"Feature","properties":{"name":"三鶯二橋","kind":"tertiary"},"geometry":{"type":"LineString","coordinates":[[121.3715181,24.958948699999993],[121.37395810000001,24.95432419999999]]}},{"type":"Feature","properties":{"name":"三鶯二橋","kind":"tertiary"},"geometry":{"type":"LineString","coordinates":[[121.3740339,24.9543566],[121.37159840000001,24.958979399999993]]}},{"type":"Feature","properties":{"name":null,"kind":"cycleway"},"geometry":{"type":"LineString","coordinates":[[121.37245800000001,24.956971],[121.3721517,24.957547699999992],[121.37240450000002,24.957642399999997],[121.3726615,24.9570667]]}},{"type":"Feature","properties":{"name":null,"kind":"cycleway"},"geometry":{"type":"LineString","coordinates":[[121.37207310000001,24.9579819],[121.3721119,24.957900900000002],[121.3717137,24.9577101],[121.37213660000002,24.9578567],[121.3722703,24.9575952]]}},{"type":"Feature","properties":{"name":null,"kind":"footway"},"geometry":{"type":"LineString","coordinates":[[121.37146070000001,24.9588975],[121.37245800000001,24.956971]]}},{"type":"Feature","properties":{"name":null,"kind":"footway"},"geometry":{"type":"LineString","coordinates":[[121.37169179999998,24.9589682],[121.3726615,24.9570667]]}},{"type":"Feature","properties":{"name":"中正一路","kind":"secondary"},"geometry":{"type":"LineString","coordinates":[[121.37057989999998,24.958364500000002],[121.3713687,24.958664199999998]]}},{"type":"Feature","properties":{"name":"中正一路","kind":"secondary"},"geometry":{"type":"LineString","coordinates":[[121.3713309,24.958747499999998],[121.3705352,24.9584638]]}},{"type":"Feature","properties":{"name":"阿四巷","kind":"residential"},"geometry":{"type":"LineString","coordinates":[[121.3713687,24.958664199999998],[121.3713309,24.958747499999998]]}},{"type":"Feature","properties":{"name":null,"kind":"footway"},"geometry":{"type":"LineString","coordinates":[[121.37096500000001,24.95882909999999],[121.37083219999998,24.958793199999995],[121.37067109999998,24.9586085]]}},{"type":"Feature","properties":{"name":"國慶街115巷","kind":"service"},"geometry":{"type":"LineString","coordinates":[[121.35052289999999,24.9541354],[121.3511732,24.9543959]]}},{"type":"Feature","properties":{"name":"育智路","kind":"residential"},"geometry":{"type":"LineString","coordinates":[[121.3450257,24.955810299999992],[121.3451306,24.954009700000007],[121.3455958,24.952917200000005]]}},{"type":"Feature","properties":{"name":"中正一路78巷","kind":"service"},"geometry":{"type":"LineString","coordinates":[[121.3523048,24.95434519999999],[121.3529172,24.954395399999996]]}},{"type":"Feature","properties":{"name":"南雅路","kind":"residential"},"geometry":{"type":"LineString","coordinates":[[121.3451306,24.954009700000007],[121.3490794,24.954118999999995],[121.34961029999998,24.9542384],[121.3509776,24.9548569]]}},{"type":"Feature","properties":{"name":null,"kind":"footway"},"geometry":{"type":"LineString","coordinates":[[121.3540581,24.954641999999993],[121.3536202,24.954334900000003]]}},{"type":"Feature","properties":{"name":"國慶街115巷13弄","kind":"service"},"geometry":{"type":"LineString","coordinates":[[121.35096969999998,24.9543156],[121.35078689999999,24.954686599999995]]}},{"type":"Feature","properties":{"name":"育才街51巷","kind":"service"},"geometry":{"type":"LineString","coordinates":[[121.34810619999999,24.954718599999996],[121.34818110000002,24.954365199999998],[121.34757420000001,24.954328899999997]]}},{"type":"Feature","properties":{"name":"建國路","kind":"tertiary"},"geometry":{"type":"LineString","coordinates":[[121.3523387,24.9540715],[121.35347470000002,24.954200799999995],[121.35464109999998,24.954951199999993]]}},{"type":"Feature","properties":{"name":"國慶街76巷","kind":"service"},"geometry":{"type":"LineString","coordinates":[[121.3501735,24.954770299999996],[121.3492867,24.954379499999998],[121.3490389,24.9543787]]}},{"type":"Feature","properties":{"name":null,"kind":"service"},"geometry":{"type":"LineString","coordinates":[[121.352899,24.9545394],[121.3534341,24.9545976]]}},{"type":"Feature","properties":{"name":null,"kind":"footway"},"geometry":{"type":"LineString","coordinates":[[121.3552991,24.954299699999993],[121.3553762,24.9543524]]}},{"type":"Feature","properties":{"name":null,"kind":"footway"},"geometry":{"type":"LineString","coordinates":[[121.3554767,24.954324499999995],[121.3554313,24.954331599999996]]}},{"type":"Feature","properties":{"name":null,"kind":"cycleway"},"geometry":{"type":"LineString","coordinates":[[121.3576267,24.953616299999993],[121.35867030000001,24.9547831],[121.35907599999999,24.955050099999998]]}},{"type":"Feature","properties":{"name":null,"kind":"footway"},"geometry":{"type":"LineString","coordinates":[[121.35489869999999,24.954351000000003],[121.35491130000001,24.954335999999998]]}},{"type":"Feature","properties":{"name":null,"kind":"steps"},"geometry":{"type":"LineString","coordinates":[[121.35532810000001,24.9543562],[121.35542730000002,24.9544258],[121.3553762,24.9543524]]}},{"type":"Feature","properties":{"name":null,"kind":"steps"},"geometry":{"type":"LineString","coordinates":[[121.354907,24.9543411],[121.35511689999998,24.9544809]]}},{"type":"Feature","properties":{"name":null,"kind":"steps"},"geometry":{"type":"LineString","coordinates":[[121.355113,24.954485500000004],[121.35490300000001,24.9543458]]}},{"type":"Feature","properties":{"name":null,"kind":"service"},"geometry":{"type":"LineString","coordinates":[[121.35583210000001,24.954356699999998],[121.35573339999999,24.954473999999998]]}},{"type":"Feature","properties":{"name":null,"kind":"steps"},"geometry":{"type":"LineString","coordinates":[[121.35519039999998,24.9543922],[121.3552824,24.9544537]]}},{"type":"Feature","properties":{"name":null,"kind":"footway"},"geometry":{"type":"LineString","coordinates":[[121.355113,24.954485500000004],[121.35519249999999,24.954389599999992]]}},{"type":"Feature","properties":{"name":null,"kind":"cycleway"},"geometry":{"type":"LineString","coordinates":[[121.36151639999999,24.9531668],[121.36183829999999,24.953098999999995]]}},{"type":"Feature","properties":{"name":null,"kind":"footway"},"geometry":{"type":"LineString","coordinates":[[121.35961849999998,24.953959599999997],[121.35987649999998,24.953785299999996],[121.3603614,24.952975900000002],[121.360732,24.9529621],[121.36151639999999,24.9531668]]}},{"type":"Feature","properties":{"name":null,"kind":"footway"},"geometry":{"type":"LineString","coordinates":[[121.35951610000001,24.954266399999998],[121.3598406,24.9542504],[121.360184,24.954065600000003],[121.36045490000001,24.953426],[121.36062919999999,24.9532777],[121.3608599,24.953211999999997],[121.3615975,24.953355499999997],[121.36227069999998,24.953822399999993],[121.36304860000001,24.954230899999995],[121.3635206,24.954221199999996]]}},{"type":"Feature","properties":{"name":null,"kind":"footway"},"geometry":{"type":"LineString","coordinates":[[121.36035860000001,24.954699599999994],[121.36051219999999,24.954212],[121.3603411,24.953694699999996]]}},{"type":"Feature","properties":{"name":null,"kind":"footway"},"geometry":{"type":"LineString","coordinates":[[121.36035860000001,24.954699599999994],[121.36046420000001,24.954773100000004]]}},{"type":"Feature","properties":{"name":null,"kind":"footway"},"geometry":{"type":"LineString","coordinates":[[121.36021300000002,24.9549582],[121.3602845,24.955002699999998]]}},{"type":"Feature","properties":{"name":null,"kind":"service"},"geometry":{"type":"LineString","coordinates":[[121.36032859999999,24.9549463],[121.3605507,24.955087899999995]]}},{"type":"Feature","properties":{"name":null,"kind":"service"},"geometry":{"type":"LineString","coordinates":[[121.35993340000002,24.9554511],[121.3604834,24.9547486],[121.361749,24.955580600000005],[121.3619258,24.9555917],[121.36207650000001,24.955503299999997],[121.3626983,24.954735800000005],[121.36341310000002,24.955204799999997],[121.363518,24.955563499999997]]}},{"type":"Feature","properties":{"name":"館前路","kind":"tertiary"},"geometry":{"type":"LineString","coordinates":[[121.3591695,24.955147900000004],[121.361053,24.955873499999996],[121.3618898,24.955873500000003],[121.36301499999999,24.955613200000002],[121.36390690000002,24.955551599999993],[121.3650656,24.955615999999992],[121.365881,24.955894900000004]]}},{"type":"Feature","properties":{"name":"館前路","kind":"tertiary"},"geometry":{"type":"LineString","coordinates":[[121.365881,24.955894900000004],[121.364851,24.955658899999992],[121.36390690000002,24.955616000000003],[121.36148210000002,24.955980799999995],[121.36081700000001,24.955873499999996],[121.35915999999999,24.955267799999994]]}},{"type":"Feature","properties":{"name":null,"kind":"footway"},"geometry":{"type":"LineString","coordinates":[[121.35515260000001,24.954437799999997],[121.3552922,24.9545686]]}},{"type":"Feature","properties":{"name":null,"kind":"steps"},"geometry":{"type":"LineString","coordinates":[[121.3551152,24.954482799999997],[121.3552078,24.954543700000002]]}},{"type":"Feature","properties":{"name":null,"kind":"footway"},"geometry":{"type":"LineString","coordinates":[[121.3553475,24.954332999999995],[121.3550114,24.954732200000002]]}},{"type":"Feature","properties":{"name":null,"kind":"footway"},"geometry":{"type":"LineString","coordinates":[[121.3553048,24.9546045],[121.3553758,24.954518699999998]]}},{"type":"Feature","properties":{"name":null,"kind":"service"},"geometry":{"type":"LineString","coordinates":[[121.3592927,24.95442819999999],[121.35922660000001,24.9547201]]}},{"type":"Feature","properties":{"name":null,"kind":"service"},"geometry":{"type":"LineString","coordinates":[[121.35908350000001,24.954773299999996],[121.3591079,24.9543926],[121.3594727,24.954462799999998]]}},{"type":"Feature","properties":{"name":null,"kind":"footway"},"geometry":{"type":"LineString","coordinates":[[121.35558940000001,24.954237800000005],[121.3567578,24.9550124]]}},{"type":"Feature","properties":{"name":null,"kind":"steps"},"geometry":{"type":"LineString","coordinates":[[121.35484959999998,24.9546785],[121.35490020000002,24.954618700000005]]}},{"type":"Feature","properties":{"name":null,"kind":"steps"},"geometry":{"type":"LineString","coordinates":[[121.35490890000001,24.954624599999995],[121.35485820000001,24.954684499999995]]}},{"type":"Feature","properties":{"name":null,"kind":"footway"},"geometry":{"type":"LineString","coordinates":[[121.36017640000001,24.954595499999996],[121.3600962,24.954692599999994]]}},{"type":"Feature","properties":{"name":"巴黎大街(社區)","kind":"service"},"geometry":{"type":"LineString","coordinates":[[121.3481378,24.954569499999998],[121.3490096,24.954598699999995]]}},{"type":"Feature","properties":{"name":null,"kind":"residential"},"geometry":{"type":"LineString","coordinates":[[121.35077889999998,24.955250399999997],[121.35111900000001,24.954577399999994],[121.3512779,24.9539258]]}},{"type":"Feature","properties":{"name":"育英街","kind":"residential"},"geometry":{"type":"LineString","coordinates":[[121.3469246,24.953397099999997],[121.3468648,24.955845699999998]]}},{"type":"Feature","properties":{"name":"信義街121巷","kind":"service"},"geometry":{"type":"LineString","coordinates":[[121.3534222,24.9547088],[121.35386069999998,24.954716700000002],[121.35399110000002,24.954525999999998]]}},{"type":"Feature","properties":{"name":"育才街27巷","kind":"residential"},"geometry":{"type":"LineString","coordinates":[[121.3489559,24.955038499999997],[121.3490389,24.9543787]]}},{"type":"Feature","properties":{"name":"光復街","kind":"residential"},"geometry":{"type":"LineString","coordinates":[[121.35111900000001,24.954577399999994],[121.35178410000002,24.9548592],[121.3522439,24.954900899999988]]}},{"type":"Feature","properties":{"name":"中正一路65巷","kind":"service"},"geometry":{"type":"LineString","coordinates":[[121.35229669999998,24.95440749999999],[121.3516485,24.954278200000005],[121.3514389,24.954711000000007],[121.35108220000001,24.9548691],[121.35077889999998,24.955250399999997]]}},{"type":"Feature","properties":{"name":"國慶街","kind":"tertiary"},"geometry":{"type":"LineString","coordinates":[[121.3507487,24.953703400000002],[121.349536,24.955902699999996]]}},{"type":"Feature","properties":{"name":"育才街","kind":"residential"},"geometry":{"type":"LineString","coordinates":[[121.3468921,24.954640899999994],[121.34810619999999,24.954718599999996],[121.34823700000001,24.9547948],[121.3482557,24.955017100000003],[121.3489559,24.955038499999997]]}},{"type":"Feature","properties":{"name":"和平街45巷","kind":"service"},"geometry":{"type":"LineString","coordinates":[[121.35286120000002,24.954837800000004],[121.3534008,24.954909800000003]]}},{"type":"Feature","properties":{"name":null,"kind":"footway"},"geometry":{"type":"LineString","coordinates":[[121.35503200000001,24.954707599999995],[121.35490020000002,24.954618700000005]]}},{"type":"Feature","properties":{"name":null,"kind":"footway"},"geometry":{"type":"LineString","coordinates":[[121.3541738,24.9547159],[121.3540581,24.954641999999993]]}},{"type":"Feature","properties":{"name":null,"kind":"footway"},"geometry":{"type":"LineString","coordinates":[[121.35484959999998,24.9546785],[121.35485520000002,24.954704099999994]]}},{"type":"Feature","properties":{"name":null,"kind":"footway"},"geometry":{"type":"LineString","coordinates":[[121.35867030000001,24.9547831],[121.3588684,24.9547414],[121.3589003,24.9545973]]}},{"type":"Feature","properties":{"name":"文化路125巷","kind":"service"},"geometry":{"type":"LineString","coordinates":[[121.3565798,24.954867300000004],[121.3568572,24.954549099999994]]}},{"type":"Feature","properties":{"name":null,"kind":"footway"},"geometry":{"type":"LineString","coordinates":[[121.3550114,24.954732200000002],[121.3549571,24.954695799999996]]}},{"type":"Feature","properties":{"name":null,"kind":"footway"},"geometry":{"type":"LineString","coordinates":[[121.3549571,24.954695799999996],[121.35501150000002,24.954740799999996]]}},{"type":"Feature","properties":{"name":null,"kind":"cycleway"},"geometry":{"type":"LineString","coordinates":[[121.3590436,24.9548262],[121.3589003,24.9545973]]}},{"type":"Feature","properties":{"name":null,"kind":"steps"},"geometry":{"type":"LineString","coordinates":[[121.3548638,24.9546945],[121.3549529,24.9547543]]}},{"type":"Feature","properties":{"name":null,"kind":"steps"},"geometry":{"type":"LineString","coordinates":[[121.35494529999998,24.9547633],[121.35485520000002,24.954704099999994]]}},{"type":"Feature","properties":{"name":null,"kind":"footway"},"geometry":{"type":"LineString","coordinates":[[121.3550477,24.954764900000004],[121.35499470000002,24.9547615]]}},{"type":"Feature","properties":{"name":null,"kind":"steps"},"geometry":{"type":"LineString","coordinates":[[121.35503200000001,24.954707599999995],[121.35514450000001,24.9547839],[121.3550477,24.954764900000004]]}},{"type":"Feature","properties":{"name":"文化路117巷","kind":"service"},"geometry":{"type":"LineString","coordinates":[[121.356816,24.9550211],[121.3571472,24.9544917],[121.35776930000002,24.954948799999997]]}},{"type":"Feature","properties":{"name":null,"kind":"footway"},"geometry":{"type":"LineString","coordinates":[[121.3549529,24.9547543],[121.3549234,24.954788900000004]]}},{"type":"Feature","properties":{"name":null,"kind":"footway"},"geometry":{"type":"LineString","coordinates":[[121.36002079999999,24.954840499999996],[121.36021300000002,24.9549582],[121.36035860000001,24.954699599999994],[121.36017640000001,24.954595499999996],[121.35991960000001,24.954585],[121.3598907,24.9547191],[121.36002079999999,24.954840499999996]]}},{"type":"Feature","properties":{"name":null,"kind":"service"},"geometry":{"type":"LineString","coordinates":[[121.3594862,24.954401699999988],[121.3591695,24.955147900000004]]}},{"type":"Feature","properties":{"name":null,"kind":"steps"},"geometry":{"type":"LineString","coordinates":[[121.35499470000002,24.9547615],[121.35495570000002,24.954809799999996]]}},{"type":"Feature","properties":{"name":null,"kind":"cycleway"},"geometry":{"type":"LineString","coordinates":[[121.35788400000001,24.954251399999997],[121.3585322,24.9550209],[121.3588958,24.955200899999994],[121.35897309999999,24.955327499999996]]}},{"type":"Feature","properties":{"name":null,"kind":"footway"},"geometry":{"type":"LineString","coordinates":[[121.3599303,24.954962799999997],[121.35994090000001,24.954793300000002]]}},{"type":"Feature","properties":{"name":null,"kind":"service"},"geometry":{"type":"LineString","coordinates":[[121.3592511,24.9549878],[121.35908350000001,24.954773299999996]]}},{"type":"Feature","properties":{"name":null,"kind":"footway"},"geometry":{"type":"LineString","coordinates":[[121.35498420000002,24.9551087],[121.3550855,24.9549108],[121.3548441,24.954736699999998],[121.3547209,24.9547193],[121.35464100000002,24.9548884]]}},{"type":"Feature","properties":{"name":null,"kind":"footway"},"geometry":{"type":"LineString","coordinates":[[121.35464100000002,24.9548884],[121.35471090000001,24.954933400000005]]}},{"type":"Feature","properties":{"name":null,"kind":"footway"},"geometry":{"type":"LineString","coordinates":[[121.36002079999999,24.954840499999996],[121.3599303,24.954962799999997]]}},{"type":"Feature","properties":{"name":null,"kind":"footway"},"geometry":{"type":"LineString","coordinates":[[121.3545515,24.9549654],[121.3546166,24.954872699999996]]}},{"type":"Feature","properties":{"name":null,"kind":"cycleway"},"geometry":{"type":"LineString","coordinates":[[121.3590014,24.9550199],[121.3590436,24.9548262]]}},{"type":"Feature","properties":{"name":null,"kind":"footway"},"geometry":{"type":"LineString","coordinates":[[121.35471090000001,24.954933400000005],[121.35472740000002,24.95494409999999]]}},{"type":"Feature","properties":{"name":"鶯歌站前圓環","kind":"living_street"},"geometry":{"type":"LineString","coordinates":[[121.35464109999998,24.954951199999993],[121.35476040000002,24.9548464],[121.3548891,24.954854899999994],[121.354988,24.9550549]]}},{"type":"Feature","properties":{"name":null,"kind":"cycleway"},"geometry":{"type":"LineString","coordinates":[[121.3590436,24.9548262],[121.3591184,24.9549197],[121.35907599999999,24.955050099999998]]}},{"type":"Feature","properties":{"name":null,"kind":"footway"},"geometry":{"type":"LineString","coordinates":[[121.35476199999998,24.954898800000002],[121.3549193,24.955000899999998]]}},{"type":"Feature","properties":{"name":null,"kind":"footway"},"geometry":{"type":"LineString","coordinates":[[121.3546535,24.9550418],[121.35476199999998,24.954898800000002]]}},{"type":"Feature","properties":{"name":null,"kind":"service"},"geometry":{"type":"LineString","coordinates":[[121.35469689999998,24.954885099999995],[121.354976,24.9550713]]}},{"type":"Feature","properties":{"name":null,"kind":"footway"},"geometry":{"type":"LineString","coordinates":[[121.35472740000002,24.95494409999999],[121.35489840000001,24.955054200000003]]}},{"type":"Feature","properties":{"name":null,"kind":"footway"},"geometry":{"type":"LineString","coordinates":[[121.3545592,24.954980300000003],[121.354631,24.955027100000002]]}},{"type":"Feature","properties":{"name":"建國路","kind":"tertiary"},"geometry":{"type":"LineString","coordinates":[[121.35464109999998,24.954951199999993],[121.3549256,24.955138199999997]]}},{"type":"Feature","properties":{"name":null,"kind":"footway"},"geometry":{"type":"LineString","coordinates":[[121.3549193,24.955000899999998],[121.35480540000002,24.955141000000005]]}},{"type":"Feature","properties":{"name":null,"kind":"service"},"geometry":{"type":"LineString","coordinates":[[121.36014889999998,24.955175899999993],[121.35999259999998,24.955073800000005],[121.36009669999999,24.954941899999998]]}},{"type":"Feature","properties":{"name":null,"kind":"footway"},"geometry":{"type":"LineString","coordinates":[[121.35489840000001,24.955054200000003],[121.35498420000002,24.9551087]]}},{"type":"Feature","properties":{"name":"鶯歌站前圓環","kind":"residential"},"geometry":{"type":"LineString","coordinates":[[121.35462920000002,24.955220099999995],[121.35456770000002,24.955066399999996],[121.35464109999998,24.954951199999993]]}},{"type":"Feature","properties":{"name":"鶯歌站前圓環","kind":"living_street"},"geometry":{"type":"LineString","coordinates":[[121.354988,24.9550549],[121.3549256,24.955138199999997]]}},{"type":"Feature","properties":{"name":null,"kind":"cycleway"},"geometry":{"type":"LineString","coordinates":[[121.3592624,24.955131500000004],[121.35907599999999,24.955050099999998]]}},{"type":"Feature","properties":{"name":null,"kind":"footway"},"geometry":{"type":"LineString","coordinates":[[121.3548358,24.9551609],[121.3546535,24.9551779],[121.354631,24.955027100000002],[121.35480540000002,24.955141000000005],[121.3548358,24.9551609]]}},{"type":"Feature","properties":{"name":null,"kind":"cycleway"},"geometry":{"type":"LineString","coordinates":[[121.3590014,24.9550199],[121.3588958,24.955200899999994]]}},{"type":"Feature","properties":{"name":null,"kind":"footway"},"geometry":{"type":"LineString","coordinates":[[121.3542498,24.955542800000003],[121.35453699999998,24.955223199999995],[121.35448940000002,24.955111099999996],[121.3545592,24.954980300000003],[121.3541738,24.9547159]]}},{"type":"Feature","properties":{"name":null,"kind":"footway"},"geometry":{"type":"LineString","coordinates":[[121.35498420000002,24.9551087],[121.3551413,24.955230999999998]]}},{"type":"Feature","properties":{"name":null,"kind":"service"},"geometry":{"type":"LineString","coordinates":[[121.3574131,24.9554087],[121.35776930000002,24.954948799999997]]}},{"type":"Feature","properties":{"name":"鶯歌站前圓環","kind":"residential"},"geometry":{"type":"LineString","coordinates":[[121.3549256,24.955138199999997],[121.35479250000002,24.9552515],[121.35462920000002,24.955220099999995]]}},{"type":"Feature","properties":{"name":"文化路","kind":"unclassified"},"geometry":{"type":"LineString","coordinates":[[121.3553946,24.954064200000005],[121.356816,24.9550211],[121.35679829999998,24.955226500000002],[121.3569009,24.955351600000004],[121.3584749,24.9563539]]}},{"type":"Feature","properties":{"name":null,"kind":"tertiary"},"geometry":{"type":"LineString","coordinates":[[121.3591695,24.955147900000004],[121.35915999999999,24.955267799999994]]}},{"type":"Feature","properties":{"name":null,"kind":"service"},"geometry":{"type":"LineString","coordinates":[[121.3576978,24.955040999999998],[121.3581239,24.9553985]]}},{"type":"Feature","properties":{"name":null,"kind":"footway"},"geometry":{"type":"LineString","coordinates":[[121.3548358,24.9551609],[121.3550627,24.955308199999994]]}},{"type":"Feature","properties":{"name":null,"kind":"footway"},"geometry":{"type":"LineString","coordinates":[[121.3545484,24.955246299999992],[121.35452859999998,24.955232699999993]]}},{"type":"Feature","properties":{"name":null,"kind":"footway"},"geometry":{"type":"LineString","coordinates":[[121.3546904,24.955198299999996],[121.354663,24.955303599999997]]}},{"type":"Feature","properties":{"name":null,"kind":"footway"},"geometry":{"type":"LineString","coordinates":[[121.35509220000002,24.955296299999997],[121.3551413,24.955230999999998]]}},{"type":"Feature","properties":{"name":null,"kind":"cycleway"},"geometry":{"type":"LineString","coordinates":[[121.35918030000002,24.955383200000007],[121.3592898,24.955142300000002]]}},{"type":"Feature","properties":{"name":null,"kind":"cycleway"},"geometry":{"type":"LineString","coordinates":[[121.3592624,24.955131500000004],[121.3599673,24.9554078]]}},{"type":"Feature","properties":{"name":null,"kind":"footway"},"geometry":{"type":"LineString","coordinates":[[121.3546535,24.955318799999993],[121.3545484,24.955246299999992]]}},{"type":"Feature","properties":{"name":null,"kind":"footway"},"geometry":{"type":"LineString","coordinates":[[121.3550627,24.955308199999994],[121.35509220000002,24.955296299999997]]}},{"type":"Feature","properties":{"name":null,"kind":"service"},"geometry":{"type":"LineString","coordinates":[[121.35506109999999,24.955227399999995],[121.35484689999998,24.955484]]}},{"type":"Feature","properties":{"name":null,"kind":"footway"},"geometry":{"type":"LineString","coordinates":[[121.3537816,24.956106400000003],[121.35419490000001,24.9556276],[121.35396300000001,24.955198599999992],[121.3540415,24.954630299999998]]}},{"type":"Feature","properties":{"name":null,"kind":"cycleway"},"geometry":{"type":"LineString","coordinates":[[121.35897309999999,24.955327499999996],[121.3591563,24.955400800000003]]}},{"type":"Feature","properties":{"name":"仁愛路","kind":"residential"},"geometry":{"type":"LineString","coordinates":[[121.35527439999998,24.956193099999997],[121.35467400000002,24.955871899999998],[121.3541524,24.955484099999996],[121.35401579999998,24.955165399999995],[121.3541432,24.954625799999995]]}},{"type":"Feature","properties":{"name":"文化路115巷","kind":"residential"},"geometry":{"type":"LineString","coordinates":[[121.356816,24.9550211],[121.3575861,24.955552799999996],[121.3575888,24.9558106]]}},{"type":"Feature","properties":{"name":null,"kind":"footway"},"geometry":{"type":"LineString","coordinates":[[121.354663,24.955303599999997],[121.3543977,24.955627]]}},{"type":"Feature","properties":{"name":null,"kind":"cycleway"},"geometry":{"type":"LineString","coordinates":[[121.3599589,24.9556039],[121.35935409999999,24.955377399999996],[121.3591563,24.955400800000003]]}},{"type":"Feature","properties":{"name":null,"kind":"footway"},"geometry":{"type":"LineString","coordinates":[[121.3542864,24.9555399],[121.35426579999998,24.955525799999993]]}},{"type":"Feature","properties":{"name":null,"kind":"footway"},"geometry":{"type":"LineString","coordinates":[[121.35437090000002,24.955597599999997],[121.3542864,24.9555399]]}},{"type":"Feature","properties":{"name":null,"kind":"footway"},"geometry":{"type":"LineString","coordinates":[[121.3542498,24.955542800000003],[121.35419429999999,24.955604000000005]]}},{"type":"Feature","properties":{"name":null,"kind":"service"},"geometry":{"type":"LineString","coordinates":[[121.35486450000002,24.955495800000005],[121.35466580000002,24.9557387],[121.3545458,24.9556579],[121.35469619999999,24.9554741],[121.35486450000002,24.955495800000005]]}},{"type":"Feature","properties":{"name":null,"kind":"footway"},"geometry":{"type":"LineString","coordinates":[[121.35440430000001,24.955618999999995],[121.35437090000002,24.955597599999997]]}},{"type":"Feature","properties":{"name":null,"kind":"service"},"geometry":{"type":"LineString","coordinates":[[121.3590333,24.9555402],[121.3592024,24.9556722]]}},{"type":"Feature","properties":{"name":"和平街","kind":"service"},"geometry":{"type":"LineString","coordinates":[[121.3527329,24.9559243],[121.3529523,24.954118000000005]]}},{"type":"Feature","properties":{"name":"育才街","kind":"service"},"geometry":{"type":"LineString","coordinates":[[121.3489659,24.954926099999994],[121.3495212,24.955008599999992],[121.3499318,24.9551776]]}},{"type":"Feature","properties":{"name":"信義街","kind":"residential"},"geometry":{"type":"LineString","coordinates":[[121.3532859,24.955979999999997],[121.35347470000002,24.954200799999995]]}},{"type":"Feature","properties":{"name":"育英街17巷","kind":"residential"},"geometry":{"type":"LineString","coordinates":[[121.34687300000002,24.955222800000005],[121.3481436,24.955243599999992],[121.3482557,24.955017100000003]]}},{"type":"Feature","properties":{"name":"光明街15巷","kind":"residential"},"geometry":{"type":"LineString","coordinates":[[121.3488813,24.9558971],[121.3489559,24.955038499999997]]}},{"type":"Feature","properties":{"name":null,"kind":"service"},"geometry":{"type":"LineString","coordinates":[[121.348209,24.9552118],[121.3482774,24.955311399999996],[121.348187,24.9558855]]}},{"type":"Feature","properties":{"name":"中正一路","kind":"secondary"},"geometry":{"type":"LineString","coordinates":[[121.3523387,24.9540715],[121.35215230000001,24.9558798],[121.35228610000001,24.956101999999998],[121.35331790000001,24.9568522],[121.35339899999998,24.957019100000004]]}},{"type":"Feature","properties":{"name":"光明街25巷","kind":"service"},"geometry":{"type":"LineString","coordinates":[[121.3485489,24.9552919],[121.34852769999999,24.9558918]]}},{"type":"Feature","properties":{"name":"行政路","kind":"residential"},"geometry":{"type":"LineString","coordinates":[[121.35506709999999,24.9564355],[121.35479880000001,24.9565079],[121.35443939999999,24.956447100000002],[121.35343189999999,24.95600509999999],[121.35202090000001,24.9558765],[121.3514056,24.955639399999995],[121.3501223,24.9548578]]}},{"type":"Feature","properties":{"name":"中正一路65巷","kind":"residential"},"geometry":{"type":"LineString","coordinates":[[121.35032220000001,24.956150299999997],[121.35077889999998,24.955250399999997]]}},{"type":"Feature","properties":{"name":null,"kind":"service"},"geometry":{"type":"LineString","coordinates":[[121.3591717,24.9555048],[121.359843,24.9557584]]}},{"type":"Feature","properties":{"name":null,"kind":"footway"},"geometry":{"type":"LineString","coordinates":[[121.35434160000001,24.9556912],[121.3543977,24.955627]]}},{"type":"Feature","properties":{"name":null,"kind":"footway"},"geometry":{"type":"LineString","coordinates":[[121.35419490000001,24.9556276],[121.3543103,24.955703600000003]]}},{"type":"Feature","properties":{"name":null,"kind":"service"},"geometry":{"type":"LineString","coordinates":[[121.359843,24.9557584],[121.3599576,24.9556364]]}},{"type":"Feature","properties":{"name":null,"kind":"tertiary"},"geometry":{"type":"LineString","coordinates":[[121.3586714,24.9562539],[121.3591695,24.955147900000004]]}},{"type":"Feature","properties":{"name":null,"kind":"service"},"geometry":{"type":"LineString","coordinates":[[121.355895,24.955772000000003],[121.35595750000002,24.955729299999998]]}},{"type":"Feature","properties":{"name":null,"kind":"service"},"geometry":{"type":"LineString","coordinates":[[121.35595750000002,24.955729299999998],[121.3560812,24.955621599999997],[121.35656650000001,24.955938999999997]]}},{"type":"Feature","properties":{"name":null,"kind":"footway"},"geometry":{"type":"LineString","coordinates":[[121.3546313,24.955926399999996],[121.3543103,24.955703600000003]]}},{"type":"Feature","properties":{"name":null,"kind":"footway"},"geometry":{"type":"LineString","coordinates":[[121.35861120000001,24.956294599999996],[121.35897309999999,24.955327499999996]]}},{"type":"Feature","properties":{"name":null,"kind":"service"},"geometry":{"type":"LineString","coordinates":[[121.3592024,24.9556722],[121.3599969,24.955973899999996],[121.35999379999998,24.9558154],[121.359843,24.9557584]]}},{"type":"Feature","properties":{"name":"中正一路65巷","kind":"residential"},"geometry":{"type":"LineString","coordinates":[[121.35077889999998,24.955250399999997],[121.35079320000001,24.955402400000004],[121.3504406,24.95606649999999],[121.35032220000001,24.956150299999997]]}},{"type":"Feature","properties":{"name":null,"kind":"footway"},"geometry":{"type":"LineString","coordinates":[[121.3521254,24.9558246],[121.3522194,24.955822199999997]]}},{"type":"Feature","properties":{"name":null,"kind":"footway"},"geometry":{"type":"LineString","coordinates":[[121.3467929,24.955911699999998],[121.34693580000001,24.95579040000001]]}},{"type":"Feature","properties":{"name":null,"kind":"footway"},"geometry":{"type":"LineString","coordinates":[[121.3467929,24.955911699999998],[121.3467974,24.9557864],[121.34693580000001,24.95579040000001],[121.3469314,24.9559157],[121.3467929,24.955911699999998]]}},{"type":"Feature","properties":{"name":null,"kind":"footway"},"geometry":{"type":"LineString","coordinates":[[121.3467974,24.9557864],[121.3469314,24.9559157]]}},{"type":"Feature","properties":{"name":"光明街","kind":"unclassified"},"geometry":{"type":"LineString","coordinates":[[121.349536,24.955902699999996],[121.3468648,24.955845699999998]]}},{"type":"Feature","properties":{"name":null,"kind":"footway"},"geometry":{"type":"LineString","coordinates":[[121.35212629999998,24.955971400000003],[121.3521254,24.9558246]]}},{"type":"Feature","properties":{"name":"光復街","kind":"residential"},"geometry":{"type":"LineString","coordinates":[[121.35178410000002,24.9548592],[121.35103380000001,24.956464899999993],[121.3510259,24.957084899999995]]}},{"type":"Feature","properties":{"name":null,"kind":"footway"},"geometry":{"type":"LineString","coordinates":[[121.3538045,24.9561082],[121.3537888,24.956097999999997]]}},{"type":"Feature","properties":{"name":"光明街36巷","kind":"service"},"geometry":{"type":"LineString","coordinates":[[121.34840389999998,24.956365499999997],[121.3484229,24.955889399999997]]}},{"type":"Feature","properties":{"name":null,"kind":"path"},"geometry":{"type":"LineString","coordinates":[[121.3591563,24.955400800000003],[121.3588466,24.956034999999993],[121.3588196,24.956265399999996]]}},{"type":"Feature","properties":{"name":null,"kind":"service"},"geometry":{"type":"LineString","coordinates":[[121.356472,24.956000999999997],[121.3559915,24.955699699999997]]}},{"type":"Feature","properties":{"name":null,"kind":"service"},"geometry":{"type":"LineString","coordinates":[[121.35892140000001,24.9557796],[121.3591076,24.955985600000005]]}},{"type":"Feature","properties":{"name":null,"kind":"footway"},"geometry":{"type":"LineString","coordinates":[[121.3539267,24.956196199999997],[121.35434160000001,24.9556912]]}},{"type":"Feature","properties":{"name":null,"kind":"service"},"geometry":{"type":"LineString","coordinates":[[121.3587548,24.955976999999997],[121.35859690000001,24.955976699999997]]}},{"type":"Feature","properties":{"name":"忠孝街","kind":"residential"},"geometry":{"type":"LineString","coordinates":[[121.3557489,24.955676399999994],[121.35506709999999,24.9564355]]}},{"type":"Feature","properties":{"name":null,"kind":"service"},"geometry":{"type":"LineString","coordinates":[[121.3567212,24.956105800000003],[121.35679810000002,24.9560164]]}},{"type":"Feature","properties":{"name":null,"kind":"service"},"geometry":{"type":"LineString","coordinates":[[121.3564191,24.9561192],[121.3564851,24.956079199999998]]}},{"type":"Feature","properties":{"name":"建國路","kind":"tertiary"},"geometry":{"type":"LineString","coordinates":[[121.3549256,24.955138199999997],[121.3567162,24.956318800000002],[121.35685630000002,24.956496599999998],[121.3568703,24.957084899999998]]}},{"type":"Feature","properties":{"name":"仁愛路","kind":"residential"},"geometry":{"type":"LineString","coordinates":[[121.353525,24.9570202],[121.3535818,24.956453999999997],[121.35462920000002,24.955220099999995]]}},{"type":"Feature","properties":{"name":null,"kind":"footway"},"geometry":{"type":"LineString","coordinates":[[121.3582348,24.956131299999996],[121.35853629999998,24.956263199999995],[121.3586851,24.955950700000002]]}},{"type":"Feature","properties":{"name":null,"kind":"service"},"geometry":{"type":"MultiLineString","coordinates":[[[121.3564851,24.956079199999998],[121.35651910000001,24.9560534]],[[121.35651910000001,24.9560534],[121.3566544,24.9559508],[121.357081,24.9561457],[121.35686939999998,24.9562903],[121.35651910000001,24.9560534]]]}},{"type":"Feature","properties":{"name":null,"kind":"residential"},"geometry":{"type":"LineString","coordinates":[[121.3542617,24.9563878],[121.35467400000002,24.955871899999998]]}},{"type":"Feature","properties":{"name":null,"kind":"service"},"geometry":{"type":"LineString","coordinates":[[121.35682210000002,24.9561855],[121.35691910000001,24.956071699999995]]}},{"type":"Feature","properties":{"name":null,"kind":"footway"},"geometry":{"type":"LineString","coordinates":[[121.3539171,24.956181399999995],[121.3538045,24.9561082]]}},{"type":"Feature","properties":{"name":null,"kind":"tertiary"},"geometry":{"type":"LineString","coordinates":[[121.35915999999999,24.955267799999994],[121.35876690000002,24.956164199999993],[121.3589039,24.9570332]]}},{"type":"Feature","properties":{"name":null,"kind":"footway"},"geometry":{"type":"LineString","coordinates":[[121.35393170000002,24.9561901],[121.3539171,24.956181399999995]]}},{"type":"Feature","properties":{"name":null,"kind":"footway"},"geometry":{"type":"LineString","coordinates":[[121.3585802,24.956174099999995],[121.3586128,24.956187900000003]]}},{"type":"Feature","properties":{"name":"忠孝街13巷","kind":"service"},"geometry":{"type":"LineString","coordinates":[[121.35506709999999,24.9564355],[121.3550267,24.9562335],[121.35509799999998,24.95608869999999],[121.3552548,24.9559972],[121.35543879999999,24.956012499999996]]}},{"type":"Feature","properties":{"name":null,"kind":"footway"},"geometry":{"type":"LineString","coordinates":[[121.35881490000001,24.956210200000005],[121.3586107,24.956220999999996]]}},{"type":"Feature","properties":{"name":null,"kind":"unclassified"},"geometry":{"type":"LineString","coordinates":[[121.35996340000001,24.955570299999998],[121.3602171,24.956141099999996],[121.36052090000001,24.9562117],[121.3608585,24.956040799999997],[121.36144529999999,24.956097300000003]]}},{"type":"Feature","properties":{"name":null,"kind":"track"},"geometry":{"type":"LineString","coordinates":[[121.36144529999999,24.956097300000003],[121.36224659999999,24.956048699999997]]}},{"type":"Feature","properties":{"name":null,"kind":"service"},"geometry":{"type":"LineString","coordinates":[[121.36069589999998,24.956172199999997],[121.3610272,24.956129099999995]]}},{"type":"Feature","properties":{"name":null,"kind":"service"},"geometry":{"type":"LineString","coordinates":[[121.3610272,24.956129099999995],[121.3610385,24.956179499999998]]}},{"type":"Feature","properties":{"name":null,"kind":"track"},"geometry":{"type":"LineString","coordinates":[[121.3602171,24.956141099999996],[121.3602231,24.956454899999994]]}},{"type":"Feature","properties":{"name":null,"kind":"footway"},"geometry":{"type":"LineString","coordinates":[[121.3644129,24.956548999999995],[121.3644348,24.9563818]]}},{"type":"Feature","properties":{"name":null,"kind":"steps"},"geometry":{"type":"LineString","coordinates":[[121.36322869999998,24.9566234],[121.3631772,24.9565084]]}},{"type":"Feature","properties":{"name":null,"kind":"unclassified"},"geometry":{"type":"LineString","coordinates":[[121.3602231,24.956454899999994],[121.3602339,24.956715099999997]]}},{"type":"Feature","properties":{"name":null,"kind":"footway"},"geometry":{"type":"LineString","coordinates":[[121.3650721,24.956655500000004],[121.36510170000001,24.956505699999997]]}},{"type":"Feature","properties":{"name":"中正一路463巷","kind":"service"},"geometry":{"type":"LineString","coordinates":[[121.36262109999998,24.956976499999996],[121.3632165,24.956720299999997],[121.3631885,24.9566441],[121.36329130000001,24.956591199999995],[121.36389619999999,24.956530199999992]]}},{"type":"Feature","properties":{"name":null,"kind":"footway"},"geometry":{"type":"LineString","coordinates":[[121.3538616,24.956266299999996],[121.3539267,24.956196199999997]]}},{"type":"Feature","properties":{"name":null,"kind":"service"},"geometry":{"type":"LineString","coordinates":[[121.3587691,24.9562683],[121.35890010000001,24.956260699999998]]}},{"type":"Feature","properties":{"name":null,"kind":"unclassified"},"geometry":{"type":"LineString","coordinates":[[121.3584749,24.9563539],[121.3586714,24.9562539]]}},{"type":"Feature","properties":{"name":null,"kind":"tertiary"},"geometry":{"type":"LineString","coordinates":[[121.3587208,24.9564836],[121.3586714,24.9562539]]}},{"type":"Feature","properties":{"name":null,"kind":"footway"},"geometry":{"type":"LineString","coordinates":[[121.35861120000001,24.956294599999996],[121.35861059999999,24.9564485]]}},{"type":"Feature","properties":{"name":null,"kind":"footway"},"geometry":{"type":"LineString","coordinates":[[121.35502980000001,24.9565113],[121.35482210000002,24.956554400000005],[121.35443850000001,24.95650049999999],[121.35383690000002,24.956272300000002]]}},{"type":"Feature","properties":{"name":"文化路","kind":"unclassified"},"geometry":{"type":"LineString","coordinates":[[121.3587208,24.9564836],[121.3584749,24.9563539]]}},{"type":"Feature","properties":{"name":null,"kind":"footway"},"geometry":{"type":"LineString","coordinates":[[121.35861059999999,24.9564485],[121.35870339999998,24.956539799999995]]}},{"type":"Feature","properties":{"name":null,"kind":"service"},"geometry":{"type":"LineString","coordinates":[[121.3593883,24.9566765],[121.3594395,24.956488800000006]]}},{"type":"Feature","properties":{"name":null,"kind":"unclassified"},"geometry":{"type":"LineString","coordinates":[[121.35884920000001,24.9566005],[121.3602339,24.956715099999997],[121.3608964,24.956644599999997]]}},{"type":"Feature","properties":{"name":null,"kind":"footway"},"geometry":{"type":"LineString","coordinates":[[121.35870339999998,24.956539799999995],[121.35878760000001,24.956846]]}},{"type":"Feature","properties":{"name":"忠孝街","kind":"service"},"geometry":{"type":"LineString","coordinates":[[121.35506709999999,24.9564355],[121.35504939999998,24.9570121]]}},{"type":"Feature","properties":{"name":"文化路","kind":"tertiary"},"geometry":{"type":"LineString","coordinates":[[121.3589039,24.9570332],[121.3587208,24.9564836]]}},{"type":"Feature","properties":{"name":"中正一路330巷","kind":"service"},"geometry":{"type":"LineString","coordinates":[[121.3572508,24.957002600000003],[121.35731780000002,24.9567911],[121.35755570000002,24.956534900000005]]}},{"type":"Feature","properties":{"name":null,"kind":"footway"},"geometry":{"type":"LineString","coordinates":[[121.35878760000001,24.956846],[121.35874230000002,24.956924900000004]]}},{"type":"Feature","properties":{"name":null,"kind":"footway"},"geometry":{"type":"LineString","coordinates":[[121.35876849999998,24.956914799999996],[121.35908199999999,24.95691499999999]]}},{"type":"Feature","properties":{"name":"中正一路","kind":"secondary"},"geometry":{"type":"LineString","coordinates":[[121.353525,24.9570202],[121.3588485,24.9569658]]}},{"type":"Feature","properties":{"name":null,"kind":"footway"},"geometry":{"type":"LineString","coordinates":[[121.35875220000001,24.957070099999996],[121.35874230000002,24.956924900000004]]}},{"type":"Feature","properties":{"name":null,"kind":"footway"},"geometry":{"type":"LineString","coordinates":[[121.3568329,24.957134299999993],[121.3568286,24.956965800000003],[121.3569822,24.9569609],[121.3569876,24.957129399999992]]}},{"type":"Feature","properties":{"name":"中正一路","kind":"secondary"},"geometry":{"type":"LineString","coordinates":[[121.3599115,24.9570137],[121.3568703,24.957084899999998]]}},{"type":"Feature","properties":{"name":null,"kind":"service"},"geometry":{"type":"LineString","coordinates":[[121.3405746,24.956089599999988],[121.3405196,24.956045299999996]]}},{"type":"Feature","properties":{"name":"中山路329巷6弄","kind":"service"},"geometry":{"type":"LineString","coordinates":[[121.34365860000001,24.9565295],[121.34366969999999,24.9557793]]}},{"type":"Feature","properties":{"name":"中山路329巷22弄","kind":"service"},"geometry":{"type":"LineString","coordinates":[[121.34443119999999,24.956540299999997],[121.3444618,24.9557968]]}},{"type":"Feature","properties":{"name":"國光街","kind":"residential"},"geometry":{"type":"LineString","coordinates":[[121.34143840000002,24.956481499999995],[121.3412997,24.9559263]]}},{"type":"Feature","properties":{"name":"中山路329巷16弄","kind":"service"},"geometry":{"type":"LineString","coordinates":[[121.34406600000001,24.9565352],[121.34407170000001,24.956067499999993]]}},{"type":"Feature","properties":{"name":"中山路329巷24弄","kind":"service"},"geometry":{"type":"LineString","coordinates":[[121.34475610000001,24.956544799999996],[121.3447626,24.956095499999993]]}},{"type":"Feature","properties":{"name":"國華路","kind":"tertiary"},"geometry":{"type":"LineString","coordinates":[[121.3429165,24.9570169],[121.3428765,24.955755]]}},{"type":"Feature","properties":{"name":null,"kind":"service"},"geometry":{"type":"LineString","coordinates":[[121.3381482,24.9564951],[121.3380434,24.9563638]]}},{"type":"Feature","properties":{"name":null,"kind":"tertiary_link"},"geometry":{"type":"LineString","coordinates":[[121.3428186,24.956644400000002],[121.3429147,24.9564739]]}},{"type":"Feature","properties":{"name":null,"kind":"service"},"geometry":{"type":"LineString","coordinates":[[121.34143840000002,24.956481499999995],[121.3415262,24.9566645]]}},{"type":"Feature","properties":{"name":"中正一路65巷","kind":"service"},"geometry":{"type":"LineString","coordinates":[[121.3506202,24.955719100000003],[121.35067700000002,24.956341700000003],[121.35032519999999,24.9567806],[121.3503529,24.957005900000002]]}},{"type":"Feature","properties":{"name":"中山路249巷24弄","kind":"service"},"geometry":{"type":"LineString","coordinates":[[121.34739759999998,24.956562300000005],[121.347403,24.956247499999993]]}},{"type":"Feature","properties":{"name":null,"kind":"footway"},"geometry":{"type":"LineString","coordinates":[[121.3534743,24.95667],[121.35350629999999,24.9564628],[121.3537237,24.9561758]]}},{"type":"Feature","properties":{"name":"國慶街","kind":"tertiary"},"geometry":{"type":"LineString","coordinates":[[121.349536,24.955902699999996],[121.34970140000001,24.956999899999996]]}},{"type":"Feature","properties":{"name":"中山路249巷","kind":"service"},"geometry":{"type":"LineString","coordinates":[[121.34575609999999,24.956558700000002],[121.3479877,24.9565636]]}},{"type":"Feature","properties":{"name":"光復街74巷","kind":"residential"},"geometry":{"type":"LineString","coordinates":[[121.35103380000001,24.956464899999993],[121.3518689,24.9566475],[121.35207820000001,24.95646169999999]]}},{"type":"Feature","properties":{"name":"中山路249巷2弄","kind":"service"},"geometry":{"type":"LineString","coordinates":[[121.3447637,24.956745999999995],[121.3456837,24.956750799999995],[121.34568640000002,24.956556299999995]]}},{"type":"Feature","properties":{"name":null,"kind":"footway"},"geometry":{"type":"LineString","coordinates":[[121.3538616,24.956266299999996],[121.35356939999998,24.9566223],[121.3535668,24.9569818],[121.3537788,24.957005399999996]]}},{"type":"Feature","properties":{"name":null,"kind":"service"},"geometry":{"type":"LineString","coordinates":[[121.348054,24.956854399999997],[121.3479877,24.9565636]]}},{"type":"Feature","properties":{"name":"中正一路137巷","kind":"service"},"geometry":{"type":"LineString","coordinates":[[121.35189969999999,24.9570201],[121.35207820000001,24.95646169999999]]}},{"type":"Feature","properties":{"name":"中山路249巷","kind":"service"},"geometry":{"type":"LineString","coordinates":[[121.3457534,24.957042099999995],[121.34575609999999,24.956558700000002]]}},{"type":"Feature","properties":{"name":null,"kind":"secondary_link"},"geometry":{"type":"LineString","coordinates":[[121.35331790000001,24.9568522],[121.3534279,24.956862599999997],[121.35354260000001,24.956748899999994]]}},{"type":"Feature","properties":{"name":null,"kind":"service"},"geometry":{"type":"LineString","coordinates":[[121.3538035,24.956623999999998],[121.35377869999999,24.9570176]]}},{"type":"Feature","properties":{"name":null,"kind":"steps"},"geometry":{"type":"LineString","coordinates":[[121.3480598,24.956938399999995],[121.348054,24.956854399999997]]}},{"type":"Feature","properties":{"name":null,"kind":"footway"},"geometry":{"type":"LineString","coordinates":[[121.3495947,24.956935499999997],[121.34979149999998,24.956938799999996]]}},{"type":"Feature","properties":{"name":null,"kind":"service"},"geometry":{"type":"LineString","coordinates":[[121.3480202,24.9569826],[121.3480598,24.956938399999995]]}},{"type":"Feature","properties":{"name":"中山路","kind":"tertiary"},"geometry":{"type":"LineString","coordinates":[[121.3429283,24.9569356],[121.34970140000001,24.956999899999996]]}},{"type":"Feature","properties":{"name":"中山路","kind":"tertiary"},"geometry":{"type":"LineString","coordinates":[[121.34970140000001,24.956999899999996],[121.35339899999998,24.957019100000004]]}},{"type":"Feature","properties":{"name":null,"kind":"tertiary_link"},"geometry":{"type":"LineString","coordinates":[[121.3482111,24.9570589],[121.34821090000001,24.95698459999999]]}},{"type":"Feature","properties":{"name":null,"kind":"footway"},"geometry":{"type":"LineString","coordinates":[[121.34960629999999,24.957106699999997],[121.3495947,24.956935499999997]]}},{"type":"Feature","properties":{"name":"中正一路","kind":"secondary"},"geometry":{"type":"LineString","coordinates":[[121.35339899999998,24.957019100000004],[121.353525,24.9570202]]}},{"type":"Feature","properties":{"name":"中山路","kind":"tertiary"},"geometry":{"type":"LineString","coordinates":[[121.34980199999998,24.957067999999992],[121.3429165,24.9570169]]}},{"type":"Feature","properties":{"name":"國慶街","kind":"tertiary"},"geometry":{"type":"LineString","coordinates":[[121.34970140000001,24.956999899999996],[121.34980199999998,24.957067999999992]]}},{"type":"Feature","properties":{"name":null,"kind":"footway"},"geometry":{"type":"LineString","coordinates":[[121.34993360000001,24.9571031],[121.3499142,24.956974399999996]]}},{"type":"Feature","properties":{"name":null,"kind":"footway"},"geometry":{"type":"LineString","coordinates":[[121.3519409,24.957130099999997],[121.351946,24.956958199999992]]}},{"type":"Feature","properties":{"name":null,"kind":"footway"},"geometry":{"type":"LineString","coordinates":[[121.3511414,24.957110200000002],[121.3511358,24.95698199999999]]}},{"type":"Feature","properties":{"name":"中正一路","kind":"secondary"},"geometry":{"type":"LineString","coordinates":[[121.35339899999998,24.957019100000004],[121.35346180000002,24.9571069]]}},{"type":"Feature","properties":{"name":"仁愛路","kind":"residential"},"geometry":{"type":"LineString","coordinates":[[121.35346180000002,24.9571069],[121.353525,24.9570202]]}},{"type":"Feature","properties":{"name":null,"kind":"footway"},"geometry":{"type":"LineString","coordinates":[[121.3532761,24.957153299999998],[121.35327950000001,24.9569794],[121.3535668,24.9569818]]}},{"type":"Feature","properties":{"name":null,"kind":"footway"},"geometry":{"type":"LineString","coordinates":[[121.35364190000001,24.957005200000005],[121.3536598,24.9571569]]}},{"type":"Feature","properties":{"name":"永吉街59巷","kind":"service"},"geometry":{"type":"LineString","coordinates":[[121.33530980000002,24.9568408],[121.33608920000002,24.956453399999997],[121.3360261,24.956254]]}},{"type":"Feature","properties":{"name":"永吉街47巷","kind":"service"},"geometry":{"type":"LineString","coordinates":[[121.3354567,24.957072099999998],[121.33622580000001,24.956690499999997]]}},{"type":"Feature","properties":{"name":"永吉街27巷12弄","kind":"service"},"geometry":{"type":"LineString","coordinates":[[121.3363835,24.9572286],[121.33609610000002,24.956754799999995]]}},{"type":"Feature","properties":{"name":"永吉街46巷13弄","kind":"service"},"geometry":{"type":"LineString","coordinates":[[121.33522000000002,24.9573894],[121.3348239,24.956684999999997]]}},{"type":"Feature","properties":{"name":"德昌二街70巷32弄","kind":"service"},"geometry":{"type":"LineString","coordinates":[[121.33001179999998,24.9555636],[121.33042129999998,24.956690800000004],[121.3302707,24.9568414],[121.32965200000001,24.957053099999996],[121.32952990000001,24.957309499999997],[121.3295909,24.957529299999997],[121.3300997,24.957854999999995],[121.3299858,24.9579812],[121.33072660000002,24.9587138],[121.3308731,24.958709800000005],[121.3312435,24.958433000000003],[121.3314796,24.958477799999997],[121.3320271,24.958221200000004]]}},{"type":"Feature","properties":{"name":"德昌二街","kind":"tertiary"},"geometry":{"type":"LineString","coordinates":[[121.3326326,24.954627299999995],[121.3333379,24.958007299999995],[121.33314120000001,24.959458599999994],[121.3332533,24.9598153]]}},{"type":"Feature","properties":{"name":"永吉街46巷59弄","kind":"service"},"geometry":{"type":"LineString","coordinates":[[121.3341306,24.9577704],[121.33391659999998,24.9567324]]}},{"type":"Feature","properties":{"name":"永吉街27巷27弄","kind":"service"},"geometry":{"type":"LineString","coordinates":[[121.3365428,24.957124599999997],[121.33692040000001,24.9574511]]}},{"type":"Feature","properties":{"name":"永吉街46巷35弄","kind":"service"},"geometry":{"type":"LineString","coordinates":[[121.3346994,24.9575761],[121.33459400000001,24.9573776],[121.3346028,24.9570761],[121.33431230000001,24.957081400000007]]}},{"type":"Feature","properties":{"name":"德昌二街70巷29弄","kind":"service"},"geometry":{"type":"LineString","coordinates":[[121.33177670000002,24.957276699999998],[121.3315021,24.957414699999998]]}},{"type":"Feature","properties":{"name":"陽明街","kind":"residential"},"geometry":{"type":"LineString","coordinates":[[121.34005499999999,24.956769899999994],[121.3408992,24.956647000000004],[121.34143840000002,24.956481499999995]]}},{"type":"Feature","properties":{"name":null,"kind":"tertiary_link"},"geometry":{"type":"LineString","coordinates":[[121.3429147,24.9564739],[121.3431493,24.956812499999998],[121.3433609,24.956934500000003]]}},{"type":"Feature","properties":{"name":"中山路329巷","kind":"service"},"geometry":{"type":"LineString","coordinates":[[121.3436624,24.956937700000005],[121.34365860000001,24.9565295],[121.34575609999999,24.956558700000002]]}},{"type":"Feature","properties":{"name":null,"kind":"tertiary_link"},"geometry":{"type":"LineString","coordinates":[[121.3424049,24.956973199999997],[121.3428186,24.956644400000002]]}},{"type":"Feature","properties":{"name":"鶯桃路","kind":"secondary"},"geometry":{"type":"LineString","coordinates":[[121.3366568,24.955647300000003],[121.33661500000001,24.955936199999996],[121.33687690000001,24.956522599999996],[121.33795180000001,24.9578877],[121.3381393,24.9583148]]}},{"type":"Feature","properties":{"name":"鶯桃路182巷96弄","kind":"residential"},"geometry":{"type":"LineString","coordinates":[[121.34005499999999,24.956769899999994],[121.33872590000001,24.956637999999998],[121.3386232,24.956701499999998],[121.33847129999998,24.957172900000003],[121.3385853,24.9573516],[121.3391275,24.957433999999992],[121.34021729999999,24.957297599999997]]}},{"type":"Feature","properties":{"name":"國光街","kind":"residential"},"geometry":{"type":"LineString","coordinates":[[121.33999469999999,24.9561881],[121.34005499999999,24.956769899999994],[121.3402337,24.957350899999998],[121.34043700000001,24.957837],[121.3406835,24.9581386],[121.34085610000001,24.958211299999995],[121.34117650000002,24.95816659999999],[121.34194670000001,24.9577867],[121.34202710000001,24.957633499999993]]}},{"type":"Feature","properties":{"name":null,"kind":"service"},"geometry":{"type":"LineString","coordinates":[[121.34021729999999,24.957297599999997],[121.3406173,24.957143]]}},{"type":"Feature","properties":{"name":null,"kind":"tertiary_link"},"geometry":{"type":"LineString","coordinates":[[121.3436624,24.956937700000005],[121.3429045,24.9577329]]}},{"type":"Feature","properties":{"name":"鶯桃路182巷","kind":"unclassified"},"geometry":{"type":"LineString","coordinates":[[121.33976300000002,24.95938419999999],[121.33970070000001,24.958820899999996],[121.3398085,24.958164499999995],[121.339636,24.957650499999993],[121.33864079999998,24.95745499999999],[121.3381971,24.957234299999993],[121.3380092,24.957080700000002],[121.3369079,24.955458799999995]]}},{"type":"Feature","properties":{"name":"中山路","kind":"tertiary"},"geometry":{"type":"LineString","coordinates":[[121.35346180000002,24.9571069],[121.34980199999998,24.957067999999992]]}},{"type":"Feature","properties":{"name":null,"kind":"service"},"geometry":{"type":"LineString","coordinates":[[121.34927389999999,24.956995500000005],[121.34927269999999,24.9574032],[121.34918420000001,24.957456099999998]]}},{"type":"Feature","properties":{"name":"中山路98巷","kind":"residential"},"geometry":{"type":"LineString","coordinates":[[121.35088890000002,24.957081699999996],[121.3508981,24.957417799999998],[121.35068889999998,24.957439099999995]]}},{"type":"Feature","properties":{"name":null,"kind":"path"},"geometry":{"type":"LineString","coordinates":[[121.3467765,24.957049099999995],[121.3466744,24.957587400000005]]}},{"type":"Feature","properties":{"name":null,"kind":"service"},"geometry":{"type":"LineString","coordinates":[[121.3482509,24.957358399999997],[121.3487063,24.957371300000005]]}},{"type":"Feature","properties":{"name":"中正一路211巷1弄","kind":"service"},"geometry":{"type":"LineString","coordinates":[[121.3530741,24.9573661],[121.3537026,24.957383]]}},{"type":"Feature","properties":{"name":null,"kind":"residential"},"geometry":{"type":"LineString","coordinates":[[121.35004700000002,24.957073299999998],[121.3498177,24.9578266],[121.3496574,24.958000099999992]]}},{"type":"Feature","properties":{"name":null,"kind":"service"},"geometry":{"type":"LineString","coordinates":[[121.3523376,24.9576153],[121.3525821,24.957593899999996]]}},{"type":"Feature","properties":{"name":"中山路208巷","kind":"service"},"geometry":{"type":"LineString","coordinates":[[121.34508670000001,24.958331300000005],[121.34508170000001,24.9569523]]}},{"type":"Feature","properties":{"name":"中正一路211巷","kind":"service"},"geometry":{"type":"LineString","coordinates":[[121.35372200000002,24.9571001],[121.3536651,24.9575939],[121.35351650000001,24.957677300000004],[121.35344210000001,24.957911599999992],[121.35351650000001,24.9582228]]}},{"type":"Feature","properties":{"name":"永吉街27巷","kind":"service"},"geometry":{"type":"LineString","coordinates":[[121.33584599999999,24.957579199999998],[121.3365428,24.957124599999997]]}},{"type":"Feature","properties":{"name":"永吉街46巷47弄","kind":"service"},"geometry":{"type":"LineString","coordinates":[[121.33431230000001,24.957081400000007],[121.3344126,24.957678800000004]]}},{"type":"Feature","properties":{"name":"德昌二街70巷38弄","kind":"service"},"geometry":{"type":"LineString","coordinates":[[121.3315021,24.957414699999998],[121.3310578,24.957626899999994]]}},{"type":"Feature","properties":{"name":"永吉街17巷","kind":"service"},"geometry":{"type":"LineString","coordinates":[[121.33604780000002,24.957817599999995],[121.33676499999999,24.957318]]}},{"type":"Feature","properties":{"name":"永吉街46巷","kind":"residential"},"geometry":{"type":"LineString","coordinates":[[121.335577,24.9572615],[121.3333379,24.958007299999995]]}},{"type":"Feature","properties":{"name":"德昌二街70巷27弄","kind":"service"},"geometry":{"type":"LineString","coordinates":[[121.33196390000002,24.9575708],[121.3316548,24.9577134]]}},{"type":"Feature","properties":{"name":null,"kind":"service"},"geometry":{"type":"LineString","coordinates":[[121.3350451,24.958066799999997],[121.33481420000001,24.957534900000002]]}},{"type":"Feature","properties":{"name":"永吉街","kind":"residential"},"geometry":{"type":"LineString","coordinates":[[121.33514060000002,24.956555300000005],[121.335577,24.9572615],[121.3370677,24.959056699999998]]}},{"type":"Feature","properties":{"name":null,"kind":"service"},"geometry":{"type":"LineString","coordinates":[[121.3320271,24.958221200000004],[121.3318083,24.958009800000003],[121.3315021,24.957414699999998]]}},{"type":"Feature","properties":{"name":"德昌二街70巷36弄","kind":"service"},"geometry":{"type":"LineString","coordinates":[[121.3316548,24.9577134],[121.3311888,24.9579282]]}},{"type":"Feature","properties":{"name":"鶯桃路182巷96弄","kind":"residential"},"geometry":{"type":"LineString","coordinates":[[121.3399303,24.957344599999992],[121.339636,24.957650499999993]]}},{"type":"Feature","properties":{"name":"中山高架橋","kind":"tertiary"},"geometry":{"type":"LineString","coordinates":[[121.3403665,24.9580726],[121.34094940000001,24.9575281],[121.3413114,24.957301399999995],[121.3421881,24.957004499999993],[121.3429283,24.9569356]]}},{"type":"Feature","properties":{"name":"中山高架橋","kind":"tertiary"},"geometry":{"type":"LineString","coordinates":[[121.3429165,24.9570169],[121.3422027,24.957067199999997],[121.3413526,24.957361099999996],[121.3410044,24.9575755],[121.34037310000001,24.9581361]]}},{"type":"Feature","properties":{"name":"永吉街9巷","kind":"service"},"geometry":{"type":"LineString","coordinates":[[121.33646490000001,24.958309300000003],[121.3373243,24.9577769]]}},{"type":"Feature","properties":{"name":null,"kind":"tertiary"},"geometry":{"type":"LineString","coordinates":[[121.3403665,24.9580726],[121.34037310000001,24.9581361]]}},{"type":"Feature","properties":{"name":"中山高架橋","kind":"tertiary"},"geometry":{"type":"LineString","coordinates":[[121.3381393,24.9583148],[121.338699,24.9581358],[121.33986350000002,24.958217899999998],[121.3403665,24.9580726]]}},{"type":"Feature","properties":{"name":"永吉街7巷","kind":"service"},"geometry":{"type":"LineString","coordinates":[[121.33665240000002,24.9585306],[121.33748490000002,24.958018500000005]]}},{"type":"Feature","properties":{"name":"中山高架橋","kind":"tertiary"},"geometry":{"type":"LineString","coordinates":[[121.34037310000001,24.9581361],[121.33984410000001,24.9582662],[121.3387123,24.958207299999998],[121.33819580000001,24.958410499999996]]}},{"type":"Feature","properties":{"name":"鶯桃路","kind":"secondary"},"geometry":{"type":"LineString","coordinates":[[121.33819580000001,24.958410499999996],[121.3381393,24.9583148]]}},{"type":"Feature","properties":{"name":"鶯桃路209巷","kind":"service"},"geometry":{"type":"LineString","coordinates":[[121.33717150000001,24.958872199999995],[121.3370666,24.958706300000006],[121.337087,24.9585883],[121.3376328,24.958216]]}},{"type":"Feature","properties":{"name":"永吉街11巷","kind":"service"},"geometry":{"type":"LineString","coordinates":[[121.3362863,24.958098599999996],[121.3371554,24.9575385]]}},{"type":"Feature","properties":{"name":"德昌二街70巷34弄","kind":"service"},"geometry":{"type":"LineString","coordinates":[[121.3318083,24.958009800000003],[121.33128800000001,24.958217600000005]]}},{"type":"Feature","properties":{"name":"德昌二街70巷","kind":"service"},"geometry":{"type":"LineString","coordinates":[[121.3320271,24.958221200000004],[121.33247,24.9581956],[121.3333379,24.958007299999995]]}},{"type":"Feature","properties":{"name":null,"kind":"service"},"geometry":{"type":"LineString","coordinates":[[121.3314796,24.958477799999997],[121.33128800000001,24.958217600000005]]}},{"type":"Feature","properties":{"name":null,"kind":"service"},"geometry":{"type":"LineString","coordinates":[[121.3332584,24.958804699999998],[121.33367140000001,24.9588505],[121.333713,24.958932299999997]]}},{"type":"Feature","properties":{"name":null,"kind":"service"},"geometry":{"type":"LineString","coordinates":[[121.33442800000002,24.959193200000005],[121.33559879999999,24.9585704]]}},{"type":"Feature","properties":{"name":"鶯桃路285巷","kind":"residential"},"geometry":{"type":"LineString","coordinates":[[121.3338413,24.957870400000004],[121.3338542,24.9582881],[121.3339669,24.958533699999997],[121.33430479999998,24.959051700000003],[121.33465550000001,24.9594151],[121.33477000000002,24.9598207],[121.3350525,24.9601529]]}},{"type":"Feature","properties":{"name":null,"kind":"path"},"geometry":{"type":"LineString","coordinates":[[121.3337273,24.959414899999995],[121.33389049999998,24.959025400000005],[121.33442800000002,24.959193200000005]]}},{"type":"Feature","properties":{"name":null,"kind":"service"},"geometry":{"type":"LineString","coordinates":[[121.33119700000002,24.9594192],[121.3315534,24.959406],[121.33199459999999,24.959106099999993]]}},{"type":"Feature","properties":{"name":"德昌二街3巷","kind":"service"},"geometry":{"type":"LineString","coordinates":[[121.3331688,24.959294],[121.3337273,24.959414899999995]]}},{"type":"Feature","properties":{"name":"中山高架橋","kind":"tertiary"},"geometry":{"type":"LineString","coordinates":[[121.33981320000001,24.959294199999995],[121.34037310000001,24.9581361]]}},{"type":"Feature","properties":{"name":"鶯桃路194巷","kind":"service"},"geometry":{"type":"LineString","coordinates":[[121.33771360000001,24.95904579999999],[121.3375173,24.9587923]]}},{"type":"Feature","properties":{"name":"鶯桃路206巷10弄","kind":"service"},"geometry":{"type":"LineString","coordinates":[[121.33751719999998,24.959397199999998],[121.3384696,24.95889479999999]]}},{"type":"Feature","properties":{"name":"鶯桃路206巷24弄","kind":"service"},"geometry":{"type":"LineString","coordinates":[[121.33769620000001,24.9596598],[121.3384401,24.959269299999995]]}},{"type":"Feature","properties":{"name":"鶯桃路206巷5弄","kind":"service"},"geometry":{"type":"LineString","coordinates":[[121.33699860000002,24.9596976],[121.33751719999998,24.959397199999998]]}},{"type":"Feature","properties":{"name":"鶯桃路206巷","kind":"service"},"geometry":{"type":"LineString","coordinates":[[121.33828990000002,24.960496700000004],[121.33717150000001,24.958872199999995]]}},{"type":"Feature","properties":{"name":"鶯桃路206巷38弄","kind":"service"},"geometry":{"type":"LineString","coordinates":[[121.33787140000001,24.959914600000005],[121.3385716,24.9595319]]}},{"type":"Feature","properties":{"name":"鶯桃路206巷19弄","kind":"service"},"geometry":{"type":"LineString","coordinates":[[121.33717150000001,24.959942899999998],[121.33769620000001,24.9596598]]}},{"type":"Feature","properties":{"name":"鶯桃路206巷33弄","kind":"service"},"geometry":{"type":"LineString","coordinates":[[121.33742359999998,24.960159299999994],[121.33787140000001,24.959914600000005]]}},{"type":"Feature","properties":{"name":"鶯桃路206巷52弄","kind":"service"},"geometry":{"type":"LineString","coordinates":[[121.33850179999999,24.959942899999994],[121.3380678,24.9601889]]}},{"type":"Feature","properties":{"name":null,"kind":"unclassified"},"geometry":{"type":"LineString","coordinates":[[121.3290953,24.9603478],[121.32887819999999,24.9592774],[121.3288912,24.9586569],[121.3287289,24.9581158]]}},{"type":"Feature","properties":{"name":null,"kind":"service"},"geometry":{"type":"LineString","coordinates":[[121.32952170000002,24.9574317],[121.32922050000002,24.957741],[121.32799169999998,24.9586855],[121.32744130000002,24.9594322],[121.32746729999998,24.9595388],[121.3276696,24.959654599999997],[121.32762050000001,24.9597935],[121.32807230000002,24.960026699999997],[121.3280782,24.960151400000004],[121.32741040000002,24.9611503]]}},{"type":"Feature","properties":{"name":null,"kind":"service"},"geometry":{"type":"LineString","coordinates":[[121.32901620000001,24.962026899999998],[121.33031119999998,24.9623237]]}},{"type":"Feature","properties":{"name":"鶯桃路413巷91弄","kind":"service"},"geometry":{"type":"LineString","coordinates":[[121.32900420000001,24.962379499999994],[121.3301672,24.962712399999997]]}},{"type":"Feature","properties":{"name":"鶯桃路413巷","kind":"service"},"geometry":{"type":"LineString","coordinates":[[121.3291994,24.962900599999998],[121.32889410000001,24.962819600000003]]}},{"type":"Feature","properties":{"name":null,"kind":"service"},"geometry":{"type":"LineString","coordinates":[[121.3345282,24.959290899999996],[121.3340024,24.9595285]]}},{"type":"Feature","properties":{"name":null,"kind":"footway"},"geometry":{"type":"LineString","coordinates":[[121.3338983,24.959534899999998],[121.3340024,24.9595285]]}},{"type":"Feature","properties":{"name":"鶯桃路234巷","kind":"residential"},"geometry":{"type":"LineString","coordinates":[[121.3366052,24.95932449999999],[121.3370609,24.959964800000005]]}},{"type":"Feature","properties":{"name":null,"kind":"service"},"geometry":{"type":"LineString","coordinates":[[121.3332533,24.9598153],[121.3338983,24.959534899999998]]}},{"type":"Feature","properties":{"name":"德昌街197巷","kind":"service"},"geometry":{"type":"LineString","coordinates":[[121.33076950000002,24.960521500000002],[121.3311879,24.9597969],[121.33120390000002,24.959094799999995]]}},{"type":"Feature","properties":{"name":"鶯桃路295巷","kind":"service"},"geometry":{"type":"LineString","coordinates":[[121.33433800000002,24.959402099999995],[121.3348735,24.9603537]]}},{"type":"Feature","properties":{"name":"鶯桃路268巷6弄","kind":"service"},"geometry":{"type":"LineString","coordinates":[[121.3358029,24.960181600000002],[121.3364783,24.9597728]]}},{"type":"Feature","properties":{"name":"德昌街177巷","kind":"service"},"geometry":{"type":"LineString","coordinates":[[121.3317909,24.959497299999995],[121.33143950000002,24.960604700000005]]}},{"type":"Feature","properties":{"name":"鶯桃路242巷","kind":"residential"},"geometry":{"type":"LineString","coordinates":[[121.33629870000001,24.9595041],[121.3368167,24.960218699999995],[121.3373012,24.960583799999995]]}},{"type":"Feature","properties":{"name":"德昌街","kind":"residential"},"geometry":{"type":"LineString","coordinates":[[121.3290953,24.9603478],[121.33153660000002,24.960599299999995],[121.3332533,24.9598153]]}},{"type":"Feature","properties":{"name":"鶯桃路268巷16弄","kind":"service"},"geometry":{"type":"LineString","coordinates":[[121.3359793,24.960430499999998],[121.3366532,24.960012799999998]]}},{"type":"Feature","properties":{"name":"鶯桃路268巷","kind":"residential"},"geometry":{"type":"LineString","coordinates":[[121.3355725,24.9598401],[121.3361549,24.9606782],[121.3366368,24.960374799999993]]}},{"type":"Feature","properties":{"name":null,"kind":"service"},"geometry":{"type":"LineString","coordinates":[[121.33242179999999,24.960174700000003],[121.3325504,24.9603912]]}},{"type":"Feature","properties":{"name":"鶯桃路299巷","kind":"service"},"geometry":{"type":"LineString","coordinates":[[121.33388020000001,24.9600544],[121.33424200000002,24.9606523]]}},{"type":"Feature","properties":{"name":null,"kind":"service"},"geometry":{"type":"LineString","coordinates":[[121.33220780000002,24.9605526],[121.3329089,24.960205399999996]]}},{"type":"Feature","properties":{"name":"福昌街7巷","kind":"service"},"geometry":{"type":"LineString","coordinates":[[121.3329089,24.960205399999996],[121.33325130000001,24.960777399999994]]}},{"type":"Feature","properties":{"name":"德昌街","kind":"tertiary"},"geometry":{"type":"LineString","coordinates":[[121.3332533,24.9598153],[121.33409170000002,24.9612149]]}},{"type":"Feature","properties":{"name":"永吉公園步道","kind":"path"},"geometry":{"type":"LineString","coordinates":[[121.33503880000002,24.960862700000003],[121.33484659999999,24.9603721]]}},{"type":"Feature","properties":{"name":"福昌街19巷","kind":"service"},"geometry":{"type":"LineString","coordinates":[[121.332628,24.960354600000002],[121.3329797,24.960917099999993]]}},{"type":"Feature","properties":{"name":"福昌街29巷","kind":"service"},"geometry":{"type":"LineString","coordinates":[[121.3324009,24.960461600000002],[121.3327556,24.961024799999993]]}},{"type":"Feature","properties":{"name":"西湖街53巷","kind":"residential"},"geometry":{"type":"LineString","coordinates":[[121.3419277,24.960964499999992],[121.3418191,24.960170599999998],[121.33985969999999,24.9597851],[121.33976300000002,24.95938419999999]]}},{"type":"Feature","properties":{"name":"小徑","kind":"footway"},"geometry":{"type":"LineString","coordinates":[[121.3373012,24.960583799999995],[121.337664,24.9606568]]}},{"type":"Feature","properties":{"name":"小徑","kind":"footway"},"geometry":{"type":"LineString","coordinates":[[121.33742359999998,24.960159299999994],[121.33771360000001,24.960590199999995],[121.3376681,24.9606712],[121.3378846,24.9609353],[121.33767999999999,24.961145199999997]]}},{"type":"Feature","properties":{"name":"小徑","kind":"footway"},"geometry":{"type":"LineString","coordinates":[[121.3378863,24.9609664],[121.3381146,24.961040300000004],[121.3381298,24.9611977],[121.3383096,24.961360599999995],[121.33858360000002,24.960389]]}},{"type":"Feature","properties":{"name":"余厝巷","kind":"residential"},"geometry":{"type":"LineString","coordinates":[[121.34291040000001,24.960443199999997],[121.34284499999998,24.960965699999996],[121.3427069,24.9612284],[121.3423729,24.961296400000002],[121.3419304,24.9612174]]}},{"type":"Feature","properties":{"name":"余厝橋","kind":"residential"},"geometry":{"type":"LineString","coordinates":[[121.3419303,24.9612124],[121.3419277,24.960964499999992]]}},{"type":"Feature","properties":{"name":null,"kind":"residential"},"geometry":{"type":"LineString","coordinates":[[121.3391974,24.960450699999992],[121.3394558,24.9606106],[121.33931639999999,24.960916999999995],[121.3394719,24.961028900000002],[121.3393325,24.9617243],[121.3390616,24.9618338],[121.33885499999998,24.961770499999993],[121.33879069999999,24.9615906]]}},{"type":"Feature","properties":{"name":null,"kind":"service"},"geometry":{"type":"LineString","coordinates":[[121.33776559999998,24.961398299999995],[121.33777070000001,24.9612731],[121.3375236,24.9609929]]}},{"type":"Feature","properties":{"name":"余厝巷","kind":"residential"},"geometry":{"type":"LineString","coordinates":[[121.3418433,24.961327599999994],[121.3419303,24.9612124]]}},{"type":"Feature","properties":{"name":"小徑","kind":"footway"},"geometry":{"type":"LineString","coordinates":[[121.33810550000001,24.9611495],[121.33809980000001,24.9613226],[121.3379163,24.961428199999997]]}},{"type":"Feature","properties":{"name":null,"kind":"service"},"geometry":{"type":"LineString","coordinates":[[121.3532323,24.958451599999993],[121.3529535,24.958421199999997]]}},{"type":"Feature","properties":{"name":null,"kind":"track"},"geometry":{"type":"LineString","coordinates":[[121.354078,24.9585752],[121.3536816,24.958455399999995],[121.35334010000001,24.958503299999997],[121.3532323,24.958451599999993]]}},{"type":"Feature","properties":{"name":null,"kind":"path"},"geometry":{"type":"LineString","coordinates":[[121.35030260000002,24.9587338],[121.3501948,24.958952],[121.35026990000001,24.958996599999995]]}},{"type":"Feature","properties":{"name":"中山路138巷","kind":"residential"},"geometry":{"type":"LineString","coordinates":[[121.34968760000001,24.958553899999995],[121.3500477,24.958588],[121.3509847,24.9589874],[121.35112020000001,24.9590963],[121.35142900000001,24.9599951],[121.35187930000001,24.960365399999997],[121.3523528,24.96063669999999],[121.3523172,24.961029799999995],[121.3519694,24.961250699999997],[121.3521967,24.961466799999993],[121.3520394,24.96172689999999]]}},{"type":"Feature","properties":{"name":"西鶯山步道","kind":"path"},"geometry":{"type":"LineString","coordinates":[[121.3466744,24.957587400000005],[121.3470392,24.9578598],[121.3471036,24.958248799999996],[121.34690150000002,24.958554199999995],[121.3465809,24.958789499999998],[121.34651420000002,24.9589557],[121.34654000000002,24.959067399999995],[121.3469963,24.9594939],[121.34707650000001,24.959671999999998],[121.34712500000002,24.9603498],[121.3473058,24.9608149],[121.3472036,24.961328099999992],[121.34691050000002,24.9618283],[121.3469359,24.962013400000007],[121.34727900000001,24.962465699999996],[121.3479733,24.9627567],[121.3482722,24.962698199999995],[121.3486572,24.963074000000002]]}},{"type":"Feature","properties":{"name":"長壽步道","kind":"path"},"geometry":{"type":"LineString","coordinates":[[121.3486572,24.963074000000002],[121.3489158,24.9625194],[121.3496463,24.9613616],[121.3496301,24.960956200000002],[121.3498903,24.960322199999997],[121.3497637,24.9597608],[121.34993090000002,24.959467100000005],[121.35013010000002,24.9593381],[121.35034430000002,24.959046300000004],[121.3500133,24.958929199999996],[121.3498135,24.958686299999997]]}},{"type":"Feature","properties":{"name":null,"kind":"service"},"geometry":{"type":"LineString","coordinates":[[121.34295780000001,24.9621112],[121.34296079999999,24.9625679],[121.3432084,24.962941999999998],[121.3433346,24.962999299999996],[121.34494660000001,24.963342599999997],[121.34579869999999,24.9632369],[121.34765340000001,24.963472399999997]]}},{"type":"Feature","properties":{"name":null,"kind":"steps"},"geometry":{"type":"LineString","coordinates":[[121.3486355,24.9631086],[121.3486572,24.963074000000002]]}},{"type":"Feature","properties":{"name":null,"kind":"steps"},"geometry":{"type":"LineString","coordinates":[[121.3488131,24.963256499999996],[121.34887880000001,24.963247400000004]]}},{"type":"Feature","properties":{"name":null,"kind":"track"},"geometry":{"type":"LineString","coordinates":[[121.34896510000002,24.963919299999997],[121.34878640000001,24.963642700000005],[121.3488131,24.963256499999996],[121.3486355,24.9631086],[121.34854830000002,24.9631732],[121.34848149999999,24.963614299999996],[121.3479062,24.963768600000005],[121.3476515,24.9636064],[121.34765340000001,24.963472399999997]]}},{"type":"Feature","properties":{"name":null,"kind":"secondary_link"},"geometry":{"type":"LineString","coordinates":[[121.3338245,24.960715200000003],[121.3341422,24.960808899999996]]}},{"type":"Feature","properties":{"name":"福昌街","kind":"residential"},"geometry":{"type":"LineString","coordinates":[[121.3325282,24.961136700000004],[121.3337268,24.960536399999995]]}},{"type":"Feature","properties":{"name":"福昌街39巷","kind":"service"},"geometry":{"type":"LineString","coordinates":[[121.3325282,24.961136700000004],[121.33220780000002,24.9605526]]}},{"type":"Feature","properties":{"name":null,"kind":"service"},"geometry":{"type":"LineString","coordinates":[[121.3348788,24.961380499999997],[121.33478989999999,24.961157099999998],[121.33503920000001,24.960464399999996]]}},{"type":"Feature","properties":{"name":"福昌街8巷","kind":"service"},"geometry":{"type":"LineString","coordinates":[[121.33325130000001,24.960777399999994],[121.3334313,24.961087]]}},{"type":"Feature","properties":{"name":"永吉公園步道","kind":"path"},"geometry":{"type":"MultiLineString","coordinates":[[[121.33479709999999,24.961211299999995],[121.3350303,24.96125019999999],[121.3351083,24.961229400000004],[121.33518720000001,24.961160000000003]],[[121.33518720000001,24.961160000000003],[121.3350208,24.961156299999995],[121.33503880000002,24.960862700000003],[121.3351729,24.961038400000003],[121.33518720000001,24.961160000000003]]]}},{"type":"Feature","properties":{"name":null,"kind":"path"},"geometry":{"type":"LineString","coordinates":[[121.3347244,24.961092199999996],[121.33463149999999,24.9610725]]}},{"type":"Feature","properties":{"name":"永吉公園步道","kind":"path"},"geometry":{"type":"LineString","coordinates":[[121.3351958,24.961134700000002],[121.33528250000002,24.9611544]]}},{"type":"Feature","properties":{"name":null,"kind":"path"},"geometry":{"type":"LineString","coordinates":[[121.33458590000001,24.96115929999999],[121.33465460000001,24.961279700000002]]}},{"type":"Feature","properties":{"name":null,"kind":"path"},"geometry":{"type":"LineString","coordinates":[[121.33486099999999,24.9609419],[121.3346691,24.961202199999995],[121.3347102,24.9615101]]}},{"type":"Feature","properties":{"name":null,"kind":"path"},"geometry":{"type":"LineString","coordinates":[[121.3348095,24.960962399999993],[121.33461949999999,24.961089299999998],[121.3344903,24.961357399999997],[121.3345161,24.9614977]]}},{"type":"Feature","properties":{"name":"鶯桃路296巷","kind":"residential"},"geometry":{"type":"LineString","coordinates":[[121.33488490000002,24.9602574],[121.33572659999999,24.961394099999996],[121.3361725,24.961156999999996],[121.3367183,24.9619258],[121.3372107,24.962429599999993]]}},{"type":"Feature","properties":{"name":null,"kind":"service"},"geometry":{"type":"LineString","coordinates":[[121.3306359,24.961333299999993],[121.33101220000002,24.961403400000002]]}},{"type":"Feature","properties":{"name":null,"kind":"service"},"geometry":{"type":"LineString","coordinates":[[121.3357379,24.961400499999996],[121.3356779,24.961437499999995]]}},{"type":"Feature","properties":{"name":null,"kind":"service"},"geometry":{"type":"LineString","coordinates":[[121.330448,24.962097499999995],[121.33072789999999,24.960883]]}},{"type":"Feature","properties":{"name":"德昌街140巷","kind":"service"},"geometry":{"type":"LineString","coordinates":[[121.33193360000001,24.960424200000002],[121.3323325,24.961258400000002],[121.3325267,24.9625923]]}},{"type":"Feature","properties":{"name":null,"kind":"path"},"geometry":{"type":"LineString","coordinates":[[121.3348788,24.961380499999997],[121.3348716,24.9617308]]}},{"type":"Feature","properties":{"name":"永吉公園步道","kind":"path"},"geometry":{"type":"LineString","coordinates":[[121.3356779,24.961437499999995],[121.33552230000001,24.961467199999998],[121.3356659,24.961657],[121.33559990000002,24.9617086]]}},{"type":"Feature","properties":{"name":null,"kind":"path"},"geometry":{"type":"LineString","coordinates":[[121.3348177,24.961316300000007],[121.334682,24.9615945],[121.334688,24.9618401]]}},{"type":"Feature","properties":{"name":"秘密步道","kind":"footway"},"geometry":{"type":"LineString","coordinates":[[121.3348488,24.9613615],[121.33472879999998,24.961618099999995],[121.3347541,24.961831500000002],[121.3349081,24.9618604],[121.33516130000001,24.961771699999993]]}},{"type":"Feature","properties":{"name":"鶯桃路296巷72弄","kind":"service"},"geometry":{"type":"LineString","coordinates":[[121.3365575,24.961725599999998],[121.3375236,24.9609929]]}},{"type":"Feature","properties":{"name":null,"kind":"residential"},"geometry":{"type":"LineString","coordinates":[[121.33879069999999,24.9615906],[121.33915010000001,24.9615955],[121.3395739,24.961811899999997],[121.3400111,24.961792399999997],[121.3402766,24.961546799999997],[121.3402927,24.961189399999995],[121.3404107,24.960975399999995]]}},{"type":"Feature","properties":{"name":"小徑","kind":"footway"},"geometry":{"type":"LineString","coordinates":[[121.33770400000002,24.96172169999999],[121.3379181,24.9614633],[121.3377966,24.961332899999995]]}},{"type":"Feature","properties":{"name":"鶯桃路296巷84弄","kind":"service"},"geometry":{"type":"LineString","coordinates":[[121.33767999999999,24.961145199999997],[121.3367183,24.9619258]]}},{"type":"Feature","properties":{"name":"余厝巷","kind":"residential"},"geometry":{"type":"LineString","coordinates":[[121.3421154,24.961776699999998],[121.3418164,24.961283099999996]]}},{"type":"Feature","properties":{"name":null,"kind":"service"},"geometry":{"type":"LineString","coordinates":[[121.3388041,24.9612547],[121.33879069999999,24.9615906],[121.3385467,24.9619039]]}},{"type":"Feature","properties":{"name":"鶯桃路296巷94弄","kind":"service"},"geometry":{"type":"LineString","coordinates":[[121.33776559999998,24.961398299999995],[121.3368986,24.9621054]]}},{"type":"Feature","properties":{"name":"大湖路42巷","kind":"service"},"geometry":{"type":"LineString","coordinates":[[121.34272550000001,24.961636799999997],[121.3431406,24.961702200000005],[121.3434767,24.961859999999998],[121.3436336,24.9618259],[121.34362,24.961730599999996]]}},{"type":"Feature","properties":{"name":"大湖路56巷","kind":"service"},"geometry":{"type":"LineString","coordinates":[[121.3438909,24.961668699999997],[121.3438871,24.961987199999996],[121.34361810000001,24.9621694],[121.34327280000001,24.9621836],[121.34266130000002,24.962042399999998]]}},{"type":"Feature","properties":{"name":"鶯桃路296巷104弄","kind":"service"},"geometry":{"type":"LineString","coordinates":[[121.33770400000002,24.96172169999999],[121.3370818,24.962280999999997]]}},{"type":"Feature","properties":{"name":"鶯桃路296巷55弄","kind":"service"},"geometry":{"type":"LineString","coordinates":[[121.3358875,24.9613178],[121.33630239999998,24.961929499999997]]}},{"type":"Feature","properties":{"name":"秘密步道","kind":"footway"},"geometry":{"type":"LineString","coordinates":[[121.33467070000002,24.961749599999997],[121.3344729,24.9617728],[121.33447159999999,24.961562899999997]]}},{"type":"Feature","properties":{"name":null,"kind":"path"},"geometry":{"type":"LineString","coordinates":[[121.33520720000001,24.9617192],[121.33559990000002,24.9617086]]}},{"type":"Feature","properties":{"name":"永吉公園秘密步道","kind":"footway"},"geometry":{"type":"LineString","coordinates":[[121.3348716,24.9617308],[121.335133,24.9617364]]}},{"type":"Feature","properties":{"name":null,"kind":"service"},"geometry":{"type":"LineString","coordinates":[[121.33580160000001,24.962111000000004],[121.335628,24.96175099999999],[121.3353544,24.961426100000004],[121.3348788,24.961380499999997]]}},{"type":"Feature","properties":{"name":null,"kind":"path"},"geometry":{"type":"LineString","coordinates":[[121.3354057,24.9617258],[121.3354647,24.961781499999997],[121.33553720000002,24.9617349]]}},{"type":"Feature","properties":{"name":null,"kind":"path"},"geometry":{"type":"LineString","coordinates":[[121.3348446,24.9619245],[121.3350879,24.9619956],[121.33520720000001,24.9617192]]}},{"type":"Feature","properties":{"name":"永吉公園步道","kind":"path"},"geometry":{"type":"LineString","coordinates":[[121.335385,24.962038700000004],[121.33534010000001,24.961828099999995],[121.33520720000001,24.9617192]]}},{"type":"Feature","properties":{"name":"鶯桃路296巷93弄","kind":"service"},"geometry":{"type":"LineString","coordinates":[[121.33611060000001,24.962088899999994],[121.3365575,24.961725599999998]]}},{"type":"Feature","properties":{"name":null,"kind":"service"},"geometry":{"type":"LineString","coordinates":[[121.331143,24.9619137],[121.3313019,24.961928599999997]]}},{"type":"Feature","properties":{"name":"中正一路","kind":"secondary"},"geometry":{"type":"LineString","coordinates":[[121.3568703,24.957084899999998],[121.3565026,24.957084899999995]]}},{"type":"Feature","properties":{"name":"中正一路","kind":"secondary"},"geometry":{"type":"LineString","coordinates":[[121.3565026,24.957084899999995],[121.35346180000002,24.9571069]]}},{"type":"Feature","properties":{"name":"中正一路303巷","kind":"unclassified"},"geometry":{"type":"LineString","coordinates":[[121.35642800000001,24.957322699999995],[121.3565026,24.957084899999995]]}},{"type":"Feature","properties":{"name":null,"kind":"service"},"geometry":{"type":"LineString","coordinates":[[121.3594506,24.9570174],[121.35945129999999,24.957401000000004]]}},{"type":"Feature","properties":{"name":null,"kind":"footway"},"geometry":{"type":"LineString","coordinates":[[121.3599115,24.9570137],[121.35976030000002,24.957414099999998],[121.3593686,24.9576829]]}},{"type":"Feature","properties":{"name":"中正一路345巷","kind":"residential"},"geometry":{"type":"LineString","coordinates":[[121.35752660000001,24.9570029],[121.3575703,24.9577174]]}},{"type":"Feature","properties":{"name":"成功街","kind":"residential"},"geometry":{"type":"LineString","coordinates":[[121.3575703,24.9577174],[121.3585232,24.957735299999996],[121.358518,24.957048]]}},{"type":"Feature","properties":{"name":"成功街5巷","kind":"service"},"geometry":{"type":"LineString","coordinates":[[121.35812,24.9573897],[121.35852360000001,24.957398100000002]]}},{"type":"Feature","properties":{"name":"成功街6巷","kind":"service"},"geometry":{"type":"LineString","coordinates":[[121.35945129999999,24.957401000000004],[121.35852360000001,24.957398100000002]]}},{"type":"Feature","properties":{"name":"中正一路345巷3弄","kind":"service"},"geometry":{"type":"LineString","coordinates":[[121.3570725,24.9574567],[121.35708479999998,24.9574009],[121.3575307,24.9573925]]}},{"type":"Feature","properties":{"name":null,"kind":"service"},"geometry":{"type":"LineString","coordinates":[[121.3640071,24.956934599999997],[121.3642242,24.9571633]]}},{"type":"Feature","properties":{"name":null,"kind":"service"},"geometry":{"type":"LineString","coordinates":[[121.36460189999998,24.9571245],[121.36484270000001,24.957141399999998]]}},{"type":"Feature","properties":{"name":"建德巷","kind":"residential"},"geometry":{"type":"LineString","coordinates":[[121.36450139999998,24.9564338],[121.3646218,24.957370099999995],[121.36448000000001,24.957671800000004],[121.3644768,24.9578561]]}},{"type":"Feature","properties":{"name":"中正一路","kind":"secondary"},"geometry":{"type":"LineString","coordinates":[[121.3588485,24.9569658],[121.3618316,24.956982599999996],[121.3632158,24.956416299999994],[121.3639035,24.956377],[121.3649644,24.9565105],[121.36654569999999,24.956906],[121.3682906,24.957442499999996],[121.3696052,24.9579622]]}},{"type":"Feature","properties":{"name":null,"kind":"steps"},"geometry":{"type":"LineString","coordinates":[[121.36262109999998,24.956976499999996],[121.36253700000002,24.957133000000002],[121.362597,24.957295999999996],[121.36254759999998,24.9573983],[121.3626192,24.957481399999995]]}},{"type":"Feature","properties":{"name":null,"kind":"service"},"geometry":{"type":"LineString","coordinates":[[121.36452130000002,24.9566939],[121.3647282,24.956676],[121.36484270000001,24.957141399999998],[121.3648066,24.957434299999992],[121.364668,24.957668999999996],[121.3644768,24.9578561],[121.363947,24.958114599999995],[121.36375090000001,24.958067999999997],[121.3637409,24.957760900000004]]}},{"type":"Feature","properties":{"name":"中正一路","kind":"secondary"},"geometry":{"type":"LineString","coordinates":[[121.37043079999998,24.9584173],[121.3682778,24.9575112],[121.36732060000001,24.9571958],[121.3655948,24.9567191],[121.3644936,24.956506399999995],[121.3638999,24.956450999999998],[121.3631772,24.9565084],[121.36184159999999,24.9570422],[121.36110930000001,24.9570938],[121.3599115,24.9570137]]}},{"type":"Feature","properties":{"name":null,"kind":"path"},"geometry":{"type":"LineString","coordinates":[[121.36286469999999,24.9574552],[121.3631127,24.957444900000002]]}},{"type":"Feature","properties":{"name":null,"kind":"footway"},"geometry":{"type":"LineString","coordinates":[[121.360403,24.957464299999998],[121.36046119999999,24.957379999999997],[121.36050320000001,24.957409799999997],[121.3604337,24.9575267]]}},{"type":"Feature","properties":{"name":null,"kind":"service"},"geometry":{"type":"LineString","coordinates":[[121.36375090000001,24.958067999999997],[121.36385020000002,24.958206299999997]]}},{"type":"Feature","properties":{"name":null,"kind":"service"},"geometry":{"type":"LineString","coordinates":[[121.3555298,24.957095400000004],[121.35536710000001,24.957858700000003]]}},{"type":"Feature","properties":{"name":"成功街20巷","kind":"service"},"geometry":{"type":"LineString","coordinates":[[121.35935889999999,24.957659300000003],[121.35945129999999,24.957401000000004]]}},{"type":"Feature","properties":{"name":"中正一路223巷","kind":"service"},"geometry":{"type":"LineString","coordinates":[[121.35408080000002,24.957098900000002],[121.35418379999999,24.9578774],[121.35445139999999,24.958039999999997]]}},{"type":"Feature","properties":{"name":null,"kind":"steps"},"geometry":{"type":"LineString","coordinates":[[121.3604337,24.9575267],[121.360403,24.957464299999998],[121.3596513,24.957747799999996],[121.35943359999999,24.9576829]]}},{"type":"Feature","properties":{"name":"中正一路269巷","kind":"service"},"geometry":{"type":"LineString","coordinates":[[121.35547030000001,24.958364599999992],[121.3553037,24.958259499999993],[121.35496570000001,24.9576418],[121.35504939999998,24.9570121]]}},{"type":"Feature","properties":{"name":null,"kind":"service"},"geometry":{"type":"LineString","coordinates":[[121.35697100000002,24.9580607],[121.3569277,24.957943000000004],[121.35674119999999,24.9579122],[121.35672650000001,24.957551400000003],[121.35642800000001,24.957322699999995]]}},{"type":"Feature","properties":{"name":"成功街20巷","kind":"service"},"geometry":{"type":"LineString","coordinates":[[121.3585232,24.957735299999996],[121.35935889999999,24.957659300000003]]}},{"type":"Feature","properties":{"name":null,"kind":"service"},"geometry":{"type":"LineString","coordinates":[[121.35935889999999,24.957659300000003],[121.35938800000001,24.957907]]}},{"type":"Feature","properties":{"name":"孫龍步道","kind":"footway"},"geometry":{"type":"LineString","coordinates":[[121.3598312,24.958176099999992],[121.36000250000001,24.958021499999997],[121.3601518,24.957684000000008],[121.3604337,24.9575267],[121.3605838,24.957615899999997]]}},{"type":"Feature","properties":{"name":"中正一路303巷","kind":"unclassified"},"geometry":{"type":"LineString","coordinates":[[121.3558161,24.9584411],[121.35602509999998,24.9582201],[121.35642800000001,24.957322699999995]]}},{"type":"Feature","properties":{"name":null,"kind":"service"},"geometry":{"type":"LineString","coordinates":[[121.35351650000001,24.957677300000004],[121.353253,24.957675799999997]]}},{"type":"Feature","properties":{"name":"中正一路211巷10弄","kind":"service"},"geometry":{"type":"LineString","coordinates":[[121.3537677,24.957773599999996],[121.3536651,24.9575939]]}},{"type":"Feature","properties":{"name":null,"kind":"footway"},"geometry":{"type":"LineString","coordinates":[[121.34705729999999,24.957968899999997],[121.3472249,24.957851999999995],[121.34720310000002,24.957636199999996],[121.3470121,24.9575406],[121.3467432,24.957638800000005]]}},{"type":"Feature","properties":{"name":"中山路2巷","kind":"service"},"geometry":{"type":"LineString","coordinates":[[121.3530567,24.957100599999997],[121.35297499999999,24.957866600000006],[121.3532323,24.958451599999993]]}},{"type":"Feature","properties":{"name":"中山路4巷","kind":"service"},"geometry":{"type":"LineString","coordinates":[[121.3530741,24.9573661],[121.3525821,24.957593899999996],[121.3525326,24.957799299999994],[121.35222490000001,24.957882800000004],[121.352528,24.958339999999996],[121.352469,24.958373999999996]]}},{"type":"Feature","properties":{"name":"中山路138巷","kind":"residential"},"geometry":{"type":"LineString","coordinates":[[121.3498135,24.958686299999997],[121.3496031,24.9584882],[121.3495446,24.9582954],[121.34955380000001,24.957988199999996],[121.34980199999998,24.957067999999992]]}},{"type":"Feature","properties":{"name":null,"kind":"steps"},"geometry":{"type":"LineString","coordinates":[[121.35154980000002,24.957091700000003],[121.3515466,24.9573254],[121.3511668,24.9573564],[121.3511549,24.957997099999996],[121.35107370000001,24.958022899999992],[121.35105210000002,24.958161599999997],[121.3516205,24.9588701],[121.35124419999998,24.958658600000003],[121.35113529999998,24.9587018]]}},{"type":"Feature","properties":{"name":"中山路166巷","kind":"service"},"geometry":{"type":"LineString","coordinates":[[121.34890330000002,24.9569917],[121.34886919999998,24.957193000000004],[121.3487063,24.957371300000005],[121.34852950000001,24.9577802],[121.3487135,24.9578636],[121.3486781,24.958319299999996],[121.348395,24.958518199999993],[121.3480482,24.9590861]]}},{"type":"Feature","properties":{"name":null,"kind":"residential"},"geometry":{"type":"LineString","coordinates":[[121.3496574,24.958000099999992],[121.3496479,24.9581523]]}},{"type":"Feature","properties":{"name":null,"kind":"residential"},"geometry":{"type":"LineString","coordinates":[[121.3496479,24.9581523],[121.3500477,24.958588]]}},{"type":"Feature","properties":{"name":null,"kind":"steps"},"geometry":{"type":"LineString","coordinates":[[121.35745169999998,24.9580756],[121.3575781,24.957985899999997],[121.35760710000001,24.9577257]]}},{"type":"Feature","properties":{"name":"中正一路223巷","kind":"service"},"geometry":{"type":"LineString","coordinates":[[121.35418379999999,24.9578774],[121.35453339999998,24.957799299999998],[121.35460190000002,24.958012199999995],[121.35455570000002,24.9582047]]}},{"type":"Feature","properties":{"name":"鶯歌石步道","kind":"steps"},"geometry":{"type":"LineString","coordinates":[[121.35938800000001,24.957907],[121.3593647,24.95816989999999]]}},{"type":"Feature","properties":{"name":"孫龍步道","kind":"steps"},"geometry":{"type":"LineString","coordinates":[[121.35698450000001,24.958150599999996],[121.35706040000001,24.9581092],[121.35697100000002,24.9580607]]}},{"type":"Feature","properties":{"name":"孫龍步道","kind":"footway"},"geometry":{"type":"LineString","coordinates":[[121.35661040000001,24.9580854],[121.3567446,24.958165000000005],[121.35698450000001,24.958150599999996]]}},{"type":"Feature","properties":{"name":"孫龍步道","kind":"footway"},"geometry":{"type":"LineString","coordinates":[[121.35950170000001,24.9581741],[121.35962710000001,24.9581895]]}},{"type":"Feature","properties":{"name":"孫龍步道","kind":"footway"},"geometry":{"type":"LineString","coordinates":[[121.35962710000001,24.9581895],[121.3598312,24.958176099999992]]}},{"type":"Feature","properties":{"name":"孫龍步道","kind":"footway"},"geometry":{"type":"LineString","coordinates":[[121.35697100000002,24.9580607],[121.35759990000001,24.958071],[121.3576984,24.9581261],[121.3579559,24.958082299999994],[121.3582646,24.9583184]]}},{"type":"Feature","properties":{"name":"孫龍步道","kind":"footway"},"geometry":{"type":"LineString","coordinates":[[121.3583642,24.958321199999993],[121.35846290000002,24.958135799999997],[121.35950170000001,24.9581741]]}},{"type":"Feature","properties":{"name":"孫龍步道","kind":"footway"},"geometry":{"type":"LineString","coordinates":[[121.3582646,24.9583184],[121.3583642,24.958321199999993]]}},{"type":"Feature","properties":{"name":"孫龍步道","kind":"path"},"geometry":{"type":"LineString","coordinates":[[121.3605838,24.957615899999997],[121.36038220000002,24.958468699999997],[121.360401,24.9588383],[121.3606585,24.959198199999996],[121.3607899,24.9591666],[121.3608918,24.9588723],[121.361073,24.959023199999997],[121.36125929999999,24.958933099999996],[121.36130930000002,24.958700300000004],[121.3614497,24.958558599999993],[121.3614037,24.9583394],[121.36185210000001,24.9583982],[121.3620023,24.957858299999998],[121.3622465,24.957611600000003],[121.36220110000001,24.9574969],[121.3624562,24.9574019]]}},{"type":"Feature","properties":{"name":null,"kind":"service"},"geometry":{"type":"LineString","coordinates":[[121.3650445,24.958559100000006],[121.3650865,24.958432099999996],[121.3649307,24.958223499999992]]}},{"type":"Feature","properties":{"name":null,"kind":"service"},"geometry":{"type":"LineString","coordinates":[[121.3644768,24.9578561],[121.3647269,24.958089199999996],[121.3654274,24.9585041],[121.36553019999998,24.958639599999998],[121.36557900000001,24.9589583],[121.36545629999999,24.9589552]]}},{"type":"Feature","properties":{"name":"孫龍步道","kind":"track"},"geometry":{"type":"LineString","coordinates":[[121.3624562,24.9574019],[121.3626192,24.957481399999995],[121.36282569999999,24.957430299999995],[121.3630376,24.95763699999999],[121.36300809999999,24.957770800000002],[121.3626782,24.958138],[121.3626514,24.958281399999997],[121.36295980000001,24.958419999999997],[121.36295709999999,24.958522199999994],[121.3626916,24.958821299999997],[121.36266750000001,24.959176299999992],[121.36255830000002,24.959400699999996],[121.3625709,24.959584799999995],[121.36273449999999,24.95979399999999]]}},{"type":"Feature","properties":{"name":null,"kind":"service"},"geometry":{"type":"LineString","coordinates":[[121.36357660000002,24.958264000000003],[121.36335390000002,24.95897159999999],[121.36355560000001,24.95903579999999],[121.36356980000001,24.959112799999996],[121.36333620000002,24.959523499999996],[121.3633008,24.959738499999997]]}},{"type":"Feature","properties":{"name":"建德二巷","kind":"service"},"geometry":{"type":"LineString","coordinates":[[121.3639035,24.956377],[121.3639064,24.9568219],[121.3640565,24.9570684],[121.3640248,24.9574046],[121.36370899999999,24.957797499999995],[121.36362890000001,24.9579483],[121.36366279999999,24.9580964],[121.3634225,24.9585098],[121.36308049999998,24.958845],[121.36275699999999,24.959359],[121.36284939999999,24.959674600000003],[121.3628186,24.9598338],[121.36243660000001,24.960439999999995],[121.3619467,24.960973500000005],[121.3619683,24.961224899999998],[121.36209149999999,24.9614511],[121.36205190000001,24.9618233],[121.3622171,24.962201699999998],[121.36236159999999,24.9621808]]}},{"type":"Feature","properties":{"name":"碧龍巷","kind":"residential"},"geometry":{"type":"LineString","coordinates":[[121.3649644,24.9565105],[121.3651152,24.957384299999998],[121.3650964,24.957710099999996],[121.36566500000002,24.9582427],[121.36588230000001,24.9586464],[121.36632219999998,24.959049999999998],[121.3674246,24.9597868],[121.3677411,24.960251300000003],[121.3677035,24.960509],[121.36732000000002,24.9613893],[121.3670088,24.961557099999997],[121.366872,24.9615571],[121.36674859999998,24.961381999999997],[121.36665480000002,24.960577099999995],[121.3663597,24.960375299999995],[121.3659842,24.9604361],[121.3660727,24.9608203],[121.36574820000001,24.961318799999994],[121.3656623,24.961581400000004],[121.3657097,24.962259399999997],[121.36561470000001,24.962414999999996]]}},{"type":"Feature","properties":{"name":"二坑隧道","kind":"track"},"geometry":{"type":"LineString","coordinates":[[121.36273449999999,24.95979399999999],[121.3626809,24.959886399999995]]}},{"type":"Feature","properties":{"name":"孫龍步道","kind":"track"},"geometry":{"type":"LineString","coordinates":[[121.3626809,24.959886399999995],[121.3624208,24.960283],[121.3623689,24.960512599999998]]}},{"type":"Feature","properties":{"name":null,"kind":"service"},"geometry":{"type":"LineString","coordinates":[[121.36208480000002,24.961564499999998],[121.3627047,24.9615454]]}},{"type":"Feature","properties":{"name":null,"kind":"track"},"geometry":{"type":"LineString","coordinates":[[121.35455570000002,24.9582047],[121.3547041,24.958560399999996],[121.35498669999998,24.958481199999998],[121.3553625,24.958498600000002]]}},{"type":"Feature","properties":{"name":"中正一路223巷16弄","kind":"service"},"geometry":{"type":"LineString","coordinates":[[121.35455570000002,24.9582047],[121.354078,24.9585752]]}},{"type":"Feature","properties":{"name":null,"kind":"service"},"geometry":{"type":"LineString","coordinates":[[121.35547030000001,24.958364599999992],[121.3558161,24.9584411]]}},{"type":"Feature","properties":{"name":"中正一路303巷","kind":"service"},"geometry":{"type":"LineString","coordinates":[[121.35602509999998,24.9582201],[121.35604,24.9586078]]}},{"type":"Feature","properties":{"name":"鶯歌石步道","kind":"steps"},"geometry":{"type":"LineString","coordinates":[[121.35950170000001,24.9581741],[121.35943209999999,24.9585087],[121.3595208,24.9590055],[121.3593701,24.959082600000002]]}},{"type":"Feature","properties":{"name":"鶯歌石步道","kind":"path"},"geometry":{"type":"LineString","coordinates":[[121.3593701,24.959082600000002],[121.35938,24.959033699999996]]}},{"type":"Feature","properties":{"name":"中正一路269巷","kind":"unclassified"},"geometry":{"type":"LineString","coordinates":[[121.35547030000001,24.958364599999992],[121.3552701,24.958688600000006],[121.355267,24.958853400000002],[121.3554303,24.9594958],[121.3556915,24.9599342],[121.35640969999999,24.9601764],[121.3568889,24.9601255],[121.3572865,24.9601979],[121.35794940000001,24.960522100000002],[121.35829940000002,24.9607438],[121.35870240000001,24.961143],[121.35887770000001,24.961204]]}},{"type":"Feature","properties":{"name":"鶯歌石山路徑","kind":"path"},"geometry":{"type":"LineString","coordinates":[[121.359143,24.960031699999995],[121.3589381,24.9600639],[121.358939,24.960148099999994],[121.35904900000001,24.960214]]}},{"type":"Feature","properties":{"name":null,"kind":"service"},"geometry":{"type":"LineString","coordinates":[[121.3556915,24.9599342],[121.3556243,24.960104899999997],[121.35518790000002,24.960451999999997]]}},{"type":"Feature","properties":{"name":null,"kind":"service"},"geometry":{"type":"LineString","coordinates":[[121.35749810000002,24.960314199999996],[121.3572627,24.960512899999998],[121.35710000000002,24.960545899999996]]}},{"type":"Feature","properties":{"name":"阿四巷","kind":"residential"},"geometry":{"type":"LineString","coordinates":[[121.3706169,24.95932369999999],[121.37028699999999,24.9593716]]}},{"type":"Feature","properties":{"name":null,"kind":"footway"},"geometry":{"type":"LineString","coordinates":[[121.3706211,24.959348200000004],[121.3703459,24.9594035]]}},{"type":"Feature","properties":{"name":null,"kind":"service"},"geometry":{"type":"LineString","coordinates":[[121.3689241,24.959513999999995],[121.36920330000001,24.9593526]]}},{"type":"Feature","properties":{"name":null,"kind":"service"},"geometry":{"type":"LineString","coordinates":[[121.36928820000001,24.9596527],[121.36939380000001,24.959465099999996]]}},{"type":"Feature","properties":{"name":"阿四巷","kind":"service"},"geometry":{"type":"LineString","coordinates":[[121.3700237,24.9596054],[121.3698333,24.9596961],[121.3695338,24.959705899999996],[121.3688564,24.959488200000003]]}},{"type":"Feature","properties":{"name":null,"kind":"path"},"geometry":{"type":"LineString","coordinates":[[121.3678629,24.960327],[121.3678386,24.960032799999993]]}},{"type":"Feature","properties":{"name":"阿四巷","kind":"residential"},"geometry":{"type":"LineString","coordinates":[[121.37028699999999,24.9593716],[121.3700237,24.9596054],[121.3698879,24.960048999999998],[121.37012160000002,24.961158200000003],[121.3704173,24.9618143],[121.370339,24.9622645],[121.3701388,24.9623524]]}},{"type":"Feature","properties":{"name":null,"kind":"path"},"geometry":{"type":"LineString","coordinates":[[121.36888310000002,24.961536499999998],[121.36915169999999,24.961336300000003]]}},{"type":"Feature","properties":{"name":null,"kind":"steps"},"geometry":{"type":"LineString","coordinates":[[121.36605120000002,24.962094299999997],[121.365944,24.9618975],[121.3668258,24.961522699999996]]}},{"type":"Feature","properties":{"name":"神龜步道","kind":"path"},"geometry":{"type":"LineString","coordinates":[[121.36924800000001,24.9634032],[121.3693552,24.962956599999995],[121.36909770000001,24.962353499999995],[121.369205,24.9620617],[121.36888310000002,24.961944999999996],[121.36888310000002,24.961536499999998],[121.36836809999998,24.961419799999998],[121.3681415,24.9611723],[121.3681617,24.9605763],[121.3677411,24.960251300000003]]}},{"type":"Feature","properties":{"name":null,"kind":"path"},"geometry":{"type":"LineString","coordinates":[[121.36387510000002,24.961365200000003],[121.36378969999998,24.961763299999998],[121.36387510000002,24.9618739],[121.36386920000001,24.9620394]]}},{"type":"Feature","properties":{"name":null,"kind":"path"},"geometry":{"type":"LineString","coordinates":[[121.3660136,24.9615616],[121.365917,24.961765899999993],[121.365944,24.9618975]]}},{"type":"Feature","properties":{"name":null,"kind":"service"},"geometry":{"type":"LineString","coordinates":[[121.36208480000002,24.961564499999998],[121.3617245,24.9616377],[121.3613179,24.961999800000005]]}},{"type":"Feature","properties":{"name":"孫龍步道","kind":"path"},"geometry":{"type":"LineString","coordinates":[[121.36398410000001,24.962073900000004],[121.3637617,24.962044999999996]]}},{"type":"Feature","properties":{"name":"孫龍步道","kind":"steps"},"geometry":{"type":"LineString","coordinates":[[121.3637617,24.962044999999996],[121.36299300000002,24.9621291]]}},{"type":"Feature","properties":{"name":"建德二巷","kind":"service"},"geometry":{"type":"LineString","coordinates":[[121.36245300000002,24.9621379],[121.3626325,24.9620774]]}},{"type":"Feature","properties":{"name":"建德二巷","kind":"service"},"geometry":{"type":"LineString","coordinates":[[121.36236159999999,24.9621808],[121.36245300000002,24.9621379]]}},{"type":"Feature","properties":{"name":"孫龍步道","kind":"steps"},"geometry":{"type":"LineString","coordinates":[[121.3626726,24.962253299999997],[121.3624832,24.962122399999995]]}},{"type":"Feature","properties":{"name":"孫龍步道","kind":"path"},"geometry":{"type":"LineString","coordinates":[[121.36299300000002,24.9621291],[121.3628693,24.9622435],[121.3626726,24.962253299999997]]}},{"type":"Feature","properties":{"name":"碧龍步道","kind":"path"},"geometry":{"type":"LineString","coordinates":[[121.36605120000002,24.962094299999997],[121.36610940000001,24.9622043],[121.3662101,24.962157000000005],[121.3663664,24.962374900000004]]}},{"type":"Feature","properties":{"name":null,"kind":"service"},"geometry":{"type":"LineString","coordinates":[[121.3622171,24.962201699999998],[121.3622819,24.962404599999996]]}},{"type":"Feature","properties":{"name":"孫龍步道","kind":"steps"},"geometry":{"type":"LineString","coordinates":[[121.3647683,24.9625353],[121.36451840000001,24.96241489999999],[121.3643287,24.962153500000003],[121.36398410000001,24.962073900000004]]}},{"type":"Feature","properties":{"name":null,"kind":"footway"},"geometry":{"type":"LineString","coordinates":[[121.36610940000001,24.9622043],[121.365911,24.9623063],[121.3660331,24.962519499999996],[121.36595249999999,24.962554999999995]]}},{"type":"Feature","properties":{"name":"碧龍步道","kind":"steps"},"geometry":{"type":"LineString","coordinates":[[121.3663664,24.962374900000004],[121.36630560000002,24.96242639999999]]}},{"type":"Feature","properties":{"name":null,"kind":"footway"},"geometry":{"type":"LineString","coordinates":[[121.3660331,24.962519499999996],[121.36633810000001,24.9623858]]}},{"type":"Feature","properties":{"name":"碧龍步道","kind":"path"},"geometry":{"type":"LineString","coordinates":[[121.36630560000002,24.96242639999999],[121.3663348,24.962481899999997]]}},{"type":"Feature","properties":{"name":"孫龍步道","kind":"path"},"geometry":{"type":"LineString","coordinates":[[121.36561470000001,24.962414999999996],[121.3652645,24.962572],[121.3647683,24.9625353]]}},{"type":"Feature","properties":{"name":null,"kind":"steps"},"geometry":{"type":"LineString","coordinates":[[121.36561470000001,24.962414999999996],[121.3655375,24.962619800000002],[121.365692,24.962674099999997],[121.36595249999999,24.962554999999995]]}},{"type":"Feature","properties":{"name":"二坑步道","kind":"path"},"geometry":{"type":"LineString","coordinates":[[121.3600076,24.964630499999995],[121.36021639999998,24.9644635],[121.3612402,24.964048299999998],[121.36139780000002,24.963914700000004],[121.36101560000002,24.963631199999995],[121.3614104,24.9633526],[121.36140839999999,24.963223999999997],[121.36180499999999,24.9628831],[121.3618793,24.962718699999996],[121.3617247,24.962683799999994],[121.36171169999999,24.962479899999995],[121.36222950000001,24.9622638]]}},{"type":"Feature","properties":{"name":"碧龍步道","kind":"path"},"geometry":{"type":"LineString","coordinates":[[121.36653969999999,24.962924499999996],[121.36641000000002,24.963278199999998],[121.3661192,24.963678199999997],[121.36625469999998,24.963892999999995],[121.3661135,24.9640588],[121.36546500000001,24.96417329999999],[121.36518800000002,24.9644657],[121.36494650000002,24.964590200000004]]}},{"type":"Feature","properties":{"name":null,"kind":"service"},"geometry":{"type":"LineString","coordinates":[[121.3283309,24.953428799999998],[121.32907920000001,24.953400899999995]]}},{"type":"Feature","properties":{"name":null,"kind":"service"},"geometry":{"type":"LineString","coordinates":[[121.3291087,24.9548964],[121.3283416,24.954898899999993]]}},{"type":"Feature","properties":{"name":null,"kind":"service"},"geometry":{"type":"LineString","coordinates":[[121.3288094,24.9580666],[121.3283455,24.9561456],[121.3279621,24.9551639]]}},{"type":"Feature","properties":{"name":"福德一路177巷","kind":"unclassified"},"geometry":{"type":"LineString","coordinates":[[121.3278934,24.965635699999996],[121.3284282,24.9646118],[121.3286885,24.9638532],[121.32900420000001,24.962379499999994],[121.32911680000001,24.9613764],[121.3290953,24.9603478]]}},{"type":"Feature","properties":{"name":"鶯桃路413巷","kind":"service"},"geometry":{"type":"LineString","coordinates":[[121.3297439,24.96305069999999],[121.32946089999999,24.9629684]]}},{"type":"Feature","properties":{"name":"鶯桃路413巷78弄","kind":"service"},"geometry":{"type":"LineString","coordinates":[[121.3288204,24.963151499999995],[121.32965139999999,24.963367999999996]]}},{"type":"Feature","properties":{"name":"鶯桃路413巷68弄","kind":"service"},"geometry":{"type":"LineString","coordinates":[[121.3287842,24.963382499999998],[121.329076,24.963535799999995],[121.32936969999999,24.963573499999992],[121.32958570000001,24.963483499999995],[121.3297439,24.96305069999999]]}},{"type":"Feature","properties":{"name":"福德一路","kind":"secondary"},"geometry":{"type":"LineString","coordinates":[[121.3286683,24.9660355],[121.32771350000002,24.9655297],[121.3273149,24.9651809],[121.32675070000002,24.964424999999995],[121.3260438,24.962999],[121.3256031,24.962460299999996],[121.3249777,24.961924]]}},{"type":"Feature","properties":{"name":"福德一路","kind":"secondary"},"geometry":{"type":"LineString","coordinates":[[121.32264139999998,24.960613599999995],[121.323835,24.9610744],[121.3250138,24.9616713],[121.32544229999999,24.961999000000002],[121.3262423,24.962937500000002],[121.3272114,24.964927099999997],[121.32792810000001,24.9655772],[121.3287632,24.9659901]]}},{"type":"Feature","properties":{"name":null,"kind":"service"},"geometry":{"type":"LineString","coordinates":[[121.32512249999999,24.9698959],[121.32491130000001,24.971127899999995]]}},{"type":"Feature","properties":{"name":"桃鶯路宏福巷34弄","kind":"service"},"geometry":{"type":"LineString","coordinates":[[121.3256534,24.97038909999999],[121.3254918,24.971323000000005]]}},{"type":"Feature","properties":{"name":null,"kind":"steps"},"geometry":{"type":"LineString","coordinates":[[121.32969810000002,24.9702556],[121.3297278,24.9702112]]}},{"type":"Feature","properties":{"name":"鶯桃路668巷42弄","kind":"service"},"geometry":{"type":"LineString","coordinates":[[121.3294761,24.970102799999996],[121.3290828,24.9705071]]}},{"type":"Feature","properties":{"name":"鶯桃路668巷27弄","kind":"service"},"geometry":{"type":"LineString","coordinates":[[121.3290086,24.970349000000002],[121.32854810000002,24.970647699999997]]}},{"type":"Feature","properties":{"name":"鶯桃路668巷52弄","kind":"service"},"geometry":{"type":"LineString","coordinates":[[121.3292556,24.9708379],[121.32969810000002,24.9702556]]}},{"type":"Feature","properties":{"name":"鶯桃路668巷","kind":"residential"},"geometry":{"type":"LineString","coordinates":[[121.329792,24.971691299999996],[121.3293811,24.971062199999995],[121.3289065,24.9701228],[121.32889980000002,24.9696555],[121.32879030000001,24.969422]]}},{"type":"Feature","properties":{"name":"桃鶯路","kind":"secondary"},"geometry":{"type":"LineString","coordinates":[[121.3262141,24.9718837],[121.32866070000001,24.969535499999996]]}},{"type":"Feature","properties":{"name":"鶯桃路668巷72弄","kind":"service"},"geometry":{"type":"LineString","coordinates":[[121.3298504,24.970960099999992],[121.32958890000002,24.9714114]]}},{"type":"Feature","properties":{"name":"鶯桃路668巷55弄","kind":"service"},"geometry":{"type":"LineString","coordinates":[[121.3289587,24.971651699999995],[121.3293811,24.971062199999995]]}},{"type":"Feature","properties":{"name":"鶯桃路668巷69弄","kind":"service"},"geometry":{"type":"LineString","coordinates":[[121.329328,24.9717958],[121.32958890000002,24.9714114]]}},{"type":"Feature","properties":{"name":"桃鶯路2巷","kind":"service"},"geometry":{"type":"LineString","coordinates":[[121.3262141,24.9718837],[121.3258226,24.9715496]]}},{"type":"Feature","properties":{"name":"桃鶯路宏福巷34弄","kind":"service"},"geometry":{"type":"LineString","coordinates":[[121.3254918,24.971323000000005],[121.3251737,24.971140000000002]]}},{"type":"Feature","properties":{"name":"福隆一街42巷","kind":"service"},"geometry":{"type":"LineString","coordinates":[[121.32500429999999,24.9713955],[121.3251737,24.971140000000002]]}},{"type":"Feature","properties":{"name":"福隆一街","kind":"service"},"geometry":{"type":"LineString","coordinates":[[121.32607990000001,24.9720077],[121.32432980000002,24.971027099999997],[121.3240495,24.971016699999996],[121.3239168,24.9711954]]}},{"type":"Feature","properties":{"name":null,"kind":"service"},"geometry":{"type":"LineString","coordinates":[[121.3247897,24.971683000000002],[121.32500429999999,24.9713955]]}},{"type":"Feature","properties":{"name":"福隆二街","kind":"service"},"geometry":{"type":"LineString","coordinates":[[121.3239168,24.9711954],[121.3258164,24.972251200000002]]}},{"type":"Feature","properties":{"name":null,"kind":"service"},"geometry":{"type":"LineString","coordinates":[[121.3252325,24.97279049999999],[121.324342,24.972224100000002],[121.3237788,24.9719785],[121.32376270000002,24.971888499999995]]}},{"type":"Feature","properties":{"name":"鶯桃路二段","kind":"secondary"},"geometry":{"type":"LineString","coordinates":[[121.32471360000001,24.973323500000003],[121.3262141,24.9718837]]}},{"type":"Feature","properties":{"name":null,"kind":"residential"},"geometry":{"type":"LineString","coordinates":[[121.32409760000002,24.972624],[121.3249224,24.973077000000004]]}},{"type":"Feature","properties":{"name":null,"kind":"service"},"geometry":{"type":"LineString","coordinates":[[121.3264082,24.972599899999995],[121.32662710000001,24.972311400000002]]}},{"type":"Feature","properties":{"name":"鳳吉五街","kind":"service"},"geometry":{"type":"LineString","coordinates":[[121.32607990000001,24.9720077],[121.32775219999999,24.9730039]]}},{"type":"Feature","properties":{"name":"鳳吉四街","kind":"residential"},"geometry":{"type":"LineString","coordinates":[[121.3258164,24.972251200000002],[121.32758240000001,24.9732917]]}},{"type":"Feature","properties":{"name":"鳳吉三街4巷","kind":"service"},"geometry":{"type":"LineString","coordinates":[[121.3260497,24.973050199999992],[121.32626350000001,24.972741400000004]]}},{"type":"Feature","properties":{"name":"鶯桃路二段28巷","kind":"service"},"geometry":{"type":"LineString","coordinates":[[121.3256872,24.9723705],[121.32755710000002,24.973569700000002],[121.32736430000001,24.973846099999992]]}},{"type":"Feature","properties":{"name":"鳳吉三街26巷","kind":"service"},"geometry":{"type":"LineString","coordinates":[[121.3265945,24.973379999999995],[121.3268004,24.973085200000003]]}},{"type":"Feature","properties":{"name":"鳳吉三街","kind":"service"},"geometry":{"type":"LineString","coordinates":[[121.32537420000001,24.972659599999997],[121.32736430000001,24.973846099999992],[121.32741040000002,24.97405899999999],[121.3273388,24.974152999999998]]}},{"type":"Feature","properties":{"name":null,"kind":"footway"},"geometry":{"type":"LineString","coordinates":[[121.32755710000002,24.973569700000002],[121.3277316,24.973384299999996]]}},{"type":"Feature","properties":{"name":null,"kind":"residential"},"geometry":{"type":"LineString","coordinates":[[121.32758240000001,24.9732917],[121.3282132,24.9736717]]}},{"type":"Feature","properties":{"name":null,"kind":"service"},"geometry":{"type":"LineString","coordinates":[[121.3258922,24.973675099999998],[121.32609040000001,24.973386399999995]]}},{"type":"Feature","properties":{"name":"鳳吉二街","kind":"service"},"geometry":{"type":"LineString","coordinates":[[121.32517829999999,24.9728406],[121.3285901,24.9749322],[121.3284068,24.9751875]]}},{"type":"Feature","properties":{"name":null,"kind":"service"},"geometry":{"type":"LineString","coordinates":[[121.32672730000002,24.9741774],[121.32692359999999,24.973897999999995]]}},{"type":"Feature","properties":{"name":"鳳吉一街","kind":"residential"},"geometry":{"type":"LineString","coordinates":[[121.3249224,24.973077000000004],[121.3289761,24.975529899999994]]}},{"type":"Feature","properties":{"name":null,"kind":"service"},"geometry":{"type":"LineString","coordinates":[[121.3275784,24.9746893],[121.32777620000002,24.974421599999996]]}},{"type":"Feature","properties":{"name":null,"kind":"service"},"geometry":{"type":"LineString","coordinates":[[121.32855509999999,24.974980899999995],[121.32909690000001,24.9753249],[121.32895350000001,24.975516299999995]]}},{"type":"Feature","properties":{"name":"鳳吉一街","kind":"residential"},"geometry":{"type":"LineString","coordinates":[[121.3289761,24.975529899999994],[121.32909639999998,24.9756023]]}},{"type":"Feature","properties":{"name":null,"kind":"service"},"geometry":{"type":"LineString","coordinates":[[121.32802139999998,24.976882899999996],[121.32827730000001,24.977118999999995]]}},{"type":"Feature","properties":{"name":null,"kind":"service"},"geometry":{"type":"LineString","coordinates":[[121.32827730000001,24.977118999999995],[121.32868020000001,24.9775282],[121.3290274,24.97760119999999],[121.3292705,24.977539500000002]]}},{"type":"Feature","properties":{"name":null,"kind":"service"},"geometry":{"type":"LineString","coordinates":[[121.3270281,24.9780115],[121.3270047,24.977874399999997],[121.32716090000001,24.977506200000004],[121.3273603,24.977324599999996],[121.3278877,24.977115400000002],[121.3280176,24.9768794]]}},{"type":"Feature","properties":{"name":null,"kind":"service"},"geometry":{"type":"LineString","coordinates":[[121.32730960000002,24.978172800000003],[121.32749560000002,24.978216],[121.3280575,24.9781334],[121.3285108,24.977908500000005],[121.32890109999998,24.977594900000003]]}},{"type":"Feature","properties":{"name":null,"kind":"service"},"geometry":{"type":"LineString","coordinates":[[121.32862160000002,24.977835699999996],[121.32849860000002,24.977764],[121.32774110000001,24.978063499999998],[121.32771710000002,24.978202699999997]]}},{"type":"Feature","properties":{"name":null,"kind":"service"},"geometry":{"type":"LineString","coordinates":[[121.32718519999999,24.978115199999994],[121.3271901,24.9781174]]}},{"type":"Feature","properties":{"name":null,"kind":"footway"},"geometry":{"type":"LineString","coordinates":[[121.37848670000001,24.960820899999998],[121.37875270000002,24.960295499999994]]}},{"type":"Feature","properties":{"name":null,"kind":"cycleway"},"geometry":{"type":"LineString","coordinates":[[121.3740745,24.959264900000004],[121.3744331,24.959159099999997],[121.3747552,24.9592104],[121.37552240000001,24.959158],[121.37681860000001,24.959844899999997],[121.3777623,24.9601757],[121.3780575,24.960443199999993],[121.3792603,24.9609629],[121.3795329,24.961159699999996],[121.38017859999998,24.962052099999998]]}},{"type":"Feature","properties":{"name":null,"kind":"footway"},"geometry":{"type":"LineString","coordinates":[[121.3713964,24.9588176],[121.3714527,24.958664399999993]]}},{"type":"Feature","properties":{"name":null,"kind":"cycleway"},"geometry":{"type":"LineString","coordinates":[[121.37552240000001,24.959158],[121.3749623,24.958931100000004],[121.37461129999998,24.9586904],[121.3742487,24.9585836],[121.37403040000001,24.9583929]]}},{"type":"Feature","properties":{"name":null,"kind":"footway"},"geometry":{"type":"LineString","coordinates":[[121.3712844,24.958811099999995],[121.3713964,24.9588176]]}},{"type":"Feature","properties":{"name":"阿四巷","kind":"residential"},"geometry":{"type":"LineString","coordinates":[[121.3713309,24.958747499999998],[121.37089369999998,24.958888499999997]]}},{"type":"Feature","properties":{"name":null,"kind":"steps"},"geometry":{"type":"LineString","coordinates":[[121.37129260000002,24.958818700000002],[121.3713773,24.9588708]]}},{"type":"Feature","properties":{"name":null,"kind":"steps"},"geometry":{"type":"LineString","coordinates":[[121.37138780000001,24.9588567],[121.37146070000001,24.9588975]]}},{"type":"Feature","properties":{"name":null,"kind":"footway"},"geometry":{"type":"LineString","coordinates":[[121.37098699999999,24.958929799999993],[121.37096500000001,24.95882909999999]]}},{"type":"Feature","properties":{"name":null,"kind":"footway"},"geometry":{"type":"LineString","coordinates":[[121.3714728,24.958897300000004],[121.37138780000001,24.9588567]]}},{"type":"Feature","properties":{"name":"三鶯二橋","kind":"tertiary"},"geometry":{"type":"LineString","coordinates":[[121.3705092,24.9586121],[121.37054089999998,24.958952199999995],[121.3708095,24.959186499999994],[121.37113990000002,24.959195099999995],[121.3715181,24.958948699999993]]}},{"type":"Feature","properties":{"name":null,"kind":"footway"},"geometry":{"type":"LineString","coordinates":[[121.3716804,24.958977499999992],[121.3714728,24.958897300000004]]}},{"type":"Feature","properties":{"name":"三鶯二橋","kind":"tertiary"},"geometry":{"type":"LineString","coordinates":[[121.37057989999998,24.958364500000002],[121.3705352,24.9584638]]}},{"type":"Feature","properties":{"name":"中正一路","kind":"secondary"},"geometry":{"type":"LineString","coordinates":[[121.3705352,24.9584638],[121.37043079999998,24.9584173]]}},{"type":"Feature","properties":{"name":"阿四巷","kind":"residential"},"geometry":{"type":"LineString","coordinates":[[121.3702919,24.95851559999999],[121.37043079999998,24.9584173]]}},{"type":"Feature","properties":{"name":"三鶯二橋","kind":"tertiary"},"geometry":{"type":"LineString","coordinates":[[121.37039469999999,24.9585612],[121.37043079999998,24.9584173]]}},{"type":"Feature","properties":{"name":null,"kind":"footway"},"geometry":{"type":"LineString","coordinates":[[121.37067109999998,24.9586085],[121.3702797,24.9584295]]}},{"type":"Feature","properties":{"name":"三鶯二橋","kind":"tertiary"},"geometry":{"type":"LineString","coordinates":[[121.3705352,24.9584638],[121.3705092,24.9586121]]}},{"type":"Feature","properties":{"name":"阿四巷","kind":"residential"},"geometry":{"type":"LineString","coordinates":[[121.3705352,24.9584638],[121.37089369999998,24.958888499999997]]}},{"type":"Feature","properties":{"name":"三鶯二橋","kind":"tertiary"},"geometry":{"type":"LineString","coordinates":[[121.3704231,24.958975199999998],[121.37039469999999,24.9585612]]}},{"type":"Feature","properties":{"name":"阿四巷","kind":"residential"},"geometry":{"type":"LineString","coordinates":[[121.37028699999999,24.9593716],[121.37040100000002,24.959166500000006],[121.3703007,24.958920799999998],[121.3702919,24.95851559999999]]}},{"type":"Feature","properties":{"name":"三鶯二橋","kind":"tertiary"},"geometry":{"type":"LineString","coordinates":[[121.3708011,24.959291800000003],[121.37056179999999,24.959161899999998],[121.3704231,24.958975199999998]]}},{"type":"Feature","properties":{"name":null,"kind":"footway"},"geometry":{"type":"LineString","coordinates":[[121.37129260000002,24.958818700000002],[121.37094850000001,24.958944299999995],[121.37085559999998,24.959096299999995]]}},{"type":"Feature","properties":{"name":null,"kind":"steps"},"geometry":{"type":"LineString","coordinates":[[121.3716804,24.958977499999992],[121.37170480000002,24.958986899999996]]}},{"type":"Feature","properties":{"name":"阿四巷","kind":"residential"},"geometry":{"type":"LineString","coordinates":[[121.37089369999998,24.958888499999997],[121.3708376,24.959085799999997]]}},{"type":"Feature","properties":{"name":null,"kind":"steps"},"geometry":{"type":"LineString","coordinates":[[121.37170480000002,24.958986899999996],[121.37169179999998,24.9589682]]}},{"type":"Feature","properties":{"name":"三鶯二橋","kind":"tertiary"},"geometry":{"type":"LineString","coordinates":[[121.37159840000001,24.958979399999993],[121.37120630000001,24.959272199999997],[121.3708011,24.959291800000003]]}},{"type":"Feature","properties":{"name":"阿四巷","kind":"residential"},"geometry":{"type":"LineString","coordinates":[[121.3708376,24.959085799999997],[121.3706169,24.95932369999999]]}},{"type":"Feature","properties":{"name":"大漢溪左岸自行車道","kind":"cycleway"},"geometry":{"type":"LineString","coordinates":[[121.3877861,24.967206599999997],[121.3877434,24.967177100000008],[121.3874888,24.967439199999998],[121.3872808,24.9675413],[121.38623450000001,24.967357200000002],[121.38601780000002,24.967160799999995],[121.3857722,24.9664736],[121.3856435,24.966301900000005],[121.3854074,24.9662805],[121.38510699999999,24.9664307],[121.3849338,24.966419500000004],[121.3842487,24.9660659],[121.3830042,24.965143199999993],[121.3821244,24.964671099999993],[121.3804433,24.963982800000004],[121.3775969,24.9616241],[121.3718355,24.957825700000004],[121.3713098,24.9577832],[121.3706891,24.957414999999994],[121.36608990000002,24.955826799999997],[121.36536600000001,24.9554443],[121.3635206,24.954221199999996],[121.35944470000001,24.9514161],[121.35860139999998,24.9510805],[121.3577533,24.950928400000002],[121.3569123,24.9509032]]}},{"type":"Feature","properties":{"name":null,"kind":"footway"},"geometry":{"type":"LineString","coordinates":[[121.37085559999998,24.959096299999995],[121.3706211,24.959348200000004]]}},{"type":"Feature","properties":{"name":null,"kind":"secondary_link"},"geometry":{"type":"LineString","coordinates":[[121.37265080000002,24.959268499999997],[121.37261060000002,24.959318999999997]]}},{"type":"Feature","properties":{"name":"中正一路","kind":"secondary"},"geometry":{"type":"LineString","coordinates":[[121.3713687,24.958664199999998],[121.3725221,24.959179899999995],[121.3769146,24.9622095]]}},{"type":"Feature","properties":{"name":null,"kind":"service"},"geometry":{"type":"LineString","coordinates":[[121.3793092,24.9621608],[121.37960580000001,24.961905799999997],[121.37964920000002,24.961682099999997],[121.37955770000002,24.9613667],[121.37922859999999,24.961105800000002],[121.37848670000001,24.960820899999998]]}},{"type":"Feature","properties":{"name":null,"kind":"cycleway"},"geometry":{"type":"LineString","coordinates":[[121.37330649999998,24.9587465],[121.37379900000002,24.958421999999995],[121.3744584,24.9584363],[121.37483410000002,24.9583698],[121.37594960000001,24.958568500000002],[121.3767373,24.9588305],[121.3772641,24.95890689999999],[121.37899790000002,24.959563099999993],[121.37945300000001,24.96005239999999],[121.38049929999998,24.9602325],[121.3808325,24.960428799999995],[121.38100350000002,24.960626400000002],[121.3811323,24.9610513],[121.3815111,24.961248300000005],[121.38150069999999,24.9613856],[121.3812749,24.9616081],[121.38139920000002,24.9617681],[121.38222670000002,24.962245099999993],[121.38323069999998,24.962762499999993],[121.3849988,24.9633723],[121.3858953,24.9639755],[121.3885011,24.964702600000003],[121.3897577,24.9652466]]}},{"type":"Feature","properties":{"name":"館前路","kind":"tertiary"},"geometry":{"type":"LineString","coordinates":[[121.365881,24.955894900000004],[121.3692829,24.9570276],[121.373726,24.9592599],[121.3750134,24.9600782],[121.3804078,24.9640703],[121.38430500000001,24.966623500000004],[121.3853417,24.967159099999996],[121.38633949999999,24.9675302],[121.3875425,24.9677691],[121.38980810000001,24.9679435],[121.3912754,24.967797099999995]]}},{"type":"Feature","properties":{"name":"中正一路","kind":"secondary"},"geometry":{"type":"LineString","coordinates":[[121.3768628,24.962273999999997],[121.3767563,24.962200999999997]]}},{"type":"Feature","properties":{"name":"114舊線","kind":"unclassified"},"geometry":{"type":"LineString","coordinates":[[121.3768628,24.962273999999997],[121.3769146,24.9622095]]}},{"type":"Feature","properties":{"name":null,"kind":"service"},"geometry":{"type":"MultiLineString","coordinates":[[[121.37856349999998,24.962698499999995],[121.37875990000002,24.9624991],[121.3790533,24.9623717]],[[121.3790533,24.9623717],[121.3793092,24.9621608],[121.37963300000001,24.9624505],[121.37966789999999,24.962569799999997],[121.3793848,24.962546599999996],[121.3790533,24.9623717]]]}},{"type":"Feature","properties":{"name":null,"kind":"cycleway"},"geometry":{"type":"LineString","coordinates":[[121.3812749,24.9616081],[121.3806428,24.9617153],[121.38028949999999,24.962033499999997],[121.3797317,24.962115699999995],[121.37973569999998,24.9622803],[121.38003959999999,24.962480999999997],[121.3801046,24.962705],[121.38003450000001,24.9628956],[121.37960540000002,24.9633185]]}},{"type":"Feature","properties":{"name":"114舊線","kind":"unclassified"},"geometry":{"type":"LineString","coordinates":[[121.3775342,24.962732499999998],[121.37714070000001,24.962593499999993],[121.3768628,24.962273999999997]]}},{"type":"Feature","properties":{"name":"中正一路","kind":"secondary"},"geometry":{"type":"LineString","coordinates":[[121.3775342,24.962732499999998],[121.3768628,24.962273999999997]]}},{"type":"Feature","properties":{"name":null,"kind":"footway"},"geometry":{"type":"MultiLineString","coordinates":[[[121.3797551,24.963427299999996],[121.37989350000001,24.9633431],[121.3800477,24.963371699999993],[121.3799165,24.9631539]],[[121.3799165,24.9631539],[121.3798462,24.962917499999996],[121.379664,24.962723700000005],[121.37948360000001,24.963023899999996],[121.37959860000001,24.9632289],[121.3796968,24.96330599999999],[121.3799165,24.9631539]],[[121.3799165,24.9631539],[121.3800168,24.963044699999994]],[[121.3800168,24.963044699999994],[121.3801405,24.9629158],[121.3801945,24.9626877],[121.3799716,24.9623135],[121.37998710000001,24.962228399999997],[121.3804274,24.9621284],[121.3807486,24.9618022],[121.3810631,24.961829200000004],[121.3811238,24.961912299999998],[121.3809096,24.9619097],[121.3807808,24.961982699999997],[121.3807486,24.962322999999998],[121.380481,24.962591399999997],[121.3803002,24.962908100000003],[121.3801528,24.963041699999998],[121.3800168,24.963044699999994]]]}},{"type":"Feature","properties":{"name":null,"kind":"footway"},"geometry":{"type":"LineString","coordinates":[[121.3796527,24.9627368],[121.37966789999999,24.962569799999997]]}},{"type":"Feature","properties":{"name":null,"kind":"footway"},"geometry":{"type":"LineString","coordinates":[[121.37943389999998,24.962556000000003],[121.37959860000001,24.962799199999996]]}},{"type":"Feature","properties":{"name":null,"kind":"unclassified"},"geometry":{"type":"LineString","coordinates":[[121.3775342,24.962732499999998],[121.37759349999999,24.962666500000005]]}},{"type":"Feature","properties":{"name":null,"kind":"service"},"geometry":{"type":"LineString","coordinates":[[121.3766377,24.962933899999992],[121.3764106,24.962599899999997],[121.3764033,24.962919499999998]]}},{"type":"Feature","properties":{"name":null,"kind":"footway"},"geometry":{"type":"LineString","coordinates":[[121.37948360000001,24.963023899999996],[121.3792581,24.962865499999996],[121.37942810000001,24.9627854],[121.37943389999998,24.962556000000003]]}},{"type":"Feature","properties":{"name":null,"kind":"unclassified"},"geometry":{"type":"LineString","coordinates":[[121.3772258,24.962641599999998],[121.37684999999999,24.963190399999995]]}},{"type":"Feature","properties":{"name":null,"kind":"footway"},"geometry":{"type":"LineString","coordinates":[[121.3802048,24.9630125],[121.3803794,24.963196699999997]]}},{"type":"Feature","properties":{"name":null,"kind":"service"},"geometry":{"type":"LineString","coordinates":[[121.3764068,24.963548199999995],[121.3755055,24.963578199999997],[121.37508130000002,24.9638857]]}},{"type":"Feature","properties":{"name":"中正一路","kind":"secondary"},"geometry":{"type":"LineString","coordinates":[[121.3769146,24.9622095],[121.3798724,24.964166099999996],[121.3815572,24.965393099999996]]}},{"type":"Feature","properties":{"name":"中正一路","kind":"secondary"},"geometry":{"type":"LineString","coordinates":[[121.3814034,24.965399099999996],[121.3797647,24.964175699999995],[121.3775342,24.962732499999998]]}},{"type":"Feature","properties":{"name":"阿南巷","kind":"unclassified"},"geometry":{"type":"LineString","coordinates":[[121.3772258,24.962641599999998],[121.376729,24.9628168],[121.3764937,24.963180099999995],[121.3763396,24.964001299999993],[121.3763705,24.964266699999996],[121.376201,24.964895199999997],[121.3757604,24.96527499999999],[121.37568050000002,24.9656379],[121.37536670000001,24.965995299999996]]}},{"type":"Feature","properties":{"name":null,"kind":"service"},"geometry":{"type":"LineString","coordinates":[[121.3763705,24.964266699999996],[121.37666570000002,24.964646199999997],[121.3764307,24.965231799999998]]}},{"type":"Feature","properties":{"name":null,"kind":"service"},"geometry":{"type":"LineString","coordinates":[[121.3814034,24.965399099999996],[121.3815572,24.965393099999996]]}},{"type":"Feature","properties":{"name":null,"kind":"service"},"geometry":{"type":"LineString","coordinates":[[121.3815753,24.965515299999996],[121.3815572,24.965393099999996]]}},{"type":"Feature","properties":{"name":"中正一路","kind":"secondary"},"geometry":{"type":"LineString","coordinates":[[121.3767563,24.962200999999997],[121.3724767,24.959227199999997],[121.3713309,24.958747499999998]]}},{"type":"Feature","properties":{"name":null,"kind":"service"},"geometry":{"type":"LineString","coordinates":[[121.3704116,24.9619742],[121.3709297,24.961688599999995],[121.3711075,24.9614324],[121.37065960000001,24.9607635],[121.3707107,24.960236499999997]]}},{"type":"Feature","properties":{"name":null,"kind":"service"},"geometry":{"type":"LineString","coordinates":[[121.37508130000002,24.9638857],[121.3746449,24.9636252]]}},{"type":"Feature","properties":{"name":null,"kind":"service"},"geometry":{"type":"LineString","coordinates":[[121.37508130000002,24.9638857],[121.3744796,24.9641064]]}},{"type":"Feature","properties":{"name":null,"kind":"service"},"geometry":{"type":"LineString","coordinates":[[121.3755664,24.9657428],[121.3755955,24.965535799999994],[121.37550619999999,24.965507799999997]]}},{"type":"Feature","properties":{"name":"阿南巷","kind":"service"},"geometry":{"type":"LineString","coordinates":[[121.37536670000001,24.965995299999996],[121.3751827,24.9664386],[121.37426929999998,24.967172300000005],[121.37419720000001,24.9677066],[121.374111,24.9678272],[121.3733855,24.968378700000002],[121.37299829999999,24.9684463]]}},{"type":"Feature","properties":{"name":null,"kind":"service"},"geometry":{"type":"LineString","coordinates":[[121.37299829999999,24.9684463],[121.37294039999999,24.968426399999995],[121.3729687,24.968333300000005],[121.37326949999999,24.968111900000004],[121.3732196,24.967672099999998],[121.37344620000002,24.9676739]]}},{"type":"Feature","properties":{"name":null,"kind":"service"},"geometry":{"type":"LineString","coordinates":[[121.3722761,24.969203600000004],[121.3720459,24.9690461],[121.372109,24.9688744]]}},{"type":"Feature","properties":{"name":null,"kind":"service"},"geometry":{"type":"LineString","coordinates":[[121.37299829999999,24.9684463],[121.37270489999999,24.9687116],[121.3725331,24.9689946],[121.3716084,24.969747499999997],[121.3713265,24.9697645],[121.37060479999998,24.969604299999993],[121.37033580000002,24.969631500000002],[121.3704609,24.969999999999988],[121.37041,24.970111899999992],[121.37008140000002,24.9700158],[121.36951539999998,24.969452999999998],[121.36931520000002,24.969385899999995],[121.3694443,24.96968289999999],[121.3697055,24.969937099999996]]}},{"type":"Feature","properties":{"name":"永吉公園步道","kind":"path"},"geometry":{"type":"LineString","coordinates":[[121.3344934,24.961948999999997],[121.33461019999999,24.961897099999998],[121.3347591,24.962005899999998],[121.33481999999998,24.961921999999994]]}},{"type":"Feature","properties":{"name":null,"kind":"path"},"geometry":{"type":"LineString","coordinates":[[121.335385,24.962038700000004],[121.335686,24.9618899]]}},{"type":"Feature","properties":{"name":null,"kind":"service"},"geometry":{"type":"LineString","coordinates":[[121.331058,24.962224099999993],[121.331143,24.9619137],[121.33054219999998,24.9617921]]}},{"type":"Feature","properties":{"name":null,"kind":"path"},"geometry":{"type":"LineString","coordinates":[[121.3348446,24.9619245],[121.3351047,24.962169299999996],[121.33508980000002,24.962044999999993],[121.3351972,24.962098299999997],[121.33515479999998,24.961957899999994],[121.335261,24.9620135],[121.33522160000001,24.9619116],[121.33534010000001,24.961828099999995]]}},{"type":"Feature","properties":{"name":"鶯桃路328巷8弄","kind":"service"},"geometry":{"type":"LineString","coordinates":[[121.33430870000001,24.962106099999996],[121.3344934,24.961948999999997]]}},{"type":"Feature","properties":{"name":"永吉公園步道","kind":"path"},"geometry":{"type":"LineString","coordinates":[[121.334688,24.9618401],[121.33513000000002,24.9622556],[121.335385,24.962038700000004]]}},{"type":"Feature","properties":{"name":"鶯桃路296巷105弄","kind":"service"},"geometry":{"type":"LineString","coordinates":[[121.3367183,24.9619258],[121.33637350000001,24.9622421]]}},{"type":"Feature","properties":{"name":null,"kind":"path"},"geometry":{"type":"LineString","coordinates":[[121.3358234,24.9621071],[121.33580160000001,24.962111000000004]]}},{"type":"Feature","properties":{"name":"小徑","kind":"footway"},"geometry":{"type":"LineString","coordinates":[[121.3349971,24.9622493],[121.3348426,24.962049699999998],[121.33490180000001,24.9619982]]}},{"type":"Feature","properties":{"name":"小徑","kind":"footway"},"geometry":{"type":"LineString","coordinates":[[121.33487450000001,24.962346499999995],[121.3344934,24.961948999999997]]}},{"type":"Feature","properties":{"name":"鶯桃路328巷","kind":"service"},"geometry":{"type":"LineString","coordinates":[[121.33390150000001,24.9620404],[121.33430870000001,24.962106099999996],[121.3344777,24.962305500000003]]}},{"type":"Feature","properties":{"name":"鶯桃路296巷115弄","kind":"service"},"geometry":{"type":"LineString","coordinates":[[121.3368986,24.9621054],[121.33651,24.962419699999998]]}},{"type":"Feature","properties":{"name":"小徑","kind":"footway"},"geometry":{"type":"LineString","coordinates":[[121.33576380000001,24.96209],[121.33557749999999,24.9622673],[121.3356776,24.9624988]]}},{"type":"Feature","properties":{"name":"小徑","kind":"footway"},"geometry":{"type":"LineString","coordinates":[[121.335881,24.9623416],[121.33608389999999,24.9623406],[121.3361344,24.962413699999995],[121.3361705,24.962270099999998],[121.33637350000001,24.9622421]]}},{"type":"Feature","properties":{"name":"鶯桃路365巷102弄","kind":"living_street"},"geometry":{"type":"LineString","coordinates":[[121.3307308,24.962151900000002],[121.33053979999998,24.962702599999997]]}},{"type":"Feature","properties":{"name":"鶯桃路296巷125弄","kind":"service"},"geometry":{"type":"LineString","coordinates":[[121.3370818,24.962280999999997],[121.33667160000002,24.962610399999992]]}},{"type":"Feature","properties":{"name":"鶯桃路365巷90弄","kind":"living_street"},"geometry":{"type":"LineString","coordinates":[[121.331058,24.962224099999993],[121.33086800000001,24.962759700000003]]}},{"type":"Feature","properties":{"name":"鶯桃路365巷","kind":"residential"},"geometry":{"type":"LineString","coordinates":[[121.33031119999998,24.9623237],[121.330448,24.962097499999995],[121.3305942,24.962121799999995],[121.3322545,24.9624878],[121.332925,24.962844000000004],[121.333762,24.962923499999988]]}},{"type":"Feature","properties":{"name":"永吉公園步道","kind":"path"},"geometry":{"type":"LineString","coordinates":[[121.33503530000002,24.962817500000003],[121.3351117,24.9627182],[121.33485320000001,24.962373399999997],[121.3350607,24.96220299999999]]}},{"type":"Feature","properties":{"name":"鶯桃路","kind":"secondary"},"geometry":{"type":"LineString","coordinates":[[121.3314043,24.966788500000007],[121.3337018,24.9632945],[121.33407510000002,24.960982600000005],[121.33424200000002,24.9606523],[121.3381393,24.9583148]]}},{"type":"Feature","properties":{"name":null,"kind":"service"},"geometry":{"type":"LineString","coordinates":[[121.33749330000002,24.961950200000004],[121.3377544,24.9620182],[121.33789970000001,24.962161099999992],[121.3377957,24.962696499999993],[121.33737640000001,24.963113699999997],[121.33703200000001,24.963201299999994],[121.3366577,24.963205899999995],[121.3364353,24.9630589],[121.33608480000001,24.9631066],[121.33593359999999,24.9630566],[121.3357844,24.9627848],[121.3358929,24.962469500000005],[121.3358234,24.9621071]]}},{"type":"Feature","properties":{"name":"鶯桃路","kind":"secondary"},"geometry":{"type":"LineString","coordinates":[[121.33819580000001,24.958410499999996],[121.3343042,24.9607054],[121.33409170000002,24.9612149],[121.3337274,24.963408699999995],[121.33147510000002,24.966819699999995]]}},{"type":"Feature","properties":{"name":"鶯桃路365巷76弄","kind":"living_street"},"geometry":{"type":"LineString","coordinates":[[121.33143470000002,24.962307099999997],[121.33113160000002,24.9631084]]}},{"type":"Feature","properties":{"name":"鶯桃路413巷65弄","kind":"residential"},"geometry":{"type":"LineString","coordinates":[[121.3300215,24.963105399999993],[121.33031119999998,24.9623237]]}},{"type":"Feature","properties":{"name":"小徑","kind":"footway"},"geometry":{"type":"LineString","coordinates":[[121.3364411,24.9631581],[121.33603679999999,24.963177399999996],[121.33582410000001,24.963061699999994],[121.3357286,24.962843699999997],[121.33576580000002,24.9626354]]}},{"type":"Feature","properties":{"name":null,"kind":"service"},"geometry":{"type":"LineString","coordinates":[[121.33237250000002,24.962835499999994],[121.3327855,24.9630473]]}},{"type":"Feature","properties":{"name":"鶯桃路382巷","kind":"service"},"geometry":{"type":"LineString","coordinates":[[121.3344159,24.9630049],[121.33383259999998,24.962929799999998]]}},{"type":"Feature","properties":{"name":"鶯桃路365巷38弄","kind":"service"},"geometry":{"type":"LineString","coordinates":[[121.3320892,24.962451400000003],[121.3311584,24.9636066]]}},{"type":"Feature","properties":{"name":"鶯桃路382巷","kind":"service"},"geometry":{"type":"LineString","coordinates":[[121.3345011,24.963012999999997],[121.3346982,24.9630334]]}},{"type":"Feature","properties":{"name":"鶯桃路382巷","kind":"service"},"geometry":{"type":"LineString","coordinates":[[121.33365760000001,24.9633827],[121.3339334,24.963450899999994],[121.33493750000001,24.9626016]]}},{"type":"Feature","properties":{"name":"小徑","kind":"footway"},"geometry":{"type":"LineString","coordinates":[[121.33667160000002,24.962610399999992],[121.33660019999999,24.9627214],[121.33690500000002,24.962966499999993],[121.33726230000002,24.9628876],[121.33765240000001,24.9623384],[121.3377544,24.9620182]]}},{"type":"Feature","properties":{"name":"鶯桃路296巷135弄","kind":"service"},"geometry":{"type":"LineString","coordinates":[[121.3372107,24.962429599999993],[121.33681479999998,24.9627689]]}},{"type":"Feature","properties":{"name":"大湖路85巷","kind":"service"},"geometry":{"type":"LineString","coordinates":[[121.34253290000001,24.963002400000004],[121.34209670000001,24.9629488],[121.3420274,24.962848199999996],[121.3420029,24.962185299999994]]}},{"type":"Feature","properties":{"name":null,"kind":"service"},"geometry":{"type":"LineString","coordinates":[[121.3400111,24.961792399999997],[121.3401344,24.9617924],[121.34018670000002,24.961872700000004],[121.3401452,24.9623541],[121.33997619999998,24.9628624],[121.33967580000001,24.9632636],[121.33964360000002,24.963470299999997]]}},{"type":"Feature","properties":{"name":"小徑","kind":"footway"},"geometry":{"type":"LineString","coordinates":[[121.33737640000001,24.963113699999997],[121.33754979999999,24.963221499999996],[121.33755610000001,24.96339469999999]]}},{"type":"Feature","properties":{"name":"大湖路100巷","kind":"service"},"geometry":{"type":"LineString","coordinates":[[121.34251549999999,24.963193199999996],[121.3427378,24.963175199999995],[121.3429509,24.963309199999994]]}},{"type":"Feature","properties":{"name":null,"kind":"service"},"geometry":{"type":"LineString","coordinates":[[121.3420322,24.9634026],[121.34163589999999,24.963181399999996]]}},{"type":"Feature","properties":{"name":"小徑","kind":"footway"},"geometry":{"type":"LineString","coordinates":[[121.33641730000001,24.963415800000003],[121.33663650000001,24.963514299999996],[121.3370855,24.9635711],[121.3374228,24.9634912]]}},{"type":"Feature","properties":{"name":null,"kind":"service"},"geometry":{"type":"LineString","coordinates":[[121.3414604,24.963595899999998],[121.34127259999998,24.9634572]]}},{"type":"Feature","properties":{"name":"大湖路120巷","kind":"service"},"geometry":{"type":"LineString","coordinates":[[121.3426326,24.9637081],[121.3425162,24.963748600000002]]}},{"type":"Feature","properties":{"name":"小徑","kind":"footway"},"geometry":{"type":"LineString","coordinates":[[121.3346982,24.9630334],[121.33476379999999,24.963039799999994]]}},{"type":"Feature","properties":{"name":"福安街32巷52弄","kind":"service"},"geometry":{"type":"LineString","coordinates":[[121.3355133,24.963341099999997],[121.33503530000002,24.962817500000003],[121.33478149999999,24.963026699999993]]}},{"type":"Feature","properties":{"name":"鶯桃路413巷37弄","kind":"living_street"},"geometry":{"type":"LineString","coordinates":[[121.3308234,24.9628855],[121.3306468,24.963383699999998]]}},{"type":"Feature","properties":{"name":"鶯桃路365巷28弄","kind":"service"},"geometry":{"type":"LineString","coordinates":[[121.33154569999999,24.963865000000002],[121.3325267,24.9625923]]}},{"type":"Feature","properties":{"name":"小徑","kind":"footway"},"geometry":{"type":"LineString","coordinates":[[121.33650330000002,24.9630832],[121.33641510000001,24.963189699999997],[121.33649409999998,24.9632635],[121.33641730000001,24.963415800000003]]}},{"type":"Feature","properties":{"name":"福安街32巷38弄","kind":"service"},"geometry":{"type":"LineString","coordinates":[[121.33524630000001,24.9635515],[121.33478149999999,24.963026699999993]]}},{"type":"Feature","properties":{"name":"鶯桃路379巷","kind":"service"},"geometry":{"type":"LineString","coordinates":[[121.3329995,24.9631293],[121.33358500000001,24.963514899999996]]}},{"type":"Feature","properties":{"name":"福安街32巷24弄","kind":"service"},"geometry":{"type":"LineString","coordinates":[[121.3349889,24.963739699999998],[121.3345347,24.9632095],[121.33478149999999,24.963026699999993]]}},{"type":"Feature","properties":{"name":"鶯桃路365巷18弄","kind":"service"},"geometry":{"type":"LineString","coordinates":[[121.3321472,24.963977200000002],[121.332925,24.962844000000004]]}},{"type":"Feature","properties":{"name":"鶯桃路381巷","kind":"service"},"geometry":{"type":"LineString","coordinates":[[121.3329247,24.9632379],[121.33357770000002,24.9636633]]}},{"type":"Feature","properties":{"name":"小徑","kind":"footway"},"geometry":{"type":"LineString","coordinates":[[121.3357926,24.9639435],[121.33594079999999,24.963792600000005],[121.3355133,24.963341099999997]]}},{"type":"Feature","properties":{"name":null,"kind":"service"},"geometry":{"type":"LineString","coordinates":[[121.33390810000002,24.963691799999996],[121.33399480000001,24.963605300000005]]}},{"type":"Feature","properties":{"name":"福安街32巷10弄","kind":"service"},"geometry":{"type":"LineString","coordinates":[[121.3347159,24.963939200000002],[121.33427,24.9634281]]}},{"type":"Feature","properties":{"name":null,"kind":"service"},"geometry":{"type":"LineString","coordinates":[[121.3301186,24.964176399999996],[121.3305531,24.963342]]}},{"type":"Feature","properties":{"name":"福安街32巷","kind":"residential"},"geometry":{"type":"LineString","coordinates":[[121.3343901,24.964185199999996],[121.3355133,24.963341099999997]]}},{"type":"Feature","properties":{"name":"鶯桃路413巷","kind":"residential"},"geometry":{"type":"LineString","coordinates":[[121.3297439,24.96305069999999],[121.3300215,24.963105399999993],[121.3311584,24.9636066],[121.3328396,24.964647699999997]]}},{"type":"Feature","properties":{"name":"鶯桃路381巷2弄","kind":"service"},"geometry":{"type":"LineString","coordinates":[[121.33313040000002,24.964331399999995],[121.33273770000001,24.9641129],[121.3331866,24.963427799999998]]}},{"type":"Feature","properties":{"name":"鶯桃路413巷34弄","kind":"service"},"geometry":{"type":"LineString","coordinates":[[121.33102990000002,24.9635542],[121.3307699,24.964137699999995],[121.3310175,24.964250699999997]]}},{"type":"Feature","properties":{"name":null,"kind":"service"},"geometry":{"type":"LineString","coordinates":[[121.3339791,24.963764500000003],[121.3338849,24.9638882],[121.33423960000002,24.964271099999998]]}},{"type":"Feature","properties":{"name":"小徑","kind":"footway"},"geometry":{"type":"LineString","coordinates":[[121.3357025,24.963964099999988],[121.3365911,24.9640157],[121.3368512,24.964101199999998]]}},{"type":"Feature","properties":{"name":null,"kind":"service"},"geometry":{"type":"LineString","coordinates":[[121.3307699,24.964137699999995],[121.33065820000002,24.9640976]]}},{"type":"Feature","properties":{"name":"鶯桃路455巷10弄","kind":"service"},"geometry":{"type":"LineString","coordinates":[[121.3315531,24.964129099999997],[121.33101800000001,24.964130399999995]]}},{"type":"Feature","properties":{"name":"小徑","kind":"footway"},"geometry":{"type":"LineString","coordinates":[[121.335967,24.9646446],[121.3363097,24.964530199999995],[121.3362093,24.964016400000002]]}},{"type":"Feature","properties":{"name":"福安街","kind":"residential"},"geometry":{"type":"LineString","coordinates":[[121.33358500000001,24.963514899999996],[121.33390810000002,24.963691799999996],[121.3347814,24.964652199999993],[121.3351179,24.9648917],[121.33541220000001,24.965285500000004]]}},{"type":"Feature","properties":{"name":null,"kind":"footway"},"geometry":{"type":"LineString","coordinates":[[121.3361291,24.964846799999997],[121.3358468,24.964494800000004],[121.33583010000001,24.9642205],[121.335466,24.9639575]]}},{"type":"Feature","properties":{"name":"鶯桃路455巷8弄","kind":"service"},"geometry":{"type":"LineString","coordinates":[[121.33101679999999,24.964431900000005],[121.33155950000001,24.964428999999996]]}},{"type":"Feature","properties":{"name":"小徑","kind":"footway"},"geometry":{"type":"LineString","coordinates":[[121.3375701,24.96550209999999],[121.337363,24.965043],[121.33738269999999,24.9645822],[121.33710859999998,24.9643083],[121.3371395,24.9642199],[121.3368512,24.964101199999998],[121.33676640000002,24.96421289999999],[121.336592,24.964131499999997],[121.33640160000002,24.964158800000003],[121.335466,24.9639575],[121.3351447,24.963624099999997]]}},{"type":"Feature","properties":{"name":"小徑","kind":"footway"},"geometry":{"type":"LineString","coordinates":[[121.33715020000001,24.9643511],[121.3367541,24.9647677],[121.33635389999999,24.964760100000003],[121.3361291,24.964846799999997]]}},{"type":"Feature","properties":{"name":"鶯桃路455巷6弄","kind":"service"},"geometry":{"type":"LineString","coordinates":[[121.3310157,24.9647261],[121.33180220000001,24.964730999999993]]}},{"type":"Feature","properties":{"name":"鶯桃路455巷2弄","kind":"service"},"geometry":{"type":"LineString","coordinates":[[121.33101800000001,24.964130399999995],[121.3310139,24.9651796],[121.3311387,24.965331600000003],[121.33195,24.9653662]]}},{"type":"Feature","properties":{"name":null,"kind":"service"},"geometry":{"type":"LineString","coordinates":[[121.3418076,24.963582499999998],[121.34206669999999,24.963884700000005]]}},{"type":"Feature","properties":{"name":"大湖路109巷","kind":"service"},"geometry":{"type":"LineString","coordinates":[[121.34252309999998,24.963913499999997],[121.3422076,24.963498699999995],[121.3420322,24.9634026],[121.34167900000001,24.9636395],[121.3414604,24.963595899999998],[121.34103570000002,24.964211900000002],[121.34067120000002,24.964134899999998]]}},{"type":"Feature","properties":{"name":"小徑","kind":"footway"},"geometry":{"type":"LineString","coordinates":[[121.3371395,24.9642199],[121.3373966,24.964253599999996],[121.3374395,24.963829299999997]]}},{"type":"Feature","properties":{"name":"大湖路142巷","kind":"service"},"geometry":{"type":"LineString","coordinates":[[121.34324060000002,24.9641044],[121.3426514,24.96428079999999]]}},{"type":"Feature","properties":{"name":"大湖路","kind":"tertiary"},"geometry":{"type":"LineString","coordinates":[[121.34608199999998,24.97138439999999],[121.3454319,24.970839899999998],[121.34523880000002,24.970458199999996],[121.3444532,24.969829799999996],[121.3441669,24.969348199999995],[121.34387,24.968523799999993],[121.34416050000002,24.9671076],[121.3441468,24.966789700000003],[121.3439074,24.9663594],[121.3432754,24.965935500000004],[121.34252309999998,24.963913499999997],[121.34254460000001,24.962878799999995],[121.34276450000002,24.961365099999995],[121.34292680000001,24.960755999999996],[121.3429165,24.9570169]]}},{"type":"Feature","properties":{"name":null,"kind":"service"},"geometry":{"type":"LineString","coordinates":[[121.34326880000002,24.9643311],[121.3427307,24.964492499999995]]}},{"type":"Feature","properties":{"name":"大湖路176巷","kind":"service"},"geometry":{"type":"LineString","coordinates":[[121.3440591,24.965508699999994],[121.3436155,24.9655058],[121.34316809999999,24.965653500000002]]}},{"type":"Feature","properties":{"name":"西湖街","kind":"tertiary"},"geometry":{"type":"LineString","coordinates":[[121.3372547,24.9725711],[121.33827580000002,24.971654500000003],[121.33900529999998,24.97085690000001],[121.33927520000002,24.9703578],[121.3395487,24.969571199999997],[121.33959540000001,24.9691354],[121.3394441,24.9680613],[121.3393057,24.9676449],[121.3383938,24.965886899999997],[121.3383938,24.96471],[121.33845820000002,24.962502099999995],[121.3385467,24.9619039],[121.3388041,24.9612547],[121.33981320000001,24.959294199999995]]}},{"type":"Feature","properties":{"name":"西湖街243巷","kind":"service"},"geometry":{"type":"LineString","coordinates":[[121.3383756,24.9655108],[121.3384528,24.965590800000005],[121.33845110000001,24.9657663],[121.3391986,24.9658933],[121.33941710000002,24.9661641],[121.3394405,24.9664303]]}},{"type":"Feature","properties":{"name":null,"kind":"service"},"geometry":{"type":"LineString","coordinates":[[121.3441316,24.9672439],[121.34397309999999,24.9672903],[121.343675,24.9670923]]}},{"type":"Feature","properties":{"name":"鶯桃路455巷","kind":"service"},"geometry":{"type":"LineString","coordinates":[[121.3322083,24.965713999999995],[121.331869,24.96554559999999],[121.3319974,24.965231699999993],[121.3319554,24.9650057],[121.3315249,24.9643577],[121.33166300000002,24.963943299999993]]}},{"type":"Feature","properties":{"name":"鶯桃路455巷4弄","kind":"service"},"geometry":{"type":"LineString","coordinates":[[121.3310145,24.965032499999996],[121.3319682,24.965058099999997]]}},{"type":"Feature","properties":{"name":"鶯桃路436巷","kind":"path"},"geometry":{"type":"LineString","coordinates":[[121.33327140000002,24.964926],[121.33305669999999,24.965204699999994]]}},{"type":"Feature","properties":{"name":"福安街","kind":"service"},"geometry":{"type":"LineString","coordinates":[[121.33541220000001,24.965285500000004],[121.3361291,24.964846799999997]]}},{"type":"Feature","properties":{"name":"福安街7巷","kind":"service"},"geometry":{"type":"LineString","coordinates":[[121.3338386,24.965417000000002],[121.3348983,24.964726199999998]]}},{"type":"Feature","properties":{"name":"福安街9巷","kind":"service"},"geometry":{"type":"LineString","coordinates":[[121.33446439999999,24.965329],[121.3351179,24.9648917]]}},{"type":"Feature","properties":{"name":"福安街11巷","kind":"service"},"geometry":{"type":"LineString","coordinates":[[121.33462810000002,24.965506499999996],[121.3352621,24.96507619999999]]}},{"type":"Feature","properties":{"name":null,"kind":"service"},"geometry":{"type":"LineString","coordinates":[[121.33376250000002,24.965293800000005],[121.3331736,24.965573000000003]]}},{"type":"Feature","properties":{"name":"福安街7巷24弄","kind":"living_street"},"geometry":{"type":"LineString","coordinates":[[121.3344983,24.9656708],[121.3341598,24.965206899999995]]}},{"type":"Feature","properties":{"name":"福安街13巷","kind":"service"},"geometry":{"type":"LineString","coordinates":[[121.3348024,24.965708299999992],[121.33541220000001,24.965285500000004]]}},{"type":"Feature","properties":{"name":"福安街15巷","kind":"service"},"geometry":{"type":"LineString","coordinates":[[121.3352143,24.965427499999993],[121.33539260000002,24.9656914]]}},{"type":"Feature","properties":{"name":"鶯桃路436巷26弄","kind":"service"},"geometry":{"type":"LineString","coordinates":[[121.3337913,24.966031],[121.3335016,24.9654203]]}},{"type":"Feature","properties":{"name":"鶯桃路472巷","kind":"service"},"geometry":{"type":"LineString","coordinates":[[121.332256,24.965525699999997],[121.3333721,24.966004299999998]]}},{"type":"Feature","properties":{"name":"福安街15巷","kind":"service"},"geometry":{"type":"LineString","coordinates":[[121.33492310000001,24.965893100000002],[121.33535400000001,24.965630499999993]]}},{"type":"Feature","properties":{"name":null,"kind":"residential"},"geometry":{"type":"LineString","coordinates":[[121.3344983,24.9656708],[121.3341245,24.965873299999995]]}},{"type":"Feature","properties":{"name":null,"kind":"service"},"geometry":{"type":"LineString","coordinates":[[121.3341245,24.965873299999995],[121.3337913,24.966031]]}},{"type":"Feature","properties":{"name":"福安街7巷24弄","kind":"service"},"geometry":{"type":"LineString","coordinates":[[121.33437380000001,24.966287100000002],[121.33475000000001,24.9661065],[121.3344983,24.9656708]]}},{"type":"Feature","properties":{"name":null,"kind":"footway"},"geometry":{"type":"LineString","coordinates":[[121.3337913,24.966031],[121.333703,24.966074600000002]]}},{"type":"Feature","properties":{"name":"莒光街18巷","kind":"service"},"geometry":{"type":"LineString","coordinates":[[121.33235160000001,24.9663072],[121.33257639999998,24.965875699999998]]}},{"type":"Feature","properties":{"name":null,"kind":"service"},"geometry":{"type":"LineString","coordinates":[[121.333703,24.966074600000002],[121.3334582,24.9661954]]}},{"type":"Feature","properties":{"name":"莒光街30巷","kind":"service"},"geometry":{"type":"LineString","coordinates":[[121.33263060000002,24.966430699999993],[121.3328635,24.966013299999993]]}},{"type":"Feature","properties":{"name":"鶯桃路436巷","kind":"residential"},"geometry":{"type":"LineString","coordinates":[[121.33305669999999,24.965204699999994],[121.3330466,24.9653079],[121.33380100000001,24.966982399999996],[121.3339148,24.9674271]]}},{"type":"Feature","properties":{"name":"莒光街","kind":"service"},"geometry":{"type":"LineString","coordinates":[[121.33186830000001,24.9661117],[121.33287960000001,24.966541]]}},{"type":"Feature","properties":{"name":null,"kind":"service"},"geometry":{"type":"LineString","coordinates":[[121.33306180000001,24.966568100000007],[121.3334582,24.9661954]]}},{"type":"Feature","properties":{"name":null,"kind":"service"},"geometry":{"type":"LineString","coordinates":[[121.333703,24.966074600000002],[121.33398270000002,24.966707099999997]]}},{"type":"Feature","properties":{"name":null,"kind":"service"},"geometry":{"type":"LineString","coordinates":[[121.3337877,24.966669599999992],[121.3335527,24.966148799999996]]}},{"type":"Feature","properties":{"name":"小徑","kind":"footway"},"geometry":{"type":"LineString","coordinates":[[121.3360202,24.966479600000003],[121.33603119999998,24.966557599999998]]}},{"type":"Feature","properties":{"name":"小徑","kind":"footway"},"geometry":{"type":"LineString","coordinates":[[121.33603119999998,24.966557599999998],[121.3360661,24.9666233],[121.3371199,24.966485899999995]]}},{"type":"Feature","properties":{"name":null,"kind":"service"},"geometry":{"type":"LineString","coordinates":[[121.333943,24.966617300000003],[121.3337877,24.966669599999992]]}},{"type":"Feature","properties":{"name":"小徑","kind":"footway"},"geometry":{"type":"LineString","coordinates":[[121.3344963,24.966902600000004],[121.3355936,24.966533200000004],[121.3360202,24.966479600000003]]}},{"type":"Feature","properties":{"name":null,"kind":"service"},"geometry":{"type":"LineString","coordinates":[[121.3282482,24.965317099999993],[121.32859289999999,24.9656247],[121.32997689999999,24.966467199999997],[121.32982630000001,24.966672900000002]]}},{"type":"Feature","properties":{"name":"福德一路62巷","kind":"service"},"geometry":{"type":"LineString","coordinates":[[121.3278151,24.9672025],[121.3286683,24.9660355]]}},{"type":"Feature","properties":{"name":"福德一路","kind":"secondary"},"geometry":{"type":"LineString","coordinates":[[121.3308375,24.967625099999996],[121.32943780000001,24.9664925],[121.3286683,24.9660355]]}},{"type":"Feature","properties":{"name":null,"kind":"service"},"geometry":{"type":"LineString","coordinates":[[121.32982630000001,24.966672900000002],[121.3289048,24.9676968]]}},{"type":"Feature","properties":{"name":"福德二街","kind":"service"},"geometry":{"type":"LineString","coordinates":[[121.33060720000002,24.967905799999993],[121.32874109999999,24.96649219999999]]}},{"type":"Feature","properties":{"name":"福德三街","kind":"service"},"geometry":{"type":"LineString","coordinates":[[121.33041400000002,24.968129199999996],[121.3285711,24.966732399999998]]}},{"type":"Feature","properties":{"name":null,"kind":"footway"},"geometry":{"type":"LineString","coordinates":[[121.35121440000002,24.9653406],[121.3511394,24.965178200000004],[121.35055499999999,24.964937299999995],[121.34998230000001,24.9644287]]}},{"type":"Feature","properties":{"name":null,"kind":"path"},"geometry":{"type":"LineString","coordinates":[[121.3513904,24.965965099999995],[121.3517027,24.9660562]]}},{"type":"Feature","properties":{"name":null,"kind":"service"},"geometry":{"type":"LineString","coordinates":[[121.34598050000001,24.9664967],[121.34597720000001,24.966203299999997],[121.3454709,24.9661571]]}},{"type":"Feature","properties":{"name":"東湖步道","kind":"path"},"geometry":{"type":"LineString","coordinates":[[121.35295040000001,24.967598499999998],[121.3528977,24.967264700000005],[121.352955,24.9669899],[121.35253730000001,24.966855199999998],[121.3524099,24.9667525],[121.3523391,24.966457300000002],[121.35223300000001,24.966361099999993],[121.35168789999999,24.9661301],[121.35167379999999,24.9658734],[121.3514827,24.965713],[121.351439,24.965114999999994],[121.3513691,24.9651716]]}},{"type":"Feature","properties":{"name":"大湖路210巷","kind":"service"},"geometry":{"type":"LineString","coordinates":[[121.34416050000002,24.9671076],[121.3446547,24.966866899999992],[121.3456444,24.966713799999997],[121.34598050000001,24.9664967],[121.34748520000001,24.966503299999996],[121.3479086,24.9661985],[121.34790279999999,24.966015299999995]]}},{"type":"Feature","properties":{"name":null,"kind":"service"},"geometry":{"type":"LineString","coordinates":[[121.34724179999999,24.9665013],[121.34723310000001,24.966926]]}},{"type":"Feature","properties":{"name":"幸福步道","kind":"path"},"geometry":{"type":"LineString","coordinates":[[121.35113040000002,24.964748899999996],[121.3513691,24.9651716],[121.35125250000002,24.9652417],[121.35119639999999,24.965484600000003],[121.351387,24.966073399999996],[121.3511747,24.9664567],[121.35080259999998,24.9667569],[121.3503969,24.967276599999995],[121.3500817,24.967308700000004],[121.34991680000002,24.967647100000004],[121.3494117,24.9679232],[121.34933650000002,24.968242399999994],[121.3487496,24.968423599999998],[121.3480526,24.968222999999995],[121.34765280000002,24.9682657],[121.3467788,24.9686802],[121.3466797,24.968955]]}},{"type":"Feature","properties":{"name":null,"kind":"service"},"geometry":{"type":"LineString","coordinates":[[121.3531225,24.967398499999998],[121.3536804,24.966637099999996]]}},{"type":"Feature","properties":{"name":"大湖路338巷13弄","kind":"service"},"geometry":{"type":"LineString","coordinates":[[121.346793,24.9689177],[121.3467645,24.969190499999996],[121.34729700000001,24.9692273],[121.3473214,24.968949099999996]]}},{"type":"Feature","properties":{"name":null,"kind":"service"},"geometry":{"type":"LineString","coordinates":[[121.3460091,24.969194600000005],[121.34608130000001,24.969065399999998]]}},{"type":"Feature","properties":{"name":null,"kind":"service"},"geometry":{"type":"LineString","coordinates":[[121.3337877,24.966669599999992],[121.3337298,24.966706499999997]]}},{"type":"Feature","properties":{"name":"福德一路","kind":"secondary"},"geometry":{"type":"LineString","coordinates":[[121.3287632,24.9659901],[121.32945609999999,24.9663919],[121.33089589999999,24.967559399999992]]}},{"type":"Feature","properties":{"name":"鶯桃路436巷47弄","kind":"service"},"geometry":{"type":"LineString","coordinates":[[121.33338630000002,24.9670532],[121.33318569999999,24.966869100000004],[121.33331970000002,24.966632900000004]]}},{"type":"Feature","properties":{"name":"鶯桃路436巷61弄","kind":"residential"},"geometry":{"type":"LineString","coordinates":[[121.33369900000001,24.966733199999997],[121.3333139,24.9671273]]}},{"type":"Feature","properties":{"name":"鶯桃路436巷92弄","kind":"service"},"geometry":{"type":"LineString","coordinates":[[121.33384869999999,24.967143800000002],[121.33404919999998,24.9671063],[121.3342029,24.9668612]]}},{"type":"Feature","properties":{"name":"永福街","kind":"service"},"geometry":{"type":"LineString","coordinates":[[121.3323281,24.9672713],[121.3327888,24.966768099999996]]}},{"type":"Feature","properties":{"name":"永和街34巷10弄","kind":"residential"},"geometry":{"type":"LineString","coordinates":[[121.3334897,24.9672839],[121.3333139,24.9671273]]}},{"type":"Feature","properties":{"name":"鳳鳴路","kind":"unclassified"},"geometry":{"type":"LineString","coordinates":[[121.33391259999999,24.9701516],[121.33474510000002,24.9689994],[121.3347759,24.9683067],[121.33468270000002,24.967797299999997],[121.33437380000001,24.966287100000002],[121.33365850000001,24.965149499999992],[121.3328396,24.964647699999997]]}},{"type":"Feature","properties":{"name":"永和街34巷","kind":"residential"},"geometry":{"type":"LineString","coordinates":[[121.33376010000002,24.9670198],[121.3329736,24.9677839]]}},{"type":"Feature","properties":{"name":"鶯桃路","kind":"secondary"},"geometry":{"type":"LineString","coordinates":[[121.33147510000002,24.966819699999995],[121.330474,24.9680617]]}},{"type":"Feature","properties":{"name":"福德四街","kind":"service"},"geometry":{"type":"LineString","coordinates":[[121.3302078,24.968343599999997],[121.32909170000002,24.9674764]]}},{"type":"Feature","properties":{"name":"福德五街","kind":"residential"},"geometry":{"type":"LineString","coordinates":[[121.32997329999999,24.968521099999997],[121.3289048,24.9676968]]}},{"type":"Feature","properties":{"name":"永和街56巷9弄","kind":"service"},"geometry":{"type":"LineString","coordinates":[[121.33468270000002,24.967797299999997],[121.3340598,24.96768619999999],[121.3338174,24.967564899999996]]}},{"type":"Feature","properties":{"name":null,"kind":"service"},"geometry":{"type":"LineString","coordinates":[[121.33387969999998,24.9678152],[121.33398880000001,24.967650700000004]]}},{"type":"Feature","properties":{"name":"永和街56巷","kind":"residential"},"geometry":{"type":"LineString","coordinates":[[121.3339148,24.9674271],[121.3334042,24.968180600000004]]}},{"type":"Feature","properties":{"name":"鶯歌路","kind":"tertiary"},"geometry":{"type":"LineString","coordinates":[[121.330474,24.9680617],[121.3304121,24.968023899999995]]}},{"type":"Feature","properties":{"name":"鶯桃路","kind":"secondary"},"geometry":{"type":"LineString","coordinates":[[121.32866070000001,24.969535499999996],[121.330152,24.968303400000003],[121.3314043,24.966788500000007]]}},{"type":"Feature","properties":{"name":"鳳七路","kind":"residential"},"geometry":{"type":"LineString","coordinates":[[121.3319464,24.969037699999998],[121.3329736,24.9677839]]}},{"type":"Feature","properties":{"name":"永和街","kind":"unclassified"},"geometry":{"type":"LineString","coordinates":[[121.3359556,24.9703775],[121.33255719999998,24.967423699999998],[121.3314043,24.966788500000007]]}},{"type":"Feature","properties":{"name":null,"kind":"residential"},"geometry":{"type":"LineString","coordinates":[[121.33375509999999,24.968485499999996],[121.33362220000001,24.9687344]]}},{"type":"Feature","properties":{"name":"龍七路","kind":"residential"},"geometry":{"type":"LineString","coordinates":[[121.33079299999999,24.9682605],[121.33031350000002,24.9689648],[121.33142389999999,24.969678399999996]]}},{"type":"Feature","properties":{"name":"鶯歌路","kind":"tertiary"},"geometry":{"type":"LineString","coordinates":[[121.33391259999999,24.9701516],[121.3319464,24.969037699999998],[121.330474,24.9680617]]}},{"type":"Feature","properties":{"name":"鶯桃路","kind":"secondary"},"geometry":{"type":"LineString","coordinates":[[121.330474,24.9680617],[121.3287706,24.9695189],[121.32866070000001,24.969535499999996]]}},{"type":"Feature","properties":{"name":null,"kind":"service"},"geometry":{"type":"LineString","coordinates":[[121.3298823,24.968976299999998],[121.3296643,24.968767899999992]]}},{"type":"Feature","properties":{"name":"鶯桃路626巷","kind":"residential"},"geometry":{"type":"LineString","coordinates":[[121.3294574,24.969463199999996],[121.33000059999999,24.9688407]]}},{"type":"Feature","properties":{"name":"西湖街279巷","kind":"residential"},"geometry":{"type":"LineString","coordinates":[[121.3393057,24.9676449],[121.3396476,24.967956399999995],[121.34014690000001,24.9680679],[121.3404566,24.968019399999996],[121.340939,24.96778249999999],[121.34094109999998,24.967581499999998]]}},{"type":"Feature","properties":{"name":null,"kind":"service"},"geometry":{"type":"LineString","coordinates":[[121.33667,24.967566100000003],[121.3363813,24.967696600000004],[121.33629519999998,24.9679577],[121.3376169,24.968461799999996],[121.3383126,24.968591]]}},{"type":"Feature","properties":{"name":null,"kind":"service"},"geometry":{"type":"LineString","coordinates":[[121.3384696,24.96783039999999],[121.33849130000002,24.968196500000005],[121.3383126,24.968591]]}},{"type":"Feature","properties":{"name":"大湖路175巷","kind":"service"},"geometry":{"type":"LineString","coordinates":[[121.343879,24.968477399999998],[121.34319029999999,24.968533],[121.34305889999999,24.968749399999997]]}},{"type":"Feature","properties":{"name":"西湖街289巷","kind":"residential"},"geometry":{"type":"LineString","coordinates":[[121.33953240000001,24.9685721],[121.3396664,24.9686248],[121.3398575,24.969157499999998],[121.34000069999999,24.969203400000005],[121.3409066,24.9689782],[121.3409337,24.968802700000005]]}},{"type":"Feature","properties":{"name":"大湖路185巷9弄","kind":"service"},"geometry":{"type":"LineString","coordinates":[[121.343155,24.969515299999998],[121.3424713,24.9690602],[121.34184830000001,24.969798599999994]]}},{"type":"Feature","properties":{"name":null,"kind":"residential"},"geometry":{"type":"LineString","coordinates":[[121.34012440000001,24.969166999999995],[121.3405232,24.9700771],[121.3410533,24.969891199999996]]}},{"type":"Feature","properties":{"name":null,"kind":"unclassified"},"geometry":{"type":"LineString","coordinates":[[121.3383126,24.968591],[121.33829809999999,24.96886],[121.33799419999998,24.9691985],[121.3377612,24.9693244],[121.33749639999999,24.969851799999997],[121.3368451,24.9705668],[121.33648100000002,24.970692699999997]]}},{"type":"Feature","properties":{"name":"大湖路306巷","kind":"service"},"geometry":{"type":"LineString","coordinates":[[121.34510300000001,24.9696677],[121.344825,24.970136199999992]]}},{"type":"Feature","properties":{"name":"大湖路185巷9弄","kind":"service"},"geometry":{"type":"LineString","coordinates":[[121.3433591,24.9709186],[121.34248049999998,24.970323499999996],[121.343155,24.969515299999998],[121.3440085,24.970082]]}},{"type":"Feature","properties":{"name":"鶯桃路658巷25弄","kind":"service"},"geometry":{"type":"LineString","coordinates":[[121.3298013,24.969655699999997],[121.3294761,24.970102799999996]]}},{"type":"Feature","properties":{"name":"鶯桃路668巷22弄","kind":"service"},"geometry":{"type":"LineString","coordinates":[[121.3288933,24.969917499999998],[121.3291953,24.969909499999993],[121.32969810000002,24.9702556]]}},{"type":"Feature","properties":{"name":null,"kind":"path"},"geometry":{"type":"LineString","coordinates":[[121.3681158,24.9609991],[121.36786390000002,24.9610413],[121.3677923,24.961144599999997],[121.36785800000001,24.961716300000003],[121.3676904,24.962293099999997],[121.367597,24.9623976],[121.36763269999999,24.962625699999997],[121.36747159999999,24.962777899999995],[121.36693660000002,24.962928599999998],[121.36667160000002,24.962804399999996],[121.3665407,24.9629592]]}},{"type":"Feature","properties":{"name":"碧龍步道","kind":"steps"},"geometry":{"type":"LineString","coordinates":[[121.3663348,24.962481899999997],[121.36653969999999,24.962924499999996]]}},{"type":"Feature","properties":{"name":null,"kind":"path"},"geometry":{"type":"LineString","coordinates":[[121.36653969999999,24.962924499999996],[121.36662420000002,24.9628861]]}},{"type":"Feature","properties":{"name":null,"kind":"service"},"geometry":{"type":"LineString","coordinates":[[121.3701388,24.9623524],[121.3701862,24.962865499999996],[121.37059719999999,24.9630433],[121.3707002,24.963276999999998],[121.37047179999999,24.9634689],[121.37020209999999,24.96401639999999],[121.37004730000001,24.964418099999993],[121.37010369999999,24.964690499999996]]}},{"type":"Feature","properties":{"name":"阿四巷","kind":"service"},"geometry":{"type":"LineString","coordinates":[[121.3701388,24.9623524],[121.3698944,24.9624694],[121.36972509999998,24.9628838],[121.3693499,24.963211099999995],[121.3689673,24.963705399999995],[121.36847510000001,24.963883299999996],[121.36813520000001,24.964286000000005],[121.36880550000001,24.964189600000005],[121.3693886,24.964442000000002],[121.3695102,24.9646375],[121.36944579999998,24.965042399999998],[121.36963029999998,24.965331499999998],[121.3694841,24.9657149],[121.3695197,24.9659932],[121.36870769999999,24.966580699999998],[121.3677627,24.966901999999997],[121.3678575,24.967215899999996]]}},{"type":"Feature","properties":{"name":null,"kind":"service"},"geometry":{"type":"LineString","coordinates":[[121.36937690000002,24.964982699999997],[121.36939199999999,24.9647489],[121.3695019,24.964668100000004]]}},{"type":"Feature","properties":{"name":null,"kind":"service"},"geometry":{"type":"LineString","coordinates":[[121.36547090000002,24.9670873],[121.3652066,24.967009599999994],[121.3649848,24.966575599999995],[121.36504700000002,24.966420299999996],[121.36494200000001,24.966021800000004],[121.36500230000001,24.965646399999997],[121.3653967,24.9654308],[121.36555320000001,24.965458499999997],[121.36541700000001,24.965696199999996],[121.3655654,24.9660383],[121.3660535,24.966480899999997],[121.36624690000001,24.9664857],[121.3669739,24.965737599999997],[121.3671504,24.965503199999993],[121.3673217,24.965064099999996],[121.36791119999998,24.964675299999993],[121.3679721,24.964461499999995],[121.36813520000001,24.964286000000005]]}},{"type":"Feature","properties":{"name":null,"kind":"service"},"geometry":{"type":"LineString","coordinates":[[121.36692099999999,24.967552099999995],[121.36692240000002,24.967392899999997],[121.36673619999999,24.967025199999995],[121.36698160000002,24.966869500000005]]}},{"type":"Feature","properties":{"name":null,"kind":"service"},"geometry":{"type":"LineString","coordinates":[[121.36831579999999,24.967203400000002],[121.3679271,24.967248000000005]]}},{"type":"Feature","properties":{"name":null,"kind":"service"},"geometry":{"type":"LineString","coordinates":[[121.3687844,24.9678408],[121.3683739,24.967917899999996],[121.36804130000002,24.967427899999997]]}},{"type":"Feature","properties":{"name":null,"kind":"unclassified"},"geometry":{"type":"LineString","coordinates":[[121.3556243,24.960104899999997],[121.3559478,24.9603725],[121.35617090000001,24.961124000000005],[121.35614350000002,24.9612639],[121.35595690000001,24.961361699999998],[121.3557999,24.961735]]}},{"type":"Feature","properties":{"name":"鶯歌石步道","kind":"path"},"geometry":{"type":"LineString","coordinates":[[121.35961060000001,24.9642969],[121.35966460000002,24.964131799999997],[121.3595409,24.9638621],[121.3595462,24.963589699999996],[121.3597608,24.9632007],[121.35965890000001,24.9626997],[121.35977150000001,24.962193999999997],[121.36001290000002,24.9617368],[121.35997000000002,24.961547100000004],[121.3596213,24.9611094],[121.3592637,24.960855099999996],[121.3592673,24.960414],[121.35904900000001,24.960214],[121.3592271,24.9598871],[121.35925119999999,24.959300299999995],[121.3592995,24.959098599999997],[121.3593701,24.959082600000002]]}},{"type":"Feature","properties":{"name":null,"kind":"path"},"geometry":{"type":"LineString","coordinates":[[121.3552966,24.964670299999998],[121.3554683,24.964586299999993],[121.35580120000002,24.964134399999995],[121.3556504,24.963176500000003],[121.35597729999999,24.962406],[121.3557999,24.961735]]}},{"type":"Feature","properties":{"name":null,"kind":"path"},"geometry":{"type":"LineString","coordinates":[[121.3595462,24.963589699999996],[121.3592489,24.963985599999997],[121.3589147,24.964177199999995]]}},{"type":"Feature","properties":{"name":"光明山稜線步道","kind":"path"},"geometry":{"type":"LineString","coordinates":[[121.35961060000001,24.9642969],[121.3588068,24.964157700000005],[121.3585853,24.963995599999997],[121.35822750000001,24.9639403],[121.35797550000001,24.964010299999998],[121.3574795,24.9639882],[121.3571833,24.964194199999994],[121.3563905,24.964271299999993],[121.35587380000001,24.964213499999996],[121.35556240000001,24.964085200000003],[121.3551589,24.9641172],[121.3546846,24.9638413],[121.354083,24.9640787],[121.3538494,24.964046699999997],[121.3534742,24.964149299999995],[121.3530849,24.9643547],[121.35215769999999,24.9644638],[121.3518225,24.9645915],[121.35156729999999,24.964509699999997],[121.35131529999998,24.964713999999994],[121.3509119,24.9647397],[121.3505792,24.9646434],[121.35016340000001,24.9643936],[121.34980999999999,24.964436499999998],[121.3491759,24.964371299999996],[121.3489767,24.963999999999995],[121.34895460000001,24.963341099999997],[121.3486572,24.963074000000002]]}},{"type":"Feature","properties":{"name":"北臨步道","kind":"path"},"geometry":{"type":"LineString","coordinates":[[121.35930490000001,24.9642757],[121.35914160000002,24.9648027],[121.35873390000002,24.965172299999992],[121.35864810000001,24.9655808],[121.3581761,24.9658726],[121.357425,24.965892],[121.35686710000002,24.9662227],[121.35645940000002,24.9658336],[121.3560517,24.965639099999994],[121.35583720000001,24.9651528],[121.35547240000001,24.964977699999995],[121.35556690000001,24.9644327]]}},{"type":"Feature","properties":{"name":null,"kind":"track"},"geometry":{"type":"LineString","coordinates":[[121.35431180000002,24.9663066],[121.3546807,24.965965299999993],[121.3547828,24.965983899999998],[121.35456639999998,24.9663836],[121.3542193,24.9666501],[121.3541581,24.9668999],[121.3542581,24.96690359999999],[121.3543765,24.966726],[121.3550114,24.9663521],[121.35529720000001,24.966513099999993],[121.3552952,24.966692699999992],[121.35513390000001,24.966986899999995]]}},{"type":"Feature","properties":{"name":"三界公坑","kind":"unclassified"},"geometry":{"type":"LineString","coordinates":[[121.3552966,24.964670299999998],[121.3550684,24.9649222],[121.3550405,24.9653856],[121.35431180000002,24.9663066],[121.35363239999998,24.967068],[121.3531225,24.967398499999998],[121.35273010000002,24.9678889],[121.35269840000001,24.968109499999997],[121.35283540000002,24.9685468],[121.3526147,24.969009799999995],[121.35266950000002,24.9696192],[121.3525938,24.969938700000004],[121.35267079999998,24.9703253],[121.3525944,24.970611399999996],[121.35281890000002,24.970921899999997],[121.35296089999999,24.971327799999994]]}},{"type":"Feature","properties":{"name":null,"kind":"service"},"geometry":{"type":"LineString","coordinates":[[121.35542010000002,24.9718912],[121.35593229999999,24.971581799999996]]}},{"type":"Feature","properties":{"name":null,"kind":"service"},"geometry":{"type":"LineString","coordinates":[[121.35814910000002,24.971361100000003],[121.35827370000001,24.9716292],[121.35801680000002,24.971804499999998],[121.35808320000001,24.972354100000004],[121.35829679999999,24.972492799999998],[121.35888570000002,24.972335799999993]]}},{"type":"Feature","properties":{"name":"牛灶山步道","kind":"path"},"geometry":{"type":"LineString","coordinates":[[121.36386920000001,24.9620394],[121.3639374,24.962189499999997],[121.3638408,24.962539599999996],[121.3639761,24.963549799999996],[121.3646415,24.9641274],[121.36494650000002,24.964590200000004],[121.36488359999998,24.965069300000003],[121.36443349999999,24.965382599999998],[121.3642805,24.9657445],[121.36500230000001,24.965646399999997]]}},{"type":"Feature","properties":{"name":"光明山稜線步道","kind":"path"},"geometry":{"type":"LineString","coordinates":[[121.36520069999999,24.967069199999994],[121.3649905,24.966948],[121.36381459999998,24.966681999999995],[121.3632477,24.966896700000003],[121.36309750000001,24.966775099999992],[121.3629912,24.9664727],[121.3627131,24.966183099999995],[121.3623733,24.9661769],[121.3620407,24.965924099999995],[121.36153640000002,24.9659532],[121.36140770000002,24.965899699999998],[121.36081759999999,24.965486399999996],[121.3604904,24.9648542],[121.36013630000001,24.964730699999997],[121.35981979999998,24.9643484],[121.35961060000001,24.9642969]]}},{"type":"Feature","properties":{"name":null,"kind":"service"},"geometry":{"type":"LineString","coordinates":[[121.3665003,24.966177499999997],[121.3660197,24.966189499999995]]}},{"type":"Feature","properties":{"name":null,"kind":"path"},"geometry":{"type":"LineString","coordinates":[[121.3642805,24.9657445],[121.36450250000001,24.9668251]]}},{"type":"Feature","properties":{"name":"鶯歌登山步道","kind":"steps"},"geometry":{"type":"LineString","coordinates":[[121.36547090000002,24.9670873],[121.36520069999999,24.967069199999994]]}},{"type":"Feature","properties":{"name":null,"kind":"service"},"geometry":{"type":"LineString","coordinates":[[121.36594230000001,24.9675155],[121.36565919999998,24.967147100000002],[121.36547090000002,24.9670873]]}},{"type":"Feature","properties":{"name":null,"kind":"steps"},"geometry":{"type":"LineString","coordinates":[[121.36590810000001,24.967502500000002],[121.3659344,24.967596999999998],[121.36574450000002,24.9676016]]}},{"type":"Feature","properties":{"name":"鶯歌登山步道","kind":"steps"},"geometry":{"type":"LineString","coordinates":[[121.36599100000001,24.9675895],[121.36594230000001,24.9675155]]}},{"type":"Feature","properties":{"name":null,"kind":"path"},"geometry":{"type":"LineString","coordinates":[[121.36574450000002,24.9676016],[121.36574070000002,24.9678044],[121.36552619999999,24.9679075],[121.3656386,24.9676554],[121.36574450000002,24.9676016]]}},{"type":"Feature","properties":{"name":null,"kind":"service"},"geometry":{"type":"LineString","coordinates":[[121.36552619999999,24.9679075],[121.3657388,24.968183499999995],[121.36571019999998,24.9683439],[121.3654254,24.968653499999995],[121.3655425,24.968835799999997],[121.3655335,24.9690979],[121.36538700000001,24.9693307],[121.36494660000001,24.969427999999997],[121.36493789999999,24.969526499999994],[121.36509299999999,24.9696882]]}},{"type":"Feature","properties":{"name":null,"kind":"service"},"geometry":{"type":"LineString","coordinates":[[121.3678575,24.967215899999996],[121.36805030000001,24.967350200000002],[121.36811360000002,24.9678335],[121.3680384,24.968285600000005],[121.3678989,24.9685275],[121.36807999999999,24.968754900000004],[121.3680055,24.968799499999996],[121.3678279,24.968772399999995],[121.3677045,24.9686606],[121.3677783,24.9683323],[121.3676787,24.967959699999998],[121.36754560000001,24.9678241],[121.36698969999999,24.9675555],[121.3666404,24.967539],[121.3665004,24.967454999999998],[121.36627020000002,24.967612],[121.36594230000001,24.9675155]]}},{"type":"Feature","properties":{"name":"光明山稜線步道","kind":"path"},"geometry":{"type":"LineString","coordinates":[[121.36857869999999,24.970705300000002],[121.36836950000001,24.970534799999996],[121.36829849999998,24.9701215],[121.3681132,24.969760999999995],[121.36724380000001,24.969266600000005],[121.3671445,24.9689288],[121.36718110000001,24.968583999999996],[121.36699230000002,24.9683048],[121.3665963,24.967870099999995],[121.3661606,24.9677283],[121.36599100000001,24.9675895]]}},{"type":"Feature","properties":{"name":null,"kind":"path"},"geometry":{"type":"LineString","coordinates":[[121.36849019999998,24.970645499999996],[121.3685463,24.970892999999997]]}},{"type":"Feature","properties":{"name":"光明山稜線步道","kind":"steps"},"geometry":{"type":"LineString","coordinates":[[121.3685463,24.970892999999997],[121.36857869999999,24.970705300000002]]}},{"type":"Feature","properties":{"name":null,"kind":"footway"},"geometry":{"type":"LineString","coordinates":[[121.36686700000001,24.9707049],[121.36710840000002,24.9713857],[121.36714060000001,24.971731],[121.36726939999998,24.9719158],[121.36759120000002,24.972032499999997],[121.36785409999999,24.972295099999997],[121.36812230000001,24.972183299999998],[121.36822960000002,24.9722951],[121.3686748,24.9721687],[121.369096,24.972392500000005]]}},{"type":"Feature","properties":{"name":null,"kind":"path"},"geometry":{"type":"LineString","coordinates":[[121.36878870000001,24.9717],[121.3693685,24.9721562],[121.3695536,24.9725271],[121.36983150000002,24.9728398]]}},{"type":"Feature","properties":{"name":null,"kind":"path"},"geometry":{"type":"LineString","coordinates":[[121.36899179999999,24.973091699999994],[121.36952979999998,24.972994599999996],[121.36987290000002,24.972813699999996],[121.3700928,24.9728202]]}},{"type":"Feature","properties":{"name":null,"kind":"path"},"geometry":{"type":"LineString","coordinates":[[121.3662304,24.973648200000003],[121.36664769999999,24.9733923],[121.36650210000002,24.9733626]]}},{"type":"Feature","properties":{"name":"光明山稜線步道","kind":"path"},"geometry":{"type":"LineString","coordinates":[[121.3686307,24.976160300000004],[121.3689925,24.975489500000002],[121.36913550000001,24.9746427],[121.3690336,24.974121800000002],[121.36874120000002,24.973678900000003],[121.3686863,24.9734274],[121.3687111,24.973220199999997],[121.3689125,24.973072699999996],[121.36896620000002,24.972926799999996],[121.3689568,24.9727049],[121.36909680000001,24.972293099999995],[121.36878870000001,24.9717],[121.368537,24.971540899999994],[121.36847099999999,24.971215499999992],[121.3685463,24.970892999999997]]}},{"type":"Feature","properties":{"name":"鶯歌登山步道","kind":"path"},"geometry":{"type":"LineString","coordinates":[[121.3691003,24.974443999999995],[121.3693003,24.9744489],[121.36943520000001,24.974308800000003],[121.36901189999999,24.973497000000002],[121.36896620000002,24.972926799999996]]}},{"type":"Feature","properties":{"name":"大湖路","kind":"tertiary"},"geometry":{"type":"LineString","coordinates":[[121.3461952,24.971606799999996],[121.34608199999998,24.97138439999999]]}},{"type":"Feature","properties":{"name":null,"kind":"unclassified"},"geometry":{"type":"LineString","coordinates":[[121.35160620000002,24.972198700000003],[121.35226990000001,24.9715117],[121.3524334,24.971425799999995],[121.35296089999999,24.971327799999994],[121.35402420000001,24.971486799999997],[121.3545242,24.9712885],[121.3549937,24.970916599999995]]}},{"type":"Feature","properties":{"name":null,"kind":"service"},"geometry":{"type":"LineString","coordinates":[[121.35210160000001,24.972097199999993],[121.3522569,24.971838799999993]]}},{"type":"Feature","properties":{"name":null,"kind":"service"},"geometry":{"type":"LineString","coordinates":[[121.3519304,24.972132300000002],[121.35253490000001,24.972146900000002],[121.3527352,24.972069900000005],[121.35279190000001,24.9719558]]}},{"type":"Feature","properties":{"name":"大湖路213巷","kind":"service"},"geometry":{"type":"LineString","coordinates":[[121.34592889999999,24.972139399999996],[121.34634959999998,24.972268500000002]]}},{"type":"Feature","properties":{"name":null,"kind":"service"},"geometry":{"type":"LineString","coordinates":[[121.3512719,24.9722739],[121.3512862,24.9721531]]}},{"type":"Feature","properties":{"name":"大湖路","kind":"tertiary"},"geometry":{"type":"LineString","coordinates":[[121.34612450000002,24.972908700000005],[121.34625799999999,24.972646499999996],[121.346373,24.972094099999996],[121.3461952,24.971606799999996]]}},{"type":"Feature","properties":{"name":null,"kind":"service"},"geometry":{"type":"LineString","coordinates":[[121.3512672,24.972365699999997],[121.3512719,24.9722739]]}},{"type":"Feature","properties":{"name":null,"kind":"service"},"geometry":{"type":"LineString","coordinates":[[121.35160620000002,24.972198700000003],[121.3519632,24.9725267]]}},{"type":"Feature","properties":{"name":"大湖路227巷","kind":"service"},"geometry":{"type":"LineString","coordinates":[[121.3458735,24.972455000000004],[121.34627270000001,24.9725857]]}},{"type":"Feature","properties":{"name":null,"kind":"service"},"geometry":{"type":"LineString","coordinates":[[121.3657348,24.9689923],[121.36567409999999,24.968979599999997],[121.365502,24.9691823]]}},{"type":"Feature","properties":{"name":null,"kind":"service"},"geometry":{"type":"LineString","coordinates":[[121.362332,24.970203700000003],[121.36233419999999,24.969995700000002],[121.3620985,24.969943600000004],[121.3620784,24.969881]]}},{"type":"Feature","properties":{"name":null,"kind":"service"},"geometry":{"type":"LineString","coordinates":[[121.35640369999999,24.972151599999993],[121.3569456,24.971825899999995],[121.3592616,24.970906700000004],[121.3597592,24.9705347],[121.3600971,24.9705201],[121.36045660000002,24.9706028],[121.36074620000001,24.970515299999995],[121.361111,24.970544499999992],[121.36169249999999,24.970321999999992],[121.36226460000002,24.9702653],[121.36239390000001,24.970138799999997],[121.36248969999998,24.969849],[121.36338019999998,24.969528099999998],[121.36351750000001,24.969345399999998],[121.36353670000001,24.96916079999999],[121.3641634,24.968730600000004],[121.36459259999998,24.9688071],[121.3649766,24.968700700000003],[121.3646938,24.969422599999998],[121.3647198,24.96950379999999],[121.3658907,24.9701113],[121.36620880000001,24.9700946],[121.36674610000001,24.970515599999995],[121.36686700000001,24.9707049]]}},{"type":"Feature","properties":{"name":null,"kind":"track"},"geometry":{"type":"LineString","coordinates":[[121.35904560000002,24.971000399999994],[121.35946590000002,24.971609799999996],[121.3601141,24.9716576],[121.36043090000001,24.9717882],[121.36059419999998,24.9720102],[121.36077659999998,24.972079799999996],[121.36161390000001,24.972080400000003],[121.3620707,24.971643000000004],[121.36261080000001,24.971546199999995],[121.3627274,24.971613099999995],[121.3627205,24.971933399999998],[121.3627983,24.972051199999996],[121.3634574,24.972221],[121.3638673,24.972150799999998],[121.3651506,24.9723627],[121.3654147,24.9724411],[121.36555389999998,24.97256289999999],[121.36546749999998,24.972754400000007]]}},{"type":"Feature","properties":{"name":null,"kind":"track"},"geometry":{"type":"LineString","coordinates":[[121.3634574,24.972221],[121.3629708,24.972384500000004],[121.36285080000002,24.9724541],[121.3628844,24.972532499999996],[121.36372940000001,24.972758799999998],[121.36418119999999,24.9727396],[121.36454239999999,24.972969599999995],[121.36523279999999,24.973094199999995],[121.3658632,24.973320599999997],[121.3663283,24.973402999999998],[121.36650210000002,24.9733626]]}},{"type":"Feature","properties":{"name":"妙音寺步道","kind":"path"},"geometry":{"type":"LineString","coordinates":[[121.3668165,24.975349199999997],[121.36676320000001,24.97513559999999],[121.3663877,24.9745593],[121.36626700000001,24.9737059],[121.36606320000001,24.973574599999996],[121.36489640000002,24.973450599999993],[121.36465990000002,24.973684699999993],[121.3640269,24.9738549],[121.3639867,24.9741345],[121.3635924,24.974331399999993],[121.3637372,24.974440799999996],[121.36354539999999,24.974552399999997]]}},{"type":"Feature","properties":{"name":null,"kind":"service"},"geometry":{"type":"LineString","coordinates":[[121.363223,24.9742578],[121.3631642,24.974469],[121.3632221,24.9745311],[121.3634529,24.974522199999996],[121.3638165,24.974686599999995],[121.36401130000002,24.974570299999996],[121.36451570000001,24.974481299999994],[121.3645314,24.974702299999997]]}},{"type":"Feature","properties":{"name":null,"kind":"service"},"geometry":{"type":"LineString","coordinates":[[121.3642132,24.975061600000004],[121.36418180000001,24.974553]]}},{"type":"Feature","properties":{"name":null,"kind":"service"},"geometry":{"type":"LineString","coordinates":[[121.36305450000002,24.974894299999992],[121.3627706,24.974960599999992]]}},{"type":"Feature","properties":{"name":null,"kind":"service"},"geometry":{"type":"LineString","coordinates":[[121.36224610000001,24.973917600000004],[121.3624429,24.973909499999998],[121.3626203,24.974092699999993],[121.36228590000002,24.9745861],[121.3632135,24.9749487],[121.3638895,24.9750932],[121.3642132,24.975061600000004],[121.36415179999999,24.975637799999994],[121.3642618,24.97593079999999],[121.3653709,24.976448699999995],[121.36560830000002,24.976284600000003],[121.36553720000002,24.9761934],[121.3653514,24.9761525],[121.3653854,24.976070400000005],[121.3657687,24.976049799999995],[121.36586649999998,24.976254800000003]]}},{"type":"Feature","properties":{"name":"中湖路東學巷","kind":"service"},"geometry":{"type":"LineString","coordinates":[[121.34835990000002,24.972541599999996],[121.34796549999999,24.972318199999997],[121.34789349999998,24.972815099999995]]}},{"type":"Feature","properties":{"name":"中湖街12巷","kind":"service"},"geometry":{"type":"LineString","coordinates":[[121.346653,24.972457799999997],[121.34657330000002,24.9728835]]}},{"type":"Feature","properties":{"name":"東湖路","kind":"tertiary"},"geometry":{"type":"LineString","coordinates":[[121.34962799999998,24.973570699999993],[121.34984110000002,24.9736127],[121.34998230000001,24.9735568],[121.35059340000001,24.9731543],[121.3510148,24.972822100000002],[121.351172,24.9724546],[121.35160620000002,24.972198700000003],[121.3529176,24.971930100000005],[121.35414060000001,24.972275299999996],[121.35489989999999,24.9719092],[121.3551614,24.971851300000004],[121.35640369999999,24.972151599999993],[121.35678920000001,24.9725001],[121.35730819999999,24.972811299999996],[121.35813159999998,24.9737851]]}},{"type":"Feature","properties":{"name":"中湖街","kind":"tertiary"},"geometry":{"type":"LineString","coordinates":[[121.34962799999998,24.973570699999993],[121.34883740000001,24.972929999999998],[121.3477851,24.972809],[121.34612450000002,24.972908700000005]]}},{"type":"Feature","properties":{"name":null,"kind":"service"},"geometry":{"type":"LineString","coordinates":[[121.3487192,24.972908700000005],[121.34860660000001,24.973415999999997],[121.34831050000001,24.973872799999995],[121.3482419,24.974220799999994]]}},{"type":"Feature","properties":{"name":"中陽街","kind":"unclassified"},"geometry":{"type":"LineString","coordinates":[[121.34511700000002,24.9733689],[121.34536660000002,24.9734907],[121.3461181,24.973400799999997],[121.3466721,24.973444299999993],[121.34720039999999,24.9735903],[121.3489122,24.974468500000004],[121.3491895,24.974722999999997]]}},{"type":"Feature","properties":{"name":"中湖街152巷","kind":"service"},"geometry":{"type":"LineString","coordinates":[[121.35090909999998,24.9748496],[121.3506784,24.974698899999996],[121.34971610000001,24.9736108]]}},{"type":"Feature","properties":{"name":null,"kind":"service"},"geometry":{"type":"LineString","coordinates":[[121.3482419,24.974220799999994],[121.3481721,24.974381299999997]]}},{"type":"Feature","properties":{"name":"中湖街178巷","kind":"service"},"geometry":{"type":"LineString","coordinates":[[121.34922190000002,24.974327100000004],[121.3498953,24.974633300000004]]}},{"type":"Feature","properties":{"name":null,"kind":"service"},"geometry":{"type":"LineString","coordinates":[[121.3481721,24.974381299999997],[121.34794680000002,24.9746488],[121.34714750000002,24.975098599999992]]}},{"type":"Feature","properties":{"name":"中湖街","kind":"residential"},"geometry":{"type":"LineString","coordinates":[[121.34962799999998,24.973570699999993],[121.3492403,24.974114199999995],[121.3491292,24.975280799999997],[121.34849730000002,24.9758982],[121.3484007,24.976034400000003],[121.34837920000001,24.976306599999997]]}},{"type":"Feature","properties":{"name":null,"kind":"path"},"geometry":{"type":"LineString","coordinates":[[121.3519632,24.9725267],[121.3518137,24.972464599999995],[121.3515903,24.9728172],[121.3516097,24.973655299999997],[121.35221050000001,24.9741416],[121.3525967,24.9742583],[121.35300610000002,24.9746115],[121.35365810000002,24.975478599999995],[121.3538248,24.975558999999997],[121.3542715,24.975581799999997],[121.35465530000002,24.975833899999998],[121.3554506,24.976125600000003],[121.35563440000001,24.976288200000003],[121.3559172,24.9767704],[121.3562301,24.9776628],[121.35557619999999,24.9777161],[121.35492150000002,24.977882699999995],[121.3539776,24.977763699999997]]}},{"type":"Feature","properties":{"name":"中湖街258巷","kind":"residential"},"geometry":{"type":"LineString","coordinates":[[121.34837400000002,24.976260800000002],[121.3488305,24.976383099999996],[121.34908700000001,24.976333900000004],[121.34953730000001,24.975754199999997]]}},{"type":"Feature","properties":{"name":"中湖街","kind":"residential"},"geometry":{"type":"LineString","coordinates":[[121.34837920000001,24.976306599999997],[121.3483871,24.976414899999998]]}},{"type":"Feature","properties":{"name":"中湖街280巷","kind":"residential"},"geometry":{"type":"LineString","coordinates":[[121.34846170000002,24.9770724],[121.34843380000001,24.976819099999997]]}},{"type":"Feature","properties":{"name":"中湖街280巷","kind":"residential"},"geometry":{"type":"LineString","coordinates":[[121.34846890000001,24.9772242],[121.34846170000002,24.9770724]]}},{"type":"Feature","properties":{"name":"中湖街301巷","kind":"residential"},"geometry":{"type":"LineString","coordinates":[[121.34769179999999,24.977038999999998],[121.34792100000001,24.9773238]]}},{"type":"Feature","properties":{"name":null,"kind":"service"},"geometry":{"type":"LineString","coordinates":[[121.34846760000002,24.977365100000007],[121.34846890000001,24.9772242]]}},{"type":"Feature","properties":{"name":"中湖街303巷","kind":"residential"},"geometry":{"type":"LineString","coordinates":[[121.34746250000002,24.9772185],[121.34771460000002,24.9775563]]}},{"type":"Feature","properties":{"name":"中湖街305巷","kind":"residential"},"geometry":{"type":"LineString","coordinates":[[121.3471711,24.977355799999998],[121.3474445,24.977730999999995]]}},{"type":"Feature","properties":{"name":null,"kind":"service"},"geometry":{"type":"LineString","coordinates":[[121.35473759999999,24.9719813],[121.35492719999999,24.9723382]]}},{"type":"Feature","properties":{"name":null,"kind":"service"},"geometry":{"type":"LineString","coordinates":[[121.35454989999998,24.972083599999994],[121.35498210000002,24.9726339],[121.355195,24.9732937],[121.3555486,24.973825899999998],[121.355552,24.973993900000004],[121.355346,24.974006399999997]]}},{"type":"Feature","properties":{"name":null,"kind":"service"},"geometry":{"type":"LineString","coordinates":[[121.35786020000002,24.9735312],[121.3581062,24.9732027]]}},{"type":"Feature","properties":{"name":null,"kind":"service"},"geometry":{"type":"LineString","coordinates":[[121.35414060000001,24.972275299999996],[121.3543015,24.9724085],[121.35430959999998,24.9725422],[121.35391259999999,24.973286199999993],[121.35387239999999,24.9735172],[121.35397700000001,24.97392809999999],[121.3547012,24.974621099999993],[121.3551866,24.974966399999996]]}},{"type":"Feature","properties":{"name":null,"kind":"service"},"geometry":{"type":"LineString","coordinates":[[121.35813159999998,24.9737851],[121.3589786,24.9742416],[121.3591422,24.974042299999997],[121.3598879,24.973816099999997]]}},{"type":"Feature","properties":{"name":null,"kind":"service"},"geometry":{"type":"LineString","coordinates":[[121.3577911,24.9760012],[121.35831809999999,24.975563599999994],[121.358546,24.975018999999993]]}},{"type":"Feature","properties":{"name":null,"kind":"service"},"geometry":{"type":"LineString","coordinates":[[121.358801,24.9750073],[121.35885640000001,24.975259399999995],[121.3587311,24.975483500000003],[121.3587397,24.975674899999998],[121.3588873,24.976017199999998],[121.35890100000002,24.976329999999997],[121.3588547,24.976427999999995],[121.35869499999998,24.976432699999993]]}},{"type":"Feature","properties":{"name":null,"kind":"path"},"geometry":{"type":"LineString","coordinates":[[121.3562301,24.9776628],[121.3566483,24.977654900000005],[121.35737329999999,24.977920699999995],[121.35754190000002,24.9780685],[121.3578124,24.9780292],[121.35856830000002,24.9782178],[121.35961000000002,24.9781758],[121.3601151,24.978034],[121.36081370000001,24.9780709],[121.3612484,24.978171899999996]]}},{"type":"Feature","properties":{"name":null,"kind":"tertiary"},"geometry":{"type":"LineString","coordinates":[[121.35813159999998,24.9737851],[121.3582255,24.973991799999993],[121.3582295,24.974650699999998],[121.358546,24.975018999999993],[121.3590539,24.97501400000001],[121.3594271,24.975190499999993],[121.35960010000001,24.97539589999999],[121.3601366,24.9757472],[121.3607106,24.9757424],[121.36102030000002,24.9759466],[121.3619672,24.976244499999996],[121.3622251,24.976687100000003],[121.36251970000001,24.9769167],[121.3626806,24.9768085],[121.36269540000002,24.9766067],[121.36254790000001,24.97580069999999],[121.3627128,24.975645099999998],[121.36307800000002,24.975559],[121.3632564,24.9753718],[121.3632993,24.975293900000004],[121.3632135,24.9749487]]}},{"type":"Feature","properties":{"name":null,"kind":"steps"},"geometry":{"type":"LineString","coordinates":[[121.3655861,24.976035899999996],[121.3659168,24.975568299999992],[121.36643980000001,24.975485599999992],[121.36654180000001,24.975242499999993]]}},{"type":"Feature","properties":{"name":null,"kind":"service"},"geometry":{"type":"LineString","coordinates":[[121.36307800000002,24.975559],[121.36341070000002,24.975647499999997],[121.36368880000002,24.9756335],[121.36408100000001,24.975914],[121.36416980000001,24.976063899999993],[121.3640943,24.9761388],[121.36385750000001,24.9760629]]}},{"type":"Feature","properties":{"name":null,"kind":"service"},"geometry":{"type":"LineString","coordinates":[[121.36586649999998,24.976254800000003],[121.3658015,24.9766286],[121.3659011,24.976736399999997],[121.3662854,24.976888499999998],[121.366151,24.977335199999995],[121.36618500000002,24.977433099999995],[121.366265,24.9774331],[121.36690960000001,24.976843400000003]]}},{"type":"Feature","properties":{"name":null,"kind":"footway"},"geometry":{"type":"LineString","coordinates":[[121.35997160000001,24.975606199999994],[121.36005790000002,24.9758118],[121.3604226,24.9760015],[121.36062650000001,24.976380800000005],[121.36083569999998,24.976502399999994],[121.3609054,24.976672499999992],[121.3608786,24.976906],[121.36121120000001,24.977513799999997],[121.36123799999999,24.977698599999997],[121.3611468,24.977932],[121.3613545,24.9786423],[121.36145120000002,24.978734399999997],[121.3621315,24.9789096],[121.3627317,24.979194799999995],[121.36306780000001,24.979407500000004],[121.36337440000001,24.97974809999999],[121.36361449999998,24.979604699999996],[121.36402750000002,24.9791282],[121.3643607,24.979130599999998]]}},{"type":"Feature","properties":{"name":null,"kind":"path"},"geometry":{"type":"LineString","coordinates":[[121.3662518,24.9784429],[121.36613139999999,24.9779996],[121.3659731,24.977934000000005],[121.3661287,24.97772979999999],[121.36618500000002,24.977433099999995]]}},{"type":"Feature","properties":{"name":"福源山步道","kind":"path"},"geometry":{"type":"LineString","coordinates":[[121.36503029999999,24.978485900000003],[121.36472729999998,24.9787609]]}},{"type":"Feature","properties":{"name":"福源山步道","kind":"path"},"geometry":{"type":"LineString","coordinates":[[121.36843190000002,24.976415199999998],[121.3684139,24.9767764],[121.36810969999999,24.9771799],[121.3679689,24.977303699999993],[121.3675605,24.977444799999994],[121.3673427,24.977747200000003],[121.3668975,24.9778494],[121.3663216,24.978411900000005],[121.36580979999998,24.978565099999997],[121.36535030000002,24.9783533],[121.3648358,24.9785359],[121.36472729999998,24.9787609],[121.36392109999998,24.979737000000007],[121.36361449999998,24.980849599999992],[121.3634482,24.9810489],[121.3626811,24.9815595],[121.36196630000002,24.9827909],[121.36177319999999,24.982839600000002],[121.36145930000002,24.9832116],[121.3612447,24.983344],[121.36112540000002,24.98358719999999],[121.36092689999998,24.98371849999999],[121.3607391,24.984359099999995],[121.3605621,24.9846034],[121.36032070000002,24.984632600000005],[121.3598433,24.984448999999998],[121.35923170000001,24.984360299999995],[121.35875430000002,24.984447800000005],[121.3576385,24.9841415],[121.35748290000001,24.9841463],[121.35739170000001,24.984263],[121.3572952,24.984262999999995],[121.3572094,24.9844819],[121.3569586,24.984767499999997],[121.35643960000002,24.984729799999993],[121.35620080000001,24.9846156],[121.35557859999999,24.984568200000005],[121.35533050000001,24.9844332],[121.3549201,24.984367599999988],[121.3542107,24.983560400000002]]}},{"type":"Feature","properties":{"name":"永和街115巷","kind":"residential"},"geometry":{"type":"LineString","coordinates":[[121.33307700000002,24.969709299999998],[121.33362220000001,24.9687344]]}},{"type":"Feature","properties":{"name":null,"kind":"steps"},"geometry":{"type":"LineString","coordinates":[[121.334808,24.9692777],[121.3349073,24.969189899999996]]}},{"type":"Feature","properties":{"name":null,"kind":"footway"},"geometry":{"type":"LineString","coordinates":[[121.3347328,24.969344],[121.334808,24.9692777]]}},{"type":"Feature","properties":{"name":null,"kind":"steps"},"geometry":{"type":"LineString","coordinates":[[121.33477259999998,24.9694903],[121.3346726,24.9693973],[121.3347328,24.969344]]}},{"type":"Feature","properties":{"name":"鶯桃路658巷","kind":"residential"},"geometry":{"type":"LineString","coordinates":[[121.3308729,24.9703456],[121.32903249999998,24.9692104]]}},{"type":"Feature","properties":{"name":"鶯桃路658巷37弄","kind":"service"},"geometry":{"type":"LineString","coordinates":[[121.3297278,24.9702112],[121.33001440000001,24.9697835]]}},{"type":"Feature","properties":{"name":"鶯桃路658巷47弄","kind":"service"},"geometry":{"type":"LineString","coordinates":[[121.33037380000002,24.970006399999995],[121.3300679,24.9704215]]}},{"type":"Feature","properties":{"name":null,"kind":"steps"},"geometry":{"type":"LineString","coordinates":[[121.3300679,24.9704215],[121.3300358,24.9704645]]}},{"type":"Feature","properties":{"name":"鳳七路101巷","kind":"service"},"geometry":{"type":"LineString","coordinates":[[121.33053730000002,24.970774699999996],[121.32969810000002,24.9702556]]}},{"type":"Feature","properties":{"name":"鶯桃路668巷52弄13衕","kind":"service"},"geometry":{"type":"LineString","coordinates":[[121.3295339,24.970471699999997],[121.3300622,24.970819499999998]]}},{"type":"Feature","properties":{"name":"大湖路326巷61弄","kind":"service"},"geometry":{"type":"LineString","coordinates":[[121.34592830000001,24.9693284],[121.34638160000002,24.969397199999996]]}},{"type":"Feature","properties":{"name":null,"kind":"service"},"geometry":{"type":"LineString","coordinates":[[121.3514852,24.9703151],[121.35150010000001,24.9701558],[121.35160770000002,24.9700653],[121.3521123,24.970046099999994],[121.3521656,24.968820300000004],[121.35228979999998,24.9686975]]}},{"type":"Feature","properties":{"name":"大湖路338巷11弄","kind":"service"},"geometry":{"type":"LineString","coordinates":[[121.3464886,24.969367200000004],[121.3470831,24.9694202],[121.34706830000002,24.9696735]]}},{"type":"Feature","properties":{"name":"大湖路338巷9弄","kind":"service"},"geometry":{"type":"LineString","coordinates":[[121.3465514,24.9693961],[121.34652830000002,24.9696206],[121.34706830000002,24.9696735]]}},{"type":"Feature","properties":{"name":"大湖路326巷","kind":"service"},"geometry":{"type":"LineString","coordinates":[[121.3452558,24.9705027],[121.3455935,24.970238499999997],[121.3461109,24.970377799999998],[121.34623789999999,24.969611799999996],[121.34583920000001,24.969566000000004],[121.3458717,24.969433899999995],[121.3460091,24.969194600000005],[121.3464229,24.969246399999996],[121.34638160000002,24.969397199999996]]}},{"type":"Feature","properties":{"name":"大湖路338巷7弄","kind":"service"},"geometry":{"type":"LineString","coordinates":[[121.34697870000001,24.970113599999994],[121.34698379999999,24.969848799999998],[121.34639300000002,24.9698309]]}},{"type":"Feature","properties":{"name":"大湖路326巷2弄","kind":"service"},"geometry":{"type":"LineString","coordinates":[[121.345776,24.970323099999995],[121.345881,24.969770799999992],[121.3453972,24.969711899999997]]}},{"type":"Feature","properties":{"name":"大湖路338巷5弄","kind":"service"},"geometry":{"type":"LineString","coordinates":[[121.3463488,24.9700822],[121.34697870000001,24.970113599999994]]}},{"type":"Feature","properties":{"name":"大湖路338巷","kind":"service"},"geometry":{"type":"LineString","coordinates":[[121.3473214,24.968949099999996],[121.346793,24.9689177],[121.34662460000001,24.9689837],[121.34630120000001,24.9703514],[121.3463191,24.9707998],[121.3464118,24.9710507],[121.34603810000002,24.9713141]]}},{"type":"Feature","properties":{"name":null,"kind":"service"},"geometry":{"type":"LineString","coordinates":[[121.3526448,24.970241400000003],[121.3522563,24.970242699999996]]}},{"type":"Feature","properties":{"name":"大湖路326巷","kind":"service"},"geometry":{"type":"LineString","coordinates":[[121.34523880000002,24.970458199999996],[121.3455,24.9701288]]}},{"type":"Feature","properties":{"name":null,"kind":"service"},"geometry":{"type":"LineString","coordinates":[[121.34629850000002,24.970601999999996],[121.3472173,24.9706341],[121.34746410000001,24.970359299999995],[121.34746119999998,24.9700256]]}},{"type":"Feature","properties":{"name":"大湖路334巷","kind":"service"},"geometry":{"type":"LineString","coordinates":[[121.34580799999999,24.9706938],[121.3455854,24.9705166],[121.3453534,24.9707255]]}},{"type":"Feature","properties":{"name":null,"kind":"steps"},"geometry":{"type":"LineString","coordinates":[[121.35267430000002,24.970666799999996],[121.3525944,24.970611399999996]]}},{"type":"Feature","properties":{"name":null,"kind":"service"},"geometry":{"type":"LineString","coordinates":[[121.345389,24.9707827],[121.34559770000001,24.970785799999994],[121.3459594,24.971084100000002]]}},{"type":"Feature","properties":{"name":null,"kind":"service"},"geometry":{"type":"LineString","coordinates":[[121.35147870000002,24.971087799999996],[121.35116360000002,24.9711204],[121.35103800000002,24.970748799999996]]}},{"type":"Feature","properties":{"name":null,"kind":"residential"},"geometry":{"type":"LineString","coordinates":[[121.35296089999999,24.971327799999994],[121.35319039999999,24.9710907],[121.35322379999998,24.970570800000004],[121.35350389999999,24.970551],[121.35367019999998,24.970654300000003],[121.35384740000002,24.970644099999998]]}},{"type":"Feature","properties":{"name":null,"kind":"service"},"geometry":{"type":"LineString","coordinates":[[121.3529355,24.9712659],[121.35288280000002,24.9708533],[121.35267430000002,24.970666799999996]]}},{"type":"Feature","properties":{"name":null,"kind":"residential"},"geometry":{"type":"LineString","coordinates":[[121.35319039999999,24.9710907],[121.3536896,24.971089899999996]]}},{"type":"Feature","properties":{"name":null,"kind":"service"},"geometry":{"type":"LineString","coordinates":[[121.3512862,24.9721531],[121.35147640000001,24.97136259999999],[121.3514852,24.9703151]]}},{"type":"Feature","properties":{"name":"大湖路185巷","kind":"service"},"geometry":{"type":"LineString","coordinates":[[121.34432860000001,24.969661700000003],[121.3433591,24.9709186]]}},{"type":"Feature","properties":{"name":null,"kind":"service"},"geometry":{"type":"LineString","coordinates":[[121.34122930000001,24.9724616],[121.34082489999999,24.972274199999994],[121.3406874,24.9721273],[121.34054559999998,24.971473999999997],[121.3406531,24.9706327],[121.34125060000001,24.970041999999996]]}},{"type":"Feature","properties":{"name":"大湖路460巷","kind":"residential"},"geometry":{"type":"LineString","coordinates":[[121.3399291,24.9720923],[121.3399445,24.9725377]]}},{"type":"Feature","properties":{"name":"大湖路468巷7弄","kind":"service"},"geometry":{"type":"LineString","coordinates":[[121.3396192,24.9724487],[121.3388899,24.9724662],[121.33888580000001,24.9722967]]}},{"type":"Feature","properties":{"name":"鳳鳴橋","kind":"tertiary"},"geometry":{"type":"LineString","coordinates":[[121.3372547,24.9725711],[121.336934,24.9722723]]}},{"type":"Feature","properties":{"name":"大湖路468巷","kind":"residential"},"geometry":{"type":"LineString","coordinates":[[121.3395944,24.972047900000003],[121.3396346,24.972862999999993]]}},{"type":"Feature","properties":{"name":null,"kind":"residential"},"geometry":{"type":"LineString","coordinates":[[121.33962779999999,24.9725875],[121.3399445,24.9725377]]}},{"type":"Feature","properties":{"name":"大湖路468巷9弄","kind":"service"},"geometry":{"type":"LineString","coordinates":[[121.33962899999999,24.972635799999995],[121.3393777,24.972646799999996]]}},{"type":"Feature","properties":{"name":"大湖路460巷2弄","kind":"service"},"geometry":{"type":"LineString","coordinates":[[121.3399445,24.9725377],[121.34028729999999,24.9725665],[121.34028870000002,24.972890500000002]]}},{"type":"Feature","properties":{"name":"大湖路","kind":"tertiary"},"geometry":{"type":"LineString","coordinates":[[121.3372547,24.9725711],[121.33740589999998,24.972552700000005],[121.33797139999999,24.9721917],[121.3390462,24.971972],[121.33937370000001,24.971974599999992],[121.3399291,24.9720923],[121.34048310000001,24.9723814],[121.34152330000002,24.972533099999996],[121.34332380000001,24.973424999999995],[121.3436672,24.9734623]]}},{"type":"Feature","properties":{"name":"永和二街","kind":"residential"},"geometry":{"type":"LineString","coordinates":[[121.3359556,24.9703775],[121.3354186,24.9710836]]}},{"type":"Feature","properties":{"name":"鶯歌路","kind":"tertiary"},"geometry":{"type":"LineString","coordinates":[[121.336934,24.9722723],[121.3354186,24.9710836],[121.33391259999999,24.9701516]]}},{"type":"Feature","properties":{"name":"龍七路","kind":"residential"},"geometry":{"type":"LineString","coordinates":[[121.33142389999999,24.969678399999996],[121.33476110000001,24.971772799999993],[121.33611740000002,24.972852600000003]]}},{"type":"Feature","properties":{"name":"永和街","kind":"unclassified"},"geometry":{"type":"LineString","coordinates":[[121.336974,24.972178899999996],[121.3372569,24.971883599999995],[121.3364518,24.9708473],[121.33648100000002,24.970692699999997],[121.3359556,24.9703775]]}},{"type":"Feature","properties":{"name":"鳳七路","kind":"residential"},"geometry":{"type":"LineString","coordinates":[[121.3319464,24.969037699999998],[121.3282132,24.9736717]]}},{"type":"Feature","properties":{"name":"鳳三路","kind":"residential"},"geometry":{"type":"LineString","coordinates":[[121.3354186,24.9710836],[121.33476110000001,24.971772799999993]]}},{"type":"Feature","properties":{"name":"龍五路","kind":"residential"},"geometry":{"type":"LineString","coordinates":[[121.3355155,24.973406799999992],[121.332913,24.9714598],[121.3308729,24.9703456]]}},{"type":"Feature","properties":{"name":"鳳鳴路","kind":"unclassified"},"geometry":{"type":"LineString","coordinates":[[121.33391259999999,24.9701516],[121.332913,24.9714598],[121.3300089,24.974750200000003]]}},{"type":"Feature","properties":{"name":"鳳五路","kind":"residential"},"geometry":{"type":"LineString","coordinates":[[121.33165550000001,24.9707957],[121.3290832,24.974194299999997]]}},{"type":"Feature","properties":{"name":"鳳一路","kind":"unclassified"},"geometry":{"type":"LineString","coordinates":[[121.336974,24.972178899999996],[121.3366888,24.972316099999993],[121.33611740000002,24.972852600000003]]}},{"type":"Feature","properties":{"name":"大湖路460巷","kind":"residential"},"geometry":{"type":"LineString","coordinates":[[121.3399445,24.9725377],[121.3399602,24.972937699999996]]}},{"type":"Feature","properties":{"name":"大湖路金包珠巷","kind":"service"},"geometry":{"type":"LineString","coordinates":[[121.3444763,24.9731316],[121.3448265,24.972727099999997],[121.3446203,24.9724378],[121.3443043,24.972377400000003]]}},{"type":"Feature","properties":{"name":"大湖路530巷","kind":"service"},"geometry":{"type":"LineString","coordinates":[[121.3372547,24.9725711],[121.33753720000001,24.97303399999999],[121.33830830000001,24.9735754]]}},{"type":"Feature","properties":{"name":"湖山路7巷","kind":"service"},"geometry":{"type":"LineString","coordinates":[[121.3409438,24.973158899999994],[121.3413005,24.9731728]]}},{"type":"Feature","properties":{"name":"金包珠橋","kind":"service"},"geometry":{"type":"LineString","coordinates":[[121.3444208,24.97326],[121.3444763,24.9731316]]}},{"type":"Feature","properties":{"name":"湖山路","kind":"residential"},"geometry":{"type":"LineString","coordinates":[[121.34032450000001,24.9737469],[121.34063830000001,24.9737469],[121.34081670000002,24.973665399999998],[121.3412954,24.973237499999996],[121.3413156,24.97302839999999],[121.34156770000001,24.9729129],[121.3418136,24.9726732]]}},{"type":"Feature","properties":{"name":null,"kind":"residential"},"geometry":{"type":"LineString","coordinates":[[121.33671780000002,24.9736114],[121.3370666,24.9733346],[121.33744249999998,24.972856699999998]]}},{"type":"Feature","properties":{"name":"大湖路","kind":"tertiary"},"geometry":{"type":"LineString","coordinates":[[121.34392319999999,24.9734919],[121.34465560000001,24.973547599999993],[121.34561629999999,24.973077899999996],[121.34612450000002,24.972908700000005]]}},{"type":"Feature","properties":{"name":"國際二路4巷","kind":"service"},"geometry":{"type":"LineString","coordinates":[[121.3385379,24.973197799999998],[121.3392509,24.9735152]]}},{"type":"Feature","properties":{"name":"國際二路2巷","kind":"service"},"geometry":{"type":"LineString","coordinates":[[121.3387344,24.9728482],[121.33941420000001,24.973150599999997],[121.3390332,24.973922699999996]]}},{"type":"Feature","properties":{"name":"大湖路金包珠巷","kind":"service"},"geometry":{"type":"LineString","coordinates":[[121.34443410000002,24.9735559],[121.34437710000002,24.973423599999997],[121.3444208,24.97326]]}},{"type":"Feature","properties":{"name":"湖山路12巷","kind":"service"},"geometry":{"type":"LineString","coordinates":[[121.3414029,24.973527600000004],[121.3411379,24.973513600000004],[121.3410836,24.9734094]]}},{"type":"Feature","properties":{"name":"大湖路548巷1弄","kind":"service"},"geometry":{"type":"LineString","coordinates":[[121.3375971,24.973700799999992],[121.33712290000001,24.9732623]]}},{"type":"Feature","properties":{"name":"大湖橋","kind":"tertiary"},"geometry":{"type":"LineString","coordinates":[[121.3436672,24.9734623],[121.34392319999999,24.9734919]]}},{"type":"Feature","properties":{"name":null,"kind":"service"},"geometry":{"type":"LineString","coordinates":[[121.3412766,24.973845999999998],[121.3411878,24.973529299999996]]}},{"type":"Feature","properties":{"name":"大湖路548巷2弄","kind":"service"},"geometry":{"type":"LineString","coordinates":[[121.3371621,24.974021399999998],[121.3373003,24.973863],[121.33688799999999,24.973476299999994]]}},{"type":"Feature","properties":{"name":"國際二路6巷","kind":"service"},"geometry":{"type":"LineString","coordinates":[[121.33830830000001,24.9735754],[121.3390332,24.973922699999996]]}},{"type":"Feature","properties":{"name":"湖山路23巷","kind":"residential"},"geometry":{"type":"LineString","coordinates":[[121.34032200000001,24.9737775],[121.3397894,24.973778499999998]]}},{"type":"Feature","properties":{"name":"湖山路25巷","kind":"residential"},"geometry":{"type":"LineString","coordinates":[[121.3390332,24.973922699999996],[121.3395178,24.9740812],[121.34031459999999,24.974086399999997]]}},{"type":"Feature","properties":{"name":"國際二路8巷","kind":"service"},"geometry":{"type":"LineString","coordinates":[[121.3381049,24.9738867],[121.3388055,24.974297300000003]]}},{"type":"Feature","properties":{"name":"鳳鳴車站","kind":"footway"},"geometry":{"type":"LineString","coordinates":[[121.33660050000002,24.9726792],[121.33679730000001,24.9724968],[121.3366358,24.9723659]]}},{"type":"Feature","properties":{"name":"鳳鳴車站","kind":"footway"},"geometry":{"type":"LineString","coordinates":[[121.33653120000001,24.972616299999995],[121.3366694,24.972739200000003]]}},{"type":"Feature","properties":{"name":"南下月台樓梯","kind":"steps"},"geometry":{"type":"LineString","coordinates":[[121.3364315,24.9727727],[121.3365681,24.972649700000005]]}},{"type":"Feature","properties":{"name":"北上月台樓梯","kind":"steps"},"geometry":{"type":"LineString","coordinates":[[121.33650360000001,24.972823900000005],[121.33663110000002,24.972707099999997]]}},{"type":"Feature","properties":{"name":"大湖路548巷","kind":"residential"},"geometry":{"type":"LineString","coordinates":[[121.3367006,24.973081399999998],[121.3370666,24.9733346]]}},{"type":"Feature","properties":{"name":"龍三路","kind":"residential"},"geometry":{"type":"LineString","coordinates":[[121.329792,24.971691299999996],[121.3340028,24.9747471]]}},{"type":"Feature","properties":{"name":"鳳三路","kind":"residential"},"geometry":{"type":"LineString","coordinates":[[121.33476110000001,24.971772799999993],[121.33288179999998,24.973901299999998],[121.3304949,24.9764433]]}},{"type":"Feature","properties":{"name":"大湖路590巷","kind":"service"},"geometry":{"type":"LineString","coordinates":[[121.3357669,24.9738554],[121.3359319,24.9742105],[121.33617420000002,24.974224099999997],[121.3362392,24.9743531],[121.3365116,24.974227799999998],[121.33696290000002,24.974161499999997],[121.3371621,24.974021399999998]]}},{"type":"Feature","properties":{"name":null,"kind":"service"},"geometry":{"type":"LineString","coordinates":[[121.3359319,24.9742105],[121.3360522,24.974529999999994]]}},{"type":"Feature","properties":{"name":"大湖路600巷","kind":"service"},"geometry":{"type":"LineString","coordinates":[[121.33524110000002,24.974295499999997],[121.3352798,24.974693499999997]]}},{"type":"Feature","properties":{"name":"湖山路28巷","kind":"residential"},"geometry":{"type":"LineString","coordinates":[[121.34031459999999,24.974086399999997],[121.3414083,24.974102500000004]]}},{"type":"Feature","properties":{"name":"國際二路10巷","kind":"service"},"geometry":{"type":"LineString","coordinates":[[121.33791730000002,24.97416],[121.33863359999998,24.974538700000004]]}},{"type":"Feature","properties":{"name":"湖山路27巷","kind":"residential"},"geometry":{"type":"LineString","coordinates":[[121.3403003,24.9743903],[121.3395277,24.974358099999996]]}},{"type":"Feature","properties":{"name":"湖山路30巷","kind":"residential"},"geometry":{"type":"LineString","coordinates":[[121.3403003,24.9743903],[121.341458,24.974393499999994]]}},{"type":"Feature","properties":{"name":"湖山路","kind":"residential"},"geometry":{"type":"LineString","coordinates":[[121.3390332,24.973922699999996],[121.3392409,24.97473039999999],[121.33956269999999,24.974948],[121.34023059999998,24.974989300000004]]}},{"type":"Feature","properties":{"name":"國際二路14巷","kind":"service"},"geometry":{"type":"LineString","coordinates":[[121.3375541,24.974670099999997],[121.3382496,24.97506969999999],[121.3390332,24.973922699999996]]}},{"type":"Feature","properties":{"name":"國際二路12巷","kind":"service"},"geometry":{"type":"LineString","coordinates":[[121.33773700000002,24.9744098],[121.33842610000002,24.974828800000004]]}},{"type":"Feature","properties":{"name":"湖山路29巷","kind":"residential"},"geometry":{"type":"LineString","coordinates":[[121.3402928,24.974640599999997],[121.33955960000002,24.974643700000005]]}},{"type":"Feature","properties":{"name":"湖山路32巷","kind":"residential"},"geometry":{"type":"LineString","coordinates":[[121.3402928,24.974640599999997],[121.3415137,24.974691400000005],[121.34151609999999,24.974912499999995],[121.3416567,24.9752324]]}},{"type":"Feature","properties":{"name":"湖山路","kind":"residential"},"geometry":{"type":"LineString","coordinates":[[121.34019840000002,24.976184399999998],[121.34032450000001,24.9737469]]}},{"type":"Feature","properties":{"name":"國際二路16巷","kind":"service"},"geometry":{"type":"LineString","coordinates":[[121.3374369,24.974730200000003],[121.33859800000002,24.975782900000002]]}},{"type":"Feature","properties":{"name":"湖山路54巷","kind":"residential"},"geometry":{"type":"LineString","coordinates":[[121.33950950000002,24.9752775],[121.3402065,24.975317599999997]]}},{"type":"Feature","properties":{"name":null,"kind":"service"},"geometry":{"type":"LineString","coordinates":[[121.337488,24.975617599999996],[121.3379441,24.975215299999995]]}},{"type":"Feature","properties":{"name":"國際二路18巷","kind":"service"},"geometry":{"type":"LineString","coordinates":[[121.33709049999999,24.974857399999998],[121.33849790000001,24.976120699999996]]}},{"type":"Feature","properties":{"name":"湖山路","kind":"residential"},"geometry":{"type":"LineString","coordinates":[[121.3395178,24.9740812],[121.33956540000001,24.9747802],[121.33951310000002,24.975549800000003],[121.33952520000001,24.9757649],[121.3396888,24.976134499999997],[121.3396713,24.976998799999993]]}},{"type":"Feature","properties":{"name":null,"kind":"steps"},"geometry":{"type":"LineString","coordinates":[[121.33717729999998,24.975637600000002],[121.3373366,24.97548009999999]]}},{"type":"Feature","properties":{"name":"湖山路56巷","kind":"residential"},"geometry":{"type":"LineString","coordinates":[[121.33951310000002,24.975549800000003],[121.3401901,24.97558619999999]]}},{"type":"Feature","properties":{"name":"國際二路20巷","kind":"service"},"geometry":{"type":"LineString","coordinates":[[121.33677450000002,24.9749698],[121.33838620000002,24.9764301]]}},{"type":"Feature","properties":{"name":"湖山路63巷","kind":"residential"},"geometry":{"type":"LineString","coordinates":[[121.3395833,24.9758522],[121.33859800000002,24.975782900000002]]}},{"type":"Feature","properties":{"name":"湖山路58巷","kind":"residential"},"geometry":{"type":"LineString","coordinates":[[121.3395833,24.9758522],[121.34017290000001,24.975890199999995]]}},{"type":"Feature","properties":{"name":"鳳一路","kind":"unclassified"},"geometry":{"type":"LineString","coordinates":[[121.3324015,24.976187199999995],[121.33611740000002,24.972852600000003]]}},{"type":"Feature","properties":{"name":"國際二路","kind":"unclassified"},"geometry":{"type":"LineString","coordinates":[[121.33485320000001,24.976239299999992],[121.3353095,24.975719800000004],[121.3357966,24.9753461],[121.3363102,24.9750898],[121.3375541,24.974670099999997],[121.3387344,24.9728482]]}},{"type":"Feature","properties":{"name":"大湖路600巷","kind":"path"},"geometry":{"type":"LineString","coordinates":[[121.3352798,24.974693499999997],[121.33497,24.9749719]]}},{"type":"Feature","properties":{"name":"龍一路","kind":"residential"},"geometry":{"type":"LineString","coordinates":[[121.3323163,24.9744943],[121.3333811,24.975285900000003]]}},{"type":"Feature","properties":{"name":"鳳福路","kind":"residential"},"geometry":{"type":"LineString","coordinates":[[121.3282132,24.9736717],[121.3324015,24.976187199999995]]}},{"type":"Feature","properties":{"name":"大湖路600巷","kind":"service"},"geometry":{"type":"LineString","coordinates":[[121.3351564,24.975152500000004],[121.3347257,24.9747357]]}},{"type":"Feature","properties":{"name":"國際一路122巷","kind":"service"},"geometry":{"type":"LineString","coordinates":[[121.3363724,24.9755554],[121.33657360000001,24.975374700000003],[121.3368405,24.9755992]]}},{"type":"Feature","properties":{"name":null,"kind":"footway"},"geometry":{"type":"LineString","coordinates":[[121.3312482,24.975590099999994],[121.33130800000002,24.975632399999995]]}},{"type":"Feature","properties":{"name":"大湖路","kind":"tertiary"},"geometry":{"type":"LineString","coordinates":[[121.3309834,24.978756299999997],[121.3310553,24.9781317],[121.33145689999999,24.977676800000005],[121.3372547,24.9725711]]}},{"type":"Feature","properties":{"name":"國際一路120巷","kind":"service"},"geometry":{"type":"LineString","coordinates":[[121.33660179999998,24.9757699],[121.3363724,24.9755554]]}},{"type":"Feature","properties":{"name":"國際二路70巷","kind":"service"},"geometry":{"type":"LineString","coordinates":[[121.3357966,24.9753461],[121.33515710000002,24.976064299999994],[121.3349818,24.976319699999994],[121.3349905,24.9764797],[121.3365557,24.9751257],[121.3381446,24.976474899999996]]}},{"type":"Feature","properties":{"name":"國際一路118巷","kind":"service"},"geometry":{"type":"LineString","coordinates":[[121.336448,24.976055800000005],[121.3361515,24.975756799999996],[121.3363724,24.9755554]]}},{"type":"Feature","properties":{"name":null,"kind":"steps"},"geometry":{"type":"LineString","coordinates":[[121.3366816,24.975841],[121.33660179999998,24.9757699]]}},{"type":"Feature","properties":{"name":"國際一路","kind":"unclassified"},"geometry":{"type":"LineString","coordinates":[[121.33384069999998,24.9755252],[121.3343503,24.9759589],[121.33485320000001,24.976239299999992]]}},{"type":"Feature","properties":{"name":null,"kind":"path"},"geometry":{"type":"LineString","coordinates":[[121.3365959,24.9762601],[121.3370765,24.975856699999998]]}},{"type":"Feature","properties":{"name":"國際一路116巷","kind":"service"},"geometry":{"type":"LineString","coordinates":[[121.33619940000001,24.9762843],[121.33589730000001,24.9759807]]}},{"type":"Feature","properties":{"name":"鳳吉一街","kind":"residential"},"geometry":{"type":"LineString","coordinates":[[121.32909639999998,24.9756023],[121.3313017,24.976928600000004]]}},{"type":"Feature","properties":{"name":"國際一路114巷","kind":"service"},"geometry":{"type":"LineString","coordinates":[[121.3359536,24.976506100000005],[121.33572200000002,24.976287499999998]]}},{"type":"Feature","properties":{"name":"大湖路700巷8弄","kind":"service"},"geometry":{"type":"LineString","coordinates":[[121.33348660000001,24.9767844],[121.3336968,24.976351199999996]]}},{"type":"Feature","properties":{"name":"鳳一路","kind":"residential"},"geometry":{"type":"LineString","coordinates":[[121.3313017,24.976928600000004],[121.3315102,24.977040199999998],[121.3324015,24.976187199999995]]}},{"type":"Feature","properties":{"name":null,"kind":"service"},"geometry":{"type":"LineString","coordinates":[[121.3380057,24.976087600000003],[121.3382214,24.975886700000004]]}},{"type":"Feature","properties":{"name":"湖山路65巷","kind":"residential"},"geometry":{"type":"LineString","coordinates":[[121.3396888,24.976134499999997],[121.33849790000001,24.976120699999996]]}},{"type":"Feature","properties":{"name":"湖山路60巷","kind":"residential"},"geometry":{"type":"LineString","coordinates":[[121.3396888,24.976134499999997],[121.34019840000002,24.976184399999998]]}},{"type":"Feature","properties":{"name":null,"kind":"service"},"geometry":{"type":"LineString","coordinates":[[121.3367645,24.976414099999992],[121.33722690000002,24.975988100000002]]}},{"type":"Feature","properties":{"name":null,"kind":"path"},"geometry":{"type":"LineString","coordinates":[[121.3369125,24.976558199999996],[121.33722690000002,24.976260899999996]]}},{"type":"Feature","properties":{"name":"湖山路67巷","kind":"residential"},"geometry":{"type":"LineString","coordinates":[[121.33838620000002,24.9764301],[121.33969550000002,24.976435999999996]]}},{"type":"Feature","properties":{"name":"湖山路62巷","kind":"residential"},"geometry":{"type":"LineString","coordinates":[[121.33969550000002,24.976435999999996],[121.3403084,24.976457899999996]]}},{"type":"Feature","properties":{"name":"晨曦街15巷","kind":"service"},"geometry":{"type":"LineString","coordinates":[[121.3375959,24.976574],[121.3373688,24.976779899999997]]}},{"type":"Feature","properties":{"name":"晨曦街","kind":"residential"},"geometry":{"type":"LineString","coordinates":[[121.33641030000001,24.9760904],[121.33704840000001,24.9766958],[121.3373981,24.976391499999995],[121.3383876,24.9773273]]}},{"type":"Feature","properties":{"name":"湖山路69巷","kind":"residential"},"geometry":{"type":"LineString","coordinates":[[121.3396807,24.9767156],[121.3388292,24.9767083]]}},{"type":"Feature","properties":{"name":"國際一路112巷","kind":"service"},"geometry":{"type":"LineString","coordinates":[[121.3356973,24.976728699999995],[121.33548200000001,24.976533300000003]]}},{"type":"Feature","properties":{"name":"朝陽街居易巷","kind":"service"},"geometry":{"type":"LineString","coordinates":[[121.3365518,24.9768999],[121.33677000000002,24.976686400000002]]}},{"type":"Feature","properties":{"name":"國際一路110巷","kind":"service"},"geometry":{"type":"LineString","coordinates":[[121.33546760000002,24.976939],[121.3352376,24.9767264]]}},{"type":"Feature","properties":{"name":"國際一路","kind":"unclassified"},"geometry":{"type":"LineString","coordinates":[[121.33485320000001,24.976239299999992],[121.3346915,24.976581700000004],[121.33470629999998,24.976913699999997],[121.3349883,24.9776214],[121.3353734,24.978189899999997],[121.3354933,24.978249000000005],[121.33576730000001,24.9780623],[121.33506710000002,24.977324499999998],[121.33703589999999,24.9755152]]}},{"type":"Feature","properties":{"name":"大湖路700巷10弄","kind":"service"},"geometry":{"type":"LineString","coordinates":[[121.33408250000001,24.977234400000004],[121.3342133,24.9769423],[121.3335278,24.976701800000004]]}},{"type":"Feature","properties":{"name":null,"kind":"path"},"geometry":{"type":"LineString","coordinates":[[121.3358141,24.9769078],[121.335658,24.97702369999999]]}},{"type":"Feature","properties":{"name":"大湖路700巷","kind":"service"},"geometry":{"type":"LineString","coordinates":[[121.3328739,24.976376200000004],[121.33348660000001,24.9767844],[121.3329908,24.977656500000002]]}},{"type":"Feature","properties":{"name":"大湖路700巷10弄","kind":"service"},"geometry":{"type":"LineString","coordinates":[[121.3338723,24.977162399999997],[121.33400620000002,24.976869699999995]]}},{"type":"Feature","properties":{"name":"朝陽街五柳巷","kind":"service"},"geometry":{"type":"LineString","coordinates":[[121.33679250000002,24.97713259999999],[121.33703829999999,24.976916399999993]]}},{"type":"Feature","properties":{"name":"國際一路108巷","kind":"living_street"},"geometry":{"type":"LineString","coordinates":[[121.335211,24.977165599999992],[121.3349637,24.976936299999995]]}},{"type":"Feature","properties":{"name":null,"kind":"path"},"geometry":{"type":"LineString","coordinates":[[121.33663990000001,24.976985],[121.33644420000002,24.977145799999995]]}},{"type":"Feature","properties":{"name":"鳳一路285巷","kind":"service"},"geometry":{"type":"LineString","coordinates":[[121.330566,24.9769381],[121.331086,24.977249700000005]]}},{"type":"Feature","properties":{"name":null,"kind":"service"},"geometry":{"type":"LineString","coordinates":[[121.33595849999999,24.977045700000005],[121.33567830000001,24.9772816]]}},{"type":"Feature","properties":{"name":"朝陽街24巷","kind":"service"},"geometry":{"type":"LineString","coordinates":[[121.3367636,24.977104599999997],[121.33662909999998,24.9772234]]}},{"type":"Feature","properties":{"name":"大湖路700巷22弄","kind":"service"},"geometry":{"type":"LineString","coordinates":[[121.3333988,24.976929199999994],[121.3337465,24.977057399999993],[121.33368010000001,24.9773098],[121.3345208,24.9774641]]}},{"type":"Feature","properties":{"name":null,"kind":"steps"},"geometry":{"type":"LineString","coordinates":[[121.33644420000002,24.977145799999995],[121.33625520000001,24.9773288]]}},{"type":"Feature","properties":{"name":null,"kind":"path"},"geometry":{"type":"LineString","coordinates":[[121.33609010000002,24.9771712],[121.3358834,24.9773286]]}},{"type":"Feature","properties":{"name":null,"kind":"path"},"geometry":{"type":"LineString","coordinates":[[121.3354726,24.977214100000005],[121.335377,24.9772911]]}},{"type":"Feature","properties":{"name":"鳳一路297巷","kind":"service"},"geometry":{"type":"LineString","coordinates":[[121.3304492,24.9771582],[121.3309207,24.9774713]]}},{"type":"Feature","properties":{"name":null,"kind":"steps"},"geometry":{"type":"LineString","coordinates":[[121.33567830000001,24.9772816],[121.33560719999998,24.977343599999998]]}},{"type":"Feature","properties":{"name":"湖山路64巷","kind":"residential"},"geometry":{"type":"LineString","coordinates":[[121.3404774,24.97676179999999],[121.3396807,24.9767156]]}},{"type":"Feature","properties":{"name":"晨曦街23巷","kind":"service"},"geometry":{"type":"LineString","coordinates":[[121.33780250000001,24.9767707],[121.3375197,24.977016599999995]]}},{"type":"Feature","properties":{"name":"湖山路71巷","kind":"residential"},"geometry":{"type":"LineString","coordinates":[[121.3396713,24.976998799999993],[121.3391416,24.977002499999994]]}},{"type":"Feature","properties":{"name":"湖山路66巷","kind":"residential"},"geometry":{"type":"LineString","coordinates":[[121.3396713,24.976998799999993],[121.340409,24.977040199999994]]}},{"type":"Feature","properties":{"name":"晨曦街31巷","kind":"service"},"geometry":{"type":"LineString","coordinates":[[121.33801300000002,24.976970899999998],[121.33767250000001,24.9772586]]}},{"type":"Feature","properties":{"name":"朝陽街東坡巷","kind":"service"},"geometry":{"type":"LineString","coordinates":[[121.33700590000001,24.97733879999999],[121.3372716,24.9771018]]}},{"type":"Feature","properties":{"name":"晨曦街39巷","kind":"service"},"geometry":{"type":"LineString","coordinates":[[121.3381915,24.977140699999996],[121.3379124,24.977386600000003]]}},{"type":"Feature","properties":{"name":"晨曦街43巷","kind":"service"},"geometry":{"type":"LineString","coordinates":[[121.3383876,24.9773273],[121.33817629999999,24.977521499999998]]}},{"type":"Feature","properties":{"name":"朝陽街47巷","kind":"service"},"geometry":{"type":"LineString","coordinates":[[121.33743489999999,24.9773436],[121.337216,24.977541999999993]]}},{"type":"Feature","properties":{"name":"朝陽街","kind":"residential"},"geometry":{"type":"LineString","coordinates":[[121.3360355,24.976435],[121.337893,24.978181799999994],[121.3383387,24.97849739999999]]}},{"type":"Feature","properties":{"name":"鳳一路276巷","kind":"service"},"geometry":{"type":"LineString","coordinates":[[121.33133900000001,24.977397700000004],[121.331086,24.977249700000005]]}},{"type":"Feature","properties":{"name":"鳳一路","kind":"residential"},"geometry":{"type":"LineString","coordinates":[[121.3313017,24.976928600000004],[121.3307522,24.977750499999996]]}},{"type":"Feature","properties":{"name":"朝陽街26巷","kind":"service"},"geometry":{"type":"LineString","coordinates":[[121.33698390000002,24.977317499999998],[121.3368319,24.9774459]]}},{"type":"Feature","properties":{"name":null,"kind":"service"},"geometry":{"type":"LineString","coordinates":[[121.329716,24.9776366],[121.3300289,24.977196299999996]]}},{"type":"Feature","properties":{"name":null,"kind":"service"},"geometry":{"type":"LineString","coordinates":[[121.33625520000001,24.9773288],[121.336021,24.9775014]]}},{"type":"Feature","properties":{"name":"鳳一路309巷","kind":"service"},"geometry":{"type":"LineString","coordinates":[[121.330763,24.977672799999993],[121.3300289,24.977196299999996]]}},{"type":"Feature","properties":{"name":null,"kind":"path"},"geometry":{"type":"LineString","coordinates":[[121.3348513,24.9772998],[121.3347435,24.977380399999998],[121.33471309999999,24.9775498],[121.3345208,24.9774641]]}},{"type":"Feature","properties":{"name":null,"kind":"service"},"geometry":{"type":"LineString","coordinates":[[121.3356257,24.9773615],[121.3353628,24.97756339999999]]}},{"type":"Feature","properties":{"name":"大湖路732巷1弄","kind":"service"},"geometry":{"type":"LineString","coordinates":[[121.3320697,24.9777043],[121.33256999999999,24.97727619999999]]}},{"type":"Feature","properties":{"name":"明圓街","kind":"residential"},"geometry":{"type":"LineString","coordinates":[[121.3356656,24.976766099999992],[121.3371695,24.9782013]]}},{"type":"Feature","properties":{"name":null,"kind":"path"},"geometry":{"type":"LineString","coordinates":[[121.33637350000001,24.9774417],[121.3362215,24.977562999999996]]}},{"type":"Feature","properties":{"name":"鳳一路290巷","kind":"service"},"geometry":{"type":"LineString","coordinates":[[121.33115930000001,24.9776129],[121.3309207,24.9774713]]}},{"type":"Feature","properties":{"name":"大湖路732巷","kind":"service"},"geometry":{"type":"LineString","coordinates":[[121.33358749999998,24.978178399999997],[121.3328636,24.977894800000005],[121.3329908,24.977656500000002],[121.33222340000002,24.9769629]]}},{"type":"Feature","properties":{"name":null,"kind":"steps"},"geometry":{"type":"LineString","coordinates":[[121.3353628,24.97756339999999],[121.3353052,24.977612500000003]]}},{"type":"Feature","properties":{"name":"鳳一路321巷","kind":"service"},"geometry":{"type":"LineString","coordinates":[[121.33057540000001,24.9778767],[121.32986980000001,24.9774151]]}},{"type":"Feature","properties":{"name":"大湖路732巷3弄","kind":"service"},"geometry":{"type":"LineString","coordinates":[[121.3323593,24.97784819999999],[121.3327758,24.9774622]]}},{"type":"Feature","properties":{"name":null,"kind":"service"},"geometry":{"type":"LineString","coordinates":[[121.33589240000002,24.977618199999995],[121.3357025,24.9777749]]}},{"type":"Feature","properties":{"name":null,"kind":"service"},"geometry":{"type":"LineString","coordinates":[[121.3365248,24.977586100000003],[121.3362302,24.9778276]]}},{"type":"Feature","properties":{"name":"鳳一路","kind":"residential"},"geometry":{"type":"LineString","coordinates":[[121.3306947,24.9777587],[121.3307522,24.977750499999996],[121.3307601,24.977802499999992],[121.33070440000002,24.9778101],[121.3306947,24.9777587]]}},{"type":"Feature","properties":{"name":"欣欣街","kind":"residential"},"geometry":{"type":"LineString","coordinates":[[121.33532300000002,24.977072],[121.33680039999999,24.978492399999997]]}},{"type":"Feature","properties":{"name":null,"kind":"service"},"geometry":{"type":"LineString","coordinates":[[121.3488413,24.977633499999996],[121.3489243,24.9774617],[121.34846760000002,24.977365100000007],[121.34844150000002,24.977946700000004]]}},{"type":"Feature","properties":{"name":"中湖街307巷","kind":"residential"},"geometry":{"type":"LineString","coordinates":[[121.3468936,24.977547],[121.34716200000001,24.9779168]]}},{"type":"Feature","properties":{"name":"中湖街315巷","kind":"residential"},"geometry":{"type":"LineString","coordinates":[[121.3464952,24.9781694],[121.3462024,24.978070800000005],[121.3460271,24.978091799999998],[121.34570530000002,24.977522899999997],[121.3453584,24.977663899999996],[121.3453047,24.977573100000008],[121.34505420000002,24.977558699999996],[121.34478790000001,24.9774013]]}},{"type":"Feature","properties":{"name":"中湖街","kind":"residential"},"geometry":{"type":"LineString","coordinates":[[121.3483871,24.976414899999998],[121.34843380000001,24.976819099999997],[121.3478066,24.977490899999992],[121.34689200000001,24.9781121],[121.34633330000001,24.97823809999999],[121.34617460000001,24.978562999999998],[121.34616490000002,24.978829799999996],[121.3464589,24.979184199999995]]}},{"type":"Feature","properties":{"name":"中湖街309巷","kind":"residential"},"geometry":{"type":"LineString","coordinates":[[121.3462024,24.978070800000005],[121.34633650000002,24.977881099999998],[121.34634359999998,24.977731999999996],[121.3464795,24.9776283],[121.34689200000001,24.9781121]]}},{"type":"Feature","properties":{"name":null,"kind":"path"},"geometry":{"type":"LineString","coordinates":[[121.34938519999999,24.978099699999998],[121.35025160000002,24.97851779999999],[121.35049950000001,24.9785473],[121.35195090000002,24.978086599999994],[121.3527356,24.97791339999999],[121.35294700000001,24.9775744],[121.35290629999999,24.977497],[121.3530933,24.9774233],[121.35325999999999,24.977412199999996],[121.3534755,24.9776039],[121.3539776,24.977763699999997]]}},{"type":"Feature","properties":{"name":"中湖街344巷","kind":"residential"},"geometry":{"type":"LineString","coordinates":[[121.34689200000001,24.9781121],[121.34695740000001,24.978471],[121.3472393,24.978513599999996]]}},{"type":"Feature","properties":{"name":null,"kind":"service"},"geometry":{"type":"LineString","coordinates":[[121.3492142,24.978383599999997],[121.3492257,24.97855649999999],[121.3488798,24.978597499999996]]}},{"type":"Feature","properties":{"name":null,"kind":"residential"},"geometry":{"type":"LineString","coordinates":[[121.3472393,24.978513599999996],[121.34735970000001,24.9785261]]}},{"type":"Feature","properties":{"name":"中湖街344巷","kind":"residential"},"geometry":{"type":"LineString","coordinates":[[121.34735970000001,24.9785261],[121.3478213,24.978578699999996],[121.3481022,24.9790749],[121.34832639999999,24.979189999999996],[121.3484766,24.97916809999999],[121.34868010000001,24.9789815],[121.34859670000002,24.978524999999998],[121.34865309999999,24.9783414],[121.3492142,24.978383599999997],[121.34938519999999,24.978099699999998]]}},{"type":"Feature","properties":{"name":null,"kind":"path"},"geometry":{"type":"LineString","coordinates":[[121.3366544,24.9777098],[121.33642210000001,24.977895]]}},{"type":"Feature","properties":{"name":null,"kind":"service"},"geometry":{"type":"LineString","coordinates":[[121.3344701,24.977818599999996],[121.3341432,24.977746599999996],[121.33393770000002,24.977877899999996]]}},{"type":"Feature","properties":{"name":"大湖路732巷15弄","kind":"service"},"geometry":{"type":"LineString","coordinates":[[121.3328636,24.977894800000005],[121.3324747,24.9777412]]}},{"type":"Feature","properties":{"name":"鳳一路333巷","kind":"service"},"geometry":{"type":"LineString","coordinates":[[121.33038910000002,24.978074299999996],[121.329716,24.9776366]]}},{"type":"Feature","properties":{"name":null,"kind":"steps"},"geometry":{"type":"LineString","coordinates":[[121.3362302,24.9778276],[121.3361668,24.977882399999995]]}},{"type":"Feature","properties":{"name":null,"kind":"service"},"geometry":{"type":"LineString","coordinates":[[121.3316298,24.977987599999995],[121.3314903,24.9778662]]}},{"type":"Feature","properties":{"name":"鳳一路","kind":"residential"},"geometry":{"type":"LineString","coordinates":[[121.3307601,24.977802499999992],[121.3310982,24.978058199999992]]}},{"type":"Feature","properties":{"name":"大湖路700巷","kind":"service"},"geometry":{"type":"LineString","coordinates":[[121.3328636,24.977894800000005],[121.3328039,24.9780047]]}},{"type":"Feature","properties":{"name":null,"kind":"service"},"geometry":{"type":"LineString","coordinates":[[121.33614000000001,24.977856600000003],[121.33587950000002,24.978064299999996]]}},{"type":"Feature","properties":{"name":null,"kind":"service"},"geometry":{"type":"LineString","coordinates":[[121.33653570000001,24.978077899999995],[121.336806,24.977854499999996]]}},{"type":"Feature","properties":{"name":"中山路三段","kind":"secondary"},"geometry":{"type":"LineString","coordinates":[[121.3815572,24.965393099999996],[121.3849329,24.967594599999998]]}},{"type":"Feature","properties":{"name":"中山路三段","kind":"secondary"},"geometry":{"type":"LineString","coordinates":[[121.38489639999999,24.96763869999999],[121.3814034,24.965399099999996]]}},{"type":"Feature","properties":{"name":null,"kind":"service"},"geometry":{"type":"LineString","coordinates":[[121.37536670000001,24.965995299999996],[121.37542760000001,24.966107999999995],[121.37605980000001,24.965953599999995],[121.3764611,24.9661656],[121.37638029999998,24.966325200000004]]}},{"type":"Feature","properties":{"name":null,"kind":"service"},"geometry":{"type":"LineString","coordinates":[[121.3814034,24.965399099999996],[121.3806893,24.9660373],[121.38043059999998,24.9664861],[121.38031719999998,24.9665066],[121.3786837,24.965630899999994],[121.3784481,24.9656694],[121.37832820000001,24.966270899999998],[121.37805679999998,24.9666661],[121.3776912,24.9674911],[121.3777103,24.9676335],[121.3781658,24.9681083],[121.3781454,24.9681987],[121.37804970000002,24.9682343],[121.37754399999999,24.9680251],[121.3773464,24.9680557],[121.3772282,24.9681673],[121.37660409999998,24.9683112],[121.37630940000001,24.968517299999995],[121.3763039,24.96874259999999],[121.3768592,24.969271799999998],[121.3771817,24.96935329999999],[121.37744710000001,24.969301399999996]]}},{"type":"Feature","properties":{"name":null,"kind":"path"},"geometry":{"type":"LineString","coordinates":[[121.3801757,24.983836200000002],[121.3800015,24.983895500000003],[121.3791879,24.983680600000003],[121.3785442,24.983174899999998],[121.3770046,24.98154819999999],[121.37668809999998,24.9813757],[121.37599080000001,24.981210400000002],[121.375443,24.981211499999997],[121.3750674,24.9810728],[121.3744458,24.9806463],[121.37409270000002,24.980491400000002],[121.3732334,24.980306],[121.3727318,24.980043099999996],[121.3721566,24.9798955],[121.37192849999998,24.979638499999997],[121.3718014,24.979195100000002],[121.37134789999999,24.978793700000004],[121.3708656,24.978047300000004],[121.37016180000002,24.977627799999997],[121.3699067,24.977364999999995],[121.36949670000001,24.9771262],[121.36902770000002,24.976999399999993],[121.3686813,24.976735099999992],[121.3686046,24.9765231],[121.3686307,24.976160300000004]]}},{"type":"Feature","properties":{"name":"朝陽街46巷","kind":"service"},"geometry":{"type":"LineString","coordinates":[[121.337216,24.977541999999993],[121.3370028,24.977735299999996]]}},{"type":"Feature","properties":{"name":"朝陽街49巷","kind":"service"},"geometry":{"type":"LineString","coordinates":[[121.33771110000002,24.977522799999996],[121.33743790000001,24.9777564]]}},{"type":"Feature","properties":{"name":null,"kind":"service"},"geometry":{"type":"LineString","coordinates":[[121.3385991,24.9775808],[121.3388341,24.9777878]]}},{"type":"Feature","properties":{"name":null,"kind":"service"},"geometry":{"type":"LineString","coordinates":[[121.3389481,24.9776773],[121.3391111,24.9778457]]}},{"type":"Feature","properties":{"name":"朝陽街51巷","kind":"service"},"geometry":{"type":"LineString","coordinates":[[121.33790290000002,24.977739699999994],[121.33765120000001,24.977957100000005]]}},{"type":"Feature","properties":{"name":"朝陽街48巷","kind":"service"},"geometry":{"type":"LineString","coordinates":[[121.33743790000001,24.9777564],[121.3372002,24.9779505]]}},{"type":"Feature","properties":{"name":"朝陽街53巷","kind":"service"},"geometry":{"type":"LineString","coordinates":[[121.337893,24.978181799999994],[121.3385991,24.9775808]]}},{"type":"Feature","properties":{"name":null,"kind":"path"},"geometry":{"type":"LineString","coordinates":[[121.3400012,24.9781374],[121.34076280000001,24.978056900000002],[121.3411109,24.978218899999998],[121.34135070000002,24.978086399999995],[121.3415927,24.9781596],[121.34216300000001,24.9779825],[121.3427827,24.9781051],[121.3433312,24.978005099999997],[121.3439555,24.9777979],[121.34408470000001,24.977689799999997],[121.3443092,24.9776382],[121.3446252,24.9777476],[121.34505420000002,24.977558699999996]]}},{"type":"Feature","properties":{"name":"朝陽街61巷","kind":"service"},"geometry":{"type":"LineString","coordinates":[[121.33818349999999,24.978370400000003],[121.3389481,24.9776773]]}},{"type":"Feature","properties":{"name":"朝陽街50巷","kind":"service"},"geometry":{"type":"LineString","coordinates":[[121.33765120000001,24.977957100000005],[121.337409,24.978165899999997]]}},{"type":"Feature","properties":{"name":"鳳一路","kind":"service"},"geometry":{"type":"LineString","coordinates":[[121.3306896,24.97779239999999],[121.33038910000002,24.978074299999996],[121.33063210000002,24.9782108]]}},{"type":"Feature","properties":{"name":null,"kind":"service"},"geometry":{"type":"LineString","coordinates":[[121.3314859,24.9782139],[121.3312615,24.978088200000002],[121.3314903,24.9778662]]}},{"type":"Feature","properties":{"name":null,"kind":"path"},"geometry":{"type":"LineString","coordinates":[[121.3328039,24.9780047],[121.3327544,24.9780905]]}},{"type":"Feature","properties":{"name":null,"kind":"service"},"geometry":{"type":"LineString","coordinates":[[121.3313703,24.977982699999995],[121.331545,24.978120899999997]]}},{"type":"Feature","properties":{"name":null,"kind":"service"},"geometry":{"type":"LineString","coordinates":[[121.33191659999999,24.978341299999997],[121.3314859,24.9782139],[121.33179470000002,24.977806600000005],[121.332043,24.9778807]]}},{"type":"Feature","properties":{"name":null,"kind":"steps"},"geometry":{"type":"LineString","coordinates":[[121.33587950000002,24.978064299999996],[121.3358067,24.9781121]]}},{"type":"Feature","properties":{"name":null,"kind":"service"},"geometry":{"type":"LineString","coordinates":[[121.33156640000001,24.97808729999999],[121.33193490000001,24.9781786]]}},{"type":"Feature","properties":{"name":"大湖路732巷16弄","kind":"service"},"geometry":{"type":"LineString","coordinates":[[121.3348297,24.9786779],[121.3348204,24.9785382],[121.33426459999998,24.978483199999996],[121.33391899999998,24.977793199999994],[121.3334147,24.9777678],[121.33301110000001,24.977618599999996]]}},{"type":"Feature","properties":{"name":null,"kind":"service"},"geometry":{"type":"LineString","coordinates":[[121.33638750000001,24.978094899999995],[121.33623110000002,24.9782289]]}},{"type":"Feature","properties":{"name":null,"kind":"service"},"geometry":{"type":"LineString","coordinates":[[121.33200360000001,24.978539],[121.33190339999999,24.978458399999997],[121.33195199999999,24.978026999999997],[121.331662,24.977936900000003]]}},{"type":"Feature","properties":{"name":"朝陽街63巷5弄","kind":"service"},"geometry":{"type":"LineString","coordinates":[[121.33894490000002,24.9779768],[121.3391593,24.9781849],[121.3390902,24.978317999999994]]}},{"type":"Feature","properties":{"name":"朝陽街63巷","kind":"service"},"geometry":{"type":"LineString","coordinates":[[121.3383387,24.97849739999999],[121.3391111,24.9778457]]}},{"type":"Feature","properties":{"name":null,"kind":"track"},"geometry":{"type":"LineString","coordinates":[[121.3391111,24.9778457],[121.33933100000002,24.978062799999996],[121.33963379999999,24.978010099999995],[121.34003180000002,24.978155200000003],[121.3401572,24.978276199999993],[121.3402217,24.978509299999995]]}},{"type":"Feature","properties":{"name":null,"kind":"steps"},"geometry":{"type":"LineString","coordinates":[[121.3371695,24.9782013],[121.3372491,24.9782616],[121.337409,24.978165899999997]]}},{"type":"Feature","properties":{"name":null,"kind":"service"},"geometry":{"type":"LineString","coordinates":[[121.3369849,24.9781725],[121.33699270000001,24.978336]]}},{"type":"Feature","properties":{"name":"朝陽街52巷","kind":"service"},"geometry":{"type":"LineString","coordinates":[[121.337893,24.978181799999994],[121.3376837,24.9783539]]}},{"type":"Feature","properties":{"name":null,"kind":"path"},"geometry":{"type":"LineString","coordinates":[[121.3415927,24.9781596],[121.3422747,24.978391700000003]]}},{"type":"Feature","properties":{"name":"朝陽街63巷3弄","kind":"service"},"geometry":{"type":"LineString","coordinates":[[121.3386757,24.978191899999995],[121.3389198,24.978434699999998],[121.3390902,24.978317999999994]]}},{"type":"Feature","properties":{"name":"朝陽街63巷1弄","kind":"service"},"geometry":{"type":"LineString","coordinates":[[121.33840400000001,24.9784382],[121.33861850000001,24.978638999999998]]}},{"type":"Feature","properties":{"name":null,"kind":"path"},"geometry":{"type":"LineString","coordinates":[[121.3411109,24.978218899999998],[121.3412966,24.9784518],[121.3413203,24.978676999999998],[121.3415505,24.978810599999996],[121.3414949,24.978978399999992]]}},{"type":"Feature","properties":{"name":null,"kind":"service"},"geometry":{"type":"LineString","coordinates":[[121.33172000000002,24.978283099999995],[121.33166789999999,24.978453],[121.3318585,24.9785022]]}},{"type":"Feature","properties":{"name":null,"kind":"service"},"geometry":{"type":"LineString","coordinates":[[121.3366357,24.978333800000005],[121.336394,24.9785359]]}},{"type":"Feature","properties":{"name":"香賓街1巷","kind":"service"},"geometry":{"type":"LineString","coordinates":[[121.3359228,24.9782187],[121.3353545,24.978694500000003]]}},{"type":"Feature","properties":{"name":null,"kind":"service"},"geometry":{"type":"LineString","coordinates":[[121.3371695,24.9782013],[121.33651560000001,24.9787862]]}},{"type":"Feature","properties":{"name":"大湖路391巷1弄","kind":"service"},"geometry":{"type":"LineString","coordinates":[[121.330595,24.978941000000003],[121.33060459999999,24.978538399999998]]}},{"type":"Feature","properties":{"name":"香賓街3巷","kind":"service"},"geometry":{"type":"LineString","coordinates":[[121.33614710000002,24.978444899999992],[121.33538779999999,24.9790964]]}},{"type":"Feature","properties":{"name":null,"kind":"path"},"geometry":{"type":"LineString","coordinates":[[121.33535880000001,24.978891],[121.3355182,24.9787343]]}},{"type":"Feature","properties":{"name":"大湖路","kind":"tertiary"},"geometry":{"type":"LineString","coordinates":[[121.33096490000001,24.978972499999998],[121.3309834,24.978756299999997]]}},{"type":"Feature","properties":{"name":null,"kind":"service"},"geometry":{"type":"LineString","coordinates":[[121.3319176,24.979],[121.3309834,24.978756299999997]]}},{"type":"Feature","properties":{"name":null,"kind":"service"},"geometry":{"type":"LineString","coordinates":[[121.3353545,24.978694500000003],[121.33538779999999,24.9790964]]}},{"type":"Feature","properties":{"name":null,"kind":"service"},"geometry":{"type":"LineString","coordinates":[[121.3333689,24.9794013],[121.33343110000001,24.978415899999998]]}},{"type":"Feature","properties":{"name":"香賓街","kind":"residential"},"geometry":{"type":"LineString","coordinates":[[121.33576730000001,24.9780623],[121.33651560000001,24.9787862],[121.3365632,24.978951],[121.3365127,24.979010099999996],[121.3368768,24.979796099999994]]}},{"type":"Feature","properties":{"name":"大湖路391巷","kind":"service"},"geometry":{"type":"LineString","coordinates":[[121.33096490000001,24.978972499999998],[121.330595,24.978941000000003]]}},{"type":"Feature","properties":{"name":"香賓街5巷","kind":"service"},"geometry":{"type":"LineString","coordinates":[[121.33637799999998,24.978651500000005],[121.33563299999999,24.979278099999995]]}},{"type":"Feature","properties":{"name":"香賓街8巷","kind":"living_street"},"geometry":{"type":"LineString","coordinates":[[121.3366519,24.9790162],[121.336857,24.9789452]]}},{"type":"Feature","properties":{"name":null,"kind":"steps"},"geometry":{"type":"LineString","coordinates":[[121.33660779999998,24.979029199999992],[121.3366519,24.9790162]]}},{"type":"Feature","properties":{"name":"大湖路391巷7弄","kind":"service"},"geometry":{"type":"LineString","coordinates":[[121.33046029999998,24.979103999999996],[121.33014550000001,24.979000499999998]]}},{"type":"Feature","properties":{"name":"大湖路391巷2弄","kind":"service"},"geometry":{"type":"LineString","coordinates":[[121.330595,24.978941000000003],[121.3304636,24.978934],[121.3304587,24.9791873]]}},{"type":"Feature","properties":{"name":"大湖路","kind":"tertiary"},"geometry":{"type":"LineString","coordinates":[[121.33096010000001,24.979258599999994],[121.33096490000001,24.978972499999998]]}},{"type":"Feature","properties":{"name":null,"kind":"service"},"geometry":{"type":"LineString","coordinates":[[121.3319176,24.979],[121.33199990000001,24.9787163],[121.33201730000002,24.978044499999996],[121.3321129,24.9779303],[121.3322998,24.977908599999996],[121.3358612,24.979563800000005],[121.33585830000001,24.97981679999999],[121.3363372,24.980202799999997],[121.33632630000001,24.980440399999996]]}},{"type":"Feature","properties":{"name":null,"kind":"path"},"geometry":{"type":"LineString","coordinates":[[121.33538779999999,24.9790964],[121.33539260000002,24.979166000000003],[121.33563299999999,24.979278099999995]]}},{"type":"Feature","properties":{"name":"香賓街7巷","kind":"service"},"geometry":{"type":"LineString","coordinates":[[121.3365127,24.979010099999996],[121.3360055,24.9793972]]}},{"type":"Feature","properties":{"name":"香賓街10巷","kind":"living_street"},"geometry":{"type":"LineString","coordinates":[[121.336768,24.97926],[121.3370205,24.9791671]]}},{"type":"Feature","properties":{"name":null,"kind":"service"},"geometry":{"type":"LineString","coordinates":[[121.3319176,24.979],[121.331746,24.979514199999997],[121.3309569,24.9793125]]}},{"type":"Feature","properties":{"name":null,"kind":"steps"},"geometry":{"type":"LineString","coordinates":[[121.33672719999998,24.9792728],[121.336768,24.97926]]}},{"type":"Feature","properties":{"name":"山鶯路","kind":"tertiary"},"geometry":{"type":"LineString","coordinates":[[121.33096010000001,24.979258599999994],[121.3309569,24.9793125]]}},{"type":"Feature","properties":{"name":null,"kind":"track"},"geometry":{"type":"LineString","coordinates":[[121.33563299999999,24.979278099999995],[121.3360055,24.9793972]]}},{"type":"Feature","properties":{"name":"香賓街9巷","kind":"service"},"geometry":{"type":"LineString","coordinates":[[121.33661580000002,24.9792333],[121.3360403,24.979466099999996]]}},{"type":"Feature","properties":{"name":null,"kind":"service"},"geometry":{"type":"LineString","coordinates":[[121.33477499999998,24.979076699999997],[121.3345602,24.9797308]]}},{"type":"Feature","properties":{"name":"山鶯路","kind":"tertiary"},"geometry":{"type":"LineString","coordinates":[[121.3309569,24.9793125],[121.33089410000001,24.979930500000002]]}},{"type":"Feature","properties":{"name":"香賓街11巷","kind":"service"},"geometry":{"type":"LineString","coordinates":[[121.33674180000001,24.9795122],[121.3361758,24.979734399999998]]}},{"type":"Feature","properties":{"name":null,"kind":"service"},"geometry":{"type":"LineString","coordinates":[[121.3360055,24.9793972],[121.3363088,24.9799981]]}},{"type":"Feature","properties":{"name":null,"kind":"service"},"geometry":{"type":"LineString","coordinates":[[121.3345602,24.9797308],[121.33585830000001,24.97981679999999]]}},{"type":"Feature","properties":{"name":"香賓街13巷","kind":"service"},"geometry":{"type":"LineString","coordinates":[[121.3368768,24.979796099999994],[121.3363088,24.9799981]]}},{"type":"Feature","properties":{"name":null,"kind":"path"},"geometry":{"type":"LineString","coordinates":[[121.3364924,24.9799328],[121.33658859999998,24.9801209]]}},{"type":"Feature","properties":{"name":null,"kind":"steps"},"geometry":{"type":"LineString","coordinates":[[121.33656640000001,24.980154399999996],[121.33658859999998,24.9801209]]}},{"type":"Feature","properties":{"name":null,"kind":"path"},"geometry":{"type":"LineString","coordinates":[[121.3363348,24.9802225],[121.33656640000001,24.980154399999996]]}},{"type":"Feature","properties":{"name":"海萍路","kind":"residential"},"geometry":{"type":"LineString","coordinates":[[121.3459333,24.9834524],[121.3458348,24.983215499999996],[121.3443986,24.981811399999994],[121.34439760000001,24.9817275],[121.3449795,24.980208999999995],[121.34546,24.9798194],[121.3464589,24.979184199999995]]}},{"type":"Feature","properties":{"name":null,"kind":"path"},"geometry":{"type":"LineString","coordinates":[[121.340164,24.978373399999995],[121.33992479999999,24.9784382],[121.33971560000002,24.978599899999992],[121.33936530000001,24.979032299999997],[121.33942700000001,24.979199399999995]]}},{"type":"Feature","properties":{"name":null,"kind":"path"},"geometry":{"type":"LineString","coordinates":[[121.33942700000001,24.979199399999995],[121.3394618,24.9791791]]}},{"type":"Feature","properties":{"name":null,"kind":"path"},"geometry":{"type":"LineString","coordinates":[[121.33942700000001,24.979199399999995],[121.33936800000001,24.979233499999996]]}},{"type":"Feature","properties":{"name":"香賓街31巷","kind":"service"},"geometry":{"type":"LineString","coordinates":[[121.3380467,24.9794432],[121.3378774,24.9790505]]}},{"type":"Feature","properties":{"name":null,"kind":"path"},"geometry":{"type":"LineString","coordinates":[[121.3373433,24.979251299999994],[121.33738920000002,24.979333]]}},{"type":"Feature","properties":{"name":"香賓街29巷","kind":"service"},"geometry":{"type":"LineString","coordinates":[[121.3378575,24.979525499999998],[121.3376624,24.979077000000004]]}},{"type":"Feature","properties":{"name":"香賓街","kind":"residential"},"geometry":{"type":"LineString","coordinates":[[121.3365632,24.978951],[121.3369694,24.979754099999994],[121.3370451,24.9797808],[121.3380467,24.9794432]]}},{"type":"Feature","properties":{"name":"香賓街得月巷","kind":"service"},"geometry":{"type":"LineString","coordinates":[[121.33684449999998,24.979534499999993],[121.33738920000002,24.979333]]}},{"type":"Feature","properties":{"name":null,"kind":"residential"},"geometry":{"type":"LineString","coordinates":[[121.34439760000001,24.9817275],[121.3440736,24.981645199999996],[121.3441905,24.9813904],[121.3439422,24.981123999999998],[121.34392950000002,24.9808765],[121.343792,24.980671699999995],[121.34335890000001,24.9804937],[121.3432372,24.9802867]]}},{"type":"Feature","properties":{"name":null,"kind":"footway"},"geometry":{"type":"LineString","coordinates":[[121.33936800000001,24.979233499999996],[121.33923650000001,24.979387799999998],[121.33939050000001,24.9794768],[121.3398254,24.979333600000004],[121.33974980000002,24.979631000000005],[121.3398125,24.979913700000004],[121.3403594,24.980175699999997],[121.3410839,24.980183],[121.3411938,24.980383100000005],[121.34206189999999,24.981109599999996],[121.34212699999999,24.9812746],[121.3423681,24.9814892],[121.3425152,24.981919499999993],[121.34252429999998,24.982168800000004],[121.3420555,24.982634999999995],[121.3407173,24.982531999999996],[121.3404332,24.9825758],[121.3402343,24.9828307],[121.34018879999999,24.983065099999997],[121.340294,24.9836703],[121.34025669999998,24.983856499999995],[121.3405212,24.9841044],[121.34049850000001,24.9845201],[121.340203,24.9847854],[121.3400204,24.985138799999998]]}},{"type":"Feature","properties":{"name":null,"kind":"service"},"geometry":{"type":"LineString","coordinates":[[121.3271901,24.9781174],[121.32730960000002,24.978172800000003]]}},{"type":"Feature","properties":{"name":null,"kind":"service"},"geometry":{"type":"LineString","coordinates":[[121.3270961,24.978045799999997],[121.32718519999999,24.978115199999994],[121.3271799,24.978273799999993],[121.32703720000002,24.978230799999995],[121.326632,24.9788132]]}},{"type":"Feature","properties":{"name":null,"kind":"service"},"geometry":{"type":"LineString","coordinates":[[121.3294598,24.977853799999995],[121.32793219999999,24.9799975]]}},{"type":"Feature","properties":{"name":null,"kind":"service"},"geometry":{"type":"LineString","coordinates":[[121.34806500000002,24.9790412],[121.3482897,24.978993900000003],[121.34836659999999,24.978908799999996],[121.3483248,24.978834899999995]]}},{"type":"Feature","properties":{"name":null,"kind":"service"},"geometry":{"type":"LineString","coordinates":[[121.3525388,24.980052399999998],[121.3517663,24.980177700000006]]}},{"type":"Feature","properties":{"name":null,"kind":"service"},"geometry":{"type":"LineString","coordinates":[[121.3541811,24.981915299999997],[121.3544534,24.981227700000005],[121.35431780000002,24.980784400000005],[121.3541836,24.980640600000005],[121.35392099999999,24.9803988],[121.35316490000001,24.980081900000002],[121.3525388,24.980052399999998],[121.3520997,24.979875499999995]]}},{"type":"Feature","properties":{"name":null,"kind":"path"},"geometry":{"type":"LineString","coordinates":[[121.36654180000001,24.975242499999993],[121.3670192,24.9754905],[121.36743760000002,24.9756145],[121.3677246,24.975823600000002],[121.36819670000001,24.9759378],[121.3684675,24.976252800000005]]}},{"type":"Feature","properties":{"name":null,"kind":"unclassified"},"geometry":{"type":"LineString","coordinates":[[121.3686307,24.976160300000004],[121.36845119999998,24.9762718],[121.36843190000002,24.976415199999998]]}},{"type":"Feature","properties":{"name":null,"kind":"path"},"geometry":{"type":"LineString","coordinates":[[121.3686813,24.976735099999992],[121.36863320000002,24.976949500000003],[121.36847450000002,24.9771047],[121.3684474,24.976689899999993]]}},{"type":"Feature","properties":{"name":null,"kind":"path"},"geometry":{"type":"LineString","coordinates":[[121.36847450000002,24.9771047],[121.36822739999998,24.977286200000005],[121.3679689,24.977303699999993]]}},{"type":"Feature","properties":{"name":null,"kind":"path"},"geometry":{"type":"LineString","coordinates":[[121.3675605,24.977444799999994],[121.36742680000002,24.97747],[121.3668975,24.9778494]]}},{"type":"Feature","properties":{"name":"湖山街","kind":"unclassified"},"geometry":{"type":"LineString","coordinates":[[121.3464589,24.979184199999995],[121.3469469,24.9799675],[121.34734110000001,24.9799171],[121.34788900000001,24.980961199999992],[121.3481036,24.9816711],[121.3480207,24.982096],[121.34862390000002,24.982988799999998],[121.3489016,24.983306399999993],[121.3490691,24.983363200000003],[121.349568,24.983343799999993],[121.3501589,24.983630299999998],[121.3505873,24.984214199999993],[121.35080099999999,24.9843641],[121.3509073,24.985417],[121.3513841,24.986362600000003],[121.3506139,24.986877999999997],[121.3501128,24.9873724],[121.3498929,24.9877456]]}}]}
