{"type":"FeatureCollection","features":[{"type":"Feature","properties":{"name":null,"kind":"path"},"geometry":{"type":"LineString","coordinates":[[121.5849877,25.164379600000004],[121.58582420000002,25.164387799999997],[121.58603070000001,25.164324700000005],[121.58695980000002,25.1645492],[121.58745589999998,25.164492000000003],[121.58782450000001,25.164086300000005],[121.5881372,25.164005000000003],[121.5883431,25.1637152],[121.5893326,25.163605],[121.59007130000002,25.1637381],[121.590677,25.164011],[121.5916796,25.1639728],[121.5923958,25.1640388],[121.5938074,25.164576900000004],[121.5941557,25.1650319],[121.59544100000001,25.165620800000003],[121.59640430000002,25.165563199999998],[121.5966917,25.16564],[121.59683550000001,25.165771700000004],[121.5968468,25.1661383],[121.596964,25.166237800000005],[121.5971357,25.1667005],[121.59761100000001,25.1675469],[121.5982256,25.167892500000004],[121.59848580000002,25.168420999999995],[121.59979180000002,25.169423300000002],[121.5999414,25.169798300000004],[121.6005028,25.170160200000005],[121.60086950000002,25.1707784],[121.6010312,25.171298599999997]]}},{"type":"Feature","properties":{"name":null,"kind":"path"},"geometry":{"type":"LineString","coordinates":[[121.58497910000001,25.1711656],[121.5851995,25.170930999999992],[121.58540599999999,25.1709723],[121.5857869,25.1708558],[121.5857704,25.170431999999998],[121.58584350000001,25.170174400000004],[121.586251,25.16982949999999],[121.58700210000002,25.169557599999994],[121.5872381,25.1688973],[121.5876243,25.1687808],[121.5879033,25.1684894],[121.5879891,25.168178699999995],[121.5883539,25.167965099999993],[121.5887187,25.167615500000004],[121.589062,25.16751839999999],[121.5899203,25.167596099999997],[121.5909503,25.167440699999997],[121.5917013,25.167440699999997],[121.5920661,25.167285400000004],[121.5925381,25.167207700000006],[121.5927313,25.167479600000004],[121.5925381,25.167596099999997],[121.59266690000001,25.167790299999993],[121.5934394,25.1679457],[121.5938041,25.168178700000002],[121.59461950000001,25.168314699999993],[121.59614300000001,25.1690332],[121.59631469999998,25.16936340000001],[121.5965293,25.169460499999996],[121.5969155,25.1694993],[121.59885550000001,25.1703094],[121.59922360000002,25.170655399999998],[121.5997191,25.170732299999997],[121.60021460000002,25.1714626]]}},{"type":"Feature","properties":{"name":"頂山石梯嶺步道","kind":"steps"},"geometry":{"type":"LineString","coordinates":[[121.5906128,25.159638099999995],[121.5902803,25.1597602],[121.5893056,25.1593943],[121.5890782,25.159227199999997],[121.5886206,25.159227700000002],[121.5883471,25.159272199999997],[121.58775279999999,25.159558499999996],[121.58759710000001,25.159739000000002],[121.58745069999999,25.159734200000003],[121.5874956,25.1598871],[121.58736490000001,25.159859599999997],[121.5873486,25.160096100000008],[121.58752480000001,25.160473400000004],[121.58752750000001,25.160673899999995],[121.58734449999999,25.160916900000004],[121.5875775,25.16164089999999],[121.58784790000001,25.1620058],[121.58784820000001,25.162448299999998],[121.5877593,25.1625803],[121.58787410000001,25.162652200000004],[121.58784040000002,25.162731099999995],[121.58796499999998,25.162864199999994],[121.5878472,25.1629861],[121.58782570000001,25.163138399999994],[121.58766790000001,25.163265099999997],[121.5872173,25.163397800000002],[121.58561930000002,25.163374999999995],[121.5854709,25.163277000000004],[121.5851347,25.1633629],[121.58489449999999,25.163561899999998],[121.5849877,25.164379600000004],[121.58448640000002,25.164848699999993],[121.583618,25.1650068],[121.5832898,25.1653485],[121.5830128,25.1654094],[121.582699,25.1652063],[121.58234370000001,25.1654077],[121.5818794,25.165373099999996],[121.5816136,25.165463099999997],[121.5814587,25.165433599999997],[121.5812654,25.165132999999997],[121.58099870000001,25.165481999999994],[121.579973,25.165513200000003],[121.5793024,25.165703400000005],[121.5788987,25.1657062],[121.5785625,25.165919899999995],[121.57846220000002,25.1660996]]}},{"type":"Feature","properties":{"name":"魚路古道(日人路/砲管路)","kind":"path"},"geometry":{"type":"LineString","coordinates":[[121.58479220000001,25.171933599999992],[121.58499800000001,25.171515999999997],[121.58486060000001,25.1705873],[121.58522900000001,25.170442],[121.58537800000002,25.170264],[121.585299,25.169826999999998],[121.585129,25.169685000000005],[121.5848046,25.169586099999997],[121.58417950000002,25.169885999999995],[121.58379990000002,25.169376300000003],[121.5833909,25.169139899999998],[121.58304600000001,25.169044999999997],[121.5828985,25.168851900000003],[121.5826036,25.168941299999997],[121.58238350000002,25.168855499999996],[121.58206770000001,25.168589500000003]]}},{"type":"Feature","properties":{"name":"金包里大路(魚路古道、河南勇路)","kind":"path"},"geometry":{"type":"LineString","coordinates":[[121.58233160000002,25.170294799999997],[121.58234469999998,25.170263199999994]]}},{"type":"Feature","properties":{"name":"金包里大路","kind":"footway"},"geometry":{"type":"LineString","coordinates":[[121.5829279,25.170919299999994],[121.58266859999999,25.170755500000002],[121.58233160000002,25.170294799999997]]}},{"type":"Feature","properties":{"name":null,"kind":"path"},"geometry":{"type":"LineString","coordinates":[[121.5827039,25.170772599999996],[121.5826807,25.170800799999995]]}},{"type":"Feature","properties":{"name":"金包里大路(魚路古道、河南勇路)","kind":"path"},"geometry":{"type":"LineString","coordinates":[[121.5829445,25.170927900000002],[121.5829279,25.170919299999994]]}},{"type":"Feature","properties":{"name":null,"kind":"path"},"geometry":{"type":"LineString","coordinates":[[121.59200350000002,25.163990600000005],[121.5911864,25.163623500000003],[121.5908774,25.1632942],[121.5906579,25.163211100000005],[121.5904571,25.1629618],[121.590247,25.1629068],[121.59020490000002,25.162830700000004],[121.59020030000002,25.162577099999993],[121.5900602,25.162184],[121.59026100000001,25.161824700000004],[121.5902843,25.161579599999996],[121.59002750000002,25.161325999999995],[121.5900461,25.160776499999997],[121.5899621,25.160429900000004],[121.59002750000002,25.160125499999992],[121.5902803,25.1597602]]}},{"type":"Feature","properties":{"name":null,"kind":"path"},"geometry":{"type":"LineString","coordinates":[[121.5853938,25.176829699999995],[121.5855079,25.1770072],[121.5850735,25.177317099999996],[121.5858972,25.1774649],[121.5862841,25.1773992],[121.5865358,25.177195000000005],[121.5868316,25.177203400000003],[121.5868676,25.177435300000003],[121.5869837,25.177544],[121.5872279,25.177609199999996],[121.58732,25.177786799999996],[121.5877644,25.177982499999995],[121.5879126,25.1784897],[121.58806069999999,25.178482499999994],[121.58873339999998,25.1788231],[121.5892338,25.1789209],[121.5893379,25.179080299999995],[121.58982239999999,25.179308600000002],[121.5900746,25.1796311],[121.5903949,25.179641900000004],[121.5906792,25.1797833],[121.59107560000001,25.180142],[121.59193240000002,25.180518799999998],[121.59195640000002,25.180833999999997],[121.59204850000002,25.180964500000005],[121.59201649999999,25.181203600000003],[121.5921936,25.181492099999993]]}},{"type":"Feature","properties":{"name":null,"kind":"path"},"geometry":{"type":"LineString","coordinates":[[121.5916349,25.1818616],[121.5911708,25.181705999999995],[121.5909044,25.181371600000002],[121.5904188,25.181068199999995],[121.58960360000002,25.180384800000002],[121.58916790000002,25.1802172],[121.58889920000001,25.1800236],[121.58800430000001,25.179258599999997],[121.58782959999999,25.179048500000004],[121.5877356,25.178706099999996],[121.5875582,25.178522],[121.58741470000001,25.1780946],[121.587458,25.177854099999998]]}},{"type":"Feature","properties":{"name":null,"kind":"path"},"geometry":{"type":"LineString","coordinates":[[121.58524160000002,25.176680899999997],[121.585726,25.176370099999996],[121.5856653,25.176133899999996],[121.58574719999999,25.175884],[121.5862054,25.1755682],[121.5862934,25.1754089],[121.58602940000002,25.17517],[121.5859171,25.1746593],[121.5856441,25.174293999999996],[121.58536880000001,25.173400499999996]]}},{"type":"Feature","properties":{"name":"日人路","kind":"footway"},"geometry":{"type":"LineString","coordinates":[[121.5857387,25.1754746],[121.5856519,25.175467599999998]]}},{"type":"Feature","properties":{"name":"日人路","kind":"footway"},"geometry":{"type":"LineString","coordinates":[[121.58573780000002,25.175502299999998],[121.5857387,25.1754746]]}},{"type":"Feature","properties":{"name":"日人路","kind":"footway"},"geometry":{"type":"LineString","coordinates":[[121.58542580000001,25.175825699999994],[121.58573780000002,25.175502299999998]]}},{"type":"Feature","properties":{"name":null,"kind":"path"},"geometry":{"type":"LineString","coordinates":[[121.5855079,25.1770072],[121.5856922,25.1767942],[121.58543009999998,25.176519499999998]]}},{"type":"Feature","properties":{"name":null,"kind":"path"},"geometry":{"type":"LineString","coordinates":[[121.58511229999999,25.176484099999993],[121.5853938,25.176829699999995],[121.5853241,25.176955999999997],[121.58487799999999,25.1772431],[121.5844598,25.178140400000004],[121.5842825,25.178211399999995],[121.58413270000001,25.178441300000003],[121.5837354,25.178735999999997],[121.5836051,25.1790131],[121.58379400000001,25.179243000000003],[121.58370280000001,25.179484600000002],[121.5838461,25.1796556],[121.5837224,25.179814699999998],[121.58377449999999,25.179979800000005],[121.58363770000001,25.1804513],[121.58380699999998,25.1807755],[121.58386380000002,25.181448199999995],[121.5841197,25.1820664],[121.5843021,25.1821902],[121.5842565,25.182266800000008],[121.58439979999999,25.182555699999998],[121.5842565,25.182938799999995],[121.5843542,25.1831156],[121.5845886,25.183286599999995],[121.58460820000002,25.183652],[121.58498969999998,25.183970399999996],[121.58490329999998,25.184003000000004],[121.58489479999999,25.184247300000003],[121.58507720000001,25.184359300000004],[121.5848648,25.184509200000004],[121.58516830000002,25.18492519999999],[121.58538980000002,25.184978199999996],[121.58554610000002,25.18510789999999],[121.58567639999998,25.185096100000003],[121.5860737,25.184948800000004],[121.5863798,25.184677600000004],[121.5865948,25.184659899999996],[121.5865948,25.1847778],[121.5867772,25.185043100000005],[121.58722660000001,25.185267000000003],[121.5871484,25.185326],[121.5873308,25.185561799999995],[121.5872201,25.185803399999994],[121.5872201,25.186151199999998],[121.5870116,25.1864046],[121.5870377,25.186758300000005],[121.5869726,25.1868467],[121.58759790000002,25.187436099999996],[121.5879756,25.187577599999994],[121.5880603,25.187730799999997],[121.58845129999999,25.188039099999997],[121.5885813,25.188629999999996]]}},{"type":"Feature","properties":{"name":"陽金公路","kind":"primary"},"geometry":{"type":"LineString","coordinates":[[121.58238830000002,25.1795226],[121.58256270000001,25.1796281],[121.5825986,25.179818399999995],[121.58208989999999,25.1803866],[121.5818734,25.180953300000002],[121.5818209,25.1816529],[121.58207610000001,25.18214559999999],[121.58228660000002,25.1823847],[121.5827855,25.182574099999997],[121.5833434,25.1826032],[121.583676,25.1829272],[121.58384230000001,25.183391999999998],[121.5843425,25.1842829],[121.5838799,25.185018299999992],[121.58383759999998,25.1855043],[121.5841635,25.185976399999998],[121.58479780000002,25.1862725],[121.58542680000001,25.186414499999998],[121.58556980000002,25.186512799999992],[121.5856342,25.186753100000004],[121.5856226,25.188239700000004],[121.5858345,25.188727599999996],[121.5866834,25.1891924],[121.5869449,25.1895759],[121.58712660000002,25.189669000000002],[121.587383,25.1896021],[121.5877925,25.1889812],[121.5882283,25.188867099999992],[121.5886371,25.189098900000005],[121.5888202,25.189129399999995],[121.5893428,25.189003099999994],[121.5901609,25.189095299999995],[121.59090520000001,25.189464199999996],[121.59131560000002,25.1901232],[121.591503,25.19018049999999],[121.5920089,25.190050399999993]]}},{"type":"Feature","properties":{"name":null,"kind":"path"},"geometry":{"type":"LineString","coordinates":[[121.58482670000001,25.175891800000006],[121.58490089999998,25.1758334]]}},{"type":"Feature","properties":{"name":"日人路","kind":"footway"},"geometry":{"type":"LineString","coordinates":[[121.5850614,25.1758458],[121.5851121,25.176038000000002]]}},{"type":"Feature","properties":{"name":"日人路","kind":"footway"},"geometry":{"type":"LineString","coordinates":[[121.5851634,25.1761652],[121.58523140000001,25.175979999999992],[121.58542580000001,25.175825699999994]]}},{"type":"Feature","properties":{"name":"日人路","kind":"footway"},"geometry":{"type":"LineString","coordinates":[[121.5848136,25.176292299999993],[121.5848418,25.175763900000003]]}},{"type":"Feature","properties":{"name":"日人路","kind":"steps"},"geometry":{"type":"LineString","coordinates":[[121.5851121,25.176038000000002],[121.5851634,25.1761652]]}},{"type":"Feature","properties":{"name":null,"kind":"path"},"geometry":{"type":"LineString","coordinates":[[121.5843095,25.176214199999997],[121.5843461,25.176210599999997]]}},{"type":"Feature","properties":{"name":"日人路","kind":"steps"},"geometry":{"type":"LineString","coordinates":[[121.5841154,25.176238599999998],[121.5843095,25.176214199999997]]}},{"type":"Feature","properties":{"name":null,"kind":"path"},"geometry":{"type":"LineString","coordinates":[[121.58430409999998,25.176302700000004],[121.584378,25.176224400000002]]}},{"type":"Feature","properties":{"name":"日人路","kind":"footway"},"geometry":{"type":"LineString","coordinates":[[121.58400040000001,25.176360300000002],[121.5841154,25.176238599999998]]}},{"type":"Feature","properties":{"name":null,"kind":"pedestrian"},"geometry":{"type":"LineString","coordinates":[[121.5840501,25.176409000000003],[121.58397130000002,25.176331799999996],[121.58408509999998,25.1762089],[121.5841713,25.176293500000003],[121.5840501,25.176409000000003]]}},{"type":"Feature","properties":{"name":"日人路","kind":"steps"},"geometry":{"type":"LineString","coordinates":[[121.58483590000002,25.1763936],[121.5848136,25.176292299999993]]}},{"type":"Feature","properties":{"name":"日人路","kind":"footway"},"geometry":{"type":"LineString","coordinates":[[121.5843095,25.176214199999997],[121.58420830000001,25.1765805],[121.58425749999999,25.176629499999997]]}},{"type":"Feature","properties":{"name":"魚路古道(日人路/砲管路)","kind":"path"},"geometry":{"type":"LineString","coordinates":[[121.5846375,25.176689000000003],[121.58511229999999,25.176484099999993],[121.5851634,25.1761652]]}},{"type":"Feature","properties":{"name":"日人路","kind":"footway"},"geometry":{"type":"LineString","coordinates":[[121.5846787,25.176586],[121.58483590000002,25.1763936]]}},{"type":"Feature","properties":{"name":"日人路","kind":"steps"},"geometry":{"type":"LineString","coordinates":[[121.5846375,25.176689000000003],[121.5846787,25.176586]]}},{"type":"Feature","properties":{"name":null,"kind":"path"},"geometry":{"type":"LineString","coordinates":[[121.5844353,25.1766682],[121.58440930000002,25.176610099999998]]}},{"type":"Feature","properties":{"name":null,"kind":"path"},"geometry":{"type":"LineString","coordinates":[[121.58425749999999,25.176629499999997],[121.5846375,25.176689000000003]]}},{"type":"Feature","properties":{"name":null,"kind":"path"},"geometry":{"type":"LineString","coordinates":[[121.5845191,25.176708900000005],[121.58456920000002,25.176686800000002]]}},{"type":"Feature","properties":{"name":null,"kind":"path"},"geometry":{"type":"LineString","coordinates":[[121.58439249999999,25.1767422],[121.5844348,25.17671689999999]]}},{"type":"Feature","properties":{"name":"日人路","kind":"steps"},"geometry":{"type":"LineString","coordinates":[[121.58425749999999,25.176629499999997],[121.58412849999999,25.1766895],[121.5841957,25.176912899999994]]}},{"type":"Feature","properties":{"name":null,"kind":"path"},"geometry":{"type":"LineString","coordinates":[[121.59371159999999,25.174004],[121.59410259999999,25.173773499999996],[121.5945415,25.1737228],[121.59482170000001,25.173587600000005],[121.59494319999999,25.1736298],[121.59524200000001,25.1739595],[121.59550360000001,25.1740525],[121.5958865,25.174390600000002],[121.59615740000001,25.174475099999995],[121.5964843,25.174720200000007],[121.5967645,25.174796299999997],[121.5968952,25.1749231],[121.597465,25.174931600000004],[121.5977825,25.1752528],[121.5980757,25.175363500000007]]}},{"type":"Feature","properties":{"name":null,"kind":"path"},"geometry":{"type":"LineString","coordinates":[[121.59731390000002,25.1767374],[121.5967453,25.176455799999996],[121.59636440000001,25.1760869],[121.59592990000002,25.176067399999997],[121.5953184,25.1758684],[121.59487000000001,25.175877799999995],[121.5943401,25.175744000000005],[121.59499330000001,25.1749409],[121.59499330000001,25.174728999999996],[121.5947222,25.1743387],[121.5941306,25.174293999999993],[121.5939704,25.174383299999995],[121.59384710000002,25.174070999999994],[121.59371159999999,25.174004],[121.593194,25.1744613],[121.5931077,25.174706699999998],[121.5929598,25.174684399999997],[121.5928612,25.174929799999997],[121.59275029999999,25.174996700000005],[121.5925531,25.174985599999996],[121.5923004,25.1748684],[121.5923806,25.1745729],[121.59222650000001,25.1743777],[121.59233740000002,25.174249399999997],[121.59231280000002,25.1741658],[121.5920505,25.1740339]]}},{"type":"Feature","properties":{"name":null,"kind":"path"},"geometry":{"type":"LineString","coordinates":[[121.59495249999999,25.17848169999999],[121.594719,25.1783211],[121.5946163,25.178151999999997],[121.59459759999999,25.1775773],[121.594224,25.1770532],[121.59409320000002,25.176571399999997],[121.59416790000002,25.1760135],[121.5943401,25.175744000000005]]}},{"type":"Feature","properties":{"name":null,"kind":"path"},"geometry":{"type":"LineString","coordinates":[[121.5920505,25.1740339],[121.5918445,25.1741937],[121.59182599999998,25.174439000000003],[121.59155479999998,25.1746342],[121.5913638,25.1746788],[121.59130840000002,25.174834999999998],[121.59146239999998,25.1752421],[121.5916658,25.1754484],[121.59164110000002,25.175788599999994],[121.5918321,25.175877799999995],[121.5925161,25.177210699999996],[121.59240269999998,25.177932299999995],[121.5924774,25.1781013],[121.59238400000001,25.178388700000003],[121.59201040000002,25.1787184],[121.591917,25.178946599999993],[121.59197300000001,25.179124100000003],[121.5921318,25.1792002],[121.59258950000002,25.179081799999995],[121.59325259999999,25.179056499999998],[121.593262,25.179343799999998],[121.5936449,25.1797496],[121.5937009,25.1799102],[121.5936262,25.1800792],[121.5930004,25.1805864],[121.5927016,25.1811696],[121.59252409999999,25.1813555],[121.5921936,25.181492099999993]]}},{"type":"Feature","properties":{"name":null,"kind":"path"},"geometry":{"type":"LineString","coordinates":[[121.5936739,25.179971400000003],[121.59432670000001,25.179901699999995],[121.5944668,25.1798087],[121.5945696,25.179360799999998],[121.5950646,25.178862099999996],[121.59495249999999,25.17848169999999]]}},{"type":"Feature","properties":{"name":"陽金公路","kind":"primary"},"geometry":{"type":"LineString","coordinates":[[121.5920089,25.190050399999993],[121.5922906,25.190103799999996]]}},{"type":"Feature","properties":{"name":"二重橋","kind":"primary"},"geometry":{"type":"LineString","coordinates":[[121.5922906,25.190103799999996],[121.5923911,25.190258399999998]]}},{"type":"Feature","properties":{"name":"陽金公路","kind":"primary"},"geometry":{"type":"LineString","coordinates":[[121.5923911,25.190258399999998],[121.5919593,25.1910431],[121.59196330000002,25.192130400000003],[121.5921672,25.192621899999995],[121.59366689999999,25.194601900000002],[121.59387840000001,25.195018600000004],[121.5937282,25.195234599999996],[121.59357689999999,25.1952824],[121.59253819999999,25.194885700000004],[121.5923168,25.195015899999998],[121.59231160000002,25.195309699999992],[121.59257480000001,25.195562099999993],[121.5935834,25.1961617],[121.59451750000001,25.196351799999995],[121.5947844,25.196487400000002],[121.5950234,25.196799000000002],[121.59518869999998,25.197606999999998]]}},{"type":"Feature","properties":{"name":null,"kind":"footway"},"geometry":{"type":"LineString","coordinates":[[121.5923911,25.190258399999998],[121.592512,25.190266699999995],[121.5926211,25.1901638],[121.592499,25.190642799999996],[121.59229370000001,25.1907141],[121.5922009,25.1909266],[121.59224510000001,25.1912409],[121.5924187,25.191685099999994],[121.5925318,25.1917079],[121.59260140000002,25.1918747],[121.5929526,25.1921609],[121.59319199999999,25.192278499999997],[121.5932239,25.192469399999997],[121.59345639999998,25.1926756],[121.59345879999998,25.193148799999996],[121.5936392,25.1935557],[121.59358560000001,25.193793099999997],[121.59363210000001,25.194219999999998],[121.5939664,25.194795299999992],[121.59401670000001,25.195442499999995],[121.594404,25.1957785],[121.59454590000001,25.195805800000002],[121.59474930000002,25.196188999999993],[121.5950021,25.196336799999997],[121.5949946,25.19645209999999],[121.5953517,25.19674259999999],[121.59556249999999,25.1970504],[121.59570559999999,25.1971674],[121.59608120000001,25.197187500000002],[121.59623959999999,25.197471999999998],[121.5961597,25.197604699999992],[121.59638189999998,25.197683099999995],[121.5963258,25.197861699999997],[121.59639749999998,25.1978138],[121.5964279,25.1979795],[121.5962691,25.198265],[121.59637840000002,25.198454799999993],[121.5967131,25.198695100000002],[121.5969127,25.198752299999995],[121.5971117,25.198688399999998]]}},{"type":"Feature","properties":{"name":"名流路","kind":"tertiary"},"geometry":{"type":"LineString","coordinates":[[121.5950234,25.196799000000002],[121.5954817,25.1971486]]}},{"type":"Feature","properties":{"name":null,"kind":"path"},"geometry":{"type":"LineString","coordinates":[[121.5849681,25.18447009999999],[121.58527790000001,25.1844963],[121.58546690000001,25.1843952],[121.58583650000001,25.1833569],[121.58608109999999,25.1831392],[121.5862168,25.183113199999998],[121.58632109999999,25.1827685],[121.58717680000001,25.182697699999995],[121.58722380000002,25.182291599999992],[121.58750560000001,25.1822751],[121.58775919999998,25.1820363],[121.58801710000002,25.1819274],[121.588103,25.1819818],[121.58814170000001,25.1817757],[121.5884511,25.18179129999999],[121.58879119999999,25.181659600000003],[121.58919029999998,25.1817163],[121.590046,25.1815723],[121.5909989,25.1820599],[121.59124390000001,25.181951],[121.5914544,25.181997699999997],[121.5915662,25.1819471],[121.5921936,25.181492099999993]]}},{"type":"Feature","properties":{"name":null,"kind":"service"},"geometry":{"type":"LineString","coordinates":[[121.5895453,25.189005499999993],[121.58970059999999,25.1887931],[121.58959,25.1883665],[121.58917890000001,25.187620799999998],[121.5892299,25.187396299999993]]}},{"type":"Feature","properties":{"name":null,"kind":"residential"},"geometry":{"type":"LineString","coordinates":[[121.5887292,25.1885405],[121.58889590000001,25.188335599999995],[121.5889308,25.1880565]]}},{"type":"Feature","properties":{"name":null,"kind":"path"},"geometry":{"type":"LineString","coordinates":[[121.5888208,25.188521299999998],[121.58923760000002,25.1885845],[121.58925890000002,25.1886704],[121.5895891,25.1886037],[121.58957070000001,25.1885255]]}},{"type":"Feature","properties":{"name":null,"kind":"residential"},"geometry":{"type":"LineString","coordinates":[[121.5891118,25.190289500000002],[121.58885669999998,25.190056200000004],[121.5886773,25.190067399999993],[121.5885888,25.1899946],[121.58834029999998,25.1892224],[121.5882227,25.18908439999999],[121.5883766,25.188987599999994],[121.5886059,25.1885948],[121.58959,25.1883665]]}},{"type":"Feature","properties":{"name":null,"kind":"footway"},"geometry":{"type":"LineString","coordinates":[[121.58997309999998,25.1890467],[121.59003630000001,25.1889101],[121.59020819999999,25.1889647],[121.59037209999998,25.188897600000004],[121.59051450000001,25.1886909],[121.59125539999998,25.1887996],[121.59156,25.188911899999994],[121.59207130000001,25.189179999999993],[121.5920089,25.190050399999993]]}},{"type":"Feature","properties":{"name":null,"kind":"track"},"geometry":{"type":"LineString","coordinates":[[121.5891118,25.190289500000002],[121.5891964,25.190403600000003],[121.5894106,25.190389299999996],[121.5896188,25.190537],[121.5897913,25.1909852]]}},{"type":"Feature","properties":{"name":null,"kind":"track"},"geometry":{"type":"LineString","coordinates":[[121.5897343,25.1907963],[121.58999559999998,25.190826199999997],[121.59036489999998,25.190676799999995]]}},{"type":"Feature","properties":{"name":null,"kind":"track"},"geometry":{"type":"LineString","coordinates":[[121.5891964,25.190403600000003],[121.58912290000002,25.190587000000004],[121.58899979999998,25.190620799999998],[121.58899859999998,25.190838199999998],[121.5894889,25.191527000000008]]}},{"type":"Feature","properties":{"name":null,"kind":"track"},"geometry":{"type":"LineString","coordinates":[[121.58957060000002,25.1913738],[121.5896071,25.191169199999997],[121.5897913,25.1909852]]}},{"type":"Feature","properties":{"name":"魚路古道(日人路/砲管路)","kind":"footway"},"geometry":{"type":"LineString","coordinates":[[121.58206770000001,25.168589500000003],[121.58193359999999,25.168476299999995],[121.58156000000001,25.168372000000005],[121.58121650000001,25.1685879],[121.58121850000002,25.1687118],[121.5810761,25.168888300000003],[121.5806874,25.168848900000004],[121.5805071,25.1689919],[121.58005609999998,25.169056],[121.57996720000001,25.168898599999995],[121.58023030000001,25.168770099999993],[121.58021740000001,25.168482799999996],[121.5799325,25.168413700000002],[121.57963240000001,25.1684952],[121.5794771,25.168461600000004],[121.5792457,25.1682903],[121.57924830000002,25.168191099999994],[121.579388,25.1680579],[121.5798766,25.167865499999994],[121.5801585,25.167599499999994],[121.5804303,25.167499800000005],[121.5803423,25.166738700000003],[121.5789613,25.166473599999993],[121.5787612,25.1665456]]}},{"type":"Feature","properties":{"name":"擎天崗環狀步道","kind":"footway"},"geometry":{"type":"LineString","coordinates":[[121.57771849999999,25.1628163],[121.57785020000001,25.162814299999994],[121.5780357,25.1626637],[121.57818980000002,25.162365],[121.57838780000002,25.162316899999997],[121.5782299,25.162996500000002],[121.5777162,25.1638568],[121.5777996,25.1641663],[121.5780259,25.164287899999998],[121.57802090000001,25.1646917],[121.577893,25.164946300000004],[121.5779632,25.16545459999999],[121.5780981,25.165810199999996],[121.57843770000001,25.1661149]]}},{"type":"Feature","properties":{"name":null,"kind":"footway"},"geometry":{"type":"LineString","coordinates":[[121.57846220000002,25.1660996],[121.57852010000002,25.1661662],[121.5782584,25.166311999999998]]}},{"type":"Feature","properties":{"name":"擎天崗環狀步道","kind":"footway"},"geometry":{"type":"LineString","coordinates":[[121.57846220000002,25.1660996],[121.5783495,25.166154399999996],[121.5780496,25.166084199999997],[121.57791650000001,25.166393200000005]]}},{"type":"Feature","properties":{"name":"金包里大路","kind":"footway"},"geometry":{"type":"LineString","coordinates":[[121.5782584,25.166311999999998],[121.57808630000001,25.166421699999997],[121.57791650000001,25.166393200000005]]}},{"type":"Feature","properties":{"name":"金包里大路","kind":"steps"},"geometry":{"type":"LineString","coordinates":[[121.5781608,25.16667839999999],[121.5782584,25.166311999999998]]}},{"type":"Feature","properties":{"name":"金包里大路","kind":"footway"},"geometry":{"type":"LineString","coordinates":[[121.5787612,25.1665456],[121.5784712,25.166765000000005]]}},{"type":"Feature","properties":{"name":"金包里大路","kind":"steps"},"geometry":{"type":"LineString","coordinates":[[121.5784712,25.166765000000005],[121.5784122,25.1666018],[121.57827389999999,25.166716000000005]]}},{"type":"Feature","properties":{"name":"擎天崗環狀步道","kind":"footway"},"geometry":{"type":"LineString","coordinates":[[121.57791650000001,25.166393200000005],[121.5778207,25.166553199999996],[121.57743790000002,25.16632969999999],[121.57713250000002,25.166415999999998],[121.57700500000001,25.166270599999997],[121.57663749999999,25.166174099999992],[121.5764616,25.166256999999998],[121.5760922,25.1669491],[121.57563929999999,25.167148799999996],[121.5753167,25.1669254]]}},{"type":"Feature","properties":{"name":"金包里大路","kind":"footway"},"geometry":{"type":"LineString","coordinates":[[121.5834314,25.171334499999997],[121.5832373,25.171266199999994],[121.5829445,25.170927900000002]]}},{"type":"Feature","properties":{"name":"金包里大路","kind":"steps"},"geometry":{"type":"LineString","coordinates":[[121.5838094,25.171363399999997],[121.5834314,25.171334499999997]]}},{"type":"Feature","properties":{"name":"金包里大路","kind":"footway"},"geometry":{"type":"LineString","coordinates":[[121.58387190000002,25.171391099999997],[121.5838094,25.171363399999997]]}},{"type":"Feature","properties":{"name":"金包里大路","kind":"steps"},"geometry":{"type":"LineString","coordinates":[[121.58479220000001,25.171933599999992],[121.5844365,25.171768799999995],[121.58427470000001,25.171553099999997],[121.58387190000002,25.171391099999997]]}},{"type":"Feature","properties":{"name":null,"kind":"path"},"geometry":{"type":"LineString","coordinates":[[121.58447449999998,25.171787100000003],[121.58397790000001,25.171937399999997],[121.58379579999999,25.171841199999996]]}},{"type":"Feature","properties":{"name":"金包里大路","kind":"steps"},"geometry":{"type":"LineString","coordinates":[[121.5851751,25.172307599999993],[121.584978,25.172329199999997],[121.5848391,25.172221500000003],[121.58479220000001,25.171933599999992]]}},{"type":"Feature","properties":{"name":"許顏橋","kind":"footway"},"geometry":{"type":"LineString","coordinates":[[121.58524060000002,25.172375200000005],[121.5851751,25.172307599999993]]}},{"type":"Feature","properties":{"name":null,"kind":"path"},"geometry":{"type":"LineString","coordinates":[[121.58379579999999,25.171841199999996],[121.5836289,25.172071300000006],[121.583682,25.1722121],[121.5829409,25.172576399999997],[121.5828068,25.1724696],[121.58252250000001,25.172712299999997],[121.58225970000001,25.1727754],[121.5820612,25.172911399999993]]}},{"type":"Feature","properties":{"name":"金包里大路","kind":"footway"},"geometry":{"type":"LineString","coordinates":[[121.58521999999999,25.1727702],[121.58524060000002,25.172375200000005]]}},{"type":"Feature","properties":{"name":null,"kind":"path"},"geometry":{"type":"LineString","coordinates":[[121.58521999999999,25.1727702],[121.5851766,25.172807599999995]]}},{"type":"Feature","properties":{"name":null,"kind":"path"},"geometry":{"type":"LineString","coordinates":[[121.58116,25.1722338],[121.58158910000002,25.172387],[121.5818091,25.172362799999995],[121.5816964,25.172629799999996],[121.58180370000001,25.1726783],[121.5819378,25.172906499999996],[121.5820612,25.172911399999993],[121.58212559999998,25.1730327],[121.58208260000002,25.173207500000004],[121.58218460000002,25.17328519999999],[121.5822382,25.1735182],[121.5826566,25.173362899999997],[121.58304820000001,25.173324],[121.58377240000002,25.173435700000002],[121.5836651,25.173236599999996],[121.5836705,25.173052200000004],[121.58382069999999,25.172862799999994],[121.58400850000001,25.172853099999998],[121.58400309999999,25.172760899999993],[121.58386360000002,25.1722657],[121.583682,25.1722121]]}},{"type":"Feature","properties":{"name":"金包里大路","kind":"footway"},"geometry":{"type":"LineString","coordinates":[[121.58536880000001,25.173400499999996],[121.5852327,25.173072700000002],[121.58521999999999,25.1727702]]}},{"type":"Feature","properties":{"name":"日人路","kind":"steps"},"geometry":{"type":"LineString","coordinates":[[121.58517140000001,25.173676999999998],[121.58536880000001,25.173400499999996]]}},{"type":"Feature","properties":{"name":null,"kind":"path"},"geometry":{"type":"LineString","coordinates":[[121.58517140000001,25.173676999999998],[121.58515640000002,25.1736446]]}},{"type":"Feature","properties":{"name":"日人路","kind":"footway"},"geometry":{"type":"LineString","coordinates":[[121.5851728,25.173854299999995],[121.58517140000001,25.173676999999998]]}},{"type":"Feature","properties":{"name":"日人路","kind":"footway"},"geometry":{"type":"LineString","coordinates":[[121.5851841,25.1739627],[121.5851728,25.173854299999995]]}},{"type":"Feature","properties":{"name":"日人路","kind":"footway"},"geometry":{"type":"LineString","coordinates":[[121.5851796,25.1753035],[121.5851119,25.1752286],[121.5851173,25.1745532],[121.5850044,25.1742857],[121.5851841,25.1739627]]}},{"type":"Feature","properties":{"name":"日人路","kind":"footway"},"geometry":{"type":"LineString","coordinates":[[121.5856519,25.175467599999998],[121.5851796,25.1753035]]}},{"type":"Feature","properties":{"name":null,"kind":"path"},"geometry":{"type":"LineString","coordinates":[[121.5850211,25.175678099999995],[121.58508769999999,25.175629699999998]]}},{"type":"Feature","properties":{"name":"日人路","kind":"steps"},"geometry":{"type":"LineString","coordinates":[[121.5848418,25.175763900000003],[121.58489840000001,25.175706899999998],[121.58490089999998,25.1758334],[121.5850211,25.175678099999995],[121.5850614,25.1758458]]}},{"type":"Feature","properties":{"name":"金包里大路","kind":"footway"},"geometry":{"type":"LineString","coordinates":[[121.58031670000001,25.1683906],[121.58004700000001,25.168094399999994]]}},{"type":"Feature","properties":{"name":"金包里大路","kind":"steps"},"geometry":{"type":"LineString","coordinates":[[121.58188280000002,25.1697238],[121.5808653,25.168981999999996],[121.5805746,25.1685813],[121.58031670000001,25.1683906]]}},{"type":"Feature","properties":{"name":"金包里大路","kind":"footway"},"geometry":{"type":"LineString","coordinates":[[121.58234469999998,25.170263199999994],[121.58188280000002,25.1697238]]}},{"type":"Feature","properties":{"name":"魚路古道往大油坑山徑","kind":"path"},"geometry":{"type":"LineString","coordinates":[[121.5832121,25.171234399999992],[121.58287050000001,25.1713917],[121.58276190000001,25.171581599999996],[121.5823715,25.1718791],[121.5818389,25.1716821],[121.5814605,25.1721024],[121.58120930000001,25.172169599999997],[121.58098999999999,25.172351800000005]]}},{"type":"Feature","properties":{"name":null,"kind":"path"},"geometry":{"type":"LineString","coordinates":[[121.58098999999999,25.172351800000005],[121.5807743,25.172500600000003],[121.58049040000002,25.1722743],[121.5804779,25.17215559999999],[121.58031049999998,25.172195399999993],[121.5801573,25.1723312],[121.5802367,25.172693399999996],[121.58005830000002,25.172854799999996]]}},{"type":"Feature","properties":{"name":"上磺溪橋","kind":"primary"},"geometry":{"type":"LineString","coordinates":[[121.5821638,25.179517],[121.58238830000002,25.1795226]]}},{"type":"Feature","properties":{"name":"日人路","kind":"steps"},"geometry":{"type":"LineString","coordinates":[[121.5844088,25.176868400000004],[121.58439249999999,25.1767422],[121.5845191,25.176708900000005],[121.5846051,25.176767100000003],[121.5846375,25.176689000000003]]}},{"type":"Feature","properties":{"name":"日人路","kind":"footway"},"geometry":{"type":"LineString","coordinates":[[121.58425120000001,25.176758799999998],[121.5844088,25.176868400000004]]}},{"type":"Feature","properties":{"name":"日人路","kind":"steps"},"geometry":{"type":"LineString","coordinates":[[121.5841957,25.176912899999994],[121.58425120000001,25.176758799999998]]}},{"type":"Feature","properties":{"name":null,"kind":"path"},"geometry":{"type":"LineString","coordinates":[[121.5841957,25.176912899999994],[121.58425540000002,25.176996199999998]]}},{"type":"Feature","properties":{"name":"金包里大路","kind":"footway"},"geometry":{"type":"LineString","coordinates":[[121.58322540000002,25.177994900000005],[121.5835859,25.1777169],[121.5836618,25.176651299999993],[121.58400040000001,25.176360300000002]]}},{"type":"Feature","properties":{"name":null,"kind":"steps"},"geometry":{"type":"LineString","coordinates":[[121.58350180000001,25.1778924],[121.5836313,25.177771],[121.5835007,25.177799500000003]]}},{"type":"Feature","properties":{"name":"金包里大路","kind":"steps"},"geometry":{"type":"LineString","coordinates":[[121.58322540000002,25.177994900000005],[121.5831657,25.178047600000003]]}},{"type":"Feature","properties":{"name":"金包里大路","kind":"footway"},"geometry":{"type":"LineString","coordinates":[[121.5831449,25.1781051],[121.5831657,25.178047600000003]]}},{"type":"Feature","properties":{"name":null,"kind":"service"},"geometry":{"type":"LineString","coordinates":[[121.58350180000001,25.1778924],[121.5833088,25.1779839],[121.5835552,25.178259899999993]]}},{"type":"Feature","properties":{"name":null,"kind":"service"},"geometry":{"type":"LineString","coordinates":[[121.58350180000001,25.1778924],[121.58370600000002,25.178126899999995],[121.5835552,25.178259899999993],[121.583392,25.178357100000003],[121.5831233,25.1781339]]}},{"type":"Feature","properties":{"name":"魚路古道(日人路/砲管路)","kind":"footway"},"geometry":{"type":"LineString","coordinates":[[121.5784712,25.166765000000005],[121.57819589999998,25.1674397],[121.57741460000001,25.16788899999999],[121.5767961,25.167769199999995],[121.57644309999999,25.167449899999994],[121.57626730000001,25.1674802],[121.5750199,25.1669584]]}},{"type":"Feature","properties":{"name":null,"kind":"path"},"geometry":{"type":"LineString","coordinates":[[121.57517639999999,25.194224899999995],[121.5755171,25.1942201],[121.57666639999998,25.1947626],[121.576893,25.194764999999997],[121.57752740000001,25.19455629999999],[121.57767890000001,25.1945903],[121.57786799999998,25.19452589999999],[121.57806380000001,25.1942432],[121.57855730000001,25.194272299999998],[121.5789449,25.194497999999996],[121.5790857,25.1944992],[121.57917159999998,25.1946788],[121.5791059,25.1947893],[121.5792346,25.194950699999996],[121.57924530000001,25.195251600000002],[121.5789838,25.1954907],[121.5789154,25.195481]]}},{"type":"Feature","properties":{"name":null,"kind":"path"},"geometry":{"type":"LineString","coordinates":[[121.57366390000001,25.204097600000004],[121.5728208,25.203668299999993],[121.5726471,25.2034729],[121.57243390000001,25.2033674],[121.5723206,25.2031216],[121.57253179999998,25.202554399999997],[121.5727665,25.202258199999996],[121.5726605,25.201793500000004],[121.5731621,25.201271699999996],[121.5734397,25.201821499999998],[121.57414780000002,25.2022462],[121.57484790000001,25.2021843],[121.57565650000001,25.202325],[121.5759495,25.202442700000002],[121.5764465,25.202218200000004],[121.5771156,25.202350499999998],[121.5773517,25.2022194],[121.57790819999998,25.2021903],[121.57822880000002,25.20256279999999],[121.57853730000001,25.2027363],[121.57948540000001,25.202763100000006],[121.5802994,25.202530000000003],[121.5807528,25.201888099999998],[121.58106919999999,25.2016503],[121.58136289999999,25.2016273],[121.58184980000001,25.201383400000005],[121.5820369,25.201122499999997],[121.5822917,25.201090299999997]]}},{"type":"Feature","properties":{"name":null,"kind":"path"},"geometry":{"type":"LineString","coordinates":[[121.5784025,25.2055249],[121.57784789999998,25.205589099999997],[121.5776065,25.205508999999996],[121.57697080000001,25.2050868],[121.5765497,25.2050067],[121.5763566,25.204858599999994],[121.57620639999999,25.2048635],[121.5748787,25.204213099999997],[121.5745153,25.204139100000003],[121.5737238,25.204164600000002]]}},{"type":"Feature","properties":{"name":null,"kind":"path"},"geometry":{"type":"LineString","coordinates":[[121.57840049999999,25.2055405],[121.5783125,25.2056752],[121.5777765,25.205727099999997],[121.5775806,25.205840699999996],[121.5770109,25.205859800000002],[121.576721,25.205960899999994],[121.5761408,25.206024699999997],[121.5760169,25.205709600000002],[121.5757574,25.205635999999995],[121.5756238,25.205720599999996],[121.5754258,25.205717299999996],[121.5749266,25.2054723],[121.57512950000002,25.205444799999995],[121.57551930000001,25.2052415],[121.57564809999998,25.205034500000004],[121.57558620000002,25.2049371],[121.57525250000002,25.2048612],[121.5749052,25.2049338],[121.5740527,25.204506399999996],[121.5737274,25.204243599999998],[121.5737373,25.2041797]]}},{"type":"Feature","properties":{"name":null,"kind":"path"},"geometry":{"type":"LineString","coordinates":[[121.5689658,25.196661999999996],[121.56912399999999,25.196894699999998],[121.5690798,25.1969942],[121.56923530000002,25.197682299999997],[121.5691575,25.197837599999993],[121.56869079999998,25.198191899999998],[121.5687069,25.1985972],[121.5689939,25.198633600000004],[121.56941230000001,25.198519599999997],[121.56973960000002,25.1985754],[121.5700158,25.1987963],[121.5702465,25.198507400000004],[121.57090370000002,25.1984735],[121.571188,25.198711299999996],[121.57130060000001,25.198881200000002],[121.5710056,25.1993739],[121.5706998,25.2002184],[121.5707374,25.200563099999997],[121.5704316,25.201160099999996],[121.5705174,25.201533800000004],[121.5707964,25.202135699999992],[121.57103240000002,25.2019027],[121.5713435,25.201776499999998],[121.5719926,25.203159799999995],[121.57227160000001,25.2033661],[121.57243390000001,25.2033674]]}},{"type":"Feature","properties":{"name":null,"kind":"path"},"geometry":{"type":"LineString","coordinates":[[121.56161040000002,25.214699699999997],[121.5619779,25.214883599999993],[121.56212809999998,25.214825399999995],[121.56213619999998,25.214628800000003],[121.56228100000001,25.214642200000004],[121.5622931,25.2145524],[121.5623937,25.2146252],[121.5624513,25.214519599999992],[121.5625653,25.214526899999992],[121.5625425,25.214262399999992],[121.5626284,25.2141459],[121.5627479,25.214132099999997]]}},{"type":"Feature","properties":{"name":null,"kind":"service"},"geometry":{"type":"LineString","coordinates":[[121.56029910000001,25.212011099999998],[121.56028350000001,25.2118684],[121.56047520000001,25.21155049999999]]}},{"type":"Feature","properties":{"name":null,"kind":"service"},"geometry":{"type":"LineString","coordinates":[[121.56101160000001,25.212305799999996],[121.56104250000001,25.2122221],[121.5609352,25.212154700000003],[121.56024320000002,25.212022499999996],[121.56005009999998,25.2119242],[121.5601048,25.211751799999995],[121.56047520000001,25.21155049999999]]}},{"type":"Feature","properties":{"name":null,"kind":"service"},"geometry":{"type":"LineString","coordinates":[[121.5474195,25.1804335],[121.5469046,25.1811164],[121.54684719999999,25.181594799999996],[121.54712209999998,25.1822642],[121.54755880000002,25.1824402],[121.54773340000001,25.182635099999995],[121.5480734,25.183759099999993],[121.5479388,25.1840103],[121.5470883,25.184325899999997],[121.54702390000001,25.184857399999995],[121.5478627,25.185368600000004],[121.5483999,25.185294299999995],[121.5484974,25.185482699999998],[121.5481706,25.185747899999992],[121.5481863,25.185988500000004],[121.54810219999999,25.186180300000004],[121.54770740000001,25.18634039999999],[121.5476658,25.1867168],[121.54733949999999,25.187020699999998],[121.54726269999999,25.187454500000005],[121.5464338,25.187770999999998],[121.54613349999998,25.187791900000004],[121.5460691,25.187889],[121.54608990000001,25.188195299999997],[121.5463403,25.1884671],[121.547319,25.188585599999996],[121.5473444,25.188750799999998],[121.54713670000001,25.1889355],[121.54704289999998,25.1891984],[121.54706290000001,25.1893057],[121.5474324,25.18969759999999],[121.54755769999998,25.189981199999995],[121.5474633,25.190124799999996],[121.5471071,25.190265199999995],[121.54690669999998,25.190532499999996],[121.546758,25.1905916],[121.5463212,25.190447199999998],[121.54618169999999,25.1905564],[121.54608780000001,25.190789400000007],[121.54561850000002,25.190903],[121.5455624,25.191107499999994],[121.5458005,25.191407999999996],[121.5456682,25.1916271],[121.5453892,25.191827600000003],[121.54532450000002,25.192399999999996],[121.5454061,25.19251],[121.54559339999999,25.1925288],[121.54598900000002,25.192340999999995],[121.5463024,25.192517499999994],[121.5466846,25.192566000000003],[121.54700250000002,25.1930394],[121.54786669999999,25.193518700000002],[121.5477503,25.193707099999997],[121.5465572,25.1940272],[121.54650090000001,25.1940951],[121.54650090000001,25.194672799999992],[121.5466576,25.195281400000002],[121.5467508,25.1954009],[121.54718500000001,25.1954682],[121.54775350000001,25.196185999999997],[121.54833020000001,25.196326799999998],[121.5484093,25.196898400000002],[121.5487151,25.197030599999994],[121.54905570000001,25.197377699999997],[121.549159,25.197365500000004],[121.5493508,25.1971144],[121.54976789999999,25.1970015],[121.550142,25.196803699999997],[121.55040900000002,25.196776699999997],[121.5506691,25.197308499999995],[121.5508449,25.1975146],[121.5514725,25.19794969999999],[121.5515767,25.198253200000003],[121.5519594,25.1984316],[121.55228420000002,25.198975500000003],[121.55242769999998,25.199440299999992],[121.55254700000002,25.20052889999999],[121.55182370000001,25.2008426],[121.5512633,25.201251900000003],[121.5506357,25.202092399999998],[121.55069859999999,25.202492499999995],[121.55064370000001,25.202716699999996],[121.55020989999998,25.203001900000004],[121.5500128,25.20335409999999],[121.55030919999999,25.2039827],[121.5507599,25.20402049999999],[121.55127790000002,25.204183999999998],[121.55183320000002,25.204181599999995],[121.5520585,25.2044825],[121.5523321,25.204591000000004],[121.5524179,25.2047009],[121.5524662,25.20543139999999],[121.5528202,25.2055212],[121.5530053,25.2060065],[121.5534476,25.206173199999995],[121.55361540000001,25.2064462],[121.5537757,25.206851399999998],[121.55373480000002,25.207042799999993],[121.5532274,25.207412300000005],[121.55273930000001,25.2076575],[121.5524742,25.208061999999998],[121.55244320000001,25.208277400000004],[121.5525773,25.208345099999992],[121.5529181,25.208138499999993],[121.5531836,25.208081399999998],[121.55344929999998,25.2081927],[121.55412460000001,25.2081362],[121.55429959999998,25.208239999999993],[121.55451910000001,25.208523500000002],[121.5547253,25.2089805],[121.5552666,25.2089466],[121.5555729,25.209046600000004],[121.5559115,25.209035200000002],[121.55612070000001,25.2091407],[121.5567724,25.2090352],[121.55710910000002,25.209389499999997],[121.5573947,25.209402799999996],[121.5577823,25.20959089999999],[121.55816259999999,25.210232799999996],[121.558188,25.210793899999995],[121.5589644,25.2110494],[121.5593118,25.211339199999998],[121.55938949999998,25.212133799999997],[121.5594928,25.21235739999999],[121.5596692,25.2124216],[121.5608963,25.212240899999994],[121.56101160000001,25.212305799999996],[121.56107910000001,25.2131563],[121.5615005,25.213571599999998],[121.5616397,25.214828500000003],[121.56209010000002,25.2152311],[121.56246560000001,25.2154264],[121.56306200000002,25.215590800000005],[121.56350630000001,25.2154962],[121.5637951,25.215329],[121.5643553,25.2146891],[121.56458980000001,25.214562599999997],[121.5652129,25.214852799999992],[121.5660548,25.214983400000005],[121.56677740000002,25.215701000000003],[121.5674119,25.216187700000003],[121.56772350000001,25.216787199999995],[121.56764100000001,25.217090899999995],[121.5676472,25.217606399999998],[121.5673511,25.2177333],[121.56715080000001,25.218246499999992]]}},{"type":"Feature","properties":{"name":null,"kind":"service"},"geometry":{"type":"LineString","coordinates":[[121.5674119,25.216187700000003],[121.56717380000002,25.216619999999995],[121.56725030000001,25.216863799999995],[121.56737900000002,25.216846799999995]]}},{"type":"Feature","properties":{"name":null,"kind":"service"},"geometry":{"type":"LineString","coordinates":[[121.5676472,25.217606399999998],[121.56825879999998,25.218463399999997],[121.5682571,25.2186904],[121.5680842,25.218808999999997],[121.567239,25.218603600000005],[121.5671233,25.2185142],[121.56715080000001,25.218246499999992]]}},{"type":"Feature","properties":{"name":null,"kind":"track"},"geometry":{"type":"LineString","coordinates":[[121.5646517,25.213987000000003],[121.5646163,25.213846599999993],[121.5640549,25.213366099999995],[121.56439299999998,25.2127861],[121.564889,25.2121988]]}},{"type":"Feature","properties":{"name":null,"kind":"path"},"geometry":{"type":"LineString","coordinates":[[121.56380069999999,25.214027899999998],[121.563775,25.2138164],[121.56400950000001,25.2136001],[121.5640549,25.213366099999995]]}},{"type":"Feature","properties":{"name":null,"kind":"service"},"geometry":{"type":"LineString","coordinates":[[121.56539020000001,25.214400899999998],[121.5652478,25.2141843]]}},{"type":"Feature","properties":{"name":null,"kind":"service"},"geometry":{"type":"LineString","coordinates":[[121.5660548,25.214983400000005],[121.56581980000001,25.214634899999997],[121.56456930000002,25.213945499999998],[121.56433260000001,25.213981099999998],[121.56415490000002,25.2141601],[121.56380909999999,25.214305700000004],[121.563415,25.2147119],[121.5630649,25.214671899999995],[121.56270919999999,25.214408799999994],[121.5627479,25.214132099999997],[121.5633315,25.2140833],[121.5634889,25.213991699999998]]}},{"type":"Feature","properties":{"name":"金包里大路","kind":"footway"},"geometry":{"type":"LineString","coordinates":[[121.57827389999999,25.166716000000005],[121.5781972,25.166752399999996],[121.5781608,25.16667839999999]]}},{"type":"Feature","properties":{"name":"金包里大路","kind":"footway"},"geometry":{"type":"LineString","coordinates":[[121.57901889999998,25.167069600000005],[121.5787612,25.1665456]]}},{"type":"Feature","properties":{"name":"金包里大路","kind":"steps"},"geometry":{"type":"LineString","coordinates":[[121.58004700000001,25.168094399999994],[121.57952160000002,25.167926499999997],[121.5791612,25.167612000000002],[121.5790991,25.167163300000002],[121.57901889999998,25.167069600000005]]}},{"type":"Feature","properties":{"name":null,"kind":"path"},"geometry":{"type":"LineString","coordinates":[[121.57841249999998,25.205448299999993],[121.5784025,25.2055249]]}},{"type":"Feature","properties":{"name":"竹子山古道","kind":"path"},"geometry":{"type":"LineString","coordinates":[[121.5770664,25.224106300000003],[121.5773844,25.2242178],[121.57914330000001,25.2244348],[121.5794687,25.2241414],[121.57963800000002,25.224162100000004],[121.57995180000002,25.224409499999993],[121.5807076,25.2245533],[121.58077490000001,25.224660699999994],[121.58138690000001,25.2246112],[121.5818908,25.224451599999995]]}},{"type":"Feature","properties":{"name":null,"kind":"path"},"geometry":{"type":"LineString","coordinates":[[121.5745993,25.225466200000003],[121.5751433,25.225549799999992],[121.57561050000001,25.225437699999997],[121.5758087,25.224960700000004],[121.57603170000002,25.224877399999997],[121.57614849999999,25.2245669],[121.5762794,25.2245861],[121.57663690000001,25.225271199999995],[121.576959,25.225431299999997],[121.57701560000001,25.2255754],[121.57695190000001,25.2261197],[121.57704739999998,25.2262381],[121.577189,25.226250899999997],[121.57740139999999,25.226036399999998],[121.5778791,25.226055600000002],[121.57815169999999,25.225902],[121.5784631,25.2259116],[121.57864010000002,25.225767499999996],[121.57915679999999,25.225591400000006],[121.5795107,25.225703499999998],[121.5814537,25.2250919],[121.581753,25.225091799999998],[121.5819754,25.2250013],[121.58204420000001,25.2247789],[121.58195840000002,25.224733999999998],[121.5818908,25.224451599999995]]}},{"type":"Feature","properties":{"name":null,"kind":"path"},"geometry":{"type":"LineString","coordinates":[[121.58579160000001,25.191857200000005],[121.5858685,25.1926746],[121.5855467,25.192829899999996],[121.58535350000001,25.1927911],[121.58477420000001,25.1931794],[121.5850102,25.193295899999995],[121.5845382,25.194014299999996],[121.5845382,25.1941503],[121.5840446,25.1943638],[121.58389440000002,25.194286199999997],[121.5838086,25.194014300000003],[121.58333649999999,25.1938008],[121.58301819999998,25.19383819999999],[121.58264990000002,25.1942085],[121.5824353,25.194208500000006],[121.58232800000002,25.194111399999997],[121.58237090000002,25.1939561],[121.5822865,25.193832299999997],[121.5820852,25.1937656],[121.5818774,25.193043500000005],[121.5815434,25.192579900000002],[121.58172499999999,25.192033299999995],[121.5817781,25.1912851],[121.58146970000001,25.1910242],[121.5814455,25.190717099999997],[121.5809976,25.1902475],[121.5808984,25.1896844],[121.58054620000001,25.1894266],[121.57944060000001,25.1888482],[121.579244,25.188573399999996],[121.57887600000001,25.1884101],[121.5783905,25.188062999999996],[121.57822199999998,25.187786999999997],[121.57794260000001,25.1875412],[121.5773784,25.187278400000004],[121.576682,25.187167499999994],[121.57647810000002,25.187075199999995],[121.5762743,25.1868519],[121.57560639999998,25.186672400000003],[121.57500959999999,25.186082399999997],[121.57465340000002,25.185937]]}},{"type":"Feature","properties":{"name":null,"kind":"path"},"geometry":{"type":"LineString","coordinates":[[121.57932180000002,25.205642599999994],[121.5797624,25.205945899999996],[121.57975980000002,25.206092999999992],[121.5800106,25.2063419],[121.58025219999999,25.2064863],[121.5804942,25.206486699999992]]}},{"type":"Feature","properties":{"name":null,"kind":"path"},"geometry":{"type":"LineString","coordinates":[[121.58040609999999,25.2063285],[121.579995,25.20598349999999],[121.5797624,25.205945899999996]]}},{"type":"Feature","properties":{"name":null,"kind":"path"},"geometry":{"type":"LineString","coordinates":[[121.58612129999999,25.2069159],[121.58568260000001,25.2068438],[121.5855271,25.2067127],[121.58520520000002,25.206615700000004],[121.5849987,25.206773400000003],[121.58450509999999,25.206652099999996],[121.58418330000002,25.2066957],[121.58366830000001,25.2065598],[121.58308620000001,25.2067807],[121.58305140000002,25.206880199999993],[121.5828341,25.2067928],[121.58293070000002,25.2062613],[121.5826142,25.205746899999998],[121.5824854,25.205700799999992],[121.5818739,25.205914299999996],[121.58151980000001,25.2057687],[121.58135089999999,25.205953099999995],[121.5810075,25.205831799999995],[121.579995,25.20598349999999],[121.57998160000001,25.2058148],[121.5798005,25.2057469],[121.5785399,25.2054119],[121.57841249999998,25.205448299999993]]}},{"type":"Feature","properties":{"name":null,"kind":"track"},"geometry":{"type":"LineString","coordinates":[[121.5828308,25.2080402],[121.5827101,25.2079079],[121.582474,25.207836900000004],[121.5822576,25.207596],[121.5819436,25.207489100000004],[121.58145070000002,25.207186400000005],[121.5812915,25.206897699999995],[121.5810974,25.2067516],[121.58063470000002,25.206513699999988],[121.58036380000001,25.206461599999994],[121.5803142,25.206383900000002],[121.58076080000001,25.206286800000004],[121.5808855,25.2063426],[121.58102090000001,25.2063026]]}},{"type":"Feature","properties":{"name":null,"kind":"track"},"geometry":{"type":"LineString","coordinates":[[121.5828308,25.2080402],[121.58239350000001,25.2084462],[121.58219580000001,25.208794900000004],[121.5814608,25.20928749999999],[121.58114570000001,25.2097813],[121.58116180000002,25.210156300000005],[121.5813468,25.2102315],[121.58148229999999,25.210190299999997]]}},{"type":"Feature","properties":{"name":null,"kind":"track"},"geometry":{"type":"LineString","coordinates":[[121.5849464,25.208508599999995],[121.5846972,25.208384399999996],[121.5843174,25.2086105],[121.5842262,25.208729400000003],[121.5843224,25.2090084]]}},{"type":"Feature","properties":{"name":null,"kind":"unclassified"},"geometry":{"type":"LineString","coordinates":[[121.58661599999999,25.2100641],[121.5862405,25.2094841],[121.58581829999999,25.209250399999995],[121.5849464,25.208508599999995],[121.58519179999999,25.208486700000005],[121.58544659999998,25.208559500000003],[121.5858811,25.20879250000001],[121.5859039,25.208714800000003],[121.5855298,25.208385999999997],[121.5849289,25.208188199999995],[121.5843911,25.2078594],[121.5828308,25.2080402]]}},{"type":"Feature","properties":{"name":"竹子山古道","kind":"path"},"geometry":{"type":"LineString","coordinates":[[121.5818908,25.224451599999995],[121.58201999999999,25.224381199999993],[121.5824447,25.224597299999996],[121.5830994,25.225163999999992],[121.5833135,25.225530599999995],[121.58338989999999,25.226050600000008],[121.583103,25.226507099999992],[121.5830959,25.227185799999997],[121.58322330000001,25.227442000000003],[121.583011,25.228075899999993],[121.58315250000001,25.2285817],[121.58359140000002,25.229484599999992],[121.5839136,25.229932799999997],[121.58384620000001,25.230323400000003],[121.5843432,25.231328799999996],[121.5848967,25.231981899999997],[121.5853398,25.232775799999995],[121.5859273,25.233364799999993],[121.5881917,25.234954800000004]]}},{"type":"Feature","properties":{"name":null,"kind":"path"},"geometry":{"type":"LineString","coordinates":[[121.57855610000001,25.225835899999996],[121.5783871,25.226419099999994],[121.57879380000001,25.226675599999993],[121.5794716,25.226842799999993],[121.5800139,25.227701200000002],[121.5806424,25.228069100000003],[121.58120930000001,25.2282141],[121.58136950000001,25.228593099999998],[121.58171369999998,25.2286811],[121.58184110000002,25.2288732],[121.5818164,25.229079699999996],[121.58195969999998,25.229146899999996],[121.58223930000001,25.2295807],[121.5821473,25.229945699999995],[121.582214,25.230302199999997],[121.582325,25.230329999999995],[121.58238969999998,25.2305474],[121.58317840000001,25.231704099999998],[121.5840774,25.232888199999998],[121.58478010000002,25.233456000000004],[121.58508049999999,25.2339121],[121.58537560000002,25.234033400000005],[121.58603,25.2340917],[121.5867596,25.2349942],[121.5871619,25.2350525],[121.5874033,25.234974799999993],[121.58762320000001,25.234994200000003],[121.58782530000002,25.2354542],[121.58799950000001,25.235519499999995]]}},{"type":"Feature","properties":{"name":null,"kind":"path"},"geometry":{"type":"LineString","coordinates":[[121.5737238,25.204164600000002],[121.57366390000001,25.204097600000004]]}},{"type":"Feature","properties":{"name":"竹子山古道","kind":"path"},"geometry":{"type":"LineString","coordinates":[[121.5770664,25.224106300000003],[121.5767805,25.224005999999996],[121.57585620000002,25.223359300000002],[121.575819,25.2230022],[121.5756137,25.2227653],[121.57525269999998,25.222752499999995],[121.57498380000001,25.222630800000005],[121.5735468,25.22175349999999],[121.57272570000002,25.221740700000005],[121.5724709,25.221555000000006],[121.57198959999998,25.221017099999994],[121.57173480000002,25.220312699999997],[121.57140210000001,25.220197399999996],[121.5707172,25.219420000000003],[121.57008830000001,25.2189917],[121.5698844,25.218945599999994],[121.56950090000001,25.218669],[121.5691205,25.2187552],[121.5686345,25.218535500000005],[121.56825879999998,25.218463399999997]]}},{"type":"Feature","properties":{"name":null,"kind":"footway"},"geometry":{"type":"LineString","coordinates":[[121.611083,25.2430172],[121.6104877,25.243057099999998]]}},{"type":"Feature","properties":{"name":null,"kind":"unclassified"},"geometry":{"type":"LineString","coordinates":[[121.6101789,25.243929300000005],[121.6105038,25.243920299999996],[121.6113603,25.243705199999997],[121.6116112,25.24350559999999],[121.6120396,25.243340599999996],[121.6124885,25.2429306],[121.6129475,25.2426338],[121.6134378,25.2424925],[121.6136678,25.2422169]]}},{"type":"Feature","properties":{"name":null,"kind":"footway"},"geometry":{"type":"LineString","coordinates":[[121.6110225,25.243724399999998],[121.6104015,25.243836600000005],[121.61022280000002,25.2433732],[121.61062300000002,25.243180799999998],[121.6109656,25.243353099999997],[121.6110417,25.243296399999995],[121.611083,25.2430172],[121.6117339,25.242713400000003],[121.6118066,25.242547],[121.6123109,25.24299449999999],[121.6120549,25.243236599999996]]}},{"type":"Feature","properties":{"name":null,"kind":"footway"},"geometry":{"type":"LineString","coordinates":[[121.6113741,25.243627999999994],[121.6112831,25.2430315],[121.6111659,25.242948899999995],[121.61127299999998,25.2427751]]}},{"type":"Feature","properties":{"name":null,"kind":"footway"},"geometry":{"type":"LineString","coordinates":[[121.6120549,25.243236599999996],[121.6121368,25.2433221]]}},{"type":"Feature","properties":{"name":null,"kind":"service"},"geometry":{"type":"LineString","coordinates":[[121.61202609999998,25.243404699999996],[121.61198010000001,25.243363399999996]]}},{"type":"Feature","properties":{"name":null,"kind":"footway"},"geometry":{"type":"LineString","coordinates":[[121.6104015,25.243836600000005],[121.6110617,25.2436123],[121.6109656,25.243353099999997]]}},{"type":"Feature","properties":{"name":null,"kind":"footway"},"geometry":{"type":"LineString","coordinates":[[121.6110617,25.2436123],[121.61109139999999,25.243707299999997]]}},{"type":"Feature","properties":{"name":null,"kind":"footway"},"geometry":{"type":"LineString","coordinates":[[121.6110631,25.243866699999998],[121.6110225,25.243724399999998]]}},{"type":"Feature","properties":{"name":"法心南路","kind":"unclassified"},"geometry":{"type":"LineString","coordinates":[[121.6141815,25.244639600000003],[121.61423900000001,25.244328299999992],[121.614366,25.244119099999995],[121.61535780000001,25.2432827],[121.6157009,25.2432844],[121.6163659,25.243810100000005]]}},{"type":"Feature","properties":{"name":null,"kind":"footway"},"geometry":{"type":"LineString","coordinates":[[121.6121368,25.2433221],[121.6124093,25.2436066],[121.6123133,25.243808199999997],[121.6123709,25.244099399999996],[121.61223800000002,25.244524199999997],[121.61192940000001,25.244755200000004],[121.6118112,25.245070400000003],[121.61147900000002,25.245107800000003],[121.6112179,25.245404999999998],[121.6110631,25.245450799999993],[121.610877,25.2453786],[121.6108069,25.245263100000003],[121.61073080000001,25.2445732],[121.61044070000001,25.2440463],[121.6110631,25.243866699999998]]}},{"type":"Feature","properties":{"name":null,"kind":"service"},"geometry":{"type":"LineString","coordinates":[[121.6096602,25.244545500000005],[121.6095047,25.2445431],[121.6091533,25.2443405],[121.6088663,25.2444703]]}},{"type":"Feature","properties":{"name":null,"kind":"tertiary"},"geometry":{"type":"LineString","coordinates":[[121.61360410000002,25.237170899999995],[121.6131176,25.2373052],[121.6130465,25.237432599999998],[121.6130673,25.237939],[121.61291310000001,25.2381356],[121.6128014,25.238174699999995],[121.6123937,25.237916300000006],[121.61206380000002,25.2379794],[121.61188139999999,25.2378653],[121.61174460000001,25.2379842],[121.61150060000001,25.2386175],[121.6114724,25.239185200000005],[121.6112149,25.239902099999995],[121.6108687,25.240337],[121.6108938,25.240759500000006],[121.6106967,25.2414287],[121.6105515,25.241576599999995],[121.61025500000001,25.2416664],[121.60983590000001,25.2420867],[121.60959760000001,25.2430857],[121.60967500000001,25.2432975],[121.6100341,25.243503],[121.6101789,25.243929300000005],[121.6100841,25.244122700000002],[121.60973269999998,25.244321099999997],[121.6096562,25.244475199999997],[121.6099455,25.244922999999993],[121.6099982,25.2458119],[121.6103062,25.246039099999997],[121.610937,25.246066299999995],[121.6112725,25.246165899999998],[121.61152379999999,25.246328999999996],[121.6124019,25.2464302],[121.612508,25.246552],[121.6126587,25.24658],[121.612968,25.24649189999999],[121.61313180000002,25.246537299999993],[121.6129252,25.247279499999998],[121.612923,25.247758900000004],[121.613246,25.2480454],[121.6133966,25.2489418],[121.6134083,25.249641699999998],[121.61282520000002,25.250525599999996],[121.61192540000002,25.2512558],[121.6119758,25.2516179],[121.61191500000001,25.2520266]]}},{"type":"Feature","properties":{"name":null,"kind":"service"},"geometry":{"type":"LineString","coordinates":[[121.6120718,25.2446602],[121.61227959999998,25.2446104]]}},{"type":"Feature","properties":{"name":null,"kind":"footway"},"geometry":{"type":"LineString","coordinates":[[121.61069570000001,25.2448044],[121.6106517,25.244742299999995],[121.6104517,25.244776999999996],[121.610602,25.244997999999992]]}},{"type":"Feature","properties":{"name":"法頂路","kind":"service"},"geometry":{"type":"LineString","coordinates":[[121.6141815,25.244639600000003],[121.61359990000001,25.244499],[121.6134702,25.244526800000003],[121.6133481,25.244635299999995],[121.6132613,25.24495050000001],[121.6134357,25.245167399999996],[121.61415580000002,25.245412899999998]]}},{"type":"Feature","properties":{"name":null,"kind":"footway"},"geometry":{"type":"LineString","coordinates":[[121.610877,25.2453786],[121.61078359999999,25.245398700000003],[121.610602,25.244997999999992],[121.61069570000001,25.2448044],[121.61103970000002,25.244736899999996],[121.6110181,25.2445663]]}},{"type":"Feature","properties":{"name":null,"kind":"footway"},"geometry":{"type":"LineString","coordinates":[[121.61119850000001,25.245325],[121.6113058,25.2448621],[121.61118570000001,25.2448499],[121.61105359999999,25.2448864],[121.6109068,25.245062899999997],[121.611031,25.245325000000005],[121.61119850000001,25.245325]]}},{"type":"Feature","properties":{"name":null,"kind":"footway"},"geometry":{"type":"LineString","coordinates":[[121.6113708,25.2451824],[121.61126219999998,25.24513749999999]]}},{"type":"Feature","properties":{"name":null,"kind":"footway"},"geometry":{"type":"LineString","coordinates":[[121.6110034,25.245264299999995],[121.6110306,25.245241599999996]]}},{"type":"Feature","properties":{"name":null,"kind":"service"},"geometry":{"type":"LineString","coordinates":[[121.60740389999998,25.244114399999997],[121.6072825,25.2443551]]}},{"type":"Feature","properties":{"name":null,"kind":"service"},"geometry":{"type":"LineString","coordinates":[[121.6057898,25.244361199999997],[121.6058072,25.2445783],[121.60567050000002,25.2448282],[121.60585420000001,25.2449058],[121.60628599999998,25.244915499999994]]}},{"type":"Feature","properties":{"name":null,"kind":"service"},"geometry":{"type":"LineString","coordinates":[[121.6077964,25.2450808],[121.6073592,25.2449401],[121.6068952,25.245024999999995],[121.606464,25.245348099999998]]}},{"type":"Feature","properties":{"name":null,"kind":"residential"},"geometry":{"type":"LineString","coordinates":[[121.60191520000001,25.248053799999997],[121.6025589,25.247840299999996],[121.6029909,25.247808200000005],[121.6032405,25.2475432],[121.6033303,25.247197199999995],[121.60372770000001,25.2471406],[121.6039768,25.24675969999999],[121.60413720000001,25.246703499999995],[121.604654,25.246805099999996],[121.6055816,25.246828000000004],[121.60565890000001,25.2466153],[121.605672,25.2461237],[121.6061424,25.245944999999995],[121.6064826,25.245499699999996],[121.60628599999998,25.244915499999994],[121.6074622,25.2444197],[121.60806920000002,25.244040299999995],[121.60853940000001,25.243495499999998],[121.60877360000002,25.243395],[121.6090709,25.243392699999998],[121.6093862,25.243217799999996],[121.60964020000002,25.242784199999992]]}},{"type":"Feature","properties":{"name":null,"kind":"unclassified"},"geometry":{"type":"LineString","coordinates":[[121.6070233,25.246811199999996],[121.60694419999999,25.2464982],[121.6070139,25.246141599999994],[121.6073143,25.245946299999996],[121.6074645,25.2459306],[121.607718,25.246091900000003],[121.6077823,25.246219299999996],[121.6077582,25.2468124],[121.60820390000002,25.246416199999995],[121.60891950000001,25.2460926],[121.6091276,25.246086799999997],[121.6096857,25.245762200000005],[121.60995529999998,25.2457561]]}},{"type":"Feature","properties":{"name":null,"kind":"service"},"geometry":{"type":"LineString","coordinates":[[121.602473,25.247868299999997],[121.6025562,25.247636599999993],[121.6024661,25.2470252],[121.60224289999998,25.246932099999995],[121.6020648,25.246997999999994]]}},{"type":"Feature","properties":{"name":null,"kind":"service"},"geometry":{"type":"LineString","coordinates":[[121.6032405,25.2475432],[121.6034229,25.2476929],[121.60339690000002,25.248069500000003],[121.60351399999999,25.2482401],[121.6036701,25.248245999999998],[121.60380670000002,25.248387199999996],[121.60375469999998,25.248557799999997]]}},{"type":"Feature","properties":{"name":null,"kind":"service"},"geometry":{"type":"LineString","coordinates":[[121.60422800000002,25.249341499999996],[121.605131,25.2497127],[121.60591429999998,25.249899199999998]]}},{"type":"Feature","properties":{"name":null,"kind":"service"},"geometry":{"type":"LineString","coordinates":[[121.60513860000002,25.248958399999992],[121.6053135,25.2488173],[121.60557570000002,25.2488143],[121.60579710000002,25.2486479],[121.60644429999999,25.248392199999998],[121.6066125,25.2484131],[121.6082453,25.2491695],[121.6083998,25.249346],[121.60885509999999,25.249599700000005],[121.6098755,25.250063000000004],[121.60957870000001,25.2507139],[121.6091343,25.250979]]}},{"type":"Feature","properties":{"name":null,"kind":"service"},"geometry":{"type":"LineString","coordinates":[[121.604485,25.24970499999999],[121.60425659999999,25.249738099999995]]}},{"type":"Feature","properties":{"name":null,"kind":"footway"},"geometry":{"type":"LineString","coordinates":[[121.61125880000002,25.245356999999995],[121.61119850000001,25.245325]]}},{"type":"Feature","properties":{"name":null,"kind":"footway"},"geometry":{"type":"LineString","coordinates":[[121.611331,25.2456044],[121.6114021,25.2454468],[121.61125880000002,25.245356999999995]]}},{"type":"Feature","properties":{"name":null,"kind":"service"},"geometry":{"type":"LineString","coordinates":[[121.6124497,25.246485099999997],[121.61257740000002,25.2463521],[121.61256690000002,25.246163999999997],[121.61278870000001,25.2457239]]}},{"type":"Feature","properties":{"name":null,"kind":"service"},"geometry":{"type":"LineString","coordinates":[[121.61038030000002,25.24604149999999],[121.61027390000001,25.246218700000004],[121.6103432,25.2464419]]}},{"type":"Feature","properties":{"name":null,"kind":"service"},"geometry":{"type":"LineString","coordinates":[[121.61304210000002,25.2469837],[121.61275179999998,25.247025299999997]]}},{"type":"Feature","properties":{"name":null,"kind":"service"},"geometry":{"type":"LineString","coordinates":[[121.61187690000001,25.246919899999995],[121.6120121,25.246971899999995],[121.6122436,25.247375399999996],[121.61237070000001,25.247940899999996]]}},{"type":"Feature","properties":{"name":null,"kind":"service"},"geometry":{"type":"LineString","coordinates":[[121.61310330000002,25.247867000000003],[121.612699,25.248029299999995],[121.6121443,25.247887699999996],[121.61173010000002,25.248019200000005],[121.6114689,25.247991399999997],[121.61102330000001,25.2482484],[121.6110617,25.247977500000008],[121.6109619,25.247609200000007],[121.61120000000001,25.2472965]]}},{"type":"Feature","properties":{"name":null,"kind":"service"},"geometry":{"type":"LineString","coordinates":[[121.6121443,25.247887699999996],[121.6119627,25.2476685]]}},{"type":"Feature","properties":{"name":null,"kind":"tertiary"},"geometry":{"type":"LineString","coordinates":[[121.61823290000001,25.2566234],[121.61834809999999,25.255997999999998],[121.61803000000002,25.255639000000006],[121.6180173,25.255423699999994],[121.6184499,25.255381900000003],[121.6190277,25.2561175],[121.61926370000002,25.256166],[121.61950640000002,25.255953699999996],[121.6195214,25.254722399999995],[121.61913830000002,25.2540816],[121.6189663,25.253505099999995],[121.6187778,25.2531865],[121.616918,25.2521556],[121.6158062,25.25201909999999],[121.614183,25.252519799999998],[121.6134224,25.25260979999999],[121.61320509999999,25.2525625],[121.61300770000001,25.252388099999997],[121.61245809999998,25.252378299999997],[121.6115589,25.25176679999999],[121.6096709,25.2519932],[121.60859549999999,25.251720300000002],[121.608047,25.251506399999993],[121.60662610000001,25.250706600000004],[121.606346,25.250703000000005],[121.6054863,25.2509226],[121.60369199999998,25.250501699999997],[121.6031824,25.250085599999995],[121.6029021,25.2496902],[121.60197270000002,25.249146800000002],[121.60186359999999,25.248937199999993],[121.60183650000002,25.248565799999998],[121.60191520000001,25.248053799999997],[121.60171020000001,25.247536399999994],[121.60154200000001,25.246401300000006],[121.6015154,25.245449599999997],[121.6020572,25.245015299999995],[121.60216510000001,25.244574400000005],[121.60188420000001,25.2439219],[121.60218549999999,25.242591399999995],[121.602077,25.241955100000002],[121.6017215,25.241150199999996],[121.6017723,25.240668799999998],[121.6020881,25.240277199999998],[121.60280140000002,25.23996899999999],[121.6028553,25.239347300000002],[121.6030378,25.23909069999999]]}},{"type":"Feature","properties":{"name":null,"kind":"unclassified"},"geometry":{"type":"LineString","coordinates":[[121.6123988,25.249566099999996],[121.6126187,25.249818399999995],[121.61291640000002,25.2497796],[121.6132308,25.249960799999993]]}},{"type":"Feature","properties":{"name":null,"kind":"steps"},"geometry":{"type":"LineString","coordinates":[[121.6017402,25.2481592],[121.60169340000002,25.248203499999995]]}},{"type":"Feature","properties":{"name":null,"kind":"footway"},"geometry":{"type":"LineString","coordinates":[[121.601456,25.248232100000003],[121.60154649999998,25.2481679]]}},{"type":"Feature","properties":{"name":null,"kind":"footway"},"geometry":{"type":"LineString","coordinates":[[121.6018444,25.248513299999992],[121.60136790000001,25.247976300000005],[121.60124010000001,25.247935499999997]]}},{"type":"Feature","properties":{"name":null,"kind":"footway"},"geometry":{"type":"LineString","coordinates":[[121.60169340000002,25.248203499999995],[121.60162840000001,25.248253600000005]]}},{"type":"Feature","properties":{"name":null,"kind":"pedestrian"},"geometry":{"type":"LineString","coordinates":[[121.60182099999999,25.248402300000002],[121.60145440000001,25.247995699999997],[121.6013213,25.248097400000002],[121.60177780000001,25.2485539],[121.60182099999999,25.248402300000002]]}},{"type":"Feature","properties":{"name":null,"kind":"steps"},"geometry":{"type":"LineString","coordinates":[[121.60093209999998,25.248637700000003],[121.601456,25.248232100000003]]}},{"type":"Feature","properties":{"name":null,"kind":"service"},"geometry":{"type":"LineString","coordinates":[[121.599635,25.248959399999997],[121.5994902,25.248625],[121.5995734,25.248482899999992],[121.599903,25.248324000000004],[121.6003299,25.248424499999995]]}},{"type":"Feature","properties":{"name":null,"kind":"steps"},"geometry":{"type":"LineString","coordinates":[[121.60045050000001,25.249035899999996],[121.6009597,25.248669]]}},{"type":"Feature","properties":{"name":null,"kind":"service"},"geometry":{"type":"LineString","coordinates":[[121.60186359999999,25.248937199999993],[121.60170519999998,25.248913]]}},{"type":"Feature","properties":{"name":null,"kind":"service"},"geometry":{"type":"LineString","coordinates":[[121.6042751,25.250293299999996],[121.6043572,25.2499601],[121.6043011,25.249805],[121.6035955,25.249192300000004]]}},{"type":"Feature","properties":{"name":null,"kind":"service"},"geometry":{"type":"LineString","coordinates":[[121.60329050000001,25.250975799999996],[121.6026915,25.250496199999997],[121.60270360000001,25.250373699999994],[121.60287259999998,25.250199000000002],[121.60277059999999,25.250024399999997],[121.60161600000002,25.249323299999997],[121.60183650000002,25.248565799999998]]}},{"type":"Feature","properties":{"name":null,"kind":"steps"},"geometry":{"type":"LineString","coordinates":[[121.60617949999998,25.2494333],[121.60573320000002,25.250252500000002]]}},{"type":"Feature","properties":{"name":null,"kind":"service"},"geometry":{"type":"LineString","coordinates":[[121.60662610000001,25.250706600000004],[121.6043923,25.249654399999997],[121.6042658,25.249525999999992],[121.60422800000002,25.249341499999996],[121.6040346,25.24916719999999],[121.6041365,25.249017600000002]]}},{"type":"Feature","properties":{"name":null,"kind":"service"},"geometry":{"type":"LineString","coordinates":[[121.60280060000001,25.2478604],[121.6030837,25.2486527],[121.6033956,25.248903599999995],[121.6046396,25.2491324],[121.60513860000002,25.248958399999992],[121.6052731,25.249013999999995],[121.6069825,25.249804699999995],[121.6075061,25.249955899999996],[121.60834869999998,25.250675299999994],[121.6104472,25.251576399999998],[121.6106094,25.251885699999995]]}},{"type":"Feature","properties":{"name":null,"kind":"service"},"geometry":{"type":"LineString","coordinates":[[121.6106947,25.251894799999988],[121.6104237,25.252613400000005],[121.61027750000001,25.2527851],[121.60784279999999,25.252802399999997],[121.6067698,25.2524006],[121.6029813,25.251597599999997],[121.6026867,25.2514962],[121.60196649999999,25.250497700000007],[121.60045050000001,25.249035899999996],[121.6002212,25.248630699999996],[121.6004814,25.248261900000003],[121.600683,25.248354700000004],[121.6013947,25.249163199999998],[121.60161600000002,25.249323299999997]]}},{"type":"Feature","properties":{"name":null,"kind":"steps"},"geometry":{"type":"LineString","coordinates":[[121.60358360000001,25.250428799999998],[121.60329050000001,25.250975799999996]]}},{"type":"Feature","properties":{"name":null,"kind":"service"},"geometry":{"type":"LineString","coordinates":[[121.6048118,25.250646599999996],[121.6047763,25.2507693]]}},{"type":"Feature","properties":{"name":null,"kind":"service"},"geometry":{"type":"LineString","coordinates":[[121.60544289999999,25.2509194],[121.60529170000001,25.250746099999997],[121.6048118,25.250646599999996],[121.60460699999999,25.250511100000004],[121.60436420000002,25.250519700000005],[121.6042639,25.25065800000001]]}},{"type":"Feature","properties":{"name":null,"kind":"steps"},"geometry":{"type":"LineString","coordinates":[[121.603225,25.250915999999997],[121.60287280000001,25.2512781]]}},{"type":"Feature","properties":{"name":null,"kind":"steps"},"geometry":{"type":"LineString","coordinates":[[121.6041337,25.2506236],[121.6039234,25.2512327],[121.60385450000001,25.2517474]]}},{"type":"Feature","properties":{"name":null,"kind":"steps"},"geometry":{"type":"LineString","coordinates":[[121.60616259999999,25.2519653],[121.6062498,25.2507336]]}},{"type":"Feature","properties":{"name":null,"kind":"steps"},"geometry":{"type":"LineString","coordinates":[[121.60533270000002,25.2509114],[121.6050725,25.2520025]]}},{"type":"Feature","properties":{"name":null,"kind":"service"},"geometry":{"type":"LineString","coordinates":[[121.6028223,25.2517324],[121.6029813,25.251597599999997]]}},{"type":"Feature","properties":{"name":null,"kind":"steps"},"geometry":{"type":"LineString","coordinates":[[121.60385450000001,25.2517474],[121.6036974,25.252334899999997]]}},{"type":"Feature","properties":{"name":null,"kind":"footway"},"geometry":{"type":"LineString","coordinates":[[121.60607299999998,25.252233400000005],[121.60616259999999,25.2519653]]}},{"type":"Feature","properties":{"name":null,"kind":"service"},"geometry":{"type":"LineString","coordinates":[[121.6051759,25.252025399999997],[121.605097,25.2522266]]}},{"type":"Feature","properties":{"name":null,"kind":"steps"},"geometry":{"type":"LineString","coordinates":[[121.6076272,25.251302199999998],[121.6068306,25.2525595],[121.6066621,25.253194499999996]]}},{"type":"Feature","properties":{"name":null,"kind":"footway"},"geometry":{"type":"LineString","coordinates":[[121.6036974,25.252334899999997],[121.6036027,25.252482800000003]]}},{"type":"Feature","properties":{"name":null,"kind":"steps"},"geometry":{"type":"LineString","coordinates":[[121.605877,25.253026],[121.60607299999998,25.252233400000005]]}},{"type":"Feature","properties":{"name":null,"kind":"unclassified"},"geometry":{"type":"LineString","coordinates":[[121.61479,25.249509099999997],[121.61450300000001,25.250280599999996],[121.61463710000001,25.250404299999996],[121.6146412,25.250530499999996]]}},{"type":"Feature","properties":{"name":null,"kind":"unclassified"},"geometry":{"type":"LineString","coordinates":[[121.6132308,25.249960799999993],[121.61333800000001,25.250481300000004],[121.61340529999998,25.2505125],[121.6138391,25.250131399999994]]}},{"type":"Feature","properties":{"name":null,"kind":"unclassified"},"geometry":{"type":"LineString","coordinates":[[121.6142991,25.251030199999995],[121.6147628,25.2513714],[121.6154567,25.251199399999997]]}},{"type":"Feature","properties":{"name":null,"kind":"unclassified"},"geometry":{"type":"LineString","coordinates":[[121.6145107,25.252435099999996],[121.61423210000001,25.2519908],[121.6143498,25.251660100000002],[121.61427230000001,25.250979199999993],[121.6146153,25.250517499999997],[121.61511180000001,25.250709999999998],[121.61521110000001,25.2506566],[121.6152298,25.2504795]]}},{"type":"Feature","properties":{"name":null,"kind":"service"},"geometry":{"type":"LineString","coordinates":[[121.6104237,25.252613400000005],[121.61050850000001,25.2527635],[121.61027750000001,25.2527851]]}},{"type":"Feature","properties":{"name":null,"kind":"service"},"geometry":{"type":"LineString","coordinates":[[121.61513480000002,25.253188300000005],[121.6154026,25.2529361]]}},{"type":"Feature","properties":{"name":null,"kind":"residential"},"geometry":{"type":"LineString","coordinates":[[121.61513480000002,25.253188300000005],[121.6150597,25.253130099999996],[121.6141102,25.253105799999993]]}},{"type":"Feature","properties":{"name":null,"kind":"service"},"geometry":{"type":"LineString","coordinates":[[121.6096245,25.25364129999999],[121.6095594,25.253334699999996],[121.6091075,25.2530911]]}},{"type":"Feature","properties":{"name":null,"kind":"footway"},"geometry":{"type":"LineString","coordinates":[[121.6036933,25.252635600000005],[121.60375469999998,25.2528089],[121.6039324,25.2528454],[121.6039143,25.252953299999998]]}},{"type":"Feature","properties":{"name":null,"kind":"steps"},"geometry":{"type":"LineString","coordinates":[[121.6077838,25.252785600000003],[121.6076069,25.253477899999996]]}},{"type":"Feature","properties":{"name":null,"kind":"service"},"geometry":{"type":"LineString","coordinates":[[121.61099960000001,25.253959399999996],[121.61000020000002,25.2537735],[121.6090172,25.2534251],[121.6076069,25.253477899999996],[121.6068033,25.2532245],[121.6036933,25.252635600000005],[121.60360639999999,25.2525943],[121.60359919999999,25.2523667],[121.60332620000001,25.252320199999996]]}},{"type":"Feature","properties":{"name":null,"kind":"service"},"geometry":{"type":"LineString","coordinates":[[121.60477160000002,25.2519421],[121.605097,25.2522266],[121.6051488,25.2524166],[121.6050353,25.253063299999997],[121.6061006,25.255784100000003],[121.6045816,25.256352099999997],[121.6037683,25.257237299999993],[121.60363739999998,25.2572525],[121.6030498,25.256798799999995],[121.60284100000001,25.2563635],[121.60318870000002,25.255969000000004],[121.602968,25.2557262],[121.60298959999999,25.2556218],[121.6037329,25.254740599999998],[121.6037364,25.2545197],[121.6028127,25.253482599999995],[121.6028223,25.2517324],[121.6026867,25.2514962]]}},{"type":"Feature","properties":{"name":null,"kind":"service"},"geometry":{"type":"LineString","coordinates":[[121.60147920000001,25.2492244],[121.60166019999998,25.2490321]]}},{"type":"Feature","properties":{"name":null,"kind":"steps"},"geometry":{"type":"LineString","coordinates":[[121.6020218,25.2491843],[121.60152180000001,25.249833599999995]]}},{"type":"Feature","properties":{"name":null,"kind":"path"},"geometry":{"type":"LineString","coordinates":[[121.5882039,25.232387999999997],[121.58819440000002,25.2325152],[121.5883339,25.2327384],[121.5883419,25.233218799999996],[121.5882722,25.2332867],[121.58809790000001,25.2329665],[121.587776,25.233032000000005],[121.5877063,25.233213999999997],[121.5873737,25.2331096],[121.5871376,25.2332285],[121.58719810000001,25.23351499999999],[121.58754000000002,25.234160199999998],[121.5878566,25.234416400000004],[121.5881917,25.234954800000004]]}},{"type":"Feature","properties":{"name":null,"kind":"footway"},"geometry":{"type":"LineString","coordinates":[[121.5881917,25.234954800000004],[121.5881516,25.235281300000004],[121.5882564,25.2355014],[121.5884532,25.2356802],[121.588392,25.235690199999993]]}},{"type":"Feature","properties":{"name":null,"kind":"path"},"geometry":{"type":"LineString","coordinates":[[121.58442130000002,25.237747299999995],[121.58472230000001,25.2375991],[121.58513530000002,25.237613699999994],[121.58632620000002,25.2364006],[121.5872435,25.2362162],[121.58818510000002,25.235366799999998]]}},{"type":"Feature","properties":{"name":null,"kind":"primary_link"},"geometry":{"type":"LineString","coordinates":[[121.63156389999999,25.2613943],[121.6316528,25.261428099999996]]}},{"type":"Feature","properties":{"name":null,"kind":"service"},"geometry":{"type":"LineString","coordinates":[[121.6306019,25.2636398],[121.6301888,25.263276999999995],[121.6299724,25.263296000000004],[121.6297853,25.263514799999996],[121.6297449,25.263347399999994],[121.62947920000002,25.2635231],[121.6293465,25.263500400000005],[121.6290832,25.263262899999997],[121.6285102,25.2631206],[121.62843820000002,25.263000199999993],[121.6285851,25.262498799999996],[121.62870160000001,25.262219599999995],[121.62890599999999,25.262165700000004]]}},{"type":"Feature","properties":{"name":null,"kind":"service"},"geometry":{"type":"LineString","coordinates":[[121.6285102,25.2631206],[121.62837330000002,25.263268499999995],[121.6280252,25.263391999999993],[121.62805840000001,25.2635747]]}},{"type":"Feature","properties":{"name":"淡金公路","kind":"primary"},"geometry":{"type":"LineString","coordinates":[[121.6257289,25.269577699999996],[121.62677310000001,25.268501099999995],[121.6305323,25.263584900000005],[121.6317519,25.261037199999997],[121.6329006,25.2591547],[121.6331916,25.2583554],[121.63329829999999,25.257429599999995]]}},{"type":"Feature","properties":{"name":"淡金公路","kind":"primary"},"geometry":{"type":"LineString","coordinates":[[121.6333855,25.257420199999995],[121.6332248,25.258604199999997],[121.6329811,25.259194699999995],[121.63182229999998,25.2610989],[121.6306019,25.2636398],[121.6268156,25.2686018],[121.6257775,25.2696415]]}},{"type":"Feature","properties":{"name":null,"kind":"primary_link"},"geometry":{"type":"LineString","coordinates":[[121.6267366,25.268534900000002],[121.6268156,25.2686018]]}},{"type":"Feature","properties":{"name":null,"kind":"residential"},"geometry":{"type":"LineString","coordinates":[[121.62582450000001,25.269601499999997],[121.6253953,25.269288200000002],[121.6249032,25.269152299999995],[121.62463989999999,25.2691445],[121.62439959999999,25.269298600000003],[121.62423769999998,25.2693116],[121.623602,25.269003399999995],[121.62348899999999,25.268785199999993],[121.62343919999999,25.268388599999998],[121.62400800000002,25.268608599999997],[121.6245518,25.268611999999997],[121.62470980000002,25.268306999999997],[121.62469840000001,25.268143899999995],[121.6245696,25.267984999999992],[121.6249731,25.267498599999996],[121.6249616,25.267259600000003],[121.6247739,25.266989499999994],[121.62447709999998,25.2668319],[121.62456999999999,25.266365599999997],[121.6244739,25.2663045],[121.62425880000002,25.2669313],[121.62406350000002,25.267066399999997],[121.62347750000002,25.2667824],[121.62289370000002,25.266736],[121.62269630000002,25.267010999999997],[121.62209690000002,25.266956299999997],[121.6220356,25.267013399999996],[121.62209120000001,25.267697399999996],[121.6223023,25.267965999999998],[121.62228509999998,25.268200499999995],[121.62212389999999,25.268442399999998],[121.6224103,25.268929500000002],[121.6223401,25.269094100000007]]}},{"type":"Feature","properties":{"name":"第32號橋","kind":"primary"},"geometry":{"type":"LineString","coordinates":[[121.62566320000002,25.2696334],[121.6257289,25.269577699999996]]}},{"type":"Feature","properties":{"name":"第32號橋","kind":"primary"},"geometry":{"type":"LineString","coordinates":[[121.6257775,25.2696415],[121.62571190000001,25.269697299999997]]}},{"type":"Feature","properties":{"name":null,"kind":"service"},"geometry":{"type":"LineString","coordinates":[[121.623508,25.2714589],[121.6235554,25.2716318],[121.6229855,25.272164200000002],[121.6228718,25.2721865]]}},{"type":"Feature","properties":{"name":"淡金公路","kind":"primary"},"geometry":{"type":"LineString","coordinates":[[121.62003069999999,25.2747703],[121.623508,25.2714589],[121.62566320000002,25.2696334]]}},{"type":"Feature","properties":{"name":"淡金公路","kind":"primary"},"geometry":{"type":"LineString","coordinates":[[121.62571190000001,25.269697299999997],[121.6235618,25.2715265],[121.62013020000002,25.2748093]]}},{"type":"Feature","properties":{"name":"五爪崙路","kind":"tertiary"},"geometry":{"type":"LineString","coordinates":[[121.6059918,25.278250400000005],[121.60617640000001,25.2777938],[121.6067898,25.277354899999995],[121.606863,25.2768919],[121.60713229999999,25.2764214],[121.6071273,25.275720900000003],[121.60738259999998,25.2747534],[121.607163,25.2744737],[121.6070331,25.2738433],[121.6067756,25.2733436],[121.6067649,25.272698200000004],[121.6071886,25.2723925],[121.6073335,25.2721693],[121.60728520000002,25.2715725],[121.6073442,25.270786500000003],[121.607666,25.2701557],[121.6076553,25.26933079999999],[121.60792349999998,25.2690834],[121.6079879,25.268855400000003],[121.60797720000001,25.2681471],[121.6077465,25.2676571],[121.6077733,25.2669925],[121.6078591,25.266716],[121.6082668,25.2662405],[121.60837950000001,25.2659737],[121.60832579999999,25.265595299999994],[121.60796640000001,25.2655322],[121.6078055,25.265411],[121.60779480000001,25.265250899999998],[121.60792349999998,25.264959800000003],[121.6078216,25.2646784],[121.6072101,25.264217499999997],[121.60697410000002,25.2638246],[121.6065396,25.263620799999998],[121.6062392,25.2633104],[121.60584130000001,25.263129599999996],[121.6057482,25.262499399999996],[121.60581259999998,25.262428999999997],[121.6063283,25.262438599999996],[121.6067389,25.262035700000002],[121.606817,25.2618869],[121.60668730000002,25.2614554],[121.60682689999999,25.261364799999996],[121.60699159999999,25.2613892],[121.60782770000002,25.262184499999996],[121.6081918,25.262047699999993],[121.6083943,25.2615945],[121.6089731,25.260769800000002],[121.6090845,25.2603549],[121.60887669999998,25.2598278],[121.6085779,25.2594643],[121.60872380000002,25.259325099999998],[121.60925409999999,25.259458899999995],[121.6095167,25.2594168],[121.6096347,25.2594544],[121.60998850000001,25.259885999999998],[121.61009050000001,25.2599132],[121.61067170000001,25.259604700000004],[121.6109185,25.259215099999995],[121.61167950000001,25.259102499999997],[121.61180909999999,25.2588064],[121.61183070000001,25.258510200000003],[121.6120136,25.258466599999995],[121.61233440000001,25.2585763],[121.6124591,25.2585027],[121.61217210000001,25.257590999999994],[121.61221910000002,25.257475699999997],[121.6124159,25.257424700000005],[121.6127186,25.2575455],[121.61295330000002,25.2573526],[121.6139129,25.2573071],[121.6140751,25.257012400000008],[121.61394529999998,25.256736099999998],[121.61407,25.2561077],[121.6142844,25.256100200000002],[121.6151494,25.256747899999997],[121.6152835,25.2570851],[121.61566920000001,25.2571135],[121.61582399999999,25.2570075],[121.6159933,25.256600799999998],[121.61583369999998,25.256023499999998],[121.6158952,25.255973899999997],[121.6167414,25.256151299999992],[121.6169226,25.256127199999995],[121.61712039999999,25.2560385],[121.6172418,25.255915199999997],[121.61728670000001,25.2556987],[121.61740969999998,25.2556461],[121.6180813,25.255888200000005],[121.6182059,25.255967900000005],[121.618239,25.256123000000002],[121.61823290000001,25.2566234],[121.61811050000001,25.257107000000005],[121.61821250000001,25.257373799999993],[121.61798180000001,25.2578444],[121.6179228,25.258120900000005],[121.617955,25.2587031],[121.6176975,25.2591786],[121.6176437,25.259523300000005],[121.61764279999998,25.259757499999996],[121.6178828,25.260634899999996],[121.61750779999998,25.261283099999996],[121.61691520000001,25.261725399999996],[121.6169582,25.262289299999992],[121.6165411,25.262440899999994],[121.61512490000001,25.2632802],[121.61513960000002,25.263433],[121.61542530000001,25.2636914],[121.6154347,25.263781099999992],[121.61506049999998,25.2643014],[121.6149559,25.2655464],[121.6143973,25.2656476],[121.6140976,25.265809],[121.6137491,25.2663055],[121.61352379999998,25.266480099999995],[121.61304519999999,25.266645499999996],[121.6129372,25.2668025],[121.61305929999999,25.267209399999995],[121.6129798,25.2678388],[121.61319940000001,25.2681268],[121.6132155,25.26827],[121.6130328,25.2685529],[121.6124189,25.268755099999996],[121.61240280000001,25.268871499999992],[121.61275210000001,25.269397799999997],[121.6130438,25.269412399999997],[121.61312700000002,25.2694997],[121.6130412,25.2697059],[121.61253150000002,25.270067299999997],[121.61216130000001,25.2700505],[121.6117993,25.270222499999992],[121.6117913,25.270384999999997],[121.61214800000002,25.2705839],[121.61223920000002,25.270816799999995],[121.61218020000001,25.2711151],[121.6120595,25.2711588],[121.61171610000001,25.2710884],[121.610949,25.271243700000003],[121.61087660000001,25.2713577],[121.61119850000001,25.271711799999995],[121.6111609,25.271966499999998],[121.61093080000002,25.2720034],[121.6102428,25.2718888],[121.61004619999999,25.271986299999995],[121.6102059,25.272356399999993],[121.61018740000002,25.272601800000004],[121.60986910000001,25.272938099999994],[121.60963420000002,25.273054999999996],[121.6094631,25.273741900000005],[121.6096866,25.274425500000003],[121.6104252,25.2745896],[121.6105632,25.274691299999997],[121.61028199999998,25.275433100000004],[121.6105101,25.2758551],[121.61035870000002,25.276003899999996],[121.60957410000002,25.276260399999998],[121.60919139999999,25.2768617],[121.6092726,25.277677],[121.60944640000001,25.2781091],[121.6095154,25.2782153],[121.6099869,25.2784001],[121.61019,25.278409500000002],[121.6108596,25.278171499999992],[121.6119687,25.278296299999994],[121.61252580000001,25.2782616],[121.61328229999998,25.278624399999998],[121.6137768,25.278672200000003],[121.61520410000001,25.2784026],[121.6162595,25.277889599999998],[121.61662350000002,25.277575900000002],[121.6167512,25.2775427],[121.61691589999998,25.2776681]]}},{"type":"Feature","properties":{"name":"淡金公路","kind":"primary"},"geometry":{"type":"LineString","coordinates":[[121.62013020000002,25.2748093],[121.61691589999998,25.2776681],[121.61567009999999,25.278394599999995],[121.61463739999999,25.278871099999996],[121.6137778,25.2790991],[121.6124943,25.2791937],[121.61196459999998,25.279299200000004],[121.6106127,25.279763699999997],[121.60891890000002,25.280052299999994],[121.6082806,25.280265699999998]]}},{"type":"Feature","properties":{"name":"富士古道","kind":"path"},"geometry":{"type":"LineString","coordinates":[[121.598348,25.164150199999998],[121.598036,25.1644072],[121.59737670000001,25.164284999999996],[121.59735810000001,25.164457499999997],[121.5972178,25.1646516],[121.59693710000002,25.164761899999995],[121.5968206,25.165025500000002],[121.5966538,25.165166899999996],[121.59638900000002,25.164953599999997],[121.59591769999999,25.164884100000002],[121.5958092,25.1649248],[121.5957077,25.165167599999997],[121.5953886,25.165268300000005],[121.5947306,25.165246699999997],[121.5942822,25.165091999999994]]}},{"type":"Feature","properties":{"name":null,"kind":"path"},"geometry":{"type":"LineString","coordinates":[[121.6005894,25.170306199999995],[121.600266,25.170822799999996],[121.6002874,25.171201500000002],[121.6001587,25.171657899999996],[121.5998904,25.171968599999996],[121.59949360000002,25.1719002],[121.5992172,25.171723600000004],[121.5992172,25.171532300000003],[121.5990383,25.171385099999995],[121.5986643,25.17148810000001],[121.59869680000001,25.1712306],[121.5985667,25.1711128],[121.5980626,25.171414499999997],[121.5979469,25.172078499999994],[121.5982259,25.172544499999994],[121.5982259,25.1729135],[121.59848340000002,25.17414979999999],[121.5984297,25.174615800000005],[121.5980757,25.175363500000007],[121.5980435,25.1758975],[121.59785040000001,25.175829499999995],[121.5976841,25.1759218],[121.59731390000002,25.1767374]]}},{"type":"Feature","properties":{"name":null,"kind":"path"},"geometry":{"type":"LineString","coordinates":[[121.59742109999999,25.174928999999995],[121.59731760000001,25.174939799999994],[121.5971284,25.1751973],[121.59702180000001,25.174961699999994],[121.5969164,25.174922499999997]]}},{"type":"Feature","properties":{"name":null,"kind":"path"},"geometry":{"type":"LineString","coordinates":[[121.5979845,25.1758732],[121.59831039999999,25.176174099999994],[121.5988521,25.176207900000005],[121.5999169,25.1764784],[121.6002718,25.176072699999995],[121.60124309999999,25.1762925],[121.60150469999999,25.1764446],[121.6020837,25.1763263],[121.60245730000001,25.1765122],[121.6029804,25.176478399999997],[121.60289629999998,25.1769687],[121.6029524,25.177112399999995],[121.60303640000001,25.177129299999994],[121.60244800000001,25.178025299999998],[121.6023546,25.178633799999997],[121.6025414,25.179166299999995],[121.60288700000001,25.179715799999997],[121.6029337,25.180315900000004],[121.6033633,25.1809583],[121.6034523,25.181333399999996]]}},{"type":"Feature","properties":{"name":"榮潤古道","kind":"path"},"geometry":{"type":"LineString","coordinates":[[121.59846340000001,25.194514100000003],[121.598208,25.1943672],[121.5982595,25.193578199999997],[121.5981389,25.193079999999995],[121.5975809,25.1915103],[121.59751650000001,25.1909909],[121.59723680000002,25.1906393],[121.5969803,25.189641400000003],[121.5970682,25.1885147],[121.5972944,25.188053900000003],[121.5973166,25.187815699999994],[121.5971652,25.187765199999998],[121.59702719999999,25.187852099999997],[121.5966207,25.187753100000002],[121.59683090000001,25.1871058],[121.59654019999999,25.186796799999993],[121.59615839999998,25.186615599999993],[121.59593419999999,25.18551679999999],[121.59634520000002,25.184806799999997],[121.5964573,25.1843673],[121.59687840000001,25.1839449],[121.59697490000002,25.1835372],[121.5968998,25.183119699999995],[121.59638480000001,25.1821487],[121.596181,25.1815856],[121.59632420000001,25.179690299999994],[121.5966406,25.1788017],[121.5967105,25.1788553],[121.59686070000001,25.1777873],[121.59731390000002,25.1767374]]}},{"type":"Feature","properties":{"name":null,"kind":"service"},"geometry":{"type":"LineString","coordinates":[[121.5974738,25.195919499999995],[121.5970634,25.195930999999998],[121.5970228,25.1958813],[121.5973466,25.1955289],[121.5974756,25.195173699999998],[121.59779710000001,25.195208],[121.59808800000002,25.1950916],[121.5983963,25.1947504],[121.59846340000001,25.194514100000003],[121.59876340000001,25.194128999999997],[121.59872620000002,25.193578199999997],[121.59899170000001,25.1932918],[121.5991446,25.19279420000001]]}},{"type":"Feature","properties":{"name":null,"kind":"path"},"geometry":{"type":"LineString","coordinates":[[121.6080293,25.167248699999995],[121.60721450000001,25.167406300000003],[121.60688020000002,25.1677025],[121.6065459,25.167759299999997],[121.60528539999999,25.1675954],[121.60468640000002,25.167885300000005],[121.6043173,25.1681437],[121.6042477,25.16844],[121.6038298,25.169019900000002],[121.6035861,25.169524099999993],[121.60249270000001,25.1701166],[121.60201210000001,25.1707973],[121.6013993,25.1712196],[121.6010312,25.171298599999997]]}},{"type":"Feature","properties":{"name":null,"kind":"path"},"geometry":{"type":"LineString","coordinates":[[121.6010312,25.171298599999997],[121.6012112,25.171679800000003],[121.60144800000002,25.171887800000004],[121.60168479999999,25.17238569999999],[121.6018102,25.172473899999993],[121.6020678,25.1724802],[121.60261800000002,25.173337399999998],[121.6033075,25.173847999999996],[121.6035861,25.174150499999993],[121.6037184,25.1745476],[121.6041571,25.175146399999996],[121.6040527,25.175745100000004],[121.60387160000002,25.175801800000002],[121.60387160000002,25.1759531],[121.6041223,25.176312399999997],[121.60486050000002,25.176381699999997],[121.60525750000001,25.176261900000004],[121.60552209999999,25.1762998],[121.6055918,25.1764132],[121.6057868,25.176425800000004],[121.6060097,25.176608600000005],[121.60621159999998,25.1766086],[121.606446,25.176916299999995],[121.6069011,25.177289299999998],[121.6072726,25.177885499999995]]}},{"type":"Feature","properties":{"name":null,"kind":"path"},"geometry":{"type":"LineString","coordinates":[[121.6029804,25.176478399999997],[121.60299910000002,25.1762671],[121.60315780000002,25.176072700000002],[121.60358749999999,25.1759036],[121.60387160000002,25.1758867]]}},{"type":"Feature","properties":{"name":null,"kind":"path"},"geometry":{"type":"LineString","coordinates":[[121.60303640000001,25.177129299999994],[121.60325119999999,25.177095499999997],[121.6041223,25.176312399999997]]}},{"type":"Feature","properties":{"name":null,"kind":"path"},"geometry":{"type":"LineString","coordinates":[[121.6066442,25.177052599999996],[121.60658170000002,25.177274999999998],[121.6063419,25.177473699999993],[121.6056914,25.177109399999996],[121.60541490000001,25.1770653],[121.60503690000002,25.177182999999992],[121.6044718,25.1775509],[121.60444740000001,25.177687099999996],[121.6047482,25.177907800000007],[121.60479290000002,25.178238999999998],[121.604923,25.1783935],[121.6050247,25.178823900000005],[121.60519950000001,25.179048400000003],[121.6052279,25.179603899999996]]}},{"type":"Feature","properties":{"name":null,"kind":"path"},"geometry":{"type":"LineString","coordinates":[[121.6034523,25.181333399999996],[121.6035595,25.181135799999996],[121.60382099999998,25.180975199999995],[121.6039798,25.181034299999997],[121.60446540000001,25.1814992],[121.60491380000002,25.181482299999995],[121.60497909999998,25.1810428],[121.60515660000002,25.180983599999998],[121.6054088,25.1810597],[121.6055582,25.181245600000004],[121.60581040000001,25.1812372],[121.60588510000001,25.1810935],[121.6057917,25.1808906],[121.60595049999999,25.1807131],[121.6064268,25.1806624],[121.60694989999999,25.180282099999996],[121.6074729,25.179563600000005],[121.6072726,25.177885499999995]]}},{"type":"Feature","properties":{"name":null,"kind":"path"},"geometry":{"type":"LineString","coordinates":[[121.6034523,25.181333399999996],[121.6035501,25.181314699999998],[121.6038499,25.1815044],[121.60476059999999,25.1817589],[121.60527569999999,25.1815181],[121.60535649999998,25.181343],[121.6052875,25.1810702],[121.6055821,25.1808859],[121.6054727,25.1808067],[121.6055198,25.180338999999993],[121.6054559,25.180259800000005],[121.60554000000002,25.1800983],[121.60591210000001,25.180093699999997],[121.60662250000001,25.179761599999996],[121.6067403,25.1792817],[121.60667299999999,25.179097299999995],[121.6067201,25.1786342],[121.6070518,25.178231999999994],[121.60697770000002,25.1780781],[121.6072726,25.177885499999995]]}},{"type":"Feature","properties":{"name":null,"kind":"path"},"geometry":{"type":"LineString","coordinates":[[121.60522320000001,25.1809987],[121.6052,25.1808621],[121.6053301,25.180560399999994],[121.60517559999998,25.1804206],[121.6050861,25.18003059999999],[121.6051505,25.1798274]]}},{"type":"Feature","properties":{"name":null,"kind":"path"},"geometry":{"type":"LineString","coordinates":[[121.606932,25.191956599999997],[121.6067955,25.192112000000005],[121.6067924,25.1923323],[121.6069095,25.1925218]]}},{"type":"Feature","properties":{"name":null,"kind":"path"},"geometry":{"type":"LineString","coordinates":[[121.6074729,25.179563600000005],[121.6074422,25.181077000000002],[121.60755320000001,25.1819693],[121.60876090000001,25.1835976],[121.60898280000002,25.184534399999997],[121.60959900000002,25.185895],[121.61016589999998,25.186106899999995],[121.6106589,25.1867649],[121.6116325,25.187478699999996],[121.6120145,25.1879805],[121.61191590000001,25.1884936],[121.61234730000001,25.18889499999999],[121.6131344,25.189171299999998]]}},{"type":"Feature","properties":{"name":null,"kind":"path"},"geometry":{"type":"LineString","coordinates":[[121.6100516,25.193357999999993],[121.610851,25.194054499999993],[121.61086330000002,25.194266399999997],[121.61047510000002,25.194539600000002],[121.6104135,25.195080400000002],[121.61060450000001,25.195481899999994],[121.610586,25.195849899999995],[121.61075240000001,25.196045],[121.6107832,25.1962067],[121.6108818,25.1962514],[121.61095580000001,25.196496699999997],[121.6107093,25.196903699999996],[121.61071540000002,25.1973609],[121.6113008,25.197411100000004],[121.6115227,25.1972494],[121.61207730000001,25.197031999999997],[121.61240379999998,25.197031999999997],[121.61275509999999,25.1968034],[121.6127366,25.196089699999998],[121.6125394,25.195755099999996],[121.6130509,25.195916799999996],[121.61327890000001,25.1960952],[121.6134144,25.1959391],[121.6135931,25.1959112],[121.6138026,25.196056199999997],[121.6140491,25.1960674],[121.6148502,25.195833200000003],[121.6154849,25.195738399999996],[121.61620590000001,25.19542059999999],[121.6157992,25.195939099999993],[121.6153423,25.19635389999999]]}},{"type":"Feature","properties":{"name":null,"kind":"path"},"geometry":{"type":"LineString","coordinates":[[121.6107832,25.1962067],[121.6107471,25.1963854]]}},{"type":"Feature","properties":{"name":null,"kind":"service"},"geometry":{"type":"LineString","coordinates":[[121.6001344,25.1944058],[121.60003109999998,25.194052699999997],[121.6005541,25.194189800000004],[121.60070570000002,25.194483499999993],[121.600754,25.194784399999996],[121.6009498,25.1949883],[121.60088400000001,25.195320799999998],[121.6009498,25.1961969],[121.60106240000002,25.196618],[121.6008773,25.1969566],[121.6008478,25.197238099999993],[121.60092060000001,25.197394299999992]]}},{"type":"Feature","properties":{"name":null,"kind":"service"},"geometry":{"type":"LineString","coordinates":[[121.59892959999999,25.2001825],[121.5977869,25.1995709],[121.59751740000002,25.199310000000004],[121.5976045,25.1991522],[121.5981705,25.199018800000005],[121.5981966,25.1988143],[121.59811149999999,25.1987014],[121.5978258,25.198660199999996],[121.5975643,25.198440499999993],[121.5975542,25.1982773],[121.5977051,25.198085600000002],[121.59750800000002,25.197287699999997],[121.59713579999999,25.197120199999997],[121.59718140000001,25.197050499999996],[121.597628,25.1969849],[121.59769509999998,25.1969012],[121.5976468,25.196733799999997],[121.59726999999998,25.196611199999996],[121.59713990000002,25.1964037],[121.5975824,25.195779900000005]]}},{"type":"Feature","properties":{"name":"山城路","kind":"tertiary"},"geometry":{"type":"LineString","coordinates":[[121.6005952,25.199020000000004],[121.6006676,25.1988477],[121.6004356,25.198392600000002],[121.60054469999999,25.1978704],[121.60074470000002,25.197486999999995],[121.60092060000001,25.197394299999992]]}},{"type":"Feature","properties":{"name":null,"kind":"service"},"geometry":{"type":"LineString","coordinates":[[121.5971117,25.198688399999998],[121.59709559999999,25.198891600000003],[121.5972103,25.1991204],[121.597117,25.1993303],[121.5977869,25.1995709]]}},{"type":"Feature","properties":{"name":"山城路","kind":"tertiary"},"geometry":{"type":"LineString","coordinates":[[121.5952154,25.201555599999995],[121.5957123,25.200786000000004],[121.5960179,25.200677899999995],[121.5966778,25.200766099999996],[121.5982607,25.201283399999998],[121.5985221,25.2011897],[121.59896170000002,25.2000623],[121.59912649999998,25.199819299999998],[121.6000693,25.199370599999998],[121.6005952,25.199020000000004]]}},{"type":"Feature","properties":{"name":"山城路1巷","kind":"service"},"geometry":{"type":"LineString","coordinates":[[121.59650960000002,25.2010045],[121.5962843,25.2009826],[121.59592360000002,25.201313999999996]]}},{"type":"Feature","properties":{"name":null,"kind":"service"},"geometry":{"type":"LineString","coordinates":[[121.5986466,25.200963899999998],[121.5993024,25.2009979],[121.5993582,25.201112399999996],[121.5990395,25.201547600000005],[121.59849999999999,25.201509099999992],[121.59855789999999,25.201245599999996]]}},{"type":"Feature","properties":{"name":"山城路17巷","kind":"service"},"geometry":{"type":"LineString","coordinates":[[121.59644579999998,25.2016775],[121.5965209,25.201533000000005],[121.5967315,25.201391099999995],[121.5973239,25.2013431]]}},{"type":"Feature","properties":{"name":"山城路","kind":"service"},"geometry":{"type":"LineString","coordinates":[[121.5982607,25.201283399999998],[121.5982442,25.201715099999994],[121.5984507,25.2020925]]}},{"type":"Feature","properties":{"name":"中信南路2巷","kind":"service"},"geometry":{"type":"LineString","coordinates":[[121.598027,25.201872799999997],[121.59781710000001,25.20151449999999]]}},{"type":"Feature","properties":{"name":null,"kind":"track"},"geometry":{"type":"LineString","coordinates":[[121.60092060000001,25.197394299999992],[121.6014857,25.1971912],[121.6018223,25.19680659999999],[121.6021844,25.195747200000003],[121.6022406,25.195118799999992],[121.6025669,25.194764999999997],[121.6024938,25.194425999999993],[121.60291879999998,25.194246199999995],[121.602371,25.193947199999993],[121.6023051,25.1938376],[121.6023665,25.193567],[121.6023191,25.1934661],[121.60139579999999,25.193038699999995],[121.60142550000002,25.192709399999995],[121.6016263,25.192470100000005],[121.6023275,25.192272999999997],[121.6027987,25.1919233],[121.60273150000002,25.191837099999994],[121.6023495,25.191818199999997],[121.602321,25.1917375],[121.60315180000002,25.1915863],[121.6041233,25.191277799999998],[121.6044718,25.190926000000005],[121.6047751,25.190967299999997],[121.6047677,25.190850700000002],[121.60445940000001,25.1906775],[121.6053188,25.190799399999992],[121.6058237,25.191015199999995],[121.6059903,25.191150799999996],[121.6062641,25.191622199999998],[121.60671319999999,25.191807],[121.608842,25.1933541],[121.60910770000001,25.1933492],[121.6097144,25.193175100000005],[121.6100516,25.193357999999993],[121.6101708,25.193338799999996],[121.6110121,25.192783200000004],[121.6120409,25.1926537],[121.61244300000001,25.192118],[121.6127973,25.190925500000002],[121.6127642,25.190056899999995],[121.61310240000002,25.189857200000002],[121.61323030000001,25.188706399999994],[121.6132233,25.188036900000004],[121.61339079999999,25.1880728],[121.6136663,25.188279999999995],[121.61387,25.1886367],[121.6141188,25.1885118],[121.61410670000001,25.188105100000005],[121.6143037,25.187996499999997],[121.61482130000002,25.188333899999993],[121.61563590000002,25.188653799999997]]}},{"type":"Feature","properties":{"name":null,"kind":"track"},"geometry":{"type":"MultiLineString","coordinates":[[[121.60790909999999,25.192658899999998],[121.60784300000002,25.192786899999994],[121.60778510000002,25.193682399999997],[121.60770360000001,25.193772299999996],[121.60713860000001,25.193859000000003],[121.6067366,25.1943281],[121.60633030000001,25.194607199999997],[121.6062939,25.194719700000007],[121.6059077,25.1949938],[121.6058636,25.1951024],[121.60588230000002,25.195226099999992],[121.6060832,25.1954548],[121.6063866,25.195667899999997],[121.60685600000001,25.195811099999997],[121.6071306,25.196056199999997],[121.6072204,25.196416999999997],[121.6071336,25.1965064],[121.6068739,25.196562299999993],[121.6066902,25.1969366],[121.60639300000001,25.1970523],[121.6063209,25.197339000000003],[121.60652740000002,25.1977235],[121.606417,25.1981618],[121.60669930000002,25.198491899999993],[121.6074876,25.198484399999998],[121.60753610000002,25.198836100000005],[121.6077592,25.198977000000003],[121.6078068,25.1991482],[121.60776390000001,25.199528000000004],[121.607658,25.199611399999995],[121.6073737,25.199627500000002],[121.60708160000001,25.1998527],[121.6068543,25.200187699999994]],[[121.6068543,25.200187699999994],[121.60660960000001,25.2004683],[121.6064738,25.2007645],[121.6065906,25.201245600000004],[121.6065128,25.201479099999997],[121.6066763,25.201587200000002],[121.60671860000001,25.2018179],[121.6065422,25.2019464],[121.606458,25.2022392],[121.60623769999998,25.2022862],[121.6059092,25.202041099999995],[121.60567620000002,25.2020269],[121.60552960000001,25.2018809],[121.60529880000001,25.2017979],[121.6052212,25.201615199999996],[121.6052647,25.201094499999993],[121.60549540000001,25.200907],[121.6054569,25.200281200000003],[121.60593210000002,25.199824999999997],[121.6062393,25.199754099999996],[121.6068543,25.200187699999994]]]}},{"type":"Feature","properties":{"name":null,"kind":"path"},"geometry":{"type":"LineString","coordinates":[[121.6021844,25.195747200000003],[121.602407,25.1955928],[121.60258750000001,25.1955606],[121.60286,25.195778500000003],[121.60344049999999,25.1957977],[121.603582,25.196085999999998],[121.6040775,25.1962845],[121.6040563,25.196476699999998],[121.60329179999998,25.1964382],[121.60328470000002,25.196566299999997],[121.60362449999998,25.1968353],[121.6037731,25.197193999999996],[121.603674,25.1980523],[121.60349000000001,25.1984558],[121.60319270000001,25.198731199999997],[121.6030936,25.198968200000003],[121.6031856,25.199313999999998],[121.6033909,25.1996086],[121.60419780000001,25.200133799999996],[121.60481370000001,25.200057],[121.6054569,25.200281200000003]]}},{"type":"Feature","properties":{"name":null,"kind":"path"},"geometry":{"type":"LineString","coordinates":[[121.6065128,25.201479099999997],[121.6066602,25.201485299999998],[121.6071487,25.2011234],[121.6080697,25.2014083]]}},{"type":"Feature","properties":{"name":null,"kind":"path"},"geometry":{"type":"LineString","coordinates":[[121.60103169999998,25.201316700000003],[121.6015859,25.20132509999999],[121.60232920000001,25.201619699999995],[121.6027397,25.201651699999996],[121.60335550000002,25.2019655],[121.60364570000002,25.2019655],[121.60397129999998,25.201920699999995],[121.6047004,25.2015813],[121.6050897,25.2011393],[121.6052647,25.201094499999993]]}},{"type":"Feature","properties":{"name":null,"kind":"track"},"geometry":{"type":"LineString","coordinates":[[121.60567620000002,25.2020269],[121.60580430000002,25.202377500000004],[121.605974,25.2025564],[121.60641880000001,25.202742399999995],[121.60690100000001,25.202807],[121.6073046,25.2027515],[121.60758130000002,25.202420300000004]]}},{"type":"Feature","properties":{"name":null,"kind":"path"},"geometry":{"type":"LineString","coordinates":[[121.60470240000001,25.208860299999998],[121.60475,25.208677399999996],[121.6051817,25.208485299999992],[121.6055357,25.2081074],[121.6045093,25.207530999999996],[121.60431110000002,25.207338900000003],[121.6044031,25.206877800000008],[121.6041554,25.206275799999997],[121.60305109999999,25.2050333],[121.6027397,25.2048412],[121.60231500000002,25.204757899999997],[121.6017841,25.2038741],[121.6021805,25.203412999999998],[121.60220170000001,25.203009499999997],[121.60204599999999,25.202599599999996],[121.60142310000002,25.202272999999998],[121.6008568,25.200966399999995],[121.6008781,25.199589399999994],[121.60056660000001,25.199544599999996],[121.6005952,25.199020000000004]]}},{"type":"Feature","properties":{"name":null,"kind":"path"},"geometry":{"type":"LineString","coordinates":[[121.6050883,25.208517799999996],[121.60497650000002,25.208369999999995],[121.6046933,25.208363599999995],[121.60460130000001,25.208216299999997],[121.60451640000001,25.207691099999995],[121.60433939999999,25.2075502],[121.6043836,25.207409200000008]]}},{"type":"Feature","properties":{"name":null,"kind":"residential"},"geometry":{"type":"LineString","coordinates":[[121.6059507,25.209371399999995],[121.6051585,25.209191899999993],[121.60510350000001,25.2091082],[121.6052423,25.2089189],[121.6055523,25.2091284],[121.60602879999999,25.20901],[121.6061432,25.208573700000002]]}},{"type":"Feature","properties":{"name":null,"kind":"residential"},"geometry":{"type":"LineString","coordinates":[[121.60553520000002,25.2093794],[121.605061,25.20925299999999],[121.60470240000001,25.208860299999998]]}},{"type":"Feature","properties":{"name":null,"kind":"tertiary"},"geometry":{"type":"LineString","coordinates":[[121.5954817,25.1971486],[121.5953232,25.197071800000003],[121.59511359999999,25.197105799999992]]}},{"type":"Feature","properties":{"name":"名流路","kind":"tertiary"},"geometry":{"type":"LineString","coordinates":[[121.5954817,25.1971486],[121.59572479999999,25.1974416]]}},{"type":"Feature","properties":{"name":"秀峰橋","kind":"tertiary"},"geometry":{"type":"LineString","coordinates":[[121.59572479999999,25.1974416],[121.5957739,25.197553599999996]]}},{"type":"Feature","properties":{"name":"三重橋","kind":"primary"},"geometry":{"type":"LineString","coordinates":[[121.59518869999998,25.197606999999998],[121.595186,25.197731999999995]]}},{"type":"Feature","properties":{"name":"名流路上登魚路古道","kind":"path"},"geometry":{"type":"LineString","coordinates":[[121.5958429,25.197688700000004],[121.5962205,25.197679],[121.59635240000001,25.1977771]]}},{"type":"Feature","properties":{"name":null,"kind":"footway"},"geometry":{"type":"LineString","coordinates":[[121.59444630000002,25.1985724],[121.59440799999999,25.198470899999993]]}},{"type":"Feature","properties":{"name":null,"kind":"footway"},"geometry":{"type":"LineString","coordinates":[[121.5941363,25.198798900000003],[121.59441750000002,25.1985451]]}},{"type":"Feature","properties":{"name":null,"kind":"service"},"geometry":{"type":"LineString","coordinates":[[121.5957123,25.200786000000004],[121.595844,25.200024699999997],[121.5961933,25.199593299999997],[121.59549979999998,25.1990515],[121.5955251,25.198829300000003],[121.5956901,25.1986727],[121.59586189999999,25.198629199999996],[121.5959932,25.1986987],[121.595909,25.199022999999997]]}},{"type":"Feature","properties":{"name":"山城路","kind":"tertiary"},"geometry":{"type":"LineString","coordinates":[[121.5957739,25.197553599999996],[121.5958429,25.197688700000004],[121.59576250000002,25.197898399999996],[121.59512500000001,25.19844399999999],[121.59460929999999,25.199304199999997],[121.5943225,25.199514399999998],[121.59404340000002,25.200319199999996],[121.59420250000001,25.200955399999998],[121.59453840000002,25.201249099999995],[121.59453880000001,25.20149719999999],[121.5947519,25.201850299999997],[121.5948873,25.201886799999993],[121.5952154,25.201555599999995]]}},{"type":"Feature","properties":{"name":null,"kind":"service"},"geometry":{"type":"LineString","coordinates":[[121.5951173,25.201683100000004],[121.5948543,25.201468700000003],[121.59483810000002,25.201241899999996],[121.59518959999998,25.2006545],[121.59541099999998,25.199763899999997],[121.595604,25.199523499999998],[121.59603589999999,25.1997627]]}},{"type":"Feature","properties":{"name":"山城路56巷","kind":"service"},"geometry":{"type":"LineString","coordinates":[[121.5984507,25.2020925],[121.59907700000001,25.201846099999997],[121.5991749,25.201690799999998]]}},{"type":"Feature","properties":{"name":"中信南路4巷","kind":"service"},"geometry":{"type":"LineString","coordinates":[[121.5977687,25.202189099999995],[121.59742020000002,25.201786299999995]]}},{"type":"Feature","properties":{"name":"中信南路6巷","kind":"service"},"geometry":{"type":"LineString","coordinates":[[121.59690530000002,25.201951299999994],[121.59748110000001,25.202541399999998]]}},{"type":"Feature","properties":{"name":"中信南路8巷","kind":"service"},"geometry":{"type":"LineString","coordinates":[[121.5971284,25.202915199999996],[121.59642840000001,25.2020306],[121.59644579999998,25.2016775]]}},{"type":"Feature","properties":{"name":"山城路","kind":"service"},"geometry":{"type":"LineString","coordinates":[[121.5984507,25.2020925],[121.5988356,25.2026082]]}},{"type":"Feature","properties":{"name":"中信南路","kind":"service"},"geometry":{"type":"LineString","coordinates":[[121.5982442,25.201715099999994],[121.598027,25.201872799999997],[121.59673949999998,25.203310100000003]]}},{"type":"Feature","properties":{"name":"山城路60巷","kind":"service"},"geometry":{"type":"LineString","coordinates":[[121.5988356,25.2026082],[121.59885040000002,25.2025378],[121.5992058,25.20241159999999]]}},{"type":"Feature","properties":{"name":"名流路10巷","kind":"residential"},"geometry":{"type":"LineString","coordinates":[[121.5974858,25.203330099999995],[121.5984507,25.2020925]]}},{"type":"Feature","properties":{"name":"名流路16巷","kind":"service"},"geometry":{"type":"LineString","coordinates":[[121.5980142,25.203638899999998],[121.5988356,25.2026082]]}},{"type":"Feature","properties":{"name":"山城路33巷","kind":"service"},"geometry":{"type":"LineString","coordinates":[[121.5987129,25.203460600000003],[121.5992232,25.203227700000003]]}},{"type":"Feature","properties":{"name":null,"kind":"service"},"geometry":{"type":"LineString","coordinates":[[121.6153423,25.19635389999999],[121.6156034,25.1963303],[121.6162424,25.196568299999996],[121.6171731,25.196601],[121.6174158,25.196778200000004],[121.6174172,25.1969457],[121.61726299999998,25.197063399999998],[121.6165709,25.1973498],[121.6162464,25.197302399999995],[121.61569170000001,25.197355299999998],[121.6153921,25.197884899999995],[121.6151157,25.1980775],[121.61492180000002,25.1984197],[121.6147617,25.1999427],[121.6149641,25.200698800000005],[121.615207,25.2007172],[121.6156603,25.201053299999995],[121.6161485,25.2012741]]}},{"type":"Feature","properties":{"name":null,"kind":"track"},"geometry":{"type":"LineString","coordinates":[[121.61716840000001,25.201276599999996],[121.61712679999998,25.200854299999992]]}},{"type":"Feature","properties":{"name":null,"kind":"track"},"geometry":{"type":"LineString","coordinates":[[121.6160858,25.201347499999994],[121.61584739999999,25.201450799999996],[121.61567670000001,25.2017013]]}},{"type":"Feature","properties":{"name":null,"kind":"track"},"geometry":{"type":"LineString","coordinates":[[121.6149641,25.200698800000005],[121.61518040000001,25.2008689],[121.61523000000001,25.201005199999997],[121.6151951,25.201162900000003],[121.6150009,25.201224799999995],[121.615002,25.2012837],[121.61555060000002,25.2015793],[121.6164097,25.2023962],[121.6165943,25.202458699999994],[121.6167512,25.2021902],[121.617113,25.202160799999998]]}},{"type":"Feature","properties":{"name":null,"kind":"service"},"geometry":{"type":"LineString","coordinates":[[121.61490299999998,25.2022387],[121.6156636,25.202356700000003],[121.6158854,25.2023248],[121.61616910000001,25.202048199999997],[121.61605780000001,25.201456000000004],[121.6162474,25.201216199999998],[121.6168655,25.2011937],[121.61757340000001,25.201498]]}},{"type":"Feature","properties":{"name":null,"kind":"service"},"geometry":{"type":"LineString","coordinates":[[121.61597709999998,25.204782000000005],[121.61705260000001,25.2042087],[121.6170752,25.204102399999996],[121.6168419,25.203493999999996]]}},{"type":"Feature","properties":{"name":null,"kind":"track"},"geometry":{"type":"LineString","coordinates":[[121.6149577,25.203834900000004],[121.61487740000001,25.2038974],[121.61489489999998,25.2040047],[121.6151011,25.204381899999994],[121.61546420000002,25.2047689],[121.6154182,25.205135299999995]]}},{"type":"Feature","properties":{"name":null,"kind":"steps"},"geometry":{"type":"LineString","coordinates":[[121.61588760000001,25.2050009],[121.61582660000002,25.204913900000005],[121.61582900000002,25.205003400000003]]}},{"type":"Feature","properties":{"name":null,"kind":"track"},"geometry":{"type":"LineString","coordinates":[[121.62215999999998,25.203620299999997],[121.62224380000002,25.2035572],[121.62220429999999,25.203327899999994],[121.621995,25.203270899999996],[121.62139150000002,25.2036349],[121.6210254,25.203586400000002],[121.62057550000002,25.203715599999995],[121.6203173,25.203677400000004]]}},{"type":"Feature","properties":{"name":null,"kind":"track"},"geometry":{"type":"LineString","coordinates":[[121.6197502,25.20464],[121.6195355,25.204179699999997]]}},{"type":"Feature","properties":{"name":null,"kind":"track"},"geometry":{"type":"LineString","coordinates":[[121.62118519999999,25.204095199999998],[121.621637,25.204194299999997],[121.6217161,25.204133],[121.62179390000001,25.2037787],[121.6219843,25.20361],[121.6223209,25.203701600000002],[121.6225684,25.204178499999998],[121.6231316,25.20485559999999],[121.6235387,25.205518700000002]]}},{"type":"Feature","properties":{"name":null,"kind":"unclassified"},"geometry":{"type":"LineString","coordinates":[[121.6252917,25.2072133],[121.62486850000002,25.2070775],[121.62411010000001,25.207192100000004],[121.62362070000002,25.2071139],[121.62326790000002,25.2066704],[121.62295880000002,25.2065472],[121.62283610000001,25.206083700000004],[121.62291450000001,25.205963600000004],[121.62329340000001,25.205865300000003],[121.62338400000002,25.205710600000003],[121.6229252,25.20546],[121.6227443,25.205004799999998],[121.6224753,25.204743800000003],[121.6223265,25.2046965],[121.62186380000001,25.204836299999993],[121.62171020000001,25.2044805],[121.6214132,25.204445299999996],[121.62118519999999,25.204095199999998],[121.62107389999998,25.204042399999988],[121.6207386,25.204152900000004],[121.62035769999999,25.204154100000004],[121.6201109,25.2045376],[121.6197502,25.20464],[121.6196563,25.2050882],[121.6190193,25.205060799999995],[121.61861630000001,25.2052401],[121.61816300000001,25.205566500000003],[121.61781430000002,25.205991200000003],[121.61769760000001,25.206915799999997],[121.61752420000002,25.2070864],[121.61731369999998,25.2070862],[121.6168286,25.2067374],[121.6169595,25.2059534],[121.61666770000001,25.2051393],[121.6165993,25.205109],[121.6165769,25.205170999999996],[121.6165175,25.2057375],[121.6162706,25.2057339],[121.61606949999998,25.2056417],[121.6160059,25.2055462],[121.61597709999998,25.204782000000005]]}},{"type":"Feature","properties":{"name":null,"kind":"residential"},"geometry":{"type":"LineString","coordinates":[[121.6231747,25.206633399999994],[121.6229479,25.206632599999995],[121.62259920000001,25.206355999999992]]}},{"type":"Feature","properties":{"name":null,"kind":"residential"},"geometry":{"type":"LineString","coordinates":[[121.6243475,25.20716790000001],[121.6247168,25.206852299999998]]}},{"type":"Feature","properties":{"name":null,"kind":"residential"},"geometry":{"type":"LineString","coordinates":[[121.6234959,25.210232900000005],[121.6237906,25.210013799999995],[121.6245383,25.2099204],[121.62471130000002,25.209756599999995],[121.62488090000001,25.2097154],[121.6252141,25.2102493],[121.62534980000001,25.2102655]]}},{"type":"Feature","properties":{"name":null,"kind":"track"},"geometry":{"type":"LineString","coordinates":[[121.6248242,25.211508999999992],[121.6252922,25.211436400000004],[121.62603650000001,25.2116196]]}},{"type":"Feature","properties":{"name":"名流路5巷","kind":"residential"},"geometry":{"type":"LineString","coordinates":[[121.5965179,25.203196699999996],[121.5965816,25.203971399999993],[121.5967375,25.2040806],[121.597349,25.203994500000007],[121.5976736,25.203796699999998],[121.59787140000002,25.2035558]]}},{"type":"Feature","properties":{"name":null,"kind":"residential"},"geometry":{"type":"LineString","coordinates":[[121.5967663,25.204883399999996],[121.5969058,25.204629699999998],[121.59690650000002,25.204076999999995]]}},{"type":"Feature","properties":{"name":null,"kind":"track"},"geometry":{"type":"LineString","coordinates":[[121.5969058,25.204629699999998],[121.5975059,25.2048069]]}},{"type":"Feature","properties":{"name":"山城路","kind":"service"},"geometry":{"type":"LineString","coordinates":[[121.5988356,25.2026082],[121.60013119999999,25.204603],[121.6006363,25.205026999999994],[121.6014168,25.205356999999996],[121.6021088,25.205979499999998],[121.6021061,25.206270699999994],[121.60151199999999,25.206877399999993]]}},{"type":"Feature","properties":{"name":null,"kind":"residential"},"geometry":{"type":"LineString","coordinates":[[121.59763740000001,25.2046522],[121.59768480000001,25.204789500000004],[121.5976118,25.204898099999998]]}},{"type":"Feature","properties":{"name":"名流路24巷","kind":"service"},"geometry":{"type":"LineString","coordinates":[[121.59841720000001,25.2041225],[121.59880480000001,25.2040127],[121.5989912,25.204118299999998],[121.59936,25.204707399999993],[121.59962780000001,25.20555339999999]]}},{"type":"Feature","properties":{"name":"名流路19巷","kind":"residential"},"geometry":{"type":"LineString","coordinates":[[121.59841720000001,25.2041225],[121.59794109999999,25.2043658],[121.5975059,25.2048069],[121.59809379999999,25.2055845]]}},{"type":"Feature","properties":{"name":"山城路61巷","kind":"service"},"geometry":{"type":"LineString","coordinates":[[121.59962780000001,25.20555339999999],[121.60004119999999,25.205232200000005],[121.6003471,25.2048117]]}},{"type":"Feature","properties":{"name":"中信北路","kind":"residential"},"geometry":{"type":"LineString","coordinates":[[121.5965179,25.203196699999996],[121.5959436,25.203863199999997],[121.5959506,25.2043458],[121.59610550000001,25.2048739],[121.59665180000002,25.2058946],[121.5972164,25.206637799999992],[121.5975229,25.206830799999995],[121.59864309999999,25.2071885],[121.59953860000002,25.2069739]]}},{"type":"Feature","properties":{"name":"名流路","kind":"residential"},"geometry":{"type":"LineString","coordinates":[[121.5965179,25.203196699999996],[121.59699300000001,25.203392],[121.5974858,25.203330099999995],[121.5983019,25.203845199999993],[121.59953860000002,25.2069739],[121.59970159999999,25.207141199999995],[121.60000699999999,25.207292099999997]]}},{"type":"Feature","properties":{"name":"中信北路16巷","kind":"residential"},"geometry":{"type":"LineString","coordinates":[[121.59610550000001,25.2048739],[121.59648890000001,25.204814399999997],[121.59672800000001,25.204851399999995],[121.5970964,25.205525500000004],[121.59792490000001,25.20635529999999]]}},{"type":"Feature","properties":{"name":"山城路61巷4弄","kind":"service"},"geometry":{"type":"LineString","coordinates":[[121.60004119999999,25.205232200000005],[121.600816,25.205773199999992],[121.60122690000001,25.2061848]]}},{"type":"Feature","properties":{"name":null,"kind":"residential"},"geometry":{"type":"LineString","coordinates":[[121.59810720000002,25.2059436],[121.59801150000001,25.205797499999996],[121.59809379999999,25.2055845]]}},{"type":"Feature","properties":{"name":null,"kind":"service"},"geometry":{"type":"LineString","coordinates":[[121.6001763,25.206288899999993],[121.600816,25.205773199999992]]}},{"type":"Feature","properties":{"name":"中信北路74巷","kind":"service"},"geometry":{"type":"LineString","coordinates":[[121.59962780000001,25.20555339999999],[121.60005820000002,25.206026799999993],[121.600305,25.206481799999995],[121.60048070000002,25.206571599999993],[121.6009519,25.2063975],[121.6018298,25.205706499999994]]}},{"type":"Feature","properties":{"name":"名流路33巷","kind":"residential"},"geometry":{"type":"LineString","coordinates":[[121.59809379999999,25.2055845],[121.59817830000001,25.205654099999993],[121.59810720000002,25.2059436],[121.59761340000001,25.206860999999996]]}},{"type":"Feature","properties":{"name":"名流路43巷","kind":"residential"},"geometry":{"type":"LineString","coordinates":[[121.59792490000001,25.20635529999999],[121.598279,25.206519799999995],[121.5987081,25.2063377],[121.5992955,25.2062764]]}},{"type":"Feature","properties":{"name":null,"kind":"service"},"geometry":{"type":"LineString","coordinates":[[121.59959330000001,25.2070124],[121.5999046,25.2067977],[121.60006969999999,25.206794499999994]]}},{"type":"Feature","properties":{"name":"中信北路41巷","kind":"residential"},"geometry":{"type":"LineString","coordinates":[[121.5975229,25.206830799999995],[121.59737540000002,25.207093399999998],[121.5972091,25.207191699999996],[121.5963495,25.2072438],[121.5960739,25.2073822]]}},{"type":"Feature","properties":{"name":null,"kind":"service"},"geometry":{"type":"LineString","coordinates":[[121.5970007,25.2072401],[121.5970089,25.207683399999993],[121.5964892,25.207762899999995]]}},{"type":"Feature","properties":{"name":null,"kind":"track"},"geometry":{"type":"LineString","coordinates":[[121.6137519,25.200638299999998],[121.6135749,25.2002342]]}},{"type":"Feature","properties":{"name":null,"kind":"track"},"geometry":{"type":"LineString","coordinates":[[121.6135508,25.200692899999996],[121.61314710000002,25.200620099999995],[121.61287750000001,25.200488999999994],[121.61288430000002,25.200267000000004]]}},{"type":"Feature","properties":{"name":null,"kind":"track"},"geometry":{"type":"LineString","coordinates":[[121.61499779999998,25.200763299999995],[121.61455390000002,25.20097809999999],[121.61443319999998,25.2011807],[121.6141704,25.20088459999999],[121.614165,25.200606699999998],[121.6140765,25.200542399999996],[121.6139008,25.200753599999995],[121.6137519,25.200638299999998],[121.6135508,25.200692899999996],[121.6133724,25.201041199999995],[121.6137171,25.2013397],[121.6139679,25.201851800000004],[121.6141154,25.201996199999993],[121.61496140000001,25.2022199]]}},{"type":"Feature","properties":{"name":null,"kind":"track"},"geometry":{"type":"LineString","coordinates":[[121.6151011,25.204381899999994],[121.615079,25.204617199999994],[121.61476250000001,25.2047986],[121.6145016,25.20508189999999]]}},{"type":"Feature","properties":{"name":null,"kind":"unclassified"},"geometry":{"type":"LineString","coordinates":[[121.61150960000002,25.206732100000004],[121.6114801,25.206523399999995],[121.61159009999999,25.206115699999998],[121.61141039999998,25.205569700000005],[121.61129180000002,25.205543499999997]]}},{"type":"Feature","properties":{"name":null,"kind":"residential"},"geometry":{"type":"LineString","coordinates":[[121.6108815,25.207451499999998],[121.6110751,25.207212699999996],[121.61135810000002,25.207063400000003],[121.61150960000002,25.206732100000004],[121.6117819,25.206489499999996],[121.61179800000001,25.2068256],[121.6118999,25.206991800000004],[121.61195750000002,25.207369199999995],[121.6118422,25.207558499999998],[121.61160350000002,25.207619100000002]]}},{"type":"Feature","properties":{"name":null,"kind":"residential"},"geometry":{"type":"LineString","coordinates":[[121.6110751,25.207212699999996],[121.611114,25.207455299999996],[121.6111945,25.2074699]]}},{"type":"Feature","properties":{"name":null,"kind":"track"},"geometry":{"type":"LineString","coordinates":[[121.6118422,25.207558499999998],[121.611629,25.2078618],[121.6117054,25.208180900000002],[121.61141310000001,25.2084916],[121.61122399999999,25.208149399999996]]}},{"type":"Feature","properties":{"name":null,"kind":"track"},"geometry":{"type":"LineString","coordinates":[[121.61141310000001,25.2084916],[121.6116169,25.2088908],[121.611409,25.209230499999997]]}},{"type":"Feature","properties":{"name":"陽金公路","kind":"primary"},"geometry":{"type":"LineString","coordinates":[[121.595186,25.197731999999995],[121.59507019999998,25.198014599999997],[121.59372020000002,25.1992743],[121.5934492,25.1998849],[121.59335940000001,25.200346999999997],[121.5933797,25.201320099999997],[121.5936692,25.2025822],[121.593715,25.203312600000007],[121.59431109999998,25.205508499999997],[121.59441570000001,25.2066904],[121.59458470000001,25.2072765],[121.59526460000001,25.208130699999998],[121.5960606,25.208670599999994],[121.59703409999999,25.209106100000003],[121.5976966,25.209635100000003],[121.5986702,25.210193299999993],[121.599369,25.210704599999993],[121.5996076,25.210990399999996],[121.60016969999998,25.211973700000005],[121.601017,25.2128163],[121.60289290000001,25.214913999999997],[121.6042804,25.217163799999998],[121.60456220000002,25.2172625],[121.6065224,25.2173992],[121.6077133,25.217391999999997],[121.6098354,25.21809809999999],[121.609995,25.218095699999996],[121.6106991,25.2178239],[121.6111162,25.2177839],[121.61603,25.218185499999993],[121.61705809999998,25.218127200000005],[121.617962,25.218292199999993],[121.61912270000002,25.2182808],[121.6208556,25.2191626],[121.6213659,25.2193229],[121.62243659999999,25.2194694],[121.6253123,25.220050099999998]]}},{"type":"Feature","properties":{"name":null,"kind":"unclassified"},"geometry":{"type":"LineString","coordinates":[[121.6202789,25.218888899999996],[121.6202927,25.218795199999995],[121.6197029,25.218372299999995],[121.61935349999999,25.217689],[121.6188151,25.217331699999992],[121.6185559,25.216971600000004],[121.61843260000002,25.216566900000004],[121.618212,25.216380699999995],[121.6175226,25.216098000000002],[121.6162955,25.215292299999994],[121.61593140000001,25.215285099999996],[121.6151086,25.214977499999996],[121.614835,25.214601799999997],[121.61428790000001,25.214501100000003],[121.61317210000001,25.214019999999998],[121.61293200000001,25.213770000000004],[121.61213,25.2125452],[121.6113729,25.2110868],[121.6105348,25.210588700000002],[121.6101405,25.2098576],[121.610117,25.209471799999992],[121.6095605,25.209335300000003],[121.6091159,25.209346799999995],[121.6091528,25.2092497],[121.60957660000001,25.209108399999998],[121.6102062,25.2087098],[121.6102766,25.2084161],[121.6108815,25.207451499999998],[121.6109814,25.207067400000003],[121.61128250000002,25.206796300000004],[121.61135690000002,25.205937799999997],[121.6112956,25.2054174],[121.6115567,25.205001],[121.61169120000001,25.204417400000004],[121.61217930000001,25.204003599999997],[121.61224509999998,25.2037026],[121.61248779999998,25.2032816],[121.6124498,25.2029873],[121.6122923,25.202727799999998],[121.61250749999999,25.202437099999997],[121.6119916,25.202062099999992],[121.6120187,25.201990500000004],[121.61243450000002,25.201965000000005],[121.6124831,25.2016647],[121.6123792,25.2016598],[121.61223629999999,25.2018127],[121.6121438,25.2017381],[121.61216589999998,25.2015513],[121.61299539999999,25.20079889999999],[121.6132019,25.200829299999995],[121.61325150000002,25.20097],[121.61315230000001,25.2012879],[121.6135922,25.201786599999995],[121.6143687,25.202179800000007],[121.61490299999998,25.2022387],[121.61504390000002,25.2025493],[121.6150453,25.202887199999996],[121.61525579999999,25.2032561],[121.6149577,25.203834900000004],[121.61597709999998,25.204782000000005]]}},{"type":"Feature","properties":{"name":null,"kind":"residential"},"geometry":{"type":"LineString","coordinates":[[121.6103853,25.210345399999998],[121.6097295,25.210279200000002],[121.60932510000002,25.2107131],[121.6093808,25.210949699999997],[121.6093211,25.211100100000003],[121.6090488,25.210992100000002],[121.6087376,25.21122529999999]]}},{"type":"Feature","properties":{"name":null,"kind":"residential"},"geometry":{"type":"LineString","coordinates":[[121.6111578,25.2109897],[121.61127890000002,25.210705999999995]]}},{"type":"Feature","properties":{"name":null,"kind":"track"},"geometry":{"type":"LineString","coordinates":[[121.61485970000001,25.211748200000002],[121.61483560000002,25.211619599999995],[121.61451239999998,25.211366000000005],[121.61391820000001,25.211045699999996],[121.6137426,25.211112399999998]]}},{"type":"Feature","properties":{"name":null,"kind":"residential"},"geometry":{"type":"LineString","coordinates":[[121.61229969999998,25.212738700000003],[121.61272209999998,25.2125846],[121.6132076,25.2121939],[121.61299710000002,25.2119312],[121.6129058,25.2114337],[121.61299299999999,25.211266299999995],[121.6127416,25.211063100000004],[121.6126643,25.210655]]}},{"type":"Feature","properties":{"name":null,"kind":"track"},"geometry":{"type":"LineString","coordinates":[[121.6093211,25.211100100000003],[121.6092284,25.211162199999993],[121.6090541,25.211140399999998],[121.6089146,25.211447299999996],[121.60922970000001,25.211981199999993],[121.60957980000002,25.2123828],[121.6097219,25.212452000000003]]}},{"type":"Feature","properties":{"name":null,"kind":"residential"},"geometry":{"type":"LineString","coordinates":[[121.61199860000002,25.212283699999997],[121.6121864,25.2118299],[121.61246129999999,25.2117377]]}},{"type":"Feature","properties":{"name":null,"kind":"residential"},"geometry":{"type":"LineString","coordinates":[[121.611656,25.2117135],[121.61132540000001,25.211871199999997],[121.61102629999999,25.211708599999998],[121.6108117,25.2117486],[121.61060650000002,25.211889400000004],[121.6104959,25.2121782],[121.6102813,25.212359600000003],[121.6097219,25.212452000000003]]}},{"type":"Feature","properties":{"name":null,"kind":"residential"},"geometry":{"type":"LineString","coordinates":[[121.6132076,25.2121939],[121.6135253,25.212318500000002]]}},{"type":"Feature","properties":{"name":null,"kind":"track"},"geometry":{"type":"LineString","coordinates":[[121.61229969999998,25.212738700000003],[121.61154749999999,25.213216599999996]]}},{"type":"Feature","properties":{"name":"中信北路45巷","kind":"residential"},"geometry":{"type":"LineString","coordinates":[[121.5980841,25.207027299999996],[121.5976279,25.208049099999993]]}},{"type":"Feature","properties":{"name":"中信北路49巷","kind":"residential"},"geometry":{"type":"LineString","coordinates":[[121.59864309999999,25.2071885],[121.5982155,25.2082223]]}},{"type":"Feature","properties":{"name":null,"kind":"residential"},"geometry":{"type":"LineString","coordinates":[[121.5974552,25.2094495],[121.59690260000002,25.2092471],[121.59622010000001,25.2094663]]}},{"type":"Feature","properties":{"name":null,"kind":"residential"},"geometry":{"type":"LineString","coordinates":[[121.596681,25.209290499999998],[121.597015,25.2094744],[121.59711960000001,25.2096807],[121.5976966,25.209635100000003],[121.59756209999999,25.209823900000004],[121.5975487,25.210182999999994]]}},{"type":"Feature","properties":{"name":null,"kind":"service"},"geometry":{"type":"LineString","coordinates":[[121.5998292,25.209201399999998],[121.60000579999999,25.2096711],[121.6004745,25.2099806],[121.6005841,25.210221],[121.60050600000001,25.2103172]]}},{"type":"Feature","properties":{"name":null,"kind":"unclassified"},"geometry":{"type":"LineString","coordinates":[[121.60091639999999,25.212719700000005],[121.6006188,25.212631799999993],[121.59689789999999,25.210275600000003],[121.5960157,25.209227999999992],[121.5947889,25.208657300000002],[121.59401889999998,25.2079674],[121.59373590000001,25.207987700000007]]}},{"type":"Feature","properties":{"name":null,"kind":"service"},"geometry":{"type":"LineString","coordinates":[[121.6017824,25.210606900000002],[121.60172200000001,25.2103254],[121.60121070000001,25.2101728],[121.60059320000002,25.21032930000001],[121.6003692,25.210254099999993],[121.60002050000001,25.210322599999994],[121.5998857,25.210485799999997],[121.5998904,25.210803699999996],[121.5994324,25.2105253],[121.59928420000001,25.2105253],[121.59924020000001,25.210602199999997]]}},{"type":"Feature","properties":{"name":null,"kind":"unclassified"},"geometry":{"type":"LineString","coordinates":[[121.5966577,25.2119531],[121.5969379,25.211566799999996],[121.59751170000001,25.211192800000006],[121.5978233,25.2108621]]}},{"type":"Feature","properties":{"name":null,"kind":"unclassified"},"geometry":{"type":"LineString","coordinates":[[121.5963232,25.212258300000002],[121.5966577,25.2119531]]}},{"type":"Feature","properties":{"name":null,"kind":"unclassified"},"geometry":{"type":"LineString","coordinates":[[121.59611200000002,25.2122148],[121.5964125,25.212497699999997],[121.59691010000002,25.2126906],[121.597384,25.213162299999997],[121.59803160000001,25.2132909]]}},{"type":"Feature","properties":{"name":null,"kind":"residential"},"geometry":{"type":"LineString","coordinates":[[121.6053405,25.209550800000002],[121.60482150000001,25.209434399999996]]}},{"type":"Feature","properties":{"name":null,"kind":"track"},"geometry":{"type":"LineString","coordinates":[[121.60627750000002,25.209476899999995],[121.605767,25.209731599999998]]}},{"type":"Feature","properties":{"name":null,"kind":"track"},"geometry":{"type":"LineString","coordinates":[[121.6042591,25.2102578],[121.6039614,25.20990219999999],[121.6040287,25.2093935],[121.60447670000002,25.209121699999997],[121.6049147,25.2090298]]}},{"type":"Feature","properties":{"name":null,"kind":"residential"},"geometry":{"type":"LineString","coordinates":[[121.6053158,25.209650399999997],[121.6052426,25.2098093],[121.60507500000001,25.209769299999998]]}},{"type":"Feature","properties":{"name":null,"kind":"track"},"geometry":{"type":"LineString","coordinates":[[121.60918560000002,25.209381399999998],[121.60900710000001,25.209673399999996],[121.60862220000001,25.2098081],[121.6082816,25.210100499999992],[121.60818900000001,25.210071399999997],[121.6081857,25.209893]]}},{"type":"Feature","properties":{"name":null,"kind":"residential"},"geometry":{"type":"LineString","coordinates":[[121.6097295,25.210279200000002],[121.6092446,25.210535300000004],[121.6088973,25.210501900000004],[121.60875110000002,25.210665099999996],[121.6085171,25.210674199999996],[121.6077808,25.210225299999994],[121.60732580000001,25.2101021],[121.60722890000001,25.209981700000004],[121.6064156,25.209532699999997],[121.6059507,25.209371399999995],[121.6056737,25.209359799999994],[121.60539460000001,25.209446099999994],[121.6050329,25.2102717],[121.60446159999998,25.210213399999997],[121.6042591,25.2102578]]}},{"type":"Feature","properties":{"name":null,"kind":"path"},"geometry":{"type":"LineString","coordinates":[[121.6031166,25.211352999999995],[121.60308199999999,25.2114645],[121.6029076,25.211495099999993],[121.6030237,25.211627300000004],[121.60311070000002,25.2116279],[121.60329979999999,25.211417299999994],[121.6033128,25.211291899999996]]}},{"type":"Feature","properties":{"name":null,"kind":"service"},"geometry":{"type":"LineString","coordinates":[[121.6076875,25.2113522],[121.6081136,25.212049400000005],[121.6081009,25.212314899999996],[121.60764920000001,25.2123611],[121.6071593,25.212176400000004],[121.6070802,25.212208699999994],[121.6070725,25.212386500000008],[121.6072843,25.212656599999995],[121.6078381,25.2129198],[121.6078329,25.2131391],[121.60758029999998,25.2131207],[121.6068939,25.2126358],[121.6067331,25.2126128],[121.60642690000002,25.212788199999995],[121.60641400000002,25.213255000000004]]}},{"type":"Feature","properties":{"name":"南勢湖古道","kind":"path"},"geometry":{"type":"LineString","coordinates":[[121.6046078,25.2080172],[121.6045339,25.208089199999993],[121.60407320000002,25.2077321],[121.6038715,25.2077484],[121.6037047,25.207651899999995],[121.6036603,25.2073838],[121.6035324,25.208006799999993],[121.60364090000002,25.208160099999997],[121.60373450000002,25.209062699999997],[121.60355099999998,25.208991500000007],[121.6032306,25.2094483],[121.603215,25.210549099999998],[121.6031103,25.210704299999996],[121.6030194,25.210696099999996],[121.60330339999999,25.211036299999996],[121.6033489,25.2112115],[121.6032736,25.211381200000005],[121.6030757,25.2113457],[121.60299559999999,25.21117999999999],[121.6025964,25.2111691],[121.6024079,25.2114898],[121.60255159999998,25.212388399999995],[121.6028426,25.212862099999995],[121.6030281,25.212936099999993],[121.6031088,25.213102100000004],[121.603411,25.213334199999995],[121.6039922,25.2144811],[121.6038364,25.2145892],[121.60425930000001,25.2149598],[121.6043165,25.215132199999992],[121.60425410000002,25.215854099999998],[121.60443539999999,25.2161893],[121.6047574,25.216421799999996],[121.6047608,25.2167857],[121.60456340000002,25.217098],[121.60469580000002,25.2172718]]}},{"type":"Feature","properties":{"name":null,"kind":"service"},"geometry":{"type":"LineString","coordinates":[[121.605498,25.2112084],[121.60653229999998,25.2113562],[121.60671970000001,25.211441099999995],[121.60672910000001,25.2115782],[121.60665800000001,25.21166669999999],[121.6058654,25.211763799999993],[121.6047281,25.212192099999996],[121.60409780000002,25.212032000000004],[121.6039033,25.2121096],[121.6038913,25.212245499999998],[121.60393550000002,25.212370499999995],[121.605343,25.213334499999995],[121.60648300000001,25.2132556],[121.60681150000002,25.2134959],[121.60686380000001,25.2136318],[121.6067887,25.2139533],[121.6056575,25.214273],[121.60562800000001,25.214450099999997],[121.6058117,25.214600599999997],[121.6063455,25.214621200000003],[121.60761689999998,25.214509600000007],[121.6077208,25.2147133],[121.6075756,25.2148693],[121.6065414,25.215205800000003],[121.60565349999999,25.215214999999997],[121.60541340000002,25.214967499999997],[121.60539060000002,25.2147054],[121.6052867,25.2147157],[121.60516470000002,25.214918399999995],[121.6052492,25.2152193],[121.60545369999998,25.2154625],[121.60609540000002,25.2159418],[121.6062228,25.2165072],[121.60695640000002,25.2168675],[121.6074625,25.2173628]]}},{"type":"Feature","properties":{"name":null,"kind":"service"},"geometry":{"type":"LineString","coordinates":[[121.6014062,25.213236799999994],[121.6012937,25.2133832],[121.60131320000002,25.2136352],[121.6010617,25.214672899999993],[121.6011355,25.2148052],[121.6012501,25.2148379]]}},{"type":"Feature","properties":{"name":null,"kind":"unclassified"},"geometry":{"type":"LineString","coordinates":[[121.6011986,25.216827400000003],[121.60045740000001,25.2163094],[121.5996138,25.215292099999996],[121.5992397,25.215424899999995],[121.5989138,25.2153339],[121.5987233,25.215383100000004],[121.59848,25.215235599999996],[121.5973105,25.214194799999998],[121.5970684,25.213623899999998],[121.596451,25.213458999999997],[121.59601859999998,25.2132179],[121.59576970000002,25.212539200000002]]}},{"type":"Feature","properties":{"name":null,"kind":"unclassified"},"geometry":{"type":"LineString","coordinates":[[121.6015127,25.216978400000002],[121.6011986,25.216827400000003]]}},{"type":"Feature","properties":{"name":null,"kind":"unclassified"},"geometry":{"type":"LineString","coordinates":[[121.60125050000002,25.217102599999997],[121.6015127,25.216978400000002],[121.6016246,25.217009199999996]]}},{"type":"Feature","properties":{"name":null,"kind":"service"},"geometry":{"type":"LineString","coordinates":[[121.60061030000001,25.2164441],[121.60049630000002,25.2169051],[121.6008859,25.217662000000004]]}},{"type":"Feature","properties":{"name":null,"kind":"service"},"geometry":{"type":"LineString","coordinates":[[121.6012357,25.216850399999995],[121.6012028,25.2170433],[121.6019509,25.218293]]}},{"type":"Feature","properties":{"name":null,"kind":"service"},"geometry":{"type":"LineString","coordinates":[[121.6002454,25.2160549],[121.59918670000002,25.2168275],[121.5992953,25.217417200000003],[121.59971380000002,25.217685299999996],[121.59997460000001,25.2180056],[121.6001644,25.2185249],[121.6005016,25.218834300000005],[121.6008631,25.219041099999995],[121.60123050000001,25.2188889],[121.6014143,25.219050199999998],[121.6017428,25.2191309],[121.602288,25.219555600000003]]}},{"type":"Feature","properties":{"name":null,"kind":"tertiary"},"geometry":{"type":"LineString","coordinates":[[121.6013093,25.220314200000004],[121.60068539999999,25.219856499999995],[121.59967600000002,25.2196244],[121.5980135,25.2179835],[121.5978955,25.217623099999997],[121.59738009999998,25.217103199999997],[121.59730089999998,25.216780499999995],[121.5971546,25.216734999999996],[121.59705200000002,25.2169024],[121.59752490000001,25.217752299999997],[121.5975973,25.218402600000005],[121.5980732,25.219178600000003],[121.5982938,25.2193851],[121.5982469,25.219758799999997],[121.5984132,25.220240500000003],[121.5982241,25.220485899999996],[121.59781569999998,25.220736399999996],[121.59670400000002,25.221110700000004],[121.59623390000002,25.221106399999996]]}},{"type":"Feature","properties":{"name":null,"kind":"service"},"geometry":{"type":"LineString","coordinates":[[121.6020332,25.219806999999996],[121.6018424,25.2198768],[121.6014689,25.2197312],[121.6012087,25.219844600000002],[121.60103310000001,25.219736599999997],[121.6008664,25.2198565],[121.60068539999999,25.219856499999995]]}},{"type":"Feature","properties":{"name":"環湖二橋","kind":"tertiary"},"geometry":{"type":"LineString","coordinates":[[121.60141949999999,25.220387799999994],[121.6013093,25.220314200000004]]}},{"type":"Feature","properties":{"name":null,"kind":"track"},"geometry":{"type":"LineString","coordinates":[[121.6127242,25.2134587],[121.6135199,25.213118099999996],[121.61390479999999,25.212789299999997],[121.61404699999999,25.212910599999997],[121.61433530000001,25.212826900000003],[121.6147162,25.213007699999995],[121.6152768,25.213093799999992]]}},{"type":"Feature","properties":{"name":null,"kind":"residential"},"geometry":{"type":"LineString","coordinates":[[121.6138795,25.2143203],[121.61374599999999,25.2139175],[121.6138338,25.213590099999998]]}},{"type":"Feature","properties":{"name":null,"kind":"residential"},"geometry":{"type":"LineString","coordinates":[[121.61407429999998,25.214405499999998],[121.61430850000002,25.2141227],[121.61421190000002,25.213915299999996]]}},{"type":"Feature","properties":{"name":null,"kind":"residential"},"geometry":{"type":"LineString","coordinates":[[121.61399420000001,25.2143652],[121.6135466,25.214889999999997],[121.613394,25.214893599999993],[121.61344699999998,25.2150753]]}},{"type":"Feature","properties":{"name":null,"kind":"residential"},"geometry":{"type":"LineString","coordinates":[[121.6092586,25.215994699999996],[121.6092372,25.2161063],[121.6094042,25.2162935],[121.6103536,25.2167254],[121.6106808,25.217157199999995],[121.61082470000001,25.2178053]]}},{"type":"Feature","properties":{"name":null,"kind":"service"},"geometry":{"type":"LineString","coordinates":[[121.61532590000002,25.222132800000004],[121.61458090000002,25.2219848],[121.6142215,25.221740999999994],[121.61402569999998,25.22149409999999],[121.61346580000001,25.2211859],[121.61281800000002,25.220621100000002],[121.6124284,25.220552000000005],[121.6119436,25.2206927],[121.6113361,25.220713899999996],[121.61025850000001,25.2204913],[121.60947000000002,25.220034499999997],[121.60886909999999,25.219976299999995],[121.60827170000002,25.2195328],[121.6078948,25.219434600000003],[121.6074667,25.219106000000004],[121.6069403,25.219007799999996],[121.6059351,25.2186414],[121.6052485,25.218592899999997]]}},{"type":"Feature","properties":{"name":null,"kind":"service"},"geometry":{"type":"LineString","coordinates":[[121.6137603,25.221340299999998],[121.6141572,25.220908799999997],[121.6142645,25.220559500000004]]}},{"type":"Feature","properties":{"name":null,"kind":"service"},"geometry":{"type":"LineString","coordinates":[[121.61150510000002,25.220716999999997],[121.61110339999999,25.221343600000004],[121.6114984,25.221488],[121.6117894,25.2218344],[121.6123661,25.222275399999994],[121.61332360000002,25.222729199999996],[121.613337,25.222902]]}},{"type":"Feature","properties":{"name":null,"kind":"service"},"geometry":{"type":"LineString","coordinates":[[121.6117894,25.2218344],[121.6116712,25.221971100000008]]}},{"type":"Feature","properties":{"name":null,"kind":"service"},"geometry":{"type":"LineString","coordinates":[[121.6123661,25.222275399999994],[121.6122923,25.222406399999997]]}},{"type":"Feature","properties":{"name":null,"kind":"tertiary"},"geometry":{"type":"LineString","coordinates":[[121.6042804,25.217163799999998],[121.60417170000001,25.217328200000004]]}},{"type":"Feature","properties":{"name":null,"kind":"service"},"geometry":{"type":"LineString","coordinates":[[121.60249030000001,25.217803699999997],[121.6021701,25.217112599999997]]}},{"type":"Feature","properties":{"name":"三和橋","kind":"tertiary"},"geometry":{"type":"LineString","coordinates":[[121.60417170000001,25.217328200000004],[121.60385180000002,25.217789699999994]]}},{"type":"Feature","properties":{"name":null,"kind":"tertiary"},"geometry":{"type":"LineString","coordinates":[[121.60385180000002,25.217789699999994],[121.6038262,25.2178224]]}},{"type":"Feature","properties":{"name":null,"kind":"service"},"geometry":{"type":"LineString","coordinates":[[121.6036231,25.2183132],[121.60267630000001,25.218067299999998]]}},{"type":"Feature","properties":{"name":null,"kind":"path"},"geometry":{"type":"LineString","coordinates":[[121.60281070000002,25.218163199999996],[121.60309729999999,25.218866499999997]]}},{"type":"Feature","properties":{"name":null,"kind":"service"},"geometry":{"type":"LineString","coordinates":[[121.6035567,25.2184746],[121.60408259999998,25.218581600000004],[121.604206,25.218710200000004]]}},{"type":"Feature","properties":{"name":null,"kind":"tertiary"},"geometry":{"type":"LineString","coordinates":[[121.6038262,25.2178224],[121.6035567,25.2184746],[121.6020633,25.219728500000002],[121.60211140000001,25.2200113]]}},{"type":"Feature","properties":{"name":null,"kind":"service"},"geometry":{"type":"LineString","coordinates":[[121.60297900000002,25.218977699999996],[121.6033324,25.2191882],[121.60390430000001,25.219754899999998]]}},{"type":"Feature","properties":{"name":null,"kind":"unclassified"},"geometry":{"type":"LineString","coordinates":[[121.6016246,25.217009199999996],[121.6029009,25.217291],[121.6046269,25.2182835],[121.6051003,25.218487299999996],[121.60541340000002,25.218787],[121.6055174,25.2193063],[121.60605310000001,25.219878899999998],[121.6072776,25.2205893],[121.6076507,25.2209105],[121.60803360000001,25.2209281],[121.60850700000002,25.221515899999996],[121.60892410000001,25.221875],[121.6094619,25.222106799999995],[121.6102641,25.2222711]]}},{"type":"Feature","properties":{"name":null,"kind":"residential"},"geometry":{"type":"LineString","coordinates":[[121.61582799999998,25.2211149],[121.61657709999999,25.221648199999997]]}},{"type":"Feature","properties":{"name":null,"kind":"residential"},"geometry":{"type":"LineString","coordinates":[[121.6102641,25.2222711],[121.6107165,25.2220103],[121.6114961,25.2218663],[121.6126933,25.2226327],[121.6137481,25.2230701],[121.61442719999998,25.223518500000004],[121.61467810000002,25.2228644],[121.6152505,25.2221836],[121.61532590000002,25.222132800000004],[121.6160038,25.222304499999993],[121.6161386,25.2222699],[121.61642559999999,25.222067299999996],[121.61657709999999,25.221648199999997],[121.6173999,25.2216342],[121.61772310000002,25.221847099999998],[121.6181362,25.2218708],[121.619076,25.221582600000005],[121.6196204,25.2215657],[121.6200281,25.221390300000003],[121.6202843,25.2211489],[121.62036610000001,25.2199739]]}},{"type":"Feature","properties":{"name":null,"kind":"service"},"geometry":{"type":"LineString","coordinates":[[121.6160038,25.222304499999993],[121.61650410000001,25.22243249999999],[121.6174281,25.2229761],[121.61852480000002,25.223229200000002]]}},{"type":"Feature","properties":{"name":null,"kind":"service"},"geometry":{"type":"LineString","coordinates":[[121.6181362,25.2218708],[121.6182381,25.222139499999997],[121.6181348,25.2223719],[121.6184071,25.2225745],[121.61851769999998,25.222918400000008],[121.61840669999998,25.223935899999997],[121.61858410000002,25.2243482],[121.61909370000001,25.2245867],[121.6192387,25.224889100000002]]}},{"type":"Feature","properties":{"name":null,"kind":"service"},"geometry":{"type":"LineString","coordinates":[[121.6175512,25.223643299999996],[121.6182661,25.223833699999997],[121.61840669999998,25.223935899999997]]}},{"type":"Feature","properties":{"name":null,"kind":"service"},"geometry":{"type":"LineString","coordinates":[[121.6184413,25.223702899999992],[121.6189151,25.2238267],[121.6191418,25.224002499999997]]}},{"type":"Feature","properties":{"name":null,"kind":"service"},"geometry":{"type":"LineString","coordinates":[[121.61592000000002,25.2243724],[121.6159913,25.223914600000004]]}},{"type":"Feature","properties":{"name":null,"kind":"service"},"geometry":{"type":"LineString","coordinates":[[121.6162558,25.2241838],[121.6165796,25.2242688]]}},{"type":"Feature","properties":{"name":null,"kind":"service"},"geometry":{"type":"LineString","coordinates":[[121.6164712,25.2245108],[121.61663520000002,25.224065399999997],[121.61659530000001,25.223988999999992],[121.6163051,25.223947900000002]]}},{"type":"Feature","properties":{"name":null,"kind":"service"},"geometry":{"type":"LineString","coordinates":[[121.619356,25.224156599999993],[121.61909370000001,25.2245867]]}},{"type":"Feature","properties":{"name":null,"kind":"steps"},"geometry":{"type":"LineString","coordinates":[[121.61582900000002,25.205003400000003],[121.61581290000001,25.205004100000007]]}},{"type":"Feature","properties":{"name":null,"kind":"footway"},"geometry":{"type":"LineString","coordinates":[[121.61581290000001,25.205004100000007],[121.61572439999999,25.205007799999997]]}},{"type":"Feature","properties":{"name":null,"kind":"steps"},"geometry":{"type":"LineString","coordinates":[[121.61572439999999,25.205007799999997],[121.61561940000001,25.20501210000001]]}},{"type":"Feature","properties":{"name":null,"kind":"steps"},"geometry":{"type":"LineString","coordinates":[[121.61593190000002,25.204999099999995],[121.61583569999999,25.2050752],[121.61582900000002,25.205003400000003]]}},{"type":"Feature","properties":{"name":null,"kind":"steps"},"geometry":{"type":"LineString","coordinates":[[121.6159721,25.2055436],[121.61587059999998,25.205526000000003]]}},{"type":"Feature","properties":{"name":null,"kind":"track"},"geometry":{"type":"LineString","coordinates":[[121.61752420000002,25.2070864],[121.6178458,25.2073184],[121.618303,25.207467199999996],[121.61888040000001,25.208278299999996],[121.6193578,25.208679599999996],[121.61981760000002,25.209479499999997],[121.62031770000002,25.210144899999992],[121.620432,25.2100677],[121.62057900000002,25.209690799999997],[121.6207317,25.2095496],[121.62074559999999,25.209421800000005],[121.6206048,25.209283100000004],[121.6206291,25.209218399999994],[121.62101990000001,25.209018600000004],[121.62109060000002,25.208181099999997],[121.6206908,25.207610599999995],[121.62006180000002,25.2075949],[121.61880050000002,25.207352800000002]]}},{"type":"Feature","properties":{"name":null,"kind":"residential"},"geometry":{"type":"LineString","coordinates":[[121.61704449999999,25.212246699999998],[121.61720410000001,25.212136899999997],[121.6172738,25.211959800000006],[121.6170452,25.211613399999994],[121.6174448,25.2112396],[121.61753740000002,25.211020000000005],[121.6171947,25.2108174],[121.6166999,25.210748200000005],[121.6163766,25.2104686],[121.6160273,25.2103672],[121.61581140000001,25.210093700000005],[121.61558270000002,25.209990499999996],[121.6151764,25.209963800000004],[121.61502149999998,25.210096699999998],[121.6147744,25.2100817]]}},{"type":"Feature","properties":{"name":null,"kind":"residential"},"geometry":{"type":"LineString","coordinates":[[121.6170452,25.211613399999994],[121.6170377,25.211361200000002],[121.6169237,25.2112447]]}},{"type":"Feature","properties":{"name":null,"kind":"residential"},"geometry":{"type":"LineString","coordinates":[[121.6160888,25.2120631],[121.61532720000001,25.2120125],[121.6151382,25.211803200000002],[121.61485970000001,25.211748200000002]]}},{"type":"Feature","properties":{"name":null,"kind":"residential"},"geometry":{"type":"LineString","coordinates":[[121.61618070000002,25.212070400000005],[121.6160888,25.2120631]]}},{"type":"Feature","properties":{"name":null,"kind":"unclassified"},"geometry":{"type":"LineString","coordinates":[[121.63443530000002,25.2134882],[121.63356900000001,25.213485899999995],[121.63263950000001,25.213127899999993],[121.63169809999998,25.212470900000003],[121.6302658,25.2117447],[121.62980579999999,25.2113055],[121.62993590000002,25.2107862],[121.6298608,25.210559299999996],[121.629547,25.2103888],[121.62915,25.210400899999996],[121.6285935,25.210047799999998],[121.62819910000002,25.2095637],[121.62803020000001,25.2094884],[121.6271558,25.208714300000004],[121.62651470000002,25.208044499999996],[121.62541370000001,25.2074027],[121.62511520000001,25.206919000000003],[121.62513739999999,25.206501100000004],[121.6247217,25.206107899999996],[121.6246653,25.205878599999995],[121.62488800000001,25.205824],[121.6253131,25.20591989999999],[121.62548210000001,25.205472100000005],[121.62566920000002,25.2053471],[121.6260091,25.205884699999995],[121.6261754,25.206009699999992],[121.6262854,25.206064299999998],[121.62659990000002,25.206029099999988],[121.6268641,25.206183199999998],[121.62719670000001,25.206229899999997],[121.6274441,25.2065035],[121.62771430000001,25.2063713],[121.6282173,25.206496199999997],[121.6284312,25.20637],[121.6283922,25.206187399999997],[121.62846820000001,25.206002699999996]]}},{"type":"Feature","properties":{"name":null,"kind":"track"},"geometry":{"type":"LineString","coordinates":[[121.62883780000001,25.2115235],[121.6285376,25.2113612],[121.62867169999998,25.210954700000002],[121.62878570000001,25.2109583]]}},{"type":"Feature","properties":{"name":null,"kind":"residential"},"geometry":{"type":"LineString","coordinates":[[121.6277486,25.211356399999996],[121.62765789999999,25.2113248],[121.6275546,25.2114279]]}},{"type":"Feature","properties":{"name":null,"kind":"residential"},"geometry":{"type":"LineString","coordinates":[[121.62933130000002,25.211632399999996],[121.62883780000001,25.2115235]]}},{"type":"Feature","properties":{"name":null,"kind":"residential"},"geometry":{"type":"LineString","coordinates":[[121.6285468,25.212772499999996],[121.62848620000001,25.2122592],[121.6278874,25.211640299999992],[121.6277486,25.211356399999996],[121.6277321,25.210821399999997],[121.62762489999999,25.2107419]]}},{"type":"Feature","properties":{"name":null,"kind":"residential"},"geometry":{"type":"LineString","coordinates":[[121.627884,25.211573099999995],[121.62842650000002,25.212163900000007]]}},{"type":"Feature","properties":{"name":null,"kind":"residential"},"geometry":{"type":"LineString","coordinates":[[121.6279889,25.213768499999997],[121.628499,25.213228599999997],[121.6285468,25.212772499999996],[121.6287225,25.212925299999995],[121.6288996,25.2129714],[121.62907999999999,25.21317459999999],[121.62926300000001,25.213212799999997],[121.62933130000002,25.211632399999996],[121.6295201,25.211622199999997],[121.62993050000001,25.211420599999997]]}},{"type":"Feature","properties":{"name":null,"kind":"service"},"geometry":{"type":"LineString","coordinates":[[121.6322171,25.212836699999997],[121.6322379,25.213177099999996],[121.6319831,25.213215900000005]]}},{"type":"Feature","properties":{"name":null,"kind":"service"},"geometry":{"type":"LineString","coordinates":[[121.6255052,25.213133999999993],[121.62617579999998,25.213201899999998],[121.62646140000001,25.213326299999995],[121.6266914,25.2131631],[121.62694560000001,25.213127299999996]]}},{"type":"Feature","properties":{"name":null,"kind":"residential"},"geometry":{"type":"LineString","coordinates":[[121.63078780000001,25.2167518],[121.6307546,25.2165427],[121.6304609,25.216053099999996],[121.6303148,25.2159288],[121.6298668,25.215774700000004],[121.62951079999999,25.215325399999998],[121.62940549999999,25.2150191],[121.6291936,25.2149353],[121.628976,25.214708899999994],[121.62834099999999,25.2142812],[121.6278045,25.213372400000008],[121.6276081,25.2132717],[121.62667,25.213087299999998],[121.626509,25.212988399999997],[121.62610469999998,25.21248479999999],[121.62582950000001,25.2124812],[121.6256155,25.211943399999996],[121.624599,25.2113646],[121.6244057,25.2110154],[121.62393250000001,25.2108041],[121.62368500000001,25.210336],[121.62350860000001,25.210302699999993],[121.6233578,25.209953099999996],[121.62312510000001,25.2100333],[121.62309359999999,25.210331099999998],[121.6229454,25.210549],[121.6231573,25.210797099999997],[121.62309630000001,25.211017299999998],[121.62274559999999,25.2110434]]}},{"type":"Feature","properties":{"name":null,"kind":"service"},"geometry":{"type":"LineString","coordinates":[[121.6312529,25.212239700000005],[121.63128370000001,25.212709300000004],[121.63107990000002,25.213131599999997],[121.63115700000002,25.213223799999998],[121.63137490000001,25.2132699],[121.63165389999999,25.213666],[121.6319046,25.214174400000005],[121.6319429,25.214646999999992],[121.63224400000001,25.214941799999995],[121.6326992,25.215185599999998],[121.632997,25.2151826],[121.63349790000001,25.2153427],[121.6339458,25.215893599999994],[121.6339659,25.216242999999995],[121.63386840000001,25.216440999999996],[121.6333739,25.216237600000003],[121.63327530000001,25.216448000000003]]}},{"type":"Feature","properties":{"name":null,"kind":"track"},"geometry":{"type":"LineString","coordinates":[[121.6256591,25.212168700000003],[121.62551290000002,25.212133899999998],[121.62559610000001,25.2125537],[121.6254558,25.212781999999997],[121.62525010000002,25.2128613],[121.6246412,25.212760500000005],[121.62439180000001,25.212611899999995],[121.62426960000002,25.2121705],[121.6240758,25.21209889999999]]}},{"type":"Feature","properties":{"name":null,"kind":"track"},"geometry":{"type":"LineString","coordinates":[[121.6221439,25.217363499999998],[121.6228212,25.217480600000002],[121.623202,25.217772399999998],[121.623658,25.217930700000004],[121.62414420000002,25.2176335],[121.6245606,25.217890699999998],[121.6249604,25.2178182],[121.6250172,25.217733599999995],[121.62474430000002,25.217323500000003],[121.6248234,25.2171694],[121.62545180000001,25.2172646],[121.6255651,25.217223200000003],[121.62560810000001,25.217077199999995],[121.62550709999998,25.2168522],[121.62487370000001,25.216219400000004],[121.62474590000001,25.215881499999995],[121.62467720000001,25.215283299999992],[121.6241708,25.215109499999997],[121.6238962,25.214887499999996],[121.6232446,25.2138856],[121.6225885,25.213499099999993],[121.62225590000001,25.213172699999998],[121.6214358,25.211467399999997],[121.62031770000002,25.210144899999992]]}},{"type":"Feature","properties":{"name":null,"kind":"service"},"geometry":{"type":"LineString","coordinates":[[121.62059680000002,25.21599459999999],[121.6204921,25.2166218]]}},{"type":"Feature","properties":{"name":null,"kind":"residential"},"geometry":{"type":"LineString","coordinates":[[121.620486,25.216692300000005],[121.6204921,25.2166218]]}},{"type":"Feature","properties":{"name":null,"kind":"residential"},"geometry":{"type":"LineString","coordinates":[[121.6204921,25.2166218],[121.6207257,25.216703500000005],[121.62126010000001,25.216682799999997]]}},{"type":"Feature","properties":{"name":null,"kind":"residential"},"geometry":{"type":"LineString","coordinates":[[121.62126010000001,25.216682799999997],[121.62127550000001,25.216734999999996]]}},{"type":"Feature","properties":{"name":null,"kind":"residential"},"geometry":{"type":"LineString","coordinates":[[121.62127550000001,25.216734999999996],[121.621753,25.2168952],[121.6219642,25.217045199999998]]}},{"type":"Feature","properties":{"name":null,"kind":"residential"},"geometry":{"type":"LineString","coordinates":[[121.6224931,25.21796339999999],[121.6219642,25.217045199999998]]}},{"type":"Feature","properties":{"name":null,"kind":"footway"},"geometry":{"type":"LineString","coordinates":[[121.62211829999998,25.217334299999997],[121.62283559999999,25.217489199999992],[121.6231406,25.2177573],[121.6236155,25.2179346],[121.6237637,25.217914899999997],[121.6240295,25.217709899999996]]}},{"type":"Feature","properties":{"name":null,"kind":"residential"},"geometry":{"type":"LineString","coordinates":[[121.62248450000001,25.218032000000004],[121.6224931,25.21796339999999]]}},{"type":"Feature","properties":{"name":null,"kind":"unclassified"},"geometry":{"type":"LineString","coordinates":[[121.63443530000002,25.2134882],[121.63512999999999,25.213968399999995],[121.63594000000002,25.214759200000007],[121.6365972,25.2149526],[121.6374421,25.2155156],[121.63777110000001,25.215651699999995],[121.63784670000001,25.215893800000003],[121.63737770000002,25.2168296],[121.6373254,25.217401099999996]]}},{"type":"Feature","properties":{"name":null,"kind":"unclassified"},"geometry":{"type":"LineString","coordinates":[[121.63899139999998,25.2156141],[121.63963060000002,25.215469099999993],[121.6401237,25.2154485],[121.64019200000001,25.215493099999996],[121.64018150000001,25.215766900000002]]}},{"type":"Feature","properties":{"name":null,"kind":"residential"},"geometry":{"type":"LineString","coordinates":[[121.6204921,25.2166218],[121.6203506,25.215844400000005],[121.6200258,25.215003599999996],[121.6195943,25.2145615],[121.6193046,25.2144565],[121.61873189999999,25.213957299999997],[121.6184464,25.2134694],[121.6173073,25.212306800000004],[121.61648460000002,25.212043500000007],[121.61618070000002,25.212070400000005]]}},{"type":"Feature","properties":{"name":null,"kind":"track"},"geometry":{"type":"LineString","coordinates":[[121.6167837,25.214716699999997],[121.6172039,25.214781599999995],[121.6174319,25.2145547]]}},{"type":"Feature","properties":{"name":null,"kind":"track"},"geometry":{"type":"LineString","coordinates":[[121.6162177,25.214742100000002],[121.6164771,25.2147925],[121.61724550000001,25.215166199999995]]}},{"type":"Feature","properties":{"name":null,"kind":"service"},"geometry":{"type":"LineString","coordinates":[[121.61612520000001,25.215275999999996],[121.616089,25.2148926],[121.6162177,25.214742100000002],[121.6167837,25.214716699999997]]}},{"type":"Feature","properties":{"name":null,"kind":"residential"},"geometry":{"type":"MultiLineString","coordinates":[[[121.61593140000001,25.215285099999996],[121.61586099999998,25.2154738],[121.61532720000001,25.215899599999997]],[[121.61532720000001,25.215899599999997],[121.61515289999998,25.215820699999995],[121.6148588,25.216230100000004],[121.61512,25.21632039999999],[121.6154801,25.216201699999996],[121.6154935,25.2160731],[121.61532720000001,25.215899599999997]]]}},{"type":"Feature","properties":{"name":null,"kind":"footway"},"geometry":{"type":"LineString","coordinates":[[121.61678769999999,25.2163765],[121.61694060000002,25.215849499999997],[121.61636920000001,25.215702000000004],[121.61602779999998,25.2154987],[121.6158494,25.215734],[121.61537540000002,25.216797299999993]]}},{"type":"Feature","properties":{"name":null,"kind":"footway"},"geometry":{"type":"LineString","coordinates":[[121.61689510000001,25.216071300000003],[121.61735300000001,25.2162513]]}},{"type":"Feature","properties":{"name":null,"kind":"steps"},"geometry":{"type":"LineString","coordinates":[[121.61843720000002,25.218286199999998],[121.6169661,25.216466199999996],[121.61678769999999,25.2163765],[121.61658300000002,25.216494799999996]]}},{"type":"Feature","properties":{"name":null,"kind":"residential"},"geometry":{"type":"LineString","coordinates":[[121.6179893,25.217694100000003],[121.6173617,25.2176832],[121.61682120000002,25.217961000000006],[121.6165523,25.217959799999996],[121.6163558,25.217820299999993],[121.6162465,25.217358699999995],[121.6160582,25.217114199999997],[121.61537540000002,25.216797299999993]]}},{"type":"Feature","properties":{"name":null,"kind":"residential"},"geometry":{"type":"LineString","coordinates":[[121.61912270000002,25.2182808],[121.61913270000001,25.2176922],[121.6190641,25.217632799999997]]}},{"type":"Feature","properties":{"name":null,"kind":"unclassified"},"geometry":{"type":"LineString","coordinates":[[121.62817840000001,25.21400909999999],[121.627796,25.2141422],[121.6277169,25.214344799999992],[121.6273051,25.214782799999995],[121.62730779999998,25.214983000000004],[121.6274621,25.215120100000004]]}},{"type":"Feature","properties":{"name":null,"kind":"service"},"geometry":{"type":"LineString","coordinates":[[121.634383,25.2135137],[121.63444250000002,25.213647100000003],[121.63440630000001,25.214444300000004],[121.6342811,25.214699199999995],[121.6339639,25.214959300000004],[121.63390490000002,25.215158900000002],[121.6339787,25.215351799999997],[121.63394180000002,25.215472499999997],[121.63374870000001,25.2156242]]}},{"type":"Feature","properties":{"name":null,"kind":"residential"},"geometry":{"type":"LineString","coordinates":[[121.62916340000001,25.2149008],[121.62926000000002,25.2145226],[121.6294015,25.214369200000004],[121.62985590000001,25.2145341]]}},{"type":"Feature","properties":{"name":null,"kind":"service"},"geometry":{"type":"LineString","coordinates":[[121.63432880000002,25.2146148],[121.63459620000002,25.21480229999999],[121.63540159999998,25.214739799999997],[121.6357067,25.214796199999995],[121.6358663,25.2147052]]}},{"type":"Feature","properties":{"name":null,"kind":"residential"},"geometry":{"type":"LineString","coordinates":[[121.62749160000001,25.214567999999993],[121.6280696,25.215061899999995]]}},{"type":"Feature","properties":{"name":null,"kind":"unclassified"},"geometry":{"type":"LineString","coordinates":[[121.6322684,25.216499800000005],[121.63223450000001,25.216559899999996]]}},{"type":"Feature","properties":{"name":null,"kind":"unclassified"},"geometry":{"type":"LineString","coordinates":[[121.63223450000001,25.216559899999996],[121.63220569999999,25.216713200000004],[121.6321038,25.216796300000002],[121.63078780000001,25.2167518],[121.63080879999998,25.2168406]]}},{"type":"Feature","properties":{"name":null,"kind":"unclassified"},"geometry":{"type":"LineString","coordinates":[[121.6350536,25.217219699999998],[121.63490070000002,25.216983100000004],[121.6345238,25.2169164],[121.63390520000002,25.216596400000004],[121.6337644,25.216637599999995],[121.63298620000002,25.2163473],[121.6325397,25.2162861],[121.6322684,25.216499800000005]]}},{"type":"Feature","properties":{"name":null,"kind":"unclassified"},"geometry":{"type":"LineString","coordinates":[[121.63080879999998,25.2168406],[121.63081959999998,25.216910899999995]]}},{"type":"Feature","properties":{"name":null,"kind":"unclassified"},"geometry":{"type":"LineString","coordinates":[[121.63111410000002,25.217190700000003],[121.6307386,25.2171755]]}},{"type":"Feature","properties":{"name":null,"kind":"residential"},"geometry":{"type":"LineString","coordinates":[[121.62175880000001,25.219386],[121.6217655,25.218930699999998],[121.62152410000002,25.218708699999997],[121.6213344,25.218173699999998],[121.62097899999999,25.2178843],[121.620486,25.216692300000005]]}},{"type":"Feature","properties":{"name":null,"kind":"service"},"geometry":{"type":"LineString","coordinates":[[121.62514090000002,25.218504800000005],[121.62536230000002,25.2186869],[121.62593720000001,25.218512599999997]]}},{"type":"Feature","properties":{"name":null,"kind":"service"},"geometry":{"type":"LineString","coordinates":[[121.62049090000001,25.2189895],[121.62100669999998,25.218367899999997]]}},{"type":"Feature","properties":{"name":null,"kind":"service"},"geometry":{"type":"LineString","coordinates":[[121.62536230000002,25.2186869],[121.625361,25.2187809]]}},{"type":"Feature","properties":{"name":null,"kind":"track"},"geometry":{"type":"LineString","coordinates":[[121.6235633,25.219699599999995],[121.6237754,25.21849],[121.6242968,25.21796699999999],[121.62450790000001,25.217886400000005]]}},{"type":"Feature","properties":{"name":null,"kind":"residential"},"geometry":{"type":"LineString","coordinates":[[121.6234352,25.219674500000004],[121.62248450000001,25.218032000000004]]}},{"type":"Feature","properties":{"name":null,"kind":"residential"},"geometry":{"type":"LineString","coordinates":[[121.62077950000001,25.2192824],[121.6208556,25.2191626]]}},{"type":"Feature","properties":{"name":"磺溪中橋","kind":"residential"},"geometry":{"type":"LineString","coordinates":[[121.62036610000001,25.2199739],[121.62077950000001,25.2192824]]}},{"type":"Feature","properties":{"name":null,"kind":"service"},"geometry":{"type":"LineString","coordinates":[[121.62560090000001,25.219298],[121.6254624,25.220083099999997]]}},{"type":"Feature","properties":{"name":null,"kind":"residential"},"geometry":{"type":"LineString","coordinates":[[121.6234352,25.219674500000004],[121.6235222,25.220248999999995]]}},{"type":"Feature","properties":{"name":null,"kind":"residential"},"geometry":{"type":"LineString","coordinates":[[121.62856960000002,25.217950100000003],[121.62840080000001,25.2177445],[121.62807490000002,25.217817299999997]]}},{"type":"Feature","properties":{"name":null,"kind":"unclassified"},"geometry":{"type":"LineString","coordinates":[[121.63081959999998,25.216910899999995],[121.6307386,25.2171755],[121.63039460000002,25.217116000000004],[121.6301015,25.217161499999996],[121.6290451,25.2176365],[121.62856960000002,25.217950100000003],[121.6283772,25.2183563],[121.6277076,25.218606199999996],[121.6269617,25.219009899999993],[121.62623849999999,25.2189796],[121.62586460000001,25.219053599999995],[121.6253124,25.218776400000003],[121.6247153,25.2188922],[121.6244645,25.2190311],[121.6243994,25.219203399999994],[121.62452619999999,25.2194388],[121.6242231,25.219844]]}},{"type":"Feature","properties":{"name":null,"kind":"track"},"geometry":{"type":"LineString","coordinates":[[121.6319709,25.218152099999998],[121.6321157,25.218449399999994],[121.63238860000001,25.2186623]]}},{"type":"Feature","properties":{"name":null,"kind":"service"},"geometry":{"type":"LineString","coordinates":[[121.6274708,25.218440700000002],[121.6276379,25.218647399999995]]}},{"type":"Feature","properties":{"name":"中華路101巷","kind":"service"},"geometry":{"type":"LineString","coordinates":[[121.63265110000002,25.219799299999995],[121.63221560000001,25.2195783],[121.6322954,25.219348999999994],[121.6321157,25.2190166],[121.63238860000001,25.2186623],[121.63261930000002,25.2186842],[121.63295050000002,25.218539200000002]]}},{"type":"Feature","properties":{"name":"信義路64巷","kind":"service"},"geometry":{"type":"LineString","coordinates":[[121.6351879,25.219574699999995],[121.63565500000001,25.2189093]]}},{"type":"Feature","properties":{"name":null,"kind":"service"},"geometry":{"type":"LineString","coordinates":[[121.62650070000001,25.219409899999995],[121.62672029999999,25.219420599999996]]}},{"type":"Feature","properties":{"name":null,"kind":"service"},"geometry":{"type":"LineString","coordinates":[[121.6274953,25.219373499999996],[121.62673919999999,25.219521700000005]]}},{"type":"Feature","properties":{"name":"信義路31巷","kind":"service"},"geometry":{"type":"LineString","coordinates":[[121.6355085,25.2198011],[121.63603960000002,25.219151299999996]]}},{"type":"Feature","properties":{"name":null,"kind":"unclassified"},"geometry":{"type":"LineString","coordinates":[[121.6267309,25.219037],[121.6267789,25.219733299999998],[121.62664350000001,25.220022099999998],[121.6266133,25.220336300000003]]}},{"type":"Feature","properties":{"name":null,"kind":"service"},"geometry":{"type":"LineString","coordinates":[[121.6382255,25.218718600000003],[121.63830450000002,25.218821499999994]]}},{"type":"Feature","properties":{"name":null,"kind":"service"},"geometry":{"type":"LineString","coordinates":[[121.6403502,25.218733200000006],[121.6406165,25.218941599999997],[121.6404803,25.219084499999997],[121.64020880000001,25.218879599999998]]}},{"type":"Feature","properties":{"name":"中山路","kind":"tertiary"},"geometry":{"type":"LineString","coordinates":[[121.63976680000002,25.219337500000005],[121.6404948,25.2185834]]}},{"type":"Feature","properties":{"name":"仁愛路","kind":"residential"},"geometry":{"type":"LineString","coordinates":[[121.63834719999998,25.2187136],[121.6381395,25.21877599999999],[121.6377124,25.219380000000005]]}},{"type":"Feature","properties":{"name":null,"kind":"service"},"geometry":{"type":"LineString","coordinates":[[121.6354698,25.2187928],[121.63649120000001,25.219435499999992]]}},{"type":"Feature","properties":{"name":"媽祖街","kind":"unclassified"},"geometry":{"type":"LineString","coordinates":[[121.6404976,25.219865299999995],[121.64100050000002,25.219399399999997],[121.6413056,25.218501099999994],[121.6417542,25.2184465]]}},{"type":"Feature","properties":{"name":"環金路","kind":"primary"},"geometry":{"type":"LineString","coordinates":[[121.631729,25.221382599999995],[121.63196230000001,25.220834099999998],[121.6339964,25.2177724],[121.63425690000001,25.2174769],[121.63471560000002,25.2171991],[121.63553640000002,25.217097200000005],[121.63767809999999,25.217419899999996],[121.6392029,25.217256100000004],[121.6406493,25.217644200000006],[121.64146140000001,25.217501]]}},{"type":"Feature","properties":{"name":null,"kind":"unclassified"},"geometry":{"type":"LineString","coordinates":[[121.6435743,25.219242699999995],[121.64370260000001,25.219217899999997]]}},{"type":"Feature","properties":{"name":"環金路","kind":"primary"},"geometry":{"type":"LineString","coordinates":[[121.64143379999999,25.217695799999998],[121.6403616,25.217719599999995],[121.63912780000001,25.217370199999994],[121.6377022,25.2175437],[121.63558620000002,25.217222699999997],[121.6350536,25.217219699999998],[121.63480140000001,25.217293699999992],[121.6343495,25.2175582],[121.6341376,25.217799700000004],[121.6323794,25.220414300000005],[121.6318559,25.2214108]]}},{"type":"Feature","properties":{"name":"中山路119巷","kind":"footway"},"geometry":{"type":"LineString","coordinates":[[121.63943410000002,25.219691500000003],[121.638812,25.219032700000003]]}},{"type":"Feature","properties":{"name":null,"kind":"footway"},"geometry":{"type":"LineString","coordinates":[[121.6364831,25.220003199999997],[121.63650130000002,25.219854000000005]]}},{"type":"Feature","properties":{"name":null,"kind":"footway"},"geometry":{"type":"LineString","coordinates":[[121.63665320000001,25.219565300000003],[121.63650130000002,25.219854000000005],[121.6363173,25.2199496],[121.6363026,25.220053099999998],[121.63643060000001,25.2201667],[121.63675250000001,25.220160700000005],[121.6369332,25.220318999999996]]}},{"type":"Feature","properties":{"name":null,"kind":"service"},"geometry":{"type":"LineString","coordinates":[[121.6371081,25.219934599999995],[121.6370361,25.2200101]]}},{"type":"Feature","properties":{"name":null,"kind":"service"},"geometry":{"type":"LineString","coordinates":[[121.64188740000002,25.2199893],[121.6417768,25.2199952]]}},{"type":"Feature","properties":{"name":"媽祖街","kind":"unclassified"},"geometry":{"type":"LineString","coordinates":[[121.6404976,25.219865299999995],[121.64030810000001,25.220135799999998]]}},{"type":"Feature","properties":{"name":null,"kind":"path"},"geometry":{"type":"LineString","coordinates":[[121.641192,25.2201553],[121.6413431,25.219945700000004]]}},{"type":"Feature","properties":{"name":null,"kind":"footway"},"geometry":{"type":"LineString","coordinates":[[121.6363026,25.220053099999998],[121.63614290000001,25.220024999999996],[121.63602049999999,25.2201328]]}},{"type":"Feature","properties":{"name":null,"kind":"footway"},"geometry":{"type":"LineString","coordinates":[[121.6363989,25.2201494],[121.63647950000001,25.2200427]]}},{"type":"Feature","properties":{"name":null,"kind":"service"},"geometry":{"type":"LineString","coordinates":[[121.6370361,25.2200101],[121.6368442,25.2202067]]}},{"type":"Feature","properties":{"name":null,"kind":"footway"},"geometry":{"type":"LineString","coordinates":[[121.64183430000001,25.220335700000003],[121.6417956,25.2198571]]}},{"type":"Feature","properties":{"name":"信義路","kind":"residential"},"geometry":{"type":"LineString","coordinates":[[121.63476339999998,25.2192809],[121.6359256,25.220071199999996]]}},{"type":"Feature","properties":{"name":"中華路101巷","kind":"service"},"geometry":{"type":"LineString","coordinates":[[121.63265110000002,25.219799299999995],[121.63271870000001,25.219927800000004],[121.63321829999998,25.220215900000003],[121.6334263,25.2205552]]}},{"type":"Feature","properties":{"name":null,"kind":"unclassified"},"geometry":{"type":"LineString","coordinates":[[121.62784570000001,25.220578899999996],[121.62805569999999,25.219792999999996],[121.62828370000001,25.219746799999996],[121.6284486,25.21985649999999],[121.6289126,25.219482800000005],[121.6291554,25.219816399999996],[121.62961400000002,25.2209508]]}},{"type":"Feature","properties":{"name":"中華路102巷","kind":"service"},"geometry":{"type":"LineString","coordinates":[[121.6342355,25.220679400000005],[121.6340221,25.220131600000002]]}},{"type":"Feature","properties":{"name":"陽金公路","kind":"primary"},"geometry":{"type":"LineString","coordinates":[[121.6253123,25.220050099999998],[121.6299169,25.2210127]]}},{"type":"Feature","properties":{"name":null,"kind":"service"},"geometry":{"type":"LineString","coordinates":[[121.62875569999999,25.220362599999998],[121.62882,25.220459600000005],[121.6286769,25.220753699999996]]}},{"type":"Feature","properties":{"name":"中華路112巷","kind":"residential"},"geometry":{"type":"LineString","coordinates":[[121.6336465,25.220276500000004],[121.63400540000002,25.2208166]]}},{"type":"Feature","properties":{"name":"中華路","kind":"residential"},"geometry":{"type":"LineString","coordinates":[[121.63535059999998,25.220680600000005],[121.63437360000002,25.2201898],[121.6340221,25.220131600000002],[121.633691,25.220233599999997],[121.6335589,25.2203609],[121.63315940000001,25.220991399999996]]}},{"type":"Feature","properties":{"name":"中正路147巷","kind":"service"},"geometry":{"type":"LineString","coordinates":[[121.63143249999999,25.220183000000002],[121.63149690000002,25.220216999999995],[121.6314808,25.220396599999997],[121.63139500000001,25.2204888],[121.63187689999998,25.221035000000008]]}},{"type":"Feature","properties":{"name":"中華路121巷","kind":"footway"},"geometry":{"type":"LineString","coordinates":[[121.63306700000001,25.220422899999996],[121.63276810000002,25.220845299999997],[121.63315940000001,25.220991399999996]]}},{"type":"Feature","properties":{"name":null,"kind":"footway"},"geometry":{"type":"LineString","coordinates":[[121.6366404,25.2201679],[121.63664510000001,25.2200715]]}},{"type":"Feature","properties":{"name":null,"kind":"footway"},"geometry":{"type":"LineString","coordinates":[[121.6407049,25.220537],[121.64102660000002,25.2201984],[121.6411024,25.219985399999995],[121.64104409999999,25.2198453],[121.6407826,25.219686100000004]]}},{"type":"Feature","properties":{"name":null,"kind":"footway"},"geometry":{"type":"LineString","coordinates":[[121.6397605,25.220041100000003],[121.63961629999999,25.220221499999997]]}},{"type":"Feature","properties":{"name":null,"kind":"service"},"geometry":{"type":"LineString","coordinates":[[121.6374707,25.2201938],[121.6375794,25.220093899999995],[121.63769339999999,25.220195000000004]]}},{"type":"Feature","properties":{"name":"忠孝一路","kind":"residential"},"geometry":{"type":"LineString","coordinates":[[121.6365019,25.2214377],[121.63896489999999,25.2188995],[121.63976680000002,25.219337500000005]]}},{"type":"Feature","properties":{"name":"忠孝一路38巷","kind":"residential"},"geometry":{"type":"LineString","coordinates":[[121.63792119999998,25.220019499999996],[121.63828720000001,25.2203163],[121.63856040000002,25.220299399999995],[121.6386506,25.2201116]]}},{"type":"Feature","properties":{"name":null,"kind":"footway"},"geometry":{"type":"LineString","coordinates":[[121.6400407,25.220253],[121.6402731,25.2200694]]}},{"type":"Feature","properties":{"name":null,"kind":"footway"},"geometry":{"type":"LineString","coordinates":[[121.63643060000001,25.2201667],[121.63643719999999,25.220219899999993]]}},{"type":"Feature","properties":{"name":null,"kind":"service"},"geometry":{"type":"LineString","coordinates":[[121.63745600000001,25.220209699999998],[121.6374707,25.2201938]]}},{"type":"Feature","properties":{"name":null,"kind":"service"},"geometry":{"type":"LineString","coordinates":[[121.63769339999999,25.220195000000004],[121.6377196,25.2202173]]}},{"type":"Feature","properties":{"name":"中山路","kind":"tertiary"},"geometry":{"type":"LineString","coordinates":[[121.63976680000002,25.219337500000005],[121.63849020000002,25.220905699999996],[121.63786440000001,25.221458699999996]]}},{"type":"Feature","properties":{"name":null,"kind":"footway"},"geometry":{"type":"LineString","coordinates":[[121.64183430000001,25.220335700000003],[121.6418474,25.2204467]]}},{"type":"Feature","properties":{"name":"信義路","kind":"residential"},"geometry":{"type":"LineString","coordinates":[[121.6359256,25.220071199999996],[121.6371036,25.220836]]}},{"type":"Feature","properties":{"name":null,"kind":"path"},"geometry":{"type":"LineString","coordinates":[[121.63856040000002,25.220299399999995],[121.6386506,25.220446100000007],[121.63862110000001,25.220564299999996],[121.6387137,25.220623499999995]]}},{"type":"Feature","properties":{"name":null,"kind":"service"},"geometry":{"type":"LineString","coordinates":[[121.6369331,25.220407299999998],[121.63699750000002,25.2203522],[121.6372636,25.2205738],[121.6371985,25.220642900000005]]}},{"type":"Feature","properties":{"name":"慈護街","kind":"residential"},"geometry":{"type":"LineString","coordinates":[[121.6393518,25.219787599999997],[121.63946029999998,25.219969299999995],[121.63938799999998,25.220425800000005],[121.63888150000001,25.220927999999997],[121.6387764,25.221210099999997]]}},{"type":"Feature","properties":{"name":"仁愛路","kind":"residential"},"geometry":{"type":"LineString","coordinates":[[121.63446180000001,25.221944899999997],[121.6345875,25.221611099999997],[121.6349912,25.221068799999998],[121.63649120000001,25.219435499999992],[121.636873,25.219191799999997],[121.6374113,25.219200199999992],[121.63766340000001,25.2193403],[121.63893330000002,25.2203463]]}},{"type":"Feature","properties":{"name":null,"kind":"service"},"geometry":{"type":"LineString","coordinates":[[121.63696559999998,25.2206512],[121.6368078,25.220531500000003],[121.6369331,25.220407299999998],[121.6371985,25.220642900000005],[121.63709090000002,25.220744699999997],[121.63696559999998,25.2206512]]}},{"type":"Feature","properties":{"name":"民生路51巷","kind":"service"},"geometry":{"type":"LineString","coordinates":[[121.64139020000002,25.220788899999995],[121.64174880000002,25.220433699999997],[121.6419275,25.220389799999996]]}},{"type":"Feature","properties":{"name":null,"kind":"footway"},"geometry":{"type":"LineString","coordinates":[[121.63917490000001,25.2206016],[121.639196,25.220609600000003]]}},{"type":"Feature","properties":{"name":"中華路122巷","kind":"service"},"geometry":{"type":"LineString","coordinates":[[121.6334603,25.220503399999995],[121.6337299,25.220981499999997]]}},{"type":"Feature","properties":{"name":null,"kind":"service"},"geometry":{"type":"LineString","coordinates":[[121.62839239999998,25.220693899999997],[121.62834219999999,25.2208818]]}},{"type":"Feature","properties":{"name":null,"kind":"service"},"geometry":{"type":"LineString","coordinates":[[121.6337299,25.220981499999997],[121.6342355,25.220679400000005]]}},{"type":"Feature","properties":{"name":"仁愛路67巷","kind":"footway"},"geometry":{"type":"LineString","coordinates":[[121.634996,25.220515299999995],[121.63426250000002,25.2211833]]}},{"type":"Feature","properties":{"name":"仁愛路67巷","kind":"footway"},"geometry":{"type":"LineString","coordinates":[[121.6349912,25.221068799999998],[121.6345847,25.220752399999995]]}},{"type":"Feature","properties":{"name":"仁愛路67巷","kind":"footway"},"geometry":{"type":"LineString","coordinates":[[121.6340666,25.2207803],[121.63438929999998,25.2210656]]}},{"type":"Feature","properties":{"name":null,"kind":"service"},"geometry":{"type":"LineString","coordinates":[[121.628022,25.220819599999995],[121.6284066,25.220910999999997],[121.62853989999999,25.221118999999998],[121.62894170000001,25.221274500000003]]}},{"type":"Feature","properties":{"name":null,"kind":"footway"},"geometry":{"type":"LineString","coordinates":[[121.6335043,25.221108499999996],[121.6337299,25.220981499999997]]}},{"type":"Feature","properties":{"name":null,"kind":"footway"},"geometry":{"type":"LineString","coordinates":[[121.63315940000001,25.220991399999996],[121.6334359,25.221208699999995]]}},{"type":"Feature","properties":{"name":"中正路","kind":"primary"},"geometry":{"type":"LineString","coordinates":[[121.6299169,25.2210127],[121.631729,25.221382599999995]]}},{"type":"Feature","properties":{"name":"中正路141巷","kind":"footway"},"geometry":{"type":"LineString","coordinates":[[121.6324412,25.220896000000003],[121.6322817,25.2215049]]}},{"type":"Feature","properties":{"name":"中正路71巷","kind":"footway"},"geometry":{"type":"LineString","coordinates":[[121.63384020000001,25.221823899999997],[121.6339076,25.2216818],[121.63359470000002,25.2213523],[121.6334125,25.220951],[121.6334359,25.220672099999994],[121.6335245,25.220617199999996]]}},{"type":"Feature","properties":{"name":"忠孝一路","kind":"residential"},"geometry":{"type":"LineString","coordinates":[[121.6365019,25.2214377],[121.63625090000001,25.2216204],[121.6361053,25.2216036],[121.6349912,25.221068799999998]]}},{"type":"Feature","properties":{"name":"仁愛路64巷","kind":"footway"},"geometry":{"type":"LineString","coordinates":[[121.635124,25.2211335],[121.635134,25.221300400000004],[121.6354317,25.2218051],[121.6353606,25.2221358]]}},{"type":"Feature","properties":{"name":"仁愛路78巷","kind":"residential"},"geometry":{"type":"LineString","coordinates":[[121.6345875,25.221611099999997],[121.6354317,25.2218051]]}},{"type":"Feature","properties":{"name":null,"kind":"footway"},"geometry":{"type":"LineString","coordinates":[[121.63540630000001,25.221955999999995],[121.63452270000002,25.221758300000005]]}},{"type":"Feature","properties":{"name":null,"kind":"service"},"geometry":{"type":"LineString","coordinates":[[121.63405070000002,25.2218649],[121.6340336,25.22194]]}},{"type":"Feature","properties":{"name":"中正路","kind":"tertiary"},"geometry":{"type":"LineString","coordinates":[[121.631729,25.221382599999995],[121.6367581,25.222427099999997]]}},{"type":"Feature","properties":{"name":null,"kind":"footway"},"geometry":{"type":"LineString","coordinates":[[121.6328151,25.2218757],[121.63341980000001,25.222008199999998]]}},{"type":"Feature","properties":{"name":null,"kind":"service"},"geometry":{"type":"LineString","coordinates":[[121.63557519999999,25.222079800000007],[121.6354901,25.222062399999995],[121.63556029999998,25.2217848]]}},{"type":"Feature","properties":{"name":null,"kind":"footway"},"geometry":{"type":"LineString","coordinates":[[121.6397211,25.221909599999993],[121.63983910000002,25.2216085],[121.6400121,25.221544099999992]]}},{"type":"Feature","properties":{"name":null,"kind":"footway"},"geometry":{"type":"LineString","coordinates":[[121.64037710000001,25.221739299999996],[121.6403769,25.2217242]]}},{"type":"Feature","properties":{"name":null,"kind":"footway"},"geometry":{"type":"LineString","coordinates":[[121.63977430000001,25.221879999999995],[121.6397751,25.221815],[121.64007250000002,25.221667300000004]]}},{"type":"Feature","properties":{"name":"中山路263巷","kind":"service"},"geometry":{"type":"LineString","coordinates":[[121.6365507,25.2220869],[121.6365919,25.221865],[121.6362924,25.2216014]]}},{"type":"Feature","properties":{"name":null,"kind":"footway"},"geometry":{"type":"LineString","coordinates":[[121.6403574,25.2220158],[121.64041810000002,25.221819299999996],[121.6403166,25.221729800000006],[121.64014240000002,25.2217341],[121.6396527,25.2219476]]}},{"type":"Feature","properties":{"name":null,"kind":"steps"},"geometry":{"type":"LineString","coordinates":[[121.6390301,25.221879999999995],[121.6390023,25.2218938]]}},{"type":"Feature","properties":{"name":null,"kind":"footway"},"geometry":{"type":"LineString","coordinates":[[121.63873440000002,25.221944099999998],[121.63887220000001,25.221831799999997],[121.63894540000001,25.221927399999995],[121.6390023,25.2218938]]}},{"type":"Feature","properties":{"name":"中山路","kind":"tertiary"},"geometry":{"type":"LineString","coordinates":[[121.63786440000001,25.221458699999996],[121.636908,25.222230199999995],[121.6367581,25.222427099999997]]}},{"type":"Feature","properties":{"name":null,"kind":"steps"},"geometry":{"type":"LineString","coordinates":[[121.6387149,25.2219636],[121.63873440000002,25.221944099999998]]}},{"type":"Feature","properties":{"name":null,"kind":"path"},"geometry":{"type":"LineString","coordinates":[[121.63912599999999,25.222101200000004],[121.6389798,25.221804399999996]]}},{"type":"Feature","properties":{"name":null,"kind":"path"},"geometry":{"type":"LineString","coordinates":[[121.63959770000001,25.221951500000003],[121.63907539999998,25.221948099999995]]}},{"type":"Feature","properties":{"name":null,"kind":"footway"},"geometry":{"type":"LineString","coordinates":[[121.6385682,25.2220077],[121.6386367,25.2219627]]}},{"type":"Feature","properties":{"name":null,"kind":"footway"},"geometry":{"type":"LineString","coordinates":[[121.6385682,25.2220077],[121.6384082,25.222014499999993]]}},{"type":"Feature","properties":{"name":null,"kind":"service"},"geometry":{"type":"LineString","coordinates":[[121.6365507,25.2220869],[121.6361676,25.222041500000003]]}},{"type":"Feature","properties":{"name":null,"kind":"steps"},"geometry":{"type":"LineString","coordinates":[[121.63849140000002,25.222108499999997],[121.6385682,25.2220077]]}},{"type":"Feature","properties":{"name":null,"kind":"footway"},"geometry":{"type":"LineString","coordinates":[[121.63727480000001,25.221936499999995],[121.63760819999999,25.2222522]]}},{"type":"Feature","properties":{"name":null,"kind":"steps"},"geometry":{"type":"LineString","coordinates":[[121.63890390000002,25.222232900000005],[121.6387149,25.2219636]]}},{"type":"Feature","properties":{"name":null,"kind":"service"},"geometry":{"type":"LineString","coordinates":[[121.6363326,25.222171299999996],[121.63639579999999,25.222138499999996]]}},{"type":"Feature","properties":{"name":"溫泉路","kind":"path"},"geometry":{"type":"LineString","coordinates":[[121.6393508,25.222187799999997],[121.63912599999999,25.222101200000004]]}},{"type":"Feature","properties":{"name":"中山路263巷","kind":"service"},"geometry":{"type":"LineString","coordinates":[[121.6368855,25.222257199999998],[121.6365507,25.2220869]]}},{"type":"Feature","properties":{"name":null,"kind":"service"},"geometry":{"type":"LineString","coordinates":[[121.633194,25.222109499999995],[121.63278620000001,25.222019199999988]]}},{"type":"Feature","properties":{"name":null,"kind":"service"},"geometry":{"type":"LineString","coordinates":[[121.6354901,25.222062399999995],[121.6354793,25.222101799999997]]}},{"type":"Feature","properties":{"name":null,"kind":"service"},"geometry":{"type":"LineString","coordinates":[[121.6354793,25.222101799999997],[121.63546420000002,25.222157399999997]]}},{"type":"Feature","properties":{"name":null,"kind":"service"},"geometry":{"type":"LineString","coordinates":[[121.63585240000002,25.2221788],[121.63557519999999,25.222079800000007]]}},{"type":"Feature","properties":{"name":"環金路376巷","kind":"service"},"geometry":{"type":"LineString","coordinates":[[121.6328233,25.221835000000002],[121.63230430000002,25.222015200000005],[121.63171150000001,25.2223209],[121.63159020000002,25.222466700000002]]}},{"type":"Feature","properties":{"name":null,"kind":"service"},"geometry":{"type":"LineString","coordinates":[[121.6358379,25.222232400000003],[121.63585240000002,25.2221788]]}},{"type":"Feature","properties":{"name":null,"kind":"service"},"geometry":{"type":"LineString","coordinates":[[121.63116070000001,25.222033799999995],[121.6313235,25.2223252],[121.6313129,25.2224821],[121.6314365,25.222583199999995]]}},{"type":"Feature","properties":{"name":"中正路22巷","kind":"service"},"geometry":{"type":"LineString","coordinates":[[121.63561720000001,25.222585],[121.63594030000002,25.2222518]]}},{"type":"Feature","properties":{"name":"三民街","kind":"service"},"geometry":{"type":"LineString","coordinates":[[121.63468440000001,25.222919399999995],[121.6348692,25.222033399999994]]}},{"type":"Feature","properties":{"name":null,"kind":"footway"},"geometry":{"type":"LineString","coordinates":[[121.6356267,25.22257539999999],[121.63549380000002,25.222476699999994]]}},{"type":"Feature","properties":{"name":"四維路","kind":"residential"},"geometry":{"type":"LineString","coordinates":[[121.63468440000001,25.222919399999995],[121.63496250000001,25.222882000000002],[121.6352606,25.222719900000005],[121.6356899,25.2222044]]}},{"type":"Feature","properties":{"name":null,"kind":"footway"},"geometry":{"type":"LineString","coordinates":[[121.635738,25.2227206],[121.63561720000001,25.222585]]}},{"type":"Feature","properties":{"name":null,"kind":"service"},"geometry":{"type":"LineString","coordinates":[[121.63567120000002,25.2226951],[121.63558630000001,25.2227003]]}},{"type":"Feature","properties":{"name":null,"kind":"service"},"geometry":{"type":"LineString","coordinates":[[121.635738,25.2227206],[121.63567120000002,25.2226951]]}},{"type":"Feature","properties":{"name":"環金路297巷","kind":"service"},"geometry":{"type":"LineString","coordinates":[[121.63159020000002,25.222466700000002],[121.63121400000001,25.2227395],[121.6300992,25.223318]]}},{"type":"Feature","properties":{"name":"三民路","kind":"service"},"geometry":{"type":"LineString","coordinates":[[121.63373010000001,25.2229424],[121.63468440000001,25.222919399999995]]}},{"type":"Feature","properties":{"name":"環金路","kind":"primary"},"geometry":{"type":"LineString","coordinates":[[121.6299911,25.224562499999998],[121.63126150000001,25.222980399999997],[121.6314365,25.222583199999995],[121.631729,25.221382599999995]]}},{"type":"Feature","properties":{"name":"環金路","kind":"primary"},"geometry":{"type":"LineString","coordinates":[[121.6318559,25.2214108],[121.6313957,25.222997199999995],[121.6309849,25.223589000000004],[121.63009220000002,25.224622899999996]]}},{"type":"Feature","properties":{"name":null,"kind":"track"},"geometry":{"type":"LineString","coordinates":[[121.62833089999998,25.2235529],[121.62827800000001,25.222951600000002],[121.62813400000002,25.222620999999997]]}},{"type":"Feature","properties":{"name":"中華路","kind":"residential"},"geometry":{"type":"LineString","coordinates":[[121.63315940000001,25.220991399999996],[121.63287290000001,25.2216268],[121.63275419999998,25.2221783],[121.63278109999999,25.223195],[121.6328401,25.2235954],[121.6330922,25.224256600000004],[121.6336712,25.2251407]]}},{"type":"Feature","properties":{"name":null,"kind":"footway"},"geometry":{"type":"LineString","coordinates":[[121.58546690000001,25.1843952],[121.5865624,25.1839229],[121.5870506,25.1839715],[121.58737780000001,25.1841851],[121.5875441,25.18448119999999],[121.5878981,25.184801599999993],[121.58822539999998,25.184908400000005],[121.5883315,25.1853321],[121.58830579999999,25.185549199999993],[121.5884829,25.1858259],[121.58846680000002,25.1860007],[121.5885848,25.186219100000002],[121.58857400000001,25.186466699999997],[121.5881985,25.187189999999994],[121.58787670000001,25.187359899999997],[121.5878096,25.187532699999995]]}},{"type":"Feature","properties":{"name":null,"kind":"path"},"geometry":{"type":"LineString","coordinates":[[121.58694549999998,25.1871327],[121.5868298,25.186858899999997],[121.5865403,25.186516599999994],[121.5863068,25.1857686],[121.58614800000001,25.185553099999993],[121.585501,25.1850704]]}},{"type":"Feature","properties":{"name":null,"kind":"service"},"geometry":{"type":"LineString","coordinates":[[121.58563370000002,25.186891899999996],[121.5859975,25.186775499999996],[121.5859527,25.1866136]]}},{"type":"Feature","properties":{"name":null,"kind":"track"},"geometry":{"type":"LineString","coordinates":[[121.5856226,25.187719100000002],[121.58619809999999,25.188109499999996],[121.58653820000002,25.188140799999992],[121.58675,25.187960199999996],[121.58681310000001,25.187370499999997],[121.58694549999998,25.1871327]]}},{"type":"Feature","properties":{"name":null,"kind":"path"},"geometry":{"type":"LineString","coordinates":[[121.5877812,25.18752649999999],[121.58766580000001,25.1877802],[121.58769850000002,25.1880422],[121.58760970000002,25.188354899999997],[121.58788059999999,25.18841829999999],[121.5882215,25.188638100000002],[121.58848819999999,25.188270099999993]]}},{"type":"Feature","properties":{"name":null,"kind":"service"},"geometry":{"type":"LineString","coordinates":[[121.5886059,25.1885948],[121.58840170000002,25.1876724]]}},{"type":"Feature","properties":{"name":null,"kind":"path"},"geometry":{"type":"LineString","coordinates":[[121.5884343,25.188898699999996],[121.5883839,25.1887958],[121.58853380000001,25.1884509]]}},{"type":"Feature","properties":{"name":null,"kind":"residential"},"geometry":{"type":"LineString","coordinates":[[121.58873690000001,25.1891155],[121.5883541,25.1892586]]}},{"type":"Feature","properties":{"name":null,"kind":"residential"},"geometry":{"type":"LineString","coordinates":[[121.5883541,25.1892586],[121.58815090000002,25.189387600000003]]}},{"type":"Feature","properties":{"name":null,"kind":"path"},"geometry":{"type":"LineString","coordinates":[[121.58815090000002,25.189387600000003],[121.58811670000001,25.189587999999997],[121.58838760000002,25.1902312]]}},{"type":"Feature","properties":{"name":null,"kind":"path"},"geometry":{"type":"LineString","coordinates":[[121.5838461,25.1796556],[121.5839639,25.1789545],[121.5841959,25.178723499999997],[121.5845416,25.178608099999998],[121.5845694,25.1784023],[121.5847689,25.178183999999998],[121.5847596,25.1779741],[121.58490340000002,25.177703199999996],[121.58485709999998,25.17762979999999],[121.58501480000001,25.1776004],[121.5850735,25.177317099999996]]}},{"type":"Feature","properties":{"name":null,"kind":"footway"},"geometry":{"type":"LineString","coordinates":[[121.5831233,25.1781339],[121.58309280000002,25.1780898],[121.58297799999998,25.178154799999998],[121.5825295,25.1788422],[121.5825119,25.179468499999995]]}},{"type":"Feature","properties":{"name":null,"kind":"service"},"geometry":{"type":"LineString","coordinates":[[121.5831233,25.1781339],[121.5830033,25.17818949999999],[121.58257049999999,25.17886469999999],[121.58248440000001,25.179565499999995]]}},{"type":"Feature","properties":{"name":null,"kind":"path"},"geometry":{"type":"LineString","coordinates":[[121.5836051,25.1790131],[121.5836295,25.179937000000002],[121.58291609999999,25.1806797],[121.5828142,25.180951599999997],[121.5828463,25.181102099999993],[121.5831467,25.181238],[121.58347930000001,25.181684599999993],[121.58410159999998,25.182170100000004],[121.5842089,25.1823206],[121.5842565,25.182938799999995]]}},{"type":"Feature","properties":{"name":null,"kind":"path"},"geometry":{"type":"LineString","coordinates":[[121.58434780000002,25.182699399999997],[121.5845016,25.1826481],[121.5846432,25.182708900000005],[121.58472110000001,25.182936299999994],[121.5849688,25.182936299999998],[121.5851529,25.1830805],[121.58548550000002,25.183045199999988],[121.5855174,25.183093299999992],[121.58543249999998,25.183112499999996],[121.58552450000002,25.183195799999993],[121.58603060000002,25.182990800000002],[121.5862063,25.1830495]]}},{"type":"Feature","properties":{"name":"山腰艱難路段","kind":"path"},"geometry":{"type":"LineString","coordinates":[[121.5848529,25.182936300000005],[121.58483470000002,25.183206899999995],[121.5847664,25.1832481],[121.5848916,25.183395899999997],[121.5849432,25.183654199999996],[121.584853,25.183697499999997],[121.58511920000001,25.183796799999996],[121.5851086,25.1839037],[121.58533079999998,25.1840379],[121.58526770000002,25.184126599999995],[121.5853087,25.184353699999996],[121.5851817,25.184470899999997]]}},{"type":"Feature","properties":{"name":null,"kind":"path"},"geometry":{"type":"LineString","coordinates":[[121.58460820000002,25.183652],[121.58472430000002,25.184306000000003],[121.5845655,25.18445390000001],[121.5843227,25.184931400000004],[121.58430400000002,25.1853329],[121.5846776,25.185928799999996],[121.58599919999999,25.186131600000003],[121.58622800000002,25.1869177],[121.5860926,25.187124699999995],[121.58603190000001,25.1874206],[121.5856226,25.187719100000002]]}},{"type":"Feature","properties":{"name":null,"kind":"path"},"geometry":{"type":"LineString","coordinates":[[121.58509670000001,25.1918601],[121.5848977,25.1924857],[121.5849299,25.193074999999997]]}},{"type":"Feature","properties":{"name":null,"kind":"path"},"geometry":{"type":"LineString","coordinates":[[121.5838568,25.194167100000005],[121.58347900000001,25.194128100000004],[121.5833823,25.194010699999993],[121.5833204,25.194027599999995],[121.58334360000002,25.193913900000002],[121.58313090000001,25.193874100000002],[121.5831326,25.193824800000005]]}},{"type":"Feature","properties":{"name":null,"kind":"path"},"geometry":{"type":"LineString","coordinates":[[121.58882870000001,25.208707099999998],[121.58840440000002,25.208397],[121.5881187,25.208343599999996],[121.5875924,25.207911600000003],[121.58715780000001,25.207756299999996],[121.58697540000001,25.207615500000003],[121.58670719999999,25.207631299999996],[121.58654489999999,25.207541499999998],[121.5864953,25.207323099999996],[121.5862942,25.2072855],[121.58612520000001,25.2070634],[121.5861305,25.2067273],[121.58558879999998,25.2060004],[121.5857148,25.205707999999994],[121.58558060000001,25.204887700000004],[121.58569200000001,25.204557799999996],[121.5855123,25.2042313],[121.5850282,25.2038831],[121.5842865,25.202959600000003],[121.5839687,25.2027194],[121.5832405,25.202521599999997],[121.58269730000002,25.201672099999996],[121.5825283,25.201562999999997],[121.5822917,25.201090299999997]]}},{"type":"Feature","properties":{"name":null,"kind":"track"},"geometry":{"type":"LineString","coordinates":[[121.5897913,25.1909852],[121.59006170000002,25.191164299999993],[121.59019910000002,25.191417400000002],[121.58980829999999,25.191314699999996],[121.58957060000002,25.1913738]]}},{"type":"Feature","properties":{"name":"八煙溫泉步道","kind":"track"},"geometry":{"type":"LineString","coordinates":[[121.58957060000002,25.1913738],[121.58951150000001,25.191379799999996],[121.5894186,25.191922199999993],[121.5889591,25.191818],[121.588393,25.1920479],[121.58826559999999,25.1924447]]}},{"type":"Feature","properties":{"name":"八煙溫泉步道","kind":"path"},"geometry":{"type":"LineString","coordinates":[[121.58891000000001,25.197730799999995],[121.58885429999998,25.1975154],[121.58905279999999,25.197306100000002],[121.5890134,25.197205599999997],[121.58879270000001,25.1971168],[121.5887008,25.1966546],[121.58899409999998,25.196215099999996],[121.58918960000001,25.1960916],[121.5893668,25.195509199999993],[121.5896509,25.1953858],[121.59003270000001,25.194962999999998],[121.5900459,25.1946635],[121.5901976,25.194564000000007],[121.59020270000002,25.1942175],[121.5893422,25.193841600000003],[121.58886359999998,25.193904200000002],[121.5883524,25.193715300000004],[121.5878911,25.1938978],[121.5877608,25.193882999999996]]}},{"type":"Feature","properties":{"name":"越溪處","kind":"path"},"geometry":{"type":"LineString","coordinates":[[121.5889972,25.197795699999993],[121.58891000000001,25.197730799999995]]}},{"type":"Feature","properties":{"name":"八煙溫泉步道","kind":"path"},"geometry":{"type":"LineString","coordinates":[[121.5921843,25.2019901],[121.5921387,25.201589599999995],[121.5923855,25.201029],[121.59237739999999,25.20080579999999],[121.592305,25.200480499999998],[121.5917283,25.199706400000004],[121.5904831,25.199192900000003],[121.5900467,25.198830699999995],[121.58950320000001,25.198598599999997],[121.5889972,25.197795699999993]]}},{"type":"Feature","properties":{"name":null,"kind":"path"},"geometry":{"type":"LineString","coordinates":[[121.58889590000001,25.2087707],[121.58882870000001,25.208707099999998]]}},{"type":"Feature","properties":{"name":null,"kind":"path"},"geometry":{"type":"LineString","coordinates":[[121.58963490000001,25.2093185],[121.58889590000001,25.2087707]]}},{"type":"Feature","properties":{"name":null,"kind":"path"},"geometry":{"type":"LineString","coordinates":[[121.58968440000001,25.2093314],[121.58963490000001,25.2093185]]}},{"type":"Feature","properties":{"name":null,"kind":"path"},"geometry":{"type":"LineString","coordinates":[[121.58982380000002,25.209367699999994],[121.58968440000001,25.2093314]]}},{"type":"Feature","properties":{"name":null,"kind":"unclassified"},"geometry":{"type":"LineString","coordinates":[[121.59314480000002,25.208607700000005],[121.5922875,25.208730499999998],[121.5912456,25.2086439],[121.59045960000002,25.2088434],[121.590119,25.209175899999998],[121.5897373,25.2094144],[121.58942160000001,25.2100471],[121.5888548,25.210394800000003],[121.5885424,25.210423999999993],[121.58778190000001,25.210285600000002],[121.58732950000001,25.210367400000003],[121.5868172,25.210233900000002]]}},{"type":"Feature","properties":{"name":"山城路17巷","kind":"service"},"geometry":{"type":"LineString","coordinates":[[121.5955384,25.2010803],[121.59644579999998,25.2016775]]}},{"type":"Feature","properties":{"name":"名流路","kind":"service"},"geometry":{"type":"LineString","coordinates":[[121.5952154,25.201555599999995],[121.5957655,25.201900700000003],[121.595898,25.2025144],[121.59629099999998,25.203041],[121.5965179,25.203196699999996]]}},{"type":"Feature","properties":{"name":null,"kind":"residential"},"geometry":{"type":"LineString","coordinates":[[121.5921843,25.2019901],[121.59198,25.202067099999997],[121.5919134,25.2022498],[121.59256250000001,25.2035299],[121.5924897,25.203978999999997],[121.59263230000002,25.2044574]]}},{"type":"Feature","properties":{"name":null,"kind":"footway"},"geometry":{"type":"LineString","coordinates":[[121.59235160000001,25.203041699999996],[121.5925947,25.203392799999996],[121.5926487,25.203894999999996]]}},{"type":"Feature","properties":{"name":null,"kind":"residential"},"geometry":{"type":"LineString","coordinates":[[121.5942172,25.205137200000003],[121.59370010000002,25.204336599999994],[121.5935437,25.203950399999997],[121.5932867,25.2036501],[121.59308360000001,25.203169299999995],[121.5928602,25.202849199999996],[121.5924541,25.202470300000005],[121.5921843,25.2019901]]}},{"type":"Feature","properties":{"name":null,"kind":"service"},"geometry":{"type":"LineString","coordinates":[[121.59263230000002,25.2044574],[121.592773,25.20482219999999]]}},{"type":"Feature","properties":{"name":"中信北路1巷","kind":"residential"},"geometry":{"type":"LineString","coordinates":[[121.5959436,25.203863199999997],[121.5953628,25.2040185],[121.5953015,25.2041249],[121.5953303,25.204837799999996],[121.5955956,25.205851999999997],[121.59599150000001,25.2064991],[121.5962158,25.2066686],[121.59652859999998,25.2066035],[121.5969697,25.206287099999997]]}},{"type":"Feature","properties":{"name":null,"kind":"service"},"geometry":{"type":"LineString","coordinates":[[121.592773,25.20482219999999],[121.59271,25.205066100000003],[121.5928441,25.205598799999997],[121.592989,25.205807499999995]]}},{"type":"Feature","properties":{"name":"中信北路1巷","kind":"residential"},"geometry":{"type":"LineString","coordinates":[[121.595442,25.205340499999995],[121.5956418,25.2054575],[121.5956391,25.2055911],[121.5955332,25.2056972]]}},{"type":"Feature","properties":{"name":null,"kind":"unclassified"},"geometry":{"type":"LineString","coordinates":[[121.59373590000001,25.207987700000007],[121.5934915,25.2080744]]}},{"type":"Feature","properties":{"name":null,"kind":"service"},"geometry":{"type":"LineString","coordinates":[[121.58712660000002,25.189669000000002],[121.5869303,25.190168899999996],[121.5866255,25.19040989999999],[121.58668890000001,25.191189999999988],[121.5864217,25.191487999999996],[121.58641760000002,25.191683799999993],[121.58637870000001,25.191738499999996],[121.585979,25.1917215],[121.58579160000001,25.191857200000005]]}},{"type":"Feature","properties":{"name":"八煙營區往下七股山","kind":"path"},"geometry":{"type":"LineString","coordinates":[[121.5870962,25.189775300000004],[121.587003,25.1897292],[121.5867383,25.1897794],[121.5864131,25.190034899999997],[121.5862253,25.190084300000002],[121.58572490000002,25.190090299999998],[121.58521909999999,25.190429399999996],[121.58508409999999,25.1905963],[121.585087,25.190845000000003],[121.58492219999998,25.19121399999999],[121.5850386,25.1913816],[121.58508739999999,25.191848700000005],[121.5855999,25.1924326],[121.5858385,25.1924105]]}},{"type":"Feature","properties":{"name":null,"kind":"service"},"geometry":{"type":"LineString","coordinates":[[121.58668890000001,25.191189999999988],[121.5881544,25.1913669],[121.5883974,25.191243300000004],[121.5880376,25.190830699999996]]}},{"type":"Feature","properties":{"name":null,"kind":"path"},"geometry":{"type":"LineString","coordinates":[[121.58829760000002,25.192286500000005],[121.5881822,25.1922192],[121.58789020000002,25.192277699999998],[121.5869215,25.1925897],[121.5864833,25.1924789],[121.5862681,25.1924971],[121.58585249999999,25.1922414],[121.58584799999998,25.1924562]]}},{"type":"Feature","properties":{"name":null,"kind":"path"},"geometry":{"type":"LineString","coordinates":[[121.5877505,25.193426999999996],[121.58768910000002,25.193340900000003],[121.58752099999998,25.193396000000003],[121.58739079999998,25.193253899999995],[121.5872645,25.193229399999993],[121.58726259999999,25.193055800000003],[121.5869186,25.1925891]]}},{"type":"Feature","properties":{"name":null,"kind":"path"},"geometry":{"type":"LineString","coordinates":[[121.58826559999999,25.1924447],[121.5884145,25.192684999999994],[121.5883434,25.192839099999997],[121.5877959,25.193323100000004],[121.5875136,25.1937788],[121.58751520000001,25.1938445],[121.5877608,25.193882999999996]]}},{"type":"Feature","properties":{"name":null,"kind":"unclassified"},"geometry":{"type":"LineString","coordinates":[[121.5868172,25.210233900000002],[121.58661599999999,25.2100641]]}},{"type":"Feature","properties":{"name":null,"kind":"track"},"geometry":{"type":"LineString","coordinates":[[121.5877063,25.210296999999994],[121.58774260000001,25.210498499999996],[121.5878364,25.210588299999998],[121.58822539999998,25.2107048],[121.5888396,25.2111537],[121.58920709999998,25.211309]]}},{"type":"Feature","properties":{"name":null,"kind":"track"},"geometry":{"type":"LineString","coordinates":[[121.588456,25.2108431],[121.58850970000002,25.211095499999995],[121.5884614,25.211197399999996],[121.58773180000001,25.211059099999993],[121.58746900000001,25.2111804]]}},{"type":"Feature","properties":{"name":null,"kind":"track"},"geometry":{"type":"LineString","coordinates":[[121.5877145,25.229470399999993],[121.5876018,25.229615999999996],[121.5877479,25.229850099999997],[121.5881664,25.2299059],[121.58828440000002,25.2300248],[121.5887269,25.2298501],[121.58922719999998,25.2299217],[121.58957180000002,25.2298841],[121.58961210000001,25.229663299999995],[121.58976230000002,25.229541900000005],[121.5899675,25.229543200000002]]}},{"type":"Feature","properties":{"name":null,"kind":"unclassified"},"geometry":{"type":"LineString","coordinates":[[121.5934915,25.2080744],[121.5932521,25.208480699999996]]}},{"type":"Feature","properties":{"name":null,"kind":"unclassified"},"geometry":{"type":"LineString","coordinates":[[121.5932521,25.208480699999996],[121.59314480000002,25.208607700000005]]}},{"type":"Feature","properties":{"name":null,"kind":"unclassified"},"geometry":{"type":"LineString","coordinates":[[121.59585560000001,25.212324200000005],[121.5956583,25.2119332],[121.59537,25.2118046],[121.5949656,25.211196200000003],[121.5948995,25.211358899999997],[121.5950241,25.211727399999994]]}},{"type":"Feature","properties":{"name":null,"kind":"unclassified"},"geometry":{"type":"LineString","coordinates":[[121.5926254,25.210807799999998],[121.59257660000002,25.2106595],[121.5923727,25.210643399999995],[121.5922621,25.2107399],[121.592274,25.2110221],[121.59297290000002,25.211647400000004],[121.5932296,25.211568799999995],[121.59384729999998,25.212233000000005],[121.5944079,25.2125697],[121.59441460000001,25.212755299999998],[121.5941813,25.212944299999993]]}},{"type":"Feature","properties":{"name":null,"kind":"unclassified"},"geometry":{"type":"LineString","coordinates":[[121.59576970000002,25.212539200000002],[121.5957897,25.2123926],[121.59590980000002,25.2122804],[121.596054,25.212211499999995],[121.5963232,25.212258300000002]]}},{"type":"Feature","properties":{"name":null,"kind":"unclassified"},"geometry":{"type":"LineString","coordinates":[[121.5941813,25.212944299999993],[121.5957594,25.212578199999996]]}},{"type":"Feature","properties":{"name":null,"kind":"unclassified"},"geometry":{"type":"LineString","coordinates":[[121.5941813,25.212944299999993],[121.5941879,25.213024699999995],[121.5944669,25.2129895],[121.593773,25.2133257],[121.5935884,25.213685899999998],[121.5938567,25.2139189],[121.59434350000001,25.2140245],[121.5943472,25.214159099999996]]}},{"type":"Feature","properties":{"name":null,"kind":"track"},"geometry":{"type":"LineString","coordinates":[[121.5925384,25.218147300000005],[121.5921843,25.218232200000003],[121.5919161,25.218069599999996],[121.591908,25.2179726],[121.59208510000002,25.2178027]]}},{"type":"Feature","properties":{"name":null,"kind":"track"},"geometry":{"type":"LineString","coordinates":[[121.59351690000001,25.21965459999999],[121.5935308,25.219535300000004],[121.59296750000001,25.2192805],[121.59283340000002,25.219154299999992],[121.5928441,25.21887529999999],[121.59267509999998,25.218237099999996],[121.5925384,25.218147300000005],[121.59258130000002,25.217926499999997],[121.5930614,25.217647399999997]]}},{"type":"Feature","properties":{"name":null,"kind":"track"},"geometry":{"type":"LineString","coordinates":[[121.5935099,25.219756999999998],[121.5956055,25.2196348]]}},{"type":"Feature","properties":{"name":null,"kind":"residential"},"geometry":{"type":"LineString","coordinates":[[121.5953775,25.229658400000005],[121.59517909999998,25.229396299999998],[121.59557360000001,25.228585699999996]]}},{"type":"Feature","properties":{"name":null,"kind":"residential"},"geometry":{"type":"LineString","coordinates":[[121.59208100000001,25.231142099999996],[121.5921387,25.231812999999995],[121.59237470000001,25.2319901],[121.59277199999998,25.2320266]]}},{"type":"Feature","properties":{"name":null,"kind":"residential"},"geometry":{"type":"LineString","coordinates":[[121.5947027,25.2327096],[121.59451449999999,25.2322799],[121.5942079,25.2321113],[121.59361410000001,25.232046299999997],[121.5933185,25.2321937],[121.59277199999998,25.2320266]]}},{"type":"Feature","properties":{"name":null,"kind":"residential"},"geometry":{"type":"LineString","coordinates":[[121.59541899999999,25.232026499999996],[121.59541899999999,25.2319125],[121.5953493,25.231914899999996],[121.5949094,25.232130800000004],[121.59501,25.232838799999996],[121.59486520000002,25.232962599999997]]}},{"type":"Feature","properties":{"name":null,"kind":"residential"},"geometry":{"type":"LineString","coordinates":[[121.59482140000001,25.2328378],[121.5947027,25.2327096]]}},{"type":"Feature","properties":{"name":null,"kind":"unclassified"},"geometry":{"type":"LineString","coordinates":[[121.59330980000001,25.233759],[121.5932924,25.233737800000004]]}},{"type":"Feature","properties":{"name":null,"kind":"service"},"geometry":{"type":"LineString","coordinates":[[121.59553189999998,25.2335532],[121.59538960000002,25.233962499999997],[121.5952179,25.2341323],[121.5951857,25.234413799999995],[121.59492970000001,25.2345138]]}},{"type":"Feature","properties":{"name":null,"kind":"unclassified"},"geometry":{"type":"LineString","coordinates":[[121.5915745,25.2377783],[121.59170290000002,25.2376451],[121.59227129999998,25.237744599999996],[121.592544,25.237662799999995],[121.59234079999999,25.2370447],[121.5923784,25.23690029999999],[121.59286520000002,25.236132399999995],[121.59378389999999,25.235459199999998],[121.59388980000001,25.234978799999997],[121.59330980000001,25.233759]]}},{"type":"Feature","properties":{"name":null,"kind":"residential"},"geometry":{"type":"LineString","coordinates":[[121.5958833,25.2389662],[121.59628610000001,25.23822639999999],[121.5955537,25.237790999999998],[121.59559960000001,25.237445599999994],[121.59552730000001,25.2371912],[121.5953769,25.2370852],[121.5953379,25.2368043],[121.59497259999999,25.236782199999997],[121.59481440000002,25.2363882],[121.59476860000001,25.235670999999996],[121.59500490000002,25.235290300000003],[121.59506539999998,25.234836200000004],[121.59492970000001,25.2345138],[121.5950019,25.233388399999992],[121.5951699,25.233285099999996],[121.59488190000002,25.233038199999996],[121.59482140000001,25.2328378]]}},{"type":"Feature","properties":{"name":null,"kind":"service"},"geometry":{"type":"LineString","coordinates":[[121.5958462,25.2353146],[121.5959017,25.235871999999997],[121.59607420000002,25.236122799999993],[121.59663500000002,25.236618899999996],[121.5964933,25.237700299999997],[121.59628610000001,25.23822639999999]]}},{"type":"Feature","properties":{"name":null,"kind":"path"},"geometry":{"type":"LineString","coordinates":[[121.5932089,25.226323299999997],[121.5931647,25.226403500000004],[121.59332030000002,25.226636399999993],[121.59327740000002,25.226733499999995],[121.59295550000002,25.227112],[121.5927999,25.2271702],[121.5927463,25.227315799999996],[121.59244049999998,25.227485700000003],[121.59209720000001,25.227844799999996],[121.5920596,25.2282621],[121.59174310000002,25.228233],[121.5914749,25.228368899999996],[121.5916734,25.228533899999995],[121.59130329999999,25.228747400000003],[121.5912121,25.229339399999997],[121.59130860000002,25.2298587],[121.5912764,25.2300916],[121.59076149999999,25.2301013]]}},{"type":"Feature","properties":{"name":null,"kind":"track"},"geometry":{"type":"LineString","coordinates":[[121.59009750000001,25.229110100000007],[121.5901807,25.229207100000004],[121.59023700000002,25.229658399999998]]}},{"type":"Feature","properties":{"name":null,"kind":"track"},"geometry":{"type":"LineString","coordinates":[[121.5888879,25.228508299999994],[121.58880470000001,25.2286685],[121.58853649999999,25.228656300000004],[121.58849890000002,25.228729099999995],[121.5888208,25.228925599999997],[121.58960400000001,25.22869760000001],[121.5901351,25.228913499999997],[121.589942,25.229396400000002],[121.5899675,25.229543200000002],[121.59032549999999,25.2297166],[121.5903443,25.229944699999997],[121.59041669999999,25.229964100000004],[121.5905723,25.229682699999998],[121.5906554,25.2296414],[121.5907091,25.22969970000001],[121.5908366,25.230431300000003],[121.5907829,25.2307904],[121.5908942,25.231256100000003],[121.5914856,25.2311482],[121.59153520000001,25.231194299999995],[121.59208100000001,25.231142099999996],[121.5926982,25.2309881]]}},{"type":"Feature","properties":{"name":null,"kind":"path"},"geometry":{"type":"LineString","coordinates":[[121.5908942,25.231256100000003],[121.5910188,25.231750899999998],[121.59064330000001,25.231525299999994],[121.5905333,25.2315592],[121.59050919999999,25.231779999999993],[121.5906486,25.2321828],[121.59059500000001,25.2324254],[121.5907559,25.2328621],[121.59074250000002,25.233014999999998],[121.59061110000002,25.233189699999997],[121.5900881,25.2332892],[121.5895248,25.233061100000004],[121.5894229,25.232893699999998],[121.5890347,25.232678199999995]]}},{"type":"Feature","properties":{"name":null,"kind":"service"},"geometry":{"type":"LineString","coordinates":[[121.592551,25.232504000000002],[121.5923034,25.232483699999996],[121.59220010000001,25.232665099999995],[121.5919307,25.232712700000004],[121.5918153,25.232553300000003],[121.59157630000001,25.2326394],[121.59140620000001,25.232463599999996]]}},{"type":"Feature","properties":{"name":null,"kind":"track"},"geometry":{"type":"LineString","coordinates":[[121.5898561,25.2320799],[121.5898159,25.232560299999996],[121.5895557,25.2325651],[121.5890716,25.232406200000003],[121.58870279999998,25.232032600000004],[121.5882039,25.232387999999997],[121.5885727,25.232745899999994],[121.58884229999998,25.232560299999996],[121.5890347,25.232678199999995],[121.58917760000001,25.233292899999995],[121.589419,25.233705299999997],[121.5895693,25.234214600000005],[121.58947110000001,25.234442799999997]]}},{"type":"Feature","properties":{"name":null,"kind":"service"},"geometry":{"type":"LineString","coordinates":[[121.5889549,25.233989399999995],[121.5890971,25.2343459],[121.589763,25.2345758],[121.59025130000002,25.235038299999996],[121.59018849999998,25.235197799999998],[121.5899071,25.235251000000005],[121.58988300000001,25.2353165],[121.59006810000001,25.2359763],[121.5906474,25.2362626],[121.5910122,25.236277099999995],[121.5916077,25.2365586],[121.5919366,25.236860899999996],[121.59234079999999,25.2370447]]}},{"type":"Feature","properties":{"name":null,"kind":"residential"},"geometry":{"type":"LineString","coordinates":[[121.588392,25.235690199999993],[121.5884574,25.236030999999997],[121.5892204,25.236968799999993],[121.590695,25.237660000000005]]}},{"type":"Feature","properties":{"name":null,"kind":"tertiary"},"geometry":{"type":"LineString","coordinates":[[121.5888655,25.24181889999999],[121.5886357,25.2405581],[121.58900720000001,25.240025500000005],[121.5893539,25.239209099999997],[121.5895698,25.23895499999999],[121.58958990000001,25.2383309],[121.58993150000002,25.237567499999997],[121.5901703,25.2375239],[121.5905964,25.237671099999996],[121.59096990000002,25.2376139],[121.5913586,25.237815400000002],[121.5915745,25.2377783]]}},{"type":"Feature","properties":{"name":null,"kind":"service"},"geometry":{"type":"LineString","coordinates":[[121.5924993,25.2374342],[121.5927916,25.237657699999996],[121.59331190000002,25.238341699999996],[121.5933363,25.2386653],[121.59324059999999,25.238852399999995]]}},{"type":"Feature","properties":{"name":null,"kind":"service"},"geometry":{"type":"LineString","coordinates":[[121.5958833,25.2389662],[121.5958696,25.239248],[121.59555580000001,25.239969699999993],[121.5954861,25.240453799999997],[121.5955089,25.240564099999997],[121.59592190000001,25.240763100000002]]}},{"type":"Feature","properties":{"name":"中山路295巷","kind":"service"},"geometry":{"type":"LineString","coordinates":[[121.63599460000002,25.223368899999997],[121.6354163,25.222847600000005]]}},{"type":"Feature","properties":{"name":null,"kind":"footway"},"geometry":{"type":"LineString","coordinates":[[121.63454039999999,25.223329799999995],[121.6343697,25.2232388],[121.634475,25.2230895],[121.6346395,25.223200599999995],[121.63454039999999,25.223329799999995]]}},{"type":"Feature","properties":{"name":"中山路313巷","kind":"residential"},"geometry":{"type":"LineString","coordinates":[[121.63496250000001,25.222882000000002],[121.6355076,25.2235213],[121.63573890000002,25.2236876]]}},{"type":"Feature","properties":{"name":null,"kind":"footway"},"geometry":{"type":"LineString","coordinates":[[121.63461550000001,25.223281300000004],[121.63482990000001,25.223329900000003]]}},{"type":"Feature","properties":{"name":null,"kind":"footway"},"geometry":{"type":"LineString","coordinates":[[121.63406970000001,25.2233716],[121.6342012,25.2232727],[121.634381,25.2232639]]}},{"type":"Feature","properties":{"name":null,"kind":"footway"},"geometry":{"type":"LineString","coordinates":[[121.63415949999998,25.223302399999998],[121.6344286,25.223312899999993]]}},{"type":"Feature","properties":{"name":null,"kind":"footway"},"geometry":{"type":"MultiLineString","coordinates":[[[121.6348135,25.2235445],[121.6347761,25.223553799999998]],[[121.6347761,25.223553799999998],[121.63419270000001,25.223698099999996],[121.6340029,25.223037600000005],[121.6346507,25.222990700000004],[121.63476720000001,25.223178399999995],[121.6347761,25.223553799999998]]]}},{"type":"Feature","properties":{"name":"八德街","kind":"residential"},"geometry":{"type":"LineString","coordinates":[[121.63550329999998,25.223938099999998],[121.6348135,25.2235445],[121.63483360000001,25.2232812],[121.63468440000001,25.222919399999995]]}},{"type":"Feature","properties":{"name":"田心街","kind":"service"},"geometry":{"type":"LineString","coordinates":[[121.6328401,25.2235954],[121.63406970000001,25.2233716]]}},{"type":"Feature","properties":{"name":null,"kind":"footway"},"geometry":{"type":"LineString","coordinates":[[121.6346039,25.223528399999996],[121.6345634,25.223542700000003]]}},{"type":"Feature","properties":{"name":null,"kind":"service"},"geometry":{"type":"LineString","coordinates":[[121.62033390000002,25.220246200000002],[121.6206383,25.220163099999997],[121.6208556,25.2204088],[121.6211319,25.220517999999995],[121.6218126,25.220978499999994]]}},{"type":"Feature","properties":{"name":null,"kind":"track"},"geometry":{"type":"LineString","coordinates":[[121.62813400000002,25.222620999999997],[121.6278266,25.222089899999997],[121.627414,25.2215789],[121.626899,25.2214186],[121.6258689,25.221290799999995],[121.62426010000001,25.221436100000002],[121.6235152,25.221431099999997],[121.62325149999998,25.221759199999994]]}},{"type":"Feature","properties":{"name":null,"kind":"service"},"geometry":{"type":"LineString","coordinates":[[121.6210509,25.221906499999996],[121.62122710000001,25.2221797],[121.62098050000002,25.222573299999997]]}},{"type":"Feature","properties":{"name":null,"kind":"service"},"geometry":{"type":"LineString","coordinates":[[121.62232700000001,25.222940899999998],[121.62202120000002,25.222801400000005],[121.62148960000002,25.222399400000004],[121.6213857,25.222205599999995],[121.62122710000001,25.2221797]]}},{"type":"Feature","properties":{"name":null,"kind":"service"},"geometry":{"type":"LineString","coordinates":[[121.623995,25.223306699999995],[121.6237268,25.2233731],[121.62325469999999,25.223188700000005],[121.6227881,25.223203299999998]]}},{"type":"Feature","properties":{"name":null,"kind":"service"},"geometry":{"type":"LineString","coordinates":[[121.63018740000001,25.227211999999998],[121.6296004,25.2265266],[121.62893939999998,25.225943999999995],[121.6286886,25.225574000000005],[121.6283808,25.2244432],[121.6283034,25.223526899999996],[121.62712859999999,25.223647],[121.6269382,25.223483799999997],[121.6264561,25.223432800000005],[121.6262536,25.223912700000003],[121.62511280000001,25.224246500000003],[121.62469579999998,25.223885000000003],[121.6245617,25.2236536],[121.62422919999999,25.2235238],[121.62374370000002,25.223060999999998],[121.62352710000002,25.222421599999997],[121.6235774,25.222091600000002],[121.6231489,25.2216791],[121.6227928,25.2216415],[121.6222573,25.221712099999994],[121.6216609,25.2215365],[121.6210509,25.221906499999996],[121.6206813,25.221472800000004],[121.6202843,25.2211489]]}},{"type":"Feature","properties":{"name":null,"kind":"service"},"geometry":{"type":"LineString","coordinates":[[121.62210539999998,25.2254121],[121.62273980000002,25.224225599999997]]}},{"type":"Feature","properties":{"name":null,"kind":"service"},"geometry":{"type":"LineString","coordinates":[[121.62280989999998,25.2256292],[121.62271379999999,25.225335899999997],[121.6234232,25.2249958],[121.6236479,25.2247668],[121.62392290000001,25.224804900000002]]}},{"type":"Feature","properties":{"name":null,"kind":"service"},"geometry":{"type":"LineString","coordinates":[[121.6148779,25.223434],[121.61474419999999,25.223397999999996],[121.61442719999998,25.223518500000004],[121.6146198,25.2237477],[121.6160461,25.224424099999993],[121.6166214,25.224563600000003],[121.61758699999999,25.225061699999998],[121.6183836,25.225158499999992],[121.6192387,25.224889100000002],[121.61942960000002,25.2248867],[121.6198232,25.225015300000003],[121.6203382,25.225034700000002],[121.62136519999999,25.225378900000003],[121.6216016,25.2253871],[121.6218657,25.225289499999995],[121.6224478,25.225557],[121.62280989999998,25.2256292],[121.62303990000001,25.2259161],[121.62339590000002,25.2259998],[121.6236923,25.2263346],[121.62359380000001,25.226646399999993],[121.624332,25.227652199999998],[121.62462979999998,25.2278511],[121.6250542,25.227816600000004]]}},{"type":"Feature","properties":{"name":null,"kind":"service"},"geometry":{"type":"LineString","coordinates":[[121.62331379999999,25.2264884],[121.62302420000002,25.2262651],[121.6228471,25.226265100000003],[121.6226219,25.226405899999996],[121.62216590000001,25.226168000000005],[121.6215598,25.226017599999995],[121.62079819999998,25.2260078],[121.62031119999999,25.2258816]]}},{"type":"Feature","properties":{"name":null,"kind":"footway"},"geometry":{"type":"LineString","coordinates":[[121.6346845,25.2235764],[121.6346039,25.223528399999996]]}},{"type":"Feature","properties":{"name":"環金路297巷","kind":"service"},"geometry":{"type":"LineString","coordinates":[[121.6300992,25.223318],[121.6300306,25.223432099999997],[121.630111,25.223543699999997],[121.63059179999999,25.2238606]]}},{"type":"Feature","properties":{"name":"文化一路3巷","kind":"service"},"geometry":{"type":"LineString","coordinates":[[121.636039,25.2238846],[121.63576279999998,25.224138799999995]]}},{"type":"Feature","properties":{"name":"中山路343巷","kind":"service"},"geometry":{"type":"LineString","coordinates":[[121.63502139999999,25.2242809],[121.63472800000001,25.2239001],[121.63404689999999,25.224306399999996],[121.6340284,25.224201099999995],[121.6335814,25.224282699999993]]}},{"type":"Feature","properties":{"name":null,"kind":"service"},"geometry":{"type":"LineString","coordinates":[[121.6335256,25.2240871],[121.6330922,25.224256600000004]]}},{"type":"Feature","properties":{"name":"文化三路1巷","kind":"service"},"geometry":{"type":"LineString","coordinates":[[121.6356651,25.2245854],[121.63529949999999,25.2240918]]}},{"type":"Feature","properties":{"name":null,"kind":"footway"},"geometry":{"type":"LineString","coordinates":[[121.6360956,25.2246712],[121.63577320000002,25.224490800000005]]}},{"type":"Feature","properties":{"name":"中山路","kind":"tertiary"},"geometry":{"type":"LineString","coordinates":[[121.63573890000002,25.2236876],[121.63546389999999,25.22398],[121.6330425,25.225549100000002]]}},{"type":"Feature","properties":{"name":"文化三路32巷","kind":"footway"},"geometry":{"type":"LineString","coordinates":[[121.63559470000001,25.224655299999995],[121.6358614,25.224897]]}},{"type":"Feature","properties":{"name":"文化三路","kind":"residential"},"geometry":{"type":"LineString","coordinates":[[121.63428480000002,25.225637099999997],[121.63455600000002,25.225616699999996],[121.63474240000001,25.2254905],[121.6362831,25.224044799999998]]}},{"type":"Feature","properties":{"name":null,"kind":"footway"},"geometry":{"type":"LineString","coordinates":[[121.63498329999999,25.2248635],[121.635138,25.2251084]]}},{"type":"Feature","properties":{"name":"中山路401巷","kind":"service"},"geometry":{"type":"LineString","coordinates":[[121.63320949999999,25.225440600000002],[121.63224019999998,25.224829000000003]]}},{"type":"Feature","properties":{"name":null,"kind":"footway"},"geometry":{"type":"LineString","coordinates":[[121.6360218,25.225391499999997],[121.63606480000001,25.2252287],[121.63556260000001,25.2250029],[121.635393,25.224855299999994]]}},{"type":"Feature","properties":{"name":null,"kind":"footway"},"geometry":{"type":"LineString","coordinates":[[121.635138,25.2251084],[121.63539310000002,25.2253429],[121.63552249999998,25.225203599999997],[121.63556260000001,25.2250029]]}},{"type":"Feature","properties":{"name":null,"kind":"service"},"geometry":{"type":"LineString","coordinates":[[121.6316739,25.2248546],[121.63218349999998,25.2255333]]}},{"type":"Feature","properties":{"name":null,"kind":"service"},"geometry":{"type":"LineString","coordinates":[[121.63406250000001,25.2255109],[121.63492810000001,25.2249113]]}},{"type":"Feature","properties":{"name":"文化三路","kind":"residential"},"geometry":{"type":"LineString","coordinates":[[121.6336712,25.2251407],[121.63428480000002,25.225637099999997]]}},{"type":"Feature","properties":{"name":null,"kind":"service"},"geometry":{"type":"LineString","coordinates":[[121.6327063,25.2255802],[121.63285250000001,25.2254925],[121.63277680000002,25.22539859999999],[121.6326336,25.225476800000003]]}},{"type":"Feature","properties":{"name":"中山路437巷","kind":"service"},"geometry":{"type":"LineString","coordinates":[[121.63223659999998,25.225021099999996],[121.63244900000001,25.225283599999997],[121.63218349999998,25.2255333],[121.6320915,25.2257254],[121.63230169999999,25.226021699999993]]}},{"type":"Feature","properties":{"name":null,"kind":"service"},"geometry":{"type":"LineString","coordinates":[[121.6324533,25.225488399999996],[121.6325722,25.2256542],[121.6327063,25.2255802],[121.6326336,25.225476800000003],[121.6324533,25.225488399999996]]}},{"type":"Feature","properties":{"name":null,"kind":"service"},"geometry":{"type":"LineString","coordinates":[[121.6325722,25.2256542],[121.63266320000001,25.2257911]]}},{"type":"Feature","properties":{"name":"文化二路42巷","kind":"residential"},"geometry":{"type":"LineString","coordinates":[[121.63439510000002,25.225650699999996],[121.6346479,25.2258642]]}},{"type":"Feature","properties":{"name":null,"kind":"service"},"geometry":{"type":"LineString","coordinates":[[121.6320411,25.226188],[121.6314191,25.2254181],[121.63097670000002,25.2256806]]}},{"type":"Feature","properties":{"name":"文化三路66巷","kind":"residential"},"geometry":{"type":"LineString","coordinates":[[121.6337054,25.226211799999994],[121.63428480000002,25.225637099999997]]}},{"type":"Feature","properties":{"name":null,"kind":"footway"},"geometry":{"type":"LineString","coordinates":[[121.6346479,25.2258642],[121.6348232,25.226135399999997],[121.6357875,25.226104899999996],[121.6359823,25.2260783],[121.6359944,25.225730400000003]]}},{"type":"Feature","properties":{"name":"中山路","kind":"tertiary"},"geometry":{"type":"LineString","coordinates":[[121.6308503,25.226936099999996],[121.6330425,25.225549100000002]]}},{"type":"Feature","properties":{"name":null,"kind":"service"},"geometry":{"type":"LineString","coordinates":[[121.62837589999998,25.2242787],[121.62805129999998,25.22436160000001],[121.6273361,25.2248193],[121.62680100000001,25.225039499999998],[121.626457,25.225695299999998],[121.6254291,25.226650699999993],[121.62492950000001,25.2275958],[121.6250824,25.2278772],[121.6250715,25.228589800000005]]}},{"type":"Feature","properties":{"name":"新磺溪橋","kind":"primary"},"geometry":{"type":"LineString","coordinates":[[121.62982880000001,25.228336799999994],[121.62924410000001,25.22659339999999],[121.6291663,25.226021999999993],[121.6293487,25.225366900000004],[121.6299911,25.224562499999998]]}},{"type":"Feature","properties":{"name":null,"kind":"tertiary"},"geometry":{"type":"LineString","coordinates":[[121.6330425,25.225549100000002],[121.6310705,25.227343699999995]]}},{"type":"Feature","properties":{"name":"新磺溪橋","kind":"primary"},"geometry":{"type":"LineString","coordinates":[[121.63009220000002,25.224622899999996],[121.6294305,25.2254785],[121.6292977,25.2260584],[121.6294171,25.226754799999995],[121.6299253,25.228310100000005]]}},{"type":"Feature","properties":{"name":null,"kind":"service"},"geometry":{"type":"LineString","coordinates":[[121.6207808,25.225226399999997],[121.620349,25.225791699999995],[121.6199258,25.226553000000003],[121.6199238,25.2269376],[121.6196672,25.227328999999997]]}},{"type":"Feature","properties":{"name":null,"kind":"service"},"geometry":{"type":"LineString","coordinates":[[121.6220931,25.227367099999995],[121.6217427,25.226868099999994]]}},{"type":"Feature","properties":{"name":null,"kind":"service"},"geometry":{"type":"LineString","coordinates":[[121.6196672,25.227328999999997],[121.6196587,25.2274166]]}},{"type":"Feature","properties":{"name":null,"kind":"service"},"geometry":{"type":"LineString","coordinates":[[121.62359380000001,25.226646399999993],[121.62330480000001,25.226862999999998],[121.6229326,25.227001300000005],[121.62243770000002,25.227432600000004],[121.6220931,25.227367099999995],[121.62142720000001,25.228152399999992]]}},{"type":"Feature","properties":{"name":null,"kind":"service"},"geometry":{"type":"LineString","coordinates":[[121.6196587,25.2274166],[121.61965560000002,25.2274484]]}},{"type":"Feature","properties":{"name":null,"kind":"service"},"geometry":{"type":"LineString","coordinates":[[121.62176389999999,25.227765600000005],[121.6215388,25.227340700000003]]}},{"type":"Feature","properties":{"name":null,"kind":"service"},"geometry":{"type":"LineString","coordinates":[[121.6175769,25.226192999999995],[121.61741670000002,25.226672199999996],[121.6174328,25.226936099999996],[121.6182393,25.2271429],[121.61997420000002,25.227318099999994],[121.62036240000002,25.227429499999996],[121.62068889999999,25.227602399999995],[121.6228495,25.229220899999998]]}},{"type":"Feature","properties":{"name":"三界壇路","kind":"tertiary"},"geometry":{"type":"LineString","coordinates":[[121.6228444,25.229222699999994],[121.6289045,25.227536]]}},{"type":"Feature","properties":{"name":null,"kind":"service"},"geometry":{"type":"LineString","coordinates":[[121.62351269999999,25.2290428],[121.62311400000002,25.228647799999997],[121.62315330000001,25.228509299999995],[121.623091,25.228369000000004]]}},{"type":"Feature","properties":{"name":"清水橋","kind":"service"},"geometry":{"type":"LineString","coordinates":[[121.6250715,25.228589800000005],[121.62505450000002,25.228939600000004]]}},{"type":"Feature","properties":{"name":null,"kind":"service"},"geometry":{"type":"LineString","coordinates":[[121.6310303,25.2268375],[121.63062630000002,25.226292100000002]]}},{"type":"Feature","properties":{"name":"磺溪橋","kind":"tertiary"},"geometry":{"type":"LineString","coordinates":[[121.63028910000001,25.227177700000002],[121.6308503,25.226936099999996]]}},{"type":"Feature","properties":{"name":null,"kind":"residential"},"geometry":{"type":"LineString","coordinates":[[121.6267166,25.226360200000002],[121.62694800000001,25.226579],[121.6269413,25.226713599999997],[121.6274221,25.226783099999995],[121.6275956,25.226923],[121.6276478,25.227275500000005],[121.62789840000002,25.227812299999997]]}},{"type":"Feature","properties":{"name":"三界壇路","kind":"tertiary"},"geometry":{"type":"LineString","coordinates":[[121.62954890000002,25.227361900000002],[121.63028910000001,25.227177700000002]]}},{"type":"Feature","properties":{"name":"中山路360巷","kind":"residential"},"geometry":{"type":"LineString","coordinates":[[121.63728780000001,25.2291531],[121.6341708,25.226672800000003],[121.6330425,25.225549100000002]]}},{"type":"Feature","properties":{"name":null,"kind":"path"},"geometry":{"type":"LineString","coordinates":[[121.63140540000002,25.227332100000005],[121.631652,25.227446899999993]]}},{"type":"Feature","properties":{"name":"三界壇路","kind":"tertiary"},"geometry":{"type":"LineString","coordinates":[[121.62918140000001,25.22746119999999],[121.62954890000002,25.227361900000002]]}},{"type":"Feature","properties":{"name":"清水橋","kind":"tertiary"},"geometry":{"type":"LineString","coordinates":[[121.6289045,25.227536],[121.62918140000001,25.22746119999999]]}},{"type":"Feature","properties":{"name":"四十號橋","kind":"tertiary"},"geometry":{"type":"LineString","coordinates":[[121.6310705,25.227343699999995],[121.63068450000002,25.2277031]]}},{"type":"Feature","properties":{"name":"清水路","kind":"tertiary"},"geometry":{"type":"LineString","coordinates":[[121.6303049,25.2280268],[121.63021319999999,25.228110499999996],[121.6300803,25.228074600000003],[121.63018740000001,25.227211999999998]]}},{"type":"Feature","properties":{"name":"清水路","kind":"tertiary"},"geometry":{"type":"LineString","coordinates":[[121.63068450000002,25.2277031],[121.6302684,25.228110599999997],[121.63032539999999,25.22873]]}},{"type":"Feature","properties":{"name":"清水路","kind":"tertiary"},"geometry":{"type":"LineString","coordinates":[[121.6300803,25.228074600000003],[121.6300549,25.228233599999996],[121.63026509999999,25.2285345]]}},{"type":"Feature","properties":{"name":"環金路","kind":"primary"},"geometry":{"type":"LineString","coordinates":[[121.6299253,25.228310100000005],[121.6300333,25.228905099999995]]}},{"type":"Feature","properties":{"name":"環金路","kind":"primary"},"geometry":{"type":"LineString","coordinates":[[121.6299119,25.228916599999998],[121.62982880000001,25.228336799999994]]}},{"type":"Feature","properties":{"name":null,"kind":"path"},"geometry":{"type":"LineString","coordinates":[[121.63143150000002,25.227004500000003],[121.63127280000002,25.2272482],[121.63233760000001,25.227922000000003],[121.6348664,25.228975999999996],[121.63519330000001,25.229221],[121.63580500000002,25.23028980000001]]}},{"type":"Feature","properties":{"name":null,"kind":"tertiary_link"},"geometry":{"type":"LineString","coordinates":[[121.6299119,25.228916599999998],[121.6301879,25.2288661],[121.63032539999999,25.22873]]}},{"type":"Feature","properties":{"name":null,"kind":"service"},"geometry":{"type":"LineString","coordinates":[[121.62820150000002,25.228911799999995],[121.6278308,25.2288381]]}},{"type":"Feature","properties":{"name":null,"kind":"tertiary_link"},"geometry":{"type":"LineString","coordinates":[[121.63032539999999,25.22873],[121.6301563,25.2289979],[121.62991860000001,25.229012499999996]]}},{"type":"Feature","properties":{"name":"清水路","kind":"tertiary"},"geometry":{"type":"LineString","coordinates":[[121.63032539999999,25.22873],[121.6303204,25.228994000000004],[121.6300233,25.229194700000004]]}},{"type":"Feature","properties":{"name":null,"kind":"service"},"geometry":{"type":"LineString","coordinates":[[121.6288726,25.2291255],[121.62851539999998,25.229081300000004],[121.62841630000001,25.2289716],[121.62820150000002,25.228911799999995]]}},{"type":"Feature","properties":{"name":null,"kind":"residential"},"geometry":{"type":"LineString","coordinates":[[121.6390227,25.228703599999996],[121.639073,25.228886199999998]]}},{"type":"Feature","properties":{"name":"磺清路","kind":"tertiary"},"geometry":{"type":"LineString","coordinates":[[121.63728780000001,25.2291531],[121.63955359999999,25.228447100000004]]}},{"type":"Feature","properties":{"name":null,"kind":"residential"},"geometry":{"type":"LineString","coordinates":[[121.6398297,25.22888929999999],[121.6394187,25.229159199999998],[121.63885269999999,25.2293085],[121.6387598,25.2289696],[121.63888060000001,25.228749299999997]]}},{"type":"Feature","properties":{"name":"磺清路","kind":"tertiary"},"geometry":{"type":"LineString","coordinates":[[121.6371426,25.229195599999997],[121.63728780000001,25.2291531]]}},{"type":"Feature","properties":{"name":null,"kind":"track"},"geometry":{"type":"LineString","coordinates":[[121.63703549999998,25.2294346],[121.63694220000001,25.2292505]]}},{"type":"Feature","properties":{"name":null,"kind":"service"},"geometry":{"type":"LineString","coordinates":[[121.63728780000001,25.2291531],[121.63819960000001,25.2296649],[121.6386725,25.229655999999995]]}},{"type":"Feature","properties":{"name":null,"kind":"steps"},"geometry":{"type":"LineString","coordinates":[[121.6386725,25.229655999999995],[121.63871880000002,25.229620500000003]]}},{"type":"Feature","properties":{"name":null,"kind":"steps"},"geometry":{"type":"LineString","coordinates":[[121.6386725,25.229655999999995],[121.6386119,25.2297188]]}},{"type":"Feature","properties":{"name":null,"kind":"steps"},"geometry":{"type":"LineString","coordinates":[[121.63819960000001,25.2296649],[121.63817759999999,25.2297354]]}},{"type":"Feature","properties":{"name":null,"kind":"track"},"geometry":{"type":"LineString","coordinates":[[121.6373962,25.229213999999995],[121.63703549999998,25.2294346],[121.6368907,25.229859799999996],[121.6366728,25.230141900000003],[121.63606189999999,25.230359600000003]]}},{"type":"Feature","properties":{"name":"清水路","kind":"primary"},"geometry":{"type":"LineString","coordinates":[[121.6300333,25.228905099999995],[121.6300233,25.229194700000004]]}},{"type":"Feature","properties":{"name":"清水路","kind":"primary"},"geometry":{"type":"LineString","coordinates":[[121.6298978,25.229390400000003],[121.6299119,25.228916599999998]]}},{"type":"Feature","properties":{"name":"清水路","kind":"primary"},"geometry":{"type":"LineString","coordinates":[[121.6300233,25.229194700000004],[121.63000380000001,25.2294197]]}},{"type":"Feature","properties":{"name":"清水橋","kind":"primary"},"geometry":{"type":"LineString","coordinates":[[121.62988850000002,25.2295178],[121.6298978,25.229390400000003]]}},{"type":"Feature","properties":{"name":"清水橋","kind":"primary"},"geometry":{"type":"LineString","coordinates":[[121.63000380000001,25.2294197],[121.63000040000001,25.229528099999992]]}},{"type":"Feature","properties":{"name":null,"kind":"unclassified"},"geometry":{"type":"LineString","coordinates":[[121.62869,25.229332399999993],[121.6284476,25.229633900000007]]}},{"type":"Feature","properties":{"name":"清水路","kind":"primary"},"geometry":{"type":"LineString","coordinates":[[121.63000040000001,25.229528099999992],[121.6299991,25.22957480000001]]}},{"type":"Feature","properties":{"name":"磺清大橋","kind":"tertiary"},"geometry":{"type":"LineString","coordinates":[[121.63323719999998,25.2304499],[121.6346792,25.229926199999998],[121.6371426,25.229195599999997]]}},{"type":"Feature","properties":{"name":null,"kind":"service"},"geometry":{"type":"LineString","coordinates":[[121.6318587,25.2295229],[121.63147330000001,25.2302179],[121.631341,25.2303209],[121.6311208,25.230355999999997],[121.63089550000001,25.230308100000002],[121.6308707,25.230124300000004],[121.6303781,25.229658499999996]]}},{"type":"Feature","properties":{"name":"清水路16巷","kind":"unclassified"},"geometry":{"type":"LineString","coordinates":[[121.63323719999998,25.2304499],[121.63270519999999,25.230125699999995],[121.63216940000001,25.2296708],[121.6318587,25.2295229],[121.6314747,25.229479199999997],[121.63063799999999,25.229693],[121.6299991,25.22957480000001]]}},{"type":"Feature","properties":{"name":null,"kind":"service"},"geometry":{"type":"LineString","coordinates":[[121.60592020000001,25.2198996],[121.6060169,25.219849799999995]]}},{"type":"Feature","properties":{"name":"環湖一橋","kind":"tertiary"},"geometry":{"type":"LineString","coordinates":[[121.60211140000001,25.2200113],[121.60214560000001,25.2200865]]}},{"type":"Feature","properties":{"name":null,"kind":"service"},"geometry":{"type":"LineString","coordinates":[[121.6059282,25.219751600000002],[121.60605699999999,25.220266],[121.60569220000001,25.220498999999997]]}},{"type":"Feature","properties":{"name":null,"kind":"unclassified"},"geometry":{"type":"LineString","coordinates":[[121.60390430000001,25.219754899999998],[121.6041699,25.2200582],[121.6043201,25.2206836],[121.60474460000002,25.221446100000005],[121.6051925,25.221898699999997],[121.6064142,25.222747299999998],[121.60690039999999,25.2227752],[121.60734230000001,25.222955400000004],[121.60790820000001,25.2230531],[121.60862370000001,25.222778900000005],[121.6090428,25.222295400000004],[121.6091669,25.222001799999994]]}},{"type":"Feature","properties":{"name":null,"kind":"unclassified"},"geometry":{"type":"LineString","coordinates":[[121.60841520000001,25.224192299999995],[121.6083287,25.224031],[121.6082831,25.223565699999998],[121.6078318,25.223167099999998],[121.60780430000001,25.223061]]}},{"type":"Feature","properties":{"name":null,"kind":"unclassified"},"geometry":{"type":"LineString","coordinates":[[121.6084933,25.224320399999996],[121.60841520000001,25.224192299999995]]}},{"type":"Feature","properties":{"name":null,"kind":"unclassified"},"geometry":{"type":"LineString","coordinates":[[121.59874810000001,25.229606300000004],[121.5988866,25.2295184],[121.5987726,25.2289852],[121.59903409999998,25.2287219],[121.599183,25.228378599999996],[121.599179,25.228036500000005],[121.59937880000001,25.2277247],[121.6000896,25.2270707],[121.602234,25.2272564],[121.6036404,25.226666999999996],[121.60409690000002,25.226712599999992],[121.6043587,25.226840199999994],[121.6048622,25.2265061],[121.6059749,25.226600199999996],[121.6062333,25.2266913],[121.6063767,25.226660099999993],[121.606569,25.226375499999996],[121.60675699999999,25.226269199999997],[121.6070154,25.226275299999998],[121.6075005,25.2264241],[121.6076683,25.226584999999996],[121.6077748,25.226557600000003],[121.6078553,25.226371899999997],[121.60766879999998,25.225674400000003],[121.60767290000001,25.2254269],[121.6079773,25.225055599999997],[121.608393,25.22472129999999],[121.60864720000001,25.224622399999998],[121.6084933,25.224320399999996]]}},{"type":"Feature","properties":{"name":null,"kind":"residential"},"geometry":{"type":"LineString","coordinates":[[121.60500600000002,25.227389600000002],[121.60507470000002,25.2270269]]}},{"type":"Feature","properties":{"name":null,"kind":"residential"},"geometry":{"type":"LineString","coordinates":[[121.6042748,25.226827999999994],[121.6041899,25.226992599999996],[121.60417379999998,25.227376000000003],[121.604332,25.227522999999994],[121.60476870000001,25.227599099999996],[121.605001,25.227519399999995],[121.60494459999998,25.2271796]]}},{"type":"Feature","properties":{"name":null,"kind":"residential"},"geometry":{"type":"LineString","coordinates":[[121.6059762,25.229831600000004],[121.605987,25.229647099999998],[121.6061801,25.22936079999999],[121.60621760000001,25.229123000000005],[121.6066843,25.2287494],[121.60673260000002,25.2277982],[121.60697399999998,25.227691499999995],[121.60704380000001,25.227487599999996],[121.60735489999999,25.2273906],[121.60755869999998,25.226701499999997],[121.6076683,25.226584999999996]]}},{"type":"Feature","properties":{"name":null,"kind":"service"},"geometry":{"type":"LineString","coordinates":[[121.6102641,25.2222711],[121.61161440000001,25.2226752],[121.61209580000002,25.22264849999999],[121.6122923,25.222406399999997]]}},{"type":"Feature","properties":{"name":null,"kind":"service"},"geometry":{"type":"LineString","coordinates":[[121.6144018,25.2234867],[121.614088,25.2235978],[121.6136904,25.224098899999998],[121.61307480000002,25.2238945],[121.6123356,25.2247636]]}},{"type":"Feature","properties":{"name":null,"kind":"service"},"geometry":{"type":"LineString","coordinates":[[121.6147725,25.224518099999997],[121.61474570000001,25.223946599999998],[121.61484109999999,25.2238247]]}},{"type":"Feature","properties":{"name":null,"kind":"service"},"geometry":{"type":"LineString","coordinates":[[121.6123356,25.2247636],[121.61225679999998,25.2248766]]}},{"type":"Feature","properties":{"name":null,"kind":"service"},"geometry":{"type":"LineString","coordinates":[[121.61376280000002,25.224070399999995],[121.61393920000002,25.224158399999993],[121.61402840000001,25.224367],[121.61440460000001,25.224702499999996],[121.6150221,25.225151499999996],[121.6154245,25.2258321]]}},{"type":"Feature","properties":{"name":null,"kind":"service"},"geometry":{"type":"LineString","coordinates":[[121.61197850000002,25.2250392],[121.6117813,25.2253019],[121.61120000000001,25.225614300000004],[121.61024509999999,25.2254353],[121.61014850000001,25.2255263]]}},{"type":"Feature","properties":{"name":null,"kind":"service"},"geometry":{"type":"LineString","coordinates":[[121.61067490000002,25.226022499999996],[121.61041339999998,25.22617659999999],[121.61033500000002,25.226308899999996],[121.6100225,25.2264211],[121.6100265,25.226704399999996],[121.6099083,25.227115600000005],[121.610131,25.227293899999996]]}},{"type":"Feature","properties":{"name":null,"kind":"service"},"geometry":{"type":"LineString","coordinates":[[121.6132592,25.2266795],[121.6130105,25.226994899999994],[121.6126697,25.226859600000004]]}},{"type":"Feature","properties":{"name":null,"kind":"service"},"geometry":{"type":"LineString","coordinates":[[121.6130105,25.226994899999994],[121.61288830000001,25.227158],[121.613021,25.227383699999997]]}},{"type":"Feature","properties":{"name":null,"kind":"service"},"geometry":{"type":"LineString","coordinates":[[121.6114279,25.227106599999995],[121.611456,25.2272423],[121.61157599999999,25.227321799999995]]}},{"type":"Feature","properties":{"name":null,"kind":"track"},"geometry":{"type":"LineString","coordinates":[[121.59699989999999,25.221009600000002],[121.5971638,25.220743699999993],[121.59684599999999,25.2208505],[121.595775,25.2207304],[121.59523699999998,25.2207816],[121.59452920000001,25.22056389999999],[121.5940691,25.220320499999996],[121.5933329,25.2203846],[121.59324090000001,25.2202885],[121.59351690000001,25.21965459999999],[121.5934462,25.219577700000002],[121.5930637,25.219488999999996]]}},{"type":"Feature","properties":{"name":null,"kind":"track"},"geometry":{"type":"LineString","coordinates":[[121.5961443,25.220797799999993],[121.5958254,25.2209172],[121.59562690000001,25.221224099999997],[121.5955183,25.221243599999998]]}},{"type":"Feature","properties":{"name":null,"kind":"unclassified"},"geometry":{"type":"LineString","coordinates":[[121.5959115,25.221953900000003],[121.59599329999999,25.2216675],[121.59596930000001,25.2213608],[121.59623390000002,25.221106399999996]]}},{"type":"Feature","properties":{"name":"環湖三橋","kind":"unclassified"},"geometry":{"type":"LineString","coordinates":[[121.5959172,25.222018600000002],[121.5959115,25.221953900000003]]}},{"type":"Feature","properties":{"name":null,"kind":"residential"},"geometry":{"type":"LineString","coordinates":[[121.59651230000001,25.222423700000004],[121.5965752,25.222605599999998],[121.5963444,25.222755299999996],[121.59621829999999,25.2229979],[121.59596890000002,25.223048900000002],[121.59603850000002,25.223502999999997]]}},{"type":"Feature","properties":{"name":null,"kind":"residential"},"geometry":{"type":"LineString","coordinates":[[121.59596890000002,25.223048900000002],[121.59571330000001,25.222943899999997]]}},{"type":"Feature","properties":{"name":"大路崁古道","kind":"path"},"geometry":{"type":"LineString","coordinates":[[121.5972788,25.224517199999998],[121.5965519,25.224698999999994],[121.59634790000001,25.224902],[121.5962085,25.225219999999997],[121.59525460000002,25.225248],[121.59517309999998,25.225452499999996],[121.5949604,25.2256441],[121.59494680000002,25.2258128],[121.594617,25.2259152],[121.59462339999999,25.226133299999997],[121.5944318,25.226449299999995],[121.59447840000001,25.226636799999994],[121.59437970000002,25.22669919999999]]}},{"type":"Feature","properties":{"name":null,"kind":"track"},"geometry":{"type":"LineString","coordinates":[[121.5955746,25.226893599999997],[121.5954392,25.226804999999995],[121.59528230000001,25.226859600000004],[121.5947834,25.226791599999995],[121.59456340000001,25.2268426],[121.59438099999998,25.226699399999998],[121.59405780000002,25.226694600000002],[121.5934356,25.226517499999993],[121.5932089,25.226323299999997]]}},{"type":"Feature","properties":{"name":null,"kind":"path"},"geometry":{"type":"LineString","coordinates":[[121.59661289999998,25.226491999999997],[121.5965979,25.2265733],[121.59609899999998,25.226583000000005],[121.5958737,25.226883899999997],[121.5955746,25.226893599999997]]}},{"type":"Feature","properties":{"name":null,"kind":"unclassified"},"geometry":{"type":"LineString","coordinates":[[121.5932924,25.233737800000004],[121.5928215,25.233344599999995],[121.5925132,25.2326684],[121.59267410000001,25.232157600000004],[121.5928699,25.231895600000005],[121.59294230000002,25.231654199999998],[121.5926754,25.231255],[121.5926661,25.231127700000002],[121.59281090000002,25.2308984],[121.59299459999998,25.230881399999998],[121.5933326,25.231153099999993],[121.5940219,25.230728500000005],[121.5941399,25.230088],[121.59393339999998,25.2289427],[121.59401790000001,25.2285824],[121.5945812,25.228433199999998],[121.59530800000002,25.228645500000006],[121.59563260000002,25.228620000000003],[121.59621860000001,25.228535100000002],[121.59676760000002,25.228299999999997],[121.59697490000002,25.2281208],[121.5970446,25.227933899999996],[121.59689840000001,25.2277884],[121.5960715,25.227342899999993],[121.59601979999998,25.227223999999993],[121.59726479999999,25.226602],[121.59789960000002,25.226088699999995],[121.5986466,25.225408099999996],[121.59882829999998,25.224785],[121.5992621,25.2247019],[121.5999099,25.224428899999996],[121.5995706,25.2238696],[121.59947000000001,25.223403099999988],[121.5991857,25.223091899999996],[121.59917029999998,25.2228481],[121.59879010000002,25.2227486],[121.59801819999998,25.222866899999996],[121.59745220000002,25.222650699999996],[121.59698429999999,25.222740100000003],[121.5966822,25.222431399999998],[121.5963069,25.222415600000005],[121.5960027,25.2222669],[121.5959172,25.222018600000002]]}},{"type":"Feature","properties":{"name":null,"kind":"service"},"geometry":{"type":"LineString","coordinates":[[121.6155133,25.224769699999992],[121.6160461,25.224424099999993]]}},{"type":"Feature","properties":{"name":null,"kind":"service"},"geometry":{"type":"LineString","coordinates":[[121.6185173,25.225131599999994],[121.61834120000002,25.224808300000003],[121.6184986,25.224662499999997]]}},{"type":"Feature","properties":{"name":null,"kind":"service"},"geometry":{"type":"LineString","coordinates":[[121.61698470000002,25.2247588],[121.61681770000001,25.224969399999996],[121.61643150000002,25.2251029]]}},{"type":"Feature","properties":{"name":null,"kind":"service"},"geometry":{"type":"LineString","coordinates":[[121.6183836,25.225158499999992],[121.6186437,25.2254577],[121.6185507,25.225610399999994]]}},{"type":"Feature","properties":{"name":null,"kind":"service"},"geometry":{"type":"LineString","coordinates":[[121.60864720000001,25.224622399999998],[121.60908640000001,25.22490579999999],[121.60943640000002,25.225330999999994],[121.60965229999998,25.2251951],[121.6098233,25.225232100000003],[121.611436,25.226799600000007],[121.6119631,25.226690999999995],[121.61244390000002,25.226729199999998],[121.6128127,25.2266595],[121.61352339999999,25.2266649],[121.61378560000001,25.22652],[121.61413810000002,25.22651949999999],[121.6145413,25.226326499999995],[121.6148833,25.226439899999995],[121.61607690000001,25.226502999999997],[121.61649940000001,25.2266358],[121.61730540000002,25.2270465],[121.618102,25.227287299999997],[121.61965560000002,25.2274484],[121.6203389,25.227607299999995],[121.62264090000001,25.229296599999998]]}},{"type":"Feature","properties":{"name":null,"kind":"service"},"geometry":{"type":"LineString","coordinates":[[121.6176859,25.227735399999997],[121.6177924,25.227199899999995]]}},{"type":"Feature","properties":{"name":null,"kind":"service"},"geometry":{"type":"LineString","coordinates":[[121.61898810000001,25.227730199999996],[121.6185564,25.227764499999996]]}},{"type":"Feature","properties":{"name":null,"kind":"service"},"geometry":{"type":"LineString","coordinates":[[121.61905560000001,25.227396099999996],[121.6189813,25.227582699999996],[121.61896800000001,25.2281986]]}},{"type":"Feature","properties":{"name":null,"kind":"service"},"geometry":{"type":"LineString","coordinates":[[121.61225679999998,25.2248766],[121.6120093,25.224944500000003],[121.61197850000002,25.2250392],[121.6122682,25.22528489999999],[121.6125464,25.2253832],[121.6128576,25.225761099999996],[121.61338060000001,25.2260571],[121.61358580000001,25.226644899999997],[121.61388620000001,25.227146599999998],[121.61432810000001,25.227411099999998],[121.61450650000002,25.2276173],[121.6142845,25.227927900000005],[121.61431400000001,25.228039499999998],[121.61488200000001,25.2283865],[121.6152568,25.228791700000002],[121.61535200000002,25.2290865],[121.61570469999998,25.2293079],[121.6161017,25.2292636],[121.6165865,25.229502],[121.616838,25.229770699999996],[121.6170351,25.2301971],[121.61786330000001,25.2303724],[121.61828230000002,25.230371799999997],[121.61878320000001,25.2305574],[121.619095,25.23087279999999],[121.6194587,25.231025099999997],[121.6197169,25.231048199999996]]}},{"type":"Feature","properties":{"name":null,"kind":"service"},"geometry":{"type":"LineString","coordinates":[[121.616435,25.229433999999998],[121.61615,25.229623300000007],[121.61636790000001,25.2298132],[121.6163579,25.229884699999996]]}},{"type":"Feature","properties":{"name":null,"kind":"tertiary"},"geometry":{"type":"LineString","coordinates":[[121.60214560000001,25.2200865],[121.60234570000001,25.220560199999998],[121.6026132,25.2208137],[121.60257700000001,25.220995699999992],[121.60240929999999,25.2209764],[121.60141949999999,25.220387799999994]]}},{"type":"Feature","properties":{"name":null,"kind":"path"},"geometry":{"type":"LineString","coordinates":[[121.59855810000002,25.221028000000004],[121.5982629,25.221219199999997],[121.5980534,25.2212024],[121.597827,25.2210662]]}},{"type":"Feature","properties":{"name":null,"kind":"track"},"geometry":{"type":"LineString","coordinates":[[121.5970679,25.220986100000005],[121.5970659,25.221061599999995],[121.59667430000002,25.221352700000004],[121.59670379999999,25.221413399999992],[121.59726980000002,25.221338199999998],[121.5975071,25.221147699999992],[121.597827,25.2210662]]}},{"type":"Feature","properties":{"name":null,"kind":"service"},"geometry":{"type":"LineString","coordinates":[[121.6009633,25.221330600000005],[121.60102769999999,25.2216806],[121.60108130000002,25.2213033],[121.6012664,25.221260800000007],[121.60144950000002,25.221101899999994],[121.60165800000001,25.2210891],[121.60203910000001,25.220738000000004]]}},{"type":"Feature","properties":{"name":null,"kind":"path"},"geometry":{"type":"LineString","coordinates":[[121.6009024,25.2200029],[121.6005515,25.219919999999995],[121.5996181,25.220196599999994],[121.59855810000002,25.221028000000004],[121.59837360000002,25.221511799999995],[121.5979283,25.221880599999995],[121.5979122,25.222065],[121.59821610000002,25.2228499]]}},{"type":"Feature","properties":{"name":null,"kind":"path"},"geometry":{"type":"LineString","coordinates":[[121.59821610000002,25.2228499],[121.5982931,25.2231618],[121.5982502,25.223326799999995],[121.59724170000001,25.224326499999997],[121.59728990000002,25.224574000000004],[121.5977191,25.224937900000004],[121.5975997,25.225084699999996],[121.59775530000002,25.2254486],[121.59758499999998,25.2256756],[121.59732339999998,25.22562089999999]]}},{"type":"Feature","properties":{"name":null,"kind":"track"},"geometry":{"type":"LineString","coordinates":[[121.59732339999998,25.22562089999999],[121.5972041,25.225549300000004],[121.5967642,25.225550499999997],[121.5966408,25.2256124],[121.59674810000001,25.22594],[121.5966475,25.225999399999996],[121.59664880000001,25.226306399999995],[121.59655229999998,25.2263258],[121.5966877,25.2266036],[121.59633769999999,25.226956599999998],[121.5963297,25.227049999999988]]}},{"type":"Feature","properties":{"name":null,"kind":"unclassified"},"geometry":{"type":"LineString","coordinates":[[121.59885550000001,25.2295425],[121.5997711,25.230072199999995],[121.600278,25.230007899999997],[121.60058780000001,25.230057599999995],[121.60107060000001,25.231074199999995],[121.6014689,25.231403000000004],[121.6019423,25.231617699999997],[121.6017908,25.231724499999995],[121.60128249999998,25.231631099999994],[121.6012516,25.2317196],[121.6015199,25.232087200000002],[121.60149570000002,25.232282499999997],[121.60128249999998,25.232677999999996],[121.6012396,25.233042],[121.6004845,25.233985799999996],[121.59949480000002,25.234468599999996],[121.59910430000001,25.234361800000002],[121.5989152,25.2341546]]}},{"type":"Feature","properties":{"name":null,"kind":"residential"},"geometry":{"type":"LineString","coordinates":[[121.5951699,25.233285099999996],[121.595569,25.233569099999997],[121.5959418,25.2334867],[121.59706770000001,25.2340925],[121.5970912,25.234251099999998],[121.59695960000002,25.2346172],[121.5970411,25.234799599999995],[121.59725789999999,25.234984499999996],[121.59772340000002,25.235049400000005],[121.5980258,25.235250599999997],[121.59821250000002,25.2352397],[121.59828960000002,25.234798],[121.5985172,25.234344899999996],[121.5989152,25.2341546]]}},{"type":"Feature","properties":{"name":null,"kind":"service"},"geometry":{"type":"LineString","coordinates":[[121.6013333,25.236531199999998],[121.60130250000002,25.2368879],[121.60099740000001,25.2372464],[121.60106109999998,25.2374793],[121.600937,25.23788379999999],[121.6000981,25.237833999999992],[121.60001800000002,25.237761599999995],[121.60001179999999,25.2373937],[121.5996891,25.237365299999997]]}},{"type":"Feature","properties":{"name":null,"kind":"service"},"geometry":{"type":"LineString","coordinates":[[121.60952430000002,25.2296293],[121.60957390000002,25.2290663],[121.6097501,25.228976599999996],[121.61009710000002,25.228259099999995],[121.61049290000001,25.227783499999997],[121.61085229999999,25.2275324],[121.61095690000002,25.2273176],[121.6114279,25.227106599999995],[121.611436,25.226799600000007]]}},{"type":"Feature","properties":{"name":null,"kind":"service"},"geometry":{"type":"LineString","coordinates":[[121.6128014,25.238174699999995],[121.61242349999999,25.238206000000005],[121.61261130000001,25.238419499999996]]}},{"type":"Feature","properties":{"name":null,"kind":"unclassified"},"geometry":{"type":"LineString","coordinates":[[121.6087684,25.237308399999993],[121.6086236,25.237885899999995],[121.60869869999999,25.238167299999997],[121.60836759999998,25.238491699999997],[121.60887300000002,25.238929099999993],[121.6089857,25.239431300000003],[121.60935579999999,25.239623],[121.6094336,25.23948469999999],[121.6094148,25.239213000000003],[121.6096106,25.238819899999992],[121.60967769999999,25.238761699999998],[121.6099759,25.238764899999996]]}},{"type":"Feature","properties":{"name":"曹源路","kind":"residential"},"geometry":{"type":"LineString","coordinates":[[121.61385280000002,25.239197099999995],[121.6140738,25.239141100000005],[121.6145008,25.239225100000002],[121.61480969999998,25.239107799999996],[121.61524800000001,25.2391439],[121.61540430000001,25.239097],[121.6159148,25.238462699999996],[121.6164602,25.2385267]]}},{"type":"Feature","properties":{"name":null,"kind":"service"},"geometry":{"type":"LineString","coordinates":[[121.6149084,25.239321899999997],[121.61479560000001,25.2394176]]}},{"type":"Feature","properties":{"name":"雙環路","kind":"service"},"geometry":{"type":"LineString","coordinates":[[121.61385280000002,25.239197099999995],[121.6141187,25.2393657],[121.61488040000002,25.239411999999998],[121.615195,25.239590199999995]]}},{"type":"Feature","properties":{"name":null,"kind":"service"},"geometry":{"type":"LineString","coordinates":[[121.61470079999998,25.239169399999998],[121.61520029999998,25.239427699999997],[121.6154332,25.2397253]]}},{"type":"Feature","properties":{"name":"直心路","kind":"service"},"geometry":{"type":"LineString","coordinates":[[121.6137281,25.239252399999998],[121.6145013,25.239689699999996]]}},{"type":"Feature","properties":{"name":"曹源路","kind":"residential"},"geometry":{"type":"LineString","coordinates":[[121.61451239999998,25.240474899999995],[121.61345680000001,25.241040899999994],[121.6132769,25.2409569],[121.6134501,25.2406223],[121.61345989999998,25.240062199999997],[121.61368939999998,25.23985],[121.6136637,25.2393619],[121.61385280000002,25.239197099999995]]}},{"type":"Feature","properties":{"name":"資糧路","kind":"service"},"geometry":{"type":"LineString","coordinates":[[121.6157227,25.2420325],[121.61582559999998,25.241585700000005],[121.61577150000001,25.24140209999999],[121.61546930000002,25.241049199999996],[121.6151999,25.240876799999995],[121.6145973,25.241341300000002],[121.61431570000002,25.241469899999995],[121.6142352,25.241643299999993],[121.61443159999999,25.241803000000004]]}},{"type":"Feature","properties":{"name":null,"kind":"residential"},"geometry":{"type":"LineString","coordinates":[[121.602234,25.2272564],[121.60218360000002,25.227492499999997],[121.6023338,25.228001999999996],[121.60194220000001,25.2281913],[121.6022426,25.228385399999997],[121.60280050000001,25.2285116],[121.60296139999998,25.2287057],[121.602822,25.229331699999996],[121.60288100000001,25.229783],[121.603117,25.229943200000005],[121.60358909999998,25.22979760000001],[121.6041148,25.23004510000001],[121.60421670000001,25.230185800000005],[121.60426500000001,25.2305837],[121.60467270000001,25.231078700000005],[121.60479069999998,25.2314524]]}},{"type":"Feature","properties":{"name":null,"kind":"tertiary"},"geometry":{"type":"LineString","coordinates":[[121.5915745,25.2377783],[121.59258020000001,25.2384968],[121.5936196,25.239031700000005],[121.59429669999999,25.239004999999995],[121.5947629,25.2392064],[121.5949319,25.2392016],[121.5958833,25.2389662],[121.5959815,25.239147100000004],[121.59632860000002,25.2393132],[121.59752069999999,25.239102],[121.5994373,25.239328299999997],[121.5997699,25.2391955],[121.60058400000001,25.2392634],[121.60134639999998,25.239848699999992],[121.6015341,25.2399082],[121.6021712,25.239738999999997],[121.60258150000001,25.239455099999997],[121.6027646,25.239175499999995],[121.60302280000002,25.2390014],[121.60354579999999,25.238927399999998],[121.6042358,25.2384367],[121.60471260000001,25.2379484],[121.6052738,25.237940599999995],[121.60589739999999,25.2376919],[121.6061127,25.237686399999998],[121.60677379999998,25.23789139999999],[121.60806600000001,25.23765059999999],[121.6087868,25.237312799999998],[121.60896519999999,25.237005899999993],[121.60914090000001,25.2368773],[121.61067109999999,25.2366589],[121.6113081,25.2370265],[121.61153240000002,25.237048],[121.6127609,25.236735000000003],[121.6133952,25.236460299999994],[121.6136856,25.2361315],[121.61385190000001,25.2361315],[121.6139149,25.236337199999994],[121.61362420000002,25.2369707],[121.61360410000002,25.237170899999995]]}},{"type":"Feature","properties":{"name":null,"kind":"service"},"geometry":{"type":"LineString","coordinates":[[121.6066116,25.237875699999996],[121.6061616,25.2380681],[121.6059336,25.2383413],[121.6056378,25.23850289999999],[121.6053667,25.238502899999997]]}},{"type":"Feature","properties":{"name":null,"kind":"unclassified"},"geometry":{"type":"LineString","coordinates":[[121.60852260000001,25.2374668],[121.6082482,25.23770589999999],[121.60803710000002,25.238099000000002],[121.60762430000001,25.23845],[121.60726729999999,25.238882399999998],[121.6070137,25.239692700000003],[121.60646740000001,25.240099799999996],[121.60616320000001,25.2402177],[121.606098,25.24033],[121.60624390000001,25.240509699999997],[121.606455,25.240574299999995],[121.60669090000002,25.240529400000003]]}},{"type":"Feature","properties":{"name":null,"kind":"tertiary"},"geometry":{"type":"LineString","coordinates":[[121.60302280000002,25.2390014],[121.6030378,25.23909069999999]]}},{"type":"Feature","properties":{"name":null,"kind":"service"},"geometry":{"type":"LineString","coordinates":[[121.6030378,25.23909069999999],[121.60335910000002,25.23942449999999],[121.60335910000002,25.2398057],[121.60355219999998,25.240043899999993]]}},{"type":"Feature","properties":{"name":null,"kind":"service"},"geometry":{"type":"LineString","coordinates":[[121.6059459,25.2397236],[121.60592740000001,25.239901899999996],[121.60612960000002,25.2402756]]}},{"type":"Feature","properties":{"name":null,"kind":"service"},"geometry":{"type":"LineString","coordinates":[[121.6029909,25.244183099999997],[121.6031456,25.2439454],[121.60400579999998,25.2435736],[121.6045487,25.243492299999996],[121.60483089999998,25.244215600000004]]}},{"type":"Feature","properties":{"name":null,"kind":"service"},"geometry":{"type":"LineString","coordinates":[[121.6019461,25.244023399999996],[121.6029909,25.244183099999997],[121.60334359999999,25.2443201],[121.6037524,25.2442535],[121.6040606,25.2443756],[121.604293,25.244377200000002],[121.6051088,25.2440949],[121.605531,25.243737699999997],[121.60607400000002,25.243699899999996]]}},{"type":"Feature","properties":{"name":null,"kind":"service"},"geometry":{"type":"LineString","coordinates":[[121.6075997,25.24433379999999],[121.6073307,25.2440676]]}},{"type":"Feature","properties":{"name":"法印路","kind":"residential"},"geometry":{"type":"LineString","coordinates":[[121.61614749999998,25.2403726],[121.61592660000001,25.239389999999997],[121.61607060000001,25.239164399999996],[121.61632380000002,25.2389813],[121.6164602,25.2385267]]}},{"type":"Feature","properties":{"name":"雙環路","kind":"service"},"geometry":{"type":"LineString","coordinates":[[121.615195,25.239590199999995],[121.6154332,25.2397253]]}},{"type":"Feature","properties":{"name":null,"kind":"service"},"geometry":{"type":"LineString","coordinates":[[121.61614749999998,25.2403726],[121.61591849999999,25.2402667],[121.6157948,25.239984200000002],[121.6154332,25.2397253]]}},{"type":"Feature","properties":{"name":"法印路","kind":"residential"},"geometry":{"type":"LineString","coordinates":[[121.61666490000002,25.2418322],[121.61691589999998,25.241629700000004],[121.61692959999999,25.241432099999997],[121.6162514,25.240835599999997],[121.61614749999998,25.2403726]]}},{"type":"Feature","properties":{"name":null,"kind":"service"},"geometry":{"type":"LineString","coordinates":[[121.61617199999999,25.2416885],[121.616375,25.24148],[121.61633130000001,25.2413669]]}},{"type":"Feature","properties":{"name":"法大一橋","kind":"unclassified"},"geometry":{"type":"LineString","coordinates":[[121.6166547,25.2421828],[121.61666490000002,25.2418322]]}},{"type":"Feature","properties":{"name":"法印路","kind":"residential"},"geometry":{"type":"LineString","coordinates":[[121.6148437,25.242640499999993],[121.6151266,25.242504400000005],[121.61546639999999,25.242132099999996],[121.61583140000002,25.241971199999995],[121.6160462,25.2417367],[121.61632050000001,25.2417003],[121.61666490000002,25.2418322]]}},{"type":"Feature","properties":{"name":"法大路","kind":"unclassified"},"geometry":{"type":"LineString","coordinates":[[121.6163659,25.243810100000005],[121.61682459999999,25.243324299999994],[121.6166588,25.2427159],[121.6166547,25.2421828]]}},{"type":"Feature","properties":{"name":null,"kind":"footway"},"geometry":{"type":"LineString","coordinates":[[121.61581470000002,25.244450599999997],[121.61536140000001,25.2438513],[121.6150003,25.2435371]]}},{"type":"Feature","properties":{"name":"法大二橋","kind":"service"},"geometry":{"type":"LineString","coordinates":[[121.6163659,25.243810100000005],[121.61659500000002,25.244471200000003],[121.61674530000002,25.244565399999992]]}},{"type":"Feature","properties":{"name":null,"kind":"service"},"geometry":{"type":"LineString","coordinates":[[121.59821250000002,25.2352397],[121.59823599999999,25.235463099999997],[121.5981515,25.2356329],[121.5982508,25.2360321],[121.5985415,25.236358700000004],[121.5991688,25.2365203],[121.5994122,25.237159],[121.5997025,25.2374223],[121.5990621,25.237686700000005],[121.59887979999999,25.2380519],[121.5989991,25.239245100000005]]}},{"type":"Feature","properties":{"name":null,"kind":"service"},"geometry":{"type":"LineString","coordinates":[[121.600472,25.237870799999996],[121.60050950000002,25.2382153],[121.60038950000002,25.23854469999999],[121.6002829,25.238798299999996],[121.5999085,25.239219199999994]]}},{"type":"Feature","properties":{"name":null,"kind":"service"},"geometry":{"type":"LineString","coordinates":[[121.5987432,25.2392096],[121.59836139999999,25.239420100000004],[121.5981966,25.2396153],[121.598207,25.2398565],[121.59792330000002,25.240194599999995]]}},{"type":"Feature","properties":{"name":null,"kind":"service"},"geometry":{"type":"LineString","coordinates":[[121.6017215,25.241150199999996],[121.60153980000001,25.2413413],[121.6011632,25.2414779],[121.6011115,25.241720000000008]]}},{"type":"Feature","properties":{"name":null,"kind":"service"},"geometry":{"type":"LineString","coordinates":[[121.6021073,25.247988199999998],[121.6018962,25.2473553]]}},{"type":"Feature","properties":{"name":null,"kind":"footway"},"geometry":{"type":"LineString","coordinates":[[121.6016062,25.2479462],[121.601591,25.247882699999995]]}},{"type":"Feature","properties":{"name":null,"kind":"footway"},"geometry":{"type":"LineString","coordinates":[[121.60166170000001,25.247988999999997],[121.60153230000002,25.247940999999997]]}},{"type":"Feature","properties":{"name":null,"kind":"footway"},"geometry":{"type":"LineString","coordinates":[[121.601744,25.2481108],[121.60167120000001,25.2479501],[121.60182370000001,25.247855499999996]]}},{"type":"Feature","properties":{"name":null,"kind":"footway"},"geometry":{"type":"LineString","coordinates":[[121.60186990000001,25.2479583],[121.6017402,25.2481592]]}},{"type":"Feature","properties":{"name":null,"kind":"service"},"geometry":{"type":"LineString","coordinates":[[121.6021472,25.2479746],[121.6022611,25.2482616]]}},{"type":"Feature","properties":{"name":"雲集路","kind":"service"},"geometry":{"type":"LineString","coordinates":[[121.61526080000002,25.242357299999995],[121.61507750000001,25.2422672],[121.61514440000002,25.2420191]]}},{"type":"Feature","properties":{"name":null,"kind":"service"},"geometry":{"type":"LineString","coordinates":[[121.6101866,25.2417198],[121.6104649,25.2417677],[121.61076400000002,25.241982399999998],[121.6109598,25.242023599999996],[121.6110223,25.242161599999996],[121.6108391,25.242638699999997],[121.61075059999999,25.242705399999988],[121.61049979999999,25.242718699999998],[121.61070230000001,25.242560999999995],[121.61058560000001,25.2422214],[121.6104285,25.242166899999994]]}},{"type":"Feature","properties":{"name":null,"kind":"footway"},"geometry":{"type":"LineString","coordinates":[[121.61017390000002,25.242579199999998],[121.6105172,25.242504000000004],[121.6105695,25.2423572],[121.61051050000002,25.242241999999994],[121.6103134,25.2421195],[121.6100009,25.242339]]}},{"type":"Feature","properties":{"name":null,"kind":"footway"},"geometry":{"type":"LineString","coordinates":[[121.61017390000002,25.242579199999998],[121.6100009,25.242339]]}},{"type":"Feature","properties":{"name":null,"kind":"footway"},"geometry":{"type":"LineString","coordinates":[[121.60999690000001,25.242688399999995],[121.6099526,25.242624100000004],[121.6097487,25.2427139]]}},{"type":"Feature","properties":{"name":null,"kind":"footway"},"geometry":{"type":"LineString","coordinates":[[121.61017390000002,25.242579199999998],[121.60999690000001,25.242688399999995],[121.6101015,25.242867899999997],[121.6099566,25.242938299999995],[121.6099124,25.242870500000002]]}},{"type":"Feature","properties":{"name":null,"kind":"footway"},"geometry":{"type":"LineString","coordinates":[[121.6104877,25.243057099999998],[121.61017390000002,25.242579199999998]]}},{"type":"Feature","properties":{"name":null,"kind":"footway"},"geometry":{"type":"LineString","coordinates":[[121.6117339,25.242713400000003],[121.6117377,25.2429496]]}},{"type":"Feature","properties":{"name":null,"kind":"footway"},"geometry":{"type":"LineString","coordinates":[[121.6103218,25.242927399999996],[121.61049520000002,25.242886700000003]]}},{"type":"Feature","properties":{"name":null,"kind":"footway"},"geometry":{"type":"LineString","coordinates":[[121.6104877,25.243057099999998],[121.6104066,25.243072200000004],[121.6103218,25.242927399999996]]}},{"type":"Feature","properties":{"name":null,"kind":"service"},"geometry":{"type":"LineString","coordinates":[[121.62505450000002,25.228939600000004],[121.62504280000002,25.2291793]]}},{"type":"Feature","properties":{"name":"三界橋","kind":"tertiary"},"geometry":{"type":"LineString","coordinates":[[121.622646,25.2292948],[121.6228444,25.229222699999994]]}},{"type":"Feature","properties":{"name":"三界壇路","kind":"tertiary"},"geometry":{"type":"LineString","coordinates":[[121.62021490000001,25.2306041],[121.622646,25.2292948]]}},{"type":"Feature","properties":{"name":"清水路21巷","kind":"unclassified"},"geometry":{"type":"LineString","coordinates":[[121.6299991,25.22957480000001],[121.6295077,25.229405099999994],[121.62914629999999,25.229131300000002],[121.6288726,25.2291255],[121.62871069999998,25.2293355],[121.6284771,25.2292572],[121.62610160000001,25.229321499999994],[121.6256581,25.2292369],[121.6253989,25.22929819999999],[121.6252044,25.229152],[121.624674,25.229253299999996],[121.6241195,25.229624499999996],[121.623452,25.2309738],[121.62320060000002,25.2312975],[121.6219576,25.230724799999994],[121.62111880000002,25.23068119999999],[121.6204388,25.230485899999998]]}},{"type":"Feature","properties":{"name":null,"kind":"service"},"geometry":{"type":"LineString","coordinates":[[121.6238794,25.230097],[121.62448090000001,25.230332699999998],[121.6249704,25.230762099999996],[121.6256128,25.23082949999999],[121.6259139,25.230978699999994],[121.62623310000001,25.230215],[121.62683520000002,25.230292],[121.6271075,25.22998939999999]]}},{"type":"Feature","properties":{"name":"三界壇路","kind":"tertiary"},"geometry":{"type":"LineString","coordinates":[[121.62011859999998,25.230683],[121.62021490000001,25.2306041]]}},{"type":"Feature","properties":{"name":null,"kind":"service"},"geometry":{"type":"LineString","coordinates":[[121.6213091,25.231099999999998],[121.62149530000002,25.230904400000004],[121.6216455,25.230990499999997],[121.622086,25.230924399999996],[121.6221655,25.2308358]]}},{"type":"Feature","properties":{"name":"三界壇路58巷","kind":"service"},"geometry":{"type":"LineString","coordinates":[[121.6206118,25.231696],[121.6204153,25.231828199999992],[121.62013839999999,25.2318549],[121.6198373,25.231719000000002],[121.61966970000002,25.2315152]]}},{"type":"Feature","properties":{"name":null,"kind":"service"},"geometry":{"type":"LineString","coordinates":[[121.6229024,25.2311379],[121.6219351,25.2316763],[121.6217139,25.231720199999998],[121.62161660000001,25.232072099999996],[121.6213907,25.232349299999996]]}},{"type":"Feature","properties":{"name":null,"kind":"service"},"geometry":{"type":"LineString","coordinates":[[121.62320060000002,25.2312975],[121.62341139999998,25.2315786],[121.62333360000001,25.2319383],[121.6234751,25.232106299999998],[121.62406990000001,25.232444800000003],[121.6244031,25.2327523],[121.62462709999998,25.2332182],[121.62508310000001,25.233635500000005]]}},{"type":"Feature","properties":{"name":null,"kind":"service"},"geometry":{"type":"LineString","coordinates":[[121.62756010000001,25.2293082],[121.6272979,25.229516799999995],[121.6270786,25.229856499999993],[121.62711480000002,25.230320000000003],[121.62739450000001,25.2307561],[121.62755400000002,25.230768799999996],[121.62766869999999,25.230921100000003],[121.62768820000001,25.231154599999996],[121.62802410000002,25.2312207],[121.6279939,25.2314294]]}},{"type":"Feature","properties":{"name":"清水路","kind":"primary"},"geometry":{"type":"LineString","coordinates":[[121.6297141,25.231500700000005],[121.62988850000002,25.2295178]]}},{"type":"Feature","properties":{"name":"清水路","kind":"primary"},"geometry":{"type":"LineString","coordinates":[[121.6299991,25.22957480000001],[121.629838,25.231501199999993]]}},{"type":"Feature","properties":{"name":"清水路60巷","kind":"unclassified"},"geometry":{"type":"LineString","coordinates":[[121.63392420000001,25.23146879999999],[121.63323719999998,25.2304499]]}},{"type":"Feature","properties":{"name":"磺清路","kind":"tertiary"},"geometry":{"type":"LineString","coordinates":[[121.629838,25.231501199999993],[121.63323719999998,25.2304499]]}},{"type":"Feature","properties":{"name":null,"kind":"track"},"geometry":{"type":"LineString","coordinates":[[121.63453620000001,25.232005699999995],[121.635101,25.2317826],[121.6358909,25.2311652],[121.6372132,25.230670200000002]]}},{"type":"Feature","properties":{"name":null,"kind":"residential"},"geometry":{"type":"LineString","coordinates":[[121.6297141,25.231500700000005],[121.629838,25.231501199999993]]}},{"type":"Feature","properties":{"name":"清水路60巷","kind":"unclassified"},"geometry":{"type":"LineString","coordinates":[[121.63435650000001,25.231864599999998],[121.63392420000001,25.23146879999999]]}},{"type":"Feature","properties":{"name":"清水路41巷","kind":"unclassified"},"geometry":{"type":"LineString","coordinates":[[121.6248504,25.233977899999992],[121.62542500000002,25.233192100000004],[121.6261036,25.23250539999999],[121.62632420000001,25.2320414],[121.62658169999999,25.2318588],[121.62680570000002,25.2318109],[121.62714099999998,25.2314148],[121.6274615,25.2315222],[121.62767940000002,25.231389399999994],[121.62809989999998,25.2314227],[121.6286819,25.2315653],[121.6288864,25.231758799999998],[121.62905210000001,25.232066899999992],[121.6294584,25.2323405],[121.62974580000001,25.2323825]]}},{"type":"Feature","properties":{"name":null,"kind":"service"},"geometry":{"type":"LineString","coordinates":[[121.63311829999999,25.2344169],[121.6334803,25.2347074],[121.63369040000002,25.234555099999994],[121.6338383,25.2346915],[121.63524660000002,25.234089300000004],[121.63605070000001,25.233462299999996],[121.6364405,25.232792300000003],[121.6368331,25.2323814],[121.63844710000001,25.231449],[121.63872120000002,25.231124700000002],[121.6388966,25.230751499999997]]}},{"type":"Feature","properties":{"name":null,"kind":"footway"},"geometry":{"type":"LineString","coordinates":[[121.63746260000002,25.229907900000004],[121.6378781,25.2297567],[121.6386747,25.229688399999997]]}},{"type":"Feature","properties":{"name":null,"kind":"footway"},"geometry":{"type":"LineString","coordinates":[[121.63867620000002,25.229689499999996],[121.63942870000001,25.229719199999998],[121.63975760000001,25.229831099999995],[121.6400008,25.230005800000004]]}},{"type":"Feature","properties":{"name":null,"kind":"footway"},"geometry":{"type":"LineString","coordinates":[[121.6400008,25.230005800000004],[121.64147760000002,25.2313529]]}},{"type":"Feature","properties":{"name":null,"kind":"track"},"geometry":{"type":"LineString","coordinates":[[121.6404128,25.2318358],[121.6399772,25.231409299999996]]}},{"type":"Feature","properties":{"name":null,"kind":"path"},"geometry":{"type":"LineString","coordinates":[[121.6429266,25.23256599999999],[121.64150390000002,25.2312777]]}},{"type":"Feature","properties":{"name":null,"kind":"track"},"geometry":{"type":"LineString","coordinates":[[121.6358415,25.236219599999995],[121.6353609,25.235750899999996],[121.6355808,25.2355619],[121.63618090000001,25.235461199999992],[121.63658660000002,25.2350815],[121.6370184,25.2348753],[121.638208,25.233742200000002],[121.63853460000001,25.233317599999996],[121.64031290000001,25.231866699999994],[121.6404128,25.2318358],[121.6408399,25.2321822]]}},{"type":"Feature","properties":{"name":null,"kind":"service"},"geometry":{"type":"LineString","coordinates":[[121.61734360000001,25.229634799999996],[121.6171833,25.230250499999993],[121.61700429999999,25.230419699999995],[121.61701029999999,25.230570799999995],[121.61687550000002,25.230704799999998],[121.6167307,25.2306715],[121.6165413,25.230755400000003]]}},{"type":"Feature","properties":{"name":null,"kind":"service"},"geometry":{"type":"LineString","coordinates":[[121.6172752,25.2302487],[121.61729590000002,25.2308899]]}},{"type":"Feature","properties":{"name":null,"kind":"service"},"geometry":{"type":"LineString","coordinates":[[121.61413570000002,25.2313132],[121.61409340000002,25.231186499999993],[121.6142161,25.231092400000005],[121.614778,25.2311052],[121.6150939,25.230899500000003],[121.6157054,25.231066999999996],[121.61641149999998,25.231139099999996],[121.6166066,25.231314999999995],[121.6172195,25.231419400000004],[121.6172826,25.231587999999995]]}},{"type":"Feature","properties":{"name":"三界壇路111巷","kind":"service"},"geometry":{"type":"LineString","coordinates":[[121.61968080000001,25.23128899999999],[121.61904209999999,25.2314091],[121.61847140000002,25.2316802],[121.61781830000001,25.2316026],[121.61720140000001,25.231636499999997],[121.61723230000001,25.2317809],[121.61763730000001,25.231834299999996],[121.6178451,25.232161799999997],[121.6185016,25.2324984]]}},{"type":"Feature","properties":{"name":null,"kind":"service"},"geometry":{"type":"LineString","coordinates":[[121.61837419999999,25.2326713],[121.6172718,25.2330219],[121.6161968,25.232809700000004]]}},{"type":"Feature","properties":{"name":null,"kind":"service"},"geometry":{"type":"LineString","coordinates":[[121.6188677,25.232950999999996],[121.6191177,25.2332311],[121.6189897,25.233649699999997]]}},{"type":"Feature","properties":{"name":"便民橋","kind":"service"},"geometry":{"type":"LineString","coordinates":[[121.6189897,25.233649699999997],[121.6190834,25.233830600000005]]}},{"type":"Feature","properties":{"name":null,"kind":"service"},"geometry":{"type":"LineString","coordinates":[[121.6190834,25.233830600000005],[121.61912520000001,25.2339294]]}},{"type":"Feature","properties":{"name":"三界壇路","kind":"tertiary"},"geometry":{"type":"LineString","coordinates":[[121.61360410000002,25.237170899999995],[121.61372980000002,25.2371475],[121.6141378,25.236766900000003],[121.6152801,25.236092299999996],[121.61569080000001,25.235507699999996],[121.61626239999998,25.235155],[121.61706129999999,25.234317000000004],[121.61779820000001,25.233953000000003],[121.61793320000001,25.233701299999996],[121.6178847,25.233407699999994],[121.61812610000001,25.233152999999998],[121.6185016,25.2324984],[121.6186451,25.2325561],[121.618631,25.2330899],[121.61874269999998,25.233128100000002],[121.6190383,25.2327587],[121.61898240000001,25.2323226],[121.619032,25.232203699999996],[121.61945039999999,25.231867599999994],[121.61966970000002,25.2315152],[121.6197169,25.231048199999996],[121.62011859999998,25.230683]]}},{"type":"Feature","properties":{"name":null,"kind":"service"},"geometry":{"type":"LineString","coordinates":[[121.6154062,25.235932100000003],[121.61547510000001,25.2360685]]}},{"type":"Feature","properties":{"name":"清水路60巷","kind":"unclassified"},"geometry":{"type":"LineString","coordinates":[[121.63417740000001,25.234123399999998],[121.6345285,25.2341349],[121.63487670000002,25.2339257],[121.6352918,25.2333104],[121.63453620000001,25.232005699999995],[121.63435650000001,25.231864599999998]]}},{"type":"Feature","properties":{"name":"清水路","kind":"primary"},"geometry":{"type":"LineString","coordinates":[[121.629838,25.231501199999993],[121.62945,25.235996600000004]]}},{"type":"Feature","properties":{"name":"清水路","kind":"primary"},"geometry":{"type":"LineString","coordinates":[[121.6293366,25.2360178],[121.6297141,25.231500700000005]]}},{"type":"Feature","properties":{"name":null,"kind":"service"},"geometry":{"type":"LineString","coordinates":[[121.63417740000001,25.234123399999998],[121.6341647,25.23455819999999]]}},{"type":"Feature","properties":{"name":null,"kind":"service"},"geometry":{"type":"LineString","coordinates":[[121.6341647,25.23455819999999],[121.63428740000002,25.234723499999998]]}},{"type":"Feature","properties":{"name":null,"kind":"unclassified"},"geometry":{"type":"LineString","coordinates":[[121.6250562,25.233750699999998],[121.62580729999999,25.234212899999996],[121.6266079,25.235280499999995],[121.6269781,25.235520100000002],[121.62809050000001,25.235950099999993],[121.6286015,25.235706299999997],[121.62892070000001,25.235727500000003],[121.62932990000002,25.235905]]}},{"type":"Feature","properties":{"name":"清水路60巷","kind":"unclassified"},"geometry":{"type":"LineString","coordinates":[[121.62932990000002,25.235905],[121.6298014,25.235767799999998],[121.63012460000002,25.2357979],[121.6303978,25.235535699999996],[121.6310489,25.2353336],[121.63137450000002,25.2350327],[121.6317777,25.2349591],[121.6321323,25.235111],[121.63229920000002,25.235101499999995],[121.63277890000002,25.234798400000003],[121.63320179999998,25.234342699999996],[121.63383180000001,25.234082800000003],[121.63417740000001,25.234123399999998]]}},{"type":"Feature","properties":{"name":null,"kind":"service"},"geometry":{"type":"LineString","coordinates":[[121.63258000000002,25.234951],[121.63270639999999,25.235069999999997],[121.6327257,25.235198999999998]]}},{"type":"Feature","properties":{"name":null,"kind":"unclassified"},"geometry":{"type":"LineString","coordinates":[[121.62628340000002,25.235246500000002],[121.6264604,25.2351088]]}},{"type":"Feature","properties":{"name":null,"kind":"service"},"geometry":{"type":"LineString","coordinates":[[121.63428740000002,25.234723499999998],[121.6346727,25.235295199999996],[121.6353609,25.235750899999996]]}},{"type":"Feature","properties":{"name":null,"kind":"service"},"geometry":{"type":"LineString","coordinates":[[121.6327257,25.235198999999998],[121.6327285,25.2354079]]}},{"type":"Feature","properties":{"name":null,"kind":"service"},"geometry":{"type":"LineString","coordinates":[[121.6332736,25.235485599999993],[121.6337732,25.235353]]}},{"type":"Feature","properties":{"name":null,"kind":"service"},"geometry":{"type":"LineString","coordinates":[[121.63171960000001,25.2357336],[121.6314011,25.235532200000005]]}},{"type":"Feature","properties":{"name":null,"kind":"unclassified"},"geometry":{"type":"LineString","coordinates":[[121.62755739999999,25.235912499999998],[121.6276708,25.2357869]]}},{"type":"Feature","properties":{"name":null,"kind":"service"},"geometry":{"type":"LineString","coordinates":[[121.6327121,25.235454400000002],[121.6332736,25.235485599999993],[121.6346884,25.2364536],[121.634803,25.23644639999999]]}},{"type":"Feature","properties":{"name":"第37號橋","kind":"primary"},"geometry":{"type":"LineString","coordinates":[[121.62945,25.235996600000004],[121.62947339999998,25.236183399999998]]}},{"type":"Feature","properties":{"name":"第37號橋","kind":"primary"},"geometry":{"type":"LineString","coordinates":[[121.62937010000002,25.2361949],[121.6293366,25.2360178]]}},{"type":"Feature","properties":{"name":"海興路","kind":"primary"},"geometry":{"type":"LineString","coordinates":[[121.6293862,25.236255599999996],[121.62937010000002,25.2361949]]}},{"type":"Feature","properties":{"name":null,"kind":"residential"},"geometry":{"type":"LineString","coordinates":[[121.62901249999999,25.236399],[121.62928339999999,25.2363525],[121.6293862,25.236255599999996]]}},{"type":"Feature","properties":{"name":"海興路","kind":"primary"},"geometry":{"type":"LineString","coordinates":[[121.62947339999998,25.236183399999998],[121.6295874,25.236527899999995]]}},{"type":"Feature","properties":{"name":null,"kind":"footway"},"geometry":{"type":"MultiLineString","coordinates":[[[121.6159087,25.236539000000008],[121.6156885,25.2364117]],[[121.6156885,25.2364117],[121.6160674,25.235949799999997],[121.61663400000002,25.2360396],[121.61630739999998,25.236312200000004],[121.6156885,25.2364117]]]}},{"type":"Feature","properties":{"name":null,"kind":"service"},"geometry":{"type":"LineString","coordinates":[[121.61547510000001,25.2360685],[121.61561880000001,25.2364625]]}},{"type":"Feature","properties":{"name":null,"kind":"footway"},"geometry":{"type":"LineString","coordinates":[[121.61630739999998,25.236312200000004],[121.6159087,25.236539000000008]]}},{"type":"Feature","properties":{"name":null,"kind":"service"},"geometry":{"type":"LineString","coordinates":[[121.61561880000001,25.2364625],[121.6156768,25.236590599999996],[121.6159087,25.236539000000008]]}},{"type":"Feature","properties":{"name":null,"kind":"footway"},"geometry":{"type":"LineString","coordinates":[[121.61965169999999,25.2356497],[121.6186549,25.2364188],[121.61815199999998,25.237147499999995],[121.6177265,25.2373555],[121.6173786,25.2374189],[121.61714169999999,25.2378132],[121.61734800000002,25.237656499999996],[121.61736940000002,25.237541199999995]]}},{"type":"Feature","properties":{"name":"法鼓一橋","kind":"residential"},"geometry":{"type":"LineString","coordinates":[[121.6164309,25.2381773],[121.61644920000002,25.237837200000005],[121.61669110000001,25.237612599999995],[121.6173399,25.23754419999999]]}},{"type":"Feature","properties":{"name":null,"kind":"footway"},"geometry":{"type":"LineString","coordinates":[[121.61714169999999,25.2378132],[121.6167363,25.237941199999998]]}},{"type":"Feature","properties":{"name":"法印路","kind":"residential"},"geometry":{"type":"LineString","coordinates":[[121.6164719,25.2383387],[121.6164309,25.2381773]]}},{"type":"Feature","properties":{"name":"法印路","kind":"residential"},"geometry":{"type":"LineString","coordinates":[[121.6164779,25.23840089999999],[121.6164719,25.2383387]]}},{"type":"Feature","properties":{"name":"法印路","kind":"residential"},"geometry":{"type":"LineString","coordinates":[[121.6164602,25.2385267],[121.6164779,25.23840089999999]]}},{"type":"Feature","properties":{"name":"法鼓路","kind":"residential"},"geometry":{"type":"LineString","coordinates":[[121.62901249999999,25.236399],[121.6295874,25.236527899999995]]}},{"type":"Feature","properties":{"name":null,"kind":"track"},"geometry":{"type":"LineString","coordinates":[[121.634803,25.23644639999999],[121.6353177,25.236715900000004]]}},{"type":"Feature","properties":{"name":null,"kind":"service"},"geometry":{"type":"LineString","coordinates":[[121.6327285,25.2354079],[121.63201030000002,25.235526199999995],[121.63171960000001,25.2357336],[121.631729,25.235925200000004],[121.63214200000002,25.2367477],[121.63205350000001,25.2375447],[121.6318973,25.2379475],[121.631709,25.2380345]]}},{"type":"Feature","properties":{"name":null,"kind":"service"},"geometry":{"type":"LineString","coordinates":[[121.6289784,25.236910199999997],[121.6291837,25.2369293],[121.6294444,25.2365397]]}},{"type":"Feature","properties":{"name":"海興路","kind":"primary"},"geometry":{"type":"LineString","coordinates":[[121.6307099,25.2383821],[121.62965580000001,25.2368755],[121.6293862,25.236255599999996]]}},{"type":"Feature","properties":{"name":"海興路","kind":"primary"},"geometry":{"type":"LineString","coordinates":[[121.6295874,25.236527899999995],[121.62973760000001,25.236838499999998],[121.63079100000002,25.238318399999997]]}},{"type":"Feature","properties":{"name":"金山自行車道","kind":"cycleway"},"geometry":{"type":"LineString","coordinates":[[121.6330755,25.2391478],[121.6330516,25.2386625],[121.63319030000001,25.238452900000002],[121.633234,25.2381018],[121.63370699999999,25.237656800000003],[121.6339645,25.236934699999996],[121.63410900000001,25.236736899999997],[121.63436340000001,25.236733099999995],[121.634803,25.23644639999999],[121.6352375,25.236036600000002],[121.63527160000001,25.235824],[121.6353609,25.235750899999996]]}},{"type":"Feature","properties":{"name":null,"kind":"service"},"geometry":{"type":"LineString","coordinates":[[121.6292848,25.237799699999997],[121.6294056,25.237890899999996],[121.62983300000002,25.2375362],[121.6300648,25.2374759]]}},{"type":"Feature","properties":{"name":null,"kind":"service"},"geometry":{"type":"LineString","coordinates":[[121.6302628,25.2375728],[121.63047689999999,25.237438599999997],[121.63071420000001,25.2374277],[121.6316738,25.2379564],[121.631709,25.2380345],[121.6311612,25.238755099999995]]}},{"type":"Feature","properties":{"name":null,"kind":"path"},"geometry":{"type":"LineString","coordinates":[[121.6318973,25.2379475],[121.6323336,25.237866199999996],[121.6324838,25.237929299999998],[121.6325964,25.2378177],[121.63319030000001,25.238452900000002]]}},{"type":"Feature","properties":{"name":null,"kind":"service"},"geometry":{"type":"LineString","coordinates":[[121.62850970000001,25.239183600000004],[121.6289571,25.238679],[121.62889810000001,25.2384995],[121.62748749999999,25.238285999999995],[121.62719249999999,25.238509200000003],[121.62716610000001,25.238625300000006],[121.6277189,25.238591],[121.62783909999999,25.2386517]]}},{"type":"Feature","properties":{"name":null,"kind":"service"},"geometry":{"type":"LineString","coordinates":[[121.6330755,25.2391478],[121.6333933,25.238697899999995]]}},{"type":"Feature","properties":{"name":null,"kind":"service"},"geometry":{"type":"LineString","coordinates":[[121.6277264,25.23877420000001],[121.62783909999999,25.2386517],[121.62817699999998,25.2386941],[121.62864910000002,25.2393468]]}},{"type":"Feature","properties":{"name":"海興路","kind":"primary"},"geometry":{"type":"LineString","coordinates":[[121.63079100000002,25.238318399999997],[121.63127649999998,25.238873999999992],[121.632627,25.2398429]]}},{"type":"Feature","properties":{"name":"中角灣街","kind":"residential"},"geometry":{"type":"LineString","coordinates":[[121.63176580000001,25.239350399999996],[121.63254550000002,25.2388352],[121.6330755,25.2391478]]}},{"type":"Feature","properties":{"name":null,"kind":"service"},"geometry":{"type":"LineString","coordinates":[[121.6279973,25.239075],[121.62819850000001,25.2393431],[121.62864910000002,25.2393468],[121.62894550000001,25.239299500000005],[121.6297653,25.238886800000003]]}},{"type":"Feature","properties":{"name":"海興路","kind":"primary"},"geometry":{"type":"LineString","coordinates":[[121.6329525,25.240368499999995],[121.6325634,25.239912099999998],[121.6312142,25.238932899999995],[121.6307099,25.2383821]]}},{"type":"Feature","properties":{"name":null,"kind":"service"},"geometry":{"type":"LineString","coordinates":[[121.632627,25.2398429],[121.63307780000001,25.239293599999996],[121.6330755,25.2391478]]}},{"type":"Feature","properties":{"name":null,"kind":"service"},"geometry":{"type":"LineString","coordinates":[[121.63127649999998,25.238873999999992],[121.6306144,25.239483400000005],[121.6308845,25.239788500000003],[121.6307498,25.240019400000005],[121.6312544,25.240460300000002],[121.63146760000001,25.2403047],[121.63159900000001,25.240341299999994]]}},{"type":"Feature","properties":{"name":"海興路","kind":"primary"},"geometry":{"type":"LineString","coordinates":[[121.632627,25.2398429],[121.63304090000001,25.240333699999997]]}},{"type":"Feature","properties":{"name":"第36號橋","kind":"primary"},"geometry":{"type":"LineString","coordinates":[[121.63304090000001,25.240333699999997],[121.63306079999998,25.240366199999993]]}},{"type":"Feature","properties":{"name":"第36號橋","kind":"primary"},"geometry":{"type":"LineString","coordinates":[[121.63297550000001,25.2404014],[121.6329525,25.240368499999995]]}},{"type":"Feature","properties":{"name":"海興路","kind":"primary"},"geometry":{"type":"LineString","coordinates":[[121.63306079999998,25.240366199999993],[121.6333311,25.2409253],[121.6334024,25.241245]]}},{"type":"Feature","properties":{"name":"海興路","kind":"primary"},"geometry":{"type":"LineString","coordinates":[[121.6333197,25.241265599999995],[121.63297550000001,25.2404014]]}},{"type":"Feature","properties":{"name":null,"kind":"service"},"geometry":{"type":"LineString","coordinates":[[121.6321527,25.2395088],[121.6312949,25.240732699999995],[121.63103940000002,25.240809799999997],[121.63075710000001,25.240794],[121.6306106,25.241008299999994],[121.6307423,25.241422300000004],[121.6308986,25.241507899999995],[121.63086300000002,25.241671299999997],[121.6309931,25.2418906],[121.63084310000002,25.2420074],[121.6308261,25.2421141],[121.63118680000001,25.2424781],[121.63139280000001,25.2425326],[121.63165290000002,25.242733999999995],[121.6318715,25.242719399999995],[121.63230880000002,25.2422966],[121.63288070000002,25.2420764],[121.6333197,25.241265599999995]]}},{"type":"Feature","properties":{"name":null,"kind":"service"},"geometry":{"type":"LineString","coordinates":[[121.6333197,25.241265599999995],[121.6334024,25.241245]]}},{"type":"Feature","properties":{"name":null,"kind":"service"},"geometry":{"type":"LineString","coordinates":[[121.62932540000001,25.242330599999995],[121.6295494,25.242204499999996],[121.62975710000002,25.241838299999994],[121.63017560000002,25.241742900000002],[121.6303607,25.241807199999997],[121.6306638,25.2416476],[121.6307423,25.241422300000004]]}},{"type":"Feature","properties":{"name":null,"kind":"service"},"geometry":{"type":"LineString","coordinates":[[121.628741,25.241660099999997],[121.6287669,25.241981199999994],[121.6289466,25.2421728]]}},{"type":"Feature","properties":{"name":null,"kind":"service"},"geometry":{"type":"LineString","coordinates":[[121.63043250000001,25.242166200000003],[121.63056449999999,25.242177800000004],[121.63084310000002,25.2420074]]}},{"type":"Feature","properties":{"name":null,"kind":"service"},"geometry":{"type":"LineString","coordinates":[[121.63064159999999,25.2424784],[121.6304593,25.2423031],[121.6308261,25.2421141]]}},{"type":"Feature","properties":{"name":null,"kind":"service"},"geometry":{"type":"LineString","coordinates":[[121.6241282,25.235623799999992],[121.6240746,25.23552919999999],[121.62383190000001,25.235425999999997],[121.62383410000001,25.235256099999997],[121.62440649999999,25.234766399999998],[121.6243877,25.234434],[121.62481690000001,25.2339682]]}},{"type":"Feature","properties":{"name":"法鼓路","kind":"residential"},"geometry":{"type":"LineString","coordinates":[[121.6173399,25.23754419999999],[121.6176779,25.237487800000004],[121.6182754,25.2372145],[121.61917140000001,25.236176099999998],[121.6196669,25.235769799999993],[121.61973360000002,25.235599599999993],[121.6196752,25.2353511],[121.6192111,25.234823700000003],[121.6190434,25.234198700000004],[121.61912520000001,25.2339294],[121.61987220000002,25.233674599999997],[121.62064869999999,25.2332415],[121.6219107,25.2328618],[121.62262019999999,25.232916399999997],[121.6235375,25.2332306],[121.6256832,25.2344316],[121.62628340000002,25.235246500000002],[121.62673599999998,25.235625],[121.62729990000001,25.2357924],[121.6279289,25.2361248],[121.62901249999999,25.236399]]}},{"type":"Feature","properties":{"name":null,"kind":"service"},"geometry":{"type":"LineString","coordinates":[[121.6195298,25.2355453],[121.6194775,25.235501799999998]]}},{"type":"Feature","properties":{"name":"法輪橋","kind":"service"},"geometry":{"type":"LineString","coordinates":[[121.6196348,25.235636699999997],[121.6195298,25.2355453]]}},{"type":"Feature","properties":{"name":null,"kind":"service"},"geometry":{"type":"LineString","coordinates":[[121.61969949999998,25.2356865],[121.6196348,25.235636699999997]]}},{"type":"Feature","properties":{"name":null,"kind":"residential"},"geometry":{"type":"LineString","coordinates":[[121.6280306,25.241970999999996],[121.62817690000001,25.24177739999999],[121.62821020000001,25.241587],[121.6284342,25.241515399999997],[121.62842680000001,25.240880799999996],[121.6280192,25.240575100000004],[121.62763830000002,25.2404587],[121.6274348,25.240190599999995],[121.6272847,25.240229500000005],[121.62716790000002,25.240673299999997],[121.6270391,25.2407218],[121.6265864,25.2401982],[121.6260661,25.2398052],[121.6258354,25.239844],[121.62533660000001,25.240227299999997],[121.6249611,25.240309800000002],[121.62472509999999,25.240275800000003],[121.62462829999998,25.2401337],[121.62475030000002,25.239650900000004],[121.62469129999998,25.239522299999997],[121.62430380000002,25.239728499999995],[121.62415489999998,25.2397225],[121.6240208,25.2396776],[121.6237298,25.239387700000005],[121.62367210000001,25.239467699999995],[121.62369759999999,25.2397297],[121.6233811,25.2398486],[121.62324429999998,25.239734599999995],[121.6232309,25.239564800000004]]}},{"type":"Feature","properties":{"name":null,"kind":"service"},"geometry":{"type":"LineString","coordinates":[[121.6247143,25.2425116],[121.62498860000001,25.243135099999993]]}},{"type":"Feature","properties":{"name":null,"kind":"path"},"geometry":{"type":"LineString","coordinates":[[121.6196753,25.245305099999996],[121.61999440000001,25.2448878],[121.6201295,25.244330599999998],[121.62009150000002,25.2433453],[121.6201537,25.242882799999997],[121.6205528,25.2424518],[121.62059529999999,25.242074399999996]]}},{"type":"Feature","properties":{"name":null,"kind":"service"},"geometry":{"type":"LineString","coordinates":[[121.62383050000001,25.2451034],[121.62354630000002,25.2447979],[121.6234025,25.244785799999992],[121.6232152,25.2448886],[121.6229386,25.244798599999992]]}},{"type":"Feature","properties":{"name":null,"kind":"tertiary"},"geometry":{"type":"LineString","coordinates":[[121.63079100000002,25.238318399999997],[121.6297653,25.238886800000003],[121.629924,25.239605200000003],[121.62954779999998,25.239948199999997],[121.62923,25.2408143],[121.6292533,25.241311899999996],[121.6288308,25.241566699999996],[121.6286189,25.24185539999999],[121.62841240000002,25.241948800000003],[121.6279524,25.241977900000002],[121.62726310000001,25.2419051],[121.6265737,25.2422363],[121.6260784,25.2427091],[121.62540650000001,25.24303419999999],[121.62498860000001,25.243135099999993],[121.6244262,25.24344539999999],[121.62306330000001,25.244795699999997],[121.6229386,25.244798599999992],[121.62279120000001,25.2444871],[121.62269729999998,25.244467699999998],[121.6217049,25.244589599999998],[121.6216807,25.244725399999997],[121.62200299999999,25.244823],[121.62225649999999,25.245087999999996],[121.62176890000002,25.245527099999997],[121.62149080000002,25.2456514],[121.6209315,25.245671699999995],[121.6196309,25.2452921],[121.6194526,25.245314800000003],[121.61940539999999,25.245981799999996],[121.6193098,25.246225500000005],[121.61796530000001,25.247607600000002],[121.6180512,25.2484954],[121.6182497,25.249258399999995],[121.61850980000001,25.249554400000005],[121.6184512,25.2496692],[121.6180981,25.250213],[121.6178071,25.250502899999994],[121.6169448,25.250919000000003],[121.616006,25.251782599999995],[121.615888,25.252024000000002]]}},{"type":"Feature","properties":{"name":null,"kind":"service"},"geometry":{"type":"LineString","coordinates":[[121.63268420000001,25.243136299999996],[121.63213089999999,25.242460899999998]]}},{"type":"Feature","properties":{"name":null,"kind":"service"},"geometry":{"type":"LineString","coordinates":[[121.63396379999999,25.243885499999998],[121.6340368,25.243873499999996],[121.6341448,25.244574699999998],[121.63419510000001,25.245031400000002],[121.6341415,25.2450742]]}},{"type":"Feature","properties":{"name":null,"kind":"residential"},"geometry":{"type":"LineString","coordinates":[[121.63280750000001,25.244173300000003],[121.6328922,25.244770299999995],[121.63276579999999,25.244956399999996]]}},{"type":"Feature","properties":{"name":null,"kind":"residential"},"geometry":{"type":"LineString","coordinates":[[121.6339778,25.243953399999995],[121.6331227,25.244053799999996],[121.63234000000001,25.244445200000005],[121.63167430000001,25.244509600000004],[121.63157469999999,25.244629599999996],[121.6318014,25.245223199999995],[121.631727,25.2455093],[121.6301177,25.245596599999995],[121.62975830000002,25.245868300000005],[121.6294942,25.2464497],[121.6290153,25.246294499999998],[121.62892520000001,25.2461092],[121.6287696,25.246022599999996]]}},{"type":"Feature","properties":{"name":null,"kind":"service"},"geometry":{"type":"LineString","coordinates":[[121.63412310000001,25.245715099999998],[121.63395030000001,25.2456178],[121.63388459999999,25.244917899999997],[121.6340248,25.244859099999996]]}},{"type":"Feature","properties":{"name":null,"kind":"service"},"geometry":{"type":"LineString","coordinates":[[121.6341649,25.245289299999992],[121.63423400000002,25.2453328],[121.6343942,25.246853299999998],[121.63434330000001,25.246922199999997]]}},{"type":"Feature","properties":{"name":null,"kind":"service"},"geometry":{"type":"LineString","coordinates":[[121.63428020000002,25.2463481],[121.63434069999998,25.24634229999999]]}},{"type":"Feature","properties":{"name":null,"kind":"service"},"geometry":{"type":"LineString","coordinates":[[121.63430280000001,25.24655509999999],[121.63387920000001,25.2465895],[121.6333763,25.246734999999997],[121.6336564,25.247371599999997]]}},{"type":"Feature","properties":{"name":"淡金公路","kind":"primary"},"geometry":{"type":"LineString","coordinates":[[121.6334024,25.241245],[121.63410759999998,25.244763000000003],[121.6347131,25.2503921],[121.63469679999999,25.2510891],[121.63425090000001,25.252891099999992]]}},{"type":"Feature","properties":{"name":"淡金公路","kind":"primary"},"geometry":{"type":"LineString","coordinates":[[121.63416840000001,25.252885499999998],[121.63453990000001,25.2514724],[121.6346257,25.250395299999997],[121.6339621,25.244369699999996],[121.6333197,25.241265599999995]]}},{"type":"Feature","properties":{"name":null,"kind":"footway"},"geometry":{"type":"LineString","coordinates":[[121.61639940000002,25.245057099999997],[121.61581470000002,25.244450599999997]]}},{"type":"Feature","properties":{"name":"法心東路","kind":"service"},"geometry":{"type":"LineString","coordinates":[[121.61674530000002,25.244565399999992],[121.61727829999998,25.244632300000003],[121.6174364,25.244748800000004],[121.6176425,25.245200599999993],[121.6175532,25.245524600000003],[121.6169045,25.246197800000004]]}},{"type":"Feature","properties":{"name":"法心北路","kind":"unclassified"},"geometry":{"type":"LineString","coordinates":[[121.6169045,25.246197800000004],[121.61652420000001,25.2460157],[121.61563250000002,25.2452901],[121.6153656,25.2451717],[121.6144648,25.245003999999994],[121.6141815,25.244639600000003]]}},{"type":"Feature","properties":{"name":"法行路","kind":"unclassified"},"geometry":{"type":"LineString","coordinates":[[121.6194526,25.245314800000003],[121.61906810000002,25.2454835],[121.6189312,25.2460293],[121.61849270000002,25.246248299999998],[121.6176639,25.246391299999996],[121.6173333,25.2463696],[121.6169045,25.246197800000004]]}},{"type":"Feature","properties":{"name":"法海路","kind":"service"},"geometry":{"type":"LineString","coordinates":[[121.61849270000002,25.246248299999998],[121.61888009999998,25.2464608]]}},{"type":"Feature","properties":{"name":null,"kind":"service"},"geometry":{"type":"LineString","coordinates":[[121.61888009999998,25.2464608],[121.61913110000002,25.2466214]]}},{"type":"Feature","properties":{"name":"法緣路","kind":"service"},"geometry":{"type":"LineString","coordinates":[[121.6162958,25.2466751],[121.6165667,25.246760999999996],[121.61674770000002,25.246718099999992],[121.6173333,25.2463696]]}},{"type":"Feature","properties":{"name":"法海路","kind":"service"},"geometry":{"type":"LineString","coordinates":[[121.61913110000002,25.2466214],[121.6192849,25.2467442],[121.61946140000002,25.247140799999997],[121.619314,25.247598799999988],[121.6190191,25.2476563],[121.6187611,25.247326600000005],[121.61832740000001,25.2472187]]}},{"type":"Feature","properties":{"name":null,"kind":"unclassified"},"geometry":{"type":"LineString","coordinates":[[121.61646370000001,25.248076599999997],[121.617558,25.248150600000002],[121.61796530000001,25.247607600000002]]}},{"type":"Feature","properties":{"name":null,"kind":"unclassified"},"geometry":{"type":"LineString","coordinates":[[121.62001659999999,25.250163900000004],[121.6196978,25.2501698],[121.61938560000002,25.250416899999994],[121.61909940000001,25.250310999999993],[121.61902790000002,25.250159300000004],[121.61861609999998,25.250002799999997],[121.6184512,25.2496692]]}},{"type":"Feature","properties":{"name":null,"kind":"unclassified"},"geometry":{"type":"LineString","coordinates":[[121.62176890000002,25.245527099999997],[121.62220740000001,25.246175700000002],[121.6226917,25.246170399999997],[121.6231705,25.246506999999998],[121.6236606,25.2465919],[121.6240985,25.246893300000004],[121.62427690000001,25.246898199999997],[121.625764,25.246366799999993],[121.62608730000001,25.2463374],[121.6260344,25.2467511],[121.626939,25.247359700000004],[121.62716430000002,25.247149899999997]]}},{"type":"Feature","properties":{"name":null,"kind":"path"},"geometry":{"type":"LineString","coordinates":[[121.6258972,25.246901599999998],[121.6257481,25.246841099999994],[121.625764,25.246366799999993]]}},{"type":"Feature","properties":{"name":null,"kind":"unclassified"},"geometry":{"type":"LineString","coordinates":[[121.6212383,25.245694800000003],[121.62112640000001,25.245929199999996],[121.62092110000002,25.246092400000002],[121.6207779,25.246470299999995],[121.6213753,25.2465913],[121.62177140000001,25.246758199999995],[121.62190409999998,25.247075199999994],[121.6220928,25.2471803],[121.62212189999998,25.2476079],[121.62221930000001,25.247855499999996],[121.6225345,25.247936199999998]]}},{"type":"Feature","properties":{"name":null,"kind":"track"},"geometry":{"type":"LineString","coordinates":[[121.6260344,25.2467511],[121.62587990000002,25.2469876],[121.62599819999998,25.247231899999996]]}},{"type":"Feature","properties":{"name":null,"kind":"service"},"geometry":{"type":"LineString","coordinates":[[121.626475,25.2470832],[121.6263328,25.247221399999997],[121.6257897,25.2472178],[121.62551879999998,25.247385199999997],[121.625331,25.2477915],[121.6253445,25.248080199999997],[121.6260298,25.2486249],[121.62662460000001,25.249250199999995],[121.6268882,25.249387400000003]]}},{"type":"Feature","properties":{"name":"尖山子山登山路線","kind":"path"},"geometry":{"type":"LineString","coordinates":[[121.62633470000002,25.248945500000005],[121.6256734,25.249447599999993],[121.62557320000002,25.249789099999997]]}},{"type":"Feature","properties":{"name":null,"kind":"service"},"geometry":{"type":"LineString","coordinates":[[121.62221930000001,25.247855499999996],[121.62241580000001,25.24805539999999],[121.62262970000002,25.249110599999998],[121.62233390000002,25.249418099999993],[121.6212879,25.2497802],[121.62119470000002,25.249916099999997],[121.6212463,25.2500725],[121.62201070000002,25.250203499999998],[121.62210859999999,25.250615299999996],[121.6224634,25.2507294],[121.62275639999999,25.251002900000007],[121.62273959999999,25.251115699999996],[121.6225572,25.251225500000004],[121.6225014,25.2514759]]}},{"type":"Feature","properties":{"name":null,"kind":"steps"},"geometry":{"type":"LineString","coordinates":[[121.6195115,25.252590399999995],[121.6199408,25.252481999999997]]}},{"type":"Feature","properties":{"name":null,"kind":"unclassified"},"geometry":{"type":"LineString","coordinates":[[121.62042030000002,25.255983900000004],[121.62038880000001,25.2557638],[121.61997159999999,25.255294799999994],[121.61983890000002,25.2552315],[121.6194986,25.255349499999994]]}},{"type":"Feature","properties":{"name":null,"kind":"unclassified"},"geometry":{"type":"LineString","coordinates":[[121.6214594,25.254813699999996],[121.6222116,25.254809700000003],[121.6226917,25.255251200000004],[121.62274,25.255348200000004],[121.6226515,25.2557145],[121.62236720000001,25.255940099999997],[121.62197020000002,25.2564326],[121.6220856,25.256976],[121.62221429999998,25.2572719],[121.62245570000002,25.2574927],[121.6227749,25.2576285],[121.6231987,25.258240999999998],[121.62341589999998,25.258429],[121.6236359,25.258504200000004],[121.6245626,25.258005699999995],[121.62480400000001,25.2579881],[121.62504,25.258069999999996],[121.6247436,25.2577765],[121.62471949999998,25.257303399999994]]}},{"type":"Feature","properties":{"name":null,"kind":"steps"},"geometry":{"type":"LineString","coordinates":[[121.61900429999999,25.2520753],[121.61927570000002,25.251463]]}},{"type":"Feature","properties":{"name":null,"kind":"steps"},"geometry":{"type":"LineString","coordinates":[[121.61861240000002,25.2520156],[121.61859479999998,25.251706699999996]]}},{"type":"Feature","properties":{"name":null,"kind":"steps"},"geometry":{"type":"LineString","coordinates":[[121.61824079999998,25.252121000000002],[121.6181275,25.251939700000005]]}},{"type":"Feature","properties":{"name":null,"kind":"steps"},"geometry":{"type":"LineString","coordinates":[[121.61932619999999,25.2522768],[121.6197692,25.251921599999996]]}},{"type":"Feature","properties":{"name":null,"kind":"service"},"geometry":{"type":"LineString","coordinates":[[121.61987220000002,25.2516243],[121.61944860000001,25.251378900000002],[121.6188652,25.251634699999993],[121.6181961,25.251812900000004],[121.6179855,25.252204199999998],[121.6173699,25.252151300000005],[121.6171098,25.252268999999988],[121.61656389999999,25.252242299999992],[121.61592089999999,25.2524903],[121.6154026,25.2529361]]}},{"type":"Feature","properties":{"name":null,"kind":"steps"},"geometry":{"type":"LineString","coordinates":[[121.61682850000001,25.252245900000002],[121.61679609999999,25.252386099999995],[121.61686630000001,25.2525203]]}},{"type":"Feature","properties":{"name":null,"kind":"service"},"geometry":{"type":"LineString","coordinates":[[121.6171098,25.252268999999988],[121.6169795,25.252331299999998],[121.61702740000001,25.252508699999993]]}},{"type":"Feature","properties":{"name":null,"kind":"footway"},"geometry":{"type":"LineString","coordinates":[[121.6180365,25.2522539],[121.61833420000002,25.252078000000004],[121.6186909,25.252007700000004],[121.6191898,25.252167799999995],[121.61950499999999,25.2525608],[121.61948750000002,25.253049599999997]]}},{"type":"Feature","properties":{"name":null,"kind":"service"},"geometry":{"type":"LineString","coordinates":[[121.61852600000002,25.2530054],[121.61871710000001,25.2523531]]}},{"type":"Feature","properties":{"name":null,"kind":"footway"},"geometry":{"type":"LineString","coordinates":[[121.6182497,25.2528652],[121.61810390000001,25.253058299999996]]}},{"type":"Feature","properties":{"name":null,"kind":"service"},"geometry":{"type":"LineString","coordinates":[[121.6343461,25.24779819999999],[121.634242,25.2476873],[121.6341626,25.2468975],[121.6342367,25.2467354]]}},{"type":"Feature","properties":{"name":null,"kind":"footway"},"geometry":{"type":"LineString","coordinates":[[121.634242,25.2476873],[121.63422830000002,25.2478616]]}},{"type":"Feature","properties":{"name":null,"kind":"service"},"geometry":{"type":"LineString","coordinates":[[121.63398200000002,25.248124600000004],[121.6337851,25.2476409]]}},{"type":"Feature","properties":{"name":null,"kind":"service"},"geometry":{"type":"LineString","coordinates":[[121.63436790000002,25.247145399999997],[121.63442709999998,25.247140199999997],[121.63464369999998,25.2492059],[121.6345907,25.2492768]]}},{"type":"Feature","properties":{"name":null,"kind":"service"},"geometry":{"type":"LineString","coordinates":[[121.6344572,25.248832200000003],[121.6343647,25.248770999999998],[121.63430970000002,25.248229399999996],[121.63438620000001,25.248173299999998]]}},{"type":"Feature","properties":{"name":null,"kind":"service"},"geometry":{"type":"LineString","coordinates":[[121.6346198,25.249542299999995],[121.6346879,25.249537000000004],[121.63468860000002,25.250168799999997]]}},{"type":"Feature","properties":{"name":null,"kind":"service"},"geometry":{"type":"LineString","coordinates":[[121.63225820000001,25.251214799999993],[121.63206880000001,25.2515821],[121.63233700000002,25.2519084],[121.6323303,25.2520685],[121.6319843,25.2520745],[121.6318032,25.2521594]]}},{"type":"Feature","properties":{"name":"第35號橋","kind":"primary"},"geometry":{"type":"LineString","coordinates":[[121.6341421,25.252990300000004],[121.63416840000001,25.252885499999998]]}},{"type":"Feature","properties":{"name":"第35號橋","kind":"primary"},"geometry":{"type":"LineString","coordinates":[[121.63425090000001,25.252891099999992],[121.63421990000002,25.253]]}},{"type":"Feature","properties":{"name":null,"kind":"unclassified"},"geometry":{"type":"LineString","coordinates":[[121.6345164,25.247992],[121.63416170000002,25.248029099999997],[121.63378649999999,25.248334999999997],[121.63353539999999,25.248917899999995],[121.6336829,25.2493716],[121.63346429999999,25.2497076],[121.6325819,25.2505542],[121.63225820000001,25.251214799999993],[121.63197169999998,25.251552500000006],[121.63146480000002,25.251566999999998],[121.6307339,25.252051],[121.62983690000002,25.252078799999992],[121.62942950000001,25.2519564],[121.6289861,25.252086199999997],[121.62872050000001,25.2522365],[121.62839449999998,25.252554899999996],[121.62831300000002,25.2530827],[121.6281125,25.253109200000004],[121.627692,25.252933800000008],[121.62676950000001,25.2528527],[121.62621530000001,25.2531195],[121.626142,25.253318499999995],[121.6257622,25.2536708],[121.62497179999998,25.253967100000004],[121.6247664,25.253959800000004],[121.62452350000001,25.253728299999995],[121.62371350000001,25.253579399999996],[121.62326010000001,25.253328000000003],[121.62314250000001,25.2533697],[121.62310800000002,25.253776199999997],[121.6231979,25.254018],[121.62348370000001,25.254364100000004],[121.6233892,25.254487099999995],[121.6230319,25.254601699999995],[121.6217734,25.2546247],[121.6215636,25.2547164],[121.6212732,25.2549874],[121.62090669999999,25.255664899999996],[121.6207223,25.2558421],[121.62042030000002,25.255983900000004],[121.62032710000001,25.2563654],[121.6204281,25.256648399999992],[121.6208568,25.2570995],[121.620922,25.2572926],[121.620653,25.257882200000005],[121.6208714,25.258209499999996]]}},{"type":"Feature","properties":{"name":null,"kind":"residential"},"geometry":{"type":"LineString","coordinates":[[121.6268116,25.253982299999997],[121.626404,25.253836699999994],[121.6260604,25.2533942]]}},{"type":"Feature","properties":{"name":"淡金公路","kind":"primary"},"geometry":{"type":"LineString","coordinates":[[121.6333964,25.256299199999997],[121.6335009,25.255397599999995],[121.6341421,25.252990300000004]]}},{"type":"Feature","properties":{"name":"淡金公路","kind":"primary"},"geometry":{"type":"LineString","coordinates":[[121.63421990000002,25.253],[121.6335991,25.255411699999996],[121.6334984,25.256308899999997]]}},{"type":"Feature","properties":{"name":"第34號橋","kind":"primary"},"geometry":{"type":"LineString","coordinates":[[121.63338050000002,25.256443099999995],[121.6333964,25.256299199999997]]}},{"type":"Feature","properties":{"name":"第34號橋","kind":"primary"},"geometry":{"type":"LineString","coordinates":[[121.6334984,25.256308899999997],[121.6334874,25.2564506]]}},{"type":"Feature","properties":{"name":"淡金公路","kind":"primary"},"geometry":{"type":"LineString","coordinates":[[121.6334874,25.2564506],[121.6333921,25.257338500000003]]}},{"type":"Feature","properties":{"name":"淡金公路","kind":"primary"},"geometry":{"type":"LineString","coordinates":[[121.63330490000001,25.257347799999994],[121.63338050000002,25.256443099999995]]}},{"type":"Feature","properties":{"name":null,"kind":"residential"},"geometry":{"type":"LineString","coordinates":[[121.63085650000001,25.257428299999997],[121.6310938,25.257227],[121.63175230000002,25.256906799999996]]}},{"type":"Feature","properties":{"name":null,"kind":"unclassified"},"geometry":{"type":"LineString","coordinates":[[121.63083630000001,25.2574793],[121.6309585,25.257194299999995],[121.63091289999998,25.2569663]]}},{"type":"Feature","properties":{"name":"第33號橋","kind":"primary"},"geometry":{"type":"LineString","coordinates":[[121.6333921,25.257338500000003],[121.6333855,25.257420199999995]]}},{"type":"Feature","properties":{"name":null,"kind":"steps"},"geometry":{"type":"LineString","coordinates":[[121.6168764,25.253280600000004],[121.61730649999998,25.2530051]]}},{"type":"Feature","properties":{"name":null,"kind":"service"},"geometry":{"type":"LineString","coordinates":[[121.6159973,25.252453900000003],[121.6160723,25.2525739],[121.61637630000001,25.2526895],[121.6173584,25.253922400000004]]}},{"type":"Feature","properties":{"name":null,"kind":"steps"},"geometry":{"type":"LineString","coordinates":[[121.61810390000001,25.253058299999996],[121.6176108,25.2537428]]}},{"type":"Feature","properties":{"name":null,"kind":"service"},"geometry":{"type":"LineString","coordinates":[[121.61882720000001,25.253259499999995],[121.61863499999998,25.2536885],[121.6190275,25.254188200000005]]}},{"type":"Feature","properties":{"name":null,"kind":"steps"},"geometry":{"type":"LineString","coordinates":[[121.61857549999999,25.254083099999995],[121.6190759,25.253785199999996]]}},{"type":"Feature","properties":{"name":null,"kind":"service"},"geometry":{"type":"LineString","coordinates":[[121.6154347,25.263781099999992],[121.6158388,25.263780899999997],[121.6167935,25.2634405],[121.61710930000001,25.2635139],[121.61737090000001,25.263719899999998],[121.6175514,25.263728699999998],[121.61756740000001,25.263301800000004],[121.6179294,25.262659999999997],[121.6176694,25.262345499999995],[121.6176312,25.262188300000002],[121.61773159999998,25.262111899999997],[121.61814149999998,25.2623066],[121.6188193,25.26239599999999],[121.61921009999999,25.262844600000005]]}},{"type":"Feature","properties":{"name":"第33號橋","kind":"primary"},"geometry":{"type":"LineString","coordinates":[[121.63329829999999,25.257429599999995],[121.63330490000001,25.257347799999994]]}},{"type":"Feature","properties":{"name":null,"kind":"unclassified"},"geometry":{"type":"LineString","coordinates":[[121.63083630000001,25.2574793],[121.63084830000001,25.257535099999995]]}},{"type":"Feature","properties":{"name":null,"kind":"unclassified"},"geometry":{"type":"LineString","coordinates":[[121.63084830000001,25.257535099999995],[121.63117560000002,25.2576176],[121.63178979999999,25.257587299999997],[121.63201910000001,25.257747400000003],[121.6325395,25.257818899999993],[121.6326414,25.2577728],[121.6328064,25.2574805],[121.63306790000001,25.2574502],[121.6333951,25.257301000000002]]}},{"type":"Feature","properties":{"name":null,"kind":"service"},"geometry":{"type":"LineString","coordinates":[[121.6303585,25.2583651],[121.63022849999999,25.258278299999997],[121.62995790000001,25.2582579],[121.62930380000002,25.258651599999993],[121.62896320000002,25.2582518]]}},{"type":"Feature","properties":{"name":null,"kind":"residential"},"geometry":{"type":"LineString","coordinates":[[121.63103739999998,25.258301699999997],[121.63097439999999,25.2586789]]}},{"type":"Feature","properties":{"name":null,"kind":"primary_link"},"geometry":{"type":"LineString","coordinates":[[121.63318670000001,25.2586966],[121.63308800000001,25.258682499999995]]}},{"type":"Feature","properties":{"name":"忠義路","kind":"unclassified"},"geometry":{"type":"LineString","coordinates":[[121.6324398,25.2601162],[121.632117,25.259907200000004],[121.63202380000001,25.259712499999996],[121.63182189999999,25.2596131],[121.63119090000002,25.259617299999995],[121.630865,25.259717099999996],[121.6313231,25.258872900000004],[121.6313151,25.2584751],[121.63103739999998,25.258301699999997],[121.6310066,25.258213099999992],[121.6308296,25.258170699999994],[121.6301725,25.258483400000003],[121.6299424,25.258800499999992],[121.6293622,25.258829100000003],[121.62891920000001,25.2591169],[121.6286381,25.259142600000004],[121.6282728,25.2589097],[121.62813540000002,25.2587341],[121.62790110000002,25.2587913],[121.6277061,25.259009399999997],[121.62741340000001,25.2606882],[121.62695379999998,25.2605394]]}},{"type":"Feature","properties":{"name":"忠義路","kind":"residential"},"geometry":{"type":"LineString","coordinates":[[121.6309097,25.2597502],[121.630937,25.2599793],[121.6306903,25.2603965]]}},{"type":"Feature","properties":{"name":null,"kind":"residential"},"geometry":{"type":"LineString","coordinates":[[121.62741340000001,25.2606882],[121.62707580000001,25.261013599999995],[121.62676470000001,25.2611471],[121.6266118,25.261132500000002]]}},{"type":"Feature","properties":{"name":"忠義路","kind":"residential"},"geometry":{"type":"LineString","coordinates":[[121.62676470000001,25.2611471],[121.6269001,25.261220999999992],[121.6269967,25.261533999999997]]}},{"type":"Feature","properties":{"name":null,"kind":"unclassified"},"geometry":{"type":"LineString","coordinates":[[121.624698,25.257521799999996],[121.6249971,25.257495099999996]]}},{"type":"Feature","properties":{"name":null,"kind":"service"},"geometry":{"type":"LineString","coordinates":[[121.6212405,25.2586917],[121.62152170000002,25.2590805],[121.6218919,25.2592454],[121.6222969,25.259519499999996],[121.6223398,25.259619],[121.6222969,25.259701499999995],[121.62209299999999,25.259762099999996],[121.62115699999998,25.2593837],[121.6211543,25.2598713]]}},{"type":"Feature","properties":{"name":null,"kind":"service"},"geometry":{"type":"LineString","coordinates":[[121.6208714,25.258209499999996],[121.6212406,25.2584611],[121.6212974,25.258616500000002],[121.62220100000002,25.25904099999999],[121.62240270000001,25.259204399999998],[121.62317039999999,25.2600839],[121.6231313,25.260388799999998],[121.6229747,25.2604841],[121.62167410000002,25.260415999999996],[121.6216621,25.260685599999995],[121.62177650000001,25.2608381],[121.62194509999999,25.2607727],[121.6222341,25.260789099999997],[121.6224418,25.2609388]]}},{"type":"Feature","properties":{"name":null,"kind":"service"},"geometry":{"type":"LineString","coordinates":[[121.6207739,25.2610559],[121.62094510000001,25.2604025],[121.6208995,25.259449199999995],[121.62114619999998,25.258816099999997],[121.6212974,25.258616500000002]]}},{"type":"Feature","properties":{"name":null,"kind":"service"},"geometry":{"type":"LineString","coordinates":[[121.62177650000001,25.2608381],[121.62183070000002,25.261047699999992],[121.62169820000001,25.2610804],[121.6207739,25.2610559],[121.62053280000002,25.2615842]]}},{"type":"Feature","properties":{"name":null,"kind":"service"},"geometry":{"type":"LineString","coordinates":[[121.6242206,25.264543000000003],[121.6240892,25.264355000000002]]}},{"type":"Feature","properties":{"name":null,"kind":"service"},"geometry":{"type":"LineString","coordinates":[[121.6241388,25.2644557],[121.62382360000001,25.264496899999994]]}},{"type":"Feature","properties":{"name":null,"kind":"residential"},"geometry":{"type":"LineString","coordinates":[[121.6244739,25.2663045],[121.6243829,25.265830300000005],[121.6239765,25.265181000000002],[121.62397119999999,25.2650536],[121.6241589,25.2647941],[121.6242206,25.264543000000003],[121.62439359999999,25.264358699999995]]}},{"type":"Feature","properties":{"name":null,"kind":"service"},"geometry":{"type":"LineString","coordinates":[[121.62289370000002,25.266736],[121.62284270000002,25.2666294],[121.6226521,25.266546299999998],[121.62261230000001,25.266339599999995],[121.62246059999998,25.2662847],[121.6225194,25.265923700000002],[121.62232310000002,25.265745299999995],[121.62243689999998,25.265553199999996],[121.62278400000001,25.2654503],[121.62297360000001,25.265465700000004]]}},{"type":"Feature","properties":{"name":null,"kind":"residential"},"geometry":{"type":"MultiLineString","coordinates":[[[121.624518,25.266315699999996],[121.6245593,25.266142500000008],[121.62478490000001,25.265986299999994],[121.6251936,25.266123499999992]],[[121.6251936,25.266123499999992],[121.6253254,25.265976800000004],[121.62543260000001,25.2661029],[121.62523340000001,25.266270999999996],[121.6251936,25.266123499999992]]]}},{"type":"Feature","properties":{"name":"加投路","kind":"primary"},"geometry":{"type":"LineString","coordinates":[[121.6423852,25.2165704],[121.6467258,25.2120882],[121.6504218,25.209279499999994]]}},{"type":"Feature","properties":{"name":"加投路","kind":"primary"},"geometry":{"type":"LineString","coordinates":[[121.6504647,25.209343899999993],[121.64677720000002,25.212153299999994],[121.6424585,25.2166109]]}},{"type":"Feature","properties":{"name":null,"kind":"residential"},"geometry":{"type":"LineString","coordinates":[[121.6401406,25.215997199999997],[121.6408999,25.2161124]]}},{"type":"Feature","properties":{"name":null,"kind":"residential"},"geometry":{"type":"LineString","coordinates":[[121.6404976,25.215888099999994],[121.6402932,25.2169787]]}},{"type":"Feature","properties":{"name":null,"kind":"service"},"geometry":{"type":"LineString","coordinates":[[121.63750769999999,25.216495899999998],[121.63783100000002,25.216605199999993],[121.6382521,25.216568800000005]]}},{"type":"Feature","properties":{"name":"自強路","kind":"residential"},"geometry":{"type":"LineString","coordinates":[[121.64095700000001,25.2177419],[121.64088800000002,25.217513299999997],[121.64002480000002,25.216693300000003],[121.6399795,25.216598699999995],[121.64018150000001,25.215766900000002],[121.6399865,25.21576380000001]]}},{"type":"Feature","properties":{"name":null,"kind":"service"},"geometry":{"type":"LineString","coordinates":[[121.6423852,25.2165704],[121.64307250000002,25.217081999999998]]}},{"type":"Feature","properties":{"name":null,"kind":"residential"},"geometry":{"type":"LineString","coordinates":[[121.6373455,25.2172288],[121.6371028,25.2171039],[121.63691370000001,25.216851499999997],[121.63628470000002,25.216617300000003]]}},{"type":"Feature","properties":{"name":null,"kind":"service"},"geometry":{"type":"LineString","coordinates":[[121.6416404,25.216834699999993],[121.6417274,25.216931600000002],[121.64159859999998,25.217079599999995]]}},{"type":"Feature","properties":{"name":null,"kind":"service"},"geometry":{"type":"MultiLineString","coordinates":[[[121.64159859999998,25.217079599999995],[121.641199,25.2174302],[121.64108549999999,25.217353599999992]],[[121.64108549999999,25.217353599999992],[121.6409791,25.217254299999997],[121.6416925,25.2166234],[121.6417328,25.2167484],[121.64108549999999,25.217353599999992]]]}},{"type":"Feature","properties":{"name":"中山路","kind":"primary"},"geometry":{"type":"LineString","coordinates":[[121.64146140000001,25.217501],[121.6423852,25.2165704]]}},{"type":"Feature","properties":{"name":null,"kind":"service"},"geometry":{"type":"LineString","coordinates":[[121.64176209999998,25.217227800000003],[121.64159859999998,25.217079599999995]]}},{"type":"Feature","properties":{"name":"中山路","kind":"primary"},"geometry":{"type":"LineString","coordinates":[[121.6424585,25.2166109],[121.64143379999999,25.217695799999998]]}},{"type":"Feature","properties":{"name":null,"kind":"residential"},"geometry":{"type":"LineString","coordinates":[[121.6372932,25.217726899999995],[121.63606069999999,25.217374999999997],[121.6357382,25.217473299999995],[121.6355075,25.217394400000003],[121.6352933,25.217201099999997]]}},{"type":"Feature","properties":{"name":null,"kind":"footway"},"geometry":{"type":"LineString","coordinates":[[121.64090120000002,25.217550299999992],[121.6411691,25.21741]]}},{"type":"Feature","properties":{"name":null,"kind":"residential"},"geometry":{"type":"LineString","coordinates":[[121.64172060000001,25.21741739999999],[121.6417379,25.217715]]}},{"type":"Feature","properties":{"name":"中山路","kind":"primary_link"},"geometry":{"type":"LineString","coordinates":[[121.64133960000001,25.217660100000007],[121.64146140000001,25.217501]]}},{"type":"Feature","properties":{"name":null,"kind":"track"},"geometry":{"type":"LineString","coordinates":[[121.64178549999998,25.2173593],[121.64319250000001,25.2181155]]}},{"type":"Feature","properties":{"name":"忠孝一路19巷","kind":"residential"},"geometry":{"type":"LineString","coordinates":[[121.6370989,25.2176644],[121.636966,25.217954099999996]]}},{"type":"Feature","properties":{"name":"中山路","kind":"tertiary"},"geometry":{"type":"LineString","coordinates":[[121.64143379999999,25.217695799999998],[121.6411658,25.2179691]]}},{"type":"Feature","properties":{"name":null,"kind":"tertiary_link"},"geometry":{"type":"LineString","coordinates":[[121.6410484,25.217942499999996],[121.64095700000001,25.2177419]]}},{"type":"Feature","properties":{"name":"中興路","kind":"residential"},"geometry":{"type":"LineString","coordinates":[[121.64146140000001,25.217501],[121.6417379,25.217715],[121.6417411,25.2183098]]}},{"type":"Feature","properties":{"name":"中興路","kind":"residential"},"geometry":{"type":"LineString","coordinates":[[121.6417411,25.2183098],[121.6416835,25.217917899999993],[121.6416215,25.217794199999993],[121.64143379999999,25.217695799999998]]}},{"type":"Feature","properties":{"name":null,"kind":"footway"},"geometry":{"type":"LineString","coordinates":[[121.6411658,25.2179691],[121.6417201,25.218166799999995]]}},{"type":"Feature","properties":{"name":"環金路50巷","kind":"residential"},"geometry":{"type":"LineString","coordinates":[[121.63946050000001,25.2173143],[121.63932550000001,25.21752],[121.63927450000001,25.218482199999997],[121.63915240000001,25.218615600000003],[121.63914310000001,25.218761199999992],[121.63896489999999,25.2188995]]}},{"type":"Feature","properties":{"name":"中山路","kind":"tertiary"},"geometry":{"type":"LineString","coordinates":[[121.6404948,25.2185834],[121.64133960000001,25.217660100000007]]}},{"type":"Feature","properties":{"name":"中山路","kind":"tertiary"},"geometry":{"type":"LineString","coordinates":[[121.6411658,25.2179691],[121.6404948,25.2185834]]}},{"type":"Feature","properties":{"name":"忠孝一路19巷","kind":"residential"},"geometry":{"type":"LineString","coordinates":[[121.6373254,25.217401099999996],[121.6372932,25.217726899999995],[121.6380214,25.2180423],[121.63840780000001,25.218298900000004],[121.63834719999998,25.2187136],[121.6385384,25.2191015],[121.63869,25.219199199999995]]}},{"type":"Feature","properties":{"name":"金美街","kind":"residential"},"geometry":{"type":"LineString","coordinates":[[121.6382255,25.218718600000003],[121.6372292,25.218039700000002],[121.6367716,25.217924]]}},{"type":"Feature","properties":{"name":null,"kind":"service"},"geometry":{"type":"LineString","coordinates":[[121.6391388,25.2187304],[121.638915,25.2186017],[121.63868460000002,25.218125]]}},{"type":"Feature","properties":{"name":null,"kind":"steps"},"geometry":{"type":"LineString","coordinates":[[121.63905670000001,25.218557499999996],[121.63915240000001,25.218615600000003]]}},{"type":"Feature","properties":{"name":null,"kind":"service"},"geometry":{"type":"LineString","coordinates":[[121.6453286,25.220044099999996],[121.6448871,25.219984099999998],[121.644875,25.219301599999998],[121.64370260000001,25.219217899999997]]}},{"type":"Feature","properties":{"name":null,"kind":"path"},"geometry":{"type":"LineString","coordinates":[[121.6393518,25.219787599999997],[121.6390524,25.2195945],[121.63869,25.219199199999995]]}},{"type":"Feature","properties":{"name":"忠孝路20巷","kind":"residential"},"geometry":{"type":"LineString","coordinates":[[121.6384591,25.2194781],[121.6387339,25.2196638]]}},{"type":"Feature","properties":{"name":null,"kind":"footway"},"geometry":{"type":"LineString","coordinates":[[121.6399534,25.219673599999993],[121.6400658,25.219612899999998]]}},{"type":"Feature","properties":{"name":null,"kind":"footway"},"geometry":{"type":"LineString","coordinates":[[121.6394813,25.219640499999993],[121.63963060000002,25.219641800000005]]}},{"type":"Feature","properties":{"name":"中興路","kind":"residential"},"geometry":{"type":"LineString","coordinates":[[121.6417411,25.2183098],[121.6420288,25.2210029]]}},{"type":"Feature","properties":{"name":null,"kind":"footway"},"geometry":{"type":"LineString","coordinates":[[121.63962250000002,25.219647999999996],[121.6395793,25.219703899999995]]}},{"type":"Feature","properties":{"name":null,"kind":"steps"},"geometry":{"type":"LineString","coordinates":[[121.6395456,25.219683099999994],[121.6395793,25.219703899999995]]}},{"type":"Feature","properties":{"name":null,"kind":"footway"},"geometry":{"type":"LineString","coordinates":[[121.63963060000002,25.219641800000005],[121.6398326,25.219772899999995],[121.6399534,25.219673599999993]]}},{"type":"Feature","properties":{"name":null,"kind":"footway"},"geometry":{"type":"LineString","coordinates":[[121.63949089999998,25.219750500000004],[121.6395456,25.219683099999994]]}},{"type":"Feature","properties":{"name":null,"kind":"footway"},"geometry":{"type":"LineString","coordinates":[[121.6400658,25.219778999999996],[121.6399534,25.219673599999993]]}},{"type":"Feature","properties":{"name":"民生路51巷","kind":"service"},"geometry":{"type":"LineString","coordinates":[[121.6419128,25.2202394],[121.64214220000001,25.220197999999996],[121.64226150000002,25.219939800000002],[121.642719,25.220034699999992],[121.64296990000001,25.220170200000005],[121.64347270000002,25.2201856],[121.64353519999999,25.220066699999997],[121.6434437,25.219812],[121.6435743,25.219242699999995]]}},{"type":"Feature","properties":{"name":"仁愛路1巷","kind":"residential"},"geometry":{"type":"LineString","coordinates":[[121.63848090000002,25.219979499999994],[121.63885620000002,25.21954330000001]]}},{"type":"Feature","properties":{"name":null,"kind":"footway"},"geometry":{"type":"LineString","coordinates":[[121.6400658,25.219778999999996],[121.6400977,25.219753299999997]]}},{"type":"Feature","properties":{"name":null,"kind":"footway"},"geometry":{"type":"LineString","coordinates":[[121.6413431,25.219945700000004],[121.6408795,25.219588700000003],[121.64043959999998,25.220012100000005]]}},{"type":"Feature","properties":{"name":null,"kind":"footway"},"geometry":{"type":"LineString","coordinates":[[121.6394295,25.219696999999993],[121.6397664,25.220018]]}},{"type":"Feature","properties":{"name":"福德街","kind":"residential"},"geometry":{"type":"LineString","coordinates":[[121.63760250000001,25.220329899999996],[121.63649120000001,25.219435499999992]]}},{"type":"Feature","properties":{"name":null,"kind":"footway"},"geometry":{"type":"LineString","coordinates":[[121.64013860000001,25.219735199999995],[121.6397605,25.220041100000003]]}},{"type":"Feature","properties":{"name":null,"kind":"footway"},"geometry":{"type":"LineString","coordinates":[[121.6400658,25.219778999999996],[121.6397664,25.220018]]}},{"type":"Feature","properties":{"name":"媽祖街","kind":"unclassified"},"geometry":{"type":"LineString","coordinates":[[121.64021339999998,25.219904699999997],[121.6403581,25.219944699999996],[121.6404976,25.219865299999995]]}},{"type":"Feature","properties":{"name":null,"kind":"footway"},"geometry":{"type":"LineString","coordinates":[[121.6413431,25.219945700000004],[121.6413777,25.2198922],[121.6417956,25.2198571]]}},{"type":"Feature","properties":{"name":null,"kind":"footway"},"geometry":{"type":"LineString","coordinates":[[121.64121809999999,25.220283600000002],[121.641192,25.2201553]]}},{"type":"Feature","properties":{"name":null,"kind":"footway"},"geometry":{"type":"LineString","coordinates":[[121.64102660000002,25.2201984],[121.641251,25.2202784]]}},{"type":"Feature","properties":{"name":null,"kind":"footway"},"geometry":{"type":"LineString","coordinates":[[121.6397605,25.220041100000003],[121.64029099999999,25.220461]]}},{"type":"Feature","properties":{"name":"民生路","kind":"tertiary"},"geometry":{"type":"LineString","coordinates":[[121.63976680000002,25.219337500000005],[121.6400479,25.2195829],[121.64036480000001,25.220227400000002],[121.6407049,25.220537],[121.6425611,25.221207]]}},{"type":"Feature","properties":{"name":null,"kind":"footway"},"geometry":{"type":"LineString","coordinates":[[121.6372162,25.2200191],[121.63669460000001,25.2205724]]}},{"type":"Feature","properties":{"name":null,"kind":"footway"},"geometry":{"type":"LineString","coordinates":[[121.6364188,25.220392599999997],[121.6365267,25.2202866],[121.63643719999999,25.220219899999993]]}},{"type":"Feature","properties":{"name":null,"kind":"footway"},"geometry":{"type":"LineString","coordinates":[[121.63680110000001,25.220203399999995],[121.63674320000001,25.220331999999996],[121.6368394,25.220412700000004]]}},{"type":"Feature","properties":{"name":null,"kind":"footway"},"geometry":{"type":"LineString","coordinates":[[121.641251,25.2202784],[121.6413847,25.2203688],[121.64183430000001,25.220335700000003]]}},{"type":"Feature","properties":{"name":null,"kind":"residential"},"geometry":{"type":"LineString","coordinates":[[121.64296990000001,25.220170200000005],[121.64283690000002,25.2204306],[121.6426913,25.220388099999994],[121.64260780000001,25.2204683]]}},{"type":"Feature","properties":{"name":"慈護街","kind":"residential"},"geometry":{"type":"LineString","coordinates":[[121.6394493,25.220076400000004],[121.6400824,25.220620999999998]]}},{"type":"Feature","properties":{"name":"萬金橋","kind":"residential"},"geometry":{"type":"LineString","coordinates":[[121.64599200000002,25.221300999999997],[121.64580060000002,25.221597300000003]]}},{"type":"Feature","properties":{"name":null,"kind":"residential"},"geometry":{"type":"LineString","coordinates":[[121.64472629999999,25.221883099999996],[121.64436830000001,25.221371099999992],[121.64375920000002,25.2211832],[121.6435978,25.221447399999995]]}},{"type":"Feature","properties":{"name":"民生路","kind":"unclassified"},"geometry":{"type":"LineString","coordinates":[[121.6425611,25.221207],[121.6432074,25.2212201],[121.6434846,25.221351799999997],[121.6438501,25.221761099999995],[121.6441036,25.221901400000004],[121.6458259,25.221759999999996]]}},{"type":"Feature","properties":{"name":"萬金橋","kind":"unclassified"},"geometry":{"type":"LineString","coordinates":[[121.64580060000002,25.221597300000003],[121.6458259,25.221759999999996]]}},{"type":"Feature","properties":{"name":null,"kind":"service"},"geometry":{"type":"LineString","coordinates":[[121.63779330000001,25.220482699999998],[121.6374973,25.2207639]]}},{"type":"Feature","properties":{"name":null,"kind":"service"},"geometry":{"type":"LineString","coordinates":[[121.6369209,25.2206667],[121.6369483,25.220637099999998]]}},{"type":"Feature","properties":{"name":"福德街","kind":"residential"},"geometry":{"type":"LineString","coordinates":[[121.63760250000001,25.220329899999996],[121.6384229,25.220978799999997]]}},{"type":"Feature","properties":{"name":null,"kind":"service"},"geometry":{"type":"LineString","coordinates":[[121.63696559999998,25.2206512],[121.6369387,25.2206805]]}},{"type":"Feature","properties":{"name":null,"kind":"service"},"geometry":{"type":"LineString","coordinates":[[121.6368883,25.220697199999996],[121.6369209,25.2206667]]}},{"type":"Feature","properties":{"name":null,"kind":"service"},"geometry":{"type":"LineString","coordinates":[[121.6369387,25.2206805],[121.63691219999998,25.22071259999999]]}},{"type":"Feature","properties":{"name":"金包里街14巷","kind":"residential"},"geometry":{"type":"LineString","coordinates":[[121.6405689,25.220423699999998],[121.64043470000001,25.220769000000004],[121.64065640000001,25.2210442],[121.64052860000001,25.2213434]]}},{"type":"Feature","properties":{"name":null,"kind":"footway"},"geometry":{"type":"LineString","coordinates":[[121.64151450000001,25.2209741],[121.6420441,25.221100399999994]]}},{"type":"Feature","properties":{"name":null,"kind":"footway"},"geometry":{"type":"LineString","coordinates":[[121.6387395,25.221204699999998],[121.63849020000002,25.220905699999996]]}},{"type":"Feature","properties":{"name":null,"kind":"footway"},"geometry":{"type":"LineString","coordinates":[[121.64002390000002,25.2206722],[121.64014090000002,25.2210804],[121.640049,25.2210998],[121.64002990000002,25.221463799999995],[121.63986530000001,25.221469199999998]]}},{"type":"Feature","properties":{"name":null,"kind":"footway"},"geometry":{"type":"LineString","coordinates":[[121.64139020000002,25.220788899999995],[121.6411591,25.221039799999996],[121.6405219,25.221359799999995]]}},{"type":"Feature","properties":{"name":"信義路","kind":"residential"},"geometry":{"type":"LineString","coordinates":[[121.6371036,25.220836],[121.63794390000001,25.2213916]]}},{"type":"Feature","properties":{"name":null,"kind":"cycleway"},"geometry":{"type":"LineString","coordinates":[[121.6417615,25.22134309999999],[121.64150010000002,25.221126200000004],[121.6416892,25.220885799999998]]}},{"type":"Feature","properties":{"name":null,"kind":"steps"},"geometry":{"type":"LineString","coordinates":[[121.6387764,25.221210099999997],[121.6387395,25.221204699999998]]}},{"type":"Feature","properties":{"name":null,"kind":"footway"},"geometry":{"type":"LineString","coordinates":[[121.64053580000001,25.221326599999994],[121.64043800000002,25.221395999999995],[121.64029250000002,25.221292899999998],[121.64028110000001,25.221136999999995],[121.6401381,25.221040600000002]]}},{"type":"Feature","properties":{"name":null,"kind":"footway"},"geometry":{"type":"LineString","coordinates":[[121.64141640000001,25.2210948],[121.6417102,25.221347100000003]]}},{"type":"Feature","properties":{"name":null,"kind":"footway"},"geometry":{"type":"LineString","coordinates":[[121.6389686,25.2214204],[121.6387764,25.221210099999997]]}},{"type":"Feature","properties":{"name":null,"kind":"footway"},"geometry":{"type":"LineString","coordinates":[[121.6387395,25.221204699999998],[121.6384307,25.2214463]]}},{"type":"Feature","properties":{"name":null,"kind":"tertiary_link"},"geometry":{"type":"LineString","coordinates":[[121.64290459999998,25.221443000000004],[121.6430715,25.2211912]]}},{"type":"Feature","properties":{"name":null,"kind":"footway"},"geometry":{"type":"LineString","coordinates":[[121.6402777,25.2212049],[121.64019649999999,25.221409199999997],[121.64002990000002,25.221463799999995]]}},{"type":"Feature","properties":{"name":null,"kind":"footway"},"geometry":{"type":"LineString","coordinates":[[121.64041810000002,25.221819299999996],[121.6406017,25.2218028],[121.6408231,25.2216518],[121.6411149,25.221296399999996],[121.64141640000001,25.2210948],[121.64151450000001,25.2209741],[121.64133570000001,25.220860899999995]]}},{"type":"Feature","properties":{"name":null,"kind":"footway"},"geometry":{"type":"LineString","coordinates":[[121.6430088,25.221625799999998],[121.6423803,25.2212096],[121.6420441,25.221100399999994]]}},{"type":"Feature","properties":{"name":null,"kind":"footway"},"geometry":{"type":"LineString","coordinates":[[121.6411149,25.221296399999996],[121.64091450000001,25.221257299999998],[121.6409221,25.221522200000003]]}},{"type":"Feature","properties":{"name":"入口橋","kind":"residential"},"geometry":{"type":"LineString","coordinates":[[121.64052860000001,25.2213434],[121.6404937,25.221429000000004]]}},{"type":"Feature","properties":{"name":"中山路227巷","kind":"footway"},"geometry":{"type":"LineString","coordinates":[[121.63677950000002,25.221160100000002],[121.63757060000002,25.221691399999994]]}},{"type":"Feature","properties":{"name":"金包里街","kind":"pedestrian"},"geometry":{"type":"LineString","coordinates":[[121.6404616,25.220317799999997],[121.6389328,25.221455],[121.63827480000002,25.221859300000002],[121.63753170000001,25.2225704]]}},{"type":"Feature","properties":{"name":null,"kind":"footway"},"geometry":{"type":"LineString","coordinates":[[121.64002990000002,25.221463799999995],[121.6400121,25.221544099999992]]}},{"type":"Feature","properties":{"name":"溫泉路2巷","kind":"residential"},"geometry":{"type":"LineString","coordinates":[[121.6396527,25.2219476],[121.6399848,25.221929299999996],[121.640557,25.222076999999995],[121.6408309,25.222038300000005],[121.6410049,25.221896499999996],[121.64124690000001,25.221843799999995],[121.6420288,25.2210029]]}},{"type":"Feature","properties":{"name":null,"kind":"footway"},"geometry":{"type":"LineString","coordinates":[[121.64037770000002,25.221696],[121.6404937,25.221429000000004]]}},{"type":"Feature","properties":{"name":null,"kind":"footway"},"geometry":{"type":"LineString","coordinates":[[121.6400121,25.221544099999992],[121.64000140000002,25.2216154]]}},{"type":"Feature","properties":{"name":null,"kind":"footway"},"geometry":{"type":"LineString","coordinates":[[121.6430088,25.221625799999998],[121.6431072,25.221523599999994]]}},{"type":"Feature","properties":{"name":"中山路新市場","kind":"pedestrian"},"geometry":{"type":"LineString","coordinates":[[121.63786440000001,25.221458699999996],[121.63827480000002,25.221859300000002]]}},{"type":"Feature","properties":{"name":"和平街","kind":"residential"},"geometry":{"type":"LineString","coordinates":[[121.63727480000001,25.221936499999995],[121.6365019,25.2214377]]}},{"type":"Feature","properties":{"name":null,"kind":"footway"},"geometry":{"type":"LineString","coordinates":[[121.64007250000002,25.221667300000004],[121.6400896,25.2216843]]}},{"type":"Feature","properties":{"name":null,"kind":"path"},"geometry":{"type":"LineString","coordinates":[[121.6389798,25.221804399999996],[121.63895020000001,25.221700799999994],[121.63904500000001,25.2215724]]}},{"type":"Feature","properties":{"name":"溫泉路13巷","kind":"residential"},"geometry":{"type":"LineString","coordinates":[[121.6396527,25.2219476],[121.6396611,25.221714200000005],[121.6394421,25.22145499999999]]}},{"type":"Feature","properties":{"name":"福德街","kind":"residential"},"geometry":{"type":"LineString","coordinates":[[121.6389328,25.221455],[121.6393354,25.221844299999997],[121.6396527,25.2219476]]}},{"type":"Feature","properties":{"name":null,"kind":"footway"},"geometry":{"type":"LineString","coordinates":[[121.6400896,25.2216843],[121.64014240000002,25.2217341]]}},{"type":"Feature","properties":{"name":null,"kind":"footway"},"geometry":{"type":"LineString","coordinates":[[121.6403769,25.2217242],[121.64037770000002,25.221696]]}},{"type":"Feature","properties":{"name":null,"kind":"footway"},"geometry":{"type":"LineString","coordinates":[[121.6397751,25.221815],[121.63991150000001,25.221626900000004],[121.64007250000002,25.221667300000004]]}},{"type":"Feature","properties":{"name":null,"kind":"service"},"geometry":{"type":"LineString","coordinates":[[121.64398039999999,25.22183980000001],[121.6441222,25.221605999999998]]}},{"type":"Feature","properties":{"name":null,"kind":"steps"},"geometry":{"type":"LineString","coordinates":[[121.6455904,25.221811600000006],[121.645621,25.221844699999995]]}},{"type":"Feature","properties":{"name":null,"kind":"footway"},"geometry":{"type":"LineString","coordinates":[[121.645621,25.221844699999995],[121.6457371,25.2218674]]}},{"type":"Feature","properties":{"name":null,"kind":"service"},"geometry":{"type":"LineString","coordinates":[[121.6455497,25.2218176],[121.6456162,25.221915200000005]]}},{"type":"Feature","properties":{"name":null,"kind":"footway"},"geometry":{"type":"LineString","coordinates":[[121.64591680000001,25.221962],[121.6457524,25.221867500000002],[121.6456165,25.2219163]]}},{"type":"Feature","properties":{"name":null,"kind":"footway"},"geometry":{"type":"LineString","coordinates":[[121.64596359999999,25.221934000000005],[121.6459801,25.221907600000005]]}},{"type":"Feature","properties":{"name":null,"kind":"steps"},"geometry":{"type":"LineString","coordinates":[[121.6459395,25.221952000000005],[121.64596359999999,25.221934000000005]]}},{"type":"Feature","properties":{"name":null,"kind":"footway"},"geometry":{"type":"LineString","coordinates":[[121.6460248,25.2220318],[121.6459395,25.221952000000005]]}},{"type":"Feature","properties":{"name":"水尾景觀橋","kind":"footway"},"geometry":{"type":"LineString","coordinates":[[121.64708420000001,25.2223465],[121.647447,25.222212799999998],[121.6475866,25.222013699999998],[121.64757739999999,25.2216332]]}},{"type":"Feature","properties":{"name":null,"kind":"footway"},"geometry":{"type":"LineString","coordinates":[[121.6431072,25.221523599999994],[121.64314600000002,25.221476199999998],[121.64418080000002,25.221962599999998],[121.64564169999998,25.221804199999998],[121.6458757,25.221842499999998],[121.6465313,25.2225886]]}},{"type":"Feature","properties":{"name":null,"kind":"service"},"geometry":{"type":"MultiLineString","coordinates":[[[121.6463034,25.222228299999998],[121.64637690000002,25.222179]],[[121.64637690000002,25.222179],[121.646741,25.221952999999996],[121.6469514,25.222212299999995],[121.6466013,25.2224406],[121.64637690000002,25.222179]]]}},{"type":"Feature","properties":{"name":null,"kind":"footway"},"geometry":{"type":"LineString","coordinates":[[121.64737649999998,25.2222405],[121.647447,25.222212799999998]]}},{"type":"Feature","properties":{"name":null,"kind":"steps"},"geometry":{"type":"LineString","coordinates":[[121.64726650000001,25.222269699999995],[121.64737649999998,25.2222405]]}},{"type":"Feature","properties":{"name":null,"kind":"steps"},"geometry":{"type":"LineString","coordinates":[[121.6445378,25.222412099999996],[121.64463890000002,25.2222226]]}},{"type":"Feature","properties":{"name":null,"kind":"service"},"geometry":{"type":"LineString","coordinates":[[121.6469514,25.222212299999995],[121.6470646,25.222359199999996],[121.6468514,25.222492099999997]]}},{"type":"Feature","properties":{"name":null,"kind":"footway"},"geometry":{"type":"LineString","coordinates":[[121.6470646,25.222359199999996],[121.64708420000001,25.2223465]]}},{"type":"Feature","properties":{"name":null,"kind":"footway"},"geometry":{"type":"LineString","coordinates":[[121.6465313,25.2225886],[121.6466135,25.2225367]]}},{"type":"Feature","properties":{"name":null,"kind":"service"},"geometry":{"type":"LineString","coordinates":[[121.6446645,25.222804200000002],[121.6440864,25.2228444],[121.6439403,25.222696],[121.64390600000002,25.222519499999997]]}},{"type":"Feature","properties":{"name":null,"kind":"service"},"geometry":{"type":"LineString","coordinates":[[121.64660320000002,25.222596599999992],[121.6464101,25.2227439],[121.646217,25.222775499999987]]}},{"type":"Feature","properties":{"name":null,"kind":"service"},"geometry":{"type":"LineString","coordinates":[[121.6466231,25.222620799999998],[121.6468514,25.222492099999997],[121.6471795,25.222925299999993],[121.6470134,25.223092199999996]]}},{"type":"Feature","properties":{"name":null,"kind":"steps"},"geometry":{"type":"LineString","coordinates":[[121.64505179999999,25.223020500000004],[121.6449476,25.2226333]]}},{"type":"Feature","properties":{"name":"民生路","kind":"residential"},"geometry":{"type":"LineString","coordinates":[[121.6458259,25.221759999999996],[121.64606910000002,25.221936],[121.64748890000001,25.2236594],[121.6476591,25.2237433],[121.6482982,25.2237761],[121.6490299,25.223919399999996]]}},{"type":"Feature","properties":{"name":null,"kind":"service"},"geometry":{"type":"LineString","coordinates":[[121.6464101,25.2227439],[121.64661529999998,25.2229957]]}},{"type":"Feature","properties":{"name":null,"kind":"service"},"geometry":{"type":"LineString","coordinates":[[121.6442002,25.222835999999997],[121.6439959,25.2230059]]}},{"type":"Feature","properties":{"name":null,"kind":"footway"},"geometry":{"type":"LineString","coordinates":[[121.6450742,25.223072299999995],[121.64520620000002,25.223339899999996]]}},{"type":"Feature","properties":{"name":null,"kind":"steps"},"geometry":{"type":"LineString","coordinates":[[121.6448212,25.2235073],[121.6448962,25.223194400000004],[121.64505179999999,25.223020500000004],[121.6450742,25.223072299999995]]}},{"type":"Feature","properties":{"name":null,"kind":"service"},"geometry":{"type":"LineString","coordinates":[[121.64479019999999,25.223569800000003],[121.64469689999999,25.2234997],[121.6446537,25.223164299999997],[121.6445146,25.2230247]]}},{"type":"Feature","properties":{"name":null,"kind":"steps"},"geometry":{"type":"LineString","coordinates":[[121.64520620000002,25.223339899999996],[121.6452391,25.2234351]]}},{"type":"Feature","properties":{"name":null,"kind":"service"},"geometry":{"type":"LineString","coordinates":[[121.6363044,25.2223312],[121.6363326,25.222171299999996]]}},{"type":"Feature","properties":{"name":"溫泉路21巷","kind":"residential"},"geometry":{"type":"LineString","coordinates":[[121.6387149,25.2219636],[121.63810710000001,25.222363899999998],[121.6377557,25.222743200000004]]}},{"type":"Feature","properties":{"name":"中正路","kind":"residential"},"geometry":{"type":"LineString","coordinates":[[121.6367581,25.222427099999997],[121.63753170000001,25.2225704],[121.6376992,25.222700699999997]]}},{"type":"Feature","properties":{"name":null,"kind":"track"},"geometry":{"type":"LineString","coordinates":[[121.64063850000001,25.2229457],[121.6382021,25.2226848],[121.63773959999999,25.2228686]]}},{"type":"Feature","properties":{"name":"中山路279巷","kind":"service"},"geometry":{"type":"LineString","coordinates":[[121.63624669999999,25.223058999999996],[121.635738,25.2227206]]}},{"type":"Feature","properties":{"name":null,"kind":"track"},"geometry":{"type":"LineString","coordinates":[[121.63912599999999,25.222101200000004],[121.63890390000002,25.222232900000005],[121.6385948,25.2226806],[121.63861620000002,25.222772799999998],[121.63846659999999,25.2229281],[121.63800060000001,25.223811299999998],[121.6378068,25.2238471]]}},{"type":"Feature","properties":{"name":"中山路","kind":"tertiary"},"geometry":{"type":"LineString","coordinates":[[121.6367581,25.222427099999997],[121.63573890000002,25.2236876]]}},{"type":"Feature","properties":{"name":"磺港路","kind":"tertiary"},"geometry":{"type":"LineString","coordinates":[[121.6425611,25.221207],[121.6437252,25.2220379],[121.6445378,25.222412099999996],[121.6446742,25.2225049],[121.6447069,25.2226253],[121.6446645,25.222804200000002],[121.64406980000001,25.223178900000004],[121.64377940000001,25.223548099999995],[121.6435806,25.224966699999996]]}},{"type":"Feature","properties":{"name":null,"kind":"service"},"geometry":{"type":"LineString","coordinates":[[121.6361645,25.223159199999994],[121.6363669,25.22325199999999]]}},{"type":"Feature","properties":{"name":null,"kind":"service"},"geometry":{"type":"LineString","coordinates":[[121.6363669,25.22325199999999],[121.6363899,25.2232304]]}},{"type":"Feature","properties":{"name":null,"kind":"footway"},"geometry":{"type":"LineString","coordinates":[[121.6452391,25.2234351],[121.64541480000001,25.2235897]]}},{"type":"Feature","properties":{"name":null,"kind":"footway"},"geometry":{"type":"LineString","coordinates":[[121.64486190000001,25.2233263],[121.6449874,25.223573700000003],[121.64519310000001,25.223729399999996]]}},{"type":"Feature","properties":{"name":null,"kind":"footway"},"geometry":{"type":"LineString","coordinates":[[121.64733010000002,25.2234625],[121.64733860000001,25.223545],[121.64716690000002,25.223714699999995]]}},{"type":"Feature","properties":{"name":null,"kind":"steps"},"geometry":{"type":"LineString","coordinates":[[121.64541480000001,25.2235897],[121.64550210000002,25.223683699999995]]}},{"type":"Feature","properties":{"name":null,"kind":"steps"},"geometry":{"type":"LineString","coordinates":[[121.64716690000002,25.223714699999995],[121.64708660000001,25.2237929]]}},{"type":"Feature","properties":{"name":null,"kind":"steps"},"geometry":{"type":"LineString","coordinates":[[121.64892860000002,25.223805899999995],[121.64896419999998,25.2237166],[121.64899010000002,25.2238041]]}},{"type":"Feature","properties":{"name":null,"kind":"service"},"geometry":{"type":"LineString","coordinates":[[121.64479019999999,25.223569800000003],[121.64500469999999,25.2237135],[121.64508770000002,25.224005200000004]]}},{"type":"Feature","properties":{"name":null,"kind":"steps"},"geometry":{"type":"LineString","coordinates":[[121.6451585,25.223854000000003],[121.64519310000001,25.223729399999996]]}},{"type":"Feature","properties":{"name":null,"kind":"steps"},"geometry":{"type":"LineString","coordinates":[[121.64899010000002,25.2238041],[121.64896920000001,25.2237765]]}},{"type":"Feature","properties":{"name":null,"kind":"footway"},"geometry":{"type":"LineString","coordinates":[[121.64708660000001,25.2237929],[121.64707780000002,25.2238649]]}},{"type":"Feature","properties":{"name":"溫泉路","kind":"unclassified"},"geometry":{"type":"LineString","coordinates":[[121.6435806,25.224966699999996],[121.64184489999998,25.223873100000002],[121.6398667,25.222399200000005],[121.6393508,25.222187799999997]]}},{"type":"Feature","properties":{"name":null,"kind":"service"},"geometry":{"type":"LineString","coordinates":[[121.6376954,25.223677700000007],[121.6374301,25.2238484]]}},{"type":"Feature","properties":{"name":"文化一路","kind":"residential"},"geometry":{"type":"LineString","coordinates":[[121.63573890000002,25.2236876],[121.6362831,25.224044799999998]]}},{"type":"Feature","properties":{"name":null,"kind":"track"},"geometry":{"type":"LineString","coordinates":[[121.63800060000001,25.223811299999998],[121.63840140000002,25.223896899999996],[121.6387079,25.22385379999999],[121.63890640000001,25.223964899999995]]}},{"type":"Feature","properties":{"name":"文化二路","kind":"residential"},"geometry":{"type":"LineString","coordinates":[[121.6359944,25.225730400000003],[121.6365604,25.224852499999997],[121.6370197,25.224349399999998],[121.6372861,25.223744399999998],[121.637538,25.2233977],[121.63776350000002,25.222810399999997],[121.6376992,25.222700699999997]]}},{"type":"Feature","properties":{"name":"文化一路","kind":"residential"},"geometry":{"type":"LineString","coordinates":[[121.6362831,25.224044799999998],[121.63642010000001,25.2241038],[121.63674080000001,25.224643100000005]]}},{"type":"Feature","properties":{"name":null,"kind":"footway"},"geometry":{"type":"LineString","coordinates":[[121.6361821,25.2241332],[121.63596619999998,25.2245932]]}},{"type":"Feature","properties":{"name":"青年路","kind":"service"},"geometry":{"type":"LineString","coordinates":[[121.6435806,25.224966699999996],[121.6433889,25.2250333],[121.6427558,25.225552900000004]]}},{"type":"Feature","properties":{"name":null,"kind":"footway"},"geometry":{"type":"LineString","coordinates":[[121.6362555,25.22531529999999],[121.6360032,25.225401499999997],[121.63582450000001,25.225373599999998]]}},{"type":"Feature","properties":{"name":null,"kind":"service"},"geometry":{"type":"LineString","coordinates":[[121.6423866,25.225505799999997],[121.64228920000001,25.2250569],[121.64150250000002,25.225190699999995],[121.6416427,25.225645999999998]]}},{"type":"Feature","properties":{"name":null,"kind":"footway"},"geometry":{"type":"LineString","coordinates":[[121.64891919999998,25.2238961],[121.64892860000002,25.223805899999995]]}},{"type":"Feature","properties":{"name":null,"kind":"footway"},"geometry":{"type":"LineString","coordinates":[[121.64899439999999,25.223991],[121.64892540000001,25.224082800000005],[121.64865030000001,25.224179999999997]]}},{"type":"Feature","properties":{"name":null,"kind":"footway"},"geometry":{"type":"LineString","coordinates":[[121.64550210000002,25.223683699999995],[121.6456544,25.223971799999998],[121.6456567,25.224164499999997],[121.64611560000002,25.2245836]]}},{"type":"Feature","properties":{"name":"公園路","kind":"service"},"geometry":{"type":"LineString","coordinates":[[121.6446645,25.222804200000002],[121.64475780000001,25.222905500000003],[121.6448086,25.223727700000005],[121.64490269999999,25.223967599999998],[121.6455915,25.225115999999993],[121.6455935,25.2253433],[121.64544330000001,25.2255381]]}},{"type":"Feature","properties":{"name":"水尾光武坑道","kind":"steps"},"geometry":{"type":"LineString","coordinates":[[121.64707780000002,25.2238649],[121.6459848,25.2246373]]}},{"type":"Feature","properties":{"name":"生態步道","kind":"steps"},"geometry":{"type":"LineString","coordinates":[[121.64865030000001,25.224179999999997],[121.6486375,25.2243851]]}},{"type":"Feature","properties":{"name":null,"kind":"footway"},"geometry":{"type":"LineString","coordinates":[[121.6448212,25.2235073],[121.64513190000001,25.223710299999993],[121.6451762,25.224301600000004],[121.64566659999998,25.2252505]]}},{"type":"Feature","properties":{"name":"好運道","kind":"footway"},"geometry":{"type":"LineString","coordinates":[[121.64663880000002,25.224332400000005],[121.6466903,25.224420800000004]]}},{"type":"Feature","properties":{"name":"好運道","kind":"steps"},"geometry":{"type":"LineString","coordinates":[[121.64624940000002,25.224627099999996],[121.64626950000002,25.2245471],[121.64663880000002,25.224332400000005]]}},{"type":"Feature","properties":{"name":null,"kind":"steps"},"geometry":{"type":"LineString","coordinates":[[121.64611560000002,25.2245836],[121.64624940000002,25.224627099999996]]}},{"type":"Feature","properties":{"name":null,"kind":"footway"},"geometry":{"type":"LineString","coordinates":[[121.64624940000002,25.224627099999996],[121.6463276,25.224718]]}},{"type":"Feature","properties":{"name":null,"kind":"footway"},"geometry":{"type":"LineString","coordinates":[[121.6459848,25.2246373],[121.6459551,25.224713900000005],[121.645886,25.224650800000003],[121.6456535,25.2247026],[121.64532720000001,25.224643099999998]]}},{"type":"Feature","properties":{"name":"好運道","kind":"steps"},"geometry":{"type":"LineString","coordinates":[[121.6466903,25.224420800000004],[121.6463276,25.224718],[121.6464426,25.224957199999995]]}},{"type":"Feature","properties":{"name":null,"kind":"residential"},"geometry":{"type":"LineString","coordinates":[[121.6442737,25.225111899999995],[121.64444579999999,25.2246054],[121.644085,25.2243203]]}},{"type":"Feature","properties":{"name":"民生路","kind":"service"},"geometry":{"type":"LineString","coordinates":[[121.64891919999998,25.2238961],[121.6497331,25.2247689],[121.6497367,25.225047699999998],[121.6498475,25.225074],[121.64999080000001,25.225390599999997],[121.65023560000002,25.225570599999998]]}},{"type":"Feature","properties":{"name":"生態步道","kind":"footway"},"geometry":{"type":"LineString","coordinates":[[121.6486375,25.2243851],[121.6481578,25.224705200000002],[121.6479942,25.224980799999997],[121.64766179999998,25.2252777]]}},{"type":"Feature","properties":{"name":null,"kind":"service"},"geometry":{"type":"LineString","coordinates":[[121.6499595,25.2250728],[121.6498184,25.224664299999997]]}},{"type":"Feature","properties":{"name":null,"kind":"footway"},"geometry":{"type":"LineString","coordinates":[[121.64560020000002,25.2246946],[121.64580190000001,25.224961699999998],[121.6457622,25.225305699999996]]}},{"type":"Feature","properties":{"name":null,"kind":"service"},"geometry":{"type":"LineString","coordinates":[[121.65023950000001,25.2250618],[121.6512826,25.225017599999997]]}},{"type":"Feature","properties":{"name":"好運道","kind":"steps"},"geometry":{"type":"LineString","coordinates":[[121.6473142,25.225529900000005],[121.6470426,25.2254515],[121.6468228,25.2252769],[121.6467129,25.2250374],[121.6464426,25.224957199999995]]}},{"type":"Feature","properties":{"name":null,"kind":"service"},"geometry":{"type":"LineString","coordinates":[[121.6510143,25.225025299999995],[121.65106850000001,25.2253159],[121.6512358,25.2254271]]}},{"type":"Feature","properties":{"name":null,"kind":"service"},"geometry":{"type":"LineString","coordinates":[[121.6498475,25.225074],[121.65023950000001,25.2250618],[121.65023560000002,25.225570599999998]]}},{"type":"Feature","properties":{"name":null,"kind":"footway"},"geometry":{"type":"LineString","coordinates":[[121.6459647,25.225283799999996],[121.64601360000002,25.225522000000005]]}},{"type":"Feature","properties":{"name":"生態步道","kind":"steps"},"geometry":{"type":"LineString","coordinates":[[121.64766179999998,25.2252777],[121.64756750000001,25.2254504],[121.64763529999999,25.2256542]]}},{"type":"Feature","properties":{"name":null,"kind":"footway"},"geometry":{"type":"MultiLineString","coordinates":[[[121.64570970000001,25.2254271],[121.6456132,25.225528699999998],[121.64568570000002,25.225651800000005],[121.64594580000002,25.225799799999997],[121.6460605,25.2257944],[121.64601360000002,25.225522000000005],[121.64591769999998,25.225540199999998],[121.64570970000001,25.2254271]],[[121.64570970000001,25.2254271],[121.6457622,25.225305699999996]]]}},{"type":"Feature","properties":{"name":"好運道","kind":"footway"},"geometry":{"type":"LineString","coordinates":[[121.64732440000002,25.225587499999993],[121.6473142,25.225529900000005]]}},{"type":"Feature","properties":{"name":null,"kind":"residential"},"geometry":{"type":"LineString","coordinates":[[121.6435806,25.224966699999996],[121.64409710000001,25.2252266],[121.6451962,25.226223199999996]]}},{"type":"Feature","properties":{"name":null,"kind":"residential"},"geometry":{"type":"LineString","coordinates":[[121.64544330000001,25.2255381],[121.64511969999998,25.2256694],[121.6448955,25.2256131],[121.64470289999998,25.225800399999997]]}},{"type":"Feature","properties":{"name":null,"kind":"service"},"geometry":{"type":"LineString","coordinates":[[121.6516571,25.225708600000004],[121.6515205,25.2256215]]}},{"type":"Feature","properties":{"name":null,"kind":"service"},"geometry":{"type":"LineString","coordinates":[[121.65023560000002,25.225570599999998],[121.6508349,25.226014499999998],[121.6512687,25.226097100000004],[121.6515474,25.225888599999998],[121.65204150000001,25.225263699999996]]}},{"type":"Feature","properties":{"name":null,"kind":"service"},"geometry":{"type":"LineString","coordinates":[[121.6413576,25.225423],[121.641283,25.2252981]]}},{"type":"Feature","properties":{"name":null,"kind":"service"},"geometry":{"type":"LineString","coordinates":[[121.6433889,25.2250333],[121.6434735,25.225257599999996],[121.643451,25.225772600000006],[121.6433562,25.225806100000003],[121.6427558,25.225552900000004]]}},{"type":"Feature","properties":{"name":null,"kind":"service"},"geometry":{"type":"LineString","coordinates":[[121.64150250000002,25.225190699999995],[121.6410988,25.225438],[121.64083820000002,25.225456499999996],[121.64078900000001,25.225628199999992],[121.6408878,25.2256665],[121.64151219999998,25.225348999999998]]}},{"type":"Feature","properties":{"name":null,"kind":"service"},"geometry":{"type":"LineString","coordinates":[[121.6427558,25.225552900000004],[121.6423866,25.225505799999997],[121.6416427,25.225645999999998]]}},{"type":"Feature","properties":{"name":null,"kind":"service"},"geometry":{"type":"LineString","coordinates":[[121.6410472,25.225744899999995],[121.64153090000002,25.2254236]]}},{"type":"Feature","properties":{"name":null,"kind":"service"},"geometry":{"type":"LineString","coordinates":[[121.6410472,25.225744899999995],[121.6416427,25.225645999999998]]}},{"type":"Feature","properties":{"name":null,"kind":"footway"},"geometry":{"type":"LineString","coordinates":[[121.64066000000001,25.225916299999994],[121.6402516,25.225784599999997]]}},{"type":"Feature","properties":{"name":null,"kind":"service"},"geometry":{"type":"LineString","coordinates":[[121.64242809999999,25.2258069],[121.64177259999998,25.225886099999997]]}},{"type":"Feature","properties":{"name":null,"kind":"service"},"geometry":{"type":"LineString","coordinates":[[121.64177259999998,25.225886099999997],[121.64128140000001,25.2259558]]}},{"type":"Feature","properties":{"name":"磺清路","kind":"residential"},"geometry":{"type":"LineString","coordinates":[[121.63890819999999,25.2285926],[121.63869090000001,25.227839699999997],[121.6387718,25.2275281],[121.63825290000001,25.2271024],[121.6382259,25.2265187],[121.63793160000002,25.2259837],[121.63785510000001,25.2252703],[121.6379617,25.224265100000007],[121.637538,25.2233977]]}},{"type":"Feature","properties":{"name":null,"kind":"footway"},"geometry":{"type":"LineString","coordinates":[[121.65059530000002,25.2260127],[121.6500443,25.225564699999996],[121.6499882,25.2255045],[121.6500435,25.225452699999998]]}},{"type":"Feature","properties":{"name":null,"kind":"residential"},"geometry":{"type":"LineString","coordinates":[[121.6449337,25.225640599999995],[121.64526420000001,25.225847099999996],[121.64535900000001,25.226005399999988]]}},{"type":"Feature","properties":{"name":null,"kind":"footway"},"geometry":{"type":"LineString","coordinates":[[121.64447909999998,25.2255921],[121.64410219999999,25.225826499999993],[121.64408480000002,25.226007799999994],[121.6439419,25.226076100000004]]}},{"type":"Feature","properties":{"name":null,"kind":"footway"},"geometry":{"type":"LineString","coordinates":[[121.6443237,25.2257141],[121.6443636,25.225939000000004],[121.64456420000002,25.226031899999995]]}},{"type":"Feature","properties":{"name":null,"kind":"footway"},"geometry":{"type":"LineString","coordinates":[[121.64544330000001,25.2255381],[121.64569020000002,25.2261045],[121.6456292,25.226256399999997]]}},{"type":"Feature","properties":{"name":null,"kind":"steps"},"geometry":{"type":"LineString","coordinates":[[121.64788790000001,25.225876599999996],[121.64782610000002,25.225913199999994]]}},{"type":"Feature","properties":{"name":null,"kind":"footway"},"geometry":{"type":"LineString","coordinates":[[121.6478905,25.225959699999994],[121.64782610000002,25.225913199999994]]}},{"type":"Feature","properties":{"name":null,"kind":"steps"},"geometry":{"type":"LineString","coordinates":[[121.6479393,25.225952499999995],[121.6478905,25.225959699999994]]}},{"type":"Feature","properties":{"name":null,"kind":"steps"},"geometry":{"type":"LineString","coordinates":[[121.6505954,25.225953899999993],[121.65059530000002,25.2260127]]}},{"type":"Feature","properties":{"name":null,"kind":"footway"},"geometry":{"type":"LineString","coordinates":[[121.6436038,25.2256204],[121.6437197,25.225653299999998],[121.64406770000001,25.2263905],[121.64421860000002,25.2264737]]}},{"type":"Feature","properties":{"name":null,"kind":"footway"},"geometry":{"type":"LineString","coordinates":[[121.64846540000002,25.225772000000003],[121.6481752,25.226059199999998],[121.64824640000002,25.2263817]]}},{"type":"Feature","properties":{"name":null,"kind":"track"},"geometry":{"type":"LineString","coordinates":[[121.6508349,25.226014499999998],[121.65082630000002,25.2261007],[121.65062890000002,25.226088],[121.650756,25.22617560000001]]}},{"type":"Feature","properties":{"name":null,"kind":"footway"},"geometry":{"type":"LineString","coordinates":[[121.64535900000001,25.226005399999988],[121.64551,25.226248699999996]]}},{"type":"Feature","properties":{"name":null,"kind":"footway"},"geometry":{"type":"LineString","coordinates":[[121.6512687,25.226097100000004],[121.65127169999998,25.2261323]]}},{"type":"Feature","properties":{"name":null,"kind":"footway"},"geometry":{"type":"LineString","coordinates":[[121.6444347,25.2264739],[121.6444711,25.226203599999995],[121.6447471,25.225840599999998]]}},{"type":"Feature","properties":{"name":null,"kind":"steps"},"geometry":{"type":"LineString","coordinates":[[121.65127169999998,25.2261323],[121.651323,25.2261404]]}},{"type":"Feature","properties":{"name":null,"kind":"footway"},"geometry":{"type":"LineString","coordinates":[[121.651323,25.2261404],[121.6513434,25.2261602]]}},{"type":"Feature","properties":{"name":null,"kind":"footway"},"geometry":{"type":"LineString","coordinates":[[121.6506722,25.226155],[121.65063380000001,25.226156000000003]]}},{"type":"Feature","properties":{"name":null,"kind":"footway"},"geometry":{"type":"LineString","coordinates":[[121.64792000000001,25.225918799999995],[121.64840270000002,25.225752999999997],[121.64855330000002,25.2257986],[121.648677,25.225983199999995],[121.64888580000002,25.226092999999995],[121.64901639999998,25.226450099999994],[121.64929569999998,25.2265884]]}},{"type":"Feature","properties":{"name":null,"kind":"steps"},"geometry":{"type":"LineString","coordinates":[[121.6513291,25.2261847],[121.6513434,25.2261602]]}},{"type":"Feature","properties":{"name":null,"kind":"service"},"geometry":{"type":"LineString","coordinates":[[121.64092740000001,25.2257495],[121.64119580000002,25.2258243],[121.6412926,25.226064599999997],[121.64114400000001,25.226288000000004],[121.64089169999998,25.22634769999999],[121.6406981,25.2262175],[121.6406238,25.226055000000002],[121.6407479,25.225809199999997],[121.64092740000001,25.2257495]]}},{"type":"Feature","properties":{"name":"磺港路","kind":"tertiary"},"geometry":{"type":"LineString","coordinates":[[121.6435806,25.224966699999996],[121.6435941,25.22641979999999],[121.6437813,25.2271351]]}},{"type":"Feature","properties":{"name":"青年路","kind":"service"},"geometry":{"type":"LineString","coordinates":[[121.6427558,25.225552900000004],[121.6423615,25.225891899999993],[121.6424198,25.226410599999998],[121.6421782,25.226745200000003]]}},{"type":"Feature","properties":{"name":null,"kind":"footway"},"geometry":{"type":"LineString","coordinates":[[121.64020670000001,25.226284699999997],[121.6399853,25.2263032],[121.63997389999999,25.2261992],[121.6398459,25.2262119]]}},{"type":"Feature","properties":{"name":null,"kind":"footway"},"geometry":{"type":"LineString","coordinates":[[121.64242809999999,25.2258069],[121.6431668,25.2260678],[121.64335450000002,25.226378100000005],[121.6433786,25.226704500000004],[121.6430128,25.226808599999995],[121.64283700000001,25.226779499999996],[121.6426008,25.226477099999997],[121.6424198,25.226410599999998]]}},{"type":"Feature","properties":{"name":null,"kind":"service"},"geometry":{"type":"LineString","coordinates":[[121.6421782,25.226745200000003],[121.64187700000001,25.2264131],[121.64177259999998,25.225886099999997]]}},{"type":"Feature","properties":{"name":null,"kind":"footway"},"geometry":{"type":"LineString","coordinates":[[121.6402467,25.226594899999995],[121.64018390000001,25.2261107]]}},{"type":"Feature","properties":{"name":null,"kind":"service"},"geometry":{"type":"LineString","coordinates":[[121.640137,25.228272599999993],[121.63986290000001,25.227838499999997],[121.6393857,25.2273882],[121.63943650000002,25.227121299999997],[121.639145,25.226548699999995],[121.6392203,25.226158099999992],[121.63967569999998,25.2255549],[121.6399047,25.2254014],[121.64013560000001,25.225312500000005],[121.6413377,25.2251482],[121.6419117,25.22479789999999],[121.6424759,25.224658200000004],[121.6427555,25.2244256]]}},{"type":"Feature","properties":{"name":null,"kind":"residential"},"geometry":{"type":"LineString","coordinates":[[121.6381099,25.2262752],[121.639145,25.226548699999995]]}},{"type":"Feature","properties":{"name":null,"kind":"footway"},"geometry":{"type":"LineString","coordinates":[[121.6426008,25.226477099999997],[121.6430178,25.226434599999997]]}},{"type":"Feature","properties":{"name":null,"kind":"steps"},"geometry":{"type":"LineString","coordinates":[[121.64889300000002,25.226233999999998],[121.6489045,25.2261954]]}},{"type":"Feature","properties":{"name":null,"kind":"steps"},"geometry":{"type":"LineString","coordinates":[[121.65063380000001,25.226156000000003],[121.65057520000002,25.226312],[121.65048010000001,25.226332900000003]]}},{"type":"Feature","properties":{"name":null,"kind":"footway"},"geometry":{"type":"LineString","coordinates":[[121.6488739,25.2262722],[121.64889300000002,25.226233999999998]]}},{"type":"Feature","properties":{"name":null,"kind":"footway"},"geometry":{"type":"LineString","coordinates":[[121.6458458,25.226369499999997],[121.64551,25.226248699999996],[121.64544870000002,25.226355799999997],[121.64533749999998,25.226368499999996],[121.6451962,25.226223199999996]]}},{"type":"Feature","properties":{"name":"磺港路","kind":"residential"},"geometry":{"type":"LineString","coordinates":[[121.6468989,25.2260929],[121.6468915,25.226180900000003],[121.6465379,25.226525999999996]]}},{"type":"Feature","properties":{"name":null,"kind":"steps"},"geometry":{"type":"LineString","coordinates":[[121.648777,25.226308500000002],[121.6488739,25.2262722]]}},{"type":"Feature","properties":{"name":null,"kind":"footway"},"geometry":{"type":"LineString","coordinates":[[121.64475750000001,25.226578399999998],[121.64455040000001,25.2260997]]}},{"type":"Feature","properties":{"name":null,"kind":"service"},"geometry":{"type":"LineString","coordinates":[[121.6468915,25.226180900000003],[121.64701270000002,25.226393099999996],[121.64684710000002,25.2264962]]}},{"type":"Feature","properties":{"name":null,"kind":"path"},"geometry":{"type":"LineString","coordinates":[[121.65146330000002,25.226460799999995],[121.6513291,25.2261847]]}},{"type":"Feature","properties":{"name":null,"kind":"footway"},"geometry":{"type":"LineString","coordinates":[[121.65048010000001,25.226332900000003],[121.6504248,25.2262954],[121.6504134,25.22637110000001]]}},{"type":"Feature","properties":{"name":null,"kind":"path"},"geometry":{"type":"LineString","coordinates":[[121.6504233,25.2263435],[121.6505178,25.2263772]]}},{"type":"Feature","properties":{"name":null,"kind":"steps"},"geometry":{"type":"LineString","coordinates":[[121.6504134,25.22637110000001],[121.65027960000002,25.2264048]]}},{"type":"Feature","properties":{"name":null,"kind":"footway"},"geometry":{"type":"LineString","coordinates":[[121.648445,25.2264979],[121.648777,25.226308500000002]]}},{"type":"Feature","properties":{"name":null,"kind":"footway"},"geometry":{"type":"LineString","coordinates":[[121.65027960000002,25.2264048],[121.6502233,25.226402400000005]]}},{"type":"Feature","properties":{"name":null,"kind":"footway"},"geometry":{"type":"LineString","coordinates":[[121.6447366,25.226647799999995],[121.6448917,25.226521699999992],[121.6452305,25.226474699999994],[121.6451962,25.226223199999996]]}},{"type":"Feature","properties":{"name":null,"kind":"steps"},"geometry":{"type":"LineString","coordinates":[[121.6502233,25.226402400000005],[121.6500612,25.226501000000003]]}},{"type":"Feature","properties":{"name":"一線天","kind":"path"},"geometry":{"type":"LineString","coordinates":[[121.65146330000002,25.226460799999995],[121.6514194,25.2265595]]}},{"type":"Feature","properties":{"name":null,"kind":"footway"},"geometry":{"type":"LineString","coordinates":[[121.64755249999999,25.226504099999996],[121.64723810000001,25.226642600000005]]}},{"type":"Feature","properties":{"name":null,"kind":"footway"},"geometry":{"type":"LineString","coordinates":[[121.6500612,25.226501000000003],[121.64998000000001,25.2266343]]}},{"type":"Feature","properties":{"name":null,"kind":"footway"},"geometry":{"type":"LineString","coordinates":[[121.64547390000001,25.226779799999992],[121.64549290000001,25.2264151]]}},{"type":"Feature","properties":{"name":null,"kind":"footway"},"geometry":{"type":"LineString","coordinates":[[121.64933850000001,25.226610800000003],[121.6493899,25.226575800000003]]}},{"type":"Feature","properties":{"name":null,"kind":"footway"},"geometry":{"type":"LineString","coordinates":[[121.6452305,25.226474699999994],[121.64537580000001,25.226757199999994]]}},{"type":"Feature","properties":{"name":null,"kind":"steps"},"geometry":{"type":"LineString","coordinates":[[121.64929569999998,25.2265884],[121.64933850000001,25.226610800000003]]}},{"type":"Feature","properties":{"name":null,"kind":"residential"},"geometry":{"type":"LineString","coordinates":[[121.64410030000002,25.226781599999995],[121.6439979,25.226753100000003],[121.6438914,25.226519599999992]]}},{"type":"Feature","properties":{"name":null,"kind":"footway"},"geometry":{"type":"LineString","coordinates":[[121.64933850000001,25.226610800000003],[121.6489118,25.2267628]]}},{"type":"Feature","properties":{"name":null,"kind":"residential"},"geometry":{"type":"LineString","coordinates":[[121.6459814,25.2270525],[121.6458069,25.2266849],[121.64544870000002,25.226355799999997]]}},{"type":"Feature","properties":{"name":null,"kind":"steps"},"geometry":{"type":"LineString","coordinates":[[121.64998000000001,25.2266343],[121.6498317,25.226744199999988]]}},{"type":"Feature","properties":{"name":null,"kind":"footway"},"geometry":{"type":"LineString","coordinates":[[121.6474138,25.226595899999996],[121.64717479999999,25.2268351]]}},{"type":"Feature","properties":{"name":null,"kind":"residential"},"geometry":{"type":"LineString","coordinates":[[121.6475464,25.226589099999998],[121.647236,25.226930699999993],[121.64679640000001,25.227110299999993],[121.6458458,25.226369499999997]]}},{"type":"Feature","properties":{"name":null,"kind":"footway"},"geometry":{"type":"LineString","coordinates":[[121.6498317,25.226744199999988],[121.6497603,25.2267979]]}},{"type":"Feature","properties":{"name":null,"kind":"service"},"geometry":{"type":"LineString","coordinates":[[121.64089169999998,25.22634769999999],[121.64039480000001,25.226571999999997],[121.6398045,25.2266621],[121.639145,25.226548699999995]]}},{"type":"Feature","properties":{"name":null,"kind":"footway"},"geometry":{"type":"LineString","coordinates":[[121.6438914,25.226519599999992],[121.6436346,25.226595400000004]]}},{"type":"Feature","properties":{"name":null,"kind":"service"},"geometry":{"type":"LineString","coordinates":[[121.6420889,25.2265799],[121.6422659,25.226564399999997]]}},{"type":"Feature","properties":{"name":null,"kind":"service"},"geometry":{"type":"LineString","coordinates":[[121.6402467,25.226594899999995],[121.64026729999999,25.226801799999997]]}},{"type":"Feature","properties":{"name":null,"kind":"footway"},"geometry":{"type":"LineString","coordinates":[[121.642247,25.2268942],[121.6420985,25.227002700000003],[121.64158950000001,25.2270729],[121.6409679,25.226347099999998]]}},{"type":"Feature","properties":{"name":null,"kind":"service"},"geometry":{"type":"LineString","coordinates":[[121.6406949,25.226927199999995],[121.64053670000001,25.226941799999988]]}},{"type":"Feature","properties":{"name":null,"kind":"service"},"geometry":{"type":"LineString","coordinates":[[121.6407777,25.2274081],[121.6406494,25.226491399999997]]}},{"type":"Feature","properties":{"name":"青年路","kind":"service"},"geometry":{"type":"LineString","coordinates":[[121.6421782,25.226745200000003],[121.642247,25.2268942],[121.64296270000001,25.227310299999992]]}},{"type":"Feature","properties":{"name":"磺清路","kind":"tertiary"},"geometry":{"type":"LineString","coordinates":[[121.6435338,25.227221799999995],[121.6437813,25.2271351]]}},{"type":"Feature","properties":{"name":null,"kind":"footway"},"geometry":{"type":"LineString","coordinates":[[121.6420985,25.227002700000003],[121.6423523,25.22719869999999],[121.64233990000001,25.227406699999996],[121.64222620000001,25.227418300000004]]}},{"type":"Feature","properties":{"name":null,"kind":"residential"},"geometry":{"type":"LineString","coordinates":[[121.6437813,25.2271351],[121.6439886,25.2270469],[121.64421860000002,25.2264737],[121.6444347,25.2264739],[121.6445701,25.226670000000002],[121.6447366,25.226647799999995]]}},{"type":"Feature","properties":{"name":"獅頭山公園步道","kind":"service"},"geometry":{"type":"LineString","coordinates":[[121.64561069999999,25.225234899999997],[121.6457622,25.225305699999996],[121.64644299999999,25.225238700000002],[121.64661310000001,25.225591100000003],[121.64710910000001,25.22564],[121.64732440000002,25.225587499999993],[121.6477168,25.225691300000005],[121.64819549999999,25.226353],[121.6487186,25.226713200000003],[121.6489118,25.2267628],[121.6489804,25.227035899999997],[121.64923080000001,25.227144099999997],[121.64941180000001,25.227320999999996],[121.6493366,25.227670400000004],[121.64973270000002,25.227902199999996],[121.6497843,25.228176100000006],[121.64995999999998,25.228348799999992]]}},{"type":"Feature","properties":{"name":null,"kind":"steps"},"geometry":{"type":"LineString","coordinates":[[121.6497603,25.2267979],[121.64969500000001,25.226847699999993]]}},{"type":"Feature","properties":{"name":null,"kind":"footway"},"geometry":{"type":"LineString","coordinates":[[121.6468557,25.2266842],[121.646901,25.227044599999996]]}},{"type":"Feature","properties":{"name":null,"kind":"footway"},"geometry":{"type":"LineString","coordinates":[[121.64969500000001,25.226847699999993],[121.64968660000001,25.22692929999999]]}},{"type":"Feature","properties":{"name":"磺港路","kind":"residential"},"geometry":{"type":"LineString","coordinates":[[121.64388599999998,25.225073899999995],[121.6446475,25.225158499999996],[121.64544330000001,25.2255381],[121.6460084,25.2259414],[121.64629549999998,25.226024],[121.6473423,25.2261009],[121.64755249999999,25.226504099999996],[121.64755129999999,25.22744919999999],[121.64813999999998,25.227543299999997],[121.6481689,25.2278557],[121.6484143,25.227932699999997],[121.6486879,25.228410999999998],[121.64894390000002,25.228477400000003],[121.6490816,25.228643699999996],[121.6494148,25.228713999999997],[121.64951380000001,25.2290367]]}},{"type":"Feature","properties":{"name":null,"kind":"residential"},"geometry":{"type":"LineString","coordinates":[[121.6451131,25.227542799999995],[121.64476820000002,25.22688799999999],[121.6447366,25.226647799999995]]}},{"type":"Feature","properties":{"name":null,"kind":"footway"},"geometry":{"type":"LineString","coordinates":[[121.6456484,25.227067899999998],[121.645845,25.227124299999996]]}},{"type":"Feature","properties":{"name":null,"kind":"residential"},"geometry":{"type":"LineString","coordinates":[[121.64476820000002,25.22688799999999],[121.64475359999999,25.227243099999995],[121.6446079,25.2273176],[121.6443259,25.226954299999996]]}},{"type":"Feature","properties":{"name":null,"kind":"steps"},"geometry":{"type":"LineString","coordinates":[[121.64968660000001,25.22692929999999],[121.649577,25.227172100000008],[121.64966259999998,25.2272405],[121.649531,25.2272793]]}},{"type":"Feature","properties":{"name":null,"kind":"residential"},"geometry":{"type":"LineString","coordinates":[[121.6452112,25.227546399999994],[121.64523320000002,25.227436599999997],[121.6456626,25.227036],[121.64558379999998,25.226809000000003],[121.64537580000001,25.226757199999994]]}},{"type":"Feature","properties":{"name":null,"kind":"steps"},"geometry":{"type":"LineString","coordinates":[[121.6454095,25.2272803],[121.64539430000002,25.227232699999995]]}},{"type":"Feature","properties":{"name":null,"kind":"footway"},"geometry":{"type":"LineString","coordinates":[[121.64401739999998,25.2275404],[121.6442455,25.227370399999998],[121.6440211,25.2269882]]}},{"type":"Feature","properties":{"name":null,"kind":"residential"},"geometry":{"type":"LineString","coordinates":[[121.64636050000001,25.227321399999997],[121.6464797,25.2273406],[121.646495,25.227243599999998]]}},{"type":"Feature","properties":{"name":null,"kind":"footway"},"geometry":{"type":"LineString","coordinates":[[121.64553450000001,25.227173],[121.6456507,25.227424300000003]]}},{"type":"Feature","properties":{"name":null,"kind":"footway"},"geometry":{"type":"LineString","coordinates":[[121.649531,25.2272793],[121.64941180000001,25.227320999999996]]}},{"type":"Feature","properties":{"name":null,"kind":"service"},"geometry":{"type":"LineString","coordinates":[[121.64606580000002,25.227616600000005],[121.6459814,25.2270525]]}},{"type":"Feature","properties":{"name":null,"kind":"residential"},"geometry":{"type":"LineString","coordinates":[[121.646637,25.227693799999997],[121.64662579999998,25.227534599999995],[121.6459814,25.2270525]]}},{"type":"Feature","properties":{"name":null,"kind":"footway"},"geometry":{"type":"LineString","coordinates":[[121.646901,25.227044599999996],[121.6470644,25.2270946],[121.64718310000002,25.227343199999996],[121.6470311,25.227761799999993]]}},{"type":"Feature","properties":{"name":null,"kind":"footway"},"geometry":{"type":"LineString","coordinates":[[121.64468420000001,25.227767300000004],[121.6445235,25.227524499999998],[121.6446079,25.2273176]]}},{"type":"Feature","properties":{"name":null,"kind":"steps"},"geometry":{"type":"LineString","coordinates":[[121.6439976,25.2277215],[121.64398279999999,25.22769359999999]]}},{"type":"Feature","properties":{"name":null,"kind":"footway"},"geometry":{"type":"LineString","coordinates":[[121.6456924,25.227716699999995],[121.64591800000001,25.2277335]]}},{"type":"Feature","properties":{"name":null,"kind":"footway"},"geometry":{"type":"LineString","coordinates":[[121.6451323,25.227754599999997],[121.64505440000002,25.227699600000005],[121.64500439999999,25.227797099999993]]}},{"type":"Feature","properties":{"name":null,"kind":"footway"},"geometry":{"type":"LineString","coordinates":[[121.64412020000002,25.2278183],[121.6441729,25.2277893]]}},{"type":"Feature","properties":{"name":null,"kind":"footway"},"geometry":{"type":"LineString","coordinates":[[121.64417609999998,25.2279936],[121.6439976,25.2277215]]}},{"type":"Feature","properties":{"name":null,"kind":"footway"},"geometry":{"type":"LineString","coordinates":[[121.6440996,25.2278754],[121.6441174,25.227888999999994]]}},{"type":"Feature","properties":{"name":null,"kind":"footway"},"geometry":{"type":"LineString","coordinates":[[121.64412020000002,25.2278183],[121.64417660000001,25.227947799999995],[121.6441174,25.227888999999994]]}},{"type":"Feature","properties":{"name":null,"kind":"footway"},"geometry":{"type":"LineString","coordinates":[[121.6456924,25.227716699999995],[121.64520620000002,25.227730099999995],[121.6442892,25.2280496],[121.64420000000001,25.2279965]]}},{"type":"Feature","properties":{"name":null,"kind":"path"},"geometry":{"type":"LineString","coordinates":[[121.6530865,25.229226599999997],[121.65315180000002,25.228926099999992],[121.65296829999998,25.228759999999998],[121.65258750000001,25.2285879],[121.65229239999998,25.2280668],[121.6520847,25.2279401],[121.6516201,25.227310299999996],[121.65138,25.2271513],[121.6514194,25.2265595]]}},{"type":"Feature","properties":{"name":null,"kind":"steps"},"geometry":{"type":"LineString","coordinates":[[121.6440048,25.227965900000004],[121.6440121,25.227944599999997]]}},{"type":"Feature","properties":{"name":"磺清路","kind":"tertiary"},"geometry":{"type":"LineString","coordinates":[[121.64288430000002,25.2274246],[121.6435338,25.227221799999995]]}},{"type":"Feature","properties":{"name":null,"kind":"service"},"geometry":{"type":"LineString","coordinates":[[121.64296270000001,25.227310299999992],[121.6430339,25.2277849],[121.64257029999999,25.227918699999996],[121.64246320000001,25.228017399999995]]}},{"type":"Feature","properties":{"name":"青年路","kind":"service"},"geometry":{"type":"LineString","coordinates":[[121.64296270000001,25.227310299999992],[121.6430523,25.227320499999994],[121.643102,25.2274384],[121.6432119,25.228074500000005],[121.64313070000001,25.22811039999999]]}},{"type":"Feature","properties":{"name":"磺清路","kind":"tertiary"},"geometry":{"type":"LineString","coordinates":[[121.63955359999999,25.228447100000004],[121.64288430000002,25.2274246]]}},{"type":"Feature","properties":{"name":null,"kind":"residential"},"geometry":{"type":"LineString","coordinates":[[121.6393131,25.228526599999995],[121.63895599999998,25.227832000000003],[121.6393857,25.2273882]]}},{"type":"Feature","properties":{"name":null,"kind":"footway"},"geometry":{"type":"LineString","coordinates":[[121.6432119,25.228074500000005],[121.64325520000001,25.2281594],[121.6436048,25.228085499999995],[121.6436201,25.228200800000003],[121.64377160000001,25.2281703]]}},{"type":"Feature","properties":{"name":null,"kind":"cycleway"},"geometry":{"type":"LineString","coordinates":[[121.6398297,25.22888929999999],[121.64058730000002,25.228420599999996],[121.64246320000001,25.228017399999995]]}},{"type":"Feature","properties":{"name":null,"kind":"residential"},"geometry":{"type":"LineString","coordinates":[[121.6389056,25.228627299999996],[121.6390227,25.228703599999996]]}},{"type":"Feature","properties":{"name":null,"kind":"residential"},"geometry":{"type":"LineString","coordinates":[[121.63888060000001,25.228749299999997],[121.63890819999999,25.2285926]]}},{"type":"Feature","properties":{"name":null,"kind":"residential"},"geometry":{"type":"LineString","coordinates":[[121.63955359999999,25.228447100000004],[121.6398297,25.22888929999999]]}},{"type":"Feature","properties":{"name":null,"kind":"footway"},"geometry":{"type":"LineString","coordinates":[[121.64422570000002,25.2280054],[121.64414999999998,25.227991099999993]]}},{"type":"Feature","properties":{"name":null,"kind":"steps"},"geometry":{"type":"LineString","coordinates":[[121.64420000000001,25.2279965],[121.64417609999998,25.2279936]]}},{"type":"Feature","properties":{"name":"磺港大橋","kind":"unclassified"},"geometry":{"type":"LineString","coordinates":[[121.6442952,25.2279527],[121.64480250000001,25.228707199999995]]}},{"type":"Feature","properties":{"name":null,"kind":"footway"},"geometry":{"type":"LineString","coordinates":[[121.64377160000001,25.2281703],[121.64408449999999,25.228582099999993]]}},{"type":"Feature","properties":{"name":"獅頭山公園步道","kind":"footway"},"geometry":{"type":"LineString","coordinates":[[121.64995999999998,25.228348799999992],[121.6503299,25.228867699999995],[121.6506921,25.228952000000003],[121.65081020000001,25.228905800000003]]}},{"type":"Feature","properties":{"name":null,"kind":"service"},"geometry":{"type":"LineString","coordinates":[[121.64595700000001,25.228820799999998],[121.646013,25.2285909]]}},{"type":"Feature","properties":{"name":null,"kind":"path"},"geometry":{"type":"LineString","coordinates":[[121.64408449999999,25.228582099999993],[121.6442217,25.22883759999999],[121.64421509999998,25.229001499999995]]}},{"type":"Feature","properties":{"name":"獅頭山公園步道","kind":"footway"},"geometry":{"type":"LineString","coordinates":[[121.6519579,25.2288076],[121.65190910000001,25.2287578]]}},{"type":"Feature","properties":{"name":null,"kind":"service"},"geometry":{"type":"LineString","coordinates":[[121.6459323,25.227606100000003],[121.6457999,25.22855819999999],[121.6468827,25.228714699999998],[121.6484827,25.229816500000002],[121.64822639999998,25.230141900000003],[121.6479219,25.230105400000003]]}},{"type":"Feature","properties":{"name":"獅頭山公園步道","kind":"steps"},"geometry":{"type":"LineString","coordinates":[[121.65190910000001,25.2287578],[121.65149180000002,25.2290571]]}},{"type":"Feature","properties":{"name":null,"kind":"steps"},"geometry":{"type":"LineString","coordinates":[[121.6530865,25.229226599999997],[121.6528358,25.229067],[121.65210080000001,25.228969999999997],[121.65195380000002,25.229017200000005],[121.6519579,25.2288076]]}},{"type":"Feature","properties":{"name":"獅頭山公園步道","kind":"steps"},"geometry":{"type":"LineString","coordinates":[[121.65079930000002,25.229155900000006],[121.65081020000001,25.228905800000003]]}},{"type":"Feature","properties":{"name":null,"kind":"service"},"geometry":{"type":"LineString","coordinates":[[121.64567290000001,25.228931700000004],[121.64567019999998,25.229275799999996]]}},{"type":"Feature","properties":{"name":"磺港路","kind":"tertiary"},"geometry":{"type":"LineString","coordinates":[[121.6437813,25.2271351],[121.6442952,25.2279527],[121.6451131,25.227542799999995],[121.6470311,25.227761799999993],[121.649577,25.2295129],[121.6496669,25.229593399999995],[121.6497081,25.230188299999995],[121.6495794,25.230606799999997],[121.64944630000001,25.2306976],[121.6490515,25.230760999999998],[121.64851200000001,25.230989099999995],[121.64847029999999,25.2310694]]}},{"type":"Feature","properties":{"name":null,"kind":"service"},"geometry":{"type":"LineString","coordinates":[[121.6467975,25.229423399999998],[121.64680909999998,25.2289453],[121.6456727,25.2287879],[121.64520380000002,25.229090900000003],[121.6453618,25.229337499999993],[121.64532510000001,25.229438900000005]]}},{"type":"Feature","properties":{"name":"獅頭山公園步道","kind":"footway"},"geometry":{"type":"LineString","coordinates":[[121.65149180000002,25.2290571],[121.65125119999999,25.229153299999997]]}},{"type":"Feature","properties":{"name":null,"kind":"service"},"geometry":{"type":"MultiLineString","coordinates":[[[121.6458734,25.2292769],[121.6458707,25.2289535],[121.64567290000001,25.228931700000004],[121.64542620000002,25.229078499999993],[121.645516,25.229275],[121.6458734,25.2292769]],[[121.6458734,25.2292769],[121.64586940000001,25.229433199999992]]]}},{"type":"Feature","properties":{"name":"獅頭山公園步道","kind":"steps"},"geometry":{"type":"LineString","coordinates":[[121.65125119999999,25.229153299999997],[121.6511206,25.2292118]]}},{"type":"Feature","properties":{"name":"獅頭山公園步道","kind":"footway"},"geometry":{"type":"LineString","coordinates":[[121.6511206,25.2292118],[121.65096589999999,25.229244999999995],[121.65079930000002,25.229155900000006]]}},{"type":"Feature","properties":{"name":null,"kind":"footway"},"geometry":{"type":"LineString","coordinates":[[121.65081500000001,25.229171600000004],[121.6507011,25.2293901]]}},{"type":"Feature","properties":{"name":null,"kind":"residential"},"geometry":{"type":"LineString","coordinates":[[121.6496669,25.229593399999995],[121.649887,25.229425399999993],[121.6495755,25.229147099999995]]}},{"type":"Feature","properties":{"name":null,"kind":"service"},"geometry":{"type":"LineString","coordinates":[[121.64532510000001,25.229438900000005],[121.6467975,25.229423399999998]]}},{"type":"Feature","properties":{"name":null,"kind":"service"},"geometry":{"type":"LineString","coordinates":[[121.6467975,25.229423399999998],[121.64681629999998,25.230121599999997],[121.6479219,25.230105400000003],[121.6479291,25.229870399999996],[121.647282,25.229422200000002],[121.6467975,25.229423399999998]]}},{"type":"Feature","properties":{"name":null,"kind":"service"},"geometry":{"type":"LineString","coordinates":[[121.64773699999999,25.229734399999998],[121.6477288,25.2298399]]}},{"type":"Feature","properties":{"name":null,"kind":"service"},"geometry":{"type":"MultiLineString","coordinates":[[[121.64749010000001,25.229562500000004],[121.6474282,25.229638499999997]],[[121.6474282,25.229638499999997],[121.64736670000002,25.229628699999996],[121.64737300000002,25.23001740000001],[121.64765699999998,25.23001169999999],[121.6477288,25.2298399],[121.6474282,25.229638499999997]]]}},{"type":"Feature","properties":{"name":"磺港路","kind":"unclassified"},"geometry":{"type":"LineString","coordinates":[[121.64480250000001,25.228707199999995],[121.6454356,25.2296233],[121.64580840000002,25.2299485],[121.64632870000001,25.231121600000005]]}},{"type":"Feature","properties":{"name":null,"kind":"service"},"geometry":{"type":"LineString","coordinates":[[121.6475463,25.2301108],[121.6475457,25.2297164]]}},{"type":"Feature","properties":{"name":null,"kind":"path"},"geometry":{"type":"LineString","coordinates":[[121.65065230000002,25.2296631],[121.65139139999998,25.229787100000003],[121.6512444,25.2303973],[121.6509066,25.2307478],[121.6504898,25.230522199999996],[121.6504387,25.230610799999994]]}},{"type":"Feature","properties":{"name":null,"kind":"steps"},"geometry":{"type":"LineString","coordinates":[[121.64968530000002,25.2303181],[121.6498713,25.230365],[121.6499792,25.2304906]]}},{"type":"Feature","properties":{"name":null,"kind":"path"},"geometry":{"type":"LineString","coordinates":[[121.6507011,25.2293901],[121.650531,25.2301182],[121.65043250000001,25.23024729999999],[121.65038130000002,25.2308739],[121.65004380000002,25.231494899999998],[121.6498777,25.231655099999994]]}},{"type":"Feature","properties":{"name":null,"kind":"path"},"geometry":{"type":"LineString","coordinates":[[121.65017539999998,25.2305744],[121.6504387,25.230610799999994]]}},{"type":"Feature","properties":{"name":null,"kind":"service"},"geometry":{"type":"LineString","coordinates":[[121.6459103,25.230128],[121.64681629999998,25.230121599999997],[121.64684239999998,25.231118399999996]]}},{"type":"Feature","properties":{"name":null,"kind":"footway"},"geometry":{"type":"LineString","coordinates":[[121.6496618,25.23048899999999],[121.6500017,25.230802799999996],[121.6501215,25.230774399999998],[121.65017539999998,25.2305744]]}},{"type":"Feature","properties":{"name":null,"kind":"footway"},"geometry":{"type":"LineString","coordinates":[[121.649522,25.2306611],[121.6495806,25.230754800000003],[121.64940819999998,25.230874899999996],[121.6495232,25.2309356],[121.649366,25.2310414],[121.64919300000001,25.231005]]}},{"type":"Feature","properties":{"name":null,"kind":"service"},"geometry":{"type":"LineString","coordinates":[[121.64632870000001,25.231121600000005],[121.6472098,25.231115999999997],[121.6474445,25.231351400000005]]}},{"type":"Feature","properties":{"name":null,"kind":"path"},"geometry":{"type":"LineString","coordinates":[[121.64899650000001,25.2314269],[121.6494112,25.231711699999998],[121.6496114,25.231721100000005],[121.6497026,25.23192],[121.6496483,25.232009499999997],[121.6505549,25.2324784],[121.65101120000001,25.232807799999996],[121.6512093,25.2327914]]}}]}
