{"type":"FeatureCollection","features":[{"type":"Feature","properties":{"name":null,"kind":"path"},"geometry":{"type":"LineString","coordinates":[[121.43433650000001,24.7303843],[121.43447039999998,24.7306461],[121.4344846,24.7308696],[121.4343171,24.731310999999998],[121.4345304,24.731485899999992],[121.4347051,24.732077399999998],[121.43490719999998,24.7321866],[121.4349493,24.7323992],[121.4354631,24.7329983],[121.43549670000002,24.733329399999995],[121.4353189,24.7335049],[121.4352961,24.7336467],[121.4353693,24.7337409],[121.4352761,24.734170099999996],[121.4346733,24.7350253],[121.43419430000002,24.735033099999995],[121.43299239999999,24.7365452],[121.4325742,24.7374267],[121.4324938,24.737816],[121.43285019999999,24.738221],[121.432863,24.738715900000003],[121.43313019999998,24.7389669],[121.43319790000001,24.739386900000007],[121.4329755,24.739412799999997],[121.4326726,24.7399843],[121.43276430000002,24.7406956],[121.43219610000001,24.741557499999995],[121.4322757,24.741743300000007],[121.432194,24.741879],[121.4321623,24.742250999999996],[121.43185389999998,24.742530899999995],[121.4314888,24.742734899999995],[121.43132180000002,24.742974499999995],[121.43113820000002,24.743009700000005],[121.4309474,24.743157000000004],[121.43058329999998,24.743606999999994],[121.4301663,24.74394],[121.4301695,24.744209699999995],[121.43041969999999,24.744764],[121.4303752,24.744930099999998],[121.43011669999999,24.745122699999996],[121.43002000000001,24.7457135],[121.4299211,24.7457513],[121.42952599999998,24.746419699999997],[121.4289236,24.7467459],[121.4282939,24.7474427],[121.42825230000001,24.747864999999997],[121.42843539999998,24.7479506],[121.4286155,24.747933899999996],[121.4286976,24.7480807],[121.4287406,24.748252799999996],[121.42863100000001,24.748465099999997],[121.4288317,24.7488818],[121.4288267,24.749328699999992],[121.4295429,24.749864399999996],[121.42949179999998,24.750281199999996],[121.4293959,24.750431499999998],[121.4286209,24.7509772],[121.4284628,24.7514835],[121.4284754,24.751878699999995],[121.42826010000002,24.752327499999996],[121.42842840000002,24.752411699999996],[121.42857150000002,24.7534046],[121.4282918,24.7541043],[121.4274532,24.754762],[121.42742300000002,24.7550032],[121.4271778,24.7552345],[121.4267383,24.755474399999994],[121.42682900000001,24.755614699999995],[121.426527,24.7562022],[121.4258691,24.756772300000005],[121.42590310000001,24.757249199999993],[121.4257812,24.7578151],[121.4251587,24.7585782],[121.425221,24.759128000000004],[121.42504840000001,24.759847799999996],[121.4250926,24.7600113],[121.4254082,24.760184299999995],[121.425423,24.7604125],[121.4251863,24.760423699999997],[121.42517100000002,24.760533700000003],[121.4253173,24.760875900000002],[121.4246801,24.7612807],[121.42420800000001,24.7613697],[121.423963,24.7613443],[121.4236618,24.761436299999996],[121.42305950000001,24.761810799999996]]}},{"type":"Feature","properties":{"name":null,"kind":"path"},"geometry":{"type":"LineString","coordinates":[[121.44996650000002,24.790883600000004],[121.4499679,24.789463299999998],[121.44959490000001,24.789317899999997],[121.4493625,24.7890439],[121.4488941,24.7881683],[121.4484378,24.7879055],[121.4482959,24.7877349],[121.4485701,24.7873693],[121.4485356,24.786784500000007],[121.44884620000002,24.7863249],[121.44899509999999,24.785943900000003],[121.4489463,24.7853309],[121.44868870000002,24.78517829999999],[121.44858710000001,24.785215199999993],[121.4484474,24.785495799999996],[121.448042,24.7859136],[121.4471371,24.7861834],[121.4468035,24.786141600000004],[121.4465063,24.785897900000002],[121.4462513,24.786111999999992],[121.44556100000001,24.786165999999998],[121.44488809999999,24.7864828],[121.44423229999998,24.786655099999997],[121.4435651,24.7864079],[121.44312990000002,24.786616800000004],[121.4426736,24.78659419999999],[121.4419546,24.786841300000003],[121.4414968,24.787476499999997],[121.44146149999999,24.78773749999999],[121.4418249,24.7887418],[121.4422262,24.78923659999999],[121.44219089999999,24.7894188],[121.4418438,24.7896354],[121.4413476,24.789751099999997],[121.4409653,24.7900022],[121.44104710000002,24.790687199999994]]}},{"type":"Feature","properties":{"name":"CT106","kind":"path"},"geometry":{"type":"LineString","coordinates":[[121.43765749999999,24.8002819],[121.4381032,24.8005019],[121.43836340000001,24.800183],[121.4387121,24.799408700000008],[121.4390125,24.7989899],[121.43920560000001,24.7989485],[121.4396911,24.798527299999993],[121.4399137,24.798517500000003],[121.44015240000002,24.798298399999997],[121.44015240000002,24.798188799999995],[121.4407613,24.7983057],[121.441228,24.798149799999994],[121.44188339999998,24.798428899999998],[121.44214220000002,24.7981436],[121.4428508,24.798070900000003],[121.4432575,24.797908699999997],[121.4436457,24.797931000000002],[121.4439723,24.797807999999993],[121.4441264,24.7978192],[121.4442065,24.798020499999996],[121.44455770000002,24.798009400000005],[121.44489670000002,24.7981604],[121.44579020000002,24.7980485],[121.4459689,24.7980821],[121.44658799999999,24.7979055],[121.44728740000001,24.7980146],[121.44762010000001,24.797622999999998],[121.4477834,24.7975839],[121.44802059999999,24.797329299999998],[121.44863770000002,24.7972326],[121.4489413,24.796851099999998],[121.449483,24.796698500000005],[121.4498379,24.796469499999994],[121.44980990000002,24.796232099999994],[121.4499313,24.796164299999997],[121.4503703,24.7962491],[121.45040759999999,24.796138900000003],[121.4505851,24.796172799999997],[121.45060380000001,24.796384699999997],[121.45089330000002,24.7963847],[121.45123890000002,24.796232099999997],[121.45167789999999,24.796181199999996],[121.45180860000002,24.796087999999997],[121.4521916,24.7960201],[121.4534992,24.795061999999998],[121.45382610000001,24.794960299999996],[121.4540222,24.795112899999996],[121.4545172,24.795172300000004],[121.4547787,24.794646599999993],[121.4554817,24.793963299999998],[121.4553858,24.7937782],[121.45544960000001,24.7935246],[121.45578580000002,24.792922799999996],[121.45584949999999,24.792538799999992],[121.45542250000001,24.7919714],[121.455135,24.7919135],[121.45468089999999,24.792163399999996],[121.45452360000002,24.792144899999997],[121.4543324,24.7919418],[121.4540315,24.7918988],[121.4536505,24.791931999999996],[121.4533592,24.792084399999993],[121.4529754,24.7920205],[121.4526691,24.792069]]}},{"type":"Feature","properties":{"name":"塔曼山路線","kind":"path"},"geometry":{"type":"LineString","coordinates":[[121.45051480000001,24.706027399999996],[121.4503747,24.7062851],[121.4502023,24.706944800000002],[121.4496337,24.707977899999996],[121.44907130000001,24.7087995],[121.44887390000001,24.709872299999997],[121.4490436,24.710131899999997],[121.4490436,24.7103853],[121.44855,24.7113405],[121.4484642,24.711701099999996],[121.4488075,24.712890099999996],[121.4485393,24.7131143],[121.44824959999998,24.7131435],[121.44701670000002,24.713588399999992],[121.44686559999998,24.7140207],[121.44620040000001,24.714449500000004]]}},{"type":"Feature","properties":{"name":null,"kind":"path"},"geometry":{"type":"LineString","coordinates":[[121.47755569999998,24.773583699999993],[121.4776605,24.7733554],[121.4775747,24.7731118],[121.4765018,24.772770899999998],[121.4760941,24.771952599999995],[121.4757508,24.771864900000004],[121.4748925,24.772089000000005],[121.4742702,24.772059700000003],[121.474002,24.7723228],[121.47371230000002,24.772322800000005],[121.4734226,24.771592099999992],[121.47228539999999,24.771329099999996],[121.4718562,24.770803100000002],[121.4710837,24.7693126],[121.4705366,24.769546399999992],[121.46956020000002,24.7695854],[121.4689058,24.769487899999998],[121.4678758,24.768776799999998],[121.46741449999999,24.768767],[121.4663094,24.768367599999998],[121.4659768,24.768981400000005],[121.4656228,24.768893699999996],[121.4651185,24.7679195],[121.4639491,24.767763599999995],[121.4635092,24.7673545],[121.4625543,24.7673837],[121.4623183,24.7672765],[121.46137410000001,24.7656496],[121.45963610000001,24.7644124],[121.45845919999998,24.763777599999997],[121.458262,24.763150899999996],[121.4580525,24.7630278],[121.45737459999998,24.763399899999996],[121.4563702,24.763162099999995],[121.4544969,24.763195600000003],[121.45402860000002,24.763531399999994],[121.45351100000002,24.763419500000005],[121.45102150000001,24.760744799999994],[121.45022039999999,24.760487399999995],[121.4497644,24.760498599999995],[121.4485197,24.761192399999995],[121.4477186,24.761304399999997],[121.4472626,24.761617700000002],[121.446745,24.761695999999997],[121.44493330000002,24.762490599999996],[121.44474850000002,24.7627032],[121.4451552,24.7633747],[121.4447608,24.7638335],[121.44458830000002,24.7638223],[121.4435654,24.764169200000005],[121.44363930000002,24.764314699999996],[121.444539,24.764482599999997],[121.4451675,24.764281199999996],[121.4460918,24.7647512],[121.44636299999999,24.7651093],[121.4469545,24.7654338],[121.44722560000001,24.7659374],[121.4474105,24.767291500000002],[121.447201,24.767515299999996],[121.4465971,24.767593599999998],[121.44621509999999,24.767817399999995],[121.44542630000001,24.767951699999994],[121.444502,24.769104299999995],[121.4436516,24.7691715],[121.4432942,24.769395300000003],[121.4424685,24.770883600000005],[121.44222200000002,24.770906],[121.44192620000001,24.7711074],[121.44180300000001,24.7712864],[121.4415442,24.771263999999995],[121.4413347,24.771118600000005],[121.4408664,24.771319999999992],[121.44078010000001,24.771633299999998],[121.440398,24.77226],[121.44061990000002,24.7737259],[121.4408664,24.774061599999992],[121.440891,24.774274199999994],[121.44076780000002,24.774654599999998],[121.4402502,24.775292499999995],[121.44020089999998,24.775561],[121.4403611,24.775852],[121.4397617,24.77749199999999],[121.43959569999998,24.7776138]]}},{"type":"Feature","properties":{"name":null,"kind":"path"},"geometry":{"type":"LineString","coordinates":[[121.47389119999998,24.7738033],[121.4732429,24.773548700000003],[121.4731969,24.773396800000004],[121.4730344,24.773279],[121.47216150000001,24.7731964],[121.4719336,24.773089699999993],[121.4716305,24.7727759],[121.47153109999999,24.7724292],[121.4710074,24.771982300000005],[121.47064370000001,24.7713934],[121.4704461,24.7712338],[121.47013450000001,24.771149],[121.4700024,24.770996],[121.46971269999999,24.7709883],[121.4694326,24.771167700000003],[121.46942170000001,24.771523300000002],[121.4692362,24.7719768],[121.4686979,24.772780300000008],[121.4681342,24.7732603],[121.4679208,24.773331799999994],[121.4679184,24.773642200000005],[121.4670613,24.774461199999998],[121.46674490000001,24.7749488],[121.4665812,24.7750787],[121.4664648,24.7755531],[121.46653399999998,24.7759912],[121.46638970000001,24.776234499999997],[121.46601630000002,24.776508599999996],[121.46536320000001,24.776717799999997],[121.4651044,24.776717799999997],[121.4644636,24.777344400000004],[121.46360089999999,24.776986399999995],[121.4629847,24.776986399999995],[121.4624547,24.776773799999994],[121.4623685,24.776482799999997],[121.4620727,24.776393299999995],[121.4606677,24.777221399999995],[121.46011310000002,24.7772661],[121.4579441,24.778150099999998],[121.45757429999999,24.778004599999996],[121.45722930000001,24.778105299999996],[121.4564775,24.778743099999996],[121.45583660000001,24.7787991],[121.4551218,24.7785194],[121.4545919,24.778530500000002],[121.45423449999998,24.778899800000005],[121.4543084,24.779470499999995],[121.45451790000001,24.7798061],[121.4543454,24.7801194],[121.4540743,24.7799964],[121.4538031,24.7797502],[121.45322390000001,24.779694299999996],[121.4530144,24.7794033],[121.45278019999999,24.779347399999992],[121.45258300000002,24.7795152],[121.451782,24.779705400000005],[121.4514246,24.779974000000003],[121.449995,24.780208999999996],[121.4498347,24.7803992],[121.44911990000001,24.780522299999998],[121.44875020000002,24.780477500000007],[121.4483189,24.780958699999996],[121.4475794,24.7810482],[121.4469632,24.781037000000005],[121.4464456,24.781171299999993],[121.44637160000002,24.781450999999997],[121.44561,24.781764299999995]]}},{"type":"Feature","properties":{"name":null,"kind":"path"},"geometry":{"type":"LineString","coordinates":[[121.45714380000001,24.800207699999998],[121.4576129,24.800452],[121.45782840000001,24.800882300000005],[121.45825659999998,24.801094799999998],[121.45907199999999,24.801279800000003],[121.4594046,24.8018642],[121.46014490000002,24.802838099999992],[121.4607028,24.8031984],[121.4607637,24.803871899999997]]}},{"type":"Feature","properties":{"name":null,"kind":"path"},"geometry":{"type":"LineString","coordinates":[[121.4554817,24.793963299999998],[121.45549840000001,24.7943123],[121.45523260000002,24.795340000000003],[121.45526380000001,24.7955443],[121.4556489,24.796245799999998],[121.4556773,24.796698799999994],[121.4554835,24.7970249],[121.4555241,24.797555400000004],[121.4556217,24.797821199999998],[121.4553752,24.798852599999996],[121.45546129999998,24.7990083],[121.45590530000001,24.799362799999997],[121.4571749,24.8001523],[121.45670180000002,24.8006975],[121.45621639999999,24.800903],[121.4557419,24.800973199999998],[121.45469530000001,24.800982999999995],[121.45453179999998,24.8012128]]}},{"type":"Feature","properties":{"name":"塔曼山步道","kind":"path"},"geometry":{"type":"LineString","coordinates":[[121.4276156,24.699641800000002],[121.42829040000001,24.700028400000004],[121.4292191,24.6998221],[121.43021660000001,24.699869999999997],[121.4312062,24.699669799999995],[121.43148000000001,24.699700899999996],[121.432328,24.7000244],[121.43275720000001,24.700073199999995],[121.4340353,24.6999162],[121.43480639999999,24.700579999999995],[121.4350961,24.700775],[121.43536430000002,24.700814],[121.43638350000002,24.7015158],[121.4375637,24.702646399999995],[121.4381109,24.703572400000002],[121.43987040000002,24.7041085],[121.44076090000001,24.704079199999992],[121.4410184,24.704157199999997],[121.44162989999998,24.703845300000005],[121.44196250000002,24.703816100000004],[121.44231659999998,24.7033287],[121.44263849999999,24.703241000000002],[121.44340020000001,24.7027926],[121.44426919999998,24.7019251],[121.444752,24.701895900000004],[121.445149,24.702081100000004],[121.4455674,24.702422199999997],[121.4460502,24.703231200000005],[121.4467798,24.7036309],[121.4469622,24.704059700000006],[121.4472197,24.704225400000002],[121.44752010000002,24.7043814],[121.44888259999999,24.7044983],[121.4495478,24.704654299999994],[121.4498053,24.704975899999997],[121.45032030000002,24.705394999999996],[121.4503912,24.705828599999997],[121.45051480000001,24.706027399999996]]}},{"type":"Feature","properties":{"name":null,"kind":"path"},"geometry":{"type":"LineString","coordinates":[[121.4420627,24.7226468],[121.44167369999998,24.7227282],[121.44146900000001,24.7228796],[121.4413725,24.723171999999998],[121.4413771,24.7239119],[121.44094330000001,24.724273199999995],[121.4411901,24.724448599999995],[121.44127040000001,24.724695199999992],[121.4410935,24.7251015],[121.4410327,24.725803899999995],[121.440836,24.7262028],[121.4405034,24.7263977],[121.4397621,24.726426899999996],[121.4396129,24.726310000000005],[121.4393018,24.7265926],[121.4390014,24.7266218],[121.43796070000002,24.727187000000004],[121.4378344,24.7273849]]}},{"type":"Feature","properties":{"name":null,"kind":"path"},"geometry":{"type":"LineString","coordinates":[[121.44868870000002,24.78517829999999],[121.448133,24.7847726],[121.44757510000001,24.784673199999997],[121.4469317,24.7842198],[121.4467442,24.783788200000004],[121.4469373,24.783253199999997],[121.4469172,24.782874799999995],[121.44561,24.781764299999995],[121.44484810000002,24.781301400000004],[121.4445122,24.7812633],[121.4443742,24.7809964],[121.4439311,24.780696099999997],[121.44369360000002,24.780696099999993],[121.4433257,24.7804804],[121.4430678,24.780646500000007],[121.4423209,24.780671],[121.44196700000002,24.780504900000004],[121.441814,24.7805648],[121.44174199999999,24.7803361],[121.4412831,24.779943899999996],[121.44069220000002,24.7795844],[121.4402452,24.7795572],[121.4400953,24.779614399999996],[121.4400443,24.7792985],[121.4398163,24.7788954],[121.4399993,24.778704799999996],[121.4399903,24.778486899999994],[121.4400803,24.7783017],[121.4400233,24.778018499999998],[121.4397503,24.7778959],[121.4391325,24.776768199999996],[121.4387338,24.776575599999994],[121.43828399999998,24.7753926],[121.43750230000002,24.774711600000003],[121.43728030000001,24.7743194],[121.43690840000001,24.774243099999996],[121.43653639999998,24.773965299999997],[121.43626650000002,24.773976199999993],[121.43607450000002,24.773850899999996],[121.4354806,24.774030699999997],[121.4338909,24.773535],[121.4338609,24.773044799999997],[121.43363890000002,24.772837799999998],[121.432697,24.7724129],[121.43220810000001,24.7723911],[121.43168319999998,24.772546400000003],[121.43109830000002,24.771892699999995],[121.43113280000001,24.771755200000005],[121.43095430000001,24.7717021],[121.4306859,24.771440599999995],[121.4307294,24.7711356],[121.4305299,24.7710144],[121.430101,24.77099129999999],[121.42982350000001,24.770863199999997],[121.42969599999999,24.7707107],[121.4294876,24.770660299999992],[121.42891470000002,24.770089999999996],[121.4287726,24.770086200000005],[121.4286263,24.769928299999997],[121.42840359999998,24.769884],[121.4279709,24.769618200000004],[121.4272222,24.768541599999995],[121.42688539999999,24.7684357],[121.4267592,24.768477099999995],[121.42604650000001,24.767860799999994],[121.4258255,24.767474599999996],[121.42538460000002,24.7671533],[121.42521960000002,24.766664399999996],[121.42503070000001,24.766588099999996],[121.42493919999998,24.766368900000003],[121.4249707,24.765788699999998],[121.42471419999998,24.765418299999997],[121.42473220000001,24.7652576],[121.4244308,24.7650969],[121.4245133,24.764481399999998],[121.4240138,24.7640115],[121.4237049,24.763869900000003],[121.4235969,24.762907099999996],[121.423114,24.762463100000005],[121.42305950000001,24.761810799999996]]}},{"type":"Feature","properties":{"name":null,"kind":"path"},"geometry":{"type":"LineString","coordinates":[[121.43957319999998,24.711952800000002],[121.43943969999998,24.7119607],[121.43910339999998,24.712401899999993],[121.4389727,24.7131825],[121.43945829999998,24.7138782],[121.44011209999998,24.714421199999997],[121.4408967,24.7144042],[121.44186810000001,24.714183599999995],[121.4425966,24.7141667],[121.4430262,24.714336299999996],[121.44549200000002,24.71416669999999],[121.44607110000001,24.714183599999995],[121.44620040000001,24.714449500000004]]}},{"type":"Feature","properties":{"name":"塔曼山路線","kind":"path"},"geometry":{"type":"LineString","coordinates":[[121.44620040000001,24.714449500000004],[121.44506320000002,24.7147224],[121.44479500000001,24.715082999999996],[121.4446555,24.7153754],[121.44454000000002,24.715949999999992],[121.4443443,24.7162818],[121.44410830000001,24.716963999999994],[121.44375430000001,24.717431799999996],[121.44365769999999,24.717753400000003],[121.4437699,24.71805339999999],[121.4431553,24.719394299999998],[121.44233810000001,24.720375],[121.44233810000001,24.720755100000005],[121.4420806,24.721427499999997],[121.4420488,24.721952799999997],[121.44180869999998,24.7221093]]}},{"type":"Feature","properties":{"name":null,"kind":"path"},"geometry":{"type":"LineString","coordinates":[[121.4412795,24.729517100000002],[121.44110389999999,24.728671199999997],[121.4407776,24.728155499999996],[121.4383956,24.727313799999997],[121.4378344,24.7273849],[121.43737099999998,24.7278917],[121.43677720000001,24.7281111],[121.4363954,24.728579300000003],[121.43619310000001,24.728686],[121.4360561,24.728982399999996],[121.4354491,24.729237300000005],[121.43518160000002,24.7292521],[121.4350902,24.729483299999995],[121.4349303,24.7296048],[121.4349271,24.7299367],[121.4347052,24.7301975],[121.43433650000001,24.7303843],[121.4341279,24.730403599999995]]}},{"type":"Feature","properties":{"name":null,"kind":"path"},"geometry":{"type":"LineString","coordinates":[[121.47029059999998,24.7471513],[121.4695787,24.747231000000003],[121.46901000000001,24.747594199999995],[121.4681946,24.748237299999996],[121.46748649999999,24.7490167],[121.46705740000002,24.7499716],[121.466757,24.751374600000002],[121.46660029999998,24.751527299999996]]}},{"type":"Feature","properties":{"name":null,"kind":"path"},"geometry":{"type":"LineString","coordinates":[[121.4752231,24.6929062],[121.47516410000001,24.6925407],[121.4753231,24.692345500000002],[121.47524720000001,24.692094700000006],[121.47488059999999,24.692033599999995],[121.47459809999998,24.691899700000004],[121.473764,24.6906447],[121.47304920000002,24.6900279],[121.4730015,24.689768200000003],[121.47313449999999,24.689323699999992],[121.4736111,24.6884831],[121.47361959999999,24.6882169],[121.4735132,24.687989800000004],[121.4735762,24.6866334],[121.4736701,24.686208100000005],[121.47384790000001,24.6858752],[121.4737639,24.6851321],[121.4741832,24.684773699999997],[121.4742851,24.684551899999995],[121.47489400000002,24.6843374],[121.4758033,24.683267499999996],[121.4755994,24.682638700000002],[121.4756155,24.682229299999996],[121.4757925,24.6817857],[121.47573809999999,24.681442299999997],[121.4760385,24.680852499999997],[121.4760715,24.68057689999999],[121.47587300000002,24.679797],[121.4759741,24.6793268],[121.4765749,24.678790599999992],[121.47739030000001,24.6783227],[121.4775789,24.678115299999998],[121.4777551,24.677547600000004],[121.47796510000002,24.677223299999998],[121.47827539999999,24.677196699999996],[121.47862949999998,24.6769139],[121.4784417,24.676499599999996],[121.47851360000001,24.6762776],[121.4790434,24.6756025],[121.4794779,24.675322200000004],[121.47982659999998,24.674778699999994],[121.4799526,24.674203500000004],[121.48005990000001,24.674142499999995],[121.4800841,24.6740128]]}},{"type":"Feature","properties":{"name":null,"kind":"path"},"geometry":{"type":"LineString","coordinates":[[121.4752015,24.692946899999995],[121.4757374,24.692987799999994],[121.47622029999998,24.69312289999999],[121.47632900000002,24.6930449],[121.4763356,24.692891299999996],[121.47673530000002,24.6926246]]}},{"type":"Feature","properties":{"name":null,"kind":"footway"},"geometry":{"type":"LineString","coordinates":[[121.47921440000002,24.7735887],[121.479156,24.77334919999999],[121.4783688,24.7727571],[121.47742060000002,24.771752799999998],[121.47707949999999,24.771111699999995],[121.4768993,24.770924099999995],[121.4764872,24.770767700000007],[121.476278,24.770592399999998],[121.4759615,24.770504399999997],[121.47576170000002,24.770522100000004],[121.4754975,24.770749499999997],[121.47507749999998,24.770950999999993],[121.47349120000001,24.770783599999994],[121.472746,24.770128],[121.47232710000002,24.769444599999996]]}},{"type":"Feature","properties":{"name":null,"kind":"track"},"geometry":{"type":"LineString","coordinates":[[121.4761796,24.773842099999996],[121.4761144,24.7733626],[121.47595679999999,24.773255499999998],[121.47576170000002,24.773225599999996],[121.4754901,24.773426000000004],[121.4752222,24.7734933]]}},{"type":"Feature","properties":{"name":null,"kind":"track"},"geometry":{"type":"LineString","coordinates":[[121.4758421,24.773727999999995],[121.475518,24.7737182],[121.4752222,24.7734933],[121.47500420000001,24.773475799999993],[121.47427930000002,24.7738294],[121.4737923,24.773811399999996],[121.47368500000002,24.773938599999997],[121.47370309999998,24.774070699999992],[121.47385330000002,24.774169399999998],[121.47405310000002,24.774153499999993],[121.4741577,24.774037199999995],[121.47455330000001,24.774219300000002]]}},{"type":"Feature","properties":{"name":null,"kind":"track"},"geometry":{"type":"LineString","coordinates":[[121.475518,24.7737182],[121.4756249,24.7740999]]}},{"type":"Feature","properties":{"name":"福巴越嶺國家步道","kind":"footway"},"geometry":{"type":"LineString","coordinates":[[121.5037374,24.7748987],[121.50411109999999,24.7753327],[121.5044515,24.7754268],[121.5050034,24.774900699999996],[121.5050391,24.774378100000003],[121.5052985,24.773726899999996],[121.5051322,24.773234899999995],[121.5052805,24.773004499999995],[121.50531989999999,24.772635799999996],[121.5054862,24.772440999999993],[121.5057437,24.772324099999995],[121.50586170000001,24.771992899999997],[121.5060334,24.771983099999996],[121.50634800000002,24.771786799999997],[121.50635530000001,24.771705500000003],[121.50650550000002,24.7716714],[121.50662349999999,24.7712963],[121.5066503,24.770867700000004],[121.5062622,24.770612999999997],[121.50651619999998,24.770346499999995],[121.5065108,24.770010399999997],[121.5069282,24.7689432],[121.50694539999999,24.768636799999996],[121.5071975,24.768529699999995],[121.5071653,24.768427399999997],[121.5067308,24.768076699999998],[121.5059744,24.7676833],[121.505969,24.767331400000003],[121.5058778,24.7671707],[121.50564179999999,24.7671512],[121.50591540000002,24.766961199999997],[121.50610660000001,24.7666334],[121.5060227,24.766181899999996],[121.50616560000002,24.7659369],[121.5064553,24.7658102],[121.5064679,24.765543799999996],[121.5067737,24.7651395],[121.50682729999998,24.764817999999995],[121.5069936,24.764574399999997],[121.5069971,24.7641346],[121.50709369999998,24.7639836],[121.507058,24.7637707],[121.5069167,24.7637449],[121.5068952,24.763515899999998],[121.5067415,24.763351800000002],[121.50665380000001,24.7630288],[121.5064607,24.762985000000004],[121.506543,24.762601599999996],[121.5061085,24.762533399999995],[121.5057437,24.762874399999998],[121.50522869999999,24.7630498],[121.50469770000001,24.7630157],[121.5045796,24.762932899999992],[121.5045689,24.762742899999992],[121.50429350000002,24.762605000000008],[121.50410570000001,24.762726800000003],[121.5038286,24.7626357],[121.5034692,24.7627624],[121.50332440000001,24.7627137],[121.5028772,24.7622007],[121.5027397,24.7622704],[121.5022622,24.761987900000005],[121.5019725,24.761978099999993],[121.5014951,24.7617686],[121.50151469999999,24.7616795],[121.5013162,24.761548000000005],[121.5010713,24.761539699999993],[121.50086750000001,24.7613838],[121.5007977,24.760945399999997],[121.50084599999998,24.760599600000003],[121.50058849999999,24.760521599999993],[121.50044179999999,24.76033990000001],[121.50037930000002,24.7600881],[121.50018970000002,24.7599356],[121.49976050000001,24.759813799999996],[121.4997069,24.75965789999999],[121.4994083,24.7595035],[121.49947270000001,24.759372000000006],[121.4993172,24.758768],[121.4996176,24.758105499999996],[121.4995478,24.7578619],[121.49960149999998,24.757744999999996],[121.499562,24.757655799999995],[121.49936010000002,24.7575891],[121.4990436,24.757155499999996],[121.49945479999998,24.7568715],[121.49936010000002,24.7560497],[121.4991543,24.7557609],[121.4984267,24.755465199999996],[121.4979313,24.755429600000006],[121.49747720000002,24.7552947],[121.4973109,24.754880600000003],[121.4970373,24.75482699999999],[121.49670470000001,24.754500599999997],[121.49665100000001,24.7542863],[121.49633990000001,24.75403289999999],[121.49625760000002,24.7536564],[121.4957445,24.753579899999995],[121.4955065,24.7537392],[121.4954583,24.7538659],[121.49526700000001,24.7539112],[121.4952831,24.753984199999994],[121.49468580000001,24.754046100000004],[121.494457,24.754140100000004],[121.49381330000001,24.754636999999995],[121.49367920000002,24.754866],[121.4935665,24.754914699999997],[121.4929955,24.7545494],[121.49256,24.7545369],[121.49241970000001,24.7540946],[121.49245960000002,24.7538356],[121.49236280000001,24.7535752],[121.492238,24.753480199999995],[121.4917224,24.753191800000003],[121.4911706,24.753245],[121.49118780000002,24.7529179],[121.4908934,24.752134499999997],[121.4901958,24.751388],[121.4899864,24.7513699],[121.48990500000001,24.7514008],[121.48959680000002,24.7520454],[121.4892267,24.752517899999994],[121.48857030000002,24.752725899999998],[121.48854540000002,24.753009899999995],[121.48812699999999,24.7531025],[121.48805,24.753315400000005],[121.48820020000001,24.753597900000003],[121.48776760000001,24.753477599999997],[121.4875136,24.753485899999994],[121.48737600000001,24.753618899999996],[121.4875423,24.753867299999996],[121.48742769999998,24.7539341],[121.48732230000002,24.753794199999994],[121.4871541,24.753822],[121.4866338,24.753519999999998],[121.4863138,24.753487299999996],[121.48624219999999,24.753544299999994],[121.4861314,24.753477599999997],[121.4849727,24.753360699999998],[121.48489039999998,24.753714799999997],[121.48440939999999,24.7542814],[121.4837818,24.753911199999997],[121.4836619,24.753914599999998],[121.48370670000001,24.754174199999998],[121.4830576,24.7541888],[121.48285379999999,24.754135199999997],[121.4827285,24.753909699999998],[121.48220279999998,24.753485899999994],[121.48202759999998,24.753428899999996],[121.48203839999998,24.753555499999997],[121.48120150000001,24.753633499999992],[121.48089570000002,24.75398420000001],[121.4805149,24.754052399999996],[121.4804111,24.754197100000003],[121.47999450000002,24.754305699999996],[121.4798926,24.7545055],[121.4795689,24.754659900000004],[121.4794366,24.754831899999992],[121.4793722,24.7549439],[121.4794259,24.7550803],[121.4792953,24.7551763],[121.47911480000002,24.755153399999998],[121.47887150000001,24.755322400000004],[121.4788519,24.7550949],[121.4786802,24.75479289999999],[121.4785603,24.754786599999992],[121.47844960000002,24.7546662],[121.47799360000002,24.754641899999992],[121.47773419999999,24.754231199999992],[121.47732840000002,24.7539647],[121.4770602,24.753901400000004],[121.47676510000001,24.753979399999995],[121.476395,24.753838100000003],[121.47611600000002,24.753881899999993],[121.4758049,24.7536725],[121.4755831,24.752774599999995],[121.47579420000001,24.752274299999996],[121.4763253,24.751909],[121.4763073,24.751775999999996],[121.4761249,24.751634700000007],[121.47578879999999,24.751509499999994],[121.475467,24.7516264],[121.47497690000002,24.751571399999996],[121.47484999999999,24.7515923],[121.47463360000002,24.751790599999993],[121.47416689999999,24.751702899999998],[121.47405610000001,24.751597199999996],[121.4737002,24.751478799999997],[121.47336759999999,24.7514593],[121.4733086,24.751512900000005],[121.47292959999999,24.7513633],[121.4726345,24.7513633],[121.47235020000001,24.751192799999995],[121.472005,24.751171899999996],[121.47185130000001,24.7513],[121.4714866,24.7512659],[121.47153830000002,24.7511865],[121.47144709999999,24.750972099999995],[121.47122180000001,24.7508991],[121.470934,24.750949200000004],[121.47103060000002,24.750822599999992],[121.4709877,24.750442599999996],[121.4707731,24.750116200000004],[121.4703815,24.7499554],[121.47011329999998,24.750013899999995],[121.46956960000001,24.749880899999997],[121.46953930000001,24.749804399999995],[121.4696412,24.749677699999996],[121.4694945,24.749383999999996],[121.4695159,24.748814],[121.46934960000002,24.748565499999994],[121.47020450000001,24.747641399999996],[121.47034390000002,24.7472906],[121.4701669,24.746978799999997],[121.4698343,24.746983699999998],[121.4695929,24.746876500000003],[121.46910820000001,24.746967599999998],[121.4687453,24.747154199999994],[121.4683913,24.7472029],[121.4677636,24.7474368],[121.46702149999999,24.747990699999995],[121.4665996,24.748074999999993],[121.46613819999999,24.747802099999998],[121.4656393,24.747797299999995],[121.46468450000002,24.747300300000003],[121.4644163,24.747241899999995],[121.4642875,24.746988599999995],[121.46390480000001,24.7468897],[121.4638672,24.7466948],[121.46341660000002,24.746309899999996],[121.46305180000002,24.7462563],[121.4630644,24.746501399999993],[121.46289280000002,24.7464819],[121.4625315,24.746329399999997],[121.46204520000002,24.7459021],[121.4614336,24.7456927],[121.4612011,24.7452673],[121.4612834,24.7448839],[121.46085779999999,24.7443563],[121.46086500000001,24.744080099999998],[121.46100449999999,24.744036199999996],[121.4610313,24.7438949],[121.4609275,24.743737599999996],[121.4609455,24.7435101],[121.46114399999999,24.743276199999997],[121.4611171,24.743154399999998],[121.4614175,24.7425405],[121.4617984,24.741975399999998],[121.4617984,24.741873099999996],[121.46168580000001,24.741804899999998],[121.4615302,24.741785399999998],[121.46100449999999,24.7421849],[121.46029640000002,24.742944900000005],[121.4598726,24.743032600000003],[121.45948100000001,24.742993600000005],[121.4593308,24.7432031],[121.45906599999999,24.743045800000004],[121.4587997,24.742993600000002],[121.45804680000002,24.7424757],[121.4578,24.7425147],[121.4575927,24.742896199999993],[121.4573942,24.7430375],[121.45724399999999,24.743081299999997],[121.45689350000002,24.742982399999995],[121.45684169999998,24.743203099999995],[121.45670219999998,24.743271299999996],[121.45648760000002,24.7429498],[121.4562301,24.7428572],[121.45577230000002,24.743031099999996],[121.4555202,24.742865500000008],[121.45535920000002,24.742885],[121.4552914,24.7430765],[121.4551841,24.743061800000003],[121.45505530000001,24.742901099999994],[121.4547799,24.742943499999992],[121.4543633,24.742754899999998],[121.4542292,24.742530799999994],[121.4540254,24.742545399999997],[121.4536587,24.742339299999998],[121.4535426,24.7420533],[121.4529847,24.7418097],[121.45292030000002,24.741590500000004],[121.4526735,24.74142],[121.4524911,24.7410448],[121.45225510000002,24.740947399999992],[121.45173289999998,24.740395400000004],[121.451429,24.7402848],[121.45131099999999,24.740089899999997],[121.45107309999999,24.7399326],[121.4511125,24.739641700000004],[121.4510213,24.739519899999998],[121.45039370000002,24.7395199],[121.4502148,24.739357699999996],[121.44995730000001,24.739411199999996],[121.4497105,24.739060499999997],[121.449412,24.739003499999995],[121.4490096,24.738599099999995],[121.4476203,24.738014399999997],[121.44749499999999,24.737745000000004],[121.44722680000001,24.737774199999997],[121.44700680000001,24.7376817],[121.4470248,24.737624599999997],[121.4464186,24.737566200000003],[121.44626649999998,24.73741369999999],[121.44602699999999,24.737410299999997],[121.4451151,24.7369084],[121.4444928,24.7369231],[121.4443587,24.737015599999996],[121.44431040000002,24.736781799999996],[121.4439939,24.7364505],[121.44373990000001,24.7364782],[121.4430927,24.736236099999996],[121.44291570000001,24.7360607],[121.44303180000001,24.735684099999997],[121.44273330000001,24.73528599999999],[121.44282450000001,24.735061900000005],[121.442726,24.734724200000002],[121.4424972,24.734443099999996],[121.44186770000002,24.7341834],[121.44129020000001,24.733761000000005],[121.44128300000001,24.733476900000003],[121.4411757,24.7333649],[121.4409201,24.733205499999993],[121.4407002,24.7332299],[121.4408772,24.733044700000004],[121.44082699999998,24.732882500000002],[121.44044799999999,24.732805999999997],[121.44055000000002,24.732460099999997],[121.4399277,24.7323236],[121.4401315,24.732055699999997],[121.4400653,24.731659499999992],[121.43995800000002,24.731518199999996],[121.43955749999999,24.731329699999996],[121.43943230000002,24.7311577],[121.43924640000002,24.731081199999995],[121.43945370000002,24.730928699999996],[121.44012970000001,24.7307094],[121.4402817,24.7302919],[121.4401511,24.729978599999995],[121.4402048,24.7297447],[121.44009399999999,24.729663299999995],[121.44018519999999,24.729565899999997],[121.44036220000001,24.7295707],[121.4407841,24.7293208],[121.4410596,24.729380699999997],[121.4412795,24.729517100000002],[121.44152090000001,24.729370999999997],[121.4416102,24.729169700000003],[121.44159950000001,24.7289115],[121.4418463,24.7282342],[121.4429674,24.727722599999996],[121.4430659,24.727490200000002],[121.4429908,24.727344],[121.4426563,24.727162199999995],[121.4427172,24.7270273],[121.4424524,24.726353399999994],[121.4425402,24.725706799999998],[121.44236310000001,24.725560599999998],[121.4422934,24.7253657],[121.44254550000001,24.724639699999997],[121.4424203,24.7245262],[121.442406,24.724313199999997],[121.4421199,24.724126599999998],[121.4421646,24.7236652],[121.4421003,24.723533599999996],[121.44205739999998,24.7224714],[121.44180869999998,24.7221093],[121.44180869999998,24.7219144],[121.4415888,24.72169510000001],[121.4416531,24.721300399999997],[121.44156199999999,24.7211396],[121.44184280000002,24.720639199999997],[121.4418106,24.720575799999995],[121.441419,24.720478399999994],[121.44133129999999,24.720374599999996],[121.44130450000002,24.720057899999997],[121.44120250000002,24.719984800000002],[121.44099520000002,24.720025199999995],[121.44050170000001,24.7199472],[121.44025839999999,24.719721600000003],[121.440212,24.719489199999998],[121.4402817,24.719040899999992],[121.4406251,24.718675399999995],[121.4402906,24.718547300000004],[121.4401779,24.718435199999995],[121.440153,24.718246599999997],[121.44045880000002,24.717778800000005],[121.44067330000001,24.7176667],[121.440609,24.717471800000002],[121.4406465,24.71729150000001],[121.44139220000001,24.716409500000005],[121.44095230000002,24.7163998],[121.4407806,24.716243799999997],[121.4403944,24.716365700000004],[121.4397112,24.716373899999997],[121.43948590000001,24.716344700000004],[121.4393537,24.716234099999994],[121.43882609999999,24.716417799999995],[121.43830760000002,24.7162438],[121.4383827,24.7160489],[121.4376478,24.715527499999997],[121.43739380000001,24.7154532],[121.4375298,24.715157199999997],[121.43754050000001,24.714879399999994],[121.4373294,24.714498099999997],[121.43772290000001,24.7141289],[121.43794100000001,24.7140693],[121.4380107,24.713976699999996],[121.43780869999999,24.7139097],[121.43780869999999,24.713651399999993],[121.4375298,24.713670899999997],[121.4372811,24.713465000000003],[121.4372723,24.7133151],[121.4371704,24.713242],[121.43718650000001,24.7129692],[121.43753330000001,24.7126414],[121.43742790000002,24.71225769999999],[121.4386241,24.7117704],[121.4386402,24.711633900000002],[121.43934830000002,24.711346399999996],[121.43941809999998,24.7112197]]}},{"type":"Feature","properties":{"name":null,"kind":"track"},"geometry":{"type":"LineString","coordinates":[[121.4741577,24.774037199999995],[121.47427930000002,24.7738294]]}},{"type":"Feature","properties":{"name":null,"kind":"path"},"geometry":{"type":"LineString","coordinates":[[121.4748363,24.775716999999997],[121.4747719,24.775747499999998],[121.47456010000002,24.7756225],[121.47457999999999,24.7757718],[121.4742975,24.776206499999997],[121.4742743,24.776492099999995],[121.47414190000002,24.776550600000004],[121.47391150000001,24.776514899999995],[121.47365910000002,24.776714600000005],[121.4733551,24.776573399999997],[121.4729457,24.776641599999998],[121.47257730000001,24.7768559],[121.47245070000001,24.776644799999993],[121.47211619999999,24.776662599999995],[121.4719231,24.776449999999993],[121.47181199999999,24.776005100000003],[121.471936,24.775661999999997],[121.47155630000002,24.775610599999997],[121.47126149999998,24.7756658],[121.4710701,24.7753475],[121.47092180000001,24.775294],[121.4708109,24.775035800000005],[121.4706597,24.7749135]]}},{"type":"Feature","properties":{"name":"巫山步道","kind":"path"},"geometry":{"type":"LineString","coordinates":[[121.4751427,24.807529300000002],[121.4748057,24.807644599999996],[121.47419810000001,24.8076739],[121.4738271,24.8078252],[121.4732841,24.8078984],[121.4732196,24.8080546],[121.47290770000001,24.8081181],[121.4728109,24.80821079999999],[121.4723861,24.808767199999995],[121.47227859999998,24.809069799999996],[121.47194250000001,24.809119700000004],[121.4715472,24.809343499999997],[121.47252600000002,24.810551199999995],[121.47310860000002,24.812342299999997]]}},{"type":"Feature","properties":{"name":null,"kind":"path"},"geometry":{"type":"LineString","coordinates":[[121.4714956,24.813387299999995],[121.4717026,24.813275699999995],[121.47184970000002,24.8130617],[121.4721322,24.812887899999993],[121.47248010000001,24.812817900000002],[121.47310860000002,24.812342299999997]]}},{"type":"Feature","properties":{"name":null,"kind":"path"},"geometry":{"type":"LineString","coordinates":[[121.4802772,24.824609599999995],[121.48028100000002,24.823740699999995],[121.48061520000002,24.8233186],[121.4809269,24.822979299999997],[121.48116070000002,24.822894199999997],[121.4818651,24.822388999999994],[121.4822152,24.822364999999998],[121.4826907,24.822001799999995],[121.4829491,24.821643200000004],[121.4831615,24.82094499999999],[121.48323420000001,24.8203132],[121.48348800000001,24.8200582],[121.48351710000001,24.819763199999997],[121.48368750000002,24.8197321],[121.48375620000002,24.819360399999997],[121.48409290000001,24.8189282],[121.4840813,24.818491499999997],[121.4838112,24.8178648],[121.48298900000002,24.817541799999997],[121.4825029,24.8171042],[121.48210789999999,24.8170479],[121.4816046,24.816716899999996],[121.481343,24.816396799999993],[121.48105900000002,24.816403999999995],[121.4806865,24.8161654],[121.48015020000001,24.8161474],[121.47952700000002,24.8162279],[121.47901,24.816166499999998],[121.4787283,24.816272399999995],[121.4781946,24.8161213],[121.47733240000001,24.8155668],[121.47696160000001,24.815231899999997],[121.47664500000002,24.8152158],[121.47656,24.815110699999998],[121.47605090000002,24.81498519999999],[121.47564830000002,24.8143239],[121.47526250000001,24.814238299999996],[121.4748721,24.8145503],[121.47475340000001,24.8145689],[121.47447140000001,24.813918599999997],[121.4740613,24.8136855],[121.4733221,24.813702299999996],[121.4729033,24.813835400000002],[121.4723017,24.814427099999996],[121.47209040000001,24.815039199999998],[121.47173270000002,24.815213],[121.4716654,24.81548],[121.47180270000001,24.815899700000003],[121.4716738,24.816471100000005],[121.4717485,24.8168323],[121.4713435,24.817181099999996],[121.47105649999999,24.81828],[121.47066970000002,24.818715700000002],[121.470623,24.819170199999995],[121.4696852,24.8197348],[121.4695022,24.8202672],[121.46905569999998,24.8208149],[121.469022,24.821296400000005],[121.4688539,24.821315099999996],[121.46781710000002,24.8207471],[121.46756300000001,24.820789400000002],[121.4673033,24.821050599999996],[121.4666271,24.8213676],[121.46608530000002,24.821293],[121.4658569,24.8210605],[121.46574060000002,24.821062899999998],[121.46491499999999,24.821740399999996],[121.4642849,24.821975299999995],[121.46401279999999,24.822149199999995],[121.4625327,24.823346]]}},{"type":"Feature","properties":{"name":null,"kind":"path"},"geometry":{"type":"LineString","coordinates":[[121.461638,24.809202799999998],[121.46202639999998,24.8093443],[121.46252050000001,24.809351499999995],[121.4628507,24.8094522],[121.46290360000002,24.8099055],[121.46330380000002,24.810410299999997],[121.4642932,24.8106405],[121.46463929999999,24.810621299999994],[121.4654504,24.811099699999996],[121.4656155,24.8113012],[121.4659973,24.811421099999997],[121.46640820000002,24.81169929999999],[121.46651470000002,24.81179759999999],[121.46656330000002,24.812006200000003],[121.4666604,24.812033299999996],[121.4671349,24.8118553],[121.46794200000001,24.812360599999995],[121.4683249,24.812223200000002],[121.4687359,24.8124912],[121.4691077,24.81236739999999],[121.46943840000002,24.812360599999998],[121.4703612,24.8129592],[121.47083570000001,24.812842199999995],[121.47094039999999,24.812886299999995],[121.47116270000001,24.813298299999996],[121.4716577,24.813457699999997],[121.47171750000001,24.8135527],[121.4716764,24.813756200000004],[121.47129719999998,24.814207199999995],[121.47132329999998,24.8144938],[121.47095900000001,24.814427600000002],[121.4705817,24.814471699999995],[121.47018190000001,24.8148007],[121.4700138,24.815058400000005],[121.46921790000002,24.815312799999997],[121.46877050000002,24.8155983],[121.4685116,24.8156295],[121.46856579999998,24.815802199999997],[121.46931609999999,24.8164904],[121.46976129999999,24.816734999999994],[121.47034780000001,24.816835699999995],[121.47100690000002,24.817497600000003],[121.4714706,24.817602399999995],[121.47185370000001,24.817524499999994],[121.4722909,24.817645599999995],[121.4723585,24.81806539999999],[121.47321870000002,24.818391],[121.4736447,24.8187878],[121.4747553,24.8190404],[121.47525320000001,24.819247299999997],[121.4756651,24.8195482],[121.4762347,24.819602899999992],[121.4763482,24.8194818],[121.4764988,24.8194627],[121.4771025,24.8197912],[121.4778792,24.819858299999996],[121.47810380000001,24.819979399999998],[121.47815129999998,24.820136499999993],[121.47852779999998,24.820385900000005],[121.47871669999999,24.820828299999995],[121.4791038,24.8210369],[121.4793151,24.821484099999992],[121.4798263,24.821877399999995],[121.4799373,24.822171099999995],[121.47998490000002,24.822480400000003],[121.4796863,24.822939599999998],[121.4796559,24.823411999999998],[121.47943140000001,24.824095399999997],[121.47997689999998,24.8243951],[121.4806041,24.824884199999996],[121.4807919,24.8249325],[121.4811132,24.824884199999996],[121.481357,24.825014799999998],[121.48152790000002,24.8252861],[121.48151860000002,24.825587900000002],[121.4816787,24.825884699999996],[121.48210829999998,24.826287799999996],[121.4825941,24.826950299999993],[121.4828616,24.8270851],[121.48339989999998,24.827668900000003],[121.4835013,24.8280838],[121.4837264,24.828334699999996],[121.48378569999998,24.8291191],[121.48375830000002,24.829340500000004],[121.48338920000002,24.8299034],[121.4834185,24.830154000000004],[121.48404180000001,24.830860099999995],[121.48396960000001,24.831391699999998],[121.48403430000002,24.831609000000004],[121.4842008,24.831806699999998],[121.4846306,24.831959199999996],[121.48493330000001,24.832162699999998],[121.4851727,24.832572999999996],[121.48556210000001,24.832986499999997],[121.4857639,24.8331003],[121.48635380000002,24.8338746],[121.486684,24.8341404]]}},{"type":"Feature","properties":{"name":null,"kind":"track"},"geometry":{"type":"LineString","coordinates":[[121.47564929999999,24.7751655],[121.47611370000001,24.7746835],[121.47629429999999,24.774215699999992],[121.4762398,24.773943800000005],[121.4759468,24.773620099999995],[121.4757559,24.7735338],[121.4757105,24.773580799999994],[121.47588980000002,24.7737955],[121.4759038,24.773973299999998],[121.4758193,24.7740981],[121.47520310000002,24.774104199999996],[121.4747559,24.774583999999997],[121.4745265,24.7743356],[121.4746801,24.7740567],[121.4750851,24.773827799999992],[121.47525200000001,24.7735502]]}},{"type":"Feature","properties":{"name":null,"kind":"track"},"geometry":{"type":"LineString","coordinates":[[121.4747914,24.7745675],[121.47490469999998,24.7746716],[121.4750073,24.774662499999998],[121.4751454,24.774551100000004],[121.4758006,24.774555399999997],[121.47623820000001,24.774400800000002]]}},{"type":"Feature","properties":{"name":null,"kind":"track"},"geometry":{"type":"LineString","coordinates":[[121.4761673,24.7753085],[121.4761895,24.775121099999996],[121.476563,24.774701499999995],[121.47675039999999,24.773958999999998]]}},{"type":"Feature","properties":{"name":null,"kind":"track"},"geometry":{"type":"LineString","coordinates":[[121.47977910000002,24.773917399999988],[121.4801297,24.774125500000004],[121.4801384,24.7743094],[121.47974339999999,24.774449599999997],[121.4796871,24.775240099999998],[121.47937529999999,24.7756957],[121.47897020000002,24.776840999999997],[121.478875,24.7768192],[121.4788254,24.7765542],[121.4787993,24.7763015],[121.4789046,24.7757614],[121.47869870000001,24.7747987],[121.47773650000002,24.773870700000007],[121.47758389999998,24.7735827],[121.4775149,24.773674799999995],[121.4775483,24.774070899999998],[121.4778878,24.774595499999997],[121.4778655,24.7747045],[121.4777895,24.77473589999999],[121.4776472,24.7746373],[121.4770724,24.773868199999995],[121.4771612,24.77448319999999],[121.476892,24.774898200000003],[121.4768721,24.7752476],[121.47605519999999,24.775338999999995],[121.47564929999999,24.7751655],[121.47548720000002,24.7752479],[121.47531170000002,24.775530800000002],[121.4751247,24.7756135],[121.4749765,24.7755478],[121.47487150000002,24.775310799999993],[121.4747968,24.775335899999995],[121.4747404,24.77559889999999],[121.4748363,24.775716999999997],[121.47572009999999,24.7760519]]}},{"type":"Feature","properties":{"name":null,"kind":"track"},"geometry":{"type":"LineString","coordinates":[[121.4778655,24.7747045],[121.477947,24.775186700000003],[121.47749640000002,24.7749663],[121.47734350000002,24.774982099999995],[121.47720939999999,24.775102100000005],[121.4776607,24.7753681],[121.4777043,24.775494799999997],[121.47713899999998,24.775477100000003],[121.47721209999999,24.775717599999997],[121.4771631,24.775774199999997],[121.47663069999999,24.7756866],[121.4765938,24.7757645],[121.4768151,24.7760013],[121.4767119,24.776048200000005],[121.4763652,24.775921599999997],[121.4763109,24.776373300000003],[121.476166,24.7765109],[121.47578309999999,24.776196200000005],[121.47572009999999,24.7760519]]}},{"type":"Feature","properties":{"name":null,"kind":"path"},"geometry":{"type":"LineString","coordinates":[[121.4969202,24.7812071],[121.4967633,24.7808592],[121.4960802,24.7805636],[121.49503620000002,24.780692100000003],[121.4948592,24.7807885],[121.4941372,24.7808078],[121.4936205,24.781219100000005],[121.4931321,24.781064799999996],[121.492941,24.780820599999995],[121.4924667,24.781026299999997],[121.49233930000001,24.781158],[121.49204200000001,24.781125899999996],[121.49183230000001,24.7812492],[121.49140270000001,24.781308599999996],[121.4909637,24.781546],[121.4902258,24.7824194],[121.4899456,24.782538199999994],[121.4897775,24.7827417],[121.489105,24.782945200000004],[121.48883419999999,24.7831148],[121.4885727,24.783148699999998],[121.4883485,24.783080899999998],[121.487597,24.7833038],[121.48752000000002,24.7832282],[121.48727970000002,24.783222600000002],[121.4866255,24.782758500000007],[121.4861865,24.782751200000003],[121.48578809999998,24.7829062],[121.4850969,24.7833417],[121.4847392,24.783415499999997],[121.4842676,24.7833491],[121.4836577,24.783504099999995],[121.4835602,24.783622199999993],[121.48309670000002,24.783821599999996],[121.48265760000001,24.7837034],[121.4823487,24.7838216],[121.4817226,24.7842349],[121.48125100000001,24.7843309],[121.48094200000001,24.784530200000006],[121.47995,24.7845745],[121.4794378,24.784670499999997],[121.477901,24.785777800000005],[121.4776734,24.786036099999997],[121.4774945,24.7860361],[121.47723429999999,24.786169],[121.47691719999999,24.786102599999996],[121.4766977,24.786198500000005],[121.4766326,24.7863683],[121.47634800000002,24.7864274],[121.4761366,24.786346199999993],[121.47586020000001,24.786412599999995],[121.47506330000002,24.787158200000004],[121.47490069999999,24.787460800000005],[121.4744698,24.787534699999995],[121.47407140000001,24.787822599999995],[121.473925,24.78782989999999],[121.4737949,24.787933299999995],[121.47340459999998,24.787822600000002],[121.4730631,24.7879038],[121.47273789999998,24.787778299999996],[121.4725184,24.787815199999997],[121.47240450000001,24.788036599999998],[121.4718923,24.788043999999992],[121.47167270000001,24.7881326],[121.4716321,24.788346699999998],[121.47143700000001,24.7884648],[121.47069700000002,24.788479499999998],[121.4701029,24.788752899999995],[121.4692463,24.788814399999996],[121.46882730000002,24.788702499999996],[121.4685007,24.7884452],[121.46825420000002,24.7883949],[121.4675517,24.788573899999992],[121.46710810000002,24.7888536],[121.4667383,24.7889207],[121.4664549,24.788881599999996],[121.4659866,24.7886298],[121.46514239999999,24.7886746],[121.4640517,24.789032599999995],[121.4637312,24.7890438],[121.4634786,24.788993499999997],[121.4634539,24.788819999999994],[121.463115,24.7884508],[121.4627884,24.7884284],[121.4625543,24.788036799999993],[121.46237560000002,24.787902599999995],[121.46216610000002,24.787936099999996],[121.4620305,24.787868999999993],[121.4619011,24.787650799999998],[121.4613712,24.787840999999997],[121.46076110000001,24.7882494],[121.4604838,24.788350100000002],[121.4599908,24.788254999999996],[121.45946090000001,24.788383699999997],[121.4586537,24.7883109],[121.4580806,24.788674600000004],[121.4578156,24.7890886],[121.4575753,24.789306700000004],[121.45683590000002,24.789703900000003],[121.4567075,24.7901197],[121.4565001,24.790223099999995],[121.45616270000001,24.790215699999997],[121.4560692,24.7904076],[121.4555813,24.790204600000003],[121.45531300000002,24.7903264],[121.4548739,24.7907989],[121.45454460000002,24.7909612],[121.4544389,24.791160499999997],[121.45421940000001,24.791227],[121.4540852,24.7914078],[121.4539064,24.7914484],[121.4536505,24.791931999999996]]}},{"type":"Feature","properties":{"name":"巫山路線","kind":"path"},"geometry":{"type":"LineString","coordinates":[[121.4728571,24.813876199999996],[121.4728453,24.8136345],[121.4731448,24.8132313],[121.4732039,24.8129465],[121.47310860000002,24.812342299999997],[121.4734808,24.8122448],[121.47369669999999,24.8120672],[121.47375790000001,24.811923],[121.4744751,24.811653000000007],[121.47468289999999,24.811453199999995],[121.4754082,24.811693599999998],[121.4760193,24.811692199999996],[121.47638260000001,24.811446499999995],[121.4764949,24.811208599999997],[121.47678510000001,24.810945199999995],[121.47680379999998,24.810622199999997],[121.47641070000002,24.809789499999997],[121.4763545,24.809109700000004],[121.4762421,24.8088547],[121.4758273,24.8080915],[121.4752487,24.807743800000004],[121.4751427,24.807529300000002],[121.4759659,24.807004],[121.4762104,24.806715499999992],[121.4764764,24.806626599999998],[121.4768408,24.806257199999997]]}},{"type":"Feature","properties":{"name":null,"kind":"path"},"geometry":{"type":"LineString","coordinates":[[121.47367330000002,24.773685199999996],[121.47336310000001,24.7738302],[121.47321369999999,24.773823500000002],[121.47275790000002,24.773565699999995],[121.4725337,24.7735453],[121.4711962,24.774379800000002],[121.4706597,24.7749135],[121.46927589999999,24.774732599999993],[121.46908170000002,24.774345899999997],[121.468723,24.7739252],[121.4683718,24.773830200000003],[121.46821490000002,24.773701300000003],[121.46819249999999,24.773416399999995],[121.4679208,24.773331799999994]]}},{"type":"Feature","properties":{"name":"巴博庫魯山徑","kind":"path"},"geometry":{"type":"LineString","coordinates":[[121.48484070000002,24.6607607],[121.48501850000001,24.660926900000003],[121.48557340000002,24.660930499999996],[121.48591069999999,24.661179399999995],[121.48603660000002,24.661415300000005],[121.4863408,24.661677699999995],[121.48662540000001,24.662764],[121.48658520000001,24.662992500000005],[121.4863882,24.663192499999994],[121.4861346,24.663872099999992],[121.48631510000001,24.66403109999999],[121.4862182,24.664295500000005],[121.4864611,24.665015899999997],[121.4864292,24.665903199999995],[121.4863018,24.666287500000003],[121.4861416,24.6665081],[121.4861671,24.66673709999999],[121.48606280000001,24.66684559999999],[121.48594769999998,24.667485599999992],[121.48574210000001,24.6678664],[121.4855931,24.668465499999996],[121.485324,24.668914299999997],[121.4853699,24.669516899999994],[121.48523530000001,24.6698283],[121.48518289999998,24.670325699999992],[121.48465870000001,24.670774500000004],[121.48438209999999,24.670814600000003],[121.4842868,24.670978100000006],[121.4837215,24.6711749],[121.48344360000002,24.671447099999998],[121.48336409999999,24.6714338],[121.48319390000002,24.671698800000005],[121.482953,24.671828300000005],[121.4828275,24.672336799999997],[121.48287530000002,24.67261],[121.48349580000001,24.673089600000004],[121.48348269999998,24.673575599999996],[121.482568,24.674007799999995],[121.48229390000002,24.674284199999995],[121.4821762,24.674310699999996],[121.4817432,24.6743044],[121.4813627,24.674175299999998],[121.4805282,24.674245099999997],[121.48020879999999,24.6740146],[121.4798594,24.673882400000004],[121.4797774,24.673731899999996]]}},{"type":"Feature","properties":{"name":null,"kind":"path"},"geometry":{"type":"LineString","coordinates":[[121.47029059999998,24.7471513],[121.4704062,24.747140399999992],[121.47078350000001,24.7468116],[121.471101,24.746741799999995],[121.4712976,24.7468027],[121.47135029999998,24.7468912],[121.4719431,24.746887900000004],[121.4720101,24.746813199999995],[121.4722069,24.74681559999999],[121.4722936,24.746917199999995],[121.47238740000002,24.746904900000008],[121.47222290000002,24.7467831],[121.4724661,24.746736000000002],[121.472535,24.7467954],[121.4727836,24.746669499999996],[121.47311430000002,24.746712499999997],[121.47332,24.7468701],[121.4735345,24.746816399999997],[121.4738985,24.7466329],[121.47394660000002,24.7465445],[121.4743678,24.746412100000004],[121.47456010000002,24.7462684],[121.4746119,24.746118999999997],[121.47476929999999,24.746114099999996],[121.47499280000001,24.745951699999992],[121.47551570000002,24.745544899999995],[121.4755999,24.745426399999992],[121.4755409,24.745298899999998],[121.47559890000001,24.745283500000003],[121.47564990000001,24.7453979],[121.47592530000001,24.745298899999998],[121.4763946,24.7452899],[121.4771841,24.745737400000003],[121.4777412,24.745839700000005],[121.47793600000001,24.745975299999994],[121.47847610000001,24.7459931],[121.47877739999998,24.7462132],[121.4789803,24.746499],[121.4790009,24.746690599999997],[121.47928889999999,24.746599599999996],[121.47956139999998,24.746264300000007],[121.48011220000001,24.7466524],[121.4801944,24.7466386],[121.480232,24.746512799999998],[121.4804099,24.7465607],[121.4804367,24.7462886],[121.4805494,24.7461109],[121.48083009999999,24.7461961],[121.4809733,24.746062899999995],[121.4811958,24.745995500000003],[121.4820309,24.746015],[121.48219450000002,24.745954999999995],[121.48227320000001,24.7458105],[121.4824198,24.745805600000004],[121.4825878,24.745603400000004],[121.48302779999999,24.745675599999995],[121.48487320000001,24.745437700000004],[121.485069,24.745353299999998],[121.48543729999999,24.745425499999996],[121.4855562,24.745068300000003],[121.4857207,24.744987899999995],[121.48580840000001,24.7450788],[121.4861355,24.745151099999998],[121.48627590000001,24.7450545],[121.48634570000002,24.744757300000003],[121.48647080000002,24.744715899999996],[121.48679900000002,24.744784099999997],[121.48695549999998,24.744676099999992],[121.48706900000002,24.744779199999993],[121.48727099999999,24.744745100000003],[121.4872174,24.744957799999998],[121.48748469999998,24.7450715],[121.4881499,24.745009799999995],[121.4883269,24.745462900000003],[121.4885352,24.745605799999996],[121.48877749999998,24.745606599999995],[121.48891600000002,24.745842099999997],[121.4890717,24.745888399999995],[121.48910200000002,24.7460695],[121.48919680000002,24.7458884],[121.4899621,24.746155499999997],[121.4900989,24.746347900000004],[121.4902348,24.746351999999998],[121.49047,24.74653719999999],[121.49071320000002,24.746619999999997],[121.4908898,24.7468727]]}},{"type":"Feature","properties":{"name":"山車廣山登山路線","kind":"path"},"geometry":{"type":"LineString","coordinates":[[121.497592,24.7744426],[121.49682269999998,24.773881],[121.4951017,24.773538000000002],[121.49459799999998,24.7732967],[121.4943019,24.773275500000004],[121.4938752,24.7731209],[121.493509,24.7731019],[121.4933412,24.7730511],[121.49305430000001,24.772805499999993],[121.4924667,24.772779999999997],[121.49228950000001,24.7726191],[121.49155959999999,24.772600099999995],[121.49131470000002,24.772521700000006],[121.4909813,24.771907700000003],[121.4910466,24.7713297],[121.49093000000002,24.7707919],[121.4908297,24.7704976],[121.4904823,24.770059299999996],[121.49063150000002,24.769927999999993],[121.4905849,24.769703600000003],[121.4907458,24.769400799999996],[121.4906665,24.7688228],[121.49048459999999,24.768608899999993],[121.49055920000002,24.768304],[121.49052420000001,24.768037199999995],[121.4904473,24.767994900000005],[121.48993190000002,24.7679208],[121.4895262,24.7679928],[121.48939330000002,24.7679652],[121.4891974,24.767776800000004],[121.4889106,24.767781000000003],[121.4879872,24.7681346],[121.48762800000002,24.7684247],[121.4873715,24.768424699999997],[121.48715,24.7681643],[121.48696109999999,24.768081699999996],[121.4865391,24.7680309],[121.48626620000002,24.7681177],[121.48587449999998,24.768496699999996],[121.48543369999999,24.7686068],[121.485084,24.768496699999996],[121.48458490000002,24.768024499999992],[121.4845686,24.767808499999997],[121.48468989999999,24.7676815],[121.48466590000001,24.767471599999997],[121.4844933,24.7674688],[121.48434309999999,24.767367400000005],[121.48411870000001,24.7674227],[121.48382,24.767098099999995],[121.4831207,24.7668027],[121.48282800000001,24.76650739999999],[121.4817303,24.7661678],[121.48154329999998,24.76598319999999],[121.4813157,24.7655624],[121.48099039999998,24.765392599999995],[121.480714,24.7648462],[121.48039689999999,24.7647059],[121.479722,24.763325299999998],[121.4794862,24.7630299],[121.47926670000001,24.762793699999996],[121.47896579999998,24.7626534],[121.47854300000002,24.762217800000002],[121.47818530000002,24.761132400000005],[121.4779251,24.760844499999997],[121.47748600000001,24.760659899999997],[121.47730710000002,24.7599289],[121.47694120000001,24.759478499999997],[121.47693310000001,24.7593161],[121.47702249999999,24.759197999999998],[121.4772827,24.759124099999998],[121.4774535,24.758969100000005],[121.4775836,24.758718],[121.47766490000001,24.7577434],[121.4772014,24.757130600000004],[121.4766485,24.7569534],[121.47659160000002,24.756805699999997],[121.4767949,24.756436499999992],[121.4767949,24.756222400000002],[121.476494,24.755764599999996],[121.4757541,24.7554397],[121.47533940000001,24.755114799999998],[121.47492479999998,24.7549598],[121.47448570000002,24.7549007],[121.4739572,24.754531499999995],[121.4731116,24.7544207],[121.47191630000002,24.7533279],[121.4713878,24.7529587],[121.4711601,24.752907100000005],[121.47055840000002,24.753121199999995],[121.4698023,24.752796299999996],[121.4693144,24.752427100000002],[121.4687371,24.752375400000002],[121.4683793,24.7520727],[121.4681517,24.7520062],[121.46768819999998,24.751710899999992],[121.46686700000001,24.751659199999995],[121.46660029999998,24.751527299999996]]}},{"type":"Feature","properties":{"name":null,"kind":"footway"},"geometry":{"type":"LineString","coordinates":[[121.4813675,24.7739666],[121.4815827,24.773649400000004]]}},{"type":"Feature","properties":{"name":null,"kind":"track"},"geometry":{"type":"LineString","coordinates":[[121.4807604,24.774197200000003],[121.4805967,24.774134799999995]]}},{"type":"Feature","properties":{"name":null,"kind":"track"},"geometry":{"type":"LineString","coordinates":[[121.48097829999999,24.7741868],[121.4810939,24.7742241],[121.4817665,24.7741304],[121.481893,24.7742405]]}},{"type":"Feature","properties":{"name":null,"kind":"track"},"geometry":{"type":"LineString","coordinates":[[121.4815338,24.774152799999992],[121.48145440000002,24.774287599999997],[121.4812175,24.7743174],[121.4811378,24.7744085],[121.48116250000001,24.774545699999997],[121.4814462,24.774664299999998]]}},{"type":"Feature","properties":{"name":null,"kind":"track"},"geometry":{"type":"LineString","coordinates":[[121.4858025,24.775422299999995],[121.4859564,24.7747331],[121.485075,24.7744646],[121.4845124,24.774484799999996],[121.48367250000001,24.773826299999996],[121.4832842,24.773630599999997],[121.4825241,24.7735943],[121.4816116,24.773827199999996],[121.4813628,24.7740792],[121.4807604,24.774197200000003]]}},{"type":"Feature","properties":{"name":null,"kind":"track"},"geometry":{"type":"LineString","coordinates":[[121.4841098,24.774213699999997],[121.4837942,24.774112699999993],[121.4836313,24.773891099999993],[121.48348440000001,24.773966],[121.4834207,24.774130999999993],[121.4837084,24.7743739],[121.4837285,24.774463999999995],[121.4836351,24.774557099999996]]}},{"type":"Feature","properties":{"name":null,"kind":"residential"},"geometry":{"type":"LineString","coordinates":[[121.4858025,24.775422299999995],[121.48520570000001,24.7748166],[121.48497100000002,24.774696999999993],[121.4844149,24.7746986],[121.4825892,24.7744432],[121.481893,24.7742405]]}},{"type":"Feature","properties":{"name":null,"kind":"track"},"geometry":{"type":"LineString","coordinates":[[121.48712220000002,24.776613799999996],[121.487149,24.776445799999998],[121.48679159999999,24.776246100000005],[121.4867145,24.7762844]]}},{"type":"Feature","properties":{"name":null,"kind":"track"},"geometry":{"type":"LineString","coordinates":[[121.48857030000002,24.7777381],[121.48795539999999,24.778129500000002],[121.48776159999998,24.778167100000005],[121.48740210000001,24.7781027],[121.48698039999998,24.778280300000002],[121.48659149999999,24.778012199999996],[121.48594799999998,24.778053699999994],[121.48539949999999,24.777847599999998],[121.48494760000001,24.7778333],[121.48475650000002,24.7776987],[121.48465990000001,24.777380299999997],[121.4849885,24.777048499999996],[121.48470949999998,24.7769986],[121.4845359,24.7767155],[121.4845419,24.776489600000005],[121.4847209,24.776158999999996],[121.4846613,24.775791899999998],[121.4845419,24.775608599999998],[121.4841932,24.775605],[121.48373050000001,24.775366299999995],[121.48331879999999,24.775306],[121.4830559,24.77534259999999],[121.4824162,24.77511],[121.4812488,24.775022899999993],[121.4805897,24.7747794]]}},{"type":"Feature","properties":{"name":null,"kind":"track"},"geometry":{"type":"LineString","coordinates":[[121.48111249999998,24.774663599999997],[121.4811312,24.774791],[121.4812506,24.774863899999993],[121.48306100000002,24.775061899999997],[121.4834663,24.775063699999997],[121.48384290000001,24.7749677],[121.48423320000002,24.775287599999995],[121.48479670000002,24.775297500000004],[121.4850405,24.775550099999997],[121.48510090000002,24.776192199999997],[121.48532350000002,24.7764921],[121.4853543,24.7767827],[121.4858277,24.777237499999995],[121.4870363,24.7776196],[121.4882793,24.777523000000002],[121.48865209999998,24.777375499999998],[121.48872049999999,24.777493499999995],[121.488584,24.7777803],[121.48917,24.778140699999998],[121.4884016,24.778406199999996],[121.48791210000002,24.77842319999999],[121.48686869999999,24.778693599999997]]}},{"type":"Feature","properties":{"name":null,"kind":"track"},"geometry":{"type":"LineString","coordinates":[[121.48470949999998,24.7769986],[121.48425219999999,24.777093599999997],[121.4841087,24.777080199999997],[121.4838928,24.776916399999998],[121.4838425,24.776968200000002]]}},{"type":"Feature","properties":{"name":null,"kind":"path"},"geometry":{"type":"LineString","coordinates":[[121.4861865,24.782751200000003],[121.4862075,24.78245340000001],[121.4863307,24.782226799999993]]}},{"type":"Feature","properties":{"name":null,"kind":"path"},"geometry":{"type":"LineString","coordinates":[[121.5018587,24.7968586],[121.5015781,24.7969908],[121.5013204,24.7968546],[121.50095450000002,24.796865700000005],[121.5006658,24.796972700000005],[121.500304,24.7968214],[121.4996576,24.796906299999996],[121.49959660000002,24.796707],[121.49937300000002,24.796566699999996],[121.49900710000001,24.796090599999992],[121.49871030000001,24.796037799999993],[121.4982631,24.79644379999999],[121.49791350000001,24.796451200000003],[121.4977834,24.7965397],[121.49701910000002,24.796310899999998],[121.49676700000002,24.796377299999996],[121.4964987,24.7966209],[121.49638490000001,24.796989999999997],[121.4953279,24.7978388],[121.49484810000001,24.798038099999996],[121.4944741,24.798355499999996],[121.4941489,24.798392399999997],[121.4936122,24.7990272],[121.49335610000001,24.799163699999998],[121.49294959999999,24.7992302],[121.49277470000001,24.7991896],[121.4921324,24.7995291],[121.4915714,24.799484799999995],[121.4914006,24.799584499999998],[121.4913356,24.800064199999998],[121.4912217,24.800167600000005],[121.4910185,24.800204500000003],[121.48960769999998,24.799215400000005],[121.48948580000001,24.7988427],[121.48936789999999,24.7987283],[121.48914830000001,24.798739299999994],[121.4890548,24.798920199999998],[121.4891727,24.799558599999997],[121.48909960000002,24.799850199999998],[121.48917680000001,24.800222900000005],[121.4891565,24.800953699999997],[121.4891361,24.801433400000004],[121.4889735,24.8021937],[121.4890548,24.803448400000004],[121.4889729,24.8036014],[121.488693,24.803311899999994],[121.4884125,24.802666],[121.48809540000002,24.802245300000003],[121.4878271,24.801485099999997],[121.48742700000001,24.801412299999996],[121.48714410000001,24.801455599999997],[121.4866318,24.801676999999998],[121.4863391,24.801610599999997],[121.486087,24.801736],[121.485835,24.8021789],[121.48571339999998,24.80224219999999],[121.48548919999999,24.80181599999999],[121.48530580000002,24.801626800000005],[121.48545280000002,24.801492499999995],[121.485648,24.8010496],[121.48609790000002,24.800419899999998],[121.48595000000002,24.8000619],[121.48596230000001,24.799234000000002],[121.48542,24.798943100000002],[121.48475449999998,24.7987306],[121.48436020000001,24.798685799999998],[121.48436020000001,24.798350199999994],[121.48424920000001,24.79811520000001],[121.4841383,24.798048099999995],[121.48402740000002,24.7981264],[121.48369470000002,24.798104099999993],[121.48342350000001,24.798182399999998],[121.48326329999999,24.798439699999992],[121.482832,24.798764099999993],[121.4820432,24.798741800000002],[121.4812914,24.799424200000004],[121.4811189,24.7994018],[121.4809464,24.799166899999996],[121.4809094,24.798920800000005],[121.480589,24.798808899999997],[121.4804904,24.798585100000004],[121.48004670000002,24.798585099999997],[121.4795044,24.798976699999994],[121.47920870000002,24.798954299999995],[121.47899910000001,24.7990214],[121.4788882,24.799200499999998],[121.47875270000002,24.799770999999996],[121.47829669999999,24.7998046],[121.4780027,24.8002231],[121.47785029999999,24.80006],[121.4776261,24.7999752],[121.47717780000002,24.79997519999999],[121.47691630000001,24.80005999999999],[121.47624380000002,24.8005857],[121.47590760000001,24.801043499999995],[121.47562740000001,24.801128299999995],[121.47540320000002,24.8013487],[121.4753658,24.802077899999997],[121.4752911,24.8022814],[121.47506699999998,24.8024679],[121.47521640000001,24.802908800000004],[121.47484279999999,24.8033327],[121.47471200000001,24.8037227],[121.4743571,24.803926199999996],[121.4743384,24.8041636],[121.4740022,24.804434900000004],[121.47398350000002,24.804689199999995],[121.47355390000001,24.804875800000005],[121.4733671,24.805045299999996],[121.47338580000002,24.805181000000005],[121.47312420000002,24.805553999999997],[121.473255,24.805910099999995],[121.4732924,24.806334],[121.47321760000001,24.806571400000003],[121.4724518,24.806893599999995],[121.4722463,24.807113999999995],[121.4722463,24.8073684],[121.47241439999999,24.8076397],[121.4732841,24.8078984]]}},{"type":"Feature","properties":{"name":null,"kind":"track"},"geometry":{"type":"LineString","coordinates":[[121.4805967,24.774134799999995],[121.47924719999999,24.7738344],[121.47921440000002,24.7735887]]}},{"type":"Feature","properties":{"name":null,"kind":"track"},"geometry":{"type":"LineString","coordinates":[[121.47937529999999,24.7756957],[121.47942090000001,24.774569399999994],[121.4791855,24.774478000000002],[121.47901319999998,24.7747891],[121.4790789,24.7758022],[121.4789629,24.776062199999995],[121.4789193,24.7765408],[121.4788378,24.776620199999996]]}},{"type":"Feature","properties":{"name":null,"kind":"track"},"geometry":{"type":"LineString","coordinates":[[121.4778655,24.7747045],[121.47796639999999,24.7747433],[121.478283,24.775579599999993],[121.4784324,24.775178699999994],[121.4785164,24.775213799999996],[121.47872240000001,24.7767858],[121.4786585,24.776968399999998],[121.4785572,24.777035099999996],[121.47843379999999,24.777004699999996]]}},{"type":"Feature","properties":{"name":null,"kind":"path"},"geometry":{"type":"LineString","coordinates":[[121.47900590000002,24.7767964],[121.4791536,24.7768282],[121.479551,24.776624399999992],[121.4801256,24.776474700000005],[121.48049409999999,24.7761599],[121.48066510000001,24.776262200000005],[121.48061980000001,24.776569799999997],[121.48098670000002,24.7764997],[121.4810778,24.776584]]}},{"type":"Feature","properties":{"name":null,"kind":"track"},"geometry":{"type":"LineString","coordinates":[[121.4789226,24.776854199999995],[121.47866849999998,24.777108799999997],[121.4785411,24.777143499999994],[121.47843379999999,24.777004699999996],[121.4785458,24.77676419999999]]}},{"type":"Feature","properties":{"name":null,"kind":"track"},"geometry":{"type":"LineString","coordinates":[[121.4785411,24.777143499999994],[121.47787790000001,24.7774948]]}},{"type":"Feature","properties":{"name":null,"kind":"path"},"geometry":{"type":"LineString","coordinates":[[121.48070629999998,24.7765816],[121.48061829999999,24.7771981],[121.48080250000001,24.777395699999992],[121.4808494,24.777985500000003],[121.48107370000001,24.778395899999992],[121.4804543,24.7803749],[121.4804777,24.781025499999995],[121.4803304,24.781654800000002],[121.47934590000001,24.784744699999997]]}},{"type":"Feature","properties":{"name":null,"kind":"track"},"geometry":{"type":"LineString","coordinates":[[121.4859564,24.7747331],[121.4861539,24.7749785],[121.486111,24.775528899999998],[121.4861982,24.776085399999992],[121.48636710000001,24.776433599999997],[121.486913,24.776615000000003],[121.4874266,24.776667399999997],[121.4879161,24.776498100000005],[121.4882822,24.776180299999993]]}},{"type":"Feature","properties":{"name":null,"kind":"residential"},"geometry":{"type":"LineString","coordinates":[[121.49234950000002,24.7763654],[121.49218150000002,24.776483599999995],[121.49133360000002,24.7764692],[121.49068149999998,24.7766928],[121.49031800000002,24.7767071],[121.4896669,24.776676999999996],[121.48874089999998,24.776482100000003],[121.4884196,24.776564200000003],[121.48792479999999,24.776832899999995],[121.48712229999998,24.7769183],[121.4864878,24.7767724],[121.4861164,24.776527599999998],[121.4858937,24.7760263],[121.4858025,24.775422299999995]]}},{"type":"Feature","properties":{"name":null,"kind":"track"},"geometry":{"type":"LineString","coordinates":[[121.487149,24.776445799999998],[121.48763980000001,24.776587]]}},{"type":"Feature","properties":{"name":null,"kind":"track"},"geometry":{"type":"LineString","coordinates":[[121.48880119999998,24.777882600000005],[121.48946909999998,24.7778668],[121.48941350000001,24.777727999999993],[121.4890473,24.777461900000002],[121.48907480000001,24.7774065],[121.48943419999999,24.777428399999998],[121.48976009999998,24.777345000000004],[121.4902496,24.777468600000002],[121.49043270000001,24.7775946]]}},{"type":"Feature","properties":{"name":null,"kind":"path"},"geometry":{"type":"LineString","coordinates":[[121.4873942,24.819673000000005],[121.4873528,24.819515299999992],[121.48772170000001,24.819273099999993],[121.4877002,24.8189663],[121.48753659999998,24.818604800000003],[121.4881334,24.81856219999999],[121.48834930000001,24.8183772],[121.48900640000001,24.818094799999997],[121.4893216,24.817794099999997],[121.4893645,24.8175105],[121.489677,24.8172622],[121.4901115,24.8163772],[121.4900485,24.8161399],[121.490137,24.8158562],[121.49031000000001,24.81551049999999],[121.49062649999999,24.8151965],[121.49036900000002,24.8149482],[121.4906855,24.814189799999998],[121.4907767,24.813502],[121.4910395,24.8133742],[121.49120580000002,24.813065000000005],[121.4915948,24.81281179999999],[121.49138020000001,24.811906099999998],[121.49115540000001,24.809893199999998]]}},{"type":"Feature","properties":{"name":null,"kind":"track"},"geometry":{"type":"LineString","coordinates":[[121.48111249999998,24.774663599999997],[121.4810966,24.774605899999997],[121.48090279999998,24.774573600000004],[121.4806721,24.7746649],[121.4805897,24.7747794]]}},{"type":"Feature","properties":{"name":null,"kind":"track"},"geometry":{"type":"LineString","coordinates":[[121.4825892,24.7744432],[121.48169740000002,24.774651399999996],[121.4807576,24.774694],[121.48045860000002,24.774884399999998],[121.48029999999999,24.775077099999997],[121.48016650000001,24.775547800000002],[121.47995670000002,24.7756561],[121.47992379999998,24.775779099999994],[121.4798279,24.775819900000002]]}},{"type":"Feature","properties":{"name":null,"kind":"path"},"geometry":{"type":"LineString","coordinates":[[121.4806772,24.774818199999995],[121.48064830000001,24.7750514],[121.4810892,24.776001199999996],[121.4813301,24.7760778],[121.48153750000002,24.7762454],[121.48123629999999,24.77638],[121.4814273,24.776471500000003],[121.481584,24.776666299999995]]}},{"type":"Feature","properties":{"name":null,"kind":"track"},"geometry":{"type":"LineString","coordinates":[[121.48507180000001,24.7783812],[121.48495099999998,24.778581300000003],[121.4848137,24.778608699999996],[121.48438849999998,24.7784749],[121.4839526,24.778183700000003],[121.4830981,24.777867000000004],[121.4830927,24.7779308],[121.4835314,24.7783077],[121.4837296,24.7788343],[121.4831705,24.778464],[121.4829019,24.7784233],[121.48320659999999,24.7789249],[121.48318649999999,24.779280499999995],[121.48292249999999,24.779087199999996],[121.4823312,24.778983199999995],[121.48165850000001,24.778989999999997],[121.4815164,24.778824600000004],[121.4815425,24.779003899999996],[121.4820213,24.779317000000002]]}},{"type":"Feature","properties":{"name":null,"kind":"track"},"geometry":{"type":"LineString","coordinates":[[121.48341959999999,24.778633],[121.4834824,24.778998000000005],[121.4837057,24.7790168]]}},{"type":"Feature","properties":{"name":null,"kind":"path"},"geometry":{"type":"LineString","coordinates":[[121.4768319,24.8108177],[121.47715000000001,24.810862799999995],[121.47741019999998,24.8107447],[121.4776542,24.810744700000004],[121.47780049999999,24.810493799999996],[121.47833720000001,24.8103314],[121.4784835,24.809814699999993],[121.47900390000001,24.809475199999998],[121.4796706,24.8094752],[121.4800284,24.8095786],[121.4803374,24.809549099999998],[121.4807114,24.809681900000005],[121.48147570000002,24.809593299999996],[121.4821099,24.8097114],[121.4830856,24.809091499999997],[121.4831995,24.809076699999995],[121.48336209999998,24.8092834],[121.48358970000001,24.8093276],[121.4840613,24.809209500000005],[121.48432150000001,24.809032399999996],[121.4843378,24.80885530000001],[121.4842565,24.808722399999994],[121.4843703,24.8082206],[121.48453290000002,24.808087699999998],[121.48477690000001,24.8080729],[121.48497199999998,24.807881],[121.4852322,24.807910600000007],[121.4853786,24.8078072],[121.4853786,24.807571100000004],[121.4856387,24.807187299999995],[121.48581760000002,24.8063459],[121.48630550000001,24.8053716],[121.48632170000002,24.805135399999994],[121.4865331,24.804899200000005],[121.48685840000002,24.8042054],[121.48729749999998,24.803836399999998],[121.4870047,24.8033197],[121.48713479999999,24.8030836],[121.48711860000002,24.802891599999995],[121.4869072,24.802714499999997],[121.486912,24.8024057],[121.48715880000002,24.8022304],[121.4871695,24.80187979999999],[121.48736259999998,24.8017435],[121.48742700000001,24.801412299999996]]}},{"type":"Feature","properties":{"name":"逐鹿山登山步道","kind":"path"},"geometry":{"type":"LineString","coordinates":[[121.47951060000001,24.836087899999995],[121.48034770000001,24.836029000000003],[121.4805495,24.835946],[121.48112299999998,24.836061199999996],[121.48154890000002,24.835930699999995],[121.482364,24.8358572],[121.4825896,24.835790100000004],[121.4831602,24.835418499999996],[121.4835946,24.835356000000004],[121.4838916,24.835118599999998],[121.48424259999999,24.835102299999996],[121.48561640000001,24.834582600000005],[121.48645110000001,24.834362600000002],[121.486684,24.8341404]]}},{"type":"Feature","properties":{"name":null,"kind":"path"},"geometry":{"type":"LineString","coordinates":[[121.45051480000001,24.706027399999996],[121.45105320000002,24.705906],[121.45142320000001,24.705900899999996],[121.4523646,24.7053978],[121.45272,24.7055302],[121.4528842,24.705465599999993],[121.4531848,24.705160200000005],[121.45320960000001,24.704962899999998],[121.45332570000001,24.704845199999998],[121.4542193,24.704831899999995],[121.4543795,24.7047733],[121.45480450000001,24.704352899999996],[121.45559180000001,24.704085999999997],[121.45626320000001,24.703953100000003],[121.4569849,24.703396700000003],[121.4574734,24.7033505],[121.4577493,24.703407400000003],[121.4583476,24.703293799999997],[121.45910080000002,24.7038502],[121.4593176,24.7039102],[121.45986889999999,24.70363],[121.46024450000002,24.703662299999998],[121.460851,24.703896999999998],[121.46101320000001,24.703858499999992],[121.46125460000002,24.7039512],[121.46142720000002,24.703882199999992],[121.4616469,24.703697],[121.4618446,24.7032984],[121.46285869999998,24.70216549999999],[121.4630204,24.7018588],[121.46372360000001,24.7016599],[121.46393639999998,24.701467299999997],[121.4640147,24.701080599999994],[121.46428790000002,24.700954399999993],[121.46508729999998,24.699894899999997],[121.46562309999999,24.6994096],[121.46674610000001,24.698090899999997],[121.46727829999999,24.697721699999995],[121.468324,24.697318],[121.4691145,24.696798999999995],[121.46929390000001,24.6966004],[121.46969800000001,24.696458400000004],[121.4699028,24.6966553],[121.47027,24.696827199999998],[121.4709649,24.696866199999988],[121.4731184,24.696807499999995],[121.47444410000001,24.6966877],[121.474202,24.6963932],[121.4742127,24.696030100000005],[121.47405079999999,24.6951435],[121.47414559999999,24.6948434],[121.47502,24.693746799999992],[121.4752231,24.6929062]]}},{"type":"Feature","properties":{"name":null,"kind":"path"},"geometry":{"type":"LineString","coordinates":[[121.4683718,24.773830200000003],[121.468454,24.7741288],[121.468327,24.7742916],[121.46835689999999,24.774454399999996],[121.46827470000001,24.774569699999997],[121.46836430000002,24.774719000000005],[121.46798330000001,24.774820800000004],[121.4678563,24.7750582],[121.4676919,24.7751057],[121.4675574,24.7750446],[121.46742290000002,24.775187099999997],[121.4671987,24.775248199999997],[121.4671614,24.775417800000003],[121.46701189999999,24.775505999999996],[121.46663080000002,24.7755467],[121.46647210000002,24.775412199999998]]}},{"type":"Feature","properties":{"name":null,"kind":"path"},"geometry":{"type":"LineString","coordinates":[[121.46110430000002,24.8043031],[121.46146290000001,24.805071399999996],[121.46235340000001,24.805860299999992],[121.462965,24.8061817],[121.46454209999999,24.806171899999995],[121.4652073,24.806746499999996],[121.46585100000001,24.806454399999996],[121.46631240000002,24.806152499999996],[121.4671514,24.806769499999998],[121.4674389,24.807379599999994],[121.46776080000001,24.8075451],[121.46825430000001,24.807330899999997],[121.46861910000001,24.8074867],[121.4690482,24.8074672],[121.4701211,24.808528699999997],[121.4707789,24.808691200000002],[121.47121790000001,24.809213900000003],[121.47155969999999,24.809392599999995]]}},{"type":"Feature","properties":{"name":null,"kind":"path"},"geometry":{"type":"LineString","coordinates":[[121.50301500000002,24.7610411],[121.50213420000001,24.761020100000003],[121.5018659,24.7608837],[121.5016943,24.7607278],[121.5015655,24.760347799999998],[121.5013188,24.760084799999998],[121.5010291,24.759568399999996],[121.5004605,24.759198200000004],[121.5003103,24.7589059],[121.50040679999998,24.75829209999999],[121.50035320000002,24.7579609],[121.5004605,24.757697799999995],[121.50042830000001,24.7575517],[121.50020300000001,24.757366599999997],[121.5000528,24.757054800000002],[121.5001279,24.7568405],[121.5006214,24.756528699999997],[121.5009325,24.755846700000003],[121.50095400000001,24.754589899999992],[121.5008145,24.7543171],[121.5006429,24.7542002],[121.50034249999999,24.754200199999996],[121.4993661,24.754541199999995],[121.49921590000001,24.754735999999998],[121.49881900000001,24.7547555],[121.49831469999998,24.754550899999998],[121.49794989999998,24.7543658],[121.4973491,24.753625300000003],[121.4971774,24.7532746],[121.4971774,24.752621800000004],[121.49699509999999,24.752417199999996],[121.49585779999998,24.752485399999998],[121.4949458,24.7528556],[121.494227,24.75297249999999],[121.49389439999999,24.7529336],[121.4934331,24.752085899999994],[121.49300389999999,24.751676699999997],[121.49305760000001,24.751374700000003],[121.4933365,24.750848500000004],[121.4933258,24.7502055],[121.4936477,24.749766999999995],[121.4936906,24.749523399999998],[121.49362620000001,24.749328599999995],[121.49310050000001,24.748607499999995],[121.49307899999998,24.7478865],[121.4929825,24.7478086],[121.49233870000002,24.748100900000004],[121.4921027,24.748412699999996],[121.4914697,24.7487537],[121.4905388,24.748492100000004],[121.48971640000002,24.7480113],[121.4887508,24.7476279],[121.4888436,24.747303399999996],[121.4890437,24.747186500000005],[121.4903456,24.746887399999995],[121.4910607,24.7468484],[121.4912184,24.746601899999998],[121.4912039,24.746432800000004],[121.49043150000001,24.746036700000005],[121.4903242,24.745867699999998],[121.4901809,24.7454848],[121.49018849999999,24.745068700000004],[121.4902813,24.744906499999995],[121.4900635,24.744642900000002],[121.4900737,24.744445099999997],[121.4902636,24.744109899999994],[121.4896558,24.743375699999998],[121.489255,24.7426415],[121.4892084,24.742366800000003],[121.4890437,24.742184500000004],[121.4888221,24.7420939],[121.4883072,24.74215239999999],[121.48788930000002,24.741978899999996],[121.48751320000001,24.741502499999992],[121.4872595,24.741381599999997],[121.4871415,24.741203799999994],[121.4869124,24.7405997],[121.48684800000001,24.7400087],[121.48696980000001,24.73958],[121.48680510000001,24.739326599999995],[121.4861968,24.738826299999996],[121.4856963,24.738183100000004],[121.48533580000002,24.7380034],[121.48461589999998,24.737897100000005],[121.4843015,24.7377481],[121.4841771,24.737548799999995],[121.4841728,24.737384099999996],[121.48448020000001,24.737066],[121.48501390000001,24.736808199999995],[121.4852097,24.7366372],[121.48625420000002,24.73513659999999],[121.48600370000001,24.734798399999995],[121.4857435,24.734606500000005],[121.48556749999999,24.7342854],[121.4856319,24.733668099999996],[121.48533580000002,24.732475299999997],[121.48517110000002,24.7322025],[121.4852639,24.73115],[121.4850381,24.730614499999998],[121.48440880000001,24.729861299999996],[121.4842656,24.7294325],[121.48400109999999,24.729166],[121.483712,24.727849900000002],[121.4838434,24.727574099999995],[121.4839368,24.726846599999995],[121.48374360000001,24.726248799999997],[121.48328550000001,24.72604119999999]]}},{"type":"Feature","properties":{"name":"古圳步道","kind":"footway"},"geometry":{"type":"LineString","coordinates":[[121.49492740000001,24.774910199999994],[121.4943689,24.774958099999996],[121.4939957,24.774775400000003],[121.4935673,24.7747156],[121.4928002,24.775149399999997]]}},{"type":"Feature","properties":{"name":null,"kind":"footway"},"geometry":{"type":"LineString","coordinates":[[121.4928002,24.775149399999997],[121.49252860000001,24.7750059]]}},{"type":"Feature","properties":{"name":null,"kind":"residential"},"geometry":{"type":"LineString","coordinates":[[121.4931478,24.795163],[121.49349830000001,24.794949899999995],[121.49393160000001,24.7949133],[121.49471190000001,24.794493899999992]]}},{"type":"Feature","properties":{"name":null,"kind":"unclassified"},"geometry":{"type":"LineString","coordinates":[[121.49304799999999,24.795499700000004],[121.4931478,24.795163]]}},{"type":"Feature","properties":{"name":"新福山二號橋","kind":"tertiary"},"geometry":{"type":"LineString","coordinates":[[121.4933539,24.79559769999999],[121.4931759,24.7952772]]}},{"type":"Feature","properties":{"name":null,"kind":"residential"},"geometry":{"type":"LineString","coordinates":[[121.49344980000001,24.795691399999995],[121.4935666,24.7955691],[121.4937995,24.795525600000005],[121.49452110000001,24.7954945],[121.4949091,24.795280000000005]]}},{"type":"Feature","properties":{"name":null,"kind":"unclassified"},"geometry":{"type":"LineString","coordinates":[[121.4933069,24.7956604],[121.49304799999999,24.795499700000004]]}},{"type":"Feature","properties":{"name":null,"kind":"unclassified"},"geometry":{"type":"LineString","coordinates":[[121.49344980000001,24.795691399999995],[121.4933069,24.7956604]]}},{"type":"Feature","properties":{"name":null,"kind":"path"},"geometry":{"type":"LineString","coordinates":[[121.50453740000002,24.775309900000003],[121.504375,24.7752664],[121.50444299999998,24.775178800000003],[121.50432110000001,24.775047599999997],[121.5043296,24.7749214],[121.5046131,24.774761799999997],[121.50460739999998,24.774669099999993],[121.50452810000002,24.774607399999994],[121.5043806,24.774656300000004],[121.5044713,24.774491499999996],[121.50425590000002,24.774064200000005],[121.50436360000002,24.773917499999996],[121.50469250000002,24.7739329],[121.50470099999998,24.773853099999997],[121.50464999999998,24.7737321],[121.5042445,24.7735339],[121.5040971,24.773214699999997],[121.5038448,24.7729727],[121.50377390000001,24.772720499999995],[121.5037852,24.771690799999995],[121.50339970000002,24.771144999999997],[121.50338830000001,24.7703933],[121.50310480000002,24.769865599999996],[121.5026569,24.7693147],[121.5019622,24.76869679999999],[121.5016957,24.7683364],[121.5006723,24.7664082],[121.5006099,24.766052999999992],[121.50033769999999,24.7657801],[121.5003207,24.7655021],[121.50040010000001,24.7653373],[121.50055880000001,24.7653836],[121.50055880000001,24.7652652],[121.4999124,24.764714299999998],[121.4991073,24.762788600000004],[121.4986877,24.762479699999993],[121.4983474,24.762052300000004],[121.4974685,24.761449900000002],[121.4967994,24.7612027],[121.49583550000001,24.7605385],[121.49572210000001,24.7603944],[121.4957108,24.76023989999999],[121.49584120000002,24.760049399999996],[121.49562570000002,24.7600082],[121.49554630000002,24.7600906],[121.49504169999999,24.7600906],[121.49487159999998,24.759889799999996],[121.49497929999998,24.759724999999992],[121.49493390000002,24.7592976],[121.4947978,24.759091699999992],[121.4946107,24.7590299],[121.4943272,24.7590711],[121.49409470000002,24.758880499999997],[121.49393030000002,24.7588702],[121.4936695,24.758695199999995],[121.4935107,24.758411999999996],[121.49334619999999,24.7583296],[121.4928699,24.7582318],[121.491923,24.757742600000004],[121.49127090000002,24.7575984],[121.4905168,24.757268899999996],[121.4901482,24.7571865],[121.48971160000002,24.756712800000003],[121.48911620000001,24.756450200000003],[121.4888214,24.7562133],[121.4875739,24.755847699999997],[121.4871656,24.7558632],[121.4868764,24.7561927],[121.48664960000002,24.7561927],[121.4862527,24.7560743],[121.4860372,24.755729299999995],[121.48585580000001,24.7556932],[121.48539650000001,24.755703499999992],[121.48524910000002,24.7556469],[121.48377480000002,24.755734399999998],[121.48332119999999,24.755852899999997],[121.48314540000001,24.7560125],[121.4827768,24.75663039999999],[121.48231190000001,24.7569136],[121.4818639,24.757078399999994],[121.48124020000002,24.7570887],[121.4807582,24.7568981],[121.4788417,24.756846599999996],[121.4784561,24.756882700000002],[121.47756019999999,24.757145299999998],[121.47739059999999,24.7573245]]}},{"type":"Feature","properties":{"name":null,"kind":"unclassified"},"geometry":{"type":"LineString","coordinates":[[121.5009067,24.7751345],[121.50079010000002,24.775413199999996],[121.49934789999999,24.775623999999997],[121.49938420000001,24.7758222],[121.50021709999999,24.7756824],[121.50032830000002,24.775740299999995],[121.50024649999999,24.775858599999992],[121.49952970000001,24.776020300000003],[121.4991428,24.776033199999997],[121.4987576,24.7757505],[121.4981851,24.775600899999993],[121.4978365,24.775593],[121.49723840000001,24.775802699999996],[121.49614580000001,24.775826999999996],[121.4956502,24.7757301],[121.4935199,24.775666299999997],[121.49247250000002,24.7760889],[121.49229010000002,24.776248799999998],[121.49234950000002,24.7763654],[121.4924832,24.776384],[121.49386979999998,24.776113200000005],[121.4942105,24.776218600000004],[121.4952767,24.776889],[121.49623549999998,24.776550199999992],[121.49654800000002,24.776635299999995],[121.49675330000001,24.7769526],[121.4969464,24.7770813],[121.497208,24.777095199999998],[121.4975043,24.776903699999995],[121.49760749999999,24.776905599999996],[121.4977135,24.7769732],[121.49802200000002,24.7775211],[121.4984189,24.7779259],[121.4984404,24.778054699999995],[121.498376,24.778097599999988],[121.4982473,24.778076100000003],[121.497511,24.777453099999995],[121.49738760000001,24.777458599999996],[121.4969142,24.777763500000002],[121.4967855,24.777742099999998],[121.49633479999999,24.777248499999995],[121.49620610000001,24.777204899999994],[121.49499370000001,24.777771599999998],[121.49469600000002,24.7777081],[121.49443860000001,24.777467199999997],[121.494232,24.777398699999992],[121.4936607,24.777484999999995],[121.4927877,24.7777616],[121.4924094,24.7775858],[121.49212510000001,24.777684499999996],[121.4916315,24.7777119],[121.49107770000002,24.777871099999995],[121.4903481,24.778729100000003],[121.4896333,24.778584999999996],[121.48907950000002,24.7786425],[121.48880590000002,24.778536399999993],[121.48810119999999,24.7787216],[121.48743390000001,24.7787163],[121.4867989,24.778827],[121.4864114,24.778566999999995],[121.4855973,24.7783022],[121.48539740000001,24.778273399999996],[121.484934,24.778443800000005],[121.4846948,24.77837949999999],[121.48366269999998,24.7777103],[121.4833496,24.777329699999996],[121.483005,24.777211199999996],[121.48224200000001,24.777138099999995],[121.48188310000002,24.776968399999998],[121.48150700000001,24.7766002],[121.4810778,24.776584]]}},{"type":"Feature","properties":{"name":null,"kind":"service"},"geometry":{"type":"LineString","coordinates":[[121.49225029999998,24.791735399999997],[121.49233210000001,24.791485299999994]]}},{"type":"Feature","properties":{"name":null,"kind":"residential"},"geometry":{"type":"LineString","coordinates":[[121.4922282,24.793010600000002],[121.4921369,24.792605899999995],[121.4922944,24.792044599999997],[121.49220750000002,24.791789200000004],[121.49225029999998,24.791735399999997],[121.4923668,24.792060499999998]]}},{"type":"Feature","properties":{"name":null,"kind":"path"},"geometry":{"type":"LineString","coordinates":[[121.49305420000002,24.866517799999997],[121.4928852,24.866754800000002],[121.49244520000002,24.866587500000005],[121.4924296,24.8659279],[121.49165460000002,24.864796600000002],[121.4905588,24.8637252],[121.48963189999999,24.8631645],[121.48940420000001,24.8628399],[121.48843630000002,24.862005300000003]]}},{"type":"Feature","properties":{"name":"巴博庫魯山登山路徑","kind":"path"},"geometry":{"type":"LineString","coordinates":[[121.5060116,24.6760446],[121.5051077,24.676387899999998],[121.5047657,24.6766188],[121.50481850000001,24.676831100000005],[121.50471749999998,24.677218399999997],[121.50425000000001,24.6774355],[121.5042124,24.677796199999992],[121.50454500000001,24.678727199999997],[121.5044484,24.6788881],[121.5044922,24.679884699999995],[121.5044278,24.6801479],[121.50464630000002,24.680982600000004],[121.5046048,24.681446999999995],[121.50470579999998,24.681602299999998],[121.5044029,24.6819882],[121.5039477,24.682126900000004],[121.5038645,24.682280499999997],[121.503633,24.6823392],[121.5034381,24.6822],[121.5031725,24.6817321],[121.50253410000002,24.6812666],[121.50245829999999,24.681096199999992],[121.50248319999999,24.680827899999997],[121.50263610000002,24.6802747],[121.50241270000001,24.679660699999992],[121.50216939999999,24.6794168],[121.50191640000001,24.679219600000003],[121.50138209999999,24.679067],[121.50056669999998,24.6786629],[121.4999244,24.678061699999994],[121.49943349999998,24.6778886],[121.4992289,24.6777304],[121.498889,24.677686399999995],[121.4988461,24.677535200000005],[121.4985403,24.6772623],[121.4983652,24.676943199999997],[121.4979315,24.676644399999994],[121.4972049,24.676706],[121.4971314,24.676650699999996],[121.49699540000002,24.676428699999995],[121.49693639999998,24.675951],[121.4962658,24.675395299999995],[121.4962087,24.6752176],[121.4956275,24.675027300000004],[121.49561610000002,24.674781699999997],[121.495368,24.6745404],[121.49530689999999,24.674321699999997],[121.4946002,24.673757500000004],[121.4943392,24.673421299999998],[121.49392080000001,24.6733457],[121.49378210000002,24.673213900000004],[121.49325290000002,24.673053199999995],[121.4927764,24.673179599999997],[121.4922613,24.673204200000004],[121.49215669999998,24.67326999999999],[121.4920118,24.6737989],[121.49189919999999,24.6738623],[121.49160339999999,24.673903899999992],[121.4910052,24.673813699999993],[121.49019329999999,24.6741279],[121.4897928,24.6744181],[121.48914460000002,24.6745179],[121.48887100000002,24.6747446],[121.48845439999998,24.67493],[121.4874735,24.674837199999995],[121.48681830000001,24.674998199999994],[121.4854458,24.674201000000004],[121.4851159,24.673742799999996],[121.48481199999999,24.673509],[121.48348269999998,24.673575599999996]]}},{"type":"Feature","properties":{"name":"溪瀧步道","kind":"footway"},"geometry":{"type":"LineString","coordinates":[[121.4978558,24.774788700000002],[121.4974732,24.7750113],[121.4968009,24.774968799999996],[121.4954009,24.7741383],[121.49434140000001,24.7743812],[121.4932296,24.774252099999998],[121.49278310000001,24.774504099999994],[121.49252860000001,24.7750059]]}},{"type":"Feature","properties":{"name":null,"kind":"footway"},"geometry":{"type":"LineString","coordinates":[[121.49492740000001,24.774910199999994],[121.495089,24.775209900000004],[121.4948936,24.7755912],[121.4951012,24.7757265]]}},{"type":"Feature","properties":{"name":null,"kind":"path"},"geometry":{"type":"LineString","coordinates":[[121.4949702,24.851764199999998],[121.49543320000001,24.851368000000004],[121.49598710000001,24.8507375],[121.496519,24.850409499999998],[121.4965879,24.849802899999997],[121.49676410000001,24.8494336]]}},{"type":"Feature","properties":{"name":null,"kind":"residential"},"geometry":{"type":"LineString","coordinates":[[121.4951849,24.7955203],[121.4949848,24.795856599999993],[121.49431020000002,24.7961647],[121.49372810000001,24.795952799999995],[121.49316619999999,24.7960644],[121.4930013,24.7961951]]}},{"type":"Feature","properties":{"name":null,"kind":"footway"},"geometry":{"type":"LineString","coordinates":[[121.49316619999999,24.7960644],[121.49334650000002,24.795675000000003]]}},{"type":"Feature","properties":{"name":null,"kind":"path"},"geometry":{"type":"LineString","coordinates":[[121.50023359999999,24.7928029],[121.49990560000002,24.793296799999997],[121.49993410000002,24.7935994],[121.49981209999999,24.794219500000008],[121.49938120000002,24.7948579],[121.49916160000001,24.794953900000003],[121.4990763,24.795079399999995],[121.49876319999998,24.795739999999995],[121.4986412,24.796404299999992],[121.49825,24.796768099999994],[121.49800440000001,24.796727700000005],[121.497385,24.797326999999996],[121.49716139999998,24.797950699999998],[121.49684839999999,24.798234899999994],[121.49677520000002,24.7987183],[121.4965963,24.7991944],[121.49616940000001,24.799426899999997],[121.49582809999998,24.799741499999996],[121.495708,24.799967299999995],[121.49521809999999,24.800353299999998],[121.49463270000001,24.8011098],[121.4941641,24.801478000000003],[121.49362850000001,24.802301800000002],[121.4933236,24.802999299999996],[121.4929918,24.8033665],[121.4924487,24.803731300000003],[121.49185470000002,24.8039447],[121.4916161,24.8042135],[121.49137890000002,24.804804399999995],[121.49136420000002,24.8051603],[121.49156470000001,24.8058949],[121.4915864,24.8062074],[121.49142630000001,24.806874699999998],[121.4914262,24.807328700000003],[121.4916033,24.807744499999995],[121.49158020000002,24.808061299999995],[121.49136690000002,24.808576999999993],[121.49136810000002,24.808955599999997],[121.49115540000001,24.809893199999998],[121.49103879999998,24.8101106],[121.4908477,24.8102693],[121.49057940000002,24.8103542],[121.49012000000002,24.810265599999997],[121.4898514,24.8101159],[121.48965710000002,24.81018],[121.48933129999999,24.810092199999996],[121.4887889,24.8101622],[121.48865650000002,24.809904000000003],[121.4884085,24.809771099999995],[121.48761160000001,24.809605099999995],[121.487388,24.8096494],[121.487216,24.809502799999997],[121.4871644,24.8089335],[121.48726200000002,24.808531199999997],[121.48718070000001,24.808361499999997],[121.4868229,24.8080662],[121.48645700000002,24.8079223],[121.4853786,24.8078072]]}},{"type":"Feature","properties":{"name":null,"kind":"path"},"geometry":{"type":"LineString","coordinates":[[121.49991440000001,24.850870899999997],[121.49935879999998,24.850508299999998],[121.49895060000001,24.85008],[121.49827470000001,24.849846300000003],[121.4978675,24.849797599999995],[121.4974163,24.8495542],[121.49696630000001,24.8496321],[121.4965795,24.849252400000005],[121.49678329999999,24.8486586],[121.49705209999999,24.848181499999995],[121.4968804,24.847499999999993],[121.4963971,24.8463707],[121.4963971,24.845835199999993],[121.4967732,24.845319199999988],[121.49687990000001,24.84451109999999],[121.4966337,24.842563999999996],[121.49607580000001,24.8412204],[121.49572119999999,24.8409088],[121.4952062,24.840626499999996],[121.4951204,24.839857299999995],[121.49496000000002,24.839506799999995],[121.49516379999999,24.838465],[121.49517460000001,24.8379003],[121.4950565,24.8375206],[121.4947132,24.837024],[121.49464320000001,24.8367125],[121.49472819999998,24.836556699999996],[121.4946164,24.836392199999995],[121.49443119999998,24.836229999999997],[121.49412690000001,24.8362024],[121.4934238,24.835950299999997],[121.49290370000001,24.8356181],[121.49237120000001,24.8354295],[121.49184969999999,24.83539229999999],[121.4913311,24.8350902],[121.49106660000001,24.834661100000005],[121.49025,24.834287999999997],[121.49003939999999,24.834309799999996],[121.4894875,24.834732199999998],[121.48925710000002,24.8347951],[121.4888977,24.834726199999995],[121.4882915,24.8344054],[121.4880334,24.834464799999992],[121.4877257,24.834704499999997],[121.4873689,24.8347607],[121.48685000000002,24.83454559999999],[121.486684,24.8341404]]}},{"type":"Feature","properties":{"name":null,"kind":"path"},"geometry":{"type":"LineString","coordinates":[[121.48945490000001,24.860621799999993],[121.49013200000002,24.859639800000004],[121.49070060000001,24.859172499999993],[121.49100099999998,24.8587345],[121.4911727,24.858208799999996],[121.4914302,24.857780500000004],[121.4926747,24.8563494],[121.4925031,24.855940599999997],[121.4927391,24.855385699999992],[121.49274980000001,24.8543927],[121.4925675,24.8535165],[121.49231,24.8532926],[121.49236360000002,24.853097900000005],[121.4930497,24.853282899999996],[121.493275,24.853019999999997],[121.4941339,24.852397],[121.4945416,24.851919899999995],[121.4949702,24.851764199999998],[121.4952926,24.851861500000002],[121.4963655,24.851559699999996],[121.49709500000002,24.8514526],[121.4975236,24.8512579],[121.49867220000002,24.851209299999997],[121.4993583,24.850965899999995],[121.49991440000001,24.850870899999997]]}},{"type":"Feature","properties":{"name":"獵徑","kind":"path"},"geometry":{"type":"LineString","coordinates":[[121.49812620000002,24.769839799999996],[121.4983447,24.77033789999999],[121.4983315,24.7708109],[121.497909,24.7715934],[121.49789220000001,24.7719509],[121.49792339999999,24.772019600000004],[121.49810339999999,24.7720087],[121.49840470000001,24.772193999999992],[121.498628,24.7725318],[121.4988104,24.7731356],[121.49926410000002,24.773496299999998],[121.4987672,24.7737001],[121.4982859,24.773782999999995],[121.4981378,24.774155399999998],[121.4981753,24.774301399999995]]}},{"type":"Feature","properties":{"name":null,"kind":"track"},"geometry":{"type":"LineString","coordinates":[[121.4978881,24.774406699999997],[121.49774609999999,24.774489],[121.497592,24.7744426],[121.49759960000002,24.7739952]]}},{"type":"Feature","properties":{"name":null,"kind":"service"},"geometry":{"type":"LineString","coordinates":[[121.49802869999999,24.774340399999996],[121.4979254,24.7743879]]}},{"type":"Feature","properties":{"name":null,"kind":"path"},"geometry":{"type":"LineString","coordinates":[[121.4982037,24.774599899999995],[121.4981332,24.774492599999995],[121.4981753,24.774301399999995]]}},{"type":"Feature","properties":{"name":null,"kind":"service"},"geometry":{"type":"LineString","coordinates":[[121.4979254,24.7743879],[121.4978558,24.774788700000002]]}},{"type":"Feature","properties":{"name":"古圳步道","kind":"footway"},"geometry":{"type":"LineString","coordinates":[[121.5001148,24.775184499999998],[121.49991,24.775249200000005],[121.49933650000001,24.7751976],[121.49891589999999,24.7749827],[121.4987802,24.7748239],[121.49854090000001,24.7748222],[121.49795829999998,24.775069200000004],[121.4976177,24.775430799999995],[121.49716709999998,24.775537899999996],[121.49672720000001,24.775528200000004],[121.49636240000001,24.7754503],[121.4955041,24.775041099999992],[121.4952037,24.7747781],[121.4950213,24.7747099],[121.49490330000002,24.7748268],[121.49492740000001,24.774910199999994]]}},{"type":"Feature","properties":{"name":null,"kind":"footway"},"geometry":{"type":"LineString","coordinates":[[121.49894430000002,24.775925999999995],[121.4986584,24.775508699999996],[121.49841159999998,24.775401599999995],[121.4976177,24.775430799999995]]}},{"type":"Feature","properties":{"name":null,"kind":"track"},"geometry":{"type":"LineString","coordinates":[[121.4984928,24.779907899999998],[121.4983928,24.779532499999995],[121.4970061,24.7787374],[121.4970128,24.778989399999997],[121.49727260000002,24.779465699999992],[121.49729609999999,24.779833999999994]]}},{"type":"Feature","properties":{"name":null,"kind":"service"},"geometry":{"type":"LineString","coordinates":[[121.4976236,24.7774993],[121.49763110000002,24.777655999999997],[121.49823990000002,24.7783976],[121.4985242,24.778384599999995],[121.4989655,24.778032399999997],[121.4990942,24.7781589],[121.4987375,24.7789335],[121.4987,24.779609499999996],[121.49832570000001,24.780156299999998],[121.4977879,24.7806087],[121.4973091,24.780780899999996],[121.49702479999999,24.7811827],[121.4963382,24.7810865],[121.4960625,24.7813404],[121.49578840000001,24.781379],[121.49565700000001,24.781551400000005],[121.4955245,24.782041899999996]]}},{"type":"Feature","properties":{"name":null,"kind":"service"},"geometry":{"type":"LineString","coordinates":[[121.50041600000002,24.774677799999996],[121.50106229999999,24.774491399999995],[121.50177240000001,24.7741663]]}},{"type":"Feature","properties":{"name":null,"kind":"residential"},"geometry":{"type":"LineString","coordinates":[[121.5004876,24.7748805],[121.50041600000002,24.774677799999996]]}},{"type":"Feature","properties":{"name":null,"kind":"residential"},"geometry":{"type":"LineString","coordinates":[[121.5009067,24.7751345],[121.50062450000001,24.775046299999996],[121.5004876,24.7748805]]}},{"type":"Feature","properties":{"name":null,"kind":"residential"},"geometry":{"type":"LineString","coordinates":[[121.5009067,24.7751345],[121.5003409,24.775251099999995],[121.50028429999999,24.7751745],[121.5001148,24.775184499999998]]}},{"type":"Feature","properties":{"name":null,"kind":"path"},"geometry":{"type":"LineString","coordinates":[[121.50156350000002,24.775130699999995],[121.50087350000001,24.7753297]]}},{"type":"Feature","properties":{"name":null,"kind":"path"},"geometry":{"type":"LineString","coordinates":[[121.5023987,24.775539799999994],[121.5020613,24.7751587],[121.50176340000002,24.7750729],[121.5014272,24.7752379],[121.5011365,24.7756586],[121.50072770000001,24.775798800000004],[121.5003229,24.7758095]]}},{"type":"Feature","properties":{"name":null,"kind":"path"},"geometry":{"type":"LineString","coordinates":[[121.50228420000002,24.7755197],[121.5020834,24.7756447],[121.50203429999999,24.7755939],[121.50159300000001,24.7756794]]}},{"type":"Feature","properties":{"name":null,"kind":"path"},"geometry":{"type":"LineString","coordinates":[[121.50182870000002,24.7776989],[121.5017495,24.777081999999996],[121.5021404,24.776698000000003],[121.5021787,24.7762637],[121.5023987,24.775539799999994]]}},{"type":"Feature","properties":{"name":null,"kind":"path"},"geometry":{"type":"LineString","coordinates":[[121.5017215,24.7756765],[121.50155520000001,24.7761224],[121.5013192,24.776424399999996],[121.5009544,24.776658199999996],[121.4998708,24.7770089],[121.4993558,24.77743749999999],[121.4990459,24.777934199999997]]}},{"type":"Feature","properties":{"name":null,"kind":"residential"},"geometry":{"type":"LineString","coordinates":[[121.50231750000002,24.778118000000003],[121.50202020000002,24.7781908],[121.5019501,24.7783392],[121.50183810000001,24.7782162],[121.5019361,24.7780932],[121.50182870000002,24.7776989]]}},{"type":"Feature","properties":{"name":null,"kind":"service"},"geometry":{"type":"LineString","coordinates":[[121.50041600000002,24.774677799999996],[121.50032540000001,24.7746248],[121.5001491,24.7747501],[121.499541,24.774643799999996],[121.4992799,24.774456],[121.4982665,24.774303599999996],[121.49802869999999,24.774340399999996]]}},{"type":"Feature","properties":{"name":null,"kind":"path"},"geometry":{"type":"LineString","coordinates":[[121.49787029999999,24.7746224],[121.498595,24.774540300000005],[121.4994528,24.7748511],[121.5001275,24.774800099999997],[121.5001491,24.7747501]]}},{"type":"Feature","properties":{"name":null,"kind":"footway"},"geometry":{"type":"LineString","coordinates":[[121.4997732,24.7755632],[121.4996188,24.775453099999993],[121.4989665,24.775286599999998]]}},{"type":"Feature","properties":{"name":null,"kind":"track"},"geometry":{"type":"LineString","coordinates":[[121.4989655,24.778032399999997],[121.49910759999999,24.777927699999992],[121.4992565,24.778067],[121.4992739,24.778291100000004],[121.49911710000002,24.7786636],[121.4991225,24.778834099999994]]}},{"type":"Feature","properties":{"name":"信福路","kind":"tertiary"},"geometry":{"type":"LineString","coordinates":[[121.4931759,24.7952772],[121.4931433,24.7949041],[121.4929553,24.7946253],[121.49201920000002,24.792537899999992],[121.49197629999999,24.7921174],[121.4916428,24.791651800000004],[121.49150070000002,24.7912649],[121.49149230000002,24.791175599999995],[121.4917937,24.7907897],[121.4914823,24.7902875],[121.4914989,24.790090999999997],[121.49203480000001,24.7898133],[121.4921835,24.7891776],[121.4925504,24.7886768],[121.493007,24.7885615],[121.49427750000001,24.7876752],[121.49457869999999,24.787296699999995],[121.4950052,24.786961299999994],[121.49560420000002,24.7867276],[121.49660470000002,24.785707300000002],[121.49718410000001,24.7847941],[121.49794709999999,24.784177899999996],[121.4982583,24.783602099999996],[121.4984675,24.7834255],[121.4987156,24.7833452],[121.49916349999998,24.782975],[121.49968930000001,24.782288300000005],[121.5008453,24.781263099999993],[121.5019468,24.780094200000004],[121.5025905,24.779871599999996],[121.502702,24.7788888],[121.5031497,24.778372100000006],[121.50381409999999,24.7777991],[121.50390760000002,24.7775583],[121.50411250000002,24.776902699999997],[121.5040968,24.776343700000005],[121.50343430000001,24.775793999999998],[121.50323269999998,24.775521999999995],[121.5031388,24.7751756],[121.5021536,24.7746709],[121.50147329999999,24.774787299999996],[121.5011177,24.775089899999994],[121.5009067,24.7751345]]}},{"type":"Feature","properties":{"name":"信福路","kind":"tertiary"},"geometry":{"type":"LineString","coordinates":[[121.5033717,24.800237399999997],[121.50333340000002,24.799946399999996],[121.5025502,24.7990589],[121.5025551,24.798753599999998],[121.50240910000001,24.798500299999997],[121.5022261,24.797466199999995],[121.5018587,24.7968586],[121.5015972,24.796158999999996],[121.50118340000002,24.7957294],[121.50058679999998,24.794660199999992],[121.5005224,24.7942158],[121.5005599,24.7938567],[121.500193,24.7927695],[121.4999838,24.792804799999992],[121.49974330000002,24.793158800000004],[121.49930739999999,24.793466999999996],[121.49869590000002,24.793707099999995],[121.4982419,24.794290099999998],[121.4978724,24.79452],[121.49742989999999,24.794651199999993],[121.4967259,24.7945105],[121.49639989999999,24.7946496],[121.4960499,24.795014900000005],[121.4954477,24.795202599999996],[121.4951849,24.7955203],[121.4949489,24.7956705],[121.4938243,24.795669399999994],[121.49357609999998,24.7957379],[121.4933539,24.79559769999999]]}},{"type":"Feature","properties":{"name":null,"kind":"path"},"geometry":{"type":"LineString","coordinates":[[121.51272449999999,24.81002],[121.5126092,24.810002900000004],[121.5124685,24.810148199999997],[121.51257030000001,24.810311499999997],[121.51243799999999,24.8105228],[121.5121126,24.810433399999997],[121.5114102,24.810907299999993],[121.51109950000001,24.8108263],[121.51080550000002,24.811088299999994],[121.5107214,24.8114698],[121.51049070000002,24.811796699999995],[121.51066090000002,24.812063499999997],[121.5105662,24.812247300000006],[121.5103032,24.812394299999998],[121.5101085,24.812708900000004],[121.5098528,24.812843199999993],[121.50876000000001,24.814013100000004],[121.50834900000001,24.8141318],[121.5078073,24.814428500000005],[121.5075738,24.814454],[121.5073216,24.814360700000005],[121.5066789,24.8145871],[121.50602340000002,24.814623499999996],[121.5052108,24.814648899999998],[121.50425810000002,24.814496300000002],[121.5039499,24.814564200000003],[121.50324010000001,24.814487900000003],[121.502633,24.814623499999996],[121.50147480000001,24.81442],[121.50048479999998,24.814335299999996],[121.49962550000001,24.8146574],[121.49925189999999,24.814682899999998],[121.49842380000001,24.8151505],[121.49786130000001,24.815329199999997],[121.4975158,24.815229599999995],[121.49688560000001,24.815344],[121.4967027,24.815613399999993],[121.49660510000001,24.8161005],[121.49639780000001,24.816233300000004],[121.49585710000001,24.8162776],[121.49569450000001,24.81658390000001],[121.49541390000002,24.8167868],[121.4952866,24.8171977],[121.4953539,24.817496400000003],[121.49470620000001,24.817827300000005],[121.4942638,24.8178112],[121.4936621,24.8181164],[121.4935099,24.8181292],[121.49345330000001,24.8183188],[121.4935555,24.818629699999995],[121.4933047,24.818768499999997],[121.49312420000001,24.818768499999997],[121.49283629999998,24.8189828],[121.4920176,24.819073899999996],[121.49184300000002,24.8188809],[121.49155980000002,24.8187974],[121.4913829,24.818832699999998],[121.4913156,24.818941999999996],[121.49080950000001,24.81925349999999],[121.490399,24.8193242],[121.49023620000001,24.81955230000001],[121.48894789999999,24.8195844],[121.4887085,24.819507399999996],[121.4883651,24.819648600000008],[121.48794129999999,24.819677899999995],[121.4876141,24.819590299999998],[121.4873942,24.819673000000005],[121.48697039999999,24.819638900000005],[121.4865895,24.819726600000003],[121.48647150000001,24.819531799999993],[121.48614430000002,24.819322399999994],[121.48576879999999,24.818782],[121.4854783,24.818597099999998],[121.4849838,24.8184573],[121.4847558,24.818499200000005],[121.48449699999999,24.8183846],[121.48409130000002,24.818575200000005]]}},{"type":"Feature","properties":{"name":null,"kind":"path"},"geometry":{"type":"LineString","coordinates":[[121.4999668,24.8333312],[121.4998178,24.833314200000004],[121.4997275,24.833404099999992],[121.4996313,24.833763899999997],[121.49935150000002,24.833943799999997],[121.499162,24.8343379],[121.4987364,24.8347956],[121.4980748,24.835009799999998],[121.49779490000002,24.835184400000003],[121.4973111,24.8352823],[121.4972178,24.835562700000004],[121.49699629999999,24.8357082],[121.4968884,24.8359568],[121.49689130000002,24.836668400000004],[121.49648330000001,24.836906499999994],[121.4963404,24.8371366],[121.4966611,24.837660400000004],[121.4966552,24.837729199999995],[121.496422,24.837808499999998],[121.49636080000002,24.838075700000008],[121.49582740000001,24.8381656],[121.4951735,24.837956599999995]]}},{"type":"Feature","properties":{"name":null,"kind":"service"},"geometry":{"type":"LineString","coordinates":[[121.5022745,24.774709000000005],[121.5026375,24.7747575],[121.502865,24.774459799999995],[121.50282070000002,24.774317099999998],[121.50288949999998,24.774188199999998]]}},{"type":"Feature","properties":{"name":"大羅蘭溪吊橋","kind":"footway"},"geometry":{"type":"LineString","coordinates":[[121.50327640000002,24.775033499999996],[121.5037374,24.7748987]]}},{"type":"Feature","properties":{"name":"福巴越嶺步道","kind":"steps"},"geometry":{"type":"LineString","coordinates":[[121.5029102,24.775028000000002],[121.5031379,24.774958099999996],[121.50327640000002,24.775033499999996]]}},{"type":"Feature","properties":{"name":null,"kind":"residential"},"geometry":{"type":"LineString","coordinates":[[121.5031497,24.778372100000006],[121.5028167,24.775669999999998],[121.5022217,24.775499699999994]]}},{"type":"Feature","properties":{"name":null,"kind":"track"},"geometry":{"type":"LineString","coordinates":[[121.50301510000001,24.777320199999995],[121.50381619999999,24.777226899999995]]}},{"type":"Feature","properties":{"name":null,"kind":"residential"},"geometry":{"type":"LineString","coordinates":[[121.50301510000001,24.777320199999995],[121.50244539999998,24.7773646]]}},{"type":"Feature","properties":{"name":null,"kind":"footway"},"geometry":{"type":"LineString","coordinates":[[121.5021537,24.777503199999998],[121.5022023,24.777666199999995],[121.50210099999998,24.77758019999999]]}},{"type":"Feature","properties":{"name":null,"kind":"footway"},"geometry":{"type":"LineString","coordinates":[[121.50221799999998,24.7777636],[121.50236280000001,24.7777308]]}},{"type":"Feature","properties":{"name":null,"kind":"residential"},"geometry":{"type":"LineString","coordinates":[[121.5027914,24.778744699999997],[121.50240910000001,24.778498100000004],[121.5022023,24.777666199999995]]}},{"type":"Feature","properties":{"name":null,"kind":"residential"},"geometry":{"type":"LineString","coordinates":[[121.5030957,24.7782142],[121.5023551,24.778263099999997]]}},{"type":"Feature","properties":{"name":null,"kind":"service"},"geometry":{"type":"LineString","coordinates":[[121.5026126,24.779088600000005],[121.50244770000002,24.778867099999996]]}},{"type":"Feature","properties":{"name":null,"kind":"residential"},"geometry":{"type":"LineString","coordinates":[[121.50381409999999,24.7777991],[121.5030867,24.7789463],[121.50310300000001,24.779680799999998],[121.5028388,24.780021800000004],[121.50298869999999,24.780236399999993],[121.50329650000002,24.7804296],[121.5033824,24.780594300000004]]}},{"type":"Feature","properties":{"name":null,"kind":"service"},"geometry":{"type":"LineString","coordinates":[[121.5026106,24.779573299999996],[121.5026368,24.778883199999996]]}},{"type":"Feature","properties":{"name":null,"kind":"service"},"geometry":{"type":"LineString","coordinates":[[121.50310300000001,24.779680799999998],[121.5038202,24.7801656]]}},{"type":"Feature","properties":{"name":null,"kind":"service"},"geometry":{"type":"LineString","coordinates":[[121.5033495,24.7804957],[121.5037242,24.780375999999993]]}},{"type":"Feature","properties":{"name":"福山一號橋","kind":"unclassified"},"geometry":{"type":"LineString","coordinates":[[121.5033824,24.780594300000004],[121.5035245,24.7810311]]}},{"type":"Feature","properties":{"name":null,"kind":"residential"},"geometry":{"type":"LineString","coordinates":[[121.50232470000002,24.797959100000003],[121.5023598,24.797651899999998],[121.5020755,24.797029799999997]]}},{"type":"Feature","properties":{"name":null,"kind":"track"},"geometry":{"type":"LineString","coordinates":[[121.5033717,24.800237399999997],[121.5030095,24.800334099999997],[121.5028211,24.800593199999998]]}},{"type":"Feature","properties":{"name":"德拉楠橋","kind":"tertiary"},"geometry":{"type":"LineString","coordinates":[[121.5037083,24.800806],[121.5033717,24.800237399999997]]}},{"type":"Feature","properties":{"name":null,"kind":"path"},"geometry":{"type":"LineString","coordinates":[[121.50623590000001,24.823087],[121.50576630000002,24.822580199999997],[121.5052573,24.822500499999997],[121.5050818,24.82228649999999],[121.5045289,24.821991300000004],[121.5043663,24.82174779999999],[121.504285,24.821120499999996],[121.5033174,24.8201759],[121.5033093,24.819755200000003],[121.50321169999998,24.819511699999996],[121.50321169999998,24.8185818],[121.5033824,24.818323499999998],[121.50334180000002,24.818124200000003],[121.5036264,24.8178586],[121.50353689999999,24.817327199999998],[121.50358570000002,24.817083600000004],[121.5037158,24.816936],[121.5036182,24.816670399999992],[121.5040654,24.8165301],[121.50399230000001,24.816345599999995],[121.50382150000002,24.816264499999992],[121.5029922,24.816293999999992],[121.5026507,24.8161907],[121.5023823,24.816050399999998],[121.50230100000002,24.815792099999996],[121.50205710000002,24.815703600000003],[121.5018538,24.815437899999996],[121.5011383,24.815526400000003],[121.5010489,24.815393600000004],[121.50052040000001,24.8155264],[121.50021949999999,24.8155117],[121.50014630000001,24.815437899999996],[121.5002358,24.815305],[121.5013416,24.814877000000003],[121.50147480000001,24.81442]]}},{"type":"Feature","properties":{"name":"雅岸步道","kind":"path"},"geometry":{"type":"LineString","coordinates":[[121.5037242,24.780375999999993],[121.5038202,24.7801656],[121.50372640000002,24.779472499999997],[121.5040731,24.77835839999999],[121.5044728,24.776378899999997],[121.50438199999999,24.7762056],[121.5040186,24.7759829],[121.5036825,24.775644699999997],[121.50327640000002,24.775033499999996]]}},{"type":"Feature","properties":{"name":null,"kind":"path"},"geometry":{"type":"LineString","coordinates":[[121.5041949,24.7810995],[121.504356,24.7814542],[121.50429230000002,24.781645900000004]]}},{"type":"Feature","properties":{"name":null,"kind":"path"},"geometry":{"type":"LineString","coordinates":[[121.49688560000001,24.815344],[121.49961820000001,24.8119683],[121.50197849999999,24.8097479],[121.50268659999999,24.809241499999995],[121.50326599999998,24.808442999999997],[121.5039312,24.808014499999988],[121.50483239999998,24.8068068],[121.5053903,24.80631989999999],[121.50560490000001,24.8053655],[121.50712840000001,24.8039631],[121.5077721,24.8034761],[121.5088879,24.803183900000004],[121.50936000000002,24.802619099999998],[121.5102827,24.802521699999996],[121.5106904,24.802346399999998],[121.5111195,24.8019373],[121.5111839,24.802132099999994],[121.5114682,24.802054200000004],[121.5111306,24.8014581]]}},{"type":"Feature","properties":{"name":null,"kind":"path"},"geometry":{"type":"LineString","coordinates":[[121.50793550000002,24.8296648],[121.507632,24.830104199999997],[121.50738520000002,24.830698200000004],[121.5073681,24.830943299999998],[121.5071488,24.831072799999994],[121.5064625,24.83123030000001],[121.5060377,24.831770200000005],[121.5056925,24.8318313],[121.50532530000001,24.8325482],[121.5051643,24.832663599999997],[121.5048722,24.832646399999998],[121.5047257,24.832777799999995],[121.5044921,24.8327332],[121.5036342,24.832859999999997],[121.50347680000002,24.832735899999996],[121.50275790000002,24.832620599999995],[121.5024113,24.8327477],[121.5016979,24.8333845],[121.50152559999998,24.833352499999997],[121.5011403,24.833049499999994],[121.5010218,24.833031799999997],[121.5006862,24.833085899999997],[121.5005734,24.833228900000005],[121.5000865,24.833366],[121.4999668,24.8333312],[121.49995090000002,24.8332372],[121.50028840000002,24.832721599999996],[121.50013790000001,24.832689400000003],[121.5000686,24.832569099999997],[121.49969770000001,24.8326165],[121.49928460000001,24.832838900000002],[121.49750120000002,24.833271899999996],[121.49710580000001,24.8335755],[121.49697680000001,24.833862600000003],[121.4968012,24.8340087],[121.4958749,24.834377],[121.49528140000001,24.8347677],[121.4952938,24.8354692],[121.4946484,24.835816299999998],[121.49420840000002,24.8361898]]}},{"type":"Feature","properties":{"name":"紅河谷越嶺步道","kind":"path"},"geometry":{"type":"LineString","coordinates":[[121.51500880000002,24.8716265],[121.5148723,24.871738499999996],[121.5144047,24.871836100000003],[121.51423179999999,24.871983399999994],[121.51390410000002,24.8719729],[121.51358319999999,24.8715933],[121.513043,24.871398000000003],[121.5128825,24.8714809],[121.5126118,24.871391199999998],[121.5118885,24.871421],[121.5115026,24.871265200000003],[121.5113418,24.871390800000004],[121.51080070000002,24.8713611],[121.5103611,24.871152099999996],[121.51013920000001,24.870852900000003],[121.5097689,24.870632599999997],[121.50973290000002,24.87044709999999],[121.5090626,24.869561600000004],[121.5089783,24.8691832],[121.50879660000001,24.868997799999992],[121.50810860000001,24.868665000000004],[121.5077596,24.868703600000003],[121.50763099999999,24.868638599999993],[121.50764779999999,24.868463299999995],[121.50750140000001,24.8682476],[121.5071878,24.8682873],[121.50682780000001,24.8687384],[121.50676659999999,24.868660799999997],[121.506539,24.8687592],[121.50620380000001,24.8686238],[121.5058606,24.868671399999997],[121.50563529999998,24.8688032],[121.50541770000001,24.869108],[121.5052211,24.868868400000004],[121.50500300000002,24.8688035],[121.5049526,24.868706],[121.50471389999998,24.868610699999998],[121.5045239,24.8687524],[121.504207,24.868682599999993],[121.50390190000002,24.868497599999998],[121.50388009999999,24.8678178],[121.50371990000001,24.867545199999995],[121.50300999999999,24.867235],[121.5027803,24.867021100000002],[121.5025171,24.866916],[121.5020933,24.8670649],[121.5013849,24.8667537],[121.5011938,24.866823800000002],[121.5004686,24.866533],[121.5001347,24.866524899999998],[121.5001123,24.866711199999994],[121.4997302,24.866641999999995],[121.4992893,24.8663428],[121.4989964,24.8660343],[121.4982109,24.865906799999998],[121.4978134,24.8656084],[121.49747190000001,24.8655844],[121.4968966,24.8658823],[121.49664349999999,24.865842599999997],[121.49635489999999,24.865896099999997],[121.49626849999999,24.8656821],[121.4958945,24.865584399999996],[121.4957826,24.865243199999995],[121.4952362,24.8651213],[121.4950364,24.865201899999995],[121.49485110000002,24.8653996],[121.49390159999999,24.865588999999996],[121.4938517,24.865659800000003],[121.49400089999999,24.8657986],[121.49390210000001,24.865932499999992],[121.4942537,24.866041299999992],[121.49452590000001,24.8662256],[121.4944943,24.8662812],[121.49305420000002,24.866517799999997],[121.4930337,24.866132099999998],[121.49291440000002,24.865876499999995],[121.49263390000002,24.865432099999996],[121.49245750000001,24.8654255],[121.4922567,24.864914099999996],[121.49199919999998,24.864808999999997],[121.49166609999999,24.864071799999998],[121.4916979,24.863923299999996],[121.49150529999999,24.8636582],[121.4913463,24.863574999999997],[121.4913107,24.8634196],[121.4913821,24.863358899999998],[121.49071020000001,24.863021999999997],[121.4904679,24.862313299999997],[121.4902094,24.862094200000005],[121.4904271,24.8615912],[121.4904389,24.86138599999999],[121.4902061,24.861122099999992],[121.4900463,24.8611035],[121.48979360000001,24.860772099999995],[121.4898461,24.8607094],[121.48966130000001,24.860731299999994],[121.4895462,24.860843199999994],[121.48945490000001,24.860621799999993]]}},{"type":"Feature","properties":{"name":null,"kind":"path"},"geometry":{"type":"LineString","coordinates":[[121.51184780000001,24.878727799999997],[121.5089714,24.877336200000002],[121.50833939999998,24.8768506],[121.5076652,24.8765532],[121.50695080000001,24.8757348],[121.5059505,24.874766500000003],[121.5052758,24.874229999999997],[121.50463949999998,24.873937800000004],[121.50353510000001,24.8732252],[121.5020711,24.8728953],[121.5014737,24.8724871],[121.50073940000001,24.871723699999997],[121.50018770000001,24.870953199999995],[121.4980555,24.869877700000004],[121.49570170000001,24.868818000000008],[121.49511750000002,24.868812199999994],[121.49433260000002,24.8679703],[121.49376240000001,24.8670597],[121.49317699999999,24.866735099999993],[121.49305420000002,24.866517799999997]]}},{"type":"Feature","properties":{"name":null,"kind":"path"},"geometry":{"type":"LineString","coordinates":[[121.52471371328377,24.647213505549878],[121.52465340000002,24.6474542],[121.52405610000001,24.64775729999999],[121.52393459999999,24.6482613],[121.52416500000001,24.648550199999995],[121.524028,24.6487175],[121.52404469999999,24.648985400000004],[121.5242594,24.6492511],[121.5240871,24.6494743],[121.52361999999998,24.649667300000004],[121.52353500000001,24.650066199999994],[121.5237638,24.6506934],[121.52364849999998,24.650966399999998],[121.52367509999999,24.6511936],[121.5234218,24.651468700000002],[121.5234076,24.6516874],[121.52374739999999,24.652935399999997],[121.5238135,24.653500400000002],[121.5237332,24.6541063],[121.5238748,24.654492299999998],[121.5237757,24.655277099999992],[121.5238889,24.655675999999996],[121.52381820000001,24.6559976],[121.52394560000002,24.6567567],[121.52393139999998,24.6575544],[121.5243788,24.6588636],[121.5244694,24.659985999999996],[121.5247667,24.661375499999995],[121.5257152,24.662443399999997],[121.5257152,24.662726399999997],[121.52604079999999,24.663704200000005],[121.5258567,24.664578999999996],[121.5259983,24.664836299999997],[121.5259527,24.6655708],[121.5260832,24.666598799999996],[121.5266212,24.6679882],[121.52663540000002,24.66849],[121.52629580000001,24.66928],[121.52625190000002,24.669635699999994],[121.526074,24.6697258],[121.52579350000002,24.670487],[121.52582840000001,24.671268699999995],[121.52567269999999,24.671719000000003],[121.5257576,24.67352],[121.52550280000001,24.674021699999997],[121.5257718,24.675127999999997],[121.52502640000002,24.676808200000004],[121.52495070000002,24.678099599999996],[121.5250215,24.6786142],[121.52487430000001,24.678775800000004],[121.5248516,24.678948600000002],[121.52494129999998,24.6792389],[121.5248411,24.6795462],[121.5244517,24.679882399999997],[121.5242198,24.680233199999996],[121.52405879999999,24.6812512],[121.5241474,24.681456699999995],[121.5243083,24.681478599999995],[121.52428530000002,24.681624200000005],[121.52373470000002,24.6828519],[121.52287040000002,24.6831808],[121.52244169999999,24.6830268],[121.5224451,24.683254799999993],[121.52258510000001,24.68348]]}},{"type":"Feature","properties":{"name":null,"kind":"service"},"geometry":{"type":"LineString","coordinates":[[121.5248684,24.829972899999998],[121.525001,24.8303366],[121.5245555,24.830415],[121.5244992,24.830356999999996],[121.5245498,24.8300641],[121.52438160000001,24.829804099999997],[121.52445490000001,24.830049100000004],[121.5244103,24.830162799999997],[121.52396690000002,24.8304919],[121.52390169999998,24.830002499999996],[121.5236204,24.8294628],[121.5235468,24.829500399999993],[121.52356889999999,24.8298614],[121.5234995,24.830037],[121.52328359999998,24.8302221],[121.5231745,24.8302018],[121.5232573,24.8298455],[121.52305790000001,24.829703500000004]]}},{"type":"Feature","properties":{"name":null,"kind":"residential"},"geometry":{"type":"LineString","coordinates":[[121.5235532,24.834868700000005],[121.52406159999998,24.8348259],[121.5243204,24.8345801],[121.5243995,24.8343671]]}},{"type":"Feature","properties":{"name":null,"kind":"residential"},"geometry":{"type":"LineString","coordinates":[[121.52549210000001,24.835116399999997],[121.52560580000001,24.835299399999997],[121.52539730000001,24.83515699999999],[121.5251705,24.835152399999995],[121.5251525,24.835240100000004],[121.52526940000001,24.835374600000005]]}},{"type":"Feature","properties":{"name":null,"kind":"residential"},"geometry":{"type":"LineString","coordinates":[[121.5251525,24.835240100000004],[121.52485609999998,24.835321899999993]]}},{"type":"Feature","properties":{"name":"信福路","kind":"tertiary"},"geometry":{"type":"LineString","coordinates":[[121.5268764,24.840983299999998],[121.52679200000001,24.8409027],[121.5268189,24.840559999999996],[121.527094,24.839692300000003],[121.5268779,24.8392053],[121.52619170000001,24.8384816],[121.5260002,24.838127899999996],[121.5259764,24.8376898],[121.52620160000001,24.837082199999998],[121.5262215,24.8367829],[121.5259992,24.835662800000005],[121.5258915,24.835501999999998],[121.5253413,24.8349919],[121.52517229999998,24.834984600000002],[121.5250434,24.834996499999992],[121.52444760000002,24.835422500000004],[121.52378970000001,24.83550279999999],[121.5230176,24.835766099999997]]}},{"type":"Feature","properties":{"name":"札孔山路線","kind":"path"},"geometry":{"type":"LineString","coordinates":[[121.5290508,24.7388021],[121.529491,24.7386202],[121.5296556,24.738693799999997],[121.5297133,24.7388984],[121.5296298,24.7393383],[121.52980040000001,24.739606100000003],[121.5297387,24.739841100000003],[121.53019069999999,24.740165100000002],[121.53020780000001,24.7405965],[121.52990899999999,24.741063999999998],[121.52956970000001,24.741138199999998],[121.52880130000001,24.7417436],[121.5288657,24.7422162],[121.5274817,24.7435365],[121.52792700000002,24.7438434],[121.52823270000002,24.7445304],[121.52834,24.745270899999998],[121.52805030000002,24.745480400000005],[121.52752460000002,24.745485199999997],[121.5266019,24.7453293],[121.52615129999998,24.745933499999996],[121.52597960000001,24.746557],[121.52632300000002,24.747102699999996],[121.52679500000002,24.7482329],[121.52709540000001,24.7484278],[121.5273583,24.74876879999999],[121.5269935,24.749178],[121.5268112,24.750069599999996],[121.52754600000002,24.7505324],[121.5276533,24.7507467],[121.5274817,24.751038999999995],[121.52715980000002,24.7511365],[121.5272188,24.7515019],[121.5274441,24.751964699999995],[121.52705250000001,24.7523056],[121.5268165,24.752807399999995],[121.52720270000002,24.7530656],[121.5273529,24.753591699999998],[121.5271169,24.754020399999998],[121.5264732,24.754156800000004],[121.52617280000001,24.7540399],[121.52600110000002,24.7536502],[121.52576509999999,24.753903499999993],[121.52544319999998,24.7540984],[121.524263,24.754176299999997],[121.5235978,24.755150599999997],[121.52340470000001,24.7557547],[121.52366219999999,24.756144400000004],[121.52299700000002,24.756943300000003],[121.5228039,24.757859099999997]]}},{"type":"Feature","properties":{"name":null,"kind":"steps"},"geometry":{"type":"LineString","coordinates":[[121.527061,24.827452500000003],[121.5270781,24.8274521]]}},{"type":"Feature","properties":{"name":null,"kind":"footway"},"geometry":{"type":"LineString","coordinates":[[121.5268233,24.827556899999998],[121.527061,24.827452500000003]]}},{"type":"Feature","properties":{"name":null,"kind":"steps"},"geometry":{"type":"LineString","coordinates":[[121.5267321,24.8275728],[121.5268233,24.827556899999998]]}},{"type":"Feature","properties":{"name":null,"kind":"path"},"geometry":{"type":"LineString","coordinates":[[121.5267004,24.827580000000005],[121.5267321,24.8275728]]}},{"type":"Feature","properties":{"name":"賞景步道","kind":"path"},"geometry":{"type":"LineString","coordinates":[[121.5258462,24.833865499999998],[121.5267634,24.834162699999993],[121.52639639999998,24.833867899999998],[121.52687090000002,24.834018599999997],[121.52632910000001,24.833552400000002],[121.52653520000001,24.8335797],[121.52680109999999,24.833775499999998],[121.52729400000001,24.833931],[121.5270403,24.833676200000006],[121.5268624,24.8336317],[121.52673959999998,24.8334156],[121.5275072,24.8337882],[121.5275584,24.8337176],[121.5273049,24.8333707],[121.52760870000002,24.833162499999997],[121.52760399999998,24.8333786],[121.5277255,24.833243],[121.5278889,24.833442199999997],[121.52810370000002,24.833196399999995],[121.5281613,24.833316299999996],[121.52850670000001,24.8329326],[121.5287652,24.832819899999997],[121.52900500000001,24.832573399999998],[121.52934670000002,24.8323862],[121.5298125,24.8315462],[121.52971640000001,24.8310262],[121.5295867,24.830644099999997],[121.52943,24.8305431],[121.52943940000002,24.8304415],[121.52995940000001,24.829933599999997],[121.5299644,24.829734899999995]]}},{"type":"Feature","properties":{"name":null,"kind":"service"},"geometry":{"type":"LineString","coordinates":[[121.52707730000002,24.835179999999998],[121.52649710000001,24.834584],[121.52653720000002,24.834485800000003],[121.52662980000001,24.8344858],[121.527193,24.8351065],[121.52707730000002,24.835179999999998]]}},{"type":"Feature","properties":{"name":null,"kind":"service"},"geometry":{"type":"LineString","coordinates":[[121.527193,24.8351065],[121.52723549999999,24.835367099999992]]}},{"type":"Feature","properties":{"name":null,"kind":"service"},"geometry":{"type":"LineString","coordinates":[[121.52723549999999,24.835367099999992],[121.52707730000002,24.835179999999998]]}},{"type":"Feature","properties":{"name":null,"kind":"service"},"geometry":{"type":"LineString","coordinates":[[121.52792139999998,24.8373649],[121.52771129999999,24.836151600000004],[121.52723549999999,24.835367099999992]]}},{"type":"Feature","properties":{"name":null,"kind":"path"},"geometry":{"type":"LineString","coordinates":[[121.5281397,24.740520400000005],[121.5284657,24.740522200000004],[121.5289472,24.740915599999997],[121.52982829999999,24.741067499999996]]}},{"type":"Feature","properties":{"name":null,"kind":"path"},"geometry":{"type":"LineString","coordinates":[[121.5159034,24.776541099999996],[121.5157303,24.776713],[121.51555850000001,24.7766846],[121.5151956,24.7771504],[121.5152308,24.7778667],[121.51548230000002,24.778406700000005],[121.5157899,24.778712199999998],[121.5159955,24.779137999999996],[121.5160201,24.7800102],[121.5162316,24.781020400000003],[121.51649109999998,24.781227600000005],[121.5165392,24.781550600000003],[121.5168275,24.781928],[121.516717,24.782366600000007],[121.5168035,24.7825957],[121.51673379999998,24.7832218],[121.5167867,24.7835447],[121.5171063,24.783727999999996],[121.5172592,24.7839655],[121.517407,24.783903799999997],[121.5177146,24.783962499999998],[121.5184164,24.784794000000005],[121.51871710000002,24.784935899999997],[121.51909240000002,24.785238399999994],[121.5198205,24.785031099999994],[121.5206915,24.784621799999996],[121.5215106,24.784428999999996],[121.52168899999998,24.7845169],[121.52186059999998,24.784776099999995],[121.5225148,24.785058399999997],[121.523305,24.7849149],[121.5236075,24.784762199999992],[121.52409690000002,24.784965899999996],[121.52424639999998,24.78522969999999],[121.5244078,24.785323799999997],[121.52524560000002,24.78533609999999],[121.52641129999999,24.785536700000005],[121.52656079999998,24.785647699999995],[121.52656759999999,24.785954799999995],[121.52684630000002,24.786331199999996],[121.526814,24.786494699999995],[121.5265809,24.7867334],[121.52693430000001,24.787146800000002],[121.5275987,24.7872857],[121.52830140000002,24.787605000000003],[121.5290652,24.787740800000005],[121.52954689999999,24.788067799999993],[121.530411,24.788021599999997],[121.53056990000002,24.788111799999996],[121.53063359999999,24.788256799999996],[121.5323162,24.788886200000004],[121.53306340000002,24.789307999999995],[121.5338706,24.790142599999996],[121.5339249,24.790312299999997],[121.53383149999999,24.79065629999999],[121.5342223,24.790719499999998],[121.53447380000001,24.791140699999996],[121.53458600000002,24.791586499999998],[121.5359165,24.792334700000005],[121.53633620000001,24.792661799999998],[121.5368443,24.7926402],[121.53733369999999,24.792853000000008],[121.5375733,24.7933035],[121.5380168,24.7936969],[121.53887999999999,24.794708799999995],[121.53910090000001,24.794849199999998],[121.5393932,24.794863099999997],[121.5397739,24.7951223],[121.5399693,24.7953891],[121.5400287,24.7957177],[121.54042300000002,24.7961882],[121.5408665,24.796270000000003],[121.54122590000001,24.796657200000002]]}},{"type":"Feature","properties":{"name":null,"kind":"path"},"geometry":{"type":"LineString","coordinates":[[121.5263142,24.827259299999998],[121.52871429999999,24.825856099999996],[121.5291003,24.8255403],[121.5295748,24.825350800000002],[121.5298215,24.824983299999996],[121.5298215,24.824799499999994],[121.5294103,24.824690399999998],[121.52943559999999,24.8245354]]}},{"type":"Feature","properties":{"name":"森林浴步道","kind":"path"},"geometry":{"type":"LineString","coordinates":[[121.5265365,24.827635799999996],[121.52648039999998,24.8277861],[121.526986,24.827731700000005],[121.52663100000001,24.828192999999995],[121.52671400000001,24.828296700000003],[121.52683550000002,24.828149999999997],[121.52690189999998,24.828298499999995],[121.52700950000002,24.828246299999996],[121.5271972,24.828333499999992],[121.52757840000001,24.828342200000005],[121.5277766,24.828258299999998],[121.5281081,24.828348999999996],[121.52861080000001,24.82854],[121.52847639999999,24.82858539999999],[121.5282761,24.828503499999997],[121.52812590000002,24.828555599999994],[121.5284012,24.828784],[121.5285009,24.828975699999997],[121.52857420000001,24.8288559],[121.5286523,24.8288985],[121.52893750000001,24.828814500000004],[121.5287309,24.828936499999998],[121.52882940000002,24.829034600000004],[121.5293124,24.828717799999996],[121.52908759999998,24.829079499999995],[121.5291342,24.829212500000004],[121.529634,24.828859599999994],[121.5297299,24.828864899999996],[121.5295974,24.8293781],[121.5297645,24.829629499999992],[121.5299644,24.829734899999995],[121.5303929,24.8294964],[121.53052469999999,24.8295149],[121.53087920000002,24.8296592],[121.5310964,24.8298697],[121.5309973,24.8299292],[121.53066929999999,24.829917900000005],[121.5305775,24.8303437],[121.53062240000001,24.830407099999995],[121.5307774,24.830255199999996],[121.53083040000001,24.830324599999994],[121.5308551,24.8305502],[121.5307786,24.830777299999994],[121.5308723,24.830864699999996],[121.5312595,24.830882499999998]]}},{"type":"Feature","properties":{"name":null,"kind":"residential"},"geometry":{"type":"LineString","coordinates":[[121.52792139999998,24.8373649],[121.5283744,24.8384752],[121.5295896,24.8392163],[121.5305428,24.839436199999998]]}},{"type":"Feature","properties":{"name":null,"kind":"service"},"geometry":{"type":"LineString","coordinates":[[121.52876320000001,24.8387208],[121.52859910000001,24.838928199999998]]}},{"type":"Feature","properties":{"name":null,"kind":"residential"},"geometry":{"type":"LineString","coordinates":[[121.5294585,24.839155399999996],[121.52917430000001,24.839473700000003],[121.528836,24.839569499999996],[121.5286097,24.839495199999995]]}},{"type":"Feature","properties":{"name":null,"kind":"footway"},"geometry":{"type":"LineString","coordinates":[[121.53706100000001,24.8514302],[121.5368407,24.8513749],[121.53651260000001,24.8514316],[121.53554250000002,24.851296799999997],[121.5353716,24.851330599999997],[121.53492710000002,24.851661499999988],[121.5338989,24.851884500000004],[121.53382260000001,24.8517579],[121.5330961,24.851683599999994],[121.53208989999999,24.850684999999995],[121.53187260000001,24.8507629],[121.53170680000001,24.850709399999992],[121.53148179999998,24.850765499999998],[121.53099359999999,24.8510961],[121.5303147,24.8518852],[121.5302227,24.8524507],[121.5300661,24.852826000000004],[121.529866,24.853060999999997],[121.52952460000002,24.8531836],[121.52881210000001,24.8532457],[121.5282314,24.8535607],[121.52778639999998,24.8539401],[121.52706770000002,24.853772699999997],[121.5266713,24.853996499999997],[121.52640140000001,24.854042],[121.52610040000002,24.854298599999996],[121.5255489,24.8550507],[121.5252063,24.855278200000004],[121.52451070000001,24.855177500000003],[121.52411259999998,24.855405199999996],[121.52363889999998,24.855470899999997],[121.52297850000001,24.8552461],[121.52253419999998,24.855455299999996],[121.52230450000002,24.855438000000003],[121.5218527,24.855802400000005],[121.5215696,24.855871099999998],[121.52144109999999,24.856039499999998],[121.52118069999999,24.855938900000005]]}},{"type":"Feature","properties":{"name":"紅河谷步道2號吊橋","kind":"path"},"geometry":{"type":"LineString","coordinates":[[121.5283484,24.875749999999996],[121.5282936,24.8757649]]}},{"type":"Feature","properties":{"name":"紅河谷越嶺步道","kind":"path"},"geometry":{"type":"LineString","coordinates":[[121.52998630000002,24.8756269],[121.5298152,24.875781699999994],[121.5296302,24.875757500000002],[121.52948530000002,24.8758368],[121.52930200000002,24.8757946],[121.52888059999998,24.876132199999997],[121.52867560000001,24.876021600000005],[121.52844309999999,24.875755800000004],[121.5283484,24.875749999999996]]}},{"type":"Feature","properties":{"name":null,"kind":"footway"},"geometry":{"type":"LineString","coordinates":[[121.52583650000001,24.8271574],[121.52603780000001,24.827318900000005]]}},{"type":"Feature","properties":{"name":"樂水橋","kind":"footway"},"geometry":{"type":"LineString","coordinates":[[121.52603780000001,24.827318900000005],[121.52610730000002,24.8275913]]}},{"type":"Feature","properties":{"name":null,"kind":"footway"},"geometry":{"type":"LineString","coordinates":[[121.52649680000002,24.827580000000005],[121.52650009999999,24.827541599999996]]}},{"type":"Feature","properties":{"name":null,"kind":"steps"},"geometry":{"type":"LineString","coordinates":[[121.5260376,24.8275381],[121.5260775,24.827598499999997]]}},{"type":"Feature","properties":{"name":null,"kind":"footway"},"geometry":{"type":"LineString","coordinates":[[121.5264585,24.8275973],[121.52649680000002,24.827580000000005]]}},{"type":"Feature","properties":{"name":null,"kind":"steps"},"geometry":{"type":"LineString","coordinates":[[121.52660870000001,24.8276036],[121.5267004,24.827580000000005]]}},{"type":"Feature","properties":{"name":null,"kind":"footway"},"geometry":{"type":"LineString","coordinates":[[121.52603989999999,24.8276075],[121.52610730000002,24.8275913]]}},{"type":"Feature","properties":{"name":null,"kind":"path"},"geometry":{"type":"LineString","coordinates":[[121.5265365,24.827635799999996],[121.52660870000001,24.8276036]]}},{"type":"Feature","properties":{"name":null,"kind":"path"},"geometry":{"type":"LineString","coordinates":[[121.52603989999999,24.8276075],[121.52601730000002,24.827673699999995]]}},{"type":"Feature","properties":{"name":null,"kind":"steps"},"geometry":{"type":"LineString","coordinates":[[121.5261705,24.827761799999998],[121.5264585,24.8275973],[121.52642840000001,24.827687],[121.5265365,24.827635799999996]]}},{"type":"Feature","properties":{"name":null,"kind":"footway"},"geometry":{"type":"LineString","coordinates":[[121.52569900000002,24.828087399999998],[121.52571110000001,24.827793399999997],[121.5257909,24.827655899999993],[121.5260376,24.8275381]]}},{"type":"Feature","properties":{"name":null,"kind":"steps"},"geometry":{"type":"LineString","coordinates":[[121.52571110000001,24.827793399999997],[121.5257862,24.827895099999996]]}},{"type":"Feature","properties":{"name":null,"kind":"steps"},"geometry":{"type":"LineString","coordinates":[[121.52601730000002,24.827673699999995],[121.5259062,24.8278603],[121.52592499999999,24.8280136],[121.5259926,24.827989699999996]]}},{"type":"Feature","properties":{"name":null,"kind":"footway"},"geometry":{"type":"LineString","coordinates":[[121.5259926,24.827989699999996],[121.5261705,24.827761799999998]]}},{"type":"Feature","properties":{"name":"觀瀑步道","kind":"footway"},"geometry":{"type":"LineString","coordinates":[[121.5271807,24.831612499999995],[121.5273415,24.8314757],[121.52748779999999,24.831025900000004],[121.52749170000001,24.8304309],[121.5273988,24.830083999999996],[121.52704530000001,24.829479599999992],[121.52604079999999,24.8287745],[121.52588620000002,24.828521400000003],[121.5257862,24.827895099999996],[121.5258852,24.827682599999996],[121.52603989999999,24.8276075]]}},{"type":"Feature","properties":{"name":null,"kind":"service"},"geometry":{"type":"LineString","coordinates":[[121.52653720000002,24.834485800000003],[121.52597830000002,24.834060900000004],[121.525614,24.8335478],[121.5255136,24.83340009999999],[121.52545480000002,24.832950899999997],[121.52573329999998,24.8325302],[121.52643550000002,24.832230199999998],[121.5271807,24.831612499999995]]}},{"type":"Feature","properties":{"name":null,"kind":"residential"},"geometry":{"type":"LineString","coordinates":[[121.52564830000001,24.8352414],[121.52532840000002,24.8347791]]}},{"type":"Feature","properties":{"name":null,"kind":"residential"},"geometry":{"type":"LineString","coordinates":[[121.5261697,24.8371846],[121.52591899999999,24.835669399999997],[121.52560580000001,24.835299399999997]]}},{"type":"Feature","properties":{"name":null,"kind":"residential"},"geometry":{"type":"LineString","coordinates":[[121.5264421,24.8387353],[121.52622340000002,24.838160699999996]]}},{"type":"Feature","properties":{"name":"信福路6巷","kind":"unclassified"},"geometry":{"type":"LineString","coordinates":[[121.5275963,24.840824700000002],[121.527901,24.84069849999999],[121.5279176,24.840772200000004],[121.5273928,24.841244699999997],[121.5264822,24.841831299999996],[121.5260794,24.8417771],[121.525413,24.841860799999996],[121.52519340000002,24.8423146],[121.5247584,24.8427979],[121.5245414,24.8428176],[121.5245168,24.8428962],[121.525104,24.8428606],[121.52541700000002,24.842543299999996]]}},{"type":"Feature","properties":{"name":"信賢隱瀑橋","kind":"unclassified"},"geometry":{"type":"LineString","coordinates":[[121.5273848,24.837393700000003],[121.52792139999998,24.8373649]]}},{"type":"Feature","properties":{"name":null,"kind":"unclassified"},"geometry":{"type":"LineString","coordinates":[[121.5262215,24.8367829],[121.526429,24.8368349],[121.5264917,24.836961900000002],[121.5265131,24.837820199999992],[121.52670210000001,24.838551499999994],[121.5269264,24.8385553],[121.52704619999999,24.837968599999996],[121.5270517,24.837100999999997],[121.52716610000002,24.8370842],[121.52724050000002,24.837332399999998],[121.5273848,24.837393700000003]]}},{"type":"Feature","properties":{"name":null,"kind":"unclassified"},"geometry":{"type":"LineString","coordinates":[[121.5269264,24.8385553],[121.5270388,24.838793099999997],[121.5273392,24.838986199999997],[121.5273607,24.838514199999995]]}},{"type":"Feature","properties":{"name":null,"kind":"residential"},"geometry":{"type":"LineString","coordinates":[[121.52679200000001,24.8409027],[121.5269248,24.8407974],[121.5272494,24.840178499999997]]}},{"type":"Feature","properties":{"name":"烏信橋","kind":"tertiary"},"geometry":{"type":"LineString","coordinates":[[121.5270743,24.841090199999996],[121.5268764,24.840983299999998]]}},{"type":"Feature","properties":{"name":null,"kind":"track"},"geometry":{"type":"LineString","coordinates":[[121.5260794,24.8417771],[121.5258452,24.8424434],[121.52580100000002,24.8429984],[121.52588809999999,24.843174800000003],[121.5263119,24.843572799999997],[121.5264219,24.843538699999996],[121.52641520000002,24.843340300000005],[121.5265413,24.8432077],[121.52673300000001,24.8432053],[121.52680949999998,24.843315999999998]]}},{"type":"Feature","properties":{"name":null,"kind":"footway"},"geometry":{"type":"LineString","coordinates":[[121.5296302,24.875757500000002],[121.52972350000002,24.875638500000004],[121.5294093,24.875550900000004],[121.5293568,24.875425099999998],[121.5294312,24.875276699999997],[121.52910080000001,24.874863399999995],[121.5288786,24.8748386],[121.5285387,24.874644999999997],[121.5279138,24.8732978],[121.52695280000002,24.8720551],[121.52678480000002,24.8717032],[121.52593570000002,24.871583299999998],[121.5244043,24.870727399999996],[121.52387970000001,24.8695849],[121.52299349999998,24.868336699999997],[121.5231801,24.867871300000004],[121.5229586,24.867331799999995],[121.52310990000001,24.8667494],[121.52337830000002,24.866453699999997],[121.52313350000001,24.86541709999999],[121.5226438,24.864570799999996],[121.52269040000002,24.864242799999992],[121.5230752,24.864063000000005],[121.5231568,24.863671600000004],[121.5235765,24.863301300000003],[121.52366979999998,24.8630897],[121.5232617,24.861714500000005],[121.5234133,24.861545200000002],[121.52359980000001,24.861069200000003],[121.5234832,24.860963399999996],[121.52353860000001,24.8608275]]}},{"type":"Feature","properties":{"name":null,"kind":"service"},"geometry":{"type":"LineString","coordinates":[[121.52258690000001,24.830837999999996],[121.5229965,24.8305858],[121.5231745,24.8302018]]}},{"type":"Feature","properties":{"name":null,"kind":"unclassified"},"geometry":{"type":"LineString","coordinates":[[121.52360930000002,24.833061799999992],[121.5235106,24.8331147],[121.52346590000002,24.8334556],[121.5231334,24.8336305]]}},{"type":"Feature","properties":{"name":"信福路","kind":"tertiary"},"geometry":{"type":"LineString","coordinates":[[121.5230176,24.835766099999997],[121.5228414,24.835604299999996]]}},{"type":"Feature","properties":{"name":null,"kind":"footway"},"geometry":{"type":"LineString","coordinates":[[121.52531539999998,24.855231799999995],[121.52541760000001,24.855347700000003],[121.5253835,24.855470700000005],[121.5247204,24.855642099999997],[121.52421700000001,24.856343799999998],[121.52365619999999,24.855892599999997],[121.52311830000001,24.855817099999996],[121.5227692,24.855843800000002],[121.5223573,24.856056699999996],[121.5221139,24.856485],[121.5217539,24.8568059],[121.5215738,24.8568684]]}},{"type":"Feature","properties":{"name":null,"kind":"path"},"geometry":{"type":"LineString","coordinates":[[121.5260481,24.876031599999994],[121.5262327,24.87568179999999],[121.5256104,24.874727899999996],[121.5259752,24.874650100000004],[121.5258679,24.874299699999995],[121.52595370000002,24.8740271],[121.5253315,24.873949299999992],[121.52509540000001,24.873813],[121.5249452,24.8735404],[121.52455900000001,24.873131599999994],[121.5242586,24.8730732],[121.5237436,24.8721777],[121.5232286,24.872022],[121.5226707,24.871671600000003],[121.5218339,24.870600900000003],[121.52159779999998,24.8701726],[121.52153350000002,24.869491200000002],[121.5218982,24.8688877],[121.522542,24.8684594],[121.52299349999998,24.868336699999997]]}},{"type":"Feature","properties":{"name":"信福路","kind":"tertiary"},"geometry":{"type":"LineString","coordinates":[[121.5228414,24.835604299999996],[121.52286089999998,24.835411499999992],[121.52373630000001,24.834719099999997],[121.5238969,24.834442999999993],[121.52360090000002,24.833285700000005],[121.52359019999999,24.8324087],[121.5237595,24.831858199999996],[121.52374139999999,24.831533100000005],[121.524263,24.83136259999999],[121.5245975,24.830818899999997],[121.525116,24.8305463],[121.52520729999999,24.830384299999995],[121.52513299999998,24.8301946],[121.5248684,24.829972899999998],[121.5242422,24.8291713],[121.523957,24.828232500000002],[121.5236032,24.827909999999996],[121.52354609999999,24.827703899999996],[121.52357250000001,24.827500599999997],[121.52384459999999,24.8270588],[121.52432070000002,24.825766099999996],[121.524364,24.8250586],[121.5240991,24.824736099999992],[121.52408910000001,24.824424599999993],[121.52389100000002,24.824327299999997],[121.52311,24.824537500000005],[121.5227365,24.825150999999998],[121.5221204,24.825434900000005],[121.52142739999998,24.825390800000005],[121.52078790000002,24.8252421],[121.5200653,24.824837399999996],[121.51954740000001,24.824084699999997],[121.51932120000001,24.8235753],[121.5190008,24.8233264],[121.51875170000001,24.822953799999993],[121.51803790000001,24.8228775],[121.5180717,24.822577200000005],[121.51773919999998,24.822107],[121.5174215,24.8214433],[121.51719999999999,24.8213407],[121.5166637,24.820687800000005],[121.5147985,24.8199327]]}},{"type":"Feature","properties":{"name":null,"kind":"residential"},"geometry":{"type":"LineString","coordinates":[[121.520883,24.82783669999999],[121.5209951,24.8279517]]}},{"type":"Feature","properties":{"name":null,"kind":"residential"},"geometry":{"type":"LineString","coordinates":[[121.52087100000001,24.827995799999997],[121.52072170000001,24.8278249],[121.520599,24.8278126],[121.52062680000002,24.827910499999998]]}},{"type":"Feature","properties":{"name":null,"kind":"service"},"geometry":{"type":"LineString","coordinates":[[121.52074540000001,24.8276236],[121.520883,24.82783669999999],[121.52082219999998,24.8281357],[121.5205552,24.828523399999995],[121.52042190000002,24.828623900000004],[121.5202019,24.828651499999996],[121.52012010000001,24.828774399999997]]}},{"type":"Feature","properties":{"name":null,"kind":"service"},"geometry":{"type":"LineString","coordinates":[[121.5197003,24.832730099999996],[121.5203051,24.832901699999997],[121.5203963,24.8334032]]}},{"type":"Feature","properties":{"name":null,"kind":"track"},"geometry":{"type":"LineString","coordinates":[[121.5199522,24.835537999999996],[121.5198409,24.835749799999995],[121.5200357,24.8358522],[121.520173,24.836248599999998]]}},{"type":"Feature","properties":{"name":null,"kind":"unclassified"},"geometry":{"type":"LineString","coordinates":[[121.5228414,24.835604299999996],[121.5225979,24.8359101],[121.5224919,24.836190099999996],[121.5219998,24.8364384],[121.5213426,24.836630599999996],[121.5210704,24.836527099999998],[121.5209054,24.836628200000003],[121.52055130000001,24.8365308],[121.52003370000001,24.836635499999996],[121.51941950000001,24.8368716],[121.5192451,24.837060299999997]]}},{"type":"Feature","properties":{"name":null,"kind":"service"},"geometry":{"type":"LineString","coordinates":[[121.5213315,24.8282688],[121.52156620000001,24.82783819999999],[121.521588,24.827440799999998]]}},{"type":"Feature","properties":{"name":null,"kind":"service"},"geometry":{"type":"LineString","coordinates":[[121.5213299,24.8292791],[121.52127210000002,24.829570499999996],[121.5211554,24.829708]]}},{"type":"Feature","properties":{"name":null,"kind":"track"},"geometry":{"type":"LineString","coordinates":[[121.52174089999998,24.836022099999997],[121.522011,24.835651099999996],[121.5216851,24.835724099999997],[121.52145450000002,24.8356621],[121.5210248,24.8358407],[121.5211956,24.835517199999998],[121.5216033,24.8353261],[121.52161000000001,24.8352653],[121.5210561,24.8351643]]}},{"type":"Feature","properties":{"name":null,"kind":"residential"},"geometry":{"type":"LineString","coordinates":[[121.5217583,24.8364883],[121.52163230000001,24.836322699999993],[121.5222304,24.835824899999995],[121.52126130000002,24.8362256]]}},{"type":"Feature","properties":{"name":"紅河谷越嶺步道","kind":"path"},"geometry":{"type":"LineString","coordinates":[[121.5282936,24.8757649],[121.52823030000002,24.875839600000003],[121.52804950000001,24.875762499999997],[121.5278995,24.875889],[121.5276235,24.875717699999996],[121.52745689999999,24.8757153],[121.5274117,24.875922399999997],[121.52704650000001,24.876125200000004],[121.52641289999998,24.87598779999999],[121.5259671,24.876036599999996],[121.5247856,24.875666499999998],[121.52456919999999,24.8760233],[121.5241378,24.8761665],[121.523747,24.876180699999995],[121.5236227,24.876359999999995],[121.52336870000002,24.8765227],[121.5228274,24.876453100000003],[121.5219687,24.8757153],[121.52158659999999,24.875481199999996],[121.52077750000001,24.875348399999996],[121.5204761,24.875073099999994],[121.5200659,24.8751911],[121.519714,24.875147799999997],[121.5195934,24.8750188],[121.51964849999999,24.8746581],[121.51958249999998,24.874422499999998],[121.51907130000001,24.8743337],[121.51866140000001,24.8744122],[121.51842590000001,24.8745553],[121.51782550000001,24.874296499999996],[121.5173702,24.873949699999994],[121.5173409,24.87375799999999],[121.51661969999999,24.8736528],[121.5162559,24.873452099999998],[121.516004,24.8733974],[121.5156448,24.8730794],[121.51523990000001,24.872865399999995],[121.515144,24.8727125],[121.51501760000001,24.872249999999998],[121.51510700000001,24.8717715],[121.51500880000002,24.8716265]]}},{"type":"Feature","properties":{"name":null,"kind":"path"},"geometry":{"type":"LineString","coordinates":[[121.531865,24.693418099999995],[121.53139780000001,24.693598599999998],[121.531103,24.6938664],[121.53055940000002,24.6941817],[121.53044810000002,24.694465399999995],[121.5300507,24.694713299999997],[121.5300027,24.6950902],[121.5298215,24.695355999999997],[121.5295486,24.695621799999998],[121.5290661,24.695907399999992],[121.5287321,24.6962248],[121.52870800000001,24.696339300000005],[121.5284773,24.696402099999993],[121.5283703,24.696542999999995],[121.52739810000001,24.6961573],[121.5272344,24.695951100000002]]}},{"type":"Feature","properties":{"name":null,"kind":"path"},"geometry":{"type":"LineString","coordinates":[[121.5312457,24.818149699999996],[121.531186,24.8178151],[121.5307645,24.8170784],[121.5308156,24.8169431],[121.53074369999999,24.816164000000004],[121.5306364,24.815618699999998],[121.5305152,24.81544339999999],[121.5304937,24.815092799999995],[121.53065790000001,24.814859599999995],[121.5316943,24.8149167]]}},{"type":"Feature","properties":{"name":null,"kind":"path"},"geometry":{"type":"LineString","coordinates":[[121.52849920000001,24.838550999999995],[121.52857660000001,24.8384561],[121.5283721,24.8381117],[121.52833710000002,24.837778999999994],[121.5285122,24.8376703],[121.5286172,24.8374279],[121.5291975,24.837653600000003],[121.5293725,24.837750599999996],[121.529472,24.83794779999999],[121.53008360000001,24.8382003],[121.5302077,24.837793500000004],[121.5303708,24.8376915],[121.5303726,24.837527599999998],[121.53022889999998,24.837384699999998],[121.5302262,24.8369157],[121.53013400000002,24.836709200000005],[121.5304684,24.8362561],[121.5308164,24.835123799999995],[121.5309482,24.835013400000005],[121.53107210000002,24.834715999999997],[121.5309952,24.834078199999997],[121.53126689999999,24.833266399999992]]}},{"type":"Feature","properties":{"name":null,"kind":"footway"},"geometry":{"type":"LineString","coordinates":[[121.53095160000001,24.85487219999999],[121.5306272,24.854740100000004],[121.53027149999998,24.854699399999998],[121.52992850000001,24.854901800000004],[121.5293997,24.854880299999998],[121.52905320000002,24.854532699999996],[121.5290481,24.854095399999995],[121.5288846,24.853931799999994],[121.52888149999998,24.853733599999995],[121.52855500000001,24.8535655],[121.52846460000002,24.8534406]]}},{"type":"Feature","properties":{"name":"紅河谷步道1號吊橋","kind":"path"},"geometry":{"type":"LineString","coordinates":[[121.5300828,24.875596199999997],[121.52998630000002,24.8756269]]}},{"type":"Feature","properties":{"name":null,"kind":"path"},"geometry":{"type":"LineString","coordinates":[[121.5306228,24.8768727],[121.5301566,24.876911499999995],[121.5301039,24.8771888],[121.5299458,24.877246200000002],[121.52981930000001,24.877169699999996],[121.5296507,24.877332299999992],[121.5294787,24.877323399999998],[121.5294043,24.877424700000002],[121.5291396,24.877447200000002],[121.52897420000001,24.877315899999996],[121.52891719999998,24.8773423],[121.52885530000002,24.877795499999998]]}},{"type":"Feature","properties":{"name":"向天湖山登山路線","kind":"path"},"geometry":{"type":"LineString","coordinates":[[121.53543280000001,24.891584299999998],[121.5350317,24.8907506],[121.5345382,24.890010900000004],[121.53455969999999,24.889796799999996],[121.53430220000001,24.8893881],[121.53389450000002,24.889173999999997],[121.5335082,24.888706799999998],[121.53316489999999,24.888006099999995],[121.53284299999999,24.8876362],[121.53249970000002,24.8875],[121.53151270000001,24.8867214],[121.53097620000001,24.885825999999994],[121.53059270000001,24.8853391],[121.5301608,24.8851058],[121.5296458,24.885047399999994],[121.52915229999999,24.884891600000003],[121.5287232,24.8843661],[121.52795070000002,24.8837626],[121.5272211,24.883860000000002],[121.5269851,24.8837821],[121.52649959999998,24.883405],[121.5259677,24.883674499999998],[121.52452470000001,24.8838813],[121.5241072,24.883638299999998]]}},{"type":"Feature","properties":{"name":null,"kind":"path"},"geometry":{"type":"LineString","coordinates":[[121.531865,24.693418099999995],[121.5318172,24.693063199999997],[121.5316696,24.692819499999995],[121.5319084,24.692700099999996]]}},{"type":"Feature","properties":{"name":"信福路2巷","kind":"unclassified"},"geometry":{"type":"LineString","coordinates":[[121.53245260000001,24.8399078],[121.5321701,24.840271799999996],[121.53155520000001,24.8407707],[121.53080999999999,24.8406313],[121.5305599,24.840716299999997],[121.5302816,24.8409854],[121.53018629999998,24.841000900000004],[121.52979020000001,24.8407683],[121.52970470000001,24.840893099999995],[121.53041600000002,24.8414464],[121.5306214,24.841480299999994],[121.5310015,24.841326199999994],[121.53134910000001,24.841551299999995],[121.5314957,24.841560199999996],[121.5328547,24.84076],[121.53326209999999,24.8403639],[121.53368500000002,24.840174999999995],[121.5342459,24.840120099999996],[121.53540759999998,24.8410187],[121.53545530000001,24.841237599999996],[121.53531510000002,24.841248899999993],[121.5352502,24.841011399999996],[121.5342693,24.8405734],[121.5339318,24.840564699999998],[121.53369340000002,24.84069699999999],[121.53291910000002,24.8413701],[121.53234930000002,24.8420566],[121.5316115,24.843599199999996],[121.531817,24.843505999999998],[121.53233070000002,24.842861799999998],[121.53274689999999,24.842503500000003],[121.5331246,24.841937999999995],[121.5332833,24.841878700000002],[121.5336417,24.841952799999998],[121.5341356,24.841908900000004],[121.53423920000002,24.841469799999995]]}},{"type":"Feature","properties":{"name":null,"kind":"path"},"geometry":{"type":"LineString","coordinates":[[121.5106599,24.6778],[121.5099689,24.678646400000005],[121.50994740000002,24.678997299999992],[121.51164260000002,24.679328799999997],[121.5127798,24.680537699999995],[121.513445,24.680693599999998],[121.5136811,24.680518199999998],[121.51404579999999,24.679679799999995],[121.5143421,24.679555699999998],[121.5152904,24.679816199999998],[121.51541420000001,24.679694499999997],[121.5155898,24.679720799999995],[121.51583729999999,24.679955300000003],[121.5162292,24.680822100000004],[121.5166028,24.6810427],[121.516416,24.681645300000003],[121.5165935,24.6816877],[121.5168176,24.681636799999993],[121.51754620000001,24.682179899999994],[121.51782639999999,24.682239399999997],[121.51842010000001,24.683098899999997],[121.51913159999998,24.6830878],[121.5195625,24.683342699999997],[121.52023740000001,24.683434999999996],[121.5209082,24.6838118],[121.5211115,24.683826599999993],[121.5213392,24.683608699999994],[121.522014,24.6836271],[121.5222417,24.6834646],[121.522699,24.683510000000002],[121.52284679999998,24.6840959],[121.523387,24.6845019],[121.52373300000001,24.685163599999996],[121.5240424,24.685557899999996],[121.5247412,24.6860234],[121.5249665,24.686500999999993],[121.5249128,24.6871249],[121.52421549999998,24.6884604],[121.5246339,24.6896497],[121.52507380000002,24.6899616],[121.52511670000001,24.6902053],[121.5249879,24.6906148],[121.52502009999999,24.6908584],[121.52548570000002,24.691568200000003],[121.5256131,24.692298200000003],[121.525514,24.6929445],[121.5255848,24.693340000000003],[121.5260838,24.6942211],[121.5265545,24.6948224],[121.52693670000001,24.695668099999992],[121.5272344,24.695951100000002]]}},{"type":"Feature","properties":{"name":null,"kind":"residential"},"geometry":{"type":"LineString","coordinates":[[121.51919890000002,24.832271699999996],[121.5194428,24.832212799999997],[121.5195139,24.832104499999996]]}},{"type":"Feature","properties":{"name":null,"kind":"service"},"geometry":{"type":"LineString","coordinates":[[121.51919890000002,24.832271699999996],[121.51917989999998,24.832104499999996],[121.51887950000001,24.832077699999996],[121.5185791,24.832464799999997],[121.5181835,24.832487899999993]]}},{"type":"Feature","properties":{"name":null,"kind":"track"},"geometry":{"type":"LineString","coordinates":[[121.5189658,24.836709399999997],[121.51911149999998,24.836446199999997],[121.51944050000002,24.836229100000004],[121.5194778,24.836040199999992],[121.519673,24.835941100000003],[121.5197395,24.8356958],[121.520246,24.835322999999995],[121.5202493,24.8352435],[121.52007279999998,24.8351638],[121.51981199999999,24.835266099999988]]}},{"type":"Feature","properties":{"name":null,"kind":"track"},"geometry":{"type":"LineString","coordinates":[[121.51835689999999,24.8370827],[121.5183257,24.836970400000002],[121.5186435,24.836654],[121.5186502,24.836028399999996],[121.5189841,24.8357826],[121.51904990000001,24.835360199999997],[121.5191343,24.835288399999996]]}},{"type":"Feature","properties":{"name":null,"kind":"footway"},"geometry":{"type":"LineString","coordinates":[[121.52353860000001,24.8608275],[121.52369820000001,24.8605626],[121.52370690000001,24.860386400000007],[121.52389119999998,24.860264599999997],[121.52392179999998,24.860086000000003],[121.52361380000002,24.8596323],[121.5234941,24.858920100000002],[121.52287889999998,24.858315299999997],[121.52254219999999,24.857829399999996],[121.5220692,24.8576441],[121.5217747,24.857128999999997],[121.52128719999999,24.856552199999992],[121.52130310000001,24.8562395],[121.52118069999999,24.855938900000005],[121.52060760000002,24.855704199999998],[121.5201949,24.855248499999995],[121.52018750000002,24.8550113],[121.52008340000002,24.854950899999995],[121.52011400000002,24.854843999999996],[121.52001449999999,24.854622799999998],[121.5196116,24.85443489999999],[121.5194794,24.854170799999995],[121.5191887,24.853982499999997],[121.51871840000001,24.853326499999994],[121.5185934,24.853314999999995],[121.5182118,24.853584299999998],[121.5178818,24.8535133],[121.51762090000001,24.8537073],[121.5165323,24.8533986],[121.5164333,24.853273700000003],[121.51592960000002,24.853067500000005],[121.51540280000002,24.853164599999996],[121.51459700000001,24.8528189],[121.5141853,24.852178900000002]]}},{"type":"Feature","properties":{"name":"札孔山路線","kind":"path"},"geometry":{"type":"LineString","coordinates":[[121.507058,24.7637707],[121.50686080000001,24.7624186],[121.5058094,24.7623212],[121.50559479999998,24.762555000000003],[121.5051872,24.7626719],[121.50486530000002,24.762477099999998],[121.5048009,24.7622627],[121.50439319999998,24.762165299999996],[121.50366370000002,24.762223799999997],[121.50334180000002,24.761873000000005],[121.50299850000002,24.761327499999997],[121.50301990000001,24.760957200000004],[121.503213,24.760528600000004],[121.5032345,24.760285],[121.5030306,24.760026899999996],[121.50307890000002,24.75972489999999],[121.50334180000002,24.7592815],[121.5034061,24.758950299999995],[121.50315940000002,24.758926],[121.50302680000001,24.7588355],[121.5029813,24.758595199999995],[121.5034491,24.758131900000002],[121.5041464,24.757749499999992],[121.5041247,24.7575244],[121.5044335,24.757177100000003],[121.50481130000001,24.757197999999995],[121.50490820000002,24.7571186],[121.50535889999999,24.757181999999993],[121.50647460000002,24.756650999999998],[121.5070754,24.7561322],[121.50748309999999,24.755910499999995],[121.50750460000002,24.755637699999998],[121.5078664,24.7555369],[121.50853730000001,24.755145799999998],[121.5091568,24.7552358],[121.5098327,24.7547292],[121.5101868,24.754663399999995],[121.5108141,24.754090000000005],[121.5110689,24.7537101],[121.51164860000002,24.7535747],[121.5119702,24.753296000000002],[121.51229240000002,24.753141100000004],[121.5125066,24.753098699999995],[121.5127135,24.7531655],[121.5131936,24.7529585],[121.5137541,24.752870700000003],[121.51406800000001,24.752734299999997],[121.5144891,24.752719700000004],[121.5146607,24.752527299999997],[121.51467380000001,24.7523704],[121.5155512,24.752071799999996],[121.51654089999998,24.751258200000002],[121.5169406,24.751187599999998],[121.5173134,24.7509733],[121.51764330000002,24.750948899999997],[121.51786570000002,24.750840699999998],[121.51797589999998,24.7506103],[121.5185768,24.7504642],[121.51903,24.750264399999995],[121.51959059999999,24.74945569999999],[121.51983710000002,24.748945599999995],[121.52015660000002,24.7486031],[121.5202309,24.748200799999996],[121.5201458,24.747563099999997],[121.52056660000001,24.747396400000003],[121.5212963,24.746808899999994],[121.5215556,24.746711],[121.521796,24.74623439999999],[121.5221034,24.7460475],[121.5222363,24.74605309999999],[121.522699,24.745560999999995],[121.5226936,24.745433099999996],[121.52287870000002,24.7451773],[121.52325450000001,24.744959100000003],[121.52363540000002,24.744605899999993],[121.5239797,24.744486399999996],[121.52420640000001,24.744266299999996],[121.5244872,24.7436011],[121.52478040000001,24.74346],[121.52495080000001,24.7432291],[121.52508879999999,24.7432651],[121.5254841,24.742900399999993],[121.5259858,24.742658099999996],[121.52630420000001,24.742335599999997],[121.52642120000002,24.741999899999996],[121.5265453,24.741888799999998],[121.52654330000001,24.7415782],[121.5266767,24.741615899999996],[121.5271234,24.741251300000002],[121.52734350000001,24.740857100000003],[121.5277078,24.740570099999996],[121.5281397,24.740520400000005],[121.52834,24.740192199999996],[121.52827560000001,24.7396779],[121.5289193,24.739210199999995],[121.5290508,24.7388021],[121.5290266,24.7384501],[121.5287262,24.738060299999997],[121.5283614,24.737767999999992],[121.52803359999999,24.736774499999996],[121.52734260000001,24.736476299999993],[121.5267541,24.736481899999998],[121.5267048,24.736148900000003],[121.5269227,24.735260899999997],[121.526515,24.7341891],[121.52653640000001,24.7336726],[121.5254099,24.732970999999996],[121.5249593,24.732980699999995],[121.5243692,24.733331500000002],[121.5234358,24.7324253],[121.5235851,24.730822999999997],[121.523864,24.730433199999997],[121.523864,24.7293028],[121.5239713,24.7284063],[121.5242932,24.7275292],[121.52405710000001,24.7267886],[121.52309150000002,24.725736100000002],[121.5236494,24.724020999999997],[121.52420730000001,24.7235337],[121.52442190000001,24.723124400000003],[121.5245507,24.7226176],[121.5228984,24.718310099999997],[121.5227053,24.716107500000003],[121.5194437,24.7139828],[121.5191004,24.7125794],[121.5198142,24.7118822],[121.52026950000001,24.711656899999998],[121.52034270000001,24.7111583],[121.520798,24.711073399999997],[121.52096470000001,24.710829599999997],[121.5208061,24.7106006],[121.5206069,24.7105489],[121.52042399999999,24.710360599999998],[121.5201028,24.7096219],[121.5207826,24.706373699999997],[121.5202676,24.703605600000003],[121.5204178,24.702903800000005],[121.52056800000001,24.7025919],[121.52039640000001,24.702026500000002],[121.521083,24.7004085],[121.5213405,24.6999796],[121.5214478,24.6991804],[121.52168380000002,24.698693],[121.5219842,24.6983811],[121.52191990000001,24.6973673],[121.52116890000002,24.69688],[121.52084700000002,24.6949889],[121.51940930000002,24.693156400000003],[121.51820770000002,24.692240099999996],[121.51754250000002,24.692240100000003],[121.51503199999999,24.690075999999998],[121.5144741,24.6886528],[121.514517,24.686196299999995],[121.5142908,24.685444300000004],[121.5138101,24.6843749]]}},{"type":"Feature","properties":{"name":null,"kind":"residential"},"geometry":{"type":"LineString","coordinates":[[121.5176832,24.8271062],[121.5173419,24.827043199999995],[121.51725520000001,24.8269246],[121.5172226,24.826589099999996],[121.51685370000001,24.8262886],[121.5168203,24.826371099999996],[121.51699110000001,24.826689900000005],[121.5168447,24.827038400000003],[121.5164092,24.8273613],[121.51642130000002,24.8272141]]}},{"type":"Feature","properties":{"name":null,"kind":"residential"},"geometry":{"type":"LineString","coordinates":[[121.5168447,24.827038400000003],[121.5167753,24.827310199999992]]}},{"type":"Feature","properties":{"name":null,"kind":"track"},"geometry":{"type":"LineString","coordinates":[[121.51941950000001,24.8368716],[121.5191367,24.836958099999993],[121.51865530000002,24.837270999999998],[121.5186182,24.837190599999992],[121.51884490000002,24.8370111],[121.5189658,24.836709399999997],[121.51835689999999,24.8370827],[121.5183216,24.837247899999998],[121.51820899999998,24.837330700000003],[121.5178134,24.8374731],[121.5180252,24.837243],[121.51803730000002,24.836707499999996],[121.51836320000001,24.8365566],[121.5182988,24.8360101],[121.51834310000001,24.835774],[121.51858309999999,24.835369999999998],[121.51863280000002,24.834980499999997],[121.5187588,24.8348405]]}},{"type":"Feature","properties":{"name":null,"kind":"track"},"geometry":{"type":"LineString","coordinates":[[121.51865530000002,24.837270999999998],[121.51845040000002,24.837560699999994]]}},{"type":"Feature","properties":{"name":"小小巫山線","kind":"path"},"geometry":{"type":"LineString","coordinates":[[121.51867780000002,24.8530704],[121.51832140000002,24.852369699999997]]}},{"type":"Feature","properties":{"name":"直接上稜","kind":"path"},"geometry":{"type":"LineString","coordinates":[[121.518611,24.853313199999995],[121.51867780000002,24.8530704]]}},{"type":"Feature","properties":{"name":null,"kind":"path"},"geometry":{"type":"LineString","coordinates":[[121.5192798,24.8734612],[121.5187447,24.8733819],[121.51860790000002,24.8734969],[121.51790719999998,24.8735272],[121.51754679999999,24.8733546],[121.5174234,24.8731094],[121.51671929999999,24.8730035],[121.51666260000002,24.872591799999995],[121.51651239999998,24.872485800000003],[121.51621880000002,24.8724858],[121.5161888,24.8722981],[121.51700610000002,24.8718432],[121.51742,24.871256699999996],[121.5181942,24.870517999999997],[121.51814080000001,24.8701911],[121.51827430000002,24.870148699999998],[121.51843780000002,24.869852],[121.51874810000001,24.8696613],[121.5187247,24.869403999999996],[121.5188382,24.8693162],[121.51894490000001,24.869049800000003],[121.51934540000002,24.868722799999997],[121.5191084,24.868074999999997],[121.5192052,24.867669299999996],[121.51915850000002,24.8673575],[121.51921190000002,24.8671546],[121.51891160000001,24.866803399999995],[121.5185979,24.8667005],[121.5185245,24.8664795],[121.518688,24.8661707],[121.5185412,24.865492599999996],[121.5190017,24.865198899999996],[121.519312,24.864587399999998],[121.5191452,24.863769899999994],[121.51902839999998,24.863663999999996],[121.51886150000001,24.8632643],[121.5180006,24.8631705],[121.5174233,24.8627687]]}},{"type":"Feature","properties":{"name":null,"kind":"path"},"geometry":{"type":"LineString","coordinates":[[121.5204761,24.875073099999994],[121.51995890000002,24.874821899999997],[121.5200536,24.874572200000003],[121.5201416,24.874526300000003],[121.5202871,24.873893099999997],[121.51988429999999,24.873709299999994],[121.51976760000001,24.873539599999997],[121.5195673,24.873583499999995],[121.5192798,24.8734612],[121.51941179999999,24.87312569999999],[121.519337,24.8729879],[121.51914769999999,24.872828099999996],[121.5184773,24.872586399999992],[121.51811350000001,24.872341200000005],[121.517573,24.8721081],[121.51708920000002,24.872044499999994]]}},{"type":"Feature","properties":{"name":"向天湖山登山路線","kind":"path"},"geometry":{"type":"LineString","coordinates":[[121.51184780000001,24.878727799999997],[121.51249320000001,24.878983500000004],[121.51305599999999,24.879049600000002],[121.5134724,24.879214299999997],[121.5145037,24.8794166],[121.5151056,24.879964299999997],[121.5158345,24.8799833],[121.51645670000002,24.880293199999997],[121.51721830000001,24.88047669999999],[121.51772439999999,24.8808907],[121.518504,24.881234500000005],[121.5193918,24.882025299999995],[121.5201964,24.882487599999997],[121.52063490000002,24.8831059],[121.52168770000002,24.883090999999997],[121.5229216,24.8834828],[121.5236726,24.8834488],[121.5241072,24.883638299999998]]}},{"type":"Feature","properties":{"name":null,"kind":"path"},"geometry":{"type":"LineString","coordinates":[[121.5069619,24.683138800000002],[121.5067169,24.681907999999996],[121.5063476,24.681209000000003],[121.50546299999999,24.679999799999997],[121.5051323,24.679713199999995],[121.504763,24.679545499999996],[121.5044752,24.679256800000005]]}},{"type":"Feature","properties":{"name":null,"kind":"residential"},"geometry":{"type":"LineString","coordinates":[[121.50770960000001,24.822875999999997],[121.5072958,24.822762200000003],[121.506933,24.8229539],[121.50623590000001,24.823087],[121.50559599999998,24.8236976],[121.50530219999999,24.824339099999996],[121.5048281,24.825071799999996]]}},{"type":"Feature","properties":{"name":null,"kind":"service"},"geometry":{"type":"LineString","coordinates":[[121.5071361,24.828442799999994],[121.50718000000002,24.828328499999998],[121.5074034,24.8283153],[121.5076819,24.8281357],[121.5078109,24.827830099999996]]}},{"type":"Feature","properties":{"name":null,"kind":"residential"},"geometry":{"type":"LineString","coordinates":[[121.50718000000002,24.828328499999998],[121.5069596,24.82813399999999]]}},{"type":"Feature","properties":{"name":null,"kind":"service"},"geometry":{"type":"LineString","coordinates":[[121.5071361,24.828442799999994],[121.5068471,24.828902000000003],[121.5063969,24.829140000000002],[121.5062477,24.82931119999999]]}},{"type":"Feature","properties":{"name":null,"kind":"path"},"geometry":{"type":"LineString","coordinates":[[121.514428,24.852586599999995],[121.5143664,24.852775099999995],[121.5140255,24.85311829999999],[121.5139508,24.853758099999997],[121.51326459999999,24.8547924],[121.5127655,24.8548986],[121.512291,24.8551055],[121.51209380000002,24.8552788],[121.51189040000001,24.8552732],[121.5116563,24.8554074],[121.51137280000002,24.855379399999993],[121.51100929999998,24.855468899999998],[121.5107874,24.8553906],[121.51073200000002,24.855289999999997],[121.5105101,24.855239699999995],[121.5102821,24.8549936],[121.50988779999999,24.854948899999997],[121.5097337,24.855021599999997],[121.50931469999999,24.8550216],[121.5091298,24.854797900000005],[121.5087354,24.854563099999993],[121.5084643,24.8545296],[121.50805760000001,24.8543339],[121.5078111,24.8541661],[121.5075523,24.853852999999997],[121.5073798,24.853478399999993],[121.50718880000001,24.8533554],[121.5071703,24.853081399999997],[121.5065972,24.852695600000004],[121.506018,24.852566999999997],[121.50579000000002,24.8526229],[121.5057283,24.852813000000005],[121.5050628,24.8528689],[121.5037996,24.852539],[121.5033374,24.8526005],[121.5028322,24.8525502],[121.5022591,24.851991099999992],[121.501877,24.8518513],[121.5017168,24.851700299999997],[121.50139019999999,24.851700299999997],[121.50114989999999,24.851795399999997],[121.5008726,24.851487799999997],[121.5008071,24.851257800000003],[121.49991440000001,24.850870899999997]]}},{"type":"Feature","properties":{"name":"卡拉莫基步道","kind":"path"},"geometry":{"type":"LineString","coordinates":[[121.5035245,24.7810311],[121.503979,24.780986899999995],[121.5041949,24.7810995],[121.5045181,24.7805735],[121.5045396,24.7801352],[121.504653,24.779828599999995],[121.5048247,24.779692199999996],[121.50508220000002,24.77963859999999],[121.50510689999999,24.779520299999998],[121.50491030000002,24.779219000000005],[121.50496520000002,24.7789291],[121.50512970000001,24.778634999999998],[121.5053174,24.778625300000005],[121.50539789999999,24.7785522],[121.5052237,24.778344399999998],[121.50514860000001,24.778056800000005],[121.50540660000001,24.7777508],[121.50541620000001,24.777266799999992],[121.5057644,24.775959900000004],[121.5066389,24.774660100000002],[121.5071805,24.774610899999995],[121.50736630000002,24.774688200000003],[121.5078228,24.775109799999996],[121.50838769999999,24.775341600000004],[121.5089758,24.775236299999996],[121.50915380000002,24.775264400000005],[121.50930080000002,24.775236299999996],[121.5096026,24.775004399999997],[121.51046929999998,24.774927099999996],[121.5105777,24.7746601],[121.51108070000001,24.77451959999999],[121.51126640000001,24.7743791],[121.51133960000001,24.774050199999998],[121.51145299999999,24.7739676],[121.5116851,24.774037699999994],[121.5118626,24.774267],[121.5119889,24.774626199999997],[121.51214930000002,24.7747365],[121.5123253,24.774606699999996],[121.512626,24.774549700000005],[121.51288559999999,24.774625800000003],[121.51356039999999,24.775021099999996],[121.51465360000002,24.775183399999996]]}},{"type":"Feature","properties":{"name":"信福路","kind":"tertiary"},"geometry":{"type":"LineString","coordinates":[[121.514769,24.8197849],[121.515628,24.818941200000005],[121.515746,24.818493400000005],[121.51575270000001,24.8180069],[121.51601489999999,24.817547799999996],[121.5160216,24.8172439],[121.5155059,24.8163149],[121.5148602,24.8160155],[121.51474219999999,24.815722599999994],[121.51486340000001,24.815288999999993],[121.5147612,24.8151046],[121.5146136,24.814987399999993],[121.5141923,24.8148905],[121.51365460000001,24.814622999999994],[121.51363980000002,24.814530600000005],[121.51388829999999,24.814081600000005],[121.513892,24.8136019],[121.513765,24.813334399999995],[121.51353699999999,24.8130913],[121.5132527,24.812101600000002],[121.5129634,24.8118109],[121.5130625,24.8108155],[121.51287810000001,24.810168799999996],[121.51272449999999,24.81002],[121.5128248,24.809831699999997],[121.5128116,24.8095739],[121.5125219,24.809116699999997],[121.51230930000001,24.8085331],[121.5119583,24.8079824],[121.51163989999999,24.807639499999993],[121.51129340000001,24.807438899999998],[121.51111250000001,24.807058299999998],[121.51076530000002,24.806880200000002],[121.5107055,24.806224799999995],[121.51058410000002,24.806035499999993],[121.5110893,24.803844399999996],[121.51123519999999,24.802794499999994],[121.51157210000001,24.802295799999996],[121.51156669999999,24.8019379],[121.511265,24.801522599999995],[121.5111306,24.8014581],[121.5099349,24.801464499999994],[121.5094102,24.801290699999996],[121.5085273,24.8014798],[121.507662,24.8014833],[121.50665340000002,24.8018184],[121.50587670000002,24.801833599999995],[121.50549309999998,24.8019128],[121.50533940000001,24.8018316],[121.50515370000001,24.8015544],[121.50479580000001,24.8012839],[121.5044638,24.800884899999996],[121.50391010000001,24.800898399999998],[121.5037083,24.800806]]}},{"type":"Feature","properties":{"name":null,"kind":"service"},"geometry":{"type":"LineString","coordinates":[[121.5103655,24.828993400000005],[121.50991290000002,24.8293818],[121.5099545,24.829492599999995],[121.51020790000001,24.829666600000003],[121.5101409,24.829805399999994]]}},{"type":"Feature","properties":{"name":null,"kind":"path"},"geometry":{"type":"LineString","coordinates":[[121.50736630000002,24.774688200000003],[121.5075916,24.7744552],[121.508148,24.7741836]]}},{"type":"Feature","properties":{"name":null,"kind":"unclassified"},"geometry":{"type":"LineString","coordinates":[[121.5035245,24.7810311],[121.5034232,24.781223500000003],[121.50234099999999,24.781458499999992],[121.5014624,24.782176799999995],[121.5013861,24.782318099999998],[121.5014464,24.7823479],[121.501834,24.782133100000003],[121.50241480000001,24.7819737],[121.50345550000002,24.7818386],[121.5040657,24.7816025],[121.50420509999998,24.781603699999998],[121.5047014,24.781841100000005],[121.5048449,24.7817073],[121.5049576,24.781286400000003],[121.5054886,24.781049099999994],[121.5061055,24.780625600000004],[121.5065696,24.7809086],[121.5068257,24.780802899999998],[121.50688330000001,24.780709999999996],[121.50673980000002,24.780413799999998],[121.5066884,24.7799823],[121.5067542,24.7792923],[121.50670360000001,24.7788223],[121.506789,24.778471199999995],[121.5060434,24.7767608],[121.5061603,24.776437800000004],[121.5066032,24.7757297],[121.50755930000001,24.7758983],[121.5079371,24.775889699999997],[121.50856910000002,24.7762293],[121.5089017,24.7763262],[121.50936699999998,24.776260700000005],[121.509713,24.7763287],[121.50995169999999,24.776245399999997],[121.5101234,24.7759573],[121.51027630000002,24.7758535],[121.5115477,24.7754945],[121.51171400000001,24.775604000000005],[121.51185620000001,24.776198599999994],[121.5120346,24.7763209],[121.5125576,24.7762744],[121.5129251,24.77605],[121.5133555,24.776035399999994],[121.5137525,24.776239],[121.5142943,24.776260000000004],[121.51468330000002,24.776448999999996],[121.5156274,24.776190700000008],[121.5159034,24.776541099999996]]}},{"type":"Feature","properties":{"name":null,"kind":"track"},"geometry":{"type":"LineString","coordinates":[[121.5084256,24.821490899999997],[121.50874440000001,24.821661499999998],[121.5092933,24.821685699999996],[121.5095387,24.8215761],[121.50961650000002,24.8216357],[121.5094708,24.8218126],[121.50873270000001,24.822109199999996],[121.5076411,24.822346599999992],[121.50757189999999,24.8224198],[121.5076083,24.8225982],[121.5080809,24.8228573]]}},{"type":"Feature","properties":{"name":null,"kind":"service"},"geometry":{"type":"LineString","coordinates":[[121.50770950000002,24.8286679],[121.5077256,24.8288377],[121.5079393,24.828974799999997],[121.50802130000001,24.829576499999998],[121.50793550000002,24.8296648]]}},{"type":"Feature","properties":{"name":null,"kind":"path"},"geometry":{"type":"LineString","coordinates":[[121.50670770000002,24.7757044],[121.50666769999998,24.776048799999998],[121.5068432,24.776493899999995],[121.5071147,24.776840799999995],[121.5074055,24.7769565],[121.50769150000002,24.7773907],[121.5081817,24.777617599999996],[121.5087334,24.778074899999993],[121.50899849999999,24.778422100000004],[121.50911909999999,24.778840200000005],[121.5098175,24.7796934],[121.5101387,24.7800065],[121.510849,24.780321300000004],[121.51117699999999,24.78067459999999],[121.5113044,24.780963100000005],[121.51179379999999,24.781580199999997],[121.5126502,24.782194200000003],[121.5129646,24.782768200000003],[121.5130852,24.783325100000003],[121.513437,24.7839114],[121.51360600000001,24.784048099999996],[121.51361680000001,24.7844659],[121.51349190000002,24.7846481],[121.51359400000001,24.7849176],[121.51384510000001,24.7850299],[121.51408420000001,24.785250299999998],[121.5143726,24.785253600000004],[121.5146141,24.785509900000005],[121.5148785,24.7855677],[121.51484890000002,24.785844799999992]]}},{"type":"Feature","properties":{"name":null,"kind":"service"},"geometry":{"type":"LineString","coordinates":[[121.5120342,24.8294115],[121.5118767,24.8295123],[121.5114942,24.829538599999992],[121.5113842,24.829279999999997],[121.51152169999999,24.8289037],[121.51070050000001,24.8291172],[121.51044,24.829084799999997],[121.5103413,24.8288927],[121.5103926,24.8282024]]}},{"type":"Feature","properties":{"name":null,"kind":"residential"},"geometry":{"type":"LineString","coordinates":[[121.51236830000002,24.828342899999996],[121.5124662,24.828589899999997],[121.51242389999999,24.828966700000002],[121.5120342,24.8294115],[121.51186550000001,24.8293265],[121.51196330000002,24.828922099999993]]}},{"type":"Feature","properties":{"name":null,"kind":"residential"},"geometry":{"type":"LineString","coordinates":[[121.5114942,24.829538599999992],[121.51119499999999,24.829645900000003]]}},{"type":"Feature","properties":{"name":null,"kind":"service"},"geometry":{"type":"LineString","coordinates":[[121.5118767,24.8295123],[121.5118315,24.8300094],[121.5116575,24.83010279999999],[121.5112617,24.83012529999999],[121.5111984,24.8302051],[121.5111874,24.8315366],[121.51094989999999,24.8315582],[121.5108078,24.8312121]]}},{"type":"Feature","properties":{"name":null,"kind":"path"},"geometry":{"type":"LineString","coordinates":[[121.5110082,24.87966],[121.51139650000002,24.8790781],[121.51162010000002,24.878945399999996],[121.51192100000002,24.878989599999997],[121.51184780000001,24.878727799999997]]}},{"type":"Feature","properties":{"name":null,"kind":"path"},"geometry":{"type":"LineString","coordinates":[[121.51842010000001,24.683098899999997],[121.51853990000001,24.6832046],[121.5184698,24.6834274],[121.5183507,24.683304300000003],[121.51740270000002,24.683285199999997],[121.5163316,24.683383799999998],[121.5159069,24.683499599999998],[121.5155883,24.683332399999998],[121.5147672,24.683390299999996],[121.5142576,24.683625],[121.5138101,24.6843749],[121.5132737,24.6844515],[121.5128419,24.684293899999993],[121.5127216,24.684107400000002],[121.5116421,24.68406879999999],[121.51142270000001,24.684435400000005],[121.51121740000002,24.684483599999997],[121.51014499999998,24.6838887],[121.50983010000002,24.683972299999997],[121.5091364,24.683367799999996],[121.5088639,24.6833742],[121.5085746,24.6835727],[121.50813470000001,24.683562899999995],[121.50710480000001,24.683329000000004],[121.5068044,24.6829293],[121.5055598,24.6824223],[121.5057422,24.681876399999997],[121.50550710000002,24.681513799999998],[121.50531300000002,24.681440999999992],[121.50470579999998,24.681602299999998]]}},{"type":"Feature","properties":{"name":null,"kind":"path"},"geometry":{"type":"LineString","coordinates":[[121.50634690000001,24.780821800000002],[121.5061234,24.78112],[121.50598170000002,24.782551299999994],[121.50631089999999,24.783251599999996],[121.5063118,24.783539899999994],[121.50652930000001,24.784038200000005],[121.50658870000001,24.784453199999998],[121.50639159999999,24.786124000000008],[121.50639159999999,24.7864973],[121.5065004,24.7868121],[121.50652930000001,24.788040099999993],[121.5066516,24.788248299999996],[121.50687700000002,24.7883524],[121.507017,24.788796],[121.5071274,24.788922499999998],[121.5076321,24.788981099999997],[121.50834410000002,24.7892511],[121.50880799999999,24.789459299999997],[121.5093076,24.789841900000003],[121.50975790000001,24.789778700000003],[121.51010620000001,24.789575099999997],[121.5108777,24.789539600000005],[121.51142660000001,24.7891832],[121.5120145,24.7885384],[121.51254470000002,24.7876821],[121.51279959999998,24.787524800000003],[121.5132329,24.7867673],[121.51401969999999,24.786358500000002],[121.5143646,24.786005200000005],[121.51454480000001,24.78592190000001],[121.51484890000002,24.785844799999992],[121.51566119999998,24.785806199999996],[121.5161744,24.786005199999998],[121.5166519,24.785957399999997],[121.51696620000001,24.785766100000004],[121.51730950000001,24.785712099999998],[121.5182985,24.7858324],[121.51869439999999,24.785718299999996],[121.5188677,24.78578],[121.5192399,24.7857167],[121.5196409,24.7857522],[121.519906,24.785548599999995],[121.5203257,24.785473000000003],[121.5203291,24.7850873],[121.52022029999999,24.7848497]]}},{"type":"Feature","properties":{"name":null,"kind":"path"},"geometry":{"type":"LineString","coordinates":[[121.51296060000001,24.810403700000006],[121.51290089999999,24.8105689],[121.51274270000002,24.810584999999996]]}},{"type":"Feature","properties":{"name":null,"kind":"footway"},"geometry":{"type":"LineString","coordinates":[[121.5125341,24.810053400000005],[121.5126841,24.8102888],[121.51274270000002,24.810584999999996],[121.51270860000001,24.8112772],[121.5121759,24.811968799999995],[121.51211249999999,24.81191529999999],[121.5121921,24.8116816],[121.51215050000002,24.8113145],[121.51200740000002,24.811123900000005],[121.511763,24.81121919999999]]}},{"type":"Feature","properties":{"name":null,"kind":"residential"},"geometry":{"type":"LineString","coordinates":[[121.51236839999999,24.8290778],[121.51226420000002,24.829327599999996]]}},{"type":"Feature","properties":{"name":"小巫山線","kind":"path"},"geometry":{"type":"LineString","coordinates":[[121.5141853,24.852178900000002],[121.5135818,24.852026999999993],[121.5134394,24.852113200000005],[121.5131896,24.851535500000004],[121.51290830000002,24.851157500000003],[121.51287359999999,24.851031599999992],[121.51297820000002,24.850772200000005]]}},{"type":"Feature","properties":{"name":null,"kind":"path"},"geometry":{"type":"LineString","coordinates":[[121.5137151,24.8717731],[121.51352550000001,24.871970500000007],[121.5137697,24.8720931],[121.51348479999999,24.872401399999998],[121.5136374,24.8727283],[121.51350750000002,24.8730411],[121.51353579999999,24.873201700000003],[121.5133305,24.873567699999995],[121.5129317,24.8738738],[121.5129271,24.874042900000003],[121.51259229999998,24.874292799999996],[121.5127057,24.875243099999995],[121.512787,24.875390700000004],[121.5126721,24.876106599999996],[121.512413,24.876600400000004],[121.5118742,24.877073399999997],[121.5120552,24.877957700000003],[121.5120552,24.878355999999997],[121.51196570000002,24.878628199999994],[121.51184780000001,24.878727799999997]]}},{"type":"Feature","properties":{"name":null,"kind":"path"},"geometry":{"type":"LineString","coordinates":[[121.5228039,24.757859099999997],[121.5225883,24.758447799999995],[121.52213869999999,24.758696999999998],[121.5214092,24.759749199999998],[121.5213233,24.760099899999993],[121.52040060000002,24.760645500000003],[121.5196496,24.761678199999988],[121.5197569,24.7619899],[121.51952090000002,24.762632899999996],[121.51849090000002,24.763251599999993],[121.5178794,24.76374360000001],[121.51714440000002,24.7647324],[121.51673139999998,24.765009999999993],[121.5161735,24.765984199999995],[121.5161735,24.7665688],[121.5160447,24.7673676],[121.5155512,24.7678352],[121.5152937,24.7683028],[121.5147358,24.7688484],[121.5136415,24.769530299999996],[121.5131077,24.7702293],[121.51276709999999,24.7709112],[121.51226820000001,24.771049999999992],[121.51153859999998,24.7710111],[121.5107232,24.771303299999996],[121.5101868,24.771751399999996],[121.5096718,24.771809900000004],[121.50941430000002,24.7722969],[121.5090066,24.7725502],[121.5085345,24.772608699999996],[121.5077406,24.772978899999995],[121.50703250000001,24.772881399999996],[121.5066248,24.7732126],[121.5058094,24.773056799999996],[121.5055519,24.773212599999997],[121.50561630000001,24.773543899999996],[121.50503030000002,24.774511100000005]]}},{"type":"Feature","properties":{"name":null,"kind":"path"},"geometry":{"type":"LineString","coordinates":[[121.51391839999998,24.775067899999996],[121.51407610000001,24.7751674],[121.51419280000002,24.7753994],[121.51436940000002,24.775491499999998]]}},{"type":"Feature","properties":{"name":null,"kind":"steps"},"geometry":{"type":"LineString","coordinates":[[121.5135733,24.7761364],[121.5143088,24.7758483],[121.51437790000001,24.775777299999998],[121.51444190000001,24.775274400000004],[121.51465360000002,24.775183399999996]]}},{"type":"Feature","properties":{"name":"五重橋","kind":"tertiary"},"geometry":{"type":"LineString","coordinates":[[121.5147985,24.8199327],[121.514769,24.8197849]]}},{"type":"Feature","properties":{"name":null,"kind":"residential"},"geometry":{"type":"LineString","coordinates":[[121.5140744,24.823405499999996],[121.5138584,24.823373899999996],[121.5135057,24.8235297]]}},{"type":"Feature","properties":{"name":null,"kind":"residential"},"geometry":{"type":"LineString","coordinates":[[121.5140279,24.823333800000004],[121.51453969999999,24.823595400000002],[121.514588,24.823703700000003]]}},{"type":"Feature","properties":{"name":null,"kind":"path"},"geometry":{"type":"LineString","coordinates":[[121.51500880000002,24.8716265],[121.5150127,24.871443999999997],[121.5154576,24.8712176],[121.5156024,24.8708964],[121.5159672,24.870614099999997],[121.51603160000002,24.8701079],[121.51592960000002,24.8698938],[121.51613880000001,24.8696066],[121.5163051,24.869519000000004],[121.5164714,24.869192900000005],[121.51625690000002,24.8684875],[121.5159317,24.8681777],[121.51570130000002,24.8678116],[121.5156663,24.8676207],[121.5155739,24.867535899999993],[121.51523240000002,24.8676097],[121.5146064,24.8671523],[121.51443559999998,24.866916199999995],[121.51436239999998,24.86666539999999],[121.51447630000001,24.8665916],[121.5151918,24.866584299999996],[121.515265,24.8665105],[121.5152487,24.866178499999997],[121.51497220000002,24.8658244],[121.5149316,24.865595699999993],[121.51504540000002,24.865462899999997],[121.51498849999999,24.8651752],[121.5146307,24.864909700000002],[121.5145738,24.8646219],[121.5146226,24.864481799999997],[121.5145413,24.8643121],[121.51441120000001,24.8642457],[121.51430550000002,24.8639432],[121.5144519,24.863397299999992],[121.5142974,24.863198099999998],[121.51428920000001,24.8629989],[121.514582,24.8628366],[121.5146307,24.8626965],[121.514273,24.862320199999996],[121.5142218,24.861989399999995],[121.51432180000002,24.8617227],[121.51409410000001,24.861626699999995],[121.5141429,24.8612874],[121.5139803,24.861117699999998],[121.51358190000002,24.8609259],[121.51320780000002,24.8608964],[121.5131834,24.860734099999995],[121.5133542,24.8604537],[121.51334610000002,24.8603136],[121.51331350000001,24.860254499999993],[121.51302080000002,24.8602767],[121.51289070000001,24.860158599999995],[121.5130452,24.859568399999997],[121.5129233,24.85917],[121.5129802,24.858852799999998],[121.51321599999999,24.8584913],[121.51350870000002,24.858439699999998],[121.5135737,24.858358499999998],[121.5135737,24.8580487],[121.51382580000002,24.857864199999998],[121.5138339,24.857583899999998],[121.5139803,24.857517500000004],[121.51410220000001,24.8575839],[121.5144437,24.8573699],[121.5148665,24.8573478],[121.5150861,24.8571264],[121.51507790000001,24.8569568],[121.51523240000002,24.8568461],[121.5158179,24.856912499999996],[121.5159805,24.8568313],[121.5160049,24.856233700000004],[121.5159073,24.856071399999998],[121.51596419999998,24.8559165],[121.5159805,24.854477799999994],[121.51582350000001,24.854134400000003],[121.51588880000001,24.8539395],[121.51580240000001,24.853695799999997],[121.5156273,24.8535708],[121.51545740000002,24.8531599]]}},{"type":"Feature","properties":{"name":null,"kind":"path"},"geometry":{"type":"LineString","coordinates":[[121.5157567,24.775183199999997],[121.5157908,24.77516929999999]]}},{"type":"Feature","properties":{"name":"哈盆越嶺步道","kind":"path"},"geometry":{"type":"LineString","coordinates":[[121.51465360000002,24.775183399999996],[121.51533209999998,24.775257600000007],[121.5157567,24.775183199999997]]}},{"type":"Feature","properties":{"name":"信福路120巷","kind":"unclassified"},"geometry":{"type":"LineString","coordinates":[[121.524325,24.824985399999996],[121.5236653,24.826392399999996],[121.52296769999998,24.827314199999993],[121.52279850000001,24.827748199999995],[121.52305790000001,24.829703500000004],[121.5230097,24.8299634],[121.5228438,24.8300756],[121.5226482,24.830366099999992],[121.52210240000001,24.83076189999999],[121.52198990000001,24.8311396],[121.52187490000001,24.831276200000005],[121.52153919999999,24.8314565],[121.5206869,24.83155779999999],[121.52048620000001,24.831676099999992],[121.52011499999999,24.83220169999999],[121.5198304,24.8324696],[121.5197003,24.832730099999996],[121.5193489,24.833062399999996],[121.51895689999999,24.8332363],[121.5185103,24.83322529999999],[121.5184701,24.8330586],[121.5189187,24.8327184],[121.51931030000001,24.8320611],[121.5194686,24.831637599999997],[121.5204449,24.830920699999997],[121.5214199,24.8298022],[121.52153380000001,24.829507599999996],[121.5212475,24.829127299999996],[121.5213315,24.8282688],[121.52126740000001,24.828048599999995],[121.5203513,24.827300099999995],[121.519423,24.827369099999995],[121.5190512,24.827211299999995],[121.51881410000001,24.826975999999995],[121.51829110000001,24.826975699999995],[121.5180698,24.8271345],[121.5176832,24.8271062],[121.5174448,24.826790200000005],[121.5173949,24.826420499999998],[121.5170507,24.826179000000003],[121.5167099,24.8256491],[121.516145,24.825755899999997],[121.5155281,24.8250779],[121.5150534,24.8248747],[121.5144233,24.824908900000008],[121.5135661,24.824106599999993],[121.51405080000002,24.8238109],[121.51413099999999,24.8235307],[121.5140279,24.823333800000004],[121.51318560000001,24.8230691],[121.5128509,24.8226205],[121.51271580000001,24.8222248],[121.51187150000001,24.821558399999994],[121.51164920000001,24.821321200000007],[121.51153699999999,24.8210137],[121.5112176,24.820845999999996],[121.5110658,24.820554599999998],[121.5106865,24.820549099999997],[121.5104294,24.820624599999988],[121.5103275,24.8207375],[121.51023099999999,24.821589299999996],[121.5099975,24.822069099999997],[121.5095581,24.822217500000004],[121.50914570000002,24.8222571],[121.5089273,24.822481399999994],[121.5083837,24.822786],[121.5077898,24.8228465],[121.50770960000001,24.822875999999997],[121.50772040000001,24.822946400000003],[121.5083641,24.823000999999998],[121.5090169,24.8228406],[121.50923199999998,24.8226934],[121.5097017,24.8226541],[121.51012510000001,24.822668499999995],[121.5104762,24.822966099999995],[121.5104522,24.823867499999995],[121.51015570000001,24.824524499999995],[121.50972130000001,24.825073199999995],[121.50995580000001,24.825255400000003],[121.511254,24.825626899999996],[121.51168160000002,24.825869100000002],[121.5118663,24.8264362],[121.5125857,24.827501199999997],[121.51258520000002,24.827940399999992],[121.512697,24.828162099999993],[121.512917,24.828349999999997],[121.5131017,24.828755699999995],[121.5130846,24.829407399999997],[121.5129407,24.8298356],[121.5128428,24.829886099999996],[121.51273049999999,24.829838799999997],[121.5128429,24.829438099999997],[121.51267650000001,24.828659899999998],[121.5120244,24.827969599999996],[121.51156340000001,24.827244300000004],[121.511139,24.826790799999994],[121.51072849999998,24.8265945],[121.5101432,24.826610299999995],[121.5095093,24.826391],[121.5090291,24.8263505],[121.5086169,24.826170999999995],[121.5083436,24.825809599999996],[121.50830060000001,24.825516799999995],[121.508152,24.825271499999996],[121.50782930000001,24.8249096],[121.5076534,24.824835799999992],[121.50743689999999,24.824847399999996],[121.50735280000002,24.8249403],[121.5071633,24.825754599999993],[121.5071549,24.826257999999992],[121.50696520000001,24.8266558],[121.5066977,24.826977099999997],[121.5066788,24.8273699],[121.50657160000002,24.827671600000002],[121.50672090000002,24.827728099999998],[121.5069132,24.8271654],[121.5073052,24.826765999999992],[121.50749210000001,24.826732599999996],[121.508107,24.8268179],[121.5084773,24.8269936],[121.5086063,24.827192],[121.50850160000002,24.8275085],[121.5078073,24.828624699999995],[121.50770950000002,24.8286679],[121.5071361,24.828442799999994]]}},{"type":"Feature","properties":{"name":null,"kind":"path"},"geometry":{"type":"LineString","coordinates":[[121.51525009999999,24.871675199999995],[121.5155098,24.871718700000006],[121.5159756,24.8713396],[121.5161293,24.871545700000002]]}},{"type":"Feature","properties":{"name":"渡溪(較好走)","kind":"path"},"geometry":{"type":"LineString","coordinates":[[121.5150248,24.8720119],[121.51525009999999,24.871675199999995],[121.51500880000002,24.8716265]]}},{"type":"Feature","properties":{"name":null,"kind":"path"},"geometry":{"type":"LineString","coordinates":[[121.5376488,24.6923791],[121.5375346,24.693139199999994],[121.53736699999999,24.693575],[121.53739999999999,24.6939382],[121.5375879,24.694128499999998],[121.53844700000002,24.6941331],[121.53866909999999,24.694340599999997],[121.5387503,24.694597799999997],[121.53873000000002,24.695005900000005],[121.5385498,24.6952446],[121.5383696,24.695717299999995],[121.5384077,24.696810299999996],[121.53864750000001,24.697980599999998],[121.53812849999998,24.698814199999997],[121.53798380000002,24.699338799999996],[121.53818180000002,24.699734299999992],[121.538914,24.700402999999998],[121.5390549,24.7006762],[121.53906000000002,24.700996599999993],[121.5404902,24.7017124],[121.54120589999998,24.702299200000002],[121.5415765,24.7032216],[121.5418658,24.703461399999995],[121.54219200000001,24.703998600000002],[121.54299400000001,24.704418299999993],[121.54353589999998,24.7049867],[121.54353589999998,24.7051965],[121.5433316,24.7054317],[121.54344330000002,24.705597700000002],[121.54381639999998,24.7057326],[121.54561970000002,24.705893999999997],[121.5458887,24.705983899999993],[121.54598010000001,24.7059424],[121.54613370000001,24.705658799999995],[121.546607,24.7055262],[121.5469433,24.705671499999994],[121.5474827,24.706047299999998],[121.54740650000001,24.706356299999996],[121.54749280000001,24.706727500000003],[121.54704609999999,24.7069869],[121.546904,24.707418099999998],[121.54650550000001,24.7075738],[121.5461222,24.707934599999998],[121.54620459999998,24.708161500000003],[121.5466937,24.7086982],[121.54670190000002,24.708978899999995],[121.5471084,24.709318699999994],[121.54731979999998,24.710035199999993],[121.54786460000001,24.7105965],[121.5485151,24.71248],[121.5501006,24.713986799999997],[121.55012500000001,24.714245299999998],[121.5492712,24.7154936],[121.5493282,24.7157226],[121.54922250000001,24.7161362],[121.54947449999999,24.7169043],[121.5495883,24.717569099999995],[121.5501087,24.718883800000004],[121.5501575,24.719304799999993],[121.55003549999999,24.7194377],[121.5495772,24.720559099999992],[121.5490193,24.720734500000002],[121.54824689999998,24.721416699999995],[121.54732419999999,24.723736099999996],[121.5462671,24.7237956],[121.5462346,24.723585100000005],[121.5446247,24.722170799999994],[121.5436908,24.7229646],[121.54285020000002,24.722972999999996],[121.5423085,24.722862699999997],[121.542047,24.7232615],[121.54177610000002,24.723354799999992],[121.541608,24.7238638],[121.54164540000001,24.726629499999987],[121.5412253,24.7267365],[121.54079860000002,24.726985499999998],[121.5401763,24.727628699999997],[121.53948430000001,24.7276628],[121.5379153,24.728966799999995],[121.53667930000002,24.731403899999997],[121.5348092,24.733589900000002],[121.53417500000002,24.733442199999995],[121.53380099999998,24.733619399999995],[121.5338823,24.7339887],[121.53354080000001,24.734180699999992],[121.53298790000001,24.734298800000005],[121.53245130000002,24.7348453],[121.53144300000001,24.735022599999997],[121.53105269999999,24.735450900000004],[121.5307112,24.735436099999998],[121.5292314,24.736115500000007],[121.5287436,24.736189400000004],[121.52803359999999,24.736774499999996]]}},{"type":"Feature","properties":{"name":null,"kind":"path"},"geometry":{"type":"LineString","coordinates":[[121.54406290000001,24.771696],[121.54405930000001,24.771386],[121.54416230000001,24.771288100000003],[121.5440886,24.7711006],[121.5442959,24.771102299999995],[121.54476140000001,24.770750099999997],[121.54469240000002,24.770546699999997],[121.5445098,24.7704682],[121.5443926,24.770278599999997],[121.5439611,24.7693526],[121.5436953,24.7689862],[121.54355719999998,24.7689112],[121.54336890000002,24.768320399999997],[121.5434129,24.768078499999998],[121.5440796,24.767310600000002],[121.544602,24.766969900000003],[121.54502279999998,24.766439399999996],[121.54526069999999,24.765901699999997],[121.54502279999998,24.7656125],[121.5449169,24.764973799999996],[121.5450988,24.764507399999992],[121.5454978,24.76408109999999],[121.5455919,24.763205599999996],[121.54579010000002,24.7628925],[121.5458035,24.7626538],[121.54597029999998,24.7622915],[121.5453643,24.761699399999998],[121.545283,24.7611678],[121.5455353,24.7610464],[121.54546830000001,24.760890500000002],[121.5457283,24.7606885],[121.5465096,24.760308399999992],[121.5468327,24.7603217],[121.5471071,24.7601988],[121.5471863,24.760022999999997],[121.5474825,24.759788999999998],[121.5474426,24.75962369999999],[121.5480432,24.759529],[121.54822540000002,24.759087],[121.54810490000001,24.7579531],[121.54789300000002,24.757293],[121.5473673,24.7567886],[121.5473196,24.756504799999995],[121.5469583,24.756350899999994],[121.54660020000001,24.754404399999995],[121.54640500000001,24.7540353],[121.5458722,24.754003000000004],[121.54573350000001,24.753363699999998],[121.54573430000002,24.753000800000002],[121.54603050000001,24.752573799999997],[121.5458521,24.7517019],[121.54585179999998,24.751276699999995],[121.54566110000002,24.7507023],[121.54525619999998,24.7504992],[121.54516250000002,24.749898099999996],[121.54494319999999,24.749568399999994],[121.5446395,24.749257399999994],[121.54414940000001,24.749023799999993],[121.54441679999998,24.748339099999992],[121.54423450000002,24.748005400000004],[121.5438705,24.747859099999996],[121.5435129,24.748095499999994],[121.5430226,24.747699800000003],[121.5419815,24.74778819999999],[121.54172309999998,24.747045199999995],[121.542074,24.746590299999998],[121.5421325,24.7460674],[121.5416488,24.745269899999997],[121.5409917,24.745082299999996],[121.5408207,24.744825599999995],[121.54098950000001,24.744517399999996],[121.54064830000002,24.743387299999995],[121.54029160000002,24.7430337],[121.540136,24.742757799999996],[121.5397031,24.7424703],[121.5388834,24.7420057],[121.53832109999999,24.741914399999995],[121.5378454,24.741472200000004],[121.53760670000001,24.741438099999993],[121.5371722,24.7412018],[121.5371361,24.740934799999998],[121.5364515,24.740706699999997],[121.53602239999998,24.740714100000005],[121.5349486,24.740473499999997],[121.5347617,24.740289699999995],[121.53322010000001,24.740446499999994],[121.53282400000002,24.7403552],[121.53245,24.7404986],[121.5316813,24.7410134],[121.53137859999998,24.7408693],[121.531195,24.740935299999997],[121.53104829999998,24.7411359],[121.5309025,24.7411409],[121.5307675,24.741396899999998],[121.52990899999999,24.741063999999998]]}},{"type":"Feature","properties":{"name":null,"kind":"path"},"geometry":{"type":"LineString","coordinates":[[121.5393543,24.8063973],[121.53918789999999,24.806033699999993],[121.53917560000001,24.8057484],[121.53887370000001,24.805474299999997],[121.5388244,24.805289800000004],[121.5389291,24.804797499999996],[121.53881200000001,24.804573799999996],[121.53884280000001,24.8043165],[121.5386641,24.8040648],[121.53848850000001,24.803414899999996],[121.53854750000002,24.8032785],[121.5390464,24.8028549],[121.53921810000001,24.802421499999998],[121.5393629,24.8022949],[121.5394861,24.8016219],[121.53992980000001,24.800267499999997],[121.53991810000001,24.800025800000004],[121.54003249999998,24.7998329],[121.54046920000002,24.7995722],[121.54055320000002,24.799230900000005],[121.54090859999998,24.798605599999995],[121.54067860000002,24.797651399999996],[121.5407989,24.797147],[121.54100059999999,24.796867399999996],[121.5412077,24.796730899999996]]}},{"type":"Feature","properties":{"name":"信賢步道","kind":"footway"},"geometry":{"type":"LineString","coordinates":[[121.5398277,24.8399086],[121.5399597,24.8399426]]}},{"type":"Feature","properties":{"name":null,"kind":"path"},"geometry":{"type":"LineString","coordinates":[[121.54265130000002,24.8521597],[121.54249469999999,24.852029599999995],[121.5417179,24.8518924],[121.540419,24.8520377],[121.53988720000001,24.851949399999995],[121.5394492,24.8520449],[121.5383732,24.8518388],[121.53767900000001,24.852020299999996]]}},{"type":"Feature","properties":{"name":null,"kind":"track"},"geometry":{"type":"LineString","coordinates":[[121.5406578,24.85584679999999],[121.5405873,24.8561127],[121.5408264,24.856405499999997],[121.5409504,24.856731999999997],[121.54098230000001,24.8571415],[121.54075810000002,24.857403799999997],[121.5397901,24.8579567],[121.53951550000001,24.858287]]}},{"type":"Feature","properties":{"name":null,"kind":"track"},"geometry":{"type":"LineString","coordinates":[[121.53991420000001,24.859381000000003],[121.53961210000001,24.859361]]}},{"type":"Feature","properties":{"name":null,"kind":"track"},"geometry":{"type":"LineString","coordinates":[[121.54009030000002,24.859097200000004],[121.54001500000001,24.859137299999997],[121.53988549999998,24.8595559],[121.5396722,24.8599177],[121.5397485,24.8601425]]}},{"type":"Feature","properties":{"name":null,"kind":"residential"},"geometry":{"type":"LineString","coordinates":[[121.540032,24.861915099999997],[121.53994690000002,24.861959000000002],[121.53987979999998,24.8621595],[121.5399167,24.8625193],[121.5402762,24.863390199999994],[121.5401634,24.8633962],[121.53980749999998,24.862939799999996],[121.539729,24.863187],[121.5399174,24.863543300000003],[121.539674,24.863507]]}},{"type":"Feature","properties":{"name":"加九寮路","kind":"unclassified"},"geometry":{"type":"LineString","coordinates":[[121.54010600000001,24.884429200000003],[121.5400752,24.884329099999995],[121.54015100000001,24.8842277],[121.540535,24.884125699999995],[121.5405249,24.883981899999995],[121.5396083,24.884004799999996],[121.5388018,24.88434589999999]]}},{"type":"Feature","properties":{"name":"哈盆越嶺步道","kind":"path"},"geometry":{"type":"LineString","coordinates":[[121.5157908,24.77516929999999],[121.5159085,24.7750087],[121.5157819,24.774831799999998],[121.5162953,24.774672199999998],[121.51644960000002,24.7743248],[121.5168327,24.7740947],[121.5169974,24.773765899999994],[121.5174627,24.7739069],[121.5175472,24.773673299999995],[121.51800799999998,24.773379999999996],[121.51810689999999,24.7730583],[121.51848170000001,24.772929099999995],[121.5184783,24.7726257],[121.51876799999998,24.772158999999995],[121.5191107,24.772156900000002],[121.51997399999999,24.771866200000005],[121.5204266,24.772076799999997],[121.5206476,24.771829999999998],[121.5208778,24.771796599999995],[121.52116539999999,24.771982000000005],[121.5221943,24.772314199999997],[121.5225927,24.772694799999996],[121.5230851,24.7726738],[121.52337630000001,24.77285399999999],[121.52375010000002,24.772672399999998],[121.5239138,24.7724615],[121.52474340000002,24.772346499999998],[121.52489880000002,24.772046399999994],[121.5250965,24.7719527],[121.5258534,24.772012099999994],[121.52625430000002,24.771320799999998],[121.5266878,24.771086200000003],[121.52684060000001,24.771114199999996],[121.5272008,24.771363299999994],[121.52738970000001,24.771281199999997],[121.52799939999998,24.771507900000003],[121.5288242,24.772114799999997],[121.5293697,24.7728849],[121.52952910000002,24.772890099999994],[121.5301518,24.772644700000004],[121.53076550000002,24.7727384],[121.53182740000001,24.772768499999998],[121.5326058,24.773234899999995],[121.53307910000001,24.773416099999995],[121.53350500000002,24.7737323],[121.5337697,24.7741268],[121.53399800000001,24.7741887],[121.53391610000001,24.7734486],[121.5339747,24.7729486],[121.5353051,24.7725102],[121.5359124,24.7728098],[121.53657790000001,24.7732513],[121.5370356,24.7733752],[121.5371541,24.772985799999997],[121.5377818,24.772658099999997],[121.53799500000001,24.7723169],[121.5384415,24.771898900000004],[121.5385268,24.771358299999996],[121.5389537,24.7714784],[121.5391144,24.7717319],[121.53930310000001,24.7717822],[121.5395285,24.772289],[121.5398222,24.772383600000005],[121.5399563,24.7727234],[121.5403935,24.7725462],[121.540534,24.772398399999993],[121.5417934,24.7723204],[121.54203680000002,24.7717383],[121.5424009,24.771540400000003],[121.5426869,24.771655399999993],[121.54368130000002,24.77175259999999],[121.54406290000001,24.771696],[121.5442731,24.771894099999994],[121.54437070000002,24.772223899999993],[121.544665,24.7721276],[121.5450246,24.7721917],[121.54563390000001,24.771970499999995],[121.5459532,24.771973199999998],[121.54612780000001,24.771787899999996],[121.54608120000002,24.771381599999998],[121.5458332,24.771275500000005],[121.54562700000001,24.771285000000002],[121.5453645,24.771437599999995],[121.5452215,24.771377300000005],[121.54518540000001,24.771235299999997],[121.5455362,24.7704182],[121.5453241,24.769094],[121.5454027,24.768943599999997],[121.5456662,24.768851000000005],[121.5460853,24.768821699999997],[121.54724520000002,24.7689181],[121.5474771,24.768825699999997],[121.54775770000002,24.768207999999998],[121.547342,24.76712909999999],[121.54731,24.766781399999992],[121.54819939999999,24.7662294],[121.5484524,24.7657896],[121.54863629999998,24.765046699999992],[121.54892550000001,24.764675600000004],[121.54932780000001,24.7644807],[121.5497473,24.7644543],[121.55040070000001,24.764539199999998],[121.5506046,24.764490499999997],[121.5508556,24.7642698],[121.55105410000002,24.7642211],[121.5513545,24.7640116],[121.55202080000001,24.7639595],[121.5519822,24.7638363],[121.5522289,24.7636122],[121.5527064,24.763529400000003],[121.55352180000001,24.7634758],[121.55369230000001,24.763550799999997],[121.55386510000001,24.763797299999997],[121.5540528,24.763694999999988],[121.5546011,24.763711099999995],[121.5552813,24.7634271],[121.5554637,24.763037399999998],[121.555674,24.762990199999997],[121.5558499,24.7630764],[121.55604950000001,24.762887900000003],[121.5563434,24.762803599999998],[121.55641320000001,24.762710999999996],[121.55727150000001,24.7622921],[121.5583926,24.761020699999992],[121.5587145,24.761030499999993],[121.5591222,24.7612205],[121.559134,24.761309599999997],[121.55935289999998,24.7613276],[121.55942260000002,24.761254599999997]]}},{"type":"Feature","properties":{"name":null,"kind":"path"},"geometry":{"type":"LineString","coordinates":[[121.53852359999999,24.7714873],[121.5386474,24.771517299999992],[121.53873129999998,24.7716491],[121.5387649,24.771972000000005],[121.5386135,24.772321199999997],[121.5387737,24.7733515],[121.53874139999999,24.7741091],[121.53867000000001,24.774289599999996],[121.5387601,24.774571099999992],[121.538688,24.774869999999996],[121.5385715,24.775001999999997],[121.5385775,24.775294399999993],[121.5382591,24.775570400000003],[121.53823740000001,24.775705699999996],[121.5383756,24.7759435],[121.53856070000002,24.776621000000002],[121.53864840000001,24.776703899999998],[121.538539,24.7769919],[121.53942489999999,24.7773392],[121.5395693,24.777539800000003],[121.5398055,24.777637],[121.53994489999998,24.778112199999992],[121.5402389,24.778537999999998],[121.53993409999998,24.77880959999999],[121.53962040000002,24.7796016],[121.53960960000002,24.78006089999999],[121.5398079,24.7804809],[121.53963970000001,24.780613999999996],[121.53961200000002,24.780872500000005],[121.53922990000001,24.781330700000005],[121.5389223,24.7814976],[121.53864720000001,24.781456200000004],[121.5385282,24.781514],[121.5381173,24.782105299999998],[121.53848379999998,24.7830795],[121.53841890000001,24.783558400000004],[121.53846689999999,24.783764599999998],[121.5383732,24.7841267],[121.5385084,24.785014199999996],[121.53841709999999,24.785392700000003],[121.5384146,24.7859581],[121.5385432,24.786477299999994],[121.53848310000001,24.7871209],[121.5385853,24.787845299999994],[121.53847350000001,24.7880525],[121.53802169999999,24.788154],[121.53783839999998,24.788487599999996],[121.537101,24.788674299999997],[121.5366354,24.788944300000004],[121.53634990000002,24.789504299999994],[121.53520539999998,24.790234700000003],[121.534976,24.790777799999997],[121.53461580000001,24.790939700000003],[121.53447380000001,24.791140699999996]]}},{"type":"Feature","properties":{"name":null,"kind":"path"},"geometry":{"type":"LineString","coordinates":[[121.5392666,24.831355999999996],[121.53899550000001,24.831191699999998],[121.5388535,24.831273],[121.5385285,24.831300199999998],[121.5382856,24.831527299999998],[121.53810630000001,24.831371400000002],[121.5376057,24.8314663],[121.5375085,24.8318291],[121.53723580000002,24.832151199999995],[121.53727259999998,24.832281100000003]]}},{"type":"Feature","properties":{"name":null,"kind":"track"},"geometry":{"type":"LineString","coordinates":[[121.5383953,24.860281000000004],[121.53841,24.8604587],[121.5382665,24.8608335]]}},{"type":"Feature","properties":{"name":null,"kind":"track"},"geometry":{"type":"LineString","coordinates":[[121.53770779999999,24.860487499999998],[121.537191,24.8605086],[121.5371381,24.8606755],[121.5371977,24.860901599999995],[121.537419,24.861064699999996],[121.5375826,24.8613178],[121.5375973,24.8617728],[121.5377596,24.862023500000003],[121.53768449999998,24.8621148]]}},{"type":"Feature","properties":{"name":"加九寮路","kind":"service"},"geometry":{"type":"LineString","coordinates":[[121.53861050000002,24.884468],[121.5383602,24.884545399999997],[121.5378925,24.884935400000003],[121.5376912,24.885350100000004],[121.53770610000001,24.885473800000007]]}},{"type":"Feature","properties":{"name":null,"kind":"path"},"geometry":{"type":"LineString","coordinates":[[121.5374604,24.888738699999998],[121.5375286,24.888622999999995],[121.53735859999999,24.888388299999995],[121.5376318,24.888142500000004],[121.5378031,24.887837799999996],[121.5377834,24.8877372],[121.5379324,24.887654199999997],[121.53783350000002,24.887359799999995],[121.53814379999999,24.8873046],[121.53792470000002,24.887164600000002],[121.5380425,24.886941399999998],[121.53786890000002,24.88698],[121.53784340000001,24.886754]]}},{"type":"Feature","properties":{"name":null,"kind":"path"},"geometry":{"type":"LineString","coordinates":[[121.53590749999998,24.8918611],[121.5360642,24.8918187],[121.5377827,24.8923949],[121.5385393,24.893047200000005],[121.53878210000002,24.893352199999995],[121.54000639999998,24.893690199999998]]}},{"type":"Feature","properties":{"name":"波露南山山徑","kind":"path"},"geometry":{"type":"LineString","coordinates":[[121.5385268,24.771358299999996],[121.5383251,24.7703204],[121.5382384,24.768505099999995],[121.53802649999999,24.768403699999997]]}},{"type":"Feature","properties":{"name":null,"kind":"unclassified"},"geometry":{"type":"LineString","coordinates":[[121.54002320000001,24.854577999999997],[121.5398091,24.8542454],[121.5392692,24.8539126],[121.5387817,24.8534516],[121.53878,24.853166299999998],[121.53862110000001,24.8528499],[121.53767900000001,24.852020299999996],[121.5371337,24.851783799999993],[121.53704650000002,24.851624300000005],[121.5370392,24.851311899999995]]}},{"type":"Feature","properties":{"name":"西羅岸路","kind":"unclassified"},"geometry":{"type":"LineString","coordinates":[[121.54002320000001,24.854577999999997],[121.53961749999999,24.854914599999997],[121.53951480000002,24.855169799999995],[121.53868500000002,24.8562934],[121.53854060000002,24.856708699999995],[121.5381635,24.857101],[121.5374469,24.8576225]]}},{"type":"Feature","properties":{"name":null,"kind":"track"},"geometry":{"type":"LineString","coordinates":[[121.540185,24.857736799999998],[121.54040920000001,24.856794399999995],[121.54018540000001,24.856464600000002],[121.54008910000002,24.8564878],[121.54011200000001,24.856792699999993],[121.5399818,24.8568802],[121.5398267,24.856676],[121.53959,24.856584300000005],[121.5395132,24.85636789999999],[121.53899200000001,24.8564154],[121.53884709999998,24.8568171],[121.5381635,24.857101]]}},{"type":"Feature","properties":{"name":null,"kind":"track"},"geometry":{"type":"LineString","coordinates":[[121.53778770000001,24.8599022],[121.5376597,24.860384800000002],[121.53779600000001,24.8608541],[121.5380429,24.861060799999994],[121.5381259,24.8606056],[121.53847169999999,24.8601747],[121.53846870000001,24.859927],[121.5387962,24.859974000000005],[121.53898500000001,24.85991139999999],[121.53902850000001,24.859384999999996],[121.53961210000001,24.859361]]}},{"type":"Feature","properties":{"name":"環河二號橋","kind":"unclassified"},"geometry":{"type":"LineString","coordinates":[[121.5388018,24.88434589999999],[121.53861050000002,24.884468]]}},{"type":"Feature","properties":{"name":null,"kind":"residential"},"geometry":{"type":"LineString","coordinates":[[121.5385261,24.884494499999995],[121.53857360000002,24.884849699999997],[121.5384752,24.8849274]]}},{"type":"Feature","properties":{"name":null,"kind":"path"},"geometry":{"type":"LineString","coordinates":[[121.5381431,24.887305299999998],[121.53868500000002,24.8876725],[121.5388513,24.887706600000005],[121.53952720000001,24.887750399999994],[121.5400341,24.887678599999997]]}},{"type":"Feature","properties":{"name":"加九寮景觀橋","kind":"unclassified"},"geometry":{"type":"LineString","coordinates":[[121.5404249,24.884825899999992],[121.54010600000001,24.884429200000003]]}},{"type":"Feature","properties":{"name":null,"kind":"unclassified"},"geometry":{"type":"LineString","coordinates":[[121.54045249999999,24.8848595],[121.5399245,24.8853783],[121.5397994,24.885613800000005],[121.53981100000001,24.885827699999997]]}},{"type":"Feature","properties":{"name":null,"kind":"path"},"geometry":{"type":"LineString","coordinates":[[121.5400341,24.887678599999997],[121.5401709,24.887687100000004]]}},{"type":"Feature","properties":{"name":null,"kind":"path"},"geometry":{"type":"LineString","coordinates":[[121.5401709,24.887687100000004],[121.54025140000002,24.88775529999999]]}},{"type":"Feature","properties":{"name":null,"kind":"path"},"geometry":{"type":"LineString","coordinates":[[121.54123760000002,24.7023534],[121.54051330000001,24.702875100000004],[121.540227,24.7029076]]}},{"type":"Feature","properties":{"name":null,"kind":"path"},"geometry":{"type":"LineString","coordinates":[[121.5394505,24.773236000000004],[121.5395156,24.773669600000005],[121.53986200000001,24.7739694],[121.5406227,24.773435900000003]]}},{"type":"Feature","properties":{"name":null,"kind":"path"},"geometry":{"type":"LineString","coordinates":[[121.5387493,24.7720408],[121.53896919999998,24.772432499999997],[121.539338,24.772827999999997],[121.5393924,24.773170499999996],[121.5396677,24.7733804],[121.54029979999999,24.773368000000005],[121.5413704,24.7735223],[121.54222,24.7736735],[121.5426177,24.7738648],[121.5435387,24.773729000000003],[121.54361680000001,24.773904899999998],[121.5434673,24.7744141],[121.5430445,24.774807400000004],[121.54271040000002,24.7749274],[121.542422,24.775128100000003],[121.5421841,24.775514399999995],[121.5421361,24.776173299999996],[121.54180799999999,24.776540999999995],[121.54166510000002,24.776843099999997],[121.54172990000002,24.777205299999995],[121.54134179999998,24.7774541],[121.54081550000001,24.7779625],[121.54055840000001,24.7780759],[121.5402389,24.778537999999998]]}},{"type":"Feature","properties":{"name":null,"kind":"path"},"geometry":{"type":"LineString","coordinates":[[121.5412077,24.796730899999996],[121.54122590000001,24.796657200000002]]}},{"type":"Feature","properties":{"name":null,"kind":"path"},"geometry":{"type":"LineString","coordinates":[[121.53131130000001,24.8333028],[121.53171480000002,24.832936799999995],[121.53210429999999,24.8327631],[121.5321809,24.8325999],[121.5323846,24.83246659999999],[121.5330795,24.8317018],[121.5338736,24.8311931],[121.53425210000002,24.830781099999992],[121.53499350000001,24.830492099999997],[121.53518379999998,24.830260299999996],[121.53523750000001,24.830013499999993],[121.53563050000001,24.829811700000004],[121.535858,24.8293894],[121.5363233,24.828985899999996],[121.53648979999998,24.828503499999993],[121.5367914,24.8281948],[121.5377054,24.8283411],[121.53826470000001,24.82835439999999],[121.5389568,24.828573699999996],[121.5393572,24.82842369999999],[121.5397739,24.828375799999993],[121.5407865,24.8289059],[121.5419827,24.829115599999998],[121.54244769999998,24.829416899999995],[121.5444634,24.8297895],[121.5455895,24.829687399999994],[121.5468881,24.828632899999995],[121.54723459999998,24.828178999999995],[121.5480156,24.8279308],[121.5484414,24.827633999999993],[121.54875919999999,24.827526000000002],[121.5490348,24.827200800000004],[121.5497675,24.826636799999996]]}},{"type":"Feature","properties":{"name":"信賢步道","kind":"footway"},"geometry":{"type":"LineString","coordinates":[[121.5399597,24.8399426],[121.540759,24.84057629999999],[121.5412479,24.841255299999993],[121.5412972,24.841378100000007],[121.5412348,24.84154699999999]]}},{"type":"Feature","properties":{"name":"信賢吊橋","kind":"footway"},"geometry":{"type":"LineString","coordinates":[[121.5412348,24.84154699999999],[121.54099219999999,24.84187159999999]]}},{"type":"Feature","properties":{"name":null,"kind":"footway"},"geometry":{"type":"LineString","coordinates":[[121.54099219999999,24.84187159999999],[121.5409589,24.8419161]]}},{"type":"Feature","properties":{"name":null,"kind":"track"},"geometry":{"type":"LineString","coordinates":[[121.5403497,24.860358600000005],[121.54055899999999,24.860219999999998],[121.54099910000001,24.859628899999997],[121.54108960000002,24.8597517]]}},{"type":"Feature","properties":{"name":null,"kind":"unclassified"},"geometry":{"type":"LineString","coordinates":[[121.54179290000002,24.8621256],[121.54155149999998,24.8618263],[121.5411904,24.861914799999997],[121.5408096,24.8619032],[121.5406989,24.862192499999995],[121.5405657,24.8623004],[121.5403677,24.8622879],[121.54004019999999,24.862071099999994],[121.53999940000001,24.8617301],[121.5396425,24.861041499999992],[121.5397847,24.860910099999998],[121.54004350000001,24.860844399999998],[121.54032380000001,24.860488999999998],[121.54043060000001,24.860169399999997],[121.5404176,24.8598709],[121.5405756,24.859586299999997],[121.540491,24.8594772]]}},{"type":"Feature","properties":{"name":null,"kind":"path"},"geometry":{"type":"LineString","coordinates":[[121.5432987,24.829531399999997],[121.5431678,24.8293829],[121.5430178,24.828864200000005],[121.54335640000001,24.8279395],[121.5433937,24.8274292],[121.5433257,24.827042899999995],[121.5434039,24.8265731],[121.543284,24.826472200000005],[121.5432314,24.826059500000003],[121.5431093,24.8259447],[121.543325,24.825352000000006],[121.5433835,24.824797299999993],[121.5433352,24.8247322],[121.54339660000001,24.824525199999997],[121.5433001,24.8244011],[121.5433411,24.824223200000002],[121.54321719999999,24.8241147]]}},{"type":"Feature","properties":{"name":null,"kind":"footway"},"geometry":{"type":"LineString","coordinates":[[121.5441348,24.846879900000005],[121.5440727,24.84683920000001],[121.5437177,24.8469211],[121.5431916,24.846828399999996],[121.5429268,24.8463489],[121.5428081,24.845718500000004]]}},{"type":"Feature","properties":{"name":"信福路","kind":"tertiary"},"geometry":{"type":"LineString","coordinates":[[121.5441348,24.846879900000005],[121.5438338,24.846978799999995],[121.5435513,24.846978699999998],[121.5431195,24.8468675],[121.5428473,24.846339500000003],[121.5427562,24.8457149]]}},{"type":"Feature","properties":{"name":null,"kind":"path"},"geometry":{"type":"LineString","coordinates":[[121.5438374,24.851770799999997],[121.5437696,24.851526700000004],[121.5428476,24.851403899999994],[121.54271649999998,24.851224900000002],[121.5426437,24.851311399999997],[121.54263840000002,24.851214],[121.54272960000002,24.8511556],[121.542872,24.851269499999994],[121.542971,24.851204299999996],[121.543148,24.8506786]]}},{"type":"Feature","properties":{"name":null,"kind":"path"},"geometry":{"type":"LineString","coordinates":[[121.5429332,24.855303199999994],[121.5429173,24.854699200000002],[121.5429656,24.854509399999998],[121.543089,24.854407199999994],[121.54312119999999,24.853871800000004],[121.5432714,24.853715999999995],[121.5432875,24.8534823],[121.54313190000002,24.852951799999996],[121.54291200000002,24.852659699999997],[121.5430568,24.852406600000002],[121.5430746,24.852017]]}},{"type":"Feature","properties":{"name":null,"kind":"residential"},"geometry":{"type":"LineString","coordinates":[[121.5423524,24.861148299999996],[121.5426689,24.8614543],[121.5436251,24.861352100000005],[121.5438764,24.861120599999996],[121.5439314,24.8614674]]}},{"type":"Feature","properties":{"name":null,"kind":"track"},"geometry":{"type":"LineString","coordinates":[[121.54363069999998,24.862404999999992],[121.54340430000002,24.861900600000002],[121.5435491,24.861719300000004],[121.54337610000002,24.861624399999997],[121.54325170000001,24.861394000000004]]}},{"type":"Feature","properties":{"name":null,"kind":"service"},"geometry":{"type":"LineString","coordinates":[[121.54419040000002,24.8630441],[121.54411579999999,24.862957999999995],[121.5441191,24.862688499999997],[121.54381039999998,24.8623343],[121.54385090000001,24.862234100000002],[121.5440661,24.862170099999993]]}},{"type":"Feature","properties":{"name":null,"kind":"service"},"geometry":{"type":"LineString","coordinates":[[121.54234950000001,24.8622623],[121.5426081,24.8623618],[121.542975,24.862689699999997],[121.5433896,24.8625394],[121.5433445,24.862789499999998],[121.54346620000001,24.862864000000002],[121.54356039999999,24.86286429999999],[121.54359099999999,24.862443399999993],[121.54367590000001,24.862424199999996],[121.5441629,24.8632297],[121.5442078,24.86284029999999],[121.54424870000001,24.862768499999998],[121.5443484,24.862785199999998],[121.5443653,24.863086099999997],[121.5445109,24.8634584],[121.54481800000002,24.8639135],[121.5448792,24.864203199999995],[121.5447271,24.8645386]]}},{"type":"Feature","properties":{"name":null,"kind":"track"},"geometry":{"type":"LineString","coordinates":[[121.5457873,24.8657776],[121.54467170000001,24.8655668],[121.5446194,24.865650799999997],[121.5448554,24.8666024],[121.54431890000001,24.8669466],[121.5443887,24.8677801],[121.5440682,24.868675699999997],[121.543745,24.868744999999997],[121.54334400000002,24.868580800000004],[121.5432675,24.868618499999993],[121.5431575,24.869368],[121.5426332,24.869443399999998],[121.54248570000001,24.869684299999996],[121.54242660000001,24.870128499999996],[121.5422711,24.870356],[121.5421772,24.8703791]]}},{"type":"Feature","properties":{"name":null,"kind":"footway"},"geometry":{"type":"LineString","coordinates":[[121.54276650000001,24.844826300000005],[121.54276180000001,24.843545000000002],[121.54220010000002,24.843022399999995],[121.5415054,24.842580599999998],[121.54098209999998,24.841885199999993]]}},{"type":"Feature","properties":{"name":"信福路","kind":"tertiary"},"geometry":{"type":"LineString","coordinates":[[121.5427199,24.844820099999996],[121.5427122,24.843598599999993],[121.5423986,24.843251200000005],[121.5414691,24.842619899999995],[121.5409589,24.8419161]]}},{"type":"Feature","properties":{"name":"信福路","kind":"tertiary"},"geometry":{"type":"LineString","coordinates":[[121.5427562,24.8457149],[121.5427199,24.844820099999996]]}},{"type":"Feature","properties":{"name":null,"kind":"footway"},"geometry":{"type":"LineString","coordinates":[[121.5428081,24.845718500000004],[121.54276650000001,24.844826300000005]]}},{"type":"Feature","properties":{"name":null,"kind":"path"},"geometry":{"type":"LineString","coordinates":[[121.5429326,24.8552632],[121.5428651,24.855089399999994],[121.5419451,24.854237699999995],[121.5418003,24.854462300000005],[121.5416929,24.854496199999996],[121.5416509,24.854637]]}},{"type":"Feature","properties":{"name":"西羅岸路","kind":"tertiary"},"geometry":{"type":"LineString","coordinates":[[121.5427077,24.860430400000006],[121.54249629999998,24.8607464],[121.5423524,24.861148299999996],[121.5424234,24.8616472],[121.5422683,24.8619686],[121.54234950000001,24.8622623],[121.5421901,24.8623942],[121.54205700000001,24.862398799999998],[121.5419216,24.8623489],[121.54179290000002,24.8621256],[121.5419578,24.859729299999998],[121.5420899,24.859558399999997],[121.5427265,24.8593614],[121.5431727,24.8590767],[121.54340380000001,24.8590438],[121.5435272,24.858951299999998],[121.54394059999998,24.858462099999997],[121.5440527,24.8579559],[121.54398350000001,24.857630999999994],[121.54330449999999,24.8572615],[121.54342200000002,24.856837200000005],[121.5431978,24.856548900000007],[121.54324659999999,24.856342099999992],[121.54310130000002,24.855418999999998],[121.5429332,24.855303199999994],[121.54289080000001,24.855458299999995],[121.5430014,24.8557636],[121.5429293,24.85611989999999],[121.54254600000002,24.85633719999999],[121.5422018,24.857213600000005],[121.5422332,24.857353099999997],[121.5426239,24.857781300000003],[121.5427046,24.857991499999997],[121.5426613,24.8581751],[121.5420703,24.8586068],[121.5411837,24.8588176],[121.54059740000001,24.859205800000005],[121.5401787,24.86002699999999],[121.54000300000001,24.860163299999996],[121.5399084,24.860071100000003],[121.5399228,24.8598312],[121.54014850000002,24.8589306],[121.5403032,24.8588199],[121.5406488,24.858736299999993],[121.5408972,24.858467899999997],[121.54140110000002,24.8582553],[121.54172159999999,24.8579571],[121.5417002,24.8577831],[121.54150310000001,24.8574887],[121.54136090000002,24.8568048],[121.5411369,24.856422699999996],[121.54108130000002,24.8556749],[121.54126370000002,24.8551808],[121.5416419,24.8548183],[121.5416509,24.854637],[121.5414751,24.854655399999995],[121.5410052,24.854994999999995],[121.5407262,24.855412399999995],[121.5406578,24.85584679999999],[121.54052470000002,24.855802300000004],[121.5404677,24.8556401],[121.5408727,24.8544057],[121.541031,24.8533794],[121.5408523,24.852657900000004],[121.5407197,24.8526686],[121.54049440000001,24.8528443],[121.5403195,24.8533144],[121.5400788,24.8534138],[121.5394229,24.85348289999999],[121.5394232,24.8536456],[121.5402068,24.853986000000003],[121.5402203,24.854355799999997],[121.54002320000001,24.854577999999997]]}},{"type":"Feature","properties":{"name":"西羅岸路","kind":"tertiary"},"geometry":{"type":"LineString","coordinates":[[121.5427845,24.860383899999995],[121.5427077,24.860430400000006]]}},{"type":"Feature","properties":{"name":null,"kind":"residential"},"geometry":{"type":"LineString","coordinates":[[121.54241730000001,24.8805246],[121.54211550000001,24.8803304]]}},{"type":"Feature","properties":{"name":null,"kind":"residential"},"geometry":{"type":"LineString","coordinates":[[121.54260639999998,24.880729500000005],[121.5427814,24.8806309]]}},{"type":"Feature","properties":{"name":null,"kind":"residential"},"geometry":{"type":"LineString","coordinates":[[121.5408096,24.8619032],[121.54090490000002,24.8613737],[121.5406288,24.8610931]]}},{"type":"Feature","properties":{"name":"加九寮路","kind":"unclassified"},"geometry":{"type":"LineString","coordinates":[[121.5424745,24.880139899999996],[121.54228560000001,24.880244499999996],[121.54241730000001,24.8805246],[121.542412,24.880728999999995],[121.5422416,24.880950799999994],[121.54202819999999,24.8815005],[121.54224479999999,24.8819804],[121.54219409999999,24.8823155],[121.54230939999998,24.882519499999997],[121.5425999,24.882768999999996],[121.54272610000001,24.883389399999995],[121.5425584,24.884033],[121.5419666,24.8846432],[121.54106300000001,24.8848238],[121.5404249,24.884825899999992]]}},{"type":"Feature","properties":{"name":null,"kind":"service"},"geometry":{"type":"LineString","coordinates":[[121.541416,24.884759200000005],[121.54183790000002,24.8845624],[121.5419782,24.8841674]]}},{"type":"Feature","properties":{"name":null,"kind":"path"},"geometry":{"type":"LineString","coordinates":[[121.5422348,24.9004798],[121.54188660000001,24.899813499999997],[121.54163460000001,24.899670599999997],[121.54123849999999,24.899654199999997],[121.54127900000002,24.899295],[121.54113500000001,24.899127600000003],[121.54101349999999,24.8985152],[121.5402798,24.897514999999995],[121.5403114,24.896931199999997],[121.5401943,24.8966413],[121.5400143,24.896522899999997],[121.5399918,24.896229],[121.5401583,24.896004499999997],[121.5401133,24.895828899999998],[121.5402528,24.8948164],[121.5401673,24.894089699999995],[121.54000639999998,24.893690199999998]]}},{"type":"Feature","properties":{"name":null,"kind":"path"},"geometry":{"type":"LineString","coordinates":[[121.52943559999999,24.8245354],[121.52986580000001,24.824075999999998],[121.5301126,24.823989899999997],[121.530391,24.823306500000005],[121.53063140000002,24.823065399999997],[121.5307642,24.822094899999993],[121.5314033,24.8202975],[121.5314159,24.8193902],[121.53123240000001,24.818689599999995],[121.53121980000002,24.816737200000002],[121.5318018,24.815956199999995],[121.5318968,24.8153417],[121.5316943,24.8149167],[121.5317512,24.814549199999995],[121.5322068,24.814422899999997],[121.53280150000002,24.814509000000005],[121.5336936,24.813986399999997],[121.5344338,24.8132456],[121.53516140000002,24.8127747],[121.5354651,24.812487499999996],[121.5361674,24.8120855],[121.53643309999998,24.8117639],[121.5372493,24.8114366],[121.53785030000002,24.810638299999997],[121.53821099999999,24.8104259],[121.5383818,24.810178899999997],[121.5385969,24.808323900000005],[121.53893860000001,24.808088499999997],[121.5389702,24.8077956],[121.5389069,24.807588799999998],[121.5393119,24.8070375],[121.5393543,24.8063973]]}},{"type":"Feature","properties":{"name":"信福路","kind":"tertiary"},"geometry":{"type":"LineString","coordinates":[[121.5409589,24.8419161],[121.5403995,24.8410846],[121.54001220000002,24.840693900000005],[121.53972330000002,24.840524999999996],[121.53952440000002,24.840464],[121.53883330000001,24.8405092],[121.5378958,24.840818799999997],[121.5365441,24.8406209],[121.5360915,24.840154399999992],[121.5355253,24.839787499999996],[121.5347953,24.8391282],[121.5346306,24.8390423],[121.5341118,24.83897059999999],[121.53366439999999,24.839106],[121.53155579999999,24.840561999999995],[121.53138659999999,24.840562399999992],[121.53101630000002,24.840368699999996],[121.530426,24.8405399],[121.52986319999998,24.840477899999996],[121.5286524,24.840687499999998],[121.5281627,24.840555800000004],[121.52789400000002,24.840634399999995],[121.5272306,24.841079700000005],[121.5270743,24.841090199999996]]}},{"type":"Feature","properties":{"name":null,"kind":"path"},"geometry":{"type":"LineString","coordinates":[[121.53346019999998,24.8408711],[121.5344581,24.841104499999997]]}},{"type":"Feature","properties":{"name":null,"kind":"footway"},"geometry":{"type":"LineString","coordinates":[[121.53259390000001,24.8426438],[121.53320299999999,24.842516299999996],[121.5337197,24.842625499999997],[121.53350740000002,24.8426191],[121.53362059999999,24.842680099999992],[121.5336135,24.8428054],[121.5337693,24.843059099999998],[121.5334153,24.843438100000004],[121.53348260000001,24.8438299],[121.5333375,24.844196],[121.53348260000001,24.844362999999998],[121.53346139999998,24.8446681],[121.53320299999999,24.8445076],[121.53346139999998,24.844767700000002],[121.53385070000002,24.8446071],[121.53410189999998,24.844635999999998],[121.534201,24.8447131],[121.53414800000002,24.844886499999998],[121.53422939999999,24.844947599999998],[121.53464340000001,24.844854399999996],[121.53490889999999,24.8449347],[121.53505750000001,24.845262299999995],[121.53477789999998,24.8453875],[121.53450539999999,24.8453586],[121.5344665,24.8454132],[121.5346505,24.8455128],[121.5350717,24.845561],[121.53611569999998,24.845304],[121.5365334,24.845493499999996],[121.5369227,24.845429300000003],[121.5372483,24.8454743],[121.53736859999998,24.845586699999995],[121.5373438,24.8457537],[121.5365228,24.846196900000002],[121.5363918,24.846334999999993],[121.5356238,24.8465437],[121.53546810000002,24.8466497],[121.534969,24.8465309],[121.5345974,24.846559799999998],[121.53417980000002,24.846758899999998],[121.5341161,24.8468488],[121.5343072,24.8470383],[121.5343391,24.8472374],[121.5342754,24.847786600000003],[121.5344134,24.8480371],[121.5343945,24.848540999999997]]}},{"type":"Feature","properties":{"name":null,"kind":"footway"},"geometry":{"type":"LineString","coordinates":[[121.5347927,24.849527099999996],[121.5350195,24.8492931],[121.53502760000002,24.848940199999994],[121.53514559999999,24.848553200000005],[121.5354084,24.848261099999995],[121.5353855,24.8480871]]}},{"type":"Feature","properties":{"name":null,"kind":"path"},"geometry":{"type":"LineString","coordinates":[[121.5374469,24.8576225],[121.5369426,24.858156799999996],[121.53676010000001,24.858165599999996],[121.53655360000002,24.858060999999996],[121.53647680000002,24.858126299999995],[121.5354734,24.859463799999997],[121.53533409999999,24.8600475],[121.5351517,24.860308899999996],[121.5343451,24.8599604],[121.5341242,24.859960399999995],[121.53354800000001,24.8597644],[121.5330295,24.859895099999996],[121.5327942,24.859881999999992],[121.5323481,24.860029399999995]]}},{"type":"Feature","properties":{"name":"紅河谷越嶺步道","kind":"path"},"geometry":{"type":"LineString","coordinates":[[121.5388419,24.884325199999996],[121.53858059999999,24.8840093],[121.5376903,24.883542599999995],[121.5375525,24.883336299999996],[121.5373512,24.883201999999997],[121.5370515,24.8827086],[121.53668290000002,24.882404899999994],[121.53638289999999,24.8820326],[121.53583510000001,24.882087100000003],[121.5356583,24.8819783],[121.53569640000002,24.881860399999997],[121.5355672,24.8815486],[121.53568449999999,24.881509399999995],[121.5356591,24.881439199999996],[121.53527670000001,24.8810418],[121.5352664,24.880952699999995],[121.5350159,24.8808071],[121.534955,24.880533299999996],[121.5347867,24.880380699999993],[121.534477,24.879861100000007],[121.53366079999999,24.87951],[121.5335248,24.879344899999996],[121.53230340000002,24.8785243],[121.53201460000001,24.8779187],[121.53176230000001,24.8777316],[121.5310556,24.877653299999995],[121.5309744,24.877401299999995],[121.5313778,24.8774549],[121.53148749999998,24.877364399999998],[121.53126500000002,24.8772133],[121.53092760000001,24.877111299999996],[121.5309413,24.8770255],[121.5314756,24.87696619999999],[121.5312668,24.8767886],[121.53098340000001,24.8767701],[121.5306228,24.8768727],[121.53011060000001,24.8765758],[121.5296236,24.876687700000005],[121.52958340000002,24.8765677],[121.52966570000001,24.8763726],[121.5302077,24.87576],[121.53021740000001,24.875635899999995],[121.5300828,24.875596199999997]]}},{"type":"Feature","properties":{"name":null,"kind":"path"},"geometry":{"type":"LineString","coordinates":[[121.53509979999998,24.891706499999998],[121.5342456,24.890328799999995],[121.5346315,24.890150800000004]]}},{"type":"Feature","properties":{"name":null,"kind":"track"},"geometry":{"type":"LineString","coordinates":[[121.53341980000002,24.891824500000002],[121.53433980000001,24.8920393],[121.5347819,24.891981100000002],[121.53509979999998,24.891706499999998],[121.53552000000002,24.891605599999995],[121.53585660000002,24.891760700000003],[121.53590749999998,24.8918611]]}},{"type":"Feature","properties":{"name":"信賢步道","kind":"footway"},"geometry":{"type":"LineString","coordinates":[[121.5305428,24.839436199999998],[121.5307882,24.839445],[121.5311209,24.839344],[121.5329338,24.838395099999996],[121.53426020000002,24.838017399999995],[121.53455279999999,24.8380002],[121.5352976,24.8384106],[121.5355789,24.838732199999992],[121.53587379999999,24.838812800000003],[121.53646600000002,24.8392136],[121.53696079999999,24.83971],[121.53741950000001,24.8399864],[121.53782429999998,24.840026099999996],[121.5388608,24.839827399999994],[121.5396164,24.83995829999999],[121.5398277,24.8399086]]}},{"type":"Feature","properties":{"name":null,"kind":"footway"},"geometry":{"type":"LineString","coordinates":[[121.5365605,24.8466317],[121.5366771,24.846686400000003],[121.5368407,24.8466523],[121.53728059999999,24.846279899999992],[121.5377071,24.8461509],[121.5381067,24.845503499999996],[121.53803160000001,24.8451457],[121.5379244,24.844992399999995],[121.5377742,24.845014300000003],[121.53750860000001,24.8448561],[121.53714919999999,24.844887700000005],[121.53696950000001,24.8448049],[121.5364786,24.844773299999996],[121.53614070000002,24.8446127],[121.5357786,24.844556699999988],[121.5354782,24.8445275],[121.53498999999998,24.8446346],[121.5347701,24.84459560000001],[121.5344455,24.8444739],[121.53450450000001,24.844330299999996],[121.5344536,24.844245099999995],[121.53375890000001,24.8442695],[121.5335094,24.844113699999994],[121.53345379999999,24.8439791]]}},{"type":"Feature","properties":{"name":null,"kind":"service"},"geometry":{"type":"LineString","coordinates":[[121.5370392,24.851311899999995],[121.5369454,24.851203799999997],[121.53612880000001,24.8509333],[121.53501129999998,24.8502797],[121.5349157,24.8496829],[121.5343666,24.849106599999995],[121.5342234,24.848783499999993],[121.5342942,24.848590399999992],[121.534479,24.8485291],[121.53480639999998,24.8485619],[121.5351422,24.848204199999998],[121.5353855,24.8480871],[121.5354154,24.847871099999995],[121.5352236,24.8476314],[121.5352394,24.8473047],[121.5354194,24.847077699999996],[121.535901,24.8467962],[121.5365124,24.846576299999995],[121.5365605,24.8466317]]}},{"type":"Feature","properties":{"name":null,"kind":"footway"},"geometry":{"type":"LineString","coordinates":[[121.5405249,24.883981899999995],[121.540812,24.8840382],[121.5412619,24.883696599999997],[121.54024450000001,24.882806499999997],[121.5397725,24.8821447],[121.53970810000001,24.881794299999996],[121.5390644,24.881035100000005],[121.5383563,24.879945],[121.53781980000001,24.8784655],[121.53623200000001,24.876479999999997],[121.5361247,24.875896000000004],[121.5353522,24.8748642],[121.53500889999998,24.874688999999993],[121.53449390000002,24.874085499999996],[121.5341935,24.873443099999996],[121.5340433,24.8729759],[121.53412910000002,24.8719052],[121.53380720000001,24.871399],[121.5337429,24.8708539],[121.533185,24.869315999999998],[121.5328416,24.869082399999996],[121.53269140000002,24.868615099999996],[121.53305620000002,24.867894800000002],[121.533185,24.867174499999997],[121.53309910000002,24.866201099999998],[121.533185,24.8657338],[121.5337429,24.8651108],[121.53400040000001,24.8644294],[121.53397890000001,24.864215299999998],[121.53359270000001,24.8632029],[121.53363560000001,24.862696699999997],[121.53256270000001,24.862034799999996],[121.5323267,24.861548],[121.53221940000002,24.8607498],[121.5323481,24.860029399999995],[121.53222849999999,24.860001799999996],[121.53181170000002,24.8596389],[121.5318461,24.8590466],[121.5317688,24.85837839999999],[121.5319227,24.857692799999995],[121.5317949,24.857567099999997],[121.53161430000002,24.857598299999996],[121.5313376,24.85752],[121.5311639,24.857215200000002],[121.53083400000001,24.8570072],[121.53072839999999,24.856817699999997],[121.5310383,24.8559825],[121.5310192,24.85534609999999],[121.53090359999999,24.854977099999996],[121.53095160000001,24.85487219999999]]}},{"type":"Feature","properties":{"name":null,"kind":"path"},"geometry":{"type":"LineString","coordinates":[[121.5351548,24.8910236],[121.5353474,24.891083400000003],[121.5354479,24.8909609],[121.53564130000001,24.8909365],[121.5355978,24.8908818],[121.5356712,24.890708599999996],[121.535834,24.8906543]]}},{"type":"Feature","properties":{"name":null,"kind":"footway"},"geometry":{"type":"LineString","coordinates":[[121.5371337,24.851783799999993],[121.5367512,24.851808499999997],[121.536622,24.8519664]]}},{"type":"Feature","properties":{"name":"向天湖山登山路線","kind":"path"},"geometry":{"type":"LineString","coordinates":[[121.53770610000001,24.885473800000007],[121.537671,24.8861569],[121.53790700000002,24.886974399999996],[121.5381431,24.887305299999998],[121.5376496,24.8877141],[121.5373491,24.8876946],[121.5369629,24.888181199999995],[121.5368556,24.8886289],[121.5376066,24.888765199999995],[121.53582570000002,24.890614299999992],[121.53589000000001,24.891198300000003],[121.53543280000001,24.891584299999998]]}},{"type":"Feature","properties":{"name":"松羅湖山徑","kind":"path"},"geometry":{"type":"LineString","coordinates":[[121.5732141,24.6757464],[121.57307280000002,24.6758146],[121.57284460000001,24.676211199999997],[121.57255800000001,24.676299],[121.571662,24.676370999999993],[121.57116419999998,24.676809099999996],[121.57073240000001,24.6768719],[121.57039730000001,24.67739269999999],[121.5702006,24.677547400000005],[121.5697419,24.677569],[121.56940969999998,24.6776696],[121.5686846,24.678260399999992],[121.5685267,24.678295599999995],[121.56820110000001,24.6785465],[121.5678968,24.678622999999998],[121.5677964,24.678725999999994],[121.56758280000001,24.678725999999994],[121.5670979,24.6790189],[121.5652592,24.6789345],[121.5648625,24.679167200000002],[121.5644704,24.679200599999994],[121.5642854,24.679352400000003],[121.5635969,24.679492399999997],[121.5630223,24.679747799999994],[121.5626225,24.679817199999995],[121.56200590000002,24.680467299999997],[121.5616115,24.6807504],[121.5612878,24.680817900000005],[121.560734,24.6807741],[121.55984430000001,24.680866399999996],[121.5596176,24.6811217],[121.55941199999998,24.681741299999995],[121.5588478,24.6821273],[121.55877280000001,24.682558899999993],[121.558434,24.683388699999995],[121.5578147,24.684127999999998],[121.557659,24.6849196],[121.55737290000002,24.6854703],[121.5571726,24.685534699999998],[121.55681,24.686053199999996],[121.5566071,24.686124],[121.55600960000001,24.686601899999992],[121.5558579,24.686941400000002],[121.5560938,24.687274500000008],[121.55578100000001,24.6883035],[121.5555618,24.6884702],[121.55461669999998,24.688757699999996],[121.55427789999999,24.688968800000005],[121.5536677,24.6890785],[121.5535151,24.6894835],[121.5532949,24.689576299999995],[121.55312579999999,24.689778000000004],[121.5526435,24.689899299999997],[121.55263949999998,24.690085],[121.5525142,24.6902271],[121.55183960000001,24.6903634],[121.551651,24.690176699999995],[121.5512733,24.689508999999997],[121.5510002,24.689406499999997],[121.5506231,24.6890736],[121.54979670000002,24.688863899999998],[121.54969740000001,24.688913699999993],[121.5496444,24.689063099999995],[121.54923659999999,24.689303700000007],[121.5491025,24.6899309],[121.5487807,24.690436400000003],[121.5480556,24.690631600000003],[121.5472911,24.690748399999993],[121.5469806,24.6907313],[121.5466535,24.690997],[121.5459778,24.6909137],[121.5450612,24.691441099999995],[121.54480610000002,24.691739599999995],[121.54413040000001,24.692250399999995],[121.5435576,24.692201500000003],[121.54281370000001,24.692467400000005],[121.5420499,24.692434],[121.5415951,24.692673699999997],[121.54129919999998,24.692721399999996],[121.54104950000001,24.6926234],[121.54031560000001,24.692837299999994],[121.53967329999999,24.692893799999997],[121.539017,24.692810300000005],[121.5383621,24.692528599999996],[121.5380864,24.692473099999997],[121.53793350000001,24.692529999999998],[121.5376488,24.6923791],[121.5364468,24.6927815],[121.5353669,24.692793499999997],[121.53525039999998,24.693094899999995],[121.5332481,24.694030599999998],[121.53300580000001,24.6940365],[121.53266800000002,24.6936516],[121.531865,24.693418099999995]]}},{"type":"Feature","properties":{"name":null,"kind":"path"},"geometry":{"type":"LineString","coordinates":[[121.5551476,24.827977299999997],[121.5554463,24.8283207],[121.55568239999998,24.828804800000004],[121.55572030000002,24.829143499999997],[121.555869,24.829452999999997],[121.5563732,24.830140799999995],[121.55647529999999,24.8305058],[121.556449,24.830780999999998],[121.55619830000002,24.831148699999996],[121.55561830000002,24.83140789999999],[121.5549741,24.8320454],[121.5548808,24.8323708],[121.55502370000002,24.833481899999995],[121.55486330000001,24.833894499999996],[121.55446399999998,24.834214599999996],[121.5537994,24.8352172],[121.5537965,24.8354843],[121.5535896,24.8357568],[121.55351090000002,24.836190600000002],[121.55290460000002,24.8367488],[121.55198350000002,24.8372672],[121.5515651,24.8377067],[121.55108020000002,24.838061600000007],[121.550921,24.8381532],[121.5505355,24.838166599999994],[121.55035480000001,24.838428499999996],[121.5500924,24.838573899999997],[121.5499496,24.838756499999995],[121.5498969,24.839271899999996],[121.55033049999999,24.8396252],[121.55030220000002,24.839915799999996],[121.5504101,24.840172799999994],[121.5510314,24.840551399999995]]}},{"type":"Feature","properties":{"name":"溫布路","kind":"tertiary"},"geometry":{"type":"LineString","coordinates":[[121.5513996,24.8535203],[121.5516234,24.853177499999997],[121.55240960000002,24.852502300000005],[121.5529336,24.851662],[121.5527245,24.850982899999995],[121.5522849,24.850345199999996],[121.55189470000002,24.849571199999996],[121.5518217,24.8488647]]}},{"type":"Feature","properties":{"name":null,"kind":"service"},"geometry":{"type":"LineString","coordinates":[[121.55245860000001,24.859695499999997],[121.5524011,24.859458399999998]]}},{"type":"Feature","properties":{"name":null,"kind":"service"},"geometry":{"type":"LineString","coordinates":[[121.5545747,24.861163999999995],[121.55451970000001,24.861048000000004],[121.55413270000001,24.860755399999995],[121.5526853,24.859929099999995],[121.55245860000001,24.859695499999997]]}},{"type":"Feature","properties":{"name":null,"kind":"service"},"geometry":{"type":"LineString","coordinates":[[121.55245860000001,24.859695499999997],[121.5525733,24.8602267],[121.5525121,24.860811999999996],[121.55265119999999,24.861206999999997]]}},{"type":"Feature","properties":{"name":"烏來發電廠明隧道(廢)","kind":"footway"},"geometry":{"type":"LineString","coordinates":[[121.55265119999999,24.861206999999997],[121.5519142,24.861984699999997]]}},{"type":"Feature","properties":{"name":null,"kind":"steps"},"geometry":{"type":"LineString","coordinates":[[121.55392989999999,24.862851299999996],[121.553675,24.86232229999999]]}},{"type":"Feature","properties":{"name":"啦卡路","kind":"primary"},"geometry":{"type":"LineString","coordinates":[[121.55166139999999,24.8641844],[121.5529315,24.863785999999998],[121.5539403,24.8637818],[121.5545288,24.86319779999999],[121.55448580000001,24.8625916],[121.5545475,24.862084399999997],[121.5547085,24.8616099]]}},{"type":"Feature","properties":{"name":null,"kind":"steps"},"geometry":{"type":"LineString","coordinates":[[121.55339760000001,24.863796499999992],[121.55353100000002,24.863742200000004]]}},{"type":"Feature","properties":{"name":null,"kind":"path"},"geometry":{"type":"LineString","coordinates":[[121.55133829999998,24.8153002],[121.5514368,24.814912199999995],[121.5511471,24.814683399999993],[121.55103979999998,24.8144984],[121.5511203,24.8142257],[121.55092719999999,24.813690100000002],[121.5510559,24.813436900000003],[121.55099149999998,24.8132616],[121.5508842,24.813246999999993],[121.55061600000002,24.813378500000002],[121.55052480000002,24.8133298],[121.55050870000001,24.8132032],[121.55062680000002,24.813081399999998],[121.55060529999999,24.812930499999997],[121.5504873,24.812881799999996]]}},{"type":"Feature","properties":{"name":null,"kind":"track"},"geometry":{"type":"LineString","coordinates":[[121.551114,24.8157936],[121.55140699999998,24.8157677],[121.55175200000001,24.815612699999996]]}},{"type":"Feature","properties":{"name":null,"kind":"path"},"geometry":{"type":"LineString","coordinates":[[121.55175200000001,24.815612699999996],[121.5518125,24.815881300000004],[121.5513879,24.816551900000004],[121.5513291,24.817159],[121.5512541,24.817243699999995],[121.55126119999998,24.817624499999997],[121.55143750000002,24.8178544],[121.55127340000001,24.8179253],[121.551324,24.818168999999997],[121.55123080000001,24.818522300000005],[121.5511224,24.8185462],[121.55100679999998,24.818804599999993],[121.5509579,24.819159399999993],[121.5506949,24.819399999999998],[121.5503883,24.819934400000005],[121.5505221,24.820767699999998],[121.5507057,24.820973399999996],[121.5509637,24.8210167],[121.5511328,24.821433799999998],[121.550978,24.821705599999994],[121.55087770000002,24.8221401],[121.5509307,24.822796999999998],[121.55063980000001,24.823658200000004],[121.5500192,24.8244646],[121.54992030000001,24.8247508],[121.54991490000002,24.8252877],[121.5497619,24.8258717],[121.54983179999999,24.826326999999996],[121.5497675,24.826636799999996]]}},{"type":"Feature","properties":{"name":null,"kind":"steps"},"geometry":{"type":"LineString","coordinates":[[121.55090799999999,24.847130599999993],[121.55088979999998,24.8470872],[121.5508871,24.8471368]]}},{"type":"Feature","properties":{"name":null,"kind":"footway"},"geometry":{"type":"LineString","coordinates":[[121.55091679999998,24.847207700000002],[121.5509019,24.847212799999998]]}},{"type":"Feature","properties":{"name":null,"kind":"footway"},"geometry":{"type":"LineString","coordinates":[[121.5508004,24.8472329],[121.5508875,24.847226800000005]]}},{"type":"Feature","properties":{"name":"溫布路","kind":"tertiary"},"geometry":{"type":"LineString","coordinates":[[121.5511222,24.847501600000005],[121.55096320000001,24.8471375],[121.5507389,24.8469609],[121.55013660000002,24.8470074]]}},{"type":"Feature","properties":{"name":null,"kind":"steps"},"geometry":{"type":"LineString","coordinates":[[121.5509019,24.847212799999998],[121.5508875,24.847226800000005]]}},{"type":"Feature","properties":{"name":null,"kind":"footway"},"geometry":{"type":"LineString","coordinates":[[121.55090799999999,24.847130599999993],[121.5510643,24.8475037]]}},{"type":"Feature","properties":{"name":null,"kind":"footway"},"geometry":{"type":"LineString","coordinates":[[121.5508578,24.847213099999998],[121.55094729999999,24.847426800000004]]}},{"type":"Feature","properties":{"name":null,"kind":"footway"},"geometry":{"type":"LineString","coordinates":[[121.55104570000002,24.8475154],[121.5508871,24.8471368]]}},{"type":"Feature","properties":{"name":null,"kind":"footway"},"geometry":{"type":"LineString","coordinates":[[121.5509249,24.847434499999995],[121.55098210000001,24.8474497]]}},{"type":"Feature","properties":{"name":null,"kind":"footway"},"geometry":{"type":"LineString","coordinates":[[121.55099620000001,24.8474392],[121.55101159999998,24.8474339]]}},{"type":"Feature","properties":{"name":null,"kind":"steps"},"geometry":{"type":"LineString","coordinates":[[121.55099620000001,24.8474392],[121.55098210000001,24.8474497]]}},{"type":"Feature","properties":{"name":null,"kind":"steps"},"geometry":{"type":"LineString","coordinates":[[121.5509249,24.847434499999995],[121.55094609999999,24.8474851]]}},{"type":"Feature","properties":{"name":null,"kind":"footway"},"geometry":{"type":"LineString","coordinates":[[121.5510643,24.8475037],[121.5511222,24.847501600000005]]}},{"type":"Feature","properties":{"name":"溫布路","kind":"tertiary"},"geometry":{"type":"LineString","coordinates":[[121.5518217,24.8488647],[121.5511222,24.847501600000005]]}},{"type":"Feature","properties":{"name":null,"kind":"steps"},"geometry":{"type":"LineString","coordinates":[[121.55160620000001,24.8484765],[121.5518082,24.848382299999994]]}},{"type":"Feature","properties":{"name":null,"kind":"steps"},"geometry":{"type":"LineString","coordinates":[[121.5511542,24.848571200000002],[121.55132389999999,24.848517099999995]]}},{"type":"Feature","properties":{"name":null,"kind":"steps"},"geometry":{"type":"LineString","coordinates":[[121.5516304,24.8485156],[121.55132389999999,24.848517099999995],[121.55141320000001,24.848659399999995],[121.55128120000002,24.8487451]]}},{"type":"Feature","properties":{"name":null,"kind":"steps"},"geometry":{"type":"LineString","coordinates":[[121.5512154,24.84869069999999],[121.5511482,24.848737799999995]]}},{"type":"Feature","properties":{"name":null,"kind":"steps"},"geometry":{"type":"LineString","coordinates":[[121.5507092,24.848912000000002],[121.5506894,24.8487594],[121.5511542,24.848571200000002]]}},{"type":"Feature","properties":{"name":null,"kind":"steps"},"geometry":{"type":"LineString","coordinates":[[121.55141320000001,24.848659399999995],[121.55151919999999,24.8488648],[121.5514458,24.848894899999994]]}},{"type":"Feature","properties":{"name":null,"kind":"service"},"geometry":{"type":"LineString","coordinates":[[121.55147120000001,24.849445299999992],[121.5515627,24.849548999999996]]}},{"type":"Feature","properties":{"name":null,"kind":"residential"},"geometry":{"type":"LineString","coordinates":[[121.5510569,24.849328299999996],[121.55099229999999,24.849378899999994],[121.5510003,24.849678299999997],[121.5509006,24.849975499999996],[121.55071330000001,24.850049499999997]]}},{"type":"Feature","properties":{"name":null,"kind":"service"},"geometry":{"type":"LineString","coordinates":[[121.5516019,24.856182399999994],[121.5517035,24.85602099999999],[121.55171110000002,24.855487600000004]]}},{"type":"Feature","properties":{"name":"溫泉街","kind":"tertiary"},"geometry":{"type":"LineString","coordinates":[[121.5511007,24.8617195],[121.55146840000002,24.861481200000004],[121.5515853,24.861263700000002],[121.5515265,24.858872700000006],[121.5514272,24.8585138],[121.5513803,24.857534300000005],[121.5516266,24.8564761],[121.5516072,24.856034500000003],[121.55133250000002,24.855071],[121.5513489,24.854718399999992],[121.5512061,24.854137900000005],[121.5513996,24.8535203]]}},{"type":"Feature","properties":{"name":null,"kind":"path"},"geometry":{"type":"LineString","coordinates":[[121.551288,24.859028200000004],[121.55110860000002,24.858873800000005]]}},{"type":"Feature","properties":{"name":null,"kind":"path"},"geometry":{"type":"LineString","coordinates":[[121.55127649999999,24.8590999],[121.5512796,24.8589056]]}},{"type":"Feature","properties":{"name":"溫泉街118巷","kind":"residential"},"geometry":{"type":"LineString","coordinates":[[121.55145649999999,24.8586313],[121.5513843,24.858972800000004],[121.5511881,24.8591884],[121.55094310000001,24.8597334]]}},{"type":"Feature","properties":{"name":null,"kind":"service"},"geometry":{"type":"LineString","coordinates":[[121.5506717,24.8471417],[121.5506181,24.847058699999998],[121.5503141,24.8470812],[121.5502388,24.8471521]]}},{"type":"Feature","properties":{"name":null,"kind":"service"},"geometry":{"type":"LineString","coordinates":[[121.550033,24.848468299999997],[121.5502522,24.849602800000003]]}},{"type":"Feature","properties":{"name":null,"kind":"unclassified"},"geometry":{"type":"LineString","coordinates":[[121.55024049999999,24.849731899999988],[121.5501374,24.849614899999995],[121.55004930000001,24.8491992],[121.5495058,24.848622400000004],[121.54948760000002,24.849140499999997],[121.5490584,24.8492536],[121.5490462,24.849418899999996]]}},{"type":"Feature","properties":{"name":null,"kind":"path"},"geometry":{"type":"LineString","coordinates":[[121.549351,24.849218199999996],[121.54946300000002,24.849575800000004]]}},{"type":"Feature","properties":{"name":null,"kind":"residential"},"geometry":{"type":"LineString","coordinates":[[121.5486871,24.8546978],[121.5488289,24.854733299999996],[121.5490799,24.855029099999996]]}},{"type":"Feature","properties":{"name":"環山路","kind":"tertiary"},"geometry":{"type":"LineString","coordinates":[[121.54933269999998,24.865474099999993],[121.549387,24.864935899999995],[121.54928910000001,24.8644304],[121.549336,24.863206699999996],[121.5495586,24.862833],[121.5495361,24.862699899999992],[121.5493262,24.8626895],[121.54920620000001,24.8628508],[121.54901750000002,24.863401100000008],[121.5487413,24.863741799999996],[121.5485005,24.8645792],[121.5483135,24.864604499999995],[121.54820149999999,24.8642443],[121.54875230000002,24.863301800000002],[121.5487714,24.862582599999996],[121.54869230000001,24.86228],[121.5483034,24.8615318],[121.54829669999998,24.861307100000005],[121.54855010000001,24.860837499999995],[121.54917239999999,24.86027959999999],[121.5492797,24.860065000000002],[121.54904369999998,24.8589706],[121.5485716,24.8585629],[121.54857170000001,24.858013699999997],[121.54845440000001,24.8576128],[121.54854779999998,24.8572333],[121.54891010000001,24.8567118],[121.5493532,24.856297499999997],[121.54949619999998,24.856016100000005],[121.5494365,24.8554399],[121.5496016,24.854850799999994],[121.54922250000001,24.854375699999995],[121.5493177,24.853609099999996],[121.5489696,24.853254199999995],[121.54901150000002,24.853109900000003],[121.54940360000002,24.8528123],[121.5500951,24.852576299999992],[121.5507489,24.852210000000003],[121.5509364,24.851967899999995],[121.5510833,24.851230199999996],[121.55093460000002,24.8507451],[121.55059270000001,24.850503799999995],[121.5502699,24.850112500000005],[121.5502522,24.849602800000003],[121.55036259999999,24.8492211],[121.5501914,24.8484937],[121.5499469,24.848113299999998],[121.5499621,24.847969599999995],[121.5501185,24.847938299999996],[121.5503138,24.848437499999996],[121.5510225,24.849248099999997],[121.55153359999998,24.850461599999996],[121.55170279999999,24.8505233],[121.55181409999999,24.8503762],[121.5515534,24.8500255],[121.55147120000001,24.849445299999992],[121.5515079,24.8490426],[121.5511841,24.8486398],[121.55093449999998,24.8480679],[121.5508004,24.8472329],[121.5506717,24.8471417],[121.55019970000001,24.84713909999999],[121.55013660000002,24.8470074]]}},{"type":"Feature","properties":{"name":null,"kind":"residential"},"geometry":{"type":"LineString","coordinates":[[121.5490326,24.8582544],[121.549342,24.858638200000005]]}},{"type":"Feature","properties":{"name":null,"kind":"residential"},"geometry":{"type":"LineString","coordinates":[[121.5489391,24.8588407],[121.5490879,24.858583599999996],[121.5490326,24.8582544],[121.5500719,24.858334099999997]]}},{"type":"Feature","properties":{"name":null,"kind":"service"},"geometry":{"type":"LineString","coordinates":[[121.54920840000001,24.859627499999995],[121.5495656,24.859082899999997],[121.5494356,24.858676099999993]]}},{"type":"Feature","properties":{"name":null,"kind":"service"},"geometry":{"type":"LineString","coordinates":[[121.54909260000001,24.8591255],[121.54903400000002,24.8600753]]}},{"type":"Feature","properties":{"name":null,"kind":"service"},"geometry":{"type":"LineString","coordinates":[[121.550778,24.8605222],[121.5506223,24.860503699999995],[121.550645,24.860686100000002]]}},{"type":"Feature","properties":{"name":null,"kind":"residential"},"geometry":{"type":"LineString","coordinates":[[121.5515712,24.860951699999994],[121.55185669999999,24.860483199999997]]}},{"type":"Feature","properties":{"name":"溫泉街86巷","kind":"path"},"geometry":{"type":"LineString","coordinates":[[121.5510812,24.860894099999996],[121.55108860000001,24.861022999999996]]}},{"type":"Feature","properties":{"name":"溫泉街86巷","kind":"steps"},"geometry":{"type":"LineString","coordinates":[[121.5508667,24.8611161],[121.5509444,24.8608849],[121.5510812,24.860894099999996]]}},{"type":"Feature","properties":{"name":null,"kind":"steps"},"geometry":{"type":"LineString","coordinates":[[121.55108860000001,24.861022999999996],[121.5510879,24.8610699]]}},{"type":"Feature","properties":{"name":null,"kind":"path"},"geometry":{"type":"LineString","coordinates":[[121.5510879,24.8610699],[121.5512408,24.861111799999993]]}},{"type":"Feature","properties":{"name":null,"kind":"steps"},"geometry":{"type":"LineString","coordinates":[[121.5515791,24.861184299999998],[121.5515553,24.861249699999995],[121.5515404,24.8612012]]}},{"type":"Feature","properties":{"name":"教堂廣場","kind":"pedestrian"},"geometry":{"type":"LineString","coordinates":[[121.5515442,24.861171999999993],[121.5515353,24.8613579],[121.5514398,24.8613527],[121.5513861,24.861263099999995],[121.5514404,24.861171999999993],[121.5515442,24.861171999999993]]}},{"type":"Feature","properties":{"name":null,"kind":"steps"},"geometry":{"type":"LineString","coordinates":[[121.55151250000002,24.8614371],[121.5514185,24.861434499999998],[121.5514492,24.861357099999996]]}},{"type":"Feature","properties":{"name":"溫泉街86巷","kind":"steps"},"geometry":{"type":"LineString","coordinates":[[121.55091130000001,24.861855],[121.5509114,24.861741899999995],[121.55123650000002,24.861275400000004],[121.5512408,24.861111799999993]]}},{"type":"Feature","properties":{"name":"覽勝大橋","kind":"tertiary"},"geometry":{"type":"LineString","coordinates":[[121.55118820000001,24.861772399999996],[121.5511007,24.8617195]]}},{"type":"Feature","properties":{"name":"覽勝大橋","kind":"tertiary"},"geometry":{"type":"LineString","coordinates":[[121.55176490000001,24.862115199999998],[121.55118820000001,24.861772399999996]]}},{"type":"Feature","properties":{"name":"覽勝大橋","kind":"tertiary"},"geometry":{"type":"LineString","coordinates":[[121.55164720000002,24.862242499999997],[121.55176490000001,24.862115199999998]]}},{"type":"Feature","properties":{"name":"烏來街","kind":"tertiary"},"geometry":{"type":"LineString","coordinates":[[121.55166139999999,24.8641844],[121.5514015,24.8636268],[121.55149330000002,24.862406799999995],[121.55164720000002,24.862242499999997]]}},{"type":"Feature","properties":{"name":null,"kind":"steps"},"geometry":{"type":"LineString","coordinates":[[121.55141780000001,24.8632602],[121.5516514,24.863269499999998]]}},{"type":"Feature","properties":{"name":"烏來街","kind":"primary"},"geometry":{"type":"LineString","coordinates":[[121.55173150000002,24.864313099999993],[121.55166139999999,24.8641844]]}},{"type":"Feature","properties":{"name":"烏來橋","kind":"primary"},"geometry":{"type":"LineString","coordinates":[[121.551849,24.864535899999996],[121.55173150000002,24.864313099999993]]}},{"type":"Feature","properties":{"name":"烏來街","kind":"primary"},"geometry":{"type":"LineString","coordinates":[[121.55190830000001,24.864677200000006],[121.551849,24.864535899999996]]}},{"type":"Feature","properties":{"name":null,"kind":"service"},"geometry":{"type":"LineString","coordinates":[[121.5518279,24.864910799999997],[121.55194940000001,24.865124400000003]]}},{"type":"Feature","properties":{"name":"殘障坡道","kind":"footway"},"geometry":{"type":"LineString","coordinates":[[121.55174080000002,24.86510689999999],[121.5518613,24.8649983]]}},{"type":"Feature","properties":{"name":"溫泉街86巷","kind":"residential"},"geometry":{"type":"LineString","coordinates":[[121.5494572,24.862059100000003],[121.54976700000002,24.8617941],[121.54995,24.8614234],[121.55085249999999,24.861233500000004],[121.55088499999998,24.8611412],[121.55073460000001,24.8608351],[121.5508466,24.860057799999996]]}},{"type":"Feature","properties":{"name":"溫泉街86巷","kind":"residential"},"geometry":{"type":"LineString","coordinates":[[121.5494092,24.8621077],[121.5494572,24.862059100000003]]}},{"type":"Feature","properties":{"name":"溫泉街86巷","kind":"residential"},"geometry":{"type":"LineString","coordinates":[[121.5495361,24.862699899999992],[121.5495475,24.862472900000004],[121.5494092,24.8621077]]}},{"type":"Feature","properties":{"name":null,"kind":"service"},"geometry":{"type":"LineString","coordinates":[[121.5498656,24.863263899999993],[121.5497953,24.8633207],[121.5497844,24.863615199999998]]}},{"type":"Feature","properties":{"name":null,"kind":"path"},"geometry":{"type":"LineString","coordinates":[[121.54985850000001,24.863458400000003],[121.5500414,24.863549999999996],[121.55010459999998,24.86346500000001],[121.5502571,24.8635085],[121.5503072,24.863460999999997]]}},{"type":"Feature","properties":{"name":null,"kind":"tertiary"},"geometry":{"type":"LineString","coordinates":[[121.5511007,24.8617195],[121.55072980000001,24.8620299],[121.5499985,24.862885099999993],[121.549859,24.8632836],[121.54992339999998,24.8640561],[121.5498805,24.864592600000005],[121.5495586,24.8653865],[121.54933269999998,24.865474099999993]]}},{"type":"Feature","properties":{"name":null,"kind":"service"},"geometry":{"type":"LineString","coordinates":[[121.54971380000002,24.865506899999996],[121.5497063,24.864983899999995]]}},{"type":"Feature","properties":{"name":"環山路","kind":"tertiary"},"geometry":{"type":"LineString","coordinates":[[121.5489043,24.867498199999996],[121.54952580000001,24.867197699999995],[121.5498173,24.8668399],[121.549735,24.866231099999993],[121.54933269999998,24.865474099999993]]}},{"type":"Feature","properties":{"name":null,"kind":"service"},"geometry":{"type":"LineString","coordinates":[[121.5498173,24.8668399],[121.54991850000002,24.866756999999996],[121.54998750000001,24.866444]]}},{"type":"Feature","properties":{"name":null,"kind":"steps"},"geometry":{"type":"LineString","coordinates":[[121.5500827,24.866830099999998],[121.5500939,24.866737799999996],[121.5499856,24.8667132],[121.5499721,24.8668351],[121.5498173,24.8668399]]}},{"type":"Feature","properties":{"name":null,"kind":"service"},"geometry":{"type":"LineString","coordinates":[[121.5518613,24.8649983],[121.5518076,24.865123699999998]]}},{"type":"Feature","properties":{"name":null,"kind":"footway"},"geometry":{"type":"LineString","coordinates":[[121.55144959999998,24.865900600000003],[121.5514964,24.865559299999997],[121.55174080000002,24.86510689999999]]}},{"type":"Feature","properties":{"name":null,"kind":"footway"},"geometry":{"type":"LineString","coordinates":[[121.55194940000001,24.865124400000003],[121.5516693,24.8659021]]}},{"type":"Feature","properties":{"name":null,"kind":"residential"},"geometry":{"type":"LineString","coordinates":[[121.55185229999998,24.8660653],[121.5518291,24.865850300000005],[121.551927,24.8655249]]}},{"type":"Feature","properties":{"name":"烏來街","kind":"primary"},"geometry":{"type":"LineString","coordinates":[[121.5512985,24.867036700000003],[121.55120449999998,24.865535599999998],[121.5513237,24.865169899999998],[121.55190830000001,24.864677200000006]]}},{"type":"Feature","properties":{"name":"烏來街","kind":"primary"},"geometry":{"type":"LineString","coordinates":[[121.55190830000001,24.864677200000006],[121.5518856,24.864875299999998],[121.55154230000001,24.865146100000004],[121.5513554,24.8654864],[121.5512985,24.867036700000003]]}},{"type":"Feature","properties":{"name":null,"kind":"footway"},"geometry":{"type":"LineString","coordinates":[[121.5514421,24.865995],[121.55144959999998,24.865900600000003]]}},{"type":"Feature","properties":{"name":null,"kind":"footway"},"geometry":{"type":"LineString","coordinates":[[121.5516693,24.8659021],[121.5513243,24.866029]]}},{"type":"Feature","properties":{"name":null,"kind":"residential"},"geometry":{"type":"LineString","coordinates":[[121.5513293,24.866991],[121.5516655,24.866209699999995],[121.5522763,24.865563599999998],[121.55248559999998,24.8649397]]}},{"type":"Feature","properties":{"name":null,"kind":"path"},"geometry":{"type":"LineString","coordinates":[[121.55198990000001,24.865907499999995],[121.5518725,24.8663579],[121.5520945,24.867448499999995]]}},{"type":"Feature","properties":{"name":null,"kind":"footway"},"geometry":{"type":"LineString","coordinates":[[121.55226139999999,24.864649599999996],[121.55247890000001,24.864582400000003]]}},{"type":"Feature","properties":{"name":null,"kind":"steps"},"geometry":{"type":"LineString","coordinates":[[121.5521349,24.864590799999995],[121.55226139999999,24.864649599999996]]}},{"type":"Feature","properties":{"name":null,"kind":"footway"},"geometry":{"type":"LineString","coordinates":[[121.55190830000001,24.864677200000006],[121.5521349,24.864590799999995]]}},{"type":"Feature","properties":{"name":null,"kind":"steps"},"geometry":{"type":"LineString","coordinates":[[121.5528356,24.8648422],[121.55288120000002,24.864881799999996]]}},{"type":"Feature","properties":{"name":null,"kind":"steps"},"geometry":{"type":"LineString","coordinates":[[121.55248559999998,24.8649397],[121.5525097,24.864861700000006]]}},{"type":"Feature","properties":{"name":null,"kind":"service"},"geometry":{"type":"LineString","coordinates":[[121.5522763,24.865563599999998],[121.5524782,24.865290599999998]]}},{"type":"Feature","properties":{"name":null,"kind":"path"},"geometry":{"type":"LineString","coordinates":[[121.55238890000001,24.865438399999995],[121.5525853,24.865469899999997],[121.55266940000001,24.865654299999996],[121.55252339999998,24.8661676],[121.55234150000001,24.8664615],[121.5523267,24.866850099999994],[121.5520945,24.867448499999995]]}},{"type":"Feature","properties":{"name":null,"kind":"unclassified"},"geometry":{"type":"LineString","coordinates":[[121.5574019,24.883958099999997],[121.55698410000001,24.883274400000005],[121.5564295,24.882916599999998],[121.5558688,24.8823744],[121.55586260000001,24.881994200000005],[121.55554219999999,24.8817036],[121.5554991,24.8813067],[121.55540660000001,24.881161299999995],[121.55493430000001,24.880960399999996],[121.55477299999998,24.8806347],[121.554628,24.8805481],[121.554443,24.880551599999993],[121.5541787,24.880674700000007],[121.55361390000002,24.880612199999998],[121.5534473,24.8808702],[121.55329230000001,24.8809107],[121.5530554,24.880684899999995],[121.5529754,24.880227399999995],[121.5526722,24.879989799999997],[121.5518397,24.8796997],[121.5513081,24.879610999999997],[121.5506852,24.879174300000003],[121.5497947,24.878884600000003],[121.54946070000001,24.8791356],[121.5489581,24.879854999999996],[121.5487882,24.879919199999996],[121.54843160000001,24.8798261],[121.5479082,24.879909900000005],[121.54751410000001,24.880150399999998],[121.54725380000001,24.880191499999995],[121.54713190000001,24.880124699999996],[121.5470045,24.8793541],[121.5471036,24.8789688],[121.5481512,24.8785193],[121.5488449,24.8780826],[121.5498224,24.878117899999996],[121.55006160000002,24.8778277],[121.5501473,24.877466199999997],[121.5502533,24.877382400000002],[121.55074620000002,24.8772957],[121.5510109,24.8770937],[121.5512657,24.877055199999997],[121.5513675,24.876870999999998],[121.5513365,24.8767469],[121.5511067,24.876578799999994],[121.5510393,24.876400199999992],[121.5516479,24.875668099999995],[121.5526686,24.8747147]]}},{"type":"Feature","properties":{"name":null,"kind":"residential"},"geometry":{"type":"LineString","coordinates":[[121.5534473,24.8808702],[121.55326950000001,24.881276899999996],[121.55332040000002,24.8813256],[121.5539642,24.881246499999996]]}},{"type":"Feature","properties":{"name":null,"kind":"residential"},"geometry":{"type":"LineString","coordinates":[[121.55332040000002,24.8813256],[121.5530857,24.8815421],[121.55293550000002,24.881484900000004]]}},{"type":"Feature","properties":{"name":null,"kind":"path"},"geometry":{"type":"LineString","coordinates":[[121.54115369999998,24.7965291],[121.5412572,24.796308800000002],[121.54155149999998,24.79610179999999],[121.5419474,24.7962809],[121.54229859999998,24.7965522],[121.5427577,24.796450100000005],[121.5431028,24.796196899999998],[121.54345090000001,24.79638569999999],[121.5439086,24.7968451],[121.5441876,24.7969474],[121.5442788,24.797156799999996],[121.54484210000001,24.7974149],[121.5449386,24.797633999999995],[121.54581840000002,24.797478200000008],[121.54603019999999,24.7973561],[121.5462914,24.797042299999998],[121.5464105,24.796986499999996],[121.5466832,24.797049199999996],[121.5468944,24.796965599999996],[121.54756280000001,24.796484400000004],[121.5475973,24.796289099999996],[121.54783930000002,24.796135699999997],[121.54840010000001,24.796097299999996],[121.54861520000001,24.7961915],[121.5488188,24.796163599999996],[121.54918370000001,24.796059000000003],[121.5496177,24.795821899999993],[121.5500556,24.795745099999998],[121.5502592,24.795888099999996],[121.55061640000001,24.7956928],[121.55063170000001,24.7954522],[121.5508353,24.795424300000004],[121.55098900000002,24.795145399999996],[121.55154590000001,24.795117499999996],[121.55166880000002,24.7949153],[121.5513846,24.794294600000004],[121.5515037,24.7941969],[121.552099,24.7940086],[121.5524601,24.794165599999992],[121.5533051,24.7938029],[121.5534203,24.793520499999996],[121.5540311,24.793401899999996],[121.5542193,24.7934542],[121.55452660000002,24.7938064],[121.555168,24.7938971],[121.55542540000002,24.7937332],[121.55598230000001,24.794203900000003],[121.5564125,24.794319],[121.5567505,24.794326],[121.55747259999998,24.795068699999998],[121.55796040000001,24.795333699999993],[121.5586441,24.79547669999999],[121.5590244,24.795504499999996],[121.5597619,24.7953128],[121.5598771,24.7951001],[121.56054929999999,24.795096599999997],[121.5611293,24.794985000000004],[121.5615249,24.7950233],[121.56176689999998,24.795215099999993],[121.56376040000002,24.7954278],[121.56442490000002,24.795895099999992],[121.5646861,24.796229799999995],[121.56531220000001,24.7963902],[121.56578080000001,24.796756300000002],[121.56694079999998,24.796710999999995],[121.5674401,24.7967808],[121.5675323,24.797094599999994],[121.56749280000001,24.7973728]]}},{"type":"Feature","properties":{"name":"蕨類步道","kind":"footway"},"geometry":{"type":"LineString","coordinates":[[121.55507530000001,24.843284600000004],[121.55481759999999,24.84323129999999],[121.55464239999999,24.8437381],[121.5543853,24.843933499999995],[121.5543851,24.844332800000004],[121.5541424,24.8446357],[121.55384400000001,24.844676500000006],[121.55368950000002,24.844625199999996],[121.5542941,24.843210699999997],[121.5543093,24.842432699999996],[121.55400579999998,24.841730499999997],[121.5535007,24.8392851]]}},{"type":"Feature","properties":{"name":null,"kind":"footway"},"geometry":{"type":"LineString","coordinates":[[121.55481759999999,24.84323129999999],[121.5548961,24.843022799999996],[121.5551608,24.842770999999995],[121.55539370000001,24.842724700000005],[121.55576839999999,24.842778099999993]]}},{"type":"Feature","properties":{"name":"蕨類步道","kind":"footway"},"geometry":{"type":"LineString","coordinates":[[121.5541424,24.8446357],[121.55404870000001,24.8437746],[121.5543314,24.8434566],[121.55498230000002,24.842122599999996],[121.5550887,24.842014200000005],[121.555973,24.842021400000004],[121.5566098,24.84155910000001]]}},{"type":"Feature","properties":{"name":null,"kind":"footway"},"geometry":{"type":"LineString","coordinates":[[121.55548840000002,24.843102499999997],[121.55542310000001,24.843099699999996]]}},{"type":"Feature","properties":{"name":null,"kind":"footway"},"geometry":{"type":"LineString","coordinates":[[121.5551703,24.843784500000005],[121.55528840000001,24.843740399999998],[121.55539720000002,24.8431112]]}},{"type":"Feature","properties":{"name":null,"kind":"footway"},"geometry":{"type":"LineString","coordinates":[[121.5551703,24.843784500000005],[121.5556467,24.8437879]]}},{"type":"Feature","properties":{"name":null,"kind":"footway"},"geometry":{"type":"LineString","coordinates":[[121.55542310000001,24.843099699999996],[121.55507530000001,24.843284600000004],[121.55503570000002,24.843413699999992],[121.555111,24.8434327],[121.5551516,24.8436012],[121.5550781,24.843764399999998],[121.5551703,24.843784500000005],[121.5551508,24.843901799999998],[121.55494370000001,24.8444522],[121.55482540000001,24.844525399999995],[121.5547356,24.84492639999999]]}},{"type":"Feature","properties":{"name":null,"kind":"path"},"geometry":{"type":"LineString","coordinates":[[121.54164540000001,24.726629499999987],[121.5425443,24.727389800000005],[121.5430164,24.727506800000004],[121.54333819999998,24.728598199999997],[121.54449700000002,24.729027],[121.54488320000002,24.7294948],[121.54537670000002,24.7294948],[121.5461707,24.7297871],[121.54649250000001,24.730274399999995],[121.5472435,24.7306642],[121.54754390000001,24.730975999999995],[121.54823060000001,24.7313073],[121.549561,24.7311319],[121.5510845,24.7316191],[121.5510201,24.732866499999997],[121.551578,24.733509599999998],[121.55134189999998,24.7341333],[121.5518784,24.734971300000005],[121.55220029999998,24.734990800000002],[121.5524577,24.734815399999995],[121.55411,24.7361601],[121.55466790000001,24.736160099999996],[121.5549468,24.736842199999995],[121.5561523,24.737603899999996],[121.55638580000002,24.7376209],[121.55703960000001,24.7380535],[121.55732910000002,24.7387915],[121.5577637,24.738879],[121.5577596,24.739307300000004],[121.5589725,24.740004799999998],[121.5592944,24.7403361],[121.559745,24.740530999999997],[121.560775,24.7417587],[121.5615046,24.744720900000004],[121.5622127,24.745208],[121.5638005,24.745383399999994],[121.5640795,24.745734199999998],[121.5646159,24.747312699999995],[121.56547420000001,24.748657299999998],[121.56699770000002,24.7488327],[121.56815639999999,24.748306499999998],[121.5685427,24.7478973],[121.56886449999999,24.7479752],[121.5691299,24.7487561],[121.5696706,24.749003499999993],[121.569996,24.7494994]]}},{"type":"Feature","properties":{"name":null,"kind":"path"},"geometry":{"type":"LineString","coordinates":[[121.5581195,24.739551],[121.55691620000002,24.7410618],[121.5562724,24.741198199999996],[121.5556072,24.7411982],[121.55464159999998,24.7415685],[121.55427690000002,24.742328499999996],[121.55408370000002,24.744004400000005],[121.55363310000001,24.74497879999999],[121.55363310000001,24.745563399999998],[121.5538946,24.745759400000004],[121.5538785,24.746309899999993],[121.5534118,24.746882299999996],[121.55351639999999,24.747021199999995],[121.5538303,24.7471064],[121.55401300000001,24.7478636],[121.5549004,24.7494305],[121.55512219999999,24.749676699999995],[121.55556589999999,24.7509414],[121.5556768,24.752664999999993],[121.5558247,24.7532134],[121.5560712,24.7555748],[121.55639160000001,24.756268700000003],[121.5563176,24.7569962],[121.5559602,24.757689999999997],[121.5559479,24.7580929],[121.55651480000002,24.7596709],[121.5567613,24.759984299999996],[121.5569624,24.760037199999996],[121.557058,24.7602734],[121.5574048,24.7604727],[121.5582672,24.760677800000003],[121.55843530000001,24.7606524],[121.5584866,24.760584499999997],[121.558116,24.759834500000004]]}},{"type":"Feature","properties":{"name":null,"kind":"path"},"geometry":{"type":"LineString","coordinates":[[121.5525324,24.815431699999998],[121.55280860000002,24.815474599999998],[121.553272,24.815386],[121.55420710000001,24.81495799999999],[121.5543453,24.815002299999996],[121.5550527,24.8146923],[121.55519899999999,24.814751300000005],[121.556191,24.814146199999996],[121.5565813,24.814337999999996],[121.55823190000001,24.8136517],[121.55885800000001,24.813592599999996],[121.55935400000001,24.81299479999999],[121.5593865,24.812751300000002],[121.5592564,24.812242],[121.55910190000002,24.812020600000004],[121.5593865,24.811769700000003],[121.5602728,24.811762299999994],[121.56050040000001,24.811622099999994],[121.5606143,24.8112309],[121.56085,24.811171899999998],[121.56111840000001,24.810987400000002],[121.56112650000001,24.810751199999995],[121.56124359999998,24.810589199999995],[121.56160720000001,24.8104095],[121.5616595,24.810266099999996],[121.5615182,24.8101501],[121.5610452,24.8102272],[121.5606956,24.8101386],[121.56050850000001,24.809887699999997],[121.5602728,24.809725299999997],[121.5599638,24.809193899999997],[121.5594922,24.808632999999997],[121.5586953,24.808160599999994],[121.5585815,24.807872800000002],[121.55824000000001,24.807710400000005],[121.55789040000002,24.807245399999996],[121.55787009999999,24.80702820000001]]}},{"type":"Feature","properties":{"name":null,"kind":"path"},"geometry":{"type":"LineString","coordinates":[[121.5641911,24.841287099999995],[121.56395360000002,24.8410606],[121.5639035,24.8405989],[121.5637939,24.84033240000001],[121.5639283,24.840045299999996],[121.5639283,24.8392777],[121.5638787,24.839125700000004],[121.56349190000002,24.838725900000007],[121.5634071,24.838403099999997],[121.56347540000002,24.838048399999995],[121.56414960000001,24.837130599999995],[121.564672,24.836121400000007],[121.5646106,24.835777699999998],[121.5643561,24.8355773],[121.5642845,24.835383499999995],[121.5639613,24.834992],[121.56365570000001,24.833906399999996],[121.5638063,24.833421999999995],[121.56379019999999,24.833256100000003],[121.56415140000001,24.8326337],[121.5641938,24.8323696],[121.56454480000001,24.8318095],[121.5644907,24.830864600000005],[121.56435030000002,24.830465099999998],[121.56388530000001,24.830263399999996],[121.563837,24.830179700000002],[121.56416460000001,24.829611699999997],[121.56406949999999,24.829461699999996],[121.5640564,24.829225499999996],[121.56416460000001,24.828921600000005],[121.56401249999999,24.8285048],[121.56410750000002,24.8284265],[121.5641309,24.828143800000003],[121.563739,24.8274377],[121.5632418,24.827064799999995],[121.56323740000002,24.826702499999996],[121.5630312,24.826360000000005],[121.56303269999998,24.826210099999997],[121.56259690000002,24.82568579999999],[121.56254569999999,24.8254509],[121.5624243,24.825319500000003],[121.5625296,24.824811099999998],[121.5624024,24.82426299999999],[121.5619578,24.8239644],[121.56109650000002,24.8239113],[121.56082890000002,24.824172699999995],[121.56023219999999,24.824314799999996],[121.56001580000002,24.8243466],[121.55954779999999,24.824264299999996],[121.55927440000002,24.8244714],[121.55949079999999,24.824677099999995],[121.55944550000001,24.8248005],[121.55907260000001,24.824921299999996],[121.55859949999999,24.824929299999997],[121.5579773,24.8254628],[121.55770960000001,24.825493999999996],[121.55740029999998,24.825642],[121.5570574,24.826063399999995],[121.5566999,24.8262691],[121.55638110000001,24.826605600000004],[121.55582459999998,24.826989799999996],[121.5552009,24.8279759],[121.5546789,24.8278512],[121.55420730000002,24.827562499999996],[121.5534666,24.827479500000006],[121.5527866,24.8271272],[121.5515545,24.826827899999994],[121.55111140000001,24.826794699999997],[121.55038170000002,24.826498100000002],[121.5502676,24.826378600000005],[121.5497675,24.826636799999996]]}},{"type":"Feature","properties":{"name":null,"kind":"footway"},"geometry":{"type":"LineString","coordinates":[[121.55592860000002,24.843178899999998],[121.5561226,24.843653000000003],[121.55606090000002,24.843886699999995],[121.5562438,24.844275399999997]]}},{"type":"Feature","properties":{"name":null,"kind":"footway"},"geometry":{"type":"LineString","coordinates":[[121.5556155,24.8448973],[121.5559903,24.845121199999998],[121.5562384,24.844732999999998],[121.5562438,24.844275399999997],[121.55579720000001,24.844145199999996]]}},{"type":"Feature","properties":{"name":null,"kind":"footway"},"geometry":{"type":"LineString","coordinates":[[121.55544110000001,24.845109199999996],[121.5554827,24.8453375],[121.5557442,24.8455993],[121.5559666,24.8457501],[121.55620820000001,24.8457872],[121.55634320000001,24.845524299999997],[121.5559903,24.845121199999998]]}},{"type":"Feature","properties":{"name":null,"kind":"path"},"geometry":{"type":"LineString","coordinates":[[121.55175200000001,24.815612699999996],[121.55201200000002,24.8155704],[121.5523393,24.815626399999996],[121.5525324,24.815431699999998],[121.5525324,24.8153318],[121.5523205,24.815297800000003],[121.55250830000001,24.8148693],[121.5526531,24.8148206],[121.5528569,24.8142704],[121.5532108,24.814177899999997],[121.55326769999999,24.8138901],[121.5533815,24.813779400000005],[121.55343839999999,24.813299699999998],[121.55330019999998,24.812908499999995],[121.55335710000001,24.8127683],[121.5534466,24.812738799999998],[121.5537311,24.81163169999999],[121.55414580000001,24.811107699999994],[121.5545003,24.810383299999998],[121.5546123,24.810298499999995],[121.5546123,24.809908599999996],[121.5550793,24.8096033],[121.55513540000001,24.8094084],[121.5554436,24.809069199999996],[121.55547160000002,24.808916600000003],[121.5549953,24.8083232],[121.5549234,24.80790989999999],[121.5546992,24.8078929],[121.55473660000001,24.8077573],[121.5553717,24.807502900000003],[121.55623560000001,24.807515699999996],[121.5566373,24.807261299999997],[121.55719299999998,24.807049400000004],[121.55750590000001,24.807096000000005],[121.55758990000001,24.807007],[121.55787009999999,24.80702820000001],[121.55801959999998,24.8069264],[121.55817370000001,24.806676300000003],[121.55819700000002,24.805926000000007],[121.5581223,24.8056165],[121.55819319999999,24.8044234],[121.5581012,24.8041856],[121.558172,24.804044299999994],[121.5586746,24.8038451],[121.55907100000002,24.803800099999997],[121.5592408,24.803633099999995],[121.5595523,24.802836299999996],[121.55973629999998,24.802669199999997],[121.55984959999999,24.802245199999994],[121.55999820000001,24.802110200000005],[121.5606211,24.8019881],[121.56099630000001,24.802097399999997],[121.56129360000001,24.8019689],[121.5616211,24.801706199999998],[121.56186249999999,24.801830399999997],[121.5623158,24.801806099999997],[121.5625599,24.801706200000005],[121.5628281,24.801771999999996],[121.56293000000001,24.8019156],[121.56343160000002,24.8015869],[121.5635979,24.8010732],[121.5640051,24.80076],[121.56445809999998,24.8006285],[121.56444759999998,24.800708799999992],[121.56463080000002,24.800916799999996],[121.5648503,24.800899899999994],[121.5649484,24.800789599999998],[121.56489240000002,24.800391099999995],[121.5651621,24.800227699999994],[121.5655755,24.800104199999993]]}},{"type":"Feature","properties":{"name":"內洞林道","kind":"track"},"geometry":{"type":"LineString","coordinates":[[121.56140190000002,24.850757300000005],[121.56150790000001,24.850971799999996],[121.56185440000002,24.8512687],[121.561886,24.8514144],[121.5618197,24.851532099999996],[121.56138549999999,24.851507099999996],[121.55992580000002,24.8516567],[121.5597796,24.8517787],[121.5596947,24.852225999999995],[121.5595287,24.852404000000003],[121.55822190000002,24.852971100000005],[121.5575543,24.8537495],[121.55713530000001,24.853603899999996],[121.5571369,24.853430599999996],[121.5572072,24.8533865],[121.557774,24.8532118],[121.5584379,24.852702999999998],[121.55927390000001,24.852302399999996],[121.5594424,24.852044399999997],[121.5594979,24.8514795],[121.5597785,24.851335799999994],[121.5600696,24.8512866],[121.560181,24.851185000000005],[121.56017759999999,24.850704399999994],[121.55989770000001,24.850114599999998],[121.55931820000002,24.849641800000004],[121.5587481,24.849015899999998],[121.5586855,24.848670400000003],[121.55883670000001,24.848054100000002],[121.55872790000001,24.84767439999999],[121.5586278,24.8475824],[121.55823510000002,24.8474802],[121.55817589999998,24.847393800000003],[121.5587696,24.8467183],[121.55891560000002,24.8462608],[121.5591411,24.8460602],[121.5591424,24.845707599999994],[121.5592485,24.8454959],[121.55964509999998,24.845276599999995],[121.5597793,24.845116699999995],[121.5598279,24.844892699999996],[121.5597691,24.844807000000007],[121.5593049,24.8447783],[121.5591082,24.844701999999998],[121.55900680000002,24.844577299999997],[121.55911720000002,24.844304999999995],[121.55962459999999,24.844267999999996],[121.5597618,24.8441524],[121.5597208,24.8438244],[121.5599317,24.843405200000003],[121.5598067,24.843295699999995],[121.55957650000002,24.8433953],[121.55922610000002,24.8434071],[121.5584807,24.8431784],[121.55811310000001,24.843139299999994],[121.5578795,24.8429632],[121.5578115,24.8427665],[121.5579296,24.842454499999995],[121.5584151,24.842134499999997],[121.5587164,24.8418336],[121.55862850000001,24.8416958],[121.55819650000001,24.841699699999996],[121.5580832,24.841562599999996],[121.55840930000001,24.840819099999997],[121.55869600000001,24.8406635],[121.5586902,24.8403751],[121.55882720000001,24.8401258],[121.5588501,24.8398538],[121.5592026,24.839579299999997],[121.5592369,24.8392573],[121.5596496,24.838877099999998],[121.5601153,24.838880299999992],[121.56034850000002,24.8387442],[121.56063260000002,24.837762600000005],[121.5606236,24.837451599999998],[121.5603848,24.837344899999994],[121.5598999,24.8375377]]}},{"type":"Feature","properties":{"name":null,"kind":"path"},"geometry":{"type":"LineString","coordinates":[[121.5582497,24.850446199999997],[121.55834560000001,24.8499491],[121.5582426,24.849762199999997],[121.55758170000001,24.849559699999993],[121.5573499,24.848640699999997],[121.5574186,24.848251199999996]]}},{"type":"Feature","properties":{"name":"大刀山步道","kind":"path"},"geometry":{"type":"LineString","coordinates":[[121.557187,24.853654099999996],[121.55680850000002,24.8539283],[121.55646870000001,24.853899700000003],[121.55632610000002,24.8538018],[121.5563592,24.85367859999999],[121.5570506,24.8532361],[121.5574076,24.852850499999995],[121.5579353,24.8525739],[121.5582453,24.8521789],[121.5583289,24.851927600000003],[121.5582903,24.851669799999996],[121.5584147,24.8515022],[121.5584762,24.851088700000002],[121.55821270000001,24.850634999999993],[121.5582053,24.8504652],[121.55858710000001,24.850535599999997],[121.5590748,24.850941199999998],[121.5591388,24.850838399999997],[121.55934320000001,24.85085959999999],[121.5593814,24.850532200000004],[121.5597556,24.849999199999996]]}},{"type":"Feature","properties":{"name":null,"kind":"residential"},"geometry":{"type":"LineString","coordinates":[[121.5577769,24.85946419999999],[121.5578552,24.859142099999996],[121.5581834,24.8589161]]}},{"type":"Feature","properties":{"name":null,"kind":"residential"},"geometry":{"type":"LineString","coordinates":[[121.5580559,24.86032249999999],[121.55832259999998,24.859550499999997]]}},{"type":"Feature","properties":{"name":null,"kind":"path"},"geometry":{"type":"LineString","coordinates":[[121.5539979,24.880625499999994],[121.5543651,24.8799739],[121.5543651,24.879331499999996],[121.55457969999999,24.8789422],[121.5548157,24.8788838],[121.554966,24.878708600000003],[121.55573840000001,24.878474999999998],[121.55603879999998,24.87804669999999],[121.5562105,24.8768593],[121.55676840000001,24.876216899999996],[121.55754090000002,24.8757497],[121.55788419999999,24.8756523],[121.557852,24.875983199999997],[121.55801290000001,24.876314199999996],[121.55861380000002,24.876873900000003],[121.5588015,24.877248599999994],[121.55909120000001,24.8770637],[121.5592897,24.8771221],[121.55951500000002,24.877618500000004],[121.5597939,24.8778326],[121.5603894,24.878105099999996],[121.56070590000002,24.8780418],[121.5607864,24.877744999999997],[121.5614462,24.8774822],[121.56142470000002,24.8768982],[121.5614891,24.8764699],[121.56160710000002,24.876360399999996],[121.5616607,24.8760417],[121.5619182,24.87594429999999],[121.5622777,24.8759747],[121.5630639,24.876327400000005]]}},{"type":"Feature","properties":{"name":null,"kind":"footway"},"geometry":{"type":"LineString","coordinates":[[121.55544110000001,24.845109199999996],[121.55582939999998,24.844707499999995],[121.55577839999998,24.8445712],[121.5558289,24.84425999999999],[121.5556845,24.844004099999996],[121.55563619999998,24.843711999999993],[121.55592860000002,24.843178899999998],[121.55548840000002,24.843102499999997]]}},{"type":"Feature","properties":{"name":null,"kind":"footway"},"geometry":{"type":"LineString","coordinates":[[121.554948,24.8444431],[121.55503930000002,24.8444404]]}},{"type":"Feature","properties":{"name":null,"kind":"footway"},"geometry":{"type":"LineString","coordinates":[[121.55503930000002,24.8444404],[121.5551394,24.844489899999992]]}},{"type":"Feature","properties":{"name":null,"kind":"footway"},"geometry":{"type":"LineString","coordinates":[[121.5551394,24.844489899999992],[121.5552399,24.844791699999995],[121.55530240000002,24.844528899999993],[121.55533670000001,24.8447094],[121.5556155,24.8448973]]}},{"type":"Feature","properties":{"name":null,"kind":"footway"},"geometry":{"type":"LineString","coordinates":[[121.555573,24.844547999999996],[121.5553557,24.844656099999998],[121.5553917,24.8449521],[121.55533700000001,24.844949599999996]]}},{"type":"Feature","properties":{"name":null,"kind":"footway"},"geometry":{"type":"LineString","coordinates":[[121.5550095,24.8448127],[121.5552223,24.844857100000002]]}},{"type":"Feature","properties":{"name":null,"kind":"footway"},"geometry":{"type":"LineString","coordinates":[[121.5552223,24.844857100000002],[121.55533700000001,24.844949599999996]]}},{"type":"Feature","properties":{"name":null,"kind":"steps"},"geometry":{"type":"LineString","coordinates":[[121.55533700000001,24.844949599999996],[121.55544110000001,24.845109199999996]]}},{"type":"Feature","properties":{"name":null,"kind":"steps"},"geometry":{"type":"LineString","coordinates":[[121.55508790000002,24.8451597],[121.55544110000001,24.845109199999996]]}},{"type":"Feature","properties":{"name":null,"kind":"footway"},"geometry":{"type":"LineString","coordinates":[[121.55575829999998,24.844957499999996],[121.555543,24.845397800000008]]}},{"type":"Feature","properties":{"name":null,"kind":"path"},"geometry":{"type":"LineString","coordinates":[[121.5574186,24.848251199999996],[121.5574675,24.848129999999998],[121.55762040000002,24.8480889],[121.55733159999998,24.8477549],[121.55704280000002,24.847312999999993],[121.55693520000001,24.846984099999997],[121.55652749999999,24.846429099999998],[121.5563802,24.845833099999997],[121.55620820000001,24.8457872]]}},{"type":"Feature","properties":{"name":null,"kind":"residential"},"geometry":{"type":"LineString","coordinates":[[121.55621720000002,24.8571148],[121.5560791,24.857034500000005]]}},{"type":"Feature","properties":{"name":null,"kind":"residential"},"geometry":{"type":"LineString","coordinates":[[121.5560389,24.857318399999997],[121.55621720000002,24.8571148],[121.55654310000001,24.856956600000004],[121.556413,24.856888399999995]]}},{"type":"Feature","properties":{"name":null,"kind":"residential"},"geometry":{"type":"LineString","coordinates":[[121.55711579999999,24.8572528],[121.5575999,24.8571367]]}},{"type":"Feature","properties":{"name":null,"kind":"residential"},"geometry":{"type":"LineString","coordinates":[[121.5573089,24.8573333],[121.5570956,24.857382499999996]]}},{"type":"Feature","properties":{"name":null,"kind":"service"},"geometry":{"type":"LineString","coordinates":[[121.5566719,24.858070599999998],[121.557524,24.85769879999999],[121.55809839999999,24.8576013]]}},{"type":"Feature","properties":{"name":null,"kind":"residential"},"geometry":{"type":"LineString","coordinates":[[121.55665440000001,24.858026200000005],[121.5563218,24.858124800000002]]}},{"type":"Feature","properties":{"name":"啦卡路15巷","kind":"residential"},"geometry":{"type":"LineString","coordinates":[[121.5580559,24.8602581],[121.55783260000001,24.859484399999996],[121.557744,24.859484399999996],[121.55751540000001,24.85974789999999],[121.5573739,24.860034500000005],[121.55722440000001,24.859958499999994],[121.5570259,24.860000599999996],[121.5569549,24.8597646],[121.5565427,24.859435499999996],[121.55655750000001,24.859298599999995],[121.5567698,24.8592305],[121.55674440000001,24.859126399999997],[121.5563407,24.85911519999999],[121.5561019,24.858962599999995],[121.55608040000001,24.8588622],[121.5563151,24.858290099999998],[121.5566719,24.858070599999998],[121.5566089,24.857947999999993],[121.55520200000001,24.857483200000004],[121.55556680000001,24.857332999999997],[121.5563058,24.8573552],[121.55711579999999,24.8572528],[121.55739069999998,24.857361299999997],[121.5578628,24.857232599999996]]}},{"type":"Feature","properties":{"name":null,"kind":"residential"},"geometry":{"type":"LineString","coordinates":[[121.5566397,24.859507100000002],[121.5571372,24.859149399999996],[121.5572137,24.8587113]]}},{"type":"Feature","properties":{"name":null,"kind":"residential"},"geometry":{"type":"LineString","coordinates":[[121.55722440000001,24.859958499999994],[121.55727369999998,24.859319300000003],[121.55745870000001,24.858881],[121.55823390000002,24.8585463],[121.55731860000002,24.8584064],[121.5572578,24.8583132]]}},{"type":"Feature","properties":{"name":null,"kind":"steps"},"geometry":{"type":"LineString","coordinates":[[121.55508790000002,24.8451597],[121.5547491,24.845350599999993]]}},{"type":"Feature","properties":{"name":null,"kind":"footway"},"geometry":{"type":"LineString","coordinates":[[121.5532372,24.846070199999996],[121.55332440000001,24.845939799999996],[121.55321739999998,24.845761099999994],[121.55361390000002,24.8452892],[121.55397969999999,24.845180299999996],[121.5542171,24.845269200000004],[121.55439540000002,24.845174799999995],[121.5545478,24.845183],[121.5547356,24.84492639999999]]}},{"type":"Feature","properties":{"name":"啦卡步道","kind":"footway"},"geometry":{"type":"LineString","coordinates":[[121.5537067,24.8604983],[121.55351999999999,24.86041639999999],[121.55327670000001,24.85991],[121.55305490000002,24.858973700000004],[121.55313360000001,24.8587906],[121.55307210000001,24.858563300000004],[121.55315940000001,24.858128299999997],[121.5531164,24.857710100000006],[121.5534113,24.8574335],[121.5533411,24.857178999999995],[121.5536194,24.8572585],[121.5537082,24.857189700000006],[121.5536581,24.856907899999992],[121.5534892,24.856605299999995],[121.5537626,24.856785799999997],[121.55388849999999,24.8572325],[121.5539744,24.857223399999995],[121.55388280000001,24.856750699999996],[121.55366520000001,24.856571499999998],[121.5532616,24.855962399999996],[121.5541289,24.8567079],[121.55436220000001,24.857133799999993],[121.554461,24.857146799999995],[121.5546027,24.856315699999996],[121.5546971,24.856190999999992],[121.5546828,24.856004],[121.55485600000002,24.855870199999995],[121.5549476,24.855605299999997],[121.5551637,24.8553391],[121.5561613,24.855017],[121.5564432,24.854474199999995],[121.55646870000001,24.853899700000003]]}},{"type":"Feature","properties":{"name":null,"kind":"residential"},"geometry":{"type":"LineString","coordinates":[[121.5563407,24.85911519999999],[121.55580550000002,24.859037799999996],[121.55552990000001,24.859122499999998],[121.5550956,24.8590632],[121.55552060000001,24.8587497],[121.5554926,24.858486899999996],[121.55533100000001,24.858345400000005],[121.55534750000001,24.858272299999996]]}},{"type":"Feature","properties":{"name":null,"kind":"residential"},"geometry":{"type":"LineString","coordinates":[[121.55506999999999,24.860927999999998],[121.55545150000002,24.8607081],[121.5552758,24.860934499999995]]}},{"type":"Feature","properties":{"name":"啦卡路9巷","kind":"residential"},"geometry":{"type":"LineString","coordinates":[[121.5545475,24.862084399999997],[121.55452810000001,24.861143199999994],[121.55448580000001,24.861067399999992],[121.5543377,24.861054599999992],[121.55424310000001,24.8611955],[121.5541117,24.8626399],[121.5538019,24.8629925],[121.5534626,24.863166600000003],[121.55335800000002,24.863152499999998],[121.5533861,24.8630035],[121.55365170000002,24.8628917],[121.5537067,24.8604983],[121.5540674,24.86041519999999],[121.55494450000002,24.860515599999996],[121.55522620000002,24.8600435],[121.556122,24.8594876],[121.5563675,24.8595204],[121.5564358,24.8598355],[121.55654310000001,24.8599738],[121.5568207,24.860093],[121.5570259,24.860000599999996]]}},{"type":"Feature","properties":{"name":null,"kind":"service"},"geometry":{"type":"LineString","coordinates":[[121.55452690000001,24.861738600000002],[121.5545747,24.861163999999995]]}},{"type":"Feature","properties":{"name":null,"kind":"steps"},"geometry":{"type":"LineString","coordinates":[[121.554215,24.8617816],[121.5537062,24.861766099999997]]}},{"type":"Feature","properties":{"name":null,"kind":"service"},"geometry":{"type":"LineString","coordinates":[[121.5545535,24.863042699999998],[121.55436370000001,24.863025300000004],[121.5542126,24.863136799999992]]}},{"type":"Feature","properties":{"name":null,"kind":"service"},"geometry":{"type":"LineString","coordinates":[[121.5543117,24.880612799999998],[121.55451670000001,24.8803194],[121.55514700000002,24.880539599999995],[121.55501830000001,24.880397299999995]]}},{"type":"Feature","properties":{"name":null,"kind":"residential"},"geometry":{"type":"LineString","coordinates":[[121.55588870000001,24.860386799999997],[121.55684880000001,24.860654099999994],[121.5568583,24.860797299999998]]}},{"type":"Feature","properties":{"name":null,"kind":"residential"},"geometry":{"type":"LineString","coordinates":[[121.5568583,24.860797299999998],[121.5571826,24.860774099999997]]}},{"type":"Feature","properties":{"name":null,"kind":"path"},"geometry":{"type":"LineString","coordinates":[[121.5520945,24.867448499999995],[121.5519997,24.867856200000002],[121.5520977,24.867924600000002],[121.5529039,24.867886699999996],[121.553335,24.867694899999996],[121.5533905,24.867803299999995],[121.55389560000002,24.867859600000003],[121.55440870000001,24.8680672],[121.5545721,24.868318699999996],[121.55505589999999,24.8685993],[121.5554557,24.868387999999992],[121.55570660000001,24.8684021],[121.55576630000002,24.868237600000004],[121.5562595,24.868033699999998],[121.55644490000002,24.8677971],[121.5570313,24.867660899999997],[121.5572687,24.8674163],[121.5576246,24.867444300000002],[121.5577515,24.8677656],[121.5582284,24.867995799999996],[121.5584123,24.868010599999998],[121.5592051,24.8679378],[121.5598907,24.86799690000001],[121.560325,24.8678371],[121.56137829999999,24.867785700000002],[121.5615604,24.867644699999992],[121.56207549999999,24.867925600000003],[121.56232060000002,24.8682985],[121.5623769,24.8686428]]}},{"type":"Feature","properties":{"name":null,"kind":"service"},"geometry":{"type":"LineString","coordinates":[[121.55675609999999,24.8831402],[121.55593430000002,24.883454699999994],[121.5554058,24.883474100000004],[121.55526110000001,24.883639600000002],[121.5552879,24.883707700000002],[121.5556204,24.8837454]]}},{"type":"Feature","properties":{"name":null,"kind":"unclassified"},"geometry":{"type":"LineString","coordinates":[[121.55743480000001,24.884034299999996],[121.5574019,24.883958099999997]]}},{"type":"Feature","properties":{"name":null,"kind":"unclassified"},"geometry":{"type":"LineString","coordinates":[[121.5554686,24.885093499999996],[121.5552087,24.885696899999996],[121.55569820000001,24.886320899999998],[121.5557328,24.8870326],[121.55593130000001,24.8871409],[121.5558996,24.886835199999993],[121.5563371,24.88638239999999],[121.5563802,24.886192300000005],[121.55615990000001,24.885667199999993],[121.5563271,24.885148800000003],[121.5571976,24.884304999999994],[121.55743380000001,24.884164099999992],[121.55743480000001,24.884034299999996]]}},{"type":"Feature","properties":{"name":null,"kind":"residential"},"geometry":{"type":"LineString","coordinates":[[121.55597449999999,24.886733299999996],[121.55606970000001,24.8864633]]}},{"type":"Feature","properties":{"name":null,"kind":"track"},"geometry":{"type":"LineString","coordinates":[[121.5567936,24.887689599999998],[121.55679930000001,24.887870799999998],[121.55664500000002,24.888283199999996],[121.55649480000001,24.888253999999993]]}},{"type":"Feature","properties":{"name":null,"kind":"unclassified"},"geometry":{"type":"LineString","coordinates":[[121.55593130000001,24.8871409],[121.5567936,24.887689599999998],[121.5568835,24.887871999999998],[121.5568945,24.8882565],[121.5573075,24.888453499999997],[121.55735310000001,24.888631199999992],[121.55727600000002,24.8887864],[121.5569666,24.888796700000004],[121.55697770000002,24.889195299999997]]}},{"type":"Feature","properties":{"name":null,"kind":"unclassified"},"geometry":{"type":"LineString","coordinates":[[121.55697770000002,24.889195299999997],[121.5569803,24.8892662]]}},{"type":"Feature","properties":{"name":null,"kind":"residential"},"geometry":{"type":"LineString","coordinates":[[121.55405,24.8844036],[121.5540822,24.88435],[121.55385420000002,24.884146900000005],[121.5538877,24.8840593],[121.554215,24.8837466],[121.5545301,24.8836201],[121.5545811,24.8834911],[121.55474599999998,24.8835349],[121.5547004,24.883148000000002]]}},{"type":"Feature","properties":{"name":null,"kind":"unclassified"},"geometry":{"type":"LineString","coordinates":[[121.5538106,24.883530699999994],[121.5539108,24.883659099999992],[121.5537603,24.8841486],[121.5540514,24.884454699999996],[121.55376990000002,24.884750100000005],[121.5538382,24.8848208],[121.55495800000001,24.884565399999996],[121.55532700000002,24.8847449]]}},{"type":"Feature","properties":{"name":null,"kind":"unclassified"},"geometry":{"type":"LineString","coordinates":[[121.55532700000002,24.8847449],[121.5554686,24.885093499999996]]}},{"type":"Feature","properties":{"name":null,"kind":"residential"},"geometry":{"type":"LineString","coordinates":[[121.5553683,24.885936399999995],[121.55576390000002,24.8857881],[121.5557331,24.885709]]}},{"type":"Feature","properties":{"name":null,"kind":"residential"},"geometry":{"type":"LineString","coordinates":[[121.5554523,24.886034300000002],[121.555426,24.8863392],[121.5553468,24.8863635],[121.5548922,24.885879900000003]]}},{"type":"Feature","properties":{"name":null,"kind":"residential"},"geometry":{"type":"LineString","coordinates":[[121.5552449,24.886202899999997],[121.5549928,24.8861384],[121.554848,24.8862333]]}},{"type":"Feature","properties":{"name":null,"kind":"track"},"geometry":{"type":"LineString","coordinates":[[121.5557355,24.886521600000002],[121.55529320000001,24.887210199999995],[121.5553066,24.887352599999993],[121.55515910000001,24.8872625],[121.5550773,24.886992499999998]]}},{"type":"Feature","properties":{"name":null,"kind":"track"},"geometry":{"type":"LineString","coordinates":[[121.55515910000001,24.8872625],[121.55496730000002,24.887271099999996],[121.55488820000001,24.8870557],[121.5546374,24.887015599999994]]}},{"type":"Feature","properties":{"name":null,"kind":"unclassified"},"geometry":{"type":"LineString","coordinates":[[121.5569803,24.8892662],[121.55683790000002,24.889285499999996],[121.5565485,24.889074],[121.55605200000001,24.889214899999995],[121.5559903,24.8893025],[121.5560509,24.8899973],[121.5561969,24.890048199999995],[121.5567547,24.88999829999999],[121.5569666,24.890119999999996],[121.5574307,24.890168599999996],[121.55754600000002,24.890339],[121.5578061,24.8904193],[121.5584687,24.890385699999992],[121.55855449999999,24.890061599999992],[121.559236,24.8895302],[121.55914100000001,24.889415200000002],[121.5587631,24.8895082],[121.55851099999998,24.889416],[121.5585151,24.8892021],[121.55875339999999,24.8888886],[121.5587793,24.8887374],[121.55864110000002,24.8883539]]}},{"type":"Feature","properties":{"name":null,"kind":"track"},"geometry":{"type":"LineString","coordinates":[[121.55633390000001,24.890047599999992],[121.5564962,24.8903161],[121.55648280000001,24.8904146],[121.5564157,24.890479099999997],[121.5561166,24.8904718],[121.55599459999999,24.890647]]}},{"type":"Feature","properties":{"name":null,"kind":"footway"},"geometry":{"type":"LineString","coordinates":[[121.5500068,24.8469501],[121.549762,24.846780999999996],[121.549531,24.8467373],[121.54861370000002,24.8466452],[121.5472427,24.8466527],[121.5458237,24.846418900000003],[121.5450364,24.84646529999999],[121.5445834,24.8466425],[121.5445722,24.8467063]]}},{"type":"Feature","properties":{"name":null,"kind":"path"},"geometry":{"type":"LineString","coordinates":[[121.5490462,24.849418899999996],[121.5485635,24.850045299999998],[121.5485989,24.850222499999997],[121.5490369,24.85066159999999],[121.5490422,24.8511369],[121.54886880000001,24.851109599999997],[121.5486441,24.8511802],[121.54846709999998,24.850793199999995],[121.5481919,24.850664799999993],[121.548115,24.850692099999996],[121.54813,24.850846200000003],[121.5473841,24.850549199999996],[121.5471788,24.850754699999996],[121.54697530000001,24.850836599999997],[121.54703020000001,24.850666399999998],[121.5468585,24.850422300000005],[121.5466214,24.850481699999992],[121.5464834,24.8505989],[121.54618790000002,24.850447999999997],[121.5458764,24.850403],[121.5454995,24.850671200000004],[121.5449916,24.8506889],[121.5443475,24.8508366],[121.5439086,24.851458],[121.5438856,24.851724599999997],[121.5437883,24.8518177],[121.54265130000002,24.8521597]]}},{"type":"Feature","properties":{"name":null,"kind":"residential"},"geometry":{"type":"LineString","coordinates":[[121.5469047,24.852585499999993],[121.546914,24.8525162],[121.5466967,24.852506400000003],[121.5467195,24.8524456],[121.5473096,24.8523166],[121.5475523,24.852163299999997]]}},{"type":"Feature","properties":{"name":null,"kind":"residential"},"geometry":{"type":"LineString","coordinates":[[121.54673290000001,24.852948899999998],[121.5465008,24.852577],[121.54642030000001,24.852576999999997],[121.5463708,24.852690199999998]]}},{"type":"Feature","properties":{"name":null,"kind":"residential"},"geometry":{"type":"LineString","coordinates":[[121.5472284,24.853083099999996],[121.54712860000001,24.853284],[121.54715,24.853725800000003],[121.5469596,24.8539521]]}},{"type":"Feature","properties":{"name":null,"kind":"residential"},"geometry":{"type":"LineString","coordinates":[[121.54629240000001,24.8536017],[121.5461886,24.8537939],[121.54616700000001,24.854202800000003],[121.5457316,24.854689600000007]]}},{"type":"Feature","properties":{"name":null,"kind":"residential"},"geometry":{"type":"LineString","coordinates":[[121.5459262,24.854485699999998],[121.54630380000002,24.8546798]]}},{"type":"Feature","properties":{"name":null,"kind":"residential"},"geometry":{"type":"LineString","coordinates":[[121.5474141,24.854628900000005],[121.54733280000002,24.854438699999996],[121.54722880000001,24.854473899999995],[121.54720519999998,24.854583099999996],[121.5468491,24.854650999999997],[121.5466028,24.855016600000003],[121.5464657,24.855030499999998],[121.5464651,24.854935199999996]]}},{"type":"Feature","properties":{"name":null,"kind":"unclassified"},"geometry":{"type":"LineString","coordinates":[[121.54901150000002,24.853109900000003],[121.5488746,24.853158499999996],[121.54877489999998,24.853341399999998],[121.5490776,24.853738599999996],[121.5489988,24.853927399999996],[121.54862659999999,24.854281700000005],[121.5483906,24.854404900000002],[121.5481834,24.8547421],[121.54810240000002,24.854710599999997],[121.5480971,24.854468299999997],[121.548423,24.853913800000004],[121.5483555,24.853834399999993],[121.54828010000001,24.8538572],[121.5476567,24.854673400000003],[121.54721910000002,24.8549718],[121.5471798,24.854870199999997],[121.5474141,24.854628900000005],[121.5474293,24.8544723],[121.5471468,24.8539258],[121.5472716,24.8536464],[121.5472284,24.853083099999996],[121.5469047,24.852585499999993],[121.5467463,24.852618399999994],[121.5467973,24.8528362],[121.54668180000002,24.853074299999996],[121.5467838,24.8533349],[121.5467238,24.8534799],[121.54614910000001,24.853664],[121.54601529999998,24.8541848],[121.54591529999999,24.8543138],[121.5454963,24.854524999999995],[121.5450981,24.8545971],[121.54501469999998,24.854904599999994],[121.5447382,24.8551442],[121.544081,24.855477899999997],[121.54425020000001,24.855976199999994],[121.54404500000001,24.8562646],[121.5444705,24.8569731],[121.5443686,24.8570819],[121.5437019,24.857200899999995],[121.5436995,24.8572938],[121.54410169999998,24.8576125],[121.54404379999998,24.8577667]]}},{"type":"Feature","properties":{"name":null,"kind":"path"},"geometry":{"type":"LineString","coordinates":[[121.54724520000002,24.7689181],[121.5472721,24.7687006],[121.54700650000001,24.7686471]]}},{"type":"Feature","properties":{"name":"信福路","kind":"tertiary"},"geometry":{"type":"LineString","coordinates":[[121.55013660000002,24.8470074],[121.54952780000002,24.8467926],[121.5483892,24.8466882],[121.54750939999998,24.8467415],[121.54560389999999,24.8464538],[121.5450409,24.8465244],[121.5445722,24.8467063]]}},{"type":"Feature","properties":{"name":null,"kind":"path"},"geometry":{"type":"LineString","coordinates":[[121.5479793,24.852370699999998],[121.5479692,24.852183499999995],[121.5482821,24.8515394],[121.5484969,24.851357199999995],[121.54861400000001,24.851127200000004]]}},{"type":"Feature","properties":{"name":null,"kind":"track"},"geometry":{"type":"LineString","coordinates":[[121.5469767,24.8527538],[121.54713150000002,24.8526189],[121.54763030000001,24.852541399999993],[121.5479793,24.852370699999998]]}},{"type":"Feature","properties":{"name":null,"kind":"residential"},"geometry":{"type":"LineString","coordinates":[[121.5486871,24.8546978],[121.54879139999998,24.854957199999998],[121.5490435,24.855239499999993],[121.5489952,24.855507299999996],[121.54837829999998,24.855487799999995]]}},{"type":"Feature","properties":{"name":null,"kind":"unclassified"},"geometry":{"type":"LineString","coordinates":[[121.54843790000001,24.8543802],[121.54914539999999,24.8552249],[121.5488772,24.8560475],[121.54846600000002,24.856372],[121.54835179999999,24.8565461]]}},{"type":"Feature","properties":{"name":null,"kind":"track"},"geometry":{"type":"LineString","coordinates":[[121.54835179999999,24.8565461],[121.54818670000002,24.856730299999995],[121.54812370000002,24.857101399999998]]}},{"type":"Feature","properties":{"name":null,"kind":"service"},"geometry":{"type":"LineString","coordinates":[[121.54845440000001,24.8576128],[121.5484254,24.858234499999995],[121.54838069999998,24.858352499999995],[121.54819250000001,24.85839079999999],[121.54816649999998,24.858517599999995],[121.5485407,24.859118899999995],[121.548526,24.8593599],[121.54821620000001,24.859384199999997],[121.5481612,24.8594864],[121.5477763,24.859236999999993],[121.5476073,24.859179799999996],[121.54746649999998,24.859244299999997]]}},{"type":"Feature","properties":{"name":null,"kind":"path"},"geometry":{"type":"LineString","coordinates":[[121.5490019,24.860408599999996],[121.5489418,24.860316799999996],[121.54849100000001,24.8602968],[121.5481423,24.860150799999996],[121.5479492,24.859892800000004],[121.5474771,24.859649399999995],[121.5474342,24.8593282],[121.5471713,24.8591189],[121.54675290000002,24.858491000000004],[121.54642620000001,24.8583133]]}},{"type":"Feature","properties":{"name":null,"kind":"residential"},"geometry":{"type":"LineString","coordinates":[[121.54829669999998,24.861307100000005],[121.5481317,24.8612521],[121.54800110000001,24.8613156],[121.54803970000002,24.861736999999994],[121.547985,24.8618292],[121.5476148,24.8618096],[121.54706230000001,24.861650199999996],[121.5465674,24.861740199999996]]}},{"type":"Feature","properties":{"name":null,"kind":"path"},"geometry":{"type":"LineString","coordinates":[[121.5504873,24.812881799999996],[121.5504061,24.812167700000007],[121.54997700000001,24.811758699999995],[121.5498053,24.811135399999998],[121.54993410000002,24.8108433],[121.5505563,24.810473200000004],[121.5505349,24.810239499999998],[121.55027739999998,24.810200499999997],[121.54974090000002,24.809460399999992],[121.54976240000002,24.808954],[121.54965510000001,24.8087202],[121.54890410000002,24.808330700000003],[121.5487968,24.8078438],[121.54813159999999,24.8070841],[121.5478527,24.806597200000002],[121.54729480000002,24.806344],[121.54714459999998,24.8059934],[121.54746640000002,24.805798599999996],[121.5483247,24.8057402],[121.54841060000001,24.805467499999995],[121.5474235,24.804279299999997],[121.54592150000002,24.803383300000007],[121.5437757,24.802799000000004],[121.5431964,24.802526299999993],[121.54175870000002,24.8026821],[121.54102909999999,24.8024873],[121.54036390000002,24.8026237],[121.53938439999999,24.8021926]]}},{"type":"Feature","properties":{"name":null,"kind":"path"},"geometry":{"type":"LineString","coordinates":[[121.5504873,24.812881799999996],[121.550321,24.8129743],[121.5502298,24.813227499999996],[121.5502352,24.814376599999996],[121.5501386,24.814995000000003],[121.5500528,24.8150827],[121.5498596,24.815102100000004],[121.54962900000001,24.814917100000002],[121.5499991,24.8146834],[121.5499508,24.8146298],[121.54973630000002,24.814615199999995],[121.5490603,24.814011500000003],[121.5488833,24.813977400000002],[121.54871699999998,24.813787499999997],[121.5484005,24.813617099999995],[121.5480411,24.813193399999996],[121.54788020000001,24.813173999999997],[121.5474564,24.812920799999997],[121.5473062,24.812691900000004],[121.54723110000002,24.812380300000004],[121.54697899999998,24.8121076],[121.5467912,24.812029699999997],[121.5466517,24.811854400000005],[121.54585779999998,24.811289599999988],[121.5455413,24.8108708],[121.5453374,24.8107783],[121.54488680000001,24.8097265],[121.5442967,24.809424600000003],[121.54411970000001,24.809108100000003],[121.54386760000001,24.808928000000005],[121.5437496,24.808932799999997],[121.54329900000002,24.8085968],[121.54300930000001,24.808197600000003],[121.54241919999998,24.807895700000003],[121.54220459999999,24.807603499999992],[121.5416253,24.807574300000002],[121.54063600000002,24.8071356],[121.5399582,24.806632200000003],[121.5397487,24.806688099999995],[121.53961930000001,24.806649],[121.5393543,24.8063973]]}},{"type":"Feature","properties":{"name":"內洞林道","kind":"track"},"geometry":{"type":"LineString","coordinates":[[121.5598999,24.8375377],[121.559692,24.8375794],[121.55954000000001,24.837743300000003],[121.5592638,24.837775899999997],[121.55899390000002,24.838123600000003],[121.5584144,24.8382341],[121.55836150000002,24.838383],[121.55840550000002,24.838632299999997],[121.5580827,24.8388072],[121.5576639,24.838854499999997],[121.55683920000001,24.838811599999996],[121.5564349,24.838930300000005],[121.5561361,24.839266399999993],[121.5560538,24.839831999999998],[121.55592740000002,24.8399366],[121.55461989999999,24.8396247],[121.55397760000001,24.839003999999996],[121.5538127,24.8389967],[121.5535007,24.8392851],[121.55312240000002,24.839216699999998],[121.55249030000002,24.8400596],[121.5523239,24.8401682],[121.5520884,24.840181299999998],[121.551326,24.839849499999996],[121.551237,24.8401556],[121.5513045,24.8403176],[121.55113270000001,24.840381399999995],[121.55088280000001,24.840725099999997],[121.5505106,24.8407875],[121.5499574,24.840584],[121.5496591,24.8403003],[121.54923720000001,24.840240799999997],[121.5485811,24.840414599999995],[121.548328,24.8403686],[121.5480523,24.8397593],[121.54788319999999,24.8396024],[121.5472049,24.8393919],[121.54716220000002,24.8393151],[121.5471906,24.839169800000004],[121.5475839,24.8388861],[121.5477129,24.838634499999994],[121.5475785,24.837469299999995],[121.5476679,24.837226100000002],[121.5478235,24.8371789],[121.54870619999998,24.837390400000004],[121.5488394,24.8373669],[121.54897379999998,24.8371675],[121.5494104,24.837510900000005],[121.5497678,24.8373929],[121.54991750000002,24.8372685],[121.5500116,24.8368514],[121.5500225,24.8359598],[121.5501244,24.835894099999997],[121.5506772,24.835837699999995],[121.55072860000001,24.835530299999995],[121.5509858,24.835427299999996],[121.5507051,24.834954399999997],[121.55062840000001,24.8345587],[121.5508819,24.834086699999993],[121.55075950000001,24.8338231],[121.5509814,24.833451200000003],[121.5506618,24.833117799999997],[121.5504829,24.8331397],[121.5501147,24.833568799999995],[121.54960269999998,24.83386580000001],[121.5492894,24.833944599999995],[121.5491094,24.834142799999995],[121.5483504,24.834285499999996],[121.54703689999998,24.833285800000002],[121.5468906,24.833282],[121.546699,24.8336896],[121.5467516,24.834220599999995],[121.54643,24.834391299999997],[121.54628640000001,24.834679699999995],[121.5457007,24.834656],[121.5448741,24.834845199999997],[121.5436098,24.834760899999992],[121.5430421,24.8350648],[121.54267590000002,24.835493299999992],[121.54251759999998,24.835551800000005],[121.54157660000001,24.835406],[121.5415018,24.835030899999992],[121.5415699,24.834751200000003],[121.54148399999998,24.8344161],[121.54154780000002,24.8335601],[121.54105940000001,24.8329982],[121.54105760000002,24.8326827],[121.5405361,24.832625700000005],[121.53999610000001,24.831881100000004],[121.5391807,24.831322299999997],[121.53915640000001,24.8314275],[121.53981370000001,24.831956600000005],[121.5402934,24.8328357],[121.54012030000001,24.8327253],[121.539803,24.832236500000004],[121.53945429999999,24.831976],[121.53915390000002,24.8318616],[121.53875160000001,24.831844600000004],[121.53819239999999,24.831964999999997],[121.53768140000001,24.832317499999995],[121.53684139999999,24.832243399999996],[121.53594289999998,24.832530399999996],[121.53501419999999,24.832605500000003],[121.5347617,24.832804200000005],[121.53458270000002,24.833066299999995],[121.53440600000002,24.8331042],[121.53274760000001,24.832906999999995],[121.53225760000001,24.833079899999998],[121.5317452,24.833457700000004],[121.53145289999999,24.833397899999998],[121.53124119999998,24.833209999999998],[121.53117119999999,24.8329361],[121.5312509,24.832529299999994],[121.53126990000001,24.8308557],[121.5320951,24.830372100000005],[121.5328309,24.829441699999997],[121.53331300000002,24.829198699999996],[121.5331947,24.828691199999998],[121.5330236,24.828477899999996],[121.53292690000002,24.8279494],[121.5333883,24.827714299999993],[121.5333723,24.827488200000005],[121.53357290000001,24.826754399999995],[121.534048,24.8261661],[121.53404600000002,24.8258603],[121.5345523,24.825104299999996],[121.53497879999999,24.8249381],[121.53573000000002,24.825289499999997],[121.53602220000002,24.825293399999996],[121.53623760000002,24.824996800000005],[121.5366469,24.8249907],[121.53663920000001,24.8242961],[121.5367242,24.8241475],[121.5370929,24.824056399999996],[121.5373438,24.824169000000005],[121.5376356,24.82413279999999],[121.5378971,24.823778900000008],[121.53858720000001,24.8234568],[121.53887730000001,24.823168200000005],[121.53928560000001,24.823255399999997],[121.5398154,24.8235246],[121.5402831,24.823481199999996],[121.5412716,24.823651200000004],[121.54186290000001,24.8232171],[121.54216479999998,24.823234600000003],[121.54284879999999,24.823492499999997],[121.5429693,24.823717799999997],[121.5429763,24.8239842],[121.5431232,24.824107799999997],[121.54330720000002,24.824104699999996],[121.54342200000002,24.823968800000003],[121.5433982,24.823582199999997],[121.54357209999999,24.823376499999988],[121.5434532,24.8230975],[121.5435983,24.8227574],[121.5434793,24.822432999999997],[121.54298890000001,24.821879499999998],[121.5430253,24.821512400000003],[121.54334829999999,24.821252199999996],[121.5436734,24.821334999999998],[121.54384870000001,24.8212892],[121.54405900000002,24.8209874],[121.5443022,24.821003300000005],[121.5449473,24.820140600000002],[121.5457444,24.819605199999998],[121.5461231,24.81923159999999],[121.54617720000002,24.819091399999998],[121.5468254,24.818841399999997],[121.54688539999998,24.818698600000005],[121.5467388,24.8182989],[121.5467698,24.818140599999996],[121.54734100000002,24.817574799999996],[121.5478638,24.817496900000002],[121.5482461,24.817172799999998],[121.54839490000002,24.816894],[121.5488195,24.8168608],[121.5504692,24.8162262],[121.5511877,24.8157245],[121.55140339999998,24.8152208],[121.5516754,24.815133999999993]]}},{"type":"Feature","properties":{"name":"信福路","kind":"tertiary"},"geometry":{"type":"LineString","coordinates":[[121.5445722,24.8467063],[121.5441348,24.846879900000005]]}},{"type":"Feature","properties":{"name":null,"kind":"residential"},"geometry":{"type":"LineString","coordinates":[[121.54460900000001,24.8565679],[121.5449694,24.856252599999998]]}},{"type":"Feature","properties":{"name":null,"kind":"residential"},"geometry":{"type":"LineString","coordinates":[[121.54421290000002,24.856601299999998],[121.5448912,24.856536199999997],[121.5456357,24.856688699999992],[121.5459295,24.8566733],[121.546253,24.8565474],[121.546322,24.8562942]]}},{"type":"Feature","properties":{"name":null,"kind":"residential"},"geometry":{"type":"LineString","coordinates":[[121.54481059999999,24.8565489],[121.5449539,24.856446699999996],[121.5453917,24.856513099999997]]}},{"type":"Feature","properties":{"name":null,"kind":"path"},"geometry":{"type":"LineString","coordinates":[[121.5458963,24.857715199999998],[121.5456746,24.857746299999988],[121.5452026,24.857546700000004],[121.54513280000002,24.8574445],[121.5446608,24.857337399999995],[121.5446608,24.857760900000002],[121.54411360000002,24.857454199999992],[121.5439554,24.857455499999997]]}},{"type":"Feature","properties":{"name":"西羅岸路","kind":"tertiary"},"geometry":{"type":"LineString","coordinates":[[121.54526309999999,24.8609389],[121.5454508,24.860757600000003],[121.54557960000001,24.860401699999997],[121.5464347,24.860125499999995],[121.54682709999999,24.859868400000003],[121.54678950000002,24.859486299999993],[121.5462581,24.858411499999995],[121.54618670000002,24.858121499999996],[121.54645920000002,24.8575886],[121.54710670000001,24.8571992],[121.54726149999999,24.856575399999993],[121.54715659999998,24.856318199999997],[121.5467036,24.857122400000005],[121.5466097,24.85722700000001],[121.54609470000001,24.857402299999993],[121.54573470000001,24.8579337],[121.5457328,24.8581704],[121.546054,24.859011299999995],[121.54594920000001,24.859471499999998],[121.5457225,24.859755],[121.5451003,24.8598694],[121.5446068,24.859706300000003],[121.5440623,24.859854799999997],[121.54351779999999,24.8598001],[121.5433341,24.8598755],[121.5431879,24.860246600000004],[121.5427845,24.860383899999995]]}},{"type":"Feature","properties":{"name":"西羅岸路","kind":"tertiary"},"geometry":{"type":"LineString","coordinates":[[121.54522800000001,24.8609824],[121.54526309999999,24.8609389]]}},{"type":"Feature","properties":{"name":null,"kind":"track"},"geometry":{"type":"LineString","coordinates":[[121.54721910000002,24.8549718],[121.54700730000002,24.855133999999996],[121.5465398,24.8552883],[121.54662030000001,24.855450099999995],[121.5471192,24.8557592]]}},{"type":"Feature","properties":{"name":null,"kind":"service"},"geometry":{"type":"LineString","coordinates":[[121.54726149999999,24.856575399999993],[121.54730569999998,24.8559116]]}},{"type":"Feature","properties":{"name":null,"kind":"residential"},"geometry":{"type":"LineString","coordinates":[[121.54710670000001,24.8571992],[121.54723179999999,24.857165899999995],[121.54743970000001,24.856840999999992]]}},{"type":"Feature","properties":{"name":null,"kind":"path"},"geometry":{"type":"LineString","coordinates":[[121.54618670000002,24.858121499999996],[121.5460931,24.858057799999997],[121.54606620000001,24.8576149],[121.5460287,24.8575759],[121.5458963,24.857715199999998]]}},{"type":"Feature","properties":{"name":null,"kind":"service"},"geometry":{"type":"LineString","coordinates":[[121.54636410000002,24.8577209],[121.54642110000002,24.8577623],[121.54633980000001,24.8581238],[121.54642620000001,24.8583133]]}},{"type":"Feature","properties":{"name":null,"kind":"track"},"geometry":{"type":"LineString","coordinates":[[121.54684239999999,24.861708599999996],[121.5468858,24.8611194]]}},{"type":"Feature","properties":{"name":null,"kind":"service"},"geometry":{"type":"LineString","coordinates":[[121.5461156,24.8634126],[121.5458749,24.863133199999996]]}},{"type":"Feature","properties":{"name":null,"kind":"service"},"geometry":{"type":"LineString","coordinates":[[121.5464399,24.863160899999993],[121.5461935,24.863386899999995],[121.54574400000001,24.863624499999997]]}},{"type":"Feature","properties":{"name":"西羅岸路","kind":"tertiary"},"geometry":{"type":"LineString","coordinates":[[121.5483135,24.864604499999995],[121.5480898,24.864779399999996],[121.54793330000001,24.8650518],[121.54798300000002,24.865398599999995],[121.5484467,24.865945099999998],[121.5484237,24.8660895],[121.5479482,24.866308699999998],[121.5473904,24.866378],[121.5467423,24.866943],[121.5464635,24.866912299999996],[121.546277,24.866743399999994],[121.54632990000002,24.866658099999995],[121.5468234,24.866468],[121.5473524,24.866003999999997],[121.5474661,24.8658062],[121.54692450000002,24.8649267],[121.5463473,24.8645491],[121.5460952,24.8640036],[121.5461165,24.863894299999995],[121.54648410000001,24.863628],[121.5466451,24.863413899999998],[121.5467403,24.863123],[121.5465592,24.86304879999999],[121.54625880000002,24.863460099999998],[121.54589799999998,24.8636804],[121.5459091,24.864202199999998],[121.5462714,24.8651879],[121.5459242,24.865742199999993],[121.5457873,24.8657776],[121.54599020000002,24.865222999999997],[121.5453964,24.8638453],[121.54531560000001,24.863104700000004],[121.5451512,24.8625616],[121.5451848,24.862349899999998],[121.5454472,24.8618988],[121.54522800000001,24.8609824]]}},{"type":"Feature","properties":{"name":"環山路82巷","kind":"service"},"geometry":{"type":"LineString","coordinates":[[121.5474048,24.863654199999996],[121.5470957,24.864435800000003],[121.54728799999998,24.864632399999998]]}},{"type":"Feature","properties":{"name":"環山路108巷","kind":"residential"},"geometry":{"type":"LineString","coordinates":[[121.54859300000001,24.862060499999995],[121.5485495,24.8624455],[121.5478451,24.8628705]]}},{"type":"Feature","properties":{"name":"環山路82巷","kind":"service"},"geometry":{"type":"LineString","coordinates":[[121.54875239999998,24.863118599999996],[121.54844009999998,24.863370900000007]]}},{"type":"Feature","properties":{"name":null,"kind":"service"},"geometry":{"type":"LineString","coordinates":[[121.5473145,24.8633648],[121.54747720000002,24.8632675]]}},{"type":"Feature","properties":{"name":null,"kind":"steps"},"geometry":{"type":"LineString","coordinates":[[121.54844009999998,24.863370900000007],[121.548379,24.8633271]]}},{"type":"Feature","properties":{"name":"環山路82巷","kind":"service"},"geometry":{"type":"LineString","coordinates":[[121.5478451,24.8628705],[121.548379,24.8633271],[121.54782880000002,24.863729900000003],[121.5478438,24.8638286],[121.54802200000002,24.8637921],[121.5483372,24.863549000000003]]}},{"type":"Feature","properties":{"name":null,"kind":"steps"},"geometry":{"type":"LineString","coordinates":[[121.54772599999998,24.863230899999998],[121.54840210000002,24.863935299999998]]}},{"type":"Feature","properties":{"name":"環山路82巷","kind":"service"},"geometry":{"type":"LineString","coordinates":[[121.54822999999999,24.8631743],[121.54788220000002,24.8635023],[121.5475356,24.863624599999998],[121.5474048,24.863654199999996],[121.5473145,24.8633648],[121.54725250000001,24.863404099999997],[121.5471402,24.863781900000003],[121.5468224,24.864160399999992]]}},{"type":"Feature","properties":{"name":"環山路82巷","kind":"service"},"geometry":{"type":"LineString","coordinates":[[121.54789270000002,24.8638499],[121.5479137,24.864282099999997],[121.54772920000002,24.864498799999996]]}},{"type":"Feature","properties":{"name":null,"kind":"service"},"geometry":{"type":"LineString","coordinates":[[121.54753060000002,24.866090900000003],[121.54760740000002,24.8662068],[121.5473142,24.8663265]]}},{"type":"Feature","properties":{"name":null,"kind":"service"},"geometry":{"type":"LineString","coordinates":[[121.5484237,24.8660895],[121.5484218,24.866185599999998],[121.5481246,24.8663902],[121.5482262,24.8664418],[121.54878320000002,24.8662648],[121.5486424,24.866436799999992],[121.5487151,24.866580399999997],[121.54858100000001,24.866685]]}},{"type":"Feature","properties":{"name":null,"kind":"service"},"geometry":{"type":"LineString","coordinates":[[121.5480898,24.867792999999992],[121.5489043,24.867498199999996]]}},{"type":"Feature","properties":{"name":null,"kind":"residential"},"geometry":{"type":"LineString","coordinates":[[121.54817630000001,24.869470699999997],[121.5480424,24.869559699999996]]}},{"type":"Feature","properties":{"name":null,"kind":"residential"},"geometry":{"type":"LineString","coordinates":[[121.54881680000001,24.869888],[121.548648,24.869549299999996]]}},{"type":"Feature","properties":{"name":null,"kind":"track"},"geometry":{"type":"LineString","coordinates":[[121.54812260000001,24.8697213],[121.54797020000001,24.869825699999996],[121.5479183,24.8702493],[121.54801760000001,24.8704805]]}},{"type":"Feature","properties":{"name":null,"kind":"residential"},"geometry":{"type":"LineString","coordinates":[[121.5480864,24.870024999999995],[121.54881800000001,24.870163399999992],[121.54887299999999,24.8701232],[121.54881680000001,24.869888],[121.54909860000001,24.870259899999994],[121.5494219,24.870312199999997],[121.5495251,24.870600500000002]]}},{"type":"Feature","properties":{"name":"新烏路五段80巷","kind":"residential"},"geometry":{"type":"LineString","coordinates":[[121.5474685,24.872915199999994],[121.54732699999998,24.872839299999995],[121.54720500000002,24.8724049],[121.5471638,24.871751700000004],[121.54723230000002,24.8717287],[121.54727149999998,24.8719496],[121.54781740000001,24.87193]]}},{"type":"Feature","properties":{"name":null,"kind":"unclassified"},"geometry":{"type":"LineString","coordinates":[[121.54747040000001,24.873075099999998],[121.54825640000001,24.872949999999996],[121.54865639999998,24.8730199],[121.54917740000002,24.872843499999995],[121.54950060000002,24.8728398],[121.5498835,24.872604999999997]]}},{"type":"Feature","properties":{"name":null,"kind":"residential"},"geometry":{"type":"LineString","coordinates":[[121.54865639999998,24.8730199],[121.54833020000001,24.8728259]]}},{"type":"Feature","properties":{"name":null,"kind":"service"},"geometry":{"type":"LineString","coordinates":[[121.5478189,24.8730061],[121.54781230000002,24.8732359],[121.5478909,24.873288400000003]]}},{"type":"Feature","properties":{"name":null,"kind":"unclassified"},"geometry":{"type":"LineString","coordinates":[[121.5502875,24.883434999999995],[121.55004270000002,24.88315469999999],[121.54975880000002,24.883082199999997],[121.54950320000002,24.883141799999994],[121.5490064,24.8830421],[121.54875170000001,24.8826844],[121.5482725,24.882853600000004],[121.5478425,24.8832364],[121.54756809999999,24.8831505],[121.5468943,24.883209400000002],[121.54647540000002,24.8829313],[121.54584710000002,24.8827157],[121.54569530000002,24.8827432],[121.5453255,24.8831579]]}},{"type":"Feature","properties":{"name":null,"kind":"residential"},"geometry":{"type":"LineString","coordinates":[[121.54703080000002,24.866283399999997],[121.547028,24.866176399999997],[121.54723179999999,24.865963499999996]]}},{"type":"Feature","properties":{"name":null,"kind":"service"},"geometry":{"type":"LineString","coordinates":[[121.54703080000002,24.866283399999997],[121.5471062,24.86630449999999],[121.5475062,24.866057900000005],[121.54722169999998,24.866328599999996]]}},{"type":"Feature","properties":{"name":null,"kind":"residential"},"geometry":{"type":"LineString","coordinates":[[121.546277,24.866743399999994],[121.5461308,24.866876099999995]]}},{"type":"Feature","properties":{"name":null,"kind":"service"},"geometry":{"type":"LineString","coordinates":[[121.5474567,24.8701749],[121.5473333,24.870159100000002],[121.54725580000002,24.870348099999998]]}},{"type":"Feature","properties":{"name":null,"kind":"service"},"geometry":{"type":"LineString","coordinates":[[121.54757810000001,24.8709322],[121.5472433,24.8709979],[121.5471875,24.8707971],[121.54725580000002,24.870348099999998],[121.547459,24.8703372]]}},{"type":"Feature","properties":{"name":"新烏路四段","kind":"primary"},"geometry":{"type":"LineString","coordinates":[[121.55174059999999,24.885526400000003],[121.55173750000002,24.8853273],[121.5516144,24.885256799999997],[121.55104459999998,24.885199200000002],[121.55066100000002,24.884848599999998],[121.5503918,24.884411899999993],[121.55000520000002,24.884260699999995],[121.5492327,24.8844067],[121.5490543,24.8843834],[121.5467698,24.883803999999994],[121.54586520000001,24.883958699999997],[121.5448528,24.8844563],[121.5443337,24.884318299999997],[121.54361080000001,24.884257000000005],[121.54350630000002,24.884079700000004],[121.54380799999998,24.8833895],[121.5436014,24.882342900000005],[121.54260639999998,24.8814708],[121.5425963,24.880594999999992],[121.5424745,24.880139899999996]]}},{"type":"Feature","properties":{"name":null,"kind":"service"},"geometry":{"type":"LineString","coordinates":[[121.54525460000002,24.862273300000002],[121.54521929999999,24.862525499999997],[121.5455539,24.862696399999997],[121.54595909999999,24.8623983],[121.5459739,24.862579799999995],[121.5457991,24.8628011]]}},{"type":"Feature","properties":{"name":null,"kind":"service"},"geometry":{"type":"LineString","coordinates":[[121.54589399999999,24.865013],[121.54550339999999,24.865415999999996],[121.54545260000002,24.865320599999997],[121.5455179,24.864999799999996],[121.5452402,24.865283499999997],[121.5450579,24.8652748],[121.54461769999999,24.864945199999998]]}},{"type":"Feature","properties":{"name":null,"kind":"track"},"geometry":{"type":"LineString","coordinates":[[121.54467170000001,24.8655668],[121.54455499999999,24.865429299999995]]}},{"type":"Feature","properties":{"name":"新烏路五段","kind":"primary"},"geometry":{"type":"LineString","coordinates":[[121.5424745,24.880139899999996],[121.5422966,24.879412499999997],[121.5426908,24.878936],[121.5429242,24.877858300000003],[121.5437651,24.8766732],[121.54432159999999,24.875358200000004],[121.54460060000001,24.875293800000005],[121.545373,24.87546789999999],[121.5459752,24.875385799999997],[121.54689789999999,24.874913699999997],[121.5471125,24.874677699999996],[121.5474685,24.873281599999995],[121.54751890000001,24.872544099999992],[121.5478206,24.871952499999992],[121.5474987,24.8706222],[121.5474558,24.870107200000003],[121.54752020000001,24.8698282],[121.54779910000002,24.869442000000003],[121.5493303,24.8685457]]}},{"type":"Feature","properties":{"name":null,"kind":"residential"},"geometry":{"type":"LineString","coordinates":[[121.5456265,24.884060799999993],[121.54577219999999,24.884247599999995],[121.5460946,24.8842521],[121.5458746,24.884348199999994],[121.5458867,24.8844042],[121.54610259999998,24.884406599999995]]}},{"type":"Feature","properties":{"name":null,"kind":"service"},"geometry":{"type":"LineString","coordinates":[[121.54391500000001,24.875994],[121.5436667,24.8759427],[121.5438132,24.875550599999993],[121.54396810000001,24.87540879999999]]}},{"type":"Feature","properties":{"name":"加九寮步道","kind":"path"},"geometry":{"type":"LineString","coordinates":[[121.5480898,24.867792999999992],[121.5476223,24.86816689999999],[121.5472908,24.868319399999997],[121.5470526,24.8685609],[121.5462167,24.869480300000003],[121.5458384,24.870137000000003],[121.54579170000001,24.8705692],[121.5454882,24.871531000000004],[121.5456002,24.871912299999998],[121.5456983,24.872975799999995],[121.54551149999999,24.873301999999995],[121.545264,24.8734418],[121.5433493,24.874081599999997],[121.5426254,24.874602699999997],[121.54224719999999,24.8745645],[121.5418456,24.8748272],[121.54173350000002,24.8751069],[121.5417055,24.875844],[121.54145330000001,24.876301599999998],[121.54146260000002,24.876712599999998],[121.5413038,24.8772083],[121.54120109999998,24.8781403],[121.5407901,24.879186799999996],[121.54053800000001,24.881182199999998],[121.54058930000001,24.881711800000005],[121.5404866,24.8820507],[121.54047259999999,24.882673499999996],[121.5411883,24.883640399999997]]}},{"type":"Feature","properties":{"name":null,"kind":"service"},"geometry":{"type":"LineString","coordinates":[[121.54374289999998,24.875738900000005],[121.5440184,24.875809299999997]]}},{"type":"Feature","properties":{"name":null,"kind":"service"},"geometry":{"type":"LineString","coordinates":[[121.5440391,24.87613229999999],[121.54391500000001,24.875994],[121.54409929999998,24.8755202]]}},{"type":"Feature","properties":{"name":null,"kind":"residential"},"geometry":{"type":"LineString","coordinates":[[121.5433815,24.882093799999996],[121.5432152,24.881790300000002],[121.5432326,24.881532999999997]]}},{"type":"Feature","properties":{"name":null,"kind":"residential"},"geometry":{"type":"LineString","coordinates":[[121.54376110000001,24.8831822],[121.54359339999999,24.8835264],[121.5435719,24.8833439],[121.5433775,24.883130999999995],[121.5433319,24.8831894]]}},{"type":"Feature","properties":{"name":null,"kind":"residential"},"geometry":{"type":"LineString","coordinates":[[121.5489579,24.883476599999995],[121.5488666,24.8832527]]}},{"type":"Feature","properties":{"name":null,"kind":"residential"},"geometry":{"type":"LineString","coordinates":[[121.5482799,24.883680200000004],[121.5482308,24.8835386],[121.54832510000001,24.8834471]]}},{"type":"Feature","properties":{"name":null,"kind":"residential"},"geometry":{"type":"LineString","coordinates":[[121.54875559999999,24.883650299999996],[121.54861520000001,24.883724199999996],[121.5482799,24.883680200000004],[121.548044,24.8838908]]}},{"type":"Feature","properties":{"name":"新烏路四段","kind":"primary"},"geometry":{"type":"LineString","coordinates":[[121.5464687,24.8932171],[121.5472734,24.892642599999995],[121.5494728,24.8920022],[121.54998780000001,24.8917794],[121.5505242,24.891285899999996],[121.55114650000002,24.890406099999996]]}},{"type":"Feature","properties":{"name":null,"kind":"tertiary"},"geometry":{"type":"LineString","coordinates":[[121.5489498,24.8675928],[121.5489043,24.867498199999996]]}},{"type":"Feature","properties":{"name":"烏來街","kind":"primary"},"geometry":{"type":"LineString","coordinates":[[121.5493303,24.8685457],[121.5503045,24.86832619999999],[121.5504674,24.868232299999995],[121.5511017,24.867550299999998],[121.5512985,24.867036700000003]]}},{"type":"Feature","properties":{"name":"烏來觀光大橋","kind":"tertiary"},"geometry":{"type":"LineString","coordinates":[[121.5492797,24.868427399999998],[121.5489498,24.8675928]]}},{"type":"Feature","properties":{"name":null,"kind":"tertiary"},"geometry":{"type":"LineString","coordinates":[[121.5493303,24.8685457],[121.5492797,24.868427399999998]]}},{"type":"Feature","properties":{"name":null,"kind":"unclassified"},"geometry":{"type":"LineString","coordinates":[[121.5491143,24.8686678],[121.5490064,24.868852599999997],[121.5486135,24.869198100000002],[121.54817630000001,24.869470699999997],[121.54809049999999,24.8703504],[121.5484834,24.870616899999998],[121.5489769,24.870755600000003],[121.54908959999999,24.8708723],[121.54924290000001,24.8722252],[121.5498835,24.872604999999997],[121.5499771,24.8728734],[121.5497786,24.873121600000005],[121.54949970000001,24.873277299999994],[121.5492046,24.873574199999997],[121.5491644,24.8738553],[121.5492448,24.874208099999997],[121.54906520000002,24.874583999999995],[121.5491,24.8748676],[121.54886129999998,24.8751851],[121.5487245,24.875609699999995],[121.5487888,24.875618199999995],[121.5490222,24.8752776],[121.5493226,24.875044000000003],[121.54958549999999,24.874654600000003],[121.55014740000001,24.874450200000002],[121.55030970000001,24.8742312]]}},{"type":"Feature","properties":{"name":null,"kind":"residential"},"geometry":{"type":"LineString","coordinates":[[121.54924290000001,24.8722252],[121.54921049999999,24.872286199999998],[121.5494009,24.872427399999992],[121.5493795,24.8725393],[121.54927220000002,24.872518599999996],[121.5491863,24.872387200000002],[121.5488935,24.8723709]]}},{"type":"Feature","properties":{"name":null,"kind":"residential"},"geometry":{"type":"LineString","coordinates":[[121.5495586,24.8824515],[121.5497263,24.8824947],[121.54982550000001,24.8824692],[121.54983219999998,24.8823864]]}},{"type":"Feature","properties":{"name":null,"kind":"residential"},"geometry":{"type":"LineString","coordinates":[[121.54975880000002,24.883082199999997],[121.55017690000001,24.882985099999996],[121.550087,24.882937599999998],[121.5497383,24.8829765],[121.5496954,24.882847499999997],[121.5493762,24.882817099999997],[121.5493179,24.882685099999996],[121.5495586,24.8824515],[121.5494647,24.8823871],[121.5493072,24.882478899999995],[121.54915229999999,24.8822326]]}},{"type":"Feature","properties":{"name":null,"kind":"residential"},"geometry":{"type":"LineString","coordinates":[[121.5501572,24.883416299999997],[121.55062000000001,24.883682299999997],[121.5508928,24.8837086]]}},{"type":"Feature","properties":{"name":null,"kind":"unclassified"},"geometry":{"type":"LineString","coordinates":[[121.54737,24.883910200000003],[121.54819360000002,24.8840006],[121.54861400000001,24.88383079999999],[121.5489579,24.883476599999995],[121.5497497,24.8833383],[121.55072269999998,24.883475299999997],[121.55113459999998,24.8834437],[121.5517146,24.8837572],[121.55300519999999,24.883728400000003],[121.55337480000001,24.883671699999997],[121.55366980000001,24.883484999999997],[121.55375040000001,24.8835013]]}},{"type":"Feature","properties":{"name":null,"kind":"steps"},"geometry":{"type":"LineString","coordinates":[[121.5512661,24.8668208],[121.5511166,24.866851499999996]]}},{"type":"Feature","properties":{"name":"烏來吊橋","kind":"footway"},"geometry":{"type":"LineString","coordinates":[[121.5511166,24.866851499999996],[121.5500827,24.866830099999998]]}},{"type":"Feature","properties":{"name":null,"kind":"residential"},"geometry":{"type":"LineString","coordinates":[[121.55169460000002,24.884027799999995],[121.55150860000002,24.884138400000005]]}},{"type":"Feature","properties":{"name":null,"kind":"residential"},"geometry":{"type":"LineString","coordinates":[[121.5517146,24.8837572],[121.5521737,24.883922200000004],[121.552194,24.884074099999996],[121.5518571,24.883931499999992],[121.5517497,24.8839766],[121.5512433,24.8845316],[121.55124709999998,24.884723499999993],[121.55110759999998,24.884770999999997]]}},{"type":"Feature","properties":{"name":"新烏路四段","kind":"primary"},"geometry":{"type":"LineString","coordinates":[[121.5515129,24.8858873],[121.55174059999999,24.885526400000003]]}},{"type":"Feature","properties":{"name":null,"kind":"service"},"geometry":{"type":"LineString","coordinates":[[121.55166949999999,24.886258899999998],[121.5515709,24.886094100000005],[121.55174059999999,24.885526400000003]]}},{"type":"Feature","properties":{"name":"彩虹橋","kind":"primary"},"geometry":{"type":"LineString","coordinates":[[121.55189840000001,24.8874248],[121.5515071,24.886348600000005],[121.5514585,24.886074700000005],[121.5515129,24.8858873]]}},{"type":"Feature","properties":{"name":"新烏路四段","kind":"primary"},"geometry":{"type":"LineString","coordinates":[[121.5520738,24.8887361],[121.5520348,24.887905],[121.55189840000001,24.8874248]]}},{"type":"Feature","properties":{"name":"新烏路四段","kind":"primary"},"geometry":{"type":"LineString","coordinates":[[121.55114650000002,24.890406099999996],[121.55153270000001,24.889826799999994],[121.5520738,24.8887361]]}},{"type":"Feature","properties":{"name":null,"kind":"track"},"geometry":{"type":"LineString","coordinates":[[121.5534773,24.883121900000003],[121.5530938,24.8831572]]}},{"type":"Feature","properties":{"name":null,"kind":"residential"},"geometry":{"type":"LineString","coordinates":[[121.55375040000001,24.8835013],[121.5537965,24.883370700000004],[121.5533446,24.8834424],[121.5530495,24.8833463],[121.55360639999999,24.883079],[121.5538817,24.8828645]]}},{"type":"Feature","properties":{"name":null,"kind":"track"},"geometry":{"type":"LineString","coordinates":[[121.5530495,24.8833463],[121.55266460000001,24.883334200000004],[121.5526459,24.883429100000004],[121.55288730000001,24.8835021],[121.55338619999999,24.883506900000004]]}},{"type":"Feature","properties":{"name":null,"kind":"track"},"geometry":{"type":"LineString","coordinates":[[121.55326679999999,24.883534900000008],[121.55317830000001,24.883448500000004],[121.55278530000001,24.883424199999997]]}},{"type":"Feature","properties":{"name":null,"kind":"service"},"geometry":{"type":"LineString","coordinates":[[121.55375040000001,24.8835013],[121.5538106,24.883530699999994]]}},{"type":"Feature","properties":{"name":null,"kind":"residential"},"geometry":{"type":"LineString","coordinates":[[121.55188279999999,24.883733200000005],[121.5523414,24.883587199999997]]}},{"type":"Feature","properties":{"name":null,"kind":"residential"},"geometry":{"type":"LineString","coordinates":[[121.54861400000001,24.88383079999999],[121.5487072,24.883896599999996],[121.5494233,24.88394299999999]]}},{"type":"Feature","properties":{"name":null,"kind":"footway"},"geometry":{"type":"LineString","coordinates":[[121.5734807,24.711918300000004],[121.5739744,24.711701099999992],[121.57445930000002,24.711295099999997],[121.5745777,24.710990699999993],[121.5748234,24.7108364],[121.5749798,24.710345300000004],[121.5753127,24.710272199999995],[121.57560770000002,24.710420400000007],[121.5758534,24.7103757],[121.5763061,24.710212699999992],[121.5765921,24.709993499999996],[121.57703440000002,24.709396799999997],[121.57732940000001,24.709234400000007],[121.5773204,24.708978699999992],[121.57784770000002,24.708572700000005],[121.5781873,24.707906999999995],[121.5785203,24.707518799999995],[121.57901009999999,24.7072949],[121.5794446,24.706926099999997],[121.5800007,24.706743800000005],[121.5802266,24.706459599999988],[121.5804494,24.7063821],[121.5807258,24.7061639],[121.5808285,24.7057147],[121.58122189999999,24.705218099999996],[121.5816327,24.7050775],[121.5825964,24.705108999999997],[121.5830024,24.7048177],[121.58346850000001,24.704200499999995],[121.58373810000002,24.704132699999995],[121.58446960000002,24.703735199999993],[121.5848835,24.703831299999997],[121.5847286,24.703211299999996],[121.5850993,24.702653000000005]]}},{"type":"Feature","properties":{"name":null,"kind":"footway"},"geometry":{"type":"LineString","coordinates":[[121.57631620000001,24.7102041],[121.5763989,24.7102165],[121.5764478,24.710624099999997],[121.5766665,24.7111123],[121.57659699999999,24.711276],[121.57669810000002,24.7117065],[121.5766191,24.712016499999994],[121.57680549999999,24.7122519],[121.57685289999999,24.712696799999996],[121.5770109,24.7132823],[121.5772005,24.7136038],[121.5771879,24.7138564],[121.5773111,24.7142095],[121.5770394,24.714467799999998],[121.5770646,24.7148323],[121.57729369999998,24.714960000000005],[121.57742479999999,24.715150899999998],[121.5773667,24.715388899999997],[121.5774237,24.715843],[121.57759690000002,24.716074199999994],[121.5775464,24.716905199999992],[121.57739419999999,24.717113799999996],[121.5773235,24.717435199999997],[121.5777456,24.7184819],[121.57789970000002,24.7185603],[121.5776748,24.71956789999999],[121.57777639999999,24.719663],[121.57780729999999,24.7200045],[121.57778879999998,24.7211379],[121.5781831,24.7213366],[121.5784974,24.721300199999998],[121.5789318,24.7210624],[121.58025669999999,24.7200072],[121.58048470000001,24.719982099999996],[121.5805833,24.720172400000003],[121.5807651,24.720194800000005],[121.5808544,24.720060399999998],[121.58149220000001,24.720091200000002],[121.58200730000001,24.7205987]]}},{"type":"Feature","properties":{"name":null,"kind":"path"},"geometry":{"type":"LineString","coordinates":[[121.57082810000001,24.7496658],[121.57130430000001,24.749760099999996],[121.57163540000002,24.749957999999996],[121.57191840000002,24.7504],[121.57177400000002,24.751201799999997],[121.57162410000001,24.751402199999994],[121.5716156,24.7517774],[121.5717401,24.752144899999998],[121.571641,24.752509799999995],[121.57181649999998,24.752902999999996],[121.57174569999998,24.753262800000005],[121.571791,24.753380999999997],[121.5722127,24.7538718],[121.5722381,24.75399],[121.5718052,24.7546967],[121.5714854,24.7549588],[121.571242,24.755518999999996],[121.57097600000002,24.7557298],[121.57106090000002,24.755991899999994],[121.57098450000001,24.7562386],[121.57104110000002,24.7564981],[121.5709081,24.756793599999995],[121.5710949,24.756970899999992],[121.5713722,24.757017199999996],[121.57144010000002,24.757220199999992],[121.57167779999999,24.757379500000003],[121.5724532,24.757281900000002],[121.5730814,24.757389800000002],[121.5737577,24.757238199999996],[121.5743944,24.757382099999997],[121.57457550000001,24.757029999999997],[121.5742642,24.756500700000004],[121.57400960000001,24.756287400000005],[121.57366150000001,24.755495899999993],[121.57411709999998,24.7547969],[121.5749656,24.754627299999996],[121.5761822,24.754261100000004],[121.5772197,24.754136599999995],[121.57760290000002,24.753931299999998],[121.5784153,24.753715099999997],[121.57920270000001,24.753246299999994],[121.57969689999999,24.753233499999997],[121.58036919999999,24.7529046],[121.58053930000001,24.7526048],[121.5804132,24.752388599999996],[121.5804653,24.7519107],[121.5802412,24.7515018],[121.5801891,24.7510057],[121.5804653,24.750684099999997],[121.58058129999999,24.750655000000002],[121.5809115,24.7508295],[121.5813317,24.750876699999992],[121.58196600000001,24.751078399999997],[121.5827165,24.7516934],[121.5829556,24.752008199999995],[121.58338860000002,24.752226599999997],[121.584471,24.7521341],[121.58487710000001,24.752230499999996],[121.5849987,24.752700799999992],[121.58485580000001,24.752933300000002],[121.58434360000001,24.753296999999996],[121.5842276,24.753622000000004],[121.5836942,24.754093599999997],[121.5836532,24.754229799999997],[121.5837989,24.7545317],[121.5836985,24.754831099999997],[121.58303490000002,24.754983999999997],[121.58288210000002,24.7552705],[121.58289479999999,24.7554723],[121.5827321,24.755577599999995],[121.5822892,24.756307399999994],[121.58194679999998,24.756335700000005],[121.5815521,24.7561494],[121.5812181,24.756094100000006],[121.5803664,24.7563678],[121.58058,24.7566402],[121.5805517,24.7567353],[121.5803169,24.75693319999999],[121.57987260000002,24.757092500000006],[121.5797226,24.757853099999995],[121.57984380000002,24.7580257],[121.58025600000002,24.7580657],[121.58054290000001,24.7582613]]}},{"type":"Feature","properties":{"name":null,"kind":"path"},"geometry":{"type":"LineString","coordinates":[[121.58013760000001,24.758851799999995],[121.5796904,24.7587656]]}},{"type":"Feature","properties":{"name":null,"kind":"path"},"geometry":{"type":"LineString","coordinates":[[121.58020330000001,24.758836699999996],[121.58013760000001,24.758851799999995]]}},{"type":"Feature","properties":{"name":null,"kind":"path"},"geometry":{"type":"LineString","coordinates":[[121.57999989999999,24.761642400000003],[121.5797488,24.761386699999996],[121.5795656,24.7604957],[121.57996260000002,24.759859099999996],[121.58016099999999,24.759334899999995],[121.5801653,24.759155599999996],[121.5800742,24.759104299999997],[121.58009320000001,24.758867999999996]]}},{"type":"Feature","properties":{"name":"露門山登山路線","kind":"path"},"geometry":{"type":"LineString","coordinates":[[121.5773168,24.8194946],[121.57678840000001,24.8188909],[121.5761661,24.818428199999993],[121.5759918,24.8180924],[121.57601860000001,24.817870699999997],[121.57590600000002,24.8176322],[121.57544460000001,24.816977299999998],[121.5754768,24.8167217],[121.57488410000002,24.8154168],[121.5750745,24.814676599999995]]}},{"type":"Feature","properties":{"name":null,"kind":"path"},"geometry":{"type":"LineString","coordinates":[[121.57082810000001,24.7496658],[121.5710618,24.7495052],[121.57110860000002,24.7492191],[121.57150650000001,24.748606599999995],[121.57236280000001,24.747855600000005],[121.5724052,24.747397600000003],[121.57212120000001,24.746396299999997],[121.57241070000002,24.745794],[121.5730599,24.745408099999995],[121.57501190000002,24.745085800000005],[121.5766589,24.7449785]]}},{"type":"Feature","properties":{"name":null,"kind":"path"},"geometry":{"type":"LineString","coordinates":[[121.58623949999999,24.849216499999994],[121.58615940000001,24.849277999999995],[121.58636759999999,24.849424300000006],[121.58640330000001,24.849574000000004],[121.5861077,24.849900299999998],[121.5858775,24.8499394],[121.5857839,24.8498411],[121.5853996,24.849931600000005],[121.5853861,24.849853399999997],[121.5851386,24.849736],[121.5836769,24.849179499999998],[121.58325369999999,24.848937699999997],[121.5830447,24.8486564],[121.5826717,24.8484556],[121.58196350000001,24.848267800000002],[121.5813232,24.847800700000004],[121.58099929999999,24.847838699999997],[121.58045500000001,24.847774999999995],[121.57961880000002,24.847404],[121.5794907,24.8472755],[121.5789784,24.8470956],[121.57821530000001,24.846337199999994],[121.57789510000002,24.845776200000003],[121.5768102,24.845642099999996],[121.57639020000002,24.845379500000007],[121.5761944,24.8445592],[121.57564890000002,24.844067500000005],[121.57563780000001,24.843837299999997],[121.57545060000001,24.843409300000005],[121.575272,24.843212599999998],[121.57485089999999,24.843005899999998],[121.5746896,24.842738799999996],[121.5744469,24.842557800000005],[121.573527,24.8424181],[121.5733152,24.842283999999996],[121.57274500000001,24.8424046],[121.57252830000002,24.8421722],[121.57129560000001,24.841883900000003],[121.5711847,24.841696099999997],[121.5709348,24.841649199999996],[121.57028699999998,24.841637999999996],[121.5698868,24.841766499999995],[121.56934240000001,24.841598899999997],[121.5689139,24.8415833],[121.56807519999998,24.841147399999993],[121.56747060000001,24.8410748],[121.56703220000001,24.840834499999996],[121.5667576,24.840847899999996],[121.56610240000002,24.841040100000004],[121.56545589999999,24.841060299999995],[121.5652293,24.841149700000003],[121.56502980000002,24.841078099999997],[121.56451380000001,24.8410982],[121.5641911,24.841287099999995]]}},{"type":"Feature","properties":{"name":"大桶山連走","kind":"path"},"geometry":{"type":"LineString","coordinates":[[121.57636890000002,24.8854779],[121.57657119999999,24.8852832],[121.57670410000001,24.884681800000003],[121.577478,24.884601499999995],[121.5776563,24.884155],[121.57812029999998,24.884165999999993],[121.5786782,24.883986],[121.57896789999998,24.8840346],[121.5790645,24.88438010000001],[121.5791878,24.884438499999998],[121.57951110000002,24.8843737],[121.57984770000002,24.8838448],[121.579279,24.8835577],[121.57915029999998,24.883402],[121.57915029999998,24.883071099999995],[121.5790108,24.8829348],[121.57856159999999,24.882948199999998],[121.57833350000001,24.882821700000004],[121.5782437,24.882662299999996],[121.57840460000001,24.882346],[121.5783671,24.8814895],[121.57850120000002,24.8809493],[121.5789196,24.880233899999997],[121.5791114,24.88007809999999],[121.57905780000002,24.8798604],[121.5794561,24.8794553],[121.57962640000001,24.8791706],[121.57951510000001,24.8787496],[121.5796022,24.878557299999997],[121.579971,24.878413799999997],[121.5799335,24.877786],[121.58045380000002,24.877761699999997],[121.58059870000001,24.877596200000003],[121.58082940000001,24.877493999999995],[121.5815535,24.87756209999999],[121.58181110000001,24.8773103],[121.58224560000001,24.8772993],[121.58252309999999,24.877200800000004],[121.5825406,24.877110699999992],[121.58193980000001,24.87708519999999],[121.58077030000001,24.876296799999995],[121.58014809999999,24.875688500000003],[121.57966660000001,24.875083799999995],[121.57942650000001,24.874593499999996],[121.5791705,24.874346699999993],[121.57850120000002,24.874150599999993],[121.5782759,24.874019199999996],[121.5774096,24.8744912],[121.5769401,24.8744864],[121.57644130000001,24.874700500000003],[121.57617840000002,24.874909799999998],[121.57582440000002,24.874904899999997],[121.575304,24.874749199999997],[121.5745744,24.874758899999996],[121.57388780000001,24.874870899999998],[121.57358200000002,24.8750412],[121.5733728,24.87501199999999],[121.5733245,24.8749341],[121.5731015,24.8750296],[121.57277200000001,24.87551329999999],[121.57238580000002,24.8756739],[121.5722141,24.8760097],[121.5719888,24.8761605],[121.57192979999999,24.876301699999996],[121.57103390000002,24.8768273],[121.5708784,24.8768029],[121.570407,24.874603],[121.57040630000002,24.876583899999996],[121.5701488,24.876603400000004],[121.5699771,24.876491499999993],[121.56977330000001,24.876530399999996],[121.5695963,24.8767932],[121.5696445,24.87689539999999],[121.56952120000001,24.877265300000005],[121.5691886,24.87741610000001],[121.5687272,24.877396699999995],[121.5683362,24.877518899999995],[121.56808889999999,24.877435599999995],[121.56791729999999,24.877508699999996],[121.5675524,24.8773967],[121.5672949,24.877455099999995],[121.56665660000002,24.877153299999996],[121.56617380000002,24.8773042],[121.56610400000001,24.877391799999995],[121.5646172,24.877221500000005],[121.5644176,24.8770657]]}},{"type":"Feature","properties":{"name":null,"kind":"path"},"geometry":{"type":"LineString","coordinates":[[121.58040190000001,24.761304299999995],[121.5808353,24.760995399999995],[121.5813694,24.760911799999995]]}},{"type":"Feature","properties":{"name":"哈盆越嶺步道","kind":"path"},"geometry":{"type":"LineString","coordinates":[[121.58278260000002,24.761316700000002],[121.58281119999998,24.761260699999998]]}},{"type":"Feature","properties":{"name":null,"kind":"path"},"geometry":{"type":"LineString","coordinates":[[121.5802302,24.761453999999997],[121.58040190000001,24.761304299999995]]}},{"type":"Feature","properties":{"name":"哈盆越嶺步道","kind":"path"},"geometry":{"type":"LineString","coordinates":[[121.58218589999998,24.7621816],[121.58222510000002,24.762001300000005],[121.5827042,24.761573599999995],[121.58278260000002,24.761316700000002]]}},{"type":"Feature","properties":{"name":null,"kind":"path"},"geometry":{"type":"LineString","coordinates":[[121.58195849999998,24.762759799999994],[121.58162270000001,24.762817100000003],[121.5811599,24.7627606],[121.5811599,24.762848499999997],[121.58097980000001,24.76295530000001],[121.58091700000001,24.762909299999993],[121.5806364,24.762479999999996],[121.58003130000002,24.7621848],[121.57988470000001,24.7619796],[121.57999989999999,24.761642400000003],[121.5802302,24.761453999999997]]}},{"type":"Feature","properties":{"name":"哈盆越嶺步道","kind":"path"},"geometry":{"type":"LineString","coordinates":[[121.58215859999999,24.7623498],[121.58218589999998,24.7621816]]}},{"type":"Feature","properties":{"name":null,"kind":"path"},"geometry":{"type":"LineString","coordinates":[[121.5743663,24.8131574],[121.5744388,24.813021200000005],[121.5747821,24.812982300000005],[121.5751576,24.8126998],[121.5753937,24.8126804],[121.5754688,24.812563500000003],[121.57640220000002,24.812553800000003],[121.57652019999999,24.812456399999995],[121.576767,24.8124077],[121.5772176,24.8124345],[121.57750730000001,24.812351699999997],[121.5778747,24.812390599999997],[121.5782368,24.812232399999992],[121.5782449,24.812086299999997],[121.57847550000001,24.812003499999996],[121.5786606,24.812052199999997],[121.5788323,24.811991399999997],[121.5788725,24.812057099999997],[121.5790549,24.812023],[121.5790763,24.812083899999998],[121.5791434,24.812030299999996],[121.57963419999999,24.812098499999998],[121.5796316,24.812147199999995],[121.58013310000001,24.8119695],[121.580219,24.812100899999997],[121.58062669999998,24.8121399],[121.5809163,24.812361400000004],[121.58125159999999,24.81247339999999],[121.58198390000001,24.8118282],[121.58269200000001,24.811762499999997],[121.58275899999998,24.811823399999998],[121.58378089999998,24.8114217],[121.5843898,24.8109761],[121.58527490000002,24.811005299999998],[121.5852588,24.810917699999997],[121.5856558,24.8108593],[121.58599380000001,24.810571999999993],[121.5861547,24.810508700000003],[121.5863317,24.810552499999996],[121.58653559999999,24.810411300000005],[121.58684130000002,24.810362600000005],[121.5868628,24.81018239999999],[121.58708640000002,24.8100749]]}},{"type":"Feature","properties":{"name":null,"kind":"path"},"geometry":{"type":"LineString","coordinates":[[121.580703,24.824653299999994],[121.5811413,24.824277000000002],[121.5816148,24.824111799999994],[121.58200620000001,24.824201600000002]]}},{"type":"Feature","properties":{"name":"西坑林道","kind":"track"},"geometry":{"type":"LineString","coordinates":[[121.5841577,24.8473199],[121.58388,24.8468978],[121.5833812,24.846681199999995],[121.58314650000001,24.846451499999997],[121.5829762,24.845977799999993],[121.5830969,24.8456151],[121.5825122,24.844879999999993],[121.5819301,24.844544100000004],[121.58178800000002,24.8443777],[121.581662,24.8439975],[121.5814393,24.843852899999998]]}},{"type":"Feature","properties":{"name":null,"kind":"service"},"geometry":{"type":"MultiLineString","coordinates":[[[121.5848588,24.851151899999998],[121.5846744,24.851099599999998]],[[121.5846744,24.851099599999998],[121.58284890000002,24.850746799999996],[121.58268389999999,24.850859999999994],[121.58266779999998,24.850960999999995],[121.5830849,24.8511581],[121.58457760000002,24.851356499999994],[121.5846744,24.851099599999998]]]}},{"type":"Feature","properties":{"name":null,"kind":"path"},"geometry":{"type":"LineString","coordinates":[[121.58392630000002,24.807407999999995],[121.5837384,24.807462599999997],[121.58340309999998,24.807396799999996],[121.583336,24.8072727],[121.5834156,24.806739299999997],[121.5831066,24.806414499999995],[121.58313909999998,24.8060012],[121.58283009999998,24.8056469],[121.5826675,24.805137700000003],[121.58280570000001,24.805071199999993],[121.5831716,24.805182000000002],[121.58318790000001,24.804724299999993],[121.5830578,24.803654099999996],[121.5826675,24.803107899999997],[121.5823179,24.802237000000005],[121.5818219,24.802140999999995],[121.5810169,24.801565300000004],[121.5782362,24.8005172],[121.5780085,24.8003475],[121.5774231,24.8002515],[121.57683760000002,24.8000005],[121.5765612,24.7997422],[121.5762441,24.799579800000004],[121.5755123,24.7993658],[121.57534970000002,24.79910739999999],[121.5745284,24.7990262],[121.5733257,24.7982382]]}},{"type":"Feature","properties":{"name":"露門山登山路線","kind":"path"},"geometry":{"type":"LineString","coordinates":[[121.58004279999999,24.823293799999995],[121.5798917,24.823051299999996],[121.57995870000002,24.8228321],[121.5796691,24.8221773],[121.5789744,24.82143],[121.5788296,24.821123199999995],[121.57849160000002,24.820816499999992],[121.5779203,24.8199546],[121.5773168,24.8194946]]}},{"type":"Feature","properties":{"name":"阿玉路","kind":"primary"},"geometry":{"type":"LineString","coordinates":[[121.5712453,24.850290900000005],[121.5719135,24.849692599999997],[121.57241710000001,24.849456399999994],[121.5725579,24.849425799999995],[121.57322470000001,24.849570200000002],[121.5735567,24.849444199999997],[121.5741769,24.8496554],[121.57467350000002,24.849500600000002],[121.5750202,24.849699],[121.57519950000001,24.8496297],[121.57540440000001,24.849111400000005],[121.5756177,24.849080699999988],[121.57576650000001,24.849147900000002],[121.57610050000001,24.849535099999994],[121.57616880000002,24.8502423],[121.5762689,24.850330800000002],[121.57673350000002,24.850073300000002],[121.5770647,24.849716999999995],[121.5776343,24.849702999999998],[121.5781172,24.849922099999997],[121.578548,24.8497653],[121.57901270000002,24.8494848],[121.5791548,24.8495517],[121.57930989999998,24.8499574],[121.57974940000001,24.8500896],[121.58006430000002,24.850008599999995],[121.580582,24.850309399999993],[121.58097620000001,24.8502372],[121.58118859999999,24.849962500000004],[121.58171699999998,24.8498099],[121.5823667,24.849991100000004],[121.58265240000001,24.8498797],[121.5830365,24.850157099999997],[121.5833129,24.850222200000008],[121.5837412,24.8501751],[121.584954,24.8504486],[121.58549750000002,24.850454900000003],[121.5856887,24.850422399999996],[121.58611110000001,24.850189099999998],[121.58653290000001,24.849748599999995],[121.5865636,24.849587700000004]]}},{"type":"Feature","properties":{"name":"露門山登山路線","kind":"path"},"geometry":{"type":"LineString","coordinates":[[121.5750745,24.814676599999995],[121.5748599,24.8140534],[121.57460240000002,24.813878099999997],[121.5745166,24.8134301],[121.5743663,24.8131574],[121.57371460000002,24.812865399999993],[121.5731889,24.812860499999992],[121.57183440000001,24.812086199999992],[121.5704781,24.811603699999992],[121.570162,24.8112658],[121.5703845,24.810953400000002],[121.5706381,24.810890899999997],[121.5708178,24.810540300000003],[121.57051900000002,24.8101912],[121.5705067,24.80990239999999],[121.57021429999999,24.809611500000003],[121.57029080000001,24.809400900000004],[121.5705778,24.809060100000004],[121.57082580000001,24.8089894],[121.5709117,24.808775100000002],[121.57054960000002,24.807514],[121.56997820000001,24.806700799999998],[121.56968330000001,24.8066156],[121.5691238,24.806650199999993],[121.56876330000001,24.806471999999992],[121.56855130000001,24.8058729],[121.56756960000001,24.8048796],[121.5674329,24.804597200000003],[121.5672424,24.8044121],[121.56713510000002,24.8037401],[121.56740870000002,24.80265909999999],[121.5673363,24.802240399999995],[121.5672209,24.802055199999998],[121.5660784,24.801529299999995],[121.5660408,24.8012919],[121.5657645,24.80096689999999],[121.56584590000001,24.8007581],[121.5655755,24.800104199999993],[121.56552850000001,24.7998567],[121.5658674,24.799646499999998],[121.56626950000002,24.799589300000004],[121.56663499999999,24.799428900000002],[121.56722360000002,24.798889],[121.567221,24.7985685],[121.5677891,24.7980286],[121.56783849999998,24.797620999999996],[121.5676931,24.797443699999995],[121.56749280000001,24.7973728]]}},{"type":"Feature","properties":{"name":null,"kind":"path"},"geometry":{"type":"LineString","coordinates":[[121.570162,24.8112658],[121.5695907,24.8110212]]}},{"type":"Feature","properties":{"name":null,"kind":"path"},"geometry":{"type":"LineString","coordinates":[[121.56338890000002,24.714078799999996],[121.563257,24.713617299999992],[121.5628098,24.712782699999998],[121.5625902,24.7126645],[121.56256579999999,24.7123469],[121.562826,24.7117117],[121.5635172,24.711054300000004],[121.56376110000001,24.710648],[121.56396440000002,24.710035],[121.5646067,24.709931600000004],[121.5651759,24.7092225],[121.56574500000002,24.708845700000005],[121.5658995,24.708210499999996],[121.5662915,24.708253899999992],[121.5665907,24.7081883],[121.56697280000002,24.707708199999995],[121.5676883,24.7073463],[121.5682738,24.706637199999996],[121.5685258,24.706459899999995],[121.56942019999998,24.7063048],[121.5706317,24.705876299999993],[121.5712009,24.7054848],[121.57138790000002,24.7054405],[121.57174569999998,24.705049],[121.573258,24.7049308],[121.5735507,24.7047831],[121.57406300000001,24.7047831],[121.5743394,24.705048999999992],[121.57527449999999,24.705152399999992],[121.5760063,24.7053371],[121.5777463,24.705159800000004],[121.57887629999999,24.704717399999996]]}},{"type":"Feature","properties":{"name":"哈盆越嶺步道","kind":"path"},"geometry":{"type":"LineString","coordinates":[[121.5623216,24.754073800000004],[121.562493,24.754000299999998],[121.5626466,24.7542447],[121.56321530000001,24.7556769],[121.56252970000001,24.755965800000002],[121.56262519999999,24.756237099999996],[121.56231939999999,24.756383200000002],[121.5622765,24.756524500000005],[121.56197179999998,24.756828],[121.56204150000002,24.7569498],[121.56217990000002,24.756997],[121.56282899999998,24.75695809999999],[121.56329570000001,24.756748599999998],[121.5637034,24.756699899999997],[121.5638751,24.756646299999996],[121.56431070000001,24.756272699999997],[121.5646744,24.756310200000005],[121.56518400000002,24.7567389],[121.5659565,24.75673889999999],[121.56633730000001,24.756514799999998],[121.5667783,24.756506500000004],[121.56723320000002,24.756578100000002],[121.56753900000001,24.7567437],[121.56798530000002,24.7567842],[121.56808079999999,24.756904499999997],[121.5685904,24.757114],[121.569159,24.7575426],[121.569364,24.757578199999998],[121.5695034,24.757772999999993],[121.5699261,24.7580249],[121.5699594,24.758255299999995],[121.57034990000001,24.758736099999997],[121.57049479999999,24.759077099999992],[121.57066109999998,24.759052699999998],[121.57115459999999,24.7591989],[121.5710323,24.759492599999998],[121.5710795,24.7598419],[121.57094540000001,24.760309499999998],[121.5708971,24.760894099999994],[121.57107410000002,24.761312999999998],[121.5712726,24.7615273],[121.5717511,24.761796699999998],[121.57232940000002,24.7617563],[121.5724968,24.761874699999996],[121.57272099999999,24.761882899999996],[121.57293130000001,24.7620013],[121.5730536,24.7619706],[121.57335940000002,24.762092399999997],[121.5735525,24.762262899999993],[121.5738915,24.7622936],[121.5741318,24.762462599999996],[121.57445480000001,24.7624446],[121.5754676,24.763032500000005],[121.5758109,24.763066599999995],[121.5760469,24.763461200000002],[121.57620789999999,24.7635927],[121.57628410000001,24.763511399999995],[121.5766263,24.7637194],[121.5770447,24.7641626],[121.5772218,24.764571800000006],[121.57723250000001,24.7648008],[121.5774256,24.7650638],[121.57751140000002,24.765706799999997],[121.57797809999998,24.7655899],[121.57825170000001,24.765283],[121.578477,24.765234300000003],[121.5787399,24.7650151],[121.57862189999999,24.7648056],[121.57912080000001,24.764644899999997],[121.57929779999999,24.764742300000005],[121.57929240000001,24.7646741],[121.57948020000002,24.764596199999993],[121.57970550000002,24.764727699999998],[121.579743,24.764980999999995],[121.5796894,24.765063799999997],[121.580258,24.765127100000004],[121.5803009,24.764790999999995],[121.5804404,24.7646254],[121.5806925,24.7645523],[121.5810037,24.7642844],[121.5812236,24.763962899999996],[121.58146499999998,24.763924],[121.5817654,24.763354],[121.5817343,24.7631655],[121.5818416,24.762883],[121.5821356,24.7625113],[121.58215859999999,24.7623498]]}},{"type":"Feature","properties":{"name":null,"kind":"path"},"geometry":{"type":"LineString","coordinates":[[121.5712057,24.798421900000005],[121.57105649999998,24.7979264],[121.5712354,24.7977419],[121.571211,24.797306399999993],[121.5713899,24.796730699999998]]}},{"type":"Feature","properties":{"name":null,"kind":"track"},"geometry":{"type":"LineString","coordinates":[[121.56140190000002,24.850757300000005],[121.5612645,24.850703799999994],[121.5611163,24.850473399999995],[121.5609245,24.8491353],[121.56099249999998,24.8488923],[121.56095069999999,24.8484288],[121.5613127,24.848040100000002],[121.5614181,24.848010900000002],[121.56168910000001,24.84815259999999],[121.56194440000002,24.848126099999998],[121.56206139999999,24.8478321],[121.56223810000002,24.8476557],[121.5630133,24.84724539999999],[121.56350390000001,24.846847099999998],[121.56373020000001,24.846902199999995],[121.56385880000002,24.8468526],[121.56416919999998,24.8465642],[121.5645065,24.846543000000004],[121.5648697,24.8466395],[121.56501900000002,24.8466052],[121.56535080000002,24.8462974],[121.5658272,24.846360600000004],[121.56587920000001,24.846151000000003],[121.56558889999998,24.845673899999998],[121.56594490000002,24.8450289],[121.56614,24.845051499999997],[121.56632980000002,24.8452528],[121.5670021,24.8453785],[121.567208,24.8455106]]}},{"type":"Feature","properties":{"name":"啦卡路","kind":"primary"},"geometry":{"type":"LineString","coordinates":[[121.5547085,24.8616099],[121.55506999999999,24.860927999999998],[121.5553014,24.8606384],[121.55560969999999,24.860429800000002],[121.556236,24.860384199999995],[121.5572351,24.860430199999993],[121.5576696,24.860515599999996],[121.5580265,24.860430799999996],[121.5580773,24.859528500000003],[121.55816320000001,24.8592067],[121.5589356,24.8583484],[121.55940770000001,24.8576832],[121.5600514,24.857125299999996],[121.56073809999998,24.8568892],[121.5611243,24.8569107],[121.56138180000002,24.8570395],[121.5619022,24.857659299999998],[121.5621248,24.857747599999996],[121.5622536,24.857704599999998],[121.5623903,24.8573096],[121.56243319999999,24.8565888],[121.5625191,24.8563099],[121.56270950000001,24.855979199999997],[121.5632938,24.855494599999997],[121.56428489999999,24.855605199999996],[121.5648419,24.8558277],[121.5650994,24.855803699999996],[121.56525750000002,24.8556669],[121.56554109999999,24.8557802],[121.56612670000001,24.855842299999996],[121.56636,24.8557949],[121.5665746,24.855644699999996],[121.56698230000002,24.854485999999998],[121.56700370000001,24.854206999999995],[121.5665746,24.853220000000004],[121.5664954,24.852590399999997],[121.5661575,24.8521912],[121.56629960000001,24.851704499999997],[121.5665155,24.851568599999993],[121.56633850000001,24.8511815],[121.56612400000002,24.850966899999992],[121.56638680000002,24.8504993],[121.56654910000002,24.8504871],[121.56699299999998,24.8506451],[121.56730820000001,24.8508386],[121.567929,24.8505668],[121.56829659999998,24.8506682],[121.5688276,24.8505378],[121.56954250000001,24.850557999999996],[121.5698187,24.849955999999988],[121.570437,24.849464899999997],[121.5707212,24.849103299999996],[121.5711176,24.8489858],[121.57122809999998,24.849007700000005],[121.57127639999999,24.849172999999997],[121.5710146,24.8495124],[121.5707076,24.850256400000003],[121.57089930000001,24.8505237],[121.5709765,24.85053179999999],[121.5712453,24.850290900000005]]}},{"type":"Feature","properties":{"name":null,"kind":"path"},"geometry":{"type":"LineString","coordinates":[[121.5623769,24.8686428],[121.56236630000001,24.8687099]]}},{"type":"Feature","properties":{"name":null,"kind":"path"},"geometry":{"type":"LineString","coordinates":[[121.5630639,24.876327400000005],[121.5630117,24.876271199999998]]}},{"type":"Feature","properties":{"name":null,"kind":"path"},"geometry":{"type":"LineString","coordinates":[[121.56486540000002,24.880363299999996],[121.56496479999998,24.879551600000003],[121.564648,24.878837799999996],[121.564297,24.878476499999998],[121.56424260000001,24.878280099999994],[121.56431850000001,24.878129699999995],[121.56418380000001,24.8779614],[121.5642571,24.877459799999993],[121.5644176,24.8770657],[121.563955,24.8768968],[121.5637659,24.876695099999996],[121.56322079999998,24.876530199999998],[121.56308009999998,24.8764372],[121.5630639,24.876327400000005]]}},{"type":"Feature","properties":{"name":null,"kind":"path"},"geometry":{"type":"LineString","coordinates":[[121.56348530000001,24.8013483],[121.5633018,24.8011422],[121.56335059999999,24.800555499999994],[121.5637246,24.800452099999998],[121.5639685,24.800179],[121.56417990000001,24.800090399999995],[121.56474099999998,24.7996291],[121.56509469999999,24.7997583],[121.565237,24.7999281],[121.5655607,24.799998099999993]]}},{"type":"Feature","properties":{"name":"內洞林道","kind":"track"},"geometry":{"type":"LineString","coordinates":[[121.5712453,24.850290900000005],[121.57100340000001,24.8499738],[121.5711262,24.849589799999997],[121.5715649,24.8491533],[121.5713773,24.848620799999996],[121.57145279999999,24.8482644],[121.5711767,24.848133],[121.57071899999998,24.847759200000002],[121.5705766,24.847844399999993],[121.5704758,24.8486183],[121.5700733,24.848764399999997],[121.570129,24.8490783],[121.5690695,24.849873799999997],[121.5672463,24.849808900000003],[121.56699139999999,24.849659099999997],[121.5665011,24.849081499999997],[121.56634180000002,24.849027900000003],[121.5657231,24.8490486],[121.56532209999999,24.848639199999997],[121.5651655,24.8486916],[121.5650348,24.849051199999998],[121.56489360000002,24.849189800000005],[121.5644324,24.849189800000005],[121.5642151,24.849020499999995],[121.56371660000002,24.849149099999998],[121.56356990000002,24.8492817],[121.56350420000001,24.849529699999998],[121.5637497,24.849783100000003],[121.56398490000001,24.8503381],[121.563797,24.850632699999995],[121.56367190000002,24.851510000000005],[121.5638039,24.8517872],[121.56406370000002,24.8520643],[121.56403169999999,24.852368599999995],[121.5629187,24.8527164],[121.5625326,24.8526699],[121.56202840000002,24.852447999999995],[121.5615281,24.852470199999996],[121.5611187,24.8522762],[121.56085290000001,24.852342399999998],[121.56049520000002,24.8528962],[121.5601513,24.8529856],[121.55946200000001,24.8533301],[121.55902960000002,24.8536898],[121.5588993,24.853913100000003],[121.5589048,24.854150899999997],[121.5587565,24.8545133],[121.5587778,24.854832500000004],[121.5586869,24.8549389],[121.55854540000001,24.854941400000005],[121.5584745,24.8547172],[121.558745,24.8541321],[121.5587816,24.8537739],[121.55894299999999,24.853428500000003],[121.5592857,24.853118500000004],[121.55972819999998,24.852943899999996],[121.5599099,24.852657499999996],[121.56016349999999,24.852506600000005],[121.5602725,24.851945199999996],[121.560575,24.851855899999997],[121.56187219999998,24.851780399999996],[121.56206419999998,24.8516842],[121.5620973,24.851371400000005],[121.56201540000002,24.851138699999996],[121.5616499,24.8507133],[121.56140190000002,24.850757300000005]]}},{"type":"Feature","properties":{"name":null,"kind":"service"},"geometry":{"type":"LineString","coordinates":[[121.56462620000002,24.855769099999996],[121.565399,24.856114300000005],[121.5665004,24.8560323],[121.5668139,24.855913599999997],[121.56720170000001,24.855615899999997],[121.56750080000002,24.855114500000003]]}},{"type":"Feature","properties":{"name":null,"kind":"path"},"geometry":{"type":"LineString","coordinates":[[121.5623769,24.8686428],[121.5628305,24.8691654],[121.563262,24.8692646],[121.56355580000002,24.8694684],[121.56417279999998,24.8695661],[121.56427529999999,24.869660199999988],[121.56442370000002,24.8700575],[121.56479550000002,24.870482000000003],[121.5650757,24.870965999999996],[121.56517419999999,24.871493799999996],[121.5650766,24.87185],[121.56509400000002,24.8722195],[121.5656666,24.872675700000002],[121.5661587,24.872944],[121.566308,24.873351299999992],[121.5660854,24.873663500000003],[121.56632570000001,24.873599400000003],[121.56651599999998,24.8736343],[121.56654830000001,24.873768300000002],[121.56656749999999,24.874067800000002],[121.56583969999998,24.875407500000005],[121.5650726,24.875695799999995],[121.56453039999998,24.875589199999997],[121.56395939999999,24.875711299999995],[121.56376670000002,24.876141299999997],[121.56351710000001,24.876095],[121.5630639,24.876327400000005]]}},{"type":"Feature","properties":{"name":null,"kind":"path"},"geometry":{"type":"LineString","coordinates":[[121.5474624,24.7060104],[121.5478651,24.705684299999998],[121.54838549999998,24.705688],[121.5486904,24.7055365],[121.5488855,24.705591899999998],[121.5491132,24.7059207],[121.54922699999999,24.7059207],[121.5493165,24.7055846],[121.5496864,24.7053445],[121.55008890000002,24.705252199999993],[121.5504467,24.70529279999999],[121.5507069,24.705436800000005],[121.5509874,24.7057655],[121.55134510000002,24.70588],[121.5518208,24.7063048],[121.5516541,24.706592799999992],[121.55186149999999,24.707113599999996],[121.5523737,24.707302],[121.55283719999998,24.7076159],[121.5530689,24.7075088],[121.5533575,24.7077193],[121.5536096,24.707793199999998],[121.55380480000001,24.707955699999996],[121.5542682,24.7080923],[121.5544552,24.708247399999998],[121.5545609,24.708509699999997],[121.55480890000001,24.708661099999997],[121.5548211,24.708993499999995],[121.5546666,24.708930699999996],[121.55468290000002,24.709045200000006],[121.55506909999998,24.709185500000004],[121.5553293,24.7096583],[121.555618,24.709946299999995],[121.55563009999999,24.7101421],[121.55582939999998,24.710444899999995],[121.55575210000002,24.710747799999996],[121.5559513,24.711098599999996],[121.5558253,24.711383000000005],[121.5563579,24.711803999999994],[121.5566303,24.711848300000003],[121.5565367,24.71226559999999],[121.55678069999999,24.712501999999994],[121.55674409999999,24.712771600000007],[121.5565855,24.712978399999997],[121.55678069999999,24.7135619],[121.55678069999999,24.714045700000003],[121.5572197,24.7146366],[121.55706119999999,24.714991200000004],[121.55712219999998,24.715246],[121.55745960000002,24.7154306],[121.55808570000002,24.715482299999998],[121.55845159999998,24.715763],[121.55872399999998,24.715777799999998],[121.5587646,24.7160141],[121.55903290000002,24.7159144],[121.55899640000001,24.715803600000005],[121.55920370000001,24.7156818],[121.5599558,24.714884099999995],[121.5600574,24.714588600000003],[121.5608096,24.7140864],[121.56108600000002,24.714016199999996],[121.5616511,24.7140827],[121.56196819999998,24.7140383],[121.56299270000001,24.714223],[121.56323260000002,24.714197099999993],[121.56359030000002,24.713945999999996],[121.56474490000001,24.713602599999998],[121.56504580000001,24.713595200000004],[121.56536290000001,24.713447400000003],[121.56556620000002,24.713606299999995],[121.56586699999998,24.713665299999995],[121.56655000000002,24.713543499999993],[121.5666801,24.713451099999997],[121.5666679,24.713384699999995],[121.56630610000002,24.713163099999996],[121.5663305,24.71296359999999],[121.56644020000002,24.7128455],[121.56648490000002,24.712623899999997],[121.5666516,24.712538899999995],[121.56692810000001,24.712081],[121.56728180000002,24.7118926],[121.5673631,24.711678400000004],[121.56746879999999,24.711612],[121.5683957,24.7116637],[121.5689283,24.711205699999997],[121.56932259999999,24.7109841],[121.5694812,24.711183499999997],[121.56999340000002,24.711394099999993],[121.5703797,24.71125],[121.57057069999999,24.711312799999998],[121.57056260000002,24.711556600000005],[121.57067239999999,24.711803999999997],[121.57079840000002,24.711892599999995],[121.571083,24.7117966],[121.57175790000001,24.711852],[121.5719449,24.7117818],[121.5721725,24.711512199999998],[121.5724124,24.711678400000004],[121.5723596,24.711929599999998],[121.5724449,24.712088399999995],[121.57286769999999,24.7124503],[121.57298560000001,24.712224999999993],[121.57327430000001,24.712114199999995],[121.5735345,24.7121179],[121.5734247,24.711959100000005],[121.5734807,24.711918300000004]]}},{"type":"Feature","properties":{"name":"哈盆越嶺步道","kind":"path"},"geometry":{"type":"LineString","coordinates":[[121.55942260000002,24.761254599999997],[121.55911250000001,24.760174599999996],[121.55786689999998,24.759710399999996],[121.5575086,24.7593952],[121.55747640000001,24.759059099999998],[121.5578187,24.7583269],[121.55825320000001,24.758287899999996],[121.5588969,24.7584536],[121.5596211,24.7581272],[121.56002990000002,24.7573395],[121.5599923,24.756915700000004],[121.5603667,24.756319899999998],[121.5603238,24.755983799999992],[121.5604472,24.755589199999996],[121.56072620000002,24.7554431],[121.56124110000002,24.75556],[121.56197179999998,24.755444499999996],[121.5622443,24.7551703],[121.5623216,24.754073800000004]]}},{"type":"Feature","properties":{"name":null,"kind":"path"},"geometry":{"type":"LineString","coordinates":[[121.56023579999999,24.761349000000003],[121.5600201,24.7612315],[121.5598291,24.761270699999997],[121.5596689,24.7611588],[121.55942260000002,24.761254599999997]]}},{"type":"Feature","properties":{"name":null,"kind":"path"},"geometry":{"type":"LineString","coordinates":[[121.5597556,24.849999199999996],[121.5596137,24.8495343],[121.55935880000001,24.849258299999995],[121.5592098,24.848830300000003],[121.55944870000002,24.848100599999995],[121.5593686,24.8477977],[121.55946469999999,24.8471172],[121.5597972,24.8466601],[121.5606383,24.846414300000003],[121.56091289999999,24.846196400000007],[121.56117150000001,24.845780699999995],[121.5614523,24.845584],[121.56165180000002,24.845210699999996],[121.5618353,24.8451012],[121.5623082,24.844526800000004],[121.5629313,24.84418489999999],[121.5628611,24.8439368],[121.5629683,24.843762400000003],[121.5634276,24.8436429],[121.56352,24.8431769],[121.56343250000002,24.842878499999998],[121.56399660000001,24.842080599999992],[121.5640409,24.8414581],[121.5641911,24.841287099999995]]}},{"type":"Feature","properties":{"name":null,"kind":"footway"},"geometry":{"type":"LineString","coordinates":[[121.5583749,24.890409300000005],[121.55852749999998,24.890777400000005],[121.5591661,24.890939999999997],[121.5592857,24.890915399999997],[121.55945690000001,24.890363199999996],[121.5596791,24.890060699999992],[121.5598315,24.8900667],[121.56002780000001,24.8902528],[121.56035399999999,24.8899578],[121.5604939,24.889956699999995],[121.56101250000002,24.8891137],[121.56204160000001,24.8882175],[121.5624804,24.887962799999997],[121.56275900000001,24.887677100000005],[121.5628864,24.8876972],[121.56364,24.887228499999996],[121.5640918,24.8872115],[121.56428270000002,24.886961199999995],[121.56455610000002,24.8864035],[121.56440520000001,24.886117499999997],[121.564294,24.8855172],[121.56449040000001,24.8848053],[121.5647393,24.884330899999995],[121.56474930000002,24.883970499999997],[121.5646223,24.883084299999993],[121.56420750000001,24.8824461],[121.564565,24.881506699999996],[121.5648314,24.881343700000002],[121.5648625,24.8811266],[121.56476,24.880808699999996],[121.56486540000002,24.880363299999996]]}},{"type":"Feature","properties":{"name":null,"kind":"footway"},"geometry":{"type":"LineString","coordinates":[[121.5623216,24.754073800000004],[121.5623265,24.7538625],[121.56244060000002,24.753726200000006],[121.56269870000001,24.753826199999995],[121.5631009,24.754205899999988],[121.5638513,24.754273200000004],[121.56439110000001,24.753971999999997],[121.5652259,24.753154900000002],[121.56544660000002,24.752707700000002],[121.56557680000002,24.7518211],[121.56567870000002,24.751718300000004],[121.56639739999999,24.751523],[121.56660119999998,24.751666899999996],[121.5667342,24.751674600000005],[121.5679963,24.7511941],[121.56912820000001,24.750271499999997],[121.5696743,24.750019699999996],[121.569996,24.7494994],[121.57024100000001,24.7494994],[121.5705063,24.749660899999995],[121.57082810000001,24.7496658]]}},{"type":"Feature","properties":{"name":null,"kind":"path"},"geometry":{"type":"LineString","coordinates":[[121.5670639,24.7565515],[121.5671723,24.7560432],[121.56730340000001,24.7558632],[121.5679291,24.7553766],[121.56813810000001,24.755296799999996]]}},{"type":"Feature","properties":{"name":"露門山登山路線","kind":"path"},"geometry":{"type":"LineString","coordinates":[[121.5704781,24.811603699999992],[121.56928090000001,24.8124368],[121.56880450000001,24.8132445],[121.56871329999998,24.813643900000002],[121.5680537,24.8136955],[121.5676072,24.813819599999995],[121.56625540000002,24.8144624],[121.56588940000002,24.814892099999998],[121.565702,24.815788400000002],[121.5653112,24.816390499999997],[121.5652616,24.8169483],[121.565955,24.817052700000005],[121.5657833,24.8174617],[121.56574039999998,24.817890199999994],[121.5661695,24.8183576],[121.56588220000002,24.818622300000005],[121.5658048,24.818883500000002],[121.5658691,24.819253499999988],[121.56561160000001,24.819604099999996],[121.5652469,24.819643],[121.5648186,24.819408099999997],[121.5646529,24.819967100000003],[121.56441000000001,24.8202078],[121.56405080000002,24.8202433],[121.56348860000001,24.820181999999996],[121.56361610000002,24.8205389],[121.56329420000002,24.820597299999992],[121.5630387,24.82085229999999],[121.56291419999998,24.82133869999999],[121.5626698,24.8215473],[121.5625432,24.8218243],[121.5626719,24.822778599999996],[121.5621474,24.8229185],[121.56188619999999,24.823123299999995],[121.5619221,24.823537099999992],[121.56177649999998,24.823943099999997]]}},{"type":"Feature","properties":{"name":null,"kind":"path"},"geometry":{"type":"LineString","coordinates":[[121.57786919999998,24.732871200000005],[121.57802930000001,24.732733099999997],[121.5783082,24.732689299999997],[121.57846910000002,24.732586899999998],[121.57846380000001,24.732041200000005],[121.57861400000002,24.7318415],[121.5787213,24.731237299999997],[121.57887680000002,24.730803699999996],[121.5792148,24.730496699999996],[121.5794777,24.730443099999995],[121.5800838,24.730511299999996],[121.5809636,24.7308816],[121.5816502,24.731057],[121.5818863,24.7307842],[121.58169320000002,24.7304334],[121.5816288,24.729985099999993],[121.5818863,24.729458899999997],[121.58244420000001,24.7293419],[121.5827017,24.7294784],[121.58381749999998,24.7285428],[121.5845899,24.7285234],[121.58538389999998,24.729146999999998],[121.58637089999999,24.7288937],[121.58662839999998,24.728620799999998],[121.5869717,24.7285039],[121.5870576,24.728309000000003],[121.58587739999999,24.7283479],[121.58542680000001,24.728036099999997],[121.5853894,24.727776499999994],[121.58503450000002,24.727403299999995],[121.58475430000001,24.7272336],[121.5840632,24.7273015],[121.5837456,24.7271318],[121.5834467,24.726707599999994],[121.58325990000002,24.7255029],[121.5832973,24.7244849],[121.583783,24.7233989],[121.58477300000001,24.722838999999997],[121.5849411,24.722245099999995],[121.5845862,24.7221264],[121.5842126,24.722567499999997],[121.5838577,24.722482699999997],[121.58376430000001,24.722177299999995],[121.58359620000002,24.7222791],[121.58340940000001,24.7221094],[121.583316,24.721837899999997],[121.58299840000001,24.721583399999997],[121.5828116,24.721600399999996],[121.5823399,24.7213589],[121.5822648,24.720871599999995],[121.58200730000001,24.7205987],[121.5819429,24.7203746],[121.5819751,24.720169899999995],[121.5822112,24.719896999999996],[121.5821575,24.7198288],[121.58182490000002,24.719955499999998],[121.5817498,24.719848299999992],[121.58214680000002,24.7190102],[121.5825974,24.7189712],[121.58284419999998,24.718620399999995],[121.58289780000001,24.71825],[121.5829085,24.717597],[121.58262959999999,24.717548300000004],[121.582061,24.7176848],[121.5819859,24.717558099999998],[121.58254380000001,24.717226699999998],[121.5825545,24.716797899999996],[121.5823936,24.716135199999997],[121.5820717,24.7158038],[121.58240430000001,24.7156966],[121.58299440000002,24.7144296],[121.58293,24.713913099999996],[121.58267250000002,24.713065099999998],[121.58232920000002,24.712743499999995],[121.58228630000002,24.7124316],[121.5828013,24.7119638],[121.5829085,24.7117397],[121.58271540000001,24.711349800000004],[121.58288709999998,24.7111451],[121.5833055,24.7112426],[121.58347090000001,24.7114593],[121.58369169999999,24.711476499999996],[121.5838527,24.7112523],[121.58419599999999,24.711437500000002],[121.5843247,24.711408300000002],[121.5843891,24.711203599999997],[121.5836274,24.7100243],[121.58340210000001,24.709498],[121.5835952,24.709371299999997],[121.5836381,24.7086988],[121.58352009999999,24.708620799999995],[121.5831875,24.70879619999999],[121.5831446,24.708455099999995],[121.5830051,24.708162699999995],[121.58270469999998,24.708074999999997],[121.58293,24.7075682],[121.58316600000002,24.7073927],[121.583327,24.7070418],[121.5836274,24.706788399999997],[121.58365959999999,24.7065642],[121.5834772,24.7062718],[121.583799,24.7057748],[121.58374540000001,24.704839099999994],[121.58387409999999,24.704263999999995],[121.58402559999999,24.703974899999995]]}},{"type":"Feature","properties":{"name":null,"kind":"path"},"geometry":{"type":"LineString","coordinates":[[121.58037319999998,24.7588863],[121.5805814,24.75872739999999],[121.580691,24.7585091],[121.58054290000001,24.7582613]]}},{"type":"Feature","properties":{"name":null,"kind":"path"},"geometry":{"type":"LineString","coordinates":[[121.5823654,24.760700399999998],[121.58214350000002,24.7606729],[121.5814524,24.76091759999999],[121.5812581,24.760841300000003],[121.5809353,24.760374],[121.58056420000001,24.7600503],[121.58069800000001,24.759315799999996],[121.5806461,24.7590182],[121.58020330000001,24.758836699999996]]}},{"type":"Feature","properties":{"name":null,"kind":"path"},"geometry":{"type":"LineString","coordinates":[[121.5825115,24.760794],[121.5828766,24.760324199999996],[121.5830713,24.760299100000005],[121.5832805,24.760093599999994],[121.5838584,24.7597921],[121.5839877,24.759740999999998],[121.58408749999998,24.7598259]]}},{"type":"Feature","properties":{"name":null,"kind":"path"},"geometry":{"type":"LineString","coordinates":[[121.5824528,24.760762700000004],[121.5823654,24.760700399999998]]}},{"type":"Feature","properties":{"name":null,"kind":"path"},"geometry":{"type":"LineString","coordinates":[[121.58284170000002,24.760900400000004],[121.5824528,24.760762700000004]]}},{"type":"Feature","properties":{"name":null,"kind":"path"},"geometry":{"type":"LineString","coordinates":[[121.5766589,24.7449785],[121.5774233,24.744381199999996],[121.5774883,24.7441301],[121.57743950000001,24.7439677],[121.57688660000001,24.743775699999997],[121.57664269999998,24.743125799999998],[121.5763662,24.742697499999995],[121.57646380000001,24.742520299999995],[121.5775534,24.7417228],[121.57774850000001,24.7413388],[121.57782979999999,24.740467399999993],[121.57813880000002,24.740231099999995],[121.57885430000002,24.739433599999998],[121.57872420000001,24.739093899999997],[121.57861040000002,24.7383554],[121.57896810000001,24.738724599999998],[121.57909820000002,24.7384735],[121.57854530000002,24.737144299999997],[121.5778623,24.736996600000005],[121.5776997,24.736716],[121.57792740000001,24.736494399999998],[121.57885430000002,24.736139899999998],[121.5792608,24.735608199999994],[121.5791308,24.7354753],[121.5781225,24.735608199999994],[121.5777648,24.735578699999998],[121.5776184,24.735253799999988],[121.57766720000001,24.73464819999999],[121.57799240000001,24.734367599999995],[121.57787860000002,24.734013099999995],[121.5775534,24.7339835],[121.5772281,24.734323199999995],[121.57678899999999,24.73429369999999],[121.5767403,24.7341608],[121.57695170000001,24.7337915],[121.5770492,24.733437],[121.5774558,24.733333699999996],[121.57750460000001,24.7329644],[121.577799,24.7328727],[121.57877040000001,24.732821799999996],[121.5790132,24.7327116],[121.5791627,24.732508000000003],[121.5795923,24.732389199999993],[121.5797231,24.732177099999998],[121.5800967,24.7321601],[121.580489,24.7324316],[121.58098399999999,24.732635200000004],[121.5816097,24.7327031],[121.5818152,24.732567299999992],[121.5820954,24.7325249],[121.58246900000002,24.7326182],[121.58275859999999,24.732601300000002],[121.58315079999998,24.7323807],[121.5835058,24.731871699999996],[121.5840101,24.731651099999997],[121.5842063,24.731472999999998],[121.5854578,24.7314136],[121.586205,24.7314984],[121.5864292,24.7313966],[121.58726979999999,24.7314645],[121.5874659,24.731388200000005],[121.58767140000002,24.7311252],[121.58811040000002,24.730947000000004],[121.58901860000002,24.730342099999998],[121.5894504,24.7298728],[121.5897265,24.7298921],[121.59052630000001,24.7297056],[121.5906962,24.7294163],[121.59097230000002,24.729294200000002],[121.5914607,24.729339199999995],[121.59194200000002,24.729127],[121.59251540000001,24.7286448],[121.59303920000002,24.7286191],[121.5933364,24.7287541],[121.59351570000001,24.7290012],[121.5938107,24.7289663],[121.5938744,24.72924919999999],[121.5937541,24.729673499999997],[121.5937187,24.730258499999998],[121.59434160000002,24.731627999999997],[121.59490780000002,24.732020100000003],[121.594922,24.73243799999999],[121.5951627,24.7325988],[121.5952476,24.732772299999997],[121.59497859999999,24.733460299999997],[121.5940726,24.7347846],[121.59399720000002,24.735089000000002],[121.5941687,24.735500099999996]]}},{"type":"Feature","properties":{"name":null,"kind":"service"},"geometry":{"type":"LineString","coordinates":[[121.58505010000002,24.759658899999998],[121.58633810000002,24.759470899999997],[121.586735,24.759501699999994],[121.5869179,24.7596363]]}},{"type":"Feature","properties":{"name":null,"kind":"service"},"geometry":{"type":"LineString","coordinates":[[121.585135,24.7598005],[121.5850668,24.759751799999997],[121.5850423,24.7595191],[121.58609,24.7594884]]}},{"type":"Feature","properties":{"name":null,"kind":"service"},"geometry":{"type":"LineString","coordinates":[[121.5869179,24.7596363],[121.5862562,24.7596417],[121.585135,24.7598005]]}},{"type":"Feature","properties":{"name":null,"kind":"path"},"geometry":{"type":"LineString","coordinates":[[121.5841269,24.759843399999998],[121.58487109999999,24.759759999999996]]}},{"type":"Feature","properties":{"name":"哈盆越嶺步道","kind":"path"},"geometry":{"type":"LineString","coordinates":[[121.58281119999998,24.761260699999998],[121.58289159999998,24.760816700000003],[121.5834563,24.760140499999995],[121.58367100000001,24.7599938],[121.58408749999998,24.7598259],[121.585135,24.7598005]]}},{"type":"Feature","properties":{"name":null,"kind":"path"},"geometry":{"type":"LineString","coordinates":[[121.5828862,24.7610953],[121.5831512,24.761259199999998],[121.5833879,24.761271799999996],[121.5834193,24.7614309],[121.58414379999999,24.761579599999997],[121.58477410000002,24.7619921],[121.5855865,24.762316699999996],[121.5859032,24.7628627],[121.5864262,24.763450799999998],[121.58656859999999,24.7639188],[121.5866657,24.764298999999998],[121.5865993,24.764454599999997],[121.58629440000001,24.764655199999996]]}},{"type":"Feature","properties":{"name":null,"kind":"path"},"geometry":{"type":"LineString","coordinates":[[121.5861893,24.764699099999998],[121.5861037,24.7647163],[121.58593830000001,24.7644358],[121.58536040000001,24.764060899999993],[121.5851593,24.7637029],[121.58516140000002,24.763470399999996],[121.58494370000001,24.763043299999996],[121.58444740000002,24.7627062],[121.58403070000001,24.7626182],[121.58333340000001,24.7623313],[121.58282460000001,24.761923000000003],[121.5827042,24.761573599999995]]}},{"type":"Feature","properties":{"name":null,"kind":"path"},"geometry":{"type":"LineString","coordinates":[[121.58629440000001,24.764655199999996],[121.5861893,24.764699099999998]]}},{"type":"Feature","properties":{"name":null,"kind":"path"},"geometry":{"type":"LineString","coordinates":[[121.60279549999998,24.7894363],[121.60256319999999,24.789467],[121.6022354,24.789351900000007],[121.6019345,24.789130200000002],[121.60179030000002,24.7888197],[121.60163850000002,24.788690399999993],[121.60151010000001,24.788643799999992],[121.60110380000002,24.788796399999995],[121.6010128,24.788770999999997],[121.6006555,24.788429699999995],[121.6002072,24.7884191],[121.59972920000001,24.7882112],[121.59954169999999,24.787986299999996],[121.5992692,24.787963799999996],[121.59886209999999,24.787761400000008],[121.59782520000002,24.7878096],[121.59769770000001,24.787761399999997],[121.5976694,24.787587799999997],[121.5975385,24.787469],[121.5968059,24.787334000000005],[121.5962113,24.787340400000005],[121.5957016,24.787256899999996],[121.5953583,24.787343599999986],[121.59489819999999,24.787189399999995],[121.59454080000002,24.7872987],[121.59422229999998,24.787263299999996],[121.59412320000001,24.7873918],[121.59386130000001,24.787260099999997],[121.5935923,24.7869838],[121.5933835,24.786938800000005],[121.59290210000002,24.7870288],[121.59283140000001,24.787163700000004],[121.59253409999998,24.787263299999996],[121.59243500000001,24.787359699999996],[121.59245270000001,24.787456099999996],[121.5923394,24.787530000000004],[121.59216950000001,24.787504300000002],[121.59189700000002,24.787693899999997],[121.59167049999999,24.788005600000005],[121.59158200000002,24.788339700000005],[121.5914051,24.788506799999997],[121.5910618,24.788535699999997],[121.5904601,24.789007999999992],[121.5900566,24.788963099999993],[121.5897629,24.78906269999999],[121.5894054,24.789078700000005],[121.5887082,24.78936149999999],[121.58860910000001,24.789608899999998],[121.58833300000002,24.789589599999996],[121.5881455,24.789734199999995],[121.58774199999999,24.7898434],[121.5874376,24.7902322],[121.58704119999999,24.7902965],[121.5867475,24.790209699999995],[121.58629089999998,24.790200100000003],[121.5858839,24.7904379],[121.58553,24.790412100000005],[121.58535659999998,24.790264299999993],[121.5848965,24.7900844],[121.5845036,24.790071599999997],[121.58433730000002,24.790126199999996],[121.58404150000001,24.7903899],[121.5838079,24.790415599999996],[121.58351769999999,24.790781900000002],[121.5833408,24.790743299999995],[121.5829656,24.7909297],[121.5825409,24.791553],[121.5816136,24.792253399999996],[121.5809483,24.792369099999995],[121.5809624,24.792536199999997],[121.5806651,24.792818899999997],[121.5804245,24.792953899999993],[121.5802617,24.792940999999992],[121.579844,24.7933137],[121.5796741,24.7933458],[121.5792707,24.793641399999995],[121.57879640000002,24.7936414],[121.57844960000001,24.793808500000004],[121.57829390000002,24.794129799999997],[121.577402,24.794810999999996],[121.5770197,24.794862399999996],[121.5764606,24.795215799999998],[121.57624110000002,24.795723399999996],[121.57596510000002,24.7956913],[121.57581640000001,24.7959997],[121.57557579999998,24.796263199999995],[121.57522179999998,24.796243900000004],[121.57486080000001,24.796905800000005],[121.5742309,24.797522600000004],[121.5741459,24.797792500000003],[121.57389110000001,24.798107399999996],[121.5734876,24.7982423],[121.57323280000001,24.798235899999998],[121.57288600000001,24.798081699999997],[121.57239759999999,24.798049599999995],[121.5717322,24.7981138],[121.57156230000001,24.798171599999993],[121.5714844,24.798313],[121.57092530000001,24.798531500000003],[121.57072,24.7985058],[121.5704581,24.798974899999994],[121.5692901,24.798222999999997],[121.5680797,24.798010999999995],[121.56783849999998,24.797620999999996]]}},{"type":"Feature","properties":{"name":"桶後林道","kind":"unclassified"},"geometry":{"type":"LineString","coordinates":[[121.5843447,24.845911399999995],[121.58507240000002,24.847058899999997],[121.5855868,24.847299199999995],[121.5860073,24.847746300000004],[121.586147,24.848026700000002],[121.58643879999998,24.848254199999996],[121.58652690000001,24.848154399999995],[121.58649480000001,24.8475127],[121.5866231,24.847054300000003],[121.58698950000002,24.846821500000004],[121.58770840000001,24.847029799999998],[121.5880544,24.8466876],[121.58814700000002,24.846460699999998],[121.58891699999998,24.846032200000003],[121.58907809999998,24.845712],[121.58941769999998,24.8457241],[121.58966300000002,24.8455628],[121.58977910000002,24.8452234],[121.59005120000002,24.845168999999995],[121.5903215,24.844968699999995],[121.59043590000002,24.8447572],[121.5909031,24.8447265],[121.5915983,24.8441773],[121.5921721,24.844077399999996]]}},{"type":"Feature","properties":{"name":null,"kind":"path"},"geometry":{"type":"LineString","coordinates":[[121.587066,24.849921400000003],[121.5871347,24.849922899999992]]}},{"type":"Feature","properties":{"name":null,"kind":"footway"},"geometry":{"type":"LineString","coordinates":[[121.5871347,24.849922899999992],[121.58785840000002,24.849996599999994]]}},{"type":"Feature","properties":{"name":"獅坑橋","kind":"footway"},"geometry":{"type":"LineString","coordinates":[[121.58413950000002,24.8075547],[121.58392630000002,24.807407999999995]]}},{"type":"Feature","properties":{"name":"西坑林道","kind":"path"},"geometry":{"type":"LineString","coordinates":[[121.5814393,24.843852899999998],[121.581037,24.8438407],[121.5809672,24.843672799999997],[121.58095909999999,24.8430995],[121.5807526,24.842632099999996],[121.58070709999998,24.842008],[121.58052469999998,24.841734],[121.5806748,24.841398100000003],[121.5806533,24.841205800000004],[121.57980850000001,24.840558299999998],[121.57973880000002,24.840434200000004],[121.5797629,24.8401324],[121.57964770000001,24.8398548],[121.57971870000002,24.839781399999996],[121.57992120000002,24.839810499999995],[121.58035029999999,24.8401129],[121.5805863,24.8400107],[121.58069900000001,24.839784299999998],[121.57984599999999,24.838545299999996],[121.5797441,24.8380123],[121.5796073,24.837778599999993],[121.57890999999998,24.837325899999996],[121.578682,24.8369437],[121.57832150000002,24.8367951],[121.5781393,24.8365789],[121.57814240000002,24.836456799999997],[121.5791032,24.836249500000005],[121.5794682,24.836046699999997],[121.57969110000002,24.835275200000005],[121.57952910000002,24.8347521],[121.57955190000001,24.834571999999998],[121.5805328,24.834531399999996],[121.58107060000002,24.834190100000004],[121.58177729999998,24.833991000000005],[121.5821439,24.834082],[121.58272170000001,24.833790899999997],[121.5825632,24.8322327],[121.58274929999999,24.8315054],[121.58269890000001,24.831182099999996],[121.5829669,24.830914099999994],[121.5828127,24.830714599999997],[121.5823299,24.83051499999999],[121.5821809,24.830285799999995],[121.58219210000001,24.829945999999996],[121.58200700000002,24.829692799999997],[121.581713,24.829624],[121.5815304,24.8296762],[121.58108809999999,24.8290924],[121.5811014,24.8289911],[121.58138570000001,24.828806099999994],[121.5815805,24.8276124],[121.58175590000002,24.827325999999996],[121.5823996,24.827131299999994],[121.58285619999998,24.82689],[121.5831292,24.826625],[121.5830234,24.8263629],[121.5828073,24.8261965],[121.582382,24.826297699999998],[121.5816218,24.8256074],[121.58111440000002,24.825025500000002],[121.58081710000002,24.82486739999999],[121.5799046,24.823516399999995],[121.58004279999999,24.823293799999995],[121.58016909999999,24.823251399999997],[121.58034219999999,24.823302399999996],[121.5809752,24.823777100000004],[121.58154110000001,24.823930500000003],[121.58200620000001,24.824201600000002],[121.5822817,24.824212200000005],[121.5829052,24.8239876],[121.5832274,24.823949399999993],[121.5835496,24.8240024],[121.58385550000001,24.82390699999999],[121.5843389,24.823570099999994],[121.58478020000001,24.822915199999994],[121.5851818,24.822639699999996],[121.5860808,24.822400200000008],[121.5863399,24.8220103],[121.58643330000001,24.8216691],[121.5867299,24.821497400000002],[121.5869961,24.821079900000004],[121.5870871,24.8210778],[121.5872483,24.8212537],[121.5875098,24.8213088],[121.58806780000002,24.8212346],[121.58831539999998,24.8209973],[121.5883737,24.8207133],[121.58855590000002,24.8205204],[121.5887286,24.8204759],[121.5889435,24.8205776],[121.5894221,24.820514100000004],[121.5898518,24.819793499999996],[121.58982140000002,24.819626100000004],[121.5892797,24.819170399999994],[121.5885582,24.818871600000005],[121.5884484,24.818752900000003],[121.5883317,24.8181447],[121.5880935,24.817926399999997],[121.58777830000001,24.817436799999992],[121.5879978,24.816514899999998],[121.5874257,24.815802799999997],[121.5870871,24.815506],[121.58687919999998,24.8146863],[121.5865801,24.8144246],[121.5867022,24.813853699999996],[121.58666459999999,24.813720999999997],[121.5868619,24.81329579999999],[121.5872265,24.812672499999998],[121.58749750000001,24.812496599999996],[121.58774020000001,24.81208399999999],[121.5877268,24.8118186],[121.5873097,24.811577600000003],[121.58696100000002,24.811158799999994],[121.5872588,24.8103577],[121.5870119,24.810007999999996],[121.5859846,24.809684399999995],[121.58570009999998,24.8094987],[121.58537869999999,24.809049799999997],[121.5853976,24.808418999999997],[121.58523980000001,24.808265299999995],[121.58519800000002,24.8079782],[121.58506,24.807892600000006],[121.58467370000001,24.807872999999997],[121.58442250000002,24.807614999999995],[121.58413950000002,24.8075547]]}},{"type":"Feature","properties":{"name":null,"kind":"unclassified"},"geometry":{"type":"LineString","coordinates":[[121.5841116,24.8457124],[121.5843447,24.845911399999995]]}},{"type":"Feature","properties":{"name":null,"kind":"track"},"geometry":{"type":"LineString","coordinates":[[121.5853197,24.8472011],[121.58505980000001,24.846809599999997],[121.5854374,24.8465411]]}},{"type":"Feature","properties":{"name":"桶後林道","kind":"unclassified"},"geometry":{"type":"LineString","coordinates":[[121.5865636,24.849587700000004],[121.58630910000001,24.849245899999996],[121.5858381,24.849209399999996],[121.5850402,24.8488112],[121.58476250000001,24.8482537],[121.5846987,24.847911999999997],[121.584185,24.847402199999994],[121.5840384,24.846862499999997],[121.58341350000002,24.8463139],[121.58340340000001,24.846154299999995],[121.5836595,24.846057099999996],[121.58377270000001,24.84585939999999],[121.5833328,24.845129899999996],[121.58325540000001,24.844728699999997],[121.5834089,24.84466259999999],[121.5835623,24.8447558],[121.58373690000002,24.845197299999995],[121.5841116,24.8457124]]}},{"type":"Feature","properties":{"name":"阿玉路28巷","kind":"residential"},"geometry":{"type":"LineString","coordinates":[[121.58665859999999,24.849619500000003],[121.58640899999999,24.8491166],[121.58651829999998,24.848975099999997],[121.5859381,24.848932899999998],[121.58552030000001,24.848679300000004],[121.58530810000002,24.8480893]]}},{"type":"Feature","properties":{"name":null,"kind":"footway"},"geometry":{"type":"LineString","coordinates":[[121.5854686,24.848549],[121.5855928,24.848694699999996],[121.5859417,24.848877700000003],[121.5865745,24.848871],[121.586762,24.8489275],[121.58689600000001,24.8490647],[121.5869215,24.8495365],[121.587066,24.849921400000003],[121.5870245,24.8500446],[121.58657290000001,24.850389299999993]]}},{"type":"Feature","properties":{"name":"阿玉路","kind":"unclassified"},"geometry":{"type":"LineString","coordinates":[[121.5865708,24.849643299999997],[121.5867116,24.849652099999997],[121.5866759,24.8497865],[121.58616890000002,24.8503966],[121.5859594,24.850567599999998],[121.5852208,24.850854599999998],[121.58518819999999,24.8509289],[121.5853903,24.850984099999998],[121.5859481,24.8507166],[121.58637329999999,24.850743300000005],[121.58653079999999,24.8506115],[121.58663409999998,24.850568999999997],[121.586669,24.8506199]]}},{"type":"Feature","properties":{"name":null,"kind":"footway"},"geometry":{"type":"LineString","coordinates":[[121.586669,24.8506199],[121.5868325,24.8504372],[121.5867506,24.850256999999992]]}},{"type":"Feature","properties":{"name":null,"kind":"service"},"geometry":{"type":"LineString","coordinates":[[121.5859481,24.8507166],[121.58650179999998,24.8504495],[121.5866563,24.8501961]]}},{"type":"Feature","properties":{"name":null,"kind":"steps"},"geometry":{"type":"LineString","coordinates":[[121.5848588,24.851151899999998],[121.5852979,24.8509846]]}},{"type":"Feature","properties":{"name":"阿玉路","kind":"unclassified"},"geometry":{"type":"LineString","coordinates":[[121.586669,24.8506199],[121.5865309,24.850913499999997],[121.58621970000002,24.8510803],[121.5860197,24.851465999999995],[121.58586230000002,24.851539000000002],[121.58538890000001,24.851457500000002],[121.5849138,24.851250299999997],[121.5848588,24.851151899999998]]}},{"type":"Feature","properties":{"name":null,"kind":"path"},"geometry":{"type":"LineString","coordinates":[[121.58649939999998,24.871190799999997],[121.5868145,24.870680999999998],[121.5873479,24.8701664],[121.5878043,24.870116299999996],[121.58829520000002,24.8698157],[121.5891226,24.869937400000005],[121.5894337,24.8697598],[121.58974439999999,24.869434500000004],[121.5908453,24.867900300000002],[121.5913869,24.8669424],[121.5918504,24.8664831],[121.5932013,24.8660749],[121.59409409999999,24.8664287],[121.5951347,24.866405200000003],[121.5955317,24.866513499999996],[121.59673460000002,24.8661158],[121.5969677,24.8657795],[121.597041,24.8653383],[121.59682349999999,24.865089299999994],[121.5968065,24.864708400000005],[121.59711180000001,24.86430619999999],[121.5975715,24.8640635],[121.597846,24.864005799999994],[121.59833169999999,24.8639295],[121.5985989,24.864024399999995],[121.5989916,24.863928599999998],[121.5993498,24.863717600000005],[121.60038660000001,24.8633106]]}},{"type":"Feature","properties":{"name":null,"kind":"path"},"geometry":{"type":"LineString","coordinates":[[121.58649939999998,24.871190799999997],[121.58620350000001,24.871522399999993],[121.58561690000002,24.871763699999995],[121.5846942,24.872671399999994],[121.58435140000002,24.872772099999995],[121.58325660000001,24.873367399999992],[121.58267619999998,24.8733712],[121.5819328,24.873577699999995],[121.58154800000001,24.874030499999993],[121.5810371,24.874327],[121.5805538,24.874407799999997],[121.58030020000001,24.87430049999999],[121.57942650000001,24.874593499999996]]}},{"type":"Feature","properties":{"name":null,"kind":"unclassified"},"geometry":{"type":"LineString","coordinates":[[121.5990502,24.760197099999996],[121.5991257,24.759835],[121.5990696,24.7595005],[121.59915010000002,24.759232899999997],[121.599648,24.758719199999998],[121.5996505,24.758569099999995],[121.59950440000001,24.7584105],[121.59921070000001,24.758322800000002],[121.5990832,24.758186399999996],[121.5989126,24.757373100000002],[121.5977878,24.757420399999997],[121.59756230000002,24.7571762],[121.5967336,24.7575093],[121.59646139999998,24.7572133],[121.5965089,24.7566931],[121.596121,24.7564285],[121.59618920000001,24.756179100000004],[121.5966359,24.755712000000003],[121.5967518,24.755168299999998],[121.5968317,24.755049199999995],[121.59706280000002,24.7549469],[121.5971233,24.754827100000004],[121.59700260000001,24.754524200000002],[121.5967789,24.754413499999995],[121.5965602,24.754484999999995],[121.59613490000001,24.754882700000003],[121.59588079999999,24.754950700000006],[121.5957089,24.7552508],[121.5949899,24.755612299999996],[121.5937817,24.7558037],[121.59335660000002,24.755661700000005],[121.59231829999999,24.7560568],[121.59210080000001,24.756800799999997],[121.59218390000001,24.757213300000007],[121.5922818,24.757499799999994],[121.59281130000001,24.7578771],[121.59265460000002,24.758253599999993],[121.59218600000001,24.758378599999997],[121.5920797,24.758466900000002],[121.59208790000001,24.758610399999995],[121.5924658,24.759034399999997],[121.59240980000001,24.7591531],[121.5915573,24.75946],[121.5910867,24.7593257],[121.5906707,24.7596675],[121.59032589999998,24.7596805],[121.5901004,24.7598411],[121.5899761,24.759949500000005],[121.5899689,24.7602119],[121.58982540000001,24.7602472],[121.5895874,24.759822399999997],[121.5894539,24.7597743],[121.5886332,24.759946],[121.58749620000002,24.759572399999996],[121.5869179,24.7596363]]}},{"type":"Feature","properties":{"name":null,"kind":"path"},"geometry":{"type":"LineString","coordinates":[[121.58760990000002,24.7595991],[121.587642,24.760108799999994],[121.5883518,24.760350300000002],[121.58911109999998,24.760213900000004],[121.5892771,24.760278499999995],[121.58917430000001,24.7605011],[121.589293,24.7606448],[121.58928509999998,24.760896099999993],[121.58901620000002,24.7616215],[121.5892771,24.762476],[121.58941160000002,24.7624473],[121.58963300000002,24.7620093],[121.59011550000001,24.7615353],[121.5902894,24.761528099999996],[121.59036849999998,24.761700399999995],[121.5903053,24.762353999999995],[121.59055830000001,24.762296499999998],[121.59104079999999,24.7616143],[121.59130180000001,24.761721999999995],[121.59158649999999,24.7621457],[121.5916497,24.762461699999996],[121.59210049999999,24.763021799999994],[121.5923061,24.7638261],[121.5929626,24.763998499999996],[121.59337380000001,24.7642642],[121.5935162,24.764493999999996],[121.59352410000001,24.764680699999996],[121.5933422,24.764845900000005],[121.5937297,24.7648818],[121.59354780000001,24.765197799999996],[121.59372180000001,24.765283900000004],[121.59422,24.7651116],[121.59466290000002,24.765793399999993],[121.596213,24.766375499999995],[121.59639490000002,24.767029],[121.59574640000001,24.769068399999995],[121.5961893,24.770066600000003],[121.5967745,24.7706051],[121.59774730000001,24.772041300000005],[121.5977868,24.772493700000002],[121.5967429,24.774274600000002],[121.59520860000002,24.777591999999995],[121.59451260000002,24.778568599999996],[121.5942358,24.779193300000003],[121.59426750000002,24.7805719],[121.5940619,24.7811607],[121.59332640000001,24.781627400000005],[121.5930337,24.782051000000003],[121.59305750000001,24.7828983],[121.59339750000001,24.7830778],[121.593358,24.783343500000004],[121.5930495,24.784068699999995],[121.5933343,24.784492299999997],[121.59322350000001,24.7846934],[121.5934924,24.7849877],[121.5930021,24.7854545],[121.5929467,24.785755999999996],[121.59262249999999,24.786172499999996],[121.5923773,24.787005299999997],[121.592235,24.7872064],[121.5921954,24.787371500000003],[121.59225820000002,24.78751769999999]]}},{"type":"Feature","properties":{"name":null,"kind":"path"},"geometry":{"type":"LineString","coordinates":[[121.58392630000002,24.807407999999995],[121.5845144,24.8071901],[121.5850776,24.807192500000003],[121.5853861,24.807111],[121.58546120000001,24.806947800000003],[121.5853003,24.8068955],[121.58524529999998,24.8068018],[121.58484160000002,24.806803],[121.58459890000002,24.806665400000004],[121.58485370000001,24.806401199999996],[121.5849288,24.8060446],[121.58506420000002,24.805971499999995],[121.58505350000001,24.805826599999993],[121.58548130000001,24.805833899999996],[121.586699,24.8055369],[121.58710539999998,24.805519899999993],[121.5875573,24.80458609999999],[121.5882037,24.803938499999994],[121.58933160000001,24.8033919],[121.58937180000001,24.802988899999995],[121.5899177,24.802775899999997],[121.5905467,24.802728400000003],[121.59082560000002,24.8025628],[121.59149209999998,24.802363199999995],[121.5921144,24.802010099999997],[121.5928735,24.801431899999997],[121.5935306,24.801226099999997],[121.59407910000002,24.801146999999997],[121.59430440000001,24.800871900000004],[121.59501519999999,24.80046649999999],[121.59560660000001,24.800431200000002],[121.59655480000002,24.799876],[121.5970135,24.799298899999997],[121.597055,24.799122400000005],[121.5969746,24.798999499999994],[121.59711270000001,24.7988716],[121.5974279,24.7988168],[121.59775110000001,24.7985113],[121.59827410000001,24.79831280000001],[121.59868720000001,24.7978441],[121.59937249999999,24.7976006],[121.59952940000001,24.7969055],[121.5993188,24.796660699999993],[121.599174,24.796119],[121.5988454,24.795583299999997],[121.598832,24.795442099999995],[121.59927190000002,24.795115799999998],[121.5994717,24.794790700000004],[121.5998271,24.794564300000008],[121.60027160000001,24.793599299999997],[121.6010441,24.7927485],[121.60118430000001,24.792279799999996],[121.6017758,24.792106300000004],[121.60205430000002,24.791901500000005],[121.6024457,24.791315299999994],[121.60247959999998,24.791127899999996],[121.6030897,24.790431399999996],[121.6030495,24.790186799999997],[121.60291180000002,24.7901083],[121.6030332,24.7900511],[121.60305890000001,24.789895300000005],[121.6029381,24.789620799999998]]}},{"type":"Feature","properties":{"name":null,"kind":"unclassified"},"geometry":{"type":"LineString","coordinates":[[121.5921721,24.844077399999996],[121.592293,24.84410129999999]]}},{"type":"Feature","properties":{"name":null,"kind":"path"},"geometry":{"type":"LineString","coordinates":[[121.614178,24.748935699999997],[121.6140229,24.748887799999995],[121.6136685,24.748263200000004],[121.6134723,24.7481021],[121.613084,24.747849299999995],[121.6125787,24.747801100000004],[121.6122516,24.7479244],[121.6122019,24.748050499999994],[121.612209,24.748280199999996],[121.6119901,24.748937199999993],[121.6120807,24.749111399999997],[121.61200599999998,24.749255599999998],[121.6115695,24.749226300000004],[121.6112868,24.749052099999997],[121.61095469999998,24.7485175],[121.610644,24.7482161],[121.6103808,24.7477288],[121.61046889999999,24.747580900000003],[121.6108852,24.748068099999994],[121.6111945,24.7482234],[121.6112228,24.748153000000002],[121.6107264,24.747525299999992],[121.61049290000001,24.7467364],[121.61005630000001,24.7464937],[121.60948050000002,24.746028699999997],[121.60940010000002,24.746091800000002],[121.6094748,24.7464141],[121.60964149999998,24.7467168],[121.6095378,24.746687899999998],[121.60908249999999,24.7461342],[121.60911600000001,24.7458614],[121.60898350000001,24.7456677],[121.6086809,24.745481],[121.60831670000002,24.744802500000006],[121.6081579,24.7447261],[121.60797110000001,24.7449127],[121.6077335,24.744715099999997],[121.6074574,24.744759999999996],[121.6069437,24.7444377],[121.6065981,24.7446922],[121.60657009999998,24.744844899999993],[121.6063086,24.744887300000002],[121.60614979999998,24.744683700000003],[121.60614979999998,24.7445395],[121.6056921,24.744556499999995],[121.6045681,24.744191099999995],[121.60414340000001,24.744216799999997],[121.6033224,24.743933899999995],[121.60284100000001,24.7441011],[121.6027278,24.7439211],[121.60197750000002,24.743676799999996],[121.60139699999999,24.742995399999998],[121.6001371,24.742661099999992],[121.59896210000001,24.742571100000003],[121.5985232,24.742828199999998],[121.5979994,24.74291819999999],[121.59780119999999,24.742879699999992],[121.59739070000002,24.7421854],[121.59696600000001,24.741876799999996],[121.5964705,24.741735399999996],[121.5959608,24.7418125],[121.59497770000002,24.740961799999997],[121.59483130000001,24.7409323],[121.59479880000002,24.7408418],[121.5951261,24.740694100000002],[121.5954179,24.740256999999996],[121.5954568,24.739855199999997],[121.5952161,24.739520900000002],[121.5953298,24.7389631],[121.59518050000001,24.738258699999992],[121.59505659999999,24.738159099999997],[121.5950424,24.737998399999995],[121.5952017,24.737885799999994],[121.5950495,24.737670500000004],[121.595,24.7372333],[121.5948159,24.736940799999996],[121.5947522,24.736117899999996],[121.5941687,24.735500099999996]]}},{"type":"Feature","properties":{"name":null,"kind":"path"},"geometry":{"type":"LineString","coordinates":[[121.6176714,24.7818749],[121.61819870000001,24.78258479999999],[121.6191484,24.783159599999994],[121.6193227,24.7835969],[121.6184217,24.783652100000005],[121.618093,24.7842159],[121.61865300000001,24.7845475],[121.6184947,24.7847575],[121.61760589999999,24.784647],[121.61674149999999,24.7847354],[121.6165832,24.78497859999999],[121.6175938,24.7852218],[121.61828779999999,24.7856639],[121.61847040000002,24.786304999999995],[121.618933,24.786658800000005],[121.61971230000002,24.786470799999996],[121.62016270000001,24.7861392],[121.62092980000001,24.787023499999997],[121.6207593,24.787432500000005],[121.6184095,24.787333000000004],[121.617679,24.7877199],[121.6175853,24.7883552],[121.6180932,24.788855399999996],[121.6183171,24.7897934],[121.6191694,24.790449900000002],[121.61926410000001,24.7907491],[121.618631,24.7914068],[121.6188136,24.7922026],[121.6193189,24.792832599999997],[121.6192336,24.793158700000003],[121.61767000000002,24.793910000000004],[121.6163835,24.7940986],[121.61581740000001,24.7938001],[121.61539230000001,24.7939162],[121.6142478,24.795187299999995],[121.6146009,24.795972],[121.615027,24.7977515],[121.6148566,24.798514199999996],[121.61443039999999,24.7989673],[121.613773,24.799077799999996],[121.61225109999998,24.7985142],[121.61199540000001,24.7985142],[121.61155709999998,24.798989399999993],[121.61084450000001,24.799522800000002],[121.6102966,24.799555899999998],[121.60955400000002,24.7994012],[121.6088965,24.799014399999997],[121.6082756,24.7989591],[121.60655920000002,24.800139],[121.60604580000002,24.800224699999998],[121.60537779999999,24.799124899999995],[121.60507350000002,24.799224400000007],[121.6053779,24.8023433],[121.6055373,24.802638099999992],[121.60540869999998,24.803919099999998],[121.60519350000001,24.804044199999996],[121.60434120000001,24.8028563],[121.6036266,24.802082599999995],[121.60300670000001,24.8024108],[121.6028604,24.8027937],[121.60290340000002,24.803895699999995],[121.6027226,24.8039191],[121.60214449999998,24.8034277],[121.6019392,24.8035674],[121.6021202,24.8048267],[121.6018103,24.805272099999996],[121.6013368,24.805483099999996],[121.6007822,24.805624099999992],[121.6005275,24.806389600000003],[121.6005655,24.8073477],[121.60101960000001,24.8075154],[121.60131299999999,24.808060100000002],[121.6018448,24.808351199999993],[121.6018964,24.808898199999998],[121.6013999,24.809000799999996],[121.6006911,24.808452700000004],[121.5995211,24.8086551],[121.5991332,24.8083381],[121.5986852,24.8083902],[121.59864210000002,24.808780999999996],[121.59832359999999,24.8095781],[121.59772089999998,24.8102736],[121.59717,24.8101016],[121.5963456,24.809980599999996],[121.59569989999999,24.8096602],[121.5951066,24.809815299999997],[121.594583,24.809599800000004],[121.5945404,24.8096772],[121.59488739999999,24.81010819999999],[121.59478390000001,24.810329199999998],[121.59457090000001,24.810373399999992],[121.5944004,24.810517099999995],[121.5931585,24.810710499999995],[121.59241580000001,24.810323700000005],[121.5920628,24.809848499999998],[121.5923367,24.809472699999997],[121.59262889999998,24.809671699999996],[121.59283589999998,24.809588800000004],[121.59287240000002,24.809080400000003],[121.5934507,24.808732299999996],[121.59338990000002,24.808466999999997],[121.5917766,24.8072514],[121.59141009999999,24.807249599999995],[121.59084700000001,24.8076613],[121.5908014,24.80818899999999],[121.5910662,24.8086366],[121.59044220000001,24.808650399999998],[121.58954700000001,24.808394799999995],[121.5889747,24.807930699999996],[121.5886704,24.8078422],[121.586978,24.808041199999998],[121.5860344,24.807565899999997],[121.5852079,24.8073436],[121.5847012,24.807549400000003],[121.5845819,24.807731400000005]]}},{"type":"Feature","properties":{"name":null,"kind":"path"},"geometry":{"type":"LineString","coordinates":[[121.5843947,24.846019099999996],[121.5845795,24.8457161],[121.5845889,24.845271099999998],[121.5844208,24.845203299999998],[121.5842526,24.845004099999993],[121.5842666,24.844686299999996],[121.5845235,24.844538],[121.5850138,24.8444066],[121.58627010000001,24.844423599999992],[121.58646150000001,24.844364200000005],[121.5871247,24.843775200000003],[121.5874656,24.842974199999997],[121.5874413,24.8425932],[121.587551,24.842361899999997],[121.5879651,24.8417614],[121.5884782,24.8413406],[121.5888534,24.84073679999999],[121.58891360000001,24.840290399999997],[121.58919320000001,24.839869599999993],[121.5892399,24.8395333],[121.5894169,24.8392193],[121.59016260000001,24.8387154],[121.5907822,24.837812399999997],[121.5915386,24.837291499999996],[121.5921126,24.8370213],[121.59226009999999,24.836758399999994],[121.59225199999999,24.836510099999998],[121.5924103,24.8361499],[121.5927831,24.835755499999998],[121.5935717,24.835305199999997],[121.5943442,24.8351178],[121.5947358,24.8347868],[121.59523730000001,24.8341125],[121.5956558,24.8338545],[121.5964631,24.8335745],[121.5967984,24.833175300000004],[121.5970291,24.833202099999998],[121.59730800000001,24.833396799999996],[121.597646,24.8334553],[121.59798390000002,24.833374899999995],[121.5983916,24.833394399999996],[121.5987081,24.8331899],[121.5989763,24.8331364],[121.5994377,24.833150999999997],[121.59982390000002,24.8328881],[121.6005347,24.8326714],[121.60075460000002,24.8322966],[121.60105499999999,24.832104299999997],[121.60124010000001,24.831727],[121.6015781,24.8315395],[121.60177390000001,24.831515199999995],[121.6020528,24.831632],[121.6023264,24.831622299999992],[121.6029111,24.831388599999997],[121.60310960000001,24.831376400000003],[121.6034181,24.831488399999994],[121.60472580000001,24.8316661],[121.6052161,24.831517699999992],[121.60582560000002,24.8314372],[121.6061268,24.831282500000004],[121.60693699999999,24.8312846],[121.60742270000001,24.8309837],[121.6080088,24.830436999999996],[121.6081792,24.830169999999995],[121.6082656,24.82972279999999],[121.6085917,24.828941800000003],[121.608827,24.8286302],[121.6097118,24.828028000000003],[121.61008700000001,24.827504399999995],[121.61065850000001,24.8272442],[121.6107453,24.826665999999992],[121.6107028,24.8262742],[121.6107771,24.8261168],[121.6110567,24.825887099999992],[121.61099120000002,24.825605999999993],[121.6114324,24.824881100000002],[121.61149430000002,24.824545499999996],[121.61184110000002,24.824168],[121.61213130000002,24.824065199999996],[121.6130745,24.824132699999993],[121.6139009,24.8239962],[121.6141982,24.824037899999997],[121.61476100000002,24.823956],[121.61604570000002,24.8235192],[121.61658189999999,24.823466199999995],[121.6168155,24.8235095],[121.61717650000001,24.8233554],[121.61747959999998,24.823337200000005],[121.6180996,24.8228889],[121.61862410000002,24.822929500000004],[121.6184613,24.8225946],[121.61852329999999,24.821804400000005],[121.61879760000001,24.821653399999995],[121.6187905,24.821523299999996],[121.6190099,24.8212776],[121.6190365,24.821052699999996],[121.61955849999998,24.8205885],[121.6191886,24.8202336],[121.61910719999999,24.820013499999998],[121.6191779,24.819633999999997],[121.61906459999999,24.8189516],[121.6192561,24.818266000000005],[121.61927010000001,24.817759499999998],[121.6194896,24.8173017],[121.61979429999998,24.817060099999996],[121.6198889,24.8168598],[121.6202648,24.816644699999998],[121.6204493,24.8160862],[121.61998230000002,24.8153974],[121.61980719999998,24.8149025],[121.6197745,24.814523199999996],[121.6196087,24.8141809],[121.6200644,24.8135737],[121.62043569999999,24.8133596],[121.62050340000002,24.813014199999998],[121.620834,24.812671599999998],[121.6210888,24.81184869999999],[121.62097610000001,24.811381200000003],[121.6211585,24.811137800000004]]}},{"type":"Feature","properties":{"name":"桶後林道","kind":"unclassified"},"geometry":{"type":"LineString","coordinates":[[121.592293,24.84410129999999],[121.5922185,24.8446866],[121.59275189999998,24.845169400000003],[121.59290090000002,24.8457819],[121.59329270000002,24.845677099999996],[121.59367499999999,24.8454298],[121.5948413,24.845226199999995],[121.59531979999998,24.8453867],[121.5955505,24.8451965],[121.59656069999998,24.844935800000002],[121.59658550000002,24.8450373],[121.59624079999999,24.8455705],[121.5961545,24.846083],[121.5969142,24.8463017],[121.5973087,24.8462467],[121.5975461,24.846417799999994],[121.5977789,24.8469371],[121.5976661,24.847339899999998],[121.5979039,24.848211599999996],[121.5982201,24.8479801],[121.5988964,24.847939199999995],[121.59907220000001,24.847823499999997],[121.5990454,24.8474975],[121.5992046,24.847047999999994],[121.5994015,24.846882400000002],[121.59958000000002,24.846403399999996],[121.5999216,24.846103799999998],[121.5999985,24.845739099999996],[121.6002433,24.845335700000003],[121.600452,24.845334499999996],[121.6006864,24.845595699999997],[121.60113560000002,24.8453807],[121.60145070000002,24.845120199999993],[121.60214310000002,24.845213400000002],[121.60211260000001,24.845411200000004],[121.6025048,24.845538299999998],[121.60262540000001,24.845659500000004],[121.6029076,24.846369],[121.60267640000001,24.847324699999994],[121.6027124,24.8479006],[121.6029051,24.847991899999997],[121.6033339,24.8478249],[121.6035159,24.847450399999996],[121.6037422,24.847316999999997],[121.60396280000002,24.8474189],[121.6041808,24.847313299999993],[121.60447580000002,24.847295],[121.6047403,24.8468325],[121.60510110000001,24.8467455],[121.60632979999998,24.8458312],[121.6064472,24.845812199999997],[121.60669690000002,24.8458132],[121.6080329,24.846377699999998],[121.60850019999998,24.846817],[121.6086759,24.8474323],[121.60885860000002,24.8476655],[121.6099392,24.847866200000002],[121.61016589999998,24.847030000000004],[121.61038870000002,24.8466848],[121.6103865,24.846452999999997],[121.60987840000001,24.845893900000004],[121.60930020000002,24.8455267],[121.6092622,24.8452593],[121.60996819999998,24.8452113],[121.6104033,24.845329599999996],[121.6105763,24.844755200000005],[121.6110415,24.844333399999996],[121.61170850000002,24.844065300000008],[121.6123322,24.8441377],[121.6126202,24.843883999999996],[121.61278750000001,24.843911999999996],[121.61331729999999,24.844277199999993],[121.61370250000002,24.8446186],[121.6138311,24.844898399999995],[121.614084,24.84503189999999],[121.614153,24.845544699999994],[121.61452550000001,24.846361499999997],[121.6149763,24.846212299999998],[121.61571959999999,24.846332399999998],[121.61614060000001,24.846010999999994],[121.6165698,24.845841000000004],[121.6171038,24.8454778]]}},{"type":"Feature","properties":{"name":null,"kind":"path"},"geometry":{"type":"LineString","coordinates":[[121.58785840000002,24.849996599999994],[121.58823469999999,24.8494632],[121.58817799999998,24.8500765],[121.58842330000002,24.8497685],[121.5888498,24.849453199999996],[121.58892059999998,24.849546400000005],[121.58864630000001,24.849928099999993],[121.58854180000002,24.8505061],[121.5888409,24.8501465],[121.5894709,24.8497666],[121.589494,24.849999300000004],[121.590825,24.850064999999997],[121.59165649999998,24.849994300000002],[121.591694,24.850184099999996],[121.59183520000002,24.8501964],[121.59218750000001,24.850072100000002],[121.59221440000002,24.850135399999996],[121.59193000000002,24.850315499999997],[121.5919611,24.8504244],[121.5927079,24.850339899999998],[121.5932711,24.8500819],[121.59355319999999,24.850164099999994],[121.5939017,24.850139200000005],[121.5940051,24.850968699999996],[121.59384939999998,24.851335999999996],[121.5938773,24.8518878],[121.59428499999999,24.852442700000005],[121.59458110000001,24.852976100000003],[121.5945854,24.8531534],[121.59492879999999,24.8534357],[121.5952131,24.853937099999992],[121.59548120000001,24.854048399999996],[121.5956583,24.8542486],[121.5957066,24.85438],[121.5955027,24.854842399999995],[121.59576019999999,24.855504399999997],[121.59618899999998,24.8558958],[121.5966668,24.8558646],[121.5978577,24.856151799999996],[121.59842100000002,24.8568868],[121.59866239999998,24.857066899999996],[121.5990366,24.857684600000002],[121.5997452,24.858109700000004],[121.60005940000002,24.858412500000004],[121.6004225,24.8595103],[121.60034369999998,24.859930299999995],[121.6005817,24.861032],[121.6004158,24.861855399999996],[121.6002052,24.86235539999999],[121.6002022,24.8628495],[121.60038660000001,24.8633106],[121.60075020000001,24.863376999999993],[121.6015126,24.863297699999997],[121.60236549999999,24.863377099999997],[121.602741,24.863342399999997],[121.603381,24.863074399999995],[121.6040881,24.8631729],[121.6044644,24.863031399999993],[121.60476630000001,24.863023399999996],[121.60528329999998,24.863185799999997],[121.6055822,24.8632061]]}},{"type":"Feature","properties":{"name":"阿玉山山徑","kind":"path"},"geometry":{"type":"LineString","coordinates":[[121.61488849999999,24.7733176],[121.6146567,24.773485099999995],[121.61433199999999,24.773411999999997],[121.614029,24.7734437],[121.6132485,24.7736434],[121.6128246,24.773397399999997],[121.61261550000002,24.773468],[121.6123607,24.7734169],[121.61207370000001,24.773195299999998],[121.611784,24.773268299999998],[121.61148350000002,24.773190399999994],[121.6113145,24.7733219],[121.61086930000002,24.774052500000003],[121.6104803,24.7742595],[121.61037319999998,24.7745323],[121.6095068,24.7748245],[121.6092574,24.774841599999995],[121.6090883,24.774985300000004],[121.60877460000002,24.775499100000005],[121.608466,24.776509799999996],[121.608214,24.7766242],[121.6079941,24.7769092],[121.60768559999998,24.777091800000004],[121.6076722,24.777255],[121.60800210000001,24.777705499999996],[121.60742279999998,24.7783679],[121.60761049999999,24.779327400000003],[121.6078573,24.7797682],[121.6081254,24.779960599999992],[121.6081443,24.780189499999995],[121.60813619999999,24.7803161],[121.60761320000002,24.7805937],[121.6074979,24.781068599999994],[121.60732079999998,24.781314599999995],[121.6070928,24.782622299999993],[121.6067581,24.7831463],[121.6067935,24.783375199999995],[121.60693730000001,24.7835866],[121.6069319,24.783779],[121.60715719999999,24.784049299999996],[121.6070446,24.784531399999995],[121.6070257,24.7851938],[121.60707409999999,24.785746599999996],[121.607242,24.7862595],[121.60720840000002,24.786383499999996],[121.6067871,24.786895899999994],[121.6068005,24.787168699999995],[121.6065645,24.7877458],[121.6062533,24.7882036],[121.6058295,24.789343199999998],[121.6055987,24.7896281],[121.60536819999999,24.789681700000003],[121.6044776,24.789657300000002],[121.603353,24.7899516],[121.60279549999998,24.7894363]]}},{"type":"Feature","properties":{"name":null,"kind":"path"},"geometry":{"type":"LineString","coordinates":[[121.6058135,24.789367099999996],[121.6060358,24.7897112],[121.6063448,24.789703800000005],[121.6066659,24.789833000000005],[121.60748309999998,24.790438300000005],[121.6079831,24.7909476],[121.60911330000002,24.7917707],[121.608971,24.7924682],[121.60942230000002,24.7928189],[121.60952800000001,24.792992299999998],[121.60975159999998,24.793110399999993],[121.6101866,24.793158399999996],[121.61058499999999,24.792996000000002],[121.6107883,24.7929923],[121.6112192,24.7931178],[121.6119876,24.7929444],[121.6123616,24.7929444],[121.6128576,24.7927229],[121.6133861,24.792852100000005],[121.6135488,24.792807799999995],[121.6139756,24.793032900000004],[121.6143741,24.7929849],[121.61517090000001,24.793213799999997],[121.61545140000001,24.793154699999995],[121.6162076,24.793224799999997]]}},{"type":"Feature","properties":{"name":null,"kind":"path"},"geometry":{"type":"LineString","coordinates":[[121.6055822,24.8632061],[121.6057745,24.8633854],[121.60621929999999,24.863495000000004],[121.6067643,24.8632831],[121.6070793,24.863289500000008],[121.60778000000002,24.862923499999997],[121.6081481,24.863003699999997],[121.609263,24.8629235],[121.6094222,24.862942700000005],[121.60960270000001,24.863141799999998],[121.609854,24.863228499999995],[121.6101584,24.8632093],[121.61038489999999,24.8631129],[121.6105618,24.862772499999995],[121.6107636,24.862595900000002],[121.61109979999999,24.862473899999994],[121.61130860000002,24.8622684],[121.6120589,24.861822],[121.61333800000001,24.861685200000004],[121.6147204,24.861224699999998],[121.6148761,24.8609678],[121.6155194,24.860736799999998],[121.61568659999999,24.860579299999994],[121.6157574,24.860377],[121.6156937,24.860055799999998]]}},{"type":"Feature","properties":{"name":null,"kind":"track"},"geometry":{"type":"LineString","coordinates":[[121.614084,24.84503189999999],[121.61427769999999,24.844884699999994],[121.6144305,24.844907799999998],[121.6143702,24.845224199999997],[121.61458210000002,24.845907]]}},{"type":"Feature","properties":{"name":null,"kind":"unclassified"},"geometry":{"type":"LineString","coordinates":[[121.6171038,24.8454778],[121.61747569999999,24.8456777]]}},{"type":"Feature","properties":{"name":null,"kind":"path"},"geometry":{"type":"LineString","coordinates":[[121.6227061,24.79179029999999],[121.6230595,24.7917699],[121.6234382,24.7919225],[121.62347430000001,24.792078700000005],[121.6236474,24.7922077],[121.6238928,24.792637500000005],[121.6239303,24.7929285],[121.624243,24.793529499999998],[121.62453219999999,24.79382899999999],[121.6247466,24.7937259],[121.6247157,24.7940095],[121.62489349999998,24.794220699999997],[121.6249776,24.794475299999995],[121.62550229999998,24.79475249999999],[121.6257704,24.794989400000002],[121.6258942,24.7951685],[121.6258765,24.795409499999998],[121.62618890000002,24.79566979999999],[121.62608360000002,24.795857700000003],[121.62613670000002,24.796105900000004],[121.6257633,24.796789399999994],[121.62573230000001,24.79704329999999],[121.62554030000001,24.7972545],[121.62557570000001,24.797476999999997],[121.62569780000001,24.7975188],[121.62559519999999,24.7977951],[121.6256412,24.7980047],[121.6255881,24.798161299999997],[121.62519169999999,24.7979951],[121.6246944,24.7983212],[121.6247847,24.798451299999993],[121.62507490000002,24.798566199999996],[121.62515540000001,24.798677000000005],[121.62525100000002,24.799158899999995],[121.62519169999999,24.7993766],[121.6252908,24.799701099999997],[121.6253881,24.799739599999995],[121.6252917,24.799766200000004],[121.6252129,24.799995099999997],[121.6252802,24.800178199999998],[121.62526780000002,24.800722],[121.6251315,24.8008071],[121.6248634,24.8014312],[121.6251891,24.801734700000004],[121.6253344,24.802034399999993],[121.6260379,24.8025293],[121.62631070000002,24.8029422],[121.6264327,24.803517899999996],[121.62680879999999,24.803793699999993],[121.62670410000001,24.804108399999997],[121.6268291,24.804127699999995],[121.6262833,24.804291899999996],[121.62650270000002,24.8045949],[121.62660459999998,24.805006399999993],[121.6264122,24.805052],[121.62592400000001,24.804965000000003],[121.6259502,24.805081199999996],[121.62568460000001,24.805417200000004],[121.62570140000001,24.8055664],[121.62543719999998,24.8056461],[121.62542650000002,24.805798300000003],[121.6250081,24.805981500000005],[121.624878,24.8061805],[121.62490810000001,24.8065348],[121.6248176,24.8068695],[121.6248552,24.8069584],[121.6252434,24.8071161],[121.62514549999999,24.8071867],[121.62529840000002,24.807402099999997],[121.62531320000001,24.8076779],[121.62552839999998,24.8079725],[121.62571009999999,24.808024200000002],[121.62580060000002,24.808231199999998],[121.62571009999999,24.8084022],[121.6255197,24.8085044],[121.6252977,24.808876300000005],[121.6248776,24.8089439],[121.62455020000002,24.8092077],[121.6243959,24.809185799999998],[121.62430239999999,24.809259499999996],[121.62416110000001,24.809217999999998],[121.6239304,24.8094071],[121.6236059,24.8095053],[121.6231573,24.809847399999995],[121.62241409999999,24.809975899999994],[121.62189649999999,24.810382299999997],[121.62152890000002,24.8104896]]}},{"type":"Feature","properties":{"name":null,"kind":"path"},"geometry":{"type":"LineString","coordinates":[[121.63617790000002,24.840150399999995],[121.6355445,24.839774199999997],[121.6351842,24.8394268],[121.63506039999999,24.838752499999988],[121.6356585,24.8382029],[121.635612,24.837792199999996],[121.635263,24.836647999999997],[121.63544320000001,24.834982699999998],[121.6357133,24.834604699999996],[121.63631000000001,24.8343595],[121.63786350000001,24.833000699999996],[121.63831380000002,24.831672599999997],[121.63796480000002,24.831631700000003],[121.6375258,24.831815599999995],[121.6371993,24.831590799999994],[121.6362987,24.832265099999997],[121.6359385,24.832295799999994],[121.63506039999999,24.831222999999998],[121.63499289999999,24.830987999999998],[121.63430610000002,24.829996999999995],[121.63393820000002,24.829707600000006],[121.6336982,24.8293942],[121.6342048,24.829118400000002],[121.63475640000001,24.8290162],[121.6348127,24.828883400000002],[121.6343624,24.828678999999998],[121.63238110000002,24.828198799999992],[121.6317507,24.827963800000003],[121.6312103,24.8280864],[121.6308163,24.827698199999993],[121.6302197,24.827882099999997],[121.6296455,24.8278004],[121.62839590000002,24.8274223],[121.62703379999999,24.826737799999997],[121.62660600000001,24.8261861],[121.62611069999998,24.8262474],[121.6255478,24.825961299999996],[121.6241744,24.825828500000004],[121.62352140000002,24.826104299999997],[121.6227559,24.8257774],[121.6220242,24.825154100000002],[121.62159640000002,24.825195],[121.62072960000002,24.8249906],[121.62025680000002,24.824653499999997],[121.61953629999998,24.8243163],[121.6189396,24.823601099999998],[121.61863019999998,24.822903599999997]]}},{"type":"Feature","properties":{"name":"桶後林道","kind":"unclassified"},"geometry":{"type":"LineString","coordinates":[[121.61747569999999,24.8456777],[121.6173747,24.845869],[121.6170732,24.846120700000004],[121.6168422,24.8466159],[121.61737279999998,24.8469958],[121.6178871,24.84803],[121.61814170000001,24.8482706],[121.61802499999999,24.849016999999996],[121.61882940000001,24.8499856],[121.61915819999999,24.8501432],[121.61952000000001,24.850173400000003],[121.61963199999998,24.850104199999993],[121.6196909,24.8498951],[121.619964,24.8498373],[121.62008800000001,24.850061599999997],[121.6207079,24.850234700000005],[121.6211076,24.8506083],[121.6208403,24.850925299999997],[121.62080899999998,24.851186100000003],[121.620993,24.851359299999995],[121.6213395,24.8514127],[121.6217872,24.851650900000003],[121.62192760000002,24.8516002],[121.6222671,24.851029899999997],[121.6224742,24.850925399999994],[121.62273869999999,24.8508504],[121.62348990000001,24.8508951],[121.6238688,24.85115779999999],[121.6242999,24.851654499999995],[121.62457839999999,24.852159499999996],[121.6246569,24.852581899999997],[121.62481990000002,24.852692099999995],[121.62507610000002,24.852680499999998],[121.62526,24.852573299999996],[121.62515780000001,24.851142799999998],[121.62565,24.850661099999996],[121.62577100000001,24.85040860000001],[121.6264902,24.8502235],[121.62724,24.8497435],[121.62698730000001,24.848983],[121.627163,24.848293199999997],[121.6286485,24.847128199999993],[121.6286569,24.846803199999993],[121.62803230000002,24.8461852],[121.6279113,24.8456327],[121.6284116,24.844858999999996],[121.6285833,24.84470669999999],[121.6293682,24.844426999999996],[121.62983810000001,24.8441065],[121.6299546,24.843721],[121.62953729999998,24.8434298],[121.6294998,24.843216200000004],[121.6295949,24.842908099999995],[121.6301041,24.842711799999996],[121.63074960000002,24.8426544],[121.63170280000001,24.842950399999996],[121.63229140000001,24.842991699999995],[121.63310219999998,24.8433646],[121.63343960000002,24.843239199999996],[121.6343681,24.8434335],[121.63443540000002,24.843378799999993],[121.63437929999999,24.843250299999998],[121.6340714,24.843168599999995],[121.6339219,24.843012499999997],[121.63389800000002,24.842820099999994],[121.6340818,24.8425933],[121.63645760000001,24.841970099999994],[121.6371072,24.841699199999997],[121.63776590000002,24.841226700000004],[121.6377748,24.841093499999992],[121.6376504,24.8409334],[121.6372642,24.8406684],[121.63653230000001,24.840385399999995],[121.63617700000002,24.8404928],[121.6360013,24.840443799999996],[121.635987,24.840362599999995]]}},{"type":"Feature","properties":{"name":null,"kind":"path"},"geometry":{"type":"LineString","coordinates":[[121.64454330000001,24.860545399999996],[121.6439082,24.861096299999996],[121.64339449999999,24.860952199999996],[121.64303959999998,24.861248800000002],[121.64239509999999,24.861299600000002],[121.64180670000002,24.861681],[121.64114360000002,24.8619268],[121.63959310000001,24.86151999999999],[121.6394063,24.8611471],[121.63902340000001,24.861087799999996],[121.6379026,24.860435199999998],[121.6378092,24.859867499999993],[121.63744490000002,24.85907080000001],[121.6372768,24.859104699999993],[121.63719269999999,24.8595031],[121.63660430000002,24.859164100000005],[121.6360346,24.858358999999997],[121.63567969999998,24.858104699999995],[121.63524070000001,24.857977599999995],[121.63473630000001,24.858155600000007],[121.63430670000001,24.8584692],[121.6340358,24.859214899999994],[121.63323260000001,24.859503100000005],[121.63266280000002,24.8595454],[121.63182220000002,24.8592319],[121.6312151,24.860045399999997],[121.63060800000001,24.860494599999996],[121.6293565,24.8616217],[121.62787140000002,24.861680999999997],[121.62737640000002,24.8612912],[121.6257979,24.861308100000002],[121.6237898,24.862011499999998],[121.6231174,24.862036899999993],[121.62218339999998,24.8623928],[121.621623,24.862774200000004],[121.62132410000001,24.863486],[121.6201286,24.863180999999997],[121.61988570000001,24.862358899999997],[121.6195682,24.861816599999994],[121.61923190000002,24.861443699999995],[121.61838200000001,24.8617318],[121.61775619999999,24.862130100000005],[121.6175227,24.8620793],[121.6171398,24.8613505],[121.61568659999999,24.860579299999994]]}},{"type":"Feature","properties":{"name":null,"kind":"path"},"geometry":{"type":"LineString","coordinates":[[121.6162076,24.793224799999997],[121.6158986,24.7936161],[121.61592300000001,24.7940073],[121.6157482,24.7942177],[121.6157197,24.794427999999996],[121.61538839999999,24.794795099999998],[121.6150161,24.795950700000002],[121.61514809999998,24.796621599999998],[121.61528189999999,24.796838599999997],[121.6157819,24.7970545],[121.6162098,24.7971357],[121.6169558,24.797529599999997],[121.61747110000002,24.7979725],[121.6179651,24.798062899999994],[121.6183666,24.798563899999998],[121.6185607,24.798560199999997],[121.6186237,24.798372899999997],[121.61888690000002,24.7984394],[121.619012,24.798738300000004],[121.6189386,24.799225800000002],[121.6191358,24.7992886],[121.6193797,24.799207399999997],[121.61952000000001,24.799251600000005],[121.61960940000002,24.799403],[121.6190951,24.8002499],[121.61914859999999,24.8004696],[121.6187871,24.802041400000004],[121.6189132,24.802196199999997],[121.6188735,24.802342399999997],[121.6193452,24.802838399999995],[121.61921910000001,24.803582399999996],[121.6190215,24.803987699999997],[121.6190297,24.8042765],[121.6184829,24.804826799999997],[121.6185658,24.8049254],[121.61857130000001,24.805281799999996],[121.6188111,24.805826099999994],[121.61927460000001,24.806078900000003],[121.61940059999999,24.806248700000005],[121.6197686,24.8063815],[121.6198255,24.806530999999996],[121.619732,24.8066952],[121.61980510000001,24.8069941],[121.6200125,24.807287500000005],[121.6201832,24.8073299],[121.61995800000001,24.8075235],[121.6198776,24.807892299999995],[121.6200653,24.808340299999998],[121.61996610000001,24.808595999999994],[121.6203229,24.8094278],[121.62027720000002,24.809796099999996],[121.6202171,24.809821799999995],[121.6202702,24.8099776],[121.62050020000001,24.810098099999998],[121.62073200000002,24.810059599999995],[121.6210695,24.81013069999999],[121.6215067,24.8103852],[121.6214544,24.810783199999996],[121.6211585,24.811137800000004]]}},{"type":"Feature","properties":{"name":"下阿玉山-中阿玉山(稜線路)","kind":"path"},"geometry":{"type":"LineString","coordinates":[[121.6186545,24.822958400000005],[121.6191562,24.82254809999999],[121.6194599,24.8217003],[121.6192702,24.821306100000005],[121.6190599,24.821380100000002],[121.6190104,24.821274199999994]]}},{"type":"Feature","properties":{"name":null,"kind":"path"},"geometry":{"type":"LineString","coordinates":[[121.68376729999999,24.816810899999997],[121.68269370000002,24.816995999999996],[121.6821149,24.816780999999995],[121.681728,24.816846299999998],[121.6815721,24.816718699999992],[121.68105260000002,24.816798599999995],[121.68090200000002,24.816891900000005],[121.68059450000001,24.8166764],[121.6797947,24.816843499999997],[121.67969500000001,24.816328999999996],[121.67923990000001,24.81596349999999],[121.6791071,24.815672300000003],[121.6787353,24.815447],[121.67852160000001,24.8151421],[121.6780297,24.815138099999995],[121.6777231,24.814799199999996],[121.67748620000002,24.814720200000004],[121.6773145,24.8143044],[121.6770063,24.814008399999995],[121.6767319,24.8140206],[121.6763375,24.8143697],[121.67594010000002,24.814262900000003],[121.67562670000001,24.814498399999998],[121.6751312,24.8146522],[121.6748642,24.814517400000003],[121.67470899999998,24.8141516],[121.6743619,24.8140261],[121.6740136,24.8142248],[121.6736193,24.814271699999995],[121.67346409999999,24.814370399999998],[121.6731105,24.815034299999997],[121.67259910000001,24.8155434],[121.6722227,24.816196199999997],[121.67188870000001,24.81622799999999],[121.67150280000001,24.816440699999998],[121.6711051,24.816439699999993],[121.6705665,24.8165687],[121.67000249999998,24.8171841],[121.6692894,24.817436599999997],[121.66881259999998,24.8177306]]}},{"type":"Feature","properties":{"name":"桶後越嶺道","kind":"footway"},"geometry":{"type":"LineString","coordinates":[[121.6793579,24.829266600000004],[121.67932050000002,24.829293099999997]]}},{"type":"Feature","properties":{"name":"桶後越嶺道","kind":"footway"},"geometry":{"type":"LineString","coordinates":[[121.67932050000002,24.829293099999997],[121.67907279999999,24.829559],[121.67891550000002,24.829616699999995],[121.6785818,24.830003699999995],[121.67863359999998,24.8303097],[121.67855220000001,24.830385399999997],[121.67797200000001,24.830632499999997],[121.67731820000002,24.83107800000001],[121.6773235,24.831261200000004],[121.6774716,24.831443999999998],[121.67743550000002,24.831581999999997],[121.67673820000002,24.832065],[121.6763374,24.832869799999997],[121.67484329999999,24.833926600000005],[121.67450870000002,24.83433279999999],[121.67437709999999,24.835227600000003],[121.6738492,24.835559799999995],[121.67303470000002,24.836370400000003],[121.67224240000002,24.836509099999997],[121.6720123,24.836756299999998],[121.6719017,24.837097599999996],[121.671424,24.837321499999998],[121.67122440000001,24.837312],[121.67093700000001,24.837078499999993],[121.670523,24.836984899999997],[121.67009850000001,24.837222499999996],[121.6699168,24.8372199],[121.66957219999999,24.837375700000003],[121.66945420000002,24.837511799999994],[121.66914259999999,24.837637399999995],[121.66878100000001,24.8374606]]}},{"type":"Feature","properties":{"name":null,"kind":"path"},"geometry":{"type":"LineString","coordinates":[[121.6484872,24.8117719],[121.6480516,24.811436],[121.64800520000001,24.811224400000004],[121.6482181,24.810978],[121.6482061,24.810814],[121.64786269999999,24.810579199999996],[121.64777650000002,24.810394799999997],[121.6476663,24.8103335],[121.6468893,24.810279100000002],[121.64641060000001,24.809850799999996],[121.64619400000001,24.809919599999997],[121.6459562,24.8101326],[121.6455463,24.809576199999995],[121.6449211,24.8092423],[121.6446194,24.8089501],[121.6443851,24.808829799999994],[121.6439307,24.808904699999996],[121.6437838,24.8091177],[121.64382800000001,24.809274299999988],[121.6436878,24.809338299999997],[121.6434348,24.8092743],[121.6433102,24.809316099999997],[121.6430652,24.809727100000003],[121.64281869999999,24.8098628],[121.64247940000001,24.809924899999995],[121.64226040000001,24.8102117],[121.6418141,24.810444600000004],[121.64171229999998,24.8103753],[121.6416836,24.810449899999995],[121.6415734,24.810435000000002],[121.64148590000002,24.810269499999997],[121.64126220000001,24.810251200000003],[121.64055539999998,24.81054569999999],[121.6402119,24.810846899999994],[121.6399437,24.810728300000005],[121.64016580000002,24.8104478],[121.64021360000001,24.810191299999996],[121.64008999999999,24.810311099999993],[121.6397841,24.810266400000003],[121.63974910000002,24.810084499999995],[121.6394019,24.810137900000004],[121.6392004,24.8105012],[121.6387779,24.810734599999996],[121.6383617,24.810509899999996],[121.6383755,24.8103881],[121.6381205,24.8101215],[121.637954,24.810120499999996],[121.6378528,24.8100306],[121.63780080000001,24.809701399999998],[121.63735280000002,24.8094935],[121.6372489,24.809517],[121.63692659999998,24.809226999999996],[121.6361748,24.8094316],[121.63573420000002,24.809398799999997],[121.6354161,24.809504199999996],[121.63525600000001,24.809329999999992],[121.63512930000002,24.809385400000004],[121.6346029,24.8093296],[121.63421160000001,24.809161099999997],[121.63347260000002,24.809088899999995],[121.63330500000001,24.809000399999995],[121.63306220000001,24.808997999999992],[121.6326423,24.809169300000008],[121.6320348,24.809078300000003],[121.63177500000002,24.808958500000003],[121.63146010000001,24.809161099999994],[121.63103859999998,24.809273699999995],[121.630272,24.809248699999994],[121.6299268,24.808866599999998],[121.6297662,24.8087834],[121.6293055,24.808648599999998],[121.6289911,24.8086289],[121.628691,24.808700600000005],[121.6283114,24.8086029],[121.62795780000002,24.808230899999998],[121.62786879999999,24.8083767],[121.6274563,24.8083267],[121.62717210000001,24.808451799999993],[121.62646970000002,24.808539800000002],[121.626361,24.808675099999995],[121.6259846,24.808830999999998],[121.62580320000001,24.8087853],[121.6252977,24.808876300000005]]}},{"type":"Feature","properties":{"name":null,"kind":"path"},"geometry":{"type":"LineString","coordinates":[[121.64520809999999,24.809375200000005],[121.6453819,24.809141299999997],[121.64553999999998,24.8083306],[121.6456662,24.808311799999995],[121.64569269999998,24.8079612],[121.6458284,24.807792500000005],[121.64570590000001,24.8075575],[121.6458362,24.807462100000002],[121.6459336,24.807179599999994],[121.64546799999998,24.806960500000002],[121.6455264,24.805814400000003],[121.64541720000001,24.80562769999999],[121.64561550000002,24.805199099999996],[121.6455301,24.804461299999993],[121.64570850000001,24.8041353],[121.6455848,24.803433600000005],[121.6458962,24.802512500000002],[121.64585170000001,24.802358499999997],[121.6460705,24.802074100000002],[121.646309,24.802023699999996],[121.64726420000001,24.801234199999993],[121.64757680000001,24.800693300000002],[121.6482497,24.8004475],[121.6484476,24.800116699999997],[121.64844530000002,24.799792699999998],[121.6486664,24.799411599999996],[121.6488674,24.7991945],[121.64971689999999,24.7986602],[121.6498683,24.797833199999996],[121.65001000000001,24.7977332],[121.65015700000001,24.7974425],[121.6504059,24.797277200000003],[121.6507643,24.797378599999995],[121.65081679999999,24.797241800000002],[121.650993,24.797206999999997],[121.65124940000001,24.796704699999996],[121.65103720000002,24.796463800000005],[121.65113570000001,24.795739],[121.6510365,24.79565],[121.65088820000001,24.795661399999997],[121.65067969999998,24.7954204],[121.65069170000001,24.795129100000004],[121.65090470000001,24.794795600000004],[121.651272,24.794551900000002],[121.65165890000002,24.794413100000003],[121.6520728,24.793984299999998],[121.65218820000001,24.793956999999992],[121.65245970000001,24.7940945],[121.6526873,24.793710899999997],[121.6529498,24.793604699999996],[121.6530202,24.7933965],[121.65355330000001,24.7933336]]}},{"type":"Feature","properties":{"name":"大礁溪山步道","kind":"path"},"geometry":{"type":"LineString","coordinates":[[121.65282300000001,24.83654699999999],[121.6526792,24.836364099999997],[121.6522796,24.836108899999992],[121.65216090000001,24.835774099999995],[121.6518682,24.8354912],[121.6518216,24.8351948],[121.6515777,24.834790600000005],[121.65156230000001,24.834516699999995],[121.6513281,24.833936300000005],[121.6510746,24.8336437],[121.6508223,24.833542699999995],[121.65070250000001,24.833399300000004],[121.6503356,24.8332838],[121.65008640000002,24.832872899999995],[121.6499157,24.832359999999998],[121.64957640000002,24.832106999999997],[121.6492774,24.831424700000003],[121.64923179999998,24.830726299999995],[121.6489328,24.830482799999995],[121.64866769999999,24.8298044],[121.64848,24.829549399999998],[121.6482001,24.828340699999995],[121.6482531,24.828191599999997],[121.6480888,24.827876899999996],[121.6474632,24.827419799999998],[121.647055,24.827249499999997],[121.6466499,24.8266085],[121.646652,24.826312100000003],[121.64644210000002,24.825806900000003],[121.64644630000001,24.825297799999998],[121.64665839999999,24.824579],[121.64655240000002,24.8242749],[121.64679550000001,24.823432799999996],[121.6464716,24.823027199999995],[121.64638909999998,24.8227086],[121.6460741,24.822411199999998],[121.6456861,24.8217607],[121.6457921,24.8211861],[121.6455493,24.8208387],[121.6455035,24.820156999999995],[121.64530710000001,24.8197827],[121.6454375,24.819125299999996],[121.64535060000001,24.818883699999997],[121.64568570000002,24.8183352],[121.64568420000002,24.818123599999993],[121.6457869,24.8180181],[121.64572239999998,24.8176785],[121.6458094,24.817466899999996],[121.64578020000002,24.817213099999996],[121.6464662,24.817071499999997],[121.6466484,24.816843499999997],[121.6462971,24.8157556],[121.6465587,24.8151043],[121.64695840000002,24.81475109999999],[121.6472704,24.814284199999996],[121.64726719999999,24.813511600000002],[121.64742469999999,24.8130885],[121.64726359999999,24.812794],[121.6473357,24.812665000000003],[121.6484872,24.8117719]]}},{"type":"Feature","properties":{"name":null,"kind":"service"},"geometry":{"type":"LineString","coordinates":[[121.6451298,24.835542699999998],[121.6449974,24.835352699999994],[121.6448476,24.8348144],[121.6445712,24.8346896],[121.64430140000002,24.834683599999998],[121.64427290000002,24.834874599999992],[121.64437339999999,24.835105299999995],[121.6445688,24.835174099999993],[121.6446826,24.834982999999998],[121.6444114,24.834874699999997],[121.64435810000002,24.834918399999996]]}},{"type":"Feature","properties":{"name":null,"kind":"service"},"geometry":{"type":"LineString","coordinates":[[121.6449974,24.835352699999994],[121.6447946,24.835391399999995]]}},{"type":"Feature","properties":{"name":null,"kind":"unclassified"},"geometry":{"type":"LineString","coordinates":[[121.64391809999998,24.835434499999998],[121.6441356,24.8354126]]}},{"type":"Feature","properties":{"name":"桶後林道","kind":"unclassified"},"geometry":{"type":"LineString","coordinates":[[121.6441356,24.8354126],[121.6446181,24.8353374],[121.64572500000001,24.8357794]]}},{"type":"Feature","properties":{"name":null,"kind":"unclassified"},"geometry":{"type":"LineString","coordinates":[[121.64572500000001,24.8357794],[121.6457987,24.8357795]]}},{"type":"Feature","properties":{"name":"桶後林道","kind":"unclassified"},"geometry":{"type":"LineString","coordinates":[[121.6457987,24.8357795],[121.64599569999999,24.835730099999996],[121.6461549,24.835562799999998],[121.6465908,24.835626900000005],[121.64701030000002,24.835806499999997],[121.647447,24.8361154],[121.64815910000002,24.836344599999993],[121.64855069999999,24.8365876]]}},{"type":"Feature","properties":{"name":null,"kind":"path"},"geometry":{"type":"LineString","coordinates":[[121.6484872,24.8117719],[121.6488179,24.8118754],[121.64962740000001,24.8123508],[121.65003570000002,24.8121631],[121.6501629,24.812192900000003],[121.6507927,24.812045699999995],[121.65094970000001,24.811584700000004],[121.6514194,24.811518299999992],[121.65191240000001,24.8115635],[121.65225600000001,24.8114008],[121.65242240000002,24.811423],[121.6529369,24.811080499999996],[121.65330579999998,24.811107699999997],[121.65359679999999,24.8108911],[121.6538121,24.810905],[121.65402199999998,24.8110576],[121.65436189999998,24.810914599999997],[121.6547425,24.8110143],[121.6549615,24.8109223],[121.65541790000002,24.810888200000004],[121.6559216,24.8105759],[121.6561093,24.810554200000002],[121.65614270000002,24.810701499999997],[121.65642099999998,24.810927199999995],[121.65653709999998,24.811211299999997],[121.65675720000002,24.811022099999995],[121.6568772,24.8107816],[121.65710770000001,24.8106332],[121.6574447,24.810715599999998],[121.6576719,24.810889799999998],[121.6579574,24.810777299999998],[121.6581737,24.8107971],[121.65851290000002,24.811004199999996],[121.65872510000001,24.810897299999993],[121.65891689999998,24.810922],[121.6594666,24.810740999999993],[121.66018260000001,24.810782499999995],[121.66051989999998,24.810724],[121.6605671,24.8111752],[121.6607021,24.8113371],[121.66108600000001,24.811567799999988],[121.66127640000002,24.8119911],[121.6617255,24.8120647],[121.6618739,24.8122144],[121.66224290000001,24.8122129],[121.66254680000002,24.812464399999996],[121.6630022,24.8125058],[121.66318829999999,24.8129105],[121.66343480000002,24.8130053],[121.66355730000001,24.813161199999993],[121.66415949999998,24.8133903],[121.6645184,24.813854100000004],[121.66452900000002,24.8141791],[121.66480720000001,24.814375500000004],[121.66514500000001,24.814421300000003],[121.6656114,24.8146289],[121.66714310000002,24.816017199999997],[121.66747980000001,24.8161839],[121.6677197,24.816199600000004],[121.66810209999998,24.816499699999998],[121.66849719999999,24.8166079],[121.66865770000001,24.816801099999992],[121.6687776,24.8171418],[121.6687341,24.817439199999995],[121.66881259999998,24.8177306]]}},{"type":"Feature","properties":{"name":"小礁溪山步道","kind":"path"},"geometry":{"type":"LineString","coordinates":[[121.66881259999998,24.8177306],[121.66879600000001,24.817987],[121.66891309999998,24.8184666],[121.6688613,24.818801400000005],[121.66918940000001,24.819566100000003],[121.6691612,24.8203911],[121.6690812,24.820663799999995],[121.66883839999998,24.820917400000003],[121.6687875,24.821125799999997],[121.6683279,24.821244199999995],[121.66827610000001,24.821318399999996],[121.66828810000001,24.821621199999996],[121.66806999999999,24.82185399999999],[121.6681704,24.8222398],[121.6679672,24.8224337],[121.66807599999999,24.822548800000003],[121.6679358,24.822728200000004],[121.6678976,24.822945700000002],[121.6675392,24.823150699999996],[121.6672784,24.823501900000004],[121.6670123,24.823622199999996],[121.66682330000002,24.824063199999994],[121.66632710000002,24.824348999999998],[121.6658982,24.824810600000003],[121.6652214,24.825128899999996],[121.66478559999999,24.825684099999993],[121.6644346,24.825831399999995],[121.6641992,24.826022899999998],[121.6638695,24.826739799999995],[121.66393200000002,24.8276867],[121.66364679999998,24.828011999999998],[121.663528,24.8280582],[121.66298720000002,24.8279918],[121.6625028,24.828095299999998],[121.6621909,24.827966699999998],[121.6617711,24.828076900000003],[121.6616264,24.828718600000002],[121.6613175,24.8289499],[121.66129990000002,24.829124199999995],[121.6609998,24.829364699999992],[121.66081960000001,24.8296313],[121.66060860000002,24.829715999999998],[121.65989940000001,24.830732],[121.65917819999999,24.831341699999996],[121.65887750000002,24.831453300000003],[121.65855209999998,24.8313669],[121.6580081,24.831426400000005],[121.6572351,24.8316822],[121.6567804,24.8317198],[121.65634989999998,24.8323665],[121.65623750000002,24.832692699999996],[121.656053,24.832740799999996],[121.65565220000002,24.8331045],[121.65518249999998,24.833353799999998],[121.65501920000001,24.8335722],[121.65427700000001,24.83419709999999],[121.654199,24.834383599999995],[121.6542785,24.834776799999997],[121.6538766,24.83530079999999],[121.6539276,24.8357528],[121.65361480000001,24.8359078],[121.6534706,24.836143499999995],[121.65346000000001,24.8363677],[121.65355539999999,24.836571699999997]]}},{"type":"Feature","properties":{"name":"桶後越嶺道","kind":"footway"},"geometry":{"type":"LineString","coordinates":[[121.65306870000002,24.83659799999999],[121.6529852,24.836575299999996]]}},{"type":"Feature","properties":{"name":"桶後越嶺道","kind":"footway"},"geometry":{"type":"LineString","coordinates":[[121.6665082,24.8369682],[121.6661997,24.837140800000004],[121.6659796,24.837138499999995],[121.6655859,24.836832899999997],[121.6654095,24.836384099999997],[121.66530319999998,24.836374899999996],[121.6650977,24.8361687],[121.6639306,24.8361386],[121.6636205,24.83647639999999],[121.66350150000001,24.8369672],[121.663092,24.837322400000005],[121.66263910000002,24.837597400000003],[121.66195370000001,24.837559899999995],[121.66165070000001,24.837637299999997],[121.6614995,24.837767800000005],[121.66147959999999,24.83793],[121.6611906,24.8380475],[121.66071070000001,24.837768599999997],[121.66045860000001,24.837239400000005],[121.66034460000002,24.836763300000005],[121.65985329999998,24.8365737],[121.6596892,24.8363476],[121.6593197,24.836379999999995],[121.65894920000001,24.836186699999995],[121.65835420000002,24.836218500000005],[121.6574576,24.835945200000005],[121.6564769,24.836001899999992],[121.6549779,24.8354496],[121.6545501,24.8356909],[121.6541243,24.836306699999998],[121.65364779999999,24.836567699999996],[121.65306870000002,24.83659799999999]]}},{"type":"Feature","properties":{"name":"高繞路段","kind":"footway"},"geometry":{"type":"LineString","coordinates":[[121.66045860000001,24.837239400000005],[121.66060420000001,24.837302699999995],[121.66094229999999,24.8376792],[121.66108179999999,24.8375892],[121.6612025,24.837207],[121.6614224,24.836985500000004],[121.66163170000002,24.836605799999994],[121.66195219999999,24.836705499999997],[121.66210880000001,24.8368691],[121.6620903,24.837004999999998],[121.6613742,24.837681699999997]]}},{"type":"Feature","properties":{"name":"高繞路段","kind":"steps"},"geometry":{"type":"LineString","coordinates":[[121.6613742,24.837681699999997],[121.66147450000001,24.837768399999998]]}},{"type":"Feature","properties":{"name":"高繞路段","kind":"footway"},"geometry":{"type":"LineString","coordinates":[[121.66147450000001,24.837768399999998],[121.6614995,24.837767800000005]]}},{"type":"Feature","properties":{"name":"桶後越嶺道","kind":"path"},"geometry":{"type":"LineString","coordinates":[[121.6518769,24.837070899999997],[121.65183380000002,24.836657799999998],[121.6513591,24.835944599999998],[121.6506188,24.835385899999995],[121.6503633,24.8353312],[121.64982490000001,24.835380999999998],[121.64938930000001,24.835739100000005],[121.6489388,24.836657099999996],[121.6486211,24.83660729999999]]}},{"type":"Feature","properties":{"name":null,"kind":"track"},"geometry":{"type":"LineString","coordinates":[[121.6484659,24.836537099999994],[121.6476042,24.836618199999997],[121.64748890000001,24.836580699999995],[121.6475382,24.83646879999999]]}},{"type":"Feature","properties":{"name":"桶後越嶺道","kind":"footway"},"geometry":{"type":"LineString","coordinates":[[121.6529852,24.836575299999996],[121.65282300000001,24.83654699999999]]}},{"type":"Feature","properties":{"name":null,"kind":"path"},"geometry":{"type":"LineString","coordinates":[[121.6486211,24.83660729999999],[121.64855069999999,24.8365876]]}},{"type":"Feature","properties":{"name":null,"kind":"path"},"geometry":{"type":"LineString","coordinates":[[121.64859089999999,24.8366584],[121.6486211,24.83660729999999]]}},{"type":"Feature","properties":{"name":"桶后吊橋(損毀)","kind":"path"},"geometry":{"type":"LineString","coordinates":[[121.64842409999999,24.8369845],[121.64859089999999,24.8366584]]}},{"type":"Feature","properties":{"name":"桶後越嶺道","kind":"path"},"geometry":{"type":"LineString","coordinates":[[121.65282300000001,24.83654699999999],[121.65230190000001,24.836793400000005],[121.6522204,24.836967699999995],[121.6523921,24.837246],[121.6523275,24.837365199999997],[121.6521047,24.837392899999998],[121.65189600000001,24.8371687]]}},{"type":"Feature","properties":{"name":"桶後越嶺道","kind":"steps"},"geometry":{"type":"LineString","coordinates":[[121.65189600000001,24.8371687],[121.6518769,24.837070899999997]]}},{"type":"Feature","properties":{"name":null,"kind":"path"},"geometry":{"type":"LineString","coordinates":[[121.65715870000001,24.849598899999993],[121.6570869,24.849934900000004],[121.65568590000001,24.8507739],[121.6552189,24.851536699999997],[121.65517220000001,24.852053699999995],[121.6548453,24.8524859],[121.6541261,24.85288419999999],[121.65374320000001,24.8537402],[121.65366850000001,24.854384299999996],[121.65322020000002,24.8552403],[121.65260370000001,24.855130099999993],[121.65017530000001,24.856502999999996],[121.6495495,24.8569691],[121.64925999999998,24.857384399999997],[121.6490639,24.8579861],[121.64772830000001,24.858206399999997],[121.64724260000001,24.858359000000004],[121.64645800000001,24.859104699999993],[121.64588830000001,24.85952],[121.6452905,24.859655599999996],[121.64454330000001,24.860545399999996]]}},{"type":"Feature","properties":{"name":null,"kind":"path"},"geometry":{"type":"LineString","coordinates":[[121.64462370000001,24.860449699999997],[121.6464393,24.862655499999995],[121.64682229999998,24.8635538],[121.6475601,24.864570699999998],[121.6477936,24.865833400000003],[121.6480738,24.865875799999998],[121.64900780000002,24.8656809],[121.65008190000002,24.866036800000003],[121.6506236,24.866299500000007],[121.6517911,24.866519799999995],[121.65209000000002,24.866875700000005],[121.6526504,24.8685451],[121.6528652,24.869061999999996],[121.65309870000002,24.869358599999998],[121.6534256,24.870502499999994],[121.6532108,24.8710618],[121.6535004,24.872027800000005],[121.65351900000002,24.872468499999997],[121.65329490000002,24.8731718],[121.6533883,24.874866499999996],[121.65393930000002,24.875018999999995],[121.65410749999998,24.8756715],[121.6539113,24.876162900000004],[121.65411679999998,24.876629],[121.654836,24.8767222],[121.65486400000002,24.8770865],[121.6549956,24.87724779999999]]}},{"type":"Feature","properties":{"name":null,"kind":"path"},"geometry":{"type":"LineString","coordinates":[[121.66488070000001,24.881821599999995],[121.66546660000002,24.881737],[121.6658105,24.881985499999995],[121.6664314,24.882178600000003],[121.6669415,24.881588899999997],[121.66725920000002,24.8810415],[121.667711,24.880787699999996],[121.6679267,24.880391],[121.66828230000002,24.880198000000004],[121.6692093,24.8799838],[121.67037810000001,24.879378199999998],[121.67117100000002,24.878799099999995],[121.6712642,24.878659],[121.67122930000001,24.8784236],[121.671512,24.8778472],[121.6720308,24.877566899999998],[121.67224950000002,24.877273300000002],[121.6726692,24.876918999999997],[121.67294320000002,24.876421799999992],[121.6732259,24.876096599999997],[121.6733163,24.875179000000003],[121.67319680000001,24.8746236],[121.6724943,24.873629300000005],[121.67188510000001,24.8732961],[121.67165770000001,24.873034299999993],[121.6716927,24.872791000000003],[121.671512,24.8724657],[121.6715149,24.872024100000004],[121.6715907,24.8717359],[121.67185890000002,24.871370899999995],[121.6718705,24.8710086],[121.6724039,24.8702761],[121.67267500000001,24.869591099999997],[121.67291990000001,24.8693452],[121.67266039999998,24.869506499999996],[121.6722932,24.869461600000005],[121.67191720000001,24.869231499999998],[121.67174520000002,24.8690014],[121.6716344,24.868673500000003],[121.67166939999998,24.868453999999993],[121.67157030000001,24.8681128],[121.6710223,24.867335299999997],[121.67075999999999,24.8672745],[121.6697602,24.8674676],[121.66946870000001,24.867390899999997],[121.66910719999998,24.867406699999997],[121.6684281,24.867152899999997],[121.66821820000001,24.8669148],[121.66834060000001,24.866269600000003],[121.66884490000001,24.865320099999995],[121.6684922,24.8639555],[121.6680404,24.8631674],[121.66809000000002,24.8629346],[121.66854760000001,24.862405699999997],[121.66855339999998,24.862252300000005],[121.66825609999998,24.861948200000008],[121.6681949,24.8617339],[121.6682649,24.861059499999996],[121.66792089999998,24.8598086],[121.667609,24.859480599999994],[121.66763519999999,24.859321899999998],[121.6679122,24.8589993],[121.66812789999999,24.858583999999997],[121.66815990000002,24.8582587],[121.6681453,24.858063],[121.66771980000001,24.857557899999996],[121.66761780000002,24.856976],[121.66768770000002,24.856576600000004],[121.6678539,24.856409999999997],[121.6678859,24.856240700000004],[121.66751280000001,24.856045],[121.66714259999999,24.855442],[121.6669911,24.855365300000003],[121.6662332,24.8553574],[121.6656765,24.855174900000005],[121.66559779999999,24.85506639999999],[121.66507600000001,24.8549712],[121.6647233,24.854563900000002],[121.6642132,24.854333800000003],[121.66413450000002,24.8541698],[121.66366809999998,24.8537678],[121.6634641,24.853424],[121.66283450000002,24.8535033],[121.6625896,24.853437199999995],[121.66197170000001,24.8529452],[121.661791,24.852641100000003],[121.66133329999998,24.852575000000005],[121.6606425,24.8522576],[121.6604093,24.8520354],[121.6597321,24.8516353],[121.6596874,24.8514988],[121.6593378,24.8513402],[121.6592971,24.851137300000005],[121.65898820000001,24.850712999999995],[121.6588459,24.850676099999998],[121.65863449999999,24.850757300000005],[121.6582035,24.8506356],[121.65798400000001,24.850251899999996],[121.6577441,24.850292500000002],[121.65751240000002,24.850012099999997],[121.65752049999999,24.84979449999999],[121.6574433,24.849724400000003],[121.65727659999999,24.8497834],[121.65715870000001,24.849598899999993],[121.657175,24.849381299999994],[121.6572644,24.849296400000004],[121.657175,24.849067700000003],[121.65746770000001,24.848665600000004],[121.657488,24.848341000000005],[121.65664239999998,24.8473301],[121.6564513,24.847341200000002],[121.65614640000001,24.846898499999998],[121.65600410000002,24.8460648],[121.65599600000002,24.845474500000005],[121.65573980000002,24.8453527],[121.6557764,24.8452494],[121.65591869999999,24.845260499999995],[121.65598379999999,24.845120300000005],[121.65586590000001,24.8449617],[121.6554024,24.845024399999993],[121.65480479999998,24.8442275],[121.65430070000001,24.844242299999998],[121.6533737,24.843578199999996],[121.6533737,24.8433237],[121.6532558,24.843069100000005],[121.65303630000001,24.8429843],[121.6529306,24.8430396],[121.6528859,24.842873600000004],[121.65267449999999,24.843131799999995],[121.6526989,24.843268299999995],[121.65257280000002,24.8434712],[121.6526135,24.8439656],[121.6525037,24.843995099999997],[121.65235740000001,24.8437996],[121.65225570000001,24.84395449999999],[121.652272,24.844323500000005],[121.6519142,24.844327100000005],[121.651772,24.844537399999997],[121.6516093,24.844625999999998],[121.65162560000002,24.8447699],[121.65054820000002,24.8435745],[121.6499994,24.843640999999998],[121.649662,24.843261],[121.64932860000002,24.8432241],[121.6488733,24.842714899999997],[121.648792,24.8413942],[121.64905619999999,24.840737499999996],[121.6489424,24.8406453],[121.6487188,24.840700600000005],[121.64856839999999,24.840438599999995],[121.6488407,24.8400697],[121.6488448,24.839641699999994],[121.6487107,24.839630699999997],[121.64873910000001,24.839479399999995],[121.64852360000002,24.8394794],[121.6484179,24.839383499999997],[121.64882450000002,24.839147399999998],[121.6493693,24.838117999999998],[121.64921880000001,24.8381402],[121.6490359,24.838055299999994],[121.64915380000001,24.8378413],[121.6489099,24.837937300000004],[121.64888139999998,24.8381402],[121.64858870000002,24.838237199999995],[121.6487066,24.837881899999996],[121.6484708,24.837885599999993],[121.648361,24.8379631],[121.64821469999998,24.837645800000004],[121.6482675,24.8374392],[121.6481212,24.837299],[121.64809170000001,24.837093500000005],[121.64842409999999,24.8369845]]}},{"type":"Feature","properties":{"name":"桶後林道","kind":"unclassified"},"geometry":{"type":"LineString","coordinates":[[121.63609399999999,24.840222499999996],[121.63647190000002,24.839876499999992],[121.6365793,24.839533599999992],[121.6370773,24.8393369],[121.6375877,24.839544200000006],[121.63802729999999,24.840019699999996],[121.6381315,24.839987399999995],[121.63840440000001,24.8396175],[121.63867380000002,24.839581900000002],[121.6392557,24.839821999999998],[121.6395549,24.840105600000005],[121.63974649999999,24.840148999999997],[121.63997330000001,24.8400806],[121.6401427,24.839856199999993],[121.64023730000001,24.8392087],[121.6402023,24.8389965],[121.6399567,24.838600299999996],[121.6402746,24.838228500000007],[121.64058380000002,24.838084999999992],[121.64130089999999,24.838054799999995],[121.6419746,24.8378961],[121.64263960000001,24.8379406],[121.6432365,24.8383017],[121.64361040000001,24.8388287],[121.6437457,24.8388407],[121.6438431,24.8386184],[121.643727,24.8375801],[121.64378420000001,24.8369054],[121.6436413,24.836373800000004],[121.64331320000001,24.8360364],[121.6433736,24.835831399999996],[121.64365190000001,24.835486200000002],[121.64391809999998,24.835434499999998]]}},{"type":"Feature","properties":{"name":null,"kind":"unclassified"},"geometry":{"type":"LineString","coordinates":[[121.635987,24.840362599999995],[121.63609399999999,24.840222499999996]]}},{"type":"Feature","properties":{"name":null,"kind":"track"},"geometry":{"type":"LineString","coordinates":[[121.6899153,24.816604200000008],[121.6896545,24.816208200000002],[121.6895767,24.8158488],[121.68930840000002,24.815566699999998],[121.6888189,24.815320500000006],[121.68860839999999,24.8152865],[121.68838979999998,24.8154663],[121.68801950000001,24.815502599999995],[121.6877823,24.815651699999997],[121.6876894,24.815817299999996],[121.68698430000002,24.8157759],[121.68679689999999,24.815892499999997],[121.68660340000001,24.815889099999996],[121.686554,24.8162169],[121.68614949999998,24.816402099999998],[121.68601680000002,24.816542999999996],[121.68570600000001,24.816347699999998],[121.68553499999999,24.816325799999998],[121.6857136,24.8166112],[121.685693,24.816785399999993],[121.68503669999998,24.8175214]]}},{"type":"Feature","properties":{"name":null,"kind":"path"},"geometry":{"type":"LineString","coordinates":[[121.68503669999998,24.8175214],[121.6843926,24.8172138],[121.68425170000002,24.816722399999996],[121.68401929999999,24.816702000000003],[121.68376729999999,24.816810899999997]]}},{"type":"Feature","properties":{"name":null,"kind":"track"},"geometry":{"type":"LineString","coordinates":[[121.6899153,24.816604200000008],[121.68969540000002,24.8167979],[121.68985450000001,24.817205599999998],[121.68956460000001,24.817310800000005],[121.6892973,24.8177697],[121.68902999999999,24.817875599999997],[121.6886925,24.8178693],[121.68799900000002,24.818282900000003],[121.68789799999999,24.818244700000005],[121.6877631,24.818015100000004],[121.6877725,24.8177961],[121.68766390000002,24.8178311],[121.6875581,24.818110599999994],[121.6869366,24.8188081],[121.68715360000002,24.819294500000005],[121.6871747,24.819732],[121.6868583,24.8202243]]}},{"type":"Feature","properties":{"name":null,"kind":"path"},"geometry":{"type":"LineString","coordinates":[[121.6835664,24.816851700000004],[121.68372100000002,24.8169218],[121.6838766,24.817325899999993],[121.6838229,24.817535299999996],[121.68366199999998,24.8177154],[121.6837693,24.817851799999996],[121.68390340000002,24.8179199],[121.68420920000001,24.817803099999995],[121.6845042,24.8178761],[121.68479390000002,24.8181244],[121.68522300000001,24.818251],[121.68601700000002,24.818791499999996],[121.6861833,24.818655199999995],[121.6863067,24.818664899999998],[121.68652660000001,24.819020300000002],[121.6864461,24.819312499999995],[121.68661780000001,24.8194634],[121.68692179999998,24.820132900000004]]}},{"type":"Feature","properties":{"name":"桶後越嶺道","kind":"footway"},"geometry":{"type":"LineString","coordinates":[[121.6868583,24.8202243],[121.68686950000001,24.8205099],[121.6866389,24.82101009999999],[121.6866723,24.821494],[121.68650469999999,24.821589699999997],[121.68644590000001,24.821812799999996],[121.68652780000001,24.8222303],[121.6863292,24.8226343],[121.6863473,24.822949899999998],[121.6860458,24.823396699999996]]}},{"type":"Feature","properties":{"name":"桶後越嶺道","kind":"footway"},"geometry":{"type":"LineString","coordinates":[[121.6860458,24.823396699999996],[121.68549060000001,24.8230083],[121.6851369,24.8230975],[121.6851204,24.8231558],[121.685398,24.8232629],[121.68544290000001,24.8233938],[121.6849873,24.823446099999998],[121.6834737,24.8242095],[121.68324100000001,24.824543599999995],[121.6830573,24.825063600000004],[121.68229480000001,24.825813899999996],[121.6822142,24.826020600000003],[121.68215909999999,24.826798799999995],[121.6820056,24.827169199999997],[121.68184940000002,24.827194199999997],[121.6816727,24.8271086],[121.68150740000002,24.827181999999997],[121.68110110000002,24.8276795],[121.6805429,24.8281034],[121.6799634,24.8286728],[121.6797309,24.829002599999995],[121.6793579,24.829266600000004]]}},{"type":"Feature","properties":{"name":null,"kind":"path"},"geometry":{"type":"LineString","coordinates":[[121.6886925,24.8178693],[121.688921,24.818188300000003],[121.6886608,24.8186016],[121.68879089999999,24.8186385],[121.6888559,24.818845100000004],[121.688799,24.8190222],[121.68896969999999,24.8191034],[121.6890592,24.819014899999992],[121.6890592,24.818823000000002],[121.6894169,24.818734399999997],[121.6899617,24.819000099999993],[121.6901243,24.8193248],[121.69041700000001,24.819494600000002],[121.6907504,24.8194577],[121.6911895,24.819619999999997],[121.69130329999999,24.81998899999999],[121.69097000000001,24.821413299999993],[121.69115059999999,24.822012],[121.6910827,24.822281999999998],[121.6910988,24.8229539],[121.69121150000001,24.8233191],[121.6914231,24.823634499999997],[121.6917505,24.823693699999996],[121.69189730000001,24.824165599999997],[121.69234920000001,24.824517399999994],[121.6923112,24.824643399999992],[121.69242870000001,24.8251557],[121.692397,24.825303099999992],[121.6919437,24.825867899999995],[121.6918525,24.826225699999995],[121.69188470000002,24.82640339999999],[121.6917397,24.8266108],[121.6921095,24.827173499999997],[121.69252040000002,24.827033900000004],[121.6926706,24.8271191],[121.69278449999999,24.827467899999995],[121.6933523,24.827963800000006],[121.6937836,24.828788499999998],[121.69438810000001,24.8290209],[121.6945991,24.829258899999992],[121.6947601,24.829186699999998],[121.69526900000001,24.8293304],[121.69627010000002,24.829979399999996],[121.69636130000002,24.8302983],[121.69663760000002,24.830617199999995],[121.69659209999999,24.830967800000003],[121.6961293,24.831997699999995],[121.69643369999999,24.8324617],[121.696553,24.8333659],[121.6968196,24.83359],[121.69682,24.833896099999993],[121.69670459999999,24.834151699999996],[121.6969333,24.834426799999996]]}},{"type":"Feature","properties":{"name":null,"kind":"path"},"geometry":{"type":"LineString","coordinates":[[121.70019420000001,24.833277799999998],[121.6996981,24.8335795],[121.69971840000001,24.833682799999995],[121.7000359,24.8337829],[121.70014440000001,24.833903599999996],[121.70010170000002,24.834299499999997],[121.6999461,24.834442800000005],[121.6997021,24.834494499999998],[121.6995151,24.8343248],[121.69936249999999,24.834310299999995],[121.69990490000002,24.835453799999996]]}},{"type":"Feature","properties":{"name":null,"kind":"path"},"geometry":{"type":"LineString","coordinates":[[121.7009926,24.830210999999995],[121.70087280000001,24.830368099999998],[121.70092840000001,24.8304655],[121.7011496,24.8306983],[121.701449,24.8313272],[121.7016455,24.831475699999995],[121.70174440000001,24.8318425],[121.70223680000001,24.832330600000002],[121.7025156,24.832827499999997],[121.70210660000001,24.8333046],[121.70135769999999,24.833480100000003],[121.7012295,24.8335919],[121.7007521,24.833484700000003],[121.70041670000002,24.833248100000002],[121.70006009999999,24.8332608],[121.6998535,24.833333299999996],[121.69939490000002,24.833290000000005],[121.6986425,24.833616099999997],[121.69791160000001,24.833725199999993],[121.69771849999998,24.8340762],[121.69752,24.8342266],[121.6972961,24.8342113],[121.69716330000001,24.834350000000008],[121.69690980000001,24.834438899999995],[121.6968548,24.8345722],[121.6965739,24.8344286],[121.6965506,24.834550499999995],[121.69644450000001,24.8345223],[121.6961548,24.834806499999996],[121.69600730000002,24.8351645],[121.6958061,24.835300599999997],[121.69557470000001,24.8356542],[121.6952717,24.8358567],[121.69503289999999,24.836685999999997],[121.6950516,24.8369002],[121.6951647,24.837135000000004],[121.69544900000001,24.8373921],[121.69558190000001,24.838271599999995],[121.69605359999998,24.8389553],[121.69597830000001,24.8391471],[121.6961776,24.839718599999998],[121.6961729,24.839913599999996],[121.6960642,24.840277],[121.6958463,24.84057],[121.69559570000001,24.8406462],[121.69546700000001,24.840790600000002],[121.69546220000001,24.8410141],[121.69560050000001,24.841184599999995],[121.6956919,24.841823499999993],[121.6956148,24.8421855],[121.6950261,24.842443500000005],[121.6946244,24.842482900000004],[121.6948868,24.8427001],[121.6952954,24.842615000000002],[121.69571750000001,24.8427113],[121.6963184,24.842385699999998],[121.6962864,24.841999999999995],[121.6965753,24.8416925],[121.6970129,24.841707499999995],[121.6973023,24.841441499999995],[121.6976273,24.841268100000004],[121.69823220000002,24.8415336],[121.6990791,24.8416394],[121.69925030000002,24.841607199999988],[121.6997037,24.8411122],[121.69963169999998,24.8408823],[121.6997053,24.840729799999995],[121.70049020000002,24.840726899999996],[121.70070219999998,24.840575300000005],[121.70077770000002,24.840398099999994],[121.7012384,24.840552499999994],[121.7018147,24.8405686],[121.70217019999998,24.8404414],[121.7023273,24.840165399999997],[121.70252770000002,24.8392599],[121.7024584,24.8388077],[121.70276579999998,24.8377763],[121.7026813,24.837282900000005],[121.7027352,24.836997299999993],[121.70293699999999,24.83660769999999],[121.7031582,24.836479699999995],[121.70324430000001,24.8363106],[121.7032899,24.836115599999996],[121.7032216,24.835210999999997],[121.70346440000002,24.834840400000004],[121.7036326,24.8348861],[121.70378009999999,24.835258],[121.70391660000001,24.8354022],[121.70492289999999,24.8357456],[121.7050922,24.835997200000005],[121.7053001,24.8361455],[121.70551120000002,24.8361862],[121.70559,24.836410199999992],[121.7059453,24.8368759],[121.70635570000002,24.836950500000004],[121.70667949999999,24.837450399999998],[121.70691200000002,24.837608999999997],[121.7076784,24.837687799999994],[121.70787249999998,24.837819899999992],[121.70823810000002,24.838440799999997],[121.70851140000002,24.8385713],[121.7086541,24.838741399999996],[121.7082199,24.8395817],[121.7084067,24.839830899999995],[121.70821200000002,24.840314399999997],[121.70838880000001,24.840609099999998],[121.7085593,24.840687299999995],[121.7089331,24.8405123],[121.7096544,24.840644],[121.7103396,24.8410992],[121.7107597,24.841047799999995],[121.71124649999999,24.841452399999998],[121.7113501,24.841690099999997],[121.71190740000002,24.841718099999994],[121.71221320000001,24.8414847],[121.71307030000001,24.841495999999996],[121.71331430000001,24.841415799999996],[121.71343730000001,24.8415142],[121.71427080000001,24.841694599999997],[121.71455490000001,24.8420134],[121.7148049,24.8426938],[121.71511140000001,24.8428539],[121.7154151,24.843205399999995],[121.71554850000001,24.843665299999998],[121.71543429999998,24.8442072],[121.716001,24.8445996],[121.7166616,24.8444517],[121.7169353,24.844511699999998],[121.71750560000001,24.8448189],[121.7179114,24.8457267],[121.71812940000001,24.845808199999997],[121.71917610000001,24.845709000000003],[121.7198015,24.8455286],[121.7199674,24.845676499999996],[121.72011189999999,24.845916299999992],[121.72010040000002,24.846583700000004],[121.72032310000002,24.846934499999993],[121.72031170000001,24.847355499999995],[121.7205166,24.847984700000005],[121.7204853,24.848845800000003],[121.72065140000001,24.84897819999999],[121.7209581,24.848979399999994],[121.7213421,24.849239],[121.72168850000001,24.850029199999998],[121.72211189999999,24.850145100000002],[121.722932,24.850650100000003],[121.7232957,24.850685400000003],[121.7235857,24.850874499999996],[121.7240819,24.850690800000006],[121.724849,24.850774899999994],[121.72531229999998,24.850932200000003],[121.72544840000002,24.851183],[121.7255944,24.851271999999998],[121.7257375,24.8515822],[121.72633590000001,24.851756199999997],[121.7265646,24.8526595],[121.7267139,24.852824099999996],[121.72685200000001,24.853191099999993],[121.72738509999999,24.8535639],[121.72755859999998,24.853583999999994],[121.72799440000001,24.853865999999996],[121.7285113,24.854059899999996],[121.7287287,24.8542356],[121.72899080000002,24.854345700000003],[121.72933470000001,24.854378],[121.72981650000001,24.854714999999995],[121.7299688,24.8551514]]}},{"type":"Feature","properties":{"name":"桶後越嶺道","kind":"footway"},"geometry":{"type":"LineString","coordinates":[[121.66671350000001,24.836947999999996],[121.6665082,24.8369682]]}},{"type":"Feature","properties":{"name":"桶後越嶺道","kind":"footway"},"geometry":{"type":"LineString","coordinates":[[121.6668841,24.8370694],[121.66671350000001,24.836947999999996]]}},{"type":"Feature","properties":{"name":"桶後越嶺道","kind":"footway"},"geometry":{"type":"LineString","coordinates":[[121.6670002,24.83732669999999],[121.6668841,24.8370694]]}},{"type":"Feature","properties":{"name":"桶後越嶺道","kind":"footway"},"geometry":{"type":"LineString","coordinates":[[121.6687637,24.837496900000005],[121.66878100000001,24.8374606]]}},{"type":"Feature","properties":{"name":"台電舊吊橋","kind":"path"},"geometry":{"type":"LineString","coordinates":[[121.6686062,24.8378273],[121.6687637,24.837496900000005]]}},{"type":"Feature","properties":{"name":"桶後越嶺道","kind":"footway"},"geometry":{"type":"LineString","coordinates":[[121.66878100000001,24.8374606],[121.6683383,24.837348400000003],[121.6679669,24.837360399999998],[121.66703420000002,24.838281700000003],[121.66688369999999,24.8383344],[121.66680240000001,24.838164699999997],[121.6670002,24.83732669999999]]}},{"type":"Feature","properties":{"name":null,"kind":"path"},"geometry":{"type":"LineString","coordinates":[[121.69383150000002,24.8427233],[121.69336170000001,24.8437184],[121.69297139999999,24.843947199999995],[121.6928494,24.8445042],[121.6921258,24.845695799999994],[121.6920323,24.846411500000002],[121.6916176,24.846529600000004],[121.6913005,24.846891099999993],[121.6909305,24.847651099999997],[121.6909509,24.847931499999998],[121.6893044,24.84823769999999],[121.6889954,24.848658200000003],[121.6886661,24.848732],[121.68857660000002,24.8489165],[121.6887271,24.849207899999996],[121.6885644,24.849477199999992],[121.687975,24.849584199999995],[121.6873367,24.849823999999998],[121.6871415,24.8497686],[121.68669790000001,24.8498821],[121.68576329999999,24.8494809],[121.68553160000002,24.849137799999998],[121.6851982,24.849211599999993],[121.6849746,24.849502999999995],[121.68431200000002,24.8496727],[121.684251,24.8498498],[121.68395830000001,24.8499309],[121.68286869999999,24.849905099999997],[121.6822264,24.850148599999997],[121.68160440000001,24.8495694],[121.68134420000001,24.849805500000002],[121.6810311,24.84960629999999],[121.6807018,24.849543599999993],[121.67979520000002,24.849584199999995],[121.6780267,24.848946000000005],[121.6779251,24.8490271],[121.6779332,24.849182099999997],[121.6773031,24.849661599999997],[121.6772421,24.8498129],[121.6769209,24.849602600000004],[121.67564440000001,24.8492374],[121.6752622,24.8491784],[121.6750712,24.8492226],[121.6746524,24.8489865],[121.67405070000001,24.848879599999997],[121.6738596,24.8488685],[121.6734328,24.849215300000004],[121.67296930000002,24.8492153],[121.67242449999999,24.8488095],[121.6717944,24.848706199999995],[121.6714448,24.848839],[121.67116829999999,24.848676699999995],[121.67090400000001,24.848695100000004],[121.67076180000001,24.848499599999993],[121.669782,24.848185999999995],[121.6692616,24.848296699999995],[121.6688225,24.8485918],[121.66785900000002,24.8495916],[121.66707840000001,24.849469800000005],[121.6667125,24.8496469],[121.6665703,24.849890399999992],[121.665558,24.850314599999994],[121.66495630000001,24.850085899999993],[121.6647896,24.8498387],[121.664879,24.849669],[121.66470009999999,24.849514100000004],[121.6639684,24.849864499999995],[121.66349270000002,24.849838699999996],[121.66265930000002,24.8500674],[121.66206980000001,24.849960499999998],[121.66148030000001,24.850329400000003],[121.66082169999999,24.850624499999988],[121.6605574,24.850524899999996],[121.65988259999999,24.850628199999996],[121.6592971,24.851137300000005]]}},{"type":"Feature","properties":{"name":null,"kind":"path"},"geometry":{"type":"LineString","coordinates":[[121.6952717,24.8358567],[121.6950541,24.836028600000002],[121.694304,24.835802000000005],[121.6939944,24.835854800000003],[121.69366570000001,24.835673],[121.69336530000001,24.8356974],[121.6930622,24.835935899999996],[121.69250060000002,24.836209600000004],[121.6923178,24.8364892],[121.69166110000002,24.836887800000003],[121.69152290000001,24.8372936],[121.6910187,24.837411699999997],[121.69080730000002,24.837647799999996],[121.6902219,24.837500300000002],[121.690043,24.8367107],[121.6895552,24.836327],[121.689295,24.835139000000005],[121.6891324,24.8349914],[121.6890998,24.834829100000004],[121.6892543,24.834474899999993],[121.6892381,24.8341059],[121.68870140000001,24.8336632],[121.68780700000002,24.833353299999995],[121.6873761,24.8326227],[121.6867988,24.832290699999998],[121.6858637,24.832216900000002],[121.68534329999999,24.831759399999996],[121.68540030000001,24.830954999999992],[121.68515630000002,24.8308296],[121.6848067,24.830977200000003],[121.6847579,24.8311469],[121.6844571,24.8311543],[121.684392,24.83091080000001],[121.68356269999998,24.8304606],[121.6835139,24.8303057],[121.6828471,24.830135899999995],[121.68276579999998,24.8299884],[121.6825463,24.829929299999996],[121.68226980000001,24.829530799999997],[121.68186329999999,24.829501299999997],[121.68105830000002,24.829980999999997],[121.68006640000002,24.8298408],[121.6799607,24.829693200000005],[121.67959479999999,24.8295456],[121.679546,24.8297301],[121.6793834,24.829700599999995],[121.67937520000001,24.829612],[121.67907279999999,24.829559]]}},{"type":"Feature","properties":{"name":"涉溪","kind":"path"},"geometry":{"type":"LineString","coordinates":[[121.6946244,24.842482900000004],[121.6943541,24.8423987],[121.69394829999999,24.842584300000002],[121.69383150000002,24.8427233]]}},{"type":"Feature","properties":{"name":null,"kind":"path"},"geometry":{"type":"LineString","coordinates":[[121.69047120000002,24.8480207],[121.69048440000002,24.848600699999995],[121.69103590000002,24.8487008],[121.69145510000001,24.8496717],[121.69156540000002,24.85029229999999],[121.6919184,24.85085279999999],[121.69243680000001,24.851152999999996],[121.6929001,24.8513232],[121.69351780000001,24.852154],[121.6942679,24.8527545],[121.6947201,24.853324999999998],[121.69592240000001,24.853755399999994],[121.6971909,24.8543259],[121.6977756,24.854666199999993],[121.6981065,24.8554268],[121.697952,24.855837199999993],[121.69793,24.856267600000002],[121.697588,24.856487799999996],[121.697577,24.8568581],[121.6973343,24.857398600000003],[121.6974667,24.858759699999993],[121.69630850000001,24.85993069999999],[121.6959666,24.860521200000008],[121.6957239,24.861341899999992],[121.69511720000001,24.862122499999998],[121.69480840000001,24.862853099999995],[121.6958232,24.8643443],[121.69616510000002,24.8645845],[121.69655120000002,24.8650449],[121.69655120000002,24.865705400000003],[121.6967387,24.866095700000002],[121.69671660000002,24.866516],[121.6965622,24.866956400000003],[121.6960327,24.867776999999993],[121.696132,24.868067199999995],[121.69624230000001,24.869067999999995],[121.6966946,24.869808599999992],[121.6970806,24.8701488],[121.69717990000001,24.8707893],[121.6975329,24.871149599999992],[121.69800720000002,24.87140979999999],[121.6988124,24.871529799999998],[121.6992426,24.871850099999993],[121.6993198,24.8721503],[121.699739,24.872400500000005],[121.69997060000001,24.8726807],[121.7010185,24.872840799999995],[121.70187889999998,24.8732511],[121.70292680000001,24.8743019],[121.70354450000002,24.874752199999993],[121.7037099,24.8751124],[121.7034673,24.8760831],[121.7034562,24.8765535],[121.7038423,24.877113899999998],[121.7038423,24.8774041],[121.70354450000002,24.8777843],[121.7044159,24.878995199999995],[121.70532039999999,24.879075199999996],[121.7054969,24.8794154],[121.70639030000001,24.879595599999995],[121.7075816,24.8799758],[121.70794560000002,24.880766299999994],[121.70765879999999,24.881256700000005]]}}]}
