contrast_id,parent_id,representative_pattern_id,name,city,centroid_lon,centroid_lat,geographic_stratum,agreement,baseline_agreement,delta,effective_k,boundary_tie_count
geometry:number_band:B1,NewTaipei:10116,NewTaipei:10116:101160:0:ff7bdc67505e9598,242,NewTaipei,121.509319152,25.009180583,NewTaipei:geo04,0.6,0.7,-0.1,10,1
geometry:number_band:B1,NewTaipei:10148,NewTaipei:10148:101480:0:466ad563122a78aa,702,NewTaipei,121.400848129,24.9739634022,NewTaipei:geo00,0,0,0,10,1
geometry:number_band:B1,NewTaipei:10149,NewTaipei:10149:101490:0:8795353df3583e42,624綠野香坡,NewTaipei,121.505240043,24.9892807947,NewTaipei:geo04,0.3,0.2,0.1,10,1
geometry:number_band:B1,NewTaipei:10151,NewTaipei:10151:101510:0:995ae95c0ef44acc,701,NewTaipei,121.447061631,25.0115495113,NewTaipei:geo02,0.1,0.1,0,10,1
geometry:number_band:B1,NewTaipei:10161,NewTaipei:10161:101610:0:4f2968b52dfcb7e7,231,NewTaipei,121.479437471,25.012536982,NewTaipei:geo04,0.5,0.5,0,10,1
geometry:number_band:B1,NewTaipei:10162,NewTaipei:10162:10162:0:37cc628cc28a412d,245,NewTaipei,121.47602604,25.0150112199,NewTaipei:geo04,0.5,0.5,0,10,1
geometry:number_band:B1,NewTaipei:10163,NewTaipei:10163:158438:0:6532562bb7767d0b,656,NewTaipei,121.474635399,25.0138304114,NewTaipei:geo04,0.3,0.2,0.1,10,1
geometry:number_band:B1,NewTaipei:10164,NewTaipei:10164:10164:1:a6865ea531d7320d,657,NewTaipei,121.463799934,24.9991092794,NewTaipei:geo04,0.3,0.2,0.1,10,1
geometry:number_band:B1,NewTaipei:10171,NewTaipei:10171:101710:0:98973ebc62b4e2a4,201,NewTaipei,121.492436456,25.0116682614,NewTaipei:geo04,0.7,0.4,0.3,10,1
geometry:number_band:B1,NewTaipei:10172,NewTaipei:10172:101720:0:e4568c6a58eb0426,243,NewTaipei,121.504757529,25.0147400033,NewTaipei:geo04,0.7,0.7,0,10,1
geometry:number_band:B1,NewTaipei:10173,NewTaipei:10173:10173:0:c37095860ef814ee,241,NewTaipei,121.511007818,25.0064751787,NewTaipei:geo04,0.7,0.6,0.1,10,1
geometry:number_band:B1,NewTaipei:10195,NewTaipei:10195:101950:0:2edae7707d881214,705,NewTaipei,121.429646389,24.9759311334,NewTaipei:geo00,0.2,0.1,0.1,10,1
geometry:number_band:B1,NewTaipei:10196,NewTaipei:10196:158514:0:97ba35e037ac79fe,706,NewTaipei,121.444008744,24.9762242579,NewTaipei:geo00,0.2,0.1,0.1,10,1
geometry:number_band:B1,NewTaipei:10325,NewTaipei:10325:158645:0:d50e277fc0e2a519,909,NewTaipei,121.526722472,24.9888506606,NewTaipei:geo04,0.5,0.4,0.1,10,1
geometry:number_band:B1,NewTaipei:10329,NewTaipei:10329:10329:0:19eb6d1ec1896e66,906,NewTaipei,121.528346012,24.9924983541,NewTaipei:geo04,0.5,0.4,0.1,10,1
geometry:number_band:B1,NewTaipei:10424,NewTaipei:10424:10424:0:3c6ba69d5785da66,520,NewTaipei,121.480812697,25.0636170989,NewTaipei:geo02,0.3,0.2,0.1,10,1
geometry:number_band:B1,NewTaipei:10453,NewTaipei:10453:158513:0:6b884c958d9a56f2,640,NewTaipei,121.474301606,25.0646461226,NewTaipei:geo02,0.3,0.1,0.2,10,1
geometry:number_band:B1,NewTaipei:10474,NewTaipei:10474:10474:0:3da456d90f518a0d,636,NewTaipei,121.464220248,25.0423837346,NewTaipei:geo02,0.6,0.4,0.2,10,1
geometry:number_band:B1,NewTaipei:10475,NewTaipei:10475:158511:0:e2bbc3b542a0944a,635,NewTaipei,121.458629341,25.0367362827,NewTaipei:geo02,0.5,0.3,0.2,10,1
geometry:number_band:B1,NewTaipei:10491,NewTaipei:10491:104910:0:50a7a3e32b5246cf,637,NewTaipei,121.454669281,25.0489042232,NewTaipei:geo02,0.2,0.3,-0.1,10,1
geometry:number_band:B1,NewTaipei:10492,NewTaipei:10492:104920:0:451a2f199685c72e,638,NewTaipei,121.466358695,25.0533308856,NewTaipei:geo02,0.3,0.2,0.1,10,1
geometry:number_band:B1,NewTaipei:10511,NewTaipei:10511:105110:0:a7cd1a1880f65d57,639,NewTaipei,121.458524382,25.0326087444,NewTaipei:geo02,0.5,0.2,0.3,10,1
geometry:number_band:B1,NewTaipei:10753,NewTaipei:10753:107530:0:896dd5157763170d,666華梵大學,NewTaipei,121.62190555,24.9934221443,NewTaipei:geo05,0.3,0.4,-0.1,10,1
geometry:number_band:B1,NewTaipei:10772,NewTaipei:10772:158435:0:1fd0289257a63bf1,249,NewTaipei,121.514890777,25.0117374304,NewTaipei:geo04,0.5,0.7,-0.2,10,1
geometry:number_band:B1,NewTaipei:10784,NewTaipei:10784:158646:0:a1be720352ca62b6,290副,NewTaipei,121.538037129,24.9893196368,NewTaipei:geo04,0.2,0.2,0,10,1
geometry:number_band:B1,NewTaipei:11244,NewTaipei:11244:158644:0:6f3b44a495988e6d,62,NewTaipei,121.495369643,25.0560890016,NewTaipei:geo02,0.3,0.2,0.1,10,1
geometry:number_band:B1,NewTaipei:15224,NewTaipei:15224:158440:0:42d382630157eddd,631,NewTaipei,121.476111811,25.1585429546,NewTaipei:geo03,0,0,0,10,1
geometry:number_band:B1,NewTaipei:15638,NewTaipei:15638:15638:0:8665fdcdfd5bb428,677,NewTaipei,121.620796246,25.0732522888,NewTaipei:geo05,0.4,0.4,0,10,1
geometry:number_band:B1,NewTaipei:15717,NewTaipei:15717:15717:0:cce8f6eb61c362e7,913,NewTaipei,121.525869513,24.9962054025,NewTaipei:geo04,0.5,0.5,0,10,1
geometry:number_band:B1,NewTaipei:16113,NewTaipei:16113:16113:0:05803dbd7ae935cd,658,NewTaipei,121.474824058,25.0321458768,NewTaipei:geo02,0.3,0.3,0,10,1
geometry:number_band:B1,NewTaipei:16123,NewTaipei:16123:158437:0:3c5e4731a4b4b30c,667,NewTaipei,121.480409834,25.017978059,NewTaipei:geo04,0.3,0.2,0.1,10,1
geometry:number_band:B1,NewTaipei:16210,NewTaipei:16210:159937:0:229eb14acc3b7bab,917,NewTaipei,121.384958055,24.9529203844,NewTaipei:geo00,0.9,0.7,0.2,10,1
geometry:number_band:B1,NewTaipei:16215,NewTaipei:16215:157210:0:d111340ad9c69495,848,NewTaipei,121.444365643,25.0027434819,NewTaipei:geo00,0.3,0.3,0,10,1
geometry:number_band:B1,NewTaipei:16223,NewTaipei:16223:157218:0:5a35c4e39f131dcb,807,NewTaipei,121.399789984,24.8825744363,NewTaipei:geo00,0.1,0.1,0,10,1
geometry:number_band:B1,NewTaipei:16224,NewTaipei:16224:157219:0:ee4d73835b4e51fc,922,NewTaipei,121.400327579,24.9523211636,NewTaipei:geo00,0.9,0.6,0.3,10,1
geometry:number_band:B1,NewTaipei:16258,NewTaipei:16258:157253:0:c90af6eec0eae095,819,NewTaipei,121.585826572,24.9944077043,NewTaipei:geo05,0.1,0.1,0,10,1
geometry:number_band:B1,NewTaipei:16269,NewTaipei:16269:157264:0:fea170968f437c8f,836,NewTaipei,121.436682601,25.1730336615,NewTaipei:geo03,0.5,0.5,0,10,1
geometry:number_band:B1,NewTaipei:16270,NewTaipei:16270:157265:0:d1e018273448e9e8,838,NewTaipei,121.446395921,25.0952242542,NewTaipei:geo01,0.3,0.4,-0.1,10,1
geometry:number_band:B1,NewTaipei:16393,NewTaipei:16393:157389:0:bc5322e9b6aff990,849,NewTaipei,121.541847701,24.9501970593,NewTaipei:geo04,0.1,0.4,-0.3,10,1
geometry:number_band:B1,NewTaipei:16406,NewTaipei:16406:157402:0:a934aeb55537bbd3,8,NewTaipei,121.519521375,24.9758824381,NewTaipei:geo04,0,0,0,10,1
geometry:number_band:B1,NewTaipei:16422,NewTaipei:16422:157418:0:7fffc97d7c15c07e,923,NewTaipei,121.629507365,24.9796330943,NewTaipei:geo05,0.1,0.2,-0.1,10,1
geometry:number_band:B1,NewTaipei:16423,NewTaipei:16423:157419:0:797029e6ff15f3a0,930,NewTaipei,121.509713254,24.9891865207,NewTaipei:geo04,0.5,0.1,0.4,10,1
geometry:number_band:B1,NewTaipei:16425,NewTaipei:16425:157421:0:9642ba40e52508c5,811,NewTaipei,121.495536268,25.0749193568,NewTaipei:geo02,0,0.1,-0.1,10,1
geometry:number_band:B1,NewTaipei:16427,NewTaipei:16427:157423:0:614597252624e502,839,NewTaipei,121.514429943,24.9556005961,NewTaipei:geo04,0.3,0.4,-0.1,10,1
geometry:number_band:B1,NewTaipei:16429,NewTaipei:16429:157425:1:05c3af4f8106018c,847,NewTaipei,121.422003109,24.9852603538,NewTaipei:geo00,0.6,0.6,0,10,1
geometry:number_band:B1,NewTaipei:16461,NewTaipei:16461:157481:0:f2013d00bdb2e426,707,NewTaipei,121.471061389,24.9876986477,NewTaipei:geo04,0.2,0,0.2,10,1
geometry:number_band:B1,NewTaipei:16462,NewTaipei:16462:157485:0:555f17115cbfb352,910,NewTaipei,121.40520887,24.9582100933,NewTaipei:geo00,0.8,0.7,0.1,10,1
geometry:number_band:B1,NewTaipei:16467,NewTaipei:16467:157490:0:813c968ae1a21d97,51,NewTaipei,121.489824208,25.0063793457,NewTaipei:geo04,0.1,0.1,0,10,1
geometry:number_band:B1,NewTaipei:16468,NewTaipei:16468:157491:0:e5cd8610040b3f4c,57,NewTaipei,121.492465657,25.0024590542,NewTaipei:geo04,0.1,0.1,0,10,1
geometry:number_band:B1,NewTaipei:16474,NewTaipei:16474:157497:0:11dc567882d77fb9,843,NewTaipei,121.430502765,25.0031162594,NewTaipei:geo00,0.3,0.4,-0.1,10,1
geometry:number_band:B1,NewTaipei:16479,NewTaipei:16479:157502:0:56cf2f0d58f20e42,802區,NewTaipei,121.439703018,25.0255584665,NewTaipei:geo02,0.5,0.6,-0.1,10,1
geometry:number_band:B1,NewTaipei:16485,NewTaipei:16485:157508:0:153403772f37552b,835,NewTaipei,121.471144471,25.0506024624,NewTaipei:geo02,0.2,0.3,-0.1,10,1
geometry:number_band:B1,NewTaipei:16497,NewTaipei:16497:157520:0:45353088cb0191ee,837,NewTaipei,121.447770861,25.1586323821,NewTaipei:geo03,0.6,0.7,-0.1,10,1
geometry:number_band:B1,NewTaipei:16499,NewTaipei:16499:157522:0:18b92cbc03184ac4,816,NewTaipei,121.489653193,25.0817582529,NewTaipei:geo02,0.2,0.2,0,10,1
geometry:number_band:B1,NewTaipei:16500,NewTaipei:16500:157523:0:2fe5c86352962881,815,NewTaipei,121.503957436,25.0860289774,NewTaipei:geo02,0.2,0.1,0.1,10,1
geometry:number_band:B1,NewTaipei:16511,NewTaipei:16511:157546:0:97dfcd6bd8d4856c,779,NewTaipei,121.449183753,24.9402142365,NewTaipei:geo00,0.1,0.1,0,10,1
geometry:number_band:B1,NewTaipei:16513,NewTaipei:16513:157548:0:4782440627b68446,885,NewTaipei,121.416207753,24.989186365,NewTaipei:geo00,0.4,0.6,-0.2,10,1
geometry:number_band:B1,NewTaipei:16515,NewTaipei:16515:157550:0:fd7e71caafc440ec,858,NewTaipei,121.407397289,25.0450674316,NewTaipei:geo02,0.3,0.1,0.2,10,1
geometry:number_band:B1,NewTaipei:16517,NewTaipei:16517:157552:0:e84cfc4450033a6a,704,NewTaipei,121.453034848,25.1152454095,NewTaipei:geo01,0.3,0,0.3,10,1
geometry:number_band:B1,NewTaipei:16518,NewTaipei:16518:157553:0:4daa3c6f4d7638b5,859,NewTaipei,121.42812373,25.0217069106,NewTaipei:geo02,0.6,0.7,-0.1,10,1
geometry:number_band:B1,NewTaipei:16521,NewTaipei:16521:159438:0:7dcd17baf028b851,704區,NewTaipei,121.436707681,25.135424386,NewTaipei:geo01,0.1,0.1,0,10,1
geometry:number_band:B1,NewTaipei:16522,NewTaipei:16522:159493:0:48ca463942be810f,881,NewTaipei,121.436324493,25.1821718297,NewTaipei:geo03,0.5,0.5,0,10,1
geometry:number_band:B1,NewTaipei:16526,NewTaipei:16526:157561:0:0952272a718d5790,869,NewTaipei,121.438255471,25.1771831051,NewTaipei:geo03,0.6,0.5,0.1,10,1
geometry:number_band:B1,NewTaipei:16527,NewTaipei:16527:161057:0:fef3e2600b43f288,878,NewTaipei,121.434351495,25.1516747267,NewTaipei:geo01,0.7,0.5,0.2,10,1
geometry:number_band:B1,NewTaipei:16528,NewTaipei:16528:157563:0:b99d4b5b15fc620e,860,NewTaipei,121.459214514,25.2202215764,NewTaipei:geo03,1,1,0,10,1
geometry:number_band:B1,NewTaipei:16529,NewTaipei:16529:157564:0:582028236e4a8166,861,NewTaipei,121.463282199,25.2235337996,NewTaipei:geo03,1,1,0,10,1
geometry:number_band:B1,NewTaipei:16530,NewTaipei:16530:157565:0:4c48fa20a757131a,865,NewTaipei,121.508754714,25.2538554121,NewTaipei:geo03,0.9,0.9,0,10,1
geometry:number_band:B1,NewTaipei:16531,NewTaipei:16531:157566:0:6edeac39989258f4,866,NewTaipei,121.495163433,25.218175467,NewTaipei:geo03,1,1,0,10,1
geometry:number_band:B1,NewTaipei:16532,NewTaipei:16532:157567:0:33241f590e4708d9,867,NewTaipei,121.500757788,25.2487063063,NewTaipei:geo03,0.9,1,-0.1,10,1
geometry:number_band:B1,NewTaipei:16535,NewTaipei:16535:157570:0:8a87af187a50f6cf,874,NewTaipei,121.462341918,25.2194294842,NewTaipei:geo03,1,1,0,10,1
geometry:number_band:B1,NewTaipei:16536,NewTaipei:16536:157571:0:977ed664178e8b3c,875,NewTaipei,121.471181634,25.185934396,NewTaipei:geo03,0.9,0.9,0,10,1
geometry:number_band:B1,NewTaipei:16538,NewTaipei:16538:157573:0:c77412f0a1a614e7,877,NewTaipei,121.506278635,25.2329585184,NewTaipei:geo03,1,1,0,10,1
geometry:number_band:B1,NewTaipei:16542,NewTaipei:16542:157577:0:adea23d54075b7e4,879,NewTaipei,121.463937498,25.2070634346,NewTaipei:geo03,1,1,0,10,1
geometry:number_band:B1,NewTaipei:16543,NewTaipei:16543:157578:0:698f23e34a5c602a,882,NewTaipei,121.464976043,25.2203369528,NewTaipei:geo03,1,1,0,10,1
geometry:number_band:B1,NewTaipei:16547,NewTaipei:16547:157582:0:1013ad8cc885ea21,808,NewTaipei,121.825866801,25.0995850308,NewTaipei:geo06,0.6,0.4,0.2,10,1
geometry:number_band:B1,NewTaipei:16548,NewTaipei:16548:157583:0:0fe922028ca67465,827,NewTaipei,121.832488656,25.1095048005,NewTaipei:geo06,0.6,0.4,0.2,10,1
geometry:number_band:B1,NewTaipei:16551,NewTaipei:16551:157586:0:5ddc9c9d0849bc5d,825,NewTaipei,121.827632851,25.1090149924,NewTaipei:geo06,0.6,0.4,0.2,10,1
geometry:number_band:B1,NewTaipei:16552,NewTaipei:16552:157587:0:0fa77084048ad9f0,856(台灣好行-黃金福隆線),NewTaipei,121.907440828,25.0780618329,NewTaipei:geo06,0.5,0.6,-0.1,10,1
geometry:number_band:B1,NewTaipei:16554,NewTaipei:16554:157589:0:568df4a9dbf1af9d,826,NewTaipei,121.843828547,25.1090614658,NewTaipei:geo06,0.6,0.5,0.1,10,1
geometry:number_band:B1,NewTaipei:16560,NewTaipei:16560:157596:0:78b83bf978980ec4,932,NewTaipei,121.410269438,24.9643360115,NewTaipei:geo00,0.8,0.6,0.2,10,1
geometry:number_band:B1,NewTaipei:16562,NewTaipei:16562:157598:0:95eea614884ed990,935,NewTaipei,121.527466324,24.9913608457,NewTaipei:geo04,0.5,0.4,0.1,10,1
geometry:number_band:B1,NewTaipei:16564,NewTaipei:16564:158931:1:404239bff2719fbf,876,NewTaipei,121.488641136,25.2070858519,NewTaipei:geo03,1,1,0,10,1
geometry:number_band:B1,NewTaipei:16565,NewTaipei:16565:159117:1:0fb437123a591e4a,886,NewTaipei,121.865609626,25.1204865978,NewTaipei:geo06,0.5,0.5,0,10,1
geometry:number_band:B1,NewTaipei:16571,NewTaipei:16571:157613:0:913b0743a3e6b4cf,797,NewTaipei,121.460423738,25.0449657173,NewTaipei:geo02,0.2,0,0.2,10,1
geometry:number_band:B1,NewTaipei:16573,NewTaipei:16573:157615:0:29b72f070ba6897d,800,NewTaipei,121.424377832,25.002967211,NewTaipei:geo00,0.9,0.6,0.3,10,1
geometry:number_band:B1,NewTaipei:16576,NewTaipei:16576:157618:0:fd604b474ecdb29f,799,NewTaipei,121.448743157,25.0235680888,NewTaipei:geo02,0,0.1,-0.1,10,1
geometry:number_band:B1,NewTaipei:16577,NewTaipei:16577:157619:0:3f094f2084767eb8,871經中山北路,NewTaipei,121.456602703,25.1981526107,NewTaipei:geo03,1,0.9,0.1,10,1
geometry:number_band:B1,NewTaipei:16578,NewTaipei:16578:157620:1:cb89cb56b131df71,872經正德國中、直行中山北路,NewTaipei,121.453492181,25.2040801885,NewTaipei:geo03,1,1,0,10,1
geometry:number_band:B1,NewTaipei:16579,NewTaipei:16579:157621:0:15e349ecfc745b38,873經正德國中,NewTaipei,121.454060785,25.2071247271,NewTaipei:geo03,1,1,0,10,1
geometry:number_band:B1,NewTaipei:16580,NewTaipei:16580:157622:0:9e5bcd641ece2dd0,891,NewTaipei,121.858109555,25.1149125402,NewTaipei:geo06,0.7,0.5,0.2,10,1
geometry:number_band:B1,NewTaipei:16581,NewTaipei:16581:157623:0:4f5f2b4c3f6c7697,275,NewTaipei,121.512539813,25.0052900794,NewTaipei:geo04,0.6,0.5,0.1,10,1
geometry:number_band:B1,NewTaipei:16583,NewTaipei:16583:157631:0:cbc53f4e0db5d28d,936,NewTaipei,121.423362066,25.070470167,NewTaipei:geo02,1,0.9,0.1,10,1
geometry:number_band:B1,NewTaipei:16584,NewTaipei:16584:157632:0:3bca2c213484c485,820,NewTaipei,121.472042011,25.0546897315,NewTaipei:geo02,0.3,0.3,0,10,1
geometry:number_band:B1,NewTaipei:16585,NewTaipei:16585:157633:0:f4bd265497f3f46e,908,NewTaipei,121.433187761,24.9669987854,NewTaipei:geo00,0.9,0.2,0.7,10,1
geometry:number_band:B1,NewTaipei:16588,NewTaipei:16588:157636:0:332f61060683a30f,264,NewTaipei,121.479753003,25.047524112,NewTaipei:geo02,0.2,0.1,0.1,10,2
geometry:number_band:B1,NewTaipei:16591,NewTaipei:16591:157639:0:aa282defe02db964,857,NewTaipei,121.460278383,25.0969503658,NewTaipei:geo01,0.3,0.1,0.2,10,1
geometry:number_band:B1,NewTaipei:16594,NewTaipei:16594:157642:0:a933252818b9cc00,801,NewTaipei,121.471580154,25.0510645745,NewTaipei:geo02,0.2,0.3,-0.1,10,1
geometry:number_band:B1,NewTaipei:16595,NewTaipei:16595:157643:0:633f6ac8f6cf39da,803,NewTaipei,121.476068126,25.0604499519,NewTaipei:geo02,0.2,0.2,0,10,1
geometry:number_band:B1,NewTaipei:16603,NewTaipei:16603:157651:0:77b094c3f87a5a60,920,NewTaipei,121.410394135,25.060293257,NewTaipei:geo02,0.8,0.6,0.2,10,1
geometry:number_band:B1,NewTaipei:16604,NewTaipei:16604:158941:0:461105e884c9ae39,925,NewTaipei,121.41749524,25.0718568327,NewTaipei:geo02,1,0.8,0.2,10,1
geometry:number_band:B1,NewTaipei:16606,NewTaipei:16606:157654:1:4e71e0819b51db9e,981,NewTaipei,121.356918308,24.9504739833,NewTaipei:geo00,0.6,0.5,0.1,10,1
geometry:number_band:B1,NewTaipei:16607,NewTaipei:16607:157655:0:1f46174f34989c37,889,NewTaipei,121.411366921,24.9735838437,NewTaipei:geo00,0.5,0.3,0.2,10,1
geometry:number_band:B1,NewTaipei:16608,NewTaipei:16608:157656:0:302b828da7456e8d,802,NewTaipei,121.418931616,24.9956262151,NewTaipei:geo00,0.5,0.6,-0.1,10,1
geometry:number_band:B1,NewTaipei:16609,NewTaipei:16609:157657:0:3256c6e8096ec896,842,NewTaipei,121.441322616,25.025407414,NewTaipei:geo02,0.5,0.6,-0.1,10,1
geometry:number_band:B1,NewTaipei:16614,NewTaipei:16614:157662:0:3d8334033737df92,930延,NewTaipei,121.513707061,24.9862536148,NewTaipei:geo04,0.5,0.3,0.2,10,1
geometry:number_band:B1,NewTaipei:16626,NewTaipei:16626:157674:0:0bd2151dd989d460,870,NewTaipei,121.440648409,25.190932605,NewTaipei:geo03,0.8,0.8,0,10,1
geometry:number_band:B1,NewTaipei:16627,NewTaipei:16627:157675:0:f9157ad805fb90db,872,NewTaipei,121.446507857,25.2036943806,NewTaipei:geo03,1,0.9,0.1,10,1
geometry:number_band:B1,NewTaipei:16628,NewTaipei:16628:157676:0:d407f67478987c11,871,NewTaipei,121.45018339,25.198271402,NewTaipei:geo03,0.9,0.9,0,10,1
geometry:number_band:B1,NewTaipei:16629,NewTaipei:16629:157677:0:1c0787656573655b,873,NewTaipei,121.446284953,25.2045523968,NewTaipei:geo03,1,0.9,0.1,10,1
geometry:number_band:B1,NewTaipei:16630,NewTaipei:16630:157678:0:e383fd8a4d876144,868,NewTaipei,121.465482505,25.1662500551,NewTaipei:geo03,0.6,0.7,-0.1,10,1
geometry:number_band:B1,NewTaipei:16633,NewTaipei:16633:157681:0:7fd0f5b8dbec38f9,919,NewTaipei,121.610346041,25.0578966084,NewTaipei:geo05,0,0.1,-0.1,10,1
geometry:number_band:B1,NewTaipei:16635,NewTaipei:16635:157696:0:531ccaacac177562,939,NewTaipei,121.475978861,24.9806055615,NewTaipei:geo04,0.7,0.4,0.3,10,1
geometry:number_band:B1,NewTaipei:16637,NewTaipei:16637:157697:0:2e97e91e9eefc753,780,NewTaipei,121.818827608,25.0203709549,NewTaipei:geo06,0.4,0.5,-0.1,10,1
geometry:number_band:B1,NewTaipei:16641,NewTaipei:16641:160828:1:4602761d9337e375,788,NewTaipei,121.80919838,25.1178179965,NewTaipei:geo06,0.3,0.3,0,10,1
geometry:number_band:B1,NewTaipei:16642,NewTaipei:16642:159633:1:0688c606159b3911,787,NewTaipei,121.751282741,25.1119974603,NewTaipei:geo06,0.8,0.7,0.1,10,1
geometry:number_band:B1,NewTaipei:16643,NewTaipei:16643:157703:0:1e1e2bb99b45e99f,782,NewTaipei,121.835743012,25.0295640803,NewTaipei:geo06,0.2,0.5,-0.3,10,1
geometry:number_band:B1,NewTaipei:16644,NewTaipei:16644:157704:0:bfe78e3607e2ae54,781,NewTaipei,121.835738124,25.0295716732,NewTaipei:geo06,0.2,0.5,-0.3,10,1
geometry:number_band:B1,NewTaipei:16651,NewTaipei:16651:157715:0:c09364d267453b3f,864,NewTaipei,121.472095998,25.1759096591,NewTaipei:geo03,0.7,0.7,0,10,1
geometry:number_band:B1,NewTaipei:16655,NewTaipei:16655:157719:0:3581a6a9aed4b192,937,NewTaipei,121.421923058,25.0709613055,NewTaipei:geo02,1,0.9,0.1,10,1
geometry:number_band:B1,NewTaipei:16656,NewTaipei:16656:157720:0:df5a9673fae9dfec,839耕莘,NewTaipei,121.520092903,24.9582394877,NewTaipei:geo04,0.2,0.4,-0.2,10,1
geometry:number_band:B1,NewTaipei:16659,NewTaipei:16659:157722:1:581f90de23ead74d,880,NewTaipei,121.436191851,25.0882205403,NewTaipei:geo01,0.5,0.2,0.3,10,1
geometry:number_band:B1,NewTaipei:16660,NewTaipei:16660:157724:0:d82e6d61eb02ec3e,883,NewTaipei,121.441953882,25.1100246336,NewTaipei:geo01,0.5,0.1,0.4,10,1
geometry:number_band:B1,NewTaipei:16662,NewTaipei:16662:157726:0:9aa389c233f1823d,948,NewTaipei,121.411286937,25.0516732038,NewTaipei:geo02,0.6,0.6,0,10,1
geometry:number_band:B1,NewTaipei:16664,NewTaipei:16664:157728:0:82ad3ebaafb51407,921,NewTaipei,121.426740225,24.9645773523,NewTaipei:geo00,0.8,0.4,0.4,10,1
geometry:number_band:B1,NewTaipei:16665,NewTaipei:16665:159314:0:1d8e96b6e917150a,851,NewTaipei,121.360395145,24.9463654993,NewTaipei:geo00,0.1,0.1,0,10,1
geometry:number_band:B1,NewTaipei:16666,NewTaipei:16666:157730:0:4043146ac86fd5d4,852,NewTaipei,121.402123519,24.9701159343,NewTaipei:geo00,0.6,0.2,0.4,10,1
geometry:number_band:B1,NewTaipei:16670,NewTaipei:16670:157734:0:500a7b1dfe52c5a9,810,NewTaipei,121.443695263,25.0159988195,NewTaipei:geo02,0.5,0.5,0,10,1
geometry:number_band:B1,NewTaipei:16672,NewTaipei:16672:157736:0:b988d57e2e4a031e,938,NewTaipei,121.468105042,25.0571124404,NewTaipei:geo02,0,0.2,-0.2,10,1
geometry:number_band:B1,NewTaipei:16675,NewTaipei:16675:157739:0:2f3ace3bca9b6089,863,NewTaipei,121.537569345,25.2509921439,NewTaipei:geo03,0.9,0.9,0,10,1
geometry:number_band:B1,NewTaipei:16681,NewTaipei:16681:159635:1:029e2622b2640953,787經瑞芳工業區,NewTaipei,121.753318127,25.1111714214,NewTaipei:geo06,0.8,0.7,0.1,10,1
geometry:number_band:B1,NewTaipei:16682,NewTaipei:16682:157746:0:ea327882749676b4,791,NewTaipei,121.848205043,25.1075315573,NewTaipei:geo06,0.5,0.2,0.3,10,1
geometry:number_band:B1,NewTaipei:16685,NewTaipei:16685:157770:0:365180b7a6627e3e,657延,NewTaipei,121.465739441,25.0060269204,NewTaipei:geo04,0.4,0.2,0.2,10,1
geometry:number_band:B1,NewTaipei:16688,NewTaipei:16688:157773:0:4213cf3a365c4c86,983,NewTaipei,121.45428659,25.1608290638,NewTaipei:geo03,0.1,0,0.1,10,1
geometry:number_band:B1,NewTaipei:16689,NewTaipei:16689:157774:0:d2c0d988b567a316,793,NewTaipei,121.499067287,24.998634814,NewTaipei:geo04,0.1,0,0.1,10,1
geometry:number_band:B1,NewTaipei:16691,NewTaipei:16691:157776:0:efa6cfba4fdaee10,796,NewTaipei,121.539609429,24.9900168943,NewTaipei:geo04,0.1,0,0.1,10,1
geometry:number_band:B1,NewTaipei:16692,NewTaipei:16692:157777:0:7723b2af621f5e9a,783,NewTaipei,121.456629059,25.0552336009,NewTaipei:geo02,0.1,0,0.1,10,1
geometry:number_band:B1,NewTaipei:16693,NewTaipei:16693:157778:0:dda030d7227d4164,785,NewTaipei,121.466973839,25.0893111643,NewTaipei:geo02,0.1,0,0.1,10,1
geometry:number_band:B1,NewTaipei:16694,NewTaipei:16694:157779:0:77931a3aa5c2278b,786,NewTaipei,121.414616362,25.0546808986,NewTaipei:geo02,0.1,0.1,0,10,1
geometry:number_band:B1,NewTaipei:16695,NewTaipei:16695:157780:0:216260aa3f91dc55,821,NewTaipei,121.47245182,25.1743117263,NewTaipei:geo03,0.7,0.7,0,10,1
geometry:number_band:B1,NewTaipei:16697,NewTaipei:16697:160487:1:5d055b5a767a824d,847區,NewTaipei,121.432873511,24.9802998381,NewTaipei:geo00,0.4,0.2,0.2,10,1
geometry:number_band:B1,NewTaipei:16710,NewTaipei:16710:157802:0:5e2a3798186b6bc4,867區,NewTaipei,121.483194475,25.2415939878,NewTaipei:geo03,1,1,0,10,1
geometry:number_band:B1,NewTaipei:16717,NewTaipei:16717:157814:0:740254164781cf25,895,NewTaipei,121.513406775,24.9977117753,NewTaipei:geo04,0.1,0,0.1,10,1
geometry:number_band:B1,NewTaipei:16719,NewTaipei:16719:157817:0:15c522bc9be02c02,795往木柵(台灣好行-木柵平溪線),NewTaipei,121.670188072,25.0126395066,NewTaipei:geo05,0.2,0.2,0,10,1
geometry:number_band:B1,NewTaipei:16726,NewTaipei:16726:159535:0:c70323a8b9423db0,941,NewTaipei,121.460425528,24.9673209454,NewTaipei:geo00,0.8,0.3,0.5,10,1
geometry:number_band:B1,NewTaipei:16728,NewTaipei:16728:157830:0:2bd5b6cfc09a2729,940,NewTaipei,121.406718943,24.9565513932,NewTaipei:geo00,0.8,0.7,0.1,10,1
geometry:number_band:B1,NewTaipei:16730,NewTaipei:16730:157832:0:d188877f20221c67,822,NewTaipei,121.409177428,25.0856120407,NewTaipei:geo01,0.3,0.1,0.2,10,1
geometry:number_band:B1,NewTaipei:16731,NewTaipei:16731:157836:0:d7ebe14cadb593a4,817,NewTaipei,121.627669469,25.0619166309,NewTaipei:geo05,0.2,0.2,0,10,1
geometry:number_band:B1,NewTaipei:16733,NewTaipei:16733:157838:0:c28e6655bf0d1c6d,890,NewTaipei,121.649148121,25.0817660166,NewTaipei:geo05,0.2,0.1,0.1,10,1
geometry:number_band:B1,NewTaipei:16734,NewTaipei:16734:157839:0:4e0656b89ca7b7ef,846,NewTaipei,121.787404452,25.0757928054,NewTaipei:geo06,0.4,0.3,0.1,10,1
geometry:number_band:B1,NewTaipei:16739,NewTaipei:16739:157844:0:a1fcefec2b339e59,789,NewTaipei,121.698656447,25.1525327062,NewTaipei:geo05,0.7,0.7,0,10,1
geometry:number_band:B1,NewTaipei:16740,NewTaipei:16740:157845:0:e2a89f06ccbd79b6,790,NewTaipei,121.684767663,25.1782213332,NewTaipei:geo05,0.7,0.6,0.1,10,1
geometry:number_band:B1,NewTaipei:16757,NewTaipei:16757:157872:0:5d19dd42a9fcf331,795往十分寮(台灣好行-木柵平溪線),NewTaipei,121.670127315,25.012665419,NewTaipei:geo05,0.2,0.2,0,10,1
geometry:number_band:B1,NewTaipei:16758,NewTaipei:16758:157873:0:b51eda0e8993fecb,795往平溪(台灣好行-木柵平溪線),NewTaipei,121.647288561,25.0076841671,NewTaipei:geo05,0.2,0.2,0,10,1
geometry:number_band:B1,NewTaipei:16759,NewTaipei:16759:157876:0:2525ece79a50541a,943,NewTaipei,121.484409634,24.9874171591,NewTaipei:geo04,0.7,0.3,0.4,10,1
geometry:number_band:B1,NewTaipei:16767,NewTaipei:16767:157894:0:869e1d6432a9cfbf,594,NewTaipei,121.448883246,25.1729575873,NewTaipei:geo03,0.2,0.2,0,10,1
geometry:number_band:B1,NewTaipei:16768,NewTaipei:16768:158972:1:5a10b9afb1586c74,595,NewTaipei,121.438509421,25.1878272812,NewTaipei:geo03,0.2,0.2,0,10,1
geometry:number_band:B1,NewTaipei:16772,NewTaipei:16772:157899:0:e012b5d340d834f8,593,NewTaipei,121.430417758,25.17768516,NewTaipei:geo03,0.1,0.2,-0.1,10,1
geometry:number_band:B1,NewTaipei:16845,NewTaipei:16845:157972:0:7f5b80fe17652518,578,NewTaipei,121.464963297,25.0573091476,NewTaipei:geo02,0.4,0.3,0.1,10,1
geometry:number_band:B1,NewTaipei:16847,NewTaipei:16847:157974:0:1b12b26b395a06ec,579,NewTaipei,121.460455575,25.0557538238,NewTaipei:geo02,0.3,0.2,0.1,10,1
geometry:number_band:B1,NewTaipei:16849,NewTaipei:16849:157976:0:e8ee3a3bf2504e79,580,NewTaipei,121.447197138,25.0999274441,NewTaipei:geo01,0.2,0.2,0,10,1
geometry:number_band:B1,NewTaipei:16851,NewTaipei:16851:157978:1:634b558eec492a94,581,NewTaipei,121.443200114,25.0904816828,NewTaipei:geo01,0.2,0.2,0,10,1
geometry:number_band:B1,NewTaipei:16855,NewTaipei:16855:157982:0:7a493045e71d8106,582,NewTaipei,121.469690967,25.0608654501,NewTaipei:geo02,0.5,0.3,0.2,10,1
geometry:number_band:B1,NewTaipei:16897,NewTaipei:16897:158024:0:f257f012e606908a,570,NewTaipei,121.454505947,24.968398934,NewTaipei:geo00,0.5,0.4,0.1,10,1
geometry:number_band:B1,NewTaipei:16898,NewTaipei:16898:158025:0:719323739f0f0e1d,571,NewTaipei,121.429205253,24.9536993421,NewTaipei:geo00,0.5,0.1,0.4,10,1
geometry:number_band:B1,NewTaipei:16899,NewTaipei:16899:158026:0:6aaca3c066ba9bf6,572,NewTaipei,121.452643608,24.9753422831,NewTaipei:geo00,0.5,0.4,0.1,10,1
geometry:number_band:B1,NewTaipei:16900,NewTaipei:16900:158027:0:75bdb578e34981ab,573,NewTaipei,121.446007064,24.9765741505,NewTaipei:geo00,0.5,0.4,0.1,10,1
geometry:number_band:B1,NewTaipei:16901,NewTaipei:16901:158028:0:3915abd476786d38,574,NewTaipei,121.444719283,24.9755170155,NewTaipei:geo00,0.5,0.4,0.1,10,1
geometry:number_band:B1,NewTaipei:16902,NewTaipei:16902:158029:0:fd6c9a4073ed6ef5,575,NewTaipei,121.443900989,24.9586632177,NewTaipei:geo00,0.6,0.5,0.1,10,1
geometry:number_band:B1,NewTaipei:16930,NewTaipei:16930:159897:0:2f42933f6e9c75bb,592,NewTaipei,121.548524128,24.974132451,NewTaipei:geo04,0.1,0.1,0,10,1
geometry:number_band:B1,NewTaipei:16997,NewTaipei:16997:159015:0:1b103e7f3feb4394,586,NewTaipei,121.665695968,25.0732497868,NewTaipei:geo05,0.2,0.3,-0.1,10,1
geometry:number_band:B1,NewTaipei:17001,NewTaipei:17001:158128:1:b228eec7aea34a38,587,NewTaipei,121.647765317,25.0859092814,NewTaipei:geo05,0.2,0.3,-0.1,10,1
geometry:number_band:B1,NewTaipei:17009,NewTaipei:17009:158136:0:2b69506f1f31ff77,589,NewTaipei,121.661422836,25.0667461582,NewTaipei:geo05,0.1,0.3,-0.2,10,1
geometry:number_band:B1,NewTaipei:17015,NewTaipei:17015:158142:0:950277e9ef250b03,677副,NewTaipei,121.62018952,25.0736802056,NewTaipei:geo05,0.4,0.4,0,10,1
geometry:number_band:B1,NewTaipei:17016,NewTaipei:17016:158143:0:2d12308191578cb5,590,NewTaipei,121.626403803,25.0691714422,NewTaipei:geo05,0.1,0.1,0,10,1
geometry:number_band:B1,NewTaipei:17017,NewTaipei:17017:158144:0:25141757b272793c,591,NewTaipei,121.618720782,25.0653678369,NewTaipei:geo05,0.1,0.1,0,10,1
geometry:number_band:B1,NewTaipei:17292,NewTaipei:17292:158421:0:13623d0f7a12e819,945,NewTaipei,121.437290996,25.0699762698,NewTaipei:geo02,1,0.8,0.2,10,1
geometry:number_band:B1,NewTaipei:17293,NewTaipei:17293:158422:0:57f592d41cdefa17,946,NewTaipei,121.446121472,25.0717041041,NewTaipei:geo02,1,0.7,0.3,10,1
geometry:number_band:B1,NewTaipei:17294,NewTaipei:17294:158423:0:9f9e65c77e1cc770,946副,NewTaipei,121.449289646,25.0712229105,NewTaipei:geo02,1,0.7,0.3,10,1
geometry:number_band:B1,NewTaipei:17300,NewTaipei:17300:158429:0:4be629c1cce8e07a,624,NewTaipei,121.50952758,24.99397615,NewTaipei:geo04,0.3,0.1,0.2,10,1
geometry:number_band:B1,NewTaipei:17304,NewTaipei:17304:158433:0:c9c01b53c9aaae44,985萬大樹林先導公車,NewTaipei,121.447778895,25.0027873695,NewTaipei:geo00,0,0,0,10,1
geometry:number_band:B1,NewTaipei:17479,NewTaipei:17479:158635:0:4791b6d7f3b48fb7,290副萬和,NewTaipei,121.53767515,24.9914095889,NewTaipei:geo04,0.3,0.2,0.1,10,1
geometry:number_band:B1,NewTaipei:17482,NewTaipei:17482:158638:0:fef3ca232c133507,666皇帝殿,NewTaipei,121.60525221,24.9981386148,NewTaipei:geo05,0.4,0.4,0,10,1
geometry:number_band:B1,NewTaipei:17483,NewTaipei:17483:158639:0:84e1c285e5b04f89,666烏塗窟,NewTaipei,121.605885873,24.9974792743,NewTaipei:geo05,0.4,0.4,0,10,1
geometry:number_band:B1,NewTaipei:17500,NewTaipei:17500:158663:0:f4890e1d3a72d885,790漁港,NewTaipei,121.685816601,25.1788161008,NewTaipei:geo05,0.7,0.7,0,10,1
geometry:number_band:B1,NewTaipei:17501,NewTaipei:17501:158664:0:5707de8c2e4de411,788海科館,NewTaipei,121.797523075,25.1231782636,NewTaipei:geo06,0.4,0.4,0,10,1
geometry:number_band:B1,NewTaipei:17513,NewTaipei:17513:158679:0:de9cc03e7cbd8d6b,583,NewTaipei,121.452023847,25.1013784588,NewTaipei:geo01,0.5,0.2,0.3,10,1
geometry:number_band:B1,NewTaipei:17515,NewTaipei:17515:158683:0:9ddb1089494cc688,778,NewTaipei,121.377750879,24.919548904,NewTaipei:geo00,0.1,0.1,0,10,1
geometry:number_band:B1,NewTaipei:17517,NewTaipei:17517:158685:0:428f2c2a8856e970,99,NewTaipei,121.451169404,25.0268788894,NewTaipei:geo02,0,0,0,10,1
geometry:number_band:B1,NewTaipei:17518,NewTaipei:17518:158686:0:38d0a14694f1227b,845,NewTaipei,121.4434211,25.0305058444,NewTaipei:geo02,0.4,0.5,-0.1,10,1
geometry:number_band:B1,NewTaipei:17519,NewTaipei:17519:158687:0:77c366a5f25d1e57,916,NewTaipei,121.392988492,24.949307608,NewTaipei:geo00,0.9,0.6,0.3,10,1
geometry:number_band:B1,NewTaipei:17523,NewTaipei:17523:158691:0:4aa538b1f234a280,806,NewTaipei,121.469372681,25.0415597484,NewTaipei:geo02,0.3,0.2,0.1,10,1
geometry:number_band:B1,NewTaipei:17524,NewTaipei:17524:158692:0:2652ea16c1235b68,805,NewTaipei,121.448015445,25.0318353319,NewTaipei:geo02,0.4,0.5,-0.1,10,1
geometry:number_band:B1,NewTaipei:17525,NewTaipei:17525:158693:0:18ceac0bf4365c89,823,NewTaipei,121.634067939,25.056020152,NewTaipei:geo05,0.2,0.2,0,10,1
geometry:number_band:B1,NewTaipei:17526,NewTaipei:17526:159276:0:0f5f9d8b02bb906e,813,NewTaipei,121.455379454,25.0301398653,NewTaipei:geo02,0.3,0.4,-0.1,10,1
geometry:number_band:B1,NewTaipei:17527,NewTaipei:17527:158695:0:33a099285d0a55a6,813區,NewTaipei,121.46023159,25.0240642073,NewTaipei:geo02,0.3,0.3,0,10,1
geometry:number_band:B1,NewTaipei:17528,NewTaipei:17528:158696:0:6f4f6850f3b5d35c,862,NewTaipei,121.592766751,25.2224443351,NewTaipei:geo05,0.7,0.5,0.2,10,1
geometry:number_band:B1,NewTaipei:17530,NewTaipei:17530:159900:1:7938113a526a07c5,716(台灣好行-皇冠北海岸線),NewTaipei,121.553023644,25.2457848293,NewTaipei:geo03,0,0,0,10,1
geometry:number_band:B1,NewTaipei:17532,NewTaipei:17532:159687:0:fb73d03c50f84294,918,NewTaipei,121.484667673,25.0160262057,NewTaipei:geo04,0.7,0.2,0.5,10,1
geometry:number_band:B1,NewTaipei:17534,NewTaipei:17534:158702:0:f15f99db774971a1,933,NewTaipei,121.507345555,25.0159544241,NewTaipei:geo04,0.5,0,0.5,10,1
geometry:number_band:B1,NewTaipei:17536,NewTaipei:17536:158704:0:0bc278af6296b2a9,927,NewTaipei,121.436740469,25.1131505515,NewTaipei:geo01,0.4,0.5,-0.1,10,1
geometry:number_band:B1,NewTaipei:17537,NewTaipei:17537:158705:0:8730d86237e92815,928,NewTaipei,121.432913084,25.1197925355,NewTaipei:geo01,0.4,0.5,-0.1,10,1
geometry:number_band:B1,NewTaipei:17545,NewTaipei:17545:158713:0:8220e01eda29e4ee,927經台北港,NewTaipei,121.432780862,25.1163947057,NewTaipei:geo01,0.4,0.5,-0.1,10,1
geometry:number_band:B1,NewTaipei:17548,NewTaipei:17548:158717:0:34a215b6bafd738d,951,NewTaipei,121.593591315,25.0151719325,NewTaipei:geo05,0.2,0.3,-0.1,10,1
geometry:number_band:B1,NewTaipei:17557,NewTaipei:17557:158727:0:e7ef2024d9080e9d,897,NewTaipei,121.50099021,24.9919996448,NewTaipei:geo04,0.1,0.1,0,10,1
geometry:number_band:B1,NewTaipei:17570,NewTaipei:17570:158740:0:8054f2bac7235b4a,947,NewTaipei,121.453961209,25.1124589089,NewTaipei:geo01,0.3,0.3,0,10,1
geometry:number_band:B1,NewTaipei:17575,NewTaipei:17575:158745:0:b90bb8cd359ddff5,953,NewTaipei,121.644665191,25.1186712793,NewTaipei:geo05,0.3,0.2,0.1,10,1
geometry:number_band:B1,NewTaipei:17576,NewTaipei:17576:158746:0:cd9a5ed27fc4ca4b,952,NewTaipei,121.379882985,25.0497754399,NewTaipei:geo02,0.6,0.4,0.2,10,1
geometry:number_band:B1,NewTaipei:17621,NewTaipei:17621:158793:0:f15950be37be2303,853跳蛙,NewTaipei,121.461319891,25.2171127499,NewTaipei:geo03,1,1,0,10,1
geometry:number_band:B1,NewTaipei:17625,NewTaipei:17625:158801:0:00c75f3a5d23efb6,898,NewTaipei,121.402261289,25.0556841563,NewTaipei:geo02,0.3,0.1,0.2,10,1
geometry:number_band:B1,NewTaipei:17668,NewTaipei:17668:158844:0:9a33b43fe3a4c372,982,NewTaipei,121.48064921,25.0212012015,NewTaipei:geo04,0.7,0.1,0.6,10,1
geometry:number_band:B1,NewTaipei:17672,NewTaipei:17672:158850:0:c7265d377259e73b,577,NewTaipei,121.465382228,25.0038267585,NewTaipei:geo04,0.2,0.1,0.1,10,1
geometry:number_band:B1,NewTaipei:17679,NewTaipei:17679:158858:0:432e4e5132cf539f,982區,NewTaipei,121.457319736,25.0508939301,NewTaipei:geo02,0.6,0.3,0.3,10,1
geometry:number_band:B1,NewTaipei:17680,NewTaipei:17680:158859:0:f2363858c44c4db6,982直達,NewTaipei,121.487918922,25.0125675282,NewTaipei:geo04,0.6,0.2,0.4,10,1
geometry:number_band:B1,NewTaipei:17682,NewTaipei:17682:158861:1:44f017557a30ecdd,596,NewTaipei,121.440867471,24.9962847832,NewTaipei:geo00,0.1,0.1,0,10,1
geometry:number_band:B1,NewTaipei:17683,NewTaipei:17683:158862:0:06db35b677373666,585,NewTaipei,121.449201762,25.002797034,NewTaipei:geo00,0.2,0.2,0,10,1
geometry:number_band:B1,NewTaipei:17687,NewTaipei:17687:158865:0:ae32325f06bbefd8,982直達新埔線,NewTaipei,121.458101404,25.0445104031,NewTaipei:geo02,0.4,0.3,0.1,10,1
geometry:number_band:B1,NewTaipei:17692,NewTaipei:17692:158874:0:e342ebda014ef410,791繞貢寮,NewTaipei,121.853446873,25.0992200091,NewTaipei:geo06,0.5,0.2,0.3,10,1
geometry:number_band:B1,NewTaipei:17696,NewTaipei:17696:158879:0:eb2eed50a34f393e,849屈尺社區,NewTaipei,121.541905427,24.9496959806,NewTaipei:geo04,0.1,0.4,-0.3,10,1
geometry:number_band:B1,NewTaipei:17706,NewTaipei:17706:158889:0:721b4bdd8be1937b,897區,NewTaipei,121.513934988,24.9774744564,NewTaipei:geo04,0.4,0.1,0.3,10,1
geometry:number_band:B1,NewTaipei:17717,NewTaipei:17717:158900:0:a558560032960c4a,932繞國家教育研究院,NewTaipei,121.409564959,24.963785278,NewTaipei:geo00,0.7,0.6,0.1,10,1
geometry:number_band:B1,NewTaipei:17718,NewTaipei:17718:158901:0:078a76699f0b23be,791經貢寮區衛生,NewTaipei,121.84742755,25.1077501972,NewTaipei:geo06,0.5,0.2,0.3,10,1
geometry:number_band:B1,NewTaipei:17719,NewTaipei:17719:158902:0:7204b4af80012f21,786區,NewTaipei,121.407183385,25.0632097747,NewTaipei:geo02,0.1,0.1,0,10,1
geometry:number_band:B1,NewTaipei:17720,NewTaipei:17720:158908:0:a1a8bbbbfc4c88f7,939跳蛙,NewTaipei,121.483503828,24.9835462249,NewTaipei:geo04,0.7,0.3,0.4,10,1
geometry:number_band:B1,NewTaipei:17775,NewTaipei:17775:159119:0:2ea87fc2055285f0,908延,NewTaipei,121.426923028,24.962989611,NewTaipei:geo00,0.9,0.5,0.4,10,1
geometry:number_band:B1,NewTaipei:17789,NewTaipei:17789:159134:0:50c89798391f3220,960,NewTaipei,121.448018047,25.0455266836,NewTaipei:geo02,0.4,0.3,0.1,10,1
geometry:number_band:B1,NewTaipei:17790,NewTaipei:17790:159135:0:71f1be375705d87e,958,NewTaipei,121.464748145,25.061759139,NewTaipei:geo02,0.4,0.4,0,10,1
geometry:number_band:B1,NewTaipei:17791,NewTaipei:17791:159136:0:98fc4a7862b1880a,959,NewTaipei,121.4622868,25.0582734365,NewTaipei:geo02,0.4,0.4,0,10,1
geometry:number_band:B1,NewTaipei:17802,NewTaipei:17802:159147:0:6d9795d0c497560a,854,NewTaipei,121.369619743,25.0692134112,NewTaipei:geo01,0.3,0.3,0,10,1
geometry:number_band:B1,NewTaipei:17806,NewTaipei:17806:159151:0:4c292ec1cde25656,899,NewTaipei,121.444793062,25.0779611336,NewTaipei:geo02,0.1,0.1,0,10,1
geometry:number_band:B1,NewTaipei:17824,NewTaipei:17824:159184:0:1cddea3f69e2dd41,886區,NewTaipei,121.83623154,25.120989318,NewTaipei:geo06,0.6,0.5,0.1,10,1
geometry:number_band:B1,NewTaipei:17838,NewTaipei:17838:159212:0:8fbb0f95701772f8,894,NewTaipei,121.436645446,25.1857955434,NewTaipei:geo03,0.7,0.6,0.1,10,1
geometry:number_band:B1,NewTaipei:17845,NewTaipei:17845:159218:0:ef1219db1e169af9,953區,NewTaipei,121.647778937,25.1220018383,NewTaipei:geo05,0.3,0.2,0.1,10,1
geometry:number_band:B1,NewTaipei:17865,NewTaipei:17865:159263:1:54735fb24ebbe4ab,789區,NewTaipei,121.702565756,25.1536019861,NewTaipei:geo05,0.7,0.7,0,10,1
geometry:number_band:B1,NewTaipei:17868,NewTaipei:17868:159290:0:fe07f4ac065d4938,638副,NewTaipei,121.431670738,25.0658611709,NewTaipei:geo02,0.2,0,0.2,10,1
geometry:number_band:B1,NewTaipei:17889,NewTaipei:17889:159341:0:33c1b1eee2bbaa32,824,NewTaipei,121.451932947,25.0044143483,NewTaipei:geo00,0.3,0.2,0.1,10,1
geometry:number_band:B1,NewTaipei:17916,NewTaipei:17916:159393:0:06b5e43df843dd27,963,NewTaipei,121.445035872,25.102001407,NewTaipei:geo01,0.5,0.3,0.2,10,1
geometry:number_band:B1,NewTaipei:17923,NewTaipei:17923:158016:1:ebee1259e791eab1,819副,NewTaipei,121.594012162,24.9961282742,NewTaipei:geo05,0.1,0.1,0,10,1
geometry:number_band:B1,NewTaipei:17937,NewTaipei:17937:159432:0:467d70062fae2ea6,965(台灣好行-九份金瓜石線),NewTaipei,121.658843087,25.0750754329,NewTaipei:geo05,0.1,0,0.1,10,1
geometry:number_band:B1,NewTaipei:17942,NewTaipei:17942:159439:0:48c01d2309cef4bc,939副,NewTaipei,121.466666899,24.9795434621,NewTaipei:geo04,0.7,0.4,0.3,10,1
geometry:number_band:B1,NewTaipei:17945,NewTaipei:17945:159443:0:6307a0eb98d82464,712,NewTaipei,121.425571347,25.0029182685,NewTaipei:geo00,0.2,0.1,0.1,10,1
geometry:number_band:B1,NewTaipei:17971,NewTaipei:17971:159548:0:7d578c3c3630ff74,837副,NewTaipei,121.458724616,25.1442745661,NewTaipei:geo01,0.6,0.4,0.2,10,1
geometry:number_band:B1,NewTaipei:17972,NewTaipei:17972:159549:0:ed7c15a2ffd566b9,837區,NewTaipei,121.458129728,25.1525417297,NewTaipei:geo03,0.6,0.5,0.1,10,1
geometry:number_band:B1,NewTaipei:18041,NewTaipei:18041:159674:0:d59aaee02226ad96,576,NewTaipei,121.530374312,24.9721699987,NewTaipei:geo04,0.1,0.1,0,10,1
geometry:number_band:B1,NewTaipei:18098,NewTaipei:18098:159757:0:7682f1ed0d09c3d0,788區,NewTaipei,121.775896287,25.1252762545,NewTaipei:geo06,0.6,0.5,0.1,10,1
geometry:number_band:B1,NewTaipei:18118,NewTaipei:18118:159877:0:76a9c343581e717e,966,NewTaipei,121.429401253,25.0700420623,NewTaipei:geo02,1,0.9,0.1,10,1
geometry:number_band:B1,NewTaipei:18119,NewTaipei:18119:159907:0:66bb3c7105530e9c,967,NewTaipei,121.445808322,25.0633060093,NewTaipei:geo02,1,0.7,0.3,10,1
geometry:number_band:B1,NewTaipei:18128,NewTaipei:18128:159910:0:4a04f05f7fe19a45,967直,NewTaipei,121.455853704,25.0615496729,NewTaipei:geo02,1,0.6,0.4,10,1
geometry:number_band:B1,NewTaipei:18148,NewTaipei:18148:159977:0:e46ac079f97cb4e8,582經工業區,NewTaipei,121.468858296,25.0619260144,NewTaipei:geo02,0.5,0.3,0.2,10,1
geometry:number_band:B1,NewTaipei:18158,NewTaipei:18158:160007:0:7b331862eee2ca23,115平日,NewTaipei,121.420694921,25.1700439003,NewTaipei:geo03,0.1,0.1,0,10,1
geometry:number_band:B1,NewTaipei:18258,NewTaipei:18258:160167:0:5b12ceedce4510b4,712副,NewTaipei,121.427551108,24.9989944496,NewTaipei:geo00,0.2,0.1,0.1,10,1
geometry:number_band:B1,NewTaipei:18318,NewTaipei:18318:160228:0:b3968d699494f011,918區,NewTaipei,121.45033506,25.0437513823,NewTaipei:geo02,0.6,0.3,0.3,10,1
geometry:number_band:B1,NewTaipei:18558,NewTaipei:18558:160527:0:2d4a5d8b9fab57e8,878區,NewTaipei,121.428699311,25.1445965576,NewTaipei:geo01,0.4,0.4,0,10,1
geometry:number_band:B1,NewTaipei:18728,NewTaipei:18728:160787:0:402ba7bc31098adf,937副,NewTaipei,121.442276949,25.0686915273,NewTaipei:geo02,1,0.8,0.2,10,1
geometry:number_band:B1,NewTaipei:18729,NewTaipei:18729:160788:0:8bbfcf78dfc4b97e,920副,NewTaipei,121.427606043,25.0524851039,NewTaipei:geo02,0.7,0.8,-0.1,10,1
geometry:number_band:B1,NewTaipei:18730,NewTaipei:18730:160789:0:ce83b8049b5ab724,966副,NewTaipei,121.44827895,25.0686328687,NewTaipei:geo02,1,0.7,0.3,10,1
geometry:number_band:B1,NewTaipei:18731,NewTaipei:18731:160793:0:96b5d1e3912f7b08,967副,NewTaipei,121.468292797,25.0663813529,NewTaipei:geo02,1,0.3,0.7,10,1
geometry:number_band:B1,NewTaipei:18738,NewTaipei:18738:160797:0:54c18b4a66dd963d,760,NewTaipei,121.361709789,25.0738910966,NewTaipei:geo01,0.2,0.1,0.1,10,1
geometry:number_band:B1,NewTaipei:18758,NewTaipei:18758:160837:0:317f69520332f63d,936A,NewTaipei,121.426046913,25.0710083034,NewTaipei:geo02,1,0.9,0.1,10,1
geometry:number_band:B1,NewTaipei:18760,NewTaipei:18760:160839:0:56dd2439f8bf8df4,966A,NewTaipei,121.431564742,25.0707547142,NewTaipei:geo02,1,0.9,0.1,10,1
geometry:number_band:B1,NewTaipei:18762,NewTaipei:18762:160841:0:06fd8a4f89cbf2f5,937A,NewTaipei,121.426102042,25.0714671215,NewTaipei:geo02,1,0.9,0.1,10,1
geometry:number_band:B1,NewTaipei:18764,NewTaipei:18764:160843:0:f16a8df5de6c2176,920A,NewTaipei,121.413772607,25.0591256665,NewTaipei:geo02,0.8,0.6,0.2,10,1
geometry:number_band:B1,NewTaipei:19048,NewTaipei:19048:161347:0:ae3e91599658f915,597,NewTaipei,121.463909959,25.0669654355,NewTaipei:geo02,0.5,0.3,0.2,10,1
geometry:number_band:B1,NewTaipei:19208,NewTaipei:19208:161547:0:52d3f0f213637571,791區,NewTaipei,121.776025159,25.1313196059,NewTaipei:geo06,0.7,0.5,0.2,10,1
geometry:number_band:B1,NewTaipei:19228,NewTaipei:19228:161587:0:89b93829204e9431,731,NewTaipei,121.350117139,24.9508540894,NewTaipei:geo00,0.2,0.2,0,10,1
geometry:number_band:B1,NewTaipei:19741,NewTaipei:19741:162446:0:da3b541807f065b0,629區,NewTaipei,121.655705183,25.068147997,NewTaipei:geo05,0.3,0.1,0.2,10,1
geometry:number_band:B1,NewTaipei:19747,NewTaipei:19747:162455:0:40a81dbee223496c,177瑞芳觀光公車,NewTaipei,121.829970789,25.1194439089,NewTaipei:geo06,0.1,0.1,0,10,1
geometry:number_band:B1,NewTaipei:19748,NewTaipei:19748:162457:0:e3e5aeec79112c69,179,NewTaipei,121.835786767,25.1092181055,NewTaipei:geo06,0.1,0.1,0,10,1
geometry:number_band:B1,NewTaipei:19760,NewTaipei:19760:162483:0:83cc4253a759a064,640A,NewTaipei,121.469171272,25.0689154287,NewTaipei:geo02,0.3,0.1,0.2,10,1
geometry:number_band:B1,NewTaipei:19781,NewTaipei:19781:162558:0:8d27e451ffdaa616,989,NewTaipei,121.333152014,25.1330430516,NewTaipei:geo01,0.1,0.4,-0.3,10,1
geometry:number_band:B1,NewTaipei:19782,NewTaipei:19782:162560:0:a8c167835fcde402,990,NewTaipei,121.328126424,25.1271908515,NewTaipei:geo01,0.1,0.4,-0.3,10,1
geometry:number_band:B1,NewTaipei:19783,NewTaipei:19783:162587:1:d67181ca138d2558,988,NewTaipei,121.438952378,25.1131695323,NewTaipei:geo01,0.5,0.5,0,10,1
geometry:number_band:B1,NewTaipei:19784,NewTaipei:19784:162562:0:cca31897f7014ad8,115,NewTaipei,121.421274762,25.1705787061,NewTaipei:geo03,0.1,0.1,0,10,1
geometry:number_band:B1,NewTaipei:5413,NewTaipei:5413:158443:0:8b6da1fc1a004b4e,896,NewTaipei,121.631801359,25.0750666659,NewTaipei:geo05,0.2,0.2,0,10,1
geometry:number_band:B1,NewTaipei:5415,NewTaipei:5415:5415:0:8307e7c866825135,629,NewTaipei,121.632420185,25.0639396395,NewTaipei:geo05,0.3,0.4,-0.1,10,1
geometry:number_band:B1,NewTaipei:5416,NewTaipei:5416:5416:0:775cbee8c0942a7f,678,NewTaipei,121.626400309,25.0584041995,NewTaipei:geo05,0.5,0.4,0.1,10,1
geometry:number_band:B1,Taipei:10132,Taipei:10132:101320:0:24e17ca5b10c60be,234,Taipei,121.468965115,25.0139568873,Taipei:geo00,0.5,0.5,0,10,1
geometry:number_band:B1,Taipei:10181,Taipei:10181:101810:0:d58b4473612674b4,205,Taipei,121.558865766,25.0445582455,Taipei:geo04,0.6,0.4,0.2,10,1
geometry:number_band:B1,Taipei:10221,Taipei:10221:102210:0:d35ada72b6c3c3e4,618,Taipei,121.471099301,25.0508655995,Taipei:geo00,0.4,0.3,0.1,10,1
geometry:number_band:B1,Taipei:10262,Taipei:10262:102620:0:2a66819b15e37157,2,Taipei,121.502890332,25.0801243263,Taipei:geo01,0.2,0,0.2,10,1
geometry:number_band:B1,Taipei:10263,Taipei:10263:102630:0:d05146402a55bf9b,536,Taipei,121.510829596,25.109772511,Taipei:geo02,0.5,0.3,0.2,10,1
geometry:number_band:B1,Taipei:10272,Taipei:10272:102720:0:695c26464545d24d,303,Taipei,121.550733496,25.1227791687,Taipei:geo02,0.1,0.1,0,10,1
geometry:number_band:B1,Taipei:10273,Taipei:10273:102760:0:89d3e234c2542bdb,303區,Taipei,121.54913587,25.1224861384,Taipei:geo02,0.1,0.1,0,10,1
geometry:number_band:B1,Taipei:10277,Taipei:10277:160608:0:328964062436da51,542,Taipei,121.529995384,25.0667610876,Taipei:geo05,0.3,0.1,0.2,10,1
geometry:number_band:B1,Taipei:10278,Taipei:10278:102780:0:e7811cce6796ef0d,669,Taipei,121.528133072,25.0584255548,Taipei:geo04,0,0.2,-0.2,10,1
geometry:number_band:B1,Taipei:10282,Taipei:10282:102820:0:74997e358c4798d4,663,Taipei,121.4871385,25.0344280868,Taipei:geo00,0.4,0.2,0.2,10,1
geometry:number_band:B1,Taipei:10283,Taipei:10283:10283:0:e3f2aff737d5d11f,235,Taipei,121.485909521,25.0328264048,Taipei:geo00,0.1,0.2,-0.1,10,1
geometry:number_band:B1,Taipei:10326,Taipei:10326:103260:0:8a5722081046cb8e,648,Taipei,121.519562681,24.9826100421,Taipei:geo03,0.3,0.2,0.1,10,1
geometry:number_band:B1,Taipei:10328,Taipei:10328:10328:0:042590a972369300,643,Taipei,121.526124074,24.9974541826,Taipei:geo03,0.2,0.2,0,10,1
geometry:number_band:B1,Taipei:10331,Taipei:10331:103310:0:79308cc031dc6077,647,Taipei,121.559652479,24.9910784916,Taipei:geo06,0.3,0.1,0.2,10,1
geometry:number_band:B1,Taipei:10333,Taipei:10333:10333:0:d6eb83fa628de0c1,644,Taipei,121.533821841,24.9923485847,Taipei:geo03,0.3,0.1,0.2,10,1
geometry:number_band:B1,Taipei:10414,Taipei:10414:104140:0:b4792d0077a0189f,261,Taipei,121.493591468,25.0671230686,Taipei:geo01,0.6,0.5,0.1,10,2
geometry:number_band:B1,Taipei:10415,Taipei:10415:104150:0:685deccacbf6d9be,221,Taipei,121.492613593,25.0718835342,Taipei:geo01,0.5,0.4,0.1,10,1
geometry:number_band:B1,Taipei:10416,Taipei:10416:104160:0:e9f46d0097faf371,232,Taipei,121.485033152,25.0649361509,Taipei:geo01,0.3,0.4,-0.1,10,1
geometry:number_band:B1,Taipei:10419,Taipei:10419:104190:0:11b198a7b89f987c,232快,Taipei,121.524527256,25.0627015995,Taipei:geo01,0.7,0.3,0.4,10,1
geometry:number_band:B1,Taipei:10422,Taipei:10422:104220:0:2314d5369d761838,617,Taipei,121.518209013,25.0634991998,Taipei:geo01,0.3,0.2,0.1,10,1
geometry:number_band:B1,Taipei:10423,Taipei:10423:104230:0:7efb20569becc3e2,622,Taipei,121.472205479,25.0515344006,Taipei:geo00,0,0.2,-0.2,10,1
geometry:number_band:B1,Taipei:10441,Taipei:10441:104410:0:5207d6616568bc27,508,Taipei,121.482861876,25.0942260604,Taipei:geo01,0.4,0.2,0.2,10,1
geometry:number_band:B1,Taipei:10442,Taipei:10442:104420:1:627c1c72d9649e8a,508區,Taipei,121.506835788,25.0991765475,Taipei:geo01,0.5,0.3,0.2,10,1
geometry:number_band:B1,Taipei:10443,Taipei:10443:10443:0:4de742b9579a5424,225,Taipei,121.506188321,25.0715213518,Taipei:geo01,0.6,0.4,0.2,10,1
geometry:number_band:B1,Taipei:10452,Taipei:10452:104520:0:ee0b811a8241807f,641,Taipei,121.452194043,25.0823498138,Taipei:geo01,0.2,0,0.2,10,1
geometry:number_band:B1,Taipei:10461,Taipei:10461:104610:0:e2717ca2edd4cda8,645,Taipei,121.570491747,25.081971432,Taipei:geo05,0.5,0.4,0.1,10,1
geometry:number_band:B1,Taipei:10462,Taipei:10462:104620:0:93815760269fc57f,645副,Taipei,121.572067838,25.0801071281,Taipei:geo05,0.5,0.4,0.1,10,1
geometry:number_band:B1,Taipei:10471,Taipei:10471:104710:0:f0cbbf5660129175,615,Taipei,121.462183322,25.0456193955,Taipei:geo00,0.5,0.5,0,10,1
geometry:number_band:B1,Taipei:10472,Taipei:10472:104720:0:d00d2157ded92959,111,Taipei,121.506095371,25.0823629788,Taipei:geo01,0,0,0,10,1
geometry:number_band:B1,Taipei:10473,Taipei:10473:104730:0:4cb026f86ec8e8ab,306,Taipei,121.542862659,25.0583675941,Taipei:geo04,0.1,0,0.1,10,1
geometry:number_band:B1,Taipei:10481,Taipei:10481:104810:0:a019c982a972ee83,265經中央路,Taipei,121.47922944,25.0167721033,Taipei:geo00,0.6,0.4,0.2,10,1
geometry:number_band:B1,Taipei:10482,Taipei:10482:104820:0:61bdaf3964dd50c8,265區,Taipei,121.488180093,25.0241672765,Taipei:geo00,0.5,0.3,0.2,10,1
geometry:number_band:B1,Taipei:10712,Taipei:10712:10712:0:b906d07ec155b069,251,Taipei,121.558219283,25.004102828,Taipei:geo06,0.6,0.6,0,10,1
geometry:number_band:B1,Taipei:10723,Taipei:10723:10723:0:899fb9c50aa46d61,1,Taipei,121.531620773,25.0257779996,Taipei:geo03,0.7,0.2,0.5,10,1
geometry:number_band:B1,Taipei:10724,Taipei:10724:107240:0:d17316ca9a33713b,907,Taipei,121.58080818,25.0293309543,Taipei:geo07,0.4,0.3,0.1,10,1
geometry:number_band:B1,Taipei:10725,Taipei:10725:107250:0:dab767f62e5d7354,568,Taipei,121.523491632,25.0280553638,Taipei:geo03,0,0,0,10,1
geometry:number_band:B1,Taipei:10726,Taipei:10726:10726:0:bde8150189492755,18,Taipei,121.520515018,25.0334164984,Taipei:geo03,0.5,0.3,0.2,10,1
geometry:number_band:B1,Taipei:10735,Taipei:10735:10735:0:23df60494326585b,253,Taipei,121.541305654,25.0110584527,Taipei:geo03,0.5,0.5,0,10,1
geometry:number_band:B1,Taipei:10736,Taipei:10736:10736:0:ca36e679cf9dcbb1,671,Taipei,121.532579559,25.010510912,Taipei:geo03,0.2,0.2,0,10,1
geometry:number_band:B1,Taipei:10745,Taipei:10745:107450:0:674bf8f35b53b901,237,Taipei,121.562878839,24.9984476909,Taipei:geo06,0.7,0.5,0.2,10,1
geometry:number_band:B1,Taipei:10746,Taipei:10746:10746:0:a60801602a2d64e2,252,Taipei,121.543942848,25.0047102123,Taipei:geo06,0.6,0.5,0.1,10,1
geometry:number_band:B1,Taipei:10747,Taipei:10747:107470:0:2dbdf54ee140aaf9,294,Taipei,121.561618983,25.0042654452,Taipei:geo06,0.7,0.5,0.2,10,1
geometry:number_band:B1,Taipei:10748,Taipei:10748:107480:0:6c8414b48d0bb33b,295,Taipei,121.552649727,25.0068518239,Taipei:geo06,0.8,0.6,0.2,10,1
geometry:number_band:B1,Taipei:10752,Taipei:10752:107520:0:afd45a0fa00cb2af,278,Taipei,121.555106132,25.0404863194,Taipei:geo04,0.4,0.4,0,10,1
geometry:number_band:B1,Taipei:10754,Taipei:10754:10754:0:3ae458799022da09,915,Taipei,121.565339646,25.0071315706,Taipei:geo06,0,0.1,-0.1,10,1
geometry:number_band:B1,Taipei:10763,Taipei:10763:107660:1:aac9043a6188750d,903,Taipei,121.580913681,25.0641384025,Taipei:geo07,0,0,0,10,1
geometry:number_band:B1,Taipei:10764,Taipei:10764:107640:0:3a08224a7685d2ec,531,Taipei,121.594413773,25.0657145335,Taipei:geo07,0.4,0.1,0.3,10,1
geometry:number_band:B1,Taipei:10765,Taipei:10765:107650:0:235d03681bd9a989,646,Taipei,121.572954796,25.0781292183,Taipei:geo05,0.4,0.4,0,10,1
geometry:number_band:B1,Taipei:10767,Taipei:10767:107670:0:d27df52d1b47b037,53,Taipei,121.593908288,25.0606599848,Taipei:geo07,0,0,0,10,1
geometry:number_band:B1,Taipei:10771,Taipei:10771:107710:0:3f902f969a08fe2d,670,Taipei,121.511787226,25.012231916,Taipei:geo03,0.2,0,0.2,10,1
geometry:number_band:B1,Taipei:10782,Taipei:10782:107820:0:33c6d99bbbc83e92,673,Taipei,121.52749424,25.0145752257,Taipei:geo03,0.2,0.2,0,10,1
geometry:number_band:B1,Taipei:10783,Taipei:10783:10783:0:59891ffabd6a1ec0,254,Taipei,121.540467496,25.0183937683,Taipei:geo03,0.4,0.3,0.1,10,1
geometry:number_band:B1,Taipei:10785,Taipei:10785:107850:0:e696923ee13aca22,672,Taipei,121.531863095,25.0227133145,Taipei:geo03,0.2,0.2,0,10,1
geometry:number_band:B1,Taipei:10792,Taipei:10792:10792:0:5755ec0d6d231ca3,52,Taipei,121.537179883,25.0342111571,Taipei:geo04,0.1,0.2,-0.1,10,1
geometry:number_band:B1,Taipei:10811,Taipei:10811:10811:0:f6f563c0e8cd9592,685,Taipei,121.536492255,25.0699972626,Taipei:geo05,0.4,0.1,0.3,10,1
geometry:number_band:B1,Taipei:10822,Taipei:10822:108220:0:80fe97914c917573,108,Taipei,121.5474724,25.1736041595,Taipei:geo02,0.3,0.3,0,10,1
geometry:number_band:B1,Taipei:10823,Taipei:10823:155895:0:56a0ce291e1bf327,260,Taipei,121.530798518,25.090427868,Taipei:geo05,0.6,0.5,0.1,10,1
geometry:number_band:B1,Taipei:10824,Taipei:10824:108240:0:f1420d6ea2f479b5,260區,Taipei,121.537332827,25.1091127702,Taipei:geo05,0.5,0.7,-0.2,10,1
geometry:number_band:B1,Taipei:10832,Taipei:10832:10832:0:524dd15a319f9ec9,22,Taipei,121.543476381,25.0348902137,Taipei:geo04,0.7,0.3,0.4,10,1
geometry:number_band:B1,Taipei:10841,Taipei:10841:108410:0:f64aae48aaf5ceb2,0東,Taipei,121.560976536,25.0564518044,Taipei:geo04,0.1,0.2,-0.1,10,1
geometry:number_band:B1,Taipei:10842,Taipei:10842:108420:0:501343704a60f845,222,Taipei,121.553954263,25.068718245,Taipei:geo05,0.5,0.5,0,10,1
geometry:number_band:B1,Taipei:10844,Taipei:10844:108440:0:22e6e579e1d0fb30,652,Taipei,121.514866235,25.056960295,Taipei:geo01,0.3,0.1,0.2,10,1
geometry:number_band:B1,Taipei:10845,Taipei:10845:108450:0:289aff6cd52b2de1,286,Taipei,121.584855791,25.0403301834,Taipei:geo07,0.4,0.3,0.1,10,1
geometry:number_band:B1,Taipei:10846,Taipei:10846:108460:0:b8409cbffd3eb86e,286副,Taipei,121.566421606,25.064710942,Taipei:geo07,0.4,0.4,0,10,1
geometry:number_band:B1,Taipei:10847,Taipei:10847:108470:0:2c3eb79b4a2bd2eb,63,Taipei,121.553667296,25.058521892,Taipei:geo04,0.3,0.3,0,10,1
geometry:number_band:B1,Taipei:10848,Taipei:10848:108480:0:d140693380f98b73,505,Taipei,121.545218896,25.0407211577,Taipei:geo04,0,0,0,10,1
geometry:number_band:B1,Taipei:10853,Taipei:10853:108530:0:eb465fafc2ec8e29,287區,Taipei,121.568652176,25.0770943964,Taipei:geo05,0.5,0.4,0.1,10,1
geometry:number_band:B1,Taipei:10856,Taipei:10856:108560:0:5ab0c3925666bd5c,281,Taipei,121.594829718,25.053109424,Taipei:geo07,0.3,0.2,0.1,10,1
geometry:number_band:B1,Taipei:10861,Taipei:10861:160877:0:df9b0d77c6350c0a,630,Taipei,121.561098562,25.0552156213,Taipei:geo04,0,0.1,-0.1,10,1
geometry:number_band:B1,Taipei:10862,Taipei:10862:108620:0:f08b81d2b9bcd67f,38,Taipei,121.513849804,25.0314772645,Taipei:geo03,0.4,0.2,0.2,10,1
geometry:number_band:B1,Taipei:10863,Taipei:10863:108630:0:14b089728923fabf,38區,Taipei,121.496280323,25.0282713629,Taipei:geo00,0.4,0,0.4,10,1
geometry:number_band:B1,Taipei:10864,Taipei:10864:108640:0:c6d458cf6b4fa617,12,Taipei,121.525214792,25.0453969756,Taipei:geo04,0.4,0.1,0.3,10,1
geometry:number_band:B1,Taipei:10872,Taipei:10872:108720:0:529081dcec2553bd,46,Taipei,121.559302432,25.0443233518,Taipei:geo04,0.5,0.3,0.2,10,1
geometry:number_band:B1,Taipei:10873,Taipei:10873:10873:0:892bd51eda3aab42,20,Taipei,121.531898857,25.0333809037,Taipei:geo04,0.7,0.5,0.2,10,1
geometry:number_band:B1,Taipei:10874,Taipei:10874:10874:0:ec3ce8127d3a9bba,277,Taipei,121.539169372,25.0710394805,Taipei:geo05,0.5,0.1,0.4,10,1
geometry:number_band:B1,Taipei:10882,Taipei:10882:10882:0:6b51f7fa269eea85,9,Taipei,121.509863236,25.0625644245,Taipei:geo01,0.2,0,0.2,10,1
geometry:number_band:B1,Taipei:10891,Taipei:10891:108910:0:b850fd33142b7383,14,Taipei,121.479814079,25.070210838,Taipei:geo01,0.1,0,0.1,10,2
geometry:number_band:B1,Taipei:10893,Taipei:10893:10893:0:402fec9f29d4b444,274,Taipei,121.494995771,25.065218499,Taipei:geo01,0.4,0.4,0,10,1
geometry:number_band:B1,Taipei:10911,Taipei:10911:10911:0:9bb8705b5083c555,212直,Taipei,121.559126836,25.04292813,Taipei:geo04,0.5,0.4,0.1,10,1
geometry:number_band:B1,Taipei:10912,Taipei:10912:10912:0:272f14a3bda8768b,212,Taipei,121.561637237,25.0442900324,Taipei:geo04,0.6,0.5,0.1,10,1
geometry:number_band:B1,Taipei:10942,Taipei:10942:10942:0:b54f65799683317c,257,Taipei,121.522645389,25.0450721853,Taipei:geo04,0.5,0.5,0,10,1
geometry:number_band:B1,Taipei:10961,Taipei:10961:109610:0:67503cb6621dd34d,262,Taipei,121.506598421,25.0165114144,Taipei:geo03,0.6,0.6,0,10,1
geometry:number_band:B1,Taipei:10962,Taipei:10962:108570:0:8af36220b68500b6,262區,Taipei,121.526846044,25.0307548212,Taipei:geo03,0.6,0.3,0.3,10,1
geometry:number_band:B1,Taipei:10971,Taipei:10971:109710:0:606827d549721353,88,Taipei,121.564475601,25.0390540311,Taipei:geo04,0.4,0.2,0.2,10,1
geometry:number_band:B1,Taipei:11023,Taipei:11023:110230:0:507da332d8fe0560,298,Taipei,121.551944691,25.01562677,Taipei:geo06,0.6,0.7,-0.1,10,1
geometry:number_band:B1,Taipei:11041,Taipei:11041:110410:0:bcda8ba05cd856a0,297,Taipei,121.516061886,25.0197762958,Taipei:geo03,0.7,0.6,0.1,10,1
geometry:number_band:B1,Taipei:11056,Taipei:11056:110560:0:ea860b74f7d06dbd,552,Taipei,121.576836842,25.0703804194,Taipei:geo07,0.3,0.2,0.1,10,1
geometry:number_band:B1,Taipei:11066,Taipei:11066:110660:0:9ea76b5999123323,32,Taipei,121.579677941,25.0405731258,Taipei:geo07,0.3,0.1,0.2,10,1
geometry:number_band:B1,Taipei:11091,Taipei:11091:11091:0:a87d0cd5412f15f9,37,Taipei,121.550841297,25.0346072848,Taipei:geo04,0.8,0.2,0.6,10,1
geometry:number_band:B1,Taipei:11093,Taipei:11093:11093:0:429de28c4adfcde4,612,Taipei,121.539784138,25.0807861214,Taipei:geo05,0.2,0.2,0,10,1
geometry:number_band:B1,Taipei:11114,Taipei:11114:157815:0:e91ee132a4d04cf7,551,Taipei,121.590677155,25.0694135858,Taipei:geo07,0.3,0.2,0.1,10,1
geometry:number_band:B1,Taipei:11123,Taipei:11123:111230:0:f13a4c53a3da600b,550,Taipei,121.493566935,25.1222377507,Taipei:geo02,0.1,0.2,-0.1,10,1
geometry:number_band:B1,Taipei:11124,Taipei:11124:111240:0:28cc483d28626ee7,223,Taipei,121.50139659,25.0958958812,Taipei:geo01,0.5,0.3,0.2,10,1
geometry:number_band:B1,Taipei:11125,Taipei:11125:111250:0:ba80098fb910d9cc,302,Taipei,121.501025756,25.0980089212,Taipei:geo01,0.1,0,0.1,10,1
geometry:number_band:B1,Taipei:11141,Taipei:11141:162592:1:09dbf276c85bc79c,216,Taipei,121.506180913,25.1287866952,Taipei:geo02,0.4,0.3,0.1,10,1
geometry:number_band:B1,Taipei:11151,Taipei:11151:111510:0:cf88dc13aa1a80ff,230,Taipei,121.524930842,25.1430077006,Taipei:geo02,0.3,0.3,0,10,1
geometry:number_band:B1,Taipei:11156,Taipei:11156:111560:0:87465040c3d83540,218,Taipei,121.513432957,25.0903058443,Taipei:geo01,0.7,0.4,0.3,10,1
geometry:number_band:B1,Taipei:11157,Taipei:11157:111570:0:0f9cbcf9ac4cb085,218直,Taipei,121.511789549,25.0892812178,Taipei:geo01,0.6,0.4,0.2,10,1
geometry:number_band:B1,Taipei:11158,Taipei:11158:111580:0:54b3f52754974cd7,218區,Taipei,121.500166272,25.1371744473,Taipei:geo02,0.4,0.2,0.2,10,1
geometry:number_band:B1,Taipei:11161,Taipei:11161:111610:0:e5537f4f27bcd906,529,Taipei,121.520996374,25.0912505865,Taipei:geo01,0.4,0.2,0.2,10,1
geometry:number_band:B1,Taipei:11165,Taipei:11165:111650:0:153b259eb851cbab,288,Taipei,121.53497517,25.0577119894,Taipei:geo04,0.5,0.3,0.2,10,1
geometry:number_band:B1,Taipei:11171,Taipei:11171:111710:0:72eaa3754b09f69d,265經明德路,Taipei,121.478625262,25.0158710158,Taipei:geo00,0.6,0.5,0.1,10,1
geometry:number_band:B1,Taipei:11203,Taipei:11203:112030:0:f22278cb33fecf20,26,Taipei,121.520092244,25.0756005167,Taipei:geo01,0.4,0.2,0.2,10,1
geometry:number_band:B1,Taipei:11204,Taipei:11204:112040:0:68756463d5503359,68,Taipei,121.516241914,25.0954587717,Taipei:geo01,0.2,0,0.2,10,1
geometry:number_band:B1,Taipei:11212,Taipei:11212:11212:0:5aa6fae8b62b52dc,204,Taipei,121.542928085,25.0418448626,Taipei:geo04,0.5,0.2,0.3,10,1
geometry:number_band:B1,Taipei:11221,Taipei:11221:11221:0:a987be235cb835de,284,Taipei,121.580570576,25.0489796927,Taipei:geo07,0.4,0.3,0.1,10,1
geometry:number_band:B1,Taipei:11231,Taipei:11231:112310:0:fa84cd9d8232533d,621,Taipei,121.492769797,25.0535377566,Taipei:geo00,0.3,0.1,0.2,10,1
geometry:number_band:B1,Taipei:11232,Taipei:11232:112320:0:f4a0ca897950e01c,211,Taipei,121.514666093,25.0516099291,Taipei:geo01,0.9,0.6,0.3,10,1
geometry:number_band:B1,Taipei:11241,Taipei:11241:112410:0:ec95478544b114b3,662,Taipei,121.494901214,25.0609049058,Taipei:geo01,0.1,0.2,-0.1,10,1
geometry:number_band:B1,Taipei:11242,Taipei:11242:112420:0:6c1b47e60ec0e337,539,Taipei,121.502623623,25.0699713552,Taipei:geo01,0.1,0.1,0,10,1
geometry:number_band:B1,Taipei:11243,Taipei:11243:112430:0:c111e6670505c489,39,Taipei,121.494017447,25.0663012198,Taipei:geo01,0.2,0.1,0.1,10,1
geometry:number_band:B1,Taipei:11245,Taipei:11245:11245:0:b9e3d5eea8564d97,226,Taipei,121.524016664,25.0546066101,Taipei:geo04,0.5,0.4,0.1,10,1
geometry:number_band:B1,Taipei:11246,Taipei:11246:11246:0:12c8e0aa6465e931,292,Taipei,121.52277138,25.0510297528,Taipei:geo04,0.8,0.4,0.4,10,1
geometry:number_band:B1,Taipei:11252,Taipei:11252:112520:0:81cc06d709dde6ca,255,Taipei,121.536471421,25.0919573747,Taipei:geo05,0.4,0.6,-0.2,10,1
geometry:number_band:B1,Taipei:11253,Taipei:11253:112530:0:9c00088db939f565,255區,Taipei,121.543214326,25.1022425453,Taipei:geo05,0.3,0.6,-0.3,10,1
geometry:number_band:B1,Taipei:11411,Taipei:11411:11411:0:703e7728e99377ce,299,Taipei,121.492148277,25.042067583,Taipei:geo00,0.2,0.3,-0.1,10,1
geometry:number_band:B1,Taipei:11421,Taipei:11421:11421:0:c4b93705353b70ae,513,Taipei,121.482123382,25.0428022592,Taipei:geo00,0,0,0,10,1
geometry:number_band:B1,Taipei:11742,Taipei:11742:11742:0:7534e560dbf5e506,611,Taipei,121.565305329,25.007975014,Taipei:geo06,0.1,0.1,0,10,1
geometry:number_band:B1,Taipei:11763,Taipei:11763:11763:0:e35f60ddfe29d475,236區,Taipei,121.569908757,25.0000499764,Taipei:geo06,0.6,0.4,0.2,10,1
geometry:number_band:B1,Taipei:11764,Taipei:11764:11764:0:0f20d61bcff2850e,251區,Taipei,121.569931389,24.9957269282,Taipei:geo06,0.5,0.4,0.1,10,1
geometry:number_band:B1,Taipei:11811,Taipei:11811:118110:0:e963537f698810b1,0南,Taipei,121.545166838,25.0097025999,Taipei:geo06,0,0,0,10,1
geometry:number_band:B1,Taipei:11813,Taipei:11813:118130:0:3f385d7f0303f9df,109,Taipei,121.541239553,25.0724085112,Taipei:geo05,0,0,0,10,1
geometry:number_band:B1,Taipei:11815,Taipei:11815:118150:0:bae9510228de5abb,606,Taipei,121.534556245,25.0522021885,Taipei:geo04,0.4,0.2,0.2,10,1
geometry:number_band:B1,Taipei:11821,Taipei:11821:162167:0:3df074cf5aa5d41a,33,Taipei,121.558681337,25.0497698252,Taipei:geo04,0.5,0.2,0.3,10,1
geometry:number_band:B1,Taipei:11831,Taipei:11831:118310:0:4275ec6e9a212b56,49,Taipei,121.520592168,25.0477670351,Taipei:geo04,0.3,0.1,0.2,10,1
geometry:number_band:B1,Taipei:11834,Taipei:11834:11834:0:9d89a958664b669f,688,Taipei,121.538939474,25.0319678386,Taipei:geo04,0.1,0,0.1,10,1
geometry:number_band:B1,Taipei:11841,Taipei:11841:118410:0:77e6d458bda00b57,270,Taipei,121.57009835,25.0423483632,Taipei:geo07,0.6,0.5,0.1,10,1
geometry:number_band:B1,Taipei:11842,Taipei:11842:118420:0:9173abf679af0281,270區,Taipei,121.598030821,25.0453276624,Taipei:geo07,0.7,0.3,0.4,10,1
geometry:number_band:B1,Taipei:11851,Taipei:11851:118510:0:52700e266ecbbc1b,276,Taipei,121.569966418,25.0488049677,Taipei:geo07,0.5,0.3,0.2,10,1
geometry:number_band:B1,Taipei:11853,Taipei:11853:118530:0:064d552ae1a333b2,306區,Taipei,121.568792107,25.0521029913,Taipei:geo07,0.1,0,0.1,10,1
geometry:number_band:B1,Taipei:11861,Taipei:11861:11861:0:d54713d60f6e6b43,5,Taipei,121.520375355,25.0316259922,Taipei:geo03,0.2,0.4,-0.2,10,1
geometry:number_band:B1,Taipei:11871,Taipei:11871:11871:1:c24757a52c7e3e7f,41,Taipei,121.524547152,25.0708118795,Taipei:geo01,0.2,0.2,0,10,1
geometry:number_band:B1,Taipei:15111,Taipei:15111:15111:0:4f443c8cd89c3b1a,202,Taipei,121.52055771,25.022326529,Taipei:geo03,0.4,0.4,0,10,1
geometry:number_band:B1,Taipei:15112,Taipei:15112:15112:0:3ef3110ee7639ed3,208,Taipei,121.527367732,25.0354026937,Taipei:geo04,0.5,0.3,0.2,10,1
geometry:number_band:B1,Taipei:15113,Taipei:15113:15113:0:21130b6a9ded22f4,208區,Taipei,121.522999052,24.9989440827,Taipei:geo03,0.2,0.1,0.1,10,1
geometry:number_band:B1,Taipei:15141,Taipei:15141:151410:0:a7b89129887cd77e,28,Taipei,121.573321018,25.0672275825,Taipei:geo07,0.1,0,0.1,10,1
geometry:number_band:B1,Taipei:15142,Taipei:15142:151420:0:23a0eff3c5cc7202,42,Taipei,121.531363762,25.0711411557,Taipei:geo05,0.3,0.1,0.2,10,1
geometry:number_band:B1,Taipei:15143,Taipei:15143:151430:0:f3a5c87352e2b083,256,Taipei,121.57572331,25.0773073023,Taipei:geo07,0.5,0.3,0.2,10,1
geometry:number_band:B1,Taipei:15151,Taipei:15151:151510:0:a7ef76ee4536c385,308,Taipei,121.481123325,25.1334930783,Taipei:geo02,0.1,0.1,0,10,1
geometry:number_band:B1,Taipei:15161,Taipei:15161:151610:0:fb7bb192dd7df55d,676,Taipei,121.548117975,25.01635116,Taipei:geo06,0,0,0,10,1
geometry:number_band:B1,Taipei:15162,Taipei:15162:15162:0:7ffe83b1fcddb62a,282,Taipei,121.55831306,25.0222879301,Taipei:geo06,0.5,0.4,0.1,10,1
geometry:number_band:B1,Taipei:15164,Taipei:15164:15164:0:66922c465547e92f,530,Taipei,121.557890615,24.9985629757,Taipei:geo06,0,0,0,10,1
geometry:number_band:B1,Taipei:15171,Taipei:15171:151710:0:1a95e85cedf5c95e,902,Taipei,121.547763632,25.0729963448,Taipei:geo05,0.1,0,0.1,10,1
geometry:number_band:B1,Taipei:15172,Taipei:15172:151720:0:e6239f94b8a199d9,556,Taipei,121.558910231,25.0506374787,Taipei:geo04,0.1,0,0.1,10,1
geometry:number_band:B1,Taipei:15173,Taipei:15173:151730:0:a8b82f32a8b4f312,912,Taipei,121.594246101,25.0122709921,Taipei:geo06,0.1,0.3,-0.2,10,1
geometry:number_band:B1,Taipei:15183,Taipei:15183:15183:0:434d8d1db3567522,905,Taipei,121.532529511,24.9974450565,Taipei:geo03,0.5,0.4,0.1,10,1
geometry:number_band:B1,Taipei:15184,Taipei:15184:15184:0:03b4e9496845a5b4,905副,Taipei,121.529906358,25.0018138788,Taipei:geo03,0.5,0.4,0.1,10,1
geometry:number_band:B1,Taipei:15185,Taipei:15185:15185:0:496b10a1ed6169bd,202區,Taipei,121.506922998,24.9999071641,Taipei:geo03,0.5,0.3,0.2,10,1
geometry:number_band:B1,Taipei:15191,Taipei:15191:15191:0:bf0e7a388b647430,660,Taipei,121.563079451,25.0098562762,Taipei:geo06,0.1,0.1,0,10,1
geometry:number_band:B1,Taipei:15221,Taipei:15221:152210:0:45e4e78e80646bc1,682,Taipei,121.461899384,25.1307506739,Taipei:geo02,0,0,0,10,1
geometry:number_band:B1,Taipei:15313,Taipei:15313:159237:1:1ce79e0de8bd7bae,521,Taipei,121.57149602,25.066430157,Taipei:geo07,0.2,0.1,0.1,10,1
geometry:number_band:B1,Taipei:15314,Taipei:15314:15314:0:4db419ce050b8a68,203,Taipei,121.560983644,25.0691905948,Taipei:geo05,0.4,0.5,-0.1,10,1
geometry:number_band:B1,Taipei:15322,Taipei:15322:15322:0:82f01a328700bb3d,215,Taipei,121.502223242,25.0834036245,Taipei:geo01,0.3,0.5,-0.2,10,1
geometry:number_band:B1,Taipei:15332,Taipei:15332:153320:0:99baa00cfb21c919,267,Taipei,121.549797894,25.0912048869,Taipei:geo05,0.3,0.4,-0.1,10,1
geometry:number_band:B1,Taipei:15333,Taipei:15333:153330:0:143e69a0cc537500,250,Taipei,121.512050769,25.0661656587,Taipei:geo01,0.5,0.4,0.1,10,1
geometry:number_band:B1,Taipei:15335,Taipei:15335:153350:0:deced8bcdb113bae,683,Taipei,121.563186412,25.0836079794,Taipei:geo05,0.5,0.4,0.1,10,1
geometry:number_band:B1,Taipei:15352,Taipei:15352:153520:0:79fb60548b9a2ed0,268,Taipei,121.548194758,25.0966351773,Taipei:geo05,0.2,0.6,-0.4,10,1
geometry:number_band:B1,Taipei:15353,Taipei:15353:157765:0:88a49d17c4980583,247,Taipei,121.562592358,25.0737880488,Taipei:geo05,0.4,0.5,-0.1,10,1
geometry:number_band:B1,Taipei:15355,Taipei:15355:153550:0:531a1635ec5358bb,240直,Taipei,121.588793381,25.063026001,Taipei:geo07,0.2,0.1,0.1,10,1
geometry:number_band:B1,Taipei:15358,Taipei:15358:153580:0:25adee7fc324d653,247區,Taipei,121.572649961,25.0769610655,Taipei:geo05,0.5,0.3,0.2,10,1
geometry:number_band:B1,Taipei:15359,Taipei:15359:153590:0:5a656880b9c1ee8a,681,Taipei,121.563837204,25.1024248742,Taipei:geo05,0.5,0.4,0.1,10,1
geometry:number_band:B1,Taipei:15362,Taipei:15362:15362:0:27dfa05f91be8127,72,Taipei,121.542849765,25.0528362176,Taipei:geo04,0.1,0.2,-0.1,10,1
geometry:number_band:B1,Taipei:15372,Taipei:15372:15372:0:163bb9cd7b3e6a5f,206,Taipei,121.520572725,25.0850139629,Taipei:geo01,0.5,0.3,0.2,10,1
geometry:number_band:B1,Taipei:15375,Taipei:15375:15375:0:183fd586c5e3b65b,224,Taipei,121.524605258,25.1199607,Taipei:geo02,0.3,0.5,-0.2,10,1
geometry:number_band:B1,Taipei:15381,Taipei:15381:153810:0:48eb7b659d0dabe1,246,Taipei,121.512202492,25.0575619834,Taipei:geo01,0.3,0.5,-0.2,10,1
geometry:number_band:B1,Taipei:15391,Taipei:15391:15391:0:86dc9b42de6c14ea,279,Taipei,121.55053741,25.0693023061,Taipei:geo05,0.4,0.4,0,10,1
geometry:number_band:B1,Taipei:15512,Taipei:15512:155120:0:b97b28635d972457,675,Taipei,121.590932375,25.0520306234,Taipei:geo07,0.6,0.4,0.2,10,1
geometry:number_band:B1,Taipei:15513,Taipei:15513:155130:0:086879b3c300a8a2,711,Taipei,121.600471863,25.0599579512,Taipei:geo07,0,0,0,10,1
geometry:number_band:B1,Taipei:15514,Taipei:15514:155716:0:f4bdbdf3e3f39a8f,605,Taipei,121.587061154,25.0527882236,Taipei:geo07,0.6,0.4,0.2,10,1
geometry:number_band:B1,Taipei:15515,Taipei:15515:155150:0:f2fa4f6499aa1b7d,668,Taipei,121.58492283,25.0493591214,Taipei:geo07,0.6,0.4,0.2,10,1
geometry:number_band:B1,Taipei:15516,Taipei:15516:155719:0:9e1506aed43ee335,605快,Taipei,121.58514214,25.059636347,Taipei:geo07,0.4,0.4,0,10,1
geometry:number_band:B1,Taipei:15517,Taipei:15517:155717:0:a4948f1641dca543,605副,Taipei,121.623788216,25.0587791434,Taipei:geo07,0.4,0.4,0,10,1
geometry:number_band:B1,Taipei:15518,Taipei:15518:155718:0:fed371549594d668,605新台五,Taipei,121.591835896,25.0535381644,Taipei:geo07,0.7,0.4,0.3,10,1
geometry:number_band:B1,Taipei:15521,Taipei:15521:15521:0:1328370c129f9f74,227,Taipei,121.508145494,25.0407387417,Taipei:geo00,0.7,0.2,0.5,10,1
geometry:number_band:B1,Taipei:15522,Taipei:15522:15522:0:ab7f1b4674c539ac,227區,Taipei,121.49476824,25.0608243806,Taipei:geo01,0.4,0.4,0,10,1
geometry:number_band:B1,Taipei:15532,Taipei:15532:155320:0:d72fcfb16585ef07,300,Taipei,121.521431322,25.0751202932,Taipei:geo01,0.2,0,0.2,10,1
geometry:number_band:B1,Taipei:15546,Taipei:15546:15546:0:bdd67f0c1bd564f8,280,Taipei,121.528625436,25.0655164544,Taipei:geo05,0.2,0.2,0,10,1
geometry:number_band:B1,Taipei:15553,Taipei:15553:155530:0:e112e759e96a1ef9,304承德,Taipei,121.519668087,25.0509690461,Taipei:geo04,0.2,0.1,0.1,10,1
geometry:number_band:B1,Taipei:15554,Taipei:15554:155540:0:736084abd0185cf4,304重慶,Taipei,121.517592761,25.0524822524,Taipei:geo01,0.2,0.1,0.1,10,1
geometry:number_band:B1,Taipei:15561,Taipei:15561:155610:0:92bfa3f53286d9a5,214,Taipei,121.539920892,25.0426909538,Taipei:geo04,0.5,0.1,0.4,10,1
geometry:number_band:B1,Taipei:15562,Taipei:15562:155620:0:5955ebbd34575d9e,214直,Taipei,121.516985286,25.0247736683,Taipei:geo03,0.8,0.4,0.4,10,1
geometry:number_band:B1,Taipei:15563,Taipei:15563:15563:0:61535d1894813b41,311,Taipei,121.5287152,25.0191780532,Taipei:geo03,0.1,0,0.1,10,1
geometry:number_band:B1,Taipei:15571,Taipei:15571:155710:1:6fbcebf2f353baa1,600,Taipei,121.566980262,25.047185526,Taipei:geo07,0.1,0,0.1,10,1
geometry:number_band:B1,Taipei:15572,Taipei:15572:159706:0:dc3aea9add3257de,207,Taipei,121.554831035,25.0263003503,Taipei:geo04,0.4,0.4,0,10,1
geometry:number_band:B1,Taipei:15581,Taipei:15581:159390:0:0491eae1680b6cd7,616,Taipei,121.4898906,25.0703002633,Taipei:geo01,0.4,0,0.4,10,1
geometry:number_band:B1,Taipei:15657,Taipei:15657:15657:0:dcf1063616d32ceb,280直,Taipei,121.530283623,25.0654693051,Taipei:geo05,0.1,0.3,-0.2,10,1
geometry:number_band:B1,Taipei:15664,Taipei:15664:155808:0:881291b3ef3d5f79,39夜,Taipei,121.494017447,25.0663012198,Taipei:geo01,0.2,0.1,0.1,10,1
geometry:number_band:B1,Taipei:15724,Taipei:15724:155874:0:f7e3110cb7fbbde2,128,Taipei,121.536321668,25.1432322634,Taipei:geo02,0.3,0.3,0,10,1
geometry:number_band:B1,Taipei:15726,Taipei:15726:155875:0:719c1a392e5b77c0,129,Taipei,121.529142254,25.1545655327,Taipei:geo02,0.3,0.3,0,10,1
geometry:number_band:B1,Taipei:15735,Taipei:15735:155889:0:cb36f93e22dbc844,602,Taipei,121.517129193,25.1231036456,Taipei:geo02,0,0,0,10,1
geometry:number_band:B1,Taipei:16111,Taipei:16111:157462:1:c3cad2d356b7b06d,307,Taipei,121.503732895,25.0284350665,Taipei:geo00,0.2,0.1,0.1,10,1
geometry:number_band:B1,Taipei:16112,Taipei:16112:16112:1:4513d0c445b1fce4,310,Taipei,121.495764869,25.0469010032,Taipei:geo00,0.1,0,0.1,10,1
geometry:number_band:B1,Taipei:16121,Taipei:16121:16121:0:7ec03bbe7dc0692a,604,Taipei,121.487253331,25.0228513603,Taipei:geo00,0.3,0.1,0.2,10,1
geometry:number_band:B1,Taipei:16122,Taipei:16122:16122:0:0ecfcc5688ce337a,651,Taipei,121.5015684,25.0255729196,Taipei:geo00,0.3,0.1,0.2,10,1
geometry:number_band:B1,Taipei:16127,Taipei:16127:157862:0:95e92e0ed14c7fec,679,Taipei,121.603458818,25.0140624799,Taipei:geo06,0.2,0.4,-0.2,10,1
geometry:number_band:B1,Taipei:16128,Taipei:16128:155898:0:152ac985ccec9b3f,225區,Taipei,121.498484052,25.0733890877,Taipei:geo01,0.7,0.4,0.3,10,1
geometry:number_band:B1,Taipei:16131,Taipei:16131:155928:0:f6004f806b4ee410,265夜,Taipei,121.479884605,25.0166371481,Taipei:geo00,0.6,0.4,0.2,10,1
geometry:number_band:B1,Taipei:16132,Taipei:16132:157442:0:3cf10f696fe00354,212夜,Taipei,121.55913887,25.0429325313,Taipei:geo04,0.5,0.4,0.1,10,1
geometry:number_band:B1,Taipei:16157,Taipei:16157:155919:0:3a18e500ce05826d,208直,Taipei,121.528332296,25.0338942403,Taipei:geo04,0.4,0.2,0.2,10,1
geometry:number_band:B1,Taipei:16158,Taipei:16158:155924:0:532587da278816a7,292副,Taipei,121.522774397,25.0510282258,Taipei:geo04,0.8,0.4,0.4,10,1
geometry:number_band:B1,Taipei:16168,Taipei:16168:155937:0:a06576c7360881ac,108區,Taipei,121.54099514,25.1702307164,Taipei:geo02,0.3,0.3,0,10,1
geometry:number_band:B1,Taipei:16169,Taipei:16169:155938:0:6fb57c9737e42086,672區,Taipei,121.524479838,24.9984422147,Taipei:geo03,0.2,0.1,0.1,10,1
geometry:number_band:B1,Taipei:16184,Taipei:16184:157886:0:ccaf5f4dfca2c2b3,680,Taipei,121.539036999,25.073336976,Taipei:geo05,0.4,0.2,0.2,10,1
geometry:number_band:B1,Taipei:16439,Taipei:16439:157441:0:f07c993aa54e5bba,278區,Taipei,121.544195758,25.0293312869,Taipei:geo04,0.3,0.2,0.1,10,1
geometry:number_band:B1,Taipei:16504,Taipei:16504:157534:0:fae257ed242c7685,756,Taipei,121.487233826,25.1151979433,Taipei:geo02,0.1,0.1,0,10,1
geometry:number_band:B1,Taipei:16559,Taipei:16559:157594:0:6156bc474a419fab,42區,Taipei,121.537994941,25.0785558759,Taipei:geo05,0.2,0.1,0.1,10,1
geometry:number_band:B1,Taipei:16706,Taipei:16706:157798:0:8a28c84afb442f05,758,Taipei,121.483555271,25.0397908293,Taipei:geo00,0.2,0,0.2,10,1
geometry:number_band:B1,Taipei:16707,Taipei:16707:157799:0:fa0f1d87bbbda9a7,757,Taipei,121.479851489,25.122115415,Taipei:geo02,0.1,0.2,-0.1,10,1
geometry:number_band:B1,Taipei:16709,Taipei:16709:157801:0:4fdc3bfc55170026,254區,Taipei,121.52862821,25.0008259856,Taipei:geo03,0.5,0.1,0.4,10,1
geometry:number_band:B1,Taipei:17333,Taipei:17333:158480:0:7f5772f5541d52c3,557,Taipei,121.530213173,25.0958280359,Taipei:geo05,0.2,0.1,0.1,10,1
geometry:number_band:B1,Taipei:17363,Taipei:17363:158510:0:03f87f65335999c5,949,Taipei,121.576878977,25.0110689799,Taipei:geo06,0.1,0.3,-0.2,10,1
geometry:number_band:B1,Taipei:17390,Taipei:17390:158544:0:d754a32864045cf4,950,Taipei,121.543420153,25.0301083202,Taipei:geo04,0,0.1,-0.1,10,1
geometry:number_band:B1,Taipei:17512,Taipei:17512:158675:0:5a4189ad4eafb3e5,311區,Taipei,121.508337764,25.0020738468,Taipei:geo03,0.1,0,0.1,10,1
geometry:number_band:B1,Taipei:17709,Taipei:17709:158892:0:611b82099fad4a1b,955,Taipei,121.61339197,25.0659069305,Taipei:geo07,0.1,0.1,0,10,1
geometry:number_band:B1,Taipei:17740,Taipei:17740:159045:0:b3b38a759fc87fb7,957,Taipei,121.484066035,25.131754948,Taipei:geo02,0.1,0,0.1,10,1
geometry:number_band:B1,Taipei:17805,Taipei:17805:159150:0:cb03357d017d22b9,559,Taipei,121.51356825,25.1207227666,Taipei:geo02,0.3,0.4,-0.1,10,1
geometry:number_band:B1,Taipei:17825,Taipei:17825:159189:0:aed5f8559476d87a,660區,Taipei,121.590078594,24.999069931,Taipei:geo06,0.4,0.3,0.1,10,1
geometry:number_band:B1,Taipei:17869,Taipei:17869:159297:0:37669ed954a3b249,88區,Taipei,121.555133746,25.0359266603,Taipei:geo04,0.4,0.3,0.1,10,1
geometry:number_band:B1,Taipei:17928,Taipei:17928:162432:0:8dc51b004076fcda,907通勤,Taipei,121.599391739,25.0404499254,Taipei:geo07,0.2,0,0.2,10,1
geometry:number_band:B1,Taipei:17944,Taipei:17944:159442:0:ea61a5dad2d306da,66,Taipei,121.572070331,25.0099261613,Taipei:geo06,0.1,0,0.1,10,1
geometry:number_band:B1,Taipei:17952,Taipei:17952:159454:0:8dd4d102b1c2dfc6,617副,Taipei,121.526593048,25.064079292,Taipei:geo01,0.2,0.2,0,10,1
geometry:number_band:B1,Taipei:18057,Taipei:18057:159715:0:a3d6df04a6c044db,295副,Taipei,121.551912364,25.0078552329,Taipei:geo06,0.8,0.6,0.2,10,1
geometry:number_band:B1,Taipei:18348,Taipei:18348:160269:0:00aa1c0dc47105e9,542預,Taipei,121.533371843,25.0661136556,Taipei:geo05,0.2,0.1,0.1,10,1
geometry:number_band:B1,Taipei:19108,Taipei:19108:161407:1:e4c057c3173048f3,307西藏三民,Taipei,121.503015799,25.0283842582,Taipei:geo00,0.2,0.1,0.1,10,1
geometry:number_band:B1,Taipei:19159,Taipei:19159:161480:0:6d9bba2612511a31,297預,Taipei,121.515562345,25.019551282,Taipei:geo03,0.7,0.7,0,10,1
geometry:number_band:B1,Taipei:19178,Taipei:19178:161498:0:7b0aa372deb4c8c2,260區預,Taipei,121.537106328,25.1077523441,Taipei:geo05,0.6,0.7,-0.1,10,1
geometry:number_band:B1,Taipei:19438,Taipei:19438:161887:0:a4fe87f8fa8c20d6,539預,Taipei,121.501941071,25.0702986909,Taipei:geo01,0.1,0.1,0,10,1
geometry:number_band:B1,Taipei:19458,Taipei:19458:161937:0:6c65107218044359,683預,Taipei,121.563925687,25.0837152637,Taipei:geo05,0.5,0.4,0.1,10,1
geometry:number_band:B1,Taipei:19528,Taipei:19528:162047:0:d10d798c13f21924,246預,Taipei,121.512137272,25.0572896082,Taipei:geo01,0.3,0.5,-0.2,10,1
geometry:number_band:B1,Taipei:19678,Taipei:19678:162277:0:223273bd5a08500f,261預,Taipei,121.493941775,25.0667609638,Taipei:geo01,0.6,0.5,0.1,10,2
geometry:number_band:B1,Taipei:19688,Taipei:19688:162308:0:c02917c7d9526d2d,310區,Taipei,121.47759323,25.028582305,Taipei:geo00,0.1,0,0.1,10,1
geometry:number_band:B1,Taipei:19717,Taipei:19717:162399:0:f2e7c2d79fdc0116,302區,Taipei,121.495938924,25.119101882,Taipei:geo02,0.2,0.1,0.1,10,1
geometry:number_band:B1,Taipei:19718,Taipei:19718:162402:0:f827633623a89461,902區,Taipei,121.551494467,25.0380898866,Taipei:geo04,0.1,0,0.1,10,1
geometry:number_band:B1,Taipei:19720,Taipei:19720:162405:0:7731d47c4d2bfb08,536區,Taipei,121.504283285,25.1004945266,Taipei:geo01,0.5,0.3,0.2,10,1
geometry:number_band:B1,Taipei:19798,Taipei:19798:162616:0:38b742654df32227,606通勤,Taipei,121.53796818,25.0471156394,Taipei:geo04,0.4,0.1,0.3,10,1
geometry:number_band:B2,NewTaipei:10116,NewTaipei:10116:101160:0:ff7bdc67505e9598,242,NewTaipei,121.509319152,25.009180583,NewTaipei:geo04,0.6,0.4,0.2,10,1
geometry:number_band:B2,NewTaipei:10148,NewTaipei:10148:101480:0:466ad563122a78aa,702,NewTaipei,121.400848129,24.9739634022,NewTaipei:geo00,0,0,0,10,1
geometry:number_band:B2,NewTaipei:10149,NewTaipei:10149:101490:0:8795353df3583e42,624綠野香坡,NewTaipei,121.505240043,24.9892807947,NewTaipei:geo04,0.3,0.2,0.1,10,1
geometry:number_band:B2,NewTaipei:10151,NewTaipei:10151:101510:0:995ae95c0ef44acc,701,NewTaipei,121.447061631,25.0115495113,NewTaipei:geo02,0.1,0.1,0,10,1
geometry:number_band:B2,NewTaipei:10161,NewTaipei:10161:101610:0:4f2968b52dfcb7e7,231,NewTaipei,121.479437471,25.012536982,NewTaipei:geo04,0.5,0.4,0.1,10,1
geometry:number_band:B2,NewTaipei:10162,NewTaipei:10162:10162:0:37cc628cc28a412d,245,NewTaipei,121.47602604,25.0150112199,NewTaipei:geo04,0.5,0.5,0,10,1
geometry:number_band:B2,NewTaipei:10163,NewTaipei:10163:158438:0:6532562bb7767d0b,656,NewTaipei,121.474635399,25.0138304114,NewTaipei:geo04,0.3,0.1,0.2,10,1
geometry:number_band:B2,NewTaipei:10164,NewTaipei:10164:10164:1:a6865ea531d7320d,657,NewTaipei,121.463799934,24.9991092794,NewTaipei:geo04,0.3,0.1,0.2,10,1
geometry:number_band:B2,NewTaipei:10171,NewTaipei:10171:101710:0:98973ebc62b4e2a4,201,NewTaipei,121.492436456,25.0116682614,NewTaipei:geo04,0.7,0.5,0.2,10,1
geometry:number_band:B2,NewTaipei:10172,NewTaipei:10172:101720:0:e4568c6a58eb0426,243,NewTaipei,121.504757529,25.0147400033,NewTaipei:geo04,0.7,0.5,0.2,10,1
geometry:number_band:B2,NewTaipei:10173,NewTaipei:10173:10173:0:c37095860ef814ee,241,NewTaipei,121.511007818,25.0064751787,NewTaipei:geo04,0.7,0.1,0.6,10,1
geometry:number_band:B2,NewTaipei:10195,NewTaipei:10195:101950:0:2edae7707d881214,705,NewTaipei,121.429646389,24.9759311334,NewTaipei:geo00,0.2,0.2,0,10,1
geometry:number_band:B2,NewTaipei:10196,NewTaipei:10196:158514:0:97ba35e037ac79fe,706,NewTaipei,121.444008744,24.9762242579,NewTaipei:geo00,0.2,0.2,0,10,1
geometry:number_band:B2,NewTaipei:10325,NewTaipei:10325:158645:0:d50e277fc0e2a519,909,NewTaipei,121.526722472,24.9888506606,NewTaipei:geo04,0.5,0.4,0.1,10,1
geometry:number_band:B2,NewTaipei:10329,NewTaipei:10329:10329:0:19eb6d1ec1896e66,906,NewTaipei,121.528346012,24.9924983541,NewTaipei:geo04,0.5,0.5,0,10,1
geometry:number_band:B2,NewTaipei:10424,NewTaipei:10424:10424:0:3c6ba69d5785da66,520,NewTaipei,121.480812697,25.0636170989,NewTaipei:geo02,0.3,0.4,-0.1,10,1
geometry:number_band:B2,NewTaipei:10453,NewTaipei:10453:158513:0:6b884c958d9a56f2,640,NewTaipei,121.474301606,25.0646461226,NewTaipei:geo02,0.3,0,0.3,10,1
geometry:number_band:B2,NewTaipei:10474,NewTaipei:10474:10474:0:3da456d90f518a0d,636,NewTaipei,121.464220248,25.0423837346,NewTaipei:geo02,0.6,0.4,0.2,10,1
geometry:number_band:B2,NewTaipei:10475,NewTaipei:10475:158511:0:e2bbc3b542a0944a,635,NewTaipei,121.458629341,25.0367362827,NewTaipei:geo02,0.5,0.3,0.2,10,1
geometry:number_band:B2,NewTaipei:10491,NewTaipei:10491:104910:0:50a7a3e32b5246cf,637,NewTaipei,121.454669281,25.0489042232,NewTaipei:geo02,0.2,0.3,-0.1,10,1
geometry:number_band:B2,NewTaipei:10492,NewTaipei:10492:104920:0:451a2f199685c72e,638,NewTaipei,121.466358695,25.0533308856,NewTaipei:geo02,0.3,0.2,0.1,10,1
geometry:number_band:B2,NewTaipei:10511,NewTaipei:10511:105110:0:a7cd1a1880f65d57,639,NewTaipei,121.458524382,25.0326087444,NewTaipei:geo02,0.5,0.3,0.2,10,1
geometry:number_band:B2,NewTaipei:10753,NewTaipei:10753:107530:0:896dd5157763170d,666華梵大學,NewTaipei,121.62190555,24.9934221443,NewTaipei:geo05,0.3,0.4,-0.1,10,1
geometry:number_band:B2,NewTaipei:10772,NewTaipei:10772:158435:0:1fd0289257a63bf1,249,NewTaipei,121.514890777,25.0117374304,NewTaipei:geo04,0.5,0.5,0,10,1
geometry:number_band:B2,NewTaipei:10784,NewTaipei:10784:158646:0:a1be720352ca62b6,290副,NewTaipei,121.538037129,24.9893196368,NewTaipei:geo04,0.2,0.3,-0.1,10,1
geometry:number_band:B2,NewTaipei:11244,NewTaipei:11244:158644:0:6f3b44a495988e6d,62,NewTaipei,121.495369643,25.0560890016,NewTaipei:geo02,0.3,0,0.3,10,1
geometry:number_band:B2,NewTaipei:15224,NewTaipei:15224:158440:0:42d382630157eddd,631,NewTaipei,121.476111811,25.1585429546,NewTaipei:geo03,0,0,0,10,1
geometry:number_band:B2,NewTaipei:15638,NewTaipei:15638:15638:0:8665fdcdfd5bb428,677,NewTaipei,121.620796246,25.0732522888,NewTaipei:geo05,0.4,0.3,0.1,10,1
geometry:number_band:B2,NewTaipei:15717,NewTaipei:15717:15717:0:cce8f6eb61c362e7,913,NewTaipei,121.525869513,24.9962054025,NewTaipei:geo04,0.5,0.5,0,10,1
geometry:number_band:B2,NewTaipei:16113,NewTaipei:16113:16113:0:05803dbd7ae935cd,658,NewTaipei,121.474824058,25.0321458768,NewTaipei:geo02,0.3,0.1,0.2,10,1
geometry:number_band:B2,NewTaipei:16123,NewTaipei:16123:158437:0:3c5e4731a4b4b30c,667,NewTaipei,121.480409834,25.017978059,NewTaipei:geo04,0.3,0.3,0,10,1
geometry:number_band:B2,NewTaipei:16210,NewTaipei:16210:159937:0:229eb14acc3b7bab,917,NewTaipei,121.384958055,24.9529203844,NewTaipei:geo00,0.9,0.6,0.3,10,1
geometry:number_band:B2,NewTaipei:16215,NewTaipei:16215:157210:0:d111340ad9c69495,848,NewTaipei,121.444365643,25.0027434819,NewTaipei:geo00,0.3,0.2,0.1,10,1
geometry:number_band:B2,NewTaipei:16223,NewTaipei:16223:157218:0:5a35c4e39f131dcb,807,NewTaipei,121.399789984,24.8825744363,NewTaipei:geo00,0.1,0,0.1,10,1
geometry:number_band:B2,NewTaipei:16224,NewTaipei:16224:157219:0:ee4d73835b4e51fc,922,NewTaipei,121.400327579,24.9523211636,NewTaipei:geo00,0.9,0.3,0.6,10,1
geometry:number_band:B2,NewTaipei:16258,NewTaipei:16258:157253:0:c90af6eec0eae095,819,NewTaipei,121.585826572,24.9944077043,NewTaipei:geo05,0.1,0.1,0,10,1
geometry:number_band:B2,NewTaipei:16269,NewTaipei:16269:157264:0:fea170968f437c8f,836,NewTaipei,121.436682601,25.1730336615,NewTaipei:geo03,0.5,0.2,0.3,10,1
geometry:number_band:B2,NewTaipei:16270,NewTaipei:16270:157265:0:d1e018273448e9e8,838,NewTaipei,121.446395921,25.0952242542,NewTaipei:geo01,0.3,0.1,0.2,10,1
geometry:number_band:B2,NewTaipei:16393,NewTaipei:16393:157389:0:bc5322e9b6aff990,849,NewTaipei,121.541847701,24.9501970593,NewTaipei:geo04,0.1,0.1,0,10,1
geometry:number_band:B2,NewTaipei:16406,NewTaipei:16406:157402:0:a934aeb55537bbd3,8,NewTaipei,121.519521375,24.9758824381,NewTaipei:geo04,0,0.1,-0.1,10,1
geometry:number_band:B2,NewTaipei:16422,NewTaipei:16422:157418:0:7fffc97d7c15c07e,923,NewTaipei,121.629507365,24.9796330943,NewTaipei:geo05,0.1,0.1,0,10,1
geometry:number_band:B2,NewTaipei:16423,NewTaipei:16423:157419:0:797029e6ff15f3a0,930,NewTaipei,121.509713254,24.9891865207,NewTaipei:geo04,0.5,0.2,0.3,10,1
geometry:number_band:B2,NewTaipei:16425,NewTaipei:16425:157421:0:9642ba40e52508c5,811,NewTaipei,121.495536268,25.0749193568,NewTaipei:geo02,0,0,0,10,1
geometry:number_band:B2,NewTaipei:16427,NewTaipei:16427:157423:0:614597252624e502,839,NewTaipei,121.514429943,24.9556005961,NewTaipei:geo04,0.3,0.2,0.1,10,1
geometry:number_band:B2,NewTaipei:16429,NewTaipei:16429:157425:1:05c3af4f8106018c,847,NewTaipei,121.422003109,24.9852603538,NewTaipei:geo00,0.6,0.4,0.2,10,1
geometry:number_band:B2,NewTaipei:16461,NewTaipei:16461:157481:0:f2013d00bdb2e426,707,NewTaipei,121.471061389,24.9876986477,NewTaipei:geo04,0.2,0.4,-0.2,10,1
geometry:number_band:B2,NewTaipei:16462,NewTaipei:16462:157485:0:555f17115cbfb352,910,NewTaipei,121.40520887,24.9582100933,NewTaipei:geo00,0.8,0.6,0.2,10,1
geometry:number_band:B2,NewTaipei:16467,NewTaipei:16467:157490:0:813c968ae1a21d97,51,NewTaipei,121.489824208,25.0063793457,NewTaipei:geo04,0.1,0.1,0,10,1
geometry:number_band:B2,NewTaipei:16468,NewTaipei:16468:157491:0:e5cd8610040b3f4c,57,NewTaipei,121.492465657,25.0024590542,NewTaipei:geo04,0.1,0.1,0,10,1
geometry:number_band:B2,NewTaipei:16474,NewTaipei:16474:157497:0:11dc567882d77fb9,843,NewTaipei,121.430502765,25.0031162594,NewTaipei:geo00,0.3,0.7,-0.4,10,1
geometry:number_band:B2,NewTaipei:16479,NewTaipei:16479:157502:0:56cf2f0d58f20e42,802區,NewTaipei,121.439703018,25.0255584665,NewTaipei:geo02,0.5,0.5,0,10,1
geometry:number_band:B2,NewTaipei:16485,NewTaipei:16485:157508:0:153403772f37552b,835,NewTaipei,121.471144471,25.0506024624,NewTaipei:geo02,0.2,0.2,0,10,1
geometry:number_band:B2,NewTaipei:16497,NewTaipei:16497:157520:0:45353088cb0191ee,837,NewTaipei,121.447770861,25.1586323821,NewTaipei:geo03,0.6,0.4,0.2,10,1
geometry:number_band:B2,NewTaipei:16499,NewTaipei:16499:157522:0:18b92cbc03184ac4,816,NewTaipei,121.489653193,25.0817582529,NewTaipei:geo02,0.2,0.1,0.1,10,1
geometry:number_band:B2,NewTaipei:16500,NewTaipei:16500:157523:0:2fe5c86352962881,815,NewTaipei,121.503957436,25.0860289774,NewTaipei:geo02,0.2,0.1,0.1,10,1
geometry:number_band:B2,NewTaipei:16511,NewTaipei:16511:157546:0:97dfcd6bd8d4856c,779,NewTaipei,121.449183753,24.9402142365,NewTaipei:geo00,0.1,0.1,0,10,1
geometry:number_band:B2,NewTaipei:16513,NewTaipei:16513:157548:0:4782440627b68446,885,NewTaipei,121.416207753,24.989186365,NewTaipei:geo00,0.4,0.2,0.2,10,1
geometry:number_band:B2,NewTaipei:16515,NewTaipei:16515:157550:0:fd7e71caafc440ec,858,NewTaipei,121.407397289,25.0450674316,NewTaipei:geo02,0.3,0.1,0.2,10,1
geometry:number_band:B2,NewTaipei:16517,NewTaipei:16517:157552:0:e84cfc4450033a6a,704,NewTaipei,121.453034848,25.1152454095,NewTaipei:geo01,0.3,0.2,0.1,10,1
geometry:number_band:B2,NewTaipei:16518,NewTaipei:16518:157553:0:4daa3c6f4d7638b5,859,NewTaipei,121.42812373,25.0217069106,NewTaipei:geo02,0.6,0.3,0.3,10,1
geometry:number_band:B2,NewTaipei:16521,NewTaipei:16521:159438:0:7dcd17baf028b851,704區,NewTaipei,121.436707681,25.135424386,NewTaipei:geo01,0.1,0,0.1,10,1
geometry:number_band:B2,NewTaipei:16522,NewTaipei:16522:159493:0:48ca463942be810f,881,NewTaipei,121.436324493,25.1821718297,NewTaipei:geo03,0.5,0.5,0,10,1
geometry:number_band:B2,NewTaipei:16526,NewTaipei:16526:157561:0:0952272a718d5790,869,NewTaipei,121.438255471,25.1771831051,NewTaipei:geo03,0.6,0.3,0.3,10,1
geometry:number_band:B2,NewTaipei:16527,NewTaipei:16527:161057:0:fef3e2600b43f288,878,NewTaipei,121.434351495,25.1516747267,NewTaipei:geo01,0.7,0.3,0.4,10,1
geometry:number_band:B2,NewTaipei:16528,NewTaipei:16528:157563:0:b99d4b5b15fc620e,860,NewTaipei,121.459214514,25.2202215764,NewTaipei:geo03,1,1,0,10,1
geometry:number_band:B2,NewTaipei:16529,NewTaipei:16529:157564:0:582028236e4a8166,861,NewTaipei,121.463282199,25.2235337996,NewTaipei:geo03,1,1,0,10,1
geometry:number_band:B2,NewTaipei:16530,NewTaipei:16530:157565:0:4c48fa20a757131a,865,NewTaipei,121.508754714,25.2538554121,NewTaipei:geo03,0.9,0.9,0,10,1
geometry:number_band:B2,NewTaipei:16531,NewTaipei:16531:157566:0:6edeac39989258f4,866,NewTaipei,121.495163433,25.218175467,NewTaipei:geo03,1,1,0,10,1
geometry:number_band:B2,NewTaipei:16532,NewTaipei:16532:157567:0:33241f590e4708d9,867,NewTaipei,121.500757788,25.2487063063,NewTaipei:geo03,0.9,1,-0.1,10,1
geometry:number_band:B2,NewTaipei:16535,NewTaipei:16535:157570:0:8a87af187a50f6cf,874,NewTaipei,121.462341918,25.2194294842,NewTaipei:geo03,1,1,0,10,1
geometry:number_band:B2,NewTaipei:16536,NewTaipei:16536:157571:0:977ed664178e8b3c,875,NewTaipei,121.471181634,25.185934396,NewTaipei:geo03,0.9,0.7,0.2,10,1
geometry:number_band:B2,NewTaipei:16538,NewTaipei:16538:157573:0:c77412f0a1a614e7,877,NewTaipei,121.506278635,25.2329585184,NewTaipei:geo03,1,0.9,0.1,10,1
geometry:number_band:B2,NewTaipei:16542,NewTaipei:16542:157577:0:adea23d54075b7e4,879,NewTaipei,121.463937498,25.2070634346,NewTaipei:geo03,1,1,0,10,1
geometry:number_band:B2,NewTaipei:16543,NewTaipei:16543:157578:0:698f23e34a5c602a,882,NewTaipei,121.464976043,25.2203369528,NewTaipei:geo03,1,1,0,10,1
geometry:number_band:B2,NewTaipei:16547,NewTaipei:16547:157582:0:1013ad8cc885ea21,808,NewTaipei,121.825866801,25.0995850308,NewTaipei:geo06,0.6,0.5,0.1,10,1
geometry:number_band:B2,NewTaipei:16548,NewTaipei:16548:157583:0:0fe922028ca67465,827,NewTaipei,121.832488656,25.1095048005,NewTaipei:geo06,0.6,0.5,0.1,10,1
geometry:number_band:B2,NewTaipei:16551,NewTaipei:16551:157586:0:5ddc9c9d0849bc5d,825,NewTaipei,121.827632851,25.1090149924,NewTaipei:geo06,0.6,0.6,0,10,1
geometry:number_band:B2,NewTaipei:16552,NewTaipei:16552:157587:0:0fa77084048ad9f0,856(台灣好行-黃金福隆線),NewTaipei,121.907440828,25.0780618329,NewTaipei:geo06,0.5,0.2,0.3,10,1
geometry:number_band:B2,NewTaipei:16554,NewTaipei:16554:157589:0:568df4a9dbf1af9d,826,NewTaipei,121.843828547,25.1090614658,NewTaipei:geo06,0.6,0.6,0,10,1
geometry:number_band:B2,NewTaipei:16560,NewTaipei:16560:157596:0:78b83bf978980ec4,932,NewTaipei,121.410269438,24.9643360115,NewTaipei:geo00,0.8,0.6,0.2,10,1
geometry:number_band:B2,NewTaipei:16562,NewTaipei:16562:157598:0:95eea614884ed990,935,NewTaipei,121.527466324,24.9913608457,NewTaipei:geo04,0.5,0.4,0.1,10,1
geometry:number_band:B2,NewTaipei:16564,NewTaipei:16564:158931:1:404239bff2719fbf,876,NewTaipei,121.488641136,25.2070858519,NewTaipei:geo03,1,1,0,10,1
geometry:number_band:B2,NewTaipei:16565,NewTaipei:16565:159117:1:0fb437123a591e4a,886,NewTaipei,121.865609626,25.1204865978,NewTaipei:geo06,0.5,0.3,0.2,10,1
geometry:number_band:B2,NewTaipei:16571,NewTaipei:16571:157613:0:913b0743a3e6b4cf,797,NewTaipei,121.460423738,25.0449657173,NewTaipei:geo02,0.2,0.1,0.1,10,1
geometry:number_band:B2,NewTaipei:16573,NewTaipei:16573:157615:0:29b72f070ba6897d,800,NewTaipei,121.424377832,25.002967211,NewTaipei:geo00,0.9,0.5,0.4,10,1
geometry:number_band:B2,NewTaipei:16576,NewTaipei:16576:157618:0:fd604b474ecdb29f,799,NewTaipei,121.448743157,25.0235680888,NewTaipei:geo02,0,0.3,-0.3,10,1
geometry:number_band:B2,NewTaipei:16577,NewTaipei:16577:157619:0:3f094f2084767eb8,871經中山北路,NewTaipei,121.456602703,25.1981526107,NewTaipei:geo03,1,0.8,0.2,10,1
geometry:number_band:B2,NewTaipei:16578,NewTaipei:16578:157620:1:cb89cb56b131df71,872經正德國中、直行中山北路,NewTaipei,121.453492181,25.2040801885,NewTaipei:geo03,1,0.9,0.1,10,1
geometry:number_band:B2,NewTaipei:16579,NewTaipei:16579:157621:0:15e349ecfc745b38,873經正德國中,NewTaipei,121.454060785,25.2071247271,NewTaipei:geo03,1,0.9,0.1,10,1
geometry:number_band:B2,NewTaipei:16580,NewTaipei:16580:157622:0:9e5bcd641ece2dd0,891,NewTaipei,121.858109555,25.1149125402,NewTaipei:geo06,0.7,0.5,0.2,10,1
geometry:number_band:B2,NewTaipei:16581,NewTaipei:16581:157623:0:4f5f2b4c3f6c7697,275,NewTaipei,121.512539813,25.0052900794,NewTaipei:geo04,0.6,0.3,0.3,10,1
geometry:number_band:B2,NewTaipei:16583,NewTaipei:16583:157631:0:cbc53f4e0db5d28d,936,NewTaipei,121.423362066,25.070470167,NewTaipei:geo02,1,0.9,0.1,10,1
geometry:number_band:B2,NewTaipei:16584,NewTaipei:16584:157632:0:3bca2c213484c485,820,NewTaipei,121.472042011,25.0546897315,NewTaipei:geo02,0.3,0.1,0.2,10,1
geometry:number_band:B2,NewTaipei:16585,NewTaipei:16585:157633:0:f4bd265497f3f46e,908,NewTaipei,121.433187761,24.9669987854,NewTaipei:geo00,0.9,0.7,0.2,10,1
geometry:number_band:B2,NewTaipei:16588,NewTaipei:16588:157636:0:332f61060683a30f,264,NewTaipei,121.479753003,25.047524112,NewTaipei:geo02,0.2,0,0.2,10,2
geometry:number_band:B2,NewTaipei:16591,NewTaipei:16591:157639:0:aa282defe02db964,857,NewTaipei,121.460278383,25.0969503658,NewTaipei:geo01,0.3,0.1,0.2,10,1
geometry:number_band:B2,NewTaipei:16594,NewTaipei:16594:157642:0:a933252818b9cc00,801,NewTaipei,121.471580154,25.0510645745,NewTaipei:geo02,0.2,0.2,0,10,1
geometry:number_band:B2,NewTaipei:16595,NewTaipei:16595:157643:0:633f6ac8f6cf39da,803,NewTaipei,121.476068126,25.0604499519,NewTaipei:geo02,0.2,0.2,0,10,1
geometry:number_band:B2,NewTaipei:16603,NewTaipei:16603:157651:0:77b094c3f87a5a60,920,NewTaipei,121.410394135,25.060293257,NewTaipei:geo02,0.8,0.8,0,10,1
geometry:number_band:B2,NewTaipei:16604,NewTaipei:16604:158941:0:461105e884c9ae39,925,NewTaipei,121.41749524,25.0718568327,NewTaipei:geo02,1,1,0,10,1
geometry:number_band:B2,NewTaipei:16606,NewTaipei:16606:157654:1:4e71e0819b51db9e,981,NewTaipei,121.356918308,24.9504739833,NewTaipei:geo00,0.6,0.6,0,10,1
geometry:number_band:B2,NewTaipei:16607,NewTaipei:16607:157655:0:1f46174f34989c37,889,NewTaipei,121.411366921,24.9735838437,NewTaipei:geo00,0.5,0.1,0.4,10,1
geometry:number_band:B2,NewTaipei:16608,NewTaipei:16608:157656:0:302b828da7456e8d,802,NewTaipei,121.418931616,24.9956262151,NewTaipei:geo00,0.5,0.3,0.2,10,1
geometry:number_band:B2,NewTaipei:16609,NewTaipei:16609:157657:0:3256c6e8096ec896,842,NewTaipei,121.441322616,25.025407414,NewTaipei:geo02,0.5,0.5,0,10,1
geometry:number_band:B2,NewTaipei:16614,NewTaipei:16614:157662:0:3d8334033737df92,930延,NewTaipei,121.513707061,24.9862536148,NewTaipei:geo04,0.5,0.3,0.2,10,1
geometry:number_band:B2,NewTaipei:16626,NewTaipei:16626:157674:0:0bd2151dd989d460,870,NewTaipei,121.440648409,25.190932605,NewTaipei:geo03,0.8,0.6,0.2,10,1
geometry:number_band:B2,NewTaipei:16627,NewTaipei:16627:157675:0:f9157ad805fb90db,872,NewTaipei,121.446507857,25.2036943806,NewTaipei:geo03,1,0.9,0.1,10,1
geometry:number_band:B2,NewTaipei:16628,NewTaipei:16628:157676:0:d407f67478987c11,871,NewTaipei,121.45018339,25.198271402,NewTaipei:geo03,0.9,0.9,0,10,1
geometry:number_band:B2,NewTaipei:16629,NewTaipei:16629:157677:0:1c0787656573655b,873,NewTaipei,121.446284953,25.2045523968,NewTaipei:geo03,1,0.9,0.1,10,1
geometry:number_band:B2,NewTaipei:16630,NewTaipei:16630:157678:0:e383fd8a4d876144,868,NewTaipei,121.465482505,25.1662500551,NewTaipei:geo03,0.6,0.6,0,10,1
geometry:number_band:B2,NewTaipei:16633,NewTaipei:16633:157681:0:7fd0f5b8dbec38f9,919,NewTaipei,121.610346041,25.0578966084,NewTaipei:geo05,0,0.1,-0.1,10,1
geometry:number_band:B2,NewTaipei:16635,NewTaipei:16635:157696:0:531ccaacac177562,939,NewTaipei,121.475978861,24.9806055615,NewTaipei:geo04,0.7,0.5,0.2,10,1
geometry:number_band:B2,NewTaipei:16637,NewTaipei:16637:157697:0:2e97e91e9eefc753,780,NewTaipei,121.818827608,25.0203709549,NewTaipei:geo06,0.4,0.4,0,10,1
geometry:number_band:B2,NewTaipei:16641,NewTaipei:16641:160828:1:4602761d9337e375,788,NewTaipei,121.80919838,25.1178179965,NewTaipei:geo06,0.3,0.6,-0.3,10,1
geometry:number_band:B2,NewTaipei:16642,NewTaipei:16642:159633:1:0688c606159b3911,787,NewTaipei,121.751282741,25.1119974603,NewTaipei:geo06,0.8,0.8,0,10,1
geometry:number_band:B2,NewTaipei:16643,NewTaipei:16643:157703:0:1e1e2bb99b45e99f,782,NewTaipei,121.835743012,25.0295640803,NewTaipei:geo06,0.2,0.3,-0.1,10,1
geometry:number_band:B2,NewTaipei:16644,NewTaipei:16644:157704:0:bfe78e3607e2ae54,781,NewTaipei,121.835738124,25.0295716732,NewTaipei:geo06,0.2,0.3,-0.1,10,1
geometry:number_band:B2,NewTaipei:16651,NewTaipei:16651:157715:0:c09364d267453b3f,864,NewTaipei,121.472095998,25.1759096591,NewTaipei:geo03,0.7,0.4,0.3,10,1
geometry:number_band:B2,NewTaipei:16655,NewTaipei:16655:157719:0:3581a6a9aed4b192,937,NewTaipei,121.421923058,25.0709613055,NewTaipei:geo02,1,0.9,0.1,10,1
geometry:number_band:B2,NewTaipei:16656,NewTaipei:16656:157720:0:df5a9673fae9dfec,839耕莘,NewTaipei,121.520092903,24.9582394877,NewTaipei:geo04,0.2,0.1,0.1,10,1
geometry:number_band:B2,NewTaipei:16659,NewTaipei:16659:157722:1:581f90de23ead74d,880,NewTaipei,121.436191851,25.0882205403,NewTaipei:geo01,0.5,0.1,0.4,10,1
geometry:number_band:B2,NewTaipei:16660,NewTaipei:16660:157724:0:d82e6d61eb02ec3e,883,NewTaipei,121.441953882,25.1100246336,NewTaipei:geo01,0.5,0,0.5,10,1
geometry:number_band:B2,NewTaipei:16662,NewTaipei:16662:157726:0:9aa389c233f1823d,948,NewTaipei,121.411286937,25.0516732038,NewTaipei:geo02,0.6,0.8,-0.2,10,1
geometry:number_band:B2,NewTaipei:16664,NewTaipei:16664:157728:0:82ad3ebaafb51407,921,NewTaipei,121.426740225,24.9645773523,NewTaipei:geo00,0.8,0.7,0.1,10,1
geometry:number_band:B2,NewTaipei:16665,NewTaipei:16665:159314:0:1d8e96b6e917150a,851,NewTaipei,121.360395145,24.9463654993,NewTaipei:geo00,0.1,0.4,-0.3,10,1
geometry:number_band:B2,NewTaipei:16666,NewTaipei:16666:157730:0:4043146ac86fd5d4,852,NewTaipei,121.402123519,24.9701159343,NewTaipei:geo00,0.6,0.3,0.3,10,1
geometry:number_band:B2,NewTaipei:16670,NewTaipei:16670:157734:0:500a7b1dfe52c5a9,810,NewTaipei,121.443695263,25.0159988195,NewTaipei:geo02,0.5,0.3,0.2,10,1
geometry:number_band:B2,NewTaipei:16672,NewTaipei:16672:157736:0:b988d57e2e4a031e,938,NewTaipei,121.468105042,25.0571124404,NewTaipei:geo02,0,0,0,10,1
geometry:number_band:B2,NewTaipei:16675,NewTaipei:16675:157739:0:2f3ace3bca9b6089,863,NewTaipei,121.537569345,25.2509921439,NewTaipei:geo03,0.9,0.9,0,10,1
geometry:number_band:B2,NewTaipei:16681,NewTaipei:16681:159635:1:029e2622b2640953,787經瑞芳工業區,NewTaipei,121.753318127,25.1111714214,NewTaipei:geo06,0.8,0.8,0,10,1
geometry:number_band:B2,NewTaipei:16682,NewTaipei:16682:157746:0:ea327882749676b4,791,NewTaipei,121.848205043,25.1075315573,NewTaipei:geo06,0.5,0.7,-0.2,10,1
geometry:number_band:B2,NewTaipei:16685,NewTaipei:16685:157770:0:365180b7a6627e3e,657延,NewTaipei,121.465739441,25.0060269204,NewTaipei:geo04,0.4,0.1,0.3,10,1
geometry:number_band:B2,NewTaipei:16688,NewTaipei:16688:157773:0:4213cf3a365c4c86,983,NewTaipei,121.45428659,25.1608290638,NewTaipei:geo03,0.1,0,0.1,10,1
geometry:number_band:B2,NewTaipei:16689,NewTaipei:16689:157774:0:d2c0d988b567a316,793,NewTaipei,121.499067287,24.998634814,NewTaipei:geo04,0.1,0.1,0,10,1
geometry:number_band:B2,NewTaipei:16691,NewTaipei:16691:157776:0:efa6cfba4fdaee10,796,NewTaipei,121.539609429,24.9900168943,NewTaipei:geo04,0.1,0,0.1,10,1
geometry:number_band:B2,NewTaipei:16692,NewTaipei:16692:157777:0:7723b2af621f5e9a,783,NewTaipei,121.456629059,25.0552336009,NewTaipei:geo02,0.1,0.1,0,10,1
geometry:number_band:B2,NewTaipei:16693,NewTaipei:16693:157778:0:dda030d7227d4164,785,NewTaipei,121.466973839,25.0893111643,NewTaipei:geo02,0.1,0,0.1,10,1
geometry:number_band:B2,NewTaipei:16694,NewTaipei:16694:157779:0:77931a3aa5c2278b,786,NewTaipei,121.414616362,25.0546808986,NewTaipei:geo02,0.1,0,0.1,10,1
geometry:number_band:B2,NewTaipei:16695,NewTaipei:16695:157780:0:216260aa3f91dc55,821,NewTaipei,121.47245182,25.1743117263,NewTaipei:geo03,0.7,0.4,0.3,10,1
geometry:number_band:B2,NewTaipei:16697,NewTaipei:16697:160487:1:5d055b5a767a824d,847區,NewTaipei,121.432873511,24.9802998381,NewTaipei:geo00,0.4,0.2,0.2,10,1
geometry:number_band:B2,NewTaipei:16710,NewTaipei:16710:157802:0:5e2a3798186b6bc4,867區,NewTaipei,121.483194475,25.2415939878,NewTaipei:geo03,1,1,0,10,1
geometry:number_band:B2,NewTaipei:16717,NewTaipei:16717:157814:0:740254164781cf25,895,NewTaipei,121.513406775,24.9977117753,NewTaipei:geo04,0.1,0.1,0,10,1
geometry:number_band:B2,NewTaipei:16719,NewTaipei:16719:157817:0:15c522bc9be02c02,795往木柵(台灣好行-木柵平溪線),NewTaipei,121.670188072,25.0126395066,NewTaipei:geo05,0.2,0.2,0,10,1
geometry:number_band:B2,NewTaipei:16726,NewTaipei:16726:159535:0:c70323a8b9423db0,941,NewTaipei,121.460425528,24.9673209454,NewTaipei:geo00,0.8,0.6,0.2,10,1
geometry:number_band:B2,NewTaipei:16728,NewTaipei:16728:157830:0:2bd5b6cfc09a2729,940,NewTaipei,121.406718943,24.9565513932,NewTaipei:geo00,0.8,0.6,0.2,10,1
geometry:number_band:B2,NewTaipei:16730,NewTaipei:16730:157832:0:d188877f20221c67,822,NewTaipei,121.409177428,25.0856120407,NewTaipei:geo01,0.3,0.1,0.2,10,1
geometry:number_band:B2,NewTaipei:16731,NewTaipei:16731:157836:0:d7ebe14cadb593a4,817,NewTaipei,121.627669469,25.0619166309,NewTaipei:geo05,0.2,0,0.2,10,1
geometry:number_band:B2,NewTaipei:16733,NewTaipei:16733:157838:0:c28e6655bf0d1c6d,890,NewTaipei,121.649148121,25.0817660166,NewTaipei:geo05,0.2,0.1,0.1,10,1
geometry:number_band:B2,NewTaipei:16734,NewTaipei:16734:157839:0:4e0656b89ca7b7ef,846,NewTaipei,121.787404452,25.0757928054,NewTaipei:geo06,0.4,0.1,0.3,10,1
geometry:number_band:B2,NewTaipei:16739,NewTaipei:16739:157844:0:a1fcefec2b339e59,789,NewTaipei,121.698656447,25.1525327062,NewTaipei:geo05,0.7,0.8,-0.1,10,1
geometry:number_band:B2,NewTaipei:16740,NewTaipei:16740:157845:0:e2a89f06ccbd79b6,790,NewTaipei,121.684767663,25.1782213332,NewTaipei:geo05,0.7,0.8,-0.1,10,1
geometry:number_band:B2,NewTaipei:16757,NewTaipei:16757:157872:0:5d19dd42a9fcf331,795往十分寮(台灣好行-木柵平溪線),NewTaipei,121.670127315,25.012665419,NewTaipei:geo05,0.2,0.2,0,10,1
geometry:number_band:B2,NewTaipei:16758,NewTaipei:16758:157873:0:b51eda0e8993fecb,795往平溪(台灣好行-木柵平溪線),NewTaipei,121.647288561,25.0076841671,NewTaipei:geo05,0.2,0.2,0,10,1
geometry:number_band:B2,NewTaipei:16759,NewTaipei:16759:157876:0:2525ece79a50541a,943,NewTaipei,121.484409634,24.9874171591,NewTaipei:geo04,0.7,0.6,0.1,10,1
geometry:number_band:B2,NewTaipei:16767,NewTaipei:16767:157894:0:869e1d6432a9cfbf,594,NewTaipei,121.448883246,25.1729575873,NewTaipei:geo03,0.2,0.1,0.1,10,1
geometry:number_band:B2,NewTaipei:16768,NewTaipei:16768:158972:1:5a10b9afb1586c74,595,NewTaipei,121.438509421,25.1878272812,NewTaipei:geo03,0.2,0,0.2,10,1
geometry:number_band:B2,NewTaipei:16772,NewTaipei:16772:157899:0:e012b5d340d834f8,593,NewTaipei,121.430417758,25.17768516,NewTaipei:geo03,0.1,0,0.1,10,1
geometry:number_band:B2,NewTaipei:16845,NewTaipei:16845:157972:0:7f5b80fe17652518,578,NewTaipei,121.464963297,25.0573091476,NewTaipei:geo02,0.4,0.5,-0.1,10,1
geometry:number_band:B2,NewTaipei:16847,NewTaipei:16847:157974:0:1b12b26b395a06ec,579,NewTaipei,121.460455575,25.0557538238,NewTaipei:geo02,0.3,0.2,0.1,10,1
geometry:number_band:B2,NewTaipei:16849,NewTaipei:16849:157976:0:e8ee3a3bf2504e79,580,NewTaipei,121.447197138,25.0999274441,NewTaipei:geo01,0.2,0.3,-0.1,10,1
geometry:number_band:B2,NewTaipei:16851,NewTaipei:16851:157978:1:634b558eec492a94,581,NewTaipei,121.443200114,25.0904816828,NewTaipei:geo01,0.2,0.1,0.1,10,1
geometry:number_band:B2,NewTaipei:16855,NewTaipei:16855:157982:0:7a493045e71d8106,582,NewTaipei,121.469690967,25.0608654501,NewTaipei:geo02,0.5,0.4,0.1,10,1
geometry:number_band:B2,NewTaipei:16897,NewTaipei:16897:158024:0:f257f012e606908a,570,NewTaipei,121.454505947,24.968398934,NewTaipei:geo00,0.5,0.5,0,10,1
geometry:number_band:B2,NewTaipei:16898,NewTaipei:16898:158025:0:719323739f0f0e1d,571,NewTaipei,121.429205253,24.9536993421,NewTaipei:geo00,0.5,0.3,0.2,10,1
geometry:number_band:B2,NewTaipei:16899,NewTaipei:16899:158026:0:6aaca3c066ba9bf6,572,NewTaipei,121.452643608,24.9753422831,NewTaipei:geo00,0.5,0.4,0.1,10,1
geometry:number_band:B2,NewTaipei:16900,NewTaipei:16900:158027:0:75bdb578e34981ab,573,NewTaipei,121.446007064,24.9765741505,NewTaipei:geo00,0.5,0.4,0.1,10,1
geometry:number_band:B2,NewTaipei:16901,NewTaipei:16901:158028:0:3915abd476786d38,574,NewTaipei,121.444719283,24.9755170155,NewTaipei:geo00,0.5,0.5,0,10,1
geometry:number_band:B2,NewTaipei:16902,NewTaipei:16902:158029:0:fd6c9a4073ed6ef5,575,NewTaipei,121.443900989,24.9586632177,NewTaipei:geo00,0.6,0.2,0.4,10,1
geometry:number_band:B2,NewTaipei:16930,NewTaipei:16930:159897:0:2f42933f6e9c75bb,592,NewTaipei,121.548524128,24.974132451,NewTaipei:geo04,0.1,0.1,0,10,1
geometry:number_band:B2,NewTaipei:16997,NewTaipei:16997:159015:0:1b103e7f3feb4394,586,NewTaipei,121.665695968,25.0732497868,NewTaipei:geo05,0.2,0.6,-0.4,10,1
geometry:number_band:B2,NewTaipei:17001,NewTaipei:17001:158128:1:b228eec7aea34a38,587,NewTaipei,121.647765317,25.0859092814,NewTaipei:geo05,0.2,0.2,0,10,1
geometry:number_band:B2,NewTaipei:17009,NewTaipei:17009:158136:0:2b69506f1f31ff77,589,NewTaipei,121.661422836,25.0667461582,NewTaipei:geo05,0.1,0.2,-0.1,10,1
geometry:number_band:B2,NewTaipei:17015,NewTaipei:17015:158142:0:950277e9ef250b03,677副,NewTaipei,121.62018952,25.0736802056,NewTaipei:geo05,0.4,0.3,0.1,10,1
geometry:number_band:B2,NewTaipei:17016,NewTaipei:17016:158143:0:2d12308191578cb5,590,NewTaipei,121.626403803,25.0691714422,NewTaipei:geo05,0.1,0.2,-0.1,10,1
geometry:number_band:B2,NewTaipei:17017,NewTaipei:17017:158144:0:25141757b272793c,591,NewTaipei,121.618720782,25.0653678369,NewTaipei:geo05,0.1,0.2,-0.1,10,1
geometry:number_band:B2,NewTaipei:17292,NewTaipei:17292:158421:0:13623d0f7a12e819,945,NewTaipei,121.437290996,25.0699762698,NewTaipei:geo02,1,0.9,0.1,10,1
geometry:number_band:B2,NewTaipei:17293,NewTaipei:17293:158422:0:57f592d41cdefa17,946,NewTaipei,121.446121472,25.0717041041,NewTaipei:geo02,1,0.8,0.2,10,1
geometry:number_band:B2,NewTaipei:17294,NewTaipei:17294:158423:0:9f9e65c77e1cc770,946副,NewTaipei,121.449289646,25.0712229105,NewTaipei:geo02,1,0.8,0.2,10,1
geometry:number_band:B2,NewTaipei:17300,NewTaipei:17300:158429:0:4be629c1cce8e07a,624,NewTaipei,121.50952758,24.99397615,NewTaipei:geo04,0.3,0.2,0.1,10,1
geometry:number_band:B2,NewTaipei:17304,NewTaipei:17304:158433:0:c9c01b53c9aaae44,985萬大樹林先導公車,NewTaipei,121.447778895,25.0027873695,NewTaipei:geo00,0,0.4,-0.4,10,1
geometry:number_band:B2,NewTaipei:17479,NewTaipei:17479:158635:0:4791b6d7f3b48fb7,290副萬和,NewTaipei,121.53767515,24.9914095889,NewTaipei:geo04,0.3,0.3,0,10,1
geometry:number_band:B2,NewTaipei:17482,NewTaipei:17482:158638:0:fef3ca232c133507,666皇帝殿,NewTaipei,121.60525221,24.9981386148,NewTaipei:geo05,0.4,0.5,-0.1,10,1
geometry:number_band:B2,NewTaipei:17483,NewTaipei:17483:158639:0:84e1c285e5b04f89,666烏塗窟,NewTaipei,121.605885873,24.9974792743,NewTaipei:geo05,0.4,0.5,-0.1,10,1
geometry:number_band:B2,NewTaipei:17500,NewTaipei:17500:158663:0:f4890e1d3a72d885,790漁港,NewTaipei,121.685816601,25.1788161008,NewTaipei:geo05,0.7,0.8,-0.1,10,1
geometry:number_band:B2,NewTaipei:17501,NewTaipei:17501:158664:0:5707de8c2e4de411,788海科館,NewTaipei,121.797523075,25.1231782636,NewTaipei:geo06,0.4,0.7,-0.3,10,1
geometry:number_band:B2,NewTaipei:17513,NewTaipei:17513:158679:0:de9cc03e7cbd8d6b,583,NewTaipei,121.452023847,25.1013784588,NewTaipei:geo01,0.5,0.2,0.3,10,1
geometry:number_band:B2,NewTaipei:17515,NewTaipei:17515:158683:0:9ddb1089494cc688,778,NewTaipei,121.377750879,24.919548904,NewTaipei:geo00,0.1,0.1,0,10,1
geometry:number_band:B2,NewTaipei:17517,NewTaipei:17517:158685:0:428f2c2a8856e970,99,NewTaipei,121.451169404,25.0268788894,NewTaipei:geo02,0,0,0,10,1
geometry:number_band:B2,NewTaipei:17518,NewTaipei:17518:158686:0:38d0a14694f1227b,845,NewTaipei,121.4434211,25.0305058444,NewTaipei:geo02,0.4,0.5,-0.1,10,1
geometry:number_band:B2,NewTaipei:17519,NewTaipei:17519:158687:0:77c366a5f25d1e57,916,NewTaipei,121.392988492,24.949307608,NewTaipei:geo00,0.9,0.6,0.3,10,1
geometry:number_band:B2,NewTaipei:17523,NewTaipei:17523:158691:0:4aa538b1f234a280,806,NewTaipei,121.469372681,25.0415597484,NewTaipei:geo02,0.3,0.2,0.1,10,1
geometry:number_band:B2,NewTaipei:17524,NewTaipei:17524:158692:0:2652ea16c1235b68,805,NewTaipei,121.448015445,25.0318353319,NewTaipei:geo02,0.4,0.3,0.1,10,1
geometry:number_band:B2,NewTaipei:17525,NewTaipei:17525:158693:0:18ceac0bf4365c89,823,NewTaipei,121.634067939,25.056020152,NewTaipei:geo05,0.2,0.1,0.1,10,1
geometry:number_band:B2,NewTaipei:17526,NewTaipei:17526:159276:0:0f5f9d8b02bb906e,813,NewTaipei,121.455379454,25.0301398653,NewTaipei:geo02,0.3,0.4,-0.1,10,1
geometry:number_band:B2,NewTaipei:17527,NewTaipei:17527:158695:0:33a099285d0a55a6,813區,NewTaipei,121.46023159,25.0240642073,NewTaipei:geo02,0.3,0.4,-0.1,10,1
geometry:number_band:B2,NewTaipei:17528,NewTaipei:17528:158696:0:6f4f6850f3b5d35c,862,NewTaipei,121.592766751,25.2224443351,NewTaipei:geo05,0.7,0.7,0,10,1
geometry:number_band:B2,NewTaipei:17530,NewTaipei:17530:159900:1:7938113a526a07c5,716(台灣好行-皇冠北海岸線),NewTaipei,121.553023644,25.2457848293,NewTaipei:geo03,0,0,0,10,1
geometry:number_band:B2,NewTaipei:17532,NewTaipei:17532:159687:0:fb73d03c50f84294,918,NewTaipei,121.484667673,25.0160262057,NewTaipei:geo04,0.7,0.2,0.5,10,1
geometry:number_band:B2,NewTaipei:17534,NewTaipei:17534:158702:0:f15f99db774971a1,933,NewTaipei,121.507345555,25.0159544241,NewTaipei:geo04,0.5,0.1,0.4,10,1
geometry:number_band:B2,NewTaipei:17536,NewTaipei:17536:158704:0:0bc278af6296b2a9,927,NewTaipei,121.436740469,25.1131505515,NewTaipei:geo01,0.4,0.3,0.1,10,1
geometry:number_band:B2,NewTaipei:17537,NewTaipei:17537:158705:0:8730d86237e92815,928,NewTaipei,121.432913084,25.1197925355,NewTaipei:geo01,0.4,0.5,-0.1,10,1
geometry:number_band:B2,NewTaipei:17545,NewTaipei:17545:158713:0:8220e01eda29e4ee,927經台北港,NewTaipei,121.432780862,25.1163947057,NewTaipei:geo01,0.4,0.4,0,10,1
geometry:number_band:B2,NewTaipei:17548,NewTaipei:17548:158717:0:34a215b6bafd738d,951,NewTaipei,121.593591315,25.0151719325,NewTaipei:geo05,0.2,0.2,0,10,1
geometry:number_band:B2,NewTaipei:17557,NewTaipei:17557:158727:0:e7ef2024d9080e9d,897,NewTaipei,121.50099021,24.9919996448,NewTaipei:geo04,0.1,0,0.1,10,1
geometry:number_band:B2,NewTaipei:17570,NewTaipei:17570:158740:0:8054f2bac7235b4a,947,NewTaipei,121.453961209,25.1124589089,NewTaipei:geo01,0.3,0.4,-0.1,10,1
geometry:number_band:B2,NewTaipei:17575,NewTaipei:17575:158745:0:b90bb8cd359ddff5,953,NewTaipei,121.644665191,25.1186712793,NewTaipei:geo05,0.3,0.3,0,10,1
geometry:number_band:B2,NewTaipei:17576,NewTaipei:17576:158746:0:cd9a5ed27fc4ca4b,952,NewTaipei,121.379882985,25.0497754399,NewTaipei:geo02,0.6,0.8,-0.2,10,1
geometry:number_band:B2,NewTaipei:17621,NewTaipei:17621:158793:0:f15950be37be2303,853跳蛙,NewTaipei,121.461319891,25.2171127499,NewTaipei:geo03,1,1,0,10,1
geometry:number_band:B2,NewTaipei:17625,NewTaipei:17625:158801:0:00c75f3a5d23efb6,898,NewTaipei,121.402261289,25.0556841563,NewTaipei:geo02,0.3,0.2,0.1,10,1
geometry:number_band:B2,NewTaipei:17668,NewTaipei:17668:158844:0:9a33b43fe3a4c372,982,NewTaipei,121.48064921,25.0212012015,NewTaipei:geo04,0.7,0.2,0.5,10,1
geometry:number_band:B2,NewTaipei:17672,NewTaipei:17672:158850:0:c7265d377259e73b,577,NewTaipei,121.465382228,25.0038267585,NewTaipei:geo04,0.2,0.1,0.1,10,1
geometry:number_band:B2,NewTaipei:17679,NewTaipei:17679:158858:0:432e4e5132cf539f,982區,NewTaipei,121.457319736,25.0508939301,NewTaipei:geo02,0.6,0.1,0.5,10,1
geometry:number_band:B2,NewTaipei:17680,NewTaipei:17680:158859:0:f2363858c44c4db6,982直達,NewTaipei,121.487918922,25.0125675282,NewTaipei:geo04,0.6,0.1,0.5,10,1
geometry:number_band:B2,NewTaipei:17682,NewTaipei:17682:158861:1:44f017557a30ecdd,596,NewTaipei,121.440867471,24.9962847832,NewTaipei:geo00,0.1,0.3,-0.2,10,1
geometry:number_band:B2,NewTaipei:17683,NewTaipei:17683:158862:0:06db35b677373666,585,NewTaipei,121.449201762,25.002797034,NewTaipei:geo00,0.2,0.5,-0.3,10,1
geometry:number_band:B2,NewTaipei:17687,NewTaipei:17687:158865:0:ae32325f06bbefd8,982直達新埔線,NewTaipei,121.458101404,25.0445104031,NewTaipei:geo02,0.4,0.4,0,10,1
geometry:number_band:B2,NewTaipei:17692,NewTaipei:17692:158874:0:e342ebda014ef410,791繞貢寮,NewTaipei,121.853446873,25.0992200091,NewTaipei:geo06,0.5,0.7,-0.2,10,1
geometry:number_band:B2,NewTaipei:17696,NewTaipei:17696:158879:0:eb2eed50a34f393e,849屈尺社區,NewTaipei,121.541905427,24.9496959806,NewTaipei:geo04,0.1,0.1,0,10,1
geometry:number_band:B2,NewTaipei:17706,NewTaipei:17706:158889:0:721b4bdd8be1937b,897區,NewTaipei,121.513934988,24.9774744564,NewTaipei:geo04,0.4,0.2,0.2,10,1
geometry:number_band:B2,NewTaipei:17717,NewTaipei:17717:158900:0:a558560032960c4a,932繞國家教育研究院,NewTaipei,121.409564959,24.963785278,NewTaipei:geo00,0.7,0.6,0.1,10,1
geometry:number_band:B2,NewTaipei:17718,NewTaipei:17718:158901:0:078a76699f0b23be,791經貢寮區衛生,NewTaipei,121.84742755,25.1077501972,NewTaipei:geo06,0.5,0.7,-0.2,10,1
geometry:number_band:B2,NewTaipei:17719,NewTaipei:17719:158902:0:7204b4af80012f21,786區,NewTaipei,121.407183385,25.0632097747,NewTaipei:geo02,0.1,0.2,-0.1,10,1
geometry:number_band:B2,NewTaipei:17720,NewTaipei:17720:158908:0:a1a8bbbbfc4c88f7,939跳蛙,NewTaipei,121.483503828,24.9835462249,NewTaipei:geo04,0.7,0.5,0.2,10,1
geometry:number_band:B2,NewTaipei:17775,NewTaipei:17775:159119:0:2ea87fc2055285f0,908延,NewTaipei,121.426923028,24.962989611,NewTaipei:geo00,0.9,0.7,0.2,10,1
geometry:number_band:B2,NewTaipei:17789,NewTaipei:17789:159134:0:50c89798391f3220,960,NewTaipei,121.448018047,25.0455266836,NewTaipei:geo02,0.4,0.4,0,10,1
geometry:number_band:B2,NewTaipei:17790,NewTaipei:17790:159135:0:71f1be375705d87e,958,NewTaipei,121.464748145,25.061759139,NewTaipei:geo02,0.4,0.4,0,10,1
geometry:number_band:B2,NewTaipei:17791,NewTaipei:17791:159136:0:98fc4a7862b1880a,959,NewTaipei,121.4622868,25.0582734365,NewTaipei:geo02,0.4,0.3,0.1,10,1
geometry:number_band:B2,NewTaipei:17802,NewTaipei:17802:159147:0:6d9795d0c497560a,854,NewTaipei,121.369619743,25.0692134112,NewTaipei:geo01,0.3,0.3,0,10,1
geometry:number_band:B2,NewTaipei:17806,NewTaipei:17806:159151:0:4c292ec1cde25656,899,NewTaipei,121.444793062,25.0779611336,NewTaipei:geo02,0.1,0.1,0,10,1
geometry:number_band:B2,NewTaipei:17824,NewTaipei:17824:159184:0:1cddea3f69e2dd41,886區,NewTaipei,121.83623154,25.120989318,NewTaipei:geo06,0.6,0.6,0,10,1
geometry:number_band:B2,NewTaipei:17838,NewTaipei:17838:159212:0:8fbb0f95701772f8,894,NewTaipei,121.436645446,25.1857955434,NewTaipei:geo03,0.7,0.7,0,10,1
geometry:number_band:B2,NewTaipei:17845,NewTaipei:17845:159218:0:ef1219db1e169af9,953區,NewTaipei,121.647778937,25.1220018383,NewTaipei:geo05,0.3,0.2,0.1,10,1
geometry:number_band:B2,NewTaipei:17865,NewTaipei:17865:159263:1:54735fb24ebbe4ab,789區,NewTaipei,121.702565756,25.1536019861,NewTaipei:geo05,0.7,0.4,0.3,10,1
geometry:number_band:B2,NewTaipei:17868,NewTaipei:17868:159290:0:fe07f4ac065d4938,638副,NewTaipei,121.431670738,25.0658611709,NewTaipei:geo02,0.2,0.2,0,10,1
geometry:number_band:B2,NewTaipei:17889,NewTaipei:17889:159341:0:33c1b1eee2bbaa32,824,NewTaipei,121.451932947,25.0044143483,NewTaipei:geo00,0.3,0.3,0,10,1
geometry:number_band:B2,NewTaipei:17916,NewTaipei:17916:159393:0:06b5e43df843dd27,963,NewTaipei,121.445035872,25.102001407,NewTaipei:geo01,0.5,0.4,0.1,10,1
geometry:number_band:B2,NewTaipei:17923,NewTaipei:17923:158016:1:ebee1259e791eab1,819副,NewTaipei,121.594012162,24.9961282742,NewTaipei:geo05,0.1,0.1,0,10,1
geometry:number_band:B2,NewTaipei:17937,NewTaipei:17937:159432:0:467d70062fae2ea6,965(台灣好行-九份金瓜石線),NewTaipei,121.658843087,25.0750754329,NewTaipei:geo05,0.1,0.4,-0.3,10,1
geometry:number_band:B2,NewTaipei:17942,NewTaipei:17942:159439:0:48c01d2309cef4bc,939副,NewTaipei,121.466666899,24.9795434621,NewTaipei:geo04,0.7,0.5,0.2,10,1
geometry:number_band:B2,NewTaipei:17945,NewTaipei:17945:159443:0:6307a0eb98d82464,712,NewTaipei,121.425571347,25.0029182685,NewTaipei:geo00,0.2,0.1,0.1,10,1
geometry:number_band:B2,NewTaipei:17971,NewTaipei:17971:159548:0:7d578c3c3630ff74,837副,NewTaipei,121.458724616,25.1442745661,NewTaipei:geo01,0.6,0.4,0.2,10,1
geometry:number_band:B2,NewTaipei:17972,NewTaipei:17972:159549:0:ed7c15a2ffd566b9,837區,NewTaipei,121.458129728,25.1525417297,NewTaipei:geo03,0.6,0.5,0.1,10,1
geometry:number_band:B2,NewTaipei:18041,NewTaipei:18041:159674:0:d59aaee02226ad96,576,NewTaipei,121.530374312,24.9721699987,NewTaipei:geo04,0.1,0,0.1,10,1
geometry:number_band:B2,NewTaipei:18098,NewTaipei:18098:159757:0:7682f1ed0d09c3d0,788區,NewTaipei,121.775896287,25.1252762545,NewTaipei:geo06,0.6,0.5,0.1,10,1
geometry:number_band:B2,NewTaipei:18118,NewTaipei:18118:159877:0:76a9c343581e717e,966,NewTaipei,121.429401253,25.0700420623,NewTaipei:geo02,1,0.9,0.1,10,1
geometry:number_band:B2,NewTaipei:18119,NewTaipei:18119:159907:0:66bb3c7105530e9c,967,NewTaipei,121.445808322,25.0633060093,NewTaipei:geo02,1,0.8,0.2,10,1
geometry:number_band:B2,NewTaipei:18128,NewTaipei:18128:159910:0:4a04f05f7fe19a45,967直,NewTaipei,121.455853704,25.0615496729,NewTaipei:geo02,1,0.8,0.2,10,1
geometry:number_band:B2,NewTaipei:18148,NewTaipei:18148:159977:0:e46ac079f97cb4e8,582經工業區,NewTaipei,121.468858296,25.0619260144,NewTaipei:geo02,0.5,0.4,0.1,10,1
geometry:number_band:B2,NewTaipei:18158,NewTaipei:18158:160007:0:7b331862eee2ca23,115平日,NewTaipei,121.420694921,25.1700439003,NewTaipei:geo03,0.1,0.1,0,10,1
geometry:number_band:B2,NewTaipei:18258,NewTaipei:18258:160167:0:5b12ceedce4510b4,712副,NewTaipei,121.427551108,24.9989944496,NewTaipei:geo00,0.2,0.1,0.1,10,1
geometry:number_band:B2,NewTaipei:18318,NewTaipei:18318:160228:0:b3968d699494f011,918區,NewTaipei,121.45033506,25.0437513823,NewTaipei:geo02,0.6,0.1,0.5,10,1
geometry:number_band:B2,NewTaipei:18558,NewTaipei:18558:160527:0:2d4a5d8b9fab57e8,878區,NewTaipei,121.428699311,25.1445965576,NewTaipei:geo01,0.4,0.4,0,10,1
geometry:number_band:B2,NewTaipei:18728,NewTaipei:18728:160787:0:402ba7bc31098adf,937副,NewTaipei,121.442276949,25.0686915273,NewTaipei:geo02,1,0.2,0.8,10,1
geometry:number_band:B2,NewTaipei:18729,NewTaipei:18729:160788:0:8bbfcf78dfc4b97e,920副,NewTaipei,121.427606043,25.0524851039,NewTaipei:geo02,0.7,0.2,0.5,10,1
geometry:number_band:B2,NewTaipei:18730,NewTaipei:18730:160789:0:ce83b8049b5ab724,966副,NewTaipei,121.44827895,25.0686328687,NewTaipei:geo02,1,0.2,0.8,10,1
geometry:number_band:B2,NewTaipei:18731,NewTaipei:18731:160793:0:96b5d1e3912f7b08,967副,NewTaipei,121.468292797,25.0663813529,NewTaipei:geo02,1,0.2,0.8,10,1
geometry:number_band:B2,NewTaipei:18738,NewTaipei:18738:160797:0:54c18b4a66dd963d,760,NewTaipei,121.361709789,25.0738910966,NewTaipei:geo01,0.2,0,0.2,10,1
geometry:number_band:B2,NewTaipei:18758,NewTaipei:18758:160837:0:317f69520332f63d,936A,NewTaipei,121.426046913,25.0710083034,NewTaipei:geo02,1,0.9,0.1,10,1
geometry:number_band:B2,NewTaipei:18760,NewTaipei:18760:160839:0:56dd2439f8bf8df4,966A,NewTaipei,121.431564742,25.0707547142,NewTaipei:geo02,1,0.9,0.1,10,1
geometry:number_band:B2,NewTaipei:18762,NewTaipei:18762:160841:0:06fd8a4f89cbf2f5,937A,NewTaipei,121.426102042,25.0714671215,NewTaipei:geo02,1,0.9,0.1,10,1
geometry:number_band:B2,NewTaipei:18764,NewTaipei:18764:160843:0:f16a8df5de6c2176,920A,NewTaipei,121.413772607,25.0591256665,NewTaipei:geo02,0.8,0.8,0,10,1
geometry:number_band:B2,NewTaipei:19048,NewTaipei:19048:161347:0:ae3e91599658f915,597,NewTaipei,121.463909959,25.0669654355,NewTaipei:geo02,0.5,0.2,0.3,10,1
geometry:number_band:B2,NewTaipei:19208,NewTaipei:19208:161547:0:52d3f0f213637571,791區,NewTaipei,121.776025159,25.1313196059,NewTaipei:geo06,0.7,0.7,0,10,1
geometry:number_band:B2,NewTaipei:19228,NewTaipei:19228:161587:0:89b93829204e9431,731,NewTaipei,121.350117139,24.9508540894,NewTaipei:geo00,0.2,0.1,0.1,10,1
geometry:number_band:B2,NewTaipei:19741,NewTaipei:19741:162446:0:da3b541807f065b0,629區,NewTaipei,121.655705183,25.068147997,NewTaipei:geo05,0.3,0.3,0,10,1
geometry:number_band:B2,NewTaipei:19747,NewTaipei:19747:162455:0:40a81dbee223496c,177瑞芳觀光公車,NewTaipei,121.829970789,25.1194439089,NewTaipei:geo06,0.1,0,0.1,10,1
geometry:number_band:B2,NewTaipei:19748,NewTaipei:19748:162457:0:e3e5aeec79112c69,179,NewTaipei,121.835786767,25.1092181055,NewTaipei:geo06,0.1,0,0.1,10,1
geometry:number_band:B2,NewTaipei:19760,NewTaipei:19760:162483:0:83cc4253a759a064,640A,NewTaipei,121.469171272,25.0689154287,NewTaipei:geo02,0.3,0.1,0.2,10,1
geometry:number_band:B2,NewTaipei:19781,NewTaipei:19781:162558:0:8d27e451ffdaa616,989,NewTaipei,121.333152014,25.1330430516,NewTaipei:geo01,0.1,0.9,-0.8,10,1
geometry:number_band:B2,NewTaipei:19782,NewTaipei:19782:162560:0:a8c167835fcde402,990,NewTaipei,121.328126424,25.1271908515,NewTaipei:geo01,0.1,0.9,-0.8,10,1
geometry:number_band:B2,NewTaipei:19783,NewTaipei:19783:162587:1:d67181ca138d2558,988,NewTaipei,121.438952378,25.1131695323,NewTaipei:geo01,0.5,0.6,-0.1,10,1
geometry:number_band:B2,NewTaipei:19784,NewTaipei:19784:162562:0:cca31897f7014ad8,115,NewTaipei,121.421274762,25.1705787061,NewTaipei:geo03,0.1,0.1,0,10,1
geometry:number_band:B2,NewTaipei:5413,NewTaipei:5413:158443:0:8b6da1fc1a004b4e,896,NewTaipei,121.631801359,25.0750666659,NewTaipei:geo05,0.2,0.1,0.1,10,1
geometry:number_band:B2,NewTaipei:5415,NewTaipei:5415:5415:0:8307e7c866825135,629,NewTaipei,121.632420185,25.0639396395,NewTaipei:geo05,0.3,0.3,0,10,1
geometry:number_band:B2,NewTaipei:5416,NewTaipei:5416:5416:0:775cbee8c0942a7f,678,NewTaipei,121.626400309,25.0584041995,NewTaipei:geo05,0.5,0.5,0,10,1
geometry:number_band:B2,Taipei:10132,Taipei:10132:101320:0:24e17ca5b10c60be,234,Taipei,121.468965115,25.0139568873,Taipei:geo00,0.5,0.3,0.2,10,1
geometry:number_band:B2,Taipei:10181,Taipei:10181:101810:0:d58b4473612674b4,205,Taipei,121.558865766,25.0445582455,Taipei:geo04,0.6,0.6,0,10,1
geometry:number_band:B2,Taipei:10221,Taipei:10221:102210:0:d35ada72b6c3c3e4,618,Taipei,121.471099301,25.0508655995,Taipei:geo00,0.4,0.3,0.1,10,1
geometry:number_band:B2,Taipei:10262,Taipei:10262:102620:0:2a66819b15e37157,2,Taipei,121.502890332,25.0801243263,Taipei:geo01,0.2,0,0.2,10,1
geometry:number_band:B2,Taipei:10263,Taipei:10263:102630:0:d05146402a55bf9b,536,Taipei,121.510829596,25.109772511,Taipei:geo02,0.5,0.2,0.3,10,1
geometry:number_band:B2,Taipei:10272,Taipei:10272:102720:0:695c26464545d24d,303,Taipei,121.550733496,25.1227791687,Taipei:geo02,0.1,0.1,0,10,1
geometry:number_band:B2,Taipei:10273,Taipei:10273:102760:0:89d3e234c2542bdb,303區,Taipei,121.54913587,25.1224861384,Taipei:geo02,0.1,0.1,0,10,1
geometry:number_band:B2,Taipei:10277,Taipei:10277:160608:0:328964062436da51,542,Taipei,121.529995384,25.0667610876,Taipei:geo05,0.3,0.5,-0.2,10,1
geometry:number_band:B2,Taipei:10278,Taipei:10278:102780:0:e7811cce6796ef0d,669,Taipei,121.528133072,25.0584255548,Taipei:geo04,0,0,0,10,1
geometry:number_band:B2,Taipei:10282,Taipei:10282:102820:0:74997e358c4798d4,663,Taipei,121.4871385,25.0344280868,Taipei:geo00,0.4,0.2,0.2,10,1
geometry:number_band:B2,Taipei:10283,Taipei:10283:10283:0:e3f2aff737d5d11f,235,Taipei,121.485909521,25.0328264048,Taipei:geo00,0.1,0.1,0,10,1
geometry:number_band:B2,Taipei:10326,Taipei:10326:103260:0:8a5722081046cb8e,648,Taipei,121.519562681,24.9826100421,Taipei:geo03,0.3,0.2,0.1,10,1
geometry:number_band:B2,Taipei:10328,Taipei:10328:10328:0:042590a972369300,643,Taipei,121.526124074,24.9974541826,Taipei:geo03,0.2,0.3,-0.1,10,1
geometry:number_band:B2,Taipei:10331,Taipei:10331:103310:0:79308cc031dc6077,647,Taipei,121.559652479,24.9910784916,Taipei:geo06,0.3,0.2,0.1,10,1
geometry:number_band:B2,Taipei:10333,Taipei:10333:10333:0:d6eb83fa628de0c1,644,Taipei,121.533821841,24.9923485847,Taipei:geo03,0.3,0.2,0.1,10,1
geometry:number_band:B2,Taipei:10414,Taipei:10414:104140:0:b4792d0077a0189f,261,Taipei,121.493591468,25.0671230686,Taipei:geo01,0.6,0.8,-0.2,10,2
geometry:number_band:B2,Taipei:10415,Taipei:10415:104150:0:685deccacbf6d9be,221,Taipei,121.492613593,25.0718835342,Taipei:geo01,0.5,0.7,-0.2,10,1
geometry:number_band:B2,Taipei:10416,Taipei:10416:104160:0:e9f46d0097faf371,232,Taipei,121.485033152,25.0649361509,Taipei:geo01,0.3,0.3,0,10,1
geometry:number_band:B2,Taipei:10419,Taipei:10419:104190:0:11b198a7b89f987c,232快,Taipei,121.524527256,25.0627015995,Taipei:geo01,0.7,0.7,0,10,1
geometry:number_band:B2,Taipei:10422,Taipei:10422:104220:0:2314d5369d761838,617,Taipei,121.518209013,25.0634991998,Taipei:geo01,0.3,0.6,-0.3,10,1
geometry:number_band:B2,Taipei:10423,Taipei:10423:104230:0:7efb20569becc3e2,622,Taipei,121.472205479,25.0515344006,Taipei:geo00,0,0.4,-0.4,10,1
geometry:number_band:B2,Taipei:10441,Taipei:10441:104410:0:5207d6616568bc27,508,Taipei,121.482861876,25.0942260604,Taipei:geo01,0.4,0.1,0.3,10,1
geometry:number_band:B2,Taipei:10442,Taipei:10442:104420:1:627c1c72d9649e8a,508區,Taipei,121.506835788,25.0991765475,Taipei:geo01,0.5,0.1,0.4,10,1
geometry:number_band:B2,Taipei:10443,Taipei:10443:10443:0:4de742b9579a5424,225,Taipei,121.506188321,25.0715213518,Taipei:geo01,0.6,0.9,-0.3,10,1
geometry:number_band:B2,Taipei:10452,Taipei:10452:104520:0:ee0b811a8241807f,641,Taipei,121.452194043,25.0823498138,Taipei:geo01,0.2,0.2,0,10,1
geometry:number_band:B2,Taipei:10461,Taipei:10461:104610:0:e2717ca2edd4cda8,645,Taipei,121.570491747,25.081971432,Taipei:geo05,0.5,0.4,0.1,10,1
geometry:number_band:B2,Taipei:10462,Taipei:10462:104620:0:93815760269fc57f,645副,Taipei,121.572067838,25.0801071281,Taipei:geo05,0.5,0.6,-0.1,10,1
geometry:number_band:B2,Taipei:10471,Taipei:10471:104710:0:f0cbbf5660129175,615,Taipei,121.462183322,25.0456193955,Taipei:geo00,0.5,0.4,0.1,10,1
geometry:number_band:B2,Taipei:10472,Taipei:10472:104720:0:d00d2157ded92959,111,Taipei,121.506095371,25.0823629788,Taipei:geo01,0,0.1,-0.1,10,1
geometry:number_band:B2,Taipei:10473,Taipei:10473:104730:0:4cb026f86ec8e8ab,306,Taipei,121.542862659,25.0583675941,Taipei:geo04,0.1,0,0.1,10,1
geometry:number_band:B2,Taipei:10481,Taipei:10481:104810:0:a019c982a972ee83,265經中央路,Taipei,121.47922944,25.0167721033,Taipei:geo00,0.6,0.5,0.1,10,1
geometry:number_band:B2,Taipei:10482,Taipei:10482:104820:0:61bdaf3964dd50c8,265區,Taipei,121.488180093,25.0241672765,Taipei:geo00,0.5,0.3,0.2,10,1
geometry:number_band:B2,Taipei:10712,Taipei:10712:10712:0:b906d07ec155b069,251,Taipei,121.558219283,25.004102828,Taipei:geo06,0.6,0.5,0.1,10,1
geometry:number_band:B2,Taipei:10723,Taipei:10723:10723:0:899fb9c50aa46d61,1,Taipei,121.531620773,25.0257779996,Taipei:geo03,0.7,0.6,0.1,10,1
geometry:number_band:B2,Taipei:10724,Taipei:10724:107240:0:d17316ca9a33713b,907,Taipei,121.58080818,25.0293309543,Taipei:geo07,0.4,0.1,0.3,10,1
geometry:number_band:B2,Taipei:10725,Taipei:10725:107250:0:dab767f62e5d7354,568,Taipei,121.523491632,25.0280553638,Taipei:geo03,0,0,0,10,1
geometry:number_band:B2,Taipei:10726,Taipei:10726:10726:0:bde8150189492755,18,Taipei,121.520515018,25.0334164984,Taipei:geo03,0.5,0.6,-0.1,10,1
geometry:number_band:B2,Taipei:10735,Taipei:10735:10735:0:23df60494326585b,253,Taipei,121.541305654,25.0110584527,Taipei:geo03,0.5,0.5,0,10,1
geometry:number_band:B2,Taipei:10736,Taipei:10736:10736:0:ca36e679cf9dcbb1,671,Taipei,121.532579559,25.010510912,Taipei:geo03,0.2,0.3,-0.1,10,1
geometry:number_band:B2,Taipei:10745,Taipei:10745:107450:0:674bf8f35b53b901,237,Taipei,121.562878839,24.9984476909,Taipei:geo06,0.7,0.2,0.5,10,1
geometry:number_band:B2,Taipei:10746,Taipei:10746:10746:0:a60801602a2d64e2,252,Taipei,121.543942848,25.0047102123,Taipei:geo06,0.6,0.3,0.3,10,1
geometry:number_band:B2,Taipei:10747,Taipei:10747:107470:0:2dbdf54ee140aaf9,294,Taipei,121.561618983,25.0042654452,Taipei:geo06,0.7,0.4,0.3,10,1
geometry:number_band:B2,Taipei:10748,Taipei:10748:107480:0:6c8414b48d0bb33b,295,Taipei,121.552649727,25.0068518239,Taipei:geo06,0.8,0.5,0.3,10,1
geometry:number_band:B2,Taipei:10752,Taipei:10752:107520:0:afd45a0fa00cb2af,278,Taipei,121.555106132,25.0404863194,Taipei:geo04,0.4,0.6,-0.2,10,1
geometry:number_band:B2,Taipei:10754,Taipei:10754:10754:0:3ae458799022da09,915,Taipei,121.565339646,25.0071315706,Taipei:geo06,0,0,0,10,1
geometry:number_band:B2,Taipei:10763,Taipei:10763:107660:1:aac9043a6188750d,903,Taipei,121.580913681,25.0641384025,Taipei:geo07,0,0,0,10,1
geometry:number_band:B2,Taipei:10764,Taipei:10764:107640:0:3a08224a7685d2ec,531,Taipei,121.594413773,25.0657145335,Taipei:geo07,0.4,0.3,0.1,10,1
geometry:number_band:B2,Taipei:10765,Taipei:10765:107650:0:235d03681bd9a989,646,Taipei,121.572954796,25.0781292183,Taipei:geo05,0.4,0.1,0.3,10,1
geometry:number_band:B2,Taipei:10767,Taipei:10767:107670:0:d27df52d1b47b037,53,Taipei,121.593908288,25.0606599848,Taipei:geo07,0,0,0,10,1
geometry:number_band:B2,Taipei:10771,Taipei:10771:107710:0:3f902f969a08fe2d,670,Taipei,121.511787226,25.012231916,Taipei:geo03,0.2,0.1,0.1,10,1
geometry:number_band:B2,Taipei:10782,Taipei:10782:107820:0:33c6d99bbbc83e92,673,Taipei,121.52749424,25.0145752257,Taipei:geo03,0.2,0.1,0.1,10,1
geometry:number_band:B2,Taipei:10783,Taipei:10783:10783:0:59891ffabd6a1ec0,254,Taipei,121.540467496,25.0183937683,Taipei:geo03,0.4,0.5,-0.1,10,1
geometry:number_band:B2,Taipei:10785,Taipei:10785:107850:0:e696923ee13aca22,672,Taipei,121.531863095,25.0227133145,Taipei:geo03,0.2,0.2,0,10,1
geometry:number_band:B2,Taipei:10792,Taipei:10792:10792:0:5755ec0d6d231ca3,52,Taipei,121.537179883,25.0342111571,Taipei:geo04,0.1,0.7,-0.6,10,1
geometry:number_band:B2,Taipei:10811,Taipei:10811:10811:0:f6f563c0e8cd9592,685,Taipei,121.536492255,25.0699972626,Taipei:geo05,0.4,0,0.4,10,1
geometry:number_band:B2,Taipei:10822,Taipei:10822:108220:0:80fe97914c917573,108,Taipei,121.5474724,25.1736041595,Taipei:geo02,0.3,0.3,0,10,1
geometry:number_band:B2,Taipei:10823,Taipei:10823:155895:0:56a0ce291e1bf327,260,Taipei,121.530798518,25.090427868,Taipei:geo05,0.6,0.3,0.3,10,1
geometry:number_band:B2,Taipei:10824,Taipei:10824:108240:0:f1420d6ea2f479b5,260區,Taipei,121.537332827,25.1091127702,Taipei:geo05,0.5,0.4,0.1,10,1
geometry:number_band:B2,Taipei:10832,Taipei:10832:10832:0:524dd15a319f9ec9,22,Taipei,121.543476381,25.0348902137,Taipei:geo04,0.7,1,-0.3,10,1
geometry:number_band:B2,Taipei:10841,Taipei:10841:108410:0:f64aae48aaf5ceb2,0東,Taipei,121.560976536,25.0564518044,Taipei:geo04,0.1,0,0.1,10,1
geometry:number_band:B2,Taipei:10842,Taipei:10842:108420:0:501343704a60f845,222,Taipei,121.553954263,25.068718245,Taipei:geo05,0.5,0.4,0.1,10,1
geometry:number_band:B2,Taipei:10844,Taipei:10844:108440:0:22e6e579e1d0fb30,652,Taipei,121.514866235,25.056960295,Taipei:geo01,0.3,0.5,-0.2,10,1
geometry:number_band:B2,Taipei:10845,Taipei:10845:108450:0:289aff6cd52b2de1,286,Taipei,121.584855791,25.0403301834,Taipei:geo07,0.4,0.3,0.1,10,1
geometry:number_band:B2,Taipei:10846,Taipei:10846:108460:0:b8409cbffd3eb86e,286副,Taipei,121.566421606,25.064710942,Taipei:geo07,0.4,0.4,0,10,1
geometry:number_band:B2,Taipei:10847,Taipei:10847:108470:0:2c3eb79b4a2bd2eb,63,Taipei,121.553667296,25.058521892,Taipei:geo04,0.3,0.6,-0.3,10,1
geometry:number_band:B2,Taipei:10848,Taipei:10848:108480:0:d140693380f98b73,505,Taipei,121.545218896,25.0407211577,Taipei:geo04,0,0,0,10,1
geometry:number_band:B2,Taipei:10853,Taipei:10853:108530:0:eb465fafc2ec8e29,287區,Taipei,121.568652176,25.0770943964,Taipei:geo05,0.5,0.4,0.1,10,1
geometry:number_band:B2,Taipei:10856,Taipei:10856:108560:0:5ab0c3925666bd5c,281,Taipei,121.594829718,25.053109424,Taipei:geo07,0.3,0.1,0.2,10,1
geometry:number_band:B2,Taipei:10861,Taipei:10861:160877:0:df9b0d77c6350c0a,630,Taipei,121.561098562,25.0552156213,Taipei:geo04,0,0.2,-0.2,10,1
geometry:number_band:B2,Taipei:10862,Taipei:10862:108620:0:f08b81d2b9bcd67f,38,Taipei,121.513849804,25.0314772645,Taipei:geo03,0.4,0.4,0,10,1
geometry:number_band:B2,Taipei:10863,Taipei:10863:108630:0:14b089728923fabf,38區,Taipei,121.496280323,25.0282713629,Taipei:geo00,0.4,0,0.4,10,1
geometry:number_band:B2,Taipei:10864,Taipei:10864:108640:0:c6d458cf6b4fa617,12,Taipei,121.525214792,25.0453969756,Taipei:geo04,0.4,0.6,-0.2,10,1
geometry:number_band:B2,Taipei:10872,Taipei:10872:108720:0:529081dcec2553bd,46,Taipei,121.559302432,25.0443233518,Taipei:geo04,0.5,0.4,0.1,10,1
geometry:number_band:B2,Taipei:10873,Taipei:10873:10873:0:892bd51eda3aab42,20,Taipei,121.531898857,25.0333809037,Taipei:geo04,0.7,0.4,0.3,10,1
geometry:number_band:B2,Taipei:10874,Taipei:10874:10874:0:ec3ce8127d3a9bba,277,Taipei,121.539169372,25.0710394805,Taipei:geo05,0.5,0.6,-0.1,10,1
geometry:number_band:B2,Taipei:10882,Taipei:10882:10882:0:6b51f7fa269eea85,9,Taipei,121.509863236,25.0625644245,Taipei:geo01,0.2,0.4,-0.2,10,1
geometry:number_band:B2,Taipei:10891,Taipei:10891:108910:0:b850fd33142b7383,14,Taipei,121.479814079,25.070210838,Taipei:geo01,0.1,0,0.1,10,2
geometry:number_band:B2,Taipei:10893,Taipei:10893:10893:0:402fec9f29d4b444,274,Taipei,121.494995771,25.065218499,Taipei:geo01,0.4,0.2,0.2,10,1
geometry:number_band:B2,Taipei:10911,Taipei:10911:10911:0:9bb8705b5083c555,212直,Taipei,121.559126836,25.04292813,Taipei:geo04,0.5,0.7,-0.2,10,1
geometry:number_band:B2,Taipei:10912,Taipei:10912:10912:0:272f14a3bda8768b,212,Taipei,121.561637237,25.0442900324,Taipei:geo04,0.6,0.8,-0.2,10,1
geometry:number_band:B2,Taipei:10942,Taipei:10942:10942:0:b54f65799683317c,257,Taipei,121.522645389,25.0450721853,Taipei:geo04,0.5,0.3,0.2,10,1
geometry:number_band:B2,Taipei:10961,Taipei:10961:109610:0:67503cb6621dd34d,262,Taipei,121.506598421,25.0165114144,Taipei:geo03,0.6,0.3,0.3,10,1
geometry:number_band:B2,Taipei:10962,Taipei:10962:108570:0:8af36220b68500b6,262區,Taipei,121.526846044,25.0307548212,Taipei:geo03,0.6,0.3,0.3,10,1
geometry:number_band:B2,Taipei:10971,Taipei:10971:109710:0:606827d549721353,88,Taipei,121.564475601,25.0390540311,Taipei:geo04,0.4,0.5,-0.1,10,1
geometry:number_band:B2,Taipei:11023,Taipei:11023:110230:0:507da332d8fe0560,298,Taipei,121.551944691,25.01562677,Taipei:geo06,0.6,0.5,0.1,10,1
geometry:number_band:B2,Taipei:11041,Taipei:11041:110410:0:bcda8ba05cd856a0,297,Taipei,121.516061886,25.0197762958,Taipei:geo03,0.7,0.4,0.3,10,1
geometry:number_band:B2,Taipei:11056,Taipei:11056:110560:0:ea860b74f7d06dbd,552,Taipei,121.576836842,25.0703804194,Taipei:geo07,0.3,0.3,0,10,1
geometry:number_band:B2,Taipei:11066,Taipei:11066:110660:0:9ea76b5999123323,32,Taipei,121.579677941,25.0405731258,Taipei:geo07,0.3,0.5,-0.2,10,1
geometry:number_band:B2,Taipei:11091,Taipei:11091:11091:0:a87d0cd5412f15f9,37,Taipei,121.550841297,25.0346072848,Taipei:geo04,0.8,0.6,0.2,10,1
geometry:number_band:B2,Taipei:11093,Taipei:11093:11093:0:429de28c4adfcde4,612,Taipei,121.539784138,25.0807861214,Taipei:geo05,0.2,0.2,0,10,1
geometry:number_band:B2,Taipei:11114,Taipei:11114:157815:0:e91ee132a4d04cf7,551,Taipei,121.590677155,25.0694135858,Taipei:geo07,0.3,0.1,0.2,10,1
geometry:number_band:B2,Taipei:11123,Taipei:11123:111230:0:f13a4c53a3da600b,550,Taipei,121.493566935,25.1222377507,Taipei:geo02,0.1,0.4,-0.3,10,1
geometry:number_band:B2,Taipei:11124,Taipei:11124:111240:0:28cc483d28626ee7,223,Taipei,121.50139659,25.0958958812,Taipei:geo01,0.5,0.1,0.4,10,1
geometry:number_band:B2,Taipei:11125,Taipei:11125:111250:0:ba80098fb910d9cc,302,Taipei,121.501025756,25.0980089212,Taipei:geo01,0.1,0,0.1,10,1
geometry:number_band:B2,Taipei:11141,Taipei:11141:162592:1:09dbf276c85bc79c,216,Taipei,121.506180913,25.1287866952,Taipei:geo02,0.4,0,0.4,10,1
geometry:number_band:B2,Taipei:11151,Taipei:11151:111510:0:cf88dc13aa1a80ff,230,Taipei,121.524930842,25.1430077006,Taipei:geo02,0.3,0.1,0.2,10,1
geometry:number_band:B2,Taipei:11156,Taipei:11156:111560:0:87465040c3d83540,218,Taipei,121.513432957,25.0903058443,Taipei:geo01,0.7,0.6,0.1,10,1
geometry:number_band:B2,Taipei:11157,Taipei:11157:111570:0:0f9cbcf9ac4cb085,218直,Taipei,121.511789549,25.0892812178,Taipei:geo01,0.6,0.6,0,10,1
geometry:number_band:B2,Taipei:11158,Taipei:11158:111580:0:54b3f52754974cd7,218區,Taipei,121.500166272,25.1371744473,Taipei:geo02,0.4,0.1,0.3,10,1
geometry:number_band:B2,Taipei:11161,Taipei:11161:111610:0:e5537f4f27bcd906,529,Taipei,121.520996374,25.0912505865,Taipei:geo01,0.4,0.3,0.1,10,1
geometry:number_band:B2,Taipei:11165,Taipei:11165:111650:0:153b259eb851cbab,288,Taipei,121.53497517,25.0577119894,Taipei:geo04,0.5,0.6,-0.1,10,1
geometry:number_band:B2,Taipei:11171,Taipei:11171:111710:0:72eaa3754b09f69d,265經明德路,Taipei,121.478625262,25.0158710158,Taipei:geo00,0.6,0.4,0.2,10,1
geometry:number_band:B2,Taipei:11203,Taipei:11203:112030:0:f22278cb33fecf20,26,Taipei,121.520092244,25.0756005167,Taipei:geo01,0.4,0.5,-0.1,10,1
geometry:number_band:B2,Taipei:11204,Taipei:11204:112040:0:68756463d5503359,68,Taipei,121.516241914,25.0954587717,Taipei:geo01,0.2,0.2,0,10,1
geometry:number_band:B2,Taipei:11212,Taipei:11212:11212:0:5aa6fae8b62b52dc,204,Taipei,121.542928085,25.0418448626,Taipei:geo04,0.5,0.7,-0.2,10,1
geometry:number_band:B2,Taipei:11221,Taipei:11221:11221:0:a987be235cb835de,284,Taipei,121.580570576,25.0489796927,Taipei:geo07,0.4,0.1,0.3,10,1
geometry:number_band:B2,Taipei:11231,Taipei:11231:112310:0:fa84cd9d8232533d,621,Taipei,121.492769797,25.0535377566,Taipei:geo00,0.3,0.1,0.2,10,1
geometry:number_band:B2,Taipei:11232,Taipei:11232:112320:0:f4a0ca897950e01c,211,Taipei,121.514666093,25.0516099291,Taipei:geo01,0.9,0.7,0.2,10,1
geometry:number_band:B2,Taipei:11241,Taipei:11241:112410:0:ec95478544b114b3,662,Taipei,121.494901214,25.0609049058,Taipei:geo01,0.1,0,0.1,10,1
geometry:number_band:B2,Taipei:11242,Taipei:11242:112420:0:6c1b47e60ec0e337,539,Taipei,121.502623623,25.0699713552,Taipei:geo01,0.1,0.2,-0.1,10,1
geometry:number_band:B2,Taipei:11243,Taipei:11243:112430:0:c111e6670505c489,39,Taipei,121.494017447,25.0663012198,Taipei:geo01,0.2,0.3,-0.1,10,1
geometry:number_band:B2,Taipei:11245,Taipei:11245:11245:0:b9e3d5eea8564d97,226,Taipei,121.524016664,25.0546066101,Taipei:geo04,0.5,0.7,-0.2,10,1
geometry:number_band:B2,Taipei:11246,Taipei:11246:11246:0:12c8e0aa6465e931,292,Taipei,121.52277138,25.0510297528,Taipei:geo04,0.8,0.7,0.1,10,1
geometry:number_band:B2,Taipei:11252,Taipei:11252:112520:0:81cc06d709dde6ca,255,Taipei,121.536471421,25.0919573747,Taipei:geo05,0.4,0.6,-0.2,10,1
geometry:number_band:B2,Taipei:11253,Taipei:11253:112530:0:9c00088db939f565,255區,Taipei,121.543214326,25.1022425453,Taipei:geo05,0.3,0.4,-0.1,10,1
geometry:number_band:B2,Taipei:11411,Taipei:11411:11411:0:703e7728e99377ce,299,Taipei,121.492148277,25.042067583,Taipei:geo00,0.2,0.3,-0.1,10,1
geometry:number_band:B2,Taipei:11421,Taipei:11421:11421:0:c4b93705353b70ae,513,Taipei,121.482123382,25.0428022592,Taipei:geo00,0,0.4,-0.4,10,1
geometry:number_band:B2,Taipei:11742,Taipei:11742:11742:0:7534e560dbf5e506,611,Taipei,121.565305329,25.007975014,Taipei:geo06,0.1,0.2,-0.1,10,1
geometry:number_band:B2,Taipei:11763,Taipei:11763:11763:0:e35f60ddfe29d475,236區,Taipei,121.569908757,25.0000499764,Taipei:geo06,0.6,0.2,0.4,10,1
geometry:number_band:B2,Taipei:11764,Taipei:11764:11764:0:0f20d61bcff2850e,251區,Taipei,121.569931389,24.9957269282,Taipei:geo06,0.5,0.3,0.2,10,1
geometry:number_band:B2,Taipei:11811,Taipei:11811:118110:0:e963537f698810b1,0南,Taipei,121.545166838,25.0097025999,Taipei:geo06,0,0.3,-0.3,10,1
geometry:number_band:B2,Taipei:11813,Taipei:11813:118130:0:3f385d7f0303f9df,109,Taipei,121.541239553,25.0724085112,Taipei:geo05,0,0.1,-0.1,10,1
geometry:number_band:B2,Taipei:11815,Taipei:11815:118150:0:bae9510228de5abb,606,Taipei,121.534556245,25.0522021885,Taipei:geo04,0.4,0.5,-0.1,10,1
geometry:number_band:B2,Taipei:11821,Taipei:11821:162167:0:3df074cf5aa5d41a,33,Taipei,121.558681337,25.0497698252,Taipei:geo04,0.5,0.3,0.2,10,1
geometry:number_band:B2,Taipei:11831,Taipei:11831:118310:0:4275ec6e9a212b56,49,Taipei,121.520592168,25.0477670351,Taipei:geo04,0.3,0.8,-0.5,10,1
geometry:number_band:B2,Taipei:11834,Taipei:11834:11834:0:9d89a958664b669f,688,Taipei,121.538939474,25.0319678386,Taipei:geo04,0.1,0,0.1,10,1
geometry:number_band:B2,Taipei:11841,Taipei:11841:118410:0:77e6d458bda00b57,270,Taipei,121.57009835,25.0423483632,Taipei:geo07,0.6,0.4,0.2,10,1
geometry:number_band:B2,Taipei:11842,Taipei:11842:118420:0:9173abf679af0281,270區,Taipei,121.598030821,25.0453276624,Taipei:geo07,0.7,0.1,0.6,10,1
geometry:number_band:B2,Taipei:11851,Taipei:11851:118510:0:52700e266ecbbc1b,276,Taipei,121.569966418,25.0488049677,Taipei:geo07,0.5,0.2,0.3,10,1
geometry:number_band:B2,Taipei:11853,Taipei:11853:118530:0:064d552ae1a333b2,306區,Taipei,121.568792107,25.0521029913,Taipei:geo07,0.1,0,0.1,10,1
geometry:number_band:B2,Taipei:11861,Taipei:11861:11861:0:d54713d60f6e6b43,5,Taipei,121.520375355,25.0316259922,Taipei:geo03,0.2,0.4,-0.2,10,1
geometry:number_band:B2,Taipei:11871,Taipei:11871:11871:1:c24757a52c7e3e7f,41,Taipei,121.524547152,25.0708118795,Taipei:geo01,0.2,0,0.2,10,1
geometry:number_band:B2,Taipei:15111,Taipei:15111:15111:0:4f443c8cd89c3b1a,202,Taipei,121.52055771,25.022326529,Taipei:geo03,0.4,0.5,-0.1,10,1
geometry:number_band:B2,Taipei:15112,Taipei:15112:15112:0:3ef3110ee7639ed3,208,Taipei,121.527367732,25.0354026937,Taipei:geo04,0.5,0.4,0.1,10,1
geometry:number_band:B2,Taipei:15113,Taipei:15113:15113:0:21130b6a9ded22f4,208區,Taipei,121.522999052,24.9989440827,Taipei:geo03,0.2,0.5,-0.3,10,1
geometry:number_band:B2,Taipei:15141,Taipei:15141:151410:0:a7b89129887cd77e,28,Taipei,121.573321018,25.0672275825,Taipei:geo07,0.1,0.1,0,10,1
geometry:number_band:B2,Taipei:15142,Taipei:15142:151420:0:23a0eff3c5cc7202,42,Taipei,121.531363762,25.0711411557,Taipei:geo05,0.3,0.3,0,10,1
geometry:number_band:B2,Taipei:15143,Taipei:15143:151430:0:f3a5c87352e2b083,256,Taipei,121.57572331,25.0773073023,Taipei:geo07,0.5,0.4,0.1,10,1
geometry:number_band:B2,Taipei:15151,Taipei:15151:151510:0:a7ef76ee4536c385,308,Taipei,121.481123325,25.1334930783,Taipei:geo02,0.1,0.1,0,10,1
geometry:number_band:B2,Taipei:15161,Taipei:15161:151610:0:fb7bb192dd7df55d,676,Taipei,121.548117975,25.01635116,Taipei:geo06,0,0.3,-0.3,10,1
geometry:number_band:B2,Taipei:15162,Taipei:15162:15162:0:7ffe83b1fcddb62a,282,Taipei,121.55831306,25.0222879301,Taipei:geo06,0.5,0.6,-0.1,10,1
geometry:number_band:B2,Taipei:15164,Taipei:15164:15164:0:66922c465547e92f,530,Taipei,121.557890615,24.9985629757,Taipei:geo06,0,0,0,10,1
geometry:number_band:B2,Taipei:15171,Taipei:15171:151710:0:1a95e85cedf5c95e,902,Taipei,121.547763632,25.0729963448,Taipei:geo05,0.1,0,0.1,10,1
geometry:number_band:B2,Taipei:15172,Taipei:15172:151720:0:e6239f94b8a199d9,556,Taipei,121.558910231,25.0506374787,Taipei:geo04,0.1,0,0.1,10,1
geometry:number_band:B2,Taipei:15173,Taipei:15173:151730:0:a8b82f32a8b4f312,912,Taipei,121.594246101,25.0122709921,Taipei:geo06,0.1,0.3,-0.2,10,1
geometry:number_band:B2,Taipei:15183,Taipei:15183:15183:0:434d8d1db3567522,905,Taipei,121.532529511,24.9974450565,Taipei:geo03,0.5,0.4,0.1,10,1
geometry:number_band:B2,Taipei:15184,Taipei:15184:15184:0:03b4e9496845a5b4,905副,Taipei,121.529906358,25.0018138788,Taipei:geo03,0.5,0.4,0.1,10,1
geometry:number_band:B2,Taipei:15185,Taipei:15185:15185:0:496b10a1ed6169bd,202區,Taipei,121.506922998,24.9999071641,Taipei:geo03,0.5,0.1,0.4,10,1
geometry:number_band:B2,Taipei:15191,Taipei:15191:15191:0:bf0e7a388b647430,660,Taipei,121.563079451,25.0098562762,Taipei:geo06,0.1,0.2,-0.1,10,1
geometry:number_band:B2,Taipei:15221,Taipei:15221:152210:0:45e4e78e80646bc1,682,Taipei,121.461899384,25.1307506739,Taipei:geo02,0,0,0,10,1
geometry:number_band:B2,Taipei:15313,Taipei:15313:159237:1:1ce79e0de8bd7bae,521,Taipei,121.57149602,25.066430157,Taipei:geo07,0.2,0.2,0,10,1
geometry:number_band:B2,Taipei:15314,Taipei:15314:15314:0:4db419ce050b8a68,203,Taipei,121.560983644,25.0691905948,Taipei:geo05,0.4,0.3,0.1,10,1
geometry:number_band:B2,Taipei:15322,Taipei:15322:15322:0:82f01a328700bb3d,215,Taipei,121.502223242,25.0834036245,Taipei:geo01,0.3,0.2,0.1,10,1
geometry:number_band:B2,Taipei:15332,Taipei:15332:153320:0:99baa00cfb21c919,267,Taipei,121.549797894,25.0912048869,Taipei:geo05,0.3,0.6,-0.3,10,1
geometry:number_band:B2,Taipei:15333,Taipei:15333:153330:0:143e69a0cc537500,250,Taipei,121.512050769,25.0661656587,Taipei:geo01,0.5,0.7,-0.2,10,1
geometry:number_band:B2,Taipei:15335,Taipei:15335:153350:0:deced8bcdb113bae,683,Taipei,121.563186412,25.0836079794,Taipei:geo05,0.5,0.5,0,10,1
geometry:number_band:B2,Taipei:15352,Taipei:15352:153520:0:79fb60548b9a2ed0,268,Taipei,121.548194758,25.0966351773,Taipei:geo05,0.2,0.7,-0.5,10,1
geometry:number_band:B2,Taipei:15353,Taipei:15353:157765:0:88a49d17c4980583,247,Taipei,121.562592358,25.0737880488,Taipei:geo05,0.4,0.4,0,10,1
geometry:number_band:B2,Taipei:15355,Taipei:15355:153550:0:531a1635ec5358bb,240直,Taipei,121.588793381,25.063026001,Taipei:geo07,0.2,0.3,-0.1,10,1
geometry:number_band:B2,Taipei:15358,Taipei:15358:153580:0:25adee7fc324d653,247區,Taipei,121.572649961,25.0769610655,Taipei:geo05,0.5,0.3,0.2,10,1
geometry:number_band:B2,Taipei:15359,Taipei:15359:153590:0:5a656880b9c1ee8a,681,Taipei,121.563837204,25.1024248742,Taipei:geo05,0.5,0.4,0.1,10,1
geometry:number_band:B2,Taipei:15362,Taipei:15362:15362:0:27dfa05f91be8127,72,Taipei,121.542849765,25.0528362176,Taipei:geo04,0.1,0.5,-0.4,10,1
geometry:number_band:B2,Taipei:15372,Taipei:15372:15372:0:163bb9cd7b3e6a5f,206,Taipei,121.520572725,25.0850139629,Taipei:geo01,0.5,0.6,-0.1,10,1
geometry:number_band:B2,Taipei:15375,Taipei:15375:15375:0:183fd586c5e3b65b,224,Taipei,121.524605258,25.1199607,Taipei:geo02,0.3,0.2,0.1,10,1
geometry:number_band:B2,Taipei:15381,Taipei:15381:153810:0:48eb7b659d0dabe1,246,Taipei,121.512202492,25.0575619834,Taipei:geo01,0.3,0.7,-0.4,10,1
geometry:number_band:B2,Taipei:15391,Taipei:15391:15391:0:86dc9b42de6c14ea,279,Taipei,121.55053741,25.0693023061,Taipei:geo05,0.4,0.4,0,10,1
geometry:number_band:B2,Taipei:15512,Taipei:15512:155120:0:b97b28635d972457,675,Taipei,121.590932375,25.0520306234,Taipei:geo07,0.6,0.5,0.1,10,1
geometry:number_band:B2,Taipei:15513,Taipei:15513:155130:0:086879b3c300a8a2,711,Taipei,121.600471863,25.0599579512,Taipei:geo07,0,0,0,10,1
geometry:number_band:B2,Taipei:15514,Taipei:15514:155716:0:f4bdbdf3e3f39a8f,605,Taipei,121.587061154,25.0527882236,Taipei:geo07,0.6,0.3,0.3,10,1
geometry:number_band:B2,Taipei:15515,Taipei:15515:155150:0:f2fa4f6499aa1b7d,668,Taipei,121.58492283,25.0493591214,Taipei:geo07,0.6,0.5,0.1,10,1
geometry:number_band:B2,Taipei:15516,Taipei:15516:155719:0:9e1506aed43ee335,605快,Taipei,121.58514214,25.059636347,Taipei:geo07,0.4,0.5,-0.1,10,1
geometry:number_band:B2,Taipei:15517,Taipei:15517:155717:0:a4948f1641dca543,605副,Taipei,121.623788216,25.0587791434,Taipei:geo07,0.4,0.3,0.1,10,1
geometry:number_band:B2,Taipei:15518,Taipei:15518:155718:0:fed371549594d668,605新台五,Taipei,121.591835896,25.0535381644,Taipei:geo07,0.7,0.4,0.3,10,1
geometry:number_band:B2,Taipei:15521,Taipei:15521:15521:0:1328370c129f9f74,227,Taipei,121.508145494,25.0407387417,Taipei:geo00,0.7,0.7,0,10,1
geometry:number_band:B2,Taipei:15522,Taipei:15522:15522:0:ab7f1b4674c539ac,227區,Taipei,121.49476824,25.0608243806,Taipei:geo01,0.4,0.2,0.2,10,1
geometry:number_band:B2,Taipei:15532,Taipei:15532:155320:0:d72fcfb16585ef07,300,Taipei,121.521431322,25.0751202932,Taipei:geo01,0.2,0,0.2,10,1
geometry:number_band:B2,Taipei:15546,Taipei:15546:15546:0:bdd67f0c1bd564f8,280,Taipei,121.528625436,25.0655164544,Taipei:geo05,0.2,0.7,-0.5,10,1
geometry:number_band:B2,Taipei:15553,Taipei:15553:155530:0:e112e759e96a1ef9,304承德,Taipei,121.519668087,25.0509690461,Taipei:geo04,0.2,0.1,0.1,10,1
geometry:number_band:B2,Taipei:15554,Taipei:15554:155540:0:736084abd0185cf4,304重慶,Taipei,121.517592761,25.0524822524,Taipei:geo01,0.2,0.2,0,10,1
geometry:number_band:B2,Taipei:15561,Taipei:15561:155610:0:92bfa3f53286d9a5,214,Taipei,121.539920892,25.0426909538,Taipei:geo04,0.5,0.3,0.2,10,1
geometry:number_band:B2,Taipei:15562,Taipei:15562:155620:0:5955ebbd34575d9e,214直,Taipei,121.516985286,25.0247736683,Taipei:geo03,0.8,0.4,0.4,10,1
geometry:number_band:B2,Taipei:15563,Taipei:15563:15563:0:61535d1894813b41,311,Taipei,121.5287152,25.0191780532,Taipei:geo03,0.1,0,0.1,10,1
geometry:number_band:B2,Taipei:15571,Taipei:15571:155710:1:6fbcebf2f353baa1,600,Taipei,121.566980262,25.047185526,Taipei:geo07,0.1,0,0.1,10,1
geometry:number_band:B2,Taipei:15572,Taipei:15572:159706:0:dc3aea9add3257de,207,Taipei,121.554831035,25.0263003503,Taipei:geo04,0.4,0.4,0,10,1
geometry:number_band:B2,Taipei:15581,Taipei:15581:159390:0:0491eae1680b6cd7,616,Taipei,121.4898906,25.0703002633,Taipei:geo01,0.4,0.4,0,10,1
geometry:number_band:B2,Taipei:15657,Taipei:15657:15657:0:dcf1063616d32ceb,280直,Taipei,121.530283623,25.0654693051,Taipei:geo05,0.1,0.8,-0.7,10,1
geometry:number_band:B2,Taipei:15664,Taipei:15664:155808:0:881291b3ef3d5f79,39夜,Taipei,121.494017447,25.0663012198,Taipei:geo01,0.2,0.3,-0.1,10,1
geometry:number_band:B2,Taipei:15724,Taipei:15724:155874:0:f7e3110cb7fbbde2,128,Taipei,121.536321668,25.1432322634,Taipei:geo02,0.3,0.2,0.1,10,1
geometry:number_band:B2,Taipei:15726,Taipei:15726:155875:0:719c1a392e5b77c0,129,Taipei,121.529142254,25.1545655327,Taipei:geo02,0.3,0.2,0.1,10,1
geometry:number_band:B2,Taipei:15735,Taipei:15735:155889:0:cb36f93e22dbc844,602,Taipei,121.517129193,25.1231036456,Taipei:geo02,0,0,0,10,1
geometry:number_band:B2,Taipei:16111,Taipei:16111:157462:1:c3cad2d356b7b06d,307,Taipei,121.503732895,25.0284350665,Taipei:geo00,0.2,0.1,0.1,10,1
geometry:number_band:B2,Taipei:16112,Taipei:16112:16112:1:4513d0c445b1fce4,310,Taipei,121.495764869,25.0469010032,Taipei:geo00,0.1,0.2,-0.1,10,1
geometry:number_band:B2,Taipei:16121,Taipei:16121:16121:0:7ec03bbe7dc0692a,604,Taipei,121.487253331,25.0228513603,Taipei:geo00,0.3,0.1,0.2,10,1
geometry:number_band:B2,Taipei:16122,Taipei:16122:16122:0:0ecfcc5688ce337a,651,Taipei,121.5015684,25.0255729196,Taipei:geo00,0.3,0.2,0.1,10,1
geometry:number_band:B2,Taipei:16127,Taipei:16127:157862:0:95e92e0ed14c7fec,679,Taipei,121.603458818,25.0140624799,Taipei:geo06,0.2,0.6,-0.4,10,1
geometry:number_band:B2,Taipei:16128,Taipei:16128:155898:0:152ac985ccec9b3f,225區,Taipei,121.498484052,25.0733890877,Taipei:geo01,0.7,0.5,0.2,10,1
geometry:number_band:B2,Taipei:16131,Taipei:16131:155928:0:f6004f806b4ee410,265夜,Taipei,121.479884605,25.0166371481,Taipei:geo00,0.6,0.5,0.1,10,1
geometry:number_band:B2,Taipei:16132,Taipei:16132:157442:0:3cf10f696fe00354,212夜,Taipei,121.55913887,25.0429325313,Taipei:geo04,0.5,0.7,-0.2,10,1
geometry:number_band:B2,Taipei:16157,Taipei:16157:155919:0:3a18e500ce05826d,208直,Taipei,121.528332296,25.0338942403,Taipei:geo04,0.4,0.4,0,10,1
geometry:number_band:B2,Taipei:16158,Taipei:16158:155924:0:532587da278816a7,292副,Taipei,121.522774397,25.0510282258,Taipei:geo04,0.8,0.7,0.1,10,1
geometry:number_band:B2,Taipei:16168,Taipei:16168:155937:0:a06576c7360881ac,108區,Taipei,121.54099514,25.1702307164,Taipei:geo02,0.3,0.1,0.2,10,1
geometry:number_band:B2,Taipei:16169,Taipei:16169:155938:0:6fb57c9737e42086,672區,Taipei,121.524479838,24.9984422147,Taipei:geo03,0.2,0,0.2,10,1
geometry:number_band:B2,Taipei:16184,Taipei:16184:157886:0:ccaf5f4dfca2c2b3,680,Taipei,121.539036999,25.073336976,Taipei:geo05,0.4,0.3,0.1,10,1
geometry:number_band:B2,Taipei:16439,Taipei:16439:157441:0:f07c993aa54e5bba,278區,Taipei,121.544195758,25.0293312869,Taipei:geo04,0.3,0.5,-0.2,10,1
geometry:number_band:B2,Taipei:16504,Taipei:16504:157534:0:fae257ed242c7685,756,Taipei,121.487233826,25.1151979433,Taipei:geo02,0.1,0.2,-0.1,10,1
geometry:number_band:B2,Taipei:16559,Taipei:16559:157594:0:6156bc474a419fab,42區,Taipei,121.537994941,25.0785558759,Taipei:geo05,0.2,0.4,-0.2,10,1
geometry:number_band:B2,Taipei:16706,Taipei:16706:157798:0:8a28c84afb442f05,758,Taipei,121.483555271,25.0397908293,Taipei:geo00,0.2,0,0.2,10,1
geometry:number_band:B2,Taipei:16707,Taipei:16707:157799:0:fa0f1d87bbbda9a7,757,Taipei,121.479851489,25.122115415,Taipei:geo02,0.1,0.2,-0.1,10,1
geometry:number_band:B2,Taipei:16709,Taipei:16709:157801:0:4fdc3bfc55170026,254區,Taipei,121.52862821,25.0008259856,Taipei:geo03,0.5,0.3,0.2,10,1
geometry:number_band:B2,Taipei:17333,Taipei:17333:158480:0:7f5772f5541d52c3,557,Taipei,121.530213173,25.0958280359,Taipei:geo05,0.2,0.5,-0.3,10,1
geometry:number_band:B2,Taipei:17363,Taipei:17363:158510:0:03f87f65335999c5,949,Taipei,121.576878977,25.0110689799,Taipei:geo06,0.1,0,0.1,10,1
geometry:number_band:B2,Taipei:17390,Taipei:17390:158544:0:d754a32864045cf4,950,Taipei,121.543420153,25.0301083202,Taipei:geo04,0,0,0,10,1
geometry:number_band:B2,Taipei:17512,Taipei:17512:158675:0:5a4189ad4eafb3e5,311區,Taipei,121.508337764,25.0020738468,Taipei:geo03,0.1,0,0.1,10,1
geometry:number_band:B2,Taipei:17709,Taipei:17709:158892:0:611b82099fad4a1b,955,Taipei,121.61339197,25.0659069305,Taipei:geo07,0.1,0.1,0,10,1
geometry:number_band:B2,Taipei:17740,Taipei:17740:159045:0:b3b38a759fc87fb7,957,Taipei,121.484066035,25.131754948,Taipei:geo02,0.1,0.3,-0.2,10,1
geometry:number_band:B2,Taipei:17805,Taipei:17805:159150:0:cb03357d017d22b9,559,Taipei,121.51356825,25.1207227666,Taipei:geo02,0.3,0.3,0,10,1
geometry:number_band:B2,Taipei:17825,Taipei:17825:159189:0:aed5f8559476d87a,660區,Taipei,121.590078594,24.999069931,Taipei:geo06,0.4,0,0.4,10,1
geometry:number_band:B2,Taipei:17869,Taipei:17869:159297:0:37669ed954a3b249,88區,Taipei,121.555133746,25.0359266603,Taipei:geo04,0.4,0.9,-0.5,10,1
geometry:number_band:B2,Taipei:17928,Taipei:17928:162432:0:8dc51b004076fcda,907通勤,Taipei,121.599391739,25.0404499254,Taipei:geo07,0.2,0,0.2,10,1
geometry:number_band:B2,Taipei:17944,Taipei:17944:159442:0:ea61a5dad2d306da,66,Taipei,121.572070331,25.0099261613,Taipei:geo06,0.1,0,0.1,10,1
geometry:number_band:B2,Taipei:17952,Taipei:17952:159454:0:8dd4d102b1c2dfc6,617副,Taipei,121.526593048,25.064079292,Taipei:geo01,0.2,0.4,-0.2,10,1
geometry:number_band:B2,Taipei:18057,Taipei:18057:159715:0:a3d6df04a6c044db,295副,Taipei,121.551912364,25.0078552329,Taipei:geo06,0.8,0.4,0.4,10,1
geometry:number_band:B2,Taipei:18348,Taipei:18348:160269:0:00aa1c0dc47105e9,542預,Taipei,121.533371843,25.0661136556,Taipei:geo05,0.2,0.3,-0.1,10,1
geometry:number_band:B2,Taipei:19108,Taipei:19108:161407:1:e4c057c3173048f3,307西藏三民,Taipei,121.503015799,25.0283842582,Taipei:geo00,0.2,0.1,0.1,10,1
geometry:number_band:B2,Taipei:19159,Taipei:19159:161480:0:6d9bba2612511a31,297預,Taipei,121.515562345,25.019551282,Taipei:geo03,0.7,0.4,0.3,10,1
geometry:number_band:B2,Taipei:19178,Taipei:19178:161498:0:7b0aa372deb4c8c2,260區預,Taipei,121.537106328,25.1077523441,Taipei:geo05,0.6,0.6,0,10,1
geometry:number_band:B2,Taipei:19438,Taipei:19438:161887:0:a4fe87f8fa8c20d6,539預,Taipei,121.501941071,25.0702986909,Taipei:geo01,0.1,0.3,-0.2,10,1
geometry:number_band:B2,Taipei:19458,Taipei:19458:161937:0:6c65107218044359,683預,Taipei,121.563925687,25.0837152637,Taipei:geo05,0.5,0.1,0.4,10,1
geometry:number_band:B2,Taipei:19528,Taipei:19528:162047:0:d10d798c13f21924,246預,Taipei,121.512137272,25.0572896082,Taipei:geo01,0.3,0.4,-0.1,10,1
geometry:number_band:B2,Taipei:19678,Taipei:19678:162277:0:223273bd5a08500f,261預,Taipei,121.493941775,25.0667609638,Taipei:geo01,0.6,0.6,0,10,2
geometry:number_band:B2,Taipei:19688,Taipei:19688:162308:0:c02917c7d9526d2d,310區,Taipei,121.47759323,25.028582305,Taipei:geo00,0.1,0,0.1,10,1
geometry:number_band:B2,Taipei:19717,Taipei:19717:162399:0:f2e7c2d79fdc0116,302區,Taipei,121.495938924,25.119101882,Taipei:geo02,0.2,0,0.2,10,1
geometry:number_band:B2,Taipei:19718,Taipei:19718:162402:0:f827633623a89461,902區,Taipei,121.551494467,25.0380898866,Taipei:geo04,0.1,0,0.1,10,1
geometry:number_band:B2,Taipei:19720,Taipei:19720:162405:0:7731d47c4d2bfb08,536區,Taipei,121.504283285,25.1004945266,Taipei:geo01,0.5,0.1,0.4,10,1
geometry:number_band:B2,Taipei:19798,Taipei:19798:162616:0:38b742654df32227,606通勤,Taipei,121.53796818,25.0471156394,Taipei:geo04,0.4,0.4,0,10,1
topology:number_band:B1,NewTaipei:10116,NewTaipei:10116:101160:0:ff7bdc67505e9598,242,NewTaipei,121.509319152,25.009180583,NewTaipei:geo04,0.6,0.7,-0.1,10,1
topology:number_band:B1,NewTaipei:10148,NewTaipei:10148:101480:0:466ad563122a78aa,702,NewTaipei,121.400848129,24.9739634022,NewTaipei:geo00,0.2,0,0.2,10,1
topology:number_band:B1,NewTaipei:10149,NewTaipei:10149:101490:0:8795353df3583e42,624綠野香坡,NewTaipei,121.505240043,24.9892807947,NewTaipei:geo04,0.1,0.2,-0.1,10,1
topology:number_band:B1,NewTaipei:10151,NewTaipei:10151:101510:0:995ae95c0ef44acc,701,NewTaipei,121.447061631,25.0115495113,NewTaipei:geo02,0.4,0.1,0.3,10,1
topology:number_band:B1,NewTaipei:10161,NewTaipei:10161:101610:0:4f2968b52dfcb7e7,231,NewTaipei,121.479437471,25.012536982,NewTaipei:geo04,0.5,0.5,0,10,1
topology:number_band:B1,NewTaipei:10162,NewTaipei:10162:10162:0:37cc628cc28a412d,245,NewTaipei,121.47602604,25.0150112199,NewTaipei:geo04,0.5,0.5,0,10,2
topology:number_band:B1,NewTaipei:10163,NewTaipei:10163:158438:0:6532562bb7767d0b,656,NewTaipei,121.474635399,25.0138304114,NewTaipei:geo04,0.1,0.2,-0.1,10,1
topology:number_band:B1,NewTaipei:10164,NewTaipei:10164:10164:1:a6865ea531d7320d,657,NewTaipei,121.463799934,24.9991092794,NewTaipei:geo04,0.2,0.2,0,10,1
topology:number_band:B1,NewTaipei:10171,NewTaipei:10171:101710:0:98973ebc62b4e2a4,201,NewTaipei,121.492436456,25.0116682614,NewTaipei:geo04,0.4,0.4,0,10,1
topology:number_band:B1,NewTaipei:10172,NewTaipei:10172:101720:0:e4568c6a58eb0426,243,NewTaipei,121.504757529,25.0147400033,NewTaipei:geo04,0.4,0.7,-0.3,10,1
topology:number_band:B1,NewTaipei:10173,NewTaipei:10173:10173:0:c37095860ef814ee,241,NewTaipei,121.511007818,25.0064751787,NewTaipei:geo04,0.5,0.6,-0.1,10,1
topology:number_band:B1,NewTaipei:10195,NewTaipei:10195:101950:0:2edae7707d881214,705,NewTaipei,121.429646389,24.9759311334,NewTaipei:geo00,0.2,0.1,0.1,10,1
topology:number_band:B1,NewTaipei:10196,NewTaipei:10196:158514:0:97ba35e037ac79fe,706,NewTaipei,121.444008744,24.9762242579,NewTaipei:geo00,0.2,0.1,0.1,10,1
topology:number_band:B1,NewTaipei:10325,NewTaipei:10325:158645:0:d50e277fc0e2a519,909,NewTaipei,121.526722472,24.9888506606,NewTaipei:geo04,0.5,0.4,0.1,10,1
topology:number_band:B1,NewTaipei:10329,NewTaipei:10329:10329:0:19eb6d1ec1896e66,906,NewTaipei,121.528346012,24.9924983541,NewTaipei:geo04,0.6,0.4,0.2,10,1
topology:number_band:B1,NewTaipei:10424,NewTaipei:10424:10424:0:3c6ba69d5785da66,520,NewTaipei,121.480812697,25.0636170989,NewTaipei:geo02,0.1,0.2,-0.1,10,1
topology:number_band:B1,NewTaipei:10453,NewTaipei:10453:158513:0:6b884c958d9a56f2,640,NewTaipei,121.474301606,25.0646461226,NewTaipei:geo02,0.3,0.1,0.2,10,2
topology:number_band:B1,NewTaipei:10474,NewTaipei:10474:10474:0:3da456d90f518a0d,636,NewTaipei,121.464220248,25.0423837346,NewTaipei:geo02,0.5,0.4,0.1,10,1
topology:number_band:B1,NewTaipei:10475,NewTaipei:10475:158511:0:e2bbc3b542a0944a,635,NewTaipei,121.458629341,25.0367362827,NewTaipei:geo02,0.4,0.3,0.1,10,1
topology:number_band:B1,NewTaipei:10491,NewTaipei:10491:104910:0:50a7a3e32b5246cf,637,NewTaipei,121.454669281,25.0489042232,NewTaipei:geo02,0.4,0.3,0.1,10,1
topology:number_band:B1,NewTaipei:10492,NewTaipei:10492:104920:0:451a2f199685c72e,638,NewTaipei,121.466358695,25.0533308856,NewTaipei:geo02,0.4,0.2,0.2,10,1
topology:number_band:B1,NewTaipei:10511,NewTaipei:10511:105110:0:a7cd1a1880f65d57,639,NewTaipei,121.458524382,25.0326087444,NewTaipei:geo02,0.2,0.2,0,10,1
topology:number_band:B1,NewTaipei:10753,NewTaipei:10753:107530:0:896dd5157763170d,666華梵大學,NewTaipei,121.62190555,24.9934221443,NewTaipei:geo05,0.5,0.4,0.1,10,1
topology:number_band:B1,NewTaipei:10772,NewTaipei:10772:158435:0:1fd0289257a63bf1,249,NewTaipei,121.514890777,25.0117374304,NewTaipei:geo04,0.5,0.7,-0.2,10,1
topology:number_band:B1,NewTaipei:10784,NewTaipei:10784:158646:0:a1be720352ca62b6,290副,NewTaipei,121.538037129,24.9893196368,NewTaipei:geo04,0.2,0.2,0,10,2
topology:number_band:B1,NewTaipei:11244,NewTaipei:11244:158644:0:6f3b44a495988e6d,62,NewTaipei,121.495369643,25.0560890016,NewTaipei:geo02,0.3,0.2,0.1,10,1
topology:number_band:B1,NewTaipei:15224,NewTaipei:15224:158440:0:42d382630157eddd,631,NewTaipei,121.476111811,25.1585429546,NewTaipei:geo03,0,0,0,10,1
topology:number_band:B1,NewTaipei:15638,NewTaipei:15638:15638:0:8665fdcdfd5bb428,677,NewTaipei,121.620796246,25.0732522888,NewTaipei:geo05,0.2,0.4,-0.2,10,1
topology:number_band:B1,NewTaipei:15717,NewTaipei:15717:15717:0:cce8f6eb61c362e7,913,NewTaipei,121.525869513,24.9962054025,NewTaipei:geo04,0.6,0.5,0.1,10,1
topology:number_band:B1,NewTaipei:16113,NewTaipei:16113:16113:0:05803dbd7ae935cd,658,NewTaipei,121.474824058,25.0321458768,NewTaipei:geo02,0.2,0.3,-0.1,10,1
topology:number_band:B1,NewTaipei:16123,NewTaipei:16123:158437:0:3c5e4731a4b4b30c,667,NewTaipei,121.480409834,25.017978059,NewTaipei:geo04,0.2,0.2,0,10,1
topology:number_band:B1,NewTaipei:16210,NewTaipei:16210:159937:0:229eb14acc3b7bab,917,NewTaipei,121.384958055,24.9529203844,NewTaipei:geo00,0.7,0.7,0,10,1
topology:number_band:B1,NewTaipei:16215,NewTaipei:16215:157210:0:d111340ad9c69495,848,NewTaipei,121.444365643,25.0027434819,NewTaipei:geo00,0.3,0.3,0,10,1
topology:number_band:B1,NewTaipei:16223,NewTaipei:16223:157218:0:5a35c4e39f131dcb,807,NewTaipei,121.399789984,24.8825744363,NewTaipei:geo00,0.2,0.1,0.1,10,1
topology:number_band:B1,NewTaipei:16224,NewTaipei:16224:157219:0:ee4d73835b4e51fc,922,NewTaipei,121.400327579,24.9523211636,NewTaipei:geo00,0.833333333333,0.6,0.233333333333,10,3
topology:number_band:B1,NewTaipei:16258,NewTaipei:16258:157253:0:c90af6eec0eae095,819,NewTaipei,121.585826572,24.9944077043,NewTaipei:geo05,0.1,0.1,0,10,1
topology:number_band:B1,NewTaipei:16269,NewTaipei:16269:157264:0:fea170968f437c8f,836,NewTaipei,121.436682601,25.1730336615,NewTaipei:geo03,0.6,0.5,0.1,10,1
topology:number_band:B1,NewTaipei:16270,NewTaipei:16270:157265:0:d1e018273448e9e8,838,NewTaipei,121.446395921,25.0952242542,NewTaipei:geo01,0.4,0.4,0,10,1
topology:number_band:B1,NewTaipei:16393,NewTaipei:16393:157389:0:bc5322e9b6aff990,849,NewTaipei,121.541847701,24.9501970593,NewTaipei:geo04,0.1,0.4,-0.3,10,1
topology:number_band:B1,NewTaipei:16406,NewTaipei:16406:157402:0:a934aeb55537bbd3,8,NewTaipei,121.519521375,24.9758824381,NewTaipei:geo04,0,0,0,10,1
topology:number_band:B1,NewTaipei:16422,NewTaipei:16422:157418:0:7fffc97d7c15c07e,923,NewTaipei,121.629507365,24.9796330943,NewTaipei:geo05,0.2,0.2,0,10,1
topology:number_band:B1,NewTaipei:16423,NewTaipei:16423:157419:0:797029e6ff15f3a0,930,NewTaipei,121.509713254,24.9891865207,NewTaipei:geo04,0.5,0.1,0.4,10,2
topology:number_band:B1,NewTaipei:16425,NewTaipei:16425:157421:0:9642ba40e52508c5,811,NewTaipei,121.495536268,25.0749193568,NewTaipei:geo02,0.2,0.1,0.1,10,1
topology:number_band:B1,NewTaipei:16427,NewTaipei:16427:157423:0:614597252624e502,839,NewTaipei,121.514429943,24.9556005961,NewTaipei:geo04,0.1,0.4,-0.3,10,1
topology:number_band:B1,NewTaipei:16429,NewTaipei:16429:157425:1:05c3af4f8106018c,847,NewTaipei,121.422003109,24.9852603538,NewTaipei:geo00,0.7,0.6,0.1,10,1
topology:number_band:B1,NewTaipei:16461,NewTaipei:16461:157481:0:f2013d00bdb2e426,707,NewTaipei,121.471061389,24.9876986477,NewTaipei:geo04,0.2,0,0.2,10,1
topology:number_band:B1,NewTaipei:16462,NewTaipei:16462:157485:0:555f17115cbfb352,910,NewTaipei,121.40520887,24.9582100933,NewTaipei:geo00,0.7,0.7,0,10,1
topology:number_band:B1,NewTaipei:16467,NewTaipei:16467:157490:0:813c968ae1a21d97,51,NewTaipei,121.489824208,25.0063793457,NewTaipei:geo04,0.1,0.1,0,10,1
topology:number_band:B1,NewTaipei:16468,NewTaipei:16468:157491:0:e5cd8610040b3f4c,57,NewTaipei,121.492465657,25.0024590542,NewTaipei:geo04,0.1,0.1,0,10,1
topology:number_band:B1,NewTaipei:16474,NewTaipei:16474:157497:0:11dc567882d77fb9,843,NewTaipei,121.430502765,25.0031162594,NewTaipei:geo00,0.3,0.4,-0.1,10,1
topology:number_band:B1,NewTaipei:16479,NewTaipei:16479:157502:0:56cf2f0d58f20e42,802區,NewTaipei,121.439703018,25.0255584665,NewTaipei:geo02,0.4,0.6,-0.2,10,1
topology:number_band:B1,NewTaipei:16485,NewTaipei:16485:157508:0:153403772f37552b,835,NewTaipei,121.471144471,25.0506024624,NewTaipei:geo02,0.1,0.3,-0.2,10,1
topology:number_band:B1,NewTaipei:16497,NewTaipei:16497:157520:0:45353088cb0191ee,837,NewTaipei,121.447770861,25.1586323821,NewTaipei:geo03,0.6,0.7,-0.1,10,1
topology:number_band:B1,NewTaipei:16499,NewTaipei:16499:157522:0:18b92cbc03184ac4,816,NewTaipei,121.489653193,25.0817582529,NewTaipei:geo02,0.3,0.2,0.1,10,3
topology:number_band:B1,NewTaipei:16500,NewTaipei:16500:157523:0:2fe5c86352962881,815,NewTaipei,121.503957436,25.0860289774,NewTaipei:geo02,0.2,0.1,0.1,10,1
topology:number_band:B1,NewTaipei:16511,NewTaipei:16511:157546:0:97dfcd6bd8d4856c,779,NewTaipei,121.449183753,24.9402142365,NewTaipei:geo00,0,0.1,-0.1,10,1
topology:number_band:B1,NewTaipei:16513,NewTaipei:16513:157548:0:4782440627b68446,885,NewTaipei,121.416207753,24.989186365,NewTaipei:geo00,0.6,0.6,0,10,2
topology:number_band:B1,NewTaipei:16515,NewTaipei:16515:157550:0:fd7e71caafc440ec,858,NewTaipei,121.407397289,25.0450674316,NewTaipei:geo02,0.5,0.1,0.4,10,1
topology:number_band:B1,NewTaipei:16517,NewTaipei:16517:157552:0:e84cfc4450033a6a,704,NewTaipei,121.453034848,25.1152454095,NewTaipei:geo01,0.1,0,0.1,10,1
topology:number_band:B1,NewTaipei:16518,NewTaipei:16518:157553:0:4daa3c6f4d7638b5,859,NewTaipei,121.42812373,25.0217069106,NewTaipei:geo02,0.5,0.7,-0.2,10,1
topology:number_band:B1,NewTaipei:16521,NewTaipei:16521:159438:0:7dcd17baf028b851,704區,NewTaipei,121.436707681,25.135424386,NewTaipei:geo01,0.1,0.1,0,10,1
topology:number_band:B1,NewTaipei:16522,NewTaipei:16522:159493:0:48ca463942be810f,881,NewTaipei,121.436324493,25.1821718297,NewTaipei:geo03,0.7,0.5,0.2,10,1
topology:number_band:B1,NewTaipei:16526,NewTaipei:16526:157561:0:0952272a718d5790,869,NewTaipei,121.438255471,25.1771831051,NewTaipei:geo03,0.4,0.5,-0.1,10,1
topology:number_band:B1,NewTaipei:16527,NewTaipei:16527:161057:0:fef3e2600b43f288,878,NewTaipei,121.434351495,25.1516747267,NewTaipei:geo01,0.2,0.5,-0.3,10,1
topology:number_band:B1,NewTaipei:16528,NewTaipei:16528:157563:0:b99d4b5b15fc620e,860,NewTaipei,121.459214514,25.2202215764,NewTaipei:geo03,1,1,0,10,1
topology:number_band:B1,NewTaipei:16529,NewTaipei:16529:157564:0:582028236e4a8166,861,NewTaipei,121.463282199,25.2235337996,NewTaipei:geo03,1,1,0,10,1
topology:number_band:B1,NewTaipei:16530,NewTaipei:16530:157565:0:4c48fa20a757131a,865,NewTaipei,121.508754714,25.2538554121,NewTaipei:geo03,1,0.9,0.1,10,1
topology:number_band:B1,NewTaipei:16531,NewTaipei:16531:157566:0:6edeac39989258f4,866,NewTaipei,121.495163433,25.218175467,NewTaipei:geo03,0.9,1,-0.1,10,1
topology:number_band:B1,NewTaipei:16532,NewTaipei:16532:157567:0:33241f590e4708d9,867,NewTaipei,121.500757788,25.2487063063,NewTaipei:geo03,1,1,0,10,1
topology:number_band:B1,NewTaipei:16535,NewTaipei:16535:157570:0:8a87af187a50f6cf,874,NewTaipei,121.462341918,25.2194294842,NewTaipei:geo03,1,1,0,10,1
topology:number_band:B1,NewTaipei:16536,NewTaipei:16536:157571:0:977ed664178e8b3c,875,NewTaipei,121.471181634,25.185934396,NewTaipei:geo03,0.9,0.9,0,10,1
topology:number_band:B1,NewTaipei:16538,NewTaipei:16538:157573:0:c77412f0a1a614e7,877,NewTaipei,121.506278635,25.2329585184,NewTaipei:geo03,1,1,0,10,1
topology:number_band:B1,NewTaipei:16542,NewTaipei:16542:157577:0:adea23d54075b7e4,879,NewTaipei,121.463937498,25.2070634346,NewTaipei:geo03,0.8,1,-0.2,10,1
topology:number_band:B1,NewTaipei:16543,NewTaipei:16543:157578:0:698f23e34a5c602a,882,NewTaipei,121.464976043,25.2203369528,NewTaipei:geo03,1,1,0,10,1
topology:number_band:B1,NewTaipei:16547,NewTaipei:16547:157582:0:1013ad8cc885ea21,808,NewTaipei,121.825866801,25.0995850308,NewTaipei:geo06,0.6,0.4,0.2,10,1
topology:number_band:B1,NewTaipei:16548,NewTaipei:16548:157583:0:0fe922028ca67465,827,NewTaipei,121.832488656,25.1095048005,NewTaipei:geo06,0.5,0.4,0.1,10,1
topology:number_band:B1,NewTaipei:16551,NewTaipei:16551:157586:0:5ddc9c9d0849bc5d,825,NewTaipei,121.827632851,25.1090149924,NewTaipei:geo06,0.5,0.4,0.1,10,1
topology:number_band:B1,NewTaipei:16552,NewTaipei:16552:157587:0:0fa77084048ad9f0,856(台灣好行-黃金福隆線),NewTaipei,121.907440828,25.0780618329,NewTaipei:geo06,0.4,0.6,-0.2,10,1
topology:number_band:B1,NewTaipei:16554,NewTaipei:16554:157589:0:568df4a9dbf1af9d,826,NewTaipei,121.843828547,25.1090614658,NewTaipei:geo06,0.5,0.5,0,10,1
topology:number_band:B1,NewTaipei:16560,NewTaipei:16560:157596:0:78b83bf978980ec4,932,NewTaipei,121.410269438,24.9643360115,NewTaipei:geo00,0.9,0.6,0.3,10,1
topology:number_band:B1,NewTaipei:16562,NewTaipei:16562:157598:0:95eea614884ed990,935,NewTaipei,121.527466324,24.9913608457,NewTaipei:geo04,0.5,0.4,0.1,10,1
topology:number_band:B1,NewTaipei:16564,NewTaipei:16564:158931:1:404239bff2719fbf,876,NewTaipei,121.488641136,25.2070858519,NewTaipei:geo03,0.9,1,-0.1,10,1
topology:number_band:B1,NewTaipei:16565,NewTaipei:16565:159117:1:0fb437123a591e4a,886,NewTaipei,121.865609626,25.1204865978,NewTaipei:geo06,0.5,0.5,0,10,1
topology:number_band:B1,NewTaipei:16571,NewTaipei:16571:157613:0:913b0743a3e6b4cf,797,NewTaipei,121.460423738,25.0449657173,NewTaipei:geo02,0.2,0,0.2,10,1
topology:number_band:B1,NewTaipei:16573,NewTaipei:16573:157615:0:29b72f070ba6897d,800,NewTaipei,121.424377832,25.002967211,NewTaipei:geo00,0.7,0.6,0.1,10,1
topology:number_band:B1,NewTaipei:16576,NewTaipei:16576:157618:0:fd604b474ecdb29f,799,NewTaipei,121.448743157,25.0235680888,NewTaipei:geo02,0.1,0.1,0,10,1
topology:number_band:B1,NewTaipei:16577,NewTaipei:16577:157619:0:3f094f2084767eb8,871經中山北路,NewTaipei,121.456602703,25.1981526107,NewTaipei:geo03,0.9,0.9,0,10,1
topology:number_band:B1,NewTaipei:16578,NewTaipei:16578:157620:1:cb89cb56b131df71,872經正德國中、直行中山北路,NewTaipei,121.453492181,25.2040801885,NewTaipei:geo03,0.9,1,-0.1,10,1
topology:number_band:B1,NewTaipei:16579,NewTaipei:16579:157621:0:15e349ecfc745b38,873經正德國中,NewTaipei,121.454060785,25.2071247271,NewTaipei:geo03,1,1,0,10,1
topology:number_band:B1,NewTaipei:16580,NewTaipei:16580:157622:0:9e5bcd641ece2dd0,891,NewTaipei,121.858109555,25.1149125402,NewTaipei:geo06,0.4176,0.5,-0.0824,10,500
topology:number_band:B1,NewTaipei:16581,NewTaipei:16581:157623:0:4f5f2b4c3f6c7697,275,NewTaipei,121.512539813,25.0052900794,NewTaipei:geo04,0.4,0.5,-0.1,10,1
topology:number_band:B1,NewTaipei:16583,NewTaipei:16583:157631:0:cbc53f4e0db5d28d,936,NewTaipei,121.423362066,25.070470167,NewTaipei:geo02,0.9,0.9,0,10,1
topology:number_band:B1,NewTaipei:16584,NewTaipei:16584:157632:0:3bca2c213484c485,820,NewTaipei,121.472042011,25.0546897315,NewTaipei:geo02,0.2,0.3,-0.1,10,1
topology:number_band:B1,NewTaipei:16585,NewTaipei:16585:157633:0:f4bd265497f3f46e,908,NewTaipei,121.433187761,24.9669987854,NewTaipei:geo00,0.6,0.2,0.4,10,1
topology:number_band:B1,NewTaipei:16588,NewTaipei:16588:157636:0:332f61060683a30f,264,NewTaipei,121.479753003,25.047524112,NewTaipei:geo02,0.2,0.1,0.1,10,1
topology:number_band:B1,NewTaipei:16591,NewTaipei:16591:157639:0:aa282defe02db964,857,NewTaipei,121.460278383,25.0969503658,NewTaipei:geo01,0.3,0.1,0.2,10,2
topology:number_band:B1,NewTaipei:16594,NewTaipei:16594:157642:0:a933252818b9cc00,801,NewTaipei,121.471580154,25.0510645745,NewTaipei:geo02,0.1,0.3,-0.2,10,1
topology:number_band:B1,NewTaipei:16595,NewTaipei:16595:157643:0:633f6ac8f6cf39da,803,NewTaipei,121.476068126,25.0604499519,NewTaipei:geo02,0.3,0.2,0.1,10,1
topology:number_band:B1,NewTaipei:16603,NewTaipei:16603:157651:0:77b094c3f87a5a60,920,NewTaipei,121.410394135,25.060293257,NewTaipei:geo02,1,0.6,0.4,10,1
topology:number_band:B1,NewTaipei:16604,NewTaipei:16604:158941:0:461105e884c9ae39,925,NewTaipei,121.41749524,25.0718568327,NewTaipei:geo02,0.9,0.8,0.1,10,1
topology:number_band:B1,NewTaipei:16606,NewTaipei:16606:157654:1:4e71e0819b51db9e,981,NewTaipei,121.356918308,24.9504739833,NewTaipei:geo00,0.8,0.5,0.3,10,2
topology:number_band:B1,NewTaipei:16607,NewTaipei:16607:157655:0:1f46174f34989c37,889,NewTaipei,121.411366921,24.9735838437,NewTaipei:geo00,0.5,0.3,0.2,10,1
topology:number_band:B1,NewTaipei:16608,NewTaipei:16608:157656:0:302b828da7456e8d,802,NewTaipei,121.418931616,24.9956262151,NewTaipei:geo00,0.7,0.6,0.1,10,1
topology:number_band:B1,NewTaipei:16609,NewTaipei:16609:157657:0:3256c6e8096ec896,842,NewTaipei,121.441322616,25.025407414,NewTaipei:geo02,0.4,0.6,-0.2,10,1
topology:number_band:B1,NewTaipei:16614,NewTaipei:16614:157662:0:3d8334033737df92,930延,NewTaipei,121.513707061,24.9862536148,NewTaipei:geo04,0.5,0.3,0.2,10,1
topology:number_band:B1,NewTaipei:16626,NewTaipei:16626:157674:0:0bd2151dd989d460,870,NewTaipei,121.440648409,25.190932605,NewTaipei:geo03,0.4,0.8,-0.4,10,1
topology:number_band:B1,NewTaipei:16627,NewTaipei:16627:157675:0:f9157ad805fb90db,872,NewTaipei,121.446507857,25.2036943806,NewTaipei:geo03,0.9,0.9,0,10,1
topology:number_band:B1,NewTaipei:16628,NewTaipei:16628:157676:0:d407f67478987c11,871,NewTaipei,121.45018339,25.198271402,NewTaipei:geo03,0.9,0.9,0,10,1
topology:number_band:B1,NewTaipei:16629,NewTaipei:16629:157677:0:1c0787656573655b,873,NewTaipei,121.446284953,25.2045523968,NewTaipei:geo03,0.8,0.9,-0.1,10,1
topology:number_band:B1,NewTaipei:16630,NewTaipei:16630:157678:0:e383fd8a4d876144,868,NewTaipei,121.465482505,25.1662500551,NewTaipei:geo03,0.5,0.7,-0.2,10,1
topology:number_band:B1,NewTaipei:16633,NewTaipei:16633:157681:0:7fd0f5b8dbec38f9,919,NewTaipei,121.610346041,25.0578966084,NewTaipei:geo05,0.1,0.1,0,10,2
topology:number_band:B1,NewTaipei:16635,NewTaipei:16635:157696:0:531ccaacac177562,939,NewTaipei,121.475978861,24.9806055615,NewTaipei:geo04,0.8,0.4,0.4,10,1
topology:number_band:B1,NewTaipei:16637,NewTaipei:16637:157697:0:2e97e91e9eefc753,780,NewTaipei,121.818827608,25.0203709549,NewTaipei:geo06,0.266272189349,0.5,-0.233727810651,10,507
topology:number_band:B1,NewTaipei:16641,NewTaipei:16641:160828:1:4602761d9337e375,788,NewTaipei,121.80919838,25.1178179965,NewTaipei:geo06,0.2,0.3,-0.1,10,1
topology:number_band:B1,NewTaipei:16642,NewTaipei:16642:159633:1:0688c606159b3911,787,NewTaipei,121.751282741,25.1119974603,NewTaipei:geo06,0.8,0.7,0.1,10,1
topology:number_band:B1,NewTaipei:16643,NewTaipei:16643:157703:0:1e1e2bb99b45e99f,782,NewTaipei,121.835743012,25.0295640803,NewTaipei:geo06,0.266272189349,0.5,-0.233727810651,10,507
topology:number_band:B1,NewTaipei:16644,NewTaipei:16644:157704:0:bfe78e3607e2ae54,781,NewTaipei,121.835738124,25.0295716732,NewTaipei:geo06,0.266272189349,0.5,-0.233727810651,10,507
topology:number_band:B1,NewTaipei:16651,NewTaipei:16651:157715:0:c09364d267453b3f,864,NewTaipei,121.472095998,25.1759096591,NewTaipei:geo03,0.7,0.7,0,10,1
topology:number_band:B1,NewTaipei:16655,NewTaipei:16655:157719:0:3581a6a9aed4b192,937,NewTaipei,121.421923058,25.0709613055,NewTaipei:geo02,0.8,0.9,-0.1,10,1
topology:number_band:B1,NewTaipei:16656,NewTaipei:16656:157720:0:df5a9673fae9dfec,839耕莘,NewTaipei,121.520092903,24.9582394877,NewTaipei:geo04,0.1,0.4,-0.3,10,1
topology:number_band:B1,NewTaipei:16659,NewTaipei:16659:157722:1:581f90de23ead74d,880,NewTaipei,121.436191851,25.0882205403,NewTaipei:geo01,0.4,0.2,0.2,10,1
topology:number_band:B1,NewTaipei:16660,NewTaipei:16660:157724:0:d82e6d61eb02ec3e,883,NewTaipei,121.441953882,25.1100246336,NewTaipei:geo01,0.4,0.1,0.3,10,1
topology:number_band:B1,NewTaipei:16662,NewTaipei:16662:157726:0:9aa389c233f1823d,948,NewTaipei,121.411286937,25.0516732038,NewTaipei:geo02,0.8,0.6,0.2,10,1
topology:number_band:B1,NewTaipei:16664,NewTaipei:16664:157728:0:82ad3ebaafb51407,921,NewTaipei,121.426740225,24.9645773523,NewTaipei:geo00,0.9,0.4,0.5,10,1
topology:number_band:B1,NewTaipei:16665,NewTaipei:16665:159314:0:1d8e96b6e917150a,851,NewTaipei,121.360395145,24.9463654993,NewTaipei:geo00,0,0.1,-0.1,10,1
topology:number_band:B1,NewTaipei:16666,NewTaipei:16666:157730:0:4043146ac86fd5d4,852,NewTaipei,121.402123519,24.9701159343,NewTaipei:geo00,0.6,0.2,0.4,10,1
topology:number_band:B1,NewTaipei:16670,NewTaipei:16670:157734:0:500a7b1dfe52c5a9,810,NewTaipei,121.443695263,25.0159988195,NewTaipei:geo02,0,0.5,-0.5,10,1
topology:number_band:B1,NewTaipei:16672,NewTaipei:16672:157736:0:b988d57e2e4a031e,938,NewTaipei,121.468105042,25.0571124404,NewTaipei:geo02,0,0.2,-0.2,10,2
topology:number_band:B1,NewTaipei:16675,NewTaipei:16675:157739:0:2f3ace3bca9b6089,863,NewTaipei,121.537569345,25.2509921439,NewTaipei:geo03,1,0.9,0.1,10,1
topology:number_band:B1,NewTaipei:16681,NewTaipei:16681:159635:1:029e2622b2640953,787經瑞芳工業區,NewTaipei,121.753318127,25.1111714214,NewTaipei:geo06,0.8,0.7,0.1,10,1
topology:number_band:B1,NewTaipei:16682,NewTaipei:16682:157746:0:ea327882749676b4,791,NewTaipei,121.848205043,25.1075315573,NewTaipei:geo06,0.6,0.2,0.4,10,1
topology:number_band:B1,NewTaipei:16685,NewTaipei:16685:157770:0:365180b7a6627e3e,657延,NewTaipei,121.465739441,25.0060269204,NewTaipei:geo04,0.2,0.2,0,10,1
topology:number_band:B1,NewTaipei:16688,NewTaipei:16688:157773:0:4213cf3a365c4c86,983,NewTaipei,121.45428659,25.1608290638,NewTaipei:geo03,0.2,0,0.2,10,1
topology:number_band:B1,NewTaipei:16689,NewTaipei:16689:157774:0:d2c0d988b567a316,793,NewTaipei,121.499067287,24.998634814,NewTaipei:geo04,0.3,0,0.3,10,1
topology:number_band:B1,NewTaipei:16691,NewTaipei:16691:157776:0:efa6cfba4fdaee10,796,NewTaipei,121.539609429,24.9900168943,NewTaipei:geo04,0.1,0,0.1,10,1
topology:number_band:B1,NewTaipei:16692,NewTaipei:16692:157777:0:7723b2af621f5e9a,783,NewTaipei,121.456629059,25.0552336009,NewTaipei:geo02,0.1,0,0.1,10,1
topology:number_band:B1,NewTaipei:16693,NewTaipei:16693:157778:0:dda030d7227d4164,785,NewTaipei,121.466973839,25.0893111643,NewTaipei:geo02,0.1,0,0.1,10,1
topology:number_band:B1,NewTaipei:16694,NewTaipei:16694:157779:0:77931a3aa5c2278b,786,NewTaipei,121.414616362,25.0546808986,NewTaipei:geo02,0.2,0.1,0.1,10,1
topology:number_band:B1,NewTaipei:16695,NewTaipei:16695:157780:0:216260aa3f91dc55,821,NewTaipei,121.47245182,25.1743117263,NewTaipei:geo03,0.7,0.7,0,10,1
topology:number_band:B1,NewTaipei:16697,NewTaipei:16697:160487:1:5d055b5a767a824d,847區,NewTaipei,121.432873511,24.9802998381,NewTaipei:geo00,0.4,0.2,0.2,10,2
topology:number_band:B1,NewTaipei:16710,NewTaipei:16710:157802:0:5e2a3798186b6bc4,867區,NewTaipei,121.483194475,25.2415939878,NewTaipei:geo03,1,1,0,10,1
topology:number_band:B1,NewTaipei:16717,NewTaipei:16717:157814:0:740254164781cf25,895,NewTaipei,121.513406775,24.9977117753,NewTaipei:geo04,0.1,0,0.1,10,1
topology:number_band:B1,NewTaipei:16719,NewTaipei:16719:157817:0:15c522bc9be02c02,795往木柵(台灣好行-木柵平溪線),NewTaipei,121.670188072,25.0126395066,NewTaipei:geo05,0.2,0.2,0,10,1
topology:number_band:B1,NewTaipei:16726,NewTaipei:16726:159535:0:c70323a8b9423db0,941,NewTaipei,121.460425528,24.9673209454,NewTaipei:geo00,0.833333333333,0.3,0.533333333333,10,3
topology:number_band:B1,NewTaipei:16728,NewTaipei:16728:157830:0:2bd5b6cfc09a2729,940,NewTaipei,121.406718943,24.9565513932,NewTaipei:geo00,0.75,0.7,0.05,10,2
topology:number_band:B1,NewTaipei:16730,NewTaipei:16730:157832:0:d188877f20221c67,822,NewTaipei,121.409177428,25.0856120407,NewTaipei:geo01,0.3,0.1,0.2,10,1
topology:number_band:B1,NewTaipei:16731,NewTaipei:16731:157836:0:d7ebe14cadb593a4,817,NewTaipei,121.627669469,25.0619166309,NewTaipei:geo05,0.1,0.2,-0.1,10,2
topology:number_band:B1,NewTaipei:16733,NewTaipei:16733:157838:0:c28e6655bf0d1c6d,890,NewTaipei,121.649148121,25.0817660166,NewTaipei:geo05,0.2,0.1,0.1,10,1
topology:number_band:B1,NewTaipei:16734,NewTaipei:16734:157839:0:4e0656b89ca7b7ef,846,NewTaipei,121.787404452,25.0757928054,NewTaipei:geo06,0.4,0.3,0.1,10,1
topology:number_band:B1,NewTaipei:16739,NewTaipei:16739:157844:0:a1fcefec2b339e59,789,NewTaipei,121.698656447,25.1525327062,NewTaipei:geo05,0.7,0.7,0,10,1
topology:number_band:B1,NewTaipei:16740,NewTaipei:16740:157845:0:e2a89f06ccbd79b6,790,NewTaipei,121.684767663,25.1782213332,NewTaipei:geo05,0.6,0.6,0,10,1
topology:number_band:B1,NewTaipei:16757,NewTaipei:16757:157872:0:5d19dd42a9fcf331,795往十分寮(台灣好行-木柵平溪線),NewTaipei,121.670127315,25.012665419,NewTaipei:geo05,0.2,0.2,0,10,1
topology:number_band:B1,NewTaipei:16758,NewTaipei:16758:157873:0:b51eda0e8993fecb,795往平溪(台灣好行-木柵平溪線),NewTaipei,121.647288561,25.0076841671,NewTaipei:geo05,0.2,0.2,0,10,1
topology:number_band:B1,NewTaipei:16759,NewTaipei:16759:157876:0:2525ece79a50541a,943,NewTaipei,121.484409634,24.9874171591,NewTaipei:geo04,0.8,0.3,0.5,10,1
topology:number_band:B1,NewTaipei:16767,NewTaipei:16767:157894:0:869e1d6432a9cfbf,594,NewTaipei,121.448883246,25.1729575873,NewTaipei:geo03,0,0.2,-0.2,10,1
topology:number_band:B1,NewTaipei:16768,NewTaipei:16768:158972:1:5a10b9afb1586c74,595,NewTaipei,121.438509421,25.1878272812,NewTaipei:geo03,0,0.2,-0.2,10,1
topology:number_band:B1,NewTaipei:16772,NewTaipei:16772:157899:0:e012b5d340d834f8,593,NewTaipei,121.430417758,25.17768516,NewTaipei:geo03,0,0.2,-0.2,10,1
topology:number_band:B1,NewTaipei:16845,NewTaipei:16845:157972:0:7f5b80fe17652518,578,NewTaipei,121.464963297,25.0573091476,NewTaipei:geo02,0.3,0.3,0,10,1
topology:number_band:B1,NewTaipei:16847,NewTaipei:16847:157974:0:1b12b26b395a06ec,579,NewTaipei,121.460455575,25.0557538238,NewTaipei:geo02,0.3,0.2,0.1,10,1
topology:number_band:B1,NewTaipei:16849,NewTaipei:16849:157976:0:e8ee3a3bf2504e79,580,NewTaipei,121.447197138,25.0999274441,NewTaipei:geo01,0.3,0.2,0.1,10,1
topology:number_band:B1,NewTaipei:16851,NewTaipei:16851:157978:1:634b558eec492a94,581,NewTaipei,121.443200114,25.0904816828,NewTaipei:geo01,0.3,0.2,0.1,10,1
topology:number_band:B1,NewTaipei:16855,NewTaipei:16855:157982:0:7a493045e71d8106,582,NewTaipei,121.469690967,25.0608654501,NewTaipei:geo02,0.4,0.3,0.1,10,1
topology:number_band:B1,NewTaipei:16897,NewTaipei:16897:158024:0:f257f012e606908a,570,NewTaipei,121.454505947,24.968398934,NewTaipei:geo00,0.5,0.4,0.1,10,1
topology:number_band:B1,NewTaipei:16898,NewTaipei:16898:158025:0:719323739f0f0e1d,571,NewTaipei,121.429205253,24.9536993421,NewTaipei:geo00,0.517165668663,0.1,0.417165668663,10,501
topology:number_band:B1,NewTaipei:16899,NewTaipei:16899:158026:0:6aaca3c066ba9bf6,572,NewTaipei,121.452643608,24.9753422831,NewTaipei:geo00,0.5,0.4,0.1,10,1
topology:number_band:B1,NewTaipei:16900,NewTaipei:16900:158027:0:75bdb578e34981ab,573,NewTaipei,121.446007064,24.9765741505,NewTaipei:geo00,0.5,0.4,0.1,10,1
topology:number_band:B1,NewTaipei:16901,NewTaipei:16901:158028:0:3915abd476786d38,574,NewTaipei,121.444719283,24.9755170155,NewTaipei:geo00,0.5,0.4,0.1,10,1
topology:number_band:B1,NewTaipei:16902,NewTaipei:16902:158029:0:fd6c9a4073ed6ef5,575,NewTaipei,121.443900989,24.9586632177,NewTaipei:geo00,0.542658730159,0.5,0.0426587301587,10,504
topology:number_band:B1,NewTaipei:16930,NewTaipei:16930:159897:0:2f42933f6e9c75bb,592,NewTaipei,121.548524128,24.974132451,NewTaipei:geo04,0.1,0.1,0,10,1
topology:number_band:B1,NewTaipei:16997,NewTaipei:16997:159015:0:1b103e7f3feb4394,586,NewTaipei,121.665695968,25.0732497868,NewTaipei:geo05,0,0.3,-0.3,10,1
topology:number_band:B1,NewTaipei:17001,NewTaipei:17001:158128:1:b228eec7aea34a38,587,NewTaipei,121.647765317,25.0859092814,NewTaipei:geo05,0.1,0.3,-0.2,10,1
topology:number_band:B1,NewTaipei:17009,NewTaipei:17009:158136:0:2b69506f1f31ff77,589,NewTaipei,121.661422836,25.0667461582,NewTaipei:geo05,0,0.3,-0.3,10,1
topology:number_band:B1,NewTaipei:17015,NewTaipei:17015:158142:0:950277e9ef250b03,677副,NewTaipei,121.62018952,25.0736802056,NewTaipei:geo05,0.2,0.4,-0.2,10,1
topology:number_band:B1,NewTaipei:17016,NewTaipei:17016:158143:0:2d12308191578cb5,590,NewTaipei,121.626403803,25.0691714422,NewTaipei:geo05,0.1,0.1,0,10,1
topology:number_band:B1,NewTaipei:17017,NewTaipei:17017:158144:0:25141757b272793c,591,NewTaipei,121.618720782,25.0653678369,NewTaipei:geo05,0.1,0.1,0,10,1
topology:number_band:B1,NewTaipei:17292,NewTaipei:17292:158421:0:13623d0f7a12e819,945,NewTaipei,121.437290996,25.0699762698,NewTaipei:geo02,1,0.8,0.2,10,1
topology:number_band:B1,NewTaipei:17293,NewTaipei:17293:158422:0:57f592d41cdefa17,946,NewTaipei,121.446121472,25.0717041041,NewTaipei:geo02,1,0.7,0.3,10,2
topology:number_band:B1,NewTaipei:17294,NewTaipei:17294:158423:0:9f9e65c77e1cc770,946副,NewTaipei,121.449289646,25.0712229105,NewTaipei:geo02,0.9,0.7,0.2,10,1
topology:number_band:B1,NewTaipei:17300,NewTaipei:17300:158429:0:4be629c1cce8e07a,624,NewTaipei,121.50952758,24.99397615,NewTaipei:geo04,0.1,0.1,0,10,1
topology:number_band:B1,NewTaipei:17304,NewTaipei:17304:158433:0:c9c01b53c9aaae44,985萬大樹林先導公車,NewTaipei,121.447778895,25.0027873695,NewTaipei:geo00,0,0,0,10,1
topology:number_band:B1,NewTaipei:17479,NewTaipei:17479:158635:0:4791b6d7f3b48fb7,290副萬和,NewTaipei,121.53767515,24.9914095889,NewTaipei:geo04,0.2,0.2,0,10,1
topology:number_band:B1,NewTaipei:17482,NewTaipei:17482:158638:0:fef3ca232c133507,666皇帝殿,NewTaipei,121.60525221,24.9981386148,NewTaipei:geo05,0.5,0.4,0.1,10,1
topology:number_band:B1,NewTaipei:17483,NewTaipei:17483:158639:0:84e1c285e5b04f89,666烏塗窟,NewTaipei,121.605885873,24.9974792743,NewTaipei:geo05,0.5,0.4,0.1,10,1
topology:number_band:B1,NewTaipei:17500,NewTaipei:17500:158663:0:f4890e1d3a72d885,790漁港,NewTaipei,121.685816601,25.1788161008,NewTaipei:geo05,0.6,0.7,-0.1,10,1
topology:number_band:B1,NewTaipei:17501,NewTaipei:17501:158664:0:5707de8c2e4de411,788海科館,NewTaipei,121.797523075,25.1231782636,NewTaipei:geo06,0.3,0.4,-0.1,10,1
topology:number_band:B1,NewTaipei:17513,NewTaipei:17513:158679:0:de9cc03e7cbd8d6b,583,NewTaipei,121.452023847,25.1013784588,NewTaipei:geo01,0.3,0.2,0.1,10,1
topology:number_band:B1,NewTaipei:17515,NewTaipei:17515:158683:0:9ddb1089494cc688,778,NewTaipei,121.377750879,24.919548904,NewTaipei:geo00,0.2,0.1,0.1,10,1
topology:number_band:B1,NewTaipei:17517,NewTaipei:17517:158685:0:428f2c2a8856e970,99,NewTaipei,121.451169404,25.0268788894,NewTaipei:geo02,0,0,0,10,2
topology:number_band:B1,NewTaipei:17518,NewTaipei:17518:158686:0:38d0a14694f1227b,845,NewTaipei,121.4434211,25.0305058444,NewTaipei:geo02,0.4,0.5,-0.1,10,1
topology:number_band:B1,NewTaipei:17519,NewTaipei:17519:158687:0:77c366a5f25d1e57,916,NewTaipei,121.392988492,24.949307608,NewTaipei:geo00,0.8,0.6,0.2,10,1
topology:number_band:B1,NewTaipei:17523,NewTaipei:17523:158691:0:4aa538b1f234a280,806,NewTaipei,121.469372681,25.0415597484,NewTaipei:geo02,0.1,0.2,-0.1,10,1
topology:number_band:B1,NewTaipei:17524,NewTaipei:17524:158692:0:2652ea16c1235b68,805,NewTaipei,121.448015445,25.0318353319,NewTaipei:geo02,0.3,0.5,-0.2,10,1
topology:number_band:B1,NewTaipei:17525,NewTaipei:17525:158693:0:18ceac0bf4365c89,823,NewTaipei,121.634067939,25.056020152,NewTaipei:geo05,0.0549800796813,0.2,-0.145019920319,10,502
topology:number_band:B1,NewTaipei:17526,NewTaipei:17526:159276:0:0f5f9d8b02bb906e,813,NewTaipei,121.455379454,25.0301398653,NewTaipei:geo02,0.2,0.4,-0.2,10,1
topology:number_band:B1,NewTaipei:17527,NewTaipei:17527:158695:0:33a099285d0a55a6,813區,NewTaipei,121.46023159,25.0240642073,NewTaipei:geo02,0.2,0.3,-0.1,10,1
topology:number_band:B1,NewTaipei:17528,NewTaipei:17528:158696:0:6f4f6850f3b5d35c,862,NewTaipei,121.592766751,25.2224443351,NewTaipei:geo05,0.7,0.5,0.2,10,1
topology:number_band:B1,NewTaipei:17530,NewTaipei:17530:159900:1:7938113a526a07c5,716(台灣好行-皇冠北海岸線),NewTaipei,121.553023644,25.2457848293,NewTaipei:geo03,0,0,0,10,1
topology:number_band:B1,NewTaipei:17532,NewTaipei:17532:159687:0:fb73d03c50f84294,918,NewTaipei,121.484667673,25.0160262057,NewTaipei:geo04,0.4,0.2,0.2,10,1
topology:number_band:B1,NewTaipei:17534,NewTaipei:17534:158702:0:f15f99db774971a1,933,NewTaipei,121.507345555,25.0159544241,NewTaipei:geo04,0.2,0,0.2,10,1
topology:number_band:B1,NewTaipei:17536,NewTaipei:17536:158704:0:0bc278af6296b2a9,927,NewTaipei,121.436740469,25.1131505515,NewTaipei:geo01,0.4,0.5,-0.1,10,1
topology:number_band:B1,NewTaipei:17537,NewTaipei:17537:158705:0:8730d86237e92815,928,NewTaipei,121.432913084,25.1197925355,NewTaipei:geo01,0.4,0.5,-0.1,10,1
topology:number_band:B1,NewTaipei:17545,NewTaipei:17545:158713:0:8220e01eda29e4ee,927經台北港,NewTaipei,121.432780862,25.1163947057,NewTaipei:geo01,0.4,0.5,-0.1,10,1
topology:number_band:B1,NewTaipei:17548,NewTaipei:17548:158717:0:34a215b6bafd738d,951,NewTaipei,121.593591315,25.0151719325,NewTaipei:geo05,0.2,0.3,-0.1,10,1
topology:number_band:B1,NewTaipei:17557,NewTaipei:17557:158727:0:e7ef2024d9080e9d,897,NewTaipei,121.50099021,24.9919996448,NewTaipei:geo04,0.1,0.1,0,10,2
topology:number_band:B1,NewTaipei:17570,NewTaipei:17570:158740:0:8054f2bac7235b4a,947,NewTaipei,121.453961209,25.1124589089,NewTaipei:geo01,0.2,0.3,-0.1,10,1
topology:number_band:B1,NewTaipei:17575,NewTaipei:17575:158745:0:b90bb8cd359ddff5,953,NewTaipei,121.644665191,25.1186712793,NewTaipei:geo05,0.1,0.2,-0.1,10,1
topology:number_band:B1,NewTaipei:17576,NewTaipei:17576:158746:0:cd9a5ed27fc4ca4b,952,NewTaipei,121.379882985,25.0497754399,NewTaipei:geo02,0.3,0.4,-0.1,10,1
topology:number_band:B1,NewTaipei:17621,NewTaipei:17621:158793:0:f15950be37be2303,853跳蛙,NewTaipei,121.461319891,25.2171127499,NewTaipei:geo03,0.8,1,-0.2,10,1
topology:number_band:B1,NewTaipei:17625,NewTaipei:17625:158801:0:00c75f3a5d23efb6,898,NewTaipei,121.402261289,25.0556841563,NewTaipei:geo02,0.2,0.1,0.1,10,1
topology:number_band:B1,NewTaipei:17668,NewTaipei:17668:158844:0:9a33b43fe3a4c372,982,NewTaipei,121.48064921,25.0212012015,NewTaipei:geo04,0.6,0.1,0.5,10,1
topology:number_band:B1,NewTaipei:17672,NewTaipei:17672:158850:0:c7265d377259e73b,577,NewTaipei,121.465382228,25.0038267585,NewTaipei:geo04,0,0.1,-0.1,10,1
topology:number_band:B1,NewTaipei:17679,NewTaipei:17679:158858:0:432e4e5132cf539f,982區,NewTaipei,121.457319736,25.0508939301,NewTaipei:geo02,0.6,0.3,0.3,10,1
topology:number_band:B1,NewTaipei:17680,NewTaipei:17680:158859:0:f2363858c44c4db6,982直達,NewTaipei,121.487918922,25.0125675282,NewTaipei:geo04,0.6,0.2,0.4,10,1
topology:number_band:B1,NewTaipei:17682,NewTaipei:17682:158861:1:44f017557a30ecdd,596,NewTaipei,121.440867471,24.9962847832,NewTaipei:geo00,0,0.1,-0.1,10,1
topology:number_band:B1,NewTaipei:17683,NewTaipei:17683:158862:0:06db35b677373666,585,NewTaipei,121.449201762,25.002797034,NewTaipei:geo00,0,0.2,-0.2,10,1
topology:number_band:B1,NewTaipei:17687,NewTaipei:17687:158865:0:ae32325f06bbefd8,982直達新埔線,NewTaipei,121.458101404,25.0445104031,NewTaipei:geo02,0.163618290258,0.3,-0.136381709742,10,503
topology:number_band:B1,NewTaipei:17692,NewTaipei:17692:158874:0:e342ebda014ef410,791繞貢寮,NewTaipei,121.853446873,25.0992200091,NewTaipei:geo06,0.6,0.2,0.4,10,1
topology:number_band:B1,NewTaipei:17696,NewTaipei:17696:158879:0:eb2eed50a34f393e,849屈尺社區,NewTaipei,121.541905427,24.9496959806,NewTaipei:geo04,0.1,0.4,-0.3,10,1
topology:number_band:B1,NewTaipei:17706,NewTaipei:17706:158889:0:721b4bdd8be1937b,897區,NewTaipei,121.513934988,24.9774744564,NewTaipei:geo04,0.1,0.1,0,10,2
topology:number_band:B1,NewTaipei:17717,NewTaipei:17717:158900:0:a558560032960c4a,932繞國家教育研究院,NewTaipei,121.409564959,24.963785278,NewTaipei:geo00,0.9,0.6,0.3,10,1
topology:number_band:B1,NewTaipei:17718,NewTaipei:17718:158901:0:078a76699f0b23be,791經貢寮區衛生,NewTaipei,121.84742755,25.1077501972,NewTaipei:geo06,0.6,0.2,0.4,10,1
topology:number_band:B1,NewTaipei:17719,NewTaipei:17719:158902:0:7204b4af80012f21,786區,NewTaipei,121.407183385,25.0632097747,NewTaipei:geo02,0.1,0.1,0,10,1
topology:number_band:B1,NewTaipei:17720,NewTaipei:17720:158908:0:a1a8bbbbfc4c88f7,939跳蛙,NewTaipei,121.483503828,24.9835462249,NewTaipei:geo04,0.8,0.3,0.5,10,1
topology:number_band:B1,NewTaipei:17775,NewTaipei:17775:159119:0:2ea87fc2055285f0,908延,NewTaipei,121.426923028,24.962989611,NewTaipei:geo00,0.7,0.5,0.2,10,1
topology:number_band:B1,NewTaipei:17789,NewTaipei:17789:159134:0:50c89798391f3220,960,NewTaipei,121.448018047,25.0455266836,NewTaipei:geo02,0,0.3,-0.3,10,1
topology:number_band:B1,NewTaipei:17790,NewTaipei:17790:159135:0:71f1be375705d87e,958,NewTaipei,121.464748145,25.061759139,NewTaipei:geo02,0.346613545817,0.4,-0.0533864541833,10,502
topology:number_band:B1,NewTaipei:17791,NewTaipei:17791:159136:0:98fc4a7862b1880a,959,NewTaipei,121.4622868,25.0582734365,NewTaipei:geo02,0.179365079365,0.4,-0.220634920635,10,504
topology:number_band:B1,NewTaipei:17802,NewTaipei:17802:159147:0:6d9795d0c497560a,854,NewTaipei,121.369619743,25.0692134112,NewTaipei:geo01,0,0.3,-0.3,10,1
topology:number_band:B1,NewTaipei:17806,NewTaipei:17806:159151:0:4c292ec1cde25656,899,NewTaipei,121.444793062,25.0779611336,NewTaipei:geo02,0.4,0.1,0.3,10,1
topology:number_band:B1,NewTaipei:17824,NewTaipei:17824:159184:0:1cddea3f69e2dd41,886區,NewTaipei,121.83623154,25.120989318,NewTaipei:geo06,0.5,0.5,0,10,1
topology:number_band:B1,NewTaipei:17838,NewTaipei:17838:159212:0:8fbb0f95701772f8,894,NewTaipei,121.436645446,25.1857955434,NewTaipei:geo03,0.6,0.6,0,10,1
topology:number_band:B1,NewTaipei:17845,NewTaipei:17845:159218:0:ef1219db1e169af9,953區,NewTaipei,121.647778937,25.1220018383,NewTaipei:geo05,0.1,0.2,-0.1,10,1
topology:number_band:B1,NewTaipei:17865,NewTaipei:17865:159263:1:54735fb24ebbe4ab,789區,NewTaipei,121.702565756,25.1536019861,NewTaipei:geo05,0.7,0.7,0,10,1
topology:number_band:B1,NewTaipei:17868,NewTaipei:17868:159290:0:fe07f4ac065d4938,638副,NewTaipei,121.431670738,25.0658611709,NewTaipei:geo02,0.2,0,0.2,10,3
topology:number_band:B1,NewTaipei:17889,NewTaipei:17889:159341:0:33c1b1eee2bbaa32,824,NewTaipei,121.451932947,25.0044143483,NewTaipei:geo00,0.3,0.2,0.1,10,1
topology:number_band:B1,NewTaipei:17916,NewTaipei:17916:159393:0:06b5e43df843dd27,963,NewTaipei,121.445035872,25.102001407,NewTaipei:geo01,0.5,0.3,0.2,10,1
topology:number_band:B1,NewTaipei:17923,NewTaipei:17923:158016:1:ebee1259e791eab1,819副,NewTaipei,121.594012162,24.9961282742,NewTaipei:geo05,0.1,0.1,0,10,1
topology:number_band:B1,NewTaipei:17937,NewTaipei:17937:159432:0:467d70062fae2ea6,965(台灣好行-九份金瓜石線),NewTaipei,121.658843087,25.0750754329,NewTaipei:geo05,0,0,0,10,1
topology:number_band:B1,NewTaipei:17942,NewTaipei:17942:159439:0:48c01d2309cef4bc,939副,NewTaipei,121.466666899,24.9795434621,NewTaipei:geo04,0.7,0.4,0.3,10,1
topology:number_band:B1,NewTaipei:17945,NewTaipei:17945:159443:0:6307a0eb98d82464,712,NewTaipei,121.425571347,25.0029182685,NewTaipei:geo00,0.2,0.1,0.1,10,1
topology:number_band:B1,NewTaipei:17971,NewTaipei:17971:159548:0:7d578c3c3630ff74,837副,NewTaipei,121.458724616,25.1442745661,NewTaipei:geo01,0.4,0.4,0,10,1
topology:number_band:B1,NewTaipei:17972,NewTaipei:17972:159549:0:ed7c15a2ffd566b9,837區,NewTaipei,121.458129728,25.1525417297,NewTaipei:geo03,0.4,0.5,-0.1,10,1
topology:number_band:B1,NewTaipei:18041,NewTaipei:18041:159674:0:d59aaee02226ad96,576,NewTaipei,121.530374312,24.9721699987,NewTaipei:geo04,0,0.1,-0.1,10,1
topology:number_band:B1,NewTaipei:18098,NewTaipei:18098:159757:0:7682f1ed0d09c3d0,788區,NewTaipei,121.775896287,25.1252762545,NewTaipei:geo06,0.8,0.5,0.3,10,1
topology:number_band:B1,NewTaipei:18118,NewTaipei:18118:159877:0:76a9c343581e717e,966,NewTaipei,121.429401253,25.0700420623,NewTaipei:geo02,1,0.9,0.1,10,1
topology:number_band:B1,NewTaipei:18119,NewTaipei:18119:159907:0:66bb3c7105530e9c,967,NewTaipei,121.445808322,25.0633060093,NewTaipei:geo02,0.8,0.7,0.1,10,1
topology:number_band:B1,NewTaipei:18128,NewTaipei:18128:159910:0:4a04f05f7fe19a45,967直,NewTaipei,121.455853704,25.0615496729,NewTaipei:geo02,0.7,0.6,0.1,10,1
topology:number_band:B1,NewTaipei:18148,NewTaipei:18148:159977:0:e46ac079f97cb4e8,582經工業區,NewTaipei,121.468858296,25.0619260144,NewTaipei:geo02,0.5,0.3,0.2,10,1
topology:number_band:B1,NewTaipei:18158,NewTaipei:18158:160007:0:7b331862eee2ca23,115平日,NewTaipei,121.420694921,25.1700439003,NewTaipei:geo03,0.1,0.1,0,10,1
topology:number_band:B1,NewTaipei:18258,NewTaipei:18258:160167:0:5b12ceedce4510b4,712副,NewTaipei,121.427551108,24.9989944496,NewTaipei:geo00,0.2,0.1,0.1,10,1
topology:number_band:B1,NewTaipei:18318,NewTaipei:18318:160228:0:b3968d699494f011,918區,NewTaipei,121.45033506,25.0437513823,NewTaipei:geo02,0.4,0.3,0.1,10,1
topology:number_band:B1,NewTaipei:18558,NewTaipei:18558:160527:0:2d4a5d8b9fab57e8,878區,NewTaipei,121.428699311,25.1445965576,NewTaipei:geo01,0.1,0.4,-0.3,10,1
topology:number_band:B1,NewTaipei:18728,NewTaipei:18728:160787:0:402ba7bc31098adf,937副,NewTaipei,121.442276949,25.0686915273,NewTaipei:geo02,0.7,0.8,-0.1,10,1
topology:number_band:B1,NewTaipei:18729,NewTaipei:18729:160788:0:8bbfcf78dfc4b97e,920副,NewTaipei,121.427606043,25.0524851039,NewTaipei:geo02,0.75,0.8,-0.05,10,2
topology:number_band:B1,NewTaipei:18730,NewTaipei:18730:160789:0:ce83b8049b5ab724,966副,NewTaipei,121.44827895,25.0686328687,NewTaipei:geo02,0.5,0.7,-0.2,10,1
topology:number_band:B1,NewTaipei:18731,NewTaipei:18731:160793:0:96b5d1e3912f7b08,967副,NewTaipei,121.468292797,25.0663813529,NewTaipei:geo02,0.5,0.3,0.2,10,1
topology:number_band:B1,NewTaipei:18738,NewTaipei:18738:160797:0:54c18b4a66dd963d,760,NewTaipei,121.361709789,25.0738910966,NewTaipei:geo01,0,0.1,-0.1,10,1
topology:number_band:B1,NewTaipei:18758,NewTaipei:18758:160837:0:317f69520332f63d,936A,NewTaipei,121.426046913,25.0710083034,NewTaipei:geo02,0.9,0.9,0,10,1
topology:number_band:B1,NewTaipei:18760,NewTaipei:18760:160839:0:56dd2439f8bf8df4,966A,NewTaipei,121.431564742,25.0707547142,NewTaipei:geo02,0.9,0.9,0,10,1
topology:number_band:B1,NewTaipei:18762,NewTaipei:18762:160841:0:06fd8a4f89cbf2f5,937A,NewTaipei,121.426102042,25.0714671215,NewTaipei:geo02,0.9,0.9,0,10,1
topology:number_band:B1,NewTaipei:18764,NewTaipei:18764:160843:0:f16a8df5de6c2176,920A,NewTaipei,121.413772607,25.0591256665,NewTaipei:geo02,1,0.6,0.4,10,1
topology:number_band:B1,NewTaipei:19048,NewTaipei:19048:161347:0:ae3e91599658f915,597,NewTaipei,121.463909959,25.0669654355,NewTaipei:geo02,0.6,0.3,0.3,10,1
topology:number_band:B1,NewTaipei:19208,NewTaipei:19208:161547:0:52d3f0f213637571,791區,NewTaipei,121.776025159,25.1313196059,NewTaipei:geo06,0.7,0.5,0.2,10,1
topology:number_band:B1,NewTaipei:19228,NewTaipei:19228:161587:0:89b93829204e9431,731,NewTaipei,121.350117139,24.9508540894,NewTaipei:geo00,0.142658730159,0.2,-0.0573412698413,10,504
topology:number_band:B1,NewTaipei:19741,NewTaipei:19741:162446:0:da3b541807f065b0,629區,NewTaipei,121.655705183,25.068147997,NewTaipei:geo05,0.4,0.1,0.3,10,1
topology:number_band:B1,NewTaipei:19747,NewTaipei:19747:162455:0:40a81dbee223496c,177瑞芳觀光公車,NewTaipei,121.829970789,25.1194439089,NewTaipei:geo06,0.1,0.1,0,10,1
topology:number_band:B1,NewTaipei:19748,NewTaipei:19748:162457:0:e3e5aeec79112c69,179,NewTaipei,121.835786767,25.1092181055,NewTaipei:geo06,0.1,0.1,0,10,1
topology:number_band:B1,NewTaipei:19760,NewTaipei:19760:162483:0:83cc4253a759a064,640A,NewTaipei,121.469171272,25.0689154287,NewTaipei:geo02,0.3,0.1,0.2,10,2
topology:number_band:B1,NewTaipei:19781,NewTaipei:19781:162558:0:8d27e451ffdaa616,989,NewTaipei,121.333152014,25.1330430516,NewTaipei:geo01,0.4,0.4,0,10,1
topology:number_band:B1,NewTaipei:19782,NewTaipei:19782:162560:0:a8c167835fcde402,990,NewTaipei,121.328126424,25.1271908515,NewTaipei:geo01,0.2,0.4,-0.2,10,1
topology:number_band:B1,NewTaipei:19783,NewTaipei:19783:162587:1:d67181ca138d2558,988,NewTaipei,121.438952378,25.1131695323,NewTaipei:geo01,0.5,0.5,0,10,1
topology:number_band:B1,NewTaipei:19784,NewTaipei:19784:162562:0:cca31897f7014ad8,115,NewTaipei,121.421274762,25.1705787061,NewTaipei:geo03,0.1,0.1,0,10,2
topology:number_band:B1,NewTaipei:5413,NewTaipei:5413:158443:0:8b6da1fc1a004b4e,896,NewTaipei,121.631801359,25.0750666659,NewTaipei:geo05,0.2,0.2,0,10,1
topology:number_band:B1,NewTaipei:5415,NewTaipei:5415:5415:0:8307e7c866825135,629,NewTaipei,121.632420185,25.0639396395,NewTaipei:geo05,0.5,0.4,0.1,10,1
topology:number_band:B1,NewTaipei:5416,NewTaipei:5416:5416:0:775cbee8c0942a7f,678,NewTaipei,121.626400309,25.0584041995,NewTaipei:geo05,0.6,0.4,0.2,10,1
topology:number_band:B1,Taipei:10132,Taipei:10132:101320:0:24e17ca5b10c60be,234,Taipei,121.468965115,25.0139568873,Taipei:geo00,0.4,0.5,-0.1,10,1
topology:number_band:B1,Taipei:10181,Taipei:10181:101810:0:d58b4473612674b4,205,Taipei,121.558865766,25.0445582455,Taipei:geo04,0.6,0.4,0.2,10,1
topology:number_band:B1,Taipei:10221,Taipei:10221:102210:0:d35ada72b6c3c3e4,618,Taipei,121.471099301,25.0508655995,Taipei:geo00,0.3,0.3,0,10,1
topology:number_band:B1,Taipei:10262,Taipei:10262:102620:0:2a66819b15e37157,2,Taipei,121.502890332,25.0801243263,Taipei:geo01,0.2,0,0.2,10,1
topology:number_band:B1,Taipei:10263,Taipei:10263:102630:0:d05146402a55bf9b,536,Taipei,121.510829596,25.109772511,Taipei:geo02,0.3,0.3,5.55111512313e-17,10,3
topology:number_band:B1,Taipei:10272,Taipei:10272:102720:0:695c26464545d24d,303,Taipei,121.550733496,25.1227791687,Taipei:geo02,0.1,0.1,0,10,1
topology:number_band:B1,Taipei:10273,Taipei:10273:102760:0:89d3e234c2542bdb,303區,Taipei,121.54913587,25.1224861384,Taipei:geo02,0.1,0.1,0,10,1
topology:number_band:B1,Taipei:10277,Taipei:10277:160608:0:328964062436da51,542,Taipei,121.529995384,25.0667610876,Taipei:geo05,0.1,0.1,0,10,2
topology:number_band:B1,Taipei:10278,Taipei:10278:102780:0:e7811cce6796ef0d,669,Taipei,121.528133072,25.0584255548,Taipei:geo04,0,0.2,-0.2,10,1
topology:number_band:B1,Taipei:10282,Taipei:10282:102820:0:74997e358c4798d4,663,Taipei,121.4871385,25.0344280868,Taipei:geo00,0.4,0.2,0.2,10,1
topology:number_band:B1,Taipei:10283,Taipei:10283:10283:0:e3f2aff737d5d11f,235,Taipei,121.485909521,25.0328264048,Taipei:geo00,0,0.2,-0.2,10,1
topology:number_band:B1,Taipei:10326,Taipei:10326:103260:0:8a5722081046cb8e,648,Taipei,121.519562681,24.9826100421,Taipei:geo03,0.2,0.2,0,10,1
topology:number_band:B1,Taipei:10328,Taipei:10328:10328:0:042590a972369300,643,Taipei,121.526124074,24.9974541826,Taipei:geo03,0.1,0.2,-0.1,10,1
topology:number_band:B1,Taipei:10331,Taipei:10331:103310:0:79308cc031dc6077,647,Taipei,121.559652479,24.9910784916,Taipei:geo06,0.4,0.1,0.3,10,1
topology:number_band:B1,Taipei:10333,Taipei:10333:10333:0:d6eb83fa628de0c1,644,Taipei,121.533821841,24.9923485847,Taipei:geo03,0.3,0.1,0.2,10,1
topology:number_band:B1,Taipei:10414,Taipei:10414:104140:0:b4792d0077a0189f,261,Taipei,121.493591468,25.0671230686,Taipei:geo01,0.5,0.5,0,10,1
topology:number_band:B1,Taipei:10415,Taipei:10415:104150:0:685deccacbf6d9be,221,Taipei,121.492613593,25.0718835342,Taipei:geo01,0.6,0.4,0.2,10,1
topology:number_band:B1,Taipei:10416,Taipei:10416:104160:0:e9f46d0097faf371,232,Taipei,121.485033152,25.0649361509,Taipei:geo01,0.4,0.4,0,10,1
topology:number_band:B1,Taipei:10419,Taipei:10419:104190:0:11b198a7b89f987c,232快,Taipei,121.524527256,25.0627015995,Taipei:geo01,0.4,0.3,0.1,10,1
topology:number_band:B1,Taipei:10422,Taipei:10422:104220:0:2314d5369d761838,617,Taipei,121.518209013,25.0634991998,Taipei:geo01,0.4,0.2,0.2,10,1
topology:number_band:B1,Taipei:10423,Taipei:10423:104230:0:7efb20569becc3e2,622,Taipei,121.472205479,25.0515344006,Taipei:geo00,0.4,0.2,0.2,10,1
topology:number_band:B1,Taipei:10441,Taipei:10441:104410:0:5207d6616568bc27,508,Taipei,121.482861876,25.0942260604,Taipei:geo01,0.5,0.2,0.3,10,1
topology:number_band:B1,Taipei:10442,Taipei:10442:104420:1:627c1c72d9649e8a,508區,Taipei,121.506835788,25.0991765475,Taipei:geo01,0.3,0.3,0,10,1
topology:number_band:B1,Taipei:10443,Taipei:10443:10443:0:4de742b9579a5424,225,Taipei,121.506188321,25.0715213518,Taipei:geo01,0.4,0.4,0,10,1
topology:number_band:B1,Taipei:10452,Taipei:10452:104520:0:ee0b811a8241807f,641,Taipei,121.452194043,25.0823498138,Taipei:geo01,0.4,0,0.4,10,1
topology:number_band:B1,Taipei:10461,Taipei:10461:104610:0:e2717ca2edd4cda8,645,Taipei,121.570491747,25.081971432,Taipei:geo05,0.3,0.4,-0.1,10,2
topology:number_band:B1,Taipei:10462,Taipei:10462:104620:0:93815760269fc57f,645副,Taipei,121.572067838,25.0801071281,Taipei:geo05,0.4,0.4,0,10,1
topology:number_band:B1,Taipei:10471,Taipei:10471:104710:0:f0cbbf5660129175,615,Taipei,121.462183322,25.0456193955,Taipei:geo00,0.5,0.5,0,10,1
topology:number_band:B1,Taipei:10472,Taipei:10472:104720:0:d00d2157ded92959,111,Taipei,121.506095371,25.0823629788,Taipei:geo01,0.1,0,0.1,10,1
topology:number_band:B1,Taipei:10473,Taipei:10473:104730:0:4cb026f86ec8e8ab,306,Taipei,121.542862659,25.0583675941,Taipei:geo04,0.1,0,0.1,10,2
topology:number_band:B1,Taipei:10481,Taipei:10481:104810:0:a019c982a972ee83,265經中央路,Taipei,121.47922944,25.0167721033,Taipei:geo00,0.5,0.4,0.1,10,1
topology:number_band:B1,Taipei:10482,Taipei:10482:104820:0:61bdaf3964dd50c8,265區,Taipei,121.488180093,25.0241672765,Taipei:geo00,0.5,0.3,0.2,10,1
topology:number_band:B1,Taipei:10712,Taipei:10712:10712:0:b906d07ec155b069,251,Taipei,121.558219283,25.004102828,Taipei:geo06,0.3,0.6,-0.3,10,1
topology:number_band:B1,Taipei:10723,Taipei:10723:10723:0:899fb9c50aa46d61,1,Taipei,121.531620773,25.0257779996,Taipei:geo03,0.3,0.2,0.1,10,1
topology:number_band:B1,Taipei:10724,Taipei:10724:107240:0:d17316ca9a33713b,907,Taipei,121.58080818,25.0293309543,Taipei:geo07,0.2,0.3,-0.1,10,1
topology:number_band:B1,Taipei:10725,Taipei:10725:107250:0:dab767f62e5d7354,568,Taipei,121.523491632,25.0280553638,Taipei:geo03,0,0,0,10,1
topology:number_band:B1,Taipei:10726,Taipei:10726:10726:0:bde8150189492755,18,Taipei,121.520515018,25.0334164984,Taipei:geo03,0.2,0.3,-0.1,10,1
topology:number_band:B1,Taipei:10735,Taipei:10735:10735:0:23df60494326585b,253,Taipei,121.541305654,25.0110584527,Taipei:geo03,0.2,0.5,-0.3,10,1
topology:number_band:B1,Taipei:10736,Taipei:10736:10736:0:ca36e679cf9dcbb1,671,Taipei,121.532579559,25.010510912,Taipei:geo03,0.4,0.2,0.2,10,1
topology:number_band:B1,Taipei:10745,Taipei:10745:107450:0:674bf8f35b53b901,237,Taipei,121.562878839,24.9984476909,Taipei:geo06,0.7,0.5,0.2,10,1
topology:number_band:B1,Taipei:10746,Taipei:10746:10746:0:a60801602a2d64e2,252,Taipei,121.543942848,25.0047102123,Taipei:geo06,0.4,0.5,-0.1,10,1
topology:number_band:B1,Taipei:10747,Taipei:10747:107470:0:2dbdf54ee140aaf9,294,Taipei,121.561618983,25.0042654452,Taipei:geo06,0.5,0.5,0,10,1
topology:number_band:B1,Taipei:10748,Taipei:10748:107480:0:6c8414b48d0bb33b,295,Taipei,121.552649727,25.0068518239,Taipei:geo06,0.5,0.6,-0.1,10,1
topology:number_band:B1,Taipei:10752,Taipei:10752:107520:0:afd45a0fa00cb2af,278,Taipei,121.555106132,25.0404863194,Taipei:geo04,0.1,0.4,-0.3,10,1
topology:number_band:B1,Taipei:10754,Taipei:10754:10754:0:3ae458799022da09,915,Taipei,121.565339646,25.0071315706,Taipei:geo06,0.1,0.1,0,10,1
topology:number_band:B1,Taipei:10763,Taipei:10763:107660:1:aac9043a6188750d,903,Taipei,121.580913681,25.0641384025,Taipei:geo07,0.1,0,0.1,10,2
topology:number_band:B1,Taipei:10764,Taipei:10764:107640:0:3a08224a7685d2ec,531,Taipei,121.594413773,25.0657145335,Taipei:geo07,0,0.1,-0.1,10,1
topology:number_band:B1,Taipei:10765,Taipei:10765:107650:0:235d03681bd9a989,646,Taipei,121.572954796,25.0781292183,Taipei:geo05,0,0.4,-0.4,10,1
topology:number_band:B1,Taipei:10767,Taipei:10767:107670:0:d27df52d1b47b037,53,Taipei,121.593908288,25.0606599848,Taipei:geo07,0,0,0,10,2
topology:number_band:B1,Taipei:10771,Taipei:10771:107710:0:3f902f969a08fe2d,670,Taipei,121.511787226,25.012231916,Taipei:geo03,0.2,0,0.2,10,1
topology:number_band:B1,Taipei:10782,Taipei:10782:107820:0:33c6d99bbbc83e92,673,Taipei,121.52749424,25.0145752257,Taipei:geo03,0.2,0.2,0,10,1
topology:number_band:B1,Taipei:10783,Taipei:10783:10783:0:59891ffabd6a1ec0,254,Taipei,121.540467496,25.0183937683,Taipei:geo03,0.5,0.3,0.2,10,1
topology:number_band:B1,Taipei:10785,Taipei:10785:107850:0:e696923ee13aca22,672,Taipei,121.531863095,25.0227133145,Taipei:geo03,0.2,0.2,0,10,2
topology:number_band:B1,Taipei:10792,Taipei:10792:10792:0:5755ec0d6d231ca3,52,Taipei,121.537179883,25.0342111571,Taipei:geo04,0.1,0.2,-0.1,10,1
topology:number_band:B1,Taipei:10811,Taipei:10811:10811:0:f6f563c0e8cd9592,685,Taipei,121.536492255,25.0699972626,Taipei:geo05,0.3,0.1,0.2,10,1
topology:number_band:B1,Taipei:10822,Taipei:10822:108220:0:80fe97914c917573,108,Taipei,121.5474724,25.1736041595,Taipei:geo02,0.205566600398,0.3,-0.0944333996024,10,503
topology:number_band:B1,Taipei:10823,Taipei:10823:155895:0:56a0ce291e1bf327,260,Taipei,121.530798518,25.090427868,Taipei:geo05,0.5,0.5,0,10,1
topology:number_band:B1,Taipei:10824,Taipei:10824:108240:0:f1420d6ea2f479b5,260區,Taipei,121.537332827,25.1091127702,Taipei:geo05,0.4,0.7,-0.3,10,1
topology:number_band:B1,Taipei:10832,Taipei:10832:10832:0:524dd15a319f9ec9,22,Taipei,121.543476381,25.0348902137,Taipei:geo04,0.8,0.3,0.5,10,1
topology:number_band:B1,Taipei:10841,Taipei:10841:108410:0:f64aae48aaf5ceb2,0東,Taipei,121.560976536,25.0564518044,Taipei:geo04,0.4,0.2,0.2,10,1
topology:number_band:B1,Taipei:10842,Taipei:10842:108420:0:501343704a60f845,222,Taipei,121.553954263,25.068718245,Taipei:geo05,0.7,0.5,0.2,10,1
topology:number_band:B1,Taipei:10844,Taipei:10844:108440:0:22e6e579e1d0fb30,652,Taipei,121.514866235,25.056960295,Taipei:geo01,0.4,0.1,0.3,10,1
topology:number_band:B1,Taipei:10845,Taipei:10845:108450:0:289aff6cd52b2de1,286,Taipei,121.584855791,25.0403301834,Taipei:geo07,0.3,0.3,0,10,1
topology:number_band:B1,Taipei:10846,Taipei:10846:108460:0:b8409cbffd3eb86e,286副,Taipei,121.566421606,25.064710942,Taipei:geo07,0.7,0.4,0.3,10,1
topology:number_band:B1,Taipei:10847,Taipei:10847:108470:0:2c3eb79b4a2bd2eb,63,Taipei,121.553667296,25.058521892,Taipei:geo04,0.35,0.3,0.05,10,2
topology:number_band:B1,Taipei:10848,Taipei:10848:108480:0:d140693380f98b73,505,Taipei,121.545218896,25.0407211577,Taipei:geo04,0.1,0,0.1,10,1
topology:number_band:B1,Taipei:10853,Taipei:10853:108530:0:eb465fafc2ec8e29,287區,Taipei,121.568652176,25.0770943964,Taipei:geo05,0.6,0.4,0.2,10,1
topology:number_band:B1,Taipei:10856,Taipei:10856:108560:0:5ab0c3925666bd5c,281,Taipei,121.594829718,25.053109424,Taipei:geo07,0.3,0.2,0.1,10,1
topology:number_band:B1,Taipei:10861,Taipei:10861:160877:0:df9b0d77c6350c0a,630,Taipei,121.561098562,25.0552156213,Taipei:geo04,0.4,0.1,0.3,10,2
topology:number_band:B1,Taipei:10862,Taipei:10862:108620:0:f08b81d2b9bcd67f,38,Taipei,121.513849804,25.0314772645,Taipei:geo03,0.2,0.2,0,10,1
topology:number_band:B1,Taipei:10863,Taipei:10863:108630:0:14b089728923fabf,38區,Taipei,121.496280323,25.0282713629,Taipei:geo00,0.1,0,0.1,10,1
topology:number_band:B1,Taipei:10864,Taipei:10864:108640:0:c6d458cf6b4fa617,12,Taipei,121.525214792,25.0453969756,Taipei:geo04,0.1,0.1,0,10,1
topology:number_band:B1,Taipei:10872,Taipei:10872:108720:0:529081dcec2553bd,46,Taipei,121.559302432,25.0443233518,Taipei:geo04,0.1,0.3,-0.2,10,1
topology:number_band:B1,Taipei:10873,Taipei:10873:10873:0:892bd51eda3aab42,20,Taipei,121.531898857,25.0333809037,Taipei:geo04,0.6,0.5,0.1,10,1
topology:number_band:B1,Taipei:10874,Taipei:10874:10874:0:ec3ce8127d3a9bba,277,Taipei,121.539169372,25.0710394805,Taipei:geo05,0.4,0.1,0.3,10,1
topology:number_band:B1,Taipei:10882,Taipei:10882:10882:0:6b51f7fa269eea85,9,Taipei,121.509863236,25.0625644245,Taipei:geo01,0.2,0,0.2,10,1
topology:number_band:B1,Taipei:10891,Taipei:10891:108910:0:b850fd33142b7383,14,Taipei,121.479814079,25.070210838,Taipei:geo01,0,0,0,10,1
topology:number_band:B1,Taipei:10893,Taipei:10893:10893:0:402fec9f29d4b444,274,Taipei,121.494995771,25.065218499,Taipei:geo01,0.4,0.4,0,10,1
topology:number_band:B1,Taipei:10911,Taipei:10911:10911:0:9bb8705b5083c555,212直,Taipei,121.559126836,25.04292813,Taipei:geo04,0.6,0.4,0.2,10,1
topology:number_band:B1,Taipei:10912,Taipei:10912:10912:0:272f14a3bda8768b,212,Taipei,121.561637237,25.0442900324,Taipei:geo04,0.6,0.5,0.1,10,1
topology:number_band:B1,Taipei:10942,Taipei:10942:10942:0:b54f65799683317c,257,Taipei,121.522645389,25.0450721853,Taipei:geo04,0.3,0.5,-0.2,10,1
topology:number_band:B1,Taipei:10961,Taipei:10961:109610:0:67503cb6621dd34d,262,Taipei,121.506598421,25.0165114144,Taipei:geo03,0.4,0.6,-0.2,10,1
topology:number_band:B1,Taipei:10962,Taipei:10962:108570:0:8af36220b68500b6,262區,Taipei,121.526846044,25.0307548212,Taipei:geo03,0.4,0.3,0.1,10,2
topology:number_band:B1,Taipei:10971,Taipei:10971:109710:0:606827d549721353,88,Taipei,121.564475601,25.0390540311,Taipei:geo04,0.6,0.2,0.4,10,1
topology:number_band:B1,Taipei:11023,Taipei:11023:110230:0:507da332d8fe0560,298,Taipei,121.551944691,25.01562677,Taipei:geo06,0.4,0.7,-0.3,10,1
topology:number_band:B1,Taipei:11041,Taipei:11041:110410:0:bcda8ba05cd856a0,297,Taipei,121.516061886,25.0197762958,Taipei:geo03,0.45,0.6,-0.15,10,2
topology:number_band:B1,Taipei:11056,Taipei:11056:110560:0:ea860b74f7d06dbd,552,Taipei,121.576836842,25.0703804194,Taipei:geo07,0.2,0.2,0,10,1
topology:number_band:B1,Taipei:11066,Taipei:11066:110660:0:9ea76b5999123323,32,Taipei,121.579677941,25.0405731258,Taipei:geo07,0.4,0.1,0.3,10,1
topology:number_band:B1,Taipei:11091,Taipei:11091:11091:0:a87d0cd5412f15f9,37,Taipei,121.550841297,25.0346072848,Taipei:geo04,0.4,0.2,0.2,10,1
topology:number_band:B1,Taipei:11093,Taipei:11093:11093:0:429de28c4adfcde4,612,Taipei,121.539784138,25.0807861214,Taipei:geo05,0,0.2,-0.2,10,1
topology:number_band:B1,Taipei:11114,Taipei:11114:157815:0:e91ee132a4d04cf7,551,Taipei,121.590677155,25.0694135858,Taipei:geo07,0.2,0.2,0,10,1
topology:number_band:B1,Taipei:11123,Taipei:11123:111230:0:f13a4c53a3da600b,550,Taipei,121.493566935,25.1222377507,Taipei:geo02,0,0.2,-0.2,10,2
topology:number_band:B1,Taipei:11124,Taipei:11124:111240:0:28cc483d28626ee7,223,Taipei,121.50139659,25.0958958812,Taipei:geo01,0.3,0.3,0,10,1
topology:number_band:B1,Taipei:11125,Taipei:11125:111250:0:ba80098fb910d9cc,302,Taipei,121.501025756,25.0980089212,Taipei:geo01,0.3,0,0.3,10,1
topology:number_band:B1,Taipei:11141,Taipei:11141:162592:1:09dbf276c85bc79c,216,Taipei,121.506180913,25.1287866952,Taipei:geo02,0.5,0.3,0.2,10,1
topology:number_band:B1,Taipei:11151,Taipei:11151:111510:0:cf88dc13aa1a80ff,230,Taipei,121.524930842,25.1430077006,Taipei:geo02,0.5,0.3,0.2,10,1
topology:number_band:B1,Taipei:11156,Taipei:11156:111560:0:87465040c3d83540,218,Taipei,121.513432957,25.0903058443,Taipei:geo01,0.5,0.4,0.1,10,1
topology:number_band:B1,Taipei:11157,Taipei:11157:111570:0:0f9cbcf9ac4cb085,218直,Taipei,121.511789549,25.0892812178,Taipei:geo01,0.4,0.4,0,10,1
topology:number_band:B1,Taipei:11158,Taipei:11158:111580:0:54b3f52754974cd7,218區,Taipei,121.500166272,25.1371744473,Taipei:geo02,0.5,0.2,0.3,10,1
topology:number_band:B1,Taipei:11161,Taipei:11161:111610:0:e5537f4f27bcd906,529,Taipei,121.520996374,25.0912505865,Taipei:geo01,0,0.2,-0.2,10,1
topology:number_band:B1,Taipei:11165,Taipei:11165:111650:0:153b259eb851cbab,288,Taipei,121.53497517,25.0577119894,Taipei:geo04,0.425,0.3,0.125,10,4
topology:number_band:B1,Taipei:11171,Taipei:11171:111710:0:72eaa3754b09f69d,265經明德路,Taipei,121.478625262,25.0158710158,Taipei:geo00,0.5,0.5,0,10,1
topology:number_band:B1,Taipei:11203,Taipei:11203:112030:0:f22278cb33fecf20,26,Taipei,121.520092244,25.0756005167,Taipei:geo01,0.2,0.2,0,10,2
topology:number_band:B1,Taipei:11204,Taipei:11204:112040:0:68756463d5503359,68,Taipei,121.516241914,25.0954587717,Taipei:geo01,0.1,0,0.1,10,1
topology:number_band:B1,Taipei:11212,Taipei:11212:11212:0:5aa6fae8b62b52dc,204,Taipei,121.542928085,25.0418448626,Taipei:geo04,0.3,0.2,0.1,10,1
topology:number_band:B1,Taipei:11221,Taipei:11221:11221:0:a987be235cb835de,284,Taipei,121.580570576,25.0489796927,Taipei:geo07,0.3,0.3,0,10,1
topology:number_band:B1,Taipei:11231,Taipei:11231:112310:0:fa84cd9d8232533d,621,Taipei,121.492769797,25.0535377566,Taipei:geo00,0.2,0.1,0.1,10,1
topology:number_band:B1,Taipei:11232,Taipei:11232:112320:0:f4a0ca897950e01c,211,Taipei,121.514666093,25.0516099291,Taipei:geo01,0.7,0.6,0.1,10,2
topology:number_band:B1,Taipei:11241,Taipei:11241:112410:0:ec95478544b114b3,662,Taipei,121.494901214,25.0609049058,Taipei:geo01,0,0.2,-0.2,10,2
topology:number_band:B1,Taipei:11242,Taipei:11242:112420:0:6c1b47e60ec0e337,539,Taipei,121.502623623,25.0699713552,Taipei:geo01,0.1,0.1,0,10,1
topology:number_band:B1,Taipei:11243,Taipei:11243:112430:0:c111e6670505c489,39,Taipei,121.494017447,25.0663012198,Taipei:geo01,0.2,0.1,0.1,10,2
topology:number_band:B1,Taipei:11245,Taipei:11245:11245:0:b9e3d5eea8564d97,226,Taipei,121.524016664,25.0546066101,Taipei:geo04,0.3,0.4,-0.1,10,1
topology:number_band:B1,Taipei:11246,Taipei:11246:11246:0:12c8e0aa6465e931,292,Taipei,121.52277138,25.0510297528,Taipei:geo04,0.4,0.4,0,10,1
topology:number_band:B1,Taipei:11252,Taipei:11252:112520:0:81cc06d709dde6ca,255,Taipei,121.536471421,25.0919573747,Taipei:geo05,0.4,0.6,-0.2,10,1
topology:number_band:B1,Taipei:11253,Taipei:11253:112530:0:9c00088db939f565,255區,Taipei,121.543214326,25.1022425453,Taipei:geo05,0.1,0.6,-0.5,10,1
topology:number_band:B1,Taipei:11411,Taipei:11411:11411:0:703e7728e99377ce,299,Taipei,121.492148277,25.042067583,Taipei:geo00,0.3,0.3,0,10,1
topology:number_band:B1,Taipei:11421,Taipei:11421:11421:0:c4b93705353b70ae,513,Taipei,121.482123382,25.0428022592,Taipei:geo00,0,0,0,10,2
topology:number_band:B1,Taipei:11742,Taipei:11742:11742:0:7534e560dbf5e506,611,Taipei,121.565305329,25.007975014,Taipei:geo06,0.1,0.1,0,10,1
topology:number_band:B1,Taipei:11763,Taipei:11763:11763:0:e35f60ddfe29d475,236區,Taipei,121.569908757,25.0000499764,Taipei:geo06,0.4,0.4,0,10,1
topology:number_band:B1,Taipei:11764,Taipei:11764:11764:0:0f20d61bcff2850e,251區,Taipei,121.569931389,24.9957269282,Taipei:geo06,0.3,0.4,-0.1,10,1
topology:number_band:B1,Taipei:11811,Taipei:11811:118110:0:e963537f698810b1,0南,Taipei,121.545166838,25.0097025999,Taipei:geo06,0.1,0,0.1,10,1
topology:number_band:B1,Taipei:11813,Taipei:11813:118130:0:3f385d7f0303f9df,109,Taipei,121.541239553,25.0724085112,Taipei:geo05,0.1,0,0.1,10,1
topology:number_band:B1,Taipei:11815,Taipei:11815:118150:0:bae9510228de5abb,606,Taipei,121.534556245,25.0522021885,Taipei:geo04,0.3,0.2,0.1,10,1
topology:number_band:B1,Taipei:11821,Taipei:11821:162167:0:3df074cf5aa5d41a,33,Taipei,121.558681337,25.0497698252,Taipei:geo04,0.6,0.2,0.4,10,2
topology:number_band:B1,Taipei:11831,Taipei:11831:118310:0:4275ec6e9a212b56,49,Taipei,121.520592168,25.0477670351,Taipei:geo04,0.1,0.1,0,10,1
topology:number_band:B1,Taipei:11834,Taipei:11834:11834:0:9d89a958664b669f,688,Taipei,121.538939474,25.0319678386,Taipei:geo04,0.2,0,0.2,10,1
topology:number_band:B1,Taipei:11841,Taipei:11841:118410:0:77e6d458bda00b57,270,Taipei,121.57009835,25.0423483632,Taipei:geo07,0.6,0.5,0.1,10,1
topology:number_band:B1,Taipei:11842,Taipei:11842:118420:0:9173abf679af0281,270區,Taipei,121.598030821,25.0453276624,Taipei:geo07,0.6,0.3,0.3,10,1
topology:number_band:B1,Taipei:11851,Taipei:11851:118510:0:52700e266ecbbc1b,276,Taipei,121.569966418,25.0488049677,Taipei:geo07,0.3,0.3,0,10,1
topology:number_band:B1,Taipei:11853,Taipei:11853:118530:0:064d552ae1a333b2,306區,Taipei,121.568792107,25.0521029913,Taipei:geo07,0,0,0,10,1
topology:number_band:B1,Taipei:11861,Taipei:11861:11861:0:d54713d60f6e6b43,5,Taipei,121.520375355,25.0316259922,Taipei:geo03,0.1,0.4,-0.3,10,1
topology:number_band:B1,Taipei:11871,Taipei:11871:11871:1:c24757a52c7e3e7f,41,Taipei,121.524547152,25.0708118795,Taipei:geo01,0.3,0.2,0.1,10,1
topology:number_band:B1,Taipei:15111,Taipei:15111:15111:0:4f443c8cd89c3b1a,202,Taipei,121.52055771,25.022326529,Taipei:geo03,0.4,0.4,0,10,1
topology:number_band:B1,Taipei:15112,Taipei:15112:15112:0:3ef3110ee7639ed3,208,Taipei,121.527367732,25.0354026937,Taipei:geo04,0.4,0.3,0.1,10,1
topology:number_band:B1,Taipei:15113,Taipei:15113:15113:0:21130b6a9ded22f4,208區,Taipei,121.522999052,24.9989440827,Taipei:geo03,0.4,0.1,0.3,10,1
topology:number_band:B1,Taipei:15141,Taipei:15141:151410:0:a7b89129887cd77e,28,Taipei,121.573321018,25.0672275825,Taipei:geo07,0,0,0,10,2
topology:number_band:B1,Taipei:15142,Taipei:15142:151420:0:23a0eff3c5cc7202,42,Taipei,121.531363762,25.0711411557,Taipei:geo05,0.1,0.1,0,10,1
topology:number_band:B1,Taipei:15143,Taipei:15143:151430:0:f3a5c87352e2b083,256,Taipei,121.57572331,25.0773073023,Taipei:geo07,0.366666666667,0.3,0.0666666666667,10,3
topology:number_band:B1,Taipei:15151,Taipei:15151:151510:0:a7ef76ee4536c385,308,Taipei,121.481123325,25.1334930783,Taipei:geo02,0.2,0.1,0.1,10,1
topology:number_band:B1,Taipei:15161,Taipei:15161:151610:0:fb7bb192dd7df55d,676,Taipei,121.548117975,25.01635116,Taipei:geo06,0.2,0,0.2,10,1
topology:number_band:B1,Taipei:15162,Taipei:15162:15162:0:7ffe83b1fcddb62a,282,Taipei,121.55831306,25.0222879301,Taipei:geo06,0.3,0.4,-0.1,10,2
topology:number_band:B1,Taipei:15164,Taipei:15164:15164:0:66922c465547e92f,530,Taipei,121.557890615,24.9985629757,Taipei:geo06,0,0,0,10,1
topology:number_band:B1,Taipei:15171,Taipei:15171:151710:0:1a95e85cedf5c95e,902,Taipei,121.547763632,25.0729963448,Taipei:geo05,0.3,0,0.3,10,1
topology:number_band:B1,Taipei:15172,Taipei:15172:151720:0:e6239f94b8a199d9,556,Taipei,121.558910231,25.0506374787,Taipei:geo04,0,0,0,10,1
topology:number_band:B1,Taipei:15173,Taipei:15173:151730:0:a8b82f32a8b4f312,912,Taipei,121.594246101,25.0122709921,Taipei:geo06,0.1,0.3,-0.2,10,1
topology:number_band:B1,Taipei:15183,Taipei:15183:15183:0:434d8d1db3567522,905,Taipei,121.532529511,24.9974450565,Taipei:geo03,0.5,0.4,0.1,10,1
topology:number_band:B1,Taipei:15184,Taipei:15184:15184:0:03b4e9496845a5b4,905副,Taipei,121.529906358,25.0018138788,Taipei:geo03,0.5,0.4,0.1,10,1
topology:number_band:B1,Taipei:15185,Taipei:15185:15185:0:496b10a1ed6169bd,202區,Taipei,121.506922998,24.9999071641,Taipei:geo03,0.1,0.3,-0.2,10,1
topology:number_band:B1,Taipei:15191,Taipei:15191:15191:0:bf0e7a388b647430,660,Taipei,121.563079451,25.0098562762,Taipei:geo06,0.4,0.1,0.3,10,1
topology:number_band:B1,Taipei:15221,Taipei:15221:152210:0:45e4e78e80646bc1,682,Taipei,121.461899384,25.1307506739,Taipei:geo02,0,0,0,10,1
topology:number_band:B1,Taipei:15313,Taipei:15313:159237:1:1ce79e0de8bd7bae,521,Taipei,121.57149602,25.066430157,Taipei:geo07,0.2,0.1,0.1,10,1
topology:number_band:B1,Taipei:15314,Taipei:15314:15314:0:4db419ce050b8a68,203,Taipei,121.560983644,25.0691905948,Taipei:geo05,0.3,0.5,-0.2,10,1
topology:number_band:B1,Taipei:15322,Taipei:15322:15322:0:82f01a328700bb3d,215,Taipei,121.502223242,25.0834036245,Taipei:geo01,0.4,0.5,-0.1,10,2
topology:number_band:B1,Taipei:15332,Taipei:15332:153320:0:99baa00cfb21c919,267,Taipei,121.549797894,25.0912048869,Taipei:geo05,0.4,0.4,0,10,1
topology:number_band:B1,Taipei:15333,Taipei:15333:153330:0:143e69a0cc537500,250,Taipei,121.512050769,25.0661656587,Taipei:geo01,0.4,0.4,0,10,1
topology:number_band:B1,Taipei:15335,Taipei:15335:153350:0:deced8bcdb113bae,683,Taipei,121.563186412,25.0836079794,Taipei:geo05,0.2,0.4,-0.2,10,1
topology:number_band:B1,Taipei:15352,Taipei:15352:153520:0:79fb60548b9a2ed0,268,Taipei,121.548194758,25.0966351773,Taipei:geo05,0.5,0.6,-0.1,10,3
topology:number_band:B1,Taipei:15353,Taipei:15353:157765:0:88a49d17c4980583,247,Taipei,121.562592358,25.0737880488,Taipei:geo05,0.4,0.5,-0.1,10,1
topology:number_band:B1,Taipei:15355,Taipei:15355:153550:0:531a1635ec5358bb,240直,Taipei,121.588793381,25.063026001,Taipei:geo07,0.4,0.1,0.3,10,2
topology:number_band:B1,Taipei:15358,Taipei:15358:153580:0:25adee7fc324d653,247區,Taipei,121.572649961,25.0769610655,Taipei:geo05,0.5,0.3,0.2,10,2
topology:number_band:B1,Taipei:15359,Taipei:15359:153590:0:5a656880b9c1ee8a,681,Taipei,121.563837204,25.1024248742,Taipei:geo05,0,0.4,-0.4,10,1
topology:number_band:B1,Taipei:15362,Taipei:15362:15362:0:27dfa05f91be8127,72,Taipei,121.542849765,25.0528362176,Taipei:geo04,0.1,0.2,-0.1,10,1
topology:number_band:B1,Taipei:15372,Taipei:15372:15372:0:163bb9cd7b3e6a5f,206,Taipei,121.520572725,25.0850139629,Taipei:geo01,0.4,0.3,0.1,10,2
topology:number_band:B1,Taipei:15375,Taipei:15375:15375:0:183fd586c5e3b65b,224,Taipei,121.524605258,25.1199607,Taipei:geo02,0.3,0.5,-0.2,10,1
topology:number_band:B1,Taipei:15381,Taipei:15381:153810:0:48eb7b659d0dabe1,246,Taipei,121.512202492,25.0575619834,Taipei:geo01,0.5,0.5,0,10,1
topology:number_band:B1,Taipei:15391,Taipei:15391:15391:0:86dc9b42de6c14ea,279,Taipei,121.55053741,25.0693023061,Taipei:geo05,0.7,0.4,0.3,10,1
topology:number_band:B1,Taipei:15512,Taipei:15512:155120:0:b97b28635d972457,675,Taipei,121.590932375,25.0520306234,Taipei:geo07,0.4,0.4,0,10,1
topology:number_band:B1,Taipei:15513,Taipei:15513:155130:0:086879b3c300a8a2,711,Taipei,121.600471863,25.0599579512,Taipei:geo07,0,0,0,10,2
topology:number_band:B1,Taipei:15514,Taipei:15514:155716:0:f4bdbdf3e3f39a8f,605,Taipei,121.587061154,25.0527882236,Taipei:geo07,0.5,0.4,0.1,10,1
topology:number_band:B1,Taipei:15515,Taipei:15515:155150:0:f2fa4f6499aa1b7d,668,Taipei,121.58492283,25.0493591214,Taipei:geo07,0.7,0.4,0.3,10,1
topology:number_band:B1,Taipei:15516,Taipei:15516:155719:0:9e1506aed43ee335,605快,Taipei,121.58514214,25.059636347,Taipei:geo07,0.4,0.4,0,10,1
topology:number_band:B1,Taipei:15517,Taipei:15517:155717:0:a4948f1641dca543,605副,Taipei,121.623788216,25.0587791434,Taipei:geo07,0.5,0.4,0.1,10,1
topology:number_band:B1,Taipei:15518,Taipei:15518:155718:0:fed371549594d668,605新台五,Taipei,121.591835896,25.0535381644,Taipei:geo07,0.5,0.4,0.1,10,1
topology:number_band:B1,Taipei:15521,Taipei:15521:15521:0:1328370c129f9f74,227,Taipei,121.508145494,25.0407387417,Taipei:geo00,0.5,0.2,0.3,10,1
topology:number_band:B1,Taipei:15522,Taipei:15522:15522:0:ab7f1b4674c539ac,227區,Taipei,121.49476824,25.0608243806,Taipei:geo01,0.3,0.4,-0.1,10,1
topology:number_band:B1,Taipei:15532,Taipei:15532:155320:0:d72fcfb16585ef07,300,Taipei,121.521431322,25.0751202932,Taipei:geo01,0.3,0,0.3,10,2
topology:number_band:B1,Taipei:15546,Taipei:15546:15546:0:bdd67f0c1bd564f8,280,Taipei,121.528625436,25.0655164544,Taipei:geo05,0.2,0.2,0,10,1
topology:number_band:B1,Taipei:15553,Taipei:15553:155530:0:e112e759e96a1ef9,304承德,Taipei,121.519668087,25.0509690461,Taipei:geo04,0.2,0.1,0.1,10,1
topology:number_band:B1,Taipei:15554,Taipei:15554:155540:0:736084abd0185cf4,304重慶,Taipei,121.517592761,25.0524822524,Taipei:geo01,0.3,0.1,0.2,10,1
topology:number_band:B1,Taipei:15561,Taipei:15561:155610:0:92bfa3f53286d9a5,214,Taipei,121.539920892,25.0426909538,Taipei:geo04,0.45,0.1,0.35,10,2
topology:number_band:B1,Taipei:15562,Taipei:15562:155620:0:5955ebbd34575d9e,214直,Taipei,121.516985286,25.0247736683,Taipei:geo03,0.3,0.4,-0.1,10,1
topology:number_band:B1,Taipei:15563,Taipei:15563:15563:0:61535d1894813b41,311,Taipei,121.5287152,25.0191780532,Taipei:geo03,0.1,0,0.1,10,1
topology:number_band:B1,Taipei:15571,Taipei:15571:155710:1:6fbcebf2f353baa1,600,Taipei,121.566980262,25.047185526,Taipei:geo07,0,0,0,10,1
topology:number_band:B1,Taipei:15572,Taipei:15572:159706:0:dc3aea9add3257de,207,Taipei,121.554831035,25.0263003503,Taipei:geo04,0.2,0.4,-0.2,10,1
topology:number_band:B1,Taipei:15581,Taipei:15581:159390:0:0491eae1680b6cd7,616,Taipei,121.4898906,25.0703002633,Taipei:geo01,0.3,0,0.3,10,1
topology:number_band:B1,Taipei:15657,Taipei:15657:15657:0:dcf1063616d32ceb,280直,Taipei,121.530283623,25.0654693051,Taipei:geo05,0.6,0.3,0.3,10,2
topology:number_band:B1,Taipei:15664,Taipei:15664:155808:0:881291b3ef3d5f79,39夜,Taipei,121.494017447,25.0663012198,Taipei:geo01,0.2,0.1,0.1,10,2
topology:number_band:B1,Taipei:15724,Taipei:15724:155874:0:f7e3110cb7fbbde2,128,Taipei,121.536321668,25.1432322634,Taipei:geo02,0.2,0.3,-0.1,10,1
topology:number_band:B1,Taipei:15726,Taipei:15726:155875:0:719c1a392e5b77c0,129,Taipei,121.529142254,25.1545655327,Taipei:geo02,0.3,0.3,0,10,1
topology:number_band:B1,Taipei:15735,Taipei:15735:155889:0:cb36f93e22dbc844,602,Taipei,121.517129193,25.1231036456,Taipei:geo02,0.2,0,0.2,10,1
topology:number_band:B1,Taipei:16111,Taipei:16111:157462:1:c3cad2d356b7b06d,307,Taipei,121.503732895,25.0284350665,Taipei:geo00,0.3,0.1,0.2,10,1
topology:number_band:B1,Taipei:16112,Taipei:16112:16112:1:4513d0c445b1fce4,310,Taipei,121.495764869,25.0469010032,Taipei:geo00,0.3,0,0.3,10,1
topology:number_band:B1,Taipei:16121,Taipei:16121:16121:0:7ec03bbe7dc0692a,604,Taipei,121.487253331,25.0228513603,Taipei:geo00,0.4,0.1,0.3,10,1
topology:number_band:B1,Taipei:16122,Taipei:16122:16122:0:0ecfcc5688ce337a,651,Taipei,121.5015684,25.0255729196,Taipei:geo00,0.2,0.1,0.1,10,1
topology:number_band:B1,Taipei:16127,Taipei:16127:157862:0:95e92e0ed14c7fec,679,Taipei,121.603458818,25.0140624799,Taipei:geo06,0.5,0.4,0.1,10,1
topology:number_band:B1,Taipei:16128,Taipei:16128:155898:0:152ac985ccec9b3f,225區,Taipei,121.498484052,25.0733890877,Taipei:geo01,0.4,0.4,0,10,1
topology:number_band:B1,Taipei:16131,Taipei:16131:155928:0:f6004f806b4ee410,265夜,Taipei,121.479884605,25.0166371481,Taipei:geo00,0.5,0.4,0.1,10,1
topology:number_band:B1,Taipei:16132,Taipei:16132:157442:0:3cf10f696fe00354,212夜,Taipei,121.55913887,25.0429325313,Taipei:geo04,0.6,0.4,0.2,10,1
topology:number_band:B1,Taipei:16157,Taipei:16157:155919:0:3a18e500ce05826d,208直,Taipei,121.528332296,25.0338942403,Taipei:geo04,0.3,0.2,0.1,10,1
topology:number_band:B1,Taipei:16158,Taipei:16158:155924:0:532587da278816a7,292副,Taipei,121.522774397,25.0510282258,Taipei:geo04,0.4,0.4,0,10,1
topology:number_band:B1,Taipei:16168,Taipei:16168:155937:0:a06576c7360881ac,108區,Taipei,121.54099514,25.1702307164,Taipei:geo02,0.205566600398,0.3,-0.0944333996024,10,503
topology:number_band:B1,Taipei:16169,Taipei:16169:155938:0:6fb57c9737e42086,672區,Taipei,121.524479838,24.9984422147,Taipei:geo03,0.3,0.1,0.2,10,1
topology:number_band:B1,Taipei:16184,Taipei:16184:157886:0:ccaf5f4dfca2c2b3,680,Taipei,121.539036999,25.073336976,Taipei:geo05,0.2,0.2,0,10,1
topology:number_band:B1,Taipei:16439,Taipei:16439:157441:0:f07c993aa54e5bba,278區,Taipei,121.544195758,25.0293312869,Taipei:geo04,0.3,0.2,0.1,10,1
topology:number_band:B1,Taipei:16504,Taipei:16504:157534:0:fae257ed242c7685,756,Taipei,121.487233826,25.1151979433,Taipei:geo02,0.1,0.1,0,10,2
topology:number_band:B1,Taipei:16559,Taipei:16559:157594:0:6156bc474a419fab,42區,Taipei,121.537994941,25.0785558759,Taipei:geo05,0.1,0.1,0,10,1
topology:number_band:B1,Taipei:16706,Taipei:16706:157798:0:8a28c84afb442f05,758,Taipei,121.483555271,25.0397908293,Taipei:geo00,0.2,0,0.2,10,1
topology:number_band:B1,Taipei:16707,Taipei:16707:157799:0:fa0f1d87bbbda9a7,757,Taipei,121.479851489,25.122115415,Taipei:geo02,0.1,0.2,-0.1,10,1
topology:number_band:B1,Taipei:16709,Taipei:16709:157801:0:4fdc3bfc55170026,254區,Taipei,121.52862821,25.0008259856,Taipei:geo03,0.4,0.1,0.3,10,2
topology:number_band:B1,Taipei:17333,Taipei:17333:158480:0:7f5772f5541d52c3,557,Taipei,121.530213173,25.0958280359,Taipei:geo05,0,0.1,-0.1,10,1
topology:number_band:B1,Taipei:17363,Taipei:17363:158510:0:03f87f65335999c5,949,Taipei,121.576878977,25.0110689799,Taipei:geo06,0.1,0.3,-0.2,10,1
topology:number_band:B1,Taipei:17390,Taipei:17390:158544:0:d754a32864045cf4,950,Taipei,121.543420153,25.0301083202,Taipei:geo04,0.2,0.1,0.1,10,1
topology:number_band:B1,Taipei:17512,Taipei:17512:158675:0:5a4189ad4eafb3e5,311區,Taipei,121.508337764,25.0020738468,Taipei:geo03,0.1,0,0.1,10,2
topology:number_band:B1,Taipei:17709,Taipei:17709:158892:0:611b82099fad4a1b,955,Taipei,121.61339197,25.0659069305,Taipei:geo07,0.2,0.1,0.1,10,1
topology:number_band:B1,Taipei:17740,Taipei:17740:159045:0:b3b38a759fc87fb7,957,Taipei,121.484066035,25.131754948,Taipei:geo02,0.2,0,0.2,10,1
topology:number_band:B1,Taipei:17805,Taipei:17805:159150:0:cb03357d017d22b9,559,Taipei,121.51356825,25.1207227666,Taipei:geo02,0.3,0.4,-0.1,10,1
topology:number_band:B1,Taipei:17825,Taipei:17825:159189:0:aed5f8559476d87a,660區,Taipei,121.590078594,24.999069931,Taipei:geo06,0.4,0.3,0.1,10,1
topology:number_band:B1,Taipei:17869,Taipei:17869:159297:0:37669ed954a3b249,88區,Taipei,121.555133746,25.0359266603,Taipei:geo04,0.6,0.3,0.3,10,1
topology:number_band:B1,Taipei:17928,Taipei:17928:162432:0:8dc51b004076fcda,907通勤,Taipei,121.599391739,25.0404499254,Taipei:geo07,0.2,0,0.2,10,1
topology:number_band:B1,Taipei:17944,Taipei:17944:159442:0:ea61a5dad2d306da,66,Taipei,121.572070331,25.0099261613,Taipei:geo06,0.1,0,0.1,10,1
topology:number_band:B1,Taipei:17952,Taipei:17952:159454:0:8dd4d102b1c2dfc6,617副,Taipei,121.526593048,25.064079292,Taipei:geo01,0.5,0.2,0.3,10,1
topology:number_band:B1,Taipei:18057,Taipei:18057:159715:0:a3d6df04a6c044db,295副,Taipei,121.551912364,25.0078552329,Taipei:geo06,0.5,0.6,-0.1,10,1
topology:number_band:B1,Taipei:18348,Taipei:18348:160269:0:00aa1c0dc47105e9,542預,Taipei,121.533371843,25.0661136556,Taipei:geo05,0.1,0.1,0,10,2
topology:number_band:B1,Taipei:19108,Taipei:19108:161407:1:e4c057c3173048f3,307西藏三民,Taipei,121.503015799,25.0283842582,Taipei:geo00,0.3,0.1,0.2,10,2
topology:number_band:B1,Taipei:19159,Taipei:19159:161480:0:6d9bba2612511a31,297預,Taipei,121.515562345,25.019551282,Taipei:geo03,0.45,0.7,-0.25,10,2
topology:number_band:B1,Taipei:19178,Taipei:19178:161498:0:7b0aa372deb4c8c2,260區預,Taipei,121.537106328,25.1077523441,Taipei:geo05,0.4,0.7,-0.3,10,1
topology:number_band:B1,Taipei:19438,Taipei:19438:161887:0:a4fe87f8fa8c20d6,539預,Taipei,121.501941071,25.0702986909,Taipei:geo01,0.1,0.1,0,10,1
topology:number_band:B1,Taipei:19458,Taipei:19458:161937:0:6c65107218044359,683預,Taipei,121.563925687,25.0837152637,Taipei:geo05,0.2,0.4,-0.2,10,1
topology:number_band:B1,Taipei:19528,Taipei:19528:162047:0:d10d798c13f21924,246預,Taipei,121.512137272,25.0572896082,Taipei:geo01,0.5,0.5,0,10,1
topology:number_band:B1,Taipei:19678,Taipei:19678:162277:0:223273bd5a08500f,261預,Taipei,121.493941775,25.0667609638,Taipei:geo01,0.5,0.5,0,10,1
topology:number_band:B1,Taipei:19688,Taipei:19688:162308:0:c02917c7d9526d2d,310區,Taipei,121.47759323,25.028582305,Taipei:geo00,0.1,0,0.1,10,1
topology:number_band:B1,Taipei:19717,Taipei:19717:162399:0:f2e7c2d79fdc0116,302區,Taipei,121.495938924,25.119101882,Taipei:geo02,0.2,0.1,0.1,10,1
topology:number_band:B1,Taipei:19718,Taipei:19718:162402:0:f827633623a89461,902區,Taipei,121.551494467,25.0380898866,Taipei:geo04,0.6,0,0.6,10,1
topology:number_band:B1,Taipei:19720,Taipei:19720:162405:0:7731d47c4d2bfb08,536區,Taipei,121.504283285,25.1004945266,Taipei:geo01,0.3,0.3,0,10,1
topology:number_band:B1,Taipei:19798,Taipei:19798:162616:0:38b742654df32227,606通勤,Taipei,121.53796818,25.0471156394,Taipei:geo04,0.3,0.1,0.2,10,1
topology:number_band:B2,NewTaipei:10116,NewTaipei:10116:101160:0:ff7bdc67505e9598,242,NewTaipei,121.509319152,25.009180583,NewTaipei:geo04,0.6,0.4,0.2,10,1
topology:number_band:B2,NewTaipei:10148,NewTaipei:10148:101480:0:466ad563122a78aa,702,NewTaipei,121.400848129,24.9739634022,NewTaipei:geo00,0.2,0,0.2,10,1
topology:number_band:B2,NewTaipei:10149,NewTaipei:10149:101490:0:8795353df3583e42,624綠野香坡,NewTaipei,121.505240043,24.9892807947,NewTaipei:geo04,0.1,0.2,-0.1,10,1
topology:number_band:B2,NewTaipei:10151,NewTaipei:10151:101510:0:995ae95c0ef44acc,701,NewTaipei,121.447061631,25.0115495113,NewTaipei:geo02,0.4,0.1,0.3,10,1
topology:number_band:B2,NewTaipei:10161,NewTaipei:10161:101610:0:4f2968b52dfcb7e7,231,NewTaipei,121.479437471,25.012536982,NewTaipei:geo04,0.5,0.4,0.1,10,1
topology:number_band:B2,NewTaipei:10162,NewTaipei:10162:10162:0:37cc628cc28a412d,245,NewTaipei,121.47602604,25.0150112199,NewTaipei:geo04,0.5,0.5,0,10,2
topology:number_band:B2,NewTaipei:10163,NewTaipei:10163:158438:0:6532562bb7767d0b,656,NewTaipei,121.474635399,25.0138304114,NewTaipei:geo04,0.1,0.1,0,10,1
topology:number_band:B2,NewTaipei:10164,NewTaipei:10164:10164:1:a6865ea531d7320d,657,NewTaipei,121.463799934,24.9991092794,NewTaipei:geo04,0.2,0.1,0.1,10,1
topology:number_band:B2,NewTaipei:10171,NewTaipei:10171:101710:0:98973ebc62b4e2a4,201,NewTaipei,121.492436456,25.0116682614,NewTaipei:geo04,0.4,0.5,-0.1,10,1
topology:number_band:B2,NewTaipei:10172,NewTaipei:10172:101720:0:e4568c6a58eb0426,243,NewTaipei,121.504757529,25.0147400033,NewTaipei:geo04,0.4,0.5,-0.1,10,1
topology:number_band:B2,NewTaipei:10173,NewTaipei:10173:10173:0:c37095860ef814ee,241,NewTaipei,121.511007818,25.0064751787,NewTaipei:geo04,0.5,0.1,0.4,10,1
topology:number_band:B2,NewTaipei:10195,NewTaipei:10195:101950:0:2edae7707d881214,705,NewTaipei,121.429646389,24.9759311334,NewTaipei:geo00,0.2,0.2,0,10,1
topology:number_band:B2,NewTaipei:10196,NewTaipei:10196:158514:0:97ba35e037ac79fe,706,NewTaipei,121.444008744,24.9762242579,NewTaipei:geo00,0.2,0.2,0,10,1
topology:number_band:B2,NewTaipei:10325,NewTaipei:10325:158645:0:d50e277fc0e2a519,909,NewTaipei,121.526722472,24.9888506606,NewTaipei:geo04,0.5,0.4,0.1,10,1
topology:number_band:B2,NewTaipei:10329,NewTaipei:10329:10329:0:19eb6d1ec1896e66,906,NewTaipei,121.528346012,24.9924983541,NewTaipei:geo04,0.6,0.5,0.1,10,1
topology:number_band:B2,NewTaipei:10424,NewTaipei:10424:10424:0:3c6ba69d5785da66,520,NewTaipei,121.480812697,25.0636170989,NewTaipei:geo02,0.1,0.4,-0.3,10,1
topology:number_band:B2,NewTaipei:10453,NewTaipei:10453:158513:0:6b884c958d9a56f2,640,NewTaipei,121.474301606,25.0646461226,NewTaipei:geo02,0.3,0,0.3,10,2
topology:number_band:B2,NewTaipei:10474,NewTaipei:10474:10474:0:3da456d90f518a0d,636,NewTaipei,121.464220248,25.0423837346,NewTaipei:geo02,0.5,0.4,0.1,10,1
topology:number_band:B2,NewTaipei:10475,NewTaipei:10475:158511:0:e2bbc3b542a0944a,635,NewTaipei,121.458629341,25.0367362827,NewTaipei:geo02,0.4,0.3,0.1,10,1
topology:number_band:B2,NewTaipei:10491,NewTaipei:10491:104910:0:50a7a3e32b5246cf,637,NewTaipei,121.454669281,25.0489042232,NewTaipei:geo02,0.4,0.3,0.1,10,1
topology:number_band:B2,NewTaipei:10492,NewTaipei:10492:104920:0:451a2f199685c72e,638,NewTaipei,121.466358695,25.0533308856,NewTaipei:geo02,0.4,0.2,0.2,10,1
topology:number_band:B2,NewTaipei:10511,NewTaipei:10511:105110:0:a7cd1a1880f65d57,639,NewTaipei,121.458524382,25.0326087444,NewTaipei:geo02,0.2,0.3,-0.1,10,1
topology:number_band:B2,NewTaipei:10753,NewTaipei:10753:107530:0:896dd5157763170d,666華梵大學,NewTaipei,121.62190555,24.9934221443,NewTaipei:geo05,0.5,0.4,0.1,10,1
topology:number_band:B2,NewTaipei:10772,NewTaipei:10772:158435:0:1fd0289257a63bf1,249,NewTaipei,121.514890777,25.0117374304,NewTaipei:geo04,0.5,0.5,0,10,1
topology:number_band:B2,NewTaipei:10784,NewTaipei:10784:158646:0:a1be720352ca62b6,290副,NewTaipei,121.538037129,24.9893196368,NewTaipei:geo04,0.2,0.3,-0.1,10,2
topology:number_band:B2,NewTaipei:11244,NewTaipei:11244:158644:0:6f3b44a495988e6d,62,NewTaipei,121.495369643,25.0560890016,NewTaipei:geo02,0.3,0,0.3,10,1
topology:number_band:B2,NewTaipei:15224,NewTaipei:15224:158440:0:42d382630157eddd,631,NewTaipei,121.476111811,25.1585429546,NewTaipei:geo03,0,0,0,10,1
topology:number_band:B2,NewTaipei:15638,NewTaipei:15638:15638:0:8665fdcdfd5bb428,677,NewTaipei,121.620796246,25.0732522888,NewTaipei:geo05,0.2,0.3,-0.1,10,1
topology:number_band:B2,NewTaipei:15717,NewTaipei:15717:15717:0:cce8f6eb61c362e7,913,NewTaipei,121.525869513,24.9962054025,NewTaipei:geo04,0.6,0.5,0.1,10,1
topology:number_band:B2,NewTaipei:16113,NewTaipei:16113:16113:0:05803dbd7ae935cd,658,NewTaipei,121.474824058,25.0321458768,NewTaipei:geo02,0.2,0.1,0.1,10,1
topology:number_band:B2,NewTaipei:16123,NewTaipei:16123:158437:0:3c5e4731a4b4b30c,667,NewTaipei,121.480409834,25.017978059,NewTaipei:geo04,0.2,0.3,-0.1,10,1
topology:number_band:B2,NewTaipei:16210,NewTaipei:16210:159937:0:229eb14acc3b7bab,917,NewTaipei,121.384958055,24.9529203844,NewTaipei:geo00,0.7,0.6,0.1,10,1
topology:number_band:B2,NewTaipei:16215,NewTaipei:16215:157210:0:d111340ad9c69495,848,NewTaipei,121.444365643,25.0027434819,NewTaipei:geo00,0.3,0.2,0.1,10,1
topology:number_band:B2,NewTaipei:16223,NewTaipei:16223:157218:0:5a35c4e39f131dcb,807,NewTaipei,121.399789984,24.8825744363,NewTaipei:geo00,0.2,0,0.2,10,1
topology:number_band:B2,NewTaipei:16224,NewTaipei:16224:157219:0:ee4d73835b4e51fc,922,NewTaipei,121.400327579,24.9523211636,NewTaipei:geo00,0.833333333333,0.3,0.533333333333,10,3
topology:number_band:B2,NewTaipei:16258,NewTaipei:16258:157253:0:c90af6eec0eae095,819,NewTaipei,121.585826572,24.9944077043,NewTaipei:geo05,0.1,0.1,0,10,1
topology:number_band:B2,NewTaipei:16269,NewTaipei:16269:157264:0:fea170968f437c8f,836,NewTaipei,121.436682601,25.1730336615,NewTaipei:geo03,0.6,0.2,0.4,10,1
topology:number_band:B2,NewTaipei:16270,NewTaipei:16270:157265:0:d1e018273448e9e8,838,NewTaipei,121.446395921,25.0952242542,NewTaipei:geo01,0.4,0.1,0.3,10,1
topology:number_band:B2,NewTaipei:16393,NewTaipei:16393:157389:0:bc5322e9b6aff990,849,NewTaipei,121.541847701,24.9501970593,NewTaipei:geo04,0.1,0.1,0,10,1
topology:number_band:B2,NewTaipei:16406,NewTaipei:16406:157402:0:a934aeb55537bbd3,8,NewTaipei,121.519521375,24.9758824381,NewTaipei:geo04,0,0.1,-0.1,10,1
topology:number_band:B2,NewTaipei:16422,NewTaipei:16422:157418:0:7fffc97d7c15c07e,923,NewTaipei,121.629507365,24.9796330943,NewTaipei:geo05,0.2,0.1,0.1,10,1
topology:number_band:B2,NewTaipei:16423,NewTaipei:16423:157419:0:797029e6ff15f3a0,930,NewTaipei,121.509713254,24.9891865207,NewTaipei:geo04,0.5,0.2,0.3,10,2
topology:number_band:B2,NewTaipei:16425,NewTaipei:16425:157421:0:9642ba40e52508c5,811,NewTaipei,121.495536268,25.0749193568,NewTaipei:geo02,0.2,0,0.2,10,1
topology:number_band:B2,NewTaipei:16427,NewTaipei:16427:157423:0:614597252624e502,839,NewTaipei,121.514429943,24.9556005961,NewTaipei:geo04,0.1,0.2,-0.1,10,1
topology:number_band:B2,NewTaipei:16429,NewTaipei:16429:157425:1:05c3af4f8106018c,847,NewTaipei,121.422003109,24.9852603538,NewTaipei:geo00,0.7,0.4,0.3,10,1
topology:number_band:B2,NewTaipei:16461,NewTaipei:16461:157481:0:f2013d00bdb2e426,707,NewTaipei,121.471061389,24.9876986477,NewTaipei:geo04,0.2,0.4,-0.2,10,1
topology:number_band:B2,NewTaipei:16462,NewTaipei:16462:157485:0:555f17115cbfb352,910,NewTaipei,121.40520887,24.9582100933,NewTaipei:geo00,0.7,0.6,0.1,10,1
topology:number_band:B2,NewTaipei:16467,NewTaipei:16467:157490:0:813c968ae1a21d97,51,NewTaipei,121.489824208,25.0063793457,NewTaipei:geo04,0.1,0.1,0,10,1
topology:number_band:B2,NewTaipei:16468,NewTaipei:16468:157491:0:e5cd8610040b3f4c,57,NewTaipei,121.492465657,25.0024590542,NewTaipei:geo04,0.1,0.1,0,10,1
topology:number_band:B2,NewTaipei:16474,NewTaipei:16474:157497:0:11dc567882d77fb9,843,NewTaipei,121.430502765,25.0031162594,NewTaipei:geo00,0.3,0.7,-0.4,10,1
topology:number_band:B2,NewTaipei:16479,NewTaipei:16479:157502:0:56cf2f0d58f20e42,802區,NewTaipei,121.439703018,25.0255584665,NewTaipei:geo02,0.4,0.5,-0.1,10,1
topology:number_band:B2,NewTaipei:16485,NewTaipei:16485:157508:0:153403772f37552b,835,NewTaipei,121.471144471,25.0506024624,NewTaipei:geo02,0.1,0.2,-0.1,10,1
topology:number_band:B2,NewTaipei:16497,NewTaipei:16497:157520:0:45353088cb0191ee,837,NewTaipei,121.447770861,25.1586323821,NewTaipei:geo03,0.6,0.4,0.2,10,1
topology:number_band:B2,NewTaipei:16499,NewTaipei:16499:157522:0:18b92cbc03184ac4,816,NewTaipei,121.489653193,25.0817582529,NewTaipei:geo02,0.3,0.1,0.2,10,3
topology:number_band:B2,NewTaipei:16500,NewTaipei:16500:157523:0:2fe5c86352962881,815,NewTaipei,121.503957436,25.0860289774,NewTaipei:geo02,0.2,0.1,0.1,10,1
topology:number_band:B2,NewTaipei:16511,NewTaipei:16511:157546:0:97dfcd6bd8d4856c,779,NewTaipei,121.449183753,24.9402142365,NewTaipei:geo00,0,0.1,-0.1,10,1
topology:number_band:B2,NewTaipei:16513,NewTaipei:16513:157548:0:4782440627b68446,885,NewTaipei,121.416207753,24.989186365,NewTaipei:geo00,0.6,0.2,0.4,10,2
topology:number_band:B2,NewTaipei:16515,NewTaipei:16515:157550:0:fd7e71caafc440ec,858,NewTaipei,121.407397289,25.0450674316,NewTaipei:geo02,0.5,0.1,0.4,10,1
topology:number_band:B2,NewTaipei:16517,NewTaipei:16517:157552:0:e84cfc4450033a6a,704,NewTaipei,121.453034848,25.1152454095,NewTaipei:geo01,0.1,0.2,-0.1,10,1
topology:number_band:B2,NewTaipei:16518,NewTaipei:16518:157553:0:4daa3c6f4d7638b5,859,NewTaipei,121.42812373,25.0217069106,NewTaipei:geo02,0.5,0.3,0.2,10,1
topology:number_band:B2,NewTaipei:16521,NewTaipei:16521:159438:0:7dcd17baf028b851,704區,NewTaipei,121.436707681,25.135424386,NewTaipei:geo01,0.1,0,0.1,10,1
topology:number_band:B2,NewTaipei:16522,NewTaipei:16522:159493:0:48ca463942be810f,881,NewTaipei,121.436324493,25.1821718297,NewTaipei:geo03,0.7,0.5,0.2,10,1
topology:number_band:B2,NewTaipei:16526,NewTaipei:16526:157561:0:0952272a718d5790,869,NewTaipei,121.438255471,25.1771831051,NewTaipei:geo03,0.4,0.3,0.1,10,1
topology:number_band:B2,NewTaipei:16527,NewTaipei:16527:161057:0:fef3e2600b43f288,878,NewTaipei,121.434351495,25.1516747267,NewTaipei:geo01,0.2,0.3,-0.1,10,1
topology:number_band:B2,NewTaipei:16528,NewTaipei:16528:157563:0:b99d4b5b15fc620e,860,NewTaipei,121.459214514,25.2202215764,NewTaipei:geo03,1,1,0,10,1
topology:number_band:B2,NewTaipei:16529,NewTaipei:16529:157564:0:582028236e4a8166,861,NewTaipei,121.463282199,25.2235337996,NewTaipei:geo03,1,1,0,10,1
topology:number_band:B2,NewTaipei:16530,NewTaipei:16530:157565:0:4c48fa20a757131a,865,NewTaipei,121.508754714,25.2538554121,NewTaipei:geo03,1,0.9,0.1,10,1
topology:number_band:B2,NewTaipei:16531,NewTaipei:16531:157566:0:6edeac39989258f4,866,NewTaipei,121.495163433,25.218175467,NewTaipei:geo03,0.9,1,-0.1,10,1
topology:number_band:B2,NewTaipei:16532,NewTaipei:16532:157567:0:33241f590e4708d9,867,NewTaipei,121.500757788,25.2487063063,NewTaipei:geo03,1,1,0,10,1
topology:number_band:B2,NewTaipei:16535,NewTaipei:16535:157570:0:8a87af187a50f6cf,874,NewTaipei,121.462341918,25.2194294842,NewTaipei:geo03,1,1,0,10,1
topology:number_band:B2,NewTaipei:16536,NewTaipei:16536:157571:0:977ed664178e8b3c,875,NewTaipei,121.471181634,25.185934396,NewTaipei:geo03,0.9,0.7,0.2,10,1
topology:number_band:B2,NewTaipei:16538,NewTaipei:16538:157573:0:c77412f0a1a614e7,877,NewTaipei,121.506278635,25.2329585184,NewTaipei:geo03,1,0.9,0.1,10,1
topology:number_band:B2,NewTaipei:16542,NewTaipei:16542:157577:0:adea23d54075b7e4,879,NewTaipei,121.463937498,25.2070634346,NewTaipei:geo03,0.8,1,-0.2,10,1
topology:number_band:B2,NewTaipei:16543,NewTaipei:16543:157578:0:698f23e34a5c602a,882,NewTaipei,121.464976043,25.2203369528,NewTaipei:geo03,1,1,0,10,1
topology:number_band:B2,NewTaipei:16547,NewTaipei:16547:157582:0:1013ad8cc885ea21,808,NewTaipei,121.825866801,25.0995850308,NewTaipei:geo06,0.6,0.5,0.1,10,1
topology:number_band:B2,NewTaipei:16548,NewTaipei:16548:157583:0:0fe922028ca67465,827,NewTaipei,121.832488656,25.1095048005,NewTaipei:geo06,0.5,0.5,0,10,1
topology:number_band:B2,NewTaipei:16551,NewTaipei:16551:157586:0:5ddc9c9d0849bc5d,825,NewTaipei,121.827632851,25.1090149924,NewTaipei:geo06,0.5,0.6,-0.1,10,1
topology:number_band:B2,NewTaipei:16552,NewTaipei:16552:157587:0:0fa77084048ad9f0,856(台灣好行-黃金福隆線),NewTaipei,121.907440828,25.0780618329,NewTaipei:geo06,0.4,0.2,0.2,10,1
topology:number_band:B2,NewTaipei:16554,NewTaipei:16554:157589:0:568df4a9dbf1af9d,826,NewTaipei,121.843828547,25.1090614658,NewTaipei:geo06,0.5,0.6,-0.1,10,1
topology:number_band:B2,NewTaipei:16560,NewTaipei:16560:157596:0:78b83bf978980ec4,932,NewTaipei,121.410269438,24.9643360115,NewTaipei:geo00,0.9,0.6,0.3,10,1
topology:number_band:B2,NewTaipei:16562,NewTaipei:16562:157598:0:95eea614884ed990,935,NewTaipei,121.527466324,24.9913608457,NewTaipei:geo04,0.5,0.4,0.1,10,1
topology:number_band:B2,NewTaipei:16564,NewTaipei:16564:158931:1:404239bff2719fbf,876,NewTaipei,121.488641136,25.2070858519,NewTaipei:geo03,0.9,1,-0.1,10,1
topology:number_band:B2,NewTaipei:16565,NewTaipei:16565:159117:1:0fb437123a591e4a,886,NewTaipei,121.865609626,25.1204865978,NewTaipei:geo06,0.5,0.3,0.2,10,1
topology:number_band:B2,NewTaipei:16571,NewTaipei:16571:157613:0:913b0743a3e6b4cf,797,NewTaipei,121.460423738,25.0449657173,NewTaipei:geo02,0.2,0.1,0.1,10,1
topology:number_band:B2,NewTaipei:16573,NewTaipei:16573:157615:0:29b72f070ba6897d,800,NewTaipei,121.424377832,25.002967211,NewTaipei:geo00,0.7,0.5,0.2,10,1
topology:number_band:B2,NewTaipei:16576,NewTaipei:16576:157618:0:fd604b474ecdb29f,799,NewTaipei,121.448743157,25.0235680888,NewTaipei:geo02,0.1,0.3,-0.2,10,1
topology:number_band:B2,NewTaipei:16577,NewTaipei:16577:157619:0:3f094f2084767eb8,871經中山北路,NewTaipei,121.456602703,25.1981526107,NewTaipei:geo03,0.9,0.8,0.1,10,1
topology:number_band:B2,NewTaipei:16578,NewTaipei:16578:157620:1:cb89cb56b131df71,872經正德國中、直行中山北路,NewTaipei,121.453492181,25.2040801885,NewTaipei:geo03,0.9,0.9,0,10,1
topology:number_band:B2,NewTaipei:16579,NewTaipei:16579:157621:0:15e349ecfc745b38,873經正德國中,NewTaipei,121.454060785,25.2071247271,NewTaipei:geo03,1,0.9,0.1,10,1
topology:number_band:B2,NewTaipei:16580,NewTaipei:16580:157622:0:9e5bcd641ece2dd0,891,NewTaipei,121.858109555,25.1149125402,NewTaipei:geo06,0.4176,0.5,-0.0824,10,500
topology:number_band:B2,NewTaipei:16581,NewTaipei:16581:157623:0:4f5f2b4c3f6c7697,275,NewTaipei,121.512539813,25.0052900794,NewTaipei:geo04,0.4,0.3,0.1,10,1
topology:number_band:B2,NewTaipei:16583,NewTaipei:16583:157631:0:cbc53f4e0db5d28d,936,NewTaipei,121.423362066,25.070470167,NewTaipei:geo02,0.9,0.9,0,10,1
topology:number_band:B2,NewTaipei:16584,NewTaipei:16584:157632:0:3bca2c213484c485,820,NewTaipei,121.472042011,25.0546897315,NewTaipei:geo02,0.2,0.1,0.1,10,1
topology:number_band:B2,NewTaipei:16585,NewTaipei:16585:157633:0:f4bd265497f3f46e,908,NewTaipei,121.433187761,24.9669987854,NewTaipei:geo00,0.6,0.7,-0.1,10,1
topology:number_band:B2,NewTaipei:16588,NewTaipei:16588:157636:0:332f61060683a30f,264,NewTaipei,121.479753003,25.047524112,NewTaipei:geo02,0.2,0,0.2,10,1
topology:number_band:B2,NewTaipei:16591,NewTaipei:16591:157639:0:aa282defe02db964,857,NewTaipei,121.460278383,25.0969503658,NewTaipei:geo01,0.3,0.1,0.2,10,2
topology:number_band:B2,NewTaipei:16594,NewTaipei:16594:157642:0:a933252818b9cc00,801,NewTaipei,121.471580154,25.0510645745,NewTaipei:geo02,0.1,0.2,-0.1,10,1
topology:number_band:B2,NewTaipei:16595,NewTaipei:16595:157643:0:633f6ac8f6cf39da,803,NewTaipei,121.476068126,25.0604499519,NewTaipei:geo02,0.3,0.2,0.1,10,1
topology:number_band:B2,NewTaipei:16603,NewTaipei:16603:157651:0:77b094c3f87a5a60,920,NewTaipei,121.410394135,25.060293257,NewTaipei:geo02,1,0.8,0.2,10,1
topology:number_band:B2,NewTaipei:16604,NewTaipei:16604:158941:0:461105e884c9ae39,925,NewTaipei,121.41749524,25.0718568327,NewTaipei:geo02,0.9,1,-0.1,10,1
topology:number_band:B2,NewTaipei:16606,NewTaipei:16606:157654:1:4e71e0819b51db9e,981,NewTaipei,121.356918308,24.9504739833,NewTaipei:geo00,0.8,0.6,0.2,10,2
topology:number_band:B2,NewTaipei:16607,NewTaipei:16607:157655:0:1f46174f34989c37,889,NewTaipei,121.411366921,24.9735838437,NewTaipei:geo00,0.5,0.1,0.4,10,1
topology:number_band:B2,NewTaipei:16608,NewTaipei:16608:157656:0:302b828da7456e8d,802,NewTaipei,121.418931616,24.9956262151,NewTaipei:geo00,0.7,0.3,0.4,10,1
topology:number_band:B2,NewTaipei:16609,NewTaipei:16609:157657:0:3256c6e8096ec896,842,NewTaipei,121.441322616,25.025407414,NewTaipei:geo02,0.4,0.5,-0.1,10,1
topology:number_band:B2,NewTaipei:16614,NewTaipei:16614:157662:0:3d8334033737df92,930延,NewTaipei,121.513707061,24.9862536148,NewTaipei:geo04,0.5,0.3,0.2,10,1
topology:number_band:B2,NewTaipei:16626,NewTaipei:16626:157674:0:0bd2151dd989d460,870,NewTaipei,121.440648409,25.190932605,NewTaipei:geo03,0.4,0.6,-0.2,10,1
topology:number_band:B2,NewTaipei:16627,NewTaipei:16627:157675:0:f9157ad805fb90db,872,NewTaipei,121.446507857,25.2036943806,NewTaipei:geo03,0.9,0.9,0,10,1
topology:number_band:B2,NewTaipei:16628,NewTaipei:16628:157676:0:d407f67478987c11,871,NewTaipei,121.45018339,25.198271402,NewTaipei:geo03,0.9,0.9,0,10,1
topology:number_band:B2,NewTaipei:16629,NewTaipei:16629:157677:0:1c0787656573655b,873,NewTaipei,121.446284953,25.2045523968,NewTaipei:geo03,0.8,0.9,-0.1,10,1
topology:number_band:B2,NewTaipei:16630,NewTaipei:16630:157678:0:e383fd8a4d876144,868,NewTaipei,121.465482505,25.1662500551,NewTaipei:geo03,0.5,0.6,-0.1,10,1
topology:number_band:B2,NewTaipei:16633,NewTaipei:16633:157681:0:7fd0f5b8dbec38f9,919,NewTaipei,121.610346041,25.0578966084,NewTaipei:geo05,0.1,0.1,0,10,2
topology:number_band:B2,NewTaipei:16635,NewTaipei:16635:157696:0:531ccaacac177562,939,NewTaipei,121.475978861,24.9806055615,NewTaipei:geo04,0.8,0.5,0.3,10,1
topology:number_band:B2,NewTaipei:16637,NewTaipei:16637:157697:0:2e97e91e9eefc753,780,NewTaipei,121.818827608,25.0203709549,NewTaipei:geo06,0.266272189349,0.4,-0.133727810651,10,507
topology:number_band:B2,NewTaipei:16641,NewTaipei:16641:160828:1:4602761d9337e375,788,NewTaipei,121.80919838,25.1178179965,NewTaipei:geo06,0.2,0.6,-0.4,10,1
topology:number_band:B2,NewTaipei:16642,NewTaipei:16642:159633:1:0688c606159b3911,787,NewTaipei,121.751282741,25.1119974603,NewTaipei:geo06,0.8,0.8,0,10,1
topology:number_band:B2,NewTaipei:16643,NewTaipei:16643:157703:0:1e1e2bb99b45e99f,782,NewTaipei,121.835743012,25.0295640803,NewTaipei:geo06,0.266272189349,0.3,-0.0337278106509,10,507
topology:number_band:B2,NewTaipei:16644,NewTaipei:16644:157704:0:bfe78e3607e2ae54,781,NewTaipei,121.835738124,25.0295716732,NewTaipei:geo06,0.266272189349,0.3,-0.0337278106509,10,507
topology:number_band:B2,NewTaipei:16651,NewTaipei:16651:157715:0:c09364d267453b3f,864,NewTaipei,121.472095998,25.1759096591,NewTaipei:geo03,0.7,0.4,0.3,10,1
topology:number_band:B2,NewTaipei:16655,NewTaipei:16655:157719:0:3581a6a9aed4b192,937,NewTaipei,121.421923058,25.0709613055,NewTaipei:geo02,0.8,0.9,-0.1,10,1
topology:number_band:B2,NewTaipei:16656,NewTaipei:16656:157720:0:df5a9673fae9dfec,839耕莘,NewTaipei,121.520092903,24.9582394877,NewTaipei:geo04,0.1,0.1,0,10,1
topology:number_band:B2,NewTaipei:16659,NewTaipei:16659:157722:1:581f90de23ead74d,880,NewTaipei,121.436191851,25.0882205403,NewTaipei:geo01,0.4,0.1,0.3,10,1
topology:number_band:B2,NewTaipei:16660,NewTaipei:16660:157724:0:d82e6d61eb02ec3e,883,NewTaipei,121.441953882,25.1100246336,NewTaipei:geo01,0.4,0,0.4,10,1
topology:number_band:B2,NewTaipei:16662,NewTaipei:16662:157726:0:9aa389c233f1823d,948,NewTaipei,121.411286937,25.0516732038,NewTaipei:geo02,0.8,0.8,0,10,1
topology:number_band:B2,NewTaipei:16664,NewTaipei:16664:157728:0:82ad3ebaafb51407,921,NewTaipei,121.426740225,24.9645773523,NewTaipei:geo00,0.9,0.7,0.2,10,1
topology:number_band:B2,NewTaipei:16665,NewTaipei:16665:159314:0:1d8e96b6e917150a,851,NewTaipei,121.360395145,24.9463654993,NewTaipei:geo00,0,0.4,-0.4,10,1
topology:number_band:B2,NewTaipei:16666,NewTaipei:16666:157730:0:4043146ac86fd5d4,852,NewTaipei,121.402123519,24.9701159343,NewTaipei:geo00,0.6,0.3,0.3,10,1
topology:number_band:B2,NewTaipei:16670,NewTaipei:16670:157734:0:500a7b1dfe52c5a9,810,NewTaipei,121.443695263,25.0159988195,NewTaipei:geo02,0,0.3,-0.3,10,1
topology:number_band:B2,NewTaipei:16672,NewTaipei:16672:157736:0:b988d57e2e4a031e,938,NewTaipei,121.468105042,25.0571124404,NewTaipei:geo02,0,0,0,10,2
topology:number_band:B2,NewTaipei:16675,NewTaipei:16675:157739:0:2f3ace3bca9b6089,863,NewTaipei,121.537569345,25.2509921439,NewTaipei:geo03,1,0.9,0.1,10,1
topology:number_band:B2,NewTaipei:16681,NewTaipei:16681:159635:1:029e2622b2640953,787經瑞芳工業區,NewTaipei,121.753318127,25.1111714214,NewTaipei:geo06,0.8,0.8,0,10,1
topology:number_band:B2,NewTaipei:16682,NewTaipei:16682:157746:0:ea327882749676b4,791,NewTaipei,121.848205043,25.1075315573,NewTaipei:geo06,0.6,0.7,-0.1,10,1
topology:number_band:B2,NewTaipei:16685,NewTaipei:16685:157770:0:365180b7a6627e3e,657延,NewTaipei,121.465739441,25.0060269204,NewTaipei:geo04,0.2,0.1,0.1,10,1
topology:number_band:B2,NewTaipei:16688,NewTaipei:16688:157773:0:4213cf3a365c4c86,983,NewTaipei,121.45428659,25.1608290638,NewTaipei:geo03,0.2,0,0.2,10,1
topology:number_band:B2,NewTaipei:16689,NewTaipei:16689:157774:0:d2c0d988b567a316,793,NewTaipei,121.499067287,24.998634814,NewTaipei:geo04,0.3,0.1,0.2,10,1
topology:number_band:B2,NewTaipei:16691,NewTaipei:16691:157776:0:efa6cfba4fdaee10,796,NewTaipei,121.539609429,24.9900168943,NewTaipei:geo04,0.1,0,0.1,10,1
topology:number_band:B2,NewTaipei:16692,NewTaipei:16692:157777:0:7723b2af621f5e9a,783,NewTaipei,121.456629059,25.0552336009,NewTaipei:geo02,0.1,0.1,0,10,1
topology:number_band:B2,NewTaipei:16693,NewTaipei:16693:157778:0:dda030d7227d4164,785,NewTaipei,121.466973839,25.0893111643,NewTaipei:geo02,0.1,0,0.1,10,1
topology:number_band:B2,NewTaipei:16694,NewTaipei:16694:157779:0:77931a3aa5c2278b,786,NewTaipei,121.414616362,25.0546808986,NewTaipei:geo02,0.2,0,0.2,10,1
topology:number_band:B2,NewTaipei:16695,NewTaipei:16695:157780:0:216260aa3f91dc55,821,NewTaipei,121.47245182,25.1743117263,NewTaipei:geo03,0.7,0.4,0.3,10,1
topology:number_band:B2,NewTaipei:16697,NewTaipei:16697:160487:1:5d055b5a767a824d,847區,NewTaipei,121.432873511,24.9802998381,NewTaipei:geo00,0.4,0.2,0.2,10,2
topology:number_band:B2,NewTaipei:16710,NewTaipei:16710:157802:0:5e2a3798186b6bc4,867區,NewTaipei,121.483194475,25.2415939878,NewTaipei:geo03,1,1,0,10,1
topology:number_band:B2,NewTaipei:16717,NewTaipei:16717:157814:0:740254164781cf25,895,NewTaipei,121.513406775,24.9977117753,NewTaipei:geo04,0.1,0.1,0,10,1
topology:number_band:B2,NewTaipei:16719,NewTaipei:16719:157817:0:15c522bc9be02c02,795往木柵(台灣好行-木柵平溪線),NewTaipei,121.670188072,25.0126395066,NewTaipei:geo05,0.2,0.2,0,10,1
topology:number_band:B2,NewTaipei:16726,NewTaipei:16726:159535:0:c70323a8b9423db0,941,NewTaipei,121.460425528,24.9673209454,NewTaipei:geo00,0.833333333333,0.6,0.233333333333,10,3
topology:number_band:B2,NewTaipei:16728,NewTaipei:16728:157830:0:2bd5b6cfc09a2729,940,NewTaipei,121.406718943,24.9565513932,NewTaipei:geo00,0.75,0.6,0.15,10,2
topology:number_band:B2,NewTaipei:16730,NewTaipei:16730:157832:0:d188877f20221c67,822,NewTaipei,121.409177428,25.0856120407,NewTaipei:geo01,0.3,0.1,0.2,10,1
topology:number_band:B2,NewTaipei:16731,NewTaipei:16731:157836:0:d7ebe14cadb593a4,817,NewTaipei,121.627669469,25.0619166309,NewTaipei:geo05,0.1,0,0.1,10,2
topology:number_band:B2,NewTaipei:16733,NewTaipei:16733:157838:0:c28e6655bf0d1c6d,890,NewTaipei,121.649148121,25.0817660166,NewTaipei:geo05,0.2,0.1,0.1,10,1
topology:number_band:B2,NewTaipei:16734,NewTaipei:16734:157839:0:4e0656b89ca7b7ef,846,NewTaipei,121.787404452,25.0757928054,NewTaipei:geo06,0.4,0.1,0.3,10,1
topology:number_band:B2,NewTaipei:16739,NewTaipei:16739:157844:0:a1fcefec2b339e59,789,NewTaipei,121.698656447,25.1525327062,NewTaipei:geo05,0.7,0.8,-0.1,10,1
topology:number_band:B2,NewTaipei:16740,NewTaipei:16740:157845:0:e2a89f06ccbd79b6,790,NewTaipei,121.684767663,25.1782213332,NewTaipei:geo05,0.6,0.8,-0.2,10,1
topology:number_band:B2,NewTaipei:16757,NewTaipei:16757:157872:0:5d19dd42a9fcf331,795往十分寮(台灣好行-木柵平溪線),NewTaipei,121.670127315,25.012665419,NewTaipei:geo05,0.2,0.2,0,10,1
topology:number_band:B2,NewTaipei:16758,NewTaipei:16758:157873:0:b51eda0e8993fecb,795往平溪(台灣好行-木柵平溪線),NewTaipei,121.647288561,25.0076841671,NewTaipei:geo05,0.2,0.2,0,10,1
topology:number_band:B2,NewTaipei:16759,NewTaipei:16759:157876:0:2525ece79a50541a,943,NewTaipei,121.484409634,24.9874171591,NewTaipei:geo04,0.8,0.6,0.2,10,1
topology:number_band:B2,NewTaipei:16767,NewTaipei:16767:157894:0:869e1d6432a9cfbf,594,NewTaipei,121.448883246,25.1729575873,NewTaipei:geo03,0,0.1,-0.1,10,1
topology:number_band:B2,NewTaipei:16768,NewTaipei:16768:158972:1:5a10b9afb1586c74,595,NewTaipei,121.438509421,25.1878272812,NewTaipei:geo03,0,0,0,10,1
topology:number_band:B2,NewTaipei:16772,NewTaipei:16772:157899:0:e012b5d340d834f8,593,NewTaipei,121.430417758,25.17768516,NewTaipei:geo03,0,0,0,10,1
topology:number_band:B2,NewTaipei:16845,NewTaipei:16845:157972:0:7f5b80fe17652518,578,NewTaipei,121.464963297,25.0573091476,NewTaipei:geo02,0.3,0.5,-0.2,10,1
topology:number_band:B2,NewTaipei:16847,NewTaipei:16847:157974:0:1b12b26b395a06ec,579,NewTaipei,121.460455575,25.0557538238,NewTaipei:geo02,0.3,0.2,0.1,10,1
topology:number_band:B2,NewTaipei:16849,NewTaipei:16849:157976:0:e8ee3a3bf2504e79,580,NewTaipei,121.447197138,25.0999274441,NewTaipei:geo01,0.3,0.3,0,10,1
topology:number_band:B2,NewTaipei:16851,NewTaipei:16851:157978:1:634b558eec492a94,581,NewTaipei,121.443200114,25.0904816828,NewTaipei:geo01,0.3,0.1,0.2,10,1
topology:number_band:B2,NewTaipei:16855,NewTaipei:16855:157982:0:7a493045e71d8106,582,NewTaipei,121.469690967,25.0608654501,NewTaipei:geo02,0.4,0.4,0,10,1
topology:number_band:B2,NewTaipei:16897,NewTaipei:16897:158024:0:f257f012e606908a,570,NewTaipei,121.454505947,24.968398934,NewTaipei:geo00,0.5,0.5,0,10,1
topology:number_band:B2,NewTaipei:16898,NewTaipei:16898:158025:0:719323739f0f0e1d,571,NewTaipei,121.429205253,24.9536993421,NewTaipei:geo00,0.517165668663,0.3,0.217165668663,10,501
topology:number_band:B2,NewTaipei:16899,NewTaipei:16899:158026:0:6aaca3c066ba9bf6,572,NewTaipei,121.452643608,24.9753422831,NewTaipei:geo00,0.5,0.4,0.1,10,1
topology:number_band:B2,NewTaipei:16900,NewTaipei:16900:158027:0:75bdb578e34981ab,573,NewTaipei,121.446007064,24.9765741505,NewTaipei:geo00,0.5,0.4,0.1,10,1
topology:number_band:B2,NewTaipei:16901,NewTaipei:16901:158028:0:3915abd476786d38,574,NewTaipei,121.444719283,24.9755170155,NewTaipei:geo00,0.5,0.5,0,10,1
topology:number_band:B2,NewTaipei:16902,NewTaipei:16902:158029:0:fd6c9a4073ed6ef5,575,NewTaipei,121.443900989,24.9586632177,NewTaipei:geo00,0.542658730159,0.2,0.342658730159,10,504
topology:number_band:B2,NewTaipei:16930,NewTaipei:16930:159897:0:2f42933f6e9c75bb,592,NewTaipei,121.548524128,24.974132451,NewTaipei:geo04,0.1,0.1,0,10,1
topology:number_band:B2,NewTaipei:16997,NewTaipei:16997:159015:0:1b103e7f3feb4394,586,NewTaipei,121.665695968,25.0732497868,NewTaipei:geo05,0,0.6,-0.6,10,1
topology:number_band:B2,NewTaipei:17001,NewTaipei:17001:158128:1:b228eec7aea34a38,587,NewTaipei,121.647765317,25.0859092814,NewTaipei:geo05,0.1,0.2,-0.1,10,1
topology:number_band:B2,NewTaipei:17009,NewTaipei:17009:158136:0:2b69506f1f31ff77,589,NewTaipei,121.661422836,25.0667461582,NewTaipei:geo05,0,0.2,-0.2,10,1
topology:number_band:B2,NewTaipei:17015,NewTaipei:17015:158142:0:950277e9ef250b03,677副,NewTaipei,121.62018952,25.0736802056,NewTaipei:geo05,0.2,0.3,-0.1,10,1
topology:number_band:B2,NewTaipei:17016,NewTaipei:17016:158143:0:2d12308191578cb5,590,NewTaipei,121.626403803,25.0691714422,NewTaipei:geo05,0.1,0.2,-0.1,10,1
topology:number_band:B2,NewTaipei:17017,NewTaipei:17017:158144:0:25141757b272793c,591,NewTaipei,121.618720782,25.0653678369,NewTaipei:geo05,0.1,0.2,-0.1,10,1
topology:number_band:B2,NewTaipei:17292,NewTaipei:17292:158421:0:13623d0f7a12e819,945,NewTaipei,121.437290996,25.0699762698,NewTaipei:geo02,1,0.9,0.1,10,1
topology:number_band:B2,NewTaipei:17293,NewTaipei:17293:158422:0:57f592d41cdefa17,946,NewTaipei,121.446121472,25.0717041041,NewTaipei:geo02,1,0.8,0.2,10,2
topology:number_band:B2,NewTaipei:17294,NewTaipei:17294:158423:0:9f9e65c77e1cc770,946副,NewTaipei,121.449289646,25.0712229105,NewTaipei:geo02,0.9,0.8,0.1,10,1
topology:number_band:B2,NewTaipei:17300,NewTaipei:17300:158429:0:4be629c1cce8e07a,624,NewTaipei,121.50952758,24.99397615,NewTaipei:geo04,0.1,0.2,-0.1,10,1
topology:number_band:B2,NewTaipei:17304,NewTaipei:17304:158433:0:c9c01b53c9aaae44,985萬大樹林先導公車,NewTaipei,121.447778895,25.0027873695,NewTaipei:geo00,0,0.4,-0.4,10,1
topology:number_band:B2,NewTaipei:17479,NewTaipei:17479:158635:0:4791b6d7f3b48fb7,290副萬和,NewTaipei,121.53767515,24.9914095889,NewTaipei:geo04,0.2,0.3,-0.1,10,1
topology:number_band:B2,NewTaipei:17482,NewTaipei:17482:158638:0:fef3ca232c133507,666皇帝殿,NewTaipei,121.60525221,24.9981386148,NewTaipei:geo05,0.5,0.5,0,10,1
topology:number_band:B2,NewTaipei:17483,NewTaipei:17483:158639:0:84e1c285e5b04f89,666烏塗窟,NewTaipei,121.605885873,24.9974792743,NewTaipei:geo05,0.5,0.5,0,10,1
topology:number_band:B2,NewTaipei:17500,NewTaipei:17500:158663:0:f4890e1d3a72d885,790漁港,NewTaipei,121.685816601,25.1788161008,NewTaipei:geo05,0.6,0.8,-0.2,10,1
topology:number_band:B2,NewTaipei:17501,NewTaipei:17501:158664:0:5707de8c2e4de411,788海科館,NewTaipei,121.797523075,25.1231782636,NewTaipei:geo06,0.3,0.7,-0.4,10,1
topology:number_band:B2,NewTaipei:17513,NewTaipei:17513:158679:0:de9cc03e7cbd8d6b,583,NewTaipei,121.452023847,25.1013784588,NewTaipei:geo01,0.3,0.2,0.1,10,1
topology:number_band:B2,NewTaipei:17515,NewTaipei:17515:158683:0:9ddb1089494cc688,778,NewTaipei,121.377750879,24.919548904,NewTaipei:geo00,0.2,0.1,0.1,10,1
topology:number_band:B2,NewTaipei:17517,NewTaipei:17517:158685:0:428f2c2a8856e970,99,NewTaipei,121.451169404,25.0268788894,NewTaipei:geo02,0,0,0,10,2
topology:number_band:B2,NewTaipei:17518,NewTaipei:17518:158686:0:38d0a14694f1227b,845,NewTaipei,121.4434211,25.0305058444,NewTaipei:geo02,0.4,0.5,-0.1,10,1
topology:number_band:B2,NewTaipei:17519,NewTaipei:17519:158687:0:77c366a5f25d1e57,916,NewTaipei,121.392988492,24.949307608,NewTaipei:geo00,0.8,0.6,0.2,10,1
topology:number_band:B2,NewTaipei:17523,NewTaipei:17523:158691:0:4aa538b1f234a280,806,NewTaipei,121.469372681,25.0415597484,NewTaipei:geo02,0.1,0.2,-0.1,10,1
topology:number_band:B2,NewTaipei:17524,NewTaipei:17524:158692:0:2652ea16c1235b68,805,NewTaipei,121.448015445,25.0318353319,NewTaipei:geo02,0.3,0.3,0,10,1
topology:number_band:B2,NewTaipei:17525,NewTaipei:17525:158693:0:18ceac0bf4365c89,823,NewTaipei,121.634067939,25.056020152,NewTaipei:geo05,0.0549800796813,0.1,-0.0450199203187,10,502
topology:number_band:B2,NewTaipei:17526,NewTaipei:17526:159276:0:0f5f9d8b02bb906e,813,NewTaipei,121.455379454,25.0301398653,NewTaipei:geo02,0.2,0.4,-0.2,10,1
topology:number_band:B2,NewTaipei:17527,NewTaipei:17527:158695:0:33a099285d0a55a6,813區,NewTaipei,121.46023159,25.0240642073,NewTaipei:geo02,0.2,0.4,-0.2,10,1
topology:number_band:B2,NewTaipei:17528,NewTaipei:17528:158696:0:6f4f6850f3b5d35c,862,NewTaipei,121.592766751,25.2224443351,NewTaipei:geo05,0.7,0.7,0,10,1
topology:number_band:B2,NewTaipei:17530,NewTaipei:17530:159900:1:7938113a526a07c5,716(台灣好行-皇冠北海岸線),NewTaipei,121.553023644,25.2457848293,NewTaipei:geo03,0,0,0,10,1
topology:number_band:B2,NewTaipei:17532,NewTaipei:17532:159687:0:fb73d03c50f84294,918,NewTaipei,121.484667673,25.0160262057,NewTaipei:geo04,0.4,0.2,0.2,10,1
topology:number_band:B2,NewTaipei:17534,NewTaipei:17534:158702:0:f15f99db774971a1,933,NewTaipei,121.507345555,25.0159544241,NewTaipei:geo04,0.2,0.1,0.1,10,1
topology:number_band:B2,NewTaipei:17536,NewTaipei:17536:158704:0:0bc278af6296b2a9,927,NewTaipei,121.436740469,25.1131505515,NewTaipei:geo01,0.4,0.3,0.1,10,1
topology:number_band:B2,NewTaipei:17537,NewTaipei:17537:158705:0:8730d86237e92815,928,NewTaipei,121.432913084,25.1197925355,NewTaipei:geo01,0.4,0.5,-0.1,10,1
topology:number_band:B2,NewTaipei:17545,NewTaipei:17545:158713:0:8220e01eda29e4ee,927經台北港,NewTaipei,121.432780862,25.1163947057,NewTaipei:geo01,0.4,0.4,0,10,1
topology:number_band:B2,NewTaipei:17548,NewTaipei:17548:158717:0:34a215b6bafd738d,951,NewTaipei,121.593591315,25.0151719325,NewTaipei:geo05,0.2,0.2,0,10,1
topology:number_band:B2,NewTaipei:17557,NewTaipei:17557:158727:0:e7ef2024d9080e9d,897,NewTaipei,121.50099021,24.9919996448,NewTaipei:geo04,0.1,0,0.1,10,2
topology:number_band:B2,NewTaipei:17570,NewTaipei:17570:158740:0:8054f2bac7235b4a,947,NewTaipei,121.453961209,25.1124589089,NewTaipei:geo01,0.2,0.4,-0.2,10,1
topology:number_band:B2,NewTaipei:17575,NewTaipei:17575:158745:0:b90bb8cd359ddff5,953,NewTaipei,121.644665191,25.1186712793,NewTaipei:geo05,0.1,0.3,-0.2,10,1
topology:number_band:B2,NewTaipei:17576,NewTaipei:17576:158746:0:cd9a5ed27fc4ca4b,952,NewTaipei,121.379882985,25.0497754399,NewTaipei:geo02,0.3,0.8,-0.5,10,1
topology:number_band:B2,NewTaipei:17621,NewTaipei:17621:158793:0:f15950be37be2303,853跳蛙,NewTaipei,121.461319891,25.2171127499,NewTaipei:geo03,0.8,1,-0.2,10,1
topology:number_band:B2,NewTaipei:17625,NewTaipei:17625:158801:0:00c75f3a5d23efb6,898,NewTaipei,121.402261289,25.0556841563,NewTaipei:geo02,0.2,0.2,0,10,1
topology:number_band:B2,NewTaipei:17668,NewTaipei:17668:158844:0:9a33b43fe3a4c372,982,NewTaipei,121.48064921,25.0212012015,NewTaipei:geo04,0.6,0.2,0.4,10,1
topology:number_band:B2,NewTaipei:17672,NewTaipei:17672:158850:0:c7265d377259e73b,577,NewTaipei,121.465382228,25.0038267585,NewTaipei:geo04,0,0.1,-0.1,10,1
topology:number_band:B2,NewTaipei:17679,NewTaipei:17679:158858:0:432e4e5132cf539f,982區,NewTaipei,121.457319736,25.0508939301,NewTaipei:geo02,0.6,0.1,0.5,10,1
topology:number_band:B2,NewTaipei:17680,NewTaipei:17680:158859:0:f2363858c44c4db6,982直達,NewTaipei,121.487918922,25.0125675282,NewTaipei:geo04,0.6,0.1,0.5,10,1
topology:number_band:B2,NewTaipei:17682,NewTaipei:17682:158861:1:44f017557a30ecdd,596,NewTaipei,121.440867471,24.9962847832,NewTaipei:geo00,0,0.3,-0.3,10,1
topology:number_band:B2,NewTaipei:17683,NewTaipei:17683:158862:0:06db35b677373666,585,NewTaipei,121.449201762,25.002797034,NewTaipei:geo00,0,0.5,-0.5,10,1
topology:number_band:B2,NewTaipei:17687,NewTaipei:17687:158865:0:ae32325f06bbefd8,982直達新埔線,NewTaipei,121.458101404,25.0445104031,NewTaipei:geo02,0.163618290258,0.4,-0.236381709742,10,503
topology:number_band:B2,NewTaipei:17692,NewTaipei:17692:158874:0:e342ebda014ef410,791繞貢寮,NewTaipei,121.853446873,25.0992200091,NewTaipei:geo06,0.6,0.7,-0.1,10,1
topology:number_band:B2,NewTaipei:17696,NewTaipei:17696:158879:0:eb2eed50a34f393e,849屈尺社區,NewTaipei,121.541905427,24.9496959806,NewTaipei:geo04,0.1,0.1,0,10,1
topology:number_band:B2,NewTaipei:17706,NewTaipei:17706:158889:0:721b4bdd8be1937b,897區,NewTaipei,121.513934988,24.9774744564,NewTaipei:geo04,0.1,0.2,-0.1,10,2
topology:number_band:B2,NewTaipei:17717,NewTaipei:17717:158900:0:a558560032960c4a,932繞國家教育研究院,NewTaipei,121.409564959,24.963785278,NewTaipei:geo00,0.9,0.6,0.3,10,1
topology:number_band:B2,NewTaipei:17718,NewTaipei:17718:158901:0:078a76699f0b23be,791經貢寮區衛生,NewTaipei,121.84742755,25.1077501972,NewTaipei:geo06,0.6,0.7,-0.1,10,1
topology:number_band:B2,NewTaipei:17719,NewTaipei:17719:158902:0:7204b4af80012f21,786區,NewTaipei,121.407183385,25.0632097747,NewTaipei:geo02,0.1,0.2,-0.1,10,1
topology:number_band:B2,NewTaipei:17720,NewTaipei:17720:158908:0:a1a8bbbbfc4c88f7,939跳蛙,NewTaipei,121.483503828,24.9835462249,NewTaipei:geo04,0.8,0.5,0.3,10,1
topology:number_band:B2,NewTaipei:17775,NewTaipei:17775:159119:0:2ea87fc2055285f0,908延,NewTaipei,121.426923028,24.962989611,NewTaipei:geo00,0.7,0.7,0,10,1
topology:number_band:B2,NewTaipei:17789,NewTaipei:17789:159134:0:50c89798391f3220,960,NewTaipei,121.448018047,25.0455266836,NewTaipei:geo02,0,0.4,-0.4,10,1
topology:number_band:B2,NewTaipei:17790,NewTaipei:17790:159135:0:71f1be375705d87e,958,NewTaipei,121.464748145,25.061759139,NewTaipei:geo02,0.346613545817,0.4,-0.0533864541833,10,502
topology:number_band:B2,NewTaipei:17791,NewTaipei:17791:159136:0:98fc4a7862b1880a,959,NewTaipei,121.4622868,25.0582734365,NewTaipei:geo02,0.179365079365,0.3,-0.120634920635,10,504
topology:number_band:B2,NewTaipei:17802,NewTaipei:17802:159147:0:6d9795d0c497560a,854,NewTaipei,121.369619743,25.0692134112,NewTaipei:geo01,0,0.3,-0.3,10,1
topology:number_band:B2,NewTaipei:17806,NewTaipei:17806:159151:0:4c292ec1cde25656,899,NewTaipei,121.444793062,25.0779611336,NewTaipei:geo02,0.4,0.1,0.3,10,1
topology:number_band:B2,NewTaipei:17824,NewTaipei:17824:159184:0:1cddea3f69e2dd41,886區,NewTaipei,121.83623154,25.120989318,NewTaipei:geo06,0.5,0.6,-0.1,10,1
topology:number_band:B2,NewTaipei:17838,NewTaipei:17838:159212:0:8fbb0f95701772f8,894,NewTaipei,121.436645446,25.1857955434,NewTaipei:geo03,0.6,0.7,-0.1,10,1
topology:number_band:B2,NewTaipei:17845,NewTaipei:17845:159218:0:ef1219db1e169af9,953區,NewTaipei,121.647778937,25.1220018383,NewTaipei:geo05,0.1,0.2,-0.1,10,1
topology:number_band:B2,NewTaipei:17865,NewTaipei:17865:159263:1:54735fb24ebbe4ab,789區,NewTaipei,121.702565756,25.1536019861,NewTaipei:geo05,0.7,0.4,0.3,10,1
topology:number_band:B2,NewTaipei:17868,NewTaipei:17868:159290:0:fe07f4ac065d4938,638副,NewTaipei,121.431670738,25.0658611709,NewTaipei:geo02,0.2,0.2,0,10,3
topology:number_band:B2,NewTaipei:17889,NewTaipei:17889:159341:0:33c1b1eee2bbaa32,824,NewTaipei,121.451932947,25.0044143483,NewTaipei:geo00,0.3,0.3,0,10,1
topology:number_band:B2,NewTaipei:17916,NewTaipei:17916:159393:0:06b5e43df843dd27,963,NewTaipei,121.445035872,25.102001407,NewTaipei:geo01,0.5,0.4,0.1,10,1
topology:number_band:B2,NewTaipei:17923,NewTaipei:17923:158016:1:ebee1259e791eab1,819副,NewTaipei,121.594012162,24.9961282742,NewTaipei:geo05,0.1,0.1,0,10,1
topology:number_band:B2,NewTaipei:17937,NewTaipei:17937:159432:0:467d70062fae2ea6,965(台灣好行-九份金瓜石線),NewTaipei,121.658843087,25.0750754329,NewTaipei:geo05,0,0.4,-0.4,10,1
topology:number_band:B2,NewTaipei:17942,NewTaipei:17942:159439:0:48c01d2309cef4bc,939副,NewTaipei,121.466666899,24.9795434621,NewTaipei:geo04,0.7,0.5,0.2,10,1
topology:number_band:B2,NewTaipei:17945,NewTaipei:17945:159443:0:6307a0eb98d82464,712,NewTaipei,121.425571347,25.0029182685,NewTaipei:geo00,0.2,0.1,0.1,10,1
topology:number_band:B2,NewTaipei:17971,NewTaipei:17971:159548:0:7d578c3c3630ff74,837副,NewTaipei,121.458724616,25.1442745661,NewTaipei:geo01,0.4,0.4,0,10,1
topology:number_band:B2,NewTaipei:17972,NewTaipei:17972:159549:0:ed7c15a2ffd566b9,837區,NewTaipei,121.458129728,25.1525417297,NewTaipei:geo03,0.4,0.5,-0.1,10,1
topology:number_band:B2,NewTaipei:18041,NewTaipei:18041:159674:0:d59aaee02226ad96,576,NewTaipei,121.530374312,24.9721699987,NewTaipei:geo04,0,0,0,10,1
topology:number_band:B2,NewTaipei:18098,NewTaipei:18098:159757:0:7682f1ed0d09c3d0,788區,NewTaipei,121.775896287,25.1252762545,NewTaipei:geo06,0.8,0.5,0.3,10,1
topology:number_band:B2,NewTaipei:18118,NewTaipei:18118:159877:0:76a9c343581e717e,966,NewTaipei,121.429401253,25.0700420623,NewTaipei:geo02,1,0.9,0.1,10,1
topology:number_band:B2,NewTaipei:18119,NewTaipei:18119:159907:0:66bb3c7105530e9c,967,NewTaipei,121.445808322,25.0633060093,NewTaipei:geo02,0.8,0.8,0,10,1
topology:number_band:B2,NewTaipei:18128,NewTaipei:18128:159910:0:4a04f05f7fe19a45,967直,NewTaipei,121.455853704,25.0615496729,NewTaipei:geo02,0.7,0.8,-0.1,10,1
topology:number_band:B2,NewTaipei:18148,NewTaipei:18148:159977:0:e46ac079f97cb4e8,582經工業區,NewTaipei,121.468858296,25.0619260144,NewTaipei:geo02,0.5,0.4,0.1,10,1
topology:number_band:B2,NewTaipei:18158,NewTaipei:18158:160007:0:7b331862eee2ca23,115平日,NewTaipei,121.420694921,25.1700439003,NewTaipei:geo03,0.1,0.1,0,10,1
topology:number_band:B2,NewTaipei:18258,NewTaipei:18258:160167:0:5b12ceedce4510b4,712副,NewTaipei,121.427551108,24.9989944496,NewTaipei:geo00,0.2,0.1,0.1,10,1
topology:number_band:B2,NewTaipei:18318,NewTaipei:18318:160228:0:b3968d699494f011,918區,NewTaipei,121.45033506,25.0437513823,NewTaipei:geo02,0.4,0.1,0.3,10,1
topology:number_band:B2,NewTaipei:18558,NewTaipei:18558:160527:0:2d4a5d8b9fab57e8,878區,NewTaipei,121.428699311,25.1445965576,NewTaipei:geo01,0.1,0.4,-0.3,10,1
topology:number_band:B2,NewTaipei:18728,NewTaipei:18728:160787:0:402ba7bc31098adf,937副,NewTaipei,121.442276949,25.0686915273,NewTaipei:geo02,0.7,0.2,0.5,10,1
topology:number_band:B2,NewTaipei:18729,NewTaipei:18729:160788:0:8bbfcf78dfc4b97e,920副,NewTaipei,121.427606043,25.0524851039,NewTaipei:geo02,0.75,0.2,0.55,10,2
topology:number_band:B2,NewTaipei:18730,NewTaipei:18730:160789:0:ce83b8049b5ab724,966副,NewTaipei,121.44827895,25.0686328687,NewTaipei:geo02,0.5,0.2,0.3,10,1
topology:number_band:B2,NewTaipei:18731,NewTaipei:18731:160793:0:96b5d1e3912f7b08,967副,NewTaipei,121.468292797,25.0663813529,NewTaipei:geo02,0.5,0.2,0.3,10,1
topology:number_band:B2,NewTaipei:18738,NewTaipei:18738:160797:0:54c18b4a66dd963d,760,NewTaipei,121.361709789,25.0738910966,NewTaipei:geo01,0,0,0,10,1
topology:number_band:B2,NewTaipei:18758,NewTaipei:18758:160837:0:317f69520332f63d,936A,NewTaipei,121.426046913,25.0710083034,NewTaipei:geo02,0.9,0.9,0,10,1
topology:number_band:B2,NewTaipei:18760,NewTaipei:18760:160839:0:56dd2439f8bf8df4,966A,NewTaipei,121.431564742,25.0707547142,NewTaipei:geo02,0.9,0.9,0,10,1
topology:number_band:B2,NewTaipei:18762,NewTaipei:18762:160841:0:06fd8a4f89cbf2f5,937A,NewTaipei,121.426102042,25.0714671215,NewTaipei:geo02,0.9,0.9,0,10,1
topology:number_band:B2,NewTaipei:18764,NewTaipei:18764:160843:0:f16a8df5de6c2176,920A,NewTaipei,121.413772607,25.0591256665,NewTaipei:geo02,1,0.8,0.2,10,1
topology:number_band:B2,NewTaipei:19048,NewTaipei:19048:161347:0:ae3e91599658f915,597,NewTaipei,121.463909959,25.0669654355,NewTaipei:geo02,0.6,0.2,0.4,10,1
topology:number_band:B2,NewTaipei:19208,NewTaipei:19208:161547:0:52d3f0f213637571,791區,NewTaipei,121.776025159,25.1313196059,NewTaipei:geo06,0.7,0.7,0,10,1
topology:number_band:B2,NewTaipei:19228,NewTaipei:19228:161587:0:89b93829204e9431,731,NewTaipei,121.350117139,24.9508540894,NewTaipei:geo00,0.142658730159,0.1,0.0426587301587,10,504
topology:number_band:B2,NewTaipei:19741,NewTaipei:19741:162446:0:da3b541807f065b0,629區,NewTaipei,121.655705183,25.068147997,NewTaipei:geo05,0.4,0.3,0.1,10,1
topology:number_band:B2,NewTaipei:19747,NewTaipei:19747:162455:0:40a81dbee223496c,177瑞芳觀光公車,NewTaipei,121.829970789,25.1194439089,NewTaipei:geo06,0.1,0,0.1,10,1
topology:number_band:B2,NewTaipei:19748,NewTaipei:19748:162457:0:e3e5aeec79112c69,179,NewTaipei,121.835786767,25.1092181055,NewTaipei:geo06,0.1,0,0.1,10,1
topology:number_band:B2,NewTaipei:19760,NewTaipei:19760:162483:0:83cc4253a759a064,640A,NewTaipei,121.469171272,25.0689154287,NewTaipei:geo02,0.3,0.1,0.2,10,2
topology:number_band:B2,NewTaipei:19781,NewTaipei:19781:162558:0:8d27e451ffdaa616,989,NewTaipei,121.333152014,25.1330430516,NewTaipei:geo01,0.4,0.9,-0.5,10,1
topology:number_band:B2,NewTaipei:19782,NewTaipei:19782:162560:0:a8c167835fcde402,990,NewTaipei,121.328126424,25.1271908515,NewTaipei:geo01,0.2,0.9,-0.7,10,1
topology:number_band:B2,NewTaipei:19783,NewTaipei:19783:162587:1:d67181ca138d2558,988,NewTaipei,121.438952378,25.1131695323,NewTaipei:geo01,0.5,0.6,-0.1,10,1
topology:number_band:B2,NewTaipei:19784,NewTaipei:19784:162562:0:cca31897f7014ad8,115,NewTaipei,121.421274762,25.1705787061,NewTaipei:geo03,0.1,0.1,0,10,2
topology:number_band:B2,NewTaipei:5413,NewTaipei:5413:158443:0:8b6da1fc1a004b4e,896,NewTaipei,121.631801359,25.0750666659,NewTaipei:geo05,0.2,0.1,0.1,10,1
topology:number_band:B2,NewTaipei:5415,NewTaipei:5415:5415:0:8307e7c866825135,629,NewTaipei,121.632420185,25.0639396395,NewTaipei:geo05,0.5,0.3,0.2,10,1
topology:number_band:B2,NewTaipei:5416,NewTaipei:5416:5416:0:775cbee8c0942a7f,678,NewTaipei,121.626400309,25.0584041995,NewTaipei:geo05,0.6,0.5,0.1,10,1
topology:number_band:B2,Taipei:10132,Taipei:10132:101320:0:24e17ca5b10c60be,234,Taipei,121.468965115,25.0139568873,Taipei:geo00,0.4,0.3,0.1,10,1
topology:number_band:B2,Taipei:10181,Taipei:10181:101810:0:d58b4473612674b4,205,Taipei,121.558865766,25.0445582455,Taipei:geo04,0.6,0.6,0,10,1
topology:number_band:B2,Taipei:10221,Taipei:10221:102210:0:d35ada72b6c3c3e4,618,Taipei,121.471099301,25.0508655995,Taipei:geo00,0.3,0.3,0,10,1
topology:number_band:B2,Taipei:10262,Taipei:10262:102620:0:2a66819b15e37157,2,Taipei,121.502890332,25.0801243263,Taipei:geo01,0.2,0,0.2,10,1
topology:number_band:B2,Taipei:10263,Taipei:10263:102630:0:d05146402a55bf9b,536,Taipei,121.510829596,25.109772511,Taipei:geo02,0.3,0.2,0.1,10,3
topology:number_band:B2,Taipei:10272,Taipei:10272:102720:0:695c26464545d24d,303,Taipei,121.550733496,25.1227791687,Taipei:geo02,0.1,0.1,0,10,1
topology:number_band:B2,Taipei:10273,Taipei:10273:102760:0:89d3e234c2542bdb,303區,Taipei,121.54913587,25.1224861384,Taipei:geo02,0.1,0.1,0,10,1
topology:number_band:B2,Taipei:10277,Taipei:10277:160608:0:328964062436da51,542,Taipei,121.529995384,25.0667610876,Taipei:geo05,0.1,0.5,-0.4,10,2
topology:number_band:B2,Taipei:10278,Taipei:10278:102780:0:e7811cce6796ef0d,669,Taipei,121.528133072,25.0584255548,Taipei:geo04,0,0,0,10,1
topology:number_band:B2,Taipei:10282,Taipei:10282:102820:0:74997e358c4798d4,663,Taipei,121.4871385,25.0344280868,Taipei:geo00,0.4,0.2,0.2,10,1
topology:number_band:B2,Taipei:10283,Taipei:10283:10283:0:e3f2aff737d5d11f,235,Taipei,121.485909521,25.0328264048,Taipei:geo00,0,0.1,-0.1,10,1
topology:number_band:B2,Taipei:10326,Taipei:10326:103260:0:8a5722081046cb8e,648,Taipei,121.519562681,24.9826100421,Taipei:geo03,0.2,0.2,0,10,1
topology:number_band:B2,Taipei:10328,Taipei:10328:10328:0:042590a972369300,643,Taipei,121.526124074,24.9974541826,Taipei:geo03,0.1,0.3,-0.2,10,1
topology:number_band:B2,Taipei:10331,Taipei:10331:103310:0:79308cc031dc6077,647,Taipei,121.559652479,24.9910784916,Taipei:geo06,0.4,0.2,0.2,10,1
topology:number_band:B2,Taipei:10333,Taipei:10333:10333:0:d6eb83fa628de0c1,644,Taipei,121.533821841,24.9923485847,Taipei:geo03,0.3,0.2,0.1,10,1
topology:number_band:B2,Taipei:10414,Taipei:10414:104140:0:b4792d0077a0189f,261,Taipei,121.493591468,25.0671230686,Taipei:geo01,0.5,0.8,-0.3,10,1
topology:number_band:B2,Taipei:10415,Taipei:10415:104150:0:685deccacbf6d9be,221,Taipei,121.492613593,25.0718835342,Taipei:geo01,0.6,0.7,-0.1,10,1
topology:number_band:B2,Taipei:10416,Taipei:10416:104160:0:e9f46d0097faf371,232,Taipei,121.485033152,25.0649361509,Taipei:geo01,0.4,0.3,0.1,10,1
topology:number_band:B2,Taipei:10419,Taipei:10419:104190:0:11b198a7b89f987c,232快,Taipei,121.524527256,25.0627015995,Taipei:geo01,0.4,0.7,-0.3,10,1
topology:number_band:B2,Taipei:10422,Taipei:10422:104220:0:2314d5369d761838,617,Taipei,121.518209013,25.0634991998,Taipei:geo01,0.4,0.6,-0.2,10,1
topology:number_band:B2,Taipei:10423,Taipei:10423:104230:0:7efb20569becc3e2,622,Taipei,121.472205479,25.0515344006,Taipei:geo00,0.4,0.4,0,10,1
topology:number_band:B2,Taipei:10441,Taipei:10441:104410:0:5207d6616568bc27,508,Taipei,121.482861876,25.0942260604,Taipei:geo01,0.5,0.1,0.4,10,1
topology:number_band:B2,Taipei:10442,Taipei:10442:104420:1:627c1c72d9649e8a,508區,Taipei,121.506835788,25.0991765475,Taipei:geo01,0.3,0.1,0.2,10,1
topology:number_band:B2,Taipei:10443,Taipei:10443:10443:0:4de742b9579a5424,225,Taipei,121.506188321,25.0715213518,Taipei:geo01,0.4,0.9,-0.5,10,1
topology:number_band:B2,Taipei:10452,Taipei:10452:104520:0:ee0b811a8241807f,641,Taipei,121.452194043,25.0823498138,Taipei:geo01,0.4,0.2,0.2,10,1
topology:number_band:B2,Taipei:10461,Taipei:10461:104610:0:e2717ca2edd4cda8,645,Taipei,121.570491747,25.081971432,Taipei:geo05,0.3,0.4,-0.1,10,2
topology:number_band:B2,Taipei:10462,Taipei:10462:104620:0:93815760269fc57f,645副,Taipei,121.572067838,25.0801071281,Taipei:geo05,0.4,0.6,-0.2,10,1
topology:number_band:B2,Taipei:10471,Taipei:10471:104710:0:f0cbbf5660129175,615,Taipei,121.462183322,25.0456193955,Taipei:geo00,0.5,0.4,0.1,10,1
topology:number_band:B2,Taipei:10472,Taipei:10472:104720:0:d00d2157ded92959,111,Taipei,121.506095371,25.0823629788,Taipei:geo01,0.1,0.1,0,10,1
topology:number_band:B2,Taipei:10473,Taipei:10473:104730:0:4cb026f86ec8e8ab,306,Taipei,121.542862659,25.0583675941,Taipei:geo04,0.1,0,0.1,10,2
topology:number_band:B2,Taipei:10481,Taipei:10481:104810:0:a019c982a972ee83,265經中央路,Taipei,121.47922944,25.0167721033,Taipei:geo00,0.5,0.5,0,10,1
topology:number_band:B2,Taipei:10482,Taipei:10482:104820:0:61bdaf3964dd50c8,265區,Taipei,121.488180093,25.0241672765,Taipei:geo00,0.5,0.3,0.2,10,1
topology:number_band:B2,Taipei:10712,Taipei:10712:10712:0:b906d07ec155b069,251,Taipei,121.558219283,25.004102828,Taipei:geo06,0.3,0.5,-0.2,10,1
topology:number_band:B2,Taipei:10723,Taipei:10723:10723:0:899fb9c50aa46d61,1,Taipei,121.531620773,25.0257779996,Taipei:geo03,0.3,0.6,-0.3,10,1
topology:number_band:B2,Taipei:10724,Taipei:10724:107240:0:d17316ca9a33713b,907,Taipei,121.58080818,25.0293309543,Taipei:geo07,0.2,0.1,0.1,10,1
topology:number_band:B2,Taipei:10725,Taipei:10725:107250:0:dab767f62e5d7354,568,Taipei,121.523491632,25.0280553638,Taipei:geo03,0,0,0,10,1
topology:number_band:B2,Taipei:10726,Taipei:10726:10726:0:bde8150189492755,18,Taipei,121.520515018,25.0334164984,Taipei:geo03,0.2,0.6,-0.4,10,1
topology:number_band:B2,Taipei:10735,Taipei:10735:10735:0:23df60494326585b,253,Taipei,121.541305654,25.0110584527,Taipei:geo03,0.2,0.5,-0.3,10,1
topology:number_band:B2,Taipei:10736,Taipei:10736:10736:0:ca36e679cf9dcbb1,671,Taipei,121.532579559,25.010510912,Taipei:geo03,0.4,0.3,0.1,10,1
topology:number_band:B2,Taipei:10745,Taipei:10745:107450:0:674bf8f35b53b901,237,Taipei,121.562878839,24.9984476909,Taipei:geo06,0.7,0.2,0.5,10,1
topology:number_band:B2,Taipei:10746,Taipei:10746:10746:0:a60801602a2d64e2,252,Taipei,121.543942848,25.0047102123,Taipei:geo06,0.4,0.3,0.1,10,1
topology:number_band:B2,Taipei:10747,Taipei:10747:107470:0:2dbdf54ee140aaf9,294,Taipei,121.561618983,25.0042654452,Taipei:geo06,0.5,0.4,0.1,10,1
topology:number_band:B2,Taipei:10748,Taipei:10748:107480:0:6c8414b48d0bb33b,295,Taipei,121.552649727,25.0068518239,Taipei:geo06,0.5,0.5,0,10,1
topology:number_band:B2,Taipei:10752,Taipei:10752:107520:0:afd45a0fa00cb2af,278,Taipei,121.555106132,25.0404863194,Taipei:geo04,0.1,0.6,-0.5,10,1
topology:number_band:B2,Taipei:10754,Taipei:10754:10754:0:3ae458799022da09,915,Taipei,121.565339646,25.0071315706,Taipei:geo06,0.1,0,0.1,10,1
topology:number_band:B2,Taipei:10763,Taipei:10763:107660:1:aac9043a6188750d,903,Taipei,121.580913681,25.0641384025,Taipei:geo07,0.1,0,0.1,10,2
topology:number_band:B2,Taipei:10764,Taipei:10764:107640:0:3a08224a7685d2ec,531,Taipei,121.594413773,25.0657145335,Taipei:geo07,0,0.3,-0.3,10,1
topology:number_band:B2,Taipei:10765,Taipei:10765:107650:0:235d03681bd9a989,646,Taipei,121.572954796,25.0781292183,Taipei:geo05,0,0.1,-0.1,10,1
topology:number_band:B2,Taipei:10767,Taipei:10767:107670:0:d27df52d1b47b037,53,Taipei,121.593908288,25.0606599848,Taipei:geo07,0,0,0,10,2
topology:number_band:B2,Taipei:10771,Taipei:10771:107710:0:3f902f969a08fe2d,670,Taipei,121.511787226,25.012231916,Taipei:geo03,0.2,0.1,0.1,10,1
topology:number_band:B2,Taipei:10782,Taipei:10782:107820:0:33c6d99bbbc83e92,673,Taipei,121.52749424,25.0145752257,Taipei:geo03,0.2,0.1,0.1,10,1
topology:number_band:B2,Taipei:10783,Taipei:10783:10783:0:59891ffabd6a1ec0,254,Taipei,121.540467496,25.0183937683,Taipei:geo03,0.5,0.5,0,10,1
topology:number_band:B2,Taipei:10785,Taipei:10785:107850:0:e696923ee13aca22,672,Taipei,121.531863095,25.0227133145,Taipei:geo03,0.2,0.2,0,10,2
topology:number_band:B2,Taipei:10792,Taipei:10792:10792:0:5755ec0d6d231ca3,52,Taipei,121.537179883,25.0342111571,Taipei:geo04,0.1,0.7,-0.6,10,1
topology:number_band:B2,Taipei:10811,Taipei:10811:10811:0:f6f563c0e8cd9592,685,Taipei,121.536492255,25.0699972626,Taipei:geo05,0.3,0,0.3,10,1
topology:number_band:B2,Taipei:10822,Taipei:10822:108220:0:80fe97914c917573,108,Taipei,121.5474724,25.1736041595,Taipei:geo02,0.205566600398,0.3,-0.0944333996024,10,503
topology:number_band:B2,Taipei:10823,Taipei:10823:155895:0:56a0ce291e1bf327,260,Taipei,121.530798518,25.090427868,Taipei:geo05,0.5,0.3,0.2,10,1
topology:number_band:B2,Taipei:10824,Taipei:10824:108240:0:f1420d6ea2f479b5,260區,Taipei,121.537332827,25.1091127702,Taipei:geo05,0.4,0.4,0,10,1
topology:number_band:B2,Taipei:10832,Taipei:10832:10832:0:524dd15a319f9ec9,22,Taipei,121.543476381,25.0348902137,Taipei:geo04,0.8,1,-0.2,10,1
topology:number_band:B2,Taipei:10841,Taipei:10841:108410:0:f64aae48aaf5ceb2,0東,Taipei,121.560976536,25.0564518044,Taipei:geo04,0.4,0,0.4,10,1
topology:number_band:B2,Taipei:10842,Taipei:10842:108420:0:501343704a60f845,222,Taipei,121.553954263,25.068718245,Taipei:geo05,0.7,0.4,0.3,10,1
topology:number_band:B2,Taipei:10844,Taipei:10844:108440:0:22e6e579e1d0fb30,652,Taipei,121.514866235,25.056960295,Taipei:geo01,0.4,0.5,-0.1,10,1
topology:number_band:B2,Taipei:10845,Taipei:10845:108450:0:289aff6cd52b2de1,286,Taipei,121.584855791,25.0403301834,Taipei:geo07,0.3,0.3,0,10,1
topology:number_band:B2,Taipei:10846,Taipei:10846:108460:0:b8409cbffd3eb86e,286副,Taipei,121.566421606,25.064710942,Taipei:geo07,0.7,0.4,0.3,10,1
topology:number_band:B2,Taipei:10847,Taipei:10847:108470:0:2c3eb79b4a2bd2eb,63,Taipei,121.553667296,25.058521892,Taipei:geo04,0.35,0.6,-0.25,10,2
topology:number_band:B2,Taipei:10848,Taipei:10848:108480:0:d140693380f98b73,505,Taipei,121.545218896,25.0407211577,Taipei:geo04,0.1,0,0.1,10,1
topology:number_band:B2,Taipei:10853,Taipei:10853:108530:0:eb465fafc2ec8e29,287區,Taipei,121.568652176,25.0770943964,Taipei:geo05,0.6,0.4,0.2,10,1
topology:number_band:B2,Taipei:10856,Taipei:10856:108560:0:5ab0c3925666bd5c,281,Taipei,121.594829718,25.053109424,Taipei:geo07,0.3,0.1,0.2,10,1
topology:number_band:B2,Taipei:10861,Taipei:10861:160877:0:df9b0d77c6350c0a,630,Taipei,121.561098562,25.0552156213,Taipei:geo04,0.4,0.2,0.2,10,2
topology:number_band:B2,Taipei:10862,Taipei:10862:108620:0:f08b81d2b9bcd67f,38,Taipei,121.513849804,25.0314772645,Taipei:geo03,0.2,0.4,-0.2,10,1
topology:number_band:B2,Taipei:10863,Taipei:10863:108630:0:14b089728923fabf,38區,Taipei,121.496280323,25.0282713629,Taipei:geo00,0.1,0,0.1,10,1
topology:number_band:B2,Taipei:10864,Taipei:10864:108640:0:c6d458cf6b4fa617,12,Taipei,121.525214792,25.0453969756,Taipei:geo04,0.1,0.6,-0.5,10,1
topology:number_band:B2,Taipei:10872,Taipei:10872:108720:0:529081dcec2553bd,46,Taipei,121.559302432,25.0443233518,Taipei:geo04,0.1,0.4,-0.3,10,1
topology:number_band:B2,Taipei:10873,Taipei:10873:10873:0:892bd51eda3aab42,20,Taipei,121.531898857,25.0333809037,Taipei:geo04,0.6,0.4,0.2,10,1
topology:number_band:B2,Taipei:10874,Taipei:10874:10874:0:ec3ce8127d3a9bba,277,Taipei,121.539169372,25.0710394805,Taipei:geo05,0.4,0.6,-0.2,10,1
topology:number_band:B2,Taipei:10882,Taipei:10882:10882:0:6b51f7fa269eea85,9,Taipei,121.509863236,25.0625644245,Taipei:geo01,0.2,0.4,-0.2,10,1
topology:number_band:B2,Taipei:10891,Taipei:10891:108910:0:b850fd33142b7383,14,Taipei,121.479814079,25.070210838,Taipei:geo01,0,0,0,10,1
topology:number_band:B2,Taipei:10893,Taipei:10893:10893:0:402fec9f29d4b444,274,Taipei,121.494995771,25.065218499,Taipei:geo01,0.4,0.2,0.2,10,1
topology:number_band:B2,Taipei:10911,Taipei:10911:10911:0:9bb8705b5083c555,212直,Taipei,121.559126836,25.04292813,Taipei:geo04,0.6,0.7,-0.1,10,1
topology:number_band:B2,Taipei:10912,Taipei:10912:10912:0:272f14a3bda8768b,212,Taipei,121.561637237,25.0442900324,Taipei:geo04,0.6,0.8,-0.2,10,1
topology:number_band:B2,Taipei:10942,Taipei:10942:10942:0:b54f65799683317c,257,Taipei,121.522645389,25.0450721853,Taipei:geo04,0.3,0.3,0,10,1
topology:number_band:B2,Taipei:10961,Taipei:10961:109610:0:67503cb6621dd34d,262,Taipei,121.506598421,25.0165114144,Taipei:geo03,0.4,0.3,0.1,10,1
topology:number_band:B2,Taipei:10962,Taipei:10962:108570:0:8af36220b68500b6,262區,Taipei,121.526846044,25.0307548212,Taipei:geo03,0.4,0.3,0.1,10,2
topology:number_band:B2,Taipei:10971,Taipei:10971:109710:0:606827d549721353,88,Taipei,121.564475601,25.0390540311,Taipei:geo04,0.6,0.5,0.1,10,1
topology:number_band:B2,Taipei:11023,Taipei:11023:110230:0:507da332d8fe0560,298,Taipei,121.551944691,25.01562677,Taipei:geo06,0.4,0.5,-0.1,10,1
topology:number_band:B2,Taipei:11041,Taipei:11041:110410:0:bcda8ba05cd856a0,297,Taipei,121.516061886,25.0197762958,Taipei:geo03,0.45,0.4,0.05,10,2
topology:number_band:B2,Taipei:11056,Taipei:11056:110560:0:ea860b74f7d06dbd,552,Taipei,121.576836842,25.0703804194,Taipei:geo07,0.2,0.3,-0.1,10,1
topology:number_band:B2,Taipei:11066,Taipei:11066:110660:0:9ea76b5999123323,32,Taipei,121.579677941,25.0405731258,Taipei:geo07,0.4,0.5,-0.1,10,1
topology:number_band:B2,Taipei:11091,Taipei:11091:11091:0:a87d0cd5412f15f9,37,Taipei,121.550841297,25.0346072848,Taipei:geo04,0.4,0.6,-0.2,10,1
topology:number_band:B2,Taipei:11093,Taipei:11093:11093:0:429de28c4adfcde4,612,Taipei,121.539784138,25.0807861214,Taipei:geo05,0,0.2,-0.2,10,1
topology:number_band:B2,Taipei:11114,Taipei:11114:157815:0:e91ee132a4d04cf7,551,Taipei,121.590677155,25.0694135858,Taipei:geo07,0.2,0.1,0.1,10,1
topology:number_band:B2,Taipei:11123,Taipei:11123:111230:0:f13a4c53a3da600b,550,Taipei,121.493566935,25.1222377507,Taipei:geo02,0,0.4,-0.4,10,2
topology:number_band:B2,Taipei:11124,Taipei:11124:111240:0:28cc483d28626ee7,223,Taipei,121.50139659,25.0958958812,Taipei:geo01,0.3,0.1,0.2,10,1
topology:number_band:B2,Taipei:11125,Taipei:11125:111250:0:ba80098fb910d9cc,302,Taipei,121.501025756,25.0980089212,Taipei:geo01,0.3,0,0.3,10,1
topology:number_band:B2,Taipei:11141,Taipei:11141:162592:1:09dbf276c85bc79c,216,Taipei,121.506180913,25.1287866952,Taipei:geo02,0.5,0,0.5,10,1
topology:number_band:B2,Taipei:11151,Taipei:11151:111510:0:cf88dc13aa1a80ff,230,Taipei,121.524930842,25.1430077006,Taipei:geo02,0.5,0.1,0.4,10,1
topology:number_band:B2,Taipei:11156,Taipei:11156:111560:0:87465040c3d83540,218,Taipei,121.513432957,25.0903058443,Taipei:geo01,0.5,0.6,-0.1,10,1
topology:number_band:B2,Taipei:11157,Taipei:11157:111570:0:0f9cbcf9ac4cb085,218直,Taipei,121.511789549,25.0892812178,Taipei:geo01,0.4,0.6,-0.2,10,1
topology:number_band:B2,Taipei:11158,Taipei:11158:111580:0:54b3f52754974cd7,218區,Taipei,121.500166272,25.1371744473,Taipei:geo02,0.5,0.1,0.4,10,1
topology:number_band:B2,Taipei:11161,Taipei:11161:111610:0:e5537f4f27bcd906,529,Taipei,121.520996374,25.0912505865,Taipei:geo01,0,0.3,-0.3,10,1
topology:number_band:B2,Taipei:11165,Taipei:11165:111650:0:153b259eb851cbab,288,Taipei,121.53497517,25.0577119894,Taipei:geo04,0.425,0.6,-0.175,10,4
topology:number_band:B2,Taipei:11171,Taipei:11171:111710:0:72eaa3754b09f69d,265經明德路,Taipei,121.478625262,25.0158710158,Taipei:geo00,0.5,0.4,0.1,10,1
topology:number_band:B2,Taipei:11203,Taipei:11203:112030:0:f22278cb33fecf20,26,Taipei,121.520092244,25.0756005167,Taipei:geo01,0.2,0.5,-0.3,10,2
topology:number_band:B2,Taipei:11204,Taipei:11204:112040:0:68756463d5503359,68,Taipei,121.516241914,25.0954587717,Taipei:geo01,0.1,0.2,-0.1,10,1
topology:number_band:B2,Taipei:11212,Taipei:11212:11212:0:5aa6fae8b62b52dc,204,Taipei,121.542928085,25.0418448626,Taipei:geo04,0.3,0.7,-0.4,10,1
topology:number_band:B2,Taipei:11221,Taipei:11221:11221:0:a987be235cb835de,284,Taipei,121.580570576,25.0489796927,Taipei:geo07,0.3,0.1,0.2,10,1
topology:number_band:B2,Taipei:11231,Taipei:11231:112310:0:fa84cd9d8232533d,621,Taipei,121.492769797,25.0535377566,Taipei:geo00,0.2,0.1,0.1,10,1
topology:number_band:B2,Taipei:11232,Taipei:11232:112320:0:f4a0ca897950e01c,211,Taipei,121.514666093,25.0516099291,Taipei:geo01,0.7,0.7,0,10,2
topology:number_band:B2,Taipei:11241,Taipei:11241:112410:0:ec95478544b114b3,662,Taipei,121.494901214,25.0609049058,Taipei:geo01,0,0,0,10,2
topology:number_band:B2,Taipei:11242,Taipei:11242:112420:0:6c1b47e60ec0e337,539,Taipei,121.502623623,25.0699713552,Taipei:geo01,0.1,0.2,-0.1,10,1
topology:number_band:B2,Taipei:11243,Taipei:11243:112430:0:c111e6670505c489,39,Taipei,121.494017447,25.0663012198,Taipei:geo01,0.2,0.3,-0.1,10,2
topology:number_band:B2,Taipei:11245,Taipei:11245:11245:0:b9e3d5eea8564d97,226,Taipei,121.524016664,25.0546066101,Taipei:geo04,0.3,0.7,-0.4,10,1
topology:number_band:B2,Taipei:11246,Taipei:11246:11246:0:12c8e0aa6465e931,292,Taipei,121.52277138,25.0510297528,Taipei:geo04,0.4,0.7,-0.3,10,1
topology:number_band:B2,Taipei:11252,Taipei:11252:112520:0:81cc06d709dde6ca,255,Taipei,121.536471421,25.0919573747,Taipei:geo05,0.4,0.6,-0.2,10,1
topology:number_band:B2,Taipei:11253,Taipei:11253:112530:0:9c00088db939f565,255區,Taipei,121.543214326,25.1022425453,Taipei:geo05,0.1,0.4,-0.3,10,1
topology:number_band:B2,Taipei:11411,Taipei:11411:11411:0:703e7728e99377ce,299,Taipei,121.492148277,25.042067583,Taipei:geo00,0.3,0.3,0,10,1
topology:number_band:B2,Taipei:11421,Taipei:11421:11421:0:c4b93705353b70ae,513,Taipei,121.482123382,25.0428022592,Taipei:geo00,0,0.4,-0.4,10,2
topology:number_band:B2,Taipei:11742,Taipei:11742:11742:0:7534e560dbf5e506,611,Taipei,121.565305329,25.007975014,Taipei:geo06,0.1,0.2,-0.1,10,1
topology:number_band:B2,Taipei:11763,Taipei:11763:11763:0:e35f60ddfe29d475,236區,Taipei,121.569908757,25.0000499764,Taipei:geo06,0.4,0.2,0.2,10,1
topology:number_band:B2,Taipei:11764,Taipei:11764:11764:0:0f20d61bcff2850e,251區,Taipei,121.569931389,24.9957269282,Taipei:geo06,0.3,0.3,0,10,1
topology:number_band:B2,Taipei:11811,Taipei:11811:118110:0:e963537f698810b1,0南,Taipei,121.545166838,25.0097025999,Taipei:geo06,0.1,0.3,-0.2,10,1
topology:number_band:B2,Taipei:11813,Taipei:11813:118130:0:3f385d7f0303f9df,109,Taipei,121.541239553,25.0724085112,Taipei:geo05,0.1,0.1,0,10,1
topology:number_band:B2,Taipei:11815,Taipei:11815:118150:0:bae9510228de5abb,606,Taipei,121.534556245,25.0522021885,Taipei:geo04,0.3,0.5,-0.2,10,1
topology:number_band:B2,Taipei:11821,Taipei:11821:162167:0:3df074cf5aa5d41a,33,Taipei,121.558681337,25.0497698252,Taipei:geo04,0.6,0.3,0.3,10,2
topology:number_band:B2,Taipei:11831,Taipei:11831:118310:0:4275ec6e9a212b56,49,Taipei,121.520592168,25.0477670351,Taipei:geo04,0.1,0.8,-0.7,10,1
topology:number_band:B2,Taipei:11834,Taipei:11834:11834:0:9d89a958664b669f,688,Taipei,121.538939474,25.0319678386,Taipei:geo04,0.2,0,0.2,10,1
topology:number_band:B2,Taipei:11841,Taipei:11841:118410:0:77e6d458bda00b57,270,Taipei,121.57009835,25.0423483632,Taipei:geo07,0.6,0.4,0.2,10,1
topology:number_band:B2,Taipei:11842,Taipei:11842:118420:0:9173abf679af0281,270區,Taipei,121.598030821,25.0453276624,Taipei:geo07,0.6,0.1,0.5,10,1
topology:number_band:B2,Taipei:11851,Taipei:11851:118510:0:52700e266ecbbc1b,276,Taipei,121.569966418,25.0488049677,Taipei:geo07,0.3,0.2,0.1,10,1
topology:number_band:B2,Taipei:11853,Taipei:11853:118530:0:064d552ae1a333b2,306區,Taipei,121.568792107,25.0521029913,Taipei:geo07,0,0,0,10,1
topology:number_band:B2,Taipei:11861,Taipei:11861:11861:0:d54713d60f6e6b43,5,Taipei,121.520375355,25.0316259922,Taipei:geo03,0.1,0.4,-0.3,10,1
topology:number_band:B2,Taipei:11871,Taipei:11871:11871:1:c24757a52c7e3e7f,41,Taipei,121.524547152,25.0708118795,Taipei:geo01,0.3,0,0.3,10,1
topology:number_band:B2,Taipei:15111,Taipei:15111:15111:0:4f443c8cd89c3b1a,202,Taipei,121.52055771,25.022326529,Taipei:geo03,0.4,0.5,-0.1,10,1
topology:number_band:B2,Taipei:15112,Taipei:15112:15112:0:3ef3110ee7639ed3,208,Taipei,121.527367732,25.0354026937,Taipei:geo04,0.4,0.4,0,10,1
topology:number_band:B2,Taipei:15113,Taipei:15113:15113:0:21130b6a9ded22f4,208區,Taipei,121.522999052,24.9989440827,Taipei:geo03,0.4,0.5,-0.1,10,1
topology:number_band:B2,Taipei:15141,Taipei:15141:151410:0:a7b89129887cd77e,28,Taipei,121.573321018,25.0672275825,Taipei:geo07,0,0.1,-0.1,10,2
topology:number_band:B2,Taipei:15142,Taipei:15142:151420:0:23a0eff3c5cc7202,42,Taipei,121.531363762,25.0711411557,Taipei:geo05,0.1,0.3,-0.2,10,1
topology:number_band:B2,Taipei:15143,Taipei:15143:151430:0:f3a5c87352e2b083,256,Taipei,121.57572331,25.0773073023,Taipei:geo07,0.366666666667,0.4,-0.0333333333333,10,3
topology:number_band:B2,Taipei:15151,Taipei:15151:151510:0:a7ef76ee4536c385,308,Taipei,121.481123325,25.1334930783,Taipei:geo02,0.2,0.1,0.1,10,1
topology:number_band:B2,Taipei:15161,Taipei:15161:151610:0:fb7bb192dd7df55d,676,Taipei,121.548117975,25.01635116,Taipei:geo06,0.2,0.3,-0.1,10,1
topology:number_band:B2,Taipei:15162,Taipei:15162:15162:0:7ffe83b1fcddb62a,282,Taipei,121.55831306,25.0222879301,Taipei:geo06,0.3,0.6,-0.3,10,2
topology:number_band:B2,Taipei:15164,Taipei:15164:15164:0:66922c465547e92f,530,Taipei,121.557890615,24.9985629757,Taipei:geo06,0,0,0,10,1
topology:number_band:B2,Taipei:15171,Taipei:15171:151710:0:1a95e85cedf5c95e,902,Taipei,121.547763632,25.0729963448,Taipei:geo05,0.3,0,0.3,10,1
topology:number_band:B2,Taipei:15172,Taipei:15172:151720:0:e6239f94b8a199d9,556,Taipei,121.558910231,25.0506374787,Taipei:geo04,0,0,0,10,1
topology:number_band:B2,Taipei:15173,Taipei:15173:151730:0:a8b82f32a8b4f312,912,Taipei,121.594246101,25.0122709921,Taipei:geo06,0.1,0.3,-0.2,10,1
topology:number_band:B2,Taipei:15183,Taipei:15183:15183:0:434d8d1db3567522,905,Taipei,121.532529511,24.9974450565,Taipei:geo03,0.5,0.4,0.1,10,1
topology:number_band:B2,Taipei:15184,Taipei:15184:15184:0:03b4e9496845a5b4,905副,Taipei,121.529906358,25.0018138788,Taipei:geo03,0.5,0.4,0.1,10,1
topology:number_band:B2,Taipei:15185,Taipei:15185:15185:0:496b10a1ed6169bd,202區,Taipei,121.506922998,24.9999071641,Taipei:geo03,0.1,0.1,0,10,1
topology:number_band:B2,Taipei:15191,Taipei:15191:15191:0:bf0e7a388b647430,660,Taipei,121.563079451,25.0098562762,Taipei:geo06,0.4,0.2,0.2,10,1
topology:number_band:B2,Taipei:15221,Taipei:15221:152210:0:45e4e78e80646bc1,682,Taipei,121.461899384,25.1307506739,Taipei:geo02,0,0,0,10,1
topology:number_band:B2,Taipei:15313,Taipei:15313:159237:1:1ce79e0de8bd7bae,521,Taipei,121.57149602,25.066430157,Taipei:geo07,0.2,0.2,0,10,1
topology:number_band:B2,Taipei:15314,Taipei:15314:15314:0:4db419ce050b8a68,203,Taipei,121.560983644,25.0691905948,Taipei:geo05,0.3,0.3,0,10,1
topology:number_band:B2,Taipei:15322,Taipei:15322:15322:0:82f01a328700bb3d,215,Taipei,121.502223242,25.0834036245,Taipei:geo01,0.4,0.2,0.2,10,2
topology:number_band:B2,Taipei:15332,Taipei:15332:153320:0:99baa00cfb21c919,267,Taipei,121.549797894,25.0912048869,Taipei:geo05,0.4,0.6,-0.2,10,1
topology:number_band:B2,Taipei:15333,Taipei:15333:153330:0:143e69a0cc537500,250,Taipei,121.512050769,25.0661656587,Taipei:geo01,0.4,0.7,-0.3,10,1
topology:number_band:B2,Taipei:15335,Taipei:15335:153350:0:deced8bcdb113bae,683,Taipei,121.563186412,25.0836079794,Taipei:geo05,0.2,0.5,-0.3,10,1
topology:number_band:B2,Taipei:15352,Taipei:15352:153520:0:79fb60548b9a2ed0,268,Taipei,121.548194758,25.0966351773,Taipei:geo05,0.5,0.7,-0.2,10,3
topology:number_band:B2,Taipei:15353,Taipei:15353:157765:0:88a49d17c4980583,247,Taipei,121.562592358,25.0737880488,Taipei:geo05,0.4,0.4,0,10,1
topology:number_band:B2,Taipei:15355,Taipei:15355:153550:0:531a1635ec5358bb,240直,Taipei,121.588793381,25.063026001,Taipei:geo07,0.4,0.3,0.1,10,2
topology:number_band:B2,Taipei:15358,Taipei:15358:153580:0:25adee7fc324d653,247區,Taipei,121.572649961,25.0769610655,Taipei:geo05,0.5,0.3,0.2,10,2
topology:number_band:B2,Taipei:15359,Taipei:15359:153590:0:5a656880b9c1ee8a,681,Taipei,121.563837204,25.1024248742,Taipei:geo05,0,0.4,-0.4,10,1
topology:number_band:B2,Taipei:15362,Taipei:15362:15362:0:27dfa05f91be8127,72,Taipei,121.542849765,25.0528362176,Taipei:geo04,0.1,0.5,-0.4,10,1
topology:number_band:B2,Taipei:15372,Taipei:15372:15372:0:163bb9cd7b3e6a5f,206,Taipei,121.520572725,25.0850139629,Taipei:geo01,0.4,0.6,-0.2,10,2
topology:number_band:B2,Taipei:15375,Taipei:15375:15375:0:183fd586c5e3b65b,224,Taipei,121.524605258,25.1199607,Taipei:geo02,0.3,0.2,0.1,10,1
topology:number_band:B2,Taipei:15381,Taipei:15381:153810:0:48eb7b659d0dabe1,246,Taipei,121.512202492,25.0575619834,Taipei:geo01,0.5,0.7,-0.2,10,1
topology:number_band:B2,Taipei:15391,Taipei:15391:15391:0:86dc9b42de6c14ea,279,Taipei,121.55053741,25.0693023061,Taipei:geo05,0.7,0.4,0.3,10,1
topology:number_band:B2,Taipei:15512,Taipei:15512:155120:0:b97b28635d972457,675,Taipei,121.590932375,25.0520306234,Taipei:geo07,0.4,0.5,-0.1,10,1
topology:number_band:B2,Taipei:15513,Taipei:15513:155130:0:086879b3c300a8a2,711,Taipei,121.600471863,25.0599579512,Taipei:geo07,0,0,0,10,2
topology:number_band:B2,Taipei:15514,Taipei:15514:155716:0:f4bdbdf3e3f39a8f,605,Taipei,121.587061154,25.0527882236,Taipei:geo07,0.5,0.3,0.2,10,1
topology:number_band:B2,Taipei:15515,Taipei:15515:155150:0:f2fa4f6499aa1b7d,668,Taipei,121.58492283,25.0493591214,Taipei:geo07,0.7,0.5,0.2,10,1
topology:number_band:B2,Taipei:15516,Taipei:15516:155719:0:9e1506aed43ee335,605快,Taipei,121.58514214,25.059636347,Taipei:geo07,0.4,0.5,-0.1,10,1
topology:number_band:B2,Taipei:15517,Taipei:15517:155717:0:a4948f1641dca543,605副,Taipei,121.623788216,25.0587791434,Taipei:geo07,0.5,0.3,0.2,10,1
topology:number_band:B2,Taipei:15518,Taipei:15518:155718:0:fed371549594d668,605新台五,Taipei,121.591835896,25.0535381644,Taipei:geo07,0.5,0.4,0.1,10,1
topology:number_band:B2,Taipei:15521,Taipei:15521:15521:0:1328370c129f9f74,227,Taipei,121.508145494,25.0407387417,Taipei:geo00,0.5,0.7,-0.2,10,1
topology:number_band:B2,Taipei:15522,Taipei:15522:15522:0:ab7f1b4674c539ac,227區,Taipei,121.49476824,25.0608243806,Taipei:geo01,0.3,0.2,0.1,10,1
topology:number_band:B2,Taipei:15532,Taipei:15532:155320:0:d72fcfb16585ef07,300,Taipei,121.521431322,25.0751202932,Taipei:geo01,0.3,0,0.3,10,2
topology:number_band:B2,Taipei:15546,Taipei:15546:15546:0:bdd67f0c1bd564f8,280,Taipei,121.528625436,25.0655164544,Taipei:geo05,0.2,0.7,-0.5,10,1
topology:number_band:B2,Taipei:15553,Taipei:15553:155530:0:e112e759e96a1ef9,304承德,Taipei,121.519668087,25.0509690461,Taipei:geo04,0.2,0.1,0.1,10,1
topology:number_band:B2,Taipei:15554,Taipei:15554:155540:0:736084abd0185cf4,304重慶,Taipei,121.517592761,25.0524822524,Taipei:geo01,0.3,0.2,0.1,10,1
topology:number_band:B2,Taipei:15561,Taipei:15561:155610:0:92bfa3f53286d9a5,214,Taipei,121.539920892,25.0426909538,Taipei:geo04,0.45,0.3,0.15,10,2
topology:number_band:B2,Taipei:15562,Taipei:15562:155620:0:5955ebbd34575d9e,214直,Taipei,121.516985286,25.0247736683,Taipei:geo03,0.3,0.4,-0.1,10,1
topology:number_band:B2,Taipei:15563,Taipei:15563:15563:0:61535d1894813b41,311,Taipei,121.5287152,25.0191780532,Taipei:geo03,0.1,0,0.1,10,1
topology:number_band:B2,Taipei:15571,Taipei:15571:155710:1:6fbcebf2f353baa1,600,Taipei,121.566980262,25.047185526,Taipei:geo07,0,0,0,10,1
topology:number_band:B2,Taipei:15572,Taipei:15572:159706:0:dc3aea9add3257de,207,Taipei,121.554831035,25.0263003503,Taipei:geo04,0.2,0.4,-0.2,10,1
topology:number_band:B2,Taipei:15581,Taipei:15581:159390:0:0491eae1680b6cd7,616,Taipei,121.4898906,25.0703002633,Taipei:geo01,0.3,0.4,-0.1,10,1
topology:number_band:B2,Taipei:15657,Taipei:15657:15657:0:dcf1063616d32ceb,280直,Taipei,121.530283623,25.0654693051,Taipei:geo05,0.6,0.8,-0.2,10,2
topology:number_band:B2,Taipei:15664,Taipei:15664:155808:0:881291b3ef3d5f79,39夜,Taipei,121.494017447,25.0663012198,Taipei:geo01,0.2,0.3,-0.1,10,2
topology:number_band:B2,Taipei:15724,Taipei:15724:155874:0:f7e3110cb7fbbde2,128,Taipei,121.536321668,25.1432322634,Taipei:geo02,0.2,0.2,0,10,1
topology:number_band:B2,Taipei:15726,Taipei:15726:155875:0:719c1a392e5b77c0,129,Taipei,121.529142254,25.1545655327,Taipei:geo02,0.3,0.2,0.1,10,1
topology:number_band:B2,Taipei:15735,Taipei:15735:155889:0:cb36f93e22dbc844,602,Taipei,121.517129193,25.1231036456,Taipei:geo02,0.2,0,0.2,10,1
topology:number_band:B2,Taipei:16111,Taipei:16111:157462:1:c3cad2d356b7b06d,307,Taipei,121.503732895,25.0284350665,Taipei:geo00,0.3,0.1,0.2,10,1
topology:number_band:B2,Taipei:16112,Taipei:16112:16112:1:4513d0c445b1fce4,310,Taipei,121.495764869,25.0469010032,Taipei:geo00,0.3,0.2,0.1,10,1
topology:number_band:B2,Taipei:16121,Taipei:16121:16121:0:7ec03bbe7dc0692a,604,Taipei,121.487253331,25.0228513603,Taipei:geo00,0.4,0.1,0.3,10,1
topology:number_band:B2,Taipei:16122,Taipei:16122:16122:0:0ecfcc5688ce337a,651,Taipei,121.5015684,25.0255729196,Taipei:geo00,0.2,0.2,0,10,1
topology:number_band:B2,Taipei:16127,Taipei:16127:157862:0:95e92e0ed14c7fec,679,Taipei,121.603458818,25.0140624799,Taipei:geo06,0.5,0.6,-0.1,10,1
topology:number_band:B2,Taipei:16128,Taipei:16128:155898:0:152ac985ccec9b3f,225區,Taipei,121.498484052,25.0733890877,Taipei:geo01,0.4,0.5,-0.1,10,1
topology:number_band:B2,Taipei:16131,Taipei:16131:155928:0:f6004f806b4ee410,265夜,Taipei,121.479884605,25.0166371481,Taipei:geo00,0.5,0.5,0,10,1
topology:number_band:B2,Taipei:16132,Taipei:16132:157442:0:3cf10f696fe00354,212夜,Taipei,121.55913887,25.0429325313,Taipei:geo04,0.6,0.7,-0.1,10,1
topology:number_band:B2,Taipei:16157,Taipei:16157:155919:0:3a18e500ce05826d,208直,Taipei,121.528332296,25.0338942403,Taipei:geo04,0.3,0.4,-0.1,10,1
topology:number_band:B2,Taipei:16158,Taipei:16158:155924:0:532587da278816a7,292副,Taipei,121.522774397,25.0510282258,Taipei:geo04,0.4,0.7,-0.3,10,1
topology:number_band:B2,Taipei:16168,Taipei:16168:155937:0:a06576c7360881ac,108區,Taipei,121.54099514,25.1702307164,Taipei:geo02,0.205566600398,0.1,0.105566600398,10,503
topology:number_band:B2,Taipei:16169,Taipei:16169:155938:0:6fb57c9737e42086,672區,Taipei,121.524479838,24.9984422147,Taipei:geo03,0.3,0,0.3,10,1
topology:number_band:B2,Taipei:16184,Taipei:16184:157886:0:ccaf5f4dfca2c2b3,680,Taipei,121.539036999,25.073336976,Taipei:geo05,0.2,0.3,-0.1,10,1
topology:number_band:B2,Taipei:16439,Taipei:16439:157441:0:f07c993aa54e5bba,278區,Taipei,121.544195758,25.0293312869,Taipei:geo04,0.3,0.5,-0.2,10,1
topology:number_band:B2,Taipei:16504,Taipei:16504:157534:0:fae257ed242c7685,756,Taipei,121.487233826,25.1151979433,Taipei:geo02,0.1,0.2,-0.1,10,2
topology:number_band:B2,Taipei:16559,Taipei:16559:157594:0:6156bc474a419fab,42區,Taipei,121.537994941,25.0785558759,Taipei:geo05,0.1,0.4,-0.3,10,1
topology:number_band:B2,Taipei:16706,Taipei:16706:157798:0:8a28c84afb442f05,758,Taipei,121.483555271,25.0397908293,Taipei:geo00,0.2,0,0.2,10,1
topology:number_band:B2,Taipei:16707,Taipei:16707:157799:0:fa0f1d87bbbda9a7,757,Taipei,121.479851489,25.122115415,Taipei:geo02,0.1,0.2,-0.1,10,1
topology:number_band:B2,Taipei:16709,Taipei:16709:157801:0:4fdc3bfc55170026,254區,Taipei,121.52862821,25.0008259856,Taipei:geo03,0.4,0.3,0.1,10,2
topology:number_band:B2,Taipei:17333,Taipei:17333:158480:0:7f5772f5541d52c3,557,Taipei,121.530213173,25.0958280359,Taipei:geo05,0,0.5,-0.5,10,1
topology:number_band:B2,Taipei:17363,Taipei:17363:158510:0:03f87f65335999c5,949,Taipei,121.576878977,25.0110689799,Taipei:geo06,0.1,0,0.1,10,1
topology:number_band:B2,Taipei:17390,Taipei:17390:158544:0:d754a32864045cf4,950,Taipei,121.543420153,25.0301083202,Taipei:geo04,0.2,0,0.2,10,1
topology:number_band:B2,Taipei:17512,Taipei:17512:158675:0:5a4189ad4eafb3e5,311區,Taipei,121.508337764,25.0020738468,Taipei:geo03,0.1,0,0.1,10,2
topology:number_band:B2,Taipei:17709,Taipei:17709:158892:0:611b82099fad4a1b,955,Taipei,121.61339197,25.0659069305,Taipei:geo07,0.2,0.1,0.1,10,1
topology:number_band:B2,Taipei:17740,Taipei:17740:159045:0:b3b38a759fc87fb7,957,Taipei,121.484066035,25.131754948,Taipei:geo02,0.2,0.3,-0.1,10,1
topology:number_band:B2,Taipei:17805,Taipei:17805:159150:0:cb03357d017d22b9,559,Taipei,121.51356825,25.1207227666,Taipei:geo02,0.3,0.3,0,10,1
topology:number_band:B2,Taipei:17825,Taipei:17825:159189:0:aed5f8559476d87a,660區,Taipei,121.590078594,24.999069931,Taipei:geo06,0.4,0,0.4,10,1
topology:number_band:B2,Taipei:17869,Taipei:17869:159297:0:37669ed954a3b249,88區,Taipei,121.555133746,25.0359266603,Taipei:geo04,0.6,0.9,-0.3,10,1
topology:number_band:B2,Taipei:17928,Taipei:17928:162432:0:8dc51b004076fcda,907通勤,Taipei,121.599391739,25.0404499254,Taipei:geo07,0.2,0,0.2,10,1
topology:number_band:B2,Taipei:17944,Taipei:17944:159442:0:ea61a5dad2d306da,66,Taipei,121.572070331,25.0099261613,Taipei:geo06,0.1,0,0.1,10,1
topology:number_band:B2,Taipei:17952,Taipei:17952:159454:0:8dd4d102b1c2dfc6,617副,Taipei,121.526593048,25.064079292,Taipei:geo01,0.5,0.4,0.1,10,1
topology:number_band:B2,Taipei:18057,Taipei:18057:159715:0:a3d6df04a6c044db,295副,Taipei,121.551912364,25.0078552329,Taipei:geo06,0.5,0.4,0.1,10,1
topology:number_band:B2,Taipei:18348,Taipei:18348:160269:0:00aa1c0dc47105e9,542預,Taipei,121.533371843,25.0661136556,Taipei:geo05,0.1,0.3,-0.2,10,2
topology:number_band:B2,Taipei:19108,Taipei:19108:161407:1:e4c057c3173048f3,307西藏三民,Taipei,121.503015799,25.0283842582,Taipei:geo00,0.3,0.1,0.2,10,2
topology:number_band:B2,Taipei:19159,Taipei:19159:161480:0:6d9bba2612511a31,297預,Taipei,121.515562345,25.019551282,Taipei:geo03,0.45,0.4,0.05,10,2
topology:number_band:B2,Taipei:19178,Taipei:19178:161498:0:7b0aa372deb4c8c2,260區預,Taipei,121.537106328,25.1077523441,Taipei:geo05,0.4,0.6,-0.2,10,1
topology:number_band:B2,Taipei:19438,Taipei:19438:161887:0:a4fe87f8fa8c20d6,539預,Taipei,121.501941071,25.0702986909,Taipei:geo01,0.1,0.3,-0.2,10,1
topology:number_band:B2,Taipei:19458,Taipei:19458:161937:0:6c65107218044359,683預,Taipei,121.563925687,25.0837152637,Taipei:geo05,0.2,0.1,0.1,10,1
topology:number_band:B2,Taipei:19528,Taipei:19528:162047:0:d10d798c13f21924,246預,Taipei,121.512137272,25.0572896082,Taipei:geo01,0.5,0.4,0.1,10,1
topology:number_band:B2,Taipei:19678,Taipei:19678:162277:0:223273bd5a08500f,261預,Taipei,121.493941775,25.0667609638,Taipei:geo01,0.5,0.6,-0.1,10,1
topology:number_band:B2,Taipei:19688,Taipei:19688:162308:0:c02917c7d9526d2d,310區,Taipei,121.47759323,25.028582305,Taipei:geo00,0.1,0,0.1,10,1
topology:number_band:B2,Taipei:19717,Taipei:19717:162399:0:f2e7c2d79fdc0116,302區,Taipei,121.495938924,25.119101882,Taipei:geo02,0.2,0,0.2,10,1
topology:number_band:B2,Taipei:19718,Taipei:19718:162402:0:f827633623a89461,902區,Taipei,121.551494467,25.0380898866,Taipei:geo04,0.6,0,0.6,10,1
topology:number_band:B2,Taipei:19720,Taipei:19720:162405:0:7731d47c4d2bfb08,536區,Taipei,121.504283285,25.1004945266,Taipei:geo01,0.3,0.1,0.2,10,1
topology:number_band:B2,Taipei:19798,Taipei:19798:162616:0:38b742654df32227,606通勤,Taipei,121.53796818,25.0471156394,Taipei:geo04,0.3,0.4,-0.1,10,1
geometry:route_type:B1,NewTaipei:10116,NewTaipei:10116:101160:0:ff7bdc67505e9598,242,NewTaipei,121.509319152,25.009180583,NewTaipei:geo03,1,0.6,0.4,10,1
geometry:route_type:B1,NewTaipei:10143,NewTaipei:10143:10143:0:b56855db4cf7d5ae,棕7,NewTaipei,121.545221155,24.9859435308,NewTaipei:geo03,0.2,0.2,0,10,1
geometry:route_type:B1,NewTaipei:10148,NewTaipei:10148:101480:0:466ad563122a78aa,702,NewTaipei,121.400848129,24.9739634022,NewTaipei:geo00,0.8,0.7,0.1,10,1
geometry:route_type:B1,NewTaipei:10149,NewTaipei:10149:101490:0:8795353df3583e42,624綠野香坡,NewTaipei,121.505240043,24.9892807947,NewTaipei:geo03,0.8,0.6,0.2,10,1
geometry:route_type:B1,NewTaipei:10151,NewTaipei:10151:101510:0:995ae95c0ef44acc,701,NewTaipei,121.447061631,25.0115495113,NewTaipei:geo02,0.8,0.6,0.2,10,1
geometry:route_type:B1,NewTaipei:10161,NewTaipei:10161:101610:0:4f2968b52dfcb7e7,231,NewTaipei,121.479437471,25.012536982,NewTaipei:geo03,0.8,0.8,0,10,1
geometry:route_type:B1,NewTaipei:10162,NewTaipei:10162:10162:0:37cc628cc28a412d,245,NewTaipei,121.47602604,25.0150112199,NewTaipei:geo03,1,0.7,0.3,10,1
geometry:route_type:B1,NewTaipei:10163,NewTaipei:10163:158438:0:6532562bb7767d0b,656,NewTaipei,121.474635399,25.0138304114,NewTaipei:geo03,1,0.7,0.3,10,1
geometry:route_type:B1,NewTaipei:10164,NewTaipei:10164:10164:1:a6865ea531d7320d,657,NewTaipei,121.463799934,24.9991092794,NewTaipei:geo03,0.6,0.4,0.2,10,1
geometry:route_type:B1,NewTaipei:10171,NewTaipei:10171:101710:0:98973ebc62b4e2a4,201,NewTaipei,121.492436456,25.0116682614,NewTaipei:geo03,0.7,0.9,-0.2,10,1
geometry:route_type:B1,NewTaipei:10172,NewTaipei:10172:101720:0:e4568c6a58eb0426,243,NewTaipei,121.504757529,25.0147400033,NewTaipei:geo03,0.8,0.5,0.3,10,1
geometry:route_type:B1,NewTaipei:10173,NewTaipei:10173:10173:0:c37095860ef814ee,241,NewTaipei,121.511007818,25.0064751787,NewTaipei:geo03,0.9,0.6,0.3,10,1
geometry:route_type:B1,NewTaipei:10195,NewTaipei:10195:101950:0:2edae7707d881214,705,NewTaipei,121.429646389,24.9759311334,NewTaipei:geo00,0.6,0.5,0.1,10,1
geometry:route_type:B1,NewTaipei:10196,NewTaipei:10196:158514:0:97ba35e037ac79fe,706,NewTaipei,121.444008744,24.9762242579,NewTaipei:geo00,0.6,0.6,0,10,1
geometry:route_type:B1,NewTaipei:10281,NewTaipei:10281:158434:0:9bbe0e4d7030c1b6,藍2,NewTaipei,121.461314562,25.0339653692,NewTaipei:geo02,0,0.1,-0.1,10,1
geometry:route_type:B1,NewTaipei:10325,NewTaipei:10325:158645:0:d50e277fc0e2a519,909,NewTaipei,121.526722472,24.9888506606,NewTaipei:geo03,0.7,0.7,0,10,1
geometry:route_type:B1,NewTaipei:10329,NewTaipei:10329:10329:0:19eb6d1ec1896e66,906,NewTaipei,121.528346012,24.9924983541,NewTaipei:geo03,0.7,0.8,-0.1,10,1
geometry:route_type:B1,NewTaipei:10424,NewTaipei:10424:10424:0:3c6ba69d5785da66,520,NewTaipei,121.480812697,25.0636170989,NewTaipei:geo02,0.9,0.6,0.3,10,1
geometry:route_type:B1,NewTaipei:10453,NewTaipei:10453:158513:0:6b884c958d9a56f2,640,NewTaipei,121.474301606,25.0646461226,NewTaipei:geo02,0.8,0.8,0,10,1
geometry:route_type:B1,NewTaipei:10474,NewTaipei:10474:10474:0:3da456d90f518a0d,636,NewTaipei,121.464220248,25.0423837346,NewTaipei:geo02,0.9,0.7,0.2,10,1
geometry:route_type:B1,NewTaipei:10475,NewTaipei:10475:158511:0:e2bbc3b542a0944a,635,NewTaipei,121.458629341,25.0367362827,NewTaipei:geo02,0.9,0.9,0,10,1
geometry:route_type:B1,NewTaipei:10491,NewTaipei:10491:104910:0:50a7a3e32b5246cf,637,NewTaipei,121.454669281,25.0489042232,NewTaipei:geo02,1,0.8,0.2,10,1
geometry:route_type:B1,NewTaipei:10492,NewTaipei:10492:104920:0:451a2f199685c72e,638,NewTaipei,121.466358695,25.0533308856,NewTaipei:geo02,1,0.9,0.1,10,1
geometry:route_type:B1,NewTaipei:10511,NewTaipei:10511:105110:0:a7cd1a1880f65d57,639,NewTaipei,121.458524382,25.0326087444,NewTaipei:geo02,0.9,0.8,0.1,10,1
geometry:route_type:B1,NewTaipei:10731,NewTaipei:10731:158439:0:eb3e1ece8f40788b,綠2左,NewTaipei,121.538013733,24.9887056528,NewTaipei:geo03,0.2,0.2,0,10,1
geometry:route_type:B1,NewTaipei:10732,NewTaipei:10732:158436:0:b3cdc49ee57cc087,綠2右,NewTaipei,121.535661611,24.9929612831,NewTaipei:geo03,0.2,0.2,0,10,1
geometry:route_type:B1,NewTaipei:10753,NewTaipei:10753:107530:0:896dd5157763170d,666華梵大學,NewTaipei,121.62190555,24.9934221443,NewTaipei:geo06,0.8,0.6,0.2,10,1
geometry:route_type:B1,NewTaipei:10772,NewTaipei:10772:158435:0:1fd0289257a63bf1,249,NewTaipei,121.514890777,25.0117374304,NewTaipei:geo03,1,0.7,0.3,10,1
geometry:route_type:B1,NewTaipei:10784,NewTaipei:10784:158646:0:a1be720352ca62b6,290副,NewTaipei,121.538037129,24.9893196368,NewTaipei:geo03,0.2,0.3,-0.1,10,1
geometry:route_type:B1,NewTaipei:11244,NewTaipei:11244:158644:0:6f3b44a495988e6d,62,NewTaipei,121.495369643,25.0560890016,NewTaipei:geo02,0.6,0.9,-0.3,10,1
geometry:route_type:B1,NewTaipei:15224,NewTaipei:15224:158440:0:42d382630157eddd,631,NewTaipei,121.476111811,25.1585429546,NewTaipei:geo01,0.4,0.7,-0.3,10,1
geometry:route_type:B1,NewTaipei:15638,NewTaipei:15638:15638:0:8665fdcdfd5bb428,677,NewTaipei,121.620796246,25.0732522888,NewTaipei:geo06,0.4,0.6,-0.2,10,1
geometry:route_type:B1,NewTaipei:15717,NewTaipei:15717:15717:0:cce8f6eb61c362e7,913,NewTaipei,121.525869513,24.9962054025,NewTaipei:geo03,0.9,0.9,0,10,1
geometry:route_type:B1,NewTaipei:16113,NewTaipei:16113:16113:0:05803dbd7ae935cd,658,NewTaipei,121.474824058,25.0321458768,NewTaipei:geo02,1,0.7,0.3,10,1
geometry:route_type:B1,NewTaipei:16123,NewTaipei:16123:158437:0:3c5e4731a4b4b30c,667,NewTaipei,121.480409834,25.017978059,NewTaipei:geo03,1,0.9,0.1,10,1
geometry:route_type:B1,NewTaipei:16189,NewTaipei:16189:162575:0:c85ca45c9a903b07,三鶯2線(原812),NewTaipei,121.375713823,24.9300775923,NewTaipei:geo00,0.6,0.5,0.1,10,1
geometry:route_type:B1,NewTaipei:16191,NewTaipei:16191:157186:0:ffcd87d7cf75a642,藍31,NewTaipei,121.473569931,25.0123972029,NewTaipei:geo03,0.3,0.1,0.2,10,1
geometry:route_type:B1,NewTaipei:16207,NewTaipei:16207:157202:0:db4a55dead0282a8,藍44,NewTaipei,121.425998406,24.9812387726,NewTaipei:geo00,0.3,0.2,0.1,10,1
geometry:route_type:B1,NewTaipei:16210,NewTaipei:16210:159937:0:229eb14acc3b7bab,917,NewTaipei,121.384958055,24.9529203844,NewTaipei:geo00,0.5,0.5,0,10,1
geometry:route_type:B1,NewTaipei:16215,NewTaipei:16215:157210:0:d111340ad9c69495,848,NewTaipei,121.444365643,25.0027434819,NewTaipei:geo00,0.5,0.6,-0.1,10,1
geometry:route_type:B1,NewTaipei:16223,NewTaipei:16223:157218:0:5a35c4e39f131dcb,807,NewTaipei,121.399789984,24.8825744363,NewTaipei:geo00,0.1,0.1,0,10,1
geometry:route_type:B1,NewTaipei:16224,NewTaipei:16224:157219:0:ee4d73835b4e51fc,922,NewTaipei,121.400327579,24.9523211636,NewTaipei:geo00,0.5,0.6,-0.1,10,1
geometry:route_type:B1,NewTaipei:16243,NewTaipei:16243:157238:0:7e6338ffc15c7e13,綠15,NewTaipei,121.512835551,24.9639304896,NewTaipei:geo03,0.3,0.2,0.1,10,1
geometry:route_type:B1,NewTaipei:16258,NewTaipei:16258:157253:0:c90af6eec0eae095,819,NewTaipei,121.585826572,24.9944077043,NewTaipei:geo03,0.6,0.2,0.4,10,1
geometry:route_type:B1,NewTaipei:16265,NewTaipei:16265:157260:0:9cb26a43908cd483,橘1,NewTaipei,121.506098747,24.9702928736,NewTaipei:geo03,0.1,0.1,0,10,1
geometry:route_type:B1,NewTaipei:16269,NewTaipei:16269:157264:0:fea170968f437c8f,836,NewTaipei,121.436682601,25.1730336615,NewTaipei:geo01,0.5,0.4,0.1,10,1
geometry:route_type:B1,NewTaipei:16270,NewTaipei:16270:157265:0:d1e018273448e9e8,838,NewTaipei,121.446395921,25.0952242542,NewTaipei:geo02,0.6,0.7,-0.1,10,1
geometry:route_type:B1,NewTaipei:16274,NewTaipei:16274:157269:0:3976469af2beaca4,橘9,NewTaipei,121.497458385,24.9680618056,NewTaipei:geo03,0.1,0.1,0,10,1
geometry:route_type:B1,NewTaipei:16282,NewTaipei:16282:157277:0:e4cef3c5f509aef3,紅38,NewTaipei,121.433816768,25.1857120436,NewTaipei:geo01,0.5,0.4,0.1,10,1
geometry:route_type:B1,NewTaipei:16288,NewTaipei:16288:160578:0:dbb500a8d4d63a4a,紅28,NewTaipei,121.448956244,25.1710341892,NewTaipei:geo01,0.5,0.5,0,10,1
geometry:route_type:B1,NewTaipei:16294,NewTaipei:16294:157289:0:926a4c0b056ede89,藍22,NewTaipei,121.626939608,25.0581687801,NewTaipei:geo06,0.1,0.5,-0.4,10,1
geometry:route_type:B1,NewTaipei:16296,NewTaipei:16296:157291:0:b1cc7983fa2a5e4c,藍15,NewTaipei,121.634146383,25.0600388635,NewTaipei:geo06,0.2,0.5,-0.3,10,1
geometry:route_type:B1,NewTaipei:16393,NewTaipei:16393:157389:0:bc5322e9b6aff990,849,NewTaipei,121.541847701,24.9501970593,NewTaipei:geo03,0.2,0.1,0.1,10,1
geometry:route_type:B1,NewTaipei:16397,NewTaipei:16397:157393:0:c3848df8ab253cb7,紅51,NewTaipei,121.436729876,25.1851471013,NewTaipei:geo01,0.5,0.4,0.1,10,1
geometry:route_type:B1,NewTaipei:16405,NewTaipei:16405:157401:0:8e2eed2dc354272f,橘5,NewTaipei,121.471221192,25.014136541,NewTaipei:geo03,0,0,0,10,1
geometry:route_type:B1,NewTaipei:16406,NewTaipei:16406:157402:0:a934aeb55537bbd3,8,NewTaipei,121.519521375,24.9758824381,NewTaipei:geo03,0.4,0.4,0,10,1
geometry:route_type:B1,NewTaipei:16407,NewTaipei:16407:157403:0:951cb5809e92331c,橘2,NewTaipei,121.509228662,24.9963035508,NewTaipei:geo03,0.1,0,0.1,10,1
geometry:route_type:B1,NewTaipei:16418,NewTaipei:16418:157414:0:fb2547867f6998f5,綠10,NewTaipei,121.530226856,24.9664068249,NewTaipei:geo03,0.3,0.4,-0.1,10,1
geometry:route_type:B1,NewTaipei:16420,NewTaipei:16420:157416:0:60d5a392e00e5851,綠7,NewTaipei,121.525382537,24.9638039231,NewTaipei:geo03,0.3,0.4,-0.1,10,1
geometry:route_type:B1,NewTaipei:16422,NewTaipei:16422:157418:0:7fffc97d7c15c07e,923,NewTaipei,121.629507365,24.9796330943,NewTaipei:geo06,0.8,0.4,0.4,10,1
geometry:route_type:B1,NewTaipei:16423,NewTaipei:16423:157419:0:797029e6ff15f3a0,930,NewTaipei,121.509713254,24.9891865207,NewTaipei:geo03,0.6,0.6,0,10,1
geometry:route_type:B1,NewTaipei:16425,NewTaipei:16425:157421:0:9642ba40e52508c5,811,NewTaipei,121.495536268,25.0749193568,NewTaipei:geo02,0.7,0.8,-0.1,10,1
geometry:route_type:B1,NewTaipei:16427,NewTaipei:16427:157423:0:614597252624e502,839,NewTaipei,121.514429943,24.9556005961,NewTaipei:geo03,0.1,0.1,0,10,1
geometry:route_type:B1,NewTaipei:16429,NewTaipei:16429:157425:1:05c3af4f8106018c,847,NewTaipei,121.422003109,24.9852603538,NewTaipei:geo00,0.7,0.5,0.2,10,1
geometry:route_type:B1,NewTaipei:16430,NewTaipei:16430:157426:0:c6bc531231826a46,紅36,NewTaipei,121.441346864,25.1766056841,NewTaipei:geo01,0.6,0.6,0,10,1
geometry:route_type:B1,NewTaipei:16431,NewTaipei:16431:160948:1:449609585751e5cc,紅37,NewTaipei,121.440716758,25.1857486811,NewTaipei:geo01,0.6,0.4,0.2,10,1
geometry:route_type:B1,NewTaipei:16432,NewTaipei:16432:157428:0:fd5d8ef2331c9f8c,紅39,NewTaipei,121.442862747,25.1752130378,NewTaipei:geo01,0.6,0.6,0,10,1
geometry:route_type:B1,NewTaipei:16461,NewTaipei:16461:157481:0:f2013d00bdb2e426,707,NewTaipei,121.471061389,24.9876986477,NewTaipei:geo03,0.6,0.5,0.1,10,1
geometry:route_type:B1,NewTaipei:16462,NewTaipei:16462:157485:0:555f17115cbfb352,910,NewTaipei,121.40520887,24.9582100933,NewTaipei:geo00,0.6,0.5,0.1,10,1
geometry:route_type:B1,NewTaipei:16463,NewTaipei:16463:157486:0:17b992db5eb9abef,藍35,NewTaipei,121.458962317,25.0169288809,NewTaipei:geo02,0.2,0.2,0,10,1
geometry:route_type:B1,NewTaipei:16464,NewTaipei:16464:157487:0:adb2d3f0da3d543a,藍17,NewTaipei,121.463861905,24.9992784294,NewTaipei:geo03,0.2,0.1,0.1,10,1
geometry:route_type:B1,NewTaipei:16466,NewTaipei:16466:157489:0:099be3d971d7f8ca,橘3,NewTaipei,121.510476028,25.0070777248,NewTaipei:geo03,0.1,0,0.1,10,1
geometry:route_type:B1,NewTaipei:16467,NewTaipei:16467:157490:0:813c968ae1a21d97,51,NewTaipei,121.489824208,25.0063793457,NewTaipei:geo03,0.3,0.8,-0.5,10,1
geometry:route_type:B1,NewTaipei:16468,NewTaipei:16468:157491:0:e5cd8610040b3f4c,57,NewTaipei,121.492465657,25.0024590542,NewTaipei:geo03,0.3,0.6,-0.3,10,1
geometry:route_type:B1,NewTaipei:16471,NewTaipei:16471:157494:0:4122c5209b754707,藍33,NewTaipei,121.474981473,25.0205870689,NewTaipei:geo03,0.3,0.1,0.2,10,1
geometry:route_type:B1,NewTaipei:16474,NewTaipei:16474:157497:0:11dc567882d77fb9,843,NewTaipei,121.430502765,25.0031162594,NewTaipei:geo00,0.6,0.6,0,10,1
geometry:route_type:B1,NewTaipei:16479,NewTaipei:16479:157502:0:56cf2f0d58f20e42,802區,NewTaipei,121.439703018,25.0255584665,NewTaipei:geo02,0.6,0.7,-0.1,10,1
geometry:route_type:B1,NewTaipei:16481,NewTaipei:16481:157504:0:e690e2ea59c8d9d3,綠13,NewTaipei,121.538233601,24.9865053015,NewTaipei:geo03,0.3,0.2,0.1,10,1
geometry:route_type:B1,NewTaipei:16485,NewTaipei:16485:157508:0:153403772f37552b,835,NewTaipei,121.471144471,25.0506024624,NewTaipei:geo02,0.8,0.9,-0.1,10,1
geometry:route_type:B1,NewTaipei:16486,NewTaipei:16486:157509:0:6fa1f784e1bf874c,藍37,NewTaipei,121.431529431,25.0090049497,NewTaipei:geo00,0,0,0,10,1
geometry:route_type:B1,NewTaipei:16487,NewTaipei:16487:157510:0:1d6c21b82a78bdd3,藍38,NewTaipei,121.432319299,24.9925826832,NewTaipei:geo00,0,0,0,10,1
geometry:route_type:B1,NewTaipei:16489,NewTaipei:16489:157512:0:9293bd7cd405a243,橘19,NewTaipei,121.460628186,25.0903641009,NewTaipei:geo02,0.5,0.2,0.3,10,1
geometry:route_type:B1,NewTaipei:16490,NewTaipei:16490:157513:0:c7c011ad366291b4,橘17,NewTaipei,121.461110027,25.0722385891,NewTaipei:geo02,0.4,0.2,0.2,10,1
geometry:route_type:B1,NewTaipei:16491,NewTaipei:16491:157514:0:cb1a98b2da85e873,綠9,NewTaipei,121.546495353,24.9688581758,NewTaipei:geo03,0.5,0.5,0,10,1
geometry:route_type:B1,NewTaipei:16492,NewTaipei:16492:157515:1:c1afb7f6c464c8e7,綠9耕莘,NewTaipei,121.5476096,24.9659037937,NewTaipei:geo03,0.5,0.5,0,10,1
geometry:route_type:B1,NewTaipei:16493,NewTaipei:16493:157516:0:10f583b0d602773d,綠9北新國小,NewTaipei,121.54890284,24.9641412358,NewTaipei:geo03,0.6,0.5,0.1,10,1
geometry:route_type:B1,NewTaipei:16497,NewTaipei:16497:157520:0:45353088cb0191ee,837,NewTaipei,121.447770861,25.1586323821,NewTaipei:geo01,0.6,0.5,0.1,10,1
geometry:route_type:B1,NewTaipei:16498,NewTaipei:16498:157521:0:b277d5f922118d29,藍21,NewTaipei,121.627663668,25.0601660062,NewTaipei:geo06,0.5,0.5,0,10,1
geometry:route_type:B1,NewTaipei:16499,NewTaipei:16499:157522:0:18b92cbc03184ac4,816,NewTaipei,121.489653193,25.0817582529,NewTaipei:geo02,0.2,0.2,0,10,1
geometry:route_type:B1,NewTaipei:16500,NewTaipei:16500:157523:0:2fe5c86352962881,815,NewTaipei,121.503957436,25.0860289774,NewTaipei:geo02,0.1,0.6,-0.5,10,1
geometry:route_type:B1,NewTaipei:16511,NewTaipei:16511:157546:0:97dfcd6bd8d4856c,779,NewTaipei,121.449183753,24.9402142365,NewTaipei:geo00,0.4,0.4,0,10,1
geometry:route_type:B1,NewTaipei:16513,NewTaipei:16513:157548:0:4782440627b68446,885,NewTaipei,121.416207753,24.989186365,NewTaipei:geo00,0.8,0.6,0.2,10,1
geometry:route_type:B1,NewTaipei:16515,NewTaipei:16515:157550:0:fd7e71caafc440ec,858,NewTaipei,121.407397289,25.0450674316,NewTaipei:geo02,0.7,0.5,0.2,10,1
geometry:route_type:B1,NewTaipei:16517,NewTaipei:16517:157552:0:e84cfc4450033a6a,704,NewTaipei,121.453034848,25.1152454095,NewTaipei:geo02,0.8,0.7,0.1,10,1
geometry:route_type:B1,NewTaipei:16518,NewTaipei:16518:157553:0:4daa3c6f4d7638b5,859,NewTaipei,121.42812373,25.0217069106,NewTaipei:geo02,0.7,0.5,0.2,10,1
geometry:route_type:B1,NewTaipei:16519,NewTaipei:16519:157554:0:55ef08b70c5a7553,橘22,NewTaipei,121.441370738,25.0230909874,NewTaipei:geo02,0.1,0,0.1,10,1
geometry:route_type:B1,NewTaipei:16521,NewTaipei:16521:159438:0:7dcd17baf028b851,704區,NewTaipei,121.436707681,25.135424386,NewTaipei:geo01,0.6,0.5,0.1,10,1
geometry:route_type:B1,NewTaipei:16522,NewTaipei:16522:159493:0:48ca463942be810f,881,NewTaipei,121.436324493,25.1821718297,NewTaipei:geo01,0.3,0.4,-0.1,10,1
geometry:route_type:B1,NewTaipei:16526,NewTaipei:16526:157561:0:0952272a718d5790,869,NewTaipei,121.438255471,25.1771831051,NewTaipei:geo01,0.3,0.4,-0.1,10,1
geometry:route_type:B1,NewTaipei:16527,NewTaipei:16527:161057:0:fef3e2600b43f288,878,NewTaipei,121.434351495,25.1516747267,NewTaipei:geo01,0.2,0.3,-0.1,10,1
geometry:route_type:B1,NewTaipei:16528,NewTaipei:16528:157563:0:b99d4b5b15fc620e,860,NewTaipei,121.459214514,25.2202215764,NewTaipei:geo01,0.9,0.6,0.3,10,1
geometry:route_type:B1,NewTaipei:16529,NewTaipei:16529:157564:0:582028236e4a8166,861,NewTaipei,121.463282199,25.2235337996,NewTaipei:geo01,0.9,0.6,0.3,10,1
geometry:route_type:B1,NewTaipei:16530,NewTaipei:16530:157565:0:4c48fa20a757131a,865,NewTaipei,121.508754714,25.2538554121,NewTaipei:geo04,0.7,0.2,0.5,10,1
geometry:route_type:B1,NewTaipei:16531,NewTaipei:16531:157566:0:6edeac39989258f4,866,NewTaipei,121.495163433,25.218175467,NewTaipei:geo01,0.5,0.3,0.2,10,1
geometry:route_type:B1,NewTaipei:16532,NewTaipei:16532:157567:0:33241f590e4708d9,867,NewTaipei,121.500757788,25.2487063063,NewTaipei:geo04,0.7,0.3,0.4,10,1
geometry:route_type:B1,NewTaipei:16535,NewTaipei:16535:157570:0:8a87af187a50f6cf,874,NewTaipei,121.462341918,25.2194294842,NewTaipei:geo01,0.9,0.6,0.3,10,1
geometry:route_type:B1,NewTaipei:16536,NewTaipei:16536:157571:0:977ed664178e8b3c,875,NewTaipei,121.471181634,25.185934396,NewTaipei:geo01,0.4,0.4,0,10,1
geometry:route_type:B1,NewTaipei:16538,NewTaipei:16538:157573:0:c77412f0a1a614e7,877,NewTaipei,121.506278635,25.2329585184,NewTaipei:geo04,0.6,0.2,0.4,10,1
geometry:route_type:B1,NewTaipei:16542,NewTaipei:16542:157577:0:adea23d54075b7e4,879,NewTaipei,121.463937498,25.2070634346,NewTaipei:geo01,0.8,0.7,0.1,10,1
geometry:route_type:B1,NewTaipei:16543,NewTaipei:16543:157578:0:698f23e34a5c602a,882,NewTaipei,121.464976043,25.2203369528,NewTaipei:geo01,0.8,0.6,0.2,10,1
geometry:route_type:B1,NewTaipei:16544,NewTaipei:16544:157579:0:326106da96847510,藍39,NewTaipei,121.631083289,25.0627175316,NewTaipei:geo06,0.5,0.5,0,10,1
geometry:route_type:B1,NewTaipei:16547,NewTaipei:16547:157582:0:1013ad8cc885ea21,808,NewTaipei,121.825866801,25.0995850308,NewTaipei:geo07,0.5,0.5,0,10,1
geometry:route_type:B1,NewTaipei:16548,NewTaipei:16548:157583:0:0fe922028ca67465,827,NewTaipei,121.832488656,25.1095048005,NewTaipei:geo07,0.5,0.7,-0.2,10,1
geometry:route_type:B1,NewTaipei:16551,NewTaipei:16551:157586:0:5ddc9c9d0849bc5d,825,NewTaipei,121.827632851,25.1090149924,NewTaipei:geo07,0.6,0.6,0,10,1
geometry:route_type:B1,NewTaipei:16552,NewTaipei:16552:157587:0:0fa77084048ad9f0,856(台灣好行-黃金福隆線),NewTaipei,121.907440828,25.0780618329,NewTaipei:geo07,0.5,0.3,0.2,10,1
geometry:route_type:B1,NewTaipei:16554,NewTaipei:16554:157589:0:568df4a9dbf1af9d,826,NewTaipei,121.843828547,25.1090614658,NewTaipei:geo07,0.6,0.6,0,10,1
geometry:route_type:B1,NewTaipei:16560,NewTaipei:16560:157596:0:78b83bf978980ec4,932,NewTaipei,121.410269438,24.9643360115,NewTaipei:geo00,0.6,0.5,0.1,10,1
geometry:route_type:B1,NewTaipei:16562,NewTaipei:16562:157598:0:95eea614884ed990,935,NewTaipei,121.527466324,24.9913608457,NewTaipei:geo03,0.8,0.8,0,10,1
geometry:route_type:B1,NewTaipei:16564,NewTaipei:16564:158931:1:404239bff2719fbf,876,NewTaipei,121.488641136,25.2070858519,NewTaipei:geo01,0.5,0.4,0.1,10,1
geometry:route_type:B1,NewTaipei:16565,NewTaipei:16565:159117:1:0fb437123a591e4a,886,NewTaipei,121.865609626,25.1204865978,NewTaipei:geo07,0.8,0.5,0.3,10,1
geometry:route_type:B1,NewTaipei:16571,NewTaipei:16571:157613:0:913b0743a3e6b4cf,797,NewTaipei,121.460423738,25.0449657173,NewTaipei:geo02,1,0.8,0.2,10,1
geometry:route_type:B1,NewTaipei:16573,NewTaipei:16573:157615:0:29b72f070ba6897d,800,NewTaipei,121.424377832,25.002967211,NewTaipei:geo00,0.6,0.6,0,10,1
geometry:route_type:B1,NewTaipei:16576,NewTaipei:16576:157618:0:fd604b474ecdb29f,799,NewTaipei,121.448743157,25.0235680888,NewTaipei:geo02,0.9,0.8,0.1,10,1
geometry:route_type:B1,NewTaipei:16577,NewTaipei:16577:157619:0:3f094f2084767eb8,871經中山北路,NewTaipei,121.456602703,25.1981526107,NewTaipei:geo01,0.7,0.6,0.1,10,1
geometry:route_type:B1,NewTaipei:16578,NewTaipei:16578:157620:1:cb89cb56b131df71,872經正德國中、直行中山北路,NewTaipei,121.453492181,25.2040801885,NewTaipei:geo01,0.7,0.7,0,10,1
geometry:route_type:B1,NewTaipei:16579,NewTaipei:16579:157621:0:15e349ecfc745b38,873經正德國中,NewTaipei,121.454060785,25.2071247271,NewTaipei:geo01,0.9,0.7,0.2,10,1
geometry:route_type:B1,NewTaipei:16580,NewTaipei:16580:157622:0:9e5bcd641ece2dd0,891,NewTaipei,121.858109555,25.1149125402,NewTaipei:geo07,0.5,0.5,0,10,1
geometry:route_type:B1,NewTaipei:16581,NewTaipei:16581:157623:0:4f5f2b4c3f6c7697,275,NewTaipei,121.512539813,25.0052900794,NewTaipei:geo03,0.7,0.7,0,10,1
geometry:route_type:B1,NewTaipei:16582,NewTaipei:16582:157626:0:b843fcd10e95eebe,橘25,NewTaipei,121.471915026,25.0768678023,NewTaipei:geo02,0.1,0.4,-0.3,10,1
geometry:route_type:B1,NewTaipei:16583,NewTaipei:16583:157631:0:cbc53f4e0db5d28d,936,NewTaipei,121.423362066,25.070470167,NewTaipei:geo02,0.5,0.7,-0.2,10,1
geometry:route_type:B1,NewTaipei:16584,NewTaipei:16584:157632:0:3bca2c213484c485,820,NewTaipei,121.472042011,25.0546897315,NewTaipei:geo02,1,0.9,0.1,10,1
geometry:route_type:B1,NewTaipei:16585,NewTaipei:16585:157633:0:f4bd265497f3f46e,908,NewTaipei,121.433187761,24.9669987854,NewTaipei:geo00,0.6,0.6,0,10,1
geometry:route_type:B1,NewTaipei:16586,NewTaipei:16586:157634:0:0fa772082b91de3a,藍46,NewTaipei,121.385137996,24.9309034437,NewTaipei:geo00,0.1,0,0.1,10,1
geometry:route_type:B1,NewTaipei:16588,NewTaipei:16588:157636:0:332f61060683a30f,264,NewTaipei,121.479753003,25.047524112,NewTaipei:geo02,0.8,0.7,0.1,10,1
geometry:route_type:B1,NewTaipei:16590,NewTaipei:16590:157638:0:0f540881d7d1678a,綠12,NewTaipei,121.626930781,24.9491093352,NewTaipei:geo06,0.4,0,0.4,10,1
geometry:route_type:B1,NewTaipei:16591,NewTaipei:16591:157639:0:aa282defe02db964,857,NewTaipei,121.460278383,25.0969503658,NewTaipei:geo02,0.9,0.5,0.4,10,1
geometry:route_type:B1,NewTaipei:16592,NewTaipei:16592:157640:0:e1ac5c119a9898bc,橘21,NewTaipei,121.437341401,25.0387737277,NewTaipei:geo02,0.1,0,0.1,10,1
geometry:route_type:B1,NewTaipei:16593,NewTaipei:16593:157641:0:37d09c7129cc6bb8,橘18,NewTaipei,121.481673866,25.0837225973,NewTaipei:geo02,0.3,0.2,0.1,10,1
geometry:route_type:B1,NewTaipei:16594,NewTaipei:16594:157642:0:a933252818b9cc00,801,NewTaipei,121.471580154,25.0510645745,NewTaipei:geo02,1,0.8,0.2,10,1
geometry:route_type:B1,NewTaipei:16595,NewTaipei:16595:157643:0:633f6ac8f6cf39da,803,NewTaipei,121.476068126,25.0604499519,NewTaipei:geo02,1,0.7,0.3,10,1
geometry:route_type:B1,NewTaipei:16599,NewTaipei:16599:157647:0:13c4ef5be217caf2,藍32,NewTaipei,121.460311926,25.0054114125,NewTaipei:geo03,0.1,0.2,-0.1,10,1
geometry:route_type:B1,NewTaipei:16601,NewTaipei:16601:157649:0:74a8f5dbeabff939,藍40,NewTaipei,121.455811626,24.9777473536,NewTaipei:geo00,0.3,0,0.3,10,1
geometry:route_type:B1,NewTaipei:16602,NewTaipei:16602:157650:0:c354d764fd37e789,藍45,NewTaipei,121.416462696,24.9436333788,NewTaipei:geo00,0.3,0.2,0.1,10,1
geometry:route_type:B1,NewTaipei:16603,NewTaipei:16603:157651:0:77b094c3f87a5a60,920,NewTaipei,121.410394135,25.060293257,NewTaipei:geo02,0.7,0.5,0.2,10,1
geometry:route_type:B1,NewTaipei:16604,NewTaipei:16604:158941:0:461105e884c9ae39,925,NewTaipei,121.41749524,25.0718568327,NewTaipei:geo02,0.7,0.5,0.2,10,1
geometry:route_type:B1,NewTaipei:16606,NewTaipei:16606:157654:1:4e71e0819b51db9e,981,NewTaipei,121.356918308,24.9504739833,NewTaipei:geo00,0.3,0.3,0,10,1
geometry:route_type:B1,NewTaipei:16607,NewTaipei:16607:157655:0:1f46174f34989c37,889,NewTaipei,121.411366921,24.9735838437,NewTaipei:geo00,0.8,0.6,0.2,10,1
geometry:route_type:B1,NewTaipei:16608,NewTaipei:16608:157656:0:302b828da7456e8d,802,NewTaipei,121.418931616,24.9956262151,NewTaipei:geo00,0.9,0.6,0.3,10,1
geometry:route_type:B1,NewTaipei:16609,NewTaipei:16609:157657:0:3256c6e8096ec896,842,NewTaipei,121.441322616,25.025407414,NewTaipei:geo02,0.6,0.8,-0.2,10,1
geometry:route_type:B1,NewTaipei:16610,NewTaipei:16610:157658:0:5b284719ae0c0d4d,綠5,NewTaipei,121.536689383,24.9722256275,NewTaipei:geo03,0.5,0.4,0.1,10,1
geometry:route_type:B1,NewTaipei:16611,NewTaipei:16611:157659:0:047212fa980cbdae,綠6,NewTaipei,121.523898473,24.9792975662,NewTaipei:geo03,0.3,0.1,0.2,10,1
geometry:route_type:B1,NewTaipei:16612,NewTaipei:16612:157660:0:3100ce17d601d35c,綠3,NewTaipei,121.536266663,24.9664000088,NewTaipei:geo03,0.6,0.6,0,10,1
geometry:route_type:B1,NewTaipei:16613,NewTaipei:16613:157661:0:ad8fac6d33cce756,綠8,NewTaipei,121.522203147,24.9743914858,NewTaipei:geo03,0.4,0.3,0.1,10,1
geometry:route_type:B1,NewTaipei:16614,NewTaipei:16614:157662:0:3d8334033737df92,930延,NewTaipei,121.513707061,24.9862536148,NewTaipei:geo03,0.6,0.7,-0.1,10,1
geometry:route_type:B1,NewTaipei:16619,NewTaipei:16619:159327:0:32c65e510759c150,紅26,NewTaipei,121.432248065,25.1754107019,NewTaipei:geo01,0.3,0.5,-0.2,10,1
geometry:route_type:B1,NewTaipei:16620,NewTaipei:16620:157668:0:6fc198fe9b43101a,橘10,NewTaipei,121.445018931,25.077716383,NewTaipei:geo02,0.4,0,0.4,10,1
geometry:route_type:B1,NewTaipei:16626,NewTaipei:16626:157674:0:0bd2151dd989d460,870,NewTaipei,121.440648409,25.190932605,NewTaipei:geo01,0.5,0.4,0.1,10,1
geometry:route_type:B1,NewTaipei:16627,NewTaipei:16627:157675:0:f9157ad805fb90db,872,NewTaipei,121.446507857,25.2036943806,NewTaipei:geo01,0.7,0.8,-0.1,10,1
geometry:route_type:B1,NewTaipei:16628,NewTaipei:16628:157676:0:d407f67478987c11,871,NewTaipei,121.45018339,25.198271402,NewTaipei:geo01,0.7,0.7,0,10,1
geometry:route_type:B1,NewTaipei:16629,NewTaipei:16629:157677:0:1c0787656573655b,873,NewTaipei,121.446284953,25.2045523968,NewTaipei:geo01,0.9,0.7,0.2,10,1
geometry:route_type:B1,NewTaipei:16630,NewTaipei:16630:157678:0:e383fd8a4d876144,868,NewTaipei,121.465482505,25.1662500551,NewTaipei:geo01,0.4,0.6,-0.2,10,1
geometry:route_type:B1,NewTaipei:16632,NewTaipei:16632:157680:0:327e339361d52744,藍23,NewTaipei,121.626463106,25.0613124096,NewTaipei:geo06,0.5,0.5,0,10,1
geometry:route_type:B1,NewTaipei:16633,NewTaipei:16633:157681:0:7fd0f5b8dbec38f9,919,NewTaipei,121.610346041,25.0578966084,NewTaipei:geo06,0.9,0.3,0.6,10,1
geometry:route_type:B1,NewTaipei:16635,NewTaipei:16635:157696:0:531ccaacac177562,939,NewTaipei,121.475978861,24.9806055615,NewTaipei:geo03,0.5,0.4,0.1,10,1
geometry:route_type:B1,NewTaipei:16637,NewTaipei:16637:157697:0:2e97e91e9eefc753,780,NewTaipei,121.818827608,25.0203709549,NewTaipei:geo07,0.2,0.2,0,10,1
geometry:route_type:B1,NewTaipei:16641,NewTaipei:16641:160828:1:4602761d9337e375,788,NewTaipei,121.80919838,25.1178179965,NewTaipei:geo07,0.7,0.7,0,10,1
geometry:route_type:B1,NewTaipei:16642,NewTaipei:16642:159633:1:0688c606159b3911,787,NewTaipei,121.751282741,25.1119974603,NewTaipei:geo07,0.6,0.6,0,10,1
geometry:route_type:B1,NewTaipei:16643,NewTaipei:16643:157703:0:1e1e2bb99b45e99f,782,NewTaipei,121.835743012,25.0295640803,NewTaipei:geo07,0.2,0.2,0,10,1
geometry:route_type:B1,NewTaipei:16644,NewTaipei:16644:157704:0:bfe78e3607e2ae54,781,NewTaipei,121.835738124,25.0295716732,NewTaipei:geo07,0.2,0.2,0,10,1
geometry:route_type:B1,NewTaipei:16651,NewTaipei:16651:157715:0:c09364d267453b3f,864,NewTaipei,121.472095998,25.1759096591,NewTaipei:geo01,0.7,0.4,0.3,10,1
geometry:route_type:B1,NewTaipei:16655,NewTaipei:16655:157719:0:3581a6a9aed4b192,937,NewTaipei,121.421923058,25.0709613055,NewTaipei:geo02,0.5,0.6,-0.1,10,1
geometry:route_type:B1,NewTaipei:16656,NewTaipei:16656:157720:0:df5a9673fae9dfec,839耕莘,NewTaipei,121.520092903,24.9582394877,NewTaipei:geo03,0.2,0.2,0,10,1
geometry:route_type:B1,NewTaipei:16659,NewTaipei:16659:157722:1:581f90de23ead74d,880,NewTaipei,121.436191851,25.0882205403,NewTaipei:geo02,0.9,0.8,0.1,10,1
geometry:route_type:B1,NewTaipei:16660,NewTaipei:16660:157724:0:d82e6d61eb02ec3e,883,NewTaipei,121.441953882,25.1100246336,NewTaipei:geo02,0.9,0.9,0,10,1
geometry:route_type:B1,NewTaipei:16662,NewTaipei:16662:157726:0:9aa389c233f1823d,948,NewTaipei,121.411286937,25.0516732038,NewTaipei:geo02,0.7,0.6,0.1,10,1
geometry:route_type:B1,NewTaipei:16663,NewTaipei:16663:157727:0:762bcb3e7cba5cb2,藍43,NewTaipei,121.410912293,24.9610138514,NewTaipei:geo00,0.1,0.1,0,10,1
geometry:route_type:B1,NewTaipei:16664,NewTaipei:16664:157728:0:82ad3ebaafb51407,921,NewTaipei,121.426740225,24.9645773523,NewTaipei:geo00,0.7,0.4,0.3,10,1
geometry:route_type:B1,NewTaipei:16665,NewTaipei:16665:159314:0:1d8e96b6e917150a,851,NewTaipei,121.360395145,24.9463654993,NewTaipei:geo00,0.3,0.3,0,10,1
geometry:route_type:B1,NewTaipei:16666,NewTaipei:16666:157730:0:4043146ac86fd5d4,852,NewTaipei,121.402123519,24.9701159343,NewTaipei:geo00,0.8,0.7,0.1,10,1
geometry:route_type:B1,NewTaipei:16667,NewTaipei:16667:157731:0:b8823b28245210f4,橘12,NewTaipei,121.490029152,25.0713125783,NewTaipei:geo02,0.1,0,0.1,10,2
geometry:route_type:B1,NewTaipei:16668,NewTaipei:16668:157732:0:74061fd843288009,橘13,NewTaipei,121.462377301,25.0837161315,NewTaipei:geo02,0.6,0.4,0.2,10,1
geometry:route_type:B1,NewTaipei:16669,NewTaipei:16669:157733:1:2ae02149074757e5,橘20,NewTaipei,121.445019258,25.1065033232,NewTaipei:geo02,0.3,0,0.3,10,1
geometry:route_type:B1,NewTaipei:16670,NewTaipei:16670:157734:0:500a7b1dfe52c5a9,810,NewTaipei,121.443695263,25.0159988195,NewTaipei:geo02,0.7,0.8,-0.1,10,1
geometry:route_type:B1,NewTaipei:16671,NewTaipei:16671:157735:0:861fc85709d1cb24,紅27,NewTaipei,121.443922818,25.1728088987,NewTaipei:geo01,0.5,0.6,-0.1,10,1
geometry:route_type:B1,NewTaipei:16672,NewTaipei:16672:157736:0:b988d57e2e4a031e,938,NewTaipei,121.468105042,25.0571124404,NewTaipei:geo02,0.8,1,-0.2,10,1
geometry:route_type:B1,NewTaipei:16673,NewTaipei:16673:157737:0:29c7ee60a8715743,紅13,NewTaipei,121.428948567,25.1442578286,NewTaipei:geo01,0.1,0.1,0,10,1
geometry:route_type:B1,NewTaipei:16674,NewTaipei:16674:161278:1:f570a18a1339c391,紅22,NewTaipei,121.430609714,25.1441139728,NewTaipei:geo01,0.1,0.1,0,10,1
geometry:route_type:B1,NewTaipei:16675,NewTaipei:16675:157739:0:2f3ace3bca9b6089,863,NewTaipei,121.537569345,25.2509921439,NewTaipei:geo04,0.7,0.1,0.6,10,1
geometry:route_type:B1,NewTaipei:16676,NewTaipei:16676:159479:1:3824a57140c32891,F923,NewTaipei,121.687943009,25.1942391239,NewTaipei:geo05,0.5,0.6,-0.1,10,1
geometry:route_type:B1,NewTaipei:16677,NewTaipei:16677:159565:0:881a57893d4491ba,F921,NewTaipei,121.650319782,25.1815456217,NewTaipei:geo05,0.7,0.8,-0.1,10,1
geometry:route_type:B1,NewTaipei:16678,NewTaipei:16678:159472:1:f58af0e2ade761df,F921假日,NewTaipei,121.65002749,25.1836981147,NewTaipei:geo05,0.9,0.8,0.1,10,1
geometry:route_type:B1,NewTaipei:16679,NewTaipei:16679:159484:1:94a92a383ecdcb5e,F923假日,NewTaipei,121.688028785,25.193357251,NewTaipei:geo05,0.5,0.6,-0.1,10,1
geometry:route_type:B1,NewTaipei:16681,NewTaipei:16681:159635:1:029e2622b2640953,787經瑞芳工業區,NewTaipei,121.753318127,25.1111714214,NewTaipei:geo07,0.6,0.6,0,10,1
geometry:route_type:B1,NewTaipei:16682,NewTaipei:16682:157746:0:ea327882749676b4,791,NewTaipei,121.848205043,25.1075315573,NewTaipei:geo07,0.8,0.5,0.3,10,1
geometry:route_type:B1,NewTaipei:16685,NewTaipei:16685:157770:0:365180b7a6627e3e,657延,NewTaipei,121.465739441,25.0060269204,NewTaipei:geo03,0.6,0.4,0.2,10,1
geometry:route_type:B1,NewTaipei:16686,NewTaipei:16686:157771:0:a50052c96f566aaa,橘26,NewTaipei,121.415772547,25.0066734632,NewTaipei:geo00,0,0,0,10,1
geometry:route_type:B1,NewTaipei:16688,NewTaipei:16688:157773:0:4213cf3a365c4c86,983,NewTaipei,121.45428659,25.1608290638,NewTaipei:geo01,0.6,0.4,0.2,10,1
geometry:route_type:B1,NewTaipei:16689,NewTaipei:16689:157774:0:d2c0d988b567a316,793,NewTaipei,121.499067287,24.998634814,NewTaipei:geo03,0.7,0.6,0.1,10,1
geometry:route_type:B1,NewTaipei:16691,NewTaipei:16691:157776:0:efa6cfba4fdaee10,796,NewTaipei,121.539609429,24.9900168943,NewTaipei:geo03,0.4,0.3,0.1,10,1
geometry:route_type:B1,NewTaipei:16692,NewTaipei:16692:157777:0:7723b2af621f5e9a,783,NewTaipei,121.456629059,25.0552336009,NewTaipei:geo02,1,0.8,0.2,10,1
geometry:route_type:B1,NewTaipei:16693,NewTaipei:16693:157778:0:dda030d7227d4164,785,NewTaipei,121.466973839,25.0893111643,NewTaipei:geo02,0.7,0.1,0.6,10,1
geometry:route_type:B1,NewTaipei:16694,NewTaipei:16694:157779:0:77931a3aa5c2278b,786,NewTaipei,121.414616362,25.0546808986,NewTaipei:geo02,0.7,0.5,0.2,10,1
geometry:route_type:B1,NewTaipei:16695,NewTaipei:16695:157780:0:216260aa3f91dc55,821,NewTaipei,121.47245182,25.1743117263,NewTaipei:geo01,0.7,0.4,0.3,10,1
geometry:route_type:B1,NewTaipei:16697,NewTaipei:16697:160487:1:5d055b5a767a824d,847區,NewTaipei,121.432873511,24.9802998381,NewTaipei:geo00,0.6,0.5,0.1,10,1
geometry:route_type:B1,NewTaipei:16710,NewTaipei:16710:157802:0:5e2a3798186b6bc4,867區,NewTaipei,121.483194475,25.2415939878,NewTaipei:geo04,0.7,0.4,0.3,10,1
geometry:route_type:B1,NewTaipei:16715,NewTaipei:16715:157812:0:ad00b789c343b807,紅28直,NewTaipei,121.448406333,25.1712412606,NewTaipei:geo01,0.5,0.5,0,10,1
geometry:route_type:B1,NewTaipei:16717,NewTaipei:16717:157814:0:740254164781cf25,895,NewTaipei,121.513406775,24.9977117753,NewTaipei:geo03,0.5,0.6,-0.1,10,1
geometry:route_type:B1,NewTaipei:16719,NewTaipei:16719:157817:0:15c522bc9be02c02,795往木柵(台灣好行-木柵平溪線),NewTaipei,121.670188072,25.0126395066,NewTaipei:geo06,0.9,0.3,0.6,10,1
geometry:route_type:B1,NewTaipei:16726,NewTaipei:16726:159535:0:c70323a8b9423db0,941,NewTaipei,121.460425528,24.9673209454,NewTaipei:geo03,0.7,0.7,0,10,1
geometry:route_type:B1,NewTaipei:16728,NewTaipei:16728:157830:0:2bd5b6cfc09a2729,940,NewTaipei,121.406718943,24.9565513932,NewTaipei:geo00,0.6,0.5,0.1,10,1
geometry:route_type:B1,NewTaipei:16729,NewTaipei:16729:157831:0:6b34eb18b70b67e1,藍44延,NewTaipei,121.431906131,24.9736987232,NewTaipei:geo00,0.3,0.1,0.2,10,1
geometry:route_type:B1,NewTaipei:16730,NewTaipei:16730:157832:0:d188877f20221c67,822,NewTaipei,121.409177428,25.0856120407,NewTaipei:geo02,0.7,0.6,0.1,10,1
geometry:route_type:B1,NewTaipei:16731,NewTaipei:16731:157836:0:d7ebe14cadb593a4,817,NewTaipei,121.627669469,25.0619166309,NewTaipei:geo06,0.6,0.3,0.3,10,1
geometry:route_type:B1,NewTaipei:16732,NewTaipei:16732:157837:0:819c9b4cf90dea55,紅23,NewTaipei,121.44613954,25.1673863171,NewTaipei:geo01,0.3,0.5,-0.2,10,1
geometry:route_type:B1,NewTaipei:16733,NewTaipei:16733:157838:0:c28e6655bf0d1c6d,890,NewTaipei,121.649148121,25.0817660166,NewTaipei:geo06,0.4,0.6,-0.2,10,1
geometry:route_type:B1,NewTaipei:16734,NewTaipei:16734:157839:0:4e0656b89ca7b7ef,846,NewTaipei,121.787404452,25.0757928054,NewTaipei:geo07,0.3,0.2,0.1,10,1
geometry:route_type:B1,NewTaipei:16735,NewTaipei:16735:157840:0:a38faf1f17bfcbcc,藍41,NewTaipei,121.475942418,24.9903419475,NewTaipei:geo03,0.2,0.1,0.1,10,1
geometry:route_type:B1,NewTaipei:16739,NewTaipei:16739:157844:0:a1fcefec2b339e59,789,NewTaipei,121.698656447,25.1525327062,NewTaipei:geo05,0.3,0.3,0,10,1
geometry:route_type:B1,NewTaipei:16740,NewTaipei:16740:157845:0:e2a89f06ccbd79b6,790,NewTaipei,121.684767663,25.1782213332,NewTaipei:geo05,0.3,0.3,0,10,1
geometry:route_type:B1,NewTaipei:16748,NewTaipei:16748:157858:0:cbb943d886f7c161,橘18福隆路,NewTaipei,121.482103368,25.0835036047,NewTaipei:geo02,0.3,0.2,0.1,10,1
geometry:route_type:B1,NewTaipei:16752,NewTaipei:16752:157867:0:bb8b9f777223f811,F101坪頂,NewTaipei,121.468903666,25.1649584529,NewTaipei:geo01,0.1,0.2,-0.1,10,1
geometry:route_type:B1,NewTaipei:16757,NewTaipei:16757:157872:0:5d19dd42a9fcf331,795往十分寮(台灣好行-木柵平溪線),NewTaipei,121.670127315,25.012665419,NewTaipei:geo06,0.9,0.3,0.6,10,1
geometry:route_type:B1,NewTaipei:16758,NewTaipei:16758:157873:0:b51eda0e8993fecb,795往平溪(台灣好行-木柵平溪線),NewTaipei,121.647288561,25.0076841671,NewTaipei:geo06,0.9,0.4,0.5,10,1
geometry:route_type:B1,NewTaipei:16759,NewTaipei:16759:157876:0:2525ece79a50541a,943,NewTaipei,121.484409634,24.9874171591,NewTaipei:geo03,0.6,0.3,0.3,10,1
geometry:route_type:B1,NewTaipei:16760,NewTaipei:16760:157887:0:68296c37b3d3951b,F101樹興,NewTaipei,121.470390641,25.166212614,NewTaipei:geo01,0.2,0.2,0,10,1
geometry:route_type:B1,NewTaipei:16761,NewTaipei:16761:162366:0:0ae1d8c5b3b20e52,F105,NewTaipei,121.464211446,25.2090981762,NewTaipei:geo01,0.3,0.3,0,10,1
geometry:route_type:B1,NewTaipei:16764,NewTaipei:16764:162374:0:98f6465d79745c01,F106,NewTaipei,121.451613501,25.2113861622,NewTaipei:geo01,0.3,0.3,0,10,1
geometry:route_type:B1,NewTaipei:16767,NewTaipei:16767:157894:0:869e1d6432a9cfbf,594,NewTaipei,121.448883246,25.1729575873,NewTaipei:geo01,0.2,0.3,-0.1,10,1
geometry:route_type:B1,NewTaipei:16768,NewTaipei:16768:158972:1:5a10b9afb1586c74,595,NewTaipei,121.438509421,25.1878272812,NewTaipei:geo01,0.3,0.4,-0.1,10,1
geometry:route_type:B1,NewTaipei:16772,NewTaipei:16772:157899:0:e012b5d340d834f8,593,NewTaipei,121.430417758,25.17768516,NewTaipei:geo01,0.5,0.4,0.1,10,1
geometry:route_type:B1,NewTaipei:16773,NewTaipei:16773:157900:0:a064c62cdc2d1ae4,F105反,NewTaipei,121.464909583,25.2094193533,NewTaipei:geo01,0.3,0.3,0,10,1
geometry:route_type:B1,NewTaipei:16774,NewTaipei:16774:162378:0:13579cf86fed6f91,F109,NewTaipei,121.453367335,25.1837474334,NewTaipei:geo01,0.2,0.1,0.1,10,1
geometry:route_type:B1,NewTaipei:16775,NewTaipei:16775:162332:1:157e7c49cc702c76,F102,NewTaipei,121.467647148,25.1879235845,NewTaipei:geo01,0.2,0.4,-0.2,10,1
geometry:route_type:B1,NewTaipei:16777,NewTaipei:16777:162361:0:2a96a200bf1ed7d8,F103,NewTaipei,121.475295494,25.1829826061,NewTaipei:geo01,0.4,0.6,-0.2,10,1
geometry:route_type:B1,NewTaipei:16778,NewTaipei:16778:157905:0:58716e1adde974f0,F135,NewTaipei,121.483574208,25.1914301252,NewTaipei:geo01,0.3,0.5,-0.2,10,1
geometry:route_type:B1,NewTaipei:16780,NewTaipei:16780:157907:0:7bf4e95f47abb548,F138新古庄,NewTaipei,121.502475818,25.2674282632,NewTaipei:geo04,1,0.7,0.3,10,1
geometry:route_type:B1,NewTaipei:16781,NewTaipei:16781:157908:0:e3a9235502e3ff49,F138內橫山,NewTaipei,121.523417572,25.2572948157,NewTaipei:geo04,0.9,0.7,0.2,10,1
geometry:route_type:B1,NewTaipei:16782,NewTaipei:16782:157909:0:96b2fa4195a27c11,F133平日,NewTaipei,121.510087317,25.227945283,NewTaipei:geo04,0.7,0.7,0,10,1
geometry:route_type:B1,NewTaipei:16784,NewTaipei:16784:157911:0:b6e9d576b265b475,F133末班,NewTaipei,121.514396474,25.236089792,NewTaipei:geo04,0.9,0.7,0.2,10,1
geometry:route_type:B1,NewTaipei:16785,NewTaipei:16785:157912:0:d7004e175bf5b9d5,F133假日,NewTaipei,121.509620814,25.2340060524,NewTaipei:geo04,0.8,0.6,0.2,10,1
geometry:route_type:B1,NewTaipei:16786,NewTaipei:16786:157913:0:db13ffe37d1759a3,F131,NewTaipei,121.496385115,25.2259933416,NewTaipei:geo04,0.7,0.6,0.1,10,1
geometry:route_type:B1,NewTaipei:16787,NewTaipei:16787:157914:0:4bb402aee32595d8,F132,NewTaipei,121.51979867,25.2373549868,NewTaipei:geo04,0.8,0.6,0.2,10,1
geometry:route_type:B1,NewTaipei:16788,NewTaipei:16788:157915:0:a1006d1f6d531caa,F136,NewTaipei,121.481951503,25.247098111,NewTaipei:geo04,0.6,0.6,0,10,1
geometry:route_type:B1,NewTaipei:16789,NewTaipei:16789:157916:0:5822bd90d5d793f6,F137,NewTaipei,121.484828169,25.1929047728,NewTaipei:geo01,0.1,0.5,-0.4,10,1
geometry:route_type:B1,NewTaipei:16790,NewTaipei:16790:157917:0:75083284b25fbc45,F139行經台2線,NewTaipei,121.459455853,25.220848708,NewTaipei:geo01,0,0.3,-0.3,10,1
geometry:route_type:B1,NewTaipei:16792,NewTaipei:16792:157919:0:32efe4952288f300,F121,NewTaipei,121.388146952,25.134698897,NewTaipei:geo01,0.8,1,-0.2,10,1
geometry:route_type:B1,NewTaipei:16793,NewTaipei:16793:157920:0:e9aa6683faeb81b9,F122,NewTaipei,121.400758571,25.1459958931,NewTaipei:geo01,0.7,0.7,0,10,1
geometry:route_type:B1,NewTaipei:16794,NewTaipei:16794:157921:0:6cbb9796f5c8ddbc,F123-0640,NewTaipei,121.424261763,25.1471699122,NewTaipei:geo01,0.5,0.5,0,10,1
geometry:route_type:B1,NewTaipei:16795,NewTaipei:16795:157922:0:d7e68d180f7051d1,F123-1205,NewTaipei,121.424208746,25.1471573192,NewTaipei:geo01,0.5,0.5,0,10,1
geometry:route_type:B1,NewTaipei:16796,NewTaipei:16796:157923:0:76e009d686747ebf,F123-1525,NewTaipei,121.420167943,25.1497713549,NewTaipei:geo01,0.6,0.5,0.1,10,1
geometry:route_type:B1,NewTaipei:16797,NewTaipei:16797:157924:0:ef4eaeb4e51d96e1,F123八療,NewTaipei,121.404103608,25.1440180258,NewTaipei:geo01,0.7,0.7,0,10,1
geometry:route_type:B1,NewTaipei:16800,NewTaipei:16800:157927:0:4b1c5fdc97deb4a4,F126,NewTaipei,121.390877209,25.1001118619,NewTaipei:geo02,0.8,0.7,0.1,10,1
geometry:route_type:B1,NewTaipei:16802,NewTaipei:16802:157929:0:dda97ee8d6d58b6e,F126江厝,NewTaipei,121.390342829,25.1024892756,NewTaipei:geo02,0.7,0.8,-0.1,10,1
geometry:route_type:B1,NewTaipei:16804,NewTaipei:16804:157931:0:61659919e941cd84,F151-0810,NewTaipei,121.566957435,25.2690625034,NewTaipei:geo04,1,1,0,10,1
geometry:route_type:B1,NewTaipei:16805,NewTaipei:16805:157932:0:802e3ddd530c9f33,F151-1605,NewTaipei,121.577853777,25.2724371932,NewTaipei:geo04,1,1,0,10,1
geometry:route_type:B1,NewTaipei:16806,NewTaipei:16806:157933:0:7c862272a30319f5,F151-1810,NewTaipei,121.567000175,25.2713095975,NewTaipei:geo04,1,1,0,10,1
geometry:route_type:B1,NewTaipei:16807,NewTaipei:16807:157934:0:eb65d17b8139755a,F151-0840、1705,NewTaipei,121.554779142,25.2838558719,NewTaipei:geo04,1,1,0,10,1
geometry:route_type:B1,NewTaipei:16808,NewTaipei:16808:157935:0:917ab8c81eac2d81,F153-0620,NewTaipei,121.59354709,25.2780823111,NewTaipei:geo04,1,1,0,10,1
geometry:route_type:B1,NewTaipei:16809,NewTaipei:16809:157936:0:7739bff548401857,F153-0945,NewTaipei,121.590678991,25.2783906788,NewTaipei:geo04,1,1,0,10,1
geometry:route_type:B1,NewTaipei:16810,NewTaipei:16810:157937:0:48d08160b2459ff1,F153-0830,NewTaipei,121.594311269,25.2750601791,NewTaipei:geo04,1,1,0,10,1
geometry:route_type:B1,NewTaipei:16811,NewTaipei:16811:157938:0:5427ba1977ca4f97,F153-1030,NewTaipei,121.591819892,25.275121405,NewTaipei:geo04,1,1,0,10,1
geometry:route_type:B1,NewTaipei:16812,NewTaipei:16812:157939:0:5b8cca45366dcaf7,F153-1605,NewTaipei,121.595489415,25.2759097816,NewTaipei:geo04,1,1,0,10,1
geometry:route_type:B1,NewTaipei:16813,NewTaipei:16813:157940:0:1a53733c166dd03c,F153-0730,NewTaipei,121.590074869,25.2755344786,NewTaipei:geo04,1,1,0,10,1
geometry:route_type:B1,NewTaipei:16814,NewTaipei:16814:157941:0:dbd85b1284ecaf27,F153-1730,NewTaipei,121.589042921,25.280042598,NewTaipei:geo04,1,1,0,10,1
geometry:route_type:B1,NewTaipei:16815,NewTaipei:16815:157942:0:19274243398bddcf,F151-0605,NewTaipei,121.576793332,25.275454554,NewTaipei:geo04,1,1,0,10,1
geometry:route_type:B1,NewTaipei:16816,NewTaipei:16816:157943:0:f2bb6793954e1f7a,F151-0620,NewTaipei,121.566252161,25.2642686788,NewTaipei:geo04,1,1,0,10,1
geometry:route_type:B1,NewTaipei:16817,NewTaipei:16817:157944:0:ef2e83fc0fb09bcb,F151-0730,NewTaipei,121.5776899,25.2711631765,NewTaipei:geo04,1,1,0,10,1
geometry:route_type:B1,NewTaipei:16818,NewTaipei:16818:157945:0:578c98da9368e632,F151-0930,NewTaipei,121.578134966,25.2749020597,NewTaipei:geo04,1,1,0,10,1
geometry:route_type:B1,NewTaipei:16819,NewTaipei:16819:157946:0:1053838f1c88c73a,F151-1010,NewTaipei,121.567376169,25.2679392358,NewTaipei:geo04,1,1,0,10,1
geometry:route_type:B1,NewTaipei:16820,NewTaipei:16820:157947:0:2144734dd9c1e49c,F151-1635,NewTaipei,121.567395534,25.2683538935,NewTaipei:geo04,1,1,0,10,1
geometry:route_type:B1,NewTaipei:16821,NewTaipei:16821:157948:0:85ba4d4ebc36d02f,F161,NewTaipei,121.49675751,25.2334336889,NewTaipei:geo04,0.2,0.6,-0.4,10,1
geometry:route_type:B1,NewTaipei:16823,NewTaipei:16823:157950:0:b505a704d6a9e092,F152-0600,NewTaipei,121.52784492,25.280301438,NewTaipei:geo04,1,1,0,10,1
geometry:route_type:B1,NewTaipei:16824,NewTaipei:16824:157951:0:ce28fd71049138d6,F152-0620、0745,NewTaipei,121.542372055,25.2821799949,NewTaipei:geo04,1,1,0,10,1
geometry:route_type:B1,NewTaipei:16825,NewTaipei:16825:157952:0:bf17e1206dcf0f95,F152-0635,NewTaipei,121.549668916,25.2747802302,NewTaipei:geo04,1,1,0,10,1
geometry:route_type:B1,NewTaipei:16826,NewTaipei:16826:157953:0:43afd2859cbdb8d7,F152-0700,NewTaipei,121.531719625,25.2793174765,NewTaipei:geo04,1,1,0,10,1
geometry:route_type:B1,NewTaipei:16827,NewTaipei:16827:157954:0:eb3bbee1875b4545,F152-0810,NewTaipei,121.553971786,25.2655633652,NewTaipei:geo04,1,1,0,10,1
geometry:route_type:B1,NewTaipei:16828,NewTaipei:16828:157955:0:3203713ff82e9f5e,F152-0845,NewTaipei,121.54027004,25.284544445,NewTaipei:geo04,1,1,0,10,1
geometry:route_type:B1,NewTaipei:16829,NewTaipei:16829:157956:0:7078452b11585265,F152-0925,NewTaipei,121.54461881,25.2835127148,NewTaipei:geo04,1,1,0,10,1
geometry:route_type:B1,NewTaipei:16830,NewTaipei:16830:157957:0:3bc211666bd6c6af,F152-1545,NewTaipei,121.533366658,25.282455104,NewTaipei:geo04,1,1,0,10,1
geometry:route_type:B1,NewTaipei:16831,NewTaipei:16831:157958:0:e4ac4bb3d7062aa7,F152-1655,NewTaipei,121.553663366,25.2628689199,NewTaipei:geo04,1,1,0,10,1
geometry:route_type:B1,NewTaipei:16832,NewTaipei:16832:157959:0:32a7314d9faafe83,F152-1720,NewTaipei,121.528834352,25.2808263226,NewTaipei:geo04,1,1,0,10,1
geometry:route_type:B1,NewTaipei:16834,NewTaipei:16834:157961:0:e6a24aa1ee8c4e1e,F152-1800,NewTaipei,121.5511106,25.2786592017,NewTaipei:geo04,1,1,0,10,1
geometry:route_type:B1,NewTaipei:16835,NewTaipei:16835:157962:0:fe07b1483d9b9151,F201,NewTaipei,121.42946755,25.0271076523,NewTaipei:geo02,0.2,0.1,0.1,10,1
geometry:route_type:B1,NewTaipei:16837,NewTaipei:16837:157964:0:40d4aca4e15e59f4,F202,NewTaipei,121.456197582,25.0492952562,NewTaipei:geo02,0.2,0.1,0.1,10,1
geometry:route_type:B1,NewTaipei:16838,NewTaipei:16838:157965:0:bf0bb09ced5823c3,F217,NewTaipei,121.403940008,25.0595232891,NewTaipei:geo02,0.2,0.3,-0.1,10,1
geometry:route_type:B1,NewTaipei:16839,NewTaipei:16839:157966:0:b8cbd021276b0fcf,F218,NewTaipei,121.437450407,25.0482019774,NewTaipei:geo02,0.6,0.5,0.1,10,1
geometry:route_type:B1,NewTaipei:16840,NewTaipei:16840:157967:0:b2144e2ef95d0cfa,F211,NewTaipei,121.426589561,25.0458051537,NewTaipei:geo02,0.8,0.6,0.2,10,1
geometry:route_type:B1,NewTaipei:16841,NewTaipei:16841:157968:0:42272aa1b65fb109,F212,NewTaipei,121.430552759,25.0624526296,NewTaipei:geo02,0.6,0.6,0,10,1
geometry:route_type:B1,NewTaipei:16842,NewTaipei:16842:157969:0:ad6dc2acdc9fc669,F212楓江,NewTaipei,121.432144638,25.0628080011,NewTaipei:geo02,0.6,0.6,0,10,1
geometry:route_type:B1,NewTaipei:16843,NewTaipei:16843:157970:0:4fd271fe8733bfa1,F213,NewTaipei,121.412034005,25.0609866432,NewTaipei:geo02,0.7,0.4,0.3,10,1
geometry:route_type:B1,NewTaipei:16844,NewTaipei:16844:157971:0:899b26b3bff32e56,F213黎明,NewTaipei,121.41250959,25.061063843,NewTaipei:geo02,0.6,0.4,0.2,10,1
geometry:route_type:B1,NewTaipei:16845,NewTaipei:16845:157972:0:7f5b80fe17652518,578,NewTaipei,121.464963297,25.0573091476,NewTaipei:geo02,0.8,0.9,-0.1,10,1
geometry:route_type:B1,NewTaipei:16847,NewTaipei:16847:157974:0:1b12b26b395a06ec,579,NewTaipei,121.460455575,25.0557538238,NewTaipei:geo02,0.8,0.8,0,10,1
geometry:route_type:B1,NewTaipei:16849,NewTaipei:16849:157976:0:e8ee3a3bf2504e79,580,NewTaipei,121.447197138,25.0999274441,NewTaipei:geo02,0.7,0.8,-0.1,10,1
geometry:route_type:B1,NewTaipei:16851,NewTaipei:16851:157978:1:634b558eec492a94,581,NewTaipei,121.443200114,25.0904816828,NewTaipei:geo02,0.5,0.7,-0.2,10,1
geometry:route_type:B1,NewTaipei:16855,NewTaipei:16855:157982:0:7a493045e71d8106,582,NewTaipei,121.469690967,25.0608654501,NewTaipei:geo02,0.8,1,-0.2,10,1
geometry:route_type:B1,NewTaipei:16861,NewTaipei:16861:157988:0:efdbbb4db740ada8,F233,NewTaipei,121.393995713,25.0771892801,NewTaipei:geo02,0.8,0.5,0.3,10,1
geometry:route_type:B1,NewTaipei:16863,NewTaipei:16863:158986:1:107974d88e2650c6,F235,NewTaipei,121.373492141,25.1080328043,NewTaipei:geo02,0.9,0.9,0,10,1
geometry:route_type:B1,NewTaipei:16865,NewTaipei:16865:157992:0:7062e3f57bf813fd,F236,NewTaipei,121.348735611,25.1087908086,NewTaipei:geo02,0.6,0.7,-0.1,10,1
geometry:route_type:B1,NewTaipei:16867,NewTaipei:16867:157994:0:4fd06778a5489f3c,F237,NewTaipei,121.338336869,25.0942317753,NewTaipei:geo02,0.6,0.6,0,10,1
geometry:route_type:B1,NewTaipei:16869,NewTaipei:16869:157996:0:2c5d4ed03eab2799,F238,NewTaipei,121.347213004,25.0879776344,NewTaipei:geo02,0.6,0.8,-0.2,10,1
geometry:route_type:B1,NewTaipei:16871,NewTaipei:16871:157998:0:6c251dbd9c77e552,F239,NewTaipei,121.351814934,25.0955451174,NewTaipei:geo02,0.6,0.8,-0.2,10,1
geometry:route_type:B1,NewTaipei:16873,NewTaipei:16873:158000:0:ff5c6a48eeafc5c9,F250,NewTaipei,121.380475694,25.0913476922,NewTaipei:geo02,0.7,0.7,0,10,1
geometry:route_type:B1,NewTaipei:16876,NewTaipei:16876:158003:0:d8fa702ace0a7047,F302,NewTaipei,121.495029626,25.0725279874,NewTaipei:geo02,0.2,0,0.2,10,1
geometry:route_type:B1,NewTaipei:16877,NewTaipei:16877:158004:0:da3aa3ef79abfb53,F303,NewTaipei,121.485747165,25.0737116492,NewTaipei:geo02,0.2,0.1,0.1,10,1
geometry:route_type:B1,NewTaipei:16878,NewTaipei:16878:158993:0:3d30c9b0c4747cdd,F312,NewTaipei,121.470819742,25.089658742,NewTaipei:geo02,0.3,0.2,0.1,10,1
geometry:route_type:B1,NewTaipei:16887,NewTaipei:16887:158014:0:66a1a0b835ca33f2,F317,NewTaipei,121.510776454,25.1004255431,NewTaipei:geo02,0.2,0,0.2,10,1
geometry:route_type:B1,NewTaipei:16890,NewTaipei:16890:158017:0:718334cc931a34fb,F512,NewTaipei,121.478769325,24.9997911726,NewTaipei:geo03,0.3,0.1,0.2,10,1
geometry:route_type:B1,NewTaipei:16891,NewTaipei:16891:158018:0:53552622beeb8d45,F513,NewTaipei,121.503875617,24.9944018971,NewTaipei:geo03,0.2,0.1,0.1,10,1
geometry:route_type:B1,NewTaipei:16892,NewTaipei:16892:158019:0:a30a628020c01841,F521,NewTaipei,121.508056369,25.012144086,NewTaipei:geo03,0.6,0.2,0.4,10,1
geometry:route_type:B1,NewTaipei:16893,NewTaipei:16893:158020:0:55a5714382e95b39,F522,NewTaipei,121.523267837,25.0075720802,NewTaipei:geo03,0.4,0.2,0.2,10,1
geometry:route_type:B1,NewTaipei:16894,NewTaipei:16894:158021:0:0f240f0ef52cb8ed,F523,NewTaipei,121.506652821,25.0062990593,NewTaipei:geo03,0.6,0.3,0.3,10,1
geometry:route_type:B1,NewTaipei:16895,NewTaipei:16895:158022:0:34c66b6416d7e1ab,F525,NewTaipei,121.518990641,25.0000120897,NewTaipei:geo03,0.4,0.2,0.2,10,1
geometry:route_type:B1,NewTaipei:16896,NewTaipei:16896:158023:0:b7f2663532a12208,F526,NewTaipei,121.52056593,25.0018232505,NewTaipei:geo03,0.4,0.2,0.2,10,1
geometry:route_type:B1,NewTaipei:16897,NewTaipei:16897:158024:0:f257f012e606908a,570,NewTaipei,121.454505947,24.968398934,NewTaipei:geo00,0.6,0.7,-0.1,10,1
geometry:route_type:B1,NewTaipei:16898,NewTaipei:16898:158025:0:719323739f0f0e1d,571,NewTaipei,121.429205253,24.9536993421,NewTaipei:geo00,0.2,0.4,-0.2,10,1
geometry:route_type:B1,NewTaipei:16899,NewTaipei:16899:158026:0:6aaca3c066ba9bf6,572,NewTaipei,121.452643608,24.9753422831,NewTaipei:geo00,0.4,0.6,-0.2,10,1
geometry:route_type:B1,NewTaipei:16900,NewTaipei:16900:158027:0:75bdb578e34981ab,573,NewTaipei,121.446007064,24.9765741505,NewTaipei:geo00,0.6,0.5,0.1,10,1
geometry:route_type:B1,NewTaipei:16901,NewTaipei:16901:158028:0:3915abd476786d38,574,NewTaipei,121.444719283,24.9755170155,NewTaipei:geo00,0.5,0.6,-0.1,10,1
geometry:route_type:B1,NewTaipei:16902,NewTaipei:16902:158029:0:fd6c9a4073ed6ef5,575,NewTaipei,121.443900989,24.9586632177,NewTaipei:geo00,0.6,0.7,-0.1,10,1
geometry:route_type:B1,NewTaipei:16903,NewTaipei:16903:158030:0:2401588f436c752a,F611,NewTaipei,121.387325922,25.0033439274,NewTaipei:geo00,0.3,0.4,-0.1,10,1
geometry:route_type:B1,NewTaipei:16906,NewTaipei:16906:158033:0:f304686e5cffb99d,F623,NewTaipei,121.358164819,24.9228926482,NewTaipei:geo00,0.6,0.5,0.1,10,1
geometry:route_type:B1,NewTaipei:16907,NewTaipei:16907:158034:0:bd74a30718e6ffa2,F625,NewTaipei,121.3631729,24.9181107762,NewTaipei:geo00,0.6,0.6,0,10,1
geometry:route_type:B1,NewTaipei:16908,NewTaipei:16908:158035:0:be26383ef7f0626f,F626,NewTaipei,121.406192332,24.9245718578,NewTaipei:geo00,0.5,0.5,0,10,1
geometry:route_type:B1,NewTaipei:16909,NewTaipei:16909:158036:0:2de4eb60157503cd,F627,NewTaipei,121.369464219,24.8925511244,NewTaipei:geo00,0.5,0.6,-0.1,10,1
geometry:route_type:B1,NewTaipei:16910,NewTaipei:16910:158037:0:82e0024f362ec085,F628,NewTaipei,121.373512086,24.9089440769,NewTaipei:geo00,0.6,0.6,0,10,1
geometry:route_type:B1,NewTaipei:16912,NewTaipei:16912:158039:0:640f2ab940b7225d,F629,NewTaipei,121.424616874,24.9271638022,NewTaipei:geo00,0.5,0.4,0.1,10,1
geometry:route_type:B1,NewTaipei:16914,NewTaipei:16914:158041:0:d1d0c7ec704a3750,F630,NewTaipei,121.356247878,24.9908768428,NewTaipei:geo00,0.8,0.9,-0.1,10,1
geometry:route_type:B1,NewTaipei:16919,NewTaipei:16919:158046:0:4f0e7b07603248c8,F651,NewTaipei,121.34895003,24.9481014468,NewTaipei:geo00,0.6,0.7,-0.1,10,1
geometry:route_type:B1,NewTaipei:16920,NewTaipei:16920:159000:0:e8ed25499774f250,F652,NewTaipei,121.355924215,24.9463817047,NewTaipei:geo00,0.6,0.7,-0.1,10,1
geometry:route_type:B1,NewTaipei:16922,NewTaipei:16922:158049:0:7a9cf8e08edc84e8,F653A,NewTaipei,121.343126485,24.9673750817,NewTaipei:geo00,0.6,0.7,-0.1,10,1
geometry:route_type:B1,NewTaipei:16923,NewTaipei:16923:158050:0:3964d78195e2efc7,F653B,NewTaipei,121.343326331,24.9672447658,NewTaipei:geo00,0.6,0.7,-0.1,10,1
geometry:route_type:B1,NewTaipei:16924,NewTaipei:16924:158051:0:06a1b902852ba334,F655,NewTaipei,121.353864087,25.0056729594,NewTaipei:geo00,0.8,0.9,-0.1,10,1
geometry:route_type:B1,NewTaipei:16926,NewTaipei:16926:158053:0:257893e7019bee0f,F656,NewTaipei,121.338439243,24.9606026087,NewTaipei:geo00,0.7,0.7,0,10,1
geometry:route_type:B1,NewTaipei:16929,NewTaipei:16929:158056:0:ceff046b35873601,F703前三班,NewTaipei,121.488781869,24.9493537167,NewTaipei:geo03,0.7,0.7,0,10,1
geometry:route_type:B1,NewTaipei:16930,NewTaipei:16930:159897:0:2f42933f6e9c75bb,592,NewTaipei,121.548524128,24.974132451,NewTaipei:geo03,0.1,0,0.1,10,1
geometry:route_type:B1,NewTaipei:16937,NewTaipei:16937:158064:0:d036e3ad0fa9e44b,F711,NewTaipei,121.628380049,25.0099559641,NewTaipei:geo06,0.3,0.3,0,10,1
geometry:route_type:B1,NewTaipei:16939,NewTaipei:16939:158066:0:5d90eb53115ea6a5,F713,NewTaipei,121.609268355,25.0057481969,NewTaipei:geo06,0.4,0.3,0.1,10,1
geometry:route_type:B1,NewTaipei:16940,NewTaipei:16940:158067:0:74d2c0156a52aa36,F712,NewTaipei,121.613851151,24.9906532697,NewTaipei:geo06,0.4,0.4,0,10,1
geometry:route_type:B1,NewTaipei:16941,NewTaipei:16941:160557:0:2107e6c5f45c5ff1,F721,NewTaipei,121.726736586,24.9524498924,NewTaipei:geo06,0.7,0.6,0.1,10,1
geometry:route_type:B1,NewTaipei:16942,NewTaipei:16942:158069:0:df0179f77e46f0d5,F722,NewTaipei,121.685034986,24.9175886371,NewTaipei:geo06,0.7,0.6,0.1,10,1
geometry:route_type:B1,NewTaipei:16943,NewTaipei:16943:158070:0:e2690bfa3b6f22b1,F723,NewTaipei,121.686520328,24.9138564825,NewTaipei:geo06,0.7,0.7,0,10,1
geometry:route_type:B1,NewTaipei:16944,NewTaipei:16944:158071:0:17e3199d5d3cf027,F801,NewTaipei,121.777554458,25.1041858574,NewTaipei:geo07,0.5,0.3,0.2,10,1
geometry:route_type:B1,NewTaipei:16946,NewTaipei:16946:158073:0:ffbb32ac0f9d417f,F802,NewTaipei,121.844365485,25.1108685565,NewTaipei:geo07,0.3,0.4,-0.1,10,1
geometry:route_type:B1,NewTaipei:16948,NewTaipei:16948:158075:0:b0a9e1d8de876a4e,F803,NewTaipei,121.782900354,25.1025111722,NewTaipei:geo07,0.5,0.3,0.2,10,1
geometry:route_type:B1,NewTaipei:16950,NewTaipei:16950:158077:0:3f8838602ae55485,F805,NewTaipei,121.851587499,25.1214851348,NewTaipei:geo07,0.2,0.4,-0.2,10,1
geometry:route_type:B1,NewTaipei:16952,NewTaipei:16952:158079:0:c2e85696371e2644,F806,NewTaipei,121.817359708,25.1220266094,NewTaipei:geo07,0.4,0.2,0.2,10,1
geometry:route_type:B1,NewTaipei:16954,NewTaipei:16954:158081:0:e3331e881f81e4ec,F807上午線,NewTaipei,121.810299096,25.1065210823,NewTaipei:geo07,0.5,0.3,0.2,10,1
geometry:route_type:B1,NewTaipei:16955,NewTaipei:16955:158082:0:b29733f3bd1f1809,F807下午線,NewTaipei,121.81368424,25.106081182,NewTaipei:geo07,0.5,0.3,0.2,10,1
geometry:route_type:B1,NewTaipei:16956,NewTaipei:16956:158083:0:1b1ca9a0b78648aa,F808,NewTaipei,121.822224497,25.0944381512,NewTaipei:geo07,0.4,0.4,0,10,1
geometry:route_type:B1,NewTaipei:16958,NewTaipei:16958:158085:0:a2f3e948c42399ff,F811,NewTaipei,121.888039927,25.0420085774,NewTaipei:geo07,1,0.9,0.1,10,1
geometry:route_type:B1,NewTaipei:16960,NewTaipei:16960:158087:0:1e019c8b5bd41f70,F815,NewTaipei,121.836198795,24.9784966686,NewTaipei:geo07,0.7,0.7,0,10,1
geometry:route_type:B1,NewTaipei:16962,NewTaipei:16962:158089:0:a3d4615d3e98c8e2,F821,NewTaipei,121.767352862,25.0380174705,NewTaipei:geo07,0.6,0.6,0,10,1
geometry:route_type:B1,NewTaipei:16963,NewTaipei:16963:158090:0:90f0a3145f68b501,F822,NewTaipei,121.74869367,25.0192466892,NewTaipei:geo06,0.6,0.7,-0.1,10,1
geometry:route_type:B1,NewTaipei:16964,NewTaipei:16964:158091:0:76d8753b9eba055f,F823,NewTaipei,121.825313358,25.0261560638,NewTaipei:geo07,0.7,0.7,0,10,1
geometry:route_type:B1,NewTaipei:16969,NewTaipei:16969:158096:0:a475715dbf14ed9f,F835,NewTaipei,121.921959536,25.026937417,NewTaipei:geo07,1,0.9,0.1,10,1
geometry:route_type:B1,NewTaipei:16970,NewTaipei:16970:158097:0:fc14064eaaaa9d0b,F836,NewTaipei,121.961386681,25.0182175576,NewTaipei:geo07,0.7,0.9,-0.2,10,1
geometry:route_type:B1,NewTaipei:16971,NewTaipei:16971:158098:0:769c1ea3d8038698,F837,NewTaipei,121.920372665,25.0639431625,NewTaipei:geo07,0.6,0.9,-0.3,10,1
geometry:route_type:B1,NewTaipei:16972,NewTaipei:16972:159231:0:c05ea797be35c58e,貢寮區學生專車,NewTaipei,121.919694927,25.0669054557,NewTaipei:geo07,0.8,0.9,-0.1,10,1
geometry:route_type:B1,NewTaipei:16973,NewTaipei:16973:158100:0:f759e30287e2f9b5,F838,NewTaipei,121.917536121,25.0433848481,NewTaipei:geo07,1,0.9,0.1,10,1
geometry:route_type:B1,NewTaipei:16974,NewTaipei:16974:158101:0:c253a9c4f3544d98,F839,NewTaipei,121.91396925,25.0642863547,NewTaipei:geo07,0.8,0.9,-0.1,10,1
geometry:route_type:B1,NewTaipei:16975,NewTaipei:16975:159272:1:d3d14c3275493559,F922烏塗炭,NewTaipei,121.650562079,25.1628373039,NewTaipei:geo05,0.6,0.5,0.1,10,1
geometry:route_type:B1,NewTaipei:16976,NewTaipei:16976:158103:0:b60786f1c7b6a732,F922內崁,NewTaipei,121.645142739,25.1605733791,NewTaipei:geo05,0.6,0.5,0.1,10,1
geometry:route_type:B1,NewTaipei:16977,NewTaipei:16977:158104:0:0ff44ccbf0f81c2b,F933-0620學生專車,NewTaipei,121.612717997,25.218217649,NewTaipei:geo05,1,1,0,10,1
geometry:route_type:B1,NewTaipei:16978,NewTaipei:16978:158105:0:46245ae5f9b2d920,F933-0800,NewTaipei,121.627117838,25.2167014591,NewTaipei:geo05,1,1,0,10,1
geometry:route_type:B1,NewTaipei:16979,NewTaipei:16979:158106:0:ed2b276e43243e85,F933-0710,NewTaipei,121.640748871,25.2237512558,NewTaipei:geo05,1,1,0,10,1
geometry:route_type:B1,NewTaipei:16980,NewTaipei:16980:158107:0:8bb43b3d9b334df2,F931-0600,NewTaipei,121.612398759,25.2308717515,NewTaipei:geo05,1,1,0,10,1
geometry:route_type:B1,NewTaipei:16981,NewTaipei:16981:158108:0:6287c8483134470e,F931-0700,NewTaipei,121.614204325,25.2274490164,NewTaipei:geo05,1,1,0,10,1
geometry:route_type:B1,NewTaipei:16982,NewTaipei:16982:158109:0:109b7de8ebe80a68,F931-0800,NewTaipei,121.616659727,25.2218087533,NewTaipei:geo05,1,1,0,10,1
geometry:route_type:B1,NewTaipei:16983,NewTaipei:16983:158110:0:a47bccf3e89ed851,F931-0910,NewTaipei,121.628627326,25.2439564552,NewTaipei:geo05,1,1,0,10,1
geometry:route_type:B1,NewTaipei:16984,NewTaipei:16984:158111:0:00c0125b089fa6b2,F931-1030,NewTaipei,121.612001489,25.2284806913,NewTaipei:geo05,1,1,0,10,1
geometry:route_type:B1,NewTaipei:16985,NewTaipei:16985:158112:0:c7a1b1bed48106e2,F931-1255,NewTaipei,121.611587608,25.2299278531,NewTaipei:geo05,1,1,0,10,1
geometry:route_type:B1,NewTaipei:16986,NewTaipei:16986:158113:0:a58d0d0c64e49408,F931-1630,NewTaipei,121.610922521,25.2295587313,NewTaipei:geo05,1,1,0,10,1
geometry:route_type:B1,NewTaipei:16987,NewTaipei:16987:158114:0:6ce52d99898811c4,F931-1730,NewTaipei,121.610986552,25.2258327797,NewTaipei:geo05,1,1,0,10,1
geometry:route_type:B1,NewTaipei:16988,NewTaipei:16988:158115:0:cad58b89b46a6ed9,F901,NewTaipei,121.626872291,25.0415655654,NewTaipei:geo06,0,0.1,-0.1,10,1
geometry:route_type:B1,NewTaipei:16990,NewTaipei:16990:158117:0:d7d962765083ea09,F902,NewTaipei,121.658306153,25.0605967201,NewTaipei:geo06,0.6,0.6,0,10,1
geometry:route_type:B1,NewTaipei:16993,NewTaipei:16993:158120:0:10700f1f7cd45386,F903,NewTaipei,121.658271123,25.0445610983,NewTaipei:geo06,0.6,0.4,0.2,10,1
geometry:route_type:B1,NewTaipei:16995,NewTaipei:16995:158122:0:183c97e66a5f54c8,F905,NewTaipei,121.688657178,25.0651187104,NewTaipei:geo06,0.7,0.6,0.1,10,1
geometry:route_type:B1,NewTaipei:16997,NewTaipei:16997:159015:0:1b103e7f3feb4394,586,NewTaipei,121.665695968,25.0732497868,NewTaipei:geo06,0.1,0.4,-0.3,10,1
geometry:route_type:B1,NewTaipei:16999,NewTaipei:16999:158126:0:dd3b262e344eccb0,F907,NewTaipei,121.662458232,25.0746174279,NewTaipei:geo06,0.6,0.3,0.3,10,1
geometry:route_type:B1,NewTaipei:17001,NewTaipei:17001:158128:1:b228eec7aea34a38,587,NewTaipei,121.647765317,25.0859092814,NewTaipei:geo06,0.4,0.5,-0.1,10,1
geometry:route_type:B1,NewTaipei:17003,NewTaipei:17003:158130:0:f6ab93754447105d,F919八連,NewTaipei,121.631473368,25.0979933404,NewTaipei:geo06,0.5,0.2,0.3,10,1
geometry:route_type:B1,NewTaipei:17005,NewTaipei:17005:158132:0:e2a479abb74012f0,F910,NewTaipei,121.625862076,25.108304811,NewTaipei:geo06,0.5,0.1,0.4,10,1
geometry:route_type:B1,NewTaipei:17007,NewTaipei:17007:158134:0:10c938caada7ae16,F911,NewTaipei,121.661947386,25.0598792216,NewTaipei:geo06,0.6,0.6,0,10,1
geometry:route_type:B1,NewTaipei:17009,NewTaipei:17009:158136:0:2b69506f1f31ff77,589,NewTaipei,121.661422836,25.0667461582,NewTaipei:geo06,0.6,0.4,0.2,10,1
geometry:route_type:B1,NewTaipei:17013,NewTaipei:17013:158140:0:a88b01c5e64bf47a,F915,NewTaipei,121.645446865,25.0644545747,NewTaipei:geo06,0.2,0.4,-0.2,10,1
geometry:route_type:B1,NewTaipei:17015,NewTaipei:17015:158142:0:950277e9ef250b03,677副,NewTaipei,121.62018952,25.0736802056,NewTaipei:geo06,0.4,0.6,-0.2,10,1
geometry:route_type:B1,NewTaipei:17016,NewTaipei:17016:158143:0:2d12308191578cb5,590,NewTaipei,121.626403803,25.0691714422,NewTaipei:geo06,0.2,0.6,-0.4,10,1
geometry:route_type:B1,NewTaipei:17017,NewTaipei:17017:158144:0:25141757b272793c,591,NewTaipei,121.618720782,25.0653678369,NewTaipei:geo06,0.2,0.3,-0.1,10,1
geometry:route_type:B1,NewTaipei:17292,NewTaipei:17292:158421:0:13623d0f7a12e819,945,NewTaipei,121.437290996,25.0699762698,NewTaipei:geo02,0.6,0.5,0.1,10,1
geometry:route_type:B1,NewTaipei:17293,NewTaipei:17293:158422:0:57f592d41cdefa17,946,NewTaipei,121.446121472,25.0717041041,NewTaipei:geo02,0.5,0.6,-0.1,10,1
geometry:route_type:B1,NewTaipei:17294,NewTaipei:17294:158423:0:9f9e65c77e1cc770,946副,NewTaipei,121.449289646,25.0712229105,NewTaipei:geo02,0.5,0.5,0,10,1
geometry:route_type:B1,NewTaipei:17300,NewTaipei:17300:158429:0:4be629c1cce8e07a,624,NewTaipei,121.50952758,24.99397615,NewTaipei:geo03,0.8,0.7,0.1,10,1
geometry:route_type:B1,NewTaipei:17304,NewTaipei:17304:158433:0:c9c01b53c9aaae44,985萬大樹林先導公車,NewTaipei,121.447778895,25.0027873695,NewTaipei:geo00,0.5,0.6,-0.1,10,1
geometry:route_type:B1,NewTaipei:17311,NewTaipei:17311:158451:0:33805d9bab3359fb,藍41延和,NewTaipei,121.475522696,24.990366715,NewTaipei:geo03,0.2,0.1,0.1,10,1
geometry:route_type:B1,NewTaipei:17332,NewTaipei:17332:158474:0:e251a907d4a29baf,藍21副,NewTaipei,121.625793775,25.0605267557,NewTaipei:geo06,0.5,0.4,0.1,10,1
geometry:route_type:B1,NewTaipei:17360,NewTaipei:17360:158507:0:10c209f0208dafa4,藍1,NewTaipei,121.485089358,25.0708807706,NewTaipei:geo02,0,0,0,10,1
geometry:route_type:B1,NewTaipei:17391,NewTaipei:17391:158545:0:6d664904e19d0939,F932-0600,NewTaipei,121.619018025,25.220395034,NewTaipei:geo05,1,1,0,10,1
geometry:route_type:B1,NewTaipei:17392,NewTaipei:17392:158546:0:f6ea4ffcb8cd5526,F932-1630,NewTaipei,121.630345061,25.246618507,NewTaipei:geo05,1,1,0,10,1
geometry:route_type:B1,NewTaipei:17393,NewTaipei:17393:158547:0:bb13e7c5a3164177,F932-0820,NewTaipei,121.613909273,25.228163384,NewTaipei:geo05,1,1,0,10,1
geometry:route_type:B1,NewTaipei:17394,NewTaipei:17394:158548:0:7dd65fe9511831c7,F932-0950,NewTaipei,121.615725165,25.2267141226,NewTaipei:geo05,1,1,0,10,1
geometry:route_type:B1,NewTaipei:17395,NewTaipei:17395:158549:0:95caf61b2be8a3e3,F932-1110,NewTaipei,121.626190202,25.2404188152,NewTaipei:geo05,1,1,0,10,1
geometry:route_type:B1,NewTaipei:17433,NewTaipei:17433:158588:0:2be9ce1ad1a9d25b,F920,NewTaipei,121.706157885,25.0518932073,NewTaipei:geo06,0.4,0.6,-0.2,10,1
geometry:route_type:B1,NewTaipei:17465,NewTaipei:17465:158621:0:243ff2222a06787b,F932-0630,NewTaipei,121.630252631,25.2471255143,NewTaipei:geo05,1,1,0,10,1
geometry:route_type:B1,NewTaipei:17466,NewTaipei:17466:158622:0:0c31f2db121e0858,棕7綠野香坡,NewTaipei,121.537920174,24.9829822326,NewTaipei:geo03,0.2,0.2,0,10,1
geometry:route_type:B1,NewTaipei:17479,NewTaipei:17479:158635:0:4791b6d7f3b48fb7,290副萬和,NewTaipei,121.53767515,24.9914095889,NewTaipei:geo03,0.3,0.4,-0.1,10,1
geometry:route_type:B1,NewTaipei:17482,NewTaipei:17482:158638:0:fef3ca232c133507,666皇帝殿,NewTaipei,121.60525221,24.9981386148,NewTaipei:geo06,0.9,0.7,0.2,10,1
geometry:route_type:B1,NewTaipei:17483,NewTaipei:17483:158639:0:84e1c285e5b04f89,666烏塗窟,NewTaipei,121.605885873,24.9974792743,NewTaipei:geo06,0.9,0.7,0.2,10,1
geometry:route_type:B1,NewTaipei:17500,NewTaipei:17500:158663:0:f4890e1d3a72d885,790漁港,NewTaipei,121.685816601,25.1788161008,NewTaipei:geo05,0.3,0.3,0,10,1
geometry:route_type:B1,NewTaipei:17501,NewTaipei:17501:158664:0:5707de8c2e4de411,788海科館,NewTaipei,121.797523075,25.1231782636,NewTaipei:geo07,0.7,0.5,0.2,10,1
geometry:route_type:B1,NewTaipei:17513,NewTaipei:17513:158679:0:de9cc03e7cbd8d6b,583,NewTaipei,121.452023847,25.1013784588,NewTaipei:geo02,0.6,0.6,0,10,1
geometry:route_type:B1,NewTaipei:17515,NewTaipei:17515:158683:0:9ddb1089494cc688,778,NewTaipei,121.377750879,24.919548904,NewTaipei:geo00,0.2,0.1,0.1,10,1
geometry:route_type:B1,NewTaipei:17516,NewTaipei:17516:158684:0:f6de001f685de448,藍18,NewTaipei,121.467072292,25.0271545396,NewTaipei:geo02,0,0.3,-0.3,10,1
geometry:route_type:B1,NewTaipei:17517,NewTaipei:17517:158685:0:428f2c2a8856e970,99,NewTaipei,121.451169404,25.0268788894,NewTaipei:geo02,0.8,0.8,0,10,1
geometry:route_type:B1,NewTaipei:17518,NewTaipei:17518:158686:0:38d0a14694f1227b,845,NewTaipei,121.4434211,25.0305058444,NewTaipei:geo02,0.5,0.7,-0.2,10,1
geometry:route_type:B1,NewTaipei:17519,NewTaipei:17519:158687:0:77c366a5f25d1e57,916,NewTaipei,121.392988492,24.949307608,NewTaipei:geo00,0.5,0.4,0.1,10,1
geometry:route_type:B1,NewTaipei:17523,NewTaipei:17523:158691:0:4aa538b1f234a280,806,NewTaipei,121.469372681,25.0415597484,NewTaipei:geo02,0.8,0.8,0,10,1
geometry:route_type:B1,NewTaipei:17524,NewTaipei:17524:158692:0:2652ea16c1235b68,805,NewTaipei,121.448015445,25.0318353319,NewTaipei:geo02,0.8,0.8,0,10,1
geometry:route_type:B1,NewTaipei:17525,NewTaipei:17525:158693:0:18ceac0bf4365c89,823,NewTaipei,121.634067939,25.056020152,NewTaipei:geo06,0.3,0.4,-0.1,10,1
geometry:route_type:B1,NewTaipei:17526,NewTaipei:17526:159276:0:0f5f9d8b02bb906e,813,NewTaipei,121.455379454,25.0301398653,NewTaipei:geo02,0.7,0.7,0,10,1
geometry:route_type:B1,NewTaipei:17527,NewTaipei:17527:158695:0:33a099285d0a55a6,813區,NewTaipei,121.46023159,25.0240642073,NewTaipei:geo02,0.8,0.7,0.1,10,1
geometry:route_type:B1,NewTaipei:17528,NewTaipei:17528:158696:0:6f4f6850f3b5d35c,862,NewTaipei,121.592766751,25.2224443351,NewTaipei:geo05,0.7,0,0.7,10,1
geometry:route_type:B1,NewTaipei:17530,NewTaipei:17530:159900:1:7938113a526a07c5,716(台灣好行-皇冠北海岸線),NewTaipei,121.553023644,25.2457848293,NewTaipei:geo04,0.7,0.1,0.6,10,1
geometry:route_type:B1,NewTaipei:17532,NewTaipei:17532:159687:0:fb73d03c50f84294,918,NewTaipei,121.484667673,25.0160262057,NewTaipei:geo03,0.8,1,-0.2,10,1
geometry:route_type:B1,NewTaipei:17534,NewTaipei:17534:158702:0:f15f99db774971a1,933,NewTaipei,121.507345555,25.0159544241,NewTaipei:geo03,0.8,0.7,0.1,10,1
geometry:route_type:B1,NewTaipei:17536,NewTaipei:17536:158704:0:0bc278af6296b2a9,927,NewTaipei,121.436740469,25.1131505515,NewTaipei:geo02,0.8,0.9,-0.1,10,1
geometry:route_type:B1,NewTaipei:17537,NewTaipei:17537:158705:0:8730d86237e92815,928,NewTaipei,121.432913084,25.1197925355,NewTaipei:geo02,0.7,0.8,-0.1,10,1
geometry:route_type:B1,NewTaipei:17545,NewTaipei:17545:158713:0:8220e01eda29e4ee,927經台北港,NewTaipei,121.432780862,25.1163947057,NewTaipei:geo02,0.8,0.9,-0.1,10,1
geometry:route_type:B1,NewTaipei:17548,NewTaipei:17548:158717:0:34a215b6bafd738d,951,NewTaipei,121.593591315,25.0151719325,NewTaipei:geo06,0.6,0.4,0.2,10,1
geometry:route_type:B1,NewTaipei:17557,NewTaipei:17557:158727:0:e7ef2024d9080e9d,897,NewTaipei,121.50099021,24.9919996448,NewTaipei:geo03,0.5,0.6,-0.1,10,1
geometry:route_type:B1,NewTaipei:17559,NewTaipei:17559:158729:0:fdf575851b77e5c7,F212副,NewTaipei,121.436567058,25.0591366568,NewTaipei:geo02,0.6,0.4,0.2,10,1
geometry:route_type:B1,NewTaipei:17565,NewTaipei:17565:158735:0:6371556761f5aba7,F812,NewTaipei,121.832848743,25.030179315,NewTaipei:geo07,0.7,0.7,0,10,1
geometry:route_type:B1,NewTaipei:17567,NewTaipei:17567:158737:0:c93a8685846303ac,F813,NewTaipei,121.849291544,25.0731707848,NewTaipei:geo07,0.4,0.5,-0.1,10,1
geometry:route_type:B1,NewTaipei:17568,NewTaipei:17568:158738:0:5bee3a6d4cccc307,F913,NewTaipei,121.643163261,25.0700971475,NewTaipei:geo06,0.4,0.2,0.2,10,1
geometry:route_type:B1,NewTaipei:17570,NewTaipei:17570:158740:0:8054f2bac7235b4a,947,NewTaipei,121.453961209,25.1124589089,NewTaipei:geo02,0.8,0.8,0,10,1
geometry:route_type:B1,NewTaipei:17575,NewTaipei:17575:158745:0:b90bb8cd359ddff5,953,NewTaipei,121.644665191,25.1186712793,NewTaipei:geo06,0.7,0.3,0.4,10,1
geometry:route_type:B1,NewTaipei:17576,NewTaipei:17576:158746:0:cd9a5ed27fc4ca4b,952,NewTaipei,121.379882985,25.0497754399,NewTaipei:geo02,0.8,0.7,0.1,10,1
geometry:route_type:B1,NewTaipei:17621,NewTaipei:17621:158793:0:f15950be37be2303,853跳蛙,NewTaipei,121.461319891,25.2171127499,NewTaipei:geo01,0.8,0.6,0.2,10,1
geometry:route_type:B1,NewTaipei:17623,NewTaipei:17623:158798:0:c00279a2ca9059e6,F723下石嘈,NewTaipei,121.708471974,24.920047475,NewTaipei:geo06,0.8,0.6,0.2,10,1
geometry:route_type:B1,NewTaipei:17624,NewTaipei:17624:158799:0:0360c4d10b4b3919,F703,NewTaipei,121.504159947,24.9534842685,NewTaipei:geo03,0.6,0.6,0,10,1
geometry:route_type:B1,NewTaipei:17625,NewTaipei:17625:158801:0:00c75f3a5d23efb6,898,NewTaipei,121.402261289,25.0556841563,NewTaipei:geo02,0.7,0.6,0.1,10,1
geometry:route_type:B1,NewTaipei:17631,NewTaipei:17631:158807:0:e8e9ad0d6a1979bc,F301,NewTaipei,121.479445503,25.0580075616,NewTaipei:geo02,0.4,0.3,0.1,10,1
geometry:route_type:B1,NewTaipei:17663,NewTaipei:17663:158839:0:31ed8483443ed42e,F205,NewTaipei,121.43139214,25.0475745709,NewTaipei:geo02,0.4,0.7,-0.3,10,1
geometry:route_type:B1,NewTaipei:17664,NewTaipei:17664:158840:0:6c72c9233bca7b49,F206,NewTaipei,121.414687018,25.0295097169,NewTaipei:geo02,0.3,0.4,-0.1,10,1
geometry:route_type:B1,NewTaipei:17665,NewTaipei:17665:158841:0:527903bb5b602e1b,F207,NewTaipei,121.406171504,25.0353614223,NewTaipei:geo02,0.4,0.5,-0.1,10,1
geometry:route_type:B1,NewTaipei:17668,NewTaipei:17668:158844:0:9a33b43fe3a4c372,982,NewTaipei,121.48064921,25.0212012015,NewTaipei:geo03,0.8,0.9,-0.1,10,1
geometry:route_type:B1,NewTaipei:17671,NewTaipei:17671:158849:0:b1e36960a1c34b28,林口-捷運圓山站,NewTaipei,121.427959377,25.070662407,NewTaipei:geo02,0.4,0.2,0.2,10,1
geometry:route_type:B1,NewTaipei:17672,NewTaipei:17672:158850:0:c7265d377259e73b,577,NewTaipei,121.465382228,25.0038267585,NewTaipei:geo03,0.5,0.4,0.1,10,1
geometry:route_type:B1,NewTaipei:17679,NewTaipei:17679:158858:0:432e4e5132cf539f,982區,NewTaipei,121.457319736,25.0508939301,NewTaipei:geo02,0.7,0.8,-0.1,10,1
geometry:route_type:B1,NewTaipei:17680,NewTaipei:17680:158859:0:f2363858c44c4db6,982直達,NewTaipei,121.487918922,25.0125675282,NewTaipei:geo03,0.7,0.9,-0.2,10,1
geometry:route_type:B1,NewTaipei:17682,NewTaipei:17682:158861:1:44f017557a30ecdd,596,NewTaipei,121.440867471,24.9962847832,NewTaipei:geo00,0.4,0.6,-0.2,10,1
geometry:route_type:B1,NewTaipei:17683,NewTaipei:17683:158862:0:06db35b677373666,585,NewTaipei,121.449201762,25.002797034,NewTaipei:geo00,0.5,0.6,-0.1,10,1
geometry:route_type:B1,NewTaipei:17687,NewTaipei:17687:158865:0:ae32325f06bbefd8,982直達新埔線,NewTaipei,121.458101404,25.0445104031,NewTaipei:geo02,0.7,0.8,-0.1,10,1
geometry:route_type:B1,NewTaipei:17689,NewTaipei:17689:158867:0:a19ccf0224c365b0,三峽-捷運永寧站,NewTaipei,121.394113515,24.9503167884,NewTaipei:geo00,0.2,0.3,-0.1,10,1
geometry:route_type:B1,NewTaipei:17692,NewTaipei:17692:158874:0:e342ebda014ef410,791繞貢寮,NewTaipei,121.853446873,25.0992200091,NewTaipei:geo07,0.7,0.6,0.1,10,1
geometry:route_type:B1,NewTaipei:17693,NewTaipei:17693:158875:0:22ba71cbc8dd8329,F815嶺頭觀目,NewTaipei,121.841480993,24.9878984198,NewTaipei:geo07,0.7,0.7,0,10,1
geometry:route_type:B1,NewTaipei:17694,NewTaipei:17694:158876:0:b2c8fe8efe50e006,F139行經101線,NewTaipei,121.488701169,25.2072493998,NewTaipei:geo01,0.4,0.5,-0.1,10,1
geometry:route_type:B1,NewTaipei:17696,NewTaipei:17696:158879:0:eb2eed50a34f393e,849屈尺社區,NewTaipei,121.541905427,24.9496959806,NewTaipei:geo03,0.3,0.1,0.2,10,1
geometry:route_type:B1,NewTaipei:17699,NewTaipei:17699:158882:0:1885063ccaa2afa1,F823區,NewTaipei,121.859862228,25.0257003555,NewTaipei:geo07,0.7,0.7,0,10,1
geometry:route_type:B1,NewTaipei:17700,NewTaipei:17700:158883:0:38d77dd08993e448,藍43延南天母,NewTaipei,121.419096028,24.9601969159,NewTaipei:geo00,0.1,0.1,0,10,1
geometry:route_type:B1,NewTaipei:17706,NewTaipei:17706:158889:0:721b4bdd8be1937b,897區,NewTaipei,121.513934988,24.9774744564,NewTaipei:geo03,0.6,0.5,0.1,10,1
geometry:route_type:B1,NewTaipei:17711,NewTaipei:17711:158894:0:f5424ccc2414baf1,三峽-捷運台大醫院站,NewTaipei,121.433230481,24.982331325,NewTaipei:geo00,0.3,0.1,0.2,10,1
geometry:route_type:B1,NewTaipei:17714,NewTaipei:17714:158897:0:53080a47acfe150f,F657,NewTaipei,121.348560207,24.9991472485,NewTaipei:geo00,0.8,0.9,-0.1,10,1
geometry:route_type:B1,NewTaipei:17717,NewTaipei:17717:158900:0:a558560032960c4a,932繞國家教育研究院,NewTaipei,121.409564959,24.963785278,NewTaipei:geo00,0.6,0.5,0.1,10,1
geometry:route_type:B1,NewTaipei:17718,NewTaipei:17718:158901:0:078a76699f0b23be,791經貢寮區衛生,NewTaipei,121.84742755,25.1077501972,NewTaipei:geo07,0.8,0.6,0.2,10,1
geometry:route_type:B1,NewTaipei:17719,NewTaipei:17719:158902:0:7204b4af80012f21,786區,NewTaipei,121.407183385,25.0632097747,NewTaipei:geo02,0.7,0.6,0.1,10,1
geometry:route_type:B1,NewTaipei:17720,NewTaipei:17720:158908:0:a1a8bbbbfc4c88f7,939跳蛙,NewTaipei,121.483503828,24.9835462249,NewTaipei:geo03,0.5,0.4,0.1,10,1
geometry:route_type:B1,NewTaipei:17733,NewTaipei:17733:159036:0:c1128025af6801d2,F932-0715,NewTaipei,121.630278343,25.2474879403,NewTaipei:geo05,1,1,0,10,1
geometry:route_type:B1,NewTaipei:17775,NewTaipei:17775:159119:0:2ea87fc2055285f0,908延,NewTaipei,121.426923028,24.962989611,NewTaipei:geo00,0.6,0.4,0.2,10,1
geometry:route_type:B1,NewTaipei:17789,NewTaipei:17789:159134:0:50c89798391f3220,960,NewTaipei,121.448018047,25.0455266836,NewTaipei:geo02,0.6,0.7,-0.1,10,1
geometry:route_type:B1,NewTaipei:17790,NewTaipei:17790:159135:0:71f1be375705d87e,958,NewTaipei,121.464748145,25.061759139,NewTaipei:geo02,0.4,1,-0.6,10,1
geometry:route_type:B1,NewTaipei:17791,NewTaipei:17791:159136:0:98fc4a7862b1880a,959,NewTaipei,121.4622868,25.0582734365,NewTaipei:geo02,0.6,1,-0.4,10,1
geometry:route_type:B1,NewTaipei:17802,NewTaipei:17802:159147:0:6d9795d0c497560a,854,NewTaipei,121.369619743,25.0692134112,NewTaipei:geo02,0.3,0.4,-0.1,10,1
geometry:route_type:B1,NewTaipei:17806,NewTaipei:17806:159151:0:4c292ec1cde25656,899,NewTaipei,121.444793062,25.0779611336,NewTaipei:geo02,0.5,0.7,-0.2,10,1
geometry:route_type:B1,NewTaipei:17809,NewTaipei:17809:159154:0:efc554c16e2d8e79,F132經青山,NewTaipei,121.517479303,25.2372383112,NewTaipei:geo04,0.8,0.7,0.1,10,1
geometry:route_type:B1,NewTaipei:17811,NewTaipei:17811:159157:0:dfb4934ae81a122b,林口-內湖科技園區,NewTaipei,121.463854039,25.0710823064,NewTaipei:geo02,0.3,0.1,0.2,10,1
geometry:route_type:B1,NewTaipei:17812,NewTaipei:17812:159158:0:82eb47ae73609fd4,新店-汐止,NewTaipei,121.593336507,25.0135188546,NewTaipei:geo06,0,0.1,-0.1,10,1
geometry:route_type:B1,NewTaipei:17813,NewTaipei:17813:159159:0:32297df4a03adc6d,泰山-內湖,NewTaipei,121.507177753,25.0711528433,NewTaipei:geo02,0.6,0.2,0.4,10,1
geometry:route_type:B1,NewTaipei:17814,NewTaipei:17814:159162:0:8263b782427c8ad9,淡水-內湖科技園區,NewTaipei,121.489621746,25.1260790038,NewTaipei:geo01,0.1,0,0.1,10,1
geometry:route_type:B1,NewTaipei:17815,NewTaipei:17815:159163:0:3a88b4c17ce8da6c,淡水-國道1號-南港車站,NewTaipei,121.507063493,25.1118458677,NewTaipei:geo02,0.2,0.1,0.1,10,1
geometry:route_type:B1,NewTaipei:17824,NewTaipei:17824:159184:0:1cddea3f69e2dd41,886區,NewTaipei,121.83623154,25.120989318,NewTaipei:geo07,0.6,0.5,0.1,10,1
geometry:route_type:B1,NewTaipei:17832,NewTaipei:17832:159205:0:0d325780dfbe2a4f,直潭里線,NewTaipei,121.533906296,24.9463108281,NewTaipei:geo03,0.3,0.3,0,10,1
geometry:route_type:B1,NewTaipei:17835,NewTaipei:17835:159209:0:bfe9bc09bb439e9e,林口-板橋,NewTaipei,121.41763074,25.0576182514,NewTaipei:geo02,0.2,0.4,-0.2,10,1
geometry:route_type:B1,NewTaipei:17836,NewTaipei:17836:159279:0:5e68ea57a4a74dd3,F933-0635,NewTaipei,121.620646163,25.2242642813,NewTaipei:geo05,1,1,0,10,1
geometry:route_type:B1,NewTaipei:17837,NewTaipei:17837:159280:0:909306b2e9773a2e,F933-0920,NewTaipei,121.62715258,25.2167084571,NewTaipei:geo05,1,1,0,10,1
geometry:route_type:B1,NewTaipei:17838,NewTaipei:17838:159212:0:8fbb0f95701772f8,894,NewTaipei,121.436645446,25.1857955434,NewTaipei:geo01,0.2,0.4,-0.2,10,1
geometry:route_type:B1,NewTaipei:17839,NewTaipei:17839:159281:0:b26b3e56425c21f3,F933-1030,NewTaipei,121.633518656,25.2210127688,NewTaipei:geo05,1,1,0,10,1
geometry:route_type:B1,NewTaipei:17840,NewTaipei:17840:159282:0:1fcabbd55ad7279c,F933-1130,NewTaipei,121.642212519,25.2239024203,NewTaipei:geo05,1,1,0,10,1
geometry:route_type:B1,NewTaipei:17841,NewTaipei:17841:159283:0:995e38317c7b98d3,F933-1330,NewTaipei,121.634824856,25.2217757013,NewTaipei:geo05,1,1,0,10,1
geometry:route_type:B1,NewTaipei:17842,NewTaipei:17842:159284:0:043e542bdd96b2aa,F933-1430,NewTaipei,121.640993392,25.2239053817,NewTaipei:geo05,1,1,0,10,1
geometry:route_type:B1,NewTaipei:17843,NewTaipei:17843:159285:0:218ee4473f499bbe,F933-1530,NewTaipei,121.627156193,25.216718608,NewTaipei:geo05,1,1,0,10,1
geometry:route_type:B1,NewTaipei:17845,NewTaipei:17845:159218:0:ef1219db1e169af9,953區,NewTaipei,121.647778937,25.1220018383,NewTaipei:geo06,0.7,0.3,0.4,10,1
geometry:route_type:B1,NewTaipei:17846,NewTaipei:17846:159224:0:570ae77d0cd874df,鶯歌火車站-中正紀念堂,NewTaipei,121.431412852,24.9833011563,NewTaipei:geo00,0.2,0.2,0,10,1
geometry:route_type:B1,NewTaipei:17847,NewTaipei:17847:159225:0:3e559cd1f07679c9,鶯歌火車站-松山機場,NewTaipei,121.472094063,24.9861469625,NewTaipei:geo03,0.3,0.3,0,10,1
geometry:route_type:B1,NewTaipei:17865,NewTaipei:17865:159263:1:54735fb24ebbe4ab,789區,NewTaipei,121.702565756,25.1536019861,NewTaipei:geo05,0.6,0.3,0.3,10,1
geometry:route_type:B1,NewTaipei:17866,NewTaipei:17866:159267:0:838f474df83636d4,林口(文化三路)-捷運圓山站,NewTaipei,121.427910582,25.0718593313,NewTaipei:geo02,0.3,0.2,0.1,10,1
geometry:route_type:B1,NewTaipei:17868,NewTaipei:17868:159290:0:fe07f4ac065d4938,638副,NewTaipei,121.431670738,25.0658611709,NewTaipei:geo02,0.4,0.4,0,10,1
geometry:route_type:B1,NewTaipei:17871,NewTaipei:17871:159300:0:171c6348628c98a4,淡水新市鎮-板橋,NewTaipei,121.456859363,25.1125408894,NewTaipei:geo02,0,0,0,10,1
geometry:route_type:B1,NewTaipei:17873,NewTaipei:17873:159302:0:200e8c74ed2c1e45,新店高中-三峽,NewTaipei,121.434083086,24.9624767048,NewTaipei:geo00,0.3,0.2,0.1,10,1
geometry:route_type:B1,NewTaipei:17889,NewTaipei:17889:159341:0:33c1b1eee2bbaa32,824,NewTaipei,121.451932947,25.0044143483,NewTaipei:geo03,0.6,0.7,-0.1,10,1
geometry:route_type:B1,NewTaipei:17902,NewTaipei:17902:159358:0:20d9da6a8ca91858,瑞芳-松山車站(北客),NewTaipei,121.689805439,25.0846086927,NewTaipei:geo06,0.3,0.5,-0.2,10,1
geometry:route_type:B1,NewTaipei:17903,NewTaipei:17903:159362:0:b1cd4e44a710c2ad,瑞芳-松山車站(基客),NewTaipei,121.693616157,25.0864703704,NewTaipei:geo06,0.4,0.6,-0.2,10,1
geometry:route_type:B1,NewTaipei:17904,NewTaipei:17904:159360:0:1c66c01485e3ef0c,瑞芳-內科(北客),NewTaipei,121.677433257,25.0863647168,NewTaipei:geo06,0.2,0.1,0.1,10,1
geometry:route_type:B1,NewTaipei:17905,NewTaipei:17905:159364:0:97326239690f15b3,三峽-內科,NewTaipei,121.514086371,24.9933750175,NewTaipei:geo03,0,0,0,10,1
geometry:route_type:B1,NewTaipei:17911,NewTaipei:17911:159373:0:56c7b655bebfb11f,瑞芳-內科(基客),NewTaipei,121.685211735,25.0879085745,NewTaipei:geo06,0.2,0.1,0.1,10,1
geometry:route_type:B1,NewTaipei:17914,NewTaipei:17914:159486:1:d1b53c10e51de602,F512副,NewTaipei,121.500444236,24.9907575608,NewTaipei:geo03,0.2,0.1,0.1,10,1
geometry:route_type:B1,NewTaipei:17915,NewTaipei:17915:159385:0:57e6d61d7777a56d,汐止-台北101,NewTaipei,121.618372169,25.0583847194,NewTaipei:geo06,0,0,0,10,1
geometry:route_type:B1,NewTaipei:17916,NewTaipei:17916:159393:0:06b5e43df843dd27,963,NewTaipei,121.445035872,25.102001407,NewTaipei:geo02,0.9,0.9,0,10,1
geometry:route_type:B1,NewTaipei:17917,NewTaipei:17917:159387:0:d593b1d8556e66b8,五股-內湖科技園區,NewTaipei,121.507429527,25.075426268,NewTaipei:geo02,0.6,0.2,0.4,10,1
geometry:route_type:B1,NewTaipei:17918,NewTaipei:17918:159389:0:9e7f8b7b8ae1ce02,林口-臺北長庚醫院,NewTaipei,121.446246564,25.0691344521,NewTaipei:geo02,0.3,0.2,0.1,10,1
geometry:route_type:B1,NewTaipei:17919,NewTaipei:17919:159391:0:3cdd5ddb768e743f,捷運景安站-三峽臺北大學,NewTaipei,121.434926064,24.9668832334,NewTaipei:geo00,0.2,0.2,0,10,1
geometry:route_type:B1,NewTaipei:17922,NewTaipei:17922:159399:0:11d1daf1dcafde8d,捷運蘆洲站-內湖科技園區,NewTaipei,121.533900623,25.075130667,NewTaipei:geo02,0.5,0.3,0.2,10,1
geometry:route_type:B1,NewTaipei:17923,NewTaipei:17923:158016:1:ebee1259e791eab1,819副,NewTaipei,121.594012162,24.9961282742,NewTaipei:geo06,0.9,0.5,0.4,10,1
geometry:route_type:B1,NewTaipei:17930,NewTaipei:17930:159418:0:a6c0b07f5174429e,新店北新路-政大一街,NewTaipei,121.563547806,24.9821576601,NewTaipei:geo03,0.1,0.2,-0.1,10,1
geometry:route_type:B1,NewTaipei:17931,NewTaipei:17931:159420:0:c51756b32b1243b6,土城金城路-樹林大安路,NewTaipei,121.444607768,24.9917361247,NewTaipei:geo00,0.2,0.4,-0.2,10,1
geometry:route_type:B1,NewTaipei:17937,NewTaipei:17937:159432:0:467d70062fae2ea6,965(台灣好行-九份金瓜石線),NewTaipei,121.658843087,25.0750754329,NewTaipei:geo06,0.4,0.5,-0.1,10,1
geometry:route_type:B1,NewTaipei:17940,NewTaipei:17940:159437:0:1bfece61f595e753,棕7建業路,NewTaipei,121.536315969,24.9819355668,NewTaipei:geo03,0.2,0.2,0,10,1
geometry:route_type:B1,NewTaipei:17941,NewTaipei:17941:159440:0:2c13f35c3306dd69,湯泉-大坪林-湯泉,NewTaipei,121.530843341,24.9794289601,NewTaipei:geo03,0.3,0.3,0,10,1
geometry:route_type:B1,NewTaipei:17942,NewTaipei:17942:159439:0:48c01d2309cef4bc,939副,NewTaipei,121.466666899,24.9795434621,NewTaipei:geo03,0.5,0.4,0.1,10,1
geometry:route_type:B1,NewTaipei:17945,NewTaipei:17945:159443:0:6307a0eb98d82464,712,NewTaipei,121.425571347,25.0029182685,NewTaipei:geo00,0.4,0.6,-0.2,10,1
geometry:route_type:B1,NewTaipei:17948,NewTaipei:17948:159446:0:15aa7437368c804d,三峽-捷運府中站,NewTaipei,121.404988648,24.9579957381,NewTaipei:geo00,0.2,0.3,-0.1,10,1
geometry:route_type:B1,NewTaipei:17958,NewTaipei:17958:159495:0:94b4b180ce7b0382,藍海2線先導公車,NewTaipei,121.433159683,25.1846820193,NewTaipei:geo01,0,0,0,10,1
geometry:route_type:B1,NewTaipei:17961,NewTaipei:17961:159506:0:85e17c73404c88c1,樹林後火車站-海洋公園,NewTaipei,121.399028604,24.9693087435,NewTaipei:geo00,0.1,0.1,0,10,1
geometry:route_type:B1,NewTaipei:17962,NewTaipei:17962:159510:0:7a703fa7fe6674fb,三峽-臺北市信義區,NewTaipei,121.495197464,24.9765722117,NewTaipei:geo03,0.3,0.1,0.2,10,1
geometry:route_type:B1,NewTaipei:17963,NewTaipei:17963:159524:0:a498f41da55138c0,中和-新北板橋公車站,NewTaipei,121.467620308,25.0038087303,NewTaipei:geo03,0.1,0.1,0,10,1
geometry:route_type:B1,NewTaipei:17968,NewTaipei:17968:159544:0:cf74e3a6fb570234,蘆洲中正路-士林中正路,NewTaipei,121.494204962,25.0869696348,NewTaipei:geo02,0.2,0.1,0.1,10,1
geometry:route_type:B1,NewTaipei:17970,NewTaipei:17970:159547:0:7b5365db92135090,林口-捷運府中站,NewTaipei,121.421171839,25.061064219,NewTaipei:geo02,0.2,0.5,-0.3,10,1
geometry:route_type:B1,NewTaipei:17971,NewTaipei:17971:159548:0:7d578c3c3630ff74,837副,NewTaipei,121.458724616,25.1442745661,NewTaipei:geo01,0.5,0.5,0,10,1
geometry:route_type:B1,NewTaipei:17972,NewTaipei:17972:159549:0:ed7c15a2ffd566b9,837區,NewTaipei,121.458129728,25.1525417297,NewTaipei:geo01,0.6,0.5,0.1,10,1
geometry:route_type:B1,NewTaipei:17975,NewTaipei:17975:159558:0:a76097b52b946e33,石門-捷運紅樹林站,NewTaipei,121.48402816,25.2352905503,NewTaipei:geo04,0.2,0.4,-0.2,10,1
geometry:route_type:B1,NewTaipei:17977,NewTaipei:17977:159564:0:6ab521dbdf016959,台北小城-大坪林,NewTaipei,121.522318669,24.960801167,NewTaipei:geo03,0.2,0.1,0.1,10,1
geometry:route_type:B1,NewTaipei:17990,NewTaipei:17990:159582:0:f50ce547956ae227,F319,NewTaipei,121.464945591,25.0849139649,NewTaipei:geo02,0.3,0.2,0.1,10,1
geometry:route_type:B1,NewTaipei:17991,NewTaipei:17991:159583:0:cfa3688f876f17db,F320,NewTaipei,121.470346491,25.0845635898,NewTaipei:geo02,0.3,0.3,0,10,1
geometry:route_type:B1,NewTaipei:17992,NewTaipei:17992:159586:0:7c4a92cfae0d6ddc,三重-內科,NewTaipei,121.521322737,25.0843448062,NewTaipei:geo02,0,0.2,-0.2,10,1
geometry:route_type:B1,NewTaipei:17994,NewTaipei:17994:159589:0:8440477a27866b76,萬里-內湖科技園區,NewTaipei,121.666364267,25.1035354394,NewTaipei:geo06,0.1,0.3,-0.2,10,1
geometry:route_type:B1,NewTaipei:17996,NewTaipei:17996:159603:0:cbcb5cf8c132ade8,蘆洲-南港,NewTaipei,121.530063417,25.0741485624,NewTaipei:geo02,0.5,0.3,0.2,10,1
geometry:route_type:B1,NewTaipei:18014,NewTaipei:18014:159631:0:b18636e892d7f849,泰山-內湖(直達),NewTaipei,121.50833211,25.0714603264,NewTaipei:geo02,0.6,0.2,0.4,10,1
geometry:route_type:B1,NewTaipei:18017,NewTaipei:18017:159643:0:3a701e18aaad9282,湯泉-崇光中學,NewTaipei,121.531228755,24.9748690932,NewTaipei:geo03,0.3,0.2,0.1,10,1
geometry:route_type:B1,NewTaipei:18028,NewTaipei:18028:159649:0:e5ff4af9eec35c59,蘆洲-內湖,NewTaipei,121.536816841,25.0749844182,NewTaipei:geo02,0.5,0.2,0.3,10,1
geometry:route_type:B1,NewTaipei:18041,NewTaipei:18041:159674:0:d59aaee02226ad96,576,NewTaipei,121.530374312,24.9721699987,NewTaipei:geo03,0.2,0.1,0.1,10,1
geometry:route_type:B1,NewTaipei:18042,NewTaipei:18042:159683:0:cbb866e90572c13c,F724,NewTaipei,121.721605449,24.9392973037,NewTaipei:geo06,0.7,0.6,0.1,10,1
geometry:route_type:B1,NewTaipei:18052,NewTaipei:18052:159709:0:78e547517cf53c61,F922北基,NewTaipei,121.686041746,25.1770643909,NewTaipei:geo05,0.6,0.6,0,10,1
geometry:route_type:B1,NewTaipei:18054,NewTaipei:18054:159712:0:28d3b49950f64279,新店(綠中海)-捷運新店站,NewTaipei,121.510666184,24.9597470862,NewTaipei:geo03,0.3,0.4,-0.1,10,1
geometry:route_type:B1,NewTaipei:18068,NewTaipei:18068:159727:0:211351c8988eb505,F816,NewTaipei,121.810704808,25.0586987189,NewTaipei:geo07,0.5,0.5,0,10,1
geometry:route_type:B1,NewTaipei:18078,NewTaipei:18078:159728:0:aa8083c39b23f6b3,湯泉-十四張-大坪林,NewTaipei,121.531241115,24.9834466889,NewTaipei:geo03,0.3,0.3,0,10,1
geometry:route_type:B1,NewTaipei:18098,NewTaipei:18098:159757:0:7682f1ed0d09c3d0,788區,NewTaipei,121.775896287,25.1252762545,NewTaipei:geo07,0.5,0.5,0,10,1
geometry:route_type:B1,NewTaipei:18108,NewTaipei:18108:159767:1:3e873bb3c42b476c,F825,NewTaipei,121.745848089,25.0649192856,NewTaipei:geo07,0.4,0.7,-0.3,10,1
geometry:route_type:B1,NewTaipei:18118,NewTaipei:18118:159877:0:76a9c343581e717e,966,NewTaipei,121.429401253,25.0700420623,NewTaipei:geo02,0.7,0.7,0,10,1
geometry:route_type:B1,NewTaipei:18119,NewTaipei:18119:159907:0:66bb3c7105530e9c,967,NewTaipei,121.445808322,25.0633060093,NewTaipei:geo02,0.6,0.6,0,10,1
geometry:route_type:B1,NewTaipei:18128,NewTaipei:18128:159910:0:4a04f05f7fe19a45,967直,NewTaipei,121.455853704,25.0615496729,NewTaipei:geo02,0.6,0.9,-0.3,10,1
geometry:route_type:B1,NewTaipei:18148,NewTaipei:18148:159977:0:e46ac079f97cb4e8,582經工業區,NewTaipei,121.468858296,25.0619260144,NewTaipei:geo02,0.8,1,-0.2,10,1
geometry:route_type:B1,NewTaipei:18158,NewTaipei:18158:160007:0:7b331862eee2ca23,115平日,NewTaipei,121.420694921,25.1700439003,NewTaipei:geo01,0.6,0.5,0.1,10,1
geometry:route_type:B1,NewTaipei:18168,NewTaipei:18168:160017:0:c113d0b77335e707,蘆洲-中正高中,NewTaipei,121.486366827,25.0859030011,NewTaipei:geo02,0.3,0.4,-0.1,10,1
geometry:route_type:B1,NewTaipei:18208,NewTaipei:18208:160087:0:8df14044fea7567a,林口-臺北車站(承德),NewTaipei,121.438917526,25.0682261499,NewTaipei:geo02,0.2,0.2,0,10,1
geometry:route_type:B1,NewTaipei:18209,NewTaipei:18209:160088:0:43f625c58c3cf9eb,林口-捷運忠孝敦化站,NewTaipei,121.457512061,25.0680713539,NewTaipei:geo02,0.3,0.2,0.1,10,1
geometry:route_type:B1,NewTaipei:18248,NewTaipei:18248:160147:0:a7fc9a435a406160,捷運七張站-全球工業區,NewTaipei,121.547726595,24.9790808278,NewTaipei:geo03,0.2,0.2,0,10,1
geometry:route_type:B1,NewTaipei:18258,NewTaipei:18258:160167:0:5b12ceedce4510b4,712副,NewTaipei,121.427551108,24.9989944496,NewTaipei:geo00,0.4,0.6,-0.2,10,1
geometry:route_type:B1,NewTaipei:18268,NewTaipei:18268:160177:0:0bbca36e95184267,橘19副,NewTaipei,121.458708664,25.0900195842,NewTaipei:geo02,0.5,0.2,0.3,10,1
geometry:route_type:B1,NewTaipei:18288,NewTaipei:18288:160197:0:f9c6b2e0d2304dbd,中和自立路-新店,NewTaipei,121.529976669,24.9870421128,NewTaipei:geo03,0.4,0.2,0.2,10,1
geometry:route_type:B1,NewTaipei:18318,NewTaipei:18318:160228:0:b3968d699494f011,918區,NewTaipei,121.45033506,25.0437513823,NewTaipei:geo02,0.7,0.8,-0.1,10,1
geometry:route_type:B1,NewTaipei:18368,NewTaipei:18368:160288:0:2ce4e2427d781950,中和左岸社區-捷運頂溪站,NewTaipei,121.498805173,25.0097757402,NewTaipei:geo03,0.3,0.3,0,10,1
geometry:route_type:B1,NewTaipei:18478,NewTaipei:18478:160417:0:c4e2850d70e8da05,中和環河西路-永和仁愛路,NewTaipei,121.506834016,25.0112216241,NewTaipei:geo03,0.4,0.2,0.2,10,1
geometry:route_type:B1,NewTaipei:18518,NewTaipei:18518:160477:0:65a64ed0c3e94dc7,F626-0815,NewTaipei,121.406197024,24.9245712605,NewTaipei:geo00,0.5,0.5,0,10,1
geometry:route_type:B1,NewTaipei:18538,NewTaipei:18538:160507:0:4f254e96a6721c7a,捷運頂溪站-捷運頂埔站,NewTaipei,121.46864646,24.9869798293,NewTaipei:geo03,0.1,0.2,-0.1,10,1
geometry:route_type:B1,NewTaipei:18558,NewTaipei:18558:160527:0:2d4a5d8b9fab57e8,878區,NewTaipei,121.428699311,25.1445965576,NewTaipei:geo01,0.3,0.3,0,10,1
geometry:route_type:B1,NewTaipei:18568,NewTaipei:18568:160537:0:2ef8c17212eebedb,林口(文化北路)-捷運圓山站,NewTaipei,121.427101682,25.0697657412,NewTaipei:geo02,0.4,0.3,0.1,10,1
geometry:route_type:B1,NewTaipei:18728,NewTaipei:18728:160787:0:402ba7bc31098adf,937副,NewTaipei,121.442276949,25.0686915273,NewTaipei:geo02,0.5,0.7,-0.2,10,1
geometry:route_type:B1,NewTaipei:18729,NewTaipei:18729:160788:0:8bbfcf78dfc4b97e,920副,NewTaipei,121.427606043,25.0524851039,NewTaipei:geo02,0.7,0.2,0.5,10,1
geometry:route_type:B1,NewTaipei:18730,NewTaipei:18730:160789:0:ce83b8049b5ab724,966副,NewTaipei,121.44827895,25.0686328687,NewTaipei:geo02,0.6,0.6,0,10,1
geometry:route_type:B1,NewTaipei:18731,NewTaipei:18731:160793:0:96b5d1e3912f7b08,967副,NewTaipei,121.468292797,25.0663813529,NewTaipei:geo02,0.6,0.8,-0.2,10,1
geometry:route_type:B1,NewTaipei:18738,NewTaipei:18738:160797:0:54c18b4a66dd963d,760,NewTaipei,121.361709789,25.0738910966,NewTaipei:geo02,0.5,0.2,0.3,10,1
geometry:route_type:B1,NewTaipei:18758,NewTaipei:18758:160837:0:317f69520332f63d,936A,NewTaipei,121.426046913,25.0710083034,NewTaipei:geo02,0.5,0.7,-0.2,10,1
geometry:route_type:B1,NewTaipei:18760,NewTaipei:18760:160839:0:56dd2439f8bf8df4,966A,NewTaipei,121.431564742,25.0707547142,NewTaipei:geo02,0.7,0.6,0.1,10,1
geometry:route_type:B1,NewTaipei:18762,NewTaipei:18762:160841:0:06fd8a4f89cbf2f5,937A,NewTaipei,121.426102042,25.0714671215,NewTaipei:geo02,0.5,0.7,-0.2,10,1
geometry:route_type:B1,NewTaipei:18764,NewTaipei:18764:160843:0:f16a8df5de6c2176,920A,NewTaipei,121.413772607,25.0591256665,NewTaipei:geo02,0.7,0.5,0.2,10,1
geometry:route_type:B1,NewTaipei:18778,NewTaipei:18778:160870:1:485834d8a7d10ccc,土城-南天母廣場,NewTaipei,121.443526508,24.9599673475,NewTaipei:geo00,0,0.2,-0.2,10,1
geometry:route_type:B1,NewTaipei:18779,NewTaipei:18779:160857:0:6848c9c37c55637a,瑞芳-南港,NewTaipei,121.724936615,25.0984466298,NewTaipei:geo06,0.4,0.6,-0.2,10,1
geometry:route_type:B1,NewTaipei:18798,NewTaipei:18798:160907:0:30c66a424d96f96a,捷運中和站-政大附中,NewTaipei,121.543242237,24.9905662507,NewTaipei:geo03,0.2,0,0.2,10,1
geometry:route_type:B1,NewTaipei:18808,NewTaipei:18808:160917:0:afdfeb598e669dba,吉林線,NewTaipei,121.898278618,24.9982468999,NewTaipei:geo07,1,0.9,0.1,10,1
geometry:route_type:B1,NewTaipei:18809,NewTaipei:18809:160919:0:dbffbef3472a6432,龍崗線,NewTaipei,121.898297237,24.9983622352,NewTaipei:geo07,1,0.9,0.1,10,1
geometry:route_type:B1,NewTaipei:18888,NewTaipei:18888:161047:0:9b140653343306dd,政大附中-捷運景美站,NewTaipei,121.558203951,24.9828460312,NewTaipei:geo03,0.2,0.3,-0.1,10,1
geometry:route_type:B1,NewTaipei:19048,NewTaipei:19048:161347:0:ae3e91599658f915,597,NewTaipei,121.463909959,25.0669654355,NewTaipei:geo02,0.8,0.7,0.1,10,1
geometry:route_type:B1,NewTaipei:19068,NewTaipei:19068:161367:0:ade6086b5b682f87,紅53,NewTaipei,121.435479865,25.1844662046,NewTaipei:geo01,0.6,0.4,0.2,10,1
geometry:route_type:B1,NewTaipei:19078,NewTaipei:19078:161377:0:eaff60bdc51d9703,瑞芳(經東碇路)-松山車站,NewTaipei,121.699016797,25.0839665699,NewTaipei:geo06,0.3,0.7,-0.4,10,1
geometry:route_type:B1,NewTaipei:19088,NewTaipei:19088:161387:0:c6f08a75b0d6d69f,紅37行經海洋都心社區,NewTaipei,121.438576478,25.1867025067,NewTaipei:geo01,0.5,0.4,0.1,10,1
geometry:route_type:B1,NewTaipei:19148,NewTaipei:19148:161467:0:b5849a41a98d37f4,捷運新店站-坪林,NewTaipei,121.628109653,24.9871637288,NewTaipei:geo06,0,0.4,-0.4,10,1
geometry:route_type:B1,NewTaipei:19188,NewTaipei:19188:162504:0:b9fff4fc87ef06a6,安坑1線,NewTaipei,121.502777128,24.9459792081,NewTaipei:geo03,0.7,0.7,0,10,1
geometry:route_type:B1,NewTaipei:19189,NewTaipei:19189:161538:0:cb1ce00dd8ccbbb4,安坑3線,NewTaipei,121.489957068,24.9570445005,NewTaipei:geo03,0.6,0.7,-0.1,10,1
geometry:route_type:B1,NewTaipei:19190,NewTaipei:19190:162481:1:48b893cceceea57e,安坑5線,NewTaipei,121.470424788,24.939998715,NewTaipei:geo03,0.6,0.6,0,10,1
geometry:route_type:B1,NewTaipei:19198,NewTaipei:19198:161540:0:4e235369733ae8fc,安坑2線,NewTaipei,121.49947049,24.951707986,NewTaipei:geo03,0.8,0.6,0.2,10,1
geometry:route_type:B1,NewTaipei:19208,NewTaipei:19208:161547:0:52d3f0f213637571,791區,NewTaipei,121.776025159,25.1313196059,NewTaipei:geo07,0.7,0.5,0.2,10,1
geometry:route_type:B1,NewTaipei:19228,NewTaipei:19228:161587:0:89b93829204e9431,731,NewTaipei,121.350117139,24.9508540894,NewTaipei:geo00,0.3,0.2,0.1,10,1
geometry:route_type:B1,NewTaipei:19238,NewTaipei:19238:161597:0:56b58881f33cc216,北大社區-捷運頂埔站,NewTaipei,121.39324765,24.9451342348,NewTaipei:geo00,0.3,0.3,0,10,1
geometry:route_type:B1,NewTaipei:19258,NewTaipei:19258:161627:0:12a5669721867875,F151-0655、1040,NewTaipei,121.554672334,25.2837127739,NewTaipei:geo04,1,1,0,10,1
geometry:route_type:B1,NewTaipei:19259,NewTaipei:19259:161628:0:035373de4e391fb6,F151-1730,NewTaipei,121.577886577,25.2723147716,NewTaipei:geo04,1,1,0,10,1
geometry:route_type:B1,NewTaipei:19269,NewTaipei:19269:161638:0:ea1efde9dd313de4,F152-0950,NewTaipei,121.554189057,25.2649973125,NewTaipei:geo04,1,1,0,10,1
geometry:route_type:B1,NewTaipei:19270,NewTaipei:19270:161639:0:16489efe8e5230c0,F152-1630,NewTaipei,121.546960198,25.2828063615,NewTaipei:geo04,1,1,0,10,1
geometry:route_type:B1,NewTaipei:19271,NewTaipei:19271:161640:0:0facb8f831ff04e6,F152-1740,NewTaipei,121.543389607,25.2800448074,NewTaipei:geo04,1,1,0,10,1
geometry:route_type:B1,NewTaipei:19308,NewTaipei:19308:161677:0:e2387db29889e72a,安坑6線,NewTaipei,121.487475627,24.948012177,NewTaipei:geo03,0.7,0.7,0,10,1
geometry:route_type:B1,NewTaipei:19348,NewTaipei:19348:161787:0:b1df3bc3d8ee6ab4,福連線,NewTaipei,121.955254013,25.0128726567,NewTaipei:geo07,0.9,0.9,0,10,1
geometry:route_type:B1,NewTaipei:19538,NewTaipei:19538:162057:0:9c340fb0ec3ffddc,捷運忠孝復興站-三峽,NewTaipei,121.475164104,24.9792654474,NewTaipei:geo03,0.3,0.2,0.1,10,1
geometry:route_type:B1,NewTaipei:19598,NewTaipei:19598:162227:0:717305c93c131e9b,F723上石嘈,NewTaipei,121.729549564,24.9011505396,NewTaipei:geo06,0.8,0.6,0.2,10,1
geometry:route_type:B1,NewTaipei:19628,NewTaipei:19628:162197:0:0e3d8d133e2bdcd6,新九號停車場-九份老街,NewTaipei,121.840702745,25.1101381643,NewTaipei:geo07,0.3,0.3,0,10,1
geometry:route_type:B1,NewTaipei:19629,NewTaipei:19629:162198:0:ad11fdf0011f6d12,新九號停車場-水湳洞停車場,NewTaipei,121.851260062,25.1119037238,NewTaipei:geo07,0.3,0.4,-0.1,10,1
geometry:route_type:B1,NewTaipei:19640,NewTaipei:19640:162217:0:c9600fad4d39c230,幸福巴士F652延伸線,NewTaipei,121.346904745,24.9601218796,NewTaipei:geo00,0.7,0.7,0,10,1
geometry:route_type:B1,NewTaipei:19658,NewTaipei:19658:162257:0:a59e24676711e900,F126經里中,NewTaipei,121.390877209,25.1001118619,NewTaipei:geo02,0.8,0.7,0.1,10,1
geometry:route_type:B1,NewTaipei:19659,NewTaipei:19659:162260:0:1383125bd3eb4adc,F909伯爵,NewTaipei,121.648472446,25.0755083004,NewTaipei:geo06,0.5,0.3,0.2,10,1
geometry:route_type:B1,NewTaipei:19713,NewTaipei:19713:162390:1:51110580d39c7459,塗潭平日線,NewTaipei,121.524209082,24.93676501,NewTaipei:geo03,0.3,0.6,-0.3,10,1
geometry:route_type:B1,NewTaipei:19714,NewTaipei:19714:162392:0:dcd4b1f2985187ce,塗潭假日線,NewTaipei,121.519257025,24.9284730921,NewTaipei:geo03,0.3,0.6,-0.3,10,1
geometry:route_type:B1,NewTaipei:19729,NewTaipei:19729:162420:0:226afade0d6a8078,石碇高中-捷運忠孝復興站,NewTaipei,121.58435394,25.0107590489,NewTaipei:geo06,0,0.1,-0.1,10,1
geometry:route_type:B1,NewTaipei:19733,NewTaipei:19733:162430:0:9408fb471cf19d05,三峽-中和高中,NewTaipei,121.416935411,24.95739456,NewTaipei:geo00,0.2,0.1,0.1,10,1
geometry:route_type:B1,NewTaipei:19741,NewTaipei:19741:162446:0:da3b541807f065b0,629區,NewTaipei,121.655705183,25.068147997,NewTaipei:geo06,0.4,0.4,0,10,1
geometry:route_type:B1,NewTaipei:19744,NewTaipei:19744:162451:0:86dbff68afffe66f,合宜住宅-捷運亞東醫院站,NewTaipei,121.448820697,24.9980329005,NewTaipei:geo00,0.2,0.2,0,10,1
geometry:route_type:B1,NewTaipei:19747,NewTaipei:19747:162455:0:40a81dbee223496c,177瑞芳觀光公車,NewTaipei,121.829970789,25.1194439089,NewTaipei:geo07,0.4,0.6,-0.2,10,1
geometry:route_type:B1,NewTaipei:19748,NewTaipei:19748:162457:0:e3e5aeec79112c69,179,NewTaipei,121.835786767,25.1092181055,NewTaipei:geo07,0.6,0.7,-0.1,10,1
geometry:route_type:B1,NewTaipei:19754,NewTaipei:19754:162464:0:23f269f0e67e18e8,新九號停車場-黃金博物館,NewTaipei,121.845605298,25.1094979467,NewTaipei:geo07,0.3,0.3,0,10,1
geometry:route_type:B1,NewTaipei:19760,NewTaipei:19760:162483:0:83cc4253a759a064,640A,NewTaipei,121.469171272,25.0689154287,NewTaipei:geo02,0.8,0.7,0.1,10,1
geometry:route_type:B1,NewTaipei:19762,NewTaipei:19762:162485:0:e207b02ee2897e4c,中原中平路口-建國中學,NewTaipei,121.481387759,25.0525770429,NewTaipei:geo02,0.1,0.3,-0.2,10,1
geometry:route_type:B1,NewTaipei:19772,NewTaipei:19772:162501:0:c006190207e547af,沙崙國小(篤行路)-捷運亞東醫院站,NewTaipei,121.441547927,24.9945387577,NewTaipei:geo00,0.2,0.2,0,10,1
geometry:route_type:B1,NewTaipei:19773,NewTaipei:19773:162502:0:ddc17c4f44cae941,F123下罟經八療,NewTaipei,121.392059394,25.1423436041,NewTaipei:geo01,0.7,0.7,0,10,1
geometry:route_type:B1,NewTaipei:19774,NewTaipei:19774:162503:0:7bc4ddeacfdf12bc,F123十三行文化公園經八療,NewTaipei,121.418227154,25.1519614386,NewTaipei:geo01,0.7,0.5,0.2,10,1
geometry:route_type:B1,NewTaipei:19775,NewTaipei:19775:162505:0:ac21b0ee350d075f,F154,NewTaipei,121.553689078,25.2727085001,NewTaipei:geo04,1,1,0,10,1
geometry:route_type:B1,NewTaipei:19777,NewTaipei:19777:162508:0:a73f26f6fc2f48ca,F161-0615,NewTaipei,121.587328645,25.2842383475,NewTaipei:geo04,1,1,0,10,1
geometry:route_type:B1,NewTaipei:19780,NewTaipei:19780:162538:0:6257e21bdc8476c8,F304,NewTaipei,121.480244957,25.0593304293,NewTaipei:geo02,0.2,0.3,-0.1,10,1
geometry:route_type:B1,NewTaipei:19781,NewTaipei:19781:162558:0:8d27e451ffdaa616,989,NewTaipei,121.333152014,25.1330430516,NewTaipei:geo01,0.2,0.1,0.1,10,1
geometry:route_type:B1,NewTaipei:19782,NewTaipei:19782:162560:0:a8c167835fcde402,990,NewTaipei,121.328126424,25.1271908515,NewTaipei:geo01,0.2,0.2,0,10,1
geometry:route_type:B1,NewTaipei:19783,NewTaipei:19783:162587:1:d67181ca138d2558,988,NewTaipei,121.438952378,25.1131695323,NewTaipei:geo02,0.9,0.8,0.1,10,1
geometry:route_type:B1,NewTaipei:19784,NewTaipei:19784:162562:0:cca31897f7014ad8,115,NewTaipei,121.421274762,25.1705787061,NewTaipei:geo01,0.5,0.5,0,10,1
geometry:route_type:B1,NewTaipei:19785,NewTaipei:19785:162565:0:532e8ab5d30bf2b7,五股-板橋,NewTaipei,121.465596678,25.0496609043,NewTaipei:geo02,0,0,0,10,1
geometry:route_type:B1,NewTaipei:19786,NewTaipei:19786:162577:0:0bd5b4b63f77062d,三鶯1線,NewTaipei,121.348093553,24.9537742207,NewTaipei:geo00,0.6,0.7,-0.1,10,1
geometry:route_type:B1,NewTaipei:19787,NewTaipei:19787:162578:0:dbf9dd39cc4ce655,三芝-馬偕醫學大學,NewTaipei,121.50186144,25.2545639031,NewTaipei:geo04,0.9,0.6,0.3,10,1
geometry:route_type:B1,NewTaipei:19793,NewTaipei:19793:162588:0:9d00e3c9dcae96b9,捷運鶯桃福德站-銘傳大學(桃園校區),NewTaipei,121.337747791,24.9765516862,NewTaipei:geo00,0.8,0.8,0,10,1
geometry:route_type:B1,NewTaipei:5413,NewTaipei:5413:158443:0:8b6da1fc1a004b4e,896,NewTaipei,121.631801359,25.0750666659,NewTaipei:geo06,0.3,0.5,-0.2,10,1
geometry:route_type:B1,NewTaipei:5415,NewTaipei:5415:5415:0:8307e7c866825135,629,NewTaipei,121.632420185,25.0639396395,NewTaipei:geo06,0.6,0.4,0.2,10,1
geometry:route_type:B1,NewTaipei:5416,NewTaipei:5416:5416:0:775cbee8c0942a7f,678,NewTaipei,121.626400309,25.0584041995,NewTaipei:geo06,0.6,0.3,0.3,10,1
geometry:route_type:B1,Taipei:10132,Taipei:10132:101320:0:24e17ca5b10c60be,234,Taipei,121.468965115,25.0139568873,Taipei:geo00,0.9,0.6,0.3,10,1
geometry:route_type:B1,Taipei:10142,Taipei:10142:157758:1:016553a412cf5acb,南環幹線,Taipei,121.56624895,24.9970185088,Taipei:geo06,0,0,0,10,1
geometry:route_type:B1,Taipei:10181,Taipei:10181:101810:0:d58b4473612674b4,205,Taipei,121.558865766,25.0445582455,Taipei:geo05,0.9,0.9,0,10,1
geometry:route_type:B1,Taipei:10221,Taipei:10221:102210:0:d35ada72b6c3c3e4,618,Taipei,121.471099301,25.0508655995,Taipei:geo00,0.9,0.9,0,10,1
geometry:route_type:B1,Taipei:10231,Taipei:10231:10231:0:d31589f90a381fdc,民權幹線,Taipei,121.578506375,25.0632955058,Taipei:geo05,0.1,0.2,-0.1,10,1
geometry:route_type:B1,Taipei:10232,Taipei:10232:102320:0:464b256f4c59fc2d,紅25,Taipei,121.561218792,25.0541629543,Taipei:geo05,0.1,0,0.1,10,1
geometry:route_type:B1,Taipei:10241,Taipei:10241:10241:0:e0a60e9bd131eed2,藍36,Taipei,121.613127477,25.0653395524,Taipei:geo07,0.4,0.1,0.3,10,1
geometry:route_type:B1,Taipei:10251,Taipei:10251:10251:0:9ab8af2bbee4afa9,南京幹線,Taipei,121.576281219,25.0617336546,Taipei:geo05,0.2,0.2,0,10,1
geometry:route_type:B1,Taipei:10253,Taipei:10253:102530:0:ac30465061e27dbf,內科通勤專車22,Taipei,121.552995409,25.0771032905,Taipei:geo05,0.2,0.2,0,10,1
geometry:route_type:B1,Taipei:10261,Taipei:10261:10261:0:a93a3ef9d53d7b5b,紅33,Taipei,121.517037278,25.0667839118,Taipei:geo02,0,0,0,10,1
geometry:route_type:B1,Taipei:10262,Taipei:10262:102620:0:2a66819b15e37157,2,Taipei,121.502890332,25.0801243263,Taipei:geo02,0.7,0.7,0,10,1
geometry:route_type:B1,Taipei:10263,Taipei:10263:102630:0:d05146402a55bf9b,536,Taipei,121.510829596,25.109772511,Taipei:geo03,0.3,0.3,0,10,1
geometry:route_type:B1,Taipei:10272,Taipei:10272:102720:0:695c26464545d24d,303,Taipei,121.550733496,25.1227791687,Taipei:geo03,0.3,0.1,0.2,10,1
geometry:route_type:B1,Taipei:10273,Taipei:10273:102760:0:89d3e234c2542bdb,303區,Taipei,121.54913587,25.1224861384,Taipei:geo03,0.3,0.2,0.1,10,1
geometry:route_type:B1,Taipei:10277,Taipei:10277:160608:0:328964062436da51,542,Taipei,121.529995384,25.0667610876,Taipei:geo02,0.6,0.8,-0.2,10,1
geometry:route_type:B1,Taipei:10278,Taipei:10278:102780:0:e7811cce6796ef0d,669,Taipei,121.528133072,25.0584255548,Taipei:geo02,0.8,0.6,0.2,10,1
geometry:route_type:B1,Taipei:10282,Taipei:10282:102820:0:74997e358c4798d4,663,Taipei,121.4871385,25.0344280868,Taipei:geo00,0.9,0.9,0,10,1
geometry:route_type:B1,Taipei:10283,Taipei:10283:10283:0:e3f2aff737d5d11f,235,Taipei,121.485909521,25.0328264048,Taipei:geo00,0.9,1,-0.1,10,1
geometry:route_type:B1,Taipei:10291,Taipei:10291:10291:0:58a0ad537b767286,棕1,Taipei,121.563665135,25.0570133827,Taipei:geo05,0,0,0,10,1
geometry:route_type:B1,Taipei:10292,Taipei:10292:10292:0:4ea00aa560088fb1,藍10,Taipei,121.569505883,25.0446570532,Taipei:geo05,0.1,0,0.1,10,1
geometry:route_type:B1,Taipei:10293,Taipei:10293:10293:0:55e5a55f85129402,民生幹線,Taipei,121.557889951,25.0572487998,Taipei:geo05,0.1,0,0.1,10,1
geometry:route_type:B1,Taipei:10326,Taipei:10326:103260:0:8a5722081046cb8e,648,Taipei,121.519562681,24.9826100421,Taipei:geo04,0.7,0.5,0.2,10,1
geometry:route_type:B1,Taipei:10328,Taipei:10328:10328:0:042590a972369300,643,Taipei,121.526124074,24.9974541826,Taipei:geo04,0.8,0.8,0,10,1
geometry:route_type:B1,Taipei:10331,Taipei:10331:103310:0:79308cc031dc6077,647,Taipei,121.559652479,24.9910784916,Taipei:geo06,0.2,0.3,-0.1,10,1
geometry:route_type:B1,Taipei:10332,Taipei:10332:10332:0:d7d819e5d8d1a79e,松江新生幹線,Taipei,121.537884954,25.0102601339,Taipei:geo04,0.2,0.1,0.1,10,1
geometry:route_type:B1,Taipei:10333,Taipei:10333:10333:0:d6eb83fa628de0c1,644,Taipei,121.533821841,24.9923485847,Taipei:geo04,0.5,0.6,-0.1,10,1
geometry:route_type:B1,Taipei:10334,Taipei:10334:10334:0:0ae12c4e397f0006,基隆路幹線,Taipei,121.547045938,24.9918449272,Taipei:geo06,0.1,0,0.1,10,1
geometry:route_type:B1,Taipei:10414,Taipei:10414:104140:0:b4792d0077a0189f,261,Taipei,121.493591468,25.0671230686,Taipei:geo00,0.8,0.8,0,10,1
geometry:route_type:B1,Taipei:10415,Taipei:10415:104150:0:685deccacbf6d9be,221,Taipei,121.492613593,25.0718835342,Taipei:geo00,0.9,0.7,0.2,10,1
geometry:route_type:B1,Taipei:10416,Taipei:10416:104160:0:e9f46d0097faf371,232,Taipei,121.485033152,25.0649361509,Taipei:geo00,0.8,0.7,0.1,10,1
geometry:route_type:B1,Taipei:10417,Taipei:10417:104170:0:412958f3254718ba,忠孝幹線,Taipei,121.514356365,25.0559132192,Taipei:geo02,0,0,0,10,2
geometry:route_type:B1,Taipei:10419,Taipei:10419:104190:0:11b198a7b89f987c,232快,Taipei,121.524527256,25.0627015995,Taipei:geo02,0.8,0.6,0.2,10,1
geometry:route_type:B1,Taipei:10421,Taipei:10421:10421:0:862c5cd4b148489e,紅9,Taipei,121.486540353,25.0877047062,Taipei:geo03,0,0,0,10,1
geometry:route_type:B1,Taipei:10422,Taipei:10422:104220:0:2314d5369d761838,617,Taipei,121.518209013,25.0634991998,Taipei:geo02,0.5,0.7,-0.2,10,1
geometry:route_type:B1,Taipei:10423,Taipei:10423:104230:0:7efb20569becc3e2,622,Taipei,121.472205479,25.0515344006,Taipei:geo00,0.8,0.8,0,10,1
geometry:route_type:B1,Taipei:10431,Taipei:10431:10431:0:aa60adbfb18acd60,紅31,Taipei,121.564529283,25.0728710898,Taipei:geo05,0.2,0.1,0.1,10,1
geometry:route_type:B1,Taipei:10432,Taipei:10432:10432:0:22c2b39bb61ee122,藍26,Taipei,121.568096012,25.0703652879,Taipei:geo05,0.2,0.2,0,10,1
geometry:route_type:B1,Taipei:10441,Taipei:10441:104410:0:5207d6616568bc27,508,Taipei,121.482861876,25.0942260604,Taipei:geo03,0.3,0.3,0,10,1
geometry:route_type:B1,Taipei:10442,Taipei:10442:104420:1:627c1c72d9649e8a,508區,Taipei,121.506835788,25.0991765475,Taipei:geo03,0.4,0.3,0.1,10,1
geometry:route_type:B1,Taipei:10443,Taipei:10443:10443:0:4de742b9579a5424,225,Taipei,121.506188321,25.0715213518,Taipei:geo02,0.7,0.6,0.1,10,1
geometry:route_type:B1,Taipei:10452,Taipei:10452:104520:0:ee0b811a8241807f,641,Taipei,121.452194043,25.0823498138,Taipei:geo00,0.6,0.4,0.2,10,1
geometry:route_type:B1,Taipei:10461,Taipei:10461:104610:0:e2717ca2edd4cda8,645,Taipei,121.570491747,25.081971432,Taipei:geo05,0.4,0.7,-0.3,10,1
geometry:route_type:B1,Taipei:10462,Taipei:10462:104620:0:93815760269fc57f,645副,Taipei,121.572067838,25.0801071281,Taipei:geo05,0.4,0.6,-0.2,10,1
geometry:route_type:B1,Taipei:10471,Taipei:10471:104710:0:f0cbbf5660129175,615,Taipei,121.462183322,25.0456193955,Taipei:geo00,0.7,0.8,-0.1,10,1
geometry:route_type:B1,Taipei:10472,Taipei:10472:104720:0:d00d2157ded92959,111,Taipei,121.506095371,25.0823629788,Taipei:geo02,0.8,0.6,0.2,10,1
geometry:route_type:B1,Taipei:10473,Taipei:10473:104730:0:4cb026f86ec8e8ab,306,Taipei,121.542862659,25.0583675941,Taipei:geo02,0.6,0.7,-0.1,10,1
geometry:route_type:B1,Taipei:10481,Taipei:10481:104810:0:a019c982a972ee83,265經中央路,Taipei,121.47922944,25.0167721033,Taipei:geo00,1,0.8,0.2,10,1
geometry:route_type:B1,Taipei:10482,Taipei:10482:104820:0:61bdaf3964dd50c8,265區,Taipei,121.488180093,25.0241672765,Taipei:geo00,1,1,0,10,1
geometry:route_type:B1,Taipei:10711,Taipei:10711:10711:0:675544363ff9909e,羅斯福路幹線,Taipei,121.545810148,25.0084508878,Taipei:geo04,0,0.1,-0.1,10,1
geometry:route_type:B1,Taipei:10712,Taipei:10712:10712:0:b906d07ec155b069,251,Taipei,121.558219283,25.004102828,Taipei:geo06,0.8,0.6,0.2,10,1
geometry:route_type:B1,Taipei:10721,Taipei:10721:10721:0:f74338472c734b7b,藍28,Taipei,121.512559495,25.0238514116,Taipei:geo04,0,0,0,10,1
geometry:route_type:B1,Taipei:10722,Taipei:10722:10722:0:98b9cea86509c11e,藍29,Taipei,121.504103215,25.0315652464,Taipei:geo00,0,0.1,-0.1,10,1
geometry:route_type:B1,Taipei:10723,Taipei:10723:10723:0:899fb9c50aa46d61,1,Taipei,121.531620773,25.0257779996,Taipei:geo04,0.7,0.8,-0.1,10,1
geometry:route_type:B1,Taipei:10724,Taipei:10724:107240:0:d17316ca9a33713b,907,Taipei,121.58080818,25.0293309543,Taipei:geo06,0.6,0.4,0.2,10,1
geometry:route_type:B1,Taipei:10725,Taipei:10725:107250:0:dab767f62e5d7354,568,Taipei,121.523491632,25.0280553638,Taipei:geo04,0.6,1,-0.4,10,1
geometry:route_type:B1,Taipei:10726,Taipei:10726:10726:0:bde8150189492755,18,Taipei,121.520515018,25.0334164984,Taipei:geo04,0.5,0.9,-0.4,10,1
geometry:route_type:B1,Taipei:10733,Taipei:10733:10733:0:308d265db7af22d9,棕2,Taipei,121.552157963,24.9908868526,Taipei:geo06,0.2,0.2,0,10,1
geometry:route_type:B1,Taipei:10734,Taipei:10734:107340:0:26fb26fd8dcb5894,景美-榮總(快),Taipei,121.535656379,25.0377600353,Taipei:geo04,0,0.1,-0.1,10,1
geometry:route_type:B1,Taipei:10735,Taipei:10735:10735:0:23df60494326585b,253,Taipei,121.541305654,25.0110584527,Taipei:geo04,0.7,0.3,0.4,10,1
geometry:route_type:B1,Taipei:10736,Taipei:10736:10736:0:ca36e679cf9dcbb1,671,Taipei,121.532579559,25.010510912,Taipei:geo04,0.6,0.4,0.2,10,1
geometry:route_type:B1,Taipei:10741,Taipei:10741:10741:0:efbba74468849edd,棕3,Taipei,121.574882019,24.9973603262,Taipei:geo06,0.5,0.5,0,10,1
geometry:route_type:B1,Taipei:10742,Taipei:10742:10742:0:7913d1b7502d86b1,棕6,Taipei,121.563911767,25.0037840389,Taipei:geo06,0.6,0.1,0.5,10,1
geometry:route_type:B1,Taipei:10743,Taipei:10743:10743:0:4893f0e127392f7a,棕11,Taipei,121.561816549,24.9990719324,Taipei:geo06,0.1,0.1,0,10,1
geometry:route_type:B1,Taipei:10744,Taipei:10744:10744:0:f74b2c69aec11de9,棕15,Taipei,121.581095256,24.9833253542,Taipei:geo06,0.4,0.3,0.1,10,1
geometry:route_type:B1,Taipei:10745,Taipei:10745:107450:0:674bf8f35b53b901,237,Taipei,121.562878839,24.9984476909,Taipei:geo06,0.6,0.7,-0.1,10,1
geometry:route_type:B1,Taipei:10746,Taipei:10746:10746:0:a60801602a2d64e2,252,Taipei,121.543942848,25.0047102123,Taipei:geo04,0.9,0.4,0.5,10,1
geometry:route_type:B1,Taipei:10747,Taipei:10747:107470:0:2dbdf54ee140aaf9,294,Taipei,121.561618983,25.0042654452,Taipei:geo06,0.7,0.6,0.1,10,1
geometry:route_type:B1,Taipei:10748,Taipei:10748:107480:0:6c8414b48d0bb33b,295,Taipei,121.552649727,25.0068518239,Taipei:geo06,0.7,0.4,0.3,10,1
geometry:route_type:B1,Taipei:10749,Taipei:10749:10749:0:411430702c68dfad,棕11副,Taipei,121.574599538,24.9927135904,Taipei:geo06,0.3,0.3,0,10,1
geometry:route_type:B1,Taipei:10751,Taipei:10751:10751:0:c04f8f7904a315a4,棕12,Taipei,121.543092955,25.006823111,Taipei:geo04,0.1,0.1,0,10,1
geometry:route_type:B1,Taipei:10752,Taipei:10752:107520:0:afd45a0fa00cb2af,278,Taipei,121.555106132,25.0404863194,Taipei:geo05,0.9,0.9,0,10,1
geometry:route_type:B1,Taipei:10754,Taipei:10754:10754:0:3ae458799022da09,915,Taipei,121.565339646,25.0071315706,Taipei:geo06,0.3,0.6,-0.3,10,1
geometry:route_type:B1,Taipei:10763,Taipei:10763:107660:1:aac9043a6188750d,903,Taipei,121.580913681,25.0641384025,Taipei:geo05,0.5,0.2,0.3,10,1
geometry:route_type:B1,Taipei:10764,Taipei:10764:107640:0:3a08224a7685d2ec,531,Taipei,121.594413773,25.0657145335,Taipei:geo07,0.3,0.5,-0.2,10,1
geometry:route_type:B1,Taipei:10765,Taipei:10765:107650:0:235d03681bd9a989,646,Taipei,121.572954796,25.0781292183,Taipei:geo05,0.5,0.6,-0.1,10,1
geometry:route_type:B1,Taipei:10767,Taipei:10767:107670:0:d27df52d1b47b037,53,Taipei,121.593908288,25.0606599848,Taipei:geo07,0.4,0.6,-0.2,10,1
geometry:route_type:B1,Taipei:10771,Taipei:10771:107710:0:3f902f969a08fe2d,670,Taipei,121.511787226,25.012231916,Taipei:geo04,1,0.7,0.3,10,1
geometry:route_type:B1,Taipei:10782,Taipei:10782:107820:0:33c6d99bbbc83e92,673,Taipei,121.52749424,25.0145752257,Taipei:geo04,0.5,0.5,0,10,1
geometry:route_type:B1,Taipei:10783,Taipei:10783:10783:0:59891ffabd6a1ec0,254,Taipei,121.540467496,25.0183937683,Taipei:geo04,0.7,0.4,0.3,10,1
geometry:route_type:B1,Taipei:10785,Taipei:10785:107850:0:e696923ee13aca22,672,Taipei,121.531863095,25.0227133145,Taipei:geo04,0.9,0.7,0.2,10,1
geometry:route_type:B1,Taipei:10791,Taipei:10791:107910:1:ba91e6384c2e25b9,市民小巴5,Taipei,121.550928029,24.999414195,Taipei:geo06,0,0,0,10,1
geometry:route_type:B1,Taipei:10792,Taipei:10792:10792:0:5755ec0d6d231ca3,52,Taipei,121.537179883,25.0342111571,Taipei:geo04,0.7,0.4,0.3,10,1
geometry:route_type:B1,Taipei:10811,Taipei:10811:10811:0:f6f563c0e8cd9592,685,Taipei,121.536492255,25.0699972626,Taipei:geo02,0.9,0.6,0.3,10,1
geometry:route_type:B1,Taipei:10821,Taipei:10821:157609:0:a087fdccd21d57a5,紅5,Taipei,121.542488732,25.1192188084,Taipei:geo03,0,0,0,10,1
geometry:route_type:B1,Taipei:10822,Taipei:10822:108220:0:80fe97914c917573,108,Taipei,121.5474724,25.1736041595,Taipei:geo01,0.5,0.5,0,10,1
geometry:route_type:B1,Taipei:10823,Taipei:10823:155895:0:56a0ce291e1bf327,260,Taipei,121.530798518,25.090427868,Taipei:geo03,0.3,0.4,-0.1,10,1
geometry:route_type:B1,Taipei:10824,Taipei:10824:108240:0:f1420d6ea2f479b5,260區,Taipei,121.537332827,25.1091127702,Taipei:geo03,0.4,0.2,0.2,10,1
geometry:route_type:B1,Taipei:10831,Taipei:10831:10831:0:cff64242e6a3df8f,藍5,Taipei,121.568954468,25.0261105881,Taipei:geo06,0.1,0,0.1,10,1
geometry:route_type:B1,Taipei:10832,Taipei:10832:10832:0:524dd15a319f9ec9,22,Taipei,121.543476381,25.0348902137,Taipei:geo04,0.6,0.7,-0.1,10,1
geometry:route_type:B1,Taipei:10841,Taipei:10841:108410:0:f64aae48aaf5ceb2,0東,Taipei,121.560976536,25.0564518044,Taipei:geo05,0.5,0.6,-0.1,10,1
geometry:route_type:B1,Taipei:10842,Taipei:10842:108420:0:501343704a60f845,222,Taipei,121.553954263,25.068718245,Taipei:geo05,0.4,0.5,-0.1,10,1
geometry:route_type:B1,Taipei:10844,Taipei:10844:108440:0:22e6e579e1d0fb30,652,Taipei,121.514866235,25.056960295,Taipei:geo02,0.5,0.7,-0.2,10,1
geometry:route_type:B1,Taipei:10845,Taipei:10845:108450:0:289aff6cd52b2de1,286,Taipei,121.584855791,25.0403301834,Taipei:geo07,0.5,0.9,-0.4,10,1
geometry:route_type:B1,Taipei:10846,Taipei:10846:108460:0:b8409cbffd3eb86e,286副,Taipei,121.566421606,25.064710942,Taipei:geo05,0.2,0.3,-0.1,10,1
geometry:route_type:B1,Taipei:10847,Taipei:10847:108470:0:2c3eb79b4a2bd2eb,63,Taipei,121.553667296,25.058521892,Taipei:geo05,0.3,0.5,-0.2,10,1
geometry:route_type:B1,Taipei:10848,Taipei:10848:108480:0:d140693380f98b73,505,Taipei,121.545218896,25.0407211577,Taipei:geo04,0.7,0.7,0,10,1
geometry:route_type:B1,Taipei:10851,Taipei:10851:108510:0:e094d58e8d5123f6,內湖幹線,Taipei,121.562908642,25.0729218037,Taipei:geo05,0.1,0,0.1,10,1
geometry:route_type:B1,Taipei:10853,Taipei:10853:108530:0:eb465fafc2ec8e29,287區,Taipei,121.568652176,25.0770943964,Taipei:geo05,0.5,0.6,-0.1,10,1
geometry:route_type:B1,Taipei:10856,Taipei:10856:108560:0:5ab0c3925666bd5c,281,Taipei,121.594829718,25.053109424,Taipei:geo07,0.4,0.7,-0.3,10,1
geometry:route_type:B1,Taipei:10861,Taipei:10861:160877:0:df9b0d77c6350c0a,630,Taipei,121.561098562,25.0552156213,Taipei:geo05,0.6,0.6,0,10,1
geometry:route_type:B1,Taipei:10862,Taipei:10862:108620:0:f08b81d2b9bcd67f,38,Taipei,121.513849804,25.0314772645,Taipei:geo04,0.6,0.8,-0.2,10,1
geometry:route_type:B1,Taipei:10863,Taipei:10863:108630:0:14b089728923fabf,38區,Taipei,121.496280323,25.0282713629,Taipei:geo00,0.7,0.8,-0.1,10,1
geometry:route_type:B1,Taipei:10864,Taipei:10864:108640:0:c6d458cf6b4fa617,12,Taipei,121.525214792,25.0453969756,Taipei:geo02,0.8,0.6,0.2,10,1
geometry:route_type:B1,Taipei:10872,Taipei:10872:108720:0:529081dcec2553bd,46,Taipei,121.559302432,25.0443233518,Taipei:geo05,0.5,0.9,-0.4,10,1
geometry:route_type:B1,Taipei:10873,Taipei:10873:10873:0:892bd51eda3aab42,20,Taipei,121.531898857,25.0333809037,Taipei:geo04,0.7,0.6,0.1,10,1
geometry:route_type:B1,Taipei:10874,Taipei:10874:10874:0:ec3ce8127d3a9bba,277,Taipei,121.539169372,25.0710394805,Taipei:geo02,0.7,0.7,0,10,1
geometry:route_type:B1,Taipei:10882,Taipei:10882:10882:0:6b51f7fa269eea85,9,Taipei,121.509863236,25.0625644245,Taipei:geo02,0.7,0.6,0.1,10,1
geometry:route_type:B1,Taipei:10883,Taipei:10883:108820:0:296c30334605d4c7,市民小巴7,Taipei,121.561719159,25.0268778726,Taipei:geo04,0.1,0,0.1,10,1
geometry:route_type:B1,Taipei:10891,Taipei:10891:108910:0:b850fd33142b7383,14,Taipei,121.479814079,25.070210838,Taipei:geo00,0.8,0.6,0.2,10,1
geometry:route_type:B1,Taipei:10893,Taipei:10893:10893:0:402fec9f29d4b444,274,Taipei,121.494995771,25.065218499,Taipei:geo00,0.8,0.8,0,10,2
geometry:route_type:B1,Taipei:10911,Taipei:10911:10911:0:9bb8705b5083c555,212直,Taipei,121.559126836,25.04292813,Taipei:geo05,0.8,0.9,-0.1,10,1
geometry:route_type:B1,Taipei:10912,Taipei:10912:10912:0:272f14a3bda8768b,212,Taipei,121.561637237,25.0442900324,Taipei:geo05,0.8,0.9,-0.1,10,1
geometry:route_type:B1,Taipei:10932,Taipei:10932:101910:0:7469d0b4a92ef21e,仁愛幹線,Taipei,121.534720523,25.0377692595,Taipei:geo04,0,0.1,-0.1,10,1
geometry:route_type:B1,Taipei:10941,Taipei:10941:10941:0:d6fefa7a7b8973b3,藍25,Taipei,121.610658899,25.0461232117,Taipei:geo07,0.1,0.1,0,10,1
geometry:route_type:B1,Taipei:10942,Taipei:10942:10942:0:b54f65799683317c,257,Taipei,121.522645389,25.0450721853,Taipei:geo02,0.6,0.7,-0.1,10,1
geometry:route_type:B1,Taipei:10961,Taipei:10961:109610:0:67503cb6621dd34d,262,Taipei,121.506598421,25.0165114144,Taipei:geo04,0.9,0.7,0.2,10,1
geometry:route_type:B1,Taipei:10962,Taipei:10962:108570:0:8af36220b68500b6,262區,Taipei,121.526846044,25.0307548212,Taipei:geo04,1,0.9,0.1,10,1
geometry:route_type:B1,Taipei:10971,Taipei:10971:109710:0:606827d549721353,88,Taipei,121.564475601,25.0390540311,Taipei:geo05,0.9,0.8,0.1,10,1
geometry:route_type:B1,Taipei:11011,Taipei:11011:11011:0:836819fab964abc0,紅29,Taipei,121.572773197,25.0694120269,Taipei:geo05,0.2,0,0.2,10,1
geometry:route_type:B1,Taipei:11021,Taipei:11021:11021:1:eaae5277b86adfca,棕5,Taipei,121.575600643,24.9924855234,Taipei:geo06,0.3,0.3,0,10,1
geometry:route_type:B1,Taipei:11022,Taipei:11022:158714:1:70aefff35e5a4007,綠11,Taipei,121.549027222,25.0115149787,Taipei:geo04,0,0,0,10,1
geometry:route_type:B1,Taipei:11023,Taipei:11023:110230:0:507da332d8fe0560,298,Taipei,121.551944691,25.01562677,Taipei:geo04,0.6,0.5,0.1,10,1
geometry:route_type:B1,Taipei:11031,Taipei:11031:11031:0:caee1c663a9f709c,棕10,Taipei,121.594400114,25.060995293,Taipei:geo07,0,0,0,10,1
geometry:route_type:B1,Taipei:11041,Taipei:11041:110410:0:bcda8ba05cd856a0,297,Taipei,121.516061886,25.0197762958,Taipei:geo04,0.7,0.8,-0.1,10,1
geometry:route_type:B1,Taipei:11051,Taipei:11051:110510:0:cc36b454b85b4c67,小1,Taipei,121.616679118,25.0585864473,Taipei:geo07,0.1,0,0.1,10,1
geometry:route_type:B1,Taipei:11052,Taipei:11052:110520:0:5d1981860335e976,小12,Taipei,121.597387407,25.0256655789,Taipei:geo07,0.1,0,0.1,10,1
geometry:route_type:B1,Taipei:11055,Taipei:11055:110550:0:1ae14ba792c104f9,小2,Taipei,121.583817375,25.0804070471,Taipei:geo05,0.1,0,0.1,10,1
geometry:route_type:B1,Taipei:11056,Taipei:11056:110560:0:ea860b74f7d06dbd,552,Taipei,121.576836842,25.0703804194,Taipei:geo05,0,0.3,-0.3,10,1
geometry:route_type:B1,Taipei:11057,Taipei:11057:110570:0:bf0da31513951018,小2區,Taipei,121.590091911,25.0963001979,Taipei:geo05,0.2,0.2,0,10,1
geometry:route_type:B1,Taipei:11058,Taipei:11058:110580:0:e3a06c2cb438322c,小3,Taipei,121.598199413,25.0848302929,Taipei:geo07,0.3,0.3,0,10,1
geometry:route_type:B1,Taipei:11059,Taipei:11059:110590:0:9f369877f794ced9,小5,Taipei,121.631434179,25.0388361327,Taipei:geo07,0.2,0.1,0.1,10,1
geometry:route_type:B1,Taipei:11061,Taipei:11061:110610:0:6f5ad5ede69da184,小5區,Taipei,121.628425654,25.0396326727,Taipei:geo07,0.2,0.1,0.1,10,1
geometry:route_type:B1,Taipei:11062,Taipei:11062:110620:0:2074732c958a1420,小1區,Taipei,121.613565176,25.069805324,Taipei:geo07,0.1,0.1,0,10,1
geometry:route_type:B1,Taipei:11064,Taipei:11064:110640:1:907b2f08579e970c,小36,Taipei,121.528558906,25.136264814,Taipei:geo01,0.3,0.6,-0.3,10,1
geometry:route_type:B1,Taipei:11066,Taipei:11066:110660:0:9ea76b5999123323,32,Taipei,121.579677941,25.0405731258,Taipei:geo05,0.3,0.7,-0.4,10,1
geometry:route_type:B1,Taipei:11071,Taipei:11071:110720:1:0cbbe7a078cd71be,小10,Taipei,121.584274456,24.9810242258,Taipei:geo06,0.1,0.1,0,10,1
geometry:route_type:B1,Taipei:11073,Taipei:11073:110730:0:84d1fc32985b5c53,小11,Taipei,121.564000027,24.9835564311,Taipei:geo06,0.1,0.1,0,10,1
geometry:route_type:B1,Taipei:11091,Taipei:11091:11091:0:a87d0cd5412f15f9,37,Taipei,121.550841297,25.0346072848,Taipei:geo04,0.7,0.8,-0.1,10,1
geometry:route_type:B1,Taipei:11093,Taipei:11093:11093:0:429de28c4adfcde4,612,Taipei,121.539784138,25.0807861214,Taipei:geo03,0.7,0.3,0.4,10,1
geometry:route_type:B1,Taipei:11111,Taipei:11111:11111:0:d3fc32306f8b0be3,藍27,Taipei,121.578746701,25.0720890836,Taipei:geo05,0.1,0.1,0,10,1
geometry:route_type:B1,Taipei:11114,Taipei:11114:157815:0:e91ee132a4d04cf7,551,Taipei,121.590677155,25.0694135858,Taipei:geo07,0.4,0.5,-0.1,10,1
geometry:route_type:B1,Taipei:11121,Taipei:11121:11121:0:268e1dd383b8201d,紅35,Taipei,121.467128373,25.1247980831,Taipei:geo01,0.3,0.3,0,10,1
geometry:route_type:B1,Taipei:11122,Taipei:11122:111220:0:14033b1f88338998,小23,Taipei,121.472219223,25.129093062,Taipei:geo01,0.3,0,0.3,10,1
geometry:route_type:B1,Taipei:11123,Taipei:11123:111230:0:f13a4c53a3da600b,550,Taipei,121.493566935,25.1222377507,Taipei:geo01,0.6,0.6,0,10,1
geometry:route_type:B1,Taipei:11124,Taipei:11124:111240:0:28cc483d28626ee7,223,Taipei,121.50139659,25.0958958812,Taipei:geo03,0.8,0.4,0.4,10,1
geometry:route_type:B1,Taipei:11125,Taipei:11125:111250:0:ba80098fb910d9cc,302,Taipei,121.501025756,25.0980089212,Taipei:geo03,1,0.4,0.6,10,1
geometry:route_type:B1,Taipei:11134,Taipei:11134:111340:0:43ac3874fa790d7e,小8,Taipei,121.533256967,25.1510174069,Taipei:geo01,0.5,0.5,0,10,1
geometry:route_type:B1,Taipei:11135,Taipei:11135:111350:0:5e024de6dfde2e59,小14,Taipei,121.50400396,25.1311765281,Taipei:geo01,0.6,0.7,-0.1,10,1
geometry:route_type:B1,Taipei:11136,Taipei:11136:111360:1:e35f2973871e866f,小21,Taipei,121.50026441,25.1310782228,Taipei:geo01,0.5,0.5,0,10,1
geometry:route_type:B1,Taipei:11137,Taipei:11137:111370:0:4c5329857d076429,小22,Taipei,121.503443764,25.1364281717,Taipei:geo01,0.7,0.7,0,10,1
geometry:route_type:B1,Taipei:11138,Taipei:11138:111380:1:3cf96550251dee54,小25,Taipei,121.517771687,25.1402794689,Taipei:geo01,0.7,0.8,-0.1,10,1
geometry:route_type:B1,Taipei:11139,Taipei:11139:111390:0:a1e414f531c5c5a8,小6,Taipei,121.499479323,25.1424884769,Taipei:geo01,0.7,0.7,0,10,1
geometry:route_type:B1,Taipei:11141,Taipei:11141:162592:1:09dbf276c85bc79c,216,Taipei,121.506180913,25.1287866952,Taipei:geo01,0.5,0.3,0.2,10,1
geometry:route_type:B1,Taipei:11142,Taipei:11142:111420:0:ee8dd77dd0446bc9,小9(台灣好行-北投竹子湖),Taipei,121.523931226,25.1516471031,Taipei:geo01,0.8,0.7,0.1,10,1
geometry:route_type:B1,Taipei:11143,Taipei:11143:111430:0:0becb07c1b08825a,小26,Taipei,121.508055408,25.1406383528,Taipei:geo01,0.7,0.8,-0.1,10,1
geometry:route_type:B1,Taipei:11145,Taipei:11145:111410:0:077018ea08ab3de4,小7,Taipei,121.504932735,25.1400990184,Taipei:geo01,0.8,0.8,0,10,1
geometry:route_type:B1,Taipei:11146,Taipei:11146:111460:0:58fbda8440b13013,市民小巴2,Taipei,121.505981044,25.1349341128,Taipei:geo01,0,0,0,10,1
geometry:route_type:B1,Taipei:11151,Taipei:11151:111510:0:cf88dc13aa1a80ff,230,Taipei,121.524930842,25.1430077006,Taipei:geo01,0.2,0.2,0,10,1
geometry:route_type:B1,Taipei:11152,Taipei:11152:111520:0:f7c01f9b5936b2ee,承德幹線,Taipei,121.530090368,25.0765882678,Taipei:geo02,0.1,0.2,-0.1,10,1
geometry:route_type:B1,Taipei:11156,Taipei:11156:111560:0:87465040c3d83540,218,Taipei,121.513432957,25.0903058443,Taipei:geo03,0.6,0.4,0.2,10,1
geometry:route_type:B1,Taipei:11157,Taipei:11157:111570:0:0f9cbcf9ac4cb085,218直,Taipei,121.511789549,25.0892812178,Taipei:geo03,0.7,0.4,0.3,10,1
geometry:route_type:B1,Taipei:11158,Taipei:11158:111580:0:54b3f52754974cd7,218區,Taipei,121.500166272,25.1371744473,Taipei:geo01,0.2,0.1,0.1,10,1
geometry:route_type:B1,Taipei:11161,Taipei:11161:111610:0:e5537f4f27bcd906,529,Taipei,121.520996374,25.0912505865,Taipei:geo03,0.2,0.2,0,10,1
geometry:route_type:B1,Taipei:11165,Taipei:11165:111650:0:153b259eb851cbab,288,Taipei,121.53497517,25.0577119894,Taipei:geo02,0.8,0.8,0,10,1
geometry:route_type:B1,Taipei:11171,Taipei:11171:111710:0:72eaa3754b09f69d,265經明德路,Taipei,121.478625262,25.0158710158,Taipei:geo00,1,0.8,0.2,10,1
geometry:route_type:B1,Taipei:11201,Taipei:11201:11201:0:aa522f5759942a31,紅7,Taipei,121.505548591,25.0964234143,Taipei:geo03,0.4,0.3,0.1,10,1
geometry:route_type:B1,Taipei:11202,Taipei:11202:11202:0:1f4d928004e67be0,紅7區,Taipei,121.516118563,25.0905501597,Taipei:geo03,0.4,0.1,0.3,10,1
geometry:route_type:B1,Taipei:11203,Taipei:11203:112030:0:f22278cb33fecf20,26,Taipei,121.520092244,25.0756005167,Taipei:geo02,0.6,0.2,0.4,10,1
geometry:route_type:B1,Taipei:11204,Taipei:11204:112040:0:68756463d5503359,68,Taipei,121.516241914,25.0954587717,Taipei:geo03,0.2,0.2,0,10,1
geometry:route_type:B1,Taipei:11206,Taipei:11206:159288:1:a43c3d88f490d7af,小15,Taipei,121.547941604,25.1259252842,Taipei:geo03,0.4,0.5,-0.1,10,1
geometry:route_type:B1,Taipei:11207,Taipei:11207:112070:0:42f2e2abb06d80cb,小15區,Taipei,121.543540087,25.1166627751,Taipei:geo03,0.5,0.4,0.1,10,1
geometry:route_type:B1,Taipei:11208,Taipei:11208:112080:0:b1b0b371decb23ef,小16,Taipei,121.545305833,25.1088985419,Taipei:geo03,0.5,0.4,0.1,10,1
geometry:route_type:B1,Taipei:11209,Taipei:11209:112090:0:a4f446c23f93e62a,小17,Taipei,121.541557204,25.1080245529,Taipei:geo03,0.4,0.3,0.1,10,1
geometry:route_type:B1,Taipei:11211,Taipei:11211:112110:0:2ff4319f9c6b964d,小18,Taipei,121.555518632,25.1066802722,Taipei:geo03,0.3,0.4,-0.1,10,1
geometry:route_type:B1,Taipei:11212,Taipei:11212:11212:0:5aa6fae8b62b52dc,204,Taipei,121.542928085,25.0418448626,Taipei:geo04,0.8,0.6,0.2,10,1
geometry:route_type:B1,Taipei:11213,Taipei:11213:112130:1:62b5e4d1b8b386f7,小19,Taipei,121.558904194,25.1133931831,Taipei:geo03,0.5,0.4,0.1,10,1
geometry:route_type:B1,Taipei:11217,Taipei:11217:112170:1:dc14bd046c44fac0,市民小巴1,Taipei,121.566854447,25.1127961954,Taipei:geo03,0,0,0,10,1
geometry:route_type:B1,Taipei:11221,Taipei:11221:11221:0:a987be235cb835de,284,Taipei,121.580570576,25.0489796927,Taipei:geo05,0.8,0.6,0.2,10,1
geometry:route_type:B1,Taipei:11231,Taipei:11231:112310:0:fa84cd9d8232533d,621,Taipei,121.492769797,25.0535377566,Taipei:geo00,0.8,0.7,0.1,10,1
geometry:route_type:B1,Taipei:11232,Taipei:11232:112320:0:f4a0ca897950e01c,211,Taipei,121.514666093,25.0516099291,Taipei:geo02,0.9,0.7,0.2,10,1
geometry:route_type:B1,Taipei:11241,Taipei:11241:112410:0:ec95478544b114b3,662,Taipei,121.494901214,25.0609049058,Taipei:geo00,0.7,1,-0.3,10,1
geometry:route_type:B1,Taipei:11242,Taipei:11242:112420:0:6c1b47e60ec0e337,539,Taipei,121.502623623,25.0699713552,Taipei:geo02,0.8,0.6,0.2,10,1
geometry:route_type:B1,Taipei:11243,Taipei:11243:112430:0:c111e6670505c489,39,Taipei,121.494017447,25.0663012198,Taipei:geo00,0.8,0.8,0,10,1
geometry:route_type:B1,Taipei:11245,Taipei:11245:11245:0:b9e3d5eea8564d97,226,Taipei,121.524016664,25.0546066101,Taipei:geo02,0.9,0.8,0.1,10,1
geometry:route_type:B1,Taipei:11246,Taipei:11246:11246:0:12c8e0aa6465e931,292,Taipei,121.52277138,25.0510297528,Taipei:geo02,0.9,0.8,0.1,10,1
geometry:route_type:B1,Taipei:11251,Taipei:11251:112510:0:034f845cd6d5a843,棕13,Taipei,121.555539352,25.0997509033,Taipei:geo03,0.2,0,0.2,10,1
geometry:route_type:B1,Taipei:11252,Taipei:11252:112520:0:81cc06d709dde6ca,255,Taipei,121.536471421,25.0919573747,Taipei:geo03,0.4,0.3,0.1,10,1
geometry:route_type:B1,Taipei:11253,Taipei:11253:112530:0:9c00088db939f565,255區,Taipei,121.543214326,25.1022425453,Taipei:geo03,0.2,0.3,-0.1,10,1
geometry:route_type:B1,Taipei:11411,Taipei:11411:11411:0:703e7728e99377ce,299,Taipei,121.492148277,25.042067583,Taipei:geo00,0.6,0.9,-0.3,10,1
geometry:route_type:B1,Taipei:11421,Taipei:11421:11421:0:c4b93705353b70ae,513,Taipei,121.482123382,25.0428022592,Taipei:geo00,0.9,0.9,0,10,1
geometry:route_type:B1,Taipei:11741,Taipei:11741:155857:0:15cf7aa866d9d0eb,貓空右線,Taipei,121.58273909,24.9688123395,Taipei:geo06,0.3,0.3,0,10,1
geometry:route_type:B1,Taipei:11742,Taipei:11742:11742:0:7534e560dbf5e506,611,Taipei,121.565305329,25.007975014,Taipei:geo06,0.7,0.6,0.1,10,1
geometry:route_type:B1,Taipei:11763,Taipei:11763:11763:0:e35f60ddfe29d475,236區,Taipei,121.569908757,25.0000499764,Taipei:geo06,0.7,0.5,0.2,10,1
geometry:route_type:B1,Taipei:11764,Taipei:11764:11764:0:0f20d61bcff2850e,251區,Taipei,121.569931389,24.9957269282,Taipei:geo06,0.8,0.4,0.4,10,1
geometry:route_type:B1,Taipei:11811,Taipei:11811:118110:0:e963537f698810b1,0南,Taipei,121.545166838,25.0097025999,Taipei:geo04,0.6,0.3,0.3,10,1
geometry:route_type:B1,Taipei:11812,Taipei:11812:162475:0:55b8ed7dac6f579b,和平幹線,Taipei,121.542838458,25.0228375387,Taipei:geo04,0.1,0.1,0,10,1
geometry:route_type:B1,Taipei:11813,Taipei:11813:118130:0:3f385d7f0303f9df,109,Taipei,121.541239553,25.0724085112,Taipei:geo02,0.9,0.6,0.3,10,1
geometry:route_type:B1,Taipei:11815,Taipei:11815:118150:0:bae9510228de5abb,606,Taipei,121.534556245,25.0522021885,Taipei:geo02,0.7,0.6,0.1,10,1
geometry:route_type:B1,Taipei:11821,Taipei:11821:162167:0:3df074cf5aa5d41a,33,Taipei,121.558681337,25.0497698252,Taipei:geo05,0.7,0.8,-0.1,10,1
geometry:route_type:B1,Taipei:11831,Taipei:11831:118310:0:4275ec6e9a212b56,49,Taipei,121.520592168,25.0477670351,Taipei:geo02,0.7,0.8,-0.1,10,1
geometry:route_type:B1,Taipei:11833,Taipei:11833:11833:0:db7622ad13dd2891,復興幹線,Taipei,121.538522048,25.0312085165,Taipei:geo04,0.1,0.1,0,10,1
geometry:route_type:B1,Taipei:11834,Taipei:11834:11834:0:9d89a958664b669f,688,Taipei,121.538939474,25.0319678386,Taipei:geo04,0.6,0.5,0.1,10,1
geometry:route_type:B1,Taipei:11841,Taipei:11841:118410:0:77e6d458bda00b57,270,Taipei,121.57009835,25.0423483632,Taipei:geo05,0.9,0.6,0.3,10,1
geometry:route_type:B1,Taipei:11842,Taipei:11842:118420:0:9173abf679af0281,270區,Taipei,121.598030821,25.0453276624,Taipei:geo07,0.6,0.7,-0.1,10,1
geometry:route_type:B1,Taipei:11851,Taipei:11851:118510:0:52700e266ecbbc1b,276,Taipei,121.569966418,25.0488049677,Taipei:geo05,0.8,0.4,0.4,10,1
geometry:route_type:B1,Taipei:11853,Taipei:11853:118530:0:064d552ae1a333b2,306區,Taipei,121.568792107,25.0521029913,Taipei:geo05,0.8,0.4,0.4,10,1
geometry:route_type:B1,Taipei:11854,Taipei:11854:118540:0:c935cfc99fa59879,市民小巴6,Taipei,121.618549275,25.043215263,Taipei:geo07,0,0,0,10,1
geometry:route_type:B1,Taipei:11861,Taipei:11861:11861:0:d54713d60f6e6b43,5,Taipei,121.520375355,25.0316259922,Taipei:geo04,0.9,0.9,0,10,1
geometry:route_type:B1,Taipei:11871,Taipei:11871:11871:1:c24757a52c7e3e7f,41,Taipei,121.524547152,25.0708118795,Taipei:geo02,0.8,0.6,0.2,10,1
geometry:route_type:B1,Taipei:11881,Taipei:11881:11881:0:dce82d178c21e95b,重慶幹線,Taipei,121.516046424,25.0868001756,Taipei:geo03,0.1,0,0.1,10,1
geometry:route_type:B1,Taipei:15111,Taipei:15111:15111:0:4f443c8cd89c3b1a,202,Taipei,121.52055771,25.022326529,Taipei:geo04,0.8,0.9,-0.1,10,1
geometry:route_type:B1,Taipei:15112,Taipei:15112:15112:0:3ef3110ee7639ed3,208,Taipei,121.527367732,25.0354026937,Taipei:geo04,0.7,0.6,0.1,10,1
geometry:route_type:B1,Taipei:15113,Taipei:15113:15113:0:21130b6a9ded22f4,208區,Taipei,121.522999052,24.9989440827,Taipei:geo04,0.8,0.7,0.1,10,1
geometry:route_type:B1,Taipei:15141,Taipei:15141:151410:0:a7b89129887cd77e,28,Taipei,121.573321018,25.0672275825,Taipei:geo05,0.2,0.2,0,10,1
geometry:route_type:B1,Taipei:15142,Taipei:15142:151420:0:23a0eff3c5cc7202,42,Taipei,121.531363762,25.0711411557,Taipei:geo02,0.4,0.5,-0.1,10,1
geometry:route_type:B1,Taipei:15143,Taipei:15143:151430:0:f3a5c87352e2b083,256,Taipei,121.57572331,25.0773073023,Taipei:geo05,0.3,0.6,-0.3,10,1
geometry:route_type:B1,Taipei:15151,Taipei:15151:151510:0:a7ef76ee4536c385,308,Taipei,121.481123325,25.1334930783,Taipei:geo01,0.8,0.3,0.5,10,1
geometry:route_type:B1,Taipei:15161,Taipei:15161:151610:0:fb7bb192dd7df55d,676,Taipei,121.548117975,25.01635116,Taipei:geo04,0.7,0.4,0.3,10,1
geometry:route_type:B1,Taipei:15162,Taipei:15162:15162:0:7ffe83b1fcddb62a,282,Taipei,121.55831306,25.0222879301,Taipei:geo04,0.7,0.3,0.4,10,1
geometry:route_type:B1,Taipei:15164,Taipei:15164:15164:0:66922c465547e92f,530,Taipei,121.557890615,24.9985629757,Taipei:geo06,0.7,0.5,0.2,10,1
geometry:route_type:B1,Taipei:15171,Taipei:15171:151710:0:1a95e85cedf5c95e,902,Taipei,121.547763632,25.0729963448,Taipei:geo05,0.5,0.5,0,10,1
geometry:route_type:B1,Taipei:15172,Taipei:15172:151720:0:e6239f94b8a199d9,556,Taipei,121.558910231,25.0506374787,Taipei:geo05,0.5,0.7,-0.2,10,1
geometry:route_type:B1,Taipei:15173,Taipei:15173:151730:0:a8b82f32a8b4f312,912,Taipei,121.594246101,25.0122709921,Taipei:geo06,0.6,0.4,0.2,10,1
geometry:route_type:B1,Taipei:15183,Taipei:15183:15183:0:434d8d1db3567522,905,Taipei,121.532529511,24.9974450565,Taipei:geo04,0.7,0.9,-0.2,10,1
geometry:route_type:B1,Taipei:15184,Taipei:15184:15184:0:03b4e9496845a5b4,905副,Taipei,121.529906358,25.0018138788,Taipei:geo04,0.9,0.6,0.3,10,1
geometry:route_type:B1,Taipei:15185,Taipei:15185:15185:0:496b10a1ed6169bd,202區,Taipei,121.506922998,24.9999071641,Taipei:geo04,0.8,0.6,0.2,10,1
geometry:route_type:B1,Taipei:15191,Taipei:15191:15191:0:bf0e7a388b647430,660,Taipei,121.563079451,25.0098562762,Taipei:geo06,0.8,0.6,0.2,10,1
geometry:route_type:B1,Taipei:15221,Taipei:15221:152210:0:45e4e78e80646bc1,682,Taipei,121.461899384,25.1307506739,Taipei:geo01,0.8,0.4,0.4,10,1
geometry:route_type:B1,Taipei:15312,Taipei:15312:15312:0:75208db3f7b7d178,紅2,Taipei,121.575469751,25.0774486878,Taipei:geo05,0,0,0,10,1
geometry:route_type:B1,Taipei:15313,Taipei:15313:159237:1:1ce79e0de8bd7bae,521,Taipei,121.57149602,25.066430157,Taipei:geo05,0.2,0.2,0,10,1
geometry:route_type:B1,Taipei:15314,Taipei:15314:15314:0:4db419ce050b8a68,203,Taipei,121.560983644,25.0691905948,Taipei:geo05,0.5,0.3,0.2,10,1
geometry:route_type:B1,Taipei:15321,Taipei:15321:15321:0:92d32afb86cbcd7a,紅10,Taipei,121.503031971,25.0957032854,Taipei:geo03,0.4,0.3,0.1,10,1
geometry:route_type:B1,Taipei:15322,Taipei:15322:15322:0:82f01a328700bb3d,215,Taipei,121.502223242,25.0834036245,Taipei:geo02,0.7,0.7,0,10,1
geometry:route_type:B1,Taipei:15331,Taipei:15331:15331:0:b6fc6a9e7bc50eda,紅3區,Taipei,121.54207151,25.082827513,Taipei:geo03,0.1,0.1,0,10,1
geometry:route_type:B1,Taipei:15332,Taipei:15332:153320:0:99baa00cfb21c919,267,Taipei,121.549797894,25.0912048869,Taipei:geo03,0.3,0.2,0.1,10,1
geometry:route_type:B1,Taipei:15333,Taipei:15333:153330:0:143e69a0cc537500,250,Taipei,121.512050769,25.0661656587,Taipei:geo02,0.7,0.7,0,10,1
geometry:route_type:B1,Taipei:15334,Taipei:15334:162434:1:0a9bff9fbbe3b116,北環幹線,Taipei,121.573300166,25.0781221629,Taipei:geo05,0,0,0,10,1
geometry:route_type:B1,Taipei:15335,Taipei:15335:153350:0:deced8bcdb113bae,683,Taipei,121.563186412,25.0836079794,Taipei:geo05,0.7,0.6,0.1,10,1
geometry:route_type:B1,Taipei:15341,Taipei:15341:15341:1:997fadc7b0bdfba1,紅19,Taipei,121.527647365,25.1176480975,Taipei:geo03,0.1,0.2,-0.1,10,1
geometry:route_type:B1,Taipei:15352,Taipei:15352:153520:0:79fb60548b9a2ed0,268,Taipei,121.548194758,25.0966351773,Taipei:geo03,0.4,0.3,0.1,10,1
geometry:route_type:B1,Taipei:15353,Taipei:15353:157765:0:88a49d17c4980583,247,Taipei,121.562592358,25.0737880488,Taipei:geo05,0.4,0.2,0.2,10,1
geometry:route_type:B1,Taipei:15355,Taipei:15355:153550:0:531a1635ec5358bb,240直,Taipei,121.588793381,25.063026001,Taipei:geo07,0.3,0.5,-0.2,10,1
geometry:route_type:B1,Taipei:15358,Taipei:15358:153580:0:25adee7fc324d653,247區,Taipei,121.572649961,25.0769610655,Taipei:geo05,0.6,0.6,0,10,1
geometry:route_type:B1,Taipei:15359,Taipei:15359:153590:0:5a656880b9c1ee8a,681,Taipei,121.563837204,25.1024248742,Taipei:geo03,0.6,0.4,0.2,10,1
geometry:route_type:B1,Taipei:15361,Taipei:15361:157468:0:43acf7ed09691a39,藍7,Taipei,121.569094049,25.0683798023,Taipei:geo05,0.2,0.2,0,10,1
geometry:route_type:B1,Taipei:15362,Taipei:15362:15362:0:27dfa05f91be8127,72,Taipei,121.542849765,25.0528362176,Taipei:geo02,0.6,0.8,-0.2,10,1
geometry:route_type:B1,Taipei:15372,Taipei:15372:15372:0:163bb9cd7b3e6a5f,206,Taipei,121.520572725,25.0850139629,Taipei:geo03,0.5,0.3,0.2,10,1
geometry:route_type:B1,Taipei:15373,Taipei:15373:15373:0:390e20d15b623d8c,中山幹線,Taipei,121.521602648,25.0750944548,Taipei:geo02,0.1,0.1,0,10,1
geometry:route_type:B1,Taipei:15375,Taipei:15375:15375:0:183fd586c5e3b65b,224,Taipei,121.524605258,25.1199607,Taipei:geo03,0.4,0.4,0,10,1
geometry:route_type:B1,Taipei:15381,Taipei:15381:153810:0:48eb7b659d0dabe1,246,Taipei,121.512202492,25.0575619834,Taipei:geo02,0.7,0.7,0,10,1
geometry:route_type:B1,Taipei:15391,Taipei:15391:15391:0:86dc9b42de6c14ea,279,Taipei,121.55053741,25.0693023061,Taipei:geo05,0.5,0.6,-0.1,10,1
geometry:route_type:B1,Taipei:15512,Taipei:15512:155120:0:b97b28635d972457,675,Taipei,121.590932375,25.0520306234,Taipei:geo07,0.8,0.8,0,10,1
geometry:route_type:B1,Taipei:15513,Taipei:15513:155130:0:086879b3c300a8a2,711,Taipei,121.600471863,25.0599579512,Taipei:geo07,0.9,0.7,0.2,10,1
geometry:route_type:B1,Taipei:15514,Taipei:15514:155716:0:f4bdbdf3e3f39a8f,605,Taipei,121.587061154,25.0527882236,Taipei:geo07,1,0.7,0.3,10,1
geometry:route_type:B1,Taipei:15515,Taipei:15515:155150:0:f2fa4f6499aa1b7d,668,Taipei,121.58492283,25.0493591214,Taipei:geo07,0.8,0.7,0.1,10,1
geometry:route_type:B1,Taipei:15516,Taipei:15516:155719:0:9e1506aed43ee335,605快,Taipei,121.58514214,25.059636347,Taipei:geo05,0.7,0.4,0.3,10,1
geometry:route_type:B1,Taipei:15517,Taipei:15517:155717:0:a4948f1641dca543,605副,Taipei,121.623788216,25.0587791434,Taipei:geo07,0.5,0.2,0.3,10,1
geometry:route_type:B1,Taipei:15518,Taipei:15518:155718:0:fed371549594d668,605新台五,Taipei,121.591835896,25.0535381644,Taipei:geo07,0.9,0.7,0.2,10,1
geometry:route_type:B1,Taipei:15521,Taipei:15521:15521:0:1328370c129f9f74,227,Taipei,121.508145494,25.0407387417,Taipei:geo00,1,0.7,0.3,10,1
geometry:route_type:B1,Taipei:15522,Taipei:15522:15522:0:ab7f1b4674c539ac,227區,Taipei,121.49476824,25.0608243806,Taipei:geo00,1,1,0,10,1
geometry:route_type:B1,Taipei:15531,Taipei:15531:15531:0:69771c9c22ae4f5c,紅12,Taipei,121.525617522,25.1076723511,Taipei:geo03,0.2,0.2,0,10,1
geometry:route_type:B1,Taipei:15532,Taipei:15532:155320:0:d72fcfb16585ef07,300,Taipei,121.521431322,25.0751202932,Taipei:geo02,0.6,0.2,0.4,10,1
geometry:route_type:B1,Taipei:15541,Taipei:15541:15541:0:d26a5d3ccab13275,紅15,Taipei,121.519787641,25.0970055916,Taipei:geo03,0.4,0.3,0.1,10,1
geometry:route_type:B1,Taipei:15546,Taipei:15546:15546:0:bdd67f0c1bd564f8,280,Taipei,121.528625436,25.0655164544,Taipei:geo02,0.8,0.8,0,10,1
geometry:route_type:B1,Taipei:15551,Taipei:15551:15551:0:8587b47489ef9e05,紅30,Taipei,121.52724365,25.0948379521,Taipei:geo03,0.2,0.2,0,10,1
geometry:route_type:B1,Taipei:15553,Taipei:15553:155530:0:e112e759e96a1ef9,304承德,Taipei,121.519668087,25.0509690461,Taipei:geo02,0.7,0.7,0,10,1
geometry:route_type:B1,Taipei:15554,Taipei:15554:155540:0:736084abd0185cf4,304重慶,Taipei,121.517592761,25.0524822524,Taipei:geo02,0.8,0.7,0.1,10,1
geometry:route_type:B1,Taipei:15561,Taipei:15561:155610:0:92bfa3f53286d9a5,214,Taipei,121.539920892,25.0426909538,Taipei:geo04,0.8,0.5,0.3,10,1
geometry:route_type:B1,Taipei:15562,Taipei:15562:155620:0:5955ebbd34575d9e,214直,Taipei,121.516985286,25.0247736683,Taipei:geo04,0.8,0.9,-0.1,10,1
geometry:route_type:B1,Taipei:15563,Taipei:15563:15563:0:61535d1894813b41,311,Taipei,121.5287152,25.0191780532,Taipei:geo04,0.6,0.7,-0.1,10,1
geometry:route_type:B1,Taipei:15571,Taipei:15571:155710:1:6fbcebf2f353baa1,600,Taipei,121.566980262,25.047185526,Taipei:geo05,0.8,0.7,0.1,10,1
geometry:route_type:B1,Taipei:15572,Taipei:15572:159706:0:dc3aea9add3257de,207,Taipei,121.554831035,25.0263003503,Taipei:geo04,0.4,0.5,-0.1,10,1
geometry:route_type:B1,Taipei:15573,Taipei:15573:155856:0:ffbd8ed204d74151,市民小巴8,Taipei,121.517706007,25.0911921311,Taipei:geo03,0.1,0.1,0,10,1
geometry:route_type:B1,Taipei:15581,Taipei:15581:159390:0:0491eae1680b6cd7,616,Taipei,121.4898906,25.0703002633,Taipei:geo00,0.9,0.6,0.3,10,1
geometry:route_type:B1,Taipei:15657,Taipei:15657:15657:0:dcf1063616d32ceb,280直,Taipei,121.530283623,25.0654693051,Taipei:geo02,0.7,0.8,-0.1,10,1
geometry:route_type:B1,Taipei:15664,Taipei:15664:155808:0:881291b3ef3d5f79,39夜,Taipei,121.494017447,25.0663012198,Taipei:geo00,0.8,0.8,0,10,1
geometry:route_type:B1,Taipei:15676,Taipei:15676:155820:0:099bd836890904fc,內科通勤專車10,Taipei,121.542496128,25.0107548929,Taipei:geo04,0.1,0,0.1,10,1
geometry:route_type:B1,Taipei:15677,Taipei:15677:155836:0:18af830b16a9f75c,內科通勤專車11,Taipei,121.520167658,25.0559969267,Taipei:geo02,0.3,0.1,0.2,10,1
geometry:route_type:B1,Taipei:15678,Taipei:15678:155837:0:4279b53532e11aa8,內科通勤專車12,Taipei,121.519739949,25.0568110691,Taipei:geo02,0.2,0.1,0.1,10,1
geometry:route_type:B1,Taipei:15679,Taipei:15679:155838:0:8b780243a5494702,內科通勤專車13,Taipei,121.542861904,25.0943397745,Taipei:geo03,0.4,0.4,0,10,1
geometry:route_type:B1,Taipei:15680,Taipei:15680:155839:0:e9d5b664ba3e858b,內科通勤專車15,Taipei,121.537577711,25.0989265828,Taipei:geo03,0.3,0.2,0.1,10,1
geometry:route_type:B1,Taipei:15681,Taipei:15681:155840:0:666bd17db9088282,內科通勤專車16,Taipei,121.534164349,25.1024985516,Taipei:geo03,0.4,0.2,0.2,10,1
geometry:route_type:B1,Taipei:15682,Taipei:15682:155841:0:b149d61e23cd8874,內科通勤專車17,Taipei,121.541697744,25.0815970238,Taipei:geo03,0.4,0.2,0.2,10,1
geometry:route_type:B1,Taipei:15683,Taipei:15683:155843:0:ef518e088fd675bc,內科通勤專車18,Taipei,121.558059527,25.0673939369,Taipei:geo05,0.1,0.1,0,10,1
geometry:route_type:B1,Taipei:15684,Taipei:15684:155844:0:4ed609444dbd00c2,內科通勤專車19,Taipei,121.570883583,25.0639347307,Taipei:geo05,0.3,0.2,0.1,10,1
geometry:route_type:B1,Taipei:15685,Taipei:15685:155845:0:0ae93f9708861b67,內科通勤專車2,Taipei,121.528042568,25.0436091511,Taipei:geo02,0.1,0.2,-0.1,10,1
geometry:route_type:B1,Taipei:15686,Taipei:15686:155846:0:1b24a09b727c9216,內科通勤專車20,Taipei,121.572233354,25.0628030289,Taipei:geo05,0.4,0.2,0.2,10,1
geometry:route_type:B1,Taipei:15687,Taipei:15687:155847:0:cc5e3d1a990b3090,內科通勤專車3,Taipei,121.530375651,25.0446707069,Taipei:geo02,0.1,0.2,-0.1,10,1
geometry:route_type:B1,Taipei:15688,Taipei:15688:155848:0:31fda7ee69c17abf,內科通勤專車5,Taipei,121.572516103,25.0508926188,Taipei:geo05,0.5,0.1,0.4,10,1
geometry:route_type:B1,Taipei:15689,Taipei:15689:155849:0:4506a25c1364fcb4,內科通勤專車6,Taipei,121.530937651,25.060592516,Taipei:geo02,0.2,0,0.2,10,1
geometry:route_type:B1,Taipei:15690,Taipei:15690:155850:0:9297ffc8bc2b43fc,內科通勤專車7,Taipei,121.620649161,25.0646090921,Taipei:geo07,0,0,0,10,1
geometry:route_type:B1,Taipei:15691,Taipei:15691:155851:0:22a63fb9a98ceebd,內科通勤專車8,Taipei,121.578699647,25.0666303555,Taipei:geo05,0.2,0,0.2,10,1
geometry:route_type:B1,Taipei:15693,Taipei:15693:157818:0:707b7b017739f819,內科快線2,Taipei,121.57101453,25.0660936912,Taipei:geo05,0.4,0.2,0.2,10,1
geometry:route_type:B1,Taipei:15694,Taipei:15694:155827:0:81df3adc6174f773,南軟通勤專車中和線,Taipei,121.547201243,25.0259276619,Taipei:geo04,0.3,0.1,0.2,10,1
geometry:route_type:B1,Taipei:15695,Taipei:15695:155828:0:47df45f188206c0d,南軟通勤專車天母線,Taipei,121.552598864,25.0827006034,Taipei:geo05,0.4,0.4,0,10,1
geometry:route_type:B1,Taipei:15696,Taipei:15696:155829:0:cbde5c38bb7b8e7a,南軟通勤專車北投線,Taipei,121.545816921,25.0879165312,Taipei:geo03,0.5,0.3,0.2,10,1
geometry:route_type:B1,Taipei:15698,Taipei:15698:155831:0:17d5dcb06b544df0,南軟通勤專車雙和線,Taipei,121.547562283,25.0274531056,Taipei:geo04,0.3,0.1,0.2,10,1
geometry:route_type:B1,Taipei:15702,Taipei:15702:155835:0:e4881721c05248d0,內科快線1,Taipei,121.555178003,25.0743588123,Taipei:geo05,0.2,0.3,-0.1,10,1
geometry:route_type:B1,Taipei:15708,Taipei:15708:102330:0:515c4df374886e1b,信義幹線,Taipei,121.564689901,25.0414370672,Taipei:geo05,0,0,0,10,1
geometry:route_type:B1,Taipei:15711,Taipei:15711:155859:0:57f04127f9a2a45d,市民小巴9,Taipei,121.5306752,25.0611679871,Taipei:geo02,0,0,0,10,1
geometry:route_type:B1,Taipei:15724,Taipei:15724:155874:0:f7e3110cb7fbbde2,128,Taipei,121.536321668,25.1432322634,Taipei:geo01,0.3,0.2,0.1,10,1
geometry:route_type:B1,Taipei:15726,Taipei:15726:155875:0:719c1a392e5b77c0,129,Taipei,121.529142254,25.1545655327,Taipei:geo01,0.1,0.3,-0.2,10,1
geometry:route_type:B1,Taipei:15730,Taipei:15730:159230:0:c3b33d81125ab689,棕18,Taipei,121.576882827,25.0130571041,Taipei:geo06,0.3,0.1,0.2,10,1
geometry:route_type:B1,Taipei:15731,Taipei:15731:155883:0:40d1101a2d24c085,市民小巴11,Taipei,121.528130927,25.1179182032,Taipei:geo03,0.1,0.1,0,10,1
geometry:route_type:B1,Taipei:15734,Taipei:15734:155888:0:2305ac5a11582d4a,市民小巴10,Taipei,121.586020745,25.0633047163,Taipei:geo05,0,0,0,10,1
geometry:route_type:B1,Taipei:15735,Taipei:15735:155889:0:cb36f93e22dbc844,602,Taipei,121.517129193,25.1231036456,Taipei:geo01,0.4,0.4,0,10,1
geometry:route_type:B1,Taipei:16111,Taipei:16111:157462:1:c3cad2d356b7b06d,307,Taipei,121.503732895,25.0284350665,Taipei:geo00,0.9,0.7,0.2,10,1
geometry:route_type:B1,Taipei:16112,Taipei:16112:16112:1:4513d0c445b1fce4,310,Taipei,121.495764869,25.0469010032,Taipei:geo00,0.8,0.8,0,10,1
geometry:route_type:B1,Taipei:16121,Taipei:16121:16121:0:7ec03bbe7dc0692a,604,Taipei,121.487253331,25.0228513603,Taipei:geo00,1,1,0,10,1
geometry:route_type:B1,Taipei:16122,Taipei:16122:16122:0:0ecfcc5688ce337a,651,Taipei,121.5015684,25.0255729196,Taipei:geo00,0.8,0.7,0.1,10,1
geometry:route_type:B1,Taipei:16125,Taipei:16125:159239:0:ad5afb1ffeba88c9,藍20,Taipei,121.582935102,25.0705434634,Taipei:geo05,0.1,0.1,0,10,1
geometry:route_type:B1,Taipei:16127,Taipei:16127:157862:0:95e92e0ed14c7fec,679,Taipei,121.603458818,25.0140624799,Taipei:geo06,0.5,0.6,-0.1,10,1
geometry:route_type:B1,Taipei:16128,Taipei:16128:155898:0:152ac985ccec9b3f,225區,Taipei,121.498484052,25.0733890877,Taipei:geo02,0.9,0.8,0.1,10,1
geometry:route_type:B1,Taipei:16131,Taipei:16131:155928:0:f6004f806b4ee410,265夜,Taipei,121.479884605,25.0166371481,Taipei:geo00,1,0.8,0.2,10,1
geometry:route_type:B1,Taipei:16132,Taipei:16132:157442:0:3cf10f696fe00354,212夜,Taipei,121.55913887,25.0429325313,Taipei:geo05,0.8,0.9,-0.1,10,1
geometry:route_type:B1,Taipei:16133,Taipei:16133:161957:0:255347f3a30c7067,小9區,Taipei,121.515917831,25.1447732082,Taipei:geo01,0.7,0.8,-0.1,10,1
geometry:route_type:B1,Taipei:16140,Taipei:16140:162297:0:09515291fec2cc10,貓空左線(指南宮),Taipei,121.596658159,24.9707449944,Taipei:geo06,0.4,0.3,0.1,10,1
geometry:route_type:B1,Taipei:16153,Taipei:16153:155904:0:cc3689f74ac4e83b,棕19,Taipei,121.612260898,25.0660553879,Taipei:geo07,0.1,0,0.1,10,1
geometry:route_type:B1,Taipei:16157,Taipei:16157:155919:0:3a18e500ce05826d,208直,Taipei,121.528332296,25.0338942403,Taipei:geo04,0.7,0.7,0,10,1
geometry:route_type:B1,Taipei:16158,Taipei:16158:155924:0:532587da278816a7,292副,Taipei,121.522774397,25.0510282258,Taipei:geo02,0.9,0.8,0.1,10,1
geometry:route_type:B1,Taipei:16163,Taipei:16163:155930:1:5d2651b6322093e8,貓空左線(動物園),Taipei,121.58830661,24.9826415959,Taipei:geo06,0.2,0.2,0,10,1
geometry:route_type:B1,Taipei:16164,Taipei:16164:155931:0:dbe87cb7040b4c85,市民小巴12,Taipei,121.51270579,25.0925907383,Taipei:geo03,0.1,0.1,0,10,1
geometry:route_type:B1,Taipei:16166,Taipei:16166:159663:1:41ed0e792bf52577,紅50,Taipei,121.553955309,25.065140011,Taipei:geo05,0.2,0,0.2,10,1
geometry:route_type:B1,Taipei:16168,Taipei:16168:155937:0:a06576c7360881ac,108區,Taipei,121.54099514,25.1702307164,Taipei:geo01,0.5,0.5,0,10,1
geometry:route_type:B1,Taipei:16169,Taipei:16169:155938:0:6fb57c9737e42086,672區,Taipei,121.524479838,24.9984422147,Taipei:geo04,0.5,0.8,-0.3,10,1
geometry:route_type:B1,Taipei:16172,Taipei:16172:155956:0:974cacb4f60d4c23,懷恩專車S31,Taipei,121.54146392,25.0190169961,Taipei:geo04,0.3,0.2,0.1,10,1
geometry:route_type:B1,Taipei:16174,Taipei:16174:155942:0:6a611f2d16f8ae8d,棕20,Taipei,121.562833989,25.0819340229,Taipei:geo05,0.1,0.1,0,10,1
geometry:route_type:B1,Taipei:16184,Taipei:16184:157886:0:ccaf5f4dfca2c2b3,680,Taipei,121.539036999,25.073336976,Taipei:geo02,0.8,0.7,0.1,10,1
geometry:route_type:B1,Taipei:16439,Taipei:16439:157441:0:f07c993aa54e5bba,278區,Taipei,121.544195758,25.0293312869,Taipei:geo04,0.7,0.5,0.2,10,1
geometry:route_type:B1,Taipei:16440,Taipei:16440:157444:0:47341bc430ecea49,藍50,Taipei,121.585149195,25.05899202,Taipei:geo05,0,0,0,10,1
geometry:route_type:B1,Taipei:16504,Taipei:16504:157534:0:fae257ed242c7685,756,Taipei,121.487233826,25.1151979433,Taipei:geo01,0.8,0.5,0.3,10,1
geometry:route_type:B1,Taipei:16506,Taipei:16506:157539:0:ac0da39aaad27222,藍51,Taipei,121.611834876,25.0613218367,Taipei:geo07,0.1,0.1,0,10,1
geometry:route_type:B1,Taipei:16508,Taipei:16508:157541:0:6f400cc930dde012,懷恩專車S33,Taipei,121.544878554,25.0320595131,Taipei:geo04,0.3,0,0.3,10,1
geometry:route_type:B1,Taipei:16559,Taipei:16559:157594:0:6156bc474a419fab,42區,Taipei,121.537994941,25.0785558759,Taipei:geo02,0.3,0.3,0,10,1
geometry:route_type:B1,Taipei:16568,Taipei:16568:159455:1:3ed21fdc967a8863,棕21,Taipei,121.577976807,25.0064696385,Taipei:geo06,0.6,0.2,0.4,10,1
geometry:route_type:B1,Taipei:16648,Taipei:16648:157713:0:e297da986c4c0285,小28,Taipei,121.502470655,25.1373660714,Taipei:geo01,0.8,0.7,0.1,10,1
geometry:route_type:B1,Taipei:16649,Taipei:16649:157714:0:838a2388f6c24cbb,市民小巴15,Taipei,121.601668858,25.0572117465,Taipei:geo07,0,0,0,10,1
geometry:route_type:B1,Taipei:16706,Taipei:16706:157798:0:8a28c84afb442f05,758,Taipei,121.483555271,25.0397908293,Taipei:geo00,1,0.9,0.1,10,1
geometry:route_type:B1,Taipei:16707,Taipei:16707:157799:0:fa0f1d87bbbda9a7,757,Taipei,121.479851489,25.122115415,Taipei:geo01,0.7,0.4,0.3,10,1
geometry:route_type:B1,Taipei:16709,Taipei:16709:157801:0:4fdc3bfc55170026,254區,Taipei,121.52862821,25.0008259856,Taipei:geo04,0.4,0.7,-0.3,10,1
geometry:route_type:B1,Taipei:16746,Taipei:16746:157855:0:4697ed9b41ece43b,1717,Taipei,121.559498455,25.152157123,Taipei:geo01,0.4,0.6,-0.2,10,1
geometry:route_type:B1,Taipei:16747,Taipei:16747:157857:0:079781b60964ef8a,棕22,Taipei,121.537710382,25.0096696148,Taipei:geo04,0.1,0.1,0,10,1
geometry:route_type:B1,Taipei:16749,Taipei:16749:157860:0:62854fe2f430f970,紅55,Taipei,121.469063446,25.1315427369,Taipei:geo01,0.3,0.3,0,10,1
geometry:route_type:B1,Taipei:16750,Taipei:16750:157859:0:ffc60bfce9ae94ff,紅55區,Taipei,121.466669295,25.1269942267,Taipei:geo01,0.3,0.3,0,10,1
geometry:route_type:B1,Taipei:17018,Taipei:17018:158145:0:b51b37122997e929,懷恩專車S32,Taipei,121.551903616,25.0190628358,Taipei:geo04,0.3,0.1,0.2,10,1
geometry:route_type:B1,Taipei:17020,Taipei:17020:158146:0:c21b6c4b418b0211,小30,Taipei,121.559403024,25.0100064083,Taipei:geo06,0,0,0,10,1
geometry:route_type:B1,Taipei:17022,Taipei:17022:158149:0:ee69a90d64419521,紅57,Taipei,121.538593301,25.0396584577,Taipei:geo04,0,0,0,10,1
geometry:route_type:B1,Taipei:17333,Taipei:17333:158480:0:7f5772f5541d52c3,557,Taipei,121.530213173,25.0958280359,Taipei:geo03,0.3,0.3,0,10,1
geometry:route_type:B1,Taipei:17363,Taipei:17363:158510:0:03f87f65335999c5,949,Taipei,121.576878977,25.0110689799,Taipei:geo06,0.6,0.5,0.1,10,1
geometry:route_type:B1,Taipei:17390,Taipei:17390:158544:0:d754a32864045cf4,950,Taipei,121.543420153,25.0301083202,Taipei:geo04,0.6,0.5,0.1,10,1
geometry:route_type:B1,Taipei:17436,Taipei:17436:158592:0:b3c0867f847832dd,紅3,Taipei,121.545360165,25.0801951852,Taipei:geo03,0.1,0.1,0,10,1
geometry:route_type:B1,Taipei:17512,Taipei:17512:158675:0:5a4189ad4eafb3e5,311區,Taipei,121.508337764,25.0020738468,Taipei:geo04,0.5,0.6,-0.1,10,1
geometry:route_type:B1,Taipei:17555,Taipei:17555:158725:0:0f10ff76e8409be3,東環幹線,Taipei,121.57445591,25.0623616752,Taipei:geo05,0,0.2,-0.2,10,1
geometry:route_type:B1,Taipei:17556,Taipei:17556:158726:0:d78e34a95f0bb8a0,綠17,Taipei,121.502803306,25.0367250962,Taipei:geo00,0,0,0,10,1
geometry:route_type:B1,Taipei:17560,Taipei:17560:158730:0:cb808552ed3117ec,兒樂1號線,Taipei,121.521009814,25.0975591185,Taipei:geo03,0.1,0.2,-0.1,10,1
geometry:route_type:B1,Taipei:17561,Taipei:17561:158731:0:9b572dea569ae6c8,兒樂2號線,Taipei,121.520036338,25.0909375005,Taipei:geo03,0.1,0.1,0,10,1
geometry:route_type:B1,Taipei:17580,Taipei:17580:158751:0:767a200c83794c26,花季專車124,Taipei,121.544617227,25.16740916,Taipei:geo01,0,0,0,10,1
geometry:route_type:B1,Taipei:17709,Taipei:17709:158892:0:611b82099fad4a1b,955,Taipei,121.61339197,25.0659069305,Taipei:geo07,0.6,0.3,0.3,10,1
geometry:route_type:B1,Taipei:17740,Taipei:17740:159045:0:b3b38a759fc87fb7,957,Taipei,121.484066035,25.131754948,Taipei:geo01,0.7,0.4,0.3,10,1
geometry:route_type:B1,Taipei:17800,Taipei:17800:159145:0:52348650d2d97f30,臺北觀光巴士紅線,Taipei,121.532460032,25.038519483,Taipei:geo04,0,0.1,-0.1,10,1
geometry:route_type:B1,Taipei:17801,Taipei:17801:159146:0:eadbb3d1ef5e980a,臺北觀光巴士藍線,Taipei,121.526861236,25.0756612468,Taipei:geo02,0,0.3,-0.3,10,1
geometry:route_type:B1,Taipei:17805,Taipei:17805:159150:0:cb03357d017d22b9,559,Taipei,121.51356825,25.1207227666,Taipei:geo01,0.3,0.4,-0.1,10,1
geometry:route_type:B1,Taipei:17825,Taipei:17825:159189:0:aed5f8559476d87a,660區,Taipei,121.590078594,24.999069931,Taipei:geo06,0.9,0.5,0.4,10,1
geometry:route_type:B1,Taipei:17869,Taipei:17869:159297:0:37669ed954a3b249,88區,Taipei,121.555133746,25.0359266603,Taipei:geo04,0.8,0.9,-0.1,10,1
geometry:route_type:B1,Taipei:17908,Taipei:17908:159369:0:e1df9f5c268e5bb0,市民小巴16,Taipei,121.531209026,25.115647047,Taipei:geo03,0.1,0.1,0,10,1
geometry:route_type:B1,Taipei:17928,Taipei:17928:162432:0:8dc51b004076fcda,907通勤,Taipei,121.599391739,25.0404499254,Taipei:geo07,0.9,0.7,0.2,10,1
geometry:route_type:B1,Taipei:17929,Taipei:17929:159413:0:94382f9f2186f494,紅68,Taipei,121.510800732,25.1011650538,Taipei:geo03,0.5,0.3,0.2,10,1
geometry:route_type:B1,Taipei:17944,Taipei:17944:159442:0:ea61a5dad2d306da,66,Taipei,121.572070331,25.0099261613,Taipei:geo06,0.5,0.6,-0.1,10,1
geometry:route_type:B1,Taipei:17952,Taipei:17952:159454:0:8dd4d102b1c2dfc6,617副,Taipei,121.526593048,25.064079292,Taipei:geo02,0.4,0.8,-0.4,10,1
geometry:route_type:B1,Taipei:17967,Taipei:17967:159543:1:7a9a811a29323117,通勤7,Taipei,121.578715692,25.0219742598,Taipei:geo06,0,0,0,10,1
geometry:route_type:B1,Taipei:17993,Taipei:17993:159588:0:ab75319a0c62b420,紅10區,Taipei,121.519788008,25.0901347028,Taipei:geo03,0.4,0.1,0.3,10,1
geometry:route_type:B1,Taipei:18015,Taipei:18015:159636:0:8caecd691134f076,內科通勤專車21,Taipei,121.522817296,25.0422078832,Taipei:geo02,0.2,0.2,0,10,1
geometry:route_type:B1,Taipei:18039,Taipei:18039:159671:0:582f2b1fda708d59,通勤9,Taipei,121.514800287,25.1038933605,Taipei:geo03,0,0,0,10,1
geometry:route_type:B1,Taipei:18040,Taipei:18040:159672:0:c526b3e2ed24f091,小10區,Taipei,121.578294906,24.9809092888,Taipei:geo06,0.2,0.2,0,10,1
geometry:route_type:B1,Taipei:18044,Taipei:18044:159688:0:7ef4a3ffef1b7681,藍7副,Taipei,121.569657446,25.0676008909,Taipei:geo05,0.2,0.2,0,10,1
geometry:route_type:B1,Taipei:18057,Taipei:18057:159715:0:a3d6df04a6c044db,295副,Taipei,121.551912364,25.0078552329,Taipei:geo06,0.7,0.5,0.2,10,1
geometry:route_type:B1,Taipei:18198,Taipei:18198:160069:0:6a08d5bbd602d814,通勤11,Taipei,121.52959875,25.0101228193,Taipei:geo04,0.2,0.1,0.1,10,1
geometry:route_type:B1,Taipei:18199,Taipei:18199:160073:0:3f9291b23f6c2660,通勤12,Taipei,121.529966236,25.0080282906,Taipei:geo04,0.2,0.1,0.1,10,1
geometry:route_type:B1,Taipei:18228,Taipei:18228:160117:0:60299961c0898436,通勤13,Taipei,121.54658507,25.0037722342,Taipei:geo04,0.1,0.1,0,10,1
geometry:route_type:B1,Taipei:18348,Taipei:18348:160269:0:00aa1c0dc47105e9,542預,Taipei,121.533371843,25.0661136556,Taipei:geo02,0.6,0.7,-0.1,10,1
geometry:route_type:B1,Taipei:18428,Taipei:18428:161998:1:0807da5a95f70217,通勤16,Taipei,121.611673189,25.0511095505,Taipei:geo07,0,0,0,10,1
geometry:route_type:B1,Taipei:18508,Taipei:18508:160469:0:33ccf14300d2d7ae,棕20預,Taipei,121.564371265,25.0806163271,Taipei:geo05,0.1,0.1,0,10,1
geometry:route_type:B1,Taipei:18648,Taipei:18648:160697:0:87aa756564366295,通勤22,Taipei,121.563910116,25.0077700164,Taipei:geo06,0.1,0,0.1,10,1
geometry:route_type:B1,Taipei:18658,Taipei:18658:160717:0:02d4e74ab9c4d1a2,通勤21,Taipei,121.585964417,24.9858343105,Taipei:geo06,0,0,0,10,1
geometry:route_type:B1,Taipei:18708,Taipei:18708:160767:0:238a9a151651c8cf,通勤24,Taipei,121.554597791,25.01368706,Taipei:geo04,0.1,0,0.1,10,1
geometry:route_type:B1,Taipei:18868,Taipei:18868:161017:0:f96d1916aaa57172,紅35區,Taipei,121.467191776,25.1273294116,Taipei:geo01,0.3,0.3,0,10,1
geometry:route_type:B1,Taipei:19028,Taipei:19028:161287:0:d2bf83e19fdf050f,通勤26,Taipei,121.549698693,25.1022851271,Taipei:geo03,0,0.2,-0.2,10,1
geometry:route_type:B1,Taipei:19108,Taipei:19108:161407:1:e4c057c3173048f3,307西藏三民,Taipei,121.503015799,25.0283842582,Taipei:geo00,0.9,0.7,0.2,10,1
geometry:route_type:B1,Taipei:19159,Taipei:19159:161480:0:6d9bba2612511a31,297預,Taipei,121.515562345,25.019551282,Taipei:geo04,0.7,0.8,-0.1,10,1
geometry:route_type:B1,Taipei:19178,Taipei:19178:161498:0:7b0aa372deb4c8c2,260區預,Taipei,121.537106328,25.1077523441,Taipei:geo03,0.4,0.2,0.2,10,1
geometry:route_type:B1,Taipei:19298,Taipei:19298:161667:0:b3797c1012d5ca2a,紅25區,Taipei,121.57874311,25.0549596364,Taipei:geo05,0.1,0,0.1,10,1
geometry:route_type:B1,Taipei:19408,Taipei:19408:161868:0:364609bd6850f23b,通勤27,Taipei,121.52291855,25.0843778744,Taipei:geo03,0,0.2,-0.2,10,1
geometry:route_type:B1,Taipei:19418,Taipei:19418:161870:0:46c6479b6e3fbb58,小8區,Taipei,121.527340381,25.1437110842,Taipei:geo01,0.6,0.7,-0.1,10,1
geometry:route_type:B1,Taipei:19438,Taipei:19438:161887:0:a4fe87f8fa8c20d6,539預,Taipei,121.501941071,25.0702986909,Taipei:geo02,0.8,0.6,0.2,10,1
geometry:route_type:B1,Taipei:19448,Taipei:19448:161907:0:6e8442f0baf9db7c,市民小巴17,Taipei,121.576837371,25.037086205,Taipei:geo05,0.1,0,0.1,10,1
geometry:route_type:B1,Taipei:19458,Taipei:19458:161937:0:6c65107218044359,683預,Taipei,121.563925687,25.0837152637,Taipei:geo05,0.7,0.6,0.1,10,1
geometry:route_type:B1,Taipei:19488,Taipei:19488:162007:0:8f76b47c4b9b14f5,通勤28,Taipei,121.510171724,25.0796119905,Taipei:geo02,0,0.1,-0.1,10,1
geometry:route_type:B1,Taipei:19528,Taipei:19528:162047:0:d10d798c13f21924,246預,Taipei,121.512137272,25.0572896082,Taipei:geo02,0.7,0.7,0,10,1
geometry:route_type:B1,Taipei:19539,Taipei:19539:162058:0:1713ad9d8d9cd90e,通勤29,Taipei,121.576359018,25.0544787299,Taipei:geo05,0.2,0.2,0,10,1
geometry:route_type:B1,Taipei:19618,Taipei:19618:162177:0:3071a52bb584e0e3,市民小巴18,Taipei,121.567556311,25.0552770121,Taipei:geo05,0,0,0,10,1
geometry:route_type:B1,Taipei:19648,Taipei:19648:162247:0:8be02cee1e2ebdcd,懷恩專車S34,Taipei,121.539218648,25.0221648941,Taipei:geo04,0.2,0.1,0.1,10,1
geometry:route_type:B1,Taipei:19678,Taipei:19678:162277:0:223273bd5a08500f,261預,Taipei,121.493941775,25.0667609638,Taipei:geo00,0.8,0.8,0,10,1
geometry:route_type:B1,Taipei:19688,Taipei:19688:162308:0:c02917c7d9526d2d,310區,Taipei,121.47759323,25.028582305,Taipei:geo00,1,0.8,0.2,10,1
geometry:route_type:B1,Taipei:19698,Taipei:19698:162320:0:b33dc523df5d63ed,小15區預,Taipei,121.544582236,25.1178135307,Taipei:geo03,0.5,0.4,0.1,10,1
geometry:route_type:B1,Taipei:19716,Taipei:19716:162397:0:fc3c2792aefb0dbe,小39,Taipei,121.51261923,25.1391870363,Taipei:geo01,0.8,0.7,0.1,10,1
geometry:route_type:B1,Taipei:19717,Taipei:19717:162399:0:f2e7c2d79fdc0116,302區,Taipei,121.495938924,25.119101882,Taipei:geo01,0.7,0.6,0.1,10,1
geometry:route_type:B1,Taipei:19718,Taipei:19718:162402:0:f827633623a89461,902區,Taipei,121.551494467,25.0380898866,Taipei:geo04,0.7,0.9,-0.2,10,1
geometry:route_type:B1,Taipei:19719,Taipei:19719:162403:0:7e1a91685333b8e9,紅68預,Taipei,121.5111442,25.1013078182,Taipei:geo03,0.5,0.3,0.2,10,1
geometry:route_type:B1,Taipei:19720,Taipei:19720:162405:0:7731d47c4d2bfb08,536區,Taipei,121.504283285,25.1004945266,Taipei:geo03,0.2,0.3,-0.1,10,1
geometry:route_type:B1,Taipei:19721,Taipei:19721:162406:0:18f4c25932c20617,雙園巴士,Taipei,121.581643858,25.0667172495,Taipei:geo05,0,0,0,10,1
geometry:route_type:B1,Taipei:19755,Taipei:19755:162471:0:9967c39e9859a1a0,新莊-臺北車站,Taipei,121.483387007,25.0555570994,Taipei:geo00,0.1,0.3,-0.2,10,1
geometry:route_type:B1,Taipei:19759,Taipei:19759:162482:0:84abca0b169e147d,通勤30,Taipei,121.519394995,25.0756101037,Taipei:geo02,0,0.3,-0.3,10,1
geometry:route_type:B1,Taipei:19776,Taipei:19776:162507:0:49679ae5bfa42902,綠18,Taipei,121.551088826,24.9870970485,Taipei:geo06,0.1,0.2,-0.1,10,1
geometry:route_type:B1,Taipei:19779,Taipei:19779:162537:0:3b9e2c43acd48d37,北士科1,Taipei,121.521514749,25.1046907693,Taipei:geo03,0.1,0.2,-0.1,10,1
geometry:route_type:B1,Taipei:19798,Taipei:19798:162616:0:38b742654df32227,606通勤,Taipei,121.53796818,25.0471156394,Taipei:geo02,0.8,0.5,0.3,10,1
geometry:route_type:B1,Taipei:810,Taipei:810:810:0:a97c548ba05f7eaa,敦化幹線,Taipei,121.537249554,25.0714715778,Taipei:geo02,0,0,0,10,1
geometry:route_type:B2,NewTaipei:10116,NewTaipei:10116:101160:0:ff7bdc67505e9598,242,NewTaipei,121.509319152,25.009180583,NewTaipei:geo03,1,0.7,0.3,10,1
geometry:route_type:B2,NewTaipei:10143,NewTaipei:10143:10143:0:b56855db4cf7d5ae,棕7,NewTaipei,121.545221155,24.9859435308,NewTaipei:geo03,0.2,0.2,0,10,1
geometry:route_type:B2,NewTaipei:10148,NewTaipei:10148:101480:0:466ad563122a78aa,702,NewTaipei,121.400848129,24.9739634022,NewTaipei:geo00,0.8,0.9,-0.1,10,1
geometry:route_type:B2,NewTaipei:10149,NewTaipei:10149:101490:0:8795353df3583e42,624綠野香坡,NewTaipei,121.505240043,24.9892807947,NewTaipei:geo03,0.8,1,-0.2,10,1
geometry:route_type:B2,NewTaipei:10151,NewTaipei:10151:101510:0:995ae95c0ef44acc,701,NewTaipei,121.447061631,25.0115495113,NewTaipei:geo02,0.8,0.8,0,10,1
geometry:route_type:B2,NewTaipei:10161,NewTaipei:10161:101610:0:4f2968b52dfcb7e7,231,NewTaipei,121.479437471,25.012536982,NewTaipei:geo03,0.8,0.8,0,10,1
geometry:route_type:B2,NewTaipei:10162,NewTaipei:10162:10162:0:37cc628cc28a412d,245,NewTaipei,121.47602604,25.0150112199,NewTaipei:geo03,1,1,0,10,1
geometry:route_type:B2,NewTaipei:10163,NewTaipei:10163:158438:0:6532562bb7767d0b,656,NewTaipei,121.474635399,25.0138304114,NewTaipei:geo03,1,1,0,10,1
geometry:route_type:B2,NewTaipei:10164,NewTaipei:10164:10164:1:a6865ea531d7320d,657,NewTaipei,121.463799934,24.9991092794,NewTaipei:geo03,0.6,0.3,0.3,10,1
geometry:route_type:B2,NewTaipei:10171,NewTaipei:10171:101710:0:98973ebc62b4e2a4,201,NewTaipei,121.492436456,25.0116682614,NewTaipei:geo03,0.7,0.4,0.3,10,1
geometry:route_type:B2,NewTaipei:10172,NewTaipei:10172:101720:0:e4568c6a58eb0426,243,NewTaipei,121.504757529,25.0147400033,NewTaipei:geo03,0.8,0.6,0.2,10,1
geometry:route_type:B2,NewTaipei:10173,NewTaipei:10173:10173:0:c37095860ef814ee,241,NewTaipei,121.511007818,25.0064751787,NewTaipei:geo03,0.9,0.8,0.1,10,1
geometry:route_type:B2,NewTaipei:10195,NewTaipei:10195:101950:0:2edae7707d881214,705,NewTaipei,121.429646389,24.9759311334,NewTaipei:geo00,0.6,0.6,0,10,1
geometry:route_type:B2,NewTaipei:10196,NewTaipei:10196:158514:0:97ba35e037ac79fe,706,NewTaipei,121.444008744,24.9762242579,NewTaipei:geo00,0.6,0.6,0,10,1
geometry:route_type:B2,NewTaipei:10281,NewTaipei:10281:158434:0:9bbe0e4d7030c1b6,藍2,NewTaipei,121.461314562,25.0339653692,NewTaipei:geo02,0,0,0,10,1
geometry:route_type:B2,NewTaipei:10325,NewTaipei:10325:158645:0:d50e277fc0e2a519,909,NewTaipei,121.526722472,24.9888506606,NewTaipei:geo03,0.7,0.6,0.1,10,1
geometry:route_type:B2,NewTaipei:10329,NewTaipei:10329:10329:0:19eb6d1ec1896e66,906,NewTaipei,121.528346012,24.9924983541,NewTaipei:geo03,0.7,0.7,0,10,1
geometry:route_type:B2,NewTaipei:10424,NewTaipei:10424:10424:0:3c6ba69d5785da66,520,NewTaipei,121.480812697,25.0636170989,NewTaipei:geo02,0.9,0.7,0.2,10,1
geometry:route_type:B2,NewTaipei:10453,NewTaipei:10453:158513:0:6b884c958d9a56f2,640,NewTaipei,121.474301606,25.0646461226,NewTaipei:geo02,0.8,0.7,0.1,10,1
geometry:route_type:B2,NewTaipei:10474,NewTaipei:10474:10474:0:3da456d90f518a0d,636,NewTaipei,121.464220248,25.0423837346,NewTaipei:geo02,0.9,0.9,0,10,1
geometry:route_type:B2,NewTaipei:10475,NewTaipei:10475:158511:0:e2bbc3b542a0944a,635,NewTaipei,121.458629341,25.0367362827,NewTaipei:geo02,0.9,0.7,0.2,10,1
geometry:route_type:B2,NewTaipei:10491,NewTaipei:10491:104910:0:50a7a3e32b5246cf,637,NewTaipei,121.454669281,25.0489042232,NewTaipei:geo02,1,0.9,0.1,10,1
geometry:route_type:B2,NewTaipei:10492,NewTaipei:10492:104920:0:451a2f199685c72e,638,NewTaipei,121.466358695,25.0533308856,NewTaipei:geo02,1,1,0,10,1
geometry:route_type:B2,NewTaipei:10511,NewTaipei:10511:105110:0:a7cd1a1880f65d57,639,NewTaipei,121.458524382,25.0326087444,NewTaipei:geo02,0.9,0.9,0,10,1
geometry:route_type:B2,NewTaipei:10731,NewTaipei:10731:158439:0:eb3e1ece8f40788b,綠2左,NewTaipei,121.538013733,24.9887056528,NewTaipei:geo03,0.2,0.1,0.1,10,1
geometry:route_type:B2,NewTaipei:10732,NewTaipei:10732:158436:0:b3cdc49ee57cc087,綠2右,NewTaipei,121.535661611,24.9929612831,NewTaipei:geo03,0.2,0,0.2,10,1
geometry:route_type:B2,NewTaipei:10753,NewTaipei:10753:107530:0:896dd5157763170d,666華梵大學,NewTaipei,121.62190555,24.9934221443,NewTaipei:geo06,0.8,0.7,0.1,10,1
geometry:route_type:B2,NewTaipei:10772,NewTaipei:10772:158435:0:1fd0289257a63bf1,249,NewTaipei,121.514890777,25.0117374304,NewTaipei:geo03,1,0.5,0.5,10,1
geometry:route_type:B2,NewTaipei:10784,NewTaipei:10784:158646:0:a1be720352ca62b6,290副,NewTaipei,121.538037129,24.9893196368,NewTaipei:geo03,0.2,0.3,-0.1,10,1
geometry:route_type:B2,NewTaipei:11244,NewTaipei:11244:158644:0:6f3b44a495988e6d,62,NewTaipei,121.495369643,25.0560890016,NewTaipei:geo02,0.6,0.6,0,10,1
geometry:route_type:B2,NewTaipei:15224,NewTaipei:15224:158440:0:42d382630157eddd,631,NewTaipei,121.476111811,25.1585429546,NewTaipei:geo01,0.4,0.5,-0.1,10,1
geometry:route_type:B2,NewTaipei:15638,NewTaipei:15638:15638:0:8665fdcdfd5bb428,677,NewTaipei,121.620796246,25.0732522888,NewTaipei:geo06,0.4,0.6,-0.2,10,1
geometry:route_type:B2,NewTaipei:15717,NewTaipei:15717:15717:0:cce8f6eb61c362e7,913,NewTaipei,121.525869513,24.9962054025,NewTaipei:geo03,0.9,0.9,0,10,1
geometry:route_type:B2,NewTaipei:16113,NewTaipei:16113:16113:0:05803dbd7ae935cd,658,NewTaipei,121.474824058,25.0321458768,NewTaipei:geo02,1,0.5,0.5,10,1
geometry:route_type:B2,NewTaipei:16123,NewTaipei:16123:158437:0:3c5e4731a4b4b30c,667,NewTaipei,121.480409834,25.017978059,NewTaipei:geo03,1,0.7,0.3,10,1
geometry:route_type:B2,NewTaipei:16189,NewTaipei:16189:162575:0:c85ca45c9a903b07,三鶯2線(原812),NewTaipei,121.375713823,24.9300775923,NewTaipei:geo00,0.6,0.5,0.1,10,1
geometry:route_type:B2,NewTaipei:16191,NewTaipei:16191:157186:0:ffcd87d7cf75a642,藍31,NewTaipei,121.473569931,25.0123972029,NewTaipei:geo03,0.3,0.2,0.1,10,1
geometry:route_type:B2,NewTaipei:16207,NewTaipei:16207:157202:0:db4a55dead0282a8,藍44,NewTaipei,121.425998406,24.9812387726,NewTaipei:geo00,0.3,0.2,0.1,10,1
geometry:route_type:B2,NewTaipei:16210,NewTaipei:16210:159937:0:229eb14acc3b7bab,917,NewTaipei,121.384958055,24.9529203844,NewTaipei:geo00,0.5,0.4,0.1,10,1
geometry:route_type:B2,NewTaipei:16215,NewTaipei:16215:157210:0:d111340ad9c69495,848,NewTaipei,121.444365643,25.0027434819,NewTaipei:geo00,0.5,0.4,0.1,10,1
geometry:route_type:B2,NewTaipei:16223,NewTaipei:16223:157218:0:5a35c4e39f131dcb,807,NewTaipei,121.399789984,24.8825744363,NewTaipei:geo00,0.1,0.4,-0.3,10,1
geometry:route_type:B2,NewTaipei:16224,NewTaipei:16224:157219:0:ee4d73835b4e51fc,922,NewTaipei,121.400327579,24.9523211636,NewTaipei:geo00,0.5,0.3,0.2,10,1
geometry:route_type:B2,NewTaipei:16243,NewTaipei:16243:157238:0:7e6338ffc15c7e13,綠15,NewTaipei,121.512835551,24.9639304896,NewTaipei:geo03,0.3,0.4,-0.1,10,1
geometry:route_type:B2,NewTaipei:16258,NewTaipei:16258:157253:0:c90af6eec0eae095,819,NewTaipei,121.585826572,24.9944077043,NewTaipei:geo03,0.6,0.5,0.1,10,1
geometry:route_type:B2,NewTaipei:16265,NewTaipei:16265:157260:0:9cb26a43908cd483,橘1,NewTaipei,121.506098747,24.9702928736,NewTaipei:geo03,0.1,0,0.1,10,1
geometry:route_type:B2,NewTaipei:16269,NewTaipei:16269:157264:0:fea170968f437c8f,836,NewTaipei,121.436682601,25.1730336615,NewTaipei:geo01,0.5,0.2,0.3,10,1
geometry:route_type:B2,NewTaipei:16270,NewTaipei:16270:157265:0:d1e018273448e9e8,838,NewTaipei,121.446395921,25.0952242542,NewTaipei:geo02,0.6,0.5,0.1,10,1
geometry:route_type:B2,NewTaipei:16274,NewTaipei:16274:157269:0:3976469af2beaca4,橘9,NewTaipei,121.497458385,24.9680618056,NewTaipei:geo03,0.1,0,0.1,10,1
geometry:route_type:B2,NewTaipei:16282,NewTaipei:16282:157277:0:e4cef3c5f509aef3,紅38,NewTaipei,121.433816768,25.1857120436,NewTaipei:geo01,0.5,0.4,0.1,10,1
geometry:route_type:B2,NewTaipei:16288,NewTaipei:16288:160578:0:dbb500a8d4d63a4a,紅28,NewTaipei,121.448956244,25.1710341892,NewTaipei:geo01,0.5,0.5,0,10,1
geometry:route_type:B2,NewTaipei:16294,NewTaipei:16294:157289:0:926a4c0b056ede89,藍22,NewTaipei,121.626939608,25.0581687801,NewTaipei:geo06,0.1,0,0.1,10,1
geometry:route_type:B2,NewTaipei:16296,NewTaipei:16296:157291:0:b1cc7983fa2a5e4c,藍15,NewTaipei,121.634146383,25.0600388635,NewTaipei:geo06,0.2,0.3,-0.1,10,1
geometry:route_type:B2,NewTaipei:16393,NewTaipei:16393:157389:0:bc5322e9b6aff990,849,NewTaipei,121.541847701,24.9501970593,NewTaipei:geo03,0.2,0.7,-0.5,10,1
geometry:route_type:B2,NewTaipei:16397,NewTaipei:16397:157393:0:c3848df8ab253cb7,紅51,NewTaipei,121.436729876,25.1851471013,NewTaipei:geo01,0.5,0.4,0.1,10,1
geometry:route_type:B2,NewTaipei:16405,NewTaipei:16405:157401:0:8e2eed2dc354272f,橘5,NewTaipei,121.471221192,25.014136541,NewTaipei:geo03,0,0,0,10,1
geometry:route_type:B2,NewTaipei:16406,NewTaipei:16406:157402:0:a934aeb55537bbd3,8,NewTaipei,121.519521375,24.9758824381,NewTaipei:geo03,0.4,0.2,0.2,10,1
geometry:route_type:B2,NewTaipei:16407,NewTaipei:16407:157403:0:951cb5809e92331c,橘2,NewTaipei,121.509228662,24.9963035508,NewTaipei:geo03,0.1,0,0.1,10,1
geometry:route_type:B2,NewTaipei:16418,NewTaipei:16418:157414:0:fb2547867f6998f5,綠10,NewTaipei,121.530226856,24.9664068249,NewTaipei:geo03,0.3,0.3,0,10,1
geometry:route_type:B2,NewTaipei:16420,NewTaipei:16420:157416:0:60d5a392e00e5851,綠7,NewTaipei,121.525382537,24.9638039231,NewTaipei:geo03,0.3,0.3,0,10,1
geometry:route_type:B2,NewTaipei:16422,NewTaipei:16422:157418:0:7fffc97d7c15c07e,923,NewTaipei,121.629507365,24.9796330943,NewTaipei:geo06,0.8,0.7,0.1,10,1
geometry:route_type:B2,NewTaipei:16423,NewTaipei:16423:157419:0:797029e6ff15f3a0,930,NewTaipei,121.509713254,24.9891865207,NewTaipei:geo03,0.6,0.8,-0.2,10,1
geometry:route_type:B2,NewTaipei:16425,NewTaipei:16425:157421:0:9642ba40e52508c5,811,NewTaipei,121.495536268,25.0749193568,NewTaipei:geo02,0.7,0.7,0,10,1
geometry:route_type:B2,NewTaipei:16427,NewTaipei:16427:157423:0:614597252624e502,839,NewTaipei,121.514429943,24.9556005961,NewTaipei:geo03,0.1,0.1,0,10,1
geometry:route_type:B2,NewTaipei:16429,NewTaipei:16429:157425:1:05c3af4f8106018c,847,NewTaipei,121.422003109,24.9852603538,NewTaipei:geo00,0.7,0.8,-0.1,10,1
geometry:route_type:B2,NewTaipei:16430,NewTaipei:16430:157426:0:c6bc531231826a46,紅36,NewTaipei,121.441346864,25.1766056841,NewTaipei:geo01,0.6,0.5,0.1,10,1
geometry:route_type:B2,NewTaipei:16431,NewTaipei:16431:160948:1:449609585751e5cc,紅37,NewTaipei,121.440716758,25.1857486811,NewTaipei:geo01,0.6,0,0.6,10,1
geometry:route_type:B2,NewTaipei:16432,NewTaipei:16432:157428:0:fd5d8ef2331c9f8c,紅39,NewTaipei,121.442862747,25.1752130378,NewTaipei:geo01,0.6,0.3,0.3,10,1
geometry:route_type:B2,NewTaipei:16461,NewTaipei:16461:157481:0:f2013d00bdb2e426,707,NewTaipei,121.471061389,24.9876986477,NewTaipei:geo03,0.6,0.8,-0.2,10,1
geometry:route_type:B2,NewTaipei:16462,NewTaipei:16462:157485:0:555f17115cbfb352,910,NewTaipei,121.40520887,24.9582100933,NewTaipei:geo00,0.6,0.8,-0.2,10,1
geometry:route_type:B2,NewTaipei:16463,NewTaipei:16463:157486:0:17b992db5eb9abef,藍35,NewTaipei,121.458962317,25.0169288809,NewTaipei:geo02,0.2,0.1,0.1,10,1
geometry:route_type:B2,NewTaipei:16464,NewTaipei:16464:157487:0:adb2d3f0da3d543a,藍17,NewTaipei,121.463861905,24.9992784294,NewTaipei:geo03,0.2,0.1,0.1,10,1
geometry:route_type:B2,NewTaipei:16466,NewTaipei:16466:157489:0:099be3d971d7f8ca,橘3,NewTaipei,121.510476028,25.0070777248,NewTaipei:geo03,0.1,0,0.1,10,1
geometry:route_type:B2,NewTaipei:16467,NewTaipei:16467:157490:0:813c968ae1a21d97,51,NewTaipei,121.489824208,25.0063793457,NewTaipei:geo03,0.3,1,-0.7,10,1
geometry:route_type:B2,NewTaipei:16468,NewTaipei:16468:157491:0:e5cd8610040b3f4c,57,NewTaipei,121.492465657,25.0024590542,NewTaipei:geo03,0.3,1,-0.7,10,1
geometry:route_type:B2,NewTaipei:16471,NewTaipei:16471:157494:0:4122c5209b754707,藍33,NewTaipei,121.474981473,25.0205870689,NewTaipei:geo03,0.3,0.2,0.1,10,1
geometry:route_type:B2,NewTaipei:16474,NewTaipei:16474:157497:0:11dc567882d77fb9,843,NewTaipei,121.430502765,25.0031162594,NewTaipei:geo00,0.6,0.6,0,10,1
geometry:route_type:B2,NewTaipei:16479,NewTaipei:16479:157502:0:56cf2f0d58f20e42,802區,NewTaipei,121.439703018,25.0255584665,NewTaipei:geo02,0.6,0.6,0,10,1
geometry:route_type:B2,NewTaipei:16481,NewTaipei:16481:157504:0:e690e2ea59c8d9d3,綠13,NewTaipei,121.538233601,24.9865053015,NewTaipei:geo03,0.3,0.3,0,10,1
geometry:route_type:B2,NewTaipei:16485,NewTaipei:16485:157508:0:153403772f37552b,835,NewTaipei,121.471144471,25.0506024624,NewTaipei:geo02,0.8,1,-0.2,10,1
geometry:route_type:B2,NewTaipei:16486,NewTaipei:16486:157509:0:6fa1f784e1bf874c,藍37,NewTaipei,121.431529431,25.0090049497,NewTaipei:geo00,0,0.2,-0.2,10,1
geometry:route_type:B2,NewTaipei:16487,NewTaipei:16487:157510:0:1d6c21b82a78bdd3,藍38,NewTaipei,121.432319299,24.9925826832,NewTaipei:geo00,0,0.2,-0.2,10,1
geometry:route_type:B2,NewTaipei:16489,NewTaipei:16489:157512:0:9293bd7cd405a243,橘19,NewTaipei,121.460628186,25.0903641009,NewTaipei:geo02,0.5,0.5,0,10,1
geometry:route_type:B2,NewTaipei:16490,NewTaipei:16490:157513:0:c7c011ad366291b4,橘17,NewTaipei,121.461110027,25.0722385891,NewTaipei:geo02,0.4,0.1,0.3,10,1
geometry:route_type:B2,NewTaipei:16491,NewTaipei:16491:157514:0:cb1a98b2da85e873,綠9,NewTaipei,121.546495353,24.9688581758,NewTaipei:geo03,0.5,0.3,0.2,10,1
geometry:route_type:B2,NewTaipei:16492,NewTaipei:16492:157515:1:c1afb7f6c464c8e7,綠9耕莘,NewTaipei,121.5476096,24.9659037937,NewTaipei:geo03,0.5,0.3,0.2,10,1
geometry:route_type:B2,NewTaipei:16493,NewTaipei:16493:157516:0:10f583b0d602773d,綠9北新國小,NewTaipei,121.54890284,24.9641412358,NewTaipei:geo03,0.6,0.1,0.5,10,1
geometry:route_type:B2,NewTaipei:16497,NewTaipei:16497:157520:0:45353088cb0191ee,837,NewTaipei,121.447770861,25.1586323821,NewTaipei:geo01,0.6,0.6,0,10,1
geometry:route_type:B2,NewTaipei:16498,NewTaipei:16498:157521:0:b277d5f922118d29,藍21,NewTaipei,121.627663668,25.0601660062,NewTaipei:geo06,0.5,0.2,0.3,10,1
geometry:route_type:B2,NewTaipei:16499,NewTaipei:16499:157522:0:18b92cbc03184ac4,816,NewTaipei,121.489653193,25.0817582529,NewTaipei:geo02,0.2,0.7,-0.5,10,1
geometry:route_type:B2,NewTaipei:16500,NewTaipei:16500:157523:0:2fe5c86352962881,815,NewTaipei,121.503957436,25.0860289774,NewTaipei:geo02,0.1,0.6,-0.5,10,1
geometry:route_type:B2,NewTaipei:16511,NewTaipei:16511:157546:0:97dfcd6bd8d4856c,779,NewTaipei,121.449183753,24.9402142365,NewTaipei:geo00,0.4,0.7,-0.3,10,1
geometry:route_type:B2,NewTaipei:16513,NewTaipei:16513:157548:0:4782440627b68446,885,NewTaipei,121.416207753,24.989186365,NewTaipei:geo00,0.8,0.9,-0.1,10,1
geometry:route_type:B2,NewTaipei:16515,NewTaipei:16515:157550:0:fd7e71caafc440ec,858,NewTaipei,121.407397289,25.0450674316,NewTaipei:geo02,0.7,0.6,0.1,10,1
geometry:route_type:B2,NewTaipei:16517,NewTaipei:16517:157552:0:e84cfc4450033a6a,704,NewTaipei,121.453034848,25.1152454095,NewTaipei:geo02,0.8,1,-0.2,10,1
geometry:route_type:B2,NewTaipei:16518,NewTaipei:16518:157553:0:4daa3c6f4d7638b5,859,NewTaipei,121.42812373,25.0217069106,NewTaipei:geo02,0.7,0.8,-0.1,10,1
geometry:route_type:B2,NewTaipei:16519,NewTaipei:16519:157554:0:55ef08b70c5a7553,橘22,NewTaipei,121.441370738,25.0230909874,NewTaipei:geo02,0.1,0.1,0,10,1
geometry:route_type:B2,NewTaipei:16521,NewTaipei:16521:159438:0:7dcd17baf028b851,704區,NewTaipei,121.436707681,25.135424386,NewTaipei:geo01,0.6,0.5,0.1,10,1
geometry:route_type:B2,NewTaipei:16522,NewTaipei:16522:159493:0:48ca463942be810f,881,NewTaipei,121.436324493,25.1821718297,NewTaipei:geo01,0.3,0.4,-0.1,10,1
geometry:route_type:B2,NewTaipei:16526,NewTaipei:16526:157561:0:0952272a718d5790,869,NewTaipei,121.438255471,25.1771831051,NewTaipei:geo01,0.3,0.2,0.1,10,1
geometry:route_type:B2,NewTaipei:16527,NewTaipei:16527:161057:0:fef3e2600b43f288,878,NewTaipei,121.434351495,25.1516747267,NewTaipei:geo01,0.2,0.3,-0.1,10,1
geometry:route_type:B2,NewTaipei:16528,NewTaipei:16528:157563:0:b99d4b5b15fc620e,860,NewTaipei,121.459214514,25.2202215764,NewTaipei:geo01,0.9,0.9,0,10,1
geometry:route_type:B2,NewTaipei:16529,NewTaipei:16529:157564:0:582028236e4a8166,861,NewTaipei,121.463282199,25.2235337996,NewTaipei:geo01,0.9,0.7,0.2,10,1
geometry:route_type:B2,NewTaipei:16530,NewTaipei:16530:157565:0:4c48fa20a757131a,865,NewTaipei,121.508754714,25.2538554121,NewTaipei:geo04,0.7,0.5,0.2,10,1
geometry:route_type:B2,NewTaipei:16531,NewTaipei:16531:157566:0:6edeac39989258f4,866,NewTaipei,121.495163433,25.218175467,NewTaipei:geo01,0.5,0.4,0.1,10,1
geometry:route_type:B2,NewTaipei:16532,NewTaipei:16532:157567:0:33241f590e4708d9,867,NewTaipei,121.500757788,25.2487063063,NewTaipei:geo04,0.7,0.5,0.2,10,1
geometry:route_type:B2,NewTaipei:16535,NewTaipei:16535:157570:0:8a87af187a50f6cf,874,NewTaipei,121.462341918,25.2194294842,NewTaipei:geo01,0.9,0.8,0.1,10,1
geometry:route_type:B2,NewTaipei:16536,NewTaipei:16536:157571:0:977ed664178e8b3c,875,NewTaipei,121.471181634,25.185934396,NewTaipei:geo01,0.4,0.7,-0.3,10,1
geometry:route_type:B2,NewTaipei:16538,NewTaipei:16538:157573:0:c77412f0a1a614e7,877,NewTaipei,121.506278635,25.2329585184,NewTaipei:geo04,0.6,0.5,0.1,10,1
geometry:route_type:B2,NewTaipei:16542,NewTaipei:16542:157577:0:adea23d54075b7e4,879,NewTaipei,121.463937498,25.2070634346,NewTaipei:geo01,0.8,0.6,0.2,10,1
geometry:route_type:B2,NewTaipei:16543,NewTaipei:16543:157578:0:698f23e34a5c602a,882,NewTaipei,121.464976043,25.2203369528,NewTaipei:geo01,0.8,0.7,0.1,10,1
geometry:route_type:B2,NewTaipei:16544,NewTaipei:16544:157579:0:326106da96847510,藍39,NewTaipei,121.631083289,25.0627175316,NewTaipei:geo06,0.5,0.2,0.3,10,1
geometry:route_type:B2,NewTaipei:16547,NewTaipei:16547:157582:0:1013ad8cc885ea21,808,NewTaipei,121.825866801,25.0995850308,NewTaipei:geo07,0.5,0.6,-0.1,10,1
geometry:route_type:B2,NewTaipei:16548,NewTaipei:16548:157583:0:0fe922028ca67465,827,NewTaipei,121.832488656,25.1095048005,NewTaipei:geo07,0.5,0.6,-0.1,10,1
geometry:route_type:B2,NewTaipei:16551,NewTaipei:16551:157586:0:5ddc9c9d0849bc5d,825,NewTaipei,121.827632851,25.1090149924,NewTaipei:geo07,0.6,0.4,0.2,10,1
geometry:route_type:B2,NewTaipei:16552,NewTaipei:16552:157587:0:0fa77084048ad9f0,856(台灣好行-黃金福隆線),NewTaipei,121.907440828,25.0780618329,NewTaipei:geo07,0.5,0.3,0.2,10,1
geometry:route_type:B2,NewTaipei:16554,NewTaipei:16554:157589:0:568df4a9dbf1af9d,826,NewTaipei,121.843828547,25.1090614658,NewTaipei:geo07,0.6,0.4,0.2,10,1
geometry:route_type:B2,NewTaipei:16560,NewTaipei:16560:157596:0:78b83bf978980ec4,932,NewTaipei,121.410269438,24.9643360115,NewTaipei:geo00,0.6,0.8,-0.2,10,1
geometry:route_type:B2,NewTaipei:16562,NewTaipei:16562:157598:0:95eea614884ed990,935,NewTaipei,121.527466324,24.9913608457,NewTaipei:geo03,0.8,0.8,0,10,1
geometry:route_type:B2,NewTaipei:16564,NewTaipei:16564:158931:1:404239bff2719fbf,876,NewTaipei,121.488641136,25.2070858519,NewTaipei:geo01,0.5,0.7,-0.2,10,1
geometry:route_type:B2,NewTaipei:16565,NewTaipei:16565:159117:1:0fb437123a591e4a,886,NewTaipei,121.865609626,25.1204865978,NewTaipei:geo07,0.8,0.4,0.4,10,1
geometry:route_type:B2,NewTaipei:16571,NewTaipei:16571:157613:0:913b0743a3e6b4cf,797,NewTaipei,121.460423738,25.0449657173,NewTaipei:geo02,1,0.8,0.2,10,1
geometry:route_type:B2,NewTaipei:16573,NewTaipei:16573:157615:0:29b72f070ba6897d,800,NewTaipei,121.424377832,25.002967211,NewTaipei:geo00,0.6,0.7,-0.1,10,1
geometry:route_type:B2,NewTaipei:16576,NewTaipei:16576:157618:0:fd604b474ecdb29f,799,NewTaipei,121.448743157,25.0235680888,NewTaipei:geo02,0.9,0.8,0.1,10,1
geometry:route_type:B2,NewTaipei:16577,NewTaipei:16577:157619:0:3f094f2084767eb8,871經中山北路,NewTaipei,121.456602703,25.1981526107,NewTaipei:geo01,0.7,0.8,-0.1,10,1
geometry:route_type:B2,NewTaipei:16578,NewTaipei:16578:157620:1:cb89cb56b131df71,872經正德國中、直行中山北路,NewTaipei,121.453492181,25.2040801885,NewTaipei:geo01,0.7,0.8,-0.1,10,1
geometry:route_type:B2,NewTaipei:16579,NewTaipei:16579:157621:0:15e349ecfc745b38,873經正德國中,NewTaipei,121.454060785,25.2071247271,NewTaipei:geo01,0.9,0.9,0,10,1
geometry:route_type:B2,NewTaipei:16580,NewTaipei:16580:157622:0:9e5bcd641ece2dd0,891,NewTaipei,121.858109555,25.1149125402,NewTaipei:geo07,0.5,0.6,-0.1,10,1
geometry:route_type:B2,NewTaipei:16581,NewTaipei:16581:157623:0:4f5f2b4c3f6c7697,275,NewTaipei,121.512539813,25.0052900794,NewTaipei:geo03,0.7,1,-0.3,10,1
geometry:route_type:B2,NewTaipei:16582,NewTaipei:16582:157626:0:b843fcd10e95eebe,橘25,NewTaipei,121.471915026,25.0768678023,NewTaipei:geo02,0.1,0.3,-0.2,10,1
geometry:route_type:B2,NewTaipei:16583,NewTaipei:16583:157631:0:cbc53f4e0db5d28d,936,NewTaipei,121.423362066,25.070470167,NewTaipei:geo02,0.5,0.8,-0.3,10,1
geometry:route_type:B2,NewTaipei:16584,NewTaipei:16584:157632:0:3bca2c213484c485,820,NewTaipei,121.472042011,25.0546897315,NewTaipei:geo02,1,0.8,0.2,10,1
geometry:route_type:B2,NewTaipei:16585,NewTaipei:16585:157633:0:f4bd265497f3f46e,908,NewTaipei,121.433187761,24.9669987854,NewTaipei:geo00,0.6,0.7,-0.1,10,1
geometry:route_type:B2,NewTaipei:16586,NewTaipei:16586:157634:0:0fa772082b91de3a,藍46,NewTaipei,121.385137996,24.9309034437,NewTaipei:geo00,0.1,0.2,-0.1,10,1
geometry:route_type:B2,NewTaipei:16588,NewTaipei:16588:157636:0:332f61060683a30f,264,NewTaipei,121.479753003,25.047524112,NewTaipei:geo02,0.8,1,-0.2,10,1
geometry:route_type:B2,NewTaipei:16590,NewTaipei:16590:157638:0:0f540881d7d1678a,綠12,NewTaipei,121.626930781,24.9491093352,NewTaipei:geo06,0.4,0,0.4,10,1
geometry:route_type:B2,NewTaipei:16591,NewTaipei:16591:157639:0:aa282defe02db964,857,NewTaipei,121.460278383,25.0969503658,NewTaipei:geo02,0.9,0.7,0.2,10,1
geometry:route_type:B2,NewTaipei:16592,NewTaipei:16592:157640:0:e1ac5c119a9898bc,橘21,NewTaipei,121.437341401,25.0387737277,NewTaipei:geo02,0.1,0,0.1,10,1
geometry:route_type:B2,NewTaipei:16593,NewTaipei:16593:157641:0:37d09c7129cc6bb8,橘18,NewTaipei,121.481673866,25.0837225973,NewTaipei:geo02,0.3,0.3,0,10,1
geometry:route_type:B2,NewTaipei:16594,NewTaipei:16594:157642:0:a933252818b9cc00,801,NewTaipei,121.471580154,25.0510645745,NewTaipei:geo02,1,1,0,10,1
geometry:route_type:B2,NewTaipei:16595,NewTaipei:16595:157643:0:633f6ac8f6cf39da,803,NewTaipei,121.476068126,25.0604499519,NewTaipei:geo02,1,1,0,10,1
geometry:route_type:B2,NewTaipei:16599,NewTaipei:16599:157647:0:13c4ef5be217caf2,藍32,NewTaipei,121.460311926,25.0054114125,NewTaipei:geo03,0.1,0.2,-0.1,10,1
geometry:route_type:B2,NewTaipei:16601,NewTaipei:16601:157649:0:74a8f5dbeabff939,藍40,NewTaipei,121.455811626,24.9777473536,NewTaipei:geo00,0.3,0.3,0,10,1
geometry:route_type:B2,NewTaipei:16602,NewTaipei:16602:157650:0:c354d764fd37e789,藍45,NewTaipei,121.416462696,24.9436333788,NewTaipei:geo00,0.3,0.4,-0.1,10,1
geometry:route_type:B2,NewTaipei:16603,NewTaipei:16603:157651:0:77b094c3f87a5a60,920,NewTaipei,121.410394135,25.060293257,NewTaipei:geo02,0.7,0.8,-0.1,10,1
geometry:route_type:B2,NewTaipei:16604,NewTaipei:16604:158941:0:461105e884c9ae39,925,NewTaipei,121.41749524,25.0718568327,NewTaipei:geo02,0.7,0.8,-0.1,10,1
geometry:route_type:B2,NewTaipei:16606,NewTaipei:16606:157654:1:4e71e0819b51db9e,981,NewTaipei,121.356918308,24.9504739833,NewTaipei:geo00,0.3,0.3,0,10,1
geometry:route_type:B2,NewTaipei:16607,NewTaipei:16607:157655:0:1f46174f34989c37,889,NewTaipei,121.411366921,24.9735838437,NewTaipei:geo00,0.8,0.5,0.3,10,1
geometry:route_type:B2,NewTaipei:16608,NewTaipei:16608:157656:0:302b828da7456e8d,802,NewTaipei,121.418931616,24.9956262151,NewTaipei:geo00,0.9,0.9,0,10,1
geometry:route_type:B2,NewTaipei:16609,NewTaipei:16609:157657:0:3256c6e8096ec896,842,NewTaipei,121.441322616,25.025407414,NewTaipei:geo02,0.6,0.7,-0.1,10,1
geometry:route_type:B2,NewTaipei:16610,NewTaipei:16610:157658:0:5b284719ae0c0d4d,綠5,NewTaipei,121.536689383,24.9722256275,NewTaipei:geo03,0.5,0.5,0,10,1
geometry:route_type:B2,NewTaipei:16611,NewTaipei:16611:157659:0:047212fa980cbdae,綠6,NewTaipei,121.523898473,24.9792975662,NewTaipei:geo03,0.3,0.5,-0.2,10,1
geometry:route_type:B2,NewTaipei:16612,NewTaipei:16612:157660:0:3100ce17d601d35c,綠3,NewTaipei,121.536266663,24.9664000088,NewTaipei:geo03,0.6,0.5,0.1,10,1
geometry:route_type:B2,NewTaipei:16613,NewTaipei:16613:157661:0:ad8fac6d33cce756,綠8,NewTaipei,121.522203147,24.9743914858,NewTaipei:geo03,0.4,0.5,-0.1,10,1
geometry:route_type:B2,NewTaipei:16614,NewTaipei:16614:157662:0:3d8334033737df92,930延,NewTaipei,121.513707061,24.9862536148,NewTaipei:geo03,0.6,0.9,-0.3,10,1
geometry:route_type:B2,NewTaipei:16619,NewTaipei:16619:159327:0:32c65e510759c150,紅26,NewTaipei,121.432248065,25.1754107019,NewTaipei:geo01,0.3,0.5,-0.2,10,1
geometry:route_type:B2,NewTaipei:16620,NewTaipei:16620:157668:0:6fc198fe9b43101a,橘10,NewTaipei,121.445018931,25.077716383,NewTaipei:geo02,0.4,0.1,0.3,10,1
geometry:route_type:B2,NewTaipei:16626,NewTaipei:16626:157674:0:0bd2151dd989d460,870,NewTaipei,121.440648409,25.190932605,NewTaipei:geo01,0.5,0.9,-0.4,10,1
geometry:route_type:B2,NewTaipei:16627,NewTaipei:16627:157675:0:f9157ad805fb90db,872,NewTaipei,121.446507857,25.2036943806,NewTaipei:geo01,0.7,0.9,-0.2,10,1
geometry:route_type:B2,NewTaipei:16628,NewTaipei:16628:157676:0:d407f67478987c11,871,NewTaipei,121.45018339,25.198271402,NewTaipei:geo01,0.7,0.9,-0.2,10,1
geometry:route_type:B2,NewTaipei:16629,NewTaipei:16629:157677:0:1c0787656573655b,873,NewTaipei,121.446284953,25.2045523968,NewTaipei:geo01,0.9,0.9,0,10,1
geometry:route_type:B2,NewTaipei:16630,NewTaipei:16630:157678:0:e383fd8a4d876144,868,NewTaipei,121.465482505,25.1662500551,NewTaipei:geo01,0.4,0.8,-0.4,10,1
geometry:route_type:B2,NewTaipei:16632,NewTaipei:16632:157680:0:327e339361d52744,藍23,NewTaipei,121.626463106,25.0613124096,NewTaipei:geo06,0.5,0.2,0.3,10,1
geometry:route_type:B2,NewTaipei:16633,NewTaipei:16633:157681:0:7fd0f5b8dbec38f9,919,NewTaipei,121.610346041,25.0578966084,NewTaipei:geo06,0.9,0.8,0.1,10,1
geometry:route_type:B2,NewTaipei:16635,NewTaipei:16635:157696:0:531ccaacac177562,939,NewTaipei,121.475978861,24.9806055615,NewTaipei:geo03,0.5,0.7,-0.2,10,1
geometry:route_type:B2,NewTaipei:16637,NewTaipei:16637:157697:0:2e97e91e9eefc753,780,NewTaipei,121.818827608,25.0203709549,NewTaipei:geo07,0.2,0.2,0,10,1
geometry:route_type:B2,NewTaipei:16641,NewTaipei:16641:160828:1:4602761d9337e375,788,NewTaipei,121.80919838,25.1178179965,NewTaipei:geo07,0.7,0.7,0,10,1
geometry:route_type:B2,NewTaipei:16642,NewTaipei:16642:159633:1:0688c606159b3911,787,NewTaipei,121.751282741,25.1119974603,NewTaipei:geo07,0.6,0.6,0,10,1
geometry:route_type:B2,NewTaipei:16643,NewTaipei:16643:157703:0:1e1e2bb99b45e99f,782,NewTaipei,121.835743012,25.0295640803,NewTaipei:geo07,0.2,0.5,-0.3,10,1
geometry:route_type:B2,NewTaipei:16644,NewTaipei:16644:157704:0:bfe78e3607e2ae54,781,NewTaipei,121.835738124,25.0295716732,NewTaipei:geo07,0.2,0.5,-0.3,10,1
geometry:route_type:B2,NewTaipei:16651,NewTaipei:16651:157715:0:c09364d267453b3f,864,NewTaipei,121.472095998,25.1759096591,NewTaipei:geo01,0.7,0.2,0.5,10,1
geometry:route_type:B2,NewTaipei:16655,NewTaipei:16655:157719:0:3581a6a9aed4b192,937,NewTaipei,121.421923058,25.0709613055,NewTaipei:geo02,0.5,0.8,-0.3,10,1
geometry:route_type:B2,NewTaipei:16656,NewTaipei:16656:157720:0:df5a9673fae9dfec,839耕莘,NewTaipei,121.520092903,24.9582394877,NewTaipei:geo03,0.2,0,0.2,10,1
geometry:route_type:B2,NewTaipei:16659,NewTaipei:16659:157722:1:581f90de23ead74d,880,NewTaipei,121.436191851,25.0882205403,NewTaipei:geo02,0.9,0.9,0,10,1
geometry:route_type:B2,NewTaipei:16660,NewTaipei:16660:157724:0:d82e6d61eb02ec3e,883,NewTaipei,121.441953882,25.1100246336,NewTaipei:geo02,0.9,1,-0.1,10,1
geometry:route_type:B2,NewTaipei:16662,NewTaipei:16662:157726:0:9aa389c233f1823d,948,NewTaipei,121.411286937,25.0516732038,NewTaipei:geo02,0.7,0.8,-0.1,10,1
geometry:route_type:B2,NewTaipei:16663,NewTaipei:16663:157727:0:762bcb3e7cba5cb2,藍43,NewTaipei,121.410912293,24.9610138514,NewTaipei:geo00,0.1,0.2,-0.1,10,1
geometry:route_type:B2,NewTaipei:16664,NewTaipei:16664:157728:0:82ad3ebaafb51407,921,NewTaipei,121.426740225,24.9645773523,NewTaipei:geo00,0.7,0.7,0,10,1
geometry:route_type:B2,NewTaipei:16665,NewTaipei:16665:159314:0:1d8e96b6e917150a,851,NewTaipei,121.360395145,24.9463654993,NewTaipei:geo00,0.3,0.2,0.1,10,1
geometry:route_type:B2,NewTaipei:16666,NewTaipei:16666:157730:0:4043146ac86fd5d4,852,NewTaipei,121.402123519,24.9701159343,NewTaipei:geo00,0.8,0.4,0.4,10,1
geometry:route_type:B2,NewTaipei:16667,NewTaipei:16667:157731:0:b8823b28245210f4,橘12,NewTaipei,121.490029152,25.0713125783,NewTaipei:geo02,0.1,0,0.1,10,2
geometry:route_type:B2,NewTaipei:16668,NewTaipei:16668:157732:0:74061fd843288009,橘13,NewTaipei,121.462377301,25.0837161315,NewTaipei:geo02,0.6,0.5,0.1,10,1
geometry:route_type:B2,NewTaipei:16669,NewTaipei:16669:157733:1:2ae02149074757e5,橘20,NewTaipei,121.445019258,25.1065033232,NewTaipei:geo02,0.3,0.3,0,10,1
geometry:route_type:B2,NewTaipei:16670,NewTaipei:16670:157734:0:500a7b1dfe52c5a9,810,NewTaipei,121.443695263,25.0159988195,NewTaipei:geo02,0.7,0.9,-0.2,10,1
geometry:route_type:B2,NewTaipei:16671,NewTaipei:16671:157735:0:861fc85709d1cb24,紅27,NewTaipei,121.443922818,25.1728088987,NewTaipei:geo01,0.5,0.6,-0.1,10,1
geometry:route_type:B2,NewTaipei:16672,NewTaipei:16672:157736:0:b988d57e2e4a031e,938,NewTaipei,121.468105042,25.0571124404,NewTaipei:geo02,0.8,0.8,0,10,1
geometry:route_type:B2,NewTaipei:16673,NewTaipei:16673:157737:0:29c7ee60a8715743,紅13,NewTaipei,121.428948567,25.1442578286,NewTaipei:geo01,0.1,0.2,-0.1,10,1
geometry:route_type:B2,NewTaipei:16674,NewTaipei:16674:161278:1:f570a18a1339c391,紅22,NewTaipei,121.430609714,25.1441139728,NewTaipei:geo01,0.1,0.2,-0.1,10,1
geometry:route_type:B2,NewTaipei:16675,NewTaipei:16675:157739:0:2f3ace3bca9b6089,863,NewTaipei,121.537569345,25.2509921439,NewTaipei:geo04,0.7,0.5,0.2,10,1
geometry:route_type:B2,NewTaipei:16676,NewTaipei:16676:159479:1:3824a57140c32891,F923,NewTaipei,121.687943009,25.1942391239,NewTaipei:geo05,0.5,1,-0.5,10,1
geometry:route_type:B2,NewTaipei:16677,NewTaipei:16677:159565:0:881a57893d4491ba,F921,NewTaipei,121.650319782,25.1815456217,NewTaipei:geo05,0.7,0.7,0,10,1
geometry:route_type:B2,NewTaipei:16678,NewTaipei:16678:159472:1:f58af0e2ade761df,F921假日,NewTaipei,121.65002749,25.1836981147,NewTaipei:geo05,0.9,0.7,0.2,10,1
geometry:route_type:B2,NewTaipei:16679,NewTaipei:16679:159484:1:94a92a383ecdcb5e,F923假日,NewTaipei,121.688028785,25.193357251,NewTaipei:geo05,0.5,1,-0.5,10,1
geometry:route_type:B2,NewTaipei:16681,NewTaipei:16681:159635:1:029e2622b2640953,787經瑞芳工業區,NewTaipei,121.753318127,25.1111714214,NewTaipei:geo07,0.6,0.6,0,10,1
geometry:route_type:B2,NewTaipei:16682,NewTaipei:16682:157746:0:ea327882749676b4,791,NewTaipei,121.848205043,25.1075315573,NewTaipei:geo07,0.8,0.5,0.3,10,1
geometry:route_type:B2,NewTaipei:16685,NewTaipei:16685:157770:0:365180b7a6627e3e,657延,NewTaipei,121.465739441,25.0060269204,NewTaipei:geo03,0.6,1,-0.4,10,1
geometry:route_type:B2,NewTaipei:16686,NewTaipei:16686:157771:0:a50052c96f566aaa,橘26,NewTaipei,121.415772547,25.0066734632,NewTaipei:geo00,0,0.1,-0.1,10,1
geometry:route_type:B2,NewTaipei:16688,NewTaipei:16688:157773:0:4213cf3a365c4c86,983,NewTaipei,121.45428659,25.1608290638,NewTaipei:geo01,0.6,0.7,-0.1,10,1
geometry:route_type:B2,NewTaipei:16689,NewTaipei:16689:157774:0:d2c0d988b567a316,793,NewTaipei,121.499067287,24.998634814,NewTaipei:geo03,0.7,0.9,-0.2,10,1
geometry:route_type:B2,NewTaipei:16691,NewTaipei:16691:157776:0:efa6cfba4fdaee10,796,NewTaipei,121.539609429,24.9900168943,NewTaipei:geo03,0.4,0.2,0.2,10,1
geometry:route_type:B2,NewTaipei:16692,NewTaipei:16692:157777:0:7723b2af621f5e9a,783,NewTaipei,121.456629059,25.0552336009,NewTaipei:geo02,1,1,0,10,1
geometry:route_type:B2,NewTaipei:16693,NewTaipei:16693:157778:0:dda030d7227d4164,785,NewTaipei,121.466973839,25.0893111643,NewTaipei:geo02,0.7,0.8,-0.1,10,1
geometry:route_type:B2,NewTaipei:16694,NewTaipei:16694:157779:0:77931a3aa5c2278b,786,NewTaipei,121.414616362,25.0546808986,NewTaipei:geo02,0.7,0.6,0.1,10,1
geometry:route_type:B2,NewTaipei:16695,NewTaipei:16695:157780:0:216260aa3f91dc55,821,NewTaipei,121.47245182,25.1743117263,NewTaipei:geo01,0.7,0.3,0.4,10,1
geometry:route_type:B2,NewTaipei:16697,NewTaipei:16697:160487:1:5d055b5a767a824d,847區,NewTaipei,121.432873511,24.9802998381,NewTaipei:geo00,0.6,0.7,-0.1,10,1
geometry:route_type:B2,NewTaipei:16710,NewTaipei:16710:157802:0:5e2a3798186b6bc4,867區,NewTaipei,121.483194475,25.2415939878,NewTaipei:geo04,0.7,0.6,0.1,10,1
geometry:route_type:B2,NewTaipei:16715,NewTaipei:16715:157812:0:ad00b789c343b807,紅28直,NewTaipei,121.448406333,25.1712412606,NewTaipei:geo01,0.5,0.6,-0.1,10,1
geometry:route_type:B2,NewTaipei:16717,NewTaipei:16717:157814:0:740254164781cf25,895,NewTaipei,121.513406775,24.9977117753,NewTaipei:geo03,0.5,0.6,-0.1,10,1
geometry:route_type:B2,NewTaipei:16719,NewTaipei:16719:157817:0:15c522bc9be02c02,795往木柵(台灣好行-木柵平溪線),NewTaipei,121.670188072,25.0126395066,NewTaipei:geo06,0.9,0.5,0.4,10,1
geometry:route_type:B2,NewTaipei:16726,NewTaipei:16726:159535:0:c70323a8b9423db0,941,NewTaipei,121.460425528,24.9673209454,NewTaipei:geo03,0.7,0.6,0.1,10,1
geometry:route_type:B2,NewTaipei:16728,NewTaipei:16728:157830:0:2bd5b6cfc09a2729,940,NewTaipei,121.406718943,24.9565513932,NewTaipei:geo00,0.6,0.7,-0.1,10,1
geometry:route_type:B2,NewTaipei:16729,NewTaipei:16729:157831:0:6b34eb18b70b67e1,藍44延,NewTaipei,121.431906131,24.9736987232,NewTaipei:geo00,0.3,0.1,0.2,10,1
geometry:route_type:B2,NewTaipei:16730,NewTaipei:16730:157832:0:d188877f20221c67,822,NewTaipei,121.409177428,25.0856120407,NewTaipei:geo02,0.7,0.7,0,10,1
geometry:route_type:B2,NewTaipei:16731,NewTaipei:16731:157836:0:d7ebe14cadb593a4,817,NewTaipei,121.627669469,25.0619166309,NewTaipei:geo06,0.6,0.5,0.1,10,1
geometry:route_type:B2,NewTaipei:16732,NewTaipei:16732:157837:0:819c9b4cf90dea55,紅23,NewTaipei,121.44613954,25.1673863171,NewTaipei:geo01,0.3,0.2,0.1,10,1
geometry:route_type:B2,NewTaipei:16733,NewTaipei:16733:157838:0:c28e6655bf0d1c6d,890,NewTaipei,121.649148121,25.0817660166,NewTaipei:geo06,0.4,0.1,0.3,10,1
geometry:route_type:B2,NewTaipei:16734,NewTaipei:16734:157839:0:4e0656b89ca7b7ef,846,NewTaipei,121.787404452,25.0757928054,NewTaipei:geo07,0.3,0.5,-0.2,10,1
geometry:route_type:B2,NewTaipei:16735,NewTaipei:16735:157840:0:a38faf1f17bfcbcc,藍41,NewTaipei,121.475942418,24.9903419475,NewTaipei:geo03,0.2,0.1,0.1,10,1
geometry:route_type:B2,NewTaipei:16739,NewTaipei:16739:157844:0:a1fcefec2b339e59,789,NewTaipei,121.698656447,25.1525327062,NewTaipei:geo05,0.3,0.5,-0.2,10,1
geometry:route_type:B2,NewTaipei:16740,NewTaipei:16740:157845:0:e2a89f06ccbd79b6,790,NewTaipei,121.684767663,25.1782213332,NewTaipei:geo05,0.3,0.2,0.1,10,1
geometry:route_type:B2,NewTaipei:16748,NewTaipei:16748:157858:0:cbb943d886f7c161,橘18福隆路,NewTaipei,121.482103368,25.0835036047,NewTaipei:geo02,0.3,0.3,0,10,1
geometry:route_type:B2,NewTaipei:16752,NewTaipei:16752:157867:0:bb8b9f777223f811,F101坪頂,NewTaipei,121.468903666,25.1649584529,NewTaipei:geo01,0.1,0.4,-0.3,10,1
geometry:route_type:B2,NewTaipei:16757,NewTaipei:16757:157872:0:5d19dd42a9fcf331,795往十分寮(台灣好行-木柵平溪線),NewTaipei,121.670127315,25.012665419,NewTaipei:geo06,0.9,0.5,0.4,10,1
geometry:route_type:B2,NewTaipei:16758,NewTaipei:16758:157873:0:b51eda0e8993fecb,795往平溪(台灣好行-木柵平溪線),NewTaipei,121.647288561,25.0076841671,NewTaipei:geo06,0.9,0.7,0.2,10,1
geometry:route_type:B2,NewTaipei:16759,NewTaipei:16759:157876:0:2525ece79a50541a,943,NewTaipei,121.484409634,24.9874171591,NewTaipei:geo03,0.6,0.7,-0.1,10,1
geometry:route_type:B2,NewTaipei:16760,NewTaipei:16760:157887:0:68296c37b3d3951b,F101樹興,NewTaipei,121.470390641,25.166212614,NewTaipei:geo01,0.2,0.5,-0.3,10,1
geometry:route_type:B2,NewTaipei:16761,NewTaipei:16761:162366:0:0ae1d8c5b3b20e52,F105,NewTaipei,121.464211446,25.2090981762,NewTaipei:geo01,0.3,0.6,-0.3,10,1
geometry:route_type:B2,NewTaipei:16764,NewTaipei:16764:162374:0:98f6465d79745c01,F106,NewTaipei,121.451613501,25.2113861622,NewTaipei:geo01,0.3,0.7,-0.4,10,1
geometry:route_type:B2,NewTaipei:16767,NewTaipei:16767:157894:0:869e1d6432a9cfbf,594,NewTaipei,121.448883246,25.1729575873,NewTaipei:geo01,0.2,0.2,0,10,1
geometry:route_type:B2,NewTaipei:16768,NewTaipei:16768:158972:1:5a10b9afb1586c74,595,NewTaipei,121.438509421,25.1878272812,NewTaipei:geo01,0.3,0.9,-0.6,10,1
geometry:route_type:B2,NewTaipei:16772,NewTaipei:16772:157899:0:e012b5d340d834f8,593,NewTaipei,121.430417758,25.17768516,NewTaipei:geo01,0.5,0.4,0.1,10,1
geometry:route_type:B2,NewTaipei:16773,NewTaipei:16773:157900:0:a064c62cdc2d1ae4,F105反,NewTaipei,121.464909583,25.2094193533,NewTaipei:geo01,0.3,0.6,-0.3,10,1
geometry:route_type:B2,NewTaipei:16774,NewTaipei:16774:162378:0:13579cf86fed6f91,F109,NewTaipei,121.453367335,25.1837474334,NewTaipei:geo01,0.2,0.6,-0.4,10,1
geometry:route_type:B2,NewTaipei:16775,NewTaipei:16775:162332:1:157e7c49cc702c76,F102,NewTaipei,121.467647148,25.1879235845,NewTaipei:geo01,0.2,0.6,-0.4,10,1
geometry:route_type:B2,NewTaipei:16777,NewTaipei:16777:162361:0:2a96a200bf1ed7d8,F103,NewTaipei,121.475295494,25.1829826061,NewTaipei:geo01,0.4,0.6,-0.2,10,1
geometry:route_type:B2,NewTaipei:16778,NewTaipei:16778:157905:0:58716e1adde974f0,F135,NewTaipei,121.483574208,25.1914301252,NewTaipei:geo01,0.3,0.6,-0.3,10,1
geometry:route_type:B2,NewTaipei:16780,NewTaipei:16780:157907:0:7bf4e95f47abb548,F138新古庄,NewTaipei,121.502475818,25.2674282632,NewTaipei:geo04,1,1,0,10,1
geometry:route_type:B2,NewTaipei:16781,NewTaipei:16781:157908:0:e3a9235502e3ff49,F138內橫山,NewTaipei,121.523417572,25.2572948157,NewTaipei:geo04,0.9,1,-0.1,10,1
geometry:route_type:B2,NewTaipei:16782,NewTaipei:16782:157909:0:96b2fa4195a27c11,F133平日,NewTaipei,121.510087317,25.227945283,NewTaipei:geo04,0.7,0.4,0.3,10,1
geometry:route_type:B2,NewTaipei:16784,NewTaipei:16784:157911:0:b6e9d576b265b475,F133末班,NewTaipei,121.514396474,25.236089792,NewTaipei:geo04,0.9,1,-0.1,10,1
geometry:route_type:B2,NewTaipei:16785,NewTaipei:16785:157912:0:d7004e175bf5b9d5,F133假日,NewTaipei,121.509620814,25.2340060524,NewTaipei:geo04,0.8,0.6,0.2,10,1
geometry:route_type:B2,NewTaipei:16786,NewTaipei:16786:157913:0:db13ffe37d1759a3,F131,NewTaipei,121.496385115,25.2259933416,NewTaipei:geo04,0.7,0.4,0.3,10,1
geometry:route_type:B2,NewTaipei:16787,NewTaipei:16787:157914:0:4bb402aee32595d8,F132,NewTaipei,121.51979867,25.2373549868,NewTaipei:geo04,0.8,0.6,0.2,10,1
geometry:route_type:B2,NewTaipei:16788,NewTaipei:16788:157915:0:a1006d1f6d531caa,F136,NewTaipei,121.481951503,25.247098111,NewTaipei:geo04,0.6,0.9,-0.3,10,1
geometry:route_type:B2,NewTaipei:16789,NewTaipei:16789:157916:0:5822bd90d5d793f6,F137,NewTaipei,121.484828169,25.1929047728,NewTaipei:geo01,0.1,0.4,-0.3,10,1
geometry:route_type:B2,NewTaipei:16790,NewTaipei:16790:157917:0:75083284b25fbc45,F139行經台2線,NewTaipei,121.459455853,25.220848708,NewTaipei:geo01,0,0,0,10,1
geometry:route_type:B2,NewTaipei:16792,NewTaipei:16792:157919:0:32efe4952288f300,F121,NewTaipei,121.388146952,25.134698897,NewTaipei:geo01,0.8,0.5,0.3,10,1
geometry:route_type:B2,NewTaipei:16793,NewTaipei:16793:157920:0:e9aa6683faeb81b9,F122,NewTaipei,121.400758571,25.1459958931,NewTaipei:geo01,0.7,0.1,0.6,10,1
geometry:route_type:B2,NewTaipei:16794,NewTaipei:16794:157921:0:6cbb9796f5c8ddbc,F123-0640,NewTaipei,121.424261763,25.1471699122,NewTaipei:geo01,0.5,0.3,0.2,10,1
geometry:route_type:B2,NewTaipei:16795,NewTaipei:16795:157922:0:d7e68d180f7051d1,F123-1205,NewTaipei,121.424208746,25.1471573192,NewTaipei:geo01,0.5,0.3,0.2,10,1
geometry:route_type:B2,NewTaipei:16796,NewTaipei:16796:157923:0:76e009d686747ebf,F123-1525,NewTaipei,121.420167943,25.1497713549,NewTaipei:geo01,0.6,0.2,0.4,10,1
geometry:route_type:B2,NewTaipei:16797,NewTaipei:16797:157924:0:ef4eaeb4e51d96e1,F123八療,NewTaipei,121.404103608,25.1440180258,NewTaipei:geo01,0.7,0.1,0.6,10,1
geometry:route_type:B2,NewTaipei:16800,NewTaipei:16800:157927:0:4b1c5fdc97deb4a4,F126,NewTaipei,121.390877209,25.1001118619,NewTaipei:geo02,0.8,0.9,-0.1,10,1
geometry:route_type:B2,NewTaipei:16802,NewTaipei:16802:157929:0:dda97ee8d6d58b6e,F126江厝,NewTaipei,121.390342829,25.1024892756,NewTaipei:geo02,0.7,0.8,-0.1,10,1
geometry:route_type:B2,NewTaipei:16804,NewTaipei:16804:157931:0:61659919e941cd84,F151-0810,NewTaipei,121.566957435,25.2690625034,NewTaipei:geo04,1,1,0,10,1
geometry:route_type:B2,NewTaipei:16805,NewTaipei:16805:157932:0:802e3ddd530c9f33,F151-1605,NewTaipei,121.577853777,25.2724371932,NewTaipei:geo04,1,1,0,10,1
geometry:route_type:B2,NewTaipei:16806,NewTaipei:16806:157933:0:7c862272a30319f5,F151-1810,NewTaipei,121.567000175,25.2713095975,NewTaipei:geo04,1,1,0,10,1
geometry:route_type:B2,NewTaipei:16807,NewTaipei:16807:157934:0:eb65d17b8139755a,F151-0840、1705,NewTaipei,121.554779142,25.2838558719,NewTaipei:geo04,1,1,0,10,1
geometry:route_type:B2,NewTaipei:16808,NewTaipei:16808:157935:0:917ab8c81eac2d81,F153-0620,NewTaipei,121.59354709,25.2780823111,NewTaipei:geo04,1,1,0,10,1
geometry:route_type:B2,NewTaipei:16809,NewTaipei:16809:157936:0:7739bff548401857,F153-0945,NewTaipei,121.590678991,25.2783906788,NewTaipei:geo04,1,1,0,10,1
geometry:route_type:B2,NewTaipei:16810,NewTaipei:16810:157937:0:48d08160b2459ff1,F153-0830,NewTaipei,121.594311269,25.2750601791,NewTaipei:geo04,1,1,0,10,1
geometry:route_type:B2,NewTaipei:16811,NewTaipei:16811:157938:0:5427ba1977ca4f97,F153-1030,NewTaipei,121.591819892,25.275121405,NewTaipei:geo04,1,1,0,10,1
geometry:route_type:B2,NewTaipei:16812,NewTaipei:16812:157939:0:5b8cca45366dcaf7,F153-1605,NewTaipei,121.595489415,25.2759097816,NewTaipei:geo04,1,1,0,10,1
geometry:route_type:B2,NewTaipei:16813,NewTaipei:16813:157940:0:1a53733c166dd03c,F153-0730,NewTaipei,121.590074869,25.2755344786,NewTaipei:geo04,1,1,0,10,1
geometry:route_type:B2,NewTaipei:16814,NewTaipei:16814:157941:0:dbd85b1284ecaf27,F153-1730,NewTaipei,121.589042921,25.280042598,NewTaipei:geo04,1,1,0,10,1
geometry:route_type:B2,NewTaipei:16815,NewTaipei:16815:157942:0:19274243398bddcf,F151-0605,NewTaipei,121.576793332,25.275454554,NewTaipei:geo04,1,1,0,10,1
geometry:route_type:B2,NewTaipei:16816,NewTaipei:16816:157943:0:f2bb6793954e1f7a,F151-0620,NewTaipei,121.566252161,25.2642686788,NewTaipei:geo04,1,1,0,10,1
geometry:route_type:B2,NewTaipei:16817,NewTaipei:16817:157944:0:ef2e83fc0fb09bcb,F151-0730,NewTaipei,121.5776899,25.2711631765,NewTaipei:geo04,1,1,0,10,1
geometry:route_type:B2,NewTaipei:16818,NewTaipei:16818:157945:0:578c98da9368e632,F151-0930,NewTaipei,121.578134966,25.2749020597,NewTaipei:geo04,1,1,0,10,1
geometry:route_type:B2,NewTaipei:16819,NewTaipei:16819:157946:0:1053838f1c88c73a,F151-1010,NewTaipei,121.567376169,25.2679392358,NewTaipei:geo04,1,1,0,10,1
geometry:route_type:B2,NewTaipei:16820,NewTaipei:16820:157947:0:2144734dd9c1e49c,F151-1635,NewTaipei,121.567395534,25.2683538935,NewTaipei:geo04,1,1,0,10,1
geometry:route_type:B2,NewTaipei:16821,NewTaipei:16821:157948:0:85ba4d4ebc36d02f,F161,NewTaipei,121.49675751,25.2334336889,NewTaipei:geo04,0.2,0.4,-0.2,10,1
geometry:route_type:B2,NewTaipei:16823,NewTaipei:16823:157950:0:b505a704d6a9e092,F152-0600,NewTaipei,121.52784492,25.280301438,NewTaipei:geo04,1,1,0,10,1
geometry:route_type:B2,NewTaipei:16824,NewTaipei:16824:157951:0:ce28fd71049138d6,F152-0620、0745,NewTaipei,121.542372055,25.2821799949,NewTaipei:geo04,1,1,0,10,1
geometry:route_type:B2,NewTaipei:16825,NewTaipei:16825:157952:0:bf17e1206dcf0f95,F152-0635,NewTaipei,121.549668916,25.2747802302,NewTaipei:geo04,1,1,0,10,1
geometry:route_type:B2,NewTaipei:16826,NewTaipei:16826:157953:0:43afd2859cbdb8d7,F152-0700,NewTaipei,121.531719625,25.2793174765,NewTaipei:geo04,1,1,0,10,1
geometry:route_type:B2,NewTaipei:16827,NewTaipei:16827:157954:0:eb3bbee1875b4545,F152-0810,NewTaipei,121.553971786,25.2655633652,NewTaipei:geo04,1,1,0,10,1
geometry:route_type:B2,NewTaipei:16828,NewTaipei:16828:157955:0:3203713ff82e9f5e,F152-0845,NewTaipei,121.54027004,25.284544445,NewTaipei:geo04,1,1,0,10,1
geometry:route_type:B2,NewTaipei:16829,NewTaipei:16829:157956:0:7078452b11585265,F152-0925,NewTaipei,121.54461881,25.2835127148,NewTaipei:geo04,1,1,0,10,1
geometry:route_type:B2,NewTaipei:16830,NewTaipei:16830:157957:0:3bc211666bd6c6af,F152-1545,NewTaipei,121.533366658,25.282455104,NewTaipei:geo04,1,1,0,10,1
geometry:route_type:B2,NewTaipei:16831,NewTaipei:16831:157958:0:e4ac4bb3d7062aa7,F152-1655,NewTaipei,121.553663366,25.2628689199,NewTaipei:geo04,1,1,0,10,1
geometry:route_type:B2,NewTaipei:16832,NewTaipei:16832:157959:0:32a7314d9faafe83,F152-1720,NewTaipei,121.528834352,25.2808263226,NewTaipei:geo04,1,1,0,10,1
geometry:route_type:B2,NewTaipei:16834,NewTaipei:16834:157961:0:e6a24aa1ee8c4e1e,F152-1800,NewTaipei,121.5511106,25.2786592017,NewTaipei:geo04,1,1,0,10,1
geometry:route_type:B2,NewTaipei:16835,NewTaipei:16835:157962:0:fe07b1483d9b9151,F201,NewTaipei,121.42946755,25.0271076523,NewTaipei:geo02,0.2,0.1,0.1,10,1
geometry:route_type:B2,NewTaipei:16837,NewTaipei:16837:157964:0:40d4aca4e15e59f4,F202,NewTaipei,121.456197582,25.0492952562,NewTaipei:geo02,0.2,0,0.2,10,1
geometry:route_type:B2,NewTaipei:16838,NewTaipei:16838:157965:0:bf0bb09ced5823c3,F217,NewTaipei,121.403940008,25.0595232891,NewTaipei:geo02,0.2,0.7,-0.5,10,1
geometry:route_type:B2,NewTaipei:16839,NewTaipei:16839:157966:0:b8cbd021276b0fcf,F218,NewTaipei,121.437450407,25.0482019774,NewTaipei:geo02,0.6,0.3,0.3,10,1
geometry:route_type:B2,NewTaipei:16840,NewTaipei:16840:157967:0:b2144e2ef95d0cfa,F211,NewTaipei,121.426589561,25.0458051537,NewTaipei:geo02,0.8,0.2,0.6,10,1
geometry:route_type:B2,NewTaipei:16841,NewTaipei:16841:157968:0:42272aa1b65fb109,F212,NewTaipei,121.430552759,25.0624526296,NewTaipei:geo02,0.6,0.3,0.3,10,1
geometry:route_type:B2,NewTaipei:16842,NewTaipei:16842:157969:0:ad6dc2acdc9fc669,F212楓江,NewTaipei,121.432144638,25.0628080011,NewTaipei:geo02,0.6,0.4,0.2,10,1
geometry:route_type:B2,NewTaipei:16843,NewTaipei:16843:157970:0:4fd271fe8733bfa1,F213,NewTaipei,121.412034005,25.0609866432,NewTaipei:geo02,0.7,0.6,0.1,10,1
geometry:route_type:B2,NewTaipei:16844,NewTaipei:16844:157971:0:899b26b3bff32e56,F213黎明,NewTaipei,121.41250959,25.061063843,NewTaipei:geo02,0.6,0.5,0.1,10,1
geometry:route_type:B2,NewTaipei:16845,NewTaipei:16845:157972:0:7f5b80fe17652518,578,NewTaipei,121.464963297,25.0573091476,NewTaipei:geo02,0.8,0.7,0.1,10,1
geometry:route_type:B2,NewTaipei:16847,NewTaipei:16847:157974:0:1b12b26b395a06ec,579,NewTaipei,121.460455575,25.0557538238,NewTaipei:geo02,0.8,0.7,0.1,10,1
geometry:route_type:B2,NewTaipei:16849,NewTaipei:16849:157976:0:e8ee3a3bf2504e79,580,NewTaipei,121.447197138,25.0999274441,NewTaipei:geo02,0.7,0.3,0.4,10,1
geometry:route_type:B2,NewTaipei:16851,NewTaipei:16851:157978:1:634b558eec492a94,581,NewTaipei,121.443200114,25.0904816828,NewTaipei:geo02,0.5,0.7,-0.2,10,1
geometry:route_type:B2,NewTaipei:16855,NewTaipei:16855:157982:0:7a493045e71d8106,582,NewTaipei,121.469690967,25.0608654501,NewTaipei:geo02,0.8,0.7,0.1,10,1
geometry:route_type:B2,NewTaipei:16861,NewTaipei:16861:157988:0:efdbbb4db740ada8,F233,NewTaipei,121.393995713,25.0771892801,NewTaipei:geo02,0.8,0.8,0,10,1
geometry:route_type:B2,NewTaipei:16863,NewTaipei:16863:158986:1:107974d88e2650c6,F235,NewTaipei,121.373492141,25.1080328043,NewTaipei:geo02,0.9,0.7,0.2,10,1
geometry:route_type:B2,NewTaipei:16865,NewTaipei:16865:157992:0:7062e3f57bf813fd,F236,NewTaipei,121.348735611,25.1087908086,NewTaipei:geo02,0.6,0.4,0.2,10,1
geometry:route_type:B2,NewTaipei:16867,NewTaipei:16867:157994:0:4fd06778a5489f3c,F237,NewTaipei,121.338336869,25.0942317753,NewTaipei:geo02,0.6,0.8,-0.2,10,1
geometry:route_type:B2,NewTaipei:16869,NewTaipei:16869:157996:0:2c5d4ed03eab2799,F238,NewTaipei,121.347213004,25.0879776344,NewTaipei:geo02,0.6,0.8,-0.2,10,1
geometry:route_type:B2,NewTaipei:16871,NewTaipei:16871:157998:0:6c251dbd9c77e552,F239,NewTaipei,121.351814934,25.0955451174,NewTaipei:geo02,0.6,0.8,-0.2,10,1
geometry:route_type:B2,NewTaipei:16873,NewTaipei:16873:158000:0:ff5c6a48eeafc5c9,F250,NewTaipei,121.380475694,25.0913476922,NewTaipei:geo02,0.7,1,-0.3,10,1
geometry:route_type:B2,NewTaipei:16876,NewTaipei:16876:158003:0:d8fa702ace0a7047,F302,NewTaipei,121.495029626,25.0725279874,NewTaipei:geo02,0.2,0.1,0.1,10,1
geometry:route_type:B2,NewTaipei:16877,NewTaipei:16877:158004:0:da3aa3ef79abfb53,F303,NewTaipei,121.485747165,25.0737116492,NewTaipei:geo02,0.2,0.1,0.1,10,1
geometry:route_type:B2,NewTaipei:16878,NewTaipei:16878:158993:0:3d30c9b0c4747cdd,F312,NewTaipei,121.470819742,25.089658742,NewTaipei:geo02,0.3,0.3,0,10,1
geometry:route_type:B2,NewTaipei:16887,NewTaipei:16887:158014:0:66a1a0b835ca33f2,F317,NewTaipei,121.510776454,25.1004255431,NewTaipei:geo02,0.2,0.1,0.1,10,1
geometry:route_type:B2,NewTaipei:16890,NewTaipei:16890:158017:0:718334cc931a34fb,F512,NewTaipei,121.478769325,24.9997911726,NewTaipei:geo03,0.3,0.1,0.2,10,1
geometry:route_type:B2,NewTaipei:16891,NewTaipei:16891:158018:0:53552622beeb8d45,F513,NewTaipei,121.503875617,24.9944018971,NewTaipei:geo03,0.2,0.1,0.1,10,1
geometry:route_type:B2,NewTaipei:16892,NewTaipei:16892:158019:0:a30a628020c01841,F521,NewTaipei,121.508056369,25.012144086,NewTaipei:geo03,0.6,0.6,0,10,1
geometry:route_type:B2,NewTaipei:16893,NewTaipei:16893:158020:0:55a5714382e95b39,F522,NewTaipei,121.523267837,25.0075720802,NewTaipei:geo03,0.4,0.4,0,10,1
geometry:route_type:B2,NewTaipei:16894,NewTaipei:16894:158021:0:0f240f0ef52cb8ed,F523,NewTaipei,121.506652821,25.0062990593,NewTaipei:geo03,0.6,0.4,0.2,10,1
geometry:route_type:B2,NewTaipei:16895,NewTaipei:16895:158022:0:34c66b6416d7e1ab,F525,NewTaipei,121.518990641,25.0000120897,NewTaipei:geo03,0.4,0.1,0.3,10,1
geometry:route_type:B2,NewTaipei:16896,NewTaipei:16896:158023:0:b7f2663532a12208,F526,NewTaipei,121.52056593,25.0018232505,NewTaipei:geo03,0.4,0.1,0.3,10,1
geometry:route_type:B2,NewTaipei:16897,NewTaipei:16897:158024:0:f257f012e606908a,570,NewTaipei,121.454505947,24.968398934,NewTaipei:geo00,0.6,0.5,0.1,10,1
geometry:route_type:B2,NewTaipei:16898,NewTaipei:16898:158025:0:719323739f0f0e1d,571,NewTaipei,121.429205253,24.9536993421,NewTaipei:geo00,0.2,0.5,-0.3,10,1
geometry:route_type:B2,NewTaipei:16899,NewTaipei:16899:158026:0:6aaca3c066ba9bf6,572,NewTaipei,121.452643608,24.9753422831,NewTaipei:geo00,0.4,0.6,-0.2,10,1
geometry:route_type:B2,NewTaipei:16900,NewTaipei:16900:158027:0:75bdb578e34981ab,573,NewTaipei,121.446007064,24.9765741505,NewTaipei:geo00,0.6,0.7,-0.1,10,1
geometry:route_type:B2,NewTaipei:16901,NewTaipei:16901:158028:0:3915abd476786d38,574,NewTaipei,121.444719283,24.9755170155,NewTaipei:geo00,0.5,0.5,0,10,1
geometry:route_type:B2,NewTaipei:16902,NewTaipei:16902:158029:0:fd6c9a4073ed6ef5,575,NewTaipei,121.443900989,24.9586632177,NewTaipei:geo00,0.6,0,0.6,10,1
geometry:route_type:B2,NewTaipei:16903,NewTaipei:16903:158030:0:2401588f436c752a,F611,NewTaipei,121.387325922,25.0033439274,NewTaipei:geo00,0.3,0.2,0.1,10,1
geometry:route_type:B2,NewTaipei:16906,NewTaipei:16906:158033:0:f304686e5cffb99d,F623,NewTaipei,121.358164819,24.9228926482,NewTaipei:geo00,0.6,0.6,0,10,1
geometry:route_type:B2,NewTaipei:16907,NewTaipei:16907:158034:0:bd74a30718e6ffa2,F625,NewTaipei,121.3631729,24.9181107762,NewTaipei:geo00,0.6,0.5,0.1,10,1
geometry:route_type:B2,NewTaipei:16908,NewTaipei:16908:158035:0:be26383ef7f0626f,F626,NewTaipei,121.406192332,24.9245718578,NewTaipei:geo00,0.5,0.5,0,10,1
geometry:route_type:B2,NewTaipei:16909,NewTaipei:16909:158036:0:2de4eb60157503cd,F627,NewTaipei,121.369464219,24.8925511244,NewTaipei:geo00,0.5,0.5,0,10,1
geometry:route_type:B2,NewTaipei:16910,NewTaipei:16910:158037:0:82e0024f362ec085,F628,NewTaipei,121.373512086,24.9089440769,NewTaipei:geo00,0.6,0.5,0.1,10,1
geometry:route_type:B2,NewTaipei:16912,NewTaipei:16912:158039:0:640f2ab940b7225d,F629,NewTaipei,121.424616874,24.9271638022,NewTaipei:geo00,0.5,0.5,0,10,1
geometry:route_type:B2,NewTaipei:16914,NewTaipei:16914:158041:0:d1d0c7ec704a3750,F630,NewTaipei,121.356247878,24.9908768428,NewTaipei:geo00,0.8,0.4,0.4,10,1
geometry:route_type:B2,NewTaipei:16919,NewTaipei:16919:158046:0:4f0e7b07603248c8,F651,NewTaipei,121.34895003,24.9481014468,NewTaipei:geo00,0.6,0.6,0,10,1
geometry:route_type:B2,NewTaipei:16920,NewTaipei:16920:159000:0:e8ed25499774f250,F652,NewTaipei,121.355924215,24.9463817047,NewTaipei:geo00,0.6,0.5,0.1,10,1
geometry:route_type:B2,NewTaipei:16922,NewTaipei:16922:158049:0:7a9cf8e08edc84e8,F653A,NewTaipei,121.343126485,24.9673750817,NewTaipei:geo00,0.6,0.6,0,10,1
geometry:route_type:B2,NewTaipei:16923,NewTaipei:16923:158050:0:3964d78195e2efc7,F653B,NewTaipei,121.343326331,24.9672447658,NewTaipei:geo00,0.6,0.6,0,10,1
geometry:route_type:B2,NewTaipei:16924,NewTaipei:16924:158051:0:06a1b902852ba334,F655,NewTaipei,121.353864087,25.0056729594,NewTaipei:geo00,0.8,0.5,0.3,10,1
geometry:route_type:B2,NewTaipei:16926,NewTaipei:16926:158053:0:257893e7019bee0f,F656,NewTaipei,121.338439243,24.9606026087,NewTaipei:geo00,0.7,0.7,0,10,1
geometry:route_type:B2,NewTaipei:16929,NewTaipei:16929:158056:0:ceff046b35873601,F703前三班,NewTaipei,121.488781869,24.9493537167,NewTaipei:geo03,0.7,0.9,-0.2,10,1
geometry:route_type:B2,NewTaipei:16930,NewTaipei:16930:159897:0:2f42933f6e9c75bb,592,NewTaipei,121.548524128,24.974132451,NewTaipei:geo03,0.1,0.3,-0.2,10,1
geometry:route_type:B2,NewTaipei:16937,NewTaipei:16937:158064:0:d036e3ad0fa9e44b,F711,NewTaipei,121.628380049,25.0099559641,NewTaipei:geo06,0.3,0.1,0.2,10,1
geometry:route_type:B2,NewTaipei:16939,NewTaipei:16939:158066:0:5d90eb53115ea6a5,F713,NewTaipei,121.609268355,25.0057481969,NewTaipei:geo06,0.4,0.1,0.3,10,1
geometry:route_type:B2,NewTaipei:16940,NewTaipei:16940:158067:0:74d2c0156a52aa36,F712,NewTaipei,121.613851151,24.9906532697,NewTaipei:geo06,0.4,0.4,0,10,1
geometry:route_type:B2,NewTaipei:16941,NewTaipei:16941:160557:0:2107e6c5f45c5ff1,F721,NewTaipei,121.726736586,24.9524498924,NewTaipei:geo06,0.7,0.9,-0.2,10,1
geometry:route_type:B2,NewTaipei:16942,NewTaipei:16942:158069:0:df0179f77e46f0d5,F722,NewTaipei,121.685034986,24.9175886371,NewTaipei:geo06,0.7,0.6,0.1,10,1
geometry:route_type:B2,NewTaipei:16943,NewTaipei:16943:158070:0:e2690bfa3b6f22b1,F723,NewTaipei,121.686520328,24.9138564825,NewTaipei:geo06,0.7,0.5,0.2,10,1
geometry:route_type:B2,NewTaipei:16944,NewTaipei:16944:158071:0:17e3199d5d3cf027,F801,NewTaipei,121.777554458,25.1041858574,NewTaipei:geo07,0.5,0.5,0,10,1
geometry:route_type:B2,NewTaipei:16946,NewTaipei:16946:158073:0:ffbb32ac0f9d417f,F802,NewTaipei,121.844365485,25.1108685565,NewTaipei:geo07,0.3,0.3,0,10,1
geometry:route_type:B2,NewTaipei:16948,NewTaipei:16948:158075:0:b0a9e1d8de876a4e,F803,NewTaipei,121.782900354,25.1025111722,NewTaipei:geo07,0.5,0.4,0.1,10,1
geometry:route_type:B2,NewTaipei:16950,NewTaipei:16950:158077:0:3f8838602ae55485,F805,NewTaipei,121.851587499,25.1214851348,NewTaipei:geo07,0.2,0.2,0,10,1
geometry:route_type:B2,NewTaipei:16952,NewTaipei:16952:158079:0:c2e85696371e2644,F806,NewTaipei,121.817359708,25.1220266094,NewTaipei:geo07,0.4,0.5,-0.1,10,1
geometry:route_type:B2,NewTaipei:16954,NewTaipei:16954:158081:0:e3331e881f81e4ec,F807上午線,NewTaipei,121.810299096,25.1065210823,NewTaipei:geo07,0.5,0.4,0.1,10,1
geometry:route_type:B2,NewTaipei:16955,NewTaipei:16955:158082:0:b29733f3bd1f1809,F807下午線,NewTaipei,121.81368424,25.106081182,NewTaipei:geo07,0.5,0.4,0.1,10,1
geometry:route_type:B2,NewTaipei:16956,NewTaipei:16956:158083:0:1b1ca9a0b78648aa,F808,NewTaipei,121.822224497,25.0944381512,NewTaipei:geo07,0.4,0.5,-0.1,10,1
geometry:route_type:B2,NewTaipei:16958,NewTaipei:16958:158085:0:a2f3e948c42399ff,F811,NewTaipei,121.888039927,25.0420085774,NewTaipei:geo07,1,0.9,0.1,10,1
geometry:route_type:B2,NewTaipei:16960,NewTaipei:16960:158087:0:1e019c8b5bd41f70,F815,NewTaipei,121.836198795,24.9784966686,NewTaipei:geo07,0.7,0.9,-0.2,10,1
geometry:route_type:B2,NewTaipei:16962,NewTaipei:16962:158089:0:a3d4615d3e98c8e2,F821,NewTaipei,121.767352862,25.0380174705,NewTaipei:geo07,0.6,0.5,0.1,10,1
geometry:route_type:B2,NewTaipei:16963,NewTaipei:16963:158090:0:90f0a3145f68b501,F822,NewTaipei,121.74869367,25.0192466892,NewTaipei:geo06,0.6,0.6,0,10,1
geometry:route_type:B2,NewTaipei:16964,NewTaipei:16964:158091:0:76d8753b9eba055f,F823,NewTaipei,121.825313358,25.0261560638,NewTaipei:geo07,0.7,0.7,0,10,1
geometry:route_type:B2,NewTaipei:16969,NewTaipei:16969:158096:0:a475715dbf14ed9f,F835,NewTaipei,121.921959536,25.026937417,NewTaipei:geo07,1,0.7,0.3,10,1
geometry:route_type:B2,NewTaipei:16970,NewTaipei:16970:158097:0:fc14064eaaaa9d0b,F836,NewTaipei,121.961386681,25.0182175576,NewTaipei:geo07,0.7,1,-0.3,10,1
geometry:route_type:B2,NewTaipei:16971,NewTaipei:16971:158098:0:769c1ea3d8038698,F837,NewTaipei,121.920372665,25.0639431625,NewTaipei:geo07,0.6,0.8,-0.2,10,1
geometry:route_type:B2,NewTaipei:16972,NewTaipei:16972:159231:0:c05ea797be35c58e,貢寮區學生專車,NewTaipei,121.919694927,25.0669054557,NewTaipei:geo07,0.8,0.8,0,10,1
geometry:route_type:B2,NewTaipei:16973,NewTaipei:16973:158100:0:f759e30287e2f9b5,F838,NewTaipei,121.917536121,25.0433848481,NewTaipei:geo07,1,1,0,10,1
geometry:route_type:B2,NewTaipei:16974,NewTaipei:16974:158101:0:c253a9c4f3544d98,F839,NewTaipei,121.91396925,25.0642863547,NewTaipei:geo07,0.8,0.6,0.2,10,1
geometry:route_type:B2,NewTaipei:16975,NewTaipei:16975:159272:1:d3d14c3275493559,F922烏塗炭,NewTaipei,121.650562079,25.1628373039,NewTaipei:geo05,0.6,0.7,-0.1,10,1
geometry:route_type:B2,NewTaipei:16976,NewTaipei:16976:158103:0:b60786f1c7b6a732,F922內崁,NewTaipei,121.645142739,25.1605733791,NewTaipei:geo05,0.6,0.9,-0.3,10,1
geometry:route_type:B2,NewTaipei:16977,NewTaipei:16977:158104:0:0ff44ccbf0f81c2b,F933-0620學生專車,NewTaipei,121.612717997,25.218217649,NewTaipei:geo05,1,1,0,10,1
geometry:route_type:B2,NewTaipei:16978,NewTaipei:16978:158105:0:46245ae5f9b2d920,F933-0800,NewTaipei,121.627117838,25.2167014591,NewTaipei:geo05,1,1,0,10,1
geometry:route_type:B2,NewTaipei:16979,NewTaipei:16979:158106:0:ed2b276e43243e85,F933-0710,NewTaipei,121.640748871,25.2237512558,NewTaipei:geo05,1,1,0,10,1
geometry:route_type:B2,NewTaipei:16980,NewTaipei:16980:158107:0:8bb43b3d9b334df2,F931-0600,NewTaipei,121.612398759,25.2308717515,NewTaipei:geo05,1,1,0,10,1
geometry:route_type:B2,NewTaipei:16981,NewTaipei:16981:158108:0:6287c8483134470e,F931-0700,NewTaipei,121.614204325,25.2274490164,NewTaipei:geo05,1,1,0,10,1
geometry:route_type:B2,NewTaipei:16982,NewTaipei:16982:158109:0:109b7de8ebe80a68,F931-0800,NewTaipei,121.616659727,25.2218087533,NewTaipei:geo05,1,1,0,10,1
geometry:route_type:B2,NewTaipei:16983,NewTaipei:16983:158110:0:a47bccf3e89ed851,F931-0910,NewTaipei,121.628627326,25.2439564552,NewTaipei:geo05,1,1,0,10,1
geometry:route_type:B2,NewTaipei:16984,NewTaipei:16984:158111:0:00c0125b089fa6b2,F931-1030,NewTaipei,121.612001489,25.2284806913,NewTaipei:geo05,1,1,0,10,1
geometry:route_type:B2,NewTaipei:16985,NewTaipei:16985:158112:0:c7a1b1bed48106e2,F931-1255,NewTaipei,121.611587608,25.2299278531,NewTaipei:geo05,1,1,0,10,1
geometry:route_type:B2,NewTaipei:16986,NewTaipei:16986:158113:0:a58d0d0c64e49408,F931-1630,NewTaipei,121.610922521,25.2295587313,NewTaipei:geo05,1,1,0,10,1
geometry:route_type:B2,NewTaipei:16987,NewTaipei:16987:158114:0:6ce52d99898811c4,F931-1730,NewTaipei,121.610986552,25.2258327797,NewTaipei:geo05,1,1,0,10,1
geometry:route_type:B2,NewTaipei:16988,NewTaipei:16988:158115:0:cad58b89b46a6ed9,F901,NewTaipei,121.626872291,25.0415655654,NewTaipei:geo06,0,0,0,10,1
geometry:route_type:B2,NewTaipei:16990,NewTaipei:16990:158117:0:d7d962765083ea09,F902,NewTaipei,121.658306153,25.0605967201,NewTaipei:geo06,0.6,0.1,0.5,10,1
geometry:route_type:B2,NewTaipei:16993,NewTaipei:16993:158120:0:10700f1f7cd45386,F903,NewTaipei,121.658271123,25.0445610983,NewTaipei:geo06,0.6,0.5,0.1,10,1
geometry:route_type:B2,NewTaipei:16995,NewTaipei:16995:158122:0:183c97e66a5f54c8,F905,NewTaipei,121.688657178,25.0651187104,NewTaipei:geo06,0.7,0.8,-0.1,10,1
geometry:route_type:B2,NewTaipei:16997,NewTaipei:16997:159015:0:1b103e7f3feb4394,586,NewTaipei,121.665695968,25.0732497868,NewTaipei:geo06,0.1,0.2,-0.1,10,1
geometry:route_type:B2,NewTaipei:16999,NewTaipei:16999:158126:0:dd3b262e344eccb0,F907,NewTaipei,121.662458232,25.0746174279,NewTaipei:geo06,0.6,0.2,0.4,10,1
geometry:route_type:B2,NewTaipei:17001,NewTaipei:17001:158128:1:b228eec7aea34a38,587,NewTaipei,121.647765317,25.0859092814,NewTaipei:geo06,0.4,0.6,-0.2,10,1
geometry:route_type:B2,NewTaipei:17003,NewTaipei:17003:158130:0:f6ab93754447105d,F919八連,NewTaipei,121.631473368,25.0979933404,NewTaipei:geo06,0.5,0.5,0,10,1
geometry:route_type:B2,NewTaipei:17005,NewTaipei:17005:158132:0:e2a479abb74012f0,F910,NewTaipei,121.625862076,25.108304811,NewTaipei:geo06,0.5,0.4,0.1,10,1
geometry:route_type:B2,NewTaipei:17007,NewTaipei:17007:158134:0:10c938caada7ae16,F911,NewTaipei,121.661947386,25.0598792216,NewTaipei:geo06,0.6,0.3,0.3,10,1
geometry:route_type:B2,NewTaipei:17009,NewTaipei:17009:158136:0:2b69506f1f31ff77,589,NewTaipei,121.661422836,25.0667461582,NewTaipei:geo06,0.6,0.5,0.1,10,1
geometry:route_type:B2,NewTaipei:17013,NewTaipei:17013:158140:0:a88b01c5e64bf47a,F915,NewTaipei,121.645446865,25.0644545747,NewTaipei:geo06,0.2,0.3,-0.1,10,1
geometry:route_type:B2,NewTaipei:17015,NewTaipei:17015:158142:0:950277e9ef250b03,677副,NewTaipei,121.62018952,25.0736802056,NewTaipei:geo06,0.4,0.6,-0.2,10,1
geometry:route_type:B2,NewTaipei:17016,NewTaipei:17016:158143:0:2d12308191578cb5,590,NewTaipei,121.626403803,25.0691714422,NewTaipei:geo06,0.2,0.4,-0.2,10,1
geometry:route_type:B2,NewTaipei:17017,NewTaipei:17017:158144:0:25141757b272793c,591,NewTaipei,121.618720782,25.0653678369,NewTaipei:geo06,0.2,0.1,0.1,10,1
geometry:route_type:B2,NewTaipei:17292,NewTaipei:17292:158421:0:13623d0f7a12e819,945,NewTaipei,121.437290996,25.0699762698,NewTaipei:geo02,0.6,0.6,0,10,1
geometry:route_type:B2,NewTaipei:17293,NewTaipei:17293:158422:0:57f592d41cdefa17,946,NewTaipei,121.446121472,25.0717041041,NewTaipei:geo02,0.5,0.6,-0.1,10,1
geometry:route_type:B2,NewTaipei:17294,NewTaipei:17294:158423:0:9f9e65c77e1cc770,946副,NewTaipei,121.449289646,25.0712229105,NewTaipei:geo02,0.5,0.6,-0.1,10,1
geometry:route_type:B2,NewTaipei:17300,NewTaipei:17300:158429:0:4be629c1cce8e07a,624,NewTaipei,121.50952758,24.99397615,NewTaipei:geo03,0.8,1,-0.2,10,1
geometry:route_type:B2,NewTaipei:17304,NewTaipei:17304:158433:0:c9c01b53c9aaae44,985萬大樹林先導公車,NewTaipei,121.447778895,25.0027873695,NewTaipei:geo00,0.5,0.7,-0.2,10,1
geometry:route_type:B2,NewTaipei:17311,NewTaipei:17311:158451:0:33805d9bab3359fb,藍41延和,NewTaipei,121.475522696,24.990366715,NewTaipei:geo03,0.2,0.2,0,10,1
geometry:route_type:B2,NewTaipei:17332,NewTaipei:17332:158474:0:e251a907d4a29baf,藍21副,NewTaipei,121.625793775,25.0605267557,NewTaipei:geo06,0.5,0.3,0.2,10,1
geometry:route_type:B2,NewTaipei:17360,NewTaipei:17360:158507:0:10c209f0208dafa4,藍1,NewTaipei,121.485089358,25.0708807706,NewTaipei:geo02,0,0,0,10,1
geometry:route_type:B2,NewTaipei:17391,NewTaipei:17391:158545:0:6d664904e19d0939,F932-0600,NewTaipei,121.619018025,25.220395034,NewTaipei:geo05,1,1,0,10,1
geometry:route_type:B2,NewTaipei:17392,NewTaipei:17392:158546:0:f6ea4ffcb8cd5526,F932-1630,NewTaipei,121.630345061,25.246618507,NewTaipei:geo05,1,1,0,10,1
geometry:route_type:B2,NewTaipei:17393,NewTaipei:17393:158547:0:bb13e7c5a3164177,F932-0820,NewTaipei,121.613909273,25.228163384,NewTaipei:geo05,1,1,0,10,1
geometry:route_type:B2,NewTaipei:17394,NewTaipei:17394:158548:0:7dd65fe9511831c7,F932-0950,NewTaipei,121.615725165,25.2267141226,NewTaipei:geo05,1,1,0,10,1
geometry:route_type:B2,NewTaipei:17395,NewTaipei:17395:158549:0:95caf61b2be8a3e3,F932-1110,NewTaipei,121.626190202,25.2404188152,NewTaipei:geo05,1,1,0,10,1
geometry:route_type:B2,NewTaipei:17433,NewTaipei:17433:158588:0:2be9ce1ad1a9d25b,F920,NewTaipei,121.706157885,25.0518932073,NewTaipei:geo06,0.4,0.7,-0.3,10,1
geometry:route_type:B2,NewTaipei:17465,NewTaipei:17465:158621:0:243ff2222a06787b,F932-0630,NewTaipei,121.630252631,25.2471255143,NewTaipei:geo05,1,1,0,10,1
geometry:route_type:B2,NewTaipei:17466,NewTaipei:17466:158622:0:0c31f2db121e0858,棕7綠野香坡,NewTaipei,121.537920174,24.9829822326,NewTaipei:geo03,0.2,0.2,0,10,1
geometry:route_type:B2,NewTaipei:17479,NewTaipei:17479:158635:0:4791b6d7f3b48fb7,290副萬和,NewTaipei,121.53767515,24.9914095889,NewTaipei:geo03,0.3,0.3,0,10,1
geometry:route_type:B2,NewTaipei:17482,NewTaipei:17482:158638:0:fef3ca232c133507,666皇帝殿,NewTaipei,121.60525221,24.9981386148,NewTaipei:geo06,0.9,0.7,0.2,10,1
geometry:route_type:B2,NewTaipei:17483,NewTaipei:17483:158639:0:84e1c285e5b04f89,666烏塗窟,NewTaipei,121.605885873,24.9974792743,NewTaipei:geo06,0.9,0.7,0.2,10,1
geometry:route_type:B2,NewTaipei:17500,NewTaipei:17500:158663:0:f4890e1d3a72d885,790漁港,NewTaipei,121.685816601,25.1788161008,NewTaipei:geo05,0.3,0.3,0,10,1
geometry:route_type:B2,NewTaipei:17501,NewTaipei:17501:158664:0:5707de8c2e4de411,788海科館,NewTaipei,121.797523075,25.1231782636,NewTaipei:geo07,0.7,0.7,0,10,1
geometry:route_type:B2,NewTaipei:17513,NewTaipei:17513:158679:0:de9cc03e7cbd8d6b,583,NewTaipei,121.452023847,25.1013784588,NewTaipei:geo02,0.6,0.9,-0.3,10,1
geometry:route_type:B2,NewTaipei:17515,NewTaipei:17515:158683:0:9ddb1089494cc688,778,NewTaipei,121.377750879,24.919548904,NewTaipei:geo00,0.2,0.2,0,10,1
geometry:route_type:B2,NewTaipei:17516,NewTaipei:17516:158684:0:f6de001f685de448,藍18,NewTaipei,121.467072292,25.0271545396,NewTaipei:geo02,0,0,0,10,1
geometry:route_type:B2,NewTaipei:17517,NewTaipei:17517:158685:0:428f2c2a8856e970,99,NewTaipei,121.451169404,25.0268788894,NewTaipei:geo02,0.8,0.7,0.1,10,1
geometry:route_type:B2,NewTaipei:17518,NewTaipei:17518:158686:0:38d0a14694f1227b,845,NewTaipei,121.4434211,25.0305058444,NewTaipei:geo02,0.5,0.6,-0.1,10,1
geometry:route_type:B2,NewTaipei:17519,NewTaipei:17519:158687:0:77c366a5f25d1e57,916,NewTaipei,121.392988492,24.949307608,NewTaipei:geo00,0.5,0.4,0.1,10,1
geometry:route_type:B2,NewTaipei:17523,NewTaipei:17523:158691:0:4aa538b1f234a280,806,NewTaipei,121.469372681,25.0415597484,NewTaipei:geo02,0.8,0.8,0,10,1
geometry:route_type:B2,NewTaipei:17524,NewTaipei:17524:158692:0:2652ea16c1235b68,805,NewTaipei,121.448015445,25.0318353319,NewTaipei:geo02,0.8,0.7,0.1,10,1
geometry:route_type:B2,NewTaipei:17525,NewTaipei:17525:158693:0:18ceac0bf4365c89,823,NewTaipei,121.634067939,25.056020152,NewTaipei:geo06,0.3,0.3,0,10,1
geometry:route_type:B2,NewTaipei:17526,NewTaipei:17526:159276:0:0f5f9d8b02bb906e,813,NewTaipei,121.455379454,25.0301398653,NewTaipei:geo02,0.7,0.7,0,10,1
geometry:route_type:B2,NewTaipei:17527,NewTaipei:17527:158695:0:33a099285d0a55a6,813區,NewTaipei,121.46023159,25.0240642073,NewTaipei:geo02,0.8,0.8,0,10,1
geometry:route_type:B2,NewTaipei:17528,NewTaipei:17528:158696:0:6f4f6850f3b5d35c,862,NewTaipei,121.592766751,25.2224443351,NewTaipei:geo05,0.7,0.7,0,10,1
geometry:route_type:B2,NewTaipei:17530,NewTaipei:17530:159900:1:7938113a526a07c5,716(台灣好行-皇冠北海岸線),NewTaipei,121.553023644,25.2457848293,NewTaipei:geo04,0.7,0.6,0.1,10,1
geometry:route_type:B2,NewTaipei:17532,NewTaipei:17532:159687:0:fb73d03c50f84294,918,NewTaipei,121.484667673,25.0160262057,NewTaipei:geo03,0.8,1,-0.2,10,1
geometry:route_type:B2,NewTaipei:17534,NewTaipei:17534:158702:0:f15f99db774971a1,933,NewTaipei,121.507345555,25.0159544241,NewTaipei:geo03,0.8,0.8,0,10,1
geometry:route_type:B2,NewTaipei:17536,NewTaipei:17536:158704:0:0bc278af6296b2a9,927,NewTaipei,121.436740469,25.1131505515,NewTaipei:geo02,0.8,1,-0.2,10,1
geometry:route_type:B2,NewTaipei:17537,NewTaipei:17537:158705:0:8730d86237e92815,928,NewTaipei,121.432913084,25.1197925355,NewTaipei:geo02,0.7,0.8,-0.1,10,1
geometry:route_type:B2,NewTaipei:17545,NewTaipei:17545:158713:0:8220e01eda29e4ee,927經台北港,NewTaipei,121.432780862,25.1163947057,NewTaipei:geo02,0.8,0.8,0,10,1
geometry:route_type:B2,NewTaipei:17548,NewTaipei:17548:158717:0:34a215b6bafd738d,951,NewTaipei,121.593591315,25.0151719325,NewTaipei:geo06,0.6,0.7,-0.1,10,1
geometry:route_type:B2,NewTaipei:17557,NewTaipei:17557:158727:0:e7ef2024d9080e9d,897,NewTaipei,121.50099021,24.9919996448,NewTaipei:geo03,0.5,0.7,-0.2,10,1
geometry:route_type:B2,NewTaipei:17559,NewTaipei:17559:158729:0:fdf575851b77e5c7,F212副,NewTaipei,121.436567058,25.0591366568,NewTaipei:geo02,0.6,0.4,0.2,10,1
geometry:route_type:B2,NewTaipei:17565,NewTaipei:17565:158735:0:6371556761f5aba7,F812,NewTaipei,121.832848743,25.030179315,NewTaipei:geo07,0.7,0.9,-0.2,10,1
geometry:route_type:B2,NewTaipei:17567,NewTaipei:17567:158737:0:c93a8685846303ac,F813,NewTaipei,121.849291544,25.0731707848,NewTaipei:geo07,0.4,0.7,-0.3,10,1
geometry:route_type:B2,NewTaipei:17568,NewTaipei:17568:158738:0:5bee3a6d4cccc307,F913,NewTaipei,121.643163261,25.0700971475,NewTaipei:geo06,0.4,0.4,0,10,1
geometry:route_type:B2,NewTaipei:17570,NewTaipei:17570:158740:0:8054f2bac7235b4a,947,NewTaipei,121.453961209,25.1124589089,NewTaipei:geo02,0.8,0.9,-0.1,10,1
geometry:route_type:B2,NewTaipei:17575,NewTaipei:17575:158745:0:b90bb8cd359ddff5,953,NewTaipei,121.644665191,25.1186712793,NewTaipei:geo06,0.7,0.3,0.4,10,1
geometry:route_type:B2,NewTaipei:17576,NewTaipei:17576:158746:0:cd9a5ed27fc4ca4b,952,NewTaipei,121.379882985,25.0497754399,NewTaipei:geo02,0.8,0.8,0,10,1
geometry:route_type:B2,NewTaipei:17621,NewTaipei:17621:158793:0:f15950be37be2303,853跳蛙,NewTaipei,121.461319891,25.2171127499,NewTaipei:geo01,0.8,0.8,0,10,1
geometry:route_type:B2,NewTaipei:17623,NewTaipei:17623:158798:0:c00279a2ca9059e6,F723下石嘈,NewTaipei,121.708471974,24.920047475,NewTaipei:geo06,0.8,0.8,0,10,1
geometry:route_type:B2,NewTaipei:17624,NewTaipei:17624:158799:0:0360c4d10b4b3919,F703,NewTaipei,121.504159947,24.9534842685,NewTaipei:geo03,0.6,0.3,0.3,10,1
geometry:route_type:B2,NewTaipei:17625,NewTaipei:17625:158801:0:00c75f3a5d23efb6,898,NewTaipei,121.402261289,25.0556841563,NewTaipei:geo02,0.7,0.5,0.2,10,1
geometry:route_type:B2,NewTaipei:17631,NewTaipei:17631:158807:0:e8e9ad0d6a1979bc,F301,NewTaipei,121.479445503,25.0580075616,NewTaipei:geo02,0.4,0.1,0.3,10,1
geometry:route_type:B2,NewTaipei:17663,NewTaipei:17663:158839:0:31ed8483443ed42e,F205,NewTaipei,121.43139214,25.0475745709,NewTaipei:geo02,0.4,0.4,0,10,1
geometry:route_type:B2,NewTaipei:17664,NewTaipei:17664:158840:0:6c72c9233bca7b49,F206,NewTaipei,121.414687018,25.0295097169,NewTaipei:geo02,0.3,0.2,0.1,10,1
geometry:route_type:B2,NewTaipei:17665,NewTaipei:17665:158841:0:527903bb5b602e1b,F207,NewTaipei,121.406171504,25.0353614223,NewTaipei:geo02,0.4,0.5,-0.1,10,1
geometry:route_type:B2,NewTaipei:17668,NewTaipei:17668:158844:0:9a33b43fe3a4c372,982,NewTaipei,121.48064921,25.0212012015,NewTaipei:geo03,0.8,0.9,-0.1,10,1
geometry:route_type:B2,NewTaipei:17671,NewTaipei:17671:158849:0:b1e36960a1c34b28,林口-捷運圓山站,NewTaipei,121.427959377,25.070662407,NewTaipei:geo02,0.4,0.4,0,10,1
geometry:route_type:B2,NewTaipei:17672,NewTaipei:17672:158850:0:c7265d377259e73b,577,NewTaipei,121.465382228,25.0038267585,NewTaipei:geo03,0.5,0.2,0.3,10,1
geometry:route_type:B2,NewTaipei:17679,NewTaipei:17679:158858:0:432e4e5132cf539f,982區,NewTaipei,121.457319736,25.0508939301,NewTaipei:geo02,0.7,0.3,0.4,10,1
geometry:route_type:B2,NewTaipei:17680,NewTaipei:17680:158859:0:f2363858c44c4db6,982直達,NewTaipei,121.487918922,25.0125675282,NewTaipei:geo03,0.7,1,-0.3,10,1
geometry:route_type:B2,NewTaipei:17682,NewTaipei:17682:158861:1:44f017557a30ecdd,596,NewTaipei,121.440867471,24.9962847832,NewTaipei:geo00,0.4,0.8,-0.4,10,1
geometry:route_type:B2,NewTaipei:17683,NewTaipei:17683:158862:0:06db35b677373666,585,NewTaipei,121.449201762,25.002797034,NewTaipei:geo00,0.5,0.3,0.2,10,1
geometry:route_type:B2,NewTaipei:17687,NewTaipei:17687:158865:0:ae32325f06bbefd8,982直達新埔線,NewTaipei,121.458101404,25.0445104031,NewTaipei:geo02,0.7,0.3,0.4,10,1
geometry:route_type:B2,NewTaipei:17689,NewTaipei:17689:158867:0:a19ccf0224c365b0,三峽-捷運永寧站,NewTaipei,121.394113515,24.9503167884,NewTaipei:geo00,0.2,0,0.2,10,1
geometry:route_type:B2,NewTaipei:17692,NewTaipei:17692:158874:0:e342ebda014ef410,791繞貢寮,NewTaipei,121.853446873,25.0992200091,NewTaipei:geo07,0.7,0.5,0.2,10,1
geometry:route_type:B2,NewTaipei:17693,NewTaipei:17693:158875:0:22ba71cbc8dd8329,F815嶺頭觀目,NewTaipei,121.841480993,24.9878984198,NewTaipei:geo07,0.7,0.9,-0.2,10,1
geometry:route_type:B2,NewTaipei:17694,NewTaipei:17694:158876:0:b2c8fe8efe50e006,F139行經101線,NewTaipei,121.488701169,25.2072493998,NewTaipei:geo01,0.4,0.2,0.2,10,1
geometry:route_type:B2,NewTaipei:17696,NewTaipei:17696:158879:0:eb2eed50a34f393e,849屈尺社區,NewTaipei,121.541905427,24.9496959806,NewTaipei:geo03,0.3,0.7,-0.4,10,1
geometry:route_type:B2,NewTaipei:17699,NewTaipei:17699:158882:0:1885063ccaa2afa1,F823區,NewTaipei,121.859862228,25.0257003555,NewTaipei:geo07,0.7,0.9,-0.2,10,1
geometry:route_type:B2,NewTaipei:17700,NewTaipei:17700:158883:0:38d77dd08993e448,藍43延南天母,NewTaipei,121.419096028,24.9601969159,NewTaipei:geo00,0.1,0.2,-0.1,10,1
geometry:route_type:B2,NewTaipei:17706,NewTaipei:17706:158889:0:721b4bdd8be1937b,897區,NewTaipei,121.513934988,24.9774744564,NewTaipei:geo03,0.6,0.4,0.2,10,1
geometry:route_type:B2,NewTaipei:17711,NewTaipei:17711:158894:0:f5424ccc2414baf1,三峽-捷運台大醫院站,NewTaipei,121.433230481,24.982331325,NewTaipei:geo00,0.3,0.3,0,10,1
geometry:route_type:B2,NewTaipei:17714,NewTaipei:17714:158897:0:53080a47acfe150f,F657,NewTaipei,121.348560207,24.9991472485,NewTaipei:geo00,0.8,0.4,0.4,10,1
geometry:route_type:B2,NewTaipei:17717,NewTaipei:17717:158900:0:a558560032960c4a,932繞國家教育研究院,NewTaipei,121.409564959,24.963785278,NewTaipei:geo00,0.6,0.8,-0.2,10,1
geometry:route_type:B2,NewTaipei:17718,NewTaipei:17718:158901:0:078a76699f0b23be,791經貢寮區衛生,NewTaipei,121.84742755,25.1077501972,NewTaipei:geo07,0.8,0.5,0.3,10,1
geometry:route_type:B2,NewTaipei:17719,NewTaipei:17719:158902:0:7204b4af80012f21,786區,NewTaipei,121.407183385,25.0632097747,NewTaipei:geo02,0.7,0.6,0.1,10,1
geometry:route_type:B2,NewTaipei:17720,NewTaipei:17720:158908:0:a1a8bbbbfc4c88f7,939跳蛙,NewTaipei,121.483503828,24.9835462249,NewTaipei:geo03,0.5,0.7,-0.2,10,1
geometry:route_type:B2,NewTaipei:17733,NewTaipei:17733:159036:0:c1128025af6801d2,F932-0715,NewTaipei,121.630278343,25.2474879403,NewTaipei:geo05,1,1,0,10,1
geometry:route_type:B2,NewTaipei:17775,NewTaipei:17775:159119:0:2ea87fc2055285f0,908延,NewTaipei,121.426923028,24.962989611,NewTaipei:geo00,0.6,0.7,-0.1,10,1
geometry:route_type:B2,NewTaipei:17789,NewTaipei:17789:159134:0:50c89798391f3220,960,NewTaipei,121.448018047,25.0455266836,NewTaipei:geo02,0.6,0.3,0.3,10,1
geometry:route_type:B2,NewTaipei:17790,NewTaipei:17790:159135:0:71f1be375705d87e,958,NewTaipei,121.464748145,25.061759139,NewTaipei:geo02,0.4,0.5,-0.1,10,1
geometry:route_type:B2,NewTaipei:17791,NewTaipei:17791:159136:0:98fc4a7862b1880a,959,NewTaipei,121.4622868,25.0582734365,NewTaipei:geo02,0.6,0.3,0.3,10,1
geometry:route_type:B2,NewTaipei:17802,NewTaipei:17802:159147:0:6d9795d0c497560a,854,NewTaipei,121.369619743,25.0692134112,NewTaipei:geo02,0.3,0.3,0,10,1
geometry:route_type:B2,NewTaipei:17806,NewTaipei:17806:159151:0:4c292ec1cde25656,899,NewTaipei,121.444793062,25.0779611336,NewTaipei:geo02,0.5,0.8,-0.3,10,1
geometry:route_type:B2,NewTaipei:17809,NewTaipei:17809:159154:0:efc554c16e2d8e79,F132經青山,NewTaipei,121.517479303,25.2372383112,NewTaipei:geo04,0.8,1,-0.2,10,1
geometry:route_type:B2,NewTaipei:17811,NewTaipei:17811:159157:0:dfb4934ae81a122b,林口-內湖科技園區,NewTaipei,121.463854039,25.0710823064,NewTaipei:geo02,0.3,0.3,0,10,1
geometry:route_type:B2,NewTaipei:17812,NewTaipei:17812:159158:0:82eb47ae73609fd4,新店-汐止,NewTaipei,121.593336507,25.0135188546,NewTaipei:geo06,0,0.1,-0.1,10,1
geometry:route_type:B2,NewTaipei:17813,NewTaipei:17813:159159:0:32297df4a03adc6d,泰山-內湖,NewTaipei,121.507177753,25.0711528433,NewTaipei:geo02,0.6,0.2,0.4,10,1
geometry:route_type:B2,NewTaipei:17814,NewTaipei:17814:159162:0:8263b782427c8ad9,淡水-內湖科技園區,NewTaipei,121.489621746,25.1260790038,NewTaipei:geo01,0.1,0.2,-0.1,10,1
geometry:route_type:B2,NewTaipei:17815,NewTaipei:17815:159163:0:3a88b4c17ce8da6c,淡水-國道1號-南港車站,NewTaipei,121.507063493,25.1118458677,NewTaipei:geo02,0.2,0.2,0,10,1
geometry:route_type:B2,NewTaipei:17824,NewTaipei:17824:159184:0:1cddea3f69e2dd41,886區,NewTaipei,121.83623154,25.120989318,NewTaipei:geo07,0.6,0.6,0,10,1
geometry:route_type:B2,NewTaipei:17832,NewTaipei:17832:159205:0:0d325780dfbe2a4f,直潭里線,NewTaipei,121.533906296,24.9463108281,NewTaipei:geo03,0.3,0.2,0.1,10,1
geometry:route_type:B2,NewTaipei:17835,NewTaipei:17835:159209:0:bfe9bc09bb439e9e,林口-板橋,NewTaipei,121.41763074,25.0576182514,NewTaipei:geo02,0.2,0.4,-0.2,10,1
geometry:route_type:B2,NewTaipei:17836,NewTaipei:17836:159279:0:5e68ea57a4a74dd3,F933-0635,NewTaipei,121.620646163,25.2242642813,NewTaipei:geo05,1,1,0,10,1
geometry:route_type:B2,NewTaipei:17837,NewTaipei:17837:159280:0:909306b2e9773a2e,F933-0920,NewTaipei,121.62715258,25.2167084571,NewTaipei:geo05,1,1,0,10,1
geometry:route_type:B2,NewTaipei:17838,NewTaipei:17838:159212:0:8fbb0f95701772f8,894,NewTaipei,121.436645446,25.1857955434,NewTaipei:geo01,0.2,0.4,-0.2,10,1
geometry:route_type:B2,NewTaipei:17839,NewTaipei:17839:159281:0:b26b3e56425c21f3,F933-1030,NewTaipei,121.633518656,25.2210127688,NewTaipei:geo05,1,1,0,10,1
geometry:route_type:B2,NewTaipei:17840,NewTaipei:17840:159282:0:1fcabbd55ad7279c,F933-1130,NewTaipei,121.642212519,25.2239024203,NewTaipei:geo05,1,1,0,10,1
geometry:route_type:B2,NewTaipei:17841,NewTaipei:17841:159283:0:995e38317c7b98d3,F933-1330,NewTaipei,121.634824856,25.2217757013,NewTaipei:geo05,1,1,0,10,1
geometry:route_type:B2,NewTaipei:17842,NewTaipei:17842:159284:0:043e542bdd96b2aa,F933-1430,NewTaipei,121.640993392,25.2239053817,NewTaipei:geo05,1,1,0,10,1
geometry:route_type:B2,NewTaipei:17843,NewTaipei:17843:159285:0:218ee4473f499bbe,F933-1530,NewTaipei,121.627156193,25.216718608,NewTaipei:geo05,1,1,0,10,1
geometry:route_type:B2,NewTaipei:17845,NewTaipei:17845:159218:0:ef1219db1e169af9,953區,NewTaipei,121.647778937,25.1220018383,NewTaipei:geo06,0.7,0.3,0.4,10,1
geometry:route_type:B2,NewTaipei:17846,NewTaipei:17846:159224:0:570ae77d0cd874df,鶯歌火車站-中正紀念堂,NewTaipei,121.431412852,24.9833011563,NewTaipei:geo00,0.2,0.2,0,10,1
geometry:route_type:B2,NewTaipei:17847,NewTaipei:17847:159225:0:3e559cd1f07679c9,鶯歌火車站-松山機場,NewTaipei,121.472094063,24.9861469625,NewTaipei:geo03,0.3,0.3,0,10,1
geometry:route_type:B2,NewTaipei:17865,NewTaipei:17865:159263:1:54735fb24ebbe4ab,789區,NewTaipei,121.702565756,25.1536019861,NewTaipei:geo05,0.6,0.2,0.4,10,1
geometry:route_type:B2,NewTaipei:17866,NewTaipei:17866:159267:0:838f474df83636d4,林口(文化三路)-捷運圓山站,NewTaipei,121.427910582,25.0718593313,NewTaipei:geo02,0.3,0.3,0,10,1
geometry:route_type:B2,NewTaipei:17868,NewTaipei:17868:159290:0:fe07f4ac065d4938,638副,NewTaipei,121.431670738,25.0658611709,NewTaipei:geo02,0.4,0.1,0.3,10,1
geometry:route_type:B2,NewTaipei:17871,NewTaipei:17871:159300:0:171c6348628c98a4,淡水新市鎮-板橋,NewTaipei,121.456859363,25.1125408894,NewTaipei:geo02,0,0.1,-0.1,10,1
geometry:route_type:B2,NewTaipei:17873,NewTaipei:17873:159302:0:200e8c74ed2c1e45,新店高中-三峽,NewTaipei,121.434083086,24.9624767048,NewTaipei:geo00,0.3,0.2,0.1,10,1
geometry:route_type:B2,NewTaipei:17889,NewTaipei:17889:159341:0:33c1b1eee2bbaa32,824,NewTaipei,121.451932947,25.0044143483,NewTaipei:geo03,0.6,0.3,0.3,10,1
geometry:route_type:B2,NewTaipei:17902,NewTaipei:17902:159358:0:20d9da6a8ca91858,瑞芳-松山車站(北客),NewTaipei,121.689805439,25.0846086927,NewTaipei:geo06,0.3,0.8,-0.5,10,1
geometry:route_type:B2,NewTaipei:17903,NewTaipei:17903:159362:0:b1cd4e44a710c2ad,瑞芳-松山車站(基客),NewTaipei,121.693616157,25.0864703704,NewTaipei:geo06,0.4,0.8,-0.4,10,1
geometry:route_type:B2,NewTaipei:17904,NewTaipei:17904:159360:0:1c66c01485e3ef0c,瑞芳-內科(北客),NewTaipei,121.677433257,25.0863647168,NewTaipei:geo06,0.2,0.1,0.1,10,1
geometry:route_type:B2,NewTaipei:17905,NewTaipei:17905:159364:0:97326239690f15b3,三峽-內科,NewTaipei,121.514086371,24.9933750175,NewTaipei:geo03,0,0,0,10,1
geometry:route_type:B2,NewTaipei:17911,NewTaipei:17911:159373:0:56c7b655bebfb11f,瑞芳-內科(基客),NewTaipei,121.685211735,25.0879085745,NewTaipei:geo06,0.2,0.1,0.1,10,1
geometry:route_type:B2,NewTaipei:17914,NewTaipei:17914:159486:1:d1b53c10e51de602,F512副,NewTaipei,121.500444236,24.9907575608,NewTaipei:geo03,0.2,0.3,-0.1,10,1
geometry:route_type:B2,NewTaipei:17915,NewTaipei:17915:159385:0:57e6d61d7777a56d,汐止-台北101,NewTaipei,121.618372169,25.0583847194,NewTaipei:geo06,0,0,0,10,1
geometry:route_type:B2,NewTaipei:17916,NewTaipei:17916:159393:0:06b5e43df843dd27,963,NewTaipei,121.445035872,25.102001407,NewTaipei:geo02,0.9,0.9,0,10,1
geometry:route_type:B2,NewTaipei:17917,NewTaipei:17917:159387:0:d593b1d8556e66b8,五股-內湖科技園區,NewTaipei,121.507429527,25.075426268,NewTaipei:geo02,0.6,0.3,0.3,10,1
geometry:route_type:B2,NewTaipei:17918,NewTaipei:17918:159389:0:9e7f8b7b8ae1ce02,林口-臺北長庚醫院,NewTaipei,121.446246564,25.0691344521,NewTaipei:geo02,0.3,0.4,-0.1,10,1
geometry:route_type:B2,NewTaipei:17919,NewTaipei:17919:159391:0:3cdd5ddb768e743f,捷運景安站-三峽臺北大學,NewTaipei,121.434926064,24.9668832334,NewTaipei:geo00,0.2,0.2,0,10,1
geometry:route_type:B2,NewTaipei:17922,NewTaipei:17922:159399:0:11d1daf1dcafde8d,捷運蘆洲站-內湖科技園區,NewTaipei,121.533900623,25.075130667,NewTaipei:geo02,0.5,0.2,0.3,10,1
geometry:route_type:B2,NewTaipei:17923,NewTaipei:17923:158016:1:ebee1259e791eab1,819副,NewTaipei,121.594012162,24.9961282742,NewTaipei:geo06,0.9,0.8,0.1,10,1
geometry:route_type:B2,NewTaipei:17930,NewTaipei:17930:159418:0:a6c0b07f5174429e,新店北新路-政大一街,NewTaipei,121.563547806,24.9821576601,NewTaipei:geo03,0.1,0.4,-0.3,10,1
geometry:route_type:B2,NewTaipei:17931,NewTaipei:17931:159420:0:c51756b32b1243b6,土城金城路-樹林大安路,NewTaipei,121.444607768,24.9917361247,NewTaipei:geo00,0.2,0,0.2,10,1
geometry:route_type:B2,NewTaipei:17937,NewTaipei:17937:159432:0:467d70062fae2ea6,965(台灣好行-九份金瓜石線),NewTaipei,121.658843087,25.0750754329,NewTaipei:geo06,0.4,0.2,0.2,10,1
geometry:route_type:B2,NewTaipei:17940,NewTaipei:17940:159437:0:1bfece61f595e753,棕7建業路,NewTaipei,121.536315969,24.9819355668,NewTaipei:geo03,0.2,0.2,0,10,1
geometry:route_type:B2,NewTaipei:17941,NewTaipei:17941:159440:0:2c13f35c3306dd69,湯泉-大坪林-湯泉,NewTaipei,121.530843341,24.9794289601,NewTaipei:geo03,0.3,0,0.3,10,1
geometry:route_type:B2,NewTaipei:17942,NewTaipei:17942:159439:0:48c01d2309cef4bc,939副,NewTaipei,121.466666899,24.9795434621,NewTaipei:geo03,0.5,0.6,-0.1,10,1
geometry:route_type:B2,NewTaipei:17945,NewTaipei:17945:159443:0:6307a0eb98d82464,712,NewTaipei,121.425571347,25.0029182685,NewTaipei:geo00,0.4,0.8,-0.4,10,1
geometry:route_type:B2,NewTaipei:17948,NewTaipei:17948:159446:0:15aa7437368c804d,三峽-捷運府中站,NewTaipei,121.404988648,24.9579957381,NewTaipei:geo00,0.2,0.1,0.1,10,1
geometry:route_type:B2,NewTaipei:17958,NewTaipei:17958:159495:0:94b4b180ce7b0382,藍海2線先導公車,NewTaipei,121.433159683,25.1846820193,NewTaipei:geo01,0,0,0,10,1
geometry:route_type:B2,NewTaipei:17961,NewTaipei:17961:159506:0:85e17c73404c88c1,樹林後火車站-海洋公園,NewTaipei,121.399028604,24.9693087435,NewTaipei:geo00,0.1,0.2,-0.1,10,1
geometry:route_type:B2,NewTaipei:17962,NewTaipei:17962:159510:0:7a703fa7fe6674fb,三峽-臺北市信義區,NewTaipei,121.495197464,24.9765722117,NewTaipei:geo03,0.3,0.2,0.1,10,1
geometry:route_type:B2,NewTaipei:17963,NewTaipei:17963:159524:0:a498f41da55138c0,中和-新北板橋公車站,NewTaipei,121.467620308,25.0038087303,NewTaipei:geo03,0.1,0.5,-0.4,10,1
geometry:route_type:B2,NewTaipei:17968,NewTaipei:17968:159544:0:cf74e3a6fb570234,蘆洲中正路-士林中正路,NewTaipei,121.494204962,25.0869696348,NewTaipei:geo02,0.2,0.2,0,10,1
geometry:route_type:B2,NewTaipei:17970,NewTaipei:17970:159547:0:7b5365db92135090,林口-捷運府中站,NewTaipei,121.421171839,25.061064219,NewTaipei:geo02,0.2,0.1,0.1,10,1
geometry:route_type:B2,NewTaipei:17971,NewTaipei:17971:159548:0:7d578c3c3630ff74,837副,NewTaipei,121.458724616,25.1442745661,NewTaipei:geo01,0.5,0.5,0,10,1
geometry:route_type:B2,NewTaipei:17972,NewTaipei:17972:159549:0:ed7c15a2ffd566b9,837區,NewTaipei,121.458129728,25.1525417297,NewTaipei:geo01,0.6,0.5,0.1,10,1
geometry:route_type:B2,NewTaipei:17975,NewTaipei:17975:159558:0:a76097b52b946e33,石門-捷運紅樹林站,NewTaipei,121.48402816,25.2352905503,NewTaipei:geo04,0.2,0.4,-0.2,10,1
geometry:route_type:B2,NewTaipei:17977,NewTaipei:17977:159564:0:6ab521dbdf016959,台北小城-大坪林,NewTaipei,121.522318669,24.960801167,NewTaipei:geo03,0.2,0.3,-0.1,10,1
geometry:route_type:B2,NewTaipei:17990,NewTaipei:17990:159582:0:f50ce547956ae227,F319,NewTaipei,121.464945591,25.0849139649,NewTaipei:geo02,0.3,0.3,0,10,1
geometry:route_type:B2,NewTaipei:17991,NewTaipei:17991:159583:0:cfa3688f876f17db,F320,NewTaipei,121.470346491,25.0845635898,NewTaipei:geo02,0.3,0.3,0,10,1
geometry:route_type:B2,NewTaipei:17992,NewTaipei:17992:159586:0:7c4a92cfae0d6ddc,三重-內科,NewTaipei,121.521322737,25.0843448062,NewTaipei:geo02,0,0.1,-0.1,10,1
geometry:route_type:B2,NewTaipei:17994,NewTaipei:17994:159589:0:8440477a27866b76,萬里-內湖科技園區,NewTaipei,121.666364267,25.1035354394,NewTaipei:geo06,0.1,0.8,-0.7,10,1
geometry:route_type:B2,NewTaipei:17996,NewTaipei:17996:159603:0:cbcb5cf8c132ade8,蘆洲-南港,NewTaipei,121.530063417,25.0741485624,NewTaipei:geo02,0.5,0.3,0.2,10,1
geometry:route_type:B2,NewTaipei:18014,NewTaipei:18014:159631:0:b18636e892d7f849,泰山-內湖(直達),NewTaipei,121.50833211,25.0714603264,NewTaipei:geo02,0.6,0.2,0.4,10,1
geometry:route_type:B2,NewTaipei:18017,NewTaipei:18017:159643:0:3a701e18aaad9282,湯泉-崇光中學,NewTaipei,121.531228755,24.9748690932,NewTaipei:geo03,0.3,0.5,-0.2,10,1
geometry:route_type:B2,NewTaipei:18028,NewTaipei:18028:159649:0:e5ff4af9eec35c59,蘆洲-內湖,NewTaipei,121.536816841,25.0749844182,NewTaipei:geo02,0.5,0.1,0.4,10,1
geometry:route_type:B2,NewTaipei:18041,NewTaipei:18041:159674:0:d59aaee02226ad96,576,NewTaipei,121.530374312,24.9721699987,NewTaipei:geo03,0.2,0.6,-0.4,10,1
geometry:route_type:B2,NewTaipei:18042,NewTaipei:18042:159683:0:cbb866e90572c13c,F724,NewTaipei,121.721605449,24.9392973037,NewTaipei:geo06,0.7,0.7,0,10,1
geometry:route_type:B2,NewTaipei:18052,NewTaipei:18052:159709:0:78e547517cf53c61,F922北基,NewTaipei,121.686041746,25.1770643909,NewTaipei:geo05,0.6,0.6,0,10,1
geometry:route_type:B2,NewTaipei:18054,NewTaipei:18054:159712:0:28d3b49950f64279,新店(綠中海)-捷運新店站,NewTaipei,121.510666184,24.9597470862,NewTaipei:geo03,0.3,0.4,-0.1,10,1
geometry:route_type:B2,NewTaipei:18068,NewTaipei:18068:159727:0:211351c8988eb505,F816,NewTaipei,121.810704808,25.0586987189,NewTaipei:geo07,0.5,0.5,0,10,1
geometry:route_type:B2,NewTaipei:18078,NewTaipei:18078:159728:0:aa8083c39b23f6b3,湯泉-十四張-大坪林,NewTaipei,121.531241115,24.9834466889,NewTaipei:geo03,0.3,0.4,-0.1,10,1
geometry:route_type:B2,NewTaipei:18098,NewTaipei:18098:159757:0:7682f1ed0d09c3d0,788區,NewTaipei,121.775896287,25.1252762545,NewTaipei:geo07,0.5,0.4,0.1,10,1
geometry:route_type:B2,NewTaipei:18108,NewTaipei:18108:159767:1:3e873bb3c42b476c,F825,NewTaipei,121.745848089,25.0649192856,NewTaipei:geo07,0.4,0.6,-0.2,10,1
geometry:route_type:B2,NewTaipei:18118,NewTaipei:18118:159877:0:76a9c343581e717e,966,NewTaipei,121.429401253,25.0700420623,NewTaipei:geo02,0.7,0.5,0.2,10,1
geometry:route_type:B2,NewTaipei:18119,NewTaipei:18119:159907:0:66bb3c7105530e9c,967,NewTaipei,121.445808322,25.0633060093,NewTaipei:geo02,0.6,0.7,-0.1,10,1
geometry:route_type:B2,NewTaipei:18128,NewTaipei:18128:159910:0:4a04f05f7fe19a45,967直,NewTaipei,121.455853704,25.0615496729,NewTaipei:geo02,0.6,0.6,0,10,1
geometry:route_type:B2,NewTaipei:18148,NewTaipei:18148:159977:0:e46ac079f97cb4e8,582經工業區,NewTaipei,121.468858296,25.0619260144,NewTaipei:geo02,0.8,0.6,0.2,10,1
geometry:route_type:B2,NewTaipei:18158,NewTaipei:18158:160007:0:7b331862eee2ca23,115平日,NewTaipei,121.420694921,25.1700439003,NewTaipei:geo01,0.6,0.7,-0.1,10,1
geometry:route_type:B2,NewTaipei:18168,NewTaipei:18168:160017:0:c113d0b77335e707,蘆洲-中正高中,NewTaipei,121.486366827,25.0859030011,NewTaipei:geo02,0.3,0.1,0.2,10,1
geometry:route_type:B2,NewTaipei:18208,NewTaipei:18208:160087:0:8df14044fea7567a,林口-臺北車站(承德),NewTaipei,121.438917526,25.0682261499,NewTaipei:geo02,0.2,0.5,-0.3,10,1
geometry:route_type:B2,NewTaipei:18209,NewTaipei:18209:160088:0:43f625c58c3cf9eb,林口-捷運忠孝敦化站,NewTaipei,121.457512061,25.0680713539,NewTaipei:geo02,0.3,0.2,0.1,10,1
geometry:route_type:B2,NewTaipei:18248,NewTaipei:18248:160147:0:a7fc9a435a406160,捷運七張站-全球工業區,NewTaipei,121.547726595,24.9790808278,NewTaipei:geo03,0.2,0.8,-0.6,10,1
geometry:route_type:B2,NewTaipei:18258,NewTaipei:18258:160167:0:5b12ceedce4510b4,712副,NewTaipei,121.427551108,24.9989944496,NewTaipei:geo00,0.4,0.6,-0.2,10,1
geometry:route_type:B2,NewTaipei:18268,NewTaipei:18268:160177:0:0bbca36e95184267,橘19副,NewTaipei,121.458708664,25.0900195842,NewTaipei:geo02,0.5,0.5,0,10,1
geometry:route_type:B2,NewTaipei:18288,NewTaipei:18288:160197:0:f9c6b2e0d2304dbd,中和自立路-新店,NewTaipei,121.529976669,24.9870421128,NewTaipei:geo03,0.4,0.5,-0.1,10,1
geometry:route_type:B2,NewTaipei:18318,NewTaipei:18318:160228:0:b3968d699494f011,918區,NewTaipei,121.45033506,25.0437513823,NewTaipei:geo02,0.7,0.6,0.1,10,1
geometry:route_type:B2,NewTaipei:18368,NewTaipei:18368:160288:0:2ce4e2427d781950,中和左岸社區-捷運頂溪站,NewTaipei,121.498805173,25.0097757402,NewTaipei:geo03,0.3,0.5,-0.2,10,1
geometry:route_type:B2,NewTaipei:18478,NewTaipei:18478:160417:0:c4e2850d70e8da05,中和環河西路-永和仁愛路,NewTaipei,121.506834016,25.0112216241,NewTaipei:geo03,0.4,0.6,-0.2,10,1
geometry:route_type:B2,NewTaipei:18518,NewTaipei:18518:160477:0:65a64ed0c3e94dc7,F626-0815,NewTaipei,121.406197024,24.9245712605,NewTaipei:geo00,0.5,0.5,0,10,1
geometry:route_type:B2,NewTaipei:18538,NewTaipei:18538:160507:0:4f254e96a6721c7a,捷運頂溪站-捷運頂埔站,NewTaipei,121.46864646,24.9869798293,NewTaipei:geo03,0.1,0.3,-0.2,10,1
geometry:route_type:B2,NewTaipei:18558,NewTaipei:18558:160527:0:2d4a5d8b9fab57e8,878區,NewTaipei,121.428699311,25.1445965576,NewTaipei:geo01,0.3,0.5,-0.2,10,1
geometry:route_type:B2,NewTaipei:18568,NewTaipei:18568:160537:0:2ef8c17212eebedb,林口(文化北路)-捷運圓山站,NewTaipei,121.427101682,25.0697657412,NewTaipei:geo02,0.4,0.3,0.1,10,1
geometry:route_type:B2,NewTaipei:18728,NewTaipei:18728:160787:0:402ba7bc31098adf,937副,NewTaipei,121.442276949,25.0686915273,NewTaipei:geo02,0.5,0.7,-0.2,10,1
geometry:route_type:B2,NewTaipei:18729,NewTaipei:18729:160788:0:8bbfcf78dfc4b97e,920副,NewTaipei,121.427606043,25.0524851039,NewTaipei:geo02,0.7,0.6,0.1,10,1
geometry:route_type:B2,NewTaipei:18730,NewTaipei:18730:160789:0:ce83b8049b5ab724,966副,NewTaipei,121.44827895,25.0686328687,NewTaipei:geo02,0.6,0.8,-0.2,10,1
geometry:route_type:B2,NewTaipei:18731,NewTaipei:18731:160793:0:96b5d1e3912f7b08,967副,NewTaipei,121.468292797,25.0663813529,NewTaipei:geo02,0.6,0.6,0,10,1
geometry:route_type:B2,NewTaipei:18738,NewTaipei:18738:160797:0:54c18b4a66dd963d,760,NewTaipei,121.361709789,25.0738910966,NewTaipei:geo02,0.5,0.3,0.2,10,1
geometry:route_type:B2,NewTaipei:18758,NewTaipei:18758:160837:0:317f69520332f63d,936A,NewTaipei,121.426046913,25.0710083034,NewTaipei:geo02,0.5,0.6,-0.1,10,1
geometry:route_type:B2,NewTaipei:18760,NewTaipei:18760:160839:0:56dd2439f8bf8df4,966A,NewTaipei,121.431564742,25.0707547142,NewTaipei:geo02,0.7,0.6,0.1,10,1
geometry:route_type:B2,NewTaipei:18762,NewTaipei:18762:160841:0:06fd8a4f89cbf2f5,937A,NewTaipei,121.426102042,25.0714671215,NewTaipei:geo02,0.5,0.6,-0.1,10,1
geometry:route_type:B2,NewTaipei:18764,NewTaipei:18764:160843:0:f16a8df5de6c2176,920A,NewTaipei,121.413772607,25.0591256665,NewTaipei:geo02,0.7,0.8,-0.1,10,1
geometry:route_type:B2,NewTaipei:18778,NewTaipei:18778:160870:1:485834d8a7d10ccc,土城-南天母廣場,NewTaipei,121.443526508,24.9599673475,NewTaipei:geo00,0,0.8,-0.8,10,1
geometry:route_type:B2,NewTaipei:18779,NewTaipei:18779:160857:0:6848c9c37c55637a,瑞芳-南港,NewTaipei,121.724936615,25.0984466298,NewTaipei:geo06,0.4,0.5,-0.1,10,1
geometry:route_type:B2,NewTaipei:18798,NewTaipei:18798:160907:0:30c66a424d96f96a,捷運中和站-政大附中,NewTaipei,121.543242237,24.9905662507,NewTaipei:geo03,0.2,0,0.2,10,1
geometry:route_type:B2,NewTaipei:18808,NewTaipei:18808:160917:0:afdfeb598e669dba,吉林線,NewTaipei,121.898278618,24.9982468999,NewTaipei:geo07,1,0.7,0.3,10,1
geometry:route_type:B2,NewTaipei:18809,NewTaipei:18809:160919:0:dbffbef3472a6432,龍崗線,NewTaipei,121.898297237,24.9983622352,NewTaipei:geo07,1,0.7,0.3,10,1
geometry:route_type:B2,NewTaipei:18888,NewTaipei:18888:161047:0:9b140653343306dd,政大附中-捷運景美站,NewTaipei,121.558203951,24.9828460312,NewTaipei:geo03,0.2,0.2,0,10,1
geometry:route_type:B2,NewTaipei:19048,NewTaipei:19048:161347:0:ae3e91599658f915,597,NewTaipei,121.463909959,25.0669654355,NewTaipei:geo02,0.8,0.8,0,10,1
geometry:route_type:B2,NewTaipei:19068,NewTaipei:19068:161367:0:ade6086b5b682f87,紅53,NewTaipei,121.435479865,25.1844662046,NewTaipei:geo01,0.6,0.4,0.2,10,1
geometry:route_type:B2,NewTaipei:19078,NewTaipei:19078:161377:0:eaff60bdc51d9703,瑞芳(經東碇路)-松山車站,NewTaipei,121.699016797,25.0839665699,NewTaipei:geo06,0.3,0.7,-0.4,10,1
geometry:route_type:B2,NewTaipei:19088,NewTaipei:19088:161387:0:c6f08a75b0d6d69f,紅37行經海洋都心社區,NewTaipei,121.438576478,25.1867025067,NewTaipei:geo01,0.5,0.4,0.1,10,1
geometry:route_type:B2,NewTaipei:19148,NewTaipei:19148:161467:0:b5849a41a98d37f4,捷運新店站-坪林,NewTaipei,121.628109653,24.9871637288,NewTaipei:geo06,0,0.2,-0.2,10,1
geometry:route_type:B2,NewTaipei:19188,NewTaipei:19188:162504:0:b9fff4fc87ef06a6,安坑1線,NewTaipei,121.502777128,24.9459792081,NewTaipei:geo03,0.7,0.6,0.1,10,1
geometry:route_type:B2,NewTaipei:19189,NewTaipei:19189:161538:0:cb1ce00dd8ccbbb4,安坑3線,NewTaipei,121.489957068,24.9570445005,NewTaipei:geo03,0.6,0.4,0.2,10,1
geometry:route_type:B2,NewTaipei:19190,NewTaipei:19190:162481:1:48b893cceceea57e,安坑5線,NewTaipei,121.470424788,24.939998715,NewTaipei:geo03,0.6,0.2,0.4,10,1
geometry:route_type:B2,NewTaipei:19198,NewTaipei:19198:161540:0:4e235369733ae8fc,安坑2線,NewTaipei,121.49947049,24.951707986,NewTaipei:geo03,0.8,0.5,0.3,10,1
geometry:route_type:B2,NewTaipei:19208,NewTaipei:19208:161547:0:52d3f0f213637571,791區,NewTaipei,121.776025159,25.1313196059,NewTaipei:geo07,0.7,0.7,0,10,1
geometry:route_type:B2,NewTaipei:19228,NewTaipei:19228:161587:0:89b93829204e9431,731,NewTaipei,121.350117139,24.9508540894,NewTaipei:geo00,0.3,0.1,0.2,10,1
geometry:route_type:B2,NewTaipei:19238,NewTaipei:19238:161597:0:56b58881f33cc216,北大社區-捷運頂埔站,NewTaipei,121.39324765,24.9451342348,NewTaipei:geo00,0.3,0.3,0,10,1
geometry:route_type:B2,NewTaipei:19258,NewTaipei:19258:161627:0:12a5669721867875,F151-0655、1040,NewTaipei,121.554672334,25.2837127739,NewTaipei:geo04,1,1,0,10,1
geometry:route_type:B2,NewTaipei:19259,NewTaipei:19259:161628:0:035373de4e391fb6,F151-1730,NewTaipei,121.577886577,25.2723147716,NewTaipei:geo04,1,1,0,10,1
geometry:route_type:B2,NewTaipei:19269,NewTaipei:19269:161638:0:ea1efde9dd313de4,F152-0950,NewTaipei,121.554189057,25.2649973125,NewTaipei:geo04,1,1,0,10,1
geometry:route_type:B2,NewTaipei:19270,NewTaipei:19270:161639:0:16489efe8e5230c0,F152-1630,NewTaipei,121.546960198,25.2828063615,NewTaipei:geo04,1,1,0,10,1
geometry:route_type:B2,NewTaipei:19271,NewTaipei:19271:161640:0:0facb8f831ff04e6,F152-1740,NewTaipei,121.543389607,25.2800448074,NewTaipei:geo04,1,1,0,10,1
geometry:route_type:B2,NewTaipei:19308,NewTaipei:19308:161677:0:e2387db29889e72a,安坑6線,NewTaipei,121.487475627,24.948012177,NewTaipei:geo03,0.7,0.8,-0.1,10,1
geometry:route_type:B2,NewTaipei:19348,NewTaipei:19348:161787:0:b1df3bc3d8ee6ab4,福連線,NewTaipei,121.955254013,25.0128726567,NewTaipei:geo07,0.9,1,-0.1,10,1
geometry:route_type:B2,NewTaipei:19538,NewTaipei:19538:162057:0:9c340fb0ec3ffddc,捷運忠孝復興站-三峽,NewTaipei,121.475164104,24.9792654474,NewTaipei:geo03,0.3,0.1,0.2,10,1
geometry:route_type:B2,NewTaipei:19598,NewTaipei:19598:162227:0:717305c93c131e9b,F723上石嘈,NewTaipei,121.729549564,24.9011505396,NewTaipei:geo06,0.8,0.4,0.4,10,1
geometry:route_type:B2,NewTaipei:19628,NewTaipei:19628:162197:0:0e3d8d133e2bdcd6,新九號停車場-九份老街,NewTaipei,121.840702745,25.1101381643,NewTaipei:geo07,0.3,0.4,-0.1,10,1
geometry:route_type:B2,NewTaipei:19629,NewTaipei:19629:162198:0:ad11fdf0011f6d12,新九號停車場-水湳洞停車場,NewTaipei,121.851260062,25.1119037238,NewTaipei:geo07,0.3,0.3,0,10,1
geometry:route_type:B2,NewTaipei:19640,NewTaipei:19640:162217:0:c9600fad4d39c230,幸福巴士F652延伸線,NewTaipei,121.346904745,24.9601218796,NewTaipei:geo00,0.7,0.6,0.1,10,1
geometry:route_type:B2,NewTaipei:19658,NewTaipei:19658:162257:0:a59e24676711e900,F126經里中,NewTaipei,121.390877209,25.1001118619,NewTaipei:geo02,0.8,0.9,-0.1,10,1
geometry:route_type:B2,NewTaipei:19659,NewTaipei:19659:162260:0:1383125bd3eb4adc,F909伯爵,NewTaipei,121.648472446,25.0755083004,NewTaipei:geo06,0.5,0.1,0.4,10,1
geometry:route_type:B2,NewTaipei:19713,NewTaipei:19713:162390:1:51110580d39c7459,塗潭平日線,NewTaipei,121.524209082,24.93676501,NewTaipei:geo03,0.3,0.6,-0.3,10,1
geometry:route_type:B2,NewTaipei:19714,NewTaipei:19714:162392:0:dcd4b1f2985187ce,塗潭假日線,NewTaipei,121.519257025,24.9284730921,NewTaipei:geo03,0.3,0.2,0.1,10,1
geometry:route_type:B2,NewTaipei:19729,NewTaipei:19729:162420:0:226afade0d6a8078,石碇高中-捷運忠孝復興站,NewTaipei,121.58435394,25.0107590489,NewTaipei:geo06,0,0,0,10,1
geometry:route_type:B2,NewTaipei:19733,NewTaipei:19733:162430:0:9408fb471cf19d05,三峽-中和高中,NewTaipei,121.416935411,24.95739456,NewTaipei:geo00,0.2,0.2,0,10,1
geometry:route_type:B2,NewTaipei:19741,NewTaipei:19741:162446:0:da3b541807f065b0,629區,NewTaipei,121.655705183,25.068147997,NewTaipei:geo06,0.4,0.5,-0.1,10,1
geometry:route_type:B2,NewTaipei:19744,NewTaipei:19744:162451:0:86dbff68afffe66f,合宜住宅-捷運亞東醫院站,NewTaipei,121.448820697,24.9980329005,NewTaipei:geo00,0.2,0.8,-0.6,10,1
geometry:route_type:B2,NewTaipei:19747,NewTaipei:19747:162455:0:40a81dbee223496c,177瑞芳觀光公車,NewTaipei,121.829970789,25.1194439089,NewTaipei:geo07,0.4,0.6,-0.2,10,1
geometry:route_type:B2,NewTaipei:19748,NewTaipei:19748:162457:0:e3e5aeec79112c69,179,NewTaipei,121.835786767,25.1092181055,NewTaipei:geo07,0.6,0.6,0,10,1
geometry:route_type:B2,NewTaipei:19754,NewTaipei:19754:162464:0:23f269f0e67e18e8,新九號停車場-黃金博物館,NewTaipei,121.845605298,25.1094979467,NewTaipei:geo07,0.3,0.4,-0.1,10,1
geometry:route_type:B2,NewTaipei:19760,NewTaipei:19760:162483:0:83cc4253a759a064,640A,NewTaipei,121.469171272,25.0689154287,NewTaipei:geo02,0.8,0.8,0,10,1
geometry:route_type:B2,NewTaipei:19762,NewTaipei:19762:162485:0:e207b02ee2897e4c,中原中平路口-建國中學,NewTaipei,121.481387759,25.0525770429,NewTaipei:geo02,0.1,0.2,-0.1,10,1
geometry:route_type:B2,NewTaipei:19772,NewTaipei:19772:162501:0:c006190207e547af,沙崙國小(篤行路)-捷運亞東醫院站,NewTaipei,121.441547927,24.9945387577,NewTaipei:geo00,0.2,0.6,-0.4,10,1
geometry:route_type:B2,NewTaipei:19773,NewTaipei:19773:162502:0:ddc17c4f44cae941,F123下罟經八療,NewTaipei,121.392059394,25.1423436041,NewTaipei:geo01,0.7,0.3,0.4,10,1
geometry:route_type:B2,NewTaipei:19774,NewTaipei:19774:162503:0:7bc4ddeacfdf12bc,F123十三行文化公園經八療,NewTaipei,121.418227154,25.1519614386,NewTaipei:geo01,0.7,0.2,0.5,10,1
geometry:route_type:B2,NewTaipei:19775,NewTaipei:19775:162505:0:ac21b0ee350d075f,F154,NewTaipei,121.553689078,25.2727085001,NewTaipei:geo04,1,1,0,10,1
geometry:route_type:B2,NewTaipei:19777,NewTaipei:19777:162508:0:a73f26f6fc2f48ca,F161-0615,NewTaipei,121.587328645,25.2842383475,NewTaipei:geo04,1,1,0,10,1
geometry:route_type:B2,NewTaipei:19780,NewTaipei:19780:162538:0:6257e21bdc8476c8,F304,NewTaipei,121.480244957,25.0593304293,NewTaipei:geo02,0.2,0.2,0,10,1
geometry:route_type:B2,NewTaipei:19781,NewTaipei:19781:162558:0:8d27e451ffdaa616,989,NewTaipei,121.333152014,25.1330430516,NewTaipei:geo01,0.2,0.6,-0.4,10,1
geometry:route_type:B2,NewTaipei:19782,NewTaipei:19782:162560:0:a8c167835fcde402,990,NewTaipei,121.328126424,25.1271908515,NewTaipei:geo01,0.2,0.6,-0.4,10,1
geometry:route_type:B2,NewTaipei:19783,NewTaipei:19783:162587:1:d67181ca138d2558,988,NewTaipei,121.438952378,25.1131695323,NewTaipei:geo02,0.9,0.9,0,10,1
geometry:route_type:B2,NewTaipei:19784,NewTaipei:19784:162562:0:cca31897f7014ad8,115,NewTaipei,121.421274762,25.1705787061,NewTaipei:geo01,0.5,0.6,-0.1,10,1
geometry:route_type:B2,NewTaipei:19785,NewTaipei:19785:162565:0:532e8ab5d30bf2b7,五股-板橋,NewTaipei,121.465596678,25.0496609043,NewTaipei:geo02,0,0.2,-0.2,10,1
geometry:route_type:B2,NewTaipei:19786,NewTaipei:19786:162577:0:0bd5b4b63f77062d,三鶯1線,NewTaipei,121.348093553,24.9537742207,NewTaipei:geo00,0.6,0.8,-0.2,10,1
geometry:route_type:B2,NewTaipei:19787,NewTaipei:19787:162578:0:dbf9dd39cc4ce655,三芝-馬偕醫學大學,NewTaipei,121.50186144,25.2545639031,NewTaipei:geo04,0.9,0,0.9,10,1
geometry:route_type:B2,NewTaipei:19793,NewTaipei:19793:162588:0:9d00e3c9dcae96b9,捷運鶯桃福德站-銘傳大學(桃園校區),NewTaipei,121.337747791,24.9765516862,NewTaipei:geo00,0.8,0.8,0,10,1
geometry:route_type:B2,NewTaipei:5413,NewTaipei:5413:158443:0:8b6da1fc1a004b4e,896,NewTaipei,121.631801359,25.0750666659,NewTaipei:geo06,0.3,0.6,-0.3,10,1
geometry:route_type:B2,NewTaipei:5415,NewTaipei:5415:5415:0:8307e7c866825135,629,NewTaipei,121.632420185,25.0639396395,NewTaipei:geo06,0.6,0.5,0.1,10,1
geometry:route_type:B2,NewTaipei:5416,NewTaipei:5416:5416:0:775cbee8c0942a7f,678,NewTaipei,121.626400309,25.0584041995,NewTaipei:geo06,0.6,0.5,0.1,10,1
geometry:route_type:B2,Taipei:10132,Taipei:10132:101320:0:24e17ca5b10c60be,234,Taipei,121.468965115,25.0139568873,Taipei:geo00,0.9,0.8,0.1,10,1
geometry:route_type:B2,Taipei:10142,Taipei:10142:157758:1:016553a412cf5acb,南環幹線,Taipei,121.56624895,24.9970185088,Taipei:geo06,0,0.1,-0.1,10,1
geometry:route_type:B2,Taipei:10181,Taipei:10181:101810:0:d58b4473612674b4,205,Taipei,121.558865766,25.0445582455,Taipei:geo05,0.9,0.8,0.1,10,1
geometry:route_type:B2,Taipei:10221,Taipei:10221:102210:0:d35ada72b6c3c3e4,618,Taipei,121.471099301,25.0508655995,Taipei:geo00,0.9,1,-0.1,10,1
geometry:route_type:B2,Taipei:10231,Taipei:10231:10231:0:d31589f90a381fdc,民權幹線,Taipei,121.578506375,25.0632955058,Taipei:geo05,0.1,0.1,0,10,1
geometry:route_type:B2,Taipei:10232,Taipei:10232:102320:0:464b256f4c59fc2d,紅25,Taipei,121.561218792,25.0541629543,Taipei:geo05,0.1,0,0.1,10,1
geometry:route_type:B2,Taipei:10241,Taipei:10241:10241:0:e0a60e9bd131eed2,藍36,Taipei,121.613127477,25.0653395524,Taipei:geo07,0.4,0.2,0.2,10,1
geometry:route_type:B2,Taipei:10251,Taipei:10251:10251:0:9ab8af2bbee4afa9,南京幹線,Taipei,121.576281219,25.0617336546,Taipei:geo05,0.2,0.1,0.1,10,1
geometry:route_type:B2,Taipei:10253,Taipei:10253:102530:0:ac30465061e27dbf,內科通勤專車22,Taipei,121.552995409,25.0771032905,Taipei:geo05,0.2,0.5,-0.3,10,1
geometry:route_type:B2,Taipei:10261,Taipei:10261:10261:0:a93a3ef9d53d7b5b,紅33,Taipei,121.517037278,25.0667839118,Taipei:geo02,0,0,0,10,1
geometry:route_type:B2,Taipei:10262,Taipei:10262:102620:0:2a66819b15e37157,2,Taipei,121.502890332,25.0801243263,Taipei:geo02,0.7,0.6,0.1,10,1
geometry:route_type:B2,Taipei:10263,Taipei:10263:102630:0:d05146402a55bf9b,536,Taipei,121.510829596,25.109772511,Taipei:geo03,0.3,0.7,-0.4,10,1
geometry:route_type:B2,Taipei:10272,Taipei:10272:102720:0:695c26464545d24d,303,Taipei,121.550733496,25.1227791687,Taipei:geo03,0.3,0.6,-0.3,10,1
geometry:route_type:B2,Taipei:10273,Taipei:10273:102760:0:89d3e234c2542bdb,303區,Taipei,121.54913587,25.1224861384,Taipei:geo03,0.3,0.5,-0.2,10,1
geometry:route_type:B2,Taipei:10277,Taipei:10277:160608:0:328964062436da51,542,Taipei,121.529995384,25.0667610876,Taipei:geo02,0.6,0.2,0.4,10,1
geometry:route_type:B2,Taipei:10278,Taipei:10278:102780:0:e7811cce6796ef0d,669,Taipei,121.528133072,25.0584255548,Taipei:geo02,0.8,1,-0.2,10,1
geometry:route_type:B2,Taipei:10282,Taipei:10282:102820:0:74997e358c4798d4,663,Taipei,121.4871385,25.0344280868,Taipei:geo00,0.9,1,-0.1,10,1
geometry:route_type:B2,Taipei:10283,Taipei:10283:10283:0:e3f2aff737d5d11f,235,Taipei,121.485909521,25.0328264048,Taipei:geo00,0.9,1,-0.1,10,1
geometry:route_type:B2,Taipei:10291,Taipei:10291:10291:0:58a0ad537b767286,棕1,Taipei,121.563665135,25.0570133827,Taipei:geo05,0,0.1,-0.1,10,1
geometry:route_type:B2,Taipei:10292,Taipei:10292:10292:0:4ea00aa560088fb1,藍10,Taipei,121.569505883,25.0446570532,Taipei:geo05,0.1,0,0.1,10,1
geometry:route_type:B2,Taipei:10293,Taipei:10293:10293:0:55e5a55f85129402,民生幹線,Taipei,121.557889951,25.0572487998,Taipei:geo05,0.1,0.2,-0.1,10,1
geometry:route_type:B2,Taipei:10326,Taipei:10326:103260:0:8a5722081046cb8e,648,Taipei,121.519562681,24.9826100421,Taipei:geo04,0.7,0.9,-0.2,10,1
geometry:route_type:B2,Taipei:10328,Taipei:10328:10328:0:042590a972369300,643,Taipei,121.526124074,24.9974541826,Taipei:geo04,0.8,0.8,0,10,1
geometry:route_type:B2,Taipei:10331,Taipei:10331:103310:0:79308cc031dc6077,647,Taipei,121.559652479,24.9910784916,Taipei:geo06,0.2,0.6,-0.4,10,1
geometry:route_type:B2,Taipei:10332,Taipei:10332:10332:0:d7d819e5d8d1a79e,松江新生幹線,Taipei,121.537884954,25.0102601339,Taipei:geo04,0.2,0,0.2,10,1
geometry:route_type:B2,Taipei:10333,Taipei:10333:10333:0:d6eb83fa628de0c1,644,Taipei,121.533821841,24.9923485847,Taipei:geo04,0.5,0.6,-0.1,10,1
geometry:route_type:B2,Taipei:10334,Taipei:10334:10334:0:0ae12c4e397f0006,基隆路幹線,Taipei,121.547045938,24.9918449272,Taipei:geo06,0.1,0.2,-0.1,10,1
geometry:route_type:B2,Taipei:10414,Taipei:10414:104140:0:b4792d0077a0189f,261,Taipei,121.493591468,25.0671230686,Taipei:geo00,0.8,0.8,0,10,1
geometry:route_type:B2,Taipei:10415,Taipei:10415:104150:0:685deccacbf6d9be,221,Taipei,121.492613593,25.0718835342,Taipei:geo00,0.9,0.7,0.2,10,1
geometry:route_type:B2,Taipei:10416,Taipei:10416:104160:0:e9f46d0097faf371,232,Taipei,121.485033152,25.0649361509,Taipei:geo00,0.8,0.9,-0.1,10,1
geometry:route_type:B2,Taipei:10417,Taipei:10417:104170:0:412958f3254718ba,忠孝幹線,Taipei,121.514356365,25.0559132192,Taipei:geo02,0,0.1,-0.1,10,2
geometry:route_type:B2,Taipei:10419,Taipei:10419:104190:0:11b198a7b89f987c,232快,Taipei,121.524527256,25.0627015995,Taipei:geo02,0.8,0.8,0,10,1
geometry:route_type:B2,Taipei:10421,Taipei:10421:10421:0:862c5cd4b148489e,紅9,Taipei,121.486540353,25.0877047062,Taipei:geo03,0,0,0,10,1
geometry:route_type:B2,Taipei:10422,Taipei:10422:104220:0:2314d5369d761838,617,Taipei,121.518209013,25.0634991998,Taipei:geo02,0.5,0.3,0.2,10,1
geometry:route_type:B2,Taipei:10423,Taipei:10423:104230:0:7efb20569becc3e2,622,Taipei,121.472205479,25.0515344006,Taipei:geo00,0.8,0.8,0,10,1
geometry:route_type:B2,Taipei:10431,Taipei:10431:10431:0:aa60adbfb18acd60,紅31,Taipei,121.564529283,25.0728710898,Taipei:geo05,0.2,0.2,0,10,1
geometry:route_type:B2,Taipei:10432,Taipei:10432:10432:0:22c2b39bb61ee122,藍26,Taipei,121.568096012,25.0703652879,Taipei:geo05,0.2,0.2,0,10,1
geometry:route_type:B2,Taipei:10441,Taipei:10441:104410:0:5207d6616568bc27,508,Taipei,121.482861876,25.0942260604,Taipei:geo03,0.3,0.6,-0.3,10,1
geometry:route_type:B2,Taipei:10442,Taipei:10442:104420:1:627c1c72d9649e8a,508區,Taipei,121.506835788,25.0991765475,Taipei:geo03,0.4,0.5,-0.1,10,1
geometry:route_type:B2,Taipei:10443,Taipei:10443:10443:0:4de742b9579a5424,225,Taipei,121.506188321,25.0715213518,Taipei:geo02,0.7,0.9,-0.2,10,1
geometry:route_type:B2,Taipei:10452,Taipei:10452:104520:0:ee0b811a8241807f,641,Taipei,121.452194043,25.0823498138,Taipei:geo00,0.6,0.7,-0.1,10,1
geometry:route_type:B2,Taipei:10461,Taipei:10461:104610:0:e2717ca2edd4cda8,645,Taipei,121.570491747,25.081971432,Taipei:geo05,0.4,0.7,-0.3,10,1
geometry:route_type:B2,Taipei:10462,Taipei:10462:104620:0:93815760269fc57f,645副,Taipei,121.572067838,25.0801071281,Taipei:geo05,0.4,0.7,-0.3,10,1
geometry:route_type:B2,Taipei:10471,Taipei:10471:104710:0:f0cbbf5660129175,615,Taipei,121.462183322,25.0456193955,Taipei:geo00,0.7,0.8,-0.1,10,1
geometry:route_type:B2,Taipei:10472,Taipei:10472:104720:0:d00d2157ded92959,111,Taipei,121.506095371,25.0823629788,Taipei:geo02,0.8,0.6,0.2,10,1
geometry:route_type:B2,Taipei:10473,Taipei:10473:104730:0:4cb026f86ec8e8ab,306,Taipei,121.542862659,25.0583675941,Taipei:geo02,0.6,0.7,-0.1,10,1
geometry:route_type:B2,Taipei:10481,Taipei:10481:104810:0:a019c982a972ee83,265經中央路,Taipei,121.47922944,25.0167721033,Taipei:geo00,1,1,0,10,1
geometry:route_type:B2,Taipei:10482,Taipei:10482:104820:0:61bdaf3964dd50c8,265區,Taipei,121.488180093,25.0241672765,Taipei:geo00,1,0.7,0.3,10,1
geometry:route_type:B2,Taipei:10711,Taipei:10711:10711:0:675544363ff9909e,羅斯福路幹線,Taipei,121.545810148,25.0084508878,Taipei:geo04,0,0.2,-0.2,10,1
geometry:route_type:B2,Taipei:10712,Taipei:10712:10712:0:b906d07ec155b069,251,Taipei,121.558219283,25.004102828,Taipei:geo06,0.8,0.9,-0.1,10,1
geometry:route_type:B2,Taipei:10721,Taipei:10721:10721:0:f74338472c734b7b,藍28,Taipei,121.512559495,25.0238514116,Taipei:geo04,0,0,0,10,1
geometry:route_type:B2,Taipei:10722,Taipei:10722:10722:0:98b9cea86509c11e,藍29,Taipei,121.504103215,25.0315652464,Taipei:geo00,0,0,0,10,1
geometry:route_type:B2,Taipei:10723,Taipei:10723:10723:0:899fb9c50aa46d61,1,Taipei,121.531620773,25.0257779996,Taipei:geo04,0.7,0.5,0.2,10,1
geometry:route_type:B2,Taipei:10724,Taipei:10724:107240:0:d17316ca9a33713b,907,Taipei,121.58080818,25.0293309543,Taipei:geo06,0.6,0.6,0,10,1
geometry:route_type:B2,Taipei:10725,Taipei:10725:107250:0:dab767f62e5d7354,568,Taipei,121.523491632,25.0280553638,Taipei:geo04,0.6,0.6,0,10,1
geometry:route_type:B2,Taipei:10726,Taipei:10726:10726:0:bde8150189492755,18,Taipei,121.520515018,25.0334164984,Taipei:geo04,0.5,0.7,-0.2,10,1
geometry:route_type:B2,Taipei:10733,Taipei:10733:10733:0:308d265db7af22d9,棕2,Taipei,121.552157963,24.9908868526,Taipei:geo06,0.2,0.3,-0.1,10,1
geometry:route_type:B2,Taipei:10734,Taipei:10734:107340:0:26fb26fd8dcb5894,景美-榮總(快),Taipei,121.535656379,25.0377600353,Taipei:geo04,0,0,0,10,1
geometry:route_type:B2,Taipei:10735,Taipei:10735:10735:0:23df60494326585b,253,Taipei,121.541305654,25.0110584527,Taipei:geo04,0.7,0.4,0.3,10,1
geometry:route_type:B2,Taipei:10736,Taipei:10736:10736:0:ca36e679cf9dcbb1,671,Taipei,121.532579559,25.010510912,Taipei:geo04,0.6,0.7,-0.1,10,1
geometry:route_type:B2,Taipei:10741,Taipei:10741:10741:0:efbba74468849edd,棕3,Taipei,121.574882019,24.9973603262,Taipei:geo06,0.5,0.3,0.2,10,1
geometry:route_type:B2,Taipei:10742,Taipei:10742:10742:0:7913d1b7502d86b1,棕6,Taipei,121.563911767,25.0037840389,Taipei:geo06,0.6,0.1,0.5,10,1
geometry:route_type:B2,Taipei:10743,Taipei:10743:10743:0:4893f0e127392f7a,棕11,Taipei,121.561816549,24.9990719324,Taipei:geo06,0.1,0,0.1,10,1
geometry:route_type:B2,Taipei:10744,Taipei:10744:10744:0:f74b2c69aec11de9,棕15,Taipei,121.581095256,24.9833253542,Taipei:geo06,0.4,0.3,0.1,10,1
geometry:route_type:B2,Taipei:10745,Taipei:10745:107450:0:674bf8f35b53b901,237,Taipei,121.562878839,24.9984476909,Taipei:geo06,0.6,0.4,0.2,10,1
geometry:route_type:B2,Taipei:10746,Taipei:10746:10746:0:a60801602a2d64e2,252,Taipei,121.543942848,25.0047102123,Taipei:geo04,0.9,0.7,0.2,10,1
geometry:route_type:B2,Taipei:10747,Taipei:10747:107470:0:2dbdf54ee140aaf9,294,Taipei,121.561618983,25.0042654452,Taipei:geo06,0.7,0.3,0.4,10,1
geometry:route_type:B2,Taipei:10748,Taipei:10748:107480:0:6c8414b48d0bb33b,295,Taipei,121.552649727,25.0068518239,Taipei:geo06,0.7,0.6,0.1,10,1
geometry:route_type:B2,Taipei:10749,Taipei:10749:10749:0:411430702c68dfad,棕11副,Taipei,121.574599538,24.9927135904,Taipei:geo06,0.3,0.1,0.2,10,1
geometry:route_type:B2,Taipei:10751,Taipei:10751:10751:0:c04f8f7904a315a4,棕12,Taipei,121.543092955,25.006823111,Taipei:geo04,0.1,0.1,0,10,1
geometry:route_type:B2,Taipei:10752,Taipei:10752:107520:0:afd45a0fa00cb2af,278,Taipei,121.555106132,25.0404863194,Taipei:geo05,0.9,0.7,0.2,10,1
geometry:route_type:B2,Taipei:10754,Taipei:10754:10754:0:3ae458799022da09,915,Taipei,121.565339646,25.0071315706,Taipei:geo06,0.3,0.4,-0.1,10,1
geometry:route_type:B2,Taipei:10763,Taipei:10763:107660:1:aac9043a6188750d,903,Taipei,121.580913681,25.0641384025,Taipei:geo05,0.5,0.5,0,10,1
geometry:route_type:B2,Taipei:10764,Taipei:10764:107640:0:3a08224a7685d2ec,531,Taipei,121.594413773,25.0657145335,Taipei:geo07,0.3,0.6,-0.3,10,1
geometry:route_type:B2,Taipei:10765,Taipei:10765:107650:0:235d03681bd9a989,646,Taipei,121.572954796,25.0781292183,Taipei:geo05,0.5,0.4,0.1,10,1
geometry:route_type:B2,Taipei:10767,Taipei:10767:107670:0:d27df52d1b47b037,53,Taipei,121.593908288,25.0606599848,Taipei:geo07,0.4,0.4,0,10,1
geometry:route_type:B2,Taipei:10771,Taipei:10771:107710:0:3f902f969a08fe2d,670,Taipei,121.511787226,25.012231916,Taipei:geo04,1,0.8,0.2,10,1
geometry:route_type:B2,Taipei:10782,Taipei:10782:107820:0:33c6d99bbbc83e92,673,Taipei,121.52749424,25.0145752257,Taipei:geo04,0.5,0.8,-0.3,10,1
geometry:route_type:B2,Taipei:10783,Taipei:10783:10783:0:59891ffabd6a1ec0,254,Taipei,121.540467496,25.0183937683,Taipei:geo04,0.7,0.6,0.1,10,1
geometry:route_type:B2,Taipei:10785,Taipei:10785:107850:0:e696923ee13aca22,672,Taipei,121.531863095,25.0227133145,Taipei:geo04,0.9,0.6,0.3,10,1
geometry:route_type:B2,Taipei:10791,Taipei:10791:107910:1:ba91e6384c2e25b9,市民小巴5,Taipei,121.550928029,24.999414195,Taipei:geo06,0,0,0,10,1
geometry:route_type:B2,Taipei:10792,Taipei:10792:10792:0:5755ec0d6d231ca3,52,Taipei,121.537179883,25.0342111571,Taipei:geo04,0.7,0.7,0,10,1
geometry:route_type:B2,Taipei:10811,Taipei:10811:10811:0:f6f563c0e8cd9592,685,Taipei,121.536492255,25.0699972626,Taipei:geo02,0.9,0.3,0.6,10,1
geometry:route_type:B2,Taipei:10821,Taipei:10821:157609:0:a087fdccd21d57a5,紅5,Taipei,121.542488732,25.1192188084,Taipei:geo03,0,0,0,10,1
geometry:route_type:B2,Taipei:10822,Taipei:10822:108220:0:80fe97914c917573,108,Taipei,121.5474724,25.1736041595,Taipei:geo01,0.5,0.4,0.1,10,1
geometry:route_type:B2,Taipei:10823,Taipei:10823:155895:0:56a0ce291e1bf327,260,Taipei,121.530798518,25.090427868,Taipei:geo03,0.3,0.3,0,10,1
geometry:route_type:B2,Taipei:10824,Taipei:10824:108240:0:f1420d6ea2f479b5,260區,Taipei,121.537332827,25.1091127702,Taipei:geo03,0.4,0.7,-0.3,10,1
geometry:route_type:B2,Taipei:10831,Taipei:10831:10831:0:cff64242e6a3df8f,藍5,Taipei,121.568954468,25.0261105881,Taipei:geo06,0.1,0.1,0,10,1
geometry:route_type:B2,Taipei:10832,Taipei:10832:10832:0:524dd15a319f9ec9,22,Taipei,121.543476381,25.0348902137,Taipei:geo04,0.6,0.7,-0.1,10,1
geometry:route_type:B2,Taipei:10841,Taipei:10841:108410:0:f64aae48aaf5ceb2,0東,Taipei,121.560976536,25.0564518044,Taipei:geo05,0.5,0.9,-0.4,10,1
geometry:route_type:B2,Taipei:10842,Taipei:10842:108420:0:501343704a60f845,222,Taipei,121.553954263,25.068718245,Taipei:geo05,0.4,0.9,-0.5,10,1
geometry:route_type:B2,Taipei:10844,Taipei:10844:108440:0:22e6e579e1d0fb30,652,Taipei,121.514866235,25.056960295,Taipei:geo02,0.5,0.2,0.3,10,1
geometry:route_type:B2,Taipei:10845,Taipei:10845:108450:0:289aff6cd52b2de1,286,Taipei,121.584855791,25.0403301834,Taipei:geo07,0.5,0,0.5,10,1
geometry:route_type:B2,Taipei:10846,Taipei:10846:108460:0:b8409cbffd3eb86e,286副,Taipei,121.566421606,25.064710942,Taipei:geo05,0.2,0.8,-0.6,10,1
geometry:route_type:B2,Taipei:10847,Taipei:10847:108470:0:2c3eb79b4a2bd2eb,63,Taipei,121.553667296,25.058521892,Taipei:geo05,0.3,0.5,-0.2,10,1
geometry:route_type:B2,Taipei:10848,Taipei:10848:108480:0:d140693380f98b73,505,Taipei,121.545218896,25.0407211577,Taipei:geo04,0.7,0.9,-0.2,10,1
geometry:route_type:B2,Taipei:10851,Taipei:10851:108510:0:e094d58e8d5123f6,內湖幹線,Taipei,121.562908642,25.0729218037,Taipei:geo05,0.1,0.1,0,10,1
geometry:route_type:B2,Taipei:10853,Taipei:10853:108530:0:eb465fafc2ec8e29,287區,Taipei,121.568652176,25.0770943964,Taipei:geo05,0.5,0.3,0.2,10,1
geometry:route_type:B2,Taipei:10856,Taipei:10856:108560:0:5ab0c3925666bd5c,281,Taipei,121.594829718,25.053109424,Taipei:geo07,0.4,0.4,0,10,1
geometry:route_type:B2,Taipei:10861,Taipei:10861:160877:0:df9b0d77c6350c0a,630,Taipei,121.561098562,25.0552156213,Taipei:geo05,0.6,1,-0.4,10,1
geometry:route_type:B2,Taipei:10862,Taipei:10862:108620:0:f08b81d2b9bcd67f,38,Taipei,121.513849804,25.0314772645,Taipei:geo04,0.6,0.7,-0.1,10,1
geometry:route_type:B2,Taipei:10863,Taipei:10863:108630:0:14b089728923fabf,38區,Taipei,121.496280323,25.0282713629,Taipei:geo00,0.7,0.1,0.6,10,1
geometry:route_type:B2,Taipei:10864,Taipei:10864:108640:0:c6d458cf6b4fa617,12,Taipei,121.525214792,25.0453969756,Taipei:geo02,0.8,0.9,-0.1,10,1
geometry:route_type:B2,Taipei:10872,Taipei:10872:108720:0:529081dcec2553bd,46,Taipei,121.559302432,25.0443233518,Taipei:geo05,0.5,0.8,-0.3,10,1
geometry:route_type:B2,Taipei:10873,Taipei:10873:10873:0:892bd51eda3aab42,20,Taipei,121.531898857,25.0333809037,Taipei:geo04,0.7,0.8,-0.1,10,1
geometry:route_type:B2,Taipei:10874,Taipei:10874:10874:0:ec3ce8127d3a9bba,277,Taipei,121.539169372,25.0710394805,Taipei:geo02,0.7,0.3,0.4,10,1
geometry:route_type:B2,Taipei:10882,Taipei:10882:10882:0:6b51f7fa269eea85,9,Taipei,121.509863236,25.0625644245,Taipei:geo02,0.7,0.7,0,10,1
geometry:route_type:B2,Taipei:10883,Taipei:10883:108820:0:296c30334605d4c7,市民小巴7,Taipei,121.561719159,25.0268778726,Taipei:geo04,0.1,0.2,-0.1,10,1
geometry:route_type:B2,Taipei:10891,Taipei:10891:108910:0:b850fd33142b7383,14,Taipei,121.479814079,25.070210838,Taipei:geo00,0.8,0.7,0.1,10,1
geometry:route_type:B2,Taipei:10893,Taipei:10893:10893:0:402fec9f29d4b444,274,Taipei,121.494995771,25.065218499,Taipei:geo00,0.8,0.5,0.3,10,2
geometry:route_type:B2,Taipei:10911,Taipei:10911:10911:0:9bb8705b5083c555,212直,Taipei,121.559126836,25.04292813,Taipei:geo05,0.8,0.8,0,10,1
geometry:route_type:B2,Taipei:10912,Taipei:10912:10912:0:272f14a3bda8768b,212,Taipei,121.561637237,25.0442900324,Taipei:geo05,0.8,0.9,-0.1,10,1
geometry:route_type:B2,Taipei:10932,Taipei:10932:101910:0:7469d0b4a92ef21e,仁愛幹線,Taipei,121.534720523,25.0377692595,Taipei:geo04,0,0,0,10,1
geometry:route_type:B2,Taipei:10941,Taipei:10941:10941:0:d6fefa7a7b8973b3,藍25,Taipei,121.610658899,25.0461232117,Taipei:geo07,0.1,0.3,-0.2,10,1
geometry:route_type:B2,Taipei:10942,Taipei:10942:10942:0:b54f65799683317c,257,Taipei,121.522645389,25.0450721853,Taipei:geo02,0.6,0.6,0,10,1
geometry:route_type:B2,Taipei:10961,Taipei:10961:109610:0:67503cb6621dd34d,262,Taipei,121.506598421,25.0165114144,Taipei:geo04,0.9,0.9,0,10,1
geometry:route_type:B2,Taipei:10962,Taipei:10962:108570:0:8af36220b68500b6,262區,Taipei,121.526846044,25.0307548212,Taipei:geo04,1,0.6,0.4,10,1
geometry:route_type:B2,Taipei:10971,Taipei:10971:109710:0:606827d549721353,88,Taipei,121.564475601,25.0390540311,Taipei:geo05,0.9,0.7,0.2,10,1
geometry:route_type:B2,Taipei:11011,Taipei:11011:11011:0:836819fab964abc0,紅29,Taipei,121.572773197,25.0694120269,Taipei:geo05,0.2,0.2,0,10,1
geometry:route_type:B2,Taipei:11021,Taipei:11021:11021:1:eaae5277b86adfca,棕5,Taipei,121.575600643,24.9924855234,Taipei:geo06,0.3,0.2,0.1,10,1
geometry:route_type:B2,Taipei:11022,Taipei:11022:158714:1:70aefff35e5a4007,綠11,Taipei,121.549027222,25.0115149787,Taipei:geo04,0,0,0,10,1
geometry:route_type:B2,Taipei:11023,Taipei:11023:110230:0:507da332d8fe0560,298,Taipei,121.551944691,25.01562677,Taipei:geo04,0.6,0.5,0.1,10,1
geometry:route_type:B2,Taipei:11031,Taipei:11031:11031:0:caee1c663a9f709c,棕10,Taipei,121.594400114,25.060995293,Taipei:geo07,0,0,0,10,1
geometry:route_type:B2,Taipei:11041,Taipei:11041:110410:0:bcda8ba05cd856a0,297,Taipei,121.516061886,25.0197762958,Taipei:geo04,0.7,0.8,-0.1,10,1
geometry:route_type:B2,Taipei:11051,Taipei:11051:110510:0:cc36b454b85b4c67,小1,Taipei,121.616679118,25.0585864473,Taipei:geo07,0.1,0.1,0,10,1
geometry:route_type:B2,Taipei:11052,Taipei:11052:110520:0:5d1981860335e976,小12,Taipei,121.597387407,25.0256655789,Taipei:geo07,0.1,0,0.1,10,1
geometry:route_type:B2,Taipei:11055,Taipei:11055:110550:0:1ae14ba792c104f9,小2,Taipei,121.583817375,25.0804070471,Taipei:geo05,0.1,0,0.1,10,1
geometry:route_type:B2,Taipei:11056,Taipei:11056:110560:0:ea860b74f7d06dbd,552,Taipei,121.576836842,25.0703804194,Taipei:geo05,0,0.5,-0.5,10,1
geometry:route_type:B2,Taipei:11057,Taipei:11057:110570:0:bf0da31513951018,小2區,Taipei,121.590091911,25.0963001979,Taipei:geo05,0.2,0,0.2,10,1
geometry:route_type:B2,Taipei:11058,Taipei:11058:110580:0:e3a06c2cb438322c,小3,Taipei,121.598199413,25.0848302929,Taipei:geo07,0.3,0,0.3,10,1
geometry:route_type:B2,Taipei:11059,Taipei:11059:110590:0:9f369877f794ced9,小5,Taipei,121.631434179,25.0388361327,Taipei:geo07,0.2,0.1,0.1,10,1
geometry:route_type:B2,Taipei:11061,Taipei:11061:110610:0:6f5ad5ede69da184,小5區,Taipei,121.628425654,25.0396326727,Taipei:geo07,0.2,0.1,0.1,10,1
geometry:route_type:B2,Taipei:11062,Taipei:11062:110620:0:2074732c958a1420,小1區,Taipei,121.613565176,25.069805324,Taipei:geo07,0.1,0.1,0,10,1
geometry:route_type:B2,Taipei:11064,Taipei:11064:110640:1:907b2f08579e970c,小36,Taipei,121.528558906,25.136264814,Taipei:geo01,0.3,0.5,-0.2,10,1
geometry:route_type:B2,Taipei:11066,Taipei:11066:110660:0:9ea76b5999123323,32,Taipei,121.579677941,25.0405731258,Taipei:geo05,0.3,0.2,0.1,10,1
geometry:route_type:B2,Taipei:11071,Taipei:11071:110720:1:0cbbe7a078cd71be,小10,Taipei,121.584274456,24.9810242258,Taipei:geo06,0.1,0.2,-0.1,10,1
geometry:route_type:B2,Taipei:11073,Taipei:11073:110730:0:84d1fc32985b5c53,小11,Taipei,121.564000027,24.9835564311,Taipei:geo06,0.1,0.1,0,10,1
geometry:route_type:B2,Taipei:11091,Taipei:11091:11091:0:a87d0cd5412f15f9,37,Taipei,121.550841297,25.0346072848,Taipei:geo04,0.7,0.7,0,10,1
geometry:route_type:B2,Taipei:11093,Taipei:11093:11093:0:429de28c4adfcde4,612,Taipei,121.539784138,25.0807861214,Taipei:geo03,0.7,0.6,0.1,10,1
geometry:route_type:B2,Taipei:11111,Taipei:11111:11111:0:d3fc32306f8b0be3,藍27,Taipei,121.578746701,25.0720890836,Taipei:geo05,0.1,0.1,0,10,1
geometry:route_type:B2,Taipei:11114,Taipei:11114:157815:0:e91ee132a4d04cf7,551,Taipei,121.590677155,25.0694135858,Taipei:geo07,0.4,0.5,-0.1,10,1
geometry:route_type:B2,Taipei:11121,Taipei:11121:11121:0:268e1dd383b8201d,紅35,Taipei,121.467128373,25.1247980831,Taipei:geo01,0.3,0.1,0.2,10,1
geometry:route_type:B2,Taipei:11122,Taipei:11122:111220:0:14033b1f88338998,小23,Taipei,121.472219223,25.129093062,Taipei:geo01,0.3,0.4,-0.1,10,1
geometry:route_type:B2,Taipei:11123,Taipei:11123:111230:0:f13a4c53a3da600b,550,Taipei,121.493566935,25.1222377507,Taipei:geo01,0.6,0.5,0.1,10,1
geometry:route_type:B2,Taipei:11124,Taipei:11124:111240:0:28cc483d28626ee7,223,Taipei,121.50139659,25.0958958812,Taipei:geo03,0.8,0.4,0.4,10,1
geometry:route_type:B2,Taipei:11125,Taipei:11125:111250:0:ba80098fb910d9cc,302,Taipei,121.501025756,25.0980089212,Taipei:geo03,1,0.6,0.4,10,1
geometry:route_type:B2,Taipei:11134,Taipei:11134:111340:0:43ac3874fa790d7e,小8,Taipei,121.533256967,25.1510174069,Taipei:geo01,0.5,0.4,0.1,10,1
geometry:route_type:B2,Taipei:11135,Taipei:11135:111350:0:5e024de6dfde2e59,小14,Taipei,121.50400396,25.1311765281,Taipei:geo01,0.6,0.1,0.5,10,1
geometry:route_type:B2,Taipei:11136,Taipei:11136:111360:1:e35f2973871e866f,小21,Taipei,121.50026441,25.1310782228,Taipei:geo01,0.5,0.2,0.3,10,1
geometry:route_type:B2,Taipei:11137,Taipei:11137:111370:0:4c5329857d076429,小22,Taipei,121.503443764,25.1364281717,Taipei:geo01,0.7,0.2,0.5,10,1
geometry:route_type:B2,Taipei:11138,Taipei:11138:111380:1:3cf96550251dee54,小25,Taipei,121.517771687,25.1402794689,Taipei:geo01,0.7,0.8,-0.1,10,1
geometry:route_type:B2,Taipei:11139,Taipei:11139:111390:0:a1e414f531c5c5a8,小6,Taipei,121.499479323,25.1424884769,Taipei:geo01,0.7,0.6,0.1,10,1
geometry:route_type:B2,Taipei:11141,Taipei:11141:162592:1:09dbf276c85bc79c,216,Taipei,121.506180913,25.1287866952,Taipei:geo01,0.5,0.1,0.4,10,1
geometry:route_type:B2,Taipei:11142,Taipei:11142:111420:0:ee8dd77dd0446bc9,小9(台灣好行-北投竹子湖),Taipei,121.523931226,25.1516471031,Taipei:geo01,0.8,0.1,0.7,10,1
geometry:route_type:B2,Taipei:11143,Taipei:11143:111430:0:0becb07c1b08825a,小26,Taipei,121.508055408,25.1406383528,Taipei:geo01,0.7,0.8,-0.1,10,1
geometry:route_type:B2,Taipei:11145,Taipei:11145:111410:0:077018ea08ab3de4,小7,Taipei,121.504932735,25.1400990184,Taipei:geo01,0.8,0.7,0.1,10,1
geometry:route_type:B2,Taipei:11146,Taipei:11146:111460:0:58fbda8440b13013,市民小巴2,Taipei,121.505981044,25.1349341128,Taipei:geo01,0,0.2,-0.2,10,1
geometry:route_type:B2,Taipei:11151,Taipei:11151:111510:0:cf88dc13aa1a80ff,230,Taipei,121.524930842,25.1430077006,Taipei:geo01,0.2,0.1,0.1,10,1
geometry:route_type:B2,Taipei:11152,Taipei:11152:111520:0:f7c01f9b5936b2ee,承德幹線,Taipei,121.530090368,25.0765882678,Taipei:geo02,0.1,0.1,0,10,1
geometry:route_type:B2,Taipei:11156,Taipei:11156:111560:0:87465040c3d83540,218,Taipei,121.513432957,25.0903058443,Taipei:geo03,0.6,0.6,0,10,1
geometry:route_type:B2,Taipei:11157,Taipei:11157:111570:0:0f9cbcf9ac4cb085,218直,Taipei,121.511789549,25.0892812178,Taipei:geo03,0.7,0.5,0.2,10,1
geometry:route_type:B2,Taipei:11158,Taipei:11158:111580:0:54b3f52754974cd7,218區,Taipei,121.500166272,25.1371744473,Taipei:geo01,0.2,0.2,0,10,1
geometry:route_type:B2,Taipei:11161,Taipei:11161:111610:0:e5537f4f27bcd906,529,Taipei,121.520996374,25.0912505865,Taipei:geo03,0.2,0.3,-0.1,10,1
geometry:route_type:B2,Taipei:11165,Taipei:11165:111650:0:153b259eb851cbab,288,Taipei,121.53497517,25.0577119894,Taipei:geo02,0.8,1,-0.2,10,1
geometry:route_type:B2,Taipei:11171,Taipei:11171:111710:0:72eaa3754b09f69d,265經明德路,Taipei,121.478625262,25.0158710158,Taipei:geo00,1,0.9,0.1,10,1
geometry:route_type:B2,Taipei:11201,Taipei:11201:11201:0:aa522f5759942a31,紅7,Taipei,121.505548591,25.0964234143,Taipei:geo03,0.4,0.3,0.1,10,1
geometry:route_type:B2,Taipei:11202,Taipei:11202:11202:0:1f4d928004e67be0,紅7區,Taipei,121.516118563,25.0905501597,Taipei:geo03,0.4,0.1,0.3,10,1
geometry:route_type:B2,Taipei:11203,Taipei:11203:112030:0:f22278cb33fecf20,26,Taipei,121.520092244,25.0756005167,Taipei:geo02,0.6,0.4,0.2,10,1
geometry:route_type:B2,Taipei:11204,Taipei:11204:112040:0:68756463d5503359,68,Taipei,121.516241914,25.0954587717,Taipei:geo03,0.2,0.1,0.1,10,1
geometry:route_type:B2,Taipei:11206,Taipei:11206:159288:1:a43c3d88f490d7af,小15,Taipei,121.547941604,25.1259252842,Taipei:geo03,0.4,0.4,0,10,1
geometry:route_type:B2,Taipei:11207,Taipei:11207:112070:0:42f2e2abb06d80cb,小15區,Taipei,121.543540087,25.1166627751,Taipei:geo03,0.5,0.5,0,10,1
geometry:route_type:B2,Taipei:11208,Taipei:11208:112080:0:b1b0b371decb23ef,小16,Taipei,121.545305833,25.1088985419,Taipei:geo03,0.5,0.3,0.2,10,1
geometry:route_type:B2,Taipei:11209,Taipei:11209:112090:0:a4f446c23f93e62a,小17,Taipei,121.541557204,25.1080245529,Taipei:geo03,0.4,0.3,0.1,10,1
geometry:route_type:B2,Taipei:11211,Taipei:11211:112110:0:2ff4319f9c6b964d,小18,Taipei,121.555518632,25.1066802722,Taipei:geo03,0.3,0.4,-0.1,10,1
geometry:route_type:B2,Taipei:11212,Taipei:11212:11212:0:5aa6fae8b62b52dc,204,Taipei,121.542928085,25.0418448626,Taipei:geo04,0.8,0.8,0,10,1
geometry:route_type:B2,Taipei:11213,Taipei:11213:112130:1:62b5e4d1b8b386f7,小19,Taipei,121.558904194,25.1133931831,Taipei:geo03,0.5,0.2,0.3,10,1
geometry:route_type:B2,Taipei:11217,Taipei:11217:112170:1:dc14bd046c44fac0,市民小巴1,Taipei,121.566854447,25.1127961954,Taipei:geo03,0,0,0,10,1
geometry:route_type:B2,Taipei:11221,Taipei:11221:11221:0:a987be235cb835de,284,Taipei,121.580570576,25.0489796927,Taipei:geo05,0.8,1,-0.2,10,1
geometry:route_type:B2,Taipei:11231,Taipei:11231:112310:0:fa84cd9d8232533d,621,Taipei,121.492769797,25.0535377566,Taipei:geo00,0.8,0.6,0.2,10,1
geometry:route_type:B2,Taipei:11232,Taipei:11232:112320:0:f4a0ca897950e01c,211,Taipei,121.514666093,25.0516099291,Taipei:geo02,0.9,0.8,0.1,10,1
geometry:route_type:B2,Taipei:11241,Taipei:11241:112410:0:ec95478544b114b3,662,Taipei,121.494901214,25.0609049058,Taipei:geo00,0.7,0.7,0,10,1
geometry:route_type:B2,Taipei:11242,Taipei:11242:112420:0:6c1b47e60ec0e337,539,Taipei,121.502623623,25.0699713552,Taipei:geo02,0.8,0.5,0.3,10,1
geometry:route_type:B2,Taipei:11243,Taipei:11243:112430:0:c111e6670505c489,39,Taipei,121.494017447,25.0663012198,Taipei:geo00,0.8,0.5,0.3,10,1
geometry:route_type:B2,Taipei:11245,Taipei:11245:11245:0:b9e3d5eea8564d97,226,Taipei,121.524016664,25.0546066101,Taipei:geo02,0.9,1,-0.1,10,1
geometry:route_type:B2,Taipei:11246,Taipei:11246:11246:0:12c8e0aa6465e931,292,Taipei,121.52277138,25.0510297528,Taipei:geo02,0.9,0.9,0,10,1
geometry:route_type:B2,Taipei:11251,Taipei:11251:112510:0:034f845cd6d5a843,棕13,Taipei,121.555539352,25.0997509033,Taipei:geo03,0.2,0.1,0.1,10,1
geometry:route_type:B2,Taipei:11252,Taipei:11252:112520:0:81cc06d709dde6ca,255,Taipei,121.536471421,25.0919573747,Taipei:geo03,0.4,0.3,0.1,10,1
geometry:route_type:B2,Taipei:11253,Taipei:11253:112530:0:9c00088db939f565,255區,Taipei,121.543214326,25.1022425453,Taipei:geo03,0.2,0.1,0.1,10,1
geometry:route_type:B2,Taipei:11411,Taipei:11411:11411:0:703e7728e99377ce,299,Taipei,121.492148277,25.042067583,Taipei:geo00,0.6,0.9,-0.3,10,1
geometry:route_type:B2,Taipei:11421,Taipei:11421:11421:0:c4b93705353b70ae,513,Taipei,121.482123382,25.0428022592,Taipei:geo00,0.9,0.8,0.1,10,1
geometry:route_type:B2,Taipei:11741,Taipei:11741:155857:0:15cf7aa866d9d0eb,貓空右線,Taipei,121.58273909,24.9688123395,Taipei:geo06,0.3,0.5,-0.2,10,1
geometry:route_type:B2,Taipei:11742,Taipei:11742:11742:0:7534e560dbf5e506,611,Taipei,121.565305329,25.007975014,Taipei:geo06,0.7,0.9,-0.2,10,1
geometry:route_type:B2,Taipei:11763,Taipei:11763:11763:0:e35f60ddfe29d475,236區,Taipei,121.569908757,25.0000499764,Taipei:geo06,0.7,0.4,0.3,10,1
geometry:route_type:B2,Taipei:11764,Taipei:11764:11764:0:0f20d61bcff2850e,251區,Taipei,121.569931389,24.9957269282,Taipei:geo06,0.8,0.4,0.4,10,1
geometry:route_type:B2,Taipei:11811,Taipei:11811:118110:0:e963537f698810b1,0南,Taipei,121.545166838,25.0097025999,Taipei:geo04,0.6,0.4,0.2,10,1
geometry:route_type:B2,Taipei:11812,Taipei:11812:162475:0:55b8ed7dac6f579b,和平幹線,Taipei,121.542838458,25.0228375387,Taipei:geo04,0.1,0.1,0,10,1
geometry:route_type:B2,Taipei:11813,Taipei:11813:118130:0:3f385d7f0303f9df,109,Taipei,121.541239553,25.0724085112,Taipei:geo02,0.9,0.7,0.2,10,1
geometry:route_type:B2,Taipei:11815,Taipei:11815:118150:0:bae9510228de5abb,606,Taipei,121.534556245,25.0522021885,Taipei:geo02,0.7,0.4,0.3,10,1
geometry:route_type:B2,Taipei:11821,Taipei:11821:162167:0:3df074cf5aa5d41a,33,Taipei,121.558681337,25.0497698252,Taipei:geo05,0.7,0.8,-0.1,10,1
geometry:route_type:B2,Taipei:11831,Taipei:11831:118310:0:4275ec6e9a212b56,49,Taipei,121.520592168,25.0477670351,Taipei:geo02,0.7,0.9,-0.2,10,1
geometry:route_type:B2,Taipei:11833,Taipei:11833:11833:0:db7622ad13dd2891,復興幹線,Taipei,121.538522048,25.0312085165,Taipei:geo04,0.1,0.1,0,10,1
geometry:route_type:B2,Taipei:11834,Taipei:11834:11834:0:9d89a958664b669f,688,Taipei,121.538939474,25.0319678386,Taipei:geo04,0.6,0.8,-0.2,10,1
geometry:route_type:B2,Taipei:11841,Taipei:11841:118410:0:77e6d458bda00b57,270,Taipei,121.57009835,25.0423483632,Taipei:geo05,0.9,0.8,0.1,10,1
geometry:route_type:B2,Taipei:11842,Taipei:11842:118420:0:9173abf679af0281,270區,Taipei,121.598030821,25.0453276624,Taipei:geo07,0.6,0.2,0.4,10,1
geometry:route_type:B2,Taipei:11851,Taipei:11851:118510:0:52700e266ecbbc1b,276,Taipei,121.569966418,25.0488049677,Taipei:geo05,0.8,0.7,0.1,10,1
geometry:route_type:B2,Taipei:11853,Taipei:11853:118530:0:064d552ae1a333b2,306區,Taipei,121.568792107,25.0521029913,Taipei:geo05,0.8,0.6,0.2,10,1
geometry:route_type:B2,Taipei:11854,Taipei:11854:118540:0:c935cfc99fa59879,市民小巴6,Taipei,121.618549275,25.043215263,Taipei:geo07,0,0.2,-0.2,10,1
geometry:route_type:B2,Taipei:11861,Taipei:11861:11861:0:d54713d60f6e6b43,5,Taipei,121.520375355,25.0316259922,Taipei:geo04,0.9,0.8,0.1,10,1
geometry:route_type:B2,Taipei:11871,Taipei:11871:11871:1:c24757a52c7e3e7f,41,Taipei,121.524547152,25.0708118795,Taipei:geo02,0.8,0.9,-0.1,10,1
geometry:route_type:B2,Taipei:11881,Taipei:11881:11881:0:dce82d178c21e95b,重慶幹線,Taipei,121.516046424,25.0868001756,Taipei:geo03,0.1,0.1,0,10,1
geometry:route_type:B2,Taipei:15111,Taipei:15111:15111:0:4f443c8cd89c3b1a,202,Taipei,121.52055771,25.022326529,Taipei:geo04,0.8,0.8,0,10,1
geometry:route_type:B2,Taipei:15112,Taipei:15112:15112:0:3ef3110ee7639ed3,208,Taipei,121.527367732,25.0354026937,Taipei:geo04,0.7,0.4,0.3,10,1
geometry:route_type:B2,Taipei:15113,Taipei:15113:15113:0:21130b6a9ded22f4,208區,Taipei,121.522999052,24.9989440827,Taipei:geo04,0.8,0.3,0.5,10,1
geometry:route_type:B2,Taipei:15141,Taipei:15141:151410:0:a7b89129887cd77e,28,Taipei,121.573321018,25.0672275825,Taipei:geo05,0.2,0.3,-0.1,10,1
geometry:route_type:B2,Taipei:15142,Taipei:15142:151420:0:23a0eff3c5cc7202,42,Taipei,121.531363762,25.0711411557,Taipei:geo02,0.4,0.4,0,10,1
geometry:route_type:B2,Taipei:15143,Taipei:15143:151430:0:f3a5c87352e2b083,256,Taipei,121.57572331,25.0773073023,Taipei:geo05,0.3,0.5,-0.2,10,1
geometry:route_type:B2,Taipei:15151,Taipei:15151:151510:0:a7ef76ee4536c385,308,Taipei,121.481123325,25.1334930783,Taipei:geo01,0.8,0.7,0.1,10,1
geometry:route_type:B2,Taipei:15161,Taipei:15161:151610:0:fb7bb192dd7df55d,676,Taipei,121.548117975,25.01635116,Taipei:geo04,0.7,0.7,0,10,1
geometry:route_type:B2,Taipei:15162,Taipei:15162:15162:0:7ffe83b1fcddb62a,282,Taipei,121.55831306,25.0222879301,Taipei:geo04,0.7,0.7,0,10,1
geometry:route_type:B2,Taipei:15164,Taipei:15164:15164:0:66922c465547e92f,530,Taipei,121.557890615,24.9985629757,Taipei:geo06,0.7,0.2,0.5,10,1
geometry:route_type:B2,Taipei:15171,Taipei:15171:151710:0:1a95e85cedf5c95e,902,Taipei,121.547763632,25.0729963448,Taipei:geo05,0.5,0.7,-0.2,10,1
geometry:route_type:B2,Taipei:15172,Taipei:15172:151720:0:e6239f94b8a199d9,556,Taipei,121.558910231,25.0506374787,Taipei:geo05,0.5,1,-0.5,10,1
geometry:route_type:B2,Taipei:15173,Taipei:15173:151730:0:a8b82f32a8b4f312,912,Taipei,121.594246101,25.0122709921,Taipei:geo06,0.6,0.5,0.1,10,1
geometry:route_type:B2,Taipei:15183,Taipei:15183:15183:0:434d8d1db3567522,905,Taipei,121.532529511,24.9974450565,Taipei:geo04,0.7,0.6,0.1,10,1
geometry:route_type:B2,Taipei:15184,Taipei:15184:15184:0:03b4e9496845a5b4,905副,Taipei,121.529906358,25.0018138788,Taipei:geo04,0.9,0.9,0,10,1
geometry:route_type:B2,Taipei:15185,Taipei:15185:15185:0:496b10a1ed6169bd,202區,Taipei,121.506922998,24.9999071641,Taipei:geo04,0.8,1,-0.2,10,1
geometry:route_type:B2,Taipei:15191,Taipei:15191:15191:0:bf0e7a388b647430,660,Taipei,121.563079451,25.0098562762,Taipei:geo06,0.8,0.5,0.3,10,1
geometry:route_type:B2,Taipei:15221,Taipei:15221:152210:0:45e4e78e80646bc1,682,Taipei,121.461899384,25.1307506739,Taipei:geo01,0.8,0.8,0,10,1
geometry:route_type:B2,Taipei:15312,Taipei:15312:15312:0:75208db3f7b7d178,紅2,Taipei,121.575469751,25.0774486878,Taipei:geo05,0,0.2,-0.2,10,1
geometry:route_type:B2,Taipei:15313,Taipei:15313:159237:1:1ce79e0de8bd7bae,521,Taipei,121.57149602,25.066430157,Taipei:geo05,0.2,0.2,0,10,1
geometry:route_type:B2,Taipei:15314,Taipei:15314:15314:0:4db419ce050b8a68,203,Taipei,121.560983644,25.0691905948,Taipei:geo05,0.5,0.9,-0.4,10,1
geometry:route_type:B2,Taipei:15321,Taipei:15321:15321:0:92d32afb86cbcd7a,紅10,Taipei,121.503031971,25.0957032854,Taipei:geo03,0.4,0.2,0.2,10,1
geometry:route_type:B2,Taipei:15322,Taipei:15322:15322:0:82f01a328700bb3d,215,Taipei,121.502223242,25.0834036245,Taipei:geo02,0.7,0.6,0.1,10,1
geometry:route_type:B2,Taipei:15331,Taipei:15331:15331:0:b6fc6a9e7bc50eda,紅3區,Taipei,121.54207151,25.082827513,Taipei:geo03,0.1,0.1,0,10,1
geometry:route_type:B2,Taipei:15332,Taipei:15332:153320:0:99baa00cfb21c919,267,Taipei,121.549797894,25.0912048869,Taipei:geo03,0.3,0.5,-0.2,10,1
geometry:route_type:B2,Taipei:15333,Taipei:15333:153330:0:143e69a0cc537500,250,Taipei,121.512050769,25.0661656587,Taipei:geo02,0.7,1,-0.3,10,1
geometry:route_type:B2,Taipei:15334,Taipei:15334:162434:1:0a9bff9fbbe3b116,北環幹線,Taipei,121.573300166,25.0781221629,Taipei:geo05,0,0.1,-0.1,10,1
geometry:route_type:B2,Taipei:15335,Taipei:15335:153350:0:deced8bcdb113bae,683,Taipei,121.563186412,25.0836079794,Taipei:geo05,0.7,0.7,0,10,1
geometry:route_type:B2,Taipei:15341,Taipei:15341:15341:1:997fadc7b0bdfba1,紅19,Taipei,121.527647365,25.1176480975,Taipei:geo03,0.1,0.2,-0.1,10,1
geometry:route_type:B2,Taipei:15352,Taipei:15352:153520:0:79fb60548b9a2ed0,268,Taipei,121.548194758,25.0966351773,Taipei:geo03,0.4,0.3,0.1,10,1
geometry:route_type:B2,Taipei:15353,Taipei:15353:157765:0:88a49d17c4980583,247,Taipei,121.562592358,25.0737880488,Taipei:geo05,0.4,0.7,-0.3,10,1
geometry:route_type:B2,Taipei:15355,Taipei:15355:153550:0:531a1635ec5358bb,240直,Taipei,121.588793381,25.063026001,Taipei:geo07,0.3,0.6,-0.3,10,1
geometry:route_type:B2,Taipei:15358,Taipei:15358:153580:0:25adee7fc324d653,247區,Taipei,121.572649961,25.0769610655,Taipei:geo05,0.6,0.3,0.3,10,1
geometry:route_type:B2,Taipei:15359,Taipei:15359:153590:0:5a656880b9c1ee8a,681,Taipei,121.563837204,25.1024248742,Taipei:geo03,0.6,0.7,-0.1,10,1
geometry:route_type:B2,Taipei:15361,Taipei:15361:157468:0:43acf7ed09691a39,藍7,Taipei,121.569094049,25.0683798023,Taipei:geo05,0.2,0.3,-0.1,10,1
geometry:route_type:B2,Taipei:15362,Taipei:15362:15362:0:27dfa05f91be8127,72,Taipei,121.542849765,25.0528362176,Taipei:geo02,0.6,1,-0.4,10,1
geometry:route_type:B2,Taipei:15372,Taipei:15372:15372:0:163bb9cd7b3e6a5f,206,Taipei,121.520572725,25.0850139629,Taipei:geo03,0.5,0.7,-0.2,10,1
geometry:route_type:B2,Taipei:15373,Taipei:15373:15373:0:390e20d15b623d8c,中山幹線,Taipei,121.521602648,25.0750944548,Taipei:geo02,0.1,0.1,0,10,1
geometry:route_type:B2,Taipei:15375,Taipei:15375:15375:0:183fd586c5e3b65b,224,Taipei,121.524605258,25.1199607,Taipei:geo03,0.4,0.2,0.2,10,1
geometry:route_type:B2,Taipei:15381,Taipei:15381:153810:0:48eb7b659d0dabe1,246,Taipei,121.512202492,25.0575619834,Taipei:geo02,0.7,1,-0.3,10,1
geometry:route_type:B2,Taipei:15391,Taipei:15391:15391:0:86dc9b42de6c14ea,279,Taipei,121.55053741,25.0693023061,Taipei:geo05,0.5,0.8,-0.3,10,1
geometry:route_type:B2,Taipei:15512,Taipei:15512:155120:0:b97b28635d972457,675,Taipei,121.590932375,25.0520306234,Taipei:geo07,0.8,1,-0.2,10,1
geometry:route_type:B2,Taipei:15513,Taipei:15513:155130:0:086879b3c300a8a2,711,Taipei,121.600471863,25.0599579512,Taipei:geo07,0.9,0.9,0,10,1
geometry:route_type:B2,Taipei:15514,Taipei:15514:155716:0:f4bdbdf3e3f39a8f,605,Taipei,121.587061154,25.0527882236,Taipei:geo07,1,0.9,0.1,10,1
geometry:route_type:B2,Taipei:15515,Taipei:15515:155150:0:f2fa4f6499aa1b7d,668,Taipei,121.58492283,25.0493591214,Taipei:geo07,0.8,1,-0.2,10,1
geometry:route_type:B2,Taipei:15516,Taipei:15516:155719:0:9e1506aed43ee335,605快,Taipei,121.58514214,25.059636347,Taipei:geo05,0.7,0.9,-0.2,10,1
geometry:route_type:B2,Taipei:15517,Taipei:15517:155717:0:a4948f1641dca543,605副,Taipei,121.623788216,25.0587791434,Taipei:geo07,0.5,0.5,0,10,1
geometry:route_type:B2,Taipei:15518,Taipei:15518:155718:0:fed371549594d668,605新台五,Taipei,121.591835896,25.0535381644,Taipei:geo07,0.9,0.8,0.1,10,1
geometry:route_type:B2,Taipei:15521,Taipei:15521:15521:0:1328370c129f9f74,227,Taipei,121.508145494,25.0407387417,Taipei:geo00,1,0.8,0.2,10,1
geometry:route_type:B2,Taipei:15522,Taipei:15522:15522:0:ab7f1b4674c539ac,227區,Taipei,121.49476824,25.0608243806,Taipei:geo00,1,0.6,0.4,10,1
geometry:route_type:B2,Taipei:15531,Taipei:15531:15531:0:69771c9c22ae4f5c,紅12,Taipei,121.525617522,25.1076723511,Taipei:geo03,0.2,0.5,-0.3,10,1
geometry:route_type:B2,Taipei:15532,Taipei:15532:155320:0:d72fcfb16585ef07,300,Taipei,121.521431322,25.0751202932,Taipei:geo02,0.6,0.9,-0.3,10,1
geometry:route_type:B2,Taipei:15541,Taipei:15541:15541:0:d26a5d3ccab13275,紅15,Taipei,121.519787641,25.0970055916,Taipei:geo03,0.4,0.5,-0.1,10,1
geometry:route_type:B2,Taipei:15546,Taipei:15546:15546:0:bdd67f0c1bd564f8,280,Taipei,121.528625436,25.0655164544,Taipei:geo02,0.8,0.8,0,10,1
geometry:route_type:B2,Taipei:15551,Taipei:15551:15551:0:8587b47489ef9e05,紅30,Taipei,121.52724365,25.0948379521,Taipei:geo03,0.2,0.5,-0.3,10,1
geometry:route_type:B2,Taipei:15553,Taipei:15553:155530:0:e112e759e96a1ef9,304承德,Taipei,121.519668087,25.0509690461,Taipei:geo02,0.7,0.8,-0.1,10,1
geometry:route_type:B2,Taipei:15554,Taipei:15554:155540:0:736084abd0185cf4,304重慶,Taipei,121.517592761,25.0524822524,Taipei:geo02,0.8,0.8,0,10,1
geometry:route_type:B2,Taipei:15561,Taipei:15561:155610:0:92bfa3f53286d9a5,214,Taipei,121.539920892,25.0426909538,Taipei:geo04,0.8,0.6,0.2,10,1
geometry:route_type:B2,Taipei:15562,Taipei:15562:155620:0:5955ebbd34575d9e,214直,Taipei,121.516985286,25.0247736683,Taipei:geo04,0.8,0.9,-0.1,10,1
geometry:route_type:B2,Taipei:15563,Taipei:15563:15563:0:61535d1894813b41,311,Taipei,121.5287152,25.0191780532,Taipei:geo04,0.6,0.7,-0.1,10,1
geometry:route_type:B2,Taipei:15571,Taipei:15571:155710:1:6fbcebf2f353baa1,600,Taipei,121.566980262,25.047185526,Taipei:geo05,0.8,0.8,0,10,1
geometry:route_type:B2,Taipei:15572,Taipei:15572:159706:0:dc3aea9add3257de,207,Taipei,121.554831035,25.0263003503,Taipei:geo04,0.4,0.7,-0.3,10,1
geometry:route_type:B2,Taipei:15573,Taipei:15573:155856:0:ffbd8ed204d74151,市民小巴8,Taipei,121.517706007,25.0911921311,Taipei:geo03,0.1,0,0.1,10,1
geometry:route_type:B2,Taipei:15581,Taipei:15581:159390:0:0491eae1680b6cd7,616,Taipei,121.4898906,25.0703002633,Taipei:geo00,0.9,0.6,0.3,10,1
geometry:route_type:B2,Taipei:15657,Taipei:15657:15657:0:dcf1063616d32ceb,280直,Taipei,121.530283623,25.0654693051,Taipei:geo02,0.7,1,-0.3,10,1
geometry:route_type:B2,Taipei:15664,Taipei:15664:155808:0:881291b3ef3d5f79,39夜,Taipei,121.494017447,25.0663012198,Taipei:geo00,0.8,0.5,0.3,10,1
geometry:route_type:B2,Taipei:15676,Taipei:15676:155820:0:099bd836890904fc,內科通勤專車10,Taipei,121.542496128,25.0107548929,Taipei:geo04,0.1,0,0.1,10,1
geometry:route_type:B2,Taipei:15677,Taipei:15677:155836:0:18af830b16a9f75c,內科通勤專車11,Taipei,121.520167658,25.0559969267,Taipei:geo02,0.3,0.4,-0.1,10,1
geometry:route_type:B2,Taipei:15678,Taipei:15678:155837:0:4279b53532e11aa8,內科通勤專車12,Taipei,121.519739949,25.0568110691,Taipei:geo02,0.2,0.3,-0.1,10,1
geometry:route_type:B2,Taipei:15679,Taipei:15679:155838:0:8b780243a5494702,內科通勤專車13,Taipei,121.542861904,25.0943397745,Taipei:geo03,0.4,0.4,0,10,1
geometry:route_type:B2,Taipei:15680,Taipei:15680:155839:0:e9d5b664ba3e858b,內科通勤專車15,Taipei,121.537577711,25.0989265828,Taipei:geo03,0.3,0.1,0.2,10,1
geometry:route_type:B2,Taipei:15681,Taipei:15681:155840:0:666bd17db9088282,內科通勤專車16,Taipei,121.534164349,25.1024985516,Taipei:geo03,0.4,0.3,0.1,10,1
geometry:route_type:B2,Taipei:15682,Taipei:15682:155841:0:b149d61e23cd8874,內科通勤專車17,Taipei,121.541697744,25.0815970238,Taipei:geo03,0.4,0.5,-0.1,10,1
geometry:route_type:B2,Taipei:15683,Taipei:15683:155843:0:ef518e088fd675bc,內科通勤專車18,Taipei,121.558059527,25.0673939369,Taipei:geo05,0.1,0.4,-0.3,10,1
geometry:route_type:B2,Taipei:15684,Taipei:15684:155844:0:4ed609444dbd00c2,內科通勤專車19,Taipei,121.570883583,25.0639347307,Taipei:geo05,0.3,0.4,-0.1,10,1
geometry:route_type:B2,Taipei:15685,Taipei:15685:155845:0:0ae93f9708861b67,內科通勤專車2,Taipei,121.528042568,25.0436091511,Taipei:geo02,0.1,0.2,-0.1,10,1
geometry:route_type:B2,Taipei:15686,Taipei:15686:155846:0:1b24a09b727c9216,內科通勤專車20,Taipei,121.572233354,25.0628030289,Taipei:geo05,0.4,0.3,0.1,10,1
geometry:route_type:B2,Taipei:15687,Taipei:15687:155847:0:cc5e3d1a990b3090,內科通勤專車3,Taipei,121.530375651,25.0446707069,Taipei:geo02,0.1,0.4,-0.3,10,1
geometry:route_type:B2,Taipei:15688,Taipei:15688:155848:0:31fda7ee69c17abf,內科通勤專車5,Taipei,121.572516103,25.0508926188,Taipei:geo05,0.5,0.1,0.4,10,1
geometry:route_type:B2,Taipei:15689,Taipei:15689:155849:0:4506a25c1364fcb4,內科通勤專車6,Taipei,121.530937651,25.060592516,Taipei:geo02,0.2,0.4,-0.2,10,1
geometry:route_type:B2,Taipei:15690,Taipei:15690:155850:0:9297ffc8bc2b43fc,內科通勤專車7,Taipei,121.620649161,25.0646090921,Taipei:geo07,0,0,0,10,1
geometry:route_type:B2,Taipei:15691,Taipei:15691:155851:0:22a63fb9a98ceebd,內科通勤專車8,Taipei,121.578699647,25.0666303555,Taipei:geo05,0.2,0.1,0.1,10,1
geometry:route_type:B2,Taipei:15693,Taipei:15693:157818:0:707b7b017739f819,內科快線2,Taipei,121.57101453,25.0660936912,Taipei:geo05,0.4,0.3,0.1,10,1
geometry:route_type:B2,Taipei:15694,Taipei:15694:155827:0:81df3adc6174f773,南軟通勤專車中和線,Taipei,121.547201243,25.0259276619,Taipei:geo04,0.3,0.1,0.2,10,1
geometry:route_type:B2,Taipei:15695,Taipei:15695:155828:0:47df45f188206c0d,南軟通勤專車天母線,Taipei,121.552598864,25.0827006034,Taipei:geo05,0.4,0.1,0.3,10,1
geometry:route_type:B2,Taipei:15696,Taipei:15696:155829:0:cbde5c38bb7b8e7a,南軟通勤專車北投線,Taipei,121.545816921,25.0879165312,Taipei:geo03,0.5,0.1,0.4,10,1
geometry:route_type:B2,Taipei:15698,Taipei:15698:155831:0:17d5dcb06b544df0,南軟通勤專車雙和線,Taipei,121.547562283,25.0274531056,Taipei:geo04,0.3,0.1,0.2,10,1
geometry:route_type:B2,Taipei:15702,Taipei:15702:155835:0:e4881721c05248d0,內科快線1,Taipei,121.555178003,25.0743588123,Taipei:geo05,0.2,0.4,-0.2,10,1
geometry:route_type:B2,Taipei:15708,Taipei:15708:102330:0:515c4df374886e1b,信義幹線,Taipei,121.564689901,25.0414370672,Taipei:geo05,0,0.1,-0.1,10,1
geometry:route_type:B2,Taipei:15711,Taipei:15711:155859:0:57f04127f9a2a45d,市民小巴9,Taipei,121.5306752,25.0611679871,Taipei:geo02,0,0,0,10,1
geometry:route_type:B2,Taipei:15724,Taipei:15724:155874:0:f7e3110cb7fbbde2,128,Taipei,121.536321668,25.1432322634,Taipei:geo01,0.3,0.3,0,10,1
geometry:route_type:B2,Taipei:15726,Taipei:15726:155875:0:719c1a392e5b77c0,129,Taipei,121.529142254,25.1545655327,Taipei:geo01,0.1,0.4,-0.3,10,1
geometry:route_type:B2,Taipei:15730,Taipei:15730:159230:0:c3b33d81125ab689,棕18,Taipei,121.576882827,25.0130571041,Taipei:geo06,0.3,0.1,0.2,10,1
geometry:route_type:B2,Taipei:15731,Taipei:15731:155883:0:40d1101a2d24c085,市民小巴11,Taipei,121.528130927,25.1179182032,Taipei:geo03,0.1,0.2,-0.1,10,1
geometry:route_type:B2,Taipei:15734,Taipei:15734:155888:0:2305ac5a11582d4a,市民小巴10,Taipei,121.586020745,25.0633047163,Taipei:geo05,0,0.2,-0.2,10,1
geometry:route_type:B2,Taipei:15735,Taipei:15735:155889:0:cb36f93e22dbc844,602,Taipei,121.517129193,25.1231036456,Taipei:geo01,0.4,0.5,-0.1,10,1
geometry:route_type:B2,Taipei:16111,Taipei:16111:157462:1:c3cad2d356b7b06d,307,Taipei,121.503732895,25.0284350665,Taipei:geo00,0.9,0.9,0,10,1
geometry:route_type:B2,Taipei:16112,Taipei:16112:16112:1:4513d0c445b1fce4,310,Taipei,121.495764869,25.0469010032,Taipei:geo00,0.8,0.9,-0.1,10,1
geometry:route_type:B2,Taipei:16121,Taipei:16121:16121:0:7ec03bbe7dc0692a,604,Taipei,121.487253331,25.0228513603,Taipei:geo00,1,0.9,0.1,10,1
geometry:route_type:B2,Taipei:16122,Taipei:16122:16122:0:0ecfcc5688ce337a,651,Taipei,121.5015684,25.0255729196,Taipei:geo00,0.8,1,-0.2,10,1
geometry:route_type:B2,Taipei:16125,Taipei:16125:159239:0:ad5afb1ffeba88c9,藍20,Taipei,121.582935102,25.0705434634,Taipei:geo05,0.1,0.1,0,10,1
geometry:route_type:B2,Taipei:16127,Taipei:16127:157862:0:95e92e0ed14c7fec,679,Taipei,121.603458818,25.0140624799,Taipei:geo06,0.5,0.6,-0.1,10,1
geometry:route_type:B2,Taipei:16128,Taipei:16128:155898:0:152ac985ccec9b3f,225區,Taipei,121.498484052,25.0733890877,Taipei:geo02,0.9,0.8,0.1,10,1
geometry:route_type:B2,Taipei:16131,Taipei:16131:155928:0:f6004f806b4ee410,265夜,Taipei,121.479884605,25.0166371481,Taipei:geo00,1,1,0,10,1
geometry:route_type:B2,Taipei:16132,Taipei:16132:157442:0:3cf10f696fe00354,212夜,Taipei,121.55913887,25.0429325313,Taipei:geo05,0.8,0.8,0,10,1
geometry:route_type:B2,Taipei:16133,Taipei:16133:161957:0:255347f3a30c7067,小9區,Taipei,121.515917831,25.1447732082,Taipei:geo01,0.7,0.3,0.4,10,1
geometry:route_type:B2,Taipei:16140,Taipei:16140:162297:0:09515291fec2cc10,貓空左線(指南宮),Taipei,121.596658159,24.9707449944,Taipei:geo06,0.4,0.3,0.1,10,1
geometry:route_type:B2,Taipei:16153,Taipei:16153:155904:0:cc3689f74ac4e83b,棕19,Taipei,121.612260898,25.0660553879,Taipei:geo07,0.1,0,0.1,10,1
geometry:route_type:B2,Taipei:16157,Taipei:16157:155919:0:3a18e500ce05826d,208直,Taipei,121.528332296,25.0338942403,Taipei:geo04,0.7,0.4,0.3,10,1
geometry:route_type:B2,Taipei:16158,Taipei:16158:155924:0:532587da278816a7,292副,Taipei,121.522774397,25.0510282258,Taipei:geo02,0.9,0.9,0,10,1
geometry:route_type:B2,Taipei:16163,Taipei:16163:155930:1:5d2651b6322093e8,貓空左線(動物園),Taipei,121.58830661,24.9826415959,Taipei:geo06,0.2,0.2,0,10,1
geometry:route_type:B2,Taipei:16164,Taipei:16164:155931:0:dbe87cb7040b4c85,市民小巴12,Taipei,121.51270579,25.0925907383,Taipei:geo03,0.1,0,0.1,10,1
geometry:route_type:B2,Taipei:16166,Taipei:16166:159663:1:41ed0e792bf52577,紅50,Taipei,121.553955309,25.065140011,Taipei:geo05,0.2,0.1,0.1,10,1
geometry:route_type:B2,Taipei:16168,Taipei:16168:155937:0:a06576c7360881ac,108區,Taipei,121.54099514,25.1702307164,Taipei:geo01,0.5,0.3,0.2,10,1
geometry:route_type:B2,Taipei:16169,Taipei:16169:155938:0:6fb57c9737e42086,672區,Taipei,121.524479838,24.9984422147,Taipei:geo04,0.5,0.3,0.2,10,1
geometry:route_type:B2,Taipei:16172,Taipei:16172:155956:0:974cacb4f60d4c23,懷恩專車S31,Taipei,121.54146392,25.0190169961,Taipei:geo04,0.3,0.3,0,10,1
geometry:route_type:B2,Taipei:16174,Taipei:16174:155942:0:6a611f2d16f8ae8d,棕20,Taipei,121.562833989,25.0819340229,Taipei:geo05,0.1,0.2,-0.1,10,1
geometry:route_type:B2,Taipei:16184,Taipei:16184:157886:0:ccaf5f4dfca2c2b3,680,Taipei,121.539036999,25.073336976,Taipei:geo02,0.8,0.6,0.2,10,1
geometry:route_type:B2,Taipei:16439,Taipei:16439:157441:0:f07c993aa54e5bba,278區,Taipei,121.544195758,25.0293312869,Taipei:geo04,0.7,0.7,0,10,1
geometry:route_type:B2,Taipei:16440,Taipei:16440:157444:0:47341bc430ecea49,藍50,Taipei,121.585149195,25.05899202,Taipei:geo05,0,0.1,-0.1,10,1
geometry:route_type:B2,Taipei:16504,Taipei:16504:157534:0:fae257ed242c7685,756,Taipei,121.487233826,25.1151979433,Taipei:geo01,0.8,0.9,-0.1,10,1
geometry:route_type:B2,Taipei:16506,Taipei:16506:157539:0:ac0da39aaad27222,藍51,Taipei,121.611834876,25.0613218367,Taipei:geo07,0.1,0.3,-0.2,10,1
geometry:route_type:B2,Taipei:16508,Taipei:16508:157541:0:6f400cc930dde012,懷恩專車S33,Taipei,121.544878554,25.0320595131,Taipei:geo04,0.3,0.1,0.2,10,1
geometry:route_type:B2,Taipei:16559,Taipei:16559:157594:0:6156bc474a419fab,42區,Taipei,121.537994941,25.0785558759,Taipei:geo02,0.3,0.3,0,10,1
geometry:route_type:B2,Taipei:16568,Taipei:16568:159455:1:3ed21fdc967a8863,棕21,Taipei,121.577976807,25.0064696385,Taipei:geo06,0.6,0.2,0.4,10,1
geometry:route_type:B2,Taipei:16648,Taipei:16648:157713:0:e297da986c4c0285,小28,Taipei,121.502470655,25.1373660714,Taipei:geo01,0.8,0.3,0.5,10,1
geometry:route_type:B2,Taipei:16649,Taipei:16649:157714:0:838a2388f6c24cbb,市民小巴15,Taipei,121.601668858,25.0572117465,Taipei:geo07,0,0.4,-0.4,10,1
geometry:route_type:B2,Taipei:16706,Taipei:16706:157798:0:8a28c84afb442f05,758,Taipei,121.483555271,25.0397908293,Taipei:geo00,1,1,0,10,1
geometry:route_type:B2,Taipei:16707,Taipei:16707:157799:0:fa0f1d87bbbda9a7,757,Taipei,121.479851489,25.122115415,Taipei:geo01,0.7,1,-0.3,10,1
geometry:route_type:B2,Taipei:16709,Taipei:16709:157801:0:4fdc3bfc55170026,254區,Taipei,121.52862821,25.0008259856,Taipei:geo04,0.4,0.3,0.1,10,1
geometry:route_type:B2,Taipei:16746,Taipei:16746:157855:0:4697ed9b41ece43b,1717,Taipei,121.559498455,25.152157123,Taipei:geo01,0.4,0.6,-0.2,10,1
geometry:route_type:B2,Taipei:16747,Taipei:16747:157857:0:079781b60964ef8a,棕22,Taipei,121.537710382,25.0096696148,Taipei:geo04,0.1,0.1,0,10,1
geometry:route_type:B2,Taipei:16749,Taipei:16749:157860:0:62854fe2f430f970,紅55,Taipei,121.469063446,25.1315427369,Taipei:geo01,0.3,0.1,0.2,10,1
geometry:route_type:B2,Taipei:16750,Taipei:16750:157859:0:ffc60bfce9ae94ff,紅55區,Taipei,121.466669295,25.1269942267,Taipei:geo01,0.3,0.5,-0.2,10,1
geometry:route_type:B2,Taipei:17018,Taipei:17018:158145:0:b51b37122997e929,懷恩專車S32,Taipei,121.551903616,25.0190628358,Taipei:geo04,0.3,0.6,-0.3,10,1
geometry:route_type:B2,Taipei:17020,Taipei:17020:158146:0:c21b6c4b418b0211,小30,Taipei,121.559403024,25.0100064083,Taipei:geo06,0,0,0,10,1
geometry:route_type:B2,Taipei:17022,Taipei:17022:158149:0:ee69a90d64419521,紅57,Taipei,121.538593301,25.0396584577,Taipei:geo04,0,0.1,-0.1,10,1
geometry:route_type:B2,Taipei:17333,Taipei:17333:158480:0:7f5772f5541d52c3,557,Taipei,121.530213173,25.0958280359,Taipei:geo03,0.3,0.2,0.1,10,1
geometry:route_type:B2,Taipei:17363,Taipei:17363:158510:0:03f87f65335999c5,949,Taipei,121.576878977,25.0110689799,Taipei:geo06,0.6,0.7,-0.1,10,1
geometry:route_type:B2,Taipei:17390,Taipei:17390:158544:0:d754a32864045cf4,950,Taipei,121.543420153,25.0301083202,Taipei:geo04,0.6,0.6,0,10,1
geometry:route_type:B2,Taipei:17436,Taipei:17436:158592:0:b3c0867f847832dd,紅3,Taipei,121.545360165,25.0801951852,Taipei:geo03,0.1,0.1,0,10,1
geometry:route_type:B2,Taipei:17512,Taipei:17512:158675:0:5a4189ad4eafb3e5,311區,Taipei,121.508337764,25.0020738468,Taipei:geo04,0.5,0.7,-0.2,10,1
geometry:route_type:B2,Taipei:17555,Taipei:17555:158725:0:0f10ff76e8409be3,東環幹線,Taipei,121.57445591,25.0623616752,Taipei:geo05,0,0.1,-0.1,10,1
geometry:route_type:B2,Taipei:17556,Taipei:17556:158726:0:d78e34a95f0bb8a0,綠17,Taipei,121.502803306,25.0367250962,Taipei:geo00,0,0,0,10,1
geometry:route_type:B2,Taipei:17560,Taipei:17560:158730:0:cb808552ed3117ec,兒樂1號線,Taipei,121.521009814,25.0975591185,Taipei:geo03,0.1,0.1,0,10,1
geometry:route_type:B2,Taipei:17561,Taipei:17561:158731:0:9b572dea569ae6c8,兒樂2號線,Taipei,121.520036338,25.0909375005,Taipei:geo03,0.1,0.1,0,10,1
geometry:route_type:B2,Taipei:17580,Taipei:17580:158751:0:767a200c83794c26,花季專車124,Taipei,121.544617227,25.16740916,Taipei:geo01,0,0,0,10,1
geometry:route_type:B2,Taipei:17709,Taipei:17709:158892:0:611b82099fad4a1b,955,Taipei,121.61339197,25.0659069305,Taipei:geo07,0.6,0.7,-0.1,10,1
geometry:route_type:B2,Taipei:17740,Taipei:17740:159045:0:b3b38a759fc87fb7,957,Taipei,121.484066035,25.131754948,Taipei:geo01,0.7,0.7,0,10,1
geometry:route_type:B2,Taipei:17800,Taipei:17800:159145:0:52348650d2d97f30,臺北觀光巴士紅線,Taipei,121.532460032,25.038519483,Taipei:geo04,0,0,0,10,1
geometry:route_type:B2,Taipei:17801,Taipei:17801:159146:0:eadbb3d1ef5e980a,臺北觀光巴士藍線,Taipei,121.526861236,25.0756612468,Taipei:geo02,0,0,0,10,1
geometry:route_type:B2,Taipei:17805,Taipei:17805:159150:0:cb03357d017d22b9,559,Taipei,121.51356825,25.1207227666,Taipei:geo01,0.3,0.2,0.1,10,1
geometry:route_type:B2,Taipei:17825,Taipei:17825:159189:0:aed5f8559476d87a,660區,Taipei,121.590078594,24.999069931,Taipei:geo06,0.9,0.5,0.4,10,1
geometry:route_type:B2,Taipei:17869,Taipei:17869:159297:0:37669ed954a3b249,88區,Taipei,121.555133746,25.0359266603,Taipei:geo04,0.8,0.6,0.2,10,1
geometry:route_type:B2,Taipei:17908,Taipei:17908:159369:0:e1df9f5c268e5bb0,市民小巴16,Taipei,121.531209026,25.115647047,Taipei:geo03,0.1,0.3,-0.2,10,1
geometry:route_type:B2,Taipei:17928,Taipei:17928:162432:0:8dc51b004076fcda,907通勤,Taipei,121.599391739,25.0404499254,Taipei:geo07,0.9,0.4,0.5,10,1
geometry:route_type:B2,Taipei:17929,Taipei:17929:159413:0:94382f9f2186f494,紅68,Taipei,121.510800732,25.1011650538,Taipei:geo03,0.5,0.1,0.4,10,1
geometry:route_type:B2,Taipei:17944,Taipei:17944:159442:0:ea61a5dad2d306da,66,Taipei,121.572070331,25.0099261613,Taipei:geo06,0.5,0.5,0,10,1
geometry:route_type:B2,Taipei:17952,Taipei:17952:159454:0:8dd4d102b1c2dfc6,617副,Taipei,121.526593048,25.064079292,Taipei:geo02,0.4,0.6,-0.2,10,1
geometry:route_type:B2,Taipei:17967,Taipei:17967:159543:1:7a9a811a29323117,通勤7,Taipei,121.578715692,25.0219742598,Taipei:geo06,0,0,0,10,1
geometry:route_type:B2,Taipei:17993,Taipei:17993:159588:0:ab75319a0c62b420,紅10區,Taipei,121.519788008,25.0901347028,Taipei:geo03,0.4,0.2,0.2,10,1
geometry:route_type:B2,Taipei:18015,Taipei:18015:159636:0:8caecd691134f076,內科通勤專車21,Taipei,121.522817296,25.0422078832,Taipei:geo02,0.2,0.3,-0.1,10,1
geometry:route_type:B2,Taipei:18039,Taipei:18039:159671:0:582f2b1fda708d59,通勤9,Taipei,121.514800287,25.1038933605,Taipei:geo03,0,0.3,-0.3,10,1
geometry:route_type:B2,Taipei:18040,Taipei:18040:159672:0:c526b3e2ed24f091,小10區,Taipei,121.578294906,24.9809092888,Taipei:geo06,0.2,0.1,0.1,10,1
geometry:route_type:B2,Taipei:18044,Taipei:18044:159688:0:7ef4a3ffef1b7681,藍7副,Taipei,121.569657446,25.0676008909,Taipei:geo05,0.2,0.2,0,10,1
geometry:route_type:B2,Taipei:18057,Taipei:18057:159715:0:a3d6df04a6c044db,295副,Taipei,121.551912364,25.0078552329,Taipei:geo06,0.7,0.8,-0.1,10,1
geometry:route_type:B2,Taipei:18198,Taipei:18198:160069:0:6a08d5bbd602d814,通勤11,Taipei,121.52959875,25.0101228193,Taipei:geo04,0.2,0.1,0.1,10,1
geometry:route_type:B2,Taipei:18199,Taipei:18199:160073:0:3f9291b23f6c2660,通勤12,Taipei,121.529966236,25.0080282906,Taipei:geo04,0.2,0.2,0,10,1
geometry:route_type:B2,Taipei:18228,Taipei:18228:160117:0:60299961c0898436,通勤13,Taipei,121.54658507,25.0037722342,Taipei:geo04,0.1,0.2,-0.1,10,1
geometry:route_type:B2,Taipei:18348,Taipei:18348:160269:0:00aa1c0dc47105e9,542預,Taipei,121.533371843,25.0661136556,Taipei:geo02,0.6,0.2,0.4,10,1
geometry:route_type:B2,Taipei:18428,Taipei:18428:161998:1:0807da5a95f70217,通勤16,Taipei,121.611673189,25.0511095505,Taipei:geo07,0,0.2,-0.2,10,1
geometry:route_type:B2,Taipei:18508,Taipei:18508:160469:0:33ccf14300d2d7ae,棕20預,Taipei,121.564371265,25.0806163271,Taipei:geo05,0.1,0.2,-0.1,10,1
geometry:route_type:B2,Taipei:18648,Taipei:18648:160697:0:87aa756564366295,通勤22,Taipei,121.563910116,25.0077700164,Taipei:geo06,0.1,0.1,0,10,1
geometry:route_type:B2,Taipei:18658,Taipei:18658:160717:0:02d4e74ab9c4d1a2,通勤21,Taipei,121.585964417,24.9858343105,Taipei:geo06,0,0,0,10,1
geometry:route_type:B2,Taipei:18708,Taipei:18708:160767:0:238a9a151651c8cf,通勤24,Taipei,121.554597791,25.01368706,Taipei:geo04,0.1,0,0.1,10,1
geometry:route_type:B2,Taipei:18868,Taipei:18868:161017:0:f96d1916aaa57172,紅35區,Taipei,121.467191776,25.1273294116,Taipei:geo01,0.3,0.5,-0.2,10,1
geometry:route_type:B2,Taipei:19028,Taipei:19028:161287:0:d2bf83e19fdf050f,通勤26,Taipei,121.549698693,25.1022851271,Taipei:geo03,0,0.3,-0.3,10,1
geometry:route_type:B2,Taipei:19108,Taipei:19108:161407:1:e4c057c3173048f3,307西藏三民,Taipei,121.503015799,25.0283842582,Taipei:geo00,0.9,0.9,0,10,1
geometry:route_type:B2,Taipei:19159,Taipei:19159:161480:0:6d9bba2612511a31,297預,Taipei,121.515562345,25.019551282,Taipei:geo04,0.7,0.6,0.1,10,1
geometry:route_type:B2,Taipei:19178,Taipei:19178:161498:0:7b0aa372deb4c8c2,260區預,Taipei,121.537106328,25.1077523441,Taipei:geo03,0.4,0.6,-0.2,10,1
geometry:route_type:B2,Taipei:19298,Taipei:19298:161667:0:b3797c1012d5ca2a,紅25區,Taipei,121.57874311,25.0549596364,Taipei:geo05,0.1,0.1,0,10,1
geometry:route_type:B2,Taipei:19408,Taipei:19408:161868:0:364609bd6850f23b,通勤27,Taipei,121.52291855,25.0843778744,Taipei:geo03,0,0.1,-0.1,10,1
geometry:route_type:B2,Taipei:19418,Taipei:19418:161870:0:46c6479b6e3fbb58,小8區,Taipei,121.527340381,25.1437110842,Taipei:geo01,0.6,0.4,0.2,10,1
geometry:route_type:B2,Taipei:19438,Taipei:19438:161887:0:a4fe87f8fa8c20d6,539預,Taipei,121.501941071,25.0702986909,Taipei:geo02,0.8,0.2,0.6,10,1
geometry:route_type:B2,Taipei:19448,Taipei:19448:161907:0:6e8442f0baf9db7c,市民小巴17,Taipei,121.576837371,25.037086205,Taipei:geo05,0.1,0.3,-0.2,10,1
geometry:route_type:B2,Taipei:19458,Taipei:19458:161937:0:6c65107218044359,683預,Taipei,121.563925687,25.0837152637,Taipei:geo05,0.7,0.5,0.2,10,1
geometry:route_type:B2,Taipei:19488,Taipei:19488:162007:0:8f76b47c4b9b14f5,通勤28,Taipei,121.510171724,25.0796119905,Taipei:geo02,0,0,0,10,1
geometry:route_type:B2,Taipei:19528,Taipei:19528:162047:0:d10d798c13f21924,246預,Taipei,121.512137272,25.0572896082,Taipei:geo02,0.7,1,-0.3,10,1
geometry:route_type:B2,Taipei:19539,Taipei:19539:162058:0:1713ad9d8d9cd90e,通勤29,Taipei,121.576359018,25.0544787299,Taipei:geo05,0.2,0.1,0.1,10,1
geometry:route_type:B2,Taipei:19618,Taipei:19618:162177:0:3071a52bb584e0e3,市民小巴18,Taipei,121.567556311,25.0552770121,Taipei:geo05,0,0.3,-0.3,10,1
geometry:route_type:B2,Taipei:19648,Taipei:19648:162247:0:8be02cee1e2ebdcd,懷恩專車S34,Taipei,121.539218648,25.0221648941,Taipei:geo04,0.2,0.3,-0.1,10,1
geometry:route_type:B2,Taipei:19678,Taipei:19678:162277:0:223273bd5a08500f,261預,Taipei,121.493941775,25.0667609638,Taipei:geo00,0.8,0.8,0,10,1
geometry:route_type:B2,Taipei:19688,Taipei:19688:162308:0:c02917c7d9526d2d,310區,Taipei,121.47759323,25.028582305,Taipei:geo00,1,0.7,0.3,10,1
geometry:route_type:B2,Taipei:19698,Taipei:19698:162320:0:b33dc523df5d63ed,小15區預,Taipei,121.544582236,25.1178135307,Taipei:geo03,0.5,0.5,0,10,1
geometry:route_type:B2,Taipei:19716,Taipei:19716:162397:0:fc3c2792aefb0dbe,小39,Taipei,121.51261923,25.1391870363,Taipei:geo01,0.8,0.3,0.5,10,1
geometry:route_type:B2,Taipei:19717,Taipei:19717:162399:0:f2e7c2d79fdc0116,302區,Taipei,121.495938924,25.119101882,Taipei:geo01,0.7,0.4,0.3,10,1
geometry:route_type:B2,Taipei:19718,Taipei:19718:162402:0:f827633623a89461,902區,Taipei,121.551494467,25.0380898866,Taipei:geo04,0.7,0.2,0.5,10,1
geometry:route_type:B2,Taipei:19719,Taipei:19719:162403:0:7e1a91685333b8e9,紅68預,Taipei,121.5111442,25.1013078182,Taipei:geo03,0.5,0.3,0.2,10,1
geometry:route_type:B2,Taipei:19720,Taipei:19720:162405:0:7731d47c4d2bfb08,536區,Taipei,121.504283285,25.1004945266,Taipei:geo03,0.2,0.5,-0.3,10,1
geometry:route_type:B2,Taipei:19721,Taipei:19721:162406:0:18f4c25932c20617,雙園巴士,Taipei,121.581643858,25.0667172495,Taipei:geo05,0,0,0,10,1
geometry:route_type:B2,Taipei:19755,Taipei:19755:162471:0:9967c39e9859a1a0,新莊-臺北車站,Taipei,121.483387007,25.0555570994,Taipei:geo00,0.1,0,0.1,10,1
geometry:route_type:B2,Taipei:19759,Taipei:19759:162482:0:84abca0b169e147d,通勤30,Taipei,121.519394995,25.0756101037,Taipei:geo02,0,0.1,-0.1,10,1
geometry:route_type:B2,Taipei:19776,Taipei:19776:162507:0:49679ae5bfa42902,綠18,Taipei,121.551088826,24.9870970485,Taipei:geo06,0.1,0.1,0,10,1
geometry:route_type:B2,Taipei:19779,Taipei:19779:162537:0:3b9e2c43acd48d37,北士科1,Taipei,121.521514749,25.1046907693,Taipei:geo03,0.1,0,0.1,10,1
geometry:route_type:B2,Taipei:19798,Taipei:19798:162616:0:38b742654df32227,606通勤,Taipei,121.53796818,25.0471156394,Taipei:geo02,0.8,0.6,0.2,10,1
geometry:route_type:B2,Taipei:810,Taipei:810:810:0:a97c548ba05f7eaa,敦化幹線,Taipei,121.537249554,25.0714715778,Taipei:geo02,0,0.1,-0.1,10,1
topology:route_type:B1,NewTaipei:10116,NewTaipei:10116:101160:0:ff7bdc67505e9598,242,NewTaipei,121.509319152,25.009180583,NewTaipei:geo03,0.9,0.6,0.3,10,1
topology:route_type:B1,NewTaipei:10143,NewTaipei:10143:10143:0:b56855db4cf7d5ae,棕7,NewTaipei,121.545221155,24.9859435308,NewTaipei:geo03,0.2,0.2,0,10,1
topology:route_type:B1,NewTaipei:10148,NewTaipei:10148:101480:0:466ad563122a78aa,702,NewTaipei,121.400848129,24.9739634022,NewTaipei:geo00,0.75,0.7,0.05,10,2
topology:route_type:B1,NewTaipei:10149,NewTaipei:10149:101490:0:8795353df3583e42,624綠野香坡,NewTaipei,121.505240043,24.9892807947,NewTaipei:geo03,0.7,0.6,0.1,10,1
topology:route_type:B1,NewTaipei:10151,NewTaipei:10151:101510:0:995ae95c0ef44acc,701,NewTaipei,121.447061631,25.0115495113,NewTaipei:geo02,0.9,0.6,0.3,10,1
topology:route_type:B1,NewTaipei:10161,NewTaipei:10161:101610:0:4f2968b52dfcb7e7,231,NewTaipei,121.479437471,25.012536982,NewTaipei:geo03,0.8,0.8,0,10,1
topology:route_type:B1,NewTaipei:10162,NewTaipei:10162:10162:0:37cc628cc28a412d,245,NewTaipei,121.47602604,25.0150112199,NewTaipei:geo03,0.9,0.7,0.2,10,2
topology:route_type:B1,NewTaipei:10163,NewTaipei:10163:158438:0:6532562bb7767d0b,656,NewTaipei,121.474635399,25.0138304114,NewTaipei:geo03,1,0.7,0.3,10,1
topology:route_type:B1,NewTaipei:10164,NewTaipei:10164:10164:1:a6865ea531d7320d,657,NewTaipei,121.463799934,24.9991092794,NewTaipei:geo03,0.7,0.4,0.3,10,1
topology:route_type:B1,NewTaipei:10171,NewTaipei:10171:101710:0:98973ebc62b4e2a4,201,NewTaipei,121.492436456,25.0116682614,NewTaipei:geo03,0.8,0.9,-0.1,10,1
topology:route_type:B1,NewTaipei:10172,NewTaipei:10172:101720:0:e4568c6a58eb0426,243,NewTaipei,121.504757529,25.0147400033,NewTaipei:geo03,0.6,0.5,0.1,10,1
topology:route_type:B1,NewTaipei:10173,NewTaipei:10173:10173:0:c37095860ef814ee,241,NewTaipei,121.511007818,25.0064751787,NewTaipei:geo03,0.7,0.6,0.1,10,1
topology:route_type:B1,NewTaipei:10195,NewTaipei:10195:101950:0:2edae7707d881214,705,NewTaipei,121.429646389,24.9759311334,NewTaipei:geo00,0.7,0.5,0.2,10,1
topology:route_type:B1,NewTaipei:10196,NewTaipei:10196:158514:0:97ba35e037ac79fe,706,NewTaipei,121.444008744,24.9762242579,NewTaipei:geo00,0.3,0.6,-0.3,10,1
topology:route_type:B1,NewTaipei:10281,NewTaipei:10281:158434:0:9bbe0e4d7030c1b6,藍2,NewTaipei,121.461314562,25.0339653692,NewTaipei:geo02,0,0.1,-0.1,10,1
topology:route_type:B1,NewTaipei:10325,NewTaipei:10325:158645:0:d50e277fc0e2a519,909,NewTaipei,121.526722472,24.9888506606,NewTaipei:geo03,0.8,0.7,0.1,10,1
topology:route_type:B1,NewTaipei:10329,NewTaipei:10329:10329:0:19eb6d1ec1896e66,906,NewTaipei,121.528346012,24.9924983541,NewTaipei:geo03,0.8,0.8,0,10,1
topology:route_type:B1,NewTaipei:10424,NewTaipei:10424:10424:0:3c6ba69d5785da66,520,NewTaipei,121.480812697,25.0636170989,NewTaipei:geo02,0.9,0.6,0.3,10,2
topology:route_type:B1,NewTaipei:10453,NewTaipei:10453:158513:0:6b884c958d9a56f2,640,NewTaipei,121.474301606,25.0646461226,NewTaipei:geo02,0.8,0.8,0,10,2
topology:route_type:B1,NewTaipei:10474,NewTaipei:10474:10474:0:3da456d90f518a0d,636,NewTaipei,121.464220248,25.0423837346,NewTaipei:geo02,0.9,0.7,0.2,10,1
topology:route_type:B1,NewTaipei:10475,NewTaipei:10475:158511:0:e2bbc3b542a0944a,635,NewTaipei,121.458629341,25.0367362827,NewTaipei:geo02,0.9,0.9,0,10,1
topology:route_type:B1,NewTaipei:10491,NewTaipei:10491:104910:0:50a7a3e32b5246cf,637,NewTaipei,121.454669281,25.0489042232,NewTaipei:geo02,0.9,0.8,0.1,10,1
topology:route_type:B1,NewTaipei:10492,NewTaipei:10492:104920:0:451a2f199685c72e,638,NewTaipei,121.466358695,25.0533308856,NewTaipei:geo02,1,0.9,0.1,10,1
topology:route_type:B1,NewTaipei:10511,NewTaipei:10511:105110:0:a7cd1a1880f65d57,639,NewTaipei,121.458524382,25.0326087444,NewTaipei:geo02,0.9,0.8,0.1,10,1
topology:route_type:B1,NewTaipei:10731,NewTaipei:10731:158439:0:eb3e1ece8f40788b,綠2左,NewTaipei,121.538013733,24.9887056528,NewTaipei:geo03,0.5,0.2,0.3,10,1
topology:route_type:B1,NewTaipei:10732,NewTaipei:10732:158436:0:b3cdc49ee57cc087,綠2右,NewTaipei,121.535661611,24.9929612831,NewTaipei:geo03,0.4,0.2,0.2,10,1
topology:route_type:B1,NewTaipei:10753,NewTaipei:10753:107530:0:896dd5157763170d,666華梵大學,NewTaipei,121.62190555,24.9934221443,NewTaipei:geo06,1,0.6,0.4,10,1
topology:route_type:B1,NewTaipei:10772,NewTaipei:10772:158435:0:1fd0289257a63bf1,249,NewTaipei,121.514890777,25.0117374304,NewTaipei:geo03,1,0.7,0.3,10,1
topology:route_type:B1,NewTaipei:10784,NewTaipei:10784:158646:0:a1be720352ca62b6,290副,NewTaipei,121.538037129,24.9893196368,NewTaipei:geo03,0.4,0.3,0.1,10,2
topology:route_type:B1,NewTaipei:11244,NewTaipei:11244:158644:0:6f3b44a495988e6d,62,NewTaipei,121.495369643,25.0560890016,NewTaipei:geo02,0.6,0.9,-0.3,10,1
topology:route_type:B1,NewTaipei:15224,NewTaipei:15224:158440:0:42d382630157eddd,631,NewTaipei,121.476111811,25.1585429546,NewTaipei:geo01,0.4,0.7,-0.3,10,1
topology:route_type:B1,NewTaipei:15638,NewTaipei:15638:15638:0:8665fdcdfd5bb428,677,NewTaipei,121.620796246,25.0732522888,NewTaipei:geo06,0.6,0.6,0,10,1
topology:route_type:B1,NewTaipei:15717,NewTaipei:15717:15717:0:cce8f6eb61c362e7,913,NewTaipei,121.525869513,24.9962054025,NewTaipei:geo03,0.8,0.9,-0.1,10,1
topology:route_type:B1,NewTaipei:16113,NewTaipei:16113:16113:0:05803dbd7ae935cd,658,NewTaipei,121.474824058,25.0321458768,NewTaipei:geo02,0.9,0.7,0.2,10,1
topology:route_type:B1,NewTaipei:16123,NewTaipei:16123:158437:0:3c5e4731a4b4b30c,667,NewTaipei,121.480409834,25.017978059,NewTaipei:geo03,0.6,0.9,-0.3,10,2
topology:route_type:B1,NewTaipei:16189,NewTaipei:16189:162575:0:c85ca45c9a903b07,三鶯2線(原812),NewTaipei,121.375713823,24.9300775923,NewTaipei:geo00,0.2,0.5,-0.3,10,1
topology:route_type:B1,NewTaipei:16191,NewTaipei:16191:157186:0:ffcd87d7cf75a642,藍31,NewTaipei,121.473569931,25.0123972029,NewTaipei:geo03,0.1,0.1,0,10,1
topology:route_type:B1,NewTaipei:16207,NewTaipei:16207:157202:0:db4a55dead0282a8,藍44,NewTaipei,121.425998406,24.9812387726,NewTaipei:geo00,0.4,0.2,0.2,10,2
topology:route_type:B1,NewTaipei:16210,NewTaipei:16210:159937:0:229eb14acc3b7bab,917,NewTaipei,121.384958055,24.9529203844,NewTaipei:geo00,0.6,0.5,0.1,10,1
topology:route_type:B1,NewTaipei:16215,NewTaipei:16215:157210:0:d111340ad9c69495,848,NewTaipei,121.444365643,25.0027434819,NewTaipei:geo00,0.7,0.6,0.1,10,1
topology:route_type:B1,NewTaipei:16223,NewTaipei:16223:157218:0:5a35c4e39f131dcb,807,NewTaipei,121.399789984,24.8825744363,NewTaipei:geo00,0.5,0.1,0.4,10,1
topology:route_type:B1,NewTaipei:16224,NewTaipei:16224:157219:0:ee4d73835b4e51fc,922,NewTaipei,121.400327579,24.9523211636,NewTaipei:geo00,0.7,0.6,0.1,10,1
topology:route_type:B1,NewTaipei:16243,NewTaipei:16243:157238:0:7e6338ffc15c7e13,綠15,NewTaipei,121.512835551,24.9639304896,NewTaipei:geo03,0.3,0.2,0.1,10,1
topology:route_type:B1,NewTaipei:16258,NewTaipei:16258:157253:0:c90af6eec0eae095,819,NewTaipei,121.585826572,24.9944077043,NewTaipei:geo03,1,0.2,0.8,10,1
topology:route_type:B1,NewTaipei:16265,NewTaipei:16265:157260:0:9cb26a43908cd483,橘1,NewTaipei,121.506098747,24.9702928736,NewTaipei:geo03,0.1,0.1,0,10,1
topology:route_type:B1,NewTaipei:16269,NewTaipei:16269:157264:0:fea170968f437c8f,836,NewTaipei,121.436682601,25.1730336615,NewTaipei:geo01,0.5,0.4,0.1,10,1
topology:route_type:B1,NewTaipei:16270,NewTaipei:16270:157265:0:d1e018273448e9e8,838,NewTaipei,121.446395921,25.0952242542,NewTaipei:geo02,0.7,0.7,0,10,1
topology:route_type:B1,NewTaipei:16274,NewTaipei:16274:157269:0:3976469af2beaca4,橘9,NewTaipei,121.497458385,24.9680618056,NewTaipei:geo03,0.1,0.1,0,10,1
topology:route_type:B1,NewTaipei:16282,NewTaipei:16282:157277:0:e4cef3c5f509aef3,紅38,NewTaipei,121.433816768,25.1857120436,NewTaipei:geo01,0.5,0.4,0.1,10,1
topology:route_type:B1,NewTaipei:16288,NewTaipei:16288:160578:0:dbb500a8d4d63a4a,紅28,NewTaipei,121.448956244,25.1710341892,NewTaipei:geo01,0.114559386973,0.5,-0.385440613027,10,1044
topology:route_type:B1,NewTaipei:16294,NewTaipei:16294:157289:0:926a4c0b056ede89,藍22,NewTaipei,121.626939608,25.0581687801,NewTaipei:geo06,0,0.5,-0.5,10,1
topology:route_type:B1,NewTaipei:16296,NewTaipei:16296:157291:0:b1cc7983fa2a5e4c,藍15,NewTaipei,121.634146383,25.0600388635,NewTaipei:geo06,0.1,0.5,-0.4,10,2
topology:route_type:B1,NewTaipei:16393,NewTaipei:16393:157389:0:bc5322e9b6aff990,849,NewTaipei,121.541847701,24.9501970593,NewTaipei:geo03,0.6,0.1,0.5,10,1
topology:route_type:B1,NewTaipei:16397,NewTaipei:16397:157393:0:c3848df8ab253cb7,紅51,NewTaipei,121.436729876,25.1851471013,NewTaipei:geo01,0.4,0.4,0,10,1
topology:route_type:B1,NewTaipei:16405,NewTaipei:16405:157401:0:8e2eed2dc354272f,橘5,NewTaipei,121.471221192,25.014136541,NewTaipei:geo03,0,0,0,10,1
topology:route_type:B1,NewTaipei:16406,NewTaipei:16406:157402:0:a934aeb55537bbd3,8,NewTaipei,121.519521375,24.9758824381,NewTaipei:geo03,0.8,0.4,0.4,10,1
topology:route_type:B1,NewTaipei:16407,NewTaipei:16407:157403:0:951cb5809e92331c,橘2,NewTaipei,121.509228662,24.9963035508,NewTaipei:geo03,0,0,0,10,1
topology:route_type:B1,NewTaipei:16418,NewTaipei:16418:157414:0:fb2547867f6998f5,綠10,NewTaipei,121.530226856,24.9664068249,NewTaipei:geo03,0.3,0.4,-0.1,10,1
topology:route_type:B1,NewTaipei:16420,NewTaipei:16420:157416:0:60d5a392e00e5851,綠7,NewTaipei,121.525382537,24.9638039231,NewTaipei:geo03,0.3,0.4,-0.1,10,1
topology:route_type:B1,NewTaipei:16422,NewTaipei:16422:157418:0:7fffc97d7c15c07e,923,NewTaipei,121.629507365,24.9796330943,NewTaipei:geo06,0.3,0.4,-0.1,10,1
topology:route_type:B1,NewTaipei:16423,NewTaipei:16423:157419:0:797029e6ff15f3a0,930,NewTaipei,121.509713254,24.9891865207,NewTaipei:geo03,0.3,0.6,-0.3,10,1
topology:route_type:B1,NewTaipei:16425,NewTaipei:16425:157421:0:9642ba40e52508c5,811,NewTaipei,121.495536268,25.0749193568,NewTaipei:geo02,0.6,0.8,-0.2,10,1
topology:route_type:B1,NewTaipei:16427,NewTaipei:16427:157423:0:614597252624e502,839,NewTaipei,121.514429943,24.9556005961,NewTaipei:geo03,0.1,0.1,0,10,1
topology:route_type:B1,NewTaipei:16429,NewTaipei:16429:157425:1:05c3af4f8106018c,847,NewTaipei,121.422003109,24.9852603538,NewTaipei:geo00,0.7,0.5,0.2,10,1
topology:route_type:B1,NewTaipei:16430,NewTaipei:16430:157426:0:c6bc531231826a46,紅36,NewTaipei,121.441346864,25.1766056841,NewTaipei:geo01,0.6,0.6,0,10,1
topology:route_type:B1,NewTaipei:16431,NewTaipei:16431:160948:1:449609585751e5cc,紅37,NewTaipei,121.440716758,25.1857486811,NewTaipei:geo01,0.1,0.4,-0.3,10,1
topology:route_type:B1,NewTaipei:16432,NewTaipei:16432:157428:0:fd5d8ef2331c9f8c,紅39,NewTaipei,121.442862747,25.1752130378,NewTaipei:geo01,0.4,0.6,-0.2,10,1
topology:route_type:B1,NewTaipei:16461,NewTaipei:16461:157481:0:f2013d00bdb2e426,707,NewTaipei,121.471061389,24.9876986477,NewTaipei:geo03,0.6,0.5,0.1,10,1
topology:route_type:B1,NewTaipei:16462,NewTaipei:16462:157485:0:555f17115cbfb352,910,NewTaipei,121.40520887,24.9582100933,NewTaipei:geo00,0.8,0.5,0.3,10,1
topology:route_type:B1,NewTaipei:16463,NewTaipei:16463:157486:0:17b992db5eb9abef,藍35,NewTaipei,121.458962317,25.0169288809,NewTaipei:geo02,0.1,0.2,-0.1,10,1
topology:route_type:B1,NewTaipei:16464,NewTaipei:16464:157487:0:adb2d3f0da3d543a,藍17,NewTaipei,121.463861905,24.9992784294,NewTaipei:geo03,0.3,0.1,0.2,10,1
topology:route_type:B1,NewTaipei:16466,NewTaipei:16466:157489:0:099be3d971d7f8ca,橘3,NewTaipei,121.510476028,25.0070777248,NewTaipei:geo03,0,0,0,10,1
topology:route_type:B1,NewTaipei:16467,NewTaipei:16467:157490:0:813c968ae1a21d97,51,NewTaipei,121.489824208,25.0063793457,NewTaipei:geo03,0.7,0.8,-0.1,10,1
topology:route_type:B1,NewTaipei:16468,NewTaipei:16468:157491:0:e5cd8610040b3f4c,57,NewTaipei,121.492465657,25.0024590542,NewTaipei:geo03,0.8,0.6,0.2,10,1
topology:route_type:B1,NewTaipei:16471,NewTaipei:16471:157494:0:4122c5209b754707,藍33,NewTaipei,121.474981473,25.0205870689,NewTaipei:geo03,0.3,0.1,0.2,10,1
topology:route_type:B1,NewTaipei:16474,NewTaipei:16474:157497:0:11dc567882d77fb9,843,NewTaipei,121.430502765,25.0031162594,NewTaipei:geo00,0.8,0.6,0.2,10,1
topology:route_type:B1,NewTaipei:16479,NewTaipei:16479:157502:0:56cf2f0d58f20e42,802區,NewTaipei,121.439703018,25.0255584665,NewTaipei:geo02,0.8,0.7,0.1,10,1
topology:route_type:B1,NewTaipei:16481,NewTaipei:16481:157504:0:e690e2ea59c8d9d3,綠13,NewTaipei,121.538233601,24.9865053015,NewTaipei:geo03,0,0.2,-0.2,10,1
topology:route_type:B1,NewTaipei:16485,NewTaipei:16485:157508:0:153403772f37552b,835,NewTaipei,121.471144471,25.0506024624,NewTaipei:geo02,0.7,0.9,-0.2,10,1
topology:route_type:B1,NewTaipei:16486,NewTaipei:16486:157509:0:6fa1f784e1bf874c,藍37,NewTaipei,121.431529431,25.0090049497,NewTaipei:geo00,0.1,0,0.1,10,1
topology:route_type:B1,NewTaipei:16487,NewTaipei:16487:157510:0:1d6c21b82a78bdd3,藍38,NewTaipei,121.432319299,24.9925826832,NewTaipei:geo00,0.1,0,0.1,10,1
topology:route_type:B1,NewTaipei:16489,NewTaipei:16489:157512:0:9293bd7cd405a243,橘19,NewTaipei,121.460628186,25.0903641009,NewTaipei:geo02,0.1,0.2,-0.1,10,1
topology:route_type:B1,NewTaipei:16490,NewTaipei:16490:157513:0:c7c011ad366291b4,橘17,NewTaipei,121.461110027,25.0722385891,NewTaipei:geo02,0.2,0.2,0,10,1
topology:route_type:B1,NewTaipei:16491,NewTaipei:16491:157514:0:cb1a98b2da85e873,綠9,NewTaipei,121.546495353,24.9688581758,NewTaipei:geo03,0.4,0.5,-0.1,10,1
topology:route_type:B1,NewTaipei:16492,NewTaipei:16492:157515:1:c1afb7f6c464c8e7,綠9耕莘,NewTaipei,121.5476096,24.9659037937,NewTaipei:geo03,0.5,0.5,0,10,1
topology:route_type:B1,NewTaipei:16493,NewTaipei:16493:157516:0:10f583b0d602773d,綠9北新國小,NewTaipei,121.54890284,24.9641412358,NewTaipei:geo03,0.4,0.5,-0.1,10,1
topology:route_type:B1,NewTaipei:16497,NewTaipei:16497:157520:0:45353088cb0191ee,837,NewTaipei,121.447770861,25.1586323821,NewTaipei:geo01,0.8,0.5,0.3,10,1
topology:route_type:B1,NewTaipei:16498,NewTaipei:16498:157521:0:b277d5f922118d29,藍21,NewTaipei,121.627663668,25.0601660062,NewTaipei:geo06,0.5,0.5,0,10,2
topology:route_type:B1,NewTaipei:16499,NewTaipei:16499:157522:0:18b92cbc03184ac4,816,NewTaipei,121.489653193,25.0817582529,NewTaipei:geo02,0.4,0.2,0.2,10,1
topology:route_type:B1,NewTaipei:16500,NewTaipei:16500:157523:0:2fe5c86352962881,815,NewTaipei,121.503957436,25.0860289774,NewTaipei:geo02,0.5,0.6,-0.1,10,2
topology:route_type:B1,NewTaipei:16511,NewTaipei:16511:157546:0:97dfcd6bd8d4856c,779,NewTaipei,121.449183753,24.9402142365,NewTaipei:geo00,0.7,0.4,0.3,10,2
topology:route_type:B1,NewTaipei:16513,NewTaipei:16513:157548:0:4782440627b68446,885,NewTaipei,121.416207753,24.989186365,NewTaipei:geo00,0.8,0.6,0.2,10,1
topology:route_type:B1,NewTaipei:16515,NewTaipei:16515:157550:0:fd7e71caafc440ec,858,NewTaipei,121.407397289,25.0450674316,NewTaipei:geo02,0.8,0.5,0.3,10,1
topology:route_type:B1,NewTaipei:16517,NewTaipei:16517:157552:0:e84cfc4450033a6a,704,NewTaipei,121.453034848,25.1152454095,NewTaipei:geo02,0.7,0.7,0,10,1
topology:route_type:B1,NewTaipei:16518,NewTaipei:16518:157553:0:4daa3c6f4d7638b5,859,NewTaipei,121.42812373,25.0217069106,NewTaipei:geo02,0.9,0.5,0.4,10,1
topology:route_type:B1,NewTaipei:16519,NewTaipei:16519:157554:0:55ef08b70c5a7553,橘22,NewTaipei,121.441370738,25.0230909874,NewTaipei:geo02,0,0,0,10,1
topology:route_type:B1,NewTaipei:16521,NewTaipei:16521:159438:0:7dcd17baf028b851,704區,NewTaipei,121.436707681,25.135424386,NewTaipei:geo01,0.7,0.5,0.2,10,1
topology:route_type:B1,NewTaipei:16522,NewTaipei:16522:159493:0:48ca463942be810f,881,NewTaipei,121.436324493,25.1821718297,NewTaipei:geo01,0.2,0.4,-0.2,10,1
topology:route_type:B1,NewTaipei:16526,NewTaipei:16526:157561:0:0952272a718d5790,869,NewTaipei,121.438255471,25.1771831051,NewTaipei:geo01,0.3,0.4,-0.1,10,1
topology:route_type:B1,NewTaipei:16527,NewTaipei:16527:161057:0:fef3e2600b43f288,878,NewTaipei,121.434351495,25.1516747267,NewTaipei:geo01,0.7,0.3,0.4,10,1
topology:route_type:B1,NewTaipei:16528,NewTaipei:16528:157563:0:b99d4b5b15fc620e,860,NewTaipei,121.459214514,25.2202215764,NewTaipei:geo01,1,0.6,0.4,10,1
topology:route_type:B1,NewTaipei:16529,NewTaipei:16529:157564:0:582028236e4a8166,861,NewTaipei,121.463282199,25.2235337996,NewTaipei:geo01,1,0.6,0.4,10,1
topology:route_type:B1,NewTaipei:16530,NewTaipei:16530:157565:0:4c48fa20a757131a,865,NewTaipei,121.508754714,25.2538554121,NewTaipei:geo04,1,0.2,0.8,10,1
topology:route_type:B1,NewTaipei:16531,NewTaipei:16531:157566:0:6edeac39989258f4,866,NewTaipei,121.495163433,25.218175467,NewTaipei:geo01,0.7,0.3,0.4,10,1
topology:route_type:B1,NewTaipei:16532,NewTaipei:16532:157567:0:33241f590e4708d9,867,NewTaipei,121.500757788,25.2487063063,NewTaipei:geo04,1,0.3,0.7,10,1
topology:route_type:B1,NewTaipei:16535,NewTaipei:16535:157570:0:8a87af187a50f6cf,874,NewTaipei,121.462341918,25.2194294842,NewTaipei:geo01,1,0.6,0.4,10,1
topology:route_type:B1,NewTaipei:16536,NewTaipei:16536:157571:0:977ed664178e8b3c,875,NewTaipei,121.471181634,25.185934396,NewTaipei:geo01,0.65,0.4,0.25,10,2
topology:route_type:B1,NewTaipei:16538,NewTaipei:16538:157573:0:c77412f0a1a614e7,877,NewTaipei,121.506278635,25.2329585184,NewTaipei:geo04,0.8,0.2,0.6,10,1
topology:route_type:B1,NewTaipei:16542,NewTaipei:16542:157577:0:adea23d54075b7e4,879,NewTaipei,121.463937498,25.2070634346,NewTaipei:geo01,0.9,0.7,0.2,10,1
topology:route_type:B1,NewTaipei:16543,NewTaipei:16543:157578:0:698f23e34a5c602a,882,NewTaipei,121.464976043,25.2203369528,NewTaipei:geo01,1,0.6,0.4,10,1
topology:route_type:B1,NewTaipei:16544,NewTaipei:16544:157579:0:326106da96847510,藍39,NewTaipei,121.631083289,25.0627175316,NewTaipei:geo06,0.4,0.5,-0.1,10,1
topology:route_type:B1,NewTaipei:16547,NewTaipei:16547:157582:0:1013ad8cc885ea21,808,NewTaipei,121.825866801,25.0995850308,NewTaipei:geo07,0.7,0.5,0.2,10,2
topology:route_type:B1,NewTaipei:16548,NewTaipei:16548:157583:0:0fe922028ca67465,827,NewTaipei,121.832488656,25.1095048005,NewTaipei:geo07,0.9,0.7,0.2,10,1
topology:route_type:B1,NewTaipei:16551,NewTaipei:16551:157586:0:5ddc9c9d0849bc5d,825,NewTaipei,121.827632851,25.1090149924,NewTaipei:geo07,0.9,0.6,0.3,10,1
topology:route_type:B1,NewTaipei:16552,NewTaipei:16552:157587:0:0fa77084048ad9f0,856(台灣好行-黃金福隆線),NewTaipei,121.907440828,25.0780618329,NewTaipei:geo07,0.7,0.3,0.4,10,1
topology:route_type:B1,NewTaipei:16554,NewTaipei:16554:157589:0:568df4a9dbf1af9d,826,NewTaipei,121.843828547,25.1090614658,NewTaipei:geo07,0.9,0.6,0.3,10,1
topology:route_type:B1,NewTaipei:16560,NewTaipei:16560:157596:0:78b83bf978980ec4,932,NewTaipei,121.410269438,24.9643360115,NewTaipei:geo00,0.5,0.5,0,10,1
topology:route_type:B1,NewTaipei:16562,NewTaipei:16562:157598:0:95eea614884ed990,935,NewTaipei,121.527466324,24.9913608457,NewTaipei:geo03,0.7,0.8,-0.1,10,1
topology:route_type:B1,NewTaipei:16564,NewTaipei:16564:158931:1:404239bff2719fbf,876,NewTaipei,121.488641136,25.2070858519,NewTaipei:geo01,0.6,0.4,0.2,10,1
topology:route_type:B1,NewTaipei:16565,NewTaipei:16565:159117:1:0fb437123a591e4a,886,NewTaipei,121.865609626,25.1204865978,NewTaipei:geo07,0.7,0.5,0.2,10,1
topology:route_type:B1,NewTaipei:16571,NewTaipei:16571:157613:0:913b0743a3e6b4cf,797,NewTaipei,121.460423738,25.0449657173,NewTaipei:geo02,0.9,0.8,0.1,10,1
topology:route_type:B1,NewTaipei:16573,NewTaipei:16573:157615:0:29b72f070ba6897d,800,NewTaipei,121.424377832,25.002967211,NewTaipei:geo00,0.9,0.6,0.3,10,1
topology:route_type:B1,NewTaipei:16576,NewTaipei:16576:157618:0:fd604b474ecdb29f,799,NewTaipei,121.448743157,25.0235680888,NewTaipei:geo02,0.9,0.8,0.1,10,2
topology:route_type:B1,NewTaipei:16577,NewTaipei:16577:157619:0:3f094f2084767eb8,871經中山北路,NewTaipei,121.456602703,25.1981526107,NewTaipei:geo01,0.7,0.6,0.1,10,1
topology:route_type:B1,NewTaipei:16578,NewTaipei:16578:157620:1:cb89cb56b131df71,872經正德國中、直行中山北路,NewTaipei,121.453492181,25.2040801885,NewTaipei:geo01,0.9,0.7,0.2,10,1
topology:route_type:B1,NewTaipei:16579,NewTaipei:16579:157621:0:15e349ecfc745b38,873經正德國中,NewTaipei,121.454060785,25.2071247271,NewTaipei:geo01,0.8,0.7,0.1,10,1
topology:route_type:B1,NewTaipei:16580,NewTaipei:16580:157622:0:9e5bcd641ece2dd0,891,NewTaipei,121.858109555,25.1149125402,NewTaipei:geo07,0.7,0.5,0.2,10,1
topology:route_type:B1,NewTaipei:16581,NewTaipei:16581:157623:0:4f5f2b4c3f6c7697,275,NewTaipei,121.512539813,25.0052900794,NewTaipei:geo03,0.8,0.7,0.1,10,1
topology:route_type:B1,NewTaipei:16582,NewTaipei:16582:157626:0:b843fcd10e95eebe,橘25,NewTaipei,121.471915026,25.0768678023,NewTaipei:geo02,0.1,0.4,-0.3,10,1
topology:route_type:B1,NewTaipei:16583,NewTaipei:16583:157631:0:cbc53f4e0db5d28d,936,NewTaipei,121.423362066,25.070470167,NewTaipei:geo02,0.8,0.7,0.1,10,1
topology:route_type:B1,NewTaipei:16584,NewTaipei:16584:157632:0:3bca2c213484c485,820,NewTaipei,121.472042011,25.0546897315,NewTaipei:geo02,0.8,0.9,-0.1,10,1
topology:route_type:B1,NewTaipei:16585,NewTaipei:16585:157633:0:f4bd265497f3f46e,908,NewTaipei,121.433187761,24.9669987854,NewTaipei:geo00,0.7,0.6,0.1,10,1
topology:route_type:B1,NewTaipei:16586,NewTaipei:16586:157634:0:0fa772082b91de3a,藍46,NewTaipei,121.385137996,24.9309034437,NewTaipei:geo00,0.1,0,0.1,10,1
topology:route_type:B1,NewTaipei:16588,NewTaipei:16588:157636:0:332f61060683a30f,264,NewTaipei,121.479753003,25.047524112,NewTaipei:geo02,0.8,0.7,0.1,10,1
topology:route_type:B1,NewTaipei:16590,NewTaipei:16590:157638:0:0f540881d7d1678a,綠12,NewTaipei,121.626930781,24.9491093352,NewTaipei:geo06,0.3,0,0.3,10,2
topology:route_type:B1,NewTaipei:16591,NewTaipei:16591:157639:0:aa282defe02db964,857,NewTaipei,121.460278383,25.0969503658,NewTaipei:geo02,0.6,0.5,0.1,10,1
topology:route_type:B1,NewTaipei:16592,NewTaipei:16592:157640:0:e1ac5c119a9898bc,橘21,NewTaipei,121.437341401,25.0387737277,NewTaipei:geo02,0.1,0,0.1,10,2
topology:route_type:B1,NewTaipei:16593,NewTaipei:16593:157641:0:37d09c7129cc6bb8,橘18,NewTaipei,121.481673866,25.0837225973,NewTaipei:geo02,0.1,0.2,-0.1,10,1
topology:route_type:B1,NewTaipei:16594,NewTaipei:16594:157642:0:a933252818b9cc00,801,NewTaipei,121.471580154,25.0510645745,NewTaipei:geo02,1,0.8,0.2,10,1
topology:route_type:B1,NewTaipei:16595,NewTaipei:16595:157643:0:633f6ac8f6cf39da,803,NewTaipei,121.476068126,25.0604499519,NewTaipei:geo02,0.9,0.7,0.2,10,1
topology:route_type:B1,NewTaipei:16599,NewTaipei:16599:157647:0:13c4ef5be217caf2,藍32,NewTaipei,121.460311926,25.0054114125,NewTaipei:geo03,0.1,0.2,-0.1,10,1
topology:route_type:B1,NewTaipei:16601,NewTaipei:16601:157649:0:74a8f5dbeabff939,藍40,NewTaipei,121.455811626,24.9777473536,NewTaipei:geo00,0.1,0,0.1,10,1
topology:route_type:B1,NewTaipei:16602,NewTaipei:16602:157650:0:c354d764fd37e789,藍45,NewTaipei,121.416462696,24.9436333788,NewTaipei:geo00,0.1,0.2,-0.1,10,1
topology:route_type:B1,NewTaipei:16603,NewTaipei:16603:157651:0:77b094c3f87a5a60,920,NewTaipei,121.410394135,25.060293257,NewTaipei:geo02,0.8,0.5,0.3,10,1
topology:route_type:B1,NewTaipei:16604,NewTaipei:16604:158941:0:461105e884c9ae39,925,NewTaipei,121.41749524,25.0718568327,NewTaipei:geo02,0.9,0.5,0.4,10,1
topology:route_type:B1,NewTaipei:16606,NewTaipei:16606:157654:1:4e71e0819b51db9e,981,NewTaipei,121.356918308,24.9504739833,NewTaipei:geo00,0.7,0.3,0.4,10,2
topology:route_type:B1,NewTaipei:16607,NewTaipei:16607:157655:0:1f46174f34989c37,889,NewTaipei,121.411366921,24.9735838437,NewTaipei:geo00,0.5,0.6,-0.1,10,1
topology:route_type:B1,NewTaipei:16608,NewTaipei:16608:157656:0:302b828da7456e8d,802,NewTaipei,121.418931616,24.9956262151,NewTaipei:geo00,0.9,0.6,0.3,10,1
topology:route_type:B1,NewTaipei:16609,NewTaipei:16609:157657:0:3256c6e8096ec896,842,NewTaipei,121.441322616,25.025407414,NewTaipei:geo02,0.8,0.8,0,10,2
topology:route_type:B1,NewTaipei:16610,NewTaipei:16610:157658:0:5b284719ae0c0d4d,綠5,NewTaipei,121.536689383,24.9722256275,NewTaipei:geo03,0.2,0.4,-0.2,10,1
topology:route_type:B1,NewTaipei:16611,NewTaipei:16611:157659:0:047212fa980cbdae,綠6,NewTaipei,121.523898473,24.9792975662,NewTaipei:geo03,0.5,0.1,0.4,10,1
topology:route_type:B1,NewTaipei:16612,NewTaipei:16612:157660:0:3100ce17d601d35c,綠3,NewTaipei,121.536266663,24.9664000088,NewTaipei:geo03,0.3,0.6,-0.3,10,1
topology:route_type:B1,NewTaipei:16613,NewTaipei:16613:157661:0:ad8fac6d33cce756,綠8,NewTaipei,121.522203147,24.9743914858,NewTaipei:geo03,0.4,0.3,0.1,10,1
topology:route_type:B1,NewTaipei:16614,NewTaipei:16614:157662:0:3d8334033737df92,930延,NewTaipei,121.513707061,24.9862536148,NewTaipei:geo03,0.4,0.7,-0.3,10,1
topology:route_type:B1,NewTaipei:16619,NewTaipei:16619:159327:0:32c65e510759c150,紅26,NewTaipei,121.432248065,25.1754107019,NewTaipei:geo01,0.1,0.5,-0.4,10,1
topology:route_type:B1,NewTaipei:16620,NewTaipei:16620:157668:0:6fc198fe9b43101a,橘10,NewTaipei,121.445018931,25.077716383,NewTaipei:geo02,0,0,0,10,1
topology:route_type:B1,NewTaipei:16626,NewTaipei:16626:157674:0:0bd2151dd989d460,870,NewTaipei,121.440648409,25.190932605,NewTaipei:geo01,0.7,0.4,0.3,10,1
topology:route_type:B1,NewTaipei:16627,NewTaipei:16627:157675:0:f9157ad805fb90db,872,NewTaipei,121.446507857,25.2036943806,NewTaipei:geo01,0.85,0.8,0.05,10,2
topology:route_type:B1,NewTaipei:16628,NewTaipei:16628:157676:0:d407f67478987c11,871,NewTaipei,121.45018339,25.198271402,NewTaipei:geo01,0.8,0.7,0.1,10,1
topology:route_type:B1,NewTaipei:16629,NewTaipei:16629:157677:0:1c0787656573655b,873,NewTaipei,121.446284953,25.2045523968,NewTaipei:geo01,0.6,0.7,-0.1,10,1
topology:route_type:B1,NewTaipei:16630,NewTaipei:16630:157678:0:e383fd8a4d876144,868,NewTaipei,121.465482505,25.1662500551,NewTaipei:geo01,0.3,0.6,-0.3,10,1
topology:route_type:B1,NewTaipei:16632,NewTaipei:16632:157680:0:327e339361d52744,藍23,NewTaipei,121.626463106,25.0613124096,NewTaipei:geo06,0.5,0.5,0,10,1
topology:route_type:B1,NewTaipei:16633,NewTaipei:16633:157681:0:7fd0f5b8dbec38f9,919,NewTaipei,121.610346041,25.0578966084,NewTaipei:geo06,0.8,0.3,0.5,10,1
topology:route_type:B1,NewTaipei:16635,NewTaipei:16635:157696:0:531ccaacac177562,939,NewTaipei,121.475978861,24.9806055615,NewTaipei:geo03,0.8,0.4,0.4,10,1
topology:route_type:B1,NewTaipei:16637,NewTaipei:16637:157697:0:2e97e91e9eefc753,780,NewTaipei,121.818827608,25.0203709549,NewTaipei:geo07,0.2,0.2,0,10,1
topology:route_type:B1,NewTaipei:16641,NewTaipei:16641:160828:1:4602761d9337e375,788,NewTaipei,121.80919838,25.1178179965,NewTaipei:geo07,0.9,0.7,0.2,10,1
topology:route_type:B1,NewTaipei:16642,NewTaipei:16642:159633:1:0688c606159b3911,787,NewTaipei,121.751282741,25.1119974603,NewTaipei:geo07,0.4,0.6,-0.2,10,1
topology:route_type:B1,NewTaipei:16643,NewTaipei:16643:157703:0:1e1e2bb99b45e99f,782,NewTaipei,121.835743012,25.0295640803,NewTaipei:geo07,0.2,0.2,0,10,1
topology:route_type:B1,NewTaipei:16644,NewTaipei:16644:157704:0:bfe78e3607e2ae54,781,NewTaipei,121.835738124,25.0295716732,NewTaipei:geo07,0.2,0.2,0,10,1
topology:route_type:B1,NewTaipei:16651,NewTaipei:16651:157715:0:c09364d267453b3f,864,NewTaipei,121.472095998,25.1759096591,NewTaipei:geo01,1,0.4,0.6,10,1
topology:route_type:B1,NewTaipei:16655,NewTaipei:16655:157719:0:3581a6a9aed4b192,937,NewTaipei,121.421923058,25.0709613055,NewTaipei:geo02,0.7,0.6,0.1,10,1
topology:route_type:B1,NewTaipei:16656,NewTaipei:16656:157720:0:df5a9673fae9dfec,839耕莘,NewTaipei,121.520092903,24.9582394877,NewTaipei:geo03,0.2,0.2,0,10,1
topology:route_type:B1,NewTaipei:16659,NewTaipei:16659:157722:1:581f90de23ead74d,880,NewTaipei,121.436191851,25.0882205403,NewTaipei:geo02,1,0.8,0.2,10,1
topology:route_type:B1,NewTaipei:16660,NewTaipei:16660:157724:0:d82e6d61eb02ec3e,883,NewTaipei,121.441953882,25.1100246336,NewTaipei:geo02,0.9,0.9,0,10,1
topology:route_type:B1,NewTaipei:16662,NewTaipei:16662:157726:0:9aa389c233f1823d,948,NewTaipei,121.411286937,25.0516732038,NewTaipei:geo02,1,0.6,0.4,10,1
topology:route_type:B1,NewTaipei:16663,NewTaipei:16663:157727:0:762bcb3e7cba5cb2,藍43,NewTaipei,121.410912293,24.9610138514,NewTaipei:geo00,0.3,0.1,0.2,10,1
topology:route_type:B1,NewTaipei:16664,NewTaipei:16664:157728:0:82ad3ebaafb51407,921,NewTaipei,121.426740225,24.9645773523,NewTaipei:geo00,0.6,0.4,0.2,10,1
topology:route_type:B1,NewTaipei:16665,NewTaipei:16665:159314:0:1d8e96b6e917150a,851,NewTaipei,121.360395145,24.9463654993,NewTaipei:geo00,0.6,0.3,0.3,10,1
topology:route_type:B1,NewTaipei:16666,NewTaipei:16666:157730:0:4043146ac86fd5d4,852,NewTaipei,121.402123519,24.9701159343,NewTaipei:geo00,0.666666666667,0.7,-0.0333333333333,10,3
topology:route_type:B1,NewTaipei:16667,NewTaipei:16667:157731:0:b8823b28245210f4,橘12,NewTaipei,121.490029152,25.0713125783,NewTaipei:geo02,0.1,0,0.1,10,1
topology:route_type:B1,NewTaipei:16668,NewTaipei:16668:157732:0:74061fd843288009,橘13,NewTaipei,121.462377301,25.0837161315,NewTaipei:geo02,0.2,0.4,-0.2,10,1
topology:route_type:B1,NewTaipei:16669,NewTaipei:16669:157733:1:2ae02149074757e5,橘20,NewTaipei,121.445019258,25.1065033232,NewTaipei:geo02,0.366666666667,0,0.366666666667,10,3
topology:route_type:B1,NewTaipei:16670,NewTaipei:16670:157734:0:500a7b1dfe52c5a9,810,NewTaipei,121.443695263,25.0159988195,NewTaipei:geo02,1,0.8,0.2,10,1
topology:route_type:B1,NewTaipei:16671,NewTaipei:16671:157735:0:861fc85709d1cb24,紅27,NewTaipei,121.443922818,25.1728088987,NewTaipei:geo01,0.4,0.6,-0.2,10,4
topology:route_type:B1,NewTaipei:16672,NewTaipei:16672:157736:0:b988d57e2e4a031e,938,NewTaipei,121.468105042,25.0571124404,NewTaipei:geo02,0.7,1,-0.3,10,1
topology:route_type:B1,NewTaipei:16673,NewTaipei:16673:157737:0:29c7ee60a8715743,紅13,NewTaipei,121.428948567,25.1442578286,NewTaipei:geo01,0.1,0.1,0,10,1
topology:route_type:B1,NewTaipei:16674,NewTaipei:16674:161278:1:f570a18a1339c391,紅22,NewTaipei,121.430609714,25.1441139728,NewTaipei:geo01,0.1,0.1,0,10,1
topology:route_type:B1,NewTaipei:16675,NewTaipei:16675:157739:0:2f3ace3bca9b6089,863,NewTaipei,121.537569345,25.2509921439,NewTaipei:geo04,1,0.1,0.9,10,1
topology:route_type:B1,NewTaipei:16676,NewTaipei:16676:159479:1:3824a57140c32891,F923,NewTaipei,121.687943009,25.1942391239,NewTaipei:geo05,0.4,0.6,-0.2,10,1
topology:route_type:B1,NewTaipei:16677,NewTaipei:16677:159565:0:881a57893d4491ba,F921,NewTaipei,121.650319782,25.1815456217,NewTaipei:geo05,0.7,0.8,-0.1,10,2
topology:route_type:B1,NewTaipei:16678,NewTaipei:16678:159472:1:f58af0e2ade761df,F921假日,NewTaipei,121.65002749,25.1836981147,NewTaipei:geo05,0.7,0.8,-0.1,10,4
topology:route_type:B1,NewTaipei:16679,NewTaipei:16679:159484:1:94a92a383ecdcb5e,F923假日,NewTaipei,121.688028785,25.193357251,NewTaipei:geo05,0.6,0.6,0,10,2
topology:route_type:B1,NewTaipei:16681,NewTaipei:16681:159635:1:029e2622b2640953,787經瑞芳工業區,NewTaipei,121.753318127,25.1111714214,NewTaipei:geo07,0.5,0.6,-0.1,10,1
topology:route_type:B1,NewTaipei:16682,NewTaipei:16682:157746:0:ea327882749676b4,791,NewTaipei,121.848205043,25.1075315573,NewTaipei:geo07,0.6,0.5,0.1,10,1
topology:route_type:B1,NewTaipei:16685,NewTaipei:16685:157770:0:365180b7a6627e3e,657延,NewTaipei,121.465739441,25.0060269204,NewTaipei:geo03,0.9,0.4,0.5,10,1
topology:route_type:B1,NewTaipei:16686,NewTaipei:16686:157771:0:a50052c96f566aaa,橘26,NewTaipei,121.415772547,25.0066734632,NewTaipei:geo00,0.1,0,0.1,10,1
topology:route_type:B1,NewTaipei:16688,NewTaipei:16688:157773:0:4213cf3a365c4c86,983,NewTaipei,121.45428659,25.1608290638,NewTaipei:geo01,0.5,0.4,0.1,10,1
topology:route_type:B1,NewTaipei:16689,NewTaipei:16689:157774:0:d2c0d988b567a316,793,NewTaipei,121.499067287,24.998634814,NewTaipei:geo03,0.7,0.6,0.1,10,1
topology:route_type:B1,NewTaipei:16691,NewTaipei:16691:157776:0:efa6cfba4fdaee10,796,NewTaipei,121.539609429,24.9900168943,NewTaipei:geo03,0.7,0.3,0.4,10,1
topology:route_type:B1,NewTaipei:16692,NewTaipei:16692:157777:0:7723b2af621f5e9a,783,NewTaipei,121.456629059,25.0552336009,NewTaipei:geo02,0.9,0.8,0.1,10,1
topology:route_type:B1,NewTaipei:16693,NewTaipei:16693:157778:0:dda030d7227d4164,785,NewTaipei,121.466973839,25.0893111643,NewTaipei:geo02,0.6,0.1,0.5,10,1
topology:route_type:B1,NewTaipei:16694,NewTaipei:16694:157779:0:77931a3aa5c2278b,786,NewTaipei,121.414616362,25.0546808986,NewTaipei:geo02,1,0.5,0.5,10,1
topology:route_type:B1,NewTaipei:16695,NewTaipei:16695:157780:0:216260aa3f91dc55,821,NewTaipei,121.47245182,25.1743117263,NewTaipei:geo01,1,0.4,0.6,10,1
topology:route_type:B1,NewTaipei:16697,NewTaipei:16697:160487:1:5d055b5a767a824d,847區,NewTaipei,121.432873511,24.9802998381,NewTaipei:geo00,0.5,0.5,0,10,1
topology:route_type:B1,NewTaipei:16710,NewTaipei:16710:157802:0:5e2a3798186b6bc4,867區,NewTaipei,121.483194475,25.2415939878,NewTaipei:geo04,1,0.4,0.6,10,1
topology:route_type:B1,NewTaipei:16715,NewTaipei:16715:157812:0:ad00b789c343b807,紅28直,NewTaipei,121.448406333,25.1712412606,NewTaipei:geo01,0.114559386973,0.5,-0.385440613027,10,1044
topology:route_type:B1,NewTaipei:16717,NewTaipei:16717:157814:0:740254164781cf25,895,NewTaipei,121.513406775,24.9977117753,NewTaipei:geo03,0.4,0.6,-0.2,10,1
topology:route_type:B1,NewTaipei:16719,NewTaipei:16719:157817:0:15c522bc9be02c02,795往木柵(台灣好行-木柵平溪線),NewTaipei,121.670188072,25.0126395066,NewTaipei:geo06,1,0.3,0.7,10,1
topology:route_type:B1,NewTaipei:16726,NewTaipei:16726:159535:0:c70323a8b9423db0,941,NewTaipei,121.460425528,24.9673209454,NewTaipei:geo03,0.6,0.7,-0.1,10,1
topology:route_type:B1,NewTaipei:16728,NewTaipei:16728:157830:0:2bd5b6cfc09a2729,940,NewTaipei,121.406718943,24.9565513932,NewTaipei:geo00,0.7,0.5,0.2,10,1
topology:route_type:B1,NewTaipei:16729,NewTaipei:16729:157831:0:6b34eb18b70b67e1,藍44延,NewTaipei,121.431906131,24.9736987232,NewTaipei:geo00,0.2,0.1,0.1,10,1
topology:route_type:B1,NewTaipei:16730,NewTaipei:16730:157832:0:d188877f20221c67,822,NewTaipei,121.409177428,25.0856120407,NewTaipei:geo02,0.9,0.6,0.3,10,1
topology:route_type:B1,NewTaipei:16731,NewTaipei:16731:157836:0:d7ebe14cadb593a4,817,NewTaipei,121.627669469,25.0619166309,NewTaipei:geo06,0.6,0.3,0.3,10,1
topology:route_type:B1,NewTaipei:16732,NewTaipei:16732:157837:0:819c9b4cf90dea55,紅23,NewTaipei,121.44613954,25.1673863171,NewTaipei:geo01,0.2,0.5,-0.3,10,1
topology:route_type:B1,NewTaipei:16733,NewTaipei:16733:157838:0:c28e6655bf0d1c6d,890,NewTaipei,121.649148121,25.0817660166,NewTaipei:geo06,0.6,0.6,0,10,1
topology:route_type:B1,NewTaipei:16734,NewTaipei:16734:157839:0:4e0656b89ca7b7ef,846,NewTaipei,121.787404452,25.0757928054,NewTaipei:geo07,0.4,0.2,0.2,10,1
topology:route_type:B1,NewTaipei:16735,NewTaipei:16735:157840:0:a38faf1f17bfcbcc,藍41,NewTaipei,121.475942418,24.9903419475,NewTaipei:geo03,0.1,0.1,0,10,1
topology:route_type:B1,NewTaipei:16739,NewTaipei:16739:157844:0:a1fcefec2b339e59,789,NewTaipei,121.698656447,25.1525327062,NewTaipei:geo05,0.7,0.3,0.4,10,2
topology:route_type:B1,NewTaipei:16740,NewTaipei:16740:157845:0:e2a89f06ccbd79b6,790,NewTaipei,121.684767663,25.1782213332,NewTaipei:geo05,0.6,0.3,0.3,10,1
topology:route_type:B1,NewTaipei:16748,NewTaipei:16748:157858:0:cbb943d886f7c161,橘18福隆路,NewTaipei,121.482103368,25.0835036047,NewTaipei:geo02,0.1,0.2,-0.1,10,1
topology:route_type:B1,NewTaipei:16752,NewTaipei:16752:157867:0:bb8b9f777223f811,F101坪頂,NewTaipei,121.468903666,25.1649584529,NewTaipei:geo01,0.1,0.2,-0.1,10,1
topology:route_type:B1,NewTaipei:16757,NewTaipei:16757:157872:0:5d19dd42a9fcf331,795往十分寮(台灣好行-木柵平溪線),NewTaipei,121.670127315,25.012665419,NewTaipei:geo06,1,0.3,0.7,10,1
topology:route_type:B1,NewTaipei:16758,NewTaipei:16758:157873:0:b51eda0e8993fecb,795往平溪(台灣好行-木柵平溪線),NewTaipei,121.647288561,25.0076841671,NewTaipei:geo06,1,0.4,0.6,10,1
topology:route_type:B1,NewTaipei:16759,NewTaipei:16759:157876:0:2525ece79a50541a,943,NewTaipei,121.484409634,24.9874171591,NewTaipei:geo03,0.8,0.3,0.5,10,1
topology:route_type:B1,NewTaipei:16760,NewTaipei:16760:157887:0:68296c37b3d3951b,F101樹興,NewTaipei,121.470390641,25.166212614,NewTaipei:geo01,0.2,0.2,0,10,1
topology:route_type:B1,NewTaipei:16761,NewTaipei:16761:162366:0:0ae1d8c5b3b20e52,F105,NewTaipei,121.464211446,25.2090981762,NewTaipei:geo01,0.2,0.3,-0.1,10,1
topology:route_type:B1,NewTaipei:16764,NewTaipei:16764:162374:0:98f6465d79745c01,F106,NewTaipei,121.451613501,25.2113861622,NewTaipei:geo01,0.3,0.3,0,10,1
topology:route_type:B1,NewTaipei:16767,NewTaipei:16767:157894:0:869e1d6432a9cfbf,594,NewTaipei,121.448883246,25.1729575873,NewTaipei:geo01,0.3,0.3,0,10,2
topology:route_type:B1,NewTaipei:16768,NewTaipei:16768:158972:1:5a10b9afb1586c74,595,NewTaipei,121.438509421,25.1878272812,NewTaipei:geo01,0.7,0.4,0.3,10,1
topology:route_type:B1,NewTaipei:16772,NewTaipei:16772:157899:0:e012b5d340d834f8,593,NewTaipei,121.430417758,25.17768516,NewTaipei:geo01,0.8,0.4,0.4,10,1
topology:route_type:B1,NewTaipei:16773,NewTaipei:16773:157900:0:a064c62cdc2d1ae4,F105反,NewTaipei,121.464909583,25.2094193533,NewTaipei:geo01,0.2,0.3,-0.1,10,1
topology:route_type:B1,NewTaipei:16774,NewTaipei:16774:162378:0:13579cf86fed6f91,F109,NewTaipei,121.453367335,25.1837474334,NewTaipei:geo01,0.4,0.1,0.3,10,1
topology:route_type:B1,NewTaipei:16775,NewTaipei:16775:162332:1:157e7c49cc702c76,F102,NewTaipei,121.467647148,25.1879235845,NewTaipei:geo01,0.2,0.4,-0.2,10,1
topology:route_type:B1,NewTaipei:16777,NewTaipei:16777:162361:0:2a96a200bf1ed7d8,F103,NewTaipei,121.475295494,25.1829826061,NewTaipei:geo01,0.2,0.6,-0.4,10,1
topology:route_type:B1,NewTaipei:16778,NewTaipei:16778:157905:0:58716e1adde974f0,F135,NewTaipei,121.483574208,25.1914301252,NewTaipei:geo01,0.5,0.5,0,10,1
topology:route_type:B1,NewTaipei:16780,NewTaipei:16780:157907:0:7bf4e95f47abb548,F138新古庄,NewTaipei,121.502475818,25.2674282632,NewTaipei:geo04,0.567495219885,0.7,-0.132504780115,10,1046
topology:route_type:B1,NewTaipei:16781,NewTaipei:16781:157908:0:e3a9235502e3ff49,F138內橫山,NewTaipei,121.523417572,25.2572948157,NewTaipei:geo04,0.8,0.7,0.1,10,1
topology:route_type:B1,NewTaipei:16782,NewTaipei:16782:157909:0:96b2fa4195a27c11,F133平日,NewTaipei,121.510087317,25.227945283,NewTaipei:geo04,0.555854126679,0.7,-0.144145873321,10,1042
topology:route_type:B1,NewTaipei:16784,NewTaipei:16784:157911:0:b6e9d576b265b475,F133末班,NewTaipei,121.514396474,25.236089792,NewTaipei:geo04,0.8,0.7,0.1,10,1
topology:route_type:B1,NewTaipei:16785,NewTaipei:16785:157912:0:d7004e175bf5b9d5,F133假日,NewTaipei,121.509620814,25.2340060524,NewTaipei:geo04,0.555854126679,0.6,-0.0441458733206,10,1042
topology:route_type:B1,NewTaipei:16786,NewTaipei:16786:157913:0:db13ffe37d1759a3,F131,NewTaipei,121.496385115,25.2259933416,NewTaipei:geo04,0.428049951969,0.6,-0.171950048031,10,1041
topology:route_type:B1,NewTaipei:16787,NewTaipei:16787:157914:0:4bb402aee32595d8,F132,NewTaipei,121.51979867,25.2373549868,NewTaipei:geo04,0.711111111111,0.6,0.111111111111,10,1044
topology:route_type:B1,NewTaipei:16788,NewTaipei:16788:157915:0:a1006d1f6d531caa,F136,NewTaipei,121.481951503,25.247098111,NewTaipei:geo04,0.53971291866,0.6,-0.0602870813397,10,1045
topology:route_type:B1,NewTaipei:16789,NewTaipei:16789:157916:0:5822bd90d5d793f6,F137,NewTaipei,121.484828169,25.1929047728,NewTaipei:geo01,0.6,0.5,0.1,10,1
topology:route_type:B1,NewTaipei:16790,NewTaipei:16790:157917:0:75083284b25fbc45,F139行經台2線,NewTaipei,121.459455853,25.220848708,NewTaipei:geo01,0.55,0.3,0.25,10,2
topology:route_type:B1,NewTaipei:16792,NewTaipei:16792:157919:0:32efe4952288f300,F121,NewTaipei,121.388146952,25.134698897,NewTaipei:geo01,0.6,1,-0.4,10,1
topology:route_type:B1,NewTaipei:16793,NewTaipei:16793:157920:0:e9aa6683faeb81b9,F122,NewTaipei,121.400758571,25.1459958931,NewTaipei:geo01,0.4,0.7,-0.3,10,1
topology:route_type:B1,NewTaipei:16794,NewTaipei:16794:157921:0:6cbb9796f5c8ddbc,F123-0640,NewTaipei,121.424261763,25.1471699122,NewTaipei:geo01,0.3,0.5,-0.2,10,1
topology:route_type:B1,NewTaipei:16795,NewTaipei:16795:157922:0:d7e68d180f7051d1,F123-1205,NewTaipei,121.424208746,25.1471573192,NewTaipei:geo01,0.3,0.5,-0.2,10,1
topology:route_type:B1,NewTaipei:16796,NewTaipei:16796:157923:0:76e009d686747ebf,F123-1525,NewTaipei,121.420167943,25.1497713549,NewTaipei:geo01,0.2,0.5,-0.3,10,1
topology:route_type:B1,NewTaipei:16797,NewTaipei:16797:157924:0:ef4eaeb4e51d96e1,F123八療,NewTaipei,121.404103608,25.1440180258,NewTaipei:geo01,0.9,0.7,0.2,10,1
topology:route_type:B1,NewTaipei:16800,NewTaipei:16800:157927:0:4b1c5fdc97deb4a4,F126,NewTaipei,121.390877209,25.1001118619,NewTaipei:geo02,0.633333333333,0.7,-0.0666666666667,10,3
topology:route_type:B1,NewTaipei:16802,NewTaipei:16802:157929:0:dda97ee8d6d58b6e,F126江厝,NewTaipei,121.390342829,25.1024892756,NewTaipei:geo02,0.633333333333,0.8,-0.166666666667,10,3
topology:route_type:B1,NewTaipei:16804,NewTaipei:16804:157931:0:61659919e941cd84,F151-0810,NewTaipei,121.566957435,25.2690625034,NewTaipei:geo04,1,1,0,10,5
topology:route_type:B1,NewTaipei:16805,NewTaipei:16805:157932:0:802e3ddd530c9f33,F151-1605,NewTaipei,121.577853777,25.2724371932,NewTaipei:geo04,1,1,0,10,3
topology:route_type:B1,NewTaipei:16806,NewTaipei:16806:157933:0:7c862272a30319f5,F151-1810,NewTaipei,121.567000175,25.2713095975,NewTaipei:geo04,1,1,0,10,6
topology:route_type:B1,NewTaipei:16807,NewTaipei:16807:157934:0:eb65d17b8139755a,F151-0840、1705,NewTaipei,121.554779142,25.2838558719,NewTaipei:geo04,1,1,0,10,2
topology:route_type:B1,NewTaipei:16808,NewTaipei:16808:157935:0:917ab8c81eac2d81,F153-0620,NewTaipei,121.59354709,25.2780823111,NewTaipei:geo04,1,1,0,10,3
topology:route_type:B1,NewTaipei:16809,NewTaipei:16809:157936:0:7739bff548401857,F153-0945,NewTaipei,121.590678991,25.2783906788,NewTaipei:geo04,1,1,0,10,3
topology:route_type:B1,NewTaipei:16810,NewTaipei:16810:157937:0:48d08160b2459ff1,F153-0830,NewTaipei,121.594311269,25.2750601791,NewTaipei:geo04,1,1,0,10,3
topology:route_type:B1,NewTaipei:16811,NewTaipei:16811:157938:0:5427ba1977ca4f97,F153-1030,NewTaipei,121.591819892,25.275121405,NewTaipei:geo04,1,1,0,10,3
topology:route_type:B1,NewTaipei:16812,NewTaipei:16812:157939:0:5b8cca45366dcaf7,F153-1605,NewTaipei,121.595489415,25.2759097816,NewTaipei:geo04,1,1,0,10,3
topology:route_type:B1,NewTaipei:16813,NewTaipei:16813:157940:0:1a53733c166dd03c,F153-0730,NewTaipei,121.590074869,25.2755344786,NewTaipei:geo04,1,1,0,10,3
topology:route_type:B1,NewTaipei:16814,NewTaipei:16814:157941:0:dbd85b1284ecaf27,F153-1730,NewTaipei,121.589042921,25.280042598,NewTaipei:geo04,1,1,0,10,3
topology:route_type:B1,NewTaipei:16815,NewTaipei:16815:157942:0:19274243398bddcf,F151-0605,NewTaipei,121.576793332,25.275454554,NewTaipei:geo04,1,1,0,10,2
topology:route_type:B1,NewTaipei:16816,NewTaipei:16816:157943:0:f2bb6793954e1f7a,F151-0620,NewTaipei,121.566252161,25.2642686788,NewTaipei:geo04,1,1,0,10,5
topology:route_type:B1,NewTaipei:16817,NewTaipei:16817:157944:0:ef2e83fc0fb09bcb,F151-0730,NewTaipei,121.5776899,25.2711631765,NewTaipei:geo04,1,1,0,10,2
topology:route_type:B1,NewTaipei:16818,NewTaipei:16818:157945:0:578c98da9368e632,F151-0930,NewTaipei,121.578134966,25.2749020597,NewTaipei:geo04,1,1,0,10,3
topology:route_type:B1,NewTaipei:16819,NewTaipei:16819:157946:0:1053838f1c88c73a,F151-1010,NewTaipei,121.567376169,25.2679392358,NewTaipei:geo04,1,1,0,10,5
topology:route_type:B1,NewTaipei:16820,NewTaipei:16820:157947:0:2144734dd9c1e49c,F151-1635,NewTaipei,121.567395534,25.2683538935,NewTaipei:geo04,1,1,0,10,5
topology:route_type:B1,NewTaipei:16821,NewTaipei:16821:157948:0:85ba4d4ebc36d02f,F161,NewTaipei,121.49675751,25.2334336889,NewTaipei:geo04,1,0.6,0.4,10,2
topology:route_type:B1,NewTaipei:16823,NewTaipei:16823:157950:0:b505a704d6a9e092,F152-0600,NewTaipei,121.52784492,25.280301438,NewTaipei:geo04,1,1,0,10,3
topology:route_type:B1,NewTaipei:16824,NewTaipei:16824:157951:0:ce28fd71049138d6,F152-0620、0745,NewTaipei,121.542372055,25.2821799949,NewTaipei:geo04,1,1,0,10,1
topology:route_type:B1,NewTaipei:16825,NewTaipei:16825:157952:0:bf17e1206dcf0f95,F152-0635,NewTaipei,121.549668916,25.2747802302,NewTaipei:geo04,1,1,0,10,2
topology:route_type:B1,NewTaipei:16826,NewTaipei:16826:157953:0:43afd2859cbdb8d7,F152-0700,NewTaipei,121.531719625,25.2793174765,NewTaipei:geo04,1,1,0,10,3
topology:route_type:B1,NewTaipei:16827,NewTaipei:16827:157954:0:eb3bbee1875b4545,F152-0810,NewTaipei,121.553971786,25.2655633652,NewTaipei:geo04,1,1,0,10,3
topology:route_type:B1,NewTaipei:16828,NewTaipei:16828:157955:0:3203713ff82e9f5e,F152-0845,NewTaipei,121.54027004,25.284544445,NewTaipei:geo04,1,1,0,10,2
topology:route_type:B1,NewTaipei:16829,NewTaipei:16829:157956:0:7078452b11585265,F152-0925,NewTaipei,121.54461881,25.2835127148,NewTaipei:geo04,1,1,0,10,1
topology:route_type:B1,NewTaipei:16830,NewTaipei:16830:157957:0:3bc211666bd6c6af,F152-1545,NewTaipei,121.533366658,25.282455104,NewTaipei:geo04,1,1,0,10,2
topology:route_type:B1,NewTaipei:16831,NewTaipei:16831:157958:0:e4ac4bb3d7062aa7,F152-1655,NewTaipei,121.553663366,25.2628689199,NewTaipei:geo04,1,1,0,10,2
topology:route_type:B1,NewTaipei:16832,NewTaipei:16832:157959:0:32a7314d9faafe83,F152-1720,NewTaipei,121.528834352,25.2808263226,NewTaipei:geo04,1,1,0,10,3
topology:route_type:B1,NewTaipei:16834,NewTaipei:16834:157961:0:e6a24aa1ee8c4e1e,F152-1800,NewTaipei,121.5511106,25.2786592017,NewTaipei:geo04,1,1,0,10,1
topology:route_type:B1,NewTaipei:16835,NewTaipei:16835:157962:0:fe07b1483d9b9151,F201,NewTaipei,121.42946755,25.0271076523,NewTaipei:geo02,0.2,0.1,0.1,10,1
topology:route_type:B1,NewTaipei:16837,NewTaipei:16837:157964:0:40d4aca4e15e59f4,F202,NewTaipei,121.456197582,25.0492952562,NewTaipei:geo02,0.1,0.1,0,10,1
topology:route_type:B1,NewTaipei:16838,NewTaipei:16838:157965:0:bf0bb09ced5823c3,F217,NewTaipei,121.403940008,25.0595232891,NewTaipei:geo02,0.5,0.3,0.2,10,1
topology:route_type:B1,NewTaipei:16839,NewTaipei:16839:157966:0:b8cbd021276b0fcf,F218,NewTaipei,121.437450407,25.0482019774,NewTaipei:geo02,0.2,0.5,-0.3,10,2
topology:route_type:B1,NewTaipei:16840,NewTaipei:16840:157967:0:b2144e2ef95d0cfa,F211,NewTaipei,121.426589561,25.0458051537,NewTaipei:geo02,0.2,0.6,-0.4,10,1
topology:route_type:B1,NewTaipei:16841,NewTaipei:16841:157968:0:42272aa1b65fb109,F212,NewTaipei,121.430552759,25.0624526296,NewTaipei:geo02,0.5,0.6,-0.1,10,1
topology:route_type:B1,NewTaipei:16842,NewTaipei:16842:157969:0:ad6dc2acdc9fc669,F212楓江,NewTaipei,121.432144638,25.0628080011,NewTaipei:geo02,0.5,0.6,-0.1,10,1
topology:route_type:B1,NewTaipei:16843,NewTaipei:16843:157970:0:4fd271fe8733bfa1,F213,NewTaipei,121.412034005,25.0609866432,NewTaipei:geo02,0.4,0.4,0,10,1
topology:route_type:B1,NewTaipei:16844,NewTaipei:16844:157971:0:899b26b3bff32e56,F213黎明,NewTaipei,121.41250959,25.061063843,NewTaipei:geo02,0.4,0.4,0,10,1
topology:route_type:B1,NewTaipei:16845,NewTaipei:16845:157972:0:7f5b80fe17652518,578,NewTaipei,121.464963297,25.0573091476,NewTaipei:geo02,0.5,0.9,-0.4,10,1
topology:route_type:B1,NewTaipei:16847,NewTaipei:16847:157974:0:1b12b26b395a06ec,579,NewTaipei,121.460455575,25.0557538238,NewTaipei:geo02,0.5,0.8,-0.3,10,1
topology:route_type:B1,NewTaipei:16849,NewTaipei:16849:157976:0:e8ee3a3bf2504e79,580,NewTaipei,121.447197138,25.0999274441,NewTaipei:geo02,0.8,0.8,0,10,1
topology:route_type:B1,NewTaipei:16851,NewTaipei:16851:157978:1:634b558eec492a94,581,NewTaipei,121.443200114,25.0904816828,NewTaipei:geo02,0.7,0.7,0,10,1
topology:route_type:B1,NewTaipei:16855,NewTaipei:16855:157982:0:7a493045e71d8106,582,NewTaipei,121.469690967,25.0608654501,NewTaipei:geo02,0.8,1,-0.2,10,1
topology:route_type:B1,NewTaipei:16861,NewTaipei:16861:157988:0:efdbbb4db740ada8,F233,NewTaipei,121.393995713,25.0771892801,NewTaipei:geo02,0.4,0.5,-0.1,10,1
topology:route_type:B1,NewTaipei:16863,NewTaipei:16863:158986:1:107974d88e2650c6,F235,NewTaipei,121.373492141,25.1080328043,NewTaipei:geo02,0.3,0.9,-0.6,10,1
topology:route_type:B1,NewTaipei:16865,NewTaipei:16865:157992:0:7062e3f57bf813fd,F236,NewTaipei,121.348735611,25.1087908086,NewTaipei:geo02,0.6,0.7,-0.1,10,1
topology:route_type:B1,NewTaipei:16867,NewTaipei:16867:157994:0:4fd06778a5489f3c,F237,NewTaipei,121.338336869,25.0942317753,NewTaipei:geo02,0.4,0.6,-0.2,10,1
topology:route_type:B1,NewTaipei:16869,NewTaipei:16869:157996:0:2c5d4ed03eab2799,F238,NewTaipei,121.347213004,25.0879776344,NewTaipei:geo02,0.5,0.8,-0.3,10,1
topology:route_type:B1,NewTaipei:16871,NewTaipei:16871:157998:0:6c251dbd9c77e552,F239,NewTaipei,121.351814934,25.0955451174,NewTaipei:geo02,0.5,0.8,-0.3,10,1
topology:route_type:B1,NewTaipei:16873,NewTaipei:16873:158000:0:ff5c6a48eeafc5c9,F250,NewTaipei,121.380475694,25.0913476922,NewTaipei:geo02,0.4,0.7,-0.3,10,1
topology:route_type:B1,NewTaipei:16876,NewTaipei:16876:158003:0:d8fa702ace0a7047,F302,NewTaipei,121.495029626,25.0725279874,NewTaipei:geo02,0,0,0,10,1
topology:route_type:B1,NewTaipei:16877,NewTaipei:16877:158004:0:da3aa3ef79abfb53,F303,NewTaipei,121.485747165,25.0737116492,NewTaipei:geo02,0.1,0.1,0,10,2
topology:route_type:B1,NewTaipei:16878,NewTaipei:16878:158993:0:3d30c9b0c4747cdd,F312,NewTaipei,121.470819742,25.089658742,NewTaipei:geo02,0.2,0.2,0,10,1
topology:route_type:B1,NewTaipei:16887,NewTaipei:16887:158014:0:66a1a0b835ca33f2,F317,NewTaipei,121.510776454,25.1004255431,NewTaipei:geo02,0.4,0,0.4,10,1
topology:route_type:B1,NewTaipei:16890,NewTaipei:16890:158017:0:718334cc931a34fb,F512,NewTaipei,121.478769325,24.9997911726,NewTaipei:geo03,0.1,0.1,0,10,1
topology:route_type:B1,NewTaipei:16891,NewTaipei:16891:158018:0:53552622beeb8d45,F513,NewTaipei,121.503875617,24.9944018971,NewTaipei:geo03,0.1,0.1,0,10,1
topology:route_type:B1,NewTaipei:16892,NewTaipei:16892:158019:0:a30a628020c01841,F521,NewTaipei,121.508056369,25.012144086,NewTaipei:geo03,0.4,0.2,0.2,10,2
topology:route_type:B1,NewTaipei:16893,NewTaipei:16893:158020:0:55a5714382e95b39,F522,NewTaipei,121.523267837,25.0075720802,NewTaipei:geo03,0.2,0.2,0,10,2
topology:route_type:B1,NewTaipei:16894,NewTaipei:16894:158021:0:0f240f0ef52cb8ed,F523,NewTaipei,121.506652821,25.0062990593,NewTaipei:geo03,0.3,0.3,0,10,1
topology:route_type:B1,NewTaipei:16895,NewTaipei:16895:158022:0:34c66b6416d7e1ab,F525,NewTaipei,121.518990641,25.0000120897,NewTaipei:geo03,0.3,0.2,0.1,10,1
topology:route_type:B1,NewTaipei:16896,NewTaipei:16896:158023:0:b7f2663532a12208,F526,NewTaipei,121.52056593,25.0018232505,NewTaipei:geo03,0.3,0.2,0.1,10,1
topology:route_type:B1,NewTaipei:16897,NewTaipei:16897:158024:0:f257f012e606908a,570,NewTaipei,121.454505947,24.968398934,NewTaipei:geo00,0.6,0.7,-0.1,10,1
topology:route_type:B1,NewTaipei:16898,NewTaipei:16898:158025:0:719323739f0f0e1d,571,NewTaipei,121.429205253,24.9536993421,NewTaipei:geo00,0.5,0.4,0.1,10,1
topology:route_type:B1,NewTaipei:16899,NewTaipei:16899:158026:0:6aaca3c066ba9bf6,572,NewTaipei,121.452643608,24.9753422831,NewTaipei:geo00,0.5,0.6,-0.1,10,1
topology:route_type:B1,NewTaipei:16900,NewTaipei:16900:158027:0:75bdb578e34981ab,573,NewTaipei,121.446007064,24.9765741505,NewTaipei:geo00,0.6,0.5,0.1,10,1
topology:route_type:B1,NewTaipei:16901,NewTaipei:16901:158028:0:3915abd476786d38,574,NewTaipei,121.444719283,24.9755170155,NewTaipei:geo00,0.7,0.6,0.1,10,1
topology:route_type:B1,NewTaipei:16902,NewTaipei:16902:158029:0:fd6c9a4073ed6ef5,575,NewTaipei,121.443900989,24.9586632177,NewTaipei:geo00,0.54851104707,0.7,-0.15148895293,10,1041
topology:route_type:B1,NewTaipei:16903,NewTaipei:16903:158030:0:2401588f436c752a,F611,NewTaipei,121.387325922,25.0033439274,NewTaipei:geo00,0,0.4,-0.4,10,1
topology:route_type:B1,NewTaipei:16906,NewTaipei:16906:158033:0:f304686e5cffb99d,F623,NewTaipei,121.358164819,24.9228926482,NewTaipei:geo00,0.4,0.5,-0.1,10,1
topology:route_type:B1,NewTaipei:16907,NewTaipei:16907:158034:0:bd74a30718e6ffa2,F625,NewTaipei,121.3631729,24.9181107762,NewTaipei:geo00,0.44019138756,0.6,-0.15980861244,10,1045
topology:route_type:B1,NewTaipei:16908,NewTaipei:16908:158035:0:be26383ef7f0626f,F626,NewTaipei,121.406192332,24.9245718578,NewTaipei:geo00,0.4,0.5,-0.1,10,1
topology:route_type:B1,NewTaipei:16909,NewTaipei:16909:158036:0:2de4eb60157503cd,F627,NewTaipei,121.369464219,24.8925511244,NewTaipei:geo00,0.4,0.6,-0.2,10,1
topology:route_type:B1,NewTaipei:16910,NewTaipei:16910:158037:0:82e0024f362ec085,F628,NewTaipei,121.373512086,24.9089440769,NewTaipei:geo00,0.3,0.6,-0.3,10,1
topology:route_type:B1,NewTaipei:16912,NewTaipei:16912:158039:0:640f2ab940b7225d,F629,NewTaipei,121.424616874,24.9271638022,NewTaipei:geo00,0.4,0.4,0,10,1
topology:route_type:B1,NewTaipei:16914,NewTaipei:16914:158041:0:d1d0c7ec704a3750,F630,NewTaipei,121.356247878,24.9908768428,NewTaipei:geo00,0.3,0.9,-0.6,10,1
topology:route_type:B1,NewTaipei:16919,NewTaipei:16919:158046:0:4f0e7b07603248c8,F651,NewTaipei,121.34895003,24.9481014468,NewTaipei:geo00,0.6,0.7,-0.1,10,1
topology:route_type:B1,NewTaipei:16920,NewTaipei:16920:159000:0:e8ed25499774f250,F652,NewTaipei,121.355924215,24.9463817047,NewTaipei:geo00,0.9,0.7,0.2,10,1
topology:route_type:B1,NewTaipei:16922,NewTaipei:16922:158049:0:7a9cf8e08edc84e8,F653A,NewTaipei,121.343126485,24.9673750817,NewTaipei:geo00,0.7,0.7,0,10,1
topology:route_type:B1,NewTaipei:16923,NewTaipei:16923:158050:0:3964d78195e2efc7,F653B,NewTaipei,121.343326331,24.9672447658,NewTaipei:geo00,0.7,0.7,0,10,1
topology:route_type:B1,NewTaipei:16924,NewTaipei:16924:158051:0:06a1b902852ba334,F655,NewTaipei,121.353864087,25.0056729594,NewTaipei:geo00,0.9,0.9,0,10,1
topology:route_type:B1,NewTaipei:16926,NewTaipei:16926:158053:0:257893e7019bee0f,F656,NewTaipei,121.338439243,24.9606026087,NewTaipei:geo00,0.7,0.7,0,10,1
topology:route_type:B1,NewTaipei:16929,NewTaipei:16929:158056:0:ceff046b35873601,F703前三班,NewTaipei,121.488781869,24.9493537167,NewTaipei:geo03,0.424427480916,0.7,-0.275572519084,10,1048
topology:route_type:B1,NewTaipei:16930,NewTaipei:16930:159897:0:2f42933f6e9c75bb,592,NewTaipei,121.548524128,24.974132451,NewTaipei:geo03,0.45,0,0.45,10,2
topology:route_type:B1,NewTaipei:16937,NewTaipei:16937:158064:0:d036e3ad0fa9e44b,F711,NewTaipei,121.628380049,25.0099559641,NewTaipei:geo06,0.2,0.3,-0.1,10,1
topology:route_type:B1,NewTaipei:16939,NewTaipei:16939:158066:0:5d90eb53115ea6a5,F713,NewTaipei,121.609268355,25.0057481969,NewTaipei:geo06,0.256429942418,0.3,-0.0435700575816,10,1042
topology:route_type:B1,NewTaipei:16940,NewTaipei:16940:158067:0:74d2c0156a52aa36,F712,NewTaipei,121.613851151,24.9906532697,NewTaipei:geo06,0.3,0.4,-0.1,10,2
topology:route_type:B1,NewTaipei:16941,NewTaipei:16941:160557:0:2107e6c5f45c5ff1,F721,NewTaipei,121.726736586,24.9524498924,NewTaipei:geo06,0.683413231064,0.6,0.0834132310643,10,1043
topology:route_type:B1,NewTaipei:16942,NewTaipei:16942:158069:0:df0179f77e46f0d5,F722,NewTaipei,121.685034986,24.9175886371,NewTaipei:geo06,0.6556621881,0.6,0.0556621880998,10,1042
topology:route_type:B1,NewTaipei:16943,NewTaipei:16943:158070:0:e2690bfa3b6f22b1,F723,NewTaipei,121.686520328,24.9138564825,NewTaipei:geo06,0.683413231064,0.7,-0.0165867689357,10,1043
topology:route_type:B1,NewTaipei:16944,NewTaipei:16944:158071:0:17e3199d5d3cf027,F801,NewTaipei,121.777554458,25.1041858574,NewTaipei:geo07,0.6,0.3,0.3,10,1
topology:route_type:B1,NewTaipei:16946,NewTaipei:16946:158073:0:ffbb32ac0f9d417f,F802,NewTaipei,121.844365485,25.1108685565,NewTaipei:geo07,0.2,0.4,-0.2,10,1
topology:route_type:B1,NewTaipei:16948,NewTaipei:16948:158075:0:b0a9e1d8de876a4e,F803,NewTaipei,121.782900354,25.1025111722,NewTaipei:geo07,0.6,0.3,0.3,10,1
topology:route_type:B1,NewTaipei:16950,NewTaipei:16950:158077:0:3f8838602ae55485,F805,NewTaipei,121.851587499,25.1214851348,NewTaipei:geo07,0.4,0.4,0,10,1
topology:route_type:B1,NewTaipei:16952,NewTaipei:16952:158079:0:c2e85696371e2644,F806,NewTaipei,121.817359708,25.1220266094,NewTaipei:geo07,0.5,0.2,0.3,10,2
topology:route_type:B1,NewTaipei:16954,NewTaipei:16954:158081:0:e3331e881f81e4ec,F807上午線,NewTaipei,121.810299096,25.1065210823,NewTaipei:geo07,0.7,0.3,0.4,10,1
topology:route_type:B1,NewTaipei:16955,NewTaipei:16955:158082:0:b29733f3bd1f1809,F807下午線,NewTaipei,121.81368424,25.106081182,NewTaipei:geo07,0.7,0.3,0.4,10,1
topology:route_type:B1,NewTaipei:16956,NewTaipei:16956:158083:0:1b1ca9a0b78648aa,F808,NewTaipei,121.822224497,25.0944381512,NewTaipei:geo07,0.8,0.4,0.4,10,1
topology:route_type:B1,NewTaipei:16958,NewTaipei:16958:158085:0:a2f3e948c42399ff,F811,NewTaipei,121.888039927,25.0420085774,NewTaipei:geo07,0.8,0.9,-0.1,10,1
topology:route_type:B1,NewTaipei:16960,NewTaipei:16960:158087:0:1e019c8b5bd41f70,F815,NewTaipei,121.836198795,24.9784966686,NewTaipei:geo07,0.7,0.7,0,10,1
topology:route_type:B1,NewTaipei:16962,NewTaipei:16962:158089:0:a3d4615d3e98c8e2,F821,NewTaipei,121.767352862,25.0380174705,NewTaipei:geo07,0.456046065259,0.6,-0.143953934741,10,1042
topology:route_type:B1,NewTaipei:16963,NewTaipei:16963:158090:0:90f0a3145f68b501,F822,NewTaipei,121.74869367,25.0192466892,NewTaipei:geo06,0.384276126558,0.7,-0.315723873442,10,1043
topology:route_type:B1,NewTaipei:16964,NewTaipei:16964:158091:0:76d8753b9eba055f,F823,NewTaipei,121.825313358,25.0261560638,NewTaipei:geo07,0.5,0.7,-0.2,10,1
topology:route_type:B1,NewTaipei:16969,NewTaipei:16969:158096:0:a475715dbf14ed9f,F835,NewTaipei,121.921959536,25.026937417,NewTaipei:geo07,1,0.9,0.1,10,1
topology:route_type:B1,NewTaipei:16970,NewTaipei:16970:158097:0:fc14064eaaaa9d0b,F836,NewTaipei,121.961386681,25.0182175576,NewTaipei:geo07,0.6,0.9,-0.3,10,1
topology:route_type:B1,NewTaipei:16971,NewTaipei:16971:158098:0:769c1ea3d8038698,F837,NewTaipei,121.920372665,25.0639431625,NewTaipei:geo07,0.5,0.9,-0.4,10,1
topology:route_type:B1,NewTaipei:16972,NewTaipei:16972:159231:0:c05ea797be35c58e,貢寮區學生專車,NewTaipei,121.919694927,25.0669054557,NewTaipei:geo07,0.5,0.9,-0.4,10,1
topology:route_type:B1,NewTaipei:16973,NewTaipei:16973:158100:0:f759e30287e2f9b5,F838,NewTaipei,121.917536121,25.0433848481,NewTaipei:geo07,0.7,0.9,-0.2,10,1
topology:route_type:B1,NewTaipei:16974,NewTaipei:16974:158101:0:c253a9c4f3544d98,F839,NewTaipei,121.91396925,25.0642863547,NewTaipei:geo07,0.55,0.9,-0.35,10,2
topology:route_type:B1,NewTaipei:16975,NewTaipei:16975:159272:1:d3d14c3275493559,F922烏塗炭,NewTaipei,121.650562079,25.1628373039,NewTaipei:geo05,0.6,0.5,0.1,10,1
topology:route_type:B1,NewTaipei:16976,NewTaipei:16976:158103:0:b60786f1c7b6a732,F922內崁,NewTaipei,121.645142739,25.1605733791,NewTaipei:geo05,0.6,0.5,0.1,10,1
topology:route_type:B1,NewTaipei:16977,NewTaipei:16977:158104:0:0ff44ccbf0f81c2b,F933-0620學生專車,NewTaipei,121.612717997,25.218217649,NewTaipei:geo05,1,1,0,10,1
topology:route_type:B1,NewTaipei:16978,NewTaipei:16978:158105:0:46245ae5f9b2d920,F933-0800,NewTaipei,121.627117838,25.2167014591,NewTaipei:geo05,1,1,0,10,3
topology:route_type:B1,NewTaipei:16979,NewTaipei:16979:158106:0:ed2b276e43243e85,F933-0710,NewTaipei,121.640748871,25.2237512558,NewTaipei:geo05,1,1,0,10,2
topology:route_type:B1,NewTaipei:16980,NewTaipei:16980:158107:0:8bb43b3d9b334df2,F931-0600,NewTaipei,121.612398759,25.2308717515,NewTaipei:geo05,1,1,0,10,2
topology:route_type:B1,NewTaipei:16981,NewTaipei:16981:158108:0:6287c8483134470e,F931-0700,NewTaipei,121.614204325,25.2274490164,NewTaipei:geo05,1,1,0,10,1
topology:route_type:B1,NewTaipei:16982,NewTaipei:16982:158109:0:109b7de8ebe80a68,F931-0800,NewTaipei,121.616659727,25.2218087533,NewTaipei:geo05,1,1,0,10,1
topology:route_type:B1,NewTaipei:16983,NewTaipei:16983:158110:0:a47bccf3e89ed851,F931-0910,NewTaipei,121.628627326,25.2439564552,NewTaipei:geo05,1,1,0,10,3
topology:route_type:B1,NewTaipei:16984,NewTaipei:16984:158111:0:00c0125b089fa6b2,F931-1030,NewTaipei,121.612001489,25.2284806913,NewTaipei:geo05,1,1,0,10,1
topology:route_type:B1,NewTaipei:16985,NewTaipei:16985:158112:0:c7a1b1bed48106e2,F931-1255,NewTaipei,121.611587608,25.2299278531,NewTaipei:geo05,1,1,0,10,1
topology:route_type:B1,NewTaipei:16986,NewTaipei:16986:158113:0:a58d0d0c64e49408,F931-1630,NewTaipei,121.610922521,25.2295587313,NewTaipei:geo05,1,1,0,10,1
topology:route_type:B1,NewTaipei:16987,NewTaipei:16987:158114:0:6ce52d99898811c4,F931-1730,NewTaipei,121.610986552,25.2258327797,NewTaipei:geo05,1,1,0,10,2
topology:route_type:B1,NewTaipei:16988,NewTaipei:16988:158115:0:cad58b89b46a6ed9,F901,NewTaipei,121.626872291,25.0415655654,NewTaipei:geo06,0.225954198473,0.1,0.125954198473,10,1048
topology:route_type:B1,NewTaipei:16990,NewTaipei:16990:158117:0:d7d962765083ea09,F902,NewTaipei,121.658306153,25.0605967201,NewTaipei:geo06,0.4,0.6,-0.2,10,1
topology:route_type:B1,NewTaipei:16993,NewTaipei:16993:158120:0:10700f1f7cd45386,F903,NewTaipei,121.658271123,25.0445610983,NewTaipei:geo06,0.8,0.4,0.4,10,1
topology:route_type:B1,NewTaipei:16995,NewTaipei:16995:158122:0:183c97e66a5f54c8,F905,NewTaipei,121.688657178,25.0651187104,NewTaipei:geo06,0.3,0.6,-0.3,10,2
topology:route_type:B1,NewTaipei:16997,NewTaipei:16997:159015:0:1b103e7f3feb4394,586,NewTaipei,121.665695968,25.0732497868,NewTaipei:geo06,0.45,0.4,0.05,10,2
topology:route_type:B1,NewTaipei:16999,NewTaipei:16999:158126:0:dd3b262e344eccb0,F907,NewTaipei,121.662458232,25.0746174279,NewTaipei:geo06,0.4,0.3,0.1,10,2
topology:route_type:B1,NewTaipei:17001,NewTaipei:17001:158128:1:b228eec7aea34a38,587,NewTaipei,121.647765317,25.0859092814,NewTaipei:geo06,0.6,0.5,0.1,10,1
topology:route_type:B1,NewTaipei:17003,NewTaipei:17003:158130:0:f6ab93754447105d,F919八連,NewTaipei,121.631473368,25.0979933404,NewTaipei:geo06,0.6,0.2,0.4,10,1
topology:route_type:B1,NewTaipei:17005,NewTaipei:17005:158132:0:e2a479abb74012f0,F910,NewTaipei,121.625862076,25.108304811,NewTaipei:geo06,0.6,0.1,0.5,10,1
topology:route_type:B1,NewTaipei:17007,NewTaipei:17007:158134:0:10c938caada7ae16,F911,NewTaipei,121.661947386,25.0598792216,NewTaipei:geo06,0.8,0.6,0.2,10,1
topology:route_type:B1,NewTaipei:17009,NewTaipei:17009:158136:0:2b69506f1f31ff77,589,NewTaipei,121.661422836,25.0667461582,NewTaipei:geo06,0.5,0.4,0.1,10,1
topology:route_type:B1,NewTaipei:17013,NewTaipei:17013:158140:0:a88b01c5e64bf47a,F915,NewTaipei,121.645446865,25.0644545747,NewTaipei:geo06,0,0.4,-0.4,10,1
topology:route_type:B1,NewTaipei:17015,NewTaipei:17015:158142:0:950277e9ef250b03,677副,NewTaipei,121.62018952,25.0736802056,NewTaipei:geo06,0.8,0.6,0.2,10,1
topology:route_type:B1,NewTaipei:17016,NewTaipei:17016:158143:0:2d12308191578cb5,590,NewTaipei,121.626403803,25.0691714422,NewTaipei:geo06,0.7,0.6,0.1,10,2
topology:route_type:B1,NewTaipei:17017,NewTaipei:17017:158144:0:25141757b272793c,591,NewTaipei,121.618720782,25.0653678369,NewTaipei:geo06,0.7,0.3,0.4,10,1
topology:route_type:B1,NewTaipei:17292,NewTaipei:17292:158421:0:13623d0f7a12e819,945,NewTaipei,121.437290996,25.0699762698,NewTaipei:geo02,1,0.5,0.5,10,1
topology:route_type:B1,NewTaipei:17293,NewTaipei:17293:158422:0:57f592d41cdefa17,946,NewTaipei,121.446121472,25.0717041041,NewTaipei:geo02,1,0.6,0.4,10,2
topology:route_type:B1,NewTaipei:17294,NewTaipei:17294:158423:0:9f9e65c77e1cc770,946副,NewTaipei,121.449289646,25.0712229105,NewTaipei:geo02,0.6,0.5,0.1,10,1
topology:route_type:B1,NewTaipei:17300,NewTaipei:17300:158429:0:4be629c1cce8e07a,624,NewTaipei,121.50952758,24.99397615,NewTaipei:geo03,0.8,0.7,0.1,10,1
topology:route_type:B1,NewTaipei:17304,NewTaipei:17304:158433:0:c9c01b53c9aaae44,985萬大樹林先導公車,NewTaipei,121.447778895,25.0027873695,NewTaipei:geo00,0.5,0.6,-0.1,10,1
topology:route_type:B1,NewTaipei:17311,NewTaipei:17311:158451:0:33805d9bab3359fb,藍41延和,NewTaipei,121.475522696,24.990366715,NewTaipei:geo03,0.1,0.1,0,10,1
topology:route_type:B1,NewTaipei:17332,NewTaipei:17332:158474:0:e251a907d4a29baf,藍21副,NewTaipei,121.625793775,25.0605267557,NewTaipei:geo06,0.5,0.4,0.1,10,1
topology:route_type:B1,NewTaipei:17360,NewTaipei:17360:158507:0:10c209f0208dafa4,藍1,NewTaipei,121.485089358,25.0708807706,NewTaipei:geo02,0,0,0,10,1
topology:route_type:B1,NewTaipei:17391,NewTaipei:17391:158545:0:6d664904e19d0939,F932-0600,NewTaipei,121.619018025,25.220395034,NewTaipei:geo05,1,1,0,10,3
topology:route_type:B1,NewTaipei:17392,NewTaipei:17392:158546:0:f6ea4ffcb8cd5526,F932-1630,NewTaipei,121.630345061,25.246618507,NewTaipei:geo05,1,1,0,10,2
topology:route_type:B1,NewTaipei:17393,NewTaipei:17393:158547:0:bb13e7c5a3164177,F932-0820,NewTaipei,121.613909273,25.228163384,NewTaipei:geo05,1,1,0,10,1
topology:route_type:B1,NewTaipei:17394,NewTaipei:17394:158548:0:7dd65fe9511831c7,F932-0950,NewTaipei,121.615725165,25.2267141226,NewTaipei:geo05,1,1,0,10,1
topology:route_type:B1,NewTaipei:17395,NewTaipei:17395:158549:0:95caf61b2be8a3e3,F932-1110,NewTaipei,121.626190202,25.2404188152,NewTaipei:geo05,1,1,0,10,1
topology:route_type:B1,NewTaipei:17433,NewTaipei:17433:158588:0:2be9ce1ad1a9d25b,F920,NewTaipei,121.706157885,25.0518932073,NewTaipei:geo06,0.7,0.6,0.1,10,1
topology:route_type:B1,NewTaipei:17465,NewTaipei:17465:158621:0:243ff2222a06787b,F932-0630,NewTaipei,121.630252631,25.2471255143,NewTaipei:geo05,1,1,0,10,2
topology:route_type:B1,NewTaipei:17466,NewTaipei:17466:158622:0:0c31f2db121e0858,棕7綠野香坡,NewTaipei,121.537920174,24.9829822326,NewTaipei:geo03,0.2,0.2,0,10,1
topology:route_type:B1,NewTaipei:17479,NewTaipei:17479:158635:0:4791b6d7f3b48fb7,290副萬和,NewTaipei,121.53767515,24.9914095889,NewTaipei:geo03,0.5,0.4,0.1,10,1
topology:route_type:B1,NewTaipei:17482,NewTaipei:17482:158638:0:fef3ca232c133507,666皇帝殿,NewTaipei,121.60525221,24.9981386148,NewTaipei:geo06,1,0.7,0.3,10,1
topology:route_type:B1,NewTaipei:17483,NewTaipei:17483:158639:0:84e1c285e5b04f89,666烏塗窟,NewTaipei,121.605885873,24.9974792743,NewTaipei:geo06,1,0.7,0.3,10,1
topology:route_type:B1,NewTaipei:17500,NewTaipei:17500:158663:0:f4890e1d3a72d885,790漁港,NewTaipei,121.685816601,25.1788161008,NewTaipei:geo05,0.6,0.3,0.3,10,1
topology:route_type:B1,NewTaipei:17501,NewTaipei:17501:158664:0:5707de8c2e4de411,788海科館,NewTaipei,121.797523075,25.1231782636,NewTaipei:geo07,0.9,0.5,0.4,10,1
topology:route_type:B1,NewTaipei:17513,NewTaipei:17513:158679:0:de9cc03e7cbd8d6b,583,NewTaipei,121.452023847,25.1013784588,NewTaipei:geo02,0.8,0.6,0.2,10,2
topology:route_type:B1,NewTaipei:17515,NewTaipei:17515:158683:0:9ddb1089494cc688,778,NewTaipei,121.377750879,24.919548904,NewTaipei:geo00,0.5,0.1,0.4,10,1
topology:route_type:B1,NewTaipei:17516,NewTaipei:17516:158684:0:f6de001f685de448,藍18,NewTaipei,121.467072292,25.0271545396,NewTaipei:geo02,0,0.3,-0.3,10,3
topology:route_type:B1,NewTaipei:17517,NewTaipei:17517:158685:0:428f2c2a8856e970,99,NewTaipei,121.451169404,25.0268788894,NewTaipei:geo02,0.8,0.8,0,10,2
topology:route_type:B1,NewTaipei:17518,NewTaipei:17518:158686:0:38d0a14694f1227b,845,NewTaipei,121.4434211,25.0305058444,NewTaipei:geo02,0.9,0.7,0.2,10,1
topology:route_type:B1,NewTaipei:17519,NewTaipei:17519:158687:0:77c366a5f25d1e57,916,NewTaipei,121.392988492,24.949307608,NewTaipei:geo00,0.8,0.4,0.4,10,1
topology:route_type:B1,NewTaipei:17523,NewTaipei:17523:158691:0:4aa538b1f234a280,806,NewTaipei,121.469372681,25.0415597484,NewTaipei:geo02,0.9,0.8,0.1,10,1
topology:route_type:B1,NewTaipei:17524,NewTaipei:17524:158692:0:2652ea16c1235b68,805,NewTaipei,121.448015445,25.0318353319,NewTaipei:geo02,0.8,0.8,0,10,1
topology:route_type:B1,NewTaipei:17525,NewTaipei:17525:158693:0:18ceac0bf4365c89,823,NewTaipei,121.634067939,25.056020152,NewTaipei:geo06,0.3,0.4,-0.1,10,1
topology:route_type:B1,NewTaipei:17526,NewTaipei:17526:159276:0:0f5f9d8b02bb906e,813,NewTaipei,121.455379454,25.0301398653,NewTaipei:geo02,0.9,0.7,0.2,10,2
topology:route_type:B1,NewTaipei:17527,NewTaipei:17527:158695:0:33a099285d0a55a6,813區,NewTaipei,121.46023159,25.0240642073,NewTaipei:geo02,0.8,0.7,0.1,10,1
topology:route_type:B1,NewTaipei:17528,NewTaipei:17528:158696:0:6f4f6850f3b5d35c,862,NewTaipei,121.592766751,25.2224443351,NewTaipei:geo05,1,0,1,10,1
topology:route_type:B1,NewTaipei:17530,NewTaipei:17530:159900:1:7938113a526a07c5,716(台灣好行-皇冠北海岸線),NewTaipei,121.553023644,25.2457848293,NewTaipei:geo04,0.5,0.1,0.4,10,2
topology:route_type:B1,NewTaipei:17532,NewTaipei:17532:159687:0:fb73d03c50f84294,918,NewTaipei,121.484667673,25.0160262057,NewTaipei:geo03,0.6,1,-0.4,10,2
topology:route_type:B1,NewTaipei:17534,NewTaipei:17534:158702:0:f15f99db774971a1,933,NewTaipei,121.507345555,25.0159544241,NewTaipei:geo03,0.4,0.7,-0.3,10,2
topology:route_type:B1,NewTaipei:17536,NewTaipei:17536:158704:0:0bc278af6296b2a9,927,NewTaipei,121.436740469,25.1131505515,NewTaipei:geo02,0.7,0.9,-0.2,10,1
topology:route_type:B1,NewTaipei:17537,NewTaipei:17537:158705:0:8730d86237e92815,928,NewTaipei,121.432913084,25.1197925355,NewTaipei:geo02,0.7,0.8,-0.1,10,1
topology:route_type:B1,NewTaipei:17545,NewTaipei:17545:158713:0:8220e01eda29e4ee,927經台北港,NewTaipei,121.432780862,25.1163947057,NewTaipei:geo02,0.7,0.9,-0.2,10,1
topology:route_type:B1,NewTaipei:17548,NewTaipei:17548:158717:0:34a215b6bafd738d,951,NewTaipei,121.593591315,25.0151719325,NewTaipei:geo06,0.4,0.4,0,10,2
topology:route_type:B1,NewTaipei:17557,NewTaipei:17557:158727:0:e7ef2024d9080e9d,897,NewTaipei,121.50099021,24.9919996448,NewTaipei:geo03,0.8,0.6,0.2,10,1
topology:route_type:B1,NewTaipei:17559,NewTaipei:17559:158729:0:fdf575851b77e5c7,F212副,NewTaipei,121.436567058,25.0591366568,NewTaipei:geo02,0.2,0.4,-0.2,10,1
topology:route_type:B1,NewTaipei:17565,NewTaipei:17565:158735:0:6371556761f5aba7,F812,NewTaipei,121.832848743,25.030179315,NewTaipei:geo07,0.7,0.7,0,10,1
topology:route_type:B1,NewTaipei:17567,NewTaipei:17567:158737:0:c93a8685846303ac,F813,NewTaipei,121.849291544,25.0731707848,NewTaipei:geo07,0.7,0.5,0.2,10,1
topology:route_type:B1,NewTaipei:17568,NewTaipei:17568:158738:0:5bee3a6d4cccc307,F913,NewTaipei,121.643163261,25.0700971475,NewTaipei:geo06,0.1,0.2,-0.1,10,1
topology:route_type:B1,NewTaipei:17570,NewTaipei:17570:158740:0:8054f2bac7235b4a,947,NewTaipei,121.453961209,25.1124589089,NewTaipei:geo02,0.7,0.8,-0.1,10,1
topology:route_type:B1,NewTaipei:17575,NewTaipei:17575:158745:0:b90bb8cd359ddff5,953,NewTaipei,121.644665191,25.1186712793,NewTaipei:geo06,0.6,0.3,0.3,10,1
topology:route_type:B1,NewTaipei:17576,NewTaipei:17576:158746:0:cd9a5ed27fc4ca4b,952,NewTaipei,121.379882985,25.0497754399,NewTaipei:geo02,0.55,0.7,-0.15,10,2
topology:route_type:B1,NewTaipei:17621,NewTaipei:17621:158793:0:f15950be37be2303,853跳蛙,NewTaipei,121.461319891,25.2171127499,NewTaipei:geo01,0.6,0.6,0,10,1
topology:route_type:B1,NewTaipei:17623,NewTaipei:17623:158798:0:c00279a2ca9059e6,F723下石嘈,NewTaipei,121.708471974,24.920047475,NewTaipei:geo06,0.683413231064,0.6,0.0834132310643,10,1043
topology:route_type:B1,NewTaipei:17624,NewTaipei:17624:158799:0:0360c4d10b4b3919,F703,NewTaipei,121.504159947,24.9534842685,NewTaipei:geo03,0.424427480916,0.6,-0.175572519084,10,1048
topology:route_type:B1,NewTaipei:17625,NewTaipei:17625:158801:0:00c75f3a5d23efb6,898,NewTaipei,121.402261289,25.0556841563,NewTaipei:geo02,0.9,0.6,0.3,10,1
topology:route_type:B1,NewTaipei:17631,NewTaipei:17631:158807:0:e8e9ad0d6a1979bc,F301,NewTaipei,121.479445503,25.0580075616,NewTaipei:geo02,0,0.3,-0.3,10,1
topology:route_type:B1,NewTaipei:17663,NewTaipei:17663:158839:0:31ed8483443ed42e,F205,NewTaipei,121.43139214,25.0475745709,NewTaipei:geo02,0.2,0.7,-0.5,10,1
topology:route_type:B1,NewTaipei:17664,NewTaipei:17664:158840:0:6c72c9233bca7b49,F206,NewTaipei,121.414687018,25.0295097169,NewTaipei:geo02,0.4,0.4,0,10,1
topology:route_type:B1,NewTaipei:17665,NewTaipei:17665:158841:0:527903bb5b602e1b,F207,NewTaipei,121.406171504,25.0353614223,NewTaipei:geo02,0.4,0.5,-0.1,10,1
topology:route_type:B1,NewTaipei:17668,NewTaipei:17668:158844:0:9a33b43fe3a4c372,982,NewTaipei,121.48064921,25.0212012015,NewTaipei:geo03,0.8,0.9,-0.1,10,1
topology:route_type:B1,NewTaipei:17671,NewTaipei:17671:158849:0:b1e36960a1c34b28,林口-捷運圓山站,NewTaipei,121.427959377,25.070662407,NewTaipei:geo02,0.4,0.2,0.2,10,2
topology:route_type:B1,NewTaipei:17672,NewTaipei:17672:158850:0:c7265d377259e73b,577,NewTaipei,121.465382228,25.0038267585,NewTaipei:geo03,0.8,0.4,0.4,10,1
topology:route_type:B1,NewTaipei:17679,NewTaipei:17679:158858:0:432e4e5132cf539f,982區,NewTaipei,121.457319736,25.0508939301,NewTaipei:geo02,0.8,0.8,0,10,1
topology:route_type:B1,NewTaipei:17680,NewTaipei:17680:158859:0:f2363858c44c4db6,982直達,NewTaipei,121.487918922,25.0125675282,NewTaipei:geo03,0.4,0.9,-0.5,10,2
topology:route_type:B1,NewTaipei:17682,NewTaipei:17682:158861:1:44f017557a30ecdd,596,NewTaipei,121.440867471,24.9962847832,NewTaipei:geo00,0.8,0.6,0.2,10,1
topology:route_type:B1,NewTaipei:17683,NewTaipei:17683:158862:0:06db35b677373666,585,NewTaipei,121.449201762,25.002797034,NewTaipei:geo00,0.7,0.6,0.1,10,1
topology:route_type:B1,NewTaipei:17687,NewTaipei:17687:158865:0:ae32325f06bbefd8,982直達新埔線,NewTaipei,121.458101404,25.0445104031,NewTaipei:geo02,0.744966442953,0.8,-0.055033557047,10,1043
topology:route_type:B1,NewTaipei:17689,NewTaipei:17689:158867:0:a19ccf0224c365b0,三峽-捷運永寧站,NewTaipei,121.394113515,24.9503167884,NewTaipei:geo00,0.3,0.3,0,10,1
topology:route_type:B1,NewTaipei:17692,NewTaipei:17692:158874:0:e342ebda014ef410,791繞貢寮,NewTaipei,121.853446873,25.0992200091,NewTaipei:geo07,0.6,0.6,0,10,1
topology:route_type:B1,NewTaipei:17693,NewTaipei:17693:158875:0:22ba71cbc8dd8329,F815嶺頭觀目,NewTaipei,121.841480993,24.9878984198,NewTaipei:geo07,0.7,0.7,0,10,1
topology:route_type:B1,NewTaipei:17694,NewTaipei:17694:158876:0:b2c8fe8efe50e006,F139行經101線,NewTaipei,121.488701169,25.2072493998,NewTaipei:geo01,0.55,0.5,0.05,10,2
topology:route_type:B1,NewTaipei:17696,NewTaipei:17696:158879:0:eb2eed50a34f393e,849屈尺社區,NewTaipei,121.541905427,24.9496959806,NewTaipei:geo03,0.6,0.1,0.5,10,1
topology:route_type:B1,NewTaipei:17699,NewTaipei:17699:158882:0:1885063ccaa2afa1,F823區,NewTaipei,121.859862228,25.0257003555,NewTaipei:geo07,0.7,0.7,0,10,1
topology:route_type:B1,NewTaipei:17700,NewTaipei:17700:158883:0:38d77dd08993e448,藍43延南天母,NewTaipei,121.419096028,24.9601969159,NewTaipei:geo00,0.2,0.1,0.1,10,1
topology:route_type:B1,NewTaipei:17706,NewTaipei:17706:158889:0:721b4bdd8be1937b,897區,NewTaipei,121.513934988,24.9774744564,NewTaipei:geo03,0.8,0.5,0.3,10,1
topology:route_type:B1,NewTaipei:17711,NewTaipei:17711:158894:0:f5424ccc2414baf1,三峽-捷運台大醫院站,NewTaipei,121.433230481,24.982331325,NewTaipei:geo00,0.4,0.1,0.3,10,1
topology:route_type:B1,NewTaipei:17714,NewTaipei:17714:158897:0:53080a47acfe150f,F657,NewTaipei,121.348560207,24.9991472485,NewTaipei:geo00,0.7,0.9,-0.2,10,1
topology:route_type:B1,NewTaipei:17717,NewTaipei:17717:158900:0:a558560032960c4a,932繞國家教育研究院,NewTaipei,121.409564959,24.963785278,NewTaipei:geo00,0.6,0.5,0.1,10,1
topology:route_type:B1,NewTaipei:17718,NewTaipei:17718:158901:0:078a76699f0b23be,791經貢寮區衛生,NewTaipei,121.84742755,25.1077501972,NewTaipei:geo07,0.6,0.6,0,10,1
topology:route_type:B1,NewTaipei:17719,NewTaipei:17719:158902:0:7204b4af80012f21,786區,NewTaipei,121.407183385,25.0632097747,NewTaipei:geo02,0.8,0.6,0.2,10,1
topology:route_type:B1,NewTaipei:17720,NewTaipei:17720:158908:0:a1a8bbbbfc4c88f7,939跳蛙,NewTaipei,121.483503828,24.9835462249,NewTaipei:geo03,0.6,0.4,0.2,10,2
topology:route_type:B1,NewTaipei:17733,NewTaipei:17733:159036:0:c1128025af6801d2,F932-0715,NewTaipei,121.630278343,25.2474879403,NewTaipei:geo05,1,1,0,10,2
topology:route_type:B1,NewTaipei:17775,NewTaipei:17775:159119:0:2ea87fc2055285f0,908延,NewTaipei,121.426923028,24.962989611,NewTaipei:geo00,0.6,0.4,0.2,10,1
topology:route_type:B1,NewTaipei:17789,NewTaipei:17789:159134:0:50c89798391f3220,960,NewTaipei,121.448018047,25.0455266836,NewTaipei:geo02,0.7,0.7,0,10,1
topology:route_type:B1,NewTaipei:17790,NewTaipei:17790:159135:0:71f1be375705d87e,958,NewTaipei,121.464748145,25.061759139,NewTaipei:geo02,0.7,1,-0.3,10,1
topology:route_type:B1,NewTaipei:17791,NewTaipei:17791:159136:0:98fc4a7862b1880a,959,NewTaipei,121.4622868,25.0582734365,NewTaipei:geo02,0.3,1,-0.7,10,1
topology:route_type:B1,NewTaipei:17802,NewTaipei:17802:159147:0:6d9795d0c497560a,854,NewTaipei,121.369619743,25.0692134112,NewTaipei:geo02,0.7,0.4,0.3,10,1
topology:route_type:B1,NewTaipei:17806,NewTaipei:17806:159151:0:4c292ec1cde25656,899,NewTaipei,121.444793062,25.0779611336,NewTaipei:geo02,0.8,0.7,0.1,10,1
topology:route_type:B1,NewTaipei:17809,NewTaipei:17809:159154:0:efc554c16e2d8e79,F132經青山,NewTaipei,121.517479303,25.2372383112,NewTaipei:geo04,0.567495219885,0.7,-0.132504780115,10,1046
topology:route_type:B1,NewTaipei:17811,NewTaipei:17811:159157:0:dfb4934ae81a122b,林口-內湖科技園區,NewTaipei,121.463854039,25.0710823064,NewTaipei:geo02,0.5,0.1,0.4,10,1
topology:route_type:B1,NewTaipei:17812,NewTaipei:17812:159158:0:82eb47ae73609fd4,新店-汐止,NewTaipei,121.593336507,25.0135188546,NewTaipei:geo06,0.2,0.1,0.1,10,1
topology:route_type:B1,NewTaipei:17813,NewTaipei:17813:159159:0:32297df4a03adc6d,泰山-內湖,NewTaipei,121.507177753,25.0711528433,NewTaipei:geo02,0.175,0.2,-0.025,10,4
topology:route_type:B1,NewTaipei:17814,NewTaipei:17814:159162:0:8263b782427c8ad9,淡水-內湖科技園區,NewTaipei,121.489621746,25.1260790038,NewTaipei:geo01,0.2,0,0.2,10,1
topology:route_type:B1,NewTaipei:17815,NewTaipei:17815:159163:0:3a88b4c17ce8da6c,淡水-國道1號-南港車站,NewTaipei,121.507063493,25.1118458677,NewTaipei:geo02,0.2,0.1,0.1,10,1
topology:route_type:B1,NewTaipei:17824,NewTaipei:17824:159184:0:1cddea3f69e2dd41,886區,NewTaipei,121.83623154,25.120989318,NewTaipei:geo07,0.8,0.5,0.3,10,1
topology:route_type:B1,NewTaipei:17832,NewTaipei:17832:159205:0:0d325780dfbe2a4f,直潭里線,NewTaipei,121.533906296,24.9463108281,NewTaipei:geo03,0.424427480916,0.3,0.124427480916,10,1048
topology:route_type:B1,NewTaipei:17835,NewTaipei:17835:159209:0:bfe9bc09bb439e9e,林口-板橋,NewTaipei,121.41763074,25.0576182514,NewTaipei:geo02,0.1,0.4,-0.3,10,1
topology:route_type:B1,NewTaipei:17836,NewTaipei:17836:159279:0:5e68ea57a4a74dd3,F933-0635,NewTaipei,121.620646163,25.2242642813,NewTaipei:geo05,1,1,0,10,2
topology:route_type:B1,NewTaipei:17837,NewTaipei:17837:159280:0:909306b2e9773a2e,F933-0920,NewTaipei,121.62715258,25.2167084571,NewTaipei:geo05,1,1,0,10,3
topology:route_type:B1,NewTaipei:17838,NewTaipei:17838:159212:0:8fbb0f95701772f8,894,NewTaipei,121.436645446,25.1857955434,NewTaipei:geo01,0.4,0.4,0,10,1
topology:route_type:B1,NewTaipei:17839,NewTaipei:17839:159281:0:b26b3e56425c21f3,F933-1030,NewTaipei,121.633518656,25.2210127688,NewTaipei:geo05,1,1,0,10,1
topology:route_type:B1,NewTaipei:17840,NewTaipei:17840:159282:0:1fcabbd55ad7279c,F933-1130,NewTaipei,121.642212519,25.2239024203,NewTaipei:geo05,1,1,0,10,2
topology:route_type:B1,NewTaipei:17841,NewTaipei:17841:159283:0:995e38317c7b98d3,F933-1330,NewTaipei,121.634824856,25.2217757013,NewTaipei:geo05,1,1,0,10,1
topology:route_type:B1,NewTaipei:17842,NewTaipei:17842:159284:0:043e542bdd96b2aa,F933-1430,NewTaipei,121.640993392,25.2239053817,NewTaipei:geo05,1,1,0,10,2
topology:route_type:B1,NewTaipei:17843,NewTaipei:17843:159285:0:218ee4473f499bbe,F933-1530,NewTaipei,121.627156193,25.216718608,NewTaipei:geo05,1,1,0,10,1
topology:route_type:B1,NewTaipei:17845,NewTaipei:17845:159218:0:ef1219db1e169af9,953區,NewTaipei,121.647778937,25.1220018383,NewTaipei:geo06,0.6,0.3,0.3,10,1
topology:route_type:B1,NewTaipei:17846,NewTaipei:17846:159224:0:570ae77d0cd874df,鶯歌火車站-中正紀念堂,NewTaipei,121.431412852,24.9833011563,NewTaipei:geo00,0.4,0.2,0.2,10,1
topology:route_type:B1,NewTaipei:17847,NewTaipei:17847:159225:0:3e559cd1f07679c9,鶯歌火車站-松山機場,NewTaipei,121.472094063,24.9861469625,NewTaipei:geo03,0.2,0.3,-0.1,10,2
topology:route_type:B1,NewTaipei:17865,NewTaipei:17865:159263:1:54735fb24ebbe4ab,789區,NewTaipei,121.702565756,25.1536019861,NewTaipei:geo05,0.6,0.3,0.3,10,1
topology:route_type:B1,NewTaipei:17866,NewTaipei:17866:159267:0:838f474df83636d4,林口(文化三路)-捷運圓山站,NewTaipei,121.427910582,25.0718593313,NewTaipei:geo02,0.4,0.2,0.2,10,1
topology:route_type:B1,NewTaipei:17868,NewTaipei:17868:159290:0:fe07f4ac065d4938,638副,NewTaipei,121.431670738,25.0658611709,NewTaipei:geo02,0.8,0.4,0.4,10,1
topology:route_type:B1,NewTaipei:17871,NewTaipei:17871:159300:0:171c6348628c98a4,淡水新市鎮-板橋,NewTaipei,121.456859363,25.1125408894,NewTaipei:geo02,0.2,0,0.2,10,1
topology:route_type:B1,NewTaipei:17873,NewTaipei:17873:159302:0:200e8c74ed2c1e45,新店高中-三峽,NewTaipei,121.434083086,24.9624767048,NewTaipei:geo00,0.4,0.2,0.2,10,1
topology:route_type:B1,NewTaipei:17889,NewTaipei:17889:159341:0:33c1b1eee2bbaa32,824,NewTaipei,121.451932947,25.0044143483,NewTaipei:geo03,0.5,0.7,-0.2,10,1
topology:route_type:B1,NewTaipei:17902,NewTaipei:17902:159358:0:20d9da6a8ca91858,瑞芳-松山車站(北客),NewTaipei,121.689805439,25.0846086927,NewTaipei:geo06,0.2,0.5,-0.3,10,1
topology:route_type:B1,NewTaipei:17903,NewTaipei:17903:159362:0:b1cd4e44a710c2ad,瑞芳-松山車站(基客),NewTaipei,121.693616157,25.0864703704,NewTaipei:geo06,0.5,0.6,-0.1,10,3
topology:route_type:B1,NewTaipei:17904,NewTaipei:17904:159360:0:1c66c01485e3ef0c,瑞芳-內科(北客),NewTaipei,121.677433257,25.0863647168,NewTaipei:geo06,0.5,0.1,0.4,10,1
topology:route_type:B1,NewTaipei:17905,NewTaipei:17905:159364:0:97326239690f15b3,三峽-內科,NewTaipei,121.514086371,24.9933750175,NewTaipei:geo03,0.3,0,0.3,10,1
topology:route_type:B1,NewTaipei:17911,NewTaipei:17911:159373:0:56c7b655bebfb11f,瑞芳-內科(基客),NewTaipei,121.685211735,25.0879085745,NewTaipei:geo06,0.4,0.1,0.3,10,4
topology:route_type:B1,NewTaipei:17914,NewTaipei:17914:159486:1:d1b53c10e51de602,F512副,NewTaipei,121.500444236,24.9907575608,NewTaipei:geo03,0,0.1,-0.1,10,3
topology:route_type:B1,NewTaipei:17915,NewTaipei:17915:159385:0:57e6d61d7777a56d,汐止-台北101,NewTaipei,121.618372169,25.0583847194,NewTaipei:geo06,0,0,0,10,1
topology:route_type:B1,NewTaipei:17916,NewTaipei:17916:159393:0:06b5e43df843dd27,963,NewTaipei,121.445035872,25.102001407,NewTaipei:geo02,0.7,0.9,-0.2,10,1
topology:route_type:B1,NewTaipei:17917,NewTaipei:17917:159387:0:d593b1d8556e66b8,五股-內湖科技園區,NewTaipei,121.507429527,25.075426268,NewTaipei:geo02,0.08,0.2,-0.12,10,5
topology:route_type:B1,NewTaipei:17918,NewTaipei:17918:159389:0:9e7f8b7b8ae1ce02,林口-臺北長庚醫院,NewTaipei,121.446246564,25.0691344521,NewTaipei:geo02,0.4,0.2,0.2,10,2
topology:route_type:B1,NewTaipei:17919,NewTaipei:17919:159391:0:3cdd5ddb768e743f,捷運景安站-三峽臺北大學,NewTaipei,121.434926064,24.9668832334,NewTaipei:geo00,0.3,0.2,0.1,10,3
topology:route_type:B1,NewTaipei:17922,NewTaipei:17922:159399:0:11d1daf1dcafde8d,捷運蘆洲站-內湖科技園區,NewTaipei,121.533900623,25.075130667,NewTaipei:geo02,0.2,0.3,-0.1,10,2
topology:route_type:B1,NewTaipei:17923,NewTaipei:17923:158016:1:ebee1259e791eab1,819副,NewTaipei,121.594012162,24.9961282742,NewTaipei:geo06,1,0.5,0.5,10,1
topology:route_type:B1,NewTaipei:17930,NewTaipei:17930:159418:0:a6c0b07f5174429e,新店北新路-政大一街,NewTaipei,121.563547806,24.9821576601,NewTaipei:geo03,0.2,0.2,0,10,1
topology:route_type:B1,NewTaipei:17931,NewTaipei:17931:159420:0:c51756b32b1243b6,土城金城路-樹林大安路,NewTaipei,121.444607768,24.9917361247,NewTaipei:geo00,0.2,0.4,-0.2,10,1
topology:route_type:B1,NewTaipei:17937,NewTaipei:17937:159432:0:467d70062fae2ea6,965(台灣好行-九份金瓜石線),NewTaipei,121.658843087,25.0750754329,NewTaipei:geo06,0.9,0.5,0.4,10,1
topology:route_type:B1,NewTaipei:17940,NewTaipei:17940:159437:0:1bfece61f595e753,棕7建業路,NewTaipei,121.536315969,24.9819355668,NewTaipei:geo03,0.2,0.2,0,10,1
topology:route_type:B1,NewTaipei:17941,NewTaipei:17941:159440:0:2c13f35c3306dd69,湯泉-大坪林-湯泉,NewTaipei,121.530843341,24.9794289601,NewTaipei:geo03,0.3,0.3,0,10,2
topology:route_type:B1,NewTaipei:17942,NewTaipei:17942:159439:0:48c01d2309cef4bc,939副,NewTaipei,121.466666899,24.9795434621,NewTaipei:geo03,0.6,0.4,0.2,10,1
topology:route_type:B1,NewTaipei:17945,NewTaipei:17945:159443:0:6307a0eb98d82464,712,NewTaipei,121.425571347,25.0029182685,NewTaipei:geo00,0.6,0.6,0,10,1
topology:route_type:B1,NewTaipei:17948,NewTaipei:17948:159446:0:15aa7437368c804d,三峽-捷運府中站,NewTaipei,121.404988648,24.9579957381,NewTaipei:geo00,0.3,0.3,0,10,2
topology:route_type:B1,NewTaipei:17958,NewTaipei:17958:159495:0:94b4b180ce7b0382,藍海2線先導公車,NewTaipei,121.433159683,25.1846820193,NewTaipei:geo01,0,0,0,10,1
topology:route_type:B1,NewTaipei:17961,NewTaipei:17961:159506:0:85e17c73404c88c1,樹林後火車站-海洋公園,NewTaipei,121.399028604,24.9693087435,NewTaipei:geo00,0.2,0.1,0.1,10,2
topology:route_type:B1,NewTaipei:17962,NewTaipei:17962:159510:0:7a703fa7fe6674fb,三峽-臺北市信義區,NewTaipei,121.495197464,24.9765722117,NewTaipei:geo03,0.3,0.1,0.2,10,1
topology:route_type:B1,NewTaipei:17963,NewTaipei:17963:159524:0:a498f41da55138c0,中和-新北板橋公車站,NewTaipei,121.467620308,25.0038087303,NewTaipei:geo03,0.2,0.1,0.1,10,1
topology:route_type:B1,NewTaipei:17968,NewTaipei:17968:159544:0:cf74e3a6fb570234,蘆洲中正路-士林中正路,NewTaipei,121.494204962,25.0869696348,NewTaipei:geo02,0.1,0.1,0,10,2
topology:route_type:B1,NewTaipei:17970,NewTaipei:17970:159547:0:7b5365db92135090,林口-捷運府中站,NewTaipei,121.421171839,25.061064219,NewTaipei:geo02,0.2,0.5,-0.3,10,1
topology:route_type:B1,NewTaipei:17971,NewTaipei:17971:159548:0:7d578c3c3630ff74,837副,NewTaipei,121.458724616,25.1442745661,NewTaipei:geo01,0.9,0.5,0.4,10,1
topology:route_type:B1,NewTaipei:17972,NewTaipei:17972:159549:0:ed7c15a2ffd566b9,837區,NewTaipei,121.458129728,25.1525417297,NewTaipei:geo01,0.9,0.5,0.4,10,1
topology:route_type:B1,NewTaipei:17975,NewTaipei:17975:159558:0:a76097b52b946e33,石門-捷運紅樹林站,NewTaipei,121.48402816,25.2352905503,NewTaipei:geo04,0.1,0.4,-0.3,10,1
topology:route_type:B1,NewTaipei:17977,NewTaipei:17977:159564:0:6ab521dbdf016959,台北小城-大坪林,NewTaipei,121.522318669,24.960801167,NewTaipei:geo03,0.3,0.1,0.2,10,2
topology:route_type:B1,NewTaipei:17990,NewTaipei:17990:159582:0:f50ce547956ae227,F319,NewTaipei,121.464945591,25.0849139649,NewTaipei:geo02,0.1,0.2,-0.1,10,1
topology:route_type:B1,NewTaipei:17991,NewTaipei:17991:159583:0:cfa3688f876f17db,F320,NewTaipei,121.470346491,25.0845635898,NewTaipei:geo02,0.2,0.3,-0.1,10,2
topology:route_type:B1,NewTaipei:17992,NewTaipei:17992:159586:0:7c4a92cfae0d6ddc,三重-內科,NewTaipei,121.521322737,25.0843448062,NewTaipei:geo02,0.5,0.2,0.3,10,1
topology:route_type:B1,NewTaipei:17994,NewTaipei:17994:159589:0:8440477a27866b76,萬里-內湖科技園區,NewTaipei,121.666364267,25.1035354394,NewTaipei:geo06,0.2,0.3,-0.1,10,3
topology:route_type:B1,NewTaipei:17996,NewTaipei:17996:159603:0:cbcb5cf8c132ade8,蘆洲-南港,NewTaipei,121.530063417,25.0741485624,NewTaipei:geo02,0.4,0.3,0.1,10,1
topology:route_type:B1,NewTaipei:18014,NewTaipei:18014:159631:0:b18636e892d7f849,泰山-內湖(直達),NewTaipei,121.50833211,25.0714603264,NewTaipei:geo02,0.2,0.2,0,10,1
topology:route_type:B1,NewTaipei:18017,NewTaipei:18017:159643:0:3a701e18aaad9282,湯泉-崇光中學,NewTaipei,121.531228755,24.9748690932,NewTaipei:geo03,0.4,0.2,0.2,10,1
topology:route_type:B1,NewTaipei:18028,NewTaipei:18028:159649:0:e5ff4af9eec35c59,蘆洲-內湖,NewTaipei,121.536816841,25.0749844182,NewTaipei:geo02,0.3,0.2,0.1,10,1
topology:route_type:B1,NewTaipei:18041,NewTaipei:18041:159674:0:d59aaee02226ad96,576,NewTaipei,121.530374312,24.9721699987,NewTaipei:geo03,0.7,0.1,0.6,10,1
topology:route_type:B1,NewTaipei:18042,NewTaipei:18042:159683:0:cbb866e90572c13c,F724,NewTaipei,121.721605449,24.9392973037,NewTaipei:geo06,0.683413231064,0.6,0.0834132310643,10,1043
topology:route_type:B1,NewTaipei:18052,NewTaipei:18052:159709:0:78e547517cf53c61,F922北基,NewTaipei,121.686041746,25.1770643909,NewTaipei:geo05,0.6,0.6,0,10,1
topology:route_type:B1,NewTaipei:18054,NewTaipei:18054:159712:0:28d3b49950f64279,新店(綠中海)-捷運新店站,NewTaipei,121.510666184,24.9597470862,NewTaipei:geo03,0,0.4,-0.4,10,1
topology:route_type:B1,NewTaipei:18068,NewTaipei:18068:159727:0:211351c8988eb505,F816,NewTaipei,121.810704808,25.0586987189,NewTaipei:geo07,0.7,0.5,0.2,10,1
topology:route_type:B1,NewTaipei:18078,NewTaipei:18078:159728:0:aa8083c39b23f6b3,湯泉-十四張-大坪林,NewTaipei,121.531241115,24.9834466889,NewTaipei:geo03,0.266666666667,0.3,-0.0333333333333,10,3
topology:route_type:B1,NewTaipei:18098,NewTaipei:18098:159757:0:7682f1ed0d09c3d0,788區,NewTaipei,121.775896287,25.1252762545,NewTaipei:geo07,0.4,0.5,-0.1,10,1
topology:route_type:B1,NewTaipei:18108,NewTaipei:18108:159767:1:3e873bb3c42b476c,F825,NewTaipei,121.745848089,25.0649192856,NewTaipei:geo07,0.5,0.7,-0.2,10,1
topology:route_type:B1,NewTaipei:18118,NewTaipei:18118:159877:0:76a9c343581e717e,966,NewTaipei,121.429401253,25.0700420623,NewTaipei:geo02,0.9,0.7,0.2,10,1
topology:route_type:B1,NewTaipei:18119,NewTaipei:18119:159907:0:66bb3c7105530e9c,967,NewTaipei,121.445808322,25.0633060093,NewTaipei:geo02,0.9,0.6,0.3,10,1
topology:route_type:B1,NewTaipei:18128,NewTaipei:18128:159910:0:4a04f05f7fe19a45,967直,NewTaipei,121.455853704,25.0615496729,NewTaipei:geo02,0.8,0.9,-0.1,10,1
topology:route_type:B1,NewTaipei:18148,NewTaipei:18148:159977:0:e46ac079f97cb4e8,582經工業區,NewTaipei,121.468858296,25.0619260144,NewTaipei:geo02,0.95,1,-0.05,10,2
topology:route_type:B1,NewTaipei:18158,NewTaipei:18158:160007:0:7b331862eee2ca23,115平日,NewTaipei,121.420694921,25.1700439003,NewTaipei:geo01,0.7,0.5,0.2,10,2
topology:route_type:B1,NewTaipei:18168,NewTaipei:18168:160017:0:c113d0b77335e707,蘆洲-中正高中,NewTaipei,121.486366827,25.0859030011,NewTaipei:geo02,0.2,0.4,-0.2,10,3
topology:route_type:B1,NewTaipei:18208,NewTaipei:18208:160087:0:8df14044fea7567a,林口-臺北車站(承德),NewTaipei,121.438917526,25.0682261499,NewTaipei:geo02,0.3,0.2,0.1,10,2
topology:route_type:B1,NewTaipei:18209,NewTaipei:18209:160088:0:43f625c58c3cf9eb,林口-捷運忠孝敦化站,NewTaipei,121.457512061,25.0680713539,NewTaipei:geo02,0.166666666667,0.2,-0.0333333333333,10,3
topology:route_type:B1,NewTaipei:18248,NewTaipei:18248:160147:0:a7fc9a435a406160,捷運七張站-全球工業區,NewTaipei,121.547726595,24.9790808278,NewTaipei:geo03,0.3,0.2,0.1,10,1
topology:route_type:B1,NewTaipei:18258,NewTaipei:18258:160167:0:5b12ceedce4510b4,712副,NewTaipei,121.427551108,24.9989944496,NewTaipei:geo00,0.7,0.6,0.1,10,1
topology:route_type:B1,NewTaipei:18268,NewTaipei:18268:160177:0:0bbca36e95184267,橘19副,NewTaipei,121.458708664,25.0900195842,NewTaipei:geo02,0.1,0.2,-0.1,10,1
topology:route_type:B1,NewTaipei:18288,NewTaipei:18288:160197:0:f9c6b2e0d2304dbd,中和自立路-新店,NewTaipei,121.529976669,24.9870421128,NewTaipei:geo03,0.4,0.2,0.2,10,1
topology:route_type:B1,NewTaipei:18318,NewTaipei:18318:160228:0:b3968d699494f011,918區,NewTaipei,121.45033506,25.0437513823,NewTaipei:geo02,0.6,0.8,-0.2,10,1
topology:route_type:B1,NewTaipei:18368,NewTaipei:18368:160288:0:2ce4e2427d781950,中和左岸社區-捷運頂溪站,NewTaipei,121.498805173,25.0097757402,NewTaipei:geo03,0.5,0.3,0.2,10,1
topology:route_type:B1,NewTaipei:18478,NewTaipei:18478:160417:0:c4e2850d70e8da05,中和環河西路-永和仁愛路,NewTaipei,121.506834016,25.0112216241,NewTaipei:geo03,0.44019138756,0.2,0.24019138756,10,1045
topology:route_type:B1,NewTaipei:18518,NewTaipei:18518:160477:0:65a64ed0c3e94dc7,F626-0815,NewTaipei,121.406197024,24.9245712605,NewTaipei:geo00,0.4,0.5,-0.1,10,1
topology:route_type:B1,NewTaipei:18538,NewTaipei:18538:160507:0:4f254e96a6721c7a,捷運頂溪站-捷運頂埔站,NewTaipei,121.46864646,24.9869798293,NewTaipei:geo03,0.1,0.2,-0.1,10,1
topology:route_type:B1,NewTaipei:18558,NewTaipei:18558:160527:0:2d4a5d8b9fab57e8,878區,NewTaipei,121.428699311,25.1445965576,NewTaipei:geo01,0.7,0.3,0.4,10,1
topology:route_type:B1,NewTaipei:18568,NewTaipei:18568:160537:0:2ef8c17212eebedb,林口(文化北路)-捷運圓山站,NewTaipei,121.427101682,25.0697657412,NewTaipei:geo02,0.3,0.3,0,10,1
topology:route_type:B1,NewTaipei:18728,NewTaipei:18728:160787:0:402ba7bc31098adf,937副,NewTaipei,121.442276949,25.0686915273,NewTaipei:geo02,0.6,0.7,-0.1,10,1
topology:route_type:B1,NewTaipei:18729,NewTaipei:18729:160788:0:8bbfcf78dfc4b97e,920副,NewTaipei,121.427606043,25.0524851039,NewTaipei:geo02,0.8,0.2,0.6,10,1
topology:route_type:B1,NewTaipei:18730,NewTaipei:18730:160789:0:ce83b8049b5ab724,966副,NewTaipei,121.44827895,25.0686328687,NewTaipei:geo02,0.8,0.6,0.2,10,1
topology:route_type:B1,NewTaipei:18731,NewTaipei:18731:160793:0:96b5d1e3912f7b08,967副,NewTaipei,121.468292797,25.0663813529,NewTaipei:geo02,0.7,0.8,-0.1,10,3
topology:route_type:B1,NewTaipei:18738,NewTaipei:18738:160797:0:54c18b4a66dd963d,760,NewTaipei,121.361709789,25.0738910966,NewTaipei:geo02,0.7,0.2,0.5,10,1
topology:route_type:B1,NewTaipei:18758,NewTaipei:18758:160837:0:317f69520332f63d,936A,NewTaipei,121.426046913,25.0710083034,NewTaipei:geo02,0.8,0.7,0.1,10,1
topology:route_type:B1,NewTaipei:18760,NewTaipei:18760:160839:0:56dd2439f8bf8df4,966A,NewTaipei,121.431564742,25.0707547142,NewTaipei:geo02,0.8,0.6,0.2,10,1
topology:route_type:B1,NewTaipei:18762,NewTaipei:18762:160841:0:06fd8a4f89cbf2f5,937A,NewTaipei,121.426102042,25.0714671215,NewTaipei:geo02,0.7,0.7,0,10,1
topology:route_type:B1,NewTaipei:18764,NewTaipei:18764:160843:0:f16a8df5de6c2176,920A,NewTaipei,121.413772607,25.0591256665,NewTaipei:geo02,0.7,0.5,0.2,10,1
topology:route_type:B1,NewTaipei:18778,NewTaipei:18778:160870:1:485834d8a7d10ccc,土城-南天母廣場,NewTaipei,121.443526508,24.9599673475,NewTaipei:geo00,0.0284341978866,0.2,-0.171565802113,10,1041
topology:route_type:B1,NewTaipei:18779,NewTaipei:18779:160857:0:6848c9c37c55637a,瑞芳-南港,NewTaipei,121.724936615,25.0984466298,NewTaipei:geo06,0.3,0.6,-0.3,10,1
topology:route_type:B1,NewTaipei:18798,NewTaipei:18798:160907:0:30c66a424d96f96a,捷運中和站-政大附中,NewTaipei,121.543242237,24.9905662507,NewTaipei:geo03,0.3,0,0.3,10,1
topology:route_type:B1,NewTaipei:18808,NewTaipei:18808:160917:0:afdfeb598e669dba,吉林線,NewTaipei,121.898278618,24.9982468999,NewTaipei:geo07,0.927569644572,0.9,0.0275696445725,10,1041
topology:route_type:B1,NewTaipei:18809,NewTaipei:18809:160919:0:dbffbef3472a6432,龍崗線,NewTaipei,121.898297237,24.9983622352,NewTaipei:geo07,0.827665706052,0.9,-0.0723342939482,10,1041
topology:route_type:B1,NewTaipei:18888,NewTaipei:18888:161047:0:9b140653343306dd,政大附中-捷運景美站,NewTaipei,121.558203951,24.9828460312,NewTaipei:geo03,0.2,0.3,-0.1,10,2
topology:route_type:B1,NewTaipei:19048,NewTaipei:19048:161347:0:ae3e91599658f915,597,NewTaipei,121.463909959,25.0669654355,NewTaipei:geo02,0.8,0.7,0.1,10,1
topology:route_type:B1,NewTaipei:19068,NewTaipei:19068:161367:0:ade6086b5b682f87,紅53,NewTaipei,121.435479865,25.1844662046,NewTaipei:geo01,0.5,0.4,0.1,10,1
topology:route_type:B1,NewTaipei:19078,NewTaipei:19078:161377:0:eaff60bdc51d9703,瑞芳(經東碇路)-松山車站,NewTaipei,121.699016797,25.0839665699,NewTaipei:geo06,0.3,0.7,-0.4,10,2
topology:route_type:B1,NewTaipei:19088,NewTaipei:19088:161387:0:c6f08a75b0d6d69f,紅37行經海洋都心社區,NewTaipei,121.438576478,25.1867025067,NewTaipei:geo01,0.3,0.4,-0.1,10,1
topology:route_type:B1,NewTaipei:19148,NewTaipei:19148:161467:0:b5849a41a98d37f4,捷運新店站-坪林,NewTaipei,121.628109653,24.9871637288,NewTaipei:geo06,0.5,0.4,0.1,10,2
topology:route_type:B1,NewTaipei:19188,NewTaipei:19188:162504:0:b9fff4fc87ef06a6,安坑1線,NewTaipei,121.502777128,24.9459792081,NewTaipei:geo03,0.412260536398,0.7,-0.287739463602,10,1044
topology:route_type:B1,NewTaipei:19189,NewTaipei:19189:161538:0:cb1ce00dd8ccbbb4,安坑3線,NewTaipei,121.489957068,24.9570445005,NewTaipei:geo03,0.2,0.7,-0.5,10,1
topology:route_type:B1,NewTaipei:19190,NewTaipei:19190:162481:1:48b893cceceea57e,安坑5線,NewTaipei,121.470424788,24.939998715,NewTaipei:geo03,0,0.6,-0.6,10,1
topology:route_type:B1,NewTaipei:19198,NewTaipei:19198:161540:0:4e235369733ae8fc,安坑2線,NewTaipei,121.49947049,24.951707986,NewTaipei:geo03,0.3,0.6,-0.3,10,2
topology:route_type:B1,NewTaipei:19208,NewTaipei:19208:161547:0:52d3f0f213637571,791區,NewTaipei,121.776025159,25.1313196059,NewTaipei:geo07,0.7,0.5,0.2,10,1
topology:route_type:B1,NewTaipei:19228,NewTaipei:19228:161587:0:89b93829204e9431,731,NewTaipei,121.350117139,24.9508540894,NewTaipei:geo00,0.4,0.2,0.2,10,1
topology:route_type:B1,NewTaipei:19238,NewTaipei:19238:161597:0:56b58881f33cc216,北大社區-捷運頂埔站,NewTaipei,121.39324765,24.9451342348,NewTaipei:geo00,0.32,0.3,0.02,10,5
topology:route_type:B1,NewTaipei:19258,NewTaipei:19258:161627:0:12a5669721867875,F151-0655、1040,NewTaipei,121.554672334,25.2837127739,NewTaipei:geo04,1,1,0,10,2
topology:route_type:B1,NewTaipei:19259,NewTaipei:19259:161628:0:035373de4e391fb6,F151-1730,NewTaipei,121.577886577,25.2723147716,NewTaipei:geo04,1,1,0,10,3
topology:route_type:B1,NewTaipei:19269,NewTaipei:19269:161638:0:ea1efde9dd313de4,F152-0950,NewTaipei,121.554189057,25.2649973125,NewTaipei:geo04,1,1,0,10,3
topology:route_type:B1,NewTaipei:19270,NewTaipei:19270:161639:0:16489efe8e5230c0,F152-1630,NewTaipei,121.546960198,25.2828063615,NewTaipei:geo04,1,1,0,10,2
topology:route_type:B1,NewTaipei:19271,NewTaipei:19271:161640:0:0facb8f831ff04e6,F152-1740,NewTaipei,121.543389607,25.2800448074,NewTaipei:geo04,1,1,0,10,2
topology:route_type:B1,NewTaipei:19308,NewTaipei:19308:161677:0:e2387db29889e72a,安坑6線,NewTaipei,121.487475627,24.948012177,NewTaipei:geo03,0.3,0.7,-0.4,10,2
topology:route_type:B1,NewTaipei:19348,NewTaipei:19348:161787:0:b1df3bc3d8ee6ab4,福連線,NewTaipei,121.955254013,25.0128726567,NewTaipei:geo07,0.9,0.9,0,10,1
topology:route_type:B1,NewTaipei:19538,NewTaipei:19538:162057:0:9c340fb0ec3ffddc,捷運忠孝復興站-三峽,NewTaipei,121.475164104,24.9792654474,NewTaipei:geo03,0.433333333333,0.2,0.233333333333,10,3
topology:route_type:B1,NewTaipei:19598,NewTaipei:19598:162227:0:717305c93c131e9b,F723上石嘈,NewTaipei,121.729549564,24.9011505396,NewTaipei:geo06,0.683413231064,0.6,0.0834132310643,10,1043
topology:route_type:B1,NewTaipei:19628,NewTaipei:19628:162197:0:0e3d8d133e2bdcd6,新九號停車場-九份老街,NewTaipei,121.840702745,25.1101381643,NewTaipei:geo07,0.3,0.3,0,10,1
topology:route_type:B1,NewTaipei:19629,NewTaipei:19629:162198:0:ad11fdf0011f6d12,新九號停車場-水湳洞停車場,NewTaipei,121.851260062,25.1119037238,NewTaipei:geo07,0.3,0.4,-0.1,10,2
topology:route_type:B1,NewTaipei:19640,NewTaipei:19640:162217:0:c9600fad4d39c230,幸福巴士F652延伸線,NewTaipei,121.346904745,24.9601218796,NewTaipei:geo00,0.7,0.7,0,10,1
topology:route_type:B1,NewTaipei:19658,NewTaipei:19658:162257:0:a59e24676711e900,F126經里中,NewTaipei,121.390877209,25.1001118619,NewTaipei:geo02,0.633333333333,0.7,-0.0666666666667,10,3
topology:route_type:B1,NewTaipei:19659,NewTaipei:19659:162260:0:1383125bd3eb4adc,F909伯爵,NewTaipei,121.648472446,25.0755083004,NewTaipei:geo06,0.6,0.3,0.3,10,1
topology:route_type:B1,NewTaipei:19713,NewTaipei:19713:162390:1:51110580d39c7459,塗潭平日線,NewTaipei,121.524209082,24.93676501,NewTaipei:geo03,0.2,0.6,-0.4,10,2
topology:route_type:B1,NewTaipei:19714,NewTaipei:19714:162392:0:dcd4b1f2985187ce,塗潭假日線,NewTaipei,121.519257025,24.9284730921,NewTaipei:geo03,0.424427480916,0.6,-0.175572519084,10,1048
topology:route_type:B1,NewTaipei:19729,NewTaipei:19729:162420:0:226afade0d6a8078,石碇高中-捷運忠孝復興站,NewTaipei,121.58435394,25.0107590489,NewTaipei:geo06,0,0.1,-0.1,10,1
topology:route_type:B1,NewTaipei:19733,NewTaipei:19733:162430:0:9408fb471cf19d05,三峽-中和高中,NewTaipei,121.416935411,24.95739456,NewTaipei:geo00,0.15,0.1,0.05,10,2
topology:route_type:B1,NewTaipei:19741,NewTaipei:19741:162446:0:da3b541807f065b0,629區,NewTaipei,121.655705183,25.068147997,NewTaipei:geo06,0.45,0.4,0.05,10,2
topology:route_type:B1,NewTaipei:19744,NewTaipei:19744:162451:0:86dbff68afffe66f,合宜住宅-捷運亞東醫院站,NewTaipei,121.448820697,24.9980329005,NewTaipei:geo00,0.1,0.2,-0.1,10,1
topology:route_type:B1,NewTaipei:19747,NewTaipei:19747:162455:0:40a81dbee223496c,177瑞芳觀光公車,NewTaipei,121.829970789,25.1194439089,NewTaipei:geo07,0.9,0.6,0.3,10,1
topology:route_type:B1,NewTaipei:19748,NewTaipei:19748:162457:0:e3e5aeec79112c69,179,NewTaipei,121.835786767,25.1092181055,NewTaipei:geo07,0.9,0.7,0.2,10,1
topology:route_type:B1,NewTaipei:19754,NewTaipei:19754:162464:0:23f269f0e67e18e8,新九號停車場-黃金博物館,NewTaipei,121.845605298,25.1094979467,NewTaipei:geo07,0.3,0.3,0,10,1
topology:route_type:B1,NewTaipei:19760,NewTaipei:19760:162483:0:83cc4253a759a064,640A,NewTaipei,121.469171272,25.0689154287,NewTaipei:geo02,0.7,0.7,0,10,1
topology:route_type:B1,NewTaipei:19762,NewTaipei:19762:162485:0:e207b02ee2897e4c,中原中平路口-建國中學,NewTaipei,121.481387759,25.0525770429,NewTaipei:geo02,0.3,0.3,0,10,1
topology:route_type:B1,NewTaipei:19772,NewTaipei:19772:162501:0:c006190207e547af,沙崙國小(篤行路)-捷運亞東醫院站,NewTaipei,121.441547927,24.9945387577,NewTaipei:geo00,0.1,0.2,-0.1,10,1
topology:route_type:B1,NewTaipei:19773,NewTaipei:19773:162502:0:ddc17c4f44cae941,F123下罟經八療,NewTaipei,121.392059394,25.1423436041,NewTaipei:geo01,1,0.7,0.3,10,3
topology:route_type:B1,NewTaipei:19774,NewTaipei:19774:162503:0:7bc4ddeacfdf12bc,F123十三行文化公園經八療,NewTaipei,121.418227154,25.1519614386,NewTaipei:geo01,0.5,0.5,0,10,1
topology:route_type:B1,NewTaipei:19775,NewTaipei:19775:162505:0:ac21b0ee350d075f,F154,NewTaipei,121.553689078,25.2727085001,NewTaipei:geo04,1,1,0,10,4
topology:route_type:B1,NewTaipei:19777,NewTaipei:19777:162508:0:a73f26f6fc2f48ca,F161-0615,NewTaipei,121.587328645,25.2842383475,NewTaipei:geo04,1,1,0,10,3
topology:route_type:B1,NewTaipei:19780,NewTaipei:19780:162538:0:6257e21bdc8476c8,F304,NewTaipei,121.480244957,25.0593304293,NewTaipei:geo02,0.325190839695,0.3,0.0251908396947,10,1048
topology:route_type:B1,NewTaipei:19781,NewTaipei:19781:162558:0:8d27e451ffdaa616,989,NewTaipei,121.333152014,25.1330430516,NewTaipei:geo01,0.4,0.1,0.3,10,1
topology:route_type:B1,NewTaipei:19782,NewTaipei:19782:162560:0:a8c167835fcde402,990,NewTaipei,121.328126424,25.1271908515,NewTaipei:geo01,0.7,0.2,0.5,10,2
topology:route_type:B1,NewTaipei:19783,NewTaipei:19783:162587:1:d67181ca138d2558,988,NewTaipei,121.438952378,25.1131695323,NewTaipei:geo02,0.8,0.8,0,10,1
topology:route_type:B1,NewTaipei:19784,NewTaipei:19784:162562:0:cca31897f7014ad8,115,NewTaipei,121.421274762,25.1705787061,NewTaipei:geo01,0.7,0.5,0.2,10,1
topology:route_type:B1,NewTaipei:19785,NewTaipei:19785:162565:0:532e8ab5d30bf2b7,五股-板橋,NewTaipei,121.465596678,25.0496609043,NewTaipei:geo02,0.2,0,0.2,10,1
topology:route_type:B1,NewTaipei:19786,NewTaipei:19786:162577:0:0bd5b4b63f77062d,三鶯1線,NewTaipei,121.348093553,24.9537742207,NewTaipei:geo00,0.5,0.7,-0.2,10,1
topology:route_type:B1,NewTaipei:19787,NewTaipei:19787:162578:0:dbf9dd39cc4ce655,三芝-馬偕醫學大學,NewTaipei,121.50186144,25.2545639031,NewTaipei:geo04,0,0.6,-0.6,10,1
topology:route_type:B1,NewTaipei:19793,NewTaipei:19793:162588:0:9d00e3c9dcae96b9,捷運鶯桃福德站-銘傳大學(桃園校區),NewTaipei,121.337747791,24.9765516862,NewTaipei:geo00,0.424427480916,0.8,-0.375572519084,10,1048
topology:route_type:B1,NewTaipei:5413,NewTaipei:5413:158443:0:8b6da1fc1a004b4e,896,NewTaipei,121.631801359,25.0750666659,NewTaipei:geo06,0.9,0.5,0.4,10,1
topology:route_type:B1,NewTaipei:5415,NewTaipei:5415:5415:0:8307e7c866825135,629,NewTaipei,121.632420185,25.0639396395,NewTaipei:geo06,0.9,0.4,0.5,10,1
topology:route_type:B1,NewTaipei:5416,NewTaipei:5416:5416:0:775cbee8c0942a7f,678,NewTaipei,121.626400309,25.0584041995,NewTaipei:geo06,0.8,0.3,0.5,10,1
topology:route_type:B1,Taipei:10132,Taipei:10132:101320:0:24e17ca5b10c60be,234,Taipei,121.468965115,25.0139568873,Taipei:geo00,1,0.6,0.4,10,1
topology:route_type:B1,Taipei:10142,Taipei:10142:157758:1:016553a412cf5acb,南環幹線,Taipei,121.56624895,24.9970185088,Taipei:geo06,0,0,0,10,1
topology:route_type:B1,Taipei:10181,Taipei:10181:101810:0:d58b4473612674b4,205,Taipei,121.558865766,25.0445582455,Taipei:geo05,0.8,0.9,-0.1,10,1
topology:route_type:B1,Taipei:10221,Taipei:10221:102210:0:d35ada72b6c3c3e4,618,Taipei,121.471099301,25.0508655995,Taipei:geo00,0.9,0.9,0,10,1
topology:route_type:B1,Taipei:10231,Taipei:10231:10231:0:d31589f90a381fdc,民權幹線,Taipei,121.578506375,25.0632955058,Taipei:geo05,0.2,0.2,0,10,1
topology:route_type:B1,Taipei:10232,Taipei:10232:102320:0:464b256f4c59fc2d,紅25,Taipei,121.561218792,25.0541629543,Taipei:geo05,0.1,0,0.1,10,1
topology:route_type:B1,Taipei:10241,Taipei:10241:10241:0:e0a60e9bd131eed2,藍36,Taipei,121.613127477,25.0653395524,Taipei:geo07,0.3,0.1,0.2,10,1
topology:route_type:B1,Taipei:10251,Taipei:10251:10251:0:9ab8af2bbee4afa9,南京幹線,Taipei,121.576281219,25.0617336546,Taipei:geo05,0,0.2,-0.2,10,1
topology:route_type:B1,Taipei:10253,Taipei:10253:102530:0:ac30465061e27dbf,內科通勤專車22,Taipei,121.552995409,25.0771032905,Taipei:geo05,0.6,0.2,0.4,10,1
topology:route_type:B1,Taipei:10261,Taipei:10261:10261:0:a93a3ef9d53d7b5b,紅33,Taipei,121.517037278,25.0667839118,Taipei:geo02,0,0,0,10,1
topology:route_type:B1,Taipei:10262,Taipei:10262:102620:0:2a66819b15e37157,2,Taipei,121.502890332,25.0801243263,Taipei:geo02,0.7,0.7,0,10,1
topology:route_type:B1,Taipei:10263,Taipei:10263:102630:0:d05146402a55bf9b,536,Taipei,121.510829596,25.109772511,Taipei:geo03,0.6,0.3,0.3,10,1
topology:route_type:B1,Taipei:10272,Taipei:10272:102720:0:695c26464545d24d,303,Taipei,121.550733496,25.1227791687,Taipei:geo03,0.5,0.1,0.4,10,1
topology:route_type:B1,Taipei:10273,Taipei:10273:102760:0:89d3e234c2542bdb,303區,Taipei,121.54913587,25.1224861384,Taipei:geo03,0.4,0.2,0.2,10,1
topology:route_type:B1,Taipei:10277,Taipei:10277:160608:0:328964062436da51,542,Taipei,121.529995384,25.0667610876,Taipei:geo02,0.5,0.8,-0.3,10,1
topology:route_type:B1,Taipei:10278,Taipei:10278:102780:0:e7811cce6796ef0d,669,Taipei,121.528133072,25.0584255548,Taipei:geo02,0.8,0.6,0.2,10,1
topology:route_type:B1,Taipei:10282,Taipei:10282:102820:0:74997e358c4798d4,663,Taipei,121.4871385,25.0344280868,Taipei:geo00,0.9,0.9,0,10,1
topology:route_type:B1,Taipei:10283,Taipei:10283:10283:0:e3f2aff737d5d11f,235,Taipei,121.485909521,25.0328264048,Taipei:geo00,0.9,1,-0.1,10,1
topology:route_type:B1,Taipei:10291,Taipei:10291:10291:0:58a0ad537b767286,棕1,Taipei,121.563665135,25.0570133827,Taipei:geo05,0,0,0,10,1
topology:route_type:B1,Taipei:10292,Taipei:10292:10292:0:4ea00aa560088fb1,藍10,Taipei,121.569505883,25.0446570532,Taipei:geo05,0.1,0,0.1,10,1
topology:route_type:B1,Taipei:10293,Taipei:10293:10293:0:55e5a55f85129402,民生幹線,Taipei,121.557889951,25.0572487998,Taipei:geo05,0,0,0,10,2
topology:route_type:B1,Taipei:10326,Taipei:10326:103260:0:8a5722081046cb8e,648,Taipei,121.519562681,24.9826100421,Taipei:geo04,0.7,0.5,0.2,10,1
topology:route_type:B1,Taipei:10328,Taipei:10328:10328:0:042590a972369300,643,Taipei,121.526124074,24.9974541826,Taipei:geo04,0.6,0.8,-0.2,10,1
topology:route_type:B1,Taipei:10331,Taipei:10331:103310:0:79308cc031dc6077,647,Taipei,121.559652479,24.9910784916,Taipei:geo06,0.6,0.3,0.3,10,1
topology:route_type:B1,Taipei:10332,Taipei:10332:10332:0:d7d819e5d8d1a79e,松江新生幹線,Taipei,121.537884954,25.0102601339,Taipei:geo04,0.1,0.1,0,10,1
topology:route_type:B1,Taipei:10333,Taipei:10333:10333:0:d6eb83fa628de0c1,644,Taipei,121.533821841,24.9923485847,Taipei:geo04,0.6,0.6,0,10,1
topology:route_type:B1,Taipei:10334,Taipei:10334:10334:0:0ae12c4e397f0006,基隆路幹線,Taipei,121.547045938,24.9918449272,Taipei:geo06,0.1,0,0.1,10,2
topology:route_type:B1,Taipei:10414,Taipei:10414:104140:0:b4792d0077a0189f,261,Taipei,121.493591468,25.0671230686,Taipei:geo00,0.8,0.8,0,10,1
topology:route_type:B1,Taipei:10415,Taipei:10415:104150:0:685deccacbf6d9be,221,Taipei,121.492613593,25.0718835342,Taipei:geo00,0.7,0.7,0,10,1
topology:route_type:B1,Taipei:10416,Taipei:10416:104160:0:e9f46d0097faf371,232,Taipei,121.485033152,25.0649361509,Taipei:geo00,0.6,0.7,-0.1,10,1
topology:route_type:B1,Taipei:10417,Taipei:10417:104170:0:412958f3254718ba,忠孝幹線,Taipei,121.514356365,25.0559132192,Taipei:geo02,0,0,0,10,2
topology:route_type:B1,Taipei:10419,Taipei:10419:104190:0:11b198a7b89f987c,232快,Taipei,121.524527256,25.0627015995,Taipei:geo02,0.6,0.6,0,10,1
topology:route_type:B1,Taipei:10421,Taipei:10421:10421:0:862c5cd4b148489e,紅9,Taipei,121.486540353,25.0877047062,Taipei:geo03,0,0,0,10,1
topology:route_type:B1,Taipei:10422,Taipei:10422:104220:0:2314d5369d761838,617,Taipei,121.518209013,25.0634991998,Taipei:geo02,0.8,0.7,0.1,10,1
topology:route_type:B1,Taipei:10423,Taipei:10423:104230:0:7efb20569becc3e2,622,Taipei,121.472205479,25.0515344006,Taipei:geo00,0.8,0.8,0,10,1
topology:route_type:B1,Taipei:10431,Taipei:10431:10431:0:aa60adbfb18acd60,紅31,Taipei,121.564529283,25.0728710898,Taipei:geo05,0.2,0.1,0.1,10,1
topology:route_type:B1,Taipei:10432,Taipei:10432:10432:0:22c2b39bb61ee122,藍26,Taipei,121.568096012,25.0703652879,Taipei:geo05,0.3,0.2,0.1,10,2
topology:route_type:B1,Taipei:10441,Taipei:10441:104410:0:5207d6616568bc27,508,Taipei,121.482861876,25.0942260604,Taipei:geo03,0.7,0.3,0.4,10,2
topology:route_type:B1,Taipei:10442,Taipei:10442:104420:1:627c1c72d9649e8a,508區,Taipei,121.506835788,25.0991765475,Taipei:geo03,0.4,0.3,0.1,10,1
topology:route_type:B1,Taipei:10443,Taipei:10443:10443:0:4de742b9579a5424,225,Taipei,121.506188321,25.0715213518,Taipei:geo02,0.6,0.6,0,10,1
topology:route_type:B1,Taipei:10452,Taipei:10452:104520:0:ee0b811a8241807f,641,Taipei,121.452194043,25.0823498138,Taipei:geo00,0.9,0.4,0.5,10,1
topology:route_type:B1,Taipei:10461,Taipei:10461:104610:0:e2717ca2edd4cda8,645,Taipei,121.570491747,25.081971432,Taipei:geo05,0.3,0.7,-0.4,10,1
topology:route_type:B1,Taipei:10462,Taipei:10462:104620:0:93815760269fc57f,645副,Taipei,121.572067838,25.0801071281,Taipei:geo05,0.3,0.6,-0.3,10,1
topology:route_type:B1,Taipei:10471,Taipei:10471:104710:0:f0cbbf5660129175,615,Taipei,121.462183322,25.0456193955,Taipei:geo00,0.6,0.8,-0.2,10,1
topology:route_type:B1,Taipei:10472,Taipei:10472:104720:0:d00d2157ded92959,111,Taipei,121.506095371,25.0823629788,Taipei:geo02,0.7,0.6,0.1,10,1
topology:route_type:B1,Taipei:10473,Taipei:10473:104730:0:4cb026f86ec8e8ab,306,Taipei,121.542862659,25.0583675941,Taipei:geo02,0.6,0.7,-0.1,10,2
topology:route_type:B1,Taipei:10481,Taipei:10481:104810:0:a019c982a972ee83,265經中央路,Taipei,121.47922944,25.0167721033,Taipei:geo00,1,0.8,0.2,10,1
topology:route_type:B1,Taipei:10482,Taipei:10482:104820:0:61bdaf3964dd50c8,265區,Taipei,121.488180093,25.0241672765,Taipei:geo00,1,1,0,10,1
topology:route_type:B1,Taipei:10711,Taipei:10711:10711:0:675544363ff9909e,羅斯福路幹線,Taipei,121.545810148,25.0084508878,Taipei:geo04,0,0.1,-0.1,10,1
topology:route_type:B1,Taipei:10712,Taipei:10712:10712:0:b906d07ec155b069,251,Taipei,121.558219283,25.004102828,Taipei:geo06,0.9,0.6,0.3,10,1
topology:route_type:B1,Taipei:10721,Taipei:10721:10721:0:f74338472c734b7b,藍28,Taipei,121.512559495,25.0238514116,Taipei:geo04,0,0,0,10,1
topology:route_type:B1,Taipei:10722,Taipei:10722:10722:0:98b9cea86509c11e,藍29,Taipei,121.504103215,25.0315652464,Taipei:geo00,0,0.1,-0.1,10,1
topology:route_type:B1,Taipei:10723,Taipei:10723:10723:0:899fb9c50aa46d61,1,Taipei,121.531620773,25.0257779996,Taipei:geo04,0.7,0.8,-0.1,10,1
topology:route_type:B1,Taipei:10724,Taipei:10724:107240:0:d17316ca9a33713b,907,Taipei,121.58080818,25.0293309543,Taipei:geo06,0.7,0.4,0.3,10,1
topology:route_type:B1,Taipei:10725,Taipei:10725:107250:0:dab767f62e5d7354,568,Taipei,121.523491632,25.0280553638,Taipei:geo04,0.8,1,-0.2,10,1
topology:route_type:B1,Taipei:10726,Taipei:10726:10726:0:bde8150189492755,18,Taipei,121.520515018,25.0334164984,Taipei:geo04,0.8,0.9,-0.1,10,1
topology:route_type:B1,Taipei:10733,Taipei:10733:10733:0:308d265db7af22d9,棕2,Taipei,121.552157963,24.9908868526,Taipei:geo06,0.1,0.2,-0.1,10,1
topology:route_type:B1,Taipei:10734,Taipei:10734:107340:0:26fb26fd8dcb5894,景美-榮總(快),Taipei,121.535656379,25.0377600353,Taipei:geo04,0,0.1,-0.1,10,1
topology:route_type:B1,Taipei:10735,Taipei:10735:10735:0:23df60494326585b,253,Taipei,121.541305654,25.0110584527,Taipei:geo04,0.7,0.3,0.4,10,1
topology:route_type:B1,Taipei:10736,Taipei:10736:10736:0:ca36e679cf9dcbb1,671,Taipei,121.532579559,25.010510912,Taipei:geo04,0.7,0.4,0.3,10,1
topology:route_type:B1,Taipei:10741,Taipei:10741:10741:0:efbba74468849edd,棕3,Taipei,121.574882019,24.9973603262,Taipei:geo06,0.5,0.5,0,10,1
topology:route_type:B1,Taipei:10742,Taipei:10742:10742:0:7913d1b7502d86b1,棕6,Taipei,121.563911767,25.0037840389,Taipei:geo06,0.3,0.1,0.2,10,1
topology:route_type:B1,Taipei:10743,Taipei:10743:10743:0:4893f0e127392f7a,棕11,Taipei,121.561816549,24.9990719324,Taipei:geo06,0.2,0.1,0.1,10,1
topology:route_type:B1,Taipei:10744,Taipei:10744:10744:0:f74b2c69aec11de9,棕15,Taipei,121.581095256,24.9833253542,Taipei:geo06,0.4,0.3,0.1,10,1
topology:route_type:B1,Taipei:10745,Taipei:10745:107450:0:674bf8f35b53b901,237,Taipei,121.562878839,24.9984476909,Taipei:geo06,0.7,0.7,0,10,1
topology:route_type:B1,Taipei:10746,Taipei:10746:10746:0:a60801602a2d64e2,252,Taipei,121.543942848,25.0047102123,Taipei:geo04,0.8,0.4,0.4,10,1
topology:route_type:B1,Taipei:10747,Taipei:10747:107470:0:2dbdf54ee140aaf9,294,Taipei,121.561618983,25.0042654452,Taipei:geo06,0.5,0.6,-0.1,10,1
topology:route_type:B1,Taipei:10748,Taipei:10748:107480:0:6c8414b48d0bb33b,295,Taipei,121.552649727,25.0068518239,Taipei:geo06,0.6,0.4,0.2,10,2
topology:route_type:B1,Taipei:10749,Taipei:10749:10749:0:411430702c68dfad,棕11副,Taipei,121.574599538,24.9927135904,Taipei:geo06,0.3,0.3,0,10,1
topology:route_type:B1,Taipei:10751,Taipei:10751:10751:0:c04f8f7904a315a4,棕12,Taipei,121.543092955,25.006823111,Taipei:geo04,0.2,0.1,0.1,10,1
topology:route_type:B1,Taipei:10752,Taipei:10752:107520:0:afd45a0fa00cb2af,278,Taipei,121.555106132,25.0404863194,Taipei:geo05,0.9,0.9,0,10,1
topology:route_type:B1,Taipei:10754,Taipei:10754:10754:0:3ae458799022da09,915,Taipei,121.565339646,25.0071315706,Taipei:geo06,0.6,0.6,0,10,1
topology:route_type:B1,Taipei:10763,Taipei:10763:107660:1:aac9043a6188750d,903,Taipei,121.580913681,25.0641384025,Taipei:geo05,0.5,0.2,0.3,10,1
topology:route_type:B1,Taipei:10764,Taipei:10764:107640:0:3a08224a7685d2ec,531,Taipei,121.594413773,25.0657145335,Taipei:geo07,0.7,0.5,0.2,10,2
topology:route_type:B1,Taipei:10765,Taipei:10765:107650:0:235d03681bd9a989,646,Taipei,121.572954796,25.0781292183,Taipei:geo05,0.8,0.6,0.2,10,2
topology:route_type:B1,Taipei:10767,Taipei:10767:107670:0:d27df52d1b47b037,53,Taipei,121.593908288,25.0606599848,Taipei:geo07,0.5,0.6,-0.1,10,1
topology:route_type:B1,Taipei:10771,Taipei:10771:107710:0:3f902f969a08fe2d,670,Taipei,121.511787226,25.012231916,Taipei:geo04,1,0.7,0.3,10,1
topology:route_type:B1,Taipei:10782,Taipei:10782:107820:0:33c6d99bbbc83e92,673,Taipei,121.52749424,25.0145752257,Taipei:geo04,0.4,0.5,-0.1,10,1
topology:route_type:B1,Taipei:10783,Taipei:10783:10783:0:59891ffabd6a1ec0,254,Taipei,121.540467496,25.0183937683,Taipei:geo04,0.5,0.4,0.1,10,1
topology:route_type:B1,Taipei:10785,Taipei:10785:107850:0:e696923ee13aca22,672,Taipei,121.531863095,25.0227133145,Taipei:geo04,0.8,0.7,0.1,10,1
topology:route_type:B1,Taipei:10791,Taipei:10791:107910:1:ba91e6384c2e25b9,市民小巴5,Taipei,121.550928029,24.999414195,Taipei:geo06,0,0,0,10,1
topology:route_type:B1,Taipei:10792,Taipei:10792:10792:0:5755ec0d6d231ca3,52,Taipei,121.537179883,25.0342111571,Taipei:geo04,0.9,0.4,0.5,10,1
topology:route_type:B1,Taipei:10811,Taipei:10811:10811:0:f6f563c0e8cd9592,685,Taipei,121.536492255,25.0699972626,Taipei:geo02,0.7,0.6,0.1,10,1
topology:route_type:B1,Taipei:10821,Taipei:10821:157609:0:a087fdccd21d57a5,紅5,Taipei,121.542488732,25.1192188084,Taipei:geo03,0,0,0,10,2
topology:route_type:B1,Taipei:10822,Taipei:10822:108220:0:80fe97914c917573,108,Taipei,121.5474724,25.1736041595,Taipei:geo01,0.5,0.5,0,10,1
topology:route_type:B1,Taipei:10823,Taipei:10823:155895:0:56a0ce291e1bf327,260,Taipei,121.530798518,25.090427868,Taipei:geo03,0.7,0.4,0.3,10,2
topology:route_type:B1,Taipei:10824,Taipei:10824:108240:0:f1420d6ea2f479b5,260區,Taipei,121.537332827,25.1091127702,Taipei:geo03,0.5,0.2,0.3,10,2
topology:route_type:B1,Taipei:10831,Taipei:10831:10831:0:cff64242e6a3df8f,藍5,Taipei,121.568954468,25.0261105881,Taipei:geo06,0.1,0,0.1,10,1
topology:route_type:B1,Taipei:10832,Taipei:10832:10832:0:524dd15a319f9ec9,22,Taipei,121.543476381,25.0348902137,Taipei:geo04,0.8,0.7,0.1,10,1
topology:route_type:B1,Taipei:10841,Taipei:10841:108410:0:f64aae48aaf5ceb2,0東,Taipei,121.560976536,25.0564518044,Taipei:geo05,0.6,0.6,0,10,1
topology:route_type:B1,Taipei:10842,Taipei:10842:108420:0:501343704a60f845,222,Taipei,121.553954263,25.068718245,Taipei:geo05,0.7,0.5,0.2,10,1
topology:route_type:B1,Taipei:10844,Taipei:10844:108440:0:22e6e579e1d0fb30,652,Taipei,121.514866235,25.056960295,Taipei:geo02,0.8,0.7,0.1,10,1
topology:route_type:B1,Taipei:10845,Taipei:10845:108450:0:289aff6cd52b2de1,286,Taipei,121.584855791,25.0403301834,Taipei:geo07,0.5,0.9,-0.4,10,1
topology:route_type:B1,Taipei:10846,Taipei:10846:108460:0:b8409cbffd3eb86e,286副,Taipei,121.566421606,25.064710942,Taipei:geo05,0.7,0.3,0.4,10,1
topology:route_type:B1,Taipei:10847,Taipei:10847:108470:0:2c3eb79b4a2bd2eb,63,Taipei,121.553667296,25.058521892,Taipei:geo05,0.3,0.5,-0.2,10,1
topology:route_type:B1,Taipei:10848,Taipei:10848:108480:0:d140693380f98b73,505,Taipei,121.545218896,25.0407211577,Taipei:geo04,0.7,0.7,0,10,1
topology:route_type:B1,Taipei:10851,Taipei:10851:108510:0:e094d58e8d5123f6,內湖幹線,Taipei,121.562908642,25.0729218037,Taipei:geo05,0.1,0,0.1,10,1
topology:route_type:B1,Taipei:10853,Taipei:10853:108530:0:eb465fafc2ec8e29,287區,Taipei,121.568652176,25.0770943964,Taipei:geo05,0.7,0.6,0.1,10,1
topology:route_type:B1,Taipei:10856,Taipei:10856:108560:0:5ab0c3925666bd5c,281,Taipei,121.594829718,25.053109424,Taipei:geo07,0.5,0.7,-0.2,10,2
topology:route_type:B1,Taipei:10861,Taipei:10861:160877:0:df9b0d77c6350c0a,630,Taipei,121.561098562,25.0552156213,Taipei:geo05,0.8,0.6,0.2,10,1
topology:route_type:B1,Taipei:10862,Taipei:10862:108620:0:f08b81d2b9bcd67f,38,Taipei,121.513849804,25.0314772645,Taipei:geo04,0.9,0.8,0.1,10,1
topology:route_type:B1,Taipei:10863,Taipei:10863:108630:0:14b089728923fabf,38區,Taipei,121.496280323,25.0282713629,Taipei:geo00,0.8,0.8,0,10,1
topology:route_type:B1,Taipei:10864,Taipei:10864:108640:0:c6d458cf6b4fa617,12,Taipei,121.525214792,25.0453969756,Taipei:geo02,0.9,0.6,0.3,10,2
topology:route_type:B1,Taipei:10872,Taipei:10872:108720:0:529081dcec2553bd,46,Taipei,121.559302432,25.0443233518,Taipei:geo05,0.7,0.9,-0.2,10,1
topology:route_type:B1,Taipei:10873,Taipei:10873:10873:0:892bd51eda3aab42,20,Taipei,121.531898857,25.0333809037,Taipei:geo04,0.7,0.6,0.1,10,2
topology:route_type:B1,Taipei:10874,Taipei:10874:10874:0:ec3ce8127d3a9bba,277,Taipei,121.539169372,25.0710394805,Taipei:geo02,0.6,0.7,-0.1,10,1
topology:route_type:B1,Taipei:10882,Taipei:10882:10882:0:6b51f7fa269eea85,9,Taipei,121.509863236,25.0625644245,Taipei:geo02,0.8,0.6,0.2,10,1
topology:route_type:B1,Taipei:10883,Taipei:10883:108820:0:296c30334605d4c7,市民小巴7,Taipei,121.561719159,25.0268778726,Taipei:geo04,0,0,0,10,1
topology:route_type:B1,Taipei:10891,Taipei:10891:108910:0:b850fd33142b7383,14,Taipei,121.479814079,25.070210838,Taipei:geo00,0.6,0.6,0,10,1
topology:route_type:B1,Taipei:10893,Taipei:10893:10893:0:402fec9f29d4b444,274,Taipei,121.494995771,25.065218499,Taipei:geo00,0.8,0.8,0,10,1
topology:route_type:B1,Taipei:10911,Taipei:10911:10911:0:9bb8705b5083c555,212直,Taipei,121.559126836,25.04292813,Taipei:geo05,0.7,0.9,-0.2,10,1
topology:route_type:B1,Taipei:10912,Taipei:10912:10912:0:272f14a3bda8768b,212,Taipei,121.561637237,25.0442900324,Taipei:geo05,0.8,0.9,-0.1,10,1
topology:route_type:B1,Taipei:10932,Taipei:10932:101910:0:7469d0b4a92ef21e,仁愛幹線,Taipei,121.534720523,25.0377692595,Taipei:geo04,0,0.1,-0.1,10,2
topology:route_type:B1,Taipei:10941,Taipei:10941:10941:0:d6fefa7a7b8973b3,藍25,Taipei,121.610658899,25.0461232117,Taipei:geo07,0,0.1,-0.1,10,1
topology:route_type:B1,Taipei:10942,Taipei:10942:10942:0:b54f65799683317c,257,Taipei,121.522645389,25.0450721853,Taipei:geo02,0.9,0.7,0.2,10,2
topology:route_type:B1,Taipei:10961,Taipei:10961:109610:0:67503cb6621dd34d,262,Taipei,121.506598421,25.0165114144,Taipei:geo04,0.8,0.7,0.1,10,1
topology:route_type:B1,Taipei:10962,Taipei:10962:108570:0:8af36220b68500b6,262區,Taipei,121.526846044,25.0307548212,Taipei:geo04,0.8,0.9,-0.1,10,1
topology:route_type:B1,Taipei:10971,Taipei:10971:109710:0:606827d549721353,88,Taipei,121.564475601,25.0390540311,Taipei:geo05,0.7,0.8,-0.1,10,1
topology:route_type:B1,Taipei:11011,Taipei:11011:11011:0:836819fab964abc0,紅29,Taipei,121.572773197,25.0694120269,Taipei:geo05,0.1,0,0.1,10,1
topology:route_type:B1,Taipei:11021,Taipei:11021:11021:1:eaae5277b86adfca,棕5,Taipei,121.575600643,24.9924855234,Taipei:geo06,0.4,0.3,0.1,10,1
topology:route_type:B1,Taipei:11022,Taipei:11022:158714:1:70aefff35e5a4007,綠11,Taipei,121.549027222,25.0115149787,Taipei:geo04,0.075,0,0.075,10,4
topology:route_type:B1,Taipei:11023,Taipei:11023:110230:0:507da332d8fe0560,298,Taipei,121.551944691,25.01562677,Taipei:geo04,0.5,0.5,0,10,1
topology:route_type:B1,Taipei:11031,Taipei:11031:11031:0:caee1c663a9f709c,棕10,Taipei,121.594400114,25.060995293,Taipei:geo07,0,0,0,10,2
topology:route_type:B1,Taipei:11041,Taipei:11041:110410:0:bcda8ba05cd856a0,297,Taipei,121.516061886,25.0197762958,Taipei:geo04,0.6,0.8,-0.2,10,1
topology:route_type:B1,Taipei:11051,Taipei:11051:110510:0:cc36b454b85b4c67,小1,Taipei,121.616679118,25.0585864473,Taipei:geo07,0.2,0,0.2,10,1
topology:route_type:B1,Taipei:11052,Taipei:11052:110520:0:5d1981860335e976,小12,Taipei,121.597387407,25.0256655789,Taipei:geo07,0.3,0,0.3,10,1
topology:route_type:B1,Taipei:11055,Taipei:11055:110550:0:1ae14ba792c104f9,小2,Taipei,121.583817375,25.0804070471,Taipei:geo05,0.1,0,0.1,10,2
topology:route_type:B1,Taipei:11056,Taipei:11056:110560:0:ea860b74f7d06dbd,552,Taipei,121.576836842,25.0703804194,Taipei:geo05,0.2,0.3,-0.1,10,2
topology:route_type:B1,Taipei:11057,Taipei:11057:110570:0:bf0da31513951018,小2區,Taipei,121.590091911,25.0963001979,Taipei:geo05,0.2,0.2,0,10,1
topology:route_type:B1,Taipei:11058,Taipei:11058:110580:0:e3a06c2cb438322c,小3,Taipei,121.598199413,25.0848302929,Taipei:geo07,0,0.3,-0.3,10,3
topology:route_type:B1,Taipei:11059,Taipei:11059:110590:0:9f369877f794ced9,小5,Taipei,121.631434179,25.0388361327,Taipei:geo07,0.2,0.1,0.1,10,1
topology:route_type:B1,Taipei:11061,Taipei:11061:110610:0:6f5ad5ede69da184,小5區,Taipei,121.628425654,25.0396326727,Taipei:geo07,0.2,0.1,0.1,10,1
topology:route_type:B1,Taipei:11062,Taipei:11062:110620:0:2074732c958a1420,小1區,Taipei,121.613565176,25.069805324,Taipei:geo07,0.1,0.1,0,10,1
topology:route_type:B1,Taipei:11064,Taipei:11064:110640:1:907b2f08579e970c,小36,Taipei,121.528558906,25.136264814,Taipei:geo01,0.3,0.6,-0.3,10,1
topology:route_type:B1,Taipei:11066,Taipei:11066:110660:0:9ea76b5999123323,32,Taipei,121.579677941,25.0405731258,Taipei:geo05,0.8,0.7,0.1,10,2
topology:route_type:B1,Taipei:11071,Taipei:11071:110720:1:0cbbe7a078cd71be,小10,Taipei,121.584274456,24.9810242258,Taipei:geo06,0.2,0.1,0.1,10,1
topology:route_type:B1,Taipei:11073,Taipei:11073:110730:0:84d1fc32985b5c53,小11,Taipei,121.564000027,24.9835564311,Taipei:geo06,0.2,0.1,0.1,10,1
topology:route_type:B1,Taipei:11091,Taipei:11091:11091:0:a87d0cd5412f15f9,37,Taipei,121.550841297,25.0346072848,Taipei:geo04,0.7,0.8,-0.1,10,1
topology:route_type:B1,Taipei:11093,Taipei:11093:11093:0:429de28c4adfcde4,612,Taipei,121.539784138,25.0807861214,Taipei:geo03,0.6,0.3,0.3,10,1
topology:route_type:B1,Taipei:11111,Taipei:11111:11111:0:d3fc32306f8b0be3,藍27,Taipei,121.578746701,25.0720890836,Taipei:geo05,0.1,0.1,0,10,1
topology:route_type:B1,Taipei:11114,Taipei:11114:157815:0:e91ee132a4d04cf7,551,Taipei,121.590677155,25.0694135858,Taipei:geo07,0.4,0.5,-0.1,10,1
topology:route_type:B1,Taipei:11121,Taipei:11121:11121:0:268e1dd383b8201d,紅35,Taipei,121.467128373,25.1247980831,Taipei:geo01,0.3,0.3,0,10,1
topology:route_type:B1,Taipei:11122,Taipei:11122:111220:0:14033b1f88338998,小23,Taipei,121.472219223,25.129093062,Taipei:geo01,0,0,0,10,1
topology:route_type:B1,Taipei:11123,Taipei:11123:111230:0:f13a4c53a3da600b,550,Taipei,121.493566935,25.1222377507,Taipei:geo01,0.7,0.6,0.1,10,1
topology:route_type:B1,Taipei:11124,Taipei:11124:111240:0:28cc483d28626ee7,223,Taipei,121.50139659,25.0958958812,Taipei:geo03,0.7,0.4,0.3,10,1
topology:route_type:B1,Taipei:11125,Taipei:11125:111250:0:ba80098fb910d9cc,302,Taipei,121.501025756,25.0980089212,Taipei:geo03,0.7,0.4,0.3,10,1
topology:route_type:B1,Taipei:11134,Taipei:11134:111340:0:43ac3874fa790d7e,小8,Taipei,121.533256967,25.1510174069,Taipei:geo01,0.5,0.5,0,10,1
topology:route_type:B1,Taipei:11135,Taipei:11135:111350:0:5e024de6dfde2e59,小14,Taipei,121.50400396,25.1311765281,Taipei:geo01,0.75,0.7,0.05,10,2
topology:route_type:B1,Taipei:11136,Taipei:11136:111360:1:e35f2973871e866f,小21,Taipei,121.50026441,25.1310782228,Taipei:geo01,0.6,0.5,0.1,10,1
topology:route_type:B1,Taipei:11137,Taipei:11137:111370:0:4c5329857d076429,小22,Taipei,121.503443764,25.1364281717,Taipei:geo01,0.8,0.7,0.1,10,2
topology:route_type:B1,Taipei:11138,Taipei:11138:111380:1:3cf96550251dee54,小25,Taipei,121.517771687,25.1402794689,Taipei:geo01,0.7,0.8,-0.1,10,1
topology:route_type:B1,Taipei:11139,Taipei:11139:111390:0:a1e414f531c5c5a8,小6,Taipei,121.499479323,25.1424884769,Taipei:geo01,0.6,0.7,-0.1,10,1
topology:route_type:B1,Taipei:11141,Taipei:11141:162592:1:09dbf276c85bc79c,216,Taipei,121.506180913,25.1287866952,Taipei:geo01,0.5,0.3,0.2,10,1
topology:route_type:B1,Taipei:11142,Taipei:11142:111420:0:ee8dd77dd0446bc9,小9(台灣好行-北投竹子湖),Taipei,121.523931226,25.1516471031,Taipei:geo01,0.7,0.7,0,10,2
topology:route_type:B1,Taipei:11143,Taipei:11143:111430:0:0becb07c1b08825a,小26,Taipei,121.508055408,25.1406383528,Taipei:geo01,0.8,0.8,0,10,1
topology:route_type:B1,Taipei:11145,Taipei:11145:111410:0:077018ea08ab3de4,小7,Taipei,121.504932735,25.1400990184,Taipei:geo01,0.8,0.8,0,10,1
topology:route_type:B1,Taipei:11146,Taipei:11146:111460:0:58fbda8440b13013,市民小巴2,Taipei,121.505981044,25.1349341128,Taipei:geo01,0,0,0,10,2
topology:route_type:B1,Taipei:11151,Taipei:11151:111510:0:cf88dc13aa1a80ff,230,Taipei,121.524930842,25.1430077006,Taipei:geo01,0.2,0.2,0,10,2
topology:route_type:B1,Taipei:11152,Taipei:11152:111520:0:f7c01f9b5936b2ee,承德幹線,Taipei,121.530090368,25.0765882678,Taipei:geo02,0,0.2,-0.2,10,1
topology:route_type:B1,Taipei:11156,Taipei:11156:111560:0:87465040c3d83540,218,Taipei,121.513432957,25.0903058443,Taipei:geo03,0.6,0.4,0.2,10,1
topology:route_type:B1,Taipei:11157,Taipei:11157:111570:0:0f9cbcf9ac4cb085,218直,Taipei,121.511789549,25.0892812178,Taipei:geo03,0.6,0.4,0.2,10,1
topology:route_type:B1,Taipei:11158,Taipei:11158:111580:0:54b3f52754974cd7,218區,Taipei,121.500166272,25.1371744473,Taipei:geo01,0.5,0.1,0.4,10,1
topology:route_type:B1,Taipei:11161,Taipei:11161:111610:0:e5537f4f27bcd906,529,Taipei,121.520996374,25.0912505865,Taipei:geo03,0.5,0.2,0.3,10,1
topology:route_type:B1,Taipei:11165,Taipei:11165:111650:0:153b259eb851cbab,288,Taipei,121.53497517,25.0577119894,Taipei:geo02,0.9,0.8,0.1,10,4
topology:route_type:B1,Taipei:11171,Taipei:11171:111710:0:72eaa3754b09f69d,265經明德路,Taipei,121.478625262,25.0158710158,Taipei:geo00,1,0.8,0.2,10,1
topology:route_type:B1,Taipei:11201,Taipei:11201:11201:0:aa522f5759942a31,紅7,Taipei,121.505548591,25.0964234143,Taipei:geo03,0.333333333333,0.3,0.0333333333333,10,3
topology:route_type:B1,Taipei:11202,Taipei:11202:11202:0:1f4d928004e67be0,紅7區,Taipei,121.516118563,25.0905501597,Taipei:geo03,0.6,0.1,0.5,10,1
topology:route_type:B1,Taipei:11203,Taipei:11203:112030:0:f22278cb33fecf20,26,Taipei,121.520092244,25.0756005167,Taipei:geo02,0.6,0.2,0.4,10,1
topology:route_type:B1,Taipei:11204,Taipei:11204:112040:0:68756463d5503359,68,Taipei,121.516241914,25.0954587717,Taipei:geo03,0.2,0.2,0,10,1
topology:route_type:B1,Taipei:11206,Taipei:11206:159288:1:a43c3d88f490d7af,小15,Taipei,121.547941604,25.1259252842,Taipei:geo03,0.4,0.5,-0.1,10,1
topology:route_type:B1,Taipei:11207,Taipei:11207:112070:0:42f2e2abb06d80cb,小15區,Taipei,121.543540087,25.1166627751,Taipei:geo03,0.4,0.4,0,10,1
topology:route_type:B1,Taipei:11208,Taipei:11208:112080:0:b1b0b371decb23ef,小16,Taipei,121.545305833,25.1088985419,Taipei:geo03,0.4,0.4,0,10,1
topology:route_type:B1,Taipei:11209,Taipei:11209:112090:0:a4f446c23f93e62a,小17,Taipei,121.541557204,25.1080245529,Taipei:geo03,0.4,0.3,0.1,10,1
topology:route_type:B1,Taipei:11211,Taipei:11211:112110:0:2ff4319f9c6b964d,小18,Taipei,121.555518632,25.1066802722,Taipei:geo03,0.5,0.4,0.1,10,2
topology:route_type:B1,Taipei:11212,Taipei:11212:11212:0:5aa6fae8b62b52dc,204,Taipei,121.542928085,25.0418448626,Taipei:geo04,0.5,0.6,-0.1,10,1
topology:route_type:B1,Taipei:11213,Taipei:11213:112130:1:62b5e4d1b8b386f7,小19,Taipei,121.558904194,25.1133931831,Taipei:geo03,0.1,0.4,-0.3,10,1
topology:route_type:B1,Taipei:11217,Taipei:11217:112170:1:dc14bd046c44fac0,市民小巴1,Taipei,121.566854447,25.1127961954,Taipei:geo03,0,0,0,10,1
topology:route_type:B1,Taipei:11221,Taipei:11221:11221:0:a987be235cb835de,284,Taipei,121.580570576,25.0489796927,Taipei:geo05,0.6,0.6,0,10,1
topology:route_type:B1,Taipei:11231,Taipei:11231:112310:0:fa84cd9d8232533d,621,Taipei,121.492769797,25.0535377566,Taipei:geo00,1,0.7,0.3,10,1
topology:route_type:B1,Taipei:11232,Taipei:11232:112320:0:f4a0ca897950e01c,211,Taipei,121.514666093,25.0516099291,Taipei:geo02,1,0.7,0.3,10,2
topology:route_type:B1,Taipei:11241,Taipei:11241:112410:0:ec95478544b114b3,662,Taipei,121.494901214,25.0609049058,Taipei:geo00,0.7,1,-0.3,10,1
topology:route_type:B1,Taipei:11242,Taipei:11242:112420:0:6c1b47e60ec0e337,539,Taipei,121.502623623,25.0699713552,Taipei:geo02,1,0.6,0.4,10,1
topology:route_type:B1,Taipei:11243,Taipei:11243:112430:0:c111e6670505c489,39,Taipei,121.494017447,25.0663012198,Taipei:geo00,0.6,0.8,-0.2,10,1
topology:route_type:B1,Taipei:11245,Taipei:11245:11245:0:b9e3d5eea8564d97,226,Taipei,121.524016664,25.0546066101,Taipei:geo02,1,0.8,0.2,10,1
topology:route_type:B1,Taipei:11246,Taipei:11246:11246:0:12c8e0aa6465e931,292,Taipei,121.52277138,25.0510297528,Taipei:geo02,1,0.8,0.2,10,1
topology:route_type:B1,Taipei:11251,Taipei:11251:112510:0:034f845cd6d5a843,棕13,Taipei,121.555539352,25.0997509033,Taipei:geo03,0,0,0,10,1
topology:route_type:B1,Taipei:11252,Taipei:11252:112520:0:81cc06d709dde6ca,255,Taipei,121.536471421,25.0919573747,Taipei:geo03,0.5,0.3,0.2,10,2
topology:route_type:B1,Taipei:11253,Taipei:11253:112530:0:9c00088db939f565,255區,Taipei,121.543214326,25.1022425453,Taipei:geo03,0.6,0.3,0.3,10,2
topology:route_type:B1,Taipei:11411,Taipei:11411:11411:0:703e7728e99377ce,299,Taipei,121.492148277,25.042067583,Taipei:geo00,0.7,0.9,-0.2,10,1
topology:route_type:B1,Taipei:11421,Taipei:11421:11421:0:c4b93705353b70ae,513,Taipei,121.482123382,25.0428022592,Taipei:geo00,0.9,0.9,0,10,1
topology:route_type:B1,Taipei:11741,Taipei:11741:155857:0:15cf7aa866d9d0eb,貓空右線,Taipei,121.58273909,24.9688123395,Taipei:geo06,0.269216061185,0.3,-0.0307839388145,10,1046
topology:route_type:B1,Taipei:11742,Taipei:11742:11742:0:7534e560dbf5e506,611,Taipei,121.565305329,25.007975014,Taipei:geo06,0.6,0.6,0,10,1
topology:route_type:B1,Taipei:11763,Taipei:11763:11763:0:e35f60ddfe29d475,236區,Taipei,121.569908757,25.0000499764,Taipei:geo06,0.6,0.5,0.1,10,1
topology:route_type:B1,Taipei:11764,Taipei:11764:11764:0:0f20d61bcff2850e,251區,Taipei,121.569931389,24.9957269282,Taipei:geo06,1,0.4,0.6,10,1
topology:route_type:B1,Taipei:11811,Taipei:11811:118110:0:e963537f698810b1,0南,Taipei,121.545166838,25.0097025999,Taipei:geo04,0.7,0.3,0.4,10,1
topology:route_type:B1,Taipei:11812,Taipei:11812:162475:0:55b8ed7dac6f579b,和平幹線,Taipei,121.542838458,25.0228375387,Taipei:geo04,0.1,0.1,0,10,1
topology:route_type:B1,Taipei:11813,Taipei:11813:118130:0:3f385d7f0303f9df,109,Taipei,121.541239553,25.0724085112,Taipei:geo02,0.7,0.6,0.1,10,1
topology:route_type:B1,Taipei:11815,Taipei:11815:118150:0:bae9510228de5abb,606,Taipei,121.534556245,25.0522021885,Taipei:geo02,0.6,0.6,0,10,1
topology:route_type:B1,Taipei:11821,Taipei:11821:162167:0:3df074cf5aa5d41a,33,Taipei,121.558681337,25.0497698252,Taipei:geo05,0.8,0.8,0,10,1
topology:route_type:B1,Taipei:11831,Taipei:11831:118310:0:4275ec6e9a212b56,49,Taipei,121.520592168,25.0477670351,Taipei:geo02,0.6,0.8,-0.2,10,1
topology:route_type:B1,Taipei:11833,Taipei:11833:11833:0:db7622ad13dd2891,復興幹線,Taipei,121.538522048,25.0312085165,Taipei:geo04,0.1,0.1,0,10,1
topology:route_type:B1,Taipei:11834,Taipei:11834:11834:0:9d89a958664b669f,688,Taipei,121.538939474,25.0319678386,Taipei:geo04,0.6,0.5,0.1,10,1
topology:route_type:B1,Taipei:11841,Taipei:11841:118410:0:77e6d458bda00b57,270,Taipei,121.57009835,25.0423483632,Taipei:geo05,0.6,0.6,0,10,1
topology:route_type:B1,Taipei:11842,Taipei:11842:118420:0:9173abf679af0281,270區,Taipei,121.598030821,25.0453276624,Taipei:geo07,0.6,0.7,-0.1,10,1
topology:route_type:B1,Taipei:11851,Taipei:11851:118510:0:52700e266ecbbc1b,276,Taipei,121.569966418,25.0488049677,Taipei:geo05,0.9,0.4,0.5,10,1
topology:route_type:B1,Taipei:11853,Taipei:11853:118530:0:064d552ae1a333b2,306區,Taipei,121.568792107,25.0521029913,Taipei:geo05,0.9,0.4,0.5,10,1
topology:route_type:B1,Taipei:11854,Taipei:11854:118540:0:c935cfc99fa59879,市民小巴6,Taipei,121.618549275,25.043215263,Taipei:geo07,0,0,0,10,1
topology:route_type:B1,Taipei:11861,Taipei:11861:11861:0:d54713d60f6e6b43,5,Taipei,121.520375355,25.0316259922,Taipei:geo04,0.9,0.9,0,10,1
topology:route_type:B1,Taipei:11871,Taipei:11871:11871:1:c24757a52c7e3e7f,41,Taipei,121.524547152,25.0708118795,Taipei:geo02,0.6,0.6,0,10,1
topology:route_type:B1,Taipei:11881,Taipei:11881:11881:0:dce82d178c21e95b,重慶幹線,Taipei,121.516046424,25.0868001756,Taipei:geo03,0,0,0,10,1
topology:route_type:B1,Taipei:15111,Taipei:15111:15111:0:4f443c8cd89c3b1a,202,Taipei,121.52055771,25.022326529,Taipei:geo04,0.8,0.9,-0.1,10,1
topology:route_type:B1,Taipei:15112,Taipei:15112:15112:0:3ef3110ee7639ed3,208,Taipei,121.527367732,25.0354026937,Taipei:geo04,0.6,0.6,0,10,1
topology:route_type:B1,Taipei:15113,Taipei:15113:15113:0:21130b6a9ded22f4,208區,Taipei,121.522999052,24.9989440827,Taipei:geo04,0.8,0.7,0.1,10,1
topology:route_type:B1,Taipei:15141,Taipei:15141:151410:0:a7b89129887cd77e,28,Taipei,121.573321018,25.0672275825,Taipei:geo05,0.6,0.2,0.4,10,1
topology:route_type:B1,Taipei:15142,Taipei:15142:151420:0:23a0eff3c5cc7202,42,Taipei,121.531363762,25.0711411557,Taipei:geo02,0.7,0.5,0.2,10,1
topology:route_type:B1,Taipei:15143,Taipei:15143:151430:0:f3a5c87352e2b083,256,Taipei,121.57572331,25.0773073023,Taipei:geo05,0.6,0.6,0,10,1
topology:route_type:B1,Taipei:15151,Taipei:15151:151510:0:a7ef76ee4536c385,308,Taipei,121.481123325,25.1334930783,Taipei:geo01,0.8,0.3,0.5,10,1
topology:route_type:B1,Taipei:15161,Taipei:15161:151610:0:fb7bb192dd7df55d,676,Taipei,121.548117975,25.01635116,Taipei:geo04,0.7,0.4,0.3,10,1
topology:route_type:B1,Taipei:15162,Taipei:15162:15162:0:7ffe83b1fcddb62a,282,Taipei,121.55831306,25.0222879301,Taipei:geo04,0.55,0.3,0.25,10,2
topology:route_type:B1,Taipei:15164,Taipei:15164:15164:0:66922c465547e92f,530,Taipei,121.557890615,24.9985629757,Taipei:geo06,0.6,0.5,0.1,10,1
topology:route_type:B1,Taipei:15171,Taipei:15171:151710:0:1a95e85cedf5c95e,902,Taipei,121.547763632,25.0729963448,Taipei:geo05,0.7,0.5,0.2,10,1
topology:route_type:B1,Taipei:15172,Taipei:15172:151720:0:e6239f94b8a199d9,556,Taipei,121.558910231,25.0506374787,Taipei:geo05,0.7,0.7,0,10,1
topology:route_type:B1,Taipei:15173,Taipei:15173:151730:0:a8b82f32a8b4f312,912,Taipei,121.594246101,25.0122709921,Taipei:geo06,0.9,0.4,0.5,10,1
topology:route_type:B1,Taipei:15183,Taipei:15183:15183:0:434d8d1db3567522,905,Taipei,121.532529511,24.9974450565,Taipei:geo04,0.75,0.9,-0.15,10,2
topology:route_type:B1,Taipei:15184,Taipei:15184:15184:0:03b4e9496845a5b4,905副,Taipei,121.529906358,25.0018138788,Taipei:geo04,0.7,0.6,0.1,10,1
topology:route_type:B1,Taipei:15185,Taipei:15185:15185:0:496b10a1ed6169bd,202區,Taipei,121.506922998,24.9999071641,Taipei:geo04,0.7,0.6,0.1,10,1
topology:route_type:B1,Taipei:15191,Taipei:15191:15191:0:bf0e7a388b647430,660,Taipei,121.563079451,25.0098562762,Taipei:geo06,1,0.6,0.4,10,1
topology:route_type:B1,Taipei:15221,Taipei:15221:152210:0:45e4e78e80646bc1,682,Taipei,121.461899384,25.1307506739,Taipei:geo01,0.7,0.4,0.3,10,1
topology:route_type:B1,Taipei:15312,Taipei:15312:15312:0:75208db3f7b7d178,紅2,Taipei,121.575469751,25.0774486878,Taipei:geo05,0,0,0,10,1
topology:route_type:B1,Taipei:15313,Taipei:15313:159237:1:1ce79e0de8bd7bae,521,Taipei,121.57149602,25.066430157,Taipei:geo05,0.6,0.2,0.4,10,1
topology:route_type:B1,Taipei:15314,Taipei:15314:15314:0:4db419ce050b8a68,203,Taipei,121.560983644,25.0691905948,Taipei:geo05,0.9,0.3,0.6,10,1
topology:route_type:B1,Taipei:15321,Taipei:15321:15321:0:92d32afb86cbcd7a,紅10,Taipei,121.503031971,25.0957032854,Taipei:geo03,0.4,0.3,0.1,10,1
topology:route_type:B1,Taipei:15322,Taipei:15322:15322:0:82f01a328700bb3d,215,Taipei,121.502223242,25.0834036245,Taipei:geo02,0.8,0.7,0.1,10,1
topology:route_type:B1,Taipei:15331,Taipei:15331:15331:0:b6fc6a9e7bc50eda,紅3區,Taipei,121.54207151,25.082827513,Taipei:geo03,0.4,0.1,0.3,10,1
topology:route_type:B1,Taipei:15332,Taipei:15332:153320:0:99baa00cfb21c919,267,Taipei,121.549797894,25.0912048869,Taipei:geo03,0.8,0.2,0.6,10,1
topology:route_type:B1,Taipei:15333,Taipei:15333:153330:0:143e69a0cc537500,250,Taipei,121.512050769,25.0661656587,Taipei:geo02,0.8,0.7,0.1,10,1
topology:route_type:B1,Taipei:15334,Taipei:15334:162434:1:0a9bff9fbbe3b116,北環幹線,Taipei,121.573300166,25.0781221629,Taipei:geo05,0.1,0,0.1,10,1
topology:route_type:B1,Taipei:15335,Taipei:15335:153350:0:deced8bcdb113bae,683,Taipei,121.563186412,25.0836079794,Taipei:geo05,0.6,0.6,0,10,2
topology:route_type:B1,Taipei:15341,Taipei:15341:15341:1:997fadc7b0bdfba1,紅19,Taipei,121.527647365,25.1176480975,Taipei:geo03,0.1,0.2,-0.1,10,1
topology:route_type:B1,Taipei:15352,Taipei:15352:153520:0:79fb60548b9a2ed0,268,Taipei,121.548194758,25.0966351773,Taipei:geo03,0.7,0.3,0.4,10,1
topology:route_type:B1,Taipei:15353,Taipei:15353:157765:0:88a49d17c4980583,247,Taipei,121.562592358,25.0737880488,Taipei:geo05,0.7,0.2,0.5,10,2
topology:route_type:B1,Taipei:15355,Taipei:15355:153550:0:531a1635ec5358bb,240直,Taipei,121.588793381,25.063026001,Taipei:geo07,0.7,0.5,0.2,10,1
topology:route_type:B1,Taipei:15358,Taipei:15358:153580:0:25adee7fc324d653,247區,Taipei,121.572649961,25.0769610655,Taipei:geo05,0.7,0.6,0.1,10,1
topology:route_type:B1,Taipei:15359,Taipei:15359:153590:0:5a656880b9c1ee8a,681,Taipei,121.563837204,25.1024248742,Taipei:geo03,0.5,0.4,0.1,10,2
topology:route_type:B1,Taipei:15361,Taipei:15361:157468:0:43acf7ed09691a39,藍7,Taipei,121.569094049,25.0683798023,Taipei:geo05,0.2,0.2,0,10,1
topology:route_type:B1,Taipei:15362,Taipei:15362:15362:0:27dfa05f91be8127,72,Taipei,121.542849765,25.0528362176,Taipei:geo02,0.7,0.8,-0.1,10,1
topology:route_type:B1,Taipei:15372,Taipei:15372:15372:0:163bb9cd7b3e6a5f,206,Taipei,121.520572725,25.0850139629,Taipei:geo03,0.7,0.3,0.4,10,1
topology:route_type:B1,Taipei:15373,Taipei:15373:15373:0:390e20d15b623d8c,中山幹線,Taipei,121.521602648,25.0750944548,Taipei:geo02,0,0.1,-0.1,10,1
topology:route_type:B1,Taipei:15375,Taipei:15375:15375:0:183fd586c5e3b65b,224,Taipei,121.524605258,25.1199607,Taipei:geo03,0.3,0.4,-0.1,10,1
topology:route_type:B1,Taipei:15381,Taipei:15381:153810:0:48eb7b659d0dabe1,246,Taipei,121.512202492,25.0575619834,Taipei:geo02,0.7,0.7,0,10,1
topology:route_type:B1,Taipei:15391,Taipei:15391:15391:0:86dc9b42de6c14ea,279,Taipei,121.55053741,25.0693023061,Taipei:geo05,0.4,0.6,-0.2,10,1
topology:route_type:B1,Taipei:15512,Taipei:15512:155120:0:b97b28635d972457,675,Taipei,121.590932375,25.0520306234,Taipei:geo07,0.8,0.8,0,10,1
topology:route_type:B1,Taipei:15513,Taipei:15513:155130:0:086879b3c300a8a2,711,Taipei,121.600471863,25.0599579512,Taipei:geo07,0.9,0.7,0.2,10,2
topology:route_type:B1,Taipei:15514,Taipei:15514:155716:0:f4bdbdf3e3f39a8f,605,Taipei,121.587061154,25.0527882236,Taipei:geo07,1,0.7,0.3,10,1
topology:route_type:B1,Taipei:15515,Taipei:15515:155150:0:f2fa4f6499aa1b7d,668,Taipei,121.58492283,25.0493591214,Taipei:geo07,0.85,0.7,0.15,10,2
topology:route_type:B1,Taipei:15516,Taipei:15516:155719:0:9e1506aed43ee335,605快,Taipei,121.58514214,25.059636347,Taipei:geo05,0.6,0.4,0.2,10,1
topology:route_type:B1,Taipei:15517,Taipei:15517:155717:0:a4948f1641dca543,605副,Taipei,121.623788216,25.0587791434,Taipei:geo07,0.7,0.2,0.5,10,1
topology:route_type:B1,Taipei:15518,Taipei:15518:155718:0:fed371549594d668,605新台五,Taipei,121.591835896,25.0535381644,Taipei:geo07,0.9,0.7,0.2,10,1
topology:route_type:B1,Taipei:15521,Taipei:15521:15521:0:1328370c129f9f74,227,Taipei,121.508145494,25.0407387417,Taipei:geo00,1,0.7,0.3,10,1
topology:route_type:B1,Taipei:15522,Taipei:15522:15522:0:ab7f1b4674c539ac,227區,Taipei,121.49476824,25.0608243806,Taipei:geo00,1,1,0,10,1
topology:route_type:B1,Taipei:15531,Taipei:15531:15531:0:69771c9c22ae4f5c,紅12,Taipei,121.525617522,25.1076723511,Taipei:geo03,0.1,0.2,-0.1,10,1
topology:route_type:B1,Taipei:15532,Taipei:15532:155320:0:d72fcfb16585ef07,300,Taipei,121.521431322,25.0751202932,Taipei:geo02,0.6,0.2,0.4,10,1
topology:route_type:B1,Taipei:15541,Taipei:15541:15541:0:d26a5d3ccab13275,紅15,Taipei,121.519787641,25.0970055916,Taipei:geo03,0.6,0.3,0.3,10,2
topology:route_type:B1,Taipei:15546,Taipei:15546:15546:0:bdd67f0c1bd564f8,280,Taipei,121.528625436,25.0655164544,Taipei:geo02,0.9,0.8,0.1,10,1
topology:route_type:B1,Taipei:15551,Taipei:15551:15551:0:8587b47489ef9e05,紅30,Taipei,121.52724365,25.0948379521,Taipei:geo03,0,0.2,-0.2,10,1
topology:route_type:B1,Taipei:15553,Taipei:15553:155530:0:e112e759e96a1ef9,304承德,Taipei,121.519668087,25.0509690461,Taipei:geo02,0.7,0.7,0,10,1
topology:route_type:B1,Taipei:15554,Taipei:15554:155540:0:736084abd0185cf4,304重慶,Taipei,121.517592761,25.0524822524,Taipei:geo02,0.8,0.7,0.1,10,1
topology:route_type:B1,Taipei:15561,Taipei:15561:155610:0:92bfa3f53286d9a5,214,Taipei,121.539920892,25.0426909538,Taipei:geo04,0.6,0.5,0.1,10,1
topology:route_type:B1,Taipei:15562,Taipei:15562:155620:0:5955ebbd34575d9e,214直,Taipei,121.516985286,25.0247736683,Taipei:geo04,0.6,0.9,-0.3,10,1
topology:route_type:B1,Taipei:15563,Taipei:15563:15563:0:61535d1894813b41,311,Taipei,121.5287152,25.0191780532,Taipei:geo04,0.6,0.7,-0.1,10,1
topology:route_type:B1,Taipei:15571,Taipei:15571:155710:1:6fbcebf2f353baa1,600,Taipei,121.566980262,25.047185526,Taipei:geo05,0.7,0.7,0,10,1
topology:route_type:B1,Taipei:15572,Taipei:15572:159706:0:dc3aea9add3257de,207,Taipei,121.554831035,25.0263003503,Taipei:geo04,0.6,0.5,0.1,10,1
topology:route_type:B1,Taipei:15573,Taipei:15573:155856:0:ffbd8ed204d74151,市民小巴8,Taipei,121.517706007,25.0911921311,Taipei:geo03,0,0.1,-0.1,10,1
topology:route_type:B1,Taipei:15581,Taipei:15581:159390:0:0491eae1680b6cd7,616,Taipei,121.4898906,25.0703002633,Taipei:geo00,1,0.6,0.4,10,1
topology:route_type:B1,Taipei:15657,Taipei:15657:15657:0:dcf1063616d32ceb,280直,Taipei,121.530283623,25.0654693051,Taipei:geo02,0.7,0.8,-0.1,10,1
topology:route_type:B1,Taipei:15664,Taipei:15664:155808:0:881291b3ef3d5f79,39夜,Taipei,121.494017447,25.0663012198,Taipei:geo00,0.6,0.8,-0.2,10,1
topology:route_type:B1,Taipei:15676,Taipei:15676:155820:0:099bd836890904fc,內科通勤專車10,Taipei,121.542496128,25.0107548929,Taipei:geo04,0,0,0,10,1
topology:route_type:B1,Taipei:15677,Taipei:15677:155836:0:18af830b16a9f75c,內科通勤專車11,Taipei,121.520167658,25.0559969267,Taipei:geo02,0.7,0.1,0.6,10,2
topology:route_type:B1,Taipei:15678,Taipei:15678:155837:0:4279b53532e11aa8,內科通勤專車12,Taipei,121.519739949,25.0568110691,Taipei:geo02,0.5,0.1,0.4,10,1
topology:route_type:B1,Taipei:15679,Taipei:15679:155838:0:8b780243a5494702,內科通勤專車13,Taipei,121.542861904,25.0943397745,Taipei:geo03,0.7,0.4,0.3,10,1
topology:route_type:B1,Taipei:15680,Taipei:15680:155839:0:e9d5b664ba3e858b,內科通勤專車15,Taipei,121.537577711,25.0989265828,Taipei:geo03,0.5,0.2,0.3,10,1
topology:route_type:B1,Taipei:15681,Taipei:15681:155840:0:666bd17db9088282,內科通勤專車16,Taipei,121.534164349,25.1024985516,Taipei:geo03,0.4,0.2,0.2,10,1
topology:route_type:B1,Taipei:15682,Taipei:15682:155841:0:b149d61e23cd8874,內科通勤專車17,Taipei,121.541697744,25.0815970238,Taipei:geo03,0.5,0.2,0.3,10,1
topology:route_type:B1,Taipei:15683,Taipei:15683:155843:0:ef518e088fd675bc,內科通勤專車18,Taipei,121.558059527,25.0673939369,Taipei:geo05,0.4,0.1,0.3,10,2
topology:route_type:B1,Taipei:15684,Taipei:15684:155844:0:4ed609444dbd00c2,內科通勤專車19,Taipei,121.570883583,25.0639347307,Taipei:geo05,0.4,0.2,0.2,10,1
topology:route_type:B1,Taipei:15685,Taipei:15685:155845:0:0ae93f9708861b67,內科通勤專車2,Taipei,121.528042568,25.0436091511,Taipei:geo02,0.4,0.2,0.2,10,2
topology:route_type:B1,Taipei:15686,Taipei:15686:155846:0:1b24a09b727c9216,內科通勤專車20,Taipei,121.572233354,25.0628030289,Taipei:geo05,0.5,0.2,0.3,10,1
topology:route_type:B1,Taipei:15687,Taipei:15687:155847:0:cc5e3d1a990b3090,內科通勤專車3,Taipei,121.530375651,25.0446707069,Taipei:geo02,0.4,0.2,0.2,10,2
topology:route_type:B1,Taipei:15688,Taipei:15688:155848:0:31fda7ee69c17abf,內科通勤專車5,Taipei,121.572516103,25.0508926188,Taipei:geo05,0.6,0.1,0.5,10,1
topology:route_type:B1,Taipei:15689,Taipei:15689:155849:0:4506a25c1364fcb4,內科通勤專車6,Taipei,121.530937651,25.060592516,Taipei:geo02,0.6,0,0.6,10,1
topology:route_type:B1,Taipei:15690,Taipei:15690:155850:0:9297ffc8bc2b43fc,內科通勤專車7,Taipei,121.620649161,25.0646090921,Taipei:geo07,0.2,0,0.2,10,2
topology:route_type:B1,Taipei:15691,Taipei:15691:155851:0:22a63fb9a98ceebd,內科通勤專車8,Taipei,121.578699647,25.0666303555,Taipei:geo05,0.6,0,0.6,10,1
topology:route_type:B1,Taipei:15693,Taipei:15693:157818:0:707b7b017739f819,內科快線2,Taipei,121.57101453,25.0660936912,Taipei:geo05,0.75,0.2,0.55,10,2
topology:route_type:B1,Taipei:15694,Taipei:15694:155827:0:81df3adc6174f773,南軟通勤專車中和線,Taipei,121.547201243,25.0259276619,Taipei:geo04,0.3,0.1,0.2,10,1
topology:route_type:B1,Taipei:15695,Taipei:15695:155828:0:47df45f188206c0d,南軟通勤專車天母線,Taipei,121.552598864,25.0827006034,Taipei:geo05,0.3,0.4,-0.1,10,1
topology:route_type:B1,Taipei:15696,Taipei:15696:155829:0:cbde5c38bb7b8e7a,南軟通勤專車北投線,Taipei,121.545816921,25.0879165312,Taipei:geo03,0.3,0.3,0,10,1
topology:route_type:B1,Taipei:15698,Taipei:15698:155831:0:17d5dcb06b544df0,南軟通勤專車雙和線,Taipei,121.547562283,25.0274531056,Taipei:geo04,0.4,0.1,0.3,10,1
topology:route_type:B1,Taipei:15702,Taipei:15702:155835:0:e4881721c05248d0,內科快線1,Taipei,121.555178003,25.0743588123,Taipei:geo05,0.733333333333,0.3,0.433333333333,10,3
topology:route_type:B1,Taipei:15708,Taipei:15708:102330:0:515c4df374886e1b,信義幹線,Taipei,121.564689901,25.0414370672,Taipei:geo05,0,0,0,10,1
topology:route_type:B1,Taipei:15711,Taipei:15711:155859:0:57f04127f9a2a45d,市民小巴9,Taipei,121.5306752,25.0611679871,Taipei:geo02,0,0,0,10,1
topology:route_type:B1,Taipei:15724,Taipei:15724:155874:0:f7e3110cb7fbbde2,128,Taipei,121.536321668,25.1432322634,Taipei:geo01,0.5,0.2,0.3,10,1
topology:route_type:B1,Taipei:15726,Taipei:15726:155875:0:719c1a392e5b77c0,129,Taipei,121.529142254,25.1545655327,Taipei:geo01,0.3,0.3,0,10,1
topology:route_type:B1,Taipei:15730,Taipei:15730:159230:0:c3b33d81125ab689,棕18,Taipei,121.576882827,25.0130571041,Taipei:geo06,0.25,0.1,0.15,10,2
topology:route_type:B1,Taipei:15731,Taipei:15731:155883:0:40d1101a2d24c085,市民小巴11,Taipei,121.528130927,25.1179182032,Taipei:geo03,0.2,0.1,0.1,10,1
topology:route_type:B1,Taipei:15734,Taipei:15734:155888:0:2305ac5a11582d4a,市民小巴10,Taipei,121.586020745,25.0633047163,Taipei:geo05,0,0,0,10,1
topology:route_type:B1,Taipei:15735,Taipei:15735:155889:0:cb36f93e22dbc844,602,Taipei,121.517129193,25.1231036456,Taipei:geo01,0.5,0.4,0.1,10,2
topology:route_type:B1,Taipei:16111,Taipei:16111:157462:1:c3cad2d356b7b06d,307,Taipei,121.503732895,25.0284350665,Taipei:geo00,0.9,0.7,0.2,10,1
topology:route_type:B1,Taipei:16112,Taipei:16112:16112:1:4513d0c445b1fce4,310,Taipei,121.495764869,25.0469010032,Taipei:geo00,0.9,0.8,0.1,10,1
topology:route_type:B1,Taipei:16121,Taipei:16121:16121:0:7ec03bbe7dc0692a,604,Taipei,121.487253331,25.0228513603,Taipei:geo00,0.7,1,-0.3,10,1
topology:route_type:B1,Taipei:16122,Taipei:16122:16122:0:0ecfcc5688ce337a,651,Taipei,121.5015684,25.0255729196,Taipei:geo00,0.8,0.7,0.1,10,1
topology:route_type:B1,Taipei:16125,Taipei:16125:159239:0:ad5afb1ffeba88c9,藍20,Taipei,121.582935102,25.0705434634,Taipei:geo05,0.1,0.1,0,10,1
topology:route_type:B1,Taipei:16127,Taipei:16127:157862:0:95e92e0ed14c7fec,679,Taipei,121.603458818,25.0140624799,Taipei:geo06,0.9,0.6,0.3,10,1
topology:route_type:B1,Taipei:16128,Taipei:16128:155898:0:152ac985ccec9b3f,225區,Taipei,121.498484052,25.0733890877,Taipei:geo02,0.6,0.8,-0.2,10,1
topology:route_type:B1,Taipei:16131,Taipei:16131:155928:0:f6004f806b4ee410,265夜,Taipei,121.479884605,25.0166371481,Taipei:geo00,1,0.8,0.2,10,1
topology:route_type:B1,Taipei:16132,Taipei:16132:157442:0:3cf10f696fe00354,212夜,Taipei,121.55913887,25.0429325313,Taipei:geo05,0.7,0.9,-0.2,10,1
topology:route_type:B1,Taipei:16133,Taipei:16133:161957:0:255347f3a30c7067,小9區,Taipei,121.515917831,25.1447732082,Taipei:geo01,0.8,0.8,0,10,1
topology:route_type:B1,Taipei:16140,Taipei:16140:162297:0:09515291fec2cc10,貓空左線(指南宮),Taipei,121.596658159,24.9707449944,Taipei:geo06,0.340669856459,0.3,0.0406698564593,10,1045
topology:route_type:B1,Taipei:16153,Taipei:16153:155904:0:cc3689f74ac4e83b,棕19,Taipei,121.612260898,25.0660553879,Taipei:geo07,0,0,0,10,1
topology:route_type:B1,Taipei:16157,Taipei:16157:155919:0:3a18e500ce05826d,208直,Taipei,121.528332296,25.0338942403,Taipei:geo04,0.9,0.7,0.2,10,1
topology:route_type:B1,Taipei:16158,Taipei:16158:155924:0:532587da278816a7,292副,Taipei,121.522774397,25.0510282258,Taipei:geo02,1,0.8,0.2,10,1
topology:route_type:B1,Taipei:16163,Taipei:16163:155930:1:5d2651b6322093e8,貓空左線(動物園),Taipei,121.58830661,24.9826415959,Taipei:geo06,0.1,0.2,-0.1,10,1
topology:route_type:B1,Taipei:16164,Taipei:16164:155931:0:dbe87cb7040b4c85,市民小巴12,Taipei,121.51270579,25.0925907383,Taipei:geo03,0,0.1,-0.1,10,1
topology:route_type:B1,Taipei:16166,Taipei:16166:159663:1:41ed0e792bf52577,紅50,Taipei,121.553955309,25.065140011,Taipei:geo05,0,0,0,10,1
topology:route_type:B1,Taipei:16168,Taipei:16168:155937:0:a06576c7360881ac,108區,Taipei,121.54099514,25.1702307164,Taipei:geo01,0.6,0.5,0.1,10,1
topology:route_type:B1,Taipei:16169,Taipei:16169:155938:0:6fb57c9737e42086,672區,Taipei,121.524479838,24.9984422147,Taipei:geo04,0.4,0.8,-0.4,10,1
topology:route_type:B1,Taipei:16172,Taipei:16172:155956:0:974cacb4f60d4c23,懷恩專車S31,Taipei,121.54146392,25.0190169961,Taipei:geo04,0.3,0.2,0.1,10,2
topology:route_type:B1,Taipei:16174,Taipei:16174:155942:0:6a611f2d16f8ae8d,棕20,Taipei,121.562833989,25.0819340229,Taipei:geo05,0.1,0.1,0,10,1
topology:route_type:B1,Taipei:16184,Taipei:16184:157886:0:ccaf5f4dfca2c2b3,680,Taipei,121.539036999,25.073336976,Taipei:geo02,0.4,0.7,-0.3,10,1
topology:route_type:B1,Taipei:16439,Taipei:16439:157441:0:f07c993aa54e5bba,278區,Taipei,121.544195758,25.0293312869,Taipei:geo04,1,0.5,0.5,10,1
topology:route_type:B1,Taipei:16440,Taipei:16440:157444:0:47341bc430ecea49,藍50,Taipei,121.585149195,25.05899202,Taipei:geo05,0.2,0,0.2,10,1
topology:route_type:B1,Taipei:16504,Taipei:16504:157534:0:fae257ed242c7685,756,Taipei,121.487233826,25.1151979433,Taipei:geo01,0.933333333333,0.5,0.433333333333,10,3
topology:route_type:B1,Taipei:16506,Taipei:16506:157539:0:ac0da39aaad27222,藍51,Taipei,121.611834876,25.0613218367,Taipei:geo07,0,0.1,-0.1,10,2
topology:route_type:B1,Taipei:16508,Taipei:16508:157541:0:6f400cc930dde012,懷恩專車S33,Taipei,121.544878554,25.0320595131,Taipei:geo04,0.456046065259,0,0.456046065259,10,1042
topology:route_type:B1,Taipei:16559,Taipei:16559:157594:0:6156bc474a419fab,42區,Taipei,121.537994941,25.0785558759,Taipei:geo02,0.7,0.3,0.4,10,1
topology:route_type:B1,Taipei:16568,Taipei:16568:159455:1:3ed21fdc967a8863,棕21,Taipei,121.577976807,25.0064696385,Taipei:geo06,0.6,0.2,0.4,10,1
topology:route_type:B1,Taipei:16648,Taipei:16648:157713:0:e297da986c4c0285,小28,Taipei,121.502470655,25.1373660714,Taipei:geo01,0.666666666667,0.7,-0.0333333333333,10,3
topology:route_type:B1,Taipei:16649,Taipei:16649:157714:0:838a2388f6c24cbb,市民小巴15,Taipei,121.601668858,25.0572117465,Taipei:geo07,0,0,0,10,2
topology:route_type:B1,Taipei:16706,Taipei:16706:157798:0:8a28c84afb442f05,758,Taipei,121.483555271,25.0397908293,Taipei:geo00,0.9,0.9,0,10,1
topology:route_type:B1,Taipei:16707,Taipei:16707:157799:0:fa0f1d87bbbda9a7,757,Taipei,121.479851489,25.122115415,Taipei:geo01,0.8,0.4,0.4,10,1
topology:route_type:B1,Taipei:16709,Taipei:16709:157801:0:4fdc3bfc55170026,254區,Taipei,121.52862821,25.0008259856,Taipei:geo04,0.6,0.7,-0.1,10,1
topology:route_type:B1,Taipei:16746,Taipei:16746:157855:0:4697ed9b41ece43b,1717,Taipei,121.559498455,25.152157123,Taipei:geo01,0.7,0.6,0.1,10,1
topology:route_type:B1,Taipei:16747,Taipei:16747:157857:0:079781b60964ef8a,棕22,Taipei,121.537710382,25.0096696148,Taipei:geo04,0.2,0.1,0.1,10,1
topology:route_type:B1,Taipei:16749,Taipei:16749:157860:0:62854fe2f430f970,紅55,Taipei,121.469063446,25.1315427369,Taipei:geo01,0.3,0.3,0,10,1
topology:route_type:B1,Taipei:16750,Taipei:16750:157859:0:ffc60bfce9ae94ff,紅55區,Taipei,121.466669295,25.1269942267,Taipei:geo01,0.3,0.3,0,10,1
topology:route_type:B1,Taipei:17018,Taipei:17018:158145:0:b51b37122997e929,懷恩專車S32,Taipei,121.551903616,25.0190628358,Taipei:geo04,0.3,0.1,0.2,10,1
topology:route_type:B1,Taipei:17020,Taipei:17020:158146:0:c21b6c4b418b0211,小30,Taipei,121.559403024,25.0100064083,Taipei:geo06,0,0,0,10,2
topology:route_type:B1,Taipei:17022,Taipei:17022:158149:0:ee69a90d64419521,紅57,Taipei,121.538593301,25.0396584577,Taipei:geo04,0,0,0,10,1
topology:route_type:B1,Taipei:17333,Taipei:17333:158480:0:7f5772f5541d52c3,557,Taipei,121.530213173,25.0958280359,Taipei:geo03,0.5,0.3,0.2,10,1
topology:route_type:B1,Taipei:17363,Taipei:17363:158510:0:03f87f65335999c5,949,Taipei,121.576878977,25.0110689799,Taipei:geo06,0.9,0.5,0.4,10,1
topology:route_type:B1,Taipei:17390,Taipei:17390:158544:0:d754a32864045cf4,950,Taipei,121.543420153,25.0301083202,Taipei:geo04,0.4,0.5,-0.1,10,1
topology:route_type:B1,Taipei:17436,Taipei:17436:158592:0:b3c0867f847832dd,紅3,Taipei,121.545360165,25.0801951852,Taipei:geo03,0.35,0.1,0.25,10,2
topology:route_type:B1,Taipei:17512,Taipei:17512:158675:0:5a4189ad4eafb3e5,311區,Taipei,121.508337764,25.0020738468,Taipei:geo04,0.6,0.6,0,10,1
topology:route_type:B1,Taipei:17555,Taipei:17555:158725:0:0f10ff76e8409be3,東環幹線,Taipei,121.57445591,25.0623616752,Taipei:geo05,0,0.2,-0.2,10,2
topology:route_type:B1,Taipei:17556,Taipei:17556:158726:0:d78e34a95f0bb8a0,綠17,Taipei,121.502803306,25.0367250962,Taipei:geo00,0,0,0,10,1
topology:route_type:B1,Taipei:17560,Taipei:17560:158730:0:cb808552ed3117ec,兒樂1號線,Taipei,121.521009814,25.0975591185,Taipei:geo03,0.3,0.2,0.1,10,1
topology:route_type:B1,Taipei:17561,Taipei:17561:158731:0:9b572dea569ae6c8,兒樂2號線,Taipei,121.520036338,25.0909375005,Taipei:geo03,0.1,0.1,0,10,1
topology:route_type:B1,Taipei:17580,Taipei:17580:158751:0:767a200c83794c26,花季專車124,Taipei,121.544617227,25.16740916,Taipei:geo01,0,0,0,10,1
topology:route_type:B1,Taipei:17709,Taipei:17709:158892:0:611b82099fad4a1b,955,Taipei,121.61339197,25.0659069305,Taipei:geo07,0.7,0.3,0.4,10,1
topology:route_type:B1,Taipei:17740,Taipei:17740:159045:0:b3b38a759fc87fb7,957,Taipei,121.484066035,25.131754948,Taipei:geo01,0.8,0.4,0.4,10,1
topology:route_type:B1,Taipei:17800,Taipei:17800:159145:0:52348650d2d97f30,臺北觀光巴士紅線,Taipei,121.532460032,25.038519483,Taipei:geo04,0,0.1,-0.1,10,1
topology:route_type:B1,Taipei:17801,Taipei:17801:159146:0:eadbb3d1ef5e980a,臺北觀光巴士藍線,Taipei,121.526861236,25.0756612468,Taipei:geo02,0,0.3,-0.3,10,2
topology:route_type:B1,Taipei:17805,Taipei:17805:159150:0:cb03357d017d22b9,559,Taipei,121.51356825,25.1207227666,Taipei:geo01,0.35,0.4,-0.05,10,2
topology:route_type:B1,Taipei:17825,Taipei:17825:159189:0:aed5f8559476d87a,660區,Taipei,121.590078594,24.999069931,Taipei:geo06,0.9,0.5,0.4,10,1
topology:route_type:B1,Taipei:17869,Taipei:17869:159297:0:37669ed954a3b249,88區,Taipei,121.555133746,25.0359266603,Taipei:geo04,0.8,0.9,-0.1,10,1
topology:route_type:B1,Taipei:17908,Taipei:17908:159369:0:e1df9f5c268e5bb0,市民小巴16,Taipei,121.531209026,25.115647047,Taipei:geo03,0.1,0.1,0,10,2
topology:route_type:B1,Taipei:17928,Taipei:17928:162432:0:8dc51b004076fcda,907通勤,Taipei,121.599391739,25.0404499254,Taipei:geo07,0.4,0.7,-0.3,10,1
topology:route_type:B1,Taipei:17929,Taipei:17929:159413:0:94382f9f2186f494,紅68,Taipei,121.510800732,25.1011650538,Taipei:geo03,0.1,0.3,-0.2,10,1
topology:route_type:B1,Taipei:17944,Taipei:17944:159442:0:ea61a5dad2d306da,66,Taipei,121.572070331,25.0099261613,Taipei:geo06,0.4,0.6,-0.2,10,1
topology:route_type:B1,Taipei:17952,Taipei:17952:159454:0:8dd4d102b1c2dfc6,617副,Taipei,121.526593048,25.064079292,Taipei:geo02,0.8,0.8,0,10,1
topology:route_type:B1,Taipei:17967,Taipei:17967:159543:1:7a9a811a29323117,通勤7,Taipei,121.578715692,25.0219742598,Taipei:geo06,0,0,0,10,3
topology:route_type:B1,Taipei:17993,Taipei:17993:159588:0:ab75319a0c62b420,紅10區,Taipei,121.519788008,25.0901347028,Taipei:geo03,0.5,0.1,0.4,10,1
topology:route_type:B1,Taipei:18015,Taipei:18015:159636:0:8caecd691134f076,內科通勤專車21,Taipei,121.522817296,25.0422078832,Taipei:geo02,0.6,0.2,0.4,10,2
topology:route_type:B1,Taipei:18039,Taipei:18039:159671:0:582f2b1fda708d59,通勤9,Taipei,121.514800287,25.1038933605,Taipei:geo03,0,0,0,10,1
topology:route_type:B1,Taipei:18040,Taipei:18040:159672:0:c526b3e2ed24f091,小10區,Taipei,121.578294906,24.9809092888,Taipei:geo06,0.2,0.2,0,10,1
topology:route_type:B1,Taipei:18044,Taipei:18044:159688:0:7ef4a3ffef1b7681,藍7副,Taipei,121.569657446,25.0676008909,Taipei:geo05,0.2,0.2,0,10,1
topology:route_type:B1,Taipei:18057,Taipei:18057:159715:0:a3d6df04a6c044db,295副,Taipei,121.551912364,25.0078552329,Taipei:geo06,0.7,0.5,0.2,10,1
topology:route_type:B1,Taipei:18198,Taipei:18198:160069:0:6a08d5bbd602d814,通勤11,Taipei,121.52959875,25.0101228193,Taipei:geo04,0.4,0.1,0.3,10,1
topology:route_type:B1,Taipei:18199,Taipei:18199:160073:0:3f9291b23f6c2660,通勤12,Taipei,121.529966236,25.0080282906,Taipei:geo04,0.3,0.1,0.2,10,1
topology:route_type:B1,Taipei:18228,Taipei:18228:160117:0:60299961c0898436,通勤13,Taipei,121.54658507,25.0037722342,Taipei:geo04,0.1,0.1,0,10,1
topology:route_type:B1,Taipei:18348,Taipei:18348:160269:0:00aa1c0dc47105e9,542預,Taipei,121.533371843,25.0661136556,Taipei:geo02,0.5,0.7,-0.2,10,1
topology:route_type:B1,Taipei:18428,Taipei:18428:161998:1:0807da5a95f70217,通勤16,Taipei,121.611673189,25.0511095505,Taipei:geo07,0.0117929050815,0,0.0117929050815,10,1043
topology:route_type:B1,Taipei:18508,Taipei:18508:160469:0:33ccf14300d2d7ae,棕20預,Taipei,121.564371265,25.0806163271,Taipei:geo05,0.1,0.1,0,10,1
topology:route_type:B1,Taipei:18648,Taipei:18648:160697:0:87aa756564366295,通勤22,Taipei,121.563910116,25.0077700164,Taipei:geo06,0.2,0,0.2,10,2
topology:route_type:B1,Taipei:18658,Taipei:18658:160717:0:02d4e74ab9c4d1a2,通勤21,Taipei,121.585964417,24.9858343105,Taipei:geo06,0,0,0,10,2
topology:route_type:B1,Taipei:18708,Taipei:18708:160767:0:238a9a151651c8cf,通勤24,Taipei,121.554597791,25.01368706,Taipei:geo04,0.1,0,0.1,10,1
topology:route_type:B1,Taipei:18868,Taipei:18868:161017:0:f96d1916aaa57172,紅35區,Taipei,121.467191776,25.1273294116,Taipei:geo01,0.503266090298,0.3,0.203266090298,10,1041
topology:route_type:B1,Taipei:19028,Taipei:19028:161287:0:d2bf83e19fdf050f,通勤26,Taipei,121.549698693,25.1022851271,Taipei:geo03,0,0.2,-0.2,10,3
topology:route_type:B1,Taipei:19108,Taipei:19108:161407:1:e4c057c3173048f3,307西藏三民,Taipei,121.503015799,25.0283842582,Taipei:geo00,0.8,0.7,0.1,10,1
topology:route_type:B1,Taipei:19159,Taipei:19159:161480:0:6d9bba2612511a31,297預,Taipei,121.515562345,25.019551282,Taipei:geo04,0.6,0.8,-0.2,10,1
topology:route_type:B1,Taipei:19178,Taipei:19178:161498:0:7b0aa372deb4c8c2,260區預,Taipei,121.537106328,25.1077523441,Taipei:geo03,0.5,0.2,0.3,10,2
topology:route_type:B1,Taipei:19298,Taipei:19298:161667:0:b3797c1012d5ca2a,紅25區,Taipei,121.57874311,25.0549596364,Taipei:geo05,0.1,0,0.1,10,1
topology:route_type:B1,Taipei:19408,Taipei:19408:161868:0:364609bd6850f23b,通勤27,Taipei,121.52291855,25.0843778744,Taipei:geo03,0.2,0.2,0,10,1
topology:route_type:B1,Taipei:19418,Taipei:19418:161870:0:46c6479b6e3fbb58,小8區,Taipei,121.527340381,25.1437110842,Taipei:geo01,0.5,0.7,-0.2,10,1
topology:route_type:B1,Taipei:19438,Taipei:19438:161887:0:a4fe87f8fa8c20d6,539預,Taipei,121.501941071,25.0702986909,Taipei:geo02,1,0.6,0.4,10,1
topology:route_type:B1,Taipei:19448,Taipei:19448:161907:0:6e8442f0baf9db7c,市民小巴17,Taipei,121.576837371,25.037086205,Taipei:geo05,0,0,0,10,1
topology:route_type:B1,Taipei:19458,Taipei:19458:161937:0:6c65107218044359,683預,Taipei,121.563925687,25.0837152637,Taipei:geo05,0.6,0.6,0,10,2
topology:route_type:B1,Taipei:19488,Taipei:19488:162007:0:8f76b47c4b9b14f5,通勤28,Taipei,121.510171724,25.0796119905,Taipei:geo02,0,0.1,-0.1,10,1
topology:route_type:B1,Taipei:19528,Taipei:19528:162047:0:d10d798c13f21924,246預,Taipei,121.512137272,25.0572896082,Taipei:geo02,0.7,0.7,0,10,1
topology:route_type:B1,Taipei:19539,Taipei:19539:162058:0:1713ad9d8d9cd90e,通勤29,Taipei,121.576359018,25.0544787299,Taipei:geo05,0,0.2,-0.2,10,1
topology:route_type:B1,Taipei:19618,Taipei:19618:162177:0:3071a52bb584e0e3,市民小巴18,Taipei,121.567556311,25.0552770121,Taipei:geo05,0,0,0,10,1
topology:route_type:B1,Taipei:19648,Taipei:19648:162247:0:8be02cee1e2ebdcd,懷恩專車S34,Taipei,121.539218648,25.0221648941,Taipei:geo04,0.3,0.1,0.2,10,2
topology:route_type:B1,Taipei:19678,Taipei:19678:162277:0:223273bd5a08500f,261預,Taipei,121.493941775,25.0667609638,Taipei:geo00,0.8,0.8,0,10,1
topology:route_type:B1,Taipei:19688,Taipei:19688:162308:0:c02917c7d9526d2d,310區,Taipei,121.47759323,25.028582305,Taipei:geo00,0.8,0.8,0,10,1
topology:route_type:B1,Taipei:19698,Taipei:19698:162320:0:b33dc523df5d63ed,小15區預,Taipei,121.544582236,25.1178135307,Taipei:geo03,0.4,0.4,0,10,1
topology:route_type:B1,Taipei:19716,Taipei:19716:162397:0:fc3c2792aefb0dbe,小39,Taipei,121.51261923,25.1391870363,Taipei:geo01,0.6,0.7,-0.1,10,1
topology:route_type:B1,Taipei:19717,Taipei:19717:162399:0:f2e7c2d79fdc0116,302區,Taipei,121.495938924,25.119101882,Taipei:geo01,0.8,0.6,0.2,10,1
topology:route_type:B1,Taipei:19718,Taipei:19718:162402:0:f827633623a89461,902區,Taipei,121.551494467,25.0380898866,Taipei:geo04,0.9,0.9,0,10,1
topology:route_type:B1,Taipei:19719,Taipei:19719:162403:0:7e1a91685333b8e9,紅68預,Taipei,121.5111442,25.1013078182,Taipei:geo03,0.1,0.3,-0.2,10,1
topology:route_type:B1,Taipei:19720,Taipei:19720:162405:0:7731d47c4d2bfb08,536區,Taipei,121.504283285,25.1004945266,Taipei:geo03,0.5,0.3,0.2,10,1
topology:route_type:B1,Taipei:19721,Taipei:19721:162406:0:18f4c25932c20617,雙園巴士,Taipei,121.581643858,25.0667172495,Taipei:geo05,0,0,0,10,1
topology:route_type:B1,Taipei:19755,Taipei:19755:162471:0:9967c39e9859a1a0,新莊-臺北車站,Taipei,121.483387007,25.0555570994,Taipei:geo00,0.1,0.3,-0.2,10,1
topology:route_type:B1,Taipei:19759,Taipei:19759:162482:0:84abca0b169e147d,通勤30,Taipei,121.519394995,25.0756101037,Taipei:geo02,0.1,0.3,-0.2,10,1
topology:route_type:B1,Taipei:19776,Taipei:19776:162507:0:49679ae5bfa42902,綠18,Taipei,121.551088826,24.9870970485,Taipei:geo06,0.2,0.2,0,10,1
topology:route_type:B1,Taipei:19779,Taipei:19779:162537:0:3b9e2c43acd48d37,北士科1,Taipei,121.521514749,25.1046907693,Taipei:geo03,0,0.2,-0.2,10,2
topology:route_type:B1,Taipei:19798,Taipei:19798:162616:0:38b742654df32227,606通勤,Taipei,121.53796818,25.0471156394,Taipei:geo02,0.5,0.5,0,10,1
topology:route_type:B1,Taipei:810,Taipei:810:810:0:a97c548ba05f7eaa,敦化幹線,Taipei,121.537249554,25.0714715778,Taipei:geo02,0,0,0,10,1
topology:route_type:B2,NewTaipei:10116,NewTaipei:10116:101160:0:ff7bdc67505e9598,242,NewTaipei,121.509319152,25.009180583,NewTaipei:geo03,0.9,0.7,0.2,10,1
topology:route_type:B2,NewTaipei:10143,NewTaipei:10143:10143:0:b56855db4cf7d5ae,棕7,NewTaipei,121.545221155,24.9859435308,NewTaipei:geo03,0.2,0.2,0,10,1
topology:route_type:B2,NewTaipei:10148,NewTaipei:10148:101480:0:466ad563122a78aa,702,NewTaipei,121.400848129,24.9739634022,NewTaipei:geo00,0.75,0.9,-0.15,10,2
topology:route_type:B2,NewTaipei:10149,NewTaipei:10149:101490:0:8795353df3583e42,624綠野香坡,NewTaipei,121.505240043,24.9892807947,NewTaipei:geo03,0.7,1,-0.3,10,1
topology:route_type:B2,NewTaipei:10151,NewTaipei:10151:101510:0:995ae95c0ef44acc,701,NewTaipei,121.447061631,25.0115495113,NewTaipei:geo02,0.9,0.8,0.1,10,1
topology:route_type:B2,NewTaipei:10161,NewTaipei:10161:101610:0:4f2968b52dfcb7e7,231,NewTaipei,121.479437471,25.012536982,NewTaipei:geo03,0.8,0.8,0,10,1
topology:route_type:B2,NewTaipei:10162,NewTaipei:10162:10162:0:37cc628cc28a412d,245,NewTaipei,121.47602604,25.0150112199,NewTaipei:geo03,0.9,1,-0.1,10,2
topology:route_type:B2,NewTaipei:10163,NewTaipei:10163:158438:0:6532562bb7767d0b,656,NewTaipei,121.474635399,25.0138304114,NewTaipei:geo03,1,1,0,10,1
topology:route_type:B2,NewTaipei:10164,NewTaipei:10164:10164:1:a6865ea531d7320d,657,NewTaipei,121.463799934,24.9991092794,NewTaipei:geo03,0.7,0.3,0.4,10,1
topology:route_type:B2,NewTaipei:10171,NewTaipei:10171:101710:0:98973ebc62b4e2a4,201,NewTaipei,121.492436456,25.0116682614,NewTaipei:geo03,0.8,0.4,0.4,10,1
topology:route_type:B2,NewTaipei:10172,NewTaipei:10172:101720:0:e4568c6a58eb0426,243,NewTaipei,121.504757529,25.0147400033,NewTaipei:geo03,0.6,0.6,0,10,1
topology:route_type:B2,NewTaipei:10173,NewTaipei:10173:10173:0:c37095860ef814ee,241,NewTaipei,121.511007818,25.0064751787,NewTaipei:geo03,0.7,0.8,-0.1,10,1
topology:route_type:B2,NewTaipei:10195,NewTaipei:10195:101950:0:2edae7707d881214,705,NewTaipei,121.429646389,24.9759311334,NewTaipei:geo00,0.7,0.6,0.1,10,1
topology:route_type:B2,NewTaipei:10196,NewTaipei:10196:158514:0:97ba35e037ac79fe,706,NewTaipei,121.444008744,24.9762242579,NewTaipei:geo00,0.3,0.6,-0.3,10,1
topology:route_type:B2,NewTaipei:10281,NewTaipei:10281:158434:0:9bbe0e4d7030c1b6,藍2,NewTaipei,121.461314562,25.0339653692,NewTaipei:geo02,0,0,0,10,1
topology:route_type:B2,NewTaipei:10325,NewTaipei:10325:158645:0:d50e277fc0e2a519,909,NewTaipei,121.526722472,24.9888506606,NewTaipei:geo03,0.8,0.6,0.2,10,1
topology:route_type:B2,NewTaipei:10329,NewTaipei:10329:10329:0:19eb6d1ec1896e66,906,NewTaipei,121.528346012,24.9924983541,NewTaipei:geo03,0.8,0.7,0.1,10,1
topology:route_type:B2,NewTaipei:10424,NewTaipei:10424:10424:0:3c6ba69d5785da66,520,NewTaipei,121.480812697,25.0636170989,NewTaipei:geo02,0.9,0.7,0.2,10,2
topology:route_type:B2,NewTaipei:10453,NewTaipei:10453:158513:0:6b884c958d9a56f2,640,NewTaipei,121.474301606,25.0646461226,NewTaipei:geo02,0.8,0.7,0.1,10,2
topology:route_type:B2,NewTaipei:10474,NewTaipei:10474:10474:0:3da456d90f518a0d,636,NewTaipei,121.464220248,25.0423837346,NewTaipei:geo02,0.9,0.9,0,10,1
topology:route_type:B2,NewTaipei:10475,NewTaipei:10475:158511:0:e2bbc3b542a0944a,635,NewTaipei,121.458629341,25.0367362827,NewTaipei:geo02,0.9,0.7,0.2,10,1
topology:route_type:B2,NewTaipei:10491,NewTaipei:10491:104910:0:50a7a3e32b5246cf,637,NewTaipei,121.454669281,25.0489042232,NewTaipei:geo02,0.9,0.9,0,10,1
topology:route_type:B2,NewTaipei:10492,NewTaipei:10492:104920:0:451a2f199685c72e,638,NewTaipei,121.466358695,25.0533308856,NewTaipei:geo02,1,1,0,10,1
topology:route_type:B2,NewTaipei:10511,NewTaipei:10511:105110:0:a7cd1a1880f65d57,639,NewTaipei,121.458524382,25.0326087444,NewTaipei:geo02,0.9,0.9,0,10,1
topology:route_type:B2,NewTaipei:10731,NewTaipei:10731:158439:0:eb3e1ece8f40788b,綠2左,NewTaipei,121.538013733,24.9887056528,NewTaipei:geo03,0.5,0.1,0.4,10,1
topology:route_type:B2,NewTaipei:10732,NewTaipei:10732:158436:0:b3cdc49ee57cc087,綠2右,NewTaipei,121.535661611,24.9929612831,NewTaipei:geo03,0.4,0,0.4,10,1
topology:route_type:B2,NewTaipei:10753,NewTaipei:10753:107530:0:896dd5157763170d,666華梵大學,NewTaipei,121.62190555,24.9934221443,NewTaipei:geo06,1,0.7,0.3,10,1
topology:route_type:B2,NewTaipei:10772,NewTaipei:10772:158435:0:1fd0289257a63bf1,249,NewTaipei,121.514890777,25.0117374304,NewTaipei:geo03,1,0.5,0.5,10,1
topology:route_type:B2,NewTaipei:10784,NewTaipei:10784:158646:0:a1be720352ca62b6,290副,NewTaipei,121.538037129,24.9893196368,NewTaipei:geo03,0.4,0.3,0.1,10,2
topology:route_type:B2,NewTaipei:11244,NewTaipei:11244:158644:0:6f3b44a495988e6d,62,NewTaipei,121.495369643,25.0560890016,NewTaipei:geo02,0.6,0.6,0,10,1
topology:route_type:B2,NewTaipei:15224,NewTaipei:15224:158440:0:42d382630157eddd,631,NewTaipei,121.476111811,25.1585429546,NewTaipei:geo01,0.4,0.5,-0.1,10,1
topology:route_type:B2,NewTaipei:15638,NewTaipei:15638:15638:0:8665fdcdfd5bb428,677,NewTaipei,121.620796246,25.0732522888,NewTaipei:geo06,0.6,0.6,0,10,1
topology:route_type:B2,NewTaipei:15717,NewTaipei:15717:15717:0:cce8f6eb61c362e7,913,NewTaipei,121.525869513,24.9962054025,NewTaipei:geo03,0.8,0.9,-0.1,10,1
topology:route_type:B2,NewTaipei:16113,NewTaipei:16113:16113:0:05803dbd7ae935cd,658,NewTaipei,121.474824058,25.0321458768,NewTaipei:geo02,0.9,0.5,0.4,10,1
topology:route_type:B2,NewTaipei:16123,NewTaipei:16123:158437:0:3c5e4731a4b4b30c,667,NewTaipei,121.480409834,25.017978059,NewTaipei:geo03,0.6,0.7,-0.1,10,2
topology:route_type:B2,NewTaipei:16189,NewTaipei:16189:162575:0:c85ca45c9a903b07,三鶯2線(原812),NewTaipei,121.375713823,24.9300775923,NewTaipei:geo00,0.2,0.5,-0.3,10,1
topology:route_type:B2,NewTaipei:16191,NewTaipei:16191:157186:0:ffcd87d7cf75a642,藍31,NewTaipei,121.473569931,25.0123972029,NewTaipei:geo03,0.1,0.2,-0.1,10,1
topology:route_type:B2,NewTaipei:16207,NewTaipei:16207:157202:0:db4a55dead0282a8,藍44,NewTaipei,121.425998406,24.9812387726,NewTaipei:geo00,0.4,0.2,0.2,10,2
topology:route_type:B2,NewTaipei:16210,NewTaipei:16210:159937:0:229eb14acc3b7bab,917,NewTaipei,121.384958055,24.9529203844,NewTaipei:geo00,0.6,0.4,0.2,10,1
topology:route_type:B2,NewTaipei:16215,NewTaipei:16215:157210:0:d111340ad9c69495,848,NewTaipei,121.444365643,25.0027434819,NewTaipei:geo00,0.7,0.4,0.3,10,1
topology:route_type:B2,NewTaipei:16223,NewTaipei:16223:157218:0:5a35c4e39f131dcb,807,NewTaipei,121.399789984,24.8825744363,NewTaipei:geo00,0.5,0.4,0.1,10,1
topology:route_type:B2,NewTaipei:16224,NewTaipei:16224:157219:0:ee4d73835b4e51fc,922,NewTaipei,121.400327579,24.9523211636,NewTaipei:geo00,0.7,0.3,0.4,10,1
topology:route_type:B2,NewTaipei:16243,NewTaipei:16243:157238:0:7e6338ffc15c7e13,綠15,NewTaipei,121.512835551,24.9639304896,NewTaipei:geo03,0.3,0.4,-0.1,10,1
topology:route_type:B2,NewTaipei:16258,NewTaipei:16258:157253:0:c90af6eec0eae095,819,NewTaipei,121.585826572,24.9944077043,NewTaipei:geo03,1,0.5,0.5,10,1
topology:route_type:B2,NewTaipei:16265,NewTaipei:16265:157260:0:9cb26a43908cd483,橘1,NewTaipei,121.506098747,24.9702928736,NewTaipei:geo03,0.1,0,0.1,10,1
topology:route_type:B2,NewTaipei:16269,NewTaipei:16269:157264:0:fea170968f437c8f,836,NewTaipei,121.436682601,25.1730336615,NewTaipei:geo01,0.5,0.2,0.3,10,1
topology:route_type:B2,NewTaipei:16270,NewTaipei:16270:157265:0:d1e018273448e9e8,838,NewTaipei,121.446395921,25.0952242542,NewTaipei:geo02,0.7,0.5,0.2,10,1
topology:route_type:B2,NewTaipei:16274,NewTaipei:16274:157269:0:3976469af2beaca4,橘9,NewTaipei,121.497458385,24.9680618056,NewTaipei:geo03,0.1,0,0.1,10,1
topology:route_type:B2,NewTaipei:16282,NewTaipei:16282:157277:0:e4cef3c5f509aef3,紅38,NewTaipei,121.433816768,25.1857120436,NewTaipei:geo01,0.5,0.4,0.1,10,1
topology:route_type:B2,NewTaipei:16288,NewTaipei:16288:160578:0:dbb500a8d4d63a4a,紅28,NewTaipei,121.448956244,25.1710341892,NewTaipei:geo01,0.114559386973,0.5,-0.385440613027,10,1044
topology:route_type:B2,NewTaipei:16294,NewTaipei:16294:157289:0:926a4c0b056ede89,藍22,NewTaipei,121.626939608,25.0581687801,NewTaipei:geo06,0,0,0,10,1
topology:route_type:B2,NewTaipei:16296,NewTaipei:16296:157291:0:b1cc7983fa2a5e4c,藍15,NewTaipei,121.634146383,25.0600388635,NewTaipei:geo06,0.1,0.3,-0.2,10,2
topology:route_type:B2,NewTaipei:16393,NewTaipei:16393:157389:0:bc5322e9b6aff990,849,NewTaipei,121.541847701,24.9501970593,NewTaipei:geo03,0.6,0.7,-0.1,10,1
topology:route_type:B2,NewTaipei:16397,NewTaipei:16397:157393:0:c3848df8ab253cb7,紅51,NewTaipei,121.436729876,25.1851471013,NewTaipei:geo01,0.4,0.4,0,10,1
topology:route_type:B2,NewTaipei:16405,NewTaipei:16405:157401:0:8e2eed2dc354272f,橘5,NewTaipei,121.471221192,25.014136541,NewTaipei:geo03,0,0,0,10,1
topology:route_type:B2,NewTaipei:16406,NewTaipei:16406:157402:0:a934aeb55537bbd3,8,NewTaipei,121.519521375,24.9758824381,NewTaipei:geo03,0.8,0.2,0.6,10,1
topology:route_type:B2,NewTaipei:16407,NewTaipei:16407:157403:0:951cb5809e92331c,橘2,NewTaipei,121.509228662,24.9963035508,NewTaipei:geo03,0,0,0,10,1
topology:route_type:B2,NewTaipei:16418,NewTaipei:16418:157414:0:fb2547867f6998f5,綠10,NewTaipei,121.530226856,24.9664068249,NewTaipei:geo03,0.3,0.3,0,10,1
topology:route_type:B2,NewTaipei:16420,NewTaipei:16420:157416:0:60d5a392e00e5851,綠7,NewTaipei,121.525382537,24.9638039231,NewTaipei:geo03,0.3,0.3,0,10,1
topology:route_type:B2,NewTaipei:16422,NewTaipei:16422:157418:0:7fffc97d7c15c07e,923,NewTaipei,121.629507365,24.9796330943,NewTaipei:geo06,0.3,0.7,-0.4,10,1
topology:route_type:B2,NewTaipei:16423,NewTaipei:16423:157419:0:797029e6ff15f3a0,930,NewTaipei,121.509713254,24.9891865207,NewTaipei:geo03,0.3,0.8,-0.5,10,1
topology:route_type:B2,NewTaipei:16425,NewTaipei:16425:157421:0:9642ba40e52508c5,811,NewTaipei,121.495536268,25.0749193568,NewTaipei:geo02,0.6,0.7,-0.1,10,1
topology:route_type:B2,NewTaipei:16427,NewTaipei:16427:157423:0:614597252624e502,839,NewTaipei,121.514429943,24.9556005961,NewTaipei:geo03,0.1,0.1,0,10,1
topology:route_type:B2,NewTaipei:16429,NewTaipei:16429:157425:1:05c3af4f8106018c,847,NewTaipei,121.422003109,24.9852603538,NewTaipei:geo00,0.7,0.8,-0.1,10,1
topology:route_type:B2,NewTaipei:16430,NewTaipei:16430:157426:0:c6bc531231826a46,紅36,NewTaipei,121.441346864,25.1766056841,NewTaipei:geo01,0.6,0.5,0.1,10,1
topology:route_type:B2,NewTaipei:16431,NewTaipei:16431:160948:1:449609585751e5cc,紅37,NewTaipei,121.440716758,25.1857486811,NewTaipei:geo01,0.1,0,0.1,10,1
topology:route_type:B2,NewTaipei:16432,NewTaipei:16432:157428:0:fd5d8ef2331c9f8c,紅39,NewTaipei,121.442862747,25.1752130378,NewTaipei:geo01,0.4,0.3,0.1,10,1
topology:route_type:B2,NewTaipei:16461,NewTaipei:16461:157481:0:f2013d00bdb2e426,707,NewTaipei,121.471061389,24.9876986477,NewTaipei:geo03,0.6,0.8,-0.2,10,1
topology:route_type:B2,NewTaipei:16462,NewTaipei:16462:157485:0:555f17115cbfb352,910,NewTaipei,121.40520887,24.9582100933,NewTaipei:geo00,0.8,0.8,0,10,1
topology:route_type:B2,NewTaipei:16463,NewTaipei:16463:157486:0:17b992db5eb9abef,藍35,NewTaipei,121.458962317,25.0169288809,NewTaipei:geo02,0.1,0.1,0,10,1
topology:route_type:B2,NewTaipei:16464,NewTaipei:16464:157487:0:adb2d3f0da3d543a,藍17,NewTaipei,121.463861905,24.9992784294,NewTaipei:geo03,0.3,0.1,0.2,10,1
topology:route_type:B2,NewTaipei:16466,NewTaipei:16466:157489:0:099be3d971d7f8ca,橘3,NewTaipei,121.510476028,25.0070777248,NewTaipei:geo03,0,0,0,10,1
topology:route_type:B2,NewTaipei:16467,NewTaipei:16467:157490:0:813c968ae1a21d97,51,NewTaipei,121.489824208,25.0063793457,NewTaipei:geo03,0.7,1,-0.3,10,1
topology:route_type:B2,NewTaipei:16468,NewTaipei:16468:157491:0:e5cd8610040b3f4c,57,NewTaipei,121.492465657,25.0024590542,NewTaipei:geo03,0.8,1,-0.2,10,1
topology:route_type:B2,NewTaipei:16471,NewTaipei:16471:157494:0:4122c5209b754707,藍33,NewTaipei,121.474981473,25.0205870689,NewTaipei:geo03,0.3,0.2,0.1,10,1
topology:route_type:B2,NewTaipei:16474,NewTaipei:16474:157497:0:11dc567882d77fb9,843,NewTaipei,121.430502765,25.0031162594,NewTaipei:geo00,0.8,0.6,0.2,10,1
topology:route_type:B2,NewTaipei:16479,NewTaipei:16479:157502:0:56cf2f0d58f20e42,802區,NewTaipei,121.439703018,25.0255584665,NewTaipei:geo02,0.8,0.6,0.2,10,1
topology:route_type:B2,NewTaipei:16481,NewTaipei:16481:157504:0:e690e2ea59c8d9d3,綠13,NewTaipei,121.538233601,24.9865053015,NewTaipei:geo03,0,0.3,-0.3,10,1
topology:route_type:B2,NewTaipei:16485,NewTaipei:16485:157508:0:153403772f37552b,835,NewTaipei,121.471144471,25.0506024624,NewTaipei:geo02,0.7,1,-0.3,10,1
topology:route_type:B2,NewTaipei:16486,NewTaipei:16486:157509:0:6fa1f784e1bf874c,藍37,NewTaipei,121.431529431,25.0090049497,NewTaipei:geo00,0.1,0.2,-0.1,10,1
topology:route_type:B2,NewTaipei:16487,NewTaipei:16487:157510:0:1d6c21b82a78bdd3,藍38,NewTaipei,121.432319299,24.9925826832,NewTaipei:geo00,0.1,0.2,-0.1,10,1
topology:route_type:B2,NewTaipei:16489,NewTaipei:16489:157512:0:9293bd7cd405a243,橘19,NewTaipei,121.460628186,25.0903641009,NewTaipei:geo02,0.1,0.5,-0.4,10,1
topology:route_type:B2,NewTaipei:16490,NewTaipei:16490:157513:0:c7c011ad366291b4,橘17,NewTaipei,121.461110027,25.0722385891,NewTaipei:geo02,0.2,0.1,0.1,10,1
topology:route_type:B2,NewTaipei:16491,NewTaipei:16491:157514:0:cb1a98b2da85e873,綠9,NewTaipei,121.546495353,24.9688581758,NewTaipei:geo03,0.4,0.3,0.1,10,1
topology:route_type:B2,NewTaipei:16492,NewTaipei:16492:157515:1:c1afb7f6c464c8e7,綠9耕莘,NewTaipei,121.5476096,24.9659037937,NewTaipei:geo03,0.5,0.3,0.2,10,1
topology:route_type:B2,NewTaipei:16493,NewTaipei:16493:157516:0:10f583b0d602773d,綠9北新國小,NewTaipei,121.54890284,24.9641412358,NewTaipei:geo03,0.4,0.1,0.3,10,1
topology:route_type:B2,NewTaipei:16497,NewTaipei:16497:157520:0:45353088cb0191ee,837,NewTaipei,121.447770861,25.1586323821,NewTaipei:geo01,0.8,0.6,0.2,10,1
topology:route_type:B2,NewTaipei:16498,NewTaipei:16498:157521:0:b277d5f922118d29,藍21,NewTaipei,121.627663668,25.0601660062,NewTaipei:geo06,0.5,0.2,0.3,10,2
topology:route_type:B2,NewTaipei:16499,NewTaipei:16499:157522:0:18b92cbc03184ac4,816,NewTaipei,121.489653193,25.0817582529,NewTaipei:geo02,0.4,0.7,-0.3,10,1
topology:route_type:B2,NewTaipei:16500,NewTaipei:16500:157523:0:2fe5c86352962881,815,NewTaipei,121.503957436,25.0860289774,NewTaipei:geo02,0.5,0.6,-0.1,10,2
topology:route_type:B2,NewTaipei:16511,NewTaipei:16511:157546:0:97dfcd6bd8d4856c,779,NewTaipei,121.449183753,24.9402142365,NewTaipei:geo00,0.7,0.7,0,10,2
topology:route_type:B2,NewTaipei:16513,NewTaipei:16513:157548:0:4782440627b68446,885,NewTaipei,121.416207753,24.989186365,NewTaipei:geo00,0.8,0.9,-0.1,10,1
topology:route_type:B2,NewTaipei:16515,NewTaipei:16515:157550:0:fd7e71caafc440ec,858,NewTaipei,121.407397289,25.0450674316,NewTaipei:geo02,0.8,0.6,0.2,10,1
topology:route_type:B2,NewTaipei:16517,NewTaipei:16517:157552:0:e84cfc4450033a6a,704,NewTaipei,121.453034848,25.1152454095,NewTaipei:geo02,0.7,1,-0.3,10,1
topology:route_type:B2,NewTaipei:16518,NewTaipei:16518:157553:0:4daa3c6f4d7638b5,859,NewTaipei,121.42812373,25.0217069106,NewTaipei:geo02,0.9,0.8,0.1,10,1
topology:route_type:B2,NewTaipei:16519,NewTaipei:16519:157554:0:55ef08b70c5a7553,橘22,NewTaipei,121.441370738,25.0230909874,NewTaipei:geo02,0,0.1,-0.1,10,1
topology:route_type:B2,NewTaipei:16521,NewTaipei:16521:159438:0:7dcd17baf028b851,704區,NewTaipei,121.436707681,25.135424386,NewTaipei:geo01,0.7,0.5,0.2,10,1
topology:route_type:B2,NewTaipei:16522,NewTaipei:16522:159493:0:48ca463942be810f,881,NewTaipei,121.436324493,25.1821718297,NewTaipei:geo01,0.2,0.4,-0.2,10,1
topology:route_type:B2,NewTaipei:16526,NewTaipei:16526:157561:0:0952272a718d5790,869,NewTaipei,121.438255471,25.1771831051,NewTaipei:geo01,0.3,0.2,0.1,10,1
topology:route_type:B2,NewTaipei:16527,NewTaipei:16527:161057:0:fef3e2600b43f288,878,NewTaipei,121.434351495,25.1516747267,NewTaipei:geo01,0.7,0.3,0.4,10,1
topology:route_type:B2,NewTaipei:16528,NewTaipei:16528:157563:0:b99d4b5b15fc620e,860,NewTaipei,121.459214514,25.2202215764,NewTaipei:geo01,1,0.9,0.1,10,1
topology:route_type:B2,NewTaipei:16529,NewTaipei:16529:157564:0:582028236e4a8166,861,NewTaipei,121.463282199,25.2235337996,NewTaipei:geo01,1,0.7,0.3,10,1
topology:route_type:B2,NewTaipei:16530,NewTaipei:16530:157565:0:4c48fa20a757131a,865,NewTaipei,121.508754714,25.2538554121,NewTaipei:geo04,1,0.5,0.5,10,1
topology:route_type:B2,NewTaipei:16531,NewTaipei:16531:157566:0:6edeac39989258f4,866,NewTaipei,121.495163433,25.218175467,NewTaipei:geo01,0.7,0.4,0.3,10,1
topology:route_type:B2,NewTaipei:16532,NewTaipei:16532:157567:0:33241f590e4708d9,867,NewTaipei,121.500757788,25.2487063063,NewTaipei:geo04,1,0.5,0.5,10,1
topology:route_type:B2,NewTaipei:16535,NewTaipei:16535:157570:0:8a87af187a50f6cf,874,NewTaipei,121.462341918,25.2194294842,NewTaipei:geo01,1,0.8,0.2,10,1
topology:route_type:B2,NewTaipei:16536,NewTaipei:16536:157571:0:977ed664178e8b3c,875,NewTaipei,121.471181634,25.185934396,NewTaipei:geo01,0.65,0.7,-0.05,10,2
topology:route_type:B2,NewTaipei:16538,NewTaipei:16538:157573:0:c77412f0a1a614e7,877,NewTaipei,121.506278635,25.2329585184,NewTaipei:geo04,0.8,0.5,0.3,10,1
topology:route_type:B2,NewTaipei:16542,NewTaipei:16542:157577:0:adea23d54075b7e4,879,NewTaipei,121.463937498,25.2070634346,NewTaipei:geo01,0.9,0.6,0.3,10,1
topology:route_type:B2,NewTaipei:16543,NewTaipei:16543:157578:0:698f23e34a5c602a,882,NewTaipei,121.464976043,25.2203369528,NewTaipei:geo01,1,0.7,0.3,10,1
topology:route_type:B2,NewTaipei:16544,NewTaipei:16544:157579:0:326106da96847510,藍39,NewTaipei,121.631083289,25.0627175316,NewTaipei:geo06,0.4,0.2,0.2,10,1
topology:route_type:B2,NewTaipei:16547,NewTaipei:16547:157582:0:1013ad8cc885ea21,808,NewTaipei,121.825866801,25.0995850308,NewTaipei:geo07,0.7,0.6,0.1,10,2
topology:route_type:B2,NewTaipei:16548,NewTaipei:16548:157583:0:0fe922028ca67465,827,NewTaipei,121.832488656,25.1095048005,NewTaipei:geo07,0.9,0.6,0.3,10,1
topology:route_type:B2,NewTaipei:16551,NewTaipei:16551:157586:0:5ddc9c9d0849bc5d,825,NewTaipei,121.827632851,25.1090149924,NewTaipei:geo07,0.9,0.4,0.5,10,1
topology:route_type:B2,NewTaipei:16552,NewTaipei:16552:157587:0:0fa77084048ad9f0,856(台灣好行-黃金福隆線),NewTaipei,121.907440828,25.0780618329,NewTaipei:geo07,0.7,0.3,0.4,10,1
topology:route_type:B2,NewTaipei:16554,NewTaipei:16554:157589:0:568df4a9dbf1af9d,826,NewTaipei,121.843828547,25.1090614658,NewTaipei:geo07,0.9,0.4,0.5,10,1
topology:route_type:B2,NewTaipei:16560,NewTaipei:16560:157596:0:78b83bf978980ec4,932,NewTaipei,121.410269438,24.9643360115,NewTaipei:geo00,0.5,0.8,-0.3,10,1
topology:route_type:B2,NewTaipei:16562,NewTaipei:16562:157598:0:95eea614884ed990,935,NewTaipei,121.527466324,24.9913608457,NewTaipei:geo03,0.7,0.8,-0.1,10,1
topology:route_type:B2,NewTaipei:16564,NewTaipei:16564:158931:1:404239bff2719fbf,876,NewTaipei,121.488641136,25.2070858519,NewTaipei:geo01,0.6,0.7,-0.1,10,1
topology:route_type:B2,NewTaipei:16565,NewTaipei:16565:159117:1:0fb437123a591e4a,886,NewTaipei,121.865609626,25.1204865978,NewTaipei:geo07,0.7,0.4,0.3,10,1
topology:route_type:B2,NewTaipei:16571,NewTaipei:16571:157613:0:913b0743a3e6b4cf,797,NewTaipei,121.460423738,25.0449657173,NewTaipei:geo02,0.9,0.8,0.1,10,1
topology:route_type:B2,NewTaipei:16573,NewTaipei:16573:157615:0:29b72f070ba6897d,800,NewTaipei,121.424377832,25.002967211,NewTaipei:geo00,0.9,0.7,0.2,10,1
topology:route_type:B2,NewTaipei:16576,NewTaipei:16576:157618:0:fd604b474ecdb29f,799,NewTaipei,121.448743157,25.0235680888,NewTaipei:geo02,0.9,0.8,0.1,10,2
topology:route_type:B2,NewTaipei:16577,NewTaipei:16577:157619:0:3f094f2084767eb8,871經中山北路,NewTaipei,121.456602703,25.1981526107,NewTaipei:geo01,0.7,0.8,-0.1,10,1
topology:route_type:B2,NewTaipei:16578,NewTaipei:16578:157620:1:cb89cb56b131df71,872經正德國中、直行中山北路,NewTaipei,121.453492181,25.2040801885,NewTaipei:geo01,0.9,0.8,0.1,10,1
topology:route_type:B2,NewTaipei:16579,NewTaipei:16579:157621:0:15e349ecfc745b38,873經正德國中,NewTaipei,121.454060785,25.2071247271,NewTaipei:geo01,0.8,0.9,-0.1,10,1
topology:route_type:B2,NewTaipei:16580,NewTaipei:16580:157622:0:9e5bcd641ece2dd0,891,NewTaipei,121.858109555,25.1149125402,NewTaipei:geo07,0.7,0.6,0.1,10,1
topology:route_type:B2,NewTaipei:16581,NewTaipei:16581:157623:0:4f5f2b4c3f6c7697,275,NewTaipei,121.512539813,25.0052900794,NewTaipei:geo03,0.8,1,-0.2,10,1
topology:route_type:B2,NewTaipei:16582,NewTaipei:16582:157626:0:b843fcd10e95eebe,橘25,NewTaipei,121.471915026,25.0768678023,NewTaipei:geo02,0.1,0.3,-0.2,10,1
topology:route_type:B2,NewTaipei:16583,NewTaipei:16583:157631:0:cbc53f4e0db5d28d,936,NewTaipei,121.423362066,25.070470167,NewTaipei:geo02,0.8,0.8,0,10,1
topology:route_type:B2,NewTaipei:16584,NewTaipei:16584:157632:0:3bca2c213484c485,820,NewTaipei,121.472042011,25.0546897315,NewTaipei:geo02,0.8,0.8,0,10,1
topology:route_type:B2,NewTaipei:16585,NewTaipei:16585:157633:0:f4bd265497f3f46e,908,NewTaipei,121.433187761,24.9669987854,NewTaipei:geo00,0.7,0.7,0,10,1
topology:route_type:B2,NewTaipei:16586,NewTaipei:16586:157634:0:0fa772082b91de3a,藍46,NewTaipei,121.385137996,24.9309034437,NewTaipei:geo00,0.1,0.2,-0.1,10,1
topology:route_type:B2,NewTaipei:16588,NewTaipei:16588:157636:0:332f61060683a30f,264,NewTaipei,121.479753003,25.047524112,NewTaipei:geo02,0.8,1,-0.2,10,1
topology:route_type:B2,NewTaipei:16590,NewTaipei:16590:157638:0:0f540881d7d1678a,綠12,NewTaipei,121.626930781,24.9491093352,NewTaipei:geo06,0.3,0,0.3,10,2
topology:route_type:B2,NewTaipei:16591,NewTaipei:16591:157639:0:aa282defe02db964,857,NewTaipei,121.460278383,25.0969503658,NewTaipei:geo02,0.6,0.7,-0.1,10,1
topology:route_type:B2,NewTaipei:16592,NewTaipei:16592:157640:0:e1ac5c119a9898bc,橘21,NewTaipei,121.437341401,25.0387737277,NewTaipei:geo02,0.1,0,0.1,10,2
topology:route_type:B2,NewTaipei:16593,NewTaipei:16593:157641:0:37d09c7129cc6bb8,橘18,NewTaipei,121.481673866,25.0837225973,NewTaipei:geo02,0.1,0.3,-0.2,10,1
topology:route_type:B2,NewTaipei:16594,NewTaipei:16594:157642:0:a933252818b9cc00,801,NewTaipei,121.471580154,25.0510645745,NewTaipei:geo02,1,1,0,10,1
topology:route_type:B2,NewTaipei:16595,NewTaipei:16595:157643:0:633f6ac8f6cf39da,803,NewTaipei,121.476068126,25.0604499519,NewTaipei:geo02,0.9,1,-0.1,10,1
topology:route_type:B2,NewTaipei:16599,NewTaipei:16599:157647:0:13c4ef5be217caf2,藍32,NewTaipei,121.460311926,25.0054114125,NewTaipei:geo03,0.1,0.2,-0.1,10,1
topology:route_type:B2,NewTaipei:16601,NewTaipei:16601:157649:0:74a8f5dbeabff939,藍40,NewTaipei,121.455811626,24.9777473536,NewTaipei:geo00,0.1,0.3,-0.2,10,1
topology:route_type:B2,NewTaipei:16602,NewTaipei:16602:157650:0:c354d764fd37e789,藍45,NewTaipei,121.416462696,24.9436333788,NewTaipei:geo00,0.1,0.4,-0.3,10,1
topology:route_type:B2,NewTaipei:16603,NewTaipei:16603:157651:0:77b094c3f87a5a60,920,NewTaipei,121.410394135,25.060293257,NewTaipei:geo02,0.8,0.8,0,10,1
topology:route_type:B2,NewTaipei:16604,NewTaipei:16604:158941:0:461105e884c9ae39,925,NewTaipei,121.41749524,25.0718568327,NewTaipei:geo02,0.9,0.8,0.1,10,1
topology:route_type:B2,NewTaipei:16606,NewTaipei:16606:157654:1:4e71e0819b51db9e,981,NewTaipei,121.356918308,24.9504739833,NewTaipei:geo00,0.7,0.3,0.4,10,2
topology:route_type:B2,NewTaipei:16607,NewTaipei:16607:157655:0:1f46174f34989c37,889,NewTaipei,121.411366921,24.9735838437,NewTaipei:geo00,0.5,0.5,0,10,1
topology:route_type:B2,NewTaipei:16608,NewTaipei:16608:157656:0:302b828da7456e8d,802,NewTaipei,121.418931616,24.9956262151,NewTaipei:geo00,0.9,0.9,0,10,1
topology:route_type:B2,NewTaipei:16609,NewTaipei:16609:157657:0:3256c6e8096ec896,842,NewTaipei,121.441322616,25.025407414,NewTaipei:geo02,0.8,0.7,0.1,10,2
topology:route_type:B2,NewTaipei:16610,NewTaipei:16610:157658:0:5b284719ae0c0d4d,綠5,NewTaipei,121.536689383,24.9722256275,NewTaipei:geo03,0.2,0.5,-0.3,10,1
topology:route_type:B2,NewTaipei:16611,NewTaipei:16611:157659:0:047212fa980cbdae,綠6,NewTaipei,121.523898473,24.9792975662,NewTaipei:geo03,0.5,0.5,0,10,1
topology:route_type:B2,NewTaipei:16612,NewTaipei:16612:157660:0:3100ce17d601d35c,綠3,NewTaipei,121.536266663,24.9664000088,NewTaipei:geo03,0.3,0.5,-0.2,10,1
topology:route_type:B2,NewTaipei:16613,NewTaipei:16613:157661:0:ad8fac6d33cce756,綠8,NewTaipei,121.522203147,24.9743914858,NewTaipei:geo03,0.4,0.5,-0.1,10,1
topology:route_type:B2,NewTaipei:16614,NewTaipei:16614:157662:0:3d8334033737df92,930延,NewTaipei,121.513707061,24.9862536148,NewTaipei:geo03,0.4,0.9,-0.5,10,1
topology:route_type:B2,NewTaipei:16619,NewTaipei:16619:159327:0:32c65e510759c150,紅26,NewTaipei,121.432248065,25.1754107019,NewTaipei:geo01,0.1,0.5,-0.4,10,1
topology:route_type:B2,NewTaipei:16620,NewTaipei:16620:157668:0:6fc198fe9b43101a,橘10,NewTaipei,121.445018931,25.077716383,NewTaipei:geo02,0,0.1,-0.1,10,1
topology:route_type:B2,NewTaipei:16626,NewTaipei:16626:157674:0:0bd2151dd989d460,870,NewTaipei,121.440648409,25.190932605,NewTaipei:geo01,0.7,0.9,-0.2,10,1
topology:route_type:B2,NewTaipei:16627,NewTaipei:16627:157675:0:f9157ad805fb90db,872,NewTaipei,121.446507857,25.2036943806,NewTaipei:geo01,0.85,0.9,-0.05,10,2
topology:route_type:B2,NewTaipei:16628,NewTaipei:16628:157676:0:d407f67478987c11,871,NewTaipei,121.45018339,25.198271402,NewTaipei:geo01,0.8,0.9,-0.1,10,1
topology:route_type:B2,NewTaipei:16629,NewTaipei:16629:157677:0:1c0787656573655b,873,NewTaipei,121.446284953,25.2045523968,NewTaipei:geo01,0.6,0.9,-0.3,10,1
topology:route_type:B2,NewTaipei:16630,NewTaipei:16630:157678:0:e383fd8a4d876144,868,NewTaipei,121.465482505,25.1662500551,NewTaipei:geo01,0.3,0.8,-0.5,10,1
topology:route_type:B2,NewTaipei:16632,NewTaipei:16632:157680:0:327e339361d52744,藍23,NewTaipei,121.626463106,25.0613124096,NewTaipei:geo06,0.5,0.2,0.3,10,1
topology:route_type:B2,NewTaipei:16633,NewTaipei:16633:157681:0:7fd0f5b8dbec38f9,919,NewTaipei,121.610346041,25.0578966084,NewTaipei:geo06,0.8,0.8,0,10,1
topology:route_type:B2,NewTaipei:16635,NewTaipei:16635:157696:0:531ccaacac177562,939,NewTaipei,121.475978861,24.9806055615,NewTaipei:geo03,0.8,0.7,0.1,10,1
topology:route_type:B2,NewTaipei:16637,NewTaipei:16637:157697:0:2e97e91e9eefc753,780,NewTaipei,121.818827608,25.0203709549,NewTaipei:geo07,0.2,0.2,0,10,1
topology:route_type:B2,NewTaipei:16641,NewTaipei:16641:160828:1:4602761d9337e375,788,NewTaipei,121.80919838,25.1178179965,NewTaipei:geo07,0.9,0.7,0.2,10,1
topology:route_type:B2,NewTaipei:16642,NewTaipei:16642:159633:1:0688c606159b3911,787,NewTaipei,121.751282741,25.1119974603,NewTaipei:geo07,0.4,0.6,-0.2,10,1
topology:route_type:B2,NewTaipei:16643,NewTaipei:16643:157703:0:1e1e2bb99b45e99f,782,NewTaipei,121.835743012,25.0295640803,NewTaipei:geo07,0.2,0.5,-0.3,10,1
topology:route_type:B2,NewTaipei:16644,NewTaipei:16644:157704:0:bfe78e3607e2ae54,781,NewTaipei,121.835738124,25.0295716732,NewTaipei:geo07,0.2,0.5,-0.3,10,1
topology:route_type:B2,NewTaipei:16651,NewTaipei:16651:157715:0:c09364d267453b3f,864,NewTaipei,121.472095998,25.1759096591,NewTaipei:geo01,1,0.2,0.8,10,1
topology:route_type:B2,NewTaipei:16655,NewTaipei:16655:157719:0:3581a6a9aed4b192,937,NewTaipei,121.421923058,25.0709613055,NewTaipei:geo02,0.7,0.8,-0.1,10,1
topology:route_type:B2,NewTaipei:16656,NewTaipei:16656:157720:0:df5a9673fae9dfec,839耕莘,NewTaipei,121.520092903,24.9582394877,NewTaipei:geo03,0.2,0,0.2,10,1
topology:route_type:B2,NewTaipei:16659,NewTaipei:16659:157722:1:581f90de23ead74d,880,NewTaipei,121.436191851,25.0882205403,NewTaipei:geo02,1,0.9,0.1,10,1
topology:route_type:B2,NewTaipei:16660,NewTaipei:16660:157724:0:d82e6d61eb02ec3e,883,NewTaipei,121.441953882,25.1100246336,NewTaipei:geo02,0.9,1,-0.1,10,1
topology:route_type:B2,NewTaipei:16662,NewTaipei:16662:157726:0:9aa389c233f1823d,948,NewTaipei,121.411286937,25.0516732038,NewTaipei:geo02,1,0.8,0.2,10,1
topology:route_type:B2,NewTaipei:16663,NewTaipei:16663:157727:0:762bcb3e7cba5cb2,藍43,NewTaipei,121.410912293,24.9610138514,NewTaipei:geo00,0.3,0.2,0.1,10,1
topology:route_type:B2,NewTaipei:16664,NewTaipei:16664:157728:0:82ad3ebaafb51407,921,NewTaipei,121.426740225,24.9645773523,NewTaipei:geo00,0.6,0.7,-0.1,10,1
topology:route_type:B2,NewTaipei:16665,NewTaipei:16665:159314:0:1d8e96b6e917150a,851,NewTaipei,121.360395145,24.9463654993,NewTaipei:geo00,0.6,0.2,0.4,10,1
topology:route_type:B2,NewTaipei:16666,NewTaipei:16666:157730:0:4043146ac86fd5d4,852,NewTaipei,121.402123519,24.9701159343,NewTaipei:geo00,0.666666666667,0.4,0.266666666667,10,3
topology:route_type:B2,NewTaipei:16667,NewTaipei:16667:157731:0:b8823b28245210f4,橘12,NewTaipei,121.490029152,25.0713125783,NewTaipei:geo02,0.1,0,0.1,10,1
topology:route_type:B2,NewTaipei:16668,NewTaipei:16668:157732:0:74061fd843288009,橘13,NewTaipei,121.462377301,25.0837161315,NewTaipei:geo02,0.2,0.5,-0.3,10,1
topology:route_type:B2,NewTaipei:16669,NewTaipei:16669:157733:1:2ae02149074757e5,橘20,NewTaipei,121.445019258,25.1065033232,NewTaipei:geo02,0.366666666667,0.3,0.0666666666667,10,3
topology:route_type:B2,NewTaipei:16670,NewTaipei:16670:157734:0:500a7b1dfe52c5a9,810,NewTaipei,121.443695263,25.0159988195,NewTaipei:geo02,1,0.9,0.1,10,1
topology:route_type:B2,NewTaipei:16671,NewTaipei:16671:157735:0:861fc85709d1cb24,紅27,NewTaipei,121.443922818,25.1728088987,NewTaipei:geo01,0.4,0.6,-0.2,10,4
topology:route_type:B2,NewTaipei:16672,NewTaipei:16672:157736:0:b988d57e2e4a031e,938,NewTaipei,121.468105042,25.0571124404,NewTaipei:geo02,0.7,0.8,-0.1,10,1
topology:route_type:B2,NewTaipei:16673,NewTaipei:16673:157737:0:29c7ee60a8715743,紅13,NewTaipei,121.428948567,25.1442578286,NewTaipei:geo01,0.1,0.2,-0.1,10,1
topology:route_type:B2,NewTaipei:16674,NewTaipei:16674:161278:1:f570a18a1339c391,紅22,NewTaipei,121.430609714,25.1441139728,NewTaipei:geo01,0.1,0.2,-0.1,10,1
topology:route_type:B2,NewTaipei:16675,NewTaipei:16675:157739:0:2f3ace3bca9b6089,863,NewTaipei,121.537569345,25.2509921439,NewTaipei:geo04,1,0.5,0.5,10,1
topology:route_type:B2,NewTaipei:16676,NewTaipei:16676:159479:1:3824a57140c32891,F923,NewTaipei,121.687943009,25.1942391239,NewTaipei:geo05,0.4,1,-0.6,10,1
topology:route_type:B2,NewTaipei:16677,NewTaipei:16677:159565:0:881a57893d4491ba,F921,NewTaipei,121.650319782,25.1815456217,NewTaipei:geo05,0.7,0.7,0,10,2
topology:route_type:B2,NewTaipei:16678,NewTaipei:16678:159472:1:f58af0e2ade761df,F921假日,NewTaipei,121.65002749,25.1836981147,NewTaipei:geo05,0.7,0.7,0,10,4
topology:route_type:B2,NewTaipei:16679,NewTaipei:16679:159484:1:94a92a383ecdcb5e,F923假日,NewTaipei,121.688028785,25.193357251,NewTaipei:geo05,0.6,1,-0.4,10,2
topology:route_type:B2,NewTaipei:16681,NewTaipei:16681:159635:1:029e2622b2640953,787經瑞芳工業區,NewTaipei,121.753318127,25.1111714214,NewTaipei:geo07,0.5,0.6,-0.1,10,1
topology:route_type:B2,NewTaipei:16682,NewTaipei:16682:157746:0:ea327882749676b4,791,NewTaipei,121.848205043,25.1075315573,NewTaipei:geo07,0.6,0.5,0.1,10,1
topology:route_type:B2,NewTaipei:16685,NewTaipei:16685:157770:0:365180b7a6627e3e,657延,NewTaipei,121.465739441,25.0060269204,NewTaipei:geo03,0.9,1,-0.1,10,1
topology:route_type:B2,NewTaipei:16686,NewTaipei:16686:157771:0:a50052c96f566aaa,橘26,NewTaipei,121.415772547,25.0066734632,NewTaipei:geo00,0.1,0.1,0,10,1
topology:route_type:B2,NewTaipei:16688,NewTaipei:16688:157773:0:4213cf3a365c4c86,983,NewTaipei,121.45428659,25.1608290638,NewTaipei:geo01,0.5,0.7,-0.2,10,1
topology:route_type:B2,NewTaipei:16689,NewTaipei:16689:157774:0:d2c0d988b567a316,793,NewTaipei,121.499067287,24.998634814,NewTaipei:geo03,0.7,0.9,-0.2,10,1
topology:route_type:B2,NewTaipei:16691,NewTaipei:16691:157776:0:efa6cfba4fdaee10,796,NewTaipei,121.539609429,24.9900168943,NewTaipei:geo03,0.7,0.2,0.5,10,1
topology:route_type:B2,NewTaipei:16692,NewTaipei:16692:157777:0:7723b2af621f5e9a,783,NewTaipei,121.456629059,25.0552336009,NewTaipei:geo02,0.9,1,-0.1,10,1
topology:route_type:B2,NewTaipei:16693,NewTaipei:16693:157778:0:dda030d7227d4164,785,NewTaipei,121.466973839,25.0893111643,NewTaipei:geo02,0.6,0.8,-0.2,10,1
topology:route_type:B2,NewTaipei:16694,NewTaipei:16694:157779:0:77931a3aa5c2278b,786,NewTaipei,121.414616362,25.0546808986,NewTaipei:geo02,1,0.6,0.4,10,1
topology:route_type:B2,NewTaipei:16695,NewTaipei:16695:157780:0:216260aa3f91dc55,821,NewTaipei,121.47245182,25.1743117263,NewTaipei:geo01,1,0.3,0.7,10,1
topology:route_type:B2,NewTaipei:16697,NewTaipei:16697:160487:1:5d055b5a767a824d,847區,NewTaipei,121.432873511,24.9802998381,NewTaipei:geo00,0.5,0.7,-0.2,10,1
topology:route_type:B2,NewTaipei:16710,NewTaipei:16710:157802:0:5e2a3798186b6bc4,867區,NewTaipei,121.483194475,25.2415939878,NewTaipei:geo04,1,0.6,0.4,10,1
topology:route_type:B2,NewTaipei:16715,NewTaipei:16715:157812:0:ad00b789c343b807,紅28直,NewTaipei,121.448406333,25.1712412606,NewTaipei:geo01,0.114559386973,0.6,-0.485440613027,10,1044
topology:route_type:B2,NewTaipei:16717,NewTaipei:16717:157814:0:740254164781cf25,895,NewTaipei,121.513406775,24.9977117753,NewTaipei:geo03,0.4,0.6,-0.2,10,1
topology:route_type:B2,NewTaipei:16719,NewTaipei:16719:157817:0:15c522bc9be02c02,795往木柵(台灣好行-木柵平溪線),NewTaipei,121.670188072,25.0126395066,NewTaipei:geo06,1,0.5,0.5,10,1
topology:route_type:B2,NewTaipei:16726,NewTaipei:16726:159535:0:c70323a8b9423db0,941,NewTaipei,121.460425528,24.9673209454,NewTaipei:geo03,0.6,0.6,0,10,1
topology:route_type:B2,NewTaipei:16728,NewTaipei:16728:157830:0:2bd5b6cfc09a2729,940,NewTaipei,121.406718943,24.9565513932,NewTaipei:geo00,0.7,0.7,0,10,1
topology:route_type:B2,NewTaipei:16729,NewTaipei:16729:157831:0:6b34eb18b70b67e1,藍44延,NewTaipei,121.431906131,24.9736987232,NewTaipei:geo00,0.2,0.1,0.1,10,1
topology:route_type:B2,NewTaipei:16730,NewTaipei:16730:157832:0:d188877f20221c67,822,NewTaipei,121.409177428,25.0856120407,NewTaipei:geo02,0.9,0.7,0.2,10,1
topology:route_type:B2,NewTaipei:16731,NewTaipei:16731:157836:0:d7ebe14cadb593a4,817,NewTaipei,121.627669469,25.0619166309,NewTaipei:geo06,0.6,0.5,0.1,10,1
topology:route_type:B2,NewTaipei:16732,NewTaipei:16732:157837:0:819c9b4cf90dea55,紅23,NewTaipei,121.44613954,25.1673863171,NewTaipei:geo01,0.2,0.2,0,10,1
topology:route_type:B2,NewTaipei:16733,NewTaipei:16733:157838:0:c28e6655bf0d1c6d,890,NewTaipei,121.649148121,25.0817660166,NewTaipei:geo06,0.6,0.1,0.5,10,1
topology:route_type:B2,NewTaipei:16734,NewTaipei:16734:157839:0:4e0656b89ca7b7ef,846,NewTaipei,121.787404452,25.0757928054,NewTaipei:geo07,0.4,0.5,-0.1,10,1
topology:route_type:B2,NewTaipei:16735,NewTaipei:16735:157840:0:a38faf1f17bfcbcc,藍41,NewTaipei,121.475942418,24.9903419475,NewTaipei:geo03,0.1,0.1,0,10,1
topology:route_type:B2,NewTaipei:16739,NewTaipei:16739:157844:0:a1fcefec2b339e59,789,NewTaipei,121.698656447,25.1525327062,NewTaipei:geo05,0.7,0.5,0.2,10,2
topology:route_type:B2,NewTaipei:16740,NewTaipei:16740:157845:0:e2a89f06ccbd79b6,790,NewTaipei,121.684767663,25.1782213332,NewTaipei:geo05,0.6,0.2,0.4,10,1
topology:route_type:B2,NewTaipei:16748,NewTaipei:16748:157858:0:cbb943d886f7c161,橘18福隆路,NewTaipei,121.482103368,25.0835036047,NewTaipei:geo02,0.1,0.3,-0.2,10,1
topology:route_type:B2,NewTaipei:16752,NewTaipei:16752:157867:0:bb8b9f777223f811,F101坪頂,NewTaipei,121.468903666,25.1649584529,NewTaipei:geo01,0.1,0.4,-0.3,10,1
topology:route_type:B2,NewTaipei:16757,NewTaipei:16757:157872:0:5d19dd42a9fcf331,795往十分寮(台灣好行-木柵平溪線),NewTaipei,121.670127315,25.012665419,NewTaipei:geo06,1,0.5,0.5,10,1
topology:route_type:B2,NewTaipei:16758,NewTaipei:16758:157873:0:b51eda0e8993fecb,795往平溪(台灣好行-木柵平溪線),NewTaipei,121.647288561,25.0076841671,NewTaipei:geo06,1,0.7,0.3,10,1
topology:route_type:B2,NewTaipei:16759,NewTaipei:16759:157876:0:2525ece79a50541a,943,NewTaipei,121.484409634,24.9874171591,NewTaipei:geo03,0.8,0.7,0.1,10,1
topology:route_type:B2,NewTaipei:16760,NewTaipei:16760:157887:0:68296c37b3d3951b,F101樹興,NewTaipei,121.470390641,25.166212614,NewTaipei:geo01,0.2,0.5,-0.3,10,1
topology:route_type:B2,NewTaipei:16761,NewTaipei:16761:162366:0:0ae1d8c5b3b20e52,F105,NewTaipei,121.464211446,25.2090981762,NewTaipei:geo01,0.2,0.6,-0.4,10,1
topology:route_type:B2,NewTaipei:16764,NewTaipei:16764:162374:0:98f6465d79745c01,F106,NewTaipei,121.451613501,25.2113861622,NewTaipei:geo01,0.3,0.7,-0.4,10,1
topology:route_type:B2,NewTaipei:16767,NewTaipei:16767:157894:0:869e1d6432a9cfbf,594,NewTaipei,121.448883246,25.1729575873,NewTaipei:geo01,0.3,0.2,0.1,10,2
topology:route_type:B2,NewTaipei:16768,NewTaipei:16768:158972:1:5a10b9afb1586c74,595,NewTaipei,121.438509421,25.1878272812,NewTaipei:geo01,0.7,0.9,-0.2,10,1
topology:route_type:B2,NewTaipei:16772,NewTaipei:16772:157899:0:e012b5d340d834f8,593,NewTaipei,121.430417758,25.17768516,NewTaipei:geo01,0.8,0.4,0.4,10,1
topology:route_type:B2,NewTaipei:16773,NewTaipei:16773:157900:0:a064c62cdc2d1ae4,F105反,NewTaipei,121.464909583,25.2094193533,NewTaipei:geo01,0.2,0.6,-0.4,10,1
topology:route_type:B2,NewTaipei:16774,NewTaipei:16774:162378:0:13579cf86fed6f91,F109,NewTaipei,121.453367335,25.1837474334,NewTaipei:geo01,0.4,0.6,-0.2,10,1
topology:route_type:B2,NewTaipei:16775,NewTaipei:16775:162332:1:157e7c49cc702c76,F102,NewTaipei,121.467647148,25.1879235845,NewTaipei:geo01,0.2,0.6,-0.4,10,1
topology:route_type:B2,NewTaipei:16777,NewTaipei:16777:162361:0:2a96a200bf1ed7d8,F103,NewTaipei,121.475295494,25.1829826061,NewTaipei:geo01,0.2,0.6,-0.4,10,1
topology:route_type:B2,NewTaipei:16778,NewTaipei:16778:157905:0:58716e1adde974f0,F135,NewTaipei,121.483574208,25.1914301252,NewTaipei:geo01,0.5,0.6,-0.1,10,1
topology:route_type:B2,NewTaipei:16780,NewTaipei:16780:157907:0:7bf4e95f47abb548,F138新古庄,NewTaipei,121.502475818,25.2674282632,NewTaipei:geo04,0.567495219885,1,-0.432504780115,10,1046
topology:route_type:B2,NewTaipei:16781,NewTaipei:16781:157908:0:e3a9235502e3ff49,F138內橫山,NewTaipei,121.523417572,25.2572948157,NewTaipei:geo04,0.8,1,-0.2,10,1
topology:route_type:B2,NewTaipei:16782,NewTaipei:16782:157909:0:96b2fa4195a27c11,F133平日,NewTaipei,121.510087317,25.227945283,NewTaipei:geo04,0.555854126679,0.4,0.155854126679,10,1042
topology:route_type:B2,NewTaipei:16784,NewTaipei:16784:157911:0:b6e9d576b265b475,F133末班,NewTaipei,121.514396474,25.236089792,NewTaipei:geo04,0.8,1,-0.2,10,1
topology:route_type:B2,NewTaipei:16785,NewTaipei:16785:157912:0:d7004e175bf5b9d5,F133假日,NewTaipei,121.509620814,25.2340060524,NewTaipei:geo04,0.555854126679,0.6,-0.0441458733206,10,1042
topology:route_type:B2,NewTaipei:16786,NewTaipei:16786:157913:0:db13ffe37d1759a3,F131,NewTaipei,121.496385115,25.2259933416,NewTaipei:geo04,0.428049951969,0.4,0.0280499519692,10,1041
topology:route_type:B2,NewTaipei:16787,NewTaipei:16787:157914:0:4bb402aee32595d8,F132,NewTaipei,121.51979867,25.2373549868,NewTaipei:geo04,0.711111111111,0.6,0.111111111111,10,1044
topology:route_type:B2,NewTaipei:16788,NewTaipei:16788:157915:0:a1006d1f6d531caa,F136,NewTaipei,121.481951503,25.247098111,NewTaipei:geo04,0.53971291866,0.9,-0.36028708134,10,1045
topology:route_type:B2,NewTaipei:16789,NewTaipei:16789:157916:0:5822bd90d5d793f6,F137,NewTaipei,121.484828169,25.1929047728,NewTaipei:geo01,0.6,0.4,0.2,10,1
topology:route_type:B2,NewTaipei:16790,NewTaipei:16790:157917:0:75083284b25fbc45,F139行經台2線,NewTaipei,121.459455853,25.220848708,NewTaipei:geo01,0.55,0,0.55,10,2
topology:route_type:B2,NewTaipei:16792,NewTaipei:16792:157919:0:32efe4952288f300,F121,NewTaipei,121.388146952,25.134698897,NewTaipei:geo01,0.6,0.5,0.1,10,1
topology:route_type:B2,NewTaipei:16793,NewTaipei:16793:157920:0:e9aa6683faeb81b9,F122,NewTaipei,121.400758571,25.1459958931,NewTaipei:geo01,0.4,0.1,0.3,10,1
topology:route_type:B2,NewTaipei:16794,NewTaipei:16794:157921:0:6cbb9796f5c8ddbc,F123-0640,NewTaipei,121.424261763,25.1471699122,NewTaipei:geo01,0.3,0.3,0,10,1
topology:route_type:B2,NewTaipei:16795,NewTaipei:16795:157922:0:d7e68d180f7051d1,F123-1205,NewTaipei,121.424208746,25.1471573192,NewTaipei:geo01,0.3,0.3,0,10,1
topology:route_type:B2,NewTaipei:16796,NewTaipei:16796:157923:0:76e009d686747ebf,F123-1525,NewTaipei,121.420167943,25.1497713549,NewTaipei:geo01,0.2,0.2,0,10,1
topology:route_type:B2,NewTaipei:16797,NewTaipei:16797:157924:0:ef4eaeb4e51d96e1,F123八療,NewTaipei,121.404103608,25.1440180258,NewTaipei:geo01,0.9,0.1,0.8,10,1
topology:route_type:B2,NewTaipei:16800,NewTaipei:16800:157927:0:4b1c5fdc97deb4a4,F126,NewTaipei,121.390877209,25.1001118619,NewTaipei:geo02,0.633333333333,0.9,-0.266666666667,10,3
topology:route_type:B2,NewTaipei:16802,NewTaipei:16802:157929:0:dda97ee8d6d58b6e,F126江厝,NewTaipei,121.390342829,25.1024892756,NewTaipei:geo02,0.633333333333,0.8,-0.166666666667,10,3
topology:route_type:B2,NewTaipei:16804,NewTaipei:16804:157931:0:61659919e941cd84,F151-0810,NewTaipei,121.566957435,25.2690625034,NewTaipei:geo04,1,1,0,10,5
topology:route_type:B2,NewTaipei:16805,NewTaipei:16805:157932:0:802e3ddd530c9f33,F151-1605,NewTaipei,121.577853777,25.2724371932,NewTaipei:geo04,1,1,0,10,3
topology:route_type:B2,NewTaipei:16806,NewTaipei:16806:157933:0:7c862272a30319f5,F151-1810,NewTaipei,121.567000175,25.2713095975,NewTaipei:geo04,1,1,0,10,6
topology:route_type:B2,NewTaipei:16807,NewTaipei:16807:157934:0:eb65d17b8139755a,F151-0840、1705,NewTaipei,121.554779142,25.2838558719,NewTaipei:geo04,1,1,0,10,2
topology:route_type:B2,NewTaipei:16808,NewTaipei:16808:157935:0:917ab8c81eac2d81,F153-0620,NewTaipei,121.59354709,25.2780823111,NewTaipei:geo04,1,1,0,10,3
topology:route_type:B2,NewTaipei:16809,NewTaipei:16809:157936:0:7739bff548401857,F153-0945,NewTaipei,121.590678991,25.2783906788,NewTaipei:geo04,1,1,0,10,3
topology:route_type:B2,NewTaipei:16810,NewTaipei:16810:157937:0:48d08160b2459ff1,F153-0830,NewTaipei,121.594311269,25.2750601791,NewTaipei:geo04,1,1,0,10,3
topology:route_type:B2,NewTaipei:16811,NewTaipei:16811:157938:0:5427ba1977ca4f97,F153-1030,NewTaipei,121.591819892,25.275121405,NewTaipei:geo04,1,1,0,10,3
topology:route_type:B2,NewTaipei:16812,NewTaipei:16812:157939:0:5b8cca45366dcaf7,F153-1605,NewTaipei,121.595489415,25.2759097816,NewTaipei:geo04,1,1,0,10,3
topology:route_type:B2,NewTaipei:16813,NewTaipei:16813:157940:0:1a53733c166dd03c,F153-0730,NewTaipei,121.590074869,25.2755344786,NewTaipei:geo04,1,1,0,10,3
topology:route_type:B2,NewTaipei:16814,NewTaipei:16814:157941:0:dbd85b1284ecaf27,F153-1730,NewTaipei,121.589042921,25.280042598,NewTaipei:geo04,1,1,0,10,3
topology:route_type:B2,NewTaipei:16815,NewTaipei:16815:157942:0:19274243398bddcf,F151-0605,NewTaipei,121.576793332,25.275454554,NewTaipei:geo04,1,1,0,10,2
topology:route_type:B2,NewTaipei:16816,NewTaipei:16816:157943:0:f2bb6793954e1f7a,F151-0620,NewTaipei,121.566252161,25.2642686788,NewTaipei:geo04,1,1,0,10,5
topology:route_type:B2,NewTaipei:16817,NewTaipei:16817:157944:0:ef2e83fc0fb09bcb,F151-0730,NewTaipei,121.5776899,25.2711631765,NewTaipei:geo04,1,1,0,10,2
topology:route_type:B2,NewTaipei:16818,NewTaipei:16818:157945:0:578c98da9368e632,F151-0930,NewTaipei,121.578134966,25.2749020597,NewTaipei:geo04,1,1,0,10,3
topology:route_type:B2,NewTaipei:16819,NewTaipei:16819:157946:0:1053838f1c88c73a,F151-1010,NewTaipei,121.567376169,25.2679392358,NewTaipei:geo04,1,1,0,10,5
topology:route_type:B2,NewTaipei:16820,NewTaipei:16820:157947:0:2144734dd9c1e49c,F151-1635,NewTaipei,121.567395534,25.2683538935,NewTaipei:geo04,1,1,0,10,5
topology:route_type:B2,NewTaipei:16821,NewTaipei:16821:157948:0:85ba4d4ebc36d02f,F161,NewTaipei,121.49675751,25.2334336889,NewTaipei:geo04,1,0.4,0.6,10,2
topology:route_type:B2,NewTaipei:16823,NewTaipei:16823:157950:0:b505a704d6a9e092,F152-0600,NewTaipei,121.52784492,25.280301438,NewTaipei:geo04,1,1,0,10,3
topology:route_type:B2,NewTaipei:16824,NewTaipei:16824:157951:0:ce28fd71049138d6,F152-0620、0745,NewTaipei,121.542372055,25.2821799949,NewTaipei:geo04,1,1,0,10,1
topology:route_type:B2,NewTaipei:16825,NewTaipei:16825:157952:0:bf17e1206dcf0f95,F152-0635,NewTaipei,121.549668916,25.2747802302,NewTaipei:geo04,1,1,0,10,2
topology:route_type:B2,NewTaipei:16826,NewTaipei:16826:157953:0:43afd2859cbdb8d7,F152-0700,NewTaipei,121.531719625,25.2793174765,NewTaipei:geo04,1,1,0,10,3
topology:route_type:B2,NewTaipei:16827,NewTaipei:16827:157954:0:eb3bbee1875b4545,F152-0810,NewTaipei,121.553971786,25.2655633652,NewTaipei:geo04,1,1,0,10,3
topology:route_type:B2,NewTaipei:16828,NewTaipei:16828:157955:0:3203713ff82e9f5e,F152-0845,NewTaipei,121.54027004,25.284544445,NewTaipei:geo04,1,1,0,10,2
topology:route_type:B2,NewTaipei:16829,NewTaipei:16829:157956:0:7078452b11585265,F152-0925,NewTaipei,121.54461881,25.2835127148,NewTaipei:geo04,1,1,0,10,1
topology:route_type:B2,NewTaipei:16830,NewTaipei:16830:157957:0:3bc211666bd6c6af,F152-1545,NewTaipei,121.533366658,25.282455104,NewTaipei:geo04,1,1,0,10,2
topology:route_type:B2,NewTaipei:16831,NewTaipei:16831:157958:0:e4ac4bb3d7062aa7,F152-1655,NewTaipei,121.553663366,25.2628689199,NewTaipei:geo04,1,1,0,10,2
topology:route_type:B2,NewTaipei:16832,NewTaipei:16832:157959:0:32a7314d9faafe83,F152-1720,NewTaipei,121.528834352,25.2808263226,NewTaipei:geo04,1,1,0,10,3
topology:route_type:B2,NewTaipei:16834,NewTaipei:16834:157961:0:e6a24aa1ee8c4e1e,F152-1800,NewTaipei,121.5511106,25.2786592017,NewTaipei:geo04,1,1,0,10,1
topology:route_type:B2,NewTaipei:16835,NewTaipei:16835:157962:0:fe07b1483d9b9151,F201,NewTaipei,121.42946755,25.0271076523,NewTaipei:geo02,0.2,0.1,0.1,10,1
topology:route_type:B2,NewTaipei:16837,NewTaipei:16837:157964:0:40d4aca4e15e59f4,F202,NewTaipei,121.456197582,25.0492952562,NewTaipei:geo02,0.1,0,0.1,10,1
topology:route_type:B2,NewTaipei:16838,NewTaipei:16838:157965:0:bf0bb09ced5823c3,F217,NewTaipei,121.403940008,25.0595232891,NewTaipei:geo02,0.5,0.7,-0.2,10,1
topology:route_type:B2,NewTaipei:16839,NewTaipei:16839:157966:0:b8cbd021276b0fcf,F218,NewTaipei,121.437450407,25.0482019774,NewTaipei:geo02,0.2,0.3,-0.1,10,2
topology:route_type:B2,NewTaipei:16840,NewTaipei:16840:157967:0:b2144e2ef95d0cfa,F211,NewTaipei,121.426589561,25.0458051537,NewTaipei:geo02,0.2,0.2,0,10,1
topology:route_type:B2,NewTaipei:16841,NewTaipei:16841:157968:0:42272aa1b65fb109,F212,NewTaipei,121.430552759,25.0624526296,NewTaipei:geo02,0.5,0.3,0.2,10,1
topology:route_type:B2,NewTaipei:16842,NewTaipei:16842:157969:0:ad6dc2acdc9fc669,F212楓江,NewTaipei,121.432144638,25.0628080011,NewTaipei:geo02,0.5,0.4,0.1,10,1
topology:route_type:B2,NewTaipei:16843,NewTaipei:16843:157970:0:4fd271fe8733bfa1,F213,NewTaipei,121.412034005,25.0609866432,NewTaipei:geo02,0.4,0.6,-0.2,10,1
topology:route_type:B2,NewTaipei:16844,NewTaipei:16844:157971:0:899b26b3bff32e56,F213黎明,NewTaipei,121.41250959,25.061063843,NewTaipei:geo02,0.4,0.5,-0.1,10,1
topology:route_type:B2,NewTaipei:16845,NewTaipei:16845:157972:0:7f5b80fe17652518,578,NewTaipei,121.464963297,25.0573091476,NewTaipei:geo02,0.5,0.7,-0.2,10,1
topology:route_type:B2,NewTaipei:16847,NewTaipei:16847:157974:0:1b12b26b395a06ec,579,NewTaipei,121.460455575,25.0557538238,NewTaipei:geo02,0.5,0.7,-0.2,10,1
topology:route_type:B2,NewTaipei:16849,NewTaipei:16849:157976:0:e8ee3a3bf2504e79,580,NewTaipei,121.447197138,25.0999274441,NewTaipei:geo02,0.8,0.3,0.5,10,1
topology:route_type:B2,NewTaipei:16851,NewTaipei:16851:157978:1:634b558eec492a94,581,NewTaipei,121.443200114,25.0904816828,NewTaipei:geo02,0.7,0.7,0,10,1
topology:route_type:B2,NewTaipei:16855,NewTaipei:16855:157982:0:7a493045e71d8106,582,NewTaipei,121.469690967,25.0608654501,NewTaipei:geo02,0.8,0.7,0.1,10,1
topology:route_type:B2,NewTaipei:16861,NewTaipei:16861:157988:0:efdbbb4db740ada8,F233,NewTaipei,121.393995713,25.0771892801,NewTaipei:geo02,0.4,0.8,-0.4,10,1
topology:route_type:B2,NewTaipei:16863,NewTaipei:16863:158986:1:107974d88e2650c6,F235,NewTaipei,121.373492141,25.1080328043,NewTaipei:geo02,0.3,0.7,-0.4,10,1
topology:route_type:B2,NewTaipei:16865,NewTaipei:16865:157992:0:7062e3f57bf813fd,F236,NewTaipei,121.348735611,25.1087908086,NewTaipei:geo02,0.6,0.4,0.2,10,1
topology:route_type:B2,NewTaipei:16867,NewTaipei:16867:157994:0:4fd06778a5489f3c,F237,NewTaipei,121.338336869,25.0942317753,NewTaipei:geo02,0.4,0.8,-0.4,10,1
topology:route_type:B2,NewTaipei:16869,NewTaipei:16869:157996:0:2c5d4ed03eab2799,F238,NewTaipei,121.347213004,25.0879776344,NewTaipei:geo02,0.5,0.8,-0.3,10,1
topology:route_type:B2,NewTaipei:16871,NewTaipei:16871:157998:0:6c251dbd9c77e552,F239,NewTaipei,121.351814934,25.0955451174,NewTaipei:geo02,0.5,0.8,-0.3,10,1
topology:route_type:B2,NewTaipei:16873,NewTaipei:16873:158000:0:ff5c6a48eeafc5c9,F250,NewTaipei,121.380475694,25.0913476922,NewTaipei:geo02,0.4,1,-0.6,10,1
topology:route_type:B2,NewTaipei:16876,NewTaipei:16876:158003:0:d8fa702ace0a7047,F302,NewTaipei,121.495029626,25.0725279874,NewTaipei:geo02,0,0.1,-0.1,10,1
topology:route_type:B2,NewTaipei:16877,NewTaipei:16877:158004:0:da3aa3ef79abfb53,F303,NewTaipei,121.485747165,25.0737116492,NewTaipei:geo02,0.1,0.1,0,10,2
topology:route_type:B2,NewTaipei:16878,NewTaipei:16878:158993:0:3d30c9b0c4747cdd,F312,NewTaipei,121.470819742,25.089658742,NewTaipei:geo02,0.2,0.3,-0.1,10,1
topology:route_type:B2,NewTaipei:16887,NewTaipei:16887:158014:0:66a1a0b835ca33f2,F317,NewTaipei,121.510776454,25.1004255431,NewTaipei:geo02,0.4,0.1,0.3,10,1
topology:route_type:B2,NewTaipei:16890,NewTaipei:16890:158017:0:718334cc931a34fb,F512,NewTaipei,121.478769325,24.9997911726,NewTaipei:geo03,0.1,0.1,0,10,1
topology:route_type:B2,NewTaipei:16891,NewTaipei:16891:158018:0:53552622beeb8d45,F513,NewTaipei,121.503875617,24.9944018971,NewTaipei:geo03,0.1,0.1,0,10,1
topology:route_type:B2,NewTaipei:16892,NewTaipei:16892:158019:0:a30a628020c01841,F521,NewTaipei,121.508056369,25.012144086,NewTaipei:geo03,0.4,0.6,-0.2,10,2
topology:route_type:B2,NewTaipei:16893,NewTaipei:16893:158020:0:55a5714382e95b39,F522,NewTaipei,121.523267837,25.0075720802,NewTaipei:geo03,0.2,0.4,-0.2,10,2
topology:route_type:B2,NewTaipei:16894,NewTaipei:16894:158021:0:0f240f0ef52cb8ed,F523,NewTaipei,121.506652821,25.0062990593,NewTaipei:geo03,0.3,0.4,-0.1,10,1
topology:route_type:B2,NewTaipei:16895,NewTaipei:16895:158022:0:34c66b6416d7e1ab,F525,NewTaipei,121.518990641,25.0000120897,NewTaipei:geo03,0.3,0.1,0.2,10,1
topology:route_type:B2,NewTaipei:16896,NewTaipei:16896:158023:0:b7f2663532a12208,F526,NewTaipei,121.52056593,25.0018232505,NewTaipei:geo03,0.3,0.1,0.2,10,1
topology:route_type:B2,NewTaipei:16897,NewTaipei:16897:158024:0:f257f012e606908a,570,NewTaipei,121.454505947,24.968398934,NewTaipei:geo00,0.6,0.5,0.1,10,1
topology:route_type:B2,NewTaipei:16898,NewTaipei:16898:158025:0:719323739f0f0e1d,571,NewTaipei,121.429205253,24.9536993421,NewTaipei:geo00,0.5,0.5,0,10,1
topology:route_type:B2,NewTaipei:16899,NewTaipei:16899:158026:0:6aaca3c066ba9bf6,572,NewTaipei,121.452643608,24.9753422831,NewTaipei:geo00,0.5,0.6,-0.1,10,1
topology:route_type:B2,NewTaipei:16900,NewTaipei:16900:158027:0:75bdb578e34981ab,573,NewTaipei,121.446007064,24.9765741505,NewTaipei:geo00,0.6,0.7,-0.1,10,1
topology:route_type:B2,NewTaipei:16901,NewTaipei:16901:158028:0:3915abd476786d38,574,NewTaipei,121.444719283,24.9755170155,NewTaipei:geo00,0.7,0.5,0.2,10,1
topology:route_type:B2,NewTaipei:16902,NewTaipei:16902:158029:0:fd6c9a4073ed6ef5,575,NewTaipei,121.443900989,24.9586632177,NewTaipei:geo00,0.54851104707,0,0.54851104707,10,1041
topology:route_type:B2,NewTaipei:16903,NewTaipei:16903:158030:0:2401588f436c752a,F611,NewTaipei,121.387325922,25.0033439274,NewTaipei:geo00,0,0.2,-0.2,10,1
topology:route_type:B2,NewTaipei:16906,NewTaipei:16906:158033:0:f304686e5cffb99d,F623,NewTaipei,121.358164819,24.9228926482,NewTaipei:geo00,0.4,0.6,-0.2,10,1
topology:route_type:B2,NewTaipei:16907,NewTaipei:16907:158034:0:bd74a30718e6ffa2,F625,NewTaipei,121.3631729,24.9181107762,NewTaipei:geo00,0.44019138756,0.5,-0.0598086124402,10,1045
topology:route_type:B2,NewTaipei:16908,NewTaipei:16908:158035:0:be26383ef7f0626f,F626,NewTaipei,121.406192332,24.9245718578,NewTaipei:geo00,0.4,0.5,-0.1,10,1
topology:route_type:B2,NewTaipei:16909,NewTaipei:16909:158036:0:2de4eb60157503cd,F627,NewTaipei,121.369464219,24.8925511244,NewTaipei:geo00,0.4,0.5,-0.1,10,1
topology:route_type:B2,NewTaipei:16910,NewTaipei:16910:158037:0:82e0024f362ec085,F628,NewTaipei,121.373512086,24.9089440769,NewTaipei:geo00,0.3,0.5,-0.2,10,1
topology:route_type:B2,NewTaipei:16912,NewTaipei:16912:158039:0:640f2ab940b7225d,F629,NewTaipei,121.424616874,24.9271638022,NewTaipei:geo00,0.4,0.5,-0.1,10,1
topology:route_type:B2,NewTaipei:16914,NewTaipei:16914:158041:0:d1d0c7ec704a3750,F630,NewTaipei,121.356247878,24.9908768428,NewTaipei:geo00,0.3,0.4,-0.1,10,1
topology:route_type:B2,NewTaipei:16919,NewTaipei:16919:158046:0:4f0e7b07603248c8,F651,NewTaipei,121.34895003,24.9481014468,NewTaipei:geo00,0.6,0.6,0,10,1
topology:route_type:B2,NewTaipei:16920,NewTaipei:16920:159000:0:e8ed25499774f250,F652,NewTaipei,121.355924215,24.9463817047,NewTaipei:geo00,0.9,0.5,0.4,10,1
topology:route_type:B2,NewTaipei:16922,NewTaipei:16922:158049:0:7a9cf8e08edc84e8,F653A,NewTaipei,121.343126485,24.9673750817,NewTaipei:geo00,0.7,0.6,0.1,10,1
topology:route_type:B2,NewTaipei:16923,NewTaipei:16923:158050:0:3964d78195e2efc7,F653B,NewTaipei,121.343326331,24.9672447658,NewTaipei:geo00,0.7,0.6,0.1,10,1
topology:route_type:B2,NewTaipei:16924,NewTaipei:16924:158051:0:06a1b902852ba334,F655,NewTaipei,121.353864087,25.0056729594,NewTaipei:geo00,0.9,0.5,0.4,10,1
topology:route_type:B2,NewTaipei:16926,NewTaipei:16926:158053:0:257893e7019bee0f,F656,NewTaipei,121.338439243,24.9606026087,NewTaipei:geo00,0.7,0.7,0,10,1
topology:route_type:B2,NewTaipei:16929,NewTaipei:16929:158056:0:ceff046b35873601,F703前三班,NewTaipei,121.488781869,24.9493537167,NewTaipei:geo03,0.424427480916,0.9,-0.475572519084,10,1048
topology:route_type:B2,NewTaipei:16930,NewTaipei:16930:159897:0:2f42933f6e9c75bb,592,NewTaipei,121.548524128,24.974132451,NewTaipei:geo03,0.45,0.3,0.15,10,2
topology:route_type:B2,NewTaipei:16937,NewTaipei:16937:158064:0:d036e3ad0fa9e44b,F711,NewTaipei,121.628380049,25.0099559641,NewTaipei:geo06,0.2,0.1,0.1,10,1
topology:route_type:B2,NewTaipei:16939,NewTaipei:16939:158066:0:5d90eb53115ea6a5,F713,NewTaipei,121.609268355,25.0057481969,NewTaipei:geo06,0.256429942418,0.1,0.156429942418,10,1042
topology:route_type:B2,NewTaipei:16940,NewTaipei:16940:158067:0:74d2c0156a52aa36,F712,NewTaipei,121.613851151,24.9906532697,NewTaipei:geo06,0.3,0.4,-0.1,10,2
topology:route_type:B2,NewTaipei:16941,NewTaipei:16941:160557:0:2107e6c5f45c5ff1,F721,NewTaipei,121.726736586,24.9524498924,NewTaipei:geo06,0.683413231064,0.9,-0.216586768936,10,1043
topology:route_type:B2,NewTaipei:16942,NewTaipei:16942:158069:0:df0179f77e46f0d5,F722,NewTaipei,121.685034986,24.9175886371,NewTaipei:geo06,0.6556621881,0.6,0.0556621880998,10,1042
topology:route_type:B2,NewTaipei:16943,NewTaipei:16943:158070:0:e2690bfa3b6f22b1,F723,NewTaipei,121.686520328,24.9138564825,NewTaipei:geo06,0.683413231064,0.5,0.183413231064,10,1043
topology:route_type:B2,NewTaipei:16944,NewTaipei:16944:158071:0:17e3199d5d3cf027,F801,NewTaipei,121.777554458,25.1041858574,NewTaipei:geo07,0.6,0.5,0.1,10,1
topology:route_type:B2,NewTaipei:16946,NewTaipei:16946:158073:0:ffbb32ac0f9d417f,F802,NewTaipei,121.844365485,25.1108685565,NewTaipei:geo07,0.2,0.3,-0.1,10,1
topology:route_type:B2,NewTaipei:16948,NewTaipei:16948:158075:0:b0a9e1d8de876a4e,F803,NewTaipei,121.782900354,25.1025111722,NewTaipei:geo07,0.6,0.4,0.2,10,1
topology:route_type:B2,NewTaipei:16950,NewTaipei:16950:158077:0:3f8838602ae55485,F805,NewTaipei,121.851587499,25.1214851348,NewTaipei:geo07,0.4,0.2,0.2,10,1
topology:route_type:B2,NewTaipei:16952,NewTaipei:16952:158079:0:c2e85696371e2644,F806,NewTaipei,121.817359708,25.1220266094,NewTaipei:geo07,0.5,0.5,0,10,2
topology:route_type:B2,NewTaipei:16954,NewTaipei:16954:158081:0:e3331e881f81e4ec,F807上午線,NewTaipei,121.810299096,25.1065210823,NewTaipei:geo07,0.7,0.4,0.3,10,1
topology:route_type:B2,NewTaipei:16955,NewTaipei:16955:158082:0:b29733f3bd1f1809,F807下午線,NewTaipei,121.81368424,25.106081182,NewTaipei:geo07,0.7,0.4,0.3,10,1
topology:route_type:B2,NewTaipei:16956,NewTaipei:16956:158083:0:1b1ca9a0b78648aa,F808,NewTaipei,121.822224497,25.0944381512,NewTaipei:geo07,0.8,0.5,0.3,10,1
topology:route_type:B2,NewTaipei:16958,NewTaipei:16958:158085:0:a2f3e948c42399ff,F811,NewTaipei,121.888039927,25.0420085774,NewTaipei:geo07,0.8,0.9,-0.1,10,1
topology:route_type:B2,NewTaipei:16960,NewTaipei:16960:158087:0:1e019c8b5bd41f70,F815,NewTaipei,121.836198795,24.9784966686,NewTaipei:geo07,0.7,0.9,-0.2,10,1
topology:route_type:B2,NewTaipei:16962,NewTaipei:16962:158089:0:a3d4615d3e98c8e2,F821,NewTaipei,121.767352862,25.0380174705,NewTaipei:geo07,0.456046065259,0.5,-0.0439539347409,10,1042
topology:route_type:B2,NewTaipei:16963,NewTaipei:16963:158090:0:90f0a3145f68b501,F822,NewTaipei,121.74869367,25.0192466892,NewTaipei:geo06,0.384276126558,0.6,-0.215723873442,10,1043
topology:route_type:B2,NewTaipei:16964,NewTaipei:16964:158091:0:76d8753b9eba055f,F823,NewTaipei,121.825313358,25.0261560638,NewTaipei:geo07,0.5,0.7,-0.2,10,1
topology:route_type:B2,NewTaipei:16969,NewTaipei:16969:158096:0:a475715dbf14ed9f,F835,NewTaipei,121.921959536,25.026937417,NewTaipei:geo07,1,0.7,0.3,10,1
topology:route_type:B2,NewTaipei:16970,NewTaipei:16970:158097:0:fc14064eaaaa9d0b,F836,NewTaipei,121.961386681,25.0182175576,NewTaipei:geo07,0.6,1,-0.4,10,1
topology:route_type:B2,NewTaipei:16971,NewTaipei:16971:158098:0:769c1ea3d8038698,F837,NewTaipei,121.920372665,25.0639431625,NewTaipei:geo07,0.5,0.8,-0.3,10,1
topology:route_type:B2,NewTaipei:16972,NewTaipei:16972:159231:0:c05ea797be35c58e,貢寮區學生專車,NewTaipei,121.919694927,25.0669054557,NewTaipei:geo07,0.5,0.8,-0.3,10,1
topology:route_type:B2,NewTaipei:16973,NewTaipei:16973:158100:0:f759e30287e2f9b5,F838,NewTaipei,121.917536121,25.0433848481,NewTaipei:geo07,0.7,1,-0.3,10,1
topology:route_type:B2,NewTaipei:16974,NewTaipei:16974:158101:0:c253a9c4f3544d98,F839,NewTaipei,121.91396925,25.0642863547,NewTaipei:geo07,0.55,0.6,-0.05,10,2
topology:route_type:B2,NewTaipei:16975,NewTaipei:16975:159272:1:d3d14c3275493559,F922烏塗炭,NewTaipei,121.650562079,25.1628373039,NewTaipei:geo05,0.6,0.7,-0.1,10,1
topology:route_type:B2,NewTaipei:16976,NewTaipei:16976:158103:0:b60786f1c7b6a732,F922內崁,NewTaipei,121.645142739,25.1605733791,NewTaipei:geo05,0.6,0.9,-0.3,10,1
topology:route_type:B2,NewTaipei:16977,NewTaipei:16977:158104:0:0ff44ccbf0f81c2b,F933-0620學生專車,NewTaipei,121.612717997,25.218217649,NewTaipei:geo05,1,1,0,10,1
topology:route_type:B2,NewTaipei:16978,NewTaipei:16978:158105:0:46245ae5f9b2d920,F933-0800,NewTaipei,121.627117838,25.2167014591,NewTaipei:geo05,1,1,0,10,3
topology:route_type:B2,NewTaipei:16979,NewTaipei:16979:158106:0:ed2b276e43243e85,F933-0710,NewTaipei,121.640748871,25.2237512558,NewTaipei:geo05,1,1,0,10,2
topology:route_type:B2,NewTaipei:16980,NewTaipei:16980:158107:0:8bb43b3d9b334df2,F931-0600,NewTaipei,121.612398759,25.2308717515,NewTaipei:geo05,1,1,0,10,2
topology:route_type:B2,NewTaipei:16981,NewTaipei:16981:158108:0:6287c8483134470e,F931-0700,NewTaipei,121.614204325,25.2274490164,NewTaipei:geo05,1,1,0,10,1
topology:route_type:B2,NewTaipei:16982,NewTaipei:16982:158109:0:109b7de8ebe80a68,F931-0800,NewTaipei,121.616659727,25.2218087533,NewTaipei:geo05,1,1,0,10,1
topology:route_type:B2,NewTaipei:16983,NewTaipei:16983:158110:0:a47bccf3e89ed851,F931-0910,NewTaipei,121.628627326,25.2439564552,NewTaipei:geo05,1,1,0,10,3
topology:route_type:B2,NewTaipei:16984,NewTaipei:16984:158111:0:00c0125b089fa6b2,F931-1030,NewTaipei,121.612001489,25.2284806913,NewTaipei:geo05,1,1,0,10,1
topology:route_type:B2,NewTaipei:16985,NewTaipei:16985:158112:0:c7a1b1bed48106e2,F931-1255,NewTaipei,121.611587608,25.2299278531,NewTaipei:geo05,1,1,0,10,1
topology:route_type:B2,NewTaipei:16986,NewTaipei:16986:158113:0:a58d0d0c64e49408,F931-1630,NewTaipei,121.610922521,25.2295587313,NewTaipei:geo05,1,1,0,10,1
topology:route_type:B2,NewTaipei:16987,NewTaipei:16987:158114:0:6ce52d99898811c4,F931-1730,NewTaipei,121.610986552,25.2258327797,NewTaipei:geo05,1,1,0,10,2
topology:route_type:B2,NewTaipei:16988,NewTaipei:16988:158115:0:cad58b89b46a6ed9,F901,NewTaipei,121.626872291,25.0415655654,NewTaipei:geo06,0.225954198473,0,0.225954198473,10,1048
topology:route_type:B2,NewTaipei:16990,NewTaipei:16990:158117:0:d7d962765083ea09,F902,NewTaipei,121.658306153,25.0605967201,NewTaipei:geo06,0.4,0.1,0.3,10,1
topology:route_type:B2,NewTaipei:16993,NewTaipei:16993:158120:0:10700f1f7cd45386,F903,NewTaipei,121.658271123,25.0445610983,NewTaipei:geo06,0.8,0.5,0.3,10,1
topology:route_type:B2,NewTaipei:16995,NewTaipei:16995:158122:0:183c97e66a5f54c8,F905,NewTaipei,121.688657178,25.0651187104,NewTaipei:geo06,0.3,0.8,-0.5,10,2
topology:route_type:B2,NewTaipei:16997,NewTaipei:16997:159015:0:1b103e7f3feb4394,586,NewTaipei,121.665695968,25.0732497868,NewTaipei:geo06,0.45,0.2,0.25,10,2
topology:route_type:B2,NewTaipei:16999,NewTaipei:16999:158126:0:dd3b262e344eccb0,F907,NewTaipei,121.662458232,25.0746174279,NewTaipei:geo06,0.4,0.2,0.2,10,2
topology:route_type:B2,NewTaipei:17001,NewTaipei:17001:158128:1:b228eec7aea34a38,587,NewTaipei,121.647765317,25.0859092814,NewTaipei:geo06,0.6,0.6,0,10,1
topology:route_type:B2,NewTaipei:17003,NewTaipei:17003:158130:0:f6ab93754447105d,F919八連,NewTaipei,121.631473368,25.0979933404,NewTaipei:geo06,0.6,0.5,0.1,10,1
topology:route_type:B2,NewTaipei:17005,NewTaipei:17005:158132:0:e2a479abb74012f0,F910,NewTaipei,121.625862076,25.108304811,NewTaipei:geo06,0.6,0.4,0.2,10,1
topology:route_type:B2,NewTaipei:17007,NewTaipei:17007:158134:0:10c938caada7ae16,F911,NewTaipei,121.661947386,25.0598792216,NewTaipei:geo06,0.8,0.3,0.5,10,1
topology:route_type:B2,NewTaipei:17009,NewTaipei:17009:158136:0:2b69506f1f31ff77,589,NewTaipei,121.661422836,25.0667461582,NewTaipei:geo06,0.5,0.5,0,10,1
topology:route_type:B2,NewTaipei:17013,NewTaipei:17013:158140:0:a88b01c5e64bf47a,F915,NewTaipei,121.645446865,25.0644545747,NewTaipei:geo06,0,0.3,-0.3,10,1
topology:route_type:B2,NewTaipei:17015,NewTaipei:17015:158142:0:950277e9ef250b03,677副,NewTaipei,121.62018952,25.0736802056,NewTaipei:geo06,0.8,0.6,0.2,10,1
topology:route_type:B2,NewTaipei:17016,NewTaipei:17016:158143:0:2d12308191578cb5,590,NewTaipei,121.626403803,25.0691714422,NewTaipei:geo06,0.7,0.4,0.3,10,2
topology:route_type:B2,NewTaipei:17017,NewTaipei:17017:158144:0:25141757b272793c,591,NewTaipei,121.618720782,25.0653678369,NewTaipei:geo06,0.7,0.1,0.6,10,1
topology:route_type:B2,NewTaipei:17292,NewTaipei:17292:158421:0:13623d0f7a12e819,945,NewTaipei,121.437290996,25.0699762698,NewTaipei:geo02,1,0.6,0.4,10,1
topology:route_type:B2,NewTaipei:17293,NewTaipei:17293:158422:0:57f592d41cdefa17,946,NewTaipei,121.446121472,25.0717041041,NewTaipei:geo02,1,0.6,0.4,10,2
topology:route_type:B2,NewTaipei:17294,NewTaipei:17294:158423:0:9f9e65c77e1cc770,946副,NewTaipei,121.449289646,25.0712229105,NewTaipei:geo02,0.6,0.6,0,10,1
topology:route_type:B2,NewTaipei:17300,NewTaipei:17300:158429:0:4be629c1cce8e07a,624,NewTaipei,121.50952758,24.99397615,NewTaipei:geo03,0.8,1,-0.2,10,1
topology:route_type:B2,NewTaipei:17304,NewTaipei:17304:158433:0:c9c01b53c9aaae44,985萬大樹林先導公車,NewTaipei,121.447778895,25.0027873695,NewTaipei:geo00,0.5,0.7,-0.2,10,1
topology:route_type:B2,NewTaipei:17311,NewTaipei:17311:158451:0:33805d9bab3359fb,藍41延和,NewTaipei,121.475522696,24.990366715,NewTaipei:geo03,0.1,0.2,-0.1,10,1
topology:route_type:B2,NewTaipei:17332,NewTaipei:17332:158474:0:e251a907d4a29baf,藍21副,NewTaipei,121.625793775,25.0605267557,NewTaipei:geo06,0.5,0.3,0.2,10,1
topology:route_type:B2,NewTaipei:17360,NewTaipei:17360:158507:0:10c209f0208dafa4,藍1,NewTaipei,121.485089358,25.0708807706,NewTaipei:geo02,0,0,0,10,1
topology:route_type:B2,NewTaipei:17391,NewTaipei:17391:158545:0:6d664904e19d0939,F932-0600,NewTaipei,121.619018025,25.220395034,NewTaipei:geo05,1,1,0,10,3
topology:route_type:B2,NewTaipei:17392,NewTaipei:17392:158546:0:f6ea4ffcb8cd5526,F932-1630,NewTaipei,121.630345061,25.246618507,NewTaipei:geo05,1,1,0,10,2
topology:route_type:B2,NewTaipei:17393,NewTaipei:17393:158547:0:bb13e7c5a3164177,F932-0820,NewTaipei,121.613909273,25.228163384,NewTaipei:geo05,1,1,0,10,1
topology:route_type:B2,NewTaipei:17394,NewTaipei:17394:158548:0:7dd65fe9511831c7,F932-0950,NewTaipei,121.615725165,25.2267141226,NewTaipei:geo05,1,1,0,10,1
topology:route_type:B2,NewTaipei:17395,NewTaipei:17395:158549:0:95caf61b2be8a3e3,F932-1110,NewTaipei,121.626190202,25.2404188152,NewTaipei:geo05,1,1,0,10,1
topology:route_type:B2,NewTaipei:17433,NewTaipei:17433:158588:0:2be9ce1ad1a9d25b,F920,NewTaipei,121.706157885,25.0518932073,NewTaipei:geo06,0.7,0.7,0,10,1
topology:route_type:B2,NewTaipei:17465,NewTaipei:17465:158621:0:243ff2222a06787b,F932-0630,NewTaipei,121.630252631,25.2471255143,NewTaipei:geo05,1,1,0,10,2
topology:route_type:B2,NewTaipei:17466,NewTaipei:17466:158622:0:0c31f2db121e0858,棕7綠野香坡,NewTaipei,121.537920174,24.9829822326,NewTaipei:geo03,0.2,0.2,0,10,1
topology:route_type:B2,NewTaipei:17479,NewTaipei:17479:158635:0:4791b6d7f3b48fb7,290副萬和,NewTaipei,121.53767515,24.9914095889,NewTaipei:geo03,0.5,0.3,0.2,10,1
topology:route_type:B2,NewTaipei:17482,NewTaipei:17482:158638:0:fef3ca232c133507,666皇帝殿,NewTaipei,121.60525221,24.9981386148,NewTaipei:geo06,1,0.7,0.3,10,1
topology:route_type:B2,NewTaipei:17483,NewTaipei:17483:158639:0:84e1c285e5b04f89,666烏塗窟,NewTaipei,121.605885873,24.9974792743,NewTaipei:geo06,1,0.7,0.3,10,1
topology:route_type:B2,NewTaipei:17500,NewTaipei:17500:158663:0:f4890e1d3a72d885,790漁港,NewTaipei,121.685816601,25.1788161008,NewTaipei:geo05,0.6,0.3,0.3,10,1
topology:route_type:B2,NewTaipei:17501,NewTaipei:17501:158664:0:5707de8c2e4de411,788海科館,NewTaipei,121.797523075,25.1231782636,NewTaipei:geo07,0.9,0.7,0.2,10,1
topology:route_type:B2,NewTaipei:17513,NewTaipei:17513:158679:0:de9cc03e7cbd8d6b,583,NewTaipei,121.452023847,25.1013784588,NewTaipei:geo02,0.8,0.9,-0.1,10,2
topology:route_type:B2,NewTaipei:17515,NewTaipei:17515:158683:0:9ddb1089494cc688,778,NewTaipei,121.377750879,24.919548904,NewTaipei:geo00,0.5,0.2,0.3,10,1
topology:route_type:B2,NewTaipei:17516,NewTaipei:17516:158684:0:f6de001f685de448,藍18,NewTaipei,121.467072292,25.0271545396,NewTaipei:geo02,0,0,0,10,3
topology:route_type:B2,NewTaipei:17517,NewTaipei:17517:158685:0:428f2c2a8856e970,99,NewTaipei,121.451169404,25.0268788894,NewTaipei:geo02,0.8,0.7,0.1,10,2
topology:route_type:B2,NewTaipei:17518,NewTaipei:17518:158686:0:38d0a14694f1227b,845,NewTaipei,121.4434211,25.0305058444,NewTaipei:geo02,0.9,0.6,0.3,10,1
topology:route_type:B2,NewTaipei:17519,NewTaipei:17519:158687:0:77c366a5f25d1e57,916,NewTaipei,121.392988492,24.949307608,NewTaipei:geo00,0.8,0.4,0.4,10,1
topology:route_type:B2,NewTaipei:17523,NewTaipei:17523:158691:0:4aa538b1f234a280,806,NewTaipei,121.469372681,25.0415597484,NewTaipei:geo02,0.9,0.8,0.1,10,1
topology:route_type:B2,NewTaipei:17524,NewTaipei:17524:158692:0:2652ea16c1235b68,805,NewTaipei,121.448015445,25.0318353319,NewTaipei:geo02,0.8,0.7,0.1,10,1
topology:route_type:B2,NewTaipei:17525,NewTaipei:17525:158693:0:18ceac0bf4365c89,823,NewTaipei,121.634067939,25.056020152,NewTaipei:geo06,0.3,0.3,0,10,1
topology:route_type:B2,NewTaipei:17526,NewTaipei:17526:159276:0:0f5f9d8b02bb906e,813,NewTaipei,121.455379454,25.0301398653,NewTaipei:geo02,0.9,0.7,0.2,10,2
topology:route_type:B2,NewTaipei:17527,NewTaipei:17527:158695:0:33a099285d0a55a6,813區,NewTaipei,121.46023159,25.0240642073,NewTaipei:geo02,0.8,0.8,0,10,1
topology:route_type:B2,NewTaipei:17528,NewTaipei:17528:158696:0:6f4f6850f3b5d35c,862,NewTaipei,121.592766751,25.2224443351,NewTaipei:geo05,1,0.7,0.3,10,1
topology:route_type:B2,NewTaipei:17530,NewTaipei:17530:159900:1:7938113a526a07c5,716(台灣好行-皇冠北海岸線),NewTaipei,121.553023644,25.2457848293,NewTaipei:geo04,0.5,0.6,-0.1,10,2
topology:route_type:B2,NewTaipei:17532,NewTaipei:17532:159687:0:fb73d03c50f84294,918,NewTaipei,121.484667673,25.0160262057,NewTaipei:geo03,0.6,1,-0.4,10,2
topology:route_type:B2,NewTaipei:17534,NewTaipei:17534:158702:0:f15f99db774971a1,933,NewTaipei,121.507345555,25.0159544241,NewTaipei:geo03,0.4,0.8,-0.4,10,2
topology:route_type:B2,NewTaipei:17536,NewTaipei:17536:158704:0:0bc278af6296b2a9,927,NewTaipei,121.436740469,25.1131505515,NewTaipei:geo02,0.7,1,-0.3,10,1
topology:route_type:B2,NewTaipei:17537,NewTaipei:17537:158705:0:8730d86237e92815,928,NewTaipei,121.432913084,25.1197925355,NewTaipei:geo02,0.7,0.8,-0.1,10,1
topology:route_type:B2,NewTaipei:17545,NewTaipei:17545:158713:0:8220e01eda29e4ee,927經台北港,NewTaipei,121.432780862,25.1163947057,NewTaipei:geo02,0.7,0.8,-0.1,10,1
topology:route_type:B2,NewTaipei:17548,NewTaipei:17548:158717:0:34a215b6bafd738d,951,NewTaipei,121.593591315,25.0151719325,NewTaipei:geo06,0.4,0.7,-0.3,10,2
topology:route_type:B2,NewTaipei:17557,NewTaipei:17557:158727:0:e7ef2024d9080e9d,897,NewTaipei,121.50099021,24.9919996448,NewTaipei:geo03,0.8,0.7,0.1,10,1
topology:route_type:B2,NewTaipei:17559,NewTaipei:17559:158729:0:fdf575851b77e5c7,F212副,NewTaipei,121.436567058,25.0591366568,NewTaipei:geo02,0.2,0.4,-0.2,10,1
topology:route_type:B2,NewTaipei:17565,NewTaipei:17565:158735:0:6371556761f5aba7,F812,NewTaipei,121.832848743,25.030179315,NewTaipei:geo07,0.7,0.9,-0.2,10,1
topology:route_type:B2,NewTaipei:17567,NewTaipei:17567:158737:0:c93a8685846303ac,F813,NewTaipei,121.849291544,25.0731707848,NewTaipei:geo07,0.7,0.7,0,10,1
topology:route_type:B2,NewTaipei:17568,NewTaipei:17568:158738:0:5bee3a6d4cccc307,F913,NewTaipei,121.643163261,25.0700971475,NewTaipei:geo06,0.1,0.4,-0.3,10,1
topology:route_type:B2,NewTaipei:17570,NewTaipei:17570:158740:0:8054f2bac7235b4a,947,NewTaipei,121.453961209,25.1124589089,NewTaipei:geo02,0.7,0.9,-0.2,10,1
topology:route_type:B2,NewTaipei:17575,NewTaipei:17575:158745:0:b90bb8cd359ddff5,953,NewTaipei,121.644665191,25.1186712793,NewTaipei:geo06,0.6,0.3,0.3,10,1
topology:route_type:B2,NewTaipei:17576,NewTaipei:17576:158746:0:cd9a5ed27fc4ca4b,952,NewTaipei,121.379882985,25.0497754399,NewTaipei:geo02,0.55,0.8,-0.25,10,2
topology:route_type:B2,NewTaipei:17621,NewTaipei:17621:158793:0:f15950be37be2303,853跳蛙,NewTaipei,121.461319891,25.2171127499,NewTaipei:geo01,0.6,0.8,-0.2,10,1
topology:route_type:B2,NewTaipei:17623,NewTaipei:17623:158798:0:c00279a2ca9059e6,F723下石嘈,NewTaipei,121.708471974,24.920047475,NewTaipei:geo06,0.683413231064,0.8,-0.116586768936,10,1043
topology:route_type:B2,NewTaipei:17624,NewTaipei:17624:158799:0:0360c4d10b4b3919,F703,NewTaipei,121.504159947,24.9534842685,NewTaipei:geo03,0.424427480916,0.3,0.124427480916,10,1048
topology:route_type:B2,NewTaipei:17625,NewTaipei:17625:158801:0:00c75f3a5d23efb6,898,NewTaipei,121.402261289,25.0556841563,NewTaipei:geo02,0.9,0.5,0.4,10,1
topology:route_type:B2,NewTaipei:17631,NewTaipei:17631:158807:0:e8e9ad0d6a1979bc,F301,NewTaipei,121.479445503,25.0580075616,NewTaipei:geo02,0,0.1,-0.1,10,1
topology:route_type:B2,NewTaipei:17663,NewTaipei:17663:158839:0:31ed8483443ed42e,F205,NewTaipei,121.43139214,25.0475745709,NewTaipei:geo02,0.2,0.4,-0.2,10,1
topology:route_type:B2,NewTaipei:17664,NewTaipei:17664:158840:0:6c72c9233bca7b49,F206,NewTaipei,121.414687018,25.0295097169,NewTaipei:geo02,0.4,0.2,0.2,10,1
topology:route_type:B2,NewTaipei:17665,NewTaipei:17665:158841:0:527903bb5b602e1b,F207,NewTaipei,121.406171504,25.0353614223,NewTaipei:geo02,0.4,0.5,-0.1,10,1
topology:route_type:B2,NewTaipei:17668,NewTaipei:17668:158844:0:9a33b43fe3a4c372,982,NewTaipei,121.48064921,25.0212012015,NewTaipei:geo03,0.8,0.9,-0.1,10,1
topology:route_type:B2,NewTaipei:17671,NewTaipei:17671:158849:0:b1e36960a1c34b28,林口-捷運圓山站,NewTaipei,121.427959377,25.070662407,NewTaipei:geo02,0.4,0.4,0,10,2
topology:route_type:B2,NewTaipei:17672,NewTaipei:17672:158850:0:c7265d377259e73b,577,NewTaipei,121.465382228,25.0038267585,NewTaipei:geo03,0.8,0.2,0.6,10,1
topology:route_type:B2,NewTaipei:17679,NewTaipei:17679:158858:0:432e4e5132cf539f,982區,NewTaipei,121.457319736,25.0508939301,NewTaipei:geo02,0.8,0.3,0.5,10,1
topology:route_type:B2,NewTaipei:17680,NewTaipei:17680:158859:0:f2363858c44c4db6,982直達,NewTaipei,121.487918922,25.0125675282,NewTaipei:geo03,0.4,1,-0.6,10,2
topology:route_type:B2,NewTaipei:17682,NewTaipei:17682:158861:1:44f017557a30ecdd,596,NewTaipei,121.440867471,24.9962847832,NewTaipei:geo00,0.8,0.8,0,10,1
topology:route_type:B2,NewTaipei:17683,NewTaipei:17683:158862:0:06db35b677373666,585,NewTaipei,121.449201762,25.002797034,NewTaipei:geo00,0.7,0.3,0.4,10,1
topology:route_type:B2,NewTaipei:17687,NewTaipei:17687:158865:0:ae32325f06bbefd8,982直達新埔線,NewTaipei,121.458101404,25.0445104031,NewTaipei:geo02,0.744966442953,0.3,0.444966442953,10,1043
topology:route_type:B2,NewTaipei:17689,NewTaipei:17689:158867:0:a19ccf0224c365b0,三峽-捷運永寧站,NewTaipei,121.394113515,24.9503167884,NewTaipei:geo00,0.3,0,0.3,10,1
topology:route_type:B2,NewTaipei:17692,NewTaipei:17692:158874:0:e342ebda014ef410,791繞貢寮,NewTaipei,121.853446873,25.0992200091,NewTaipei:geo07,0.6,0.5,0.1,10,1
topology:route_type:B2,NewTaipei:17693,NewTaipei:17693:158875:0:22ba71cbc8dd8329,F815嶺頭觀目,NewTaipei,121.841480993,24.9878984198,NewTaipei:geo07,0.7,0.9,-0.2,10,1
topology:route_type:B2,NewTaipei:17694,NewTaipei:17694:158876:0:b2c8fe8efe50e006,F139行經101線,NewTaipei,121.488701169,25.2072493998,NewTaipei:geo01,0.55,0.2,0.35,10,2
topology:route_type:B2,NewTaipei:17696,NewTaipei:17696:158879:0:eb2eed50a34f393e,849屈尺社區,NewTaipei,121.541905427,24.9496959806,NewTaipei:geo03,0.6,0.7,-0.1,10,1
topology:route_type:B2,NewTaipei:17699,NewTaipei:17699:158882:0:1885063ccaa2afa1,F823區,NewTaipei,121.859862228,25.0257003555,NewTaipei:geo07,0.7,0.9,-0.2,10,1
topology:route_type:B2,NewTaipei:17700,NewTaipei:17700:158883:0:38d77dd08993e448,藍43延南天母,NewTaipei,121.419096028,24.9601969159,NewTaipei:geo00,0.2,0.2,0,10,1
topology:route_type:B2,NewTaipei:17706,NewTaipei:17706:158889:0:721b4bdd8be1937b,897區,NewTaipei,121.513934988,24.9774744564,NewTaipei:geo03,0.8,0.4,0.4,10,1
topology:route_type:B2,NewTaipei:17711,NewTaipei:17711:158894:0:f5424ccc2414baf1,三峽-捷運台大醫院站,NewTaipei,121.433230481,24.982331325,NewTaipei:geo00,0.4,0.3,0.1,10,1
topology:route_type:B2,NewTaipei:17714,NewTaipei:17714:158897:0:53080a47acfe150f,F657,NewTaipei,121.348560207,24.9991472485,NewTaipei:geo00,0.7,0.4,0.3,10,1
topology:route_type:B2,NewTaipei:17717,NewTaipei:17717:158900:0:a558560032960c4a,932繞國家教育研究院,NewTaipei,121.409564959,24.963785278,NewTaipei:geo00,0.6,0.8,-0.2,10,1
topology:route_type:B2,NewTaipei:17718,NewTaipei:17718:158901:0:078a76699f0b23be,791經貢寮區衛生,NewTaipei,121.84742755,25.1077501972,NewTaipei:geo07,0.6,0.5,0.1,10,1
topology:route_type:B2,NewTaipei:17719,NewTaipei:17719:158902:0:7204b4af80012f21,786區,NewTaipei,121.407183385,25.0632097747,NewTaipei:geo02,0.8,0.6,0.2,10,1
topology:route_type:B2,NewTaipei:17720,NewTaipei:17720:158908:0:a1a8bbbbfc4c88f7,939跳蛙,NewTaipei,121.483503828,24.9835462249,NewTaipei:geo03,0.6,0.7,-0.1,10,2
topology:route_type:B2,NewTaipei:17733,NewTaipei:17733:159036:0:c1128025af6801d2,F932-0715,NewTaipei,121.630278343,25.2474879403,NewTaipei:geo05,1,1,0,10,2
topology:route_type:B2,NewTaipei:17775,NewTaipei:17775:159119:0:2ea87fc2055285f0,908延,NewTaipei,121.426923028,24.962989611,NewTaipei:geo00,0.6,0.7,-0.1,10,1
topology:route_type:B2,NewTaipei:17789,NewTaipei:17789:159134:0:50c89798391f3220,960,NewTaipei,121.448018047,25.0455266836,NewTaipei:geo02,0.7,0.3,0.4,10,1
topology:route_type:B2,NewTaipei:17790,NewTaipei:17790:159135:0:71f1be375705d87e,958,NewTaipei,121.464748145,25.061759139,NewTaipei:geo02,0.7,0.5,0.2,10,1
topology:route_type:B2,NewTaipei:17791,NewTaipei:17791:159136:0:98fc4a7862b1880a,959,NewTaipei,121.4622868,25.0582734365,NewTaipei:geo02,0.3,0.3,0,10,1
topology:route_type:B2,NewTaipei:17802,NewTaipei:17802:159147:0:6d9795d0c497560a,854,NewTaipei,121.369619743,25.0692134112,NewTaipei:geo02,0.7,0.3,0.4,10,1
topology:route_type:B2,NewTaipei:17806,NewTaipei:17806:159151:0:4c292ec1cde25656,899,NewTaipei,121.444793062,25.0779611336,NewTaipei:geo02,0.8,0.8,0,10,1
topology:route_type:B2,NewTaipei:17809,NewTaipei:17809:159154:0:efc554c16e2d8e79,F132經青山,NewTaipei,121.517479303,25.2372383112,NewTaipei:geo04,0.567495219885,1,-0.432504780115,10,1046
topology:route_type:B2,NewTaipei:17811,NewTaipei:17811:159157:0:dfb4934ae81a122b,林口-內湖科技園區,NewTaipei,121.463854039,25.0710823064,NewTaipei:geo02,0.5,0.3,0.2,10,1
topology:route_type:B2,NewTaipei:17812,NewTaipei:17812:159158:0:82eb47ae73609fd4,新店-汐止,NewTaipei,121.593336507,25.0135188546,NewTaipei:geo06,0.2,0.1,0.1,10,1
topology:route_type:B2,NewTaipei:17813,NewTaipei:17813:159159:0:32297df4a03adc6d,泰山-內湖,NewTaipei,121.507177753,25.0711528433,NewTaipei:geo02,0.175,0.2,-0.025,10,4
topology:route_type:B2,NewTaipei:17814,NewTaipei:17814:159162:0:8263b782427c8ad9,淡水-內湖科技園區,NewTaipei,121.489621746,25.1260790038,NewTaipei:geo01,0.2,0.2,0,10,1
topology:route_type:B2,NewTaipei:17815,NewTaipei:17815:159163:0:3a88b4c17ce8da6c,淡水-國道1號-南港車站,NewTaipei,121.507063493,25.1118458677,NewTaipei:geo02,0.2,0.2,0,10,1
topology:route_type:B2,NewTaipei:17824,NewTaipei:17824:159184:0:1cddea3f69e2dd41,886區,NewTaipei,121.83623154,25.120989318,NewTaipei:geo07,0.8,0.6,0.2,10,1
topology:route_type:B2,NewTaipei:17832,NewTaipei:17832:159205:0:0d325780dfbe2a4f,直潭里線,NewTaipei,121.533906296,24.9463108281,NewTaipei:geo03,0.424427480916,0.2,0.224427480916,10,1048
topology:route_type:B2,NewTaipei:17835,NewTaipei:17835:159209:0:bfe9bc09bb439e9e,林口-板橋,NewTaipei,121.41763074,25.0576182514,NewTaipei:geo02,0.1,0.4,-0.3,10,1
topology:route_type:B2,NewTaipei:17836,NewTaipei:17836:159279:0:5e68ea57a4a74dd3,F933-0635,NewTaipei,121.620646163,25.2242642813,NewTaipei:geo05,1,1,0,10,2
topology:route_type:B2,NewTaipei:17837,NewTaipei:17837:159280:0:909306b2e9773a2e,F933-0920,NewTaipei,121.62715258,25.2167084571,NewTaipei:geo05,1,1,0,10,3
topology:route_type:B2,NewTaipei:17838,NewTaipei:17838:159212:0:8fbb0f95701772f8,894,NewTaipei,121.436645446,25.1857955434,NewTaipei:geo01,0.4,0.4,0,10,1
topology:route_type:B2,NewTaipei:17839,NewTaipei:17839:159281:0:b26b3e56425c21f3,F933-1030,NewTaipei,121.633518656,25.2210127688,NewTaipei:geo05,1,1,0,10,1
topology:route_type:B2,NewTaipei:17840,NewTaipei:17840:159282:0:1fcabbd55ad7279c,F933-1130,NewTaipei,121.642212519,25.2239024203,NewTaipei:geo05,1,1,0,10,2
topology:route_type:B2,NewTaipei:17841,NewTaipei:17841:159283:0:995e38317c7b98d3,F933-1330,NewTaipei,121.634824856,25.2217757013,NewTaipei:geo05,1,1,0,10,1
topology:route_type:B2,NewTaipei:17842,NewTaipei:17842:159284:0:043e542bdd96b2aa,F933-1430,NewTaipei,121.640993392,25.2239053817,NewTaipei:geo05,1,1,0,10,2
topology:route_type:B2,NewTaipei:17843,NewTaipei:17843:159285:0:218ee4473f499bbe,F933-1530,NewTaipei,121.627156193,25.216718608,NewTaipei:geo05,1,1,0,10,1
topology:route_type:B2,NewTaipei:17845,NewTaipei:17845:159218:0:ef1219db1e169af9,953區,NewTaipei,121.647778937,25.1220018383,NewTaipei:geo06,0.6,0.3,0.3,10,1
topology:route_type:B2,NewTaipei:17846,NewTaipei:17846:159224:0:570ae77d0cd874df,鶯歌火車站-中正紀念堂,NewTaipei,121.431412852,24.9833011563,NewTaipei:geo00,0.4,0.2,0.2,10,1
topology:route_type:B2,NewTaipei:17847,NewTaipei:17847:159225:0:3e559cd1f07679c9,鶯歌火車站-松山機場,NewTaipei,121.472094063,24.9861469625,NewTaipei:geo03,0.2,0.3,-0.1,10,2
topology:route_type:B2,NewTaipei:17865,NewTaipei:17865:159263:1:54735fb24ebbe4ab,789區,NewTaipei,121.702565756,25.1536019861,NewTaipei:geo05,0.6,0.2,0.4,10,1
topology:route_type:B2,NewTaipei:17866,NewTaipei:17866:159267:0:838f474df83636d4,林口(文化三路)-捷運圓山站,NewTaipei,121.427910582,25.0718593313,NewTaipei:geo02,0.4,0.3,0.1,10,1
topology:route_type:B2,NewTaipei:17868,NewTaipei:17868:159290:0:fe07f4ac065d4938,638副,NewTaipei,121.431670738,25.0658611709,NewTaipei:geo02,0.8,0.1,0.7,10,1
topology:route_type:B2,NewTaipei:17871,NewTaipei:17871:159300:0:171c6348628c98a4,淡水新市鎮-板橋,NewTaipei,121.456859363,25.1125408894,NewTaipei:geo02,0.2,0.1,0.1,10,1
topology:route_type:B2,NewTaipei:17873,NewTaipei:17873:159302:0:200e8c74ed2c1e45,新店高中-三峽,NewTaipei,121.434083086,24.9624767048,NewTaipei:geo00,0.4,0.2,0.2,10,1
topology:route_type:B2,NewTaipei:17889,NewTaipei:17889:159341:0:33c1b1eee2bbaa32,824,NewTaipei,121.451932947,25.0044143483,NewTaipei:geo03,0.5,0.3,0.2,10,1
topology:route_type:B2,NewTaipei:17902,NewTaipei:17902:159358:0:20d9da6a8ca91858,瑞芳-松山車站(北客),NewTaipei,121.689805439,25.0846086927,NewTaipei:geo06,0.2,0.8,-0.6,10,1
topology:route_type:B2,NewTaipei:17903,NewTaipei:17903:159362:0:b1cd4e44a710c2ad,瑞芳-松山車站(基客),NewTaipei,121.693616157,25.0864703704,NewTaipei:geo06,0.5,0.8,-0.3,10,3
topology:route_type:B2,NewTaipei:17904,NewTaipei:17904:159360:0:1c66c01485e3ef0c,瑞芳-內科(北客),NewTaipei,121.677433257,25.0863647168,NewTaipei:geo06,0.5,0.1,0.4,10,1
topology:route_type:B2,NewTaipei:17905,NewTaipei:17905:159364:0:97326239690f15b3,三峽-內科,NewTaipei,121.514086371,24.9933750175,NewTaipei:geo03,0.3,0,0.3,10,1
topology:route_type:B2,NewTaipei:17911,NewTaipei:17911:159373:0:56c7b655bebfb11f,瑞芳-內科(基客),NewTaipei,121.685211735,25.0879085745,NewTaipei:geo06,0.4,0.1,0.3,10,4
topology:route_type:B2,NewTaipei:17914,NewTaipei:17914:159486:1:d1b53c10e51de602,F512副,NewTaipei,121.500444236,24.9907575608,NewTaipei:geo03,0,0.3,-0.3,10,3
topology:route_type:B2,NewTaipei:17915,NewTaipei:17915:159385:0:57e6d61d7777a56d,汐止-台北101,NewTaipei,121.618372169,25.0583847194,NewTaipei:geo06,0,0,0,10,1
topology:route_type:B2,NewTaipei:17916,NewTaipei:17916:159393:0:06b5e43df843dd27,963,NewTaipei,121.445035872,25.102001407,NewTaipei:geo02,0.7,0.9,-0.2,10,1
topology:route_type:B2,NewTaipei:17917,NewTaipei:17917:159387:0:d593b1d8556e66b8,五股-內湖科技園區,NewTaipei,121.507429527,25.075426268,NewTaipei:geo02,0.08,0.3,-0.22,10,5
topology:route_type:B2,NewTaipei:17918,NewTaipei:17918:159389:0:9e7f8b7b8ae1ce02,林口-臺北長庚醫院,NewTaipei,121.446246564,25.0691344521,NewTaipei:geo02,0.4,0.4,0,10,2
topology:route_type:B2,NewTaipei:17919,NewTaipei:17919:159391:0:3cdd5ddb768e743f,捷運景安站-三峽臺北大學,NewTaipei,121.434926064,24.9668832334,NewTaipei:geo00,0.3,0.2,0.1,10,3
topology:route_type:B2,NewTaipei:17922,NewTaipei:17922:159399:0:11d1daf1dcafde8d,捷運蘆洲站-內湖科技園區,NewTaipei,121.533900623,25.075130667,NewTaipei:geo02,0.2,0.2,0,10,2
topology:route_type:B2,NewTaipei:17923,NewTaipei:17923:158016:1:ebee1259e791eab1,819副,NewTaipei,121.594012162,24.9961282742,NewTaipei:geo06,1,0.8,0.2,10,1
topology:route_type:B2,NewTaipei:17930,NewTaipei:17930:159418:0:a6c0b07f5174429e,新店北新路-政大一街,NewTaipei,121.563547806,24.9821576601,NewTaipei:geo03,0.2,0.4,-0.2,10,1
topology:route_type:B2,NewTaipei:17931,NewTaipei:17931:159420:0:c51756b32b1243b6,土城金城路-樹林大安路,NewTaipei,121.444607768,24.9917361247,NewTaipei:geo00,0.2,0,0.2,10,1
topology:route_type:B2,NewTaipei:17937,NewTaipei:17937:159432:0:467d70062fae2ea6,965(台灣好行-九份金瓜石線),NewTaipei,121.658843087,25.0750754329,NewTaipei:geo06,0.9,0.2,0.7,10,1
topology:route_type:B2,NewTaipei:17940,NewTaipei:17940:159437:0:1bfece61f595e753,棕7建業路,NewTaipei,121.536315969,24.9819355668,NewTaipei:geo03,0.2,0.2,0,10,1
topology:route_type:B2,NewTaipei:17941,NewTaipei:17941:159440:0:2c13f35c3306dd69,湯泉-大坪林-湯泉,NewTaipei,121.530843341,24.9794289601,NewTaipei:geo03,0.3,0,0.3,10,2
topology:route_type:B2,NewTaipei:17942,NewTaipei:17942:159439:0:48c01d2309cef4bc,939副,NewTaipei,121.466666899,24.9795434621,NewTaipei:geo03,0.6,0.6,0,10,1
topology:route_type:B2,NewTaipei:17945,NewTaipei:17945:159443:0:6307a0eb98d82464,712,NewTaipei,121.425571347,25.0029182685,NewTaipei:geo00,0.6,0.8,-0.2,10,1
topology:route_type:B2,NewTaipei:17948,NewTaipei:17948:159446:0:15aa7437368c804d,三峽-捷運府中站,NewTaipei,121.404988648,24.9579957381,NewTaipei:geo00,0.3,0.1,0.2,10,2
topology:route_type:B2,NewTaipei:17958,NewTaipei:17958:159495:0:94b4b180ce7b0382,藍海2線先導公車,NewTaipei,121.433159683,25.1846820193,NewTaipei:geo01,0,0,0,10,1
topology:route_type:B2,NewTaipei:17961,NewTaipei:17961:159506:0:85e17c73404c88c1,樹林後火車站-海洋公園,NewTaipei,121.399028604,24.9693087435,NewTaipei:geo00,0.2,0.2,0,10,2
topology:route_type:B2,NewTaipei:17962,NewTaipei:17962:159510:0:7a703fa7fe6674fb,三峽-臺北市信義區,NewTaipei,121.495197464,24.9765722117,NewTaipei:geo03,0.3,0.2,0.1,10,1
topology:route_type:B2,NewTaipei:17963,NewTaipei:17963:159524:0:a498f41da55138c0,中和-新北板橋公車站,NewTaipei,121.467620308,25.0038087303,NewTaipei:geo03,0.2,0.5,-0.3,10,1
topology:route_type:B2,NewTaipei:17968,NewTaipei:17968:159544:0:cf74e3a6fb570234,蘆洲中正路-士林中正路,NewTaipei,121.494204962,25.0869696348,NewTaipei:geo02,0.1,0.2,-0.1,10,2
topology:route_type:B2,NewTaipei:17970,NewTaipei:17970:159547:0:7b5365db92135090,林口-捷運府中站,NewTaipei,121.421171839,25.061064219,NewTaipei:geo02,0.2,0.1,0.1,10,1
topology:route_type:B2,NewTaipei:17971,NewTaipei:17971:159548:0:7d578c3c3630ff74,837副,NewTaipei,121.458724616,25.1442745661,NewTaipei:geo01,0.9,0.5,0.4,10,1
topology:route_type:B2,NewTaipei:17972,NewTaipei:17972:159549:0:ed7c15a2ffd566b9,837區,NewTaipei,121.458129728,25.1525417297,NewTaipei:geo01,0.9,0.5,0.4,10,1
topology:route_type:B2,NewTaipei:17975,NewTaipei:17975:159558:0:a76097b52b946e33,石門-捷運紅樹林站,NewTaipei,121.48402816,25.2352905503,NewTaipei:geo04,0.1,0.4,-0.3,10,1
topology:route_type:B2,NewTaipei:17977,NewTaipei:17977:159564:0:6ab521dbdf016959,台北小城-大坪林,NewTaipei,121.522318669,24.960801167,NewTaipei:geo03,0.3,0.3,0,10,2
topology:route_type:B2,NewTaipei:17990,NewTaipei:17990:159582:0:f50ce547956ae227,F319,NewTaipei,121.464945591,25.0849139649,NewTaipei:geo02,0.1,0.3,-0.2,10,1
topology:route_type:B2,NewTaipei:17991,NewTaipei:17991:159583:0:cfa3688f876f17db,F320,NewTaipei,121.470346491,25.0845635898,NewTaipei:geo02,0.2,0.3,-0.1,10,2
topology:route_type:B2,NewTaipei:17992,NewTaipei:17992:159586:0:7c4a92cfae0d6ddc,三重-內科,NewTaipei,121.521322737,25.0843448062,NewTaipei:geo02,0.5,0.1,0.4,10,1
topology:route_type:B2,NewTaipei:17994,NewTaipei:17994:159589:0:8440477a27866b76,萬里-內湖科技園區,NewTaipei,121.666364267,25.1035354394,NewTaipei:geo06,0.2,0.8,-0.6,10,3
topology:route_type:B2,NewTaipei:17996,NewTaipei:17996:159603:0:cbcb5cf8c132ade8,蘆洲-南港,NewTaipei,121.530063417,25.0741485624,NewTaipei:geo02,0.4,0.3,0.1,10,1
topology:route_type:B2,NewTaipei:18014,NewTaipei:18014:159631:0:b18636e892d7f849,泰山-內湖(直達),NewTaipei,121.50833211,25.0714603264,NewTaipei:geo02,0.2,0.2,0,10,1
topology:route_type:B2,NewTaipei:18017,NewTaipei:18017:159643:0:3a701e18aaad9282,湯泉-崇光中學,NewTaipei,121.531228755,24.9748690932,NewTaipei:geo03,0.4,0.5,-0.1,10,1
topology:route_type:B2,NewTaipei:18028,NewTaipei:18028:159649:0:e5ff4af9eec35c59,蘆洲-內湖,NewTaipei,121.536816841,25.0749844182,NewTaipei:geo02,0.3,0.1,0.2,10,1
topology:route_type:B2,NewTaipei:18041,NewTaipei:18041:159674:0:d59aaee02226ad96,576,NewTaipei,121.530374312,24.9721699987,NewTaipei:geo03,0.7,0.6,0.1,10,1
topology:route_type:B2,NewTaipei:18042,NewTaipei:18042:159683:0:cbb866e90572c13c,F724,NewTaipei,121.721605449,24.9392973037,NewTaipei:geo06,0.683413231064,0.7,-0.0165867689357,10,1043
topology:route_type:B2,NewTaipei:18052,NewTaipei:18052:159709:0:78e547517cf53c61,F922北基,NewTaipei,121.686041746,25.1770643909,NewTaipei:geo05,0.6,0.6,0,10,1
topology:route_type:B2,NewTaipei:18054,NewTaipei:18054:159712:0:28d3b49950f64279,新店(綠中海)-捷運新店站,NewTaipei,121.510666184,24.9597470862,NewTaipei:geo03,0,0.4,-0.4,10,1
topology:route_type:B2,NewTaipei:18068,NewTaipei:18068:159727:0:211351c8988eb505,F816,NewTaipei,121.810704808,25.0586987189,NewTaipei:geo07,0.7,0.5,0.2,10,1
topology:route_type:B2,NewTaipei:18078,NewTaipei:18078:159728:0:aa8083c39b23f6b3,湯泉-十四張-大坪林,NewTaipei,121.531241115,24.9834466889,NewTaipei:geo03,0.266666666667,0.4,-0.133333333333,10,3
topology:route_type:B2,NewTaipei:18098,NewTaipei:18098:159757:0:7682f1ed0d09c3d0,788區,NewTaipei,121.775896287,25.1252762545,NewTaipei:geo07,0.4,0.4,0,10,1
topology:route_type:B2,NewTaipei:18108,NewTaipei:18108:159767:1:3e873bb3c42b476c,F825,NewTaipei,121.745848089,25.0649192856,NewTaipei:geo07,0.5,0.6,-0.1,10,1
topology:route_type:B2,NewTaipei:18118,NewTaipei:18118:159877:0:76a9c343581e717e,966,NewTaipei,121.429401253,25.0700420623,NewTaipei:geo02,0.9,0.5,0.4,10,1
topology:route_type:B2,NewTaipei:18119,NewTaipei:18119:159907:0:66bb3c7105530e9c,967,NewTaipei,121.445808322,25.0633060093,NewTaipei:geo02,0.9,0.7,0.2,10,1
topology:route_type:B2,NewTaipei:18128,NewTaipei:18128:159910:0:4a04f05f7fe19a45,967直,NewTaipei,121.455853704,25.0615496729,NewTaipei:geo02,0.8,0.6,0.2,10,1
topology:route_type:B2,NewTaipei:18148,NewTaipei:18148:159977:0:e46ac079f97cb4e8,582經工業區,NewTaipei,121.468858296,25.0619260144,NewTaipei:geo02,0.95,0.6,0.35,10,2
topology:route_type:B2,NewTaipei:18158,NewTaipei:18158:160007:0:7b331862eee2ca23,115平日,NewTaipei,121.420694921,25.1700439003,NewTaipei:geo01,0.7,0.7,0,10,2
topology:route_type:B2,NewTaipei:18168,NewTaipei:18168:160017:0:c113d0b77335e707,蘆洲-中正高中,NewTaipei,121.486366827,25.0859030011,NewTaipei:geo02,0.2,0.1,0.1,10,3
topology:route_type:B2,NewTaipei:18208,NewTaipei:18208:160087:0:8df14044fea7567a,林口-臺北車站(承德),NewTaipei,121.438917526,25.0682261499,NewTaipei:geo02,0.3,0.5,-0.2,10,2
topology:route_type:B2,NewTaipei:18209,NewTaipei:18209:160088:0:43f625c58c3cf9eb,林口-捷運忠孝敦化站,NewTaipei,121.457512061,25.0680713539,NewTaipei:geo02,0.166666666667,0.2,-0.0333333333333,10,3
topology:route_type:B2,NewTaipei:18248,NewTaipei:18248:160147:0:a7fc9a435a406160,捷運七張站-全球工業區,NewTaipei,121.547726595,24.9790808278,NewTaipei:geo03,0.3,0.8,-0.5,10,1
topology:route_type:B2,NewTaipei:18258,NewTaipei:18258:160167:0:5b12ceedce4510b4,712副,NewTaipei,121.427551108,24.9989944496,NewTaipei:geo00,0.7,0.6,0.1,10,1
topology:route_type:B2,NewTaipei:18268,NewTaipei:18268:160177:0:0bbca36e95184267,橘19副,NewTaipei,121.458708664,25.0900195842,NewTaipei:geo02,0.1,0.5,-0.4,10,1
topology:route_type:B2,NewTaipei:18288,NewTaipei:18288:160197:0:f9c6b2e0d2304dbd,中和自立路-新店,NewTaipei,121.529976669,24.9870421128,NewTaipei:geo03,0.4,0.5,-0.1,10,1
topology:route_type:B2,NewTaipei:18318,NewTaipei:18318:160228:0:b3968d699494f011,918區,NewTaipei,121.45033506,25.0437513823,NewTaipei:geo02,0.6,0.6,0,10,1
topology:route_type:B2,NewTaipei:18368,NewTaipei:18368:160288:0:2ce4e2427d781950,中和左岸社區-捷運頂溪站,NewTaipei,121.498805173,25.0097757402,NewTaipei:geo03,0.5,0.5,0,10,1
topology:route_type:B2,NewTaipei:18478,NewTaipei:18478:160417:0:c4e2850d70e8da05,中和環河西路-永和仁愛路,NewTaipei,121.506834016,25.0112216241,NewTaipei:geo03,0.44019138756,0.6,-0.15980861244,10,1045
topology:route_type:B2,NewTaipei:18518,NewTaipei:18518:160477:0:65a64ed0c3e94dc7,F626-0815,NewTaipei,121.406197024,24.9245712605,NewTaipei:geo00,0.4,0.5,-0.1,10,1
topology:route_type:B2,NewTaipei:18538,NewTaipei:18538:160507:0:4f254e96a6721c7a,捷運頂溪站-捷運頂埔站,NewTaipei,121.46864646,24.9869798293,NewTaipei:geo03,0.1,0.3,-0.2,10,1
topology:route_type:B2,NewTaipei:18558,NewTaipei:18558:160527:0:2d4a5d8b9fab57e8,878區,NewTaipei,121.428699311,25.1445965576,NewTaipei:geo01,0.7,0.5,0.2,10,1
topology:route_type:B2,NewTaipei:18568,NewTaipei:18568:160537:0:2ef8c17212eebedb,林口(文化北路)-捷運圓山站,NewTaipei,121.427101682,25.0697657412,NewTaipei:geo02,0.3,0.3,0,10,1
topology:route_type:B2,NewTaipei:18728,NewTaipei:18728:160787:0:402ba7bc31098adf,937副,NewTaipei,121.442276949,25.0686915273,NewTaipei:geo02,0.6,0.7,-0.1,10,1
topology:route_type:B2,NewTaipei:18729,NewTaipei:18729:160788:0:8bbfcf78dfc4b97e,920副,NewTaipei,121.427606043,25.0524851039,NewTaipei:geo02,0.8,0.6,0.2,10,1
topology:route_type:B2,NewTaipei:18730,NewTaipei:18730:160789:0:ce83b8049b5ab724,966副,NewTaipei,121.44827895,25.0686328687,NewTaipei:geo02,0.8,0.8,0,10,1
topology:route_type:B2,NewTaipei:18731,NewTaipei:18731:160793:0:96b5d1e3912f7b08,967副,NewTaipei,121.468292797,25.0663813529,NewTaipei:geo02,0.7,0.6,0.1,10,3
topology:route_type:B2,NewTaipei:18738,NewTaipei:18738:160797:0:54c18b4a66dd963d,760,NewTaipei,121.361709789,25.0738910966,NewTaipei:geo02,0.7,0.3,0.4,10,1
topology:route_type:B2,NewTaipei:18758,NewTaipei:18758:160837:0:317f69520332f63d,936A,NewTaipei,121.426046913,25.0710083034,NewTaipei:geo02,0.8,0.6,0.2,10,1
topology:route_type:B2,NewTaipei:18760,NewTaipei:18760:160839:0:56dd2439f8bf8df4,966A,NewTaipei,121.431564742,25.0707547142,NewTaipei:geo02,0.8,0.6,0.2,10,1
topology:route_type:B2,NewTaipei:18762,NewTaipei:18762:160841:0:06fd8a4f89cbf2f5,937A,NewTaipei,121.426102042,25.0714671215,NewTaipei:geo02,0.7,0.6,0.1,10,1
topology:route_type:B2,NewTaipei:18764,NewTaipei:18764:160843:0:f16a8df5de6c2176,920A,NewTaipei,121.413772607,25.0591256665,NewTaipei:geo02,0.7,0.8,-0.1,10,1
topology:route_type:B2,NewTaipei:18778,NewTaipei:18778:160870:1:485834d8a7d10ccc,土城-南天母廣場,NewTaipei,121.443526508,24.9599673475,NewTaipei:geo00,0.0284341978866,0.8,-0.771565802113,10,1041
topology:route_type:B2,NewTaipei:18779,NewTaipei:18779:160857:0:6848c9c37c55637a,瑞芳-南港,NewTaipei,121.724936615,25.0984466298,NewTaipei:geo06,0.3,0.5,-0.2,10,1
topology:route_type:B2,NewTaipei:18798,NewTaipei:18798:160907:0:30c66a424d96f96a,捷運中和站-政大附中,NewTaipei,121.543242237,24.9905662507,NewTaipei:geo03,0.3,0,0.3,10,1
topology:route_type:B2,NewTaipei:18808,NewTaipei:18808:160917:0:afdfeb598e669dba,吉林線,NewTaipei,121.898278618,24.9982468999,NewTaipei:geo07,0.927569644572,0.7,0.227569644572,10,1041
topology:route_type:B2,NewTaipei:18809,NewTaipei:18809:160919:0:dbffbef3472a6432,龍崗線,NewTaipei,121.898297237,24.9983622352,NewTaipei:geo07,0.827665706052,0.7,0.127665706052,10,1041
topology:route_type:B2,NewTaipei:18888,NewTaipei:18888:161047:0:9b140653343306dd,政大附中-捷運景美站,NewTaipei,121.558203951,24.9828460312,NewTaipei:geo03,0.2,0.2,0,10,2
topology:route_type:B2,NewTaipei:19048,NewTaipei:19048:161347:0:ae3e91599658f915,597,NewTaipei,121.463909959,25.0669654355,NewTaipei:geo02,0.8,0.8,0,10,1
topology:route_type:B2,NewTaipei:19068,NewTaipei:19068:161367:0:ade6086b5b682f87,紅53,NewTaipei,121.435479865,25.1844662046,NewTaipei:geo01,0.5,0.4,0.1,10,1
topology:route_type:B2,NewTaipei:19078,NewTaipei:19078:161377:0:eaff60bdc51d9703,瑞芳(經東碇路)-松山車站,NewTaipei,121.699016797,25.0839665699,NewTaipei:geo06,0.3,0.7,-0.4,10,2
topology:route_type:B2,NewTaipei:19088,NewTaipei:19088:161387:0:c6f08a75b0d6d69f,紅37行經海洋都心社區,NewTaipei,121.438576478,25.1867025067,NewTaipei:geo01,0.3,0.4,-0.1,10,1
topology:route_type:B2,NewTaipei:19148,NewTaipei:19148:161467:0:b5849a41a98d37f4,捷運新店站-坪林,NewTaipei,121.628109653,24.9871637288,NewTaipei:geo06,0.5,0.2,0.3,10,2
topology:route_type:B2,NewTaipei:19188,NewTaipei:19188:162504:0:b9fff4fc87ef06a6,安坑1線,NewTaipei,121.502777128,24.9459792081,NewTaipei:geo03,0.412260536398,0.6,-0.187739463602,10,1044
topology:route_type:B2,NewTaipei:19189,NewTaipei:19189:161538:0:cb1ce00dd8ccbbb4,安坑3線,NewTaipei,121.489957068,24.9570445005,NewTaipei:geo03,0.2,0.4,-0.2,10,1
topology:route_type:B2,NewTaipei:19190,NewTaipei:19190:162481:1:48b893cceceea57e,安坑5線,NewTaipei,121.470424788,24.939998715,NewTaipei:geo03,0,0.2,-0.2,10,1
topology:route_type:B2,NewTaipei:19198,NewTaipei:19198:161540:0:4e235369733ae8fc,安坑2線,NewTaipei,121.49947049,24.951707986,NewTaipei:geo03,0.3,0.5,-0.2,10,2
topology:route_type:B2,NewTaipei:19208,NewTaipei:19208:161547:0:52d3f0f213637571,791區,NewTaipei,121.776025159,25.1313196059,NewTaipei:geo07,0.7,0.7,0,10,1
topology:route_type:B2,NewTaipei:19228,NewTaipei:19228:161587:0:89b93829204e9431,731,NewTaipei,121.350117139,24.9508540894,NewTaipei:geo00,0.4,0.1,0.3,10,1
topology:route_type:B2,NewTaipei:19238,NewTaipei:19238:161597:0:56b58881f33cc216,北大社區-捷運頂埔站,NewTaipei,121.39324765,24.9451342348,NewTaipei:geo00,0.32,0.3,0.02,10,5
topology:route_type:B2,NewTaipei:19258,NewTaipei:19258:161627:0:12a5669721867875,F151-0655、1040,NewTaipei,121.554672334,25.2837127739,NewTaipei:geo04,1,1,0,10,2
topology:route_type:B2,NewTaipei:19259,NewTaipei:19259:161628:0:035373de4e391fb6,F151-1730,NewTaipei,121.577886577,25.2723147716,NewTaipei:geo04,1,1,0,10,3
topology:route_type:B2,NewTaipei:19269,NewTaipei:19269:161638:0:ea1efde9dd313de4,F152-0950,NewTaipei,121.554189057,25.2649973125,NewTaipei:geo04,1,1,0,10,3
topology:route_type:B2,NewTaipei:19270,NewTaipei:19270:161639:0:16489efe8e5230c0,F152-1630,NewTaipei,121.546960198,25.2828063615,NewTaipei:geo04,1,1,0,10,2
topology:route_type:B2,NewTaipei:19271,NewTaipei:19271:161640:0:0facb8f831ff04e6,F152-1740,NewTaipei,121.543389607,25.2800448074,NewTaipei:geo04,1,1,0,10,2
topology:route_type:B2,NewTaipei:19308,NewTaipei:19308:161677:0:e2387db29889e72a,安坑6線,NewTaipei,121.487475627,24.948012177,NewTaipei:geo03,0.3,0.8,-0.5,10,2
topology:route_type:B2,NewTaipei:19348,NewTaipei:19348:161787:0:b1df3bc3d8ee6ab4,福連線,NewTaipei,121.955254013,25.0128726567,NewTaipei:geo07,0.9,1,-0.1,10,1
topology:route_type:B2,NewTaipei:19538,NewTaipei:19538:162057:0:9c340fb0ec3ffddc,捷運忠孝復興站-三峽,NewTaipei,121.475164104,24.9792654474,NewTaipei:geo03,0.433333333333,0.1,0.333333333333,10,3
topology:route_type:B2,NewTaipei:19598,NewTaipei:19598:162227:0:717305c93c131e9b,F723上石嘈,NewTaipei,121.729549564,24.9011505396,NewTaipei:geo06,0.683413231064,0.4,0.283413231064,10,1043
topology:route_type:B2,NewTaipei:19628,NewTaipei:19628:162197:0:0e3d8d133e2bdcd6,新九號停車場-九份老街,NewTaipei,121.840702745,25.1101381643,NewTaipei:geo07,0.3,0.4,-0.1,10,1
topology:route_type:B2,NewTaipei:19629,NewTaipei:19629:162198:0:ad11fdf0011f6d12,新九號停車場-水湳洞停車場,NewTaipei,121.851260062,25.1119037238,NewTaipei:geo07,0.3,0.3,0,10,2
topology:route_type:B2,NewTaipei:19640,NewTaipei:19640:162217:0:c9600fad4d39c230,幸福巴士F652延伸線,NewTaipei,121.346904745,24.9601218796,NewTaipei:geo00,0.7,0.6,0.1,10,1
topology:route_type:B2,NewTaipei:19658,NewTaipei:19658:162257:0:a59e24676711e900,F126經里中,NewTaipei,121.390877209,25.1001118619,NewTaipei:geo02,0.633333333333,0.9,-0.266666666667,10,3
topology:route_type:B2,NewTaipei:19659,NewTaipei:19659:162260:0:1383125bd3eb4adc,F909伯爵,NewTaipei,121.648472446,25.0755083004,NewTaipei:geo06,0.6,0.1,0.5,10,1
topology:route_type:B2,NewTaipei:19713,NewTaipei:19713:162390:1:51110580d39c7459,塗潭平日線,NewTaipei,121.524209082,24.93676501,NewTaipei:geo03,0.2,0.6,-0.4,10,2
topology:route_type:B2,NewTaipei:19714,NewTaipei:19714:162392:0:dcd4b1f2985187ce,塗潭假日線,NewTaipei,121.519257025,24.9284730921,NewTaipei:geo03,0.424427480916,0.2,0.224427480916,10,1048
topology:route_type:B2,NewTaipei:19729,NewTaipei:19729:162420:0:226afade0d6a8078,石碇高中-捷運忠孝復興站,NewTaipei,121.58435394,25.0107590489,NewTaipei:geo06,0,0,0,10,1
topology:route_type:B2,NewTaipei:19733,NewTaipei:19733:162430:0:9408fb471cf19d05,三峽-中和高中,NewTaipei,121.416935411,24.95739456,NewTaipei:geo00,0.15,0.2,-0.05,10,2
topology:route_type:B2,NewTaipei:19741,NewTaipei:19741:162446:0:da3b541807f065b0,629區,NewTaipei,121.655705183,25.068147997,NewTaipei:geo06,0.45,0.5,-0.05,10,2
topology:route_type:B2,NewTaipei:19744,NewTaipei:19744:162451:0:86dbff68afffe66f,合宜住宅-捷運亞東醫院站,NewTaipei,121.448820697,24.9980329005,NewTaipei:geo00,0.1,0.8,-0.7,10,1
topology:route_type:B2,NewTaipei:19747,NewTaipei:19747:162455:0:40a81dbee223496c,177瑞芳觀光公車,NewTaipei,121.829970789,25.1194439089,NewTaipei:geo07,0.9,0.6,0.3,10,1
topology:route_type:B2,NewTaipei:19748,NewTaipei:19748:162457:0:e3e5aeec79112c69,179,NewTaipei,121.835786767,25.1092181055,NewTaipei:geo07,0.9,0.6,0.3,10,1
topology:route_type:B2,NewTaipei:19754,NewTaipei:19754:162464:0:23f269f0e67e18e8,新九號停車場-黃金博物館,NewTaipei,121.845605298,25.1094979467,NewTaipei:geo07,0.3,0.4,-0.1,10,1
topology:route_type:B2,NewTaipei:19760,NewTaipei:19760:162483:0:83cc4253a759a064,640A,NewTaipei,121.469171272,25.0689154287,NewTaipei:geo02,0.7,0.8,-0.1,10,1
topology:route_type:B2,NewTaipei:19762,NewTaipei:19762:162485:0:e207b02ee2897e4c,中原中平路口-建國中學,NewTaipei,121.481387759,25.0525770429,NewTaipei:geo02,0.3,0.2,0.1,10,1
topology:route_type:B2,NewTaipei:19772,NewTaipei:19772:162501:0:c006190207e547af,沙崙國小(篤行路)-捷運亞東醫院站,NewTaipei,121.441547927,24.9945387577,NewTaipei:geo00,0.1,0.6,-0.5,10,1
topology:route_type:B2,NewTaipei:19773,NewTaipei:19773:162502:0:ddc17c4f44cae941,F123下罟經八療,NewTaipei,121.392059394,25.1423436041,NewTaipei:geo01,1,0.3,0.7,10,3
topology:route_type:B2,NewTaipei:19774,NewTaipei:19774:162503:0:7bc4ddeacfdf12bc,F123十三行文化公園經八療,NewTaipei,121.418227154,25.1519614386,NewTaipei:geo01,0.5,0.2,0.3,10,1
topology:route_type:B2,NewTaipei:19775,NewTaipei:19775:162505:0:ac21b0ee350d075f,F154,NewTaipei,121.553689078,25.2727085001,NewTaipei:geo04,1,1,0,10,4
topology:route_type:B2,NewTaipei:19777,NewTaipei:19777:162508:0:a73f26f6fc2f48ca,F161-0615,NewTaipei,121.587328645,25.2842383475,NewTaipei:geo04,1,1,0,10,3
topology:route_type:B2,NewTaipei:19780,NewTaipei:19780:162538:0:6257e21bdc8476c8,F304,NewTaipei,121.480244957,25.0593304293,NewTaipei:geo02,0.325190839695,0.2,0.125190839695,10,1048
topology:route_type:B2,NewTaipei:19781,NewTaipei:19781:162558:0:8d27e451ffdaa616,989,NewTaipei,121.333152014,25.1330430516,NewTaipei:geo01,0.4,0.6,-0.2,10,1
topology:route_type:B2,NewTaipei:19782,NewTaipei:19782:162560:0:a8c167835fcde402,990,NewTaipei,121.328126424,25.1271908515,NewTaipei:geo01,0.7,0.6,0.1,10,2
topology:route_type:B2,NewTaipei:19783,NewTaipei:19783:162587:1:d67181ca138d2558,988,NewTaipei,121.438952378,25.1131695323,NewTaipei:geo02,0.8,0.9,-0.1,10,1
topology:route_type:B2,NewTaipei:19784,NewTaipei:19784:162562:0:cca31897f7014ad8,115,NewTaipei,121.421274762,25.1705787061,NewTaipei:geo01,0.7,0.6,0.1,10,1
topology:route_type:B2,NewTaipei:19785,NewTaipei:19785:162565:0:532e8ab5d30bf2b7,五股-板橋,NewTaipei,121.465596678,25.0496609043,NewTaipei:geo02,0.2,0.2,0,10,1
topology:route_type:B2,NewTaipei:19786,NewTaipei:19786:162577:0:0bd5b4b63f77062d,三鶯1線,NewTaipei,121.348093553,24.9537742207,NewTaipei:geo00,0.5,0.8,-0.3,10,1
topology:route_type:B2,NewTaipei:19787,NewTaipei:19787:162578:0:dbf9dd39cc4ce655,三芝-馬偕醫學大學,NewTaipei,121.50186144,25.2545639031,NewTaipei:geo04,0,0,0,10,1
topology:route_type:B2,NewTaipei:19793,NewTaipei:19793:162588:0:9d00e3c9dcae96b9,捷運鶯桃福德站-銘傳大學(桃園校區),NewTaipei,121.337747791,24.9765516862,NewTaipei:geo00,0.424427480916,0.8,-0.375572519084,10,1048
topology:route_type:B2,NewTaipei:5413,NewTaipei:5413:158443:0:8b6da1fc1a004b4e,896,NewTaipei,121.631801359,25.0750666659,NewTaipei:geo06,0.9,0.6,0.3,10,1
topology:route_type:B2,NewTaipei:5415,NewTaipei:5415:5415:0:8307e7c866825135,629,NewTaipei,121.632420185,25.0639396395,NewTaipei:geo06,0.9,0.5,0.4,10,1
topology:route_type:B2,NewTaipei:5416,NewTaipei:5416:5416:0:775cbee8c0942a7f,678,NewTaipei,121.626400309,25.0584041995,NewTaipei:geo06,0.8,0.5,0.3,10,1
topology:route_type:B2,Taipei:10132,Taipei:10132:101320:0:24e17ca5b10c60be,234,Taipei,121.468965115,25.0139568873,Taipei:geo00,1,0.8,0.2,10,1
topology:route_type:B2,Taipei:10142,Taipei:10142:157758:1:016553a412cf5acb,南環幹線,Taipei,121.56624895,24.9970185088,Taipei:geo06,0,0.1,-0.1,10,1
topology:route_type:B2,Taipei:10181,Taipei:10181:101810:0:d58b4473612674b4,205,Taipei,121.558865766,25.0445582455,Taipei:geo05,0.8,0.8,0,10,1
topology:route_type:B2,Taipei:10221,Taipei:10221:102210:0:d35ada72b6c3c3e4,618,Taipei,121.471099301,25.0508655995,Taipei:geo00,0.9,1,-0.1,10,1
topology:route_type:B2,Taipei:10231,Taipei:10231:10231:0:d31589f90a381fdc,民權幹線,Taipei,121.578506375,25.0632955058,Taipei:geo05,0.2,0.1,0.1,10,1
topology:route_type:B2,Taipei:10232,Taipei:10232:102320:0:464b256f4c59fc2d,紅25,Taipei,121.561218792,25.0541629543,Taipei:geo05,0.1,0,0.1,10,1
topology:route_type:B2,Taipei:10241,Taipei:10241:10241:0:e0a60e9bd131eed2,藍36,Taipei,121.613127477,25.0653395524,Taipei:geo07,0.3,0.2,0.1,10,1
topology:route_type:B2,Taipei:10251,Taipei:10251:10251:0:9ab8af2bbee4afa9,南京幹線,Taipei,121.576281219,25.0617336546,Taipei:geo05,0,0.1,-0.1,10,1
topology:route_type:B2,Taipei:10253,Taipei:10253:102530:0:ac30465061e27dbf,內科通勤專車22,Taipei,121.552995409,25.0771032905,Taipei:geo05,0.6,0.5,0.1,10,1
topology:route_type:B2,Taipei:10261,Taipei:10261:10261:0:a93a3ef9d53d7b5b,紅33,Taipei,121.517037278,25.0667839118,Taipei:geo02,0,0,0,10,1
topology:route_type:B2,Taipei:10262,Taipei:10262:102620:0:2a66819b15e37157,2,Taipei,121.502890332,25.0801243263,Taipei:geo02,0.7,0.6,0.1,10,1
topology:route_type:B2,Taipei:10263,Taipei:10263:102630:0:d05146402a55bf9b,536,Taipei,121.510829596,25.109772511,Taipei:geo03,0.6,0.7,-0.1,10,1
topology:route_type:B2,Taipei:10272,Taipei:10272:102720:0:695c26464545d24d,303,Taipei,121.550733496,25.1227791687,Taipei:geo03,0.5,0.6,-0.1,10,1
topology:route_type:B2,Taipei:10273,Taipei:10273:102760:0:89d3e234c2542bdb,303區,Taipei,121.54913587,25.1224861384,Taipei:geo03,0.4,0.5,-0.1,10,1
topology:route_type:B2,Taipei:10277,Taipei:10277:160608:0:328964062436da51,542,Taipei,121.529995384,25.0667610876,Taipei:geo02,0.5,0.2,0.3,10,1
topology:route_type:B2,Taipei:10278,Taipei:10278:102780:0:e7811cce6796ef0d,669,Taipei,121.528133072,25.0584255548,Taipei:geo02,0.8,1,-0.2,10,1
topology:route_type:B2,Taipei:10282,Taipei:10282:102820:0:74997e358c4798d4,663,Taipei,121.4871385,25.0344280868,Taipei:geo00,0.9,1,-0.1,10,1
topology:route_type:B2,Taipei:10283,Taipei:10283:10283:0:e3f2aff737d5d11f,235,Taipei,121.485909521,25.0328264048,Taipei:geo00,0.9,1,-0.1,10,1
topology:route_type:B2,Taipei:10291,Taipei:10291:10291:0:58a0ad537b767286,棕1,Taipei,121.563665135,25.0570133827,Taipei:geo05,0,0.1,-0.1,10,1
topology:route_type:B2,Taipei:10292,Taipei:10292:10292:0:4ea00aa560088fb1,藍10,Taipei,121.569505883,25.0446570532,Taipei:geo05,0.1,0,0.1,10,1
topology:route_type:B2,Taipei:10293,Taipei:10293:10293:0:55e5a55f85129402,民生幹線,Taipei,121.557889951,25.0572487998,Taipei:geo05,0,0.2,-0.2,10,2
topology:route_type:B2,Taipei:10326,Taipei:10326:103260:0:8a5722081046cb8e,648,Taipei,121.519562681,24.9826100421,Taipei:geo04,0.7,0.9,-0.2,10,1
topology:route_type:B2,Taipei:10328,Taipei:10328:10328:0:042590a972369300,643,Taipei,121.526124074,24.9974541826,Taipei:geo04,0.6,0.8,-0.2,10,1
topology:route_type:B2,Taipei:10331,Taipei:10331:103310:0:79308cc031dc6077,647,Taipei,121.559652479,24.9910784916,Taipei:geo06,0.6,0.6,0,10,1
topology:route_type:B2,Taipei:10332,Taipei:10332:10332:0:d7d819e5d8d1a79e,松江新生幹線,Taipei,121.537884954,25.0102601339,Taipei:geo04,0.1,0,0.1,10,1
topology:route_type:B2,Taipei:10333,Taipei:10333:10333:0:d6eb83fa628de0c1,644,Taipei,121.533821841,24.9923485847,Taipei:geo04,0.6,0.6,0,10,1
topology:route_type:B2,Taipei:10334,Taipei:10334:10334:0:0ae12c4e397f0006,基隆路幹線,Taipei,121.547045938,24.9918449272,Taipei:geo06,0.1,0.2,-0.1,10,2
topology:route_type:B2,Taipei:10414,Taipei:10414:104140:0:b4792d0077a0189f,261,Taipei,121.493591468,25.0671230686,Taipei:geo00,0.8,0.8,0,10,1
topology:route_type:B2,Taipei:10415,Taipei:10415:104150:0:685deccacbf6d9be,221,Taipei,121.492613593,25.0718835342,Taipei:geo00,0.7,0.7,0,10,1
topology:route_type:B2,Taipei:10416,Taipei:10416:104160:0:e9f46d0097faf371,232,Taipei,121.485033152,25.0649361509,Taipei:geo00,0.6,0.9,-0.3,10,1
topology:route_type:B2,Taipei:10417,Taipei:10417:104170:0:412958f3254718ba,忠孝幹線,Taipei,121.514356365,25.0559132192,Taipei:geo02,0,0.1,-0.1,10,2
topology:route_type:B2,Taipei:10419,Taipei:10419:104190:0:11b198a7b89f987c,232快,Taipei,121.524527256,25.0627015995,Taipei:geo02,0.6,0.8,-0.2,10,1
topology:route_type:B2,Taipei:10421,Taipei:10421:10421:0:862c5cd4b148489e,紅9,Taipei,121.486540353,25.0877047062,Taipei:geo03,0,0,0,10,1
topology:route_type:B2,Taipei:10422,Taipei:10422:104220:0:2314d5369d761838,617,Taipei,121.518209013,25.0634991998,Taipei:geo02,0.8,0.3,0.5,10,1
topology:route_type:B2,Taipei:10423,Taipei:10423:104230:0:7efb20569becc3e2,622,Taipei,121.472205479,25.0515344006,Taipei:geo00,0.8,0.8,0,10,1
topology:route_type:B2,Taipei:10431,Taipei:10431:10431:0:aa60adbfb18acd60,紅31,Taipei,121.564529283,25.0728710898,Taipei:geo05,0.2,0.2,0,10,1
topology:route_type:B2,Taipei:10432,Taipei:10432:10432:0:22c2b39bb61ee122,藍26,Taipei,121.568096012,25.0703652879,Taipei:geo05,0.3,0.2,0.1,10,2
topology:route_type:B2,Taipei:10441,Taipei:10441:104410:0:5207d6616568bc27,508,Taipei,121.482861876,25.0942260604,Taipei:geo03,0.7,0.6,0.1,10,2
topology:route_type:B2,Taipei:10442,Taipei:10442:104420:1:627c1c72d9649e8a,508區,Taipei,121.506835788,25.0991765475,Taipei:geo03,0.4,0.5,-0.1,10,1
topology:route_type:B2,Taipei:10443,Taipei:10443:10443:0:4de742b9579a5424,225,Taipei,121.506188321,25.0715213518,Taipei:geo02,0.6,0.9,-0.3,10,1
topology:route_type:B2,Taipei:10452,Taipei:10452:104520:0:ee0b811a8241807f,641,Taipei,121.452194043,25.0823498138,Taipei:geo00,0.9,0.7,0.2,10,1
topology:route_type:B2,Taipei:10461,Taipei:10461:104610:0:e2717ca2edd4cda8,645,Taipei,121.570491747,25.081971432,Taipei:geo05,0.3,0.7,-0.4,10,1
topology:route_type:B2,Taipei:10462,Taipei:10462:104620:0:93815760269fc57f,645副,Taipei,121.572067838,25.0801071281,Taipei:geo05,0.3,0.7,-0.4,10,1
topology:route_type:B2,Taipei:10471,Taipei:10471:104710:0:f0cbbf5660129175,615,Taipei,121.462183322,25.0456193955,Taipei:geo00,0.6,0.8,-0.2,10,1
topology:route_type:B2,Taipei:10472,Taipei:10472:104720:0:d00d2157ded92959,111,Taipei,121.506095371,25.0823629788,Taipei:geo02,0.7,0.6,0.1,10,1
topology:route_type:B2,Taipei:10473,Taipei:10473:104730:0:4cb026f86ec8e8ab,306,Taipei,121.542862659,25.0583675941,Taipei:geo02,0.6,0.7,-0.1,10,2
topology:route_type:B2,Taipei:10481,Taipei:10481:104810:0:a019c982a972ee83,265經中央路,Taipei,121.47922944,25.0167721033,Taipei:geo00,1,1,0,10,1
topology:route_type:B2,Taipei:10482,Taipei:10482:104820:0:61bdaf3964dd50c8,265區,Taipei,121.488180093,25.0241672765,Taipei:geo00,1,0.7,0.3,10,1
topology:route_type:B2,Taipei:10711,Taipei:10711:10711:0:675544363ff9909e,羅斯福路幹線,Taipei,121.545810148,25.0084508878,Taipei:geo04,0,0.2,-0.2,10,1
topology:route_type:B2,Taipei:10712,Taipei:10712:10712:0:b906d07ec155b069,251,Taipei,121.558219283,25.004102828,Taipei:geo06,0.9,0.9,0,10,1
topology:route_type:B2,Taipei:10721,Taipei:10721:10721:0:f74338472c734b7b,藍28,Taipei,121.512559495,25.0238514116,Taipei:geo04,0,0,0,10,1
topology:route_type:B2,Taipei:10722,Taipei:10722:10722:0:98b9cea86509c11e,藍29,Taipei,121.504103215,25.0315652464,Taipei:geo00,0,0,0,10,1
topology:route_type:B2,Taipei:10723,Taipei:10723:10723:0:899fb9c50aa46d61,1,Taipei,121.531620773,25.0257779996,Taipei:geo04,0.7,0.5,0.2,10,1
topology:route_type:B2,Taipei:10724,Taipei:10724:107240:0:d17316ca9a33713b,907,Taipei,121.58080818,25.0293309543,Taipei:geo06,0.7,0.6,0.1,10,1
topology:route_type:B2,Taipei:10725,Taipei:10725:107250:0:dab767f62e5d7354,568,Taipei,121.523491632,25.0280553638,Taipei:geo04,0.8,0.6,0.2,10,1
topology:route_type:B2,Taipei:10726,Taipei:10726:10726:0:bde8150189492755,18,Taipei,121.520515018,25.0334164984,Taipei:geo04,0.8,0.7,0.1,10,1
topology:route_type:B2,Taipei:10733,Taipei:10733:10733:0:308d265db7af22d9,棕2,Taipei,121.552157963,24.9908868526,Taipei:geo06,0.1,0.3,-0.2,10,1
topology:route_type:B2,Taipei:10734,Taipei:10734:107340:0:26fb26fd8dcb5894,景美-榮總(快),Taipei,121.535656379,25.0377600353,Taipei:geo04,0,0,0,10,1
topology:route_type:B2,Taipei:10735,Taipei:10735:10735:0:23df60494326585b,253,Taipei,121.541305654,25.0110584527,Taipei:geo04,0.7,0.4,0.3,10,1
topology:route_type:B2,Taipei:10736,Taipei:10736:10736:0:ca36e679cf9dcbb1,671,Taipei,121.532579559,25.010510912,Taipei:geo04,0.7,0.7,0,10,1
topology:route_type:B2,Taipei:10741,Taipei:10741:10741:0:efbba74468849edd,棕3,Taipei,121.574882019,24.9973603262,Taipei:geo06,0.5,0.3,0.2,10,1
topology:route_type:B2,Taipei:10742,Taipei:10742:10742:0:7913d1b7502d86b1,棕6,Taipei,121.563911767,25.0037840389,Taipei:geo06,0.3,0.1,0.2,10,1
topology:route_type:B2,Taipei:10743,Taipei:10743:10743:0:4893f0e127392f7a,棕11,Taipei,121.561816549,24.9990719324,Taipei:geo06,0.2,0,0.2,10,1
topology:route_type:B2,Taipei:10744,Taipei:10744:10744:0:f74b2c69aec11de9,棕15,Taipei,121.581095256,24.9833253542,Taipei:geo06,0.4,0.3,0.1,10,1
topology:route_type:B2,Taipei:10745,Taipei:10745:107450:0:674bf8f35b53b901,237,Taipei,121.562878839,24.9984476909,Taipei:geo06,0.7,0.4,0.3,10,1
topology:route_type:B2,Taipei:10746,Taipei:10746:10746:0:a60801602a2d64e2,252,Taipei,121.543942848,25.0047102123,Taipei:geo04,0.8,0.7,0.1,10,1
topology:route_type:B2,Taipei:10747,Taipei:10747:107470:0:2dbdf54ee140aaf9,294,Taipei,121.561618983,25.0042654452,Taipei:geo06,0.5,0.3,0.2,10,1
topology:route_type:B2,Taipei:10748,Taipei:10748:107480:0:6c8414b48d0bb33b,295,Taipei,121.552649727,25.0068518239,Taipei:geo06,0.6,0.6,0,10,2
topology:route_type:B2,Taipei:10749,Taipei:10749:10749:0:411430702c68dfad,棕11副,Taipei,121.574599538,24.9927135904,Taipei:geo06,0.3,0.1,0.2,10,1
topology:route_type:B2,Taipei:10751,Taipei:10751:10751:0:c04f8f7904a315a4,棕12,Taipei,121.543092955,25.006823111,Taipei:geo04,0.2,0.1,0.1,10,1
topology:route_type:B2,Taipei:10752,Taipei:10752:107520:0:afd45a0fa00cb2af,278,Taipei,121.555106132,25.0404863194,Taipei:geo05,0.9,0.7,0.2,10,1
topology:route_type:B2,Taipei:10754,Taipei:10754:10754:0:3ae458799022da09,915,Taipei,121.565339646,25.0071315706,Taipei:geo06,0.6,0.4,0.2,10,1
topology:route_type:B2,Taipei:10763,Taipei:10763:107660:1:aac9043a6188750d,903,Taipei,121.580913681,25.0641384025,Taipei:geo05,0.5,0.5,0,10,1
topology:route_type:B2,Taipei:10764,Taipei:10764:107640:0:3a08224a7685d2ec,531,Taipei,121.594413773,25.0657145335,Taipei:geo07,0.7,0.6,0.1,10,2
topology:route_type:B2,Taipei:10765,Taipei:10765:107650:0:235d03681bd9a989,646,Taipei,121.572954796,25.0781292183,Taipei:geo05,0.8,0.4,0.4,10,2
topology:route_type:B2,Taipei:10767,Taipei:10767:107670:0:d27df52d1b47b037,53,Taipei,121.593908288,25.0606599848,Taipei:geo07,0.5,0.4,0.1,10,1
topology:route_type:B2,Taipei:10771,Taipei:10771:107710:0:3f902f969a08fe2d,670,Taipei,121.511787226,25.012231916,Taipei:geo04,1,0.8,0.2,10,1
topology:route_type:B2,Taipei:10782,Taipei:10782:107820:0:33c6d99bbbc83e92,673,Taipei,121.52749424,25.0145752257,Taipei:geo04,0.4,0.8,-0.4,10,1
topology:route_type:B2,Taipei:10783,Taipei:10783:10783:0:59891ffabd6a1ec0,254,Taipei,121.540467496,25.0183937683,Taipei:geo04,0.5,0.6,-0.1,10,1
topology:route_type:B2,Taipei:10785,Taipei:10785:107850:0:e696923ee13aca22,672,Taipei,121.531863095,25.0227133145,Taipei:geo04,0.8,0.6,0.2,10,1
topology:route_type:B2,Taipei:10791,Taipei:10791:107910:1:ba91e6384c2e25b9,市民小巴5,Taipei,121.550928029,24.999414195,Taipei:geo06,0,0,0,10,1
topology:route_type:B2,Taipei:10792,Taipei:10792:10792:0:5755ec0d6d231ca3,52,Taipei,121.537179883,25.0342111571,Taipei:geo04,0.9,0.7,0.2,10,1
topology:route_type:B2,Taipei:10811,Taipei:10811:10811:0:f6f563c0e8cd9592,685,Taipei,121.536492255,25.0699972626,Taipei:geo02,0.7,0.3,0.4,10,1
topology:route_type:B2,Taipei:10821,Taipei:10821:157609:0:a087fdccd21d57a5,紅5,Taipei,121.542488732,25.1192188084,Taipei:geo03,0,0,0,10,2
topology:route_type:B2,Taipei:10822,Taipei:10822:108220:0:80fe97914c917573,108,Taipei,121.5474724,25.1736041595,Taipei:geo01,0.5,0.4,0.1,10,1
topology:route_type:B2,Taipei:10823,Taipei:10823:155895:0:56a0ce291e1bf327,260,Taipei,121.530798518,25.090427868,Taipei:geo03,0.7,0.3,0.4,10,2
topology:route_type:B2,Taipei:10824,Taipei:10824:108240:0:f1420d6ea2f479b5,260區,Taipei,121.537332827,25.1091127702,Taipei:geo03,0.5,0.7,-0.2,10,2
topology:route_type:B2,Taipei:10831,Taipei:10831:10831:0:cff64242e6a3df8f,藍5,Taipei,121.568954468,25.0261105881,Taipei:geo06,0.1,0.1,0,10,1
topology:route_type:B2,Taipei:10832,Taipei:10832:10832:0:524dd15a319f9ec9,22,Taipei,121.543476381,25.0348902137,Taipei:geo04,0.8,0.7,0.1,10,1
topology:route_type:B2,Taipei:10841,Taipei:10841:108410:0:f64aae48aaf5ceb2,0東,Taipei,121.560976536,25.0564518044,Taipei:geo05,0.6,0.9,-0.3,10,1
topology:route_type:B2,Taipei:10842,Taipei:10842:108420:0:501343704a60f845,222,Taipei,121.553954263,25.068718245,Taipei:geo05,0.7,0.9,-0.2,10,1
topology:route_type:B2,Taipei:10844,Taipei:10844:108440:0:22e6e579e1d0fb30,652,Taipei,121.514866235,25.056960295,Taipei:geo02,0.8,0.2,0.6,10,1
topology:route_type:B2,Taipei:10845,Taipei:10845:108450:0:289aff6cd52b2de1,286,Taipei,121.584855791,25.0403301834,Taipei:geo07,0.5,0,0.5,10,1
topology:route_type:B2,Taipei:10846,Taipei:10846:108460:0:b8409cbffd3eb86e,286副,Taipei,121.566421606,25.064710942,Taipei:geo05,0.7,0.8,-0.1,10,1
topology:route_type:B2,Taipei:10847,Taipei:10847:108470:0:2c3eb79b4a2bd2eb,63,Taipei,121.553667296,25.058521892,Taipei:geo05,0.3,0.5,-0.2,10,1
topology:route_type:B2,Taipei:10848,Taipei:10848:108480:0:d140693380f98b73,505,Taipei,121.545218896,25.0407211577,Taipei:geo04,0.7,0.9,-0.2,10,1
topology:route_type:B2,Taipei:10851,Taipei:10851:108510:0:e094d58e8d5123f6,內湖幹線,Taipei,121.562908642,25.0729218037,Taipei:geo05,0.1,0.1,0,10,1
topology:route_type:B2,Taipei:10853,Taipei:10853:108530:0:eb465fafc2ec8e29,287區,Taipei,121.568652176,25.0770943964,Taipei:geo05,0.7,0.3,0.4,10,1
topology:route_type:B2,Taipei:10856,Taipei:10856:108560:0:5ab0c3925666bd5c,281,Taipei,121.594829718,25.053109424,Taipei:geo07,0.5,0.4,0.1,10,2
topology:route_type:B2,Taipei:10861,Taipei:10861:160877:0:df9b0d77c6350c0a,630,Taipei,121.561098562,25.0552156213,Taipei:geo05,0.8,1,-0.2,10,1
topology:route_type:B2,Taipei:10862,Taipei:10862:108620:0:f08b81d2b9bcd67f,38,Taipei,121.513849804,25.0314772645,Taipei:geo04,0.9,0.7,0.2,10,1
topology:route_type:B2,Taipei:10863,Taipei:10863:108630:0:14b089728923fabf,38區,Taipei,121.496280323,25.0282713629,Taipei:geo00,0.8,0.1,0.7,10,1
topology:route_type:B2,Taipei:10864,Taipei:10864:108640:0:c6d458cf6b4fa617,12,Taipei,121.525214792,25.0453969756,Taipei:geo02,0.9,0.9,0,10,2
topology:route_type:B2,Taipei:10872,Taipei:10872:108720:0:529081dcec2553bd,46,Taipei,121.559302432,25.0443233518,Taipei:geo05,0.7,0.8,-0.1,10,1
topology:route_type:B2,Taipei:10873,Taipei:10873:10873:0:892bd51eda3aab42,20,Taipei,121.531898857,25.0333809037,Taipei:geo04,0.7,0.8,-0.1,10,2
topology:route_type:B2,Taipei:10874,Taipei:10874:10874:0:ec3ce8127d3a9bba,277,Taipei,121.539169372,25.0710394805,Taipei:geo02,0.6,0.3,0.3,10,1
topology:route_type:B2,Taipei:10882,Taipei:10882:10882:0:6b51f7fa269eea85,9,Taipei,121.509863236,25.0625644245,Taipei:geo02,0.8,0.7,0.1,10,1
topology:route_type:B2,Taipei:10883,Taipei:10883:108820:0:296c30334605d4c7,市民小巴7,Taipei,121.561719159,25.0268778726,Taipei:geo04,0,0.2,-0.2,10,1
topology:route_type:B2,Taipei:10891,Taipei:10891:108910:0:b850fd33142b7383,14,Taipei,121.479814079,25.070210838,Taipei:geo00,0.6,0.7,-0.1,10,1
topology:route_type:B2,Taipei:10893,Taipei:10893:10893:0:402fec9f29d4b444,274,Taipei,121.494995771,25.065218499,Taipei:geo00,0.8,0.5,0.3,10,1
topology:route_type:B2,Taipei:10911,Taipei:10911:10911:0:9bb8705b5083c555,212直,Taipei,121.559126836,25.04292813,Taipei:geo05,0.7,0.8,-0.1,10,1
topology:route_type:B2,Taipei:10912,Taipei:10912:10912:0:272f14a3bda8768b,212,Taipei,121.561637237,25.0442900324,Taipei:geo05,0.8,0.9,-0.1,10,1
topology:route_type:B2,Taipei:10932,Taipei:10932:101910:0:7469d0b4a92ef21e,仁愛幹線,Taipei,121.534720523,25.0377692595,Taipei:geo04,0,0,0,10,2
topology:route_type:B2,Taipei:10941,Taipei:10941:10941:0:d6fefa7a7b8973b3,藍25,Taipei,121.610658899,25.0461232117,Taipei:geo07,0,0.3,-0.3,10,1
topology:route_type:B2,Taipei:10942,Taipei:10942:10942:0:b54f65799683317c,257,Taipei,121.522645389,25.0450721853,Taipei:geo02,0.9,0.6,0.3,10,2
topology:route_type:B2,Taipei:10961,Taipei:10961:109610:0:67503cb6621dd34d,262,Taipei,121.506598421,25.0165114144,Taipei:geo04,0.8,0.9,-0.1,10,1
topology:route_type:B2,Taipei:10962,Taipei:10962:108570:0:8af36220b68500b6,262區,Taipei,121.526846044,25.0307548212,Taipei:geo04,0.8,0.6,0.2,10,1
topology:route_type:B2,Taipei:10971,Taipei:10971:109710:0:606827d549721353,88,Taipei,121.564475601,25.0390540311,Taipei:geo05,0.7,0.7,0,10,1
topology:route_type:B2,Taipei:11011,Taipei:11011:11011:0:836819fab964abc0,紅29,Taipei,121.572773197,25.0694120269,Taipei:geo05,0.1,0.2,-0.1,10,1
topology:route_type:B2,Taipei:11021,Taipei:11021:11021:1:eaae5277b86adfca,棕5,Taipei,121.575600643,24.9924855234,Taipei:geo06,0.4,0.2,0.2,10,1
topology:route_type:B2,Taipei:11022,Taipei:11022:158714:1:70aefff35e5a4007,綠11,Taipei,121.549027222,25.0115149787,Taipei:geo04,0.075,0,0.075,10,4
topology:route_type:B2,Taipei:11023,Taipei:11023:110230:0:507da332d8fe0560,298,Taipei,121.551944691,25.01562677,Taipei:geo04,0.5,0.5,0,10,1
topology:route_type:B2,Taipei:11031,Taipei:11031:11031:0:caee1c663a9f709c,棕10,Taipei,121.594400114,25.060995293,Taipei:geo07,0,0,0,10,2
topology:route_type:B2,Taipei:11041,Taipei:11041:110410:0:bcda8ba05cd856a0,297,Taipei,121.516061886,25.0197762958,Taipei:geo04,0.6,0.8,-0.2,10,1
topology:route_type:B2,Taipei:11051,Taipei:11051:110510:0:cc36b454b85b4c67,小1,Taipei,121.616679118,25.0585864473,Taipei:geo07,0.2,0.1,0.1,10,1
topology:route_type:B2,Taipei:11052,Taipei:11052:110520:0:5d1981860335e976,小12,Taipei,121.597387407,25.0256655789,Taipei:geo07,0.3,0,0.3,10,1
topology:route_type:B2,Taipei:11055,Taipei:11055:110550:0:1ae14ba792c104f9,小2,Taipei,121.583817375,25.0804070471,Taipei:geo05,0.1,0,0.1,10,2
topology:route_type:B2,Taipei:11056,Taipei:11056:110560:0:ea860b74f7d06dbd,552,Taipei,121.576836842,25.0703804194,Taipei:geo05,0.2,0.5,-0.3,10,2
topology:route_type:B2,Taipei:11057,Taipei:11057:110570:0:bf0da31513951018,小2區,Taipei,121.590091911,25.0963001979,Taipei:geo05,0.2,0,0.2,10,1
topology:route_type:B2,Taipei:11058,Taipei:11058:110580:0:e3a06c2cb438322c,小3,Taipei,121.598199413,25.0848302929,Taipei:geo07,0,0,0,10,3
topology:route_type:B2,Taipei:11059,Taipei:11059:110590:0:9f369877f794ced9,小5,Taipei,121.631434179,25.0388361327,Taipei:geo07,0.2,0.1,0.1,10,1
topology:route_type:B2,Taipei:11061,Taipei:11061:110610:0:6f5ad5ede69da184,小5區,Taipei,121.628425654,25.0396326727,Taipei:geo07,0.2,0.1,0.1,10,1
topology:route_type:B2,Taipei:11062,Taipei:11062:110620:0:2074732c958a1420,小1區,Taipei,121.613565176,25.069805324,Taipei:geo07,0.1,0.1,0,10,1
topology:route_type:B2,Taipei:11064,Taipei:11064:110640:1:907b2f08579e970c,小36,Taipei,121.528558906,25.136264814,Taipei:geo01,0.3,0.5,-0.2,10,1
topology:route_type:B2,Taipei:11066,Taipei:11066:110660:0:9ea76b5999123323,32,Taipei,121.579677941,25.0405731258,Taipei:geo05,0.8,0.2,0.6,10,2
topology:route_type:B2,Taipei:11071,Taipei:11071:110720:1:0cbbe7a078cd71be,小10,Taipei,121.584274456,24.9810242258,Taipei:geo06,0.2,0.2,0,10,1
topology:route_type:B2,Taipei:11073,Taipei:11073:110730:0:84d1fc32985b5c53,小11,Taipei,121.564000027,24.9835564311,Taipei:geo06,0.2,0.1,0.1,10,1
topology:route_type:B2,Taipei:11091,Taipei:11091:11091:0:a87d0cd5412f15f9,37,Taipei,121.550841297,25.0346072848,Taipei:geo04,0.7,0.7,0,10,1
topology:route_type:B2,Taipei:11093,Taipei:11093:11093:0:429de28c4adfcde4,612,Taipei,121.539784138,25.0807861214,Taipei:geo03,0.6,0.6,0,10,1
topology:route_type:B2,Taipei:11111,Taipei:11111:11111:0:d3fc32306f8b0be3,藍27,Taipei,121.578746701,25.0720890836,Taipei:geo05,0.1,0.1,0,10,1
topology:route_type:B2,Taipei:11114,Taipei:11114:157815:0:e91ee132a4d04cf7,551,Taipei,121.590677155,25.0694135858,Taipei:geo07,0.4,0.5,-0.1,10,1
topology:route_type:B2,Taipei:11121,Taipei:11121:11121:0:268e1dd383b8201d,紅35,Taipei,121.467128373,25.1247980831,Taipei:geo01,0.3,0.1,0.2,10,1
topology:route_type:B2,Taipei:11122,Taipei:11122:111220:0:14033b1f88338998,小23,Taipei,121.472219223,25.129093062,Taipei:geo01,0,0.4,-0.4,10,1
topology:route_type:B2,Taipei:11123,Taipei:11123:111230:0:f13a4c53a3da600b,550,Taipei,121.493566935,25.1222377507,Taipei:geo01,0.7,0.5,0.2,10,1
topology:route_type:B2,Taipei:11124,Taipei:11124:111240:0:28cc483d28626ee7,223,Taipei,121.50139659,25.0958958812,Taipei:geo03,0.7,0.4,0.3,10,1
topology:route_type:B2,Taipei:11125,Taipei:11125:111250:0:ba80098fb910d9cc,302,Taipei,121.501025756,25.0980089212,Taipei:geo03,0.7,0.6,0.1,10,1
topology:route_type:B2,Taipei:11134,Taipei:11134:111340:0:43ac3874fa790d7e,小8,Taipei,121.533256967,25.1510174069,Taipei:geo01,0.5,0.4,0.1,10,1
topology:route_type:B2,Taipei:11135,Taipei:11135:111350:0:5e024de6dfde2e59,小14,Taipei,121.50400396,25.1311765281,Taipei:geo01,0.75,0.1,0.65,10,2
topology:route_type:B2,Taipei:11136,Taipei:11136:111360:1:e35f2973871e866f,小21,Taipei,121.50026441,25.1310782228,Taipei:geo01,0.6,0.2,0.4,10,1
topology:route_type:B2,Taipei:11137,Taipei:11137:111370:0:4c5329857d076429,小22,Taipei,121.503443764,25.1364281717,Taipei:geo01,0.8,0.2,0.6,10,2
topology:route_type:B2,Taipei:11138,Taipei:11138:111380:1:3cf96550251dee54,小25,Taipei,121.517771687,25.1402794689,Taipei:geo01,0.7,0.8,-0.1,10,1
topology:route_type:B2,Taipei:11139,Taipei:11139:111390:0:a1e414f531c5c5a8,小6,Taipei,121.499479323,25.1424884769,Taipei:geo01,0.6,0.6,0,10,1
topology:route_type:B2,Taipei:11141,Taipei:11141:162592:1:09dbf276c85bc79c,216,Taipei,121.506180913,25.1287866952,Taipei:geo01,0.5,0.1,0.4,10,1
topology:route_type:B2,Taipei:11142,Taipei:11142:111420:0:ee8dd77dd0446bc9,小9(台灣好行-北投竹子湖),Taipei,121.523931226,25.1516471031,Taipei:geo01,0.7,0.1,0.6,10,2
topology:route_type:B2,Taipei:11143,Taipei:11143:111430:0:0becb07c1b08825a,小26,Taipei,121.508055408,25.1406383528,Taipei:geo01,0.8,0.8,0,10,1
topology:route_type:B2,Taipei:11145,Taipei:11145:111410:0:077018ea08ab3de4,小7,Taipei,121.504932735,25.1400990184,Taipei:geo01,0.8,0.7,0.1,10,1
topology:route_type:B2,Taipei:11146,Taipei:11146:111460:0:58fbda8440b13013,市民小巴2,Taipei,121.505981044,25.1349341128,Taipei:geo01,0,0.2,-0.2,10,2
topology:route_type:B2,Taipei:11151,Taipei:11151:111510:0:cf88dc13aa1a80ff,230,Taipei,121.524930842,25.1430077006,Taipei:geo01,0.2,0.1,0.1,10,2
topology:route_type:B2,Taipei:11152,Taipei:11152:111520:0:f7c01f9b5936b2ee,承德幹線,Taipei,121.530090368,25.0765882678,Taipei:geo02,0,0.1,-0.1,10,1
topology:route_type:B2,Taipei:11156,Taipei:11156:111560:0:87465040c3d83540,218,Taipei,121.513432957,25.0903058443,Taipei:geo03,0.6,0.6,0,10,1
topology:route_type:B2,Taipei:11157,Taipei:11157:111570:0:0f9cbcf9ac4cb085,218直,Taipei,121.511789549,25.0892812178,Taipei:geo03,0.6,0.5,0.1,10,1
topology:route_type:B2,Taipei:11158,Taipei:11158:111580:0:54b3f52754974cd7,218區,Taipei,121.500166272,25.1371744473,Taipei:geo01,0.5,0.2,0.3,10,1
topology:route_type:B2,Taipei:11161,Taipei:11161:111610:0:e5537f4f27bcd906,529,Taipei,121.520996374,25.0912505865,Taipei:geo03,0.5,0.3,0.2,10,1
topology:route_type:B2,Taipei:11165,Taipei:11165:111650:0:153b259eb851cbab,288,Taipei,121.53497517,25.0577119894,Taipei:geo02,0.9,1,-0.1,10,4
topology:route_type:B2,Taipei:11171,Taipei:11171:111710:0:72eaa3754b09f69d,265經明德路,Taipei,121.478625262,25.0158710158,Taipei:geo00,1,0.9,0.1,10,1
topology:route_type:B2,Taipei:11201,Taipei:11201:11201:0:aa522f5759942a31,紅7,Taipei,121.505548591,25.0964234143,Taipei:geo03,0.333333333333,0.3,0.0333333333333,10,3
topology:route_type:B2,Taipei:11202,Taipei:11202:11202:0:1f4d928004e67be0,紅7區,Taipei,121.516118563,25.0905501597,Taipei:geo03,0.6,0.1,0.5,10,1
topology:route_type:B2,Taipei:11203,Taipei:11203:112030:0:f22278cb33fecf20,26,Taipei,121.520092244,25.0756005167,Taipei:geo02,0.6,0.4,0.2,10,1
topology:route_type:B2,Taipei:11204,Taipei:11204:112040:0:68756463d5503359,68,Taipei,121.516241914,25.0954587717,Taipei:geo03,0.2,0.1,0.1,10,1
topology:route_type:B2,Taipei:11206,Taipei:11206:159288:1:a43c3d88f490d7af,小15,Taipei,121.547941604,25.1259252842,Taipei:geo03,0.4,0.4,0,10,1
topology:route_type:B2,Taipei:11207,Taipei:11207:112070:0:42f2e2abb06d80cb,小15區,Taipei,121.543540087,25.1166627751,Taipei:geo03,0.4,0.5,-0.1,10,1
topology:route_type:B2,Taipei:11208,Taipei:11208:112080:0:b1b0b371decb23ef,小16,Taipei,121.545305833,25.1088985419,Taipei:geo03,0.4,0.3,0.1,10,1
topology:route_type:B2,Taipei:11209,Taipei:11209:112090:0:a4f446c23f93e62a,小17,Taipei,121.541557204,25.1080245529,Taipei:geo03,0.4,0.3,0.1,10,1
topology:route_type:B2,Taipei:11211,Taipei:11211:112110:0:2ff4319f9c6b964d,小18,Taipei,121.555518632,25.1066802722,Taipei:geo03,0.5,0.4,0.1,10,2
topology:route_type:B2,Taipei:11212,Taipei:11212:11212:0:5aa6fae8b62b52dc,204,Taipei,121.542928085,25.0418448626,Taipei:geo04,0.5,0.8,-0.3,10,1
topology:route_type:B2,Taipei:11213,Taipei:11213:112130:1:62b5e4d1b8b386f7,小19,Taipei,121.558904194,25.1133931831,Taipei:geo03,0.1,0.2,-0.1,10,1
topology:route_type:B2,Taipei:11217,Taipei:11217:112170:1:dc14bd046c44fac0,市民小巴1,Taipei,121.566854447,25.1127961954,Taipei:geo03,0,0,0,10,1
topology:route_type:B2,Taipei:11221,Taipei:11221:11221:0:a987be235cb835de,284,Taipei,121.580570576,25.0489796927,Taipei:geo05,0.6,1,-0.4,10,1
topology:route_type:B2,Taipei:11231,Taipei:11231:112310:0:fa84cd9d8232533d,621,Taipei,121.492769797,25.0535377566,Taipei:geo00,1,0.6,0.4,10,1
topology:route_type:B2,Taipei:11232,Taipei:11232:112320:0:f4a0ca897950e01c,211,Taipei,121.514666093,25.0516099291,Taipei:geo02,1,0.8,0.2,10,2
topology:route_type:B2,Taipei:11241,Taipei:11241:112410:0:ec95478544b114b3,662,Taipei,121.494901214,25.0609049058,Taipei:geo00,0.7,0.7,0,10,1
topology:route_type:B2,Taipei:11242,Taipei:11242:112420:0:6c1b47e60ec0e337,539,Taipei,121.502623623,25.0699713552,Taipei:geo02,1,0.5,0.5,10,1
topology:route_type:B2,Taipei:11243,Taipei:11243:112430:0:c111e6670505c489,39,Taipei,121.494017447,25.0663012198,Taipei:geo00,0.6,0.5,0.1,10,1
topology:route_type:B2,Taipei:11245,Taipei:11245:11245:0:b9e3d5eea8564d97,226,Taipei,121.524016664,25.0546066101,Taipei:geo02,1,1,0,10,1
topology:route_type:B2,Taipei:11246,Taipei:11246:11246:0:12c8e0aa6465e931,292,Taipei,121.52277138,25.0510297528,Taipei:geo02,1,0.9,0.1,10,1
topology:route_type:B2,Taipei:11251,Taipei:11251:112510:0:034f845cd6d5a843,棕13,Taipei,121.555539352,25.0997509033,Taipei:geo03,0,0.1,-0.1,10,1
topology:route_type:B2,Taipei:11252,Taipei:11252:112520:0:81cc06d709dde6ca,255,Taipei,121.536471421,25.0919573747,Taipei:geo03,0.5,0.3,0.2,10,2
topology:route_type:B2,Taipei:11253,Taipei:11253:112530:0:9c00088db939f565,255區,Taipei,121.543214326,25.1022425453,Taipei:geo03,0.6,0.1,0.5,10,2
topology:route_type:B2,Taipei:11411,Taipei:11411:11411:0:703e7728e99377ce,299,Taipei,121.492148277,25.042067583,Taipei:geo00,0.7,0.9,-0.2,10,1
topology:route_type:B2,Taipei:11421,Taipei:11421:11421:0:c4b93705353b70ae,513,Taipei,121.482123382,25.0428022592,Taipei:geo00,0.9,0.8,0.1,10,1
topology:route_type:B2,Taipei:11741,Taipei:11741:155857:0:15cf7aa866d9d0eb,貓空右線,Taipei,121.58273909,24.9688123395,Taipei:geo06,0.269216061185,0.5,-0.230783938815,10,1046
topology:route_type:B2,Taipei:11742,Taipei:11742:11742:0:7534e560dbf5e506,611,Taipei,121.565305329,25.007975014,Taipei:geo06,0.6,0.9,-0.3,10,1
topology:route_type:B2,Taipei:11763,Taipei:11763:11763:0:e35f60ddfe29d475,236區,Taipei,121.569908757,25.0000499764,Taipei:geo06,0.6,0.4,0.2,10,1
topology:route_type:B2,Taipei:11764,Taipei:11764:11764:0:0f20d61bcff2850e,251區,Taipei,121.569931389,24.9957269282,Taipei:geo06,1,0.4,0.6,10,1
topology:route_type:B2,Taipei:11811,Taipei:11811:118110:0:e963537f698810b1,0南,Taipei,121.545166838,25.0097025999,Taipei:geo04,0.7,0.4,0.3,10,1
topology:route_type:B2,Taipei:11812,Taipei:11812:162475:0:55b8ed7dac6f579b,和平幹線,Taipei,121.542838458,25.0228375387,Taipei:geo04,0.1,0.1,0,10,1
topology:route_type:B2,Taipei:11813,Taipei:11813:118130:0:3f385d7f0303f9df,109,Taipei,121.541239553,25.0724085112,Taipei:geo02,0.7,0.7,0,10,1
topology:route_type:B2,Taipei:11815,Taipei:11815:118150:0:bae9510228de5abb,606,Taipei,121.534556245,25.0522021885,Taipei:geo02,0.6,0.4,0.2,10,1
topology:route_type:B2,Taipei:11821,Taipei:11821:162167:0:3df074cf5aa5d41a,33,Taipei,121.558681337,25.0497698252,Taipei:geo05,0.8,0.8,0,10,1
topology:route_type:B2,Taipei:11831,Taipei:11831:118310:0:4275ec6e9a212b56,49,Taipei,121.520592168,25.0477670351,Taipei:geo02,0.6,0.9,-0.3,10,1
topology:route_type:B2,Taipei:11833,Taipei:11833:11833:0:db7622ad13dd2891,復興幹線,Taipei,121.538522048,25.0312085165,Taipei:geo04,0.1,0.1,0,10,1
topology:route_type:B2,Taipei:11834,Taipei:11834:11834:0:9d89a958664b669f,688,Taipei,121.538939474,25.0319678386,Taipei:geo04,0.6,0.8,-0.2,10,1
topology:route_type:B2,Taipei:11841,Taipei:11841:118410:0:77e6d458bda00b57,270,Taipei,121.57009835,25.0423483632,Taipei:geo05,0.6,0.8,-0.2,10,1
topology:route_type:B2,Taipei:11842,Taipei:11842:118420:0:9173abf679af0281,270區,Taipei,121.598030821,25.0453276624,Taipei:geo07,0.6,0.2,0.4,10,1
topology:route_type:B2,Taipei:11851,Taipei:11851:118510:0:52700e266ecbbc1b,276,Taipei,121.569966418,25.0488049677,Taipei:geo05,0.9,0.7,0.2,10,1
topology:route_type:B2,Taipei:11853,Taipei:11853:118530:0:064d552ae1a333b2,306區,Taipei,121.568792107,25.0521029913,Taipei:geo05,0.9,0.6,0.3,10,1
topology:route_type:B2,Taipei:11854,Taipei:11854:118540:0:c935cfc99fa59879,市民小巴6,Taipei,121.618549275,25.043215263,Taipei:geo07,0,0.2,-0.2,10,1
topology:route_type:B2,Taipei:11861,Taipei:11861:11861:0:d54713d60f6e6b43,5,Taipei,121.520375355,25.0316259922,Taipei:geo04,0.9,0.8,0.1,10,1
topology:route_type:B2,Taipei:11871,Taipei:11871:11871:1:c24757a52c7e3e7f,41,Taipei,121.524547152,25.0708118795,Taipei:geo02,0.6,0.9,-0.3,10,1
topology:route_type:B2,Taipei:11881,Taipei:11881:11881:0:dce82d178c21e95b,重慶幹線,Taipei,121.516046424,25.0868001756,Taipei:geo03,0,0.1,-0.1,10,1
topology:route_type:B2,Taipei:15111,Taipei:15111:15111:0:4f443c8cd89c3b1a,202,Taipei,121.52055771,25.022326529,Taipei:geo04,0.8,0.8,0,10,1
topology:route_type:B2,Taipei:15112,Taipei:15112:15112:0:3ef3110ee7639ed3,208,Taipei,121.527367732,25.0354026937,Taipei:geo04,0.6,0.4,0.2,10,1
topology:route_type:B2,Taipei:15113,Taipei:15113:15113:0:21130b6a9ded22f4,208區,Taipei,121.522999052,24.9989440827,Taipei:geo04,0.8,0.3,0.5,10,1
topology:route_type:B2,Taipei:15141,Taipei:15141:151410:0:a7b89129887cd77e,28,Taipei,121.573321018,25.0672275825,Taipei:geo05,0.6,0.3,0.3,10,1
topology:route_type:B2,Taipei:15142,Taipei:15142:151420:0:23a0eff3c5cc7202,42,Taipei,121.531363762,25.0711411557,Taipei:geo02,0.7,0.4,0.3,10,1
topology:route_type:B2,Taipei:15143,Taipei:15143:151430:0:f3a5c87352e2b083,256,Taipei,121.57572331,25.0773073023,Taipei:geo05,0.6,0.5,0.1,10,1
topology:route_type:B2,Taipei:15151,Taipei:15151:151510:0:a7ef76ee4536c385,308,Taipei,121.481123325,25.1334930783,Taipei:geo01,0.8,0.7,0.1,10,1
topology:route_type:B2,Taipei:15161,Taipei:15161:151610:0:fb7bb192dd7df55d,676,Taipei,121.548117975,25.01635116,Taipei:geo04,0.7,0.7,0,10,1
topology:route_type:B2,Taipei:15162,Taipei:15162:15162:0:7ffe83b1fcddb62a,282,Taipei,121.55831306,25.0222879301,Taipei:geo04,0.55,0.7,-0.15,10,2
topology:route_type:B2,Taipei:15164,Taipei:15164:15164:0:66922c465547e92f,530,Taipei,121.557890615,24.9985629757,Taipei:geo06,0.6,0.2,0.4,10,1
topology:route_type:B2,Taipei:15171,Taipei:15171:151710:0:1a95e85cedf5c95e,902,Taipei,121.547763632,25.0729963448,Taipei:geo05,0.7,0.7,0,10,1
topology:route_type:B2,Taipei:15172,Taipei:15172:151720:0:e6239f94b8a199d9,556,Taipei,121.558910231,25.0506374787,Taipei:geo05,0.7,1,-0.3,10,1
topology:route_type:B2,Taipei:15173,Taipei:15173:151730:0:a8b82f32a8b4f312,912,Taipei,121.594246101,25.0122709921,Taipei:geo06,0.9,0.5,0.4,10,1
topology:route_type:B2,Taipei:15183,Taipei:15183:15183:0:434d8d1db3567522,905,Taipei,121.532529511,24.9974450565,Taipei:geo04,0.75,0.6,0.15,10,2
topology:route_type:B2,Taipei:15184,Taipei:15184:15184:0:03b4e9496845a5b4,905副,Taipei,121.529906358,25.0018138788,Taipei:geo04,0.7,0.9,-0.2,10,1
topology:route_type:B2,Taipei:15185,Taipei:15185:15185:0:496b10a1ed6169bd,202區,Taipei,121.506922998,24.9999071641,Taipei:geo04,0.7,1,-0.3,10,1
topology:route_type:B2,Taipei:15191,Taipei:15191:15191:0:bf0e7a388b647430,660,Taipei,121.563079451,25.0098562762,Taipei:geo06,1,0.5,0.5,10,1
topology:route_type:B2,Taipei:15221,Taipei:15221:152210:0:45e4e78e80646bc1,682,Taipei,121.461899384,25.1307506739,Taipei:geo01,0.7,0.8,-0.1,10,1
topology:route_type:B2,Taipei:15312,Taipei:15312:15312:0:75208db3f7b7d178,紅2,Taipei,121.575469751,25.0774486878,Taipei:geo05,0,0.2,-0.2,10,1
topology:route_type:B2,Taipei:15313,Taipei:15313:159237:1:1ce79e0de8bd7bae,521,Taipei,121.57149602,25.066430157,Taipei:geo05,0.6,0.2,0.4,10,1
topology:route_type:B2,Taipei:15314,Taipei:15314:15314:0:4db419ce050b8a68,203,Taipei,121.560983644,25.0691905948,Taipei:geo05,0.9,0.9,0,10,1
topology:route_type:B2,Taipei:15321,Taipei:15321:15321:0:92d32afb86cbcd7a,紅10,Taipei,121.503031971,25.0957032854,Taipei:geo03,0.4,0.2,0.2,10,1
topology:route_type:B2,Taipei:15322,Taipei:15322:15322:0:82f01a328700bb3d,215,Taipei,121.502223242,25.0834036245,Taipei:geo02,0.8,0.6,0.2,10,1
topology:route_type:B2,Taipei:15331,Taipei:15331:15331:0:b6fc6a9e7bc50eda,紅3區,Taipei,121.54207151,25.082827513,Taipei:geo03,0.4,0.1,0.3,10,1
topology:route_type:B2,Taipei:15332,Taipei:15332:153320:0:99baa00cfb21c919,267,Taipei,121.549797894,25.0912048869,Taipei:geo03,0.8,0.5,0.3,10,1
topology:route_type:B2,Taipei:15333,Taipei:15333:153330:0:143e69a0cc537500,250,Taipei,121.512050769,25.0661656587,Taipei:geo02,0.8,1,-0.2,10,1
topology:route_type:B2,Taipei:15334,Taipei:15334:162434:1:0a9bff9fbbe3b116,北環幹線,Taipei,121.573300166,25.0781221629,Taipei:geo05,0.1,0.1,0,10,1
topology:route_type:B2,Taipei:15335,Taipei:15335:153350:0:deced8bcdb113bae,683,Taipei,121.563186412,25.0836079794,Taipei:geo05,0.6,0.7,-0.1,10,2
topology:route_type:B2,Taipei:15341,Taipei:15341:15341:1:997fadc7b0bdfba1,紅19,Taipei,121.527647365,25.1176480975,Taipei:geo03,0.1,0.2,-0.1,10,1
topology:route_type:B2,Taipei:15352,Taipei:15352:153520:0:79fb60548b9a2ed0,268,Taipei,121.548194758,25.0966351773,Taipei:geo03,0.7,0.3,0.4,10,1
topology:route_type:B2,Taipei:15353,Taipei:15353:157765:0:88a49d17c4980583,247,Taipei,121.562592358,25.0737880488,Taipei:geo05,0.7,0.7,0,10,2
topology:route_type:B2,Taipei:15355,Taipei:15355:153550:0:531a1635ec5358bb,240直,Taipei,121.588793381,25.063026001,Taipei:geo07,0.7,0.6,0.1,10,1
topology:route_type:B2,Taipei:15358,Taipei:15358:153580:0:25adee7fc324d653,247區,Taipei,121.572649961,25.0769610655,Taipei:geo05,0.7,0.3,0.4,10,1
topology:route_type:B2,Taipei:15359,Taipei:15359:153590:0:5a656880b9c1ee8a,681,Taipei,121.563837204,25.1024248742,Taipei:geo03,0.5,0.7,-0.2,10,2
topology:route_type:B2,Taipei:15361,Taipei:15361:157468:0:43acf7ed09691a39,藍7,Taipei,121.569094049,25.0683798023,Taipei:geo05,0.2,0.3,-0.1,10,1
topology:route_type:B2,Taipei:15362,Taipei:15362:15362:0:27dfa05f91be8127,72,Taipei,121.542849765,25.0528362176,Taipei:geo02,0.7,1,-0.3,10,1
topology:route_type:B2,Taipei:15372,Taipei:15372:15372:0:163bb9cd7b3e6a5f,206,Taipei,121.520572725,25.0850139629,Taipei:geo03,0.7,0.7,0,10,1
topology:route_type:B2,Taipei:15373,Taipei:15373:15373:0:390e20d15b623d8c,中山幹線,Taipei,121.521602648,25.0750944548,Taipei:geo02,0,0.1,-0.1,10,1
topology:route_type:B2,Taipei:15375,Taipei:15375:15375:0:183fd586c5e3b65b,224,Taipei,121.524605258,25.1199607,Taipei:geo03,0.3,0.2,0.1,10,1
topology:route_type:B2,Taipei:15381,Taipei:15381:153810:0:48eb7b659d0dabe1,246,Taipei,121.512202492,25.0575619834,Taipei:geo02,0.7,1,-0.3,10,1
topology:route_type:B2,Taipei:15391,Taipei:15391:15391:0:86dc9b42de6c14ea,279,Taipei,121.55053741,25.0693023061,Taipei:geo05,0.4,0.8,-0.4,10,1
topology:route_type:B2,Taipei:15512,Taipei:15512:155120:0:b97b28635d972457,675,Taipei,121.590932375,25.0520306234,Taipei:geo07,0.8,1,-0.2,10,1
topology:route_type:B2,Taipei:15513,Taipei:15513:155130:0:086879b3c300a8a2,711,Taipei,121.600471863,25.0599579512,Taipei:geo07,0.9,0.9,0,10,2
topology:route_type:B2,Taipei:15514,Taipei:15514:155716:0:f4bdbdf3e3f39a8f,605,Taipei,121.587061154,25.0527882236,Taipei:geo07,1,0.9,0.1,10,1
topology:route_type:B2,Taipei:15515,Taipei:15515:155150:0:f2fa4f6499aa1b7d,668,Taipei,121.58492283,25.0493591214,Taipei:geo07,0.85,1,-0.15,10,2
topology:route_type:B2,Taipei:15516,Taipei:15516:155719:0:9e1506aed43ee335,605快,Taipei,121.58514214,25.059636347,Taipei:geo05,0.6,0.9,-0.3,10,1
topology:route_type:B2,Taipei:15517,Taipei:15517:155717:0:a4948f1641dca543,605副,Taipei,121.623788216,25.0587791434,Taipei:geo07,0.7,0.5,0.2,10,1
topology:route_type:B2,Taipei:15518,Taipei:15518:155718:0:fed371549594d668,605新台五,Taipei,121.591835896,25.0535381644,Taipei:geo07,0.9,0.8,0.1,10,1
topology:route_type:B2,Taipei:15521,Taipei:15521:15521:0:1328370c129f9f74,227,Taipei,121.508145494,25.0407387417,Taipei:geo00,1,0.8,0.2,10,1
topology:route_type:B2,Taipei:15522,Taipei:15522:15522:0:ab7f1b4674c539ac,227區,Taipei,121.49476824,25.0608243806,Taipei:geo00,1,0.6,0.4,10,1
topology:route_type:B2,Taipei:15531,Taipei:15531:15531:0:69771c9c22ae4f5c,紅12,Taipei,121.525617522,25.1076723511,Taipei:geo03,0.1,0.5,-0.4,10,1
topology:route_type:B2,Taipei:15532,Taipei:15532:155320:0:d72fcfb16585ef07,300,Taipei,121.521431322,25.0751202932,Taipei:geo02,0.6,0.9,-0.3,10,1
topology:route_type:B2,Taipei:15541,Taipei:15541:15541:0:d26a5d3ccab13275,紅15,Taipei,121.519787641,25.0970055916,Taipei:geo03,0.6,0.5,0.1,10,2
topology:route_type:B2,Taipei:15546,Taipei:15546:15546:0:bdd67f0c1bd564f8,280,Taipei,121.528625436,25.0655164544,Taipei:geo02,0.9,0.8,0.1,10,1
topology:route_type:B2,Taipei:15551,Taipei:15551:15551:0:8587b47489ef9e05,紅30,Taipei,121.52724365,25.0948379521,Taipei:geo03,0,0.5,-0.5,10,1
topology:route_type:B2,Taipei:15553,Taipei:15553:155530:0:e112e759e96a1ef9,304承德,Taipei,121.519668087,25.0509690461,Taipei:geo02,0.7,0.8,-0.1,10,1
topology:route_type:B2,Taipei:15554,Taipei:15554:155540:0:736084abd0185cf4,304重慶,Taipei,121.517592761,25.0524822524,Taipei:geo02,0.8,0.8,0,10,1
topology:route_type:B2,Taipei:15561,Taipei:15561:155610:0:92bfa3f53286d9a5,214,Taipei,121.539920892,25.0426909538,Taipei:geo04,0.6,0.6,0,10,1
topology:route_type:B2,Taipei:15562,Taipei:15562:155620:0:5955ebbd34575d9e,214直,Taipei,121.516985286,25.0247736683,Taipei:geo04,0.6,0.9,-0.3,10,1
topology:route_type:B2,Taipei:15563,Taipei:15563:15563:0:61535d1894813b41,311,Taipei,121.5287152,25.0191780532,Taipei:geo04,0.6,0.7,-0.1,10,1
topology:route_type:B2,Taipei:15571,Taipei:15571:155710:1:6fbcebf2f353baa1,600,Taipei,121.566980262,25.047185526,Taipei:geo05,0.7,0.8,-0.1,10,1
topology:route_type:B2,Taipei:15572,Taipei:15572:159706:0:dc3aea9add3257de,207,Taipei,121.554831035,25.0263003503,Taipei:geo04,0.6,0.7,-0.1,10,1
topology:route_type:B2,Taipei:15573,Taipei:15573:155856:0:ffbd8ed204d74151,市民小巴8,Taipei,121.517706007,25.0911921311,Taipei:geo03,0,0,0,10,1
topology:route_type:B2,Taipei:15581,Taipei:15581:159390:0:0491eae1680b6cd7,616,Taipei,121.4898906,25.0703002633,Taipei:geo00,1,0.6,0.4,10,1
topology:route_type:B2,Taipei:15657,Taipei:15657:15657:0:dcf1063616d32ceb,280直,Taipei,121.530283623,25.0654693051,Taipei:geo02,0.7,1,-0.3,10,1
topology:route_type:B2,Taipei:15664,Taipei:15664:155808:0:881291b3ef3d5f79,39夜,Taipei,121.494017447,25.0663012198,Taipei:geo00,0.6,0.5,0.1,10,1
topology:route_type:B2,Taipei:15676,Taipei:15676:155820:0:099bd836890904fc,內科通勤專車10,Taipei,121.542496128,25.0107548929,Taipei:geo04,0,0,0,10,1
topology:route_type:B2,Taipei:15677,Taipei:15677:155836:0:18af830b16a9f75c,內科通勤專車11,Taipei,121.520167658,25.0559969267,Taipei:geo02,0.7,0.4,0.3,10,2
topology:route_type:B2,Taipei:15678,Taipei:15678:155837:0:4279b53532e11aa8,內科通勤專車12,Taipei,121.519739949,25.0568110691,Taipei:geo02,0.5,0.3,0.2,10,1
topology:route_type:B2,Taipei:15679,Taipei:15679:155838:0:8b780243a5494702,內科通勤專車13,Taipei,121.542861904,25.0943397745,Taipei:geo03,0.7,0.4,0.3,10,1
topology:route_type:B2,Taipei:15680,Taipei:15680:155839:0:e9d5b664ba3e858b,內科通勤專車15,Taipei,121.537577711,25.0989265828,Taipei:geo03,0.5,0.1,0.4,10,1
topology:route_type:B2,Taipei:15681,Taipei:15681:155840:0:666bd17db9088282,內科通勤專車16,Taipei,121.534164349,25.1024985516,Taipei:geo03,0.4,0.3,0.1,10,1
topology:route_type:B2,Taipei:15682,Taipei:15682:155841:0:b149d61e23cd8874,內科通勤專車17,Taipei,121.541697744,25.0815970238,Taipei:geo03,0.5,0.5,0,10,1
topology:route_type:B2,Taipei:15683,Taipei:15683:155843:0:ef518e088fd675bc,內科通勤專車18,Taipei,121.558059527,25.0673939369,Taipei:geo05,0.4,0.4,0,10,2
topology:route_type:B2,Taipei:15684,Taipei:15684:155844:0:4ed609444dbd00c2,內科通勤專車19,Taipei,121.570883583,25.0639347307,Taipei:geo05,0.4,0.4,0,10,1
topology:route_type:B2,Taipei:15685,Taipei:15685:155845:0:0ae93f9708861b67,內科通勤專車2,Taipei,121.528042568,25.0436091511,Taipei:geo02,0.4,0.2,0.2,10,2
topology:route_type:B2,Taipei:15686,Taipei:15686:155846:0:1b24a09b727c9216,內科通勤專車20,Taipei,121.572233354,25.0628030289,Taipei:geo05,0.5,0.3,0.2,10,1
topology:route_type:B2,Taipei:15687,Taipei:15687:155847:0:cc5e3d1a990b3090,內科通勤專車3,Taipei,121.530375651,25.0446707069,Taipei:geo02,0.4,0.4,0,10,2
topology:route_type:B2,Taipei:15688,Taipei:15688:155848:0:31fda7ee69c17abf,內科通勤專車5,Taipei,121.572516103,25.0508926188,Taipei:geo05,0.6,0.1,0.5,10,1
topology:route_type:B2,Taipei:15689,Taipei:15689:155849:0:4506a25c1364fcb4,內科通勤專車6,Taipei,121.530937651,25.060592516,Taipei:geo02,0.6,0.4,0.2,10,1
topology:route_type:B2,Taipei:15690,Taipei:15690:155850:0:9297ffc8bc2b43fc,內科通勤專車7,Taipei,121.620649161,25.0646090921,Taipei:geo07,0.2,0,0.2,10,2
topology:route_type:B2,Taipei:15691,Taipei:15691:155851:0:22a63fb9a98ceebd,內科通勤專車8,Taipei,121.578699647,25.0666303555,Taipei:geo05,0.6,0.1,0.5,10,1
topology:route_type:B2,Taipei:15693,Taipei:15693:157818:0:707b7b017739f819,內科快線2,Taipei,121.57101453,25.0660936912,Taipei:geo05,0.75,0.3,0.45,10,2
topology:route_type:B2,Taipei:15694,Taipei:15694:155827:0:81df3adc6174f773,南軟通勤專車中和線,Taipei,121.547201243,25.0259276619,Taipei:geo04,0.3,0.1,0.2,10,1
topology:route_type:B2,Taipei:15695,Taipei:15695:155828:0:47df45f188206c0d,南軟通勤專車天母線,Taipei,121.552598864,25.0827006034,Taipei:geo05,0.3,0.1,0.2,10,1
topology:route_type:B2,Taipei:15696,Taipei:15696:155829:0:cbde5c38bb7b8e7a,南軟通勤專車北投線,Taipei,121.545816921,25.0879165312,Taipei:geo03,0.3,0.1,0.2,10,1
topology:route_type:B2,Taipei:15698,Taipei:15698:155831:0:17d5dcb06b544df0,南軟通勤專車雙和線,Taipei,121.547562283,25.0274531056,Taipei:geo04,0.4,0.1,0.3,10,1
topology:route_type:B2,Taipei:15702,Taipei:15702:155835:0:e4881721c05248d0,內科快線1,Taipei,121.555178003,25.0743588123,Taipei:geo05,0.733333333333,0.4,0.333333333333,10,3
topology:route_type:B2,Taipei:15708,Taipei:15708:102330:0:515c4df374886e1b,信義幹線,Taipei,121.564689901,25.0414370672,Taipei:geo05,0,0.1,-0.1,10,1
topology:route_type:B2,Taipei:15711,Taipei:15711:155859:0:57f04127f9a2a45d,市民小巴9,Taipei,121.5306752,25.0611679871,Taipei:geo02,0,0,0,10,1
topology:route_type:B2,Taipei:15724,Taipei:15724:155874:0:f7e3110cb7fbbde2,128,Taipei,121.536321668,25.1432322634,Taipei:geo01,0.5,0.3,0.2,10,1
topology:route_type:B2,Taipei:15726,Taipei:15726:155875:0:719c1a392e5b77c0,129,Taipei,121.529142254,25.1545655327,Taipei:geo01,0.3,0.4,-0.1,10,1
topology:route_type:B2,Taipei:15730,Taipei:15730:159230:0:c3b33d81125ab689,棕18,Taipei,121.576882827,25.0130571041,Taipei:geo06,0.25,0.1,0.15,10,2
topology:route_type:B2,Taipei:15731,Taipei:15731:155883:0:40d1101a2d24c085,市民小巴11,Taipei,121.528130927,25.1179182032,Taipei:geo03,0.2,0.2,0,10,1
topology:route_type:B2,Taipei:15734,Taipei:15734:155888:0:2305ac5a11582d4a,市民小巴10,Taipei,121.586020745,25.0633047163,Taipei:geo05,0,0.2,-0.2,10,1
topology:route_type:B2,Taipei:15735,Taipei:15735:155889:0:cb36f93e22dbc844,602,Taipei,121.517129193,25.1231036456,Taipei:geo01,0.5,0.5,0,10,2
topology:route_type:B2,Taipei:16111,Taipei:16111:157462:1:c3cad2d356b7b06d,307,Taipei,121.503732895,25.0284350665,Taipei:geo00,0.9,0.9,0,10,1
topology:route_type:B2,Taipei:16112,Taipei:16112:16112:1:4513d0c445b1fce4,310,Taipei,121.495764869,25.0469010032,Taipei:geo00,0.9,0.9,0,10,1
topology:route_type:B2,Taipei:16121,Taipei:16121:16121:0:7ec03bbe7dc0692a,604,Taipei,121.487253331,25.0228513603,Taipei:geo00,0.7,0.9,-0.2,10,1
topology:route_type:B2,Taipei:16122,Taipei:16122:16122:0:0ecfcc5688ce337a,651,Taipei,121.5015684,25.0255729196,Taipei:geo00,0.8,1,-0.2,10,1
topology:route_type:B2,Taipei:16125,Taipei:16125:159239:0:ad5afb1ffeba88c9,藍20,Taipei,121.582935102,25.0705434634,Taipei:geo05,0.1,0.1,0,10,1
topology:route_type:B2,Taipei:16127,Taipei:16127:157862:0:95e92e0ed14c7fec,679,Taipei,121.603458818,25.0140624799,Taipei:geo06,0.9,0.6,0.3,10,1
topology:route_type:B2,Taipei:16128,Taipei:16128:155898:0:152ac985ccec9b3f,225區,Taipei,121.498484052,25.0733890877,Taipei:geo02,0.6,0.8,-0.2,10,1
topology:route_type:B2,Taipei:16131,Taipei:16131:155928:0:f6004f806b4ee410,265夜,Taipei,121.479884605,25.0166371481,Taipei:geo00,1,1,0,10,1
topology:route_type:B2,Taipei:16132,Taipei:16132:157442:0:3cf10f696fe00354,212夜,Taipei,121.55913887,25.0429325313,Taipei:geo05,0.7,0.8,-0.1,10,1
topology:route_type:B2,Taipei:16133,Taipei:16133:161957:0:255347f3a30c7067,小9區,Taipei,121.515917831,25.1447732082,Taipei:geo01,0.8,0.3,0.5,10,1
topology:route_type:B2,Taipei:16140,Taipei:16140:162297:0:09515291fec2cc10,貓空左線(指南宮),Taipei,121.596658159,24.9707449944,Taipei:geo06,0.340669856459,0.3,0.0406698564593,10,1045
topology:route_type:B2,Taipei:16153,Taipei:16153:155904:0:cc3689f74ac4e83b,棕19,Taipei,121.612260898,25.0660553879,Taipei:geo07,0,0,0,10,1
topology:route_type:B2,Taipei:16157,Taipei:16157:155919:0:3a18e500ce05826d,208直,Taipei,121.528332296,25.0338942403,Taipei:geo04,0.9,0.4,0.5,10,1
topology:route_type:B2,Taipei:16158,Taipei:16158:155924:0:532587da278816a7,292副,Taipei,121.522774397,25.0510282258,Taipei:geo02,1,0.9,0.1,10,1
topology:route_type:B2,Taipei:16163,Taipei:16163:155930:1:5d2651b6322093e8,貓空左線(動物園),Taipei,121.58830661,24.9826415959,Taipei:geo06,0.1,0.2,-0.1,10,1
topology:route_type:B2,Taipei:16164,Taipei:16164:155931:0:dbe87cb7040b4c85,市民小巴12,Taipei,121.51270579,25.0925907383,Taipei:geo03,0,0,0,10,1
topology:route_type:B2,Taipei:16166,Taipei:16166:159663:1:41ed0e792bf52577,紅50,Taipei,121.553955309,25.065140011,Taipei:geo05,0,0.1,-0.1,10,1
topology:route_type:B2,Taipei:16168,Taipei:16168:155937:0:a06576c7360881ac,108區,Taipei,121.54099514,25.1702307164,Taipei:geo01,0.6,0.3,0.3,10,1
topology:route_type:B2,Taipei:16169,Taipei:16169:155938:0:6fb57c9737e42086,672區,Taipei,121.524479838,24.9984422147,Taipei:geo04,0.4,0.3,0.1,10,1
topology:route_type:B2,Taipei:16172,Taipei:16172:155956:0:974cacb4f60d4c23,懷恩專車S31,Taipei,121.54146392,25.0190169961,Taipei:geo04,0.3,0.3,0,10,2
topology:route_type:B2,Taipei:16174,Taipei:16174:155942:0:6a611f2d16f8ae8d,棕20,Taipei,121.562833989,25.0819340229,Taipei:geo05,0.1,0.2,-0.1,10,1
topology:route_type:B2,Taipei:16184,Taipei:16184:157886:0:ccaf5f4dfca2c2b3,680,Taipei,121.539036999,25.073336976,Taipei:geo02,0.4,0.6,-0.2,10,1
topology:route_type:B2,Taipei:16439,Taipei:16439:157441:0:f07c993aa54e5bba,278區,Taipei,121.544195758,25.0293312869,Taipei:geo04,1,0.7,0.3,10,1
topology:route_type:B2,Taipei:16440,Taipei:16440:157444:0:47341bc430ecea49,藍50,Taipei,121.585149195,25.05899202,Taipei:geo05,0.2,0.1,0.1,10,1
topology:route_type:B2,Taipei:16504,Taipei:16504:157534:0:fae257ed242c7685,756,Taipei,121.487233826,25.1151979433,Taipei:geo01,0.933333333333,0.9,0.0333333333333,10,3
topology:route_type:B2,Taipei:16506,Taipei:16506:157539:0:ac0da39aaad27222,藍51,Taipei,121.611834876,25.0613218367,Taipei:geo07,0,0.3,-0.3,10,2
topology:route_type:B2,Taipei:16508,Taipei:16508:157541:0:6f400cc930dde012,懷恩專車S33,Taipei,121.544878554,25.0320595131,Taipei:geo04,0.456046065259,0.1,0.356046065259,10,1042
topology:route_type:B2,Taipei:16559,Taipei:16559:157594:0:6156bc474a419fab,42區,Taipei,121.537994941,25.0785558759,Taipei:geo02,0.7,0.3,0.4,10,1
topology:route_type:B2,Taipei:16568,Taipei:16568:159455:1:3ed21fdc967a8863,棕21,Taipei,121.577976807,25.0064696385,Taipei:geo06,0.6,0.2,0.4,10,1
topology:route_type:B2,Taipei:16648,Taipei:16648:157713:0:e297da986c4c0285,小28,Taipei,121.502470655,25.1373660714,Taipei:geo01,0.666666666667,0.3,0.366666666667,10,3
topology:route_type:B2,Taipei:16649,Taipei:16649:157714:0:838a2388f6c24cbb,市民小巴15,Taipei,121.601668858,25.0572117465,Taipei:geo07,0,0.4,-0.4,10,2
topology:route_type:B2,Taipei:16706,Taipei:16706:157798:0:8a28c84afb442f05,758,Taipei,121.483555271,25.0397908293,Taipei:geo00,0.9,1,-0.1,10,1
topology:route_type:B2,Taipei:16707,Taipei:16707:157799:0:fa0f1d87bbbda9a7,757,Taipei,121.479851489,25.122115415,Taipei:geo01,0.8,1,-0.2,10,1
topology:route_type:B2,Taipei:16709,Taipei:16709:157801:0:4fdc3bfc55170026,254區,Taipei,121.52862821,25.0008259856,Taipei:geo04,0.6,0.3,0.3,10,1
topology:route_type:B2,Taipei:16746,Taipei:16746:157855:0:4697ed9b41ece43b,1717,Taipei,121.559498455,25.152157123,Taipei:geo01,0.7,0.6,0.1,10,1
topology:route_type:B2,Taipei:16747,Taipei:16747:157857:0:079781b60964ef8a,棕22,Taipei,121.537710382,25.0096696148,Taipei:geo04,0.2,0.1,0.1,10,1
topology:route_type:B2,Taipei:16749,Taipei:16749:157860:0:62854fe2f430f970,紅55,Taipei,121.469063446,25.1315427369,Taipei:geo01,0.3,0.1,0.2,10,1
topology:route_type:B2,Taipei:16750,Taipei:16750:157859:0:ffc60bfce9ae94ff,紅55區,Taipei,121.466669295,25.1269942267,Taipei:geo01,0.3,0.5,-0.2,10,1
topology:route_type:B2,Taipei:17018,Taipei:17018:158145:0:b51b37122997e929,懷恩專車S32,Taipei,121.551903616,25.0190628358,Taipei:geo04,0.3,0.6,-0.3,10,1
topology:route_type:B2,Taipei:17020,Taipei:17020:158146:0:c21b6c4b418b0211,小30,Taipei,121.559403024,25.0100064083,Taipei:geo06,0,0,0,10,2
topology:route_type:B2,Taipei:17022,Taipei:17022:158149:0:ee69a90d64419521,紅57,Taipei,121.538593301,25.0396584577,Taipei:geo04,0,0.1,-0.1,10,1
topology:route_type:B2,Taipei:17333,Taipei:17333:158480:0:7f5772f5541d52c3,557,Taipei,121.530213173,25.0958280359,Taipei:geo03,0.5,0.2,0.3,10,1
topology:route_type:B2,Taipei:17363,Taipei:17363:158510:0:03f87f65335999c5,949,Taipei,121.576878977,25.0110689799,Taipei:geo06,0.9,0.7,0.2,10,1
topology:route_type:B2,Taipei:17390,Taipei:17390:158544:0:d754a32864045cf4,950,Taipei,121.543420153,25.0301083202,Taipei:geo04,0.4,0.6,-0.2,10,1
topology:route_type:B2,Taipei:17436,Taipei:17436:158592:0:b3c0867f847832dd,紅3,Taipei,121.545360165,25.0801951852,Taipei:geo03,0.35,0.1,0.25,10,2
topology:route_type:B2,Taipei:17512,Taipei:17512:158675:0:5a4189ad4eafb3e5,311區,Taipei,121.508337764,25.0020738468,Taipei:geo04,0.6,0.7,-0.1,10,1
topology:route_type:B2,Taipei:17555,Taipei:17555:158725:0:0f10ff76e8409be3,東環幹線,Taipei,121.57445591,25.0623616752,Taipei:geo05,0,0.1,-0.1,10,2
topology:route_type:B2,Taipei:17556,Taipei:17556:158726:0:d78e34a95f0bb8a0,綠17,Taipei,121.502803306,25.0367250962,Taipei:geo00,0,0,0,10,1
topology:route_type:B2,Taipei:17560,Taipei:17560:158730:0:cb808552ed3117ec,兒樂1號線,Taipei,121.521009814,25.0975591185,Taipei:geo03,0.3,0.1,0.2,10,1
topology:route_type:B2,Taipei:17561,Taipei:17561:158731:0:9b572dea569ae6c8,兒樂2號線,Taipei,121.520036338,25.0909375005,Taipei:geo03,0.1,0.1,0,10,1
topology:route_type:B2,Taipei:17580,Taipei:17580:158751:0:767a200c83794c26,花季專車124,Taipei,121.544617227,25.16740916,Taipei:geo01,0,0,0,10,1
topology:route_type:B2,Taipei:17709,Taipei:17709:158892:0:611b82099fad4a1b,955,Taipei,121.61339197,25.0659069305,Taipei:geo07,0.7,0.7,0,10,1
topology:route_type:B2,Taipei:17740,Taipei:17740:159045:0:b3b38a759fc87fb7,957,Taipei,121.484066035,25.131754948,Taipei:geo01,0.8,0.7,0.1,10,1
topology:route_type:B2,Taipei:17800,Taipei:17800:159145:0:52348650d2d97f30,臺北觀光巴士紅線,Taipei,121.532460032,25.038519483,Taipei:geo04,0,0,0,10,1
topology:route_type:B2,Taipei:17801,Taipei:17801:159146:0:eadbb3d1ef5e980a,臺北觀光巴士藍線,Taipei,121.526861236,25.0756612468,Taipei:geo02,0,0,0,10,2
topology:route_type:B2,Taipei:17805,Taipei:17805:159150:0:cb03357d017d22b9,559,Taipei,121.51356825,25.1207227666,Taipei:geo01,0.35,0.2,0.15,10,2
topology:route_type:B2,Taipei:17825,Taipei:17825:159189:0:aed5f8559476d87a,660區,Taipei,121.590078594,24.999069931,Taipei:geo06,0.9,0.5,0.4,10,1
topology:route_type:B2,Taipei:17869,Taipei:17869:159297:0:37669ed954a3b249,88區,Taipei,121.555133746,25.0359266603,Taipei:geo04,0.8,0.6,0.2,10,1
topology:route_type:B2,Taipei:17908,Taipei:17908:159369:0:e1df9f5c268e5bb0,市民小巴16,Taipei,121.531209026,25.115647047,Taipei:geo03,0.1,0.3,-0.2,10,2
topology:route_type:B2,Taipei:17928,Taipei:17928:162432:0:8dc51b004076fcda,907通勤,Taipei,121.599391739,25.0404499254,Taipei:geo07,0.4,0.4,0,10,1
topology:route_type:B2,Taipei:17929,Taipei:17929:159413:0:94382f9f2186f494,紅68,Taipei,121.510800732,25.1011650538,Taipei:geo03,0.1,0.1,0,10,1
topology:route_type:B2,Taipei:17944,Taipei:17944:159442:0:ea61a5dad2d306da,66,Taipei,121.572070331,25.0099261613,Taipei:geo06,0.4,0.5,-0.1,10,1
topology:route_type:B2,Taipei:17952,Taipei:17952:159454:0:8dd4d102b1c2dfc6,617副,Taipei,121.526593048,25.064079292,Taipei:geo02,0.8,0.6,0.2,10,1
topology:route_type:B2,Taipei:17967,Taipei:17967:159543:1:7a9a811a29323117,通勤7,Taipei,121.578715692,25.0219742598,Taipei:geo06,0,0,0,10,3
topology:route_type:B2,Taipei:17993,Taipei:17993:159588:0:ab75319a0c62b420,紅10區,Taipei,121.519788008,25.0901347028,Taipei:geo03,0.5,0.2,0.3,10,1
topology:route_type:B2,Taipei:18015,Taipei:18015:159636:0:8caecd691134f076,內科通勤專車21,Taipei,121.522817296,25.0422078832,Taipei:geo02,0.6,0.3,0.3,10,2
topology:route_type:B2,Taipei:18039,Taipei:18039:159671:0:582f2b1fda708d59,通勤9,Taipei,121.514800287,25.1038933605,Taipei:geo03,0,0.3,-0.3,10,1
topology:route_type:B2,Taipei:18040,Taipei:18040:159672:0:c526b3e2ed24f091,小10區,Taipei,121.578294906,24.9809092888,Taipei:geo06,0.2,0.1,0.1,10,1
topology:route_type:B2,Taipei:18044,Taipei:18044:159688:0:7ef4a3ffef1b7681,藍7副,Taipei,121.569657446,25.0676008909,Taipei:geo05,0.2,0.2,0,10,1
topology:route_type:B2,Taipei:18057,Taipei:18057:159715:0:a3d6df04a6c044db,295副,Taipei,121.551912364,25.0078552329,Taipei:geo06,0.7,0.8,-0.1,10,1
topology:route_type:B2,Taipei:18198,Taipei:18198:160069:0:6a08d5bbd602d814,通勤11,Taipei,121.52959875,25.0101228193,Taipei:geo04,0.4,0.1,0.3,10,1
topology:route_type:B2,Taipei:18199,Taipei:18199:160073:0:3f9291b23f6c2660,通勤12,Taipei,121.529966236,25.0080282906,Taipei:geo04,0.3,0.2,0.1,10,1
topology:route_type:B2,Taipei:18228,Taipei:18228:160117:0:60299961c0898436,通勤13,Taipei,121.54658507,25.0037722342,Taipei:geo04,0.1,0.2,-0.1,10,1
topology:route_type:B2,Taipei:18348,Taipei:18348:160269:0:00aa1c0dc47105e9,542預,Taipei,121.533371843,25.0661136556,Taipei:geo02,0.5,0.2,0.3,10,1
topology:route_type:B2,Taipei:18428,Taipei:18428:161998:1:0807da5a95f70217,通勤16,Taipei,121.611673189,25.0511095505,Taipei:geo07,0.0117929050815,0.2,-0.188207094919,10,1043
topology:route_type:B2,Taipei:18508,Taipei:18508:160469:0:33ccf14300d2d7ae,棕20預,Taipei,121.564371265,25.0806163271,Taipei:geo05,0.1,0.2,-0.1,10,1
topology:route_type:B2,Taipei:18648,Taipei:18648:160697:0:87aa756564366295,通勤22,Taipei,121.563910116,25.0077700164,Taipei:geo06,0.2,0.1,0.1,10,2
topology:route_type:B2,Taipei:18658,Taipei:18658:160717:0:02d4e74ab9c4d1a2,通勤21,Taipei,121.585964417,24.9858343105,Taipei:geo06,0,0,0,10,2
topology:route_type:B2,Taipei:18708,Taipei:18708:160767:0:238a9a151651c8cf,通勤24,Taipei,121.554597791,25.01368706,Taipei:geo04,0.1,0,0.1,10,1
topology:route_type:B2,Taipei:18868,Taipei:18868:161017:0:f96d1916aaa57172,紅35區,Taipei,121.467191776,25.1273294116,Taipei:geo01,0.503266090298,0.5,0.00326609029779,10,1041
topology:route_type:B2,Taipei:19028,Taipei:19028:161287:0:d2bf83e19fdf050f,通勤26,Taipei,121.549698693,25.1022851271,Taipei:geo03,0,0.3,-0.3,10,3
topology:route_type:B2,Taipei:19108,Taipei:19108:161407:1:e4c057c3173048f3,307西藏三民,Taipei,121.503015799,25.0283842582,Taipei:geo00,0.8,0.9,-0.1,10,1
topology:route_type:B2,Taipei:19159,Taipei:19159:161480:0:6d9bba2612511a31,297預,Taipei,121.515562345,25.019551282,Taipei:geo04,0.6,0.6,0,10,1
topology:route_type:B2,Taipei:19178,Taipei:19178:161498:0:7b0aa372deb4c8c2,260區預,Taipei,121.537106328,25.1077523441,Taipei:geo03,0.5,0.6,-0.1,10,2
topology:route_type:B2,Taipei:19298,Taipei:19298:161667:0:b3797c1012d5ca2a,紅25區,Taipei,121.57874311,25.0549596364,Taipei:geo05,0.1,0.1,0,10,1
topology:route_type:B2,Taipei:19408,Taipei:19408:161868:0:364609bd6850f23b,通勤27,Taipei,121.52291855,25.0843778744,Taipei:geo03,0.2,0.1,0.1,10,1
topology:route_type:B2,Taipei:19418,Taipei:19418:161870:0:46c6479b6e3fbb58,小8區,Taipei,121.527340381,25.1437110842,Taipei:geo01,0.5,0.4,0.1,10,1
topology:route_type:B2,Taipei:19438,Taipei:19438:161887:0:a4fe87f8fa8c20d6,539預,Taipei,121.501941071,25.0702986909,Taipei:geo02,1,0.2,0.8,10,1
topology:route_type:B2,Taipei:19448,Taipei:19448:161907:0:6e8442f0baf9db7c,市民小巴17,Taipei,121.576837371,25.037086205,Taipei:geo05,0,0.3,-0.3,10,1
topology:route_type:B2,Taipei:19458,Taipei:19458:161937:0:6c65107218044359,683預,Taipei,121.563925687,25.0837152637,Taipei:geo05,0.6,0.5,0.1,10,2
topology:route_type:B2,Taipei:19488,Taipei:19488:162007:0:8f76b47c4b9b14f5,通勤28,Taipei,121.510171724,25.0796119905,Taipei:geo02,0,0,0,10,1
topology:route_type:B2,Taipei:19528,Taipei:19528:162047:0:d10d798c13f21924,246預,Taipei,121.512137272,25.0572896082,Taipei:geo02,0.7,1,-0.3,10,1
topology:route_type:B2,Taipei:19539,Taipei:19539:162058:0:1713ad9d8d9cd90e,通勤29,Taipei,121.576359018,25.0544787299,Taipei:geo05,0,0.1,-0.1,10,1
topology:route_type:B2,Taipei:19618,Taipei:19618:162177:0:3071a52bb584e0e3,市民小巴18,Taipei,121.567556311,25.0552770121,Taipei:geo05,0,0.3,-0.3,10,1
topology:route_type:B2,Taipei:19648,Taipei:19648:162247:0:8be02cee1e2ebdcd,懷恩專車S34,Taipei,121.539218648,25.0221648941,Taipei:geo04,0.3,0.3,0,10,2
topology:route_type:B2,Taipei:19678,Taipei:19678:162277:0:223273bd5a08500f,261預,Taipei,121.493941775,25.0667609638,Taipei:geo00,0.8,0.8,0,10,1
topology:route_type:B2,Taipei:19688,Taipei:19688:162308:0:c02917c7d9526d2d,310區,Taipei,121.47759323,25.028582305,Taipei:geo00,0.8,0.7,0.1,10,1
topology:route_type:B2,Taipei:19698,Taipei:19698:162320:0:b33dc523df5d63ed,小15區預,Taipei,121.544582236,25.1178135307,Taipei:geo03,0.4,0.5,-0.1,10,1
topology:route_type:B2,Taipei:19716,Taipei:19716:162397:0:fc3c2792aefb0dbe,小39,Taipei,121.51261923,25.1391870363,Taipei:geo01,0.6,0.3,0.3,10,1
topology:route_type:B2,Taipei:19717,Taipei:19717:162399:0:f2e7c2d79fdc0116,302區,Taipei,121.495938924,25.119101882,Taipei:geo01,0.8,0.4,0.4,10,1
topology:route_type:B2,Taipei:19718,Taipei:19718:162402:0:f827633623a89461,902區,Taipei,121.551494467,25.0380898866,Taipei:geo04,0.9,0.2,0.7,10,1
topology:route_type:B2,Taipei:19719,Taipei:19719:162403:0:7e1a91685333b8e9,紅68預,Taipei,121.5111442,25.1013078182,Taipei:geo03,0.1,0.3,-0.2,10,1
topology:route_type:B2,Taipei:19720,Taipei:19720:162405:0:7731d47c4d2bfb08,536區,Taipei,121.504283285,25.1004945266,Taipei:geo03,0.5,0.5,0,10,1
topology:route_type:B2,Taipei:19721,Taipei:19721:162406:0:18f4c25932c20617,雙園巴士,Taipei,121.581643858,25.0667172495,Taipei:geo05,0,0,0,10,1
topology:route_type:B2,Taipei:19755,Taipei:19755:162471:0:9967c39e9859a1a0,新莊-臺北車站,Taipei,121.483387007,25.0555570994,Taipei:geo00,0.1,0,0.1,10,1
topology:route_type:B2,Taipei:19759,Taipei:19759:162482:0:84abca0b169e147d,通勤30,Taipei,121.519394995,25.0756101037,Taipei:geo02,0.1,0.1,0,10,1
topology:route_type:B2,Taipei:19776,Taipei:19776:162507:0:49679ae5bfa42902,綠18,Taipei,121.551088826,24.9870970485,Taipei:geo06,0.2,0.1,0.1,10,1
topology:route_type:B2,Taipei:19779,Taipei:19779:162537:0:3b9e2c43acd48d37,北士科1,Taipei,121.521514749,25.1046907693,Taipei:geo03,0,0,0,10,2
topology:route_type:B2,Taipei:19798,Taipei:19798:162616:0:38b742654df32227,606通勤,Taipei,121.53796818,25.0471156394,Taipei:geo02,0.5,0.6,-0.1,10,1
topology:route_type:B2,Taipei:810,Taipei:810:810:0:a97c548ba05f7eaa,敦化幹線,Taipei,121.537249554,25.0714715778,Taipei:geo02,0,0.1,-0.1,10,1
