comparison,city,population_method,difference_m,cells,allocated_population,F_cells,F_allocated_population
p90_minus_mean,Both,all,-56.8411601599,1,9.56351079866,0.000165371258475,1.56840662963e-06
p90_minus_mean,Both,all,-40.6923313486,1,43.4649551934,0.000330742516951,8.69661773504e-06
p90_minus_mean,Both,all,-32.1230717465,1,4.34495585399,0.000496113775426,9.40918634193e-06
p90_minus_mean,Both,all,-30.8899462072,1,148.214998689,0.000661485033901,3.37163044544e-05
p90_minus_mean,Both,all,-29.9730349722,1,744.8718471,0.000826856292376,0.000155874575387
p90_minus_mean,Both,all,-26.5518551609,1,115.063267088,0.000992227550852,0.000174744841206
p90_minus_mean,Both,all,-25.4209742312,1,123.607150933,0.00115759880933,0.000195016295808
p90_minus_mean,Both,all,-23.7453020755,1,652.4390856,0.0013229700678,0.000302015682207
p90_minus_mean,Both,all,-22.6284855139,1,237.439283122,0.00148834132628,0.000340955497681
p90_minus_mean,Both,all,-20.0602185182,1,178.938865364,0.00165371258475,0.000370301300561
p90_minus_mean,Both,all,-20.0562585146,1,18.3013024327,0.00181908384323,0.000373302696666
p90_minus_mean,Both,all,-19.8385428864,1,335.843241209,0.0019844551017,0.000428380667206
p90_minus_mean,Both,all,-19.5046100584,1,322.480093777,0.00214982636018,0.000481267094341
p90_minus_mean,Both,all,-18.7636521934,1,635.136129496,0.00231519761865,0.000585428812479
p90_minus_mean,Both,all,-18.5411335615,1,218.746506702,0.00248056887713,0.000621303030487
p90_minus_mean,Both,all,-18.220467355,1,40.3053629922,0.0026459401356,0.000627913071492
p90_minus_mean,Both,all,-18.03361701,1,79.8457619983,0.00281131139408,0.000641007700138
p90_minus_mean,Both,all,-17.6325751181,1,147.051117797,0.00297668265255,0.000665123942897
p90_minus_mean,Both,all,-16.859518243,1,212.325362157,0.00314205391103,0.000699945099338
p90_minus_mean,Both,all,-15.5733599184,1,82.7885470526,0.00330742516951,0.000713522341921
p90_minus_mean,Both,all,-14.5326463129,1,2076.41293892,0.00347279642798,0.00105405207915
p90_minus_mean,Both,all,-13.512866505,1,281.561046168,0.00363816768646,0.00110022782159
p90_minus_mean,Both,all,-13.1864837366,1,143.797230453,0.00380353894493,0.00112381042993
p90_minus_mean,Both,all,-12.8945464853,1,1245.11776794,0.00396891020341,0.00132800855372
p90_minus_mean,Both,all,-12.7210972317,1,1.10040724932,0.00413428146188,0.00132818901946
p90_minus_mean,Both,all,-10.9999716276,1,971.371090993,0.00429965272036,0.00148749294989
p90_minus_mean,Both,all,-10.2643472456,1,80.086156491,0.00446502397883,0.001500627003
p90_minus_mean,Both,all,-10.0781933654,1,460.054855229,0.00463039523731,0.00157607555951
p90_minus_mean,Both,all,-10.0666268178,1,27.5923648257,0.00479576649578,0.00158060068097
p90_minus_mean,Both,all,-9.96421274108,1,173.712008436,0.00496113775426,0.00160908928431
p90_minus_mean,Both,all,-9.83090849699,1,23.9361895286,0.00512650901273,0.00161301479651
p90_minus_mean,Both,all,-9.70870853624,1,1282.61175917,0.00529188027121,0.00182336189902
p90_minus_mean,Both,all,-9.02546766967,1,326.618165346,0.00545725152968,0.00187692696594
p90_minus_mean,Both,all,-8.92152417683,1,117.37579904,0.00562262278816,0.00189617648478
p90_minus_mean,Both,all,-8.88069817399,1,181.860201723,0.00578799404663,0.00192600138403
p90_minus_mean,Both,all,-8.85285926818,1,486.446120071,0.00595336530511,0.00200577808275
p90_minus_mean,Both,all,-8.67900694086,1,2281.46135268,0.00611873656359,0.00237993556384
p90_minus_mean,Both,all,-8.42670795579,1,621.329312425,0.00628410782206,0.00248183297718
p90_minus_mean,Both,all,-8.09483695348,1,165.700619461,0.00644947908054,0.00250900772038
p90_minus_mean,Both,all,-7.9528327011,1,13.5432810743,0.00661485033901,0.00251122880553
p90_minus_mean,Both,all,-7.7160589809,1,2863.08744371,0.00678022159749,0.0029807724096
p90_minus_mean,Both,all,-7.37740053103,1,263.135027397,0.00694559285596,0.00302392630257
p90_minus_mean,Both,all,-7.33120937431,1,34.4315891286,0.00711096411444,0.00302957305028
p90_minus_mean,Both,all,-7.25861900212,1,117.135872769,0.00727633537291,0.00304878322144
p90_minus_mean,Both,all,-7.21445645378,1,1887.19173425,0.00744170663139,0.00335828086198
p90_minus_mean,Both,all,-7.06161473625,1,1119.68045504,0.00760707788986,0.00354190738635
p90_minus_mean,Both,all,-6.72406185595,1,1065.62987069,0.00777244914834,0.00371666966655
p90_minus_mean,Both,all,-6.67141335937,1,745.434525632,0.00793782040681,0.00383892021622
p90_minus_mean,Both,all,-6.57149374452,1,59.3484319161,0.00810319166529,0.00384865330233
p90_minus_mean,Both,all,-6.36957253555,1,1318.74776061,0.00826856292376,0.00406492667453
p90_minus_mean,Both,all,-6.28785317552,1,3.5040285052,0.00843393418224,0.00406550133186
p90_minus_mean,Both,all,-6.2865848949,1,704.082275974,0.00859930544071,0.00418097015212
p90_minus_mean,Both,all,-6.28393933653,1,3245.86455419,0.00876467669919,0.00471328883642
p90_minus_mean,Both,all,-6.27037603253,1,107.23747941,0.00893004795766,0.00473087568054
p90_minus_mean,Both,all,-6.23475599404,1,208.130684941,0.00909541921614,0.00476500891393
p90_minus_mean,Both,all,-6.14567577395,1,3588.19861553,0.00926079047462,0.00535347005707
p90_minus_mean,Both,all,-6.01163978461,1,336.02332213,0.00942616173309,0.0054085775607
p90_minus_mean,Both,all,-5.9774046886,1,1316.67879232,0.00959153299157,0.00562451162409
p90_minus_mean,Both,all,-5.84996798048,1,114.970196555,0.00975690425004,0.00564336662643
p90_minus_mean,Both,all,-5.84322830419,1,17.9512715382,0.00992227550852,0.0056463106178
p90_minus_mean,Both,all,-5.83077513972,1,181.444515217,0.010087646767,0.00567606734486
p90_minus_mean,Both,all,-5.09571797834,1,1834.82529765,0.0102530180255,0.00597697693984
p90_minus_mean,Both,all,-4.87062174704,1,15.4046579722,0.0104183892839,0.00597950328903
p90_minus_mean,Both,all,-4.82200150419,1,1210.31221518,0.0105837605424,0.00617799333543
p90_minus_mean,Both,all,-4.81572365676,1,1304.84959244,0.0107491318009,0.00639198742134
p90_minus_mean,Both,all,-4.46522760448,1,2938.64838788,0.0109145030594,0.00687392294802
p90_minus_mean,Both,all,-4.37827458385,1,1321.63449959,0.0110798743178,0.00709066974266
p90_minus_mean,Both,all,-4.2326287176,1,11.980901556,0.0112452455763,0.00709263459906
p90_minus_mean,Both,all,-4.19488167219,1,2074.66638944,0.0114106168348,0.00743287790385
p90_minus_mean,Both,all,-4.10506044732,1,57.2000564201,0.0115759880933,0.00744225865842
p90_minus_mean,Both,all,-4.08601369021,1,258.054676402,0.0117413593517,0.00748457937869
p90_minus_mean,Both,all,-4.05073033793,1,3864.87496041,0.0119067306102,0.00811841517793
p90_minus_mean,Both,all,-4.01506507883,1,73.195169053,0.0120721018687,0.00813041911569
p90_minus_mean,Both,all,-3.98331595747,1,19.0139048931,0.0122374731272,0.00813353737792
p90_minus_mean,Both,all,-3.90586375637,1,1470.70035238,0.0124028443856,0.00837473082993
p90_minus_mean,Both,all,-3.80150789621,1,434.544465803,0.0125682156441,0.00844599570695
p90_minus_mean,Both,all,-3.75253610372,1,37.8743936174,0.0127335869026,0.0084522070713
p90_minus_mean,Both,all,-3.55813427404,1,29.8279174777,0.0128989581611,0.00845709882126
p90_minus_mean,Both,all,-3.48929572102,1,2978.86182059,0.0130643294195,0.00894562931247
p90_minus_mean,Both,all,-3.43618712886,1,3026.56241369,0.013229700678,0.00944198265535
p90_minus_mean,Both,all,-3.37740184302,1,1964.31108769,0.0133950719365,0.00976412779613
p90_minus_mean,Both,all,-3.34563906077,1,45.394761999,0.013560443195,0.00977157249371
p90_minus_mean,Both,all,-3.29259278324,1,483.146001771,0.0137258144534,0.00985080797618
p90_minus_mean,Both,all,-3.24062218723,1,171.848291908,0.0138911857119,0.00987899093179
p90_minus_mean,Both,all,-3.21735845435,1,465.69383136,0.0140565569704,0.009955364275
p90_minus_mean,Both,all,-3.16769006916,1,2585.22147413,0.0142219282289,0.0103793381257
p90_minus_mean,Both,all,-3.07817898609,1,528.338125733,0.0143872994873,0.0104659850733
p90_minus_mean,Both,all,-3.05668339982,1,3151.68492546,0.0145526707458,0.0109828583885
p90_minus_mean,Both,all,-3.01342155992,1,2101.72999564,0.0147180420043,0.0113275400988
p90_minus_mean,Both,all,-2.94250011804,1,102.316224113,0.0148834132628,0.0113443198618
p90_minus_mean,Both,all,-2.93856400646,1,630.44390801,0.0150487845213,0.0114477120601
p90_minus_mean,Both,all,-2.90554096844,1,388.110625071,0.0152141557797,0.0115113618316
p90_minus_mean,Both,all,-2.84504789668,1,155.421756646,0.0153795270382,0.0115368508511
p90_minus_mean,Both,all,-2.73603264786,1,2083.21145762,0.0155448982967,0.0118784955389
p90_minus_mean,Both,all,-2.60510790783,1,1134.70947413,0.0157102695552,0.012064586808
p90_minus_mean,Both,all,-2.56928188793,1,498.362787123,0.0158756408136,0.0121463178288
p90_minus_mean,Both,all,-2.5630474435,1,65.5519312569,0.0160410120721,0.0121570682828
p90_minus_mean,Both,all,-2.53134068289,1,550.949830878,0.0162063833306,0.0122474235285
p90_minus_mean,Both,all,-2.46171957554,1,242.890147039,0.0163717545891,0.0122872572804
p90_minus_mean,Both,all,-2.38019799657,1,118.807286565,0.0165371258475,0.0123067415619
p90_minus_mean,Both,all,-2.37379406703,1,2367.05081692,0.016702497106,0.0126949356333
p90_minus_mean,Both,all,-2.35490346339,1,124.540153323,0.0168678683645,0.0127153600994
p90_minus_mean,Both,all,-2.15919766966,1,3175.07398115,0.017033239623,0.0132360691974
p90_minus_mean,Both,all,-2.09350409185,1,3572.22820299,0.0171986108814,0.0138219112081
p90_minus_mean,Both,all,-1.98704794393,1,3123.83956219,0.0173639821399,0.0143342179104
p90_minus_mean,Both,all,-1.97204868499,1,853.820718142,0.0175293533984,0.014474243692
p90_minus_mean,Both,all,-1.82469423187,1,1796.39110112,0.0176947246569,0.0147688501155
p90_minus_mean,Both,all,-1.79077109351,1,2495.34365416,0.0178600959153,0.0151780840896
p90_minus_mean,Both,all,-1.73967000122,1,4415.85947912,0.0180254671738,0.0159022808232
p90_minus_mean,Both,all,-1.70447318258,1,13.8775605702,0.0181908384323,0.0159045567299
p90_minus_mean,Both,all,-1.69843101501,1,50.8182275026,0.0183562096908,0.0159128908706
p90_minus_mean,Both,all,-1.67870444841,1,535.271130175,0.0185215809492,0.0160006748243
p90_minus_mean,Both,all,-1.62071412564,1,138.539193627,0.0186869522077,0.0160233951197
p90_minus_mean,Both,all,-1.58030680557,1,5.15391244064,0.0188523234662,0.0160242403564
p90_minus_mean,Both,all,-1.58004377965,1,1354.98024926,0.0190176947247,0.0162464558221
p90_minus_mean,Both,all,-1.54594494223,1,217.456946963,0.0191830659831,0.0162821185535
p90_minus_mean,Both,all,-1.4755183921,1,3282.99684572,0.0193484372416,0.0168205268982
p90_minus_mean,Both,all,-1.46247811798,1,65.7888558828,0.0195138085001,0.0168313162076
p90_minus_mean,Both,all,-1.42551265196,1,26.3018720957,0.0196791797586,0.0168356296895
p90_minus_mean,Both,all,-1.40093270171,1,479.025504813,0.019844551017,0.0169141894144
p90_minus_mean,Both,all,-1.36065812886,1,36.5466492832,0.0200099222755,0.01692018303
p90_minus_mean,Both,all,-1.30941366126,1,866.267101269,0.020175293534,0.0170622500066
p90_minus_mean,Both,all,-1.30728110984,1,506.566012279,0.0203406647925,0.0171453263484
p90_minus_mean,Both,all,-1.30703275548,1,2238.89890492,0.0205060360509,0.0175125036287
p90_minus_mean,Both,all,-1.27522925908,1,218.874408909,0.0206714073094,0.0175483988225
p90_minus_mean,Both,all,-1.25180896612,1,277.800276974,0.0208367785679,0.0175939578024
p90_minus_mean,Both,all,-1.22837992639,1,149.488525002,0.0210021498264,0.0176184737776
p90_minus_mean,Both,all,-1.20093068874,1,3.51709779713,0.0211675210848,0.0176190505783
p90_minus_mean,Both,all,-1.18453835328,1,769.768825697,0.0213328923433,0.0177452919299
p90_minus_mean,Both,all,-1.18261561346,1,8.93165746682,0.0214982636018,0.0177467567132
p90_minus_mean,Both,all,-1.17355569088,1,1657.28004351,0.0216636348603,0.0180185490562
p90_minus_mean,Both,all,-1.16479560975,1,651.521136288,0.0218290061187,0.0181253978998
p90_minus_mean,Both,all,-1.11639201562,1,1148.93883093,0.0219943773772,0.0183138227699
p90_minus_mean,Both,all,-1.09849274455,1,0.769543008558,0.0221597486357,0.0183139489742
p90_minus_mean,Both,all,-1.08941027978,1,2185.42921146,0.0223251198942,0.0186723572759
p90_minus_mean,Both,all,-1.07838425728,1,1624.71872758,0.0224904911526,0.0189388095942
p90_minus_mean,Both,all,-1.01221474799,1,1.34513274753,0.0226558624111,0.0189390301947
p90_minus_mean,Both,all,-0.938969005,1,1215.98363481,0.0228212336696,0.0191384503485
p90_minus_mean,Both,all,-0.875328947701,1,227.80566348,0.0229866049281,0.0191758102596
p90_minus_mean,Both,all,-0.869789406052,1,2875.99958152,0.0231519761865,0.0196474714419
p90_minus_mean,Both,all,-0.858551455285,1,1979.89085745,0.023317347445,0.01997217165
p90_minus_mean,Both,all,-0.846340578845,1,112.534953043,0.0234827187035,0.0199906272748
p90_minus_mean,Both,all,-0.828661704582,1,600.725955804,0.023648089962,0.0200891457573
p90_minus_mean,Both,all,-0.816468089002,1,61.8101926812,0.0238134612204,0.0200992825698
p90_minus_mean,Both,all,-0.80559106149,1,2049.90483896,0.0239788324789,0.020435465004
p90_minus_mean,Both,all,-0.778129804085,1,47.994331031,0.0241442037374,0.0204433360284
p90_minus_mean,Both,all,-0.701984085621,1,252.795705418,0.0243095749959,0.0204847942825
p90_minus_mean,Both,all,-0.69622016104,1,21.7758248784,0.0244749462543,0.0204883654969
p90_minus_mean,Both,all,-0.678286742744,1,2687.02560955,0.0246403175128,0.0209290351285
p90_minus_mean,Both,all,-0.64224573859,1,980.842061412,0.0248056887713,0.021089892289
p90_minus_mean,Both,all,-0.603199455763,1,1310.37786406,0.0249710600298,0.0213047930062
p90_minus_mean,Both,all,-0.590304375919,1,1380.41865293,0.0251364312882,0.0215311803458
p90_minus_mean,Both,all,-0.541353783259,1,216.388166873,0.0253018025467,0.0215666677983
p90_minus_mean,Both,all,-0.472148249257,1,839.759820906,0.0254671738052,0.0217043876063
p90_minus_mean,Both,all,-0.461275450725,1,25.3721546973,0.0256325450637,0.0217085486154
p90_minus_mean,Both,all,-0.45189088569,1,234.777461835,0.0257979163221,0.0217470518947
p90_minus_mean,Both,all,-0.439677283531,1,18.8085388011,0.0259632875806,0.0217501364771
p90_minus_mean,Both,all,-0.434742119148,1,2992.14792745,0.0261286588391,0.0222408458771
p90_minus_mean,Both,all,-0.433570506014,1,173.468830636,0.0262940300976,0.0222692945995
p90_minus_mean,Both,all,-0.427926806604,1,1972.76140892,0.026459401356,0.0225928255849
p90_minus_mean,Both,all,-0.413413623059,1,447.656613673,0.0266247726145,0.0226662408417
p90_minus_mean,Both,all,-0.394377405348,1,419.078711585,0.026790143873,0.0227349693498
p90_minus_mean,Both,all,-0.381981237077,1,581.663059187,0.0269555151315,0.0228303615355
p90_minus_mean,Both,all,-0.359670816672,1,835.831191831,0.0271208863899,0.022967437052
p90_minus_mean,Both,all,-0.356149120548,1,43.6852948601,0.0272862576484,0.0229746013986
p90_minus_mean,Both,all,-0.339240716305,1,1.89771533657,0.0274516289069,0.0229749126221
p90_minus_mean,Both,all,-0.312914370378,1,477.4103361,0.0276170001654,0.0230532074609
p90_minus_mean,Both,all,-0.309280603833,1,4226.65190098,0.0277823714238,0.0237463743326
p90_minus_mean,Both,all,-0.30291632883,1,1594.79364566,0.0279477426823,0.0240079189661
p90_minus_mean,Both,all,-0.292217882036,1,2803.14373947,0.0281131139408,0.02446763186
p90_minus_mean,Both,all,-0.279998141325,1,92.4989294407,0.0282784851993,0.024482801596
p90_minus_mean,Both,all,-0.26440428566,1,0.42383337865,0.0284438564577,0.0244828711042
p90_minus_mean,Both,all,-0.257392578643,1,961.904906683,0.0286092277162,0.0246406225895
p90_minus_mean,Both,all,-0.255614874187,1,1714.3455951,0.0287745989747,0.0249217736284
p90_minus_mean,Both,all,-0.23734466495,1,154.81170338,0.0289399702332,0.0249471625998
p90_minus_mean,Both,all,-0.236878943667,1,61.1856505717,0.0291053414916,0.024957196988
p90_minus_mean,Both,all,-0.216310758108,1,1661.02449401,0.0292707127501,0.0252296034173
p90_minus_mean,Both,all,-0.210723403347,1,21.0130275772,0.0294360840086,0.0252330495338
p90_minus_mean,Both,all,-0.207568388396,1,1.28869391055,0.0296014552671,0.0252332608783
p90_minus_mean,Both,all,-0.163543599208,1,84.6895427728,0.0297668265255,0.0252471498824
p90_minus_mean,Both,all,-0.161858777275,1,1057.61951725,0.029932197784,0.0254205984723
p90_minus_mean,Both,all,-0.156073460052,1,45.6701271855,0.0300975690425,0.0254280883295
p90_minus_mean,Both,all,-0.153532143076,1,585.931941303,0.030262940301,0.0255241806078
p90_minus_mean,Both,all,-0.149918839521,1,1144.01529674,0.0304283115595,0.0257117980229
p90_minus_mean,Both,all,-0.129156114097,1,421.892763082,0.0305936828179,0.0257809880328
p90_minus_mean,Both,all,-0.0912636762147,1,36.4436021023,0.0307590540764,0.0257869647487
p90_minus_mean,Both,all,-0.0866979191825,1,104.663678674,0.0309244253349,0.025804129492
p90_minus_mean,Both,all,-0.0730416740384,1,70.1895857577,0.0310897965934,0.025815640517
p90_minus_mean,Both,all,-0.072322225729,1,1204.34947563,0.0312551678518,0.0260131526798
p90_minus_mean,Both,all,-0.0639997857506,1,9.32486834374,0.0314205391103,0.0260146819493
p90_minus_mean,Both,all,-0.0611577939774,1,427.606216194,0.0315859103688,0.02608480896
p90_minus_mean,Both,all,-0.057275667349,1,280.692888492,0.0317512816273,0.0261308423254
p90_minus_mean,Both,all,-0.0531694853372,1,2878.74152802,0.0319166528857,0.0266029531843
p90_minus_mean,Both,all,-0.051209088941,1,3340.43611781,0.0320820241442,0.0271507815147
p90_minus_mean,Both,all,-0.0401049251823,1,150.291211396,0.0322473954027,0.0271754291297
p90_minus_mean,Both,all,-0.0191590632496,1,125.340920052,0.0324127666612,0.0271959849208
p90_minus_mean,Both,all,-0.0160017415482,1,114.935900888,0.0325781379196,0.0272148342987
p90_minus_mean,Both,all,-0.0158696780317,1,1490.8204043,0.0327435091781,0.0274593274199
p90_minus_mean,Both,all,-0.0116682302691,1,102.908469096,0.0329088804366,0.0274762043105
p90_minus_mean,Both,all,-0.0106021744373,1,68.6919097795,0.0330742516951,0.0274874697181
p90_minus_mean,Both,all,-0.00936816362466,1,432.175498907,0.0332396229535,0.0275583460868
p90_minus_mean,Both,all,-0.00630969975765,1,38.844651751,0.033404994212,0.0275647165725
p90_minus_mean,Both,all,-0.00447740321098,1,1725.15239317,0.0335703654705,0.027847639916
p90_minus_mean,Both,all,-0.00142734693273,1,30.5527600899,0.033735736729,0.0278526505395
p90_minus_mean,Both,all,-0.000695434042939,1,1398.86004296,0.0339011079874,0.0280820622494
p90_minus_mean,Both,all,0,1627,390148.433185,0.302960145527,0.0920660323653
p90_minus_mean,Both,all,0.000180026500061,1,42.1239134766,0.303125516785,0.0920729406469
p90_minus_mean,Both,all,0.000381319669629,1,1219.22977787,0.303290888044,0.092272893165
p90_minus_mean,Both,all,0.000674601154827,1,2443.25075535,0.303456259302,0.0926735839535
p90_minus_mean,Both,all,0.00125069097999,1,184.583419704,0.303621630561,0.0927038554579
p90_minus_mean,Both,all,0.00282944499003,1,487.153365854,0.303787001819,0.0927837481442
p90_minus_mean,Both,all,0.00410431302501,1,89.9797837007,0.303952373078,0.0927985047428
p90_minus_mean,Both,all,0.00679882369394,1,200.633539637,0.304117744336,0.0928314084515
p90_minus_mean,Both,all,0.0070456400577,1,6.89338477301,0.304283115595,0.09283253896
p90_minus_mean,Both,all,0.00980715874744,1,56.5421698753,0.304448486853,0.0928418118218
p90_minus_mean,Both,all,0.0108198655148,1,956.293398411,0.304613858111,0.0929986430251
p90_minus_mean,Both,all,0.0112725818882,1,672.810123329,0.30477922937,0.0931089832422
p90_minus_mean,Both,all,0.0159451289031,1,183.058918878,0.304944600628,0.0931390047299
p90_minus_mean,Both,all,0.016629743693,1,25.081901818,0.305109971887,0.0931431181378
p90_minus_mean,Both,all,0.0181019605805,1,509.525803922,0.305275343145,0.0932266798826
p90_minus_mean,Both,all,0.027697572957,1,1165.51900722,0.305440714404,0.0934178238858
p90_minus_mean,Both,all,0.0374431937649,1,79.6807759887,0.305606085662,0.0934308914569
p90_minus_mean,Both,all,0.0412912631945,1,79.0162787882,0.305771456921,0.093443850051
p90_minus_mean,Both,all,0.0483509532608,1,0.473841595343,0.305936828179,0.0934439277606
p90_minus_mean,Both,all,0.0556707558008,1,26.8895284988,0.306102199438,0.0934483376176
p90_minus_mean,Both,all,0.0606357270947,1,74.0970415856,0.306267570696,0.0934604894616
p90_minus_mean,Both,all,0.0608890366888,1,804.416668225,0.306432941955,0.0935924130263
p90_minus_mean,Both,all,0.0659859118323,1,2412.47041346,0.306598313213,0.0939880558681
p90_minus_mean,Both,all,0.0691164834163,1,1723.33876171,0.306763684472,0.0942706817777
p90_minus_mean,Both,all,0.0834650248256,1,1051.97954552,0.30692905573,0.0944432054177
p90_minus_mean,Both,all,0.0838992151661,1,27.7577238205,0.307094426989,0.0944477576578
p90_minus_mean,Both,all,0.0872855503451,1,80.9520802112,0.307259798247,0.0944610337216
p90_minus_mean,Both,all,0.0896800945368,1,861.961866713,0.307425169506,0.0946023946438
p90_minus_mean,Both,all,0.0946334778745,1,2969.78050772,0.307590540764,0.0950894358084
p90_minus_mean,Both,all,0.11675483233,1,50.6640004246,0.307755912022,0.0950977446561
p90_minus_mean,Both,all,0.129903434689,1,518.718298545,0.307921283281,0.0951828139612
p90_minus_mean,Both,all,0.134355045194,1,1.82478022374,0.308086654539,0.0951831132234
p90_minus_mean,Both,all,0.158573131268,1,3640.52789536,0.308252025798,0.0957801563184
p90_minus_mean,Both,all,0.167155922778,1,1233.71755468,0.308417397056,0.0959824848181
p90_minus_mean,Both,all,0.194681881343,1,0.78120028503,0.308582768315,0.0959826129342
p90_minus_mean,Both,all,0.201626205168,1,6.9382771833,0.308748139573,0.0959837508051
p90_minus_mean,Both,all,0.21361719805,1,65.263101191,0.308913510832,0.0959944538913
p90_minus_mean,Both,all,0.228237605275,1,29.6215747626,0.30907888209,0.0959993118012
p90_minus_mean,Both,all,0.23044033772,1,455.793574449,0.309244253349,0.0960740615118
p90_minus_mean,Both,all,0.238828512677,1,91.3528953227,0.309409624607,0.0960890432993
p90_minus_mean,Both,all,0.250303231043,1,538.580644498,0.309574995866,0.0961773700102
p90_minus_mean,Both,all,0.258036602733,1,1456.19427071,0.309740367124,0.0964161844786
p90_minus_mean,Both,all,0.260035508711,1,246.231654551,0.309905738383,0.0964565662346
p90_minus_mean,Both,all,0.306675388228,1,97.8512128876,0.310071109641,0.09647261374
p90_minus_mean,Both,all,0.313832622041,1,138.780737246,0.3102364809,0.0964953736483
p90_minus_mean,Both,all,0.316805783099,1,106.556396117,0.310401852158,0.0965128487954
p90_minus_mean,Both,all,0.324541435674,1,833.171096168,0.310567223417,0.0966494880588
p90_minus_mean,Both,all,0.361524602395,1,96.763017934,0.310732594675,0.0966653571012
p90_minus_mean,Both,all,0.367495658252,1,3324.00168611,0.310897965934,0.0972104902005
p90_minus_mean,Both,all,0.367534585801,1,174.574901627,0.311063337192,0.0972391203175
p90_minus_mean,Both,all,0.373282758164,1,1520.81839348,0.31122870845,0.0974885330803
p90_minus_mean,Both,all,0.374346512649,1,99.6364821589,0.311394079709,0.0975048733681
p90_minus_mean,Both,all,0.375848647324,1,1447.82953595,0.311559450967,0.0977423160281
p90_minus_mean,Both,all,0.382542388409,1,1285.8511361,0.311724822226,0.0979531943853
p90_minus_mean,Both,all,0.392979165767,1,1776.41396584,0.311890193484,0.0982445245777
p90_minus_mean,Both,all,0.415458418396,1,2168.96058422,0.312055564743,0.0986002320403
p90_minus_mean,Both,all,0.416476579493,1,274.81586875,0.312220936001,0.0986453015801
p90_minus_mean,Both,all,0.427844224929,1,712.494838411,0.31238630726,0.0987621500526
p90_minus_mean,Both,all,0.430454664768,1,1078.8284447,0.312551678518,0.0989390768863
p90_minus_mean,Both,all,0.431287636585,1,4352.7379219,0.312717049777,0.0996529217449
p90_minus_mean,Both,all,0.436314201861,1,1575.46201416,0.312882421035,0.0999112960093
p90_minus_mean,Both,all,0.493384358323,1,59.5531463885,0.313047792294,0.0999210626684
p90_minus_mean,Both,all,0.497742124498,1,330.189304721,0.313213163552,0.0999752133987
p90_minus_mean,Both,all,0.507784045822,1,2008.48804086,0.313378534811,0.100304603518
p90_minus_mean,Both,all,0.52842180317,1,4.8919959937,0.313543906069,0.1003054058
p90_minus_mean,Both,all,0.53335867197,1,203.75706247,0.313709277328,0.100338821764
p90_minus_mean,Both,all,0.538355633029,1,171.859064719,0.313874648586,0.100367006486
p90_minus_mean,Both,all,0.541874266995,1,1088.75003035,0.314040019845,0.10054556045
p90_minus_mean,Both,all,0.564901924396,1,622.809670626,0.314205391103,0.100647700641
p90_minus_mean,Both,all,0.57732745743,1,77.1373265006,0.314370762362,0.100660351089
p90_minus_mean,Both,all,0.602904436636,1,272.665952911,0.31453613362,0.100705068045
p90_minus_mean,Both,all,0.645142602795,1,141.341445272,0.314701504878,0.100728247906
p90_minus_mean,Both,all,0.660180076155,1,334.402602444,0.314866876137,0.100783089614
p90_minus_mean,Both,all,0.661874172303,1,3865.07006154,0.315032247395,0.101416957409
p90_minus_mean,Both,all,0.663514016597,1,6.77135695119,0.315197618654,0.101418067905
p90_minus_mean,Both,all,0.685084003958,1,2871.8163167,0.315362989912,0.101889043036
p90_minus_mean,Both,all,0.693382287138,1,88.4272137671,0.315528361171,0.101903545015
p90_minus_mean,Both,all,0.698804175489,1,42.8049924296,0.315693732429,0.101910564993
p90_minus_mean,Both,all,0.699102853742,1,6.09794373204,0.315859103688,0.10191156505
p90_minus_mean,Both,all,0.71369252919,1,4.10642752519,0.316024474946,0.1019122385
p90_minus_mean,Both,all,0.71586913701,1,10.0102255332,0.316189846205,0.101913880167
p90_minus_mean,Both,all,0.718744313559,1,30.3189221375,0.316355217463,0.101918852441
p90_minus_mean,Both,all,0.732633465201,1,1225.30355722,0.316520588722,0.102119801054
p90_minus_mean,Both,all,0.747809190898,1,81.6670135707,0.31668595998,0.102133194366
p90_minus_mean,Both,all,0.756901123934,1,12.7463655575,0.316851331239,0.102135284757
p90_minus_mean,Both,all,0.793557627377,1,512.864406045,0.317016702497,0.10221939403
p90_minus_mean,Both,all,0.800544884857,1,624.444614363,0.317182073756,0.10232180235
p90_minus_mean,Both,all,0.803914445292,1,494.339332186,0.317347445014,0.102402873528
p90_minus_mean,Both,all,0.808655370783,1,33.6849125817,0.317512816273,0.102408397821
p90_minus_mean,Both,all,0.80909977093,1,2489.1569724,0.317678187531,0.102816617185
p90_minus_mean,Both,all,0.817154554996,1,43.1694568434,0.317843558789,0.102823696935
p90_minus_mean,Both,all,0.823577399919,1,9.98223886045,0.318008930048,0.102825334013
p90_minus_mean,Both,all,0.843109764075,1,18.4493891068,0.318174301306,0.102828359695
p90_minus_mean,Both,all,0.858654733428,1,602.087014837,0.318339672565,0.10292710139
p90_minus_mean,Both,all,0.873125980926,1,24.4081098553,0.318505043823,0.102931104296
p90_minus_mean,Both,all,0.876053770238,1,38.8178891212,0.318670415082,0.102937470393
p90_minus_mean,Both,all,0.914420471713,1,1276.42580753,0.31883578634,0.103146803005
p90_minus_mean,Both,all,0.9350035373,1,1874.94929289,0.319001157599,0.103454292897
p90_minus_mean,Both,all,0.94409314742,1,209.611420466,0.319166528857,0.10348866897
p90_minus_mean,Both,all,0.955313701256,1,1052.33272906,0.319331900116,0.103661250532
p90_minus_mean,Both,all,0.965651581039,1,2476.84701052,0.319497271374,0.104067451074
p90_minus_mean,Both,all,0.972424189131,1,76.3910071786,0.319662642633,0.104079979126
p90_minus_mean,Both,all,0.973958399667,1,0.735908178759,0.319828013891,0.104080099814
p90_minus_mean,Both,all,0.999506729905,1,739.647266381,0.31999338515,0.104201401259
p90_minus_mean,Both,all,1.0015109217,1,495.670973478,0.320158756408,0.104282690825
p90_minus_mean,Both,all,1.0044663151,1,440.048274827,0.320324127667,0.104354858321
p90_minus_mean,Both,all,1.06050166855,1,139,0.320489498925,0.104377654188
p90_minus_mean,Both,all,1.06248486748,1,1667.31928523,0.320654870184,0.104651092957
p90_minus_mean,Both,all,1.07800031826,1,62.1682838907,0.320820241442,0.104661288497
p90_minus_mean,Both,all,1.08540438037,1,1763.34186215,0.320985612701,0.104950474876
p90_minus_mean,Both,all,1.08995443576,1,10.0703753387,0.321150983959,0.104952126408
p90_minus_mean,Both,all,1.0902467984,1,240.165472007,0.321316355217,0.104991513316
p90_minus_mean,Both,all,1.09184563842,1,60.0770414626,0.321481726476,0.105001365894
p90_minus_mean,Both,all,1.10434028594,1,1380.44168743,0.321647097734,0.105227757011
p90_minus_mean,Both,all,1.10508568012,1,813.479869455,0.321812468993,0.105361166932
p90_minus_mean,Both,all,1.12359720213,1,1267.25540902,0.321977840251,0.105568995608
p90_minus_mean,Both,all,1.13364958407,1,639.689964634,0.32214321151,0.10567390415
p90_minus_mean,Both,all,1.13565459551,1,558.711454483,0.322308582768,0.105765532295
p90_minus_mean,Both,all,1.13635994848,1,6.38452751531,0.322473954027,0.105766579351
p90_minus_mean,Both,all,1.14551285779,1,331.813676868,0.322639325285,0.105820996477
p90_minus_mean,Both,all,1.16206715257,1,495.38739028,0.322804696544,0.105902239536
p90_minus_mean,Both,all,1.1652672044,1,1196.17979233,0.322970067802,0.106098411878
p90_minus_mean,Both,all,1.19064933205,1,2180.39586862,0.323135439061,0.106455994716
p90_minus_mean,Both,all,1.20982259687,1,1247.86256893,0.323300810319,0.106660642985
p90_minus_mean,Both,all,1.22551825726,1,3.10229705995,0.323466181578,0.106661151759
p90_minus_mean,Both,all,1.23032268634,1,646.024673538,0.323631552836,0.106767099188
p90_minus_mean,Both,all,1.24299543044,1,2671.40037356,0.323796924095,0.107205206295
p90_minus_mean,Both,all,1.2538962862,1,7.93916731246,0.323962295353,0.107206508311
p90_minus_mean,Both,all,1.25645049399,1,777.994794755,0.324127666612,0.107334098714
p90_minus_mean,Both,all,1.29200098146,1,3074.36883551,0.32429303787,0.107838292264
p90_minus_mean,Both,all,1.30007298298,1,967.159466847,0.324458409128,0.107996905492
p90_minus_mean,Both,all,1.32264473436,1,24.2624274279,0.324623780387,0.108000884507
p90_minus_mean,Both,all,1.33553700302,1,327.075307883,0.324789151645,0.108054524545
p90_minus_mean,Both,all,1.34064152209,1,10.1793820449,0.324954522904,0.108056193954
p90_minus_mean,Both,all,1.37681326442,1,0.299041856097,0.325119894162,0.108056242997
p90_minus_mean,Both,all,1.37877074985,1,1118.20528859,0.325285265421,0.108239627595
p90_minus_mean,Both,all,1.39937219559,1,1061.13039866,0.325450636679,0.108413651966
p90_minus_mean,Both,all,1.43338600669,1,5.11049924351,0.325616007938,0.108414490083
p90_minus_mean,Both,all,1.44072105398,1,190.719516684,0.325781379196,0.108445767902
p90_minus_mean,Both,all,1.45434618478,1,808.542222712,0.325946750455,0.108578368053
p90_minus_mean,Both,all,1.4852313312,1,2426.58222397,0.326112121713,0.108976325219
p90_minus_mean,Both,all,1.54124076034,1,918.486267347,0.326277492972,0.109126956089
p90_minus_mean,Both,all,1.55142977306,1,209.390621493,0.32644286423,0.10916129595
p90_minus_mean,Both,all,1.5814883877,1,848.839834529,0.326608235489,0.109300504872
p90_minus_mean,Both,all,1.58363026968,1,366.003450621,0.326773606747,0.109360529088
p90_minus_mean,Both,all,1.58927469692,1,19.0222709704,0.326938978006,0.109363648722
p90_minus_mean,Both,all,1.59910286446,1,3.16937607493,0.327104349264,0.109364168497
p90_minus_mean,Both,all,1.61994032183,1,83.8964184719,0.327269720523,0.109377927429
p90_minus_mean,Both,all,1.67279932853,1,3401.38819645,0.327435091781,0.109935751842
p90_minus_mean,Both,all,1.69280482214,1,73.838445248,0.32760046304,0.109947861277
p90_minus_mean,Both,all,1.69788562489,1,1904.10596998,0.327765834298,0.110260132836
p90_minus_mean,Both,all,1.70243562166,1,98.2353527372,0.327931205556,0.11027624334
p90_minus_mean,Both,all,1.73956389159,1,30.9641514468,0.328096576815,0.110281321431
p90_minus_mean,Both,all,1.74200817547,1,18.6572856143,0.328261948073,0.110284381208
p90_minus_mean,Both,all,1.76141884017,1,5.02844920263,0.328427319332,0.110285205869
p90_minus_mean,Both,all,1.77165960597,1,32.5681518902,0.32859269059,0.110290547015
p90_minus_mean,Both,all,1.77200702558,1,90.404847567,0.328758061849,0.110305373323
p90_minus_mean,Both,all,1.80582644413,1,73.8937187539,0.328923433107,0.110317491822
p90_minus_mean,Both,all,1.81581713361,1,1822.28126947,0.329088804366,0.110616344209
p90_minus_mean,Both,all,1.82248709197,1,16.6435229601,0.329254175624,0.110619073731
p90_minus_mean,Both,all,1.83007607307,1,93.6642292291,0.329419546883,0.110634434575
p90_minus_mean,Both,all,1.85893523753,1,335.150788089,0.329584918141,0.110689398983
p90_minus_mean,Both,all,1.87545899369,1,284.584873393,0.3297502894,0.110736070631
p90_minus_mean,Both,all,1.88952051757,1,2058.23171617,0.329915660658,0.111073618665
p90_minus_mean,Both,all,1.89810042316,1,372.055695918,0.330081031917,0.111134635443
p90_minus_mean,Both,all,1.90716752885,1,2405.75346915,0.330246403175,0.111529176713
p90_minus_mean,Both,all,1.91719963137,1,3056.96348624,0.330411774434,0.112030515802
p90_minus_mean,Both,all,1.96110192012,1,2869.02943695,0.330577145692,0.112501033888
p90_minus_mean,Both,all,2.00911189114,1,88.2166853317,0.330742516951,0.11251550134
p90_minus_mean,Both,all,2.01739293283,1,809.472311998,0.330907888209,0.112648254025
p90_minus_mean,Both,all,2.03253542262,1,3248.04346285,0.331073259468,0.113180930048
p90_minus_mean,Both,all,2.05005550798,1,1500.78120392,0.331238630726,0.113427056731
p90_minus_mean,Both,all,2.05773535243,1,2166.75080594,0.331404001984,0.113782401792
p90_minus_mean,Both,all,2.07337708722,1,2102.41007031,0.331569373243,0.114127195034
p90_minus_mean,Both,all,2.0765129269,1,1546.52353472,0.331734744501,0.114380823416
p90_minus_mean,Both,all,2.08586125209,1,8.44477394451,0.33190011576,0.114382208351
p90_minus_mean,Both,all,2.10420407041,1,681.416228717,0.332065487018,0.114493959961
p90_minus_mean,Both,all,2.11230109597,1,46.1209736474,0.332230858277,0.114501523756
p90_minus_mean,Both,all,2.13873353175,1,1.30523373174,0.332396229535,0.114501737813
p90_minus_mean,Both,all,2.16160334656,1,114.173802934,0.332561600794,0.114520462208
p90_minus_mean,Both,all,2.18967135793,1,10.7748126352,0.332726972052,0.114522229267
p90_minus_mean,Both,all,2.21419238994,1,18.7675431652,0.332892343311,0.114525307126
p90_minus_mean,Both,all,2.22498056544,1,306.451881637,0.333057714569,0.114575564942
p90_minus_mean,Both,all,2.24517773428,1,464.978090159,0.333223085828,0.114651820904
p90_minus_mean,Both,all,2.2527000244,1,1375.80957968,0.333388457086,0.11487745236
p90_minus_mean,Both,all,2.2572037346,1,1216.86416111,0.333553828345,0.115077016919
p90_minus_mean,Both,all,2.35083010079,1,20.722512473,0.333719199603,0.115080415392
p90_minus_mean,Both,all,2.37164017307,1,1202.98122919,0.333884570862,0.115277703163
p90_minus_mean,Both,all,2.38552000461,1,1572.36554762,0.33404994212,0.11553556961
p90_minus_mean,Both,all,2.40873991944,1,1459.28581302,0.334215313379,0.115774891089
p90_minus_mean,Both,all,2.43518347509,1,375.912397383,0.334380684637,0.115836540362
p90_minus_mean,Both,all,2.4486676003,1,3362.32403262,0.334546055895,0.11638795829
p90_minus_mean,Both,all,2.45296595038,1,4789.94990318,0.334711427154,0.117173505496
p90_minus_mean,Both,all,2.45768355241,1,138.607556726,0.334876798412,0.117196237002
p90_minus_mean,Both,all,2.48345833103,1,504.919733131,0.335042169671,0.117279043356
p90_minus_mean,Both,all,2.48863189056,1,2020.83975351,0.335207540929,0.117610459144
p90_minus_mean,Both,all,2.49480931995,1,2055.78837339,0.335372912188,0.117947606472
p90_minus_mean,Both,all,2.51991251047,1,1253.61171531,0.335538283446,0.118153197595
p90_minus_mean,Both,all,2.52566205441,1,2915.23023955,0.335703654705,0.118631292568
p90_minus_mean,Both,all,2.55527581678,1,3020.88387315,0.335869025963,0.119126714636
p90_minus_mean,Both,all,2.57451109378,1,574.012232944,0.336034397222,0.119220852093
p90_minus_mean,Both,all,2.57616636382,1,925.26252033,0.33619976848,0.119372594262
p90_minus_mean,Both,all,2.6422157481,1,82.4681099698,0.336365139739,0.119386118953
p90_minus_mean,Both,all,2.66150920409,1,124.647045109,0.336530510997,0.119406560949
p90_minus_mean,Both,all,2.66583523167,1,227.817052241,0.336695882256,0.119443922728
p90_minus_mean,Both,all,2.6740577787,1,20.0815134521,0.336861253514,0.119447216077
p90_minus_mean,Both,all,2.69040704117,1,1265.73661399,0.337026624773,0.119654795672
p90_minus_mean,Both,all,2.69547414408,1,678.762940873,0.337191996031,0.119766112146
p90_minus_mean,Both,all,2.69694608492,1,4.08479784912,0.33735736729,0.119766782049
p90_minus_mean,Both,all,2.73685252489,1,1090.89903823,0.337522738548,0.119945688448
p90_minus_mean,Both,all,2.78189877805,1,1714.98901177,0.337688109807,0.120226945007
p90_minus_mean,Both,all,2.80208450013,1,1834.26762075,0.337853481065,0.120527763143
p90_minus_mean,Both,all,2.83277041565,1,79.2342537199,0.338018852323,0.120540757485
p90_minus_mean,Both,all,2.85432262308,1,491.191832356,0.338184223582,0.120621312476
p90_minus_mean,Both,all,2.85924339452,1,43.5993513038,0.33834959484,0.120628462728
p90_minus_mean,Both,all,2.86277683072,1,38.0401219298,0.338514966099,0.120634701272
p90_minus_mean,Both,all,2.87524196472,1,1137.9114816,0.338680337357,0.120821317667
p90_minus_mean,Both,all,2.88969039109,1,18.104269178,0.338845708616,0.12082428675
p90_minus_mean,Both,all,2.89221231235,1,2357.84205139,0.339011079874,0.121210970592
p90_minus_mean,Both,all,2.92303676576,1,207.96575343,0.339176451133,0.121245076777
p90_minus_mean,Both,all,2.93249099754,1,307.412428334,0.339341822391,0.121295492122
p90_minus_mean,Both,all,2.93273524469,1,140.112993272,0.33950719365,0.121318470519
p90_minus_mean,Both,all,2.94175523893,1,335.515088924,0.339672564908,0.121373494672
p90_minus_mean,Both,all,2.94520032743,1,438.794583912,0.339837936167,0.121445456565
p90_minus_mean,Both,all,2.94964077583,1,35.0604336014,0.340003307425,0.121451206442
p90_minus_mean,Both,all,2.96421234271,1,3.94511160294,0.340168678684,0.121451853437
p90_minus_mean,Both,all,2.98047565264,1,0.448701799937,0.340334049942,0.121451927024
p90_minus_mean,Both,all,2.99450061962,1,64.8832879696,0.340499421201,0.121462567821
p90_minus_mean,Both,all,3.04042076361,1,3866.08364791,0.340664792459,0.122096601844
p90_minus_mean,Both,all,3.04378075003,1,84.1714333268,0.340830163718,0.122110405878
p90_minus_mean,Both,all,3.05995269384,1,33.4042850031,0.340995534976,0.122115884149
p90_minus_mean,Both,all,3.09677771586,1,793.741121307,0.341160906234,0.122246056934
p90_minus_mean,Both,all,3.11958603359,1,2484.37736396,0.341326277493,0.122653492447
p90_minus_mean,Both,all,3.12335834907,1,72.9731948797,0.341491648751,0.122665459981
p90_minus_mean,Both,all,3.12975381873,1,2130.63439431,0.34165702001,0.123014881986
p90_minus_mean,Both,all,3.15691980725,1,60.2951937376,0.341822391268,0.12302477034
p90_minus_mean,Both,all,3.17151656278,1,1170.50000888,0.341987762527,0.123216731222
p90_minus_mean,Both,all,3.18794869845,1,303.161009324,0.342153133785,0.123266449338
p90_minus_mean,Both,all,3.1988574141,1,1927.66666197,0.342318505044,0.123582584828
p90_minus_mean,Both,all,3.21552616587,1,3404.04160948,0.342483876302,0.124140844398
p90_minus_mean,Both,all,3.21621808058,1,413.818018816,0.342649247561,0.124208710158
p90_minus_mean,Both,all,3.23002673275,1,831.412779363,0.342814618819,0.124345061059
p90_minus_mean,Both,all,3.24044674783,1,27.2948552443,0.342979990078,0.124349537389
p90_minus_mean,Both,all,3.27724150744,1,9.78287489846,0.343145361336,0.124351141771
p90_minus_mean,Both,all,3.33553136044,1,324.613047979,0.343310732595,0.124404378001
p90_minus_mean,Both,all,3.35744944471,1,213.904380408,0.343476103853,0.124439458115
p90_minus_mean,Both,all,3.39019061627,1,37.6339713803,0.343641475112,0.12444563005
p90_minus_mean,Both,all,3.41392928321,1,317.895013011,0.34380684637,0.124497764528
p90_minus_mean,Both,all,3.44086350933,1,0.163501184672,0.343972217629,0.124497791342
p90_minus_mean,Both,all,3.45372247546,1,2254.06308249,0.344137588887,0.124867455533
p90_minus_mean,Both,all,3.46693650259,1,3653.29802283,0.344302960146,0.125466592917
p90_minus_mean,Both,all,3.50915273617,1,3115.30348269,0.344468331404,0.12597749971
p90_minus_mean,Both,all,3.52905654157,1,90.3311174249,0.344633702662,0.125992313927
p90_minus_mean,Both,all,3.54072424529,1,1.18353628838,0.344799073921,0.125992508026
p90_minus_mean,Both,all,3.56023329992,1,39.4544859187,0.344964445179,0.125998978524
p90_minus_mean,Both,all,3.59232187485,1,15.8799720938,0.345129816438,0.126001582824
p90_minus_mean,Both,all,3.59447853319,1,705.90999453,0.345295187696,0.126117351389
p90_minus_mean,Both,all,3.60503992842,1,4305.71332103,0.345460558955,0.126823484258
p90_minus_mean,Both,all,3.60730479916,1,1048.73273593,0.345625930213,0.126995475424
p90_minus_mean,Both,all,3.61118152517,1,2559.66328345,0.345791301472,0.127415257756
p90_minus_mean,Both,all,3.61903054334,1,918.759290984,0.34595667273,0.127565933401
p90_minus_mean,Both,all,3.63913060115,1,26.0399851028,0.346122043989,0.127570203934
p90_minus_mean,Both,all,3.66208976367,1,14.5201855966,0.346287415247,0.12757258523
p90_minus_mean,Both,all,3.68233604565,1,805.94051334,0.346452786506,0.127704758704
p90_minus_mean,Both,all,3.69624099147,1,61.5838167159,0.346618157764,0.127714858391
p90_minus_mean,Both,all,3.75670208188,1,6.54094585812,0.346783529023,0.1277159311
p90_minus_mean,Both,all,3.75761601828,1,340.631639411,0.346948900281,0.127771794364
p90_minus_mean,Both,all,3.77409650185,1,416.674879075,0.34711427154,0.127840128645
p90_minus_mean,Both,all,3.79338158887,1,3095.35886261,0.347279642798,0.12834776454
p90_minus_mean,Both,all,3.79346165322,1,171.738978729,0.347445014057,0.128375929569
p90_minus_mean,Both,all,3.79785926819,1,1557.77239493,0.347610385315,0.128631402752
p90_minus_mean,Both,all,3.85864808169,1,80.1903871362,0.347775756574,0.128644553899
p90_minus_mean,Both,all,3.87615447337,1,2642.06281242,0.347941127832,0.129077849675
p90_minus_mean,Both,all,3.92398055885,1,6.28311680096,0.34810649909,0.1290788801
p90_minus_mean,Both,all,3.93785503985,1,126.248114106,0.348271870349,0.12909958467
p90_minus_mean,Both,all,3.95219885864,1,199.389086597,0.348437241607,0.12913228429
p90_minus_mean,Both,all,3.96260134931,1,153.800723696,0.348602612866,0.129157507461
p90_minus_mean,Both,all,3.96925842833,1,35.9184301762,0.348767984124,0.12916339805
p90_minus_mean,Both,all,3.9846423045,1,7.45561819296,0.348933355383,0.129164620764
p90_minus_mean,Both,all,3.98503397837,1,196.173963787,0.349098726641,0.129196793106
p90_minus_mean,Both,all,4.02111706481,1,2177.84092918,0.3492640979,0.129553956937
p90_minus_mean,Both,all,4.04829692172,1,1921.6711897,0.349429469158,0.129869109175
p90_minus_mean,Both,all,4.06374167068,1,385.26743679,0.349594840417,0.129932292667
p90_minus_mean,Both,all,4.14612919772,1,1168.4233159,0.349760211675,0.130123912974
p90_minus_mean,Both,all,4.18832266526,1,1772.36088451,0.349925582934,0.130414578465
p90_minus_mean,Both,all,4.1934917809,1,2045.03827203,0.350090954192,0.130749962786
p90_minus_mean,Both,all,4.22417305509,1,344.495284868,0.350256325451,0.130806459684
p90_minus_mean,Both,all,4.2375057119,1,114.396095448,0.350421696709,0.130825220534
p90_minus_mean,Both,all,4.24362042498,1,412.317934575,0.350587067968,0.130892840281
p90_minus_mean,Both,all,4.25562894875,1,154.252156588,0.350752439226,0.130918137488
p90_minus_mean,Both,all,4.29538569333,1,195.300176419,0.350917810485,0.13095016653
p90_minus_mean,Both,all,4.33639511157,1,820.617284076,0.351083181743,0.13108474698
p90_minus_mean,Both,all,4.35646613958,1,98.206371853,0.351248553001,0.131100852731
p90_minus_mean,Both,all,4.36160384137,1,119.605987422,0.35141392426,0.131120467999
p90_minus_mean,Both,all,4.36910533081,1,1430.15140319,0.351579295518,0.131355011462
p90_minus_mean,Both,all,4.40388153304,1,31.6190883274,0.351744666777,0.131360196962
p90_minus_mean,Both,all,4.45429297508,1,2667.19560293,0.351910038035,0.131797614492
p90_minus_mean,Both,all,4.47192649511,1,392.476529061,0.352075409294,0.131861980267
p90_minus_mean,Both,all,4.4856546201,1,674.864570875,0.352240780552,0.131972657412
p90_minus_mean,Both,all,4.49020732785,1,2100.36420753,0.352406151811,0.132317115134
p90_minus_mean,Both,all,4.50229639943,1,534.593844081,0.352571523069,0.132404788014
p90_minus_mean,Both,all,4.50903606633,1,1243.30016266,0.352736894328,0.132608688052
p90_minus_mean,Both,all,4.51194222008,1,25.3141129341,0.352902265586,0.132612839542
p90_minus_mean,Both,all,4.54935718612,1,265.348202695,0.353067636845,0.132656356394
p90_minus_mean,Both,all,4.58602798222,1,657.128131507,0.353233008103,0.132764124779
p90_minus_mean,Both,all,4.59474901004,1,470.059113728,0.353398379362,0.132841214025
p90_minus_mean,Both,all,4.6548882894,1,3107.57348765,0.35356375062,0.133350853106
p90_minus_mean,Both,all,4.66096281864,1,1683.02093113,0.353729121879,0.13362686693
p90_minus_mean,Both,all,4.69643284809,1,7.0476310132,0.353894493137,0.133628022735
p90_minus_mean,Both,all,4.70483528664,1,1801.161576,0.354059864396,0.133923411512
p90_minus_mean,Both,all,4.70711504956,1,624.893787218,0.354225235654,0.134025893495
p90_minus_mean,Both,all,4.73815198914,1,39.1882654224,0.354390606913,0.134032320333
p90_minus_mean,Both,all,4.81679554235,1,11.1251830752,0.354555978171,0.134034144853
p90_minus_mean,Both,all,4.82350137268,1,679.573948558,0.354721349429,0.134145594331
p90_minus_mean,Both,all,4.83653643673,1,775.735233584,0.354886720688,0.134272814168
p90_minus_mean,Both,all,4.85566017934,1,3239.48265386,0.355052091946,0.134804086226
p90_minus_mean,Both,all,4.87455126602,1,807.382612774,0.355217463205,0.134936496203
p90_minus_mean,Both,all,4.8806445973,1,1157.66536938,0.355382834463,0.135126352217
p90_minus_mean,Both,all,4.89340030754,1,1157.50345745,0.355548205722,0.135316181678
p90_minus_mean,Both,all,4.89399562862,1,406.390527605,0.35571357698,0.135382829336
p90_minus_mean,Both,all,4.96217792416,1,113.230422254,0.355878948239,0.135401399017
p90_minus_mean,Both,all,4.96280020502,1,115.210574073,0.356044319497,0.135420293441
p90_minus_mean,Both,all,4.96584634288,1,111.195946942,0.356209690756,0.13543852947
p90_minus_mean,Both,all,4.99936446056,1,2.62083784505,0.356375062014,0.135438959285
p90_minus_mean,Both,all,5.00018683297,1,689.396239822,0.356540433273,0.135552019609
p90_minus_mean,Both,all,5.0413825363,1,191.408846052,0.356705804531,0.135583410477
p90_minus_mean,Both,all,5.09593085472,1,401.912762684,0.35687117579,0.135649323786
p90_minus_mean,Both,all,5.09993637904,1,2283.57607893,0.357036547048,0.13602382808
p90_minus_mean,Both,all,5.11415808638,1,1790.88448585,0.357201918307,0.136317531424
p90_minus_mean,Both,all,5.12225615152,1,2372.9967906,0.357367289565,0.136706700629
p90_minus_mean,Both,all,5.13663684531,1,519.736236723,0.357532660824,0.136791936875
p90_minus_mean,Both,all,5.15497046521,1,551.683872998,0.357698032082,0.136882412503
p90_minus_mean,Both,all,5.15698239351,1,2970.46631105,0.35786340334,0.137369566139
p90_minus_mean,Both,all,5.15945508028,1,282.772631926,0.358028774599,0.13741594058
p90_minus_mean,Both,all,5.16313026411,1,946.612972594,0.358194145857,0.137571184203
p90_minus_mean,Both,all,5.1652639095,1,37.9999682396,0.358359517116,0.137577416161
p90_minus_mean,Both,all,5.1741873999,1,2.27590852336,0.358524888374,0.137577789408
p90_minus_mean,Both,all,5.17981706415,1,18.4099590769,0.358690259633,0.137580808624
p90_minus_mean,Both,all,5.18934628317,1,28.0922199835,0.358855630891,0.137585415721
p90_minus_mean,Both,all,5.19728421212,1,13.137153574,0.35902100215,0.137587570202
p90_minus_mean,Both,all,5.21128415867,1,415.702433272,0.359186373408,0.137655745003
p90_minus_mean,Both,all,5.24970052065,1,3506.96975616,0.359351744667,0.138230884691
p90_minus_mean,Both,all,5.27573081774,1,73.1104715012,0.359517115925,0.138242874739
p90_minus_mean,Both,all,5.2989474196,1,50.3368755303,0.359682487184,0.138251129938
p90_minus_mean,Both,all,5.30468773744,1,49.8434988605,0.359847858442,0.138259304224
p90_minus_mean,Both,all,5.34925626708,1,3.31894151944,0.360013229701,0.138259848528
p90_minus_mean,Both,all,5.37398859242,1,1392.29505135,0.360178600959,0.138488183585
p90_minus_mean,Both,all,5.38478438876,1,104.672911141,0.360343972218,0.138505349843
p90_minus_mean,Both,all,5.38580619306,1,165.528620548,0.360509343476,0.138532496378
p90_minus_mean,Both,all,5.45796295111,1,38.8591366011,0.360674714735,0.138538869239
p90_minus_mean,Both,all,5.5153088317,1,276.005589974,0.360840085993,0.138584133892
p90_minus_mean,Both,all,5.5225120948,1,474.154579195,0.361005457252,0.13866189479
p90_minus_mean,Both,all,5.53058181126,1,112.357064402,0.36117082851,0.138680321241
p90_minus_mean,Both,all,5.54194903976,1,1495.54507851,0.361336199768,0.138925589205
p90_minus_mean,Both,all,5.54687463746,1,1454.61770982,0.361501571027,0.139164145119
p90_minus_mean,Both,all,5.62056046337,1,2911.17338882,0.361666942285,0.139641574772
p90_minus_mean,Both,all,5.62228007211,1,664.772007793,0.361832313544,0.139750596746
p90_minus_mean,Both,all,5.63715414326,1,573.599038708,0.361997684802,0.13984466644
p90_minus_mean,Both,all,5.6455222272,1,99.2664379871,0.362163056061,0.139860946041
p90_minus_mean,Both,all,5.66007711312,1,342.080230714,0.362328427319,0.139917046871
p90_minus_mean,Both,all,5.66621135074,1,62.0047702845,0.362493798578,0.139927215594
p90_minus_mean,Both,all,5.66807598152,1,4307.91610161,0.362659169836,0.140633709717
p90_minus_mean,Both,all,5.70039031985,1,47.0550522584,0.362824541095,0.140641426701
p90_minus_mean,Both,all,5.70482306371,1,12.1862321686,0.362989912353,0.140643425231
p90_minus_mean,Both,all,5.75180111936,1,695.038641523,0.363155283612,0.140757410904
p90_minus_mean,Both,all,5.75549489604,1,48.6296717367,0.36332065487,0.140765386124
p90_minus_mean,Both,all,5.78331502018,1,51.3950077064,0.363486026129,0.140773814856
p90_minus_mean,Both,all,5.78595697234,1,3310.25092645,0.363651397387,0.141316692844
p90_minus_mean,Both,all,5.81268500832,1,430.695582888,0.363816768646,0.141387326508
p90_minus_mean,Both,all,5.83029884288,1,83.619567897,0.363982139904,0.141401040037
p90_minus_mean,Both,all,5.88993150267,1,1256.98105549,0.364147511163,0.141607183729
p90_minus_mean,Both,all,5.89695239092,1,7.7592358334,0.364312882421,0.141608456236
p90_minus_mean,Both,all,5.90553804482,1,983.855714738,0.36447825368,0.141769807633
p90_minus_mean,Both,all,5.91768517761,1,2.74537489184,0.364643624938,0.141770257872
p90_minus_mean,Both,all,5.93947107627,1,927.218615455,0.364808996196,0.141922320838
p90_minus_mean,Both,all,5.93983124886,1,30.1897616731,0.364974367455,0.14192727193
p90_minus_mean,Both,all,5.99369729447,1,408.039239179,0.365139738713,0.141994189975
p90_minus_mean,Both,all,6.02710566959,1,216.996233953,0.365305109972,0.14202977715
p90_minus_mean,Both,all,6.07483101249,1,17.306956529,0.36547048123,0.142032615475
p90_minus_mean,Both,all,6.11217598404,1,349.070004922,0.365635852489,0.142089862622
p90_minus_mean,Both,all,6.1378334442,1,1.0820443681,0.365801223747,0.142090040076
p90_minus_mean,Both,all,6.15604007119,1,27.9107367182,0.365966595006,0.14209461741
p90_minus_mean,Both,all,6.16763319191,1,1563.44493333,0.366131966264,0.142351020885
p90_minus_mean,Both,all,6.17142720294,1,233.335941461,0.366297337523,0.142389287756
p90_minus_mean,Both,all,6.21310187382,1,1585.59680901,0.366462708781,0.142649324117
p90_minus_mean,Both,all,6.23373498146,1,300.864510642,0.36662808004,0.142698665609
p90_minus_mean,Both,all,6.23481368675,1,37.9950141392,0.366793451298,0.142704896755
p90_minus_mean,Both,all,6.23827337379,1,470.834359892,0.366958822557,0.14278211314
p90_minus_mean,Both,all,6.25046525212,1,257.157468164,0.367124193815,0.142824286719
p90_minus_mean,Both,all,6.27249364235,1,649.35236765,0.367289565074,0.142930779887
p90_minus_mean,Both,all,6.29693196625,1,91.5231351885,0.367454936332,0.142945789594
p90_minus_mean,Both,all,6.3213027757,1,246.596211577,0.367620307591,0.142986231137
p90_minus_mean,Both,all,6.32747425815,1,1322.46318905,0.367785678849,0.143203113836
p90_minus_mean,Both,all,6.35492913626,1,92.3500710917,0.367951050107,0.143218259159
p90_minus_mean,Both,all,6.35681559349,1,2335.73916605,0.368116421366,0.14360131815
p90_minus_mean,Both,all,6.36936036326,1,3887.15842821,0.368281792624,0.144238808416
p90_minus_mean,Both,all,6.38260175301,1,1006.0958368,0.368447163883,0.144403807172
p90_minus_mean,Both,all,6.38736493401,1,19.192199107,0.368612535141,0.144406954674
p90_minus_mean,Both,all,6.44860320938,1,1244.42765561,0.3687779064,0.14461103962
p90_minus_mean,Both,all,6.45581915823,1,916.783421643,0.368943277658,0.144761391225
p90_minus_mean,Both,all,6.45637310733,1,4166.92258531,0.369108648917,0.145444762546
p90_minus_mean,Both,all,6.48935220183,1,16.0484148275,0.369274020175,0.145447394471
p90_minus_mean,Both,all,6.50455945358,1,12.747632777,0.369439391434,0.14544948507
p90_minus_mean,Both,all,6.53328974342,1,90.6711446054,0.369604762692,0.145464355051
p90_minus_mean,Both,all,6.54455822739,1,83.1388832917,0.369770133951,0.145477989749
p90_minus_mean,Both,all,6.55315925474,1,972.063613225,0.369935505209,0.145637407252
p90_minus_mean,Both,all,6.56577611862,1,6.79913038378,0.370100876468,0.145638522303
p90_minus_mean,Both,all,6.56730954414,1,1150.96766367,0.370266247726,0.1458272799
p90_minus_mean,Both,all,6.57155126597,1,8.93255168477,0.370431618985,0.14582874483
p90_minus_mean,Both,all,6.60786927608,1,2062.14205184,0.370596990243,0.146166934155
p90_minus_mean,Both,all,6.62332777733,1,20.3378657021,0.370762361502,0.146170269546
p90_minus_mean,Both,all,6.62832289697,1,1057.2048817,0.37092773276,0.146343650136
p90_minus_mean,Both,all,6.64807622542,1,6.22237083105,0.371093104019,0.146344670598
p90_minus_mean,Both,all,6.65561228261,1,1047.91754255,0.371258475277,0.146516528074
p90_minus_mean,Both,all,6.66664253008,1,125.836096622,0.371423846535,0.146537165073
p90_minus_mean,Both,all,6.67628825336,1,691.461384886,0.371589217794,0.14665056408
p90_minus_mean,Both,all,6.6883199192,1,10.3945525257,0.371754589052,0.146652268776
p90_minus_mean,Both,all,6.6950139305,1,2536.64643991,0.371919960311,0.147068276368
p90_minus_mean,Both,all,6.70045830574,1,1410.82688901,0.372085331569,0.147299650629
p90_minus_mean,Both,all,6.7294792487,1,6.45424872809,0.372250702828,0.14730070912
p90_minus_mean,Both,all,6.73744415945,1,2052.23839518,0.372416074086,0.147637274255
p90_minus_mean,Both,all,6.73772964542,1,343.287781214,0.372581445345,0.147693573123
p90_minus_mean,Both,all,6.73856652838,1,7.46942233994,0.372746816603,0.147694798101
p90_minus_mean,Both,all,6.74376662639,1,2013.60431027,0.372912187862,0.148025027283
p90_minus_mean,Both,all,6.7680526043,1,2118.92776363,0.37307755912,0.148372529411
p90_minus_mean,Both,all,6.82143515125,1,367.2502963,0.373242930379,0.148432758108
p90_minus_mean,Both,all,6.82154669646,1,2151.6181742,0.373408301637,0.148785621432
p90_minus_mean,Both,all,6.84349063729,1,23.5155522704,0.373573672896,0.14878947796
p90_minus_mean,Both,all,6.87326396892,1,33.0965367235,0.373739044154,0.148794905761
p90_minus_mean,Both,all,6.88493826302,1,1066.41108971,0.373904415413,0.14896979616
p90_minus_mean,Both,all,6.8938289038,1,357.827557711,0.374069786671,0.149028479538
p90_minus_mean,Both,all,6.9314512466,1,195.408849284,0.37423515793,0.149060526402
p90_minus_mean,Both,all,6.93965329777,1,1649.79357553,0.374400529188,0.149331090972
p90_minus_mean,Both,all,6.96129568134,1,919.760781901,0.374565900447,0.149481930861
p90_minus_mean,Both,all,6.96478789521,1,1210.50978114,0.374731271705,0.149680453308
p90_minus_mean,Both,all,7.01917251576,1,9.96252646758,0.374896642963,0.149682087152
p90_minus_mean,Both,all,7.02643946255,1,4818.1746671,0.375062014222,0.150472263192
p90_minus_mean,Both,all,7.03174887572,1,2115.07089272,0.37522738548,0.150819132797
p90_minus_mean,Both,all,7.04053021368,1,3373.01186676,0.375392756739,0.151372303519
p90_minus_mean,Both,all,7.11616224568,1,109,0.375558127997,0.151390179415
p90_minus_mean,Both,all,7.14803070308,1,897.777053687,0.375723499256,0.151537413994
p90_minus_mean,Both,all,7.20069232273,1,3589.02712701,0.375888870514,0.152126011012
p90_minus_mean,Both,all,7.23699287015,1,3700.81071938,0.376054241773,0.152732940432
p90_minus_mean,Both,all,7.23937227189,1,352.924507997,0.376219613031,0.152790819714
p90_minus_mean,Both,all,7.2473681364,1,148.06358535,0.37638498429,0.152815102001
p90_minus_mean,Both,all,7.26979257221,1,563.474475829,0.376550355548,0.152907511276
p90_minus_mean,Both,all,7.27289477586,1,0.844328165845,0.376715726807,0.152907649745
p90_minus_mean,Both,all,7.28743888868,1,2955.94052695,0.376881098065,0.153392421166
p90_minus_mean,Both,all,7.30625093557,1,226.744748319,0.377046469324,0.153429607088
p90_minus_mean,Both,all,7.30859550784,1,6.3679946206,0.377211840582,0.153430651433
p90_minus_mean,Both,all,7.32555991117,1,574.118303338,0.377377211841,0.153524806286
p90_minus_mean,Both,all,7.32868062514,1,3044.65822949,0.377542583099,0.154024127326
p90_minus_mean,Both,all,7.33184207405,1,22.9203376277,0.377707954358,0.154027886239
p90_minus_mean,Both,all,7.36745820551,1,302.047618313,0.377873325616,0.15407742176
p90_minus_mean,Both,all,7.37537374239,1,1250.02372825,0.378038696874,0.154282424456
p90_minus_mean,Both,all,7.39666387773,1,121.270106393,0.378204068133,0.154302312638
p90_minus_mean,Both,all,7.4317485593,1,62.2631870639,0.378369439391,0.154312523741
p90_minus_mean,Both,all,7.4380309674,1,28.6242458249,0.37853481065,0.15431721809
p90_minus_mean,Both,all,7.46901088884,1,1330.23980378,0.378700181908,0.154535376146
p90_minus_mean,Both,all,7.47014676776,1,13.7148073784,0.378865553167,0.154537625362
p90_minus_mean,Both,all,7.52146133951,1,4746.95216448,0.379030924425,0.155316120979
p90_minus_mean,Both,all,7.53923950623,1,44.3148052049,0.379196295684,0.155323388565
p90_minus_mean,Both,all,7.5546090506,1,552.031549181,0.379361666942,0.155413921211
p90_minus_mean,Both,all,7.5588609546,1,5537.40977281,0.379527038201,0.156322051121
p90_minus_mean,Both,all,7.56049445451,1,4190.52604693,0.379692409459,0.157009293387
p90_minus_mean,Both,all,7.59226390829,1,1156.18438592,0.379857780718,0.157198906521
p90_minus_mean,Both,all,7.60794215706,1,743.810282673,0.380023151976,0.157320890697
p90_minus_mean,Both,all,7.61131479381,1,94.7507593128,0.380188523235,0.157336429731
p90_minus_mean,Both,all,7.61858640244,1,2878.81978805,0.380353894493,0.157808553424
p90_minus_mean,Both,all,7.6261714105,1,38.180001415,0.380519265752,0.157814814908
p90_minus_mean,Both,all,7.66455699771,1,4.43189442795,0.38068463701,0.157815541734
p90_minus_mean,Both,all,7.68535969394,1,116.238550661,0.380850008269,0.157834604745
p90_minus_mean,Both,all,7.72765758809,1,1879.74126365,0.381015379527,0.158142880516
p90_minus_mean,Both,all,7.73646444531,1,287.193437737,0.381180750786,0.158189979965
p90_minus_mean,Both,all,7.75646000761,1,574.016500726,0.381346122044,0.158284118123
p90_minus_mean,Both,all,7.76844993988,1,188.416530705,0.381511493302,0.158315018254
p90_minus_mean,Both,all,7.77010663769,1,394.73076914,0.381676864561,0.158379753722
p90_minus_mean,Both,all,7.8356524513,1,1949.00493743,0.381842235819,0.158699388669
p90_minus_mean,Both,all,7.85915641101,1,144.178533134,0.382007607078,0.158723033811
p90_minus_mean,Both,all,7.93834506534,1,220.661801689,0.382172978336,0.158759222135
p90_minus_mean,Both,all,7.94396801302,1,1328.02876392,0.382338349595,0.158977017583
p90_minus_mean,Both,all,7.96878788806,1,248.057724836,0.382503720853,0.159017698813
p90_minus_mean,Both,all,7.97409593212,1,13.1259134818,0.382669092112,0.15901985145
p90_minus_mean,Both,all,7.99874748712,1,921.095532805,0.38283446337,0.159170910237
p90_minus_mean,Both,all,8.01250744475,1,231.182166677,0.382999834629,0.159208823892
p90_minus_mean,Both,all,8.01780232245,1,4799.52200909,0.383165205887,0.159995940913
p90_minus_mean,Both,all,8.04402579568,1,72.0824124588,0.383330577146,0.16000776236
p90_minus_mean,Both,all,8.05429673885,1,2468.04151496,0.383495948404,0.16041251881
p90_minus_mean,Both,all,8.06016972234,1,290.024868422,0.383661319663,0.160460082611
p90_minus_mean,Both,all,8.09115067938,1,4.21790510665,0.383826690921,0.160460774343
p90_minus_mean,Both,all,8.14593614512,1,109.737224249,0.38399206218,0.160478771143
p90_minus_mean,Both,all,8.14910769716,1,37.6395347962,0.384157433438,0.160484943991
p90_minus_mean,Both,all,8.18371397423,1,404.017383215,0.384322804697,0.160551202455
p90_minus_mean,Both,all,8.21754164025,1,19.9571958617,0.384488175955,0.160554475416
p90_minus_mean,Both,all,8.23884168256,1,1804.93620061,0.384653547213,0.160850483228
p90_minus_mean,Both,all,8.25230428773,1,118,0.384818918472,0.160869835115
p90_minus_mean,Both,all,8.25714145731,1,14.2571443666,0.38498428973,0.160872173273
p90_minus_mean,Both,all,8.27100982415,1,36.581823131,0.385149660989,0.160878172657
p90_minus_mean,Both,all,8.28581090871,1,62.6857380336,0.385315032247,0.160888453058
p90_minus_mean,Both,all,8.29668892642,1,2043.09471552,0.385480403506,0.161223518639
p90_minus_mean,Both,all,8.34270076509,1,3228.62171784,0.385645774764,0.161753009515
p90_minus_mean,Both,all,8.34339352321,1,1459.50645479,0.385811146023,0.161992367178
p90_minus_mean,Both,all,8.34860760233,1,1098.99761232,0.385976517281,0.162172601736
p90_minus_mean,Both,all,8.35920282153,1,1227.07885078,0.38614188854,0.162373841495
p90_minus_mean,Both,all,8.39487744622,1,1.08023315954,0.386307259798,0.162374018652
p90_minus_mean,Both,all,8.42483630296,1,1.50585987067,0.386472631057,0.162374265611
p90_minus_mean,Both,all,8.44115099199,1,178.159525382,0.386638002315,0.162403483603
p90_minus_mean,Both,all,8.49909579993,1,3089.8375776,0.386803373574,0.162910214013
p90_minus_mean,Both,all,8.50367888718,1,311.219337893,0.386968744832,0.162961253686
p90_minus_mean,Both,all,8.50718857032,1,12.5717245866,0.387134116091,0.162963315437
p90_minus_mean,Both,all,8.52190215191,1,22.1447306814,0.387299487349,0.162966947152
p90_minus_mean,Both,all,8.53629729816,1,2.72561967958,0.387464858608,0.162967394151
p90_minus_mean,Both,all,8.56765636754,1,2603.03663565,0.387630229866,0.163394289671
p90_minus_mean,Both,all,8.58483552742,1,676.904209881,0.387795601125,0.163505301314
p90_minus_mean,Both,all,8.61897589111,1,268.234258032,0.387960972383,0.163549291476
p90_minus_mean,Both,all,8.63914131628,1,12.6874085108,0.388126343641,0.163551372199
p90_minus_mean,Both,all,8.64079665029,1,44.1359168401,0.3882917149,0.163558610447
p90_minus_mean,Both,all,8.66496639673,1,61.5070911933,0.388457086158,0.163568697552
p90_minus_mean,Both,all,8.67274188647,1,7.68676431825,0.388622457417,0.163569958174
p90_minus_mean,Both,all,8.72245091513,1,1.90259870893,0.388787828675,0.163570270198
p90_minus_mean,Both,all,8.75933883484,1,1565.49149668,0.388953199934,0.163827009307
p90_minus_mean,Both,all,8.79821184441,1,2950.86321238,0.389118571192,0.164310948053
p90_minus_mean,Both,all,8.80202008605,1,40.3245491142,0.389283942451,0.164317561241
p90_minus_mean,Both,all,8.85109621639,1,2011.25434393,0.389449313709,0.164647405031
p90_minus_mean,Both,all,8.86577190217,1,2951.76191607,0.389614684968,0.165131491163
p90_minus_mean,Both,all,8.87620091878,1,19.4172793118,0.389780056226,0.165134675579
p90_minus_mean,Both,all,8.89543523369,1,11.2679398541,0.389945427485,0.16513652351
p90_minus_mean,Both,all,8.9008169463,1,1794.0413709,0.390110798743,0.16543074458
p90_minus_mean,Both,all,8.92225305661,1,217.790416977,0.390276170002,0.165466462
p90_minus_mean,Both,all,8.98768179167,1,3781.32439172,0.39044154126,0.166086595586
p90_minus_mean,Both,all,8.9904639471,1,59.382415563,0.390606912519,0.166096334245
p90_minus_mean,Both,all,9.02112768604,1,78.8778576953,0.390772283777,0.166109270139
p90_minus_mean,Both,all,9.04508319457,1,8.48129625506,0.390937655036,0.166110661063
p90_minus_mean,Both,all,9.05168123557,1,1247.47436619,0.391103026294,0.166315245667
p90_minus_mean,Both,all,9.06528764859,1,167.520809451,0.391268397553,0.16634271892
p90_minus_mean,Both,all,9.07160648454,1,1590.15438788,0.391433768811,0.166603502719
p90_minus_mean,Both,all,9.09089349446,1,26.4819275308,0.391599140069,0.16660784573
p90_minus_mean,Both,all,9.11480566277,1,491.178283202,0.391764511328,0.166688398499
p90_minus_mean,Both,all,9.1490518318,1,22.0075177313,0.391929882586,0.166692007711
p90_minus_mean,Both,all,9.18714385998,1,62.0119747293,0.392095253845,0.166702177615
p90_minus_mean,Both,all,9.20208185724,1,139.370370573,0.392260625103,0.166725034223
p90_minus_mean,Both,all,9.21114576472,1,1222.32229428,0.392425996362,0.166925493911
p90_minus_mean,Both,all,9.23233549612,1,169.004639352,0.39259136762,0.16695321051
p90_minus_mean,Both,all,9.24457698303,1,2815.23145001,0.392756738879,0.167414905777
p90_minus_mean,Both,all,9.26479762359,1,844.093408612,0.392922110137,0.167553336289
p90_minus_mean,Both,all,9.26912306143,1,16.943078075,0.393087481396,0.167556114938
p90_minus_mean,Both,all,9.27874599648,1,2889.61564587,0.393252852654,0.168030009142
p90_minus_mean,Both,all,9.2818451603,1,6.08944428555,0.393418223913,0.168031007805
p90_minus_mean,Both,all,9.3510546012,1,1112.24826744,0.393583595171,0.168213415457
p90_minus_mean,Both,all,9.35591439645,1,1967.10057823,0.39374896643,0.168536018072
p90_minus_mean,Both,all,9.36316763616,1,3651.91070816,0.393914337688,0.169134927937
p90_minus_mean,Both,all,9.40951365859,1,3.39922008642,0.394079708947,0.169135485406
p90_minus_mean,Both,all,9.40989511332,1,1477.90889801,0.394245080205,0.169377861053
p90_minus_mean,Both,all,9.44005441949,1,395.836637984,0.394410451464,0.169442777883
p90_minus_mean,Both,all,9.45523443854,1,2600.77398593,0.394575822722,0.169869302331
p90_minus_mean,Both,all,9.46093656371,1,3216.50219371,0.39474119398,0.170396805616
p90_minus_mean,Both,all,9.46349538965,1,2108.10544792,0.394906565239,0.170742532894
p90_minus_mean,Both,all,9.46414599919,1,341.144320014,0.395071936497,0.170798480237
p90_minus_mean,Both,all,9.47127346912,1,596.925205795,0.395237307756,0.1708963754
p90_minus_mean,Both,all,9.51022009724,1,69.0517433376,0.395402679014,0.17090769982
p90_minus_mean,Both,all,9.51966608009,1,3374.85027144,0.395568050273,0.171461172039
p90_minus_mean,Both,all,9.54610184521,1,1117.06955737,0.395733421531,0.171644370378
p90_minus_mean,Both,all,9.56078280071,1,733.092773782,0.39589879279,0.171764596892
p90_minus_mean,Both,all,9.58997864727,1,2140.07354274,0.396064164048,0.172115566908
p90_minus_mean,Both,all,9.65398244878,1,1857.75452751,0.396229535307,0.172420236875
p90_minus_mean,Both,all,9.66707719522,1,607.918627396,0.396394906565,0.172519934948
p90_minus_mean,Both,all,9.6826467102,1,6.75450995495,0.396560277824,0.172521042682
p90_minus_mean,Both,all,9.69032624733,1,52.354303295,0.396725649082,0.172529628737
p90_minus_mean,Both,all,9.69131468564,1,2468.77294606,0.396891020341,0.172934505141
p90_minus_mean,Both,all,9.76295713181,1,17.7931415644,0.397056391599,0.172937423199
p90_minus_mean,Both,all,9.7728631606,1,662.387159686,0.397221762858,0.17304605406
p90_minus_mean,Both,all,9.7787166882,1,1168.4912849,0.397387134116,0.173237685514
p90_minus_mean,Both,all,9.80245726946,1,1.97374902025,0.397552505375,0.173238009207
p90_minus_mean,Both,all,9.8286150891,1,269.767347535,0.397717876633,0.173282250794
p90_minus_mean,Both,all,9.8517745902,1,2602.58589997,0.397883247892,0.173709072394
p90_minus_mean,Both,all,9.88035375536,1,1110.91371049,0.39804861915,0.17389126118
p90_minus_mean,Both,all,9.89317358647,1,8.7381208324,0.398213990408,0.173892694224
p90_minus_mean,Both,all,9.89778009805,1,12.9007779772,0.398379361667,0.173894809939
p90_minus_mean,Both,all,9.91220913744,1,2386.07158227,0.398544732925,0.174286123398
p90_minus_mean,Both,all,9.91824576607,1,19.5591037602,0.398710104184,0.174289331072
p90_minus_mean,Both,all,9.9254490806,1,28.57842292,0.398875475442,0.174294017906
p90_minus_mean,Both,all,9.94571549751,1,1861.45488897,0.399040846701,0.174599294729
p90_minus_mean,Both,all,9.96983498684,1,418.047477816,0.399206217959,0.174667854115
p90_minus_mean,Both,all,9.99995665329,1,907.404731231,0.399371589218,0.174816667624
p90_minus_mean,Both,all,10.0005226931,1,1345.37272326,0.399536960476,0.175037307465
p90_minus_mean,Both,all,10.0360509255,1,3947.06068237,0.399702331735,0.175684621644
p90_minus_mean,Both,all,10.0386286679,1,29.9702028198,0.399867702993,0.175689536728
p90_minus_mean,Both,all,10.0410765621,1,3039.44740472,0.400033074252,0.176188003197
p90_minus_mean,Both,all,10.0467601596,1,17.311061451,0.40019844551,0.176190842195
p90_minus_mean,Both,all,10.0617822813,1,416.989008943,0.400363816769,0.176259227994
p90_minus_mean,Both,all,10.0819995322,1,2328.22566573,0.400529188027,0.176641054778
p90_minus_mean,Both,all,10.1045672846,1,2703.97340935,0.400694559286,0.177084503832
p90_minus_mean,Both,all,10.11361134,1,2086.40171303,0.400859930544,0.177426671719
p90_minus_mean,Both,all,10.170346279,1,26.503275278,0.401025301803,0.17743101823
p90_minus_mean,Both,all,10.1884915725,1,3.58508223339,0.401190673061,0.177431606181
p90_minus_mean,Both,all,10.2117901409,1,295.366414478,0.401356044319,0.17748004599
p90_minus_mean,Both,all,10.2375802203,1,471.06334899,0.401521415578,0.177557299929
p90_minus_mean,Both,all,10.2693888901,1,2258.75022666,0.401686786836,0.177927732807
p90_minus_mean,Both,all,10.2982188329,1,18.1001091637,0.401852158095,0.177930701208
p90_minus_mean,Both,all,10.325053242,1,968.922147746,0.402017529353,0.178089603514
p90_minus_mean,Both,all,10.3553333098,1,38.4291679766,0.402182900612,0.178095905861
p90_minus_mean,Both,all,10.3612159499,1,2924.58935278,0.40234827187,0.178575535719
p90_minus_mean,Both,all,10.4036811057,1,9.9029066984,0.402513643129,0.178577159786
p90_minus_mean,Both,all,10.4167043313,1,132.826360197,0.402679014387,0.178598943182
p90_minus_mean,Both,all,10.4413779412,1,31.9492838074,0.402844385646,0.178604182835
p90_minus_mean,Both,all,10.4787037602,1,22.4954226364,0.403009756904,0.178607872062
p90_minus_mean,Both,all,10.4990634563,1,2572.53580845,0.403175128163,0.179029765476
p90_minus_mean,Both,all,10.4994021486,1,10.0376494148,0.403340499421,0.179031411641
p90_minus_mean,Both,all,10.5060710729,1,730.172161105,0.40350587068,0.179151159177
p90_minus_mean,Both,all,10.5111923835,1,2178.35195993,0.403671241938,0.179508406817
p90_minus_mean,Both,all,10.5204704232,1,2164.86347722,0.403836613197,0.179863442358
p90_minus_mean,Both,all,10.5322317664,1,554.381351347,0.404001984455,0.179954360369
p90_minus_mean,Both,all,10.5783475073,1,39.7540052054,0.404167355714,0.179960879988
p90_minus_mean,Both,all,10.5815743896,1,383.606511962,0.404332726972,0.180023791089
p90_minus_mean,Both,all,10.5887758362,1,167.321469981,0.404498098231,0.180051231651
p90_minus_mean,Both,all,10.6224820772,1,41.4680355757,0.404663469489,0.180058032369
p90_minus_mean,Both,all,10.6431416255,1,3932.97955888,0.404828840747,0.180703037257
p90_minus_mean,Both,all,10.6497433074,1,2264.54710967,0.404994212006,0.181074420818
p90_minus_mean,Both,all,10.659443793,1,1397.64820667,0.405159583264,0.181303633788
p90_minus_mean,Both,all,10.6650730965,1,5785.16214749,0.405324954523,0.182252394851
p90_minus_mean,Both,all,10.6764571412,1,22.488360415,0.405490325781,0.18225608292
p90_minus_mean,Both,all,10.7008960654,1,12.411584046,0.40565569704,0.182258118408
p90_minus_mean,Both,all,10.7049351255,1,3384.78550632,0.405821068298,0.182813219996
p90_minus_mean,Both,all,10.7102298831,1,145.977683726,0.405986439557,0.182837160197
p90_minus_mean,Both,all,10.7103594287,1,102.829715143,0.406151810815,0.182854024172
p90_minus_mean,Both,all,10.7380254368,1,643.809187251,0.406317182074,0.182959608263
p90_minus_mean,Both,all,10.7402067524,1,1997.58238885,0.406482553332,0.183287209865
p90_minus_mean,Both,all,10.8355378674,1,9.05695036183,0.406647924591,0.183288695196
p90_minus_mean,Both,all,10.8464174802,1,522.990718364,0.406813295849,0.183374465174
p90_minus_mean,Both,all,10.8761294217,1,327.761365781,0.406978667108,0.183428217725
p90_minus_mean,Both,all,10.900448136,1,535.062091463,0.407144038366,0.183515967397
p90_minus_mean,Both,all,10.9031925752,1,2535.128243,0.407309409625,0.183931726005
p90_minus_mean,Both,all,10.9056537184,1,434.917575712,0.407474780883,0.184003052072
p90_minus_mean,Both,all,10.9216277409,1,430.067703494,0.407640152142,0.184073582764
p90_minus_mean,Both,all,10.9474539853,1,15.9880268707,0.4078055234,0.184076204785
p90_minus_mean,Both,all,10.9618491232,1,723.90636346,0.407970894659,0.184194924737
p90_minus_mean,Both,all,10.9689734912,1,31.944595424,0.408136265917,0.18420016362
p90_minus_mean,Both,all,10.9868029595,1,3666.65952796,0.408301637175,0.184801492278
p90_minus_mean,Both,all,11.0110530647,1,20.4399810003,0.408467008434,0.184804844415
p90_minus_mean,Both,all,11.0283316528,1,319.107655834,0.408632379692,0.184857177766
p90_minus_mean,Both,all,11.0824014859,1,2398.95137328,0.408797750951,0.185250603498
p90_minus_mean,Both,all,11.1587472774,1,2851.47609614,0.408963122209,0.185718242852
p90_minus_mean,Both,all,11.2014620775,1,132.968988164,0.409128493468,0.185740049639
p90_minus_mean,Both,all,11.2243731426,1,773.842819208,0.409293864726,0.185866959122
p90_minus_mean,Both,all,11.2336110661,1,3724.83196015,0.409459235985,0.186477828003
p90_minus_mean,Both,all,11.2352997801,1,73.064810012,0.409624607243,0.186489810562
p90_minus_mean,Both,all,11.2545141952,1,302.844588778,0.409789978502,0.186539476785
p90_minus_mean,Both,all,11.2587348618,1,790.138263909,0.40995534976,0.186669058705
p90_minus_mean,Both,all,11.2753527484,1,139.095143527,0.410120721019,0.186691870175
p90_minus_mean,Both,all,11.2926792888,1,2144.46521101,0.410286092277,0.18704356042
p90_minus_mean,Both,all,11.3070406197,1,1638.98853182,0.410451463536,0.187312352973
p90_minus_mean,Both,all,11.3091452108,1,425.283280862,0.410616834794,0.187382099024
p90_minus_mean,Both,all,11.3241713802,1,146.210362404,0.410782206053,0.187406077384
p90_minus_mean,Both,all,11.3910705327,1,166.8486164,0.410947577311,0.187433440398
p90_minus_mean,Both,all,11.4150723092,1,10.4902276292,0.41111294857,0.187435160785
p90_minus_mean,Both,all,11.5118324929,1,127.911640511,0.411278319828,0.187456138172
p90_minus_mean,Both,all,11.5120007436,1,512.505677071,0.411443691086,0.187540188613
p90_minus_mean,Both,all,11.5139043967,1,1862.19761806,0.411609062345,0.187845587242
p90_minus_mean,Both,all,11.5169645508,1,217.916582143,0.411774433603,0.187881325353
p90_minus_mean,Both,all,11.5189746949,1,640.278240282,0.411939804862,0.187986330373
p90_minus_mean,Both,all,11.5981737397,1,9.91989901484,0.41210517612,0.187987957227
p90_minus_mean,Both,all,11.5991408634,1,2502.83297996,0.412270547379,0.188398419443
p90_minus_mean,Both,all,11.6088183622,1,243.259571583,0.412435918637,0.18843831378
p90_minus_mean,Both,all,11.6172423312,1,2271.47548689,0.412601289896,0.188810833589
p90_minus_mean,Both,all,11.6233069604,1,317.238920913,0.412766661154,0.188862860469
p90_minus_mean,Both,all,11.6384635862,1,236.718376927,0.412932032413,0.188901682056
p90_minus_mean,Both,all,11.6563114346,1,23.7225863217,0.413097403671,0.188905572538
p90_minus_mean,Both,all,11.6716413239,1,2405.34594686,0.41326277493,0.189300046974
p90_minus_mean,Both,all,11.6952273156,1,11.9972166872,0.413428146188,0.189302014506
p90_minus_mean,Both,all,11.7021291597,1,584.835931049,0.413593517447,0.18939792704
p90_minus_mean,Both,all,11.7742263341,1,2904.60578386,0.413758888705,0.189874279612
p90_minus_mean,Both,all,11.7905045872,1,543.098242991,0.413924259964,0.189963347205
p90_minus_mean,Both,all,11.8043030417,1,939.345889063,0.414089631222,0.190117399032
p90_minus_mean,Both,all,11.8303644085,1,4.03980827829,0.414255002481,0.190118061557
p90_minus_mean,Both,all,11.8322525467,1,1893.64336568,0.414420373739,0.190428617259
p90_minus_mean,Both,all,11.8946602803,1,3408.86695408,0.414585744998,0.190987668181
p90_minus_mean,Both,all,11.9099835954,1,4566.58312463,0.414751116256,0.191736583449
p90_minus_mean,Both,all,11.9391006763,1,1604.61616988,0.414916487514,0.191999738967
p90_minus_mean,Both,all,11.9860074469,1,23.0215013744,0.415081858773,0.192003514471
p90_minus_mean,Both,all,11.9862288813,1,217.114218594,0.415247230031,0.192039120995
p90_minus_mean,Both,all,11.9872095871,1,2760.31216137,0.41541260129,0.192491809551
p90_minus_mean,Both,all,12.0247216682,1,4216.89637113,0.415577972548,0.193183376525
p90_minus_mean,Both,all,12.0352854869,1,3328.57247152,0.415743343807,0.193729259229
p90_minus_mean,Both,all,12.0576779696,1,64.4818031803,0.415908715065,0.193739834183
p90_minus_mean,Both,all,12.0691628566,1,1308.78118766,0.416074086324,0.193954473047
p90_minus_mean,Both,all,12.0816814924,1,431.123401887,0.416239457582,0.194025176873
p90_minus_mean,Both,all,12.0849093426,1,19.5689788873,0.416404828841,0.194028386167
p90_minus_mean,Both,all,12.1406624157,1,2029.25600537,0.416570200099,0.194361182212
p90_minus_mean,Both,all,12.1613131946,1,2162.42211857,0.416735571358,0.194715817372
p90_minus_mean,Both,all,12.1718287742,1,1623.19429591,0.416900942616,0.194982019685
p90_minus_mean,Both,all,12.2066088239,1,835.467139792,0.417066313875,0.195119035498
p90_minus_mean,Both,all,12.2460983739,1,2382.13702525,0.417231685133,0.195509703693
p90_minus_mean,Both,all,12.2796143801,1,2638.7429511,0.417397056392,0.195942455014
p90_minus_mean,Both,all,12.2860921129,1,1484.29766971,0.41756242765,0.196185878413
p90_minus_mean,Both,all,12.3131432365,1,3389.4281088,0.417727798909,0.196741741384
p90_minus_mean,Both,all,12.3261263656,1,550.055900661,0.417893170167,0.196831950025
p90_minus_mean,Both,all,12.3312601162,1,3126.86977635,0.418058541426,0.19734475368
p90_minus_mean,Both,all,12.3385784335,1,374.133671031,0.418223912684,0.197406111244
p90_minus_mean,Both,all,12.3827675309,1,1501.67739086,0.418389283942,0.197652384901
p90_minus_mean,Both,all,12.4155909671,1,1781.64521074,0.418554655201,0.197944573013
p90_minus_mean,Both,all,12.4403424988,1,80.9221026316,0.418720026459,0.19795784416
p90_minus_mean,Both,all,12.5292626528,1,138.671293011,0.418885397718,0.19798058612
p90_minus_mean,Both,all,12.5328584533,1,701.175047204,0.419050768976,0.198095578157
p90_minus_mean,Both,all,12.5815969179,1,71.3277562905,0.419216140235,0.198107275841
p90_minus_mean,Both,all,12.6199573366,1,1594.23934137,0.419381511493,0.198368729569
p90_minus_mean,Both,all,12.6718311871,1,4.34774942692,0.419546882752,0.198369442596
p90_minus_mean,Both,all,12.7079200414,1,2548.50858306,0.41971225401,0.198787395567
p90_minus_mean,Both,all,12.7702921907,1,2075.23100698,0.419877625269,0.199127731469
p90_minus_mean,Both,all,12.7749200716,1,2083.79069626,0.420042996527,0.199469471151
p90_minus_mean,Both,all,12.7755711363,1,33.1550261981,0.420208367786,0.199474908544
p90_minus_mean,Both,all,12.7782035535,1,2943.43396578,0.420373739044,0.199957628901
p90_minus_mean,Both,all,12.7801357967,1,1610.95512869,0.420539110303,0.200221824002
p90_minus_mean,Both,all,12.7948679026,1,19.6846236978,0.420704481561,0.200225052262
p90_minus_mean,Both,all,12.8227715554,1,40.7349516148,0.42086985282,0.200231732755
p90_minus_mean,Both,all,12.8316292845,1,596.425984481,0.421035224078,0.200329546046
p90_minus_mean,Both,all,12.861438273,1,1876.84395762,0.421200595337,0.200637346661
p90_minus_mean,Both,all,12.8701923681,1,369.639237254,0.421365966595,0.200697967143
p90_minus_mean,Both,all,12.8879071496,1,569.868772982,0.421531337853,0.200791425077
p90_minus_mean,Both,all,12.913292145,1,1567.20387135,0.421696709112,0.201048445014
p90_minus_mean,Both,all,12.9620760414,1,701.10913954,0.42186208037,0.201163426242
p90_minus_mean,Both,all,13.0010256595,1,0.00427034493928,0.422027451629,0.201163426943
p90_minus_mean,Both,all,13.0031943773,1,2183.67206802,0.422192822887,0.201521547075
p90_minus_mean,Both,all,13.0375648172,1,370.725626752,0.422358194146,0.201582345723
p90_minus_mean,Both,all,13.0726981571,1,12.41745945,0.422523565404,0.201584382174
p90_minus_mean,Both,all,13.1067309905,1,303.056452103,0.422688936663,0.201634083143
p90_minus_mean,Both,all,13.1293888725,1,219.194558513,0.422854307921,0.201670030841
p90_minus_mean,Both,all,13.1310603025,1,90.090993216,0.42301967918,0.201684805678
p90_minus_mean,Both,all,13.138715853,1,123.398921465,0.423185050438,0.201705042983
p90_minus_mean,Both,all,13.1591381036,1,313.448008496,0.423350421697,0.201756448157
p90_minus_mean,Both,all,13.1821803979,1,4364.72320194,0.423515792955,0.20247225859
p90_minus_mean,Both,all,13.2123162341,1,92.6623590152,0.423681164214,0.202487455128
p90_minus_mean,Both,all,13.2591557798,1,597.690900547,0.423846535472,0.202585475864
p90_minus_mean,Both,all,13.2747513039,1,2597.14129234,0.424011906731,0.203011404554
p90_minus_mean,Both,all,13.3088572842,1,1701.12305105,0.424177277989,0.203290387108
p90_minus_mean,Both,all,13.3096375639,1,2394.93164097,0.424342649248,0.203683153608
p90_minus_mean,Both,all,13.3197865893,1,731.181412254,0.424508020506,0.203803066661
p90_minus_mean,Both,all,13.441586484,1,2652.20960298,0.424673391765,0.204238026501
p90_minus_mean,Both,all,13.475513913,1,1013.38236594,0.424838763023,0.20440422024
p90_minus_mean,Both,all,13.4885221202,1,196.382031558,0.425004134281,0.204436426705
p90_minus_mean,Both,all,13.5178862909,1,1009.33027522,0.42516950554,0.204601955906
p90_minus_mean,Both,all,13.5529026787,1,54.6142909202,0.425334876798,0.204610912597
p90_minus_mean,Both,all,13.5808715024,1,1212.37358985,0.425500248057,0.204809740707
p90_minus_mean,Both,all,13.5942646333,1,181.488763105,0.425665619315,0.204839504691
p90_minus_mean,Both,all,13.6215882747,1,51.5403364229,0.425830990574,0.204847957257
p90_minus_mean,Both,all,13.6512549604,1,146.642744145,0.425996361832,0.204872006527
p90_minus_mean,Both,all,13.6597033189,1,141.149735735,0.426161733091,0.204895154948
p90_minus_mean,Both,all,13.687397837,1,949.956640632,0.426327104349,0.205050946929
p90_minus_mean,Both,all,13.7147307275,1,8.96972690764,0.426492475608,0.205052417956
p90_minus_mean,Both,all,13.7244228309,1,70.5600273354,0.426657846866,0.205063989733
p90_minus_mean,Both,all,13.726049923,1,1825.97649861,0.426823218125,0.205363448134
p90_minus_mean,Both,all,13.7322863942,1,455.465688972,0.426988589383,0.205438144071
p90_minus_mean,Both,all,13.7458659587,1,118.20742818,0.427153960642,0.205457529976
p90_minus_mean,Both,all,13.7598986891,1,413.209390532,0.4273193319,0.205525295921
p90_minus_mean,Both,all,13.7614298876,1,1997.01703186,0.427484703159,0.205852804806
p90_minus_mean,Both,all,13.7648469589,1,1564.60352263,0.427650074417,0.206109398288
p90_minus_mean,Both,all,13.784890616,1,2011.33529025,0.427815445676,0.206439255353
p90_minus_mean,Both,all,13.8033671403,1,346.881929553,0.427980816934,0.206496143658
p90_minus_mean,Both,all,13.834059429,1,1528.2019581,0.428146188192,0.206746767318
p90_minus_mean,Both,all,13.8421133921,1,4.42960516994,0.428311559451,0.206747493769
p90_minus_mean,Both,all,13.8515493522,1,6.03169159252,0.428476930709,0.206748482961
p90_minus_mean,Both,all,13.8575485605,1,609.906253372,0.428642301968,0.206848507004
p90_minus_mean,Both,all,13.8640658709,1,3241.630839,0.428807673226,0.207380131363
p90_minus_mean,Both,all,13.8677574279,1,2698.7279412,0.428973044485,0.207822720165
p90_minus_mean,Both,all,13.876714778,1,34.3430369101,0.429138415743,0.207828352391
p90_minus_mean,Both,all,13.8849614075,1,247.319760597,0.429303787002,0.207868912595
p90_minus_mean,Both,all,13.9293210187,1,9.68052467341,0.42946915826,0.207870500192
p90_minus_mean,Both,all,14.0019945383,1,12.7231978203,0.429634529519,0.207872586784
p90_minus_mean,Both,all,14.0099914981,1,617.825547792,0.429799900777,0.207973909583
p90_minus_mean,Both,all,14.0290342578,1,17.9373523084,0.429965272036,0.207976851292
p90_minus_mean,Both,all,14.044134495,1,387.624184443,0.430130643294,0.208040421288
p90_minus_mean,Both,all,14.058691885,1,1118.53145343,0.430296014553,0.208223859377
p90_minus_mean,Both,all,14.065281343,1,280.594978679,0.430461385811,0.208269876685
p90_minus_mean,Both,all,14.1194231521,1,250.688488441,0.43062675707,0.208310989358
p90_minus_mean,Both,all,14.1240703401,1,2594.85165677,0.430792128328,0.208736542549
p90_minus_mean,Both,all,14.1378490698,1,1467.35591503,0.430957499587,0.208977187517
p90_minus_mean,Both,all,14.1452786423,1,569.271554734,0.431122870845,0.209070547507
p90_minus_mean,Both,all,14.1568827043,1,48.0640596184,0.431288242104,0.209078429967
p90_minus_mean,Both,all,14.1660414505,1,57.5514389543,0.431453613362,0.209087868348
p90_minus_mean,Both,all,14.1951896862,1,1198.12318136,0.43161898462,0.209284359405
p90_minus_mean,Both,all,14.2415297844,1,775.981137548,0.431784355879,0.20941161957
p90_minus_mean,Both,all,14.2425533228,1,300.089392781,0.431949727137,0.209460833943
p90_minus_mean,Both,all,14.2545495103,1,438.974322945,0.432115098396,0.209532825312
p90_minus_mean,Both,all,14.312306948,1,167.694294612,0.432280469654,0.209560327016
p90_minus_mean,Both,all,14.347736441,1,1481.71204563,0.432445840913,0.209803326376
p90_minus_mean,Both,all,14.3728140045,1,2076.02147883,0.432611212171,0.210143791914
p90_minus_mean,Both,all,14.3735164398,1,4471.16508798,0.43277658343,0.210877058714
p90_minus_mean,Both,all,14.4008552668,1,2455.77325268,0.432941954688,0.21127980318
p90_minus_mean,Both,all,14.4332863758,1,5.13102944656,0.433107325947,0.211280644664
p90_minus_mean,Both,all,14.4433179633,1,118.622506682,0.433272697205,0.211300098642
p90_minus_mean,Both,all,14.4500277894,1,2608.18796018,0.433438068464,0.211727838975
p90_minus_mean,Both,all,14.4576020512,1,206.386337577,0.433603439722,0.211761686137
p90_minus_mean,Both,all,14.4887951242,1,89.806296206,0.433768810981,0.211776414283
p90_minus_mean,Both,all,14.552089862,1,308.227242329,0.433934182239,0.211826963256
p90_minus_mean,Both,all,14.558473206,1,1618.14837494,0.434099553498,0.212092338043
p90_minus_mean,Both,all,14.5659493325,1,23.1326349399,0.434264924756,0.212096131773
p90_minus_mean,Both,all,14.6121486964,1,4050.78955258,0.434430296015,0.212760457388
p90_minus_mean,Both,all,14.6181760213,1,444.602411424,0.434595667273,0.212833371758
p90_minus_mean,Both,all,14.651406592,1,186.468822171,0.434761038532,0.212863952467
p90_minus_mean,Both,all,14.6537230978,1,1949.3778635,0.43492640979,0.213183648573
p90_minus_mean,Both,all,14.6597197719,1,602.119164335,0.435091781048,0.213282395541
p90_minus_mean,Both,all,14.66611484,1,1307.34805121,0.435257152307,0.213496799371
p90_minus_mean,Both,all,14.6789229065,1,447.553099776,0.435422523565,0.213570197652
p90_minus_mean,Both,all,14.7287030265,1,484.676701663,0.435587894824,0.213649684168
p90_minus_mean,Both,all,14.7435236024,1,19.0626593899,0.435753266082,0.213652810426
p90_minus_mean,Both,all,14.7757598007,1,55.3901312731,0.435918637341,0.213661894354
p90_minus_mean,Both,all,14.7827991368,1,1067.20792911,0.436084008599,0.213836915435
p90_minus_mean,Both,all,14.8354264618,1,22.254253929,0.436249379858,0.213840565111
p90_minus_mean,Both,all,14.8713594127,1,2477.72216423,0.436414751116,0.214246909178
p90_minus_mean,Both,all,14.8923949986,1,1.69934714599,0.436580122375,0.214247187869
p90_minus_mean,Both,all,14.9175091134,1,9.04288238773,0.436745493633,0.214248670893
p90_minus_mean,Both,all,14.9306796438,1,3729.44977811,0.436910864892,0.214860297092
p90_minus_mean,Both,all,14.9320509507,1,5.32197244681,0.43707623615,0.21486116989
p90_minus_mean,Both,all,14.93680093,1,2700.47685657,0.437241607409,0.215304045513
p90_minus_mean,Both,all,14.990530003,1,1007.16089324,0.437406978667,0.215469218937
p90_minus_mean,Both,all,15.0019077476,1,214.732092979,0.437572349926,0.215504434795
p90_minus_mean,Both,all,15.0160759731,1,2754.55826027,0.437737721184,0.215956179717
p90_minus_mean,Both,all,15.0815671458,1,342.894900034,0.437903092443,0.216012414153
p90_minus_mean,Both,all,15.1011654243,1,267.386586398,0.438068463701,0.216056265297
p90_minus_mean,Both,all,15.1368938127,1,296.299571257,0.438233834959,0.216104858144
p90_minus_mean,Both,all,15.1546366559,1,518.463958572,0.438399206218,0.216189885737
p90_minus_mean,Both,all,15.1905894634,1,163.093443208,0.438564577476,0.216216632906
p90_minus_mean,Both,all,15.1935107222,1,1440.51034384,0.438729948735,0.216452875226
p90_minus_mean,Both,all,15.2033469471,1,1820.6844668,0.438895319993,0.216751465738
p90_minus_mean,Both,all,15.2068786404,1,2980.58868862,0.439060691252,0.217240279434
p90_minus_mean,Both,all,15.2353561034,1,68.9435056022,0.43922606251,0.217251586103
p90_minus_mean,Both,all,15.2701902642,1,66.8454264163,0.439391433769,0.217262548689
p90_minus_mean,Both,all,15.2782373309,1,3614.0683057,0.439556805027,0.217855252436
p90_minus_mean,Both,all,15.321549787,1,1680.8666571,0.439722176286,0.218130912962
p90_minus_mean,Both,all,15.3519793776,1,376.880369594,0.439887547544,0.218192720982
p90_minus_mean,Both,all,15.3844760351,1,2713.82865948,0.440052918803,0.218637786288
p90_minus_mean,Both,all,15.4328389851,1,1169.67419267,0.440218290061,0.218829611738
p90_minus_mean,Both,all,15.442056032,1,164.450317312,0.44038366132,0.218856581432
p90_minus_mean,Both,all,15.4688525398,1,2220.03805802,0.440549032578,0.219220665552
p90_minus_mean,Both,all,15.4888706061,1,2745.03020444,0.440714403837,0.219670847882
p90_minus_mean,Both,all,15.4997653627,1,26.4191497252,0.440879775095,0.219675180597
p90_minus_mean,Both,all,15.5105546754,1,485.180485288,0.441045146354,0.219754749733
p90_minus_mean,Both,all,15.5608556273,1,956.63879301,0.441210517612,0.21991163758
p90_minus_mean,Both,all,15.5862154412,1,69.2376902529,0.441375888871,0.219922992495
p90_minus_mean,Both,all,15.5916712509,1,3115.40997439,0.441541260129,0.220433916753
p90_minus_mean,Both,all,15.598599655,1,1775.62598784,0.441706631387,0.220725117718
p90_minus_mean,Both,all,15.6459964248,1,2945.20730954,0.441872002646,0.221208128902
p90_minus_mean,Both,all,15.6897006699,1,1576.32682444,0.442037373904,0.221466644994
p90_minus_mean,Both,all,15.7385830452,1,17.0265945674,0.442202745163,0.221469437339
p90_minus_mean,Both,all,15.8195337842,1,4440.28492072,0.442368116421,0.222197639822
p90_minus_mean,Both,all,15.8606679178,1,107.377498316,0.44253348768,0.222215249629
p90_minus_mean,Both,all,15.8690803222,1,217.703892129,0.442698858938,0.222250952859
p90_minus_mean,Both,all,15.8930082159,1,109.175120774,0.442864230197,0.222268857475
p90_minus_mean,Both,all,15.9040057919,1,268.227752928,0.443029601455,0.22231284657
p90_minus_mean,Both,all,15.9098337687,1,88.3545948248,0.443194972714,0.222327336639
p90_minus_mean,Both,all,15.9394112339,1,1426.68613943,0.443360343972,0.222561311802
p90_minus_mean,Both,all,15.9837100598,1,11.9144060771,0.443525715231,0.222563265753
p90_minus_mean,Both,all,16.0157466935,1,3561.6137692,0.443691086489,0.223147367007
p90_minus_mean,Both,all,16.0229779124,1,2640.32192263,0.443856457748,0.223580377279
p90_minus_mean,Both,all,16.0736257698,1,947.436208232,0.444021829006,0.223735755911
p90_minus_mean,Both,all,16.0788438127,1,25.5672349911,0.444187200265,0.223739948913
p90_minus_mean,Both,all,16.0881066182,1,75.641378179,0.444352571523,0.223752354027
p90_minus_mean,Both,all,16.0948456526,1,1966.62950759,0.444517942782,0.224074879386
p90_minus_mean,Both,all,16.1074007556,1,1910,0.44468331404,0.224388117561
p90_minus_mean,Both,all,16.1451150796,1,163.367809226,0.444848685298,0.224414909725
p90_minus_mean,Both,all,16.1493002127,1,228.741712333,0.445014056557,0.224452423147
p90_minus_mean,Both,all,16.1658479976,1,165.458730233,0.445179427815,0.224479558221
p90_minus_mean,Both,all,16.1777325593,1,688.028222635,0.445344799074,0.224592394192
p90_minus_mean,Both,all,16.1779027711,1,99.4687339414,0.445510170332,0.224608706969
p90_minus_mean,Both,all,16.1818326879,1,707.661683535,0.445675541591,0.224724762809
p90_minus_mean,Both,all,16.2032937833,1,2037.43668264,0.445840912849,0.225058900477
p90_minus_mean,Both,all,16.2560970238,1,496.232513821,0.446006284108,0.225140282135
p90_minus_mean,Both,all,16.2668943441,1,633.234382916,0.446171655366,0.225244131969
p90_minus_mean,Both,all,16.2834577355,1,2171.52353276,0.446337026625,0.225600259752
p90_minus_mean,Both,all,16.3602166345,1,2054.47808965,0.446502397883,0.225937192195
p90_minus_mean,Both,all,16.3704505813,1,2920.51837584,0.446667769142,0.226416154417
p90_minus_mean,Both,all,16.3792898685,1,2380.41493459,0.4468331404,0.226806540191
p90_minus_mean,Both,all,16.407020338,1,2.44114270236,0.446998511659,0.226806940536
p90_minus_mean,Both,all,16.4209749539,1,3597.66160695,0.447163882917,0.227396953601
p90_minus_mean,Both,all,16.4230077885,1,771.300917831,0.447329254176,0.227523446214
p90_minus_mean,Both,all,16.4332741417,1,1612.39631895,0.447494625434,0.227787877669
p90_minus_mean,Both,all,16.442335797,1,1180.83465917,0.447659996693,0.227981533425
p90_minus_mean,Both,all,16.4446371219,1,335.443824368,0.447825367951,0.228036545891
p90_minus_mean,Both,all,16.4535533388,1,43.4706295675,0.44799073921,0.228043675033
p90_minus_mean,Both,all,16.4570099495,1,2294.17455673,0.448156110468,0.228419917468
p90_minus_mean,Both,all,16.5612650015,1,50.1225776139,0.448321481726,0.228428137522
p90_minus_mean,Both,all,16.5861073466,1,593.987264145,0.448486852985,0.228525550866
p90_minus_mean,Both,all,16.6202252357,1,107.11198216,0.448652224243,0.228543117129
p90_minus_mean,Both,all,16.6292908915,1,1703.55738512,0.448817595502,0.228822498911
p90_minus_mean,Both,all,16.6917004597,1,7.78878396192,0.44898296676,0.228823776265
p90_minus_mean,Both,all,16.7179508167,1,1822.40042858,0.449148338019,0.229122648193
p90_minus_mean,Both,all,16.727929474,1,1623.02714667,0.449313709277,0.229388823094
p90_minus_mean,Both,all,16.7870880471,1,3987.13294054,0.449479080536,0.230042709085
p90_minus_mean,Both,all,16.8471773285,1,480.181197973,0.449644451794,0.230121458342
p90_minus_mean,Both,all,16.8576604035,1,81.9941626427,0.449809823053,0.230134905306
p90_minus_mean,Both,all,16.8816145768,1,320.239814321,0.449975194311,0.23018742433
p90_minus_mean,Both,all,16.8816561117,1,157.715045312,0.45014056557,0.230213289447
p90_minus_mean,Both,all,16.9046578712,1,1550.33879998,0.450305936828,0.230467543528
p90_minus_mean,Both,all,16.9108008135,1,2275.88401341,0.450471308087,0.230840786331
p90_minus_mean,Both,all,16.9451388559,1,3198.95145974,0.450636679345,0.231365411312
p90_minus_mean,Both,all,17.0079277036,1,199.694322965,0.450802050604,0.23139816099
p90_minus_mean,Both,all,17.086056887,1,3592.70871042,0.450967421862,0.231987361785
p90_minus_mean,Both,all,17.0995085913,1,3292.82618597,0.451132793121,0.232527382132
p90_minus_mean,Both,all,17.1266181647,1,860.699553933,0.451298164379,0.232668536036
p90_minus_mean,Both,all,17.1408415494,1,147.853509932,0.451463535638,0.23269278387
p90_minus_mean,Both,all,17.1450462225,1,785.603980613,0.451628906896,0.232821622172
p90_minus_mean,Both,all,17.1749845025,1,2129.54258583,0.451794278154,0.233170865121
p90_minus_mean,Both,all,17.1901197522,1,24.7729047103,0.451959649413,0.233174927853
p90_minus_mean,Both,all,17.2260829046,1,1403.44149223,0.452125020671,0.233405090917
p90_minus_mean,Both,all,17.2806814484,1,415.512906099,0.45229039193,0.233473234636
p90_minus_mean,Both,all,17.2873513761,1,47.0080812833,0.452455763188,0.233480943916
p90_minus_mean,Both,all,17.2927120088,1,2774.8127668,0.452621134447,0.233936010558
p90_minus_mean,Both,all,17.2999222503,1,3480.4311692,0.452786505705,0.234506797943
p90_minus_mean,Both,all,17.3015986511,1,2200.26948792,0.452951876964,0.234867640036
p90_minus_mean,Both,all,17.3077045481,1,62.003017822,0.453117248222,0.234877808471
p90_minus_mean,Both,all,17.3081664498,1,201.821780676,0.453282619481,0.23491090705
p90_minus_mean,Both,all,17.3438888869,1,88.9714420175,0.453447990739,0.234925498282
p90_minus_mean,Both,all,17.3540336743,1,3162.59544169,0.453613361998,0.235444160911
p90_minus_mean,Both,all,17.3619403826,1,2627.62577954,0.453778733256,0.235875089028
p90_minus_mean,Both,all,17.4197969594,1,758.643415951,0.453944104515,0.235999505823
p90_minus_mean,Both,all,17.4243593673,1,3663.80188014,0.454109475773,0.236600365829
p90_minus_mean,Both,all,17.4383630896,1,69.9182527166,0.454274847032,0.236611832355
p90_minus_mean,Both,all,17.5302382187,1,1758.33041182,0.45444021829,0.236900196862
p90_minus_mean,Both,all,17.5488390297,1,3289.0847601,0.454605589549,0.237439603619
p90_minus_mean,Both,all,17.5525564654,1,271.14399986,0.454770960807,0.237484070976
p90_minus_mean,Both,all,17.5809100104,1,4495.80049185,0.454936332065,0.238221377959
p90_minus_mean,Both,all,17.6915197537,1,4233.53014023,0.455101703324,0.238915672856
p90_minus_mean,Both,all,17.7081569763,1,209.711782298,0.455267074582,0.238950065387
p90_minus_mean,Both,all,17.7161679047,1,108.78858615,0.455432445841,0.238967906611
p90_minus_mean,Both,all,17.7242260503,1,2213.85069042,0.455597817099,0.239330976009
p90_minus_mean,Both,all,17.7406293043,1,1471.8128279,0.455763188358,0.239572351906
p90_minus_mean,Both,all,17.7461683043,1,2503.97051506,0.455928559616,0.239983000677
p90_minus_mean,Both,all,17.7493336746,1,2981.11516552,0.456093930875,0.240471900714
p90_minus_mean,Both,all,17.7767580634,1,1874.17074624,0.456259302133,0.240779262925
p90_minus_mean,Both,all,17.7888077255,1,685.64146165,0.456424673392,0.240891707469
p90_minus_mean,Both,all,17.8012587966,1,142.438553419,0.45659004465,0.240915067256
p90_minus_mean,Both,all,17.8084894652,1,206.128038537,0.456755415909,0.240948872057
p90_minus_mean,Both,all,17.8312193346,1,2.85272754311,0.456920787167,0.240949339902
p90_minus_mean,Both,all,17.8709282683,1,16.7296309918,0.457086158426,0.240952083545
p90_minus_mean,Both,all,17.9031048262,1,39.414279657,0.457251529684,0.24095854745
p90_minus_mean,Both,all,17.9046807365,1,101.084731943,0.457416900943,0.240975125249
p90_minus_mean,Both,all,17.9139715963,1,65,0.457582272201,0.240985785187
p90_minus_mean,Both,all,17.9149242898,1,2366.70059048,0.45774764346,0.241373921822
p90_minus_mean,Both,all,17.9698424649,1,1403.40171405,0.457913014718,0.241604078361
p90_minus_mean,Both,all,17.9941276113,1,1331.59550984,0.458078385977,0.241822458752
p90_minus_mean,Both,all,18.0181137941,1,16.3675157106,0.458243757235,0.241825143009
p90_minus_mean,Both,all,18.0770070269,1,60.4626286853,0.458409128493,0.241835058822
p90_minus_mean,Both,all,18.1138370138,1,3091.16922283,0.458574499752,0.24234200762
p90_minus_mean,Both,all,18.1444427862,1,10.0993035197,0.45873987101,0.242343663896
p90_minus_mean,Both,all,18.1756906119,1,3066.10928593,0.458905242269,0.242846502888
p90_minus_mean,Both,all,18.1935851494,1,213.237079607,0.459070613527,0.242881473566
p90_minus_mean,Both,all,18.2073775159,1,1199.57599212,0.459235984786,0.243078202882
p90_minus_mean,Both,all,18.2084524109,1,13.3262337916,0.459401356044,0.243080388371
p90_minus_mean,Both,all,18.2402676288,1,3147.82576846,0.459566727303,0.243596628788
p90_minus_mean,Both,all,18.2550435549,1,2478.48323281,0.459732098561,0.244003097669
p90_minus_mean,Both,all,18.2874531638,1,132.038294031,0.45989746982,0.244024751823
p90_minus_mean,Both,all,18.3003072633,1,590.697108019,0.460062841078,0.244121625585
p90_minus_mean,Both,all,18.3075272883,1,1084.58639837,0.460228212337,0.244299496717
p90_minus_mean,Both,all,18.3299075552,1,86.6345345283,0.460393583595,0.244313704698
p90_minus_mean,Both,all,18.3301282912,1,147.995200717,0.460558954854,0.24433797577
p90_minus_mean,Both,all,18.3403378377,1,23.608414097,0.460724326112,0.244341847527
p90_minus_mean,Both,all,18.3453539166,1,2071.20227703,0.460889697371,0.244681522721
p90_minus_mean,Both,all,18.4037360719,1,2782.35180216,0.461055068629,0.245137825757
p90_minus_mean,Both,all,18.40944711,1,182.058394827,0.461220439888,0.245167683159
p90_minus_mean,Both,all,18.4779350679,1,514.322198098,0.461385811146,0.245252031508
p90_minus_mean,Both,all,18.5177198555,1,1960.60371581,0.461551182404,0.245573568643
p90_minus_mean,Both,all,18.5248522193,1,244.420254364,0.461716553663,0.245613653332
p90_minus_mean,Both,all,18.5496784641,1,1909.10926148,0.461881924921,0.245926745426
p90_minus_mean,Both,all,18.6406949815,1,8.76235857458,0.46204729618,0.245928182444
p90_minus_mean,Both,all,18.6548849808,1,896.313608304,0.462212667438,0.246075177019
p90_minus_mean,Both,all,18.6683070683,1,421.869801326,0.462378038697,0.246144363263
p90_minus_mean,Both,all,18.6692080257,1,875.311409995,0.462543409955,0.246287913498
p90_minus_mean,Both,all,18.7209682473,1,2695.6670766,0.462708781214,0.246730000322
p90_minus_mean,Both,all,18.7251730368,1,6.86175631414,0.462874152472,0.246731125643
p90_minus_mean,Both,all,18.7533729972,1,138.130829875,0.463039523731,0.246753778967
p90_minus_mean,Both,all,18.7625608568,1,818.261462211,0.463204894989,0.246887973065
p90_minus_mean,Both,all,18.7991047703,1,537.097196966,0.463370266248,0.246976056492
p90_minus_mean,Both,all,18.8011727074,1,1814.67472958,0.463535637506,0.247273661413
p90_minus_mean,Both,all,18.8724424542,1,54.3932806678,0.463701008765,0.247282581859
p90_minus_mean,Both,all,18.890120971,1,2992.62072258,0.463866380023,0.247773368797
p90_minus_mean,Both,all,18.9376583683,1,444.89135041,0.464031751282,0.247846330553
p90_minus_mean,Both,all,18.982081537,1,199.470736615,0.46419712254,0.247879043563
p90_minus_mean,Both,all,19.0100986032,1,1113.35913626,0.464362493799,0.248061633397
p90_minus_mean,Both,all,19.0113983789,1,2919.57749986,0.464527865057,0.248540441317
p90_minus_mean,Both,all,19.0395441157,1,96.595171465,0.464693236316,0.248556282832
p90_minus_mean,Both,all,19.0631235367,1,119.761278043,0.464858607574,0.248575923568
p90_minus_mean,Both,all,19.073044029,1,1137.00334219,0.465023978832,0.248762391029
p90_minus_mean,Both,all,19.0838684331,1,2144.43303139,0.465189350091,0.249114075996
p90_minus_mean,Both,all,19.1271582002,1,1942.31280144,0.465354721349,0.249432613439
p90_minus_mean,Both,all,19.132946044,1,33.1255409733,0.465520092608,0.249438045996
p90_minus_mean,Both,all,19.1587244346,1,1076.84622335,0.465685463866,0.249614647747
p90_minus_mean,Both,all,19.1851651598,1,907.19014347,0.465850835125,0.249763426064
p90_minus_mean,Both,all,19.1935299196,1,1630.2294291,0.466016206383,0.250030782132
p90_minus_mean,Both,all,19.2135041439,1,2215.96447379,0.466181577642,0.250394198188
p90_minus_mean,Both,all,19.2312912653,1,763.260778269,0.4663469489,0.250519372226
p90_minus_mean,Both,all,19.245504836,1,570.471898454,0.466512320159,0.250612929072
p90_minus_mean,Both,all,19.2571324383,1,2639.54522123,0.466677691417,0.251045811965
p90_minus_mean,Both,all,19.3608416016,1,255.111405878,0.466843062676,0.251087649992
p90_minus_mean,Both,all,19.3725177231,1,3006.762033,0.467008433934,0.251580756091
p90_minus_mean,Both,all,19.430386706,1,49.3841900243,0.467173805193,0.251588855051
p90_minus_mean,Both,all,19.4316876368,1,75.3015503193,0.467339176451,0.251601204433
p90_minus_mean,Both,all,19.4430125306,1,1721.39170291,0.46750454771,0.251883511027
p90_minus_mean,Both,all,19.4593729065,1,55.5026562178,0.467669918968,0.25189261341
p90_minus_mean,Both,all,19.4811045992,1,1673.87177021,0.467835290227,0.25216712678
p90_minus_mean,Both,all,19.5281171981,1,639.010911352,0.468000661485,0.252271923959
p90_minus_mean,Both,all,19.5464579093,1,3962.1051787,0.468166032744,0.252921705421
p90_minus_mean,Both,all,19.5550408041,1,290.982367761,0.468331404002,0.252969426251
p90_minus_mean,Both,all,19.5609763418,1,2062.39081342,0.46849677526,0.253307656373
p90_minus_mean,Both,all,19.585050734,1,528.939155563,0.468662146519,0.253394401889
p90_minus_mean,Both,all,19.6000644597,1,667.62252221,0.468827517777,0.253503891344
p90_minus_mean,Both,all,19.6322301691,1,2455.52418728,0.468992889036,0.253906594964
p90_minus_mean,Both,all,19.6622818927,1,359.381373685,0.469158260294,0.253965533166
p90_minus_mean,Both,all,19.6701454622,1,3812.16790738,0.469323631553,0.254590725059
p90_minus_mean,Both,all,19.675998576,1,8.09796335711,0.469489002811,0.254592053117
p90_minus_mean,Both,all,19.6869354684,1,9.06148727677,0.46965437407,0.254593539192
p90_minus_mean,Both,all,19.7148554927,1,1525.75231532,0.469819745328,0.254843761113
p90_minus_mean,Both,all,19.733674048,1,253.446788569,0.469985116587,0.254885326145
p90_minus_mean,Both,all,19.7672753382,1,15.1989951349,0.470150487845,0.254887818765
p90_minus_mean,Both,all,19.7955589457,1,2734.0455525,0.470315859104,0.255336199622
p90_minus_mean,Both,all,19.8540055746,1,33.4325629583,0.470481230362,0.255341682531
p90_minus_mean,Both,all,19.9028858009,1,2144.89930025,0.470646601621,0.255693443966
p90_minus_mean,Both,all,19.9515687319,1,1847.55464621,0.470811972879,0.255996441162
p90_minus_mean,Both,all,19.9549809358,1,263.300452766,0.470977344138,0.256039622184
p90_minus_mean,Both,all,19.9677574078,1,493.411195357,0.471142715396,0.256120541149
p90_minus_mean,Both,all,19.968151732,1,346.093559142,0.471308086655,0.256177300162
p90_minus_mean,Both,all,19.9782782401,1,1073.69031297,0.471473457913,0.256353384347
p90_minus_mean,Both,all,20.0057102138,1,174.185006176,0.471638829171,0.256381950521
p90_minus_mean,Both,all,20.010845339,1,1279.22311787,0.47180420043,0.25659174189
p90_minus_mean,Both,all,20.0132815722,1,3530.09179589,0.471969571688,0.25717067357
p90_minus_mean,Both,all,20.0192615334,1,822.463322187,0.472134942947,0.257305556769
p90_minus_mean,Both,all,20.0446308014,1,52.759464684,0.472300314205,0.257314209271
p90_minus_mean,Both,all,20.0542716829,1,1732.90627851,0.472465685464,0.257598404244
p90_minus_mean,Both,all,20.0615805902,1,131.878070531,0.472631056722,0.257620032121
p90_minus_mean,Both,all,20.0693211767,1,674.018144424,0.472796427981,0.257730570453
p90_minus_mean,Both,all,20.0836408837,1,52.1126455083,0.472961799239,0.257739116877
p90_minus_mean,Both,all,20.1068254074,1,3630.63014632,0.473127170498,0.25833453675
p90_minus_mean,Both,all,20.1142106504,1,990.469184658,0.473292541756,0.25849697275
p90_minus_mean,Both,all,20.1510946603,1,82.5062122498,0.473457913015,0.25851050369
p90_minus_mean,Both,all,20.1545742384,1,72.7392552708,0.473623284273,0.258522432858
p90_minus_mean,Both,all,20.2483404113,1,2176.60457619,0.473788655532,0.258879393928
p90_minus_mean,Both,all,20.3109249963,1,968.209483526,0.47395402679,0.259038179358
p90_minus_mean,Both,all,20.3397138727,1,1465.08371842,0.474119398049,0.259278451687
p90_minus_mean,Both,all,20.3734202313,1,3665.67457537,0.474284769307,0.259879618814
p90_minus_mean,Both,all,20.3848683056,1,2668.82803596,0.474450140566,0.260317304061
p90_minus_mean,Both,all,20.4363890145,1,1954.23310976,0.474615511824,0.260637796423
p90_minus_mean,Both,all,20.4441392694,1,10.841198421,0.474780883083,0.260639574369
p90_minus_mean,Both,all,20.4665826406,1,1957.10312427,0.474946254341,0.260960537411
p90_minus_mean,Both,all,20.4685024051,1,2168.30532106,0.475111625599,0.261316137411
p90_minus_mean,Both,all,20.4975115433,1,1362.28716978,0.475276996858,0.261539551204
p90_minus_mean,Both,all,20.5016013664,1,309.968512853,0.475442368116,0.261590385744
p90_minus_mean,Both,all,20.5489630093,1,1319.48342389,0.475607739375,0.261806779765
p90_minus_mean,Both,all,20.5815368102,1,23.9451031494,0.475773110633,0.261810706739
p90_minus_mean,Both,all,20.5875996801,1,310.787365813,0.475938481892,0.26186167557
p90_minus_mean,Both,all,20.5890700587,1,130.647430902,0.47610385315,0.261883101623
p90_minus_mean,Both,all,20.6109928031,1,2350.99751501,0.476269224409,0.262268662969
p90_minus_mean,Both,all,20.6187275961,1,157.391315761,0.476434595667,0.262294474994
p90_minus_mean,Both,all,20.6448957356,1,1963.38169619,0.476599966926,0.262616467715
p90_minus_mean,Both,all,20.6772257126,1,4484.65592219,0.476765338184,0.263351947
p90_minus_mean,Both,all,20.7017707772,1,15.2316496626,0.476930709443,0.263354444976
p90_minus_mean,Both,all,20.7251266319,1,1282.45124361,0.477096080701,0.263564765754
p90_minus_mean,Both,all,20.7286416173,1,3543.9242278,0.47726145196,0.26414596594
p90_minus_mean,Both,all,20.7317689327,1,2304.08864554,0.477426823218,0.264523834275
p90_minus_mean,Both,all,20.830558102,1,395,0.477592194477,0.264588613898
p90_minus_mean,Both,all,20.8334551434,1,326.328042382,0.477757565735,0.264642131385
p90_minus_mean,Both,all,20.916033445,1,9.96362425776,0.477922936994,0.26464376541
p90_minus_mean,Both,all,20.9323670369,1,2415.95339444,0.478088308252,0.265039979457
p90_minus_mean,Both,all,20.9369791357,1,667.644161995,0.478253679511,0.265149472461
p90_minus_mean,Both,all,20.9424578462,1,854.873577248,0.478419050769,0.265289670911
p90_minus_mean,Both,all,20.9570653705,1,1800.86117972,0.478584422027,0.265585010423
p90_minus_mean,Both,all,20.9577372412,1,4301.34259447,0.478749793286,0.266290426497
p90_minus_mean,Both,all,21.0246978179,1,158.71548627,0.478915164544,0.266316455685
p90_minus_mean,Both,all,21.0357615055,1,9.09960964774,0.479080535803,0.266317948012
p90_minus_mean,Both,all,21.0459080559,1,38.2563767751,0.479245907061,0.266324222022
p90_minus_mean,Both,all,21.0619939618,1,15.4321715741,0.47941127832,0.266326752883
p90_minus_mean,Both,all,21.0634608151,1,101.684285132,0.479576649578,0.266343429009
p90_minus_mean,Both,all,21.0663780097,1,110.197491192,0.479742020837,0.266361501292
p90_minus_mean,Both,all,21.075261065,1,47.8757586499,0.479907392095,0.26636935287
p90_minus_mean,Both,all,21.0799325986,1,2664.15580452,0.480072763354,0.266806271876
p90_minus_mean,Both,all,21.0871018222,1,304.613369326,0.480238134612,0.266856228177
p90_minus_mean,Both,all,21.1231209154,1,1880.72945445,0.480403505871,0.26716466601
p90_minus_mean,Both,all,21.2067685079,1,1073.92953598,0.480568877129,0.267340789427
p90_minus_mean,Both,all,21.2221615289,1,71.209630276,0.480734248388,0.267352467739
p90_minus_mean,Both,all,21.2436419897,1,17,0.480899619646,0.267355255723
p90_minus_mean,Both,all,21.2660494026,1,1198.96230757,0.481064990905,0.267551884395
p90_minus_mean,Both,all,21.2719715134,1,1393.4504411,0.481230362163,0.267780408935
p90_minus_mean,Both,all,21.2763235072,1,717.671542105,0.481395733422,0.267898106382
p90_minus_mean,Both,all,21.2863824444,1,720.148733106,0.48156110468,0.268016210086
p90_minus_mean,Both,all,21.3032390037,1,2522.70177968,0.481726475938,0.268429930767
p90_minus_mean,Both,all,21.3552619254,1,35.6191127705,0.481891847197,0.268435772267
p90_minus_mean,Both,all,21.3712313513,1,441.040700358,0.482057218455,0.26850810252
p90_minus_mean,Both,all,21.3742777646,1,474.710135626,0.482222589714,0.268585954529
p90_minus_mean,Both,all,21.4174729711,1,3310.43080205,0.482387960972,0.269128862016
p90_minus_mean,Both,all,21.4183151055,1,3.0840170189,0.482553332231,0.269129367792
p90_minus_mean,Both,all,21.4255278565,1,2803.05946247,0.482718703489,0.269589066864
p90_minus_mean,Both,all,21.4767270872,1,8.55201531253,0.482884074748,0.269590469387
p90_minus_mean,Both,all,21.4949289233,1,392.921758847,0.483049446006,0.26965490818
p90_minus_mean,Both,all,21.4987175871,1,1546.28944593,0.483214817265,0.269908498171
p90_minus_mean,Both,all,21.5825412131,1,9.46379273457,0.483380188523,0.269910050224
p90_minus_mean,Both,all,21.5866698427,1,240.061305222,0.483545559782,0.269949420048
p90_minus_mean,Both,all,21.6539663828,1,1376.16180782,0.48371093104,0.270175109269
p90_minus_mean,Both,all,21.6542414435,1,642.558063791,0.483876302299,0.270280488178
p90_minus_mean,Both,all,21.6585647888,1,104.147284518,0.484041673557,0.270297568233
p90_minus_mean,Both,all,21.6747227185,1,2019.480097,0.484207044816,0.270628761038
p90_minus_mean,Both,all,21.6803819365,1,1465.84168726,0.484372416074,0.270869157674
p90_minus_mean,Both,all,21.6847783674,1,723.241907903,0.484537787333,0.270987768655
p90_minus_mean,Both,all,21.6903001378,1,48.2123455051,0.484703158591,0.270995675434
p90_minus_mean,Both,all,21.7280168971,1,82.0692589908,0.48486852985,0.271009134714
p90_minus_mean,Both,all,21.7321967925,1,1527.56136396,0.485033901108,0.271259653318
p90_minus_mean,Both,all,21.7621790678,1,1741.74474569,0.485199272366,0.271545297791
p90_minus_mean,Both,all,21.8101574594,1,1757.35150301,0.485364643625,0.271833501758
p90_minus_mean,Both,all,21.8471400477,1,163.785941918,0.485530014883,0.271860362496
p90_minus_mean,Both,all,21.8757980996,1,303.744663171,0.485695386142,0.27191017633
p90_minus_mean,Both,all,21.9128196247,1,51.0235927535,0.4858607574,0.271918544151
p90_minus_mean,Both,all,21.9289510654,1,2125.47418599,0.486026128659,0.272267119885
p90_minus_mean,Both,all,21.9363880638,1,146.298128481,0.486191499917,0.272291112639
p90_minus_mean,Both,all,21.9458999444,1,10.4439955868,0.486356871176,0.272292825444
p90_minus_mean,Both,all,21.9545302342,1,831.442873661,0.486522242434,0.27242918128
p90_minus_mean,Both,all,21.9578865169,1,1690.23728603,0.486687613693,0.27270637858
p90_minus_mean,Both,all,21.9706633002,1,1862.46105696,0.486852984951,0.273011820413
p90_minus_mean,Both,all,21.9779475841,1,124.979678217,0.48701835621,0.273032316961
p90_minus_mean,Both,all,21.9927643425,1,1994.9480386,0.487183727468,0.273359486532
p90_minus_mean,Both,all,21.992981792,1,416.202270509,0.487349098727,0.273427743307
p90_minus_mean,Both,all,22.0013557014,1,103.196032106,0.487514469985,0.273444667357
p90_minus_mean,Both,all,22.0273325977,1,2691.9596755,0.487679841244,0.273886146171
p90_minus_mean,Both,all,22.072955124,1,1690.42416898,0.487845212502,0.274163374119
p90_minus_mean,Both,all,22.1002981238,1,177,0.488010583761,0.27419240195
p90_minus_mean,Both,all,22.1349987539,1,1347.65237993,0.488175955019,0.274413415652
p90_minus_mean,Both,all,22.1631863269,1,489.830467571,0.488341326277,0.27449374738
p90_minus_mean,Both,all,22.167138716,1,2051.49905047,0.488506697536,0.274830191264
p90_minus_mean,Both,all,22.2091345048,1,70.4451736878,0.488672068794,0.274841744205
p90_minus_mean,Both,all,22.2158090035,1,575.663216868,0.488837440053,0.274936152422
p90_minus_mean,Both,all,22.2248144853,1,2592.4467833,0.489002811311,0.275361311216
p90_minus_mean,Both,all,22.230411887,1,781.61085321,0.48916818257,0.275489494649
p90_minus_mean,Both,all,22.2544681484,1,890.172250173,0.489333553828,0.275635482047
p90_minus_mean,Both,all,22.2546079814,1,1612.89151736,0.489498925087,0.275899994715
p90_minus_mean,Both,all,22.2876063597,1,1259.81627795,0.489664296345,0.27610660338
p90_minus_mean,Both,all,22.2909632657,1,492.777420751,0.489829667604,0.276187418406
p90_minus_mean,Both,all,22.3302082238,1,874.719385979,0.489995038862,0.276330871549
p90_minus_mean,Both,all,22.3440387759,1,100.177059948,0.490160410121,0.276347300491
p90_minus_mean,Both,all,22.3843524832,1,1293.09879091,0.490325781379,0.276559367457
p90_minus_mean,Both,all,22.3954186029,1,13.5060909753,0.490491152638,0.276561582443
p90_minus_mean,Both,all,22.4266764493,1,1087.70616303,0.490656523896,0.276739965214
p90_minus_mean,Both,all,22.433111681,1,523.376388176,0.490821895155,0.276825798441
p90_minus_mean,Both,all,22.447847544,1,2574.7547248,0.490987266413,0.277248055755
p90_minus_mean,Both,all,22.4749286286,1,657.228097222,0.491152637672,0.277355840535
p90_minus_mean,Both,all,22.4848891086,1,1171.15510444,0.49131800893,0.277547908853
p90_minus_mean,Both,all,22.5003404369,1,2289.05819497,0.491483380189,0.277923312208
p90_minus_mean,Both,all,22.5244130743,1,2079.90636652,0.491648751447,0.278264414865
p90_minus_mean,Both,all,22.5612858712,1,2.27068171624,0.491814122705,0.278264787254
p90_minus_mean,Both,all,22.6459803663,1,144.786641336,0.491979493964,0.278288532125
p90_minus_mean,Both,all,22.6506620893,1,717.935958415,0.492144865222,0.278406272936
p90_minus_mean,Both,all,22.6778866555,1,116.27681795,0.492310236481,0.278425342223
p90_minus_mean,Both,all,22.7607920539,1,2930.26144417,0.492475607739,0.278905902299
p90_minus_mean,Both,all,22.763531103,1,1487.59142262,0.492640978998,0.27914986587
p90_minus_mean,Both,all,22.8413966513,1,4738.40556208,0.492806350256,0.279926959853
p90_minus_mean,Both,all,22.8765993923,1,2740.13638591,0.492971721515,0.280376339601
p90_minus_mean,Both,all,22.8873482355,1,79.9165879901,0.493137092773,0.280389445845
p90_minus_mean,Both,all,22.9396560609,1,117.211556972,0.493302464032,0.280408668429
p90_minus_mean,Both,all,22.9528713234,1,2230.87464008,0.49346783529,0.280774529737
p90_minus_mean,Both,all,23.0133241205,1,2775.05577992,0.493633206549,0.281229636232
p90_minus_mean,Both,all,23.0426530735,1,2853.7474827,0.493798577807,0.281697648092
p90_minus_mean,Both,all,23.0678423399,1,1223.15977094,0.493963949066,0.281898245125
p90_minus_mean,Both,all,23.0972101604,1,3795.69100854,0.494129320324,0.282520734822
p90_minus_mean,Both,all,23.1600235116,1,639.572315205,0.494294691583,0.282625624071
p90_minus_mean,Both,all,23.1685832092,1,1244.6434134,0.494460062841,0.282829744401
p90_minus_mean,Both,all,23.1892485207,1,2468.75906559,0.4946254341,0.283234618528
p90_minus_mean,Both,all,23.1983361986,1,120.026843751,0.494790805358,0.283254302815
p90_minus_mean,Both,all,23.2000987394,1,204.177604929,0.494956176617,0.283287787748
p90_minus_mean,Both,all,23.2017892726,1,1393.25043999,0.495121547875,0.283516279488
p90_minus_mean,Both,all,23.2064911827,1,2892.00173653,0.495286919133,0.283990565008
p90_minus_mean,Both,all,23.2422417157,1,786.003700156,0.495452290392,0.284119468864
p90_minus_mean,Both,all,23.3063833251,1,1310.48125726,0.49561766165,0.284334386537
p90_minus_mean,Both,all,23.3291644597,1,272.87532647,0.495783032909,0.28437913783
p90_minus_mean,Both,all,23.3459728359,1,621.642933499,0.495948404167,0.284481086677
p90_minus_mean,Both,all,23.3733606132,1,26.6418903026,0.496113775426,0.284485455922
p90_minus_mean,Both,all,23.3865360624,1,3.54418315228,0.496279146684,0.284486037164
p90_minus_mean,Both,all,23.3866339441,1,16.8392386461,0.496444517943,0.284488798783
p90_minus_mean,Both,all,23.3915846773,1,1893.15903582,0.496609889201,0.284799275056
p90_minus_mean,Both,all,23.409766006,1,93.1955294098,0.49677526046,0.284814559033
p90_minus_mean,Both,all,23.4659586916,1,229.361868803,0.496940631718,0.284852174161
p90_minus_mean,Both,all,23.4697112184,1,2318.40300332,0.497106002977,0.285232390037
p90_minus_mean,Both,all,23.4815178658,1,3909.93882318,0.497271374235,0.285873616267
p90_minus_mean,Both,all,23.5258794506,1,13.0139827058,0.497436745494,0.285875750547
p90_minus_mean,Both,all,23.5458464887,1,1065.56288568,0.497602116752,0.286050501842
p90_minus_mean,Both,all,23.5495395471,1,1489.83806205,0.497767488011,0.28629483386
p90_minus_mean,Both,all,23.6219448715,1,1260.73956173,0.497932859269,0.286501593943
p90_minus_mean,Both,all,23.6284298163,1,2.72002274522,0.498098230528,0.286502040024
p90_minus_mean,Both,all,23.6471035585,1,4039.49220951,0.498263601786,0.287164512886
p90_minus_mean,Both,all,23.6898699003,1,23.6013032042,0.498428973044,0.287168383477
p90_minus_mean,Both,all,23.7711596317,1,183.29859138,0.498594344303,0.287198444271
p90_minus_mean,Both,all,23.7860543022,1,43.1808324616,0.498759715561,0.287205525886
p90_minus_mean,Both,all,23.833464627,1,144.167421278,0.49892508682,0.287229169205
p90_minus_mean,Both,all,23.8637828136,1,3092.08052715,0.499090458078,0.287736267456
p90_minus_mean,Both,all,23.8904934747,1,298.357053709,0.499255829337,0.287785197728
p90_minus_mean,Both,all,24.0082283991,1,2156.01140451,0.499421200595,0.288138781537
p90_minus_mean,Both,all,24.0380447112,1,1716.02701974,0.499586571854,0.288420208328
p90_minus_mean,Both,all,24.0696133632,1,2253.81287893,0.499751943112,0.288789831486
p90_minus_mean,Both,all,24.072486308,1,1748.18803675,0.499917314371,0.289076532653
p90_minus_mean,Both,all,24.1467824136,1,684.634029563,0.500082685629,0.289188811979
p90_minus_mean,Both,all,24.2143768949,1,2172.55337359,0.500248056888,0.289545108656
p90_minus_mean,Both,all,24.2437877223,1,121.308028683,0.500413428146,0.289565003057
p90_minus_mean,Both,all,24.2783940839,1,411.690465167,0.500578799405,0.289632519899
p90_minus_mean,Both,all,24.2837754182,1,2785.62541143,0.500744170663,0.290089359804
p90_minus_mean,Both,all,24.2863519817,1,2710.40060962,0.500909541922,0.290533862913
p90_minus_mean,Both,all,24.2865868962,1,8.61590838829,0.50107491318,0.290535275914
p90_minus_mean,Both,all,24.4122572937,1,1600.69965183,0.501240284439,0.290797789127
p90_minus_mean,Both,all,24.4141013351,1,1313.82423486,0.501405655697,0.291013255046
p90_minus_mean,Both,all,24.4282003553,1,2436.10749913,0.501571026956,0.291412774347
p90_minus_mean,Both,all,24.4369074139,1,1022.14937334,0.501736398214,0.291580405867
p90_minus_mean,Both,all,24.4705806927,1,702.684080571,0.501901769472,0.291695645385
p90_minus_mean,Both,all,24.484192102,1,949.842709888,0.502067140731,0.291851418681
p90_minus_mean,Both,all,24.4940090221,1,1.75730718737,0.502232511989,0.291851706878
p90_minus_mean,Both,all,24.5032543242,1,403.228358491,0.502397883248,0.291917835943
p90_minus_mean,Both,all,24.5333805871,1,727.248889698,0.502563254506,0.292037104066
p90_minus_mean,Both,all,24.5860377545,1,3753.29709424,0.502728625765,0.292652641202
p90_minus_mean,Both,all,24.5873502326,1,2939.96333152,0.502893997023,0.293134792378
p90_minus_mean,Both,all,24.5934177364,1,14.9395245387,0.503059368282,0.293137242446
p90_minus_mean,Both,all,24.6015694961,1,2255.90512219,0.50322473954,0.29350720873
p90_minus_mean,Both,all,24.6520720328,1,1.38959217168,0.503390110799,0.293507436621
p90_minus_mean,Both,all,24.6819593243,1,1168.2955129,0.503555482057,0.293699035969
p90_minus_mean,Both,all,24.7126017174,1,52.1629979333,0.503720853316,0.293707590651
p90_minus_mean,Both,all,24.7466895352,1,1665.23156936,0.503886224574,0.293980687036
p90_minus_mean,Both,all,24.7535451593,1,1008.27615152,0.504051595833,0.294146043361
p90_minus_mean,Both,all,24.7725222882,1,13.3759981452,0.504216967091,0.294148237012
p90_minus_mean,Both,all,24.7725612566,1,78.4612665014,0.50438233835,0.294161104585
p90_minus_mean,Both,all,24.8189523094,1,611.243270756,0.504547709608,0.294261347897
p90_minus_mean,Both,all,24.8240957914,1,4125.03758733,0.504713080867,0.294937850118
p90_minus_mean,Both,all,24.8961749289,1,230.808264872,0.504878452125,0.294975702453
p90_minus_mean,Both,all,24.9393690809,1,312.077370513,0.505043823383,0.295026882844
p90_minus_mean,Both,all,25.0190491017,1,18.0535705899,0.505209194642,0.295029843612
p90_minus_mean,Both,all,25.0369822499,1,783.092163384,0.5053745659,0.295158269978
p90_minus_mean,Both,all,25.0458544548,1,56.1723915706,0.505539937159,0.295167482197
p90_minus_mean,Both,all,25.0810532608,1,940.00901896,0.505705308417,0.295321642777
p90_minus_mean,Both,all,25.1173618331,1,2337.25047675,0.505870679676,0.295704949622
p90_minus_mean,Both,all,25.1441963719,1,2742.84865304,0.506036050934,0.296154774179
p90_minus_mean,Both,all,25.1762174844,1,702.371272087,0.506201422193,0.296269962396
p90_minus_mean,Both,all,25.2300798583,1,947.985473779,0.506366793451,0.296425431108
p90_minus_mean,Both,all,25.2304337487,1,2108.65800881,0.50653216471,0.296771249006
p90_minus_mean,Both,all,25.2528447775,1,448.882104594,0.506697535968,0.296844865242
p90_minus_mean,Both,all,25.2538737417,1,2060.63656713,0.506862907227,0.297182807669
p90_minus_mean,Both,all,25.2591498027,1,52.5191151095,0.507028278485,0.297191420754
p90_minus_mean,Both,all,25.2876997319,1,2920.75861578,0.507193649744,0.297670422375
p90_minus_mean,Both,all,25.2940684876,1,1678.01187582,0.507359021002,0.297945614718
p90_minus_mean,Both,all,25.3153607742,1,1559.82104694,0.507524392261,0.298201423879
p90_minus_mean,Both,all,25.3264102528,1,1006.76420467,0.507689763519,0.298366532246
p90_minus_mean,Both,all,25.3334286377,1,4651.28612269,0.507855134778,0.299129338725
p90_minus_mean,Both,all,25.3433368554,1,361.171277651,0.508020506036,0.299188570469
p90_minus_mean,Both,all,25.386599796,1,2450.55896935,0.508185877295,0.299590459798
p90_minus_mean,Both,all,25.3880513028,1,2396.54705264,0.508351248553,0.299983491223
p90_minus_mean,Both,all,25.4184744888,1,1.62014343845,0.508516619811,0.299983756925
p90_minus_mean,Both,all,25.4512286504,1,191.601078535,0.50868199107,0.300015179319
p90_minus_mean,Both,all,25.4561107982,1,2090.44625985,0.508847362328,0.300358010508
p90_minus_mean,Both,all,25.509128114,1,2970.41102781,0.509012733587,0.300845155077
p90_minus_mean,Both,all,25.5096019496,1,11.0014661933,0.509178104845,0.300846959307
p90_minus_mean,Both,all,25.5144701793,1,58.0394336202,0.509343476104,0.300856477718
p90_minus_mean,Both,all,25.5401364168,1,62.5988274059,0.509508847362,0.300866743866
p90_minus_mean,Both,all,25.5621231161,1,1485.3264153,0.509674218621,0.301110335979
p90_minus_mean,Both,all,25.6024038247,1,46.8225263568,0.509839589879,0.301118014828
p90_minus_mean,Both,all,25.6057845122,1,341.870243626,0.510004961138,0.301174081221
p90_minus_mean,Both,all,25.6223543802,1,3159.89197379,0.510170332396,0.301692300485
p90_minus_mean,Both,all,25.6779975096,1,50.1921434583,0.510335703655,0.301700531948
p90_minus_mean,Both,all,25.7016789568,1,1617.45436444,0.510501074913,0.301965792918
p90_minus_mean,Both,all,25.7073263454,1,514.409324186,0.510666446172,0.302050155555
p90_minus_mean,Both,all,25.7246319489,1,1850.34825594,0.51083181743,0.302353610901
p90_minus_mean,Both,all,25.7492371924,1,2797.4516805,0.510997188689,0.302812390302
p90_minus_mean,Both,all,25.7930869863,1,1954.1847544,0.511162559947,0.303132874734
p90_minus_mean,Both,all,25.7965396294,1,519.771218653,0.511327931206,0.303218116717
p90_minus_mean,Both,all,25.7999760225,1,1228.93829749,0.511493302464,0.303419661423
p90_minus_mean,Both,all,25.8123108943,1,345.358023002,0.511658673723,0.303476299809
p90_minus_mean,Both,all,25.8293062237,1,903.889573564,0.511824044981,0.303624536835
p90_minus_mean,Both,all,25.8465610045,1,650.188903896,0.511989416239,0.303731167194
p90_minus_mean,Both,all,25.8592942518,1,565.122065916,0.512154787498,0.303823846672
p90_minus_mean,Both,all,25.8661382339,1,1175.04656682,0.512320158756,0.304016553186
p90_minus_mean,Both,all,25.8691212608,1,1404.20910294,0.512485530015,0.304246842137
p90_minus_mean,Both,all,25.8833169881,1,1137.0244791,0.512650901273,0.304433313065
p90_minus_mean,Both,all,25.8910546541,1,2114.85828711,0.512816272532,0.304780147802
p90_minus_mean,Both,all,25.9023813757,1,703.867449148,0.51298164379,0.304895581391
p90_minus_mean,Both,all,25.9635211221,1,2555.63812589,0.513147015049,0.305314703601
p90_minus_mean,Both,all,25.9789827878,1,4367.33641848,0.513312386307,0.306030942599
p90_minus_mean,Both,all,25.9794431322,1,4698.87130184,0.513477757566,0.306801553001
p90_minus_mean,Both,all,25.9845934199,1,3349.14975564,0.513643128824,0.30735081036
p90_minus_mean,Both,all,26.0074382399,1,1553.19782056,0.513808500083,0.307605533317
p90_minus_mean,Both,all,26.0450279174,1,488.441777798,0.513973871341,0.307685637302
p90_minus_mean,Both,all,26.1777786235,1,537.701637494,0.5141392426,0.307773819857
p90_minus_mean,Both,all,26.181030129,1,63.8506508984,0.514304613858,0.307784291302
p90_minus_mean,Both,all,26.2287651615,1,2650.3328117,0.514469985117,0.30821894335
p90_minus_mean,Both,all,26.2483244419,1,17.5413320132,0.514635356375,0.308221820112
p90_minus_mean,Both,all,26.2589193992,1,1044.10291929,0.514800727634,0.308393051993
p90_minus_mean,Both,all,26.2627558326,1,3484.13823056,0.514966098892,0.308964447332
p90_minus_mean,Both,all,26.272689,1,166.115749941,0.51513147015,0.308991690156
p90_minus_mean,Both,all,26.2961811306,1,1627.94065014,0.515296841409,0.309258670867
p90_minus_mean,Both,all,26.3214904159,1,10.6456178703,0.515462212667,0.309260416738
p90_minus_mean,Both,all,26.355227918,1,2643.26833036,0.515627583926,0.309693910218
p90_minus_mean,Both,all,26.3577505729,1,1247.76666861,0.515792955184,0.309898542759
p90_minus_mean,Both,all,26.3724434714,1,599.976629013,0.515958326443,0.309996938352
p90_minus_mean,Both,all,26.4386863964,1,2509.30663597,0.516123697701,0.310408462242
p90_minus_mean,Both,all,26.4539894359,1,529.342980403,0.51628906896,0.310495273985
p90_minus_mean,Both,all,26.4959079971,1,798.213483448,0.516454440218,0.310626180233
p90_minus_mean,Both,all,26.5083739043,1,357.280061411,0.516619811477,0.310684773822
p90_minus_mean,Both,all,26.5366834395,1,28.2271843877,0.516785182735,0.310689403053
p90_minus_mean,Both,all,26.5401439125,1,2152.13081343,0.516950553994,0.311042350449
p90_minus_mean,Both,all,26.5509581534,1,62.445934611,0.517115925252,0.311052591523
p90_minus_mean,Both,all,26.581475556,1,3286.5089013,0.517281296511,0.311591575841
p90_minus_mean,Both,all,26.588135191,1,15.7425375785,0.517446667769,0.311594157602
p90_minus_mean,Both,all,26.6055533786,1,2144.89859402,0.517612039028,0.311945918922
p90_minus_mean,Both,all,26.6108751436,1,207.47390452,0.517777410286,0.311979944444
p90_minus_mean,Both,all,26.6152263087,1,6.57400843448,0.517942781545,0.311981022575
p90_minus_mean,Both,all,26.6290229823,1,4010.77890073,0.518108152803,0.312638786481
p90_minus_mean,Both,all,26.6535977211,1,19.5201411847,0.518273524062,0.312641987765
p90_minus_mean,Both,all,26.686938646,1,1672.95984352,0.51843889532,0.31291635158
p90_minus_mean,Both,all,26.7016425111,1,281.322778101,0.518604266578,0.312962488247
p90_minus_mean,Both,all,26.7169941079,1,1916.78862696,0.518769637837,0.31327683975
p90_minus_mean,Both,all,26.7286663129,1,2852.82020597,0.518935009095,0.313744699537
p90_minus_mean,Both,all,26.8066716478,1,3113.03102656,0.519100380354,0.314255233649
p90_minus_mean,Both,all,26.8133160695,1,2544.34274555,0.519265751612,0.314672503428
p90_minus_mean,Both,all,26.8288208422,1,1727.12488198,0.519431122871,0.314955750257
p90_minus_mean,Both,all,26.863493052,1,852.171093114,0.519596494129,0.315095505502
p90_minus_mean,Both,all,26.8904857362,1,2213.75549217,0.519761865388,0.315458559287
p90_minus_mean,Both,all,26.9704476837,1,1599.6905291,0.519927236646,0.315720907004
p90_minus_mean,Both,all,26.9785863685,1,82.2340585183,0.520092607905,0.315734393311
p90_minus_mean,Both,all,27.0164758349,1,1942.92466064,0.520257979163,0.316053031099
p90_minus_mean,Both,all,27.0167119332,1,199.784079572,0.520423350422,0.316085795497
p90_minus_mean,Both,all,27.0587155695,1,49.3921061997,0.52058872168,0.316093895755
p90_minus_mean,Both,all,27.0833526128,1,2168.36312605,0.520754092939,0.316449505235
p90_minus_mean,Both,all,27.0985462241,1,1102.34571645,0.520919464197,0.316630288879
p90_minus_mean,Both,all,27.1043302543,1,2282.14078748,0.521084835456,0.317004557786
p90_minus_mean,Both,all,27.1325737417,1,421.343342327,0.521250206714,0.317073657692
p90_minus_mean,Both,all,27.1361249965,1,1776.28813892,0.521415577973,0.317364967249
p90_minus_mean,Both,all,27.1642736997,1,1177.3401561,0.521580949231,0.317558049909
p90_minus_mean,Both,all,27.208745849,1,2469.90417993,0.521746320489,0.317963111834
p90_minus_mean,Both,all,27.2114839318,1,14.4637943847,0.521911691748,0.317965483882
p90_minus_mean,Both,all,27.2444894364,1,334.174158681,0.522077063006,0.318020288125
p90_minus_mean,Both,all,27.2552492142,1,68.5239706294,0.522242434265,0.31803152599
p90_minus_mean,Both,all,27.2625508101,1,1813.32804148,0.522407805523,0.318328910056
p90_minus_mean,Both,all,27.2643448289,1,2362.00420785,0.522573176782,0.318716276488
p90_minus_mean,Both,all,27.2787055035,1,56.3875172195,0.52273854804,0.318725523987
p90_minus_mean,Both,all,27.2858829248,1,3882.27472061,0.522903919299,0.31936221333
p90_minus_mean,Both,all,27.2965157568,1,775.613130329,0.523069290557,0.319489413142
p90_minus_mean,Both,all,27.2985061212,1,1935.16501699,0.523234661816,0.319806778355
p90_minus_mean,Both,all,27.3109233116,1,1644.89040646,0.523400033074,0.32007653881
p90_minus_mean,Both,all,27.3306850422,1,697.439549151,0.523565404333,0.320190918229
p90_minus_mean,Both,all,27.410306077,1,1.24429204804,0.523730775591,0.320191122292
p90_minus_mean,Both,all,27.4249512262,1,318.089866329,0.52389614685,0.320243288726
p90_minus_mean,Both,all,27.4257904954,1,434.356569998,0.524061518108,0.320314522788
p90_minus_mean,Both,all,27.4258664665,1,1440.90692768,0.524226889367,0.320550830147
p90_minus_mean,Both,all,27.4794729444,1,297.39401047,0.524392260625,0.320599602481
p90_minus_mean,Both,all,27.5062988491,1,425.15908536,0.524557631884,0.320669328164
p90_minus_mean,Both,all,27.6227427348,1,3615.84916772,0.524723003142,0.321262323971
p90_minus_mean,Both,all,27.6232101803,1,2174.17828458,0.524888374401,0.321618887132
p90_minus_mean,Both,all,27.6940226305,1,62.3853431113,0.525053745659,0.321629118269
p90_minus_mean,Both,all,27.7054470864,1,1561.62157142,0.525219116917,0.321885222714
p90_minus_mean,Both,all,27.731254644,1,18.7345045059,0.525384488176,0.321888295154
p90_minus_mean,Both,all,27.7517477386,1,16.5670408753,0.525549859434,0.321891012133
p90_minus_mean,Both,all,27.7800140149,1,914.325988366,0.525715230693,0.322040960721
p90_minus_mean,Both,all,27.9325408569,1,65.4221238603,0.525880601951,0.322051689887
p90_minus_mean,Both,all,27.9440085239,1,176.393029191,0.52604597321,0.322080618175
p90_minus_mean,Both,all,27.9464701385,1,2903.75138117,0.526211344468,0.322556830626
p90_minus_mean,Both,all,27.9511720344,1,1894.82174715,0.526376715727,0.322867579582
p90_minus_mean,Both,all,27.9871140535,1,3610.20136204,0.526542086985,0.323459649154
p90_minus_mean,Both,all,27.9895393217,1,448.936432108,0.526707458244,0.3235332743
p90_minus_mean,Both,all,28.012827111,1,2598.84190459,0.526872829502,0.323959481888
p90_minus_mean,Both,all,28.0815527034,1,102.420049616,0.527038200761,0.323976278678
p90_minus_mean,Both,all,28.1568010971,1,20.5922276942,0.527203572019,0.323979655784
p90_minus_mean,Both,all,28.1702619631,1,6.64436371513,0.527368943278,0.323980745453
p90_minus_mean,Both,all,28.1890873315,1,1513.74603576,0.527534314536,0.324228998356
p90_minus_mean,Both,all,28.2154293374,1,2045.07582091,0.527699685795,0.324564388836
p90_minus_mean,Both,all,28.2190112506,1,904.20749486,0.527865057053,0.324712678001
p90_minus_mean,Both,all,28.2258128911,1,2320.61448468,0.528030428312,0.325093256558
p90_minus_mean,Both,all,28.2556004817,1,2601.91431955,0.52819579957,0.32551996802
p90_minus_mean,Both,all,28.2709190575,1,3586.37258807,0.528361170829,0.326108129696
p90_minus_mean,Both,all,28.2718289357,1,2796.72527061,0.528526542087,0.326566789967
p90_minus_mean,Both,all,28.2739969701,1,3910.26427305,0.528691913345,0.32720806957
p90_minus_mean,Both,all,28.2853105952,1,3370.9023242,0.528857284604,0.327760894329
p90_minus_mean,Both,all,28.3012115363,1,522.769215251,0.529022655862,0.327846627981
p90_minus_mean,Both,all,28.306229404,1,3231.88285656,0.529188027121,0.32837665368
p90_minus_mean,Both,all,28.3182017272,1,220.395562912,0.529353398379,0.328412798342
p90_minus_mean,Both,all,28.3197679524,1,0.467068004429,0.529518769638,0.328412874941
p90_minus_mean,Both,all,28.3471439766,1,268.41621959,0.529684140896,0.328456894944
p90_minus_mean,Both,all,28.3581177879,1,3012.47191357,0.529849512155,0.328950937458
p90_minus_mean,Both,all,28.3730423951,1,3531.4307308,0.530014883413,0.329530088723
p90_minus_mean,Both,all,28.382051335,1,15.3349553459,0.530180254672,0.329532603641
p90_minus_mean,Both,all,28.4082285748,1,1906.82500047,0.53034562593,0.329845321118
p90_minus_mean,Both,all,28.4142079553,1,1761.96553227,0.530510997189,0.330134281781
p90_minus_mean,Both,all,28.4216113067,1,1838.19390294,0.530676368447,0.330435743824
p90_minus_mean,Both,all,28.442145549,1,335.590172231,0.530841739706,0.330490780292
p90_minus_mean,Both,all,28.4546713746,1,3674.30167995,0.531007110964,0.331093362255
p90_minus_mean,Both,all,28.4588859231,1,2783.2426893,0.531172482223,0.331549811396
p90_minus_mean,Both,all,28.5272680429,1,2057.44000727,0.531337853481,0.33188722959
p90_minus_mean,Both,all,28.5390396916,1,3474.9688303,0.53150322474,0.332457121157
p90_minus_mean,Both,all,28.5515896758,1,2253.63787417,0.531668595998,0.332826715614
p90_minus_mean,Both,all,28.5674509655,1,2133.35920257,0.531833967256,0.333176584484
p90_minus_mean,Both,all,28.572436289,1,965.215053999,0.531999338515,0.33333487883
p90_minus_mean,Both,all,28.5842038463,1,3789.50699112,0.532164709773,0.333956354355
p90_minus_mean,Both,all,28.6265425541,1,1260.52114409,0.532330081032,0.334163078617
p90_minus_mean,Both,all,28.6581162245,1,60.1875597903,0.53249545229,0.33417294932
p90_minus_mean,Both,all,28.7529411046,1,724.936600451,0.532660823549,0.334291838229
p90_minus_mean,Both,all,28.7584126851,1,1112.20122949,0.532826194807,0.334474238168
p90_minus_mean,Both,all,28.7880779465,1,2207.05437404,0.532991566066,0.334836192976
p90_minus_mean,Both,all,28.8190870402,1,11.5398573415,0.533156937324,0.334838085501
p90_minus_mean,Both,all,28.8299066242,1,2314.25508574,0.533322308583,0.335217621123
p90_minus_mean,Both,all,28.9067727935,1,2762.46490208,0.533487679841,0.335670662726
p90_minus_mean,Both,all,28.9275308108,1,157.564802294,0.5336530511,0.335696503203
p90_minus_mean,Both,all,28.9347657067,1,2224.89139978,0.533818422358,0.336061383266
p90_minus_mean,Both,all,28.9405341997,1,1243.27060723,0.533983793617,0.336265278458
p90_minus_mean,Both,all,28.949174427,1,35.6601188621,0.534149164875,0.336271126683
p90_minus_mean,Both,all,28.9927031445,1,413.82566204,0.534314536134,0.336338993696
p90_minus_mean,Both,all,28.9948754529,1,23.1595148009,0.534479907392,0.336342791834
p90_minus_mean,Both,all,29.002712743,1,29.0431295061,0.534645278651,0.33634755488
p90_minus_mean,Both,all,29.0369080439,1,164.577588485,0.534810649909,0.336374545447
p90_minus_mean,Both,all,29.0411330399,1,5.41307489084,0.534976021168,0.336375433186
p90_minus_mean,Both,all,29.0992299559,1,1934.58604956,0.535141392426,0.336692703449
p90_minus_mean,Both,all,29.1518724176,1,1309.76236536,0.535306763684,0.336907503225
p90_minus_mean,Both,all,29.1896321704,1,248.930995064,0.535472134943,0.33694832767
p90_minus_mean,Both,all,29.2071332015,1,12.2161657909,0.535637506201,0.33695033111
p90_minus_mean,Both,all,29.2170761814,1,95.6684297578,0.53580287746,0.336966020641
p90_minus_mean,Both,all,29.2234643168,1,1736.09359998,0.535968248718,0.337250738332
p90_minus_mean,Both,all,29.2434316342,1,1464.24517004,0.536133619977,0.33749087314
p90_minus_mean,Both,all,29.2486223584,1,3353.46859764,0.536298991235,0.338040838785
p90_minus_mean,Both,all,29.2922317348,1,271.197598069,0.536464362494,0.338085314931
p90_minus_mean,Both,all,29.2948108629,1,119.579033993,0.536629733752,0.338104925779
p90_minus_mean,Both,all,29.3071343448,1,2866.70287589,0.536795105011,0.33857506231
p90_minus_mean,Both,all,29.3205252852,1,3296.07549977,0.536960476269,0.339115615542
p90_minus_mean,Both,all,29.3231095547,1,1144.74879107,0.537125847528,0.339303353249
p90_minus_mean,Both,all,29.3352231975,1,15.8398788427,0.537291218786,0.339305950974
p90_minus_mean,Both,all,29.3404285065,1,7.27956133392,0.537456590045,0.339307144815
p90_minus_mean,Both,all,29.4099475231,1,718.842259882,0.537621961303,0.339425034259
p90_minus_mean,Both,all,29.4141202777,1,401.777824307,0.537787332562,0.339490925438
p90_minus_mean,Both,all,29.436292838,1,275.222120846,0.53795270382,0.339536061603
p90_minus_mean,Both,all,29.4379202093,1,1628.42401882,0.538118075079,0.339803121585
p90_minus_mean,Both,all,29.4426485252,1,390.075814716,0.538283446337,0.339867093646
p90_minus_mean,Both,all,29.4463855057,1,28.5753747358,0.538448817596,0.33987177998
p90_minus_mean,Both,all,29.4603623058,1,1235.41364181,0.538614188854,0.340074386636
p90_minus_mean,Both,all,29.5305989073,1,3.11090873327,0.538779560112,0.340074896822
p90_minus_mean,Both,all,29.5866119761,1,927.98876302,0.538944931371,0.340227086093
p90_minus_mean,Both,all,29.6018637997,1,75.3554466844,0.539110302629,0.340239444314
p90_minus_mean,Both,all,29.6176986655,1,698.194542719,0.539275673888,0.340353947551
p90_minus_mean,Both,all,29.6354566151,1,711.727479253,0.539441045146,0.340470670178
p90_minus_mean,Both,all,29.6753691163,1,1426.56122273,0.539606416405,0.340704624855
p90_minus_mean,Both,all,29.6845131241,1,920.149333121,0.539771787663,0.340855528466
p90_minus_mean,Both,all,29.6951064816,1,121.941450693,0.539937158922,0.340875526747
p90_minus_mean,Both,all,29.712229716,1,63,0.54010253018,0.340885858687
p90_minus_mean,Both,all,29.8170283466,1,1555.31902238,0.540267901439,0.34114092952
p90_minus_mean,Both,all,29.8206146981,1,4271.95402606,0.540433272697,0.341841525897
p90_minus_mean,Both,all,29.8360822084,1,20.7504479042,0.540598643956,0.34184492895
p90_minus_mean,Both,all,29.8428647168,1,433.534647594,0.540764015214,0.341916028218
p90_minus_mean,Both,all,29.8432707859,1,1443.8153638,0.540929386473,0.342152812558
p90_minus_mean,Both,all,29.8977508057,1,1239.34742626,0.541094757731,0.342356064351
p90_minus_mean,Both,all,29.908816102,1,443.618134504,0.54126012899,0.342428817301
p90_minus_mean,Both,all,29.9399398907,1,27.7232713501,0.541425500248,0.342433363891
p90_minus_mean,Both,all,29.9598122211,1,2834.89036679,0.541590871507,0.342898283201
p90_minus_mean,Both,all,29.9725957743,1,1598.98637262,0.541756242765,0.343160515438
p90_minus_mean,Both,all,29.9964706415,1,1691.73196681,0.541921614023,0.343437957864
p90_minus_mean,Both,all,30.0288326943,1,72.4527152869,0.542086985282,0.34344984004
p90_minus_mean,Both,all,30.0373671283,1,1449.7208301,0.54225235654,0.34368759287
p90_minus_mean,Both,all,30.0607749559,1,2501.04062513,0.542417727799,0.344097761142
p90_minus_mean,Both,all,30.0608264664,1,467.669909074,0.542583099057,0.34417445856
p90_minus_mean,Both,all,30.076191255,1,2143.89269106,0.542748470316,0.344526054912
p90_minus_mean,Both,all,30.1073748297,1,3528.32334015,0.542913841574,0.345104696567
p90_minus_mean,Both,all,30.1191446196,1,365.437741026,0.543079212833,0.345164628008
p90_minus_mean,Both,all,30.119394843,1,463.289255559,0.543244584091,0.345240607003
p90_minus_mean,Both,all,30.1756948214,1,122.022775255,0.54340995535,0.345260618621
p90_minus_mean,Both,all,30.1977125251,1,1569.0696502,0.543575326608,0.345517944544
p90_minus_mean,Both,all,30.2149116261,1,3709.67462969,0.543740697867,0.346126327637
p90_minus_mean,Both,all,30.2160812007,1,2758.11925961,0.543906069125,0.34657865656
p90_minus_mean,Both,all,30.241651516,1,5458.9135156,0.544071440384,0.347473913158
p90_minus_mean,Both,all,30.2466329413,1,4462.06882957,0.544236811642,0.348205688181
p90_minus_mean,Both,all,30.2552389304,1,2493.26813132,0.544402182901,0.348614581771
p90_minus_mean,Both,all,30.2773932957,1,836.0285661,0.544567554159,0.348751689657
p90_minus_mean,Both,all,30.2817867882,1,114.981929069,0.544732925418,0.348770546584
p90_minus_mean,Both,all,30.3325960477,1,2660.75791925,0.544898296676,0.349206908339
p90_minus_mean,Both,all,30.3802359961,1,2006.72181465,0.545063667935,0.349536008799
p90_minus_mean,Both,all,30.3988001212,1,405.21028321,0.545229039193,0.349602462898
p90_minus_mean,Both,all,30.4203653461,1,603.410713206,0.545394410451,0.349701421678
p90_minus_mean,Both,all,30.5085947258,1,3285.84942078,0.54555978171,0.350240297842
p90_minus_mean,Both,all,30.57280131,1,1151.52857986,0.545725152968,0.350429147428
p90_minus_mean,Both,all,30.60067694,1,99.2036314407,0.545890524227,0.350445416729
p90_minus_mean,Both,all,30.6217072723,1,386.082075587,0.546055895485,0.350508733821
p90_minus_mean,Both,all,30.6295011589,1,464.89973708,0.546221266744,0.350584976933
p90_minus_mean,Both,all,30.6495871208,1,40.6540257707,0.546386638002,0.350591644154
p90_minus_mean,Both,all,30.6834996791,1,61.5048325851,0.546552009261,0.350601730888
p90_minus_mean,Both,all,30.6866351344,1,38.0278564814,0.546717380519,0.35060796742
p90_minus_mean,Both,all,30.7064602128,1,764.755083613,0.546882751778,0.350733386523
p90_minus_mean,Both,all,30.8241642119,1,106.780749128,0.547048123036,0.350750898464
p90_minus_mean,Both,all,30.8731099163,1,47,0.547213494295,0.350758606419
p90_minus_mean,Both,all,30.8869628678,1,3476.7668078,0.547378865553,0.351328792852
p90_minus_mean,Both,all,30.8907386142,1,3590.24128172,0.547544236812,0.35191758899
p90_minus_mean,Both,all,30.9276953066,1,3738.59099322,0.54770960807,0.35253071434
p90_minus_mean,Both,all,30.9635704317,1,696.853282389,0.547874979329,0.352644997612
p90_minus_mean,Both,all,30.9666767835,1,999.009176384,0.548040350587,0.352808834162
p90_minus_mean,Both,all,30.9677212088,1,4.9157562643,0.548205721846,0.352809640341
p90_minus_mean,Both,all,30.9812133683,1,2662.8464514,0.548371093104,0.353246344614
p90_minus_mean,Both,all,30.9912139676,1,1010.62072785,0.548536464362,0.353412085447
p90_minus_mean,Both,all,31.0199996841,1,496.564726777,0.548701835621,0.353493521588
p90_minus_mean,Both,all,31.022380615,1,1079.37294816,0.548867206879,0.35367053772
p90_minus_mean,Both,all,31.0236452719,1,589.826350265,0.549032578138,0.353767268677
p90_minus_mean,Both,all,31.0351253929,1,525.315278517,0.549197949396,0.353853419881
p90_minus_mean,Both,all,31.0469893934,1,2825.56222994,0.549363320655,0.354316809386
p90_minus_mean,Both,all,31.0611978346,1,3531.70404597,0.549528691913,0.354896005474
p90_minus_mean,Both,all,31.062646311,1,62.6869848602,0.549694063172,0.354906286079
p90_minus_mean,Both,all,31.2022987387,1,44.3298037467,0.54985943443,0.354913556125
p90_minus_mean,Both,all,31.2380042963,1,1832.3909584,0.550024805689,0.35521406649
p90_minus_mean,Both,all,31.2401463964,1,223.638960512,0.550190176947,0.355250743066
p90_minus_mean,Both,all,31.2582717555,1,734.192231109,0.550355548206,0.35537114989
p90_minus_mean,Both,all,31.2821038574,1,1957.34829071,0.550520919464,0.355692153139
p90_minus_mean,Both,all,31.2996123923,1,3188.54899955,0.550686290723,0.356215072127
p90_minus_mean,Both,all,31.3027203225,1,352.27294147,0.550851661981,0.356272844553
p90_minus_mean,Both,all,31.3136456038,1,1013.3776833,0.55101703324,0.356439037524
p90_minus_mean,Both,all,31.3938508926,1,2872.28979898,0.551182404498,0.356910090306
p90_minus_mean,Both,all,31.4148960813,1,2923.9418644,0.551347775757,0.357389613977
p90_minus_mean,Both,all,31.4156828438,1,395.597634109,0.551513147015,0.35745449161
p90_minus_mean,Both,all,31.466773401,1,1990.64807161,0.551678518274,0.357780955991
p90_minus_mean,Both,all,31.4889274461,1,587.221823007,0.551843889532,0.357877259809
p90_minus_mean,Both,all,31.5112189053,1,1205.17510888,0.55200926079,0.358074907375
p90_minus_mean,Both,all,31.5349802896,1,2638.16731095,0.552174632049,0.358507564292
p90_minus_mean,Both,all,31.5412602161,1,303.589672909,0.552340003307,0.358557352708
p90_minus_mean,Both,all,31.5435517098,1,519.301600577,0.552505374566,0.358642517674
p90_minus_mean,Both,all,31.5436222321,1,2075.19566462,0.552670745824,0.35898284778
p90_minus_mean,Both,all,31.5508457358,1,502.643769965,0.552836117083,0.359065280878
p90_minus_mean,Both,all,31.5585454858,1,3091.50303885,0.553001488341,0.359572284421
p90_minus_mean,Both,all,31.6569787233,1,24.6029849226,0.5531668596,0.359576319287
p90_minus_mean,Both,all,31.7013092657,1,387.463137055,0.553332230858,0.359639862871
p90_minus_mean,Both,all,31.7164715092,1,201.471613027,0.553497602117,0.359672904023
p90_minus_mean,Both,all,31.7176125332,1,760.057123811,0.553662973375,0.359797552665
p90_minus_mean,Both,all,31.7386133806,1,1262.90778819,0.553828344634,0.360004668335
p90_minus_mean,Both,all,31.7825473818,1,1268.75048921,0.553993715892,0.360212742203
p90_minus_mean,Both,all,31.8070881669,1,2993.28139093,0.554159087151,0.360703637489
p90_minus_mean,Both,all,31.8176082703,1,12.4072041832,0.554324458409,0.360705672259
p90_minus_mean,Both,all,31.8242126515,1,3441.6829651,0.554489829668,0.361270104976
p90_minus_mean,Both,all,31.8288208405,1,1522.29806533,0.554655200926,0.361519760403
p90_minus_mean,Both,all,31.8370726798,1,2367.42083468,0.554820572185,0.361908015157
p90_minus_mean,Both,all,31.8457104032,1,3486.42271574,0.554985943443,0.36247978515
p90_minus_mean,Both,all,31.853990777,1,22.4305481204,0.555151314702,0.362483463739
p90_minus_mean,Both,all,31.8685453819,1,2045.40557033,0.55531668596,0.362818908297
p90_minus_mean,Both,all,31.8738114397,1,16.8108510049,0.555482057218,0.36282166526
p90_minus_mean,Both,all,31.8909954069,1,2050.40805258,0.555647428477,0.363157930221
p90_minus_mean,Both,all,31.907950618,1,109.436258255,0.555812799735,0.363175877663
p90_minus_mean,Both,all,31.9158460744,1,11.2266227532,0.555978170994,0.363177718818
p90_minus_mean,Both,all,31.9203831224,1,3770.37741676,0.556143542252,0.363796057111
p90_minus_mean,Both,all,31.9634674437,1,1346.33867773,0.556308913511,0.364016855367
p90_minus_mean,Both,all,31.9709588381,1,1176.10374363,0.556474284769,0.364209735257
p90_minus_mean,Both,all,31.9823057103,1,311.629185296,0.556639656028,0.364260842145
p90_minus_mean,Both,all,32.0542704575,1,40.995832345,0.556805027286,0.364267565423
p90_minus_mean,Both,all,32.0676549882,1,2101.54264919,0.556970398545,0.364612216408
p90_minus_mean,Both,all,32.0684886433,1,2927.55289297,0.557135769803,0.365092332284
p90_minus_mean,Both,all,32.0786528875,1,421.909836698,0.557301141062,0.365161525094
p90_minus_mean,Both,all,32.091271763,1,2194.30056313,0.55746651232,0.365521388289
p90_minus_mean,Both,all,32.0921065323,1,2060.15635323,0.557631883579,0.365859251962
p90_minus_mean,Both,all,32.1062441263,1,4.39937193371,0.557797254837,0.365859973455
p90_minus_mean,Both,all,32.1068152293,1,281.135562341,0.557962626096,0.365906079418
p90_minus_mean,Both,all,32.1177136177,1,3004.98569108,0.558127997354,0.366398894199
p90_minus_mean,Both,all,32.1179840254,1,4017.92444376,0.558293368613,0.367057829967
p90_minus_mean,Both,all,32.1341879278,1,3893.26566953,0.558458739871,0.367696321816
p90_minus_mean,Both,all,32.1750656324,1,2282.38451024,0.558624111129,0.368070630694
p90_minus_mean,Both,all,32.2099698889,1,2926.99087969,0.558789482388,0.3685506544
p90_minus_mean,Both,all,32.2605749037,1,254.042371194,0.558954853646,0.368592317106
p90_minus_mean,Both,all,32.2635604489,1,59.6443422828,0.559120224905,0.368602098722
p90_minus_mean,Both,all,32.2829727393,1,27.1212657689,0.559285596163,0.368606546583
p90_minus_mean,Both,all,32.3235620874,1,2505.11917472,0.559450967422,0.369017383733
p90_minus_mean,Both,all,32.3268818979,1,1025.62338274,0.55961633868,0.369185584988
p90_minus_mean,Both,all,32.3463936274,1,2576.9797575,0.559781709939,0.369608207205
p90_minus_mean,Both,all,32.3499858807,1,3249.26282996,0.559947081197,0.370141083203
p90_minus_mean,Both,all,32.3560231365,1,1571.34710061,0.560112452456,0.370398782626
p90_minus_mean,Both,all,32.3783367906,1,845.292514615,0.560277823714,0.37053740979
p90_minus_mean,Both,all,32.4614807729,1,25.1366523516,0.560443194973,0.370541532177
p90_minus_mean,Both,all,32.4853378496,1,2931.70261245,0.560608566231,0.371022328603
p90_minus_mean,Both,all,32.4995515475,1,1428.35646799,0.56077393749,0.371256577699
p90_minus_mean,Both,all,32.5013922179,1,1687.01886183,0.560939308748,0.371533247179
p90_minus_mean,Both,all,32.6540352027,1,1054.67643738,0.561104680007,0.371706213107
p90_minus_mean,Both,all,32.6906819517,1,442.867077023,0.561270051265,0.371778842884
p90_minus_mean,Both,all,32.722512464,1,376.775904103,0.561435422524,0.371840633772
p90_minus_mean,Both,all,32.7231122403,1,3814.16013864,0.561600793782,0.372466152389
p90_minus_mean,Both,all,32.73398776,1,932.412520181,0.561766165041,0.372619067151
p90_minus_mean,Both,all,32.7498906564,1,834.617361396,0.561931536299,0.372755943601
p90_minus_mean,Both,all,32.7552721708,1,34.6193610825,0.562096907557,0.372761621143
p90_minus_mean,Both,all,32.784940754,1,1507.9350309,0.562262278816,0.373008921047
p90_minus_mean,Both,all,32.8288166434,1,455.502547675,0.562427650074,0.373083623029
p90_minus_mean,Both,all,32.8974442031,1,467.169052163,0.562593021333,0.373160238307
p90_minus_mean,Both,all,32.9240909816,1,3221.37363457,0.562758392591,0.373688540504
p90_minus_mean,Both,all,32.9778186817,1,1942.84684728,0.56292376385,0.37400716553
p90_minus_mean,Both,all,33.0218461358,1,2265.25496144,0.563089135108,0.374378665178
p90_minus_mean,Both,all,33.0870389062,1,49.5371136467,0.563254506367,0.374386789218
p90_minus_mean,Both,all,33.1366389017,1,1121.05527201,0.563419877625,0.374570641211
p90_minus_mean,Both,all,33.1443108842,1,1574.19338386,0.563585248884,0.374828807421
p90_minus_mean,Both,all,33.1522985228,1,1114.60003773,0.563750620142,0.375011600762
p90_minus_mean,Both,all,33.1580819177,1,733.17486024,0.563915991401,0.375131840738
p90_minus_mean,Both,all,33.1836335135,1,2277.21361834,0.564081362659,0.375505301595
p90_minus_mean,Both,all,33.2476203568,1,566.693000645,0.564246733918,0.375598238705
p90_minus_mean,Both,all,33.2794480987,1,77.4807874436,0.564412105176,0.37561094548
p90_minus_mean,Both,all,33.3481515336,1,145.081389547,0.564577476435,0.375634738689
p90_minus_mean,Both,all,33.4233697613,1,11.6771358382,0.564742847693,0.375636653728
p90_minus_mean,Both,all,33.5027839063,1,4207.66853373,0.564908218952,0.376326707346
p90_minus_mean,Both,all,33.5063290228,1,25.1786673035,0.56507359021,0.376330836623
p90_minus_mean,Both,all,33.5877931573,1,439.043892774,0.565238961468,0.376402839402
p90_minus_mean,Both,all,33.6342934431,1,1309.85968221,0.565404332727,0.376617655138
p90_minus_mean,Both,all,33.6592175819,1,1224.30756822,0.565569703985,0.376818440409
p90_minus_mean,Both,all,33.6754088645,1,628.104881082,0.565735075244,0.376921449009
p90_minus_mean,Both,all,33.760915862,1,867.641089329,0.565900446502,0.377063741318
p90_minus_mean,Both,all,33.7881586972,1,2284.62160597,0.566065817761,0.377438417078
p90_minus_mean,Both,all,33.8033970906,1,230.865872305,0.566231189019,0.37747627886
p90_minus_mean,Both,all,33.8038754691,1,223.453431127,0.566396560278,0.377512925009
p90_minus_mean,Both,all,33.8124130754,1,748.181102757,0.566561931536,0.377635625995
p90_minus_mean,Both,all,33.824867892,1,1207.12182617,0.566727302795,0.377833592821
p90_minus_mean,Both,all,33.880946045,1,270.687480891,0.566892674053,0.377877985309
p90_minus_mean,Both,all,33.9272969026,1,2290.74535698,0.567058045312,0.378253665358
p90_minus_mean,Both,all,33.9357364779,1,1853.3250952,0.56722341657,0.378557608902
p90_minus_mean,Both,all,33.9433022588,1,11.0519211952,0.567388787829,0.378559421406
p90_minus_mean,Both,all,33.9877318323,1,400.363628806,0.567554159087,0.378625080659
p90_minus_mean,Both,all,34.11551322,1,431.25818847,0.567719530346,0.37869580659
p90_minus_mean,Both,all,34.1339480397,1,321.192421796,0.567884901604,0.37874848184
p90_minus_mean,Both,all,34.1535069059,1,1479.30451227,0.568050272863,0.378991086366
p90_minus_mean,Both,all,34.1621367975,1,12.9084881133,0.568215644121,0.378993203345
p90_minus_mean,Both,all,34.1700560897,1,2926.20327473,0.56838101538,0.379473097886
p90_minus_mean,Both,all,34.1941811495,1,19.9934819411,0.568546386638,0.379476376797
p90_minus_mean,Both,all,34.1947470231,1,36.626646956,0.568711757896,0.379482383533
p90_minus_mean,Both,all,34.2369966476,1,10.8685194283,0.568877129155,0.379484165959
p90_minus_mean,Both,all,34.2462708837,1,77.809121103,0.569042500413,0.379496926581
p90_minus_mean,Both,all,34.2481674104,1,3462.90943064,0.569207871672,0.380064840417
p90_minus_mean,Both,all,34.2662622285,1,539.256536542,0.56937324293,0.380153277974
p90_minus_mean,Both,all,34.2863543662,1,3994.96967796,0.569538614189,0.380808449182
p90_minus_mean,Both,all,34.3143999069,1,3277.70257777,0.569703985447,0.381345989272
p90_minus_mean,Both,all,34.3251834389,1,1443.49923197,0.569869356706,0.381582721766
p90_minus_mean,Both,all,34.3637370815,1,2562.32779859,0.570034727964,0.382002941076
p90_minus_mean,Both,all,34.3862260967,1,2941.45170776,0.570200099223,0.382485336345
p90_minus_mean,Both,all,34.3984255141,1,1914.35116882,0.570365470481,0.382799288107
p90_minus_mean,Both,all,34.4999312598,1,3361.8379196,0.57053084174,0.383350626312
p90_minus_mean,Both,all,34.5144275575,1,1977.10780062,0.570696212998,0.383674870101
p90_minus_mean,Both,all,34.5233944486,1,64.0144748497,0.570861584257,0.383685368414
p90_minus_mean,Both,all,34.568197248,1,384.046521382,0.571026955515,0.383748351676
p90_minus_mean,Both,all,34.6125024075,1,9.42078230272,0.571192326774,0.383749896676
p90_minus_mean,Both,all,34.6637500786,1,22.0774789107,0.571357698032,0.383753517361
p90_minus_mean,Both,all,34.6720326055,1,130.592900936,0.571523069291,0.383774934472
p90_minus_mean,Both,all,34.7340114144,1,467.308208547,0.571688440549,0.383851572572
p90_minus_mean,Both,all,34.7374746355,1,268.53871735,0.571853811808,0.383895612665
p90_minus_mean,Both,all,34.7636352287,1,683.853549645,0.572019183066,0.384007763993
p90_minus_mean,Both,all,34.8040576815,1,2959.15031433,0.572184554324,0.384493061816
p90_minus_mean,Both,all,34.8334102131,1,5.85713360654,0.572349925583,0.38449402238
p90_minus_mean,Both,all,34.8419177377,1,2891.34205624,0.572515296841,0.384968199714
p90_minus_mean,Both,all,34.8481243132,1,508.755369213,0.5726806681,0.385051635108
p90_minus_mean,Both,all,34.857993046,1,1383.53221706,0.572846039358,0.385278533069
p90_minus_mean,Both,all,34.858048187,1,3785.33855123,0.573011410617,0.385899324973
p90_minus_mean,Both,all,34.8804021799,1,1763.94551814,0.573176781875,0.386188610352
p90_minus_mean,Both,all,34.8984775276,1,2041.36645003,0.573342153134,0.386523392499
p90_minus_mean,Both,all,34.907137594,1,2174.95540334,0.573507524392,0.386880083106
p90_minus_mean,Both,all,34.9148158454,1,430.705499847,0.573672895651,0.386950718396
p90_minus_mean,Both,all,34.9369560798,1,2081.37352242,0.573838266909,0.387292061665
p90_minus_mean,Both,all,34.9591336544,1,81.6539786304,0.574003638168,0.387305452839
p90_minus_mean,Both,all,34.9605666324,1,352.127465316,0.574169009426,0.387363201407
p90_minus_mean,Both,all,34.9860475512,1,829.086599394,0.574334380685,0.387499170817
p90_minus_mean,Both,all,35.0209807553,1,1178.54403884,0.574499751943,0.387692450912
p90_minus_mean,Both,all,35.0356856805,1,2781.31230275,0.574665123202,0.388148583472
p90_minus_mean,Both,all,35.048752699,1,78.9221778707,0.57483049446,0.388161526633
p90_minus_mean,Both,all,35.1437964985,1,1764.95499851,0.574995865719,0.388450977566
p90_minus_mean,Both,all,35.1606891195,1,994.340067563,0.575161236977,0.388614048387
p90_minus_mean,Both,all,35.1653908747,1,1816.4121023,0.575326608235,0.388911938235
p90_minus_mean,Both,all,35.1658891534,1,781.808518344,0.575491979494,0.389040154085
p90_minus_mean,Both,all,35.1973341761,1,9.89747491485,0.575657350752,0.389041777261
p90_minus_mean,Both,all,35.2243779266,1,105.424944112,0.575822722011,0.389059066851
p90_minus_mean,Both,all,35.2321269112,1,12.3018667277,0.575988093269,0.389061084346
p90_minus_mean,Both,all,35.2357794835,1,331.870485078,0.576153464528,0.389115510788
p90_minus_mean,Both,all,35.2369558089,1,959.676826175,0.576318835786,0.38927289687
p90_minus_mean,Both,all,35.2704890332,1,4723.73726807,0.576484207045,0.390047585267
p90_minus_mean,Both,all,35.2919598608,1,294.589430811,0.576649578303,0.390095897652
p90_minus_mean,Both,all,35.3401524637,1,1828.6031329,0.576814949562,0.390395786818
p90_minus_mean,Both,all,35.340535831,1,4165.48733468,0.57698032082,0.391078922759
p90_minus_mean,Both,all,35.3695689383,1,1644.43112722,0.577145692079,0.391348607892
p90_minus_mean,Both,all,35.3784993677,1,1784.17119327,0.577311063337,0.391641210263
p90_minus_mean,Both,all,35.3808981539,1,522.743391877,0.577476434596,0.391726939679
p90_minus_mean,Both,all,35.3838256198,1,4897.30239492,0.577641805854,0.392530092591
p90_minus_mean,Both,all,35.3964377284,1,1092.81503561,0.577807177113,0.392709313212
p90_minus_mean,Both,all,35.4199164082,1,2780.22608357,0.577972548371,0.393165267632
p90_minus_mean,Both,all,35.4328353422,1,46.4051791794,0.57813791963,0.393172878037
p90_minus_mean,Both,all,35.5166808511,1,43.5178834027,0.578303290888,0.393180014929
p90_minus_mean,Both,all,35.5181171416,1,4596.65199604,0.578468662147,0.393933861462
p90_minus_mean,Both,all,35.5318483856,1,1647.23585308,0.578634033405,0.394204006568
p90_minus_mean,Both,all,35.5508372844,1,58.9620763789,0.578799404663,0.394213676292
p90_minus_mean,Both,all,35.5819343366,1,3235.83232884,0.578964775922,0.394744349701
p90_minus_mean,Both,all,35.648844474,1,2177.95473916,0.57913014718,0.395101532196
p90_minus_mean,Both,all,35.6522226451,1,1963.39066342,0.579295518439,0.395423526388
p90_minus_mean,Both,all,35.693658463,1,739.873287796,0.579460889697,0.3955448649
p90_minus_mean,Both,all,35.7049843445,1,61.1997655788,0.579626260956,0.395554901603
p90_minus_mean,Both,all,35.7250432445,1,715.350682109,0.579791632214,0.395672218431
p90_minus_mean,Both,all,35.7287790412,1,2360.08163783,0.579957003473,0.396059269564
p90_minus_mean,Both,all,35.7321106278,1,2196.78992076,0.580122374731,0.396419541011
p90_minus_mean,Both,all,35.7619378349,1,481.750689817,0.58028774599,0.396498547664
p90_minus_mean,Both,all,35.7943936259,1,1141.84332192,0.580453117248,0.396685808877
p90_minus_mean,Both,all,35.8047442416,1,147.611020556,0.580618488507,0.396710016943
p90_minus_mean,Both,all,35.8408559431,1,12.6921633769,0.580783859765,0.396712098446
p90_minus_mean,Both,all,35.8477953326,1,2628.8137034,0.580949231024,0.397143221381
p90_minus_mean,Both,all,35.8673242321,1,11.0001503387,0.581114602282,0.397145025395
p90_minus_mean,Both,all,35.8821505234,1,1949.37848268,0.581279973541,0.397464721603
p90_minus_mean,Both,all,35.8836926522,1,259.377913816,0.581445344799,0.397507259333
p90_minus_mean,Both,all,35.9098181456,1,92.4511502849,0.581610716058,0.397522421233
p90_minus_mean,Both,all,35.9116930223,1,96.6963714984,0.581776087316,0.397538279345
p90_minus_mean,Both,all,35.93821197,1,884.694054826,0.581941458574,0.397683368325
p90_minus_mean,Both,all,35.9833497084,1,24.0195824363,0.582106829833,0.397687307513
p90_minus_mean,Both,all,35.9967758453,1,1381.33026895,0.582272201091,0.397913844357
p90_minus_mean,Both,all,36.0133544258,1,1043.81612352,0.58243757235,0.398085029204
p90_minus_mean,Both,all,36.0591825736,1,698.740556987,0.582602943608,0.398199621987
p90_minus_mean,Both,all,36.0691692337,1,4007.95644514,0.582768314867,0.398856923013
p90_minus_mean,Both,all,36.1011428206,1,1809.83757955,0.582933686125,0.399153734646
p90_minus_mean,Both,all,36.1715973178,1,1526.15624214,0.583099057384,0.399404022811
p90_minus_mean,Both,all,36.2025150994,1,3117.32363726,0.583264428642,0.399915260908
p90_minus_mean,Both,all,36.2106043613,1,583.11486889,0.583429799901,0.400010891189
p90_minus_mean,Both,all,36.2243658052,1,140.439356865,0.583595171159,0.400033923109
p90_minus_mean,Both,all,36.2297228966,1,3899.02434844,0.583760542418,0.400673359375
p90_minus_mean,Both,all,36.2366095189,1,1601.50928439,0.583925913676,0.400936005367
p90_minus_mean,Both,all,36.267575781,1,2298.94985255,0.584091284935,0.401313030946
p90_minus_mean,Both,all,36.3057510183,1,32.2462421754,0.584256656193,0.401318319299
p90_minus_mean,Both,all,36.3174940463,1,826.966280156,0.584422027452,0.401453940978
p90_minus_mean,Both,all,36.3563098635,1,1566.72048992,0.58458739871,0.401710881641
p90_minus_mean,Both,all,36.3855689964,1,25.684187587,0.584752769969,0.401715093823
p90_minus_mean,Both,all,36.4142277812,1,1858.50980692,0.584918141227,0.402019887655
p90_minus_mean,Both,all,36.4395357207,1,1355.83710836,0.585083512486,0.402242243645
p90_minus_mean,Both,all,36.5611159608,1,73.0017511977,0.585248883744,0.402254215862
p90_minus_mean,Both,all,36.6114954419,1,1119.34146409,0.585414255002,0.402437786792
p90_minus_mean,Both,all,36.6141890999,1,856.48205627,0.585579626261,0.402578249031
p90_minus_mean,Both,all,36.619262318,1,2543.08172274,0.585744997519,0.402995312002
p90_minus_mean,Both,all,36.6506690687,1,45.0163998489,0.585910368778,0.403002694649
p90_minus_mean,Both,all,36.6719436678,1,630.597306571,0.586075740036,0.403106112005
p90_minus_mean,Both,all,36.6836392559,1,2507.86524872,0.586241111295,0.403517399508
p90_minus_mean,Both,all,36.6924957508,1,1760.7726823,0.586406482553,0.403806164545
p90_minus_mean,Both,all,36.7167925679,1,61.0788532776,0.586571853812,0.403816181419
p90_minus_mean,Both,all,36.7545251286,1,578.411465396,0.58673722507,0.403911040346
p90_minus_mean,Both,all,36.7612300566,1,56.7362311125,0.586902596329,0.403920345034
p90_minus_mean,Both,all,36.8378385092,1,3181.07775388,0.587067967587,0.404442038745
p90_minus_mean,Both,all,36.8705647203,1,31.4305005011,0.587233338846,0.404447193317
p90_minus_mean,Both,all,36.8813626957,1,1069.46285887,0.587398710104,0.404622584203
p90_minus_mean,Both,all,36.9583241074,1,1801.74329381,0.587564081363,0.404918068381
p90_minus_mean,Both,all,36.9623367587,1,113.68511055,0.587729452621,0.404936712631
p90_minus_mean,Both,all,36.962674178,1,613.363832427,0.58789482388,0.405037303713
p90_minus_mean,Both,all,37.1171270793,1,1179.79805452,0.588060195138,0.405230789466
p90_minus_mean,Both,all,37.1251937599,1,2814.23170727,0.588225566397,0.405692320776
p90_minus_mean,Both,all,37.125611412,1,1385.28211233,0.588390937655,0.405919505718
p90_minus_mean,Both,all,37.164204707,1,248.098238779,0.588556308914,0.405960193592
p90_minus_mean,Both,all,37.1783734295,1,226.874654056,0.588721680172,0.405997400819
p90_minus_mean,Both,all,37.1816731386,1,22.9910089904,0.58888705143,0.406001171322
p90_minus_mean,Both,all,37.2078713777,1,1.51749754687,0.589052422689,0.406001420191
p90_minus_mean,Both,all,37.2374411479,1,2976.99462055,0.589217793947,0.406489644463
p90_minus_mean,Both,all,37.2433093186,1,3938.08126574,0.589383165206,0.407135486026
p90_minus_mean,Both,all,37.247419356,1,1318.70125383,0.589548536464,0.407351751771
p90_minus_mean,Both,all,37.252360695,1,1676.35096631,0.589713907723,0.407626671727
p90_minus_mean,Both,all,37.2946892782,1,2999.68271683,0.589879278981,0.408118616826
p90_minus_mean,Both,all,37.3012585492,1,1056.33962552,0.59004465024,0.408291855515
p90_minus_mean,Both,all,37.303538937,1,690.815230443,0.590210021498,0.408405148552
p90_minus_mean,Both,all,37.3056607711,1,1162.63844468,0.590375392757,0.408595820146
p90_minus_mean,Both,all,37.3373965532,1,15.9668949902,0.590540764015,0.408598438701
p90_minus_mean,Both,all,37.3661614975,1,2186.14234098,0.590706135274,0.408956963955
p90_minus_mean,Both,all,37.4081914215,1,2022.21584927,0.590871506532,0.409288605422
p90_minus_mean,Both,all,37.4240794888,1,1079.15605077,0.591036877791,0.409465585983
p90_minus_mean,Both,all,37.4291770298,1,51.6577048341,0.591202249049,0.409474057797
p90_minus_mean,Both,all,37.5050628602,1,939.045287972,0.591367620308,0.409628060326
p90_minus_mean,Both,all,37.5537307166,1,1525.70243473,0.591532991566,0.409878274067
p90_minus_mean,Both,all,37.6149460818,1,5.94409231507,0.591698362825,0.409879248893
p90_minus_mean,Both,all,37.6158375576,1,321.29845193,0.591863734083,0.409931941532
p90_minus_mean,Both,all,37.6293550828,1,227.567113612,0.592029105341,0.409969262321
p90_minus_mean,Both,all,37.6697663483,1,286.316737131,0.5921944766,0.410016217992
p90_minus_mean,Both,all,37.6833030498,1,1563.70650577,0.592359847858,0.410272664364
p90_minus_mean,Both,all,37.6933205027,1,627.078305677,0.592525219117,0.410375504607
p90_minus_mean,Both,all,37.6943148499,1,1277.66481571,0.592690590375,0.410585040416
p90_minus_mean,Both,all,37.7791547286,1,80.1747691004,0.592855961634,0.410598189001
p90_minus_mean,Both,all,37.8439285156,1,2858.56183367,0.593021332892,0.411066990409
p90_minus_mean,Both,all,37.8734797628,1,1230.96616515,0.593186704151,0.411268867684
p90_minus_mean,Both,all,37.8809764127,1,681.195116843,0.593352075409,0.411380583032
p90_minus_mean,Both,all,37.9569404371,1,4972.74803615,0.593517446668,0.412196108957
p90_minus_mean,Both,all,37.963684688,1,253.705108357,0.593682817926,0.412237716352
p90_minus_mean,Both,all,37.9664675446,1,73.8228630281,0.593848189185,0.412249823231
p90_minus_mean,Both,all,38.0067367552,1,336.007693574,0.594013560443,0.412304928171
p90_minus_mean,Both,all,38.1051072216,1,2794.8022688,0.594178931702,0.412763273072
p90_minus_mean,Both,all,38.1281915158,1,1182.72728793,0.59434430296,0.412957239217
p90_minus_mean,Both,all,38.2346252715,1,19.1872670097,0.594509674219,0.41296038591
p90_minus_mean,Both,all,38.2892556284,1,1858.76373673,0.594675045477,0.413265221386
p90_minus_mean,Both,all,38.2894724614,1,5.4067349689,0.594840416736,0.413266108086
p90_minus_mean,Both,all,38.3164882065,1,368.733151206,0.595005787994,0.41332657997
p90_minus_mean,Both,all,38.3168309745,1,3581.50550891,0.595171159253,0.41391394345
p90_minus_mean,Both,all,38.3344941292,1,2904.00539093,0.595336530511,0.414390197558
p90_minus_mean,Both,all,38.3614425542,1,120.545293642,0.595501901769,0.414409966871
p90_minus_mean,Both,all,38.3834994722,1,4595.37115794,0.595667273028,0.415163603349
p90_minus_mean,Both,all,38.3976534196,1,279.460462023,0.595832644286,0.415209434597
p90_minus_mean,Both,all,38.4006740132,1,4034.15318723,0.595998015545,0.415871031864
p90_minus_mean,Both,all,38.4464213232,1,2713.81043836,0.596163386803,0.416316094182
p90_minus_mean,Both,all,38.4613464517,1,2678.55944562,0.596328758062,0.416755375371
p90_minus_mean,Both,all,38.5101221464,1,2850.58879266,0.59649412932,0.417222869208
p90_minus_mean,Both,all,38.5508949172,1,2089.47376615,0.596659500579,0.417565540908
p90_minus_mean,Both,all,38.5715700118,1,67.9263096346,0.596824871837,0.417576680758
p90_minus_mean,Both,all,38.5839118511,1,1898.42731986,0.596990243096,0.417888021024
p90_minus_mean,Both,all,38.5860178266,1,693.474534499,0.597155614354,0.418001750185
p90_minus_mean,Both,all,38.6014052101,1,2863.9421372,0.597320985613,0.418471433958
p90_minus_mean,Both,all,38.606918459,1,1067.47762974,0.597486356871,0.418646499269
p90_minus_mean,Both,all,38.6252448329,1,248.926758979,0.59765172813,0.418687323019
p90_minus_mean,Both,all,38.6754517757,1,1931.72747055,0.597817099388,0.419004124478
p90_minus_mean,Both,all,38.7233656065,1,7.06165289206,0.597982470647,0.419005282582
p90_minus_mean,Both,all,38.7681179784,1,16.0515928383,0.598147841905,0.419007915028
p90_minus_mean,Both,all,38.8489686624,1,576.075558034,0.598313213164,0.419102390869
p90_minus_mean,Both,all,38.8744868752,1,2737.93225758,0.598478584422,0.419551409142
p90_minus_mean,Both,all,38.8942827335,1,401.382382069,0.598643955681,0.419617235469
p90_minus_mean,Both,all,38.9128818864,1,30.6969111048,0.598809326939,0.419622269733
p90_minus_mean,Both,all,38.9713376524,1,2181.89236593,0.598974698197,0.419980097996
p90_minus_mean,Both,all,38.9843040615,1,2167.5258766,0.599140069456,0.420335570168
p90_minus_mean,Both,all,38.9982211703,1,3184.05510966,0.599305440714,0.420857752162
p90_minus_mean,Both,all,39.0372945999,1,2455.09626956,0.599470811973,0.421260385604
p90_minus_mean,Both,all,39.0641496053,1,1638.05872582,0.599636183231,0.421529025669
p90_minus_mean,Both,all,39.0893387649,1,5695.87301675,0.59980155449,0.422463143399
p90_minus_mean,Both,all,39.1116920586,1,1051.25538188,0.599966925748,0.422635548277
p90_minus_mean,Both,all,39.1152942172,1,1569.07912506,0.600132297007,0.422892875754
p90_minus_mean,Both,all,39.1577760308,1,1045.69311043,0.600297668265,0.423064368424
p90_minus_mean,Both,all,39.1724332235,1,1346.50619294,0.600463039524,0.423285194153
p90_minus_mean,Both,all,39.2437638981,1,921.19791317,0.600628410782,0.42343626973
p90_minus_mean,Both,all,39.2592102252,1,464.363843581,0.600793782041,0.423512424956
p90_minus_mean,Both,all,39.2733011285,1,7.89504584876,0.600959153299,0.423513719736
p90_minus_mean,Both,all,39.3054192635,1,253.164943695,0.601124524558,0.423555238545
p90_minus_mean,Both,all,39.3399349517,1,1454.39580644,0.601289895816,0.423793758067
p90_minus_mean,Both,all,39.3443249957,1,1510.04947588,0.601455267075,0.424041404738
p90_minus_mean,Both,all,39.344727421,1,3028.31524757,0.601620638333,0.424538045544
p90_minus_mean,Both,all,39.3544561763,1,390.599054088,0.601786009592,0.424602103415
p90_minus_mean,Both,all,39.4472839349,1,772.578139781,0.60195138085,0.424728805492
p90_minus_mean,Both,all,39.4659817845,1,1224.80212562,0.602116752108,0.42492967187
p90_minus_mean,Both,all,39.5213199722,1,3474.03126542,0.602282123367,0.425499409677
p90_minus_mean,Both,all,39.5425333442,1,266.349154287,0.602447494625,0.425543090683
p90_minus_mean,Both,all,39.5469075417,1,3372.40113146,0.602612865884,0.426096161245
p90_minus_mean,Both,all,39.5971127265,1,198.602429916,0.602778237142,0.426128731854
p90_minus_mean,Both,all,39.6602645191,1,678.174667353,0.602943608401,0.426239951851
p90_minus_mean,Both,all,39.6748157641,1,2432.01231945,0.603108979659,0.426638799547
p90_minus_mean,Both,all,39.716508961,1,5.5925767396,0.603274350918,0.426639716724
p90_minus_mean,Both,all,39.7171970951,1,23.4637282456,0.603439722176,0.426643564753
p90_minus_mean,Both,all,39.7241992265,1,13.8323155323,0.603605093435,0.42664583324
p90_minus_mean,Both,all,39.7269183976,1,2654.60398769,0.603770464693,0.427081185756
p90_minus_mean,Both,all,39.7373771831,1,2260.03390595,0.603935835952,0.427451829157
p90_minus_mean,Both,all,39.752192703,1,1502.12152305,0.60410120721,0.42769817565
p90_minus_mean,Both,all,39.7564398062,1,428.06427152,0.604266578469,0.427768377782
p90_minus_mean,Both,all,39.7633299832,1,3033.21294335,0.604431949727,0.428265821805
p90_minus_mean,Both,all,39.7959059995,1,367.377104461,0.604597320986,0.428326071299
p90_minus_mean,Both,all,39.8209398554,1,61.5634205277,0.604762692244,0.428336167641
p90_minus_mean,Both,all,39.8373763156,1,583.504882219,0.604928063503,0.428431861884
p90_minus_mean,Both,all,39.8560497233,1,657.63065865,0.605093434761,0.428539712684
p90_minus_mean,Both,all,39.8730136505,1,2384.53171537,0.60525880602,0.428930773606
p90_minus_mean,Both,all,39.9008886999,1,3379.79234943,0.605424177278,0.42948505632
p90_minus_mean,Both,all,39.9409040676,1,2136.35490616,0.605589548536,0.429835416483
p90_minus_mean,Both,all,39.9490726199,1,1842.42669204,0.605754919795,0.430137572699
p90_minus_mean,Both,all,39.9524074571,1,3375.82536814,0.605920291053,0.430691204833
p90_minus_mean,Both,all,39.9852501318,1,202,0.606085662312,0.43072433264
p90_minus_mean,Both,all,39.9899897563,1,2587.21180863,0.60625103357,0.431148632903
p90_minus_mean,Both,all,40.0009886902,1,77.4081614073,0.606416404829,0.431161327768
p90_minus_mean,Both,all,40.0146743686,1,27.6649808567,0.606581776087,0.431165864798
p90_minus_mean,Both,all,40.0189806968,1,1894.91756159,0.606747147346,0.431476629467
p90_minus_mean,Both,all,40.0409835515,1,4549.43230964,0.606912518604,0.432222732017
p90_minus_mean,Both,all,40.0482092839,1,3971.90670393,0.607077889863,0.43287412092
p90_minus_mean,Both,all,40.0619112745,1,724.099903154,0.607243261121,0.432992872612
p90_minus_mean,Both,all,40.1041329561,1,1179.61486986,0.60740863238,0.433186328323
p90_minus_mean,Both,all,40.1061521153,1,691.175984367,0.607574003638,0.433299680524
p90_minus_mean,Both,all,40.1383093874,1,1222.26209158,0.607739374897,0.433500130339
p90_minus_mean,Both,all,40.149537068,1,526.986979024,0.607904746155,0.4335865557
p90_minus_mean,Both,all,40.1496300381,1,4030.0215142,0.608070117414,0.434247475376
p90_minus_mean,Both,all,40.1642221208,1,457.914762028,0.608235488672,0.434322572959
p90_minus_mean,Both,all,40.2007169877,1,2597.45411455,0.608400859931,0.434748552951
p90_minus_mean,Both,all,40.2042263381,1,2316.70317507,0.608566231189,0.435128490057
p90_minus_mean,Both,all,40.2648671512,1,2448.45166057,0.608731602447,0.435530033789
p90_minus_mean,Both,all,40.296810358,1,2461.79880721,0.608896973706,0.435933766441
p90_minus_mean,Both,all,40.3269501209,1,3154.7879955,0.609062344964,0.436451148656
p90_minus_mean,Both,all,40.3736237511,1,832.332171893,0.609227716223,0.436587650337
p90_minus_mean,Both,all,40.3903987391,1,2479.46700541,0.609393087481,0.436994280556
p90_minus_mean,Both,all,40.4048755607,1,193.45397904,0.60955845874,0.437026006823
p90_minus_mean,Both,all,40.4318533114,1,2174.69802161,0.609723829998,0.43738265522
p90_minus_mean,Both,all,40.4758504613,1,3041.62359961,0.609889201257,0.437881478583
p90_minus_mean,Both,all,40.4850107442,1,2635.03367249,0.610054572515,0.438313621587
p90_minus_mean,Both,all,40.4970423701,1,1276.86412887,0.610219943774,0.438523026083
p90_minus_mean,Both,all,40.5348533928,1,2242.54553373,0.610385315032,0.438890801407
p90_minus_mean,Both,all,40.5395354622,1,2769.31072476,0.610550686291,0.439344965719
p90_minus_mean,Both,all,40.5522238458,1,2887.22395975,0.610716057549,0.439818467689
p90_minus_mean,Both,all,40.5626554302,1,2364.85065504,0.610881428808,0.440206300936
p90_minus_mean,Both,all,40.6155865291,1,2127.26638163,0.611046800066,0.440555170589
p90_minus_mean,Both,all,40.6435970601,1,2283.09155757,0.611212171325,0.440929595422
p90_minus_mean,Both,all,40.669918135,1,2364.57974244,0.611377542583,0.44131738424
p90_minus_mean,Both,all,40.6743390178,1,2208.04671015,0.611542913842,0.44167950179
p90_minus_mean,Both,all,40.7203420656,1,1977.67474608,0.6117082851,0.442003838558
p90_minus_mean,Both,all,40.7220319703,1,445.259620739,0.611873656359,0.44207686071
p90_minus_mean,Both,all,40.8284436143,1,8.64745820974,0.612039027617,0.442078278885
p90_minus_mean,Both,all,40.832412341,1,131.826346355,0.612204398875,0.44209989828
p90_minus_mean,Both,all,40.8619795451,1,1320.24395263,0.612369770134,0.442316417026
p90_minus_mean,Both,all,40.934272063,1,1551.27329953,0.612535141392,0.442570824364
p90_minus_mean,Both,all,40.9698368678,1,2022.14882954,0.612700512651,0.442902454839
p90_minus_mean,Both,all,41.00449359,1,68.8465894954,0.612865883909,0.442913745614
p90_minus_mean,Both,all,41.0433735006,1,1908.94932738,0.613031255168,0.443226811479
p90_minus_mean,Both,all,41.0682135072,1,2743.23621442,0.613196626426,0.443676699596
p90_minus_mean,Both,all,41.0808190515,1,1388.12715487,0.613361997685,0.443904351123
p90_minus_mean,Both,all,41.0856807877,1,669.85904094,0.613527368943,0.444014207365
p90_minus_mean,Both,all,41.0873701563,1,1792.99029589,0.613692740202,0.44430825606
p90_minus_mean,Both,all,41.1036380167,1,145.966448427,0.61385811146,0.444332194418
p90_minus_mean,Both,all,41.1071610505,1,22.7466905415,0.614023482719,0.444335924853
p90_minus_mean,Both,all,41.1792150414,1,33.6635216885,0.614188853977,0.444341445639
p90_minus_mean,Both,all,41.2050671884,1,2119.38755242,0.614354225236,0.444689023171
p90_minus_mean,Both,all,41.2151005687,1,112.850824182,0.614519596494,0.444707530599
p90_minus_mean,Both,all,41.2532317281,1,1524.33593223,0.614684967753,0.444957520235
p90_minus_mean,Both,all,41.2539609719,1,3943.13521778,0.614850339011,0.445604190641
p90_minus_mean,Both,all,41.2795102108,1,448.396504367,0.61501571027,0.445677727239
p90_minus_mean,Both,all,41.3088333119,1,3560.18380003,0.615181081528,0.44626159398
p90_minus_mean,Both,all,41.3342846674,1,3605.56917566,0.615346452787,0.446852903878
p90_minus_mean,Both,all,41.3543768369,1,2241.24296789,0.615511824045,0.447220465582
p90_minus_mean,Both,all,41.3777134554,1,1294.42604862,0.615677195303,0.447432750217
p90_minus_mean,Both,all,41.391177826,1,208.177229896,0.615842566562,0.447466891084
p90_minus_mean,Both,all,41.3942040993,1,14.7393352585,0.61600793782,0.447469308321
p90_minus_mean,Both,all,41.39782982,1,1178.01314032,0.616173309079,0.44766250135
p90_minus_mean,Both,all,41.4473156909,1,4521.34778752,0.616338680337,0.448403998065
p90_minus_mean,Both,all,41.4603114089,1,1884.17634184,0.616504051596,0.448713001184
p90_minus_mean,Both,all,41.4695985667,1,2742.83810403,0.616669422854,0.449162824011
p90_minus_mean,Both,all,41.4756433454,1,4875.77506058,0.616834794113,0.449962446461
p90_minus_mean,Both,all,41.4770294575,1,598.981016305,0.617000165371,0.450060678775
p90_minus_mean,Both,all,41.4803051505,1,2038.85356757,0.61716553663,0.450395048811
p90_minus_mean,Both,all,41.5559400482,1,1782.97925158,0.617330907888,0.450687455704
p90_minus_mean,Both,all,41.5691875916,1,1155.61785214,0.617496279147,0.450876975927
p90_minus_mean,Both,all,41.6647301919,1,2368.31439877,0.617661650405,0.451265377225
p90_minus_mean,Both,all,41.7145397362,1,4100.65989071,0.617827021664,0.451937881527
p90_minus_mean,Both,all,41.7175503847,1,1315.25794814,0.617992392922,0.452153582574
p90_minus_mean,Both,all,41.729393826,1,2208.23383666,0.618157764181,0.452515730812
p90_minus_mean,Both,all,41.734363577,1,55.5279986043,0.618323135439,0.452524837351
p90_minus_mean,Both,all,41.7733090777,1,1525.96901647,0.618488506698,0.452775094811
p90_minus_mean,Both,all,41.8193589004,1,19.029546386,0.618653877956,0.452778215638
p90_minus_mean,Both,all,41.8611138333,1,5.0740760206,0.618819249214,0.452779047782
p90_minus_mean,Both,all,41.8714297628,1,2748.11082493,0.618984620473,0.45322973533
p90_minus_mean,Both,all,41.8825328093,1,1027.51925044,0.619149991731,0.453398247505
p90_minus_mean,Both,all,41.8911609967,1,2430.4257654,0.61931536299,0.453796835008
p90_minus_mean,Both,all,41.8932792638,1,1879.4204709,0.619480734248,0.454105058168
p90_minus_mean,Both,all,41.9059096806,1,4204.67324367,0.619646105507,0.454794620561
p90_minus_mean,Both,all,41.9202688535,1,1387.99667168,0.619811476765,0.455022250689
p90_minus_mean,Both,all,41.921667013,1,7.20341400683,0.619976848024,0.455023432042
p90_minus_mean,Both,all,41.9957091213,1,2050.2079144,0.620142219282,0.45535966418
p90_minus_mean,Both,all,42.0025377545,1,1905.01179661,0.620307590541,0.455672084294
p90_minus_mean,Both,all,42.0841234943,1,4545.19347128,0.620472961799,0.456417491679
p90_minus_mean,Both,all,42.1173137418,1,11.4823435371,0.620638333058,0.456419374772
p90_minus_mean,Both,all,42.1185377148,1,2218.55822889,0.620803704316,0.456783216201
p90_minus_mean,Both,all,42.1431059582,1,1186.22552471,0.620969075575,0.456977756053
p90_minus_mean,Both,all,42.1616860847,1,624.543497157,0.621134446833,0.45708018059
p90_minus_mean,Both,all,42.1962940983,1,2709.46148226,0.621299818092,0.457524529683
p90_minus_mean,Both,all,42.2145316959,1,229.190375033,0.62146518935,0.457562116685
p90_minus_mean,Both,all,42.214544349,1,629.46218566,0.621630560609,0.457665347882
p90_minus_mean,Both,all,42.2190165677,1,2270.45706164,0.621795931867,0.45803770067
p90_minus_mean,Both,all,42.2388858487,1,2817.42706738,0.621961303126,0.458499756016
p90_minus_mean,Both,all,42.2516834604,1,933.818181779,0.622126674384,0.458652901305
p90_minus_mean,Both,all,42.2688380745,1,2208.55999576,0.622292045642,0.459015103033
p90_minus_mean,Both,all,42.3120094155,1,2241.26673877,0.622457416901,0.459382668636
p90_minus_mean,Both,all,42.3423437755,1,746.560222951,0.622622788159,0.459505103799
p90_minus_mean,Both,all,42.3514846262,1,23.4045014679,0.622788159418,0.459508942115
p90_minus_mean,Both,all,42.3671544454,1,44.7387113516,0.622953530676,0.459516279221
p90_minus_mean,Both,all,42.466794335,1,128.31510504,0.623118901935,0.459537322775
p90_minus_mean,Both,all,42.5273799446,1,963.400177182,0.623284273193,0.459695319484
p90_minus_mean,Both,all,42.5628143211,1,3.13635654006,0.623449644452,0.459695833843
p90_minus_mean,Both,all,42.5899026517,1,94.491572029,0.62361501571,0.459711330371
p90_minus_mean,Both,all,42.6864827314,1,2275.52358262,0.623780386969,0.460084514063
p90_minus_mean,Both,all,42.6872339951,1,2749.51251896,0.623945758227,0.460535431488
p90_minus_mean,Both,all,42.7231404406,1,264.961326313,0.624111129486,0.460578884892
p90_minus_mean,Both,all,42.7744009737,1,2485.06142043,0.624276500744,0.46098643259
p90_minus_mean,Both,all,42.8106175498,1,22.1418131967,0.624441872003,0.460990063826
p90_minus_mean,Both,all,42.8125063222,1,243.368390613,0.624607243261,0.461029976009
p90_minus_mean,Both,all,42.8149151333,1,4286.68947247,0.62477261452,0.461732988985
p90_minus_mean,Both,all,42.8301095483,1,755.497754063,0.624937985778,0.461856889895
p90_minus_mean,Both,all,42.8609208631,1,942.658908978,0.625103357037,0.462011485055
p90_minus_mean,Both,all,42.8682530622,1,152.677942154,0.625268728295,0.462036524092
p90_minus_mean,Both,all,42.8957794427,1,182.585873181,0.625434099553,0.462066468
p90_minus_mean,Both,all,42.9019535152,1,2181.26913048,0.625599470812,0.462424194053
p90_minus_mean,Both,all,42.9262109396,1,4017.9237472,0.62576484207,0.463083129707
p90_minus_mean,Both,all,42.9685543688,1,872.658958049,0.625930213329,0.463226244942
p90_minus_mean,Both,all,42.971079771,1,3050.14382971,0.626095584587,0.463726465614
p90_minus_mean,Both,all,43.0063476468,1,2842.25551525,0.626260955846,0.464192592802
p90_minus_mean,Both,all,43.0094683685,1,2153.88616505,0.626426327104,0.464545828074
p90_minus_mean,Both,all,43.1212297375,1,5191.5890746,0.626591698363,0.46539724372
p90_minus_mean,Both,all,43.1302388628,1,659.179809143,0.626757069621,0.465505348579
p90_minus_mean,Both,all,43.1503196093,1,1943.40400526,0.62692244088,0.465824064978
p90_minus_mean,Both,all,43.1542954037,1,850.858566928,0.627087812138,0.46596360497
p90_minus_mean,Both,all,43.2082870865,1,1284.30317754,0.627253183397,0.466174229463
p90_minus_mean,Both,all,43.2315424305,1,3202.34673355,0.627418554655,0.466699411266
p90_minus_mean,Both,all,43.2365639441,1,2999.72115421,0.627583925914,0.467191362668
p90_minus_mean,Both,all,43.2373763665,1,720.706848201,0.627749297172,0.467309557903
p90_minus_mean,Both,all,43.2441190621,1,3748.72110726,0.627914668431,0.467924344581
p90_minus_mean,Both,all,43.2678729804,1,2373.76002196,0.628080039689,0.468313638956
p90_minus_mean,Both,all,43.2861146559,1,84.1294333991,0.628245410948,0.468327436102
p90_minus_mean,Both,all,43.3094974517,1,1060.08305526,0.628410782206,0.46850128871
p90_minus_mean,Both,all,43.3194939704,1,3222.42685847,0.628576153465,0.469029763635
p90_minus_mean,Both,all,43.3420752575,1,17.5710755041,0.628741524723,0.469032645274
p90_minus_mean,Both,all,43.3604796622,1,1143.22510557,0.628906895981,0.469220133099
p90_minus_mean,Both,all,43.3731952274,1,2686.94096404,0.62907226724,0.469660788848
p90_minus_mean,Both,all,43.4116218582,1,408.604537536,0.629237638498,0.469727799602
p90_minus_mean,Both,all,43.4404312348,1,50.2440399347,0.629403009757,0.469736039577
p90_minus_mean,Both,all,43.4619053181,1,2313.36169298,0.629568381015,0.470115428683
p90_minus_mean,Both,all,43.5848433881,1,3222.09448372,0.629733752274,0.470643849098
p90_minus_mean,Both,all,43.5991891114,1,3704.47945447,0.629899123532,0.471251380188
p90_minus_mean,Both,all,43.6053122945,1,2395.77580711,0.630064494791,0.47164428513
p90_minus_mean,Both,all,43.6465321404,1,380.368918855,0.630229866049,0.47170666527
p90_minus_mean,Both,all,43.6481054949,1,1373.72193206,0.630395237308,0.471931954353
p90_minus_mean,Both,all,43.6925128261,1,35.0740973923,0.630560608566,0.471937706472
p90_minus_mean,Both,all,43.7955285582,1,1949.79194677,0.630725979825,0.472257470487
p90_minus_mean,Both,all,43.7990986718,1,551.042227697,0.630891351083,0.472347840886
p90_minus_mean,Both,all,43.8158232081,1,2512.54004567,0.631056722342,0.472759895052
p90_minus_mean,Both,all,43.8636505476,1,979.893511782,0.6312220936,0.472920596651
p90_minus_mean,Both,all,43.8682022776,1,1331.39486975,0.631387464859,0.473138944137
p90_minus_mean,Both,all,43.8708769667,1,734.947997814,0.631552836117,0.473259474906
p90_minus_mean,Both,all,43.8762314539,1,125.284821157,0.631718207376,0.473280021497
p90_minus_mean,Both,all,43.876819281,1,1041.92773048,0.631883578634,0.473450896649
p90_minus_mean,Both,all,43.8880344781,1,18.513189693,0.632048949893,0.473453932794
p90_minus_mean,Both,all,43.8931025197,1,3469.84165891,0.632214321151,0.47402298351
p90_minus_mean,Both,all,43.9273736755,1,477.764070207,0.632379692409,0.474101336361
p90_minus_mean,Both,all,43.979999166,1,3375.60308674,0.632545063668,0.47465493204
p90_minus_mean,Both,all,44.0643357901,1,1102.88194287,0.632710434926,0.474835803625
p90_minus_mean,Both,all,44.1050308133,1,490.998790109,0.632875806185,0.474916326957
p90_minus_mean,Both,all,44.1083309854,1,3392.308807,0.633041177443,0.475472662359
p90_minus_mean,Both,all,44.1223373904,1,1321.35908923,0.633206548702,0.475689363986
p90_minus_mean,Both,all,44.1383498339,1,3129.71657286,0.63337191996,0.476202634513
p90_minus_mean,Both,all,44.1491516798,1,721.066042972,0.633537291219,0.476320888655
p90_minus_mean,Both,all,44.1513425933,1,51.9555839872,0.633702662477,0.476329409321
p90_minus_mean,Both,all,44.155065011,1,20.458262882,0.633868033736,0.476332764456
p90_minus_mean,Both,all,44.1588401677,1,107.558270506,0.634033404994,0.47635040391
p90_minus_mean,Both,all,44.1970949106,1,2430.86994603,0.634198776253,0.476749064257
p90_minus_mean,Both,all,44.2541178498,1,2034.29672437,0.634364147511,0.477082686976
p90_minus_mean,Both,all,44.2616351921,1,2573.84070533,0.63452951877,0.477504794391
p90_minus_mean,Both,all,44.2730452169,1,3668.67370281,0.634694890028,0.478106453372
p90_minus_mean,Both,all,44.2960516339,1,65.5881757886,0.634860261287,0.47811720977
p90_minus_mean,Both,all,44.3071387301,1,127.902146781,0.635025632545,0.4781381856
p90_minus_mean,Both,all,44.3115657731,1,3004.50281603,0.635191003804,0.47863092119
p90_minus_mean,Both,all,44.3356696862,1,145.76990394,0.635356375062,0.478654827314
p90_minus_mean,Both,all,44.355588894,1,2630.75246718,0.63552174632,0.479086268204
p90_minus_mean,Both,all,44.3635176032,1,2704.13946383,0.635687117579,0.479529744492
p90_minus_mean,Both,all,44.3721098411,1,1015.95267775,0.635852488837,0.47969635976
p90_minus_mean,Both,all,44.3834751751,1,2163.02902677,0.636017860096,0.480051094453
p90_minus_mean,Both,all,44.3845844124,1,2290.66998778,0.636183231354,0.480426762141
p90_minus_mean,Both,all,44.4892444716,1,3344.06871441,0.636348602613,0.480975186214
p90_minus_mean,Both,all,44.5329948832,1,2605.98322786,0.636513973871,0.481402564972
p90_minus_mean,Both,all,44.5532595768,1,1034.83770597,0.63667934513,0.481572277367
p90_minus_mean,Both,all,44.5667824258,1,3245.50339602,0.636844716388,0.482104536822
p90_minus_mean,Both,all,44.5720471308,1,2163.6816833,0.637010087647,0.482459378549
p90_minus_mean,Both,all,44.6633284484,1,870.321772782,0.637175458905,0.482602110488
p90_minus_mean,Both,all,44.6934229322,1,2179.01590707,0.637340830164,0.482959467014
p90_minus_mean,Both,all,44.7005045123,1,171.334523168,0.637506201422,0.482987565712
p90_minus_mean,Both,all,44.7236096794,1,885.444895987,0.637671572681,0.483132777829
p90_minus_mean,Both,all,44.7238249897,1,443.060668847,0.637836943939,0.483205439355
p90_minus_mean,Both,all,44.7743057714,1,678.443513317,0.638002315198,0.483316703443
p90_minus_mean,Both,all,44.8021193716,1,372.911331688,0.638167686456,0.483377860545
p90_minus_mean,Both,all,44.8258762694,1,433.039271205,0.638333057715,0.483448878571
p90_minus_mean,Both,all,44.826555689,1,759.438059591,0.638498428973,0.483573425687
p90_minus_mean,Both,all,44.8526348765,1,329.03366854,0.638663800232,0.483627386894
p90_minus_mean,Both,all,44.8843184169,1,161.885424421,0.63882917149,0.483653935949
p90_minus_mean,Both,all,44.962415787,1,2959.03072584,0.638994542748,0.48413921416
p90_minus_mean,Both,all,44.9684360259,1,148.701500381,0.639159914007,0.484163601064
p90_minus_mean,Both,all,44.9833323328,1,101.799892137,0.639325285265,0.484180296149
p90_minus_mean,Both,all,45.0008736129,1,1534.289031,0.639490656524,0.484431918083
p90_minus_mean,Both,all,45.0083546144,1,1973.30449036,0.639656027782,0.484755538133
p90_minus_mean,Both,all,45.031553328,1,565.521893686,0.639821399041,0.484848283183
p90_minus_mean,Both,all,45.0443114273,1,22.1406956566,0.639986770299,0.484851914236
p90_minus_mean,Both,all,45.0985413845,1,35.6568303367,0.640152141558,0.484857761922
p90_minus_mean,Both,all,45.102722674,1,3951.60674334,0.640317512816,0.485505821651
p90_minus_mean,Both,all,45.1126834439,1,220.42051163,0.640482884075,0.485541970404
p90_minus_mean,Both,all,45.1259748379,1,1304.55326799,0.640648255333,0.485755915893
p90_minus_mean,Both,all,45.1666686803,1,14.0228106742,0.640813626592,0.485758215621
p90_minus_mean,Both,all,45.1899733453,1,3261.64103673,0.64097899785,0.486293121633
p90_minus_mean,Both,all,45.2098829943,1,2337.43141435,0.641144369109,0.486676458151
p90_minus_mean,Both,all,45.2175919108,1,2876.44858115,0.641309740367,0.487148192969
p90_minus_mean,Both,all,45.2238673171,1,156,0.641475111626,0.48717377682
p90_minus_mean,Both,all,45.2432346973,1,1907.18486012,0.641640482884,0.487486553314
p90_minus_mean,Both,all,45.2445082727,1,3920.13523796,0.641805854143,0.488129451746
p90_minus_mean,Both,all,45.2972099315,1,47.8873223708,0.641971225401,0.488137305221
p90_minus_mean,Both,all,45.3020528348,1,102.432087305,0.64213659666,0.488154103985
p90_minus_mean,Both,all,45.3141375173,1,1115.83233553,0.642301967918,0.488337099422
p90_minus_mean,Both,all,45.3352020502,1,2175.22075119,0.642467339176,0.488693833546
p90_minus_mean,Both,all,45.3723024109,1,714.076776951,0.642632710435,0.488810941454
p90_minus_mean,Both,all,45.3981829277,1,685.909590697,0.642798081693,0.488923429972
p90_minus_mean,Both,all,45.4067764256,1,2038.03536892,0.642963452952,0.489257665824
p90_minus_mean,Both,all,45.4928303799,1,1411.13101032,0.64312882421,0.489489089961
p90_minus_mean,Both,all,45.4959097795,1,1037.09653554,0.643294195469,0.489659172801
p90_minus_mean,Both,all,45.5072250518,1,1263.43582427,0.643459566727,0.489866375069
p90_minus_mean,Both,all,45.5592425103,1,64.2406516514,0.643624937986,0.489876910474
p90_minus_mean,Both,all,45.5744091666,1,3594.19445952,0.643790309244,0.49046635493
p90_minus_mean,Both,all,45.5818359234,1,53.2545434539,0.643955680503,0.490475088624
p90_minus_mean,Both,all,45.5822233839,1,3207.91234286,0.644121051761,0.491001183182
p90_minus_mean,Both,all,45.5893835948,1,2243.64043972,0.64428642302,0.49136913807
p90_minus_mean,Both,all,45.6465280774,1,1000.42201147,0.644451794278,0.491533206324
p90_minus_mean,Both,all,45.6651696357,1,2387.70282004,0.644617165537,0.491924787304
p90_minus_mean,Both,all,45.7018643678,1,36.6785536779,0.644782536795,0.491930802551
p90_minus_mean,Both,all,45.725261278,1,4951.55787463,0.644947908054,0.49274285331
p90_minus_mean,Both,all,45.7535456229,1,2524.05103153,0.645113279312,0.493156795266
p90_minus_mean,Both,all,45.7654901919,1,20.174939083,0.645278650571,0.493160103937
p90_minus_mean,Both,all,45.7880560407,1,2898.69828878,0.645444021829,0.493635487686
p90_minus_mean,Both,all,45.8229551794,1,1192.58196861,0.645609393087,0.493831069989
p90_minus_mean,Both,all,45.8577286719,1,475.375702783,0.645774764346,0.49390903115
p90_minus_mean,Both,all,45.8760310064,1,2619.61491091,0.645940135604,0.494338645491
p90_minus_mean,Both,all,45.8908716996,1,869.271454002,0.646105506863,0.494481205179
p90_minus_mean,Both,all,45.9067728104,1,402.678457122,0.646270878121,0.494547244061
p90_minus_mean,Both,all,45.9802345582,1,1045.06340807,0.64643624938,0.494718633461
p90_minus_mean,Both,all,45.9802820342,1,22.3597451814,0.646601620638,0.494722300437
p90_minus_mean,Both,all,46.0144253374,1,2809.45816571,0.646766991897,0.495183048891
p90_minus_mean,Both,all,46.0641655933,1,774.104855038,0.646932363155,0.495310001347
p90_minus_mean,Both,all,46.0959735668,1,41.4753900739,0.647097734414,0.495316803272
p90_minus_mean,Both,all,46.1016503281,1,3439.79700617,0.647263105672,0.495880926693
p90_minus_mean,Both,all,46.1022760815,1,268.780943358,0.647428476931,0.495925006511
p90_minus_mean,Both,all,46.1417066126,1,512.485447834,0.647593848189,0.496009053634
p90_minus_mean,Both,all,46.147627763,1,30.4348065345,0.647759219448,0.496014044913
p90_minus_mean,Both,all,46.1633914569,1,1443.35747255,0.647924590706,0.496250754159
p90_minus_mean,Both,all,46.1748574608,1,1979.08604933,0.648089961965,0.49657532238
p90_minus_mean,Both,all,46.1933374043,1,2787.88370679,0.648255333223,0.497032532643
p90_minus_mean,Both,all,46.2122266793,1,3233.3783139,0.648420704482,0.497562803596
p90_minus_mean,Both,all,46.2167280323,1,15.8476080363,0.64858607574,0.497565402588
p90_minus_mean,Both,all,46.2250251663,1,1297.68377698,0.648751446999,0.497778221487
p90_minus_mean,Both,all,46.232921335,1,3526.68185228,0.648916818257,0.49835659394
p90_minus_mean,Both,all,46.2498755358,1,178.322548495,0.649082189515,0.498385838667
p90_minus_mean,Both,all,46.2819496552,1,2391.24922901,0.649247560774,0.498778001255
p90_minus_mean,Both,all,46.3327754033,1,20.7231724025,0.649412932032,0.498781399836
p90_minus_mean,Both,all,46.3444027701,1,81.1131047693,0.649578303291,0.498794702307
p90_minus_mean,Both,all,46.3938053378,1,20.6668453242,0.649743674549,0.49879809165
p90_minus_mean,Both,all,46.488762295,1,3103.03457621,0.649909045808,0.499306986355
p90_minus_mean,Both,all,46.5125617684,1,75.9748503545,0.650074417066,0.499319446158
p90_minus_mean,Both,all,46.5343773747,1,93.677810981,0.650239788325,0.499334809229
p90_minus_mean,Both,all,46.6278000245,1,1003.50392089,0.650405159583,0.499499382913
p90_minus_mean,Both,all,46.6297267536,1,2739.11163299,0.650570530842,0.499948594602
p90_minus_mean,Both,all,46.6373402753,1,1573.63611889,0.6507359021,0.500206669422
p90_minus_mean,Both,all,46.6395546833,1,2563.75250735,0.650901273359,0.500627122382
p90_minus_mean,Both,all,46.6597626137,1,34.9803795151,0.651066644617,0.500632859131
p90_minus_mean,Both,all,46.6662037888,1,4563.75977875,0.651232015876,0.501381311373
p90_minus_mean,Both,all,46.6813743139,1,3830.34784979,0.651397387134,0.502009484759
p90_minus_mean,Both,all,46.6999665091,1,1173.92478025,0.651562758393,0.502202007301
p90_minus_mean,Both,all,46.758307666,1,4530.69792892,0.651728129651,0.50294503743
p90_minus_mean,Both,all,46.7917302409,1,36.3911405981,0.65189350091,0.502951005542
p90_minus_mean,Both,all,46.798578323,1,817.32543839,0.652058872168,0.503085046133
p90_minus_mean,Both,all,46.8057716492,1,30.1486525854,0.652224243426,0.503089990483
p90_minus_mean,Both,all,46.9071511898,1,33.0507015952,0.652389614685,0.503095410767
p90_minus_mean,Both,all,46.9100378824,1,1438.74689446,0.652554985943,0.503331363882
p90_minus_mean,Both,all,46.9414542532,1,3306.33554547,0.652720357202,0.503873599751
p90_minus_mean,Both,all,46.953620523,1,63.3394773882,0.65288572846,0.503883987365
p90_minus_mean,Both,all,46.9573297782,1,2281.97932419,0.653051099719,0.504258229793
p90_minus_mean,Both,all,46.9597395588,1,1908.96803067,0.653216470977,0.504571298725
p90_minus_mean,Both,all,46.965489884,1,374.896757275,0.653381842236,0.504632781435
p90_minus_mean,Both,all,46.9664050033,1,4940.06435702,0.653547213494,0.505442947268
p90_minus_mean,Both,all,46.9805894109,1,121.653605958,0.653712584753,0.505462898343
p90_minus_mean,Both,all,47.0017413811,1,1755.69020008,0.653877956011,0.505750829857
p90_minus_mean,Both,all,47.0097454645,1,63.8078773689,0.65404332727,0.505761294288
p90_minus_mean,Both,all,47.0224555237,1,208.896243735,0.654208698528,0.505795553073
p90_minus_mean,Both,all,47.0739643335,1,3661.95291726,0.654374069787,0.506396109851
p90_minus_mean,Both,all,47.0885893765,1,76,0.654539441045,0.506408573778
p90_minus_mean,Both,all,47.1123876661,1,628.457277756,0.654704812304,0.506511640171
p90_minus_mean,Both,all,47.1249558146,1,281.967615401,0.654870183562,0.50655788259
p90_minus_mean,Both,all,47.1449468937,1,27.2030550272,0.655035554821,0.506562343865
p90_minus_mean,Both,all,47.1469173872,1,2970.20949207,0.655200926079,0.507049455383
p90_minus_mean,Both,all,47.1916145905,1,449.403147591,0.655366297338,0.50712315707
p90_minus_mean,Both,all,47.2434959111,1,2274.38602867,0.655531668596,0.507496154204
p90_minus_mean,Both,all,47.2616739113,1,4467.50849249,0.655697039854,0.508228821327
p90_minus_mean,Both,all,47.2725635349,1,4593.0318233,0.655862411113,0.508982074155
p90_minus_mean,Both,all,47.2803169767,1,4825.93566167,0.656027782371,0.509773522991
p90_minus_mean,Both,all,47.3000659065,1,3045.67722237,0.65619315363,0.510273011144
p90_minus_mean,Both,all,47.3028293891,1,3511.3433748,0.656358524888,0.510848868101
p90_minus_mean,Both,all,47.3174276128,1,930.53392219,0.656523896147,0.511001474775
p90_minus_mean,Both,all,47.3223561726,1,1585.11997401,0.656689267405,0.511261432936
p90_minus_mean,Both,all,47.3255683209,1,628.698435721,0.656854638664,0.511364538878
p90_minus_mean,Both,all,47.3451942693,1,40.726544653,0.657020009922,0.511371217993
p90_minus_mean,Both,all,47.3891899729,1,131,0.657185381181,0.511392701868
p90_minus_mean,Both,all,47.3953918165,1,2806.52564893,0.657350752439,0.511852969391
p90_minus_mean,Both,all,47.4022391798,1,306.342993115,0.657516123698,0.511903209349
p90_minus_mean,Both,all,47.4069963847,1,419.516423833,0.657681494956,0.511972009642
p90_minus_mean,Both,all,47.4094236728,1,2756.6951646,0.657846866215,0.512424105014
p90_minus_mean,Both,all,47.4377817833,1,80,0.658012237473,0.512437224937
p90_minus_mean,Both,all,47.4425768047,1,5376.1315564,0.658177608732,0.513318905374
p90_minus_mean,Both,all,47.4442357598,1,1926.4699792,0.65834297999,0.513634844609
p90_minus_mean,Both,all,47.4650684097,1,555.464702722,0.658508351249,0.513725940289
p90_minus_mean,Both,all,47.504407839,1,1515.95576239,0.658673722507,0.513974555585
p90_minus_mean,Both,all,47.5114651623,1,2797.22976963,0.658839093766,0.514433298594
p90_minus_mean,Both,all,47.5136211951,1,1652.3237564,0.659004465024,0.51470427811
p90_minus_mean,Both,all,47.5220137815,1,20.8764733165,0.659169836282,0.514707701832
p90_minus_mean,Both,all,47.5492469278,1,1278.99460837,0.659335207541,0.514917455725
p90_minus_mean,Both,all,47.5747203536,1,66.0685333229,0.659500578799,0.514928290902
p90_minus_mean,Both,all,47.6391593278,1,1896.61477856,0.659665950058,0.515239333912
p90_minus_mean,Both,all,47.6915479582,1,3251.12831752,0.659831321316,0.515772515849
p90_minus_mean,Both,all,47.7124999439,1,2375.85534443,0.659996692575,0.516162153854
p90_minus_mean,Both,all,47.7201179221,1,4241.19478697,0.660162063833,0.516857705745
p90_minus_mean,Both,all,47.7472560814,1,3061.48516436,0.660327435092,0.517359786386
p90_minus_mean,Both,all,47.7831069337,1,2089.73716906,0.66049280635,0.517702501284
p90_minus_mean,Both,all,47.7946793053,1,17.1487875843,0.660658177609,0.517705313669
p90_minus_mean,Both,all,47.8390860858,1,1892.29584953,0.660823548867,0.51801564838
p90_minus_mean,Both,all,47.8487542928,1,1022.97481547,0.660988920126,0.518183415272
p90_minus_mean,Both,all,47.854491197,1,49.4303219977,0.661154291384,0.518191521797
p90_minus_mean,Both,all,47.8655689612,1,236.294956046,0.661319662643,0.518230273944
p90_minus_mean,Both,all,47.8769060535,1,18.3488198045,0.661485033901,0.518233283133
p90_minus_mean,Both,all,47.9895739109,1,3084.86098762,0.66165040516,0.518739197386
p90_minus_mean,Both,all,47.9899089274,1,94.0518596073,0.661815776418,0.518754621801
p90_minus_mean,Both,all,48.0071932954,1,117.999515188,0.661981147677,0.518773973609
p90_minus_mean,Both,all,48.0814646314,1,1645.44039121,0.662146518935,0.51904382426
p90_minus_mean,Both,all,48.0860891308,1,496.016925673,0.662311890193,0.519125170562
p90_minus_mean,Both,all,48.2491383141,1,124.260017009,0.662477261452,0.519145549086
p90_minus_mean,Both,all,48.2983250763,1,2618.67384491,0.66264263271,0.519575009094
p90_minus_mean,Both,all,48.4446293879,1,326.910790606,0.662808003969,0.519628622151
p90_minus_mean,Both,all,48.4458867475,1,2107.21106939,0.662973375227,0.519974202752
p90_minus_mean,Both,all,48.4476788926,1,3731.63035798,0.663138746486,0.520586186564
p90_minus_mean,Both,all,48.4990594556,1,3774.89655521,0.663304117744,0.52120526599
p90_minus_mean,Both,all,48.5845379484,1,4048.50954992,0.663469489003,0.521869217687
p90_minus_mean,Both,all,48.6005669259,1,12.7347878086,0.663634860261,0.52187130618
p90_minus_mean,Both,all,48.6189728404,1,794.579475956,0.66380023152,0.522001616454
p90_minus_mean,Both,all,48.6276467445,1,3462.79322432,0.663965602778,0.522569511233
p90_minus_mean,Both,all,48.6619407632,1,1685.3079648,0.664130974037,0.522845900129
p90_minus_mean,Both,all,48.6867775083,1,1095.01154062,0.664296345295,0.523025480975
p90_minus_mean,Both,all,48.6929933056,1,23.7687732793,0.664461716554,0.523029379031
p90_minus_mean,Both,all,48.7055848459,1,1977.82828027,0.664627087812,0.523353740978
p90_minus_mean,Both,all,48.7334781318,1,16.1086941338,0.664792459071,0.523356382789
p90_minus_mean,Both,all,48.7462390446,1,526.403633039,0.664957830329,0.523442712481
p90_minus_mean,Both,all,48.76966533,1,657.550828795,0.665123201588,0.523550550189
p90_minus_mean,Both,all,48.7960310496,1,1808.59403167,0.665288572846,0.523847157881
p90_minus_mean,Both,all,48.8146313778,1,421.425548885,0.665453944105,0.523916271268
p90_minus_mean,Both,all,48.8473691429,1,1859.25510522,0.665619315363,0.524221187328
p90_minus_mean,Both,all,48.8562123357,1,2760.02049991,0.665784686621,0.524673828052
p90_minus_mean,Both,all,48.8728126037,1,611.987261181,0.66595005788,0.524774193378
p90_minus_mean,Both,all,48.9047232632,1,1394.25367631,0.666115429138,0.525002849648
p90_minus_mean,Both,all,48.9178713009,1,545.981734325,0.666280800397,0.525092390131
p90_minus_mean,Both,all,48.9699625005,1,1680.30736939,0.666446171655,0.525367958933
p90_minus_mean,Both,all,49.050579971,1,2595.31390659,0.666611542914,0.525793587933
p90_minus_mean,Both,all,49.0631593663,1,353.483751423,0.666776914172,0.52585155893
p90_minus_mean,Both,all,49.1160777112,1,2667.34814853,0.666942285431,0.526289001477
p90_minus_mean,Both,all,49.2619926091,1,1123.63399178,0.667107656689,0.526473276378
p90_minus_mean,Both,all,49.2771604142,1,439.489290086,0.667273027948,0.526545352201
p90_minus_mean,Both,all,49.2917227706,1,35.5351144772,0.667438399206,0.526551179926
p90_minus_mean,Both,all,49.3130385719,1,4087.42922336,0.667603770465,0.527221514412
p90_minus_mean,Both,all,49.3233368578,1,1356.74254689,0.667769141723,0.527444018893
p90_minus_mean,Both,all,49.3401497277,1,1587.15845475,0.667934512982,0.527704311362
p90_minus_mean,Both,all,49.3451786515,1,102.830221774,0.66809988424,0.52772117542
p90_minus_mean,Both,all,49.368547488,1,27.5160607724,0.668265255499,0.527725688028
p90_minus_mean,Both,all,49.3997819564,1,227.581468096,0.668430626757,0.527763011171
p90_minus_mean,Both,all,49.4092748092,1,1849.6933489,0.668595998016,0.528066359112
p90_minus_mean,Both,all,49.4129803096,1,3409.96419054,0.668761369274,0.52862558998
p90_minus_mean,Both,all,49.4166058458,1,1117.08369258,0.668926740532,0.528808790638
p90_minus_mean,Both,all,49.4469707674,1,9.54562494838,0.669092111791,0.528810356111
p90_minus_mean,Both,all,49.4865246768,1,219.416963701,0.669257483049,0.528846340284
p90_minus_mean,Both,all,49.4965818655,1,3320.97290974,0.669422854308,0.529390976666
p90_minus_mean,Both,all,49.5007354141,1,314.823083518,0.669588225566,0.529442607351
p90_minus_mean,Both,all,49.5456890405,1,25.36775338,0.669753596825,0.529446767638
p90_minus_mean,Both,all,49.6017790949,1,31.9456744525,0.669918968083,0.529452006699
p90_minus_mean,Both,all,49.6058361013,1,1121.50079493,0.670084339342,0.529635931757
p90_minus_mean,Both,all,49.6444890234,1,3249.74786658,0.6702497106,0.530168887301
p90_minus_mean,Both,all,49.7058930075,1,2724.62438404,0.670415081859,0.530615723095
p90_minus_mean,Both,all,49.7211151485,1,1084.15742238,0.670580453117,0.530793523876
p90_minus_mean,Both,all,49.7435982977,1,1559.82591164,0.670745824376,0.531049333835
p90_minus_mean,Both,all,49.7461176334,1,3460.07257659,0.670911195634,0.53161678243
p90_minus_mean,Both,all,49.7751958995,1,2807.33772998,0.671076566893,0.532077183134
p90_minus_mean,Both,all,49.8538040809,1,54.2008545547,0.671241938151,0.532086072023
p90_minus_mean,Both,all,49.8725147219,1,2427.58000875,0.67140730941,0.532484192824
p90_minus_mean,Both,all,49.8921718367,1,1137.08754728,0.671572680668,0.532670674095
p90_minus_mean,Both,all,49.9488596699,1,773.272459542,0.671738051927,0.532797490039
p90_minus_mean,Both,all,49.9620132478,1,246.554247127,0.671903423185,0.5328379247
p90_minus_mean,Both,all,50.0235726856,1,2125.59414288,0.672068794444,0.533186520107
p90_minus_mean,Both,all,50.0339893534,1,35.7777887801,0.672234165702,0.533192387631
p90_minus_mean,Both,all,50.035763034,1,511.613105811,0.67239953696,0.533276291691
p90_minus_mean,Both,all,50.039277016,1,7.26732690653,0.672564908219,0.533277483526
p90_minus_mean,Both,all,50.0887490668,1,1257.14146445,0.672730279477,0.533483653524
p90_minus_mean,Both,all,50.099471563,1,3104.67685944,0.672895650736,0.533992817561
p90_minus_mean,Both,all,50.119849001,1,1637.72589575,0.673061021994,0.534261403043
p90_minus_mean,Both,all,50.1212118302,1,3660.67707863,0.673226393253,0.534861750585
p90_minus_mean,Both,all,50.1346778084,1,2819.32853436,0.673391764511,0.535324117769
p90_minus_mean,Both,all,50.1547261917,1,1612.54302235,0.67355713577,0.535588573284
p90_minus_mean,Both,all,50.1549760349,1,3019.86314257,0.673722507028,0.536083827953
p90_minus_mean,Both,all,50.1695597291,1,83.901616562,0.673887878287,0.536097587737
p90_minus_mean,Both,all,50.1867372192,1,2941.25467581,0.674053249545,0.536579950693
p90_minus_mean,Both,all,50.2236712282,1,2861.7536358,0.674218620804,0.537049275554
p90_minus_mean,Both,all,50.231609665,1,1060.49100259,0.674383992062,0.537223195064
p90_minus_mean,Both,all,50.2511736995,1,1352.9381661,0.674549363321,0.53744507563
p90_minus_mean,Both,all,50.2981158101,1,706.582431966,0.674714734579,0.537560954474
p90_minus_mean,Both,all,50.3246364542,1,3314.09271386,0.674880105838,0.538104462511
p90_minus_mean,Both,all,50.3922147875,1,4575.39105094,0.675045477096,0.53885482227
p90_minus_mean,Both,all,50.4052298061,1,47.3567376102,0.675210848355,0.53886258873
p90_minus_mean,Both,all,50.415135743,1,26.8756006402,0.675376219613,0.538866996303
p90_minus_mean,Both,all,50.420179129,1,3222.46099368,0.675541590872,0.539395476825
p90_minus_mean,Both,all,50.4452030613,1,1886.05039873,0.67570696213,0.539704787288
p90_minus_mean,Both,all,50.4821523119,1,1986.46825296,0.675872333388,0.540030566183
p90_minus_mean,Both,all,50.5107032168,1,2627.91068463,0.676037704647,0.540461541023
p90_minus_mean,Both,all,50.5432021723,1,958.626047045,0.676203075905,0.540618754778
p90_minus_mean,Both,all,50.5641307911,1,1089.44995384,0.676368447164,0.54079742353
p90_minus_mean,Both,all,50.5666610134,1,1920.25025944,0.676533818422,0.541112342737
p90_minus_mean,Both,all,50.5799663054,1,2789.67663816,0.676699189681,0.541569847039
p90_minus_mean,Both,all,50.6365492746,1,3249.09127516,0.676864560939,0.542102694902
p90_minus_mean,Both,all,50.6525913195,1,974.378495203,0.677029932198,0.542262492044
p90_minus_mean,Both,all,50.717050502,1,2701.10187612,0.677195303456,0.54270547017
p90_minus_mean,Both,all,50.7277275333,1,3532.39903504,0.677360674715,0.543284780235
p90_minus_mean,Both,all,50.7468782908,1,296.184230864,0.677526045973,0.543333354166
p90_minus_mean,Both,all,50.7585881449,1,2892.41632564,0.677691417232,0.543807707679
p90_minus_mean,Both,all,50.7624966197,1,1503.16935678,0.67785678849,0.544054226016
p90_minus_mean,Both,all,50.784462364,1,2653.0007482,0.678022159749,0.544489315603
p90_minus_mean,Both,all,50.8024427621,1,5294.53946842,0.678187531007,0.545357615015
p90_minus_mean,Both,all,50.8674726822,1,219.26785085,0.678352902266,0.545393574733
p90_minus_mean,Both,all,50.8760971757,1,1505.64943001,0.678518273524,0.5456404998
p90_minus_mean,Both,all,50.9058934631,1,361.388613193,0.678683644783,0.545699767187
p90_minus_mean,Both,all,50.9092952801,1,396.235489423,0.678849016041,0.545764749429
p90_minus_mean,Both,all,50.9149756013,1,2252.00975647,0.679014387299,0.546134076876
p90_minus_mean,Both,all,50.929500161,1,1614.32225153,0.679179758558,0.546398824183
p90_minus_mean,Both,all,50.9798038825,1,2343.55419603,0.679345129816,0.546783164831
p90_minus_mean,Both,all,50.9838854172,1,10.3708126109,0.679510501075,0.546784865634
p90_minus_mean,Both,all,51.0081293782,1,882.347071884,0.679675872333,0.54692956971
p90_minus_mean,Both,all,51.0357896099,1,2721.13655634,0.679841243592,0.547375833505
p90_minus_mean,Both,all,51.0651663317,1,63.7509506369,0.68000661485,0.5473862886
p90_minus_mean,Both,all,51.088415335,1,2983.43084824,0.680171986109,0.547875568407
p90_minus_mean,Both,all,51.094452831,1,45.8022228553,0.680337357367,0.547883079928
p90_minus_mean,Both,all,51.1429608556,1,1361.26297424,0.680502728626,0.548106325754
p90_minus_mean,Both,all,51.1456335988,1,2569.90819817,0.680668099884,0.548527788242
p90_minus_mean,Both,all,51.1575829438,1,832.009143966,0.680833471143,0.548664236947
p90_minus_mean,Both,all,51.1666065842,1,1554.07372124,0.680998842401,0.548919103552
p90_minus_mean,Both,all,51.2229010897,1,250.047191341,0.68116421366,0.548960111052
p90_minus_mean,Both,all,51.2301424364,1,446.031939745,0.681329584918,0.549033259864
p90_minus_mean,Both,all,51.2592036782,1,844.192345982,0.681494956177,0.549171706601
p90_minus_mean,Both,all,51.3167936254,1,2109.78499397,0.681660327435,0.549517709324
p90_minus_mean,Both,all,51.3448667946,1,1694.92667377,0.681825698694,0.549795675678
p90_minus_mean,Both,all,51.4067022649,1,3001.85947466,0.681991069952,0.550287977763
p90_minus_mean,Both,all,51.4213111015,1,881.823801999,0.682156441211,0.550432596023
p90_minus_mean,Both,all,51.434873286,1,346.022427193,0.682321812469,0.550489343371
p90_minus_mean,Both,all,51.4785888472,1,3120.99424359,0.682487183727,0.551001183443
p90_minus_mean,Both,all,51.5157897397,1,83.3556088037,0.682652554986,0.551014853684
p90_minus_mean,Both,all,51.5343428468,1,721.758978254,0.682817926244,0.551133221466
p90_minus_mean,Both,all,51.6617682941,1,2989.81958896,0.682983297503,0.551623549021
p90_minus_mean,Both,all,51.6762908812,1,505.12546924,0.683148668761,0.551706389115
p90_minus_mean,Both,all,51.6838511052,1,2834.22756275,0.68331404002,0.552171199726
p90_minus_mean,Both,all,51.7135376019,1,3048.92115252,0.683479411278,0.552671219881
p90_minus_mean,Both,all,51.8049115698,1,2278.16175712,0.683644782537,0.553044836231
p90_minus_mean,Both,all,51.8785990117,1,3088.66431341,0.683810153795,0.553551374226
p90_minus_mean,Both,all,51.8823526157,1,3663.62797145,0.683975525054,0.554152205712
p90_minus_mean,Both,all,51.9142675993,1,1560.346905,0.684140896312,0.554408101113
p90_minus_mean,Both,all,51.9214338399,1,2281.79601478,0.684306267571,0.554782313478
p90_minus_mean,Both,all,51.9587322446,1,3239.24839011,0.684471638829,0.555313547118
p90_minus_mean,Both,all,51.9629744092,1,2993.26551482,0.684637010088,0.555804439801
p90_minus_mean,Both,all,51.9639979112,1,120.299456868,0.684802381346,0.555824168797
p90_minus_mean,Both,all,51.9912861215,1,945.804423504,0.684967752605,0.555979279819
p90_minus_mean,Both,all,51.9926337693,1,65.916059478,0.685133123863,0.555990089989
p90_minus_mean,Both,all,52.0170742229,1,1189.13004329,0.685298495122,0.55618510618
p90_minus_mean,Both,all,52.0272434585,1,22.4239811091,0.68546386638,0.556188783691
p90_minus_mean,Both,all,52.0614607291,1,3099.67008802,0.685629237638,0.556697126623
p90_minus_mean,Both,all,52.1463175594,1,583.083291625,0.685794608897,0.556792751725
p90_minus_mean,Both,all,52.2149939473,1,35.7861947659,0.685959980155,0.556798620627
p90_minus_mean,Both,all,52.2444284161,1,2469.22070363,0.686125351414,0.557203570462
p90_minus_mean,Both,all,52.2658104033,1,31.4056555895,0.686290722672,0.55720872096
p90_minus_mean,Both,all,52.2966986192,1,2629.24302717,0.686456093931,0.557639914303
p90_minus_mean,Both,all,52.331433289,1,1604.92785224,0.686621465189,0.557903120937
p90_minus_mean,Both,all,52.3656544949,1,204.298262033,0.686786836448,0.557936625656
p90_minus_mean,Both,all,52.3725500206,1,4810.03161055,0.686952207706,0.558725466243
p90_minus_mean,Both,all,52.4371702501,1,4071.11627327,0.687117578965,0.55939312542
p90_minus_mean,Both,all,52.458122651,1,1510.17256306,0.687282950223,0.559640792277
p90_minus_mean,Both,all,52.4693872752,1,1439.35114831,0.687448321482,0.559876844489
p90_minus_mean,Both,all,52.5102101757,1,1775.46658661,0.68761369274,0.560168019313
p90_minus_mean,Both,all,52.5152522374,1,30.8737639936,0.687779063999,0.56017308258
p90_minus_mean,Both,all,52.5769918034,1,421.326943388,0.687944435257,0.560242179796
p90_minus_mean,Both,all,52.6373902291,1,1444.70227934,0.688109806516,0.560479109589
p90_minus_mean,Both,all,52.6520605544,1,3004.99070186,0.688275177774,0.560971925192
p90_minus_mean,Both,all,52.7216848959,1,2162.14651968,0.688440549033,0.561326515155
p90_minus_mean,Both,all,52.7336373247,1,383.245155493,0.688605920291,0.561389366994
p90_minus_mean,Both,all,52.7744577381,1,8.50849430431,0.68877129155,0.561390762379
p90_minus_mean,Both,all,52.8120699821,1,769.279651833,0.688936662808,0.561516923506
p90_minus_mean,Both,all,52.8143923739,1,3302.04448389,0.689102034066,0.562058455645
p90_minus_mean,Both,all,52.8418883396,1,3731.25948282,0.689267405325,0.562670378634
p90_minus_mean,Both,all,52.8590795065,1,161.300750018,0.689432776583,0.562696831803
p90_minus_mean,Both,all,52.8617374401,1,2384.00472999,0.689598147842,0.5630878063
p90_minus_mean,Both,all,52.919679257,1,437.725894408,0.6897635191,0.563159592928
p90_minus_mean,Both,all,52.947745506,1,1109.59434201,0.689928890359,0.563341565339
p90_minus_mean,Both,all,53.0342583173,1,1368.08498415,0.690094261617,0.563565929969
p90_minus_mean,Both,all,53.0636183584,1,340.486311821,0.690259632876,0.563621769399
p90_minus_mean,Both,all,53.1049896327,1,51.1463379952,0.690425004134,0.563630157349
p90_minus_mean,Both,all,53.1136285783,1,3262.19546314,0.690590375393,0.564165154287
p90_minus_mean,Both,all,53.1701589016,1,1779.25699036,0.690755746651,0.564456950733
p90_minus_mean,Both,all,53.2094505006,1,73.702309669,0.69092111791,0.564469037841
p90_minus_mean,Both,all,53.2346592686,1,3817.02280213,0.691086489168,0.565095025932
p90_minus_mean,Both,all,53.3004441177,1,1145.87376481,0.691251860427,0.565282948134
p90_minus_mean,Both,all,53.3224715311,1,1634.01692024,0.691417231685,0.565550925347
p90_minus_mean,Both,all,53.3268476035,1,30.7107528081,0.691582602944,0.565555961881
p90_minus_mean,Both,all,53.3333776668,1,4874.07223949,0.691747974202,0.56635530507
p90_minus_mean,Both,all,53.3341460295,1,819.09829307,0.691913345461,0.566489636407
p90_minus_mean,Both,all,53.3913630598,1,1575.68941534,0.692078716719,0.566748047965
p90_minus_mean,Both,all,53.4583869221,1,1115.59198912,0.692244087978,0.566931003985
p90_minus_mean,Both,all,53.5012324305,1,73.5875167885,0.692409459236,0.566943072267
p90_minus_mean,Both,all,53.5258141336,1,2430.8884847,0.692574830494,0.567341735655
p90_minus_mean,Both,all,53.5571468873,1,2634.3321413,0.692740201753,0.567773763608
p90_minus_mean,Both,all,53.616967317,1,322.820266987,0.692905573011,0.567826705823
p90_minus_mean,Both,all,53.6202743607,1,1925.15097272,0.69307094427,0.568142428743
p90_minus_mean,Both,all,53.6314512161,1,1189.72530488,0.693236315528,0.568337542556
p90_minus_mean,Both,all,53.714187586,1,518.412843556,0.693401686787,0.568422561766
p90_minus_mean,Both,all,53.7586215447,1,1629.61598368,0.693567058045,0.56868981723
p90_minus_mean,Both,all,53.7804014148,1,10.7039395699,0.693732429304,0.568691572666
p90_minus_mean,Both,all,53.8081854275,1,1772.63834702,0.693897800562,0.56898228366
p90_minus_mean,Both,all,53.8104139977,1,75.7475771161,0.694063171821,0.568994706191
p90_minus_mean,Both,all,53.8407538827,1,858.662260155,0.694228543079,0.569135525981
p90_minus_mean,Both,all,53.8460208947,1,3286.91109035,0.694393914338,0.569674576258
p90_minus_mean,Both,all,53.8470555696,1,491.488670291,0.694559285596,0.56975517993
p90_minus_mean,Both,all,53.8733322417,1,627.484244788,0.694724656855,0.569858086746
p90_minus_mean,Both,all,53.9189671399,1,599.823594781,0.694890028113,0.569956457242
p90_minus_mean,Both,all,53.968364765,1,73,0.695055399372,0.569968429173
p90_minus_mean,Both,all,53.9860640971,1,1435.08825659,0.69522077063,0.570203782275
p90_minus_mean,Both,all,54.1457612653,1,5.40696410279,0.695386141889,0.570204669012
p90_minus_mean,Both,all,54.1745870467,1,1027.80274084,0.695551513147,0.570373227679
p90_minus_mean,Both,all,54.1865734826,1,3625.96423601,0.695716884405,0.570967882348
p90_minus_mean,Both,all,54.1897314815,1,2320.81826839,0.695882255664,0.571348494325
p90_minus_mean,Both,all,54.1932013959,1,220.164337681,0.696047626922,0.571384601066
p90_minus_mean,Both,all,54.1975688625,1,2258.57579443,0.696212998181,0.571755005338
p90_minus_mean,Both,all,54.2029422761,1,3457.18187997,0.696378369439,0.572321979861
p90_minus_mean,Both,all,54.2295891357,1,489.749311347,0.696543740698,0.57240229828
p90_minus_mean,Both,all,54.2553430499,1,2604.15891123,0.696709111956,0.572829377853
p90_minus_mean,Both,all,54.2559151707,1,3594.21888715,0.696874483215,0.573418826314
p90_minus_mean,Both,all,54.2661825907,1,703.838516781,0.697039854473,0.573534255158
p90_minus_mean,Both,all,54.2920085767,1,3165.7817778,0.697205225732,0.574053440344
p90_minus_mean,Both,all,54.2940038584,1,454.378432156,0.69737059699,0.574127957973
p90_minus_mean,Both,all,54.3161447663,1,426.002414121,0.697535968249,0.574197821961
p90_minus_mean,Both,all,54.3503897303,1,1107.09211177,0.697701339507,0.574379384009
p90_minus_mean,Both,all,54.3604635554,1,1155.15111926,0.697866710766,0.574568827689
p90_minus_mean,Both,all,54.36243463,1,36.700714012,0.698032082024,0.574574846571
p90_minus_mean,Both,all,54.4136857694,1,204.102967927,0.698197453283,0.574608319262
p90_minus_mean,Both,all,54.4209726129,1,1182.49843138,0.698362824541,0.574802247875
p90_minus_mean,Both,all,54.448691885,1,2379.71200148,0.6985281958,0.575192518368
p90_minus_mean,Both,all,54.4553387936,1,368.777872296,0.698693567058,0.575252997587
p90_minus_mean,Both,all,54.468257428,1,973.55549158,0.698858938317,0.575412659757
p90_minus_mean,Both,all,54.4928787502,1,2690.82769895,0.699024309575,0.575853952928
p90_minus_mean,Both,all,54.4980208026,1,1018.66527221,0.699189680833,0.576021013059
p90_minus_mean,Both,all,54.5174702783,1,179.787284493,0.699355052092,0.576050498001
p90_minus_mean,Both,all,54.5270084197,1,1398.01059922,0.69952042335,0.576279770403
p90_minus_mean,Both,all,54.5312471268,1,42.5914604465,0.699685794609,0.576286755362
p90_minus_mean,Both,all,54.5410647848,1,1043.28281381,0.699851165867,0.576457852746
p90_minus_mean,Both,all,54.5482143289,1,673.152383998,0.700016537126,0.576568249094
p90_minus_mean,Both,all,54.5601784183,1,104.502484053,0.700181908384,0.576585387401
p90_minus_mean,Both,all,54.5681254955,1,2097.59146957,0.700347279643,0.576929390397
p90_minus_mean,Both,all,54.6472522674,1,20.8378104373,0.700512650901,0.576932807778
p90_minus_mean,Both,all,54.6893811632,1,1169.27906049,0.70067802216,0.577124568427
p90_minus_mean,Both,all,54.6949031848,1,2263.64588053,0.700843393418,0.577495804187
p90_minus_mean,Both,all,54.6950087335,1,788.665812866,0.701008764677,0.577625144627
p90_minus_mean,Both,all,54.7278346216,1,957.145569271,0.701174135935,0.577782115585
p90_minus_mean,Both,all,54.8074819831,1,541.079604967,0.701339507194,0.577870852123
p90_minus_mean,Both,all,54.8626412177,1,1052.14037107,0.701504878452,0.578043402138
p90_minus_mean,Both,all,54.8711067161,1,821.174329781,0.701670249711,0.578178073944
p90_minus_mean,Both,all,54.9052281354,1,50.9703529903,0.701835620969,0.578186433033
p90_minus_mean,Both,all,54.9491957657,1,4.88076447086,0.702000992228,0.578187233474
p90_minus_mean,Both,all,55.0192609235,1,1403.12974761,0.702166363486,0.578417345411
p90_minus_mean,Both,all,55.0274497605,1,2471.09379502,0.702331734745,0.578822602431
p90_minus_mean,Both,all,55.0401250528,1,2366.46396937,0.702497106003,0.57921070026
p90_minus_mean,Both,all,55.0872424875,1,54.1549136566,0.702662477261,0.579219581614
p90_minus_mean,Both,all,55.0886830349,1,2100.7258424,0.70282784852,0.579564098645
p90_minus_mean,Both,all,55.1132121546,1,2258.28156001,0.702993219778,0.579934454662
p90_minus_mean,Both,all,55.1243869176,1,852.146169659,0.703158591037,0.580074205819
p90_minus_mean,Both,all,55.1811986926,1,1618.37624002,0.703323962295,0.580339617975
p90_minus_mean,Both,all,55.2195321926,1,66.1467336949,0.703489333554,0.580350465977
p90_minus_mean,Both,all,55.2619298572,1,80.5285199739,0.703654704812,0.580363672577
p90_minus_mean,Both,all,55.2694552414,1,62.4052761041,0.703820076071,0.580373906983
p90_minus_mean,Both,all,55.3594363312,1,102.715392297,0.703985447329,0.580390752209
p90_minus_mean,Both,all,55.3662617833,1,112.88029461,0.704150818588,0.580409264469
p90_minus_mean,Both,all,55.3994548686,1,1774.5635535,0.704316189846,0.580700291196
p90_minus_mean,Both,all,55.4082700496,1,340.953016693,0.704481561105,0.580756207164
p90_minus_mean,Both,all,55.410346345,1,19.9502037033,0.704646932363,0.580759478979
p90_minus_mean,Both,all,55.4499473059,1,3321.66174914,0.704812303622,0.581304228331
p90_minus_mean,Both,all,55.45184454,1,1746.03400307,0.70497767488,0.581590576238
p90_minus_mean,Both,all,55.4958751559,1,2343.84473206,0.705143046139,0.581974964534
p90_minus_mean,Both,all,55.5236463654,1,54.938775392,0.705308417397,0.58198397444
p90_minus_mean,Both,all,55.5668273506,1,3366.78176208,0.705473788656,0.582536123431
p90_minus_mean,Both,all,55.5685843389,1,1003.37924829,0.705639159914,0.582700676669
p90_minus_mean,Both,all,55.6018728809,1,156.078483078,0.705804531172,0.582726273391
p90_minus_mean,Both,all,55.6029673536,1,3684.56646845,0.705969902431,0.58333053877
p90_minus_mean,Both,all,55.6527901986,1,602.861169206,0.706135273689,0.583429407425
p90_minus_mean,Both,all,55.6687876757,1,1336.10383131,0.706300644948,0.583648527177
p90_minus_mean,Both,all,55.6737701265,1,2473.42599268,0.706466016206,0.584054166675
p90_minus_mean,Both,all,55.7270646453,1,114.235603795,0.706631387465,0.584072901205
p90_minus_mean,Both,all,55.740425901,1,3417.19907276,0.706796758723,0.584633318587
p90_minus_mean,Both,all,55.7551054951,1,3397.18323902,0.706962129982,0.585190453391
p90_minus_mean,Both,all,55.8107447613,1,1517.69905081,0.70712750124,0.585439354584
p90_minus_mean,Both,all,55.8572308242,1,1647.40591444,0.707292872499,0.585709527579
p90_minus_mean,Both,all,55.9592858218,1,2145.01654988,0.707458243757,0.586061308243
p90_minus_mean,Both,all,55.9749933127,1,2583.41936495,0.707623615016,0.58648498655
p90_minus_mean,Both,all,55.9831902251,1,900.593675753,0.707788986274,0.586632683052
p90_minus_mean,Both,all,56.0657749717,1,5116.39016112,0.707954357533,0.587471766148
p90_minus_mean,Both,all,56.1321819586,1,2142.07006333,0.708119728791,0.58782306359
p90_minus_mean,Both,all,56.1550638846,1,1026.45497036,0.70828510005,0.587991401224
p90_minus_mean,Both,all,56.160387331,1,981.861730851,0.708450471308,0.58815242561
p90_minus_mean,Both,all,56.184098775,1,2942.11102352,0.708615842567,0.588634929005
p90_minus_mean,Both,all,56.2150953945,1,3010.7811839,0.708781213825,0.589128694242
p90_minus_mean,Both,all,56.3969091692,1,3470.83846396,0.708946585084,0.589697908432
p90_minus_mean,Both,all,56.4002530778,1,3524.61258833,0.709111956342,0.590275941528
p90_minus_mean,Both,all,56.4254989753,1,2936.43967051,0.7092773276,0.590757514827
p90_minus_mean,Both,all,56.4454851319,1,2004.62654306,0.709442698859,0.591086271664
p90_minus_mean,Both,all,56.4486633595,1,1967.79022401,0.709608070117,0.59140898738
p90_minus_mean,Both,all,56.4788382378,1,6.36540924891,0.709773441376,0.591410031301
p90_minus_mean,Both,all,56.5049591347,1,2171.9011108,0.709938812634,0.591766221007
p90_minus_mean,Both,all,56.6071793875,1,1976.26114723,0.710104183893,0.592090325946
p90_minus_mean,Both,all,56.6219733801,1,2410.8640713,0.710269555151,0.592485705349
p90_minus_mean,Both,all,56.6386002143,1,252.429501879,0.71043492641,0.592527103546
p90_minus_mean,Both,all,56.6454444877,1,1798.14794018,0.710600297668,0.59282199809
p90_minus_mean,Both,all,56.6713688737,1,1029.7032945,0.710765668927,0.592990868446
p90_minus_mean,Both,all,56.6748418047,1,3130.55516864,0.710931040185,0.593504276501
p90_minus_mean,Both,all,56.6830831498,1,2676.74084207,0.711096411444,0.59394325944
p90_minus_mean,Both,all,56.6957792404,1,668.155651429,0.711261782702,0.594052836329
p90_minus_mean,Both,all,56.7185863025,1,3341.98901503,0.711427153961,0.594600919333
p90_minus_mean,Both,all,56.7237966447,1,1858.31476133,0.711592525219,0.594905681177
p90_minus_mean,Both,all,56.7407476398,1,1031.54883458,0.711757896478,0.5950748542
p90_minus_mean,Both,all,56.7529081907,1,254.140791537,0.711923267736,0.595116533047
p90_minus_mean,Both,all,56.8388867222,1,8.03756654029,0.712088638995,0.5951178512
p90_minus_mean,Both,all,56.8397508056,1,1348.33216494,0.712254010253,0.595338976386
p90_minus_mean,Both,all,56.8567310107,1,3449.2119747,0.712419381511,0.595904643853
p90_minus_mean,Both,all,56.9538037737,1,9.97267464974,0.71258475277,0.595906279362
p90_minus_mean,Both,all,56.9664965472,1,1399.31627015,0.712750124028,0.596135765893
p90_minus_mean,Both,all,57.0106469243,1,5.76405639364,0.712915495287,0.596136711193
p90_minus_mean,Both,all,57.0145894634,1,4159.35473214,0.713080866545,0.596818841393
p90_minus_mean,Both,all,57.0254045252,1,1630.42021732,0.713246237804,0.59708622875
p90_minus_mean,Both,all,57.0367455792,1,2157.21041006,0.713411609062,0.597440009196
p90_minus_mean,Both,all,57.0575542896,1,28.6092811272,0.713576980321,0.59744470109
p90_minus_mean,Both,all,57.1146954766,1,1987.27320033,0.713742351579,0.597770611996
p90_minus_mean,Both,all,57.2309872207,1,2269.06868991,0.713907722838,0.598142737092
p90_minus_mean,Both,all,57.2318570295,1,918.675023129,0.714073094096,0.598293398918
p90_minus_mean,Both,all,57.2814527679,1,1078.55865426,0.714238465355,0.598470281506
p90_minus_mean,Both,all,57.3011019623,1,1957.82903777,0.714403836613,0.598791363597
p90_minus_mean,Both,all,57.3311542958,1,2127.07458877,0.714569207872,0.599140201796
p90_minus_mean,Both,all,57.3439841727,1,46.8067773845,0.71473457913,0.599147878063
p90_minus_mean,Both,all,57.3995667164,1,1557.50056161,0.714899950389,0.599403306666
p90_minus_mean,Both,all,57.4741627559,1,979.495383238,0.715065321647,0.599563942973
p90_minus_mean,Both,all,57.5132385923,1,2291.91087094,0.715230692906,0.599939814165
p90_minus_mean,Both,all,57.5322440027,1,1470.60368789,0.715396064164,0.600180991764
p90_minus_mean,Both,all,57.5341071333,1,2664.11246488,0.715561435423,0.600617903662
p90_minus_mean,Both,all,57.5410622945,1,420.883664941,0.715726806681,0.60068692818
p90_minus_mean,Both,all,57.5574406762,1,1417.27259028,0.715892177939,0.600919359531
p90_minus_mean,Both,all,57.5840673277,1,1530.0553054,0.716057549198,0.601170287138
p90_minus_mean,Both,all,57.6006866091,1,47.9967518397,0.716222920456,0.60117815856
p90_minus_mean,Both,all,57.611836949,1,1713.46127126,0.716388291715,0.60145916457
p90_minus_mean,Both,all,57.6157955753,1,902.13813678,0.716553662973,0.601607114362
p90_minus_mean,Both,all,57.6349060462,1,3597.76472874,0.716719034232,0.602197144339
p90_minus_mean,Both,all,57.7032690351,1,77.3279132915,0.71688440549,0.602209826043
p90_minus_mean,Both,all,57.7074733095,1,600.328445234,0.717049776749,0.602308279334
p90_minus_mean,Both,all,57.7946951725,1,981.656629237,0.717215148007,0.602469270083
p90_minus_mean,Both,all,57.8033872819,1,2697.12177635,0.717380519266,0.602911595476
p90_minus_mean,Both,all,57.8264063325,1,71.55200551,0.717545890524,0.602923329937
p90_minus_mean,Both,all,57.8431143686,1,2980.11953236,0.717711261783,0.603412066691
p90_minus_mean,Both,all,57.8552733833,1,612.014101417,0.717876633041,0.603512436419
p90_minus_mean,Both,all,57.8663504413,1,2649.988505,0.7180420043,0.603947032001
p90_minus_mean,Both,all,57.8676321032,1,2705.11931318,0.718207375558,0.604390668982
p90_minus_mean,Both,all,57.9095900133,1,3300.12793569,0.718372746817,0.604931886809
p90_minus_mean,Both,all,57.9296762771,1,4586.19985383,0.718538118075,0.605684019202
p90_minus_mean,Both,all,57.9368657725,1,16.1535754551,0.718703489334,0.605686668373
p90_minus_mean,Both,all,57.9709338836,1,3514.81880007,0.718868860592,0.606263095296
p90_minus_mean,Both,all,57.9794751351,1,503.331844679,0.719034231851,0.606345641238
p90_minus_mean,Both,all,58.0263866367,1,2620.03727682,0.719199603109,0.606775324847
p90_minus_mean,Both,all,58.0663047902,1,1949.13894327,0.719364974367,0.60709498177
p90_minus_mean,Both,all,58.0746035282,1,1866.07492148,0.719530345626,0.607401016274
p90_minus_mean,Both,all,58.0822684995,1,529.47560105,0.719695716884,0.607487849766
p90_minus_mean,Both,all,58.1008754976,1,2419.06538464,0.719861088143,0.607884574177
p90_minus_mean,Both,all,58.1528581134,1,106.17342206,0.720026459401,0.607901986517
p90_minus_mean,Both,all,58.1596350292,1,2579.44166295,0.72019183066,0.608325012484
p90_minus_mean,Both,all,58.1781727367,1,2686.67709843,0.720357201918,0.60876562496
p90_minus_mean,Both,all,58.187570978,1,1738.96979212,0.720522573177,0.609050814344
p90_minus_mean,Both,all,58.2154775115,1,2058.47117318,0.720687944435,0.609388401648
p90_minus_mean,Both,all,58.2212095981,1,1101.25714592,0.720853315694,0.609569006768
p90_minus_mean,Both,all,58.2339119016,1,2807.24883905,0.721018686952,0.610029392894
p90_minus_mean,Both,all,58.3046388811,1,1418.49070794,0.721184058211,0.610262024014
p90_minus_mean,Both,all,58.3680015701,1,88.9981411472,0.721349429469,0.610276619624
p90_minus_mean,Both,all,58.4240175645,1,5063.72687357,0.721514800728,0.611107065991
p90_minus_mean,Both,all,58.4405979161,1,1163.34519884,0.721680171986,0.611297853492
p90_minus_mean,Both,all,58.5243973886,1,8.17663495267,0.721845543245,0.611299194452
p90_minus_mean,Both,all,58.5329908848,1,37.6779278576,0.722010914503,0.611305373596
p90_minus_mean,Both,all,58.5455361743,1,1486.91985993,0.722176285762,0.611549227032
p90_minus_mean,Both,all,58.5528180166,1,2463.66280153,0.72234165702,0.611953265377
p90_minus_mean,Both,all,58.5999095275,1,1881.8132223,0.722507028278,0.612261880946
p90_minus_mean,Both,all,58.614806546,1,657.653067027,0.722672399537,0.612369735421
p90_minus_mean,Both,all,58.6510835952,1,958.68611998,0.722837770795,0.612526959028
p90_minus_mean,Both,all,58.6567631166,1,3140.08858257,0.723003142054,0.613041930554
p90_minus_mean,Both,all,58.6951610913,1,3260.78424783,0.723168513312,0.613576696054
p90_minus_mean,Both,all,58.7337694705,1,1801.72759258,0.723333884571,0.613872177657
p90_minus_mean,Both,all,58.7938654476,1,2915.5576782,0.723499255829,0.614350326329
p90_minus_mean,Both,all,58.8856493946,1,2917.73236251,0.723664627088,0.614828831648
p90_minus_mean,Both,all,58.8887903036,1,344.221032663,0.723829998346,0.614885283568
p90_minus_mean,Both,all,58.9466126923,1,37.7981361404,0.723995369605,0.614891482426
p90_minus_mean,Both,all,58.9661260371,1,3482.49894362,0.724160740863,0.615462608924
p90_minus_mean,Both,all,58.9975237207,1,496.050178526,0.724326112122,0.615543960679
p90_minus_mean,Both,all,58.9992524261,1,2893.94413872,0.72449148338,0.616018564752
p90_minus_mean,Both,all,59.0010772593,1,800.299911671,0.724656854639,0.616149813172
p90_minus_mean,Both,all,59.0619676498,1,635.614618924,0.724822225897,0.616254053362
p90_minus_mean,Both,all,59.0641053744,1,10.4932403959,0.724987597156,0.616255774244
p90_minus_mean,Both,all,59.0990369761,1,297.140239811,0.725152968414,0.616304504959
p90_minus_mean,Both,all,59.1505618996,1,1028.78480723,0.725318339673,0.616473224684
p90_minus_mean,Both,all,59.1611479129,1,2206.28847006,0.725483710931,0.616835053884
p90_minus_mean,Both,all,59.1766484258,1,10.6905374688,0.72564908219,0.616836807122
p90_minus_mean,Both,all,59.2070642767,1,2247.96646418,0.725814453448,0.617205471474
p90_minus_mean,Both,all,59.2820790135,1,2228.92546709,0.725979824706,0.61757101312
p90_minus_mean,Both,all,59.2876256387,1,21.4940040626,0.726145195965,0.617574538116
p90_minus_mean,Both,all,59.3648126956,1,26.2361838526,0.726310567223,0.617578840825
p90_minus_mean,Both,all,59.3860706466,1,3093.99902173,0.726475938482,0.618086253707
p90_minus_mean,Both,all,59.3954024042,1,992.415469553,0.72664130974,0.618249008895
p90_minus_mean,Both,all,59.3981370972,1,721.901472923,0.726806680999,0.618367400047
p90_minus_mean,Both,all,59.4184643044,1,25.6555344269,0.726972052257,0.61837160753
p90_minus_mean,Both,all,59.422073972,1,3137.49080061,0.727137423516,0.618886153022
p90_minus_mean,Both,all,59.4329738814,1,919.730294021,0.727302794774,0.619036987911
p90_minus_mean,Both,all,59.4424037898,1,2864.493327,0.727468166033,0.619506762079
p90_minus_mean,Both,all,59.4728167333,1,186.7658646,0.727633537291,0.619537391502
p90_minus_mean,Both,all,59.4997063633,1,626.885076294,0.72779890855,0.619640200056
p90_minus_mean,Both,all,59.5153314429,1,94.8533351926,0.727964279808,0.619655755912
p90_minus_mean,Both,all,59.5302795518,1,2016.6967546,0.728129651067,0.619986492252
p90_minus_mean,Both,all,59.597883782,1,2815.62360283,0.728295022325,0.620448251832
p90_minus_mean,Both,all,59.6392592399,1,2560.80226165,0.728460393584,0.620868220955
p90_minus_mean,Both,all,59.708055976,1,2552.08640967,0.728625764842,0.621286760686
p90_minus_mean,Both,all,59.7247979067,1,1725.70886765,0.728791136101,0.621569775291
p90_minus_mean,Both,all,59.7265973133,1,1151.3820917,0.728956507359,0.621758600854
p90_minus_mean,Both,all,59.73921554,1,2325.62250947,0.729121878617,0.622140000722
p90_minus_mean,Both,all,59.7847047586,1,1610.08035683,0.729287249876,0.622404052362
p90_minus_mean,Both,all,59.7955523999,1,55.8580752763,0.729452621134,0.622413213033
p90_minus_mean,Both,all,59.8205197568,1,178.036675471,0.729617992393,0.622442410877
p90_minus_mean,Both,all,59.9012041153,1,1778.84961985,0.729783363651,0.622734140515
p90_minus_mean,Both,all,59.9125031746,1,1159.44193191,0.72994873491,0.622924287883
p90_minus_mean,Both,all,59.9351160251,1,20.678160759,0.730114106168,0.622927679082
p90_minus_mean,Both,all,59.980660632,1,2948.93399859,0.730279477427,0.623411301439
p90_minus_mean,Both,all,60.0005452361,1,2293.45707285,0.730444848685,0.623787426207
p90_minus_mean,Both,all,60.0399907331,1,2813.72919304,0.730610219944,0.624248875105
p90_minus_mean,Both,all,60.0496272357,1,2637.82161567,0.730775591202,0.624681475328
p90_minus_mean,Both,all,60.0637047459,1,2139.91159931,0.730940962461,0.625032418785
p90_minus_mean,Both,all,60.0955289841,1,4022.31362443,0.731106333719,0.625692074375
p90_minus_mean,Both,all,60.1201182108,1,2.67831413847,0.731271704978,0.625692513616
p90_minus_mean,Both,all,60.1415198057,1,414.737566481,0.731437076236,0.62576053018
p90_minus_mean,Both,all,60.1690603752,1,1900.13904421,0.731602447495,0.626072151167
p90_minus_mean,Both,all,60.170587494,1,1507.26677477,0.731767818753,0.626319341478
p90_minus_mean,Both,all,60.2177732537,1,3339.20976405,0.731933190012,0.626866968687
p90_minus_mean,Both,all,60.2968545345,1,4987.0840021,0.73209856127,0.627684845696
p90_minus_mean,Both,all,60.3225740281,1,1057.56228213,0.732263932529,0.6278582849
p90_minus_mean,Both,all,60.4172675243,1,2770.31152264,0.732429303787,0.628312613342
p90_minus_mean,Both,all,60.4237626457,1,4.57248828802,0.732594675045,0.628313363225
p90_minus_mean,Both,all,60.4435782649,1,2457.58850277,0.732760046304,0.628716405391
p90_minus_mean,Both,all,60.4479290163,1,2574.08608683,0.732925417562,0.629138553048
p90_minus_mean,Both,all,60.4749875361,1,24.7505079535,0.733090788821,0.629142612108
p90_minus_mean,Both,all,60.5085252881,1,134.391785305,0.733256160079,0.629164652232
p90_minus_mean,Both,all,60.5569215659,1,2711.74417207,0.733421531338,0.629609375685
p90_minus_mean,Both,all,60.6007328988,1,1598.19433878,0.733586902596,0.629871478028
p90_minus_mean,Both,all,60.6028876642,1,10.0290465406,0.733752273855,0.629873122782
p90_minus_mean,Both,all,60.606027072,1,451.355110259,0.733917645113,0.629947144589
p90_minus_mean,Both,all,60.6135645915,1,1406.08416212,0.734083016372,0.630177741048
p90_minus_mean,Both,all,60.6202280942,1,666.632169591,0.73424838763,0.630287068086
p90_minus_mean,Both,all,60.6863598331,1,4781.8777875,0.734413758889,0.631071291473
p90_minus_mean,Both,all,60.7149921977,1,45.8779697919,0.734579130147,0.631078815416
p90_minus_mean,Both,all,60.7215791951,1,58.6352287216,0.734744501406,0.631088431537
p90_minus_mean,Both,all,60.7310046495,1,2820.55188549,0.734909872664,0.631550999351
p90_minus_mean,Both,all,60.7415995257,1,2165.03712814,0.735075243923,0.63190606337
p90_minus_mean,Both,all,60.7817090915,1,1187.60265103,0.735240615181,0.63210082907
p90_minus_mean,Both,all,60.783687152,1,85.7159279156,0.73540598644,0.6321148864
p90_minus_mean,Both,all,60.7853506286,1,354.823907951,0.735571357698,0.632173077182
p90_minus_mean,Both,all,60.8005933274,1,3484.10857519,0.735736728957,0.632744467658
p90_minus_mean,Both,all,60.8584843563,1,44.4946873064,0.735902100215,0.632751764744
p90_minus_mean,Both,all,60.8818052161,1,3250.51212396,0.736067471473,0.633284845625
p90_minus_mean,Both,all,60.9203915684,1,3088.93006406,0.736232842732,0.633791427203
p90_minus_mean,Both,all,61.0092673679,1,1928.31867645,0.73639821399,0.634107669623
p90_minus_mean,Both,all,61.0834104329,1,2816.4192318,0.736563585249,0.634569559685
p90_minus_mean,Both,all,61.151561026,1,2275.55629082,0.736728956507,0.634942748741
p90_minus_mean,Both,all,61.1567298721,1,741.370663768,0.736894327766,0.635064332822
p90_minus_mean,Both,all,61.1850996569,1,1356.1891272,0.737059699024,0.635286746542
p90_minus_mean,Both,all,61.2078850794,1,3554.4800608,0.737225070283,0.635869677874
p90_minus_mean,Both,all,61.2431798491,1,2756.88694661,0.737390441541,0.636321804699
p90_minus_mean,Both,all,61.2446768166,1,119.373121925,0.7375558128,0.636341381776
p90_minus_mean,Both,all,61.3085115313,1,11.2554803543,0.737721184058,0.636343227664
p90_minus_mean,Both,all,61.4027431219,1,2633.95291801,0.737886555317,0.636775193425
p90_minus_mean,Both,all,61.4643614148,1,1974.84903312,0.738051926575,0.637099066779
p90_minus_mean,Both,all,61.4697696805,1,2779.84902402,0.738217297834,0.637554959362
p90_minus_mean,Both,all,61.4828822054,1,1102.04321299,0.738382669092,0.637735693395
p90_minus_mean,Both,all,61.4957868313,1,949.187781613,0.738548040351,0.637891359284
p90_minus_mean,Both,all,61.5023136778,1,3587.0410178,0.738713411609,0.638479630582
p90_minus_mean,Both,all,61.5154812552,1,5.61339784736,0.738878782868,0.638480551174
p90_minus_mean,Both,all,61.5382828305,1,49.8568589753,0.739044154126,0.638488727652
p90_minus_mean,Both,all,61.5952252533,1,25.1120209124,0.739209525384,0.638492845999
p90_minus_mean,Both,all,61.6450052573,1,2885.95109615,0.739374896643,0.63896613922
p90_minus_mean,Both,all,61.6725370156,1,326.611792255,0.739540267901,0.639019703242
p90_minus_mean,Both,all,61.6798399974,1,1821.77494998,0.73970563916,0.639318472592
p90_minus_mean,Both,all,61.6952241644,1,2899.58336491,0.739871010418,0.639794001493
p90_minus_mean,Both,all,61.7356817217,1,1499.6429639,0.740036381677,0.640039941505
p90_minus_mean,Both,all,61.781751699,1,1030.05198792,0.740201752935,0.640208869047
p90_minus_mean,Both,all,61.8039969384,1,3557.3427214,0.740367124194,0.640792269853
p90_minus_mean,Both,all,61.8232833031,1,2099.3287039,0.740532495452,0.641136557754
p90_minus_mean,Both,all,61.8248187534,1,261.904883481,0.740697866711,0.641179509904
p90_minus_mean,Both,all,61.8546621842,1,3253.42127068,0.740863237969,0.641713067883
p90_minus_mean,Both,all,61.8588052496,1,201.320795601,0.741028609228,0.641746084301
p90_minus_mean,Both,all,61.8764316911,1,2622.07935775,0.741193980486,0.642176102809
p90_minus_mean,Both,all,61.8875130091,1,1989.96941105,0.741359351745,0.64250245589
p90_minus_mean,Both,all,61.8955680315,1,1325.04960916,0.741524723003,0.64271976276
p90_minus_mean,Both,all,61.9338734729,1,26.1765177616,0.741690094262,0.642724055684
p90_minus_mean,Both,all,61.9500696409,1,1278.98738898,0.74185546552,0.642933808393
p90_minus_mean,Both,all,61.9537574979,1,45.4539964392,0.742020836779,0.642941262805
p90_minus_mean,Both,all,62.0067601427,1,34.0094508812,0.742186208037,0.642946840322
p90_minus_mean,Both,all,62.0107233478,1,3706.00315383,0.742351579296,0.643554621297
p90_minus_mean,Both,all,62.0229427225,1,10.6804259738,0.742516950554,0.643556372877
p90_minus_mean,Both,all,62.0289114424,1,1188.51971747,0.742682321812,0.643751288974
p90_minus_mean,Both,all,62.0571901712,1,3653.34775877,0.742847693071,0.644350434515
p90_minus_mean,Both,all,62.0610854845,1,2634.628752,0.743013064329,0.644782511112
p90_minus_mean,Both,all,62.116236167,1,3631.40898009,0.743178435588,0.645378058713
p90_minus_mean,Both,all,62.136219399,1,1760.17303157,0.743343806846,0.645666725408
p90_minus_mean,Both,all,62.1523701866,1,1131.993581,0.743509178105,0.645852371273
p90_minus_mean,Both,all,62.1719696458,1,1167.13227877,0.743674549363,0.646043779851
p90_minus_mean,Both,all,62.1869808984,1,1246.36685669,0.743839920622,0.646248182824
p90_minus_mean,Both,all,62.213961432,1,354.074036436,0.74400529188,0.646306250628
p90_minus_mean,Both,all,62.2254765613,1,3257.21980906,0.744170663139,0.646840431563
p90_minus_mean,Both,all,62.2732717197,1,2562.93976994,0.744336034397,0.647260751236
p90_minus_mean,Both,all,62.2776538786,1,2503.35509451,0.744501405656,0.647671299078
p90_minus_mean,Both,all,62.3166205266,1,305.103102548,0.744666776914,0.647721335696
p90_minus_mean,Both,all,62.338635433,1,4150.87390912,0.744832148173,0.648402075049
p90_minus_mean,Both,all,62.3963717161,1,2436.44322969,0.744997519431,0.64880164941
p90_minus_mean,Both,all,62.4753362169,1,2035.66336706,0.74516289069,0.649135496256
p90_minus_mean,Both,all,62.4806245009,1,15.5669720319,0.745328261948,0.649138049225
p90_minus_mean,Both,all,62.4821967407,1,81.1802148344,0.745493633207,0.649151362702
p90_minus_mean,Both,all,62.5280823665,1,947.850947713,0.745659004465,0.649306809352
p90_minus_mean,Both,all,62.5283750448,1,641.891362792,0.745824375723,0.649412078922
p90_minus_mean,Both,all,62.559207772,1,891.298430146,0.745989746982,0.649558251012
p90_minus_mean,Both,all,62.5789485803,1,51.4096972028,0.74615511824,0.649566682153
p90_minus_mean,Both,all,62.6459495034,1,3177.56924859,0.746320489499,0.650087800473
p90_minus_mean,Both,all,62.7252208754,1,6.66495658003,0.746485860757,0.650088893519
p90_minus_mean,Both,all,62.7761636539,1,2065.4478216,0.746651232016,0.650427624988
p90_minus_mean,Both,all,62.7819046833,1,2108.98707147,0.746816603274,0.650773496852
p90_minus_mean,Both,all,62.9255948974,1,2775.56301383,0.746981974533,0.651228686533
p90_minus_mean,Both,all,62.9646900286,1,123.590037542,0.747147345791,0.651248955181
p90_minus_mean,Both,all,62.977104371,1,2275.83772031,0.74731271705,0.651622190392
p90_minus_mean,Both,all,62.9788596325,1,2299.39918667,0.747478088308,0.65199928966
p90_minus_mean,Both,all,62.9853549552,1,2724.62733479,0.747643459567,0.652446125939
p90_minus_mean,Both,all,62.986179375,1,3050.68804519,0.747808830825,0.652946435862
p90_minus_mean,Both,all,63.0154641509,1,2100.02186449,0.747974202084,0.653290837441
p90_minus_mean,Both,all,63.0416248995,1,57.4867257098,0.748139573342,0.653300265209
p90_minus_mean,Both,all,63.0538379154,1,2652.98321052,0.748304944601,0.65373535192
p90_minus_mean,Both,all,63.065349312,1,130.89504455,0.748470315859,0.653756818582
p90_minus_mean,Both,all,63.1041652307,1,2702.78453889,0.748635687118,0.654200072663
p90_minus_mean,Both,all,63.1109098235,1,4391.96492347,0.748801058376,0.654920350712
p90_minus_mean,Both,all,63.1319201588,1,2627.18184446,0.748966429635,0.655351206023
p90_minus_mean,Both,all,63.1375630629,1,3364.25773935,0.749131800893,0.655902941077
p90_minus_mean,Both,all,63.1398874741,1,2191.23833499,0.749297172151,0.656262302069
p90_minus_mean,Both,all,63.1677266113,1,1019.66604889,0.74946254341,0.656429526327
p90_minus_mean,Both,all,63.1948541735,1,3374.52489309,0.749627914668,0.656982945184
p90_minus_mean,Both,all,63.2396907949,1,3051.30760257,0.749793285927,0.657483356714
p90_minus_mean,Both,all,63.2693087226,1,2159.52823371,0.749958657185,0.65783751728
p90_minus_mean,Both,all,63.3324561616,1,1295.30609662,0.750124028444,0.658049946242
p90_minus_mean,Both,all,63.3660120031,1,3540.55985529,0.750289399702,0.658630594674
p90_minus_mean,Both,all,63.4407903431,1,2984.4802389,0.750454770961,0.65912004658
p90_minus_mean,Both,all,63.4453671622,1,29.1229529898,0.750620142219,0.659124822716
p90_minus_mean,Both,all,63.4673651628,1,1540.72988825,0.750785513478,0.659377500945
p90_minus_mean,Both,all,63.5031347069,1,806.690553512,0.750950884736,0.659509797425
p90_minus_mean,Both,all,63.5182044228,1,7.52539302276,0.751116255995,0.659511031582
p90_minus_mean,Both,all,63.5906830947,1,110.358924161,0.751281627253,0.65952913034
p90_minus_mean,Both,all,63.6453299911,1,2032.59558249,0.751446998512,0.659862474073
p90_minus_mean,Both,all,63.6728091946,1,2450.72300796,0.75161236977,0.660264390304
p90_minus_mean,Both,all,63.6788443428,1,125.277061897,0.751777741029,0.660284935622
p90_minus_mean,Both,all,63.6851042357,1,2780.58256971,0.751943112287,0.660740948506
p90_minus_mean,Both,all,63.696285942,1,375.857546286,0.752108483546,0.660802588784
p90_minus_mean,Both,all,63.8165176709,1,2136.55232184,0.752273854804,0.661152981323
p90_minus_mean,Both,all,63.824529494,1,85.927094605,0.752439226063,0.661167073284
p90_minus_mean,Both,all,63.8370715293,1,1285.42783154,0.752604597321,0.66137788222
p90_minus_mean,Both,all,63.8410189871,1,1787.15546535,0.752769968579,0.661670974008
p90_minus_mean,Both,all,63.9058595007,1,1532.80178601,0.752935339838,0.661922352036
p90_minus_mean,Both,all,63.9062764017,1,3073.31392233,0.753100711096,0.662426372581
p90_minus_mean,Both,all,63.9273116563,1,1168.82291514,0.753266082355,0.662618058422
p90_minus_mean,Both,all,63.9298482576,1,609.260136406,0.753431453613,0.662717976502
p90_minus_mean,Both,all,63.9316917468,1,7.10694674484,0.753596824872,0.662719142035
p90_minus_mean,Both,all,63.940945725,1,1390.46262845,0.75376219613,0.662947176577
p90_minus_mean,Both,all,63.9731001207,1,1220.61863952,0.753927567389,0.663147356867
p90_minus_mean,Both,all,63.9899487864,1,79.8606279739,0.754092938647,0.663160453933
p90_minus_mean,Both,all,64.0466583105,1,3598.62538447,0.754258309906,0.663750625057
p90_minus_mean,Both,all,64.1288943757,1,1389.98104584,0.754423681164,0.66397858062
p90_minus_mean,Both,all,64.1706402952,1,1706.83751832,0.754589052423,0.664258500341
p90_minus_mean,Both,all,64.1965376153,1,782.312357059,0.754754423681,0.66438679882
p90_minus_mean,Both,all,64.2028651619,1,641.830457435,0.75491979494,0.664492058401
p90_minus_mean,Both,all,64.2131852894,1,2868.34801702,0.755085166198,0.664962464734
p90_minus_mean,Both,all,64.2215830377,1,1629.01484219,0.755250537457,0.665229621611
p90_minus_mean,Both,all,64.2410971818,1,2897.5995993,0.755415908715,0.665704825176
p90_minus_mean,Both,all,64.2446341129,1,30.1221298973,0.755581279974,0.665709765176
p90_minus_mean,Both,all,64.2662155689,1,2131.76414645,0.755746651232,0.666059372459
p90_minus_mean,Both,all,64.2866132442,1,1326.91886432,0.75591202249,0.666276985884
p90_minus_mean,Both,all,64.3436340208,1,374.885230928,0.756077393749,0.666338466704
p90_minus_mean,Both,all,64.3677288858,1,296.663317126,0.756242765007,0.666387119204
p90_minus_mean,Both,all,64.4166015534,1,1364.00060027,0.756408136266,0.666610813999
p90_minus_mean,Both,all,64.5127335329,1,22.1501384228,0.756573507524,0.6666144466
p90_minus_mean,Both,all,64.5347512169,1,137.454975176,0.756738878783,0.666636989085
p90_minus_mean,Both,all,64.5350724888,1,2619.64693358,0.756904250041,0.667066608678
p90_minus_mean,Both,all,64.5373944503,1,1241.74267368,0.7570696213,0.66727025329
p90_minus_mean,Both,all,64.5811427038,1,78.9347302454,0.757234992558,0.66728319851
p90_minus_mean,Both,all,64.585163945,1,464.967748453,0.757400363817,0.667359452776
p90_minus_mean,Both,all,64.5949993857,1,1072.63538029,0.757565735075,0.667535363953
p90_minus_mean,Both,all,64.6177560428,1,1717.77957465,0.757731106334,0.667817078162
p90_minus_mean,Both,all,64.6482731828,1,1524.72921418,0.757896477592,0.668067132295
p90_minus_mean,Both,all,64.6685477986,1,3159.57704579,0.758061848851,0.668585299911
p90_minus_mean,Both,all,64.6877317296,1,181.739803583,0.758227220109,0.668615105065
p90_minus_mean,Both,all,64.7185514849,1,1971.86118974,0.758392591368,0.668938488415
p90_minus_mean,Both,all,64.7373674594,1,205.084149857,0.758557962626,0.66897212202
p90_minus_mean,Both,all,64.7447423481,1,222.037963262,0.758723333885,0.669008536033
p90_minus_mean,Both,all,64.779414864,1,1288.04688302,0.758888705143,0.669219774491
p90_minus_mean,Both,all,64.780428203,1,107,0.759054076402,0.669237322389
p90_minus_mean,Both,all,64.7882311272,1,101.611291429,0.75921944766,0.669253986543
p90_minus_mean,Both,all,64.7964735668,1,757.286093761,0.759384818918,0.669378180739
p90_minus_mean,Both,all,64.8360642149,1,1465.57304907,0.759550190177,0.669618533318
p90_minus_mean,Both,all,64.9308590147,1,779.301583444,0.759715561435,0.669746338033
p90_minus_mean,Both,all,65.0102081282,1,1983.5953295,0.759880932694,0.670071645771
p90_minus_mean,Both,all,65.0910896757,1,1349.1076035,0.760046303952,0.670292898128
p90_minus_mean,Both,all,65.1875179854,1,3742.33500321,0.760211675211,0.670906637492
p90_minus_mean,Both,all,65.2033293559,1,847.835122586,0.760377046469,0.671045681641
p90_minus_mean,Both,all,65.2173760051,1,330.023482438,0.760542417728,0.671099805177
p90_minus_mean,Both,all,65.2212412925,1,3416.14640368,0.760707788986,0.671660049922
p90_minus_mean,Both,all,65.2769467229,1,2026.1228338,0.760873160245,0.67199233213
p90_minus_mean,Both,all,65.3032296659,1,3180.51104284,0.761038531503,0.672513932901
p90_minus_mean,Both,all,65.3460742744,1,657.67833503,0.761203902762,0.672621791519
p90_minus_mean,Both,all,65.3519167817,1,5113.07423189,0.76136927402,0.673460330806
p90_minus_mean,Both,all,65.3824458056,1,41.2513457584,0.761534645279,0.673467095987
p90_minus_mean,Both,all,65.4189951581,1,1783.2260018,0.761700016537,0.673759543347
p90_minus_mean,Both,all,65.4216651279,1,86.3083642333,0.761865387796,0.673773697836
p90_minus_mean,Both,all,65.4290466131,1,3795.92918649,0.762030759054,0.674396226594
p90_minus_mean,Both,all,65.4352417381,1,22.9340716705,0.762196130313,0.67439998776
p90_minus_mean,Both,all,65.4547638666,1,4710.79134197,0.762361501571,0.675172553037
p90_minus_mean,Both,all,65.4971983802,1,131.261530554,0.76252687283,0.675194079803
p90_minus_mean,Both,all,65.5201850681,1,83.674863359,0.762692244088,0.675207802401
p90_minus_mean,Both,all,65.5447946452,1,32.3973873338,0.762857615346,0.675213115541
p90_minus_mean,Both,all,65.5569770529,1,3152.81736911,0.763022986605,0.675730174576
p90_minus_mean,Both,all,65.5707330901,1,2441.48728767,0.763188357863,0.676130576157
p90_minus_mean,Both,all,65.6960235581,1,44.3406372243,0.763353729122,0.67613784798
p90_minus_mean,Both,all,65.7213826279,1,4969.37373524,0.76351910038,0.676952820522
p90_minus_mean,Both,all,65.7252072255,1,3233.24464099,0.763684471639,0.677483069553
p90_minus_mean,Both,all,65.7324256278,1,2461.76747609,0.763849842897,0.677886797066
p90_minus_mean,Both,all,65.7406603189,1,143.820233202,0.764015214156,0.677910383446
p90_minus_mean,Both,all,65.8062349831,1,3528.82383262,0.764180585414,0.678489107182
p90_minus_mean,Both,all,65.8223915603,1,2900.52467341,0.764345956673,0.678964790456
p90_minus_mean,Both,all,65.8628077178,1,14.9586929653,0.764511327931,0.678967243667
p90_minus_mean,Both,all,65.9070265532,1,86.4235646582,0.76467669919,0.678981417049
p90_minus_mean,Both,all,65.9191812433,1,4277.33067876,0.764842070448,0.679682895192
p90_minus_mean,Both,all,65.9350685379,1,2331.06011574,0.765007441707,0.680065186823
p90_minus_mean,Both,all,65.9938284007,1,2639.55297207,0.765172812965,0.680498070987
p90_minus_mean,Both,all,66.0046261784,1,445.444822643,0.765338184224,0.680571123512
p90_minus_mean,Both,all,66.0141894781,1,2898.84312523,0.765503555482,0.681046531014
p90_minus_mean,Both,all,66.047170692,1,2156.18964118,0.765668926741,0.681400144054
p90_minus_mean,Both,all,66.1837372532,1,3923.96472041,0.765834297999,0.682043670518
p90_minus_mean,Both,all,66.1974763055,1,2269.94565234,0.765999669257,0.682415939435
p90_minus_mean,Both,all,66.2106140738,1,162.148784131,0.766165040516,0.68244253168
p90_minus_mean,Both,all,66.2569763952,1,477.350077141,0.766330411774,0.682520816637
p90_minus_mean,Both,all,66.2892779249,1,1372.96543116,0.766495783033,0.682745981655
p90_minus_mean,Both,all,66.2893352057,1,12.5170666948,0.766661154291,0.682748034442
p90_minus_mean,Both,all,66.2939406957,1,799.648334177,0.76682652555,0.682879176005
p90_minus_mean,Both,all,66.296728383,1,2404.63210663,0.766991896808,0.683273533372
p90_minus_mean,Both,all,66.3874654623,1,2780.24017548,0.767157268067,0.683729490103
p90_minus_mean,Both,all,66.4153635446,1,445.646125501,0.767322639325,0.683802575641
p90_minus_mean,Both,all,66.4970992374,1,2300.9043483,0.767488010584,0.684179921755
p90_minus_mean,Both,all,66.5412108142,1,1104.39635601,0.767653381842,0.684361041702
p90_minus_mean,Both,all,66.5642239972,1,200.023979039,0.767818753101,0.684393845443
p90_minus_mean,Both,all,66.5697610097,1,1867.24286735,0.767984124359,0.684700071489
p90_minus_mean,Both,all,66.5748123214,1,886.585815298,0.768149495618,0.684845470715
p90_minus_mean,Both,all,66.5773761423,1,5.07928451994,0.768314866876,0.684846303713
p90_minus_mean,Both,all,66.5785030985,1,1251.31312192,0.768480238135,0.685051517869
p90_minus_mean,Both,all,66.6554515416,1,4032.5395881,0.768645609393,0.685712850507
p90_minus_mean,Both,all,66.6717243372,1,3223.86359388,0.768810980652,0.686241561055
p90_minus_mean,Both,all,66.6954926769,1,3068.02889793,0.76897635191,0.686744714861
p90_minus_mean,Both,all,66.6960319073,1,2426.60080446,0.769141723169,0.687142675074
p90_minus_mean,Both,all,66.7128620833,1,2624.19307634,0.769307094427,0.68757304023
p90_minus_mean,Both,all,66.7458024507,1,1793.69061697,0.769472465685,0.687867203776
p90_minus_mean,Both,all,66.7741106746,1,491.117394996,0.769637836944,0.68794774656
p90_minus_mean,Both,all,66.7964762052,1,1408.53421124,0.769803208202,0.688178744824
p90_minus_mean,Both,all,66.8750607061,1,1604.86490668,0.769968579461,0.688441941135
p90_minus_mean,Both,all,66.8766662783,1,1819.80290025,0.770133950719,0.688740387071
p90_minus_mean,Both,all,66.893074721,1,1339.02013539,0.770299321978,0.688959985093
p90_minus_mean,Both,all,66.9346733549,1,2689.7258189,0.770464693236,0.689401097557
p90_minus_mean,Both,all,66.9395823613,1,1316.58513595,0.770630064495,0.68961701626
p90_minus_mean,Both,all,66.955021838,1,364.364143693,0.770795435753,0.689676771632
p90_minus_mean,Both,all,66.9844796577,1,2693.68978325,0.770960807012,0.690118534181
p90_minus_mean,Both,all,66.9976884065,1,1857.34892919,0.77112617827,0.69042313763
p90_minus_mean,Both,all,67.0053100347,1,2363.5275299,0.771291549529,0.690810753886
p90_minus_mean,Both,all,67.0545421593,1,909.404698749,0.771456920787,0.690959895387
p90_minus_mean,Both,all,67.074217537,1,1328.51266639,0.771622292046,0.691177770195
p90_minus_mean,Both,all,67.1220722638,1,1262.97738468,0.771787663304,0.691384897279
p90_minus_mean,Both,all,67.1306407115,1,3097.8128002,0.771953034563,0.691892935617
p90_minus_mean,Both,all,67.1403309099,1,3.40702836323,0.772118405821,0.691893494366
p90_minus_mean,Both,all,67.217978564,1,3871.12702967,0.77228377708,0.692528355499
p90_minus_mean,Both,all,67.2942318901,1,927.209119175,0.772449148338,0.692680416908
p90_minus_mean,Both,all,67.3014543384,1,39.1782353993,0.772614519596,0.692686842101
p90_minus_mean,Both,all,67.3127468983,1,115.182370383,0.772779890855,0.6927057319
p90_minus_mean,Both,all,67.3146652544,1,434.726109793,0.772945262113,0.692777026566
p90_minus_mean,Both,all,67.4079350845,1,1068.87047076,0.773110633372,0.692952320302
p90_minus_mean,Both,all,67.4430214355,1,42.6384765583,0.77327600463,0.692959312971
p90_minus_mean,Both,all,67.4661089441,1,1177.594996,0.773441375889,0.693152437425
p90_minus_mean,Both,all,67.4724300002,1,3182.78727015,0.773606747147,0.693674411495
p90_minus_mean,Both,all,67.4738083175,1,1870.98755932,0.773772118406,0.693981251666
p90_minus_mean,Both,all,67.5335898579,1,2546.29049548,0.773937489664,0.694398840874
p90_minus_mean,Both,all,67.5518075752,1,1067.48745813,0.774102860923,0.694573907796
p90_minus_mean,Both,all,67.5769617429,1,2084.65022339,0.774268232181,0.69491578844
p90_minus_mean,Both,all,67.6413125807,1,1103.85576236,0.77443360344,0.69509681973
p90_minus_mean,Both,all,67.7320669321,1,1184.43339416,0.774598974698,0.695291065675
p90_minus_mean,Both,all,67.8232468247,1,969.469833905,0.774764345957,0.695450057801
p90_minus_mean,Both,all,67.8369231656,1,1327.43226396,0.774929717215,0.695667755423
p90_minus_mean,Both,all,67.8696859333,1,55.8646739505,0.775095088474,0.695676917177
p90_minus_mean,Both,all,67.956024849,1,2961.95578397,0.775260459732,0.696162675094
p90_minus_mean,Both,all,67.9621652137,1,655.248502343,0.775425830991,0.696270135222
p90_minus_mean,Both,all,67.9898573513,1,6.92315519143,0.775591202249,0.696271270613
p90_minus_mean,Both,all,67.9914215005,1,1845.18772397,0.775756573508,0.696573879636
p90_minus_mean,Both,all,68.0339930067,1,2326.13934301,0.775921944766,0.696955364265
p90_minus_mean,Both,all,68.0405626359,1,5.7501466579,0.776087316024,0.696956307283
p90_minus_mean,Both,all,68.0812752823,1,2423.35896227,0.776252687283,0.697353735837
p90_minus_mean,Both,all,68.084805965,1,400.367973957,0.776418058541,0.697419395802
p90_minus_mean,Both,all,68.1161932298,1,2713.93662544,0.7765834298,0.697864478814
p90_minus_mean,Both,all,68.127682595,1,4940.77889924,0.776748801058,0.698674761831
p90_minus_mean,Both,all,68.1428804734,1,163.317097278,0.776914172317,0.698701545679
p90_minus_mean,Both,all,68.1455143694,1,1417.27106875,0.777079543575,0.698933976779
p90_minus_mean,Both,all,68.188883185,1,881.598074548,0.777244914834,0.699078558021
p90_minus_mean,Both,all,68.1937385777,1,2554.95133463,0.777410286092,0.699497567598
p90_minus_mean,Both,all,68.2688163447,1,2809.75012011,0.777575657351,0.699958363931
p90_minus_mean,Both,all,68.3060030988,1,739.690315248,0.777741028609,0.700079672436
p90_minus_mean,Both,all,68.333201212,1,16.0705456974,0.777906399868,0.70008230799
p90_minus_mean,Both,all,68.4095188665,1,2269.76175912,0.778071771126,0.700454546749
p90_minus_mean,Both,all,68.4595803838,1,682.26612884,0.778237142385,0.700566437742
p90_minus_mean,Both,all,68.4935734851,1,566.163478443,0.778402513643,0.700659288011
p90_minus_mean,Both,all,68.5571097239,1,2131.5021301,0.778567884902,0.701008852323
p90_minus_mean,Both,all,68.65067365,1,1530.00280458,0.77873325616,0.701259771321
p90_minus_mean,Both,all,68.7181903001,1,662.082593838,0.778898627419,0.701368352233
p90_minus_mean,Both,all,68.7195527208,1,159.604247255,0.779063998677,0.701394527177
p90_minus_mean,Both,all,68.8188769956,1,2826.4033715,0.779229369936,0.701858054629
p90_minus_mean,Both,all,68.8405563549,1,2740.4575435,0.779394741194,0.702307487046
p90_minus_mean,Both,all,68.8677526996,1,977.772035902,0.779560112452,0.702467840726
p90_minus_mean,Both,all,68.8887897834,1,37.4200555664,0.779725483711,0.702473977579
p90_minus_mean,Both,all,68.8954397998,1,1456.64538198,0.779890854969,0.702712866029
p90_minus_mean,Both,all,68.9001277743,1,783.60442365,0.780056226228,0.702841376406
p90_minus_mean,Both,all,68.9008865332,1,2884.87559112,0.780221597486,0.703314493245
p90_minus_mean,Both,all,68.9313964724,1,3217.22183743,0.780386968745,0.703842114551
p90_minus_mean,Both,all,68.9560929731,1,1220.626442,0.780552340003,0.704042296121
p90_minus_mean,Both,all,69.0008554714,1,342.468005183,0.780717711262,0.704098460547
p90_minus_mean,Both,all,69.032057141,1,780.360590629,0.78088308252,0.704226438937
p90_minus_mean,Both,all,69.0494671203,1,2274.87213125,0.781048453779,0.704599515793
p90_minus_mean,Both,all,69.1048661235,1,1453.36529788,0.781213825037,0.704837866312
p90_minus_mean,Both,all,69.1055075922,1,3264.06928146,0.781379196296,0.705373170554
p90_minus_mean,Both,all,69.1406521033,1,1290.86235765,0.781544567554,0.705584870747
p90_minus_mean,Both,all,69.1718149077,1,701.699086367,0.781709938813,0.705699948727
p90_minus_mean,Both,all,69.2003729013,1,908.522980045,0.781875310071,0.705848945627
p90_minus_mean,Both,all,69.6451023865,1,1512.76703228,0.78204068133,0.706097037974
p90_minus_mean,Both,all,69.651861252,1,3032.62263396,0.782206052588,0.706594385187
p90_minus_mean,Both,all,69.6871428179,1,3219.14178831,0.782371423847,0.707122321364
p90_minus_mean,Both,all,69.7570037202,1,2469.20867923,0.782536795105,0.707527269227
p90_minus_mean,Both,all,69.7787948804,1,133,0.782702166363,0.7075490811
p90_minus_mean,Both,all,69.7917118521,1,8.28143672647,0.782867537622,0.707550439247
p90_minus_mean,Both,all,69.7957698312,1,3372.42354498,0.78303290888,0.708103513485
p90_minus_mean,Both,all,69.8021610742,1,343.615707824,0.783198280139,0.708159866133
p90_minus_mean,Both,all,69.8091725829,1,2.90602803751,0.783363651397,0.708160342719
p90_minus_mean,Both,all,69.8111278212,1,91.5685601394,0.783529022656,0.708175359875
p90_minus_mean,Both,all,69.8853222273,1,2666.04683294,0.783694393914,0.708612589007
p90_minus_mean,Both,all,69.8912986046,1,8.05097227377,0.783859765173,0.708613909359
p90_minus_mean,Both,all,69.9548581246,1,351.838355944,0.784025136431,0.708671610513
p90_minus_mean,Both,all,70.0232226237,1,2635.53715896,0.78419050769,0.709103836088
p90_minus_mean,Both,all,70.0655809527,1,1548.7350499,0.784355878948,0.709357827156
p90_minus_mean,Both,all,70.0830889911,1,2200.45949563,0.784521250207,0.70971870041
p90_minus_mean,Both,all,70.1113700522,1,4750.36689266,0.784686621465,0.710497756039
p90_minus_mean,Both,all,70.1172681881,1,1941.94517699,0.784851992724,0.710816233192
p90_minus_mean,Both,all,70.1177983847,1,204.170787188,0.785017363982,0.710849717006
p90_minus_mean,Both,all,70.1505213204,1,2796.36611147,0.785182735241,0.711308318376
p90_minus_mean,Both,all,70.1853322315,1,1480.48077269,0.785348106499,0.711551115807
p90_minus_mean,Both,all,70.2107712733,1,29.0988452961,0.785513477758,0.71155588799
p90_minus_mean,Both,all,70.2664993306,1,3403.95443582,0.785678849016,0.712114133264
p90_minus_mean,Both,all,70.2713241048,1,3039.83152035,0.785844220275,0.712612662727
p90_minus_mean,Both,all,70.3335382267,1,1849.62275361,0.786009591533,0.712915999091
p90_minus_mean,Both,all,70.3456901419,1,697.690354756,0.786174962791,0.713030419642
p90_minus_mean,Both,all,70.3920099938,1,3055.80494961,0.78634033405,0.713531568733
p90_minus_mean,Both,all,70.4025342134,1,2916.68891796,0.786505705308,0.714009902928
p90_minus_mean,Both,all,70.4624901766,1,192.732191776,0.786671076567,0.714041510823
p90_minus_mean,Both,all,70.4682217032,1,1283.7710107,0.786836447825,0.714252048042
p90_minus_mean,Both,all,70.5170728717,1,1240.4388187,0.787001819084,0.714455478822
p90_minus_mean,Both,all,70.524900178,1,2016.33183447,0.787167190342,0.714786155316
p90_minus_mean,Both,all,70.5458554591,1,16.3496471349,0.787332561601,0.714788836642
p90_minus_mean,Both,all,70.5589236936,1,609.987395125,0.787497932859,0.714888873992
p90_minus_mean,Both,all,70.6013315851,1,754.330856925,0.787663304118,0.715012583531
p90_minus_mean,Both,all,70.6495576147,1,185.136877612,0.787828675376,0.715042945802
p90_minus_mean,Both,all,70.7627834642,1,610.893057441,0.787994046635,0.71514313168
p90_minus_mean,Both,all,70.7832295098,1,228.133080227,0.788159417893,0.715180545287
p90_minus_mean,Both,all,70.786715266,1,2999.89298691,0.788324789152,0.715672524869
p90_minus_mean,Both,all,70.8512208293,1,1956.24684468,0.78849016041,0.715993347482
p90_minus_mean,Both,all,70.9206986487,1,2327.17927963,0.788655531669,0.716375002659
p90_minus_mean,Both,all,70.9217914581,1,2572.26074783,0.788820902927,0.716796850963
p90_minus_mean,Both,all,70.9692248649,1,1590.19391466,0.788986274186,0.717057641245
p90_minus_mean,Both,all,71.0116936611,1,619.764969109,0.789151645444,0.717159282108
p90_minus_mean,Both,all,71.0408340364,1,1167.0711004,0.789317016702,0.717350680653
p90_minus_mean,Both,all,71.0469092978,1,703.038334593,0.789482387961,0.717465978268
p90_minus_mean,Both,all,71.0568024834,1,1586.08771298,0.789647759219,0.717726095137
p90_minus_mean,Both,all,71.0693447287,1,281.522332163,0.789813130478,0.71777226453
p90_minus_mean,Both,all,71.0772797579,1,3151.27112049,0.789978501736,0.718289069982
p90_minus_mean,Both,all,71.0883250179,1,12.8002490111,0.790143872995,0.71829116921
p90_minus_mean,Both,all,71.1546476357,1,3350.88078969,0.790309244253,0.718840710457
p90_minus_mean,Both,all,71.1669153318,1,2047.70973746,0.790474615512,0.719176532896
p90_minus_mean,Both,all,71.1909358809,1,14.5975251359,0.79063998677,0.719178926876
p90_minus_mean,Both,all,71.2609591227,1,1503.99383158,0.790805358029,0.719425580427
p90_minus_mean,Both,all,71.2800022082,1,106.827756522,0.790970729287,0.719443100077
p90_minus_mean,Both,all,71.3165058904,1,2668.5907973,0.791136100546,0.719880746417
p90_minus_mean,Both,all,71.3845789015,1,7.88864849246,0.791301471804,0.719882040148
p90_minus_mean,Both,all,71.4415524475,1,132.460128708,0.791466843063,0.719903763482
p90_minus_mean,Both,all,71.4564152871,1,2588.50343532,0.791632214321,0.720328275572
p90_minus_mean,Both,all,71.469067157,1,848.287810377,0.79179758558,0.720467393962
p90_minus_mean,Both,all,71.4821137298,1,3001.61861994,0.791962956838,0.720959656546
p90_minus_mean,Both,all,71.5087094477,1,119.315045615,0.792128328097,0.7209792241
p90_minus_mean,Both,all,71.5925902428,1,1975.05390058,0.792293699355,0.721303131051
p90_minus_mean,Both,all,71.5947465089,1,1891.83094352,0.792459070614,0.721613389518
p90_minus_mean,Both,all,71.6090383322,1,546.77624464,0.792624441872,0.721703060299
p90_minus_mean,Both,all,71.6339744963,1,132.011293621,0.79278981313,0.721724710025
p90_minus_mean,Both,all,71.6584825277,1,2122.0046065,0.792955184389,0.722072716752
p90_minus_mean,Both,all,71.6740057625,1,32.5164139404,0.793120555647,0.722078049413
p90_minus_mean,Both,all,71.6891205139,1,847.578838719,0.793285926906,0.722217051533
p90_minus_mean,Both,all,71.6995931742,1,47.7439239514,0.793451298164,0.722224881491
p90_minus_mean,Both,all,71.7123957882,1,2625.03212051,0.793616669423,0.722655384249
p90_minus_mean,Both,all,71.7364869995,1,1147.98174847,0.793782040681,0.722843652159
p90_minus_mean,Both,all,71.7632517118,1,2727.06553717,0.79394741194,0.7232908883
p90_minus_mean,Both,all,71.7696080231,1,3004.06301373,0.794112783198,0.723783551763
p90_minus_mean,Both,all,71.8073535532,1,1549.1853791,0.794278154457,0.724037616684
p90_minus_mean,Both,all,71.8082448648,1,1660.69958547,0.794443525715,0.724309969829
p90_minus_mean,Both,all,71.841968106,1,2504.73304148,0.794608896974,0.724720743653
p90_minus_mean,Both,all,71.8436950784,1,2211.69786666,0.794774268232,0.72508345999
p90_minus_mean,Both,all,71.9088694648,1,736.297392173,0.794939639491,0.725204212058
p90_minus_mean,Both,all,71.9549734512,1,1374.6024569,0.795105010749,0.725429645547
p90_minus_mean,Both,all,72.0201694733,1,2484.27073105,0.795270382008,0.725837063572
p90_minus_mean,Both,all,72.0421931003,1,648.921673493,0.795435753266,0.725943486107
p90_minus_mean,Both,all,72.0642200483,1,992.426063623,0.795601124525,0.726106243032
p90_minus_mean,Both,all,72.1021778086,1,2633.78431778,0.795766495783,0.726538181143
p90_minus_mean,Both,all,72.1081738785,1,97.4010246677,0.795931867042,0.726554154818
p90_minus_mean,Both,all,72.1139371692,1,1445.40053282,0.7960972383,0.726791199124
p90_minus_mean,Both,all,72.1380065922,1,4009.03036068,0.796262609558,0.727448676271
p90_minus_mean,Both,all,72.1979386303,1,1827.29870072,0.796427980817,0.727748351511
p90_minus_mean,Both,all,72.3275106853,1,810.096254163,0.796593352075,0.727881206522
p90_minus_mean,Both,all,72.3556679085,1,2278.88081649,0.796758723334,0.728254940798
p90_minus_mean,Both,all,72.479129427,1,3631.51768929,0.796924094592,0.728850506228
p90_minus_mean,Both,all,72.5333074025,1,51.1921522014,0.797089465851,0.728858901692
p90_minus_mean,Both,all,72.5462949263,1,288.829282326,0.797254837109,0.728906269418
p90_minus_mean,Both,all,72.586360001,1,48.1316596572,0.797420208368,0.728914162964
p90_minus_mean,Both,all,72.6057828151,1,1857.51698609,0.797585579626,0.729218793974
p90_minus_mean,Both,all,72.6336247592,1,1708.46049127,0.797750950885,0.729498979862
p90_minus_mean,Both,all,72.699353183,1,6.3450820868,0.797916322143,0.729500020449
p90_minus_mean,Both,all,72.7160242806,1,71.8910224191,0.798081693402,0.729511810508
p90_minus_mean,Both,all,72.7244228561,1,37.8864797091,0.79824706466,0.729518023855
p90_minus_mean,Both,all,72.8255982699,1,2955.20977945,0.798412435919,0.730002675434
p90_minus_mean,Both,all,72.8355023396,1,1715.42926934,0.798577807177,0.730284004194
p90_minus_mean,Both,all,72.8519774501,1,3372.6076126,0.798743178436,0.730837108619
p90_minus_mean,Both,all,72.862500226,1,234.527011977,0.798908549694,0.730875570825
p90_minus_mean,Both,all,72.8693065381,1,882.524645811,0.799073920953,0.731020304023
p90_minus_mean,Both,all,72.9156118885,1,66.2826508523,0.799239292211,0.731031174315
p90_minus_mean,Both,all,72.9434604218,1,2312.6947249,0.799404663469,0.731410454039
p90_minus_mean,Both,all,72.9437540255,1,4974.76873751,0.799570034728,0.732226311357
p90_minus_mean,Both,all,73.0765893547,1,2767.50136891,0.799735405986,0.732680178936
p90_minus_mean,Both,all,73.0849270905,1,3478.26950022,0.799900777245,0.733250611809
p90_minus_mean,Both,all,73.0947799881,1,1049.39051333,0.800066148503,0.73342271085
p90_minus_mean,Both,all,73.161920695,1,643.060726432,0.800231519762,0.733528172195
p90_minus_mean,Both,all,73.2124578729,1,1202.98890133,0.80039689102,0.733725461225
p90_minus_mean,Both,all,73.3679774344,1,84.8590182079,0.800562262279,0.733739378022
p90_minus_mean,Both,all,73.3766310555,1,2304.56587942,0.800727633537,0.734117324624
p90_minus_mean,Both,all,73.3862329445,1,2841.65291192,0.800893004796,0.734583352985
p90_minus_mean,Both,all,73.4489270926,1,62.3841250639,0.801058376054,0.734593583922
p90_minus_mean,Both,all,73.4640579179,1,18.3615040985,0.801223747313,0.734596595191
p90_minus_mean,Both,all,73.4658726194,1,1436.02748821,0.801389118571,0.734832102327
p90_minus_mean,Both,all,73.4799480323,1,1064.87278794,0.80155448983,0.735006740446
p90_minus_mean,Both,all,73.5218058521,1,1348.9345869,0.801719861088,0.735227964429
p90_minus_mean,Both,all,73.5220230662,1,23.0301216903,0.801885232347,0.735231741347
p90_minus_mean,Both,all,73.5322384295,1,232.176428711,0.802050603605,0.735269818059
p90_minus_mean,Both,all,73.5460080998,1,3256.94181486,0.802215974864,0.735803953404
p90_minus_mean,Both,all,73.5998804823,1,2352.45778127,0.802381346122,0.736189754231
p90_minus_mean,Both,all,73.6701589051,1,330.378994303,0.802546717381,0.73624393607
p90_minus_mean,Both,all,73.6733482407,1,1847.80009467,0.802712088639,0.73654697352
p90_minus_mean,Both,all,73.7282647574,1,717.649751575,0.802877459897,0.736664667393
p90_minus_mean,Both,all,73.755085234,1,80.8311363702,0.803042831156,0.736677923622
p90_minus_mean,Both,all,73.7798901104,1,232.810366068,0.803208202414,0.7367161043
p90_minus_mean,Both,all,73.7827895922,1,2139.80599353,0.803373573673,0.737067030437
p90_minus_mean,Both,all,73.8004105071,1,1757.85815079,0.803538944931,0.737355317494
p90_minus_mean,Both,all,73.8247542027,1,20.7218598694,0.80370431619,0.737358715859
p90_minus_mean,Both,all,73.900556412,1,528.735726749,0.803869687448,0.737445428013
p90_minus_mean,Both,all,73.9014599397,1,1444.68701946,0.804035058707,0.737682355303
p90_minus_mean,Both,all,73.9066505815,1,847.318197656,0.804200429965,0.737821314677
p90_minus_mean,Both,all,73.9177289171,1,3157.26892067,0.804365801224,0.738339103763
p90_minus_mean,Both,all,73.9362115776,1,1014.3690785,0.804531172482,0.738505459322
p90_minus_mean,Both,all,74.0166187107,1,1756.26731543,0.804696543741,0.738793485483
p90_minus_mean,Both,all,74.018234226,1,13.7427852842,0.804861914999,0.738795739286
p90_minus_mean,Both,all,74.0361583574,1,6.5727550342,0.805027286258,0.738796817212
p90_minus_mean,Both,all,74.0748180258,1,868.611467165,0.805192657516,0.738939268662
p90_minus_mean,Both,all,74.0936219565,1,15.2545080224,0.805358028775,0.738941770387
p90_minus_mean,Both,all,74.0936502957,1,2251.95735788,0.805523400033,0.739311089241
p90_minus_mean,Both,all,74.146023439,1,69.9475182133,0.805688771292,0.739322560567
p90_minus_mean,Both,all,74.1548796973,1,12.1214384717,0.80585414255,0.739324548472
p90_minus_mean,Both,all,74.2756029214,1,4.44967755419,0.806019513809,0.739325278215
p90_minus_mean,Both,all,74.3632225003,1,54.1126627669,0.806184885067,0.739334152639
p90_minus_mean,Both,all,74.3938294701,1,2897.26835095,0.806350256325,0.73980930188
p90_minus_mean,Both,all,74.3972482447,1,2513.34727152,0.806515627584,0.74022148843
p90_minus_mean,Both,all,74.4136001669,1,1009.72765844,0.806680998842,0.740387082801
p90_minus_mean,Both,all,74.47149029,1,3115.70219294,0.806846370101,0.740898054982
p90_minus_mean,Both,all,74.5658898103,1,2505.96698264,0.807011741359,0.741309031172
p90_minus_mean,Both,all,74.5862222075,1,2516.32656337,0.807177112618,0.741721706323
p90_minus_mean,Both,all,74.6077055814,1,130.532902937,0.807342483876,0.741743113594
p90_minus_mean,Both,all,74.6606995848,1,2422.67747251,0.807507855135,0.742140430384
p90_minus_mean,Both,all,74.7339784839,1,3081.51779537,0.807673226393,0.742645796357
p90_minus_mean,Both,all,74.8109462199,1,543.827127628,0.807838597652,0.742734983486
p90_minus_mean,Both,all,74.8617042039,1,615.379831992,0.80800396891,0.74283590519
p90_minus_mean,Both,all,74.9313363913,1,3401.392894,0.808169340169,0.743393730374
p90_minus_mean,Both,all,74.9888854268,1,1098.11482468,0.808334711427,0.743573820155
p90_minus_mean,Both,all,75.0114313529,1,3831.50873829,0.808500082686,0.744202183926
p90_minus_mean,Both,all,75.012718808,1,3718.18134053,0.808665453944,0.744811962112
p90_minus_mean,Both,all,75.0583030545,1,3254.00702563,0.808830825203,0.745345616154
p90_minus_mean,Both,all,75.068882199,1,1890.58320583,0.808996196461,0.745655669992
p90_minus_mean,Both,all,75.1327821903,1,4126.7718665,0.80916156772,0.746332456634
p90_minus_mean,Both,all,75.1870049509,1,2262.39064574,0.809326938978,0.746703486537
p90_minus_mean,Both,all,75.19615317,1,191.355065578,0.809492310236,0.746734868585
p90_minus_mean,Both,all,75.2279924765,1,362.126413838,0.809657681495,0.746794256971
p90_minus_mean,Both,all,75.3186119885,1,2356.95115656,0.809823052753,0.747180794708
p90_minus_mean,Both,all,75.3404225033,1,2323.5842665,0.809988424012,0.747561860306
p90_minus_mean,Both,all,75.3468517746,1,1353.63682898,0.81015379527,0.747783855452
p90_minus_mean,Both,all,75.3933711375,1,5430.16642969,0.810319166529,0.748674397556
p90_minus_mean,Both,all,75.4173106543,1,1929.15771457,0.810484537787,0.748990777578
p90_minus_mean,Both,all,75.4835123266,1,3415.76744321,0.810649909046,0.749550960173
p90_minus_mean,Both,all,75.4995126207,1,451.963652314,0.810815280304,0.74962508178
p90_minus_mean,Both,all,75.5098288383,1,2338.40101533,0.810980651563,0.750008577312
p90_minus_mean,Both,all,75.5346547742,1,3070.79326113,0.811146022821,0.750512184471
p90_minus_mean,Both,all,75.6032938473,1,125.89143319,0.81131139408,0.750532830546
p90_minus_mean,Both,all,75.6110223794,1,1081.00770761,0.811476765338,0.750710114777
p90_minus_mean,Both,all,75.6702053121,1,2857.83534504,0.811642136597,0.751178797041
p90_minus_mean,Both,all,75.6729722652,1,518.791504104,0.811807507855,0.751263878352
p90_minus_mean,Both,all,75.7357184471,1,888.257522433,0.811972879114,0.751409551737
p90_minus_mean,Both,all,75.7520802905,1,1250.7590054,0.812138250372,0.751614675018
p90_minus_mean,Both,all,75.7944735336,1,1532.35818393,0.812303621631,0.751865980296
p90_minus_mean,Both,all,75.8017321484,1,2818.21806416,0.812468992889,0.752328165364
p90_minus_mean,Both,all,75.8345001343,1,36.5769387422,0.812634364148,0.752334163947
p90_minus_mean,Both,all,75.8762289064,1,45.1816166077,0.812799735406,0.752341573689
p90_minus_mean,Both,all,75.8788053623,1,2757.01815579,0.812965106664,0.752793722032
p90_minus_mean,Both,all,75.9060829169,1,1317.16750136,0.813130477923,0.753009736243
p90_minus_mean,Both,all,75.9251198334,1,2008.56015282,0.813295849181,0.753339138188
p90_minus_mean,Both,all,75.9548375709,1,11.7392402243,0.81346122044,0.753341063412
p90_minus_mean,Both,all,75.9820734325,1,903.981714291,0.813626591698,0.753489315549
p90_minus_mean,Both,all,75.9832702927,1,2565.65513484,0.813791962957,0.753910080539
p90_minus_mean,Both,all,75.9910961784,1,874.56907256,0.813957334215,0.754053509031
p90_minus_mean,Both,all,76.0350338786,1,2274.07226945,0.814122705474,0.754426454709
p90_minus_mean,Both,all,76.0469680438,1,3531.07701705,0.814288076732,0.755005547965
p90_minus_mean,Both,all,76.2115422308,1,71.5826687928,0.814453447991,0.755017287454
p90_minus_mean,Both,all,76.3205155992,1,28.1280901511,0.814618819249,0.755021900434
p90_minus_mean,Both,all,76.5360538826,1,140.780689597,0.814784190508,0.755044988333
p90_minus_mean,Both,all,76.6740596389,1,1121.05476825,0.814949561766,0.755228840243
p90_minus_mean,Both,all,76.6847146968,1,454.372978868,0.815114933025,0.755303356977
p90_minus_mean,Both,all,76.7464592517,1,2946.86579347,0.815280304283,0.755786640151
p90_minus_mean,Both,all,76.7704675516,1,2517.7262292,0.815445675542,0.756199544846
p90_minus_mean,Both,all,76.7869537468,1,4020.69652834,0.8156110468,0.756858935233
p90_minus_mean,Both,all,76.8644741721,1,49.9078630827,0.815776418059,0.756867120075
p90_minus_mean,Both,all,76.8777739658,1,4291.13634888,0.815941789317,0.757570862334
p90_minus_mean,Both,all,76.9407399586,1,2346.87327168,0.816107160575,0.757955747308
p90_minus_mean,Both,all,76.9870267225,1,1535.07987598,0.816272531834,0.75820749894
p90_minus_mean,Both,all,77.0302656718,1,543.158581976,0.816437903092,0.758296576428
p90_minus_mean,Both,all,77.0548384482,1,2571.58391867,0.816603274351,0.758718313733
p90_minus_mean,Both,all,77.0584614336,1,2447.29826604,0.816768645609,0.759119668309
p90_minus_mean,Both,all,77.06273498,1,2780.55715291,0.816934016868,0.759575677024
p90_minus_mean,Both,all,77.0681359362,1,16.7570449592,0.817099388126,0.759578425164
p90_minus_mean,Both,all,77.0687664058,1,2139.3753468,0.817264759385,0.759929280676
p90_minus_mean,Both,all,77.1659385043,1,1347.76281593,0.817430130643,0.760150312489
p90_minus_mean,Both,all,77.349200441,1,3883.48259417,0.817595501902,0.760787199923
p90_minus_mean,Both,all,77.366472558,1,1727.4064863,0.81776087316,0.761070492935
p90_minus_mean,Both,all,77.3669657335,1,53.7986559325,0.817926244419,0.761079315863
p90_minus_mean,Both,all,77.4259067414,1,2675.56900592,0.818091615677,0.761518106623
p90_minus_mean,Both,all,77.503108778,1,1982.49642377,0.818256986936,0.761843234141
p90_minus_mean,Both,all,77.5761517989,1,3026.84083252,0.818422358194,0.762339633145
p90_minus_mean,Both,all,77.6773681116,1,32.2407064893,0.818587729453,0.76234492059
p90_minus_mean,Both,all,77.6983814589,1,2636.10307354,0.818753100711,0.762777238974
p90_minus_mean,Both,all,77.7791969994,1,37.1518862512,0.81891847197,0.762783331848
p90_minus_mean,Both,all,77.836540367,1,2484.72374638,0.819083843228,0.763190824167
p90_minus_mean,Both,all,77.841895094,1,731.737047361,0.819249214487,0.763310828344
p90_minus_mean,Both,all,77.8900450233,1,1656.61769169,0.819414585745,0.763582512062
p90_minus_mean,Both,all,77.8959860444,1,942.609051447,0.819579957003,0.763737099045
p90_minus_mean,Both,all,77.9440018702,1,723.930252769,0.819745328262,0.763855822914
p90_minus_mean,Both,all,77.957950528,1,1906.24931799,0.81991069952,0.764168445981
p90_minus_mean,Both,all,78.0327439284,1,3505.79700112,0.820076070779,0.764743393338
p90_minus_mean,Both,all,78.1567248517,1,3648.68806992,0.820241442037,0.765341774694
p90_minus_mean,Both,all,78.1648654537,1,1488.46435387,0.820406813296,0.765585881425
p90_minus_mean,Both,all,78.2190381576,1,1468.44914034,0.820572184554,0.76582670568
p90_minus_mean,Both,all,78.2912308088,1,3499.53976807,0.820737555813,0.766400626857
p90_minus_mean,Both,all,78.3617982594,1,52.8705326231,0.820902927071,0.766409297574
p90_minus_mean,Both,all,78.3841317674,1,91.594518439,0.82106829833,0.766424318987
p90_minus_mean,Both,all,78.4115648346,1,2430.55047771,0.821233669588,0.766822926942
p90_minus_mean,Both,all,78.4359954229,1,1972.67046007,0.821399040847,0.767146443012
p90_minus_mean,Both,all,78.446639359,1,3108.75869494,0.821564412105,0.767656276467
p90_minus_mean,Both,all,78.454766116,1,1935.67529846,0.821729783364,0.767973725365
p90_minus_mean,Both,all,78.455956718,1,39.6257647247,0.821895154622,0.767980223953
p90_minus_mean,Both,all,78.4610861412,1,924.411100284,0.822060525881,0.76813182649
p90_minus_mean,Both,all,78.5018387027,1,1565.64458363,0.822225897139,0.768388590705
p90_minus_mean,Both,all,78.5192520311,1,1635.41722217,0.822391268398,0.768656797566
p90_minus_mean,Both,all,78.5510164324,1,2513.47783679,0.822556639656,0.769069005529
p90_minus_mean,Both,all,78.6409812366,1,3659.7992846,0.822722010915,0.769669209113
p90_minus_mean,Both,all,78.6679103644,1,2040.74591431,0.822887382173,0.770003889493
p90_minus_mean,Both,all,78.7324445088,1,2260.78935675,0.823052753431,0.770374656786
p90_minus_mean,Both,all,78.7363966198,1,481.142978719,0.82321812469,0.770453563775
p90_minus_mean,Both,all,78.7628179358,1,2357.75725534,0.823383495948,0.770840233711
p90_minus_mean,Both,all,78.8225933065,1,651.21607465,0.823548867207,0.770947032525
p90_minus_mean,Both,all,78.8844324024,1,59.7250687136,0.823714238465,0.770956827379
p90_minus_mean,Both,all,78.9537422319,1,3232.70962933,0.823879609724,0.771486988668
p90_minus_mean,Both,all,78.9695377994,1,2121.1077736,0.824044980982,0.771834848316
p90_minus_mean,Both,all,79.0182594587,1,997.79646954,0.824210352241,0.771998485983
p90_minus_mean,Both,all,79.1601138105,1,207.016310761,0.824375723499,0.77203243646
p90_minus_mean,Both,all,79.201126375,1,3085.47546806,0.824541094758,0.772538451487
p90_minus_mean,Both,all,79.232698542,1,888.093575558,0.824706466016,0.772684097985
p90_minus_mean,Both,all,79.2398638287,1,1186.05784835,0.824871837275,0.772878610338
p90_minus_mean,Both,all,79.2530546202,1,2953.66431936,0.825037208533,0.773363008463
p90_minus_mean,Both,all,79.2568660969,1,13.4606501386,0.825202579792,0.773365215997
p90_minus_mean,Both,all,79.2804373056,1,2845.88667041,0.82536795105,0.773831938691
p90_minus_mean,Both,all,79.2836533279,1,2468.20639744,0.825533322309,0.774236722181
p90_minus_mean,Both,all,79.3355735842,1,27.0963503285,0.825698693567,0.774241165956
p90_minus_mean,Both,all,79.4611578005,1,2162.43977442,0.825864064826,0.774595804012
p90_minus_mean,Both,all,79.4706757621,1,938.28281633,0.826029436084,0.774749681497
p90_minus_mean,Both,all,79.6497449231,1,2536.97856118,0.826194807342,0.775165743556
p90_minus_mean,Both,all,79.6610957755,1,205.14635254,0.826360178601,0.775199387362
p90_minus_mean,Both,all,79.7551691379,1,2281.71784096,0.826525549859,0.775573586907
p90_minus_mean,Both,all,79.8694856225,1,1651.14841538,0.826690921118,0.775844373669
p90_minus_mean,Both,all,79.8897744175,1,855.370854797,0.826856292376,0.775984653671
p90_minus_mean,Both,all,79.8976586998,1,2414.99415729,0.827021663635,0.776380710405
p90_minus_mean,Both,all,79.9668084209,1,71.3952461282,0.827187034893,0.776392419157
p90_minus_mean,Both,all,79.9825313155,1,754.824720339,0.827352406152,0.77651620969
p90_minus_mean,Both,all,80.0489043298,1,2604.20014965,0.82751777741,0.776943296025
p90_minus_mean,Both,all,80.0716172154,1,71.8154836516,0.827683148669,0.776955073696
p90_minus_mean,Both,all,80.2052165476,1,346.989726317,0.827848519927,0.777011979679
p90_minus_mean,Both,all,80.2337590447,1,170.881713557,0.828013891186,0.777040004117
p90_minus_mean,Both,all,80.2512880244,1,4952.28168178,0.828179262444,0.777852173579
p90_minus_mean,Both,all,80.2567446487,1,607.1499621,0.828344633703,0.777951745592
p90_minus_mean,Both,all,80.301842592,1,626.383718553,0.828510004961,0.778054471923
p90_minus_mean,Both,all,80.3176844592,1,1520.60484978,0.82867537622,0.778303849665
p90_minus_mean,Both,all,80.3511214914,1,532.192748926,0.828840747478,0.778391128767
p90_minus_mean,Both,all,80.3926047691,1,1438.34505183,0.829006118737,0.778627015981
p90_minus_mean,Both,all,80.4145173281,1,2068.63686177,0.829171489995,0.778966270449
p90_minus_mean,Both,all,80.4765095616,1,3102.24992323,0.829336861254,0.779475036471
p90_minus_mean,Both,all,80.5504620214,1,2243.15165969,0.829502232512,0.779842911199
p90_minus_mean,Both,all,80.5874226938,1,9.95732443174,0.82966760377,0.779844544191
p90_minus_mean,Both,all,80.6408425921,1,2257.10663563,0.829832975029,0.780214707522
p90_minus_mean,Both,all,80.6483171362,1,25.3409735923,0.829998346287,0.780218863417
p90_minus_mean,Both,all,80.6596459533,1,52.8289564898,0.830163717546,0.780227527315
p90_minus_mean,Both,all,80.6878047247,1,113.857778502,0.830329088804,0.780246199882
p90_minus_mean,Both,all,80.7244230602,1,1223.46589927,0.830494460063,0.78044684712
p90_minus_mean,Both,all,80.786206677,1,2159.97593806,0.830659831321,0.78080108111
p90_minus_mean,Both,all,80.8067888708,1,419.599965765,0.83082520258,0.780869895103
p90_minus_mean,Both,all,80.8942859017,1,855.178798231,0.830990573838,0.781010143608
p90_minus_mean,Both,all,80.9879938641,1,2777.9741592,0.831155945097,0.781465728715
p90_minus_mean,Both,all,81.0743627513,1,27.782249001,0.831321316355,0.781470284977
p90_minus_mean,Both,all,81.0901190327,1,1122.15369196,0.831486687614,0.78165431711
p90_minus_mean,Both,all,81.0911657387,1,2096.09661924,0.831652058872,0.781998074952
p90_minus_mean,Both,all,81.0942896504,1,3634.72178046,0.831817430131,0.78259416585
p90_minus_mean,Both,all,81.1083876382,1,2239.41414372,0.831982801389,0.782961427629
p90_minus_mean,Both,all,81.2780260469,1,1979.12107237,0.832148172648,0.783286001593
p90_minus_mean,Both,all,81.3179240005,1,3494.02361255,0.832313543906,0.783859018126
p90_minus_mean,Both,all,81.3430210756,1,12.4534340166,0.832478915165,0.783861060477
p90_minus_mean,Both,all,81.4702172461,1,1517.36399152,0.832644286423,0.784109906721
p90_minus_mean,Both,all,81.5117749611,1,4797.89880882,0.832809657681,0.78489675754
p90_minus_mean,Both,all,81.6562653613,1,3156.0651016,0.83297502894,0.7854143492
p90_minus_mean,Both,all,81.7460170411,1,53.8186121552,0.833140400198,0.785423175401
p90_minus_mean,Both,all,81.7833329469,1,1545.4001516,0.833305771457,0.785676619548
p90_minus_mean,Both,all,81.9128015246,1,4200.28177011,0.833471142715,0.786365461744
p90_minus_mean,Both,all,81.9344768618,1,290.162556821,0.833636513974,0.786413048126
p90_minus_mean,Both,all,82.0800802607,1,21.6822464739,0.833801885232,0.786416603993
p90_minus_mean,Both,all,82.14919993,1,5525.78187748,0.833967256491,0.787322826939
p90_minus_mean,Both,all,82.158746457,1,29.3480722159,0.834132627749,0.787327639995
p90_minus_mean,Both,all,82.2104945405,1,2926.96739795,0.834297999008,0.787807659851
p90_minus_mean,Both,all,82.2329879382,1,1783.88735613,0.834463370266,0.788100215672
p90_minus_mean,Both,all,82.2692479552,1,4109.88497892,0.834628741525,0.78877423288
p90_minus_mean,Both,all,82.391625974,1,1466.42833959,0.834794112783,0.789014725726
p90_minus_mean,Both,all,82.4390602429,1,4457.19970811,0.834959484042,0.789745702218
p90_minus_mean,Both,all,82.4910345772,1,778.804270718,0.8351248553,0.789873425374
p90_minus_mean,Both,all,82.4975069821,1,1124.79822166,0.835290226559,0.790057891207
p90_minus_mean,Both,all,82.5037064872,1,3216.45108171,0.835455597817,0.79058538611
p90_minus_mean,Both,all,82.5097337416,1,2661.7901273,0.835620969076,0.791021917146
p90_minus_mean,Both,all,82.5763087819,1,2834.59136173,0.835786340334,0.79148678742
p90_minus_mean,Both,all,82.5846836596,1,748.448095119,0.835951711593,0.791609532192
p90_minus_mean,Both,all,82.6368020916,1,1227.65940332,0.836117082851,0.791810867161
p90_minus_mean,Both,all,82.6421970695,1,413.734564055,0.836282454109,0.791878719234
p90_minus_mean,Both,all,82.6438486669,1,3165.64029314,0.836447825368,0.792397881216
p90_minus_mean,Both,all,82.6578555246,1,875.092457202,0.836613196626,0.792541395543
p90_minus_mean,Both,all,82.7151571821,1,425.172223861,0.836778567885,0.792611123381
p90_minus_mean,Both,all,82.7279259632,1,2173.40201124,0.836943939143,0.792967559234
p90_minus_mean,Both,all,82.7446885555,1,813.937107385,0.837109310402,0.793101044141
p90_minus_mean,Both,all,82.7570312116,1,2199.52199985,0.83727468166,0.793461763647
p90_minus_mean,Both,all,82.766811893,1,2375.25959446,0.837440052919,0.79385130395
p90_minus_mean,Both,all,82.8015532831,1,1887.3589048,0.837605424177,0.794160829006
p90_minus_mean,Both,all,82.8570072233,1,2014.89993948,0.837770795436,0.79449127067
p90_minus_mean,Both,all,82.8785182308,1,2194.62845852,0.837936166694,0.79485118764
p90_minus_mean,Both,all,82.9027894167,1,702.723477124,0.838101537953,0.794966433618
p90_minus_mean,Both,all,83.0707815778,1,2049.69102216,0.838266909211,0.795302580987
p90_minus_mean,Both,all,83.0862889341,1,3569.6336852,0.83843228047,0.795887997499
p90_minus_mean,Both,all,83.1636599931,1,1855.2669823,0.838597651728,0.796192259511
p90_minus_mean,Both,all,83.2398879504,1,3431.9996046,0.838763022987,0.796755104165
p90_minus_mean,Both,all,83.2513295309,1,95.6429007951,0.838928394245,0.79677078951
p90_minus_mean,Both,all,83.2968552639,1,41.9461357573,0.839093765504,0.796777668636
p90_minus_mean,Both,all,83.406546096,1,12.595525824,0.839259136762,0.79677973429
p90_minus_mean,Both,all,83.4496261568,1,1140.69248651,0.839424508021,0.796966806767
p90_minus_mean,Both,all,83.48683072,1,2355.91219498,0.839589879279,0.797353174116
p90_minus_mean,Both,all,83.4998725431,1,1174.43601206,0.839755250537,0.797545780499
p90_minus_mean,Both,all,83.5376284737,1,475.363355289,0.839920621796,0.797623739635
p90_minus_mean,Both,all,83.5748637089,1,473.733044501,0.840085993054,0.797701431401
p90_minus_mean,Both,all,83.5773261594,1,1942.84280062,0.840251364313,0.798020055764
p90_minus_mean,Both,all,83.5836683937,1,2844.98681762,0.840416735571,0.798486630882
p90_minus_mean,Both,all,83.6018959756,1,980.598118321,0.84058210683,0.798647448036
p90_minus_mean,Both,all,83.6574220266,1,339.638200283,0.840747478088,0.798703148377
p90_minus_mean,Both,all,83.6805023353,1,2904.49953314,0.840912849347,0.799179483524
p90_minus_mean,Both,all,83.707603847,1,2458.61758713,0.841078220605,0.799582694458
p90_minus_mean,Both,all,83.7184752843,1,166.706904838,0.841243591864,0.799610034231
p90_minus_mean,Both,all,83.7410384052,1,2471.6882566,0.841408963122,0.800015388742
p90_minus_mean,Both,all,83.770215707,1,20.5133393702,0.841574334381,0.80001875291
p90_minus_mean,Both,all,83.781247128,1,53.2274459108,0.841739705639,0.800027482161
p90_minus_mean,Both,all,83.8467037099,1,2674.21798827,0.841905076898,0.800466051355
p90_minus_mean,Both,all,83.9552225555,1,1225.4763804,0.842070448156,0.80066702831
p90_minus_mean,Both,all,83.998846879,1,774.454774924,0.842235819415,0.800794038152
p90_minus_mean,Both,all,84.0379012245,1,3428.16073217,0.842401190673,0.801356253236
p90_minus_mean,Both,all,84.2838491265,1,3349.49406352,0.842566561932,0.80190556706
p90_minus_mean,Both,all,84.341711356,1,328.213993044,0.84273193319,0.801959393842
p90_minus_mean,Both,all,84.4716284138,1,667.721201037,0.842897304448,0.80206889948
p90_minus_mean,Both,all,84.5266341343,1,1592.91491185,0.843062675707,0.802330136003
p90_minus_mean,Both,all,84.5275386842,1,3345.69514603,0.843228046965,0.802878826809
p90_minus_mean,Both,all,84.6113923286,1,3862.79618136,0.843393418224,0.803512321691
p90_minus_mean,Both,all,84.622998969,1,2351.19578629,0.843558789482,0.803897915552
p90_minus_mean,Both,all,84.6566925354,1,3680.54772271,0.843724160741,0.804501521861
p90_minus_mean,Both,all,84.6623254834,1,97.3093868525,0.843889531999,0.804517480507
p90_minus_mean,Both,all,84.6644393153,1,34.1513085408,0.844054903258,0.804523081289
p90_minus_mean,Both,all,84.8042562296,1,1554.69961062,0.844220274516,0.804778050539
p90_minus_mean,Both,all,84.820097505,1,860.294324846,0.844385645775,0.804919137986
p90_minus_mean,Both,all,84.8706190227,1,382.457521136,0.844551017033,0.804981860654
p90_minus_mean,Both,all,84.9159562454,1,1983.93807313,0.844716388292,0.805307224602
p90_minus_mean,Both,all,84.9668051346,1,820.704035339,0.84488175955,0.805441819279
p90_minus_mean,Both,all,84.9769396881,1,4.63079776283,0.845047130809,0.805442578725
p90_minus_mean,Both,all,85.0776594988,1,153.521725429,0.845212502067,0.805467756142
p90_minus_mean,Both,all,85.0795114167,1,742.900174807,0.845377873326,0.80558959106
p90_minus_mean,Both,all,85.1395338363,1,1540.88938011,0.845543244584,0.805842295446
p90_minus_mean,Both,all,85.1424261877,1,1088.49435423,0.845708615843,0.806020807479
p90_minus_mean,Both,all,85.1627966929,1,2183.12822842,0.845873987101,0.806378838422
p90_minus_mean,Both,all,85.2543644739,1,17.6734326984,0.84603935836,0.806381736848
p90_minus_mean,Both,all,85.2872758568,1,358.878744462,0.846204729618,0.806440592619
p90_minus_mean,Both,all,85.3466935202,1,3486.81699981,0.846370100876,0.807012427274
p90_minus_mean,Both,all,85.4061914341,1,165.754614278,0.846535472135,0.807039610872
p90_minus_mean,Both,all,85.4995394906,1,3241.75303649,0.846700843393,0.807571255272
p90_minus_mean,Both,all,85.5009138637,1,2558.50172131,0.846866214652,0.807990847108
p90_minus_mean,Both,all,85.6064541783,1,192.516236956,0.84703158591,0.808022419587
p90_minus_mean,Both,all,85.8612301768,1,1183.07788555,0.847196957169,0.80821644323
p90_minus_mean,Both,all,86.0176683416,1,3023.36123206,0.847362328427,0.808712271582
p90_minus_mean,Both,all,86.0273406516,1,3680.13520453,0.847527699686,0.809315810238
p90_minus_mean,Both,all,86.0890918835,1,3485.31953654,0.847693070944,0.80988739931
p90_minus_mean,Both,all,86.1066637379,1,324.669062277,0.847858442203,0.809940644726
p90_minus_mean,Both,all,86.2017269121,1,48.1277867906,0.848023813461,0.809948537637
p90_minus_mean,Both,all,86.2524578569,1,1348.19614604,0.84818918472,0.810169640516
p90_minus_mean,Both,all,86.2681743413,1,2168.49677804,0.848354555978,0.810525271915
p90_minus_mean,Both,all,86.3074366501,1,3119.85172868,0.848519927237,0.811036924617
p90_minus_mean,Both,all,86.3370296404,1,22.1851792902,0.848685298495,0.811040562965
p90_minus_mean,Both,all,86.4049551643,1,1388.91595817,0.848850669754,0.811268343854
p90_minus_mean,Both,all,86.4248704835,1,496.597938182,0.849016041012,0.811349785441
p90_minus_mean,Both,all,86.4397331876,1,3193.88933141,0.849181412271,0.811873580239
p90_minus_mean,Both,all,86.4961749876,1,3355.81372332,0.849346783529,0.812423930482
p90_minus_mean,Both,all,86.5000522018,1,3092.66729317,0.849512154787,0.812931124962
p90_minus_mean,Both,all,86.5081134107,1,1056.84182225,0.849677526046,0.81310444601
p90_minus_mean,Both,all,86.7474948004,1,3202.93326853,0.849842897304,0.813629724005
p90_minus_mean,Both,all,86.8327851849,1,40.2982504774,0.850008268563,0.81363633288
p90_minus_mean,Both,all,86.8355568887,1,452.204871336,0.850173639821,0.813710494046
p90_minus_mean,Both,all,86.8820756217,1,1111.05661862,0.85033901108,0.81389270627
p90_minus_mean,Both,all,86.9043081655,1,3078.08549661,0.850504382338,0.814397509349
p90_minus_mean,Both,all,86.9536681091,1,285.198897918,0.850669753597,0.814444281696
p90_minus_mean,Both,all,86.9557613856,1,2080.18353365,0.850835124855,0.814785429807
p90_minus_mean,Both,all,86.9883155759,1,128.603190221,0.851000496114,0.814806520607
p90_minus_mean,Both,all,87.1677591147,1,2514.82555124,0.851165867372,0.815218949594
p90_minus_mean,Both,all,87.3374225531,1,1651.77064477,0.851331238631,0.8154898384
p90_minus_mean,Both,all,87.3911836693,1,3408.47064948,0.851496609889,0.816048824329
p90_minus_mean,Both,all,87.3990867305,1,3391.86764313,0.851661981148,0.81660508738
p90_minus_mean,Both,all,87.4101260799,1,2941.4894208,0.851827352406,0.817087488834
p90_minus_mean,Both,all,87.5483778591,1,4356.63671943,0.851992723665,0.817801973091
p90_minus_mean,Both,all,87.6129969713,1,1169.79136741,0.852158094923,0.817993817757
p90_minus_mean,Both,all,87.6182906369,1,876.111994275,0.852323466182,0.818137499287
p90_minus_mean,Both,all,87.6281256408,1,2224.27907783,0.85248883744,0.81850227893
p90_minus_mean,Both,all,87.7142641066,1,2823.29090206,0.852654208699,0.818965295939
p90_minus_mean,Both,all,87.7463428259,1,3347.60417899,0.852819579957,0.819514299824
p90_minus_mean,Both,all,87.7783841131,1,3306.29739663,0.852984951215,0.820056529437
p90_minus_mean,Both,all,87.8507974736,1,245.812797568,0.853150322474,0.820096842501
p90_minus_mean,Both,all,87.9486033224,1,1538.90093784,0.853315693732,0.820349220784
p90_minus_mean,Both,all,88.0317393425,1,1431.70155678,0.853481064991,0.820584018471
p90_minus_mean,Both,all,88.0453909398,1,608.70760814,0.853646436249,0.820683845937
p90_minus_mean,Both,all,88.0572883755,1,1613.53002222,0.853811807508,0.820948463318
p90_minus_mean,Both,all,88.1716031989,1,2395.9937082,0.853977178766,0.821341403996
p90_minus_mean,Both,all,88.1911994803,1,36.9897640842,0.854142550025,0.821347470282
p90_minus_mean,Both,all,88.2074082824,1,3776.7083762,0.854307921283,0.821966846845
p90_minus_mean,Both,all,88.2187780555,1,3100.13802251,0.854473292542,0.822475266518
p90_minus_mean,Both,all,88.3666753354,1,1482.71164341,0.8546386638,0.82271842981
p90_minus_mean,Both,all,88.3974314499,1,2162.1978712,0.854804035059,0.823073028194
p90_minus_mean,Both,all,88.4701776284,1,4210.19796269,0.854969406317,0.823763496636
p90_minus_mean,Both,all,88.5058352744,1,1459.67505663,0.855134777576,0.82400288195
p90_minus_mean,Both,all,88.5195575521,1,278.384549689,0.855300148834,0.82404853675
p90_minus_mean,Both,all,88.5578183261,1,364.729465442,0.855465520093,0.824108352034
p90_minus_mean,Both,all,88.5735299547,1,901.536073851,0.855630891351,0.824256203088
p90_minus_mean,Both,all,88.6110349043,1,1310.24653763,0.85579626261,0.824471082268
p90_minus_mean,Both,all,88.6529111844,1,2185.07350701,0.855961633868,0.824829432234
p90_minus_mean,Both,all,88.8112791085,1,1927.51819579,0.856127005127,0.825145543376
p90_minus_mean,Both,all,88.8310321811,1,4761.57522621,0.856292376385,0.825926437162
p90_minus_mean,Both,all,88.8911689255,1,1930.27905152,0.856457747643,0.826243001081
p90_minus_mean,Both,all,88.9327625083,1,1164.91067966,0.856623118902,0.826434045319
p90_minus_mean,Both,all,88.9635463571,1,4252.461912,0.85678849016,0.827131445008
p90_minus_mean,Both,all,88.9758750648,1,1011.62713832,0.856953861419,0.827297350891
p90_minus_mean,Both,all,89.0126171497,1,97.6997882504,0.857119232677,0.827313373563
p90_minus_mean,Both,all,89.0903085536,1,59.7433047083,0.857284603936,0.827323171408
p90_minus_mean,Both,all,89.1124445537,1,2436.33924044,0.857449975194,0.827722728715
p90_minus_mean,Both,all,89.1241551922,1,312.894704965,0.857615346453,0.827774043147
p90_minus_mean,Both,all,89.128810049,1,1949.50429628,0.857780717711,0.828093759989
p90_minus_mean,Both,all,89.1696841441,1,370.121350308,0.85794608897,0.828154459536
p90_minus_mean,Both,all,89.1954239389,1,1478.87533055,0.858111460228,0.828396993677
p90_minus_mean,Both,all,89.2703725266,1,1423.97501509,0.858276831487,0.828630524218
p90_minus_mean,Both,all,89.2822634467,1,12.5578731608,0.858442202745,0.828632583697
p90_minus_mean,Both,all,89.2910787694,1,918.569303771,0.858607574004,0.828783228185
p90_minus_mean,Both,all,89.3090256447,1,3487.99387489,0.858772945262,0.829355255847
p90_minus_mean,Both,all,89.3767177631,1,50.2557701591,0.858938316521,0.829363497745
p90_minus_mean,Both,all,89.3821098851,1,39.0187090645,0.859103687779,0.829369896776
p90_minus_mean,Both,all,89.4135583224,1,67.9558435911,0.859269059038,0.829381041469
p90_minus_mean,Both,all,89.4348060097,1,1004.62611855,0.859434430296,0.829545799192
p90_minus_mean,Both,all,89.4350959588,1,1748.40813399,0.859599801554,0.829832536455
p90_minus_mean,Both,all,89.4975982474,1,836.177508318,0.859765172813,0.829969668767
p90_minus_mean,Both,all,89.5092701725,1,2564.06546067,0.859930544071,0.830390173052
p90_minus_mean,Both,all,89.5730082196,1,1422.66591163,0.86009591533,0.830623488902
p90_minus_mean,Both,all,89.6463355207,1,4164.68047172,0.860261286588,0.831306492518
p90_minus_mean,Both,all,89.7177205173,1,166.570332038,0.860426657847,0.831333809893
p90_minus_mean,Both,all,89.7946718884,1,17.124523924,0.860592029105,0.831336618299
p90_minus_mean,Both,all,89.8512367221,1,3795.56627126,0.860757400364,0.831959087539
p90_minus_mean,Both,all,89.8656515236,1,2686.63090568,0.860922771622,0.83239969244
p90_minus_mean,Both,all,89.8757844837,1,1017.67699129,0.861088142881,0.832566590494
p90_minus_mean,Both,all,89.9792032302,1,833.002533175,0.861253514139,0.832703202113
p90_minus_mean,Both,all,90.0273213736,1,33.8994765928,0.861418885398,0.832708761595
p90_minus_mean,Both,all,90.1547529268,1,44.1828656976,0.861584256656,0.832716007542
p90_minus_mean,Both,all,90.2310015888,1,1083.19635044,0.861749627915,0.832893650709
p90_minus_mean,Both,all,90.2636201522,1,1570.8694266,0.861914999173,0.833151271793
p90_minus_mean,Both,all,90.3102908896,1,63.7940689992,0.862080370432,0.833161733959
p90_minus_mean,Both,all,90.3393915864,1,208.705884944,0.86224574169,0.833195961525
p90_minus_mean,Both,all,90.3858525826,1,2278.33920716,0.862411112949,0.833569606977
p90_minus_mean,Both,all,90.3972565878,1,1073.02053933,0.862576484207,0.83374558132
p90_minus_mean,Both,all,90.4102835313,1,2525.16140984,0.862741855466,0.834159705377
p90_minus_mean,Both,all,90.6043646363,1,71.0863519095,0.862907226724,0.834171363471
p90_minus_mean,Both,all,90.6054121549,1,79.56115292,0.863072597982,0.834184411424
p90_minus_mean,Both,all,90.6399414813,1,3699.97509699,0.863237969241,0.834791203803
p90_minus_mean,Both,all,90.7208716961,1,200.541676425,0.863403340499,0.834824092447
p90_minus_mean,Both,all,90.7737821116,1,2528.34165039,0.863568711758,0.835238738061
p90_minus_mean,Both,all,90.8577857359,1,40.3860200295,0.863734083016,0.835245361329
p90_minus_mean,Both,all,90.9440902569,1,1743.09729467,0.863899454275,0.83553122762
p90_minus_mean,Both,all,90.9934698151,1,5.26337437476,0.864064825533,0.835532090808
p90_minus_mean,Both,all,91.0224122633,1,3189.17420632,0.864230196792,0.836055112329
p90_minus_mean,Both,all,91.0516495584,1,94.1889154206,0.86439556805,0.836070559221
p90_minus_mean,Both,all,91.0929447816,1,995.517329718,0.864560939309,0.836233823112
p90_minus_mean,Both,all,91.1417963472,1,2709.01378474,0.864726310567,0.836678098783
p90_minus_mean,Both,all,91.1429639717,1,4294.69370479,0.864891681826,0.837382424446
p90_minus_mean,Both,all,91.1591216295,1,2801.85025693,0.865057053084,0.83784192521
p90_minus_mean,Both,all,91.2527753906,1,1248.4565394,0.865222424343,0.838046670889
p90_minus_mean,Both,all,91.2582690997,1,12.0088976391,0.865387795601,0.838048640336
p90_minus_mean,Both,all,91.3291386064,1,2052.37042964,0.86555316686,0.838385227125
p90_minus_mean,Both,all,91.3311942112,1,2471.6306657,0.865718538118,0.838790572192
p90_minus_mean,Both,all,91.3478252538,1,2930.21108742,0.865883909377,0.839271124009
p90_minus_mean,Both,all,91.3819810504,1,1087.22294923,0.866049280635,0.839449427534
p90_minus_mean,Both,all,91.3883996245,1,2506.54003295,0.866214651894,0.839860497703
p90_minus_mean,Both,all,91.3978249353,1,64.1860129157,0.866380023152,0.839871024148
p90_minus_mean,Both,all,91.4455055935,1,3441.163549,0.86654539441,0.840435371681
p90_minus_mean,Both,all,91.5265618759,1,3108.55742741,0.866710765669,0.840945172128
p90_minus_mean,Both,all,91.6786140758,1,807.408427311,0.866876136927,0.841077586338
p90_minus_mean,Both,all,91.7424792222,1,664.056540051,0.867041508186,0.841186490976
p90_minus_mean,Both,all,91.8483594896,1,1719.43264092,0.867206879444,0.841468476285
p90_minus_mean,Both,all,91.9939451723,1,2797.43125226,0.867372250703,0.841927252337
p90_minus_mean,Both,all,91.9991654508,1,1302.51473775,0.867537621961,0.842140863509
p90_minus_mean,Both,all,92.0105301427,1,1911.51070976,0.86770299322,0.842454349438
p90_minus_mean,Both,all,92.0451279548,1,1024.42663436,0.867868364478,0.842622354427
p90_minus_mean,Both,all,92.052057915,1,147.127386885,0.868033735737,0.842646483178
p90_minus_mean,Both,all,92.1835586435,1,2172.37610674,0.868199106995,0.843002750783
p90_minus_mean,Both,all,92.2203700023,1,890.417506155,0.868364478254,0.843148778402
p90_minus_mean,Both,all,92.2478940181,1,76.9887135722,0.868529849512,0.843161404478
p90_minus_mean,Both,all,92.2781186448,1,563.203433601,0.868695220771,0.843253769303
p90_minus_mean,Both,all,92.3345965195,1,1634.90038291,0.868860592029,0.843521891403
p90_minus_mean,Both,all,92.3971324556,1,2166.9461738,0.869025963288,0.843877268504
p90_minus_mean,Both,all,92.4293042884,1,2206.79066897,0.869191334546,0.844239180064
p90_minus_mean,Both,all,92.4669681984,1,48.9912111649,0.869356705805,0.844247214576
p90_minus_mean,Both,all,92.4670920946,1,278.46084257,0.869522077063,0.844292881888
p90_minus_mean,Both,all,92.5027105926,1,1480.33387102,0.869687448321,0.844535655228
p90_minus_mean,Both,all,92.5841002674,1,31.4101617757,0.86985281958,0.844540806464
p90_minus_mean,Both,all,92.5923809811,1,52.0943626579,0.870018190838,0.84454934989
p90_minus_mean,Both,all,92.641012342,1,1778.81284093,0.870183562097,0.844841073496
p90_minus_mean,Both,all,92.7249951584,1,799.183875983,0.870348933355,0.844972138888
p90_minus_mean,Both,all,92.7440817451,1,2698.65441631,0.870514304614,0.845414715632
p90_minus_mean,Both,all,92.8599675455,1,2479.22915512,0.870679675872,0.845821306844
p90_minus_mean,Both,all,92.8707946503,1,55.7876175908,0.870845047131,0.84583045596
p90_minus_mean,Both,all,92.8798351669,1,3915.62749982,0.871010418389,0.846472615127
p90_minus_mean,Both,all,92.9251211013,1,58.5167019976,0.871175789648,0.84648221181
p90_minus_mean,Both,all,92.9551317973,1,596.812175634,0.871341160906,0.846580088437
p90_minus_mean,Both,all,93.005986337,1,1.80164143619,0.871506532165,0.846580383904
p90_minus_mean,Both,all,93.0592029647,1,133.466933823,0.871671903423,0.846602272354
p90_minus_mean,Both,all,93.5035544759,1,1482.44531359,0.871837274682,0.846845391968
p90_minus_mean,Both,all,93.5094835207,1,2287.58033676,0.87200264594,0.847220552957
p90_minus_mean,Both,all,93.5162337796,1,3527.92541373,0.872168017199,0.847799129352
p90_minus_mean,Both,all,93.5612218757,1,55.8261785155,0.872333388457,0.847808284792
p90_minus_mean,Both,all,93.605537382,1,165.562516562,0.872498759716,0.847835436887
p90_minus_mean,Both,all,93.6096082305,1,1589.89502175,0.872664130974,0.848096178151
p90_minus_mean,Both,all,93.6246062046,1,2068.06703529,0.872829502233,0.848435339168
p90_minus_mean,Both,all,93.634390188,1,94.4086663696,0.872994873491,0.848450822099
p90_minus_mean,Both,all,93.657124438,1,204.353793297,0.873160244749,0.848484335925
p90_minus_mean,Both,all,93.7421038113,1,121.710242123,0.873325616008,0.848504296289
p90_minus_mean,Both,all,93.7510446191,1,1445.19372315,0.873490987266,0.848741306678
p90_minus_mean,Both,all,93.7691089561,1,3351.13701966,0.873656358525,0.849290889946
p90_minus_mean,Both,all,93.7749814728,1,1865.92796346,0.873821729783,0.849596900348
p90_minus_mean,Both,all,93.7897503591,1,226.409016522,0.873987101042,0.849634031211
p90_minus_mean,Both,all,93.8454234016,1,1368.26448581,0.8741524723,0.849858425279
p90_minus_mean,Both,all,93.883361985,1,61.3857576959,0.874317843559,0.849868492484
p90_minus_mean,Both,all,93.885209904,1,1030.48728943,0.874483214817,0.850037491415
p90_minus_mean,Both,all,94.028238502,1,1543.81347721,0.874648586076,0.850290675349
p90_minus_mean,Both,all,94.0340505874,1,914.622052284,0.874813957334,0.850440672492
p90_minus_mean,Both,all,94.0495133905,1,39.5768711894,0.874979328593,0.850447163061
p90_minus_mean,Both,all,94.1203905865,1,2964.60551345,0.875144699851,0.850933355531
p90_minus_mean,Both,all,94.1362672662,1,2834.13699374,0.87531007111,0.851398151289
p90_minus_mean,Both,all,94.2368754084,1,158.62051638,0.875475442368,0.851424164902
p90_minus_mean,Both,all,94.2613245426,1,2146.24947559,0.875640813627,0.851776147765
p90_minus_mean,Both,all,94.3375375224,1,4171.035263,0.875806184885,0.852460193561
p90_minus_mean,Both,all,94.4144161197,1,1696.01688992,0.875971556144,0.85273833871
p90_minus_mean,Both,all,94.440664617,1,4931.01551895,0.876136927402,0.853547020541
p90_minus_mean,Both,all,94.4804054091,1,1583.08964277,0.87630229866,0.853806645729
p90_minus_mean,Both,all,94.4926823606,1,3220.24225965,0.876467669919,0.854334762382
p90_minus_mean,Both,all,94.5051541607,1,73.8909973691,0.876633041177,0.854346880435
p90_minus_mean,Both,all,94.5159329052,1,2181.89814618,0.876798412436,0.854704709645
p90_minus_mean,Both,all,94.6531609475,1,73.891773707,0.876963783694,0.854716827826
p90_minus_mean,Both,all,94.6846663813,1,2582.39182173,0.877129154953,0.855140337616
p90_minus_mean,Both,all,94.6941016922,1,1.9672967546,0.877294526211,0.855140660251
p90_minus_mean,Both,all,94.7122534721,1,2894.48389767,0.87745989747,0.855615352843
p90_minus_mean,Both,all,94.7265054461,1,185.057679554,0.877625268728,0.855645702126
p90_minus_mean,Both,all,94.790458983,1,2891.09137618,0.877790639987,0.856119838348
p90_minus_mean,Both,all,94.8074079702,1,1572.71661746,0.877956011245,0.85637776237
p90_minus_mean,Both,all,94.8425024415,1,434.346893076,0.878121382504,0.856448994845
p90_minus_mean,Both,all,94.9019681493,1,90.0441564089,0.878286753762,0.856463762001
p90_minus_mean,Both,all,94.9145658821,1,1274.21987778,0.878452125021,0.856672732843
p90_minus_mean,Both,all,94.9742653244,1,89.4326547461,0.878617496279,0.856687399713
p90_minus_mean,Both,all,95.1611353493,1,258.473905646,0.878782867538,0.856729789186
p90_minus_mean,Both,all,95.1616412832,1,828.84056838,0.878948238796,0.856865718247
p90_minus_mean,Both,all,95.1862397407,1,33.5293616739,0.879113610055,0.85687121703
p90_minus_mean,Both,all,95.2762381785,1,202.786139147,0.879278981313,0.856904473763
p90_minus_mean,Both,all,95.3027858175,1,128.858585034,0.879444352572,0.856925606448
p90_minus_mean,Both,all,95.4113560298,1,68.7537548057,0.87960972383,0.856936881998
p90_minus_mean,Both,all,95.4423012541,1,245.266325331,0.879775095088,0.856977105441
p90_minus_mean,Both,all,95.4616348913,1,564.63212937,0.879940466347,0.857069704571
p90_minus_mean,Both,all,95.4909387293,1,486.707652003,0.880105837605,0.85714952416
p90_minus_mean,Both,all,95.5409000561,1,2081.16868501,0.880271208864,0.857490833835
p90_minus_mean,Both,all,95.5455784924,1,2514.28223563,0.880436580122,0.857903173719
p90_minus_mean,Both,all,95.6530146458,1,1400.17586534,0.880601951381,0.858132801222
p90_minus_mean,Both,all,95.6772607078,1,130.520032429,0.880767322639,0.858154206383
p90_minus_mean,Both,all,95.8515511147,1,33.7725788931,0.880932693898,0.858159745054
p90_minus_mean,Both,all,96.1974891104,1,202.236346239,0.881098065156,0.858192911621
p90_minus_mean,Both,all,96.2259279231,1,3196.26810974,0.881263436415,0.858717096536
p90_minus_mean,Both,all,96.2750424476,1,591.882409044,0.881428807673,0.858814164685
p90_minus_mean,Both,all,96.3207052264,1,5373.57117679,0.881594178932,0.859695425222
p90_minus_mean,Both,all,96.3241943771,1,1428.54876762,0.88175955019,0.859929705854
p90_minus_mean,Both,all,96.3784431282,1,1071.85645398,0.881924921449,0.860105489288
p90_minus_mean,Both,all,96.4104484573,1,802.646944795,0.882090292707,0.86023712262
p90_minus_mean,Both,all,96.5266214924,1,378.011534711,0.882255663966,0.86029911615
p90_minus_mean,Both,all,96.537808614,1,1980.5370792,0.882421035224,0.860623922338
p90_minus_mean,Both,all,96.5404491483,1,774.345501544,0.882586406483,0.86075091426
p90_minus_mean,Both,all,96.6284332271,1,338.464493312,0.882751777741,0.860806422114
p90_minus_mean,Both,all,96.6348600464,1,4308.64257578,0.882917149,0.861513035377
p90_minus_mean,Both,all,96.7061694036,1,3558.22594092,0.883082520258,0.862096581031
p90_minus_mean,Both,all,96.7205349363,1,3312.14994604,0.883247891516,0.862639770456
p90_minus_mean,Both,all,96.7404980622,1,867.769565552,0.883413262775,0.862782083835
p90_minus_mean,Both,all,96.8085839817,1,1999.87352452,0.883578634033,0.863110061182
p90_minus_mean,Both,all,96.8834581282,1,1825.78314844,0.883744005292,0.863409487873
p90_minus_mean,Both,all,96.909697537,1,17.3033336786,0.88390937655,0.863412325603
p90_minus_mean,Both,all,97.0613375388,1,2551.33440478,0.884074747809,0.863830742007
p90_minus_mean,Both,all,97.1429392391,1,760.027701294,0.884240119067,0.863955385823
p90_minus_mean,Both,all,97.3047569775,1,3133.40677023,0.884405490326,0.864469261538
p90_minus_mean,Both,all,97.4498591526,1,89.5298037017,0.884570861584,0.864483944341
p90_minus_mean,Both,all,97.4712463248,1,3797.17066856,0.884736232843,0.865106676701
p90_minus_mean,Both,all,97.5243010865,1,2131.63514137,0.884901604101,0.865456262826
p90_minus_mean,Both,all,97.5832785762,1,550.553635973,0.88506697536,0.865546553096
p90_minus_mean,Both,all,97.5856812978,1,2021.57539624,0.885232346618,0.865878089529
p90_minus_mean,Both,all,97.5927135823,1,3044.64861196,0.885397717877,0.866377408991
p90_minus_mean,Both,all,97.6855932008,1,169.818023156,0.885563089135,0.866405258985
p90_minus_mean,Both,all,97.7365546489,1,2137.55226955,0.885728460394,0.866755815514
p90_minus_mean,Both,all,97.7761845561,1,1.25225516615,0.885893831652,0.866756020882
p90_minus_mean,Both,all,97.9288992619,1,2666.41109343,0.886059202911,0.867193309753
p90_minus_mean,Both,all,97.9909846263,1,2205.08445267,0.886224574169,0.867554941495
p90_minus_mean,Both,all,97.9911048883,1,2422.22542867,0.886389945427,0.86795218415
p90_minus_mean,Both,all,98.0332738832,1,673.66687597,0.886555316686,0.868062664874
p90_minus_mean,Both,all,98.0440472683,1,111.207671305,0.886720687944,0.868080902826
p90_minus_mean,Both,all,98.1326526071,1,1362.11199386,0.886886059203,0.868304287891
p90_minus_mean,Both,all,98.1722822712,1,1657.13937205,0.887051430461,0.868576057164
p90_minus_mean,Both,all,98.2019793425,1,2774.68971787,0.88721680172,0.869031103625
p90_minus_mean,Both,all,98.2512591729,1,1430.63772763,0.887382172978,0.869265726845
p90_minus_mean,Both,all,98.3320462065,1,475.295069887,0.887547544237,0.869343674782
p90_minus_mean,Both,all,98.5568471699,1,1977.23396228,0.887712915495,0.869667939262
p90_minus_mean,Both,all,98.5861625669,1,142.360280102,0.887878286754,0.869691286212
p90_minus_mean,Both,all,98.6950286706,1,1702.43408946,0.888043658012,0.869970483776
p90_minus_mean,Both,all,98.7888348714,1,2322.14321284,0.888209029271,0.870351313043
p90_minus_mean,Both,all,98.8205758023,1,15.2010728334,0.888374400529,0.870353806004
p90_minus_mean,Both,all,98.9927275329,1,1109.68192245,0.888539771788,0.870535792779
p90_minus_mean,Both,all,99.0126753213,1,23.1364969762,0.888705143046,0.870539587142
p90_minus_mean,Both,all,99.080163979,1,1643.07240623,0.888870514305,0.870809049446
p90_minus_mean,Both,all,99.1744719236,1,2106.84257889,0.889035885563,0.871154569615
p90_minus_mean,Both,all,99.1824442517,1,631.154948931,0.889201256822,0.871258078424
p90_minus_mean,Both,all,99.2700036288,1,4482.85159717,0.88936662808,0.871993261801
p90_minus_mean,Both,all,99.2901200247,1,317.396700783,0.889531999339,0.872045314556
p90_minus_mean,Both,all,99.3522273262,1,1478.62524887,0.889697370597,0.872287807684
p90_minus_mean,Both,all,99.3837485833,1,785.0806298,0.889862741855,0.872416560157
p90_minus_mean,Both,all,99.3906137199,1,790.341463884,0.890028113114,0.872546175401
p90_minus_mean,Both,all,99.844839592,1,87.0073915035,0.890193484372,0.87256044453
p90_minus_mean,Both,all,99.8820982264,1,2478.43340356,0.890358855631,0.872966905239
p90_minus_mean,Both,all,100.015827906,1,3859.56504389,0.890524226889,0.873599870217
p90_minus_mean,Both,all,100.113969757,1,25.0983834379,0.890689598148,0.873603986328
p90_minus_mean,Both,all,100.310095009,1,3089.39192768,0.890854969406,0.874110643651
p90_minus_mean,Both,all,100.329439539,1,28.7208483785,0.891020340665,0.874115353843
p90_minus_mean,Both,all,100.360308578,1,674.631039364,0.891185711923,0.874225992689
p90_minus_mean,Both,all,100.553108339,1,1239.70510447,0.891351083182,0.874429303141
p90_minus_mean,Both,all,100.55349094,1,2048.52092935,0.89151645444,0.874765258615
p90_minus_mean,Both,all,100.574372036,1,1917.43164085,0.891681825699,0.875079715571
p90_minus_mean,Both,all,100.582362384,1,2615.71140589,0.891847196957,0.875508689742
p90_minus_mean,Both,all,100.645706413,1,3041.57967323,0.892012568216,0.876007505901
p90_minus_mean,Both,all,100.650347748,1,1299.59414285,0.892177939474,0.876220638098
p90_minus_mean,Both,all,100.686027039,1,2148.08048412,0.892343310733,0.876572921244
p90_minus_mean,Both,all,100.688200765,1,2255.29281738,0.892508681991,0.87694278711
p90_minus_mean,Both,all,100.6928949,1,3717.35335951,0.89267405325,0.877552429508
p90_minus_mean,Both,all,100.725582279,1,1395.61631248,0.892839424508,0.877781309249
p90_minus_mean,Both,all,100.766880151,1,1420.43472086,0.893004795766,0.878014259186
p90_minus_mean,Both,all,100.95253707,1,911.288594714,0.893170167025,0.878163709644
p90_minus_mean,Both,all,100.971415118,1,1175.75807821,0.893335538283,0.878356532845
p90_minus_mean,Both,all,100.975355899,1,3697.24051443,0.893500909542,0.878962876756
p90_minus_mean,Both,all,101.087055258,1,23.4074825494,0.8936662808,0.87896671556
p90_minus_mean,Both,all,101.242233825,1,2423.01740196,0.893831652059,0.879364088098
p90_minus_mean,Both,all,101.296682319,1,34.3951667901,0.893997023317,0.879369728873
p90_minus_mean,Both,all,101.339415072,1,18.6614578052,0.894162394576,0.879372789334
p90_minus_mean,Both,all,101.834078016,1,1015.08149395,0.894327765834,0.879539261729
p90_minus_mean,Both,all,101.99275657,1,84,0.894493137093,0.879553037648
p90_minus_mean,Both,all,102.081752009,1,1591.78926396,0.894658508351,0.879814089566
p90_minus_mean,Both,all,102.212201163,1,18.6989003344,0.89482387961,0.879817156168
p90_minus_mean,Both,all,102.216093799,1,381.10650917,0.894989250868,0.879879657271
p90_minus_mean,Both,all,102.268376329,1,292.649585597,0.895154622127,0.879927651524
p90_minus_mean,Both,all,102.296705234,1,4013.28137698,0.895319993385,0.880585825833
p90_minus_mean,Both,all,102.320231644,1,24.5789991382,0.895485364644,0.880589856766
p90_minus_mean,Both,all,102.333391094,1,1161.11504842,0.895650735902,0.880780278524
p90_minus_mean,Both,all,102.412782329,1,9.27456968946,0.895816107161,0.880781799544
p90_minus_mean,Both,all,102.465640354,1,1017.47313644,0.895981478419,0.880948664166
p90_minus_mean,Both,all,102.723639088,1,1840.0206727,0.896146849678,0.881250425798
p90_minus_mean,Both,all,102.852919984,1,746.49973046,0.896312220936,0.88137285104
p90_minus_mean,Both,all,103.012236592,1,4567.82219074,0.896477592194,0.882121969513
p90_minus_mean,Both,all,103.043398662,1,22.8329804034,0.896642963453,0.8821257141
p90_minus_mean,Both,all,103.208491285,1,1698.36701333,0.896808334711,0.882404244667
p90_minus_mean,Both,all,103.297253037,1,1578.92610704,0.89697370597,0.882663187039
p90_minus_mean,Both,all,103.323722774,1,18.7773111975,0.897139077228,0.8826662665
p90_minus_mean,Both,all,103.48193987,1,4514.79872017,0.897304448487,0.883406689175
p90_minus_mean,Both,all,103.57054481,1,2354.5963483,0.897469819745,0.883792840725
p90_minus_mean,Both,all,103.921941114,1,1729.74676811,0.897635191004,0.884076517542
p90_minus_mean,Both,all,103.961974262,1,1118.21165735,0.897800562262,0.884259903185
p90_minus_mean,Both,all,103.996828593,1,4057.44089375,0.897965933521,0.884925319613
p90_minus_mean,Both,all,104.115636757,1,395.498004128,0.898131304779,0.884990180908
p90_minus_mean,Both,all,104.21167004,1,1207.89596048,0.898296676038,0.885188274691
p90_minus_mean,Both,all,104.254839743,1,307.500512448,0.898462047296,0.885238704481
p90_minus_mean,Both,all,104.524157096,1,3000.44313285,0.898627418555,0.885730774286
p90_minus_mean,Both,all,104.571011583,1,678.739083842,0.898792789813,0.885842086847
p90_minus_mean,Both,all,104.708062909,1,3319.27510265,0.898958161072,0.886386444791
p90_minus_mean,Both,all,104.762951823,1,3136.86325288,0.89912353233,0.886900887367
p90_minus_mean,Both,all,104.769613827,1,120.389407977,0.899288903589,0.886920631114
p90_minus_mean,Both,all,104.922161935,1,65.9717784679,0.899454274847,0.886931450423
p90_minus_mean,Both,all,104.964662621,1,2468.78946264,0.899619646106,0.887336329535
p90_minus_mean,Both,all,105.047650978,1,21.682411596,0.899785017364,0.88733988543
p90_minus_mean,Both,all,105.07613646,1,1072.93716151,0.899950388622,0.887515846099
p90_minus_mean,Both,all,105.16627278,1,4881.26705142,0.900115759881,0.888316369229
p90_minus_mean,Both,all,105.196508913,1,3843.65382639,0.900281131139,0.888946724783
p90_minus_mean,Both,all,105.196684303,1,9.86013384926,0.900446502398,0.888948341835
p90_minus_mean,Both,all,105.21131991,1,2162.70006537,0.900611873656,0.889303022579
p90_minus_mean,Both,all,105.22439197,1,1499.33899889,0.900777244915,0.889548912742
p90_minus_mean,Both,all,105.226822786,1,2393.17089051,0.900942616173,0.88994139048
p90_minus_mean,Both,all,105.239166091,1,1107.95496433,0.901107987432,0.890123094035
p90_minus_mean,Both,all,105.311772946,1,3442.63602612,0.90127335869,0.890687683053
p90_minus_mean,Both,all,105.524856626,1,2922.42993391,0.901438729949,0.891166958769
p90_minus_mean,Both,all,105.533594387,1,39.4699059479,0.901604101207,0.891173431795
p90_minus_mean,Both,all,105.534327191,1,72.9345388299,0.901769472466,0.89118539299
p90_minus_mean,Both,all,105.584913901,1,96.799445667,0.901934843724,0.891201268007
p90_minus_mean,Both,all,105.732509401,1,1614.61279863,0.902100214983,0.891466062962
p90_minus_mean,Both,all,105.935361952,1,2506.61636493,0.902265586241,0.89187714565
p90_minus_mean,Both,all,106.021621097,1,1492.54630574,0.9024309575,0.892121921818
p90_minus_mean,Both,all,106.144153308,1,50.5668866638,0.902596328758,0.892130214739
p90_minus_mean,Both,all,106.186944515,1,42.8695818635,0.902761700017,0.892137245309
p90_minus_mean,Both,all,106.276628613,1,2523.66819296,0.902927071275,0.892551124481
p90_minus_mean,Both,all,106.352862263,1,2899.20775123,0.903092442533,0.89302659178
p90_minus_mean,Both,all,106.437698064,1,156.322823083,0.903257813792,0.893052228574
p90_minus_mean,Both,all,106.484696717,1,1573.27562231,0.90342318505,0.893310244272
p90_minus_mean,Both,all,106.510328068,1,977.941884805,0.903588556309,0.893470625807
p90_minus_mean,Both,all,106.635989011,1,1533.5386767,0.903753927567,0.893722124684
p90_minus_mean,Both,all,106.648251086,1,1417.12078986,0.903919298826,0.893954531139
p90_minus_mean,Both,all,106.685844639,1,2614.08641383,0.904084670084,0.894383238812
p90_minus_mean,Both,all,106.700256896,1,212.170552022,0.904250041343,0.89441803458
p90_minus_mean,Both,all,106.743241932,1,1479.74552262,0.904415412601,0.894660711431
p90_minus_mean,Both,all,107.033512836,1,3661.12150732,0.90458078386,0.895261131859
p90_minus_mean,Both,all,107.113581852,1,2700.96202746,0.904746155118,0.895704087049
p90_minus_mean,Both,all,107.190349136,1,95.5197763601,0.904911526377,0.895719752201
p90_minus_mean,Both,all,107.360826516,1,3695.53485388,0.905076897635,0.896325816385
p90_minus_mean,Both,all,107.411918117,1,3962.85898244,0.905242268894,0.89697572147
p90_minus_mean,Both,all,107.44118139,1,3544.8811979,0.905407640152,0.897557078598
p90_minus_mean,Both,all,107.767265619,1,1341.65363435,0.905573011411,0.897777108512
p90_minus_mean,Both,all,107.915191666,1,351.639743403,0.905738382669,0.897834777094
p90_minus_mean,Both,all,107.921436629,1,3081.99056787,0.905903753928,0.898340220601
p90_minus_mean,Both,all,108.006865804,1,1332.72348834,0.906069125186,0.898558785979
p90_minus_mean,Both,all,108.047822332,1,118.278438971,0.906234496445,0.89857818353
p90_minus_mean,Both,all,108.052928818,1,361.8788932,0.906399867703,0.898637531323
p90_minus_mean,Both,all,108.060929218,1,2154.88146792,0.906565238961,0.898990929824
p90_minus_mean,Both,all,108.105374699,1,4333.44199658,0.90673061022,0.899701610169
p90_minus_mean,Both,all,108.185642217,1,3129.79237776,0.906895981478,0.900214893127
p90_minus_mean,Both,all,108.272605454,1,3321.10535634,0.907061352737,0.900759551231
p90_minus_mean,Both,all,108.338631017,1,860.718789693,0.907226723995,0.90090070829
p90_minus_mean,Both,all,108.353855402,1,261.716006638,0.907392095254,0.900943629465
p90_minus_mean,Both,all,108.355061649,1,324.515773307,0.907557466512,0.900996849741
p90_minus_mean,Both,all,108.367964669,1,2556.65064334,0.907722837771,0.901416138003
p90_minus_mean,Both,all,108.378745412,1,4054.13742826,0.907888209029,0.902081012666
p90_minus_mean,Both,all,108.53505951,1,2490.0013562,0.908053580288,0.902489370509
p90_minus_mean,Both,all,108.618019784,1,1175.02361312,0.908218951546,0.902682073258
p90_minus_mean,Both,all,108.660439766,1,1743.99716208,0.908384322805,0.902968087125
p90_minus_mean,Both,all,108.694593284,1,84.9371222133,0.908549694063,0.902982016732
p90_minus_mean,Both,all,108.934861534,1,739.853546189,0.908715065322,0.903103352007
p90_minus_mean,Both,all,109.229350784,1,2183.7849897,0.90888043658,0.903461490658
p90_minus_mean,Both,all,109.255413477,1,54.1665483271,0.909045807839,0.90347037392
p90_minus_mean,Both,all,109.265480001,1,1366.93102297,0.909211179097,0.903694549301
p90_minus_mean,Both,all,109.366120201,1,3585.66067054,0.909376550356,0.904282594224
p90_minus_mean,Both,all,109.444551404,1,83.1254600785,0.909541921614,0.90429622672
p90_minus_mean,Both,all,109.644082524,1,1786.71337522,0.909707292872,0.904589246005
p90_minus_mean,Both,all,109.663168488,1,246.662469139,0.909872664131,0.904629698414
p90_minus_mean,Both,all,109.883782125,1,3652.34222052,0.910038035389,0.905228679047
p90_minus_mean,Both,all,109.896870042,1,1733.18228951,0.910203406648,0.905512919286
p90_minus_mean,Both,all,109.986721017,1,2944.75250583,0.910368777906,0.905995855882
p90_minus_mean,Both,all,109.99228155,1,2609.1686705,0.910534149165,0.90642375705
p90_minus_mean,Both,all,110.101201309,1,210.762236513,0.910699520423,0.906458321856
p90_minus_mean,Both,all,110.119245595,1,1537.46240906,0.910864891682,0.906710464221
p90_minus_mean,Both,all,110.290817997,1,1458.19718502,0.91103026294,0.906949607166
p90_minus_mean,Both,all,110.311134641,1,1309.71897742,0.911195634199,0.907164399826
p90_minus_mean,Both,all,110.350955216,1,48.3529361543,0.911361005457,0.907172329661
p90_minus_mean,Both,all,110.400153016,1,69.8034302374,0.911526376716,0.907183777357
p90_minus_mean,Both,all,110.408866378,1,505.412305527,0.911691747974,0.907266664492
p90_minus_mean,Both,all,110.440156336,1,1147.65632195,0.911857119233,0.907454879032
p90_minus_mean,Both,all,110.80652712,1,1768.10342584,0.912022490491,0.907744846304
p90_minus_mean,Both,all,110.918495047,1,1176.1271496,0.91218786175,0.907937730032
p90_minus_mean,Both,all,110.947483829,1,132.998056911,0.912353233008,0.907959541586
p90_minus_mean,Both,all,110.95500546,1,67.7742729728,0.912518604267,0.907970656502
p90_minus_mean,Both,all,111.152494732,1,2428.85713822,0.912683975525,0.908368986751
p90_minus_mean,Both,all,111.177903415,1,3493.68129256,0.912849346784,0.908941947144
p90_minus_mean,Both,all,111.331277043,1,1989.92203987,0.913014718042,0.909268292456
p90_minus_mean,Both,all,111.574320001,1,1573.34219107,0.9131800893,0.909526319072
p90_minus_mean,Both,all,111.607820279,1,2733.40343901,0.913345460559,0.909974594623
p90_minus_mean,Both,all,111.636864539,1,254.119278975,0.913510831817,0.910016269942
p90_minus_mean,Both,all,111.722266957,1,646.190965879,0.913676203076,0.910122244643
p90_minus_mean,Both,all,111.727933581,1,6.52626651125,0.913841574334,0.910123314944
p90_minus_mean,Both,all,111.741275819,1,1359.62852837,0.914006945593,0.910346292723
p90_minus_mean,Both,all,111.747223162,1,4.73754039438,0.914172316851,0.910347069675
p90_minus_mean,Both,all,111.945259889,1,12.1098349151,0.91433768811,0.910349055677
p90_minus_mean,Both,all,112.032131735,1,531.601198765,0.914503059368,0.910436237765
p90_minus_mean,Both,all,112.170142024,1,6601.35992127,0.914668430627,0.911518854482
p90_minus_mean,Both,all,112.21329675,1,2697.13742712,0.914833801885,0.911961182442
p90_minus_mean,Both,all,112.302069132,1,8.85831029908,0.914999173144,0.911962635197
p90_minus_mean,Both,all,112.312798344,1,927.198319288,0.915164544402,0.912114694835
p90_minus_mean,Both,all,112.320274357,1,2347.4882674,0.915329915661,0.912499680667
p90_minus_mean,Both,all,112.357014181,1,1641.4058161,0.915495286919,0.912768869652
p90_minus_mean,Both,all,112.444342658,1,507.944137516,0.915660658178,0.912852172005
p90_minus_mean,Both,all,112.485902945,1,3434.07748758,0.915826029436,0.91341535743
p90_minus_mean,Both,all,112.571082018,1,678.777916337,0.915991400695,0.91352667636
p90_minus_mean,Both,all,112.59285721,1,4220.05119335,0.916156771953,0.914218760722
p90_minus_mean,Both,all,112.663455109,1,238.948526778,0.916322143212,0.914257948052
p90_minus_mean,Both,all,112.668068825,1,855.351700663,0.91648751447,0.914398224913
p90_minus_mean,Both,all,112.985699314,1,587.422555737,0.916652885728,0.91449456165
p90_minus_mean,Both,all,113.063642208,1,2398.69125457,0.916818256987,0.914887944723
p90_minus_mean,Both,all,113.222668384,1,2411.19556617,0.916983628245,0.915283378491
p90_minus_mean,Both,all,113.251313511,1,6.32116758424,0.917148999504,0.915284415157
p90_minus_mean,Both,all,113.309379829,1,1879.40818918,0.917314370762,0.915592636304
p90_minus_mean,Both,all,113.424395111,1,731.615643983,0.917479742021,0.91571262057
p90_minus_mean,Both,all,113.425365056,1,897.539228834,0.917645113279,0.915859816145
p90_minus_mean,Both,all,113.433693217,1,751.043280984,0.917810484538,0.915982986526
p90_minus_mean,Both,all,113.474671657,1,170,0.917975855796,0.916010866363
p90_minus_mean,Both,all,113.490963767,1,268.563095712,0.918141227055,0.916054910454
p90_minus_mean,Both,all,113.721500046,1,262.439347919,0.918306598313,0.916097950256
p90_minus_mean,Both,all,113.724676429,1,925.666192441,0.918471969572,0.916249758627
p90_minus_mean,Both,all,113.981291562,1,3498.77065586,0.91863734083,0.91682355367
p90_minus_mean,Both,all,114.202915294,1,517.083380236,0.918802712089,0.91690835485
p90_minus_mean,Both,all,114.277039732,1,136.582724726,0.918968083347,0.916930754287
p90_minus_mean,Both,all,114.302835542,1,582.181993301,0.919133454606,0.917026231577
p90_minus_mean,Both,all,114.620215173,1,93.6274078815,0.919298825864,0.917041586383
p90_minus_mean,Both,all,114.675135303,1,1069.75673735,0.919464197123,0.917217025465
p90_minus_mean,Both,all,114.858453476,1,773.893527737,0.919629568381,0.917343943264
p90_minus_mean,Both,all,114.999829482,1,58.578871265,0.919794939639,0.917353550143
p90_minus_mean,Both,all,115.006676501,1,1018.85642917,0.919960310898,0.917520641623
p90_minus_mean,Both,all,115.105780208,1,3746.53378484,0.920125682156,0.918135069583
p90_minus_mean,Both,all,115.311672056,1,70.4385133034,0.920291053415,0.918146621432
p90_minus_mean,Both,all,115.440421269,1,263.014091354,0.920456424673,0.918189755491
p90_minus_mean,Both,all,115.613053433,1,23.5629587128,0.920621795932,0.918193619794
p90_minus_mean,Both,all,115.621920209,1,1834.22204703,0.92078716719,0.918494430456
p90_minus_mean,Both,all,115.784831711,1,1825.54291796,0.920952538449,0.91879381775
p90_minus_mean,Both,all,115.954358431,1,1738.72471664,0.921117909707,0.919078966941
p90_minus_mean,Both,all,115.977799443,1,143.918609622,0.921283280966,0.919102569456
p90_minus_mean,Both,all,116.101739168,1,84.3687917832,0.921448652224,0.919116405857
p90_minus_mean,Both,all,116.188929101,1,2926.84306172,0.921614023483,0.919596405322
p90_minus_mean,Both,all,116.205965497,1,840.375710667,0.921779394741,0.919734226135
p90_minus_mean,Both,all,116.374403311,1,46.0558098452,0.921944766,0.919741779244
p90_minus_mean,Both,all,116.451420823,1,48.096832434,0.922110137258,0.919749667078
p90_minus_mean,Both,all,116.552735795,1,1741.4875559,0.922275508517,0.920035269373
p90_minus_mean,Both,all,116.563287403,1,117.832056074,0.922440879775,0.920054593717
p90_minus_mean,Both,all,116.57049571,1,2634.33927273,0.922606251034,0.92048662284
p90_minus_mean,Both,all,116.667855755,1,1440.84920225,0.922771622292,0.920722920732
p90_minus_mean,Both,all,116.733540758,1,3045.25575602,0.922936993551,0.921222339765
p90_minus_mean,Both,all,116.772692986,1,1119.83360249,0.923102364809,0.921405991405
p90_minus_mean,Both,all,116.903835695,1,810.823452842,0.923267736067,0.921538965677
p90_minus_mean,Both,all,116.921008744,1,90.7438763313,0.923433107326,0.921553847586
p90_minus_mean,Both,all,117.14497683,1,2757.62605685,0.923598478584,0.922006095623
p90_minus_mean,Both,all,117.149428474,1,163.503923762,0.923763849843,0.92203291011
p90_minus_mean,Both,all,117.183597891,1,15.0596133689,0.923929221101,0.922035379872
p90_minus_mean,Both,all,117.213332417,1,4179.21372385,0.92409459236,0.922720766928
p90_minus_mean,Both,all,117.215839616,1,1622.03622886,0.924259963618,0.92298677932
p90_minus_mean,Both,all,117.226540752,1,3173.31315917,0.924425334877,0.923507199644
p90_minus_mean,Both,all,117.328960704,1,3800.12726518,0.924590706135,0.924130416883
p90_minus_mean,Both,all,117.360600326,1,2785.0423914,0.924756077394,0.924587161174
p90_minus_mean,Both,all,117.384435721,1,1539.58814685,0.924921448652,0.924839652158
p90_minus_mean,Both,all,117.420804604,1,21.8209113058,0.925086819911,0.924843230767
p90_minus_mean,Both,all,117.426922756,1,1910.69911189,0.925252191169,0.925156583595
p90_minus_mean,Both,all,117.558699361,1,1035.56470706,0.925417562428,0.925326415217
p90_minus_mean,Both,all,117.685372487,1,3491.35373499,0.925582933686,0.925898993892
p90_minus_mean,Both,all,117.810751852,1,1.48764260014,0.925748304945,0.925899237864
p90_minus_mean,Both,all,117.892696555,1,35.1794311553,0.925913676203,0.925905007257
p90_minus_mean,Both,all,118.026066931,1,8.85033382887,0.926079047462,0.925906458703
p90_minus_mean,Both,all,118.101742407,1,14.1767986586,0.92624441872,0.925908783685
p90_minus_mean,Both,all,118.120597217,1,865.103262605,0.926409789979,0.926050659793
p90_minus_mean,Both,all,118.244265505,1,1292.07395321,0.926575161237,0.926262558686
p90_minus_mean,Both,all,118.270735662,1,963.126685336,0.926740532495,0.926420510542
p90_minus_mean,Both,all,118.322339986,1,133.976495535,0.926905903754,0.926442482559
p90_minus_mean,Both,all,118.340062446,1,42.6928270986,0.927071275012,0.926449484142
p90_minus_mean,Both,all,118.389874391,1,1945.53255283,0.927236646271,0.926768549621
p90_minus_mean,Both,all,118.410893941,1,2403.63556588,0.927402017529,0.927162743556
p90_minus_mean,Both,all,118.562028425,1,323.562126028,0.927567388788,0.927215807436
p90_minus_mean,Both,all,118.567607496,1,7.2683406587,0.927732760046,0.927216999437
p90_minus_mean,Both,all,118.646634273,1,2468.8078773,0.927898131305,0.927621881569
p90_minus_mean,Both,all,118.700550253,1,9.11310492926,0.928063502563,0.927623376109
p90_minus_mean,Both,all,118.710018775,1,1040.20028362,0.928228873822,0.927793967961
p90_minus_mean,Both,all,118.72906547,1,2203.3671677,0.92839424508,0.928155318071
p90_minus_mean,Both,all,118.795823108,1,3406.36414117,0.928559616339,0.928713958534
p90_minus_mean,Both,all,118.850506158,1,3310.77495686,0.928724987597,0.929256922462
p90_minus_mean,Both,all,118.852539186,1,2762.26377407,0.928890358856,0.929709931081
p90_minus_mean,Both,all,118.85650977,1,2189.18734676,0.929055730114,0.930068955713
p90_minus_mean,Both,all,118.898966435,1,450.022681544,0.929221101373,0.930142759003
p90_minus_mean,Both,all,119.107102505,1,3511.95328196,0.929386472631,0.930718715984
p90_minus_mean,Both,all,119.205951711,1,1327.42255223,0.92955184389,0.930936412014
p90_minus_mean,Both,all,119.338626035,1,1016.80284788,0.929717215148,0.931103166709
p90_minus_mean,Both,all,119.543335738,1,33.398198208,0.929882586406,0.931108643982
p90_minus_mean,Both,all,119.649489372,1,99.7975403561,0.930047957665,0.931125010683
p90_minus_mean,Both,all,119.654813682,1,53.5859921609,0.930213328923,0.931133798734
p90_minus_mean,Both,all,119.940628198,1,1469.85207136,0.930378700182,0.931374853069
p90_minus_mean,Both,all,120.067097168,1,1584.80875998,0.93054407144,0.931634760191
p90_minus_mean,Both,all,120.088487112,1,2291.90217482,0.930709442699,0.932010629957
p90_minus_mean,Both,all,120.094677377,1,1694.07279082,0.930874813957,0.932288456275
p90_minus_mean,Both,all,120.112174761,1,5.69109127646,0.931040185216,0.932289389609
p90_minus_mean,Both,all,120.285820023,1,1480.81763062,0.931205556474,0.932532242285
p90_minus_mean,Both,all,120.295303658,1,337.188301888,0.931370927733,0.932587540844
p90_minus_mean,Both,all,120.357938717,1,32.6696222697,0.931536298991,0.932592898631
p90_minus_mean,Both,all,120.633616368,1,3434.18713579,0.93170167025,0.933156102038
p90_minus_mean,Both,all,120.77568189,1,133.143545113,0.931867041508,0.933177937453
p90_minus_mean,Both,all,120.8724492,1,8.93410145229,0.932032412767,0.933179402637
p90_minus_mean,Both,all,120.933274012,1,13.4262598387,0.932197784025,0.93318160453
p90_minus_mean,Both,all,121.122009794,1,1220.87154283,0.932363155284,0.933381826296
p90_minus_mean,Both,all,121.142959107,1,3099.05142734,0.932528526542,0.933890067768
p90_minus_mean,Both,all,121.208590208,1,7.00461582346,0.932693897801,0.933891216519
p90_minus_mean,Both,all,121.257295564,1,826.511035581,0.932859269059,0.934026763538
p90_minus_mean,Both,all,121.292308457,1,2418.93298366,0.933024640318,0.934423466236
p90_minus_mean,Both,all,121.313639156,1,22.9461931967,0.933190011576,0.934427229389
p90_minus_mean,Both,all,121.326416971,1,2418.85178078,0.933355382834,0.934823918769
p90_minus_mean,Both,all,121.3637777,1,1390.81937991,0.933520754093,0.935052011818
p90_minus_mean,Both,all,121.474966708,1,102.024946197,0.933686125351,0.935068743812
p90_minus_mean,Both,all,121.611716676,1,2330.10809004,0.93385149661,0.935450879311
p90_minus_mean,Both,all,121.662896913,1,402.504279139,0.934016867868,0.935516889628
p90_minus_mean,Both,all,122.0246262,1,409.864307295,0.934182239127,0.935584106983
p90_minus_mean,Both,all,122.217384883,1,3691.63783565,0.934347610385,0.936189532059
p90_minus_mean,Both,all,122.338111071,1,3084.29257936,0.934512981644,0.936695353094
p90_minus_mean,Both,all,122.409333795,1,50.433707344,0.934678352902,0.936703624174
p90_minus_mean,Both,all,122.473016067,1,3.29589791473,0.934843724161,0.936704164698
p90_minus_mean,Both,all,122.535308277,1,2192.89628273,0.935009095419,0.937063797592
p90_minus_mean,Both,all,122.632825693,1,4618.71758668,0.935174466678,0.937821262862
p90_minus_mean,Both,all,122.778151936,1,693.27455668,0.935339837936,0.937934959226
p90_minus_mean,Both,all,122.862915113,1,1015.27348776,0.935505209195,0.938101463108
p90_minus_mean,Both,all,123.051232934,1,37.3467528496,0.935670580453,0.93810758794
p90_minus_mean,Both,all,123.22514966,1,2278.30380718,0.935835951712,0.938481227586
p90_minus_mean,Both,all,123.420508478,1,866.271233206,0.93600132297,0.938623295241
p90_minus_mean,Both,all,123.522902533,1,1742.13939382,0.936166694229,0.938909004436
p90_minus_mean,Both,all,123.628263797,1,2631.36769432,0.936332065487,0.939340546223
p90_minus_mean,Both,all,123.823491555,1,120,0.936497436745,0.939360226108
p90_minus_mean,Both,all,124.082898355,1,930.333363114,0.936662808004,0.93951279989
p90_minus_mean,Both,all,124.121959981,1,6.13263211247,0.936828179262,0.939513805636
p90_minus_mean,Both,all,124.230935129,1,1525.60505271,0.936993550521,0.939764003406
p90_minus_mean,Both,all,124.544749119,1,124.730444177,0.937158921779,0.93978445908
p90_minus_mean,Both,all,124.558990676,1,944.83063643,0.937324293038,0.939939410401
p90_minus_mean,Both,all,124.652291645,1,2653.18085078,0.937489664296,0.940374529525
p90_minus_mean,Both,all,124.905549773,1,334.550819068,0.937655035555,0.940429395539
p90_minus_mean,Both,all,124.966826961,1,449.426798782,0.937820406813,0.940503101105
p90_minus_mean,Both,all,125.157552244,1,2989.12675361,0.937985778072,0.940993315035
p90_minus_mean,Both,all,125.209146441,1,1823.12772543,0.93815114933,0.941292306239
p90_minus_mean,Both,all,125.467100368,1,2524.54484872,0.938316520589,0.941706329181
p90_minus_mean,Both,all,125.528139017,1,3854.12187941,0.938481891847,0.942338401486
p90_minus_mean,Both,all,125.652775549,1,4195.02457156,0.938647263106,0.943026381506
p90_minus_mean,Both,all,125.677007182,1,4578.74438219,0.938812634364,0.943777291208
p90_minus_mean,Both,all,125.929112123,1,3238.32433112,0.938978005623,0.944308373303
p90_minus_mean,Both,all,125.931978996,1,1690.40682334,0.939143376881,0.944585598406
p90_minus_mean,Both,all,126.028774763,1,620.95467133,0.93930874814,0.944687434378
p90_minus_mean,Both,all,126.042400221,1,1894.602869,0.939474119398,0.944998147438
p90_minus_mean,Both,all,126.106121384,1,2607.18103301,0.939639490657,0.945425722635
p90_minus_mean,Both,all,126.109421841,1,91.2693549464,0.939804861915,0.945440690722
p90_minus_mean,Both,all,126.188340059,1,422.714368912,0.939970233173,0.945510015475
p90_minus_mean,Both,all,126.195828877,1,331.907647122,0.940135604432,0.945564448011
p90_minus_mean,Both,all,126.308356292,1,426.461733682,0.94030097569,0.945634387328
p90_minus_mean,Both,all,126.518930241,1,16.9291327299,0.940466346949,0.94563716369
p90_minus_mean,Both,all,126.638053309,1,5.06227801411,0.940631718207,0.945637993899
p90_minus_mean,Both,all,126.693827626,1,2036.81450659,0.940797089466,0.945972029531
p90_minus_mean,Both,all,126.74494502,1,487.592562567,0.940962460724,0.946051994245
p90_minus_mean,Both,all,126.86564504,1,1027.44895462,0.941127831983,0.946220494891
p90_minus_mean,Both,all,126.932862536,1,2787.11671239,0.941293203241,0.946677579368
p90_minus_mean,Both,all,127.058061424,1,98.3980698416,0.9414585745,0.946693716557
p90_minus_mean,Both,all,127.101872195,1,1810.65755482,0.941623945758,0.946990662666
p90_minus_mean,Both,all,127.506809766,1,436.891538979,0.941789317017,0.947062312461
p90_minus_mean,Both,all,127.561092591,1,7.04187543341,0.941954688275,0.947063467321
p90_minus_mean,Both,all,127.687350713,1,2910.01091588,0.942120059534,0.94754070633
p90_minus_mean,Both,all,127.764364616,1,1571.41629837,0.942285430792,0.947798417101
p90_minus_mean,Both,all,128.040111186,1,732.96390563,0.942450802051,0.947918622481
p90_minus_mean,Both,all,128.333163126,1,2036.49061832,0.942616173309,0.948252604996
p90_minus_mean,Both,all,128.358101968,1,3469.67402822,0.942781544568,0.94882162822
p90_minus_mean,Both,all,128.486950827,1,1487.186191,0.942946915826,0.949065525334
p90_minus_mean,Both,all,128.580765126,1,738.314456372,0.943112287085,0.949186608199
p90_minus_mean,Both,all,128.665426906,1,138.883886325,0.943277658343,0.949209385023
p90_minus_mean,Both,all,128.759911182,1,519.755089757,0.943443029601,0.949294624361
p90_minus_mean,Both,all,128.871000614,1,3375.52240964,0.94360840086,0.94984820681
p90_minus_mean,Both,all,128.8819744,1,1113.87357733,0.943773772118,0.950030881012
p90_minus_mean,Both,all,128.965500571,1,105.748218313,0.943939143377,0.950048223619
p90_minus_mean,Both,all,129.078997931,1,727.809470605,0.944104514635,0.950167583676
p90_minus_mean,Both,all,129.081587729,1,2276.8616432,0.944269885894,0.950540986809
p90_minus_mean,Both,all,129.297658363,1,12.0001759829,0.944435257152,0.950542954827
p90_minus_mean,Both,all,129.379143638,1,3891.84705394,0.944600628411,0.951181214023
p90_minus_mean,Both,all,129.434203785,1,963.900377983,0.944765999669,0.951339292764
p90_minus_mean,Both,all,129.536019394,1,2571.25438285,0.944931370928,0.951760976025
p90_minus_mean,Both,all,129.67488709,1,246.568256931,0.945096742186,0.951801412983
p90_minus_mean,Both,all,129.78325676,1,3100.59454899,0.945262113445,0.952309907526
p90_minus_mean,Both,all,129.799491087,1,2406.87660895,0.945427484703,0.952704632989
p90_minus_mean,Both,all,130.134843486,1,40.643084233,0.945592855962,0.952711298416
p90_minus_mean,Both,all,130.138696652,1,650.437582188,0.94575822722,0.952817969558
p90_minus_mean,Both,all,130.303000787,1,77.3212703775,0.945923598479,0.952830650172
p90_minus_mean,Both,all,130.421831216,1,1580.92642408,0.946088969737,0.953089920595
p90_minus_mean,Both,all,130.595818061,1,2230.93716889,0.946254340996,0.953455792158
p90_minus_mean,Both,all,130.749589154,1,125.836436147,0.946419712254,0.953476429213
p90_minus_mean,Both,all,130.91220509,1,162.364729501,0.946585083512,0.953503056873
p90_minus_mean,Both,all,130.94070061,1,390.292170095,0.946750454771,0.953567064416
p90_minus_mean,Both,all,130.984059607,1,33.3836248331,0.946915826029,0.953572539299
p90_minus_mean,Both,all,131.073509427,1,2013.99342349,0.947081197288,0.953902832295
p90_minus_mean,Both,all,131.076293678,1,2354.52575166,0.947246568546,0.954288972268
p90_minus_mean,Both,all,131.166467133,1,1680.56718563,0.947411939805,0.95456458368
p90_minus_mean,Both,all,131.193178618,1,3926.30438392,0.947577311063,0.955208493846
p90_minus_mean,Both,all,131.909799509,1,3604.8828235,0.947742682322,0.955799691183
p90_minus_mean,Both,all,131.981024748,1,722.57442376,0.94790805358,0.955918192698
p90_minus_mean,Both,all,132.078702988,1,5.79991500651,0.948073424839,0.955919143879
p90_minus_mean,Both,all,132.097711387,1,983.844231916,0.948238796097,0.956080493392
p90_minus_mean,Both,all,132.536646774,1,2493.64039069,0.948404167356,0.956489448033
p90_minus_mean,Both,all,132.576819536,1,228.71916951,0.948569538614,0.956526957758
p90_minus_mean,Both,all,132.9868965,1,573.957654422,0.948734909873,0.956621086265
p90_minus_mean,Both,all,133.03996523,1,4519.72298481,0.948900281131,0.957362316514
p90_minus_mean,Both,all,133.046534021,1,889.413856258,0.94906565239,0.957508179536
p90_minus_mean,Both,all,133.054274797,1,1243.16315459,0.949231023648,0.957712057105
p90_minus_mean,Both,all,133.603616856,1,477.940214252,0.949396394907,0.957790438844
p90_minus_mean,Both,all,133.612498148,1,430.687577248,0.949561766165,0.957861071195
p90_minus_mean,Both,all,133.645230426,1,3039.83142437,0.949727137424,0.958359600642
p90_minus_mean,Both,all,134.12924939,1,150.164463439,0.949892508682,0.958384227471
p90_minus_mean,Both,all,134.237440562,1,2448.04882763,0.95005787994,0.958785705139
p90_minus_mean,Both,all,134.243993139,1,1418.26490663,0.950223251199,0.959018299228
p90_minus_mean,Both,all,134.766488185,1,2196.2371255,0.950388622457,0.959378480017
p90_minus_mean,Both,all,134.919925296,1,127.007950889,0.950553993716,0.9593993092
p90_minus_mean,Both,all,135.110558311,1,3511.19597712,0.950719364974,0.959975141984
p90_minus_mean,Both,all,135.277561755,1,640.415300404,0.950884736233,0.960080169481
p90_minus_mean,Both,all,135.278288752,1,2318.89199574,0.951050107491,0.960460465551
p90_minus_mean,Both,all,135.421820522,1,863.143032953,0.95121547875,0.960602020184
p90_minus_mean,Both,all,135.50586659,1,3.79695583876,0.951380850008,0.960602642881
p90_minus_mean,Both,all,135.53018787,1,3358.56843791,0.951546221267,0.961153444894
p90_minus_mean,Both,all,135.854469976,1,284.112202186,0.951711592525,0.961200039024
p90_minus_mean,Both,all,135.901349135,1,550.672955593,0.951876963784,0.961290348862
p90_minus_mean,Both,all,135.99617405,1,3515.65652535,0.952042335042,0.961866913172
p90_minus_mean,Both,all,136.052936898,1,45.8215702676,0.952207706301,0.961874427866
p90_minus_mean,Both,all,136.213904587,1,2361.94790048,0.952373077559,0.962261785064
p90_minus_mean,Both,all,136.219869612,1,394.672953264,0.952538448818,0.962326511051
p90_minus_mean,Both,all,136.374748817,1,3217.63022675,0.952703820076,0.962854199333
p90_minus_mean,Both,all,136.416717393,1,2447.45412591,0.952869191335,0.96325557947
p90_minus_mean,Both,all,136.44099389,1,1074.15832352,0.953034562593,0.963431740408
p90_minus_mean,Both,all,136.654622295,1,956.767662602,0.953199933851,0.96358864939
p90_minus_mean,Both,all,136.971959058,1,58.8755419738,0.95336530511,0.963598304923
p90_minus_mean,Both,all,137.148097969,1,24.1324477017,0.953530676368,0.963602262621
p90_minus_mean,Both,all,137.345693739,1,2907.1278538,0.953696047627,0.96407902881
p90_minus_mean,Both,all,137.456602909,1,15.5958138549,0.953861418885,0.964081586509
p90_minus_mean,Both,all,137.458416557,1,152.763154098,0.954026790144,0.96410663952
p90_minus_mean,Both,all,137.753451484,1,1040.95614556,0.954192161402,0.964277355333
p90_minus_mean,Both,all,137.782988539,1,42.1137287803,0.954357532661,0.964284261944
p90_minus_mean,Both,all,138.065493978,1,319.926354742,0.954522903919,0.964336729561
p90_minus_mean,Both,all,138.435388313,1,248.728224563,0.954688275178,0.964377520752
p90_minus_mean,Both,all,138.765409729,1,163.025620777,0.954853646436,0.964404256798
p90_minus_mean,Both,all,139.047849472,1,510.342436368,0.955019017695,0.96448795247
p90_minus_mean,Both,all,139.106075088,1,3023.23502883,0.955184388953,0.964983760124
p90_minus_mean,Both,all,139.38433705,1,3295.5878872,0.955349760212,0.965524233388
p90_minus_mean,Both,all,139.425534053,1,3282.94185762,0.95551513147,0.966062632714
p90_minus_mean,Both,all,139.513521375,1,471.085647005,0.955680502729,0.96613989031
p90_minus_mean,Both,all,139.680555768,1,3293.4458528,0.955845873987,0.966680012282
p90_minus_mean,Both,all,139.791548194,1,41.5147063721,0.956011245246,0.966686820654
p90_minus_mean,Both,all,139.851198917,1,14.9151315547,0.956176616504,0.966689266722
p90_minus_mean,Both,all,139.914271985,1,208.480736043,0.956341987763,0.966723457363
p90_minus_mean,Both,all,140.582814939,1,3968.3393071,0.956507359021,0.967374261216
p90_minus_mean,Both,all,140.718992797,1,429.57172235,0.956672730279,0.967444710568
p90_minus_mean,Both,all,140.767781858,1,4874.92854223,0.956838101538,0.968244194189
p90_minus_mean,Both,all,140.909683335,1,70.7610812188,0.957003472796,0.968255798939
p90_minus_mean,Both,all,141.096724533,1,797.960729667,0.957168844055,0.968386663736
p90_minus_mean,Both,all,141.479163075,1,1954.71258187,0.957334215313,0.968707234731
p90_minus_mean,Both,all,141.738464997,1,157.727516429,0.957499586572,0.968733101893
p90_minus_mean,Both,all,141.894699068,1,12.8234582099,0.95766495783,0.968735204928
p90_minus_mean,Both,all,142.157539979,1,1765.23381109,0.957830329089,0.969024701585
p90_minus_mean,Both,all,142.253169943,1,2721.65024057,0.957995700347,0.969471049623
p90_minus_mean,Both,all,142.658824258,1,1328.55021017,0.958161071606,0.969688930588
p90_minus_mean,Both,all,143.536539599,1,151.267483265,0.958326442864,0.969713738311
p90_minus_mean,Both,all,143.656533607,1,15.6505770683,0.958491814123,0.96971630499
p90_minus_mean,Both,all,143.718152256,1,172.410549375,0.958657185381,0.969744580156
p90_minus_mean,Both,all,143.960277663,1,2744.99214374,0.95882255664,0.970194756243
p90_minus_mean,Both,all,144.157107528,1,860.580903628,0.958987927898,0.970335890689
p90_minus_mean,Both,all,144.318916795,1,33.7730595152,0.959153299157,0.970341429438
p90_minus_mean,Both,all,144.380820842,1,3377.26739403,0.959318670415,0.970895298063
p90_minus_mean,Both,all,145.594037141,1,2037.76557272,0.959484041674,0.971229489669
p90_minus_mean,Both,all,146.220554145,1,54.1228272051,0.959649412932,0.971238365761
p90_minus_mean,Both,all,146.272449307,1,122.94087351,0.959814784191,0.971258527947
p90_minus_mean,Both,all,147.184800842,1,7.4068411437,0.959980155449,0.971259742661
p90_minus_mean,Both,all,147.378487675,1,1677.30223896,0.960145526707,0.971534818625
p90_minus_mean,Both,all,147.495592512,1,4279.37757288,0.960310897966,0.972236632457
p90_minus_mean,Both,all,147.933236426,1,409.156154982,0.960476269224,0.972303733675
p90_minus_mean,Both,all,148.070969157,1,52.8662757764,0.960641640483,0.972312403694
p90_minus_mean,Both,all,148.362530262,1,26.1206496324,0.960807011741,0.972316687455
p90_minus_mean,Both,all,148.727056898,1,1785.22527252,0.960972383,0.972609462694
p90_minus_mean,Both,all,149.025864364,1,24.5343413724,0.961137754258,0.972613486302
p90_minus_mean,Both,all,149.284166178,1,140.767513015,0.961303125517,0.97263657204
p90_minus_mean,Both,all,149.737060772,1,2694.88370306,0.961468496775,0.973078530391
p90_minus_mean,Both,all,150.430739069,1,1929.98842028,0.961633868034,0.973395046647
p90_minus_mean,Both,all,150.888799303,1,315.613678244,0.961799239292,0.973446806989
p90_minus_mean,Both,all,151.469742475,1,1041.40848843,0.961964610551,0.973617596986
p90_minus_mean,Both,all,151.65440582,1,66.6390470135,0.962129981809,0.973628525726
p90_minus_mean,Both,all,152.226089639,1,184.154863462,0.962295353068,0.973658726947
p90_minus_mean,Both,all,152.243244369,1,695.016009204,0.962460724326,0.973772708908
p90_minus_mean,Both,all,152.497624384,1,22.7555524961,0.962626095585,0.973776440797
p90_minus_mean,Both,all,152.519284732,1,161.712254605,0.962791466843,0.973802961452
p90_minus_mean,Both,all,152.732807791,1,520.016349821,0.962956838102,0.973888243637
p90_minus_mean,Both,all,153.409921142,1,45.9771812258,0.96312220936,0.97389578385
p90_minus_mean,Both,all,153.624224864,1,836.25358443,0.963287580618,0.974032928639
p90_minus_mean,Both,all,154.016664095,1,468.655770319,0.963452951877,0.974109787737
p90_minus_mean,Both,all,154.233240157,1,3.25934026654,0.963618323135,0.974110322266
p90_minus_mean,Both,all,154.24597449,1,875.534720873,0.963783694394,0.974253909123
p90_minus_mean,Both,all,154.273016968,1,288.093412095,0.963949065652,0.974301156168
p90_minus_mean,Both,all,154.336955425,1,2915.17066364,0.964114436911,0.97477924137
p90_minus_mean,Both,all,154.374432859,1,2412.10680076,0.964279808169,0.97517482458
p90_minus_mean,Both,all,154.386716349,1,698.465427413,0.964445179428,0.975289372242
p90_minus_mean,Both,all,155.262432312,1,242.860437732,0.964610550686,0.975329201122
p90_minus_mean,Both,all,155.36365083,1,1573.13785527,0.964775921945,0.975587194226
p90_minus_mean,Both,all,155.872744479,1,704.229987196,0.964941293203,0.975702687271
p90_minus_mean,Both,all,155.883345156,1,34.8727742516,0.965106664462,0.975708406373
p90_minus_mean,Both,all,156.626664735,1,2232.9425478,0.96527203572,0.976074606816
p90_minus_mean,Both,all,156.72881778,1,744.035126264,0.965437406979,0.976196627866
p90_minus_mean,Both,all,156.790859757,1,2200.01136349,0.965602778237,0.976557427626
p90_minus_mean,Both,all,156.947003016,1,890.629067408,0.965768149496,0.976703489942
p90_minus_mean,Both,all,157.247223404,1,208.385228256,0.965933520754,0.97673766492
p90_minus_mean,Both,all,157.282258251,1,349.781401279,0.966098892013,0.976795028736
p90_minus_mean,Both,all,157.614017165,1,50.6533478814,0.966264263271,0.976803335836
p90_minus_mean,Both,all,157.686607684,1,371.997963072,0.96642963453,0.976864343147
p90_minus_mean,Both,all,158.248302397,1,4050.10062184,0.966595005788,0.977528555777
p90_minus_mean,Both,all,158.970917011,1,287.472225351,0.966760377046,0.977575700948
p90_minus_mean,Both,all,159.164292265,1,3680.58528125,0.966925748305,0.978179313416
p90_minus_mean,Both,all,159.204319003,1,29.7201074893,0.967091119563,0.978184187485
p90_minus_mean,Both,all,159.830129502,1,1409.80989541,0.967256490822,0.97841539496
p90_minus_mean,Both,all,159.977254512,1,4151.66820748,0.96742186208,0.979096264578
p90_minus_mean,Both,all,160.534308246,1,3311.14092939,0.967587233339,0.979639288525
p90_minus_mean,Both,all,160.87401478,1,20.0479793319,0.967752604597,0.979642576375
p90_minus_mean,Both,all,161.557795006,1,1650.365007,0.967917975856,0.979913234658
p90_minus_mean,Both,all,161.606470693,1,103.387407482,0.968083347114,0.979930190094
p90_minus_mean,Both,all,161.687488519,1,1469.90077688,0.968248718373,0.980171252417
p90_minus_mean,Both,all,161.950259153,1,1304.36614865,0.968414089631,0.980385167218
p90_minus_mean,Both,all,162.054714359,1,2090.7699484,0.96857946089,0.980728051491
p90_minus_mean,Both,all,162.510719978,1,31.6215762213,0.968744832148,0.9807332374
p90_minus_mean,Both,all,162.78079852,1,65.7006025665,0.968910203407,0.980744012236
p90_minus_mean,Both,all,163.062812629,1,37.4696155326,0.969075574665,0.980750157217
p90_minus_mean,Both,all,163.13862278,1,575.840062614,0.969240945924,0.980844594437
p90_minus_mean,Both,all,163.404406441,1,853.141822117,0.969406317182,0.98098450888
p90_minus_mean,Both,all,163.794980511,1,1387.22121851,0.969571688441,0.981212011834
p90_minus_mean,Both,all,164.717546441,1,479.842737406,0.969737059699,0.981290705584
p90_minus_mean,Both,all,164.836166244,1,8.1222646915,0.969902430957,0.981292037628
p90_minus_mean,Both,all,164.888124268,1,1479.58881531,0.970067802216,0.981534688779
p90_minus_mean,Both,all,165.057675408,1,2759.32523733,0.970233173474,0.981987215481
p90_minus_mean,Both,all,165.481865277,1,100.041229614,0.970398544733,0.982003622147
p90_minus_mean,Both,all,166.255991731,1,1622.54111533,0.970563915991,0.982269717339
p90_minus_mean,Both,all,166.917605828,1,733.915263104,0.97072928725,0.98239007874
p90_minus_mean,Both,all,166.990948285,1,78.5218969363,0.970894658508,0.982402956256
p90_minus_mean,Both,all,167.398357202,1,117.078942492,0.971060029767,0.982422157091
p90_minus_mean,Both,all,167.807176533,1,24.5654262231,0.971225401025,0.982426185797
p90_minus_mean,Both,all,168.130366875,1,48.1290199885,0.971390772284,0.982434078911
p90_minus_mean,Both,all,168.306042198,1,1407.11692934,0.971556143542,0.982664844742
p90_minus_mean,Both,all,168.707256528,1,939.489018649,0.971721514801,0.982818920043
p90_minus_mean,Both,all,168.816494877,1,1207.95152179,0.971886886059,0.983017022938
p90_minus_mean,Both,all,168.92094057,1,1001.154918,0.972052257318,0.983181211388
p90_minus_mean,Both,all,169.454678038,1,16.9153215048,0.972217628576,0.983183985484
p90_minus_mean,Both,all,170.04481415,1,819.609747317,0.972382999835,0.983318400699
p90_minus_mean,Both,all,170.156346612,1,77.7418950299,0.972548371093,0.983331150296
p90_minus_mean,Both,all,170.351220805,1,221.26176977,0.972713742352,0.983367437014
p90_minus_mean,Both,all,170.804844739,1,1512.42844846,0.97287911361,0.983615473834
p90_minus_mean,Both,all,171.030187023,1,2691.25260274,0.973044484869,0.984056836689
p90_minus_mean,Both,all,171.29604339,1,144.388145791,0.973209856127,0.984080516207
p90_minus_mean,Both,all,171.828792207,1,1339.44449358,0.973375227385,0.984300183823
p90_minus_mean,Both,all,171.946101979,1,8.32184768314,0.973540598644,0.984301548598
p90_minus_mean,Both,all,172.102431918,1,93.7020598503,0.973705969902,0.984316915647
p90_minus_mean,Both,all,172.798599148,1,1281.23770412,0.973871341161,0.984527037405
p90_minus_mean,Both,all,173.29504638,1,1367.65169343,0.974036712419,0.984751330976
p90_minus_mean,Both,all,173.296556648,1,1803.18097959,0.974202083678,0.985047050933
p90_minus_mean,Both,all,174.384871198,1,2234.42438262,0.974367454936,0.985413494396
p90_minus_mean,Both,all,174.859990413,1,424.743198414,0.974532826195,0.985483151874
p90_minus_mean,Both,all,174.951829669,1,4.95913462921,0.974698197453,0.985483965168
p90_minus_mean,Both,all,175.046586209,1,1822.31303188,0.974863568712,0.985782822763
p90_minus_mean,Both,all,175.493623551,1,31.2508708367,0.97502893997,0.985787947876
p90_minus_mean,Both,all,176.579502598,1,387.298283484,0.975194311229,0.985851464424
p90_minus_mean,Both,all,176.586023464,1,3801.99415642,0.975359682487,0.986474987832
p90_minus_mean,Both,all,177.649912506,1,916.216372593,0.975525053746,0.986625246441
p90_minus_mean,Both,all,178.498733728,1,777.188747227,0.975690425004,0.986752704653
p90_minus_mean,Both,all,178.776991313,1,46.6587943803,0.975855796263,0.986760356651
p90_minus_mean,Both,all,179.041912682,1,72.2980664955,0.976021167521,0.986772213464
p90_minus_mean,Both,all,179.592678093,1,183.126456291,0.97618653878,0.986802246028
p90_minus_mean,Both,all,179.917149207,1,178.737715709,0.976351910038,0.986831558843
p90_minus_mean,Both,all,180.565274719,1,3532.69814895,0.976517281297,0.987410917962
p90_minus_mean,Both,all,180.596917192,1,330.958217186,0.976682652555,0.987465194794
p90_minus_mean,Both,all,181.138353038,1,15.1916104409,0.976848023813,0.987467686203
p90_minus_mean,Both,all,181.601111136,1,2343.23016804,0.977013395072,0.987851973711
p90_minus_mean,Both,all,181.626348164,1,1295.56781587,0.97717876633,0.988064445594
p90_minus_mean,Both,all,182.524686151,1,90.3459344777,0.977344137589,0.988079262241
p90_minus_mean,Both,all,182.757774457,1,24.5452447383,0.977509508847,0.988083287638
p90_minus_mean,Both,all,183.536715877,1,146.084519145,0.977674880106,0.988107245359
p90_minus_mean,Both,all,183.742997725,1,2025.28140485,0.977840251364,0.988439389574
p90_minus_mean,Both,all,183.785725849,1,633.490941488,0.978005622623,0.988543281483
p90_minus_mean,Both,all,183.835646021,1,13.2535154804,0.978170993881,0.988545455047
p90_minus_mean,Both,all,184.882331167,1,61.2885536903,0.97833636514,0.988555506311
p90_minus_mean,Both,all,184.997917119,1,120.751919741,0.978501736398,0.98857530951
p90_minus_mean,Both,all,185.820612716,1,25.3755625318,0.978667107657,0.988579471078
p90_minus_mean,Both,all,186.588904392,1,30.3986273462,0.978832478915,0.988584456424
p90_minus_mean,Both,all,187.178323886,1,4046.44490101,0.978997850174,0.98924806952
p90_minus_mean,Both,all,187.221277297,1,27.381236241,0.979163221432,0.989252560017
p90_minus_mean,Both,all,188.210362673,1,51.634880593,0.979328592691,0.989261028088
p90_minus_mean,Both,all,188.453550054,1,404.877070339,0.979493963949,0.98932742754
p90_minus_mean,Both,all,189.044719525,1,25.9877911008,0.979659335208,0.989331689513
p90_minus_mean,Both,all,189.238899303,1,220.796722474,0.979824706466,0.989367899965
p90_minus_mean,Both,all,189.612529378,1,1294.11466563,0.979990077724,0.989580133533
p90_minus_mean,Both,all,190.665620365,1,62.7238006421,0.980155448983,0.989590420176
p90_minus_mean,Both,all,190.896106412,1,20.7117730408,0.980320820241,0.989593816887
p90_minus_mean,Both,all,192.157142183,1,127.58176636,0.9804861915,0.989614740175
p90_minus_mean,Both,all,193.51496112,1,943.154596179,0.980651562758,0.989769416627
p90_minus_mean,Both,all,193.893860426,1,47.3091446987,0.980816934017,0.989777175282
p90_minus_mean,Both,all,194.574555135,1,68.8171181023,0.980982305275,0.989788461223
p90_minus_mean,Both,all,195.842909027,1,13.8217280275,0.981147676534,0.989790727973
p90_minus_mean,Both,all,195.869190232,1,76.1361921836,0.981313047792,0.989803214236
p90_minus_mean,Both,all,195.973974301,1,2430.89933319,0.981478419051,0.990201879403
p90_minus_mean,Both,all,196.840488406,1,12.8622927613,0.981643790309,0.990203988807
p90_minus_mean,Both,all,196.886168845,1,447.029044117,0.981809161568,0.990277301143
p90_minus_mean,Both,all,197.680852222,1,568.138943266,0.981974532826,0.990370475386
p90_minus_mean,Both,all,198.011884993,1,92.4677562095,0.982139904085,0.99038564001
p90_minus_mean,Both,all,198.485811083,1,2500.15340615,0.982305275343,0.990795662779
p90_minus_mean,Both,all,198.581858566,1,86.0743109259,0.982470646602,0.990809778884
p90_minus_mean,Both,all,199.390958201,1,55.4304820754,0.98263601786,0.99081886943
p90_minus_mean,Both,all,200.35699273,1,385.259313768,0.982801389119,0.990882051589
p90_minus_mean,Both,all,201.052735586,1,24.6753247943,0.982966760377,0.990886098319
p90_minus_mean,Both,all,202.211527161,1,26.3322035772,0.983132131636,0.990890416775
p90_minus_mean,Both,all,203.284442015,1,23.3968193584,0.983297502894,0.990894253831
p90_minus_mean,Both,all,203.427996296,1,6592.40187511,0.983462874152,0.991975401437
p90_minus_mean,Both,all,204.432524887,1,1303.05836709,0.983628245411,0.992189101764
p90_minus_mean,Both,all,206.577803595,1,24.2092509318,0.983793616669,0.992193072058
p90_minus_mean,Both,all,207.343397414,1,11.5945816921,0.983958987928,0.992194973558
p90_minus_mean,Both,all,207.416938623,1,1748.30541335,0.984124359186,0.992481693975
p90_minus_mean,Both,all,207.451342509,1,26.1877853114,0.984289730445,0.992485988746
p90_minus_mean,Both,all,208.413145742,1,1891.94225034,0.984455101703,0.992796265467
p90_minus_mean,Both,all,208.893670655,1,1408.94146622,0.984620472962,0.993027330521
p90_minus_mean,Both,all,209.105298313,1,40.3726816022,0.98478584422,0.993033951602
p90_minus_mean,Both,all,210.646415281,1,1664.43248941,0.984951215479,0.993306916939
p90_minus_mean,Both,all,210.909134717,1,430.406845362,0.985116586737,0.99337750325
p90_minus_mean,Both,all,211.710773363,1,27.1154878163,0.985281957996,0.993381950164
p90_minus_mean,Both,all,211.809668779,1,1469.5630017,0.985447329254,0.993622957092
p90_minus_mean,Both,all,211.832253382,1,4.21596770384,0.985612700513,0.993623648507
p90_minus_mean,Both,all,213.16952248,1,139.697895844,0.985778071771,0.993646558828
p90_minus_mean,Both,all,215.794718869,1,519.94181118,0.98594344303,0.993731828788
p90_minus_mean,Both,all,216.348602948,1,527.578321322,0.986108814288,0.993818351129
p90_minus_mean,Both,all,216.775817009,1,76.2473113259,0.986274185547,0.993830855615
p90_minus_mean,Both,all,217.73319272,1,77.6146314565,0.986439556805,0.99384358434
p90_minus_mean,Both,all,218.536420403,1,2605.20231651,0.986604928064,0.99427083503
p90_minus_mean,Both,all,219.260965501,1,1853.55912751,0.986770299322,0.994574816955
p90_minus_mean,Both,all,219.876069277,1,308.021256704,0.98693567058,0.994625332147
p90_minus_mean,Both,all,221.73590013,1,46.492518778,0.987101041839,0.994632956875
p90_minus_mean,Both,all,223.27714553,1,1051.30739733,0.987266413097,0.994805370284
p90_minus_mean,Both,all,226.302884412,1,36.3181023557,0.987431784356,0.994811326418
p90_minus_mean,Both,all,227.150849795,1,2848.42408559,0.987597155614,0.995278465245
p90_minus_mean,Both,all,228.628955047,1,13.1371598025,0.987762526873,0.995280619727
p90_minus_mean,Both,all,229.327752434,1,1644.28618919,0.987927898131,0.99555028109
p90_minus_mean,Both,all,229.388510016,1,82.4126241787,0.98809326939,0.995563796682
p90_minus_mean,Both,all,230.671561302,1,82.635140059,0.988258640648,0.995577348766
p90_minus_mean,Both,all,231.055751515,1,21.0675409603,0.988424011907,0.995580803822
p90_minus_mean,Both,all,232.95700398,1,33.5174683432,0.988589383165,0.995586300655
p90_minus_mean,Both,all,233.519963528,1,82.815811647,0.988754754424,0.995599882369
p90_minus_mean,Both,all,234.129247096,1,168.15709927,0.988920125682,0.995627459972
p90_minus_mean,Both,all,234.726144422,1,2109.90879986,0.989085496941,0.995973482999
p90_minus_mean,Both,all,235.423280362,1,17.7445992088,0.989250868199,0.995976393096
p90_minus_mean,Both,all,237.995316075,1,355.409021144,0.989416239458,0.996034679836
p90_minus_mean,Both,all,239.851495434,1,589.849399375,0.989581610716,0.996131414574
p90_minus_mean,Both,all,240.176414612,1,122.576160854,0.989746981975,0.996151516947
p90_minus_mean,Both,all,240.925476573,1,306.974628331,0.989912353233,0.996201860492
p90_minus_mean,Both,all,242.563525869,1,8.03134457208,0.990077724491,0.996203177625
p90_minus_mean,Both,all,242.90809286,1,108.917512306,0.99024309575,0.996221039993
p90_minus_mean,Both,all,242.953293869,1,86.4629991083,0.990408467008,0.996235219842
p90_minus_mean,Both,all,243.019636225,1,37.5438233062,0.990573838267,0.996241376993
p90_minus_mean,Both,all,243.166839788,1,74.6940107345,0.990739209525,0.99625362674
p90_minus_mean,Both,all,244.923621438,1,691.774626048,0.990904580784,0.996367077117
p90_minus_mean,Both,all,245.797799856,1,173.470572169,0.991069952042,0.996395526125
p90_minus_mean,Both,all,251.048520376,1,2188.38437161,0.991235323301,0.99675441907
p90_minus_mean,Both,all,251.14430661,1,11.4231686643,0.991400694559,0.996756292459
p90_minus_mean,Both,all,251.544481186,1,1805.08833796,0.991566065818,0.997052325221
p90_minus_mean,Both,all,252.574021131,1,3.74683913316,0.991731437076,0.997052939699
p90_minus_mean,Both,all,256.196375783,1,1379.82088769,0.991896808335,0.997279229006
p90_minus_mean,Both,all,256.834674417,1,1803.14101811,0.992062179593,0.997574942409
p90_minus_mean,Both,all,259.010350578,1,3020.32161181,0.992227550852,0.998070272267
p90_minus_mean,Both,all,259.457067048,1,593.197023856,0.99239292211,0.998167556012
p90_minus_mean,Both,all,260.927881819,1,64.5628786152,0.992558293369,0.998178144262
p90_minus_mean,Both,all,261.823108213,1,60.7821287361,0.992723664627,0.998188112473
p90_minus_mean,Both,all,262.073666138,1,701.488558878,0.992889035886,0.998303155926
p90_minus_mean,Both,all,264.912440925,1,1202.23475475,0.993054407144,0.998500321277
p90_minus_mean,Both,all,265.28854319,1,23.8196350276,0.993219778403,0.998504227674
p90_minus_mean,Both,all,270.677601362,1,49.7091695033,0.993385149661,0.99851237993
p90_minus_mean,Both,all,270.811430783,1,2.91384821267,0.993550520919,0.998512857799
p90_minus_mean,Both,all,279.484581869,1,11.9273470943,0.993715892178,0.998514813872
p90_minus_mean,Both,all,283.342260043,1,57.6892242542,0.993881263436,0.99852427485
p90_minus_mean,Both,all,289.414250204,1,88.5788381506,0.994046634695,0.998538801695
p90_minus_mean,Both,all,291.322998186,1,786.006441061,0.994212005953,0.998667706
p90_minus_mean,Both,all,291.711962339,1,31.6759090382,0.994377377212,0.998672900818
p90_minus_mean,Both,all,293.770779456,1,2431.12241401,0.99454274847,0.999071602571
p90_minus_mean,Both,all,304.757095717,1,29.2163929872,0.994708119729,0.999076394031
p90_minus_mean,Both,all,304.834165392,1,117.026063577,0.994873490987,0.999095586194
p90_minus_mean,Both,all,312.660716585,1,20.3623315975,0.995038862246,0.999098925597
p90_minus_mean,Both,all,318.777221516,1,182.408125366,0.995204233504,0.999128840355
p90_minus_mean,Both,all,319.602793417,1,74.6673940199,0.995369604763,0.999141085736
p90_minus_mean,Both,all,325.661902897,1,845.515986622,0.995534976021,0.99927974955
p90_minus_mean,Both,all,328.968792169,1,6.94861666611,0.99570034728,0.999280889116
p90_minus_mean,Both,all,330.89534814,1,91.4679161672,0.995865718538,0.999295889767
p90_minus_mean,Both,all,340.49780356,1,28.7385668439,0.996031089797,0.999300602864
p90_minus_mean,Both,all,350.807567615,1,95.9302669231,0.996196461055,0.999316335337
p90_minus_mean,Both,all,352.460810392,1,227.768657805,0.996361832314,0.999353689179
p90_minus_mean,Both,all,369.08505163,1,403.467945279,0.996527203572,0.999419857536
p90_minus_mean,Both,all,372.996793902,1,967.475597671,0.99669257483,0.999578522609
p90_minus_mean,Both,all,380.700466096,1,1017.77846798,0.996857946089,0.999745437305
p90_minus_mean,Both,all,390.032475083,1,33.9423619284,0.997023317347,0.99975100382
p90_minus_mean,Both,all,396.265117887,1,198.134154545,0.997188688606,0.999783497632
p90_minus_mean,Both,all,398.911920277,1,34.8688655619,0.997354059864,0.999789216093
p90_minus_mean,Both,all,405.707462385,1,63.7811077434,0.997519431123,0.999799676133
p90_minus_mean,Both,all,414.966712344,1,53.6747558576,0.997684802381,0.999808478742
p90_minus_mean,Both,all,427.950477868,1,26,0.99785017364,0.999812742717
p90_minus_mean,Both,all,445.588175403,1,20.8217185323,0.998015544898,0.999816157459
p90_minus_mean,Both,all,453.492357518,1,524.502955713,0.998180916157,0.999902175443
p90_minus_mean,Both,all,468.015544791,1,2.69156077715,0.998346287415,0.999902616856
p90_minus_mean,Both,all,499.595115662,1,0.0107476680057,0.998511658674,0.999902618619
p90_minus_mean,Both,all,506.232401605,1,167.15182333,0.998677029932,0.999930031358
p90_minus_mean,Both,all,506.544595586,1,6.3100880202,0.998842401191,0.999931066206
p90_minus_mean,Both,all,520.136423548,1,149.486496979,0.999007772449,0.999955581849
p90_minus_mean,Both,all,541.608850176,1,18.6799575863,0.999173143708,0.999958645344
p90_minus_mean,Both,all,616.810594673,1,57.2319388224,0.999338514966,0.999968031327
p90_minus_mean,Both,all,669.371584077,1,8.08903246506,0.999503886225,0.999969357921
p90_minus_mean,Both,all,702.14705419,1,155.27024632,0.999669257483,0.999994822093
p90_minus_mean,Both,all,802.170147079,1,4.63952201133,0.999834628742,0.99999558297
p90_minus_mean,Both,all,1189.97964987,1,26.9332667545,1,1
representative_minus_mean,Both,all,-2643.99313842,1,23.9244013137,0.000181983621474,4.12987852622e-06
representative_minus_mean,Both,all,-1013.06037693,1,0.402324705717,0.000363967242948,4.19932863036e-06
representative_minus_mean,Both,all,-959.26721401,1,0.00303429571079,0.000545950864422,4.19985241662e-06
representative_minus_mean,Both,all,-911.855539394,1,198.134154545,0.000727934485896,3.8402170771e-05
representative_minus_mean,Both,all,-852.72644749,1,185.869869277,0.00090991810737,7.04874034058e-05
representative_minus_mean,Both,all,-802.177886336,1,119.495472347,0.00109190172884,9.11149534438e-05
representative_minus_mean,Both,all,-779.706209353,1,1.63166490152,0.00127388535032,9.13966147381e-05
representative_minus_mean,Both,all,-765.46083377,1,153.826961894,0.00145586897179,0.000117950535915
representative_minus_mean,Both,all,-762.22365813,1,6.97358980403,0.00163785259327,0.000119154331086
representative_minus_mean,Both,all,-757.206551304,1,0.346146511683,0.00181983621474,0.000119214083597
representative_minus_mean,Both,all,-733.361060079,1,1.03233237312,0.00200181983621,0.000119392286898
representative_minus_mean,Both,all,-728.530514602,1,2.27590852336,0.00218380345769,0.000119785158829
representative_minus_mean,Both,all,-727.513639611,1,2.22267705341,0.00236578707916,0.000120168841836
representative_minus_mean,Both,all,-709.399904339,1,31.3880354276,0.00254777070064,0.000125587107973
representative_minus_mean,Both,all,-678.092569156,1,231.280670844,0.00272975432211,0.000165511244988
representative_minus_mean,Both,all,-671.915115974,1,3.58508223339,0.00291173794359,0.000166130109132
representative_minus_mean,Both,all,-627.65048489,1,28.7430066161,0.00309372156506,0.000171091785048
representative_minus_mean,Both,all,-621.562194165,1,21.7602941017,0.00327570518653,0.000174848091012
representative_minus_mean,Both,all,-620.448976194,1,1817.32926409,0.00345768880801,0.000488559142939
representative_minus_mean,Both,all,-619.125491351,1,6.9382771833,0.00363967242948,0.000489756842375
representative_minus_mean,Both,all,-609.676684787,1,61.5591244509,0.00382165605096,0.000500383302901
representative_minus_mean,Both,all,-606.739640855,1,5.98892388042,0.00400363967243,0.00050141712305
representative_minus_mean,Both,all,-585.854324719,1,64.4818031803,0.0041856232939,0.000512548102287
representative_minus_mean,Both,all,-584.179298731,1,1.35566320725,0.00436760691538,0.000512782119611
representative_minus_mean,Both,all,-556.560114946,1,7.11206814969,0.00454959053685,0.000514009819194
representative_minus_mean,Both,all,-538.803646637,1,9.51368693062,0.00473157415833,0.000515652091067
representative_minus_mean,Both,all,-538.645833618,1,12.595525824,0.0049135577798,0.000517826356201
representative_minus_mean,Both,all,-536.502377075,1,37.1518862512,0.00509554140127,0.000524239589921
representative_minus_mean,Both,all,-532.58319532,1,7.70338035179,0.00527752502275,0.000525569363013
representative_minus_mean,Both,all,-527.524981417,1,83.5057973603,0.00545950864422,0.000539984302589
representative_minus_mean,Both,all,-521.15218742,1,189.025766892,0.0056414922657,0.000572614312651
representative_minus_mean,Both,all,-511.293222272,1,22.488360415,0.00582347588717,0.000576496298894
representative_minus_mean,Both,all,-508.106030603,1,16.1535754551,0.00600545950864,0.000579284761749
representative_minus_mean,Both,all,-492.905361322,1,0.282380349293,0.00618744313012,0.000579333506816
representative_minus_mean,Both,all,-483.538594026,1,7.21990280768,0.00636942675159,0.000580579821036
representative_minus_mean,Both,all,-474.839192344,1,1.67555700009,0.00655141037307,0.000580869059073
representative_minus_mean,Both,all,-459.402923553,1,509.525803922,0.00673339399454,0.000668824433529
representative_minus_mean,Both,all,-446.281103604,1,128.589875431,0.00691537761601,0.000691021877815
representative_minus_mean,Both,all,-430.281517372,1,1.6611566373,0.00709736123749,0.000691308630032
representative_minus_mean,Both,all,-426.129920476,1,46.1535622343,0.00727934485896,0.00069927575126
representative_minus_mean,Both,all,-425.281951616,1,94.3778987033,0.00746132848044,0.000715567454952
representative_minus_mean,Both,all,-421.445349447,1,1294.42604862,0.00764331210191,0.000939013896596
representative_minus_mean,Both,all,-415.172911395,1,2.24324209891,0.00782529572338,0.000939401129582
representative_minus_mean,Both,all,-414.987559961,1,68.4004599723,0.00800727934486,0.000951208555278
representative_minus_mean,Both,all,-408.226438488,1,185.057679554,0.00818926296633,0.000983153586081
representative_minus_mean,Both,all,-400.804473376,1,50.4620181497,0.00837124658781,0.00099186444168
representative_minus_mean,Both,all,-399.675688304,1,17.0690778103,0.00855323020928,0.000994810940403
representative_minus_mean,Both,all,-398.85050348,1,86.6345345283,0.00873521383076,0.00100976596891
representative_minus_mean,Both,all,-395.054282919,1,68.2532678667,0.00891719745223,0.00102154798601
representative_minus_mean,Both,all,-386.066067106,1,10.6456178703,0.0090991810737,0.00102338565409
representative_minus_mean,Both,all,-386.042893462,1,22.1635087387,0.00928116469518,0.00102721156378
representative_minus_mean,Both,all,-373.130538251,1,4.04792007707,0.00946314831665,0.00102791032393
representative_minus_mean,Both,all,-367.651527646,1,733.915263104,0.00964513193813,0.00115460026051
representative_minus_mean,Both,all,-366.757948583,1,17.2259407483,0.0098271155596,0.00115757383723
representative_minus_mean,Both,all,-364.859568188,1,619.764969109,0.0100090991811,0.00126455891927
representative_minus_mean,Both,all,-361.285960452,1,195.300176419,0.0101910828025,0.00129827203059
representative_minus_mean,Both,all,-359.841804531,1,57.2022214818,0.010373066424,0.00130814639371
representative_minus_mean,Both,all,-357.708671416,1,90.7438763313,0.0105550500455,0.00132381078512
representative_minus_mean,Both,all,-352.711430111,1,0.365570384705,0.010737033667,0.00132387389062
representative_minus_mean,Both,all,-346.23774931,1,1.52792701719,0.0109190172884,0.00132413764447
representative_minus_mean,Both,all,-341.625981129,1,3.95165710654,0.0111010009099,0.00132481978751
representative_minus_mean,Both,all,-339.881372803,1,11.7893195578,0.0112829845314,0.00132685488368
representative_minus_mean,Both,all,-339.352349896,1,8.3065216591,0.0114649681529,0.00132828877225
representative_minus_mean,Both,all,-338.973610344,1,263.014091354,0.0116469517743,0.00137369079647
representative_minus_mean,Both,all,-332.339855905,1,27.1579114681,0.0118289353958,0.00137837885006
representative_minus_mean,Both,all,-327.249541372,1,1.07523397893,0.0120109190173,0.00137856445912
representative_minus_mean,Both,all,-325.241461926,1,9.14029714599,0.0121929026388,0.0013801422757
representative_minus_mean,Both,all,-324.29299675,1,1.57090985955,0.0123748862602,0.00138041344933
representative_minus_mean,Both,all,-322.160828228,1,18.0907850172,0.0125568698817,0.00138353631722
representative_minus_mean,Both,all,-317.610600434,1,354.823907951,0.0127388535032,0.00144478673761
representative_minus_mean,Both,all,-314.5577805,1,125.277061897,0.0129208371247,0.00146641231732
representative_minus_mean,Both,all,-309.425851694,1,152.677942154,0.0131028207461,0.00149276789239
representative_minus_mean,Both,all,-307.658852462,1,36.3181023557,0.0132848043676,0.00149903719665
representative_minus_mean,Both,all,-307.391228687,1,7.89504584876,0.0134667879891,0.00150040005542
representative_minus_mean,Both,all,-307.096679478,1,110.292167202,0.0136487716106,0.00151943891232
representative_minus_mean,Both,all,-306.382050152,1,6.38452751531,0.013830755232,0.00152054102237
representative_minus_mean,Both,all,-304.511053405,1,4.3943921927,0.0140127388535,0.00152129959123
representative_minus_mean,Both,all,-303.455349653,1,222.104493772,0.014194722475,0.00155963971801
representative_minus_mean,Both,all,-303.187747148,1,1618.37624002,0.0143767060965,0.00183900709667
representative_minus_mean,Both,all,-300.221227919,1,0.35047492977,0.0145586897179,0.00183906759636
representative_minus_mean,Both,all,-298.08711424,1,149.486496979,0.0147406733394,0.00186487225771
representative_minus_mean,Both,all,-296.387090299,1,0.00396355123999,0.0149226569609,0.0018648729419
representative_minus_mean,Both,all,-294.930492016,1,0.0673364500126,0.0151046405823,0.00186488456566
representative_minus_mean,Both,all,-294.343730285,1,403.467945279,0.0152866242038,0.00193453201812
representative_minus_mean,Both,all,-291.557885675,1,15.6443707568,0.0154686078253,0.00193723258103
representative_minus_mean,Both,all,-291.085736467,1,56.5421698753,0.0156505914468,0.00194699300472
representative_minus_mean,Both,all,-289.24709574,1,149.238977986,0.0158325750682,0.00197275493884
representative_minus_mean,Both,all,-288.500778084,1,35.9448304878,0.0160145586897,0.00197895980815
representative_minus_mean,Both,all,-281.775369582,1,96.763017934,0.0161965423112,0.00199566323594
representative_minus_mean,Both,all,-281.210716813,1,214.732092979,0.0163785259327,0.00203273072399
representative_minus_mean,Both,all,-280.103795515,1,74.6673940199,0.0165605095541,0.00204561996051
representative_minus_mean,Both,all,-279.812979113,1,10.5526472797,0.0167424931756,0.00204744157982
representative_minus_mean,Both,all,-274.586018538,1,112.534953043,0.0169244767971,0.00206686759094
representative_minus_mean,Both,all,-274.006358191,1,0.166092981952,0.0171064604186,0.00206689626225
representative_minus_mean,Both,all,-272.832043395,1,12.41745945,0.01728844404,0.00206903978921
representative_minus_mean,Both,all,-271.882295617,1,13.7427852842,0.0174704276615,0.00207141209659
representative_minus_mean,Both,all,-269.31283421,1,12.1949937331,0.017652411283,0.00207351722106
representative_minus_mean,Both,all,-264.735503526,1,720.148733106,0.0178343949045,0.0021978307514
representative_minus_mean,Both,all,-264.413400856,1,3.0145198397,0.0180163785259,0.00219835112391
representative_minus_mean,Both,all,-264.330768101,1,114.396095448,0.0181983621474,0.0022180984092
representative_minus_mean,Both,all,-262.386335656,1,404.583026816,0.0183803457689,0.00228793834929
representative_minus_mean,Both,all,-261.599692711,1,11.0519211952,0.0185623293904,0.00228984615427
representative_minus_mean,Both,all,-261.560367412,1,300.089392781,0.0187443130118,0.00234164819199
representative_minus_mean,Both,all,-261.391220465,1,9.97267464974,0.0189262966333,0.00234336969525
representative_minus_mean,Both,all,-260.707108824,1,45.0163998489,0.0191082802548,0.00235114051721
representative_minus_mean,Both,all,-260.395541011,1,485.180485288,0.0192902638763,0.00243489335354
representative_minus_mean,Both,all,-260.159388584,1,593.197023856,0.0194722474977,0.00253729222315
representative_minus_mean,Both,all,-260.055721727,1,52.1126455083,0.0196542311192,0.00254628801338
representative_minus_mean,Both,all,-258.719104625,1,11.9324145636,0.0198362147407,0.00254834781091
representative_minus_mean,Both,all,-257.482542657,1,12.8576093971,0.0200181983621,0.00255056731744
representative_minus_mean,Both,all,-254.646778361,1,227.90095278,0.0202001819836,0.00258990804069
representative_minus_mean,Both,all,-254.432862191,1,2.96653011163,0.0203821656051,0.00259042012912
representative_minus_mean,Both,all,-253.261670504,1,6.3100880202,0.0205641492266,0.00259150938927
representative_minus_mean,Both,all,-252.777523033,1,99.2664379871,0.020746132848,0.00260864496249
representative_minus_mean,Both,all,-247.751209233,1,7.41017264922,0.0209281164695,0.00260992412148
representative_minus_mean,Both,all,-245.62768421,1,88.5240673688,0.021110100091,0.00262520532497
representative_minus_mean,Both,all,-243.652679768,1,28.0738029591,0.0212920837125,0.0026300514816
representative_minus_mean,Both,all,-238.441854345,1,51.6577048341,0.0214740673339,0.00263896873905
representative_minus_mean,Both,all,-235.860729919,1,451.963652314,0.0216560509554,0.00271698761851
representative_minus_mean,Both,all,-234.757301012,1,489.830467571,0.0218380345769,0.00280154314419
representative_minus_mean,Both,all,-231.112299648,1,430.406845362,0.0220200181984,0.00287584084405
representative_minus_mean,Both,all,-230.220692692,1,54.1665483271,0.0222020018198,0.00288519118314
representative_minus_mean,Both,all,-229.615000304,1,47.0080812833,0.0223839854413,0.00289330581317
representative_minus_mean,Both,all,-228.747608451,1,11.5945816921,0.0225659690628,0.00289530729331
representative_minus_mean,Both,all,-228.495844785,1,1.11277342575,0.0227479526843,0.00289549938251
representative_minus_mean,Both,all,-228.140620005,1,404.877070339,0.0229299363057,0.00296539008099
representative_minus_mean,Both,all,-227.029237755,1,19.4172793118,0.0231119199272,0.002968741931
representative_minus_mean,Both,all,-226.176844172,1,113.301405585,0.0232939035487,0.00298830024871
representative_minus_mean,Both,all,-226.12318404,1,944.83063643,0.0234758871702,0.00315139882347
representative_minus_mean,Both,all,-224.134180066,1,10.8685194283,0.0236578707916,0.00315327496927
representative_minus_mean,Both,all,-223.905633047,1,99.7975403561,0.0238398544131,0.00317050222246
representative_minus_mean,Both,all,-223.389844354,1,1249.73955947,0.0240218380346,0.003386234792
representative_minus_mean,Both,all,-221.269054991,1,4.95493695007,0.0242038216561,0.00338709012324
representative_minus_mean,Both,all,-220.15054579,1,82.6774075296,0.0243858052775,0.00340136206448
representative_minus_mean,Both,all,-220.01795757,1,68.8171181023,0.024567788899,0.00341324141455
representative_minus_mean,Both,all,-219.838777997,1,70.6040458605,0.0247497725205,0.0034254292277
representative_minus_mean,Both,all,-218.061554677,1,897.539228834,0.0249317561419,0.00358036426406
representative_minus_mean,Both,all,-217.919339954,1,14.2571443666,0.0251137397634,0.00358282536115
representative_minus_mean,Both,all,-216.80444011,1,128.64325483,0.0252957233849,0.00360503201989
representative_minus_mean,Both,all,-216.310419748,1,36.581823131,0.0254777070064,0.00361134684817
representative_minus_mean,Both,all,-215.626272574,1,823.320190349,0.0256596906278,0.00375347004405
representative_minus_mean,Both,all,-214.348719938,1,7.87499281543,0.0258416742493,0.00375482944123
representative_minus_mean,Both,all,-214.26362515,1,5.41307489084,0.0260236578708,0.00375576385717
representative_minus_mean,Both,all,-213.013462565,1,0.45825469544,0.0262056414923,0.00375584296202
representative_minus_mean,Both,all,-210.968431273,1,6.63451467749,0.0263876251137,0.00375698822535
representative_minus_mean,Both,all,-210.414281968,1,100.177059948,0.0265696087352,0.00377428099199
representative_minus_mean,Both,all,-208.490833597,1,8.59197258141,0.0267515923567,0.00377576415566
representative_minus_mean,Both,all,-207.688323507,1,6.94861666611,0.0269335759782,0.00377696363992
representative_minus_mean,Both,all,-207.601716527,1,7.87910732102,0.0271155595996,0.00377832374736
representative_minus_mean,Both,all,-206.752463247,1,25.684187587,0.0272975432211,0.00378275740375
representative_minus_mean,Both,all,-206.068204241,1,9.79990295732,0.0274795268426,0.00378444908281
representative_minus_mean,Both,all,-204.780627928,1,33.398198208,0.0276615104641,0.00379021434731
representative_minus_mean,Both,all,-204.153411213,1,23.5155522704,0.0278434940855,0.00379427364949
representative_minus_mean,Both,all,-203.348850647,1,1067.20792911,0.028025477707,0.00397849723994
representative_minus_mean,Both,all,-203.268751622,1,3.62632311035,0.0282074613285,0.00397912322317
representative_minus_mean,Both,all,-203.095725616,1,3133.40677023,0.02838944495,0.00452001823512
representative_minus_mean,Both,all,-203.000510624,1,412.65465371,0.0285714285714,0.00459125151576
representative_minus_mean,Both,all,-202.735439824,1,3.34588870719,0.0287534121929,0.00459182908984
representative_minus_mean,Both,all,-202.528083211,1,246.596211577,0.0289353958144,0.00463439702646
representative_minus_mean,Both,all,-202.303111088,1,0.448701799937,0.0291173794359,0.00463447448227
representative_minus_mean,Both,all,-201.376357115,1,248.728224563,0.0292993630573,0.00467741045128
representative_minus_mean,Both,all,-200.70293397,1,26.3565624476,0.0294813466788,0.00468196017438
representative_minus_mean,Both,all,-200.405811589,1,16.2875538801,0.0296633303003,0.00468477176487
representative_minus_mean,Both,all,-199.82885559,1,93.677810981,0.0298453139217,0.004700942618
representative_minus_mean,Both,all,-199.394103277,1,390.728146701,0.0300272975432,0.00476839090067
representative_minus_mean,Both,all,-198.945616436,1,71.55200551,0.0302092811647,0.00478074235253
representative_minus_mean,Both,all,-198.540204198,1,231.718260456,0.0303912647862,0.00482074202715
representative_minus_mean,Both,all,-198.049522663,1,624.893787218,0.0305732484076,0.00492861245614
representative_minus_mean,Both,all,-197.752028339,1,7.2683406587,0.0307552320291,0.0049298671318
representative_minus_mean,Both,all,-197.698992424,1,214.478394347,0.0309372156506,0.00496689082587
representative_minus_mean,Both,all,-196.724806938,1,2162.1978712,0.0311191992721,0.00534013379403
representative_minus_mean,Both,all,-196.546815959,1,3691.63783565,0.0313011828935,0.00597739178115
representative_minus_mean,Both,all,-195.878883939,1,119.373121925,0.031483166515,0.00599799821081
representative_minus_mean,Both,all,-195.84455601,1,5.58415869598,0.0316651501365,0.00599896215957
representative_minus_mean,Both,all,-195.462305704,1,18.394927442,0.031847133758,0.00600213752914
representative_minus_mean,Both,all,-195.330465234,1,689.396239822,0.0320291173794,0.00612114250191
representative_minus_mean,Both,all,-195.210765897,1,84,0.0322111010009,0.00613564275175
representative_minus_mean,Both,all,-195.040108818,1,13.1371598025,0.0323930846224,0.00613791051483
representative_minus_mean,Both,all,-194.527039662,1,1.92713423303,0.0325750682439,0.00613824318064
representative_minus_mean,Both,all,-193.329718657,1,62.7449111741,0.0327570518653,0.00614907433407
representative_minus_mean,Both,all,-192.531288019,1,6.0080474867,0.0329390354868,0.00615011145537
representative_minus_mean,Both,all,-191.249048748,1,342.080230714,0.0331210191083,0.00620916203643
representative_minus_mean,Both,all,-190.915986486,1,11.6771358382,0.0333030027298,0.00621117776723
representative_minus_mean,Both,all,-189.867360199,1,3.15047332989,0.0334849863512,0.0062117216083
representative_minus_mean,Both,all,-189.610216786,1,515.840878407,0.0336669699727,0.00630076710369
representative_minus_mean,Both,all,-189.368823569,1,49.7091695033,0.0338489535942,0.00630934800103
representative_minus_mean,Both,all,-188.8921075,1,1999.87352452,0.0340309372157,0.00665457021227
representative_minus_mean,Both,all,-186.670064337,1,0.0267230600321,0.0342129208371,0.00665457482526
representative_minus_mean,Both,all,-185.977058371,1,0.00991466417456,0.0343949044586,0.00665457653675
representative_minus_mean,Both,all,-183.76761477,1,43.4649551934,0.0345768880801,0.00666207954519
representative_minus_mean,Both,all,-183.545556698,1,119.692369501,0.0347588717015,0.00668274108401
representative_minus_mean,Both,all,-183.095479887,1,12.411584046,0.034940855323,0.00668488359675
representative_minus_mean,Both,all,-180.562861927,1,52.0943626579,0.0351228389445,0.00669387623096
representative_minus_mean,Both,all,-180.033374763,1,91.5231351885,0.035304822566,0.0067096751396
representative_minus_mean,Both,all,-179.936458811,1,1113.87357733,0.0354868061874,0.0069019542486
representative_minus_mean,Both,all,-178.721777879,1,1.08023315954,0.0356687898089,0.00690214072063
representative_minus_mean,Both,all,-178.238351454,1,43.3270888592,0.0358507734304,0.00690961993031
representative_minus_mean,Both,all,-178.172178451,1,155.27024632,0.0360327570519,0.00693642299416
representative_minus_mean,Both,all,-178.050859675,1,157.391315761,0.0362147406733,0.00696359220131
representative_minus_mean,Both,all,-177.552547667,1,471.085647005,0.0363967242948,0.00704491195816
representative_minus_mean,Both,all,-177.356689046,1,70.1895857577,0.0365787079163,0.00705702822636
representative_minus_mean,Both,all,-177.006107633,1,15.8398788427,0.0367606915378,0.00705976253827
representative_minus_mean,Both,all,-175.893887085,1,31.2508708367,0.0369426751592,0.00706515712678
representative_minus_mean,Both,all,-175.832518379,1,166.115749941,0.0371246587807,0.0070938323634
representative_minus_mean,Both,all,-175.037006144,1,3.01210583352,0.0373066424022,0.0070943523192
representative_minus_mean,Both,all,-174.647081952,1,13.789653569,0.0374886260237,0.00709673271708
representative_minus_mean,Both,all,-173.766974685,1,19.9191457252,0.0376706096451,0.00710017120029
representative_minus_mean,Both,all,-173.358493378,1,9.40075028738,0.0378525932666,0.00710179397681
representative_minus_mean,Both,all,-173.006549171,1,44.7387113516,0.0380345768881,0.00710951686362
representative_minus_mean,Both,all,-172.889098808,1,5294.53946842,0.0382165605096,0.0080234709714
representative_minus_mean,Both,all,-172.662076871,1,430.695582888,0.038398544131,0.00809781851372
representative_minus_mean,Both,all,-171.579664014,1,73,0.0385805277525,0.00811041992131
representative_minus_mean,Both,all,-170.968452697,1,74.6476979774,0.038762511374,0.00812330575786
representative_minus_mean,Both,all,-169.15878845,1,3.11090873327,0.0389444949955,0.00812384276922
representative_minus_mean,Both,all,-168.500132811,1,43.1694568434,0.0391264786169,0.00813129476814
representative_minus_mean,Both,all,-168.384042121,1,24.7695070294,0.0393084622384,0.00813557053052
representative_minus_mean,Both,all,-168.119284517,1,3019.86314257,0.0394904458599,0.00865686541189
representative_minus_mean,Both,all,-168.107366217,1,16.0905667263,0.0396724294813,0.00865964299805
representative_minus_mean,Both,all,-168.006818484,1,2686.67709843,0.0398544131028,0.00912342263083
representative_minus_mean,Both,all,-167.82966212,1,3.62041927114,0.0400363967243,0.00912404759493
representative_minus_mean,Both,all,-167.32611755,1,374.133671031,0.0402183803458,0.00918863130566
representative_minus_mean,Both,all,-166.563352241,1,1477.90889801,0.0404003639672,0.00944375092774
representative_minus_mean,Both,all,-166.38527641,1,75.3015503193,0.0405823475887,0.0094567496336
representative_minus_mean,Both,all,-166.336935731,1,296.235059921,0.0407643312102,0.00950788632859
representative_minus_mean,Both,all,-166.112794591,1,101.611291429,0.0409463148317,0.00952542667516
representative_minus_mean,Both,all,-166.07255221,1,255.476618726,0.0411282984531,0.00956952756562
representative_minus_mean,Both,all,-165.967943891,1,3302.04448389,0.0413102820746,0.0101395331607
representative_minus_mean,Both,all,-165.19732591,1,63.4208740384,0.0414922656961,0.0101504810002
representative_minus_mean,Both,all,-164.16631495,1,199.784079572,0.0416742493176,0.0101849681319
representative_minus_mean,Both,all,-163.349271203,1,5.40696410279,0.041856232939,0.010185901493
representative_minus_mean,Both,all,-163.278828515,1,1294.11466563,0.0420382165605,0.0104092941831
representative_minus_mean,Both,all,-163.168752173,1,14.4955068062,0.042220200182,0.0104117964268
representative_minus_mean,Both,all,-163.084964312,1,4567.82219074,0.0424021838035,0.0112003031288
representative_minus_mean,Both,all,-163.045858246,1,775.735233584,0.0425841674249,0.0113342121132
representative_minus_mean,Both,all,-162.03172468,1,37.6779278576,0.0427661510464,0.0113407161533
representative_minus_mean,Both,all,-161.787829458,1,609.906253372,0.0429481346679,0.0114459994039
representative_minus_mean,Both,all,-161.522467352,1,240.061305222,0.0431301182894,0.0114874392717
representative_minus_mean,Both,all,-161.115432048,1,3.26279044903,0.0433121019108,0.0114880025012
representative_minus_mean,Both,all,-160.109094007,1,84.3687917832,0.0434940855323,0.0115025664126
representative_minus_mean,Both,all,-159.374479748,1,369.639237254,0.0436760691538,0.0115663742851
representative_minus_mean,Both,all,-159.183583572,1,22.9910089904,0.0438580527753,0.0115703430396
representative_minus_mean,Both,all,-159.060565997,1,39.6257647247,0.0440400363967,0.0115771833192
representative_minus_mean,Both,all,-159.001490481,1,3372.42354498,0.0442220200182,0.0121593378901
representative_minus_mean,Both,all,-158.970307888,1,888.257522433,0.0444040036397,0.0123126706995
representative_minus_mean,Both,all,-158.836992787,1,111.005362511,0.0445859872611,0.0123318326696
representative_minus_mean,Both,all,-158.641906103,1,1040.20028362,0.0447679708826,0.0125113941457
representative_minus_mean,Both,all,-158.443281992,1,336.258322405,0.0449499545041,0.0125694397372
representative_minus_mean,Both,all,-157.64414035,1,3484.13823056,0.0451319381256,0.0131708787229
representative_minus_mean,Both,all,-156.833373413,1,385.888600836,0.045313921747,0.0132374915934
representative_minus_mean,Both,all,-155.917153242,1,23.0215013744,0.0454959053685,0.0132414656115
representative_minus_mean,Both,all,-155.780725478,1,2411.19556617,0.04567788899,0.0136576910652
representative_minus_mean,Both,all,-155.780637485,1,2587.21180863,0.0458598726115,0.0141043007986
representative_minus_mean,Both,all,-155.66401396,1,2282.14078748,0.0460418562329,0.0144982485555
representative_minus_mean,Both,all,-155.593155835,1,8.06940757103,0.0462238398544,0.0144996415129
representative_minus_mean,Both,all,-155.335947807,1,130.89504455,0.0464058234759,0.0145222368801
representative_minus_mean,Both,all,-154.715370781,1,2060.63656713,0.0465878070974,0.0148779481307
representative_minus_mean,Both,all,-154.070919618,1,571.601792739,0.0467697907188,0.0149766191878
representative_minus_mean,Both,all,-154.022028531,1,290.982367761,0.0469517743403,0.0150268491525
representative_minus_mean,Both,all,-153.922537042,1,3.50942750895,0.0471337579618,0.0150274549569
representative_minus_mean,Both,all,-153.61540635,1,939.345889063,0.0473157415833,0.0151896067435
representative_minus_mean,Both,all,-153.002797869,1,66.8454264163,0.0474977252047,0.0152011457362
representative_minus_mean,Both,all,-152.921216865,1,957.145569271,0.0476797088262,0.0153663701395
representative_minus_mean,Both,all,-152.896492186,1,6.69765313938,0.0478616924477,0.015367526302
representative_minus_mean,Both,all,-152.853732248,1,1113.35913626,0.0480436760692,0.0155597166071
representative_minus_mean,Both,all,-151.671780099,1,1505.64943001,0.0482256596906,0.0158196248559
representative_minus_mean,Both,all,-151.547457392,1,1178.01314032,0.0484076433121,0.0160229758659
representative_minus_mean,Both,all,-151.154788486,1,1647.40591444,0.0485896269336,0.0163073544057
representative_minus_mean,Both,all,-150.798714039,1,2203.3671677,0.0487716105551,0.0166877041011
representative_minus_mean,Both,all,-150.334835915,1,4241.19478697,0.0489535941765,0.0174198277202
representative_minus_mean,Both,all,-149.81325533,1,100.255449147,0.049135577798,0.0174371340186
representative_minus_mean,Both,all,-149.668267145,1,171.334523168,0.0493175614195,0.0174667101304
representative_minus_mean,Both,all,-149.531494406,1,6,0.0494995450409,0.0174677458625
representative_minus_mean,Both,all,-149.117050974,1,972.059014603,0.0496815286624,0.0176355446549
representative_minus_mean,Both,all,-149.098809817,1,70.5600273354,0.0498635122839,0.0176477248695
representative_minus_mean,Both,all,-148.767611408,1,170.881713557,0.0500454959054,0.0176772228164
representative_minus_mean,Both,all,-148.753554496,1,478.89838484,0.0502274795268,0.0177598912239
representative_minus_mean,Both,all,-148.649080744,1,2667.19560293,0.0504094631483,0.0182203079215
representative_minus_mean,Both,all,-148.268517499,1,313.448008496,0.0505914467698,0.0182744159505
representative_minus_mean,Both,all,-148.152000355,1,2.74537489184,0.0507734303913,0.0182748898626
representative_minus_mean,Both,all,-147.828327576,1,1030.48728943,0.0509554140127,0.018452774662
representative_minus_mean,Both,all,-147.614061923,1,14.7125649669,0.0511373976342,0.0184553143747
representative_minus_mean,Both,all,-147.532479072,1,91.5685601394,0.0513193812557,0.0184711211247
representative_minus_mean,Both,all,-146.799463469,1,711.164265414,0.0515013648772,0.0185938837381
representative_minus_mean,Both,all,-146.768608913,1,1078.55865426,0.0516833484986,0.0187800667137
representative_minus_mean,Both,all,-146.580065115,1,26.2019356315,0.0518653321201,0.0187845897448
representative_minus_mean,Both,all,-146.163035059,1,1559.82104694,0.0520473157416,0.0190538492076
representative_minus_mean,Both,all,-145.98796075,1,22.1418131967,0.0522292993631,0.0190576713722
representative_minus_mean,Both,all,-145.814728065,1,888.093575558,0.0524112829845,0.0192109758808
representative_minus_mean,Both,all,-145.678471452,1,35.9248552755,0.052593266606,0.0192171773019
representative_minus_mean,Both,all,-145.276299418,1,1074.15832352,0.0527752502275,0.0194026006835
representative_minus_mean,Both,all,-145.244441094,1,2941.4894208,0.052957233849,0.0199103665346
representative_minus_mean,Both,all,-144.973677295,1,2179.01590707,0.0531392174704,0.0202865126661
representative_minus_mean,Both,all,-144.582455251,1,22.0795319852,0.0533212010919,0.0202903240795
representative_minus_mean,Both,all,-144.503184475,1,3262.19546314,0.0535031847134,0.020853450856
representative_minus_mean,Both,all,-144.501448165,1,2156.18964118,0.0536851683348,0.0212256566714
representative_minus_mean,Both,all,-144.426265434,1,3920.13523796,0.0538671519563,0.0219023583421
representative_minus_mean,Both,all,-144.101517621,1,0.973276653922,0.0540491355778,0.0219025263511
representative_minus_mean,Both,all,-143.760625779,1,3004.99070186,0.0542311191993,0.0224212539216
representative_minus_mean,Both,all,-143.65348456,1,246.554247127,0.0544131028207,0.0224638146143
representative_minus_mean,Both,all,-143.614167828,1,2691.9596755,0.0545950864422,0.0229285061362
representative_minus_mean,Both,all,-143.218216771,1,11.7392402243,0.0547770700637,0.0229305325876
representative_minus_mean,Both,all,-142.907940443,1,4566.58312463,0.0549590536852,0.0237188253995
representative_minus_mean,Both,all,-142.863688581,1,286.316737131,0.0551410373066,0.0237682499735
representative_minus_mean,Both,all,-142.860963388,1,54.3932806678,0.0553230209281,0.0237776394516
representative_minus_mean,Both,all,-142.844383416,1,1071.85645398,0.0555050045496,0.0239626654798
representative_minus_mean,Both,all,-142.843554548,1,101.006042287,0.0556869881711,0.0239801013471
representative_minus_mean,Both,all,-142.552207599,1,10.6804259738,0.0558689717925,0.0239819450238
representative_minus_mean,Both,all,-142.465604714,1,71.0471965431,0.056050955414,0.0239942093345
representative_minus_mean,Both,all,-141.949122922,1,564.63212937,0.0562329390355,0.0240916772743
representative_minus_mean,Both,all,-141.94119439,1,34.9803795151,0.056414922657,0.0240977156581
representative_minus_mean,Both,all,-141.526487965,1,11.0001503387,0.0565969062784,0.0240996145263
representative_minus_mean,Both,all,-141.40509391,1,2322.14321284,0.0567788898999,0.0245004675827
representative_minus_mean,Both,all,-141.065047161,1,167.321469981,0.0569608735214,0.0245293509532
representative_minus_mean,Both,all,-140.71096588,1,33.7851237852,0.0571428571429,0.0245351830095
representative_minus_mean,Both,all,-140.613502838,1,170.490267093,0.0573248407643,0.0245646133842
representative_minus_mean,Both,all,-140.508368478,1,353.483751423,0.0575068243858,0.024625632464
representative_minus_mean,Both,all,-140.440673403,1,23.7225863217,0.0576888080073,0.0246297275048
representative_minus_mean,Both,all,-140.304988461,1,4974.76873751,0.0578707916288,0.0254884821425
representative_minus_mean,Both,all,-140.222719286,1,1804.93620061,0.0580527752502,0.0258000538788
representative_minus_mean,Both,all,-139.801240788,1,346.022427193,0.0582347588717,0.0258597849698
representative_minus_mean,Both,all,-138.901946282,1,3.51709779713,0.0584167424932,0.0258603920983
representative_minus_mean,Both,all,-138.822769944,1,4.57248828802,0.0585987261146,0.0258611814105
representative_minus_mean,Both,all,-138.661560493,1,0.352899249107,0.0587807097361,0.0258612423286
representative_minus_mean,Both,all,-138.507476215,1,2196.78992076,0.0589626933576,0.0262404566463
representative_minus_mean,Both,all,-138.4338701,1,38.0118574209,0.0591446769791,0.02624701833
representative_minus_mean,Both,all,-138.425365311,1,25.6670506305,0.0593266606005,0.0262514490282
representative_minus_mean,Both,all,-138.175141489,1,89.2469375471,0.059508644222,0.026266855015
representative_minus_mean,Both,all,-138.15136001,1,17.7445992088,0.0596906278435,0.0262699181236
representative_minus_mean,Both,all,-138.046306302,1,1310.24653763,0.059872611465,0.02649609553
representative_minus_mean,Both,all,-137.790498282,1,242.860437732,0.0600545950864,0.0265380185898
representative_minus_mean,Both,all,-137.463380108,1,918.675023129,0.0602365787079,0.0266966021297
representative_minus_mean,Both,all,-136.99509115,1,127.58176636,0.0604185623294,0.0267186255522
representative_minus_mean,Both,all,-136.936470434,1,46.1209736474,0.0606005459509,0.0267265870479
representative_minus_mean,Both,all,-136.853727589,1,868.611467165,0.0607825295723,0.0268765285156
representative_minus_mean,Both,all,-136.56684015,1,1910.69911189,0.0609645131938,0.0272063572594
representative_minus_mean,Both,all,-136.525493246,1,321.29845193,0.0611464968153,0.0272618204478
representative_minus_mean,Both,all,-135.805052493,1,2357.84205139,0.0613284804368,0.0276688359099
representative_minus_mean,Both,all,-135.767113389,1,9.9029066984,0.0615104640582,0.0276705453697
representative_minus_mean,Both,all,-135.666921139,1,37.9999682396,0.0616924476797,0.027677105001
representative_minus_mean,Both,all,-135.436709787,1,227.027011991,0.0618744313012,0.0277162948628
representative_minus_mean,Both,all,-135.24340453,1,33.3836248331,0.0620564149227,0.0277220576117
representative_minus_mean,Both,all,-135.040775139,1,47,0.0622383985441,0.0277301708467
representative_minus_mean,Both,all,-134.93398024,1,0.485970460205,0.0624203821656,0.0277302547359
representative_minus_mean,Both,all,-134.899260238,1,2037.76557272,0.0626023657871,0.0280820179491
representative_minus_mean,Both,all,-134.715515102,1,69.3754583396,0.0627843494086,0.028093993681
representative_minus_mean,Both,all,-134.676049308,1,95.0728509792,0.06296633303,0.0281104053487
representative_minus_mean,Both,all,-134.667580699,1,479.842737406,0.0631483166515,0.0281932367722
representative_minus_mean,Both,all,-134.290681101,1,1.25182425365,0.063330300273,0.0281934528647
representative_minus_mean,Both,all,-134.214752837,1,434.726109793,0.0635122838944,0.0282684961647
representative_minus_mean,Both,all,-134.111640514,1,335.150788089,0.0636942675159,0.0283263505714
representative_minus_mean,Both,all,-133.995833666,1,24.8253396974,0.0638762511374,0.0283306359717
representative_minus_mean,Both,all,-133.582395388,1,20.7117730408,0.0640582347589,0.0283342112798
representative_minus_mean,Both,all,-133.380696728,1,2469.22070363,0.0642402183803,0.0287604531501
representative_minus_mean,Both,all,-133.325379662,1,1893.64336568,0.0644222020018,0.0290873376965
representative_minus_mean,Both,all,-133.209791008,1,2711.74417207,0.0646041856233,0.0295554444582
representative_minus_mean,Both,all,-132.697952681,1,15.4046579722,0.0647861692448,0.0295581036414
representative_minus_mean,Both,all,-132.53884101,1,2505.96698264,0.0649681528662,0.0299906887287
representative_minus_mean,Both,all,-132.469925066,1,292.649585597,0.0651501364877,0.0300412064918
representative_minus_mean,Both,all,-132.228553023,1,958.68611998,0.0653321201092,0.0302066968282
representative_minus_mean,Both,all,-131.88374059,1,38.844651751,0.0655141037307,0.0302134022705
representative_minus_mean,Both,all,-131.646722737,1,0.46989926986,0.0656960873521,0.0302134833855
representative_minus_mean,Both,all,-131.59629806,1,2257.10663563,0.0658780709736,0.0306031096964
representative_minus_mean,Both,all,-131.476723517,1,945.804423504,0.0660600545951,0.0307663763683
representative_minus_mean,Both,all,-130.874774989,1,1109.68192245,0.0662420382166,0.0309579319053
representative_minus_mean,Both,all,-130.444655603,1,1778.81284093,0.066424021838,0.0312649941744
representative_minus_mean,Both,all,-130.412711415,1,3994.96967796,0.0666060054595,0.0319546139174
representative_minus_mean,Both,all,-130.410122806,1,167.626380709,0.066787989081,0.0319835499222
representative_minus_mean,Both,all,-130.348637428,1,102.829715143,0.0669699727025,0.0320013005955
representative_minus_mean,Both,all,-130.331419271,1,2769.31072476,0.0671519563239,0.032479344612
representative_minus_mean,Both,all,-130.311467724,1,2597.14129234,0.0673339399454,0.0329276683929
representative_minus_mean,Both,all,-130.23100678,1,1235.41364181,0.0675159235669,0.0331409279935
representative_minus_mean,Both,all,-130.21075272,1,2058.47117318,0.0676979071884,0.0334962654494
representative_minus_mean,Both,all,-130.160617121,1,896.313608304,0.0678798908098,0.0336509889166
representative_minus_mean,Both,all,-130.036697358,1,1813.32804148,0.0680618744313,0.0339640092694
representative_minus_mean,Both,all,-130.022693443,1,2036.81450659,0.0682438580528,0.0343156083077
representative_minus_mean,Both,all,-130.019534386,1,1785.22527252,0.0684258416742,0.0346237775037
representative_minus_mean,Both,all,-129.968244032,1,21.5258339563,0.0686078252957,0.0346274933366
representative_minus_mean,Both,all,-129.874233755,1,596.375222482,0.0687898089172,0.0347304408333
representative_minus_mean,Both,all,-129.833888796,1,58.9620763789,0.0689717925387,0.0347406189862
representative_minus_mean,Both,all,-129.585965458,1,1026.45497036,0.0691537761601,0.0349178077185
representative_minus_mean,Both,all,-129.186580998,1,2316.70317507,0.0693357597816,0.0353177217046
representative_minus_mean,Both,all,-128.49042886,1,1083.19635044,0.0695177434031,0.0355047052487
representative_minus_mean,Both,all,-128.453203396,1,3800.12726518,0.0696997270246,0.0361606909004
representative_minus_mean,Both,all,-128.209232947,1,583.504882219,0.069881710646,0.036261416693
representative_minus_mean,Both,all,-128.199251091,1,3406.36414117,0.0700636942675,0.0368494301582
representative_minus_mean,Both,all,-128.163148447,1,852.146169659,0.070245677889,0.0369965293529
representative_minus_mean,Both,all,-128.058508475,1,723.241907903,0.0704276615105,0.0371213768333
representative_minus_mean,Both,all,-128.014392019,1,1381.33026895,0.0706096451319,0.0373598248572
representative_minus_mean,Both,all,-127.364585329,1,62.7238006421,0.0707916287534,0.0373706523664
representative_minus_mean,Both,all,-127.234507742,1,9.7411161386,0.0709736123749,0.0373723338976
representative_minus_mean,Both,all,-126.951027188,1,2006.72181465,0.0711555959964,0.0377187382745
representative_minus_mean,Both,all,-126.522291905,1,22.1501384228,0.0713375796178,0.0377225618762
representative_minus_mean,Both,all,-126.465609694,1,4195.02457156,0.0715195632393,0.0384467154995
representative_minus_mean,Both,all,-126.239440677,1,25.081901818,0.0717015468608,0.0384510451881
representative_minus_mean,Both,all,-126.147770862,1,10.6905374688,0.0718835304823,0.0384528906102
representative_minus_mean,Both,all,-125.955084652,1,91.4679161672,0.0720655141037,0.0384686799869
representative_minus_mean,Both,all,-125.329714585,1,1079.37294816,0.0722474977252,0.0386550035275
representative_minus_mean,Both,all,-125.252632539,1,1013.3776833,0.0724294813467,0.0388299348321
representative_minus_mean,Both,all,-124.837349907,1,3020.32161181,0.0726114649682,0.0393513088553
representative_minus_mean,Both,all,-124.669345565,1,5.06417160219,0.0727934485896,0.0393521830429
representative_minus_mean,Both,all,-124.651465469,1,2294.17455673,0.0729754322111,0.0397482080933
representative_minus_mean,Both,all,-124.523088536,1,46.492518778,0.0731574158326,0.0397562337259
representative_minus_mean,Both,all,-124.071716047,1,32.3973873338,0.073339399454,0.0397618262284
representative_minus_mean,Both,all,-124.01758103,1,8.64745820974,0.0735213830755,0.0397633189702
representative_minus_mean,Both,all,-124.011003823,1,2122.0046065,0.073703366697,0.0401296236957
representative_minus_mean,Both,all,-123.968275832,1,287.165664091,0.0738853503185,0.0401791948132
representative_minus_mean,Both,all,-123.846096676,1,900.593675753,0.0740673339399,0.0403346571144
representative_minus_mean,Both,all,-123.687614534,1,53.0665651797,0.0742493175614,0.0403438175722
representative_minus_mean,Both,all,-123.34193172,1,757.286093761,0.0744313011829,0.0404745418288
representative_minus_mean,Both,all,-123.168747354,1,27.6649808567,0.0746132848044,0.0404793174137
representative_minus_mean,Both,all,-123.109715809,1,21.682411596,0.0747952684258,0.0404830602755
representative_minus_mean,Both,all,-123.023825678,1,1583.08964277,0.0749772520473,0.0407563364104
representative_minus_mean,Both,all,-122.858960712,1,2355.91219498,0.0751592356688,0.0411630187367
representative_minus_mean,Both,all,-122.666273649,1,51.6258521085,0.0753412192903,0.0411719304957
representative_minus_mean,Both,all,-122.499206593,1,73.195169053,0.0755232029117,0.0411845655938
representative_minus_mean,Both,all,-122.475506449,1,65.1259182,0.0757051865332,0.0411958077615
representative_minus_mean,Both,all,-122.338873,1,4.8919959937,0.0758871701547,0.0411966522277
representative_minus_mean,Both,all,-122.21675869,1,3.37206876008,0.0760691537762,0.041197234321
representative_minus_mean,Both,all,-121.39739858,1,61.5634205277,0.0762511373976,0.0412078615232
representative_minus_mean,Both,all,-121.327315395,1,319.107655834,0.0764331210191,0.0412629465319
representative_minus_mean,Both,all,-121.271870473,1,73.8937187539,0.0766151046406,0.041275702215
representative_minus_mean,Both,all,-121.15345404,1,2636.10307354,0.0767970882621,0.0417307516574
representative_minus_mean,Both,all,-121.031718262,1,28.4671700779,0.0769790718835,0.0417356657178
representative_minus_mean,Both,all,-120.920176173,1,4545.19347128,0.077161055505,0.0425202662045
representative_minus_mean,Both,all,-120.844672607,1,2780.24017548,0.0773430391265,0.0430001968848
representative_minus_mean,Both,all,-120.704824893,1,467.308208547,0.077525022748,0.0430808645726
representative_minus_mean,Both,all,-120.342797795,1,3910.26427305,0.0777070063694,0.0437558622974
representative_minus_mean,Both,all,-120.229447458,1,972.042364036,0.0778889899909,0.0439236582156
representative_minus_mean,Both,all,-119.79440362,1,285.494679013,0.0780709736124,0.0439729408843
representative_minus_mean,Both,all,-119.691440625,1,1353.63682898,0.0782529572338,0.0442066084106
representative_minus_mean,Both,all,-119.595855129,1,497.757234233,0.0784349408553,0.0442925322707
representative_minus_mean,Both,all,-119.526891301,1,2819.32853436,0.0786169244768,0.0447792104626
representative_minus_mean,Both,all,-119.387559918,1,1117.08369258,0.0787989080983,0.0449720437082
representative_minus_mean,Both,all,-119.345846064,1,2343.84473206,0.0789808917197,0.0453766429247
representative_minus_mean,Both,all,-119.293156672,1,3202.93326853,0.0791628753412,0.0459295397414
representative_minus_mean,Both,all,-119.282786127,1,691.461384886,0.0793448589627,0.0460489012036
representative_minus_mean,Both,all,-119.180445553,1,214.406820193,0.0795268425842,0.0460859125424
representative_minus_mean,Both,all,-119.176528038,1,148.06358535,0.0797088262056,0.0461114715779
representative_minus_mean,Both,all,-118.830753034,1,203.75706247,0.0798908098271,0.046146644534
representative_minus_mean,Both,all,-118.822739858,1,800.299911671,0.0800727934486,0.0462847939228
representative_minus_mean,Both,all,-118.552133463,1,3147.82576846,0.0802547770701,0.0468281779714
representative_minus_mean,Both,all,-118.533613755,1,1757.35150301,0.0804367606915,0.0471315355409
representative_minus_mean,Both,all,-118.372141005,1,1.69934714599,0.080618744313,0.0471318288857
representative_minus_mean,Both,all,-118.054650829,1,2373.76002196,0.0808007279345,0.0475415921401
representative_minus_mean,Both,all,-117.987461059,1,558.711454483,0.080982711556,0.047638038041
representative_minus_mean,Both,all,-117.624303596,1,45.3444334386,0.0811646951774,0.0476458654887
representative_minus_mean,Both,all,-117.463070953,1,2634.3321413,0.0813466787989,0.0481006092292
representative_minus_mean,Both,all,-117.414688806,1,2412.10680076,0.0815286624204,0.048516991982
representative_minus_mean,Both,all,-116.974532337,1,1758.33041182,0.0817106460419,0.0488205185328
representative_minus_mean,Both,all,-116.971157246,1,963.126685336,0.0818926296633,0.0489867754085
representative_minus_mean,Both,all,-116.789796114,1,77.3212703775,0.0820746132848,0.0490001227625
representative_minus_mean,Both,all,-116.75792945,1,2391.24922901,0.0822565969063,0.0494129050392
representative_minus_mean,Both,all,-116.187791298,1,678.777916337,0.0824385805278,0.0495300770555
representative_minus_mean,Both,all,-116.184603721,1,3709.67462969,0.0826205641492,0.0501704485905
representative_minus_mean,Both,all,-116.173093204,1,154.772613225,0.0828025477707,0.0501971657519
representative_minus_mean,Both,all,-116.09805732,1,326.618165346,0.0829845313922,0.05025354724
representative_minus_mean,Both,all,-115.927154485,1,1850.34825594,0.0831665150136,0.050572958097
representative_minus_mean,Both,all,-115.742944937,1,806.632841694,0.0833484986351,0.050712200689
representative_minus_mean,Both,all,-115.209670526,1,1617.45436444,0.0835304822566,0.0509914089317
representative_minus_mean,Both,all,-115.113159947,1,597.690900547,0.0837124658781,0.0510945835434
representative_minus_mean,Both,all,-114.939740328,1,3.17065175843,0.0838944494995,0.0510951308677
representative_minus_mean,Both,all,-114.907712054,1,1409.80989541,0.084076433121,0.0513384951022
representative_minus_mean,Both,all,-114.726145119,1,1454.39580644,0.0842584167425,0.0515895558469
representative_minus_mean,Both,all,-114.406185915,1,72.9731948797,0.084440400364,0.0516021526274
representative_minus_mean,Both,all,-114.321976114,1,270.687480891,0.0846223839854,0.0516488792476
representative_minus_mean,Both,all,-114.20077654,1,1725.70886765,0.0848043676069,0.0519467746014
representative_minus_mean,Both,all,-114.010216588,1,2011.25434393,0.0849863512284,0.0522939613927
representative_minus_mean,Both,all,-114.007193144,1,1169.79136741,0.0851683348499,0.0524958931437
representative_minus_mean,Both,all,-113.906889422,1,139,0.0853503184713,0.0525198876048
representative_minus_mean,Both,all,-113.897102826,1,4165.48733468,0.0855323020928,0.0532389424505
representative_minus_mean,Both,all,-113.868891703,1,2713.93662544,0.0857142857143,0.0537074276779
representative_minus_mean,Both,all,-113.778627976,1,2320.81826839,0.0858962693358,0.0541080520197
representative_minus_mean,Both,all,-113.591440468,1,803.091198769,0.0860782529572,0.0542466832462
representative_minus_mean,Both,all,-113.566092233,1,1259.81627795,0.0862602365787,0.0544641552792
representative_minus_mean,Both,all,-113.023139407,1,4151.66820748,0.0864422202002,0.0551808246392
representative_minus_mean,Both,all,-112.850549556,1,1047.91754255,0.0866242038217,0.0553617182842
representative_minus_mean,Both,all,-112.660845121,1,1942.92466064,0.0868061874431,0.0556971098674
representative_minus_mean,Both,all,-112.548571789,1,3379.79234943,0.0869881710646,0.0562805364562
representative_minus_mean,Both,all,-111.765463895,1,47.3567376102,0.0871701546861,0.056288711272
representative_minus_mean,Both,all,-111.730263921,1,2572.53580845,0.0873521383076,0.0567327876045
representative_minus_mean,Both,all,-111.539251758,1,993.817994738,0.087534121929,0.0569043424761
representative_minus_mean,Both,all,-111.470393029,1,54.2654028326,0.0877161055505,0.0569137098796
representative_minus_mean,Both,all,-111.361081773,1,182.408125366,0.087898089172,0.056945197539
representative_minus_mean,Both,all,-111.30016716,1,61.7107745089,0.0880800727934,0.0569558501777
representative_minus_mean,Both,all,-111.149748211,1,204.685293187,0.0882620564149,0.0569911833669
representative_minus_mean,Both,all,-110.969833916,1,23.608414097,0.0884440400364,0.056995258699
representative_minus_mean,Both,all,-110.817391262,1,2674.21798827,0.0886260236579,0.057456887615
representative_minus_mean,Both,all,-110.59573221,1,204.177604929,0.0888080072793,0.057492133166
representative_minus_mean,Both,all,-110.382874492,1,2208.55999576,0.0889899909008,0.0578733792578
representative_minus_mean,Both,all,-110.256334233,1,30.3189221375,0.0891719745223,0.0578786129715
representative_minus_mean,Both,all,-110.095012394,1,204.289505247,0.0893539581438,0.0579138778389
representative_minus_mean,Both,all,-109.808977267,1,106.106944346,0.0895359417652,0.0579321942342
representative_minus_mean,Both,all,-109.765925577,1,2713.82865948,0.0897179253867,0.0584006608243
representative_minus_mean,Both,all,-109.759779832,1,1326.91886432,0.0898999090082,0.0586297162415
representative_minus_mean,Both,all,-109.218638786,1,1783.2260018,0.0900818926297,0.0589375403193
representative_minus_mean,Both,all,-109.048414239,1,21.8209113058,0.0902638762511,0.0589413070892
representative_minus_mean,Both,all,-108.851619712,1,249.55084833,0.0904458598726,0.0589843850612
representative_minus_mean,Both,all,-108.814971044,1,4595.37115794,0.0906278434941,0.0597776473216
representative_minus_mean,Both,all,-108.717515492,1,361.388613193,0.0908098271156,0.0598400309547
representative_minus_mean,Both,all,-108.683337956,1,309.942180016,0.090991810737,0.0598935338004
representative_minus_mean,Both,all,-108.661306207,1,1041.40848843,0.0911737943585,0.0600733038393
representative_minus_mean,Both,all,-108.583130632,1,493.411195357,0.09135577798,0.0601584774774
representative_minus_mean,Both,all,-108.485337412,1,1478.87533055,0.0915377616015,0.060413763927
representative_minus_mean,Both,all,-108.425721652,1,12.9007779772,0.0917197452229,0.0604159908854
representative_minus_mean,Both,all,-108.409264843,1,550.553635973,0.0919017288444,0.0605110285672
representative_minus_mean,Both,all,-108.380183975,1,2354.52575166,0.0920837124659,0.0609174715629
representative_minus_mean,Both,all,-108.168135904,1,1469.5630017,0.0922656960874,0.0611711504995
representative_minus_mean,Both,all,-108.143561533,1,855.178798231,0.0924476797088,0.0613187731927
representative_minus_mean,Both,all,-108.016681233,1,27.5160607724,0.0926296633303,0.0613235230707
representative_minus_mean,Both,all,-107.964621508,1,28.9382362923,0.0928116469518,0.0613285184476
representative_minus_mean,Both,all,-107.941741966,1,308.021256704,0.0929936305732,0.0613816896997
representative_minus_mean,Both,all,-107.941488111,1,478.477292016,0.0931756141947,0.0614642854173
representative_minus_mean,Both,all,-107.871383713,1,109.737224249,0.0933575978162,0.0614832284788
representative_minus_mean,Both,all,-107.836414602,1,1551.27329953,0.0935395814377,0.0617510124122
representative_minus_mean,Both,all,-107.752446703,1,1612.39631895,0.0937215650591,0.0620293475248
representative_minus_mean,Both,all,-107.499640901,1,779.301583444,0.0939035486806,0.0621638721397
representative_minus_mean,Both,all,-107.425919408,1,1690.42416898,0.0940855323021,0.0624556765776
representative_minus_mean,Both,all,-107.395652611,1,773.272459542,0.0942675159236,0.062589160433
representative_minus_mean,Both,all,-107.238893347,1,1426.56122273,0.094449499545,0.0628354163155
representative_minus_mean,Both,all,-107.091889084,1,3009.35209161,0.0946314831665,0.063354896758
representative_minus_mean,Both,all,-107.032071254,1,1253.61171531,0.094813466788,0.0635712977469
representative_minus_mean,Both,all,-106.747440346,1,346.37123804,0.0949954504095,0.0636310890504
representative_minus_mean,Both,all,-106.58189438,1,4710.79134197,0.0951774340309,0.0644442753763
representative_minus_mean,Both,all,-106.524331796,1,4897.30239492,0.0953594176524,0.0652896576173
representative_minus_mean,Both,all,-106.499501734,1,1121.50079493,0.0955414012739,0.065483253352
representative_minus_mean,Both,all,-106.493916689,1,2689.7258189,0.0957233848954,0.0659475592611
representative_minus_mean,Both,all,-106.388067864,1,6.92315519143,0.0959053685168,0.0659487543501
representative_minus_mean,Both,all,-106.286908704,1,835.467139792,0.0960873521383,0.066092974377
representative_minus_mean,Both,all,-106.261663214,1,2653.0007482,0.0962693357598,0.0665509407301
representative_minus_mean,Both,all,-106.230352006,1,2177.95473916,0.0964513193813,0.0669269036807
representative_minus_mean,Both,all,-106.135258549,1,11.9273470943,0.0966333030027,0.0669289626035
representative_minus_mean,Both,all,-106.123993902,1,920.149333121,0.0968152866242,0.0670878006417
representative_minus_mean,Both,all,-106.111801391,1,1223.15977094,0.0969972702457,0.0672989449544
representative_minus_mean,Both,all,-106.037848712,1,639.572315205,0.0971792538672,0.0674093492206
representative_minus_mean,Both,all,-105.841104921,1,1184.43339416,0.0973612374886,0.0676138085078
representative_minus_mean,Both,all,-105.706374265,1,23.8196350276,0.0975432211101,0.0676179203014
representative_minus_mean,Both,all,-105.656242868,1,1881.83572267,0.0977252047316,0.0679427665886
representative_minus_mean,Both,all,-105.391371453,1,5116.39016112,0.097907188353,0.0688259682028
representative_minus_mean,Both,all,-105.305459519,1,3373.01186676,0.0980891719745,0.069408224331
representative_minus_mean,Both,all,-105.139909879,1,73.838445248,0.098271155596,0.0694209704727
representative_minus_mean,Both,all,-104.853429369,1,674.018144424,0.0984531392175,0.0695373208475
representative_minus_mean,Both,all,-104.733572666,1,165.458730233,0.0986351228389,0.0695658826681
representative_minus_mean,Both,all,-104.40485936,1,1397.64820667,0.0988171064604,0.0698071475273
representative_minus_mean,Both,all,-104.293502273,1,3310.77495686,0.0989990900819,0.0703786601943
representative_minus_mean,Both,all,-104.168953177,1,1458.70920749,0.0991810737034,0.0706304655269
representative_minus_mean,Both,all,-104.059446643,1,641.830457435,0.0993630573248,0.0707412595982
representative_minus_mean,Both,all,-104.019254653,1,477.350077141,0.0995450409463,0.0708236607336
representative_minus_mean,Both,all,-103.911672018,1,2412.47041346,0.0997270245678,0.071240106254
representative_minus_mean,Both,all,-103.868773764,1,1145.87376481,0.0999090081893,0.0714379093001
representative_minus_mean,Both,all,-103.793732162,1,5.91231417943,0.100090991811,0.0714389298957
representative_minus_mean,Both,all,-103.642136711,1,2923.9418644,0.100272975432,0.0719436666521
representative_minus_mean,Both,all,-103.608045631,1,78.9400642147,0.100454959054,0.0719572934456
representative_minus_mean,Both,all,-103.480517284,1,52.515541239,0.100636942675,0.0719663587845
representative_minus_mean,Both,all,-103.340445452,1,270.081174294,0.100818926297,0.0720129807429
representative_minus_mean,Both,all,-103.168577412,1,73.5875167885,0.101000909918,0.0720256835688
representative_minus_mean,Both,all,-102.997434303,1,832.332171893,0.10118289354,0.0721693624312
representative_minus_mean,Both,all,-102.921086368,1,617.825547792,0.101364877161,0.0722760127264
representative_minus_mean,Both,all,-102.904418839,1,1776.28813892,0.101546860783,0.0725826391763
representative_minus_mean,Both,all,-102.84921671,1,4940.77889924,0.101728844404,0.0734355264194
representative_minus_mean,Both,all,-102.783519458,1,36.0277362032,0.101910828025,0.0734417456001
representative_minus_mean,Both,all,-102.771782766,1,2206.79066897,0.102092811647,0.0738226862671
representative_minus_mean,Both,all,-102.705787385,1,528.735726749,0.102274795268,0.0739139576973
representative_minus_mean,Both,all,-102.701684339,1,2915.5576782,0.10245677889,0.0744172471585
representative_minus_mean,Both,all,-102.693199005,1,234.777461835,0.102638762511,0.0744577749187
representative_minus_mean,Both,all,-102.640555576,1,4013.28137698,0.102820746133,0.0751505556642
representative_minus_mean,Both,all,-102.45915048,1,1949.79194677,0.103002729754,0.0754871326922
representative_minus_mean,Both,all,-102.435945691,1,5.06227801411,0.103184713376,0.0754880065529
representative_minus_mean,Both,all,-102.251428781,1,93.1955294098,0.103366696997,0.0755040941536
representative_minus_mean,Both,all,-102.1888147,1,220.42051163,0.103548680619,0.075542143588
representative_minus_mean,Both,all,-102.154620446,1,9.27456968946,0.10373066424,0.075543744583
representative_minus_mean,Both,all,-102.106448136,1,124.540153323,0.103912647862,0.075565242956
representative_minus_mean,Both,all,-102.094288916,1,7.05349541978,0.104094631483,0.0755664605447
representative_minus_mean,Both,all,-101.974765799,1,4471.16508798,0.104276615105,0.0763382821022
representative_minus_mean,Both,all,-101.88389026,1,2455.77325268,0.104458598726,0.0767622026462
representative_minus_mean,Both,all,-101.870718475,1,2284.62160597,0.104640582348,0.077156578647
representative_minus_mean,Both,all,-101.75477748,1,101.985905855,0.104822565969,0.0771741836603
representative_minus_mean,Both,all,-101.615849082,1,77.809121103,0.105004549591,0.0771876152281
representative_minus_mean,Both,all,-101.57653908,1,1000.42201147,0.105186533212,0.0773603100984
representative_minus_mean,Both,all,-101.443259208,1,0.875775828418,0.105368516833,0.0773604612766
representative_minus_mean,Both,all,-101.321422226,1,1188.51971747,0.105550500455,0.0775656259532
representative_minus_mean,Both,all,-100.669444012,1,2290.74535698,0.105732484076,0.0779610590483
representative_minus_mean,Both,all,-100.616267058,1,45.8022228553,0.105914467698,0.0779689655206
representative_minus_mean,Both,all,-100.604589473,1,2697.13742712,0.106096451319,0.0784345508365
representative_minus_mean,Both,all,-100.538338222,1,2065.4478216,0.106278434941,0.0787910926154
representative_minus_mean,Both,all,-100.504489603,1,146.084519145,0.106460418562,0.0788163100205
representative_minus_mean,Both,all,-100.494889562,1,852.815667071,0.106642402184,0.0789635247852
representative_minus_mean,Both,all,-100.49368611,1,3088.66431341,0.106824385805,0.0794966962638
representative_minus_mean,Both,all,-100.116688632,1,1176.1271496,0.107006369427,0.0796997217103
representative_minus_mean,Both,all,-99.8338424006,1,2535.128243,0.107188353048,0.0801373406733
representative_minus_mean,Both,all,-99.8218462035,1,207.53303847,0.10737033667,0.080173165446
representative_minus_mean,Both,all,-99.7701425426,1,200.633539637,0.107552320291,0.0802077992132
representative_minus_mean,Both,all,-99.7037846517,1,1314.898325,0.107734303913,0.0804347796206
representative_minus_mean,Both,all,-99.7005868067,1,2430.86994603,0.107916287534,0.0808544013055
representative_minus_mean,Both,all,-99.4214547377,1,30.5527600899,0.108098271156,0.0808596753847
representative_minus_mean,Both,all,-99.3984806748,1,1014.3690785,0.108280254777,0.081034777826
representative_minus_mean,Both,all,-99.2122198991,1,1.04029991572,0.108462238399,0.0810349574047
representative_minus_mean,Both,all,-99.2072352125,1,1956.24684468,0.10864422202,0.0813726486902
representative_minus_mean,Both,all,-99.1702592878,1,3050.68804519,0.108826205641,0.0818992646286
representative_minus_mean,Both,all,-99.1446246596,1,172.410549375,0.109008189263,0.0819290264862
representative_minus_mean,Both,all,-99.109248049,1,151.685907704,0.109190172884,0.0819552108143
representative_minus_mean,Both,all,-98.995350835,1,1828.6031329,0.109372156506,0.0822708679842
representative_minus_mean,Both,all,-98.8160100327,1,524.502955713,0.109554140127,0.0823614087449
representative_minus_mean,Both,all,-98.8134175329,1,23.2957650936,0.109736123749,0.082365430107
representative_minus_mean,Both,all,-98.7702000469,1,707.661683535,0.10991810737,0.0824875880976
representative_minus_mean,Both,all,-98.7595553212,1,27.1154878163,0.110100090992,0.0824922688279
representative_minus_mean,Both,all,-98.6115147029,1,37.7981361404,0.110282074613,0.0824987936186
representative_minus_mean,Both,all,-98.4226891064,1,2543.08172274,0.110464058235,0.0829377855273
representative_minus_mean,Both,all,-98.341005244,1,23.9140114863,0.110646041856,0.0829419136123
representative_minus_mean,Both,all,-98.1962244275,1,2495.34365416,0.110828025478,0.0833726648791
representative_minus_mean,Both,all,-98.1592282312,1,36.1769501589,0.111010009099,0.0833789098174
representative_minus_mean,Both,all,-98.0904015073,1,2941.25467581,0.111191992721,0.0838866351463
representative_minus_mean,Both,all,-97.84862119,1,1367.65169343,0.111373976342,0.0841227219468
representative_minus_mean,Both,all,-97.7504217479,1,651.521136288,0.111555959964,0.0842351888426
representative_minus_mean,Both,all,-97.6654728925,1,919.760781901,0.111737943585,0.0843939598084
representative_minus_mean,Both,all,-97.6035792542,1,3415.76744321,0.111919927207,0.0849835964906
representative_minus_mean,Both,all,-97.5166100001,1,51.5403364229,0.112101910828,0.0849924934877
representative_minus_mean,Both,all,-97.4539113848,1,2075.23100698,0.112283894449,0.0853507240599
representative_minus_mean,Both,all,-97.4319145885,1,721.901472923,0.112465878071,0.0854753401517
representative_minus_mean,Both,all,-97.3682462869,1,1223.46589927,0.112647861692,0.0856865373089
representative_minus_mean,Both,all,-97.3104587337,1,3484.10857519,0.112829845314,0.0862879711755
representative_minus_mean,Both,all,-97.3082096267,1,2125.59414288,0.113011828935,0.0866548955341
representative_minus_mean,Both,all,-97.1170917164,1,27.0963503285,0.113193812557,0.0866595729608
representative_minus_mean,Both,all,-96.9896755743,1,4333.44199658,0.113375796178,0.0874076204798
representative_minus_mean,Both,all,-96.9874984217,1,1356.1891272,0.1135577798,0.087641728589
representative_minus_mean,Both,all,-96.9238716632,1,3293.4458528,0.113739763421,0.0882102498709
representative_minus_mean,Both,all,-96.5453171601,1,243.617834522,0.113921747043,0.0882523036741
representative_minus_mean,Both,all,-96.4354989667,1,260.480009815,0.114103730664,0.08829726826
representative_minus_mean,Both,all,-96.4053611745,1,20.7267615459,0.114285714286,0.0883008461555
representative_minus_mean,Both,all,-96.3511446035,1,26.3428903264,0.114467697907,0.0883053935185
representative_minus_mean,Both,all,-96.3236803293,1,3282.94185762,0.114649681529,0.0888721015796
representative_minus_mean,Both,all,-96.0621630752,1,3665.67457537,0.11483166515,0.0895048777362
representative_minus_mean,Both,all,-95.9051353825,1,1440.51034384,0.115013648772,0.0897535415443
representative_minus_mean,Both,all,-95.684167523,1,387.463137055,0.115195632393,0.0898204262144
representative_minus_mean,Both,all,-95.6296598547,1,3219.14178831,0.115377616015,0.0903761209785
representative_minus_mean,Both,all,-95.5837358082,1,1027.44895462,0.115559599636,0.0905534812944
representative_minus_mean,Both,all,-95.4301955968,1,322.820266987,0.115741583258,0.0906092071815
representative_minus_mean,Both,all,-95.376920996,1,3789.50699112,0.115923566879,0.0912633595401
representative_minus_mean,Both,all,-95.2705650783,1,4549.43230964,0.1161055505,0.0920486917437
representative_minus_mean,Both,all,-95.2521596552,1,3165.64029314,0.116287534122,0.0925951509715
representative_minus_mean,Both,all,-95.0156921539,1,2168.96058422,0.116469517743,0.0929695613329
representative_minus_mean,Both,all,-94.8697907501,1,17.5158043786,0.116651501365,0.0929725849464
representative_minus_mean,Both,all,-94.7617838452,1,0.349297185923,0.116833484986,0.0929726452428
representative_minus_mean,Both,all,-94.744767576,1,3404.04160948,0.117015468608,0.0935602577879
representative_minus_mean,Both,all,-94.6872365578,1,245.74059983,0.117197452229,0.0936026780271
representative_minus_mean,Both,all,-94.6607271758,1,3044.65822949,0.117379435851,0.0941282530865
representative_minus_mean,Both,all,-94.5361444766,1,3102.24992323,0.117561419472,0.0946637697405
representative_minus_mean,Both,all,-94.498545335,1,33.3064238778,0.117743403094,0.0946695191628
representative_minus_mean,Both,all,-94.4434396909,1,88.9714420175,0.117925386715,0.094684877593
representative_minus_mean,Both,all,-94.4184832644,1,40.643084233,0.118107370337,0.0946918934843
representative_minus_mean,Both,all,-94.3906849172,1,90.3459344777,0.118289353958,0.0947074891822
representative_minus_mean,Both,all,-94.3861268973,1,0.177948769911,0.11847133758,0.0947075199001
representative_minus_mean,Both,all,-94.3030797362,1,107.643933753,0.118653321201,0.0947261016136
representative_minus_mean,Both,all,-94.2371876958,1,643.060726432,0.118835304823,0.0948371080563
representative_minus_mean,Both,all,-94.2278386228,1,22.6761651431,0.119017288444,0.0948410224618
representative_minus_mean,Both,all,-94.1535337587,1,99.8481182216,0.119199272066,0.0948582584459
representative_minus_mean,Both,all,-94.0184155857,1,5.5925767396,0.119381255687,0.0948592238478
representative_minus_mean,Both,all,-93.7733131021,1,1779.25699036,0.119563239308,0.0951663627868
representative_minus_mean,Both,all,-93.7641208511,1,227.581468096,0.11974522293,0.09520564836
representative_minus_mean,Both,all,-93.7437619874,1,1855.2669823,0.119927206551,0.0955259082975
representative_minus_mean,Both,all,-93.7089365008,1,351.838355944,0.120109190173,0.0955866433459
representative_minus_mean,Both,all,-93.4764468978,1,504.079092375,0.120291173794,0.095673658498
representative_minus_mean,Both,all,-93.4648633403,1,46.4051791794,0.120473157416,0.0956816690538
representative_minus_mean,Both,all,-93.3187392722,1,349.070004922,0.120655141037,0.0957419262239
representative_minus_mean,Both,all,-93.2701007633,1,4738.40556208,0.120837124659,0.0965598793723
representative_minus_mean,Both,all,-93.1893334676,1,1485.3264153,0.12101910828,0.0968162794212
representative_minus_mean,Both,all,-93.1464542245,1,3374.85027144,0.121201091902,0.0973988528985
representative_minus_mean,Both,all,-93.1377144147,1,105.748218313,0.121383075523,0.0974171073698
representative_minus_mean,Both,all,-92.9108113583,1,449.426798782,0.121565059145,0.0974946883324
representative_minus_mean,Both,all,-92.6754791129,1,942.658908978,0.121747042766,0.0976574120192
representative_minus_mean,Both,all,-92.4671119082,1,328.213993044,0.121929026388,0.0977140689823
representative_minus_mean,Both,all,-92.2553627603,1,1907.18486012,0.122111010009,0.0980432910889
representative_minus_mean,Both,all,-92.2506375726,1,1248.4565394,0.122292993631,0.0982588021809
representative_minus_mean,Both,all,-92.2497277355,1,615.379831992,0.122474977252,0.0983650302917
representative_minus_mean,Both,all,-92.1818712942,1,3006.762033,0.122656960874,0.0988840636331
representative_minus_mean,Both,all,-92.1784920181,1,9.11310492926,0.122838944495,0.0988856367557
representative_minus_mean,Both,all,-92.0584244949,1,1622.03622886,0.123020928116,0.099165635929
representative_minus_mean,Both,all,-91.963580489,1,16.6774527798,0.123202911738,0.0991685148246
representative_minus_mean,Both,all,-91.8850139367,1,165.754614278,0.123384895359,0.0991971277212
representative_minus_mean,Both,all,-91.7907039653,1,2430.89933319,0.123566878981,0.099616754479
representative_minus_mean,Both,all,-91.7666596291,1,2013.99342349,0.123748862602,0.0999644140958
representative_minus_mean,Both,all,-91.5077504793,1,4126.7718665,0.123930846224,0.100676785799
representative_minus_mean,Both,all,-91.4877808685,1,1215.98363481,0.124112829845,0.100886691353
representative_minus_mean,Both,all,-91.4645838846,1,155.208897036,0.124294813467,0.100913483826
representative_minus_mean,Both,all,-91.4629377341,1,3217.22183743,0.124476797088,0.101468847165
representative_minus_mean,Both,all,-91.2992131304,1,1910,0.12465878071,0.101798555226
representative_minus_mean,Both,all,-91.2697477409,1,141.037230102,0.124840764331,0.101822901358
representative_minus_mean,Both,all,-91.1764651868,1,1876.84395762,0.125022747953,0.102146885957
representative_minus_mean,Both,all,-90.6902361018,1,2410.8640713,0.125204731574,0.102563054187
representative_minus_mean,Both,all,-90.5297887603,1,967.475597671,0.125386715196,0.102730061781
representative_minus_mean,Both,all,-90.3591198465,1,1786.71337522,0.125568698817,0.103038487856
representative_minus_mean,Both,all,-90.2861544923,1,4462.06882957,0.125750682439,0.103808739199
representative_minus_mean,Both,all,-90.1106440799,1,650.188903896,0.12593266606,0.103920976122
representative_minus_mean,Both,all,-90.0642196823,1,311.629185296,0.126114649682,0.103974770182
representative_minus_mean,Both,all,-89.9545803226,1,550.949830878,0.126296633303,0.104069876256
representative_minus_mean,Both,all,-89.9110468595,1,10.4932403959,0.126478616924,0.104071687621
representative_minus_mean,Both,all,-89.8863349111,1,1816.4121023,0.126660600546,0.10438524035
representative_minus_mean,Both,all,-89.8434962614,1,1858.76373673,0.126842584167,0.104706103904
representative_minus_mean,Both,all,-89.8255814722,1,3320.97290974,0.127024567789,0.105279376963
representative_minus_mean,Both,all,-89.7815295569,1,1576.32682444,0.12720655141,0.105551485686
representative_minus_mean,Both,all,-89.7288982413,1,33.1209868338,0.127388535032,0.105557203098
representative_minus_mean,Both,all,-89.6061986696,1,17.8468049121,0.127570518653,0.105560283849
representative_minus_mean,Both,all,-89.5917201969,1,3361.8379196,0.127752502275,0.106140611108
representative_minus_mean,Both,all,-89.5766809022,1,1001.154918,0.127934485896,0.106313432494
representative_minus_mean,Both,all,-89.5054025696,1,1594.23934137,0.128116469518,0.106588633313
representative_minus_mean,Both,all,-89.4946238099,1,35.9184301762,0.128298453139,0.106594833625
representative_minus_mean,Both,all,-89.3696874344,1,3115.40997439,0.128480436761,0.107132621993
representative_minus_mean,Both,all,-89.3456551501,1,2100.36420753,0.128662420382,0.10749519111
representative_minus_mean,Both,all,-89.2846496127,1,4391.96492347,0.128844404004,0.108253340975
representative_minus_mean,Both,all,-89.2693342359,1,2387.70282004,0.129026387625,0.108665511063
representative_minus_mean,Both,all,-89.2512206586,1,2.06313444149,0.129208371247,0.108665867205
representative_minus_mean,Both,all,-88.7339967931,1,2057.44000727,0.129390354868,0.109021026659
representative_minus_mean,Both,all,-88.722414278,1,881.823801999,0.12957233849,0.109173248867
representative_minus_mean,Both,all,-88.6803304468,1,2563.75250735,0.129754322111,0.109615809008
representative_minus_mean,Both,all,-88.6695872218,1,1911.51070976,0.129936305732,0.109945777852
representative_minus_mean,Both,all,-88.6088927007,1,1095.01154062,0.130118289354,0.110134800958
representative_minus_mean,Both,all,-88.595691325,1,23.713607549,0.130300272975,0.110138894449
representative_minus_mean,Both,all,-88.5642474146,1,732.96390563,0.130482256597,0.11026542016
representative_minus_mean,Both,all,-88.3923868814,1,2478.48323281,0.130664240218,0.110693260947
representative_minus_mean,Both,all,-88.2875570634,1,1087.70616303,0.13084622384,0.110881022984
representative_minus_mean,Both,all,-88.2739990213,1,159.742968295,0.131028207461,0.110908598138
representative_minus_mean,Both,all,-88.1946036666,1,3364.25773935,0.131210191083,0.111489343111
representative_minus_mean,Both,all,-88.0920310207,1,2630.75246718,0.131392174704,0.111943468921
representative_minus_mean,Both,all,-88.0748549938,1,2045.40557033,0.131574158326,0.112296550966
representative_minus_mean,Both,all,-88.0572824871,1,3372.6076126,0.131756141947,0.112878737311
representative_minus_mean,Both,all,-88.0427914812,1,1295.56781587,0.131938125569,0.113102380847
representative_minus_mean,Both,all,-88.013635412,1,2208.04671015,0.13212010919,0.113483538334
representative_minus_mean,Both,all,-87.9735366678,1,139.894826663,0.132302092812,0.113507687262
representative_minus_mean,Both,all,-87.6455303247,1,4150.87390912,0.132484076433,0.114224219509
representative_minus_mean,Both,all,-87.4790966112,1,150.008400772,0.132666060055,0.114250114262
representative_minus_mean,Both,all,-87.4051956428,1,1617.74424281,0.132848043676,0.114529372544
representative_minus_mean,Both,all,-87.187430722,1,304.469893857,0.133030027298,0.114581930753
representative_minus_mean,Both,all,-87.0970919239,1,35.5351144772,0.133212010919,0.114588064896
representative_minus_mean,Both,all,-86.8313451012,1,1.0820443681,0.13339399454,0.114588251681
representative_minus_mean,Both,all,-86.7883692519,1,12.690173193,0.133575978162,0.114590442284
representative_minus_mean,Both,all,-86.7557959107,1,2488.31041055,0.133757961783,0.115019979458
representative_minus_mean,Both,all,-86.7474357073,1,1015.08149395,0.133939945405,0.115195204878
representative_minus_mean,Both,all,-86.670512031,1,1399.31627015,0.134121929026,0.115436757682
representative_minus_mean,Both,all,-86.6574684641,1,1667.31928523,0.134303912648,0.115724573708
representative_minus_mean,Both,all,-86.6002865519,1,127.911640511,0.134485896269,0.115746654074
representative_minus_mean,Both,all,-86.4327880397,1,3441.6829651,0.134667879891,0.116340764346
representative_minus_mean,Both,all,-85.9885622214,1,2774.8127668,0.134849863512,0.116819758136
representative_minus_mean,Both,all,-85.9644461683,1,259.377913816,0.135031847134,0.116864532476
representative_minus_mean,Both,all,-85.9374180713,1,705.750173583,0.135213830755,0.116986360498
representative_minus_mean,Both,all,-85.9355781938,1,3540.55985529,0.135395814377,0.117597539098
representative_minus_mean,Both,all,-85.8118995951,1,122.223023244,0.135577797998,0.117618637484
representative_minus_mean,Both,all,-85.7769641235,1,2992.62072258,0.13575978162,0.118135229723
representative_minus_mean,Both,all,-85.7440328914,1,2992.14792745,0.135941765241,0.118651740348
representative_minus_mean,Both,all,-85.598267984,1,3511.19597712,0.136123748863,0.119257850097
representative_minus_mean,Both,all,-85.5696652228,1,2.10218088219,0.136305732484,0.11925821298
representative_minus_mean,Both,all,-85.5520974843,1,1004.62611855,0.136487716106,0.119431633571
representative_minus_mean,Both,all,-85.5427707279,1,1330.23980378,0.136669699727,0.119661262256
representative_minus_mean,Both,all,-85.4020463324,1,1.26733135174,0.136851683348,0.119661481025
representative_minus_mean,Both,all,-85.3439901072,1,3893.26566953,0.13703366697,0.120333544417
representative_minus_mean,Both,all,-85.192657932,1,1383.53221706,0.137215650591,0.120572372545
representative_minus_mean,Both,all,-85.1925561552,1,3561.6137692,0.137397634213,0.121187185515
representative_minus_mean,Both,all,-84.9421009717,1,2652.20960298,0.137579617834,0.121645015299
representative_minus_mean,Both,all,-84.8604167454,1,113.230422254,0.137761601456,0.121664561364
representative_minus_mean,Both,all,-84.6936329266,1,2842.25551525,0.137943585077,0.122155197257
representative_minus_mean,Both,all,-84.6751551861,1,77.4081614073,0.138125568699,0.122168559611
representative_minus_mean,Both,all,-84.4664514191,1,2181.89236593,0.13830755232,0.122545202282
representative_minus_mean,Both,all,-84.3932263311,1,2384.53171537,0.138489535942,0.122956824968
representative_minus_mean,Both,all,-84.2879403495,1,774.104855038,0.138671519563,0.123090452513
representative_minus_mean,Both,all,-84.1439867131,1,1644.89040646,0.138853503185,0.123374396821
representative_minus_mean,Both,all,-84.0637459386,1,2115.07089272,0.139035486806,0.123739504635
representative_minus_mean,Both,all,-84.0367135323,1,1339.44449358,0.139217470428,0.123970722251
representative_minus_mean,Both,all,-83.9576704294,1,1244.42765561,0.139399454049,0.124185537869
representative_minus_mean,Both,all,-83.8400371359,1,2017.83084045,0.139581437671,0.124533859909
representative_minus_mean,Both,all,-83.5585427362,1,587.422555737,0.139763421292,0.124635261978
representative_minus_mean,Both,all,-83.5348824749,1,0.41046140283,0.139945404914,0.124635332833
representative_minus_mean,Both,all,-83.3087330085,1,3004.06301373,0.140127388535,0.125153900264
representative_minus_mean,Both,all,-83.2694518756,1,1393.25043999,0.140309372157,0.125394405972
representative_minus_mean,Both,all,-83.0427693868,1,2.83051118779,0.140491355778,0.12539489458
representative_minus_mean,Both,all,-83.0380580913,1,3585.66067054,0.140673339399,0.126013858575
representative_minus_mean,Both,all,-82.9871517712,1,1155.15111926,0.140855323021,0.126213263097
representative_minus_mean,Both,all,-82.9017230957,1,1524.33593223,0.141037306642,0.126476397047
representative_minus_mean,Both,all,-82.8618280207,1,4301.34259447,0.141219290264,0.127218903503
representative_minus_mean,Both,all,-82.7743465115,1,1045.69311043,0.141401273885,0.127399413162
representative_minus_mean,Both,all,-82.7350301983,1,45.8779697919,0.141583257507,0.127407332709
representative_minus_mean,Both,all,-82.494377393,1,543.827127628,0.141765241128,0.127501209248
representative_minus_mean,Both,all,-82.4678202555,1,1.91920769687,0.14194722475,0.127501540545
representative_minus_mean,Both,all,-82.3851764115,1,2241.26673877,0.142129208371,0.127888432541
representative_minus_mean,Both,all,-82.3749283123,1,7.03961368648,0.142311191993,0.127889647734
representative_minus_mean,Both,all,-82.3662040138,1,1.97374902025,0.142493175614,0.127889988446
representative_minus_mean,Both,all,-82.2911443709,1,213.237079607,0.142675159236,0.127926797862
representative_minus_mean,Both,all,-81.7838748566,1,446.031939745,0.142857142857,0.128003792797
representative_minus_mean,Both,all,-81.7772515401,1,1428.54876762,0.143039126479,0.128250391774
representative_minus_mean,Both,all,-81.7044868163,1,2185.07350701,0.1432211101,0.12862758358
representative_minus_mean,Both,all,-81.604488498,1,1571.34710061,0.143403093722,0.128898832694
representative_minus_mean,Both,all,-81.6027304499,1,9.28333726078,0.143585077343,0.128900435202
representative_minus_mean,Both,all,-81.5599078167,1,1060.49100259,0.143767060965,0.129083499303
representative_minus_mean,Both,all,-81.2725248216,1,88.9981411472,0.143949044586,0.129098862342
representative_minus_mean,Both,all,-81.2508225725,1,474.710135626,0.144131028207,0.129180807766
representative_minus_mean,Both,all,-80.973243163,1,1449.7208301,0.144313011829,0.129431061507
representative_minus_mean,Both,all,-80.7414483803,1,39.2337224042,0.14449499545,0.129437834111
representative_minus_mean,Both,all,-80.5816251558,1,26,0.144676979072,0.129442322284
representative_minus_mean,Both,all,-80.5252226198,1,3597.66160695,0.144858962693,0.130063357904
representative_minus_mean,Both,all,-80.4202278781,1,3630.63014632,0.145040946315,0.130690084621
representative_minus_mean,Both,all,-80.4112165723,1,227.567113612,0.145222929936,0.130729367716
representative_minus_mean,Both,all,-80.3323896717,1,1.43715734809,0.145404913558,0.130729615801
representative_minus_mean,Both,all,-80.2632753529,1,30.3986273462,0.145586897179,0.130734863273
representative_minus_mean,Both,all,-80.2354217007,1,1219.22977787,0.145768880801,0.130945329183
representative_minus_mean,Both,all,-80.2329082926,1,44.1828656976,0.145950864422,0.130952956118
representative_minus_mean,Both,all,-80.228329162,1,2290.66998778,0.146132848044,0.131348376203
representative_minus_mean,Both,all,-80.1508369668,1,5.69109127646,0.146314831665,0.131349358611
representative_minus_mean,Both,all,-80.0904794921,1,3947.06068237,0.146496815287,0.132030708206
representative_minus_mean,Both,all,-80.0811173672,1,55.4304820754,0.146678798908,0.132040276728
representative_minus_mean,Both,all,-79.9226487186,1,33.0507015952,0.14686078253,0.132045982007
representative_minus_mean,Both,all,-79.8170281722,1,117.832056074,0.147042766151,0.132066322415
representative_minus_mean,Both,all,-79.596582926,1,1007.16089324,0.147224749773,0.132240180564
representative_minus_mean,Both,all,-79.3730953666,1,16.0175698048,0.147406733394,0.13224294555
representative_minus_mean,Both,all,-79.365279127,1,2554.95133463,0.147588717015,0.132683986415
representative_minus_mean,Both,all,-79.3539407834,1,1587.15845475,0.147770700637,0.132957964916
representative_minus_mean,Both,all,-79.2910799703,1,8.85033382887,0.147952684258,0.132959492679
representative_minus_mean,Both,all,-79.1895644173,1,1949.13894327,0.14813466788,0.133295956984
representative_minus_mean,Both,all,-79.1844852717,1,4054.13742826,0.148316651501,0.133995790384
representative_minus_mean,Both,all,-79.1657054022,1,860.718789693,0.148498635123,0.134144369401
representative_minus_mean,Both,all,-79.0871681447,1,202.22623264,0.148680618744,0.134179278103
representative_minus_mean,Both,all,-79.0789062929,1,674.864570875,0.148862602366,0.134295774589
representative_minus_mean,Both,all,-79.0134225822,1,2471.09379502,0.149044585987,0.134722339796
representative_minus_mean,Both,all,-78.9993055387,1,2346.87327168,0.149226569609,0.135127461806
representative_minus_mean,Both,all,-78.9771778896,1,1906.24931799,0.14940855323,0.135456522417
representative_minus_mean,Both,all,-78.7401590686,1,1746.03400307,0.149590536852,0.135757926337
representative_minus_mean,Both,all,-78.6793903665,1,31.0876426286,0.149772520473,0.135763292748
representative_minus_mean,Both,all,-78.5814877281,1,650.437582188,0.149954504095,0.135875572599
representative_minus_mean,Both,all,-78.5028624793,1,444.89135041,0.150136487716,0.135952370643
representative_minus_mean,Both,all,-78.3850141332,1,1183.07788555,0.150318471338,0.13615659594
representative_minus_mean,Both,all,-77.9483258612,1,3239.48265386,0.150500454959,0.136715801985
representative_minus_mean,Both,all,-77.8726968687,1,4017.9237472,0.150682438581,0.137409384106
representative_minus_mean,Both,all,-77.8678876658,1,512.864406045,0.150864422202,0.137497915797
representative_minus_mean,Both,all,-77.8335373983,1,84.8590182079,0.151046405823,0.137512564332
representative_minus_mean,Both,all,-77.8237398893,1,306.342993115,0.151228389445,0.137565445879
representative_minus_mean,Both,all,-77.6346022539,1,3345.69514603,0.151410373066,0.13814298654
representative_minus_mean,Both,all,-77.3870832013,1,4017.92444376,0.151592356688,0.138836568781
representative_minus_mean,Both,all,-77.0681399732,1,1319.48342389,0.151774340309,0.139064340677
representative_minus_mean,Both,all,-77.0380287838,1,1971.86118974,0.151956323931,0.139404727343
representative_minus_mean,Both,all,-76.9191421692,1,983.855714738,0.152138307552,0.139574562505
representative_minus_mean,Both,all,-76.8329761944,1,2780.22608357,0.152320291174,0.140054490753
representative_minus_mean,Both,all,-76.8222726618,1,2143.89269106,0.152502274795,0.140424573844
representative_minus_mean,Both,all,-76.8077633461,1,1557.77239493,0.152684258417,0.140693479664
representative_minus_mean,Both,all,-76.6640244807,1,134,0.152866242038,0.140716611015
representative_minus_mean,Both,all,-76.6273157693,1,820.617284076,0.15304822566,0.14085826763
representative_minus_mean,Both,all,-76.5418416035,1,1276.86412887,0.153230209281,0.141078682498
representative_minus_mean,Both,all,-76.5352225339,1,2180.39586862,0.153412192903,0.141455066841
representative_minus_mean,Both,all,-76.3353692841,1,0.46407618053,0.153594176524,0.141455146951
representative_minus_mean,Both,all,-76.2504957658,1,216.996233953,0.153776160146,0.141492605279
representative_minus_mean,Both,all,-76.0964007104,1,63.7811077434,0.153958143767,0.141503615303
representative_minus_mean,Both,all,-76.0156519808,1,1220.61863952,0.154140127389,0.141714320961
representative_minus_mean,Both,all,-75.9083356885,1,3260.78424783,0.15432211101,0.14227720413
representative_minus_mean,Both,all,-75.7686001209,1,698.194542719,0.154504094631,0.142397727884
representative_minus_mean,Both,all,-75.7628558715,1,45.4770789152,0.154686078253,0.142405578229
representative_minus_mean,Both,all,-75.7502442991,1,41.9461357573,0.154868061874,0.142412819056
representative_minus_mean,Both,all,-75.7373817352,1,181.545409832,0.155050045496,0.142444157792
representative_minus_mean,Both,all,-75.6621440022,1,4586.19985383,0.155232029117,0.143235836883
representative_minus_mean,Both,all,-75.6077087765,1,131.878070531,0.155414012739,0.143258601942
representative_minus_mean,Both,all,-75.5042862951,1,285.198897918,0.15559599636,0.143307833553
representative_minus_mean,Both,all,-75.4829984019,1,2484.72374638,0.155777979982,0.143736751589
representative_minus_mean,Both,all,-75.4771206802,1,162.148784131,0.155959963603,0.14376474204
representative_minus_mean,Both,all,-75.334314359,1,552.031549181,0.156141947225,0.143860034842
representative_minus_mean,Both,all,-75.2847357196,1,4125.03758733,0.156323930846,0.144572107171
representative_minus_mean,Both,all,-75.2618368138,1,3100.13802251,0.156505914468,0.145107259264
representative_minus_mean,Both,all,-75.1720811492,1,195.408849284,0.156687898089,0.145140991135
representative_minus_mean,Both,all,-75.1702491423,1,12.4794820458,0.156869881711,0.145143145368
representative_minus_mean,Both,all,-75.0411958372,1,34.6193610825,0.157051865332,0.145149121433
representative_minus_mean,Both,all,-74.6371961653,1,3092.08052715,0.157233848954,0.145682882625
representative_minus_mean,Both,all,-74.606114504,1,2574.7547248,0.157415832575,0.146127341991
representative_minus_mean,Both,all,-74.5303390266,1,232.47423493,0.157597816197,0.146167472164
representative_minus_mean,Both,all,-74.2158224088,1,4.15725531149,0.157779799818,0.146168189798
representative_minus_mean,Both,all,-74.2008623424,1,2666.04683294,0.157961783439,0.146628408192
representative_minus_mean,Both,all,-74.1626334529,1,3532.69814895,0.158143767061,0.147238229689
representative_minus_mean,Both,all,-74.1325246454,1,2224.27907783,0.158325750682,0.147622189241
representative_minus_mean,Both,all,-74.0963393693,1,3162.59544169,0.158507734304,0.14816812286
representative_minus_mean,Both,all,-73.9793009135,1,8.4839449322,0.158689717925,0.148169587376
representative_minus_mean,Both,all,-73.8905727928,1,1328.51266639,0.158871701547,0.148398917918
representative_minus_mean,Both,all,-73.7829716825,1,3048.92115252,0.159053685168,0.148925228852
representative_minus_mean,Both,all,-73.7499402098,1,37.4200555664,0.15923566879,0.148931688378
representative_minus_mean,Both,all,-73.673513865,1,1.10751977466,0.159417652411,0.14893187956
representative_minus_mean,Both,all,-73.6099525037,1,16.8108510049,0.159599636033,0.148934781483
representative_minus_mean,Both,all,-73.5551002815,1,107.377498316,0.159781619654,0.148953317204
representative_minus_mean,Both,all,-73.5223416135,1,2463.66280153,0.159963603276,0.149378599658
representative_minus_mean,Both,all,-73.3593023811,1,2579.44166295,0.160145586897,0.149823868093
representative_minus_mean,Both,all,-73.0774805383,1,1430.63772763,0.160327570519,0.15007082767
representative_minus_mean,Both,all,-72.9352603795,1,171.848291908,0.16050955414,0.15010049247
representative_minus_mean,Both,all,-72.9170344002,1,1803.14101811,0.160691537762,0.150411754318
representative_minus_mean,Both,all,-72.8489883403,1,2775.05577992,0.160873521383,0.150890790058
representative_minus_mean,Both,all,-72.6104459445,1,77.7418950299,0.161055505005,0.150904210021
representative_minus_mean,Both,all,-72.5112249786,1,62.5486011827,0.161237488626,0.150915007287
representative_minus_mean,Both,all,-72.375906439,1,164.577588485,0.161419472247,0.150943417003
representative_minus_mean,Both,all,-72.3352719602,1,1941.94517699,0.161601455869,0.151278639505
representative_minus_mean,Both,all,-72.3114079723,1,144.786641336,0.16178343949,0.151303632868
representative_minus_mean,Both,all,-72.0083158229,1,1894.91756159,0.161965423112,0.151630737369
representative_minus_mean,Both,all,-71.9455497104,1,2884.87559112,0.162147406733,0.152128730426
representative_minus_mean,Both,all,-71.8960614744,1,609.260136406,0.162329390355,0.152233902143
representative_minus_mean,Both,all,-71.8364775321,1,2939.96333152,0.162511373976,0.152741404557
representative_minus_mean,Both,all,-71.7820555202,1,590.697108019,0.162693357598,0.152843371886
representative_minus_mean,Both,all,-71.6986208986,1,268.554716991,0.162875341219,0.152889730345
representative_minus_mean,Both,all,-71.6045256197,1,1110.91371049,0.163057324841,0.153081498515
representative_minus_mean,Both,all,-71.5700626899,1,2816.4192318,0.163239308462,0.153567674498
representative_minus_mean,Both,all,-71.5368543324,1,3457.18187997,0.163421292084,0.154164460224
representative_minus_mean,Both,all,-71.5324184078,1,3718.18134053,0.163603275705,0.154806300204
representative_minus_mean,Both,all,-71.4569603029,1,599.823594781,0.163785259327,0.154909842966
representative_minus_mean,Both,all,-71.4360278715,1,2817.42706738,0.163967242948,0.155396192923
representative_minus_mean,Both,all,-71.4352171842,1,2943.43396578,0.16414922657,0.155904294445
representative_minus_mean,Both,all,-71.2962318151,1,3041.57967323,0.164331210191,0.156429338078
representative_minus_mean,Both,all,-71.1763005305,1,1490.8204043,0.164513193813,0.15668668651
representative_minus_mean,Both,all,-71.121457899,1,435.230568383,0.164695177434,0.156761816891
representative_minus_mean,Both,all,-71.0140832772,1,1299.59414285,0.164877161056,0.156986155459
representative_minus_mean,Both,all,-70.8905899845,1,41.6985162317,0.165059144677,0.156993353542
representative_minus_mean,Both,all,-70.7701630773,1,783.60442365,0.165241128298,0.157128620921
representative_minus_mean,Both,all,-70.7219856982,1,0.673299579966,0.16542311192,0.157128737148
representative_minus_mean,Both,all,-70.7204541964,1,2162.14651968,0.165605095541,0.157501971252
representative_minus_mean,Both,all,-70.6566172673,1,582.181993301,0.165787079163,0.157602468684
representative_minus_mean,Both,all,-70.61010835,1,1743.99716208,0.165969062784,0.157903521001
representative_minus_mean,Both,all,-70.4267839284,1,1202.23475475,0.166151046406,0.158111053195
representative_minus_mean,Both,all,-70.3514309582,1,980.598118321,0.166333030027,0.158280326024
representative_minus_mean,Both,all,-70.340963858,1,760.027701294,0.166515013649,0.158411523543
representative_minus_mean,Both,all,-70.3360613832,1,983.844231916,0.16669699727,0.158581356723
representative_minus_mean,Both,all,-70.2622322943,1,381.206212771,0.166878980892,0.158647161311
representative_minus_mean,Both,all,-70.2496045273,1,2275.88401341,0.167060964513,0.15904002901
representative_minus_mean,Both,all,-70.2460576817,1,150.416069225,0.167242948135,0.159065994136
representative_minus_mean,Both,all,-70.2015492514,1,882.524645811,0.167424931756,0.159218337325
representative_minus_mean,Both,all,-70.1712227081,1,625.593862328,0.167606915378,0.159326328603
representative_minus_mean,Both,all,-70.1170192962,1,74.0970415856,0.167788898999,0.159339119384
representative_minus_mean,Both,all,-70.0254548493,1,5695.87301675,0.167970882621,0.1603223525
representative_minus_mean,Both,all,-70.0039008844,1,2234.42438262,0.168152866242,0.160708063355
representative_minus_mean,Both,all,-69.935624234,1,1426.68613943,0.168334849864,0.160954340801
representative_minus_mean,Both,all,-69.9241679956,1,890.629067408,0.168516833485,0.161108082991
representative_minus_mean,Both,all,-69.7955899153,1,1465.08371842,0.168698817106,0.161360988704
representative_minus_mean,Both,all,-69.7913014352,1,2930.21108742,0.168880800728,0.161866807667
representative_minus_mean,Both,all,-69.7786719165,1,2384.00472999,0.169062784349,0.162278339383
representative_minus_mean,Both,all,-69.662463763,1,146.335727392,0.169244767971,0.162303600153
representative_minus_mean,Both,all,-69.5970203149,1,4022.31362443,0.169426751592,0.162997940063
representative_minus_mean,Both,all,-69.5948461359,1,256.954028438,0.169608735214,0.163042295987
representative_minus_mean,Both,all,-69.5288626476,1,24.5452447383,0.169790718835,0.163046533037
representative_minus_mean,Both,all,-69.5074392486,1,77.28248317,0.169972702457,0.163059873695
representative_minus_mean,Both,all,-69.4829309329,1,717.671542105,0.170154686078,0.163183759608
representative_minus_mean,Both,all,-69.4411048095,1,754.330856925,0.1703366697,0.163313973725
representative_minus_mean,Both,all,-69.3953924023,1,720.407523885,0.170518653321,0.163438331929
representative_minus_mean,Both,all,-69.3167329407,1,156,0.170700636943,0.163465260964
representative_minus_mean,Both,all,-69.3136866971,1,1347.65237993,0.170882620564,0.163697895443
representative_minus_mean,Both,all,-69.2433601126,1,2127.07458877,0.171064604186,0.164065075359
representative_minus_mean,Both,all,-68.9783225343,1,1973.30449036,0.171246587807,0.16440571117
representative_minus_mean,Both,all,-68.9431022395,1,1803.18097959,0.171428571429,0.164716979916
representative_minus_mean,Both,all,-68.8546040566,1,2426.60080446,0.17161055505,0.165135864653
representative_minus_mean,Both,all,-68.8470656847,1,132.998056911,0.171792538672,0.165158823047
representative_minus_mean,Both,all,-68.6396060158,1,2364.57974244,0.171974522293,0.165567001583
representative_minus_mean,Both,all,-68.566477538,1,3498.77065586,0.172156505914,0.166170966447
representative_minus_mean,Both,all,-68.526878915,1,1853.3250952,0.172338489536,0.166490891172
representative_minus_mean,Both,all,-68.4766413209,1,434.346893076,0.172520473157,0.166565869011
representative_minus_mean,Both,all,-68.4666948434,1,2181.89814618,0.172702456779,0.166942512681
representative_minus_mean,Both,all,-68.4385639687,1,1486.91985993,0.1728844404,0.167199187793
representative_minus_mean,Both,all,-68.3595381388,1,151.610382245,0.173066424022,0.167225359084
representative_minus_mean,Both,all,-68.2625885123,1,22.3057644407,0.173248407643,0.16722920955
representative_minus_mean,Both,all,-68.0242518451,1,422.045133786,0.173430391265,0.167302063834
representative_minus_mean,Both,all,-67.8995278395,1,1548.7350499,0.173612374886,0.16756940961
representative_minus_mean,Both,all,-67.8938082784,1,71.5062254711,0.173794358508,0.167581753159
representative_minus_mean,Both,all,-67.6095320764,1,1977.23396228,0.173976342129,0.167923067283
representative_minus_mean,Both,all,-67.5635704125,1,1444.68701946,0.174158325751,0.168172452078
representative_minus_mean,Both,all,-67.528639975,1,1487.186191,0.174340309372,0.168429173165
representative_minus_mean,Both,all,-67.5000159665,1,1857.51698609,0.174522292994,0.168749821503
representative_minus_mean,Both,all,-67.4740061912,1,35.7861947659,0.174704276615,0.168755998988
representative_minus_mean,Both,all,-67.2897214767,1,3374.52489309,0.174886260237,0.169338516298
representative_minus_mean,Both,all,-67.2879147387,1,1321.63449959,0.175068243858,0.169566659517
representative_minus_mean,Both,all,-67.2625514952,1,3085.47546806,0.17525022748,0.170099280531
representative_minus_mean,Both,all,-67.2395245897,1,12.1214384717,0.175432211101,0.170101372958
representative_minus_mean,Both,all,-67.1786060877,1,80.8311363702,0.175614194722,0.170115326192
representative_minus_mean,Both,all,-67.1291475035,1,412.317934575,0.175796178344,0.170186501348
representative_minus_mean,Both,all,-67.0811942284,1,629.46218566,0.175978161965,0.170295160383
representative_minus_mean,Both,all,-66.9732571745,1,3660.67707863,0.176160145587,0.170927073861
representative_minus_mean,Both,all,-66.9390911786,1,2129.54258583,0.176342129208,0.171294679808
representative_minus_mean,Both,all,-66.9151283227,1,86.1187494724,0.17652411283,0.171309545801
representative_minus_mean,Both,all,-66.8327119797,1,4467.50849249,0.176706096451,0.172080736149
representative_minus_mean,Both,all,-66.8272339393,1,514.322198098,0.176888080073,0.172169519487
representative_minus_mean,Both,all,-66.7563967237,1,2650.3328117,0.177070063694,0.172627025296
representative_minus_mean,Both,all,-66.7110829323,1,3795.92918649,0.177252047316,0.173282286267
representative_minus_mean,Both,all,-66.4551688498,1,2029.25600537,0.177434030937,0.173632580541
representative_minus_mean,Both,all,-66.4419141903,1,4.54881711344,0.177616014559,0.173633365767
representative_minus_mean,Both,all,-66.2403079606,1,2546.29049548,0.17779799818,0.174072911581
representative_minus_mean,Both,all,-66.2329535858,1,701.10913954,0.177979981802,0.174193938458
representative_minus_mean,Both,all,-66.1885878491,1,2694.88370306,0.178161965423,0.174659134731
representative_minus_mean,Both,all,-66.1255683107,1,631.154948931,0.178343949045,0.174768085975
representative_minus_mean,Both,all,-66.0520362632,1,66.1467336949,0.178525932666,0.174779504358
representative_minus_mean,Both,all,-66.0475790712,1,236.294956046,0.178707916288,0.174820294071
representative_minus_mean,Both,all,-65.954032067,1,2139.80599353,0.178889899909,0.175189671708
representative_minus_mean,Both,all,-65.8601368221,1,65,0.17907188353,0.175200892139
representative_minus_mean,Both,all,-65.8228762496,1,1822.28126947,0.179253867152,0.175515458016
representative_minus_mean,Both,all,-65.7685614223,1,20.3775937091,0.179435850773,0.175518975638
representative_minus_mean,Both,all,-65.6216005357,1,3543.9242278,0.179617834395,0.176130735003
representative_minus_mean,Both,all,-65.2943678362,1,891.298430146,0.179799818016,0.17628459274
representative_minus_mean,Both,all,-65.2552095813,1,101.684285132,0.179981801638,0.176302145687
representative_minus_mean,Both,all,-65.2542671749,1,605.087734158,0.180163785259,0.176406597155
representative_minus_mean,Both,all,-65.2293662536,1,1979.12107237,0.180345768881,0.176748237036
representative_minus_mean,Both,all,-65.127748788,1,411.690465167,0.180527752502,0.176819303877
representative_minus_mean,Both,all,-65.10094191,1,2218.55822889,0.180709736124,0.177202275884
representative_minus_mean,Both,all,-65.0969094845,1,1943.40400526,0.180891719745,0.177537750212
representative_minus_mean,Both,all,-64.8996188421,1,55.7876175908,0.181073703367,0.177547380384
representative_minus_mean,Both,all,-64.8682435407,1,979.893511782,0.181255686988,0.177716531583
representative_minus_mean,Both,all,-64.8385402271,1,1157.50345745,0.18143767061,0.17791634217
representative_minus_mean,Both,all,-64.8365939301,1,2144.89930025,0.181619654231,0.178286599024
representative_minus_mean,Both,all,-64.8359773117,1,1284.30317754,0.181801637853,0.178508298035
representative_minus_mean,Both,all,-64.7715225756,1,2502.83297996,0.181983621474,0.178940342124
representative_minus_mean,Both,all,-64.7384569706,1,343.615707824,0.182165605096,0.178999657763
representative_minus_mean,Both,all,-64.672702921,1,1479.74552262,0.182347588717,0.179255094427
representative_minus_mean,Both,all,-64.6138929625,1,9.0782811575,0.182529572338,0.179256661538
representative_minus_mean,Both,all,-64.4774713369,1,2608.18796018,0.18271155596,0.179706892217
representative_minus_mean,Both,all,-64.46751775,1,1151.3820917,0.182893539581,0.179905646121
representative_minus_mean,Both,all,-64.3703914248,1,178.737715709,0.183075523203,0.179936500187
representative_minus_mean,Both,all,-64.3299693056,1,4530.69792892,0.183257506824,0.180718598424
representative_minus_mean,Both,all,-64.231720007,1,519.736236723,0.183439490446,0.180808316344
representative_minus_mean,Both,all,-64.1989013695,1,2897.5995993,0.183621474067,0.181308505845
representative_minus_mean,Both,all,-64.1971928132,1,2172.37610674,0.183803457689,0.181683505801
representative_minus_mean,Both,all,-64.1791467759,1,1738.96979212,0.18398544131,0.181983690283
representative_minus_mean,Both,all,-64.1240974824,1,2961.95578397,0.184167424932,0.182494989079
representative_minus_mean,Both,all,-64.1204024771,1,82.635140059,0.184349408553,0.182509253724
representative_minus_mean,Both,all,-64.1146032171,1,338.464493312,0.184531392175,0.182567680149
representative_minus_mean,Both,all,-64.1013997774,1,237.48026574,0.184713375796,0.182608674472
representative_minus_mean,Both,all,-64.0495122068,1,261.904883481,0.184895359418,0.182653885023
representative_minus_mean,Both,all,-64.019382275,1,191.408846052,0.185077343039,0.182686926405
representative_minus_mean,Both,all,-63.9844902461,1,103.387407482,0.185259326661,0.182704773348
representative_minus_mean,Both,all,-63.9583971456,1,54.2475014171,0.185441310282,0.182714137662
representative_minus_mean,Both,all,-63.9252849826,1,772.578139781,0.185623293904,0.182847501662
representative_minus_mean,Both,all,-63.9139507334,1,228.71916951,0.185805277525,0.182886983628
representative_minus_mean,Both,all,-63.775343378,1,42.8049924296,0.185987261146,0.182894372712
representative_minus_mean,Both,all,-63.7714095782,1,125.284821157,0.186169244768,0.182915999631
representative_minus_mean,Both,all,-63.7297280936,1,2366.46396937,0.186351228389,0.183324503426
representative_minus_mean,Both,all,-63.7296616724,1,2762.26377407,0.186533212011,0.183801330984
representative_minus_mean,Both,all,-63.7034858137,1,34.3430369101,0.186715195632,0.183807259348
representative_minus_mean,Both,all,-63.6621941823,1,1503.99383158,0.186897179254,0.184066881804
representative_minus_mean,Both,all,-63.6567668854,1,117.211556972,0.187079162875,0.1840871151
representative_minus_mean,Both,all,-63.6498741186,1,668.155651429,0.187261146497,0.18420245348
representative_minus_mean,Both,all,-63.5711573122,1,2200.26948792,0.187443130118,0.184582268447
representative_minus_mean,Both,all,-63.5335519016,1,780.360590629,0.18762511374,0.18471697587
representative_minus_mean,Both,all,-63.5297052458,1,2981.11516552,0.187807097361,0.185231581997
representative_minus_mean,Both,all,-63.4922701675,1,3528.32334015,0.187989080983,0.185840648306
representative_minus_mean,Both,all,-63.3091504826,1,1561.62157142,0.188171064604,0.186110218579
representative_minus_mean,Both,all,-63.2984615032,1,3748.72110726,0.188353048226,0.186757330396
representative_minus_mean,Both,all,-63.2472691339,1,326.910790606,0.188535031847,0.186813762398
representative_minus_mean,Both,all,-63.2026590546,1,6.09794373204,0.188717015469,0.186814815037
representative_minus_mean,Both,all,-63.1418574608,1,8.93410145229,0.18889899909,0.18681635726
representative_minus_mean,Both,all,-62.9270288218,1,138.671293011,0.189080982712,0.186840294979
representative_minus_mean,Both,all,-62.8899593466,1,5.26337437476,0.189262966333,0.186841203553
representative_minus_mean,Both,all,-62.8794462746,1,3.14847978468,0.189444949955,0.18684174705
representative_minus_mean,Both,all,-62.6546997505,1,2536.64643991,0.189626933576,0.187279628087
representative_minus_mean,Both,all,-62.6440866387,1,875.534720873,0.189808917197,0.187430764661
representative_minus_mean,Both,all,-62.5570452644,1,833.171096168,0.189990900819,0.18757458834
representative_minus_mean,Both,all,-62.5321489171,1,1887.3589048,0.19017288444,0.18790038805
representative_minus_mean,Both,all,-62.4572172453,1,1983.93807313,0.190354868062,0.188242859451
representative_minus_mean,Both,all,-62.4291133598,1,2174.69802161,0.190536851683,0.188618260221
representative_minus_mean,Both,all,-62.4046688958,1,1321.35908923,0.190718835305,0.188846355898
representative_minus_mean,Both,all,-62.3712576433,1,2675.56900592,0.190900818926,0.18930821803
representative_minus_mean,Both,all,-62.337856145,1,1949.00493743,0.191082802548,0.189644659203
representative_minus_mean,Both,all,-62.2183331583,1,1205.17510888,0.191264786169,0.189852698967
representative_minus_mean,Both,all,-62.1037212499,1,324.515773307,0.191446769791,0.189908717536
representative_minus_mean,Both,all,-62.0594271003,1,367.2502963,0.191628753412,0.189972113024
representative_minus_mean,Both,all,-61.9864575091,1,649.35236765,0.191810737034,0.190084205543
representative_minus_mean,Both,all,-61.9279867679,1,1017.47313644,0.191992720655,0.190259843813
representative_minus_mean,Both,all,-61.8083391447,1,20.2568331364,0.192174704277,0.190263340588
representative_minus_mean,Both,all,-61.7947108254,1,10.9376221377,0.192356687898,0.190265228663
representative_minus_mean,Both,all,-61.7846133767,1,8.41101884896,0.19253867152,0.19026668059
representative_minus_mean,Both,all,-61.7495699581,1,303.161009324,0.192720655141,0.190319012856
representative_minus_mean,Both,all,-61.6994422934,1,395.498004128,0.192902638763,0.190387284521
representative_minus_mean,Both,all,-61.697106608,1,4071.11627327,0.193084622384,0.191090048844
representative_minus_mean,Both,all,-61.6739307365,1,947.436208232,0.193266606005,0.191253597197
representative_minus_mean,Both,all,-61.6108664024,1,2479.22915512,0.193448589627,0.191681566747
representative_minus_mean,Both,all,-61.5660838066,1,2724.62438404,0.193630573248,0.192151896917
representative_minus_mean,Both,all,-61.4032530482,1,272.87532647,0.19381255687,0.192199001207
representative_minus_mean,Both,all,-61.3995458246,1,498.362787123,0.193994540491,0.192285029599
representative_minus_mean,Both,all,-61.3055687865,1,3586.37258807,0.194176524113,0.192904116486
representative_minus_mean,Both,all,-61.2404246628,1,925.666192441,0.194358507734,0.193063906856
representative_minus_mean,Both,all,-61.1498407401,1,583.083291625,0.194540491356,0.193164559873
representative_minus_mean,Both,all,-61.0496539094,1,90.5206446765,0.194722474977,0.19318018573
representative_minus_mean,Both,all,-61.0313176104,1,2953.66431936,0.194904458599,0.193690053236
representative_minus_mean,Both,all,-60.9540936759,1,55.8580752763,0.19508644222,0.19369969557
representative_minus_mean,Both,all,-60.837483477,1,1285.42783154,0.195268425842,0.193921588721
representative_minus_mean,Both,all,-60.8313440971,1,3375.60308674,0.195450409463,0.194504292151
representative_minus_mean,Both,all,-60.8288569291,1,26.1765177616,0.195632393085,0.194508810795
representative_minus_mean,Both,all,-60.7651977128,1,2081.16868501,0.195814376706,0.194868066341
representative_minus_mean,Both,all,-60.7242245034,1,112.88029461,0.195996360328,0.194887551965
representative_minus_mean,Both,all,-60.6183024634,1,2.25686467564,0.196178343949,0.19488794155
representative_minus_mean,Both,all,-60.5655811541,1,245.812797568,0.196360327571,0.194930374252
representative_minus_mean,Both,all,-60.405982085,1,51.1463379952,0.196542311192,0.194939203236
representative_minus_mean,Both,all,-60.3609760643,1,4308.64257578,0.196724294813,0.195682969829
representative_minus_mean,Both,all,-60.3380351216,1,1677.33350449,0.196906278435,0.19597251453
representative_minus_mean,Both,all,-60.2052686338,1,627.078305677,0.197088262056,0.196080762055
representative_minus_mean,Both,all,-60.1888697539,1,847.318197656,0.197270245678,0.196227027835
representative_minus_mean,Both,all,-60.1388534588,1,1018.85642917,0.197452229299,0.196402904892
representative_minus_mean,Both,all,-60.1182036809,1,46.0558098452,0.197634212921,0.196410855139
representative_minus_mean,Both,all,-60.0615538164,1,3222.42685847,0.197816196542,0.196967116979
representative_minus_mean,Both,all,-60.0536624959,1,3196.26810974,0.197998180164,0.197518863242
representative_minus_mean,Both,all,-60.0160678428,1,3674.30167995,0.198180163785,0.198153128627
representative_minus_mean,Both,all,-59.9551963092,1,49.9078630827,0.198362147407,0.198161743823
representative_minus_mean,Both,all,-59.8750180386,1,2919.57749986,0.198544131028,0.198665727194
representative_minus_mean,Both,all,-59.8572445509,1,727.809470605,0.19872611465,0.198791363137
representative_minus_mean,Both,all,-59.8514679945,1,1942.84280062,0.198908098271,0.199126740589
representative_minus_mean,Both,all,-59.8313464023,1,1525.70243473,0.199090081893,0.199390110428
representative_minus_mean,Both,all,-59.8008439979,1,2756.6951646,0.199272065514,0.199865976721
representative_minus_mean,Both,all,-59.7798863509,1,2278.16175712,0.199454049136,0.20025923761
representative_minus_mean,Both,all,-59.6831725589,1,1832.3909584,0.199636032757,0.200575548642
representative_minus_mean,Both,all,-59.6814395175,1,545.981734325,0.199818016379,0.200669797113
representative_minus_mean,Both,all,-59.6237057942,1,3403.95443582,0.2,0.20125739461
representative_minus_mean,Both,all,-59.5780716896,1,2964.60551345,0.200181983621,0.201769150807
representative_minus_mean,Both,all,-59.4046276104,1,1858.50980692,0.200363967243,0.202089970528
representative_minus_mean,Both,all,-59.3978662517,1,135.637949007,0.200545950864,0.202113384625
representative_minus_mean,Both,all,-59.3500040635,1,2775.56301383,0.200727934486,0.202592507924
representative_minus_mean,Both,all,-59.3443530444,1,819.09829307,0.200909918107,0.202733902327
representative_minus_mean,Both,all,-59.327186238,1,3045.67722237,0.201091901729,0.203259653287
representative_minus_mean,Both,all,-59.251919591,1,4940.06435702,0.20127388535,0.204112417185
representative_minus_mean,Both,all,-59.2130401634,1,2770.31152264,0.201455868972,0.204590633961
representative_minus_mean,Both,all,-59.1958463079,1,104.672911141,0.201637852593,0.20460870281
representative_minus_mean,Both,all,-59.1753954149,1,2713.6268325,0.201819836215,0.205077134561
representative_minus_mean,Both,all,-59.0650953762,1,2100.7258424,0.202001819836,0.205439766103
representative_minus_mean,Both,all,-58.9945734317,1,8.55867224664,0.202183803458,0.205441243518
representative_minus_mean,Both,all,-58.9943375173,1,231.182166677,0.202365787079,0.205481150651
representative_minus_mean,Both,all,-58.9387475632,1,2468.8078773,0.202547770701,0.205907321259
representative_minus_mean,Both,all,-58.9200076515,1,1144.01529674,0.202729754322,0.206104803492
representative_minus_mean,Both,all,-58.7861355143,1,4356.63671943,0.202911737944,0.206856854931
representative_minus_mean,Both,all,-58.6804362235,1,2166.75080594,0.203093721565,0.207230883836
representative_minus_mean,Both,all,-58.6557518238,1,1.82478022374,0.203275705187,0.207231198833
representative_minus_mean,Both,all,-58.630548592,1,350.868027074,0.203457688808,0.207291766382
representative_minus_mean,Both,all,-58.6213366513,1,2274.38602867,0.203639672429,0.207684375496
representative_minus_mean,Both,all,-58.6102872149,1,2803.05946247,0.203821656051,0.208168245288
representative_minus_mean,Both,all,-58.6085557348,1,162.084549883,0.204003639672,0.208196224651
representative_minus_mean,Both,all,-58.5745000936,1,16.1781382054,0.204185623294,0.208199017354
representative_minus_mean,Both,all,-58.4430344642,1,1573.13785527,0.204367606915,0.208470575591
representative_minus_mean,Both,all,-58.4313775721,1,1636.14827154,0.204549590537,0.208753010814
representative_minus_mean,Both,all,-58.3814549243,1,2950.86321238,0.204731574158,0.209262394788
representative_minus_mean,Both,all,-58.1009824536,1,121.941450693,0.20491355778,0.209283444567
representative_minus_mean,Both,all,-58.0780984444,1,1741.4875559,0.205095541401,0.20958406367
representative_minus_mean,Both,all,-58.0427717991,1,3797.17066856,0.205277525023,0.210239538948
representative_minus_mean,Both,all,-58.0410254999,1,2398.95137328,0.205459508644,0.210653650785
representative_minus_mean,Both,all,-57.8388709851,1,3193.88933141,0.205641492266,0.211204986419
representative_minus_mean,Both,all,-57.8028613762,1,4034.15318723,0.205823475887,0.211901370098
representative_minus_mean,Both,all,-57.7368211816,1,2620.03727682,0.206005459509,0.21235364623
representative_minus_mean,Both,all,-57.5045634817,1,59.7250687136,0.20618744313,0.212363956093
representative_minus_mean,Both,all,-57.4306724539,1,992.426063623,0.206369426752,0.212535270686
representative_minus_mean,Both,all,-57.3903627558,1,2894.48389767,0.206551410373,0.213034922349
representative_minus_mean,Both,all,-57.3429446075,1,2959.03072584,0.206733393995,0.213545716215
representative_minus_mean,Both,all,-57.2206870053,1,9.42078230272,0.206915377616,0.21354734245
representative_minus_mean,Both,all,-57.2110620776,1,1417.27106875,0.207097361237,0.213791994647
representative_minus_mean,Both,all,-57.2101009481,1,287.193437737,0.207279344859,0.213841570559
representative_minus_mean,Both,all,-57.2011487652,1,1316.67879232,0.20746132848,0.214068858314
representative_minus_mean,Both,all,-57.1686016001,1,2405.34594686,0.207643312102,0.214484073995
representative_minus_mean,Both,all,-57.1606910373,1,2406.87660895,0.207825295723,0.214899553902
representative_minus_mean,Both,all,-57.0429881719,1,1049.39051333,0.208007279345,0.215080701814
representative_minus_mean,Both,all,-56.9837305377,1,2045.07582091,0.208189262966,0.215433726937
representative_minus_mean,Both,all,-56.820269745,1,698.740556987,0.208371246588,0.215554344944
representative_minus_mean,Both,all,-56.7697207437,1,3598.62538447,0.208553230209,0.216175546934
representative_minus_mean,Both,all,-56.7555886278,1,80.3326405572,0.208735213831,0.216189414117
representative_minus_mean,Both,all,-56.7499346091,1,2631.36769432,0.208917197452,0.216643646129
representative_minus_mean,Both,all,-56.6678143856,1,512.505677071,0.209099181074,0.216732115895
representative_minus_mean,Both,all,-56.6021385147,1,2270.45706164,0.209281164695,0.217124046783
representative_minus_mean,Both,all,-56.5512095196,1,2600.77398593,0.209463148317,0.217572997647
representative_minus_mean,Both,all,-56.5209841076,1,65.5881757886,0.209645131938,0.217584319611
representative_minus_mean,Both,all,-56.4067805233,1,1390.46262845,0.20982711556,0.217824344081
representative_minus_mean,Both,all,-56.2713363426,1,3460.07257659,0.210009099181,0.218421628805
representative_minus_mean,Both,all,-56.2712262552,1,37.8864797091,0.210191082803,0.218428168845
representative_minus_mean,Both,all,-56.2670266489,1,3663.80188014,0.210373066424,0.219060621734
representative_minus_mean,Both,all,-56.2256900405,1,112.363380912,0.210555050045,0.219080018128
representative_minus_mean,Both,all,-56.1525835989,1,439.043892774,0.210737033667,0.219155806772
representative_minus_mean,Both,all,-56.0640854325,1,46.9268876788,0.210919017288,0.219163907386
representative_minus_mean,Both,all,-56.0283836515,1,1974.84903312,0.21110100091,0.219504809819
representative_minus_mean,Both,all,-55.9730798639,1,93.7020598503,0.211282984531,0.219520984858
representative_minus_mean,Both,all,-55.9649368474,1,2748.11082493,0.211464968153,0.219995369305
representative_minus_mean,Both,all,-55.9351101659,1,1677.30223896,0.211646951774,0.220284908609
representative_minus_mean,Both,all,-55.9310427338,1,844.192345982,0.211828935396,0.220430634798
representative_minus_mean,Both,all,-55.820521907,1,25.5672349911,0.212010919017,0.220435048266
representative_minus_mean,Both,all,-55.8081963812,1,83.674863359,0.212192902639,0.22044949239
representative_minus_mean,Both,all,-55.55335839,1,790.138263909,0.21237488626,0.220585887655
representative_minus_mean,Both,all,-55.544867879,1,808.542222712,0.212556869882,0.220725459848
representative_minus_mean,Both,all,-55.5120640729,1,758.643415951,0.212738853503,0.220856418409
representative_minus_mean,Both,all,-55.4680844475,1,119.315045615,0.212920837125,0.220877014813
representative_minus_mean,Both,all,-55.3230658343,1,19.1872670097,0.213102820746,0.220880326958
representative_minus_mean,Both,all,-55.3059386613,1,2450.72300796,0.213284804368,0.221303375718
representative_minus_mean,Both,all,-55.1506280793,1,3680.54772271,0.213466787989,0.221938719308
representative_minus_mean,Both,all,-55.1056133485,1,82.5062122498,0.213648771611,0.221952961697
representative_minus_mean,Both,all,-55.0494948591,1,460.054855229,0.213830755232,0.222032377296
representative_minus_mean,Both,all,-55.0113486533,1,2797.43125226,0.214012738854,0.222515275535
representative_minus_mean,Both,all,-55.0089339803,1,415.702433272,0.214194722475,0.22258703493
representative_minus_mean,Both,all,-54.9237889196,1,437.625511321,0.214376706096,0.22266257873
representative_minus_mean,Both,all,-54.8939145314,1,2458.61758713,0.214558689718,0.223086990269
representative_minus_mean,Both,all,-54.8754934954,1,2019.480097,0.214740673339,0.223435597006
representative_minus_mean,Both,all,-54.7434323393,1,32.2407064893,0.214922656961,0.223441162462
representative_minus_mean,Both,all,-54.6912991632,1,2258.75022666,0.215104640582,0.223831072493
representative_minus_mean,Both,all,-54.4822281439,1,5.38151681746,0.215286624204,0.223832001462
representative_minus_mean,Both,all,-54.4492479168,1,751.043280984,0.215468607825,0.223961648071
representative_minus_mean,Both,all,-54.2756659585,1,1578.92610704,0.215650591447,0.224234205488
representative_minus_mean,Both,all,-54.2731818835,1,2.65857116777,0.215832575068,0.224234664416
representative_minus_mean,Both,all,-54.251985527,1,1260.73956173,0.21601455869,0.224452295828
representative_minus_mean,Both,all,-54.0820127567,1,1288.04688302,0.216196542311,0.224674641085
representative_minus_mean,Both,all,-53.9220427188,1,23.3968193584,0.216378525933,0.224678679892
representative_minus_mean,Both,all,-53.8633256732,1,2757.01815579,0.216560509554,0.22515460194
representative_minus_mean,Both,all,-53.8434201036,1,1761.96553227,0.216742493176,0.225458755993
representative_minus_mean,Both,all,-53.8212503807,1,529.342980403,0.216924476797,0.225550132248
representative_minus_mean,Both,all,-53.7916325682,1,1312.37529377,0.217106460419,0.225776677125
representative_minus_mean,Both,all,-53.7183954069,1,1774.5635535,0.21728844404,0.226083005873
representative_minus_mean,Both,all,-53.6505805683,1,201.320795601,0.217470427662,0.226117758276
representative_minus_mean,Both,all,-53.5871626782,1,2627.18184446,0.217652411283,0.226571267718
representative_minus_mean,Both,all,-53.5453944439,1,1247.76666861,0.217834394904,0.226786659723
representative_minus_mean,Both,all,-53.5294583937,1,33.7725788931,0.218016378526,0.226792489614
representative_minus_mean,Both,all,-53.5187998735,1,2335.73916605,0.218198362147,0.227195689631
representative_minus_mean,Both,all,-53.4250463704,1,4294.69370479,0.218380345769,0.227937048342
representative_minus_mean,Both,all,-53.4185619169,1,79.8606279739,0.21856232939,0.227950834045
representative_minus_mean,Both,all,-53.3878828796,1,1163.34519884,0.218744313012,0.228151653045
representative_minus_mean,Both,all,-53.2909959917,1,256.185721226,0.218926296633,0.228195876342
representative_minus_mean,Both,all,-53.1520647367,1,0.287266419949,0.219108280255,0.228195925931
representative_minus_mean,Both,all,-53.1118421969,1,1018.66527221,0.219290263876,0.22837176999
representative_minus_mean,Both,all,-53.0575592069,1,2627.91068463,0.219472247498,0.228825405245
representative_minus_mean,Both,all,-52.9617078115,1,1880.72945445,0.219654231119,0.229150060566
representative_minus_mean,Both,all,-52.8116885264,1,1052.14037107,0.219836214741,0.229331683164
representative_minus_mean,Both,all,-52.7810885368,1,574.016500726,0.220018198362,0.229430771053
representative_minus_mean,Both,all,-52.6458496635,1,1490.2331333,0.220200181984,0.22968801811
representative_minus_mean,Both,all,-52.6377802856,1,290.024868422,0.220382165605,0.229738082789
representative_minus_mean,Both,all,-52.57082945,1,1243.30016266,0.220564149227,0.229952703777
representative_minus_mean,Both,all,-52.4482092737,1,111.207671305,0.220746132848,0.22997190067
representative_minus_mean,Both,all,-52.2772318252,1,3339.20976405,0.22092811647,0.230548321811
representative_minus_mean,Both,all,-52.2640026033,1,33.7730595152,0.221110100091,0.230554151784
representative_minus_mean,Both,all,-52.2264242873,1,429.57172235,0.221292083712,0.230628305324
representative_minus_mean,Both,all,-52.1492924638,1,53.7350816424,0.221474067334,0.230637581182
representative_minus_mean,Both,all,-52.1438648755,1,2629.24302717,0.221656050955,0.231091446429
representative_minus_mean,Both,all,-52.1181440877,1,11.2208699927,0.221838034577,0.231093383399
representative_minus_mean,Both,all,-52.1135342088,1,3055.80494961,0.222020018198,0.231620882627
representative_minus_mean,Both,all,-52.0934517184,1,6.08944428555,0.22220200182,0.2316219338
representative_minus_mean,Both,all,-52.0463732503,1,2084.65022339,0.222383985441,0.231981790336
representative_minus_mean,Both,all,-52.0338395116,1,1115.83233553,0.222565969063,0.23217440757
representative_minus_mean,Both,all,-51.9928485599,1,1459.67505663,0.222747952684,0.232426379629
representative_minus_mean,Both,all,-51.9348604901,1,178.938865364,0.222929936306,0.232457268418
representative_minus_mean,Both,all,-51.9047734714,1,2239.41414372,0.223111919927,0.232843840615
representative_minus_mean,Both,all,-51.8891364454,1,306.451881637,0.223293903549,0.232896740959
representative_minus_mean,Both,all,-51.8794282645,1,2661.7901273,0.22347588717,0.233356224552
representative_minus_mean,Both,all,-51.8738394675,1,805.94051334,0.223657870792,0.233495347633
representative_minus_mean,Both,all,-51.86782214,1,1380.44168743,0.223839854413,0.233733642268
representative_minus_mean,Both,all,-51.7787796149,1,62.0119747293,0.224021838035,0.233744346901
representative_minus_mean,Both,all,-51.6529566023,1,3108.75869494,0.224203821656,0.234280987112
representative_minus_mean,Both,all,-51.6374806618,1,27.5395203816,0.224385805278,0.23428574104
representative_minus_mean,Both,all,-51.4620265668,1,81.1802148344,0.224567788899,0.234299754533
representative_minus_mean,Both,all,-51.3924509439,1,1470.70035238,0.22474977252,0.234553629801
representative_minus_mean,Both,all,-51.3567036798,1,1512.42844846,0.224931756142,0.234814708258
representative_minus_mean,Both,all,-51.337723385,1,856.48205627,0.225113739763,0.234962555922
representative_minus_mean,Both,all,-51.3038146136,1,97.6997882504,0.225295723385,0.234979421057
representative_minus_mean,Both,all,-51.2531643861,1,22.8329804034,0.225477707006,0.234983362532
representative_minus_mean,Both,all,-51.2475304496,1,1838.19390294,0.225659690628,0.23530067528
representative_minus_mean,Both,all,-51.2300645376,1,1525.96901647,0.225841674249,0.235564091137
representative_minus_mean,Both,all,-51.2207098871,1,2361.94790048,0.226023657871,0.235971815359
representative_minus_mean,Both,all,-51.0239771306,1,78.4553275395,0.226205641492,0.235985358476
representative_minus_mean,Both,all,-50.9902988653,1,3700.81071938,0.226387625114,0.236624199905
representative_minus_mean,Both,all,-50.9229624161,1,4200.28177011,0.226569608735,0.237349261037
representative_minus_mean,Both,all,-50.9208463872,1,317.895013011,0.226751592357,0.237404136717
representative_minus_mean,Both,all,-50.8909945047,1,1570.8694266,0.226933575978,0.237675303373
representative_minus_mean,Both,all,-50.8576941871,1,817.32543839,0.2271155596,0.237816391743
representative_minus_mean,Both,all,-50.8534608718,1,47.8757586499,0.227297543221,0.237824656153
representative_minus_mean,Both,all,-50.7367990653,1,927.218615455,0.227479526843,0.237984714505
representative_minus_mean,Both,all,-50.6076002988,1,2803.14373947,0.227661510464,0.238468598845
representative_minus_mean,Both,all,-50.5451167197,1,1638.98853182,0.227843494086,0.238751524359
representative_minus_mean,Both,all,-50.4538661708,1,374.896757275,0.228025477707,0.238816239795
representative_minus_mean,Both,all,-50.4051698614,1,1614.32225153,0.228207461328,0.239094907366
representative_minus_mean,Both,all,-50.323670295,1,2558.50172131,0.22838944495,0.239536561106
representative_minus_mean,Both,all,-50.3039333953,1,1481.71204563,0.228571428571,0.239792337235
representative_minus_mean,Both,all,-50.2892265353,1,711.727479253,0.228753412193,0.239915197072
representative_minus_mean,Both,all,-50.1868118432,1,621.642933499,0.228935395814,0.240022506332
representative_minus_mean,Both,all,-50.0267231768,1,282.772631926,0.229117379436,0.240071319115
representative_minus_mean,Both,all,-50.0028122177,1,5.7104028235,0.229299363057,0.240072304857
representative_minus_mean,Both,all,-49.9388051317,1,82.1085324224,0.229481346679,0.240086478598
representative_minus_mean,Both,all,-49.9240255176,1,2767.50136891,0.2296633303,0.240564210279
representative_minus_mean,Both,all,-49.8550515568,1,1499.33899889,0.229845313922,0.240823029209
representative_minus_mean,Both,all,-49.7636044703,1,1459.28581302,0.230027297543,0.241074934076
representative_minus_mean,Both,all,-49.7121049621,1,264.961326313,0.230209281165,0.241120672236
representative_minus_mean,Both,all,-49.6898406213,1,570.471898454,0.230391264786,0.241219148249
representative_minus_mean,Both,all,-49.6354235798,1,1563.44493333,0.230573248408,0.241489033274
representative_minus_mean,Both,all,-49.6193572122,1,1034.70331171,0.230755232029,0.241667645852
representative_minus_mean,Both,all,-49.541183413,1,1087.22294923,0.230937215651,0.241855324475
representative_minus_mean,Both,all,-49.5165420629,1,1168.82291514,0.231119199272,0.24205708905
representative_minus_mean,Both,all,-49.5126382526,1,1470.60368789,0.231301182894,0.242310947632
representative_minus_mean,Both,all,-49.4109738432,1,1009.72765844,0.231483166515,0.242485248862
representative_minus_mean,Both,all,-49.4022699386,1,1454.61770982,0.231665150136,0.242736347912
representative_minus_mean,Both,all,-49.3807997624,1,1676.35096631,0.231847133758,0.243025723005
representative_minus_mean,Both,all,-49.328863495,1,4750.36689266,0.232029117379,0.243845740943
representative_minus_mean,Both,all,-49.3077193894,1,3923.96472041,0.232211101001,0.244523103666
representative_minus_mean,Both,all,-49.2848374145,1,2011.33529025,0.232393084622,0.244870304431
representative_minus_mean,Both,all,-49.2303724501,1,113.68511055,0.232575068244,0.244889928985
representative_minus_mean,Both,all,-49.2107319226,1,1540.88938011,0.232757051865,0.245155920425
representative_minus_mean,Both,all,-49.1164477577,1,427.341470147,0.232939035487,0.245229688973
representative_minus_mean,Both,all,-48.9851456731,1,3216.45108171,0.233121019108,0.245784919262
representative_minus_mean,Both,all,-48.8786258629,1,989.870862656,0.23330300273,0.245955792772
representative_minus_mean,Both,all,-48.8769692556,1,6.64436371513,0.233484986351,0.245956939735
representative_minus_mean,Both,all,-48.830722558,1,58.6352287216,0.233666969973,0.245967061467
representative_minus_mean,Both,all,-48.7587035686,1,5.79113306249,0.233848953594,0.245968061144
representative_minus_mean,Both,all,-48.7213915291,1,170,0.234030937216,0.245997406888
representative_minus_mean,Both,all,-48.6802454907,1,2367.42083468,0.234212920837,0.246406075859
representative_minus_mean,Both,all,-48.6720225226,1,1842.42669204,0.234394904459,0.24672411928
representative_minus_mean,Both,all,-48.6602246252,1,2032.59558249,0.23457688808,0.247074990039
representative_minus_mean,Both,all,-48.5938705253,1,1356.74254689,0.234758871702,0.24730919368
representative_minus_mean,Both,all,-48.5923472251,1,12.0088976391,0.234940855323,0.24731126668
representative_minus_mean,Both,all,-48.5831593447,1,775.613130329,0.235122838944,0.247445154587
representative_minus_mean,Both,all,-48.571769808,1,437.725894408,0.235304822566,0.247520715716
representative_minus_mean,Both,all,-48.5466034325,1,426.002414121,0.235486806187,0.247594253114
representative_minus_mean,Both,all,-48.5062893803,1,2601.91431955,0.235668789809,0.248043400825
representative_minus_mean,Both,all,-48.4971467149,1,2484.37736396,0.23585077343,0.248472259068
representative_minus_mean,Both,all,-48.4740872413,1,2660.75791925,0.236032757052,0.24893156448
representative_minus_mean,Both,all,-48.3805227281,1,136.582724726,0.236214740673,0.248955141666
representative_minus_mean,Both,all,-48.3441921716,1,4972.74803615,0.236396724295,0.249813547486
representative_minus_mean,Both,all,-48.2661097228,1,125.836096622,0.236578707916,0.249835269568
representative_minus_mean,Both,all,-48.2656037572,1,1119.83360249,0.236760691538,0.250028577508
representative_minus_mean,Both,all,-48.2261961314,1,1292.07395321,0.236942675159,0.250251617926
representative_minus_mean,Both,all,-48.1355603718,1,1565.49149668,0.237124658781,0.250521856234
representative_minus_mean,Both,all,-48.128389445,1,1976.26114723,0.237306642402,0.250863002429
representative_minus_mean,Both,all,-48.0795387798,1,2183.67206802,0.237488626024,0.251239952316
representative_minus_mean,Both,all,-47.962796721,1,2461.76747609,0.237670609645,0.251664907595
representative_minus_mean,Both,all,-47.9476150744,1,2206.28847006,0.237852593267,0.252045761572
representative_minus_mean,Both,all,-47.9438900166,1,2121.1077736,0.238034576888,0.252411911484
representative_minus_mean,Both,all,-47.7283397474,1,3250.51212396,0.23821656051,0.252973021459
representative_minus_mean,Both,all,-47.7232085722,1,1175.75807821,0.238398544131,0.253175983196
representative_minus_mean,Both,all,-47.663444807,1,1623.19429591,0.238580527753,0.253456182277
representative_minus_mean,Both,all,-47.6422724223,1,1507.26677477,0.238762511374,0.253716369715
representative_minus_mean,Both,all,-47.5960578459,1,1926.4699792,0.238944494995,0.254048920858
representative_minus_mean,Both,all,-47.5958602067,1,2172.55337359,0.239126478617,0.254423951414
representative_minus_mean,Both,all,-47.5715751152,1,3340.43611781,0.239308462238,0.25500058425
representative_minus_mean,Both,all,-47.5649377977,1,1513.74603576,0.23949044586,0.255261890151
representative_minus_mean,Both,all,-47.5358656872,1,1043.28281381,0.239672429481,0.25544198374
representative_minus_mean,Both,all,-47.5150782064,1,4007.95644514,0.239854413103,0.256133845285
representative_minus_mean,Both,all,-47.5069106701,1,2395.77580711,0.240036396724,0.256547408949
representative_minus_mean,Both,all,-47.4578423824,1,390.292170095,0.240218380346,0.256614781972
representative_minus_mean,Both,all,-47.3977487727,1,297.39401047,0.240400363967,0.256666118728
representative_minus_mean,Both,all,-47.3575935315,1,4030.0215142,0.240582347589,0.25736178919
representative_minus_mean,Both,all,-47.267131433,1,1204.34947563,0.24076433121,0.257569686431
representative_minus_mean,Both,all,-47.0385646493,1,3353.46859764,0.240946314832,0.258148568961
representative_minus_mean,Both,all,-47.0375880765,1,37.5309549512,0.241128298453,0.25815504763
representative_minus_mean,Both,all,-46.9700951661,1,2915.23023955,0.241310282075,0.258658280568
representative_minus_mean,Both,all,-46.954344701,1,21.0675409603,0.241492265696,0.258661917289
representative_minus_mean,Both,all,-46.9375149924,1,2668.82803596,0.241674249318,0.259122615781
representative_minus_mean,Both,all,-46.8587274307,1,2185.42921146,0.241856232939,0.25949986899
representative_minus_mean,Both,all,-46.8271082815,1,2493.26813132,0.242038216561,0.259930261976
representative_minus_mean,Both,all,-46.80886991,1,51.2357598684,0.242220200182,0.259939106396
representative_minus_mean,Both,all,-46.7647918792,1,1345.37272326,0.242402183803,0.260171347356
representative_minus_mean,Both,all,-46.6823461128,1,3189.17420632,0.242584167425,0.260721869056
representative_minus_mean,Both,all,-46.6719166876,1,2232.9425478,0.242766151046,0.261107324113
representative_minus_mean,Both,all,-46.5528327244,1,684.634029563,0.242948134668,0.261225507023
representative_minus_mean,Both,all,-46.5284893731,1,569.271554734,0.243130118289,0.26132377583
representative_minus_mean,Both,all,-46.5198781332,1,916.783421643,0.243312101911,0.261482032838
representative_minus_mean,Both,all,-46.4593066572,1,2108.65800881,0.243494085532,0.261846033647
representative_minus_mean,Both,all,-46.2151259869,1,885.878794057,0.243676069154,0.261998955835
representative_minus_mean,Both,all,-46.1932333807,1,3056.96348624,0.243858052775,0.262526655053
representative_minus_mean,Both,all,-46.0961033156,1,402.678457122,0.244040036397,0.262596166222
representative_minus_mean,Both,all,-45.9774652714,1,2313.36169298,0.244222020018,0.262995503395
representative_minus_mean,Both,all,-45.8834904896,1,2186.14234098,0.24440400364,0.263372879706
representative_minus_mean,Both,all,-45.8466510862,1,5.0740760206,0.244585987261,0.263373755603
representative_minus_mean,Both,all,-45.8047478867,1,1569.0696502,0.244767970883,0.263644611579
representative_minus_mean,Both,all,-45.739150973,1,781.61085321,0.244949954504,0.263779534824
representative_minus_mean,Both,all,-45.7185013279,1,1262.97738468,0.245131938126,0.263997552534
representative_minus_mean,Both,all,-45.7025017663,1,3341.98901503,0.245313921747,0.264574453435
representative_minus_mean,Both,all,-45.6983406439,1,119.282525403,0.245495905369,0.264595044226
representative_minus_mean,Both,all,-45.6342939291,1,2869.02943695,0.24567788899,0.265090301888
representative_minus_mean,Both,all,-45.5456887215,1,591.882409044,0.245859872611,0.265192473826
representative_minus_mean,Both,all,-45.5262234378,1,2639.55297207,0.246041856233,0.265648118797
representative_minus_mean,Both,all,-45.4720112689,1,1072.93716151,0.246223839854,0.265833331379
representative_minus_mean,Both,all,-45.4419704171,1,33.8994765928,0.246405823476,0.265839183175
representative_minus_mean,Both,all,-45.3421439809,1,3774.89655521,0.246587807097,0.266490813451
representative_minus_mean,Both,all,-45.2719384175,1,1554.07372124,0.246769790719,0.266759080799
representative_minus_mean,Both,all,-45.2717777118,1,2455.09626956,0.24695177434,0.26718288448
representative_minus_mean,Both,all,-45.2662158206,1,26.0399851028,0.247133757962,0.267187379555
representative_minus_mean,Both,all,-45.2326241402,1,1755.69020008,0.247315741583,0.267490450347
representative_minus_mean,Both,all,-45.1985293056,1,1495.54507851,0.247497725205,0.267748614363
representative_minus_mean,Both,all,-45.0930276183,1,2850.58879266,0.247679708826,0.268240688763
representative_minus_mean,Both,all,-45.0765609035,1,2468.77294606,0.247861692448,0.268666853341
representative_minus_mean,Both,all,-44.985316018,1,573.599038708,0.248043676069,0.268765869167
representative_minus_mean,Both,all,-44.8954397286,1,3156.0651016,0.248225659691,0.269310675506
representative_minus_mean,Both,all,-44.8837858237,1,788.665812866,0.248407643312,0.269446816593
representative_minus_mean,Both,all,-44.8326404273,1,1680.8666571,0.248589626934,0.269736971194
representative_minus_mean,Both,all,-44.766343113,1,1729.74676811,0.248771610555,0.270035563578
representative_minus_mean,Both,all,-44.7206669983,1,2724.62733479,0.248953594177,0.270505894257
representative_minus_mean,Both,all,-44.7061384575,1,86.2196147867,0.249135577798,0.270520777661
representative_minus_mean,Both,all,-44.6663300644,1,12.7347878086,0.249317561419,0.270522975966
representative_minus_mean,Both,all,-44.6239144377,1,2423.01740196,0.249499545041,0.270941242129
representative_minus_mean,Both,all,-44.6082236064,1,491.117394996,0.249681528662,0.271026019807
representative_minus_mean,Both,all,-44.5959584931,1,4969.37373524,0.249863512284,0.271883843148
representative_minus_mean,Both,all,-44.5856914781,1,722.957128855,0.250045495905,0.27200864147
representative_minus_mean,Both,all,-44.563186842,1,1610.95512869,0.250227479527,0.272286727801
representative_minus_mean,Both,all,-44.5397356689,1,695.016009204,0.250409463148,0.27240670287
representative_minus_mean,Both,all,-44.5055338038,1,2107.21106939,0.25059144677,0.272770453905
representative_minus_mean,Both,all,-44.4993695325,1,1469.85207136,0.250773430391,0.273024182741
representative_minus_mean,Both,all,-44.4775620358,1,1165.51900722,0.250955414013,0.273225376989
representative_minus_mean,Both,all,-44.473722978,1,0.543921623299,0.251137397634,0.273225470882
representative_minus_mean,Both,all,-44.3331820884,1,86.4235646582,0.251319381256,0.273240389492
representative_minus_mean,Both,all,-44.2829567673,1,3285.84942078,0.251501364877,0.273807599463
representative_minus_mean,Both,all,-44.2568309849,1,589.673123711,0.251683348499,0.27390939003
representative_minus_mean,Both,all,-44.2135327862,1,2016.33183447,0.25186533212,0.274257453308
representative_minus_mean,Both,all,-44.123006514,1,2422.22542867,0.252047315742,0.274675582758
representative_minus_mean,Both,all,-44.0013810041,1,6.32116758424,0.252229299363,0.274676673931
representative_minus_mean,Both,all,-43.9245404173,1,3431.9996046,0.252411282985,0.275269112642
representative_minus_mean,Both,all,-43.7713830764,1,23.7687732793,0.252593266606,0.275273215656
representative_minus_mean,Both,all,-43.6745927559,1,4010.77890073,0.252775250227,0.275965564419
representative_minus_mean,Both,all,-43.5975558845,1,186.973739224,0.252957233849,0.275997840204
representative_minus_mean,Both,all,-43.5925054578,1,1207.89596048,0.25313921747,0.276206349646
representative_minus_mean,Both,all,-43.5631717774,1,10.7748126352,0.253321201092,0.276208209616
representative_minus_mean,Both,all,-43.5292312821,1,1957.34829071,0.253503184713,0.276546091036
representative_minus_mean,Both,all,-43.5225601217,1,1420.43472086,0.253685168335,0.276791289349
representative_minus_mean,Both,all,-43.4019086445,1,2594.85165677,0.253867151956,0.277239217889
representative_minus_mean,Both,all,-43.3646444216,1,24.4081098553,0.254049135578,0.277243431266
representative_minus_mean,Both,all,-43.2663892601,1,2662.8464514,0.254231119199,0.277703097204
representative_minus_mean,Both,all,-43.2414633031,1,3.94480859544,0.254413102821,0.277703778165
representative_minus_mean,Both,all,-43.2237199342,1,42.6928270986,0.254595086442,0.277711147887
representative_minus_mean,Both,all,-43.1899864293,1,2252.00975647,0.254777070064,0.278099894364
representative_minus_mean,Both,all,-43.1352915579,1,72.2980664955,0.254959053685,0.278112374603
representative_minus_mean,Both,all,-43.1059592711,1,3491.35373499,0.255141037307,0.278715059144
representative_minus_mean,Both,all,-43.1037418534,1,1.0327032454,0.255323020928,0.278715237411
representative_minus_mean,Both,all,-43.1023613378,1,4233.53014023,0.25550500455,0.279446037943
representative_minus_mean,Both,all,-43.0500663214,1,1428.35646799,0.255686988171,0.279692603725
representative_minus_mean,Both,all,-42.9850435477,1,59,0.255868971793,0.279702788424
representative_minus_mean,Both,all,-42.9796835437,1,300.864510642,0.256050955414,0.279754724264
representative_minus_mean,Both,all,-42.8695722525,1,50.6466293336,0.256232939035,0.279763466988
representative_minus_mean,Both,all,-42.7957198364,1,2787.88370679,0.256414922657,0.28024471711
representative_minus_mean,Both,all,-42.6329844446,1,1664.43248941,0.256596906278,0.280532034811
representative_minus_mean,Both,all,-42.6294898135,1,281.561046168,0.2567788899,0.280580638448
representative_minus_mean,Both,all,-42.6205010105,1,2513.47783679,0.256960873521,0.281014520074
representative_minus_mean,Both,all,-42.6071963978,1,3202.34673355,0.257142857143,0.281567315642
representative_minus_mean,Both,all,-42.6069422459,1,359.381373685,0.257324840764,0.281629352782
representative_minus_mean,Both,all,-42.6038315325,1,7.26732690653,0.257506824386,0.281630607282
representative_minus_mean,Both,all,-42.5803366147,1,667.644161995,0.257688808007,0.281745857367
representative_minus_mean,Both,all,-42.4822491802,1,1584.80875998,0.257870791629,0.28201943026
representative_minus_mean,Both,all,-42.4750533425,1,2403.63556588,0.25805277525,0.282434350691
representative_minus_mean,Both,all,-42.3877823192,1,3660.53070412,0.258234758872,0.283066238902
representative_minus_mean,Both,all,-42.3602928196,1,2555.63812589,0.258416742493,0.283507398322
representative_minus_mean,Both,all,-42.2252201469,1,302.047618313,0.258598726115,0.283559538393
representative_minus_mean,Both,all,-42.1658013169,1,17.3033336786,0.258780709736,0.283562525329
representative_minus_mean,Both,all,-42.1548411269,1,799.183875983,0.258962693358,0.283700482066
representative_minus_mean,Both,all,-42.1383883721,1,1480.33387102,0.259144676979,0.283956020292
representative_minus_mean,Both,all,-42.0898885855,1,3370.9023242,0.259326660601,0.284537912266
representative_minus_mean,Both,all,-42.0868612541,1,2293.45707285,0.259508644222,0.284933813463
representative_minus_mean,Both,all,-42.0432484951,1,1954.1847544,0.259690627843,0.285271148787
representative_minus_mean,Both,all,-42.0428404837,1,778.334202345,0.259872611465,0.28540550641
representative_minus_mean,Both,all,-41.9874151889,1,1244.6434134,0.260054595086,0.285620359273
representative_minus_mean,Both,all,-41.9764541292,1,53.2274459108,0.260236578708,0.285629547502
representative_minus_mean,Both,all,-41.9017795162,1,2275.83772031,0.260418562329,0.286022407211
representative_minus_mean,Both,all,-41.8879060997,1,2291.90217482,0.260600545951,0.286418039998
representative_minus_mean,Both,all,-41.8353271622,1,2604.20014965,0.260782529572,0.286867582293
representative_minus_mean,Both,all,-41.8234907812,1,1150.96766367,0.260964513194,0.287066264659
representative_minus_mean,Both,all,-41.7778865497,1,2524.05103153,0.261146496815,0.287501971451
representative_minus_mean,Both,all,-41.7186575161,1,7.04187543341,0.261328480437,0.287503187034
representative_minus_mean,Both,all,-41.7172511016,1,29.1229529898,0.261510464058,0.287508214297
representative_minus_mean,Both,all,-41.6768903307,1,34.1513085408,0.26169244768,0.287514109565
representative_minus_mean,Both,all,-41.6216040918,1,2787.11671239,0.261874431301,0.287995227287
representative_minus_mean,Both,all,-41.5846542073,1,2181.26913048,0.262056414923,0.288371762374
representative_minus_mean,Both,all,-41.5509724406,1,2917.73236251,0.262238398544,0.288875427234
representative_minus_mean,Both,all,-41.4961593287,1,73.1104715012,0.262420382166,0.288888047711
representative_minus_mean,Both,all,-41.3918260783,1,227.80566348,0.262602365787,0.288927371985
representative_minus_mean,Both,all,-41.3717730268,1,102.715392297,0.262784349409,0.288945102924
representative_minus_mean,Both,all,-41.3653739978,1,2920.75861578,0.26296633303,0.289449290182
representative_minus_mean,Both,all,-41.3270572785,1,2331.06011574,0.263148316652,0.289851682492
representative_minus_mean,Both,all,-41.2710058905,1,288.829282326,0.263330300273,0.289901540787
representative_minus_mean,Both,all,-41.2163553385,1,92.4511502849,0.263512283894,0.289917499891
representative_minus_mean,Both,all,-41.0629799734,1,568.138943266,0.263694267516,0.290015573184
representative_minus_mean,Both,all,-41.0527606205,1,2153.88616505,0.263876251137,0.290387381369
representative_minus_mean,Both,all,-41.0369995354,1,2757.62605685,0.264058234759,0.290863408354
representative_minus_mean,Both,all,-41.0316093685,1,3648.68806992,0.26424021838,0.291493252266
representative_minus_mean,Both,all,-40.9769071884,1,91.594518439,0.264422202002,0.291509063497
representative_minus_mean,Both,all,-40.8875469598,1,3389.4281088,0.264604185623,0.29209415343
representative_minus_mean,Both,all,-40.7740827891,1,949.842709888,0.264786169245,0.292258117199
representative_minus_mean,Both,all,-40.7710723632,1,477.764070207,0.264968152866,0.292340589799
representative_minus_mean,Both,all,-40.6946937934,1,1348.19614604,0.265150136488,0.292573318143
representative_minus_mean,Both,all,-40.677443018,1,4484.65592219,0.265332120109,0.293347468516
representative_minus_mean,Both,all,-40.5570489376,1,3499.53976807,0.265514103731,0.293951566146
representative_minus_mean,Both,all,-40.4912519382,1,33.4325629583,0.265696087352,0.293957337343
representative_minus_mean,Both,all,-40.3607678437,1,202,0.265878070974,0.293992206991
representative_minus_mean,Both,all,-40.3245522678,1,1690.40682334,0.266060054595,0.294284008435
representative_minus_mean,Both,all,-40.2561426506,1,9.46379273457,0.266242038217,0.294285642094
representative_minus_mean,Both,all,-40.1459868571,1,1354.31986401,0.266424021838,0.294519427527
representative_minus_mean,Both,all,-40.1429235637,1,2638.16731095,0.26660600546,0.294974833302
representative_minus_mean,Both,all,-40.0765496245,1,3159.57704579,0.266787989081,0.29552024588
representative_minus_mean,Both,all,-40.0477072462,1,2183.12822842,0.266969972702,0.295897101889
representative_minus_mean,Both,all,-39.9664241654,1,443.618134504,0.267151956324,0.295973680148
representative_minus_mean,Both,all,-39.9545777277,1,2557.13876157,0.267333939945,0.296415098611
representative_minus_mean,Both,all,-39.7723804305,1,4810.03161055,0.267515923567,0.297245415993
representative_minus_mean,Both,all,-39.7524986423,1,2050.2079144,0.267697907188,0.297599327028
representative_minus_mean,Both,all,-39.5872918409,1,1025.62338274,0.26787989081,0.29777637221
representative_minus_mean,Both,all,-39.4739545437,1,36.6785536779,0.268061874431,0.297782703736
representative_minus_mean,Both,all,-39.4483826651,1,641.891362792,0.268243858053,0.297893508321
representative_minus_mean,Both,all,-39.4145451503,1,2283.57607893,0.268425841674,0.298287703841
representative_minus_mean,Both,all,-39.3008924578,1,57.4867257098,0.268607825296,0.298297627316
representative_minus_mean,Both,all,-39.2861431917,1,1507.9350309,0.268789808917,0.29855793011
representative_minus_mean,Both,all,-39.2324954488,1,1339.02013539,0.268971792539,0.298789074473
representative_minus_mean,Both,all,-39.1682348732,1,0.0417992119171,0.26915377616,0.298789081688
representative_minus_mean,Both,all,-39.1555966504,1,15.0596133689,0.269335759782,0.298791681309
representative_minus_mean,Both,all,-39.1505079328,1,1348.9345869,0.269517743403,0.299024537125
representative_minus_mean,Both,all,-39.125630772,1,3081.51779537,0.269699727025,0.299556474957
representative_minus_mean,Both,all,-39.0412682076,1,300.736736038,0.269881710646,0.29960838874
representative_minus_mean,Both,all,-38.8313009929,1,247.319760597,0.270063694268,0.299651081578
representative_minus_mean,Both,all,-38.8255787596,1,2395.9937082,0.270245677889,0.300064682856
representative_minus_mean,Both,all,-38.8034155453,1,733.17486024,0.27042766151,0.300191244983
representative_minus_mean,Both,all,-38.8024666504,1,1368.26448581,0.270609645132,0.300427437564
representative_minus_mean,Both,all,-38.7894409613,1,607.1499621,0.270791628753,0.300532245018
representative_minus_mean,Both,all,-38.7202890171,1,3528.82383262,0.270973612375,0.301141397723
representative_minus_mean,Both,all,-38.6908983524,1,181.739803583,0.271155595996,0.301172770016
representative_minus_mean,Both,all,-38.6778974159,1,2624.19307634,0.271337579618,0.30162576353
representative_minus_mean,Both,all,-38.6126508019,1,1210.31221518,0.271519563239,0.301834690072
representative_minus_mean,Both,all,-38.6049031124,1,2926.99087969,0.271701546861,0.302339953155
representative_minus_mean,Both,all,-38.5754455419,1,29.2803464966,0.271883530482,0.302345007588
representative_minus_mean,Both,all,-38.5114448667,1,95.6429007951,0.272065514104,0.302361517659
representative_minus_mean,Both,all,-38.4725803678,1,120.545293642,0.272247497725,0.302382326431
representative_minus_mean,Both,all,-38.4376437447,1,5537.40977281,0.272429481347,0.303338205302
representative_minus_mean,Both,all,-38.4325040147,1,170,0.272611464968,0.303367551046
representative_minus_mean,Both,all,-38.3547734241,1,43.1808324616,0.27279344859,0.303375005008
representative_minus_mean,Both,all,-38.3219071911,1,1957.10312427,0.272975432211,0.303712844107
representative_minus_mean,Both,all,-38.3148327121,1,1650.365007,0.273157415833,0.303997733451
representative_minus_mean,Both,all,-38.2714684294,1,2468.04151496,0.273339399454,0.304423771767
representative_minus_mean,Both,all,-38.2664431162,1,689.036003959,0.273521383076,0.304542714555
representative_minus_mean,Both,all,-38.2202635142,1,2041.36645003,0.273703366697,0.304895099359
representative_minus_mean,Both,all,-38.1020806873,1,2889.61564587,0.273885350318,0.305393910654
representative_minus_mean,Both,all,-37.8871444367,1,2300.9043483,0.27406733394,0.305791097415
representative_minus_mean,Both,all,-37.8058714581,1,7.52539302276,0.274249317561,0.305792396464
representative_minus_mean,Both,all,-37.7843549706,1,2565.65513484,0.274431301183,0.30623528504
representative_minus_mean,Both,all,-37.7079930046,1,30.9641514468,0.274613284804,0.306240630135
representative_minus_mean,Both,all,-37.6675802098,1,1853.55912751,0.274795268426,0.306560595259
representative_minus_mean,Both,all,-37.5863306821,1,3531.07701705,0.274977252047,0.307170136913
representative_minus_mean,Both,all,-37.4124272718,1,992.415469553,0.275159235669,0.307341449678
representative_minus_mean,Both,all,-37.1751294076,1,2146.24947559,0.27534121929,0.307711939602
representative_minus_mean,Both,all,-37.1488332521,1,2337.43141435,0.275523202912,0.308115431738
representative_minus_mean,Both,all,-37.1426162801,1,32.3360401826,0.275705186533,0.308121013651
representative_minus_mean,Both,all,-37.1197220343,1,3.79695583876,0.275887170155,0.308121669089
representative_minus_mean,Both,all,-37.040910838,1,1396.99978029,0.276069153776,0.308362822016
representative_minus_mean,Both,all,-37.0295594969,1,2640.32192263,0.276251137398,0.308818599724
representative_minus_mean,Both,all,-36.9354042374,1,518.791504104,0.276433121019,0.308908154563
representative_minus_mean,Both,all,-36.8907552958,1,1276.42580753,0.276615104641,0.309128493766
representative_minus_mean,Both,all,-36.8353275429,1,132.968988164,0.276797088262,0.309151447142
representative_minus_mean,Both,all,-36.7820653433,1,2109.90879986,0.276979071884,0.309515663865
representative_minus_mean,Both,all,-36.7763174982,1,4207.66853373,0.277161055505,0.310242000114
representative_minus_mean,Both,all,-36.7407842107,1,1034.83770597,0.277343039126,0.310420635892
representative_minus_mean,Both,all,-36.7364988542,1,55.8261785155,0.277525022748,0.310430272719
representative_minus_mean,Both,all,-36.704528293,1,18.513189693,0.277707006369,0.310433468504
representative_minus_mean,Both,all,-36.5602018282,1,3289.0847601,0.277888989991,0.311001236965
representative_minus_mean,Both,all,-36.5586006451,1,63.4867054633,0.278070973612,0.311012196168
representative_minus_mean,Both,all,-36.5460750664,1,754.535977116,0.278252957234,0.311142445694
representative_minus_mean,Both,all,-36.4960588146,1,1403.44149223,0.278434940855,0.311384710602
representative_minus_mean,Both,all,-36.3808934025,1,1467.35591503,0.278616924477,0.311638008547
representative_minus_mean,Both,all,-36.3632299773,1,574.012232944,0.278798908098,0.311737095699
representative_minus_mean,Both,all,-36.2753773577,1,2102.41007031,0.27898089172,0.312100017976
representative_minus_mean,Both,all,-36.2267476473,1,3044.64861196,0.279162875341,0.312625591376
representative_minus_mean,Both,all,-36.1944557331,1,1499.6429639,0.279344858963,0.312884462776
representative_minus_mean,Both,all,-35.8956187913,1,648.921673493,0.279526842584,0.312996480947
representative_minus_mean,Both,all,-35.8837111124,1,381.10650917,0.279708826206,0.313062268323
representative_minus_mean,Both,all,-35.8602607258,1,23.4074825494,0.279890809827,0.31306630897
representative_minus_mean,Both,all,-35.833522932,1,918.569303771,0.280072793449,0.313224874261
representative_minus_mean,Both,all,-35.8276012759,1,543.158581976,0.28025477707,0.313318635393
representative_minus_mean,Both,all,-35.7943009384,1,2436.10749913,0.280436760692,0.313739161195
representative_minus_mean,Both,all,-35.7604516692,1,2642.06281242,0.280618744313,0.31419523942
representative_minus_mean,Both,all,-35.7398199076,1,860.699553933,0.280800727934,0.314343815117
representative_minus_mean,Both,all,-35.7281428381,1,13.2796630565,0.280982711556,0.314346107479
representative_minus_mean,Both,all,-35.6790999794,1,2970.20949207,0.281164695177,0.314858831047
representative_minus_mean,Both,all,-35.6580843969,1,496.050178526,0.281346678799,0.314944460232
representative_minus_mean,Both,all,-35.6332081725,1,1540.72988825,0.28152866242,0.31521042414
representative_minus_mean,Both,all,-35.5673739355,1,401.912762684,0.281710646042,0.315279803134
representative_minus_mean,Both,all,-35.4425551341,1,837.584442815,0.281892629663,0.315424388654
representative_minus_mean,Both,all,-35.4199720241,1,1107.95496433,0.282074613285,0.31561564608
representative_minus_mean,Both,all,-35.3567184385,1,72.9345388299,0.282256596906,0.315628236188
representative_minus_mean,Both,all,-35.330456511,1,1309.76236536,0.282438580528,0.315854330015
representative_minus_mean,Both,all,-35.3168156932,1,1482.44531359,0.282620564149,0.316110232723
representative_minus_mean,Both,all,-35.2980230027,1,1375.49773725,0.282802547771,0.316347673923
representative_minus_mean,Both,all,-35.2648835103,1,87.6990536788,0.282984531392,0.316362812711
representative_minus_mean,Both,all,-35.2577884935,1,19.0626593899,0.283166515014,0.316366103346
representative_minus_mean,Both,all,-35.2387985485,1,2999.68271683,0.283348498635,0.316883914641
representative_minus_mean,Both,all,-35.0824550379,1,578.411465396,0.283530482257,0.316983761198
representative_minus_mean,Both,all,-35.0403653468,1,439.489290086,0.283712465878,0.317059626728
representative_minus_mean,Both,all,-35.0361121472,1,3731.63035798,0.2838944495,0.317703788305
representative_minus_mean,Both,all,-34.9745821192,1,455.793574449,0.284076433121,0.317782468313
representative_minus_mean,Both,all,-34.957915953,1,2876.44858115,0.284258416742,0.318279006683
representative_minus_mean,Both,all,-34.9454684941,1,154.81170338,0.284440400364,0.318305730592
representative_minus_mean,Both,all,-34.9402172976,1,2978.86182059,0.284622383985,0.318819947743
representative_minus_mean,Both,all,-34.915295398,1,4519.72298481,0.284804367607,0.319600151462
representative_minus_mean,Both,all,-34.8006865344,1,583.11486889,0.284986351228,0.31970080993
representative_minus_mean,Both,all,-34.7382419634,1,731.181412254,0.28516833485,0.319827027944
representative_minus_mean,Both,all,-34.6633290734,1,246.662469139,0.285350318471,0.319869607318
representative_minus_mean,Both,all,-34.5932532122,1,2144.89859402,0.285532302093,0.32023986405
representative_minus_mean,Both,all,-34.5575118135,1,2230.87464008,0.285714285714,0.320624962141
representative_minus_mean,Both,all,-34.5441328505,1,1949.37848268,0.285896269336,0.320961467796
representative_minus_mean,Both,all,-34.5259272985,1,2604.15891123,0.286078252957,0.321411002972
representative_minus_mean,Both,all,-34.43653181,1,2709.01378474,0.286260236579,0.321878638409
representative_minus_mean,Both,all,-34.3717101327,1,1524.72921418,0.2864422202,0.322141840249
representative_minus_mean,Both,all,-34.3420802944,1,2704.13946383,0.286624203822,0.32260863427
representative_minus_mean,Both,all,-34.3190765488,1,3222.09448372,0.286806187443,0.323164838735
representative_minus_mean,Both,all,-34.2688243361,1,1207.95152179,0.286988171065,0.323373357769
representative_minus_mean,Both,all,-34.2402379362,1,2166.9461738,0.287170154686,0.323747420398
representative_minus_mean,Both,all,-34.193154653,1,65.5572562647,0.287352138308,0.323758737025
representative_minus_mean,Both,all,-34.1821455148,1,932.637059231,0.287534121929,0.323919730719
representative_minus_mean,Both,all,-34.1429595681,1,3033.21294335,0.287716105551,0.32444333007
representative_minus_mean,Both,all,-34.0883407405,1,255.111405878,0.287898089172,0.324487367917
representative_minus_mean,Both,all,-34.0563695423,1,12.0536512514,0.288080072793,0.324489448643
representative_minus_mean,Both,all,-34.0308460625,1,109.175120774,0.288262056415,0.324508294673
representative_minus_mean,Both,all,-34.0227510093,1,16.0598630899,0.288444040036,0.324511066959
representative_minus_mean,Both,all,-34.0020509963,1,1420.57623829,0.288626023658,0.324756289701
representative_minus_mean,Both,all,-33.9817776983,1,1787.15546535,0.288808007279,0.325064792091
representative_minus_mean,Both,all,-33.9734764618,1,1101.25714592,0.288989990901,0.325254893326
representative_minus_mean,Both,all,-33.9710567836,1,16.943078075,0.289171974522,0.325257818074
representative_minus_mean,Both,all,-33.9264091459,1,2583.41936495,0.289353958144,0.325703773149
representative_minus_mean,Both,all,-33.9041889769,1,3113.03102656,0.289535941765,0.326241150858
representative_minus_mean,Both,all,-33.8314993129,1,279.460462023,0.289717925387,0.326289391888
representative_minus_mean,Both,all,-33.744266531,1,335.443824368,0.289899909008,0.32634729688
representative_minus_mean,Both,all,-33.7097495693,1,295.366414478,0.29008189263,0.326398283627
representative_minus_mean,Both,all,-33.6315115515,1,2887.22395975,0.290263876251,0.326896682065
representative_minus_mean,Both,all,-33.6274191494,1,1886.05039873,0.290445859873,0.327222255898
representative_minus_mean,Both,all,-33.6222219596,1,2289.05819497,0.290627843494,0.327617397752
representative_minus_mean,Both,all,-33.5759650518,1,70.7610812188,0.290809827116,0.327629612672
representative_minus_mean,Both,all,-33.4763925264,1,26.3558273712,0.290991810737,0.327634162269
representative_minus_mean,Both,all,-33.4562419586,1,1309.71897742,0.291173794359,0.327860248607
representative_minus_mean,Both,all,-33.4134270221,1,2208.23383666,0.29135577798,0.328241438396
representative_minus_mean,Both,all,-33.3856404839,1,3615.84916772,0.291537761601,0.32886561359
representative_minus_mean,Both,all,-33.3817846483,1,57.6892242542,0.291719745223,0.328875572021
representative_minus_mean,Both,all,-33.2779299646,1,15.7425375785,0.291901728844,0.328878289529
representative_minus_mean,Both,all,-33.2747348984,1,3.10229705995,0.292083712466,0.328878825054
representative_minus_mean,Both,all,-33.1720397734,1,1109.59434201,0.292265696087,0.329070365473
representative_minus_mean,Both,all,-33.1152750232,1,1466.42833959,0.292447679709,0.329323503298
representative_minus_mean,Both,all,-33.0397109608,1,3746.53378484,0.29262966333,0.329970237535
representative_minus_mean,Both,all,-32.9616382702,1,1772.36088451,0.292811646952,0.330276186054
representative_minus_mean,Both,all,-32.9387564792,1,3041.62359961,0.292993630573,0.330801237269
representative_minus_mean,Both,all,-32.874059436,1,257.157468164,0.293175614195,0.330845628312
representative_minus_mean,Both,all,-32.8419411458,1,706.582431966,0.293357597816,0.3309676
representative_minus_mean,Both,all,-32.8372386484,1,2544.34274555,0.293539581438,0.331406809589
representative_minus_mean,Both,all,-32.7957632383,1,2207.4093443,0.293721565059,0.331787857053
representative_minus_mean,Both,all,-32.7894190616,1,956.63879301,0.293903548681,0.331952993975
representative_minus_mean,Both,all,-32.6096141791,1,133.976495535,0.294085532302,0.331976121269
representative_minus_mean,Both,all,-32.6065713391,1,569.868772982,0.294267515924,0.332074493169
representative_minus_mean,Both,all,-32.5607520224,1,3795.69100854,0.294449499545,0.332729713025
representative_minus_mean,Both,all,-32.5016465284,1,48.3978882921,0.294631483167,0.332738067566
representative_minus_mean,Both,all,-32.4510343628,1,2099.3287039,0.294813466788,0.333100457931
representative_minus_mean,Both,all,-32.4472301763,1,566.163478443,0.294995450409,0.333198190216
representative_minus_mean,Both,all,-32.4450196944,1,2618.67384491,0.295177434031,0.333650230989
representative_minus_mean,Both,all,-32.4031402263,1,68.9279000557,0.295359417652,0.333662129463
representative_minus_mean,Both,all,-32.3165102572,1,3731.25948282,0.295541401274,0.334306227019
representative_minus_mean,Both,all,-32.2942050558,1,2174.17828458,0.295723384895,0.33468153807
representative_minus_mean,Both,all,-32.2490744332,1,2156.01140451,0.295905368517,0.335053713118
representative_minus_mean,Both,all,-32.1763421681,1,2328.22566573,0.296087352138,0.33545561614
representative_minus_mean,Both,all,-32.1484331016,1,3023.36123206,0.29626933576,0.335977514868
representative_minus_mean,Both,all,-32.1230117527,1,208.316116357,0.296451319381,0.336013474818
representative_minus_mean,Both,all,-32.0795139674,1,86.4629991083,0.296633303003,0.336028400235
representative_minus_mean,Both,all,-32.0623740314,1,2119.38755242,0.296815286624,0.3363942532
representative_minus_mean,Both,all,-31.9890239814,1,38.180001415,0.296997270246,0.336400843909
representative_minus_mean,Both,all,-31.9833308493,1,248.930995064,0.297179253867,0.33644381488
representative_minus_mean,Both,all,-31.9740007075,1,809.472311998,0.297361237489,0.336583547628
representative_minus_mean,Both,all,-31.9706078687,1,3296.07549977,0.29754322111,0.337152522844
representative_minus_mean,Both,all,-31.8775268774,1,2698.65441631,0.297725204732,0.337618370026
representative_minus_mean,Both,all,-31.817394927,1,1510.04947588,0.297907188353,0.33787903782
representative_minus_mean,Both,all,-31.8091198472,1,1076.84622335,0.298089171975,0.338064925192
representative_minus_mean,Both,all,-31.7323297691,1,3173.31315917,0.298271155596,0.338612708925
representative_minus_mean,Both,all,-31.6724714818,1,1084.15742238,0.298453139217,0.338799858372
representative_minus_mean,Both,all,-31.646017534,1,61.1997655788,0.298635122839,0.338810422799
representative_minus_mean,Both,all,-31.6279607144,1,1644.28618919,0.29881710646,0.339094262805
representative_minus_mean,Both,all,-31.5805367231,1,44.1359168401,0.298999090082,0.339101881637
representative_minus_mean,Both,all,-31.5802411579,1,2281.71784096,0.299181073703,0.339495756384
representative_minus_mean,Both,all,-31.5423862075,1,2872.28979898,0.299363057325,0.339991576856
representative_minus_mean,Both,all,-31.4844445394,1,940.00901896,0.299545040946,0.340153843113
representative_minus_mean,Both,all,-31.3824735957,1,2866.70287589,0.299727024568,0.34064869916
representative_minus_mean,Both,all,-31.3801200326,1,1949.3778635,0.299909008189,0.340985204708
representative_minus_mean,Both,all,-31.362675235,1,40.2982504774,0.300090991811,0.340992161074
representative_minus_mean,Both,all,-31.3553996485,1,1594.79364566,0.300272975432,0.341267457577
representative_minus_mean,Both,all,-31.2643079012,1,947.850947713,0.300454959054,0.341431077524
representative_minus_mean,Both,all,-31.2560216417,1,3136.86325288,0.300636942675,0.341972569201
representative_minus_mean,Both,all,-31.1187916111,1,2727.06553717,0.300818926297,0.342443320768
representative_minus_mean,Both,all,-31.0242624085,1,2690.82769895,0.301000909918,0.342907816886
representative_minus_mean,Both,all,-30.8224925289,1,10.8045196829,0.30118289354,0.342909681984
representative_minus_mean,Both,all,-30.8112973107,1,2635.53715896,0.301364877161,0.343364633737
representative_minus_mean,Both,all,-30.7115760864,1,147.960014897,0.301546860783,0.343390174894
representative_minus_mean,Both,all,-30.6351665972,1,55.7057538578,0.301728844404,0.343399790933
representative_minus_mean,Both,all,-30.5912692744,1,15.1989951349,0.301910828025,0.343402414615
representative_minus_mean,Both,all,-30.4354877446,1,2744.99214374,0.302092811647,0.343876260709
representative_minus_mean,Both,all,-30.4090119813,1,678.443513317,0.302274795268,0.343993375
representative_minus_mean,Both,all,-30.3261483963,1,1743.09729467,0.30245677889,0.344294271979
representative_minus_mean,Both,all,-30.252556949,1,160.732707467,0.302638762511,0.344322017984
representative_minus_mean,Both,all,-30.2123954236,1,167.520809451,0.302820746133,0.344350935765
representative_minus_mean,Both,all,-30.185891844,1,576.075558034,0.303002729754,0.344450379092
representative_minus_mean,Both,all,-30.177066379,1,121.270106393,0.303184713376,0.344471312983
representative_minus_mean,Both,all,-30.1220009785,1,79.56115292,0.303366696997,0.34448504699
representative_minus_mean,Both,all,-30.1092170655,1,1634.90038291,0.303548680619,0.3447672668
representative_minus_mean,Both,all,-30.0985106292,1,1088.49435423,0.30373066424,0.344955164896
representative_minus_mean,Both,all,-30.0947142773,1,3220.24225965,0.303912647862,0.345511049626
representative_minus_mean,Both,all,-30.0238852538,1,16.0515928383,0.304094631483,0.345513820484
representative_minus_mean,Both,all,-29.9751670256,1,2614.08641383,0.304276615105,0.345965069366
representative_minus_mean,Both,all,-29.9664942134,1,739.690315248,0.304458598726,0.346092756204
representative_minus_mean,Both,all,-29.9309574426,1,4279.37757288,0.304640582348,0.346831471013
representative_minus_mean,Both,all,-29.8365634346,1,3478.26950022,0.304822565969,0.347431896926
representative_minus_mean,Both,all,-29.6481236358,1,1527.56136396,0.305004549591,0.347695587658
representative_minus_mean,Both,all,-29.6332446964,1,47.9691232611,0.305186533212,0.347703868185
representative_minus_mean,Both,all,-29.6293316004,1,2468.20639744,0.305368516833,0.348129934963
representative_minus_mean,Both,all,-29.6292246895,1,2740.4575435,0.305550500455,0.348602998285
representative_minus_mean,Both,all,-29.5765148832,1,600.328445234,0.305732484076,0.348706628195
representative_minus_mean,Both,all,-29.5201783441,1,3587.0410178,0.305914467698,0.349325830468
representative_minus_mean,Both,all,-29.4107383354,1,839.759820906,0.306096451319,0.349470791506
representative_minus_mean,Both,all,-29.3212154379,1,2352.45778127,0.306278434941,0.349876877525
representative_minus_mean,Both,all,-29.3171158751,1,284.112202186,0.306460418562,0.349925921548
representative_minus_mean,Both,all,-29.3153718003,1,804.416668225,0.306642402184,0.350064781579
representative_minus_mean,Both,all,-29.3048535757,1,3216.50219371,0.306824385805,0.350620020691
representative_minus_mean,Both,all,-29.2718585963,1,2367.05081692,0.307006369427,0.351028625789
representative_minus_mean,Both,all,-29.2651381823,1,1137.0244791,0.307188353048,0.351224901253
representative_minus_mean,Both,all,-29.2609438118,1,1502.12152305,0.30737033667,0.351484200508
representative_minus_mean,Both,all,-29.2569387862,1,971.735046879,0.307552320291,0.351651943376
representative_minus_mean,Both,all,-29.1674309375,1,2807.24883905,0.307734303913,0.352136536347
representative_minus_mean,Both,all,-29.1388478214,1,1823.12772543,0.307916287534,0.352451248341
representative_minus_mean,Both,all,-29.1194307085,1,3182.78727015,0.308098271156,0.353000667514
representative_minus_mean,Both,all,-29.1128965837,1,3228.62171784,0.308280254777,0.353557998723
representative_minus_mean,Both,all,-29.1061626289,1,82.0692589908,0.308462238399,0.353572165685
representative_minus_mean,Both,all,-29.1033598318,1,4109.88497892,0.30864422202,0.354281622339
representative_minus_mean,Both,all,-29.0227051294,1,925.26252033,0.308826205641,0.354441343026
representative_minus_mean,Both,all,-28.9960737641,1,1354.98024926,0.309008189263,0.354675242456
representative_minus_mean,Both,all,-28.9874636226,1,1147.98174847,0.309190172884,0.354873409387
representative_minus_mean,Both,all,-28.9696282724,1,2014.89993948,0.309372156506,0.355221225488
representative_minus_mean,Both,all,-28.6783174134,1,2713.81043836,0.309554140127,0.355689688933
representative_minus_mean,Both,all,-28.6472017939,1,2904.60578386,0.309736123749,0.356191087856
representative_minus_mean,Both,all,-28.5931504866,1,2177.84092918,0.30991810737,0.356567031161
representative_minus_mean,Both,all,-28.5813230256,1,1997.01703186,0.310100090992,0.356911760278
representative_minus_mean,Both,all,-28.4645039236,1,845.515986622,0.310282074613,0.357057714957
representative_minus_mean,Both,all,-28.4211472069,1,168.111133044,0.310464058235,0.357086734641
representative_minus_mean,Both,all,-28.3548530433,1,3088.93006406,0.310646041856,0.357619951994
representative_minus_mean,Both,all,-28.3531101059,1,523.376388176,0.310828025478,0.357710298284
representative_minus_mean,Both,all,-28.2965207988,1,1733.18228951,0.311010009099,0.358009483715
representative_minus_mean,Both,all,-28.2729083694,1,1894.602869,0.311191992721,0.358336533893
representative_minus_mean,Both,all,-28.2330298846,1,204.807272682,0.311373976342,0.358371888139
representative_minus_mean,Both,all,-28.2146783241,1,3099.67008802,0.311555959964,0.358906959456
representative_minus_mean,Both,all,-28.2042211266,1,278.384549689,0.311737943585,0.35895501476
representative_minus_mean,Both,all,-28.186619837,1,3051.30760257,0.311919927207,0.359481737648
representative_minus_mean,Both,all,-28.1441074198,1,102.830221774,0.312101910828,0.359499488409
representative_minus_mean,Both,all,-28.1381137749,1,3408.47064948,0.312283894449,0.360087865504
representative_minus_mean,Both,all,-28.1354616144,1,1661.02449401,0.312465878071,0.36037459491
representative_minus_mean,Both,all,-28.1187071383,1,163.503923762,0.312647861692,0.360402819288
representative_minus_mean,Both,all,-28.0981203398,1,2615.71140589,0.312829845314,0.360854348679
representative_minus_mean,Both,all,-28.042190356,1,1560.346905,0.313011828935,0.361123698917
representative_minus_mean,Both,all,-28.0148880325,1,40.3726816022,0.313193812557,0.361130668131
representative_minus_mean,Both,all,-28.0046720914,1,3233.24464099,0.313375796178,0.361688797358
representative_minus_mean,Both,all,-27.9894985157,1,150.353361451,0.3135577798,0.361714751659
representative_minus_mean,Both,all,-27.9697515777,1,238.948526778,0.313739763421,0.361755999437
representative_minus_mean,Both,all,-27.804868471,1,1977.67474608,0.313921747043,0.36209738965
representative_minus_mean,Both,all,-27.8020554379,1,127.902146781,0.314103730664,0.362119468377
representative_minus_mean,Both,all,-27.7958928767,1,1929.15771457,0.314285714286,0.362452483483
representative_minus_mean,Both,all,-27.6161354694,1,4.84789455326,0.314467697907,0.362453320336
representative_minus_mean,Both,all,-27.5379385877,1,2564.06546067,0.314649681529,0.3628959345
representative_minus_mean,Both,all,-27.522094613,1,1118.21165735,0.31483166515,0.363088962457
representative_minus_mean,Both,all,-27.4771860286,1,621.329312425,0.315013648772,0.363196217579
representative_minus_mean,Both,all,-27.4514148941,1,65.751410988,0.315195632393,0.363207567721
representative_minus_mean,Both,all,-27.3968636366,1,8.50849430431,0.315377616015,0.363209036474
representative_minus_mean,Both,all,-27.3695349804,1,2441.48728767,0.315559599636,0.363630490946
representative_minus_mean,Both,all,-27.3619653895,1,89.5298037017,0.315741583258,0.363645945762
representative_minus_mean,Both,all,-27.337134524,1,3103.03457621,0.315923566879,0.364181597864
representative_minus_mean,Both,all,-27.3168275162,1,3324.00168611,0.3161055505,0.364755393756
representative_minus_mean,Both,all,-27.1840359705,1,85,0.316287534122,0.364770066628
representative_minus_mean,Both,all,-27.1704041259,1,1122.15369196,0.316469517743,0.364963775067
representative_minus_mean,Both,all,-27.0830744026,1,95.2459577597,0.316651501365,0.364980216617
representative_minus_mean,Both,all,-27.0604362418,1,60.7821287361,0.316833484986,0.364990708951
representative_minus_mean,Both,all,-27.0572083539,1,408.604537536,0.317015468608,0.365061243092
representative_minus_mean,Both,all,-26.9294691611,1,131,0.317197452229,0.365083856577
representative_minus_mean,Both,all,-26.7837977189,1,2807.33772998,0.317379435851,0.365568464892
representative_minus_mean,Both,all,-26.6197274845,1,3392.308807,0.317561419472,0.366154052097
representative_minus_mean,Both,all,-26.6124672556,1,55.3901312731,0.317743403094,0.366163613653
representative_minus_mean,Both,all,-26.5652850125,1,365.437741026,0.317925386715,0.366226696255
representative_minus_mean,Both,all,-26.4903801574,1,1538.90093784,0.318107370337,0.366492344446
representative_minus_mean,Both,all,-26.4903752618,1,2199.52199985,0.318289353958,0.366872030381
representative_minus_mean,Both,all,-26.4287603756,1,622.566465881,0.31847133758,0.366979499063
representative_minus_mean,Both,all,-26.4269855442,1,16.7570449592,0.318653321201,0.366982391698
representative_minus_mean,Both,all,-26.4234029825,1,1256.98105549,0.318835304823,0.367199374309
representative_minus_mean,Both,all,-26.3994617775,1,47.0550522584,0.319017288444,0.367207497048
representative_minus_mean,Both,all,-26.3716550488,1,2243.15165969,0.319199272066,0.367594714422
representative_minus_mean,Both,all,-26.3511076445,1,3684.56646845,0.319381255687,0.368230751736
representative_minus_mean,Both,all,-26.3442991981,1,8.28143672647,0.319563239308,0.368232181294
representative_minus_mean,Both,all,-26.3064451041,1,4.44967755419,0.31974522293,0.368232949406
representative_minus_mean,Both,all,-26.2383096776,1,2213.99758377,0.319927206551,0.368615134146
representative_minus_mean,Both,all,-26.1788354496,1,3198.95145974,0.320109190173,0.369167343614
representative_minus_mean,Both,all,-26.1468194996,1,17.1243480763,0.320291173794,0.369170299654
representative_minus_mean,Both,all,-26.137556011,1,1.28850937837,0.320473157416,0.369170522079
representative_minus_mean,Both,all,-26.0974715679,1,2144.46521101,0.320655141037,0.369540704
representative_minus_mean,Both,all,-26.0536238343,1,4495.80049185,0.320837124659,0.37031677817
representative_minus_mean,Both,all,-26.0044937772,1,268.41621959,0.32101910828,0.370363112721
representative_minus_mean,Both,all,-25.983491775,1,1510.17256306,0.321201091902,0.370623801762
representative_minus_mean,Both,all,-25.9515863541,1,1268.75048921,0.321383075523,0.370842816037
representative_minus_mean,Both,all,-25.94136055,1,0.733746983744,0.321565059145,0.370842942698
representative_minus_mean,Both,all,-25.8756760893,1,2774.68971787,0.321747042766,0.371321915247
representative_minus_mean,Both,all,-25.8717958179,1,76.1940598789,0.321929026388,0.371335068019
representative_minus_mean,Both,all,-25.8005437225,1,3557.3427214,0.322111010009,0.371949143712
representative_minus_mean,Both,all,-25.740899826,1,208.896243735,0.322292993631,0.371985203804
representative_minus_mean,Both,all,-25.7271613979,1,522.743391877,0.322474977252,0.372075440826
representative_minus_mean,Both,all,-25.7083245833,1,1810.65755482,0.322656960874,0.372388000193
representative_minus_mean,Both,all,-25.6805801628,1,42.1137287803,0.322838944495,0.372395269951
representative_minus_mean,Both,all,-25.6645716823,1,3871.12702967,0.323020928116,0.373063511725
representative_minus_mean,Both,all,-25.5707397393,1,1891.83094352,0.323202911738,0.373390083408
representative_minus_mean,Both,all,-25.5420331515,1,1526.15624214,0.323384895359,0.373653531584
representative_minus_mean,Both,all,-25.5174175362,1,2125.47418599,0.323566878981,0.374020435235
representative_minus_mean,Both,all,-25.4983875211,1,1478.62524887,0.323748862602,0.374275678515
representative_minus_mean,Both,all,-25.4385541007,1,486.598554893,0.323930846224,0.374359676142
representative_minus_mean,Both,all,-25.4069189703,1,1776.41396584,0.324112829845,0.374666324312
representative_minus_mean,Both,all,-25.3589103876,1,933.818181779,0.324294813467,0.374827521895
representative_minus_mean,Both,all,-25.3209361508,1,61.2760139725,0.324476797088,0.374838099484
representative_minus_mean,Both,all,-25.3009760999,1,2050.40805258,0.32465878071,0.375192045068
representative_minus_mean,Both,all,-25.2954489741,1,3474.9688303,0.324840764331,0.375791901213
representative_minus_mean,Both,all,-25.2203080212,1,8.48129625506,0.325022747953,0.375793365271
representative_minus_mean,Both,all,-25.1489504583,1,11.9122402838,0.325204731574,0.375795421586
representative_minus_mean,Both,all,-25.1051506356,1,8.20895143597,0.325386715196,0.375796838632
representative_minus_mean,Both,all,-25.0721795031,1,1284.6192986,0.325568698817,0.376018592213
representative_minus_mean,Both,all,-25.0657543105,1,1637.72589575,0.325750682439,0.376301299768
representative_minus_mean,Both,all,-24.9329478055,1,29.0431295061,0.32593266606,0.376306313252
representative_minus_mean,Both,all,-24.9117553084,1,1914.00483395,0.326114649682,0.376636712636
representative_minus_mean,Both,all,-24.8843834993,1,22.4305481204,0.326296633303,0.376640584643
representative_minus_mean,Both,all,-24.8838437712,1,1819.80290025,0.326478616924,0.376954722699
representative_minus_mean,Both,all,-24.8238939838,1,2742.84865304,0.326660600546,0.377428198779
representative_minus_mean,Both,all,-24.8037472456,1,1392.29505135,0.326842584167,0.377668539566
representative_minus_mean,Both,all,-24.724386433,1,442.867077023,0.327024567789,0.377744988176
representative_minus_mean,Both,all,-24.5941318895,1,1141.84332192,0.32720655141,0.377942095479
representative_minus_mean,Both,all,-24.5250315832,1,2168.30532106,0.327388535032,0.378316392727
representative_minus_mean,Both,all,-24.4958325392,1,1825.78314844,0.327570518653,0.378631563106
representative_minus_mean,Both,all,-24.4957341732,1,148.214998689,0.327752502275,0.378657148279
representative_minus_mean,Both,all,-24.4928540544,1,2089.47376615,0.327934485896,0.379017837465
representative_minus_mean,Both,all,-24.3403209066,1,1422.66591163,0.328116469518,0.379263420931
representative_minus_mean,Both,all,-24.306671094,1,3652.34222052,0.328298453139,0.379893895629
representative_minus_mean,Both,all,-24.2803980021,1,25.6555344269,0.328480436761,0.37989832434
representative_minus_mean,Both,all,-24.2651854576,1,3181.07775388,0.328662420382,0.380447448413
representative_minus_mean,Both,all,-24.2600172868,1,624.444614363,0.328844404004,0.380555241305
representative_minus_mean,Both,all,-24.1901771157,1,97.5747288147,0.329026387625,0.380572084852
representative_minus_mean,Both,all,-24.1683835691,1,62.445934611,0.329208371247,0.380582864395
representative_minus_mean,Both,all,-24.1546962095,1,80.8596953493,0.329390354868,0.38059682256
representative_minus_mean,Both,all,-24.1334709881,1,139.697895844,0.32957233849,0.380620937493
representative_minus_mean,Both,all,-24.1173029308,1,3188.54899955,0.329754322111,0.381171351268
representative_minus_mean,Both,all,-24.0472120225,1,691.774626048,0.329936305732,0.381290766802
representative_minus_mean,Both,all,-24.0177875394,1,71.3952461282,0.330118289354,0.381303091194
representative_minus_mean,Both,all,-24.0099563231,1,72.0824124588,0.330300272975,0.381315534206
representative_minus_mean,Both,all,-23.9694199574,1,3001.61861994,0.330482256597,0.381833679681
representative_minus_mean,Both,all,-23.8633773618,1,3010.7811839,0.330664240218,0.382353406816
representative_minus_mean,Both,all,-23.7728122378,1,2175.22075119,0.33084622384,0.38272889782
representative_minus_mean,Both,all,-23.7622891509,1,3091.50303885,0.331028207461,0.383262559325
representative_minus_mean,Both,all,-23.7311683016,1,2109.78499397,0.331210191083,0.383626754677
representative_minus_mean,Both,all,-23.6043710797,1,270.101324885,0.331392174704,0.383673380113
representative_minus_mean,Both,all,-23.595301107,1,38.5258377907,0.331574158326,0.383680030521
representative_minus_mean,Both,all,-23.5927562544,1,1274.21987778,0.331756141947,0.383899988933
representative_minus_mean,Both,all,-23.5411429277,1,2945.20730954,0.331938125569,0.384408396574
representative_minus_mean,Both,all,-23.4990751583,1,2049.69102216,0.33212010919,0.384762218382
representative_minus_mean,Both,all,-23.4915905052,1,58.8755419738,0.332302092812,0.384772381597
representative_minus_mean,Both,all,-23.3577483367,1,123.590037542,0.332484076433,0.384793715959
representative_minus_mean,Both,all,-23.3395727754,1,1279.22311787,0.332666060055,0.38501453804
representative_minus_mean,Both,all,-23.3043576064,1,2255.90512219,0.332848043676,0.385403956944
representative_minus_mean,Both,all,-23.2899353627,1,621.191428617,0.333030027298,0.385511188264
representative_minus_mean,Both,all,-23.2506571078,1,2379.71200148,0.333212010919,0.385921978961
representative_minus_mean,Both,all,-23.2213643457,1,103.444332152,0.33339399454,0.385939835731
representative_minus_mean,Both,all,-23.2104735639,1,3300.12793569,0.333575978162,0.386509510487
representative_minus_mean,Both,all,-23.1748091124,1,1748.18803675,0.333757961783,0.386811286241
representative_minus_mean,Both,all,-23.1450207111,1,72.7392552708,0.333939945405,0.386823842638
representative_minus_mean,Both,all,-23.0756538188,1,703.867449148,0.334121929026,0.38694534566
representative_minus_mean,Both,all,-22.9585027967,1,133,0.334303912648,0.386968304389
representative_minus_mean,Both,all,-22.9297661009,1,2622.07935775,0.334485896269,0.387420933029
representative_minus_mean,Both,all,-22.8925134159,1,3706.00315383,0.334667879891,0.388060670787
representative_minus_mean,Both,all,-22.8677403743,1,1061.13039866,0.334849863512,0.388243845262
representative_minus_mean,Both,all,-22.8087653824,1,4951.55787463,0.335031847134,0.389098593193
representative_minus_mean,Both,all,-22.7090920335,1,2049.90483896,0.335213830755,0.389452451911
representative_minus_mean,Both,all,-22.7028088499,1,40.726544653,0.335395814377,0.38945948221
representative_minus_mean,Both,all,-22.6464961161,1,40.3860200295,0.335577797998,0.389466453726
representative_minus_mean,Both,all,-22.6268827157,1,262.618535492,0.33575978162,0.389511787469
representative_minus_mean,Both,all,-22.5279382012,1,3221.37363457,0.335941765241,0.390067867499
representative_minus_mean,Both,all,-22.5032188513,1,35.6191127705,0.336123748863,0.390074016142
representative_minus_mean,Both,all,-22.4073939059,1,519.163104749,0.336305732484,0.390163635127
representative_minus_mean,Both,all,-22.3275360044,1,164.450317312,0.336487716106,0.390192022873
representative_minus_mean,Both,all,-22.325634805,1,62.7220061828,0.336669699727,0.390202850072
representative_minus_mean,Both,all,-22.3162705514,1,33.090549199,0.336851683348,0.39020856223
representative_minus_mean,Both,all,-22.3078972587,1,1174.43601206,0.33703366697,0.390411295749
representative_minus_mean,Both,all,-22.2850299236,1,2666.41109343,0.337215650591,0.390871577023
representative_minus_mean,Both,all,-22.2489239324,1,4048.50954992,0.337397634213,0.391570438927
representative_minus_mean,Both,all,-22.204488747,1,35.7985700633,0.337579617834,0.391576618548
representative_minus_mean,Both,all,-22.2021046322,1,1355.83710836,0.337761601456,0.391810665891
representative_minus_mean,Both,all,-22.1865163521,1,1925.15097272,0.337943585077,0.392142989345
representative_minus_mean,Both,all,-22.1731601681,1,4521.34778752,0.338125568699,0.392923473541
representative_minus_mean,Both,all,-22.0662982378,1,1982.49642377,0.33830755232,0.393265696082
representative_minus_mean,Both,all,-22.0607368306,1,2942.11102352,0.338489535942,0.393773569236
representative_minus_mean,Both,all,-22.0428237676,1,681.150661048,0.338671519563,0.39389115084
representative_minus_mean,Both,all,-22.0146640119,1,1015.95267775,0.338853503185,0.394066526645
representative_minus_mean,Both,all,-21.9351038344,1,3264.06928146,0.339035486806,0.394629976884
representative_minus_mean,Both,all,-21.9312611572,1,2700.96202746,0.339217470428,0.39509622241
representative_minus_mean,Both,all,-21.924169702,1,946.612972594,0.339399454049,0.395259628655
representative_minus_mean,Both,all,-21.8769602016,1,5785.16214749,0.339581437671,0.396258275042
representative_minus_mean,Both,all,-21.8534443664,1,2253.63787417,0.339763421292,0.396647302568
representative_minus_mean,Both,all,-21.840982285,1,2574.08608683,0.339945404914,0.397091646513
representative_minus_mean,Both,all,-21.827919497,1,5.83365230561,0.340127388535,0.39709265353
representative_minus_mean,Both,all,-21.8120588459,1,346.093559142,0.340309372157,0.3971523969
representative_minus_mean,Both,all,-21.7668694002,1,1465.57304907,0.340491355778,0.397405387083
representative_minus_mean,Both,all,-21.6714816784,1,3375.82536814,0.340673339399,0.397988128883
representative_minus_mean,Both,all,-21.6552611556,1,2287.58033676,0.340855323021,0.398383015626
representative_minus_mean,Both,all,-21.5832992516,1,1131.87504272,0.341037306642,0.398578402184
representative_minus_mean,Both,all,-21.5436726663,1,2051.49905047,0.341219290264,0.398932536098
representative_minus_mean,Both,all,-21.4998060494,1,3245.50339602,0.341401273885,0.399492781456
representative_minus_mean,Both,all,-21.4763334247,1,3366.78176208,0.341583257507,0.400073962131
representative_minus_mean,Both,all,-21.4557351302,1,3350.88078969,0.341765241128,0.400652397948
representative_minus_mean,Both,all,-21.4446243006,1,4575.39105094,0.34194722475,0.401442211202
representative_minus_mean,Both,all,-21.4033131026,1,15.8804702697,0.342129208371,0.401444952521
representative_minus_mean,Both,all,-21.395465835,1,57.9973779791,0.342311191993,0.401454964146
representative_minus_mean,Both,all,-21.3928114187,1,3107.57348765,0.342493175614,0.401991399764
representative_minus_mean,Both,all,-21.3574004599,1,201.821780676,0.342675159236,0.402026238648
representative_minus_mean,Both,all,-21.3208296641,1,903.981714291,0.342857142857,0.402182285799
representative_minus_mean,Both,all,-21.223339926,1,3177.56924859,0.343039126479,0.402730804227
representative_minus_mean,Both,all,-21.1882194752,1,2834.59136173,0.3432211101,0.403220117119
representative_minus_mean,Both,all,-21.1879269663,1,1027.51925044,0.343403093722,0.40339748957
representative_minus_mean,Both,all,-21.1372924629,1,77.1373265006,0.343585077343,0.403410805171
representative_minus_mean,Both,all,-21.0951162862,1,2920.51837584,0.343767060965,0.403914950958
representative_minus_mean,Both,all,-21.0517052698,1,2635.03367249,0.343949044586,0.404369815798
representative_minus_mean,Both,all,-20.9957247039,1,20.0815134521,0.344131028207,0.40437328231
representative_minus_mean,Both,all,-20.98869039,1,69.0517433376,0.344313011829,0.404385202161
representative_minus_mean,Both,all,-20.974418443,1,3938.08126574,0.34449499545,0.405065001711
representative_minus_mean,Both,all,-20.9386849682,1,31.4305005011,0.344676979072,0.405070427308
representative_minus_mean,Both,all,-20.881907509,1,29.9702028198,0.344858962693,0.405075600825
representative_minus_mean,Both,all,-20.8094415446,1,3093.99902173,0.345040946315,0.405609693192
representative_minus_mean,Both,all,-20.8087199819,1,25.1366523516,0.345222929936,0.405614032331
representative_minus_mean,Both,all,-20.7812583479,1,1227.07885078,0.345404913558,0.405825853164
representative_minus_mean,Both,all,-20.7392399282,1,2922.42993391,0.345586897179,0.406330328928
representative_minus_mean,Both,all,-20.6433422165,1,1883.81587074,0.345768880801,0.406655517032
representative_minus_mean,Both,all,-20.5354320986,1,36.3911405981,0.345950864422,0.406661798944
representative_minus_mean,Both,all,-20.3948090668,1,1554.69961062,0.346132848044,0.406930174334
representative_minus_mean,Both,all,-20.383240731,1,2652.98321052,0.346314831665,0.40738813766
representative_minus_mean,Both,all,-20.3583694059,1,611.987261181,0.346496815287,0.407493780138
representative_minus_mean,Both,all,-20.2916565911,1,114.935900888,0.346678798908,0.407513620606
representative_minus_mean,Both,all,-20.2813410269,1,253.705108357,0.34686078253,0.407557415695
representative_minus_mean,Both,all,-20.1438724748,1,1207.12182617,0.347042766151,0.407765791505
representative_minus_mean,Both,all,-20.1129353228,1,2137.55226955,0.347224749773,0.4081347801
representative_minus_mean,Both,all,-20.089339794,1,2194.30056313,0.347406733394,0.408513564699
representative_minus_mean,Both,all,-20.0809156547,1,310.410347672,0.347588717015,0.408567148361
representative_minus_mean,Both,all,-20.0548037271,1,2970.46631105,0.347770700637,0.409079916262
representative_minus_mean,Both,all,-20.011800624,1,678.174667353,0.347952684258,0.409196984144
representative_minus_mean,Both,all,-19.9906581584,1,341.144320014,0.34813466788,0.409255873166
representative_minus_mean,Both,all,-19.9310623527,1,1715.42926934,0.348316651501,0.409551994035
representative_minus_mean,Both,all,-19.8116701961,1,24.9041776987,0.348498635123,0.409556293044
representative_minus_mean,Both,all,-19.8108982893,1,451.355110259,0.348680618744,0.409634206876
representative_minus_mean,Both,all,-19.7917847488,1,38.1878230012,0.348862602366,0.409640798935
representative_minus_mean,Both,all,-19.7697128045,1,473.067625239,0.349044585987,0.409722460825
representative_minus_mean,Both,all,-19.7508493967,1,1054.67643738,0.349226569609,0.409904521204
representative_minus_mean,Both,all,-19.7165558391,1,3470.83846396,0.34940855323,0.410503664357
representative_minus_mean,Both,all,-19.6921678441,1,3372.40113146,0.349590536852,0.411085815059
representative_minus_mean,Both,all,-19.6706841493,1,201.471613027,0.349772520473,0.411120593496
representative_minus_mean,Both,all,-19.6300657712,1,2473.42599268,0.349954504095,0.411547561292
representative_minus_mean,Both,all,-19.6246673472,1,2097.59146957,0.350136487716,0.411909651773
representative_minus_mean,Both,all,-19.6232485415,1,22.1406956566,0.350318471338,0.411913473744
representative_minus_mean,Both,all,-19.5851912778,1,1942.31280144,0.350500454959,0.412248759707
representative_minus_mean,Both,all,-19.5645976036,1,2560.80226165,0.350682438581,0.412690810571
representative_minus_mean,Both,all,-19.5392788178,1,775.981137548,0.350864422202,0.412824762004
representative_minus_mean,Both,all,-19.5069446999,1,1030.05198792,0.351046405823,0.413002571661
representative_minus_mean,Both,all,-19.4829921398,1,1783.88735613,0.351228389445,0.413310509903
representative_minus_mean,Both,all,-19.4568427841,1,4781.8777875,0.351410373066,0.414135967315
representative_minus_mean,Both,all,-19.2619769329,1,1618.14837494,0.351592356688,0.414415295359
representative_minus_mean,Both,all,-19.258854676,1,4440.28492072,0.351774340309,0.41518178632
representative_minus_mean,Both,all,-19.0813076717,1,1530.0553054,0.351956323931,0.41544590756
representative_minus_mean,Both,all,-19.0494098998,1,3776.7083762,0.352138307552,0.416097850596
representative_minus_mean,Both,all,-19.0452416931,1,1653.89380198,0.352320291174,0.416383349088
representative_minus_mean,Both,all,-19.0354454166,1,115.267147847,0.352502274795,0.416403246736
representative_minus_mean,Both,all,-18.9464062912,1,11.8454792607,0.352684258417,0.416405291526
representative_minus_mean,Both,all,-18.9369526989,1,3.57276078584,0.352866242038,0.416405908264
representative_minus_mean,Both,all,-18.8575099729,1,2264.54710967,0.35304822566,0.416796818964
representative_minus_mean,Both,all,-18.8197093386,1,1022.14937334,0.353230209281,0.416973264456
representative_minus_mean,Both,all,-18.7620027243,1,3417.19907276,0.353412192903,0.417563148269
representative_minus_mean,Both,all,-18.7557896525,1,114.981929069,0.353594176524,0.417582996682
representative_minus_mean,Both,all,-18.74168115,1,359.388948262,0.353776160146,0.417645035129
representative_minus_mean,Both,all,-18.7341477625,1,71,0.353958143767,0.417657291292
representative_minus_mean,Both,all,-18.684111876,1,2522.70177968,0.354140127389,0.418092765174
representative_minus_mean,Both,all,-18.6601717026,1,25.3409735923,0.35432211101,0.418097139584
representative_minus_mean,Both,all,-18.6451161668,1,1111.05661862,0.354504094631,0.418288932424
representative_minus_mean,Both,all,-18.5654571552,1,91.2693549464,0.354686078253,0.418304687525
representative_minus_mean,Both,all,-18.4529249305,1,2733.40343901,0.354868061874,0.418776533153
representative_minus_mean,Both,all,-18.4453318218,1,754.824720339,0.355050045496,0.418906832522
representative_minus_mean,Both,all,-18.4223093089,1,80.9221026316,0.355232029117,0.418920801459
representative_minus_mean,Both,all,-18.3864073137,1,1398.86004296,0.355414012739,0.419162275508
representative_minus_mean,Both,all,-18.334287443,1,326.328042382,0.35559599636,0.419218606914
representative_minus_mean,Both,all,-18.3091579837,1,2897.26835095,0.355777979982,0.419718739235
representative_minus_mean,Both,all,-18.2238467583,1,34.0915697305,0.355959963603,0.419724624191
representative_minus_mean,Both,all,-18.1773991602,1,2162.42211857,0.356141947225,0.420097905869
representative_minus_mean,Both,all,-17.9509385081,1,5.26590433216,0.356323930846,0.42009881488
representative_minus_mean,Both,all,-17.8411767505,1,50.5668866638,0.356505914468,0.420107543838
representative_minus_mean,Both,all,-17.7930556357,1,602.861169206,0.356687898089,0.420211610952
representative_minus_mean,Both,all,-17.7624037812,1,2062.14205184,0.356869881711,0.420567582082
representative_minus_mean,Both,all,-17.6046069266,1,1003.37924829,0.357051865332,0.420740787437
representative_minus_mean,Both,all,-17.5916092085,1,2200.45949563,0.357233848954,0.421120635204
representative_minus_mean,Both,all,-17.5858984057,1,724.936600451,0.357415832575,0.421245775226
representative_minus_mean,Both,all,-17.5804610504,1,2326.13934301,0.357597816197,0.421647318102
representative_minus_mean,Both,all,-17.564959433,1,1147.65632195,0.357779799818,0.421845428857
representative_minus_mean,Both,all,-17.5580971318,1,2999.89298691,0.357961783439,0.42236327645
representative_minus_mean,Both,all,-17.4895966517,1,2380.41493459,0.358143767061,0.422774188488
representative_minus_mean,Both,all,-17.4149061806,1,3592.70871042,0.358325750682,0.42339436913
representative_minus_mean,Both,all,-17.1976229434,1,1072.63538029,0.358507734304,0.423579529618
representative_minus_mean,Both,all,-17.1768897548,1,3154.7879955,0.358689717925,0.4241241155
representative_minus_mean,Both,all,-17.1698178866,1,445.444822643,0.358871701547,0.424201009086
representative_minus_mean,Both,all,-17.1594364151,1,2597.45411455,0.359053685168,0.424649386867
representative_minus_mean,Both,all,-17.0765836229,1,84.9841514257,0.35923566879,0.424664057003
representative_minus_mean,Both,all,-17.0738601226,1,1173.92478025,0.359417652411,0.424866702272
representative_minus_mean,Both,all,-16.8899489923,1,2503.35509451,0.359599636033,0.42529883649
representative_minus_mean,Both,all,-16.8860705572,1,36.626646956,0.359781619654,0.425305159056
representative_minus_mean,Both,all,-16.8721762256,1,1328.02876392,0.359963603276,0.425534406066
representative_minus_mean,Both,all,-16.86490229,1,1012.95101569,0.360145586897,0.425709263718
representative_minus_mean,Both,all,-16.8355273645,1,783.092163384,0.360327570519,0.425844442671
representative_minus_mean,Both,all,-16.8135673873,1,361.171277651,0.36050955414,0.425906788787
representative_minus_mean,Both,all,-16.7938815909,1,421.343342327,0.360691537762,0.425979521927
representative_minus_mean,Both,all,-16.7530171918,1,2457.58850277,0.360873521383,0.426403755823
representative_minus_mean,Both,all,-16.7450252063,1,11.6455414799,0.361055505005,0.4264057661
representative_minus_mean,Both,all,-16.7433902486,1,145.966448427,0.361237488626,0.426430963123
representative_minus_mean,Both,all,-16.7243038217,1,52.8662757764,0.361419472247,0.426440089007
representative_minus_mean,Both,all,-16.661036839,1,2955.20977945,0.361601455869,0.426950223294
representative_minus_mean,Both,all,-16.6153510441,1,2343.23016804,0.36178343949,0.427354716423
representative_minus_mean,Both,all,-16.5675077937,1,1090.89903823,0.361965423112,0.427543029621
representative_minus_mean,Both,all,-16.5642454169,1,1834.26762075,0.362147406733,0.427859664606
representative_minus_mean,Both,all,-16.5237972303,1,2271.47548689,0.362329390355,0.428251771297
representative_minus_mean,Both,all,-16.5202356308,1,346.989726317,0.362511373976,0.428311669365
representative_minus_mean,Both,all,-16.4800095211,1,25.3141129341,0.362693357598,0.428316039139
representative_minus_mean,Both,all,-16.4757230954,1,3462.90943064,0.362875341219,0.428913813566
representative_minus_mean,Both,all,-16.4452256148,1,29.2163929872,0.363057324841,0.428918856959
representative_minus_mean,Both,all,-16.33573634,1,3932.97955888,0.363239308462,0.429597775842
representative_minus_mean,Both,all,-16.3322864108,1,1573.27562231,0.363421292084,0.429869357861
representative_minus_mean,Both,all,-16.3033886575,1,219.26785085,0.363603275705,0.429907208321
representative_minus_mean,Both,all,-16.2460805457,1,337.188301888,0.363785259327,0.429965414447
representative_minus_mean,Both,all,-16.2125949968,1,1612.54302235,0.363967242948,0.430243774884
representative_minus_mean,Both,all,-16.1289030612,1,938.28281633,0.36414922657,0.430405743161
representative_minus_mean,Both,all,-15.9964432434,1,1307.34805121,0.364331210191,0.430631420225
representative_minus_mean,Both,all,-15.9904102599,1,3651.91070816,0.364513193813,0.431261820435
representative_minus_mean,Both,all,-15.952794089,1,39.5830869808,0.364695177434,0.431268653347
representative_minus_mean,Both,all,-15.865758841,1,2507.86524872,0.364877161056,0.431701566117
representative_minus_mean,Both,all,-15.8417071901,1,2251.95735788,0.365059144677,0.432090303549
representative_minus_mean,Both,all,-15.8390820181,1,159.604247255,0.365241128298,0.432117854757
representative_minus_mean,Both,all,-15.8292019113,1,2628.8137034,0.36542311192,0.432571645894
representative_minus_mean,Both,all,-15.7808824896,1,25.4018250238,0.365605095541,0.432576030808
representative_minus_mean,Both,all,-15.6985401866,1,2356.95115656,0.365787079163,0.432982892482
representative_minus_mean,Both,all,-15.6838347111,1,1352.9381661,0.365969062784,0.433216439404
representative_minus_mean,Both,all,-15.5974391116,1,3480.4311692,0.366151046406,0.433817238469
representative_minus_mean,Both,all,-15.5696965279,1,1517.69905081,0.366333030027,0.434079226748
representative_minus_mean,Both,all,-15.5581427833,1,3449.2119747,0.366515013649,0.434674636693
representative_minus_mean,Both,all,-15.4801930165,1,3695.53485388,0.36669699727,0.435312567391
representative_minus_mean,Both,all,-15.4443664335,1,1182.49843138,0.366878980892,0.435516692661
representative_minus_mean,Both,all,-15.3166911389,1,5.58158248893,0.367060964513,0.435517656165
representative_minus_mean,Both,all,-15.2671942148,1,19.5591037602,0.367242948135,0.435521032497
representative_minus_mean,Both,all,-15.2425755078,1,30.3923368102,0.367424931756,0.435526278884
representative_minus_mean,Both,all,-15.1858744198,1,0.149712942539,0.367606915378,0.435526304727
representative_minus_mean,Both,all,-15.1265060102,1,92.0256961159,0.367788898999,0.435542190389
representative_minus_mean,Both,all,-15.083422137,1,272.665952911,0.367970882621,0.435589258537
representative_minus_mean,Both,all,-14.9801105419,1,2254.06308249,0.368152866242,0.435978359464
representative_minus_mean,Both,all,-14.9632200255,1,324.669062277,0.368334849864,0.436034404494
representative_minus_mean,Both,all,-14.9531160805,1,1849.6933489,0.368516833485,0.4363537023
representative_minus_mean,Both,all,-14.9417827203,1,1760.7726823,0.368698817106,0.43665765044
representative_minus_mean,Both,all,-14.9037224114,1,2523.66819296,0.368880800728,0.437093291146
representative_minus_mean,Both,all,-14.8217462146,1,720.71089276,0.369062784349,0.437217701717
representative_minus_mean,Both,all,-14.80155287,1,1935.67529846,0.369244767971,0.437551841901
representative_minus_mean,Both,all,-14.7516510036,1,1808.59403167,0.369426751592,0.43786404506
representative_minus_mean,Both,all,-14.676145043,1,2781.31230275,0.369608735214,0.438344160813
representative_minus_mean,Both,all,-14.6337759401,1,1623.02714667,0.369790718835,0.43862433104
representative_minus_mean,Both,all,-14.6100238247,1,214.597211549,0.369972702457,0.438661375245
representative_minus_mean,Both,all,-14.6058585123,1,1763.94551814,0.370154686078,0.438965871086
representative_minus_mean,Both,all,-14.5805765202,1,736.297392173,0.3703366697,0.439092972231
representative_minus_mean,Both,all,-14.5680745431,1,640.278240282,0.370518653321,0.439203498355
representative_minus_mean,Both,all,-14.5522513681,1,1317.16750136,0.370700636943,0.439430870473
representative_minus_mean,Both,all,-14.5350474426,1,2127.26638163,0.370882620564,0.439798083496
representative_minus_mean,Both,all,-14.4956858493,1,2100.02186449,0.371064604186,0.440160593517
representative_minus_mean,Both,all,-14.4748427798,1,4825.93566167,0.371246587807,0.440993656288
representative_minus_mean,Both,all,-14.3799688578,1,2436.33924044,0.371428571429,0.441414222093
representative_minus_mean,Both,all,-14.366367838,1,4367.33641848,0.37161055505,0.442168120536
representative_minus_mean,Both,all,-14.3153405278,1,721.758978254,0.371792538672,0.44229271203
representative_minus_mean,Both,all,-14.2428441984,1,1945.53255283,0.371974522293,0.442628553793
representative_minus_mean,Both,all,-14.2060294231,1,2025.28140485,0.372156505914,0.442978161964
representative_minus_mean,Both,all,-14.1546597663,1,26.1646326659,0.372338489536,0.442982678556
representative_minus_mean,Both,all,-14.1343232367,1,5063.72687357,0.372520473157,0.443856789327
representative_minus_mean,Both,all,-14.1083368831,1,4.63079776283,0.372702456779,0.443857588704
representative_minus_mean,Both,all,-14.0729269338,1,87.1888057973,0.3728844404,0.443872639412
representative_minus_mean,Both,all,-14.0472234689,1,702.723477124,0.373066424022,0.44399394496
representative_minus_mean,Both,all,-14.0169931073,1,168.15709927,0.373248407643,0.444022972578
representative_minus_mean,Both,all,-13.9636912585,1,2142.07006333,0.373430391265,0.444392741043
representative_minus_mean,Both,all,-13.9274837033,1,1278.99460837,0.373612374886,0.444613523679
representative_minus_mean,Both,all,-13.9103212617,1,62.3841250639,0.373794358508,0.444624292552
representative_minus_mean,Both,all,-13.8994668562,1,8.96972690764,0.373976342129,0.444625840925
representative_minus_mean,Both,all,-13.8603311751,1,3375.52240964,0.374158325751,0.445208530428
representative_minus_mean,Both,all,-13.8573695277,1,370.725626752,0.374340309372,0.445272525835
representative_minus_mean,Both,all,-13.8382038485,1,20.7504479042,0.374522292994,0.445276107819
representative_minus_mean,Both,all,-13.8180146248,1,505.412305527,0.374704276615,0.445363353114
representative_minus_mean,Both,all,-13.8039118609,1,1169.67419267,0.374886260237,0.445565264638
representative_minus_mean,Both,all,-13.8036048826,1,1357.44893035,0.375068243858,0.445799590216
representative_minus_mean,Both,all,-13.780998727,1,693.474534499,0.37525022748,0.445919299193
representative_minus_mean,Both,all,-13.776857724,1,1657.28004351,0.375432211101,0.446205382225
representative_minus_mean,Both,all,-13.7736401234,1,94.6669780472,0.375614194722,0.44622172383
representative_minus_mean,Both,all,-13.7543566958,1,26.5998586377,0.375796178344,0.446226315551
representative_minus_mean,Both,all,-13.7540743586,1,479.025504813,0.375978161965,0.446309005902
representative_minus_mean,Both,all,-13.7149399534,1,3277.70257777,0.376160145587,0.446874809548
representative_minus_mean,Both,all,-13.6784056335,1,2504.73304148,0.376342129208,0.44730718163
representative_minus_mean,Both,all,-13.6077138004,1,2168.49677804,0.37652411283,0.447681511928
representative_minus_mean,Both,all,-13.5410247308,1,63.7940689992,0.376706096451,0.447692524189
representative_minus_mean,Both,all,-13.4867967095,1,1117.06955737,0.376888080073,0.447885354995
representative_minus_mean,Both,all,-13.4862090957,1,798.230166084,0.377070063694,0.4480231471
representative_minus_mean,Both,all,-13.3221994941,1,10.0376494148,0.377252047316,0.448024879819
representative_minus_mean,Both,all,-13.2503030322,1,102.707130421,0.377434030937,0.448042609332
representative_minus_mean,Both,all,-13.2295494702,1,76.1361921836,0.377616014559,0.448055752115
representative_minus_mean,Both,all,-13.1978911286,1,2443.25075535,0.37779799818,0.448477511001
representative_minus_mean,Both,all,-13.158702561,1,491.828685008,0.377979981802,0.448562411463
representative_minus_mean,Both,all,-13.085600684,1,1598.98637262,0.378161965423,0.448838431723
representative_minus_mean,Both,all,-13.0457292893,1,1331.59550984,0.378343949045,0.449068294432
representative_minus_mean,Both,all,-13.0335856635,1,1159.44193191,0.378525932666,0.449268439643
representative_minus_mean,Both,all,-12.982137129,1,4874.07223949,0.378707916288,0.450109811848
representative_minus_mean,Both,all,-12.9144327997,1,1006.0958368,0.378889899909,0.450283486145
representative_minus_mean,Both,all,-12.903051401,1,281.322778101,0.37907188353,0.450332048652
representative_minus_mean,Both,all,-12.7795611738,1,2858.56183367,0.379253867152,0.450825499375
representative_minus_mean,Both,all,-12.696498149,1,2237.45292001,0.379435850773,0.451211733022
representative_minus_mean,Both,all,-12.6721348119,1,3864.87496041,0.379617834395,0.451878895552
representative_minus_mean,Both,all,-12.6320011697,1,2638.7429511,0.379799818016,0.452334400695
representative_minus_mean,Both,all,-12.6088016203,1,258.473905646,0.379981801638,0.452379018983
representative_minus_mean,Both,all,-12.5639741354,1,1714.98901177,0.380163785259,0.452675063854
representative_minus_mean,Both,all,-12.4737699373,1,2609.1686705,0.380345768881,0.453125463825
representative_minus_mean,Both,all,-12.4717813316,1,380.368918855,0.380527752502,0.453191123877
representative_minus_mean,Both,all,-12.463646521,1,2265.25496144,0.380709736124,0.453582156768
representative_minus_mean,Both,all,-12.4287320291,1,57.2319388224,0.380891719745,0.453592036261
representative_minus_mean,Both,all,-12.4266614012,1,3814.16013864,0.381073703367,0.454250444296
representative_minus_mean,Both,all,-12.41317138,1,200.541676425,0.381255686988,0.454285062206
representative_minus_mean,Both,all,-12.3779222548,1,3526.68185228,0.38143767061,0.454893845158
representative_minus_mean,Both,all,-12.3404354105,1,434.444625788,0.381619654231,0.454968839867
representative_minus_mean,Both,all,-12.2688150211,1,2691.25260274,0.381801637853,0.455433409333
representative_minus_mean,Both,all,-12.1826212213,1,2048.52092935,0.381983621474,0.455787029158
representative_minus_mean,Both,all,-12.1290985078,1,728.782942071,0.382165605096,0.455912833142
representative_minus_mean,Both,all,-12.121423868,1,43.4706295675,0.382347588717,0.45592033713
representative_minus_mean,Both,all,-12.1130757613,1,291.46586622,0.382529572338,0.455970650558
representative_minus_mean,Both,all,-12.013357693,1,3070.79326113,0.38271155596,0.456500737099
representative_minus_mean,Both,all,-11.9963999045,1,4291.13634888,0.382893539581,0.457241481732
representative_minus_mean,Both,all,-11.9855526787,1,20.8764733165,0.383075523203,0.457245085471
representative_minus_mean,Both,all,-11.9812835366,1,1453.36529788,0.383257506824,0.457495968327
representative_minus_mean,Both,all,-11.9365172531,1,35.7384961981,0.383439490446,0.457502137578
representative_minus_mean,Both,all,-11.9265726304,1,6.3450820868,0.383621474067,0.457503232879
representative_minus_mean,Both,all,-11.863401206,1,2247.96646418,0.383803457689,0.457891281395
representative_minus_mean,Both,all,-11.836833896,1,657.653067027,0.38398544131,0.458004806797
representative_minus_mean,Both,all,-11.811856581,1,1060.08305526,0.384167424932,0.458187800478
representative_minus_mean,Both,all,-11.8084170966,1,884.694054826,0.384349408553,0.458340518154
representative_minus_mean,Both,all,-11.773499804,1,2625.03212051,0.384531392175,0.458793656506
representative_minus_mean,Both,all,-11.7198015019,1,1894.82174715,0.384713375796,0.459120744467
representative_minus_mean,Both,all,-11.6758286222,1,2701.10187612,0.384895359418,0.459587014134
representative_minus_mean,Both,all,-11.6641465877,1,213.208373036,0.385077343039,0.459623818595
representative_minus_mean,Both,all,-11.6635307308,1,2754.55826027,0.385259326661,0.460099316011
representative_minus_mean,Both,all,-11.4966995064,1,80.5285199739,0.385441310282,0.460113217007
representative_minus_mean,Both,all,-11.4810675933,1,775.951051071,0.385623293904,0.460247163246
representative_minus_mean,Both,all,-11.4624662401,1,4746.95216448,0.385805277525,0.461066591726
representative_minus_mean,Both,all,-11.3116563366,1,1168.2955129,0.385987261146,0.46126826526
representative_minus_mean,Both,all,-11.2988156396,1,162.296037707,0.386169244768,0.46129628113
representative_minus_mean,Both,all,-11.2753859063,1,415.075189224,0.386351228389,0.461367932248
representative_minus_mean,Both,all,-11.2159217584,1,461.106647043,0.386533212011,0.46144752941
representative_minus_mean,Both,all,-11.1631022792,1,764.755083613,0.386715195632,0.461579542979
representative_minus_mean,Both,all,-11.1307956681,1,4166.92258531,0.386897179254,0.46229884558
representative_minus_mean,Both,all,-11.1296659109,1,718.842259882,0.387079162875,0.462422933585
representative_minus_mean,Both,all,-11.0669094554,1,164.739605864,0.387261146497,0.462451371269
representative_minus_mean,Both,all,-11.0278374689,1,2038.85356757,0.387443130118,0.462803322294
representative_minus_mean,Both,all,-11.0130005249,1,471.06334899,0.38762511374,0.462884638201
representative_minus_mean,Both,all,-10.9351807093,1,3039.83152035,0.387807097361,0.463409380064
representative_minus_mean,Both,all,-10.9341437633,1,271.197598069,0.387989080983,0.463456194742
representative_minus_mean,Both,all,-10.9254443127,1,229.190375033,0.388171064604,0.463495758048
representative_minus_mean,Both,all,-10.8585336954,1,1503.16935678,0.388353048226,0.463755238182
representative_minus_mean,Both,all,-10.8377088751,1,1417.12078986,0.388535031847,0.463999864438
representative_minus_mean,Both,all,-10.8346668017,1,3634.72178046,0.388717015469,0.46462729746
representative_minus_mean,Both,all,-10.8154687958,1,1277.66481571,0.38889899909,0.464847850544
representative_minus_mean,Both,all,-10.7756653011,1,1380.41865293,0.389080982712,0.465086141203
representative_minus_mean,Both,all,-10.6438620542,1,24.2620725159,0.389262966333,0.465090329371
representative_minus_mean,Both,all,-10.6358147575,1,22.7555524961,0.389444949955,0.46509425748
representative_minus_mean,Both,all,-10.625591461,1,137.454975176,0.389626933576,0.465117985236
representative_minus_mean,Both,all,-10.5132994213,1,452.204871336,0.389808917197,0.465196045755
representative_minus_mean,Both,all,-10.4476076282,1,41.094404364,0.389990900819,0.465203139554
representative_minus_mean,Both,all,-10.4187771763,1,52.759464684,0.39017288444,0.465212247
representative_minus_mean,Both,all,-10.4037381703,1,8.44477394451,0.390354868062,0.465213704754
representative_minus_mean,Both,all,-10.3916834032,1,10.0102255332,0.390536851683,0.465215432739
representative_minus_mean,Both,all,-10.378133222,1,400.632690258,0.390718835305,0.465284590764
representative_minus_mean,Both,all,-10.3637326273,1,1024.42663436,0.390900818926,0.465461429361
representative_minus_mean,Both,all,-10.339254527,1,2582.39182173,0.391082802548,0.465907207058
representative_minus_mean,Both,all,-10.3198074072,1,120.299456868,0.391264786169,0.465927973394
representative_minus_mean,Both,all,-10.3107774997,1,3004.50281603,0.391446769791,0.466446616745
representative_minus_mean,Both,all,-10.2115489632,1,1550.33879998,0.391628753412,0.466714239363
representative_minus_mean,Both,all,-10.1955907799,1,2573.84070533,0.391810737034,0.467158540949
representative_minus_mean,Both,all,-10.091372171,1,1328.55021017,0.391992720655,0.467387877973
representative_minus_mean,Both,all,-10.0604151506,1,12.5578731608,0.392174704277,0.467390045738
representative_minus_mean,Both,all,-10.0115425992,1,8.50936551809,0.392356687898,0.467391514642
representative_minus_mean,Both,all,-9.98430999533,1,4226.65190098,0.39253867152,0.468121127839
representative_minus_mean,Both,all,-9.96372448062,1,673.152383998,0.392720655141,0.468237328764
representative_minus_mean,Both,all,-9.89293412292,1,1847.80009467,0.392902638763,0.468556299753
representative_minus_mean,Both,all,-9.74999407182,1,2090.44625985,0.393084622384,0.468917156813
representative_minus_mean,Both,all,-9.74720852688,1,80.1903871362,0.393266606005,0.468930999439
representative_minus_mean,Both,all,-9.70578317394,1,2484.27073105,0.393448589627,0.469359839276
representative_minus_mean,Both,all,-9.64827675765,1,251.865865029,0.393630573248,0.469403316871
representative_minus_mean,Both,all,-9.60549281192,1,2330.10809004,0.39381255687,0.46980554484
representative_minus_mean,Both,all,-9.54593260332,1,723.90636346,0.393994540491,0.46993050702
representative_minus_mean,Both,all,-9.53491437172,1,2151.6181742,0.394176524113,0.4703019237
representative_minus_mean,Both,all,-9.50790713401,1,38.2563767751,0.394358507734,0.470308527593
representative_minus_mean,Both,all,-9.48634333467,1,3346.3150589,0.394540491356,0.470886175264
representative_minus_mean,Both,all,-9.43095692833,1,476.866400152,0.394722474977,0.470968492906
representative_minus_mean,Both,all,-9.31469140306,1,1304.36614865,0.394904458599,0.471193655228
representative_minus_mean,Both,all,-9.31127242728,1,1346.33867773,0.39508644222,0.471426062933
representative_minus_mean,Both,all,-9.29433625221,1,1949.50429628,0.395268425842,0.471762590306
representative_minus_mean,Both,all,-9.25091821194,1,2375.85534443,0.395450409463,0.472172715259
representative_minus_mean,Both,all,-9.16920777565,1,3926.30438392,0.395632393085,0.47285048186
representative_minus_mean,Both,all,-9.16720191947,1,204.353793297,0.395814376706,0.472885757825
representative_minus_mean,Both,all,-9.12388146818,1,1987.27320033,0.395996360328,0.473228804943
representative_minus_mean,Both,all,-9.11684240306,1,281.967615401,0.396178343949,0.473277478763
representative_minus_mean,Both,all,-9.11319436264,1,1512.76703228,0.396360327571,0.473538615667
representative_minus_mean,Both,all,-9.07750441924,1,2367.08761697,0.396542311192,0.473947227117
representative_minus_mean,Both,all,-9.03687095625,1,119.579033993,0.396724294813,0.473967869092
representative_minus_mean,Both,all,-9.01988749607,1,575.840062614,0.396906278435,0.474067271767
representative_minus_mean,Both,all,-9.00383518919,1,5373.57117679,0.397088262056,0.474994868489
representative_minus_mean,Both,all,-8.96680964866,1,651.21607465,0.397270245678,0.475107282724
representative_minus_mean,Both,all,-8.91131963978,1,420.883664941,0.397452229299,0.475179936513
representative_minus_mean,Both,all,-8.79568041181,1,288.093412095,0.397634212921,0.47522966778
representative_minus_mean,Both,all,-8.78886694523,1,0.0496596110374,0.397816196542,0.475229676353
representative_minus_mean,Both,all,-8.75478286443,1,226.874654056,0.397998180164,0.475268839914
representative_minus_mean,Both,all,-8.74903457364,1,483.146001771,0.398180163785,0.475352241554
representative_minus_mean,Both,all,-8.73373485787,1,1325.04960916,0.398362147407,0.475580974297
representative_minus_mean,Both,all,-8.59753356946,1,433.534647594,0.398544131028,0.475655811924
representative_minus_mean,Both,all,-8.59508662994,1,1175.02361312,0.39872611465,0.475858646876
representative_minus_mean,Both,all,-8.51752507484,1,68.6919097795,0.398908098271,0.475870504612
representative_minus_mean,Both,all,-8.50972275874,1,143.797230453,0.399090081893,0.475895327181
representative_minus_mean,Both,all,-8.48488523062,1,1052.33272906,0.399272065514,0.476076982984
representative_minus_mean,Both,all,-8.42744770888,1,1465.84168726,0.399454049136,0.47633001954
representative_minus_mean,Both,all,-8.33543882008,1,340.631639411,0.399636032757,0.476388820062
representative_minus_mean,Both,all,-8.21848720899,1,320.239814321,0.399818016379,0.476444100506
representative_minus_mean,Both,all,-8.15973731503,1,3004.98569108,0.4,0.476962827212
representative_minus_mean,Both,all,-8.11446713484,1,2338.40101533,0.400181983621,0.477366486723
representative_minus_mean,Both,all,-8.10936430232,1,118.278438971,0.400363967243,0.477386904186
representative_minus_mean,Both,all,-8.10307125695,1,23.1364969762,0.400545950864,0.477390898055
representative_minus_mean,Both,all,-8.02325235151,1,27.6577153084,0.400727934486,0.477395672386
representative_minus_mean,Both,all,-7.94973995582,1,1.66615220635,0.400909918107,0.477395960001
representative_minus_mean,Both,all,-7.94468828941,1,11.4231686643,0.401091901729,0.477397931891
representative_minus_mean,Both,all,-7.92466527362,1,148.701500381,0.40127388535,0.477423601045
representative_minus_mean,Both,all,-7.92026833772,1,3157.26892067,0.401455868972,0.477968615189
representative_minus_mean,Both,all,-7.81704303953,1,3597.76472874,0.401637852593,0.478589668611
representative_minus_mean,Both,all,-7.76103009834,1,409.864307295,0.401819836215,0.478660420216
representative_minus_mean,Both,all,-7.70177614915,1,139.709345397,0.402001819836,0.478684537126
representative_minus_mean,Both,all,-7.65191254241,1,2899.20775123,0.402183803458,0.47918500423
representative_minus_mean,Both,all,-7.6096361258,1,1534.289031,0.402365787079,0.479449856304
representative_minus_mean,Both,all,-7.52293508415,1,1801.74329381,0.402547770701,0.479760876875
representative_minus_mean,Both,all,-7.4677178192,1,1990.64807161,0.402729754322,0.48010450657
representative_minus_mean,Both,all,-7.46689631559,1,3249.09127516,0.402911737944,0.480665371275
representative_minus_mean,Both,all,-7.43408910765,1,3883.48259417,0.403093721565,0.481335745892
representative_minus_mean,Both,all,-7.32312863722,1,642.558063791,0.403275705187,0.481446665564
representative_minus_mean,Both,all,-7.28973343959,1,1673.87177021,0.403457688808,0.481735612693
representative_minus_mean,Both,all,-7.28747516895,1,1574.19338386,0.403639672429,0.482007353138
representative_minus_mean,Both,all,-7.28358591176,1,1916.78862696,0.403821656051,0.482338233066
representative_minus_mean,Both,all,-7.27367735813,1,250.688488441,0.404003639672,0.48238150742
representative_minus_mean,Both,all,-7.14078905134,1,2159.97593806,0.404185623294,0.482754366833
representative_minus_mean,Both,all,-7.1092585519,1,39.0187090645,0.404367606915,0.482761102322
representative_minus_mean,Both,all,-7.09611448839,1,3666.65952796,0.404549590537,0.483394048503
representative_minus_mean,Both,all,-7.08755647708,1,4593.0318233,0.404731574158,0.484186906943
representative_minus_mean,Both,all,-7.03384425109,1,2275.52358262,0.40491355778,0.484579712424
representative_minus_mean,Both,all,-7.02448573116,1,2312.6947249,0.405095541401,0.484978934464
representative_minus_mean,Both,all,-7.00970048188,1,1179.61486986,0.405277525023,0.485182561968
representative_minus_mean,Both,all,-6.98486596296,1,3311.14092939,0.405459508644,0.485754137809
representative_minus_mean,Both,all,-6.97892398723,1,2074.66638944,0.405641492266,0.486112270916
representative_minus_mean,Both,all,-6.93718196624,1,115.147441741,0.405823475887,0.4861321479
representative_minus_mean,Both,all,-6.85916394356,1,53.2545434539,0.406005459509,0.486141340807
representative_minus_mean,Both,all,-6.82156337579,1,3742.33500321,0.40618744313,0.486787350242
representative_minus_mean,Both,all,-6.80925507469,1,3078.08549661,0.406369426752,0.487318695584
representative_minus_mean,Both,all,-6.77064170439,1,932.412520181,0.406551410373,0.487479650518
representative_minus_mean,Both,all,-6.71308828881,1,1250.7590054,0.406733393995,0.487695559067
representative_minus_mean,Both,all,-6.69890560905,1,207.043845785,0.406915377616,0.487731299394
representative_minus_mean,Both,all,-6.6626735254,1,69.0327711779,0.407097361237,0.48774321597
representative_minus_mean,Both,all,-6.66246503621,1,573.957654422,0.407279344859,0.487842293701
representative_minus_mean,Both,all,-6.53164265442,1,847.578838719,0.40746132848,0.487988604474
representative_minus_mean,Both,all,-6.51411223527,1,54.2008545547,0.407643312102,0.487997960735
representative_minus_mean,Both,all,-6.45152958604,1,3039.44740472,0.407825295723,0.488522636291
representative_minus_mean,Both,all,-6.45144374693,1,627.739461309,0.408007279345,0.488630997946
representative_minus_mean,Both,all,-6.44052452869,1,36.5769387422,0.408189262966,0.488637311932
representative_minus_mean,Both,all,-6.35985010484,1,2571.58391867,0.408371246588,0.489081223947
representative_minus_mean,Both,all,-6.35423414195,1,3180.51104284,0.408553230209,0.489630250194
representative_minus_mean,Both,all,-6.35134194235,1,2058.23171617,0.408735213831,0.489985546314
representative_minus_mean,Both,all,-6.32626218252,1,3239.24839011,0.408917197452,0.49054471192
representative_minus_mean,Both,all,-6.24538787052,1,0.00372615317808,0.409099181074,0.490544712564
representative_minus_mean,Both,all,-6.21737469793,1,0.47713642922,0.409281164695,0.490544794928
representative_minus_mean,Both,all,-6.21286816321,1,2004.62654306,0.409463148317,0.490890837615
representative_minus_mean,Both,all,-6.12748333495,1,5.79991500651,0.409645131938,0.490891838808
representative_minus_mean,Both,all,-6.11528655139,1,306.974628331,0.40982711556,0.490944829389
representative_minus_mean,Both,all,-6.08487913666,1,261.716006638,0.410009099181,0.490990007335
representative_minus_mean,Both,all,-6.0534826316,1,1216.39145939,0.410191082803,0.491199983288
representative_minus_mean,Both,all,-6.04239791089,1,53.6747558576,0.410373066424,0.491209248733
representative_minus_mean,Both,all,-6.03368669333,1,147.611020556,0.410555050045,0.491234729646
representative_minus_mean,Both,all,-5.90040601191,1,2505.11917472,0.410737033667,0.491667168383
representative_minus_mean,Both,all,-5.89419005057,1,397.547368414,0.410919017288,0.491735793813
representative_minus_mean,Both,all,-5.89279520086,1,65.263101191,0.41110100091,0.491747059662
representative_minus_mean,Both,all,-5.89114028102,1,50.433707344,0.411282984531,0.49175576563
representative_minus_mean,Both,all,-5.81266405689,1,3207.91234286,0.411464968153,0.492309521945
representative_minus_mean,Both,all,-5.80734571634,1,771.300917831,0.411646951774,0.492442665469
representative_minus_mean,Both,all,-5.79191009293,1,9.99066961759,0.411828935396,0.492444390078
representative_minus_mean,Both,all,-5.7459758996,1,307.500512448,0.412010919017,0.492497471438
representative_minus_mean,Both,all,-5.73075517885,1,140.780689597,0.412192902639,0.492521773286
representative_minus_mean,Both,all,-5.69418959392,1,3943.13521778,0.41237488626,0.493202445259
representative_minus_mean,Both,all,-5.63036027168,1,3590.24128172,0.412556869882,0.493822199968
representative_minus_mean,Both,all,-5.60500203092,1,930.333363114,0.412738853503,0.493982795994
representative_minus_mean,Both,all,-5.59928582111,1,2248.82022169,0.412920837125,0.494370991888
representative_minus_mean,Both,all,-5.59736521011,1,155.421756646,0.413102820746,0.494397821106
representative_minus_mean,Both,all,-5.5645674779,1,9.78287489846,0.413284804368,0.494399509845
representative_minus_mean,Both,all,-5.52748157396,1,157.189730058,0.413466787989,0.494426644254
representative_minus_mean,Both,all,-5.52230819489,1,131.826346355,0.413648771611,0.494449400385
representative_minus_mean,Both,all,-5.48089744437,1,239.696082466,0.413830755232,0.494490777207
representative_minus_mean,Both,all,-5.34883998031,1,3527.92541373,0.414012738854,0.495099774825
representative_minus_mean,Both,all,-5.34438300788,1,2910.01091588,0.414194722475,0.495602106793
representative_minus_mean,Both,all,-5.31661223331,1,1227.65940332,0.414376706096,0.495814027841
representative_minus_mean,Both,all,-5.31601071589,1,3462.79322432,0.414558689718,0.496411782209
representative_minus_mean,Both,all,-5.302027554,1,3251.12831752,0.414740673339,0.496972998552
representative_minus_mean,Both,all,-5.03186469338,1,84.1714333268,0.414922656961,0.496987528395
representative_minus_mean,Both,all,-4.99846897011,1,1186.22552471,0.415104640582,0.497192297044
representative_minus_mean,Both,all,-4.91069052616,1,1546.28944593,0.415286624204,0.497459220654
representative_minus_mean,Both,all,-4.88037186211,1,9.05695036183,0.415468607825,0.497460784083
representative_minus_mean,Both,all,-4.84364568491,1,2045.03827203,0.415650591447,0.497813802725
representative_minus_mean,Both,all,-4.82812406184,1,2745.03020444,0.415832575068,0.498287655389
representative_minus_mean,Both,all,-4.81969259371,1,3781.32439172,0.41601455869,0.49894039525
representative_minus_mean,Both,all,-4.7750299763,1,858.662260155,0.416196542311,0.499088619266
representative_minus_mean,Both,all,-4.76058846826,1,1857.75452751,0.416378525933,0.499409308608
representative_minus_mean,Both,all,-4.73605435795,1,217.703892129,0.416560509554,0.499446889094
representative_minus_mean,Both,all,-4.71602376888,1,22.254253929,0.416742493176,0.499450730669
representative_minus_mean,Both,all,-4.71580681307,1,2930.26144417,0.416924476797,0.499956558324
representative_minus_mean,Both,all,-4.66345152602,1,6.15328210587,0.417106460419,0.499957620516
representative_minus_mean,Both,all,-4.59864535895,1,2756.88694661,0.41728844404,0.500433519915
representative_minus_mean,Both,all,-4.51511961615,1,722.57442376,0.417470427662,0.500558252172
representative_minus_mean,Both,all,-4.48619590672,1,767.345283811,0.417652411283,0.500690712867
representative_minus_mean,Both,all,-4.36819119115,1,9.15136986109,0.417834394904,0.500692292595
representative_minus_mean,Both,all,-4.32471589102,1,10.0703753387,0.418016378526,0.500694030963
representative_minus_mean,Both,all,-4.28216288853,1,829.086599394,0.418198362147,0.500837149568
representative_minus_mean,Both,all,-4.23544783283,1,334.550819068,0.418380345769,0.500894900407
representative_minus_mean,Both,all,-4.20688936319,1,1867.24286735,0.41856232939,0.501217227646
representative_minus_mean,Both,all,-4.20435319156,1,574.118303338,0.418744313012,0.501316333109
representative_minus_mean,Both,all,-4.13868311188,1,1047.89876657,0.418926296633,0.501497223512
representative_minus_mean,Both,all,-4.02750980584,1,730.84659117,0.419108280255,0.501623383729
representative_minus_mean,Both,all,-4.01010903131,1,11.5398573415,0.419290263876,0.501625375762
representative_minus_mean,Both,all,-3.93335519876,1,1972.67046007,0.419472247498,0.501965902125
representative_minus_mean,Both,all,-3.93029605627,1,3574.04212803,0.419654231119,0.502582860504
representative_minus_mean,Both,all,-3.92426231334,1,2477.72216423,0.419836214741,0.503010569913
representative_minus_mean,Both,all,-3.88681287285,1,3089.8375776,0.420018198362,0.503543943923
representative_minus_mean,Both,all,-3.88266836762,1,152.763154098,0.420200181984,0.503570314208
representative_minus_mean,Both,all,-3.88119286832,1,844.093408612,0.420382165605,0.503716023318
representative_minus_mean,Both,all,-3.753650451,1,96.6963714984,0.420564149227,0.503732715242
representative_minus_mean,Both,all,-3.74823313579,1,2168.36312605,0.420746132848,0.504107022468
representative_minus_mean,Both,all,-3.64099905847,1,551.683872998,0.42092811647,0.504202255254
representative_minus_mean,Both,all,-3.63960151526,1,4.61054460232,0.421110100091,0.504203051136
representative_minus_mean,Both,all,-3.55310488586,1,763.260778269,0.421292083712,0.504334806754
representative_minus_mean,Both,all,-3.45829091613,1,4.26443688459,0.421474067334,0.50433554289
representative_minus_mean,Both,all,-3.44726562934,1,3306.29739663,0.421656050955,0.504906282631
representative_minus_mean,Both,all,-3.41173377839,1,610.893057441,0.421838034577,0.505011736226
representative_minus_mean,Both,all,-3.40510369741,1,3987.13294054,0.422020018198,0.505700003176
representative_minus_mean,Both,all,-3.39264573067,1,472.079532538,0.42220200182,0.505781494499
representative_minus_mean,Both,all,-3.38370825786,1,2.81069204758,0.422383985441,0.505781979686
representative_minus_mean,Both,all,-3.29523161509,1,530.725241029,0.422565969063,0.505873594551
representative_minus_mean,Both,all,-3.26944974971,1,1393.4504411,0.422747952684,0.506114134783
representative_minus_mean,Both,all,-3.26520199308,1,535.271130175,0.422929936306,0.506206534368
representative_minus_mean,Both,all,-3.22477012577,1,26.1206496324,0.423111919927,0.506211043367
representative_minus_mean,Both,all,-3.1154670122,1,205.084149857,0.423293903549,0.506246445408
representative_minus_mean,Both,all,-3.10201630116,1,15.8456267598,0.42347588717,0.506249180712
representative_minus_mean,Both,all,-3.03644878191,1,1957.82903777,0.423657870792,0.506587145119
representative_minus_mean,Both,all,-3.02561308513,1,889.413856258,0.423839854413,0.506740677537
representative_minus_mean,Both,all,-2.99956491745,1,2083.79069626,0.424021838035,0.5071003857
representative_minus_mean,Both,all,-2.87915438957,1,3129.79237776,0.424203821656,0.507640656788
representative_minus_mean,Both,all,-2.86933085623,1,90.0441564089,0.424385805278,0.507656200393
representative_minus_mean,Both,all,-2.86778351399,1,66.1404488284,0.424567788899,0.507667617691
representative_minus_mean,Both,all,-2.84275158406,1,3486.81699981,0.42474977252,0.508269519091
representative_minus_mean,Both,all,-2.83261906871,1,2230.93716889,0.424931756142,0.508654627976
representative_minus_mean,Both,all,-2.83101936987,1,11.7762101449,0.425113739763,0.508656660809
representative_minus_mean,Both,all,-2.82508991136,1,2871.8163167,0.425295723385,0.509152399548
representative_minus_mean,Both,all,-2.80152929687,1,3469.84165891,0.425477707006,0.50975137063
representative_minus_mean,Both,all,-2.74709373934,1,1008.27615152,0.425659690628,0.509925421298
representative_minus_mean,Both,all,-2.74347643377,1,1303.05836709,0.425841674249,0.510150357868
representative_minus_mean,Both,all,-2.7420393002,1,1265.73661399,0.426023657871,0.510368851882
representative_minus_mean,Both,all,-2.72363421611,1,2815.23145001,0.426205641492,0.510854822826
representative_minus_mean,Both,all,-2.70960745703,1,2366.70059048,0.426387625114,0.511263367467
representative_minus_mean,Both,all,-2.67274759598,1,1302.51473775,0.426569608735,0.511488210195
representative_minus_mean,Both,all,-2.63862838292,1,904.20749486,0.426751592357,0.511644296321
representative_minus_mean,Both,all,-2.54997250474,1,2242.54553373,0.426933575978,0.512031409065
representative_minus_mean,Both,all,-2.44671136235,1,1118.20528859,0.4271155596,0.512224435923
representative_minus_mean,Both,all,-2.3927624401,1,18.104269178,0.427297543221,0.512227561118
representative_minus_mean,Both,all,-2.33833459178,1,2243.64043972,0.427479526843,0.512614862867
representative_minus_mean,Both,all,-2.33627412536,1,3165.7817778,0.427661510464,0.513161346519
representative_minus_mean,Both,all,-2.30760231307,1,1484.29766971,0.427843494086,0.513417568983
representative_minus_mean,Both,all,-2.30053020245,1,1.96002429191,0.428025477707,0.513417907327
representative_minus_mean,Both,all,-2.28243974074,1,3511.95328196,0.428207461328,0.514024147803
representative_minus_mean,Both,all,-2.27606818506,1,1738.72471664,0.42838944495,0.514324289979
representative_minus_mean,Both,all,-2.24236751953,1,4.66544297499,0.428571428571,0.514325095337
representative_minus_mean,Both,all,-2.2186447137,1,1989.96941105,0.428753412193,0.51466860788
representative_minus_mean,Both,all,-2.15144739367,1,1134.70947413,0.428935395814,0.514864483724
representative_minus_mean,Both,all,-2.14606636939,1,3091.16922283,0.429117379436,0.515398087605
representative_minus_mean,Both,all,-2.14058948038,1,1045.06340807,0.429299363057,0.515578488563
representative_minus_mean,Both,all,-2.01463584453,1,332.004364609,0.429481346679,0.515635799828
representative_minus_mean,Both,all,-1.98201506675,1,961.904906683,0.4296633303,0.515801845798
representative_minus_mean,Both,all,-1.94496312167,1,61.5838167159,0.429845313922,0.515812476521
representative_minus_mean,Both,all,-1.83705715845,1,2103.29972416,0.430027297543,0.516175552372
representative_minus_mean,Both,all,-1.81500773286,1,820.704035339,0.430209281165,0.516317223962
representative_minus_mean,Both,all,-1.79051483378,1,12.7463655575,0.430391264786,0.516319424265
representative_minus_mean,Both,all,-1.70746539389,1,1741.74474569,0.430573248408,0.516620087765
representative_minus_mean,Both,all,-1.64764135049,1,495.358561511,0.430755232029,0.516705597561
representative_minus_mean,Both,all,-1.53203430008,1,2605.20231651,0.430937215651,0.517155312852
representative_minus_mean,Both,all,-1.52972768462,1,32.9073314126,0.431119199272,0.517160993382
representative_minus_mean,Both,all,-1.48896172338,1,13.5432810743,0.431301182894,0.517163331251
representative_minus_mean,Both,all,-1.43623147726,1,242.890147039,0.431483166515,0.517205259439
representative_minus_mean,Both,all,-1.42592663236,1,3830.34784979,0.431665150136,0.517866461829
representative_minus_mean,Both,all,-1.38907241535,1,4.43608278243,0.431847133758,0.517867227595
representative_minus_mean,Both,all,-1.38070206093,1,6.54094585812,0.432029117379,0.517868356706
representative_minus_mean,Both,all,-1.36713389978,1,58.8675398727,0.432211101001,0.51787851854
representative_minus_mean,Both,all,-1.34592997164,1,218.386419467,0.432393084622,0.517916216845
representative_minus_mean,Both,all,-1.33241895842,1,1599.6905291,0.432575068244,0.518192358659
representative_minus_mean,Both,all,-1.32160318578,1,128.085204773,0.432757051865,0.518214468986
representative_minus_mean,Both,all,-1.29166059665,1,316.89742452,0.432939035487,0.51826917246
representative_minus_mean,Both,all,-1.25529995135,1,26.6418903026,0.433121019108,0.518273771437
representative_minus_mean,Both,all,-1.24949392837,1,3108.55742741,0.43330300273,0.518810376905
representative_minus_mean,Both,all,-1.21870925982,1,1994.9480386,0.433484986351,0.519154748869
representative_minus_mean,Both,all,-1.13599366416,1,1121.05476825,0.433666969973,0.51934826761
representative_minus_mean,Both,all,-1.11965538676,1,2468.75906559,0.433848953594,0.519774429791
representative_minus_mean,Both,all,-1.05485546749,1,1259.54528353,0.434030937216,0.519991855044
representative_minus_mean,Both,all,-1.03262121941,1,4415.85947912,0.434212920837,0.520754129636
representative_minus_mean,Both,all,-0.973419600951,1,86.3083642333,0.434394904459,0.52076902836
representative_minus_mean,Both,all,-0.968444437635,1,1861.45488897,0.43457688808,0.521090356467
representative_minus_mean,Both,all,-0.958000030965,1,202.786139147,0.434758871702,0.52112536182
representative_minus_mean,Both,all,-0.859101494385,1,336.007693574,0.434940855323,0.521183364147
representative_minus_mean,Both,all,-0.83529497563,1,3589.02712701,0.435122838944,0.521802909267
representative_minus_mean,Both,all,-0.82796511494,1,398.432909243,0.435304822566,0.521871687561
representative_minus_mean,Both,all,-0.82724916292,1,94.9316842642,0.435486806187,0.52188807486
representative_minus_mean,Both,all,-0.821175619202,1,1624.71872758,0.435668789809,0.522168537092
representative_minus_mean,Both,all,-0.787450377929,1,2697.12177635,0.43585077343,0.522634119706
representative_minus_mean,Both,all,-0.73426942828,1,2278.88081649,0.436032757052,0.52302750472
representative_minus_mean,Both,all,-0.727947745348,1,773.842819208,0.436214740673,0.523161087032
representative_minus_mean,Both,all,-0.711660605926,1,2350.99751501,0.436396724295,0.523566920977
representative_minus_mean,Both,all,-0.659262384228,1,0.0112307205839,0.436578707916,0.523566922915
representative_minus_mean,Both,all,-0.638495393247,1,48.1316596572,0.436760691538,0.5235752315
representative_minus_mean,Both,all,-0.637012041532,1,61.8295671134,0.436942675159,0.523585904645
representative_minus_mean,Both,all,-0.536687820291,1,2891.09137618,0.437124658781,0.524084970683
representative_minus_mean,Both,all,-0.512344912506,1,2927.55289297,0.437306642402,0.524590330783
representative_minus_mean,Both,all,-0.486861096327,1,2536.97856118,0.437488626024,0.525028269151
representative_minus_mean,Both,all,-0.461816315105,1,2360.08163783,0.437670609645,0.525435671215
representative_minus_mean,Both,all,-0.432825552972,1,67.7742729728,0.437852593267,0.525447370547
representative_minus_mean,Both,all,-0.409040415347,1,182.811171139,0.438034576888,0.525478927781
representative_minus_mean,Both,all,-0.380830720151,1,1954.23310976,0.43821656051,0.525816271452
representative_minus_mean,Both,all,-0.368887007543,1,423.022522424,0.438398544131,0.525889294455
representative_minus_mean,Both,all,-0.342903996307,1,4305.71332103,0.438580527753,0.526632555394
representative_minus_mean,Both,all,-0.213069249883,1,147.127386885,0.438762511374,0.526657952821
representative_minus_mean,Both,all,-0.163366382945,1,408.189683818,0.438944494995,0.52672841535
representative_minus_mean,Both,all,-0.0969851816976,1,1280.79403007,0.439126478617,0.526949508605
representative_minus_mean,Both,all,-0.0781261860272,1,142.438553419,0.439308462238,0.526974096636
representative_minus_mean,Both,all,-0.0495768719693,1,1278.98738898,0.43949044586,0.527194878025
representative_minus_mean,Both,all,-0.0309894541715,1,240.838373165,0.439672429481,0.527236452032
representative_minus_mean,Both,all,-0.0300852060499,1,477.4103361,0.439854413103,0.527318863569
representative_minus_mean,Both,all,-0.00821769628831,1,847.835122586,0.440036396724,0.527465218582
representative_minus_mean,Both,all,-0.000470988726875,1,620.086621406,0.440218380346,0.527572259188
representative_minus_mean,Both,all,0,2,2702.18816792,0.440582347589,0.528038716373
representative_minus_mean,Both,all,0.0138129906065,1,2238.89890492,0.44076433121,0.528425199629
representative_minus_mean,Both,all,0.103497214714,1,943.154596179,0.440946314832,0.528588008882
representative_minus_mean,Both,all,0.119106428169,1,2970.41102781,0.441128298453,0.52910076724
representative_minus_mean,Both,all,0.124826613925,1,3233.3783139,0.441310282075,0.529658919542
representative_minus_mean,Both,all,0.128216990814,1,16.5670408753,0.441492265696,0.529661779378
representative_minus_mean,Both,all,0.136185397148,1,487.153365854,0.441674249318,0.529745872777
representative_minus_mean,Both,all,0.149428634899,1,409.938840376,0.441856232939,0.529816637248
representative_minus_mean,Both,all,0.186768591397,1,138.675162336,0.442038216561,0.529840575635
representative_minus_mean,Both,all,0.234900493275,1,3717.35335951,0.442220200182,0.530482272688
representative_minus_mean,Both,all,0.281508236591,1,3915.62749982,0.442402183803,0.531158196224
representative_minus_mean,Both,all,0.283692211672,1,2562.93976994,0.442584167425,0.531600616069
representative_minus_mean,Both,all,0.306221623036,1,1144.74879107,0.442766151046,0.53179822492
representative_minus_mean,Both,all,0.338347603223,1,481.142978719,0.442948134668,0.531881280793
representative_minus_mean,Both,all,0.340097463377,1,4364.72320194,0.443130118289,0.532634728137
representative_minus_mean,Both,all,0.341422460774,1,24.5343413724,0.443312101911,0.532638963305
representative_minus_mean,Both,all,0.425997910969,1,743.810282673,0.443494085532,0.53276736134
representative_minus_mean,Both,all,0.453661624765,1,0.673049392086,0.443676069154,0.532767477523
representative_minus_mean,Both,all,0.498844234986,1,717.775833208,0.443858052775,0.532891381438
representative_minus_mean,Both,all,0.507683594052,1,58.5167019976,0.444040036397,0.53290148271
representative_minus_mean,Both,all,0.593990755744,1,547.449038525,0.444222020018,0.53299598447
representative_minus_mean,Both,all,0.607006522021,1,1505.08427039,0.44440400364,0.533255795159
representative_minus_mean,Both,all,0.607504991631,1,1374.6024569,0.444585987261,0.533493081815
representative_minus_mean,Both,all,0.625942701324,1,2388.68047635,0.444767970883,0.533905420668
representative_minus_mean,Both,all,0.651530067314,1,2893.94413872,0.444949954504,0.534404979157
representative_minus_mean,Both,all,0.742008762064,1,413.209390532,0.445131938126,0.534476308197
representative_minus_mean,Both,all,0.759732730222,1,3865.07006154,0.445313921747,0.535143504406
representative_minus_mean,Both,all,0.798085334877,1,116.238550661,0.445495905369,0.535163569739
representative_minus_mean,Both,all,0.840605962215,1,104.147284518,0.44567788899,0.535181547854
representative_minus_mean,Both,all,0.850516539575,1,664.056540051,0.445859872611,0.535296178637
representative_minus_mean,Both,all,0.851457131444,1,27.381236241,0.446041856233,0.535300905241
representative_minus_mean,Both,all,0.86372034047,1,14.1791980968,0.446223839854,0.535303352883
representative_minus_mean,Both,all,0.888079709419,1,2096.09661924,0.446405823476,0.535665185319
representative_minus_mean,Both,all,0.962152443337,1,3231.88285656,0.446587807097,0.536223079472
representative_minus_mean,Both,all,0.965350696346,1,4578.74438219,0.446769790719,0.537013471585
representative_minus_mean,Both,all,1.05701622156,1,37.6395347962,0.44695177434,0.537019968998
representative_minus_mean,Both,all,1.08029805258,1,1443.8153638,0.447133757962,0.537269203325
representative_minus_mean,Both,all,1.20459660795,1,1820.6844668,0.447315741583,0.537583493559
representative_minus_mean,Both,all,1.24020027276,1,137.908003758,0.447497725205,0.537607299517
representative_minus_mean,Both,all,1.35594998182,1,4.37170714526,0.447679708826,0.53760805417
representative_minus_mean,Both,all,1.4819113772,1,2878.74152802,0.447861692448,0.538104988353
representative_minus_mean,Both,all,1.53507178638,1,3697.24051443,0.448043676069,0.538743213486
representative_minus_mean,Both,all,1.53950585168,1,3.40702836323,0.448225659691,0.538743801614
representative_minus_mean,Both,all,1.60307750001,1,1065.56288568,0.448407643312,0.538927741234
representative_minus_mean,Both,all,1.66064823648,1,1447.82953595,0.448589626934,0.539177668496
representative_minus_mean,Both,all,1.66356102175,1,63,0.448771610555,0.539188543683
representative_minus_mean,Both,all,1.67624755544,1,1980.5370792,0.448953594177,0.539530427998
representative_minus_mean,Both,all,1.71037902559,1,4457.19970811,0.449135577798,0.540299838823
representative_minus_mean,Both,all,1.72264057365,1,2314.25508574,0.449317561419,0.540699330215
representative_minus_mean,Both,all,1.74772610125,1,3115.30348269,0.449499545041,0.541237100201
representative_minus_mean,Both,all,1.76062037788,1,919.730294021,0.449681528662,0.541395865904
representative_minus_mean,Both,all,1.76474138575,1,2851.47609614,0.449863512284,0.541888093473
representative_minus_mean,Both,all,1.78553867136,1,1874.17074624,0.450045495905,0.542211616616
representative_minus_mean,Both,all,1.79974930343,1,534.593844081,0.450227479527,0.542303899287
representative_minus_mean,Both,all,1.82373349036,1,2900.52467341,0.450409463148,0.54280459372
representative_minus_mean,Both,all,1.85537888456,1,95.5197763601,0.45059144677,0.542821082537
representative_minus_mean,Both,all,1.88007020834,1,1336.10383131,0.450773430391,0.543051723482
representative_minus_mean,Both,all,1.88584078929,1,1061.65507778,0.450955414013,0.543234988528
representative_minus_mean,Both,all,1.9188352215,1,1931.72747055,0.451137397634,0.54356844723
representative_minus_mean,Both,all,1.92623327528,1,55.249324058,0.451319381256,0.54357798448
representative_minus_mean,Both,all,1.95742626307,1,2154.88146792,0.451501364877,0.543949964475
representative_minus_mean,Both,all,2.00417490919,1,956.767662602,0.451683348499,0.544115123644
representative_minus_mean,Both,all,2.04461955974,1,3680.13520453,0.45186533212,0.544750396023
representative_minus_mean,Both,all,2.04939737077,1,213.687957276,0.452047315742,0.544787283271
representative_minus_mean,Both,all,2.14518127621,1,464.363843581,0.452229299363,0.544867442696
representative_minus_mean,Both,all,2.17420208152,1,2603.03663565,0.452411282985,0.545316784143
representative_minus_mean,Both,all,2.1905244985,1,2448.04882763,0.452593266606,0.545739371281
representative_minus_mean,Both,all,2.26220355968,1,403.228358491,0.452775250227,0.545808977376
representative_minus_mean,Both,all,2.27570279024,1,2562.32779859,0.452957233849,0.546251291581
representative_minus_mean,Both,all,2.29786803655,1,3416.14640368,0.45313921747,0.54684099368
representative_minus_mean,Both,all,2.32127804416,1,1927.66666197,0.453321201092,0.547173751397
representative_minus_mean,Both,all,2.36321869277,1,1736.09359998,0.453503184713,0.547473439384
representative_minus_mean,Both,all,2.38989774542,1,41.2513457584,0.453685168335,0.547480560275
representative_minus_mean,Both,all,2.4347189038,1,2627.62577954,0.453867151956,0.54793414635
representative_minus_mean,Both,all,2.47112810563,1,4818.1746671,0.454049135578,0.548765869402
representative_minus_mean,Both,all,2.47174269019,1,2528.34165039,0.454231119199,0.54920231685
representative_minus_mean,Both,all,2.52381856957,1,803.953361043,0.454413102821,0.549341096905
representative_minus_mean,Both,all,2.55702333211,1,35.4722950094,0.454595086442,0.549347220204
representative_minus_mean,Both,all,2.58482411227,1,22.1410183005,0.454777070064,0.549351042231
representative_minus_mean,Both,all,2.62971861791,1,2422.67747251,0.454959053685,0.549769249715
representative_minus_mean,Both,all,2.69477606115,1,1575.46201416,0.455141037307,0.550041209153
representative_minus_mean,Both,all,2.70796264152,1,2984.4802389,0.455323020928,0.550556396166
representative_minus_mean,Both,all,2.90634245183,1,17.0265945674,0.45550500455,0.550559335331
representative_minus_mean,Both,all,2.92346760714,1,2469.20867923,0.455686988171,0.550985575126
representative_minus_mean,Both,all,2.92551217884,1,102.024946197,0.455868971793,0.551003186878
representative_minus_mean,Both,all,2.93550486689,1,1331.53209651,0.456050955414,0.551233038641
representative_minus_mean,Both,all,2.97321581852,1,2780.55715291,0.456232939035,0.551713024038
representative_minus_mean,Both,all,3.0014628087,1,1772.63834702,0.456414922657,0.552019020454
representative_minus_mean,Both,all,3.05370768546,1,2633.95291801,0.456596906278,0.552473698732
representative_minus_mean,Both,all,3.14957603143,1,19.5689788873,0.4567788899,0.552477076769
representative_minus_mean,Both,all,3.24990831555,1,3117.32363726,0.456960873521,0.553015195478
representative_minus_mean,Both,all,3.32354980123,1,1725.15239317,0.457142857143,0.553312994772
representative_minus_mean,Both,all,3.33499815632,1,2040.74591431,0.457324840764,0.553665272458
representative_minus_mean,Both,all,3.37256916667,1,2164.86347722,0.457506824386,0.554038975568
representative_minus_mean,Both,all,3.39142718688,1,2666.28746559,0.457688808007,0.554499235501
representative_minus_mean,Both,all,3.43858132986,1,326.611792255,0.457870791629,0.554555615889
representative_minus_mean,Both,all,3.47219090923,1,107.23747941,0.45805277525,0.55457412744
representative_minus_mean,Both,all,3.48950687003,1,3222.46099368,0.458234758872,0.555130395172
representative_minus_mean,Both,all,3.65514724867,1,1005.20171232,0.458416742493,0.555303915124
representative_minus_mean,Both,all,3.67650769396,1,2426.58222397,0.458598726115,0.555722796653
representative_minus_mean,Both,all,3.72623884086,1,1748.40813399,0.458780709736,0.556024610401
representative_minus_mean,Both,all,3.74867851707,1,965.215053999,0.458962693358,0.556191227775
representative_minus_mean,Both,all,3.79849096382,1,3050.14382971,0.459144676979,0.556717749769
representative_minus_mean,Both,all,3.82767343439,1,1376.16180782,0.459326660601,0.556955305603
representative_minus_mean,Both,all,3.85955079705,1,191.601078535,0.459508644222,0.556988380169
representative_minus_mean,Both,all,3.87766294179,1,1316.58513595,0.459690627843,0.557215651757
representative_minus_mean,Both,all,3.8780973967,1,4190.52604693,0.459872611465,0.557939028836
representative_minus_mean,Both,all,3.90163055355,1,1327.43226396,0.460054595086,0.558168172877
representative_minus_mean,Both,all,4.07080826771,1,3130.55516864,0.460236578708,0.55870857564
representative_minus_mean,Both,all,4.08552922627,1,1904.10596998,0.460418562329,0.559037266262
representative_minus_mean,Both,all,4.08763957645,1,4875.77506058,0.460600545951,0.559878932411
representative_minus_mean,Both,all,4.08893678556,1,611.243270756,0.460782529572,0.55998444646
representative_minus_mean,Both,all,4.11462268241,1,2068.63686177,0.460964513194,0.560341538738
representative_minus_mean,Both,all,4.14342419859,1,2551.33440478,0.461146496815,0.560781955241
representative_minus_mean,Both,all,4.16172973596,1,1687.01886183,0.461328480437,0.561073171848
representative_minus_mean,Both,all,4.18929702952,1,2686.63090568,0.461510464058,0.561536943507
representative_minus_mean,Both,all,4.21140998326,1,164.361388435,0.46169244768,0.561565315902
representative_minus_mean,Both,all,4.21727133777,1,1078.8284447,0.461874431301,0.561751545449
representative_minus_mean,Both,all,4.2611571392,1,1975.05390058,0.462056414923,0.562092483247
representative_minus_mean,Both,all,4.30840353825,1,2820.55188549,0.462238398544,0.562579372616
representative_minus_mean,Both,all,4.42298091834,1,107.11198216,0.462420382166,0.562597862503
representative_minus_mean,Both,all,4.42977891819,1,1198.96230757,0.462602365787,0.562804829801
representative_minus_mean,Both,all,4.4426438023,1,7.32577626971,0.462784349409,0.562806094391
representative_minus_mean,Both,all,4.45888002387,1,1665.23156936,0.46296633303,0.563093550031
representative_minus_mean,Both,all,4.61337594028,1,0.476176578803,0.463148316652,0.56309363223
representative_minus_mean,Both,all,4.7392262722,1,139.263066017,0.463330300273,0.563117672102
representative_minus_mean,Both,all,4.78293699624,1,1177.3401561,0.463512283894,0.56332090694
representative_minus_mean,Both,all,4.88345529206,1,3206.69757632,0.463694267516,0.563874453559
representative_minus_mean,Both,all,4.93145617471,1,2809.45816571,0.463876251137,0.564359427908
representative_minus_mean,Both,all,4.9942674741,1,243.368390613,0.464058234759,0.564401438652
representative_minus_mean,Both,all,5.04646544542,1,1016.80284788,0.46424021838,0.564576961215
representative_minus_mean,Both,all,5.09062493876,1,2.06722168292e-05,0.464422202002,0.564576961219
representative_minus_mean,Both,all,5.17833603976,1,33.6972697158,0.464604185623,0.564582778109
representative_minus_mean,Both,all,5.23226315637,1,848.983538639,0.464786169245,0.564729331364
representative_minus_mean,Both,all,5.24106080139,1,303.744663171,0.464968152866,0.564781764382
representative_minus_mean,Both,all,5.26132044601,1,385.26743679,0.465150136488,0.564848270026
representative_minus_mean,Both,all,5.34470141348,1,3256.94181486,0.465332120109,0.565410489907
representative_minus_mean,Both,all,5.43024898632,1,1756.26731543,0.465514103731,0.565713660322
representative_minus_mean,Both,all,5.43461643883,1,20.7218598694,0.465696087352,0.565717237372
representative_minus_mean,Both,all,5.44728731276,1,2903.75138117,0.465878070974,0.566218488806
representative_minus_mean,Both,all,5.48474519415,1,3097.8128002,0.466060054595,0.566753239515
representative_minus_mean,Both,all,5.52012109989,1,3831.50873829,0.466242038217,0.5674146423
representative_minus_mean,Both,all,5.54310033729,1,2428.85713822,0.466424021838,0.56783391653
representative_minus_mean,Both,all,5.54388589159,1,158.71548627,0.46660600546,0.567861314318
representative_minus_mean,Both,all,5.55005450447,1,9.30793532925,0.466787989081,0.567862921073
representative_minus_mean,Both,all,5.57622213115,1,875.092457202,0.466969972702,0.568013981302
representative_minus_mean,Both,all,5.57888289783,1,117.135872769,0.467151956324,0.568034201533
representative_minus_mean,Both,all,5.60525217203,1,408.039239179,0.467333939945,0.568104638092
representative_minus_mean,Both,all,5.66839310685,1,2415.95339444,0.467515923567,0.568521684851
representative_minus_mean,Both,all,5.75881329902,1,35.0437147198,0.467697907188,0.568527734168
representative_minus_mean,Both,all,5.93638121077,1,1375.80957968,0.46787989081,0.568765229199
representative_minus_mean,Both,all,5.95662890543,1,927.209119175,0.468061874431,0.568925285912
representative_minus_mean,Both,all,5.97252474242,1,1031.54883458,0.468243858053,0.569103353958
representative_minus_mean,Both,all,6.01744909195,1,1879.74126365,0.468425841674,0.569427838695
representative_minus_mean,Both,all,6.02434018163,1,1590.19391466,0.468607825296,0.569702341184
representative_minus_mean,Both,all,6.06983989247,1,2327.17927963,0.468789808917,0.570104063576
representative_minus_mean,Both,all,6.07267101771,1,7.88864849246,0.468971792539,0.570105425331
representative_minus_mean,Both,all,6.07976882236,1,0.710286618644,0.46915377616,0.570105547942
representative_minus_mean,Both,all,6.16235673603,1,57.5173828214,0.469335759782,0.570115476709
representative_minus_mean,Both,all,6.2115143656,1,921.19791317,0.469517743403,0.570274495755
representative_minus_mean,Both,all,6.26182681821,1,2503.97051506,0.469699727025,0.570706736208
representative_minus_mean,Both,all,6.28924105578,1,1112.20122949,0.469881710646,0.570898726633
representative_minus_mean,Both,all,6.2961164149,1,1003.50392089,0.470063694268,0.571071953509
representative_minus_mean,Both,all,6.30356114401,1,2938.64838788,0.470245677889,0.571579228935
representative_minus_mean,Both,all,6.32822361093,1,1781.64521074,0.47042766151,0.571886780133
representative_minus_mean,Both,all,6.33163600272,1,2796.36611147,0.470609645132,0.572369494505
representative_minus_mean,Both,all,6.332176885,1,1730.46227654,0.470791628753,0.572668210402
representative_minus_mean,Both,all,6.39372721742,1,2936.43967051,0.470973612375,0.573175104555
representative_minus_mean,Both,all,6.40382631614,1,2016.6967546,0.471155595996,0.573523230826
representative_minus_mean,Both,all,6.40977402456,1,1979.89085745,0.471337579618,0.573865003589
representative_minus_mean,Both,all,6.58855462747,1,2080.18353365,0.471519563239,0.574224089077
representative_minus_mean,Both,all,6.60413107689,1,77.6146314565,0.471701546861,0.574237487071
representative_minus_mean,Both,all,6.61739367873,1,972.063613225,0.471883530482,0.574405286658
representative_minus_mean,Both,all,6.66060659996,1,1881.8132223,0.472065514104,0.574730129061
representative_minus_mean,Both,all,6.68605825774,1,93.6274078815,0.472247497725,0.574746291213
representative_minus_mean,Both,all,6.76084208515,1,1257.14146445,0.472429481347,0.574963301515
representative_minus_mean,Both,all,6.76874930101,1,706.24793532,0.472611464968,0.575085215461
representative_minus_mean,Both,all,6.77865295402,1,3887.15842821,0.47279344859,0.575756224608
representative_minus_mean,Both,all,6.80389197696,1,3.93088390079,0.472975432211,0.575756903165
representative_minus_mean,Both,all,6.98278379962,1,4159.35473214,0.473157415833,0.576474899389
representative_minus_mean,Both,all,7.03846732389,1,2173.40201124,0.473339399454,0.576850076438
representative_minus_mean,Both,all,7.14953676243,1,138.780737246,0.473521383076,0.57687403305
representative_minus_mean,Both,all,7.15583061955,1,324.613047979,0.473703366697,0.57693006841
representative_minus_mean,Both,all,7.17987383827,1,4482.85159717,0.473885350318,0.577703907317
representative_minus_mean,Both,all,7.20402727475,1,2281.97932419,0.47406733394,0.578097827201
representative_minus_mean,Both,all,7.21707948465,1,294.835972441,0.474249317561,0.578148722383
representative_minus_mean,Both,all,7.27691124482,1,724.099903154,0.474431301183,0.578273717972
representative_minus_mean,Both,all,7.28843165415,1,3409.96419054,0.474613284804,0.578862352885
representative_minus_mean,Both,all,7.29367728859,1,3.20535566949,0.474795268426,0.5788629062
representative_minus_mean,Both,all,7.36399492454,1,9.96731733798,0.474977252047,0.578864626779
representative_minus_mean,Both,all,7.38567687847,1,64.1860129157,0.475159235669,0.578875706698
representative_minus_mean,Both,all,7.38641700801,1,1102.04321299,0.47534121929,0.579065943626
representative_minus_mean,Both,all,7.39500911423,1,1362.11199386,0.475523202912,0.579301074152
representative_minus_mean,Both,all,7.44535958158,1,659.179809143,0.475705186533,0.579414863104
representative_minus_mean,Both,all,7.47177435016,1,2275.55629082,0.475887170155,0.579807674231
representative_minus_mean,Both,all,7.48029589235,1,1088.75003035,0.476069153776,0.579995616463
representative_minus_mean,Both,all,7.53979589393,1,23.4045014679,0.476251137398,0.579999656595
representative_minus_mean,Both,all,7.5851196235,1,2834.22756275,0.476433121019,0.580488906687
representative_minus_mean,Both,all,7.61362487139,1,208.177229896,0.476615104641,0.580524842662
representative_minus_mean,Both,all,7.61377725073,1,513.834256222,0.476797088262,0.58061354177
representative_minus_mean,Both,all,7.71780909636,1,1400.17586534,0.476979071884,0.580855242959
representative_minus_mean,Both,all,7.73320035868,1,2782.35180216,0.477161055505,0.581335538152
representative_minus_mean,Both,all,7.75255126785,1,2213.75549217,0.477343039126,0.581717681101
representative_minus_mean,Both,all,7.77333109865,1,903.889573564,0.477525022748,0.581873712347
representative_minus_mean,Both,all,7.79161906903,1,875.803512631,0.477707006369,0.58202489532
representative_minus_mean,Both,all,7.80995914953,1,27.782249001,0.477888989991,0.582029691148
representative_minus_mean,Both,all,7.81229955646,1,2796.72527061,0.478070973612,0.582512467519
representative_minus_mean,Both,all,7.82205531771,1,522.990718364,0.478252957234,0.582602747234
representative_minus_mean,Both,all,7.84613254451,1,3328.57247152,0.478434940855,0.583177332144
representative_minus_mean,Both,all,7.87355078538,1,980.842061412,0.478616924477,0.583346647084
representative_minus_mean,Both,all,7.88582635886,1,2525.16140984,0.478798908098,0.583782545552
representative_minus_mean,Both,all,7.91867644852,1,1575.68941534,0.47898089172,0.584054544244
representative_minus_mean,Both,all,7.9561516388,1,37.9950141392,0.479162875341,0.584061103021
representative_minus_mean,Both,all,7.99854413591,1,55.6707500271,0.479344858963,0.584070713018
representative_minus_mean,Both,all,8.04281460683,1,2145.01654988,0.479526842584,0.584440990112
representative_minus_mean,Both,all,8.05977894508,1,10.9004579482,0.479708826206,0.584442871771
representative_minus_mean,Both,all,8.06183516717,1,2157.21041006,0.479890809827,0.584815253793
representative_minus_mean,Both,all,8.07844232203,1,1089.44995384,0.480072793449,0.585003316847
representative_minus_mean,Both,all,8.09672039494,1,3073.31392233,0.48025477707,0.58553383851
representative_minus_mean,Both,all,8.13043897204,1,640.415300404,0.480436760692,0.585644388294
representative_minus_mean,Both,all,8.15258058854,1,1532.80178601,0.480618744313,0.585908983637
representative_minus_mean,Both,all,8.19366259489,1,785.603980613,0.480800727934,0.586044596185
representative_minus_mean,Both,all,8.24492573949,1,2325.62250947,0.480982711556,0.586446049845
representative_minus_mean,Both,all,8.2980554327,1,701.699086367,0.481164695177,0.58656717856
representative_minus_mean,Both,all,8.31583305993,1,2559.66328345,0.481346678799,0.587009032811
representative_minus_mean,Both,all,8.32716062816,1,245.266325331,0.48152866242,0.58705137118
representative_minus_mean,Both,all,8.37680198897,1,265.348202695,0.481710646042,0.587097176123
representative_minus_mean,Both,all,8.39426617756,1,303.589672909,0.481892629663,0.587149582386
representative_minus_mean,Both,all,8.41081476179,1,907.404731231,0.482074613285,0.587306220426
representative_minus_mean,Both,all,8.50146719267,1,810.759178789,0.482256596906,0.587446175314
representative_minus_mean,Both,all,8.58924598822,1,3594.21888715,0.482438580528,0.588066616646
representative_minus_mean,Both,all,8.62190887598,1,2008.48804086,0.482620564149,0.588413325912
representative_minus_mean,Both,all,8.65788212595,1,217.456946963,0.482802547771,0.58845086377
representative_minus_mean,Both,all,8.68239889112,1,2926.96739795,0.482984531392,0.5889561228
representative_minus_mean,Both,all,8.7108511089,1,2318.89199574,0.483166515014,0.589356414625
representative_minus_mean,Both,all,8.71900072588,1,3511.3433748,0.483348498635,0.589962549817
representative_minus_mean,Both,all,8.74448426448,1,186.901447757,0.483530482257,0.589994813123
representative_minus_mean,Both,all,8.77752284772,1,2038.03536892,0.483712465878,0.590346622909
representative_minus_mean,Both,all,8.78435715676,1,2671.40037356,0.4838944495,0.590807765443
representative_minus_mean,Both,all,8.91633950702,1,2354.5963483,0.484076433121,0.591214220625
representative_minus_mean,Both,all,8.91753600129,1,395.597634109,0.484258416742,0.591282509489
representative_minus_mean,Both,all,9.05113421765,1,106.556396117,0.484440400364,0.591300903469
representative_minus_mean,Both,all,9.07488881693,1,376.880369594,0.484622383985,0.591365961321
representative_minus_mean,Both,all,9.07606698658,1,3.29589791473,0.484804367607,0.591366530265
representative_minus_mean,Both,all,9.12613579625,1,3362.32403262,0.484986351228,0.591946941438
representative_minus_mean,Both,all,9.14351685492,1,61.3857576959,0.48516833485,0.591957537971
representative_minus_mean,Both,all,9.20726699021,1,633.234382916,0.485350318471,0.592066848171
representative_minus_mean,Both,all,9.21670378898,1,1366.93102297,0.485532302093,0.592302810568
representative_minus_mean,Both,all,9.24133568246,1,85.6831464253,0.485714285714,0.592317601366
representative_minus_mean,Both,all,9.30834277923,1,2145.58988453,0.485896269336,0.59268797743
representative_minus_mean,Both,all,9.3174189815,1,406.390527605,0.486078252957,0.592758129384
representative_minus_mean,Both,all,9.33989842737,1,66.2826508523,0.486260236579,0.592769571229
representative_minus_mean,Both,all,9.34331910744,1,3151.27112049,0.4864422202,0.593313550022
representative_minus_mean,Both,all,9.46349113789,1,1928.31867645,0.486624203822,0.59364642029
representative_minus_mean,Both,all,9.51829632709,1,1228.93829749,0.486806187443,0.593858562104
representative_minus_mean,Both,all,9.59166257769,1,149.488525002,0.486988171065,0.593884367115
representative_minus_mean,Both,all,9.65949050344,1,1403.12974761,0.487170154686,0.594126578209
representative_minus_mean,Both,all,9.6895381565,1,1834.82529765,0.487352138308,0.594443309462
representative_minus_mean,Both,all,9.77530223751,1,1006.36500643,0.487534121929,0.594617030224
representative_minus_mean,Both,all,9.78830595259,1,1.38363832164,0.487716105551,0.59461726907
representative_minus_mean,Both,all,9.79352534416,1,116.392882676,0.487898089172,0.594637361045
representative_minus_mean,Both,all,9.81606577738,1,3408.86695408,0.488080072793,0.595225806551
representative_minus_mean,Both,all,9.86096494074,1,223.453431127,0.488262056415,0.595264379534
representative_minus_mean,Both,all,9.86671667783,1,56.4001383664,0.488444040036,0.59527411544
representative_minus_mean,Both,all,9.96079188364,1,245.365004221,0.488626023658,0.595316470843
representative_minus_mean,Both,all,9.97938032524,1,1553.19782056,0.488808007279,0.595584586991
representative_minus_mean,Both,all,10.0860706361,1,2834.89036679,0.488989990901,0.596073951498
representative_minus_mean,Both,all,10.1331740038,1,7.87257406792,0.489171974522,0.596075310478
representative_minus_mean,Both,all,10.1489102438,1,50.9703529903,0.489353958144,0.596084109083
representative_minus_mean,Both,all,10.1619969125,1,1247.47436619,0.489535941765,0.59629945063
representative_minus_mean,Both,all,10.1925212618,1,132,0.489717925387,0.596322236737
representative_minus_mean,Both,all,10.2288538741,1,221.26176977,0.489899909008,0.596360431391
representative_minus_mean,Both,all,10.2540879935,1,0.253011626016,0.49008189263,0.596360475067
representative_minus_mean,Both,all,10.2635445223,1,3531.4307308,0.490263876251,0.596970077779
representative_minus_mean,Both,all,10.2770855032,1,688.028222635,0.490445859873,0.597088846602
representative_minus_mean,Both,all,10.3430565346,1,58.0394336202,0.490627843494,0.597098865487
representative_minus_mean,Both,all,10.3891490622,1,2047.70973746,0.490809827116,0.597452345282
representative_minus_mean,Both,all,10.4037360633,1,2749.88440483,0.490991810737,0.597927035888
representative_minus_mean,Both,all,10.4174895963,1,4307.91610161,0.491173794359,0.598670677075
representative_minus_mean,Both,all,10.4295881487,1,20.4250539887,0.49135577798,0.598674202889
representative_minus_mean,Both,all,10.4719317382,1,151.267483265,0.491537761601,0.598700314988
representative_minus_mean,Both,all,10.5195780127,1,73.8228630281,0.491719745223,0.59871305844
representative_minus_mean,Both,all,10.5233268865,1,486.446120071,0.491901728844,0.598797029752
representative_minus_mean,Both,all,10.5388633379,1,2052.37042964,0.492083712466,0.599151314086
representative_minus_mean,Both,all,10.549789428,1,2008.56015282,0.492265696087,0.5994980358
representative_minus_mean,Both,all,10.5850443526,1,2904.49953314,0.492447679709,0.599999416382
representative_minus_mean,Both,all,10.5880572983,1,36.5466492832,0.49262966333,0.600005725139
representative_minus_mean,Both,all,10.6435423141,1,3312.14994604,0.492811646952,0.600577475159
representative_minus_mean,Both,all,10.670050259,1,2875.99958152,0.492993630573,0.601073936021
representative_minus_mean,Both,all,10.6993698776,1,2989.12675361,0.493175614195,0.601589925125
representative_minus_mean,Both,all,10.8563157737,1,329.03366854,0.493357597816,0.601646723582
representative_minus_mean,Both,all,10.8671211454,1,1678.01187582,0.493539581438,0.601936385385
representative_minus_mean,Both,all,11.0230298438,1,2375.25959446,0.493721565059,0.602346407499
representative_minus_mean,Both,all,11.0233566782,1,1569.07912506,0.493903548681,0.60261726511
representative_minus_mean,Both,all,11.0560303861,1,3159.89197379,0.494085532302,0.603162732051
representative_minus_mean,Both,all,11.0747761712,1,2777.9741592,0.494267515924,0.603642271567
representative_minus_mean,Both,all,11.1119741321,1,2514.82555124,0.494449499545,0.604076385838
representative_minus_mean,Both,all,11.1185882186,1,1222.26209158,0.494631483167,0.604287375192
representative_minus_mean,Both,all,11.2749698956,1,2863.08744371,0.494813466788,0.604781607135
representative_minus_mean,Both,all,11.3293322488,1,2274.07226945,0.494995450409,0.605174162088
representative_minus_mean,Both,all,11.3618923715,1,2262.39064574,0.495177434031,0.605564700535
representative_minus_mean,Both,all,11.4263892138,1,1656.61769169,0.495359417652,0.605850669231
representative_minus_mean,Both,all,11.4633240169,1,102.908469096,0.495541401274,0.605868433499
representative_minus_mean,Both,all,11.4655577089,1,496.564726777,0.495723384895,0.605954151506
representative_minus_mean,Both,all,11.5461136994,1,25.3721546973,0.495905368517,0.605958531299
representative_minus_mean,Both,all,11.5467341108,1,2101.72999564,0.496087352138,0.60632133618
representative_minus_mean,Both,all,11.5511840532,1,69.7721080589,0.49626933576,0.606333380382
representative_minus_mean,Both,all,11.5997735558,1,3026.56241369,0.496451319381,0.606855831705
representative_minus_mean,Both,all,11.6023536415,1,506.566012279,0.496633303003,0.606943276154
representative_minus_mean,Both,all,11.6197198895,1,1500.78120392,0.496815286624,0.60720234404
representative_minus_mean,Both,all,11.7174437281,1,546.77624464,0.496997270246,0.607296729661
representative_minus_mean,Both,all,11.8048957397,1,1989.92203987,0.497179253867,0.607640234027
representative_minus_mean,Both,all,11.8351104854,1,2705.21676131,0.497361237489,0.608107214014
representative_minus_mean,Both,all,11.843649237,1,3099.05142734,0.49754322111,0.608642178537
representative_minus_mean,Both,all,11.8800280429,1,271.14399986,0.497725204732,0.608688983962
representative_minus_mean,Both,all,11.8953214729,1,361.32155177,0.497907188353,0.608751356019
representative_minus_mean,Both,all,11.9111128013,1,2664.15580452,0.498089171975,0.609211247981
representative_minus_mean,Both,all,11.9269832047,1,3560.18380003,0.498271155596,0.609825814106
representative_minus_mean,Both,all,11.9628272127,1,2993.26551482,0.498453139217,0.610342517652
representative_minus_mean,Both,all,12.0261975217,1,1202.98122919,0.498635122839,0.610550178704
representative_minus_mean,Both,all,12.0585854646,1,2405.75346915,0.49881710646,0.610965464731
representative_minus_mean,Both,all,12.1069925114,1,1051.97954552,0.498999090082,0.611147059568
representative_minus_mean,Both,all,12.1881582745,1,2013.60431027,0.499181073703,0.611494652015
representative_minus_mean,Both,all,12.2176855748,1,475.363355289,0.499363057325,0.611576710198
representative_minus_mean,Both,all,12.2604572809,1,1641.4058161,0.499545040946,0.611860052989
representative_minus_mean,Both,all,12.2892628614,1,296.663317126,0.499727024568,0.611911263611
representative_minus_mean,Both,all,12.31581489,1,2514.28223563,0.499909008189,0.612345284094
representative_minus_mean,Both,all,12.3372207472,1,607.918627396,0.500090991811,0.612450224236
representative_minus_mean,Both,all,12.4164931506,1,739.647266381,0.500272975432,0.612577903643
representative_minus_mean,Both,all,12.429276774,1,721.066042972,0.500454959054,0.612702375521
representative_minus_mean,Both,all,12.4573688651,1,290.006349489,0.500636942675,0.612752437003
representative_minus_mean,Both,all,12.469306598,1,1905.27951082,0.500818926297,0.613081330205
representative_minus_mean,Both,all,12.5117794914,1,1528.2019581,0.501000909918,0.613345131516
representative_minus_mean,Both,all,12.573854976,1,204.170787188,0.50118289354,0.613380375891
representative_minus_mean,Both,all,12.5759053735,1,33.6849125817,0.501364877161,0.613386190648
representative_minus_mean,Both,all,12.5895432932,1,3668.67370281,0.501546860783,0.61401948452
representative_minus_mean,Both,all,12.6518400595,1,1417.27259028,0.501728844404,0.61426413698
representative_minus_mean,Both,all,12.6804220837,1,395.836637984,0.501910828025,0.614332467101
representative_minus_mean,Both,all,12.7550656189,1,3604.8828235,0.502092811647,0.614954749263
representative_minus_mean,Both,all,12.8020016602,1,1373.72193206,0.502274795268,0.61519188392
representative_minus_mean,Both,all,12.809863104,1,3.42902135445,0.50245677889,0.615192475845
representative_minus_mean,Both,all,12.9090050784,1,2163.6816833,0.502638762511,0.615565974951
representative_minus_mean,Both,all,13.0336724108,1,32.6696222697,0.502820746133,0.615571614448
representative_minus_mean,Both,all,13.0540683613,1,108.917512306,0.503002729754,0.615590416009
representative_minus_mean,Both,all,13.0676505684,1,2418.93298366,0.503184713376,0.616007977111
representative_minus_mean,Both,all,13.0782423157,1,1586.08771298,0.503366696997,0.616281770779
representative_minus_mean,Both,all,13.1455837291,1,264.678645052,0.503548680619,0.616327460142
representative_minus_mean,Both,all,13.2159297029,1,48.2123455051,0.50373066424,0.616335782654
representative_minus_mean,Both,all,13.238061106,1,75.3554466844,0.503912647862,0.616348790664
representative_minus_mean,Both,all,13.2640945519,1,4171.035263,0.504094631483,0.617068803204
representative_minus_mean,Both,all,13.2871451561,1,5113.07423189,0.504276615105,0.617951432416
representative_minus_mean,Both,all,13.3026924024,1,697.439549151,0.504458598726,0.618071825841
representative_minus_mean,Both,all,13.3855901896,1,9.06148727677,0.504640582348,0.618073390053
representative_minus_mean,Both,all,13.3946208045,1,133.143545113,0.504822565969,0.618096373561
representative_minus_mean,Both,all,13.6606176415,1,6.86628527487,0.505004549591,0.618097558833
representative_minus_mean,Both,all,13.6740905936,1,53.5859921609,0.505186533212,0.618106808956
representative_minus_mean,Both,all,13.7642440876,1,1488.46435387,0.505368516833,0.618363750682
representative_minus_mean,Both,all,13.8237607249,1,250.047191341,0.505550500455,0.618406914334
representative_minus_mean,Both,all,13.9290817392,1,1404.20910294,0.505732484076,0.618649311748
representative_minus_mean,Both,all,13.9536795641,1,48.0640596184,0.505914467698,0.618657608663
representative_minus_mean,Both,all,13.9654514227,1,1199.57599212,0.506096451319,0.618864681896
representative_minus_mean,Both,all,14.0043700676,1,18.3488198045,0.506278434941,0.618867849307
representative_minus_mean,Both,all,14.011013917,1,2320.61448468,0.506460418562,0.619268438471
representative_minus_mean,Both,all,14.0838232832,1,2585.22147413,0.506642402184,0.619714704629
representative_minus_mean,Both,all,14.1095151293,1,1245.11776794,0.506824385805,0.619929639375
representative_minus_mean,Both,all,14.1195039652,1,1890.58320583,0.507006369427,0.620255995671
representative_minus_mean,Both,all,14.1221673483,1,1744.44529936,0.507188353048,0.620557125345
representative_minus_mean,Both,all,14.1895030774,1,2211.69786666,0.50737033667,0.620938913103
representative_minus_mean,Both,all,14.2076989204,1,20.0479793319,0.507552320291,0.620942373826
representative_minus_mean,Both,all,14.2102153202,1,195.854261273,0.507734303913,0.620976182584
representative_minus_mean,Both,all,14.2680352632,1,697.690354756,0.507916287534,0.621096619304
representative_minus_mean,Both,all,14.3700607305,1,683.853549645,0.508098271156,0.621214667486
representative_minus_mean,Both,all,14.3942403118,1,1459.50645479,0.508280254777,0.621466610441
representative_minus_mean,Both,all,14.4167590206,1,312.077370513,0.508462238399,0.621520481868
representative_minus_mean,Both,all,14.4813583686,1,3971.90670393,0.50864422202,0.622206120434
representative_minus_mean,Both,all,14.5761595284,1,1.95650179667,0.508826205641,0.622206458169
representative_minus_mean,Both,all,14.613174832,1,1262.90778819,0.509008189263,0.622424463865
representative_minus_mean,Both,all,14.6222555166,1,14.0228106742,0.509190172884,0.622426884511
representative_minus_mean,Both,all,14.6576433988,1,10.7039395699,0.509372156506,0.622428732246
representative_minus_mean,Both,all,14.6692364366,1,5.07928451994,0.509554140127,0.622429609043
representative_minus_mean,Both,all,14.6859629238,1,3704.47945447,0.509736123749,0.623069083776
representative_minus_mean,Both,all,14.829049615,1,140.112993272,0.50991810737,0.623093270364
representative_minus_mean,Both,all,14.8382287671,1,61.5048325851,0.510100090992,0.623103887453
representative_minus_mean,Both,all,14.8781206656,1,759.438059591,0.510282074613,0.623234983186
representative_minus_mean,Both,all,14.9914667848,1,1862.19761806,0.510464058235,0.623556439504
representative_minus_mean,Both,all,15.0040632972,1,217.114218594,0.510646041856,0.6235939182
representative_minus_mean,Both,all,15.0222391855,1,2299.39918667,0.510828025478,0.623990845136
representative_minus_mean,Both,all,15.1819257566,1,1164.91067966,0.511010009099,0.624191934373
representative_minus_mean,Both,all,15.2107799644,1,1825.54291796,0.511191992721,0.624507063282
representative_minus_mean,Both,all,15.2678121444,1,2693.68978325,0.511373976342,0.624972053459
representative_minus_mean,Both,all,15.2990962805,1,199.470736615,0.511555959964,0.625006486501
representative_minus_mean,Both,all,15.3097260499,1,1822.40042858,0.511737943585,0.625321072947
representative_minus_mean,Both,all,15.3158430725,1,3061.48516436,0.511919927207,0.625849552706
representative_minus_mean,Both,all,15.3630915811,1,464.89973708,0.512101910828,0.625929804639
representative_minus_mean,Both,all,15.4700652622,1,418.047477816,0.512283894449,0.62600196884
representative_minus_mean,Both,all,15.5820689231,1,329.801688154,0.512465878071,0.626058899874
representative_minus_mean,Both,all,15.6128314158,1,352.127465316,0.512647861692,0.626119684829
representative_minus_mean,Both,all,15.6332386888,1,3068.02889793,0.512829845314,0.62664929418
representative_minus_mean,Both,all,15.6395249878,1,1114.60003773,0.513011828935,0.626841698693
representative_minus_mean,Both,all,15.6500480417,1,1834.22204703,0.513193812557,0.627158325811
representative_minus_mean,Both,all,15.7053840374,1,252.429501879,0.513375796178,0.627201900702
representative_minus_mean,Both,all,15.7088397814,1,1525.75231532,0.5135577798,0.627465279151
representative_minus_mean,Both,all,15.7553792846,1,2993.28139093,0.513739763421,0.627981985437
representative_minus_mean,Both,all,15.7806548562,1,3640.52789536,0.513921747043,0.628610420723
representative_minus_mean,Both,all,15.8283677294,1,365.159996511,0.514103730664,0.62867345538
representative_minus_mean,Both,all,15.8654978775,1,1870.98755932,0.514285714286,0.628996429035
representative_minus_mean,Both,all,15.9074648039,1,115.182370383,0.514467697907,0.629016312049
representative_minus_mean,Both,all,16.1415730175,1,57.2000564201,0.514649681529,0.629026186038
representative_minus_mean,Both,all,16.1693429963,1,36.700714012,0.51483166515,0.62903252139
representative_minus_mean,Both,all,16.4121479664,1,1443.35747255,0.515013648772,0.629281676675
representative_minus_mean,Both,all,16.4408703159,1,430.705499847,0.515195632393,0.629356025929
representative_minus_mean,Both,all,16.4849722282,1,2997.16878837,0.515377616015,0.629873403265
representative_minus_mean,Both,all,16.6301516067,1,1006.76420467,0.515559599636,0.630047192938
representative_minus_mean,Both,all,16.6312253473,1,690.815230443,0.515741583258,0.630166442859
representative_minus_mean,Both,all,16.6412714521,1,228.741712333,0.515923566879,0.630205928716
representative_minus_mean,Both,all,16.6942816532,1,3653.34775877,0.5161055505,0.630836576993
representative_minus_mean,Both,all,16.7377474619,1,1716.02701974,0.516287534122,0.631132801047
representative_minus_mean,Both,all,16.750470439,1,2676.74084207,0.516469517743,0.631594865463
representative_minus_mean,Both,all,16.8161908161,1,7.45561819296,0.516651501365,0.631596152467
representative_minus_mean,Both,all,16.9313286962,1,2021.57539624,0.516833484986,0.631945120899
representative_minus_mean,Both,all,16.9407321108,1,1057.61951725,0.517015468608,0.632127689318
representative_minus_mean,Both,all,16.974584072,1,3286.91109035,0.517197452229,0.632695082556
representative_minus_mean,Both,all,17.0311164677,1,63.7509506369,0.517379435851,0.632706087374
representative_minus_mean,Both,all,17.0335058508,1,123.607150933,0.517561419472,0.632727424691
representative_minus_mean,Both,all,17.1167355497,1,2955.94052695,0.517743403094,0.633237685121
representative_minus_mean,Both,all,17.2621265965,1,14.5975251359,0.517925386715,0.633240204975
representative_minus_mean,Both,all,17.2696913005,1,673.66687597,0.518107370337,0.633356494713
representative_minus_mean,Both,all,17.3184112308,1,3661.12150732,0.518289353958,0.63398848491
representative_minus_mean,Both,all,17.3824114715,1,2351.19578629,0.51847133758,0.63439435308
representative_minus_mean,Both,all,17.4549952083,1,2170.74141509,0.518653321201,0.634769070852
representative_minus_mean,Both,all,17.4969335907,1,1290.86235765,0.518835304823,0.634991902122
representative_minus_mean,Both,all,17.5213579179,1,840.375710667,0.519017288444,0.635136969477
representative_minus_mean,Both,all,17.6652342997,1,29.3480722159,0.519199272066,0.6351420356
representative_minus_mean,Both,all,17.6777422553,1,12.4072041832,0.519381255687,0.635144177357
representative_minus_mean,Both,all,17.7110267909,1,230.362271518,0.519563239308,0.635183942958
representative_minus_mean,Both,all,17.7218511689,1,4618.71758668,0.51974522293,0.635981235326
representative_minus_mean,Both,all,17.7249934141,1,48.1290199885,0.519927206551,0.635989543455
representative_minus_mean,Both,all,17.75236853,1,2667.34814853,0.520109190173,0.636449986485
representative_minus_mean,Both,all,17.8150735055,1,10.1611830695,0.520291173794,0.636451740529
representative_minus_mean,Both,all,17.8482775672,1,853.141822117,0.520473157416,0.636599011596
representative_minus_mean,Both,all,17.8684432249,1,39.6163845633,0.520655141037,0.636605850256
representative_minus_mean,Both,all,17.8692067504,1,2.25903803552,0.520837124659,0.636606240216
representative_minus_mean,Both,all,17.9064120765,1,2461.79880721,0.52101910828,0.637031200903
representative_minus_mean,Both,all,17.9178463667,1,483.717705669,0.521201091902,0.637114701232
representative_minus_mean,Both,all,17.9871136725,1,3494.02361255,0.521383075523,0.637717846652
representative_minus_mean,Both,all,17.9874220529,1,56.7362311125,0.521565059145,0.637727640575
representative_minus_mean,Both,all,18.003549342,1,3310.25092645,0.521747042766,0.638299062783
representative_minus_mean,Both,all,18.0430886658,1,89.6295672561,0.521929026388,0.63831453482
representative_minus_mean,Both,all,18.0891073993,1,419.078711585,0.522111010009,0.638386877034
representative_minus_mean,Both,all,18.1635929058,1,4881.26705142,0.522292993631,0.639229491222
representative_minus_mean,Both,all,18.1668389903,1,223.009208038,0.522474977252,0.639267987522
representative_minus_mean,Both,all,18.2191626266,1,124.979678217,0.522656960874,0.639289561767
representative_minus_mean,Both,all,18.2471879326,1,1784.17119327,0.522838944495,0.639597549006
representative_minus_mean,Both,all,18.2693891041,1,18.7773111975,0.523020928116,0.639600790383
representative_minus_mean,Both,all,18.3008233546,1,664.772007793,0.523202911738,0.639715544671
representative_minus_mean,Both,all,18.4127732219,1,1250.02372825,0.523384895359,0.639931326294
representative_minus_mean,Both,all,18.4451095518,1,276.005589974,0.523566878981,0.639978970937
representative_minus_mean,Both,all,18.4704438824,1,1571.41629837,0.523748862602,0.640250231996
representative_minus_mean,Both,all,18.4976867398,1,3.48453871743,0.523930846224,0.640250833504
representative_minus_mean,Both,all,18.5188205808,1,977.772035902,0.524112829845,0.64041961849
representative_minus_mean,Both,all,18.548207822,1,22.9340716705,0.524294813467,0.640423577416
representative_minus_mean,Both,all,18.6080246496,1,3349.49406352,0.524476797088,0.641001773853
representative_minus_mean,Both,all,18.6718387576,1,46.8984060882,0.52465878071,0.641009869551
representative_minus_mean,Both,all,18.8498852155,1,1310.48125726,0.524840764331,0.641236087475
representative_minus_mean,Both,all,18.9629420927,1,1627.94065014,0.525022747953,0.641517105881
representative_minus_mean,Both,all,19.0206015835,1,519.755089757,0.525204731574,0.641606827056
representative_minus_mean,Both,all,19.0334803283,1,331.296073571,0.525386715196,0.641664016054
representative_minus_mean,Both,all,19.0491712379,1,1866.07492148,0.525568698817,0.64198614168
representative_minus_mean,Both,all,19.0589834842,1,626.885076294,0.525750682439,0.642094355849
representative_minus_mean,Both,all,19.0735258479,1,2700.47685657,0.52593266606,0.642560517624
representative_minus_mean,Both,all,19.075858876,1,3891.84705394,0.526114649682,0.643232336131
representative_minus_mean,Both,all,19.0932044681,1,2131.76414645,0.526296633303,0.643600325568
representative_minus_mean,Both,all,19.1346685275,1,1115.59198912,0.526478616924,0.643792901313
representative_minus_mean,Both,all,19.1756963004,1,77.4807874436,0.526660600546,0.643806276203
representative_minus_mean,Both,all,19.1947713029,1,8.93165746682,0.526842584167,0.643807818004
representative_minus_mean,Both,all,19.2341606533,1,32.5681518902,0.527024567789,0.643813439984
representative_minus_mean,Both,all,19.2955303999,1,3358.56843791,0.52720655141,0.644393202858
representative_minus_mean,Both,all,19.3017004787,1,744.8718471,0.527388535032,0.644521784143
representative_minus_mean,Both,all,19.4467482448,1,3663.62797145,0.527570518653,0.64515420701
representative_minus_mean,Both,all,19.5324857321,1,3724.83196015,0.527752502275,0.645797195034
representative_minus_mean,Both,all,19.5463529424,1,927.98876302,0.527934485896,0.645957386331
representative_minus_mean,Both,all,19.7991040054,1,186.468822171,0.528116469518,0.645989574956
representative_minus_mean,Both,all,19.8223941414,1,629.187155481,0.528298453139,0.646098186515
representative_minus_mean,Both,all,19.842728974,1,76,0.528480436761,0.646111305789
representative_minus_mean,Both,all,19.8683635335,1,4.94180412762,0.528662420382,0.646112158853
representative_minus_mean,Both,all,19.8875495377,1,575.663216868,0.528844404004,0.646211531001
representative_minus_mean,Both,all,19.8914008759,1,3045.25575602,0.529026387625,0.646737209207
representative_minus_mean,Both,all,19.9473773931,1,8.85831029908,0.529208371247,0.646738738346
representative_minus_mean,Both,all,19.9791168458,1,49.8434988605,0.529390354868,0.646747342432
representative_minus_mean,Both,all,20.0584412587,1,15.5698171208,0.52957233849,0.646750030125
representative_minus_mean,Both,all,20.0710155419,1,7.4068411437,0.529754322111,0.646751308709
representative_minus_mean,Both,all,20.1017783829,1,3151.68492546,0.529936305732,0.647295358933
representative_minus_mean,Both,all,20.1177214968,1,852.171093114,0.530118289354,0.64744246243
representative_minus_mean,Both,all,20.1257707805,1,3217.63022675,0.530300272975,0.647997896265
representative_minus_mean,Both,all,20.174914601,1,3286.5089013,0.530482256597,0.648565220077
representative_minus_mean,Both,all,20.183539784,1,79.9165879901,0.530664240218,0.64857901544
representative_minus_mean,Both,all,20.1900328601,1,2263.64588053,0.53084622384,0.648969770568
representative_minus_mean,Both,all,20.2103301628,1,1628.42401882,0.531028207461,0.649250872415
representative_minus_mean,Both,all,20.2550971082,1,2976.99462055,0.531210191083,0.649764767245
representative_minus_mean,Both,all,20.2690905029,1,229.786603433,0.531392174704,0.649804433474
representative_minus_mean,Both,all,20.3072667957,1,1589.89502175,0.531574158326,0.650078884367
representative_minus_mean,Both,all,20.3146524465,1,2493.64039069,0.531756141947,0.650509341613
representative_minus_mean,Both,all,20.3657080345,1,2060.15635323,0.531938125569,0.650864969968
representative_minus_mean,Both,all,20.422660517,1,2598.84190459,0.53212010919,0.651313587312
representative_minus_mean,Both,all,20.4229386721,1,1775.62598784,0.532302092812,0.65162009946
representative_minus_mean,Both,all,20.4732289186,1,853.820718142,0.532484076433,0.651767487718
representative_minus_mean,Both,all,20.4825207359,1,2709.46148226,0.532666060055,0.652235200438
representative_minus_mean,Both,all,20.5238621879,1,2241.24296789,0.532848043676,0.65262208833
representative_minus_mean,Both,all,20.5379265545,1,8.76235857458,0.533030027298,0.652623600906
representative_minus_mean,Both,all,20.5402369029,1,602.119164335,0.533212010919,0.652727539934
representative_minus_mean,Both,all,20.552753233,1,3486.42271574,0.53339399454,0.653329373272
representative_minus_mean,Both,all,20.5775256791,1,54.8505753476,0.533575978162,0.653338841689
representative_minus_mean,Both,all,20.6594228988,1,70.4385133034,0.533757961783,0.653351000928
representative_minus_mean,Both,all,20.6855407616,1,432.047781824,0.533939945405,0.653425581889
representative_minus_mean,Both,all,20.7163418127,1,1533.5386767,0.534121929026,0.653690304436
representative_minus_mean,Both,all,20.7236212171,1,2035.66336706,0.534303912648,0.654041704763
representative_minus_mean,Both,all,20.8370372761,1,204.102967927,0.534485896269,0.65407693743
representative_minus_mean,Both,all,20.8454685285,1,39.4699059479,0.534667879891,0.654083750805
representative_minus_mean,Both,all,20.951477474,1,1849.62275361,0.534849863512,0.654403036424
representative_minus_mean,Both,all,20.965224964,1,1439.35114831,0.535031847134,0.654651500129
representative_minus_mean,Both,all,20.9680037015,1,2469.90417993,0.535213830755,0.655077859983
representative_minus_mean,Both,all,20.992117683,1,1101.69652692,0.535395814377,0.655268037065
representative_minus_mean,Both,all,21.0076096102,1,834.617361396,0.535577797998,0.655412110401
representative_minus_mean,Both,all,21.0360355617,1,3257.21980906,0.53575978162,0.65597437827
representative_minus_mean,Both,all,21.1072424817,1,174.185006176,0.535941765241,0.656004446438
representative_minus_mean,Both,all,21.1489587288,1,24.6753247943,0.536123748863,0.656008705942
representative_minus_mean,Both,all,21.1902588723,1,821.174329781,0.536305732484,0.656150458715
representative_minus_mean,Both,all,21.3432764464,1,230.808264872,0.536487716106,0.656190301305
representative_minus_mean,Both,all,21.3902120459,1,702.684080571,0.536669699727,0.656311600052
representative_minus_mean,Both,all,21.463978891,1,2414.99415729,0.536851683348,0.656728481226
representative_minus_mean,Both,all,21.4807971906,1,2780.58256971,0.53703366697,0.657208471011
representative_minus_mean,Both,all,21.4905040815,1,1073.92953598,0.537215650591,0.657393854899
representative_minus_mean,Both,all,21.6101128345,1,3.01948694006,0.537397634213,0.657394376129
representative_minus_mean,Both,all,21.6247090548,1,4286.68947247,0.537579617834,0.658134353132
representative_minus_mean,Both,all,21.6326174286,1,112.570095024,0.537761601456,0.65815378521
representative_minus_mean,Both,all,21.6531354867,1,372.911331688,0.537943585077,0.658218157918
representative_minus_mean,Both,all,21.7133136319,1,1908.96803067,0.538125568699,0.658547687839
representative_minus_mean,Both,all,21.7649893978,1,2480.34917387,0.53830755232,0.658975850728
representative_minus_mean,Both,all,21.770410146,1,657.67833503,0.538489535942,0.659089380492
representative_minus_mean,Both,all,21.817660338,1,3.36523102953,0.538671519563,0.659089961405
representative_minus_mean,Both,all,21.8341595201,1,3104.67685944,0.538853503185,0.659625897002
representative_minus_mean,Both,all,21.8801653046,1,3351.13701966,0.539035486806,0.66020437705
representative_minus_mean,Both,all,21.921602946,1,39.5746014362,0.539217470428,0.660211208497
representative_minus_mean,Both,all,21.9407154209,1,657.128131507,0.539399454049,0.660324643284
representative_minus_mean,Both,all,21.9416237908,1,367.377104461,0.539581437671,0.660388060662
representative_minus_mean,Both,all,22.0197012882,1,2702.78453889,0.539763421292,0.660854620794
representative_minus_mean,Both,all,22.2059748426,1,125.836436147,0.539945404914,0.660876342934
representative_minus_mean,Both,all,22.2257920349,1,48.5999276795,0.540127388535,0.660884732352
representative_minus_mean,Both,all,22.2984527749,1,15.2010728334,0.540309372157,0.660887356392
representative_minus_mean,Both,all,22.298485659,1,20.5133393702,0.540491355778,0.660890897446
representative_minus_mean,Both,all,22.3567204631,1,208.130684941,0.540673339399,0.660926825386
representative_minus_mean,Both,all,22.4156558527,1,33.5293616739,0.540855323021,0.660932613292
representative_minus_mean,Both,all,22.434731288,1,38.8591366011,0.541037306642,0.660939321235
representative_minus_mean,Both,all,22.5121895366,1,1202.98890133,0.541219290264,0.661146983611
representative_minus_mean,Both,all,22.5174280612,1,5.24007285085,0.541401273885,0.661147888163
representative_minus_mean,Both,all,22.530958835,1,54.4971068037,0.541583257507,0.661157295564
representative_minus_mean,Both,all,22.6513861191,1,701.052447857,0.541765241128,0.661278312655
representative_minus_mean,Both,all,22.684680316,1,2868.34801702,0.54194722475,0.661773452689
representative_minus_mean,Both,all,22.7536099329,1,2396.54705264,0.542129208371,0.662187149486
representative_minus_mean,Both,all,22.7937185927,1,473.733044501,0.542311191993,0.662268926242
representative_minus_mean,Both,all,22.8408801115,1,3594.19445952,0.542493175614,0.662889363357
representative_minus_mean,Both,all,22.8699982501,1,2619.61491091,0.542675159236,0.663341566579
representative_minus_mean,Both,all,22.9486721138,1,2054.47808965,0.542857142857,0.663696214741
representative_minus_mean,Both,all,23.0076940131,1,378.011534711,0.543039126479,0.663761467856
representative_minus_mean,Both,all,23.0736609717,1,48.8420346125,0.5432211101,0.663769899067
representative_minus_mean,Both,all,23.1538163745,1,14.9395245387,0.543403093722,0.663772477958
representative_minus_mean,Both,all,23.2054882857,1,118.622506682,0.543585077343,0.663792954815
representative_minus_mean,Both,all,23.2593408963,1,76.7840826662,0.543767060965,0.663806209439
representative_minus_mean,Both,all,23.3148077957,1,1282.61175917,0.543949044586,0.664027616474
representative_minus_mean,Both,all,23.3208291981,1,388.482701284,0.544131028207,0.664094677143
representative_minus_mean,Both,all,23.3268940697,1,2878.81978805,0.544313011829,0.664591624835
representative_minus_mean,Both,all,23.3306019137,1,3.13635654006,0.54449499545,0.66459216624
representative_minus_mean,Both,all,23.37780603,1,517.083380236,0.544676979072,0.664681426218
representative_minus_mean,Both,all,23.3873329751,1,4987.0840021,0.544858962693,0.665542306742
representative_minus_mean,Both,all,23.4066261005,1,2815.62360283,0.545040946315,0.666028345381
representative_minus_mean,Both,all,23.4352339411,1,501.593480357,0.545222929936,0.666114931462
representative_minus_mean,Both,all,23.5098224534,1,0.00427034493928,0.545404913558,0.666114932199
representative_minus_mean,Both,all,23.5316910105,1,1979.08604933,0.545586897179,0.666456566034
representative_minus_mean,Both,all,23.6048334815,1,2139.3753468,0.545768880801,0.666825869332
representative_minus_mean,Both,all,23.6062715868,1,3439.79700617,0.545950864422,0.667419654046
representative_minus_mean,Both,all,23.6471505716,1,3241.75303649,0.546132848044,0.667979252009
representative_minus_mean,Both,all,23.8329076837,1,67.9558435911,0.546314831665,0.667990982684
representative_minus_mean,Both,all,23.8520278687,1,330.378994303,0.546496815287,0.668048013374
representative_minus_mean,Both,all,23.8724839469,1,2136.35490616,0.546678798908,0.668416795278
representative_minus_mean,Both,all,23.931942625,1,3081.99056787,0.54686078253,0.668948814721
representative_minus_mean,Both,all,23.9969127568,1,425.15908536,0.547042766151,0.669022206542
representative_minus_mean,Both,all,24.1251723289,1,2797.4516805,0.547224749773,0.669505108307
representative_minus_mean,Both,all,24.1374695997,1,1629.01484219,0.547406733394,0.669786312142
representative_minus_mean,Both,all,24.1749243957,1,390.075814716,0.547588717015,0.669853647818
representative_minus_mean,Both,all,24.2146331026,1,85.927094605,0.547770700637,0.669868480727
representative_minus_mean,Both,all,24.2805415614,1,2892.00173653,0.547952684258,0.670367703914
representative_minus_mean,Both,all,24.3345652358,1,27.4392428216,0.54813466788,0.670372440532
representative_minus_mean,Both,all,24.344864611,1,3397.18323902,0.548316651501,0.670958869171
representative_minus_mean,Both,all,24.4656175268,1,2283.09155757,0.548498635123,0.671352981052
representative_minus_mean,Both,all,24.5235644501,1,6.04842874186,0.548680618744,0.671354025144
representative_minus_mean,Both,all,24.5681556243,1,30.3814492893,0.548862602366,0.671359269651
representative_minus_mean,Both,all,24.5849142966,1,1431.70155678,0.549044585987,0.671606412868
representative_minus_mean,Both,all,24.6619280844,1,13.5060909753,0.549226569609,0.671608744317
representative_minus_mean,Both,all,24.7482760743,1,18.2358666522,0.54940855323,0.671611892229
representative_minus_mean,Both,all,24.7629203342,1,1347.76281593,0.549590536852,0.671844545771
representative_minus_mean,Both,all,24.7664174017,1,2898.69828878,0.549772520473,0.672344924931
representative_minus_mean,Both,all,24.8696855354,1,1954.71258187,0.549954504095,0.672682351369
representative_minus_mean,Both,all,24.9192842019,1,2471.6882566,0.550136487716,0.673109019193
representative_minus_mean,Both,all,24.9232202803,1,2749.51251896,0.550318471338,0.673583645603
representative_minus_mean,Both,all,25.0031281261,1,2588.50343532,0.550500454959,0.6740304783
representative_minus_mean,Both,all,25.0251128274,1,2983.43084824,0.550682438581,0.674545484165
representative_minus_mean,Both,all,25.0885472345,1,1304.55326799,0.550864422202,0.674770678787
representative_minus_mean,Both,all,25.1178848704,1,1591.78926396,0.551046405823,0.675045456668
representative_minus_mean,Both,all,25.1247861197,1,246.568256931,0.551228389445,0.67508801978
representative_minus_mean,Both,all,25.1264344405,1,798.213483448,0.551410373066,0.675225809005
representative_minus_mean,Both,all,25.3642969257,1,65.4221238603,0.551592356688,0.675237102304
representative_minus_mean,Both,all,25.4835721858,1,23.1595148009,0.551774340309,0.675241100146
representative_minus_mean,Both,all,25.5850166769,1,2.26024051506,0.551956323931,0.675241490314
representative_minus_mean,Both,all,25.6223967267,1,12.6921633769,0.552138307552,0.675243681261
representative_minus_mean,Both,all,25.6323805375,1,1395.61631248,0.552320291174,0.67548459537
representative_minus_mean,Both,all,25.6556335052,1,1604.61616988,0.552502274795,0.675761587458
representative_minus_mean,Both,all,25.7936235745,1,12.6874085108,0.552684258417,0.675763777584
representative_minus_mean,Both,all,25.8071420818,1,2079.90636652,0.552866242038,0.676122815226
representative_minus_mean,Both,all,25.8161024184,1,781.808518344,0.55304822566,0.676257772593
representative_minus_mean,Both,all,25.8272489516,1,2826.4033715,0.553230209281,0.676745672058
representative_minus_mean,Both,all,25.8422298713,1,2448.45166057,0.553412192903,0.677168328734
representative_minus_mean,Both,all,25.9202992717,1,1464.24517004,0.553594176524,0.677421089696
representative_minus_mean,Both,all,25.9473009838,1,9.96252646758,0.553776160146,0.677422809447
representative_minus_mean,Both,all,25.9579293948,1,785.670189824,0.553958143767,0.677558433424
representative_minus_mean,Both,all,25.9784088139,1,3384.78550632,0.554140127389,0.678142721941
representative_minus_mean,Both,all,26.0289011963,1,31.9456744525,0.55432211101,0.678148236468
representative_minus_mean,Both,all,26.0678828278,1,104.016743649,0.554504094631,0.678166192049
representative_minus_mean,Both,all,26.0706102395,1,125,0.554686078253,0.678187769802
representative_minus_mean,Both,all,26.0730619018,1,2171.9011108,0.554868061874,0.678562687763
representative_minus_mean,Both,all,26.073654922,1,1436.02748821,0.555050045496,0.678810577731
representative_minus_mean,Both,all,26.0771370292,1,2140.07354274,0.555232029117,0.679180001553
representative_minus_mean,Both,all,26.1097595618,1,1304.84959244,0.555414012739,0.679405247328
representative_minus_mean,Both,all,26.1735753683,1,4563.75977875,0.55559599636,0.680193052768
representative_minus_mean,Both,all,26.2033695039,1,166.01481101,0.555777979982,0.68022171058
representative_minus_mean,Both,all,26.2506747875,1,105.424944112,0.555959963603,0.680239909247
representative_minus_mean,Both,all,26.296777367,1,2083.21145762,0.556141947225,0.680599517421
representative_minus_mean,Both,all,26.4091389434,1,2898.84312523,0.556323930846,0.681099921582
representative_minus_mean,Both,all,26.5712346675,1,1892.29584953,0.556505914468,0.681426573518
representative_minus_mean,Both,all,26.5794833292,1,35.0740973923,0.556687898089,0.681432628079
representative_minus_mean,Both,all,26.5797224781,1,2653.18085078,0.556869881711,0.681890625522
representative_minus_mean,Both,all,26.5817855922,1,2304.56587942,0.557051865332,0.682288444344
representative_minus_mean,Both,all,26.71040667,1,2863.9421372,0.557233848954,0.682782823826
representative_minus_mean,Both,all,26.724212705,1,537.701637494,0.557415832575,0.68287564297
representative_minus_mean,Both,all,26.7413446727,1,646.024673538,0.557597816197,0.682987161055
representative_minus_mean,Both,all,26.7433889971,1,4.9157562643,0.557779799818,0.682988009623
representative_minus_mean,Both,all,26.7611604397,1,109.148541512,0.557961783439,0.683006851065
representative_minus_mean,Both,all,26.7893578897,1,4179.21372385,0.558143767061,0.683728275387
representative_minus_mean,Both,all,26.8062494214,1,1522.29806533,0.558325750682,0.683991057557
representative_minus_mean,Both,all,26.8815735801,1,146.642744145,0.558507734304,0.684016371324
representative_minus_mean,Both,all,26.9035868907,1,1963.38169619,0.558689717925,0.684355294242
representative_minus_mean,Both,all,26.9184293698,1,1557.7985866,0.558871701547,0.684624204584
representative_minus_mean,Both,all,26.9828100929,1,2643.26833036,0.559053685168,0.685080490908
representative_minus_mean,Both,all,27.018386676,1,41.4680355757,0.55923566879,0.685087649204
representative_minus_mean,Both,all,27.0407219408,1,1908.94932738,0.559417652411,0.685417175896
representative_minus_mean,Both,all,27.0564734302,1,88.3545948248,0.559599636033,0.685432427845
representative_minus_mean,Both,all,27.0932321653,1,36.4436021023,0.559781619654,0.685438718813
representative_minus_mean,Both,all,27.1659334438,1,1121.05527201,0.559963603276,0.685632237641
representative_minus_mean,Both,all,27.1739022324,1,344.221032663,0.560145586897,0.685691657771
representative_minus_mean,Both,all,27.1805212364,1,703.038334593,0.560327570519,0.68581301767
representative_minus_mean,Both,all,27.2259766758,1,1470.41608193,0.56050955414,0.686066843867
representative_minus_mean,Both,all,27.264641539,1,204.298262033,0.560691537762,0.686102110246
representative_minus_mean,Both,all,27.2689413921,1,8.17663495267,0.560873521383,0.686103521714
representative_minus_mean,Both,all,27.3349440857,1,596.425984481,0.561055505005,0.686206477973
representative_minus_mean,Both,all,27.3612917936,1,19.5201411847,0.561237488626,0.686209847579
representative_minus_mean,Both,all,27.4166559867,1,102.420049616,0.561419472247,0.686227527535
representative_minus_mean,Both,all,27.4359113593,1,1176.10374363,0.561601455869,0.686430548941
representative_minus_mean,Both,all,27.4476522643,1,28.0922199835,0.56178343949,0.686435398277
representative_minus_mean,Both,all,27.4638407101,1,3469.67402822,0.561965423112,0.687034340423
representative_minus_mean,Both,all,27.5046758137,1,2432.01231945,0.562147406733,0.687454159307
representative_minus_mean,Both,all,27.591304409,1,1768.10342584,0.562329390355,0.687759372895
representative_minus_mean,Both,all,27.5927086966,1,970.992835154,0.562511373976,0.687926987641
representative_minus_mean,Both,all,27.6405461052,1,218.746506702,0.562693357598,0.687964748106
representative_minus_mean,Both,all,27.6562524995,1,1313.82423486,0.562875341219,0.688191543101
representative_minus_mean,Both,all,27.7078312594,1,1967.10057823,0.563057324841,0.68853110798
representative_minus_mean,Both,all,27.7446681731,1,1537.46240906,0.563239308462,0.68879650785
representative_minus_mean,Both,all,27.7963604342,1,149.608525658,0.563421292084,0.688822333576
representative_minus_mean,Both,all,27.8194923137,1,1532.35818393,0.563603275705,0.689086852344
representative_minus_mean,Both,all,27.8813474767,1,163.317097278,0.563785259327,0.689115044472
representative_minus_mean,Both,all,28.0009397965,1,323.47879024,0.563967242948,0.689170884034
representative_minus_mean,Both,all,28.0491884775,1,4352.7379219,0.56414922657,0.689922262455
representative_minus_mean,Both,all,28.0796366901,1,63.0218474187,0.564331210191,0.689933141414
representative_minus_mean,Both,all,28.1169699247,1,3795.56627126,0.564513193813,0.690588339738
representative_minus_mean,Both,all,28.138523406,1,1647.23585308,0.564695177434,0.690872688921
representative_minus_mean,Both,all,28.1850323311,1,518.463958572,0.564877161056,0.690962187218
representative_minus_mean,Both,all,28.1870670144,1,378.530361354,0.565059144677,0.691027529894
representative_minus_mean,Both,all,28.2525658804,1,1298.73064959,0.565241128298,0.691251719405
representative_minus_mean,Both,all,28.3425722412,1,92.4989294407,0.56542311192,0.691267686757
representative_minus_mean,Both,all,28.3978270252,1,6.28311680096,0.565605095541,0.691268771361
representative_minus_mean,Both,all,28.4005197837,1,141.341445272,0.565787079163,0.691293170007
representative_minus_mean,Both,all,28.4795209631,1,1177.594996,0.565969062784,0.691496448836
representative_minus_mean,Both,all,28.6055617915,1,1634.01692024,0.566151046406,0.691778516141
representative_minus_mean,Both,all,28.6252180403,1,2941.45170776,0.566333030027,0.692286275482
representative_minus_mean,Both,all,28.6450262793,1,39.1782353993,0.566515013649,0.692293038508
representative_minus_mean,Both,all,28.6678501178,1,128.31510504,0.56669699727,0.692315188521
representative_minus_mean,Both,all,28.7441329142,1,2951.76191607,0.566878980892,0.692824727631
representative_minus_mean,Both,all,28.7761690215,1,1310.37786406,0.567060964513,0.693050927707
representative_minus_mean,Both,all,28.7998694562,1,3631.40898009,0.567242948135,0.693677788867
representative_minus_mean,Both,all,28.831416948,1,832.009143966,0.567424931756,0.693821411968
representative_minus_mean,Both,all,28.8682463515,1,1168.4233159,0.567606915378,0.694023107563
representative_minus_mean,Both,all,28.8954834911,1,745.434525632,0.567788898999,0.694151785978
representative_minus_mean,Both,all,28.9819870992,1,1879.40818918,0.567970882621,0.69447621322
representative_minus_mean,Both,all,28.9991213252,1,701.488558878,0.568152866242,0.694597305593
representative_minus_mean,Both,all,29.0035428985,1,64.0144748497,0.568334849864,0.694608355901
representative_minus_mean,Both,all,29.0294495119,1,307.028557982,0.568516833485,0.694661355791
representative_minus_mean,Both,all,29.0328424264,1,74.6940107345,0.568698817106,0.694674249623
representative_minus_mean,Both,all,29.0751037715,1,72.4527152869,0.568880800728,0.694686756557
representative_minus_mean,Both,all,29.0775182656,1,448.936432108,0.569062784349,0.694764252871
representative_minus_mean,Both,all,29.1185734541,1,71.4219833429,0.569244767971,0.694776581879
representative_minus_mean,Both,all,29.124890642,1,1394.25367631,0.569426751592,0.695017260767
representative_minus_mean,Both,all,29.3757617631,1,3476.7668078,0.569608735214,0.695617427283
representative_minus_mean,Both,all,29.4212112583,1,2633.78431778,0.569790718835,0.696072076457
representative_minus_mean,Both,all,29.4520643648,1,2885.95109615,0.569972702457,0.69657025517
representative_minus_mean,Both,all,29.5058139459,1,3238.32433112,0.570154686078,0.697129261264
representative_minus_mean,Both,all,29.5113892501,1,2220.03805802,0.5703366697,0.697512488722
representative_minus_mean,Both,all,29.5738039988,1,657.228097222,0.570518653321,0.697625940765
representative_minus_mean,Both,all,29.7057297636,1,30.1486525854,0.570700636943,0.697631145086
representative_minus_mean,Both,all,29.731856924,1,1315.25794814,0.570882620564,0.697858187572
representative_minus_mean,Both,all,29.7618989682,1,481.750689817,0.571064604186,0.69794134835
representative_minus_mean,Both,all,29.7731274627,1,58.5575486905,0.571246587807,0.697951456673
representative_minus_mean,Both,all,29.8213358647,1,18.3615040985,0.571428571429,0.697954626273
representative_minus_mean,Both,all,29.8735232484,1,1727.4064863,0.57161055505,0.698252814673
representative_minus_mean,Both,all,29.8839376764,1,7.28728773335,0.571792538672,0.698254072619
representative_minus_mean,Both,all,29.8903874015,1,443.060668847,0.571974522293,0.698330554648
representative_minus_mean,Both,all,29.9516018462,1,531.601198765,0.572156505914,0.698422320722
representative_minus_mean,Both,all,29.9669085945,1,358.878744462,0.572338489536,0.698484271096
representative_minus_mean,Both,all,29.9765029519,1,120,0.572520473157,0.698504985739
representative_minus_mean,Both,all,30.0633046206,1,1604.92785224,0.572702456779,0.69878203163
representative_minus_mean,Both,all,30.098647938,1,1243.27060723,0.5728844404,0.698996647515
representative_minus_mean,Both,all,30.2233265758,1,3699.97509699,0.573066424022,0.699635344697
representative_minus_mean,Both,all,30.2808889152,1,317.396700783,0.573248407643,0.699690134358
representative_minus_mean,Both,all,30.296442061,1,198.622255246,0.573430391265,0.699724420933
representative_minus_mean,Both,all,30.3258454865,1,31.4101617757,0.573612374886,0.699729843019
representative_minus_mean,Both,all,30.3548418536,1,327.075307883,0.573794358508,0.69978630342
representative_minus_mean,Both,all,30.3759447443,1,720.706848201,0.573976342129,0.699910713293
representative_minus_mean,Both,all,30.4618676979,1,13.4606501386,0.574158325751,0.699913036897
representative_minus_mean,Both,all,30.655165435,1,309.476427294,0.574340309372,0.699966459344
representative_minus_mean,Both,all,30.6622460389,1,46.6587943803,0.574522292994,0.699974513679
representative_minus_mean,Both,all,30.7505470964,1,213.904380408,0.574704276615,0.700011438286
representative_minus_mean,Both,all,30.8372696065,1,94.0518596073,0.574886260237,0.700027673708
representative_minus_mean,Both,all,30.9604145749,1,2007.40170292,0.575068243858,0.700374195449
representative_minus_mean,Both,all,30.975828669,1,746.560222951,0.57525022748,0.700503068184
representative_minus_mean,Both,all,30.9784865751,1,2394.93164097,0.575432211101,0.700916486126
representative_minus_mean,Both,all,31.0802168887,1,1858.31476133,0.575614194722,0.701237272177
representative_minus_mean,Both,all,31.0990650983,1,1827.29870072,0.575796178344,0.701552704174
representative_minus_mean,Both,all,31.2298960262,1,738.314456372,0.575978161965,0.701680153508
representative_minus_mean,Both,all,31.2305276904,1,4020.69652834,0.576160145587,0.702374214272
representative_minus_mean,Both,all,31.4006431329,1,210.762236513,0.576342129208,0.702410596475
representative_minus_mean,Both,all,31.4127740993,1,1438.74689446,0.57652411283,0.702658955873
representative_minus_mean,Both,all,31.4291992574,1,2818.21806416,0.576706096451,0.703145442373
representative_minus_mean,Both,all,31.4357152729,1,26.2047618769,0.576888080073,0.703149965892
representative_minus_mean,Both,all,31.4492282882,1,8.61590838829,0.577070063694,0.703151453188
representative_minus_mean,Both,all,31.4694568457,1,208.385228256,0.577252047316,0.703187425067
representative_minus_mean,Both,all,31.4896550434,1,1934.008603,0.577434030937,0.703521277543
representative_minus_mean,Both,all,31.5575992933,1,2552.08640967,0.577616014559,0.703961823858
representative_minus_mean,Both,all,31.5967309463,1,3310.43080205,0.57779799818,0.704533277117
representative_minus_mean,Both,all,31.6132256593,1,4596.65199604,0.577979981802,0.705326760478
representative_minus_mean,Both,all,31.6205408106,1,436.891538979,0.578161965423,0.705402177579
representative_minus_mean,Both,all,31.6537840841,1,1282.45124361,0.578343949045,0.705623556905
representative_minus_mean,Both,all,31.6844179661,1,24.2665313426,0.578525932666,0.705627745843
representative_minus_mean,Both,all,31.6890230811,1,17.5413320132,0.578707916288,0.705630773863
representative_minus_mean,Both,all,31.6967908437,1,3899.02434844,0.578889899909,0.70630383133
representative_minus_mean,Both,all,31.7140941273,1,520.016349821,0.57907188353,0.706393597603
representative_minus_mean,Both,all,31.775409012,1,2861.7536358,0.579253867152,0.706887599302
representative_minus_mean,Both,all,31.8067755123,1,65.916059478,0.579435850773,0.706898977865
representative_minus_mean,Both,all,31.8810051486,1,2698.7279412,0.579617834395,0.707364837739
representative_minus_mean,Both,all,31.8835886861,1,927.198319288,0.579799818016,0.707524892587
representative_minus_mean,Both,all,32.0203525669,1,190.719516684,0.579981801638,0.707557814976
representative_minus_mean,Both,all,32.0441185963,1,2512.54004567,0.580163785259,0.707991534719
representative_minus_mean,Both,all,32.0516468511,1,78.5218969363,0.580345768881,0.708005089327
representative_minus_mean,Both,all,32.1363462808,1,7.7592358334,0.580527752502,0.708006428742
representative_minus_mean,Both,all,32.1528248318,1,3.78655536472,0.580709736124,0.708007082385
representative_minus_mean,Both,all,32.2230907707,1,44.3406372243,0.580891719745,0.708014736556
representative_minus_mean,Both,all,32.3315606068,1,1137.9114816,0.581073703367,0.708211165136
representative_minus_mean,Both,all,32.3798937771,1,41.4480460361,0.581255686988,0.708218319982
representative_minus_mean,Both,all,32.4099495322,1,219,0.58143767061,0.708256124205
representative_minus_mean,Both,all,32.5020154838,1,2948.93399859,0.581619654231,0.708765175154
representative_minus_mean,Both,all,32.5546117014,1,3012.47191357,0.581801637853,0.709285194146
representative_minus_mean,Both,all,32.5677703394,1,2086.40171303,0.581983621474,0.709645353028
representative_minus_mean,Both,all,32.6767504466,1,219.416963701,0.582165605096,0.709683229228
representative_minus_mean,Both,all,32.7151050332,1,27.1212657689,0.582347588717,0.709687910956
representative_minus_mean,Both,all,32.745618529,1,701.175047204,0.582529572338,0.70980894921
representative_minus_mean,Both,all,32.8060335841,1,49.3921061997,0.58271155596,0.709817475375
representative_minus_mean,Both,all,32.8209539105,1,221.749303402,0.582893539581,0.709855754188
representative_minus_mean,Both,all,32.8990045576,1,9.54562494838,0.583075523203,0.709857401974
representative_minus_mean,Both,all,33.0623851416,1,100.732055973,0.583257506824,0.709874790545
representative_minus_mean,Both,all,33.1085302965,1,464.978090159,0.583439490446,0.709955056003
representative_minus_mean,Both,all,33.1924969798,1,47.8873223708,0.583621474067,0.709963322409
representative_minus_mean,Both,all,33.250925079,1,25.0983834379,0.583803457689,0.709967654943
representative_minus_mean,Both,all,33.35672415,1,1900.13904421,0.58398544131,0.710295660786
representative_minus_mean,Both,all,33.3774939001,1,34.954240222,0.584167424932,0.710301694658
representative_minus_mean,Both,all,33.3806497689,1,2595.31390659,0.584349408553,0.710749702992
representative_minus_mean,Both,all,33.3831762848,1,1879.4204709,0.584531392175,0.711074132354
representative_minus_mean,Both,all,33.406692891,1,1445.19372315,0.584713375796,0.711323604616
representative_minus_mean,Both,all,33.4646500674,1,2043.09471552,0.584895359418,0.711676287757
representative_minus_mean,Both,all,33.4688988298,1,404.017383215,0.585077343039,0.711746030054
representative_minus_mean,Both,all,33.495177156,1,6.56087885429,0.585259326661,0.711747162606
representative_minus_mean,Both,all,33.5293531247,1,3249.74786658,0.585441310282,0.712308140654
representative_minus_mean,Both,all,33.5428273882,1,3066.10928593,0.585623293904,0.712837418638
representative_minus_mean,Both,all,33.5996720155,1,2176.60457619,0.585805277525,0.71321314852
representative_minus_mean,Both,all,33.7178089982,1,1685.3079648,0.585987261146,0.713504069789
representative_minus_mean,Both,all,33.7307669189,1,75.7475771161,0.586169244768,0.713517145489
representative_minus_mean,Both,all,33.7311582495,1,1411.13101032,0.586351228389,0.713760737777
representative_minus_mean,Both,all,33.7522822965,1,88.1420102594,0.586533212011,0.713775953029
representative_minus_mean,Both,all,33.8172796832,1,3505.79700112,0.586715195632,0.714381130795
representative_minus_mean,Both,all,33.8544494811,1,908.522980045,0.586897179254,0.714537961869
representative_minus_mean,Both,all,33.8547359946,1,863.143032953,0.587079162875,0.714686959364
representative_minus_mean,Both,all,33.8824522358,1,1267.25540902,0.587261146497,0.714905715555
representative_minus_mean,Both,all,33.9391528167,1,31.6215762213,0.587443130118,0.714911174136
representative_minus_mean,Both,all,34.0015423807,1,685.909590697,0.58762511374,0.715029577236
representative_minus_mean,Both,all,34.0121997354,1,2131.5021301,0.587807097361,0.715397521443
representative_minus_mean,Both,all,34.0680487119,1,0.506635486049,0.587989080983,0.7153976089
representative_minus_mean,Both,all,34.1671893269,1,4216.89637113,0.588171064604,0.716125538077
representative_minus_mean,Both,all,34.2222527698,1,95.9302669231,0.588353048226,0.716142097754
representative_minus_mean,Both,all,34.2969467936,1,2980.11953236,0.588535031847,0.716656532013
representative_minus_mean,Both,all,34.3776594974,1,179.787284493,0.588717015469,0.716687567258
representative_minus_mean,Both,all,34.3852971185,1,51.4096972028,0.58889899909,0.716696441703
representative_minus_mean,Both,all,34.385982236,1,127.007950889,0.589080982712,0.716718366073
representative_minus_mean,Both,all,34.5435072325,1,4204.67324367,0.589262966333,0.717444185269
representative_minus_mean,Both,all,34.564786025,1,3084.29257936,0.589444949955,0.71797660209
representative_minus_mean,Both,all,34.6444168699,1,2501.04062513,0.589626933576,0.71840833678
representative_minus_mean,Both,all,34.650912808,1,3588.19861553,0.589808917197,0.719027738879
representative_minus_mean,Both,all,34.7079930325,1,1178.54403884,0.589990900819,0.719231181534
representative_minus_mean,Both,all,34.7219452615,1,233.335941461,0.59017288444,0.719271460456
representative_minus_mean,Both,all,34.7583615218,1,1220.87154283,0.590354868062,0.71948220977
representative_minus_mean,Both,all,34.7911086968,1,121.653605958,0.590536851683,0.719503209862
representative_minus_mean,Both,all,34.8408625112,1,1629.61598368,0.590718835305,0.719784517468
representative_minus_mean,Both,all,34.8652539618,1,967.159466847,0.590900818926,0.71995147049
representative_minus_mean,Both,all,34.9289515784,1,2834.13699374,0.591082802548,0.720440704948
representative_minus_mean,Both,all,34.931776867,1,53.8186121552,0.591264786169,0.720449995226
representative_minus_mean,Both,all,35.029178194,1,0.567437041659,0.591446769791,0.720450093178
representative_minus_mean,Both,all,35.1249655341,1,24.251700117,0.591628753412,0.720454279556
representative_minus_mean,Both,all,35.1432712293,1,422.347745315,0.591810737034,0.720527186077
representative_minus_mean,Both,all,35.2376498039,1,1444.70227934,0.591992720655,0.720776573506
representative_minus_mean,Both,all,35.2584249479,1,3680.58528125,0.592174704277,0.721411923579
representative_minus_mean,Both,all,35.2705882889,1,440.048274827,0.592356687898,0.721487885602
representative_minus_mean,Both,all,35.2782696041,1,3084.86098762,0.59253867152,0.722020400542
representative_minus_mean,Both,all,35.3189067147,1,0.0857876777537,0.592720655141,0.722020415351
representative_minus_mean,Both,all,35.3280960087,1,2436.44322969,0.592902638763,0.722440999108
representative_minus_mean,Both,all,35.4010201039,1,2944.75250583,0.593084622384,0.722949328239
representative_minus_mean,Both,all,35.4085692872,1,166.570332038,0.593266606005,0.722978081947
representative_minus_mean,Both,all,35.417962911,1,1445.40053282,0.593448589627,0.723227589909
representative_minus_mean,Both,all,35.4485153785,1,646.190965879,0.593630573248,0.7233391367
representative_minus_mean,Both,all,35.4776408605,1,372.055695918,0.59381255687,0.723403361706
representative_minus_mean,Both,all,35.478762295,1,78.4612665014,0.593994540491,0.723416905849
representative_minus_mean,Both,all,35.5336706516,1,1622.54111533,0.594176524113,0.723696992177
representative_minus_mean,Both,all,35.5360759834,1,2183.7849897,0.594358507734,0.724073961557
representative_minus_mean,Both,all,35.687508618,1,6.49441083923,0.594540491356,0.724075082635
representative_minus_mean,Both,all,35.7204981926,1,223.638960512,0.594722474977,0.724113687645
representative_minus_mean,Both,all,35.7314241954,1,3028.31524757,0.594904458599,0.724636441546
representative_minus_mean,Both,all,35.821380755,1,41.4753900739,0.59508644222,0.724643601111
representative_minus_mean,Both,all,35.861429723,1,1809.83757955,0.595268425842,0.724956018933
representative_minus_mean,Both,all,35.9289152204,1,2801.82169077,0.595450409463,0.725439675059
representative_minus_mean,Both,all,35.9513734867,1,2853.7474827,0.595632393085,0.725932294719
representative_minus_mean,Both,all,35.9575743278,1,2.03737206068,0.595814376706,0.725932646414
representative_minus_mean,Both,all,35.9651616594,1,280.675523906,0.595996360328,0.725981097191
representative_minus_mean,Both,all,36.0040501297,1,1362.28716978,0.596178343949,0.726216257956
representative_minus_mean,Both,all,36.0610543455,1,2779.84902402,0.596360327571,0.726696121115
representative_minus_mean,Both,all,36.0976780087,1,628.104881082,0.596542311192,0.72680454585
representative_minus_mean,Both,all,36.1021331974,1,43.5178834027,0.596724294813,0.726812057995
representative_minus_mean,Both,all,36.1088506056,1,2.08875092604,0.596906278435,0.726812418559
representative_minus_mean,Both,all,36.1416222705,1,2783.2426893,0.597088262056,0.727292867539
representative_minus_mean,Both,all,36.1685962387,1,3377.26739403,0.597270245678,0.727875858265
representative_minus_mean,Both,all,36.1977398917,1,3524.61258833,0.597452229299,0.728484284016
representative_minus_mean,Both,all,36.2432625604,1,68.8465894954,0.597634212921,0.728496168454
representative_minus_mean,Both,all,36.2450073193,1,2649.988505,0.597816196542,0.728953614828
representative_minus_mean,Both,all,36.2514491421,1,3232.70962933,0.597998180164,0.7295116517
representative_minus_mean,Both,all,36.2658783568,1,860.294324846,0.598180163785,0.729660157446
representative_minus_mean,Both,all,36.3026261604,1,1348.33216494,0.598362147407,0.72989290927
representative_minus_mean,Both,all,36.4746525991,1,1651.77064477,0.598544131028,0.730178041258
representative_minus_mean,Both,all,36.5170008216,1,243.957230605,0.59872611465,0.730220153649
representative_minus_mean,Both,all,36.6087760669,1,180.173283775,0.598908098271,0.730251255525
representative_minus_mean,Both,all,36.6606295744,1,344.495284868,0.599090081893,0.730310722998
representative_minus_mean,Both,all,36.733474767,1,1098.99761232,0.599272065514,0.730500434188
representative_minus_mean,Both,all,36.8877192491,1,338.673247151,0.599454049136,0.730558896648
representative_minus_mean,Both,all,36.9530269253,1,3095.35886261,0.599636032757,0.731093223754
representative_minus_mean,Both,all,36.9677262421,1,2089.73716906,0.599818016379,0.731453958409
representative_minus_mean,Both,all,37.1027346746,1,351.639743403,0.6,0.731514659172
representative_minus_mean,Both,all,37.1679048365,1,1775.46658661,0.600181983621,0.731821143804
representative_minus_mean,Both,all,37.2845830666,1,287.472225351,0.600363967243,0.731870767841
representative_minus_mean,Both,all,37.3801501848,1,3631.51768929,0.600545950864,0.732497647767
representative_minus_mean,Both,all,37.4610799327,1,3282.99684572,0.600727934486,0.73306436532
representative_minus_mean,Both,all,37.488719203,1,2163.02902677,0.600909918107,0.733437751764
representative_minus_mean,Both,all,37.5020566337,1,3854.12187941,0.601091901729,0.734103058075
representative_minus_mean,Both,all,37.5286878771,1,2926.20327473,0.60127388535,0.734608185201
representative_minus_mean,Both,all,37.5677332967,1,4252.461912,0.601455868972,0.735342253774
representative_minus_mean,Both,all,37.5710563685,1,60.5571705385,0.601637852593,0.735352707275
representative_minus_mean,Both,all,37.5844617248,1,141.149735735,0.601819836215,0.735377072828
representative_minus_mean,Both,all,37.5884126198,1,3401.38819645,0.602001819836,0.735964227335
representative_minus_mean,Both,all,37.6924375749,1,3.16623540478,0.602183803458,0.735964773897
representative_minus_mean,Both,all,37.7452700005,1,78.9221778707,0.602365787079,0.735978397603
representative_minus_mean,Both,all,37.8801499981,1,885.444895987,0.602547770701,0.736131244891
representative_minus_mean,Both,all,37.915232908,1,208.705884944,0.602729754322,0.736167272123
representative_minus_mean,Both,all,37.967568304,1,18.6614578052,0.602911737944,0.736170493502
representative_minus_mean,Both,all,38.0284699953,1,739.853546189,0.603093721565,0.736298208517
representative_minus_mean,Both,all,38.043116588,1,1517.36399152,0.603275705187,0.736560138957
representative_minus_mean,Both,all,38.048169327,1,3554.4800608,0.603457688808,0.737173720492
representative_minus_mean,Both,all,38.1253438552,1,107.53034154,0.603639672429,0.737192282597
representative_minus_mean,Both,all,38.1748868652,1,2148.08048412,0.603821656051,0.737563088593
representative_minus_mean,Both,all,38.1774817785,1,2130.63439431,0.604003639672,0.73793088301
representative_minus_mean,Both,all,38.1907261458,1,99.4687339414,0.604185623294,0.737948053504
representative_minus_mean,Both,all,38.2773354999,1,1702.43408946,0.604367606915,0.738241931118
representative_minus_mean,Both,all,38.2821591874,1,189.534185629,0.604549590537,0.738274648893
representative_minus_mean,Both,all,38.4680124183,1,465.404638589,0.604731574158,0.738354987982
representative_minus_mean,Both,all,38.4837655748,1,1585.11997401,0.60491355778,0.738628614597
representative_minus_mean,Both,all,38.5527198336,1,21.0138256785,0.605095541401,0.738632242046
representative_minus_mean,Both,all,38.663247573,1,4057.44089375,0.605277525023,0.739332645697
representative_minus_mean,Both,all,38.6884069804,1,1.91408358505,0.605459508644,0.73933297611
representative_minus_mean,Both,all,38.6965145916,1,496.016925673,0.605641492266,0.739418599554
representative_minus_mean,Both,all,38.7187495573,1,2892.41632564,0.605823475887,0.739917894309
representative_minus_mean,Both,all,38.7723762904,1,875.311409995,0.606005459509,0.740068992334
representative_minus_mean,Both,all,38.9107018804,1,50.1921434583,0.60618744313,0.740077656603
representative_minus_mean,Both,all,39.1421571015,1,657.228313936,0.606369426752,0.740191108684
representative_minus_mean,Both,all,39.1583977055,1,1598.19433878,0.606551410373,0.740466992222
representative_minus_mean,Both,all,39.2531003483,1,2269.06868991,0.606733393995,0.740858683447
representative_minus_mean,Both,all,39.3259367379,1,2999.72115421,0.606915377616,0.741376501377
representative_minus_mean,Both,all,39.3302916875,1,2479.46700541,0.607097361237,0.741804511985
representative_minus_mean,Both,all,39.3355244209,1,526.986979024,0.607279344859,0.741895481543
representative_minus_mean,Both,all,39.4026174876,1,2789.67663816,0.60746132848,0.742377041164
representative_minus_mean,Both,all,39.4441404391,1,1977.10780062,0.607643312102,0.74271833351
representative_minus_mean,Both,all,39.4450420017,1,2825.56222994,0.607825295723,0.743206087775
representative_minus_mean,Both,all,39.4554521476,1,691.175984367,0.608007279345,0.743325399971
representative_minus_mean,Both,all,39.6160829129,1,430.16965329,0.608189262966,0.743399656726
representative_minus_mean,Both,all,39.6911764657,1,3235.83232884,0.608371246588,0.743958232645
representative_minus_mean,Both,all,39.8755538994,1,3625.96423601,0.608553230209,0.744584153923
representative_minus_mean,Both,all,39.879365887,1,4050.10062184,0.608735213831,0.745283290481
representative_minus_mean,Both,all,39.9398474615,1,13.3262337916,0.608917197452,0.745285590882
representative_minus_mean,Both,all,39.9742964913,1,2813.72919304,0.609099181074,0.745771302504
representative_minus_mean,Both,all,39.9912995077,1,224.581286033,0.609281164695,0.74581007018
representative_minus_mean,Both,all,40.04295542,1,323.562126028,0.609463148317,0.745865924129
representative_minus_mean,Both,all,40.086027672,1,1092.81503561,0.609645131938,0.746054568069
representative_minus_mean,Both,all,40.0946525076,1,19.9502037033,0.60982711556,0.746058011914
representative_minus_mean,Both,all,40.1447402647,1,2215.96447379,0.610009099181,0.746440536182
representative_minus_mean,Both,all,40.2569658618,1,1967.79022401,0.610191082803,0.746780220109
representative_minus_mean,Both,all,40.2888033328,1,1821.77494998,0.610373066424,0.747094698584
representative_minus_mean,Both,all,40.2937857904,1,1501.67739086,0.610555050045,0.747353921171
representative_minus_mean,Both,all,40.3154089563,1,62.5988274059,0.610737033667,0.747364727108
representative_minus_mean,Both,all,40.3834607219,1,92.4677562095,0.610919017288,0.747380689079
representative_minus_mean,Both,all,40.5840671985,1,1410.82688901,0.61110100091,0.747624228869
representative_minus_mean,Both,all,40.6145403244,1,38.4548712947,0.611282984531,0.747630867026
representative_minus_mean,Both,all,40.6424724662,1,3314.09271386,0.611464968153,0.748202952411
representative_minus_mean,Both,all,40.658881422,1,480.181197973,0.611646951774,0.74828584226
representative_minus_mean,Both,all,40.658959245,1,42.6982104088,0.611828935396,0.748293212912
representative_minus_mean,Both,all,40.6760179606,1,75.9878204637,0.612010919017,0.748306330083
representative_minus_mean,Both,all,40.7750075163,1,73.0179203274,0.612192902639,0.748318934584
representative_minus_mean,Both,all,40.7851847505,1,2678.55944562,0.61237488626,0.748781312931
representative_minus_mean,Both,all,40.8117319832,1,242.315251596,0.612556869882,0.74882314188
representative_minus_mean,Both,all,40.8251263698,1,2.59134059769,0.612738853503,0.748823589202
representative_minus_mean,Both,all,40.8635117615,1,2814.23170727,0.612920837125,0.74930938757
representative_minus_mean,Both,all,40.8822706212,1,2739.11163299,0.613102820746,0.749782218558
representative_minus_mean,Both,all,40.8999086211,1,1041.92773048,0.613284804368,0.749962078229
representative_minus_mean,Both,all,40.9462838014,1,1163.2385739,0.613466787989,0.750162878824
representative_minus_mean,Both,all,40.9507349104,1,2430.4257654,0.613648771611,0.750582423833
representative_minus_mean,Both,all,40.9747273873,1,723.930252769,0.613830755232,0.750707390137
representative_minus_mean,Both,all,41.077608446,1,4087.42922336,0.614012738854,0.751412970434
representative_minus_mean,Both,all,41.1266904016,1,24.257776584,0.614194722475,0.75141715786
representative_minus_mean,Both,all,41.2353613554,1,371.997963072,0.614376706096,0.751481372901
representative_minus_mean,Both,all,41.3055224914,1,1.48764260014,0.614558689718,0.751481629701
representative_minus_mean,Both,all,41.3109992655,1,27.5923648257,0.614740673339,0.75148639275
representative_minus_mean,Both,all,41.3464295026,1,31.5240739173,0.614922656961,0.7514918345
representative_minus_mean,Both,all,41.3521067308,1,137.432306749,0.615104640582,0.751515558342
representative_minus_mean,Both,all,41.5077543546,1,3355.81372332,0.615286624204,0.752094845692
representative_minus_mean,Both,all,41.5853347455,1,3569.6336852,0.615468607825,0.752711043076
representative_minus_mean,Both,all,41.6253741635,1,820.090563089,0.615650591447,0.752852608767
representative_minus_mean,Both,all,41.6900254356,1,3126.86977635,0.615832575068,0.75339237535
representative_minus_mean,Both,all,41.7188237839,1,828.84056838,0.61601455869,0.753535451485
representative_minus_mean,Both,all,41.7714770306,1,22.6614937182,0.616196542311,0.753539363358
representative_minus_mean,Both,all,41.8230791096,1,20.9934037263,0.616378525933,0.753542987282
representative_minus_mean,Both,all,41.8725920843,1,94.491572029,0.616560509554,0.753559298608
representative_minus_mean,Both,all,41.9314569191,1,13.5834037795,0.616742493176,0.753561643402
representative_minus_mean,Both,all,41.9405277082,1,2823.29090206,0.616924476797,0.754049005586
representative_minus_mean,Both,all,41.9494017381,1,93.6642292291,0.617106460419,0.754065174095
representative_minus_mean,Both,all,41.9602596798,1,38.0401219298,0.61728844404,0.754071740658
representative_minus_mean,Both,all,42.0485865929,1,5430.16642969,0.617470427662,0.755009106966
representative_minus_mean,Both,all,42.2143248469,1,2041.59927637,0.617652411283,0.755361531961
representative_minus_mean,Both,all,42.2215040235,1,2.24669904398,0.617834394904,0.75536191979
representative_minus_mean,Both,all,42.2301328214,1,188.281232805,0.618016378526,0.755394421277
representative_minus_mean,Both,all,42.3539854381,1,7.06165289206,0.618198362147,0.755395640274
representative_minus_mean,Both,all,42.3967987783,1,1240.4388187,0.618380345769,0.755609767331
representative_minus_mean,Both,all,42.4050563645,1,860.844527661,0.61856232939,0.755758368054
representative_minus_mean,Both,all,42.4303800611,1,35.2555955726,0.618744313012,0.755764453946
representative_minus_mean,Both,all,42.4709344785,1,31.944595424,0.618926296633,0.755769968287
representative_minus_mean,Both,all,42.5059925859,1,16.3675157106,0.619108280255,0.75577279368
representative_minus_mean,Both,all,42.5247645667,1,65.4087182635,0.619290263876,0.755784084666
representative_minus_mean,Both,all,42.5359839487,1,125.89143319,0.619472247498,0.755805816299
representative_minus_mean,Both,all,42.5531559544,1,1862.46105696,0.619654231119,0.756127318093
representative_minus_mean,Both,all,42.6458825882,1,10.4439955868,0.619836214741,0.756129120956
representative_minus_mean,Both,all,42.6503059583,1,0.420837192611,0.620018198362,0.756129193602
representative_minus_mean,Both,all,42.6770819914,1,3020.88387315,0.620200181984,0.756650664684
representative_minus_mean,Both,all,42.7226835038,1,2081.37352242,0.620382165605,0.75700995559
representative_minus_mean,Both,all,42.7284944559,1,5191.5890746,0.620564149227,0.757906138192
representative_minus_mean,Both,all,42.7554146912,1,1017.67699129,0.620746132848,0.758081811652
representative_minus_mean,Both,all,42.7566150318,1,1387.22121851,0.62092811647,0.758321276584
representative_minus_mean,Both,all,42.7801552069,1,24.7505079535,0.621110100091,0.758325549066
representative_minus_mean,Both,all,42.7960542828,1,2447.45412591,0.621292083712,0.758748033546
representative_minus_mean,Both,all,42.837121079,1,1051.25538188,0.621474067334,0.758929503375
representative_minus_mean,Both,all,42.8920068871,1,23.9451031494,0.621656050955,0.758933636827
representative_minus_mean,Both,all,42.9383011826,1,822.463322187,0.621838034577,0.759075612109
representative_minus_mean,Both,all,43.0168856946,1,463.289255559,0.622020018198,0.759155586037
representative_minus_mean,Both,all,43.0538947098,1,188.416530705,0.62220200182,0.75918811088
representative_minus_mean,Both,all,43.0706928587,1,198.602429916,0.622383985441,0.759222394033
representative_minus_mean,Both,all,43.1109342315,1,2425.95969428,0.622565969063,0.7596411681
representative_minus_mean,Both,all,43.1253697577,1,3909.93882318,0.622747952684,0.760316109645
representative_minus_mean,Both,all,43.1563467678,1,1905.01179661,0.622929936306,0.760644956633
representative_minus_mean,Both,all,43.2650900775,1,47.3091446987,0.623111919927,0.760653123233
representative_minus_mean,Both,all,43.3320532418,1,1137.08754728,0.623293903549,0.760849409584
representative_minus_mean,Both,all,43.3344867804,1,1917.43164085,0.62347588717,0.761180400511
representative_minus_mean,Both,all,43.3490187789,1,119.761278043,0.623657870792,0.761201073945
representative_minus_mean,Both,all,43.4325423917,1,2430.8884847,0.623839854413,0.76162069883
representative_minus_mean,Both,all,43.4618957845,1,45.8215702676,0.624021838035,0.761628608642
representative_minus_mean,Both,all,43.4825267669,1,1390.81937991,0.624203821656,0.761868694696
representative_minus_mean,Both,all,43.4900476297,1,1283.7710107,0.624385805278,0.762090301843
representative_minus_mean,Both,all,43.5618282608,1,167.515158845,0.624567788899,0.762119218648
representative_minus_mean,Both,all,43.6296396372,1,581.663059187,0.62474977252,0.762219626502
representative_minus_mean,Both,all,43.6805142425,1,2845.88667041,0.624931756142,0.762710889213
representative_minus_mean,Both,all,43.6912423642,1,6.13263211247,0.625113739763,0.76271194784
representative_minus_mean,Both,all,43.7612419012,1,848.287810377,0.625295723385,0.762858380997
representative_minus_mean,Both,all,43.806287509,1,4050.78955258,0.625477707006,0.76355763648
representative_minus_mean,Both,all,43.9002361099,1,4.08479784912,0.625659690628,0.763558341606
representative_minus_mean,Both,all,43.9167145198,1,226.055869956,0.625841674249,0.763597363827
representative_minus_mean,Both,all,43.9495040234,1,3321.66174914,0.626023657871,0.764170755794
representative_minus_mean,Both,all,43.9602362754,1,30.2895072418,0.626205641492,0.76417598443
representative_minus_mean,Both,all,43.9757842904,1,1263.43582427,0.626387625114,0.764394081277
representative_minus_mean,Both,all,44.1229511566,1,1638.05872582,0.626569608735,0.764676846286
representative_minus_mean,Both,all,44.1823810053,1,484.676701663,0.626751592357,0.764760512158
representative_minus_mean,Both,all,44.1976370793,1,4210.19796269,0.626933575978,0.765487285043
representative_minus_mean,Both,all,44.3013506443,1,8.93255168477,0.6271155596,0.765488826998
representative_minus_mean,Both,all,44.3272232544,1,2797.22976963,0.627297543221,0.765971690456
representative_minus_mean,Both,all,44.3366143514,1,695.038641523,0.627479526843,0.766091669432
representative_minus_mean,Both,all,44.3600628967,1,4220.05119335,0.627661510464,0.766820143201
representative_minus_mean,Both,all,44.4089939318,1,79.8457619983,0.627843494086,0.766833926338
representative_minus_mean,Both,all,44.461343377,1,49.5371136467,0.628025477707,0.766842477535
representative_minus_mean,Both,all,44.8479848702,1,867.769565552,0.628207461328,0.766992273671
representative_minus_mean,Both,all,44.8801808046,1,666.632169591,0.62838944495,0.767107349064
representative_minus_mean,Both,all,44.8889432322,1,2.53796293735,0.628571428571,0.767107787173
representative_minus_mean,Both,all,44.9475783333,1,1.05285145779,0.628753412193,0.767107968918
representative_minus_mean,Both,all,45.0004865983,1,47.994331031,0.628935395814,0.767116253796
representative_minus_mean,Both,all,45.0992391637,1,18.6989003344,0.629117379436,0.767119481638
representative_minus_mean,Both,all,45.1479191636,1,606.375899949,0.629299363057,0.767224155472
representative_minus_mean,Both,all,45.1621371959,1,126.248114106,0.629481346679,0.767245948677
representative_minus_mean,Both,all,45.2395951011,1,28.1280901511,0.6296633303,0.767250804205
representative_minus_mean,Both,all,45.5079540966,1,3254.00702563,0.629845313922,0.767812517477
representative_minus_mean,Both,all,45.5195917353,1,2.02057472801,0.630027297543,0.767812866272
representative_minus_mean,Both,all,45.5359465385,1,3482.49894362,0.630209281165,0.768414022281
representative_minus_mean,Both,all,45.5662586033,1,274.81586875,0.630391264786,0.768461461552
representative_minus_mean,Both,all,45.5899188208,1,2664.11246488,0.630573248408,0.768921346032
representative_minus_mean,Both,all,45.6032826628,1,12.4534340166,0.630755232029,0.768923495769
representative_minus_mean,Both,all,45.6616155589,1,65.7006025665,0.630937215651,0.76893483714
representative_minus_mean,Both,all,45.8163554436,1,3605.56917566,0.631119199272,0.769557237781
representative_minus_mean,Both,all,45.8450864757,1,342.720209527,0.631301182894,0.769616398836
representative_minus_mean,Both,all,45.8500129136,1,1318.70125383,0.631483166515,0.769844035713
representative_minus_mean,Both,all,45.9122591269,1,4009.03036068,0.631665150136,0.77053608264
representative_minus_mean,Both,all,46.0462516088,1,370.206376346,0.631847133758,0.770599988413
representative_minus_mean,Both,all,46.0775840901,1,1694.92667377,0.632029117379,0.770892570082
representative_minus_mean,Both,all,46.1689442076,1,3659.7992846,0.632211101001,0.771524332034
representative_minus_mean,Both,all,46.1907889071,1,1189.13004329,0.632393084622,0.771729602066
representative_minus_mean,Both,all,46.2459833162,1,15.5958138549,0.632575068244,0.771732294247
representative_minus_mean,Both,all,46.2475709877,1,4039.49220951,0.632757051865,0.77242959956
representative_minus_mean,Both,all,46.2599124017,1,4271.95402606,0.632939035487,0.773167032901
representative_minus_mean,Both,all,46.2659550058,1,1501.56728405,0.633121019108,0.773426236482
representative_minus_mean,Both,all,46.4718493907,1,2.64270545641,0.63330300273,0.773426692671
representative_minus_mean,Both,all,46.5439238916,1,3882.27472061,0.633484986351,0.774096858782
representative_minus_mean,Both,all,46.5901337103,1,1119.34146409,0.633666969973,0.774290081769
representative_minus_mean,Both,all,46.7060694549,1,3129.71657286,0.633848953594,0.774830339772
representative_minus_mean,Both,all,46.8083809126,1,1065.62987069,0.634030937216,0.775014290954
representative_minus_mean,Both,all,46.8581844612,1,2281.46135268,0.634212920837,0.775408121426
representative_minus_mean,Both,all,46.9329210451,1,6601.35992127,0.634394904459,0.776547661522
representative_minus_mean,Both,all,46.938127198,1,22.3597451814,0.63457688808,0.776551521307
representative_minus_mean,Both,all,46.9943615492,1,208.3362319,0.634758871702,0.776587484728
representative_minus_mean,Both,all,47.1099244814,1,483.972233773,0.634940855323,0.776671028994
representative_minus_mean,Both,all,47.1748640714,1,24.7729047103,0.635122838944,0.776675305343
representative_minus_mean,Both,all,47.2610055898,1,45.1720545512,0.635304822566,0.776683103034
representative_minus_mean,Both,all,47.3152066385,1,1847.55464621,0.635486806187,0.777002031653
representative_minus_mean,Both,all,47.3854286758,1,99.402982752,0.635668789809,0.777019190797
representative_minus_mean,Both,all,47.3918414014,1,734.947997814,0.63585077343,0.777146059006
representative_minus_mean,Both,all,47.4293654483,1,1044.10291929,0.636032757052,0.777326294163
representative_minus_mean,Both,all,47.4384305852,1,1331.39486975,0.636214740673,0.777556122237
representative_minus_mean,Both,all,47.5698231681,1,2076.41293892,0.636396724295,0.777914556837
representative_minus_mean,Both,all,47.5897203254,1,10.1793820449,0.636578707916,0.777916314022
representative_minus_mean,Both,all,47.6264727145,1,748.448095119,0.636760691538,0.778045512646
representative_minus_mean,Both,all,47.7651443875,1,5458.9135156,0.636942675159,0.778987841334
representative_minus_mean,Both,all,47.8670523427,1,5.61339784736,0.637124658781,0.77898881033
representative_minus_mean,Both,all,47.884698566,1,3140.08858257,0.637306642402,0.77953085877
representative_minus_mean,Both,all,47.8873505153,1,3175.07398115,0.637488626024,0.78007894646
representative_minus_mean,Both,all,47.9255638716,1,4046.44490101,0.637670609645,0.78077745196
representative_minus_mean,Both,all,48.0610493673,1,782.312357059,0.637852593267,0.780912496301
representative_minus_mean,Both,all,48.1941416591,1,3738.59099322,0.638034576888,0.781557859437
representative_minus_mean,Both,all,48.198160205,1,268.234258032,0.63821656051,0.781604162577
representative_minus_mean,Both,all,48.207807543,1,3245.86455419,0.638398544131,0.782164470279
representative_minus_mean,Both,all,48.2122562423,1,2304.08864554,0.638580527753,0.782562206719
representative_minus_mean,Both,all,48.2384251153,1,88.4272137671,0.638762511374,0.782577471204
representative_minus_mean,Both,all,48.2484229037,1,1644.43112722,0.638944494995,0.78286133623
representative_minus_mean,Both,all,48.2543724631,1,145.977683726,0.639126478617,0.782886535193
representative_minus_mean,Both,all,48.2653602063,1,48.9912111649,0.639308462238,0.782894992155
representative_minus_mean,Both,all,48.3843097143,1,61.2885536903,0.63949044586,0.782905571909
representative_minus_mean,Both,all,48.4121215494,1,997.79646954,0.639672429481,0.783077813553
representative_minus_mean,Both,all,48.4297705248,1,71.0863519095,0.639854413103,0.783090084623
representative_minus_mean,Both,all,48.5891498211,1,23.3971216625,0.640036396724,0.783094123481
representative_minus_mean,Both,all,48.6841961532,1,3558.22594092,0.640218380346,0.783708351637
representative_minus_mean,Both,all,48.7200839425,1,22.3860624518,0.640400363967,0.783712215964
representative_minus_mean,Both,all,48.8085816513,1,4514.79872017,0.640582347589,0.784491569648
representative_minus_mean,Both,all,48.9571175275,1,3729.44977811,0.64076433121,0.785135354809
representative_minus_mean,Both,all,48.9934883372,1,80,0.640946314832,0.785149164571
representative_minus_mean,Both,all,49.0383015832,1,13.9220547764,0.641128298453,0.785151567824
representative_minus_mean,Both,all,49.1011295547,1,491.488670291,0.641310282075,0.785236409592
representative_minus_mean,Both,all,49.1364034994,1,25.36775338,0.641492265696,0.785240788625
representative_minus_mean,Both,all,49.1741898214,1,208.191806978,0.641674249318,0.785276727115
representative_minus_mean,Both,all,49.2172461159,1,1171.15510444,0.641856232939,0.785478894277
representative_minus_mean,Both,all,49.2244207623,1,1713.46127126,0.642038216561,0.785774675426
representative_minus_mean,Both,all,49.2501532616,1,234.669562355,0.642220200182,0.785815184561
representative_minus_mean,Both,all,49.3398066955,1,2639.54522123,0.642402183803,0.786270828193
representative_minus_mean,Both,all,49.4805973696,1,221.420118386,0.642584167425,0.786309050182
representative_minus_mean,Both,all,49.4809929355,1,3812.16790738,0.642766151046,0.786967114314
representative_minus_mean,Both,all,49.5258998144,1,1914.35116882,0.642948134668,0.787297573483
representative_minus_mean,Both,all,49.5474082976,1,1887.19173425,0.643130118289,0.787623344336
representative_minus_mean,Both,all,49.5858517466,1,447.553099776,0.643312101911,0.787700601857
representative_minus_mean,Both,all,49.6932617349,1,2.7956275243,0.643494085532,0.787701084444
representative_minus_mean,Both,all,49.7611533408,1,3089.39192768,0.643676069154,0.788234381525
representative_minus_mean,Both,all,49.7717895695,1,1935.16501699,0.643858052775,0.788568433622
representative_minus_mean,Both,all,49.7781200286,1,547.259514703,0.644040036397,0.788662902666
representative_minus_mean,Both,all,49.7979780043,1,2219.97796481,0.644222020018,0.789046119751
representative_minus_mean,Both,all,49.8048105716,1,181.860201723,0.64440400364,0.789077512827
representative_minus_mean,Both,all,49.8328336315,1,18.767472784,0.644585987261,0.789080752506
representative_minus_mean,Both,all,49.8387588761,1,467.669909074,0.644767970883,0.789161482631
representative_minus_mean,Both,all,49.8567050125,1,918.759290984,0.644949954504,0.789320080717
representative_minus_mean,Both,all,49.8579736272,1,374.885230928,0.645131938126,0.789384794164
representative_minus_mean,Both,all,49.9208747925,1,63.8506508984,0.645313921747,0.789395816192
representative_minus_mean,Both,all,49.9392371449,1,1224.30756822,0.645495905369,0.78960715864
representative_minus_mean,Both,all,49.9874143834,1,2144.43303139,0.64567788899,0.789977335006
representative_minus_mean,Both,all,50.0268176051,1,2760.31216137,0.645859872611,0.790453825672
representative_minus_mean,Both,all,50.060302943,1,1239.70510447,0.646041856233,0.790667826074
representative_minus_mean,Both,all,50.077037907,1,24.2919177172,0.646223839854,0.790672019394
representative_minus_mean,Both,all,50.0798988409,1,106.827756522,0.646405823476,0.790690460217
representative_minus_mean,Both,all,50.2045966911,1,337.766849976,0.646587807097,0.790748766214
representative_minus_mean,Both,all,50.329957496,1,874.719385979,0.646769790719,0.790899762042
representative_minus_mean,Both,all,50.3418963371,1,434.917575712,0.64695177434,0.790974838394
representative_minus_mean,Both,all,50.3808009233,1,357.280061411,0.647133757962,0.7910365128
representative_minus_mean,Both,all,50.3830786883,1,2228.92546709,0.647315741583,0.791421274421
representative_minus_mean,Both,all,50.4049325173,1,116.053726316,0.647497725205,0.79144130785
representative_minus_mean,Both,all,50.407827842,1,2055.78837339,0.647679708826,0.791796182195
representative_minus_mean,Both,all,50.4213150191,1,6.6110601807,0.647861692448,0.79179732341
representative_minus_mean,Both,all,50.477089745,1,48.3529361543,0.648043676069,0.791805670192
representative_minus_mean,Both,all,50.5299778071,1,833.002533175,0.648225659691,0.791949464773
representative_minus_mean,Both,all,50.5335260542,1,3962.1051787,0.648407643312,0.79263341138
representative_minus_mean,Both,all,50.552499994,1,507.944137516,0.648589626934,0.792721093724
representative_minus_mean,Both,all,50.6372419681,1,384.046521382,0.648771610555,0.792787388611
representative_minus_mean,Both,all,50.639721043,1,2569.90819817,0.648953594177,0.79323101136
representative_minus_mean,Both,all,50.6819321031,1,1216.86416111,0.649135577798,0.793441068912
representative_minus_mean,Both,all,50.7697095875,1,2274.87213125,0.649317561419,0.793833761938
representative_minus_mean,Both,all,50.8669768481,1,2931.70261245,0.649499545041,0.794339838371
representative_minus_mean,Both,all,51.0566637822,1,729.76079913,0.649681528662,0.794465811155
representative_minus_mean,Both,all,51.1401089959,1,1778.84961985,0.649863512284,0.794772879773
representative_minus_mean,Both,all,51.1463909259,1,1874.94929289,0.650045495905,0.795096537311
representative_minus_mean,Both,all,51.1544208074,1,1647.7283493,0.650227479527,0.79538097151
representative_minus_mean,Both,all,51.1580043874,1,207.016310761,0.650409463148,0.795416707084
representative_minus_mean,Both,all,51.1595900177,1,268.780943358,0.65059144677,0.795463104594
representative_minus_mean,Both,all,51.2161024565,1,375.912397383,0.650773430391,0.795527995352
representative_minus_mean,Both,all,51.2477598885,1,4761.57522621,0.650955414013,0.796349948095
representative_minus_mean,Both,all,51.3357142591,1,106.280631663,0.651137397634,0.796368294473
representative_minus_mean,Both,all,51.3760814924,1,83.1254600785,0.651319381256,0.796382643758
representative_minus_mean,Both,all,51.4109970803,1,2899.58336491,0.651501364877,0.796883175701
representative_minus_mean,Both,all,51.5189852317,1,519.771218653,0.651683348499,0.796972899659
representative_minus_mean,Both,all,51.5287104539,1,2476.84701052,0.65186533212,0.797400457998
representative_minus_mean,Both,all,51.5791513604,1,2572.26074783,0.652047315742,0.797844486849
representative_minus_mean,Both,all,51.5963108991,1,9.04288238773,0.652229299363,0.79784604785
representative_minus_mean,Both,all,51.7112864949,1,297.140239811,0.652411282985,0.797897340799
representative_minus_mean,Both,all,51.7231181909,1,2108.10544792,0.652593266606,0.798261246223
representative_minus_mean,Both,all,51.7812338441,1,4952.28168178,0.652775250227,0.7991161191
representative_minus_mean,Both,all,51.7932718878,1,2524.54484872,0.652957233849,0.799551911136
representative_minus_mean,Both,all,51.8262469823,1,69.8034302374,0.65313921747,0.799563960745
representative_minus_mean,Both,all,51.8492167462,1,108.78858615,0.653321201092,0.799582740051
representative_minus_mean,Both,all,51.8730502653,1,377.559834531,0.653503184713,0.799647915193
representative_minus_mean,Both,all,52.0552769241,1,969.469833905,0.653685168335,0.799815267036
representative_minus_mean,Both,all,52.0831178681,1,1318.74776061,0.653867151956,0.80004291194
representative_minus_mean,Both,all,52.0981637106,1,130.520032429,0.654049135578,0.800065442572
representative_minus_mean,Both,all,52.111027141,1,999.009176384,0.654231119199,0.800237893556
representative_minus_mean,Both,all,52.1186265205,1,1.10627232364,0.654413102821,0.800238084523
representative_minus_mean,Both,all,52.1931599202,1,669.469127476,0.654595086442,0.800353649638
representative_minus_mean,Both,all,52.198701018,1,24.1324477017,0.654777070064,0.800357815429
representative_minus_mean,Both,all,52.402442641,1,2758.11925961,0.654959053685,0.800833927553
representative_minus_mean,Both,all,52.429112909,1,1963.39066342,0.655141037307,0.801172852019
representative_minus_mean,Both,all,52.4478564632,1,165.562516562,0.655323020928,0.801201431755
representative_minus_mean,Both,all,52.4796157048,1,387.624184443,0.65550500455,0.801268344225
representative_minus_mean,Both,all,52.480572278,1,813.479869455,0.655686988171,0.801408768765
representative_minus_mean,Both,all,52.5232141163,1,330.023482438,0.655868971793,0.801465738086
representative_minus_mean,Both,all,52.550197548,1,22.1447306814,0.656050955414,0.801469560754
representative_minus_mean,Both,all,52.5687379734,1,3428.16073217,0.656232939035,0.802061336791
representative_minus_mean,Both,all,52.5814324016,1,818.261462211,0.656414922657,0.802202586739
representative_minus_mean,Both,all,52.5836516605,1,127.762815172,0.656596906278,0.802224641414
representative_minus_mean,Both,all,52.696320124,1,376.775904103,0.6567788899,0.802289681233
representative_minus_mean,Both,all,52.7078806685,1,1983.5953295,0.656960873521,0.802632093469
representative_minus_mean,Both,all,52.7659471791,1,346.881929553,0.657142857143,0.802691972929
representative_minus_mean,Both,all,52.9472120165,1,8.1222646915,0.657324840764,0.802693375011
representative_minus_mean,Both,all,53.0145910512,1,43.2604689976,0.657506824386,0.80270084272
representative_minus_mean,Both,all,53.0489781503,1,294.589430811,0.657688808007,0.802751695344
representative_minus_mean,Both,all,53.1688535214,1,967.442114807,0.657870791629,0.802918697157
representative_minus_mean,Both,all,53.1711995716,1,1651.14841538,0.65805277525,0.803203721735
representative_minus_mean,Both,all,53.2160209705,1,24.0637086567,0.658234758872,0.803207875661
representative_minus_mean,Both,all,53.37754193,1,802.646944795,0.658416742493,0.8033464302
representative_minus_mean,Both,all,53.4060967592,1,2178.35195993,0.658598726115,0.803722461719
representative_minus_mean,Both,all,53.4136081477,1,2419.06538464,0.658780709736,0.804140045677
representative_minus_mean,Both,all,53.418103436,1,208.480736043,0.658962693358,0.804176034043
representative_minus_mean,Both,all,53.4225370446,1,1407.11692934,0.659144676979,0.804418933413
representative_minus_mean,Both,all,53.4509376943,1,83.3556088037,0.659326660601,0.804433322426
representative_minus_mean,Both,all,53.4792894883,1,1388.91595817,0.659508644222,0.804673079907
representative_minus_mean,Both,all,53.4909804206,1,137.238106892,0.659690627843,0.804696770227
representative_minus_mean,Both,all,53.5066679004,1,11.2554803543,0.659872611465,0.80469871317
representative_minus_mean,Both,all,53.599125904,1,248.926758979,0.660054595086,0.804741683411
representative_minus_mean,Both,all,53.6765450271,1,1680.56718563,0.660236578708,0.805031786316
representative_minus_mean,Both,all,53.693676965,1,83.8964184719,0.660418562329,0.805046268686
representative_minus_mean,Both,all,53.7500321059,1,704.082275974,0.660600545951,0.805167808792
representative_minus_mean,Both,all,53.7503998793,1,850.858566928,0.660782529572,0.805314685718
representative_minus_mean,Both,all,53.8129816888,1,696.853282389,0.660964513194,0.80543497794
representative_minus_mean,Both,all,53.9216034123,1,30.8737639936,0.661146496815,0.805440307432
representative_minus_mean,Both,all,54.0021853683,1,12.2161657909,0.661328480437,0.805442416211
representative_minus_mean,Both,all,54.0350174184,1,2189.18734676,0.661510464058,0.805820318157
representative_minus_mean,Both,all,54.1059775062,1,5525.78187748,0.66169244768,0.806774189797
representative_minus_mean,Both,all,54.1115123033,1,2576.9797575,0.661874431301,0.807219033253
representative_minus_mean,Both,all,54.1162786504,1,89.4326547461,0.662056414923,0.807234471299
representative_minus_mean,Both,all,54.1530701327,1,71.5826687928,0.662238398544,0.807246828044
representative_minus_mean,Both,all,54.1748034316,1,2131.63514137,0.662420382166,0.807614795212
representative_minus_mean,Both,all,54.2034173924,1,228.298196051,0.662602365787,0.807654204508
representative_minus_mean,Both,all,54.2225597763,1,609.987395125,0.662784349409,0.807759501765
representative_minus_mean,Both,all,54.2250314449,1,408.999037135,0.66296633303,0.807830104006
representative_minus_mean,Both,all,54.2978609397,1,727.248889698,0.663148316652,0.80795564318
representative_minus_mean,Both,all,54.3383990048,1,3321.10535634,0.663330300273,0.808528939101
representative_minus_mean,Both,all,54.3404275321,1,496.336171682,0.663512283894,0.808614617655
representative_minus_mean,Both,all,54.487038432,1,2269.76175912,0.663694267516,0.809006428519
representative_minus_mean,Both,all,54.4972798898,1,26.1877853114,0.663876251137,0.809010949107
representative_minus_mean,Both,all,54.552803392,1,3241.630839,0.664058234759,0.809570525977
representative_minus_mean,Both,all,54.6107611931,1,2037.43668264,0.66424021838,0.809922232416
representative_minus_mean,Both,all,54.6183456503,1,3137.49080061,0.664422202002,0.810463832422
representative_minus_mean,Both,all,54.6661663427,1,104.502484053,0.664604185623,0.810481871852
representative_minus_mean,Both,all,54.7412786983,1,361.8788932,0.664786169245,0.810544340118
representative_minus_mean,Both,all,54.9364683096,1,712.494838411,0.664968152866,0.810667332418
representative_minus_mean,Both,all,55.014611827,1,432.107298937,0.665150136488,0.810741923653
representative_minus_mean,Both,all,55.0376407491,1,223.569423777,0.665332120109,0.810780516659
representative_minus_mean,Both,all,55.1707036502,1,667.62252221,0.665514103731,0.810895763009
representative_minus_mean,Both,all,55.1761930254,1,57.3004309943,0.665696087352,0.810905654325
representative_minus_mean,Both,all,55.1804257992,1,1814.67472958,0.665878070974,0.811218907146
representative_minus_mean,Both,all,55.2409413908,1,402.504279139,0.666060054595,0.811288388248
representative_minus_mean,Both,all,55.260124543,1,86.055975148,0.666242038217,0.811303243405
representative_minus_mean,Both,all,55.2747234385,1,23.8771793029,0.666424021838,0.811307365132
representative_minus_mean,Both,all,55.3485430493,1,78.9347302454,0.66660600546,0.811320991004
representative_minus_mean,Both,all,55.3569581922,1,23.2065017436,0.666787989081,0.811324996958
representative_minus_mean,Both,all,55.3897156909,1,12.9084881133,0.666969972702,0.811327225247
representative_minus_mean,Both,all,55.4397602835,1,161.885424421,0.667151956324,0.811355170236
representative_minus_mean,Both,all,55.4530098371,1,10.2181371914,0.667333939945,0.811356934112
representative_minus_mean,Both,all,55.5329769712,1,831.442873661,0.667515923567,0.811500459462
representative_minus_mean,Both,all,55.5474323919,1,2372.9967906,0.667697907188,0.811910090965
representative_minus_mean,Both,all,55.6161235385,1,311.001019114,0.66787989081,0.81196377659
representative_minus_mean,Both,all,55.6277416213,1,3248.04346285,0.668061874431,0.81252446042
representative_minus_mean,Both,all,55.6846356711,1,2989.81958896,0.668243858053,0.813040569122
representative_minus_mean,Both,all,55.7412611384,1,425.172223861,0.668425841674,0.813113963211
representative_minus_mean,Both,all,55.7585597721,1,163.367809226,0.668607825296,0.813142164093
representative_minus_mean,Both,all,55.7640330554,1,741.370663768,0.668789808917,0.813270140996
representative_minus_mean,Both,all,55.7945741708,1,774.454774924,0.668971792539,0.813403828945
representative_minus_mean,Both,all,55.9307360552,1,2276.8616432,0.66915377616,0.813796865405
representative_minus_mean,Both,all,55.9447520157,1,1891.94225034,0.669335759782,0.814123456301
representative_minus_mean,Both,all,56.0053180724,1,2291.91087094,0.669517743403,0.81451909059
representative_minus_mean,Both,all,56.0247998374,1,1857.34892919,0.669699727025,0.814839709917
representative_minus_mean,Both,all,56.0467062548,1,2607.18103301,0.669881710646,0.815289766778
representative_minus_mean,Both,all,56.120123736,1,1790.88448585,0.670063694268,0.815598912879
representative_minus_mean,Both,all,56.1448766919,1,1792.99029589,0.670245677889,0.815908422489
representative_minus_mean,Both,all,56.2374493637,1,334.174158681,0.67042766151,0.815966108308
representative_minus_mean,Both,all,56.2405929805,1,2171.52353276,0.670609645132,0.816340961091
representative_minus_mean,Both,all,56.2812741587,1,118.20742818,0.670791628753,0.816361366296
representative_minus_mean,Both,all,56.3233189255,1,813.937107385,0.670973612375,0.816501869765
representative_minus_mean,Both,all,56.4531530113,1,566.693000645,0.671155595996,0.816599693457
representative_minus_mean,Both,all,56.4872188347,1,61.9493231893,0.671337579618,0.816610387274
representative_minus_mean,Both,all,56.4935371989,1,97.8512128876,0.671519563239,0.816627278549
representative_minus_mean,Both,all,56.5021248733,1,836.177508318,0.671701546861,0.816771621201
representative_minus_mean,Both,all,56.6470221167,1,156.322823083,0.671883530482,0.816798605962
representative_minus_mean,Both,all,56.6851773659,1,267.244447504,0.672065514104,0.816844738239
representative_minus_mean,Both,all,56.6855502749,1,54.1549136566,0.672247497725,0.81685408657
representative_minus_mean,Both,all,56.7026914781,1,1140.69248651,0.672429481347,0.817050995213
representative_minus_mean,Both,all,56.7064323374,1,184.154863462,0.672611464968,0.817082784398
representative_minus_mean,Both,all,56.7872754594,1,4797.89880882,0.67279344859,0.817911007391
representative_minus_mean,Both,all,56.8644198745,1,60.1875597903,0.672975432211,0.817921397089
representative_minus_mean,Both,all,56.8648351869,1,475.505550918,0.673157415833,0.818003479819
representative_minus_mean,Both,all,56.9227659811,1,1691.73196681,0.673339399454,0.818295510012
representative_minus_mean,Both,all,57.0518539296,1,2343.55419603,0.673521383076,0.818700059075
representative_minus_mean,Both,all,57.0981900227,1,1898.42731986,0.673703366697,0.819027769437
representative_minus_mean,Both,all,57.1108774764,1,1225.30355722,0.673885350318,0.819239283815
representative_minus_mean,Both,all,57.269901459,1,54.1228272051,0.67406733394,0.819248626607
representative_minus_mean,Both,all,57.2738900824,1,3.54418315228,0.674249317561,0.819249238411
representative_minus_mean,Both,all,57.2794006773,1,2450.55896935,0.674431301183,0.819672258855
representative_minus_mean,Both,all,57.3014152294,1,1801.161576,0.674613284804,0.819983179008
representative_minus_mean,Both,all,57.3048876169,1,517.432980708,0.674795268426,0.820072499335
representative_minus_mean,Both,all,57.3420495626,1,1543.81347721,0.674977252047,0.820338995539
representative_minus_mean,Both,all,57.4310233043,1,1840.0206727,0.675159235669,0.820656623627
representative_minus_mean,Both,all,57.5689305345,1,163.025620777,0.67534121929,0.82068476544
representative_minus_mean,Both,all,57.7591702124,1,36.3517416395,0.675523202912,0.820691040551
representative_minus_mean,Both,all,57.7649917925,1,505.12546924,0.675705186533,0.820778236331
representative_minus_mean,Both,all,57.819822681,1,2071.20227703,0.675887170155,0.821135771455
representative_minus_mean,Both,all,57.851078418,1,1067.47762974,0.676069153776,0.821320041602
representative_minus_mean,Both,all,57.8594906628,1,16.9153215048,0.676251137398,0.821322961559
representative_minus_mean,Both,all,57.9088906352,1,2516.32656337,0.676433121019,0.821757334938
representative_minus_mean,Both,all,57.9137241001,1,508.755369213,0.676615104641,0.821845157319
representative_minus_mean,Both,all,57.9818556396,1,2162.70006537,0.676797088262,0.822218486977
representative_minus_mean,Both,all,58.0089278396,1,2654.60398769,0.676979071884,0.822676730084
representative_minus_mean,Both,all,58.0939893187,1,2634.628752,0.677161055505,0.823131525026
representative_minus_mean,Both,all,58.1807375636,1,68.5239706294,0.677343039126,0.823143353772
representative_minus_mean,Both,all,58.1810163229,1,1251.31312192,0.677525022748,0.823359357973
representative_minus_mean,Both,all,58.242728408,1,196.382031558,0.677707006369,0.823393257837
representative_minus_mean,Both,all,58.3856106783,1,100.506676832,0.677888989991,0.823410607503
representative_minus_mean,Both,all,58.402458552,1,3000.44313285,0.678070973612,0.823928550063
representative_minus_mean,Both,all,58.6536205883,1,24.2624274279,0.678252957234,0.823932738292
representative_minus_mean,Both,all,58.7048068117,1,2740.13638591,0.678434940855,0.824405746175
representative_minus_mean,Both,all,58.7177502686,1,12.3361970479,0.678616924477,0.824407875674
representative_minus_mean,Both,all,58.7470808295,1,3506.96975616,0.678798908098,0.825013255884
representative_minus_mean,Both,all,58.8049206273,1,968.922147746,0.67898089172,0.825180513184
representative_minus_mean,Both,all,58.8878569818,1,419.599965765,0.679162875341,0.825252945379
representative_minus_mean,Both,all,58.9367863798,1,178.036675471,0.679344858963,0.82528367843
representative_minus_mean,Both,all,58.9450587407,1,1610.08035683,0.679526842584,0.825561613756
representative_minus_mean,Both,all,59.0250212254,1,111.921489678,0.679708826206,0.82558093387
representative_minus_mean,Both,all,59.0286127981,1,1408.94146622,0.679890809827,0.825824148195
representative_minus_mean,Both,all,59.0680078971,1,4164.68047172,0.680072793449,0.826543063758
representative_minus_mean,Both,all,59.268090793,1,2036.49061832,0.68025477707,0.826894606886
representative_minus_mean,Both,all,59.3505381548,1,244.623007836,0.680436760692,0.826936834204
representative_minus_mean,Both,all,59.4785001024,1,5.13102944656,0.680618744313,0.826937719933
representative_minus_mean,Both,all,59.4912174083,1,3843.65382639,0.680800727934,0.827601219228
representative_minus_mean,Both,all,59.4915793813,1,2490.0013562,0.680982711556,0.828031048296
representative_minus_mean,Both,all,59.4925655843,1,2760.02049991,0.681164695177,0.828507488615
representative_minus_mean,Both,all,59.5995191481,1,0.473841595343,0.681346678799,0.828507570411
representative_minus_mean,Both,all,59.6434763174,1,70.3049484691,0.68152866242,0.828519706593
representative_minus_mean,Both,all,59.7182629532,1,1893.15903582,0.681710646042,0.828846507533
representative_minus_mean,Both,all,59.7367053345,1,1067.48745813,0.681892629663,0.829030779377
representative_minus_mean,Both,all,59.7805301356,1,635.136129496,0.682074613285,0.82914041786
representative_minus_mean,Both,all,59.8449100899,1,145.634782977,0.682256596906,0.82916555763
representative_minus_mean,Both,all,59.8599510741,1,1512.68707516,0.682438580528,0.829426680732
representative_minus_mean,Both,all,59.8650660229,1,12.0001759829,0.682620564149,0.829428752226
representative_minus_mean,Both,all,59.8709608781,1,1706.83751832,0.682802547771,0.82972338997
representative_minus_mean,Both,all,59.9326211953,1,25.1120209124,0.682984531392,0.829727724857
representative_minus_mean,Both,all,59.9710711878,1,92.9909523956,0.683166515014,0.829743777144
representative_minus_mean,Both,all,60.016875138,1,2857.83534504,0.683348498635,0.830237102459
representative_minus_mean,Both,all,60.0646228723,1,144.178533134,0.683530482257,0.830261990849
representative_minus_mean,Both,all,60.1466567142,1,400.363628806,0.683712465878,0.830331102428
representative_minus_mean,Both,all,60.1828411751,1,495.38739028,0.6838944495,0.830416617201
representative_minus_mean,Both,all,60.1895213116,1,382.457521136,0.684076433121,0.830482637791
representative_minus_mean,Both,all,60.2026885837,1,209.711782298,0.684258416742,0.830518838663
representative_minus_mean,Both,all,60.2042616258,1,230.942167968,0.684440400364,0.830558704367
representative_minus_mean,Both,all,60.2458244172,1,773.893527737,0.684622383985,0.830692295433
representative_minus_mean,Both,all,60.2595187684,1,15.2265126071,0.684804367607,0.830694923864
representative_minus_mean,Both,all,60.3052418051,1,92.6623590152,0.684986351228,0.830710919428
representative_minus_mean,Both,all,60.3367510852,1,2072.95017289,0.68516833485,0.831068756278
representative_minus_mean,Both,all,60.410356171,1,14.2355995315,0.685350318471,0.831071213656
representative_minus_mean,Both,all,60.4129246267,1,409.156154982,0.685532302093,0.831141843019
representative_minus_mean,Both,all,60.4545344358,1,3100.59454899,0.685714285714,0.831677073919
representative_minus_mean,Both,all,60.49302799,1,640.867012542,0.685896269336,0.831787701678
representative_minus_mean,Both,all,60.4937018373,1,3295.5878872,0.686078252957,0.832356592722
representative_minus_mean,Both,all,60.5287679348,1,121.840780293,0.686260236579,0.832377625124
representative_minus_mean,Both,all,60.568231582,1,914.325988366,0.6864422202,0.832535457925
representative_minus_mean,Both,all,60.5946447176,1,1513.63042651,0.686624203822,0.832796743869
representative_minus_mean,Both,all,60.6091742541,1,11.2679398541,0.686806187443,0.832798688964
representative_minus_mean,Both,all,60.7043692108,1,2571.25438285,0.686988171065,0.833242544094
representative_minus_mean,Both,all,60.8029598165,1,21.0130275772,0.687170154686,0.833246171405
representative_minus_mean,Both,all,60.8145127931,1,1029.7032945,0.687352138308,0.83342392087
representative_minus_mean,Both,all,60.8654851243,1,31.6190883274,0.687534121929,0.833429379021
representative_minus_mean,Both,all,60.8970548156,1,584.835931049,0.687716105551,0.833530334582
representative_minus_mean,Both,all,60.9092671171,1,1909.10926148,0.687898089172,0.833859888883
representative_minus_mean,Both,all,60.9416615915,1,584.959382092,0.688080072793,0.833960865754
representative_minus_mean,Both,all,60.9549530204,1,981.656629237,0.688262056415,0.834130321306
representative_minus_mean,Both,all,61.0121472304,1,89.9503409177,0.688444040036,0.834145848716
representative_minus_mean,Both,all,61.0226071777,1,70.4697036731,0.688626023658,0.834158013338
representative_minus_mean,Both,all,61.236284664,1,5.4067349689,0.688808007279,0.83415894666
representative_minus_mean,Both,all,61.2596004648,1,430.067703494,0.688989990901,0.834233185816
representative_minus_mean,Both,all,61.4110764575,1,84.1294333991,0.689171974522,0.834247708409
representative_minus_mean,Both,all,61.4483814771,1,1043.81612352,0.689353958144,0.834427894059
representative_minus_mean,Both,all,61.4898462282,1,120.026843751,0.689535941765,0.834448613335
representative_minus_mean,Both,all,61.5208585856,1,73.702309669,0.689717925387,0.834461335977
representative_minus_mean,Both,all,61.5258127013,1,657.63065865,0.689899909008,0.834574857511
representative_minus_mean,Both,all,61.532394798,1,3347.60417899,0.69008189263,0.835152727713
representative_minus_mean,Both,all,61.5832769908,1,102.316224113,0.690263876251,0.835170389746
representative_minus_mean,Both,all,61.5917844135,1,62.6885793943,0.690445859873,0.835181211176
representative_minus_mean,Both,all,61.6338658336,1,33.648165934,0.690627843494,0.83518701959
representative_minus_mean,Both,all,61.8074732267,1,2.96964859573,0.690809827116,0.835187532217
representative_minus_mean,Both,all,61.8101772565,1,81.1131047693,0.690991810737,0.835201534125
representative_minus_mean,Both,all,61.862164545,1,206.436933486,0.691173794359,0.835237169686
representative_minus_mean,Both,all,61.8908404611,1,2548.50858306,0.69135577798,0.83567709839
representative_minus_mean,Both,all,61.8942162875,1,27.7232713501,0.691537761601,0.835681884037
representative_minus_mean,Both,all,61.9172244822,1,1361.26297424,0.691719745223,0.835916868004
representative_minus_mean,Both,all,61.9209024275,1,3493.68129256,0.691901728844,0.836519954332
representative_minus_mean,Both,all,62.0032507305,1,3441.163549,0.692083712466,0.837113974942
representative_minus_mean,Both,all,62.0786753705,1,2423.35896227,0.692265696087,0.837532300065
representative_minus_mean,Both,all,62.1000372033,1,916.216372593,0.692447679709,0.837690459188
representative_minus_mean,Both,all,62.1882886127,1,32.8493389523,0.69262966333,0.837696129707
representative_minus_mean,Both,all,62.236656231,1,1064.87278794,0.692811646952,0.837879950201
representative_minus_mean,Both,all,62.2845039361,1,232.176428711,0.692993630573,0.837920028966
representative_minus_mean,Both,all,62.386940712,1,69.2376902529,0.693175614195,0.837931980916
representative_minus_mean,Both,all,62.4077747062,1,20.3378657021,0.693357597816,0.837935491679
representative_minus_mean,Both,all,62.5514668144,1,652.862679503,0.693539581438,0.838048190155
representative_minus_mean,Both,all,62.5987775024,1,254.042371194,0.693721565059,0.838092043463
representative_minus_mean,Both,all,62.6030225379,1,2114.85828711,0.693903548681,0.838457114576
representative_minus_mean,Both,all,62.6276629536,1,2282.38451024,0.694085532302,0.838851104405
representative_minus_mean,Both,all,62.6599292337,1,1346.50619294,0.694267515924,0.839083541026
representative_minus_mean,Both,all,62.7945311002,1,1349.1076035,0.694449499545,0.839316426709
representative_minus_mean,Both,all,62.8379740767,1,455.502547675,0.694631483167,0.839395056479
representative_minus_mean,Both,all,62.9175681777,1,183.058918878,0.694813466788,0.83942665648
representative_minus_mean,Both,all,62.9704165545,1,1742.13939382,0.694995450409,0.839727388105
representative_minus_mean,Both,all,62.9789218211,1,140.348928286,0.695177434031,0.83975161542
representative_minus_mean,Both,all,63.0186300762,1,1220.7373647,0.695359417652,0.839962341572
representative_minus_mean,Both,all,63.1414232001,1,519.301600577,0.695541401274,0.840051984465
representative_minus_mean,Both,all,63.3359844515,1,64.2406516514,0.695723384895,0.840063073816
representative_minus_mean,Both,all,63.3535350099,1,705.90999453,0.695905368517,0.840184929426
representative_minus_mean,Both,all,63.3627463269,1,3253.42127068,0.696087352138,0.840746541584
representative_minus_mean,Both,all,63.6346712317,1,83.619567897,0.69626933576,0.840760976163
representative_minus_mean,Both,all,63.703137424,1,1.16551394681,0.696451319381,0.840761177356
representative_minus_mean,Both,all,63.708377421,1,146.298128481,0.696633303003,0.840786431635
representative_minus_mean,Both,all,63.7320275309,1,54.6142909202,0.696815286624,0.840795859264
representative_minus_mean,Both,all,63.771307905,1,278.46084257,0.696997270246,0.840843927738
representative_minus_mean,Both,all,63.7989639803,1,1660.69958547,0.697179253867,0.841130601058
representative_minus_mean,Both,all,63.8079527832,1,2075.19566462,0.697361237489,0.841488825529
representative_minus_mean,Both,all,63.9662877978,1,657.550828795,0.69754322111,0.841602333283
representative_minus_mean,Both,all,63.9842453451,1,84.9371222133,0.697725204732,0.841616995301
representative_minus_mean,Both,all,64.0709735024,1,886.585815298,0.697907188353,0.841770039537
representative_minus_mean,Both,all,64.1098918624,1,4.42960516994,0.698089171975,0.841770804184
representative_minus_mean,Both,all,64.1523787463,1,2471.6306657,0.698271155596,0.842197462067
representative_minus_mean,Both,all,64.2050576525,1,110.257983159,0.698453139217,0.842216495023
representative_minus_mean,Both,all,64.2577465263,1,60.4626286853,0.698635122839,0.842226932204
representative_minus_mean,Both,all,64.377524104,1,2.66804063615,0.69881710646,0.842227392767
representative_minus_mean,Both,all,64.3843453814,1,209.390621493,0.698999090082,0.842263538199
representative_minus_mean,Both,all,64.4680920561,1,2710.40060962,0.699181073703,0.842731413032
representative_minus_mean,Both,all,64.5753222057,1,122.576160854,0.699363057325,0.842752572377
representative_minus_mean,Both,all,64.5782041355,1,237.439283122,0.699545040946,0.842793559626
representative_minus_mean,Both,all,64.7628924247,1,36.135506099,0.699727024568,0.84279979741
representative_minus_mean,Both,all,64.7894078269,1,0.423797919515,0.699909008189,0.842799870567
representative_minus_mean,Both,all,64.8665846772,1,1565.64458363,0.700090991811,0.843070135301
representative_minus_mean,Both,all,64.9350426013,1,357.827557711,0.700272975432,0.843131904217
representative_minus_mean,Both,all,64.9651343813,1,36.42264099,0.700454959054,0.843138191567
representative_minus_mean,Both,all,64.9867012075,1,63.2348343263,0.700636942675,0.843149107292
representative_minus_mean,Both,all,65.059426065,1,2794.8022688,0.700818926297,0.84363155171
representative_minus_mean,Both,all,65.0765384004,1,626.383718553,0.701000909918,0.843739679334
representative_minus_mean,Both,all,65.1201490864,1,1423.97501509,0.70118289354,0.84398548878
representative_minus_mean,Both,all,65.1489682817,1,2742.83810403,0.701364877161,0.844458963039
representative_minus_mean,Both,all,65.1583940731,1,184.097149499,0.701546860783,0.844490742262
representative_minus_mean,Both,all,65.2132078893,1,183.126456291,0.701728844404,0.844522353921
representative_minus_mean,Both,all,65.2353384837,1,1224.80212562,0.701910828025,0.84473378174
representative_minus_mean,Both,all,65.2688009902,1,676.904209881,0.702092811647,0.844850630313
representative_minus_mean,Both,all,65.2867253548,1,396.235489423,0.702274795268,0.844919029285
representative_minus_mean,Both,all,65.3048285504,1,1977.82828027,0.70245677889,0.845260446001
representative_minus_mean,Both,all,65.4361167586,1,17.0014662035,0.702638762511,0.845263380829
representative_minus_mean,Both,all,65.4672199133,1,1601.50928439,0.702820746133,0.845539836599
representative_minus_mean,Both,all,65.5772210778,1,639.689964634,0.703002729754,0.845650261174
representative_minus_mean,Both,all,65.5918723301,1,2513.34727152,0.703184713376,0.846084120262
representative_minus_mean,Both,all,65.6160336136,1,2026.1228338,0.703366696997,0.846433873682
representative_minus_mean,Both,all,65.6924879291,1,89.9797837007,0.703548680619,0.846449406174
representative_minus_mean,Both,all,65.7345757796,1,890.172250173,0.70373066424,0.846603069508
representative_minus_mean,Both,all,65.8643812853,1,17.6734326984,0.703912647862,0.846606120332
representative_minus_mean,Both,all,65.9767446631,1,1703.55738512,0.704094631483,0.846900191852
representative_minus_mean,Both,all,66.0630500085,1,2364.85065504,0.704276615105,0.847308417153
representative_minus_mean,Both,all,66.0805313049,1,1.50585987067,0.704458598726,0.847308677098
representative_minus_mean,Both,all,66.0852116686,1,112.225128037,0.704640582348,0.847328049626
representative_minus_mean,Both,all,66.1786926025,1,22.1851792902,0.704822565969,0.847331879277
representative_minus_mean,Both,all,66.2156565093,1,387.003539032,0.705004549591,0.84739868461
representative_minus_mean,Both,all,66.2184803838,1,31.306483324,0.705186533212,0.847404088799
representative_minus_mean,Both,all,66.2283462214,1,65.5519312569,0.705368516833,0.847415404506
representative_minus_mean,Both,all,66.2396016295,1,28.6314881192,0.705550500455,0.847420346931
representative_minus_mean,Both,all,66.2620165119,1,84.3010989406,0.705732484076,0.847434899157
representative_minus_mean,Both,all,66.2765987028,1,1567.20387135,0.705914467698,0.847705433058
representative_minus_mean,Both,all,66.2889435816,1,89.806296206,0.706096451319,0.847720935602
representative_minus_mean,Both,all,66.3409001912,1,101.967063616,0.706278434941,0.847738537363
representative_minus_mean,Both,all,66.3783528532,1,123.597935529,0.706460418562,0.847759873089
representative_minus_mean,Both,all,66.4214171739,1,1.09042755045,0.706642402184,0.84776006132
representative_minus_mean,Both,all,66.4279987938,1,153.521725429,0.706824385805,0.847786562551
representative_minus_mean,Both,all,66.4765651883,1,2.42136777308,0.707006369427,0.847786980532
representative_minus_mean,Both,all,66.6343899606,1,3119.85172868,0.707188353048,0.848325535646
representative_minus_mean,Both,all,66.6619602588,1,1585.59680901,0.70737033667,0.848599244573
representative_minus_mean,Both,all,66.7678070872,1,41.2678642925,0.707552320291,0.848606368315
representative_minus_mean,Both,all,66.8468416274,1,94.4086663696,0.707734303913,0.84862266533
representative_minus_mean,Both,all,66.8511886398,1,16.0990615594,0.707916287534,0.848625444382
representative_minus_mean,Both,all,66.8676323649,1,379.343240581,0.708098271156,0.848690927379
representative_minus_mean,Both,all,66.868007141,1,132.460128708,0.708280254777,0.848713792915
representative_minus_mean,Both,all,66.8998616371,1,1630.42021732,0.708462238399,0.848995239349
representative_minus_mean,Both,all,66.9388079037,1,790.341463884,0.70864422202,0.849131669691
representative_minus_mean,Both,all,66.9791264119,1,69.9475182133,0.708826205641,0.849143744173
representative_minus_mean,Both,all,66.9899974879,1,12.5170666948,0.709008189263,0.849145904894
representative_minus_mean,Both,all,67.0126467103,1,866.267101269,0.709190172884,0.849295441672
representative_minus_mean,Both,all,67.0307648147,1,2806.52564893,0.709372156506,0.849779909804
representative_minus_mean,Both,all,67.0434702785,1,134.391785305,0.709554140127,0.849803108786
representative_minus_mean,Both,all,67.0601169184,1,1600.69965183,0.709736123749,0.850079424796
representative_minus_mean,Both,all,67.1352001411,1,2844.98681762,0.70991810737,0.850570532173
representative_minus_mean,Both,all,67.1720242119,1,9.74108963368,0.710100090992,0.850572213699
representative_minus_mean,Both,all,67.2243000514,1,2386.07158227,0.710282074613,0.8509841022
representative_minus_mean,Both,all,67.3436808263,1,3261.64103673,0.710464058235,0.85154713327
representative_minus_mean,Both,all,67.4061499063,1,119.181549215,0.710646041856,0.85156770663
representative_minus_mean,Both,all,67.4178703585,1,0.42383337865,0.710828025478,0.851567779793
representative_minus_mean,Both,all,67.5404579627,1,2785.0423914,0.711010009099,0.852048539442
representative_minus_mean,Both,all,67.6144366476,1,749.879548066,0.711191992721,0.852177985166
representative_minus_mean,Both,all,67.633837323,1,65.7888558828,0.711373976342,0.852189341771
representative_minus_mean,Both,all,67.6413378402,1,4799.52200909,0.711555959964,0.853017844964
representative_minus_mean,Both,all,67.6876736811,1,1748.30541335,0.711737943585,0.853319640979
representative_minus_mean,Both,all,67.7519403157,1,1430.15140319,0.711919927207,0.853566516606
representative_minus_mean,Both,all,67.7754926732,1,235.037699905,0.712101910828,0.853607089289
representative_minus_mean,Both,all,67.8091957164,1,907.19014347,0.712283894449,0.853763690286
representative_minus_mean,Both,all,67.8256021812,1,475.375702783,0.712465878071,0.853845750601
representative_minus_mean,Both,all,67.8302613832,1,1966.62950759,0.712647861692,0.854185234163
representative_minus_mean,Both,all,67.850345551,1,1930.27905152,0.712829845314,0.854518442835
representative_minus_mean,Both,all,67.9162813946,1,2686.94096404,0.713011828935,0.854982268017
representative_minus_mean,Both,all,67.9668275355,1,447.656613673,0.713193812557,0.855059543407
representative_minus_mean,Both,all,68.0579319098,1,27.2948552443,0.713375796178,0.8550642551
representative_minus_mean,Both,all,68.0608069958,1,53.2189303126,0.7135577798,0.855073441859
representative_minus_mean,Both,all,68.1331542694,1,3968.3393071,0.713739763421,0.855758464614
representative_minus_mean,Both,all,68.1416554389,1,3866.08364791,0.713921747043,0.85642583579
representative_minus_mean,Both,all,68.17675005,1,413.734564055,0.714103730664,0.856497255487
representative_minus_mean,Both,all,68.3029768754,1,1590.15438788,0.714285714286,0.856771751152
representative_minus_mean,Both,all,68.3373658077,1,1492.54630574,0.714467697907,0.857029397513
representative_minus_mean,Both,all,68.353088702,1,3.5040285052,0.714649681529,0.857030002386
representative_minus_mean,Both,all,68.3973875034,1,69.9182527166,0.71483166515,0.857042071816
representative_minus_mean,Both,all,68.4314289481,1,848.839834529,0.715013648772,0.857188600264
representative_minus_mean,Both,all,68.4753001384,1,20.458262882,0.715195632393,0.857192131811
representative_minus_mean,Both,all,68.5216936222,1,518.412843556,0.715377616015,0.857281621284
representative_minus_mean,Both,all,68.6924937828,1,416.679540256,0.715559599636,0.857353549349
representative_minus_mean,Both,all,68.698407157,1,3442.63602612,0.715741583258,0.85794782414
representative_minus_mean,Both,all,68.7376502585,1,2721.13655634,0.715923566879,0.858417552234
representative_minus_mean,Both,all,68.8649821878,1,1480.48077269,0.7161055505,0.858673115819
representative_minus_mean,Both,all,68.9064778195,1,1438.34505183,0.716287534122,0.85892140585
representative_minus_mean,Both,all,68.9560660722,1,82.4681099698,0.716469517743,0.858935641661
representative_minus_mean,Both,all,69.0774226735,1,28.57842292,0.716651501365,0.858940574927
representative_minus_mean,Both,all,69.1713487725,1,3801.99415642,0.716833484986,0.859596882845
representative_minus_mean,Both,all,69.2219997467,1,68.1343816446,0.717015468608,0.85960864434
representative_minus_mean,Both,all,69.3594425387,1,1698.36701333,0.717197452229,0.859901819887
representative_minus_mean,Both,all,69.3844664289,1,45.4539964392,0.717379435851,0.859909666248
representative_minus_mean,Both,all,69.550155999,1,8.58438475596,0.717561419472,0.859911148102
representative_minus_mean,Both,all,69.6709222413,1,4651.28612269,0.717743403094,0.860714062517
representative_minus_mean,Both,all,69.6876664433,1,3120.99424359,0.717925386715,0.861252814853
representative_minus_mean,Both,all,69.7187186603,1,1010.62072785,0.718107370337,0.861427270246
representative_minus_mean,Both,all,69.7311842686,1,9.91989901484,0.718289353958,0.861428982639
representative_minus_mean,Both,all,69.7704126934,1,50.6533478814,0.71847133758,0.861437726523
representative_minus_mean,Both,all,69.7805698205,1,2485.06142043,0.718653321201,0.86186670285
representative_minus_mean,Both,all,69.8300810754,1,1027.80274084,0.718835304823,0.862044124237
representative_minus_mean,Both,all,69.856392891,1,855.370854797,0.719017288444,0.862191780083
representative_minus_mean,Both,all,69.9217296706,1,5.31875558393,0.719199272066,0.862192698217
representative_minus_mean,Both,all,69.9681557392,1,342.894900034,0.719381255687,0.862251889428
representative_minus_mean,Both,all,70.0145531393,1,2430.55047771,0.719563239308,0.862671455966
representative_minus_mean,Both,all,70.0682191069,1,8.65016310023,0.71974522293,0.862672949175
representative_minus_mean,Both,all,70.0912295386,1,304.613369326,0.719927206551,0.86272553215
representative_minus_mean,Both,all,70.1951550203,1,24.5789991382,0.720109190173,0.862729775027
representative_minus_mean,Both,all,70.3266266164,1,2139.91159931,0.720291173794,0.863099170894
representative_minus_mean,Both,all,70.3686888389,1,671.837744525,0.720473157416,0.863215144884
representative_minus_mean,Both,all,70.4024148617,1,742.900174807,0.720655141037,0.863343385814
representative_minus_mean,Both,all,70.4037987415,1,883.020209477,0.720837124659,0.863495814548
representative_minus_mean,Both,all,70.466682488,1,61.1856505717,0.72101910828,0.863506376538
representative_minus_mean,Both,all,70.4974488203,1,4789.94990318,0.721201091902,0.864333227375
representative_minus_mean,Both,all,70.5103009899,1,21.4940040626,0.721383075523,0.864336937714
representative_minus_mean,Both,all,70.5177949663,1,1148.93883093,0.721565059145,0.864535269858
representative_minus_mean,Both,all,70.7090629289,1,3123.83956219,0.721747042766,0.865074513359
representative_minus_mean,Both,all,70.7479484343,1,269.767347535,0.721929026388,0.865121081144
representative_minus_mean,Both,all,70.8767516043,1,219.194558513,0.722111010009,0.865158918952
representative_minus_mean,Both,all,71.0227110741,1,1225.4763804,0.722292993631,0.865370463162
representative_minus_mean,Both,all,71.1118079432,1,674.631039364,0.722474977252,0.865486919336
representative_minus_mean,Both,all,71.161238843,1,3401.392894,0.722656960874,0.866074074655
representative_minus_mean,Both,all,71.2021451033,1,176.922890682,0.722838944495,0.866104615442
representative_minus_mean,Both,all,71.3321071198,1,1.51896692022,0.723020928116,0.866104877649
representative_minus_mean,Both,all,71.3455967258,1,565.521893686,0.723202911738,0.866202499182
representative_minus_mean,Both,all,71.3925096002,1,4277.33067876,0.723384895359,0.866940860651
representative_minus_mean,Both,all,71.4772118121,1,106.17342206,0.723566878981,0.866959188522
representative_minus_mean,Both,all,71.5554538964,1,22.9461931967,0.723748862602,0.86696314954
representative_minus_mean,Both,all,71.5856106348,1,18.2666470615,0.723930846224,0.866966302766
representative_minus_mean,Both,all,71.6525064829,1,514.409324186,0.724112829845,0.867055101144
representative_minus_mean,Both,all,72.0579299946,1,28.6092811272,0.724294813467,0.867060039736
representative_minus_mean,Both,all,72.0976329383,1,9.68052467341,0.724476797088,0.867061710807
representative_minus_mean,Both,all,72.1005583885,1,222.037963262,0.72465878071,0.867100039449
representative_minus_mean,Both,all,72.185262955,1,302.844588778,0.724840764331,0.867152317095
representative_minus_mean,Both,all,72.1868668345,1,490.998790109,0.725022747953,0.867237074299
representative_minus_mean,Both,all,72.2518835893,1,1246.36685669,0.725204731574,0.867452224665
representative_minus_mean,Both,all,72.2545458702,1,355.409021144,0.725386715196,0.867513576089
representative_minus_mean,Both,all,72.5531479798,1,921.095532805,0.725568698817,0.867672577462
representative_minus_mean,Both,all,72.5790687976,1,5376.1315564,0.725750682439,0.868600616161
representative_minus_mean,Both,all,72.6093383554,1,806.690553512,0.72593266606,0.868739868716
representative_minus_mean,Both,all,72.6257329123,1,180.4817429,0.726114649682,0.868771023839
representative_minus_mean,Both,all,72.6767300413,1,3.25934026654,0.726296633303,0.868771586473
representative_minus_mean,Both,all,72.6910088341,1,1.9672967546,0.726478616924,0.868771926072
representative_minus_mean,Both,all,72.7571401435,1,354.654594541,0.726660600546,0.868833147265
representative_minus_mean,Both,all,72.7782698177,1,500.783479696,0.726842584167,0.868919593522
representative_minus_mean,Both,all,72.8247341442,1,160.796421671,0.727024567789,0.868947350525
representative_minus_mean,Both,all,72.8730179829,1,168.005406397,0.72720655141,0.868976351958
representative_minus_mean,Both,all,72.9298819648,1,2619.64693358,0.727388535032,0.869428560708
representative_minus_mean,Both,all,72.9749208951,1,1563.70650577,0.727570518653,0.869698490887
representative_minus_mean,Both,all,73.0408633585,1,3487.99387489,0.727752502275,0.870300595442
representative_minus_mean,Both,all,73.0461991156,1,602.087014837,0.727934485896,0.870404528919
representative_minus_mean,Both,all,73.1115902554,1,1285.8511361,0.728116469518,0.870626495142
representative_minus_mean,Both,all,73.152521258,1,256.155898917,0.728298453139,0.870670713292
representative_minus_mean,Both,all,73.1667663333,1,2509.30663597,0.728480436761,0.871103874876
representative_minus_mean,Both,all,73.2493105126,1,1520.81839348,0.728662420382,0.871366401622
representative_minus_mean,Both,all,73.2731351332,1,159.129110384,0.728844404004,0.871393870811
representative_minus_mean,Both,all,73.2816174347,1,17.4690137522,0.729026387625,0.871396886348
representative_minus_mean,Both,all,73.3165833677,1,3770.37741676,0.729208371247,0.87204773652
representative_minus_mean,Both,all,73.3841035221,1,2357.75725534,0.729390354868,0.872454737345
representative_minus_mean,Both,all,73.4637255531,1,0.716369501967,0.72957233849,0.872454861006
representative_minus_mean,Both,all,73.4929386888,1,2506.61636493,0.729754322111,0.872887558191
representative_minus_mean,Both,all,73.5571234639,1,807.408427311,0.729936305732,0.873026934666
representative_minus_mean,Both,all,73.7949749876,1,3859.56504389,0.730118289354,0.873693180587
representative_minus_mean,Both,all,73.8568486286,1,1181.68834769,0.730300272975,0.873897166019
representative_minus_mean,Both,all,73.8698855901,1,2347.4882674,0.730482256597,0.87430239419
representative_minus_mean,Both,all,73.8918926257,1,5.11049924351,0.730664240218,0.874303276375
representative_minus_mean,Both,all,73.9056174773,1,1387.99667168,0.73084622384,0.874542875167
representative_minus_mean,Both,all,73.9402346233,1,26.2361838526,0.731028207461,0.87454740411
representative_minus_mean,Both,all,73.9419482785,1,527.578321322,0.731210191083,0.874638475746
representative_minus_mean,Both,all,73.9508828022,1,34.0094508812,0.731392174704,0.874644346526
representative_minus_mean,Both,all,74.0140374998,1,445.259620739,0.731574158326,0.874721208142
representative_minus_mean,Both,all,74.084463815,1,2022.21584927,0.731756141947,0.875070287131
representative_minus_mean,Both,all,74.137618793,1,1244.11806271,0.731938125569,0.875285049306
representative_minus_mean,Both,all,74.1475009884,1,2592.4467833,0.73212010919,0.875732562712
representative_minus_mean,Both,all,74.1922377632,1,40.6540257707,0.732302092812,0.875739580492
representative_minus_mean,Both,all,74.2333853378,1,148.724539761,0.732484076433,0.875765253622
representative_minus_mean,Both,all,74.585035332,1,395,0.732666060055,0.875833439321
representative_minus_mean,Both,all,74.5896135996,1,64.8832879696,0.732848043676,0.875844639605
representative_minus_mean,Both,all,74.6639731491,1,99.2036314407,0.733030027298,0.875861764337
representative_minus_mean,Both,all,74.7650610066,1,49.3841900243,0.733212010919,0.875870289136
representative_minus_mean,Both,all,74.7741275332,1,26.1407778508,0.73339399454,0.87587480161
representative_minus_mean,Both,all,74.7968729367,1,3614.0683057,0.733575978162,0.876498669388
representative_minus_mean,Both,all,74.8149236206,1,3962.85898244,0.733757961783,0.877182746117
representative_minus_mean,Both,all,74.8319158169,1,52.1629979333,0.733939945405,0.8771917506
representative_minus_mean,Both,all,74.8665758596,1,1701.12305105,0.734121929026,0.8774854019
representative_minus_mean,Both,all,74.8702022242,1,1322.46318905,0.734303912648,0.87771368817
representative_minus_mean,Both,all,74.9131059022,1,3249.26282996,0.734485896269,0.878274582489
representative_minus_mean,Both,all,74.9794188813,1,736.100610777,0.734667879891,0.878401649665
representative_minus_mean,Both,all,75.1794924304,1,18.3013024327,0.734849863512,0.878404808872
representative_minus_mean,Both,all,75.2591484525,1,2277.21361834,0.735031847134,0.878797906091
representative_minus_mean,Both,all,75.271573927,1,2362.00420785,0.735213830755,0.879205640033
representative_minus_mean,Both,all,75.2760062881,1,1613.53002222,0.735395814377,0.879484170848
representative_minus_mean,Both,all,75.2768452799,1,2959.15031433,0.735577797998,0.879994985358
representative_minus_mean,Both,all,75.2829218431,1,4032.5395881,0.73575978162,0.880691090495
representative_minus_mean,Both,all,75.3500594717,1,66.6390470135,0.735941765241,0.880702593862
representative_minus_mean,Both,all,75.3632436748,1,45.1816166077,0.736123748863,0.880710393204
representative_minus_mean,Both,all,75.4086659137,1,4.43189442795,0.736305732484,0.880711158247
representative_minus_mean,Both,all,75.6807748072,1,458.188826708,0.736487716106,0.880790251728
representative_minus_mean,Both,all,75.7074104128,1,94.7507593128,0.736669699727,0.880806607796
representative_minus_mean,Both,all,75.7191497406,1,96.595171465,0.736851683348,0.88082328225
representative_minus_mean,Both,all,75.751895656,1,2318.40300332,0.73703366697,0.881223489664
representative_minus_mean,Both,all,75.7679313072,1,17.5710755041,0.737215650591,0.881226522818
representative_minus_mean,Both,all,75.8165917777,1,2809.75012011,0.737397634213,0.881711547565
representative_minus_mean,Both,all,75.8562565051,1,1081.00770761,0.737579617834,0.881898153301
representative_minus_mean,Both,all,75.9189963676,1,1643.07240623,0.737761601456,0.882181783782
representative_minus_mean,Both,all,75.998592975,1,2278.33920716,0.737943585077,0.882575075302
representative_minus_mean,Both,all,76.0351857765,1,25.3348493648,0.738125568699,0.882579448655
representative_minus_mean,Both,all,76.0619987841,1,468.655770319,0.73830755232,0.882660348962
representative_minus_mean,Both,all,76.1223260149,1,1630.2294291,0.738489535942,0.882941762462
representative_minus_mean,Both,all,76.1491559479,1,2916.68891796,0.738671519563,0.8834452472
representative_minus_mean,Both,all,76.2440021609,1,90.090993216,0.738853503185,0.883460798889
representative_minus_mean,Both,all,76.32566461,1,1525.60505271,0.739035486806,0.883724151918
representative_minus_mean,Both,all,76.4089757561,1,11.4823435371,0.739217470428,0.883726134023
representative_minus_mean,Both,all,76.4188456122,1,113.062921411,0.739399454049,0.883745651174
representative_minus_mean,Both,all,76.5737741472,1,550.055900661,0.739581437671,0.883840602935
representative_minus_mean,Both,all,76.6078655083,1,2136.55232184,0.739763421292,0.884209418917
representative_minus_mean,Both,all,76.6471355883,1,671.265537811,0.739945404914,0.884325294131
representative_minus_mean,Both,all,76.6747045871,1,7.00461582346,0.740127388535,0.884326503282
representative_minus_mean,Both,all,76.6849621897,1,2165.03712814,0.740309372157,0.884700236369
representative_minus_mean,Both,all,76.7273343796,1,133.466933823,0.740491355778,0.884723275701
representative_minus_mean,Both,all,76.7726524099,1,1073.02053933,0.740673339399,0.884908502676
representative_minus_mean,Both,all,76.8736950946,1,565.122065916,0.740855323021,0.885006055189
representative_minus_mean,Both,all,77.0193552651,1,1480.81763062,0.741037306642,0.885261676923
representative_minus_mean,Both,all,77.037421039,1,191.355065578,0.741219290264,0.885294709021
representative_minus_mean,Both,all,77.3046256019,1,133.62454166,0.741401273885,0.885317775559
representative_minus_mean,Both,all,77.3100957852,1,2106.84257889,0.741583257507,0.885681462985
representative_minus_mean,Both,all,77.3232182958,1,0.467068004429,0.741765241128,0.885681543611
representative_minus_mean,Both,all,77.4141370924,1,53.4179407955,0.74194722475,0.885690764724
representative_minus_mean,Both,all,77.5821563461,1,193.814822893,0.742129208371,0.885724221431
representative_minus_mean,Both,all,77.633510515,1,71.3277562905,0.742311191993,0.885736534172
representative_minus_mean,Both,all,77.7153237723,1,167.274800953,0.742493175614,0.885765409487
representative_minus_mean,Both,all,77.7176064322,1,173.839703473,0.742675159236,0.885795418048
representative_minus_mean,Both,all,77.7951118813,1,826.511035581,0.742857142857,0.885938092054
representative_minus_mean,Both,all,77.8486599464,1,2687.02560955,0.743039126479,0.886401931847
representative_minus_mean,Both,all,77.89516709,1,598.981016305,0.7432211101,0.886505329161
representative_minus_mean,Both,all,78.0461638094,1,19.192199107,0.743403093722,0.886508642158
representative_minus_mean,Both,all,78.1092787616,1,3434.07748758,0.743585077343,0.887101439557
representative_minus_mean,Both,all,78.1785228266,1,9.50306832923,0.743767060965,0.887103079996
representative_minus_mean,Both,all,78.2251584242,1,181.444515217,0.743949044586,0.887134401315
representative_minus_mean,Both,all,78.2387769326,1,62.4052761041,0.744131028207,0.88714517384
representative_minus_mean,Both,all,78.247474905,1,1157.66536938,0.744313011829,0.887345012376
representative_minus_mean,Both,all,78.2752331722,1,538.580644498,0.74449499545,0.887437983256
representative_minus_mean,Both,all,78.3287230338,1,17.5653480733,0.744676979072,0.887441015422
representative_minus_mean,Both,all,78.36917094,1,45.198652157,0.744858962693,0.887448817705
representative_minus_mean,Both,all,78.419945563,1,5.49853300589,0.745040946315,0.887449766872
representative_minus_mean,Both,all,78.4310831791,1,2393.17089051,0.745222929936,0.88786288087
representative_minus_mean,Both,all,78.5322381338,1,128.052952577,0.745404913558,0.88788498563
representative_minus_mean,Both,all,78.5387072548,1,1896.61477856,0.745586897179,0.888212383108
representative_minus_mean,Both,all,78.5839803948,1,66.0685333229,0.745768880801,0.888223787991
representative_minus_mean,Both,all,78.6981807173,1,881.598074548,0.745950864422,0.888375971233
representative_minus_mean,Both,all,78.7488008815,1,1580.92642408,0.746132848044,0.888648873949
representative_minus_mean,Both,all,78.7532797371,1,7.46942233994,0.746314831665,0.888650163336
representative_minus_mean,Both,all,78.7756780957,1,36.2965918961,0.746496815287,0.888656428927
representative_minus_mean,Both,all,78.7906120353,1,125.734573491,0.746678798908,0.888678133483
representative_minus_mean,Both,all,78.9546076954,1,126.517091555,0.74686078253,0.888699973119
representative_minus_mean,Both,all,78.9620968394,1,1.27515044079,0.747042766151,0.888700193238
representative_minus_mean,Both,all,78.9851467005,1,793.741121307,0.747224749773,0.888837210436
representative_minus_mean,Both,all,79.0124614468,1,244.420254364,0.747406733394,0.888879402754
representative_minus_mean,Both,all,79.034127367,1,1443.49923197,0.747588717015,0.88912858251
representative_minus_mean,Both,all,79.0940530949,1,47.7439239514,0.747770700637,0.889136824163
representative_minus_mean,Both,all,79.1726348932,1,979.495383238,0.747952684258,0.889305906636
representative_minus_mean,Both,all,79.2243644289,1,94.8533351926,0.74813466788,0.889322280411
representative_minus_mean,Both,all,79.228949563,1,7.86947132919,0.748316651501,0.889323638855
representative_minus_mean,Both,all,79.2518138094,1,348.662893718,0.748498635123,0.889383825748
representative_minus_mean,Both,all,79.2687861062,1,2556.65064334,0.748680618744,0.889825159952
representative_minus_mean,Both,all,79.3844688247,1,902.13813678,0.748862602366,0.889980888861
representative_minus_mean,Both,all,79.5479766885,1,1680.30736939,0.749044585987,0.890270946916
representative_minus_mean,Both,all,79.5497381723,1,2152.13081343,0.749226569609,0.890642452089
representative_minus_mean,Both,all,79.5870583398,1,2969.78050772,0.74940855323,0.891155101604
representative_minus_mean,Both,all,79.8010929047,1,1801.72759258,0.749590536852,0.891466119464
representative_minus_mean,Both,all,79.8895637345,1,1.24429204804,0.749772520473,0.891466334256
representative_minus_mean,Both,all,79.8952362707,1,1800.86117972,0.749954504095,0.891777202554
representative_minus_mean,Both,all,79.9120615103,1,150.291211396,0.750136487716,0.891803146127
representative_minus_mean,Both,all,79.9359896012,1,32.278929568,0.750318471338,0.891808718181
representative_minus_mean,Both,all,80.0597435429,1,53.6080518881,0.750500454959,0.891817972111
representative_minus_mean,Both,all,80.1265321588,1,62.6869848602,0.750682438581,0.891828793265
representative_minus_mean,Both,all,80.2975849201,1,74.900405145,0.750864422202,0.891841722725
representative_minus_mean,Both,all,80.4141570689,1,62.1682838907,0.751046405823,0.89185245434
representative_minus_mean,Both,all,80.5025116212,1,1604.86490668,0.751228389445,0.892129489365
representative_minus_mean,Both,all,80.6087754163,1,0.00022779520493,0.751410373066,0.892129489404
representative_minus_mean,Both,all,80.6546396743,1,3152.81736911,0.751592356688,0.892673735113
representative_minus_mean,Both,all,80.6622048615,1,3485.31953654,0.751774340309,0.893275378018
representative_minus_mean,Both,all,80.6658803096,1,107,0.751956323931,0.893293848574
representative_minus_mean,Both,all,80.7131677047,1,1145.37754849,0.752138307552,0.893491565962
representative_minus_mean,Both,all,80.8226980442,1,59.7433047083,0.752320291174,0.893501878972
representative_minus_mean,Both,all,80.8776868468,1,6.5727550342,0.752502274795,0.893503013575
representative_minus_mean,Both,all,80.8806121636,1,39.414279657,0.752684258417,0.893509817347
representative_minus_mean,Both,all,80.904949696,1,275.222120846,0.752866242038,0.893557326746
representative_minus_mean,Both,all,80.9192951634,1,4.03980827829,0.75304822566,0.893558024106
representative_minus_mean,Both,all,80.9456976357,1,364.364143693,0.753230209281,0.893620921381
representative_minus_mean,Both,all,80.9927269001,1,2269.94565234,0.753412192903,0.894012763989
representative_minus_mean,Both,all,81.0574509228,1,2907.1278538,0.753594176524,0.894514598277
representative_minus_mean,Both,all,81.0986984821,1,777.994794755,0.753776160146,0.894648897312
representative_minus_mean,Both,all,81.1159909789,1,2447.29826604,0.753958143767,0.895071354886
representative_minus_mean,Both,all,81.2268086633,1,0.893436047883,0.754140127389,0.895071509113
representative_minus_mean,Both,all,81.3328265026,1,147.051117797,0.75432211101,0.895096893374
representative_minus_mean,Both,all,81.3858391734,1,421.869801326,0.754504094631,0.895169717393
representative_minus_mean,Both,all,81.4309919469,1,4.40891996679,0.754686078253,0.895170478469
representative_minus_mean,Both,all,81.5580687342,1,1187.60265103,0.754868061874,0.89537548484
representative_minus_mean,Both,all,81.5722615512,1,50.9462355871,0.755050045496,0.895384279282
representative_minus_mean,Both,all,81.6117510585,1,240.844775874,0.755232029117,0.895425854394
representative_minus_mean,Both,all,81.6883498974,1,2.45458004207,0.755414012739,0.895426278109
representative_minus_mean,Both,all,81.7300917325,1,1388.12715487,0.75559599636,0.895665899425
representative_minus_mean,Both,all,81.7582079903,1,15.2316496626,0.755777979982,0.895668528743
representative_minus_mean,Both,all,81.7734533963,1,50.2440399347,0.755959963603,0.895677201971
representative_minus_mean,Both,all,81.830454258,1,430.687577248,0.756141947225,0.895751548131
representative_minus_mean,Both,all,81.8973013728,1,3223.86359388,0.756323930846,0.896308057983
representative_minus_mean,Both,all,81.9292157225,1,434.544465803,0.756505914468,0.896383069927
representative_minus_mean,Both,all,82.0386215653,1,125.315878852,0.756687898089,0.896404702208
representative_minus_mean,Both,all,82.0574411225,1,145.76990394,0.756869881711,0.896429865303
representative_minus_mean,Both,all,82.082706056,1,511.613105811,0.757051865332,0.896518180992
representative_minus_mean,Both,all,82.3895174372,1,4.34774942692,0.757233848954,0.896518931509
representative_minus_mean,Both,all,82.4411946966,1,3344.06871441,0.757415832575,0.897096191412
representative_minus_mean,Both,all,82.4601078158,1,48.1277867906,0.757597816197,0.897104499328
representative_minus_mean,Both,all,82.4702350168,1,35.7777887801,0.757779799818,0.897110675362
representative_minus_mean,Both,all,82.5032643909,1,71.8910224191,0.757961783439,0.897123085336
representative_minus_mean,Both,all,82.5391914496,1,39.4435929861,0.758143767061,0.897129894168
representative_minus_mean,Both,all,82.6729487102,1,2205.08445267,0.758325750682,0.897510540305
representative_minus_mean,Both,all,82.7565635489,1,1960.60371581,0.758507734304,0.897848983682
representative_minus_mean,Both,all,82.848075683,1,144.875049608,0.758689717925,0.897873992306
representative_minus_mean,Both,all,82.8586999204,1,307.412428334,0.758871701547,0.897927058461
representative_minus_mean,Both,all,83.0298628858,1,2034.29672437,0.759053685168,0.898278222875
representative_minus_mean,Both,all,83.0839642933,1,360.641312517,0.75923566879,0.898340477507
representative_minus_mean,Both,all,83.1043309126,1,449.403147591,0.759417652411,0.898418054387
representative_minus_mean,Both,all,83.2500337994,1,12.5717245866,0.759599636033,0.898420224544
representative_minus_mean,Both,all,83.4444737233,1,1723.33876171,0.759781619654,0.898717710765
representative_minus_mean,Both,all,83.5654345029,1,20.174939083,0.759963603276,0.898721193404
representative_minus_mean,Both,all,83.7027041659,1,963.900377983,0.760145586897,0.898887583836
representative_minus_mean,Both,all,83.7146730614,1,315.613678244,0.760327570519,0.898942065707
representative_minus_mean,Both,all,83.7235543595,1,1614.61279863,0.76050955414,0.899220783433
representative_minus_mean,Both,all,83.7337157254,1,836.0285661,0.760691537762,0.899365100375
representative_minus_mean,Both,all,83.7550037455,1,1956.53807971,0.760873521383,0.899702841934
representative_minus_mean,Both,all,83.7990319681,1,169.004639352,0.761055505005,0.899732015856
representative_minus_mean,Both,all,83.871086854,1,179.550559693,0.761237488626,0.899763010237
representative_minus_mean,Both,all,83.9327942069,1,64.5628786152,0.761419472247,0.899774155212
representative_minus_mean,Both,all,84.1400192578,1,1243.16315459,0.761601455869,0.899988752549
representative_minus_mean,Both,all,84.2856681078,1,4.94116758147,0.76178343949,0.899989605503
representative_minus_mean,Both,all,84.3118663903,1,218.874408909,0.761965423112,0.900027388046
representative_minus_mean,Both,all,84.3776306599,1,383.245155493,0.762147406733,0.9000935446
representative_minus_mean,Both,all,84.5363767117,1,785.0806298,0.762329390355,0.900229066805
representative_minus_mean,Both,all,84.794205002,1,21.4594820576,0.762511373976,0.900232771185
representative_minus_mean,Both,all,84.8024845483,1,21.0017709573,0.762693357598,0.900236396553
representative_minus_mean,Both,all,84.8158149263,1,1066.41108971,0.762875341219,0.900420482591
representative_minus_mean,Both,all,84.8284188227,1,2517.7262292,0.763057324841,0.900855097583
representative_minus_mean,Both,all,84.8936451996,1,336.02332213,0.763239308462,0.900913102609
representative_minus_mean,Both,all,84.9677488402,1,1690.23728603,0.763421292084,0.901204874786
representative_minus_mean,Both,all,84.9815666593,1,6.95789431875,0.763603275705,0.901206075872
representative_minus_mean,Both,all,85.0467680432,1,1118.53145343,0.763785259327,0.901399159033
representative_minus_mean,Both,all,85.1247580895,1,49.0730081155,0.763967242948,0.901407630115
representative_minus_mean,Both,all,85.1378982628,1,730.172161105,0.76414922657,0.90153367391
representative_minus_mean,Both,all,85.1466654672,1,3039.83142437,0.764331210191,0.902058415756
representative_minus_mean,Both,all,85.5050919844,1,908.59881348,0.764513193813,0.90221525992
representative_minus_mean,Both,all,85.575821095,1,990.469184658,0.764695177434,0.902386236714
representative_minus_mean,Both,all,85.6261590344,1,866.271233206,0.764877161056,0.902535774205
representative_minus_mean,Both,all,85.6315910076,1,1359.62852837,0.765059144677,0.902770476031
representative_minus_mean,Both,all,85.7330795335,1,1782.97925158,0.765241128298,0.903078257514
representative_minus_mean,Both,all,85.85466705,1,185.136877612,0.76542311192,0.903110216216
representative_minus_mean,Both,all,85.8728381503,1,599.748060655,0.765605095541,0.903213745939
representative_minus_mean,Both,all,86.0626238447,1,1573.34219107,0.765787079163,0.903485339449
representative_minus_mean,Both,all,86.1237296974,1,7.0476310132,0.765969062784,0.903486556026
representative_minus_mean,Both,all,86.1706470953,1,1539.58814685,0.766151046406,0.903752322844
representative_minus_mean,Both,all,86.2744927764,1,3349.14975564,0.766333030027,0.904330459847
representative_minus_mean,Both,all,86.3055883564,1,470.059113728,0.766515013649,0.904411602401
representative_minus_mean,Both,all,86.3376812194,1,854.873577248,0.76669699727,0.904559172407
representative_minus_mean,Both,all,86.4331895466,1,1763.34186215,0.766878980892,0.904863564044
representative_minus_mean,Both,all,86.4378081936,1,2191.23833499,0.767060964513,0.905241820036
representative_minus_mean,Both,all,86.4489740196,1,78.8778576953,0.767242948135,0.905255436091
representative_minus_mean,Both,all,86.504826773,1,96.799445667,0.767424931756,0.905272145807
representative_minus_mean,Both,all,86.5217929958,1,744.035126264,0.767606915378,0.905400582655
representative_minus_mean,Both,all,86.8234970818,1,1440.84920225,0.767788898999,0.905649304957
representative_minus_mean,Both,all,86.9003754934,1,0.723658177698,0.767970882621,0.905649429877
representative_minus_mean,Both,all,86.9471507817,1,1385.28211233,0.768152866242,0.905888560076
representative_minus_mean,Both,all,87.0207528494,1,163.785941918,0.768334849864,0.905916833136
representative_minus_mean,Both,all,87.0579114548,1,645.292447917,0.768516833485,0.906028224823
representative_minus_mean,Both,all,87.1151413621,1,281.135562341,0.768698817106,0.906076755012
representative_minus_mean,Both,all,87.1643838828,1,254.119278975,0.768880800728,0.906120621596
representative_minus_mean,Both,all,87.1751308829,1,293.87263114,0.769062784349,0.906171350484
representative_minus_mean,Both,all,87.3384813645,1,522.769215251,0.769244767971,0.906261591963
representative_minus_mean,Both,all,87.3659915197,1,220.164337681,0.769426751592,0.906299597176
representative_minus_mean,Both,all,87.4091432006,1,172.408360822,0.769608735214,0.906329358656
representative_minus_mean,Both,all,87.4569128331,1,2915.17066364,0.769790718835,0.90683258131
representative_minus_mean,Both,all,87.5293377569,1,2695.6670766,0.769972702457,0.907297912811
representative_minus_mean,Both,all,87.580275667,1,704.229987196,0.770154686078,0.907419478415
representative_minus_mean,Both,all,87.5960348805,1,90.7441020086,0.7703366697,0.907435142845
representative_minus_mean,Both,all,87.712196772,1,425.8255218,0.770518653321,0.907508649708
representative_minus_mean,Both,all,87.9531984729,1,13.2535154804,0.770700636943,0.907510937556
representative_minus_mean,Both,all,87.9783711742,1,1555.31902238,0.770882620564,0.907779419871
representative_minus_mean,Both,all,88.0864785753,1,914.622052284,0.771064604186,0.907937303779
representative_minus_mean,Both,all,88.111243976,1,100.727032274,0.771246587807,0.907954691483
representative_minus_mean,Both,all,88.3050598143,1,36.9897640842,0.771428571429,0.90796107673
representative_minus_mean,Both,all,88.3283980718,1,748.181102757,0.77161055505,0.908090229265
representative_minus_mean,Both,all,88.4089521185,1,43.4785233077,0.771792538672,0.908097734616
representative_minus_mean,Both,all,88.5068233915,1,364.729465442,0.771974522293,0.908160694953
representative_minus_mean,Both,all,88.5706894882,1,258.054676402,0.772156505914,0.908205240873
representative_minus_mean,Both,all,88.6963918805,1,55.5026562178,0.772338489536,0.908214821854
representative_minus_mean,Both,all,88.7160544295,1,32.3109878802,0.772520473157,0.908220399442
representative_minus_mean,Both,all,88.7613809229,1,138.607556726,0.772702456779,0.908244326159
representative_minus_mean,Both,all,88.7746236324,1,43.5582192055,0.7728844404,0.908251845267
representative_minus_mean,Both,all,88.7827472646,1,433.039271205,0.773066424022,0.908326597381
representative_minus_mean,Both,all,88.8027498804,1,2.67831413847,0.773248407643,0.908327059717
representative_minus_mean,Both,all,88.8762232852,1,1196.17979233,0.773430391265,0.908533546692
representative_minus_mean,Both,all,88.9028261908,1,52.8705326231,0.773612374886,0.90854267331
representative_minus_mean,Both,all,89.0188042251,1,776.664915552,0.773794358508,0.908676742778
representative_minus_mean,Both,all,89.0586345177,1,4.73754039438,0.773976342129,0.908677560582
representative_minus_mean,Both,all,89.1984055281,1,14.1213258359,0.774158325751,0.908679998233
representative_minus_mean,Both,all,89.2561961243,1,34.4315891286,0.774340309372,0.908685941884
representative_minus_mean,Both,all,89.284708967,1,83.1388832917,0.774522292994,0.908700293486
representative_minus_mean,Both,all,89.406194343,1,55.8646739505,0.774704276615,0.908709936959
representative_minus_mean,Both,all,89.4451270394,1,55.4272139568,0.774886260237,0.908719504917
representative_minus_mean,Both,all,89.5784946964,1,39.5768711894,0.775068243858,0.908726336756
representative_minus_mean,Both,all,89.6146548919,1,1546.52353472,0.77525022748,0.908993300776
representative_minus_mean,Both,all,89.64611978,1,154.500243333,0.775432211101,0.90901997092
representative_minus_mean,Both,all,89.704229283,1,5.50230451727,0.775614194722,0.909020920739
representative_minus_mean,Both,all,89.7067727376,1,297.738854655,0.775796178344,0.909072317022
representative_minus_mean,Both,all,89.8506529285,1,2904.00539093,0.775978161965,0.909573612304
representative_minus_mean,Both,all,89.8890684783,1,1865.92796346,0.776160145587,0.909895712562
representative_minus_mean,Both,all,89.9544476787,1,52.354303295,0.776342129208,0.909904750067
representative_minus_mean,Both,all,89.9760902764,1,7.10694674484,0.77652411283,0.909905976883
representative_minus_mean,Both,all,90.0587924958,1,1672.95984352,0.776706096451,0.910194766594
representative_minus_mean,Both,all,90.0943509348,1,860.580903628,0.776888080073,0.910343321809
representative_minus_mean,Both,all,90.209467387,1,1.10040724932,0.777070063694,0.910343511764
representative_minus_mean,Both,all,90.2198074545,1,2255.29281738,0.777252047316,0.91073282497
representative_minus_mean,Both,all,90.2431816187,1,862.404196082,0.777434030937,0.910881694926
representative_minus_mean,Both,all,90.6553846952,1,3817.02280213,0.777616014559,0.911540597119
representative_minus_mean,Both,all,90.6991330511,1,140.767513015,0.77779799818,0.911564896692
representative_minus_mean,Both,all,90.7946641887,1,3391.86764313,0.777979981802,0.912150407742
representative_minus_mean,Both,all,90.8229555129,1,3092.66729317,0.778161965423,0.912684270223
representative_minus_mean,Both,all,90.8475093901,1,76.7058226116,0.778343949045,0.912697511338
representative_minus_mean,Both,all,90.8727464646,1,24.9493757732,0.778525932666,0.912701818149
representative_minus_mean,Both,all,90.9045391547,1,9.98223886045,0.778707916288,0.912703541303
representative_minus_mean,Both,all,90.9624074992,1,1179.79805452,0.778889899909,0.912907200429
representative_minus_mean,Both,all,91.119096326,1,28.7385668439,0.77907188353,0.912912161339
representative_minus_mean,Both,all,91.1623458084,1,4723.73726807,0.779253867152,0.913727582416
representative_minus_mean,Both,all,91.2463888821,1,130.263444743,0.779435850773,0.913750068756
representative_minus_mean,Both,all,91.2627361024,1,275.474229979,0.779617834395,0.913797621674
representative_minus_mean,Both,all,91.2948148316,1,3544.8811979,0.779799818016,0.914409546234
representative_minus_mean,Both,all,91.3615486719,1,526.403633039,0.779981801638,0.914500415093
representative_minus_mean,Both,all,91.5140407038,1,94.1889154206,0.780163785259,0.914516674174
representative_minus_mean,Both,all,91.5212511354,1,371.768363609,0.780345768881,0.914580849581
representative_minus_mean,Both,all,91.6631091761,1,24.6469624063,0.780527752502,0.914585104189
representative_minus_mean,Both,all,91.7376755235,1,41.1517080924,0.780709736124,0.91459220788
representative_minus_mean,Both,all,91.739528882,1,49.9261337581,0.780891719745,0.91460082623
representative_minus_mean,Both,all,91.8239262767,1,2162.43977442,0.781073703367,0.914974110956
representative_minus_mean,Both,all,91.826442791,1,130.698594415,0.781255686988,0.914996672412
representative_minus_mean,Both,all,91.9046543939,1,8.09796335711,0.78143767061,0.914998070299
representative_minus_mean,Both,all,92.1235791882,1,186.7658646,0.781619654231,0.9150303102
representative_minus_mean,Both,all,92.1238256182,1,113.74535384,0.781801637853,0.915049945153
representative_minus_mean,Both,all,92.1676166607,1,2409.34747086,0.781983621474,0.915465851585
representative_minus_mean,Both,all,92.1718224627,1,8.05410968857,0.782165605096,0.915467241901
representative_minus_mean,Both,all,92.2991846473,1,4.83571431267,0.782347588717,0.915468076652
representative_minus_mean,Both,all,92.3665700617,1,1536.9166292,0.782529572338,0.915733382308
representative_minus_mean,Both,all,92.5103632935,1,1271.79021296,0.78271155596,0.915952921306
representative_minus_mean,Both,all,92.5416825707,1,5.92410217456,0.782893539581,0.915953943937
representative_minus_mean,Both,all,92.751325229,1,503.331844679,0.783075523203,0.916040830097
representative_minus_mean,Both,all,92.7520825859,1,39.1882654224,0.783257506824,0.916047594855
representative_minus_mean,Both,all,92.8159063485,1,198.327279196,0.783439490446,0.916081830511
representative_minus_mean,Both,all,92.8243544242,1,104.663678674,0.783621474067,0.916099897767
representative_minus_mean,Both,all,92.8431586672,1,421.425548885,0.783803457689,0.916172645097
representative_minus_mean,Both,all,92.9080215297,1,2133.35920257,0.78398544131,0.916540909876
representative_minus_mean,Both,all,92.9717626674,1,874.56907256,0.784167424932,0.916691879757
representative_minus_mean,Both,all,93.0278359313,1,2020.83975351,0.784349408553,0.917040721201
representative_minus_mean,Both,all,93.0378063233,1,130.592900936,0.784531392175,0.917063264412
representative_minus_mean,Both,all,93.0489821147,1,12.2387567291,0.784713375796,0.917065377091
representative_minus_mean,Both,all,93.1418687729,1,1694.07279082,0.784895359418,0.917357811361
representative_minus_mean,Both,all,93.4148719654,1,87.0073915035,0.785077343039,0.917372830753
representative_minus_mean,Both,all,93.4255585784,1,38.7792093009,0.785259326661,0.917379524899
representative_minus_mean,Both,all,93.5168584014,1,11.0014661933,0.785441310282,0.917381423994
representative_minus_mean,Both,all,93.5328674866,1,2298.94985255,0.785623293904,0.917778273366
representative_minus_mean,Both,all,93.575312573,1,502.643769965,0.785805277525,0.917865040749
representative_minus_mean,Both,all,93.5763954883,1,1019.66604889,0.785987261146,0.918041057564
representative_minus_mean,Both,all,93.7851684723,1,366.003450621,0.786169244768,0.91810423782
representative_minus_mean,Both,all,93.9140681673,1,1084.58639837,0.786351228389,0.918291461317
representative_minus_mean,Both,all,93.9148519476,1,140.439356865,0.786533212011,0.918315704243
representative_minus_mean,Both,all,94.0500956519,1,99.2905059742,0.786715195632,0.918332843971
representative_minus_mean,Both,all,94.1151036551,1,3862.79618136,0.786897179254,0.918999647657
representative_minus_mean,Both,all,94.2562136377,1,62.6857380336,0.787079162875,0.919010468596
representative_minus_mean,Both,all,94.3260983776,1,99.6200874407,0.787261146497,0.919027665217
representative_minus_mean,Both,all,94.3483899523,1,117.37579904,0.787443130118,0.919047926865
representative_minus_mean,Both,all,94.3814273149,1,96.4402570093,0.78762511374,0.919064574577
representative_minus_mean,Both,all,94.3826175942,1,58.578871265,0.787807097361,0.91907468658
representative_minus_mean,Both,all,94.57692866,1,138.838962862,0.787989080983,0.919098653243
representative_minus_mean,Both,all,94.6735882355,1,6.66495658003,0.788171064604,0.919099803761
representative_minus_mean,Both,all,94.7566876957,1,25.160565907,0.788353048226,0.919104147029
representative_minus_mean,Both,all,95.2186443173,1,630.44390801,0.788535031847,0.919212975531
representative_minus_mean,Both,all,95.2330710397,1,1102.88194287,0.788717015469,0.919403357242
representative_minus_mean,Both,all,95.2460182814,1,117.999515188,0.78889899909,0.919423726557
representative_minus_mean,Both,all,95.3013831262,1,474.154579195,0.789080982712,0.919505576079
representative_minus_mean,Both,all,95.4362448007,1,529.47560105,0.789262966333,0.919596975228
representative_minus_mean,Both,all,95.5599755617,1,2762.46490208,0.789444949955,0.920073837504
representative_minus_mean,Both,all,95.562495899,1,1222.32229428,0.789626933576,0.92028483725
representative_minus_mean,Both,all,95.617752576,1,3581.50550891,0.789808917197,0.920903083972
representative_minus_mean,Both,all,95.6629949232,1,1230.96616515,0.789990900819,0.92111557584
representative_minus_mean,Both,all,95.7547292502,1,28.8122221668,0.79017288444,0.921120549464
representative_minus_mean,Both,all,95.7680974757,1,3.41915379158,0.790354868062,0.921121139686
representative_minus_mean,Both,all,95.7694724819,1,110.197491192,0.790536851683,0.921140162199
representative_minus_mean,Both,all,95.7770613544,1,401.382382069,0.790718835305,0.921209449638
representative_minus_mean,Both,all,95.8735599671,1,1212.37358985,0.790900818926,0.921418732018
representative_minus_mean,Both,all,95.9174771723,1,9.10100263203,0.791082802548,0.921420303052
representative_minus_mean,Both,all,95.9495637966,1,455.465688972,0.791264786169,0.92149892646
representative_minus_mean,Both,all,95.954920741,1,1468.44914034,0.791446769791,0.921752413119
representative_minus_mean,Both,all,95.9782171198,1,46.8067773845,0.791628753412,0.921760493
representative_minus_mean,Both,all,96.1086927955,1,596.925205795,0.791810737034,0.921863535436
representative_minus_mean,Both,all,96.1520023043,1,13.4262598387,0.791992720655,0.921865853104
representative_minus_mean,Both,all,96.1803666826,1,30.7124923847,0.792174704277,0.921871154756
representative_minus_mean,Both,all,96.189366495,1,27.7577238205,0.792356687898,0.921875946351
representative_minus_mean,Both,all,96.2090492239,1,2337.25047675,0.79253867152,0.922279407254
representative_minus_mean,Both,all,96.2857277939,1,162.364729501,0.792720655141,0.922307434982
representative_minus_mean,Both,all,96.4195312991,1,23.712474632,0.792902638763,0.922311528277
representative_minus_mean,Both,all,96.4797258096,1,2.46390779359,0.793084622384,0.922311953602
representative_minus_mean,Both,all,96.6412878845,1,114.970196555,0.793266606005,0.922331799989
representative_minus_mean,Both,all,96.7499441183,1,14.9586929653,0.793448589627,0.922334382189
representative_minus_mean,Both,all,97.0254374676,1,269.804298788,0.793630573248,0.922380956353
representative_minus_mean,Both,all,97.1227763033,1,152.785692319,0.79381255687,0.922407330528
representative_minus_mean,Both,all,97.1867140697,1,351.811013699,0.793994540491,0.922468060856
representative_minus_mean,Both,all,97.2245145757,1,438.794583912,0.794176524113,0.922543806465
representative_minus_mean,Both,all,97.2251579568,1,1295.30609662,0.794358507734,0.922767404822
representative_minus_mean,Both,all,97.3168607029,1,269.145918382,0.794540491356,0.922813865335
representative_minus_mean,Both,all,97.3278976871,1,76.2473113259,0.794722474977,0.9228270273
representative_minus_mean,Both,all,97.3295002739,1,30.6969111048,0.794904458599,0.922832326262
representative_minus_mean,Both,all,97.4145943563,1,25.1786673035,0.79508644222,0.922836672655
representative_minus_mean,Both,all,97.5788970395,1,421.326943388,0.795268425842,0.922909402964
representative_minus_mean,Both,all,97.6158146227,1,5.7501466579,0.795450409463,0.922910395566
representative_minus_mean,Both,all,97.6451545155,1,2703.97340935,0.795632393085,0.923377160923
representative_minus_mean,Both,all,97.7042336024,1,182.585873181,0.795814376706,0.923408679265
representative_minus_mean,Both,all,97.733532258,1,639.010911352,0.795996360328,0.923518986621
representative_minus_mean,Both,all,97.7922500212,1,76,0.796178343949,0.923532105894
representative_minus_mean,Both,all,97.8500706799,1,1549.1853791,0.796360327571,0.923799529407
representative_minus_mean,Both,all,98.1376369633,1,87.099455464,0.796542311192,0.923814564691
representative_minus_mean,Both,all,98.145603162,1,37.1430017935,0.796724294813,0.923820976391
representative_minus_mean,Both,all,98.2921152369,1,22.0075177313,0.796906278435,0.923824775373
representative_minus_mean,Both,all,98.6421483649,1,872.658958049,0.797088262056,0.923975415527
representative_minus_mean,Both,all,98.6639517104,1,5.32197244681,0.797270245678,0.923976334216
representative_minus_mean,Both,all,98.7570145521,1,0.00958784432223,0.797452229299,0.923976335872
representative_minus_mean,Both,all,98.9562522128,1,541.079604967,0.797634212921,0.924069738127
representative_minus_mean,Both,all,98.9632560057,1,1068.87047076,0.797816196542,0.924254248709
representative_minus_mean,Both,all,99.1396179509,1,1721.39170291,0.797998180164,0.924551398825
representative_minus_mean,Both,all,99.1855848643,1,49.6148682863,0.798180163785,0.924559963444
representative_minus_mean,Both,all,99.210410716,1,1011.62713832,0.798362147407,0.924734592566
representative_minus_mean,Both,all,99.223649823,1,1458.19718502,0.798544131028,0.924986309512
representative_minus_mean,Both,all,99.3346277911,1,38.3812518589,0.79872611465,0.924992934961
representative_minus_mean,Both,all,99.3413309608,1,2260.78935675,0.798908098271,0.925383196991
representative_minus_mean,Both,all,99.3818265944,1,2258.57579443,0.799090081893,0.925773076911
representative_minus_mean,Both,all,99.4605976175,1,375.857546286,0.799272065514,0.925837958201
representative_minus_mean,Both,all,99.4937644916,1,33.878929433,0.799454049136,0.92584380645
representative_minus_mean,Both,all,99.5765655363,1,3292.82618597,0.799636032757,0.926412220764
representative_minus_mean,Both,all,99.6237435383,1,8.55201531253,0.799818016379,0.92641369703
representative_minus_mean,Both,all,99.7315983867,1,4874.92854223,0.8,0.927255217051
representative_minus_mean,Both,all,100.118756054,1,678.762940873,0.800181983621,0.927372386483
representative_minus_mean,Both,all,100.123624273,1,248.057724836,0.800363967243,0.927415206709
representative_minus_mean,Both,all,100.31621646,1,6.37060603235,0.800545950864,0.927416306415
representative_minus_mean,Both,all,100.35164714,1,97.000704496,0.800727934486,0.927433050873
representative_minus_mean,Both,all,100.422511852,1,183.29859138,0.800909918107,0.927464692247
representative_minus_mean,Both,all,100.591831875,1,1964.31108769,0.801091901729,0.927803775598
representative_minus_mean,Both,all,100.679572249,1,165.309820443,0.80127388535,0.927832311714
representative_minus_mean,Both,all,100.801857651,1,416.075436837,0.801455868972,0.927904135497
representative_minus_mean,Both,all,100.989916562,1,555.464702722,0.801637852593,0.928000020937
representative_minus_mean,Both,all,101.086482421,1,319.926354742,0.801819836215,0.928055247271
representative_minus_mean,Both,all,101.155797863,1,267.386586398,0.802001819836,0.928101404084
representative_minus_mean,Both,all,101.227950553,1,573.587838322,0.802183803458,0.928200417976
representative_minus_mean,Both,all,101.272373546,1,143.918609622,0.802365787079,0.928225261498
representative_minus_mean,Both,all,101.277220533,1,2841.65291192,0.802547770701,0.928715793369
representative_minus_mean,Both,all,101.508561151,1,1364.00060027,0.802729754322,0.92895124991
representative_minus_mean,Both,all,101.530148706,1,107.80193486,0.802911737944,0.928969858898
representative_minus_mean,Both,all,101.54155342,1,1167.0711004,0.803093721565,0.929171321071
representative_minus_mean,Both,all,101.565572749,1,31.2724811515,0.803275705187,0.92917671939
representative_minus_mean,Both,all,101.737893041,1,2174.95540334,0.803457688808,0.929552164589
representative_minus_mean,Both,all,101.777394408,1,73.064810012,0.803639672429,0.929564777184
representative_minus_mean,Both,all,101.933228001,1,263.135027397,0.803821656051,0.929610200085
representative_minus_mean,Both,all,101.974931263,1,24.6029849226,0.804003639672,0.929614447102
representative_minus_mean,Both,all,102.132665353,1,182.058394827,0.804185623294,0.92964587439
representative_minus_mean,Both,all,102.242678884,1,1389.98104584,0.804367606915,0.929885815729
representative_minus_mean,Both,all,102.263846455,1,0.698944046578,0.804549590537,0.929885936382
representative_minus_mean,Both,all,102.358909405,1,240.165472007,0.804731574158,0.929927394231
representative_minus_mean,Both,all,102.393839269,1,22.4954226364,0.80491355778,0.929931277436
representative_minus_mean,Both,all,102.495785234,1,132.038294031,0.805095541401,0.929954070154
representative_minus_mean,Both,all,102.583660138,1,12.0564459551,0.805277525023,0.929956151362
representative_minus_mean,Both,all,102.707542498,1,40.7349516148,0.805459508644,0.929963183111
representative_minus_mean,Both,all,102.888829976,1,0.585212907983,0.805641492266,0.929963284132
representative_minus_mean,Both,all,103.132975084,1,548.126930763,0.805823475887,0.930057902911
representative_minus_mean,Both,all,103.220121477,1,80.2058185027,0.806005459509,0.930071748202
representative_minus_mean,Both,all,103.252265973,1,59.2681153791,0.80618744313,0.930081979184
representative_minus_mean,Both,all,103.385631068,1,33.5174683432,0.806369426752,0.930087765037
representative_minus_mean,Both,all,103.481676593,1,415.512906099,0.806551410373,0.930159491715
representative_minus_mean,Both,all,103.503043503,1,166.8486164,0.806733393995,0.93018829346
representative_minus_mean,Both,all,103.548838228,1,2207.05437404,0.806915377616,0.930569279649
representative_minus_mean,Both,all,103.63705246,1,6.36540924891,0.807097361237,0.930570378458
representative_minus_mean,Both,all,104.066983056,1,488.549118654,0.807279344859,0.930654712795
representative_minus_mean,Both,all,104.10018221,1,519.94181118,0.80746132848,0.930744466202
representative_minus_mean,Both,all,104.177823928,1,6.09382469602,0.807643312102,0.93074551813
representative_minus_mean,Both,all,104.242652557,1,3610.20136204,0.807825295723,0.931368718388
representative_minus_mean,Both,all,104.280740726,1,3306.33554547,0.808007279345,0.931939464715
representative_minus_mean,Both,all,104.336863801,1,27.2030550272,0.808189262966,0.931944160562
representative_minus_mean,Both,all,104.343297237,1,90.8803811796,0.808371246588,0.931959848517
representative_minus_mean,Both,all,104.411599001,1,19.7730738233,0.808553230209,0.931963261785
representative_minus_mean,Both,all,104.434294399,1,179.418337587,0.808735213831,0.931994233341
representative_minus_mean,Both,all,104.713102603,1,113.857778502,0.808917197452,0.932013887701
representative_minus_mean,Both,all,104.729059413,1,3319.27510265,0.809099181074,0.93258686768
representative_minus_mean,Both,all,104.829644771,1,81.9941626427,0.809281164695,0.932601021678
representative_minus_mean,Both,all,104.97296401,1,116.166693999,0.809463148317,0.932621074608
representative_minus_mean,Both,all,105.003270133,1,66.4454165037,0.809645131938,0.93263254455
representative_minus_mean,Both,all,105.047480271,1,2068.06703529,0.80982711556,0.932989538463
representative_minus_mean,Both,all,105.191776233,1,1.45540744776,0.810009099181,0.932989789698
representative_minus_mean,Both,all,105.205170626,1,180,0.810191082803,0.933020861662
representative_minus_mean,Both,all,105.236165169,1,3074.36883551,0.810373066424,0.933551565427
representative_minus_mean,Both,all,105.381974753,1,159.686907858,0.810555050045,0.933579130903
representative_minus_mean,Both,all,105.51408472,1,2167.5258766,0.810737033667,0.933953293603
representative_minus_mean,Both,all,105.610394536,1,0.533053711422,0.810919017288,0.933953385619
representative_minus_mean,Both,all,105.649014636,1,145.081389547,0.81110100091,0.933978429862
representative_minus_mean,Both,all,105.713805933,1,1456.19427071,0.811282984531,0.934229801061
representative_minus_mean,Both,all,105.755746392,1,2.05837819172,0.811464968153,0.934230156383
representative_minus_mean,Both,all,105.781765116,1,262.583512296,0.811646951774,0.93427548408
representative_minus_mean,Both,all,105.877148352,1,2382.13702525,0.811828935396,0.934686693389
representative_minus_mean,Both,all,106.100520043,1,42.6384765583,0.812010919017,0.934694053729
representative_minus_mean,Both,all,106.108578897,1,130.647430902,0.812192902639,0.934716606353
representative_minus_mean,Both,all,106.143221297,1,268.563095712,0.81237488626,0.934762966258
representative_minus_mean,Both,all,106.149366604,1,810.096254163,0.812556869882,0.934902806711
representative_minus_mean,Both,all,106.469327945,1,20.8378104373,0.812738853503,0.934906403776
representative_minus_mean,Both,all,106.559684062,1,15.1339335815,0.812920837125,0.934909016226
representative_minus_mean,Both,all,106.587805366,1,51.0235927535,0.813102820746,0.934917824022
representative_minus_mean,Both,all,106.699788117,1,1.67760456821,0.813284804368,0.934918113613
representative_minus_mean,Both,all,106.734937127,1,73.891773707,0.813466787989,0.934930868961
representative_minus_mean,Both,all,106.7514048,1,3661.95291726,0.813648771611,0.935563002677
representative_minus_mean,Both,all,106.980886364,1,3753.29709424,0.813830755232,0.93621090441
representative_minus_mean,Both,all,107.100367879,1,6.6347278106,0.814012738854,0.93621204971
representative_minus_mean,Both,all,107.106855295,1,329.30252505,0.814194722475,0.936268894578
representative_minus_mean,Both,all,107.219313021,1,1379.82088769,0.814376706096,0.936507082049
representative_minus_mean,Both,all,107.271268849,1,75.641378179,0.814558689718,0.936520139417
representative_minus_mean,Both,all,107.340875725,1,3434.18713579,0.814740673339,0.937112955744
representative_minus_mean,Both,all,107.356889117,1,0.0925052410748,0.814922656961,0.937112971712
representative_minus_mean,Both,all,107.366087577,1,0.526580438117,0.815104640582,0.937113062612
representative_minus_mean,Both,all,107.37982949,1,62.3853431113,0.815286624204,0.937123831696
representative_minus_mean,Both,all,107.668196331,1,43.6117625609,0.815468607825,0.937131360046
representative_minus_mean,Both,all,107.772762837,1,86.798860007,0.815650591447,0.937146343441
representative_minus_mean,Both,all,108.011230382,1,5.56875379647,0.815832575068,0.93714730473
representative_minus_mean,Both,all,108.382208975,1,2052.23839518,0.81601455869,0.937501566272
representative_minus_mean,Both,all,108.397242261,1,681.195116843,0.816196542311,0.93761915555
representative_minus_mean,Both,all,108.427238782,1,995.517329718,0.816378525933,0.937791003764
representative_minus_mean,Both,all,108.458763843,1,2196.2371255,0.816560509554,0.938170122657
representative_minus_mean,Both,all,108.566503224,1,1112.24826744,0.816742493176,0.938362121202
representative_minus_mean,Both,all,108.725405666,1,422.714368912,0.816924476797,0.938435091011
representative_minus_mean,Both,all,108.730724804,1,1620.44431244,0.817106460419,0.938714815384
representative_minus_mean,Both,all,109.063441039,1,2487.38690835,0.81728844404,0.939144193142
representative_minus_mean,Both,all,109.081144288,1,11.7177425187,0.817470427662,0.939146215882
representative_minus_mean,Both,all,109.363129324,1,1341.65363435,0.817652411283,0.939377814845
representative_minus_mean,Both,all,109.506062387,1,1479.30451227,0.817834394904,0.939633175381
representative_minus_mean,Both,all,109.664106267,1,42.7767209186,0.818016378526,0.939640559585
representative_minus_mean,Both,all,109.830756592,1,88.2166853317,0.818198362147,0.939655787728
representative_minus_mean,Both,all,109.85767699,1,1652.3237564,0.818380345769,0.939941015195
representative_minus_mean,Both,all,110.048753125,1,548.636845541,0.81856232939,0.940035721997
representative_minus_mean,Both,all,110.102487177,1,731.737047361,0.818744313012,0.940162035925
representative_minus_mean,Both,all,110.124780505,1,48.096832434,0.818926296633,0.940170338498
representative_minus_mean,Both,all,110.308832735,1,253.164943695,0.819108280255,0.940214040342
representative_minus_mean,Both,all,110.334794469,1,3531.70404597,0.819290263876,0.940823690235
representative_minus_mean,Both,all,110.667868221,1,160.338109262,0.819472247498,0.940851368124
representative_minus_mean,Both,all,110.763065825,1,5.94409231507,0.819654231119,0.940852394205
representative_minus_mean,Both,all,110.771004438,1,746.49973046,0.819836214741,0.940981256498
representative_minus_mean,Both,all,110.86960804,1,21.599294608,0.820018198362,0.940984985012
representative_minus_mean,Both,all,110.992451828,1,109.436258255,0.820200181984,0.94100387612
representative_minus_mean,Both,all,111.051622593,1,1186.05784835,0.820382165605,0.941208615824
representative_minus_mean,Both,all,111.063708158,1,0.844328165845,0.820564149227,0.941208761573
representative_minus_mean,Both,all,111.123686091,1,11.9144060771,0.820746132848,0.941210818262
representative_minus_mean,Both,all,111.226641599,1,84.6895427728,0.82092811647,0.941225437542
representative_minus_mean,Both,all,111.265084123,1,56.1723915706,0.821110100091,0.941235134134
representative_minus_mean,Both,all,111.388336648,1,1040.95614556,0.821292083712,0.941414826089
representative_minus_mean,Both,all,111.443813329,1,34.1427778077,0.821474067334,0.941420719884
representative_minus_mean,Both,all,111.476024413,1,81.6539786304,0.821656050955,0.941434815159
representative_minus_mean,Both,all,111.498104298,1,956.293398411,0.821838034577,0.941599892459
representative_minus_mean,Both,all,111.499612729,1,11.1414251834,0.822020018198,0.941601815714
representative_minus_mean,Both,all,111.598752506,1,244.824006425,0.82220200182,0.941644077729
representative_minus_mean,Both,all,111.857471077,1,2194.62845852,0.822383985441,0.942022918931
representative_minus_mean,Both,all,112.07191858,1,118.807286565,0.822565969063,0.942043427685
representative_minus_mean,Both,all,112.15731575,1,121.710242123,0.822747952684,0.942064437553
representative_minus_mean,Both,all,112.309443521,1,1131.993581,0.822929936306,0.942259844573
representative_minus_mean,Both,all,112.338150863,1,234.527011977,0.823111919927,0.9423003291
representative_minus_mean,Both,all,112.442680091,1,15.9668949902,0.823293903549,0.942303085338
representative_minus_mean,Both,all,112.461554741,1,1155.61785214,0.82347588717,0.942502570428
representative_minus_mean,Both,all,112.50643352,1,470.834359892,0.823657870792,0.942583846807
representative_minus_mean,Both,all,112.844595564,1,35.0716431911,0.823839854413,0.942589900945
representative_minus_mean,Both,all,112.872316718,1,306.832530294,0.824021838035,0.942642866997
representative_minus_mean,Both,all,113.039270846,1,7.63416909492,0.824203821656,0.942644184823
representative_minus_mean,Both,all,113.093697928,1,694.989906732,0.824385805278,0.942764155386
representative_minus_mean,Both,all,113.338884996,1,308.681500777,0.824567788899,0.94281744061
representative_minus_mean,Both,all,113.498400586,1,54.1126627669,0.82474977252,0.942826781648
representative_minus_mean,Both,all,113.754440578,1,149.089252991,0.824931756142,0.942852517736
representative_minus_mean,Both,all,113.787745944,1,220.357230264,0.825113739763,0.942890556247
representative_minus_mean,Both,all,113.790595045,1,23.5629587128,0.825295723385,0.942894623732
representative_minus_mean,Both,all,113.837920426,1,2759.32523733,0.825477707006,0.943370944034
representative_minus_mean,Both,all,113.998764741,1,330.958217186,0.825659690628,0.94342807471
representative_minus_mean,Both,all,114.006102316,1,15.1411729194,0.825841674249,0.94343068841
representative_minus_mean,Both,all,114.38863047,1,186.904600606,0.826023657871,0.94346295226
representative_minus_mean,Both,all,114.592660627,1,481.231561478,0.826205641492,0.943546023425
representative_minus_mean,Both,all,114.745696004,1,60.682994821,0.826387625114,0.943556498646
representative_minus_mean,Both,all,114.802469669,1,156.078483078,0.826569608735,0.94358344123
representative_minus_mean,Both,all,114.958634545,1,400.367973957,0.826751592357,0.943652553559
representative_minus_mean,Both,all,115.043375028,1,9.91459095975,0.826933575978,0.943654265036
representative_minus_mean,Both,all,115.08948465,1,2.11117700769,0.8271155596,0.943654629471
representative_minus_mean,Both,all,115.123800568,1,421.909836698,0.827297543221,0.9437274604
representative_minus_mean,Both,all,115.157669625,1,8.37188496453,0.827479526843,0.943728905572
representative_minus_mean,Both,all,115.255614268,1,29.9388241066,0.827661510464,0.943734073672
representative_minus_mean,Both,all,115.275134128,1,98.3980698416,0.827843494086,0.943751059346
representative_minus_mean,Both,all,115.354522767,1,810.823452842,0.828025477707,0.94389102533
representative_minus_mean,Both,all,115.406630155,1,755.497754063,0.828207461328,0.94402144088
representative_minus_mean,Both,all,115.406985613,1,2159.52823371,0.82838944495,0.94439422301
representative_minus_mean,Both,all,115.466963535,1,457.914762028,0.828571428571,0.944473269182
representative_minus_mean,Both,all,115.472679568,1,29.7201074893,0.828753412193,0.944478399527
representative_minus_mean,Both,all,115.532225936,1,199.389086597,0.828935395814,0.944512818474
representative_minus_mean,Both,all,115.568950276,1,3001.85947466,0.829117379436,0.945031005526
representative_minus_mean,Both,all,115.694557402,1,4698.87130184,0.829299363057,0.94584213419
representative_minus_mean,Both,all,115.696841201,1,51.0896540264,0.829481346679,0.94585095339
representative_minus_mean,Both,all,115.727190624,1,1834.0676458,0.8296633303,0.946167553855
representative_minus_mean,Both,all,116.138467194,1,717.649751575,0.829845313922,0.946291436006
representative_minus_mean,Both,all,116.292876774,1,3.66137538396,0.830027297543,0.94629206804
representative_minus_mean,Both,all,116.313615538,1,49.8568589753,0.830209281165,0.946300674432
representative_minus_mean,Both,all,116.439887326,1,6.52626651125,0.830391264786,0.946301801009
representative_minus_mean,Both,all,116.549090364,1,14.1414904647,0.830573248408,0.946304242142
representative_minus_mean,Both,all,116.605004347,1,185.288715277,0.830755232029,0.946336227055
representative_minus_mean,Both,all,116.633179879,1,42.5914604465,0.830937215651,0.946343579279
representative_minus_mean,Both,all,116.667686092,1,102.423855553,0.831119199272,0.946361259892
representative_minus_mean,Both,all,116.739985479,1,509.152338401,0.831301182894,0.946449150798
representative_minus_mean,Both,all,116.935679293,1,17.9512715382,0.831483166515,0.946452249582
representative_minus_mean,Both,all,116.99299922,1,7.27956133392,0.831665150136,0.946453506195
representative_minus_mean,Both,all,117.020347944,1,335.843241209,0.831847133758,0.946511480134
representative_minus_mean,Both,all,117.033514543,1,28.7208483785,0.832029117379,0.946516437985
representative_minus_mean,Both,all,117.141634179,1,70.4451736878,0.832211101001,0.946528598374
representative_minus_mean,Both,all,117.38864649,1,298.357053709,0.832393084622,0.946580101371
representative_minus_mean,Both,all,117.545658926,1,12.8191559282,0.832575068244,0.94658231424
representative_minus_mean,Both,all,117.636520959,1,62.7108952111,0.832757051865,0.946593139522
representative_minus_mean,Both,all,117.763829804,1,81.6670135707,0.832939035487,0.946607237047
representative_minus_mean,Both,all,117.944716142,1,968.209483526,0.833121019108,0.946774371325
representative_minus_mean,Both,all,118.002059396,1,61.5070911933,0.83330300273,0.946784988804
representative_minus_mean,Both,all,118.074134686,1,54.938775392,0.833484986351,0.946794472446
representative_minus_mean,Both,all,118.084532275,1,3.94878840175,0.833666969973,0.946795154094
representative_minus_mean,Both,all,118.097867849,1,2022.14882954,0.833848953594,0.947144221513
representative_minus_mean,Both,all,118.342242062,1,332.823044581,0.834030937216,0.9472016741
representative_minus_mean,Both,all,118.349565436,1,147.853509932,0.834212920837,0.947227196872
representative_minus_mean,Both,all,118.579323175,1,104.505439029,0.834394904459,0.947245236812
representative_minus_mean,Both,all,118.582236731,1,56.9798371486,0.83457688808,0.947255072787
representative_minus_mean,Both,all,118.593489473,1,1124.79822166,0.834758871702,0.94744923773
representative_minus_mean,Both,all,118.90492603,1,139.095143527,0.834940855323,0.947473248615
representative_minus_mean,Both,all,119.257861124,1,108.899096485,0.835122838944,0.947492046997
representative_minus_mean,Both,all,119.280370479,1,5.41528164081,0.835304822566,0.947492981794
representative_minus_mean,Both,all,119.300373021,1,2297.10044469,0.835486806187,0.947889511917
representative_minus_mean,Both,all,119.409349322,1,21.3700324071,0.835668789809,0.947893200856
representative_minus_mean,Both,all,119.414316662,1,1418.26490663,0.83585077343,0.948138024611
representative_minus_mean,Both,all,119.463611678,1,205,0.836032757052,0.948173412126
representative_minus_mean,Both,all,119.525457775,1,83.4973286547,0.836214740673,0.948187825603
representative_minus_mean,Both,all,119.638422442,1,2911.17338882,0.836396724295,0.94869035824
representative_minus_mean,Both,all,119.6991627,1,27.9355269784,0.836578707916,0.948695180527
representative_minus_mean,Both,all,119.826865641,1,2076.02147883,0.836760691538,0.949053547552
representative_minus_mean,Both,all,119.828865022,1,1035.56470706,0.836942675159,0.949232308825
representative_minus_mean,Both,all,119.948416906,1,142.189960926,0.837124658781,0.949256853944
representative_minus_mean,Both,all,119.970865631,1,91.3528953227,0.837306642402,0.949272623465
representative_minus_mean,Both,all,120.207421927,1,50.2548314914,0.837488626024,0.949281298556
representative_minus_mean,Both,all,120.53597713,1,2891.34205624,0.837670609645,0.949780407868
representative_minus_mean,Both,all,120.681022328,1,103.990791962,0.837852593267,0.949798358968
representative_minus_mean,Both,all,120.824588507,1,35.6568303367,0.838034576888,0.949804514123
representative_minus_mean,Both,all,120.951369488,1,26.503275278,0.83821656051,0.949809089172
representative_minus_mean,Both,all,120.955972209,1,1.38959217168,0.838398544131,0.949809329046
representative_minus_mean,Both,all,120.956995,1,1192.58196861,0.838580527753,0.950015194956
representative_minus_mean,Both,all,121.129295741,1,734.192231109,0.838762511374,0.950141932704
representative_minus_mean,Both,all,121.306904336,1,150.863694029,0.838944494995,0.9501679751
representative_minus_mean,Both,all,121.84255976,1,75.3025241867,0.839126478617,0.950180973974
representative_minus_mean,Both,all,121.901358548,1,165.528620548,0.839308462238,0.950209547859
representative_minus_mean,Both,all,121.995100779,1,107.938406946,0.83949044586,0.950228180405
representative_minus_mean,Both,all,122.056635408,1,33.4042850031,0.839672429481,0.95023394672
representative_minus_mean,Both,all,122.076236609,1,47.8559049077,0.839854413103,0.950242207703
representative_minus_mean,Both,all,122.150312632,1,14.4637943847,0.840036396724,0.950244704473
representative_minus_mean,Both,all,122.31115537,1,39.7540052054,0.840218380346,0.950251566889
representative_minus_mean,Both,all,122.312399952,1,25.3519690309,0.840400363967,0.950255943197
representative_minus_mean,Both,all,122.453199325,1,971.371090993,0.840582347589,0.950423623239
representative_minus_mean,Both,all,122.689943338,1,7.46893670251,0.84076433121,0.950424912542
representative_minus_mean,Both,all,122.824916722,1,1487.59142262,0.840946314832,0.950681703581
representative_minus_mean,Both,all,122.844579468,1,15.7009644432,0.841128298453,0.950684413913
representative_minus_mean,Both,all,122.918990288,1,3.49499069611,0.841310282075,0.950685017226
representative_minus_mean,Both,all,122.951430877,1,3951.60674334,0.841492265696,0.951367151571
representative_minus_mean,Both,all,123.068119733,1,643.809187251,0.841674249318,0.951478287215
representative_minus_mean,Both,all,123.376910494,1,0.78120028503,0.841856232939,0.951478422067
representative_minus_mean,Both,all,123.401422604,1,10.4940956141,0.842038216561,0.951480233579
representative_minus_mean,Both,all,123.425397778,1,2281.79601478,0.842220200182,0.951874121821
representative_minus_mean,Both,all,123.433407515,1,2278.30380718,0.842402183803,0.95226740723
representative_minus_mean,Both,all,123.54013536,1,153.800723696,0.842584167425,0.952293956622
representative_minus_mean,Both,all,123.719436404,1,11.1251830752,0.842766151046,0.952295877074
representative_minus_mean,Both,all,123.763906944,1,1794.0413709,0.842948134668,0.952605568123
representative_minus_mean,Both,all,123.845437952,1,6.03169159252,0.843130118289,0.952606609325
representative_minus_mean,Both,all,124.014396083,1,1.62014343845,0.843312101911,0.952606888998
representative_minus_mean,Both,all,124.096890307,1,596.812175634,0.843494085532,0.952709911922
representative_minus_mean,Both,all,124.141900703,1,219.3648161,0.843676069154,0.95274777912
representative_minus_mean,Both,all,124.204532701,1,138.883886325,0.843858052775,0.952771753538
representative_minus_mean,Both,all,124.361790682,1,23.9361895286,0.844040036397,0.952775885451
representative_minus_mean,Both,all,124.463589323,1,68.2211017977,0.844222020018,0.952787661915
representative_minus_mean,Both,all,124.656054408,1,17.2228790998,0.84440400364,0.952790634964
representative_minus_mean,Both,all,124.735722397,1,163.093443208,0.844585987261,0.952818788484
representative_minus_mean,Both,all,124.809749488,1,486.707652003,0.844767970883,0.952902804943
representative_minus_mean,Both,all,124.821348982,1,272.420906903,0.844949954504,0.95294983079
representative_minus_mean,Both,all,125.143658209,1,34.6995829945,0.845131938126,0.952955820702
representative_minus_mean,Both,all,125.475873969,1,3.0840170189,0.845313921747,0.952956353072
representative_minus_mean,Both,all,125.536774324,1,977.941884805,0.845495905369,0.953125167377
representative_minus_mean,Both,all,125.641421039,1,315.486606386,0.84567788899,0.953179627313
representative_minus_mean,Both,all,126.134498854,1,6.45424872809,0.845859872611,0.953180741458
representative_minus_mean,Both,all,126.17341855,1,331.870485078,0.846041856233,0.953238029613
representative_minus_mean,Both,all,126.208429166,1,5.36777708771,0.846223839854,0.953238956209
representative_minus_mean,Both,all,126.248731804,1,23.6013032042,0.846405823476,0.953243030314
representative_minus_mean,Both,all,126.363726208,1,42.9196598014,0.846587807097,0.953250439192
representative_minus_mean,Both,all,126.430947845,1,510.342436368,0.846769790719,0.953338535535
representative_minus_mean,Both,all,126.522838114,1,320.487627183,0.84695177434,0.953393858758
representative_minus_mean,Both,all,126.539484018,1,7.78878396192,0.847133757962,0.953395203273
representative_minus_mean,Both,all,126.564615041,1,414.737566481,0.847315741583,0.953466796111
representative_minus_mean,Both,all,126.614818426,1,157.715045312,0.847497725205,0.9534940212
representative_minus_mean,Both,all,126.744040115,1,108.998533797,0.847679708826,0.953512836748
representative_minus_mean,Both,all,126.848641844,1,86.0743109259,0.847861692448,0.953527695069
representative_minus_mean,Both,all,126.907575104,1,1559.82591164,0.848043676069,0.953796955372
representative_minus_mean,Both,all,127.786879596,1,51.2880825441,0.848225659691,0.953805808824
representative_minus_mean,Both,all,127.882742927,1,26.4819275308,0.848407643312,0.953810380188
representative_minus_mean,Both,all,127.939355831,1,101.799892137,0.848589626934,0.953827953092
representative_minus_mean,Both,all,128.088180298,1,1.18353628838,0.848771610555,0.953828157396
representative_minus_mean,Both,all,128.125577089,1,2.62083784505,0.848953594177,0.95382860981
representative_minus_mean,Both,all,128.130554077,1,52.6198218824,0.849135577798,0.95383769315
representative_minus_mean,Both,all,128.442627718,1,5.05366908079,0.849317561419,0.953838565525
representative_minus_mean,Both,all,128.543943348,1,4.48058974577,0.849499545041,0.953839338973
representative_minus_mean,Both,all,128.60313956,1,345.358023002,0.849681528662,0.953898955374
representative_minus_mean,Both,all,128.856841949,1,1.11892859963,0.849863512284,0.953899148525
representative_minus_mean,Both,all,129.132061123,1,82.0278669064,0.850045495905,0.953913308342
representative_minus_mean,Both,all,129.256003793,1,41.8897081887,0.850227479527,0.953920539428
representative_minus_mean,Both,all,129.353109351,1,3032.62263396,0.850409463148,0.954444036878
representative_minus_mean,Both,all,129.546189367,1,1479.58881531,0.85059144677,0.954699446491
representative_minus_mean,Both,all,129.6079627,1,15.3349553459,0.850773430391,0.954702093642
representative_minus_mean,Both,all,129.731494891,1,13.432333432,0.850955414013,0.954704412359
representative_minus_mean,Both,all,129.946422562,1,34.8727742516,0.851137397634,0.954710432167
representative_minus_mean,Both,all,130.06125492,1,30.7459597493,0.851319381256,0.954715739597
representative_minus_mean,Both,all,130.117812069,1,342.884874931,0.851501364877,0.954774929077
representative_minus_mean,Both,all,130.206324405,1,9.09960964774,0.851683348499,0.95477649987
representative_minus_mean,Both,all,130.255654039,1,14.5997844957,0.85186533212,0.954779020115
representative_minus_mean,Both,all,130.270642323,1,20.0162465036,0.852047315742,0.95478247536
representative_minus_mean,Both,all,130.306309992,1,121.308028683,0.852229299363,0.954803415797
representative_minus_mean,Both,all,130.54366847,1,2.98513541278,0.852411282985,0.954803931097
representative_minus_mean,Both,all,130.646407301,1,192.732191776,0.852593266606,0.954837200918
representative_minus_mean,Both,all,130.677723285,1,118.180047022,0.852775250227,0.954857601396
representative_minus_mean,Both,all,130.719485013,1,115.402848087,0.852957233849,0.954877522469
representative_minus_mean,Both,all,130.719703766,1,86.3192226255,0.85313921747,0.954892423068
representative_minus_mean,Both,all,130.770623451,1,17.0627432184,0.853321201092,0.954895368473
representative_minus_mean,Both,all,130.957165363,1,421.892763082,0.853503184713,0.954968196455
representative_minus_mean,Both,all,130.997015426,1,53.7986559325,0.853685168335,0.954977483288
representative_minus_mean,Both,all,131.062751438,1,1832.37351235,0.853867151956,0.955293791308
representative_minus_mean,Both,all,131.11203223,1,263.300452766,0.854049135578,0.955339242765
representative_minus_mean,Both,all,131.26784943,1,1822.31303188,0.854231119199,0.955653814125
representative_minus_mean,Both,all,131.729465286,1,308.227242329,0.854413102821,0.955707020935
representative_minus_mean,Both,all,131.741684787,1,26.5367220969,0.854595086442,0.955711601757
representative_minus_mean,Both,all,131.828043128,1,2.7081945537,0.854777070064,0.955712069251
representative_minus_mean,Both,all,131.850575903,1,2427.58000875,0.854959053685,0.95613112302
representative_minus_mean,Both,all,131.996195045,1,12.8002490111,0.855141037307,0.956133332625
representative_minus_mean,Both,all,132.014690102,1,146.210362404,0.855323020928,0.956158571754
representative_minus_mean,Both,all,132.098719283,1,243.259571583,0.85550500455,0.956200563713
representative_minus_mean,Both,all,132.107083028,1,16.3496471349,0.855686988171,0.956203386022
representative_minus_mean,Both,all,132.343643122,1,23.0301216903,0.855868971793,0.956207361528
representative_minus_mean,Both,all,132.385392723,1,195.909633198,0.856050955414,0.956241179845
representative_minus_mean,Both,all,132.394196916,1,7.20341400683,0.856232939035,0.956242423313
representative_minus_mean,Both,all,132.411778503,1,1028.78480723,0.856414922657,0.956420014226
representative_minus_mean,Both,all,132.561859758,1,178.159525382,0.856596906278,0.956450768484
representative_minus_mean,Both,all,133.30344485,1,57.5514389543,0.8567788899,0.95646070313
representative_minus_mean,Both,all,133.338968236,1,0.907805024503,0.856960873521,0.956460859837
representative_minus_mean,Both,all,133.434042824,1,124.260017009,0.857142857143,0.956482309852
representative_minus_mean,Both,all,133.448550321,1,284.584873393,0.857324840764,0.956531435468
representative_minus_mean,Both,all,133.573593158,1,5.15391244064,0.857506824386,0.956532325147
representative_minus_mean,Both,all,133.580777525,1,166.048071993,0.857688808007,0.956560988701
representative_minus_mean,Both,all,133.685913958,1,120.802099813,0.857870791629,0.956581841804
representative_minus_mean,Both,all,134.007508668,1,3572.22820299,0.85805277525,0.957198487059
representative_minus_mean,Both,all,134.030841068,1,302.035040262,0.858234758872,0.957250624958
representative_minus_mean,Both,all,134.085217702,1,80.3137327196,0.858416742493,0.957264488877
representative_minus_mean,Both,all,134.220275251,1,478.236131564,0.858598726115,0.957347042965
representative_minus_mean,Both,all,134.252098891,1,46.8225263568,0.858780709736,0.957355125564
representative_minus_mean,Both,all,134.382400866,1,28.2271843877,0.858962693358,0.957359998198
representative_minus_mean,Both,all,134.411181725,1,8.03756654029,0.859144676979,0.957361385659
representative_minus_mean,Both,all,134.543426567,1,17.124523924,0.859326660601,0.957364341729
representative_minus_mean,Both,all,134.886504835,1,835.831191831,0.859508644222,0.957508624599
representative_minus_mean,Both,all,135.138993214,1,173.470572169,0.859690627843,0.95753856944
representative_minus_mean,Both,all,135.165048538,1,220.389362761,0.859872611465,0.957576613497
representative_minus_mean,Both,all,135.290711614,1,11.1021456203,0.860054595086,0.957578529972
representative_minus_mean,Both,all,135.49226717,1,3474.03126542,0.860236578708,0.958178224273
representative_minus_mean,Both,all,135.536689858,1,155,0.860418562329,0.958204980686
representative_minus_mean,Both,all,135.624279603,1,139.370370573,0.860600545951,0.958229039082
representative_minus_mean,Both,all,135.979796865,1,1165.43679794,0.860782529572,0.958430219138
representative_minus_mean,Both,all,136.179001224,1,23.1326349399,0.860964513194,0.95843421234
representative_minus_mean,Both,all,136.240373347,1,370.891654663,0.861146496815,0.958498236407
representative_minus_mean,Both,all,136.559301771,1,164.379134912,0.861328480437,0.958526611866
representative_minus_mean,Both,all,136.626295821,1,45.9415105975,0.861510464058,0.958534542383
representative_minus_mean,Both,all,136.88036976,1,120.389407977,0.86169244768,0.958555324246
representative_minus_mean,Both,all,136.882529137,1,55.5279986043,0.861874431301,0.958564909601
representative_minus_mean,Both,all,136.897405209,1,1764.95499851,0.862056414923,0.958869579701
representative_minus_mean,Both,all,137.009221769,1,628.457277756,0.862238398544,0.958978065267
representative_minus_mean,Both,all,137.387892456,1,0.0416081663033,0.862420382166,0.95897807245
representative_minus_mean,Both,all,137.650329305,1,8.32184768314,0.862602365787,0.958979508984
representative_minus_mean,Both,all,137.894605527,1,1471.8128279,0.862784349409,0.95923357629
representative_minus_mean,Both,all,138.206737494,1,586.932242201,0.86296633303,0.95933489372
representative_minus_mean,Both,all,138.374635681,1,2.90666604839,0.863148316652,0.959335395475
representative_minus_mean,Both,all,138.552656766,1,2.65280024285,0.863330300273,0.959335853407
representative_minus_mean,Both,all,138.619315344,1,0.134012249083,0.863512283894,0.95933587654
representative_minus_mean,Both,all,138.713241368,1,620.95467133,0.863694267516,0.959443066991
representative_minus_mean,Both,all,139.05287197,1,1398.01059922,0.863876251137,0.959684394407
representative_minus_mean,Both,all,139.291548459,1,10.477407462,0.864058234759,0.959686203038
representative_minus_mean,Both,all,139.443180219,1,82.815811647,0.86424021838,0.959700498871
representative_minus_mean,Both,all,139.729962799,1,603.410713206,0.864422202002,0.959804660849
representative_minus_mean,Both,all,139.732751208,1,85.9664916531,0.864604185623,0.959819500558
representative_minus_mean,Both,all,139.894622172,1,317.734049068,0.864786169245,0.959874348452
representative_minus_mean,Both,all,140.04959366,1,0.628901428009,0.864968152866,0.959874457014
representative_minus_mean,Both,all,140.394026955,1,17.8770869244,0.865150136488,0.959877542993
representative_minus_mean,Both,all,140.400428411,1,16.6435229601,0.865332120109,0.959880416032
representative_minus_mean,Both,all,140.46601746,1,33.378389656,0.865514103731,0.959886177877
representative_minus_mean,Both,all,140.519501221,1,464.967748453,0.865696087352,0.95996644155
representative_minus_mean,Both,all,140.586583312,1,76.3910071786,0.865878070974,0.95997962832
representative_minus_mean,Both,all,140.671714002,1,30.1221298973,0.866060054595,0.959984828063
representative_minus_mean,Both,all,140.789606948,1,88.5788381506,0.866242038217,0.960000118721
representative_minus_mean,Both,all,140.960413457,1,2.81407082456,0.866424021838,0.960000604492
representative_minus_mean,Both,all,141.102200228,1,91.3064438872,0.86660600546,0.960016365995
representative_minus_mean,Both,all,141.157347134,1,50.8182275026,0.866787989081,0.96002513834
representative_minus_mean,Both,all,141.321170666,1,5.53996751241,0.866969972702,0.96002609466
representative_minus_mean,Both,all,141.808165986,1,0.0279596042659,0.867151956324,0.960026099487
representative_minus_mean,Both,all,141.907312659,1,122.022775255,0.867333939945,0.960047163305
representative_minus_mean,Both,all,142.076861528,1,2926.84306172,0.867515923567,0.960552400872
representative_minus_mean,Both,all,142.533771916,1,169.818023156,0.867697907188,0.960581715202
representative_minus_mean,Both,all,143.03710494,1,71.209630276,0.86787989081,0.960594007552
representative_minus_mean,Both,all,143.07406983,1,959.676826175,0.868061874431,0.960759668907
representative_minus_mean,Both,all,143.102779897,1,40.995832345,0.868243858053,0.96076674569
representative_minus_mean,Both,all,143.117567248,1,340.486311821,0.868425841674,0.960825521126
representative_minus_mean,Both,all,143.278712542,1,850.570548932,0.868607825296,0.960972348333
representative_minus_mean,Both,all,143.68075029,1,114.235603795,0.868789808917,0.960992067914
representative_minus_mean,Both,all,143.804572139,1,14.1104305139,0.868971792539,0.960994503685
representative_minus_mean,Both,all,144.103484821,1,425.283280862,0.86915377616,0.961067916945
representative_minus_mean,Both,all,144.164063484,1,90.8925655682,0.869335759782,0.961083607004
representative_minus_mean,Both,all,144.180888722,1,3514.81880007,0.869517743403,0.961690342131
representative_minus_mean,Both,all,144.301309121,1,15.5697145312,0.869699727025,0.961693029807
representative_minus_mean,Both,all,144.387119992,1,600.725955804,0.869881710646,0.961796728336
representative_minus_mean,Both,all,144.49636101,1,200.606914273,0.870063694268,0.961831357507
representative_minus_mean,Both,all,144.941994447,1,593.987264145,0.870245677889,0.96193389279
representative_minus_mean,Both,all,145.097325127,1,18.8085388011,0.87042766151,0.961937139558
representative_minus_mean,Both,all,145.129599597,1,118,0.870609645132,0.961957508956
representative_minus_mean,Both,all,145.637614557,1,19.9571958617,0.870791628753,0.961960954008
representative_minus_mean,Both,all,145.729913557,1,1110.46049436,0.870973612375,0.962152643943
representative_minus_mean,Both,all,146.424184138,1,82.4126241787,0.871155595996,0.962166870177
representative_minus_mean,Both,all,146.563231196,1,3.74683913316,0.871337579618,0.962167516964
representative_minus_mean,Both,all,146.73308737,1,71.1119189884,0.871519563239,0.962179792447
representative_minus_mean,Both,all,146.877536007,1,4100.65989071,0.871701546861,0.962887656649
representative_minus_mean,Both,all,146.930420237,1,2.44114270236,0.871883530482,0.962888078044
representative_minus_mean,Both,all,147.165230187,1,385.259313768,0.872065514104,0.962954582285
representative_minus_mean,Both,all,147.29184012,1,1.20829074741,0.872247497725,0.962954790863
representative_minus_mean,Both,all,147.374378975,1,71.7651196779,0.872429481347,0.962967179103
representative_minus_mean,Both,all,147.622520684,1,16.9291327299,0.872611464968,0.962970101444
representative_minus_mean,Both,all,147.797347208,1,52.8423210588,0.87279344859,0.962979223192
representative_minus_mean,Both,all,147.861727219,1,1515.95576239,0.872975432211,0.963240910541
representative_minus_mean,Both,all,148.066526682,1,7.82146686647,0.873157415833,0.963242260699
representative_minus_mean,Both,all,148.11454786,1,116.898666179,0.873339399454,0.963262439983
representative_minus_mean,Both,all,148.534981641,1,0.0143099940832,0.873521383076,0.963262442453
representative_minus_mean,Both,all,149.123235074,1,142.814729377,0.873703366697,0.96328709542
representative_minus_mean,Both,all,149.142538527,1,32.8839004884,0.873885350318,0.963292771906
representative_minus_mean,Both,all,149.306042041,1,1139.2275029,0.87406733394,0.96348942766
representative_minus_mean,Both,all,149.617379669,1,1612.89151736,0.874249317561,0.963767848255
representative_minus_mean,Both,all,149.771723237,1,451.90458294,0.874431301183,0.963845856938
representative_minus_mean,Both,all,149.775762182,1,167.234128557,0.874613284804,0.963874725231
representative_minus_mean,Both,all,149.778321634,1,2213.85069042,0.874795268426,0.964256884614
representative_minus_mean,Both,all,150.142595177,1,2363.5275299,0.874977252047,0.964664881515
representative_minus_mean,Both,all,150.308717564,1,662.082593838,0.875159235669,0.964779171551
representative_minus_mean,Both,all,150.430049726,1,4.63952201133,0.87534121929,0.964779972434
representative_minus_mean,Both,all,150.481712609,1,46.2856247439,0.875523202912,0.964787962352
representative_minus_mean,Both,all,150.710591994,1,26.8895284988,0.875705186533,0.964792604077
representative_minus_mean,Both,all,150.758554739,1,193.902333508,0.875887170155,0.96482607589
representative_minus_mean,Both,all,150.861706408,1,612.014101417,0.876069153776,0.964931723002
representative_minus_mean,Both,all,151.035818145,1,440.256392451,0.876251137398,0.96500772095
representative_minus_mean,Both,all,151.233496002,1,57.5588821442,0.876433121019,0.965017656881
representative_minus_mean,Both,all,151.464488625,1,192.516236956,0.876615104641,0.965050889423
representative_minus_mean,Both,all,151.625852116,1,454.372978868,0.876797088262,0.965129324205
representative_minus_mean,Both,all,151.696751489,1,6.3679946206,0.876979071884,0.965130423461
representative_minus_mean,Both,all,151.841617847,1,861.961866713,0.877161055505,0.965279217061
representative_minus_mean,Both,all,151.966754806,1,26.8756006402,0.877343039126,0.965283856382
representative_minus_mean,Both,all,152.071805104,1,454.378432156,0.877525022748,0.965362292106
representative_minus_mean,Both,all,152.122046176,1,68.9435056022,0.877707006369,0.965374193273
representative_minus_mean,Both,all,152.615572032,1,2188.38437161,0.877888989991,0.965751956608
representative_minus_mean,Both,all,152.772394079,1,731.615643983,0.878070973612,0.965878249579
representative_minus_mean,Both,all,152.919250653,1,1.27760617861,0.878252957234,0.965878470122
representative_minus_mean,Both,all,152.958906489,1,216.388166873,0.878434940855,0.965915823485
representative_minus_mean,Both,all,153.28496069,1,662.387159686,0.878616924477,0.966030166096
representative_minus_mean,Both,all,153.353571278,1,10.6139798055,0.878798908098,0.966031998303
representative_minus_mean,Both,all,153.39935254,1,10.2479951999,0.87898089172,0.966033767332
representative_minus_mean,Both,all,153.498881321,1,8.80361537431,0.879162875341,0.96603528703
representative_minus_mean,Both,all,153.499408088,1,3.01322143725,0.879344858963,0.966035807178
representative_minus_mean,Both,all,153.614709602,1,585.931941303,0.879526842584,0.966136951935
representative_minus_mean,Both,all,153.699828756,1,154.252156588,0.879708826206,0.966163579254
representative_minus_mean,Both,all,153.755770966,1,3.67819393827,0.879890809827,0.966164214191
representative_minus_mean,Both,all,153.775198509,1,20.6668453242,0.880072793449,0.966167781744
representative_minus_mean,Both,all,153.996665353,1,194.558881801,0.88025477707,0.966201366891
representative_minus_mean,Both,all,154.088568956,1,2705.11931318,0.880436760692,0.966668330057
representative_minus_mean,Both,all,154.246950928,1,217.916582143,0.880618744313,0.966705947258
representative_minus_mean,Both,all,154.26335793,1,211.062328341,0.880800727934,0.966742381263
representative_minus_mean,Both,all,154.282240886,1,390.333568964,0.880982711556,0.966809761433
representative_minus_mean,Both,all,154.797934564,1,107.558270506,0.881164695177,0.966828328359
representative_minus_mean,Both,all,155.001996381,1,111.195946942,0.881346678799,0.966847523229
representative_minus_mean,Both,all,155.177176304,1,61.0879731159,0.88152866242,0.966858068358
representative_minus_mean,Both,all,155.264082434,1,9.89747491485,0.881710646042,0.96685977688
representative_minus_mean,Both,all,155.301263242,1,29.323329229,0.881892629663,0.966864838733
representative_minus_mean,Both,all,155.345034387,1,168.612036002,0.882074613285,0.966893944883
representative_minus_mean,Both,all,155.363998296,1,70.1654032938,0.882256596906,0.966906056977
representative_minus_mean,Both,all,155.409895621,1,30.4348065345,0.882438580528,0.966911310695
representative_minus_mean,Both,all,155.457719384,1,0.148138731369,0.882620564149,0.966911336267
representative_minus_mean,Both,all,155.981051617,1,12.3959236236,0.882802547771,0.966913476076
representative_minus_mean,Both,all,156.079703978,1,60.0770414626,0.882984531392,0.966923846697
representative_minus_mean,Both,all,156.332567658,1,470.637873197,0.883166515014,0.967005089158
representative_minus_mean,Both,all,156.425344842,1,117.228800044,0.883348498635,0.96702532543
representative_minus_mean,Both,all,156.532197506,1,5.30337071096,0.883530482257,0.967026240909
representative_minus_mean,Both,all,156.5392641,1,0.124742924565,0.883712465878,0.967026262442
representative_minus_mean,Both,all,156.773936321,1,40.2617315788,0.8838944495,0.967033212504
representative_minus_mean,Both,all,156.797755602,1,6.86175631414,0.884076433121,0.967034396994
representative_minus_mean,Both,all,156.955046899,1,28.8592276019,0.884258416742,0.967039378732
representative_minus_mean,Both,all,157.097766309,1,3.606059219,0.884440400364,0.967040001217
representative_minus_mean,Both,all,157.22655198,1,7.4596686908,0.884622383985,0.967041288921
representative_minus_mean,Both,all,157.539176311,1,1162.63844468,0.884804367607,0.96724198592
representative_minus_mean,Both,all,157.613893919,1,14.4574639227,0.884986351228,0.967244481596
representative_minus_mean,Both,all,157.721778436,1,188.71179571,0.88516833485,0.967277057408
representative_minus_mean,Both,all,157.775723872,1,2455.52418728,0.885350318471,0.967700934958
representative_minus_mean,Both,all,158.009895205,1,18.4099590769,0.885532302093,0.967704112922
representative_minus_mean,Both,all,158.081918871,1,413.82566204,0.885714285714,0.967775548345
representative_minus_mean,Both,all,158.441590333,1,261.223163361,0.885896269336,0.967820641215
representative_minus_mean,Both,all,158.466055102,1,6.00826031684,0.886078252957,0.967821678373
representative_minus_mean,Both,all,158.540168759,1,80.9533367946,0.886260236579,0.967835652702
representative_minus_mean,Both,all,158.571045396,1,870.321772782,0.8864422202,0.967985889406
representative_minus_mean,Both,all,158.667437811,1,6.57400843448,0.886624203822,0.967987024225
representative_minus_mean,Both,all,158.802349745,1,343.287781214,0.886806187443,0.968046283256
representative_minus_mean,Both,all,158.855243228,1,624.543497157,0.886988171065,0.968154093217
representative_minus_mean,Both,all,158.977476802,1,336.953282533,0.887170154686,0.968212258774
representative_minus_mean,Both,all,159.204615921,1,38.9434906173,0.887352138308,0.968218981278
representative_minus_mean,Both,all,159.208152768,1,31.6759090382,0.887534121929,0.968224449237
representative_minus_mean,Both,all,159.256620847,1,774.345501544,0.887716105551,0.968358118323
representative_minus_mean,Both,all,159.372362501,1,174.679439853,0.887898089172,0.968388271841
representative_minus_mean,Both,all,159.569223613,1,4.10642752519,0.888080072793,0.968388980701
representative_minus_mean,Both,all,160.365772191,1,1708.46049127,0.888262056415,0.968683898605
representative_minus_mean,Both,all,160.525684978,1,206.128038537,0.888444040036,0.968719480844
representative_minus_mean,Both,all,160.697265109,1,187.178847764,0.888626023658,0.968751792035
representative_minus_mean,Both,all,160.833681466,1,13.1789791655,0.888808007279,0.968754067017
representative_minus_mean,Both,all,160.877156866,1,597.151594437,0.888989990901,0.968857148533
representative_minus_mean,Both,all,161.608821842,1,210.784527693,0.889171974522,0.968893534584
representative_minus_mean,Both,all,161.794004015,1,1572.36554762,0.889353958144,0.969164959504
representative_minus_mean,Both,all,162.020549068,1,2418.85178078,0.889535941765,0.969582506589
representative_minus_mean,Both,all,162.078009399,1,3023.23502883,0.889717925387,0.970104383532
representative_minus_mean,Both,all,162.262945494,1,411.740921524,0.889899909008,0.970175459083
representative_minus_mean,Both,all,162.762725517,1,939.489018649,0.89008189263,0.970337635577
representative_minus_mean,Both,all,163.212938684,1,146.287046637,0.890263876251,0.970362887942
representative_minus_mean,Both,all,163.266394196,1,1765.23381109,0.890445859873,0.970667606172
representative_minus_mean,Both,all,163.345762915,1,487.592562567,0.890627843494,0.970751775386
representative_minus_mean,Both,all,163.368366919,1,37.5349434842,0.890809827116,0.970758254744
representative_minus_mean,Both,all,163.411562921,1,33.5557232294,0.890991810737,0.9707640472
representative_minus_mean,Both,all,163.436259336,1,137.439149011,0.891173794359,0.970787772224
representative_minus_mean,Both,all,163.446113417,1,15.1916104409,0.89135577798,0.970790394631
representative_minus_mean,Both,all,163.488131521,1,1.13249679937,0.891537761601,0.970790590125
representative_minus_mean,Both,all,163.489866054,1,97.3093868525,0.891719745223,0.970807387868
representative_minus_mean,Both,all,164.206412567,1,265,0.891901728844,0.970853132704
representative_minus_mean,Both,all,164.263238439,1,10.4902276292,0.892083712466,0.970854943548
representative_minus_mean,Both,all,164.728486856,1,1.67326914886,0.892265696087,0.970855232391
representative_minus_mean,Both,all,164.851224577,1,444.602411424,0.892447679709,0.970931980558
representative_minus_mean,Both,all,165.586638249,1,21.9082048971,0.89262966333,0.970935762397
representative_minus_mean,Both,all,165.616685453,1,147.838630021,0.892811646952,0.9709612826
representative_minus_mean,Both,all,165.866065446,1,0.693953740611,0.892993630573,0.970961402392
representative_minus_mean,Both,all,166.078602687,1,4.24578580091,0.893175614195,0.970962135308
representative_minus_mean,Both,all,166.576238746,1,864.483800243,0.893357597816,0.971111364249
representative_minus_mean,Both,all,166.787231271,1,1796.39110112,0.893539581438,0.971421460913
representative_minus_mean,Both,all,167.239783245,1,132.826360197,0.893721565059,0.971444389668
representative_minus_mean,Both,all,167.468361625,1,167.48926496,0.893903548681,0.971473302004
representative_minus_mean,Both,all,167.887427346,1,117.078942492,0.894085532302,0.971493512407
representative_minus_mean,Both,all,167.924948166,1,17.1487875843,0.894267515924,0.971496472666
representative_minus_mean,Both,all,167.968697989,1,43.6852948601,0.894449499545,0.97150401371
representative_minus_mean,Both,all,168.272720728,1,1220.626442,0.894631483167,0.971714720714
representative_minus_mean,Both,all,168.306478217,1,84.9977583383,0.894813466788,0.971729393199
representative_minus_mean,Both,all,168.334432882,1,5.32717493031,0.894995450409,0.971730312787
representative_minus_mean,Both,all,168.495377048,1,199.694322965,0.895177434031,0.971764784424
representative_minus_mean,Both,all,168.580251451,1,15.8476080363,0.895359417652,0.97176752007
representative_minus_mean,Both,all,168.597768038,1,1015.27348776,0.895541401274,0.971942778633
representative_minus_mean,Both,all,168.781393144,1,112.357403915,0.895723384895,0.971962173995
representative_minus_mean,Both,all,168.847206352,1,1.01656349454,0.895905368517,0.971962349476
representative_minus_mean,Both,all,169.21275737,1,3.25435825406,0.896087352138,0.97196291125
representative_minus_mean,Both,all,169.406753775,1,6.79913038378,0.89626933576,0.97196408493
representative_minus_mean,Both,all,169.470616952,1,2924.58935278,0.896451319381,0.972468933457
representative_minus_mean,Both,all,169.628217431,1,112.357064402,0.896633303003,0.97248832876
representative_minus_mean,Both,all,169.772892396,1,22.7466905415,0.896815286624,0.97249225534
representative_minus_mean,Both,all,169.830068731,1,25.3755625318,0.896997270246,0.972496635721
representative_minus_mean,Both,all,170.400280736,1,249,0.897179253867,0.972539618605
representative_minus_mean,Both,all,170.670741075,1,310.787365813,0.897361237489,0.972593267348
representative_minus_mean,Both,all,170.689588366,1,35.0528081204,0.89754322111,0.972599318235
representative_minus_mean,Both,all,170.84690468,1,1.90259870893,0.897725204732,0.972599646665
representative_minus_mean,Both,all,171.088716564,1,2.15557975473,0.897907188353,0.972600018766
representative_minus_mean,Both,all,171.270071421,1,1069.46285887,0.898089171975,0.972784631607
representative_minus_mean,Both,all,171.382627797,1,807.382612774,0.898271155596,0.972924003626
representative_minus_mean,Both,all,171.43466156,1,1013.38236594,0.898453139217,0.973098935738
representative_minus_mean,Both,all,171.481392391,1,3115.70219294,0.898635122839,0.97363677455
representative_minus_mean,Both,all,171.619415095,1,9.04117345472,0.89881710646,0.973638335256
representative_minus_mean,Both,all,171.920692761,1,174.574901627,0.898999090082,0.973668470729
representative_minus_mean,Both,all,172.214622299,1,10.0290465406,0.899181073703,0.973670201963
representative_minus_mean,Both,all,172.345510251,1,12.8622927613,0.899363057325,0.973672422278
representative_minus_mean,Both,all,172.440897983,1,441.436463575,0.899545040946,0.973748623933
representative_minus_mean,Both,all,172.714668325,1,9.58572899322,0.899727024568,0.973750278641
representative_minus_mean,Both,all,172.894688242,1,143.204062262,0.899909008189,0.973774998815
representative_minus_mean,Both,all,173.283615009,1,0.696213115736,0.900090991811,0.973775118997
representative_minus_mean,Both,all,173.345456995,1,2260.03390595,0.900272975432,0.974165250619
representative_minus_mean,Both,all,173.364179778,1,715.350682109,0.900454959054,0.9742887359
representative_minus_mean,Both,all,173.408556586,1,100.041229614,0.900636942675,0.97430600522
representative_minus_mean,Both,all,173.545493186,1,492.777420751,0.900818926297,0.974391069455
representative_minus_mean,Both,all,173.579799988,1,740.677999981,0.901000909918,0.974518926788
representative_minus_mean,Both,all,173.750181703,1,118.577956932,0.90118289354,0.974539395955
representative_minus_mean,Both,all,173.824101857,1,12.1862321686,0.901364877161,0.974541499567
representative_minus_mean,Both,all,173.849497899,1,5.23014900777,0.901546860783,0.974542402406
representative_minus_mean,Both,all,174.017592206,1,1037.09653554,0.901728844404,0.974721428107
representative_minus_mean,Both,all,174.051912616,1,98.2353527372,0.901910828025,0.974738385692
representative_minus_mean,Both,all,174.238120724,1,431.25818847,0.902092811647,0.974812830352
representative_minus_mean,Both,all,174.2405249,1,83.901616562,0.902274795268,0.974827313619
representative_minus_mean,Both,all,174.324232162,1,1.65692135868,0.90245677889,0.97482759964
representative_minus_mean,Both,all,175.053507856,1,450.022681544,0.902638762511,0.974905283465
representative_minus_mean,Both,all,175.271980295,1,152.381039346,0.902820746133,0.974931587789
representative_minus_mean,Both,all,175.630638742,1,37.3467528496,0.903002729754,0.974938034661
representative_minus_mean,Both,all,175.672889805,1,12.747632777,0.903184713376,0.974940235183
representative_minus_mean,Both,all,176.113515142,1,386.082075587,0.903366696997,0.975006881451
representative_minus_mean,Both,all,176.481537197,1,51.634880593,0.903548680619,0.975015794769
representative_minus_mean,Both,all,176.685962541,1,71.8154836516,0.90373066424,0.975028191703
representative_minus_mean,Both,all,176.738701129,1,12.2676353938,0.903912647862,0.975030309367
representative_minus_mean,Both,all,176.798717971,1,994.340067563,0.904094631483,0.97520195436
representative_minus_mean,Both,all,176.81712343,1,55.5892190549,0.904276615105,0.975211550283
representative_minus_mean,Both,all,176.866557035,1,608.70760814,0.904458598726,0.975316626621
representative_minus_mean,Both,all,176.943077135,1,206.386337577,0.904640582348,0.975352253448
representative_minus_mean,Both,all,177.491330639,1,29.8279174777,0.904822565969,0.975357402403
representative_minus_mean,Both,all,177.540708573,1,50.4619694782,0.905004549591,0.97536611325
representative_minus_mean,Both,all,177.777492605,1,2734.0455525,0.905186533212,0.975838069722
representative_minus_mean,Both,all,177.780499802,1,360.98035853,0.905368516833,0.975900382881
representative_minus_mean,Both,all,177.882259066,1,5.12443459301,0.905550500455,0.975901267471
representative_minus_mean,Both,all,177.93958066,1,17,0.905732484076,0.975904202045
representative_minus_mean,Both,all,178.046343251,1,18.5023534602,0.905914467698,0.975907395959
representative_minus_mean,Both,all,178.15352259,1,19.029546386,0.906096451319,0.975910680878
representative_minus_mean,Both,all,178.324851127,1,0.0778388041957,0.906278434941,0.975910694315
representative_minus_mean,Both,all,178.409159351,1,15.2545080224,0.906460418562,0.975913327579
representative_minus_mean,Both,all,178.92238869,1,2.90602803751,0.906642402184,0.975913829223
representative_minus_mean,Both,all,179.166043507,1,1260.52114409,0.906824385805,0.976131422932
representative_minus_mean,Both,all,179.716746942,1,16.0484148275,0.907006369427,0.976134193241
representative_minus_mean,Both,all,179.733982277,1,1.13773822884,0.907188353048,0.97613438964
representative_minus_mean,Both,all,179.819981291,1,0.315080664607,0.90737033667,0.97613444403
representative_minus_mean,Both,all,179.987277894,1,8.200814163,0.907552320291,0.976135859671
representative_minus_mean,Both,all,179.995576384,1,1.3506275858,0.907734303913,0.976136092819
representative_minus_mean,Both,all,180.10930057,1,4.55505356417,0.907916287534,0.976136879122
representative_minus_mean,Both,all,180.564382568,1,129.124292738,0.908098271156,0.976159168818
representative_minus_mean,Both,all,180.704443184,1,1009.33027522,0.908280254777,0.976333401451
representative_minus_mean,Both,all,180.709720688,1,321.192421796,0.908462238399,0.976388846336
representative_minus_mean,Both,all,181.033539263,1,27.0122604895,0.90864422202,0.976393509247
representative_minus_mean,Both,all,181.077751971,1,17.7931415644,0.908826205641,0.976396580735
representative_minus_mean,Both,all,181.6719116,1,2431.12241401,0.909008189263,0.976816246002
representative_minus_mean,Both,all,181.93536492,1,22.0774789107,0.909190172884,0.976820057061
representative_minus_mean,Both,all,182.307452659,1,746.712146322,0.909372156506,0.976948956021
representative_minus_mean,Both,all,182.753206167,1,2.69156077715,0.909554140127,0.976949420644
representative_minus_mean,Both,all,182.846146363,1,4.15804636812,0.909736123749,0.976950138414
representative_minus_mean,Both,all,182.92606138,1,1156.18438592,0.90991810737,0.977149721301
representative_minus_mean,Both,all,183.052360109,1,322.480093777,0.910100090992,0.977205388466
representative_minus_mean,Both,all,183.214392092,1,4.34495585399,0.910282074613,0.977206138501
representative_minus_mean,Both,all,183.340771117,1,1.14606318436,0.910464058235,0.977206336337
representative_minus_mean,Both,all,183.394494624,1,139.856931762,0.910646041856,0.977230478724
representative_minus_mean,Both,all,183.499589824,1,31.4056555895,0.910828025478,0.977235900031
representative_minus_mean,Both,all,183.55916355,1,528.939155563,0.911010009099,0.977327206578
representative_minus_mean,Both,all,183.815859246,1,525.315278517,0.911191992721,0.977417887563
representative_minus_mean,Both,all,183.882739716,1,44.3298037467,0.911373976342,0.977425539864
representative_minus_mean,Both,all,183.883253248,1,123.370432744,0.911555959964,0.977446836317
representative_minus_mean,Both,all,184.136042431,1,45.394761999,0.911737943585,0.977454672453
representative_minus_mean,Both,all,184.211005743,1,4.39937193371,0.911919927207,0.977455431881
representative_minus_mean,Both,all,184.405439726,1,2.48137448929,0.912101910828,0.977455860221
representative_minus_mean,Both,all,184.883803484,1,83.5885491134,0.912283894449,0.977470289445
representative_minus_mean,Both,all,184.998415242,1,368.733151206,0.912465878071,0.977533940908
representative_minus_mean,Both,all,185.169842211,1,7.4861545215,0.912647861692,0.977535233183
representative_minus_mean,Both,all,185.487587911,1,45.6234077121,0.912829845314,0.977543108788
representative_minus_mean,Both,all,185.710482117,1,9.09268836916,0.913011828935,0.977544678386
representative_minus_mean,Both,all,186.287027504,1,41.5147063721,0.913193812557,0.977551844738
representative_minus_mean,Both,all,186.587399951,1,158.62051638,0.913375796178,0.977579226133
representative_minus_mean,Both,all,186.784387814,1,281.522332163,0.9135577798,0.977627823087
representative_minus_mean,Both,all,186.952843415,1,207.47390452,0.913739763421,0.977663637652
representative_minus_mean,Both,all,186.991367052,1,155.604214867,0.913921747043,0.977690498366
representative_minus_mean,Both,all,187.349340209,1,171.738978729,0.914103730664,0.977720144296
representative_minus_mean,Both,all,188.604676649,1,4.6006198989,0.914285714286,0.977720938464
representative_minus_mean,Both,all,188.927524875,1,331.813676868,0.914467697907,0.977778216812
representative_minus_mean,Both,all,188.957790414,1,26.3322035772,0.914649681529,0.97778276233
representative_minus_mean,Both,all,189.004348012,1,23.4944448118,0.91483166515,0.977786817988
representative_minus_mean,Both,all,189.257817598,1,563.474475829,0.915013648772,0.977884086092
representative_minus_mean,Both,all,190.91225216,1,124.647045109,0.915195632393,0.977905602917
representative_minus_mean,Both,all,191.303092284,1,529.492689204,0.915377616015,0.977997005015
representative_minus_mean,Both,all,191.391438262,1,17.7195204303,0.915559599636,0.978000063795
representative_minus_mean,Both,all,191.518502825,1,102.102628214,0.915741583258,0.978017688957
representative_minus_mean,Both,all,191.809948678,1,220.661801689,0.915923566879,0.978055780043
representative_minus_mean,Both,all,192.809502947,1,16.1414713403,0.9161055505,0.978058566417
representative_minus_mean,Both,all,193.654846847,1,678.739083842,0.916287534122,0.978175731729
representative_minus_mean,Both,all,194.543792002,1,425.715469738,0.916469517743,0.978249219595
representative_minus_mean,Both,all,194.62439594,1,26.6776457679,0.916651501365,0.978253824744
representative_minus_mean,Both,all,194.946118736,1,9.79234600881,0.916833484986,0.978255515118
representative_minus_mean,Both,all,195.34510233,1,528.338125733,0.917015468608,0.978346717914
representative_minus_mean,Both,all,196.217958428,1,76.3924594432,0.917197452229,0.978359904935
representative_minus_mean,Both,all,196.431951852,1,81.3567560233,0.917379435851,0.978373948902
representative_minus_mean,Both,all,197.290065188,1,200.023979039,0.917561419472,0.978408477446
representative_minus_mean,Both,all,197.513874367,1,83.0813752443,0.917743403094,0.978422819121
representative_minus_mean,Both,all,197.681370013,1,33.1255409733,0.917925386715,0.978428537319
representative_minus_mean,Both,all,197.717703018,1,551.042227697,0.918107370337,0.978523659342
representative_minus_mean,Both,all,198.228119228,1,161.712254605,0.918289353958,0.978551574439
representative_minus_mean,Both,all,198.558704167,1,383.606511962,0.91847133758,0.97861779337
representative_minus_mean,Both,all,198.643587655,1,116.257339964,0.918653321201,0.978637861947
representative_minus_mean,Both,all,198.720116861,1,392.921758847,0.918835304823,0.978705688896
representative_minus_mean,Both,all,198.75238212,1,173.712008436,0.919017288444,0.978735675414
representative_minus_mean,Both,all,198.774485372,1,117.026063577,0.919199272066,0.97875587669
representative_minus_mean,Both,all,198.991890534,1,13.8217280275,0.919381255687,0.978758262624
representative_minus_mean,Both,all,199.197684182,1,165.586700157,0.919563239308,0.978786846535
representative_minus_mean,Both,all,199.237067358,1,3.70232410815,0.91974522293,0.978787485638
representative_minus_mean,Both,all,199.260976969,1,7.95930538155,0.919927206551,0.978788859589
representative_minus_mean,Both,all,199.527103834,1,3.08383838058,0.920109190173,0.978789391928
representative_minus_mean,Both,all,199.622043144,1,26.1115509459,0.920291173794,0.978793899356
representative_minus_mean,Both,all,199.76448,1,678.533134133,0.920473157416,0.978911029118
representative_minus_mean,Both,all,200.105058497,1,138.715992569,0.920655141037,0.978934974553
representative_minus_mean,Both,all,200.883329471,1,45.9771812258,0.920837124659,0.978942911227
representative_minus_mean,Both,all,201.008659055,1,35.1794311553,0.92101910828,0.978948983972
representative_minus_mean,Both,all,201.887006864,1,544.558841603,0.921201091902,0.97904298682
representative_minus_mean,Both,all,202.269425582,1,3.5137939526,0.921383075523,0.979043593378
representative_minus_mean,Both,all,202.627914634,1,26.5843370164,0.921565059145,0.97904818242
representative_minus_mean,Both,all,202.678939103,1,701.699840429,0.921747042766,0.979169311265
representative_minus_mean,Both,all,203.326709912,1,416.202270509,0.921929026388,0.979241156943
representative_minus_mean,Both,all,203.727789481,1,78.746074785,0.922111010009,0.979254750249
representative_minus_mean,Both,all,203.837128971,1,394.672953264,0.922292993631,0.979322879492
representative_minus_mean,Both,all,203.975556496,1,193.423343206,0.922474977252,0.979356268621
representative_minus_mean,Both,all,204.56507768,1,70.0530377653,0.922656960874,0.979368361318
representative_minus_mean,Both,all,204.784648827,1,8.56760864731,0.922838944495,0.979369840276
representative_minus_mean,Both,all,204.791902657,1,115.210574073,0.923020928116,0.979389728158
representative_minus_mean,Both,all,205.371143798,1,14.5077774845,0.923202911738,0.97939223252
representative_minus_mean,Both,all,206.050105379,1,42.1239134766,0.923384895359,0.979399504035
representative_minus_mean,Both,all,206.163452244,1,537.097196966,0.923566878981,0.979492218839
representative_minus_mean,Both,all,207.084080359,1,0.105672305777,0.923748862602,0.979492237081
representative_minus_mean,Both,all,207.211797674,1,82.7885470526,0.923930846224,0.979506528207
representative_minus_mean,Both,all,207.938170761,1,507.54059414,0.924112829845,0.979594140891
representative_minus_mean,Both,all,207.95995257,1,2500.15340615,0.924294813467,0.980025722426
representative_minus_mean,Both,all,207.999573474,1,26.7764727472,0.924476797088,0.980030344635
representative_minus_mean,Both,all,208.268479161,1,29.6215747626,0.92465878071,0.980035457971
representative_minus_mean,Both,all,208.74147703,1,201.956595981,0.924840764331,0.980070320127
representative_minus_mean,Both,all,208.773183775,1,229.361868803,0.925022747953,0.980109913037
representative_minus_mean,Both,all,209.015778481,1,305.103102548,0.925204731574,0.980162580551
representative_minus_mean,Both,all,209.882746992,1,168.65927606,0.925386715196,0.980191694857
representative_minus_mean,Both,all,210.750203105,1,518.718298545,0.925568698817,0.980281237058
representative_minus_mean,Both,all,211.591763127,1,3.72521351414,0.925750682439,0.980281880112
representative_minus_mean,Both,all,211.635451756,1,40.3245491142,0.92593266606,0.980288841017
representative_minus_mean,Both,all,213.064853973,1,120.751919741,0.926114649682,0.980309685458
representative_minus_mean,Both,all,213.160746915,1,24.2092509318,0.926296633303,0.980313864507
representative_minus_mean,Both,all,213.902274294,1,0.163501184672,0.926478616924,0.980313892731
representative_minus_mean,Both,all,214.770396765,1,132.011293621,0.926660600546,0.980336680788
representative_minus_mean,Both,all,214.942012614,1,417.109453689,0.926842584167,0.980408683065
representative_minus_mean,Both,all,215.027607734,1,682.26612884,0.927024567789,0.980526457224
representative_minus_mean,Both,all,215.381659776,1,86.3567765512,0.92720655141,0.980541364305
representative_minus_mean,Both,all,215.548900314,1,9.87897033417,0.927388535032,0.980543069633
representative_minus_mean,Both,all,215.599683136,1,8.96737600332,0.927570518653,0.980544617599
representative_minus_mean,Both,all,215.679295808,1,370.324712667,0.927752502275,0.9806085438
representative_minus_mean,Both,all,215.716501636,1,12.9429731103,0.927934485896,0.980610778042
representative_minus_mean,Both,all,215.856801474,1,168.498595115,0.928116469518,0.98063986461
representative_minus_mean,Both,all,216.311455479,1,325.671769246,0.928298453139,0.98069608273
representative_minus_mean,Both,all,216.648577431,1,51.3369612516,0.928480436761,0.98070494462
representative_minus_mean,Both,all,217.01595011,1,37.8743936174,0.928662420382,0.980711482574
representative_minus_mean,Both,all,217.018837895,1,125.396872104,0.928844404004,0.980733128836
representative_minus_mean,Both,all,217.188500092,1,226.334844492,0.929026387625,0.980772199214
representative_minus_mean,Both,all,217.215825779,1,23.6833302994,0.929208371247,0.980776287479
representative_minus_mean,Both,all,217.264831533,1,1102.34571645,0.929390354868,0.980966576625
representative_minus_mean,Both,all,217.457833059,1,244.903111678,0.92957233849,0.981008852295
representative_minus_mean,Both,all,218.375988358,1,309.968512853,0.929754322111,0.981062359687
representative_minus_mean,Both,all,218.88426204,1,876.111994275,0.929936305732,0.98121359591
representative_minus_mean,Both,all,219.150728515,1,438.974322945,0.930118289354,0.981289372546
representative_minus_mean,Both,all,219.447937147,1,383.157968229,0.930300272975,0.981355514049
representative_minus_mean,Both,all,219.484441937,1,157.727516429,0.930482256597,0.981382741292
representative_minus_mean,Both,all,219.671573861,1,491.178283202,0.930664240218,0.98146752948
representative_minus_mean,Both,all,219.758837892,1,8.03134457208,0.93084622384,0.981468915867
representative_minus_mean,Both,all,220.039552983,1,139.100970805,0.931028207461,0.981492927758
representative_minus_mean,Both,all,220.407598227,1,504.919733131,0.931210191083,0.981580088023
representative_minus_mean,Both,all,220.58199857,1,3.52118237137,0.931392174704,0.981580695856
representative_minus_mean,Both,all,221.037437741,1,799.648334177,0.931574158326,0.981718732769
representative_minus_mean,Both,all,221.304578314,1,36.2128876493,0.931756141947,0.981724983911
representative_minus_mean,Both,all,221.400127536,1,10.0993035197,0.931938125569,0.981726727273
representative_minus_mean,Both,all,221.923791574,1,12.8056661681,0.93212010919,0.981728937813
representative_minus_mean,Both,all,222.676351655,1,4.95913462921,0.932302092812,0.981729793869
representative_minus_mean,Both,all,222.679830444,1,43.6809346195,0.932484076433,0.98173733416
representative_minus_mean,Both,all,223.065114064,1,196.444783483,0.932666060055,0.981771244856
representative_minus_mean,Both,all,223.745104273,1,428.06427152,0.932848043676,0.981845138176
representative_minus_mean,Both,all,223.755799933,1,150.164463439,0.933030027298,0.981871059869
representative_minus_mean,Both,all,224.138708754,1,62.5747570652,0.933212010919,0.98188186165
representative_minus_mean,Both,all,224.773655129,1,707.807453457,0.93339399454,0.982004044804
representative_minus_mean,Both,all,224.913638252,1,15.518377256,0.933575978162,0.982006723617
representative_minus_mean,Both,all,225.139696063,1,2848.42408559,0.933757961783,0.982498424342
representative_minus_mean,Both,all,225.290254994,1,1320.24395263,0.933939945405,0.982726327522
representative_minus_mean,Both,all,225.309162311,1,13.5283245471,0.934121929026,0.982728662809
representative_minus_mean,Both,all,225.332247581,1,20.8179752457,0.934303912648,0.98273225645
representative_minus_mean,Both,all,225.608792006,1,947.081221838,0.934485896269,0.982895743525
representative_minus_mean,Both,all,226.209472015,1,212.170552022,0.934667879891,0.982932368835
representative_minus_mean,Both,all,226.311085769,1,49.4303219977,0.934849863512,0.982940901597
representative_minus_mean,Both,all,226.352871986,1,2.84170588184,0.935031847134,0.982941392138
representative_minus_mean,Both,all,226.754366184,1,16.9984918927,0.935213830755,0.982944326452
representative_minus_mean,Both,all,227.551397583,1,288.522468052,0.935395814377,0.982994131784
representative_minus_mean,Both,all,228.267812108,1,515.921083385,0.935577797998,0.983083191125
representative_minus_mean,Both,all,229.082672064,1,136.737416269,0.93575978162,0.983106795014
representative_minus_mean,Both,all,229.086402363,1,18.7345045059,0.935941765241,0.983110029002
representative_minus_mean,Both,all,229.127661117,1,176.340403044,0.936123748863,0.983140469239
representative_minus_mean,Both,all,229.158875439,1,1107.09211177,0.936305732484,0.983331577718
representative_minus_mean,Both,all,229.55419601,1,334.402602444,0.936487716106,0.983389302971
representative_minus_mean,Both,all,229.583312158,1,268.227752928,0.936669699727,0.983435604988
representative_minus_mean,Both,all,230.729879707,1,1297.68377698,0.936851683348,0.983659613785
representative_minus_mean,Both,all,230.871417656,1,19.9934819411,0.93703366697,0.983663065101
representative_minus_mean,Both,all,230.95227563,1,543.098242991,0.937215650591,0.983756815817
representative_minus_mean,Both,all,231.181695417,1,981.861730851,0.937397634213,0.983926306774
representative_minus_mean,Both,all,231.335503149,1,0.84995752851,0.937579617834,0.983926453496
representative_minus_mean,Both,all,231.877477131,1,947.985473779,0.937761601456,0.984090096665
representative_minus_mean,Both,all,231.938854816,1,1.18991609705,0.937943585077,0.984090302071
representative_minus_mean,Both,all,233.283286178,1,19.554101574,0.938125568699,0.984093677539
representative_minus_mean,Both,all,233.431861441,1,2090.7699484,0.93830755232,0.984454590475
representative_minus_mean,Both,all,233.602226577,1,777.188747227,0.938489535942,0.984588750368
representative_minus_mean,Both,all,233.950945532,1,18.401383948,0.938671519563,0.984591926852
representative_minus_mean,Both,all,234.30820915,1,220.796722474,0.938853503185,0.984630041229
representative_minus_mean,Both,all,235.130446364,1,27.9107367182,0.939035486806,0.984634859236
representative_minus_mean,Both,all,235.349942684,1,61.8656183554,0.939217470428,0.984645538605
representative_minus_mean,Both,all,235.633138065,1,128.603190221,0.939399454049,0.984667738347
representative_minus_mean,Both,all,235.719330281,1,178.322548495,0.939581437671,0.984698520746
representative_minus_mean,Both,all,236.108788668,1,1.22183998238,0.939763421292,0.984698731663
representative_minus_mean,Both,all,236.15282706,1,10.4683434489,0.939945404914,0.984700538729
representative_minus_mean,Both,all,236.221786945,1,9.95732443174,0.940127388535,0.984702257583
representative_minus_mean,Both,all,236.504782528,1,246.231654551,0.940309372157,0.984744762589
representative_minus_mean,Both,all,238.307873471,1,2.72561967958,0.940491355778,0.984745233091
representative_minus_mean,Both,all,238.722485198,1,192.58678322,0.940673339399,0.984778477811
representative_minus_mean,Both,all,238.955060237,1,9.56351079866,0.940855323021,0.984780128683
representative_minus_mean,Both,all,238.967629554,1,277.375143449,0.941037306642,0.984828009741
representative_minus_mean,Both,all,239.510822235,1,25.9877911008,0.941219290264,0.984832495806
representative_minus_mean,Both,all,239.59701506,1,59.5531463885,0.941401273885,0.984842775991
representative_minus_mean,Both,all,239.753070219,1,39.4544859187,0.941583257507,0.984849586704
representative_minus_mean,Both,all,239.924604411,1,228.133080227,0.941765241128,0.984888967498
representative_minus_mean,Both,all,240.536579168,1,258.213370637,0.94194722475,0.984933540812
representative_minus_mean,Both,all,240.629344635,1,11.2645231125,0.942129208371,0.984935485316
representative_minus_mean,Both,all,241.010018495,1,488.136658604,0.942311191993,0.985019748453
representative_minus_mean,Both,all,241.293203517,1,20.7419305729,0.942493175614,0.985023328967
representative_minus_mean,Both,all,242.144666555,1,271.024686804,0.942675159236,0.985070113797
representative_minus_mean,Both,all,242.61279942,1,13.1259134818,0.942857142857,0.985072379618
representative_minus_mean,Both,all,242.655939219,1,202.236346239,0.943039126479,0.985107290065
representative_minus_mean,Both,all,242.804922141,1,1.75051647658,0.9432211101,0.985107592243
representative_minus_mean,Both,all,243.38969234,1,6.3623396642,0.943403093722,0.985108690523
representative_minus_mean,Both,all,244.97407425,1,9.86013384926,0.943585077343,0.985110392599
representative_minus_mean,Both,all,246.61311708,1,6592.40187511,0.943767060965,0.98624838634
representative_minus_mean,Both,all,247.852481319,1,12.1098349151,0.943949044586,0.986250476764
representative_minus_mean,Both,all,248.292542911,1,2743.23621442,0.944131028207,0.986724019746
representative_minus_mean,Both,all,248.298552647,1,593.221611691,0.944313011829,0.98682642286
representative_minus_mean,Both,all,248.545395123,1,349.781401279,0.94449499545,0.986886802832
representative_minus_mean,Both,all,248.573713208,1,73.0017511977,0.944676979072,0.986899404542
representative_minus_mean,Both,all,248.900569782,1,8.29981461197,0.944858962693,0.986900837273
representative_minus_mean,Both,all,249.375688745,1,59.382415563,0.945040946315,0.986911087986
representative_minus_mean,Both,all,249.615821848,1,465.69383136,0.945222929936,0.986991476996
representative_minus_mean,Both,all,250.684118587,1,836.25358443,0.945404913558,0.987135832781
representative_minus_mean,Both,all,250.792293085,1,43.9346381943,0.945586897179,0.987143416867
representative_minus_mean,Both,all,250.980553202,1,128.858585034,0.945768880801,0.987165660697
representative_minus_mean,Both,all,251.090657233,1,6.89338477301,0.945950864422,0.987166850647
representative_minus_mean,Both,all,251.602564218,1,253.446788569,0.946132848044,0.987210601144
representative_minus_mean,Both,all,253.602075577,1,38.4571739094,0.946314831665,0.987217239699
representative_minus_mean,Both,all,254.785198448,1,3.28370120518,0.946496815287,0.987217806538
representative_minus_mean,Both,all,254.800510136,1,52.8289564898,0.946678798908,0.987226925979
representative_minus_mean,Both,all,255.548317243,1,124.730444177,0.94686078253,0.987248457201
representative_minus_mean,Both,all,255.86835714,1,4931.01551895,0.947042766151,0.988099659069
representative_minus_mean,Both,all,256.243574312,1,1.95805027799,0.947224749773,0.988099997072
representative_minus_mean,Both,all,256.991090606,1,24.3945527501,0.947406733394,0.988104208109
representative_minus_mean,Both,all,258.174033907,1,924.411100284,0.947588717015,0.988263781822
representative_minus_mean,Both,all,258.208227131,1,9.96362425776,0.947770700637,0.988265501763
representative_minus_mean,Both,all,258.318804047,1,11.9972166872,0.947952684258,0.988267572747
representative_minus_mean,Both,all,258.82141289,1,679.573948558,0.94813466788,0.988384882176
representative_minus_mean,Both,all,259.253624531,1,90.2549039749,0.948316651501,0.98840046216
representative_minus_mean,Both,all,262.382430651,1,0.0744743337939,0.948498635123,0.988400475016
representative_minus_mean,Both,all,262.554590964,1,101.084731943,0.948680618744,0.988417924467
representative_minus_mean,Both,all,262.823895663,1,21.7758248784,0.948862602366,0.988421683453
representative_minus_mean,Both,all,263.367780968,1,635.614618924,0.949044585987,0.988531404534
representative_minus_mean,Both,all,264.344810507,1,317.238920913,0.949226569609,0.988586166958
representative_minus_mean,Both,all,264.448095133,1,1103.85576236,0.94940855323,0.988776716772
representative_minus_mean,Both,all,264.619769534,1,2.83932213811,0.949590536852,0.988777206901
representative_minus_mean,Both,all,265.425031506,1,4.73721516904,0.949772520473,0.988778024649
representative_minus_mean,Both,all,265.445792988,1,416.674879075,0.949954504095,0.988849951909
representative_minus_mean,Both,all,266.054359422,1,388.110625071,0.950136487716,0.98891694835
representative_minus_mean,Both,all,266.463392592,1,4.15904106234,0.950318471338,0.988917666292
representative_minus_mean,Both,all,266.623506862,1,1522.39434144,0.950500454959,0.989180465081
representative_minus_mean,Both,all,266.868712365,1,6.75450995495,0.950682438581,0.989181631058
representative_minus_mean,Both,all,267.072352514,1,33.6635216885,0.950864422202,0.989187442123
representative_minus_mean,Both,all,267.567926563,1,12.9888738941,0.951046405823,0.989189684289
representative_minus_mean,Both,all,267.942463497,1,1564.60352263,0.951228389445,0.989459769312
representative_minus_mean,Both,all,268.837373402,1,44.3148052049,0.951410373066,0.989467419024
representative_minus_mean,Both,all,269.384821257,1,236.718376927,0.951592356688,0.989508281829
representative_minus_mean,Both,all,269.403174646,1,9.32486834374,0.951774340309,0.989509891506
representative_minus_mean,Both,all,271.039622078,1,20.8217185323,0.951956323931,0.989513485793
representative_minus_mean,Both,all,271.649631873,1,587.221823007,0.952138307552,0.989614853212
representative_minus_mean,Both,all,272.049345828,1,786.006441061,0.952320291174,0.989750535233
representative_minus_mean,Both,all,275.851282089,1,2.04227126063,0.952502274795,0.989750887774
representative_minus_mean,Both,all,276.154011445,1,589.849399375,0.952684258417,0.98985270877
representative_minus_mean,Both,all,277.104312293,1,2102.65414066,0.952866242038,0.990215673179
representative_minus_mean,Both,all,277.414297455,1,48.6296717367,0.95304822566,0.990224067731
representative_minus_mean,Both,all,277.5138733,1,909.404698749,0.953230209281,0.990381051009
representative_minus_mean,Both,all,277.984920508,1,30.7154366204,0.953412192903,0.990386353169
representative_minus_mean,Both,all,280.156423428,1,18.4493891068,0.953594176524,0.99038953794
representative_minus_mean,Both,all,281.055339713,1,4.21596770384,0.953776160146,0.990390265709
representative_minus_mean,Both,all,281.107062614,1,138.539193627,0.953958143767,0.990414180625
representative_minus_mean,Both,all,281.460840944,1,1167.13227877,0.954140127389,0.990615653359
representative_minus_mean,Both,all,281.635880853,1,17.306956529,0.95432211101,0.99061864092
representative_minus_mean,Both,all,281.898715278,1,76.5147506701,0.954504094631,0.990631849051
representative_minus_mean,Both,all,282.388145366,1,1281.23770412,0.954686078253,0.990853018894
representative_minus_mean,Both,all,282.743621019,1,162.305836416,0.954868061874,0.990881036456
representative_minus_mean,Both,all,283.284547368,1,29.8707015311,0.955050045496,0.990886192797
representative_minus_mean,Both,all,283.495338596,1,330.13679554,0.955232029117,0.990943181678
representative_minus_mean,Both,all,285.397421023,1,7.18674079811,0.955414012739,0.990944422268
representative_minus_mean,Both,all,286.326134546,1,617.598558799,0.95559599636,0.99105103338
representative_minus_mean,Both,all,287.395491394,1,889.132951451,0.955777979982,0.991204517307
representative_minus_mean,Both,all,288.07586701,1,39.9225662336,0.955959963603,0.991211408821
representative_minus_mean,Both,all,288.93482085,1,102.432087305,0.956141947225,0.991229090855
representative_minus_mean,Both,all,290.392163091,1,38.0278564814,0.956323930846,0.991235655301
representative_minus_mean,Both,all,290.774643983,1,299.360334756,0.956505914468,0.991287331487
representative_minus_mean,Both,all,291.427344997,1,5.14337047025,0.956687898089,0.991288219346
representative_minus_mean,Both,all,291.793995944,1,4.70102234145,0.956869881711,0.991289030846
representative_minus_mean,Both,all,293.20195588,1,33.2073391028,0.957051865332,0.991294763164
representative_minus_mean,Both,all,293.449413902,1,2602.58589997,0.957233848954,0.991744026804
representative_minus_mean,Both,all,295.68588255,1,496.597938182,0.957415832575,0.991829750544
representative_minus_mean,Both,all,295.74666739,1,1137.00334219,0.957597816197,0.99202602236
representative_minus_mean,Both,all,295.959509636,1,416.989008943,0.957779799818,0.992098003846
representative_minus_mean,Both,all,296.618887192,1,1.4026888942,0.957961783439,0.992098245981
representative_minus_mean,Both,all,297.137203257,1,32.5164139404,0.958143767061,0.99210385903
representative_minus_mean,Both,all,297.279225008,1,53.1660629122,0.958325750682,0.992113036663
representative_minus_mean,Both,all,297.891575237,1,82.1225206278,0.958507734304,0.992127212819
representative_minus_mean,Both,all,298.42618206,1,0.824163614765,0.958689717925,0.992127355088
representative_minus_mean,Both,all,298.874015654,1,8.85045968369,0.958871701547,0.992128882872
representative_minus_mean,Both,all,299.928234973,1,0.458043901495,0.959053685168,0.99212896194
representative_minus_mean,Both,all,300.471946156,1,0.19160231897,0.95923566879,0.992128995015
representative_minus_mean,Both,all,300.868630765,1,702.371272087,0.959417652411,0.992250239764
representative_minus_mean,Both,all,300.918445453,1,10.1262996847,0.959599636033,0.992251987787
representative_minus_mean,Both,all,301.147924843,1,171.859064719,0.959781619654,0.992281654446
representative_minus_mean,Both,all,301.649544522,1,421.220431016,0.959963603276,0.992354366368
representative_minus_mean,Both,all,302.427975231,1,6,0.960145586897,0.9923554021
representative_minus_mean,Both,all,302.448571713,1,180.091496752,0.960327570519,0.992386489859
representative_minus_mean,Both,all,302.667499466,1,115.677220877,0.96050955414,0.992406458294
representative_minus_mean,Both,all,302.779349558,1,15.6505770683,0.960691537762,0.992409159929
representative_minus_mean,Both,all,302.999982178,1,19.5627104138,0.960873521383,0.992412536883
representative_minus_mean,Both,all,304.31279918,1,165.700619461,0.961055505005,0.992441140459
representative_minus_mean,Both,all,304.472958576,1,52.5191151095,0.961237488626,0.992450206415
representative_minus_mean,Both,all,306.411811282,1,85.67616652,0.961419472247,0.992464996008
representative_minus_mean,Both,all,306.52518705,1,9.44211328072,0.961601455869,0.992466625925
representative_minus_mean,Both,all,307.968843128,1,90.404847567,0.96178343949,0.992482231792
representative_minus_mean,Both,all,308.154634146,1,86.2712044389,0.961965423112,0.992497124102
representative_minus_mean,Both,all,308.37164045,1,19.0222709704,0.962147406733,0.992500407765
representative_minus_mean,Both,all,310.06074388,1,119.661286345,0.962329390355,0.992521063938
representative_minus_mean,Both,all,312.61710547,1,226.409016522,0.962511373976,0.99256014712
representative_minus_mean,Both,all,312.692512003,1,255.703517878,0.962693357598,0.992604287179
representative_minus_mean,Both,all,314.954999465,1,3.3542539401,0.962875341219,0.992604866197
representative_minus_mean,Both,all,315.75922763,1,2.77780189851,0.963057324841,0.992605345707
representative_minus_mean,Both,all,316.242645985,1,111.657007345,0.963239308462,0.992624620165
representative_minus_mean,Both,all,317.122936494,1,43.3542922867,0.963421292084,0.992632104071
representative_minus_mean,Both,all,317.682728667,1,5.59880677673,0.963603275705,0.992633070548
representative_minus_mean,Both,all,317.842052537,1,17.311061451,0.963785259327,0.992636058818
representative_minus_mean,Both,all,318.879447619,1,21.0166324539,0.963967242948,0.992639686752
representative_minus_mean,Both,all,319.233664372,1,27.8744227193,0.96414922657,0.992644498491
representative_minus_mean,Both,all,320.067059758,1,37.5438233062,0.964331210191,0.992650979382
representative_minus_mean,Both,all,320.478758241,1,1.24190354093,0.964513193813,0.992651193762
representative_minus_mean,Both,all,321.83781399,1,79.2342537199,0.964695177434,0.992664871339
representative_minus_mean,Both,all,325.868500559,1,54.0599357852,0.964877161056,0.992674203274
representative_minus_mean,Both,all,328.469814586,1,229.010436455,0.965059144677,0.992713735519
representative_minus_mean,Both,all,329.854618079,1,1057.2048817,0.965241128298,0.992896232363
representative_minus_mean,Both,all,332.118230569,1,4.56144658081,0.96542311192,0.992897019769
representative_minus_mean,Both,all,332.533037458,1,196.173963787,0.965605095541,0.992930883715
representative_minus_mean,Both,all,336.90781644,1,8.37120343209,0.965787079163,0.992932328769
representative_minus_mean,Both,all,337.564557835,1,23.4637282456,0.965969062784,0.992936379126
representative_minus_mean,Both,all,338.846421241,1,0.40321363997,0.966151046406,0.992936448729
representative_minus_mean,Both,all,339.655532027,1,17.6006656461,0.966333030027,0.992939486992
representative_minus_mean,Both,all,341.756378883,1,4.80411774044,0.966515013649,0.992940316288
representative_minus_mean,Both,all,342.268938537,1,10.4483122063,0.96669699727,0.992942119897
representative_minus_mean,Both,all,344.643127727,1,227.768657805,0.966878980892,0.992981437783
representative_minus_mean,Both,all,344.950031942,1,18.7675431652,0.967060964513,0.992984677474
representative_minus_mean,Both,all,345.950585611,1,14.9151315547,0.967242948135,0.992987252155
representative_minus_mean,Both,all,348.135516235,1,1920.25025944,0.967424931756,0.993318729637
representative_minus_mean,Both,all,348.600492015,1,12.0333076636,0.967606915378,0.993320806851
representative_minus_mean,Both,all,349.028211761,1,21.6822464739,0.967788898999,0.993324549684
representative_minus_mean,Both,all,349.129009727,1,93.1867426196,0.967970882621,0.993340635768
representative_minus_mean,Both,all,349.707829481,1,110.718629568,0.968152866242,0.993359748242
representative_minus_mean,Both,all,350.11353131,1,1714.3455951,0.968334849864,0.993655682044
representative_minus_mean,Both,all,350.462017639,1,159.284967619,0.968516833485,0.993683178137
representative_minus_mean,Both,all,351.899739518,1,11.0972774646,0.968698817106,0.993685093772
representative_minus_mean,Both,all,352.218009301,1,56.7371104925,0.968880800728,0.993694887847
representative_minus_mean,Both,all,353.415665747,1,2.91384821267,0.969062784349,0.993695390841
representative_minus_mean,Both,all,355.426133156,1,205.14635254,0.969244767971,0.993730803619
representative_minus_mean,Both,all,358.637978993,1,65.9717784679,0.969426751592,0.993742191801
representative_minus_mean,Both,all,358.834238684,1,40.3053629922,0.969608735214,0.993749149394
representative_minus_mean,Both,all,359.930496155,1,1123.63399178,0.969790718835,0.993943113366
representative_minus_mean,Both,all,360.065478276,1,36.3565433531,0.969972702457,0.993949389306
representative_minus_mean,Both,all,361.54595532,1,90.6711446054,0.970154686078,0.993965041142
representative_minus_mean,Both,all,361.871179279,1,114.173802934,0.9703366697,0.993984750055
representative_minus_mean,Both,all,366.529405494,1,7.91145988964,0.970518653321,0.993986115747
representative_minus_mean,Both,all,367.008381453,1,19.0139048931,0.970700636943,0.993989397966
representative_minus_mean,Both,all,368.186170022,1,28.896824217,0.970882620564,0.993994386194
representative_minus_mean,Both,all,369.426280932,1,16.8392386461,0.971064604186,0.993997293017
representative_minus_mean,Both,all,370.209636634,1,227.817052241,0.971246587807,0.994036619257
representative_minus_mean,Both,all,372.259021554,1,18.6799575863,0.971428571429,0.99403984383
representative_minus_mean,Both,all,376.722064791,1,3.22842186116,0.97161055505,0.994040401126
representative_minus_mean,Both,all,377.262599914,1,6.67061003106,0.971792538672,0.99404155262
representative_minus_mean,Both,all,377.447361422,1,35.6601188621,0.971974522293,0.994047708342
representative_minus_mean,Both,all,379.483710055,1,43.5993513038,0.972156505914,0.99405523455
representative_minus_mean,Both,all,381.511640207,1,318.089866329,0.972338489536,0.994110143866
representative_minus_mean,Both,all,381.772817562,1,20.3623315975,0.972520473157,0.994113658853
representative_minus_mean,Both,all,383.158599818,1,918.486267347,0.972702456779,0.99427220981
representative_minus_mean,Both,all,383.303541284,1,226.744748319,0.9728844404,0.994311350947
representative_minus_mean,Both,all,387.864564245,1,158.887821205,0.973066424022,0.994338778483
representative_minus_mean,Both,all,389.084560728,1,855.351700663,0.973248407643,0.994486431023
representative_minus_mean,Both,all,389.976231986,1,125.340920052,0.973430391265,0.994508067626
representative_minus_mean,Both,all,392.477598676,1,8.7381208324,0.973612374886,0.994509576019
representative_minus_mean,Both,all,392.744289304,1,2368.31439877,0.973794358508,0.994918399238
representative_minus_mean,Both,all,393.740309756,1,3.41088785078,0.973976342129,0.994918988033
representative_minus_mean,Both,all,394.170892905,1,38.4291679766,0.974158325751,0.994925621753
representative_minus_mean,Both,all,396.293935315,1,83.427370175,0.974340309372,0.994940023155
representative_minus_mean,Both,all,398.833730683,1,220.501279546,0.974522292994,0.994978086531
representative_minus_mean,Both,all,399.770758039,1,34.8688655619,0.974704276615,0.994984105666
representative_minus_mean,Both,all,400.028630793,1,8.05097227377,0.974886260237,0.994985495441
representative_minus_mean,Both,all,400.499737323,1,290.162556821,0.975068243858,0.995035583888
representative_minus_mean,Both,all,401.883079989,1,33.5771313156,0.97525022748,0.99504138004
representative_minus_mean,Both,all,401.90859594,1,167.15182333,0.975432211101,0.995070234126
representative_minus_mean,Both,all,405.199280336,1,652.4390856,0.975614194722,0.99518285948
representative_minus_mean,Both,all,406.845322493,1,280.692888492,0.975796178344,0.995231313254
representative_minus_mean,Both,all,408.743081684,1,431.123401887,0.975978161965,0.995305734647
representative_minus_mean,Both,all,410.531038728,1,633.490941488,0.976160145587,0.995415089134
representative_minus_mean,Both,all,411.182821111,1,534.806366633,0.976342129208,0.995507408491
representative_minus_mean,Both,all,411.695722188,1,102.68097687,0.97652411283,0.995525133488
representative_minus_mean,Both,all,416.06027364,1,11.4071899043,0.976706096451,0.995527102621
representative_minus_mean,Both,all,417.078133296,1,0.634848602908,0.976888080073,0.995527212209
representative_minus_mean,Both,all,418.921173007,1,65.7516373951,0.977070063694,0.99553856239
representative_minus_mean,Both,all,419.879837343,1,3.69752739578,0.977252047316,0.995539200665
representative_minus_mean,Both,all,420.075013512,1,0.981036177752,0.977434030937,0.995539370013
representative_minus_mean,Both,all,423.626574831,1,15.7966361043,0.977616014559,0.99554209686
representative_minus_mean,Both,all,427.366803214,1,33.9423619284,0.97779799818,0.99554795606
representative_minus_mean,Both,all,428.745418124,1,3.20705676799e-06,0.977979981802,0.99554795606
representative_minus_mean,Both,all,429.253356473,1,282.746767615,0.978161965423,0.995596764379
representative_minus_mean,Both,all,429.75205965,1,184.583419704,0.978343949045,0.995628627542
representative_minus_mean,Both,all,430.568316061,1,7.1475622273,0.978525932666,0.995629861369
representative_minus_mean,Both,all,432.159392143,1,0.300649125424,0.978707916288,0.995629913267
representative_minus_mean,Both,all,437.20171367,1,1.42669412285,0.978889899909,0.995630159546
representative_minus_mean,Both,all,443.942236736,1,18.7856082712,0.97907188353,0.995633402356
representative_minus_mean,Both,all,445.323999197,1,209.611420466,0.979253867152,0.995669585903
representative_minus_mean,Both,all,446.673415716,1,294.350316857,0.979435850773,0.99572039725
representative_minus_mean,Both,all,449.812292688,1,63.8078773689,0.979617834395,0.995731411895
representative_minus_mean,Both,all,452.176006826,1,56.8035786635,0.979799818016,0.995741217443
representative_minus_mean,Both,all,453.359639383,1,105.874383653,0.979981801638,0.995759493693
representative_minus_mean,Both,all,454.062790528,1,119.605987422,0.980163785259,0.995780140321
representative_minus_mean,Both,all,455.840430835,1,24.0195824363,0.980345768881,0.99578428663
representative_minus_mean,Both,all,456.440720293,1,30.1569190273,0.980527752502,0.995789492378
representative_minus_mean,Both,all,456.743947873,1,628.698435721,0.980709736124,0.995898019573
representative_minus_mean,Both,all,459.181754879,1,26.4191497252,0.980891719745,0.9959025801
representative_minus_mean,Both,all,460.065650546,1,147.412667242,0.981073703367,0.995928026773
representative_minus_mean,Both,all,461.002083639,1,0.304047778847,0.981255686988,0.995928079258
representative_minus_mean,Both,all,465.349462172,1,37.4696155326,0.98143767061,0.995934547339
representative_minus_mean,Both,all,465.782001853,1,97.4010246677,0.981619654231,0.995951360901
representative_minus_mean,Both,all,466.644028417,1,528.103056471,0.981801637853,0.996042523118
representative_minus_mean,Both,all,482.79065326,1,7.93916731246,0.981983621474,0.996043893593
representative_minus_mean,Both,all,491.236083598,1,1170.50000888,0.982165605096,0.996245947671
representative_minus_mean,Both,all,496.114981713,1,359.772516586,0.982347588717,0.99630805233
representative_minus_mean,Both,all,500.132523171,1,0.0350163669261,0.982529572338,0.996308058375
representative_minus_mean,Both,all,501.559684406,1,133.584173043,0.98271155596,0.996331117945
representative_minus_mean,Both,all,517.948030482,1,424.743198414,0.982893539581,0.996404437975
representative_minus_mean,Both,all,518.201028003,1,426.461733682,0.983075523203,0.996478054661
representative_minus_mean,Both,all,530.100325592,1,30.1897616731,0.983257506824,0.996483266079
representative_minus_mean,Both,all,532.01246763,1,14.5201855966,0.983439490446,0.996485772583
representative_minus_mean,Both,all,532.100345173,1,62.0047702845,0.983621474067,0.996496475972
representative_minus_mean,Both,all,543.912210288,1,0.263933626565,0.983803457689,0.996496521533
representative_minus_mean,Both,all,548.320317726,1,20.678160759,0.98398544131,0.996500091038
representative_minus_mean,Both,all,549.138676472,1,139.247628609,0.984167424932,0.996524128246
representative_minus_mean,Both,all,549.633586587,1,9.78704743069,0.984349408553,0.996525817706
representative_minus_mean,Both,all,550.556421467,1,20.6964463247,0.984531392175,0.996529390368
representative_minus_mean,Both,all,557.127051448,1,3.51014989535,0.984713375796,0.996529996297
representative_minus_mean,Both,all,557.266950588,1,80.086156491,0.984895359418,0.996543820931
representative_minus_mean,Both,all,575.769577125,1,204,0.985077343039,0.996579035824
representative_minus_mean,Both,all,577.743796027,1,1.89771533657,0.985259326661,0.996579363411
representative_minus_mean,Both,all,582.272253415,1,750.570320735,0.985441310282,0.996708928378
representative_minus_mean,Both,all,583.30421363,1,262.40418395,0.985623293904,0.996754225118
representative_minus_mean,Both,all,584.827250988,1,195.723982359,0.985805277525,0.996788011388
representative_minus_mean,Both,all,586.08214782,1,126.761511528,0.985987261146,0.996809893216
representative_minus_mean,Both,all,586.299766418,1,995.134921349,0.986169244768,0.996981675419
representative_minus_mean,Both,all,586.525557455,1,39.441984145,0.986351228389,0.996988483974
representative_minus_mean,Both,all,592.858110013,1,39.5765182768,0.986533212011,0.996995315752
representative_minus_mean,Both,all,595.401080161,1,98.206371853,0.986715195632,0.997012268335
representative_minus_mean,Both,all,597.432256119,1,244.123793212,0.986897179254,0.997054409477
representative_minus_mean,Both,all,599.250632553,1,24.5654262231,0.987079162875,0.997058650011
representative_minus_mean,Both,all,602.637693056,1,228.8982911,0.987261146497,0.997098162897
representative_minus_mean,Both,all,603.590788508,1,20.2045644953,0.987443130118,0.99710165065
representative_minus_mean,Both,all,605.587561174,1,76.5741653934,0.98762511374,0.997114869037
representative_minus_mean,Both,all,605.765057781,1,15.1523919637,0.987807097361,0.997117484673
representative_minus_mean,Both,all,610.93889624,1,0.192589604616,0.987989080983,0.997117517919
representative_minus_mean,Both,all,612.011454465,1,3.39922008642,0.988171064604,0.997118104699
representative_minus_mean,Both,all,613.990430689,1,239.559328962,0.988353048226,0.997159457914
representative_minus_mean,Both,all,615.989441091,1,2.07332136089,0.988535031847,0.997159815815
representative_minus_mean,Both,all,618.533685386,1,9.25978034823,0.988717015469,0.997161414257
representative_minus_mean,Both,all,618.767775288,1,277.800276974,0.98889899909,0.997209368703
representative_minus_mean,Both,all,618.970392826,1,714.076776951,0.989080982712,0.99733263408
representative_minus_mean,Both,all,619.355662474,1,3.89609245319,0.989262966333,0.997333306631
representative_minus_mean,Both,all,634.481910375,1,5.97798163745,0.989444949955,0.997334338563
representative_minus_mean,Both,all,634.819213995,1,28.5753747358,0.989626933576,0.997339271301
representative_minus_mean,Both,all,636.111708163,1,336.59072589,0.989808917197,0.997397374273
representative_minus_mean,Both,all,636.212398937,1,15.2014851263,0.989990900819,0.997399998384
representative_minus_mean,Both,all,638.739321281,1,3.88652338448,0.99017288444,0.997400669284
representative_minus_mean,Both,all,642.336342338,1,399.119751788,0.990354868062,0.997469566142
representative_minus_mean,Both,all,644.263114251,1,30.5677316434,0.990536851683,0.997474842806
representative_minus_mean,Both,all,657.747457977,1,29.0988452961,0.990718835305,0.997479865907
representative_minus_mean,Both,all,669.383721401,1,907.340647539,0.990900818926,0.997636492884
representative_minus_mean,Both,all,673.614910138,1,181.488763105,0.991082802548,0.997667821842
representative_minus_mean,Both,all,685.4524746,1,15.5669720319,0.991264786169,0.997670509044
representative_minus_mean,Both,all,695.727938187,1,2.29026135617,0.991446769791,0.997670904393
representative_minus_mean,Both,all,698.203968575,1,1403.40171405,0.991628753412,0.997913162435
representative_minus_mean,Both,all,704.991213246,1,26.9332667545,0.991810737034,0.99791781171
representative_minus_mean,Both,all,709.815410971,1,630.597306571,0.991992720655,0.998026666692
representative_minus_mean,Both,all,723.247456408,1,563.203433601,0.992174704277,0.998123888007
representative_minus_mean,Both,all,729.470477455,1,1161.11504842,0.992356687898,0.998324322034
representative_minus_mean,Both,all,731.029324134,1,455.911604371,0.99253867152,0.998403022417
representative_minus_mean,Both,all,743.527029262,1,41.2569519574,0.992720655141,0.998410144276
representative_minus_mean,Both,all,748.088010032,1,46.6558539345,0.992902638763,0.998418198104
representative_minus_mean,Both,all,759.560702842,1,8.08903246506,0.993084622384,0.998419594449
representative_minus_mean,Both,all,760.733549703,1,118.173812685,0.993266606005,0.998439993851
representative_minus_mean,Both,all,765.688343091,1,1696.01688992,0.993448589627,0.998732763716
representative_minus_mean,Both,all,804.947207397,1,92.4037762619,0.993630573248,0.998748714643
representative_minus_mean,Both,all,805.110984849,1,339.638200283,0.99381255687,0.998807343675
representative_minus_mean,Both,all,822.848393607,1,2078.73905447,0.993994540491,0.999166179814
representative_minus_mean,Both,all,831.662932695,1,1440.90692768,0.994176524113,0.999414912081
representative_minus_mean,Both,all,844.900586464,1,496.232513821,0.994358507734,0.999500572741
representative_minus_mean,Both,all,848.687747976,1,9.46402005129,0.994540491356,0.999502206439
representative_minus_mean,Both,all,857.650638532,1,0.000158262750409,0.994722474977,0.999502206466
representative_minus_mean,Both,all,872.569437886,1,212.325362157,0.994904458599,0.9995388585
representative_minus_mean,Both,all,877.283084825,1,50.3368755303,0.99508644222,0.999547547753
representative_minus_mean,Both,all,903.140005815,1,627.484244788,0.995268425842,0.999655865352
representative_minus_mean,Both,all,915.495431054,1,13.0139827058,0.995450409463,0.999658111852
representative_minus_mean,Both,all,915.812394925,1,14.695911273,0.995632393085,0.99966064869
representative_minus_mean,Both,all,922.782622824,1,0.0258274440668,0.995814376706,0.999660653148
representative_minus_mean,Both,all,923.809543089,1,100.941587993,0.995996360328,0.999678077889
representative_minus_mean,Both,all,949.873302469,1,1.5602095205,0.996178343949,0.999678347216
representative_minus_mean,Both,all,973.189552058,1,98.9543548531,0.996360327571,0.999695428917
representative_minus_mean,Both,all,977.956521096,1,61.6388822511,0.996542311192,0.999706069145
representative_minus_mean,Both,all,985.933770176,1,54.1137695327,0.996724294813,0.999715410373
representative_minus_mean,Both,all,1018.53215517,1,12.7231978203,0.996906278435,0.999717606678
representative_minus_mean,Both,all,1039.85660535,1,9.66200095063,0.997088262056,0.999719274552
representative_minus_mean,Both,all,1041.85308992,1,18.6572856143,0.997270245678,0.99972249521
representative_minus_mean,Both,all,1045.18479949,1,0.0680497332595,0.997452229299,0.999722506957
representative_minus_mean,Both,all,1054.3900351,1,50.6640004246,0.997634212921,0.999731252679
representative_minus_mean,Both,all,1062.94569432,1,21.3417283355,0.997816196542,0.999734936731
representative_minus_mean,Both,all,1097.11416867,1,331.664882605,0.997998180164,0.999792189394
representative_minus_mean,Both,all,1105.91100284,1,7.68676431825,0.998180163785,0.999793516299
representative_minus_mean,Both,all,1128.64605323,1,78.4215891366,0.998362147407,0.999807053592
representative_minus_mean,Both,all,1256.76002052,1,79.6807759887,0.998544131028,0.999820808249
representative_minus_mean,Both,all,1266.0876518,1,1.1607707015,0.99872611465,0.999821008623
representative_minus_mean,Both,all,1276.47210973,1,20.722512473,0.998908098271,0.999824585785
representative_minus_mean,Both,all,1454.74899672,1,266.349154287,0.999090081893,0.999870563515
representative_minus_mean,Both,all,1572.44760992,1,5.83582846522,0.999272065514,0.999871570907
representative_minus_mean,Both,all,1594.61272564,1,681.416228717,0.999454049136,0.999989198355
representative_minus_mean,Both,all,1608.55831333,1,0.0318603999441,0.999636032757,0.999989203854
representative_minus_mean,Both,all,1649.21759974,1,1.28869391055,0.999818016379,0.999989426311
representative_minus_mean,Both,all,1873.8636082,1,61.2534170917,1,1
