station_id,source_station_key,station_name,metric,hour,day_type,value,daily_median,daily_q25,daily_q75,daily_iqr,observed_days,group_observed_days,calendar_days,monthly_total,mean_hourly_share,bootstrap_lower,bootstrap_upper,bootstrap_replicates,valid_bootstrap_replicates,interval_kind,estimand,denominator,share_denominator,period,unit,temporal_semantics,holiday_calendar_applied,official_hour_semantics_verified,status,evidence_type,source_point_count,distinct_point_count,coordinate_method,longitude,latitude
TRTC:中山,中山,中山,metro_entries,0,weekday,433.782608696,386,352,429,77,23,23,23,9977,0.0084082676306,368.843478261,498.493478261,1000,1000,day_cluster_bootstrap_stability,mean_daily_journeys_in_native_hour,observed_days_for_this_station_metric_hour,same_station_metric_date_observed_hours_only,2026-07,journeys/day_at_native_hour,native_hour_local_departure_interpretation_unverified,False,False,observed,observed,2,1,mean_of_distinct_official_station_points_epsg3826,121.5203969,25.0526756647
TRTC:中山,中山,中山,metro_entries,1,weekday,20.4782608696,20,15.5,23,7.5,23,23,23,471,0.000391011061148,16.4782608696,24.7391304348,1000,1000,day_cluster_bootstrap_stability,mean_daily_journeys_in_native_hour,observed_days_for_this_station_metric_hour,same_station_metric_date_observed_hours_only,2026-07,journeys/day_at_native_hour,native_hour_local_departure_interpretation_unverified,False,False,observed,observed,2,1,mean_of_distinct_official_station_points_epsg3826,121.5203969,25.0526756647
TRTC:中山,中山,中山,metro_entries,5,weekday,1.30434782609,1,1,2,1,23,23,23,30,2.73671159545e-05,0.998913043478,1.69565217391,1000,1000,day_cluster_bootstrap_stability,mean_daily_journeys_in_native_hour,observed_days_for_this_station_metric_hour,same_station_metric_date_observed_hours_only,2026-07,journeys/day_at_native_hour,native_hour_local_departure_interpretation_unverified,False,False,observed,observed,2,1,mean_of_distinct_official_station_points_epsg3826,121.5203969,25.0526756647
TRTC:中山,中山,中山,metro_entries,6,weekday,225.347826087,226,214.5,235.5,21,23,23,23,5183,0.00466479867099,214.216304348,236.611956522,1000,1000,day_cluster_bootstrap_stability,mean_daily_journeys_in_native_hour,observed_days_for_this_station_metric_hour,same_station_metric_date_observed_hours_only,2026-07,journeys/day_at_native_hour,native_hour_local_departure_interpretation_unverified,False,False,observed,observed,2,1,mean_of_distinct_official_station_points_epsg3826,121.5203969,25.0526756647
TRTC:中山,中山,中山,metro_entries,7,weekday,677.043478261,696,684.5,711.5,27,23,23,23,15572,0.0135075531593,630.779347826,705.001086957,1000,1000,day_cluster_bootstrap_stability,mean_daily_journeys_in_native_hour,observed_days_for_this_station_metric_hour,same_station_metric_date_observed_hours_only,2026-07,journeys/day_at_native_hour,native_hour_local_departure_interpretation_unverified,False,False,observed,observed,2,1,mean_of_distinct_official_station_points_epsg3826,121.5203969,25.0526756647
TRTC:中山,中山,中山,metro_entries,8,weekday,1516,1554,1530,1601,71,23,23,23,34868,0.0298862756859,1398.64673913,1585.52173913,1000,1000,day_cluster_bootstrap_stability,mean_daily_journeys_in_native_hour,observed_days_for_this_station_metric_hour,same_station_metric_date_observed_hours_only,2026-07,journeys/day_at_native_hour,native_hour_local_departure_interpretation_unverified,False,False,observed,observed,2,1,mean_of_distinct_official_station_points_epsg3826,121.5203969,25.0526756647
TRTC:中山,中山,中山,metro_entries,9,weekday,1072.43478261,1102,1062,1121,59,23,23,23,24666,0.0215358624272,1004.99021739,1115.5673913,1000,1000,day_cluster_bootstrap_stability,mean_daily_journeys_in_native_hour,observed_days_for_this_station_metric_hour,same_station_metric_date_observed_hours_only,2026-07,journeys/day_at_native_hour,native_hour_local_departure_interpretation_unverified,False,False,observed,observed,2,1,mean_of_distinct_official_station_points_epsg3826,121.5203969,25.0526756647
TRTC:中山,中山,中山,metro_entries,10,weekday,907,919,890,954.5,64.5,23,23,23,20861,0.0185183414384,862.825,940.00326087,1000,1000,day_cluster_bootstrap_stability,mean_daily_journeys_in_native_hour,observed_days_for_this_station_metric_hour,same_station_metric_date_observed_hours_only,2026-07,journeys/day_at_native_hour,native_hour_local_departure_interpretation_unverified,False,False,observed,observed,2,1,mean_of_distinct_official_station_points_epsg3826,121.5203969,25.0526756647
TRTC:中山,中山,中山,metro_entries,11,weekday,1159.30434783,1176,1130,1228.5,98.5,23,23,23,26664,0.0238185619919,1110.5576087,1198.13369565,1000,1000,day_cluster_bootstrap_stability,mean_daily_journeys_in_native_hour,observed_days_for_this_station_metric_hour,same_station_metric_date_observed_hours_only,2026-07,journeys/day_at_native_hour,native_hour_local_departure_interpretation_unverified,False,False,observed,observed,2,1,mean_of_distinct_official_station_points_epsg3826,121.5203969,25.0526756647
TRTC:中山,中山,中山,metro_entries,12,weekday,1710.82608696,1711,1656,1806,150,23,23,23,39349,0.0350939911477,1634.76630435,1769.44891304,1000,1000,day_cluster_bootstrap_stability,mean_daily_journeys_in_native_hour,observed_days_for_this_station_metric_hour,same_station_metric_date_observed_hours_only,2026-07,journeys/day_at_native_hour,native_hour_local_departure_interpretation_unverified,False,False,observed,observed,2,1,mean_of_distinct_official_station_points_epsg3826,121.5203969,25.0526756647
TRTC:中山,中山,中山,metro_entries,13,weekday,2368.52173913,2376,2325,2495,170,23,23,23,54476,0.0481024709272,2241.1576087,2458.80978261,1000,1000,day_cluster_bootstrap_stability,mean_daily_journeys_in_native_hour,observed_days_for_this_station_metric_hour,same_station_metric_date_observed_hours_only,2026-07,journeys/day_at_native_hour,native_hour_local_departure_interpretation_unverified,False,False,observed,observed,2,1,mean_of_distinct_official_station_points_epsg3826,121.5203969,25.0526756647
TRTC:中山,中山,中山,metro_entries,14,weekday,2755.2173913,2803,2645.5,2870.5,225,23,23,23,63370,0.0560358758883,2603.33804348,2881.39891304,1000,1000,day_cluster_bootstrap_stability,mean_daily_journeys_in_native_hour,observed_days_for_this_station_metric_hour,same_station_metric_date_observed_hours_only,2026-07,journeys/day_at_native_hour,native_hour_local_departure_interpretation_unverified,False,False,observed,observed,2,1,mean_of_distinct_official_station_points_epsg3826,121.5203969,25.0526756647
TRTC:中山,中山,中山,metro_entries,15,weekday,3130.91304348,3146,3045,3293,248,23,23,23,72011,0.063499060859,2960.29565217,3266.26086957,1000,1000,day_cluster_bootstrap_stability,mean_daily_journeys_in_native_hour,observed_days_for_this_station_metric_hour,same_station_metric_date_observed_hours_only,2026-07,journeys/day_at_native_hour,native_hour_local_departure_interpretation_unverified,False,False,observed,observed,2,1,mean_of_distinct_official_station_points_epsg3826,121.5203969,25.0526756647
TRTC:中山,中山,中山,metro_entries,16,weekday,3700.56521739,3705,3590,3913,323,23,23,23,85113,0.0741642820679,3456.99891304,3881.1923913,1000,1000,day_cluster_bootstrap_stability,mean_daily_journeys_in_native_hour,observed_days_for_this_station_metric_hour,same_station_metric_date_observed_hours_only,2026-07,journeys/day_at_native_hour,native_hour_local_departure_interpretation_unverified,False,False,observed,observed,2,1,mean_of_distinct_official_station_points_epsg3826,121.5203969,25.0526756647
TRTC:中山,中山,中山,metro_entries,17,weekday,4839.91304348,4961,4758,5056.5,298.5,23,23,23,111318,0.0957437527282,4469.825,5106.20978261,1000,1000,day_cluster_bootstrap_stability,mean_daily_journeys_in_native_hour,observed_days_for_this_station_metric_hour,same_station_metric_date_observed_hours_only,2026-07,journeys/day_at_native_hour,native_hour_local_departure_interpretation_unverified,False,False,observed,observed,2,1,mean_of_distinct_official_station_points_epsg3826,121.5203969,25.0526756647
TRTC:中山,中山,中山,metro_entries,18,weekday,6536.95652174,6755,6505,6921.5,416.5,23,23,23,150350,0.127929405344,5985.82826087,6889.04565217,1000,1000,day_cluster_bootstrap_stability,mean_daily_journeys_in_native_hour,observed_days_for_this_station_metric_hour,same_station_metric_date_observed_hours_only,2026-07,journeys/day_at_native_hour,native_hour_local_departure_interpretation_unverified,False,False,observed,observed,2,1,mean_of_distinct_official_station_points_epsg3826,121.5203969,25.0526756647
TRTC:中山,中山,中山,metro_entries,19,weekday,5261.82608696,5466,5201,5620,419,23,23,23,121022,0.103048567922,4810.00543478,5548.58804348,1000,1000,day_cluster_bootstrap_stability,mean_daily_journeys_in_native_hour,observed_days_for_this_station_metric_hour,same_station_metric_date_observed_hours_only,2026-07,journeys/day_at_native_hour,native_hour_local_departure_interpretation_unverified,False,False,observed,observed,2,1,mean_of_distinct_official_station_points_epsg3826,121.5203969,25.0526756647
TRTC:中山,中山,中山,metro_entries,20,weekday,4522.13043478,4739,4366.5,4879,512.5,23,23,23,104009,0.0884790548437,4127.05217391,4802.49456522,1000,1000,day_cluster_bootstrap_stability,mean_daily_journeys_in_native_hour,observed_days_for_this_station_metric_hour,same_station_metric_date_observed_hours_only,2026-07,journeys/day_at_native_hour,native_hour_local_departure_interpretation_unverified,False,False,observed,observed,2,1,mean_of_distinct_official_station_points_epsg3826,121.5203969,25.0526756647
TRTC:中山,中山,中山,metro_entries,21,weekday,4954.52173913,5119,4764.5,5346,581.5,23,23,23,113954,0.0960266994485,4469.79565217,5320.4423913,1000,1000,day_cluster_bootstrap_stability,mean_daily_journeys_in_native_hour,observed_days_for_this_station_metric_hour,same_station_metric_date_observed_hours_only,2026-07,journeys/day_at_native_hour,native_hour_local_departure_interpretation_unverified,False,False,observed,observed,2,1,mean_of_distinct_official_station_points_epsg3826,121.5203969,25.0526756647
TRTC:中山,中山,中山,metro_entries,22,weekday,3599.30434783,3559,3280.5,3725.5,445,23,23,23,82784,0.0693482797773,3179.38152174,3974.71847826,1000,1000,day_cluster_bootstrap_stability,mean_daily_journeys_in_native_hour,observed_days_for_this_station_metric_hour,same_station_metric_date_observed_hours_only,2026-07,journeys/day_at_native_hour,native_hour_local_departure_interpretation_unverified,False,False,observed,observed,2,1,mean_of_distinct_official_station_points_epsg3826,121.5203969,25.0526756647
TRTC:中山,中山,中山,metro_entries,23,weekday,1122.13043478,1022,944.5,1099.5,155,23,23,23,25809,0.021770519864,956.748913043,1284.68804348,1000,1000,day_cluster_bootstrap_stability,mean_daily_journeys_in_native_hour,observed_days_for_this_station_metric_hour,same_station_metric_date_observed_hours_only,2026-07,journeys/day_at_native_hour,native_hour_local_departure_interpretation_unverified,False,False,observed,observed,2,1,mean_of_distinct_official_station_points_epsg3826,121.5203969,25.0526756647
TRTC:中山,中山,中山,metro_exits,0,weekday,113.130434783,99,92,128.5,36.5,23,23,23,2602,0.00215887160012,98.1706521739,129.176086957,1000,1000,day_cluster_bootstrap_stability,mean_daily_journeys_in_native_hour,observed_days_for_this_station_metric_hour,same_station_metric_date_observed_hours_only,2026-07,journeys/day_at_native_hour,native_hour_local_departure_interpretation_unverified,False,False,observed,observed,2,1,mean_of_distinct_official_station_points_epsg3826,121.5203969,25.0526756647
TRTC:中山,中山,中山,metro_exits,1,weekday,0,0,0,0,0,23,23,23,0,0,0,0,1000,1000,day_cluster_bootstrap_stability,mean_daily_journeys_in_native_hour,observed_days_for_this_station_metric_hour,same_station_metric_date_observed_hours_only,2026-07,journeys/day_at_native_hour,native_hour_local_departure_interpretation_unverified,False,False,observed,observed,2,1,mean_of_distinct_official_station_points_epsg3826,121.5203969,25.0526756647
TRTC:中山,中山,中山,metro_exits,5,weekday,1.30434782609,1,1,2,1,23,23,23,30,2.64292723024e-05,0.998913043478,1.69565217391,1000,1000,day_cluster_bootstrap_stability,mean_daily_journeys_in_native_hour,observed_days_for_this_station_metric_hour,same_station_metric_date_observed_hours_only,2026-07,journeys/day_at_native_hour,native_hour_local_departure_interpretation_unverified,False,False,observed,observed,2,1,mean_of_distinct_official_station_points_epsg3826,121.5203969,25.0526756647
TRTC:中山,中山,中山,metro_exits,6,weekday,397.347826087,401,387,417.5,30.5,23,23,23,9139,0.00781406085548,374.782608696,415.261956522,1000,1000,day_cluster_bootstrap_stability,mean_daily_journeys_in_native_hour,observed_days_for_this_station_metric_hour,same_station_metric_date_observed_hours_only,2026-07,journeys/day_at_native_hour,native_hour_local_departure_interpretation_unverified,False,False,observed,observed,2,1,mean_of_distinct_official_station_points_epsg3826,121.5203969,25.0526756647
TRTC:中山,中山,中山,metro_exits,7,weekday,1503.34782609,1544,1518.5,1591,72.5,23,23,23,34577,0.0285770918151,1385.47282609,1573.47934783,1000,1000,day_cluster_bootstrap_stability,mean_daily_journeys_in_native_hour,observed_days_for_this_station_metric_hour,same_station_metric_date_observed_hours_only,2026-07,journeys/day_at_native_hour,native_hour_local_departure_interpretation_unverified,False,False,observed,observed,2,1,mean_of_distinct_official_station_points_epsg3826,121.5203969,25.0526756647
TRTC:中山,中山,中山,metro_exits,8,weekday,4581.56521739,4759,4681,4822.5,141.5,23,23,23,105376,0.0862575732777,4191.60652174,4795.43804348,1000,1000,day_cluster_bootstrap_stability,mean_daily_journeys_in_native_hour,observed_days_for_this_station_metric_hour,same_station_metric_date_observed_hours_only,2026-07,journeys/day_at_native_hour,native_hour_local_departure_interpretation_unverified,False,False,observed,observed,2,1,mean_of_distinct_official_station_points_epsg3826,121.5203969,25.0526756647
TRTC:中山,中山,中山,metro_exits,9,weekday,3017.39130435,3102,3035,3184.5,149.5,23,23,23,69400,0.0576573207651,2783.36413043,3153.18695652,1000,1000,day_cluster_bootstrap_stability,mean_daily_journeys_in_native_hour,observed_days_for_this_station_metric_hour,same_station_metric_date_observed_hours_only,2026-07,journeys/day_at_native_hour,native_hour_local_departure_interpretation_unverified,False,False,observed,observed,2,1,mean_of_distinct_official_station_points_epsg3826,121.5203969,25.0526756647
TRTC:中山,中山,中山,metro_exits,10,weekday,2945.69565217,3027,2935.5,3106,170.5,23,23,23,67751,0.0569391582268,2749.36304348,3078.54565217,1000,1000,day_cluster_bootstrap_stability,mean_daily_journeys_in_native_hour,observed_days_for_this_station_metric_hour,same_station_metric_date_observed_hours_only,2026-07,journeys/day_at_native_hour,native_hour_local_departure_interpretation_unverified,False,False,observed,observed,2,1,mean_of_distinct_official_station_points_epsg3826,121.5203969,25.0526756647
TRTC:中山,中山,中山,metro_exits,11,weekday,3880.56521739,3975,3792,4086,294,23,23,23,89253,0.0756327193531,3648.63586957,4050.75434783,1000,1000,day_cluster_bootstrap_stability,mean_daily_journeys_in_native_hour,observed_days_for_this_station_metric_hour,same_station_metric_date_observed_hours_only,2026-07,journeys/day_at_native_hour,native_hour_local_departure_interpretation_unverified,False,False,observed,observed,2,1,mean_of_distinct_official_station_points_epsg3826,121.5203969,25.0526756647
TRTC:中山,中山,中山,metro_exits,12,weekday,4003.30434783,4031,3933.5,4175.5,242,23,23,23,92076,0.0779593455302,3771.94782609,4180.20869565,1000,1000,day_cluster_bootstrap_stability,mean_daily_journeys_in_native_hour,observed_days_for_this_station_metric_hour,same_station_metric_date_observed_hours_only,2026-07,journeys/day_at_native_hour,native_hour_local_departure_interpretation_unverified,False,False,observed,observed,2,1,mean_of_distinct_official_station_points_epsg3826,121.5203969,25.0526756647
TRTC:中山,中山,中山,metro_exits,13,weekday,3687.7826087,3756,3544,3861.5,317.5,23,23,23,84819,0.0714927182496,3451.03043478,3860.34021739,1000,1000,day_cluster_bootstrap_stability,mean_daily_journeys_in_native_hour,observed_days_for_this_station_metric_hour,same_station_metric_date_observed_hours_only,2026-07,journeys/day_at_native_hour,native_hour_local_departure_interpretation_unverified,False,False,observed,observed,2,1,mean_of_distinct_official_station_points_epsg3826,121.5203969,25.0526756647
TRTC:中山,中山,中山,metro_exits,14,weekday,3479.17391304,3467,3372,3687,315,23,23,23,80021,0.0673918183174,3254.70543478,3660.75543478,1000,1000,day_cluster_bootstrap_stability,mean_daily_journeys_in_native_hour,observed_days_for_this_station_metric_hour,same_station_metric_date_observed_hours_only,2026-07,journeys/day_at_native_hour,native_hour_local_departure_interpretation_unverified,False,False,observed,observed,2,1,mean_of_distinct_official_station_points_epsg3826,121.5203969,25.0526756647
TRTC:中山,中山,中山,metro_exits,15,weekday,3282.30434783,3308,3188,3467.5,279.5,23,23,23,75493,0.0634395408974,3053.42391304,3459.78478261,1000,1000,day_cluster_bootstrap_stability,mean_daily_journeys_in_native_hour,observed_days_for_this_station_metric_hour,same_station_metric_date_observed_hours_only,2026-07,journeys/day_at_native_hour,native_hour_local_departure_interpretation_unverified,False,False,observed,observed,2,1,mean_of_distinct_official_station_points_epsg3826,121.5203969,25.0526756647
TRTC:中山,中山,中山,metro_exits,16,weekday,3541.65217391,3586,3319,3789.5,470.5,23,23,23,81458,0.0676484007192,3266.7173913,3767.16521739,1000,1000,day_cluster_bootstrap_stability,mean_daily_journeys_in_native_hour,observed_days_for_this_station_metric_hour,same_station_metric_date_observed_hours_only,2026-07,journeys/day_at_native_hour,native_hour_local_departure_interpretation_unverified,False,False,observed,observed,2,1,mean_of_distinct_official_station_points_epsg3826,121.5203969,25.0526756647
TRTC:中山,中山,中山,metro_exits,17,weekday,4702.26086957,4826,4427.5,5005.5,578,23,23,23,108152,0.0888166100627,4296.28695652,5040.7076087,1000,1000,day_cluster_bootstrap_stability,mean_daily_journeys_in_native_hour,observed_days_for_this_station_metric_hour,same_station_metric_date_observed_hours_only,2026-07,journeys/day_at_native_hour,native_hour_local_departure_interpretation_unverified,False,False,observed,observed,2,1,mean_of_distinct_official_station_points_epsg3826,121.5203969,25.0526756647
TRTC:中山,中山,中山,metro_exits,18,weekday,6013.34782609,6024,5612.5,6243.5,631,23,23,23,138307,0.11240459824,5411.76521739,6526.41956522,1000,1000,day_cluster_bootstrap_stability,mean_daily_journeys_in_native_hour,observed_days_for_this_station_metric_hour,same_station_metric_date_observed_hours_only,2026-07,journeys/day_at_native_hour,native_hour_local_departure_interpretation_unverified,False,False,observed,observed,2,1,mean_of_distinct_official_station_points_epsg3826,121.5203969,25.0526756647
TRTC:中山,中山,中山,metro_exits,19,weekday,3427.7826087,3434,3141.5,3567,425.5,23,23,23,78839,0.064287089213,3077.35217391,3735.975,1000,1000,day_cluster_bootstrap_stability,mean_daily_journeys_in_native_hour,observed_days_for_this_station_metric_hour,same_station_metric_date_observed_hours_only,2026-07,journeys/day_at_native_hour,native_hour_local_departure_interpretation_unverified,False,False,observed,observed,2,1,mean_of_distinct_official_station_points_epsg3826,121.5203969,25.0526756647
TRTC:中山,中山,中山,metro_exits,20,weekday,1723.52173913,1693,1598.5,1810.5,212,23,23,23,39641,0.032528016942,1558.71630435,1870.95978261,1000,1000,day_cluster_bootstrap_stability,mean_daily_journeys_in_native_hour,observed_days_for_this_station_metric_hour,same_station_metric_date_observed_hours_only,2026-07,journeys/day_at_native_hour,native_hour_local_departure_interpretation_unverified,False,False,observed,observed,2,1,mean_of_distinct_official_station_points_epsg3826,121.5203969,25.0526756647
TRTC:中山,中山,中山,metro_exits,21,weekday,1115.82608696,1101,1029.5,1138,108.5,23,23,23,25664,0.0210806591558,1005.78913043,1216.87717391,1000,1000,day_cluster_bootstrap_stability,mean_daily_journeys_in_native_hour,observed_days_for_this_station_metric_hour,same_station_metric_date_observed_hours_only,2026-07,journeys/day_at_native_hour,native_hour_local_departure_interpretation_unverified,False,False,observed,observed,2,1,mean_of_distinct_official_station_points_epsg3826,121.5203969,25.0526756647
TRTC:中山,中山,中山,metro_exits,22,weekday,678.086956522,663,628.5,712,83.5,23,23,23,15596,0.0128570511353,612.590217391,741.994565217,1000,1000,day_cluster_bootstrap_stability,mean_daily_journeys_in_native_hour,observed_days_for_this_station_metric_hour,same_station_metric_date_observed_hours_only,2026-07,journeys/day_at_native_hour,native_hour_local_departure_interpretation_unverified,False,False,observed,observed,2,1,mean_of_distinct_official_station_points_epsg3826,121.5203969,25.0526756647
TRTC:中山,中山,中山,metro_exits,23,weekday,264.043478261,240,231.5,302,70.5,23,23,23,6073,0.00503092637165,234.997826087,293.201086957,1000,1000,day_cluster_bootstrap_stability,mean_daily_journeys_in_native_hour,observed_days_for_this_station_metric_hour,same_station_metric_date_observed_hours_only,2026-07,journeys/day_at_native_hour,native_hour_local_departure_interpretation_unverified,False,False,observed,observed,2,1,mean_of_distinct_official_station_points_epsg3826,121.5203969,25.0526756647
TRTC:南京復興,南京復興,南京復興,metro_entries,0,weekday,257.52173913,231,206.5,270.5,64,23,23,23,5923,0.00581174051045,220.257608696,292.754347826,1000,1000,day_cluster_bootstrap_stability,mean_daily_journeys_in_native_hour,observed_days_for_this_station_metric_hour,same_station_metric_date_observed_hours_only,2026-07,journeys/day_at_native_hour,native_hour_local_departure_interpretation_unverified,False,False,observed,observed,2,2,mean_of_distinct_official_station_points_epsg3826,121.543808098,25.052081043
TRTC:南京復興,南京復興,南京復興,metro_entries,1,weekday,10,9,7,12,5,23,23,23,230,0.000222009663828,8.21630434783,12,1000,1000,day_cluster_bootstrap_stability,mean_daily_journeys_in_native_hour,observed_days_for_this_station_metric_hour,same_station_metric_date_observed_hours_only,2026-07,journeys/day_at_native_hour,native_hour_local_departure_interpretation_unverified,False,False,observed,observed,2,2,mean_of_distinct_official_station_points_epsg3826,121.543808098,25.052081043
TRTC:南京復興,南京復興,南京復興,metro_entries,5,weekday,0.173913043478,0,0,0,0,23,23,23,4,3.74035310979e-06,0.0434782608696,0.304347826087,1000,1000,day_cluster_bootstrap_stability,mean_daily_journeys_in_native_hour,observed_days_for_this_station_metric_hour,same_station_metric_date_observed_hours_only,2026-07,journeys/day_at_native_hour,native_hour_local_departure_interpretation_unverified,False,False,observed,observed,2,2,mean_of_distinct_official_station_points_epsg3826,121.543808098,25.052081043
TRTC:南京復興,南京復興,南京復興,metro_entries,6,weekday,283.782608696,286,270.5,295,24.5,23,23,23,6527,0.00678406460187,270.642391304,295.356521739,1000,1000,day_cluster_bootstrap_stability,mean_daily_journeys_in_native_hour,observed_days_for_this_station_metric_hour,same_station_metric_date_observed_hours_only,2026-07,journeys/day_at_native_hour,native_hour_local_departure_interpretation_unverified,False,False,observed,observed,2,2,mean_of_distinct_official_station_points_epsg3826,121.543808098,25.052081043
TRTC:南京復興,南京復興,南京復興,metro_entries,7,weekday,1015.52173913,1059,1017,1078,61,23,23,23,23357,0.0225530752869,934.591304348,1067.26195652,1000,1000,day_cluster_bootstrap_stability,mean_daily_journeys_in_native_hour,observed_days_for_this_station_metric_hour,same_station_metric_date_observed_hours_only,2026-07,journeys/day_at_native_hour,native_hour_local_departure_interpretation_unverified,False,False,observed,observed,2,2,mean_of_distinct_official_station_points_epsg3826,121.543808098,25.052081043
TRTC:南京復興,南京復興,南京復興,metro_entries,8,weekday,1799.91304348,1865,1804.5,1915.5,111,23,23,23,41398,0.0396563803597,1644.29782609,1889.27173913,1000,1000,day_cluster_bootstrap_stability,mean_daily_journeys_in_native_hour,observed_days_for_this_station_metric_hour,same_station_metric_date_observed_hours_only,2026-07,journeys/day_at_native_hour,native_hour_local_departure_interpretation_unverified,False,False,observed,observed,2,2,mean_of_distinct_official_station_points_epsg3826,121.543808098,25.052081043
TRTC:南京復興,南京復興,南京復興,metro_entries,9,weekday,1253.30434783,1299,1235.5,1338,102.5,23,23,23,28826,0.0282740669828,1165.20652174,1310.87391304,1000,1000,day_cluster_bootstrap_stability,mean_daily_journeys_in_native_hour,observed_days_for_this_station_metric_hour,same_station_metric_date_observed_hours_only,2026-07,journeys/day_at_native_hour,native_hour_local_departure_interpretation_unverified,False,False,observed,observed,2,2,mean_of_distinct_official_station_points_epsg3826,121.543808098,25.052081043
TRTC:南京復興,南京復興,南京復興,metro_entries,10,weekday,1001.43478261,1017,979,1061.5,82.5,23,23,23,23033,0.0234752147186,947.597826087,1040.78695652,1000,1000,day_cluster_bootstrap_stability,mean_daily_journeys_in_native_hour,observed_days_for_this_station_metric_hour,same_station_metric_date_observed_hours_only,2026-07,journeys/day_at_native_hour,native_hour_local_departure_interpretation_unverified,False,False,observed,observed,2,2,mean_of_distinct_official_station_points_epsg3826,121.543808098,25.052081043
TRTC:南京復興,南京復興,南京復興,metro_entries,11,weekday,1200.34782609,1210,1173.5,1278,104.5,23,23,23,27608,0.0281955005531,1141.11086957,1245.30652174,1000,1000,day_cluster_bootstrap_stability,mean_daily_journeys_in_native_hour,observed_days_for_this_station_metric_hour,same_station_metric_date_observed_hours_only,2026-07,journeys/day_at_native_hour,native_hour_local_departure_interpretation_unverified,False,False,observed,observed,2,2,mean_of_distinct_official_station_points_epsg3826,121.543808098,25.052081043
TRTC:南京復興,南京復興,南京復興,metro_entries,12,weekday,1630.7826087,1634,1606.5,1738,131.5,23,23,23,37508,0.03759025521,1525.37173913,1702.56847826,1000,1000,day_cluster_bootstrap_stability,mean_daily_journeys_in_native_hour,observed_days_for_this_station_metric_hour,same_station_metric_date_observed_hours_only,2026-07,journeys/day_at_native_hour,native_hour_local_departure_interpretation_unverified,False,False,observed,observed,2,2,mean_of_distinct_official_station_points_epsg3826,121.543808098,25.052081043
TRTC:南京復興,南京復興,南京復興,metro_entries,13,weekday,1748.95652174,1778,1734.5,1830.5,96,23,23,23,40226,0.0404811937681,1649.89891304,1815.00978261,1000,1000,day_cluster_bootstrap_stability,mean_daily_journeys_in_native_hour,observed_days_for_this_station_metric_hour,same_station_metric_date_observed_hours_only,2026-07,journeys/day_at_native_hour,native_hour_local_departure_interpretation_unverified,False,False,observed,observed,2,2,mean_of_distinct_official_station_points_epsg3826,121.543808098,25.052081043
TRTC:南京復興,南京復興,南京復興,metro_entries,14,weekday,1815.43478261,1820,1779.5,1929,149.5,23,23,23,41755,0.0424085956972,1717.64130435,1884.9673913,1000,1000,day_cluster_bootstrap_stability,mean_daily_journeys_in_native_hour,observed_days_for_this_station_metric_hour,same_station_metric_date_observed_hours_only,2026-07,journeys/day_at_native_hour,native_hour_local_departure_interpretation_unverified,False,False,observed,observed,2,2,mean_of_distinct_official_station_points_epsg3826,121.543808098,25.052081043
TRTC:南京復興,南京復興,南京復興,metro_entries,15,weekday,1870.04347826,1889,1865.5,1995.5,130,23,23,23,43011,0.0428374905676,1750.99565217,1949.57173913,1000,1000,day_cluster_bootstrap_stability,mean_daily_journeys_in_native_hour,observed_days_for_this_station_metric_hour,same_station_metric_date_observed_hours_only,2026-07,journeys/day_at_native_hour,native_hour_local_departure_interpretation_unverified,False,False,observed,observed,2,2,mean_of_distinct_official_station_points_epsg3826,121.543808098,25.052081043
TRTC:南京復興,南京復興,南京復興,metro_entries,16,weekday,2387.95652174,2479,2392,2508,116,23,23,23,54923,0.0540725290037,2220.10434783,2496.66630435,1000,1000,day_cluster_bootstrap_stability,mean_daily_journeys_in_native_hour,observed_days_for_this_station_metric_hour,same_station_metric_date_observed_hours_only,2026-07,journeys/day_at_native_hour,native_hour_local_departure_interpretation_unverified,False,False,observed,observed,2,2,mean_of_distinct_official_station_points_epsg3826,121.543808098,25.052081043
TRTC:南京復興,南京復興,南京復興,metro_entries,17,weekday,4806,5013,4858,5088,230,23,23,23,110538,0.10618499626,4415.775,5042.57608696,1000,1000,day_cluster_bootstrap_stability,mean_daily_journeys_in_native_hour,observed_days_for_this_station_metric_hour,same_station_metric_date_observed_hours_only,2026-07,journeys/day_at_native_hour,native_hour_local_departure_interpretation_unverified,False,False,observed,observed,2,2,mean_of_distinct_official_station_points_epsg3826,121.543808098,25.052081043
TRTC:南京復興,南京復興,南京復興,metro_entries,18,weekday,9329.34782609,9750,9556,9811,255,23,23,23,214575,0.203486897739,8510.63913043,9779.02065217,1000,1000,day_cluster_bootstrap_stability,mean_daily_journeys_in_native_hour,observed_days_for_this_station_metric_hour,same_station_metric_date_observed_hours_only,2026-07,journeys/day_at_native_hour,native_hour_local_departure_interpretation_unverified,False,False,observed,observed,2,2,mean_of_distinct_official_station_points_epsg3826,121.543808098,25.052081043
TRTC:南京復興,南京復興,南京復興,metro_entries,19,weekday,5818.52173913,6062,5942.5,6188,245.5,23,23,23,133826,0.12744507648,5275.64673913,6135.17608696,1000,1000,day_cluster_bootstrap_stability,mean_daily_journeys_in_native_hour,observed_days_for_this_station_metric_hour,same_station_metric_date_observed_hours_only,2026-07,journeys/day_at_native_hour,native_hour_local_departure_interpretation_unverified,False,False,observed,observed,2,2,mean_of_distinct_official_station_points_epsg3826,121.543808098,25.052081043
TRTC:南京復興,南京復興,南京復興,metro_entries,20,weekday,3133.08695652,3253,3141.5,3372.5,231,23,23,23,72061,0.0690502829475,2850.38695652,3296.51630435,1000,1000,day_cluster_bootstrap_stability,mean_daily_journeys_in_native_hour,observed_days_for_this_station_metric_hour,same_station_metric_date_observed_hours_only,2026-07,journeys/day_at_native_hour,native_hour_local_departure_interpretation_unverified,False,False,observed,observed,2,2,mean_of_distinct_official_station_points_epsg3826,121.543808098,25.052081043
TRTC:南京復興,南京復興,南京復興,metro_entries,21,weekday,2865.7826087,3041,2860.5,3107,246.5,23,23,23,65913,0.0629001134786,2600.02282609,3045.07391304,1000,1000,day_cluster_bootstrap_stability,mean_daily_journeys_in_native_hour,observed_days_for_this_station_metric_hour,same_station_metric_date_observed_hours_only,2026-07,journeys/day_at_native_hour,native_hour_local_departure_interpretation_unverified,False,False,observed,observed,2,2,mean_of_distinct_official_station_points_epsg3826,121.543808098,25.052081043
TRTC:南京復興,南京復興,南京復興,metro_entries,22,weekday,1918.34782609,1947,1874.5,2101,226.5,23,23,23,44122,0.0422057280344,1744.15434783,2059.58695652,1000,1000,day_cluster_bootstrap_stability,mean_daily_journeys_in_native_hour,observed_days_for_this_station_metric_hour,same_station_metric_date_observed_hours_only,2026-07,journeys/day_at_native_hour,native_hour_local_departure_interpretation_unverified,False,False,observed,observed,2,2,mean_of_distinct_official_station_points_epsg3826,121.543808098,25.052081043
TRTC:南京復興,南京復興,南京復興,metro_entries,23,weekday,728.869565217,720,654.5,752.5,98,23,23,23,16764,0.0163610477833,651.593478261,799.138043478,1000,1000,day_cluster_bootstrap_stability,mean_daily_journeys_in_native_hour,observed_days_for_this_station_metric_hour,same_station_metric_date_observed_hours_only,2026-07,journeys/day_at_native_hour,native_hour_local_departure_interpretation_unverified,False,False,observed,observed,2,2,mean_of_distinct_official_station_points_epsg3826,121.543808098,25.052081043
TRTC:南京復興,南京復興,南京復興,metro_exits,0,weekday,85.2608695652,68,60,103.5,43.5,23,23,23,1961,0.00188750296213,70.6934782609,101.090217391,1000,1000,day_cluster_bootstrap_stability,mean_daily_journeys_in_native_hour,observed_days_for_this_station_metric_hour,same_station_metric_date_observed_hours_only,2026-07,journeys/day_at_native_hour,native_hour_local_departure_interpretation_unverified,False,False,observed,observed,2,2,mean_of_distinct_official_station_points_epsg3826,121.543808098,25.052081043
TRTC:南京復興,南京復興,南京復興,metro_exits,1,weekday,0,0,0,0,0,23,23,23,0,0,0,0,1000,1000,day_cluster_bootstrap_stability,mean_daily_journeys_in_native_hour,observed_days_for_this_station_metric_hour,same_station_metric_date_observed_hours_only,2026-07,journeys/day_at_native_hour,native_hour_local_departure_interpretation_unverified,False,False,observed,observed,2,2,mean_of_distinct_official_station_points_epsg3826,121.543808098,25.052081043
TRTC:南京復興,南京復興,南京復興,metro_exits,5,weekday,0.173913043478,0,0,0,0,23,23,23,4,3.51581201093e-06,0.0434782608696,0.304347826087,1000,1000,day_cluster_bootstrap_stability,mean_daily_journeys_in_native_hour,observed_days_for_this_station_metric_hour,same_station_metric_date_observed_hours_only,2026-07,journeys/day_at_native_hour,native_hour_local_departure_interpretation_unverified,False,False,observed,observed,2,2,mean_of_distinct_official_station_points_epsg3826,121.543808098,25.052081043
TRTC:南京復興,南京復興,南京復興,metro_exits,6,weekday,714.217391304,730,717,750.5,33.5,23,23,23,16427,0.0152935960695,664.216304348,744.522826087,1000,1000,day_cluster_bootstrap_stability,mean_daily_journeys_in_native_hour,observed_days_for_this_station_metric_hour,same_station_metric_date_observed_hours_only,2026-07,journeys/day_at_native_hour,native_hour_local_departure_interpretation_unverified,False,False,observed,observed,2,2,mean_of_distinct_official_station_points_epsg3826,121.543808098,25.052081043
TRTC:南京復興,南京復興,南京復興,metro_exits,7,weekday,3771,3934,3870.5,3971.5,101,23,23,23,86733,0.0777708889567,3450.51956522,3948.35217391,1000,1000,day_cluster_bootstrap_stability,mean_daily_journeys_in_native_hour,observed_days_for_this_station_metric_hour,same_station_metric_date_observed_hours_only,2026-07,journeys/day_at_native_hour,native_hour_local_departure_interpretation_unverified,False,False,observed,observed,2,2,mean_of_distinct_official_station_points_epsg3826,121.543808098,25.052081043
TRTC:南京復興,南京復興,南京復興,metro_exits,8,weekday,11849.4782609,12341,12182.5,12542.5,360,23,23,23,272538,0.242792038615,10776.6326087,12446.076087,1000,1000,day_cluster_bootstrap_stability,mean_daily_journeys_in_native_hour,observed_days_for_this_station_metric_hour,same_station_metric_date_observed_hours_only,2026-07,journeys/day_at_native_hour,native_hour_local_departure_interpretation_unverified,False,False,observed,observed,2,2,mean_of_distinct_official_station_points_epsg3826,121.543808098,25.052081043
TRTC:南京復興,南京復興,南京復興,metro_exits,9,weekday,5304.2173913,5576,5342.5,5628.5,286,23,23,23,121997,0.109934684229,4842.80217391,5572.95869565,1000,1000,day_cluster_bootstrap_stability,mean_daily_journeys_in_native_hour,observed_days_for_this_station_metric_hour,same_station_metric_date_observed_hours_only,2026-07,journeys/day_at_native_hour,native_hour_local_departure_interpretation_unverified,False,False,observed,observed,2,2,mean_of_distinct_official_station_points_epsg3826,121.543808098,25.052081043
TRTC:南京復興,南京復興,南京復興,metro_exits,10,weekday,2237.34782609,2280,2251.5,2331.5,80,23,23,23,51459,0.0480983827694,2093.35978261,2328.14782609,1000,1000,day_cluster_bootstrap_stability,mean_daily_journeys_in_native_hour,observed_days_for_this_station_metric_hour,same_station_metric_date_observed_hours_only,2026-07,journeys/day_at_native_hour,native_hour_local_departure_interpretation_unverified,False,False,observed,observed,2,2,mean_of_distinct_official_station_points_epsg3826,121.543808098,25.052081043
TRTC:南京復興,南京復興,南京復興,metro_exits,11,weekday,2108.47826087,2149,2119.5,2208.5,89,23,23,23,48495,0.0463887774324,1998.95434783,2188.82934783,1000,1000,day_cluster_bootstrap_stability,mean_daily_journeys_in_native_hour,observed_days_for_this_station_metric_hour,same_station_metric_date_observed_hours_only,2026-07,journeys/day_at_native_hour,native_hour_local_departure_interpretation_unverified,False,False,observed,observed,2,2,mean_of_distinct_official_station_points_epsg3826,121.543808098,25.052081043
TRTC:南京復興,南京復興,南京復興,metro_exits,12,weekday,2141.56521739,2181,2111,2294.5,183.5,23,23,23,49256,0.0464084120941,1999.4673913,2235.95652174,1000,1000,day_cluster_bootstrap_stability,mean_daily_journeys_in_native_hour,observed_days_for_this_station_metric_hour,same_station_metric_date_observed_hours_only,2026-07,journeys/day_at_native_hour,native_hour_local_departure_interpretation_unverified,False,False,observed,observed,2,2,mean_of_distinct_official_station_points_epsg3826,121.543808098,25.052081043
TRTC:南京復興,南京復興,南京復興,metro_exits,13,weekday,2272.34782609,2352,2263.5,2393,129.5,23,23,23,52264,0.0489586471005,2121.4326087,2370.67065217,1000,1000,day_cluster_bootstrap_stability,mean_daily_journeys_in_native_hour,observed_days_for_this_station_metric_hour,same_station_metric_date_observed_hours_only,2026-07,journeys/day_at_native_hour,native_hour_local_departure_interpretation_unverified,False,False,observed,observed,2,2,mean_of_distinct_official_station_points_epsg3826,121.543808098,25.052081043
TRTC:南京復興,南京復興,南京復興,metro_exits,14,weekday,1728.39130435,1782,1705.5,1819,113.5,23,23,23,39753,0.0375234302177,1623.76304348,1802.78804348,1000,1000,day_cluster_bootstrap_stability,mean_daily_journeys_in_native_hour,observed_days_for_this_station_metric_hour,same_station_metric_date_observed_hours_only,2026-07,journeys/day_at_native_hour,native_hour_local_departure_interpretation_unverified,False,False,observed,observed,2,2,mean_of_distinct_official_station_points_epsg3826,121.543808098,25.052081043
TRTC:南京復興,南京復興,南京復興,metro_exits,15,weekday,1605.52173913,1646,1597,1700,103,23,23,23,36927,0.0347932634964,1506.19347826,1673.52391304,1000,1000,day_cluster_bootstrap_stability,mean_daily_journeys_in_native_hour,observed_days_for_this_station_metric_hour,same_station_metric_date_observed_hours_only,2026-07,journeys/day_at_native_hour,native_hour_local_departure_interpretation_unverified,False,False,observed,observed,2,2,mean_of_distinct_official_station_points_epsg3826,121.543808098,25.052081043
TRTC:南京復興,南京復興,南京復興,metro_exits,16,weekday,1898.7826087,1961,1862.5,2006.5,144,23,23,23,43672,0.0406576210035,1764.94782609,1987.50434783,1000,1000,day_cluster_bootstrap_stability,mean_daily_journeys_in_native_hour,observed_days_for_this_station_metric_hour,same_station_metric_date_observed_hours_only,2026-07,journeys/day_at_native_hour,native_hour_local_departure_interpretation_unverified,False,False,observed,observed,2,2,mean_of_distinct_official_station_points_epsg3826,121.543808098,25.052081043
TRTC:南京復興,南京復興,南京復興,metro_exits,17,weekday,2946.13043478,3020,2872.5,3114,241.5,23,23,23,67761,0.0617352843619,2701.27826087,3118.79456522,1000,1000,day_cluster_bootstrap_stability,mean_daily_journeys_in_native_hour,observed_days_for_this_station_metric_hour,same_station_metric_date_observed_hours_only,2026-07,journeys/day_at_native_hour,native_hour_local_departure_interpretation_unverified,False,False,observed,observed,2,2,mean_of_distinct_official_station_points_epsg3826,121.543808098,25.052081043
TRTC:南京復興,南京復興,南京復興,metro_exits,18,weekday,3926.69565217,4061,3890,4179,289,23,23,23,90314,0.0814212488271,3576.98804348,4184.82065217,1000,1000,day_cluster_bootstrap_stability,mean_daily_journeys_in_native_hour,observed_days_for_this_station_metric_hour,same_station_metric_date_observed_hours_only,2026-07,journeys/day_at_native_hour,native_hour_local_departure_interpretation_unverified,False,False,observed,observed,2,2,mean_of_distinct_official_station_points_epsg3826,121.543808098,25.052081043
TRTC:南京復興,南京復興,南京復興,metro_exits,19,weekday,1999.56521739,2010,1948.5,2094,145.5,23,23,23,45990,0.0419798237341,1828.90108696,2129.64021739,1000,1000,day_cluster_bootstrap_stability,mean_daily_journeys_in_native_hour,observed_days_for_this_station_metric_hour,same_station_metric_date_observed_hours_only,2026-07,journeys/day_at_native_hour,native_hour_local_departure_interpretation_unverified,False,False,observed,observed,2,2,mean_of_distinct_official_station_points_epsg3826,121.543808098,25.052081043
TRTC:南京復興,南京復興,南京復興,metro_exits,20,weekday,1087.73913043,1099,1054.5,1168,113.5,23,23,23,25018,0.0229963335449,996.115217391,1157.575,1000,1000,day_cluster_bootstrap_stability,mean_daily_journeys_in_native_hour,observed_days_for_this_station_metric_hour,same_station_metric_date_observed_hours_only,2026-07,journeys/day_at_native_hour,native_hour_local_departure_interpretation_unverified,False,False,observed,observed,2,2,mean_of_distinct_official_station_points_epsg3826,121.543808098,25.052081043
TRTC:南京復興,南京復興,南京復興,metro_exits,21,weekday,1011.26086957,1058,962,1125.5,163.5,23,23,23,23259,0.0213037176424,926.779347826,1082.31413043,1000,1000,day_cluster_bootstrap_stability,mean_daily_journeys_in_native_hour,observed_days_for_this_station_metric_hour,same_station_metric_date_observed_hours_only,2026-07,journeys/day_at_native_hour,native_hour_local_departure_interpretation_unverified,False,False,observed,observed,2,2,mean_of_distinct_official_station_points_epsg3826,121.543808098,25.052081043
TRTC:南京復興,南京復興,南京復興,metro_exits,22,weekday,701.956521739,682,641.5,726,84.5,23,23,23,16145,0.0147627715764,633.258695652,770.833695652,1000,1000,day_cluster_bootstrap_stability,mean_daily_journeys_in_native_hour,observed_days_for_this_station_metric_hour,same_station_metric_date_observed_hours_only,2026-07,journeys/day_at_native_hour,native_hour_local_departure_interpretation_unverified,False,False,observed,observed,2,2,mean_of_distinct_official_station_points_epsg3826,121.543808098,25.052081043
TRTC:南京復興,南京復興,南京復興,metro_exits,23,weekday,246,218,203,272.5,69.5,23,23,23,5658,0.00529005955509,213.213043478,282.482608696,1000,1000,day_cluster_bootstrap_stability,mean_daily_journeys_in_native_hour,observed_days_for_this_station_metric_hour,same_station_metric_date_observed_hours_only,2026-07,journeys/day_at_native_hour,native_hour_local_departure_interpretation_unverified,False,False,observed,observed,2,2,mean_of_distinct_official_station_points_epsg3826,121.543808098,25.052081043
TRTC:南港展覽館,南港展覽館,南港展覽館,metro_entries,0,weekday,76.1304347826,77,61.5,89,27.5,23,23,23,1751,0.00204822399302,67.8695652174,84.7423913043,1000,1000,day_cluster_bootstrap_stability,mean_daily_journeys_in_native_hour,observed_days_for_this_station_metric_hour,same_station_metric_date_observed_hours_only,2026-07,journeys/day_at_native_hour,native_hour_local_departure_interpretation_unverified,False,False,observed,observed,1,1,mean_of_distinct_official_station_points_epsg3826,121.617622493,25.0545656792
TRTC:南港展覽館,南港展覽館,南港展覽館,metro_entries,1,weekday,0.826086956522,0,0,1.5,1.5,23,23,23,19,2.27673935521e-05,0.391304347826,1.26086956522,1000,1000,day_cluster_bootstrap_stability,mean_daily_journeys_in_native_hour,observed_days_for_this_station_metric_hour,same_station_metric_date_observed_hours_only,2026-07,journeys/day_at_native_hour,native_hour_local_departure_interpretation_unverified,False,False,observed,observed,1,1,mean_of_distinct_official_station_points_epsg3826,121.617622493,25.0545656792
TRTC:南港展覽館,南港展覽館,南港展覽館,metro_entries,5,weekday,0.173913043478,0,0,0,0,23,23,23,4,4.90486088822e-06,0.0434782608696,0.347826086957,1000,1000,day_cluster_bootstrap_stability,mean_daily_journeys_in_native_hour,observed_days_for_this_station_metric_hour,same_station_metric_date_observed_hours_only,2026-07,journeys/day_at_native_hour,native_hour_local_departure_interpretation_unverified,False,False,observed,observed,1,1,mean_of_distinct_official_station_points_epsg3826,121.617622493,25.0545656792
TRTC:南港展覽館,南港展覽館,南港展覽館,metro_entries,6,weekday,564.956521739,581,571.5,589,17.5,23,23,23,12994,0.0155036669084,526.601086957,587.957608696,1000,1000,day_cluster_bootstrap_stability,mean_daily_journeys_in_native_hour,observed_days_for_this_station_metric_hour,same_station_metric_date_observed_hours_only,2026-07,journeys/day_at_native_hour,native_hour_local_departure_interpretation_unverified,False,False,observed,observed,1,1,mean_of_distinct_official_station_points_epsg3826,121.617622493,25.0545656792
TRTC:南港展覽館,南港展覽館,南港展覽館,metro_entries,7,weekday,2222.17391304,2307,2259.5,2364.5,105,23,23,23,51110,0.0600473779473,2037.67826087,2330.55108696,1000,1000,day_cluster_bootstrap_stability,mean_daily_journeys_in_native_hour,observed_days_for_this_station_metric_hour,same_station_metric_date_observed_hours_only,2026-07,journeys/day_at_native_hour,native_hour_local_departure_interpretation_unverified,False,False,observed,observed,1,1,mean_of_distinct_official_station_points_epsg3826,121.617622493,25.0545656792
TRTC:南港展覽館,南港展覽館,南港展覽館,metro_entries,8,weekday,3796.04347826,3953,3873.5,4008,134.5,23,23,23,87309,0.10199528021,3466.08478261,3987.7423913,1000,1000,day_cluster_bootstrap_stability,mean_daily_journeys_in_native_hour,observed_days_for_this_station_metric_hour,same_station_metric_date_observed_hours_only,2026-07,journeys/day_at_native_hour,native_hour_local_departure_interpretation_unverified,False,False,observed,observed,1,1,mean_of_distinct_official_station_points_epsg3826,121.617622493,25.0545656792
TRTC:南港展覽館,南港展覽館,南港展覽館,metro_entries,9,weekday,2121,2196,2154,2225.5,71.5,23,23,23,48783,0.0576252677926,1949.90434783,2218.575,1000,1000,day_cluster_bootstrap_stability,mean_daily_journeys_in_native_hour,observed_days_for_this_station_metric_hour,same_station_metric_date_observed_hours_only,2026-07,journeys/day_at_native_hour,native_hour_local_departure_interpretation_unverified,False,False,observed,observed,1,1,mean_of_distinct_official_station_points_epsg3826,121.617622493,25.0545656792
TRTC:南港展覽館,南港展覽館,南港展覽館,metro_entries,10,weekday,1246.34782609,1268,1237,1293,56,23,23,23,28666,0.0345352370764,1170.36413043,1300.75108696,1000,1000,day_cluster_bootstrap_stability,mean_daily_journeys_in_native_hour,observed_days_for_this_station_metric_hour,same_station_metric_date_observed_hours_only,2026-07,journeys/day_at_native_hour,native_hour_local_departure_interpretation_unverified,False,False,observed,observed,1,1,mean_of_distinct_official_station_points_epsg3826,121.617622493,25.0545656792
TRTC:南港展覽館,南港展覽館,南港展覽館,metro_entries,11,weekday,1149.82608696,1168,1097,1216,119,23,23,23,26446,0.032041983397,1086.46413043,1208.43478261,1000,1000,day_cluster_bootstrap_stability,mean_daily_journeys_in_native_hour,observed_days_for_this_station_metric_hour,same_station_metric_date_observed_hours_only,2026-07,journeys/day_at_native_hour,native_hour_local_departure_interpretation_unverified,False,False,observed,observed,1,1,mean_of_distinct_official_station_points_epsg3826,121.617622493,25.0545656792
TRTC:南港展覽館,南港展覽館,南港展覽館,metro_entries,12,weekday,1225.34782609,1207,1121.5,1304,182.5,23,23,23,28183,0.0338914086231,1140.71847826,1308.66956522,1000,1000,day_cluster_bootstrap_stability,mean_daily_journeys_in_native_hour,observed_days_for_this_station_metric_hour,same_station_metric_date_observed_hours_only,2026-07,journeys/day_at_native_hour,native_hour_local_departure_interpretation_unverified,False,False,observed,observed,1,1,mean_of_distinct_official_station_points_epsg3826,121.617622493,25.0545656792
TRTC:南港展覽館,南港展覽館,南港展覽館,metro_entries,13,weekday,1365.39130435,1260,1198,1517,319,23,23,23,31404,0.0376560899125,1255.86521739,1487.6423913,1000,1000,day_cluster_bootstrap_stability,mean_daily_journeys_in_native_hour,observed_days_for_this_station_metric_hour,same_station_metric_date_observed_hours_only,2026-07,journeys/day_at_native_hour,native_hour_local_departure_interpretation_unverified,False,False,observed,observed,1,1,mean_of_distinct_official_station_points_epsg3826,121.617622493,25.0545656792
TRTC:南港展覽館,南港展覽館,南港展覽館,metro_entries,14,weekday,1318.60869565,1219,1097,1492,395,23,23,23,30328,0.0367038942659,1199.75108696,1469.88586957,1000,1000,day_cluster_bootstrap_stability,mean_daily_journeys_in_native_hour,observed_days_for_this_station_metric_hour,same_station_metric_date_observed_hours_only,2026-07,journeys/day_at_native_hour,native_hour_local_departure_interpretation_unverified,False,False,observed,observed,1,1,mean_of_distinct_official_station_points_epsg3826,121.617622493,25.0545656792
TRTC:南港展覽館,南港展覽館,南港展覽館,metro_entries,15,weekday,1551.43478261,1367,1220,1777,557,23,23,23,35683,0.0428344419734,1376.6076087,1768.55108696,1000,1000,day_cluster_bootstrap_stability,mean_daily_journeys_in_native_hour,observed_days_for_this_station_metric_hour,same_station_metric_date_observed_hours_only,2026-07,journeys/day_at_native_hour,native_hour_local_departure_interpretation_unverified,False,False,observed,observed,1,1,mean_of_distinct_official_station_points_epsg3826,121.617622493,25.0545656792
TRTC:南港展覽館,南港展覽館,南港展覽館,metro_entries,16,weekday,2055.60869565,1878,1628,2313.5,685.5,23,23,23,47279,0.0568732806788,1827.87173913,2323.72391304,1000,1000,day_cluster_bootstrap_stability,mean_daily_journeys_in_native_hour,observed_days_for_this_station_metric_hour,same_station_metric_date_observed_hours_only,2026-07,journeys/day_at_native_hour,native_hour_local_departure_interpretation_unverified,False,False,observed,observed,1,1,mean_of_distinct_official_station_points_epsg3826,121.617622493,25.0545656792
TRTC:南港展覽館,南港展覽館,南港展覽館,metro_entries,17,weekday,3983.65217391,3880,3554,4390,836,23,23,23,91624,0.111354600936,3709.56956522,4296.39673913,1000,1000,day_cluster_bootstrap_stability,mean_daily_journeys_in_native_hour,observed_days_for_this_station_metric_hour,same_station_metric_date_observed_hours_only,2026-07,journeys/day_at_native_hour,native_hour_local_departure_interpretation_unverified,False,False,observed,observed,1,1,mean_of_distinct_official_station_points_epsg3826,121.617622493,25.0545656792
TRTC:南港展覽館,南港展覽館,南港展覽館,metro_entries,18,weekday,6229.7826087,5957,5807.5,6581.5,774,23,23,23,143285,0.166049235189,5609.65978261,6867.79565217,1000,1000,day_cluster_bootstrap_stability,mean_daily_journeys_in_native_hour,observed_days_for_this_station_metric_hour,same_station_metric_date_observed_hours_only,2026-07,journeys/day_at_native_hour,native_hour_local_departure_interpretation_unverified,False,False,observed,observed,1,1,mean_of_distinct_official_station_points_epsg3826,121.617622493,25.0545656792
TRTC:南港展覽館,南港展覽館,南港展覽館,metro_entries,19,weekday,3814.7826087,3773,3668,4017,349,23,23,23,87740,0.101208819306,3418.03043478,4161.92608696,1000,1000,day_cluster_bootstrap_stability,mean_daily_journeys_in_native_hour,observed_days_for_this_station_metric_hour,same_station_metric_date_observed_hours_only,2026-07,journeys/day_at_native_hour,native_hour_local_departure_interpretation_unverified,False,False,observed,observed,1,1,mean_of_distinct_official_station_points_epsg3826,121.617622493,25.0545656792
TRTC:南港展覽館,南港展覽館,南港展覽館,metro_entries,20,weekday,1625.52173913,1647,1605,1749.5,144.5,23,23,23,37387,0.043389527089,1462.23695652,1743.13369565,1000,1000,day_cluster_bootstrap_stability,mean_daily_journeys_in_native_hour,observed_days_for_this_station_metric_hour,same_station_metric_date_observed_hours_only,2026-07,journeys/day_at_native_hour,native_hour_local_departure_interpretation_unverified,False,False,observed,observed,1,1,mean_of_distinct_official_station_points_epsg3826,121.617622493,25.0545656792
TRTC:南港展覽館,南港展覽館,南港展覽館,metro_entries,21,weekday,1269.52173913,1327,1188,1381,193,23,23,23,29199,0.0339009765338,1142.30108696,1370.36413043,1000,1000,day_cluster_bootstrap_stability,mean_daily_journeys_in_native_hour,observed_days_for_this_station_metric_hour,same_station_metric_date_observed_hours_only,2026-07,journeys/day_at_native_hour,native_hour_local_departure_interpretation_unverified,False,False,observed,observed,1,1,mean_of_distinct_official_station_points_epsg3826,121.617622493,25.0545656792
TRTC:南港展覽館,南港展覽館,南港展覽館,metro_entries,22,weekday,919.434782609,914,837,972,135,23,23,23,21147,0.0244824255418,818.336956522,1015.48804348,1000,1000,day_cluster_bootstrap_stability,mean_daily_journeys_in_native_hour,observed_days_for_this_station_metric_hour,same_station_metric_date_observed_hours_only,2026-07,journeys/day_at_native_hour,native_hour_local_departure_interpretation_unverified,False,False,observed,observed,1,1,mean_of_distinct_official_station_points_epsg3826,121.617622493,25.0545656792
TRTC:南港展覽館,南港展覽館,南港展覽館,metro_entries,23,weekday,292.695652174,275,251.5,301,49.5,23,23,23,6732,0.00783059037189,255.115217391,331.358695652,1000,1000,day_cluster_bootstrap_stability,mean_daily_journeys_in_native_hour,observed_days_for_this_station_metric_hour,same_station_metric_date_observed_hours_only,2026-07,journeys/day_at_native_hour,native_hour_local_departure_interpretation_unverified,False,False,observed,observed,1,1,mean_of_distinct_official_station_points_epsg3826,121.617622493,25.0545656792
TRTC:南港展覽館,南港展覽館,南港展覽館,metro_exits,0,weekday,215.043478261,177,164,232,68,23,23,23,4946,0.00622998542287,182.640217391,249.827173913,1000,1000,day_cluster_bootstrap_stability,mean_daily_journeys_in_native_hour,observed_days_for_this_station_metric_hour,same_station_metric_date_observed_hours_only,2026-07,journeys/day_at_native_hour,native_hour_local_departure_interpretation_unverified,False,False,observed,observed,1,1,mean_of_distinct_official_station_points_epsg3826,121.617622493,25.0545656792
TRTC:南港展覽館,南港展覽館,南港展覽館,metro_exits,1,weekday,13.347826087,12,8.5,15,6.5,23,23,23,307,0.000389665666953,10.3902173913,16.827173913,1000,1000,day_cluster_bootstrap_stability,mean_daily_journeys_in_native_hour,observed_days_for_this_station_metric_hour,same_station_metric_date_observed_hours_only,2026-07,journeys/day_at_native_hour,native_hour_local_departure_interpretation_unverified,False,False,observed,observed,1,1,mean_of_distinct_official_station_points_epsg3826,121.617622493,25.0545656792
TRTC:南港展覽館,南港展覽館,南港展覽館,metro_exits,5,weekday,0.173913043478,0,0,0,0,23,23,23,4,5.30776971528e-06,0.0434782608696,0.347826086957,1000,1000,day_cluster_bootstrap_stability,mean_daily_journeys_in_native_hour,observed_days_for_this_station_metric_hour,same_station_metric_date_observed_hours_only,2026-07,journeys/day_at_native_hour,native_hour_local_departure_interpretation_unverified,False,False,observed,observed,1,1,mean_of_distinct_official_station_points_epsg3826,121.617622493,25.0545656792
TRTC:南港展覽館,南港展覽館,南港展覽館,metro_exits,6,weekday,597.391304348,610,572.5,634,61.5,23,23,23,13740,0.0175199810285,550.593478261,633.491304348,1000,1000,day_cluster_bootstrap_stability,mean_daily_journeys_in_native_hour,observed_days_for_this_station_metric_hour,same_station_metric_date_observed_hours_only,2026-07,journeys/day_at_native_hour,native_hour_local_departure_interpretation_unverified,False,False,observed,observed,1,1,mean_of_distinct_official_station_points_epsg3826,121.617622493,25.0545656792
TRTC:南港展覽館,南港展覽館,南港展覽館,metro_exits,7,weekday,2315.2173913,2302,2232,2397,165,23,23,23,53250,0.0668493329127,2085.12173913,2505.71630435,1000,1000,day_cluster_bootstrap_stability,mean_daily_journeys_in_native_hour,observed_days_for_this_station_metric_hour,same_station_metric_date_observed_hours_only,2026-07,journeys/day_at_native_hour,native_hour_local_departure_interpretation_unverified,False,False,observed,observed,1,1,mean_of_distinct_official_station_points_epsg3826,121.617622493,25.0545656792
TRTC:南港展覽館,南港展覽館,南港展覽館,metro_exits,8,weekday,5308.95652174,5426,5278,5609.5,331.5,23,23,23,122106,0.152204167321,4789.22717391,5675.26304348,1000,1000,day_cluster_bootstrap_stability,mean_daily_journeys_in_native_hour,observed_days_for_this_station_metric_hour,same_station_metric_date_observed_hours_only,2026-07,journeys/day_at_native_hour,native_hour_local_departure_interpretation_unverified,False,False,observed,observed,1,1,mean_of_distinct_official_station_points_epsg3826,121.617622493,25.0545656792
TRTC:南港展覽館,南港展覽館,南港展覽館,metro_exits,9,weekday,3622.95652174,3448,3184.5,3760.5,576,23,23,23,83328,0.103717663187,3221.12282609,4058.22826087,1000,1000,day_cluster_bootstrap_stability,mean_daily_journeys_in_native_hour,observed_days_for_this_station_metric_hour,same_station_metric_date_observed_hours_only,2026-07,journeys/day_at_native_hour,native_hour_local_departure_interpretation_unverified,False,False,observed,observed,1,1,mean_of_distinct_official_station_points_epsg3826,121.617622493,25.0545656792
TRTC:南港展覽館,南港展覽館,南港展覽館,metro_exits,10,weekday,1885.91304348,1651,1494.5,2015.5,521,23,23,23,43376,0.0550833008211,1653.56086957,2178.85,1000,1000,day_cluster_bootstrap_stability,mean_daily_journeys_in_native_hour,observed_days_for_this_station_metric_hour,same_station_metric_date_observed_hours_only,2026-07,journeys/day_at_native_hour,native_hour_local_departure_interpretation_unverified,False,False,observed,observed,1,1,mean_of_distinct_official_station_points_epsg3826,121.617622493,25.0545656792
TRTC:南港展覽館,南港展覽館,南港展覽館,metro_exits,11,weekday,1577.17391304,1408,1267.5,1683.5,416,23,23,23,36275,0.0473103963279,1415.25978261,1809.53695652,1000,1000,day_cluster_bootstrap_stability,mean_daily_journeys_in_native_hour,observed_days_for_this_station_metric_hour,same_station_metric_date_observed_hours_only,2026-07,journeys/day_at_native_hour,native_hour_local_departure_interpretation_unverified,False,False,observed,observed,1,1,mean_of_distinct_official_station_points_epsg3826,121.617622493,25.0545656792
TRTC:南港展覽館,南港展覽館,南港展覽館,metro_exits,12,weekday,1525,1396,1258.5,1682,423.5,23,23,23,35075,0.045997858908,1396.45543478,1700.47282609,1000,1000,day_cluster_bootstrap_stability,mean_daily_journeys_in_native_hour,observed_days_for_this_station_metric_hour,same_station_metric_date_observed_hours_only,2026-07,journeys/day_at_native_hour,native_hour_local_departure_interpretation_unverified,False,False,observed,observed,1,1,mean_of_distinct_official_station_points_epsg3826,121.617622493,25.0545656792
TRTC:南港展覽館,南港展覽館,南港展覽館,metro_exits,13,weekday,1552.86956522,1303,1249,1646.5,397.5,23,23,23,35716,0.046620380939,1396.57391304,1752.18695652,1000,1000,day_cluster_bootstrap_stability,mean_daily_journeys_in_native_hour,observed_days_for_this_station_metric_hour,same_station_metric_date_observed_hours_only,2026-07,journeys/day_at_native_hour,native_hour_local_departure_interpretation_unverified,False,False,observed,observed,1,1,mean_of_distinct_official_station_points_epsg3826,121.617622493,25.0545656792
TRTC:南港展覽館,南港展覽館,南港展覽館,metro_exits,14,weekday,1343.13043478,1144,1067,1387.5,320.5,23,23,23,30892,0.0403527488013,1194.46847826,1540.61521739,1000,1000,day_cluster_bootstrap_stability,mean_daily_journeys_in_native_hour,observed_days_for_this_station_metric_hour,same_station_metric_date_observed_hours_only,2026-07,journeys/day_at_native_hour,native_hour_local_departure_interpretation_unverified,False,False,observed,observed,1,1,mean_of_distinct_official_station_points_epsg3826,121.617622493,25.0545656792
TRTC:南港展覽館,南港展覽館,南港展覽館,metro_exits,15,weekday,1245.73913043,1156,1096,1311,215,23,23,23,28652,0.037606010071,1159.17282609,1360.44130435,1000,1000,day_cluster_bootstrap_stability,mean_daily_journeys_in_native_hour,observed_days_for_this_station_metric_hour,same_station_metric_date_observed_hours_only,2026-07,journeys/day_at_native_hour,native_hour_local_departure_interpretation_unverified,False,False,observed,observed,1,1,mean_of_distinct_official_station_points_epsg3826,121.617622493,25.0545656792
TRTC:南港展覽館,南港展覽館,南港展覽館,metro_exits,16,weekday,1435.65217391,1406,1375.5,1487.5,112,23,23,23,33020,0.0424895773399,1339.6423913,1522.67717391,1000,1000,day_cluster_bootstrap_stability,mean_daily_journeys_in_native_hour,observed_days_for_this_station_metric_hour,same_station_metric_date_observed_hours_only,2026-07,journeys/day_at_native_hour,native_hour_local_departure_interpretation_unverified,False,False,observed,observed,1,1,mean_of_distinct_official_station_points_epsg3826,121.617622493,25.0545656792
TRTC:南港展覽館,南港展覽館,南港展覽館,metro_exits,17,weekday,2154.69565217,2252,2142,2269.5,127.5,23,23,23,49558,0.0629316282784,1987.34456522,2263.31413043,1000,1000,day_cluster_bootstrap_stability,mean_daily_journeys_in_native_hour,observed_days_for_this_station_metric_hour,same_station_metric_date_observed_hours_only,2026-07,journeys/day_at_native_hour,native_hour_local_departure_interpretation_unverified,False,False,observed,observed,1,1,mean_of_distinct_official_station_points_epsg3826,121.617622493,25.0545656792
TRTC:南港展覽館,南港展覽館,南港展覽館,metro_exits,18,weekday,3100.43478261,3215,3185,3261,76,23,23,23,71310,0.0899258974488,2846.85326087,3242.30652174,1000,1000,day_cluster_bootstrap_stability,mean_daily_journeys_in_native_hour,observed_days_for_this_station_metric_hour,same_station_metric_date_observed_hours_only,2026-07,journeys/day_at_native_hour,native_hour_local_departure_interpretation_unverified,False,False,observed,observed,1,1,mean_of_distinct_official_station_points_epsg3826,121.617622493,25.0545656792
TRTC:南港展覽館,南港展覽館,南港展覽館,metro_exits,19,weekday,2054.13043478,2119,2079,2165,86,23,23,23,47245,0.0597871625705,1886.85652174,2151.48478261,1000,1000,day_cluster_bootstrap_stability,mean_daily_journeys_in_native_hour,observed_days_for_this_station_metric_hour,same_station_metric_date_observed_hours_only,2026-07,journeys/day_at_native_hour,native_hour_local_departure_interpretation_unverified,False,False,observed,observed,1,1,mean_of_distinct_official_station_points_epsg3826,121.617622493,25.0545656792
TRTC:南港展覽館,南港展覽館,南港展覽館,metro_exits,20,weekday,1391.39130435,1435,1379,1496.5,117.5,23,23,23,32002,0.0404201830747,1271.42065217,1469.05869565,1000,1000,day_cluster_bootstrap_stability,mean_daily_journeys_in_native_hour,observed_days_for_this_station_metric_hour,same_station_metric_date_observed_hours_only,2026-07,journeys/day_at_native_hour,native_hour_local_departure_interpretation_unverified,False,False,observed,observed,1,1,mean_of_distinct_official_station_points_epsg3826,121.617622493,25.0545656792
TRTC:南港展覽館,南港展覽館,南港展覽館,metro_exits,21,weekday,1422.56521739,1474,1414.5,1553.5,139,23,23,23,32719,0.0410992666333,1297.44782609,1512.70108696,1000,1000,day_cluster_bootstrap_stability,mean_daily_journeys_in_native_hour,observed_days_for_this_station_metric_hour,same_station_metric_date_observed_hours_only,2026-07,journeys/day_at_native_hour,native_hour_local_departure_interpretation_unverified,False,False,observed,observed,1,1,mean_of_distinct_official_station_points_epsg3826,121.617622493,25.0545656792
TRTC:南港展覽館,南港展覽館,南港展覽館,metro_exits,22,weekday,1063.26086957,1062,1006.5,1109,102.5,23,23,23,24455,0.0306485229423,957.383695652,1155.45217391,1000,1000,day_cluster_bootstrap_stability,mean_daily_journeys_in_native_hour,observed_days_for_this_station_metric_hour,same_station_metric_date_observed_hours_only,2026-07,journeys/day_at_native_hour,native_hour_local_departure_interpretation_unverified,False,False,observed,observed,1,1,mean_of_distinct_official_station_points_epsg3826,121.617622493,25.0545656792
TRTC:南港展覽館,南港展覽館,南港展覽館,metro_exits,23,weekday,445.869565217,392,369.5,513.5,144,23,23,23,10255,0.0128109625356,385.454347826,508.479347826,1000,1000,day_cluster_bootstrap_stability,mean_daily_journeys_in_native_hour,observed_days_for_this_station_metric_hour,same_station_metric_date_observed_hours_only,2026-07,journeys/day_at_native_hour,native_hour_local_departure_interpretation_unverified,False,False,observed,observed,1,1,mean_of_distinct_official_station_points_epsg3826,121.617622493,25.0545656792
TRTC:台北101/世貿,台北101/世貿,台北101/世貿,metro_entries,0,weekday,227.826086957,202,179,243,64,23,23,23,5240,0.00613745427026,191.519565217,263.958695652,1000,1000,day_cluster_bootstrap_stability,mean_daily_journeys_in_native_hour,observed_days_for_this_station_metric_hour,same_station_metric_date_observed_hours_only,2026-07,journeys/day_at_native_hour,native_hour_local_departure_interpretation_unverified,False,False,observed,observed,1,1,mean_of_distinct_official_station_points_epsg3826,121.563490095,25.0329794792
TRTC:台北101/世貿,台北101/世貿,台北101/世貿,metro_entries,1,weekday,1.4347826087,1,0,3,3,23,23,23,33,3.84270064355e-05,0.826086956522,2.04456521739,1000,1000,day_cluster_bootstrap_stability,mean_daily_journeys_in_native_hour,observed_days_for_this_station_metric_hour,same_station_metric_date_observed_hours_only,2026-07,journeys/day_at_native_hour,native_hour_local_departure_interpretation_unverified,False,False,observed,observed,1,1,mean_of_distinct_official_station_points_epsg3826,121.563490095,25.0329794792
TRTC:台北101/世貿,台北101/世貿,台北101/世貿,metro_entries,5,weekday,0.0869565217391,0,0,0,0,23,23,23,2,1.77010731276e-06,0,0.347826086957,1000,1000,day_cluster_bootstrap_stability,mean_daily_journeys_in_native_hour,observed_days_for_this_station_metric_hour,same_station_metric_date_observed_hours_only,2026-07,journeys/day_at_native_hour,native_hour_local_departure_interpretation_unverified,False,False,observed,observed,1,1,mean_of_distinct_official_station_points_epsg3826,121.563490095,25.0329794792
TRTC:台北101/世貿,台北101/世貿,台北101/世貿,metro_entries,6,weekday,150.391304348,144,130.5,166,35.5,23,23,23,3459,0.00455602502966,139.129347826,165.222826087,1000,1000,day_cluster_bootstrap_stability,mean_daily_journeys_in_native_hour,observed_days_for_this_station_metric_hour,same_station_metric_date_observed_hours_only,2026-07,journeys/day_at_native_hour,native_hour_local_departure_interpretation_unverified,False,False,observed,observed,1,1,mean_of_distinct_official_station_points_epsg3826,121.563490095,25.0329794792
TRTC:台北101/世貿,台北101/世貿,台北101/世貿,metro_entries,7,weekday,639.869565217,652,634.5,680,45.5,23,23,23,14717,0.0182003337616,587.069565217,674.923913043,1000,1000,day_cluster_bootstrap_stability,mean_daily_journeys_in_native_hour,observed_days_for_this_station_metric_hour,same_station_metric_date_observed_hours_only,2026-07,journeys/day_at_native_hour,native_hour_local_departure_interpretation_unverified,False,False,observed,observed,1,1,mean_of_distinct_official_station_points_epsg3826,121.563490095,25.0329794792
TRTC:台北101/世貿,台北101/世貿,台北101/世貿,metro_entries,8,weekday,1312.08695652,1360,1316.5,1397,80.5,23,23,23,30178,0.0368698388413,1199.68804348,1377.29673913,1000,1000,day_cluster_bootstrap_stability,mean_daily_journeys_in_native_hour,observed_days_for_this_station_metric_hour,same_station_metric_date_observed_hours_only,2026-07,journeys/day_at_native_hour,native_hour_local_departure_interpretation_unverified,False,False,observed,observed,1,1,mean_of_distinct_official_station_points_epsg3826,121.563490095,25.0329794792
TRTC:台北101/世貿,台北101/世貿,台北101/世貿,metro_entries,9,weekday,798.304347826,818,787.5,843,55.5,23,23,23,18361,0.0231850467134,744.688043478,836.838043478,1000,1000,day_cluster_bootstrap_stability,mean_daily_journeys_in_native_hour,observed_days_for_this_station_metric_hour,same_station_metric_date_observed_hours_only,2026-07,journeys/day_at_native_hour,native_hour_local_departure_interpretation_unverified,False,False,observed,observed,1,1,mean_of_distinct_official_station_points_epsg3826,121.563490095,25.0329794792
TRTC:台北101/世貿,台北101/世貿,台北101/世貿,metro_entries,10,weekday,601.956521739,596,585.5,623,37.5,23,23,23,13845,0.018290246033,576.633695652,624.959782609,1000,1000,day_cluster_bootstrap_stability,mean_daily_journeys_in_native_hour,observed_days_for_this_station_metric_hour,same_station_metric_date_observed_hours_only,2026-07,journeys/day_at_native_hour,native_hour_local_departure_interpretation_unverified,False,False,observed,observed,1,1,mean_of_distinct_official_station_points_epsg3826,121.563490095,25.0329794792
TRTC:台北101/世貿,台北101/世貿,台北101/世貿,metro_entries,11,weekday,788.173913043,762,723,849.5,126.5,23,23,23,18128,0.0237940974124,740.911956522,837.983695652,1000,1000,day_cluster_bootstrap_stability,mean_daily_journeys_in_native_hour,observed_days_for_this_station_metric_hour,same_station_metric_date_observed_hours_only,2026-07,journeys/day_at_native_hour,native_hour_local_departure_interpretation_unverified,False,False,observed,observed,1,1,mean_of_distinct_official_station_points_epsg3826,121.563490095,25.0329794792
TRTC:台北101/世貿,台北101/世貿,台北101/世貿,metro_entries,12,weekday,1235.65217391,1086,1002.5,1455,452.5,23,23,23,28420,0.0361138405422,1095.86847826,1370.9673913,1000,1000,day_cluster_bootstrap_stability,mean_daily_journeys_in_native_hour,observed_days_for_this_station_metric_hour,same_station_metric_date_observed_hours_only,2026-07,journeys/day_at_native_hour,native_hour_local_departure_interpretation_unverified,False,False,observed,observed,1,1,mean_of_distinct_official_station_points_epsg3826,121.563490095,25.0329794792
TRTC:台北101/世貿,台北101/世貿,台北101/世貿,metro_entries,13,weekday,1475.60869565,1222,1159.5,1699.5,540,23,23,23,33939,0.041894362194,1271.95652174,1695.17934783,1000,1000,day_cluster_bootstrap_stability,mean_daily_journeys_in_native_hour,observed_days_for_this_station_metric_hour,same_station_metric_date_observed_hours_only,2026-07,journeys/day_at_native_hour,native_hour_local_departure_interpretation_unverified,False,False,observed,observed,1,1,mean_of_distinct_official_station_points_epsg3826,121.563490095,25.0329794792
TRTC:台北101/世貿,台北101/世貿,台北101/世貿,metro_entries,14,weekday,1725.2173913,1427,1324,2205.5,881.5,23,23,23,39680,0.0482201482515,1470.98695652,1982.6923913,1000,1000,day_cluster_bootstrap_stability,mean_daily_journeys_in_native_hour,observed_days_for_this_station_metric_hour,same_station_metric_date_observed_hours_only,2026-07,journeys/day_at_native_hour,native_hour_local_departure_interpretation_unverified,False,False,observed,observed,1,1,mean_of_distinct_official_station_points_epsg3826,121.563490095,25.0329794792
TRTC:台北101/世貿,台北101/世貿,台北101/世貿,metro_entries,15,weekday,2120.95652174,1772,1620.5,2605.5,985,23,23,23,48782,0.0581031249491,1788.91195652,2460.29891304,1000,1000,day_cluster_bootstrap_stability,mean_daily_journeys_in_native_hour,observed_days_for_this_station_metric_hour,same_station_metric_date_observed_hours_only,2026-07,journeys/day_at_native_hour,native_hour_local_departure_interpretation_unverified,False,False,observed,observed,1,1,mean_of_distinct_official_station_points_epsg3826,121.563490095,25.0329794792
TRTC:台北101/世貿,台北101/世貿,台北101/世貿,metro_entries,16,weekday,2607,2156,2077.5,3191.5,1114,23,23,23,59961,0.0703702594996,2217.98695652,3012.19130435,1000,1000,day_cluster_bootstrap_stability,mean_daily_journeys_in_native_hour,observed_days_for_this_station_metric_hour,same_station_metric_date_observed_hours_only,2026-07,journeys/day_at_native_hour,native_hour_local_departure_interpretation_unverified,False,False,observed,observed,1,1,mean_of_distinct_official_station_points_epsg3826,121.563490095,25.0329794792
TRTC:台北101/世貿,台北101/世貿,台北101/世貿,metro_entries,17,weekday,3929.34782609,3725,3455,4457,1002,23,23,23,90375,0.106981895734,3502.67391304,4334.38152174,1000,1000,day_cluster_bootstrap_stability,mean_daily_journeys_in_native_hour,observed_days_for_this_station_metric_hour,same_station_metric_date_observed_hours_only,2026-07,journeys/day_at_native_hour,native_hour_local_departure_interpretation_unverified,False,False,observed,observed,1,1,mean_of_distinct_official_station_points_epsg3826,121.563490095,25.0329794792
TRTC:台北101/世貿,台北101/世貿,台北101/世貿,metro_entries,18,weekday,6774.95652174,6764,6493.5,7464,970.5,23,23,23,155824,0.183714027239,6100.98695652,7316.41413043,1000,1000,day_cluster_bootstrap_stability,mean_daily_journeys_in_native_hour,observed_days_for_this_station_metric_hour,same_station_metric_date_observed_hours_only,2026-07,journeys/day_at_native_hour,native_hour_local_departure_interpretation_unverified,False,False,observed,observed,1,1,mean_of_distinct_official_station_points_epsg3826,121.563490095,25.0329794792
TRTC:台北101/世貿,台北101/世貿,台北101/世貿,metro_entries,19,weekday,4424.65217391,4536,4398.5,4727.5,329,23,23,23,101767,0.12139184794,4013.91304348,4687.54673913,1000,1000,day_cluster_bootstrap_stability,mean_daily_journeys_in_native_hour,observed_days_for_this_station_metric_hour,same_station_metric_date_observed_hours_only,2026-07,journeys/day_at_native_hour,native_hour_local_departure_interpretation_unverified,False,False,observed,observed,1,1,mean_of_distinct_official_station_points_epsg3826,121.563490095,25.0329794792
TRTC:台北101/世貿,台北101/世貿,台北101/世貿,metro_entries,20,weekday,2393.73913043,2448,2401.5,2511,109.5,23,23,23,55056,0.0661847646605,2177.21630435,2545.93152174,1000,1000,day_cluster_bootstrap_stability,mean_daily_journeys_in_native_hour,observed_days_for_this_station_metric_hour,same_station_metric_date_observed_hours_only,2026-07,journeys/day_at_native_hour,native_hour_local_departure_interpretation_unverified,False,False,observed,observed,1,1,mean_of_distinct_official_station_points_epsg3826,121.563490095,25.0329794792
TRTC:台北101/世貿,台北101/世貿,台北101/世貿,metro_entries,21,weekday,2317.43478261,2358,2283.5,2482,198.5,23,23,23,53301,0.0640159487515,2110.47065217,2475.51304348,1000,1000,day_cluster_bootstrap_stability,mean_daily_journeys_in_native_hour,observed_days_for_this_station_metric_hour,same_station_metric_date_observed_hours_only,2026-07,journeys/day_at_native_hour,native_hour_local_departure_interpretation_unverified,False,False,observed,observed,1,1,mean_of_distinct_official_station_points_epsg3826,121.563490095,25.0329794792
TRTC:台北101/世貿,台北101/世貿,台北101/世貿,metro_entries,22,weekday,1946.95652174,1877,1797.5,2178,380.5,23,23,23,44780,0.0531962251858,1747.68152174,2110.39565217,1000,1000,day_cluster_bootstrap_stability,mean_daily_journeys_in_native_hour,observed_days_for_this_station_metric_hour,same_station_metric_date_observed_hours_only,2026-07,journeys/day_at_native_hour,native_hour_local_departure_interpretation_unverified,False,False,observed,observed,1,1,mean_of_distinct_official_station_points_epsg3826,121.563490095,25.0329794792
TRTC:台北101/世貿,台北101/世貿,台北101/世貿,metro_entries,23,weekday,690.304347826,644,606.5,667,60.5,23,23,23,15877,0.0187403158769,593.770652174,788.005434783,1000,1000,day_cluster_bootstrap_stability,mean_daily_journeys_in_native_hour,observed_days_for_this_station_metric_hour,same_station_metric_date_observed_hours_only,2026-07,journeys/day_at_native_hour,native_hour_local_departure_interpretation_unverified,False,False,observed,observed,1,1,mean_of_distinct_official_station_points_epsg3826,121.563490095,25.0329794792
TRTC:台北101/世貿,台北101/世貿,台北101/世貿,metro_exits,0,weekday,99.5217391304,80,60.5,104.5,44,23,23,23,2289,0.00277148229658,75.9934782609,125.22173913,1000,1000,day_cluster_bootstrap_stability,mean_daily_journeys_in_native_hour,observed_days_for_this_station_metric_hour,same_station_metric_date_observed_hours_only,2026-07,journeys/day_at_native_hour,native_hour_local_departure_interpretation_unverified,False,False,observed,observed,1,1,mean_of_distinct_official_station_points_epsg3826,121.563490095,25.0329794792
TRTC:台北101/世貿,台北101/世貿,台北101/世貿,metro_exits,1,weekday,0.826086956522,0,0,1.5,1.5,23,23,23,19,2.6382882803e-05,0.304347826087,1.39130434783,1000,1000,day_cluster_bootstrap_stability,mean_daily_journeys_in_native_hour,observed_days_for_this_station_metric_hour,same_station_metric_date_observed_hours_only,2026-07,journeys/day_at_native_hour,native_hour_local_departure_interpretation_unverified,False,False,observed,observed,1,1,mean_of_distinct_official_station_points_epsg3826,121.563490095,25.0329794792
TRTC:台北101/世貿,台北101/世貿,台北101/世貿,metro_exits,5,weekday,0.0869565217391,0,0,0,0,23,23,23,2,1.80015571347e-06,0,0.347826086957,1000,1000,day_cluster_bootstrap_stability,mean_daily_journeys_in_native_hour,observed_days_for_this_station_metric_hour,same_station_metric_date_observed_hours_only,2026-07,journeys/day_at_native_hour,native_hour_local_departure_interpretation_unverified,False,False,observed,observed,1,1,mean_of_distinct_official_station_points_epsg3826,121.563490095,25.0329794792
TRTC:台北101/世貿,台北101/世貿,台北101/世貿,metro_exits,6,weekday,492.47826087,444,428,462.5,34.5,23,23,23,11327,0.0139620289085,420.459782609,601.947826087,1000,1000,day_cluster_bootstrap_stability,mean_daily_journeys_in_native_hour,observed_days_for_this_station_metric_hour,same_station_metric_date_observed_hours_only,2026-07,journeys/day_at_native_hour,native_hour_local_departure_interpretation_unverified,False,False,observed,observed,1,1,mean_of_distinct_official_station_points_epsg3826,121.563490095,25.0329794792
TRTC:台北101/世貿,台北101/世貿,台北101/世貿,metro_exits,7,weekday,1875.43478261,1843,1791,1932,141,23,23,23,43135,0.0532129893763,1698.75326087,2055.36304348,1000,1000,day_cluster_bootstrap_stability,mean_daily_journeys_in_native_hour,observed_days_for_this_station_metric_hour,same_station_metric_date_observed_hours_only,2026-07,journeys/day_at_native_hour,native_hour_local_departure_interpretation_unverified,False,False,observed,observed,1,1,mean_of_distinct_official_station_points_epsg3826,121.563490095,25.0329794792
TRTC:台北101/世貿,台北101/世貿,台北101/世貿,metro_exits,8,weekday,6266.52173913,6355,6281.5,6521.5,240,23,23,23,144130,0.174604039393,5670.40652174,6708.23152174,1000,1000,day_cluster_bootstrap_stability,mean_daily_journeys_in_native_hour,observed_days_for_this_station_metric_hour,same_station_metric_date_observed_hours_only,2026-07,journeys/day_at_native_hour,native_hour_local_departure_interpretation_unverified,False,False,observed,observed,1,1,mean_of_distinct_official_station_points_epsg3826,121.563490095,25.0329794792
TRTC:台北101/世貿,台北101/世貿,台北101/世貿,metro_exits,9,weekday,5137.2173913,5056,4751.5,5238,486.5,23,23,23,118156,0.141641187206,4590.39456522,5672.9923913,1000,1000,day_cluster_bootstrap_stability,mean_daily_journeys_in_native_hour,observed_days_for_this_station_metric_hour,same_station_metric_date_observed_hours_only,2026-07,journeys/day_at_native_hour,native_hour_local_departure_interpretation_unverified,False,False,observed,observed,1,1,mean_of_distinct_official_station_points_epsg3826,121.563490095,25.0329794792
TRTC:台北101/世貿,台北101/世貿,台北101/世貿,metro_exits,10,weekday,2577.39130435,2122,2015,3153,1138,23,23,23,59280,0.0714820655083,2173.67608696,2975.925,1000,1000,day_cluster_bootstrap_stability,mean_daily_journeys_in_native_hour,observed_days_for_this_station_metric_hour,same_station_metric_date_observed_hours_only,2026-07,journeys/day_at_native_hour,native_hour_local_departure_interpretation_unverified,False,False,observed,observed,1,1,mean_of_distinct_official_station_points_epsg3826,121.563490095,25.0329794792
TRTC:台北101/世貿,台北101/世貿,台北101/世貿,metro_exits,11,weekday,2201.7826087,1849,1735.5,2717.5,982,23,23,23,50641,0.062544013809,1897.10978261,2507.88152174,1000,1000,day_cluster_bootstrap_stability,mean_daily_journeys_in_native_hour,observed_days_for_this_station_metric_hour,same_station_metric_date_observed_hours_only,2026-07,journeys/day_at_native_hour,native_hour_local_departure_interpretation_unverified,False,False,observed,observed,1,1,mean_of_distinct_official_station_points_epsg3826,121.563490095,25.0329794792
TRTC:台北101/世貿,台北101/世貿,台北101/世貿,metro_exits,12,weekday,2185.2173913,1929,1749,2786.5,1037.5,23,23,23,50260,0.0620819701832,1907.27826087,2446.43478261,1000,1000,day_cluster_bootstrap_stability,mean_daily_journeys_in_native_hour,observed_days_for_this_station_metric_hour,same_station_metric_date_observed_hours_only,2026-07,journeys/day_at_native_hour,native_hour_local_departure_interpretation_unverified,False,False,observed,observed,1,1,mean_of_distinct_official_station_points_epsg3826,121.563490095,25.0329794792
TRTC:台北101/世貿,台北101/世貿,台北101/世貿,metro_exits,13,weekday,2266.56521739,1950,1812.5,2955.5,1143,23,23,23,52131,0.0639298478202,1966.89782609,2543.53586957,1000,1000,day_cluster_bootstrap_stability,mean_daily_journeys_in_native_hour,observed_days_for_this_station_metric_hour,same_station_metric_date_observed_hours_only,2026-07,journeys/day_at_native_hour,native_hour_local_departure_interpretation_unverified,False,False,observed,observed,1,1,mean_of_distinct_official_station_points_epsg3826,121.563490095,25.0329794792
TRTC:台北101/世貿,台北101/世貿,台北101/世貿,metro_exits,14,weekday,1784.04347826,1596,1389.5,2173.5,784,23,23,23,41033,0.0508489419108,1555.48586957,2001.39673913,1000,1000,day_cluster_bootstrap_stability,mean_daily_journeys_in_native_hour,observed_days_for_this_station_metric_hour,same_station_metric_date_observed_hours_only,2026-07,journeys/day_at_native_hour,native_hour_local_departure_interpretation_unverified,False,False,observed,observed,1,1,mean_of_distinct_official_station_points_epsg3826,121.563490095,25.0329794792
TRTC:台北101/世貿,台北101/世貿,台北101/世貿,metro_exits,15,weekday,1585.30434783,1503,1323,1901,578,23,23,23,36462,0.0453668451763,1417.38152174,1735.70869565,1000,1000,day_cluster_bootstrap_stability,mean_daily_journeys_in_native_hour,observed_days_for_this_station_metric_hour,same_station_metric_date_observed_hours_only,2026-07,journeys/day_at_native_hour,native_hour_local_departure_interpretation_unverified,False,False,observed,observed,1,1,mean_of_distinct_official_station_points_epsg3826,121.563490095,25.0329794792
TRTC:台北101/世貿,台北101/世貿,台北101/世貿,metro_exits,16,weekday,1675.56521739,1651,1584,1847.5,263.5,23,23,23,38538,0.0482100239548,1535.93695652,1792.7423913,1000,1000,day_cluster_bootstrap_stability,mean_daily_journeys_in_native_hour,observed_days_for_this_station_metric_hour,same_station_metric_date_observed_hours_only,2026-07,journeys/day_at_native_hour,native_hour_local_departure_interpretation_unverified,False,False,observed,observed,1,1,mean_of_distinct_official_station_points_epsg3826,121.563490095,25.0329794792
TRTC:台北101/世貿,台北101/世貿,台北101/世貿,metro_exits,17,weekday,1945.56521739,1938,1820,2132,312,23,23,23,44748,0.0555277414523,1775.87065217,2088.70108696,1000,1000,day_cluster_bootstrap_stability,mean_daily_journeys_in_native_hour,observed_days_for_this_station_metric_hour,same_station_metric_date_observed_hours_only,2026-07,journeys/day_at_native_hour,native_hour_local_departure_interpretation_unverified,False,False,observed,observed,1,1,mean_of_distinct_official_station_points_epsg3826,121.563490095,25.0329794792
TRTC:台北101/世貿,台北101/世貿,台北101/世貿,metro_exits,18,weekday,2285.7826087,2268,2160.5,2509,348.5,23,23,23,52573,0.0643895468843,2066.15869565,2465.38369565,1000,1000,day_cluster_bootstrap_stability,mean_daily_journeys_in_native_hour,observed_days_for_this_station_metric_hour,same_station_metric_date_observed_hours_only,2026-07,journeys/day_at_native_hour,native_hour_local_departure_interpretation_unverified,False,False,observed,observed,1,1,mean_of_distinct_official_station_points_epsg3826,121.563490095,25.0329794792
TRTC:台北101/世貿,台北101/世貿,台北101/世貿,metro_exits,19,weekday,1259.04347826,1240,1192.5,1307,114.5,23,23,23,28958,0.0358222823086,1142.51630435,1363.31956522,1000,1000,day_cluster_bootstrap_stability,mean_daily_journeys_in_native_hour,observed_days_for_this_station_metric_hour,same_station_metric_date_observed_hours_only,2026-07,journeys/day_at_native_hour,native_hour_local_departure_interpretation_unverified,False,False,observed,observed,1,1,mean_of_distinct_official_station_points_epsg3826,121.563490095,25.0329794792
TRTC:台北101/世貿,台北101/世貿,台北101/世貿,metro_exits,20,weekday,709.347826087,671,642,755,113,23,23,23,16315,0.0203994929135,636.810869565,780.663043478,1000,1000,day_cluster_bootstrap_stability,mean_daily_journeys_in_native_hour,observed_days_for_this_station_metric_hour,same_station_metric_date_observed_hours_only,2026-07,journeys/day_at_native_hour,native_hour_local_departure_interpretation_unverified,False,False,observed,observed,1,1,mean_of_distinct_official_station_points_epsg3826,121.563490095,25.0329794792
TRTC:台北101/世貿,台北101/世貿,台北101/世貿,metro_exits,21,weekday,557.043478261,551,481.5,588.5,107,23,23,23,12812,0.015996030729,496.994565217,612.660869565,1000,1000,day_cluster_bootstrap_stability,mean_daily_journeys_in_native_hour,observed_days_for_this_station_metric_hour,same_station_metric_date_observed_hours_only,2026-07,journeys/day_at_native_hour,native_hour_local_departure_interpretation_unverified,False,False,observed,observed,1,1,mean_of_distinct_official_station_points_epsg3826,121.563490095,25.0329794792
TRTC:台北101/世貿,台北101/世貿,台北101/世貿,metro_exits,22,weekday,390.739130435,367,313.5,417.5,104,23,23,23,8987,0.0110476888248,337.384782609,443.784782609,1000,1000,day_cluster_bootstrap_stability,mean_daily_journeys_in_native_hour,observed_days_for_this_station_metric_hour,same_station_metric_date_observed_hours_only,2026-07,journeys/day_at_native_hour,native_hour_local_departure_interpretation_unverified,False,False,observed,observed,1,1,mean_of_distinct_official_station_points_epsg3826,121.563490095,25.0329794792
TRTC:台北101/世貿,台北101/世貿,台北101/世貿,metro_exits,23,weekday,219.47826087,181,142.5,226.5,84,23,23,23,5048,0.00613359830582,175.640217391,269.959782609,1000,1000,day_cluster_bootstrap_stability,mean_daily_journeys_in_native_hour,observed_days_for_this_station_metric_hour,same_station_metric_date_observed_hours_only,2026-07,journeys/day_at_native_hour,native_hour_local_departure_interpretation_unverified,False,False,observed,observed,1,1,mean_of_distinct_official_station_points_epsg3826,121.563490095,25.0329794792
TRTC:台北車站,台北車站,台北車站,metro_entries,0,weekday,1113.26086957,1040,989,1174.5,185.5,23,23,23,25605,0.00737108942251,1001.82282609,1222.35434783,1000,1000,day_cluster_bootstrap_stability,mean_daily_journeys_in_native_hour,observed_days_for_this_station_metric_hour,same_station_metric_date_observed_hours_only,2026-07,journeys/day_at_native_hour,native_hour_local_departure_interpretation_unverified,False,False,observed,observed,1,1,mean_of_distinct_official_station_points_epsg3826,121.517438025,25.0462330834
TRTC:台北車站,台北車站,台北車站,metro_entries,1,weekday,29.4347826087,27,24.5,35,10.5,23,23,23,677,0.000192098261035,25.6086956522,33.2619565217,1000,1000,day_cluster_bootstrap_stability,mean_daily_journeys_in_native_hour,observed_days_for_this_station_metric_hour,same_station_metric_date_observed_hours_only,2026-07,journeys/day_at_native_hour,native_hour_local_departure_interpretation_unverified,False,False,observed,observed,1,1,mean_of_distinct_official_station_points_epsg3826,121.517438025,25.0462330834
TRTC:台北車站,台北車站,台北車站,metro_entries,5,weekday,1.04347826087,1,0,1,1,23,23,23,24,7.18419490713e-06,0.608695652174,1.56630434783,1000,1000,day_cluster_bootstrap_stability,mean_daily_journeys_in_native_hour,observed_days_for_this_station_metric_hour,same_station_metric_date_observed_hours_only,2026-07,journeys/day_at_native_hour,native_hour_local_departure_interpretation_unverified,False,False,observed,observed,1,1,mean_of_distinct_official_station_points_epsg3826,121.517438025,25.0462330834
TRTC:台北車站,台北車站,台北車站,metro_entries,6,weekday,1405.47826087,1430,1410.5,1462,51.5,23,23,23,32326,0.00937506399349,1312.73478261,1467.57717391,1000,1000,day_cluster_bootstrap_stability,mean_daily_journeys_in_native_hour,observed_days_for_this_station_metric_hour,same_station_metric_date_observed_hours_only,2026-07,journeys/day_at_native_hour,native_hour_local_departure_interpretation_unverified,False,False,observed,observed,1,1,mean_of_distinct_official_station_points_epsg3826,121.517438025,25.0462330834
TRTC:台北車站,台北車站,台北車站,metro_entries,7,weekday,6335.39130435,6522,6419,6617.5,198.5,23,23,23,145714,0.0416889065448,5830.2576087,6665.49565217,1000,1000,day_cluster_bootstrap_stability,mean_daily_journeys_in_native_hour,observed_days_for_this_station_metric_hour,same_station_metric_date_observed_hours_only,2026-07,journeys/day_at_native_hour,native_hour_local_departure_interpretation_unverified,False,False,observed,observed,1,1,mean_of_distinct_official_station_points_epsg3826,121.517438025,25.0462330834
TRTC:台北車站,台北車站,台北車站,metro_entries,8,weekday,13671.1304348,14215,13852,14396.5,544.5,23,23,23,314436,0.0894153414052,12477.8326087,14404.45,1000,1000,day_cluster_bootstrap_stability,mean_daily_journeys_in_native_hour,observed_days_for_this_station_metric_hour,same_station_metric_date_observed_hours_only,2026-07,journeys/day_at_native_hour,native_hour_local_departure_interpretation_unverified,False,False,observed,observed,1,1,mean_of_distinct_official_station_points_epsg3826,121.517438025,25.0462330834
TRTC:台北車站,台北車站,台北車站,metro_entries,9,weekday,9373.95652174,9643,9442.5,9808.5,366,23,23,23,215601,0.0618100574315,8647.5,9826.73804348,1000,1000,day_cluster_bootstrap_stability,mean_daily_journeys_in_native_hour,observed_days_for_this_station_metric_hour,same_station_metric_date_observed_hours_only,2026-07,journeys/day_at_native_hour,native_hour_local_departure_interpretation_unverified,False,False,observed,observed,1,1,mean_of_distinct_official_station_points_epsg3826,121.517438025,25.0462330834
TRTC:台北車站,台北車站,台北車站,metro_entries,10,weekday,7108.56521739,7262,6891.5,7622.5,731,23,23,23,163497,0.0474286025209,6631.94347826,7443.8826087,1000,1000,day_cluster_bootstrap_stability,mean_daily_journeys_in_native_hour,observed_days_for_this_station_metric_hour,same_station_metric_date_observed_hours_only,2026-07,journeys/day_at_native_hour,native_hour_local_departure_interpretation_unverified,False,False,observed,observed,1,1,mean_of_distinct_official_station_points_epsg3826,121.517438025,25.0462330834
TRTC:台北車站,台北車站,台北車站,metro_entries,11,weekday,7163.65217391,7150,6987,7534,547,23,23,23,164764,0.04816927093,6740.61086957,7465.3173913,1000,1000,day_cluster_bootstrap_stability,mean_daily_journeys_in_native_hour,observed_days_for_this_station_metric_hour,same_station_metric_date_observed_hours_only,2026-07,journeys/day_at_native_hour,native_hour_local_departure_interpretation_unverified,False,False,observed,observed,1,1,mean_of_distinct_official_station_points_epsg3826,121.517438025,25.0462330834
TRTC:台北車站,台北車站,台北車站,metro_entries,12,weekday,7727.39130435,7836,7496.5,8264.5,768,23,23,23,177730,0.0521657785602,7324.91847826,8010.53152174,1000,1000,day_cluster_bootstrap_stability,mean_daily_journeys_in_native_hour,observed_days_for_this_station_metric_hour,same_station_metric_date_observed_hours_only,2026-07,journeys/day_at_native_hour,native_hour_local_departure_interpretation_unverified,False,False,observed,observed,1,1,mean_of_distinct_official_station_points_epsg3826,121.517438025,25.0462330834
TRTC:台北車站,台北車站,台北車站,metro_entries,13,weekday,8205.95652174,8330,7923,8540,617,23,23,23,188737,0.0553227860201,7774.03586957,8531.6576087,1000,1000,day_cluster_bootstrap_stability,mean_daily_journeys_in_native_hour,observed_days_for_this_station_metric_hour,same_station_metric_date_observed_hours_only,2026-07,journeys/day_at_native_hour,native_hour_local_departure_interpretation_unverified,False,False,observed,observed,1,1,mean_of_distinct_official_station_points_epsg3826,121.517438025,25.0462330834
TRTC:台北車站,台北車站,台北車站,metro_entries,14,weekday,7699.34782609,7605,7429.5,7836,406.5,23,23,23,177085,0.0521361116644,7314.82934783,8036.61413043,1000,1000,day_cluster_bootstrap_stability,mean_daily_journeys_in_native_hour,observed_days_for_this_station_metric_hour,same_station_metric_date_observed_hours_only,2026-07,journeys/day_at_native_hour,native_hour_local_departure_interpretation_unverified,False,False,observed,observed,1,1,mean_of_distinct_official_station_points_epsg3826,121.517438025,25.0462330834
TRTC:台北車站,台北車站,台北車站,metro_entries,15,weekday,7642.39130435,7538,7361.5,7773,411.5,23,23,23,175775,0.0518735473398,7270.75108696,7976.53913043,1000,1000,day_cluster_bootstrap_stability,mean_daily_journeys_in_native_hour,observed_days_for_this_station_metric_hour,same_station_metric_date_observed_hours_only,2026-07,journeys/day_at_native_hour,native_hour_local_departure_interpretation_unverified,False,False,observed,observed,1,1,mean_of_distinct_official_station_points_epsg3826,121.517438025,25.0462330834
TRTC:台北車站,台北車站,台北車站,metro_entries,16,weekday,8645.60869565,8509,8318.5,8889,570.5,23,23,23,198849,0.058324528397,8169.84130435,9059,1000,1000,day_cluster_bootstrap_stability,mean_daily_journeys_in_native_hour,observed_days_for_this_station_metric_hour,same_station_metric_date_observed_hours_only,2026-07,journeys/day_at_native_hour,native_hour_local_departure_interpretation_unverified,False,False,observed,observed,1,1,mean_of_distinct_official_station_points_epsg3826,121.517438025,25.0462330834
TRTC:台北車站,台北車站,台北車站,metro_entries,17,weekday,12591.826087,12637,12398.5,13004.5,606,23,23,23,289612,0.0836697745508,11704.8608696,13229.4086957,1000,1000,day_cluster_bootstrap_stability,mean_daily_journeys_in_native_hour,observed_days_for_this_station_metric_hour,same_station_metric_date_observed_hours_only,2026-07,journeys/day_at_native_hour,native_hour_local_departure_interpretation_unverified,False,False,observed,observed,1,1,mean_of_distinct_official_station_points_epsg3826,121.517438025,25.0462330834
TRTC:台北車站,台北車站,台北車站,metro_entries,18,weekday,15119.2608696,15291,15044,15680.5,636.5,23,23,23,347743,0.0997293188588,13960.401087,15905.223913,1000,1000,day_cluster_bootstrap_stability,mean_daily_journeys_in_native_hour,observed_days_for_this_station_metric_hour,same_station_metric_date_observed_hours_only,2026-07,journeys/day_at_native_hour,native_hour_local_departure_interpretation_unverified,False,False,observed,observed,1,1,mean_of_distinct_official_station_points_epsg3826,121.517438025,25.0462330834
TRTC:台北車站,台北車站,台北車站,metro_entries,19,weekday,10912.6521739,10928,10575.5,11363.5,788,23,23,23,250991,0.0721970457008,10091.4956522,11577.5554348,1000,1000,day_cluster_bootstrap_stability,mean_daily_journeys_in_native_hour,observed_days_for_this_station_metric_hour,same_station_metric_date_observed_hours_only,2026-07,journeys/day_at_native_hour,native_hour_local_departure_interpretation_unverified,False,False,observed,observed,1,1,mean_of_distinct_official_station_points_epsg3826,121.517438025,25.0462330834
TRTC:台北車站,台北車站,台北車站,metro_entries,20,weekday,7901.13043478,7761,7533,8033,500,23,23,23,181726,0.052342332522,7279.64456522,8442.27717391,1000,1000,day_cluster_bootstrap_stability,mean_daily_journeys_in_native_hour,observed_days_for_this_station_metric_hour,same_station_metric_date_observed_hours_only,2026-07,journeys/day_at_native_hour,native_hour_local_departure_interpretation_unverified,False,False,observed,observed,1,1,mean_of_distinct_official_station_points_epsg3826,121.517438025,25.0462330834
TRTC:台北車站,台北車站,台北車站,metro_entries,21,weekday,7596.52173913,7505,7111.5,7845,733.5,23,23,23,174720,0.0500365396145,6952.42282609,8170.73043478,1000,1000,day_cluster_bootstrap_stability,mean_daily_journeys_in_native_hour,observed_days_for_this_station_metric_hour,same_station_metric_date_observed_hours_only,2026-07,journeys/day_at_native_hour,native_hour_local_departure_interpretation_unverified,False,False,observed,observed,1,1,mean_of_distinct_official_station_points_epsg3826,121.517438025,25.0462330834
TRTC:台北車站,台北車站,台北車站,metro_entries,22,weekday,7722.82608696,7509,7308.5,7872.5,564,23,23,23,177625,0.050339853065,6950.36847826,8386.27065217,1000,1000,day_cluster_bootstrap_stability,mean_daily_journeys_in_native_hour,observed_days_for_this_station_metric_hour,same_station_metric_date_observed_hours_only,2026-07,journeys/day_at_native_hour,native_hour_local_departure_interpretation_unverified,False,False,observed,observed,1,1,mean_of_distinct_official_station_points_epsg3826,121.517438025,25.0462330834
TRTC:台北車站,台北車站,台北車站,metro_entries,23,weekday,2501.56521739,2311,2152,2512.5,360.5,23,23,23,57536,0.0164047690022,2220.94891304,2788.85978261,1000,1000,day_cluster_bootstrap_stability,mean_daily_journeys_in_native_hour,observed_days_for_this_station_metric_hour,same_station_metric_date_observed_hours_only,2026-07,journeys/day_at_native_hour,native_hour_local_departure_interpretation_unverified,False,False,observed,observed,1,1,mean_of_distinct_official_station_points_epsg3826,121.517438025,25.0462330834
TRTC:台北車站,台北車站,台北車站,metro_exits,0,weekday,216.217391304,159,140.5,203,62.5,23,23,23,4973,0.00142374444748,160.855434783,295.233695652,1000,1000,day_cluster_bootstrap_stability,mean_daily_journeys_in_native_hour,observed_days_for_this_station_metric_hour,same_station_metric_date_observed_hours_only,2026-07,journeys/day_at_native_hour,native_hour_local_departure_interpretation_unverified,False,False,observed,observed,1,1,mean_of_distinct_official_station_points_epsg3826,121.517438025,25.0462330834
TRTC:台北車站,台北車站,台北車站,metro_exits,1,weekday,0.217391304348,0,0,0,0,23,23,23,5,1.43604636633e-06,0.0434782608696,0.391304347826,1000,1000,day_cluster_bootstrap_stability,mean_daily_journeys_in_native_hour,observed_days_for_this_station_metric_hour,same_station_metric_date_observed_hours_only,2026-07,journeys/day_at_native_hour,native_hour_local_departure_interpretation_unverified,False,False,observed,observed,1,1,mean_of_distinct_official_station_points_epsg3826,121.517438025,25.0462330834
TRTC:台北車站,台北車站,台北車站,metro_exits,5,weekday,1.04347826087,1,0,1,1,23,23,23,24,7.1769424197e-06,0.608695652174,1.56630434783,1000,1000,day_cluster_bootstrap_stability,mean_daily_journeys_in_native_hour,observed_days_for_this_station_metric_hour,same_station_metric_date_observed_hours_only,2026-07,journeys/day_at_native_hour,native_hour_local_departure_interpretation_unverified,False,False,observed,observed,1,1,mean_of_distinct_official_station_points_epsg3826,121.517438025,25.0462330834
TRTC:台北車站,台北車站,台北車站,metro_exits,6,weekday,3556.95652174,3566,3481,3733.5,252.5,23,23,23,81810,0.0241354220466,3367.99891304,3704.67065217,1000,1000,day_cluster_bootstrap_stability,mean_daily_journeys_in_native_hour,observed_days_for_this_station_metric_hour,same_station_metric_date_observed_hours_only,2026-07,journeys/day_at_native_hour,native_hour_local_departure_interpretation_unverified,False,False,observed,observed,1,1,mean_of_distinct_official_station_points_epsg3826,121.517438025,25.0462330834
TRTC:台北車站,台北車站,台北車站,metro_exits,7,weekday,7989.73913043,8242,8042.5,8371.5,329,23,23,23,183764,0.0535675803499,7456.28586957,8287.9576087,1000,1000,day_cluster_bootstrap_stability,mean_daily_journeys_in_native_hour,observed_days_for_this_station_metric_hour,same_station_metric_date_observed_hours_only,2026-07,journeys/day_at_native_hour,native_hour_local_departure_interpretation_unverified,False,False,observed,observed,1,1,mean_of_distinct_official_station_points_epsg3826,121.517438025,25.0462330834
TRTC:台北車站,台北車站,台北車站,metro_exits,8,weekday,12106.3913043,12466,12214.5,12761,546.5,23,23,23,278447,0.080851162817,11225.15,12626.7152174,1000,1000,day_cluster_bootstrap_stability,mean_daily_journeys_in_native_hour,observed_days_for_this_station_metric_hour,same_station_metric_date_observed_hours_only,2026-07,journeys/day_at_native_hour,native_hour_local_departure_interpretation_unverified,False,False,observed,observed,1,1,mean_of_distinct_official_station_points_epsg3826,121.517438025,25.0462330834
TRTC:台北車站,台北車站,台北車站,metro_exits,9,weekday,7471.56521739,7564,7416,7723,307,23,23,23,171846,0.0508387452806,7132.25217391,7688.01847826,1000,1000,day_cluster_bootstrap_stability,mean_daily_journeys_in_native_hour,observed_days_for_this_station_metric_hour,same_station_metric_date_observed_hours_only,2026-07,journeys/day_at_native_hour,native_hour_local_departure_interpretation_unverified,False,False,observed,observed,1,1,mean_of_distinct_official_station_points_epsg3826,121.517438025,25.0462330834
TRTC:台北車站,台北車站,台北車站,metro_exits,10,weekday,6574.91304348,6531,6373.5,6850.5,477,23,23,23,151223,0.0453850985739,6380.76956522,6741.01304348,1000,1000,day_cluster_bootstrap_stability,mean_daily_journeys_in_native_hour,observed_days_for_this_station_metric_hour,same_station_metric_date_observed_hours_only,2026-07,journeys/day_at_native_hour,native_hour_local_departure_interpretation_unverified,False,False,observed,observed,1,1,mean_of_distinct_official_station_points_epsg3826,121.517438025,25.0462330834
TRTC:台北車站,台北車站,台北車站,metro_exits,11,weekday,7614.82608696,7543,7418.5,7951,532.5,23,23,23,175141,0.0525650573851,7399.8826087,7814.6576087,1000,1000,day_cluster_bootstrap_stability,mean_daily_journeys_in_native_hour,observed_days_for_this_station_metric_hour,same_station_metric_date_observed_hours_only,2026-07,journeys/day_at_native_hour,native_hour_local_departure_interpretation_unverified,False,False,observed,observed,1,1,mean_of_distinct_official_station_points_epsg3826,121.517438025,25.0462330834
TRTC:台北車站,台北車站,台北車站,metro_exits,12,weekday,8521.04347826,8485,8228,8671.5,443.5,23,23,23,195984,0.0583050322432,8189.3,8825.44021739,1000,1000,day_cluster_bootstrap_stability,mean_daily_journeys_in_native_hour,observed_days_for_this_station_metric_hour,same_station_metric_date_observed_hours_only,2026-07,journeys/day_at_native_hour,native_hour_local_departure_interpretation_unverified,False,False,observed,observed,1,1,mean_of_distinct_official_station_points_epsg3826,121.517438025,25.0462330834
TRTC:台北車站,台北車站,台北車站,metro_exits,13,weekday,8683.7826087,8509,8270.5,8979.5,709,23,23,23,199727,0.0591078539819,8241.64891304,9071.02065217,1000,1000,day_cluster_bootstrap_stability,mean_daily_journeys_in_native_hour,observed_days_for_this_station_metric_hour,same_station_metric_date_observed_hours_only,2026-07,journeys/day_at_native_hour,native_hour_local_departure_interpretation_unverified,False,False,observed,observed,1,1,mean_of_distinct_official_station_points_epsg3826,121.517438025,25.0462330834
TRTC:台北車站,台北車站,台北車站,metro_exits,14,weekday,7954.39130435,7771,7616.5,8291.5,675,23,23,23,182951,0.0542490526089,7573.5173913,8299.83369565,1000,1000,day_cluster_bootstrap_stability,mean_daily_journeys_in_native_hour,observed_days_for_this_station_metric_hour,same_station_metric_date_observed_hours_only,2026-07,journeys/day_at_native_hour,native_hour_local_departure_interpretation_unverified,False,False,observed,observed,1,1,mean_of_distinct_official_station_points_epsg3826,121.517438025,25.0462330834
TRTC:台北車站,台北車站,台北車站,metro_exits,15,weekday,8626.52173913,8715,8223,8951.5,728.5,23,23,23,198410,0.0583405965253,8137.97173913,9039.5576087,1000,1000,day_cluster_bootstrap_stability,mean_daily_journeys_in_native_hour,observed_days_for_this_station_metric_hour,same_station_metric_date_observed_hours_only,2026-07,journeys/day_at_native_hour,native_hour_local_departure_interpretation_unverified,False,False,observed,observed,1,1,mean_of_distinct_official_station_points_epsg3826,121.517438025,25.0462330834
TRTC:台北車站,台北車站,台北車站,metro_exits,16,weekday,10448.6521739,10481,10074.5,10876,801.5,23,23,23,240319,0.0699300341228,9733.02717391,11046.751087,1000,1000,day_cluster_bootstrap_stability,mean_daily_journeys_in_native_hour,observed_days_for_this_station_metric_hour,same_station_metric_date_observed_hours_only,2026-07,journeys/day_at_native_hour,native_hour_local_departure_interpretation_unverified,False,False,observed,observed,1,1,mean_of_distinct_official_station_points_epsg3826,121.517438025,25.0462330834
TRTC:台北車站,台北車站,台北車站,metro_exits,17,weekday,15944.9130435,16035,15541,16561.5,1020.5,23,23,23,366733,0.105448674462,14611.1347826,16986.2315217,1000,1000,day_cluster_bootstrap_stability,mean_daily_journeys_in_native_hour,observed_days_for_this_station_metric_hour,same_station_metric_date_observed_hours_only,2026-07,journeys/day_at_native_hour,native_hour_local_departure_interpretation_unverified,False,False,observed,observed,1,1,mean_of_distinct_official_station_points_epsg3826,121.517438025,25.0462330834
TRTC:台北車站,台北車站,台北車站,metro_exits,18,weekday,16764.826087,16644,16422.5,17548,1125.5,23,23,23,385591,0.110244664535,15197.9630435,17985.2717391,1000,1000,day_cluster_bootstrap_stability,mean_daily_journeys_in_native_hour,observed_days_for_this_station_metric_hour,same_station_metric_date_observed_hours_only,2026-07,journeys/day_at_native_hour,native_hour_local_departure_interpretation_unverified,False,False,observed,observed,1,1,mean_of_distinct_official_station_points_epsg3826,121.517438025,25.0462330834
TRTC:台北車站,台北車站,台北車站,metro_exits,19,weekday,9261.43478261,9162,8737,9397.5,660.5,23,23,23,213013,0.0610389488732,8390.44130435,9998.66956522,1000,1000,day_cluster_bootstrap_stability,mean_daily_journeys_in_native_hour,observed_days_for_this_station_metric_hour,same_station_metric_date_observed_hours_only,2026-07,journeys/day_at_native_hour,native_hour_local_departure_interpretation_unverified,False,False,observed,observed,1,1,mean_of_distinct_official_station_points_epsg3826,121.517438025,25.0462330834
TRTC:台北車站,台北車站,台北車站,metro_exits,20,weekday,6443.91304348,6325,5933.5,6622.5,689,23,23,23,148210,0.0424780836223,5828.70869565,7001.74130435,1000,1000,day_cluster_bootstrap_stability,mean_daily_journeys_in_native_hour,observed_days_for_this_station_metric_hour,same_station_metric_date_observed_hours_only,2026-07,journeys/day_at_native_hour,native_hour_local_departure_interpretation_unverified,False,False,observed,observed,1,1,mean_of_distinct_official_station_points_epsg3826,121.517438025,25.0462330834
TRTC:台北車站,台北車站,台北車站,metro_exits,21,weekday,6118.2173913,6087,5726.5,6213,486.5,23,23,23,140719,0.0401533908173,5485.36413043,6714.65543478,1000,1000,day_cluster_bootstrap_stability,mean_daily_journeys_in_native_hour,observed_days_for_this_station_metric_hour,same_station_metric_date_observed_hours_only,2026-07,journeys/day_at_native_hour,native_hour_local_departure_interpretation_unverified,False,False,observed,observed,1,1,mean_of_distinct_official_station_points_epsg3826,121.517438025,25.0462330834
TRTC:台北車站,台北車站,台北車站,metro_exits,22,weekday,3768.39130435,3595,3159,4121,962,23,23,23,86673,0.0245908353132,3295.75326087,4238.81847826,1000,1000,day_cluster_bootstrap_stability,mean_daily_journeys_in_native_hour,observed_days_for_this_station_metric_hour,same_station_metric_date_observed_hours_only,2026-07,journeys/day_at_native_hour,native_hour_local_departure_interpretation_unverified,False,False,observed,observed,1,1,mean_of_distinct_official_station_points_epsg3826,121.517438025,25.0462330834
TRTC:台北車站,台北車站,台北車站,metro_exits,23,weekday,1127.95652174,894,817.5,1467.5,650,23,23,23,25943,0.00733740900535,918.752173913,1367.79130435,1000,1000,day_cluster_bootstrap_stability,mean_daily_journeys_in_native_hour,observed_days_for_this_station_metric_hour,same_station_metric_date_observed_hours_only,2026-07,journeys/day_at_native_hour,native_hour_local_departure_interpretation_unverified,False,False,observed,observed,1,1,mean_of_distinct_official_station_points_epsg3826,121.517438025,25.0462330834
TRTC:市政府,市政府,市政府,metro_entries,0,weekday,480.782608696,370,329.5,494,164.5,23,23,23,11058,0.00751031629735,388.676086957,581.841304348,1000,1000,day_cluster_bootstrap_stability,mean_daily_journeys_in_native_hour,observed_days_for_this_station_metric_hour,same_station_metric_date_observed_hours_only,2026-07,journeys/day_at_native_hour,native_hour_local_departure_interpretation_unverified,False,False,observed,observed,1,1,mean_of_distinct_official_station_points_epsg3826,121.565259454,25.0411788911
TRTC:市政府,市政府,市政府,metro_entries,1,weekday,9.30434782609,8,6,9.5,3.5,23,23,23,214,0.000146448957156,6.86956521739,11.8695652174,1000,1000,day_cluster_bootstrap_stability,mean_daily_journeys_in_native_hour,observed_days_for_this_station_metric_hour,same_station_metric_date_observed_hours_only,2026-07,journeys/day_at_native_hour,native_hour_local_departure_interpretation_unverified,False,False,observed,observed,1,1,mean_of_distinct_official_station_points_epsg3826,121.565259454,25.0411788911
TRTC:市政府,市政府,市政府,metro_entries,5,weekday,0.434782608696,0,0,1,1,23,23,23,10,9.98798940183e-06,0.173913043478,0.695652173913,1000,1000,day_cluster_bootstrap_stability,mean_daily_journeys_in_native_hour,observed_days_for_this_station_metric_hour,same_station_metric_date_observed_hours_only,2026-07,journeys/day_at_native_hour,native_hour_local_departure_interpretation_unverified,False,False,observed,observed,1,1,mean_of_distinct_official_station_points_epsg3826,121.565259454,25.0411788911
TRTC:市政府,市政府,市政府,metro_entries,6,weekday,334,310,296.5,332.5,36,23,23,23,7682,0.00579650625409,299.817391304,386.032608696,1000,1000,day_cluster_bootstrap_stability,mean_daily_journeys_in_native_hour,observed_days_for_this_station_metric_hour,same_station_metric_date_observed_hours_only,2026-07,journeys/day_at_native_hour,native_hour_local_departure_interpretation_unverified,False,False,observed,observed,1,1,mean_of_distinct_official_station_points_epsg3826,121.565259454,25.0411788911
TRTC:市政府,市政府,市政府,metro_entries,7,weekday,1296.2173913,1336,1304.5,1367,62.5,23,23,23,29813,0.020956599407,1190.81521739,1363.4423913,1000,1000,day_cluster_bootstrap_stability,mean_daily_journeys_in_native_hour,observed_days_for_this_station_metric_hour,same_station_metric_date_observed_hours_only,2026-07,journeys/day_at_native_hour,native_hour_local_departure_interpretation_unverified,False,False,observed,observed,1,1,mean_of_distinct_official_station_points_epsg3826,121.565259454,25.0411788911
TRTC:市政府,市政府,市政府,metro_entries,8,weekday,2203.34782609,2295,2237,2320,83,23,23,23,50677,0.035274586082,2024.8173913,2304.5423913,1000,1000,day_cluster_bootstrap_stability,mean_daily_journeys_in_native_hour,observed_days_for_this_station_metric_hour,same_station_metric_date_observed_hours_only,2026-07,journeys/day_at_native_hour,native_hour_local_departure_interpretation_unverified,False,False,observed,observed,1,1,mean_of_distinct_official_station_points_epsg3826,121.565259454,25.0411788911
TRTC:市政府,市政府,市政府,metro_entries,9,weekday,1561,1607,1553,1652,99,23,23,23,35903,0.0255867544029,1443.13043478,1634.70543478,1000,1000,day_cluster_bootstrap_stability,mean_daily_journeys_in_native_hour,observed_days_for_this_station_metric_hour,same_station_metric_date_observed_hours_only,2026-07,journeys/day_at_native_hour,native_hour_local_departure_interpretation_unverified,False,False,observed,observed,1,1,mean_of_distinct_official_station_points_epsg3826,121.565259454,25.0411788911
TRTC:市政府,市政府,市政府,metro_entries,10,weekday,1418,1427,1388,1478.5,90.5,23,23,23,32614,0.0240156373469,1336.04673913,1480.4423913,1000,1000,day_cluster_bootstrap_stability,mean_daily_journeys_in_native_hour,observed_days_for_this_station_metric_hour,same_station_metric_date_observed_hours_only,2026-07,journeys/day_at_native_hour,native_hour_local_departure_interpretation_unverified,False,False,observed,observed,1,1,mean_of_distinct_official_station_points_epsg3826,121.565259454,25.0411788911
TRTC:市政府,市政府,市政府,metro_entries,11,weekday,1678.7826087,1706,1638,1767,129,23,23,23,38612,0.028940094056,1593.10652174,1750.48369565,1000,1000,day_cluster_bootstrap_stability,mean_daily_journeys_in_native_hour,observed_days_for_this_station_metric_hour,same_station_metric_date_observed_hours_only,2026-07,journeys/day_at_native_hour,native_hour_local_departure_interpretation_unverified,False,False,observed,observed,1,1,mean_of_distinct_official_station_points_epsg3826,121.565259454,25.0411788911
TRTC:市政府,市政府,市政府,metro_entries,12,weekday,2156.39130435,2184,2068,2314.5,246.5,23,23,23,49597,0.0368183066159,2029.6326087,2256.73913043,1000,1000,day_cluster_bootstrap_stability,mean_daily_journeys_in_native_hour,observed_days_for_this_station_metric_hour,same_station_metric_date_observed_hours_only,2026-07,journeys/day_at_native_hour,native_hour_local_departure_interpretation_unverified,False,False,observed,observed,1,1,mean_of_distinct_official_station_points_epsg3826,121.565259454,25.0411788911
TRTC:市政府,市政府,市政府,metro_entries,13,weekday,2484,2484,2428,2565,137,23,23,23,57132,0.0419901834924,2340.50434783,2598.52391304,1000,1000,day_cluster_bootstrap_stability,mean_daily_journeys_in_native_hour,observed_days_for_this_station_metric_hour,same_station_metric_date_observed_hours_only,2026-07,journeys/day_at_native_hour,native_hour_local_departure_interpretation_unverified,False,False,observed,observed,1,1,mean_of_distinct_official_station_points_epsg3826,121.565259454,25.0411788911
TRTC:市政府,市政府,市政府,metro_entries,14,weekday,2747.73913043,2729,2682,2819,137,23,23,23,63198,0.0458289536162,2552.53586957,2901.87608696,1000,1000,day_cluster_bootstrap_stability,mean_daily_journeys_in_native_hour,observed_days_for_this_station_metric_hour,same_station_metric_date_observed_hours_only,2026-07,journeys/day_at_native_hour,native_hour_local_departure_interpretation_unverified,False,False,observed,observed,1,1,mean_of_distinct_official_station_points_epsg3826,121.565259454,25.0411788911
TRTC:市政府,市政府,市政府,metro_entries,15,weekday,3134.52173913,3127,3000,3294,294,23,23,23,72094,0.0516816101387,2894.68586957,3326.02173913,1000,1000,day_cluster_bootstrap_stability,mean_daily_journeys_in_native_hour,observed_days_for_this_station_metric_hour,same_station_metric_date_observed_hours_only,2026-07,journeys/day_at_native_hour,native_hour_local_departure_interpretation_unverified,False,False,observed,observed,1,1,mean_of_distinct_official_station_points_epsg3826,121.565259454,25.0411788911
TRTC:市政府,市政府,市政府,metro_entries,16,weekday,3821.52173913,3835,3679,4018.5,339.5,23,23,23,87895,0.0619346180956,3503.7673913,4068.1673913,1000,1000,day_cluster_bootstrap_stability,mean_daily_journeys_in_native_hour,observed_days_for_this_station_metric_hour,same_station_metric_date_observed_hours_only,2026-07,journeys/day_at_native_hour,native_hour_local_departure_interpretation_unverified,False,False,observed,observed,1,1,mean_of_distinct_official_station_points_epsg3826,121.565259454,25.0411788911
TRTC:市政府,市政府,市政府,metro_entries,17,weekday,6054.04347826,6134,6019.5,6383.5,364,23,23,23,139243,0.0963701678166,5524.39130435,6407.45,1000,1000,day_cluster_bootstrap_stability,mean_daily_journeys_in_native_hour,observed_days_for_this_station_metric_hour,same_station_metric_date_observed_hours_only,2026-07,journeys/day_at_native_hour,native_hour_local_departure_interpretation_unverified,False,False,observed,observed,1,1,mean_of_distinct_official_station_points_epsg3826,121.565259454,25.0411788911
TRTC:市政府,市政府,市政府,metro_entries,18,weekday,10181.0434783,10607,10401,10837,436,23,23,23,234164,0.160075201726,9275.74021739,10689.9771739,1000,1000,day_cluster_bootstrap_stability,mean_daily_journeys_in_native_hour,observed_days_for_this_station_metric_hour,same_station_metric_date_observed_hours_only,2026-07,journeys/day_at_native_hour,native_hour_local_departure_interpretation_unverified,False,False,observed,observed,1,1,mean_of_distinct_official_station_points_epsg3826,121.565259454,25.0411788911
TRTC:市政府,市政府,市政府,metro_entries,19,weekday,7468,7794,7646,7844,198,23,23,23,171764,0.117522479499,6795.78152174,7840.23369565,1000,1000,day_cluster_bootstrap_stability,mean_daily_journeys_in_native_hour,observed_days_for_this_station_metric_hour,same_station_metric_date_observed_hours_only,2026-07,journeys/day_at_native_hour,native_hour_local_departure_interpretation_unverified,False,False,observed,observed,1,1,mean_of_distinct_official_station_points_epsg3826,121.565259454,25.0411788911
TRTC:市政府,市政府,市政府,metro_entries,20,weekday,4924.69565217,5102,4871,5222.5,351.5,23,23,23,113268,0.0775218443377,4468.89782609,5230.24891304,1000,1000,day_cluster_bootstrap_stability,mean_daily_journeys_in_native_hour,observed_days_for_this_station_metric_hour,same_station_metric_date_observed_hours_only,2026-07,journeys/day_at_native_hour,native_hour_local_departure_interpretation_unverified,False,False,observed,observed,1,1,mean_of_distinct_official_station_points_epsg3826,121.565259454,25.0411788911
TRTC:市政府,市政府,市政府,metro_entries,21,weekday,4862.43478261,5019,4625,5241.5,616.5,23,23,23,111836,0.076158917224,4392.70869565,5205.35434783,1000,1000,day_cluster_bootstrap_stability,mean_daily_journeys_in_native_hour,observed_days_for_this_station_metric_hour,same_station_metric_date_observed_hours_only,2026-07,journeys/day_at_native_hour,native_hour_local_departure_interpretation_unverified,False,False,observed,observed,1,1,mean_of_distinct_official_station_points_epsg3826,121.565259454,25.0411788911
TRTC:市政府,市政府,市政府,metro_entries,22,weekday,4148,4034,3820,4361,541,23,23,23,95404,0.064457062978,3672.14130435,4596.67391304,1000,1000,day_cluster_bootstrap_stability,mean_daily_journeys_in_native_hour,observed_days_for_this_station_metric_hour,same_station_metric_date_observed_hours_only,2026-07,journeys/day_at_native_hour,native_hour_local_departure_interpretation_unverified,False,False,observed,observed,1,1,mean_of_distinct_official_station_points_epsg3826,121.565259454,25.0411788911
TRTC:市政府,市政府,市政府,metro_entries,23,weekday,1377.56521739,1138,1069,1284,215,23,23,23,31684,0.0214037236682,1115.99673913,1678.26847826,1000,1000,day_cluster_bootstrap_stability,mean_daily_journeys_in_native_hour,observed_days_for_this_station_metric_hour,same_station_metric_date_observed_hours_only,2026-07,journeys/day_at_native_hour,native_hour_local_departure_interpretation_unverified,False,False,observed,observed,1,1,mean_of_distinct_official_station_points_epsg3826,121.565259454,25.0411788911
TRTC:市政府,市政府,市政府,metro_exits,0,weekday,125.217391304,104,85.5,136,50.5,23,23,23,2880,0.00188464418705,101.607608696,151.308695652,1000,1000,day_cluster_bootstrap_stability,mean_daily_journeys_in_native_hour,observed_days_for_this_station_metric_hour,same_station_metric_date_observed_hours_only,2026-07,journeys/day_at_native_hour,native_hour_local_departure_interpretation_unverified,False,False,observed,observed,1,1,mean_of_distinct_official_station_points_epsg3826,121.565259454,25.0411788911
TRTC:市政府,市政府,市政府,metro_exits,1,weekday,0,0,0,0,0,23,23,23,0,0,0,0,1000,1000,day_cluster_bootstrap_stability,mean_daily_journeys_in_native_hour,observed_days_for_this_station_metric_hour,same_station_metric_date_observed_hours_only,2026-07,journeys/day_at_native_hour,native_hour_local_departure_interpretation_unverified,False,False,observed,observed,1,1,mean_of_distinct_official_station_points_epsg3826,121.565259454,25.0411788911
TRTC:市政府,市政府,市政府,metro_exits,5,weekday,0.434782608696,0,0,1,1,23,23,23,10,9.45380848168e-06,0.173913043478,0.695652173913,1000,1000,day_cluster_bootstrap_stability,mean_daily_journeys_in_native_hour,observed_days_for_this_station_metric_hour,same_station_metric_date_observed_hours_only,2026-07,journeys/day_at_native_hour,native_hour_local_departure_interpretation_unverified,False,False,observed,observed,1,1,mean_of_distinct_official_station_points_epsg3826,121.565259454,25.0411788911
TRTC:市政府,市政府,市政府,metro_exits,6,weekday,1137.52173913,1173,1151.5,1195,43.5,23,23,23,26163,0.017319875816,1054.69021739,1184.74347826,1000,1000,day_cluster_bootstrap_stability,mean_daily_journeys_in_native_hour,observed_days_for_this_station_metric_hour,same_station_metric_date_observed_hours_only,2026-07,journeys/day_at_native_hour,native_hour_local_departure_interpretation_unverified,False,False,observed,observed,1,1,mean_of_distinct_official_station_points_epsg3826,121.565259454,25.0411788911
TRTC:市政府,市政府,市政府,metro_exits,7,weekday,4065.60869565,4220,4115,4313.5,198.5,23,23,23,93509,0.0602878660753,3716.7326087,4276.48478261,1000,1000,day_cluster_bootstrap_stability,mean_daily_journeys_in_native_hour,observed_days_for_this_station_metric_hour,same_station_metric_date_observed_hours_only,2026-07,journeys/day_at_native_hour,native_hour_local_departure_interpretation_unverified,False,False,observed,observed,1,1,mean_of_distinct_official_station_points_epsg3826,121.565259454,25.0411788911
TRTC:市政府,市政府,市政府,metro_exits,8,weekday,10454.9130435,10969,10642.5,11136.5,494,23,23,23,240463,0.15326063627,9495.54456522,10996.8293478,1000,1000,day_cluster_bootstrap_stability,mean_daily_journeys_in_native_hour,observed_days_for_this_station_metric_hour,same_station_metric_date_observed_hours_only,2026-07,journeys/day_at_native_hour,native_hour_local_departure_interpretation_unverified,False,False,observed,observed,1,1,mean_of_distinct_official_station_points_epsg3826,121.565259454,25.0411788911
TRTC:市政府,市政府,市政府,metro_exits,9,weekday,6813.04347826,7152,6821,7329,508,23,23,23,156700,0.10092825566,6217.15869565,7174.70434783,1000,1000,day_cluster_bootstrap_stability,mean_daily_journeys_in_native_hour,observed_days_for_this_station_metric_hour,same_station_metric_date_observed_hours_only,2026-07,journeys/day_at_native_hour,native_hour_local_departure_interpretation_unverified,False,False,observed,observed,1,1,mean_of_distinct_official_station_points_epsg3826,121.565259454,25.0411788911
TRTC:市政府,市政府,市政府,metro_exits,10,weekday,4075.34782609,4187,4111.5,4329,217.5,23,23,23,93733,0.0614240713348,3754.63043478,4273.36304348,1000,1000,day_cluster_bootstrap_stability,mean_daily_journeys_in_native_hour,observed_days_for_this_station_metric_hour,same_station_metric_date_observed_hours_only,2026-07,journeys/day_at_native_hour,native_hour_local_departure_interpretation_unverified,False,False,observed,observed,1,1,mean_of_distinct_official_station_points_epsg3826,121.565259454,25.0411788911
TRTC:市政府,市政府,市政府,metro_exits,11,weekday,3844.56521739,3902,3739.5,4020,280.5,23,23,23,88425,0.0592166096206,3578.16413043,4033.74130435,1000,1000,day_cluster_bootstrap_stability,mean_daily_journeys_in_native_hour,observed_days_for_this_station_metric_hour,same_station_metric_date_observed_hours_only,2026-07,journeys/day_at_native_hour,native_hour_local_departure_interpretation_unverified,False,False,observed,observed,1,1,mean_of_distinct_official_station_points_epsg3826,121.565259454,25.0411788911
TRTC:市政府,市政府,市政府,metro_exits,12,weekday,3743.30434783,3814,3722.5,3964,241.5,23,23,23,86096,0.0575424839711,3476.1,3929.51413043,1000,1000,day_cluster_bootstrap_stability,mean_daily_journeys_in_native_hour,observed_days_for_this_station_metric_hour,same_station_metric_date_observed_hours_only,2026-07,journeys/day_at_native_hour,native_hour_local_departure_interpretation_unverified,False,False,observed,observed,1,1,mean_of_distinct_official_station_points_epsg3826,121.565259454,25.0411788911
TRTC:市政府,市政府,市政府,metro_exits,13,weekday,3668.95652174,3674,3584,3843,259,23,23,23,84386,0.0558726377825,3380.15108696,3891.66521739,1000,1000,day_cluster_bootstrap_stability,mean_daily_journeys_in_native_hour,observed_days_for_this_station_metric_hour,same_station_metric_date_observed_hours_only,2026-07,journeys/day_at_native_hour,native_hour_local_departure_interpretation_unverified,False,False,observed,observed,1,1,mean_of_distinct_official_station_points_epsg3826,121.565259454,25.0411788911
TRTC:市政府,市政府,市政府,metro_exits,14,weekday,3195.39130435,3154,3071.5,3360.5,289,23,23,23,73494,0.0489682685927,2960.16086957,3398.78586957,1000,1000,day_cluster_bootstrap_stability,mean_daily_journeys_in_native_hour,observed_days_for_this_station_metric_hour,same_station_metric_date_observed_hours_only,2026-07,journeys/day_at_native_hour,native_hour_local_departure_interpretation_unverified,False,False,observed,observed,1,1,mean_of_distinct_official_station_points_epsg3826,121.565259454,25.0411788911
TRTC:市政府,市政府,市政府,metro_exits,15,weekday,2835.04347826,2783,2732,2958,226,23,23,23,65206,0.0434219855319,2612.1673913,3027.62282609,1000,1000,day_cluster_bootstrap_stability,mean_daily_journeys_in_native_hour,observed_days_for_this_station_metric_hour,same_station_metric_date_observed_hours_only,2026-07,journeys/day_at_native_hour,native_hour_local_departure_interpretation_unverified,False,False,observed,observed,1,1,mean_of_distinct_official_station_points_epsg3826,121.565259454,25.0411788911
TRTC:市政府,市政府,市政府,metro_exits,16,weekday,3333.17391304,3300,3193,3500,307,23,23,23,76663,0.0504932261726,3062.34456522,3567.73478261,1000,1000,day_cluster_bootstrap_stability,mean_daily_journeys_in_native_hour,observed_days_for_this_station_metric_hour,same_station_metric_date_observed_hours_only,2026-07,journeys/day_at_native_hour,native_hour_local_departure_interpretation_unverified,False,False,observed,observed,1,1,mean_of_distinct_official_station_points_epsg3826,121.565259454,25.0411788911
TRTC:市政府,市政府,市政府,metro_exits,17,weekday,4884.17391304,4831,4675.5,5141.5,466,23,23,23,112336,0.0726056907739,4453.02391304,5241.26195652,1000,1000,day_cluster_bootstrap_stability,mean_daily_journeys_in_native_hour,observed_days_for_this_station_metric_hour,same_station_metric_date_observed_hours_only,2026-07,journeys/day_at_native_hour,native_hour_local_departure_interpretation_unverified,False,False,observed,observed,1,1,mean_of_distinct_official_station_points_epsg3826,121.565259454,25.0411788911
TRTC:市政府,市政府,市政府,metro_exits,18,weekday,5969.04347826,5827,5536.5,6182.5,646,23,23,23,137288,0.0872592531921,5346.79673913,6515.89456522,1000,1000,day_cluster_bootstrap_stability,mean_daily_journeys_in_native_hour,observed_days_for_this_station_metric_hour,same_station_metric_date_observed_hours_only,2026-07,journeys/day_at_native_hour,native_hour_local_departure_interpretation_unverified,False,False,observed,observed,1,1,mean_of_distinct_official_station_points_epsg3826,121.565259454,25.0411788911
TRTC:市政府,市政府,市政府,metro_exits,19,weekday,3474.86956522,3389,3200.5,3557.5,357,23,23,23,79922,0.0509184538976,3103.70434783,3809.61413043,1000,1000,day_cluster_bootstrap_stability,mean_daily_journeys_in_native_hour,observed_days_for_this_station_metric_hour,same_station_metric_date_observed_hours_only,2026-07,journeys/day_at_native_hour,native_hour_local_departure_interpretation_unverified,False,False,observed,observed,1,1,mean_of_distinct_official_station_points_epsg3826,121.565259454,25.0411788911
TRTC:市政府,市政府,市政府,metro_exits,20,weekday,2083.04347826,2048,1942,2133,191,23,23,23,47910,0.0306140700491,1858.9923913,2280.525,1000,1000,day_cluster_bootstrap_stability,mean_daily_journeys_in_native_hour,observed_days_for_this_station_metric_hour,same_station_metric_date_observed_hours_only,2026-07,journeys/day_at_native_hour,native_hour_local_departure_interpretation_unverified,False,False,observed,observed,1,1,mean_of_distinct_official_station_points_epsg3826,121.565259454,25.0411788911
TRTC:市政府,市政府,市政府,metro_exits,21,weekday,1725.95652174,1691,1554.5,1784.5,230,23,23,23,39697,0.0254816408074,1528.5826087,1897.05978261,1000,1000,day_cluster_bootstrap_stability,mean_daily_journeys_in_native_hour,observed_days_for_this_station_metric_hour,same_station_metric_date_observed_hours_only,2026-07,journeys/day_at_native_hour,native_hour_local_departure_interpretation_unverified,False,False,observed,observed,1,1,mean_of_distinct_official_station_points_epsg3826,121.565259454,25.0411788911
TRTC:市政府,市政府,市政府,metro_exits,22,weekday,1172.56521739,1106,1000,1172,172,23,23,23,26969,0.0172517663941,1010.6423913,1329.20326087,1000,1000,day_cluster_bootstrap_stability,mean_daily_journeys_in_native_hour,observed_days_for_this_station_metric_hour,same_station_metric_date_observed_hours_only,2026-07,journeys/day_at_native_hour,native_hour_local_departure_interpretation_unverified,False,False,observed,observed,1,1,mean_of_distinct_official_station_points_epsg3826,121.565259454,25.0411788911
TRTC:市政府,市政府,市政府,metro_exits,23,weekday,349.826086957,299,244,382.5,138.5,23,23,23,8046,0.00523911006301,284.418478261,416.802173913,1000,1000,day_cluster_bootstrap_stability,mean_daily_journeys_in_native_hour,observed_days_for_this_station_metric_hour,same_station_metric_date_observed_hours_only,2026-07,journeys/day_at_native_hour,native_hour_local_departure_interpretation_unverified,False,False,observed,observed,1,1,mean_of_distinct_official_station_points_epsg3826,121.565259454,25.0411788911
TRTC:忠孝復興,忠孝復興,忠孝復興,metro_entries,0,weekday,390.086956522,331,301,390.5,89.5,23,23,23,8972,0.00865763226984,327.911956522,455.744565217,1000,1000,day_cluster_bootstrap_stability,mean_daily_journeys_in_native_hour,observed_days_for_this_station_metric_hour,same_station_metric_date_observed_hours_only,2026-07,journeys/day_at_native_hour,native_hour_local_departure_interpretation_unverified,False,False,observed,observed,1,1,mean_of_distinct_official_station_points_epsg3826,121.543793999,25.0416021624
TRTC:忠孝復興,忠孝復興,忠孝復興,metro_entries,1,weekday,16.1739130435,15,11,19.5,8.5,23,23,23,372,0.000365342524882,13.5652173913,19,1000,1000,day_cluster_bootstrap_stability,mean_daily_journeys_in_native_hour,observed_days_for_this_station_metric_hour,same_station_metric_date_observed_hours_only,2026-07,journeys/day_at_native_hour,native_hour_local_departure_interpretation_unverified,False,False,observed,observed,1,1,mean_of_distinct_official_station_points_epsg3826,121.543793999,25.0416021624
TRTC:忠孝復興,忠孝復興,忠孝復興,metro_entries,5,weekday,0.347826086957,0,0,1,1,23,23,23,8,1.01198363056e-05,0.130434782609,0.565217391304,1000,1000,day_cluster_bootstrap_stability,mean_daily_journeys_in_native_hour,observed_days_for_this_station_metric_hour,same_station_metric_date_observed_hours_only,2026-07,journeys/day_at_native_hour,native_hour_local_departure_interpretation_unverified,False,False,observed,observed,1,1,mean_of_distinct_official_station_points_epsg3826,121.543793999,25.0416021624
TRTC:忠孝復興,忠孝復興,忠孝復興,metro_entries,6,weekday,224,220,206,232.5,26.5,23,23,23,5152,0.00520562366437,209.042391304,242.091304348,1000,1000,day_cluster_bootstrap_stability,mean_daily_journeys_in_native_hour,observed_days_for_this_station_metric_hour,same_station_metric_date_observed_hours_only,2026-07,journeys/day_at_native_hour,native_hour_local_departure_interpretation_unverified,False,False,observed,observed,1,1,mean_of_distinct_official_station_points_epsg3826,121.543793999,25.0416021624
TRTC:忠孝復興,忠孝復興,忠孝復興,metro_entries,7,weekday,653.913043478,669,659,687,28,23,23,23,15040,0.0146258808971,607.777173913,682.567391304,1000,1000,day_cluster_bootstrap_stability,mean_daily_journeys_in_native_hour,observed_days_for_this_station_metric_hour,same_station_metric_date_observed_hours_only,2026-07,journeys/day_at_native_hour,native_hour_local_departure_interpretation_unverified,False,False,observed,observed,1,1,mean_of_distinct_official_station_points_epsg3826,121.543793999,25.0416021624
TRTC:忠孝復興,忠孝復興,忠孝復興,metro_entries,8,weekday,1474.2173913,1527,1485.5,1560.5,75,23,23,23,33907,0.0326073140404,1354.79673913,1543.78369565,1000,1000,day_cluster_bootstrap_stability,mean_daily_journeys_in_native_hour,observed_days_for_this_station_metric_hour,same_station_metric_date_observed_hours_only,2026-07,journeys/day_at_native_hour,native_hour_local_departure_interpretation_unverified,False,False,observed,observed,1,1,mean_of_distinct_official_station_points_epsg3826,121.543793999,25.0416021624
TRTC:忠孝復興,忠孝復興,忠孝復興,metro_entries,9,weekday,1094.7826087,1137,1092.5,1148.5,56,23,23,23,25180,0.0247053079265,1024.1576087,1139.3923913,1000,1000,day_cluster_bootstrap_stability,mean_daily_journeys_in_native_hour,observed_days_for_this_station_metric_hour,same_station_metric_date_observed_hours_only,2026-07,journeys/day_at_native_hour,native_hour_local_departure_interpretation_unverified,False,False,observed,observed,1,1,mean_of_distinct_official_station_points_epsg3826,121.543793999,25.0416021624
TRTC:忠孝復興,忠孝復興,忠孝復興,metro_entries,10,weekday,959.565217391,971,948.5,1008.5,60,23,23,23,22070,0.0222091606293,913.47173913,992.263043478,1000,1000,day_cluster_bootstrap_stability,mean_daily_journeys_in_native_hour,observed_days_for_this_station_metric_hour,same_station_metric_date_observed_hours_only,2026-07,journeys/day_at_native_hour,native_hour_local_departure_interpretation_unverified,False,False,observed,observed,1,1,mean_of_distinct_official_station_points_epsg3826,121.543793999,25.0416021624
TRTC:忠孝復興,忠孝復興,忠孝復興,metro_entries,11,weekday,1269.26086957,1276,1265.5,1310,44.5,23,23,23,29193,0.0294710593326,1215.51630435,1312.76630435,1000,1000,day_cluster_bootstrap_stability,mean_daily_journeys_in_native_hour,observed_days_for_this_station_metric_hour,same_station_metric_date_observed_hours_only,2026-07,journeys/day_at_native_hour,native_hour_local_departure_interpretation_unverified,False,False,observed,observed,1,1,mean_of_distinct_official_station_points_epsg3826,121.543793999,25.0416021624
TRTC:忠孝復興,忠孝復興,忠孝復興,metro_entries,12,weekday,1799.60869565,1847,1778.5,1896.5,118,23,23,23,41391,0.0414869080694,1715.63478261,1860.70434783,1000,1000,day_cluster_bootstrap_stability,mean_daily_journeys_in_native_hour,observed_days_for_this_station_metric_hour,same_station_metric_date_observed_hours_only,2026-07,journeys/day_at_native_hour,native_hour_local_departure_interpretation_unverified,False,False,observed,observed,1,1,mean_of_distinct_official_station_points_epsg3826,121.543793999,25.0416021624
TRTC:忠孝復興,忠孝復興,忠孝復興,metro_entries,13,weekday,2289.73913043,2322,2275,2399,124,23,23,23,52664,0.0522301323606,2156.81413043,2379.88152174,1000,1000,day_cluster_bootstrap_stability,mean_daily_journeys_in_native_hour,observed_days_for_this_station_metric_hour,same_station_metric_date_observed_hours_only,2026-07,journeys/day_at_native_hour,native_hour_local_departure_interpretation_unverified,False,False,observed,observed,1,1,mean_of_distinct_official_station_points_epsg3826,121.543793999,25.0416021624
TRTC:忠孝復興,忠孝復興,忠孝復興,metro_entries,14,weekday,2482.13043478,2514,2418.5,2656,237.5,23,23,23,57089,0.0564009567822,2333.47608696,2595.02282609,1000,1000,day_cluster_bootstrap_stability,mean_daily_journeys_in_native_hour,observed_days_for_this_station_metric_hour,same_station_metric_date_observed_hours_only,2026-07,journeys/day_at_native_hour,native_hour_local_departure_interpretation_unverified,False,False,observed,observed,1,1,mean_of_distinct_official_station_points_epsg3826,121.543793999,25.0416021624
TRTC:忠孝復興,忠孝復興,忠孝復興,metro_entries,15,weekday,2788.2173913,2882,2714.5,2916.5,202,23,23,23,64129,0.0632156286118,2618.01847826,2915.22826087,1000,1000,day_cluster_bootstrap_stability,mean_daily_journeys_in_native_hour,observed_days_for_this_station_metric_hour,same_station_metric_date_observed_hours_only,2026-07,journeys/day_at_native_hour,native_hour_local_departure_interpretation_unverified,False,False,observed,observed,1,1,mean_of_distinct_official_station_points_epsg3826,121.543793999,25.0416021624
TRTC:忠孝復興,忠孝復興,忠孝復興,metro_entries,16,weekday,3271.08695652,3313,3237,3434,197,23,23,23,75235,0.073600707849,3046.75434783,3427.32391304,1000,1000,day_cluster_bootstrap_stability,mean_daily_journeys_in_native_hour,observed_days_for_this_station_metric_hour,same_station_metric_date_observed_hours_only,2026-07,journeys/day_at_native_hour,native_hour_local_departure_interpretation_unverified,False,False,observed,observed,1,1,mean_of_distinct_official_station_points_epsg3826,121.543793999,25.0416021624
TRTC:忠孝復興,忠孝復興,忠孝復興,metro_entries,17,weekday,4166.91304348,4293,4112.5,4438,325.5,23,23,23,95839,0.0925779217441,3853.4923913,4371.78913043,1000,1000,day_cluster_bootstrap_stability,mean_daily_journeys_in_native_hour,observed_days_for_this_station_metric_hour,same_station_metric_date_observed_hours_only,2026-07,journeys/day_at_native_hour,native_hour_local_departure_interpretation_unverified,False,False,observed,observed,1,1,mean_of_distinct_official_station_points_epsg3826,121.543793999,25.0416021624
TRTC:忠孝復興,忠孝復興,忠孝復興,metro_entries,18,weekday,5504.30434783,5657,5586,5806.5,220.5,23,23,23,126599,0.120898448995,5033.91630435,5794.28695652,1000,1000,day_cluster_bootstrap_stability,mean_daily_journeys_in_native_hour,observed_days_for_this_station_metric_hour,same_station_metric_date_observed_hours_only,2026-07,journeys/day_at_native_hour,native_hour_local_departure_interpretation_unverified,False,False,observed,observed,1,1,mean_of_distinct_official_station_points_epsg3826,121.543793999,25.0416021624
TRTC:忠孝復興,忠孝復興,忠孝復興,metro_entries,19,weekday,4594.7826087,4708,4620.5,4870.5,250,23,23,23,105680,0.100736637991,4176.7826087,4855.15217391,1000,1000,day_cluster_bootstrap_stability,mean_daily_journeys_in_native_hour,observed_days_for_this_station_metric_hour,same_station_metric_date_observed_hours_only,2026-07,journeys/day_at_native_hour,native_hour_local_departure_interpretation_unverified,False,False,observed,observed,1,1,mean_of_distinct_official_station_points_epsg3826,121.543793999,25.0416021624
TRTC:忠孝復興,忠孝復興,忠孝復興,metro_entries,20,weekday,3960.65217391,4117,3912,4251.5,339.5,23,23,23,91095,0.0867823941789,3585.60869565,4193.24130435,1000,1000,day_cluster_bootstrap_stability,mean_daily_journeys_in_native_hour,observed_days_for_this_station_metric_hour,same_station_metric_date_observed_hours_only,2026-07,journeys/day_at_native_hour,native_hour_local_departure_interpretation_unverified,False,False,observed,observed,1,1,mean_of_distinct_official_station_points_epsg3826,121.543793999,25.0416021624
TRTC:忠孝復興,忠孝復興,忠孝復興,metro_entries,21,weekday,4126.04347826,4333,4072,4509,437,23,23,23,94899,0.0899834922033,3726.05978261,4394.78695652,1000,1000,day_cluster_bootstrap_stability,mean_daily_journeys_in_native_hour,observed_days_for_this_station_metric_hour,same_station_metric_date_observed_hours_only,2026-07,journeys/day_at_native_hour,native_hour_local_departure_interpretation_unverified,False,False,observed,observed,1,1,mean_of_distinct_official_station_points_epsg3826,121.543793999,25.0416021624
TRTC:忠孝復興,忠孝復興,忠孝復興,metro_entries,22,weekday,2946.95652174,2896,2689.5,3104.5,415,23,23,23,67780,0.0637875513313,2613.6826087,3263.75108696,1000,1000,day_cluster_bootstrap_stability,mean_daily_journeys_in_native_hour,observed_days_for_this_station_metric_hour,same_station_metric_date_observed_hours_only,2026-07,journeys/day_at_native_hour,native_hour_local_departure_interpretation_unverified,False,False,observed,observed,1,1,mean_of_distinct_official_station_points_epsg3826,121.543793999,25.0416021624
TRTC:忠孝復興,忠孝復興,忠孝復興,metro_entries,23,weekday,935.173913043,829,730.5,965.5,235,23,23,23,21509,0.0204417787625,787.402173913,1085.81086957,1000,1000,day_cluster_bootstrap_stability,mean_daily_journeys_in_native_hour,observed_days_for_this_station_metric_hour,same_station_metric_date_observed_hours_only,2026-07,journeys/day_at_native_hour,native_hour_local_departure_interpretation_unverified,False,False,observed,observed,1,1,mean_of_distinct_official_station_points_epsg3826,121.543793999,25.0416021624
TRTC:忠孝復興,忠孝復興,忠孝復興,metro_exits,0,weekday,98.4782608696,82,74,120.5,46.5,23,23,23,2265,0.00221555207282,83.9119565217,113.311956522,1000,1000,day_cluster_bootstrap_stability,mean_daily_journeys_in_native_hour,observed_days_for_this_station_metric_hour,same_station_metric_date_observed_hours_only,2026-07,journeys/day_at_native_hour,native_hour_local_departure_interpretation_unverified,False,False,observed,observed,1,1,mean_of_distinct_official_station_points_epsg3826,121.543793999,25.0416021624
TRTC:忠孝復興,忠孝復興,忠孝復興,metro_exits,1,weekday,0,0,0,0,0,23,23,23,0,0,0,0,1000,1000,day_cluster_bootstrap_stability,mean_daily_journeys_in_native_hour,observed_days_for_this_station_metric_hour,same_station_metric_date_observed_hours_only,2026-07,journeys/day_at_native_hour,native_hour_local_departure_interpretation_unverified,False,False,observed,observed,1,1,mean_of_distinct_official_station_points_epsg3826,121.543793999,25.0416021624
TRTC:忠孝復興,忠孝復興,忠孝復興,metro_exits,5,weekday,0.347826086957,0,0,1,1,23,23,23,8,1.02260008153e-05,0.130434782609,0.565217391304,1000,1000,day_cluster_bootstrap_stability,mean_daily_journeys_in_native_hour,observed_days_for_this_station_metric_hour,same_station_metric_date_observed_hours_only,2026-07,journeys/day_at_native_hour,native_hour_local_departure_interpretation_unverified,False,False,observed,observed,1,1,mean_of_distinct_official_station_points_epsg3826,121.543793999,25.0416021624
TRTC:忠孝復興,忠孝復興,忠孝復興,metro_exits,6,weekday,527.130434783,532,523.5,557,33.5,23,23,23,12124,0.0120803869881,497.254347826,546.783695652,1000,1000,day_cluster_bootstrap_stability,mean_daily_journeys_in_native_hour,observed_days_for_this_station_metric_hour,same_station_metric_date_observed_hours_only,2026-07,journeys/day_at_native_hour,native_hour_local_departure_interpretation_unverified,False,False,observed,observed,1,1,mean_of_distinct_official_station_points_epsg3826,121.543793999,25.0416021624
TRTC:忠孝復興,忠孝復興,忠孝復興,metro_exits,7,weekday,1976.43478261,2043,2019.5,2077,57.5,23,23,23,45458,0.0438904251238,1822.9423913,2061.9576087,1000,1000,day_cluster_bootstrap_stability,mean_daily_journeys_in_native_hour,observed_days_for_this_station_metric_hour,same_station_metric_date_observed_hours_only,2026-07,journeys/day_at_native_hour,native_hour_local_departure_interpretation_unverified,False,False,observed,observed,1,1,mean_of_distinct_official_station_points_epsg3826,121.543793999,25.0416021624
TRTC:忠孝復興,忠孝復興,忠孝復興,metro_exits,8,weekday,4051.56521739,4212,4175.5,4280,104.5,23,23,23,93186,0.0892846496276,3704.43152174,4244.39456522,1000,1000,day_cluster_bootstrap_stability,mean_daily_journeys_in_native_hour,observed_days_for_this_station_metric_hour,same_station_metric_date_observed_hours_only,2026-07,journeys/day_at_native_hour,native_hour_local_departure_interpretation_unverified,False,False,observed,observed,1,1,mean_of_distinct_official_station_points_epsg3826,121.543793999,25.0416021624
TRTC:忠孝復興,忠孝復興,忠孝復興,metro_exits,9,weekday,3027.73913043,3110,3061.5,3207.5,146,23,23,23,69638,0.0676830437804,2791.5076087,3166.82934783,1000,1000,day_cluster_bootstrap_stability,mean_daily_journeys_in_native_hour,observed_days_for_this_station_metric_hour,same_station_metric_date_observed_hours_only,2026-07,journeys/day_at_native_hour,native_hour_local_departure_interpretation_unverified,False,False,observed,observed,1,1,mean_of_distinct_official_station_points_epsg3826,121.543793999,25.0416021624
TRTC:忠孝復興,忠孝復興,忠孝復興,metro_exits,10,weekday,2960.69565217,3052,2986.5,3101,114.5,23,23,23,68096,0.0667804090434,2764.15978261,3084.15217391,1000,1000,day_cluster_bootstrap_stability,mean_daily_journeys_in_native_hour,observed_days_for_this_station_metric_hour,same_station_metric_date_observed_hours_only,2026-07,journeys/day_at_native_hour,native_hour_local_departure_interpretation_unverified,False,False,observed,observed,1,1,mean_of_distinct_official_station_points_epsg3826,121.543793999,25.0416021624
TRTC:忠孝復興,忠孝復興,忠孝復興,metro_exits,11,weekday,3115.2173913,3190,3098.5,3286.5,188,23,23,23,71650,0.0709714021691,2926.1326087,3243.04673913,1000,1000,day_cluster_bootstrap_stability,mean_daily_journeys_in_native_hour,observed_days_for_this_station_metric_hour,same_station_metric_date_observed_hours_only,2026-07,journeys/day_at_native_hour,native_hour_local_departure_interpretation_unverified,False,False,observed,observed,1,1,mean_of_distinct_official_station_points_epsg3826,121.543793999,25.0416021624
TRTC:忠孝復興,忠孝復興,忠孝復興,metro_exits,12,weekday,3267.26086957,3379,3247,3452.5,205.5,23,23,23,75147,0.0740417195097,3053.11413043,3407.1,1000,1000,day_cluster_bootstrap_stability,mean_daily_journeys_in_native_hour,observed_days_for_this_station_metric_hour,same_station_metric_date_observed_hours_only,2026-07,journeys/day_at_native_hour,native_hour_local_departure_interpretation_unverified,False,False,observed,observed,1,1,mean_of_distinct_official_station_points_epsg3826,121.543793999,25.0416021624
TRTC:忠孝復興,忠孝復興,忠孝復興,metro_exits,13,weekday,3030.91304348,3079,2959,3198.5,239.5,23,23,23,69711,0.0687142533103,2821.20869565,3173.79021739,1000,1000,day_cluster_bootstrap_stability,mean_daily_journeys_in_native_hour,observed_days_for_this_station_metric_hour,same_station_metric_date_observed_hours_only,2026-07,journeys/day_at_native_hour,native_hour_local_departure_interpretation_unverified,False,False,observed,observed,1,1,mean_of_distinct_official_station_points_epsg3826,121.543793999,25.0416021624
TRTC:忠孝復興,忠孝復興,忠孝復興,metro_exits,14,weekday,2660.26086957,2721,2598,2818.5,220.5,23,23,23,61186,0.0603928588183,2484.45652174,2786.17608696,1000,1000,day_cluster_bootstrap_stability,mean_daily_journeys_in_native_hour,observed_days_for_this_station_metric_hour,same_station_metric_date_observed_hours_only,2026-07,journeys/day_at_native_hour,native_hour_local_departure_interpretation_unverified,False,False,observed,observed,1,1,mean_of_distinct_official_station_points_epsg3826,121.543793999,25.0416021624
TRTC:忠孝復興,忠孝復興,忠孝復興,metro_exits,15,weekday,2480.43478261,2514,2425.5,2655,229.5,23,23,23,57050,0.0561396708969,2306.52065217,2604.86956522,1000,1000,day_cluster_bootstrap_stability,mean_daily_journeys_in_native_hour,observed_days_for_this_station_metric_hour,same_station_metric_date_observed_hours_only,2026-07,journeys/day_at_native_hour,native_hour_local_departure_interpretation_unverified,False,False,observed,observed,1,1,mean_of_distinct_official_station_points_epsg3826,121.543793999,25.0416021624
TRTC:忠孝復興,忠孝復興,忠孝復興,metro_exits,16,weekday,2710.17391304,2752,2591.5,2899,307.5,23,23,23,62334,0.0606294313828,2498.90543478,2868.26304348,1000,1000,day_cluster_bootstrap_stability,mean_daily_journeys_in_native_hour,observed_days_for_this_station_metric_hour,same_station_metric_date_observed_hours_only,2026-07,journeys/day_at_native_hour,native_hour_local_departure_interpretation_unverified,False,False,observed,observed,1,1,mean_of_distinct_official_station_points_epsg3826,121.543793999,25.0416021624
TRTC:忠孝復興,忠孝復興,忠孝復興,metro_exits,17,weekday,3702.47826087,3791,3547,3862.5,315.5,23,23,23,85157,0.0820412469765,3387.69673913,3963.62391304,1000,1000,day_cluster_bootstrap_stability,mean_daily_journeys_in_native_hour,observed_days_for_this_station_metric_hour,same_station_metric_date_observed_hours_only,2026-07,journeys/day_at_native_hour,native_hour_local_departure_interpretation_unverified,False,False,observed,observed,1,1,mean_of_distinct_official_station_points_epsg3826,121.543793999,25.0416021624
TRTC:忠孝復興,忠孝復興,忠孝復興,metro_exits,18,weekday,4993.56521739,5006,4748.5,5307,558.5,23,23,23,114852,0.109284285485,4509.275,5387.24347826,1000,1000,day_cluster_bootstrap_stability,mean_daily_journeys_in_native_hour,observed_days_for_this_station_metric_hour,same_station_metric_date_observed_hours_only,2026-07,journeys/day_at_native_hour,native_hour_local_departure_interpretation_unverified,False,False,observed,observed,1,1,mean_of_distinct_official_station_points_epsg3826,121.543793999,25.0416021624
TRTC:忠孝復興,忠孝復興,忠孝復興,metro_exits,19,weekday,2834.56521739,2792,2685.5,3054,368.5,23,23,23,65195,0.0624087253716,2557.2,3066.24565217,1000,1000,day_cluster_bootstrap_stability,mean_daily_journeys_in_native_hour,observed_days_for_this_station_metric_hour,same_station_metric_date_observed_hours_only,2026-07,journeys/day_at_native_hour,native_hour_local_departure_interpretation_unverified,False,False,observed,observed,1,1,mean_of_distinct_official_station_points_epsg3826,121.543793999,25.0416021624
TRTC:忠孝復興,忠孝復興,忠孝復興,metro_exits,20,weekday,1415.30434783,1385,1294.5,1508.5,214,23,23,23,32552,0.0314279550331,1282.5173913,1535.61086957,1000,1000,day_cluster_bootstrap_stability,mean_daily_journeys_in_native_hour,observed_days_for_this_station_metric_hour,same_station_metric_date_observed_hours_only,2026-07,journeys/day_at_native_hour,native_hour_local_departure_interpretation_unverified,False,False,observed,observed,1,1,mean_of_distinct_official_station_points_epsg3826,121.543793999,25.0416021624
TRTC:忠孝復興,忠孝復興,忠孝復興,metro_exits,21,weekday,1005.60869565,998,940.5,1014.5,74,23,23,23,23129,0.0223130112436,905.189130435,1092.36086957,1000,1000,day_cluster_bootstrap_stability,mean_daily_journeys_in_native_hour,observed_days_for_this_station_metric_hour,same_station_metric_date_observed_hours_only,2026-07,journeys/day_at_native_hour,native_hour_local_departure_interpretation_unverified,False,False,observed,observed,1,1,mean_of_distinct_official_station_points_epsg3826,121.543793999,25.0416021624
TRTC:忠孝復興,忠孝復興,忠孝復興,metro_exits,22,weekday,622.652173913,575,522.5,674.5,152,23,23,23,14321,0.0138262137912,544.238043478,699.69673913,1000,1000,day_cluster_bootstrap_stability,mean_daily_journeys_in_native_hour,observed_days_for_this_station_metric_hour,same_station_metric_date_observed_hours_only,2026-07,journeys/day_at_native_hour,native_hour_local_departure_interpretation_unverified,False,False,observed,observed,1,1,mean_of_distinct_official_station_points_epsg3826,121.543793999,25.0416021624
TRTC:忠孝復興,忠孝復興,忠孝復興,metro_exits,23,weekday,263.086956522,236,203,330.5,127.5,23,23,23,6051,0.00586453337483,227.541304348,301.747826087,1000,1000,day_cluster_bootstrap_stability,mean_daily_journeys_in_native_hour,observed_days_for_this_station_metric_hour,same_station_metric_date_observed_hours_only,2026-07,journeys/day_at_native_hour,native_hour_local_departure_interpretation_unverified,False,False,observed,observed,1,1,mean_of_distinct_official_station_points_epsg3826,121.543793999,25.0416021624
TRTC:新埔,新埔,新埔,metro_entries,0,weekday,84.1739130435,81,69.5,89,19.5,23,23,23,1936,0.00219345052543,73.5641304348,94.7413043478,1000,1000,day_cluster_bootstrap_stability,mean_daily_journeys_in_native_hour,observed_days_for_this_station_metric_hour,same_station_metric_date_observed_hours_only,2026-07,journeys/day_at_native_hour,native_hour_local_departure_interpretation_unverified,False,False,observed,observed,1,1,mean_of_distinct_official_station_points_epsg3826,121.467987028,25.0229959484
TRTC:新埔,新埔,新埔,metro_entries,1,weekday,1.47826086957,1,1,2,1,23,23,23,34,3.73992812816e-05,1,1.91304347826,1000,1000,day_cluster_bootstrap_stability,mean_daily_journeys_in_native_hour,observed_days_for_this_station_metric_hour,same_station_metric_date_observed_hours_only,2026-07,journeys/day_at_native_hour,native_hour_local_departure_interpretation_unverified,False,False,observed,observed,1,1,mean_of_distinct_official_station_points_epsg3826,121.467987028,25.0229959484
TRTC:新埔,新埔,新埔,metro_entries,5,weekday,0.782608695652,1,0,1,1,23,23,23,18,2.21825122007e-05,0.564130434783,1.04347826087,1000,1000,day_cluster_bootstrap_stability,mean_daily_journeys_in_native_hour,observed_days_for_this_station_metric_hour,same_station_metric_date_observed_hours_only,2026-07,journeys/day_at_native_hour,native_hour_local_departure_interpretation_unverified,False,False,observed,observed,1,1,mean_of_distinct_official_station_points_epsg3826,121.467987028,25.0229959484
TRTC:新埔,新埔,新埔,metro_entries,6,weekday,1045.7826087,1075,1050.5,1082,31.5,23,23,23,24053,0.0272268804274,980.867391304,1085.13369565,1000,1000,day_cluster_bootstrap_stability,mean_daily_journeys_in_native_hour,observed_days_for_this_station_metric_hour,same_station_metric_date_observed_hours_only,2026-07,journeys/day_at_native_hour,native_hour_local_departure_interpretation_unverified,False,False,observed,observed,1,1,mean_of_distinct_official_station_points_epsg3826,121.467987028,25.0229959484
TRTC:新埔,新埔,新埔,metro_entries,7,weekday,3799.73913043,3923,3910.5,3990,79.5,23,23,23,87394,0.0970292047605,3498.1673913,3962.47934783,1000,1000,day_cluster_bootstrap_stability,mean_daily_journeys_in_native_hour,observed_days_for_this_station_metric_hour,same_station_metric_date_observed_hours_only,2026-07,journeys/day_at_native_hour,native_hour_local_departure_interpretation_unverified,False,False,observed,observed,1,1,mean_of_distinct_official_station_points_epsg3826,121.467987028,25.0229959484
TRTC:新埔,新埔,新埔,metro_entries,8,weekday,7515.17391304,7833,7674,7945.5,271.5,23,23,23,172849,0.190844230654,6859.54347826,7883.95978261,1000,1000,day_cluster_bootstrap_stability,mean_daily_journeys_in_native_hour,observed_days_for_this_station_metric_hour,same_station_metric_date_observed_hours_only,2026-07,journeys/day_at_native_hour,native_hour_local_departure_interpretation_unverified,False,False,observed,observed,1,1,mean_of_distinct_official_station_points_epsg3826,121.467987028,25.0229959484
TRTC:新埔,新埔,新埔,metro_entries,9,weekday,4260.91304348,4406,4329,4507.5,178.5,23,23,23,98001,0.109586797062,3941.32934783,4445.17608696,1000,1000,day_cluster_bootstrap_stability,mean_daily_journeys_in_native_hour,observed_days_for_this_station_metric_hour,same_station_metric_date_observed_hours_only,2026-07,journeys/day_at_native_hour,native_hour_local_departure_interpretation_unverified,False,False,observed,observed,1,1,mean_of_distinct_official_station_points_epsg3826,121.467987028,25.0229959484
TRTC:新埔,新埔,新埔,metro_entries,10,weekday,2468.30434783,2514,2459.5,2588.5,129,23,23,23,56771,0.0647610242591,2329.75,2559.65869565,1000,1000,day_cluster_bootstrap_stability,mean_daily_journeys_in_native_hour,observed_days_for_this_station_metric_hour,same_station_metric_date_observed_hours_only,2026-07,journeys/day_at_native_hour,native_hour_local_departure_interpretation_unverified,False,False,observed,observed,1,1,mean_of_distinct_official_station_points_epsg3826,121.467987028,25.0229959484
TRTC:新埔,新埔,新埔,metro_entries,11,weekday,1972.13043478,2008,1922,2067,145,23,23,23,45359,0.0525603760918,1892.37826087,2034.61086957,1000,1000,day_cluster_bootstrap_stability,mean_daily_journeys_in_native_hour,observed_days_for_this_station_metric_hour,same_station_metric_date_observed_hours_only,2026-07,journeys/day_at_native_hour,native_hour_local_departure_interpretation_unverified,False,False,observed,observed,1,1,mean_of_distinct_official_station_points_epsg3826,121.467987028,25.0229959484
TRTC:新埔,新埔,新埔,metro_entries,12,weekday,1919.73913043,1941,1898,1961.5,63.5,23,23,23,44154,0.0512079187732,1849.20108696,1968.79456522,1000,1000,day_cluster_bootstrap_stability,mean_daily_journeys_in_native_hour,observed_days_for_this_station_metric_hour,same_station_metric_date_observed_hours_only,2026-07,journeys/day_at_native_hour,native_hour_local_departure_interpretation_unverified,False,False,observed,observed,1,1,mean_of_distinct_official_station_points_epsg3826,121.467987028,25.0229959484
TRTC:新埔,新埔,新埔,metro_entries,13,weekday,2049.47826087,2100,2029.5,2116,86.5,23,23,23,47138,0.0539748779624,1944.81956522,2118.13695652,1000,1000,day_cluster_bootstrap_stability,mean_daily_journeys_in_native_hour,observed_days_for_this_station_metric_hour,same_station_metric_date_observed_hours_only,2026-07,journeys/day_at_native_hour,native_hour_local_departure_interpretation_unverified,False,False,observed,observed,1,1,mean_of_distinct_official_station_points_epsg3826,121.467987028,25.0229959484
TRTC:新埔,新埔,新埔,metro_entries,14,weekday,1602.73913043,1613,1549.5,1657.5,108,23,23,23,36863,0.0424993753114,1528.99673913,1665.31304348,1000,1000,day_cluster_bootstrap_stability,mean_daily_journeys_in_native_hour,observed_days_for_this_station_metric_hour,same_station_metric_date_observed_hours_only,2026-07,journeys/day_at_native_hour,native_hour_local_departure_interpretation_unverified,False,False,observed,observed,1,1,mean_of_distinct_official_station_points_epsg3826,121.467987028,25.0229959484
TRTC:新埔,新埔,新埔,metro_entries,15,weekday,1393.65217391,1385,1328.5,1431.5,103,23,23,23,32054,0.0369115374698,1321.51086957,1460.04456522,1000,1000,day_cluster_bootstrap_stability,mean_daily_journeys_in_native_hour,observed_days_for_this_station_metric_hour,same_station_metric_date_observed_hours_only,2026-07,journeys/day_at_native_hour,native_hour_local_departure_interpretation_unverified,False,False,observed,observed,1,1,mean_of_distinct_official_station_points_epsg3826,121.467987028,25.0229959484
TRTC:新埔,新埔,新埔,metro_entries,16,weekday,1426.86956522,1479,1366,1520.5,154.5,23,23,23,32818,0.0375379244761,1345.07826087,1487.00543478,1000,1000,day_cluster_bootstrap_stability,mean_daily_journeys_in_native_hour,observed_days_for_this_station_metric_hour,same_station_metric_date_observed_hours_only,2026-07,journeys/day_at_native_hour,native_hour_local_departure_interpretation_unverified,False,False,observed,observed,1,1,mean_of_distinct_official_station_points_epsg3826,121.467987028,25.0229959484
TRTC:新埔,新埔,新埔,metro_entries,17,weekday,2001.86956522,2052,1965.5,2149.5,184,23,23,23,46043,0.0520203592775,1870.40543478,2098.13369565,1000,1000,day_cluster_bootstrap_stability,mean_daily_journeys_in_native_hour,observed_days_for_this_station_metric_hour,same_station_metric_date_observed_hours_only,2026-07,journeys/day_at_native_hour,native_hour_local_departure_interpretation_unverified,False,False,observed,observed,1,1,mean_of_distinct_official_station_points_epsg3826,121.467987028,25.0229959484
TRTC:新埔,新埔,新埔,metro_entries,18,weekday,2434.56521739,2461,2418,2590,172,23,23,23,55995,0.0625061467733,2239.01195652,2569.22717391,1000,1000,day_cluster_bootstrap_stability,mean_daily_journeys_in_native_hour,observed_days_for_this_station_metric_hour,same_station_metric_date_observed_hours_only,2026-07,journeys/day_at_native_hour,native_hour_local_departure_interpretation_unverified,False,False,observed,observed,1,1,mean_of_distinct_official_station_points_epsg3826,121.467987028,25.0229959484
TRTC:新埔,新埔,新埔,metro_entries,19,weekday,1674.2173913,1699,1605,1786.5,181.5,23,23,23,38507,0.0430471393516,1534.21413043,1779.18695652,1000,1000,day_cluster_bootstrap_stability,mean_daily_journeys_in_native_hour,observed_days_for_this_station_metric_hour,same_station_metric_date_observed_hours_only,2026-07,journeys/day_at_native_hour,native_hour_local_departure_interpretation_unverified,False,False,observed,observed,1,1,mean_of_distinct_official_station_points_epsg3826,121.467987028,25.0229959484
TRTC:新埔,新埔,新埔,metro_entries,20,weekday,1138.26086957,1155,1099,1200,101,23,23,23,26180,0.02937724543,1046.81521739,1204.47934783,1000,1000,day_cluster_bootstrap_stability,mean_daily_journeys_in_native_hour,observed_days_for_this_station_metric_hour,same_station_metric_date_observed_hours_only,2026-07,journeys/day_at_native_hour,native_hour_local_departure_interpretation_unverified,False,False,observed,observed,1,1,mean_of_distinct_official_station_points_epsg3826,121.467987028,25.0229959484
TRTC:新埔,新埔,新埔,metro_entries,21,weekday,963.869565217,974,904,1052.5,148.5,23,23,23,22169,0.0247509858533,879.907608696,1035.10543478,1000,1000,day_cluster_bootstrap_stability,mean_daily_journeys_in_native_hour,observed_days_for_this_station_metric_hour,same_station_metric_date_observed_hours_only,2026-07,journeys/day_at_native_hour,native_hour_local_departure_interpretation_unverified,False,False,observed,observed,1,1,mean_of_distinct_official_station_points_epsg3826,121.467987028,25.0229959484
TRTC:新埔,新埔,新埔,metro_entries,22,weekday,603.608695652,587,545,647,102,23,23,23,13883,0.0155810614708,547.608695652,655.789130435,1000,1000,day_cluster_bootstrap_stability,mean_daily_journeys_in_native_hour,observed_days_for_this_station_metric_hour,same_station_metric_date_observed_hours_only,2026-07,journeys/day_at_native_hour,native_hour_local_departure_interpretation_unverified,False,False,observed,observed,1,1,mean_of_distinct_official_station_points_epsg3826,121.467987028,25.0229959484
TRTC:新埔,新埔,新埔,metro_entries,23,weekday,243.260869565,230,214.5,261,46.5,23,23,23,5595,0.00632388227701,218.517391304,267.130434783,1000,1000,day_cluster_bootstrap_stability,mean_daily_journeys_in_native_hour,observed_days_for_this_station_metric_hour,same_station_metric_date_observed_hours_only,2026-07,journeys/day_at_native_hour,native_hour_local_departure_interpretation_unverified,False,False,observed,observed,1,1,mean_of_distinct_official_station_points_epsg3826,121.467987028,25.0229959484
TRTC:新埔,新埔,新埔,metro_exits,0,weekday,288.652173913,255,235,308.5,73.5,23,23,23,6639,0.00753419597234,249.780434783,327.185869565,1000,1000,day_cluster_bootstrap_stability,mean_daily_journeys_in_native_hour,observed_days_for_this_station_metric_hour,same_station_metric_date_observed_hours_only,2026-07,journeys/day_at_native_hour,native_hour_local_departure_interpretation_unverified,False,False,observed,observed,1,1,mean_of_distinct_official_station_points_epsg3826,121.467987028,25.0229959484
TRTC:新埔,新埔,新埔,metro_exits,1,weekday,0.391304347826,0,0,0,0,23,23,23,9,1.75029133976e-05,0.0869565217391,0.782608695652,1000,1000,day_cluster_bootstrap_stability,mean_daily_journeys_in_native_hour,observed_days_for_this_station_metric_hour,same_station_metric_date_observed_hours_only,2026-07,journeys/day_at_native_hour,native_hour_local_departure_interpretation_unverified,False,False,observed,observed,1,1,mean_of_distinct_official_station_points_epsg3826,121.467987028,25.0229959484
TRTC:新埔,新埔,新埔,metro_exits,5,weekday,0.782608695652,1,0,1,1,23,23,23,18,2.24884164807e-05,0.564130434783,1.04347826087,1000,1000,day_cluster_bootstrap_stability,mean_daily_journeys_in_native_hour,observed_days_for_this_station_metric_hour,same_station_metric_date_observed_hours_only,2026-07,journeys/day_at_native_hour,native_hour_local_departure_interpretation_unverified,False,False,observed,observed,1,1,mean_of_distinct_official_station_points_epsg3826,121.467987028,25.0229959484
TRTC:新埔,新埔,新埔,metro_exits,6,weekday,375.260869565,373,361,410,49,23,23,23,8631,0.0098573668266,347.947826087,394.914130435,1000,1000,day_cluster_bootstrap_stability,mean_daily_journeys_in_native_hour,observed_days_for_this_station_metric_hour,same_station_metric_date_observed_hours_only,2026-07,journeys/day_at_native_hour,native_hour_local_departure_interpretation_unverified,False,False,observed,observed,1,1,mean_of_distinct_official_station_points_epsg3826,121.467987028,25.0229959484
TRTC:新埔,新埔,新埔,metro_exits,7,weekday,1022.95652174,1059,1035.5,1077.5,42,23,23,23,23528,0.0267065497931,950.954347826,1067.04565217,1000,1000,day_cluster_bootstrap_stability,mean_daily_journeys_in_native_hour,observed_days_for_this_station_metric_hour,same_station_metric_date_observed_hours_only,2026-07,journeys/day_at_native_hour,native_hour_local_departure_interpretation_unverified,False,False,observed,observed,1,1,mean_of_distinct_official_station_points_epsg3826,121.467987028,25.0229959484
TRTC:新埔,新埔,新埔,metro_exits,8,weekday,1481.56521739,1537,1486.5,1558.5,72,23,23,23,34076,0.0386602995876,1369.46630435,1546.39347826,1000,1000,day_cluster_bootstrap_stability,mean_daily_journeys_in_native_hour,observed_days_for_this_station_metric_hour,same_station_metric_date_observed_hours_only,2026-07,journeys/day_at_native_hour,native_hour_local_departure_interpretation_unverified,False,False,observed,observed,1,1,mean_of_distinct_official_station_points_epsg3826,121.467987028,25.0229959484
TRTC:新埔,新埔,新埔,metro_exits,9,weekday,1130.60869565,1153,1105,1181,76,23,23,23,26004,0.0302682298203,1075.29673913,1171.71304348,1000,1000,day_cluster_bootstrap_stability,mean_daily_journeys_in_native_hour,observed_days_for_this_station_metric_hour,same_station_metric_date_observed_hours_only,2026-07,journeys/day_at_native_hour,native_hour_local_departure_interpretation_unverified,False,False,observed,observed,1,1,mean_of_distinct_official_station_points_epsg3826,121.467987028,25.0229959484
TRTC:新埔,新埔,新埔,metro_exits,10,weekday,1024.95652174,1032,992,1059,67,23,23,23,23574,0.0278972600317,992.208695652,1052.65543478,1000,1000,day_cluster_bootstrap_stability,mean_daily_journeys_in_native_hour,observed_days_for_this_station_metric_hour,same_station_metric_date_observed_hours_only,2026-07,journeys/day_at_native_hour,native_hour_local_departure_interpretation_unverified,False,False,observed,observed,1,1,mean_of_distinct_official_station_points_epsg3826,121.467987028,25.0229959484
TRTC:新埔,新埔,新埔,metro_exits,11,weekday,1200.26086957,1212,1172.5,1268,95.5,23,23,23,27606,0.0326013770709,1161.16847826,1234.49130435,1000,1000,day_cluster_bootstrap_stability,mean_daily_journeys_in_native_hour,observed_days_for_this_station_metric_hour,same_station_metric_date_observed_hours_only,2026-07,journeys/day_at_native_hour,native_hour_local_departure_interpretation_unverified,False,False,observed,observed,1,1,mean_of_distinct_official_station_points_epsg3826,121.467987028,25.0229959484
TRTC:新埔,新埔,新埔,metro_exits,12,weekday,1445.30434783,1459,1422.5,1516,93.5,23,23,23,33242,0.0389683114727,1385.6173913,1490.14347826,1000,1000,day_cluster_bootstrap_stability,mean_daily_journeys_in_native_hour,observed_days_for_this_station_metric_hour,same_station_metric_date_observed_hours_only,2026-07,journeys/day_at_native_hour,native_hour_local_departure_interpretation_unverified,False,False,observed,observed,1,1,mean_of_distinct_official_station_points_epsg3826,121.467987028,25.0229959484
TRTC:新埔,新埔,新埔,metro_exits,13,weekday,1319.73913043,1340,1292,1370.5,78.5,23,23,23,30354,0.035717913535,1270.77282609,1357.87391304,1000,1000,day_cluster_bootstrap_stability,mean_daily_journeys_in_native_hour,observed_days_for_this_station_metric_hour,same_station_metric_date_observed_hours_only,2026-07,journeys/day_at_native_hour,native_hour_local_departure_interpretation_unverified,False,False,observed,observed,1,1,mean_of_distinct_official_station_points_epsg3826,121.467987028,25.0229959484
TRTC:新埔,新埔,新埔,metro_exits,14,weekday,1416.69565217,1434,1374,1493.5,119.5,23,23,23,32584,0.0382691636793,1361.73478261,1459.74130435,1000,1000,day_cluster_bootstrap_stability,mean_daily_journeys_in_native_hour,observed_days_for_this_station_metric_hour,same_station_metric_date_observed_hours_only,2026-07,journeys/day_at_native_hour,native_hour_local_departure_interpretation_unverified,False,False,observed,observed,1,1,mean_of_distinct_official_station_points_epsg3826,121.467987028,25.0229959484
TRTC:新埔,新埔,新埔,metro_exits,15,weekday,1723.43478261,1729,1678.5,1788,109.5,23,23,23,39639,0.0460159620396,1638.675,1793.61086957,1000,1000,day_cluster_bootstrap_stability,mean_daily_journeys_in_native_hour,observed_days_for_this_station_metric_hour,same_station_metric_date_observed_hours_only,2026-07,journeys/day_at_native_hour,native_hour_local_departure_interpretation_unverified,False,False,observed,observed,1,1,mean_of_distinct_official_station_points_epsg3826,121.467987028,25.0229959484
TRTC:新埔,新埔,新埔,metro_exits,16,weekday,2261.26086957,2307,2244,2372.5,128.5,23,23,23,52009,0.0598901115351,2132.51521739,2344.65217391,1000,1000,day_cluster_bootstrap_stability,mean_daily_journeys_in_native_hour,observed_days_for_this_station_metric_hour,same_station_metric_date_observed_hours_only,2026-07,journeys/day_at_native_hour,native_hour_local_departure_interpretation_unverified,False,False,observed,observed,1,1,mean_of_distinct_official_station_points_epsg3826,121.467987028,25.0229959484
TRTC:新埔,新埔,新埔,metro_exits,17,weekday,4150.69565217,4264,4233,4349,116,23,23,23,95466,0.107964445184,3857.56195652,4314.13478261,1000,1000,day_cluster_bootstrap_stability,mean_daily_journeys_in_native_hour,observed_days_for_this_station_metric_hour,same_station_metric_date_observed_hours_only,2026-07,journeys/day_at_native_hour,native_hour_local_departure_interpretation_unverified,False,False,observed,observed,1,1,mean_of_distinct_official_station_points_epsg3826,121.467987028,25.0229959484
TRTC:新埔,新埔,新埔,metro_exits,18,weekday,6862.17391304,7186,7016.5,7277,260.5,23,23,23,157830,0.176405659838,6287.61956522,7191.48478261,1000,1000,day_cluster_bootstrap_stability,mean_daily_journeys_in_native_hour,observed_days_for_this_station_metric_hour,same_station_metric_date_observed_hours_only,2026-07,journeys/day_at_native_hour,native_hour_local_departure_interpretation_unverified,False,False,observed,observed,1,1,mean_of_distinct_official_station_points_epsg3826,121.467987028,25.0229959484
TRTC:新埔,新埔,新埔,metro_exits,19,weekday,4460.39130435,4647,4515.5,4710.5,195,23,23,23,102589,0.114918686132,4092.08043478,4677.27826087,1000,1000,day_cluster_bootstrap_stability,mean_daily_journeys_in_native_hour,observed_days_for_this_station_metric_hour,same_station_metric_date_observed_hours_only,2026-07,journeys/day_at_native_hour,native_hour_local_departure_interpretation_unverified,False,False,observed,observed,1,1,mean_of_distinct_official_station_points_epsg3826,121.467987028,25.0229959484
TRTC:新埔,新埔,新埔,metro_exits,20,weekday,2723.65217391,2841,2756,2899,143,23,23,23,62644,0.070288201754,2504.99782609,2851.18586957,1000,1000,day_cluster_bootstrap_stability,mean_daily_journeys_in_native_hour,observed_days_for_this_station_metric_hour,same_station_metric_date_observed_hours_only,2026-07,journeys/day_at_native_hour,native_hour_local_departure_interpretation_unverified,False,False,observed,observed,1,1,mean_of_distinct_official_station_points_epsg3826,121.467987028,25.0229959484
TRTC:新埔,新埔,新埔,metro_exits,21,weekday,2524.56521739,2634,2505,2722,217,23,23,23,58065,0.0650280362353,2309.44782609,2684.31086957,1000,1000,day_cluster_bootstrap_stability,mean_daily_journeys_in_native_hour,observed_days_for_this_station_metric_hour,same_station_metric_date_observed_hours_only,2026-07,journeys/day_at_native_hour,native_hour_local_departure_interpretation_unverified,False,False,observed,observed,1,1,mean_of_distinct_official_station_points_epsg3826,121.467987028,25.0229959484
TRTC:新埔,新埔,新埔,metro_exits,22,weekday,2115.04347826,2145,2065,2293,228,23,23,23,48646,0.054278225567,1911.25978261,2278.80217391,1000,1000,day_cluster_bootstrap_stability,mean_daily_journeys_in_native_hour,observed_days_for_this_station_metric_hour,same_station_metric_date_observed_hours_only,2026-07,journeys/day_at_native_hour,native_hour_local_departure_interpretation_unverified,False,False,observed,observed,1,1,mean_of_distinct_official_station_points_epsg3826,121.467987028,25.0229959484
TRTC:新埔,新埔,新埔,metro_exits,23,weekday,720.608695652,654,624.5,812,187.5,23,23,23,16574,0.0186900125959,630.643478261,817.395652174,1000,1000,day_cluster_bootstrap_stability,mean_daily_journeys_in_native_hour,observed_days_for_this_station_metric_hour,same_station_metric_date_observed_hours_only,2026-07,journeys/day_at_native_hour,native_hour_local_departure_interpretation_unverified,False,False,observed,observed,1,1,mean_of_distinct_official_station_points_epsg3826,121.467987028,25.0229959484
TRTC:松江南京,松江南京,松江南京,metro_entries,0,weekday,220.826086957,205,194.5,220.5,26,23,23,23,5079,0.00552261510881,191.823913043,250.173913043,1000,1000,day_cluster_bootstrap_stability,mean_daily_journeys_in_native_hour,observed_days_for_this_station_metric_hour,same_station_metric_date_observed_hours_only,2026-07,journeys/day_at_native_hour,native_hour_local_departure_interpretation_unverified,False,False,observed,observed,2,2,mean_of_distinct_official_station_points_epsg3826,121.533059812,25.0522169966
TRTC:松江南京,松江南京,松江南京,metro_entries,1,weekday,10.0869565217,9,7.5,13,5.5,23,23,23,232,0.000248158256579,8.52173913043,11.8260869565,1000,1000,day_cluster_bootstrap_stability,mean_daily_journeys_in_native_hour,observed_days_for_this_station_metric_hour,same_station_metric_date_observed_hours_only,2026-07,journeys/day_at_native_hour,native_hour_local_departure_interpretation_unverified,False,False,observed,observed,2,2,mean_of_distinct_official_station_points_epsg3826,121.533059812,25.0522169966
TRTC:松江南京,松江南京,松江南京,metro_entries,5,weekday,0.521739130435,0,0,1,1,23,23,23,12,2.53930532059e-05,0.217391304348,0.869565217391,1000,1000,day_cluster_bootstrap_stability,mean_daily_journeys_in_native_hour,observed_days_for_this_station_metric_hour,same_station_metric_date_observed_hours_only,2026-07,journeys/day_at_native_hour,native_hour_local_departure_interpretation_unverified,False,False,observed,observed,2,2,mean_of_distinct_official_station_points_epsg3826,121.533059812,25.0522169966
TRTC:松江南京,松江南京,松江南京,metro_entries,6,weekday,154.869565217,153,146.5,161.5,15,23,23,23,3562,0.00412579292521,146.998913043,162.089130435,1000,1000,day_cluster_bootstrap_stability,mean_daily_journeys_in_native_hour,observed_days_for_this_station_metric_hour,same_station_metric_date_observed_hours_only,2026-07,journeys/day_at_native_hour,native_hour_local_departure_interpretation_unverified,False,False,observed,observed,2,2,mean_of_distinct_official_station_points_epsg3826,121.533059812,25.0522169966
TRTC:松江南京,松江南京,松江南京,metro_entries,7,weekday,561.956521739,575,552,596,44,23,23,23,12925,0.0141340147304,522.470652174,586.47826087,1000,1000,day_cluster_bootstrap_stability,mean_daily_journeys_in_native_hour,observed_days_for_this_station_metric_hour,same_station_metric_date_observed_hours_only,2026-07,journeys/day_at_native_hour,native_hour_local_departure_interpretation_unverified,False,False,observed,observed,2,2,mean_of_distinct_official_station_points_epsg3826,121.533059812,25.0522169966
TRTC:松江南京,松江南京,松江南京,metro_entries,8,weekday,1224.26086957,1266,1230.5,1300,69.5,23,23,23,28158,0.0301852234487,1123.55652174,1284.35978261,1000,1000,day_cluster_bootstrap_stability,mean_daily_journeys_in_native_hour,observed_days_for_this_station_metric_hour,same_station_metric_date_observed_hours_only,2026-07,journeys/day_at_native_hour,native_hour_local_departure_interpretation_unverified,False,False,observed,observed,2,2,mean_of_distinct_official_station_points_epsg3826,121.533059812,25.0522169966
TRTC:松江南京,松江南京,松江南京,metro_entries,9,weekday,971.782608696,995,959.5,1031.5,72,23,23,23,22351,0.0244997892634,903.695652174,1019.3576087,1000,1000,day_cluster_bootstrap_stability,mean_daily_journeys_in_native_hour,observed_days_for_this_station_metric_hour,same_station_metric_date_observed_hours_only,2026-07,journeys/day_at_native_hour,native_hour_local_departure_interpretation_unverified,False,False,observed,observed,2,2,mean_of_distinct_official_station_points_epsg3826,121.533059812,25.0522169966
TRTC:松江南京,松江南京,松江南京,metro_entries,10,weekday,895.652173913,896,871.5,928,56.5,23,23,23,20600,0.0232911727604,845.519565217,935.579347826,1000,1000,day_cluster_bootstrap_stability,mean_daily_journeys_in_native_hour,observed_days_for_this_station_metric_hour,same_station_metric_date_observed_hours_only,2026-07,journeys/day_at_native_hour,native_hour_local_departure_interpretation_unverified,False,False,observed,observed,2,2,mean_of_distinct_official_station_points_epsg3826,121.533059812,25.0522169966
TRTC:松江南京,松江南京,松江南京,metro_entries,11,weekday,1164.86956522,1182,1134,1215,81,23,23,23,26792,0.0301009052587,1095.23695652,1226.04673913,1000,1000,day_cluster_bootstrap_stability,mean_daily_journeys_in_native_hour,observed_days_for_this_station_metric_hour,same_station_metric_date_observed_hours_only,2026-07,journeys/day_at_native_hour,native_hour_local_departure_interpretation_unverified,False,False,observed,observed,2,2,mean_of_distinct_official_station_points_epsg3826,121.533059812,25.0522169966
TRTC:松江南京,松江南京,松江南京,metro_entries,12,weekday,1597.43478261,1593,1562,1717,155,23,23,23,36741,0.0406403787215,1493.24891304,1681.84130435,1000,1000,day_cluster_bootstrap_stability,mean_daily_journeys_in_native_hour,observed_days_for_this_station_metric_hour,same_station_metric_date_observed_hours_only,2026-07,journeys/day_at_native_hour,native_hour_local_departure_interpretation_unverified,False,False,observed,observed,2,2,mean_of_distinct_official_station_points_epsg3826,121.533059812,25.0522169966
TRTC:松江南京,松江南京,松江南京,metro_entries,13,weekday,1638.69565217,1651,1596.5,1735,138.5,23,23,23,37690,0.0418617300786,1536.00652174,1716.50108696,1000,1000,day_cluster_bootstrap_stability,mean_daily_journeys_in_native_hour,observed_days_for_this_station_metric_hour,same_station_metric_date_observed_hours_only,2026-07,journeys/day_at_native_hour,native_hour_local_departure_interpretation_unverified,False,False,observed,observed,2,2,mean_of_distinct_official_station_points_epsg3826,121.533059812,25.0522169966
TRTC:松江南京,松江南京,松江南京,metro_entries,14,weekday,1767.39130435,1809,1721.5,1861.5,140,23,23,23,40650,0.0454729809315,1666.83369565,1847.39130435,1000,1000,day_cluster_bootstrap_stability,mean_daily_journeys_in_native_hour,observed_days_for_this_station_metric_hour,same_station_metric_date_observed_hours_only,2026-07,journeys/day_at_native_hour,native_hour_local_departure_interpretation_unverified,False,False,observed,observed,2,2,mean_of_distinct_official_station_points_epsg3826,121.533059812,25.0522169966
TRTC:松江南京,松江南京,松江南京,metro_entries,15,weekday,1749.95652174,1791,1754.5,1842.5,88,23,23,23,40249,0.0444810558179,1635.41195652,1826.79891304,1000,1000,day_cluster_bootstrap_stability,mean_daily_journeys_in_native_hour,observed_days_for_this_station_metric_hour,same_station_metric_date_observed_hours_only,2026-07,journeys/day_at_native_hour,native_hour_local_departure_interpretation_unverified,False,False,observed,observed,2,2,mean_of_distinct_official_station_points_epsg3826,121.533059812,25.0522169966
TRTC:松江南京,松江南京,松江南京,metro_entries,16,weekday,2215.86956522,2281,2207,2335.5,128.5,23,23,23,50965,0.0555623792301,2059.16847826,2320.13369565,1000,1000,day_cluster_bootstrap_stability,mean_daily_journeys_in_native_hour,observed_days_for_this_station_metric_hour,same_station_metric_date_observed_hours_only,2026-07,journeys/day_at_native_hour,native_hour_local_departure_interpretation_unverified,False,False,observed,observed,2,2,mean_of_distinct_official_station_points_epsg3826,121.533059812,25.0522169966
TRTC:松江南京,松江南京,松江南京,metro_entries,17,weekday,4791.69565217,4969,4861,5065.5,204.5,23,23,23,110209,0.116728828578,4400.04673913,5017.31413043,1000,1000,day_cluster_bootstrap_stability,mean_daily_journeys_in_native_hour,observed_days_for_this_station_metric_hour,same_station_metric_date_observed_hours_only,2026-07,journeys/day_at_native_hour,native_hour_local_departure_interpretation_unverified,False,False,observed,observed,2,2,mean_of_distinct_official_station_points_epsg3826,121.533059812,25.0522169966
TRTC:松江南京,松江南京,松江南京,metro_entries,18,weekday,9692.34782609,10085,9990.5,10254.5,264,23,23,23,222924,0.232990826507,8832.64673913,10166.3978261,1000,1000,day_cluster_bootstrap_stability,mean_daily_journeys_in_native_hour,observed_days_for_this_station_metric_hour,same_station_metric_date_observed_hours_only,2026-07,journeys/day_at_native_hour,native_hour_local_departure_interpretation_unverified,False,False,observed,observed,2,2,mean_of_distinct_official_station_points_epsg3826,121.533059812,25.0522169966
TRTC:松江南京,松江南京,松江南京,metro_entries,19,weekday,4942.91304348,5177,4994.5,5235.5,241,23,23,23,113687,0.119596798333,4503.36521739,5198.42282609,1000,1000,day_cluster_bootstrap_stability,mean_daily_journeys_in_native_hour,observed_days_for_this_station_metric_hour,same_station_metric_date_observed_hours_only,2026-07,journeys/day_at_native_hour,native_hour_local_departure_interpretation_unverified,False,False,observed,observed,2,2,mean_of_distinct_official_station_points_epsg3826,121.533059812,25.0522169966
TRTC:松江南京,松江南京,松江南京,metro_entries,20,weekday,2625.17391304,2687,2635.5,2822,186.5,23,23,23,60379,0.0639081498565,2394.7423913,2764.78695652,1000,1000,day_cluster_bootstrap_stability,mean_daily_journeys_in_native_hour,observed_days_for_this_station_metric_hour,same_station_metric_date_observed_hours_only,2026-07,journeys/day_at_native_hour,native_hour_local_departure_interpretation_unverified,False,False,observed,observed,2,2,mean_of_distinct_official_station_points_epsg3826,121.533059812,25.0522169966
TRTC:松江南京,松江南京,松江南京,metro_entries,21,weekday,2381.26086957,2442,2282.5,2575,292.5,23,23,23,54769,0.0578839602365,2163.93369565,2545.30217391,1000,1000,day_cluster_bootstrap_stability,mean_daily_journeys_in_native_hour,observed_days_for_this_station_metric_hour,same_station_metric_date_observed_hours_only,2026-07,journeys/day_at_native_hour,native_hour_local_departure_interpretation_unverified,False,False,observed,observed,2,2,mean_of_distinct_official_station_points_epsg3826,121.533059812,25.0522169966
TRTC:松江南京,松江南京,松江南京,metro_entries,22,weekday,1437.86956522,1431,1375.5,1525,149.5,23,23,23,33071,0.0350713195002,1291.15978261,1563.32065217,1000,1000,day_cluster_bootstrap_stability,mean_daily_journeys_in_native_hour,observed_days_for_this_station_metric_hour,same_station_metric_date_observed_hours_only,2026-07,journeys/day_at_native_hour,native_hour_local_departure_interpretation_unverified,False,False,observed,observed,2,2,mean_of_distinct_official_station_points_epsg3826,121.533059812,25.0522169966
TRTC:松江南京,松江南京,松江南京,metro_entries,23,weekday,549.608695652,519,469,586,117,23,23,23,12641,0.0136685274044,487.606521739,606.267391304,1000,1000,day_cluster_bootstrap_stability,mean_daily_journeys_in_native_hour,observed_days_for_this_station_metric_hour,same_station_metric_date_observed_hours_only,2026-07,journeys/day_at_native_hour,native_hour_local_departure_interpretation_unverified,False,False,observed,observed,2,2,mean_of_distinct_official_station_points_epsg3826,121.533059812,25.0522169966
TRTC:松江南京,松江南京,松江南京,metro_exits,0,weekday,72.6956521739,65,56,89,33,23,23,23,1672,0.00176570780281,62.6076086957,82.7423913043,1000,1000,day_cluster_bootstrap_stability,mean_daily_journeys_in_native_hour,observed_days_for_this_station_metric_hour,same_station_metric_date_observed_hours_only,2026-07,journeys/day_at_native_hour,native_hour_local_departure_interpretation_unverified,False,False,observed,observed,2,2,mean_of_distinct_official_station_points_epsg3826,121.533059812,25.0522169966
TRTC:松江南京,松江南京,松江南京,metro_exits,1,weekday,0,0,0,0,0,23,23,23,0,0,0,0,1000,1000,day_cluster_bootstrap_stability,mean_daily_journeys_in_native_hour,observed_days_for_this_station_metric_hour,same_station_metric_date_observed_hours_only,2026-07,journeys/day_at_native_hour,native_hour_local_departure_interpretation_unverified,False,False,observed,observed,2,2,mean_of_distinct_official_station_points_epsg3826,121.533059812,25.0522169966
TRTC:松江南京,松江南京,松江南京,metro_exits,5,weekday,0.521739130435,0,0,1,1,23,23,23,12,2.47396870091e-05,0.217391304348,0.869565217391,1000,1000,day_cluster_bootstrap_stability,mean_daily_journeys_in_native_hour,observed_days_for_this_station_metric_hour,same_station_metric_date_observed_hours_only,2026-07,journeys/day_at_native_hour,native_hour_local_departure_interpretation_unverified,False,False,observed,observed,2,2,mean_of_distinct_official_station_points_epsg3826,121.533059812,25.0522169966
TRTC:松江南京,松江南京,松江南京,metro_exits,6,weekday,689.956521739,715,687,729.5,42.5,23,23,23,15869,0.0166823583994,641.869565217,718.436956522,1000,1000,day_cluster_bootstrap_stability,mean_daily_journeys_in_native_hour,observed_days_for_this_station_metric_hour,same_station_metric_date_observed_hours_only,2026-07,journeys/day_at_native_hour,native_hour_local_departure_interpretation_unverified,False,False,observed,observed,2,2,mean_of_distinct_official_station_points_epsg3826,121.533059812,25.0522169966
TRTC:松江南京,松江南京,松江南京,metro_exits,7,weekday,4047.30434783,4201,4155.5,4262,106.5,23,23,23,93088,0.0942478031587,3697.67173913,4250.65978261,1000,1000,day_cluster_bootstrap_stability,mean_daily_journeys_in_native_hour,observed_days_for_this_station_metric_hour,same_station_metric_date_observed_hours_only,2026-07,journeys/day_at_native_hour,native_hour_local_departure_interpretation_unverified,False,False,observed,observed,2,2,mean_of_distinct_official_station_points_epsg3826,121.533059812,25.0522169966
TRTC:松江南京,松江南京,松江南京,metro_exits,8,weekday,11940.3043478,12484,12263,12552.5,289.5,23,23,23,274627,0.275739796816,10857.8652174,12539.7434783,1000,1000,day_cluster_bootstrap_stability,mean_daily_journeys_in_native_hour,observed_days_for_this_station_metric_hour,same_station_metric_date_observed_hours_only,2026-07,journeys/day_at_native_hour,native_hour_local_departure_interpretation_unverified,False,False,observed,observed,2,2,mean_of_distinct_official_station_points_epsg3826,121.533059812,25.0522169966
TRTC:松江南京,松江南京,松江南京,metro_exits,9,weekday,4327.2173913,4499,4367.5,4583.5,216,23,23,23,99526,0.101715197379,3961.18804348,4543.44021739,1000,1000,day_cluster_bootstrap_stability,mean_daily_journeys_in_native_hour,observed_days_for_this_station_metric_hour,same_station_metric_date_observed_hours_only,2026-07,journeys/day_at_native_hour,native_hour_local_departure_interpretation_unverified,False,False,observed,observed,2,2,mean_of_distinct_official_station_points_epsg3826,121.533059812,25.0522169966
TRTC:松江南京,松江南京,松江南京,metro_exits,10,weekday,2038.17391304,2068,2019.5,2180,160.5,23,23,23,46878,0.0496599487363,1901.52826087,2134.61195652,1000,1000,day_cluster_bootstrap_stability,mean_daily_journeys_in_native_hour,observed_days_for_this_station_metric_hour,same_station_metric_date_observed_hours_only,2026-07,journeys/day_at_native_hour,native_hour_local_departure_interpretation_unverified,False,False,observed,observed,2,2,mean_of_distinct_official_station_points_epsg3826,121.533059812,25.0522169966
TRTC:松江南京,松江南京,松江南京,metro_exits,11,weekday,1973.04347826,1987,1959,2138.5,179.5,23,23,23,45380,0.0488928187628,1849.90434783,2068.53369565,1000,1000,day_cluster_bootstrap_stability,mean_daily_journeys_in_native_hour,observed_days_for_this_station_metric_hour,same_station_metric_date_observed_hours_only,2026-07,journeys/day_at_native_hour,native_hour_local_departure_interpretation_unverified,False,False,observed,observed,2,2,mean_of_distinct_official_station_points_epsg3826,121.533059812,25.0522169966
TRTC:松江南京,松江南京,松江南京,metro_exits,12,weekday,1879.95652174,1934,1864,1972.5,108.5,23,23,23,43239,0.0461842055671,1759.69456522,1955.24782609,1000,1000,day_cluster_bootstrap_stability,mean_daily_journeys_in_native_hour,observed_days_for_this_station_metric_hour,same_station_metric_date_observed_hours_only,2026-07,journeys/day_at_native_hour,native_hour_local_departure_interpretation_unverified,False,False,observed,observed,2,2,mean_of_distinct_official_station_points_epsg3826,121.533059812,25.0522169966
TRTC:松江南京,松江南京,松江南京,metro_exits,13,weekday,1835.47826087,1868,1824,1946.5,122.5,23,23,23,42216,0.0450340040059,1717.46413043,1921.44456522,1000,1000,day_cluster_bootstrap_stability,mean_daily_journeys_in_native_hour,observed_days_for_this_station_metric_hour,same_station_metric_date_observed_hours_only,2026-07,journeys/day_at_native_hour,native_hour_local_departure_interpretation_unverified,False,False,observed,observed,2,2,mean_of_distinct_official_station_points_epsg3826,121.533059812,25.0522169966
TRTC:松江南京,松江南京,松江南京,metro_exits,14,weekday,1596.69565217,1613,1587,1691.5,104.5,23,23,23,36724,0.0389983237,1489.61195652,1668.78369565,1000,1000,day_cluster_bootstrap_stability,mean_daily_journeys_in_native_hour,observed_days_for_this_station_metric_hour,same_station_metric_date_observed_hours_only,2026-07,journeys/day_at_native_hour,native_hour_local_departure_interpretation_unverified,False,False,observed,observed,2,2,mean_of_distinct_official_station_points_epsg3826,121.533059812,25.0522169966
TRTC:松江南京,松江南京,松江南京,metro_exits,15,weekday,1384.17391304,1403,1364,1454.5,90.5,23,23,23,31836,0.0336437976473,1285.79456522,1451.65869565,1000,1000,day_cluster_bootstrap_stability,mean_daily_journeys_in_native_hour,observed_days_for_this_station_metric_hour,same_station_metric_date_observed_hours_only,2026-07,journeys/day_at_native_hour,native_hour_local_departure_interpretation_unverified,False,False,observed,observed,2,2,mean_of_distinct_official_station_points_epsg3826,121.533059812,25.0522169966
TRTC:松江南京,松江南京,松江南京,metro_exits,16,weekday,1529,1562,1481,1625.5,144.5,23,23,23,35167,0.0370433570482,1419.24782609,1612.52934783,1000,1000,day_cluster_bootstrap_stability,mean_daily_journeys_in_native_hour,observed_days_for_this_station_metric_hour,same_station_metric_date_observed_hours_only,2026-07,journeys/day_at_native_hour,native_hour_local_departure_interpretation_unverified,False,False,observed,observed,2,2,mean_of_distinct_official_station_points_epsg3826,121.533059812,25.0522169966
TRTC:松江南京,松江南京,松江南京,metro_exits,17,weekday,2141.26086957,2144,2061,2275,214,23,23,23,49249,0.0509415603457,1967.21195652,2278.92391304,1000,1000,day_cluster_bootstrap_stability,mean_daily_journeys_in_native_hour,observed_days_for_this_station_metric_hour,same_station_metric_date_observed_hours_only,2026-07,journeys/day_at_native_hour,native_hour_local_departure_interpretation_unverified,False,False,observed,observed,2,2,mean_of_distinct_official_station_points_epsg3826,121.533059812,25.0522169966
TRTC:松江南京,松江南京,松江南京,metro_exits,18,weekday,2925.2173913,2933,2820,3044,224,23,23,23,67280,0.0684734610177,2651.82282609,3143.06304348,1000,1000,day_cluster_bootstrap_stability,mean_daily_journeys_in_native_hour,observed_days_for_this_station_metric_hour,same_station_metric_date_observed_hours_only,2026-07,journeys/day_at_native_hour,native_hour_local_departure_interpretation_unverified,False,False,observed,observed,2,2,mean_of_distinct_official_station_points_epsg3826,121.533059812,25.0522169966
TRTC:松江南京,松江南京,松江南京,metro_exits,19,weekday,1537.08695652,1532,1448.5,1599,150.5,23,23,23,35353,0.0362379107059,1392.26086957,1660.26521739,1000,1000,day_cluster_bootstrap_stability,mean_daily_journeys_in_native_hour,observed_days_for_this_station_metric_hour,same_station_metric_date_observed_hours_only,2026-07,journeys/day_at_native_hour,native_hour_local_departure_interpretation_unverified,False,False,observed,observed,2,2,mean_of_distinct_official_station_points_epsg3826,121.533059812,25.0522169966
TRTC:松江南京,松江南京,松江南京,metro_exits,20,weekday,830.826086957,854,788.5,881.5,93,23,23,23,19109,0.0199031772316,759.606521739,889.220652174,1000,1000,day_cluster_bootstrap_stability,mean_daily_journeys_in_native_hour,observed_days_for_this_station_metric_hour,same_station_metric_date_observed_hours_only,2026-07,journeys/day_at_native_hour,native_hour_local_departure_interpretation_unverified,False,False,observed,observed,2,2,mean_of_distinct_official_station_points_epsg3826,121.533059812,25.0522169966
TRTC:松江南京,松江南京,松江南京,metro_exits,21,weekday,766.434782609,772,729.5,849.5,120,23,23,23,17628,0.0181423221286,696.193478261,823.916304348,1000,1000,day_cluster_bootstrap_stability,mean_daily_journeys_in_native_hour,observed_days_for_this_station_metric_hour,same_station_metric_date_observed_hours_only,2026-07,journeys/day_at_native_hour,native_hour_local_departure_interpretation_unverified,False,False,observed,observed,2,2,mean_of_distinct_official_station_points_epsg3826,121.533059812,25.0522169966
TRTC:松江南京,松江南京,松江南京,metro_exits,22,weekday,494.913043478,477,442.5,552,109.5,23,23,23,11383,0.0118759220553,446.12826087,540.74673913,1000,1000,day_cluster_bootstrap_stability,mean_daily_journeys_in_native_hour,observed_days_for_this_station_metric_hour,same_station_metric_date_observed_hours_only,2026-07,journeys/day_at_native_hour,native_hour_local_departure_interpretation_unverified,False,False,observed,observed,2,2,mean_of_distinct_official_station_points_epsg3826,121.533059812,25.0522169966
TRTC:松江南京,松江南京,松江南京,metro_exits,23,weekday,200,173,157.5,237.5,80,23,23,23,4600,0.0047935878047,172.782608696,229.664130435,1000,1000,day_cluster_bootstrap_stability,mean_daily_journeys_in_native_hour,observed_days_for_this_station_metric_hour,same_station_metric_date_observed_hours_only,2026-07,journeys/day_at_native_hour,native_hour_local_departure_interpretation_unverified,False,False,observed,observed,2,2,mean_of_distinct_official_station_points_epsg3826,121.533059812,25.0522169966
TRTC:西門,西門,西門,metro_entries,0,weekday,726.217391304,653,615.5,696.5,81,23,23,23,16703,0.0110034160813,633.995652174,827.047826087,1000,1000,day_cluster_bootstrap_stability,mean_daily_journeys_in_native_hour,observed_days_for_this_station_metric_hour,same_station_metric_date_observed_hours_only,2026-07,journeys/day_at_native_hour,native_hour_local_departure_interpretation_unverified,False,False,observed,observed,1,1,mean_of_distinct_official_station_points_epsg3826,121.508487734,25.0422125971
TRTC:西門,西門,西門,metro_entries,1,weekday,29.3913043478,26,23,32,9,23,23,23,676,0.000446083466702,24.7804347826,34.8739130435,1000,1000,day_cluster_bootstrap_stability,mean_daily_journeys_in_native_hour,observed_days_for_this_station_metric_hour,same_station_metric_date_observed_hours_only,2026-07,journeys/day_at_native_hour,native_hour_local_departure_interpretation_unverified,False,False,observed,observed,1,1,mean_of_distinct_official_station_points_epsg3826,121.508487734,25.0422125971
TRTC:西門,西門,西門,metro_entries,5,weekday,1.47826086957,1,1,2,1,23,23,23,34,2.39125295319e-05,1.04347826087,1.95652173913,1000,1000,day_cluster_bootstrap_stability,mean_daily_journeys_in_native_hour,observed_days_for_this_station_metric_hour,same_station_metric_date_observed_hours_only,2026-07,journeys/day_at_native_hour,native_hour_local_departure_interpretation_unverified,False,False,observed,observed,1,1,mean_of_distinct_official_station_points_epsg3826,121.508487734,25.0422125971
TRTC:西門,西門,西門,metro_entries,6,weekday,771.391304348,776,758.5,790.5,32,23,23,23,17742,0.0120528030942,739.692391304,800.402173913,1000,1000,day_cluster_bootstrap_stability,mean_daily_journeys_in_native_hour,observed_days_for_this_station_metric_hour,same_station_metric_date_observed_hours_only,2026-07,journeys/day_at_native_hour,native_hour_local_departure_interpretation_unverified,False,False,observed,observed,1,1,mean_of_distinct_official_station_points_epsg3826,121.508487734,25.0422125971
TRTC:西門,西門,西門,metro_entries,7,weekday,2053.13043478,2120,2099.5,2140,40.5,23,23,23,47222,0.0313448025641,1913.2576087,2129.74347826,1000,1000,day_cluster_bootstrap_stability,mean_daily_journeys_in_native_hour,observed_days_for_this_station_metric_hour,same_station_metric_date_observed_hours_only,2026-07,journeys/day_at_native_hour,native_hour_local_departure_interpretation_unverified,False,False,observed,observed,1,1,mean_of_distinct_official_station_points_epsg3826,121.508487734,25.0422125971
TRTC:西門,西門,西門,metro_entries,8,weekday,4492.08695652,4662,4594.5,4715.5,121,23,23,23,103318,0.0680872379381,4139.3173913,4689.70978261,1000,1000,day_cluster_bootstrap_stability,mean_daily_journeys_in_native_hour,observed_days_for_this_station_metric_hour,same_station_metric_date_observed_hours_only,2026-07,journeys/day_at_native_hour,native_hour_local_departure_interpretation_unverified,False,False,observed,observed,1,1,mean_of_distinct_official_station_points_epsg3826,121.508487734,25.0422125971
TRTC:西門,西門,西門,metro_entries,9,weekday,2929.26086957,3000,2945,3078,133,23,23,23,67373,0.0449236919491,2736.80434783,3044.52282609,1000,1000,day_cluster_bootstrap_stability,mean_daily_journeys_in_native_hour,observed_days_for_this_station_metric_hour,same_station_metric_date_observed_hours_only,2026-07,journeys/day_at_native_hour,native_hour_local_departure_interpretation_unverified,False,False,observed,observed,1,1,mean_of_distinct_official_station_points_epsg3826,121.508487734,25.0422125971
TRTC:西門,西門,西門,metro_entries,10,weekday,2442.43478261,2474,2386.5,2567,180.5,23,23,23,56176,0.0378812198048,2327.22608696,2531.00217391,1000,1000,day_cluster_bootstrap_stability,mean_daily_journeys_in_native_hour,observed_days_for_this_station_metric_hour,same_station_metric_date_observed_hours_only,2026-07,journeys/day_at_native_hour,native_hour_local_departure_interpretation_unverified,False,False,observed,observed,1,1,mean_of_distinct_official_station_points_epsg3826,121.508487734,25.0422125971
TRTC:西門,西門,西門,metro_entries,11,weekday,2774.17391304,2761,2644.5,2962,317.5,23,23,23,63806,0.0432706294204,2653.16956522,2882.52826087,1000,1000,day_cluster_bootstrap_stability,mean_daily_journeys_in_native_hour,observed_days_for_this_station_metric_hour,same_station_metric_date_observed_hours_only,2026-07,journeys/day_at_native_hour,native_hour_local_departure_interpretation_unverified,False,False,observed,observed,1,1,mean_of_distinct_official_station_points_epsg3826,121.508487734,25.0422125971
TRTC:西門,西門,西門,metro_entries,12,weekday,2965.26086957,3001,2926.5,3107,180.5,23,23,23,68201,0.0460761438234,2834.64891304,3068.11413043,1000,1000,day_cluster_bootstrap_stability,mean_daily_journeys_in_native_hour,observed_days_for_this_station_metric_hour,same_station_metric_date_observed_hours_only,2026-07,journeys/day_at_native_hour,native_hour_local_departure_interpretation_unverified,False,False,observed,observed,1,1,mean_of_distinct_official_station_points_epsg3826,121.508487734,25.0422125971
TRTC:西門,西門,西門,metro_entries,13,weekday,3215.91304348,3236,3176,3320,144,23,23,23,73966,0.0500307215738,3082.23804348,3307.9826087,1000,1000,day_cluster_bootstrap_stability,mean_daily_journeys_in_native_hour,observed_days_for_this_station_metric_hour,same_station_metric_date_observed_hours_only,2026-07,journeys/day_at_native_hour,native_hour_local_departure_interpretation_unverified,False,False,observed,observed,1,1,mean_of_distinct_official_station_points_epsg3826,121.508487734,25.0422125971
TRTC:西門,西門,西門,metro_entries,14,weekday,3377.95652174,3397,3334,3513.5,179.5,23,23,23,77693,0.0526095993419,3247.99673913,3480.28913043,1000,1000,day_cluster_bootstrap_stability,mean_daily_journeys_in_native_hour,observed_days_for_this_station_metric_hour,same_station_metric_date_observed_hours_only,2026-07,journeys/day_at_native_hour,native_hour_local_departure_interpretation_unverified,False,False,observed,observed,1,1,mean_of_distinct_official_station_points_epsg3826,121.508487734,25.0422125971
TRTC:西門,西門,西門,metro_entries,15,weekday,3610.13043478,3618,3529,3744,215,23,23,23,83033,0.0562258013002,3462.95217391,3727.6173913,1000,1000,day_cluster_bootstrap_stability,mean_daily_journeys_in_native_hour,observed_days_for_this_station_metric_hour,same_station_metric_date_observed_hours_only,2026-07,journeys/day_at_native_hour,native_hour_local_departure_interpretation_unverified,False,False,observed,observed,1,1,mean_of_distinct_official_station_points_epsg3826,121.508487734,25.0422125971
TRTC:西門,西門,西門,metro_entries,16,weekday,4275.95652174,4354,4168,4546,378,23,23,23,98347,0.0662103279231,4069.51630435,4438.68695652,1000,1000,day_cluster_bootstrap_stability,mean_daily_journeys_in_native_hour,observed_days_for_this_station_metric_hour,same_station_metric_date_observed_hours_only,2026-07,journeys/day_at_native_hour,native_hour_local_departure_interpretation_unverified,False,False,observed,observed,1,1,mean_of_distinct_official_station_points_epsg3826,121.508487734,25.0422125971
TRTC:西門,西門,西門,metro_entries,17,weekday,5991.91304348,6110,5935,6301.5,366.5,23,23,23,137814,0.0918428870164,5593.20326087,6263.68913043,1000,1000,day_cluster_bootstrap_stability,mean_daily_journeys_in_native_hour,observed_days_for_this_station_metric_hour,same_station_metric_date_observed_hours_only,2026-07,journeys/day_at_native_hour,native_hour_local_departure_interpretation_unverified,False,False,observed,observed,1,1,mean_of_distinct_official_station_points_epsg3826,121.508487734,25.0422125971
TRTC:西門,西門,西門,metro_entries,18,weekday,6974.17391304,7158,7035,7291.5,256.5,23,23,23,160406,0.106164916782,6453.56086957,7307.79021739,1000,1000,day_cluster_bootstrap_stability,mean_daily_journeys_in_native_hour,observed_days_for_this_station_metric_hour,same_station_metric_date_observed_hours_only,2026-07,journeys/day_at_native_hour,native_hour_local_departure_interpretation_unverified,False,False,observed,observed,1,1,mean_of_distinct_official_station_points_epsg3826,121.508487734,25.0422125971
TRTC:西門,西門,西門,metro_entries,19,weekday,4942,5058,4845.5,5200,354.5,23,23,23,113666,0.0756407295783,4606.59565217,5170.27391304,1000,1000,day_cluster_bootstrap_stability,mean_daily_journeys_in_native_hour,observed_days_for_this_station_metric_hour,same_station_metric_date_observed_hours_only,2026-07,journeys/day_at_native_hour,native_hour_local_departure_interpretation_unverified,False,False,observed,observed,1,1,mean_of_distinct_official_station_points_epsg3826,121.508487734,25.0422125971
TRTC:西門,西門,西門,metro_entries,20,weekday,3982.56521739,4040,3814.5,4189,374.5,23,23,23,91599,0.0608816325152,3701.34565217,4207.86956522,1000,1000,day_cluster_bootstrap_stability,mean_daily_journeys_in_native_hour,observed_days_for_this_station_metric_hour,same_station_metric_date_observed_hours_only,2026-07,journeys/day_at_native_hour,native_hour_local_departure_interpretation_unverified,False,False,observed,observed,1,1,mean_of_distinct_official_station_points_epsg3826,121.508487734,25.0422125971
TRTC:西門,西門,西門,metro_entries,21,weekday,4174.52173913,4251,3990.5,4385.5,395,23,23,23,96014,0.0636451588017,3852.67608696,4437.97826087,1000,1000,day_cluster_bootstrap_stability,mean_daily_journeys_in_native_hour,observed_days_for_this_station_metric_hour,same_station_metric_date_observed_hours_only,2026-07,journeys/day_at_native_hour,native_hour_local_departure_interpretation_unverified,False,False,observed,observed,1,1,mean_of_distinct_official_station_points_epsg3826,121.508487734,25.0422125971
TRTC:西門,西門,西門,metro_entries,22,weekday,3687.52173913,3623,3477.5,3760.5,283,23,23,23,84813,0.0559488916992,3362.43369565,3971.33152174,1000,1000,day_cluster_bootstrap_stability,mean_daily_journeys_in_native_hour,observed_days_for_this_station_metric_hour,same_station_metric_date_observed_hours_only,2026-07,journeys/day_at_native_hour,native_hour_local_departure_interpretation_unverified,False,False,observed,observed,1,1,mean_of_distinct_official_station_points_epsg3826,121.508487734,25.0422125971
TRTC:西門,西門,西門,metro_entries,23,weekday,1690.2173913,1576,1480,1664,184,23,23,23,38875,0.0256893927968,1504.15978261,1874.0923913,1000,1000,day_cluster_bootstrap_stability,mean_daily_journeys_in_native_hour,observed_days_for_this_station_metric_hour,same_station_metric_date_observed_hours_only,2026-07,journeys/day_at_native_hour,native_hour_local_departure_interpretation_unverified,False,False,observed,observed,1,1,mean_of_distinct_official_station_points_epsg3826,121.508487734,25.0422125971
TRTC:西門,西門,西門,metro_exits,0,weekday,294.826086957,227,214,342.5,128.5,23,23,23,6781,0.00447476661943,239.907608696,356.984782609,1000,1000,day_cluster_bootstrap_stability,mean_daily_journeys_in_native_hour,observed_days_for_this_station_metric_hour,same_station_metric_date_observed_hours_only,2026-07,journeys/day_at_native_hour,native_hour_local_departure_interpretation_unverified,False,False,observed,observed,1,1,mean_of_distinct_official_station_points_epsg3826,121.508487734,25.0422125971
TRTC:西門,西門,西門,metro_exits,1,weekday,0.0434782608696,0,0,0,0,23,23,23,1,6.54576207726e-07,0,0.130434782609,1000,1000,day_cluster_bootstrap_stability,mean_daily_journeys_in_native_hour,observed_days_for_this_station_metric_hour,same_station_metric_date_observed_hours_only,2026-07,journeys/day_at_native_hour,native_hour_local_departure_interpretation_unverified,False,False,observed,observed,1,1,mean_of_distinct_official_station_points_epsg3826,121.508487734,25.0422125971
TRTC:西門,西門,西門,metro_exits,5,weekday,1.47826086957,1,1,2,1,23,23,23,34,2.37291164998e-05,1.04347826087,1.95652173913,1000,1000,day_cluster_bootstrap_stability,mean_daily_journeys_in_native_hour,observed_days_for_this_station_metric_hour,same_station_metric_date_observed_hours_only,2026-07,journeys/day_at_native_hour,native_hour_local_departure_interpretation_unverified,False,False,observed,observed,1,1,mean_of_distinct_official_station_points_epsg3826,121.508487734,25.0422125971
TRTC:西門,西門,西門,metro_exits,6,weekday,535.956521739,547,531,558,27,23,23,23,12327,0.00823188084709,503.626086957,558.525,1000,1000,day_cluster_bootstrap_stability,mean_daily_journeys_in_native_hour,observed_days_for_this_station_metric_hour,same_station_metric_date_observed_hours_only,2026-07,journeys/day_at_native_hour,native_hour_local_departure_interpretation_unverified,False,False,observed,observed,1,1,mean_of_distinct_official_station_points_epsg3826,121.508487734,25.0422125971
TRTC:西門,西門,西門,metro_exits,7,weekday,2171.65217391,2250,2198,2291,93,23,23,23,49948,0.0329638010636,2004.86956522,2267.39456522,1000,1000,day_cluster_bootstrap_stability,mean_daily_journeys_in_native_hour,observed_days_for_this_station_metric_hour,same_station_metric_date_observed_hours_only,2026-07,journeys/day_at_native_hour,native_hour_local_departure_interpretation_unverified,False,False,observed,observed,1,1,mean_of_distinct_official_station_points_epsg3826,121.508487734,25.0422125971
TRTC:西門,西門,西門,metro_exits,8,weekday,5425.34782609,5697,5480.5,5748,267.5,23,23,23,124783,0.0819350006863,4965.3423913,5681.82826087,1000,1000,day_cluster_bootstrap_stability,mean_daily_journeys_in_native_hour,observed_days_for_this_station_metric_hour,same_station_metric_date_observed_hours_only,2026-07,journeys/day_at_native_hour,native_hour_local_departure_interpretation_unverified,False,False,observed,observed,1,1,mean_of_distinct_official_station_points_epsg3826,121.508487734,25.0422125971
TRTC:西門,西門,西門,metro_exits,9,weekday,2735.73913043,2817,2756,2843,87,23,23,23,62922,0.0418609382219,2561.51847826,2837.13586957,1000,1000,day_cluster_bootstrap_stability,mean_daily_journeys_in_native_hour,observed_days_for_this_station_metric_hour,same_station_metric_date_observed_hours_only,2026-07,journeys/day_at_native_hour,native_hour_local_departure_interpretation_unverified,False,False,observed,observed,1,1,mean_of_distinct_official_station_points_epsg3826,121.508487734,25.0422125971
TRTC:西門,西門,西門,metro_exits,10,weekday,2542.60869565,2575,2521.5,2650.5,129,23,23,23,58480,0.0394124982013,2432.89891304,2618.5423913,1000,1000,day_cluster_bootstrap_stability,mean_daily_journeys_in_native_hour,observed_days_for_this_station_metric_hour,same_station_metric_date_observed_hours_only,2026-07,journeys/day_at_native_hour,native_hour_local_departure_interpretation_unverified,False,False,observed,observed,1,1,mean_of_distinct_official_station_points_epsg3826,121.508487734,25.0422125971
TRTC:西門,西門,西門,metro_exits,11,weekday,3514.04347826,3531,3453.5,3660.5,207,23,23,23,80823,0.0548684098818,3403.00869565,3603.44021739,1000,1000,day_cluster_bootstrap_stability,mean_daily_journeys_in_native_hour,observed_days_for_this_station_metric_hour,same_station_metric_date_observed_hours_only,2026-07,journeys/day_at_native_hour,native_hour_local_departure_interpretation_unverified,False,False,observed,observed,1,1,mean_of_distinct_official_station_points_epsg3826,121.508487734,25.0422125971
TRTC:西門,西門,西門,metro_exits,12,weekday,3967.65217391,4008,3898,4092,194,23,23,23,91256,0.0618080665619,3827.93913043,4087.04782609,1000,1000,day_cluster_bootstrap_stability,mean_daily_journeys_in_native_hour,observed_days_for_this_station_metric_hour,same_station_metric_date_observed_hours_only,2026-07,journeys/day_at_native_hour,native_hour_local_departure_interpretation_unverified,False,False,observed,observed,1,1,mean_of_distinct_official_station_points_epsg3826,121.508487734,25.0422125971
TRTC:西門,西門,西門,metro_exits,13,weekday,4252.04347826,4264,4158.5,4424.5,266,23,23,23,97797,0.0660951052293,4081.88369565,4385.69782609,1000,1000,day_cluster_bootstrap_stability,mean_daily_journeys_in_native_hour,observed_days_for_this_station_metric_hour,same_station_metric_date_observed_hours_only,2026-07,journeys/day_at_native_hour,native_hour_local_departure_interpretation_unverified,False,False,observed,observed,1,1,mean_of_distinct_official_station_points_epsg3826,121.508487734,25.0422125971
TRTC:西門,西門,西門,metro_exits,14,weekday,4004.86956522,4006,3859.5,4171,311.5,23,23,23,92112,0.0622031157517,3850.12934783,4132.13478261,1000,1000,day_cluster_bootstrap_stability,mean_daily_journeys_in_native_hour,observed_days_for_this_station_metric_hour,same_station_metric_date_observed_hours_only,2026-07,journeys/day_at_native_hour,native_hour_local_departure_interpretation_unverified,False,False,observed,observed,1,1,mean_of_distinct_official_station_points_epsg3826,121.508487734,25.0422125971
TRTC:西門,西門,西門,metro_exits,15,weekday,3895.39130435,3897,3793.5,4003,209.5,23,23,23,89594,0.0603287271731,3712.24347826,4047.6173913,1000,1000,day_cluster_bootstrap_stability,mean_daily_journeys_in_native_hour,observed_days_for_this_station_metric_hour,same_station_metric_date_observed_hours_only,2026-07,journeys/day_at_native_hour,native_hour_local_departure_interpretation_unverified,False,False,observed,observed,1,1,mean_of_distinct_official_station_points_epsg3826,121.508487734,25.0422125971
TRTC:西門,西門,西門,metro_exits,16,weekday,4388.13043478,4448,4237,4551,314,23,23,23,100927,0.0676329474508,4164.73586957,4564.47934783,1000,1000,day_cluster_bootstrap_stability,mean_daily_journeys_in_native_hour,observed_days_for_this_station_metric_hour,same_station_metric_date_observed_hours_only,2026-07,journeys/day_at_native_hour,native_hour_local_departure_interpretation_unverified,False,False,observed,observed,1,1,mean_of_distinct_official_station_points_epsg3826,121.508487734,25.0422125971
TRTC:西門,西門,西門,metro_exits,17,weekday,5972.91304348,6000,5743,6148.5,405.5,23,23,23,137377,0.0909487920883,5569.75108696,6306.11521739,1000,1000,day_cluster_bootstrap_stability,mean_daily_journeys_in_native_hour,observed_days_for_this_station_metric_hour,same_station_metric_date_observed_hours_only,2026-07,journeys/day_at_native_hour,native_hour_local_departure_interpretation_unverified,False,False,observed,observed,1,1,mean_of_distinct_official_station_points_epsg3826,121.508487734,25.0422125971
TRTC:西門,西門,西門,metro_exits,18,weekday,7493.7826087,7496,7295.5,7743,447.5,23,23,23,172357,0.113230324023,6900.5923913,7979.92608696,1000,1000,day_cluster_bootstrap_stability,mean_daily_journeys_in_native_hour,observed_days_for_this_station_metric_hour,same_station_metric_date_observed_hours_only,2026-07,journeys/day_at_native_hour,native_hour_local_departure_interpretation_unverified,False,False,observed,observed,1,1,mean_of_distinct_official_station_points_epsg3826,121.508487734,25.0422125971
TRTC:西門,西門,西門,metro_exits,19,weekday,5009.82608696,4982,4857,5167.5,310.5,23,23,23,115226,0.0759955913214,4626.17173913,5338.57717391,1000,1000,day_cluster_bootstrap_stability,mean_daily_journeys_in_native_hour,observed_days_for_this_station_metric_hour,same_station_metric_date_observed_hours_only,2026-07,journeys/day_at_native_hour,native_hour_local_departure_interpretation_unverified,False,False,observed,observed,1,1,mean_of_distinct_official_station_points_epsg3826,121.508487734,25.0422125971
TRTC:西門,西門,西門,metro_exits,20,weekday,3439.39130435,3362,3240,3660,420,23,23,23,79106,0.0522602908048,3172.85326087,3668.62391304,1000,1000,day_cluster_bootstrap_stability,mean_daily_journeys_in_native_hour,observed_days_for_this_station_metric_hour,same_station_metric_date_observed_hours_only,2026-07,journeys/day_at_native_hour,native_hour_local_departure_interpretation_unverified,False,False,observed,observed,1,1,mean_of_distinct_official_station_points_epsg3826,121.508487734,25.0422125971
TRTC:西門,西門,西門,metro_exits,21,weekday,2954.69565217,2958,2751.5,3214,462.5,23,23,23,67958,0.0447071574589,2713.02934783,3167.175,1000,1000,day_cluster_bootstrap_stability,mean_daily_journeys_in_native_hour,observed_days_for_this_station_metric_hour,same_station_metric_date_observed_hours_only,2026-07,journeys/day_at_native_hour,native_hour_local_departure_interpretation_unverified,False,False,observed,observed,1,1,mean_of_distinct_official_station_points_epsg3826,121.508487734,25.0422125971
TRTC:西門,西門,西門,metro_exits,22,weekday,1911.69565217,1859,1717,2053,336,23,23,23,43969,0.0287734553046,1716.73152174,2105.57173913,1000,1000,day_cluster_bootstrap_stability,mean_daily_journeys_in_native_hour,observed_days_for_this_station_metric_hour,same_station_metric_date_observed_hours_only,2026-07,journeys/day_at_native_hour,native_hour_local_departure_interpretation_unverified,False,False,observed,observed,1,1,mean_of_distinct_official_station_points_epsg3826,121.508487734,25.0422125971
TRTC:西門,西門,西門,metro_exits,23,weekday,809.782608696,677,651,942,291,23,23,23,18625,0.0122447476179,699.090217391,940.492391304,1000,1000,day_cluster_bootstrap_stability,mean_daily_journeys_in_native_hour,observed_days_for_this_station_metric_hour,same_station_metric_date_observed_hours_only,2026-07,journeys/day_at_native_hour,native_hour_local_departure_interpretation_unverified,False,False,observed,observed,1,1,mean_of_distinct_official_station_points_epsg3826,121.508487734,25.0422125971
TRTC:中山,中山,中山,metro_entries,0,weekend,443,383,310.5,631,320.5,8,8,8,3544,0.00996088278541,300.340625,571.909375,1000,1000,day_cluster_bootstrap_stability,mean_daily_journeys_in_native_hour,observed_days_for_this_station_metric_hour,same_station_metric_date_observed_hours_only,2026-07,journeys/day_at_native_hour,native_hour_local_departure_interpretation_unverified,False,False,observed,observed,2,1,mean_of_distinct_official_station_points_epsg3826,121.5203969,25.0526756647
TRTC:中山,中山,中山,metro_entries,1,weekend,19.5,21.5,14.25,24.5,10.25,8,8,8,156,0.000378088189248,12.121875,25.628125,1000,1000,day_cluster_bootstrap_stability,mean_daily_journeys_in_native_hour,observed_days_for_this_station_metric_hour,same_station_metric_date_observed_hours_only,2026-07,journeys/day_at_native_hour,native_hour_local_departure_interpretation_unverified,False,False,observed,observed,2,1,mean_of_distinct_official_station_points_epsg3826,121.5203969,25.0526756647
TRTC:中山,中山,中山,metro_entries,5,weekend,1.375,1,0,2.25,2.25,8,8,8,11,8.83211016072e-05,0.5,2.378125,1000,1000,day_cluster_bootstrap_stability,mean_daily_journeys_in_native_hour,observed_days_for_this_station_metric_hour,same_station_metric_date_observed_hours_only,2026-07,journeys/day_at_native_hour,native_hour_local_departure_interpretation_unverified,False,False,observed,observed,2,1,mean_of_distinct_official_station_points_epsg3826,121.5203969,25.0526756647
TRTC:中山,中山,中山,metro_entries,6,weekend,166.25,187.5,154,191,37,8,8,8,1330,0.00436887122329,135.496875,191.628125,1000,1000,day_cluster_bootstrap_stability,mean_daily_journeys_in_native_hour,observed_days_for_this_station_metric_hour,same_station_metric_date_observed_hours_only,2026-07,journeys/day_at_native_hour,native_hour_local_departure_interpretation_unverified,False,False,observed,observed,2,1,mean_of_distinct_official_station_points_epsg3826,121.5203969,25.0526756647
TRTC:中山,中山,中山,metro_entries,7,weekend,286.125,314.5,285,329.5,44.5,8,8,8,2289,0.00720160546698,231.871875,323.75625,1000,1000,day_cluster_bootstrap_stability,mean_daily_journeys_in_native_hour,observed_days_for_this_station_metric_hour,same_station_metric_date_observed_hours_only,2026-07,journeys/day_at_native_hour,native_hour_local_departure_interpretation_unverified,False,False,observed,observed,2,1,mean_of_distinct_official_station_points_epsg3826,121.5203969,25.0526756647
TRTC:中山,中山,中山,metro_entries,8,weekend,447.625,485.5,466,520.25,54.25,8,8,8,3581,0.009402905292,332.71875,520.75625,1000,1000,day_cluster_bootstrap_stability,mean_daily_journeys_in_native_hour,observed_days_for_this_station_metric_hour,same_station_metric_date_observed_hours_only,2026-07,journeys/day_at_native_hour,native_hour_local_departure_interpretation_unverified,False,False,observed,observed,2,1,mean_of_distinct_official_station_points_epsg3826,121.5203969,25.0526756647
TRTC:中山,中山,中山,metro_entries,9,weekend,632.375,704.5,616.5,781.75,165.25,8,8,8,5059,0.012868554702,469.953125,752.034375,1000,1000,day_cluster_bootstrap_stability,mean_daily_journeys_in_native_hour,observed_days_for_this_station_metric_hour,same_station_metric_date_observed_hours_only,2026-07,journeys/day_at_native_hour,native_hour_local_departure_interpretation_unverified,False,False,observed,observed,2,1,mean_of_distinct_official_station_points_epsg3826,121.5203969,25.0526756647
TRTC:中山,中山,中山,metro_entries,10,weekend,865.375,949,908,1004.25,96.25,8,8,8,6923,0.0176946982838,645.590625,1012.7625,1000,1000,day_cluster_bootstrap_stability,mean_daily_journeys_in_native_hour,observed_days_for_this_station_metric_hour,same_station_metric_date_observed_hours_only,2026-07,journeys/day_at_native_hour,native_hour_local_departure_interpretation_unverified,False,False,observed,observed,2,1,mean_of_distinct_official_station_points_epsg3826,121.5203969,25.0526756647
TRTC:中山,中山,中山,metro_entries,11,weekend,1243.125,1373.5,1346.75,1426,79.25,8,8,8,9945,0.0255710193314,933.615625,1422.25625,1000,1000,day_cluster_bootstrap_stability,mean_daily_journeys_in_native_hour,observed_days_for_this_station_metric_hour,same_station_metric_date_observed_hours_only,2026-07,journeys/day_at_native_hour,native_hour_local_departure_interpretation_unverified,False,False,observed,observed,2,1,mean_of_distinct_official_station_points_epsg3826,121.5203969,25.0526756647
TRTC:中山,中山,中山,metro_entries,12,weekend,1832.5,1975.5,1863,2222.75,359.75,8,8,8,14660,0.0376313007983,1369.696875,2141.640625,1000,1000,day_cluster_bootstrap_stability,mean_daily_journeys_in_native_hour,observed_days_for_this_station_metric_hour,same_station_metric_date_observed_hours_only,2026-07,journeys/day_at_native_hour,native_hour_local_departure_interpretation_unverified,False,False,observed,observed,2,1,mean_of_distinct_official_station_points_epsg3826,121.5203969,25.0526756647
TRTC:中山,中山,中山,metro_entries,13,weekend,2681.75,2932.5,2770.5,3167.75,397.25,8,8,8,21454,0.0544120133594,1989.0875,3114.75,1000,1000,day_cluster_bootstrap_stability,mean_daily_journeys_in_native_hour,observed_days_for_this_station_metric_hour,same_station_metric_date_observed_hours_only,2026-07,journeys/day_at_native_hour,native_hour_local_departure_interpretation_unverified,False,False,observed,observed,2,1,mean_of_distinct_official_station_points_epsg3826,121.5203969,25.0526756647
TRTC:中山,中山,中山,metro_entries,14,weekend,3583.75,3921.5,3728.25,4225.5,497.25,8,8,8,28670,0.0721124934154,2630.5,4189.8125,1000,1000,day_cluster_bootstrap_stability,mean_daily_journeys_in_native_hour,observed_days_for_this_station_metric_hour,same_station_metric_date_observed_hours_only,2026-07,journeys/day_at_native_hour,native_hour_local_departure_interpretation_unverified,False,False,observed,observed,2,1,mean_of_distinct_official_station_points_epsg3826,121.5203969,25.0526756647
TRTC:中山,中山,中山,metro_entries,15,weekend,4304.125,4680.5,4464,4997.75,533.75,8,8,8,34433,0.0864879614251,3165.5,5021.875,1000,1000,day_cluster_bootstrap_stability,mean_daily_journeys_in_native_hour,observed_days_for_this_station_metric_hour,same_station_metric_date_observed_hours_only,2026-07,journeys/day_at_native_hour,native_hour_local_departure_interpretation_unverified,False,False,observed,observed,2,1,mean_of_distinct_official_station_points_epsg3826,121.5203969,25.0526756647
TRTC:中山,中山,中山,metro_entries,16,weekend,4902.125,5404.5,4911.25,5759,847.75,8,8,8,39217,0.0966870858046,3580.18125,5786.50625,1000,1000,day_cluster_bootstrap_stability,mean_daily_journeys_in_native_hour,observed_days_for_this_station_metric_hour,same_station_metric_date_observed_hours_only,2026-07,journeys/day_at_native_hour,native_hour_local_departure_interpretation_unverified,False,False,observed,observed,2,1,mean_of_distinct_official_station_points_epsg3826,121.5203969,25.0526756647
TRTC:中山,中山,中山,metro_entries,17,weekend,5409,6014.5,5275.25,6687.5,1412.25,8,8,8,43272,0.105812491442,3944.70625,6385.8375,1000,1000,day_cluster_bootstrap_stability,mean_daily_journeys_in_native_hour,observed_days_for_this_station_metric_hour,same_station_metric_date_observed_hours_only,2026-07,journeys/day_at_native_hour,native_hour_local_departure_interpretation_unverified,False,False,observed,observed,2,1,mean_of_distinct_official_station_points_epsg3826,121.5203969,25.0526756647
TRTC:中山,中山,中山,metro_entries,18,weekend,4964.125,5534.5,4980.25,5973,992.75,8,8,8,39713,0.09787038682,3652.35,5847.2125,1000,1000,day_cluster_bootstrap_stability,mean_daily_journeys_in_native_hour,observed_days_for_this_station_metric_hour,same_station_metric_date_observed_hours_only,2026-07,journeys/day_at_native_hour,native_hour_local_departure_interpretation_unverified,False,False,observed,observed,2,1,mean_of_distinct_official_station_points_epsg3826,121.5203969,25.0526756647
TRTC:中山,中山,中山,metro_entries,19,weekend,4626.25,5309.5,4448.25,5524.75,1076.5,8,8,8,37010,0.0904225551844,3404.875,5467.796875,1000,1000,day_cluster_bootstrap_stability,mean_daily_journeys_in_native_hour,observed_days_for_this_station_metric_hour,same_station_metric_date_observed_hours_only,2026-07,journeys/day_at_native_hour,native_hour_local_departure_interpretation_unverified,False,False,observed,observed,2,1,mean_of_distinct_official_station_points_epsg3826,121.5203969,25.0526756647
TRTC:中山,中山,中山,metro_entries,20,weekend,4439.875,4797,4567.5,5335,767.5,8,8,8,35519,0.0868765663113,3272.134375,5238.8,1000,1000,day_cluster_bootstrap_stability,mean_daily_journeys_in_native_hour,observed_days_for_this_station_metric_hour,same_station_metric_date_observed_hours_only,2026-07,journeys/day_at_native_hour,native_hour_local_departure_interpretation_unverified,False,False,observed,observed,2,1,mean_of_distinct_official_station_points_epsg3826,121.5203969,25.0526756647
TRTC:中山,中山,中山,metro_entries,21,weekend,4750,5163,4667,5690,1023,8,8,8,38000,0.0919556698705,3473.140625,5648.884375,1000,1000,day_cluster_bootstrap_stability,mean_daily_journeys_in_native_hour,observed_days_for_this_station_metric_hour,same_station_metric_date_observed_hours_only,2026-07,journeys/day_at_native_hour,native_hour_local_departure_interpretation_unverified,False,False,observed,observed,2,1,mean_of_distinct_official_station_points_epsg3826,121.5203969,25.0526756647
TRTC:中山,中山,中山,metro_entries,22,weekend,3477.875,3249.5,3037,4836.25,1799.25,8,8,8,27823,0.0667201600913,2456.5625,4362.053125,1000,1000,day_cluster_bootstrap_stability,mean_daily_journeys_in_native_hour,observed_days_for_this_station_metric_hour,same_station_metric_date_observed_hours_only,2026-07,journeys/day_at_native_hour,native_hour_local_departure_interpretation_unverified,False,False,observed,observed,2,1,mean_of_distinct_official_station_points_epsg3826,121.5203969,25.0526756647
TRTC:中山,中山,中山,metro_entries,23,weekend,1221.5,1039.5,921,1843,922,8,8,8,9772,0.0254763691023,848.503125,1560.675,1000,1000,day_cluster_bootstrap_stability,mean_daily_journeys_in_native_hour,observed_days_for_this_station_metric_hour,same_station_metric_date_observed_hours_only,2026-07,journeys/day_at_native_hour,native_hour_local_departure_interpretation_unverified,False,False,observed,observed,2,1,mean_of_distinct_official_station_points_epsg3826,121.5203969,25.0526756647
TRTC:中山,中山,中山,metro_exits,0,weekend,141.875,131,96.75,184.25,87.5,8,8,8,1135,0.00338204835265,100.49375,183.14375,1000,1000,day_cluster_bootstrap_stability,mean_daily_journeys_in_native_hour,observed_days_for_this_station_metric_hour,same_station_metric_date_observed_hours_only,2026-07,journeys/day_at_native_hour,native_hour_local_departure_interpretation_unverified,False,False,observed,observed,2,1,mean_of_distinct_official_station_points_epsg3826,121.5203969,25.0526756647
TRTC:中山,中山,中山,metro_exits,1,weekend,0,0,0,0,0,8,8,8,0,0,0,0,1000,1000,day_cluster_bootstrap_stability,mean_daily_journeys_in_native_hour,observed_days_for_this_station_metric_hour,same_station_metric_date_observed_hours_only,2026-07,journeys/day_at_native_hour,native_hour_local_departure_interpretation_unverified,False,False,observed,observed,2,1,mean_of_distinct_official_station_points_epsg3826,121.5203969,25.0526756647
TRTC:中山,中山,中山,metro_exits,5,weekend,1.375,1,0,2.25,2.25,8,8,8,11,9.13101348791e-05,0.5,2.378125,1000,1000,day_cluster_bootstrap_stability,mean_daily_journeys_in_native_hour,observed_days_for_this_station_metric_hour,same_station_metric_date_observed_hours_only,2026-07,journeys/day_at_native_hour,native_hour_local_departure_interpretation_unverified,False,False,observed,observed,2,1,mean_of_distinct_official_station_points_epsg3826,121.5203969,25.0526756647
TRTC:中山,中山,中山,metro_exits,6,weekend,227.375,242.5,234.75,248.25,13.5,8,8,8,1819,0.00618211467019,190,252.503125,1000,1000,day_cluster_bootstrap_stability,mean_daily_journeys_in_native_hour,observed_days_for_this_station_metric_hour,same_station_metric_date_observed_hours_only,2026-07,journeys/day_at_native_hour,native_hour_local_departure_interpretation_unverified,False,False,observed,observed,2,1,mean_of_distinct_official_station_points_epsg3826,121.5203969,25.0526756647
TRTC:中山,中山,中山,metro_exits,7,weekend,365.125,384.5,353.25,432.5,79.25,8,8,8,2921,0.00851560581349,288.740625,422.38125,1000,1000,day_cluster_bootstrap_stability,mean_daily_journeys_in_native_hour,observed_days_for_this_station_metric_hour,same_station_metric_date_observed_hours_only,2026-07,journeys/day_at_native_hour,native_hour_local_departure_interpretation_unverified,False,False,observed,observed,2,1,mean_of_distinct_official_station_points_epsg3826,121.5203969,25.0526756647
TRTC:中山,中山,中山,metro_exits,8,weekend,839,888,855.25,979.75,124.5,8,8,8,6712,0.0172445563626,626.990625,992.190625,1000,1000,day_cluster_bootstrap_stability,mean_daily_journeys_in_native_hour,observed_days_for_this_station_metric_hour,same_station_metric_date_observed_hours_only,2026-07,journeys/day_at_native_hour,native_hour_local_departure_interpretation_unverified,False,False,observed,observed,2,1,mean_of_distinct_official_station_points_epsg3826,121.5203969,25.0526756647
TRTC:中山,中山,中山,metro_exits,9,weekend,1702.5,1832.5,1652.25,2062.75,410.5,8,8,8,13620,0.0326088365104,1254.446875,2032.7125,1000,1000,day_cluster_bootstrap_stability,mean_daily_journeys_in_native_hour,observed_days_for_this_station_metric_hour,same_station_metric_date_observed_hours_only,2026-07,journeys/day_at_native_hour,native_hour_local_departure_interpretation_unverified,False,False,observed,observed,2,1,mean_of_distinct_official_station_points_epsg3826,121.5203969,25.0526756647
TRTC:中山,中山,中山,metro_exits,10,weekend,3154.125,3476,3220.25,3839.25,619,8,8,8,25233,0.0583691589598,2281.24375,3719.265625,1000,1000,day_cluster_bootstrap_stability,mean_daily_journeys_in_native_hour,observed_days_for_this_station_metric_hour,same_station_metric_date_observed_hours_only,2026-07,journeys/day_at_native_hour,native_hour_local_departure_interpretation_unverified,False,False,observed,observed,2,1,mean_of_distinct_official_station_points_epsg3826,121.5203969,25.0526756647
TRTC:中山,中山,中山,metro_exits,11,weekend,4865,5367,5262.25,5593.75,331.5,8,8,8,38920,0.0906333287746,3540.04375,5665.38125,1000,1000,day_cluster_bootstrap_stability,mean_daily_journeys_in_native_hour,observed_days_for_this_station_metric_hour,same_station_metric_date_observed_hours_only,2026-07,journeys/day_at_native_hour,native_hour_local_departure_interpretation_unverified,False,False,observed,observed,2,1,mean_of_distinct_official_station_points_epsg3826,121.5203969,25.0526756647
TRTC:中山,中山,中山,metro_exits,12,weekend,4911.375,5455.5,5080.5,5879.25,798.75,8,8,8,39291,0.0918688042518,3584.271875,5750.98125,1000,1000,day_cluster_bootstrap_stability,mean_daily_journeys_in_native_hour,observed_days_for_this_station_metric_hour,same_station_metric_date_observed_hours_only,2026-07,journeys/day_at_native_hour,native_hour_local_departure_interpretation_unverified,False,False,observed,observed,2,1,mean_of_distinct_official_station_points_epsg3826,121.5203969,25.0526756647
TRTC:中山,中山,中山,metro_exits,13,weekend,5140.125,5693.5,5286.25,6153.75,867.5,8,8,8,41121,0.0965660986606,3744.003125,6024.628125,1000,1000,day_cluster_bootstrap_stability,mean_daily_journeys_in_native_hour,observed_days_for_this_station_metric_hour,same_station_metric_date_observed_hours_only,2026-07,journeys/day_at_native_hour,native_hour_local_departure_interpretation_unverified,False,False,observed,observed,2,1,mean_of_distinct_official_station_points_epsg3826,121.5203969,25.0526756647
TRTC:中山,中山,中山,metro_exits,14,weekend,5182.75,5804.5,5354.75,6129,774.25,8,8,8,41462,0.0984483961083,3805.7875,6044.7,1000,1000,day_cluster_bootstrap_stability,mean_daily_journeys_in_native_hour,observed_days_for_this_station_metric_hour,same_station_metric_date_observed_hours_only,2026-07,journeys/day_at_native_hour,native_hour_local_departure_interpretation_unverified,False,False,observed,observed,2,1,mean_of_distinct_official_station_points_epsg3826,121.5203969,25.0526756647
TRTC:中山,中山,中山,metro_exits,15,weekend,5045.25,5515,5096.5,6148.5,1052,8,8,8,40362,0.0951375442919,3671.525,5927.00625,1000,1000,day_cluster_bootstrap_stability,mean_daily_journeys_in_native_hour,observed_days_for_this_station_metric_hour,same_station_metric_date_observed_hours_only,2026-07,journeys/day_at_native_hour,native_hour_local_departure_interpretation_unverified,False,False,observed,observed,2,1,mean_of_distinct_official_station_points_epsg3826,121.5203969,25.0526756647
TRTC:中山,中山,中山,metro_exits,16,weekend,4957.25,5323,4985.75,6135,1149.25,8,8,8,39658,0.0923409011004,3599.89375,5876.60625,1000,1000,day_cluster_bootstrap_stability,mean_daily_journeys_in_native_hour,observed_days_for_this_station_metric_hour,same_station_metric_date_observed_hours_only,2026-07,journeys/day_at_native_hour,native_hour_local_departure_interpretation_unverified,False,False,observed,observed,2,1,mean_of_distinct_official_station_points_epsg3826,121.5203969,25.0526756647
TRTC:中山,中山,中山,metro_exits,17,weekend,5139.125,5601.5,4870.25,6485,1614.75,8,8,8,41113,0.0956805910707,3752.56875,6208.003125,1000,1000,day_cluster_bootstrap_stability,mean_daily_journeys_in_native_hour,observed_days_for_this_station_metric_hour,same_station_metric_date_observed_hours_only,2026-07,journeys/day_at_native_hour,native_hour_local_departure_interpretation_unverified,False,False,observed,observed,2,1,mean_of_distinct_official_station_points_epsg3826,121.5203969,25.0526756647
TRTC:中山,中山,中山,metro_exits,18,weekend,3952.5,4050.5,3731,5161.75,1430.75,8,8,8,31620,0.0739579974485,2924.825,4769.040625,1000,1000,day_cluster_bootstrap_stability,mean_daily_journeys_in_native_hour,observed_days_for_this_station_metric_hour,same_station_metric_date_observed_hours_only,2026-07,journeys/day_at_native_hour,native_hour_local_departure_interpretation_unverified,False,False,observed,observed,2,1,mean_of_distinct_official_station_points_epsg3826,121.5203969,25.0526756647
TRTC:中山,中山,中山,metro_exits,19,weekend,2722.75,2740,2585,3561.5,976.5,8,8,8,21782,0.0522931231189,1986.496875,3300.31875,1000,1000,day_cluster_bootstrap_stability,mean_daily_journeys_in_native_hour,observed_days_for_this_station_metric_hour,same_station_metric_date_observed_hours_only,2026-07,journeys/day_at_native_hour,native_hour_local_departure_interpretation_unverified,False,False,observed,observed,2,1,mean_of_distinct_official_station_points_epsg3826,121.5203969,25.0526756647
TRTC:中山,中山,中山,metro_exits,20,weekend,1825.375,1791.5,1661,2458.5,797.5,8,8,8,14603,0.0368332140253,1362.83125,2226.090625,1000,1000,day_cluster_bootstrap_stability,mean_daily_journeys_in_native_hour,observed_days_for_this_station_metric_hour,same_station_metric_date_observed_hours_only,2026-07,journeys/day_at_native_hour,native_hour_local_departure_interpretation_unverified,False,False,observed,observed,2,1,mean_of_distinct_official_station_points_epsg3826,121.5203969,25.0526756647
TRTC:中山,中山,中山,metro_exits,21,weekend,1233.625,1145,1039,1574,535,8,8,8,9869,0.0252686645509,885.628125,1544.53125,1000,1000,day_cluster_bootstrap_stability,mean_daily_journeys_in_native_hour,observed_days_for_this_station_metric_hour,same_station_metric_date_observed_hours_only,2026-07,journeys/day_at_native_hour,native_hour_local_departure_interpretation_unverified,False,False,observed,observed,2,1,mean_of_distinct_official_station_points_epsg3826,121.5203969,25.0526756647
TRTC:中山,中山,中山,metro_exits,22,weekend,775.5,707,598.5,1066.75,468.25,8,8,8,6204,0.0171894680713,559.809375,982.125,1000,1000,day_cluster_bootstrap_stability,mean_daily_journeys_in_native_hour,observed_days_for_this_station_metric_hour,same_station_metric_date_observed_hours_only,2026-07,journeys/day_at_native_hour,native_hour_local_departure_interpretation_unverified,False,False,observed,observed,2,1,mean_of_distinct_official_station_points_epsg3826,121.5203969,25.0526756647
TRTC:中山,中山,中山,metro_exits,23,weekend,296.5,274,244.25,370.25,126,8,8,8,2372,0.00738823772268,225.621875,365.896875,1000,1000,day_cluster_bootstrap_stability,mean_daily_journeys_in_native_hour,observed_days_for_this_station_metric_hour,same_station_metric_date_observed_hours_only,2026-07,journeys/day_at_native_hour,native_hour_local_departure_interpretation_unverified,False,False,observed,observed,2,1,mean_of_distinct_official_station_points_epsg3826,121.5203969,25.0526756647
TRTC:南京復興,南京復興,南京復興,metro_entries,0,weekend,230.625,190.5,167.75,333.25,165.5,8,8,8,1845,0.0129969270736,167.084375,288.440625,1000,1000,day_cluster_bootstrap_stability,mean_daily_journeys_in_native_hour,observed_days_for_this_station_metric_hour,same_station_metric_date_observed_hours_only,2026-07,journeys/day_at_native_hour,native_hour_local_departure_interpretation_unverified,False,False,observed,observed,2,2,mean_of_distinct_official_station_points_epsg3826,121.543808098,25.052081043
TRTC:南京復興,南京復興,南京復興,metro_entries,1,weekend,7,7,5.75,9.25,3.5,8,8,8,56,0.000322810157661,4.875,8.875,1000,1000,day_cluster_bootstrap_stability,mean_daily_journeys_in_native_hour,observed_days_for_this_station_metric_hour,same_station_metric_date_observed_hours_only,2026-07,journeys/day_at_native_hour,native_hour_local_departure_interpretation_unverified,False,False,observed,observed,2,2,mean_of_distinct_official_station_points_epsg3826,121.543808098,25.052081043
TRTC:南京復興,南京復興,南京復興,metro_entries,5,weekend,0.25,0,0,0,0,8,8,8,2,8.53242320819e-05,0,0.75,1000,1000,day_cluster_bootstrap_stability,mean_daily_journeys_in_native_hour,observed_days_for_this_station_metric_hour,same_station_metric_date_observed_hours_only,2026-07,journeys/day_at_native_hour,native_hour_local_departure_interpretation_unverified,False,False,observed,observed,2,2,mean_of_distinct_official_station_points_epsg3826,121.543808098,25.052081043
TRTC:南京復興,南京復興,南京復興,metro_entries,6,weekend,197.25,217,194,228.5,34.5,8,8,8,1578,0.0106529000387,156.75,226.39375,1000,1000,day_cluster_bootstrap_stability,mean_daily_journeys_in_native_hour,observed_days_for_this_station_metric_hour,same_station_metric_date_observed_hours_only,2026-07,journeys/day_at_native_hour,native_hour_local_departure_interpretation_unverified,False,False,observed,observed,2,2,mean_of_distinct_official_station_points_epsg3826,121.543808098,25.052081043
TRTC:南京復興,南京復興,南京復興,metro_entries,7,weekend,336.75,380,355.5,383.5,28,8,8,8,2694,0.0169215726188,258.61875,387.253125,1000,1000,day_cluster_bootstrap_stability,mean_daily_journeys_in_native_hour,observed_days_for_this_station_metric_hour,same_station_metric_date_observed_hours_only,2026-07,journeys/day_at_native_hour,native_hour_local_departure_interpretation_unverified,False,False,observed,observed,2,2,mean_of_distinct_official_station_points_epsg3826,121.543808098,25.052081043
TRTC:南京復興,南京復興,南京復興,metro_entries,8,weekend,456.375,502.5,465,529.75,64.75,8,8,8,3651,0.02064598339,336.053125,546.884375,1000,1000,day_cluster_bootstrap_stability,mean_daily_journeys_in_native_hour,observed_days_for_this_station_metric_hour,same_station_metric_date_observed_hours_only,2026-07,journeys/day_at_native_hour,native_hour_local_departure_interpretation_unverified,False,False,observed,observed,2,2,mean_of_distinct_official_station_points_epsg3826,121.543808098,25.052081043
TRTC:南京復興,南京復興,南京復興,metro_entries,9,weekend,637,703,667.75,745.25,77.5,8,8,8,5096,0.0289061927641,468.353125,750.296875,1000,1000,day_cluster_bootstrap_stability,mean_daily_journeys_in_native_hour,observed_days_for_this_station_metric_hour,same_station_metric_date_observed_hours_only,2026-07,journeys/day_at_native_hour,native_hour_local_departure_interpretation_unverified,False,False,observed,observed,2,2,mean_of_distinct_official_station_points_epsg3826,121.543808098,25.052081043
TRTC:南京復興,南京復興,南京復興,metro_entries,10,weekend,783.25,880.5,742.25,959.5,217.25,8,8,8,6266,0.0353081774213,568.475,940.875,1000,1000,day_cluster_bootstrap_stability,mean_daily_journeys_in_native_hour,observed_days_for_this_station_metric_hour,same_station_metric_date_observed_hours_only,2026-07,journeys/day_at_native_hour,native_hour_local_departure_interpretation_unverified,False,False,observed,observed,2,2,mean_of_distinct_official_station_points_epsg3826,121.543808098,25.052081043
TRTC:南京復興,南京復興,南京復興,metro_entries,11,weekend,1023.875,1137,1046.25,1228,181.75,8,8,8,8191,0.0467713257688,761.61875,1209.134375,1000,1000,day_cluster_bootstrap_stability,mean_daily_journeys_in_native_hour,observed_days_for_this_station_metric_hour,same_station_metric_date_observed_hours_only,2026-07,journeys/day_at_native_hour,native_hour_local_departure_interpretation_unverified,False,False,observed,observed,2,2,mean_of_distinct_official_station_points_epsg3826,121.543808098,25.052081043
TRTC:南京復興,南京復興,南京復興,metro_entries,12,weekend,1231,1251,1224.5,1504,279.5,8,8,8,9848,0.0552791969901,900.325,1480.403125,1000,1000,day_cluster_bootstrap_stability,mean_daily_journeys_in_native_hour,observed_days_for_this_station_metric_hour,same_station_metric_date_observed_hours_only,2026-07,journeys/day_at_native_hour,native_hour_local_departure_interpretation_unverified,False,False,observed,observed,2,2,mean_of_distinct_official_station_points_epsg3826,121.543808098,25.052081043
TRTC:南京復興,南京復興,南京復興,metro_entries,13,weekend,1543.75,1706.5,1525.75,1831.25,305.5,8,8,8,12350,0.0699613870327,1133.7875,1825.503125,1000,1000,day_cluster_bootstrap_stability,mean_daily_journeys_in_native_hour,observed_days_for_this_station_metric_hour,same_station_metric_date_observed_hours_only,2026-07,journeys/day_at_native_hour,native_hour_local_departure_interpretation_unverified,False,False,observed,observed,2,2,mean_of_distinct_official_station_points_epsg3826,121.543808098,25.052081043
TRTC:南京復興,南京復興,南京復興,metro_entries,14,weekend,1648.25,1782.5,1697.5,1968,270.5,8,8,8,13186,0.0755884451839,1220.6125,1931.5,1000,1000,day_cluster_bootstrap_stability,mean_daily_journeys_in_native_hour,observed_days_for_this_station_metric_hour,same_station_metric_date_observed_hours_only,2026-07,journeys/day_at_native_hour,native_hour_local_departure_interpretation_unverified,False,False,observed,observed,2,2,mean_of_distinct_official_station_points_epsg3826,121.543808098,25.052081043
TRTC:南京復興,南京復興,南京復興,metro_entries,15,weekend,1588.125,1687,1552.25,1950,397.75,8,8,8,12705,0.0715319796498,1148.08125,1890.9375,1000,1000,day_cluster_bootstrap_stability,mean_daily_journeys_in_native_hour,observed_days_for_this_station_metric_hour,same_station_metric_date_observed_hours_only,2026-07,journeys/day_at_native_hour,native_hour_local_departure_interpretation_unverified,False,False,observed,observed,2,2,mean_of_distinct_official_station_points_epsg3826,121.543808098,25.052081043
TRTC:南京復興,南京復興,南京復興,metro_entries,16,weekend,1801.875,1852,1695,2263.25,568.25,8,8,8,14415,0.0806456801511,1309.0375,2182.334375,1000,1000,day_cluster_bootstrap_stability,mean_daily_journeys_in_native_hour,observed_days_for_this_station_metric_hour,same_station_metric_date_observed_hours_only,2026-07,journeys/day_at_native_hour,native_hour_local_departure_interpretation_unverified,False,False,observed,observed,2,2,mean_of_distinct_official_station_points_epsg3826,121.543808098,25.052081043
TRTC:南京復興,南京復興,南京復興,metro_entries,17,weekend,2193.875,2168.5,2059.25,2838.5,779.25,8,8,8,17551,0.0996324483966,1620.853125,2668.165625,1000,1000,day_cluster_bootstrap_stability,mean_daily_journeys_in_native_hour,observed_days_for_this_station_metric_hour,same_station_metric_date_observed_hours_only,2026-07,journeys/day_at_native_hour,native_hour_local_departure_interpretation_unverified,False,False,observed,observed,2,2,mean_of_distinct_official_station_points_epsg3826,121.543808098,25.052081043
TRTC:南京復興,南京復興,南京復興,metro_entries,18,weekend,1827.5,1905,1719,2354.5,635.5,8,8,8,14620,0.0848356721765,1357.5625,2189.66875,1000,1000,day_cluster_bootstrap_stability,mean_daily_journeys_in_native_hour,observed_days_for_this_station_metric_hour,same_station_metric_date_observed_hours_only,2026-07,journeys/day_at_native_hour,native_hour_local_departure_interpretation_unverified,False,False,observed,observed,2,2,mean_of_distinct_official_station_points_epsg3826,121.543808098,25.052081043
TRTC:南京復興,南京復興,南京復興,metro_entries,19,weekend,1581,1653,1524.5,2011,486.5,8,8,8,12648,0.0727987527915,1175.075,1894.259375,1000,1000,day_cluster_bootstrap_stability,mean_daily_journeys_in_native_hour,observed_days_for_this_station_metric_hour,same_station_metric_date_observed_hours_only,2026-07,journeys/day_at_native_hour,native_hour_local_departure_interpretation_unverified,False,False,observed,observed,2,2,mean_of_distinct_official_station_points_epsg3826,121.543808098,25.052081043
TRTC:南京復興,南京復興,南京復興,metro_entries,20,weekend,1381.625,1375,1296.25,1803,506.75,8,8,8,11053,0.0657004354002,1048.05625,1663.246875,1000,1000,day_cluster_bootstrap_stability,mean_daily_journeys_in_native_hour,observed_days_for_this_station_metric_hour,same_station_metric_date_observed_hours_only,2026-07,journeys/day_at_native_hour,native_hour_local_departure_interpretation_unverified,False,False,observed,observed,2,2,mean_of_distinct_official_station_points_epsg3826,121.543808098,25.052081043
TRTC:南京復興,南京復興,南京復興,metro_entries,21,weekend,1500.125,1473,1379.75,2019,639.25,8,8,8,12001,0.069785363584,1118.65,1830.259375,1000,1000,day_cluster_bootstrap_stability,mean_daily_journeys_in_native_hour,observed_days_for_this_station_metric_hour,same_station_metric_date_observed_hours_only,2026-07,journeys/day_at_native_hour,native_hour_local_departure_interpretation_unverified,False,False,observed,observed,2,2,mean_of_distinct_official_station_points_epsg3826,121.543808098,25.052081043
TRTC:南京復興,南京復興,南京復興,metro_entries,22,weekend,1085.875,989.5,869,1392.25,523.25,8,8,8,8687,0.0527425331838,767.046875,1387.559375,1000,1000,day_cluster_bootstrap_stability,mean_daily_journeys_in_native_hour,observed_days_for_this_station_metric_hour,same_station_metric_date_observed_hours_only,2026-07,journeys/day_at_native_hour,native_hour_local_departure_interpretation_unverified,False,False,observed,observed,2,2,mean_of_distinct_official_station_points_epsg3826,121.543808098,25.052081043
TRTC:南京復興,南京復興,南京復興,metro_entries,23,weekend,557.25,553,409.5,709.25,299.75,8,8,8,4458,0.0288868919948,402.078125,697.140625,1000,1000,day_cluster_bootstrap_stability,mean_daily_journeys_in_native_hour,observed_days_for_this_station_metric_hour,same_station_metric_date_observed_hours_only,2026-07,journeys/day_at_native_hour,native_hour_local_departure_interpretation_unverified,False,False,observed,observed,2,2,mean_of_distinct_official_station_points_epsg3826,121.543808098,25.052081043
TRTC:南京復興,南京復興,南京復興,metro_exits,0,weekend,125.5,128.5,61.75,167.5,105.75,8,8,8,1004,0.00708811302108,85.365625,166.390625,1000,1000,day_cluster_bootstrap_stability,mean_daily_journeys_in_native_hour,observed_days_for_this_station_metric_hour,same_station_metric_date_observed_hours_only,2026-07,journeys/day_at_native_hour,native_hour_local_departure_interpretation_unverified,False,False,observed,observed,2,2,mean_of_distinct_official_station_points_epsg3826,121.543808098,25.052081043
TRTC:南京復興,南京復興,南京復興,metro_exits,1,weekend,0,0,0,0,0,8,8,8,0,0,0,0,1000,1000,day_cluster_bootstrap_stability,mean_daily_journeys_in_native_hour,observed_days_for_this_station_metric_hour,same_station_metric_date_observed_hours_only,2026-07,journeys/day_at_native_hour,native_hour_local_departure_interpretation_unverified,False,False,observed,observed,2,2,mean_of_distinct_official_station_points_epsg3826,121.543808098,25.052081043
TRTC:南京復興,南京復興,南京復興,metro_exits,5,weekend,0.25,0,0,0,0,8,8,8,2,7.98722044728e-05,0,0.75,1000,1000,day_cluster_bootstrap_stability,mean_daily_journeys_in_native_hour,observed_days_for_this_station_metric_hour,same_station_metric_date_observed_hours_only,2026-07,journeys/day_at_native_hour,native_hour_local_departure_interpretation_unverified,False,False,observed,observed,2,2,mean_of_distinct_official_station_points_epsg3826,121.543808098,25.052081043
TRTC:南京復興,南京復興,南京復興,metro_exits,6,weekend,242.875,254.5,245.25,266.75,21.5,8,8,8,1943,0.0143267228903,209.371875,267.375,1000,1000,day_cluster_bootstrap_stability,mean_daily_journeys_in_native_hour,observed_days_for_this_station_metric_hour,same_station_metric_date_observed_hours_only,2026-07,journeys/day_at_native_hour,native_hour_local_departure_interpretation_unverified,False,False,observed,observed,2,2,mean_of_distinct_official_station_points_epsg3826,121.543808098,25.052081043
TRTC:南京復興,南京復興,南京復興,metro_exits,7,weekend,495.625,492,463.25,639.25,176,8,8,8,3965,0.0235200223261,376.371875,597.25,1000,1000,day_cluster_bootstrap_stability,mean_daily_journeys_in_native_hour,observed_days_for_this_station_metric_hour,same_station_metric_date_observed_hours_only,2026-07,journeys/day_at_native_hour,native_hour_local_departure_interpretation_unverified,False,False,observed,observed,2,2,mean_of_distinct_official_station_points_epsg3826,121.543808098,25.052081043
TRTC:南京復興,南京復興,南京復興,metro_exits,8,weekend,1111.75,1098,1055.25,1405.25,350,8,8,8,8894,0.0480838432502,808.45625,1355.509375,1000,1000,day_cluster_bootstrap_stability,mean_daily_journeys_in_native_hour,observed_days_for_this_station_metric_hour,same_station_metric_date_observed_hours_only,2026-07,journeys/day_at_native_hour,native_hour_local_departure_interpretation_unverified,False,False,observed,observed,2,2,mean_of_distinct_official_station_points_epsg3826,121.543808098,25.052081043
TRTC:南京復興,南京復興,南京復興,metro_exits,9,weekend,1228.5,1192,1184.25,1591,406.75,8,8,8,9828,0.0525561567485,898.65625,1497.028125,1000,1000,day_cluster_bootstrap_stability,mean_daily_journeys_in_native_hour,observed_days_for_this_station_metric_hour,same_station_metric_date_observed_hours_only,2026-07,journeys/day_at_native_hour,native_hour_local_departure_interpretation_unverified,False,False,observed,observed,2,2,mean_of_distinct_official_station_points_epsg3826,121.543808098,25.052081043
TRTC:南京復興,南京復興,南京復興,metro_exits,10,weekend,1333.25,1282.5,1213.5,1827.25,613.75,8,8,8,10666,0.0569965489624,969.190625,1636.3875,1000,1000,day_cluster_bootstrap_stability,mean_daily_journeys_in_native_hour,observed_days_for_this_station_metric_hour,same_station_metric_date_observed_hours_only,2026-07,journeys/day_at_native_hour,native_hour_local_departure_interpretation_unverified,False,False,observed,observed,2,2,mean_of_distinct_official_station_points_epsg3826,121.543808098,25.052081043
TRTC:南京復興,南京復興,南京復興,metro_exits,11,weekend,1999.25,2177,1985.5,2455,469.5,8,8,8,15994,0.0844001307472,1458.84375,2378.89375,1000,1000,day_cluster_bootstrap_stability,mean_daily_journeys_in_native_hour,observed_days_for_this_station_metric_hour,same_station_metric_date_observed_hours_only,2026-07,journeys/day_at_native_hour,native_hour_local_departure_interpretation_unverified,False,False,observed,observed,2,2,mean_of_distinct_official_station_points_epsg3826,121.543808098,25.052081043
TRTC:南京復興,南京復興,南京復興,metro_exits,12,weekend,1693.375,1733.5,1649,2168.25,519.25,8,8,8,13547,0.0728104334893,1245.79375,2042.528125,1000,1000,day_cluster_bootstrap_stability,mean_daily_journeys_in_native_hour,observed_days_for_this_station_metric_hour,same_station_metric_date_observed_hours_only,2026-07,journeys/day_at_native_hour,native_hour_local_departure_interpretation_unverified,False,False,observed,observed,2,2,mean_of_distinct_official_station_points_epsg3826,121.543808098,25.052081043
TRTC:南京復興,南京復興,南京復興,metro_exits,13,weekend,1886.375,1888,1830.75,2431.5,600.75,8,8,8,15091,0.0816775140394,1396.490625,2265.771875,1000,1000,day_cluster_bootstrap_stability,mean_daily_journeys_in_native_hour,observed_days_for_this_station_metric_hour,same_station_metric_date_observed_hours_only,2026-07,journeys/day_at_native_hour,native_hour_local_departure_interpretation_unverified,False,False,observed,observed,2,2,mean_of_distinct_official_station_points_epsg3826,121.543808098,25.052081043
TRTC:南京復興,南京復興,南京復興,metro_exits,14,weekend,1558.875,1618,1540.5,1894.75,354.25,8,8,8,12471,0.0688354334361,1159.784375,1855.159375,1000,1000,day_cluster_bootstrap_stability,mean_daily_journeys_in_native_hour,observed_days_for_this_station_metric_hour,same_station_metric_date_observed_hours_only,2026-07,journeys/day_at_native_hour,native_hour_local_departure_interpretation_unverified,False,False,observed,observed,2,2,mean_of_distinct_official_station_points_epsg3826,121.543808098,25.052081043
TRTC:南京復興,南京復興,南京復興,metro_exits,15,weekend,1358.375,1437,1334,1630.5,296.5,8,8,8,10867,0.0601927235549,1008.425,1609.875,1000,1000,day_cluster_bootstrap_stability,mean_daily_journeys_in_native_hour,observed_days_for_this_station_metric_hour,same_station_metric_date_observed_hours_only,2026-07,journeys/day_at_native_hour,native_hour_local_departure_interpretation_unverified,False,False,observed,observed,2,2,mean_of_distinct_official_station_points_epsg3826,121.543808098,25.052081043
TRTC:南京復興,南京復興,南京復興,metro_exits,16,weekend,1626.875,1733.5,1531.5,1940.75,409.25,8,8,8,13015,0.0716119409813,1192.48125,1973.571875,1000,1000,day_cluster_bootstrap_stability,mean_daily_journeys_in_native_hour,observed_days_for_this_station_metric_hour,same_station_metric_date_observed_hours_only,2026-07,journeys/day_at_native_hour,native_hour_local_departure_interpretation_unverified,False,False,observed,observed,2,2,mean_of_distinct_official_station_points_epsg3826,121.543808098,25.052081043
TRTC:南京復興,南京復興,南京復興,metro_exits,17,weekend,2119.625,2035.5,1989.75,2795.75,806,8,8,8,16957,0.0919023729611,1558.996875,2595.903125,1000,1000,day_cluster_bootstrap_stability,mean_daily_journeys_in_native_hour,observed_days_for_this_station_metric_hour,same_station_metric_date_observed_hours_only,2026-07,journeys/day_at_native_hour,native_hour_local_departure_interpretation_unverified,False,False,observed,observed,2,2,mean_of_distinct_official_station_points_epsg3826,121.543808098,25.052081043
TRTC:南京復興,南京復興,南京復興,metro_exits,18,weekend,1703.375,1670.5,1601.5,2214,612.5,8,8,8,13627,0.075618298459,1259.78125,2075.003125,1000,1000,day_cluster_bootstrap_stability,mean_daily_journeys_in_native_hour,observed_days_for_this_station_metric_hour,same_station_metric_date_observed_hours_only,2026-07,journeys/day_at_native_hour,native_hour_local_departure_interpretation_unverified,False,False,observed,observed,2,2,mean_of_distinct_official_station_points_epsg3826,121.543808098,25.052081043
TRTC:南京復興,南京復興,南京復興,metro_exits,19,weekend,1146.125,1168,1056.25,1489.25,433,8,8,8,9169,0.0519059590638,857.121875,1387.128125,1000,1000,day_cluster_bootstrap_stability,mean_daily_journeys_in_native_hour,observed_days_for_this_station_metric_hour,same_station_metric_date_observed_hours_only,2026-07,journeys/day_at_native_hour,native_hour_local_departure_interpretation_unverified,False,False,observed,observed,2,2,mean_of_distinct_official_station_points_epsg3826,121.543808098,25.052081043
TRTC:南京復興,南京復興,南京復興,metro_exits,20,weekend,962.875,995,872.5,1180,307.5,8,8,8,7703,0.0432232105222,709.90625,1167.125,1000,1000,day_cluster_bootstrap_stability,mean_daily_journeys_in_native_hour,observed_days_for_this_station_metric_hour,same_station_metric_date_observed_hours_only,2026-07,journeys/day_at_native_hour,native_hour_local_departure_interpretation_unverified,False,False,observed,observed,2,2,mean_of_distinct_official_station_points_epsg3826,121.543808098,25.052081043
TRTC:南京復興,南京復興,南京復興,metro_exits,21,weekend,935.5,912.5,886.25,1130.5,244.25,8,8,8,7484,0.0421851880183,698.084375,1141.4,1000,1000,day_cluster_bootstrap_stability,mean_daily_journeys_in_native_hour,observed_days_for_this_station_metric_hour,same_station_metric_date_observed_hours_only,2026-07,journeys/day_at_native_hour,native_hour_local_departure_interpretation_unverified,False,False,observed,observed,2,2,mean_of_distinct_official_station_points_epsg3826,121.543808098,25.052081043
TRTC:南京復興,南京復興,南京復興,metro_exits,22,weekend,791.5,750,633,1063,430,8,8,8,6332,0.0367158066772,579.25,1002.5,1000,1000,day_cluster_bootstrap_stability,mean_daily_journeys_in_native_hour,observed_days_for_this_station_metric_hour,same_station_metric_date_observed_hours_only,2026-07,journeys/day_at_native_hour,native_hour_local_departure_interpretation_unverified,False,False,observed,observed,2,2,mean_of_distinct_official_station_points_epsg3826,121.543808098,25.052081043
TRTC:南京復興,南京復興,南京復興,metro_exits,23,weekend,302.75,234,212.75,408.75,196,8,8,8,2422,0.0162697086471,215.7125,398.253125,1000,1000,day_cluster_bootstrap_stability,mean_daily_journeys_in_native_hour,observed_days_for_this_station_metric_hour,same_station_metric_date_observed_hours_only,2026-07,journeys/day_at_native_hour,native_hour_local_departure_interpretation_unverified,False,False,observed,observed,2,2,mean_of_distinct_official_station_points_epsg3826,121.543808098,25.052081043
TRTC:南港展覽館,南港展覽館,南港展覽館,metro_entries,0,weekend,63.375,63,52.25,71.5,19.25,8,8,8,507,0.00314564638167,49.625,76.878125,1000,1000,day_cluster_bootstrap_stability,mean_daily_journeys_in_native_hour,observed_days_for_this_station_metric_hour,same_station_metric_date_observed_hours_only,2026-07,journeys/day_at_native_hour,native_hour_local_departure_interpretation_unverified,False,False,observed,observed,1,1,mean_of_distinct_official_station_points_epsg3826,121.617622493,25.0545656792
TRTC:南港展覽館,南港展覽館,南港展覽館,metro_entries,1,weekend,0.75,1,0.75,1,0.25,8,8,8,6,2.46429756115e-05,0.5,1,1000,1000,day_cluster_bootstrap_stability,mean_daily_journeys_in_native_hour,observed_days_for_this_station_metric_hour,same_station_metric_date_observed_hours_only,2026-07,journeys/day_at_native_hour,native_hour_local_departure_interpretation_unverified,False,False,observed,observed,1,1,mean_of_distinct_official_station_points_epsg3826,121.617622493,25.0545656792
TRTC:南港展覽館,南港展覽館,南港展覽館,metro_entries,5,weekend,0.875,1,0,1.25,1.25,8,8,8,7,2.79017336237e-05,0.375,1.378125,1000,1000,day_cluster_bootstrap_stability,mean_daily_journeys_in_native_hour,observed_days_for_this_station_metric_hour,same_station_metric_date_observed_hours_only,2026-07,journeys/day_at_native_hour,native_hour_local_departure_interpretation_unverified,False,False,observed,observed,1,1,mean_of_distinct_official_station_points_epsg3826,121.617622493,25.0545656792
TRTC:南港展覽館,南港展覽館,南港展覽館,metro_entries,6,weekend,242.875,259,226.75,286,59.25,8,8,8,1943,0.0110488078148,199.746875,276.378125,1000,1000,day_cluster_bootstrap_stability,mean_daily_journeys_in_native_hour,observed_days_for_this_station_metric_hour,same_station_metric_date_observed_hours_only,2026-07,journeys/day_at_native_hour,native_hour_local_departure_interpretation_unverified,False,False,observed,observed,1,1,mean_of_distinct_official_station_points_epsg3826,121.617622493,25.0545656792
TRTC:南港展覽館,南港展覽館,南港展覽館,metro_entries,7,weekend,497.375,517,456.75,627,170.25,8,8,8,3979,0.0199692970514,381.978125,593.75,1000,1000,day_cluster_bootstrap_stability,mean_daily_journeys_in_native_hour,observed_days_for_this_station_metric_hour,same_station_metric_date_observed_hours_only,2026-07,journeys/day_at_native_hour,native_hour_local_departure_interpretation_unverified,False,False,observed,observed,1,1,mean_of_distinct_official_station_points_epsg3826,121.617622493,25.0545656792
TRTC:南港展覽館,南港展覽館,南港展覽館,metro_entries,8,weekend,799.5,840.5,781,995,214,8,8,8,6396,0.0293639036271,610.334375,954.028125,1000,1000,day_cluster_bootstrap_stability,mean_daily_journeys_in_native_hour,observed_days_for_this_station_metric_hour,same_station_metric_date_observed_hours_only,2026-07,journeys/day_at_native_hour,native_hour_local_departure_interpretation_unverified,False,False,observed,observed,1,1,mean_of_distinct_official_station_points_epsg3826,121.617622493,25.0545656792
TRTC:南港展覽館,南港展覽館,南港展覽館,metro_entries,9,weekend,1005.625,1019.5,1000,1288.25,288.25,8,8,8,8045,0.0363467682357,753.309375,1190.628125,1000,1000,day_cluster_bootstrap_stability,mean_daily_journeys_in_native_hour,observed_days_for_this_station_metric_hour,same_station_metric_date_observed_hours_only,2026-07,journeys/day_at_native_hour,native_hour_local_departure_interpretation_unverified,False,False,observed,observed,1,1,mean_of_distinct_official_station_points_epsg3826,121.617622493,25.0545656792
TRTC:南港展覽館,南港展覽館,南港展覽館,metro_entries,10,weekend,1222.875,1287,1219.75,1491.75,272,8,8,8,9783,0.0448439766005,924.009375,1442.6375,1000,1000,day_cluster_bootstrap_stability,mean_daily_journeys_in_native_hour,observed_days_for_this_station_metric_hour,same_station_metric_date_observed_hours_only,2026-07,journeys/day_at_native_hour,native_hour_local_departure_interpretation_unverified,False,False,observed,observed,1,1,mean_of_distinct_official_station_points_epsg3826,121.617622493,25.0545656792
TRTC:南港展覽館,南港展覽館,南港展覽館,metro_entries,11,weekend,1459,1562,1538.5,1676.75,138.25,8,8,8,11672,0.0538006733624,1103.059375,1701.03125,1000,1000,day_cluster_bootstrap_stability,mean_daily_journeys_in_native_hour,observed_days_for_this_station_metric_hour,same_station_metric_date_observed_hours_only,2026-07,journeys/day_at_native_hour,native_hour_local_departure_interpretation_unverified,False,False,observed,observed,1,1,mean_of_distinct_official_station_points_epsg3826,121.617622493,25.0545656792
TRTC:南港展覽館,南港展覽館,南港展覽館,metro_entries,12,weekend,1585.375,1670,1491,1799.25,308.25,8,8,8,12683,0.0557428343836,1159.70625,2030.5,1000,1000,day_cluster_bootstrap_stability,mean_daily_journeys_in_native_hour,observed_days_for_this_station_metric_hour,same_station_metric_date_observed_hours_only,2026-07,journeys/day_at_native_hour,native_hour_local_departure_interpretation_unverified,False,False,observed,observed,1,1,mean_of_distinct_official_station_points_epsg3826,121.617622493,25.0545656792
TRTC:南港展覽館,南港展覽館,南港展覽館,metro_entries,13,weekend,1824.75,1951.5,1616.5,2232.25,615.75,8,8,8,14598,0.0637104150087,1313.2125,2286.790625,1000,1000,day_cluster_bootstrap_stability,mean_daily_journeys_in_native_hour,observed_days_for_this_station_metric_hour,same_station_metric_date_observed_hours_only,2026-07,journeys/day_at_native_hour,native_hour_local_departure_interpretation_unverified,False,False,observed,observed,1,1,mean_of_distinct_official_station_points_epsg3826,121.617622493,25.0545656792
TRTC:南港展覽館,南港展覽館,南港展覽館,metro_entries,14,weekend,1989,2067.5,1557.5,2680,1122.5,8,8,8,15912,0.0688619076002,1410.071875,2526.5,1000,1000,day_cluster_bootstrap_stability,mean_daily_journeys_in_native_hour,observed_days_for_this_station_metric_hour,same_station_metric_date_observed_hours_only,2026-07,journeys/day_at_native_hour,native_hour_local_departure_interpretation_unverified,False,False,observed,observed,1,1,mean_of_distinct_official_station_points_epsg3826,121.617622493,25.0545656792
TRTC:南港展覽館,南港展覽館,南港展覽館,metro_entries,15,weekend,2373.25,2355,1790.5,3231,1440.5,8,8,8,18986,0.0797290534268,1634.946875,3127.7875,1000,1000,day_cluster_bootstrap_stability,mean_daily_journeys_in_native_hour,observed_days_for_this_station_metric_hour,same_station_metric_date_observed_hours_only,2026-07,journeys/day_at_native_hour,native_hour_local_departure_interpretation_unverified,False,False,observed,observed,1,1,mean_of_distinct_official_station_points_epsg3826,121.617622493,25.0545656792
TRTC:南港展覽館,南港展覽館,南港展覽館,metro_entries,16,weekend,2892.375,2824,2026.25,3780,1753.75,8,8,8,23139,0.0918698040912,1913.95,3968.428125,1000,1000,day_cluster_bootstrap_stability,mean_daily_journeys_in_native_hour,observed_days_for_this_station_metric_hour,same_station_metric_date_observed_hours_only,2026-07,journeys/day_at_native_hour,native_hour_local_departure_interpretation_unverified,False,False,observed,observed,1,1,mean_of_distinct_official_station_points_epsg3826,121.617622493,25.0545656792
TRTC:南港展覽館,南港展覽館,南港展覽館,metro_entries,17,weekend,3430.875,3440.5,2612.75,4049.25,1436.5,8,8,8,27447,0.110755491486,2270.68125,4714.31875,1000,1000,day_cluster_bootstrap_stability,mean_daily_journeys_in_native_hour,observed_days_for_this_station_metric_hour,same_station_metric_date_observed_hours_only,2026-07,journeys/day_at_native_hour,native_hour_local_departure_interpretation_unverified,False,False,observed,observed,1,1,mean_of_distinct_official_station_points_epsg3826,121.617622493,25.0545656792
TRTC:南港展覽館,南港展覽館,南港展覽館,metro_entries,18,weekend,3586.25,2660.5,1930,4635,2705,8,8,8,28690,0.107992201516,1904.5,5653.875,1000,1000,day_cluster_bootstrap_stability,mean_daily_journeys_in_native_hour,observed_days_for_this_station_metric_hour,same_station_metric_date_observed_hours_only,2026-07,journeys/day_at_native_hour,native_hour_local_departure_interpretation_unverified,False,False,observed,observed,1,1,mean_of_distinct_official_station_points_epsg3826,121.617622493,25.0545656792
TRTC:南港展覽館,南港展覽館,南港展覽館,metro_entries,19,weekend,2367.875,1801,1483.5,3468,1984.5,8,8,8,18943,0.0747041748728,1428.43125,3424.25,1000,1000,day_cluster_bootstrap_stability,mean_daily_journeys_in_native_hour,observed_days_for_this_station_metric_hour,same_station_metric_date_observed_hours_only,2026-07,journeys/day_at_native_hour,native_hour_local_departure_interpretation_unverified,False,False,observed,observed,1,1,mean_of_distinct_official_station_points_epsg3826,121.617622493,25.0545656792
TRTC:南港展覽館,南港展覽館,南港展覽館,metro_entries,20,weekend,1471,1446.5,1167,2014,847,8,8,8,11768,0.0507383147293,1043.565625,1893.60625,1000,1000,day_cluster_bootstrap_stability,mean_daily_journeys_in_native_hour,observed_days_for_this_station_metric_hour,same_station_metric_date_observed_hours_only,2026-07,journeys/day_at_native_hour,native_hour_local_departure_interpretation_unverified,False,False,observed,observed,1,1,mean_of_distinct_official_station_points_epsg3826,121.617622493,25.0545656792
TRTC:南港展覽館,南港展覽館,南港展覽館,metro_entries,21,weekend,1264.875,1305.5,1168.75,1581.5,412.75,8,8,8,10119,0.0457597336971,941.4125,1545.771875,1000,1000,day_cluster_bootstrap_stability,mean_daily_journeys_in_native_hour,observed_days_for_this_station_metric_hour,same_station_metric_date_observed_hours_only,2026-07,journeys/day_at_native_hour,native_hour_local_departure_interpretation_unverified,False,False,observed,observed,1,1,mean_of_distinct_official_station_points_epsg3826,121.617622493,25.0545656792
TRTC:南港展覽館,南港展覽館,南港展覽館,metro_entries,22,weekend,1041,1082,863.75,1314.75,451,8,8,8,8328,0.0380820011648,761.5,1298.2625,1000,1000,day_cluster_bootstrap_stability,mean_daily_journeys_in_native_hour,observed_days_for_this_station_metric_hour,same_station_metric_date_observed_hours_only,2026-07,journeys/day_at_native_hour,native_hour_local_departure_interpretation_unverified,False,False,observed,observed,1,1,mean_of_distinct_official_station_points_epsg3826,121.617622493,25.0545656792
TRTC:南港展覽館,南港展覽館,南港展覽館,metro_entries,23,weekend,312.875,275.5,247.75,420,172.25,8,8,8,2503,0.0134824502413,234.121875,393.13125,1000,1000,day_cluster_bootstrap_stability,mean_daily_journeys_in_native_hour,observed_days_for_this_station_metric_hour,same_station_metric_date_observed_hours_only,2026-07,journeys/day_at_native_hour,native_hour_local_departure_interpretation_unverified,False,False,observed,observed,1,1,mean_of_distinct_official_station_points_epsg3826,121.617622493,25.0545656792
TRTC:南港展覽館,南港展覽館,南港展覽館,metro_exits,0,weekend,291.375,265,181,363,182,8,8,8,2331,0.0116709436293,190.115625,404.803125,1000,1000,day_cluster_bootstrap_stability,mean_daily_journeys_in_native_hour,observed_days_for_this_station_metric_hour,same_station_metric_date_observed_hours_only,2026-07,journeys/day_at_native_hour,native_hour_local_departure_interpretation_unverified,False,False,observed,observed,1,1,mean_of_distinct_official_station_points_epsg3826,121.617622493,25.0545656792
TRTC:南港展覽館,南港展覽館,南港展覽館,metro_exits,1,weekend,14.625,13.5,9.5,18,8.5,8,8,8,117,0.000713881293344,10.375,19,1000,1000,day_cluster_bootstrap_stability,mean_daily_journeys_in_native_hour,observed_days_for_this_station_metric_hour,same_station_metric_date_observed_hours_only,2026-07,journeys/day_at_native_hour,native_hour_local_departure_interpretation_unverified,False,False,observed,observed,1,1,mean_of_distinct_official_station_points_epsg3826,121.617622493,25.0545656792
TRTC:南港展覽館,南港展覽館,南港展覽館,metro_exits,5,weekend,0.875,1,0,1.25,1.25,8,8,8,7,2.90122110358e-05,0.375,1.378125,1000,1000,day_cluster_bootstrap_stability,mean_daily_journeys_in_native_hour,observed_days_for_this_station_metric_hour,same_station_metric_date_observed_hours_only,2026-07,journeys/day_at_native_hour,native_hour_local_departure_interpretation_unverified,False,False,observed,observed,1,1,mean_of_distinct_official_station_points_epsg3826,121.617622493,25.0545656792
TRTC:南港展覽館,南港展覽館,南港展覽館,metro_exits,6,weekend,277.75,276.5,233.5,307,73.5,8,8,8,2222,0.0114888157323,208.35,361.409375,1000,1000,day_cluster_bootstrap_stability,mean_daily_journeys_in_native_hour,observed_days_for_this_station_metric_hour,same_station_metric_date_observed_hours_only,2026-07,journeys/day_at_native_hour,native_hour_local_departure_interpretation_unverified,False,False,observed,observed,1,1,mean_of_distinct_official_station_points_epsg3826,121.617622493,25.0545656792
TRTC:南港展覽館,南港展覽館,南港展覽館,metro_exits,7,weekend,563.375,503.5,435,661,226,8,8,8,4507,0.0207761130289,384.99375,771.975,1000,1000,day_cluster_bootstrap_stability,mean_daily_journeys_in_native_hour,observed_days_for_this_station_metric_hour,same_station_metric_date_observed_hours_only,2026-07,journeys/day_at_native_hour,native_hour_local_departure_interpretation_unverified,False,False,observed,observed,1,1,mean_of_distinct_official_station_points_epsg3826,121.617622493,25.0545656792
TRTC:南港展覽館,南港展覽館,南港展覽館,metro_exits,8,weekend,977.625,772,617.25,1245.5,628.25,8,8,8,7821,0.0320064701299,582.21875,1475.375,1000,1000,day_cluster_bootstrap_stability,mean_daily_journeys_in_native_hour,observed_days_for_this_station_metric_hour,same_station_metric_date_observed_hours_only,2026-07,journeys/day_at_native_hour,native_hour_local_departure_interpretation_unverified,False,False,observed,observed,1,1,mean_of_distinct_official_station_points_epsg3826,121.617622493,25.0545656792
TRTC:南港展覽館,南港展覽館,南港展覽館,metro_exits,9,weekend,2142.875,2140,843,2994.5,2151.5,8,8,8,17143,0.0657048348876,1153.559375,3263.534375,1000,1000,day_cluster_bootstrap_stability,mean_daily_journeys_in_native_hour,observed_days_for_this_station_metric_hour,same_station_metric_date_observed_hours_only,2026-07,journeys/day_at_native_hour,native_hour_local_departure_interpretation_unverified,False,False,observed,observed,1,1,mean_of_distinct_official_station_points_epsg3826,121.617622493,25.0545656792
TRTC:南港展覽館,南港展覽館,南港展覽館,metro_exits,10,weekend,2333.875,2127.5,1239.5,3439.25,2199.75,8,8,8,18671,0.0721971824936,1347.16875,3403.25625,1000,1000,day_cluster_bootstrap_stability,mean_daily_journeys_in_native_hour,observed_days_for_this_station_metric_hour,same_station_metric_date_observed_hours_only,2026-07,journeys/day_at_native_hour,native_hour_local_departure_interpretation_unverified,False,False,observed,observed,1,1,mean_of_distinct_official_station_points_epsg3826,121.617622493,25.0545656792
TRTC:南港展覽館,南港展覽館,南港展覽館,metro_exits,11,weekend,2472.875,2173.5,1670.5,3447.75,1777.25,8,8,8,19783,0.0797314062374,1564.5,3479.2125,1000,1000,day_cluster_bootstrap_stability,mean_daily_journeys_in_native_hour,observed_days_for_this_station_metric_hour,same_station_metric_date_observed_hours_only,2026-07,journeys/day_at_native_hour,native_hour_local_departure_interpretation_unverified,False,False,observed,observed,1,1,mean_of_distinct_official_station_points_epsg3826,121.617622493,25.0545656792
TRTC:南港展覽館,南港展覽館,南港展覽館,metro_exits,12,weekend,2234.75,1939.5,1513.25,3099.75,1586.5,8,8,8,17878,0.0734377554788,1453.2125,3129.6875,1000,1000,day_cluster_bootstrap_stability,mean_daily_journeys_in_native_hour,observed_days_for_this_station_metric_hour,same_station_metric_date_observed_hours_only,2026-07,journeys/day_at_native_hour,native_hour_local_departure_interpretation_unverified,False,False,observed,observed,1,1,mean_of_distinct_official_station_points_epsg3826,121.617622493,25.0545656792
TRTC:南港展覽館,南港展覽館,南港展覽館,metro_exits,13,weekend,2561.625,2286,1686.5,3481.5,1795,8,8,8,20493,0.0841577193112,1659.459375,3596.54375,1000,1000,day_cluster_bootstrap_stability,mean_daily_journeys_in_native_hour,observed_days_for_this_station_metric_hour,same_station_metric_date_observed_hours_only,2026-07,journeys/day_at_native_hour,native_hour_local_departure_interpretation_unverified,False,False,observed,observed,1,1,mean_of_distinct_official_station_points_epsg3826,121.617622493,25.0545656792
TRTC:南港展覽館,南港展覽館,南港展覽館,metro_exits,14,weekend,2579.25,2222.5,1654.75,3557.75,1903,8,8,8,20634,0.0852387355601,1648.821875,3665.05,1000,1000,day_cluster_bootstrap_stability,mean_daily_journeys_in_native_hour,observed_days_for_this_station_metric_hour,same_station_metric_date_observed_hours_only,2026-07,journeys/day_at_native_hour,native_hour_local_departure_interpretation_unverified,False,False,observed,observed,1,1,mean_of_distinct_official_station_points_epsg3826,121.617622493,25.0545656792
TRTC:南港展覽館,南港展覽館,南港展覽館,metro_exits,15,weekend,2135.5,1990.5,1656.75,2770.25,1113.5,8,8,8,17084,0.074663792625,1465.15625,2851.9625,1000,1000,day_cluster_bootstrap_stability,mean_daily_journeys_in_native_hour,observed_days_for_this_station_metric_hour,same_station_metric_date_observed_hours_only,2026-07,journeys/day_at_native_hour,native_hour_local_departure_interpretation_unverified,False,False,observed,observed,1,1,mean_of_distinct_official_station_points_epsg3826,121.617622493,25.0545656792
TRTC:南港展覽館,南港展覽館,南港展覽館,metro_exits,16,weekend,1788.875,1890.5,1672.5,2196.75,524.25,8,8,8,14311,0.0658651418997,1325.80625,2184.34375,1000,1000,day_cluster_bootstrap_stability,mean_daily_journeys_in_native_hour,observed_days_for_this_station_metric_hour,same_station_metric_date_observed_hours_only,2026-07,journeys/day_at_native_hour,native_hour_local_departure_interpretation_unverified,False,False,observed,observed,1,1,mean_of_distinct_official_station_points_epsg3826,121.617622493,25.0545656792
TRTC:南港展覽館,南港展覽館,南港展覽館,metro_exits,17,weekend,1715.25,1824,1676.75,2112,435.25,8,8,8,13722,0.0686125320553,1311.84375,2007.50625,1000,1000,day_cluster_bootstrap_stability,mean_daily_journeys_in_native_hour,observed_days_for_this_station_metric_hour,same_station_metric_date_observed_hours_only,2026-07,journeys/day_at_native_hour,native_hour_local_departure_interpretation_unverified,False,False,observed,observed,1,1,mean_of_distinct_official_station_points_epsg3826,121.617622493,25.0545656792
TRTC:南港展覽館,南港展覽館,南港展覽館,metro_exits,18,weekend,1427.125,1597.5,1445.75,1655.5,209.75,8,8,8,11417,0.0569488061193,1097.984375,1637.634375,1000,1000,day_cluster_bootstrap_stability,mean_daily_journeys_in_native_hour,observed_days_for_this_station_metric_hour,same_station_metric_date_observed_hours_only,2026-07,journeys/day_at_native_hour,native_hour_local_departure_interpretation_unverified,False,False,observed,observed,1,1,mean_of_distinct_official_station_points_epsg3826,121.617622493,25.0545656792
TRTC:南港展覽館,南港展覽館,南港展覽館,metro_exits,19,weekend,1230,1327.5,1264.75,1446.25,181.5,8,8,8,9840,0.0490328889787,948.659375,1421.884375,1000,1000,day_cluster_bootstrap_stability,mean_daily_journeys_in_native_hour,observed_days_for_this_station_metric_hour,same_station_metric_date_observed_hours_only,2026-07,journeys/day_at_native_hour,native_hour_local_departure_interpretation_unverified,False,False,observed,observed,1,1,mean_of_distinct_official_station_points_epsg3826,121.617622493,25.0545656792
TRTC:南港展覽館,南港展覽館,南港展覽館,metro_exits,20,weekend,1133.75,1242.5,1140.75,1326,185.25,8,8,8,9070,0.0448167666499,871.853125,1312.0125,1000,1000,day_cluster_bootstrap_stability,mean_daily_journeys_in_native_hour,observed_days_for_this_station_metric_hour,same_station_metric_date_observed_hours_only,2026-07,journeys/day_at_native_hour,native_hour_local_departure_interpretation_unverified,False,False,observed,observed,1,1,mean_of_distinct_official_station_points_epsg3826,121.617622493,25.0545656792
TRTC:南港展覽館,南港展覽館,南港展覽館,metro_exits,21,weekend,1199.125,1216.5,1176.75,1454.5,277.75,8,8,8,9593,0.0447990523456,886.578125,1440.921875,1000,1000,day_cluster_bootstrap_stability,mean_daily_journeys_in_native_hour,observed_days_for_this_station_metric_hour,same_station_metric_date_observed_hours_only,2026-07,journeys/day_at_native_hour,native_hour_local_departure_interpretation_unverified,False,False,observed,observed,1,1,mean_of_distinct_official_station_points_epsg3826,121.617622493,25.0545656792
TRTC:南港展覽館,南港展覽館,南港展覽館,metro_exits,22,weekend,1012.875,1004.5,804,1342.5,538.5,8,8,8,8103,0.0390708278093,733.271875,1288.7875,1000,1000,day_cluster_bootstrap_stability,mean_daily_journeys_in_native_hour,observed_days_for_this_station_metric_hour,same_station_metric_date_observed_hours_only,2026-07,journeys/day_at_native_hour,native_hour_local_departure_interpretation_unverified,False,False,observed,observed,1,1,mean_of_distinct_official_station_points_epsg3826,121.617622493,25.0545656792
TRTC:南港展覽館,南港展覽館,南港展覽館,metro_exits,23,weekend,471.875,404,372,638.25,266.25,8,8,8,3775,0.0190373215236,341.725,608.640625,1000,1000,day_cluster_bootstrap_stability,mean_daily_journeys_in_native_hour,observed_days_for_this_station_metric_hour,same_station_metric_date_observed_hours_only,2026-07,journeys/day_at_native_hour,native_hour_local_departure_interpretation_unverified,False,False,observed,observed,1,1,mean_of_distinct_official_station_points_epsg3826,121.617622493,25.0545656792
TRTC:台北101/世貿,台北101/世貿,台北101/世貿,metro_entries,0,weekend,245.5,189.5,151.25,385.25,234,8,8,8,1964,0.0074788806768,151.853125,339.146875,1000,1000,day_cluster_bootstrap_stability,mean_daily_journeys_in_native_hour,observed_days_for_this_station_metric_hour,same_station_metric_date_observed_hours_only,2026-07,journeys/day_at_native_hour,native_hour_local_departure_interpretation_unverified,False,False,observed,observed,1,1,mean_of_distinct_official_station_points_epsg3826,121.563490095,25.0329794792
TRTC:台北101/世貿,台北101/世貿,台北101/世貿,metro_entries,1,weekend,3.75,3.5,1.75,5.5,3.75,8,8,8,30,0.000145259761194,1.996875,5.5,1000,1000,day_cluster_bootstrap_stability,mean_daily_journeys_in_native_hour,observed_days_for_this_station_metric_hour,same_station_metric_date_observed_hours_only,2026-07,journeys/day_at_native_hour,native_hour_local_departure_interpretation_unverified,False,False,observed,observed,1,1,mean_of_distinct_official_station_points_epsg3826,121.563490095,25.0329794792
TRTC:台北101/世貿,台北101/世貿,台北101/世貿,metro_entries,5,weekend,0.5,0,0,1,1,8,8,8,4,1.07140770914e-05,0.125,1,1000,1000,day_cluster_bootstrap_stability,mean_daily_journeys_in_native_hour,observed_days_for_this_station_metric_hour,same_station_metric_date_observed_hours_only,2026-07,journeys/day_at_native_hour,native_hour_local_departure_interpretation_unverified,False,False,observed,observed,1,1,mean_of_distinct_official_station_points_epsg3826,121.563490095,25.0329794792
TRTC:台北101/世貿,台北101/世貿,台北101/世貿,metro_entries,6,weekend,127.625,141.5,124.75,150.5,25.75,8,8,8,1021,0.00422469100954,94.99375,155.38125,1000,1000,day_cluster_bootstrap_stability,mean_daily_journeys_in_native_hour,observed_days_for_this_station_metric_hour,same_station_metric_date_observed_hours_only,2026-07,journeys/day_at_native_hour,native_hour_local_departure_interpretation_unverified,False,False,observed,observed,1,1,mean_of_distinct_official_station_points_epsg3826,121.563490095,25.0329794792
TRTC:台北101/世貿,台北101/世貿,台北101/世貿,metro_entries,7,weekend,237.25,267,212.75,280,67.25,8,8,8,1898,0.00893148393046,182.375,284.640625,1000,1000,day_cluster_bootstrap_stability,mean_daily_journeys_in_native_hour,observed_days_for_this_station_metric_hour,same_station_metric_date_observed_hours_only,2026-07,journeys/day_at_native_hour,native_hour_local_departure_interpretation_unverified,False,False,observed,observed,1,1,mean_of_distinct_official_station_points_epsg3826,121.563490095,25.0329794792
TRTC:台北101/世貿,台北101/世貿,台北101/世貿,metro_entries,8,weekend,360.375,380.5,316.25,464.75,148.5,8,8,8,2883,0.0120718079662,272.98125,433.146875,1000,1000,day_cluster_bootstrap_stability,mean_daily_journeys_in_native_hour,observed_days_for_this_station_metric_hour,same_station_metric_date_observed_hours_only,2026-07,journeys/day_at_native_hour,native_hour_local_departure_interpretation_unverified,False,False,observed,observed,1,1,mean_of_distinct_official_station_points_epsg3826,121.563490095,25.0329794792
TRTC:台北101/世貿,台北101/世貿,台北101/世貿,metro_entries,9,weekend,472.875,520,462,572.25,110.25,8,8,8,3783,0.0146007240507,353.48125,566.753125,1000,1000,day_cluster_bootstrap_stability,mean_daily_journeys_in_native_hour,observed_days_for_this_station_metric_hour,same_station_metric_date_observed_hours_only,2026-07,journeys/day_at_native_hour,native_hour_local_departure_interpretation_unverified,False,False,observed,observed,1,1,mean_of_distinct_official_station_points_epsg3826,121.563490095,25.0329794792
TRTC:台北101/世貿,台北101/世貿,台北101/世貿,metro_entries,10,weekend,553.125,605.5,532.25,663,130.75,8,8,8,4425,0.016772376139,417.365625,661.6375,1000,1000,day_cluster_bootstrap_stability,mean_daily_journeys_in_native_hour,observed_days_for_this_station_metric_hour,same_station_metric_date_observed_hours_only,2026-07,journeys/day_at_native_hour,native_hour_local_departure_interpretation_unverified,False,False,observed,observed,1,1,mean_of_distinct_official_station_points_epsg3826,121.563490095,25.0329794792
TRTC:台北101/世貿,台北101/世貿,台北101/世貿,metro_entries,11,weekend,1019,1105,916.5,1199.25,282.75,8,8,8,8152,0.0283231168326,741.425,1280.5875,1000,1000,day_cluster_bootstrap_stability,mean_daily_journeys_in_native_hour,observed_days_for_this_station_metric_hour,same_station_metric_date_observed_hours_only,2026-07,journeys/day_at_native_hour,native_hour_local_departure_interpretation_unverified,False,False,observed,observed,1,1,mean_of_distinct_official_station_points_epsg3826,121.563490095,25.0329794792
TRTC:台北101/世貿,台北101/世貿,台北101/世貿,metro_entries,12,weekend,1792.625,1775.5,1561.75,2248.5,686.75,8,8,8,14341,0.0473415405286,1249.534375,2329.515625,1000,1000,day_cluster_bootstrap_stability,mean_daily_journeys_in_native_hour,observed_days_for_this_station_metric_hour,same_station_metric_date_observed_hours_only,2026-07,journeys/day_at_native_hour,native_hour_local_departure_interpretation_unverified,False,False,observed,observed,1,1,mean_of_distinct_official_station_points_epsg3826,121.563490095,25.0329794792
TRTC:台北101/世貿,台北101/世貿,台北101/世貿,metro_entries,13,weekend,2447.5,2510,2112.75,3313.25,1200.5,8,8,8,19580,0.0643470997114,1726.04375,3133.98125,1000,1000,day_cluster_bootstrap_stability,mean_daily_journeys_in_native_hour,observed_days_for_this_station_metric_hour,same_station_metric_date_observed_hours_only,2026-07,journeys/day_at_native_hour,native_hour_local_departure_interpretation_unverified,False,False,observed,observed,1,1,mean_of_distinct_official_station_points_epsg3826,121.563490095,25.0329794792
TRTC:台北101/世貿,台北101/世貿,台北101/世貿,metro_entries,14,weekend,3258.5,3451,2749.25,4398.5,1649.25,8,8,8,26068,0.0847681169943,2264.74375,4228.99375,1000,1000,day_cluster_bootstrap_stability,mean_daily_journeys_in_native_hour,observed_days_for_this_station_metric_hour,same_station_metric_date_observed_hours_only,2026-07,journeys/day_at_native_hour,native_hour_local_departure_interpretation_unverified,False,False,observed,observed,1,1,mean_of_distinct_official_station_points_epsg3826,121.563490095,25.0329794792
TRTC:台北101/世貿,台北101/世貿,台北101/世貿,metro_entries,15,weekend,3829.125,4161.5,3400,4989,1589,8,8,8,30633,0.0950885380328,2652.865625,4875.5125,1000,1000,day_cluster_bootstrap_stability,mean_daily_journeys_in_native_hour,observed_days_for_this_station_metric_hour,same_station_metric_date_observed_hours_only,2026-07,journeys/day_at_native_hour,native_hour_local_departure_interpretation_unverified,False,False,observed,observed,1,1,mean_of_distinct_official_station_points_epsg3826,121.563490095,25.0329794792
TRTC:台北101/世貿,台北101/世貿,台北101/世貿,metro_entries,16,weekend,4278.875,4530,3927.25,5433.75,1506.5,8,8,8,34231,0.105941085792,2964.959375,5475.33125,1000,1000,day_cluster_bootstrap_stability,mean_daily_journeys_in_native_hour,observed_days_for_this_station_metric_hour,same_station_metric_date_observed_hours_only,2026-07,journeys/day_at_native_hour,native_hour_local_departure_interpretation_unverified,False,False,observed,observed,1,1,mean_of_distinct_official_station_points_epsg3826,121.563490095,25.0329794792
TRTC:台北101/世貿,台北101/世貿,台北101/世貿,metro_entries,17,weekend,4644.125,4789.5,4324,6039,1715,8,8,8,37153,0.114140463825,3243.725,5906.80625,1000,1000,day_cluster_bootstrap_stability,mean_daily_journeys_in_native_hour,observed_days_for_this_station_metric_hour,same_station_metric_date_observed_hours_only,2026-07,journeys/day_at_native_hour,native_hour_local_departure_interpretation_unverified,False,False,observed,observed,1,1,mean_of_distinct_official_station_points_epsg3826,121.563490095,25.0329794792
TRTC:台北101/世貿,台北101/世貿,台北101/世貿,metro_entries,18,weekend,4550.75,4906,4232.75,5963,1730.25,8,8,8,36406,0.11316426255,3128.89375,5738.89375,1000,1000,day_cluster_bootstrap_stability,mean_daily_journeys_in_native_hour,observed_days_for_this_station_metric_hour,same_station_metric_date_observed_hours_only,2026-07,journeys/day_at_native_hour,native_hour_local_departure_interpretation_unverified,False,False,observed,observed,1,1,mean_of_distinct_official_station_points_epsg3826,121.563490095,25.0329794792
TRTC:台北101/世貿,台北101/世貿,台北101/世貿,metro_entries,19,weekend,2829.125,2910.5,2764.75,3462,697.25,8,8,8,22633,0.0744646380677,2011.625,3465.26875,1000,1000,day_cluster_bootstrap_stability,mean_daily_journeys_in_native_hour,observed_days_for_this_station_metric_hour,same_station_metric_date_observed_hours_only,2026-07,journeys/day_at_native_hour,native_hour_local_departure_interpretation_unverified,False,False,observed,observed,1,1,mean_of_distinct_official_station_points_epsg3826,121.563490095,25.0329794792
TRTC:台北101/世貿,台北101/世貿,台北101/世貿,metro_entries,20,weekend,2332.75,2672.5,2366.5,2799,432.5,8,8,8,18662,0.0621671825015,1691.234375,2748.675,1000,1000,day_cluster_bootstrap_stability,mean_daily_journeys_in_native_hour,observed_days_for_this_station_metric_hour,same_station_metric_date_observed_hours_only,2026-07,journeys/day_at_native_hour,native_hour_local_departure_interpretation_unverified,False,False,observed,observed,1,1,mean_of_distinct_official_station_points_epsg3826,121.563490095,25.0329794792
TRTC:台北101/世貿,台北101/世貿,台北101/世貿,metro_entries,21,weekend,2494.375,2802.5,2551.25,2946.5,395.25,8,8,8,19955,0.0659379644526,1782.74375,2974.759375,1000,1000,day_cluster_bootstrap_stability,mean_daily_journeys_in_native_hour,observed_days_for_this_station_metric_hour,same_station_metric_date_observed_hours_only,2026-07,journeys/day_at_native_hour,native_hour_local_departure_interpretation_unverified,False,False,observed,observed,1,1,mean_of_distinct_official_station_points_epsg3826,121.563490095,25.0329794792
TRTC:台北101/世貿,台北101/世貿,台北101/世貿,metro_entries,22,weekend,2149.5,2225.5,1915.75,2808.75,893,8,8,8,17196,0.0553250414671,1559.14375,2687.3125,1000,1000,day_cluster_bootstrap_stability,mean_daily_journeys_in_native_hour,observed_days_for_this_station_metric_hour,same_station_metric_date_observed_hours_only,2026-07,journeys/day_at_native_hour,native_hour_local_departure_interpretation_unverified,False,False,observed,observed,1,1,mean_of_distinct_official_station_points_epsg3826,121.563490095,25.0329794792
TRTC:台北101/世貿,台北101/世貿,台北101/世貿,metro_entries,23,weekend,789.625,642,573,1175.75,602.75,8,8,8,6317,0.0247550116344,530.371875,1056.915625,1000,1000,day_cluster_bootstrap_stability,mean_daily_journeys_in_native_hour,observed_days_for_this_station_metric_hour,same_station_metric_date_observed_hours_only,2026-07,journeys/day_at_native_hour,native_hour_local_departure_interpretation_unverified,False,False,observed,observed,1,1,mean_of_distinct_official_station_points_epsg3826,121.563490095,25.0329794792
TRTC:台北101/世貿,台北101/世貿,台北101/世貿,metro_exits,0,weekend,159.375,148,117.75,229.25,111.5,8,8,8,1275,0.00610920914782,115.478125,202.75,1000,1000,day_cluster_bootstrap_stability,mean_daily_journeys_in_native_hour,observed_days_for_this_station_metric_hour,same_station_metric_date_observed_hours_only,2026-07,journeys/day_at_native_hour,native_hour_local_departure_interpretation_unverified,False,False,observed,observed,1,1,mean_of_distinct_official_station_points_epsg3826,121.563490095,25.0329794792
TRTC:台北101/世貿,台北101/世貿,台北101/世貿,metro_exits,1,weekend,2.875,1.5,0.75,3,2.25,8,8,8,23,0.000225537918884,0.875,6,1000,1000,day_cluster_bootstrap_stability,mean_daily_journeys_in_native_hour,observed_days_for_this_station_metric_hour,same_station_metric_date_observed_hours_only,2026-07,journeys/day_at_native_hour,native_hour_local_departure_interpretation_unverified,False,False,observed,observed,1,1,mean_of_distinct_official_station_points_epsg3826,121.563490095,25.0329794792
TRTC:台北101/世貿,台北101/世貿,台北101/世貿,metro_exits,5,weekend,0.5,0,0,1,1,8,8,8,4,1.06487797164e-05,0.125,1,1000,1000,day_cluster_bootstrap_stability,mean_daily_journeys_in_native_hour,observed_days_for_this_station_metric_hour,same_station_metric_date_observed_hours_only,2026-07,journeys/day_at_native_hour,native_hour_local_departure_interpretation_unverified,False,False,observed,observed,1,1,mean_of_distinct_official_station_points_epsg3826,121.563490095,25.0329794792
TRTC:台北101/世貿,台北101/世貿,台北101/世貿,metro_exits,6,weekend,243.625,198,161,280.75,119.75,8,8,8,1949,0.00835300899939,149.5,344.215625,1000,1000,day_cluster_bootstrap_stability,mean_daily_journeys_in_native_hour,observed_days_for_this_station_metric_hour,same_station_metric_date_observed_hours_only,2026-07,journeys/day_at_native_hour,native_hour_local_departure_interpretation_unverified,False,False,observed,observed,1,1,mean_of_distinct_official_station_points_epsg3826,121.563490095,25.0329794792
TRTC:台北101/世貿,台北101/世貿,台北101/世貿,metro_exits,7,weekend,659.25,533,429.5,816.25,386.75,8,8,8,5274,0.0194014427317,405.015625,923.515625,1000,1000,day_cluster_bootstrap_stability,mean_daily_journeys_in_native_hour,observed_days_for_this_station_metric_hour,same_station_metric_date_observed_hours_only,2026-07,journeys/day_at_native_hour,native_hour_local_departure_interpretation_unverified,False,False,observed,observed,1,1,mean_of_distinct_official_station_points_epsg3826,121.563490095,25.0329794792
TRTC:台北101/世貿,台北101/世貿,台北101/世貿,metro_exits,8,weekend,1377.625,1158.5,961,1932.75,971.75,8,8,8,11021,0.0347267690608,851.49375,1895.390625,1000,1000,day_cluster_bootstrap_stability,mean_daily_journeys_in_native_hour,observed_days_for_this_station_metric_hour,same_station_metric_date_observed_hours_only,2026-07,journeys/day_at_native_hour,native_hour_local_departure_interpretation_unverified,False,False,observed,observed,1,1,mean_of_distinct_official_station_points_epsg3826,121.563490095,25.0329794792
TRTC:台北101/世貿,台北101/世貿,台北101/世貿,metro_exits,9,weekend,2933,2749,2190.25,4325.5,2135.25,8,8,8,23464,0.0679608563643,1924.659375,3963.521875,1000,1000,day_cluster_bootstrap_stability,mean_daily_journeys_in_native_hour,observed_days_for_this_station_metric_hour,same_station_metric_date_observed_hours_only,2026-07,journeys/day_at_native_hour,native_hour_local_departure_interpretation_unverified,False,False,observed,observed,1,1,mean_of_distinct_official_station_points_epsg3826,121.563490095,25.0329794792
TRTC:台北101/世貿,台北101/世貿,台北101/世貿,metro_exits,10,weekend,4137.125,4304,3271.75,5507,2235.25,8,8,8,33097,0.0952761518948,2794.446875,5547.7875,1000,1000,day_cluster_bootstrap_stability,mean_daily_journeys_in_native_hour,observed_days_for_this_station_metric_hour,same_station_metric_date_observed_hours_only,2026-07,journeys/day_at_native_hour,native_hour_local_departure_interpretation_unverified,False,False,observed,observed,1,1,mean_of_distinct_official_station_points_epsg3826,121.563490095,25.0329794792
TRTC:台北101/世貿,台北101/世貿,台北101/世貿,metro_exits,11,weekend,4188.875,4691.5,3663.5,5164.5,1501,8,8,8,33511,0.100310045847,2891.4,5427.896875,1000,1000,day_cluster_bootstrap_stability,mean_daily_journeys_in_native_hour,observed_days_for_this_station_metric_hour,same_station_metric_date_observed_hours_only,2026-07,journeys/day_at_native_hour,native_hour_local_departure_interpretation_unverified,False,False,observed,observed,1,1,mean_of_distinct_official_station_points_epsg3826,121.563490095,25.0329794792
TRTC:台北101/世貿,台北101/世貿,台北101/世貿,metro_exits,12,weekend,4046.625,4463,3619.25,4975.5,1356.25,8,8,8,32373,0.0975142548714,2808.2125,5218.85,1000,1000,day_cluster_bootstrap_stability,mean_daily_journeys_in_native_hour,observed_days_for_this_station_metric_hour,same_station_metric_date_observed_hours_only,2026-07,journeys/day_at_native_hour,native_hour_local_departure_interpretation_unverified,False,False,observed,observed,1,1,mean_of_distinct_official_station_points_epsg3826,121.563490095,25.0329794792
TRTC:台北101/世貿,台北101/世貿,台北101/世貿,metro_exits,13,weekend,4304.75,4636.5,3935,4932.75,997.75,8,8,8,34438,0.105744922329,3021.50625,5690.909375,1000,1000,day_cluster_bootstrap_stability,mean_daily_journeys_in_native_hour,observed_days_for_this_station_metric_hour,same_station_metric_date_observed_hours_only,2026-07,journeys/day_at_native_hour,native_hour_local_departure_interpretation_unverified,False,False,observed,observed,1,1,mean_of_distinct_official_station_points_epsg3826,121.563490095,25.0329794792
TRTC:台北101/世貿,台北101/世貿,台北101/世貿,metro_exits,14,weekend,4072.125,4518,4062.75,4722,659.25,8,8,8,32577,0.098429669582,2882.5125,5156.48125,1000,1000,day_cluster_bootstrap_stability,mean_daily_journeys_in_native_hour,observed_days_for_this_station_metric_hour,same_station_metric_date_observed_hours_only,2026-07,journeys/day_at_native_hour,native_hour_local_departure_interpretation_unverified,False,False,observed,observed,1,1,mean_of_distinct_official_station_points_epsg3826,121.563490095,25.0329794792
TRTC:台北101/世貿,台北101/世貿,台北101/世貿,metro_exits,15,weekend,3248.625,3647.5,3024.5,3909.25,884.75,8,8,8,25989,0.0824390114313,2337.18125,3991.578125,1000,1000,day_cluster_bootstrap_stability,mean_daily_journeys_in_native_hour,observed_days_for_this_station_metric_hour,same_station_metric_date_observed_hours_only,2026-07,journeys/day_at_native_hour,native_hour_local_departure_interpretation_unverified,False,False,observed,observed,1,1,mean_of_distinct_official_station_points_epsg3826,121.563490095,25.0329794792
TRTC:台北101/世貿,台北101/世貿,台北101/世貿,metro_exits,16,weekend,2550,2702.5,2537.5,3234,696.5,8,8,8,20400,0.0683663062511,1885.9875,3053.30625,1000,1000,day_cluster_bootstrap_stability,mean_daily_journeys_in_native_hour,observed_days_for_this_station_metric_hour,same_station_metric_date_observed_hours_only,2026-07,journeys/day_at_native_hour,native_hour_local_departure_interpretation_unverified,False,False,observed,observed,1,1,mean_of_distinct_official_station_points_epsg3826,121.563490095,25.0329794792
TRTC:台北101/世貿,台北101/世貿,台北101/世貿,metro_exits,17,weekend,2210.5,2372.5,2209,2769,560,8,8,8,17684,0.0594030789202,1633.31875,2663.753125,1000,1000,day_cluster_bootstrap_stability,mean_daily_journeys_in_native_hour,observed_days_for_this_station_metric_hour,same_station_metric_date_observed_hours_only,2026-07,journeys/day_at_native_hour,native_hour_local_departure_interpretation_unverified,False,False,observed,observed,1,1,mean_of_distinct_official_station_points_epsg3826,121.563490095,25.0329794792
TRTC:台北101/世貿,台北101/世貿,台北101/世貿,metro_exits,18,weekend,1666.375,1698,1583.75,2190,606.25,8,8,8,13331,0.0479056983497,1246.365625,2013.2,1000,1000,day_cluster_bootstrap_stability,mean_daily_journeys_in_native_hour,observed_days_for_this_station_metric_hour,same_station_metric_date_observed_hours_only,2026-07,journeys/day_at_native_hour,native_hour_local_departure_interpretation_unverified,False,False,observed,observed,1,1,mean_of_distinct_official_station_points_epsg3826,121.563490095,25.0329794792
TRTC:台北101/世貿,台北101/世貿,台北101/世貿,metro_exits,19,weekend,1086.5,1092.5,1034.25,1375.75,341.5,8,8,8,8692,0.0326903205331,817.35,1317.253125,1000,1000,day_cluster_bootstrap_stability,mean_daily_journeys_in_native_hour,observed_days_for_this_station_metric_hour,same_station_metric_date_observed_hours_only,2026-07,journeys/day_at_native_hour,native_hour_local_departure_interpretation_unverified,False,False,observed,observed,1,1,mean_of_distinct_official_station_points_epsg3826,121.563490095,25.0329794792
TRTC:台北101/世貿,台北101/世貿,台北101/世貿,metro_exits,20,weekend,833.75,813.5,760.5,1093.75,333.25,8,8,8,6670,0.0231910763131,598.446875,1036.8,1000,1000,day_cluster_bootstrap_stability,mean_daily_journeys_in_native_hour,observed_days_for_this_station_metric_hour,same_station_metric_date_observed_hours_only,2026-07,journeys/day_at_native_hour,native_hour_local_departure_interpretation_unverified,False,False,observed,observed,1,1,mean_of_distinct_official_station_points_epsg3826,121.563490095,25.0329794792
TRTC:台北101/世貿,台北101/世貿,台北101/世貿,metro_exits,21,weekend,686.25,654.5,567.5,859,291.5,8,8,8,5490,0.0230141116611,496.984375,856.44375,1000,1000,day_cluster_bootstrap_stability,mean_daily_journeys_in_native_hour,observed_days_for_this_station_metric_hour,same_station_metric_date_observed_hours_only,2026-07,journeys/day_at_native_hour,native_hour_local_departure_interpretation_unverified,False,False,observed,observed,1,1,mean_of_distinct_official_station_points_epsg3826,121.563490095,25.0329794792
TRTC:台北101/世貿,台北101/世貿,台北101/世貿,metro_exits,22,weekend,482.25,435,359.75,673.5,313.75,8,8,8,3858,0.016652309118,341.496875,616.625,1000,1000,day_cluster_bootstrap_stability,mean_daily_journeys_in_native_hour,observed_days_for_this_station_metric_hour,same_station_metric_date_observed_hours_only,2026-07,journeys/day_at_native_hour,native_hour_local_departure_interpretation_unverified,False,False,observed,observed,1,1,mean_of_distinct_official_station_points_epsg3826,121.563490095,25.0329794792
TRTC:台北101/世貿,台北101/世貿,台北101/世貿,metro_exits,23,weekend,325.125,296.5,247.5,442.25,194.75,8,8,8,2601,0.0122755698958,236.078125,416.771875,1000,1000,day_cluster_bootstrap_stability,mean_daily_journeys_in_native_hour,observed_days_for_this_station_metric_hour,same_station_metric_date_observed_hours_only,2026-07,journeys/day_at_native_hour,native_hour_local_departure_interpretation_unverified,False,False,observed,observed,1,1,mean_of_distinct_official_station_points_epsg3826,121.563490095,25.0329794792
TRTC:台北車站,台北車站,台北車站,metro_entries,0,weekend,1665.875,1799,1746.75,1864,117.25,8,8,8,13327,0.0104092122759,1230.09375,1945.6125,1000,1000,day_cluster_bootstrap_stability,mean_daily_journeys_in_native_hour,observed_days_for_this_station_metric_hour,same_station_metric_date_observed_hours_only,2026-07,journeys/day_at_native_hour,native_hour_local_departure_interpretation_unverified,False,False,observed,observed,1,1,mean_of_distinct_official_station_points_epsg3826,121.517438025,25.0462330834
TRTC:台北車站,台北車站,台北車站,metro_entries,1,weekend,32.875,33.5,30.5,38.25,7.75,8,8,8,263,0.000216755259709,24.871875,39.875,1000,1000,day_cluster_bootstrap_stability,mean_daily_journeys_in_native_hour,observed_days_for_this_station_metric_hour,same_station_metric_date_observed_hours_only,2026-07,journeys/day_at_native_hour,native_hour_local_departure_interpretation_unverified,False,False,observed,observed,1,1,mean_of_distinct_official_station_points_epsg3826,121.517438025,25.0462330834
TRTC:台北車站,台北車站,台北車站,metro_entries,5,weekend,1.5,1.5,1,2,1,8,8,8,12,8.64979804522e-06,0.875,2.125,1000,1000,day_cluster_bootstrap_stability,mean_daily_journeys_in_native_hour,observed_days_for_this_station_metric_hour,same_station_metric_date_observed_hours_only,2026-07,journeys/day_at_native_hour,native_hour_local_departure_interpretation_unverified,False,False,observed,observed,1,1,mean_of_distinct_official_station_points_epsg3826,121.517438025,25.0462330834
TRTC:台北車站,台北車站,台北車站,metro_entries,6,weekend,779.875,853,741.25,958.75,217.5,8,8,8,6239,0.00496942301784,589.321875,930.878125,1000,1000,day_cluster_bootstrap_stability,mean_daily_journeys_in_native_hour,observed_days_for_this_station_metric_hour,same_station_metric_date_observed_hours_only,2026-07,journeys/day_at_native_hour,native_hour_local_departure_interpretation_unverified,False,False,observed,observed,1,1,mean_of_distinct_official_station_points_epsg3826,121.517438025,25.0462330834
TRTC:台北車站,台北車站,台北車站,metro_entries,7,weekend,1986.5,2172,1808,2426.75,618.75,8,8,8,15892,0.0123684504796,1461.2875,2411.875,1000,1000,day_cluster_bootstrap_stability,mean_daily_journeys_in_native_hour,observed_days_for_this_station_metric_hour,same_station_metric_date_observed_hours_only,2026-07,journeys/day_at_native_hour,native_hour_local_departure_interpretation_unverified,False,False,observed,observed,1,1,mean_of_distinct_official_station_points_epsg3826,121.517438025,25.0462330834
TRTC:台北車站,台北車站,台北車站,metro_entries,8,weekend,4331.875,4390.5,4056.75,5618,1561.25,8,8,8,34655,0.0259309396892,3150.946875,5292.934375,1000,1000,day_cluster_bootstrap_stability,mean_daily_journeys_in_native_hour,observed_days_for_this_station_metric_hour,same_station_metric_date_observed_hours_only,2026-07,journeys/day_at_native_hour,native_hour_local_departure_interpretation_unverified,False,False,observed,observed,1,1,mean_of_distinct_official_station_points_epsg3826,121.517438025,25.0462330834
TRTC:台北車站,台北車站,台北車站,metro_entries,9,weekend,6361,6846,6415.25,7916,1500.75,8,8,8,50888,0.0376338793587,4608.234375,7575.14375,1000,1000,day_cluster_bootstrap_stability,mean_daily_journeys_in_native_hour,observed_days_for_this_station_metric_hour,same_station_metric_date_observed_hours_only,2026-07,journeys/day_at_native_hour,native_hour_local_departure_interpretation_unverified,False,False,observed,observed,1,1,mean_of_distinct_official_station_points_epsg3826,121.517438025,25.0462330834
TRTC:台北車站,台北車站,台北車站,metro_entries,10,weekend,8602.375,9479.5,8799.25,10545.25,1746,8,8,8,68819,0.0510579934118,6263.825,10186.090625,1000,1000,day_cluster_bootstrap_stability,mean_daily_journeys_in_native_hour,observed_days_for_this_station_metric_hour,same_station_metric_date_observed_hours_only,2026-07,journeys/day_at_native_hour,native_hour_local_departure_interpretation_unverified,False,False,observed,observed,1,1,mean_of_distinct_official_station_points_epsg3826,121.517438025,25.0462330834
TRTC:台北車站,台北車站,台北車站,metro_entries,11,weekend,10210.625,11060.5,10647.5,12488.25,1840.75,8,8,8,81685,0.0616825937149,7572.015625,11951.509375,1000,1000,day_cluster_bootstrap_stability,mean_daily_journeys_in_native_hour,observed_days_for_this_station_metric_hour,same_station_metric_date_observed_hours_only,2026-07,journeys/day_at_native_hour,native_hour_local_departure_interpretation_unverified,False,False,observed,observed,1,1,mean_of_distinct_official_station_points_epsg3826,121.517438025,25.0462330834
TRTC:台北車站,台北車站,台北車站,metro_entries,12,weekend,10251.375,11073.5,10509,12574.5,2065.5,8,8,8,82011,0.0635428795194,7725.478125,11992.496875,1000,1000,day_cluster_bootstrap_stability,mean_daily_journeys_in_native_hour,observed_days_for_this_station_metric_hour,same_station_metric_date_observed_hours_only,2026-07,journeys/day_at_native_hour,native_hour_local_departure_interpretation_unverified,False,False,observed,observed,1,1,mean_of_distinct_official_station_points_epsg3826,121.517438025,25.0462330834
TRTC:台北車站,台北車站,台北車站,metro_entries,13,weekend,11137,11774.5,11128.25,13625.25,2497,8,8,8,89096,0.07058999605,8506.753125,13042.753125,1000,1000,day_cluster_bootstrap_stability,mean_daily_journeys_in_native_hour,observed_days_for_this_station_metric_hour,same_station_metric_date_observed_hours_only,2026-07,journeys/day_at_native_hour,native_hour_local_departure_interpretation_unverified,False,False,observed,observed,1,1,mean_of_distinct_official_station_points_epsg3826,121.517438025,25.0462330834
TRTC:台北車站,台北車站,台北車站,metro_entries,14,weekend,10909.375,11996,11623.5,12515.25,891.75,8,8,8,87275,0.0704462659753,8427.91875,12388.66875,1000,1000,day_cluster_bootstrap_stability,mean_daily_journeys_in_native_hour,observed_days_for_this_station_metric_hour,same_station_metric_date_observed_hours_only,2026-07,journeys/day_at_native_hour,native_hour_local_departure_interpretation_unverified,False,False,observed,observed,1,1,mean_of_distinct_official_station_points_epsg3826,121.517438025,25.0462330834
TRTC:台北車站,台北車站,台北車站,metro_entries,15,weekend,11257.625,12484.5,11617.75,12867,1249.25,8,8,8,90061,0.074537472244,8804.6,12741.965625,1000,1000,day_cluster_bootstrap_stability,mean_daily_journeys_in_native_hour,observed_days_for_this_station_metric_hour,same_station_metric_date_observed_hours_only,2026-07,journeys/day_at_native_hour,native_hour_local_departure_interpretation_unverified,False,False,observed,observed,1,1,mean_of_distinct_official_station_points_epsg3826,121.517438025,25.0462330834
TRTC:台北車站,台北車站,台北車站,metro_entries,16,weekend,11644.375,12925,12246.25,13216,969.75,8,8,8,93155,0.0777158858237,9150.73125,13087.75,1000,1000,day_cluster_bootstrap_stability,mean_daily_journeys_in_native_hour,observed_days_for_this_station_metric_hour,same_station_metric_date_observed_hours_only,2026-07,journeys/day_at_native_hour,native_hour_local_departure_interpretation_unverified,False,False,observed,observed,1,1,mean_of_distinct_official_station_points_epsg3826,121.517438025,25.0462330834
TRTC:台北車站,台北車站,台北車站,metro_entries,17,weekend,13859.125,15172.5,14777,15667.75,890.75,8,8,8,110873,0.0923811045681,10855.71875,15598,1000,1000,day_cluster_bootstrap_stability,mean_daily_journeys_in_native_hour,observed_days_for_this_station_metric_hour,same_station_metric_date_observed_hours_only,2026-07,journeys/day_at_native_hour,native_hour_local_departure_interpretation_unverified,False,False,observed,observed,1,1,mean_of_distinct_official_station_points_epsg3826,121.517438025,25.0462330834
TRTC:台北車站,台北車站,台北車站,metro_entries,18,weekend,12280.625,13661.5,12782.5,13858.5,1076,8,8,8,98245,0.0824050826212,9651.65625,13846.553125,1000,1000,day_cluster_bootstrap_stability,mean_daily_journeys_in_native_hour,observed_days_for_this_station_metric_hour,same_station_metric_date_observed_hours_only,2026-07,journeys/day_at_native_hour,native_hour_local_departure_interpretation_unverified,False,False,observed,observed,1,1,mean_of_distinct_official_station_points_epsg3826,121.517438025,25.0462330834
TRTC:台北車站,台北車站,台北車站,metro_entries,19,weekend,10221.875,10776,10453.5,11657,1203.5,8,8,8,81775,0.0688565746251,7929.396875,11736.359375,1000,1000,day_cluster_bootstrap_stability,mean_daily_journeys_in_native_hour,observed_days_for_this_station_metric_hour,same_station_metric_date_observed_hours_only,2026-07,journeys/day_at_native_hour,native_hour_local_departure_interpretation_unverified,False,False,observed,observed,1,1,mean_of_distinct_official_station_points_epsg3826,121.517438025,25.0462330834
TRTC:台北車站,台北車站,台北車站,metro_entries,20,weekend,9467.25,10180,9488.75,11049,1560.25,8,8,8,75738,0.0607869234733,7055.53125,11118.034375,1000,1000,day_cluster_bootstrap_stability,mean_daily_journeys_in_native_hour,observed_days_for_this_station_metric_hour,same_station_metric_date_observed_hours_only,2026-07,journeys/day_at_native_hour,native_hour_local_departure_interpretation_unverified,False,False,observed,observed,1,1,mean_of_distinct_official_station_points_epsg3826,121.517438025,25.0462330834
TRTC:台北車站,台北車站,台北車站,metro_entries,21,weekend,9628.25,10476.5,9693,11616.75,1923.75,8,8,8,77026,0.0605673679958,7160.434375,11270.340625,1000,1000,day_cluster_bootstrap_stability,mean_daily_journeys_in_native_hour,observed_days_for_this_station_metric_hour,same_station_metric_date_observed_hours_only,2026-07,journeys/day_at_native_hour,native_hour_local_departure_interpretation_unverified,False,False,observed,observed,1,1,mean_of_distinct_official_station_points_epsg3826,121.517438025,25.0462330834
TRTC:台北車站,台北車站,台北車站,metro_entries,22,weekend,8423.375,8938,8171,10009.5,1838.5,8,8,8,67387,0.0514193078059,6174.03125,10110.11875,1000,1000,day_cluster_bootstrap_stability,mean_daily_journeys_in_native_hour,observed_days_for_this_station_metric_hour,same_station_metric_date_observed_hours_only,2026-07,journeys/day_at_native_hour,native_hour_local_departure_interpretation_unverified,False,False,observed,observed,1,1,mean_of_distinct_official_station_points_epsg3826,121.517438025,25.0462330834
TRTC:台北車站,台北車站,台北車站,metro_entries,23,weekend,3566.25,3985,3802.75,4065,262.25,8,8,8,28530,0.0224732422924,2686,4108.15625,1000,1000,day_cluster_bootstrap_stability,mean_daily_journeys_in_native_hour,observed_days_for_this_station_metric_hour,same_station_metric_date_observed_hours_only,2026-07,journeys/day_at_native_hour,native_hour_local_departure_interpretation_unverified,False,False,observed,observed,1,1,mean_of_distinct_official_station_points_epsg3826,121.517438025,25.0462330834
TRTC:台北車站,台北車站,台北車站,metro_exits,0,weekend,458.25,274,186.75,352.75,166,8,8,8,3666,0.00312181312505,195.465625,893.784375,1000,1000,day_cluster_bootstrap_stability,mean_daily_journeys_in_native_hour,observed_days_for_this_station_metric_hour,same_station_metric_date_observed_hours_only,2026-07,journeys/day_at_native_hour,native_hour_local_departure_interpretation_unverified,False,False,observed,observed,1,1,mean_of_distinct_official_station_points_epsg3826,121.517438025,25.0462330834
TRTC:台北車站,台北車站,台北車站,metro_exits,1,weekend,0,0,0,0,0,8,8,8,0,0,0,0,1000,1000,day_cluster_bootstrap_stability,mean_daily_journeys_in_native_hour,observed_days_for_this_station_metric_hour,same_station_metric_date_observed_hours_only,2026-07,journeys/day_at_native_hour,native_hour_local_departure_interpretation_unverified,False,False,observed,observed,1,1,mean_of_distinct_official_station_points_epsg3826,121.517438025,25.0462330834
TRTC:台北車站,台北車站,台北車站,metro_exits,5,weekend,1.5,1.5,1,2,1,8,8,8,12,9.25845249232e-06,0.875,2.125,1000,1000,day_cluster_bootstrap_stability,mean_daily_journeys_in_native_hour,observed_days_for_this_station_metric_hour,same_station_metric_date_observed_hours_only,2026-07,journeys/day_at_native_hour,native_hour_local_departure_interpretation_unverified,False,False,observed,observed,1,1,mean_of_distinct_official_station_points_epsg3826,121.517438025,25.0462330834
TRTC:台北車站,台北車站,台北車站,metro_exits,6,weekend,2531.625,2483.5,2286.5,3324.75,1038.25,8,8,8,20253,0.0169741858018,1871.990625,3117.878125,1000,1000,day_cluster_bootstrap_stability,mean_daily_journeys_in_native_hour,observed_days_for_this_station_metric_hour,same_station_metric_date_observed_hours_only,2026-07,journeys/day_at_native_hour,native_hour_local_departure_interpretation_unverified,False,False,observed,observed,1,1,mean_of_distinct_official_station_points_epsg3826,121.517438025,25.0462330834
TRTC:台北車站,台北車站,台北車站,metro_exits,7,weekend,3911.125,4081.5,3553.75,4941.25,1387.5,8,8,8,31289,0.0257996735495,2902.290625,4754.059375,1000,1000,day_cluster_bootstrap_stability,mean_daily_journeys_in_native_hour,observed_days_for_this_station_metric_hour,same_station_metric_date_observed_hours_only,2026-07,journeys/day_at_native_hour,native_hour_local_departure_interpretation_unverified,False,False,observed,observed,1,1,mean_of_distinct_official_station_points_epsg3826,121.517438025,25.0462330834
TRTC:台北車站,台北車站,台北車站,metro_exits,8,weekend,6334.5,6862,6246.75,7473,1226.25,8,8,8,50676,0.0416498608129,4711.3875,7466.578125,1000,1000,day_cluster_bootstrap_stability,mean_daily_journeys_in_native_hour,observed_days_for_this_station_metric_hour,same_station_metric_date_observed_hours_only,2026-07,journeys/day_at_native_hour,native_hour_local_departure_interpretation_unverified,False,False,observed,observed,1,1,mean_of_distinct_official_station_points_epsg3826,121.517438025,25.0462330834
TRTC:台北車站,台北車站,台北車站,metro_exits,9,weekend,6944.5,7592,7198.5,8060.5,862,8,8,8,55556,0.0480557901406,5405.59375,7981.56875,1000,1000,day_cluster_bootstrap_stability,mean_daily_journeys_in_native_hour,observed_days_for_this_station_metric_hour,same_station_metric_date_observed_hours_only,2026-07,journeys/day_at_native_hour,native_hour_local_departure_interpretation_unverified,False,False,observed,observed,1,1,mean_of_distinct_official_station_points_epsg3826,121.517438025,25.0462330834
TRTC:台北車站,台北車站,台北車站,metro_exits,10,weekend,8059.125,8891.5,8049.25,9333.75,1284.5,8,8,8,64473,0.058697279286,6432.609375,9147.76875,1000,1000,day_cluster_bootstrap_stability,mean_daily_journeys_in_native_hour,observed_days_for_this_station_metric_hour,same_station_metric_date_observed_hours_only,2026-07,journeys/day_at_native_hour,native_hour_local_departure_interpretation_unverified,False,False,observed,observed,1,1,mean_of_distinct_official_station_points_epsg3826,121.517438025,25.0462330834
TRTC:台北車站,台北車站,台北車站,metro_exits,11,weekend,9362.875,10300.5,9415.75,10815.75,1400,8,8,8,74903,0.0676304358579,7479.646875,10602.15,1000,1000,day_cluster_bootstrap_stability,mean_daily_journeys_in_native_hour,observed_days_for_this_station_metric_hour,same_station_metric_date_observed_hours_only,2026-07,journeys/day_at_native_hour,native_hour_local_departure_interpretation_unverified,False,False,observed,observed,1,1,mean_of_distinct_official_station_points_epsg3826,121.517438025,25.0462330834
TRTC:台北車站,台北車站,台北車站,metro_exits,12,weekend,10254.375,11412.5,10659.75,11786,1126.25,8,8,8,82035,0.0723833062502,8074.409375,11629.046875,1000,1000,day_cluster_bootstrap_stability,mean_daily_journeys_in_native_hour,observed_days_for_this_station_metric_hour,same_station_metric_date_observed_hours_only,2026-07,journeys/day_at_native_hour,native_hour_local_departure_interpretation_unverified,False,False,observed,observed,1,1,mean_of_distinct_official_station_points_epsg3826,121.517438025,25.0462330834
TRTC:台北車站,台北車站,台北車站,metro_exits,13,weekend,11262.125,12366,12097.75,12635.25,537.5,8,8,8,90097,0.0800490933351,8853.846875,12593.625,1000,1000,day_cluster_bootstrap_stability,mean_daily_journeys_in_native_hour,observed_days_for_this_station_metric_hour,same_station_metric_date_observed_hours_only,2026-07,journeys/day_at_native_hour,native_hour_local_departure_interpretation_unverified,False,False,observed,observed,1,1,mean_of_distinct_official_station_points_epsg3826,121.517438025,25.0462330834
TRTC:台北車站,台北車站,台北車站,metro_exits,14,weekend,11280.875,12404,12091,12619,528,8,8,8,90247,0.0796201521495,8822.2125,12790.371875,1000,1000,day_cluster_bootstrap_stability,mean_daily_journeys_in_native_hour,observed_days_for_this_station_metric_hour,same_station_metric_date_observed_hours_only,2026-07,journeys/day_at_native_hour,native_hour_local_departure_interpretation_unverified,False,False,observed,observed,1,1,mean_of_distinct_official_station_points_epsg3826,121.517438025,25.0462330834
TRTC:台北車站,台北車站,台北車站,metro_exits,15,weekend,11281.125,12363,12058,12725.25,667.25,8,8,8,90249,0.0771561159617,8584.559375,12875.009375,1000,1000,day_cluster_bootstrap_stability,mean_daily_journeys_in_native_hour,observed_days_for_this_station_metric_hour,same_station_metric_date_observed_hours_only,2026-07,journeys/day_at_native_hour,native_hour_local_departure_interpretation_unverified,False,False,observed,observed,1,1,mean_of_distinct_official_station_points_epsg3826,121.517438025,25.0462330834
TRTC:台北車站,台北車站,台北車站,metro_exits,16,weekend,12202.5,13829.5,13161.75,13952.75,791,8,8,8,97620,0.0810732877593,9184.728125,13881.309375,1000,1000,day_cluster_bootstrap_stability,mean_daily_journeys_in_native_hour,observed_days_for_this_station_metric_hour,same_station_metric_date_observed_hours_only,2026-07,journeys/day_at_native_hour,native_hour_local_departure_interpretation_unverified,False,False,observed,observed,1,1,mean_of_distinct_official_station_points_epsg3826,121.517438025,25.0462330834
TRTC:台北車站,台北車站,台北車站,metro_exits,17,weekend,13253.125,14734,13889,15011.75,1122.75,8,8,8,106025,0.0859187177328,9806.096875,15377.6125,1000,1000,day_cluster_bootstrap_stability,mean_daily_journeys_in_native_hour,observed_days_for_this_station_metric_hour,same_station_metric_date_observed_hours_only,2026-07,journeys/day_at_native_hour,native_hour_local_departure_interpretation_unverified,False,False,observed,observed,1,1,mean_of_distinct_official_station_points_epsg3826,121.517438025,25.0462330834
TRTC:台北車站,台北車站,台北車站,metro_exits,18,weekend,10733.875,12167,11109.25,12353.75,1244.5,8,8,8,85871,0.069605793988,7886.51875,12586.0875,1000,1000,day_cluster_bootstrap_stability,mean_daily_journeys_in_native_hour,observed_days_for_this_station_metric_hour,same_station_metric_date_observed_hours_only,2026-07,journeys/day_at_native_hour,native_hour_local_departure_interpretation_unverified,False,False,observed,observed,1,1,mean_of_distinct_official_station_points_epsg3826,121.517438025,25.0462330834
TRTC:台北車站,台北車站,台北車站,metro_exits,19,weekend,8358.75,9235.5,8620.75,9681,1060.25,8,8,8,66870,0.0544344073402,6131.359375,9795.8,1000,1000,day_cluster_bootstrap_stability,mean_daily_journeys_in_native_hour,observed_days_for_this_station_metric_hour,same_station_metric_date_observed_hours_only,2026-07,journeys/day_at_native_hour,native_hour_local_departure_interpretation_unverified,False,False,observed,observed,1,1,mean_of_distinct_official_station_points_epsg3826,121.517438025,25.0462330834
TRTC:台北車站,台北車站,台北車站,metro_exits,20,weekend,7713.5,8795,7810,9014.75,1204.75,8,8,8,61708,0.049682020268,5623.625,9089.321875,1000,1000,day_cluster_bootstrap_stability,mean_daily_journeys_in_native_hour,observed_days_for_this_station_metric_hour,same_station_metric_date_observed_hours_only,2026-07,journeys/day_at_native_hour,native_hour_local_departure_interpretation_unverified,False,False,observed,observed,1,1,mean_of_distinct_official_station_points_epsg3826,121.517438025,25.0462330834
TRTC:台北車站,台北車站,台北車站,metro_exits,21,weekend,7197.625,7530.5,6768.75,8909.75,2141,8,8,8,57581,0.0453098631893,5098.475,8916.50625,1000,1000,day_cluster_bootstrap_stability,mean_daily_journeys_in_native_hour,observed_days_for_this_station_metric_hour,same_station_metric_date_observed_hours_only,2026-07,journeys/day_at_native_hour,native_hour_local_departure_interpretation_unverified,False,False,observed,observed,1,1,mean_of_distinct_official_station_points_epsg3826,121.517438025,25.0462330834
TRTC:台北車站,台北車站,台北車站,metro_exits,22,weekend,5287,5804.5,3617,7398.5,3781.5,8,8,8,42296,0.0331821855498,3540.596875,6837.13125,1000,1000,day_cluster_bootstrap_stability,mean_daily_journeys_in_native_hour,observed_days_for_this_station_metric_hour,same_station_metric_date_observed_hours_only,2026-07,journeys/day_at_native_hour,native_hour_local_departure_interpretation_unverified,False,False,observed,observed,1,1,mean_of_distinct_official_station_points_epsg3826,121.517438025,25.0462330834
TRTC:台北車站,台北車站,台北車站,metro_exits,23,weekend,1468.875,1323.5,1133.25,1873,739.75,8,8,8,11751,0.00964675944991,986.20625,1983,1000,1000,day_cluster_bootstrap_stability,mean_daily_journeys_in_native_hour,observed_days_for_this_station_metric_hour,same_station_metric_date_observed_hours_only,2026-07,journeys/day_at_native_hour,native_hour_local_departure_interpretation_unverified,False,False,observed,observed,1,1,mean_of_distinct_official_station_points_epsg3826,121.517438025,25.0462330834
TRTC:市政府,市政府,市政府,metro_entries,0,weekend,695.625,606,398.5,890.75,492.25,8,8,8,5565,0.0140082786276,417.090625,993.79375,1000,1000,day_cluster_bootstrap_stability,mean_daily_journeys_in_native_hour,observed_days_for_this_station_metric_hour,same_station_metric_date_observed_hours_only,2026-07,journeys/day_at_native_hour,native_hour_local_departure_interpretation_unverified,False,False,observed,observed,1,1,mean_of_distinct_official_station_points_epsg3826,121.565259454,25.0411788911
TRTC:市政府,市政府,市政府,metro_entries,1,weekend,15.25,13.5,10.75,24.25,13.5,8,8,8,122,0.000288330068771,9.25,20.5,1000,1000,day_cluster_bootstrap_stability,mean_daily_journeys_in_native_hour,observed_days_for_this_station_metric_hour,same_station_metric_date_observed_hours_only,2026-07,journeys/day_at_native_hour,native_hour_local_departure_interpretation_unverified,False,False,observed,observed,1,1,mean_of_distinct_official_station_points_epsg3826,121.565259454,25.0411788911
TRTC:市政府,市政府,市政府,metro_entries,5,weekend,1.875,1.5,0,4,4,8,8,8,15,3.06285946749e-05,0.5,3.25,1000,1000,day_cluster_bootstrap_stability,mean_daily_journeys_in_native_hour,observed_days_for_this_station_metric_hour,same_station_metric_date_observed_hours_only,2026-07,journeys/day_at_native_hour,native_hour_local_departure_interpretation_unverified,False,False,observed,observed,1,1,mean_of_distinct_official_station_points_epsg3826,121.565259454,25.0411788911
TRTC:市政府,市政府,市政府,metro_entries,6,weekend,232.875,262,219.75,275.25,55.5,8,8,8,1863,0.00639612992906,180.375,275.753125,1000,1000,day_cluster_bootstrap_stability,mean_daily_journeys_in_native_hour,observed_days_for_this_station_metric_hour,same_station_metric_date_observed_hours_only,2026-07,journeys/day_at_native_hour,native_hour_local_departure_interpretation_unverified,False,False,observed,observed,1,1,mean_of_distinct_official_station_points_epsg3826,121.565259454,25.0411788911
TRTC:市政府,市政府,市政府,metro_entries,7,weekend,432.25,505.5,373,528,155,8,8,8,3458,0.0112760283628,325.828125,516.378125,1000,1000,day_cluster_bootstrap_stability,mean_daily_journeys_in_native_hour,observed_days_for_this_station_metric_hour,same_station_metric_date_observed_hours_only,2026-07,journeys/day_at_native_hour,native_hour_local_departure_interpretation_unverified,False,False,observed,observed,1,1,mean_of_distinct_official_station_points_epsg3826,121.565259454,25.0411788911
TRTC:市政府,市政府,市政府,metro_entries,8,weekend,693,744,676.25,861.5,185.25,8,8,8,5544,0.0152868546763,525.16875,824.1375,1000,1000,day_cluster_bootstrap_stability,mean_daily_journeys_in_native_hour,observed_days_for_this_station_metric_hour,same_station_metric_date_observed_hours_only,2026-07,journeys/day_at_native_hour,native_hour_local_departure_interpretation_unverified,False,False,observed,observed,1,1,mean_of_distinct_official_station_points_epsg3826,121.565259454,25.0411788911
TRTC:市政府,市政府,市政府,metro_entries,9,weekend,924.375,974.5,917.75,1138.75,221,8,8,8,7395,0.0188480100871,675.071875,1120.509375,1000,1000,day_cluster_bootstrap_stability,mean_daily_journeys_in_native_hour,observed_days_for_this_station_metric_hour,same_station_metric_date_observed_hours_only,2026-07,journeys/day_at_native_hour,native_hour_local_departure_interpretation_unverified,False,False,observed,observed,1,1,mean_of_distinct_official_station_points_epsg3826,121.565259454,25.0411788911
TRTC:市政府,市政府,市政府,metro_entries,10,weekend,1176.25,1285,1146.25,1374.75,228.5,8,8,8,9410,0.023869288886,862.371875,1412.55,1000,1000,day_cluster_bootstrap_stability,mean_daily_journeys_in_native_hour,observed_days_for_this_station_metric_hour,same_station_metric_date_observed_hours_only,2026-07,journeys/day_at_native_hour,native_hour_local_departure_interpretation_unverified,False,False,observed,observed,1,1,mean_of_distinct_official_station_points_epsg3826,121.565259454,25.0411788911
TRTC:市政府,市政府,市政府,metro_entries,11,weekend,1528.125,1633,1547,1853.5,306.5,8,8,8,12225,0.0325150683794,1134.35625,1788.16875,1000,1000,day_cluster_bootstrap_stability,mean_daily_journeys_in_native_hour,observed_days_for_this_station_metric_hour,same_station_metric_date_observed_hours_only,2026-07,journeys/day_at_native_hour,native_hour_local_departure_interpretation_unverified,False,False,observed,observed,1,1,mean_of_distinct_official_station_points_epsg3826,121.565259454,25.0411788911
TRTC:市政府,市政府,市政府,metro_entries,12,weekend,1885.875,2013,1973,2271.25,298.25,8,8,8,15087,0.0384606864255,1402.590625,2204.4625,1000,1000,day_cluster_bootstrap_stability,mean_daily_journeys_in_native_hour,observed_days_for_this_station_metric_hour,same_station_metric_date_observed_hours_only,2026-07,journeys/day_at_native_hour,native_hour_local_departure_interpretation_unverified,False,False,observed,observed,1,1,mean_of_distinct_official_station_points_epsg3826,121.565259454,25.0411788911
TRTC:市政府,市政府,市政府,metro_entries,13,weekend,2579.125,2823,2616.25,3106.25,490,8,8,8,20633,0.0514904610744,1890.228125,3036.959375,1000,1000,day_cluster_bootstrap_stability,mean_daily_journeys_in_native_hour,observed_days_for_this_station_metric_hour,same_station_metric_date_observed_hours_only,2026-07,journeys/day_at_native_hour,native_hour_local_departure_interpretation_unverified,False,False,observed,observed,1,1,mean_of_distinct_official_station_points_epsg3826,121.565259454,25.0411788911
TRTC:市政府,市政府,市政府,metro_entries,14,weekend,3323.5,3745.5,3615.75,3850.5,234.75,8,8,8,26588,0.0637183218894,2431.603125,3843.753125,1000,1000,day_cluster_bootstrap_stability,mean_daily_journeys_in_native_hour,observed_days_for_this_station_metric_hour,same_station_metric_date_observed_hours_only,2026-07,journeys/day_at_native_hour,native_hour_local_departure_interpretation_unverified,False,False,observed,observed,1,1,mean_of_distinct_official_station_points_epsg3826,121.565259454,25.0411788911
TRTC:市政府,市政府,市政府,metro_entries,15,weekend,3926.5,4369,4252.5,4560,307.5,8,8,8,31412,0.0765405117243,2884.834375,4540.771875,1000,1000,day_cluster_bootstrap_stability,mean_daily_journeys_in_native_hour,observed_days_for_this_station_metric_hour,same_station_metric_date_observed_hours_only,2026-07,journeys/day_at_native_hour,native_hour_local_departure_interpretation_unverified,False,False,observed,observed,1,1,mean_of_distinct_official_station_points_epsg3826,121.565259454,25.0411788911
TRTC:市政府,市政府,市政府,metro_entries,16,weekend,4644.875,5291,4927,5405,478,8,8,8,37159,0.0877099920521,3376.93125,5400.659375,1000,1000,day_cluster_bootstrap_stability,mean_daily_journeys_in_native_hour,observed_days_for_this_station_metric_hour,same_station_metric_date_observed_hours_only,2026-07,journeys/day_at_native_hour,native_hour_local_departure_interpretation_unverified,False,False,observed,observed,1,1,mean_of_distinct_official_station_points_epsg3826,121.565259454,25.0411788911
TRTC:市政府,市政府,市政府,metro_entries,17,weekend,5200.75,5799.5,5396.5,6361.75,965.25,8,8,8,41606,0.0975280763856,3774.2,6119.53125,1000,1000,day_cluster_bootstrap_stability,mean_daily_journeys_in_native_hour,observed_days_for_this_station_metric_hour,same_station_metric_date_observed_hours_only,2026-07,journeys/day_at_native_hour,native_hour_local_departure_interpretation_unverified,False,False,observed,observed,1,1,mean_of_distinct_official_station_points_epsg3826,121.565259454,25.0411788911
TRTC:市政府,市政府,市政府,metro_entries,18,weekend,4654.875,5229,4848.25,5604,755.75,8,8,8,37239,0.0876238536044,3338.4875,5451.15,1000,1000,day_cluster_bootstrap_stability,mean_daily_journeys_in_native_hour,observed_days_for_this_station_metric_hour,same_station_metric_date_observed_hours_only,2026-07,journeys/day_at_native_hour,native_hour_local_departure_interpretation_unverified,False,False,observed,observed,1,1,mean_of_distinct_official_station_points_epsg3826,121.565259454,25.0411788911
TRTC:市政府,市政府,市政府,metro_entries,19,weekend,4283.125,4682,4543.75,5100,556.25,8,8,8,34265,0.0826778157705,3154.9625,5007.903125,1000,1000,day_cluster_bootstrap_stability,mean_daily_journeys_in_native_hour,observed_days_for_this_station_metric_hour,same_station_metric_date_observed_hours_only,2026-07,journeys/day_at_native_hour,native_hour_local_departure_interpretation_unverified,False,False,observed,observed,1,1,mean_of_distinct_official_station_points_epsg3826,121.565259454,25.0411788911
TRTC:市政府,市政府,市政府,metro_entries,20,weekend,4345,4825.5,4460.75,5234.25,773.5,8,8,8,34760,0.082550124446,3186.86875,5117.628125,1000,1000,day_cluster_bootstrap_stability,mean_daily_journeys_in_native_hour,observed_days_for_this_station_metric_hour,same_station_metric_date_observed_hours_only,2026-07,journeys/day_at_native_hour,native_hour_local_departure_interpretation_unverified,False,False,observed,observed,1,1,mean_of_distinct_official_station_points_epsg3826,121.565259454,25.0411788911
TRTC:市政府,市政府,市政府,metro_entries,21,weekend,4751.625,5321,4950.5,5546.75,596.25,8,8,8,38013,0.0886849636922,3448.825,5580.753125,1000,1000,day_cluster_bootstrap_stability,mean_daily_journeys_in_native_hour,observed_days_for_this_station_metric_hour,same_station_metric_date_observed_hours_only,2026-07,journeys/day_at_native_hour,native_hour_local_departure_interpretation_unverified,False,False,observed,observed,1,1,mean_of_distinct_official_station_points_epsg3826,121.565259454,25.0411788911
TRTC:市政府,市政府,市政府,metro_entries,22,weekend,4751.125,4649,4364.25,6263,1898.75,8,8,8,38009,0.0862916909153,3315.003125,5990.984375,1000,1000,day_cluster_bootstrap_stability,mean_daily_journeys_in_native_hour,observed_days_for_this_station_metric_hour,same_station_metric_date_observed_hours_only,2026-07,journeys/day_at_native_hour,native_hour_local_departure_interpretation_unverified,False,False,observed,observed,1,1,mean_of_distinct_official_station_points_epsg3826,121.565259454,25.0411788911
TRTC:市政府,市政府,市政府,metro_entries,23,weekend,1727,1452,1212.25,2491.5,1279.25,8,8,8,13816,0.0342048844085,1120.96875,2344.11875,1000,1000,day_cluster_bootstrap_stability,mean_daily_journeys_in_native_hour,observed_days_for_this_station_metric_hour,same_station_metric_date_observed_hours_only,2026-07,journeys/day_at_native_hour,native_hour_local_departure_interpretation_unverified,False,False,observed,observed,1,1,mean_of_distinct_official_station_points_epsg3826,121.565259454,25.0411788911
TRTC:市政府,市政府,市政府,metro_exits,0,weekend,190.625,199.5,139,260,121,8,8,8,1525,0.00479449339733,138.375,235.390625,1000,1000,day_cluster_bootstrap_stability,mean_daily_journeys_in_native_hour,observed_days_for_this_station_metric_hour,same_station_metric_date_observed_hours_only,2026-07,journeys/day_at_native_hour,native_hour_local_departure_interpretation_unverified,False,False,observed,observed,1,1,mean_of_distinct_official_station_points_epsg3826,121.565259454,25.0411788911
TRTC:市政府,市政府,市政府,metro_exits,1,weekend,0.25,0,0,0.25,0.25,8,8,8,2,3.73828246078e-06,0,0.5,1000,1000,day_cluster_bootstrap_stability,mean_daily_journeys_in_native_hour,observed_days_for_this_station_metric_hour,same_station_metric_date_observed_hours_only,2026-07,journeys/day_at_native_hour,native_hour_local_departure_interpretation_unverified,False,False,observed,observed,1,1,mean_of_distinct_official_station_points_epsg3826,121.565259454,25.0411788911
TRTC:市政府,市政府,市政府,metro_exits,5,weekend,1.875,1.5,0,4,4,8,8,8,15,3.02008680292e-05,0.5,3.25,1000,1000,day_cluster_bootstrap_stability,mean_daily_journeys_in_native_hour,observed_days_for_this_station_metric_hour,same_station_metric_date_observed_hours_only,2026-07,journeys/day_at_native_hour,native_hour_local_departure_interpretation_unverified,False,False,observed,observed,1,1,mean_of_distinct_official_station_points_epsg3826,121.565259454,25.0411788911
TRTC:市政府,市政府,市政府,metro_exits,6,weekend,441.875,438,430.75,530.25,99.5,8,8,8,3535,0.0125172731806,358,511.75,1000,1000,day_cluster_bootstrap_stability,mean_daily_journeys_in_native_hour,observed_days_for_this_station_metric_hour,same_station_metric_date_observed_hours_only,2026-07,journeys/day_at_native_hour,native_hour_local_departure_interpretation_unverified,False,False,observed,observed,1,1,mean_of_distinct_official_station_points_epsg3826,121.565259454,25.0411788911
TRTC:市政府,市政府,市政府,metro_exits,7,weekend,719.875,669.5,638,982,344,8,8,8,5759,0.0160670427348,537.89375,888.125,1000,1000,day_cluster_bootstrap_stability,mean_daily_journeys_in_native_hour,observed_days_for_this_station_metric_hour,same_station_metric_date_observed_hours_only,2026-07,journeys/day_at_native_hour,native_hour_local_departure_interpretation_unverified,False,False,observed,observed,1,1,mean_of_distinct_official_station_points_epsg3826,121.565259454,25.0411788911
TRTC:市政府,市政府,市政府,metro_exits,8,weekend,1297.625,1299.5,1228.5,1720,491.5,8,8,8,10381,0.0261509745696,949.2375,1580.525,1000,1000,day_cluster_bootstrap_stability,mean_daily_journeys_in_native_hour,observed_days_for_this_station_metric_hour,same_station_metric_date_observed_hours_only,2026-07,journeys/day_at_native_hour,native_hour_local_departure_interpretation_unverified,False,False,observed,observed,1,1,mean_of_distinct_official_station_points_epsg3826,121.565259454,25.0411788911
TRTC:市政府,市政府,市政府,metro_exits,9,weekend,2057.375,2181.5,2001.25,2581.25,580,8,8,8,16459,0.0387815972158,1487.034375,2475.784375,1000,1000,day_cluster_bootstrap_stability,mean_daily_journeys_in_native_hour,observed_days_for_this_station_metric_hour,same_station_metric_date_observed_hours_only,2026-07,journeys/day_at_native_hour,native_hour_local_departure_interpretation_unverified,False,False,observed,observed,1,1,mean_of_distinct_official_station_points_epsg3826,121.565259454,25.0411788911
TRTC:市政府,市政府,市政府,metro_exits,10,weekend,3759.625,4066,3828,4632.25,804.25,8,8,8,30077,0.0681397213693,2702.746875,4485.1375,1000,1000,day_cluster_bootstrap_stability,mean_daily_journeys_in_native_hour,observed_days_for_this_station_metric_hour,same_station_metric_date_observed_hours_only,2026-07,journeys/day_at_native_hour,native_hour_local_departure_interpretation_unverified,False,False,observed,observed,1,1,mean_of_distinct_official_station_points_epsg3826,121.565259454,25.0411788911
TRTC:市政府,市政府,市政府,metro_exits,11,weekend,4638.125,5174,4828,5509.5,681.5,8,8,8,37105,0.0848868637499,3329.496875,5468.45625,1000,1000,day_cluster_bootstrap_stability,mean_daily_journeys_in_native_hour,observed_days_for_this_station_metric_hour,same_station_metric_date_observed_hours_only,2026-07,journeys/day_at_native_hour,native_hour_local_departure_interpretation_unverified,False,False,observed,observed,1,1,mean_of_distinct_official_station_points_epsg3826,121.565259454,25.0411788911
TRTC:市政府,市政府,市政府,metro_exits,12,weekend,4450.5,4851,4658.25,5395.5,737.25,8,8,8,35604,0.0824699563963,3223.69375,5248.525,1000,1000,day_cluster_bootstrap_stability,mean_daily_journeys_in_native_hour,observed_days_for_this_station_metric_hour,same_station_metric_date_observed_hours_only,2026-07,journeys/day_at_native_hour,native_hour_local_departure_interpretation_unverified,False,False,observed,observed,1,1,mean_of_distinct_official_station_points_epsg3826,121.565259454,25.0411788911
TRTC:市政府,市政府,市政府,metro_exits,13,weekend,4518.375,4878,4760.5,5498.25,737.75,8,8,8,36147,0.0842267772358,3284.496875,5326.9,1000,1000,day_cluster_bootstrap_stability,mean_daily_journeys_in_native_hour,observed_days_for_this_station_metric_hour,same_station_metric_date_observed_hours_only,2026-07,journeys/day_at_native_hour,native_hour_local_departure_interpretation_unverified,False,False,observed,observed,1,1,mean_of_distinct_official_station_points_epsg3826,121.565259454,25.0411788911
TRTC:市政府,市政府,市政府,metro_exits,14,weekend,4412.125,4841,4602,5285.5,683.5,8,8,8,35297,0.0837759536999,3219.86875,5172.771875,1000,1000,day_cluster_bootstrap_stability,mean_daily_journeys_in_native_hour,observed_days_for_this_station_metric_hour,same_station_metric_date_observed_hours_only,2026-07,journeys/day_at_native_hour,native_hour_local_departure_interpretation_unverified,False,False,observed,observed,1,1,mean_of_distinct_official_station_points_epsg3826,121.565259454,25.0411788911
TRTC:市政府,市政府,市政府,metro_exits,15,weekend,4240.625,4667.5,4379,5148.25,769.25,8,8,8,33925,0.0798140825302,3113.565625,4979.228125,1000,1000,day_cluster_bootstrap_stability,mean_daily_journeys_in_native_hour,observed_days_for_this_station_metric_hour,same_station_metric_date_observed_hours_only,2026-07,journeys/day_at_native_hour,native_hour_local_departure_interpretation_unverified,False,False,observed,observed,1,1,mean_of_distinct_official_station_points_epsg3826,121.565259454,25.0411788911
TRTC:市政府,市政府,市政府,metro_exits,16,weekend,4351.25,4813,4369.75,5298.75,929,8,8,8,34810,0.0826389998494,3128.409375,5163.0375,1000,1000,day_cluster_bootstrap_stability,mean_daily_journeys_in_native_hour,observed_days_for_this_station_metric_hour,same_station_metric_date_observed_hours_only,2026-07,journeys/day_at_native_hour,native_hour_local_departure_interpretation_unverified,False,False,observed,observed,1,1,mean_of_distinct_official_station_points_epsg3826,121.565259454,25.0411788911
TRTC:市政府,市政府,市政府,metro_exits,17,weekend,4568.875,4860.5,4535.75,5798.75,1263,8,8,8,36551,0.0883094559816,3346.921875,5468.334375,1000,1000,day_cluster_bootstrap_stability,mean_daily_journeys_in_native_hour,observed_days_for_this_station_metric_hour,same_station_metric_date_observed_hours_only,2026-07,journeys/day_at_native_hour,native_hour_local_departure_interpretation_unverified,False,False,observed,observed,1,1,mean_of_distinct_official_station_points_epsg3826,121.565259454,25.0411788911
TRTC:市政府,市政府,市政府,metro_exits,18,weekend,3685.5,3836,3570,4622,1052,8,8,8,29484,0.0721881382018,2711.609375,4450.471875,1000,1000,day_cluster_bootstrap_stability,mean_daily_journeys_in_native_hour,observed_days_for_this_station_metric_hour,same_station_metric_date_observed_hours_only,2026-07,journeys/day_at_native_hour,native_hour_local_departure_interpretation_unverified,False,False,observed,observed,1,1,mean_of_distinct_official_station_points_epsg3826,121.565259454,25.0411788911
TRTC:市政府,市政府,市政府,metro_exits,19,weekend,2794.75,2959.5,2661.25,3522.75,861.5,8,8,8,22358,0.0566180569751,2075.425,3354.396875,1000,1000,day_cluster_bootstrap_stability,mean_daily_journeys_in_native_hour,observed_days_for_this_station_metric_hour,same_station_metric_date_observed_hours_only,2026-07,journeys/day_at_native_hour,native_hour_local_departure_interpretation_unverified,False,False,observed,observed,1,1,mean_of_distinct_official_station_points_epsg3826,121.565259454,25.0411788911
TRTC:市政府,市政府,市政府,metro_exits,20,weekend,2163,2130,2001.25,2546.25,545,8,8,8,17304,0.0425645617588,1535.325,2697.871875,1000,1000,day_cluster_bootstrap_stability,mean_daily_journeys_in_native_hour,observed_days_for_this_station_metric_hour,same_station_metric_date_observed_hours_only,2026-07,journeys/day_at_native_hour,native_hour_local_departure_interpretation_unverified,False,False,observed,observed,1,1,mean_of_distinct_official_station_points_epsg3826,121.565259454,25.0411788911
TRTC:市政府,市政府,市政府,metro_exits,21,weekend,1809.5,1775.5,1652,2259.75,607.75,8,8,8,14476,0.0362093788718,1296.778125,2252.459375,1000,1000,day_cluster_bootstrap_stability,mean_daily_journeys_in_native_hour,observed_days_for_this_station_metric_hour,same_station_metric_date_observed_hours_only,2026-07,journeys/day_at_native_hour,native_hour_local_departure_interpretation_unverified,False,False,observed,observed,1,1,mean_of_distinct_official_station_points_epsg3826,121.565259454,25.0411788911
TRTC:市政府,市政府,市政府,metro_exits,22,weekend,1308.125,1211.5,1058.75,1917,858.25,8,8,8,10465,0.027704442194,941.034375,1651.14375,1000,1000,day_cluster_bootstrap_stability,mean_daily_journeys_in_native_hour,observed_days_for_this_station_metric_hour,same_station_metric_date_observed_hours_only,2026-07,journeys/day_at_native_hour,native_hour_local_departure_interpretation_unverified,False,False,observed,observed,1,1,mean_of_distinct_official_station_points_epsg3826,121.565259454,25.0411788911
TRTC:市政府,市政府,市政府,metro_exits,23,weekend,497,470.5,338.5,706,367.5,8,8,8,3976,0.0121082909375,342.696875,637.14375,1000,1000,day_cluster_bootstrap_stability,mean_daily_journeys_in_native_hour,observed_days_for_this_station_metric_hour,same_station_metric_date_observed_hours_only,2026-07,journeys/day_at_native_hour,native_hour_local_departure_interpretation_unverified,False,False,observed,observed,1,1,mean_of_distinct_official_station_points_epsg3826,121.565259454,25.0411788911
TRTC:忠孝復興,忠孝復興,忠孝復興,metro_entries,0,weekend,423.375,402.5,301.5,569,267.5,8,8,8,3387,0.0132135328616,302.121875,543.14375,1000,1000,day_cluster_bootstrap_stability,mean_daily_journeys_in_native_hour,observed_days_for_this_station_metric_hour,same_station_metric_date_observed_hours_only,2026-07,journeys/day_at_native_hour,native_hour_local_departure_interpretation_unverified,False,False,observed,observed,1,1,mean_of_distinct_official_station_points_epsg3826,121.543793999,25.0416021624
TRTC:忠孝復興,忠孝復興,忠孝復興,metro_entries,1,weekend,15,12,7,25.75,18.75,8,8,8,120,0.000356043281207,8.25,21.375,1000,1000,day_cluster_bootstrap_stability,mean_daily_journeys_in_native_hour,observed_days_for_this_station_metric_hour,same_station_metric_date_observed_hours_only,2026-07,journeys/day_at_native_hour,native_hour_local_departure_interpretation_unverified,False,False,observed,observed,1,1,mean_of_distinct_official_station_points_epsg3826,121.543793999,25.0416021624
TRTC:忠孝復興,忠孝復興,忠孝復興,metro_entries,5,weekend,0.75,0.5,0,1,1,8,8,8,6,4.87804473103e-05,0.125,1.5,1000,1000,day_cluster_bootstrap_stability,mean_daily_journeys_in_native_hour,observed_days_for_this_station_metric_hour,same_station_metric_date_observed_hours_only,2026-07,journeys/day_at_native_hour,native_hour_local_departure_interpretation_unverified,False,False,observed,observed,1,1,mean_of_distinct_official_station_points_epsg3826,121.543793999,25.0416021624
TRTC:忠孝復興,忠孝復興,忠孝復興,metro_entries,6,weekend,160.625,170,145.5,193.25,47.75,8,8,8,1285,0.00574081585143,130.746875,188.253125,1000,1000,day_cluster_bootstrap_stability,mean_daily_journeys_in_native_hour,observed_days_for_this_station_metric_hour,same_station_metric_date_observed_hours_only,2026-07,journeys/day_at_native_hour,native_hour_local_departure_interpretation_unverified,False,False,observed,observed,1,1,mean_of_distinct_official_station_points_epsg3826,121.543793999,25.0416021624
TRTC:忠孝復興,忠孝復興,忠孝復興,metro_entries,7,weekend,264.875,280.5,262,308.5,46.5,8,8,8,2119,0.0087297301625,210.121875,302.5,1000,1000,day_cluster_bootstrap_stability,mean_daily_journeys_in_native_hour,observed_days_for_this_station_metric_hour,same_station_metric_date_observed_hours_only,2026-07,journeys/day_at_native_hour,native_hour_local_departure_interpretation_unverified,False,False,observed,observed,1,1,mean_of_distinct_official_station_points_epsg3826,121.543793999,25.0416021624
TRTC:忠孝復興,忠孝復興,忠孝復興,metro_entries,8,weekend,456,496,461,535.5,74.5,8,8,8,3648,0.0130744430605,345.875,530.753125,1000,1000,day_cluster_bootstrap_stability,mean_daily_journeys_in_native_hour,observed_days_for_this_station_metric_hour,same_station_metric_date_observed_hours_only,2026-07,journeys/day_at_native_hour,native_hour_local_departure_interpretation_unverified,False,False,observed,observed,1,1,mean_of_distinct_official_station_points_epsg3826,121.543793999,25.0416021624
TRTC:忠孝復興,忠孝復興,忠孝復興,metro_entries,9,weekend,614.75,615,596.75,766.75,170,8,8,8,4918,0.0168534296495,465.484375,739.63125,1000,1000,day_cluster_bootstrap_stability,mean_daily_journeys_in_native_hour,observed_days_for_this_station_metric_hour,same_station_metric_date_observed_hours_only,2026-07,journeys/day_at_native_hour,native_hour_local_departure_interpretation_unverified,False,False,observed,observed,1,1,mean_of_distinct_official_station_points_epsg3826,121.543793999,25.0416021624
TRTC:忠孝復興,忠孝復興,忠孝復興,metro_entries,10,weekend,831.375,863,812.5,1028,215.5,8,8,8,6651,0.0223973832893,624.240625,991.3875,1000,1000,day_cluster_bootstrap_stability,mean_daily_journeys_in_native_hour,observed_days_for_this_station_metric_hour,same_station_metric_date_observed_hours_only,2026-07,journeys/day_at_native_hour,native_hour_local_departure_interpretation_unverified,False,False,observed,observed,1,1,mean_of_distinct_official_station_points_epsg3826,121.543793999,25.0416021624
TRTC:忠孝復興,忠孝復興,忠孝復興,metro_entries,11,weekend,1255.375,1298.5,1229.25,1581.25,352,8,8,8,10043,0.0330475357377,922.24375,1496.809375,1000,1000,day_cluster_bootstrap_stability,mean_daily_journeys_in_native_hour,observed_days_for_this_station_metric_hour,same_station_metric_date_observed_hours_only,2026-07,journeys/day_at_native_hour,native_hour_local_departure_interpretation_unverified,False,False,observed,observed,1,1,mean_of_distinct_official_station_points_epsg3826,121.543793999,25.0416021624
TRTC:忠孝復興,忠孝復興,忠孝復興,metro_entries,12,weekend,1714,1808.5,1700.5,2153.25,452.75,8,8,8,13712,0.0449321579096,1269.478125,2041.540625,1000,1000,day_cluster_bootstrap_stability,mean_daily_journeys_in_native_hour,observed_days_for_this_station_metric_hour,same_station_metric_date_observed_hours_only,2026-07,journeys/day_at_native_hour,native_hour_local_departure_interpretation_unverified,False,False,observed,observed,1,1,mean_of_distinct_official_station_points_epsg3826,121.543793999,25.0416021624
TRTC:忠孝復興,忠孝復興,忠孝復興,metro_entries,13,weekend,2326,2498.5,2318.25,2844.75,526.5,8,8,8,18608,0.0588144414811,1688.959375,2761.003125,1000,1000,day_cluster_bootstrap_stability,mean_daily_journeys_in_native_hour,observed_days_for_this_station_metric_hour,same_station_metric_date_observed_hours_only,2026-07,journeys/day_at_native_hour,native_hour_local_departure_interpretation_unverified,False,False,observed,observed,1,1,mean_of_distinct_official_station_points_epsg3826,121.543793999,25.0416021624
TRTC:忠孝復興,忠孝復興,忠孝復興,metro_entries,14,weekend,2901.25,3079,3043.5,3490.75,447.25,8,8,8,23210,0.0734608372481,2119.325,3412.30625,1000,1000,day_cluster_bootstrap_stability,mean_daily_journeys_in_native_hour,observed_days_for_this_station_metric_hour,same_station_metric_date_observed_hours_only,2026-07,journeys/day_at_native_hour,native_hour_local_departure_interpretation_unverified,False,False,observed,observed,1,1,mean_of_distinct_official_station_points_epsg3826,121.543793999,25.0416021624
TRTC:忠孝復興,忠孝復興,忠孝復興,metro_entries,15,weekend,3349.875,3678,3503.5,3896,392.5,8,8,8,26799,0.0843166426092,2446.159375,3915.340625,1000,1000,day_cluster_bootstrap_stability,mean_daily_journeys_in_native_hour,observed_days_for_this_station_metric_hour,same_station_metric_date_observed_hours_only,2026-07,journeys/day_at_native_hour,native_hour_local_departure_interpretation_unverified,False,False,observed,observed,1,1,mean_of_distinct_official_station_points_epsg3826,121.543793999,25.0416021624
TRTC:忠孝復興,忠孝復興,忠孝復興,metro_entries,16,weekend,3624.375,3918.5,3737.75,4376.75,639,8,8,8,28995,0.090318628951,2616.075,4263.790625,1000,1000,day_cluster_bootstrap_stability,mean_daily_journeys_in_native_hour,observed_days_for_this_station_metric_hour,same_station_metric_date_observed_hours_only,2026-07,journeys/day_at_native_hour,native_hour_local_departure_interpretation_unverified,False,False,observed,observed,1,1,mean_of_distinct_official_station_points_epsg3826,121.543793999,25.0416021624
TRTC:忠孝復興,忠孝復興,忠孝復興,metro_entries,17,weekend,3942.375,4223,3894,4920,1026,8,8,8,31539,0.0970486586272,2879.590625,4695.965625,1000,1000,day_cluster_bootstrap_stability,mean_daily_journeys_in_native_hour,observed_days_for_this_station_metric_hour,same_station_metric_date_observed_hours_only,2026-07,journeys/day_at_native_hour,native_hour_local_departure_interpretation_unverified,False,False,observed,observed,1,1,mean_of_distinct_official_station_points_epsg3826,121.543793999,25.0416021624
TRTC:忠孝復興,忠孝復興,忠孝復興,metro_entries,18,weekend,3660.25,4068,3586.25,4477.75,891.5,8,8,8,29282,0.0911189380512,2638.99375,4354.50625,1000,1000,day_cluster_bootstrap_stability,mean_daily_journeys_in_native_hour,observed_days_for_this_station_metric_hour,same_station_metric_date_observed_hours_only,2026-07,journeys/day_at_native_hour,native_hour_local_departure_interpretation_unverified,False,False,observed,observed,1,1,mean_of_distinct_official_station_points_epsg3826,121.543793999,25.0416021624
TRTC:忠孝復興,忠孝復興,忠孝復興,metro_entries,19,weekend,3504.375,3912,3349.5,4218.25,868.75,8,8,8,28035,0.0863967979276,2529.75,4249.825,1000,1000,day_cluster_bootstrap_stability,mean_daily_journeys_in_native_hour,observed_days_for_this_station_metric_hour,same_station_metric_date_observed_hours_only,2026-07,journeys/day_at_native_hour,native_hour_local_departure_interpretation_unverified,False,False,observed,observed,1,1,mean_of_distinct_official_station_points_epsg3826,121.543793999,25.0416021624
TRTC:忠孝復興,忠孝復興,忠孝復興,metro_entries,20,weekend,3527.875,3766.5,3297.25,4269.75,972.5,8,8,8,28223,0.0863792547384,2529.715625,4315.70625,1000,1000,day_cluster_bootstrap_stability,mean_daily_journeys_in_native_hour,observed_days_for_this_station_metric_hour,same_station_metric_date_observed_hours_only,2026-07,journeys/day_at_native_hour,native_hour_local_departure_interpretation_unverified,False,False,observed,observed,1,1,mean_of_distinct_official_station_points_epsg3826,121.543793999,25.0416021624
TRTC:忠孝復興,忠孝復興,忠孝復興,metro_entries,21,weekend,3306.875,3633.5,3275.5,4019.5,744,8,8,8,26455,0.0815325922858,2403.6875,3927.053125,1000,1000,day_cluster_bootstrap_stability,mean_daily_journeys_in_native_hour,observed_days_for_this_station_metric_hour,same_station_metric_date_observed_hours_only,2026-07,journeys/day_at_native_hour,native_hour_local_departure_interpretation_unverified,False,False,observed,observed,1,1,mean_of_distinct_official_station_points_epsg3826,121.543793999,25.0416021624
TRTC:忠孝復興,忠孝復興,忠孝復興,metro_entries,22,weekend,2603.5,2434.5,2303.25,3638.25,1335,8,8,8,20828,0.0656830433434,1873.89375,3243.10625,1000,1000,day_cluster_bootstrap_stability,mean_daily_journeys_in_native_hour,observed_days_for_this_station_metric_hour,same_station_metric_date_observed_hours_only,2026-07,journeys/day_at_native_hour,native_hour_local_departure_interpretation_unverified,False,False,observed,observed,1,1,mean_of_distinct_official_station_points_epsg3826,121.543793999,25.0416021624
TRTC:忠孝復興,忠孝復興,忠孝復興,metro_entries,23,weekend,964.625,830.5,738.25,1429.25,691,8,8,8,7717,0.0265363124864,681.946875,1242.021875,1000,1000,day_cluster_bootstrap_stability,mean_daily_journeys_in_native_hour,observed_days_for_this_station_metric_hour,same_station_metric_date_observed_hours_only,2026-07,journeys/day_at_native_hour,native_hour_local_departure_interpretation_unverified,False,False,observed,observed,1,1,mean_of_distinct_official_station_points_epsg3826,121.543793999,25.0416021624
TRTC:忠孝復興,忠孝復興,忠孝復興,metro_exits,0,weekend,148,153,96.5,188.75,92.25,8,8,8,1184,0.00515514416334,108.6125,185.753125,1000,1000,day_cluster_bootstrap_stability,mean_daily_journeys_in_native_hour,observed_days_for_this_station_metric_hour,same_station_metric_date_observed_hours_only,2026-07,journeys/day_at_native_hour,native_hour_local_departure_interpretation_unverified,False,False,observed,observed,1,1,mean_of_distinct_official_station_points_epsg3826,121.543793999,25.0416021624
TRTC:忠孝復興,忠孝復興,忠孝復興,metro_exits,1,weekend,0,0,0,0,0,8,8,8,0,0,0,0,1000,1000,day_cluster_bootstrap_stability,mean_daily_journeys_in_native_hour,observed_days_for_this_station_metric_hour,same_station_metric_date_observed_hours_only,2026-07,journeys/day_at_native_hour,native_hour_local_departure_interpretation_unverified,False,False,observed,observed,1,1,mean_of_distinct_official_station_points_epsg3826,121.543793999,25.0416021624
TRTC:忠孝復興,忠孝復興,忠孝復興,metro_exits,5,weekend,0.75,0.5,0,1,1,8,8,8,6,4.51628957543e-05,0.125,1.5,1000,1000,day_cluster_bootstrap_stability,mean_daily_journeys_in_native_hour,observed_days_for_this_station_metric_hour,same_station_metric_date_observed_hours_only,2026-07,journeys/day_at_native_hour,native_hour_local_departure_interpretation_unverified,False,False,observed,observed,1,1,mean_of_distinct_official_station_points_epsg3826,121.543793999,25.0416021624
TRTC:忠孝復興,忠孝復興,忠孝復興,metro_exits,6,weekend,313.75,309,303.5,365.75,62.25,8,8,8,2510,0.0120992638339,269.75,350.5,1000,1000,day_cluster_bootstrap_stability,mean_daily_journeys_in_native_hour,observed_days_for_this_station_metric_hour,same_station_metric_date_observed_hours_only,2026-07,journeys/day_at_native_hour,native_hour_local_departure_interpretation_unverified,False,False,observed,observed,1,1,mean_of_distinct_official_station_points_epsg3826,121.543793999,25.0416021624
TRTC:忠孝復興,忠孝復興,忠孝復興,metro_exits,7,weekend,491.375,478,468.5,614.5,146,8,8,8,3931,0.0155370493231,390.85625,578.275,1000,1000,day_cluster_bootstrap_stability,mean_daily_journeys_in_native_hour,observed_days_for_this_station_metric_hour,same_station_metric_date_observed_hours_only,2026-07,journeys/day_at_native_hour,native_hour_local_departure_interpretation_unverified,False,False,observed,observed,1,1,mean_of_distinct_official_station_points_epsg3826,121.543793999,25.0416021624
TRTC:忠孝復興,忠孝復興,忠孝復興,metro_exits,8,weekend,918.5,842.5,789.25,1288.25,499,8,8,8,7348,0.0248052765229,658.846875,1150.26875,1000,1000,day_cluster_bootstrap_stability,mean_daily_journeys_in_native_hour,observed_days_for_this_station_metric_hour,same_station_metric_date_observed_hours_only,2026-07,journeys/day_at_native_hour,native_hour_local_departure_interpretation_unverified,False,False,observed,observed,1,1,mean_of_distinct_official_station_points_epsg3826,121.543793999,25.0416021624
TRTC:忠孝復興,忠孝復興,忠孝復興,metro_exits,9,weekend,1755.625,1670,1549.25,2400.25,851,8,8,8,14045,0.0437581246835,1249.94375,2189.19375,1000,1000,day_cluster_bootstrap_stability,mean_daily_journeys_in_native_hour,observed_days_for_this_station_metric_hour,same_station_metric_date_observed_hours_only,2026-07,journeys/day_at_native_hour,native_hour_local_departure_interpretation_unverified,False,False,observed,observed,1,1,mean_of_distinct_official_station_points_epsg3826,121.543793999,25.0416021624
TRTC:忠孝復興,忠孝復興,忠孝復興,metro_exits,10,weekend,2679.75,2832,2684,3369.25,685.25,8,8,8,21438,0.0654218045546,1929.853125,3207.95625,1000,1000,day_cluster_bootstrap_stability,mean_daily_journeys_in_native_hour,observed_days_for_this_station_metric_hour,same_station_metric_date_observed_hours_only,2026-07,journeys/day_at_native_hour,native_hour_local_departure_interpretation_unverified,False,False,observed,observed,1,1,mean_of_distinct_official_station_points_epsg3826,121.543793999,25.0416021624
TRTC:忠孝復興,忠孝復興,忠孝復興,metro_exits,11,weekend,3569.875,3788.5,3683,4237.5,554.5,8,8,8,28559,0.0878041766445,2580.784375,4245.4875,1000,1000,day_cluster_bootstrap_stability,mean_daily_journeys_in_native_hour,observed_days_for_this_station_metric_hour,same_station_metric_date_observed_hours_only,2026-07,journeys/day_at_native_hour,native_hour_local_departure_interpretation_unverified,False,False,observed,observed,1,1,mean_of_distinct_official_station_points_epsg3826,121.543793999,25.0416021624
TRTC:忠孝復興,忠孝復興,忠孝復興,metro_exits,12,weekend,3402.75,3600,3522.25,4163,640.75,8,8,8,27222,0.0848696918972,2480.803125,4025.075,1000,1000,day_cluster_bootstrap_stability,mean_daily_journeys_in_native_hour,observed_days_for_this_station_metric_hour,same_station_metric_date_observed_hours_only,2026-07,journeys/day_at_native_hour,native_hour_local_departure_interpretation_unverified,False,False,observed,observed,1,1,mean_of_distinct_official_station_points_epsg3826,121.543793999,25.0416021624
TRTC:忠孝復興,忠孝復興,忠孝復興,metro_exits,13,weekend,3540.625,3839.5,3594.25,4323,728.75,8,8,8,28325,0.0893789227186,2622.878125,4168.625,1000,1000,day_cluster_bootstrap_stability,mean_daily_journeys_in_native_hour,observed_days_for_this_station_metric_hour,same_station_metric_date_observed_hours_only,2026-07,journeys/day_at_native_hour,native_hour_local_departure_interpretation_unverified,False,False,observed,observed,1,1,mean_of_distinct_official_station_points_epsg3826,121.543793999,25.0416021624
TRTC:忠孝復興,忠孝復興,忠孝復興,metro_exits,14,weekend,3273.25,3781.5,3233,3909,676,8,8,8,26186,0.0834752286829,2417.7,3852.259375,1000,1000,day_cluster_bootstrap_stability,mean_daily_journeys_in_native_hour,observed_days_for_this_station_metric_hour,same_station_metric_date_observed_hours_only,2026-07,journeys/day_at_native_hour,native_hour_local_departure_interpretation_unverified,False,False,observed,observed,1,1,mean_of_distinct_official_station_points_epsg3826,121.543793999,25.0416021624
TRTC:忠孝復興,忠孝復興,忠孝復興,metro_exits,15,weekend,3137.75,3472.5,3152.75,3835.25,682.5,8,8,8,25102,0.0804491213459,2321.55625,3687.99375,1000,1000,day_cluster_bootstrap_stability,mean_daily_journeys_in_native_hour,observed_days_for_this_station_metric_hour,same_station_metric_date_observed_hours_only,2026-07,journeys/day_at_native_hour,native_hour_local_departure_interpretation_unverified,False,False,observed,observed,1,1,mean_of_distinct_official_station_points_epsg3826,121.543793999,25.0416021624
TRTC:忠孝復興,忠孝復興,忠孝復興,metro_exits,16,weekend,3432.5,3914.5,3341,4173.25,832.25,8,8,8,27460,0.086143633736,2503.153125,4085.125,1000,1000,day_cluster_bootstrap_stability,mean_daily_journeys_in_native_hour,observed_days_for_this_station_metric_hour,same_station_metric_date_observed_hours_only,2026-07,journeys/day_at_native_hour,native_hour_local_departure_interpretation_unverified,False,False,observed,observed,1,1,mean_of_distinct_official_station_points_epsg3826,121.543793999,25.0416021624
TRTC:忠孝復興,忠孝復興,忠孝復興,metro_exits,17,weekend,3687.875,4108.5,3463.25,4539.25,1076,8,8,8,29503,0.0935945203373,2695.309375,4449.125,1000,1000,day_cluster_bootstrap_stability,mean_daily_journeys_in_native_hour,observed_days_for_this_station_metric_hour,same_station_metric_date_observed_hours_only,2026-07,journeys/day_at_native_hour,native_hour_local_departure_interpretation_unverified,False,False,observed,observed,1,1,mean_of_distinct_official_station_points_epsg3826,121.543793999,25.0416021624
TRTC:忠孝復興,忠孝復興,忠孝復興,metro_exits,18,weekend,2958.5,3157.5,2820,3618.75,798.75,8,8,8,23668,0.0763619501916,2187.6625,3558.153125,1000,1000,day_cluster_bootstrap_stability,mean_daily_journeys_in_native_hour,observed_days_for_this_station_metric_hour,same_station_metric_date_observed_hours_only,2026-07,journeys/day_at_native_hour,native_hour_local_departure_interpretation_unverified,False,False,observed,observed,1,1,mean_of_distinct_official_station_points_epsg3826,121.543793999,25.0416021624
TRTC:忠孝復興,忠孝復興,忠孝復興,metro_exits,19,weekend,1981.5,1987,1877.75,2496.75,619,8,8,8,15852,0.0515666387845,1455.75,2410.765625,1000,1000,day_cluster_bootstrap_stability,mean_daily_journeys_in_native_hour,observed_days_for_this_station_metric_hour,same_station_metric_date_observed_hours_only,2026-07,journeys/day_at_native_hour,native_hour_local_departure_interpretation_unverified,False,False,observed,observed,1,1,mean_of_distinct_official_station_points_epsg3826,121.543793999,25.0416021624
TRTC:忠孝復興,忠孝復興,忠孝復興,metro_exits,20,weekend,1342.125,1308.5,1286.25,1734.5,448.25,8,8,8,10737,0.0368804247384,1009.6875,1614.759375,1000,1000,day_cluster_bootstrap_stability,mean_daily_journeys_in_native_hour,observed_days_for_this_station_metric_hour,same_station_metric_date_observed_hours_only,2026-07,journeys/day_at_native_hour,native_hour_local_departure_interpretation_unverified,False,False,observed,observed,1,1,mean_of_distinct_official_station_points_epsg3826,121.543793999,25.0416021624
TRTC:忠孝復興,忠孝復興,忠孝復興,metro_exits,21,weekend,1054.125,979.5,954,1342.75,388.75,8,8,8,8433,0.0305517764632,784.9875,1291.271875,1000,1000,day_cluster_bootstrap_stability,mean_daily_journeys_in_native_hour,observed_days_for_this_station_metric_hour,same_station_metric_date_observed_hours_only,2026-07,journeys/day_at_native_hour,native_hour_local_departure_interpretation_unverified,False,False,observed,observed,1,1,mean_of_distinct_official_station_points_epsg3826,121.543793999,25.0416021624
TRTC:忠孝復興,忠孝復興,忠孝復興,metro_exits,22,weekend,730.125,681,527,1008.75,481.75,8,8,8,5841,0.0215982336975,516.75,951.9,1000,1000,day_cluster_bootstrap_stability,mean_daily_journeys_in_native_hour,observed_days_for_this_station_metric_hour,same_station_metric_date_observed_hours_only,2026-07,journeys/day_at_native_hour,native_hour_local_departure_interpretation_unverified,False,False,observed,observed,1,1,mean_of_distinct_official_station_points_epsg3826,121.543793999,25.0416021624
TRTC:忠孝復興,忠孝復興,忠孝復興,metro_exits,23,weekend,328,276,248,454,206,8,8,8,2624,0.0105038547855,234.3625,419.153125,1000,1000,day_cluster_bootstrap_stability,mean_daily_journeys_in_native_hour,observed_days_for_this_station_metric_hour,same_station_metric_date_observed_hours_only,2026-07,journeys/day_at_native_hour,native_hour_local_departure_interpretation_unverified,False,False,observed,observed,1,1,mean_of_distinct_official_station_points_epsg3826,121.543793999,25.0416021624
TRTC:新埔,新埔,新埔,metro_entries,0,weekend,87.5,100,66.5,104,37.5,8,8,8,700,0.00417670696055,70.5,101.25625,1000,1000,day_cluster_bootstrap_stability,mean_daily_journeys_in_native_hour,observed_days_for_this_station_metric_hour,same_station_metric_date_observed_hours_only,2026-07,journeys/day_at_native_hour,native_hour_local_departure_interpretation_unverified,False,False,observed,observed,1,1,mean_of_distinct_official_station_points_epsg3826,121.467987028,25.0229959484
TRTC:新埔,新埔,新埔,metro_entries,1,weekend,1.75,2,0.75,2.25,1.5,8,8,8,14,8.25716211888e-05,0.875,2.625,1000,1000,day_cluster_bootstrap_stability,mean_daily_journeys_in_native_hour,observed_days_for_this_station_metric_hour,same_station_metric_date_observed_hours_only,2026-07,journeys/day_at_native_hour,native_hour_local_departure_interpretation_unverified,False,False,observed,observed,1,1,mean_of_distinct_official_station_points_epsg3826,121.467987028,25.0229959484
TRTC:新埔,新埔,新埔,metro_entries,5,weekend,0.875,0.5,0,2,2,8,8,8,7,5.75805589562e-05,0.25,1.5,1000,1000,day_cluster_bootstrap_stability,mean_daily_journeys_in_native_hour,observed_days_for_this_station_metric_hour,same_station_metric_date_observed_hours_only,2026-07,journeys/day_at_native_hour,native_hour_local_departure_interpretation_unverified,False,False,observed,observed,1,1,mean_of_distinct_official_station_points_epsg3826,121.467987028,25.0229959484
TRTC:新埔,新埔,新埔,metro_entries,6,weekend,550.25,591,508.75,675.5,166.75,8,8,8,4402,0.0236553454571,440.846875,641,1000,1000,day_cluster_bootstrap_stability,mean_daily_journeys_in_native_hour,observed_days_for_this_station_metric_hour,same_station_metric_date_observed_hours_only,2026-07,journeys/day_at_native_hour,native_hour_local_departure_interpretation_unverified,False,False,observed,observed,1,1,mean_of_distinct_official_station_points_epsg3826,121.467987028,25.0229959484
TRTC:新埔,新埔,新埔,metro_entries,7,weekend,839.75,858.5,766.5,1094.75,328.25,8,8,8,6718,0.0330756156842,633.79375,1011.190625,1000,1000,day_cluster_bootstrap_stability,mean_daily_journeys_in_native_hour,observed_days_for_this_station_metric_hour,same_station_metric_date_observed_hours_only,2026-07,journeys/day_at_native_hour,native_hour_local_departure_interpretation_unverified,False,False,observed,observed,1,1,mean_of_distinct_official_station_points_epsg3826,121.467987028,25.0229959484
TRTC:新埔,新埔,新埔,metro_entries,8,weekend,1444.625,1455,1392.5,1892.25,499.75,8,8,8,11557,0.051757762746,1071.725,1754.8875,1000,1000,day_cluster_bootstrap_stability,mean_daily_journeys_in_native_hour,observed_days_for_this_station_metric_hour,same_station_metric_date_observed_hours_only,2026-07,journeys/day_at_native_hour,native_hour_local_departure_interpretation_unverified,False,False,observed,observed,1,1,mean_of_distinct_official_station_points_epsg3826,121.467987028,25.0229959484
TRTC:新埔,新埔,新埔,metro_entries,9,weekend,1858.75,1899.5,1801.25,2396.5,595.25,8,8,8,14870,0.0673634203874,1392.528125,2241.653125,1000,1000,day_cluster_bootstrap_stability,mean_daily_journeys_in_native_hour,observed_days_for_this_station_metric_hour,same_station_metric_date_observed_hours_only,2026-07,journeys/day_at_native_hour,native_hour_local_departure_interpretation_unverified,False,False,observed,observed,1,1,mean_of_distinct_official_station_points_epsg3826,121.467987028,25.0229959484
TRTC:新埔,新埔,新埔,metro_entries,10,weekend,2179.625,2215.5,2178.5,2718.5,540,8,8,8,17437,0.0784989209071,1633.915625,2607.059375,1000,1000,day_cluster_bootstrap_stability,mean_daily_journeys_in_native_hour,observed_days_for_this_station_metric_hour,same_station_metric_date_observed_hours_only,2026-07,journeys/day_at_native_hour,native_hour_local_departure_interpretation_unverified,False,False,observed,observed,1,1,mean_of_distinct_official_station_points_epsg3826,121.467987028,25.0229959484
TRTC:新埔,新埔,新埔,metro_entries,11,weekend,2400.5,2592.5,2477.75,2878.75,401,8,8,8,19204,0.0864372940734,1787.240625,2804.84375,1000,1000,day_cluster_bootstrap_stability,mean_daily_journeys_in_native_hour,observed_days_for_this_station_metric_hour,same_station_metric_date_observed_hours_only,2026-07,journeys/day_at_native_hour,native_hour_local_departure_interpretation_unverified,False,False,observed,observed,1,1,mean_of_distinct_official_station_points_epsg3826,121.467987028,25.0229959484
TRTC:新埔,新埔,新埔,metro_entries,12,weekend,2233.5,2454.5,2315,2639.75,324.75,8,8,8,17868,0.0803704275178,1657.296875,2605.68125,1000,1000,day_cluster_bootstrap_stability,mean_daily_journeys_in_native_hour,observed_days_for_this_station_metric_hour,same_station_metric_date_observed_hours_only,2026-07,journeys/day_at_native_hour,native_hour_local_departure_interpretation_unverified,False,False,observed,observed,1,1,mean_of_distinct_official_station_points_epsg3826,121.467987028,25.0229959484
TRTC:新埔,新埔,新埔,metro_entries,13,weekend,2445.125,2690,2501.5,2876.75,375.25,8,8,8,19561,0.0906426815603,1822.13125,2857.940625,1000,1000,day_cluster_bootstrap_stability,mean_daily_journeys_in_native_hour,observed_days_for_this_station_metric_hour,same_station_metric_date_observed_hours_only,2026-07,journeys/day_at_native_hour,native_hour_local_departure_interpretation_unverified,False,False,observed,observed,1,1,mean_of_distinct_official_station_points_epsg3826,121.467987028,25.0229959484
TRTC:新埔,新埔,新埔,metro_entries,14,weekend,2147.125,2334.5,2298.25,2483,184.75,8,8,8,17177,0.0789327708996,1613.875,2481.659375,1000,1000,day_cluster_bootstrap_stability,mean_daily_journeys_in_native_hour,observed_days_for_this_station_metric_hour,same_station_metric_date_observed_hours_only,2026-07,journeys/day_at_native_hour,native_hour_local_departure_interpretation_unverified,False,False,observed,observed,1,1,mean_of_distinct_official_station_points_epsg3826,121.467987028,25.0229959484
TRTC:新埔,新埔,新埔,metro_entries,15,weekend,1891.375,2118.5,1905.25,2276.75,371.5,8,8,8,15131,0.0694694190942,1414.728125,2205.875,1000,1000,day_cluster_bootstrap_stability,mean_daily_journeys_in_native_hour,observed_days_for_this_station_metric_hour,same_station_metric_date_observed_hours_only,2026-07,journeys/day_at_native_hour,native_hour_local_departure_interpretation_unverified,False,False,observed,observed,1,1,mean_of_distinct_official_station_points_epsg3826,121.467987028,25.0229959484
TRTC:新埔,新埔,新埔,metro_entries,16,weekend,1786.125,1882,1799.25,2187.75,388.5,8,8,8,14289,0.0644328104116,1323.46875,2120.75625,1000,1000,day_cluster_bootstrap_stability,mean_daily_journeys_in_native_hour,observed_days_for_this_station_metric_hour,same_station_metric_date_observed_hours_only,2026-07,journeys/day_at_native_hour,native_hour_local_departure_interpretation_unverified,False,False,observed,observed,1,1,mean_of_distinct_official_station_points_epsg3826,121.467987028,25.0229959484
TRTC:新埔,新埔,新埔,metro_entries,17,weekend,1930.5,2074,1783,2424.5,641.5,8,8,8,15444,0.0690442634024,1423.746875,2374.89375,1000,1000,day_cluster_bootstrap_stability,mean_daily_journeys_in_native_hour,observed_days_for_this_station_metric_hour,same_station_metric_date_observed_hours_only,2026-07,journeys/day_at_native_hour,native_hour_local_departure_interpretation_unverified,False,False,observed,observed,1,1,mean_of_distinct_official_station_points_epsg3826,121.467987028,25.0229959484
TRTC:新埔,新埔,新埔,metro_entries,18,weekend,1642.125,1686.5,1540.75,1980.5,439.75,8,8,8,13137,0.0605286521124,1228.49375,1984.384375,1000,1000,day_cluster_bootstrap_stability,mean_daily_journeys_in_native_hour,observed_days_for_this_station_metric_hour,same_station_metric_date_observed_hours_only,2026-07,journeys/day_at_native_hour,native_hour_local_departure_interpretation_unverified,False,False,observed,observed,1,1,mean_of_distinct_official_station_points_epsg3826,121.467987028,25.0229959484
TRTC:新埔,新埔,新埔,metro_entries,19,weekend,1207.375,1254,1151.5,1505.25,353.75,8,8,8,9659,0.0445605203533,901.534375,1442,1000,1000,day_cluster_bootstrap_stability,mean_daily_journeys_in_native_hour,observed_days_for_this_station_metric_hour,same_station_metric_date_observed_hours_only,2026-07,journeys/day_at_native_hour,native_hour_local_departure_interpretation_unverified,False,False,observed,observed,1,1,mean_of_distinct_official_station_points_epsg3826,121.467987028,25.0229959484
TRTC:新埔,新埔,新埔,metro_entries,20,weekend,909.25,990,901.25,1075.5,174.25,8,8,8,7274,0.0339860713049,677.575,1065.259375,1000,1000,day_cluster_bootstrap_stability,mean_daily_journeys_in_native_hour,observed_days_for_this_station_metric_hour,same_station_metric_date_observed_hours_only,2026-07,journeys/day_at_native_hour,native_hour_local_departure_interpretation_unverified,False,False,observed,observed,1,1,mean_of_distinct_official_station_points_epsg3826,121.467987028,25.0229959484
TRTC:新埔,新埔,新埔,metro_entries,21,weekend,762.375,810,718.25,926,207.75,8,8,8,6099,0.0299139818014,588.209375,900.015625,1000,1000,day_cluster_bootstrap_stability,mean_daily_journeys_in_native_hour,observed_days_for_this_station_metric_hour,same_station_metric_date_observed_hours_only,2026-07,journeys/day_at_native_hour,native_hour_local_departure_interpretation_unverified,False,False,observed,observed,1,1,mean_of_distinct_official_station_points_epsg3826,121.467987028,25.0229959484
TRTC:新埔,新埔,新埔,metro_entries,22,weekend,551.25,526.5,484.75,737.75,253,8,8,8,4410,0.0216452932187,414.11875,671.875,1000,1000,day_cluster_bootstrap_stability,mean_daily_journeys_in_native_hour,observed_days_for_this_station_metric_hour,same_station_metric_date_observed_hours_only,2026-07,journeys/day_at_native_hour,native_hour_local_departure_interpretation_unverified,False,False,observed,observed,1,1,mean_of_distinct_official_station_points_epsg3826,121.467987028,25.0229959484
TRTC:新埔,新埔,新埔,metro_entries,23,weekend,263.25,244,221.5,356.5,135,8,8,8,2106,0.0113678899275,206.4875,318.378125,1000,1000,day_cluster_bootstrap_stability,mean_daily_journeys_in_native_hour,observed_days_for_this_station_metric_hour,same_station_metric_date_observed_hours_only,2026-07,journeys/day_at_native_hour,native_hour_local_departure_interpretation_unverified,False,False,observed,observed,1,1,mean_of_distinct_official_station_points_epsg3826,121.467987028,25.0229959484
TRTC:新埔,新埔,新埔,metro_exits,0,weekend,326.625,330,266,385.25,119.25,8,8,8,2613,0.0132225231163,236.746875,409.26875,1000,1000,day_cluster_bootstrap_stability,mean_daily_journeys_in_native_hour,observed_days_for_this_station_metric_hour,same_station_metric_date_observed_hours_only,2026-07,journeys/day_at_native_hour,native_hour_local_departure_interpretation_unverified,False,False,observed,observed,1,1,mean_of_distinct_official_station_points_epsg3826,121.467987028,25.0229959484
TRTC:新埔,新埔,新埔,metro_exits,1,weekend,0,0,0,0,0,8,8,8,0,0,0,0,1000,1000,day_cluster_bootstrap_stability,mean_daily_journeys_in_native_hour,observed_days_for_this_station_metric_hour,same_station_metric_date_observed_hours_only,2026-07,journeys/day_at_native_hour,native_hour_local_departure_interpretation_unverified,False,False,observed,observed,1,1,mean_of_distinct_official_station_points_epsg3826,121.467987028,25.0229959484
TRTC:新埔,新埔,新埔,metro_exits,5,weekend,0.875,0.5,0,2,2,8,8,8,7,5.82982818961e-05,0.25,1.5,1000,1000,day_cluster_bootstrap_stability,mean_daily_journeys_in_native_hour,observed_days_for_this_station_metric_hour,same_station_metric_date_observed_hours_only,2026-07,journeys/day_at_native_hour,native_hour_local_departure_interpretation_unverified,False,False,observed,observed,1,1,mean_of_distinct_official_station_points_epsg3826,121.467987028,25.0229959484
TRTC:新埔,新埔,新埔,metro_exits,6,weekend,275.5,301,248.25,350.5,102.25,8,8,8,2204,0.0110338247522,210.725,332.25,1000,1000,day_cluster_bootstrap_stability,mean_daily_journeys_in_native_hour,observed_days_for_this_station_metric_hour,same_station_metric_date_observed_hours_only,2026-07,journeys/day_at_native_hour,native_hour_local_departure_interpretation_unverified,False,False,observed,observed,1,1,mean_of_distinct_official_station_points_epsg3826,121.467987028,25.0229959484
TRTC:新埔,新埔,新埔,metro_exits,7,weekend,464,515,435.75,569.25,133.5,8,8,8,3712,0.0188922863458,352.4875,559.503125,1000,1000,day_cluster_bootstrap_stability,mean_daily_journeys_in_native_hour,observed_days_for_this_station_metric_hour,same_station_metric_date_observed_hours_only,2026-07,journeys/day_at_native_hour,native_hour_local_departure_interpretation_unverified,False,False,observed,observed,1,1,mean_of_distinct_official_station_points_epsg3826,121.467987028,25.0229959484
TRTC:新埔,新埔,新埔,metro_exits,8,weekend,770.625,876.5,672.25,925.5,253.25,8,8,8,6165,0.0292150947611,564.36875,945.125,1000,1000,day_cluster_bootstrap_stability,mean_daily_journeys_in_native_hour,observed_days_for_this_station_metric_hour,same_station_metric_date_observed_hours_only,2026-07,journeys/day_at_native_hour,native_hour_local_departure_interpretation_unverified,False,False,observed,observed,1,1,mean_of_distinct_official_station_points_epsg3826,121.467987028,25.0229959484
TRTC:新埔,新埔,新埔,metro_exits,9,weekend,849.625,896,786.75,1039.25,252.5,8,8,8,6797,0.0313977156139,626.503125,1037.009375,1000,1000,day_cluster_bootstrap_stability,mean_daily_journeys_in_native_hour,observed_days_for_this_station_metric_hour,same_station_metric_date_observed_hours_only,2026-07,journeys/day_at_native_hour,native_hour_local_departure_interpretation_unverified,False,False,observed,observed,1,1,mean_of_distinct_official_station_points_epsg3826,121.467987028,25.0229959484
TRTC:新埔,新埔,新埔,metro_exits,10,weekend,966.625,1008.5,944.5,1234,289.5,8,8,8,7733,0.0359651819203,724.5,1150.553125,1000,1000,day_cluster_bootstrap_stability,mean_daily_journeys_in_native_hour,observed_days_for_this_station_metric_hour,same_station_metric_date_observed_hours_only,2026-07,journeys/day_at_native_hour,native_hour_local_departure_interpretation_unverified,False,False,observed,observed,1,1,mean_of_distinct_official_station_points_epsg3826,121.467987028,25.0229959484
TRTC:新埔,新埔,新埔,metro_exits,11,weekend,1210.25,1334,1216.25,1439.5,223.25,8,8,8,9682,0.0449400620667,900.059375,1420.034375,1000,1000,day_cluster_bootstrap_stability,mean_daily_journeys_in_native_hour,observed_days_for_this_station_metric_hour,same_station_metric_date_observed_hours_only,2026-07,journeys/day_at_native_hour,native_hour_local_departure_interpretation_unverified,False,False,observed,observed,1,1,mean_of_distinct_official_station_points_epsg3826,121.467987028,25.0229959484
TRTC:新埔,新埔,新埔,metro_exits,12,weekend,1348.375,1432,1339,1616.25,277.25,8,8,8,10787,0.0505462601358,1008.1125,1602.403125,1000,1000,day_cluster_bootstrap_stability,mean_daily_journeys_in_native_hour,observed_days_for_this_station_metric_hour,same_station_metric_date_observed_hours_only,2026-07,journeys/day_at_native_hour,native_hour_local_departure_interpretation_unverified,False,False,observed,observed,1,1,mean_of_distinct_official_station_points_epsg3826,121.467987028,25.0229959484
TRTC:新埔,新埔,新埔,metro_exits,13,weekend,1482.375,1643,1488,1797,309,8,8,8,11859,0.0556005599521,1115.553125,1747.65625,1000,1000,day_cluster_bootstrap_stability,mean_daily_journeys_in_native_hour,observed_days_for_this_station_metric_hour,same_station_metric_date_observed_hours_only,2026-07,journeys/day_at_native_hour,native_hour_local_departure_interpretation_unverified,False,False,observed,observed,1,1,mean_of_distinct_official_station_points_epsg3826,121.467987028,25.0229959484
TRTC:新埔,新埔,新埔,metro_exits,14,weekend,1502.125,1634.5,1572.75,1783.75,211,8,8,8,12017,0.0571016729245,1129.84375,1734.903125,1000,1000,day_cluster_bootstrap_stability,mean_daily_journeys_in_native_hour,observed_days_for_this_station_metric_hour,same_station_metric_date_observed_hours_only,2026-07,journeys/day_at_native_hour,native_hour_local_departure_interpretation_unverified,False,False,observed,observed,1,1,mean_of_distinct_official_station_points_epsg3826,121.467987028,25.0229959484
TRTC:新埔,新埔,新埔,metro_exits,15,weekend,1672.5,1867.5,1731,1951.75,220.75,8,8,8,13380,0.0629023676955,1257.05,1942.25,1000,1000,day_cluster_bootstrap_stability,mean_daily_journeys_in_native_hour,observed_days_for_this_station_metric_hour,same_station_metric_date_observed_hours_only,2026-07,journeys/day_at_native_hour,native_hour_local_departure_interpretation_unverified,False,False,observed,observed,1,1,mean_of_distinct_official_station_points_epsg3826,121.467987028,25.0229959484
TRTC:新埔,新埔,新埔,metro_exits,16,weekend,2094.125,2314,2182.25,2423.25,241,8,8,8,16753,0.0795263940866,1573.725,2429.0125,1000,1000,day_cluster_bootstrap_stability,mean_daily_journeys_in_native_hour,observed_days_for_this_station_metric_hour,same_station_metric_date_observed_hours_only,2026-07,journeys/day_at_native_hour,native_hour_local_departure_interpretation_unverified,False,False,observed,observed,1,1,mean_of_distinct_official_station_points_epsg3826,121.467987028,25.0229959484
TRTC:新埔,新埔,新埔,metro_exits,17,weekend,2599.125,2844,2691.5,3135.25,443.75,8,8,8,20793,0.097369208741,1958.61875,3021.26875,1000,1000,day_cluster_bootstrap_stability,mean_daily_journeys_in_native_hour,observed_days_for_this_station_metric_hour,same_station_metric_date_observed_hours_only,2026-07,journeys/day_at_native_hour,native_hour_local_departure_interpretation_unverified,False,False,observed,observed,1,1,mean_of_distinct_official_station_points_epsg3826,121.467987028,25.0229959484
TRTC:新埔,新埔,新埔,metro_exits,18,weekend,2389,2607,2536.25,2809.25,273,8,8,8,19112,0.0895073733708,1800.61875,2749.01875,1000,1000,day_cluster_bootstrap_stability,mean_daily_journeys_in_native_hour,observed_days_for_this_station_metric_hour,same_station_metric_date_observed_hours_only,2026-07,journeys/day_at_native_hour,native_hour_local_departure_interpretation_unverified,False,False,observed,observed,1,1,mean_of_distinct_official_station_points_epsg3826,121.467987028,25.0229959484
TRTC:新埔,新埔,新埔,metro_exits,19,weekend,2061.375,2250.5,2165,2423,258,8,8,8,16491,0.0782072547029,1568.2375,2381.565625,1000,1000,day_cluster_bootstrap_stability,mean_daily_journeys_in_native_hour,observed_days_for_this_station_metric_hour,same_station_metric_date_observed_hours_only,2026-07,journeys/day_at_native_hour,native_hour_local_departure_interpretation_unverified,False,False,observed,observed,1,1,mean_of_distinct_official_station_points_epsg3826,121.467987028,25.0229959484
TRTC:新埔,新埔,新埔,metro_exits,20,weekend,1906.5,2073,1994.25,2242,247.75,8,8,8,15252,0.071434636477,1440.6625,2202.25625,1000,1000,day_cluster_bootstrap_stability,mean_daily_journeys_in_native_hour,observed_days_for_this_station_metric_hour,same_station_metric_date_observed_hours_only,2026-07,journeys/day_at_native_hour,native_hour_local_departure_interpretation_unverified,False,False,observed,observed,1,1,mean_of_distinct_official_station_points_epsg3826,121.467987028,25.0229959484
TRTC:新埔,新埔,新埔,metro_exits,21,weekend,2072.375,2162,2005.25,2438.75,433.5,8,8,8,16579,0.0760669065284,1522.015625,2501.384375,1000,1000,day_cluster_bootstrap_stability,mean_daily_journeys_in_native_hour,observed_days_for_this_station_metric_hour,same_station_metric_date_observed_hours_only,2026-07,journeys/day_at_native_hour,native_hour_local_departure_interpretation_unverified,False,False,observed,observed,1,1,mean_of_distinct_official_station_points_epsg3826,121.467987028,25.0229959484
TRTC:新埔,新埔,新埔,metro_exits,22,weekend,1862.25,1886.5,1647.75,2454.75,807,8,8,8,14898,0.0675999832736,1349.7625,2303.846875,1000,1000,day_cluster_bootstrap_stability,mean_daily_journeys_in_native_hour,observed_days_for_this_station_metric_hour,same_station_metric_date_observed_hours_only,2026-07,journeys/day_at_native_hour,native_hour_local_departure_interpretation_unverified,False,False,observed,observed,1,1,mean_of_distinct_official_station_points_epsg3826,121.467987028,25.0229959484
TRTC:新埔,新埔,新埔,metro_exits,23,weekend,748.875,695.5,598,985.75,387.75,8,8,8,5991,0.0294123952534,538.25,950.403125,1000,1000,day_cluster_bootstrap_stability,mean_daily_journeys_in_native_hour,observed_days_for_this_station_metric_hour,same_station_metric_date_observed_hours_only,2026-07,journeys/day_at_native_hour,native_hour_local_departure_interpretation_unverified,False,False,observed,observed,1,1,mean_of_distinct_official_station_points_epsg3826,121.467987028,25.0229959484
TRTC:松江南京,松江南京,松江南京,metro_entries,0,weekend,174,155.5,137.25,247,109.75,8,8,8,1392,0.0117191867002,129.49375,216.7625,1000,1000,day_cluster_bootstrap_stability,mean_daily_journeys_in_native_hour,observed_days_for_this_station_metric_hour,same_station_metric_date_observed_hours_only,2026-07,journeys/day_at_native_hour,native_hour_local_departure_interpretation_unverified,False,False,observed,observed,2,2,mean_of_distinct_official_station_points_epsg3826,121.533059812,25.0522169966
TRTC:松江南京,松江南京,松江南京,metro_entries,1,weekend,8.5,8,4.25,14.25,10,8,8,8,68,0.000428436037635,4.625,12.125,1000,1000,day_cluster_bootstrap_stability,mean_daily_journeys_in_native_hour,observed_days_for_this_station_metric_hour,same_station_metric_date_observed_hours_only,2026-07,journeys/day_at_native_hour,native_hour_local_departure_interpretation_unverified,False,False,observed,observed,2,2,mean_of_distinct_official_station_points_epsg3826,121.533059812,25.0522169966
TRTC:松江南京,松江南京,松江南京,metro_entries,5,weekend,0.125,0,0,0,0,8,8,8,1,4.99001996008e-05,0,0.375,1000,1000,day_cluster_bootstrap_stability,mean_daily_journeys_in_native_hour,observed_days_for_this_station_metric_hour,same_station_metric_date_observed_hours_only,2026-07,journeys/day_at_native_hour,native_hour_local_departure_interpretation_unverified,False,False,observed,observed,2,2,mean_of_distinct_official_station_points_epsg3826,121.533059812,25.0522169966
TRTC:松江南京,松江南京,松江南京,metro_entries,6,weekend,105.125,110.5,99.5,117.75,18.25,8,8,8,841,0.00784278096795,88.996875,119,1000,1000,day_cluster_bootstrap_stability,mean_daily_journeys_in_native_hour,observed_days_for_this_station_metric_hour,same_station_metric_date_observed_hours_only,2026-07,journeys/day_at_native_hour,native_hour_local_departure_interpretation_unverified,False,False,observed,observed,2,2,mean_of_distinct_official_station_points_epsg3826,121.533059812,25.0522169966
TRTC:松江南京,松江南京,松江南京,metro_entries,7,weekend,222.75,247,206.75,261.75,55,8,8,8,1782,0.0159523349626,182.125,255.875,1000,1000,day_cluster_bootstrap_stability,mean_daily_journeys_in_native_hour,observed_days_for_this_station_metric_hour,same_station_metric_date_observed_hours_only,2026-07,journeys/day_at_native_hour,native_hour_local_departure_interpretation_unverified,False,False,observed,observed,2,2,mean_of_distinct_official_station_points_epsg3826,121.533059812,25.0522169966
TRTC:松江南京,松江南京,松江南京,metro_entries,8,weekend,331.25,348.5,311,420.5,109.5,8,8,8,2650,0.0204993557396,253.984375,395.271875,1000,1000,day_cluster_bootstrap_stability,mean_daily_journeys_in_native_hour,observed_days_for_this_station_metric_hour,same_station_metric_date_observed_hours_only,2026-07,journeys/day_at_native_hour,native_hour_local_departure_interpretation_unverified,False,False,observed,observed,2,2,mean_of_distinct_official_station_points_epsg3826,121.533059812,25.0522169966
TRTC:松江南京,松江南京,松江南京,metro_entries,9,weekend,505.875,547.5,515.5,609.75,94.25,8,8,8,4047,0.0300597047036,379.465625,595.00625,1000,1000,day_cluster_bootstrap_stability,mean_daily_journeys_in_native_hour,observed_days_for_this_station_metric_hour,same_station_metric_date_observed_hours_only,2026-07,journeys/day_at_native_hour,native_hour_local_departure_interpretation_unverified,False,False,observed,observed,2,2,mean_of_distinct_official_station_points_epsg3826,121.533059812,25.0522169966
TRTC:松江南京,松江南京,松江南京,metro_entries,10,weekend,622,695.5,628,757,129,8,8,8,4976,0.0367230370758,467.234375,729.38125,1000,1000,day_cluster_bootstrap_stability,mean_daily_journeys_in_native_hour,observed_days_for_this_station_metric_hour,same_station_metric_date_observed_hours_only,2026-07,journeys/day_at_native_hour,native_hour_local_departure_interpretation_unverified,False,False,observed,observed,2,2,mean_of_distinct_official_station_points_epsg3826,121.533059812,25.0522169966
TRTC:松江南京,松江南京,松江南京,metro_entries,11,weekend,860.75,955.5,877.25,1006,128.75,8,8,8,6886,0.0510205709341,638.81875,1048.134375,1000,1000,day_cluster_bootstrap_stability,mean_daily_journeys_in_native_hour,observed_days_for_this_station_metric_hour,same_station_metric_date_observed_hours_only,2026-07,journeys/day_at_native_hour,native_hour_local_departure_interpretation_unverified,False,False,observed,observed,2,2,mean_of_distinct_official_station_points_epsg3826,121.533059812,25.0522169966
TRTC:松江南京,松江南京,松江南京,metro_entries,12,weekend,1060.375,1072,973.75,1395.75,422,8,8,8,8483,0.0613614547078,782.990625,1292.91875,1000,1000,day_cluster_bootstrap_stability,mean_daily_journeys_in_native_hour,observed_days_for_this_station_metric_hour,same_station_metric_date_observed_hours_only,2026-07,journeys/day_at_native_hour,native_hour_local_departure_interpretation_unverified,False,False,observed,observed,2,2,mean_of_distinct_official_station_points_epsg3826,121.533059812,25.0522169966
TRTC:松江南京,松江南京,松江南京,metro_entries,13,weekend,1259.125,1337,1232,1601.5,369.5,8,8,8,10073,0.0718702843809,927.209375,1510.878125,1000,1000,day_cluster_bootstrap_stability,mean_daily_journeys_in_native_hour,observed_days_for_this_station_metric_hour,same_station_metric_date_observed_hours_only,2026-07,journeys/day_at_native_hour,native_hour_local_departure_interpretation_unverified,False,False,observed,observed,2,2,mean_of_distinct_official_station_points_epsg3826,121.533059812,25.0522169966
TRTC:松江南京,松江南京,松江南京,metro_entries,14,weekend,1327.375,1383.5,1327,1618.5,291.5,8,8,8,10619,0.0766118792483,980.9625,1589.040625,1000,1000,day_cluster_bootstrap_stability,mean_daily_journeys_in_native_hour,observed_days_for_this_station_metric_hour,same_station_metric_date_observed_hours_only,2026-07,journeys/day_at_native_hour,native_hour_local_departure_interpretation_unverified,False,False,observed,observed,2,2,mean_of_distinct_official_station_points_epsg3826,121.533059812,25.0522169966
TRTC:松江南京,松江南京,松江南京,metro_entries,15,weekend,1365.375,1314.5,1293.5,1774.5,481,8,8,8,10923,0.0781405896783,1004.13125,1679.009375,1000,1000,day_cluster_bootstrap_stability,mean_daily_journeys_in_native_hour,observed_days_for_this_station_metric_hour,same_station_metric_date_observed_hours_only,2026-07,journeys/day_at_native_hour,native_hour_local_departure_interpretation_unverified,False,False,observed,observed,2,2,mean_of_distinct_official_station_points_epsg3826,121.533059812,25.0522169966
TRTC:松江南京,松江南京,松江南京,metro_entries,16,weekend,1390.5,1361.5,1303,1829.25,526.25,8,8,8,11124,0.0797468400118,1021.596875,1696.00625,1000,1000,day_cluster_bootstrap_stability,mean_daily_journeys_in_native_hour,observed_days_for_this_station_metric_hour,same_station_metric_date_observed_hours_only,2026-07,journeys/day_at_native_hour,native_hour_local_departure_interpretation_unverified,False,False,observed,observed,2,2,mean_of_distinct_official_station_points_epsg3826,121.533059812,25.0522169966
TRTC:松江南京,松江南京,松江南京,metro_entries,17,weekend,1570.375,1561.5,1412.25,2011.5,599.25,8,8,8,12563,0.0913465231351,1137.415625,1940,1000,1000,day_cluster_bootstrap_stability,mean_daily_journeys_in_native_hour,observed_days_for_this_station_metric_hour,same_station_metric_date_observed_hours_only,2026-07,journeys/day_at_native_hour,native_hour_local_departure_interpretation_unverified,False,False,observed,observed,2,2,mean_of_distinct_official_station_points_epsg3826,121.533059812,25.0522169966
TRTC:松江南京,松江南京,松江南京,metro_entries,18,weekend,1411.625,1458.5,1266.25,1751.5,485.25,8,8,8,11293,0.0855197271812,1049.2,1710.009375,1000,1000,day_cluster_bootstrap_stability,mean_daily_journeys_in_native_hour,observed_days_for_this_station_metric_hour,same_station_metric_date_observed_hours_only,2026-07,journeys/day_at_native_hour,native_hour_local_departure_interpretation_unverified,False,False,observed,observed,2,2,mean_of_distinct_official_station_points_epsg3826,121.533059812,25.0522169966
TRTC:松江南京,松江南京,松江南京,metro_entries,19,weekend,1309.375,1281.5,1247.25,1675.5,428.25,8,8,8,10475,0.078624995777,982.5875,1577.953125,1000,1000,day_cluster_bootstrap_stability,mean_daily_journeys_in_native_hour,observed_days_for_this_station_metric_hour,same_station_metric_date_observed_hours_only,2026-07,journeys/day_at_native_hour,native_hour_local_departure_interpretation_unverified,False,False,observed,observed,2,2,mean_of_distinct_official_station_points_epsg3826,121.533059812,25.0522169966
TRTC:松江南京,松江南京,松江南京,metro_entries,20,weekend,1101.375,1098,1073.25,1445.25,372,8,8,8,8811,0.0639382197718,822.0625,1320.134375,1000,1000,day_cluster_bootstrap_stability,mean_daily_journeys_in_native_hour,observed_days_for_this_station_metric_hour,same_station_metric_date_observed_hours_only,2026-07,journeys/day_at_native_hour,native_hour_local_departure_interpretation_unverified,False,False,observed,observed,2,2,mean_of_distinct_official_station_points_epsg3826,121.533059812,25.0522169966
TRTC:松江南京,松江南京,松江南京,metro_entries,21,weekend,1130.625,1113,1054,1451.25,397.25,8,8,8,9045,0.0656007907664,827.9125,1379.759375,1000,1000,day_cluster_bootstrap_stability,mean_daily_journeys_in_native_hour,observed_days_for_this_station_metric_hour,same_station_metric_date_observed_hours_only,2026-07,journeys/day_at_native_hour,native_hour_local_departure_interpretation_unverified,False,False,observed,observed,2,2,mean_of_distinct_official_station_points_epsg3826,121.533059812,25.0522169966
TRTC:松江南京,松江南京,松江南京,metro_entries,22,weekend,804.625,722.5,709.25,1080.25,371,8,8,8,6437,0.0484267638251,591.490625,1006.090625,1000,1000,day_cluster_bootstrap_stability,mean_daily_journeys_in_native_hour,observed_days_for_this_station_metric_hour,same_station_metric_date_observed_hours_only,2026-07,journeys/day_at_native_hour,native_hour_local_departure_interpretation_unverified,False,False,observed,observed,2,2,mean_of_distinct_official_station_points_epsg3826,121.533059812,25.0522169966
TRTC:松江南京,松江南京,松江南京,metro_entries,23,weekend,381.25,340,332.75,521.5,188.75,8,8,8,3050,0.0245166241953,295.253125,464.259375,1000,1000,day_cluster_bootstrap_stability,mean_daily_journeys_in_native_hour,observed_days_for_this_station_metric_hour,same_station_metric_date_observed_hours_only,2026-07,journeys/day_at_native_hour,native_hour_local_departure_interpretation_unverified,False,False,observed,observed,2,2,mean_of_distinct_official_station_points_epsg3826,121.533059812,25.0522169966
TRTC:松江南京,松江南京,松江南京,metro_exits,0,weekend,107.75,96.5,71,122,51,8,8,8,862,0.007085071477,72.746875,150.5,1000,1000,day_cluster_bootstrap_stability,mean_daily_journeys_in_native_hour,observed_days_for_this_station_metric_hour,same_station_metric_date_observed_hours_only,2026-07,journeys/day_at_native_hour,native_hour_local_departure_interpretation_unverified,False,False,observed,observed,2,2,mean_of_distinct_official_station_points_epsg3826,121.533059812,25.0522169966
TRTC:松江南京,松江南京,松江南京,metro_exits,1,weekend,0,0,0,0,0,8,8,8,0,0,0,0,1000,1000,day_cluster_bootstrap_stability,mean_daily_journeys_in_native_hour,observed_days_for_this_station_metric_hour,same_station_metric_date_observed_hours_only,2026-07,journeys/day_at_native_hour,native_hour_local_departure_interpretation_unverified,False,False,observed,observed,2,2,mean_of_distinct_official_station_points_epsg3826,121.533059812,25.0522169966
TRTC:松江南京,松江南京,松江南京,metro_exits,5,weekend,0.125,0,0,0,0,8,8,8,1,4.8751950078e-05,0,0.375,1000,1000,day_cluster_bootstrap_stability,mean_daily_journeys_in_native_hour,observed_days_for_this_station_metric_hour,same_station_metric_date_observed_hours_only,2026-07,journeys/day_at_native_hour,native_hour_local_departure_interpretation_unverified,False,False,observed,observed,2,2,mean_of_distinct_official_station_points_epsg3826,121.533059812,25.0522169966
TRTC:松江南京,松江南京,松江南京,metro_exits,6,weekend,213.75,221.5,205.25,243.25,38,8,8,8,1710,0.0163877135487,187.24375,236.875,1000,1000,day_cluster_bootstrap_stability,mean_daily_journeys_in_native_hour,observed_days_for_this_station_metric_hour,same_station_metric_date_observed_hours_only,2026-07,journeys/day_at_native_hour,native_hour_local_departure_interpretation_unverified,False,False,observed,observed,2,2,mean_of_distinct_official_station_points_epsg3826,121.533059812,25.0522169966
TRTC:松江南京,松江南京,松江南京,metro_exits,7,weekend,382,383,342.5,477,134.5,8,8,8,3056,0.0244575415752,298.7125,454.01875,1000,1000,day_cluster_bootstrap_stability,mean_daily_journeys_in_native_hour,observed_days_for_this_station_metric_hour,same_station_metric_date_observed_hours_only,2026-07,journeys/day_at_native_hour,native_hour_local_departure_interpretation_unverified,False,False,observed,observed,2,2,mean_of_distinct_official_station_points_epsg3826,121.533059812,25.0522169966
TRTC:松江南京,松江南京,松江南京,metro_exits,8,weekend,672.75,666,542.75,924.25,381.5,8,8,8,5382,0.0383233388192,481.7375,844.553125,1000,1000,day_cluster_bootstrap_stability,mean_daily_journeys_in_native_hour,observed_days_for_this_station_metric_hour,same_station_metric_date_observed_hours_only,2026-07,journeys/day_at_native_hour,native_hour_local_departure_interpretation_unverified,False,False,observed,observed,2,2,mean_of_distinct_official_station_points_epsg3826,121.533059812,25.0522169966
TRTC:松江南京,松江南京,松江南京,metro_exits,9,weekend,1016,966,881.5,1359,477.5,8,8,8,8128,0.0551752020159,721.375,1283.50625,1000,1000,day_cluster_bootstrap_stability,mean_daily_journeys_in_native_hour,observed_days_for_this_station_metric_hour,same_station_metric_date_observed_hours_only,2026-07,journeys/day_at_native_hour,native_hour_local_departure_interpretation_unverified,False,False,observed,observed,2,2,mean_of_distinct_official_station_points_epsg3826,121.533059812,25.0522169966
TRTC:松江南京,松江南京,松江南京,metro_exits,10,weekend,1106.75,1155,1065,1429.25,364.25,8,8,8,8854,0.0602175413408,810.5875,1331.89375,1000,1000,day_cluster_bootstrap_stability,mean_daily_journeys_in_native_hour,observed_days_for_this_station_metric_hour,same_station_metric_date_observed_hours_only,2026-07,journeys/day_at_native_hour,native_hour_local_departure_interpretation_unverified,False,False,observed,observed,2,2,mean_of_distinct_official_station_points_epsg3826,121.533059812,25.0522169966
TRTC:松江南京,松江南京,松江南京,metro_exits,11,weekend,1566.5,1560,1521.75,1993.5,471.75,8,8,8,12532,0.0839796572189,1140.503125,1914.5,1000,1000,day_cluster_bootstrap_stability,mean_daily_journeys_in_native_hour,observed_days_for_this_station_metric_hour,same_station_metric_date_observed_hours_only,2026-07,journeys/day_at_native_hour,native_hour_local_departure_interpretation_unverified,False,False,observed,observed,2,2,mean_of_distinct_official_station_points_epsg3826,121.533059812,25.0522169966
TRTC:松江南京,松江南京,松江南京,metro_exits,12,weekend,1494.75,1458.5,1422.5,1989.25,566.75,8,8,8,11958,0.0814639056113,1090.4,1819.509375,1000,1000,day_cluster_bootstrap_stability,mean_daily_journeys_in_native_hour,observed_days_for_this_station_metric_hour,same_station_metric_date_observed_hours_only,2026-07,journeys/day_at_native_hour,native_hour_local_departure_interpretation_unverified,False,False,observed,observed,2,2,mean_of_distinct_official_station_points_epsg3826,121.533059812,25.0522169966
TRTC:松江南京,松江南京,松江南京,metro_exits,13,weekend,1414.375,1401,1309.5,1867,557.5,8,8,8,11315,0.0781603161383,1034.59375,1735.671875,1000,1000,day_cluster_bootstrap_stability,mean_daily_journeys_in_native_hour,observed_days_for_this_station_metric_hour,same_station_metric_date_observed_hours_only,2026-07,journeys/day_at_native_hour,native_hour_local_departure_interpretation_unverified,False,False,observed,observed,2,2,mean_of_distinct_official_station_points_epsg3826,121.533059812,25.0522169966
TRTC:松江南京,松江南京,松江南京,metro_exits,14,weekend,1190.25,1220.5,1141.75,1540.75,399,8,8,8,9522,0.0674836646686,883.43125,1422.64375,1000,1000,day_cluster_bootstrap_stability,mean_daily_journeys_in_native_hour,observed_days_for_this_station_metric_hour,same_station_metric_date_observed_hours_only,2026-07,journeys/day_at_native_hour,native_hour_local_departure_interpretation_unverified,False,False,observed,observed,2,2,mean_of_distinct_official_station_points_epsg3826,121.533059812,25.0522169966
TRTC:松江南京,松江南京,松江南京,metro_exits,15,weekend,1086.25,1110,1052.25,1379.5,327.25,8,8,8,8690,0.0634855241703,817.021875,1288.890625,1000,1000,day_cluster_bootstrap_stability,mean_daily_journeys_in_native_hour,observed_days_for_this_station_metric_hour,same_station_metric_date_observed_hours_only,2026-07,journeys/day_at_native_hour,native_hour_local_departure_interpretation_unverified,False,False,observed,observed,2,2,mean_of_distinct_official_station_points_epsg3826,121.533059812,25.0522169966
TRTC:松江南京,松江南京,松江南京,metro_exits,16,weekend,1210,1317.5,1112.75,1531.25,418.5,8,8,8,9680,0.0682011822953,882.965625,1450.903125,1000,1000,day_cluster_bootstrap_stability,mean_daily_journeys_in_native_hour,observed_days_for_this_station_metric_hour,same_station_metric_date_observed_hours_only,2026-07,journeys/day_at_native_hour,native_hour_local_departure_interpretation_unverified,False,False,observed,observed,2,2,mean_of_distinct_official_station_points_epsg3826,121.533059812,25.0522169966
TRTC:松江南京,松江南京,松江南京,metro_exits,17,weekend,1543.75,1492.5,1465.25,2023.5,558.25,8,8,8,12350,0.0875022759579,1150.58125,1871.465625,1000,1000,day_cluster_bootstrap_stability,mean_daily_journeys_in_native_hour,observed_days_for_this_station_metric_hour,same_station_metric_date_observed_hours_only,2026-07,journeys/day_at_native_hour,native_hour_local_departure_interpretation_unverified,False,False,observed,observed,2,2,mean_of_distinct_official_station_points_epsg3826,121.533059812,25.0522169966
TRTC:松江南京,松江南京,松江南京,metro_exits,18,weekend,1347.125,1345.5,1241.75,1758.25,516.5,8,8,8,10777,0.0779422765142,1015.55,1629.4375,1000,1000,day_cluster_bootstrap_stability,mean_daily_journeys_in_native_hour,observed_days_for_this_station_metric_hour,same_station_metric_date_observed_hours_only,2026-07,journeys/day_at_native_hour,native_hour_local_departure_interpretation_unverified,False,False,observed,observed,2,2,mean_of_distinct_official_station_points_epsg3826,121.533059812,25.0522169966
TRTC:松江南京,松江南京,松江南京,metro_exits,19,weekend,916.25,905.5,880.5,1172.5,292,8,8,8,7330,0.0542396657867,697.74375,1091.321875,1000,1000,day_cluster_bootstrap_stability,mean_daily_journeys_in_native_hour,observed_days_for_this_station_metric_hour,same_station_metric_date_observed_hours_only,2026-07,journeys/day_at_native_hour,native_hour_local_departure_interpretation_unverified,False,False,observed,observed,2,2,mean_of_distinct_official_station_points_epsg3826,121.533059812,25.0522169966
TRTC:松江南京,松江南京,松江南京,metro_exits,20,weekend,729.125,779.5,729,857.5,128.5,8,8,8,5833,0.0438962195852,556.746875,852.025,1000,1000,day_cluster_bootstrap_stability,mean_daily_journeys_in_native_hour,observed_days_for_this_station_metric_hour,same_station_metric_date_observed_hours_only,2026-07,journeys/day_at_native_hour,native_hour_local_departure_interpretation_unverified,False,False,observed,observed,2,2,mean_of_distinct_official_station_points_epsg3826,121.533059812,25.0522169966
TRTC:松江南京,松江南京,松江南京,metro_exits,21,weekend,749.75,733,708.5,895.5,187,8,8,8,5998,0.0439437301388,553.35625,918.759375,1000,1000,day_cluster_bootstrap_stability,mean_daily_journeys_in_native_hour,observed_days_for_this_station_metric_hour,same_station_metric_date_observed_hours_only,2026-07,journeys/day_at_native_hour,native_hour_local_departure_interpretation_unverified,False,False,observed,observed,2,2,mean_of_distinct_official_station_points_epsg3826,121.533059812,25.0522169966
TRTC:松江南京,松江南京,松江南京,metro_exits,22,weekend,550.125,534.5,450.25,744.75,294.5,8,8,8,4401,0.0332386429367,413.575,679.353125,1000,1000,day_cluster_bootstrap_stability,mean_daily_journeys_in_native_hour,observed_days_for_this_station_metric_hour,same_station_metric_date_observed_hours_only,2026-07,journeys/day_at_native_hour,native_hour_local_departure_interpretation_unverified,False,False,observed,observed,2,2,mean_of_distinct_official_station_points_epsg3826,121.533059812,25.0522169966
TRTC:松江南京,松江南京,松江南京,metro_exits,23,weekend,238.375,204.5,179.25,324,144.75,8,8,8,1907,0.014767778251,167.609375,306.890625,1000,1000,day_cluster_bootstrap_stability,mean_daily_journeys_in_native_hour,observed_days_for_this_station_metric_hour,same_station_metric_date_observed_hours_only,2026-07,journeys/day_at_native_hour,native_hour_local_departure_interpretation_unverified,False,False,observed,observed,2,2,mean_of_distinct_official_station_points_epsg3826,121.533059812,25.0522169966
TRTC:西門,西門,西門,metro_entries,0,weekend,921.375,838.5,734.75,1199.25,464.5,8,8,8,7371,0.0154942190445,697.6125,1141.43125,1000,1000,day_cluster_bootstrap_stability,mean_daily_journeys_in_native_hour,observed_days_for_this_station_metric_hour,same_station_metric_date_observed_hours_only,2026-07,journeys/day_at_native_hour,native_hour_local_departure_interpretation_unverified,False,False,observed,observed,1,1,mean_of_distinct_official_station_points_epsg3826,121.508487734,25.0422125971
TRTC:西門,西門,西門,metro_entries,1,weekend,39.875,39,24.5,55.25,30.75,8,8,8,319,0.00066156380592,27.871875,51.5,1000,1000,day_cluster_bootstrap_stability,mean_daily_journeys_in_native_hour,observed_days_for_this_station_metric_hour,same_station_metric_date_observed_hours_only,2026-07,journeys/day_at_native_hour,native_hour_local_departure_interpretation_unverified,False,False,observed,observed,1,1,mean_of_distinct_official_station_points_epsg3826,121.508487734,25.0422125971
TRTC:西門,西門,西門,metro_entries,5,weekend,2.625,3,1,4,3,8,8,8,21,4.40998997983e-05,1.496875,3.875,1000,1000,day_cluster_bootstrap_stability,mean_daily_journeys_in_native_hour,observed_days_for_this_station_metric_hour,same_station_metric_date_observed_hours_only,2026-07,journeys/day_at_native_hour,native_hour_local_departure_interpretation_unverified,False,False,observed,observed,1,1,mean_of_distinct_official_station_points_epsg3826,121.508487734,25.0422125971
TRTC:西門,西門,西門,metro_entries,6,weekend,565.75,616.5,566.5,639.5,73,8,8,8,4526,0.00963847141846,457.603125,643.015625,1000,1000,day_cluster_bootstrap_stability,mean_daily_journeys_in_native_hour,observed_days_for_this_station_metric_hour,same_station_metric_date_observed_hours_only,2026-07,journeys/day_at_native_hour,native_hour_local_departure_interpretation_unverified,False,False,observed,observed,1,1,mean_of_distinct_official_station_points_epsg3826,121.508487734,25.0422125971
TRTC:西門,西門,西門,metro_entries,7,weekend,764.75,847,785.25,876,90.75,8,8,8,6118,0.0120628540633,590.965625,883.40625,1000,1000,day_cluster_bootstrap_stability,mean_daily_journeys_in_native_hour,observed_days_for_this_station_metric_hour,same_station_metric_date_observed_hours_only,2026-07,journeys/day_at_native_hour,native_hour_local_departure_interpretation_unverified,False,False,observed,observed,1,1,mean_of_distinct_official_station_points_epsg3826,121.508487734,25.0422125971
TRTC:西門,西門,西門,metro_entries,8,weekend,1233.5,1318,1271,1463,192,8,8,8,9868,0.0183823598238,923.08125,1449.628125,1000,1000,day_cluster_bootstrap_stability,mean_daily_journeys_in_native_hour,observed_days_for_this_station_metric_hour,same_station_metric_date_observed_hours_only,2026-07,journeys/day_at_native_hour,native_hour_local_departure_interpretation_unverified,False,False,observed,observed,1,1,mean_of_distinct_official_station_points_epsg3826,121.508487734,25.0422125971
TRTC:西門,西門,西門,metro_entries,9,weekend,1884.125,2097,2025.5,2148,122.5,8,8,8,15073,0.0277939033613,1406.35625,2179.7625,1000,1000,day_cluster_bootstrap_stability,mean_daily_journeys_in_native_hour,observed_days_for_this_station_metric_hour,same_station_metric_date_observed_hours_only,2026-07,journeys/day_at_native_hour,native_hour_local_departure_interpretation_unverified,False,False,observed,observed,1,1,mean_of_distinct_official_station_points_epsg3826,121.508487734,25.0422125971
TRTC:西門,西門,西門,metro_entries,10,weekend,2531.25,2845.5,2725.5,2911.25,185.75,8,8,8,20250,0.0372554123876,1890.115625,2914.140625,1000,1000,day_cluster_bootstrap_stability,mean_daily_journeys_in_native_hour,observed_days_for_this_station_metric_hour,same_station_metric_date_observed_hours_only,2026-07,journeys/day_at_native_hour,native_hour_local_departure_interpretation_unverified,False,False,observed,observed,1,1,mean_of_distinct_official_station_points_epsg3826,121.508487734,25.0422125971
TRTC:西門,西門,西門,metro_entries,11,weekend,3135.25,3538,3308.75,3631.5,322.75,8,8,8,25082,0.0473149552886,2377.215625,3617.503125,1000,1000,day_cluster_bootstrap_stability,mean_daily_journeys_in_native_hour,observed_days_for_this_station_metric_hour,same_station_metric_date_observed_hours_only,2026-07,journeys/day_at_native_hour,native_hour_local_departure_interpretation_unverified,False,False,observed,observed,1,1,mean_of_distinct_official_station_points_epsg3826,121.508487734,25.0422125971
TRTC:西門,西門,西門,metro_entries,12,weekend,3352.5,3788,3405.25,3962,556.75,8,8,8,26820,0.0509409809936,2548.934375,3915.11875,1000,1000,day_cluster_bootstrap_stability,mean_daily_journeys_in_native_hour,observed_days_for_this_station_metric_hour,same_station_metric_date_observed_hours_only,2026-07,journeys/day_at_native_hour,native_hour_local_departure_interpretation_unverified,False,False,observed,observed,1,1,mean_of_distinct_official_station_points_epsg3826,121.508487734,25.0422125971
TRTC:西門,西門,西門,metro_entries,13,weekend,3976.25,4497.5,4197.5,4647.25,449.75,8,8,8,31810,0.060207776965,3015.7625,4583.909375,1000,1000,day_cluster_bootstrap_stability,mean_daily_journeys_in_native_hour,observed_days_for_this_station_metric_hour,same_station_metric_date_observed_hours_only,2026-07,journeys/day_at_native_hour,native_hour_local_departure_interpretation_unverified,False,False,observed,observed,1,1,mean_of_distinct_official_station_points_epsg3826,121.508487734,25.0422125971
TRTC:西門,西門,西門,metro_entries,14,weekend,4473.25,5064,4801.75,5086.25,284.5,8,8,8,35786,0.0677098108295,3390.2375,5107.38125,1000,1000,day_cluster_bootstrap_stability,mean_daily_journeys_in_native_hour,observed_days_for_this_station_metric_hour,same_station_metric_date_observed_hours_only,2026-07,journeys/day_at_native_hour,native_hour_local_departure_interpretation_unverified,False,False,observed,observed,1,1,mean_of_distinct_official_station_points_epsg3826,121.508487734,25.0422125971
TRTC:西門,西門,西門,metro_entries,15,weekend,4797.5,5365.5,5154.75,5526.75,372,8,8,8,38380,0.0721898182019,3622.0375,5477.259375,1000,1000,day_cluster_bootstrap_stability,mean_daily_journeys_in_native_hour,observed_days_for_this_station_metric_hour,same_station_metric_date_observed_hours_only,2026-07,journeys/day_at_native_hour,native_hour_local_departure_interpretation_unverified,False,False,observed,observed,1,1,mean_of_distinct_official_station_points_epsg3826,121.508487734,25.0422125971
TRTC:西門,西門,西門,metro_entries,16,weekend,5504.125,6102.5,5791.25,6364,572.75,8,8,8,44033,0.0823128425315,4121.740625,6334.3875,1000,1000,day_cluster_bootstrap_stability,mean_daily_journeys_in_native_hour,observed_days_for_this_station_metric_hour,same_station_metric_date_observed_hours_only,2026-07,journeys/day_at_native_hour,native_hour_local_departure_interpretation_unverified,False,False,observed,observed,1,1,mean_of_distinct_official_station_points_epsg3826,121.508487734,25.0422125971
TRTC:西門,西門,西門,metro_entries,17,weekend,6211.125,6618.5,6435.25,7563.25,1128,8,8,8,49689,0.0914149361325,4687.9875,7287.75625,1000,1000,day_cluster_bootstrap_stability,mean_daily_journeys_in_native_hour,observed_days_for_this_station_metric_hour,same_station_metric_date_observed_hours_only,2026-07,journeys/day_at_native_hour,native_hour_local_departure_interpretation_unverified,False,False,observed,observed,1,1,mean_of_distinct_official_station_points_epsg3826,121.508487734,25.0422125971
TRTC:西門,西門,西門,metro_entries,18,weekend,5692.5,6353,5982,6492.5,510.5,8,8,8,45540,0.0851988144754,4261.940625,6592.9625,1000,1000,day_cluster_bootstrap_stability,mean_daily_journeys_in_native_hour,observed_days_for_this_station_metric_hour,same_station_metric_date_observed_hours_only,2026-07,journeys/day_at_native_hour,native_hour_local_departure_interpretation_unverified,False,False,observed,observed,1,1,mean_of_distinct_official_station_points_epsg3826,121.508487734,25.0422125971
TRTC:西門,西門,西門,metro_entries,19,weekend,5116.5,5507,5247.5,6104.75,857.25,8,8,8,40932,0.0763945296303,3863.8875,5966.81875,1000,1000,day_cluster_bootstrap_stability,mean_daily_journeys_in_native_hour,observed_days_for_this_station_metric_hour,same_station_metric_date_observed_hours_only,2026-07,journeys/day_at_native_hour,native_hour_local_departure_interpretation_unverified,False,False,observed,observed,1,1,mean_of_distinct_official_station_points_epsg3826,121.508487734,25.0422125971
TRTC:西門,西門,西門,metro_entries,20,weekend,4782.75,5111.5,4936.75,5700,763.25,8,8,8,38262,0.0715698241851,3634.984375,5578.75,1000,1000,day_cluster_bootstrap_stability,mean_daily_journeys_in_native_hour,observed_days_for_this_station_metric_hour,same_station_metric_date_observed_hours_only,2026-07,journeys/day_at_native_hour,native_hour_local_departure_interpretation_unverified,False,False,observed,observed,1,1,mean_of_distinct_official_station_points_epsg3826,121.508487734,25.0422125971
TRTC:西門,西門,西門,metro_entries,21,weekend,5030.75,4788,4619,6138,1519,8,8,8,40246,0.0743864198831,3659.203125,6206.5,1000,1000,day_cluster_bootstrap_stability,mean_daily_journeys_in_native_hour,observed_days_for_this_station_metric_hour,same_station_metric_date_observed_hours_only,2026-07,journeys/day_at_native_hour,native_hour_local_departure_interpretation_unverified,False,False,observed,observed,1,1,mean_of_distinct_official_station_points_epsg3826,121.508487734,25.0422125971
TRTC:西門,西門,西門,metro_entries,22,weekend,4317,3866,3641.25,5533,1891.75,8,8,8,34536,0.0648423308286,3062.109375,5487.075,1000,1000,day_cluster_bootstrap_stability,mean_daily_journeys_in_native_hour,observed_days_for_this_station_metric_hour,same_station_metric_date_observed_hours_only,2026-07,journeys/day_at_native_hour,native_hour_local_departure_interpretation_unverified,False,False,observed,observed,1,1,mean_of_distinct_official_station_points_epsg3826,121.508487734,25.0422125971
TRTC:西門,西門,西門,metro_entries,23,weekend,2134.875,1877.5,1674.25,2793.25,1119,8,8,8,17079,0.0341840762504,1572.7375,2710.8125,1000,1000,day_cluster_bootstrap_stability,mean_daily_journeys_in_native_hour,observed_days_for_this_station_metric_hour,same_station_metric_date_observed_hours_only,2026-07,journeys/day_at_native_hour,native_hour_local_departure_interpretation_unverified,False,False,observed,observed,1,1,mean_of_distinct_official_station_points_epsg3826,121.508487734,25.0422125971
TRTC:西門,西門,西門,metro_exits,0,weekend,558.875,434.5,277.5,563.75,286.25,8,8,8,4471,0.00925947895162,322.915625,902.25625,1000,1000,day_cluster_bootstrap_stability,mean_daily_journeys_in_native_hour,observed_days_for_this_station_metric_hour,same_station_metric_date_observed_hours_only,2026-07,journeys/day_at_native_hour,native_hour_local_departure_interpretation_unverified,False,False,observed,observed,1,1,mean_of_distinct_official_station_points_epsg3826,121.508487734,25.0422125971
TRTC:西門,西門,西門,metro_exits,1,weekend,0,0,0,0,0,8,8,8,0,0,0,0,1000,1000,day_cluster_bootstrap_stability,mean_daily_journeys_in_native_hour,observed_days_for_this_station_metric_hour,same_station_metric_date_observed_hours_only,2026-07,journeys/day_at_native_hour,native_hour_local_departure_interpretation_unverified,False,False,observed,observed,1,1,mean_of_distinct_official_station_points_epsg3826,121.508487734,25.0422125971
TRTC:西門,西門,西門,metro_exits,5,weekend,2.625,3,1,4,3,8,8,8,21,4.25727993155e-05,1.496875,3.875,1000,1000,day_cluster_bootstrap_stability,mean_daily_journeys_in_native_hour,observed_days_for_this_station_metric_hour,same_station_metric_date_observed_hours_only,2026-07,journeys/day_at_native_hour,native_hour_local_departure_interpretation_unverified,False,False,observed,observed,1,1,mean_of_distinct_official_station_points_epsg3826,121.508487734,25.0422125971
TRTC:西門,西門,西門,metro_exits,6,weekend,312.625,326,307.25,362,54.75,8,8,8,2501,0.00525561721301,257.990625,358.128125,1000,1000,day_cluster_bootstrap_stability,mean_daily_journeys_in_native_hour,observed_days_for_this_station_metric_hour,same_station_metric_date_observed_hours_only,2026-07,journeys/day_at_native_hour,native_hour_local_departure_interpretation_unverified,False,False,observed,observed,1,1,mean_of_distinct_official_station_points_epsg3826,121.508487734,25.0422125971
TRTC:西門,西門,西門,metro_exits,7,weekend,724.875,734.5,691.5,887.5,196,8,8,8,5799,0.0113067598043,568.865625,852.384375,1000,1000,day_cluster_bootstrap_stability,mean_daily_journeys_in_native_hour,observed_days_for_this_station_metric_hour,same_station_metric_date_observed_hours_only,2026-07,journeys/day_at_native_hour,native_hour_local_departure_interpretation_unverified,False,False,observed,observed,1,1,mean_of_distinct_official_station_points_epsg3826,121.508487734,25.0422125971
TRTC:西門,西門,西門,metro_exits,8,weekend,1540.75,1646,1560.25,1875,314.75,8,8,8,12326,0.021937943642,1143.284375,1820.509375,1000,1000,day_cluster_bootstrap_stability,mean_daily_journeys_in_native_hour,observed_days_for_this_station_metric_hour,same_station_metric_date_observed_hours_only,2026-07,journeys/day_at_native_hour,native_hour_local_departure_interpretation_unverified,False,False,observed,observed,1,1,mean_of_distinct_official_station_points_epsg3826,121.508487734,25.0422125971
TRTC:西門,西門,西門,metro_exits,9,weekend,1936.375,2130,1969.25,2225,255.75,8,8,8,15491,0.0276423225827,1430.871875,2291.18125,1000,1000,day_cluster_bootstrap_stability,mean_daily_journeys_in_native_hour,observed_days_for_this_station_metric_hour,same_station_metric_date_observed_hours_only,2026-07,journeys/day_at_native_hour,native_hour_local_departure_interpretation_unverified,False,False,observed,observed,1,1,mean_of_distinct_official_station_points_epsg3826,121.508487734,25.0422125971
TRTC:西門,西門,西門,metro_exits,10,weekend,2920.125,3192.5,2911.75,3453.75,542,8,8,8,23361,0.0415177987483,2135.984375,3467.05625,1000,1000,day_cluster_bootstrap_stability,mean_daily_journeys_in_native_hour,observed_days_for_this_station_metric_hour,same_station_metric_date_observed_hours_only,2026-07,journeys/day_at_native_hour,native_hour_local_departure_interpretation_unverified,False,False,observed,observed,1,1,mean_of_distinct_official_station_points_epsg3826,121.508487734,25.0422125971
TRTC:西門,西門,西門,metro_exits,11,weekend,4636,5208.5,4776.5,5519.5,743,8,8,8,37088,0.066592078255,3424.490625,5415.8,1000,1000,day_cluster_bootstrap_stability,mean_daily_journeys_in_native_hour,observed_days_for_this_station_metric_hour,same_station_metric_date_observed_hours_only,2026-07,journeys/day_at_native_hour,native_hour_local_departure_interpretation_unverified,False,False,observed,observed,1,1,mean_of_distinct_official_station_points_epsg3826,121.508487734,25.0422125971
TRTC:西門,西門,西門,metro_exits,12,weekend,5168.5,5735.5,5355.75,6035.25,679.5,8,8,8,41348,0.0750470609548,3842.090625,5974.41875,1000,1000,day_cluster_bootstrap_stability,mean_daily_journeys_in_native_hour,observed_days_for_this_station_metric_hour,same_station_metric_date_observed_hours_only,2026-07,journeys/day_at_native_hour,native_hour_local_departure_interpretation_unverified,False,False,observed,observed,1,1,mean_of_distinct_official_station_points_epsg3826,121.508487734,25.0422125971
TRTC:西門,西門,西門,metro_exits,13,weekend,5873.125,6518,6200.75,6721.25,520.5,8,8,8,46985,0.0858818085829,4397.103125,6761.25,1000,1000,day_cluster_bootstrap_stability,mean_daily_journeys_in_native_hour,observed_days_for_this_station_metric_hour,same_station_metric_date_observed_hours_only,2026-07,journeys/day_at_native_hour,native_hour_local_departure_interpretation_unverified,False,False,observed,observed,1,1,mean_of_distinct_official_station_points_epsg3826,121.508487734,25.0422125971
TRTC:西門,西門,西門,metro_exits,14,weekend,5539.5,6041,5807.75,6489,681.25,8,8,8,44316,0.0823928343469,4190.8125,6351.609375,1000,1000,day_cluster_bootstrap_stability,mean_daily_journeys_in_native_hour,observed_days_for_this_station_metric_hour,same_station_metric_date_observed_hours_only,2026-07,journeys/day_at_native_hour,native_hour_local_departure_interpretation_unverified,False,False,observed,observed,1,1,mean_of_distinct_official_station_points_epsg3826,121.508487734,25.0422125971
TRTC:西門,西門,西門,metro_exits,15,weekend,5693.875,6177,5995,6621.75,626.75,8,8,8,45551,0.0838591032283,4304.934375,6603.7125,1000,1000,day_cluster_bootstrap_stability,mean_daily_journeys_in_native_hour,observed_days_for_this_station_metric_hour,same_station_metric_date_observed_hours_only,2026-07,journeys/day_at_native_hour,native_hour_local_departure_interpretation_unverified,False,False,observed,observed,1,1,mean_of_distinct_official_station_points_epsg3826,121.508487734,25.0422125971
TRTC:西門,西門,西門,metro_exits,16,weekend,5871.75,6330.5,5879,6856.5,977.5,8,8,8,46974,0.0861328586415,4382.390625,6895.125,1000,1000,day_cluster_bootstrap_stability,mean_daily_journeys_in_native_hour,observed_days_for_this_station_metric_hour,same_station_metric_date_observed_hours_only,2026-07,journeys/day_at_native_hour,native_hour_local_departure_interpretation_unverified,False,False,observed,observed,1,1,mean_of_distinct_official_station_points_epsg3826,121.508487734,25.0422125971
TRTC:西門,西門,西門,metro_exits,17,weekend,6367.125,6780,5805.5,7702.5,1897,8,8,8,50937,0.0929740195017,4799.68125,7706.625,1000,1000,day_cluster_bootstrap_stability,mean_daily_journeys_in_native_hour,observed_days_for_this_station_metric_hour,same_station_metric_date_observed_hours_only,2026-07,journeys/day_at_native_hour,native_hour_local_departure_interpretation_unverified,False,False,observed,observed,1,1,mean_of_distinct_official_station_points_epsg3826,121.508487734,25.0422125971
TRTC:西門,西門,西門,metro_exits,18,weekend,5603.5,5551.5,5252,6861,1609,8,8,8,44828,0.0833255225368,4254.571875,6809.2625,1000,1000,day_cluster_bootstrap_stability,mean_daily_journeys_in_native_hour,observed_days_for_this_station_metric_hour,same_station_metric_date_observed_hours_only,2026-07,journeys/day_at_native_hour,native_hour_local_departure_interpretation_unverified,False,False,observed,observed,1,1,mean_of_distinct_official_station_points_epsg3826,121.508487734,25.0422125971
TRTC:西門,西門,西門,metro_exits,19,weekend,4436.5,4388.5,4025.5,5659.25,1633.75,8,8,8,35492,0.0686026031539,3437.540625,5292.8,1000,1000,day_cluster_bootstrap_stability,mean_daily_journeys_in_native_hour,observed_days_for_this_station_metric_hour,same_station_metric_date_observed_hours_only,2026-07,journeys/day_at_native_hour,native_hour_local_departure_interpretation_unverified,False,False,observed,observed,1,1,mean_of_distinct_official_station_points_epsg3826,121.508487734,25.0422125971
TRTC:西門,西門,西門,metro_exits,20,weekend,3624.375,3630.5,3191,4658,1467,8,8,8,28995,0.0548520665025,2778.86875,4375.896875,1000,1000,day_cluster_bootstrap_stability,mean_daily_journeys_in_native_hour,observed_days_for_this_station_metric_hour,same_station_metric_date_observed_hours_only,2026-07,journeys/day_at_native_hour,native_hour_local_departure_interpretation_unverified,False,False,observed,observed,1,1,mean_of_distinct_official_station_points_epsg3826,121.508487734,25.0422125971
TRTC:西門,西門,西門,metro_exits,21,weekend,3302.625,3199,2956,4194.25,1238.25,8,8,8,26421,0.0508397748381,2535.04375,4008.478125,1000,1000,day_cluster_bootstrap_stability,mean_daily_journeys_in_native_hour,observed_days_for_this_station_metric_hour,same_station_metric_date_observed_hours_only,2026-07,journeys/day_at_native_hour,native_hour_local_departure_interpretation_unverified,False,False,observed,observed,1,1,mean_of_distinct_official_station_points_epsg3826,121.508487734,25.0422125971
TRTC:西門,西門,西門,metro_exits,22,weekend,2337.125,2353.5,1834,3128.75,1294.75,8,8,8,18697,0.0354299310436,1721.721875,2923.309375,1000,1000,day_cluster_bootstrap_stability,mean_daily_journeys_in_native_hour,observed_days_for_this_station_metric_hour,same_station_metric_date_observed_hours_only,2026-07,journeys/day_at_native_hour,native_hour_local_departure_interpretation_unverified,False,False,observed,observed,1,1,mean_of_distinct_official_station_points_epsg3826,121.508487734,25.0422125971
TRTC:西門,西門,西門,metro_exits,23,weekend,1033,867,784.5,1374,589.5,8,8,8,8264,0.0171078446727,750.19375,1323.525,1000,1000,day_cluster_bootstrap_stability,mean_daily_journeys_in_native_hour,observed_days_for_this_station_metric_hour,same_station_metric_date_observed_hours_only,2026-07,journeys/day_at_native_hour,native_hour_local_departure_interpretation_unverified,False,False,observed,observed,1,1,mean_of_distinct_official_station_points_epsg3826,121.508487734,25.0422125971
